accident_id,datetime,annee,mois,jour,heure,minute,departement,commune_insee,adresse,latitude,longitude,luminosite,agglomeration,intersection,meteo,collision,nb_vehicules,nb_usagers,nb_indemnes,nb_tues,nb_blesses_hosp,nb_blesses_legers,age_cond_1,age_cond_2,veh_type_cond_1,veh_type_cond_2,lum_code,agg_code,int_code,atm_code,col_code
201000000264,0010-01-19 16:30:00,10,1,19,16,30,620,281,,,,Plein jour,Hors agglomération,Hors intersection,Normale,Deux véhicules - frontale,,,,,,,,,,,1,1,1,1.0,1.0
201000000265,0010-03-11 13:15:00,10,3,11,13,15,620,448,carrefour RD240/RD901,50.669,1.68,Plein jour,En agglomération,Hors intersection,Normale,Deux véhicules - côté,,,,,,,,,,,1,2,1,1.0,3.0
201000000266,0010-03-20 01:30:00,10,3,20,1,30,620,446,Route de pont de brique,50.665,1.664,Nuit sans éclairage public,En agglomération,Hors intersection,Normale,Autre collision,,,,,,,,,,,3,2,1,1.0,6.0
201000000267,0010-05-23 18:45:00,10,5,23,18,45,620,429,,,,Plein jour,Hors agglomération,Hors intersection,Normale,Autre collision,,,,,,,,,,,1,1,1,1.0,6.0
201000000268,0010-09-02 15:15:00,10,9,2,15,15,620,789,chaussée Brunehaut,,,Plein jour,En agglomération,Hors intersection,Normale,Deux véhicules - arrière,,,,,,,,,,,1,2,1,1.0,2.0
201000000269,0010-09-04 20:00:00,10,9,4,20,0,620,566,intersectio D204 et D215,50.676,1.85,Plein jour,En agglomération,Intersection en T,Normale,Deux véhicules - côté,,,,,,,,,,,1,2,3,1.0,3.0
201000000270,0010-09-11 15:30:00,10,9,11,15,30,620,653,,,,Plein jour,Hors agglomération,Hors intersection,Normale,Deux véhicules - frontale,,,,,,,,,,,1,1,1,1.0,1.0
201000000271,0010-09-22 10:30:00,10,9,22,10,30,620,896,,50.687,1.754,Plein jour,Hors agglomération,Autre intersection,Normale,Deux véhicules - côté,,,,,,,,,,,1,1,9,1.0,3.0
201000000272,0010-10-14 07:15:00,10,10,14,7,15,620,214,,,,Nuit sans éclairage public,Hors agglomération,Intersection en T,Normale,Deux véhicules - frontale,,,,,,,,,,,3,1,3,1.0,1.0
201000000273,0010-11-07 12:45:00,10,11,7,12,45,620,75,,,,Plein jour,Hors agglomération,Hors intersection,Pluie légère,Deux véhicules - frontale,,,,,,,,,,,1,1,1,2.0,1.0
201000000274,0010-11-27 21:45:00,10,11,27,21,45,620,524,Rue Jean Jaurés,50.662,1.827,Nuit avec éclairage allumé,En agglomération,Hors intersection,Normale,Sans collision,,,,,,,,,,,5,2,1,1.0,7.0
201000000275,0010-02-27 22:30:00,10,2,27,22,30,620,705,,50.813,1.783,Nuit sans éclairage public,Hors agglomération,Hors intersection,Temps couvert,Sans collision,,,,,,,,,,,3,1,1,8.0,7.0
201000000276,0010-01-30 23:00:00,10,1,30,23,0,620,235,RD 113E6,50.646,1.623,Nuit sans éclairage public,En agglomération,Hors intersection,Autre,Deux véhicules - frontale,,,,,,,,,,,3,2,1,9.0,1.0
201000000277,0010-04-23 14:45:00,10,4,23,14,45,620,604,rue francois 1er,50.638,1.609,Plein jour,En agglomération,Hors intersection,Normale,Deux véhicules - frontale,,,,,,,,,,,1,2,1,1.0,1.0
201000000278,0010-07-23 16:45:00,10,7,23,16,45,620,474,route nationale 1,50.676,1.659,Plein jour,En agglomération,Hors intersection,Normale,Autre collision,,,,,,,,,,,1,2,1,1.0,6.0
201000000279,0010-12-11 05:45:00,10,12,11,5,45,620,746,,50.687,1.619,Nuit sans éclairage public,Hors agglomération,Hors intersection,Normale,Deux véhicules - frontale,,,,,,,,,,,3,1,1,1.0,1.0
201000000280,0010-07-20 20:30:00,10,7,20,20,30,620,397,Place d'ANGERVILLE,,,Plein jour,En agglomération,Place,Normale,Autre collision,,,,,,,,,,,1,2,7,1.0,6.0
201000000281,0010-08-03 20:15:00,10,8,3,20,15,620,397,,,,Crépuscule ou aube,Hors agglomération,Hors intersection,Normale,Deux véhicules - frontale,,,,,,,,,,,2,1,1,1.0,1.0
201000000282,0010-07-13 18:15:00,10,7,13,18,15,620,443,,,,Plein jour,Hors agglomération,Hors intersection,Normale,Deux véhicules - frontale,,,,,,,,,,,1,1,1,1.0,1.0
201000000283,0010-09-28 20:00:00,10,9,28,20,0,620,443,02 rue Arthur LAMENDIN,,,Nuit avec éclairage allumé,En agglomération,Hors intersection,Normale,Deux véhicules - frontale,,,,,,,,,,,5,2,1,1.0,1.0
201000000284,0010-11-25 15:30:00,10,11,25,15,30,620,443,,,,Plein jour,Hors agglomération,Hors intersection,Normale,Autre collision,,,,,,,,,,,1,1,1,1.0,6.0
201000000285,0010-03-05 14:00:00,10,3,5,14,0,620,21,,,,Plein jour,Hors agglomération,Hors intersection,Normale,Deux véhicules - frontale,,,,,,,,,,,1,1,1,1.0,1.0
201000000286,0010-03-25 03:30:00,10,3,25,3,30,620,207,,50.44,1.738,Nuit sans éclairage public,Hors agglomération,Giratoire,Normale,Sans collision,,,,,,,,,,,3,1,6,1.0,7.0
201000000287,0010-04-17 16:45:00,10,4,17,16,45,620,44,RN 939 carrefour CD 113,,,Plein jour,En agglomération,Hors intersection,Normale,Deux véhicules - côté,,,,,,,,,,,1,2,1,1.0,3.0
201000000288,0010-05-04 17:45:00,10,5,4,17,45,620,207,,50.455,1.748,Plein jour,Hors agglomération,Intersection en X,Normale,Deux véhicules - côté,,,,,,,,,,,1,1,2,1.0,3.0
201000000289,0010-05-16 12:15:00,10,5,16,12,15,620,870,,,,Plein jour,Hors agglomération,Hors intersection,Normale,Deux véhicules - côté,,,,,,,,,,,1,1,1,1.0,3.0
201000000290,0010-09-18 15:00:00,10,9,18,15,0,620,610,,50.484,1.774,Plein jour,Hors agglomération,Intersection en X,Normale,Deux véhicules - côté,,,,,,,,,,,1,1,2,1.0,3.0
201000000291,0010-10-10 17:15:00,10,10,10,17,15,620,463,,50.576,1.906,Plein jour,Hors agglomération,Intersection en Y,Normale,Deux véhicules - frontale,,,,,,,,,,,1,1,4,1.0,1.0
201000000292,0010-10-24 15:15:00,10,10,24,15,15,620,302,rue principale,50.587,1.984,Plein jour,En agglomération,Hors intersection,Normale,Deux véhicules - frontale,,,,,,,,,,,1,2,1,1.0,1.0
201000000293,0010-03-15 21:30:00,10,3,15,21,30,620,318,,,,Nuit sans éclairage public,Hors agglomération,Hors intersection,Normale,Deux véhicules - frontale,,,,,,,,,,,3,1,1,1.0,1.0
201000000294,0010-08-07 17:45:00,10,8,7,17,45,620,318,ruelle o billet,,,Plein jour,En agglomération,Hors intersection,Normale,Autre collision,,,,,,,,,,,1,2,1,1.0,6.0
201000000295,0010-10-13 13:00:00,10,10,13,13,0,620,241,,50.559,1.756,Plein jour,Hors agglomération,Hors intersection,Normale,Autre collision,,,,,,,,,,,1,1,1,1.0,6.0
201000000296,0010-11-16 02:00:00,10,11,16,2,0,620,318,av. François Mitterand,50.525,1.64,Nuit avec éclairage allumé,En agglomération,Hors intersection,Normale,Autre collision,,,,,,,,,,,5,2,1,1.0,6.0
201000000297,0010-01-31 15:30:00,10,1,31,15,30,620,843,,50.486,2.183,Plein jour,Hors agglomération,Autre intersection,Normale,Deux véhicules - frontale,,,,,,,,,,,1,1,9,1.0,1.0
201000000298,0010-02-08 07:30:00,10,2,8,7,30,620,549,,50.366,2.024,Nuit sans éclairage public,Hors agglomération,Hors intersection,Pluie légère,Autre collision,,,,,,,,,,,3,1,1,2.0,6.0
201000000299,0010-03-16 12:30:00,10,3,16,12,30,620,690,,50.307,1.964,Plein jour,Hors agglomération,Hors intersection,Normale,Autre collision,,,,,,,,,,,1,1,1,1.0,6.0
201000000300,0010-04-19 12:15:00,10,4,19,12,15,620,461,,50.394,2.049,Plein jour,Hors agglomération,Hors intersection,Normale,Autre collision,,,,,,,,,,,1,1,1,1.0,6.0
201000000301,0010-04-25 16:30:00,10,4,25,16,30,620,871,Rue Principale,50.437,2.035,Plein jour,En agglomération,Hors intersection,Temps éblouissant,Autre collision,,,,,,,,,,,1,2,1,7.0,6.0
201000000302,0010-04-25 15:00:00,10,4,25,15,0,620,549,,50.367,2.011,Plein jour,Hors agglomération,Autre intersection,Normale,Autre collision,,,,,,,,,,,1,1,9,1.0,6.0
201000000303,0010-06-27 18:45:00,10,6,27,18,45,620,382,,,,Plein jour,Hors agglomération,Hors intersection,Normale,Deux véhicules - côté,,,,,,,,,,,1,1,1,1.0,3.0
201000000304,0010-07-01 23:45:00,10,7,1,23,45,620,549,,,,Nuit sans éclairage public,Hors agglomération,Hors intersection,Normale,Deux véhicules - frontale,,,,,,,,,,,3,1,1,1.0,1.0
201000000305,0010-07-10 20:30:00,10,7,10,20,30,620,257,,,,Plein jour,Hors agglomération,Hors intersection,Normale,Autre collision,,,,,,,,,,,1,1,1,1.0,6.0
201000000306,0010-07-10 14:00:00,10,7,10,14,0,620,743,,,,Plein jour,Hors agglomération,Hors intersection,Normale,Deux véhicules - côté,,,,,,,,,,,1,1,1,1.0,3.0
201000000307,0010-07-11 16:15:00,10,7,11,16,15,620,552,rue de Montreuil,50.414,1.923,Plein jour,En agglomération,Hors intersection,Normale,Deux véhicules - arrière,,,,,,,,,,,1,2,1,1.0,2.0
201000000308,0010-07-21 18:00:00,10,7,21,18,0,620,177,,50.43,1.817,Plein jour,Hors agglomération,Intersection en X,Pluie forte,Deux véhicules - côté,,,,,,,,,,,1,1,2,3.0,3.0
201000000309,0010-07-27 10:30:00,10,7,27,10,30,620,364,Rue Maréchal Leclerc,,,Plein jour,En agglomération,Hors intersection,Normale,Deux véhicules - arrière,,,,,,,,,,,1,2,1,1.0,2.0
201000000310,0010-08-21 08:00:00,10,8,21,8,0,620,661,route nationale,50.385,1.994,Plein jour,En agglomération,Hors intersection,Normale,Deux véhicules - arrière,,,,,,,,,,,1,2,1,1.0,2.0
201000000311,0010-09-02 23:45:00,10,9,2,23,45,620,824,rue de dommartin,,,Nuit sans éclairage public,En agglomération,Hors intersection,Normale,Sans collision,,,,,,,,,,,3,2,1,1.0,7.0
201000000312,0010-09-09 12:00:00,10,9,9,12,0,620,549,,,,Plein jour,En agglomération,Hors intersection,Normale,Autre collision,,,,,,,,,,,1,2,1,1.0,6.0
201000000313,0010-09-06 13:00:00,10,9,6,13,0,620,220,rue principale,,,Plein jour,En agglomération,Hors intersection,Normale,Deux véhicules - côté,,,,,,,,,,,1,2,1,1.0,3.0
201000000314,0010-10-16 14:15:00,10,10,16,14,15,620,843,,,,Plein jour,Hors agglomération,Intersection en X,Normale,Deux véhicules - côté,,,,,,,,,,,1,1,2,1.0,3.0
201000000315,0010-10-26 16:00:00,10,10,26,16,0,620,359,,,,Plein jour,Hors agglomération,Hors intersection,Pluie légère,Sans collision,,,,,,,,,,,1,1,1,2.0,7.0
201000000316,0010-11-13 13:15:00,10,11,13,13,15,620,461,,,,Plein jour,Hors agglomération,Hors intersection,Pluie forte,Deux véhicules - côté,,,,,,,,,,,1,1,1,3.0,3.0
201000000317,0010-01-23 13:45:00,10,1,23,13,45,620,14,rue du bourg,50.644,2.397,Plein jour,En agglomération,Hors intersection,Pluie légère,Deux véhicules - côté,,,,,,,,,,,1,2,1,2.0,3.0
201000000318,0010-03-13 16:00:00,10,3,13,16,0,620,14,rue de la TOUR BLANCHE,,,Plein jour,En agglomération,Hors intersection,Normale,Deux véhicules - frontale,,,,,,,,,,,1,2,1,1.0,1.0
201000000319,0010-04-16 06:15:00,10,4,16,6,15,620,875,RD 190,50.695,2.336,Crépuscule ou aube,En agglomération,Hors intersection,Normale,Autre collision,,,,,,,,,,,2,2,1,1.0,6.0
201000000320,0010-05-09 12:45:00,10,5,9,12,45,620,14,bd de gaulle,50.646,2.402,Plein jour,En agglomération,Hors intersection,Normale,Autre collision,,,,,,,,,,,1,2,1,1.0,6.0
201000000321,0010-07-10 19:45:00,10,7,10,19,45,620,811,rue de ST OMER,,,Plein jour,En agglomération,Hors intersection,Normale,Deux véhicules - frontale,,,,,,,,,,,1,2,1,1.0,1.0
201000000322,0010-07-11 06:30:00,10,7,11,6,30,620,14,"CD194,  GRANDNEUFPRE",,,Crépuscule ou aube,En agglomération,Hors intersection,Normale,Autre collision,,,,,,,,,,,2,2,1,1.0,6.0
201000000323,0010-08-03 20:30:00,10,8,3,20,30,620,681,,50.687,2.326,Plein jour,Hors agglomération,Autre intersection,Normale,Deux véhicules - côté,,,,,,,,,,,1,1,9,1.0,3.0
201000000324,0010-08-28 22:00:00,10,8,28,22,0,620,14,,50.638,2.264,Nuit avec éclairage non allumé,En agglomération,Hors intersection,Normale,Deux véhicules - frontale,,,,,,,,,,,4,2,1,1.0,1.0
201000000325,0010-10-04 10:30:00,10,10,4,10,30,620,811,,50.637,2.272,Plein jour,Hors agglomération,Hors intersection,Normale,Deux véhicules - frontale,,,,,,,,,,,1,1,1,1.0,1.0
201000000326,0010-01-04 19:30:00,10,1,4,19,30,620,87,,50.807,2.109,Nuit sans éclairage public,Hors agglomération,Hors intersection,Neige / grêle,Deux véhicules - arrière,,,,,,,,,,,3,1,1,4.0,2.0
201000000327,0010-01-23 09:45:00,10,1,23,9,45,620,692,,50.757,1.957,Nuit sans éclairage public,Hors agglomération,Intersection en X,Temps couvert,Deux véhicules - côté,,,,,,,,,,,3,1,2,8.0,3.0
201000000328,0010-01-30 22:15:00,10,1,30,22,15,620,904,,50.831,2.053,Nuit sans éclairage public,Hors agglomération,Hors intersection,Normale,Deux véhicules - arrière,,,,,,,,,,,3,1,1,1.0,2.0
201000000329,0010-02-24 13:30:00,10,2,24,13,30,620,38,Avenue du Lac,50.878,1.974,Plein jour,En agglomération,Hors intersection,Normale,Sans collision,,,,,,,,,,,1,2,1,1.0,7.0
201000000330,0010-02-27 13:30:00,10,2,27,13,30,620,174,,50.834,1.949,Plein jour,Hors agglomération,Hors intersection,Normale,Sans collision,,,,,,,,,,,1,1,1,1.0,7.0
201000000331,0010-04-27 12:45:00,10,4,27,12,45,620,748,,50.907,2.128,Plein jour,Hors agglomération,Hors intersection,Normale,Deux véhicules - frontale,,,,,,,,,,,1,1,1,1.0,1.0
201000000332,0010-07-24 22:30:00,10,7,24,22,30,620,730,1198  ROUTE D AUDRUICQ,50.862,2.153,Nuit sans éclairage public,En agglomération,Hors intersection,Normale,Deux véhicules - arrière,,,,,,,,,,,3,2,1,1.0,2.0
201000000333,0010-08-04 20:15:00,10,8,4,20,15,620,57,Rue d'Ostove,50.874,2.089,Plein jour,En agglomération,Hors intersection,Pluie forte,Autre collision,,,,,,,,,,,1,2,1,3.0,6.0
201000000334,0010-09-11 14:15:00,10,9,11,14,15,620,645,,50.994,2.091,Plein jour,Hors agglomération,Hors intersection,Normale,Deux véhicules - frontale,,,,,,,,,,,1,1,1,1.0,1.0
201000000335,0010-10-18 13:15:00,10,10,18,13,15,620,645,Avenue Paul Machy,50.982,2.045,Plein jour,En agglomération,Hors intersection,Normale,Autre collision,,,,,,,,,,,1,2,1,1.0,6.0
201000000336,0010-11-12 11:15:00,10,11,12,11,15,620,57,,50.898,2.072,Plein jour,Hors agglomération,Hors intersection,Normale,Trois véhicules et plus - collisions multiples,,,,,,,,,,,1,1,1,1.0,5.0
201000000337,0010-12-05 00:15:00,10,12,5,0,15,620,57,rue du général LECLERCQ,50.881,2.07799,Nuit avec éclairage non allumé,En agglomération,Hors intersection,Pluie légère,Autre collision,,,,,,,,,,,4,2,1,2.0,6.0
201000000338,0010-12-26 22:45:00,10,12,26,22,45,620,852,,50.918,2.061,Nuit sans éclairage public,Hors agglomération,Hors intersection,Normale,Sans collision,,,,,,,,,,,3,1,1,1.0,7.0
201000000339,0010-02-06 13:30:00,10,2,6,13,30,620,294,LA PLACE,50.611,2.273,Plein jour,En agglomération,Place,Normale,Deux véhicules - côté,,,,,,,,,,,1,2,7,1.0,3.0
201000000340,0010-04-17 22:45:00,10,4,17,22,45,620,704,,50.607,2.061,Nuit sans éclairage public,Hors agglomération,Hors intersection,Normale,Autre collision,,,,,,,,,,,3,1,1,1.0,6.0
201000000341,0010-04-27 07:30:00,10,4,27,7,30,620,325,Rue Jonnart,50.603,2.09399,Plein jour,En agglomération,Hors intersection,Normale,Deux véhicules - côté,,,,,,,,,,,1,2,1,1.0,3.0
201000000342,0010-06-15 19:00:00,10,6,15,19,0,620,485,,50.531,2.267,Plein jour,Hors agglomération,Hors intersection,Normale,Deux véhicules - frontale,,,,,,,,,,,1,1,1,1.0,1.0
201000000343,0010-06-16 19:30:00,10,6,16,19,30,620,485,,,,Plein jour,Hors agglomération,Intersection en X,Normale,Deux véhicules - côté,,,,,,,,,,,1,1,2,1.0,3.0
201000000344,0010-06-20 00:30:00,10,6,20,0,30,620,265,,,,Nuit sans éclairage public,Hors agglomération,Hors intersection,Pluie légère,Autre collision,,,,,,,,,,,3,1,1,2.0,6.0
201000000345,0010-11-06 22:00:00,10,11,6,22,0,620,696,,50.569,2.185,Nuit sans éclairage public,Hors agglomération,Hors intersection,Normale,Sans collision,,,,,,,,,,,3,1,1,1.0,7.0
201000000346,0010-12-29 16:00:00,10,12,29,16,0,620,229,,50.668,2.189,Crépuscule ou aube,Hors agglomération,Autre intersection,Brouillard / fumée,Trois véhicules et plus - en chaîne,,,,,,,,,,,2,1,9,5.0,4.0
201000000347,0010-02-10 08:15:00,10,2,10,8,15,620,534,,50.728,2.2,Plein jour,Hors agglomération,Hors intersection,Neige / grêle,Deux véhicules - frontale,,,,,,,,,,,1,1,1,4.0,1.0
201000000348,0010-04-02 15:00:00,10,4,2,15,0,620,495,,50.647,1.982,Plein jour,Hors agglomération,Hors intersection,Pluie légère,Deux véhicules - côté,,,,,,,,,,,1,1,1,2.0,3.0
201000000349,0010-04-10 16:45:00,10,4,10,16,45,620,882,,50.691,2.13,Plein jour,En agglomération,Hors intersection,Normale,Deux véhicules - frontale,,,,,,,,,,,1,2,1,1.0,1.0
201000000350,0010-05-17 23:15:00,10,5,17,23,15,620,702,"RD192, hameau de créhem",,,Nuit sans éclairage public,En agglomération,Hors intersection,Normale,Autre collision,,,,,,,,,,,3,2,1,1.0,6.0
201000000351,0010-05-23 14:45:00,10,5,23,14,45,620,644,chaussée Brunehaut,50.652,2.137,Plein jour,En agglomération,Hors intersection,Normale,Trois véhicules et plus - collisions multiples,,,,,,,,,,,1,2,1,1.0,5.0
201000000352,0010-08-01 11:00:00,10,8,1,11,0,620,309,CHEMIN COMMUNAL LONVAL,,,Plein jour,En agglomération,Autre intersection,Normale,Deux véhicules - frontale,,,,,,,,,,,1,2,9,1.0,1.0
201000000353,0010-10-04 08:30:00,10,10,4,8,30,620,837,,50.654,2.036,Plein jour,Hors agglomération,Hors intersection,Temps couvert,Sans collision,,,,,,,,,,,1,1,1,8.0,7.0
201000000354,0010-10-15 19:45:00,10,10,15,19,45,620,905,,50.76,2.164,Nuit sans éclairage public,Hors agglomération,Hors intersection,Pluie légère,Deux véhicules - côté,,,,,,,,,,,3,1,1,2.0,3.0
201000000355,0010-12-05 01:00:00,10,12,5,1,0,620,837,,50.649,2.044,Nuit sans éclairage public,Hors agglomération,Hors intersection,Pluie forte,Autre collision,,,,,,,,,,,3,1,1,3.0,6.0
201000000356,0010-01-05 10:30:00,10,1,5,10,30,620,303,rue d'anvin,,,Plein jour,En agglomération,Hors intersection,Normale,Deux véhicules - arrière,,,,,,,,,,,1,2,1,1.0,2.0
201000000357,0010-01-29 07:45:00,10,1,29,7,45,620,767,RD 941 - Place Carnot,50.384,2.333,Nuit avec éclairage allumé,En agglomération,Hors intersection,Pluie forte,Autre collision,,,,,,,,,,,5,2,1,3.0,6.0
201000000358,0010-02-07 12:00:00,10,2,7,12,0,620,468,RD939,50.396,2.217,Plein jour,En agglomération,Hors intersection,Pluie légère,Trois véhicules et plus - collisions multiples,,,,,,,,,,,1,2,1,2.0,5.0
201000000359,0010-02-10 10:45:00,10,2,10,10,45,620,180,,,,Plein jour,Hors agglomération,Hors intersection,Neige / grêle,Deux véhicules - frontale,,,,,,,,,,,1,1,1,4.0,1.0
201000000360,0010-04-11 11:45:00,10,4,11,11,45,620,686,,50.381,2.301,Plein jour,Hors agglomération,Hors intersection,Normale,Deux véhicules - côté,,,,,,,,,,,1,1,1,1.0,3.0
201000000361,0010-04-11 15:30:00,10,4,11,15,30,620,260,,50.382,2.291,Plein jour,Hors agglomération,Hors intersection,Normale,Trois véhicules et plus - en chaîne,,,,,,,,,,,1,1,1,1.0,4.0
201000000362,0010-04-21 09:45:00,10,4,21,9,45,620,767,,,,Plein jour,En agglomération,Hors intersection,Normale,Deux véhicules - côté,,,,,,,,,,,1,2,1,1.0,3.0
201000000363,0010-04-20 12:15:00,10,4,20,12,15,620,258,Rue de ST POL,,,Plein jour,En agglomération,Hors intersection,Normale,Deux véhicules - côté,,,,,,,,,,,1,2,1,1.0,3.0
201000000364,0010-05-02 05:45:00,10,5,2,5,45,620,652,29 rue de saint pol,,,Nuit avec éclairage allumé,En agglomération,Hors intersection,Pluie légère,Autre collision,,,,,,,,,,,5,2,1,2.0,6.0
201000000365,0010-05-08 14:15:00,10,5,8,14,15,620,686,RD941,50.38,2.322,Plein jour,En agglomération,Hors intersection,Normale,Deux véhicules - côté,,,,,,,,,,,1,2,1,1.0,3.0
201000000366,0010-05-13 18:45:00,10,5,13,18,45,620,470,,50.389,2.149,Plein jour,Hors agglomération,Hors intersection,Normale,Deux véhicules - côté,,,,,,,,,,,1,1,1,1.0,3.0
201000000367,0010-05-17 17:30:00,10,5,17,17,30,620,260,,50.389,2.26,Plein jour,Hors agglomération,Hors intersection,Normale,Autre collision,,,,,,,,,,,1,1,1,1.0,6.0
201000000368,0010-06-03 20:30:00,10,6,3,20,30,620,749,,50.368,2.085,Plein jour,Hors agglomération,Hors intersection,Normale,Sans collision,,,,,,,,,,,1,1,1,1.0,7.0
201000000369,0010-06-09 07:45:00,10,6,9,7,45,620,740,,,,Plein jour,En agglomération,Hors intersection,Pluie légère,Deux véhicules - côté,,,,,,,,,,,1,2,1,2.0,3.0
201000000370,0010-06-17 08:00:00,10,6,17,8,0,620,808,,50.451,2.232,Plein jour,Hors agglomération,Hors intersection,Normale,Autre collision,,,,,,,,,,,1,1,1,1.0,6.0
201000000371,0010-07-11 09:30:00,10,7,11,9,30,620,36,594 rue d'Hesdin,50.452,2.245,Plein jour,En agglomération,Hors intersection,Normale,Deux véhicules - côté,,,,,,,,,,,1,2,1,1.0,3.0
201000000372,0010-07-11 01:45:00,10,7,11,1,45,620,299,,,,Nuit sans éclairage public,Hors agglomération,Hors intersection,Normale,Autre collision,,,,,,,,,,,3,1,1,1.0,6.0
201000000373,0010-07-24 20:15:00,10,7,24,20,15,620,835,,,,Plein jour,Hors agglomération,Hors intersection,Normale,Autre collision,,,,,,,,,,,1,1,1,1.0,6.0
201000000374,0010-08-08 18:15:00,10,8,8,18,15,620,365,RD 340,,,Plein jour,En agglomération,Intersection en X,Normale,Deux véhicules - côté,,,,,,,,,,,1,2,2,1.0,3.0
201000000375,0010-08-22 20:15:00,10,8,22,20,15,620,605,,,,Plein jour,Hors agglomération,Hors intersection,Normale,Autre collision,,,,,,,,,,,1,1,1,1.0,6.0
201000000376,0010-10-13 17:15:00,10,10,13,17,15,620,767,rue R. Salengro (CD916),50.382,2.334,Plein jour,En agglomération,Hors intersection,Normale,Autre collision,,,,,,,,,,,1,2,1,1.0,6.0
201000000377,0010-10-23 01:45:00,10,10,23,1,45,620,436,,50.362,2.334,Nuit sans éclairage public,Hors agglomération,Hors intersection,Normale,Sans collision,,,,,,,,,,,3,1,1,1.0,7.0
201000000378,0010-11-06 04:30:00,10,11,6,4,30,620,166,,,,Nuit sans éclairage public,Hors agglomération,Hors intersection,Pluie forte,Autre collision,,,,,,,,,,,3,1,1,3.0,6.0
201000000379,0010-12-06 10:00:00,10,12,6,10,0,620,269,211 rue Monseigneur Eloi,,,Plein jour,En agglomération,Hors intersection,Normale,Autre collision,,,,,,,,,,,1,2,1,1.0,6.0
201000000380,0010-02-07 02:15:00,10,2,7,2,15,620,820,"rd 77 , rue pricipale",,,Nuit avec éclairage allumé,En agglomération,Hors intersection,Pluie légère,Autre collision,,,,,,,,,,,5,2,1,2.0,6.0
201000000381,0010-02-19 18:45:00,10,2,19,18,45,620,63,rue de barly,,,Nuit sans éclairage public,En agglomération,Hors intersection,Pluie légère,Autre collision,,,,,,,,,,,3,2,1,2.0,6.0
201000000382,0010-03-13 07:30:00,10,3,13,7,30,620,418,,,,Plein jour,Hors agglomération,Hors intersection,Normale,Autre collision,,,,,,,,,,,1,1,1,1.0,6.0
201000000383,0010-03-13 20:45:00,10,3,13,20,45,620,221,,,,Nuit avec éclairage allumé,En agglomération,Hors intersection,Normale,Autre collision,,,,,,,,,,,5,2,1,1.0,6.0
201000000384,0010-06-27 12:00:00,10,6,27,12,0,620,630,,,,Plein jour,En agglomération,Hors intersection,Normale,Deux véhicules - frontale,,,,,,,,,,,1,2,1,1.0,1.0
201000000385,0010-07-25 14:45:00,10,7,25,14,45,620,70,,,,Plein jour,Hors agglomération,Hors intersection,Normale,Deux véhicules - frontale,,,,,,,,,,,1,1,1,1.0,1.0
201000000386,0010-07-30 17:30:00,10,7,30,17,30,620,7,,,,Plein jour,Hors agglomération,Hors intersection,Normale,Deux véhicules - frontale,,,,,,,,,,,1,1,1,1.0,1.0
201000000387,0010-07-31 09:45:00,10,7,31,9,45,620,804,,,,Plein jour,Hors agglomération,Intersection en X,Normale,Deux véhicules - côté,,,,,,,,,,,1,1,2,1.0,3.0
201000000388,0010-09-24 14:45:00,10,9,24,14,45,620,857,,,,Plein jour,Hors agglomération,Hors intersection,Normale,Autre collision,,,,,,,,,,,1,1,1,1.0,6.0
201000000389,0010-10-06 17:45:00,10,10,6,17,45,620,438,rue d'arras,,,Plein jour,En agglomération,Autre intersection,Normale,Autre collision,,,,,,,,,,,1,2,9,1.0,6.0
201000000390,0010-10-14 10:00:00,10,10,14,10,0,620,86,,,,Plein jour,Hors agglomération,Hors intersection,Normale,Autre collision,,,,,,,,,,,1,1,1,1.0,6.0
201000000391,0010-11-03 07:45:00,10,11,3,7,45,620,199,,,,Crépuscule ou aube,Hors agglomération,Hors intersection,Pluie légère,Sans collision,,,,,,,,,,,2,1,1,2.0,7.0
201000000392,0010-11-04 19:00:00,10,11,4,19,0,620,45,,,,Plein jour,Hors agglomération,Hors intersection,Normale,Deux véhicules - arrière,,,,,,,,,,,1,1,1,1.0,2.0
201000000393,0010-11-06 17:45:00,10,11,6,17,45,620,45,RUE DU PRE AU PONT,,,Crépuscule ou aube,En agglomération,Hors intersection,Normale,Sans collision,,,,,,,,,,,2,2,1,1.0,7.0
201000000394,0010-11-21 06:30:00,10,11,21,6,30,620,784,rue neuve et grande rue,,,Nuit avec éclairage allumé,En agglomération,Hors intersection,Brouillard / fumée,Autre collision,,,,,,,,,,,5,2,1,5.0,6.0
201000000395,0010-12-08 10:00:00,10,12,8,10,0,620,879,,,,Plein jour,Hors agglomération,Hors intersection,Temps couvert,Autre collision,,,,,,,,,,,1,1,1,8.0,6.0