accident_id,datetime,annee,mois,jour,heure,minute,departement,commune_insee,adresse,latitude,longitude,luminosite,agglomeration,intersection,meteo,collision,nb_vehicules,nb_usagers,nb_indemnes,nb_tues,nb_blesses_hosp,nb_blesses_legers,age_cond_1,age_cond_2,veh_type_cond_1,veh_type_cond_2,lum_code,agg_code,int_code,atm_code,col_code
201000000531,0010-03-07 12:15:00,10,3,7,12,15,800,416,,,,Plein jour,Hors agglomération,Hors intersection,Normale,Deux véhicules - côté,,,,,,,,,,,1,1,1,1.0,3.0
201000000532,0010-03-20 16:30:00,10,3,20,16,30,800,778,,,,Plein jour,Hors agglomération,Hors intersection,Normale,Deux véhicules - frontale,,,,,,,,,,,1,1,1,1.0,1.0
201000000533,0010-03-24 17:45:00,10,3,24,17,45,800,86,rue martin,,,Plein jour,En agglomération,Hors intersection,Normale,Deux véhicules - frontale,,,,,,,,,,,1,2,1,1.0,1.0
201000000534,0010-05-15 16:15:00,10,5,15,16,15,800,168,RUELLE BLONDELLE,,,Plein jour,En agglomération,Hors intersection,Normale,Deux véhicules - côté,,,,,,,,,,,1,2,1,1.0,3.0
201000000535,0010-06-24 22:30:00,10,6,24,22,30,800,296,,,,Crépuscule ou aube,Hors agglomération,Hors intersection,Normale,Deux véhicules - frontale,,,,,,,,,,,2,1,1,1.0,1.0
201000000536,0010-06-27 17:15:00,10,6,27,17,15,800,205,rue de Longpré (C.D.216),,,Plein jour,En agglomération,Hors intersection,Temps éblouissant,Deux véhicules - côté,,,,,,,,,,,1,2,1,7.0,3.0
201000000537,0010-07-13 06:15:00,10,7,13,6,15,800,318,,,,Crépuscule ou aube,Hors agglomération,Hors intersection,Normale,Sans collision,,,,,,,,,,,2,1,1,1.0,7.0
201000000538,0010-07-16 20:45:00,10,7,16,20,45,800,778,,,,Plein jour,Hors agglomération,Hors intersection,Normale,Sans collision,,,,,,,,,,,1,1,1,1.0,7.0
201000000539,0010-07-30 17:45:00,10,7,30,17,45,800,86,Rue de Canaples,,,Plein jour,En agglomération,Hors intersection,Normale,Deux véhicules - côté,,,,,,,,,,,1,2,1,1.0,3.0
201000000540,0010-09-16 20:15:00,10,9,16,20,15,800,318,rue Georges Clemenceau,,,Nuit avec éclairage allumé,En agglomération,Hors intersection,Normale,Autre collision,,,,,,,,,,,5,2,1,1.0,6.0
201000000541,0010-10-02 16:30:00,10,10,2,16,30,800,318,5 rue de Vignacourt,,,Plein jour,En agglomération,Hors intersection,Normale,Autre collision,,,,,,,,,,,1,2,1,1.0,6.0
201000000542,0010-10-10 09:15:00,10,10,10,9,15,800,318,RUE GEORGES CLEMENCEAU,,,Plein jour,En agglomération,Hors intersection,Normale,Sans collision,,,,,,,,,,,1,2,1,1.0,7.0
201000000543,0010-10-16 08:45:00,10,10,16,8,45,800,123,,,,Plein jour,Hors agglomération,Hors intersection,Normale,Trois véhicules et plus - collisions multiples,,,,,,,,,,,1,1,1,1.0,5.0
201000000544,0010-12-15 18:00:00,10,12,15,18,0,800,123,,49.993,2.114,Nuit sans éclairage public,Hors agglomération,Hors intersection,Neige / grêle,Deux véhicules - côté,,,,,,,,,,,3,1,1,4.0,3.0
201000000545,0010-12-21 13:15:00,10,12,21,13,15,800,793,,,,Plein jour,Hors agglomération,Hors intersection,Neige / grêle,Deux véhicules - frontale,,,,,,,,,,,1,1,1,4.0,1.0
201000000546,0010-01-18 16:30:00,10,1,18,16,30,800,176,,,,Plein jour,Hors agglomération,Hors intersection,Brouillard / fumée,Deux véhicules - frontale,,,,,,,,,,,1,1,1,5.0,1.0
201000000547,0010-01-30 11:45:00,10,1,30,11,45,800,685,RUE DU DOCTEUR DUQUESNEL,,,Plein jour,En agglomération,Hors intersection,Neige / grêle,Sans collision,,,,,,,,,,,1,2,1,4.0,7.0
201000000548,0010-02-21 08:45:00,10,2,21,8,45,800,383,,,,Crépuscule ou aube,Hors agglomération,Hors intersection,Brouillard / fumée,Sans collision,,,,,,,,,,,2,1,1,5.0,7.0
201000000549,0010-03-22 07:15:00,10,3,22,7,15,800,326,,,,Crépuscule ou aube,Hors agglomération,Hors intersection,Brouillard / fumée,Autre collision,,,,,,,,,,,2,1,1,5.0,6.0
201000000550,0010-04-14 11:00:00,10,4,14,11,0,800,302,,,,Plein jour,Hors agglomération,Hors intersection,Normale,Deux véhicules - frontale,,,,,,,,,,,1,1,1,1.0,1.0
201000000551,0010-04-18 14:45:00,10,4,18,14,45,800,293,,,,Plein jour,Hors agglomération,Hors intersection,Normale,Trois véhicules et plus - en chaîne,,,,,,,,,,,1,1,1,1.0,4.0
201000000552,0010-04-20 07:45:00,10,4,20,7,45,800,467,,,,Plein jour,Hors agglomération,Hors intersection,Normale,Deux véhicules - côté,,,,,,,,,,,1,1,1,1.0,3.0
201000000553,0010-05-16 12:15:00,10,5,16,12,15,800,561,place d'exeter,,,Plein jour,En agglomération,Hors intersection,Normale,Deux véhicules - côté,,,,,,,,,,,1,2,1,1.0,3.0
201000000554,0010-05-25 04:30:00,10,5,25,4,30,800,302,,,,Nuit sans éclairage public,Hors agglomération,Hors intersection,Normale,Autre collision,,,,,,,,,,,3,1,1,1.0,6.0
201000000555,0010-06-10 17:45:00,10,6,10,17,45,800,223,,,,Plein jour,Hors agglomération,Intersection en X,Normale,Deux véhicules - côté,,,,,,,,,,,1,1,2,1.0,3.0
201000000556,0010-06-19 14:00:00,10,6,19,14,0,800,176,,,,Plein jour,Hors agglomération,Intersection en X,Normale,Deux véhicules - côté,,,,,,,,,,,1,1,2,1.0,3.0
201000000557,0010-06-29 18:15:00,10,6,29,18,15,800,302,,,,Plein jour,Hors agglomération,Hors intersection,Normale,Deux véhicules - frontale,,,,,,,,,,,1,1,1,1.0,1.0
201000000558,0010-07-03 20:30:00,10,7,3,20,30,800,419,,,,Plein jour,Hors agglomération,Hors intersection,Normale,Sans collision,,,,,,,,,,,1,1,1,1.0,7.0
201000000559,0010-07-21 17:45:00,10,7,21,17,45,800,230,,,,Plein jour,Hors agglomération,Hors intersection,Normale,Deux véhicules - frontale,,,,,,,,,,,1,1,1,1.0,1.0
201000000560,0010-09-26 17:30:00,10,9,26,17,30,800,233,,,,Plein jour,Hors agglomération,Hors intersection,Pluie forte,Deux véhicules - arrière,,,,,,,,,,,1,1,1,3.0,2.0
201000000561,0010-11-01 19:00:00,10,11,1,19,0,800,393,,,,Nuit avec éclairage allumé,Hors agglomération,Hors intersection,Pluie légère,Deux véhicules - côté,,,,,,,,,,,5,1,1,2.0,3.0
201000000562,0010-11-05 22:00:00,10,11,5,22,0,800,232,,,,Plein jour,Hors agglomération,Hors intersection,Pluie légère,Autre collision,,,,,,,,,,,1,1,1,2.0,6.0
201000000563,0010-02-26 17:15:00,10,2,26,17,15,800,545,3 RUE BOYARD,,,Plein jour,En agglomération,Hors intersection,Temps éblouissant,Deux véhicules - arrière,,,,,,,,,,,1,2,1,7.0,2.0
201000000564,0010-03-17 12:00:00,10,3,17,12,0,800,299,,,,Plein jour,Hors agglomération,Hors intersection,Normale,Deux véhicules - côté,,,,,,,,,,,1,1,1,1.0,3.0
201000000565,0010-04-07 01:00:00,10,4,7,1,0,800,315,,,,Nuit sans éclairage public,Hors agglomération,Hors intersection,Normale,Autre collision,,,,,,,,,,,3,1,1,1.0,6.0
201000000566,0010-04-16 13:30:00,10,4,16,13,30,800,358,,,,Plein jour,Hors agglomération,Hors intersection,Normale,Deux véhicules - arrière,,,,,,,,,,,1,1,1,1.0,2.0
201000000567,0010-05-28 22:00:00,10,5,28,22,0,800,415,,,,Nuit sans éclairage public,Hors agglomération,Hors intersection,Normale,Deux véhicules - arrière,,,,,,,,,,,3,1,1,1.0,2.0
201000000568,0010-06-08 13:30:00,10,6,8,13,30,800,349,,,,Plein jour,Hors agglomération,Intersection en X,Normale,Deux véhicules - côté,,,,,,,,,,,1,1,2,1.0,3.0
201000000569,0010-06-16 21:30:00,10,6,16,21,30,800,10,route de moreuil,,,Plein jour,En agglomération,Hors intersection,Normale,Deux véhicules - côté,,,,,,,,,,,1,2,1,1.0,3.0
201000000570,0010-06-19 00:01:00,10,6,19,0,1,800,349,,,,Nuit sans éclairage public,Hors agglomération,Intersection en X,Normale,Deux véhicules - côté,,,,,,,,,,,3,1,2,1.0,3.0
201000000571,0010-07-04 19:00:00,10,7,4,19,0,800,469,RD 109,,,Plein jour,En agglomération,Hors intersection,Normale,Deux véhicules - frontale,,,,,,,,,,,1,2,1,1.0,1.0
201000000572,0010-07-12 02:30:00,10,7,12,2,30,800,315,,,,Nuit sans éclairage public,Hors agglomération,Hors intersection,Normale,Sans collision,,,,,,,,,,,3,1,1,1.0,7.0
201000000573,0010-07-29 09:45:00,10,7,29,9,45,800,452,,,,Plein jour,Hors agglomération,Hors intersection,Normale,Autre collision,,,,,,,,,,,1,1,1,1.0,6.0
201000000574,0010-08-11 17:45:00,10,8,11,17,45,800,209,,,,Plein jour,Hors agglomération,Hors intersection,Normale,Trois véhicules et plus - collisions multiples,,,,,,,,,,,1,1,1,1.0,5.0
201000000575,0010-08-12 15:30:00,10,8,12,15,30,800,452,RUE DU GENERAL LECLERC,,,Plein jour,En agglomération,Hors intersection,Normale,Trois véhicules et plus - en chaîne,,,,,,,,,,,1,2,1,1.0,4.0
201000000576,0010-08-16 17:30:00,10,8,16,17,30,800,625,,,,Plein jour,Hors agglomération,Hors intersection,Pluie légère,Deux véhicules - côté,,,,,,,,,,,1,1,1,2.0,3.0
201000000577,0010-09-05 12:45:00,10,9,5,12,45,800,499,,,,Plein jour,Hors agglomération,Hors intersection,Normale,Deux véhicules - frontale,,,,,,,,,,,1,1,1,1.0,1.0
201000000578,0010-10-17 17:50:00,10,10,17,17,50,800,494,44 rue de l'église,,,Nuit sans éclairage public,En agglomération,Hors intersection,Normale,Autre collision,,,,,,,,,,,3,2,1,1.0,6.0
201000000579,0010-10-30 14:00:00,10,10,30,14,0,800,242,,49.817,2.492,Plein jour,Hors agglomération,Hors intersection,Normale,Deux véhicules - côté,,,,,,,,,,,1,1,1,1.0,3.0
201000000580,0010-11-03 19:30:00,10,11,3,19,30,800,545,,,,Nuit sans éclairage public,Hors agglomération,Hors intersection,Normale,Autre collision,,,,,,,,,,,3,1,1,1.0,6.0
201000000581,0010-02-05 06:45:00,10,2,5,6,45,800,199,place du village,,,Nuit avec éclairage allumé,En agglomération,Hors intersection,Pluie légère,Autre collision,,,,,,,,,,,5,2,1,2.0,6.0
201000000582,0010-03-04 16:30:00,10,3,4,16,30,800,620,Avenue de l'Europe,,,Plein jour,En agglomération,Hors intersection,Normale,Deux véhicules - côté,,,,,,,,,,,1,2,1,1.0,3.0
201000000583,0010-04-17 15:00:00,10,4,17,15,0,800,677,,,,Plein jour,Hors agglomération,Hors intersection,Normale,Deux véhicules - arrière,,,,,,,,,,,1,1,1,1.0,2.0
201000000584,0010-04-20 16:15:00,10,4,20,16,15,800,240,,,,Plein jour,Hors agglomération,Hors intersection,Normale,Deux véhicules - côté,,,,,,,,,,,1,1,1,1.0,3.0
201000000585,0010-05-10 09:45:00,10,5,10,9,45,800,240,,,,Plein jour,Hors agglomération,Hors intersection,Normale,Autre collision,,,,,,,,,,,1,1,1,1.0,6.0
201000000586,0010-06-10 11:30:00,10,6,10,11,30,800,812,,,,Plein jour,Hors agglomération,Hors intersection,Pluie forte,Deux véhicules - frontale,,,,,,,,,,,1,1,1,3.0,1.0
201000000587,0010-08-20 11:00:00,10,8,20,11,0,800,620,rue ST FURSY,,,Plein jour,En agglomération,Hors intersection,Normale,Autre collision,,,,,,,,,,,1,2,1,1.0,6.0
201000000588,0010-09-17 07:15:00,10,9,17,7,15,800,747,,,,Crépuscule ou aube,Hors agglomération,Hors intersection,Normale,Autre collision,,,,,,,,,,,2,1,1,1.0,6.0
201000000589,0010-11-06 19:45:00,10,11,6,19,45,800,435,,,,Nuit sans éclairage public,Hors agglomération,Hors intersection,Normale,Autre collision,,,,,,,,,,,3,1,1,1.0,6.0
201000000590,0010-11-08 22:25:00,10,11,8,22,25,800,240,,,,Nuit sans éclairage public,Hors agglomération,Hors intersection,Temps couvert,Autre collision,,,,,,,,,,,3,1,1,8.0,6.0
201000000591,0010-12-14 19:30:00,10,12,14,19,30,800,802,,,,Nuit sans éclairage public,Hors agglomération,Hors intersection,Autre,Sans collision,,,,,,,,,,,3,1,1,9.0,7.0
201000000592,0010-03-13 10:15:00,10,3,13,10,15,800,366,,,,Plein jour,Hors agglomération,Hors intersection,Normale,Sans collision,,,,,,,,,,,1,1,1,1.0,7.0
201000000593,0010-06-13 16:00:00,10,6,13,16,0,800,16,Avenue Faidherbe,,,Plein jour,En agglomération,Hors intersection,Normale,Autre collision,,,,,,,,,,,1,2,1,1.0,6.0
201000000594,0010-08-29 12:15:00,10,8,29,12,15,800,238,,,,Plein jour,Hors agglomération,Hors intersection,Normale,Sans collision,,,,,,,,,,,1,1,1,1.0,7.0
201000000595,0010-09-11 16:45:00,10,9,11,16,45,800,16,38 AVENUE FAIDHERBE,,,Plein jour,En agglomération,Hors intersection,Normale,Autre collision,,,,,,,,,,,1,2,1,1.0,6.0
201000000596,0010-10-08 19:45:00,10,10,8,19,45,800,16,rue d' aveluy,,,Nuit avec éclairage allumé,En agglomération,Hors intersection,Normale,Autre collision,,,,,,,,,,,5,2,1,1.0,6.0
201000000597,0010-10-13 08:45:00,10,10,13,8,45,800,16,Rue Robert solente,,,Plein jour,En agglomération,Hors intersection,Normale,Autre collision,,,,,,,,,,,1,2,1,1.0,6.0
201000000598,0010-12-24 19:30:00,10,12,24,19,30,800,615,,,,Nuit sans éclairage public,Hors agglomération,Hors intersection,Neige / grêle,Deux véhicules - frontale,,,,,,,,,,,3,1,1,4.0,1.0
201000000599,0010-01-01 21:30:00,10,1,1,21,30,800,814,,,,Nuit sans éclairage public,En agglomération,Intersection en X,Normale,Deux véhicules - côté,,,,,,,,,,,3,2,2,1.0,3.0
201000000600,0010-01-06 17:30:00,10,1,6,17,30,800,80,,,,Nuit sans éclairage public,Hors agglomération,Hors intersection,Autre,Deux véhicules - frontale,,,,,,,,,,,3,1,1,9.0,1.0
201000000601,0010-01-16 16:00:00,10,1,16,16,0,800,680,,,,Plein jour,Hors agglomération,Hors intersection,Pluie forte,Autre collision,,,,,,,,,,,1,1,1,3.0,6.0
201000000602,0010-01-31 13:15:00,10,1,31,13,15,800,417,Rue de LIHONS,,,Plein jour,En agglomération,Hors intersection,Normale,Autre collision,,,,,,,,,,,1,2,1,1.0,6.0
201000000603,0010-02-25 16:00:00,10,2,25,16,0,800,781,,,,Plein jour,Hors agglomération,Hors intersection,Temps couvert,Deux véhicules - côté,,,,,,,,,,,1,1,1,8.0,3.0
201000000604,0010-03-17 18:20:00,10,3,17,18,20,800,186,RUE ARISTIDE BRIAND,,,Plein jour,En agglomération,Hors intersection,Normale,Deux véhicules - côté,,,,,,,,,,,1,2,1,1.0,3.0
201000000605,0010-03-26 15:15:00,10,3,26,15,15,800,195,hors agglo,,,Plein jour,Hors agglomération,Hors intersection,Temps éblouissant,Deux véhicules - côté,,,,,,,,,,,1,1,1,7.0,3.0
201000000606,0010-04-23 00:15:00,10,4,23,0,15,800,67,RD161,,,Nuit sans éclairage public,En agglomération,Hors intersection,Normale,Autre collision,,,,,,,,,,,3,2,1,1.0,6.0
201000000607,0010-05-02 01:25:00,10,5,2,1,25,800,116,,,,Nuit sans éclairage public,Hors agglomération,Hors intersection,Pluie forte,Sans collision,,,,,,,,,,,3,1,1,3.0,7.0
201000000608,0010-05-05 15:30:00,10,5,5,15,30,800,781,,,,Plein jour,Hors agglomération,Hors intersection,Normale,Deux véhicules - côté,,,,,,,,,,,1,1,1,1.0,3.0
201000000609,0010-05-12 11:45:00,10,5,12,11,45,800,647,,,,Plein jour,Hors agglomération,Intersection en X,Normale,Trois véhicules et plus - collisions multiples,,,,,,,,,,,1,1,2,1.0,5.0
201000000610,0010-07-11 09:05:00,10,7,11,9,5,800,162,rue du val,,,Plein jour,En agglomération,Hors intersection,Normale,Deux véhicules - frontale,,,,,,,,,,,1,2,1,1.0,1.0
201000000611,0010-07-12 16:45:00,10,7,12,16,45,800,647,,,,Plein jour,Hors agglomération,Intersection en X,Normale,Deux véhicules - côté,,,,,,,,,,,1,1,2,1.0,3.0
201000000612,0010-07-20 07:15:00,10,7,20,7,15,800,781,,,,Plein jour,Hors agglomération,Hors intersection,Normale,Deux véhicules - arrière,,,,,,,,,,,1,1,1,1.0,2.0
201000000613,0010-08-01 07:30:00,10,8,1,7,30,800,295,,,,Plein jour,Hors agglomération,Hors intersection,Normale,Autre collision,,,,,,,,,,,1,1,1,1.0,6.0
201000000614,0010-08-28 19:30:00,10,8,28,19,30,800,569,,,,Plein jour,Hors agglomération,Intersection en X,Normale,Deux véhicules - côté,,,,,,,,,,,1,1,2,1.0,3.0
201000000615,0010-11-07 07:30:00,10,11,7,7,30,800,247,,49.933,2.8,Nuit sans éclairage public,Hors agglomération,Hors intersection,Pluie légère,Sans collision,,,,,,,,,,,3,1,1,2.0,7.0
201000000616,0010-11-07 19:00:00,10,11,7,19,0,800,781,,49.849,2.693,Nuit sans éclairage public,Hors agglomération,Hors intersection,Pluie légère,Deux véhicules - côté,,,,,,,,,,,3,1,1,2.0,3.0
201000000617,0010-11-17 17:45:00,10,11,17,17,45,800,186,Avenue Aristide BRIAND,,,Crépuscule ou aube,En agglomération,Hors intersection,Normale,Autre collision,,,,,,,,,,,2,2,1,1.0,6.0
201000000618,0010-11-26 17:45:00,10,11,26,17,45,800,116,CHAUSSE BRUNEHAUT,,,Nuit avec éclairage allumé,En agglomération,Giratoire,Pluie légère,Deux véhicules - arrière,,,,,,,,,,,5,2,6,2.0,2.0
201000000619,0010-12-22 17:30:00,10,12,22,17,30,800,823,,49.781,2.685,Crépuscule ou aube,En agglomération,Hors intersection,Normale,Deux véhicules - frontale,,,,,,,,,,,2,2,1,1.0,1.0
201000000620,0010-03-29 09:45:00,10,3,29,9,45,800,811,,,,Plein jour,Hors agglomération,Hors intersection,Normale,Deux véhicules - côté,,,,,,,,,,,1,1,1,1.0,3.0
201000000621,0010-06-11 14:15:00,10,6,11,14,15,800,410,,,,Plein jour,Hors agglomération,Hors intersection,Normale,Deux véhicules - côté,,,,,,,,,,,1,1,1,1.0,3.0
201000000622,0010-09-04 02:00:00,10,9,4,2,0,800,274,,,,Nuit sans éclairage public,Hors agglomération,Hors intersection,Pluie légère,Autre collision,,,,,,,,,,,3,1,1,2.0,6.0
201000000623,0010-09-17 13:30:00,10,9,17,13,30,800,274,RUE JEAN MOULIN,,,Plein jour,En agglomération,Hors intersection,Normale,Deux véhicules - côté,,,,,,,,,,,1,2,1,1.0,3.0
201000000624,0010-10-09 03:15:00,10,10,9,3,15,800,442,Rue Principale,,,Nuit avec éclairage allumé,En agglomération,Hors intersection,Normale,Autre collision,,,,,,,,,,,5,2,1,1.0,6.0
201000000625,0010-11-03 22:30:00,10,11,3,22,30,800,474,,,,Nuit sans éclairage public,Hors agglomération,Hors intersection,Temps couvert,Sans collision,,,,,,,,,,,3,1,1,8.0,7.0
201000000626,0010-11-08 20:00:00,10,11,8,20,0,800,442,,,,Nuit sans éclairage public,Hors agglomération,Hors intersection,Pluie légère,Deux véhicules - arrière,,,,,,,,,,,3,1,1,2.0,2.0
201000000627,0010-12-10 15:30:00,10,12,10,15,30,800,474,,,,Plein jour,Hors agglomération,Hors intersection,Pluie légère,Deux véhicules - frontale,,,,,,,,,,,1,1,1,2.0,1.0
201000000628,0010-12-14 18:30:00,10,12,14,18,30,800,410,rue de verdun,,,Crépuscule ou aube,En agglomération,Hors intersection,Normale,Deux véhicules - frontale,,,,,,,,,,,2,2,1,1.0,1.0
201000000629,0010-01-07 15:00:00,10,1,7,15,0,20,191,,,,Plein jour,Hors agglomération,Hors intersection,Normale,Deux véhicules - frontale,,,,,,,,,,,1,1,1,1.0,1.0
201000000630,0010-01-08 01:30:00,10,1,8,1,30,20,191,,,,Nuit sans éclairage public,Hors agglomération,Hors intersection,Normale,Autre collision,,,,,,,,,,,3,1,1,1.0,6.0
201000000631,0010-02-19 04:15:00,10,2,19,4,15,20,80,,,,Nuit sans éclairage public,En agglomération,Hors intersection,Autre,Sans collision,,,,,,,,,,,3,2,1,9.0,7.0
201000000632,0010-02-22 18:45:00,10,2,22,18,45,20,238,,,,Nuit sans éclairage public,Hors agglomération,Hors intersection,Normale,Deux véhicules - côté,,,,,,,,,,,3,1,1,1.0,3.0
201000000633,0010-03-14 16:15:00,10,3,14,16,15,20,238,37 REMPART DU MIDI,,,Plein jour,En agglomération,Hors intersection,Normale,Autre collision,,,,,,,,,,,1,2,1,1.0,6.0
201000000634,0010-03-20 19:45:00,10,3,20,19,45,20,827,,,,Nuit avec éclairage non allumé,Hors agglomération,Intersection en X,Normale,Deux véhicules - côté,,,,,,,,,,,4,1,2,1.0,3.0
201000000635,0010-03-24 14:30:00,10,3,24,14,30,20,600,,,,Plein jour,Hors agglomération,Intersection en T,Normale,Deux véhicules - frontale,,,,,,,,,,,1,1,3,1.0,1.0
201000000636,0010-05-11 18:00:00,10,5,11,18,0,20,745,CHEMIN COMMUNALE,,,Plein jour,En agglomération,Hors intersection,Normale,Autre collision,,,,,,,,,,,1,2,1,1.0,6.0
201000000637,0010-05-24 17:15:00,10,5,24,17,15,20,560,,,,Plein jour,Hors agglomération,Intersection en T,Normale,Deux véhicules - côté,,,,,,,,,,,1,1,3,1.0,3.0
201000000638,0010-06-07 12:00:00,10,6,7,12,0,20,468,face  13 rue des fosses,,,Plein jour,En agglomération,Hors intersection,Normale,Autre collision,,,,,,,,,,,1,2,1,1.0,6.0
201000000639,0010-06-07 14:25:00,10,6,7,14,25,20,238,,,,Plein jour,Hors agglomération,Intersection en X,Normale,Trois véhicules et plus - collisions multiples,,,,,,,,,,,1,1,2,1.0,5.0
201000000640,0010-06-08 13:30:00,10,6,8,13,30,20,338,,,,Plein jour,Hors agglomération,Intersection en X,Normale,Deux véhicules - frontale,,,,,,,,,,,1,1,2,1.0,1.0
201000000641,0010-06-25 20:30:00,10,6,25,20,30,20,517,,,,Plein jour,Hors agglomération,Hors intersection,Normale,Deux véhicules - frontale,,,,,,,,,,,1,1,1,1.0,1.0
201000000642,0010-07-21 09:50:00,10,7,21,9,50,20,238,,,,Plein jour,Hors agglomération,Hors intersection,Normale,Deux véhicules - arrière,,,,,,,,,,,1,1,1,1.0,2.0
201000000643,0010-07-31 13:30:00,10,7,31,13,30,20,37,,,,Plein jour,Hors agglomération,Hors intersection,Pluie légère,Sans collision,,,,,,,,,,,1,1,1,2.0,7.0
201000000644,0010-08-06 06:30:00,10,8,6,6,30,20,180,,,,Crépuscule ou aube,Hors agglomération,Hors intersection,Normale,Deux véhicules - frontale,,,,,,,,,,,2,1,1,1.0,1.0
201000000645,0010-08-06 22:30:00,10,8,6,22,30,20,638,,,,Nuit sans éclairage public,Hors agglomération,Hors intersection,Normale,Sans collision,,,,,,,,,,,3,1,1,1.0,7.0
201000000646,0010-08-23 14:30:00,10,8,23,14,30,20,468,,,,Plein jour,Hors agglomération,Intersection en X,Normale,Deux véhicules - côté,,,,,,,,,,,1,1,2,1.0,3.0
201000000647,0010-09-03 16:30:00,10,9,3,16,30,20,787,,,,Plein jour,Hors agglomération,Hors intersection,Normale,Sans collision,,,,,,,,,,,1,1,1,1.0,7.0
201000000648,0010-09-04 18:30:00,10,9,4,18,30,20,821,,,,Plein jour,Hors agglomération,Hors intersection,Normale,Sans collision,,,,,,,,,,,1,1,1,1.0,7.0
201000000649,0010-09-21 07:35:00,10,9,21,7,35,20,151,,,,Plein jour,Hors agglomération,Hors intersection,Normale,Sans collision,,,,,,,,,,,1,1,1,1.0,7.0
201000000650,0010-09-27 13:30:00,10,9,27,13,30,20,545,,,,Plein jour,Hors agglomération,Hors intersection,Normale,Trois véhicules et plus - collisions multiples,,,,,,,,,,,1,1,1,1.0,5.0
201000000651,0010-11-18 13:00:00,10,11,18,13,0,20,338,rue de Paris,,,Plein jour,En agglomération,Intersection en T,Normale,Deux véhicules - côté,,,,,,,,,,,1,2,3,1.0,3.0
201000000652,0010-11-25 19:00:00,10,11,25,19,0,20,80,,,,Nuit sans éclairage public,Hors agglomération,Hors intersection,Normale,Sans collision,,,,,,,,,,,3,1,1,1.0,7.0
201000000653,0010-12-11 20:00:00,10,12,11,20,0,20,37,,,,Nuit sans éclairage public,Hors agglomération,Hors intersection,Normale,Autre collision,,,,,,,,,,,3,1,1,1.0,6.0
201000000654,0010-01-03 16:20:00,10,1,3,16,20,20,173,99 boulevard Bad Kostrit,,,Plein jour,En agglomération,Hors intersection,Normale,Autre collision,,,,,,,,,,,1,2,1,1.0,6.0
201000000655,0010-02-05 21:15:00,10,2,5,21,15,20,820,CD429 pk 1.5,,,Nuit avec éclairage allumé,En agglomération,Hors intersection,Normale,Autre collision,,,,,,,,,,,5,2,1,1.0,6.0
201000000656,0010-02-07 03:00:00,10,2,7,3,0,20,262,,,,Nuit sans éclairage public,Hors agglomération,Hors intersection,Normale,Autre collision,,,,,,,,,,,3,1,1,1.0,6.0
201000000657,0010-02-20 21:00:00,10,2,20,21,0,20,1,,,,Nuit sans éclairage public,Hors agglomération,Hors intersection,Neige / grêle,Deux véhicules - frontale,,,,,,,,,,,3,1,1,4.0,1.0
201000000658,0010-02-21 17:00:00,10,2,21,17,0,20,335,,,,Plein jour,Hors agglomération,Intersection en T,Normale,Deux véhicules - frontale,,,,,,,,,,,1,1,3,1.0,1.0
201000000659,0010-02-22 19:40:00,10,2,22,19,40,20,336,13 rue de Mennessis,,,Crépuscule ou aube,En agglomération,Hors intersection,Pluie légère,Deux véhicules - côté,,,,,,,,,,,2,2,1,2.0,3.0
201000000660,0010-02-27 14:40:00,10,2,27,14,40,20,820,,,,Plein jour,Hors agglomération,Hors intersection,Normale,Trois véhicules et plus - collisions multiples,,,,,,,,,,,1,1,1,1.0,5.0
201000000661,0010-03-02 07:30:00,10,3,2,7,30,20,74,,,,Crépuscule ou aube,Hors agglomération,Hors intersection,Normale,Deux véhicules - frontale,,,,,,,,,,,2,1,1,1.0,1.0
201000000662,0010-04-03 13:45:00,10,4,3,13,45,20,262,,,,Plein jour,Hors agglomération,Hors intersection,Normale,Deux véhicules - côté,,,,,,,,,,,1,1,1,1.0,3.0
201000000663,0010-04-04 05:00:00,10,4,4,5,0,20,81,,,,Nuit sans éclairage public,Hors agglomération,Hors intersection,Pluie légère,Autre collision,,,,,,,,,,,3,1,1,2.0,6.0
201000000664,0010-04-21 12:00:00,10,4,21,12,0,20,173,"88, Boulevard Gambetta",,,Plein jour,En agglomération,Hors intersection,Normale,Autre collision,,,,,,,,,,,1,2,1,1.0,6.0
201000000665,0010-04-23 14:30:00,10,4,23,14,30,20,173,"08, Boulevard Géo André",,,Plein jour,En agglomération,Giratoire,Normale,Deux véhicules - côté,,,,,,,,,,,1,2,6,1.0,3.0
201000000666,0010-05-01 15:30:00,10,5,1,15,30,20,820,,,,Plein jour,Hors agglomération,Hors intersection,Normale,Deux véhicules - côté,,,,,,,,,,,1,1,1,1.0,3.0
201000000667,0010-05-14 22:45:00,10,5,14,22,45,20,566,,,,Nuit sans éclairage public,Hors agglomération,Giratoire,Normale,Sans collision,,,,,,,,,,,3,1,6,1.0,7.0