accident_id,datetime,annee,mois,jour,heure,minute,departement,commune_insee,adresse,latitude,longitude,luminosite,agglomeration,intersection,meteo,collision,nb_vehicules,nb_usagers,nb_indemnes,nb_tues,nb_blesses_hosp,nb_blesses_legers,age_cond_1,age_cond_2,veh_type_cond_1,veh_type_cond_2,lum_code,agg_code,int_code,atm_code,col_code
201000000668,0010-05-21 07:30:00,10,5,21,7,30,20,145,,,,Plein jour,Hors agglomération,Hors intersection,Normale,Deux véhicules - frontale,,,,,,,,,,,1,1,1,1.0,1.0
201000000669,0010-05-27 13:45:00,10,5,27,13,45,20,746,,,,Plein jour,Hors agglomération,Intersection en T,Normale,Deux véhicules - côté,,,,,,,,,,,1,1,3,1.0,3.0
201000000670,0010-05-30 12:15:00,10,5,30,12,15,20,820,,,,Plein jour,Hors agglomération,Intersection en X,Pluie légère,Deux véhicules - frontale,,,,,,,,,,,1,1,2,2.0,1.0
201000000671,0010-06-04 18:00:00,10,6,4,18,0,20,680,,,,Plein jour,Hors agglomération,Intersection en Y,Normale,Deux véhicules - frontale,,,,,,,,,,,1,1,4,1.0,1.0
201000000672,0010-08-10 02:45:00,10,8,10,2,45,20,456,48 Rue Principale,,,Nuit avec éclairage non allumé,En agglomération,Hors intersection,Brouillard / fumée,Autre collision,,,,,,,,,,,4,2,1,5.0,6.0
201000000673,0010-08-13 06:40:00,10,8,13,6,40,20,461,,,,Crépuscule ou aube,Hors agglomération,Hors intersection,Normale,Autre collision,,,,,,,,,,,2,1,1,1.0,6.0
201000000674,0010-10-05 22:15:00,10,10,5,22,15,20,651,,,,Nuit sans éclairage public,Hors agglomération,Hors intersection,Pluie légère,Deux véhicules - arrière,,,,,,,,,,,3,1,1,2.0,2.0
201000000675,0010-10-16 16:35:00,10,10,16,16,35,20,335,,,,Plein jour,Hors agglomération,Hors intersection,Normale,Autre collision,,,,,,,,,,,1,1,1,1.0,6.0
201000000676,0010-11-09 19:20:00,10,11,9,19,20,20,2,rue Charles de Gaulle,,,Nuit avec éclairage allumé,En agglomération,Intersection en T,Pluie légère,Deux véhicules - côté,,,,,,,,,,,5,2,3,2.0,3.0
201000000677,0010-12-12 13:30:00,10,12,12,13,30,20,820,,,,Plein jour,Hors agglomération,Hors intersection,Normale,Sans collision,,,,,,,,,,,1,1,1,1.0,7.0
201000000678,0010-03-05 19:30:00,10,3,5,19,30,20,299,,,,Nuit avec éclairage allumé,En agglomération,Hors intersection,Normale,Autre collision,,,,,,,,,,,5,2,1,1.0,6.0
201000000679,0010-03-06 10:45:00,10,3,6,10,45,20,453,,,,Plein jour,Hors agglomération,Hors intersection,Normale,Deux véhicules - côté,,,,,,,,,,,1,1,1,1.0,3.0
201000000680,0010-03-14 16:00:00,10,3,14,16,0,20,234,,,,Plein jour,Hors agglomération,Hors intersection,Normale,Sans collision,,,,,,,,,,,1,1,1,1.0,7.0
201000000681,0010-07-10 22:00:00,10,7,10,22,0,20,613,,,,Nuit sans éclairage public,Hors agglomération,Hors intersection,Normale,Autre collision,,,,,,,,,,,3,1,1,1.0,6.0
201000000682,0010-08-12 14:50:00,10,8,12,14,50,20,656,,,,Plein jour,Hors agglomération,Intersection en X,Normale,Deux véhicules - côté,,,,,,,,,,,1,1,2,1.0,3.0
201000000683,0010-10-11 12:20:00,10,10,11,12,20,20,572,rue du Maréchal LECLERC,,,Plein jour,En agglomération,Intersection en T,Normale,Deux véhicules - côté,,,,,,,,,,,1,2,3,1.0,3.0
201000000684,0010-10-23 14:30:00,10,10,23,14,30,20,360,17 rue Erhard de Nazelle,,,Plein jour,En agglomération,Hors intersection,Pluie légère,Autre collision,,,,,,,,,,,1,2,1,2.0,6.0
201000000685,0010-12-14 05:45:00,10,12,14,5,45,20,33,,,,Nuit sans éclairage public,Hors agglomération,Hors intersection,Autre,Deux véhicules - frontale,,,,,,,,,,,3,1,1,9.0,1.0
201000000686,0010-12-26 17:45:00,10,12,26,17,45,20,73,,,,Nuit sans éclairage public,Hors agglomération,Hors intersection,Normale,Deux véhicules - côté,,,,,,,,,,,3,1,1,1.0,3.0
201000000687,0010-02-06 18:00:00,10,2,6,18,0,20,750,,,,Nuit sans éclairage public,Hors agglomération,Hors intersection,Normale,Sans collision,,,,,,,,,,,3,1,1,1.0,7.0
201000000688,0010-04-04 11:30:00,10,4,4,11,30,20,217,Avenue de framlinghan,,,Plein jour,En agglomération,Intersection en T,Normale,Deux véhicules - frontale,,,,,,,,,,,1,2,3,1.0,1.0
201000000689,0010-04-17 05:45:00,10,4,17,5,45,20,159,,,,Nuit sans éclairage public,Hors agglomération,Hors intersection,Normale,Sans collision,,,,,,,,,,,3,1,1,1.0,7.0
201000000690,0010-06-16 21:50:00,10,6,16,21,50,20,107,,,,Crépuscule ou aube,Hors agglomération,Intersection en T,Normale,Deux véhicules - côté,,,,,,,,,,,2,1,3,1.0,3.0
201000000691,0010-07-01 01:00:00,10,7,1,1,0,20,619,23 Rue Eugène Potelet,,,Nuit avec éclairage non allumé,En agglomération,Hors intersection,Normale,Sans collision,,,,,,,,,,,4,2,1,1.0,7.0
201000000692,0010-11-04 07:55:00,10,11,4,7,55,20,704,,,,Crépuscule ou aube,Hors agglomération,Hors intersection,Normale,Deux véhicules - côté,,,,,,,,,,,2,1,1,1.0,3.0
201000000693,0010-06-08 17:00:00,10,6,8,17,0,20,498,,,,Plein jour,Hors agglomération,Intersection en X,Normale,Deux véhicules - côté,,,,,,,,,,,1,1,2,1.0,3.0
201000000694,0010-06-10 07:00:00,10,6,10,7,0,20,309,,,,Plein jour,Hors agglomération,Intersection en T,Normale,Deux véhicules - côté,,,,,,,,,,,1,1,3,1.0,3.0
201000000695,0010-06-27 09:45:00,10,6,27,9,45,20,498,,,,Plein jour,Hors agglomération,Hors intersection,Normale,Deux véhicules - côté,,,,,,,,,,,1,1,1,1.0,3.0
201000000696,0010-07-02 18:00:00,10,7,2,18,0,20,720,,,,Plein jour,Hors agglomération,Intersection en T,Normale,Deux véhicules - côté,,,,,,,,,,,1,1,3,1.0,3.0
201000000697,0010-09-21 19:45:00,10,9,21,19,45,20,690,,,,Nuit sans éclairage public,Hors agglomération,Hors intersection,Normale,Autre collision,,,,,,,,,,,3,1,1,1.0,6.0
201000000698,0010-10-01 08:50:00,10,10,1,8,50,20,720,rue Guillaume Dupré,,,Plein jour,En agglomération,Hors intersection,Normale,Autre collision,,,,,,,,,,,1,2,1,1.0,6.0
201000000699,0010-10-09 02:00:00,10,10,9,2,0,20,676,,,,Nuit sans éclairage public,Hors agglomération,Hors intersection,Normale,Sans collision,,,,,,,,,,,3,1,1,1.0,7.0
201000000700,0010-01-12 20:00:00,10,1,12,20,0,20,228,,,,Nuit sans éclairage public,Hors agglomération,Hors intersection,Normale,Deux véhicules - frontale,,,,,,,,,,,3,1,1,1.0,1.0
201000000701,0010-02-18 19:00:00,10,2,18,19,0,20,290,,,,Nuit sans éclairage public,Hors agglomération,Hors intersection,Normale,Deux véhicules - frontale,,,,,,,,,,,3,1,1,1.0,1.0
201000000702,0010-02-23 13:55:00,10,2,23,13,55,20,290,,,,Plein jour,Hors agglomération,Hors intersection,Temps couvert,Deux véhicules - côté,,,,,,,,,,,1,1,1,8.0,3.0
201000000703,0010-02-24 17:30:00,10,2,24,17,30,20,781,,,,Plein jour,Hors agglomération,Hors intersection,Pluie légère,Deux véhicules - côté,,,,,,,,,,,1,1,1,2.0,3.0
201000000704,0010-03-11 11:40:00,10,3,11,11,40,20,146,,,,Plein jour,Hors agglomération,Hors intersection,Normale,Autre collision,,,,,,,,,,,1,1,1,1.0,6.0
201000000705,0010-05-25 08:15:00,10,5,25,8,15,20,85,,,,Plein jour,Hors agglomération,Hors intersection,Normale,Deux véhicules - côté,,,,,,,,,,,1,1,1,1.0,3.0
201000000706,0010-06-29 07:45:00,10,6,29,7,45,20,228,36 route nationale,,,Plein jour,En agglomération,Hors intersection,Pluie forte,Autre collision,,,,,,,,,,,1,2,1,3.0,6.0
201000000707,0010-08-06 08:00:00,10,8,6,8,0,20,540,,,,Plein jour,Hors agglomération,Intersection en X,Normale,Deux véhicules - côté,,,,,,,,,,,1,1,2,1.0,3.0
201000000708,0010-08-14 08:10:00,10,8,14,8,10,20,677,,,,Plein jour,Hors agglomération,Hors intersection,Normale,Autre collision,,,,,,,,,,,1,1,1,1.0,6.0
201000000709,0010-08-30 14:15:00,10,8,30,14,15,20,53,,,,Plein jour,Hors agglomération,Hors intersection,Normale,Deux véhicules - frontale,,,,,,,,,,,1,1,1,1.0,1.0
201000000710,0010-10-16 18:30:00,10,10,16,18,30,20,290,,,,Plein jour,Hors agglomération,Intersection en T,Normale,Deux véhicules - côté,,,,,,,,,,,1,1,3,1.0,3.0
201000000711,0010-11-17 20:15:00,10,11,17,20,15,20,524,,,,Nuit sans éclairage public,Hors agglomération,Hors intersection,Normale,Sans collision,,,,,,,,,,,3,1,1,1.0,7.0
201000000712,0010-11-19 14:00:00,10,11,19,14,0,20,554,Avenue de Montmirail,,,Plein jour,En agglomération,Autre intersection,Normale,Deux véhicules - côté,,,,,,,,,,,1,2,9,1.0,3.0
201000000713,0010-01-15 19:15:00,10,1,15,19,15,20,521,AVENUE DE PARIS,,,Nuit sans éclairage public,En agglomération,Hors intersection,Pluie légère,Autre collision,,,,,,,,,,,3,2,1,2.0,6.0
201000000714,0010-09-12 10:00:00,10,9,12,10,0,20,163,,,,Plein jour,Hors agglomération,Intersection en T,Normale,Deux véhicules - côté,,,,,,,,,,,1,1,3,1.0,3.0
201000000715,0010-10-26 17:10:00,10,10,26,17,10,20,555,,,,Plein jour,Hors agglomération,Autre intersection,Normale,Deux véhicules - côté,,,,,,,,,,,1,1,9,1.0,3.0
201000000716,0010-02-07 08:00:00,10,2,7,8,0,20,655,,,,Crépuscule ou aube,Hors agglomération,Hors intersection,Temps couvert,Autre collision,,,,,,,,,,,2,1,1,8.0,6.0
201000000717,0010-04-18 17:00:00,10,4,18,17,0,20,227,,,,Plein jour,Hors agglomération,Intersection en T,Normale,Sans collision,,,,,,,,,,,1,1,3,1.0,7.0
201000000718,0010-04-27 12:45:00,10,4,27,12,45,20,307,,,,Plein jour,Hors agglomération,Intersection en T,Temps éblouissant,Deux véhicules - frontale,,,,,,,,,,,1,1,3,7.0,1.0
201000000719,0010-05-24 18:00:00,10,5,24,18,0,20,307,RUE ST LAZARE,,,Plein jour,En agglomération,Hors intersection,Normale,Sans collision,,,,,,,,,,,1,2,1,1.0,7.0
201000000720,0010-06-27 14:35:00,10,6,27,14,35,20,792,route de Château Thierry,,,Plein jour,En agglomération,Intersection en X,Normale,Deux véhicules - côté,,,,,,,,,,,1,2,2,1.0,3.0
201000000721,0010-08-05 08:30:00,10,8,5,8,30,20,307,RUE DE MEAUX,,,Plein jour,En agglomération,Intersection en T,Normale,Deux véhicules - frontale,,,,,,,,,,,1,2,3,1.0,1.0
201000000722,0010-08-11 09:05:00,10,8,11,9,5,20,512,6 RUE DU MOULIN,,,Plein jour,En agglomération,Autre intersection,Pluie légère,Autre collision,,,,,,,,,,,1,2,9,2.0,6.0
201000000723,0010-10-31 14:45:00,10,10,31,14,45,20,449,,,,Plein jour,Hors agglomération,Hors intersection,Normale,Autre collision,,,,,,,,,,,1,1,1,1.0,6.0
201000000724,0010-01-08 19:00:00,10,1,8,19,0,20,315,,,,Nuit sans éclairage public,Hors agglomération,Hors intersection,Temps couvert,Sans collision,,,,,,,,,,,3,1,1,8.0,7.0
201000000725,0010-01-12 13:00:00,10,1,12,13,0,20,60,carrefour D32/D73,,,Plein jour,En agglomération,Intersection en X,Temps couvert,Deux véhicules - côté,,,,,,,,,,,1,2,2,8.0,3.0
201000000726,0010-02-04 15:15:00,10,2,4,15,15,20,658,,,,Plein jour,Hors agglomération,Hors intersection,Normale,Autre collision,,,,,,,,,,,1,1,1,1.0,6.0
201000000727,0010-04-02 09:30:00,10,4,2,9,30,20,383,,,,Plein jour,Hors agglomération,Hors intersection,Normale,Deux véhicules - arrière,,,,,,,,,,,1,1,1,1.0,2.0
201000000728,0010-04-25 17:00:00,10,4,25,17,0,20,420,6 rue de Bourgogne,,,Plein jour,En agglomération,Hors intersection,Normale,Autre collision,,,,,,,,,,,1,2,1,1.0,6.0
201000000729,0010-05-02 17:30:00,10,5,2,17,30,20,270,,,,Plein jour,Hors agglomération,Hors intersection,Normale,Sans collision,,,,,,,,,,,1,1,1,1.0,7.0
201000000730,0010-05-22 19:45:00,10,5,22,19,45,20,32,rue St Nicolas,,,Plein jour,En agglomération,Hors intersection,Normale,Deux véhicules - côté,,,,,,,,,,,1,2,1,1.0,3.0
201000000731,0010-06-06 04:30:00,10,6,6,4,30,20,355,,,,Crépuscule ou aube,Hors agglomération,Hors intersection,Normale,Deux véhicules - côté,,,,,,,,,,,2,1,1,1.0,3.0
201000000732,0010-07-02 20:45:00,10,7,2,20,45,20,756,,,,Crépuscule ou aube,Hors agglomération,Hors intersection,Normale,Autre collision,,,,,,,,,,,2,1,1,1.0,6.0
201000000733,0010-08-30 14:00:00,10,8,30,14,0,20,19,Chemin du Marais,,,Plein jour,En agglomération,Hors intersection,Normale,Sans collision,,,,,,,,,,,1,2,1,1.0,7.0
201000000734,0010-09-13 07:15:00,10,9,13,7,15,20,785,,,,Plein jour,Hors agglomération,Intersection en T,Brouillard / fumée,Deux véhicules - côté,,,,,,,,,,,1,1,3,5.0,3.0
201000000735,0010-10-24 09:15:00,10,10,24,9,15,20,383,,,,Plein jour,Hors agglomération,Hors intersection,Brouillard / fumée,Sans collision,,,,,,,,,,,1,1,1,5.0,7.0
201000000736,0010-11-11 17:15:00,10,11,11,17,15,20,315,RUE DE LA FERE,,,Crépuscule ou aube,En agglomération,Hors intersection,Pluie légère,Autre collision,,,,,,,,,,,2,2,1,2.0,6.0
201000000737,0010-11-15 17:15:00,10,11,15,17,15,20,774,,,,Crépuscule ou aube,Hors agglomération,Intersection en Y,Pluie légère,Deux véhicules - côté,,,,,,,,,,,2,1,4,2.0,3.0
201000000738,0010-12-05 15:30:00,10,12,5,15,30,20,32,,,,Plein jour,Hors agglomération,Hors intersection,Neige / grêle,Autre collision,,,,,,,,,,,1,1,1,4.0,6.0
201000000739,0010-12-13 17:30:00,10,12,13,17,30,20,420,,,,Nuit avec éclairage allumé,En agglomération,Giratoire,Temps couvert,Deux véhicules - côté,,,,,,,,,,,5,2,6,8.0,3.0
201000000740,0010-02-02 09:15:00,10,2,2,9,15,20,112,,,,Plein jour,Hors agglomération,Hors intersection,Pluie légère,Deux véhicules - frontale,,,,,,,,,,,1,1,1,2.0,1.0
201000000741,0010-02-11 14:15:00,10,2,11,14,15,20,374,,,,Plein jour,Hors agglomération,Hors intersection,Neige / grêle,Deux véhicules - côté,,,,,,,,,,,1,1,1,4.0,3.0
201000000742,0010-03-27 03:00:00,10,3,27,3,0,20,322,PK D70 6+900,,,Nuit sans éclairage public,En agglomération,Hors intersection,Normale,Autre collision,,,,,,,,,,,3,2,1,1.0,6.0
201000000743,0010-03-15 16:45:00,10,3,15,16,45,20,95,Rue Jean Moulin,,,Plein jour,En agglomération,Hors intersection,Normale,Autre collision,,,,,,,,,,,1,2,1,1.0,6.0
201000000744,0010-08-11 20:50:00,10,8,11,20,50,20,95,RUE OLIVIER DE GUISE,,,Plein jour,En agglomération,Hors intersection,Normale,Autre collision,,,,,,,,,,,1,2,1,1.0,6.0
201000000745,0010-09-01 14:00:00,10,9,1,14,0,20,539,,,,Plein jour,Hors agglomération,Hors intersection,Normale,Sans collision,,,,,,,,,,,1,1,1,1.0,7.0
201000000746,0010-09-10 21:30:00,10,9,10,21,30,20,95,,,,Nuit sans éclairage public,Hors agglomération,Intersection en T,Normale,Autre collision,,,,,,,,,,,3,1,3,1.0,6.0
201000000747,0010-02-19 16:40:00,10,2,19,16,40,20,741,,,,Plein jour,Hors agglomération,Hors intersection,Normale,Deux véhicules - côté,,,,,,,,,,,1,1,1,1.0,3.0
201000000748,0010-04-12 21:15:00,10,4,12,21,15,20,306,,,,Nuit sans éclairage public,Hors agglomération,Hors intersection,Normale,Autre collision,,,,,,,,,,,3,1,1,1.0,6.0
201000000749,0010-05-16 20:15:00,10,5,16,20,15,20,9,27 rue VICQUET,,,Plein jour,En agglomération,Hors intersection,Normale,Autre collision,,,,,,,,,,,1,2,1,1.0,6.0
201000000750,0010-06-25 17:20:00,10,6,25,17,20,20,575,79 RUE PASTEUR,,,Plein jour,En agglomération,Hors intersection,Normale,Autre collision,,,,,,,,,,,1,2,1,1.0,6.0
201000000751,0010-06-28 17:15:00,10,6,28,17,15,20,287,,,,Plein jour,Hors agglomération,Intersection en T,Normale,Deux véhicules - côté,,,,,,,,,,,1,1,3,1.0,3.0
201000000752,0010-08-24 08:00:00,10,8,24,8,0,20,636,,,,Crépuscule ou aube,Hors agglomération,Intersection en X,Normale,Deux véhicules - frontale,,,,,,,,,,,2,1,2,1.0,1.0
201000000753,0010-08-28 14:45:00,10,8,28,14,45,20,775,Avenue du stade,,,Plein jour,En agglomération,Hors intersection,Normale,Deux véhicules - frontale,,,,,,,,,,,1,2,1,1.0,1.0
201000000754,0010-09-23 15:20:00,10,9,23,15,20,20,775,,,,Plein jour,Hors agglomération,Intersection en X,Normale,Autre collision,,,,,,,,,,,1,1,2,1.0,6.0
201000000755,0010-10-09 15:45:00,10,10,9,15,45,20,287,,,,Plein jour,Hors agglomération,Hors intersection,Normale,Autre collision,,,,,,,,,,,1,1,1,1.0,6.0
201000000756,0010-10-23 02:00:00,10,10,23,2,0,20,575,,,,Nuit avec éclairage non allumé,En agglomération,Hors intersection,Normale,Autre collision,,,,,,,,,,,4,2,1,1.0,6.0
201000000757,0010-03-19 19:30:00,10,3,19,19,30,20,226,,,,Nuit sans éclairage public,Hors agglomération,Hors intersection,Pluie légère,Deux véhicules - arrière,,,,,,,,,,,3,1,1,2.0,2.0
201000000758,0010-03-30 10:40:00,10,3,30,10,40,20,485,,,,Plein jour,Hors agglomération,Intersection en T,Temps couvert,Deux véhicules - côté,,,,,,,,,,,1,1,3,8.0,3.0
201000000759,0010-04-25 14:00:00,10,4,25,14,0,20,245,52 R. GEORGES DEVIOLAINE,,,Plein jour,En agglomération,Hors intersection,Normale,Deux véhicules - frontale,,,,,,,,,,,1,2,1,1.0,1.0
201000000760,0010-05-01 13:45:00,10,5,1,13,45,20,580,,,,Plein jour,Hors agglomération,Hors intersection,Normale,Sans collision,,,,,,,,,,,1,1,1,1.0,7.0
201000000761,0010-07-16 15:30:00,10,7,16,15,30,20,372,,,,Plein jour,Hors agglomération,Hors intersection,Normale,Deux véhicules - frontale,,,,,,,,,,,1,1,1,1.0,1.0
201000000762,0010-08-06 22:20:00,10,8,6,22,20,20,739,,,,Nuit sans éclairage public,Hors agglomération,Hors intersection,Normale,Deux véhicules - arrière,,,,,,,,,,,3,1,1,1.0,2.0
201000000763,0010-08-27 07:30:00,10,8,27,7,30,20,477,,,,Crépuscule ou aube,Hors agglomération,Hors intersection,Pluie forte,Deux véhicules - frontale,,,,,,,,,,,2,1,1,3.0,1.0
201000000764,0010-09-25 13:00:00,10,9,25,13,0,20,226,ROUTE DE CHATEAU THIERRY,,,Plein jour,En agglomération,Hors intersection,Normale,Autre collision,,,,,,,,,,,1,2,1,1.0,6.0
201000000765,0010-11-11 00:15:00,10,11,11,0,15,20,131,,,,Nuit sans éclairage public,Hors agglomération,Hors intersection,Normale,Deux véhicules - côté,,,,,,,,,,,3,1,1,1.0,3.0
201000000766,0010-02-05 07:00:00,10,2,5,7,0,20,224,,,,Nuit sans éclairage public,Hors agglomération,Hors intersection,Pluie légère,Deux véhicules - frontale,,,,,,,,,,,3,1,1,2.0,1.0
201000000767,0010-02-25 14:30:00,10,2,25,14,30,20,766,,,,Plein jour,Hors agglomération,Hors intersection,Pluie forte,Autre collision,,,,,,,,,,,1,1,1,3.0,6.0
201000000768,0010-03-02 06:45:00,10,3,2,6,45,20,36,,,,Crépuscule ou aube,Hors agglomération,Intersection en X,Normale,Deux véhicules - arrière,,,,,,,,,,,2,1,2,1.0,2.0
201000000769,0010-07-30 16:05:00,10,7,30,16,5,20,3,,,,Plein jour,Hors agglomération,Intersection en X,Normale,Deux véhicules - côté,,,,,,,,,,,1,1,2,1.0,3.0
201000000770,0010-08-23 12:55:00,10,8,23,12,55,20,255,,,,Plein jour,Hors agglomération,Autre intersection,Temps couvert,Deux véhicules - frontale,,,,,,,,,,,1,1,9,8.0,1.0
201000000771,0010-09-13 11:00:00,10,9,13,11,0,20,263,,,,Plein jour,Hors agglomération,Autre intersection,Normale,Autre collision,,,,,,,,,,,1,1,9,1.0,6.0
201000000772,0010-10-21 13:25:00,10,10,21,13,25,20,110,RUE DES REMPARTS,,,Plein jour,En agglomération,Intersection en X,Normale,Deux véhicules - frontale,,,,,,,,,,,1,2,2,1.0,1.0
201000000773,0010-10-27 17:50:00,10,10,27,17,50,20,620,,,,Plein jour,Hors agglomération,Intersection en X,Normale,Deux véhicules - frontale,,,,,,,,,,,1,1,2,1.0,1.0
201000000774,0010-11-29 07:00:00,10,11,29,7,0,20,110,,,,Nuit avec éclairage allumé,Hors agglomération,Hors intersection,Neige / grêle,Autre collision,,,,,,,,,,,5,1,1,4.0,6.0
201000000775,0010-12-11 12:30:00,10,12,11,12,30,20,439,13 rue du gue,,,Plein jour,En agglomération,Hors intersection,Normale,Deux véhicules - frontale,,,,,,,,,,,1,2,1,1.0,1.0
201000000776,0010-01-10 03:00:00,10,1,10,3,0,20,822,,,,Nuit sans éclairage public,Hors agglomération,Hors intersection,Autre,Sans collision,,,,,,,,,,,3,1,1,9.0,7.0
201000000777,0010-02-05 21:45:00,10,2,5,21,45,20,506,,,,Nuit sans éclairage public,Hors agglomération,Hors intersection,Normale,Autre collision,,,,,,,,,,,3,1,1,1.0,6.0
201000000778,0010-03-02 16:40:00,10,3,2,16,40,20,810,route de vivieres,,,Plein jour,En agglomération,Intersection en T,Normale,Deux véhicules - frontale,,,,,,,,,,,1,2,3,1.0,1.0
201000000779,0010-03-16 08:30:00,10,3,16,8,30,20,810,,,,Plein jour,Hors agglomération,Hors intersection,Normale,Sans collision,,,,,,,,,,,1,1,1,1.0,7.0
201000000780,0010-04-02 18:00:00,10,4,2,18,0,20,810,rue Pelet Otto,,,Plein jour,En agglomération,Intersection en T,Pluie légère,Deux véhicules - arrière,,,,,,,,,,,1,2,3,2.0,2.0
201000000781,0010-04-19 16:50:00,10,4,19,16,50,20,232,,,,Plein jour,Hors agglomération,Hors intersection,Normale,Deux véhicules - frontale,,,,,,,,,,,1,1,1,1.0,1.0
201000000782,0010-06-14 19:15:00,10,6,14,19,15,20,11,,,,Plein jour,Hors agglomération,Hors intersection,Normale,Sans collision,,,,,,,,,,,1,1,1,1.0,7.0
201000000783,0010-06-25 07:30:00,10,6,25,7,30,20,810,,,,Plein jour,Hors agglomération,Hors intersection,Normale,Trois véhicules et plus - collisions multiples,,,,,,,,,,,1,1,1,1.0,5.0
201000000784,0010-07-03 06:30:00,10,7,3,6,30,20,11,,,,Crépuscule ou aube,Hors agglomération,Hors intersection,Temps couvert,Sans collision,,,,,,,,,,,2,1,1,8.0,7.0
201000000785,0010-07-15 16:00:00,10,7,15,16,0,20,232,,,,Plein jour,Hors agglomération,Hors intersection,Normale,Trois véhicules et plus - collisions multiples,,,,,,,,,,,1,1,1,1.0,5.0
201000000786,0010-07-17 20:30:00,10,7,17,20,30,20,410,,,,Crépuscule ou aube,Hors agglomération,Hors intersection,Normale,Autre collision,,,,,,,,,,,2,1,1,1.0,6.0
201000000787,0010-07-23 22:30:00,10,7,23,22,30,20,734,,,,Nuit sans éclairage public,Hors agglomération,Hors intersection,Normale,Sans collision,,,,,,,,,,,3,1,1,1.0,7.0
201000000788,0010-08-04 15:30:00,10,8,4,15,30,20,71,,,,Plein jour,Hors agglomération,Hors intersection,Normale,Autre collision,,,,,,,,,,,1,1,1,1.0,6.0
201000000789,0010-08-13 21:00:00,10,8,13,21,0,20,810,rue lavoisier,,,Crépuscule ou aube,En agglomération,Hors intersection,Normale,Deux véhicules - arrière,,,,,,,,,,,2,2,1,1.0,2.0
201000000790,0010-08-30 18:00:00,10,8,30,18,0,20,15,,,,Plein jour,Hors agglomération,Hors intersection,Normale,Sans collision,,,,,,,,,,,1,1,1,1.0,7.0
201000000791,0010-09-18 19:50:00,10,9,18,19,50,20,810,Rue du général Leclerc,,,Nuit avec éclairage allumé,En agglomération,Intersection en X,Normale,Deux véhicules - côté,,,,,,,,,,,5,2,2,1.0,3.0
201000000792,0010-09-28 09:00:00,10,9,28,9,0,20,368,,,,Plein jour,Hors agglomération,Hors intersection,Normale,Autre collision,,,,,,,,,,,1,1,1,1.0,6.0
201000000793,0010-10-23 22:45:00,10,10,23,22,45,20,201,,,,Nuit sans éclairage public,Hors agglomération,Hors intersection,Autre,Sans collision,,,,,,,,,,,3,1,1,9.0,7.0
201000000794,0010-11-10 07:30:00,10,11,10,7,30,20,810,AVENUE SAINT NICOLAS,,,Nuit avec éclairage allumé,En agglomération,Intersection en Y,Pluie légère,Autre collision,,,,,,,,,,,5,2,4,2.0,6.0
201000000795,0010-11-17 18:30:00,10,11,17,18,30,20,810,,,,Nuit sans éclairage public,Hors agglomération,Autre intersection,Normale,Deux véhicules - frontale,,,,,,,,,,,3,1,9,1.0,1.0
201000000796,0010-01-02 16:00:00,10,1,2,16,0,20,109,rue de vervins,,,Plein jour,En agglomération,Hors intersection,Normale,Deux véhicules - frontale,,,,,,,,,,,1,2,1,1.0,1.0
201000000797,0010-02-12 16:15:00,10,2,12,16,15,20,373,D966/D61,,,Plein jour,En agglomération,Intersection en T,Normale,Deux véhicules - frontale,,,,,,,,,,,1,2,3,1.0,1.0
201000000798,0010-04-20 07:10:00,10,4,20,7,10,20,801,,,,Plein jour,Hors agglomération,Hors intersection,Normale,Autre collision,,,,,,,,,,,1,1,1,1.0,6.0
201000000799,0010-04-30 22:00:00,10,4,30,22,0,20,369,RUE PRINCIPALE,,,Nuit avec éclairage allumé,En agglomération,Hors intersection,Normale,Sans collision,,,,,,,,,,,5,2,1,1.0,7.0
201000000800,0010-05-11 18:20:00,10,5,11,18,20,20,789,RUE DUSOLON,,,Plein jour,En agglomération,Intersection en T,Pluie légère,Deux véhicules - côté,,,,,,,,,,,1,2,3,2.0,3.0
201000000801,0010-07-25 00:30:00,10,7,25,0,30,20,666,CD977,,,Nuit avec éclairage allumé,En agglomération,Hors intersection,Normale,Autre collision,,,,,,,,,,,5,2,1,1.0,6.0
201000000802,0010-10-08 22:15:00,10,10,8,22,15,20,574,,,,Nuit sans éclairage public,Hors agglomération,Hors intersection,Normale,Autre collision,,,,,,,,,,,3,1,1,1.0,6.0
201000000803,0010-01-20 10:30:00,10,1,20,10,30,20,135,75 bis route nationale,,,Plein jour,Hors agglomération,Hors intersection,Normale,Deux véhicules - arrière,,,,,,,,,,,1,1,1,1.0,2.0
201000000804,0010-01-23 15:55:00,10,1,23,15,55,20,832,,,,Plein jour,Hors agglomération,Autre intersection,Pluie légère,Autre collision,,,,,,,,,,,1,1,9,2.0,6.0
201000000805,0010-05-22 19:30:00,10,5,22,19,30,20,197,,,,Plein jour,Hors agglomération,Hors intersection,Normale,Autre collision,,,,,,,,,,,1,1,1,1.0,6.0