accident_id,datetime,annee,mois,jour,heure,minute,departement,commune_insee,adresse,latitude,longitude,luminosite,agglomeration,intersection,meteo,collision,nb_vehicules,nb_usagers,nb_indemnes,nb_tues,nb_blesses_hosp,nb_blesses_legers,age_cond_1,age_cond_2,veh_type_cond_1,veh_type_cond_2,lum_code,agg_code,int_code,atm_code,col_code
201000000806,0010-05-22 22:00:00,10,5,22,22,0,20,197,,,,Nuit sans éclairage public,Hors agglomération,Hors intersection,Normale,Autre collision,,,,,,,,,,,3,1,1,1.0,6.0
201000000807,0010-06-12 09:40:00,10,6,12,9,40,20,650,,,,Plein jour,Hors agglomération,Hors intersection,Normale,Deux véhicules - frontale,,,,,,,,,,,1,1,1,1.0,1.0
201000000808,0010-06-15 15:30:00,10,6,15,15,30,20,558,,,,Plein jour,Hors agglomération,Hors intersection,Normale,Autre collision,,,,,,,,,,,1,1,1,1.0,6.0
201000000809,0010-06-25 00:45:00,10,6,25,0,45,20,650,D 285,,,Nuit sans éclairage public,En agglomération,Hors intersection,Normale,Autre collision,,,,,,,,,,,3,2,1,1.0,6.0
201000000810,0010-10-04 19:15:00,10,10,4,19,15,20,286,3 RUE DE LA PLANCHETTE,,,Crépuscule ou aube,En agglomération,Hors intersection,Normale,Deux véhicules - frontale,,,,,,,,,,,2,2,1,1.0,1.0
201000000811,0010-10-09 20:45:00,10,10,9,20,45,20,688,,,,Nuit avec éclairage non allumé,Hors agglomération,Hors intersection,Normale,Deux véhicules - frontale,,,,,,,,,,,4,1,1,1.0,1.0
201000000812,0010-10-24 12:35:00,10,10,24,12,35,20,141,rue du trou d'odin,,,Plein jour,En agglomération,Intersection en T,Temps couvert,Deux véhicules - frontale,,,,,,,,,,,1,2,3,8.0,1.0
201000000813,0010-03-09 18:00:00,10,3,9,18,0,20,753,,,,Plein jour,Hors agglomération,Hors intersection,Normale,Deux véhicules - frontale,,,,,,,,,,,1,1,1,1.0,1.0
201000000814,0010-04-01 13:24:00,10,4,1,13,24,20,366,,,,Plein jour,Hors agglomération,Intersection en X,Neige / grêle,Deux véhicules - frontale,,,,,,,,,,,1,1,2,4.0,1.0
201000000815,0010-04-01 17:50:00,10,4,1,17,50,20,753,,,,Plein jour,Hors agglomération,Hors intersection,Normale,Autre collision,,,,,,,,,,,1,1,1,1.0,6.0
201000000816,0010-04-23 08:15:00,10,4,23,8,15,20,361,221 rue andré godin,,,Plein jour,En agglomération,Autre intersection,Normale,Autre collision,,,,,,,,,,,1,2,9,1.0,6.0
201000000817,0010-04-25 05:15:00,10,4,25,5,15,20,769,,,,Nuit sans éclairage public,Hors agglomération,Hors intersection,Normale,Autre collision,,,,,,,,,,,3,1,1,1.0,6.0
201000000818,0010-04-30 19:10:00,10,4,30,19,10,20,488,6 rue Jean jaurès,,,Plein jour,En agglomération,Intersection en T,Normale,Deux véhicules - côté,,,,,,,,,,,1,2,3,1.0,3.0
201000000819,0010-05-16 11:30:00,10,5,16,11,30,20,422,rue de la Cavée Robin,,,Plein jour,En agglomération,Hors intersection,Normale,Autre collision,,,,,,,,,,,1,2,1,1.0,6.0
201000000820,0010-05-31 18:00:00,10,5,31,18,0,20,361,RUE BEAUVAL,,,Plein jour,En agglomération,Hors intersection,Normale,Autre collision,,,,,,,,,,,1,2,1,1.0,6.0
201000000821,0010-06-13 05:30:00,10,6,13,5,30,20,830,rue du Général Giraud,,,Plein jour,En agglomération,Hors intersection,Normale,Autre collision,,,,,,,,,,,1,2,1,1.0,6.0
201000000822,0010-08-02 18:30:00,10,8,2,18,30,20,469,,,,Plein jour,Hors agglomération,Hors intersection,Normale,Deux véhicules - frontale,,,,,,,,,,,1,1,1,1.0,1.0
201000000823,0010-09-12 02:15:00,10,9,12,2,15,20,814,CD 1029,,,Nuit avec éclairage allumé,En agglomération,Hors intersection,Normale,Autre collision,,,,,,,,,,,5,2,1,1.0,6.0
201000000824,0010-09-13 11:00:00,10,9,13,11,0,20,298,rue de la HOUBLONNIERE,,,Plein jour,En agglomération,Hors intersection,Normale,Deux véhicules - frontale,,,,,,,,,,,1,2,1,1.0,1.0
201000000825,0010-09-22 12:55:00,10,9,22,12,55,20,830,RUE DU DOCTEUR MARECHAL,,,Plein jour,En agglomération,Hors intersection,Normale,Deux véhicules - frontale,,,,,,,,,,,1,2,1,1.0,1.0
201000000826,0010-09-23 15:20:00,10,9,23,15,20,20,366,,,,Plein jour,Hors agglomération,Hors intersection,Normale,Deux véhicules - côté,,,,,,,,,,,1,1,1,1.0,3.0
201000000827,0010-03-25 20:45:00,10,3,25,20,45,20,495,,,,Nuit sans éclairage public,Hors agglomération,Hors intersection,Pluie légère,Deux véhicules - arrière,,,,,,,,,,,3,1,1,2.0,2.0
201000000828,0010-03-27 17:30:00,10,3,27,17,30,20,425,19 grande rue,,,Plein jour,En agglomération,Hors intersection,Normale,Deux véhicules - côté,,,,,,,,,,,1,2,1,1.0,3.0
201000000829,0010-04-17 10:00:00,10,4,17,10,0,20,20,HAMEAU DE LA FOLIE,,,Plein jour,En agglomération,Intersection en X,Normale,Deux véhicules - frontale,,,,,,,,,,,1,2,2,1.0,1.0
201000000830,0010-04-25 17:05:00,10,4,25,17,5,20,574,D75 pk10+900,,,Plein jour,En agglomération,Hors intersection,Normale,Deux véhicules - frontale,,,,,,,,,,,1,2,1,1.0,1.0
201000000831,0010-05-29 13:00:00,10,5,29,13,0,20,381,21 rue du 4 septembre,,,Plein jour,En agglomération,Hors intersection,Normale,Autre collision,,,,,,,,,,,1,2,1,1.0,6.0
201000000832,0010-06-21 18:25:00,10,6,21,18,25,20,684,ROUTE D HIRSON,,,Plein jour,En agglomération,Hors intersection,Normale,Deux véhicules - côté,,,,,,,,,,,1,2,1,1.0,3.0
201000000833,0010-09-15 12:00:00,10,9,15,12,0,20,381,,,,Plein jour,Hors agglomération,Hors intersection,Normale,Deux véhicules - côté,,,,,,,,,,,1,1,1,1.0,3.0
201000000834,0010-09-17 16:45:00,10,9,17,16,45,20,831,Route de signy,,,Plein jour,En agglomération,Hors intersection,Normale,Sans collision,,,,,,,,,,,1,2,1,1.0,7.0
201000000835,0010-10-29 17:55:00,10,10,29,17,55,20,684,8 rue THIERS,,,Plein jour,En agglomération,Autre intersection,Normale,Autre collision,,,,,,,,,,,1,2,9,1.0,6.0
201000000836,0010-10-21 07:50:00,10,10,21,7,50,20,381,,,,Crépuscule ou aube,Hors agglomération,Hors intersection,Autre,Deux véhicules - côté,,,,,,,,,,,2,1,1,9.0,3.0
201000000837,0010-01-05 18:45:00,10,1,5,18,45,600,103,,,,Nuit sans éclairage public,Hors agglomération,Hors intersection,Normale,Autre collision,,,,,,,,,,,3,1,1,1.0,6.0
201000000838,0010-02-23 20:00:00,10,2,23,20,0,600,41,CD 12 hameau l'alouette,,,Nuit avec éclairage allumé,En agglomération,Hors intersection,Normale,Autre collision,,,,,,,,,,,5,2,1,1.0,6.0
201000000839,0010-06-12 15:15:00,10,6,12,15,15,600,41,rue voltaire,,,Plein jour,En agglomération,Hors intersection,Normale,Deux véhicules - frontale,,,,,,,,,,,1,2,1,1.0,1.0
201000000840,0010-06-26 15:30:00,10,6,26,15,30,600,103,,49.398,2.252,Plein jour,Hors agglomération,Hors intersection,Normale,Deux véhicules - côté,,,,,,,,,,,1,1,1,1.0,3.0
201000000841,0010-07-04 21:45:00,10,7,4,21,45,600,9,,,,Plein jour,Hors agglomération,Hors intersection,Normale,Sans collision,,,,,,,,,,,1,1,1,1.0,7.0
201000000842,0010-07-21 16:45:00,10,7,21,16,45,600,542,,,,Plein jour,Hors agglomération,Hors intersection,Normale,Deux véhicules - côté,,,,,,,,,,,1,1,1,1.0,3.0
201000000843,0010-07-30 01:45:00,10,7,30,1,45,600,250,RD616/rue de Montmille,,,Nuit avec éclairage allumé,En agglomération,Hors intersection,Normale,Sans collision,,,,,,,,,,,5,2,1,1.0,7.0
201000000844,0010-08-18 19:30:00,10,8,18,19,30,600,310,,,,Plein jour,Hors agglomération,Intersection en T,Normale,Deux véhicules - frontale,,,,,,,,,,,1,1,3,1.0,1.0
201000000845,0010-09-16 18:00:00,10,9,16,18,0,600,428,,49.462,2.0,Plein jour,Hors agglomération,Hors intersection,Normale,Deux véhicules - frontale,,,,,,,,,,,1,1,1,1.0,1.0
201000000846,0010-09-18 18:30:00,10,9,18,18,30,600,542,,,,Plein jour,Hors agglomération,Hors intersection,Normale,Deux véhicules - côté,,,,,,,,,,,1,1,1,1.0,3.0
201000000847,0010-10-27 20:15:00,10,10,27,20,15,600,628,CD 12 PK 0+300,,,Nuit avec éclairage allumé,En agglomération,Hors intersection,Pluie légère,Deux véhicules - frontale,,,,,,,,,,,5,2,1,2.0,1.0
201000000848,0010-11-04 17:00:00,10,11,4,17,0,600,9,,49.4,2.104,Crépuscule ou aube,Hors agglomération,Hors intersection,Pluie légère,Deux véhicules - frontale,,,,,,,,,,,2,1,1,2.0,1.0
201000000849,0010-03-01 00:45:00,10,3,1,0,45,600,577,03 rue de bretel,49.449,1.745,Nuit sans éclairage public,En agglomération,Hors intersection,Temps couvert,Autre collision,,,,,,,,,,,3,2,1,8.0,6.0
201000000850,0010-03-26 05:30:00,10,3,26,5,30,600,30,,49.367,2.107,Crépuscule ou aube,Hors agglomération,Hors intersection,Normale,Trois véhicules et plus - collisions multiples,,,,,,,,,,,2,1,1,1.0,5.0
201000000851,0010-04-16 21:30:00,10,4,16,21,30,600,29,,49.365,2.017,Nuit sans éclairage public,Hors agglomération,Intersection en T,Normale,Deux véhicules - côté,,,,,,,,,,,3,1,3,1.0,3.0
201000000852,0010-06-19 10:30:00,10,6,19,10,30,600,577,,,,Plein jour,Hors agglomération,Hors intersection,Normale,Deux véhicules - côté,,,,,,,,,,,1,1,1,1.0,3.0
201000000853,0010-06-18 19:30:00,10,6,18,19,30,600,220,,,,Plein jour,Hors agglomération,Intersection en T,Normale,Deux véhicules - côté,,,,,,,,,,,1,1,3,1.0,3.0
201000000854,0010-07-05 23:00:00,10,7,5,23,0,600,29,RD2 - rue de friancourt,49.377,1.987,Nuit avec éclairage allumé,En agglomération,Hors intersection,Normale,Autre collision,,,,,,,,,,,5,2,1,1.0,6.0
201000000855,0010-07-06 15:00:00,10,7,6,15,0,600,591,,49.426,1.973,Plein jour,Hors agglomération,Hors intersection,Temps éblouissant,Deux véhicules - frontale,,,,,,,,,,,1,1,1,7.0,1.0
201000000856,0010-07-23 04:15:00,10,7,23,4,15,600,63,,,,Crépuscule ou aube,Hors agglomération,Hors intersection,Pluie légère,Deux véhicules - côté,,,,,,,,,,,2,1,1,2.0,3.0
201000000857,0010-08-10 17:30:00,10,8,10,17,30,600,29,rue de Maréchal Foch,,,Plein jour,En agglomération,Hors intersection,Pluie légère,Deux véhicules - arrière,,,,,,,,,,,1,2,1,2.0,2.0
201000000858,0010-08-13 22:00:00,10,8,13,22,0,600,29,,,,Crépuscule ou aube,Hors agglomération,Hors intersection,Pluie légère,Sans collision,,,,,,,,,,,2,1,1,2.0,7.0
201000000859,0010-09-01 14:00:00,10,9,1,14,0,600,616,,49.347,1.775,Plein jour,Hors agglomération,Hors intersection,Normale,Deux véhicules - frontale,,,,,,,,,,,1,1,1,1.0,1.0
201000000860,0010-10-23 05:30:00,10,10,23,5,30,600,616,,,,Crépuscule ou aube,Hors agglomération,Hors intersection,Temps couvert,Autre collision,,,,,,,,,,,2,1,1,8.0,6.0
201000000861,0010-11-06 15:30:00,10,11,6,15,30,600,30,,49.33,2.08999,Plein jour,Hors agglomération,Hors intersection,Pluie légère,Deux véhicules - frontale,,,,,,,,,,,1,1,1,2.0,1.0
201000000862,0010-11-09 16:15:00,10,11,9,16,15,600,29,,49.38,1.97,Plein jour,Hors agglomération,Hors intersection,Normale,Trois véhicules et plus - en chaîne,,,,,,,,,,,1,1,1,1.0,4.0
201000000863,0010-11-10 07:15:00,10,11,10,7,15,600,30,,,,Nuit sans éclairage public,Hors agglomération,Hors intersection,Temps couvert,Deux véhicules - frontale,,,,,,,,,,,3,1,1,8.0,1.0
201000000864,0010-11-23 13:30:00,10,11,23,13,30,600,567,RN 31 - Les Fontainettes,49.44,1.901,Plein jour,En agglomération,Intersection en T,Normale,Deux véhicules - arrière,,,,,,,,,,,1,2,3,1.0,2.0
201000000865,0010-12-23 23:00:00,10,12,23,23,0,600,477,,,,Nuit sans éclairage public,Hors agglomération,Hors intersection,Neige / grêle,Deux véhicules - frontale,,,,,,,,,,,3,1,1,4.0,1.0
201000000866,0010-03-15 06:30:00,10,3,15,6,30,600,89,,,,Crépuscule ou aube,Hors agglomération,Intersection en X,Normale,Deux véhicules - côté,,,,,,,,,,,2,1,2,1.0,3.0
201000000867,0010-04-16 09:45:00,10,4,16,9,45,600,363,,,,Plein jour,Hors agglomération,Hors intersection,Normale,Deux véhicules - frontale,,,,,,,,,,,1,1,1,1.0,1.0
201000000868,0010-05-09 04:30:00,10,5,9,4,30,600,169,,,,Nuit avec éclairage non allumé,Hors agglomération,Hors intersection,Normale,Autre collision,,,,,,,,,,,4,1,1,1.0,6.0
201000000869,0010-05-26 15:00:00,10,5,26,15,0,600,528,,,,Plein jour,Hors agglomération,Hors intersection,Normale,Deux véhicules - côté,,,,,,,,,,,1,1,1,1.0,3.0
201000000870,0010-06-24 08:00:00,10,6,24,8,0,600,211,,,,Plein jour,Hors agglomération,Hors intersection,Normale,Deux véhicules - arrière,,,,,,,,,,,1,1,1,1.0,2.0
201000000871,0010-07-31 21:45:00,10,7,31,21,45,600,97,,,,Plein jour,En agglomération,Hors intersection,Normale,Sans collision,,,,,,,,,,,1,2,1,1.0,7.0
201000000872,0010-08-12 17:45:00,10,8,12,17,45,600,195,,,,Plein jour,Hors agglomération,Intersection en X,Normale,Deux véhicules - côté,,,,,,,,,,,1,1,2,1.0,3.0
201000000873,0010-09-21 20:00:00,10,9,21,20,0,600,90,,,,Nuit sans éclairage public,Hors agglomération,Hors intersection,Normale,Deux véhicules - côté,,,,,,,,,,,3,1,1,1.0,3.0
201000000874,0010-10-07 16:00:00,10,10,7,16,0,600,143,,,,Plein jour,Hors agglomération,Hors intersection,Normale,Trois véhicules et plus - en chaîne,,,,,,,,,,,1,1,1,1.0,4.0
201000000875,0010-11-17 06:15:00,10,11,17,6,15,600,645,,,,Nuit sans éclairage public,Hors agglomération,Hors intersection,Brouillard / fumée,Sans collision,,,,,,,,,,,3,1,1,5.0,7.0
201000000876,0010-12-11 18:45:00,10,12,11,18,45,600,211,,,,Nuit sans éclairage public,Hors agglomération,Hors intersection,Pluie légère,Deux véhicules - côté,,,,,,,,,,,3,1,1,2.0,3.0
201000000877,0010-01-20 09:30:00,10,1,20,9,30,600,403,,,,Plein jour,En agglomération,Intersection en X,Normale,Trois véhicules et plus - collisions multiples,,,,,,,,,,,1,2,2,1.0,5.0
201000000878,0010-02-11 16:30:00,10,2,11,16,30,600,286,,,,Plein jour,Hors agglomération,Hors intersection,Neige / grêle,Autre collision,,,,,,,,,,,1,1,1,4.0,6.0
201000000879,0010-02-12 16:15:00,10,2,12,16,15,600,289,rue du Hamel,,,Plein jour,En agglomération,Hors intersection,Neige / grêle,Deux véhicules - frontale,,,,,,,,,,,1,2,1,4.0,1.0
201000000880,0010-02-01 16:30:00,10,2,1,16,30,600,217,,,,Plein jour,Hors agglomération,Hors intersection,Temps couvert,Deux véhicules - côté,,,,,,,,,,,1,1,1,8.0,3.0
201000000881,0010-03-20 15:45:00,10,3,20,15,45,600,286,,,,Plein jour,Hors agglomération,Hors intersection,Normale,Trois véhicules et plus - collisions multiples,,,,,,,,,,,1,1,1,1.0,5.0
201000000882,0010-03-27 21:00:00,10,3,27,21,0,600,314,,,,Nuit sans éclairage public,Hors agglomération,Hors intersection,Normale,Autre collision,,,,,,,,,,,3,1,1,1.0,6.0
201000000883,0010-04-24 19:00:00,10,4,24,19,0,600,1,Croisement RD316 et RD7,,,Plein jour,En agglomération,Intersection en T,Normale,Deux véhicules - côté,,,,,,,,,,,1,2,3,1.0,3.0
201000000884,0010-04-27 17:00:00,10,4,27,17,0,600,286,Place Barbier RD 901,,,Plein jour,En agglomération,Hors intersection,Normale,Autre collision,,,,,,,,,,,1,2,1,1.0,6.0
201000000885,0010-05-08 18:00:00,10,5,8,18,0,600,403,,,,Plein jour,Hors agglomération,Hors intersection,Normale,Deux véhicules - frontale,,,,,,,,,,,1,1,1,1.0,1.0
201000000886,0010-06-04 21:00:00,10,6,4,21,0,600,697,,,,Crépuscule ou aube,Hors agglomération,Hors intersection,Normale,Autre collision,,,,,,,,,,,2,1,1,1.0,6.0
201000000887,0010-06-12 04:15:00,10,6,12,4,15,600,588,,,,Nuit sans éclairage public,Hors agglomération,Hors intersection,Normale,Autre collision,,,,,,,,,,,3,1,1,1.0,6.0
201000000888,0010-06-13 01:00:00,10,6,13,1,0,600,405,départementale 7,,,Nuit avec éclairage non allumé,En agglomération,Intersection en X,Normale,Deux véhicules - côté,,,,,,,,,,,4,2,2,1.0,3.0
201000000889,0010-06-25 00:30:00,10,6,25,0,30,600,286,rue d'AMIENS,,,Nuit avec éclairage allumé,En agglomération,Giratoire,Normale,Autre collision,,,,,,,,,,,5,2,6,1.0,6.0
201000000890,0010-06-27 12:45:00,10,6,27,12,45,600,286,Rue Frédéric Petit,,,Plein jour,En agglomération,Intersection en T,Normale,Deux véhicules - frontale,,,,,,,,,,,1,2,3,1.0,1.0
201000000891,0010-07-04 11:15:00,10,7,4,11,15,600,286,Rue de ROUEN,,,Plein jour,En agglomération,Hors intersection,Normale,Deux véhicules - arrière,,,,,,,,,,,1,2,1,1.0,2.0
201000000892,0010-07-07 17:30:00,10,7,7,17,30,600,623,,49.542,1.874,Plein jour,Hors agglomération,Hors intersection,Normale,Deux véhicules - frontale,,,,,,,,,,,1,1,1,1.0,1.0
201000000893,0010-07-14 21:00:00,10,7,14,21,0,600,633,,,,Crépuscule ou aube,Hors agglomération,Hors intersection,Normale,Autre collision,,,,,,,,,,,2,1,1,1.0,6.0
201000000894,0010-08-08 19:45:00,10,8,8,19,45,600,180,,,,Plein jour,Hors agglomération,Hors intersection,Normale,Trois véhicules et plus - collisions multiples,,,,,,,,,,,1,1,1,1.0,5.0
201000000895,0010-08-20 15:30:00,10,8,20,15,30,600,4,,,,Plein jour,Hors agglomération,Hors intersection,Normale,Deux véhicules - côté,,,,,,,,,,,1,1,1,1.0,3.0
201000000896,0010-09-07 12:00:00,10,9,7,12,0,600,109,rue de feuquières,,,Plein jour,En agglomération,Hors intersection,Normale,Deux véhicules - côté,,,,,,,,,,,1,2,1,1.0,3.0
201000000897,0010-10-02 16:00:00,10,10,2,16,0,600,604,,49.683,1.899,Plein jour,Hors agglomération,Hors intersection,Normale,Autre collision,,,,,,,,,,,1,1,1,1.0,6.0
201000000898,0010-10-29 15:00:00,10,10,29,15,0,600,295,,,,Crépuscule ou aube,Hors agglomération,Hors intersection,Temps couvert,Autre collision,,,,,,,,,,,2,1,1,8.0,6.0
201000000899,0010-11-08 15:00:00,10,11,8,15,0,600,286,rue Frédéric Petit,,,Plein jour,En agglomération,Hors intersection,Pluie forte,Autre collision,,,,,,,,,,,1,2,1,3.0,6.0
201000000900,0010-11-10 07:15:00,10,11,10,7,15,600,458,rue Prud Homme,,,Plein jour,En agglomération,Hors intersection,Normale,Deux véhicules - frontale,,,,,,,,,,,1,2,1,1.0,1.0
201000000901,0010-11-29 17:45:00,10,11,29,17,45,600,444,,49.627,1.792,Nuit sans éclairage public,Hors agglomération,Hors intersection,Normale,Deux véhicules - côté,,,,,,,,,,,3,1,1,1.0,3.0
201000000902,0010-12-15 16:30:00,10,12,15,16,30,600,245,rue d'amiens,,,Plein jour,En agglomération,Hors intersection,Pluie forte,Deux véhicules - arrière,,,,,,,,,,,1,2,1,3.0,2.0
201000000903,0010-02-14 13:00:00,10,2,14,13,0,600,395,,,,Plein jour,Hors agglomération,Intersection en X,Normale,Deux véhicules - côté,,,,,,,,,,,1,1,2,1.0,3.0
201000000904,0010-02-26 22:30:00,10,2,26,22,30,600,395,,,,Nuit sans éclairage public,Hors agglomération,Hors intersection,Normale,Deux véhicules - frontale,,,,,,,,,,,3,1,1,1.0,1.0
201000000905,0010-03-28 16:45:00,10,3,28,16,45,600,395,,,,Plein jour,Hors agglomération,Intersection en X,Normale,Deux véhicules - côté,,,,,,,,,,,1,1,2,1.0,3.0
201000000906,0010-05-05 19:00:00,10,5,5,19,0,600,246,,,,Plein jour,En agglomération,Hors intersection,Normale,Deux véhicules - frontale,,,,,,,,,,,1,2,1,1.0,1.0
201000000907,0010-05-10 21:00:00,10,5,10,21,0,600,395,,,,Crépuscule ou aube,Hors agglomération,Hors intersection,Normale,Deux véhicules - frontale,,,,,,,,,,,2,1,1,1.0,1.0
201000000908,0010-06-09 12:15:00,10,6,9,12,15,600,309,,,,Plein jour,Hors agglomération,Hors intersection,Normale,Sans collision,,,,,,,,,,,1,1,1,1.0,7.0
201000000909,0010-06-22 17:15:00,10,6,22,17,15,600,162,,,,Plein jour,Hors agglomération,Hors intersection,Normale,Deux véhicules - côté,,,,,,,,,,,1,1,1,1.0,3.0
201000000910,0010-06-26 18:00:00,10,6,26,18,0,600,162,,,,Plein jour,Hors agglomération,Hors intersection,Normale,Trois véhicules et plus - collisions multiples,,,,,,,,,,,1,1,1,1.0,5.0
201000000911,0010-07-28 19:00:00,10,7,28,19,0,600,417,,,,Plein jour,Hors agglomération,Hors intersection,Normale,Deux véhicules - côté,,,,,,,,,,,1,1,1,1.0,3.0
201000000912,0010-08-14 23:45:00,10,8,14,23,45,600,309,,,,Nuit sans éclairage public,Hors agglomération,Hors intersection,Normale,Autre collision,,,,,,,,,,,3,1,1,1.0,6.0
201000000913,0010-08-26 07:30:00,10,8,26,7,30,600,395,,,,Plein jour,Hors agglomération,Hors intersection,Normale,Deux véhicules - frontale,,,,,,,,,,,1,1,1,1.0,1.0
201000000914,0010-09-17 17:30:00,10,9,17,17,30,600,570,,,,Plein jour,Hors agglomération,Hors intersection,Normale,Sans collision,,,,,,,,,,,1,1,1,1.0,7.0
201000000915,0010-09-18 10:00:00,10,9,18,10,0,600,395,22 rue louis deshayes,,,Plein jour,En agglomération,Hors intersection,Normale,Autre collision,,,,,,,,,,,1,2,1,1.0,6.0
201000000916,0010-09-23 13:15:00,10,9,23,13,15,600,570,,,,Plein jour,Hors agglomération,Hors intersection,Normale,Deux véhicules - frontale,,,,,,,,,,,1,1,1,1.0,1.0
201000000917,0010-10-22 20:15:00,10,10,22,20,15,600,88,D105 le menillet,,,Nuit sans éclairage public,En agglomération,Hors intersection,Normale,Deux véhicules - frontale,,,,,,,,,,,3,2,1,1.0,1.0
201000000918,0010-11-17 08:00:00,10,11,17,8,0,600,678,,,,Crépuscule ou aube,Hors agglomération,Intersection en X,Normale,Deux véhicules - frontale,,,,,,,,,,,2,1,2,1.0,1.0
201000000919,0010-01-30 15:15:00,10,1,30,15,15,600,620,,,,Plein jour,Hors agglomération,Hors intersection,Autre,Autre collision,,,,,,,,,,,1,1,1,9.0,6.0
201000000920,0010-02-21 19:00:00,10,2,21,19,0,600,316,,,,Nuit sans éclairage public,Hors agglomération,Intersection en X,Normale,Deux véhicules - frontale,,,,,,,,,,,3,1,2,1.0,1.0
201000000921,0010-04-21 14:30:00,10,4,21,14,30,600,700,,,,Plein jour,Hors agglomération,Hors intersection,Normale,Deux véhicules - arrière,,,,,,,,,,,1,1,1,1.0,2.0
201000000922,0010-04-25 16:45:00,10,4,25,16,45,600,575,rue de noailles,,,Plein jour,En agglomération,Hors intersection,Normale,Deux véhicules - frontale,,,,,,,,,,,1,2,1,1.0,1.0
201000000923,0010-05-29 16:30:00,10,5,29,16,30,600,462,rue mignon,,,Plein jour,En agglomération,Hors intersection,Normale,Sans collision,,,,,,,,,,,1,2,1,1.0,7.0
201000000924,0010-08-25 18:30:00,10,8,25,18,30,600,462,Rue de Parisis Fontaine,,,Plein jour,En agglomération,Hors intersection,Temps couvert,Deux véhicules - côté,,,,,,,,,,,1,2,1,8.0,3.0
201000000925,0010-11-10 17:45:00,10,11,10,17,45,600,575,,,,Nuit sans éclairage public,Hors agglomération,Hors intersection,Pluie légère,Deux véhicules - arrière,,,,,,,,,,,3,1,1,2.0,2.0
201000000926,0010-11-30 16:30:00,10,11,30,16,30,600,620,,49.314,2.163,Plein jour,Hors agglomération,Hors intersection,Normale,Deux véhicules - frontale,,,,,,,,,,,1,1,1,1.0,1.0
201000000927,0010-12-07 14:15:00,10,12,7,14,15,600,135,rue louis Beaufils,,,Plein jour,En agglomération,Hors intersection,Pluie légère,Deux véhicules - côté,,,,,,,,,,,1,2,1,2.0,3.0
201000000928,0010-01-15 07:45:00,10,1,15,7,45,600,529,,,,Nuit sans éclairage public,Hors agglomération,Hors intersection,Brouillard / fumée,Deux véhicules - frontale,,,,,,,,,,,3,1,1,5.0,1.0
201000000929,0010-02-09 19:15:00,10,2,9,19,15,600,157,,,,Nuit avec éclairage allumé,En agglomération,Hors intersection,Normale,Deux véhicules - frontale,,,,,,,,,,,5,2,1,1.0,1.0
201000000930,0010-03-06 19:00:00,10,3,6,19,0,600,157,Face au 103 rue Viénot,,,Nuit avec éclairage allumé,En agglomération,Hors intersection,Normale,Trois véhicules et plus - collisions multiples,,,,,,,,,,,5,2,1,1.0,5.0
201000000931,0010-03-03 14:45:00,10,3,3,14,45,600,157,Rue des fontaines,,,Plein jour,En agglomération,Hors intersection,Normale,Deux véhicules - arrière,,,,,,,,,,,1,2,1,1.0,2.0
201000000932,0010-03-26 18:15:00,10,3,26,18,15,600,234,,,,Plein jour,Hors agglomération,Autre intersection,Normale,Autre collision,,,,,,,,,,,1,1,9,1.0,6.0
201000000933,0010-03-29 08:00:00,10,3,29,8,0,600,8,,,,Plein jour,Hors agglomération,Hors intersection,Temps couvert,Trois véhicules et plus - collisions multiples,,,,,,,,,,,1,1,1,8.0,5.0
201000000934,0010-04-06 09:45:00,10,4,6,9,45,600,157,face 1 rue du chatelier,,,Plein jour,En agglomération,Autre intersection,Temps éblouissant,Autre collision,,,,,,,,,,,1,2,9,7.0,6.0
201000000935,0010-05-28 00:15:00,10,5,28,0,15,600,106,,,,Nuit avec éclairage allumé,Hors agglomération,Hors intersection,Normale,Deux véhicules - frontale,,,,,,,,,,,5,1,1,1.0,1.0
201000000936,0010-06-18 09:30:00,10,6,18,9,30,600,8,,,,Plein jour,Hors agglomération,Hors intersection,Pluie légère,Deux véhicules - frontale,,,,,,,,,,,1,1,1,2.0,1.0
201000000937,0010-06-29 20:00:00,10,6,29,20,0,600,115,RUE MASSIN / CREVECOEUR,,,Plein jour,En agglomération,Hors intersection,Normale,Deux véhicules - côté,,,,,,,,,,,1,2,1,1.0,3.0
201000000938,0010-07-02 18:30:00,10,7,2,18,30,600,107,,,,Plein jour,Hors agglomération,Hors intersection,Pluie légère,Deux véhicules - côté,,,,,,,,,,,1,1,1,2.0,3.0
201000000939,0010-08-03 11:15:00,10,8,3,11,15,600,7,rue S.G. de la Roque,,,Plein jour,En agglomération,Autre intersection,Normale,Deux véhicules - arrière,,,,,,,,,,,1,2,9,1.0,2.0
201000000940,0010-08-18 10:45:00,10,8,18,10,45,600,8,,,,Plein jour,Hors agglomération,Intersection en X,Normale,Deux véhicules - côté,,,,,,,,,,,1,1,2,1.0,3.0