accident_id,datetime,annee,mois,jour,heure,minute,departement,commune_insee,adresse,latitude,longitude,luminosite,agglomeration,intersection,meteo,collision,nb_vehicules,nb_usagers,nb_indemnes,nb_tues,nb_blesses_hosp,nb_blesses_legers,age_cond_1,age_cond_2,veh_type_cond_1,veh_type_cond_2,lum_code,agg_code,int_code,atm_code,col_code
201000000941,0010-08-26 20:15:00,10,8,26,20,15,600,157,rue des Déportés,,,Crépuscule ou aube,En agglomération,Intersection en T,Pluie forte,Deux véhicules - côté,,,,,,,,,,,2,2,3,3.0,3.0
201000000942,0010-08-31 18:30:00,10,8,31,18,30,600,115,rue du Mesnil,,,Plein jour,En agglomération,Hors intersection,Normale,Autre collision,,,,,,,,,,,1,2,1,1.0,6.0
201000000943,0010-09-05 01:00:00,10,9,5,1,0,600,107,,,,Nuit avec éclairage allumé,En agglomération,Hors intersection,Normale,Autre collision,,,,,,,,,,,5,2,1,1.0,6.0
201000000944,0010-09-12 06:45:00,10,9,12,6,45,600,524,,,,Crépuscule ou aube,Hors agglomération,Hors intersection,Pluie légère,Deux véhicules - arrière,,,,,,,,,,,2,1,1,2.0,2.0
201000000945,0010-10-15 16:45:00,10,10,15,16,45,600,568,,,,Plein jour,Hors agglomération,Hors intersection,Normale,Autre collision,,,,,,,,,,,1,1,1,1.0,6.0
201000000946,0010-10-11 19:30:00,10,10,11,19,30,600,559,,,,Nuit avec éclairage non allumé,Hors agglomération,Intersection en X,Normale,Deux véhicules - frontale,,,,,,,,,,,4,1,2,1.0,1.0
201000000947,0010-05-30 15:45:00,10,5,30,15,45,600,664,rue de Beauvais,,,Plein jour,En agglomération,Hors intersection,Normale,Autre collision,,,,,,,,,,,1,2,1,1.0,6.0
201000000948,0010-06-03 16:15:00,10,6,3,16,15,600,615,,,,Plein jour,Hors agglomération,Intersection en X,Normale,Deux véhicules - côté,,,,,,,,,,,1,1,2,1.0,3.0
201000000949,0010-06-13 03:30:00,10,6,13,3,30,600,58,,,,Nuit sans éclairage public,Hors agglomération,Hors intersection,Normale,Deux véhicules - arrière,,,,,,,,,,,3,1,1,1.0,2.0
201000000950,0010-07-07 16:00:00,10,7,7,16,0,600,104,Rue d'Amiens,,,Plein jour,En agglomération,Autre intersection,Normale,Deux véhicules - côté,,,,,,,,,,,1,2,9,1.0,3.0
201000000951,0010-08-18 22:30:00,10,8,18,22,30,600,3,,,,Nuit sans éclairage public,Hors agglomération,Hors intersection,Normale,Deux véhicules - côté,,,,,,,,,,,3,1,1,1.0,3.0
201000000952,0010-09-23 15:00:00,10,9,23,15,0,600,26,,,,Plein jour,Hors agglomération,Hors intersection,Normale,Autre collision,,,,,,,,,,,1,1,1,1.0,6.0
201000000953,0010-10-15 11:30:00,10,10,15,11,30,600,39,,,,Plein jour,Hors agglomération,Hors intersection,Normale,Deux véhicules - frontale,,,,,,,,,,,1,1,1,1.0,1.0
201000000954,0010-11-03 17:15:00,10,11,3,17,15,600,26,,,,Crépuscule ou aube,Hors agglomération,Intersection en X,Normale,Deux véhicules - frontale,,,,,,,,,,,2,1,2,1.0,1.0
201000000955,0010-12-03 19:00:00,10,12,3,19,0,600,565,,,,Nuit sans éclairage public,Hors agglomération,Hors intersection,Brouillard / fumée,Autre collision,,,,,,,,,,,3,1,1,5.0,6.0
201000000956,0010-01-11 10:45:00,10,1,11,10,45,600,130,,49.369,2.531,Plein jour,Hors agglomération,Hors intersection,Autre,Autre collision,,,,,,,,,,,1,1,1,9.0,6.0
201000000957,0010-02-08 18:30:00,10,2,8,18,30,600,134,,49.322,2.441,Nuit sans éclairage public,Hors agglomération,Hors intersection,Normale,Deux véhicules - arrière,,,,,,,,,,,3,1,1,1.0,2.0
201000000958,0010-02-17 16:45:00,10,2,17,16,45,600,40,,,,Plein jour,Hors agglomération,Hors intersection,Brouillard / fumée,Deux véhicules - frontale,,,,,,,,,,,1,1,1,5.0,1.0
201000000959,0010-03-28 07:15:00,10,3,28,7,15,600,524,,,,Crépuscule ou aube,Hors agglomération,Hors intersection,Normale,Autre collision,,,,,,,,,,,2,1,1,1.0,6.0
201000000960,0010-04-14 20:30:00,10,4,14,20,30,600,134,,,,Plein jour,Hors agglomération,Hors intersection,Normale,Deux véhicules - frontale,,,,,,,,,,,1,1,1,1.0,1.0
201000000961,0010-08-05 14:15:00,10,8,5,14,15,600,130,,49.384,2.567,Plein jour,Hors agglomération,Hors intersection,Normale,Deux véhicules - frontale,,,,,,,,,,,1,1,1,1.0,1.0
201000000962,0010-10-05 10:15:00,10,10,5,10,15,600,409,,,,Plein jour,Hors agglomération,Hors intersection,Temps couvert,Sans collision,,,,,,,,,,,1,1,1,8.0,7.0
201000000963,0010-10-17 08:00:00,10,10,17,8,0,600,464,,,,Plein jour,Hors agglomération,Hors intersection,Normale,Autre collision,,,,,,,,,,,1,1,1,1.0,6.0
201000000964,0010-01-13 11:45:00,10,1,13,11,45,600,439,22 place Cantrel,49.325,2.321,Plein jour,En agglomération,Place,Normale,Autre collision,,,,,,,,,,,1,2,7,1.0,6.0
201000000965,0010-02-05 18:15:00,10,2,5,18,15,600,439,rue du 11 novembre 1918,49.317,2.327,Nuit avec éclairage allumé,En agglomération,Hors intersection,Temps couvert,Autre collision,,,,,,,,,,,5,2,1,8.0,6.0
201000000966,0010-06-04 16:00:00,10,6,4,16,0,600,116,,49.325,2.33,Plein jour,En agglomération,Giratoire,Normale,Deux véhicules - côté,,,,,,,,,,,1,2,6,1.0,3.0
201000000967,0010-08-28 17:30:00,10,8,28,17,30,600,317,190 rue le temple,49.342,2.303,Plein jour,En agglomération,Hors intersection,Normale,Deux véhicules - arrière,,,,,,,,,,,1,2,1,1.0,2.0
201000000968,0010-09-11 00:30:00,10,9,11,0,30,600,439,rue du 08 mai 1945,49.321,2.326,Nuit avec éclairage allumé,En agglomération,Intersection en X,Normale,Autre collision,,,,,,,,,,,5,2,2,1.0,6.0
201000000969,0010-09-17 11:00:00,10,9,17,11,0,600,116,,,,Plein jour,Hors agglomération,Giratoire,Normale,Deux véhicules - côté,,,,,,,,,,,1,1,6,1.0,3.0
201000000970,0010-02-06 03:00:00,10,2,6,3,0,600,701,,,,Nuit sans éclairage public,Hors agglomération,Hors intersection,Pluie légère,Sans collision,,,,,,,,,,,3,1,1,2.0,7.0
201000000971,0010-02-07 00:01:00,10,2,7,0,1,600,222,,,,Nuit sans éclairage public,Hors agglomération,Hors intersection,Normale,Autre collision,,,,,,,,,,,3,1,1,1.0,6.0
201000000972,0010-03-07 14:45:00,10,3,7,14,45,600,495,,,,Plein jour,Hors agglomération,Hors intersection,Normale,Deux véhicules - frontale,,,,,,,,,,,1,1,1,1.0,1.0
201000000973,0010-03-16 10:30:00,10,3,16,10,30,600,222,,,,Plein jour,Hors agglomération,Hors intersection,Normale,Deux véhicules - côté,,,,,,,,,,,1,1,1,1.0,3.0
201000000974,0010-03-30 17:30:00,10,3,30,17,30,600,177,,,,Plein jour,Hors agglomération,Intersection en X,Pluie forte,Deux véhicules - côté,,,,,,,,,,,1,1,2,3.0,3.0
201000000975,0010-04-21 07:00:00,10,4,21,7,0,600,468,,,,Plein jour,Hors agglomération,Intersection en X,Normale,Deux véhicules - côté,,,,,,,,,,,1,1,2,1.0,3.0
201000000976,0010-07-15 16:45:00,10,7,15,16,45,600,526,,49.523,2.49,Plein jour,Hors agglomération,Intersection en T,Normale,Trois véhicules et plus - en chaîne,,,,,,,,,,,1,1,3,1.0,4.0
201000000977,0010-08-21 18:30:00,10,8,21,18,30,600,702,,,,Plein jour,Hors agglomération,Hors intersection,Normale,Deux véhicules - arrière,,,,,,,,,,,1,1,1,1.0,2.0
201000000978,0010-10-13 06:00:00,10,10,13,6,0,600,497,,49.493,2.31,Nuit sans éclairage public,Hors agglomération,Hors intersection,Normale,Sans collision,,,,,,,,,,,3,1,1,1.0,7.0
201000000979,0010-10-16 17:30:00,10,10,16,17,30,600,252,CHEMIN DE LA MONTAGNE,49.471,2.382,Plein jour,En agglomération,Intersection en X,Normale,Deux véhicules - côté,,,,,,,,,,,1,2,2,1.0,3.0
201000000980,0010-10-17 01:00:00,10,10,17,1,0,600,581,,49.489,2.452,Nuit sans éclairage public,Hors agglomération,Hors intersection,Normale,Autre collision,,,,,,,,,,,3,1,1,1.0,6.0
201000000981,0010-01-03 02:30:00,10,1,3,2,30,600,151,,,,Nuit sans éclairage public,Hors agglomération,Hors intersection,Autre,Autre collision,,,,,,,,,,,3,1,1,9.0,6.0
201000000982,0010-02-03 08:15:00,10,2,3,8,15,600,534,17 rue de VERDUN,,,Plein jour,En agglomération,Hors intersection,Normale,Autre collision,,,,,,,,,,,1,2,1,1.0,6.0
201000000983,0010-02-09 14:45:00,10,2,9,14,45,600,151,,,,Plein jour,Hors agglomération,Giratoire,Normale,Deux véhicules - côté,,,,,,,,,,,1,1,6,1.0,3.0
201000000984,0010-02-09 06:15:00,10,2,9,6,15,600,636,,,,Nuit sans éclairage public,Hors agglomération,Hors intersection,Neige / grêle,Trois véhicules et plus - collisions multiples,,,,,,,,,,,3,1,1,4.0,5.0
201000000985,0010-02-11 13:00:00,10,2,11,13,0,600,129,,,,Plein jour,Hors agglomération,Hors intersection,Neige / grêle,Deux véhicules - côté,,,,,,,,,,,1,1,1,4.0,3.0
201000000986,0010-02-24 17:00:00,10,2,24,17,0,600,150,,,,Plein jour,Hors agglomération,Intersection en X,Normale,Trois véhicules et plus - en chaîne,,,,,,,,,,,1,1,2,1.0,4.0
201000000987,0010-03-19 17:00:00,10,3,19,17,0,600,636,Rue Jean JAURES,,,Plein jour,En agglomération,Hors intersection,Normale,Deux véhicules - arrière,,,,,,,,,,,1,2,1,1.0,2.0
201000000988,0010-04-01 07:00:00,10,4,1,7,0,600,119,,49.503,2.901,Plein jour,En agglomération,Intersection en X,Normale,Deux véhicules - côté,,,,,,,,,,,1,2,2,1.0,3.0
201000000989,0010-04-01 10:45:00,10,4,1,10,45,600,156,,,,Plein jour,Hors agglomération,Hors intersection,Normale,Deux véhicules - côté,,,,,,,,,,,1,1,1,1.0,3.0
201000000990,0010-04-01 17:45:00,10,4,1,17,45,600,373,,,,Plein jour,Hors agglomération,Hors intersection,Normale,Deux véhicules - frontale,,,,,,,,,,,1,1,1,1.0,1.0
201000000991,0010-04-04 12:00:00,10,4,4,12,0,600,151,Rue Georges Clémenceau,,,Plein jour,En agglomération,Hors intersection,Pluie légère,Autre collision,,,,,,,,,,,1,2,1,2.0,6.0
201000000992,0010-04-25 17:30:00,10,4,25,17,30,600,156,RUE SAINT SIMON,,,Plein jour,En agglomération,Hors intersection,Normale,Deux véhicules - côté,,,,,,,,,,,1,2,1,1.0,3.0
201000000993,0010-04-23 18:00:00,10,4,23,18,0,600,64,,49.417,3.022,Plein jour,Hors agglomération,Hors intersection,Normale,Sans collision,,,,,,,,,,,1,1,1,1.0,7.0
201000000994,0010-04-29 12:15:00,10,4,29,12,15,600,537,RUE DU GENERAL LECLERC,49.519,2.928,Plein jour,En agglomération,Hors intersection,Normale,Deux véhicules - frontale,,,,,,,,,,,1,2,1,1.0,1.0
201000000995,0010-05-02 21:30:00,10,5,2,21,30,600,70,,,,Nuit sans éclairage public,Hors agglomération,Hors intersection,Normale,Deux véhicules - frontale,,,,,,,,,,,3,1,1,1.0,1.0
201000000996,0010-05-13 16:00:00,10,5,13,16,0,600,150,Rue royale,,,Plein jour,En agglomération,Intersection en X,Pluie légère,Trois véhicules et plus - en chaîne,,,,,,,,,,,1,2,2,2.0,4.0
201000000997,0010-05-24 09:45:00,10,5,24,9,45,600,537,RD932,,,Plein jour,En agglomération,Hors intersection,Normale,Deux véhicules - frontale,,,,,,,,,,,1,2,1,1.0,1.0
201000000998,0010-06-24 17:45:00,10,6,24,17,45,600,119,,,,Plein jour,Hors agglomération,Hors intersection,Normale,Deux véhicules - côté,,,,,,,,,,,1,1,1,1.0,3.0
201000000999,0010-06-27 18:00:00,10,6,27,18,0,600,534,,,,Plein jour,Hors agglomération,Hors intersection,Normale,Deux véhicules - frontale,,,,,,,,,,,1,1,1,1.0,1.0
201000001000,0010-06-30 07:45:00,10,6,30,7,45,600,368,Avenue de la Libération,,,Plein jour,En agglomération,Intersection en X,Normale,Deux véhicules - côté,,,,,,,,,,,1,2,2,1.0,3.0
201000001001,0010-07-07 20:00:00,10,7,7,20,0,600,438,,,,Plein jour,Hors agglomération,Hors intersection,Normale,Deux véhicules - frontale,,,,,,,,,,,1,1,1,1.0,1.0
201000001002,0010-07-05 14:15:00,10,7,5,14,15,600,636,avenue Jean Moulin,49.484,2.876,Plein jour,En agglomération,Hors intersection,Normale,Deux véhicules - arrière,,,,,,,,,,,1,2,1,1.0,2.0
201000001003,0010-07-24 03:00:00,10,7,24,3,0,600,151,,,,Nuit sans éclairage public,Hors agglomération,Hors intersection,Normale,Autre collision,,,,,,,,,,,3,1,1,1.0,6.0
201000001004,0010-08-08 23:00:00,10,8,8,23,0,600,119,,,,Nuit sans éclairage public,En agglomération,Hors intersection,Normale,Autre collision,,,,,,,,,,,3,2,1,1.0,6.0
201000001005,0010-09-03 04:15:00,10,9,3,4,15,600,156,,49.442,2.841,Nuit sans éclairage public,Hors agglomération,Hors intersection,Normale,Autre collision,,,,,,,,,,,3,1,1,1.0,6.0
201000001006,0010-09-06 08:15:00,10,9,6,8,15,600,537,,,,Plein jour,Hors agglomération,Hors intersection,Normale,Deux véhicules - côté,,,,,,,,,,,1,1,1,1.0,3.0
201000001007,0010-09-15 16:30:00,10,9,15,16,30,600,378,,49.514,2.807,Plein jour,Hors agglomération,Hors intersection,Normale,Trois véhicules et plus - collisions multiples,,,,,,,,,,,1,1,1,1.0,5.0
201000001008,0010-09-26 19:15:00,10,9,26,19,15,600,593,,49.435,3.102,Plein jour,Hors agglomération,Hors intersection,Normale,Deux véhicules - frontale,,,,,,,,,,,1,1,1,1.0,1.0
201000001009,0010-10-14 15:30:00,10,10,14,15,30,600,636,RUE VICTOR HUGO,,,Plein jour,En agglomération,Hors intersection,Normale,Deux véhicules - frontale,,,,,,,,,,,1,2,1,1.0,1.0
201000001010,0010-10-14 18:00:00,10,10,14,18,0,600,537,rue de Paris,49.513,2.921,Plein jour,En agglomération,Hors intersection,Normale,Deux véhicules - frontale,,,,,,,,,,,1,2,1,1.0,1.0
201000001011,0010-10-16 11:00:00,10,10,16,11,0,600,641,grande rue,49.482,3.004,Plein jour,En agglomération,Hors intersection,Normale,Sans collision,,,,,,,,,,,1,2,1,1.0,7.0
201000001012,0010-10-31 19:00:00,10,10,31,19,0,600,582,route de noyon,,,Nuit avec éclairage non allumé,En agglomération,Hors intersection,Normale,Deux véhicules - frontale,,,,,,,,,,,4,2,1,1.0,1.0
201000001013,0010-11-05 19:00:00,10,11,5,19,0,600,25,8 rue de COMPIEGNE,49.418,3.041,Nuit avec éclairage allumé,En agglomération,Hors intersection,Normale,Deux véhicules - frontale,,,,,,,,,,,5,2,1,1.0,1.0
201000001014,0010-12-14 14:30:00,10,12,14,14,30,600,151,RUE SERGENTERET,,,Plein jour,En agglomération,Autre intersection,Temps couvert,Autre collision,,,,,,,,,,,1,2,9,8.0,6.0
201000001015,0010-12-26 10:30:00,10,12,26,10,30,600,492,,,,Plein jour,Hors agglomération,Hors intersection,Neige / grêle,Deux véhicules - frontale,,,,,,,,,,,1,1,1,4.0,1.0
201000001016,0010-01-14 18:00:00,10,1,14,18,0,600,325,RD13,,,Nuit avec éclairage allumé,En agglomération,Intersection en T,Normale,Deux véhicules - côté,,,,,,,,,,,5,2,3,1.0,3.0
201000001017,0010-03-25 08:15:00,10,3,25,8,15,600,579,,,,Plein jour,Hors agglomération,Hors intersection,Normale,Sans collision,,,,,,,,,,,1,1,1,1.0,7.0
201000001018,0010-03-31 14:45:00,10,3,31,14,45,600,326,,,,Plein jour,Hors agglomération,Hors intersection,Normale,Deux véhicules - frontale,,,,,,,,,,,1,1,1,1.0,1.0
201000001019,0010-04-07 10:15:00,10,4,7,10,15,600,338,rue nationale,,,Plein jour,En agglomération,Hors intersection,Normale,Autre collision,,,,,,,,,,,1,2,1,1.0,6.0
201000001020,0010-05-28 16:15:00,10,5,28,16,15,600,491,,,,Plein jour,Hors agglomération,Hors intersection,Normale,Deux véhicules - frontale,,,,,,,,,,,1,1,1,1.0,1.0
201000001021,0010-06-16 09:00:00,10,6,16,9,0,600,491,Rue de l'Armistice,49.356,2.981,Plein jour,En agglomération,Hors intersection,Normale,Deux véhicules - frontale,,,,,,,,,,,1,2,1,1.0,1.0
201000001022,0010-07-01 16:00:00,10,7,1,16,0,600,579,,,,Plein jour,Hors agglomération,Intersection en X,Normale,Deux véhicules - côté,,,,,,,,,,,1,1,2,1.0,3.0
201000001023,0010-07-04 19:15:00,10,7,4,19,15,600,674,,49.416,2.924,Plein jour,Hors agglomération,Hors intersection,Normale,Deux véhicules - côté,,,,,,,,,,,1,1,1,1.0,3.0
201000001024,0010-08-02 11:45:00,10,8,2,11,45,600,402,82 rue de Caulmont,,,Plein jour,En agglomération,Hors intersection,Normale,Autre collision,,,,,,,,,,,1,2,1,1.0,6.0
201000001025,0010-08-24 15:45:00,10,8,24,15,45,600,369,,,,Plein jour,Hors agglomération,Hors intersection,Normale,Deux véhicules - arrière,,,,,,,,,,,1,1,1,1.0,2.0
201000001026,0010-09-01 15:00:00,10,9,1,15,0,600,674,,49.39,2.895,Plein jour,Hors agglomération,Hors intersection,Normale,Deux véhicules - côté,,,,,,,,,,,1,1,1,1.0,3.0
201000001027,0010-09-17 13:45:00,10,9,17,13,45,600,402,Rue du Général Leclerc,,,Plein jour,En agglomération,Hors intersection,Normale,Deux véhicules - arrière,,,,,,,,,,,1,2,1,1.0,2.0
201000001028,0010-10-22 17:15:00,10,10,22,17,15,600,579,,49.353,2.844,Plein jour,Hors agglomération,Intersection en X,Normale,Deux véhicules - côté,,,,,,,,,,,1,1,2,1.0,3.0
201000001029,0010-11-17 00:30:00,10,11,17,0,30,600,579,intersection D33 - D85,,,Nuit sans éclairage public,En agglomération,Intersection en Y,Normale,Autre collision,,,,,,,,,,,3,2,4,1.0,6.0
201000001030,0010-04-09 22:30:00,10,4,9,22,30,600,166,184 rue St Hilaire,,,Nuit avec éclairage allumé,En agglomération,Hors intersection,Normale,Deux véhicules - côté,,,,,,,,,,,5,2,1,1.0,3.0
201000001031,0010-06-29 17:15:00,10,6,29,17,15,600,383,rue du jeu d'arc,49.527,2.774,Plein jour,En agglomération,Hors intersection,Normale,Autre collision,,,,,,,,,,,1,2,1,1.0,6.0
201000001032,0010-07-28 19:30:00,10,7,28,19,30,600,533,,49.512,2.726,Plein jour,Hors agglomération,Hors intersection,Normale,Autre collision,,,,,,,,,,,1,1,1,1.0,6.0
201000001033,0010-08-24 06:00:00,10,8,24,6,0,600,24,,,,Crépuscule ou aube,Hors agglomération,Hors intersection,Normale,Deux véhicules - arrière,,,,,,,,,,,2,1,1,1.0,2.0
201000001034,0010-09-06 12:00:00,10,9,6,12,0,600,125,,,,Plein jour,Hors agglomération,Hors intersection,Temps couvert,Trois véhicules et plus - collisions multiples,,,,,,,,,,,1,1,1,8.0,5.0
201000001035,0010-09-16 11:00:00,10,9,16,11,0,600,281,,49.499,2.671,Plein jour,Hors agglomération,Hors intersection,Normale,Deux véhicules - arrière,,,,,,,,,,,1,1,1,1.0,2.0
201000001036,0010-09-18 18:00:00,10,9,18,18,0,600,318,,49.349,2.65,Plein jour,Hors agglomération,Hors intersection,Normale,Autre collision,,,,,,,,,,,1,1,1,1.0,6.0
201000001037,0010-09-29 08:45:00,10,9,29,8,45,600,166,,,,Plein jour,Hors agglomération,Intersection en X,Normale,Deux véhicules - côté,,,,,,,,,,,1,1,2,1.0,3.0
201000001038,0010-10-31 15:30:00,10,10,31,15,30,600,19,,49.509,2.729,Plein jour,Hors agglomération,Intersection en X,Normale,Deux véhicules - côté,,,,,,,,,,,1,1,2,1.0,3.0
201000001039,0010-11-15 17:15:00,10,11,15,17,15,600,408,RD 935,,,Plein jour,En agglomération,Intersection en X,Pluie légère,Deux véhicules - côté,,,,,,,,,,,1,2,2,2.0,3.0
201000001040,0010-12-16 11:15:00,10,12,16,11,15,600,223,,,,Plein jour,Hors agglomération,Hors intersection,Neige / grêle,Deux véhicules - côté,,,,,,,,,,,1,1,1,4.0,3.0
201000001041,0010-12-23 08:00:00,10,12,23,8,0,600,441,,,,Crépuscule ou aube,Hors agglomération,Hors intersection,Neige / grêle,Autre collision,,,,,,,,,,,2,1,1,4.0,6.0
201000001042,0010-03-03 06:45:00,10,3,3,6,45,600,471,Rue d'Orroire,,,Nuit sans éclairage public,En agglomération,Hors intersection,Normale,Deux véhicules - côté,,,,,,,,,,,3,2,1,1.0,3.0
201000001043,0010-03-27 18:15:00,10,3,27,18,15,600,379,,49.562,2.823,Plein jour,Hors agglomération,Hors intersection,Normale,Sans collision,,,,,,,,,,,1,1,1,1.0,7.0
201000001044,0010-04-05 06:00:00,10,4,5,6,0,600,558,rue Saint Martin,49.596,2.776,Crépuscule ou aube,En agglomération,Hors intersection,Normale,Autre collision,,,,,,,,,,,2,2,1,1.0,6.0
201000001045,0010-04-13 06:30:00,10,4,13,6,30,600,471,,,,Crépuscule ou aube,Hors agglomération,Hors intersection,Normale,Deux véhicules - frontale,,,,,,,,,,,2,1,1,1.0,1.0
201000001046,0010-04-24 10:30:00,10,4,24,10,30,600,53,,49.674,2.935,Plein jour,Hors agglomération,Autre intersection,Normale,Deux véhicules - côté,,,,,,,,,,,1,1,9,1.0,3.0
201000001047,0010-05-02 00:45:00,10,5,2,0,45,600,471,,,,Nuit sans éclairage public,Hors agglomération,Hors intersection,Pluie légère,Trois véhicules et plus - collisions multiples,,,,,,,,,,,3,1,1,2.0,5.0
201000001048,0010-05-15 02:15:00,10,5,15,2,15,600,35,,,,Nuit sans éclairage public,Hors agglomération,Hors intersection,Normale,Autre collision,,,,,,,,,,,3,1,1,1.0,6.0
201000001049,0010-05-30 16:15:00,10,5,30,16,15,600,471,rue d'Hesdin,,,Plein jour,En agglomération,Intersection en X,Normale,Deux véhicules - côté,,,,,,,,,,,1,2,2,1.0,3.0
201000001050,0010-06-02 18:30:00,10,6,2,18,30,600,181,,49.617,3.023,Plein jour,Hors agglomération,Hors intersection,Normale,Deux véhicules - côté,,,,,,,,,,,1,1,1,1.0,3.0
201000001051,0010-06-28 07:45:00,10,6,28,7,45,600,610,Rue des 3 Ponts,,,Plein jour,En agglomération,Hors intersection,Normale,Deux véhicules - frontale,,,,,,,,,,,1,2,1,1.0,1.0
201000001052,0010-07-31 17:15:00,10,7,31,17,15,600,488,,,,Plein jour,Hors agglomération,Hors intersection,Normale,Trois véhicules et plus - collisions multiples,,,,,,,,,,,1,1,1,1.0,5.0
201000001053,0010-07-30 21:30:00,10,7,30,21,30,600,181,,49.621,3.002,Crépuscule ou aube,Hors agglomération,Hors intersection,Normale,Sans collision,,,,,,,,,,,2,1,1,1.0,7.0
201000001054,0010-10-12 21:15:00,10,10,12,21,15,600,127,,49.602,2.797,Nuit avec éclairage non allumé,En agglomération,Hors intersection,Normale,Deux véhicules - côté,,,,,,,,,,,4,2,1,1.0,3.0
201000001055,0010-10-21 19:00:00,10,10,21,19,0,600,410,,49.597,3.117,Crépuscule ou aube,Hors agglomération,Hors intersection,Normale,Deux véhicules - côté,,,,,,,,,,,2,1,1,1.0,3.0
201000001056,0010-10-27 07:45:00,10,10,27,7,45,600,124,,,,Nuit sans éclairage public,Hors agglomération,Hors intersection,Normale,Deux véhicules - arrière,,,,,,,,,,,3,1,1,1.0,2.0
201000001057,0010-10-28 19:45:00,10,10,28,19,45,600,471,boulevard charmolue,49.588,3.001,Nuit avec éclairage allumé,En agglomération,Hors intersection,Normale,Deux véhicules - frontale,,,,,,,,,,,5,2,1,1.0,1.0
201000001058,0010-11-16 18:00:00,10,11,16,18,0,600,124,,,,Nuit sans éclairage public,Hors agglomération,Intersection en T,Brouillard / fumée,Deux véhicules - frontale,,,,,,,,,,,3,1,3,5.0,1.0
201000001059,0010-12-05 11:00:00,10,12,5,11,0,600,206,,,,Plein jour,Hors agglomération,Hors intersection,Neige / grêle,Deux véhicules - frontale,,,,,,,,,,,1,1,1,4.0,1.0
201000001060,0010-01-06 09:00:00,10,1,6,9,0,600,612,Rond-Point du Cerf,,,Plein jour,En agglomération,Hors intersection,Temps couvert,Deux véhicules - frontale,,,,,,,,,,,1,2,1,8.0,1.0
201000001061,0010-08-04 09:00:00,10,8,4,9,0,600,138,,,,Plein jour,Hors agglomération,Hors intersection,Normale,Sans collision,,,,,,,,,,,1,1,1,1.0,7.0
201000001062,0010-08-30 19:00:00,10,8,30,19,0,600,612,,,,Plein jour,En agglomération,Hors intersection,Normale,Deux véhicules - côté,,,,,,,,,,,1,2,1,1.0,3.0
201000001063,0010-09-10 19:15:00,10,9,10,19,15,600,138,,,,Plein jour,Hors agglomération,Hors intersection,Normale,Autre collision,,,,,,,,,,,1,1,1,1.0,6.0
201000001064,0010-10-05 09:15:00,10,10,5,9,15,600,612,,,,Plein jour,Hors agglomération,Intersection en T,Temps éblouissant,Deux véhicules - côté,,,,,,,,,,,1,1,3,7.0,3.0
201000001065,0010-11-09 13:15:00,10,11,9,13,15,600,612,,,,Plein jour,Hors agglomération,Hors intersection,Pluie légère,Deux véhicules - côté,,,,,,,,,,,1,1,1,2.0,3.0
201000001066,0010-12-03 06:15:00,10,12,3,6,15,600,612,,,,Nuit sans éclairage public,Hors agglomération,Hors intersection,Normale,Deux véhicules - frontale,,,,,,,,,,,3,1,1,1.0,1.0
201000001067,0010-12-06 08:30:00,10,12,6,8,30,600,138,,,,Plein jour,Hors agglomération,Hors intersection,Normale,Trois véhicules et plus - en chaîne,,,,,,,,,,,1,1,1,1.0,4.0
201000001068,0010-01-20 17:45:00,10,1,20,17,45,600,139,,,,Crépuscule ou aube,Hors agglomération,Hors intersection,Pluie légère,Trois véhicules et plus - en chaîne,,,,,,,,,,,2,1,1,2.0,4.0
201000001069,0010-02-24 10:30:00,10,2,24,10,30,600,517,,,,Plein jour,Hors agglomération,Hors intersection,Pluie forte,Deux véhicules - frontale,,,,,,,,,,,1,1,1,3.0,1.0
201000001070,0010-05-28 16:45:00,10,5,28,16,45,600,259,,,,Plein jour,Hors agglomération,Hors intersection,Normale,Deux véhicules - côté,,,,,,,,,,,1,1,1,1.0,3.0
201000001071,0010-05-31 15:00:00,10,5,31,15,0,600,60,,,,Plein jour,Hors agglomération,Hors intersection,Normale,Deux véhicules - frontale,,,,,,,,,,,1,1,1,1.0,1.0
201000001072,0010-06-04 18:00:00,10,6,4,18,0,600,139,Avenue de verdun,,,Plein jour,En agglomération,Hors intersection,Normale,Deux véhicules - côté,,,,,,,,,,,1,2,1,1.0,3.0
201000001073,0010-06-18 20:00:00,10,6,18,20,0,600,450,,,,Plein jour,Hors agglomération,Hors intersection,Normale,Deux véhicules - côté,,,,,,,,,,,1,1,1,1.0,3.0
201000001074,0010-10-24 13:30:00,10,10,24,13,30,600,517,,,,Plein jour,Hors agglomération,Hors intersection,Normale,Deux véhicules - côté,,,,,,,,,,,1,1,1,1.0,3.0