accident_id,datetime,annee,mois,jour,heure,minute,departement,commune_insee,adresse,latitude,longitude,luminosite,agglomeration,intersection,meteo,collision,nb_vehicules,nb_usagers,nb_indemnes,nb_tues,nb_blesses_hosp,nb_blesses_legers,age_cond_1,age_cond_2,veh_type_cond_1,veh_type_cond_2,lum_code,agg_code,int_code,atm_code,col_code
201000001075,0010-12-03 17:00:00,10,12,3,17,0,600,197,,49.233,2.226,Nuit sans éclairage public,Hors agglomération,Hors intersection,Normale,Trois véhicules et plus - collisions multiples,,,,,,,,,,,3,1,1,1.0,5.0
201000001076,0010-01-18 12:45:00,10,1,18,12,45,600,282,Rue de CHANTILLY,,,Plein jour,En agglomération,Giratoire,Normale,Deux véhicules - côté,,,,,,,,,,,1,2,6,1.0,3.0
201000001077,0010-01-20 21:30:00,10,1,20,21,30,600,346,RD1016 AVENUE DE LA LIBE,,,Nuit avec éclairage allumé,En agglomération,Giratoire,Temps couvert,Autre collision,,,,,,,,,,,5,2,6,8.0,6.0
201000001078,0010-02-04 15:00:00,10,2,4,15,0,600,141,route de Gouvieux,,,Plein jour,En agglomération,Intersection en Y,Normale,Deux véhicules - côté,,,,,,,,,,,1,2,4,1.0,3.0
201000001079,0010-02-17 09:30:00,10,2,17,9,30,600,141,,49.186,2.494,Plein jour,Hors agglomération,Hors intersection,Temps couvert,Deux véhicules - frontale,,,,,,,,,,,1,1,1,8.0,1.0
201000001080,0010-03-07 13:00:00,10,3,7,13,0,600,346,,,,Plein jour,En agglomération,Hors intersection,Normale,Deux véhicules - arrière,,,,,,,,,,,1,2,1,1.0,2.0
201000001081,0010-03-24 09:15:00,10,3,24,9,15,600,141,37 avenue du maréchal jo,,,Plein jour,En agglomération,Hors intersection,Normale,Autre collision,,,,,,,,,,,1,2,1,1.0,6.0
201000001082,0010-05-04 18:45:00,10,5,4,18,45,600,141,rue de la source,,,Plein jour,En agglomération,Intersection en T,Normale,Deux véhicules - frontale,,,,,,,,,,,1,2,3,1.0,1.0
201000001083,0010-05-10 17:00:00,10,5,10,17,0,600,141,quai de la canardière,,,Plein jour,En agglomération,Hors intersection,Pluie légère,Sans collision,,,,,,,,,,,1,2,1,2.0,7.0
201000001084,0010-05-22 12:30:00,10,5,22,12,30,600,346,ZI rue de la seigneurie,,,Plein jour,En agglomération,Hors intersection,Normale,Autre collision,,,,,,,,,,,1,2,1,1.0,6.0
201000001085,0010-06-21 18:30:00,10,6,21,18,30,600,282,11 rue GAMBETTA,,,Plein jour,En agglomération,Hors intersection,Normale,Autre collision,,,,,,,,,,,1,2,1,1.0,6.0
201000001086,0010-07-04 18:45:00,10,7,4,18,45,600,141,avenue du maréchal joffr,,,Plein jour,En agglomération,Hors intersection,Normale,Autre collision,,,,,,,,,,,1,2,1,1.0,6.0
201000001087,0010-07-15 16:15:00,10,7,15,16,15,600,141,,,,Plein jour,Hors agglomération,Hors intersection,Normale,Deux véhicules - frontale,,,,,,,,,,,1,1,1,1.0,1.0
201000001088,0010-07-21 00:30:00,10,7,21,0,30,600,282,chemin des aigles,,,Nuit sans éclairage public,En agglomération,Hors intersection,Normale,Autre collision,,,,,,,,,,,3,2,1,1.0,6.0
201000001089,0010-08-07 18:45:00,10,8,7,18,45,600,346,,,,Plein jour,Hors agglomération,Hors intersection,Pluie légère,Deux véhicules - côté,,,,,,,,,,,1,1,1,2.0,3.0
201000001090,0010-08-21 11:00:00,10,8,21,11,0,600,141,Rue de Creil,,,Plein jour,En agglomération,Hors intersection,Normale,Autre collision,,,,,,,,,,,1,2,1,1.0,6.0
201000001091,0010-08-27 19:45:00,10,8,27,19,45,600,141,,,,Plein jour,Hors agglomération,Giratoire,Pluie légère,Deux véhicules - arrière,,,,,,,,,,,1,1,6,2.0,2.0
201000001092,0010-08-30 18:15:00,10,8,30,18,15,600,141,avenue de Verdun,,,Plein jour,En agglomération,Hors intersection,Normale,Autre collision,,,,,,,,,,,1,2,1,1.0,6.0
201000001093,0010-09-01 00:45:00,10,9,1,0,45,600,141,avenue de sylvie,,,Nuit avec éclairage allumé,En agglomération,Hors intersection,Normale,Deux véhicules - arrière,,,,,,,,,,,5,2,1,1.0,2.0
201000001094,0010-09-02 14:00:00,10,9,2,14,0,600,282,5 avenue des courtils,,,Plein jour,En agglomération,Hors intersection,Normale,Autre collision,,,,,,,,,,,1,2,1,1.0,6.0
201000001095,0010-09-02 16:15:00,10,9,2,16,15,600,346,rue du beau larris,,,Plein jour,En agglomération,Hors intersection,Normale,Autre collision,,,,,,,,,,,1,2,1,1.0,6.0
201000001096,0010-09-09 08:00:00,10,9,9,8,0,600,346,Place du Clavaire,,,Plein jour,En agglomération,Hors intersection,Normale,Autre collision,,,,,,,,,,,1,2,1,1.0,6.0
201000001097,0010-09-18 13:45:00,10,9,18,13,45,600,141,route de Senlis,,,Plein jour,En agglomération,Hors intersection,Normale,Deux véhicules - frontale,,,,,,,,,,,1,2,1,1.0,1.0
201000001098,0010-09-21 10:30:00,10,9,21,10,30,600,141,"21, av Maréchal Joffre",,,Plein jour,En agglomération,Hors intersection,Normale,Autre collision,,,,,,,,,,,1,2,1,1.0,6.0
201000001099,0010-09-25 17:15:00,10,9,25,17,15,600,141,Rue d'Aumale,,,Plein jour,En agglomération,Hors intersection,Normale,Autre collision,,,,,,,,,,,1,2,1,1.0,6.0
201000001100,0010-09-30 12:00:00,10,9,30,12,0,600,141,Rue de Paris,,,Plein jour,En agglomération,Hors intersection,Normale,Autre collision,,,,,,,,,,,1,2,1,1.0,6.0
201000001101,0010-10-21 14:15:00,10,10,21,14,15,600,141,RD 44,,,Plein jour,En agglomération,Hors intersection,Normale,Deux véhicules - frontale,,,,,,,,,,,1,2,1,1.0,1.0
201000001102,0010-12-07 19:30:00,10,12,7,19,30,600,141,Rue de Creil,49.198,2.465,Nuit avec éclairage allumé,En agglomération,Hors intersection,Neige / grêle,Autre collision,,,,,,,,,,,5,2,1,4.0,6.0
201000001103,0010-08-16 13:45:00,10,8,16,13,45,600,670,Carrefour rue du muguet,,,Plein jour,En agglomération,Hors intersection,Pluie forte,Deux véhicules - côté,,,,,,,,,,,1,2,1,3.0,3.0
201000001104,0010-08-15 17:15:00,10,8,15,17,15,600,670,,49.283,2.51,Plein jour,Hors agglomération,Hors intersection,Pluie forte,Autre collision,,,,,,,,,,,1,1,1,3.0,6.0
201000001105,0010-09-09 11:15:00,10,9,9,11,15,600,589,Route de LAMORLAYE,,,Plein jour,En agglomération,Intersection en X,Normale,Deux véhicules - côté,,,,,,,,,,,1,2,2,1.0,3.0
201000001106,0010-09-22 17:30:00,10,9,22,17,30,600,589,D162-rue du vieux moulin,,,Plein jour,En agglomération,Hors intersection,Normale,Autre collision,,,,,,,,,,,1,2,1,1.0,6.0
201000001107,0010-11-18 09:00:00,10,11,18,9,0,600,589,Rue olympe de Gouges,,,Plein jour,En agglomération,Hors intersection,Normale,Deux véhicules - côté,,,,,,,,,,,1,2,1,1.0,3.0
201000001108,0010-01-23 02:30:00,10,1,23,2,30,600,31,,,,Nuit avec éclairage non allumé,Hors agglomération,Hors intersection,Normale,Sans collision,,,,,,,,,,,4,1,1,1.0,7.0
201000001109,0010-02-02 11:30:00,10,2,2,11,30,600,176,,,,Plein jour,Hors agglomération,Hors intersection,Pluie forte,Deux véhicules - côté,,,,,,,,,,,1,1,1,3.0,3.0
201000001110,0010-02-09 10:00:00,10,2,9,10,0,600,79,,,,Crépuscule ou aube,Hors agglomération,Hors intersection,Neige / grêle,Deux véhicules - frontale,,,,,,,,,,,2,1,1,4.0,1.0
201000001111,0010-03-06 11:15:00,10,3,6,11,15,600,69,,,,Plein jour,Hors agglomération,Hors intersection,Normale,Autre collision,,,,,,,,,,,1,1,1,1.0,6.0
201000001112,0010-03-12 08:15:00,10,3,12,8,15,600,176,Route de Soissons,,,Plein jour,En agglomération,Hors intersection,Normale,Autre collision,,,,,,,,,,,1,2,1,1.0,6.0
201000001113,0010-04-24 12:15:00,10,4,24,12,15,600,358,,49.211,2.929,Plein jour,Hors agglomération,Hors intersection,Normale,Trois véhicules et plus - collisions multiples,,,,,,,,,,,1,1,1,1.0,5.0
201000001114,0010-04-25 02:00:00,10,4,25,2,0,600,554,route d'étavigny,,,Nuit avec éclairage non allumé,En agglomération,Hors intersection,Normale,Autre collision,,,,,,,,,,,4,2,1,1.0,6.0
201000001115,0010-05-07 19:30:00,10,5,7,19,30,600,5,,,,Plein jour,Hors agglomération,Hors intersection,Normale,Autre collision,,,,,,,,,,,1,1,1,1.0,6.0
201000001116,0010-08-02 03:30:00,10,8,2,3,30,600,658,,49.24,3.035,Nuit sans éclairage public,Hors agglomération,Hors intersection,Normale,Deux véhicules - frontale,,,,,,,,,,,3,1,1,1.0,1.0
201000001117,0010-08-30 08:00:00,10,8,30,8,0,600,176,rue de la sablonnière,,,Plein jour,En agglomération,Hors intersection,Normale,Autre collision,,,,,,,,,,,1,2,1,1.0,6.0
201000001118,0010-09-10 14:15:00,10,9,10,14,15,600,683,,49.153,2.91,Plein jour,Hors agglomération,Hors intersection,Normale,Deux véhicules - côté,,,,,,,,,,,1,1,1,1.0,3.0
201000001119,0010-09-22 20:15:00,10,9,22,20,15,600,561,,,,Plein jour,Hors agglomération,Intersection en T,Normale,Trois véhicules et plus - collisions multiples,,,,,,,,,,,1,1,3,1.0,5.0
201000001120,0010-10-15 23:00:00,10,10,15,23,0,600,448,,,,Nuit sans éclairage public,Hors agglomération,Hors intersection,Normale,Autre collision,,,,,,,,,,,3,1,1,1.0,6.0
201000001121,0010-10-17 08:30:00,10,10,17,8,30,600,176,,,,Plein jour,Hors agglomération,Hors intersection,Normale,Autre collision,,,,,,,,,,,1,1,1,1.0,6.0
201000001122,0010-12-08 09:00:00,10,12,8,9,0,600,479,,,,Plein jour,Hors agglomération,Hors intersection,Normale,Deux véhicules - frontale,,,,,,,,,,,1,1,1,1.0,1.0
201000001123,0010-12-12 12:00:00,10,12,12,12,0,600,27,,,,Plein jour,Hors agglomération,Hors intersection,Temps couvert,Deux véhicules - frontale,,,,,,,,,,,1,1,1,8.0,1.0
201000001124,0010-12-21 08:15:00,10,12,21,8,15,600,176,rue saint lazar,,,Plein jour,En agglomération,Intersection en X,Temps couvert,Deux véhicules - côté,,,,,,,,,,,1,2,2,8.0,3.0
201000001125,0010-02-09 07:30:00,10,2,9,7,30,600,500,,,,Nuit sans éclairage public,Hors agglomération,Hors intersection,Neige / grêle,Autre collision,,,,,,,,,,,3,1,1,4.0,6.0
201000001126,0010-02-11 10:00:00,10,2,11,10,0,600,446,,49.152,2.814,Plein jour,Hors agglomération,Hors intersection,Normale,Deux véhicules - frontale,,,,,,,,,,,1,1,1,1.0,1.0
201000001127,0010-02-17 11:30:00,10,2,17,11,30,600,489,,49.159,2.838,Plein jour,Hors agglomération,Intersection en T,Normale,Deux véhicules - frontale,,,,,,,,,,,1,1,3,1.0,1.0
201000001128,0010-03-28 14:30:00,10,3,28,14,30,600,489,,,,Plein jour,Hors agglomération,Hors intersection,Normale,Autre collision,,,,,,,,,,,1,1,1,1.0,6.0
201000001129,0010-05-24 16:30:00,10,5,24,16,30,600,666,rue d'Ancy,49.106,2.686,Plein jour,En agglomération,Hors intersection,Normale,Autre collision,,,,,,,,,,,1,2,1,1.0,6.0
201000001130,0010-06-04 13:45:00,10,6,4,13,45,600,341,,,,Plein jour,Hors agglomération,Hors intersection,Normale,Deux véhicules - arrière,,,,,,,,,,,1,1,1,1.0,2.0
201000001131,0010-07-29 17:45:00,10,7,29,17,45,600,619,GRANDE RUE,49.11,2.786,Plein jour,En agglomération,Hors intersection,Normale,Trois véhicules et plus - en chaîne,,,,,,,,,,,1,2,1,1.0,4.0
201000001132,0010-07-30 22:30:00,10,7,30,22,30,600,489,,49.161,2.842,Nuit sans éclairage public,Hors agglomération,Hors intersection,Normale,Deux véhicules - frontale,,,,,,,,,,,3,1,1,1.0,1.0
201000001133,0010-08-16 18:45:00,10,8,16,18,45,600,666,,,,Plein jour,Hors agglomération,Hors intersection,Pluie légère,Deux véhicules - frontale,,,,,,,,,,,1,1,1,2.0,1.0
201000001134,0010-08-30 06:30:00,10,8,30,6,30,600,489,,,,Crépuscule ou aube,Hors agglomération,Hors intersection,Normale,Deux véhicules - frontale,,,,,,,,,,,2,1,1,1.0,1.0
201000001135,0010-09-23 15:15:00,10,9,23,15,15,600,87,,,,Plein jour,Hors agglomération,Hors intersection,Pluie légère,Deux véhicules - frontale,,,,,,,,,,,1,1,1,2.0,1.0
201000001136,0010-10-29 07:30:00,10,10,29,7,30,600,446,,,,Nuit sans éclairage public,Hors agglomération,Hors intersection,Normale,Trois véhicules et plus - collisions multiples,,,,,,,,,,,3,1,1,1.0,5.0
201000001137,0010-11-09 15:45:00,10,11,9,15,45,600,213,,,,Plein jour,Hors agglomération,Hors intersection,Pluie légère,Deux véhicules - côté,,,,,,,,,,,1,1,1,2.0,3.0
201000001138,0010-11-25 20:15:00,10,11,25,20,15,600,446,,,,Nuit sans éclairage public,Hors agglomération,Hors intersection,Temps couvert,Trois véhicules et plus - collisions multiples,,,,,,,,,,,3,1,1,8.0,5.0
201000001139,0010-12-28 08:30:00,10,12,28,8,30,600,341,,,,Plein jour,Hors agglomération,Hors intersection,Autre,Autre collision,,,,,,,,,,,1,1,1,9.0,6.0
201000001140,0010-03-13 03:45:00,10,3,13,3,45,600,650,,,,Nuit sans éclairage public,Hors agglomération,Hors intersection,Normale,Autre collision,,,,,,,,,,,3,1,1,1.0,6.0
201000001141,0010-04-15 12:00:00,10,4,15,12,0,600,509,place PERRONET,,,Plein jour,En agglomération,Hors intersection,Normale,Deux véhicules - frontale,,,,,,,,,,,1,2,1,1.0,1.0
201000001142,0010-09-29 16:45:00,10,9,29,16,45,600,509,Rue Voltaire,,,Plein jour,En agglomération,Hors intersection,Normale,Autre collision,,,,,,,,,,,1,2,1,1.0,6.0
201000001143,0010-10-03 02:15:00,10,10,3,2,15,600,667,Route de Saintines,,,Nuit avec éclairage allumé,En agglomération,Hors intersection,Normale,Autre collision,,,,,,,,,,,5,2,1,1.0,6.0
201000001144,0010-12-16 17:00:00,10,12,16,17,0,600,509,Rue Pasteur,,,Nuit avec éclairage allumé,En agglomération,Hors intersection,Pluie légère,Autre collision,,,,,,,,,,,5,2,1,2.0,6.0
201000001145,0010-04-04 15:15:00,10,4,4,15,15,760,541,,,,Plein jour,Hors agglomération,Hors intersection,Normale,Trois véhicules et plus - collisions multiples,,,,,,,,,,,1,1,1,1.0,5.0
201000001146,0010-05-08 17:00:00,10,5,8,17,0,760,550,,49.361,0.962,Plein jour,Hors agglomération,Hors intersection,Normale,Autre collision,,,,,,,,,,,1,1,1,1.0,6.0
201000001147,0010-05-24 01:45:00,10,5,24,1,45,760,367,,,,Nuit sans éclairage public,Hors agglomération,Hors intersection,Normale,Sans collision,,,,,,,,,,,3,1,1,1.0,7.0
201000001148,0010-06-21 00:01:00,10,6,21,0,1,760,550,,,,Nuit sans éclairage public,Hors agglomération,Hors intersection,Normale,Autre collision,,,,,,,,,,,3,1,1,1.0,6.0
201000001149,0010-06-26 23:30:00,10,6,26,23,30,760,367,,,,Nuit sans éclairage public,Hors agglomération,Hors intersection,Normale,Sans collision,,,,,,,,,,,3,1,1,1.0,7.0
201000001150,0010-07-21 20:00:00,10,7,21,20,0,760,614,,49.451,0.976,Plein jour,Hors agglomération,Hors intersection,Normale,Sans collision,,,,,,,,,,,1,1,1,1.0,7.0
201000001151,0010-07-31 14:15:00,10,7,31,14,15,760,614,,,,Plein jour,Hors agglomération,Hors intersection,Normale,Autre collision,,,,,,,,,,,1,1,1,1.0,6.0
201000001152,0010-08-16 22:00:00,10,8,16,22,0,760,594,,49.515,0.991,Nuit sans éclairage public,Hors agglomération,Hors intersection,Normale,Deux véhicules - côté,,,,,,,,,,,3,1,1,1.0,3.0
201000001153,0010-08-27 16:30:00,10,8,27,16,30,760,446,,,,Plein jour,Hors agglomération,Hors intersection,Normale,Sans collision,,,,,,,,,,,1,1,1,1.0,7.0
201000001154,0010-09-03 19:00:00,10,9,3,19,0,760,728,,,,Plein jour,Hors agglomération,Hors intersection,Normale,Deux véhicules - frontale,,,,,,,,,,,1,1,1,1.0,1.0
201000001155,0010-09-18 16:00:00,10,9,18,16,0,760,728,route de Duclair,,,Plein jour,En agglomération,Hors intersection,Normale,Trois véhicules et plus - collisions multiples,,,,,,,,,,,1,2,1,1.0,5.0
201000001156,0010-11-07 21:15:00,10,11,7,21,15,760,550,,,,Nuit sans éclairage public,Hors agglomération,Hors intersection,Normale,Autre collision,,,,,,,,,,,3,1,1,1.0,6.0
201000001157,0010-12-14 06:30:00,10,12,14,6,30,760,354,,,,Nuit sans éclairage public,Hors agglomération,Hors intersection,Brouillard / fumée,Sans collision,,,,,,,,,,,3,1,1,5.0,7.0
201000001158,0010-04-23 14:00:00,10,4,23,14,0,760,377,,,,Plein jour,Hors agglomération,Hors intersection,Normale,Deux véhicules - frontale,,,,,,,,,,,1,1,1,1.0,1.0
201000001159,0010-05-10 18:15:00,10,5,10,18,15,760,123,RUE DE L EGLISE,49.547,1.115,Plein jour,En agglomération,Hors intersection,Normale,Autre collision,,,,,,,,,,,1,2,1,1.0,6.0
201000001160,0010-07-01 09:15:00,10,7,1,9,15,760,517,,,,Plein jour,Hors agglomération,Hors intersection,Normale,Deux véhicules - arrière,,,,,,,,,,,1,1,1,1.0,2.0
201000001161,0010-07-05 13:30:00,10,7,5,13,30,760,287,,,,Plein jour,Hors agglomération,Hors intersection,Normale,Trois véhicules et plus - en chaîne,,,,,,,,,,,1,1,1,1.0,4.0
201000001162,0010-07-15 17:15:00,10,7,15,17,15,760,452,rue andre martin,,,Plein jour,En agglomération,Hors intersection,Normale,Deux véhicules - côté,,,,,,,,,,,1,2,1,1.0,3.0
201000001163,0010-07-25 15:30:00,10,7,25,15,30,760,105,CD 6,49.606,1.093,Plein jour,En agglomération,Hors intersection,Normale,Deux véhicules - frontale,,,,,,,,,,,1,2,1,1.0,1.0
201000001164,0010-08-26 13:00:00,10,8,26,13,0,760,555,,,,Plein jour,Hors agglomération,Hors intersection,Normale,Deux véhicules - frontale,,,,,,,,,,,1,1,1,1.0,1.0
201000001165,0010-09-01 13:00:00,10,9,1,13,0,760,377,RUES LA HAIE/MONT ROTY,49.501,1.139,Plein jour,En agglomération,Intersection en X,Normale,Deux véhicules - côté,,,,,,,,,,,1,2,2,1.0,3.0
201000001166,0010-10-15 16:00:00,10,10,15,16,0,760,377,route de Neufchâtel,,,Plein jour,En agglomération,Hors intersection,Normale,Deux véhicules - arrière,,,,,,,,,,,1,2,1,1.0,2.0
201000001167,0010-10-25 15:00:00,10,10,25,15,0,760,547,,,,Plein jour,Hors agglomération,Hors intersection,Normale,Autre collision,,,,,,,,,,,1,1,1,1.0,6.0
201000001168,0010-11-30 14:45:00,10,11,30,14,45,760,179,RD 155,,,Plein jour,Hors agglomération,Hors intersection,Normale,Autre collision,,,,,,,,,,,1,1,1,1.0,6.0
201000001169,0010-02-05 16:15:00,10,2,5,16,15,760,235,Rue Saint Laurent,,,Plein jour,En agglomération,Hors intersection,Normale,Deux véhicules - frontale,,,,,,,,,,,1,2,1,1.0,1.0
201000001170,0010-04-03 12:00:00,10,4,3,12,0,760,235,,,,Plein jour,Hors agglomération,Hors intersection,Normale,Deux véhicules - frontale,,,,,,,,,,,1,1,1,1.0,1.0
201000001171,0010-04-06 15:30:00,10,4,6,15,30,760,413,,,,Plein jour,Hors agglomération,Hors intersection,Normale,Deux véhicules - côté,,,,,,,,,,,1,1,1,1.0,3.0
201000001172,0010-09-02 18:30:00,10,9,2,18,30,760,624,RUE DES CYTISES,,,Plein jour,En agglomération,Hors intersection,Normale,Autre collision,,,,,,,,,,,1,2,1,1.0,6.0
201000001173,0010-09-26 15:00:00,10,9,26,15,0,760,630,route de Bailly,,,Plein jour,En agglomération,Hors intersection,Pluie forte,Autre collision,,,,,,,,,,,1,2,1,3.0,6.0
201000001174,0010-10-30 06:15:00,10,10,30,6,15,760,562,,49.45,1.302,Nuit avec éclairage allumé,Hors agglomération,Hors intersection,Normale,Autre collision,,,,,,,,,,,5,1,1,1.0,6.0
201000001175,0010-04-05 05:45:00,10,4,5,5,45,760,75,,49.777,1.051,Nuit sans éclairage public,Hors agglomération,Hors intersection,Normale,Autre collision,,,,,,,,,,,3,1,1,1.0,6.0
201000001176,0010-06-02 07:45:00,10,6,2,7,45,760,662,,49.779,0.904,Plein jour,Hors agglomération,Hors intersection,Pluie légère,Deux véhicules - frontale,,,,,,,,,,,1,1,1,2.0,1.0
201000001177,0010-07-10 03:00:00,10,7,10,3,0,760,397,RUE BERTHET BURLET,,,Nuit avec éclairage non allumé,En agglomération,Hors intersection,Normale,Deux véhicules - côté,,,,,,,,,,,4,2,1,1.0,3.0
201000001178,0010-09-17 07:15:00,10,9,17,7,15,760,482,Rue du bout de la ville,49.88,1.04299,Crépuscule ou aube,En agglomération,Hors intersection,Normale,Autre collision,,,,,,,,,,,2,2,1,1.0,6.0
201000001179,0010-10-10 22:00:00,10,10,10,22,0,760,170,,49.825,1.149,Nuit sans éclairage public,Hors agglomération,Hors intersection,Normale,Autre collision,,,,,,,,,,,3,1,1,1.0,6.0
201000001180,0010-10-20 20:30:00,10,10,20,20,30,760,50,,,,Nuit sans éclairage public,Hors agglomération,Hors intersection,Normale,Sans collision,,,,,,,,,,,3,1,1,1.0,7.0
201000001181,0010-10-29 10:45:00,10,10,29,10,45,760,482,,,,Plein jour,Hors agglomération,Hors intersection,Normale,Trois véhicules et plus - collisions multiples,,,,,,,,,,,1,1,1,1.0,5.0
201000001182,0010-01-20 10:45:00,10,1,20,10,45,760,63,,49.743,1.038,Plein jour,Hors agglomération,Hors intersection,Pluie légère,Deux véhicules - frontale,,,,,,,,,,,1,1,1,2.0,1.0
201000001183,0010-03-09 16:30:00,10,3,9,16,30,760,700,Rue Guy de Maupassant,49.685,1.04699,Plein jour,En agglomération,Hors intersection,Normale,Autre collision,,,,,,,,,,,1,2,1,1.0,6.0
201000001184,0010-05-20 07:15:00,10,5,20,7,15,760,602,,49.676,1.08,Plein jour,Hors agglomération,Hors intersection,Brouillard / fumée,Deux véhicules - côté,,,,,,,,,,,1,1,1,5.0,3.0
201000001185,0010-07-10 03:20:00,10,7,10,3,20,760,70,,49.71,1.223,Nuit sans éclairage public,Hors agglomération,Hors intersection,Normale,Autre collision,,,,,,,,,,,3,1,1,1.0,6.0
201000001186,0010-10-02 20:45:00,10,10,2,20,45,760,700,,,,Nuit sans éclairage public,Hors agglomération,Hors intersection,Pluie légère,Sans collision,,,,,,,,,,,3,1,1,2.0,7.0
201000001187,0010-10-05 10:45:00,10,10,5,10,45,760,321,46 ROUTE DE PARIS,49.789,1.23,Plein jour,En agglomération,Hors intersection,Normale,Autre collision,,,,,,,,,,,1,2,1,1.0,6.0
201000001188,0010-10-20 16:15:00,10,10,20,16,15,760,449,,49.679,1.148,Plein jour,Hors agglomération,Intersection en X,Temps couvert,Deux véhicules - côté,,,,,,,,,,,1,1,2,8.0,3.0
201000001189,0010-07-04 16:00:00,10,7,4,16,0,760,514,,49.36,1.199,Plein jour,Hors agglomération,Hors intersection,Normale,Autre collision,,,,,,,,,,,1,1,1,1.0,6.0
201000001190,0010-10-06 09:45:00,10,10,6,9,45,760,464,,49.389,1.255,Plein jour,Hors agglomération,Hors intersection,Normale,Trois véhicules et plus - collisions multiples,,,,,,,,,,,1,1,1,1.0,5.0
201000001191,0010-11-09 15:15:00,10,11,9,15,15,760,475,960 RUE DE LA GARENNE,49.39609,1.15927,Plein jour,Hors agglomération,Hors intersection,Pluie légère,Deux véhicules - frontale,,,,,,,,,,,1,1,1,2.0,1.0
201000001192,0010-11-12 16:00:00,10,11,12,16,0,760,475,départemantale 138,49.416,1.156,Crépuscule ou aube,En agglomération,Hors intersection,Pluie légère,Trois véhicules et plus - en chaîne,,,,,,,,,,,2,2,1,2.0,4.0
201000001193,0010-12-13 13:00:00,10,12,13,13,0,760,69,Lieu dit Saint Adrien,49.379,1.127,Plein jour,En agglomération,Hors intersection,Normale,Deux véhicules - arrière,,,,,,,,,,,1,2,1,1.0,2.0
201000001194,0010-01-16 00:45:00,10,1,16,0,45,760,709,CD 982 RUE BRETECHE,,,Nuit avec éclairage allumé,En agglomération,Hors intersection,Normale,Autre collision,,,,,,,,,,,5,2,1,1.0,6.0
201000001195,0010-03-28 17:00:00,10,3,28,17,0,760,759,cd 45,49.398,0.877,Plein jour,En agglomération,Hors intersection,Pluie légère,Autre collision,,,,,,,,,,,1,2,1,2.0,6.0
201000001196,0010-04-09 19:30:00,10,4,9,19,30,760,709,rue Edouard Branly,49.484,0.818,Plein jour,En agglomération,Hors intersection,Normale,Autre collision,,,,,,,,,,,1,2,1,1.0,6.0
201000001197,0010-04-16 13:00:00,10,4,16,13,0,760,378,636 rue du Quesnay,,,Plein jour,En agglomération,Intersection en T,Normale,Deux véhicules - côté,,,,,,,,,,,1,2,3,1.0,3.0
201000001198,0010-05-17 17:30:00,10,5,17,17,30,760,398,,,,Plein jour,Hors agglomération,Hors intersection,Normale,Deux véhicules - frontale,,,,,,,,,,,1,1,1,1.0,1.0
201000001199,0010-07-02 21:00:00,10,7,2,21,0,760,473,,,,Plein jour,Hors agglomération,Hors intersection,Normale,Sans collision,,,,,,,,,,,1,1,1,1.0,7.0
201000001200,0010-07-14 17:00:00,10,7,14,17,0,760,631,,49.533,0.892,Plein jour,Hors agglomération,Hors intersection,Normale,Autre collision,,,,,,,,,,,1,1,1,1.0,6.0
201000001201,0010-07-29 20:15:00,10,7,29,20,15,760,626,,,,Plein jour,Hors agglomération,Hors intersection,Normale,Sans collision,,,,,,,,,,,1,1,1,1.0,7.0
201000001202,0010-09-05 21:30:00,10,9,5,21,30,760,636,RD982,49.491,0.899,Nuit avec éclairage allumé,Hors agglomération,Hors intersection,Normale,Deux véhicules - frontale,,,,,,,,,,,5,1,1,1.0,1.0
201000001203,0010-10-27 20:15:00,10,10,27,20,15,760,378,,,,Nuit sans éclairage public,Hors agglomération,Hors intersection,Normale,Autre collision,,,,,,,,,,,3,1,1,1.0,6.0
201000001204,0010-11-20 18:45:00,10,11,20,18,45,760,222,route du havre,49.477,0.861,Nuit avec éclairage allumé,En agglomération,Hors intersection,Normale,Deux véhicules - arrière,,,,,,,,,,,5,2,1,1.0,2.0
201000001205,0010-12-13 17:45:00,10,12,13,17,45,760,750,,49.464,0.829,Crépuscule ou aube,Hors agglomération,Intersection en X,Normale,Deux véhicules - côté,,,,,,,,,,,2,1,2,1.0,3.0
201000001206,0010-01-01 14:30:00,10,1,1,14,30,760,117,,49.705,0.25,Plein jour,Hors agglomération,Hors intersection,Autre,Autre collision,,,,,,,,,,,1,1,1,9.0,6.0
201000001207,0010-04-17 20:15:00,10,4,17,20,15,760,390,,,,Plein jour,Hors agglomération,Hors intersection,Normale,Deux véhicules - frontale,,,,,,,,,,,1,1,1,1.0,1.0
201000001208,0010-05-11 16:30:00,10,5,11,16,30,760,609,,49.667,0.196,Plein jour,Hors agglomération,Hors intersection,Normale,Deux véhicules - frontale,,,,,,,,,,,1,1,1,1.0,1.0