accident_id,datetime,annee,mois,jour,heure,minute,departement,commune_insee,adresse,latitude,longitude,luminosite,agglomeration,intersection,meteo,collision,nb_vehicules,nb_usagers,nb_indemnes,nb_tues,nb_blesses_hosp,nb_blesses_legers,age_cond_1,age_cond_2,veh_type_cond_1,veh_type_cond_2,lum_code,agg_code,int_code,atm_code,col_code
201000001340,0010-07-30 05:30:00,10,7,30,5,30,270,602,HAMEAU DE MORSENT.,49.0059,1.07393,Nuit sans éclairage public,Hors agglomération,Hors intersection,Normale,Deux véhicules - frontale,,,,,,,,,,,3,1,1,1.0,1.0
201000001341,0010-08-04 15:00:00,10,8,4,15,0,270,306,HAMEAU FUMECON,48.958,1.16154,Plein jour,Hors agglomération,Hors intersection,Normale,Deux véhicules - frontale,,,,,,,,,,,1,1,1,1.0,1.0
201000001342,0010-08-03 14:45:00,10,8,3,14,45,270,235,,49.0119,0.91974,Plein jour,Hors agglomération,Hors intersection,Normale,Sans collision,,,,,,,,,,,1,1,1,1.0,7.0
201000001343,0010-08-23 10:45:00,10,8,23,10,45,270,535,,48.9949,0.96017,Plein jour,Hors agglomération,Intersection en T,Normale,Deux véhicules - frontale,,,,,,,,,,,1,1,3,1.0,1.0
201000001344,0010-08-28 17:00:00,10,8,28,17,0,270,99,,49.0797,1.17846,Plein jour,Hors agglomération,Hors intersection,Normale,Sans collision,,,,,,,,,,,1,1,1,1.0,7.0
201000001345,0010-09-02 14:30:00,10,9,2,14,30,270,165,,48.9544,0.93137,Plein jour,Hors agglomération,Hors intersection,Normale,Deux véhicules - frontale,,,,,,,,,,,1,1,1,1.0,1.0
201000001346,0010-09-14 20:45:00,10,9,14,20,45,270,242,,48.9366,0.82513,Crépuscule ou aube,Hors agglomération,Hors intersection,Normale,Deux véhicules - côté,,,,,,,,,,,2,1,1,1.0,3.0
201000001347,0010-09-17 11:30:00,10,9,17,11,30,270,282,VC 51 VC 13,49.0491,1.06376,Plein jour,Hors agglomération,Intersection en X,Temps éblouissant,Deux véhicules - frontale,,,,,,,,,,,1,1,2,7.0,1.0
201000001348,0010-09-20 16:30:00,10,9,20,16,30,270,489,,49.0718,1.22183,Plein jour,Hors agglomération,Intersection en T,Normale,Deux véhicules - frontale,,,,,,,,,,,1,1,3,1.0,1.0
201000001349,0010-10-10 17:00:00,10,10,10,17,0,270,57,D142 CHEMIN DE LA PLAINE,49.0804,1.01271,Plein jour,En agglomération,Intersection en X,Normale,Deux véhicules - côté,,,,,,,,,,,1,2,2,1.0,3.0
201000001350,0010-10-11 10:00:00,10,10,11,10,0,270,268,,48.9601,0.95802,Plein jour,Hors agglomération,Hors intersection,Normale,Deux véhicules - côté,,,,,,,,,,,1,1,1,1.0,3.0
201000001351,0010-10-31 11:00:00,10,10,31,11,0,270,353,,49.099,1.18891,Plein jour,Hors agglomération,Hors intersection,Normale,Deux véhicules - arrière,,,,,,,,,,,1,1,1,1.0,2.0
201000001352,0010-11-07 23:00:00,10,11,7,23,0,270,568,,48.9653,0.89218,Nuit sans éclairage public,Hors agglomération,Hors intersection,Normale,Autre collision,,,,,,,,,,,3,1,1,1.0,6.0
201000001353,0010-11-18 08:30:00,10,11,18,8,30,270,568,,48.9389,0.86266,Plein jour,Hors agglomération,Hors intersection,Normale,Deux véhicules - frontale,,,,,,,,,,,1,1,1,1.0,1.0
201000001354,0010-12-28 22:30:00,10,12,28,22,30,270,165,,48.9526,0.95125,Nuit sans éclairage public,Hors agglomération,Intersection en X,Temps couvert,Autre collision,,,,,,,,,,,3,1,2,8.0,6.0
201000001355,0010-08-08 10:30:00,10,8,8,10,30,270,507,ROUTE DE PACY,48.911,1.27689,Plein jour,En agglomération,Hors intersection,Normale,Sans collision,,,,,,,,,,,1,2,1,1.0,7.0
201000001356,0010-08-26 22:00:00,10,8,26,22,0,270,507,ROUTE DE MOUSSEAUX,48.9073,1.28474,Nuit avec éclairage allumé,En agglomération,Intersection en T,Pluie légère,Deux véhicules - côté,,,,,,,,,,,5,2,3,2.0,3.0
201000001357,0010-10-01 13:15:00,10,10,1,13,15,270,278,RUES DU BOIS & AIGUILLON,48.915,1.433,Plein jour,En agglomération,Intersection en T,Pluie légère,Deux véhicules - frontale,,,,,,,,,,,1,2,3,2.0,1.0
201000001358,0010-11-06 16:30:00,10,11,6,16,30,270,256,,48.9505,1.22368,Plein jour,Hors agglomération,Hors intersection,Pluie légère,Deux véhicules - frontale,,,,,,,,,,,1,1,1,2.0,1.0
201000001359,0010-11-28 14:00:00,10,11,28,14,0,270,507,LI DIT LES ROULEAUX BOIS,48.8959,1.25868,Plein jour,Hors agglomération,Hors intersection,Normale,Autre collision,,,,,,,,,,,1,1,1,1.0,6.0
201000001360,0010-01-30 23:00:00,10,1,30,23,0,270,507,,48.9251,1.28713,Nuit sans éclairage public,Hors agglomération,Hors intersection,Normale,Autre collision,,,,,,,,,,,3,1,1,1.0,6.0
201000001361,0010-02-13 22:30:00,10,2,13,22,30,270,172,PR  23+500,48.8828,1.14623,Nuit sans éclairage public,Hors agglomération,Hors intersection,Normale,Trois véhicules et plus - collisions multiples,,,,,,,,,,,3,1,1,1.0,5.0
201000001362,0010-02-17 08:15:00,10,2,17,8,15,270,491,,48.8471,1.04834,Plein jour,Hors agglomération,Hors intersection,Autre,Sans collision,,,,,,,,,,,1,1,1,9.0,7.0
201000001363,0010-02-26 00:01:00,10,2,26,0,1,270,688,,48.9379,1.05119,Nuit sans éclairage public,Hors agglomération,Hors intersection,Pluie légère,Sans collision,,,,,,,,,,,3,1,1,2.0,7.0
201000001364,0010-03-21 18:45:00,10,3,21,18,45,270,438,,48.7628,1.22554,Crépuscule ou aube,Hors agglomération,Hors intersection,Normale,Deux véhicules - côté,,,,,,,,,,,2,1,1,1.0,3.0
201000001365,0010-03-23 17:15:00,10,3,23,17,15,270,360,,48.9161,1.20204,Crépuscule ou aube,Hors agglomération,Intersection en X,Normale,Deux véhicules - côté,,,,,,,,,,,2,1,2,1.0,3.0
201000001366,0010-03-29 20:00:00,10,3,29,20,0,270,543,,48.7993,1.3534,Crépuscule ou aube,Hors agglomération,Hors intersection,Pluie légère,Deux véhicules - frontale,,,,,,,,,,,2,1,1,2.0,1.0
201000001367,0010-03-30 19:45:00,10,3,30,19,45,270,543,,48.7993,1.3534,Plein jour,Hors agglomération,Hors intersection,Normale,Trois véhicules et plus - collisions multiples,,,,,,,,,,,1,1,1,1.0,5.0
201000001368,0010-04-26 18:00:00,10,4,26,18,0,270,416,,48.85,1.13665,Plein jour,Hors agglomération,Intersection en X,Normale,Deux véhicules - côté,,,,,,,,,,,1,1,2,1.0,3.0
201000001369,0010-04-27 13:45:00,10,4,27,13,45,270,198,,48.8755,1.08532,Plein jour,Hors agglomération,Intersection en T,Normale,Deux véhicules - côté,,,,,,,,,,,1,1,3,1.0,3.0
201000001370,0010-05-24 18:45:00,10,5,24,18,45,270,350,,48.816,1.29497,Plein jour,Hors agglomération,Intersection en X,Temps éblouissant,Deux véhicules - côté,,,,,,,,,,,1,1,2,7.0,3.0
201000001371,0010-06-04 05:15:00,10,6,4,5,15,270,2,,48.7745,1.10729,Crépuscule ou aube,Hors agglomération,Hors intersection,Normale,Trois véhicules et plus - collisions multiples,,,,,,,,,,,2,1,1,1.0,5.0
201000001372,0010-06-12 23:15:00,10,6,12,23,15,270,172,,48.8797,1.12757,Nuit sans éclairage public,Hors agglomération,Autre intersection,Normale,Autre collision,,,,,,,,,,,3,1,9,1.0,6.0
201000001373,0010-06-15 19:15:00,10,6,15,19,15,270,378,,48.791,1.20657,Plein jour,Hors agglomération,Hors intersection,Normale,Sans collision,,,,,,,,,,,1,1,1,1.0,7.0
201000001374,0010-06-29 08:30:00,10,6,29,8,30,270,390,,48.8143,1.21612,Plein jour,Hors agglomération,Hors intersection,Normale,Autre collision,,,,,,,,,,,1,1,1,1.0,6.0
201000001375,0010-07-02 04:00:00,10,7,2,4,0,270,144,,48.8741,1.2977,Nuit sans éclairage public,Hors agglomération,Hors intersection,Normale,Sans collision,,,,,,,,,,,3,1,1,1.0,7.0
201000001376,0010-07-17 16:30:00,10,7,17,16,30,270,484,,48.9322,1.29288,Plein jour,Hors agglomération,Intersection en X,Normale,Deux véhicules - côté,,,,,,,,,,,1,1,2,1.0,3.0
201000001377,0010-08-24 12:30:00,10,8,24,12,30,270,416,,48.8576,1.0905,Plein jour,Hors agglomération,Hors intersection,Normale,Sans collision,,,,,,,,,,,1,1,1,1.0,7.0
201000001378,0010-11-02 11:30:00,10,11,2,11,30,270,543,ROUTE DE NONANCOURT,48.7838,1.35623,Plein jour,En agglomération,Hors intersection,Normale,Autre collision,,,,,,,,,,,1,2,1,1.0,6.0
201000001379,0010-11-20 05:30:00,10,11,20,5,30,270,198,10 R DES HAUTS MOUSSEAUX,48.8721,1.07258,Nuit sans éclairage public,Hors agglomération,Hors intersection,Normale,Autre collision,,,,,,,,,,,3,1,1,1.0,6.0
201000001380,0010-12-27 11:15:00,10,12,27,11,15,270,293,CARR DES ESSARTSPK35+500,48.8492,0.99896,Plein jour,En agglomération,Intersection en T,Normale,Deux véhicules - arrière,,,,,,,,,,,1,2,3,1.0,2.0
201000001381,0010-03-30 18:45:00,10,3,30,18,45,270,355,R GARENNES PASTEUR 1+500,48.8897,1.45988,Plein jour,En agglomération,Intersection en Y,Normale,Deux véhicules - frontale,,,,,,,,,,,1,2,4,1.0,1.0
201000001382,0010-04-10 20:30:00,10,4,10,20,30,270,76,,48.9598,1.34559,Crépuscule ou aube,Hors agglomération,Hors intersection,Normale,Sans collision,,,,,,,,,,,2,1,1,1.0,7.0
201000001383,0010-05-28 23:15:00,10,5,28,23,15,270,510,,49.0044,1.36632,Nuit sans éclairage public,Hors agglomération,Hors intersection,Normale,Autre collision,,,,,,,,,,,3,1,1,1.0,6.0
201000001384,0010-05-28 01:00:00,10,5,28,1,0,270,555,,48.8519,1.3221,Nuit avec éclairage allumé,Hors agglomération,Hors intersection,Normale,Deux véhicules - frontale,,,,,,,,,,,5,1,1,1.0,1.0
201000001385,0010-06-01 19:00:00,10,6,1,19,0,270,278,,48.8996,1.45223,Plein jour,Hors agglomération,Hors intersection,Pluie légère,Deux véhicules - frontale,,,,,,,,,,,1,1,1,2.0,1.0
201000001386,0010-07-01 20:45:00,10,7,1,20,45,270,510,,49.008,1.3663,Plein jour,Hors agglomération,Hors intersection,Normale,Deux véhicules - arrière,,,,,,,,,,,1,1,1,1.0,2.0
201000001387,0010-07-10 13:00:00,10,7,10,13,0,270,273,,48.9776,1.40211,Plein jour,Hors agglomération,Intersection en T,Normale,Deux véhicules - côté,,,,,,,,,,,1,1,3,1.0,3.0
201000001388,0010-08-20 18:30:00,10,8,20,18,30,270,448,RUE ISAMBARD   RD 181,49.0142,1.38515,Plein jour,En agglomération,Giratoire,Normale,Deux véhicules - côté,,,,,,,,,,,1,2,6,1.0,3.0
201000001389,0010-09-17 19:30:00,10,9,17,19,30,270,510,4B RUE CHARLES LEDOUX,49.0119,1.3684,Crépuscule ou aube,En agglomération,Hors intersection,Normale,Deux véhicules - frontale,,,,,,,,,,,2,2,1,1.0,1.0
201000001390,0010-09-18 18:45:00,10,9,18,18,45,270,254,,49.0567,1.25847,Plein jour,Hors agglomération,Hors intersection,Normale,Sans collision,,,,,,,,,,,1,1,1,1.0,7.0
201000001391,0010-11-06 09:15:00,10,11,6,9,15,270,510,EN INTERSEC SORTIE RN 13,49.0104,1.35425,Plein jour,Hors agglomération,Hors intersection,Pluie forte,Deux véhicules - côté,,,,,,,,,,,1,1,1,3.0,3.0
201000001392,0010-11-18 17:45:00,10,11,18,17,45,270,410,,49.013,1.27777,Nuit sans éclairage public,Hors agglomération,Hors intersection,Temps couvert,Sans collision,,,,,,,,,,,3,1,1,8.0,7.0
201000001393,0010-12-25 18:15:00,10,12,25,18,15,270,119,RUE DU PEL,48.9311,1.43772,Nuit avec éclairage allumé,En agglomération,Passage à niveau,Normale,Autre collision,,,,,,,,,,,5,2,8,1.0,6.0
201000001394,0010-04-19 08:30:00,10,4,19,8,30,270,532,,48.8602,0.95368,Plein jour,Hors agglomération,Hors intersection,Normale,Autre collision,,,,,,,,,,,1,1,1,1.0,6.0
201000001395,0010-05-11 20:15:00,10,5,11,20,15,270,9,,48.829,0.7153,Crépuscule ou aube,Hors agglomération,Hors intersection,Pluie légère,Deux véhicules - frontale,,,,,,,,,,,2,1,1,2.0,1.0
201000001396,0010-06-27 20:30:00,10,6,27,20,30,270,491,,48.8238,1.00776,Plein jour,Hors agglomération,Intersection en X,Normale,Deux véhicules - côté,,,,,,,,,,,1,1,2,1.0,3.0
201000001397,0010-07-10 05:15:00,10,7,10,5,15,270,112,,48.8518,0.93685,Crépuscule ou aube,Hors agglomération,Hors intersection,Normale,Autre collision,,,,,,,,,,,2,1,1,1.0,6.0
201000001398,0010-08-17 22:45:00,10,8,17,22,45,270,532,,48.8675,0.92591,Nuit sans éclairage public,Hors agglomération,Hors intersection,Normale,Autre collision,,,,,,,,,,,3,1,1,1.0,6.0
201000001399,0010-08-27 13:15:00,10,8,27,13,15,270,112,R JACQUES ORLY D833 D141,48.8387,0.90775,Plein jour,En agglomération,Hors intersection,Normale,Deux véhicules - côté,,,,,,,,,,,1,2,1,1.0,3.0
201000001400,0010-08-31 14:00:00,10,8,31,14,0,270,195,,48.8003,0.9944,Plein jour,Hors agglomération,Hors intersection,Temps éblouissant,Sans collision,,,,,,,,,,,1,1,1,7.0,7.0
201000001401,0010-09-02 08:45:00,10,9,2,8,45,270,685,,48.9138,0.75368,Plein jour,Hors agglomération,Hors intersection,Normale,Autre collision,,,,,,,,,,,1,1,1,1.0,6.0
201000001402,0010-10-11 16:00:00,10,10,11,16,0,270,578,,48.8024,0.94866,Plein jour,Hors agglomération,Hors intersection,Normale,Autre collision,,,,,,,,,,,1,1,1,1.0,6.0
201000001403,0010-10-22 15:00:00,10,10,22,15,0,270,108,PK 6+500,48.7461,0.81847,Plein jour,Hors agglomération,Intersection en X,Normale,Deux véhicules - côté,,,,,,,,,,,1,1,2,1.0,3.0
201000001404,0010-10-24 21:00:00,10,10,24,21,0,270,108,,48.7813,0.81445,Nuit sans éclairage public,Hors agglomération,Hors intersection,Normale,Autre collision,,,,,,,,,,,3,1,1,1.0,6.0
201000001405,0010-02-20 12:15:00,10,2,20,12,15,270,16,RUE DU COTEAU,49.2504,1.44237,Plein jour,En agglomération,Hors intersection,Normale,Autre collision,,,,,,,,,,,1,2,1,1.0,6.0
201000001406,0010-03-23 09:45:00,10,3,23,9,45,270,408,NEZE,49.1855,1.49457,Plein jour,Hors agglomération,Hors intersection,Normale,Autre collision,,,,,,,,,,,1,1,1,1.0,6.0
201000001407,0010-07-12 18:15:00,10,7,12,18,15,270,683,,49.223,1.39571,Plein jour,Hors agglomération,Hors intersection,Normale,Autre collision,,,,,,,,,,,1,1,1,1.0,6.0
201000001408,0010-09-10 06:00:00,10,9,10,6,0,270,270,PK 28+000,49.2819,1.41092,Nuit avec éclairage allumé,En agglomération,Hors intersection,Normale,Deux véhicules - frontale,,,,,,,,,,,5,2,1,1.0,1.0
201000001409,0010-11-16 13:15:00,10,11,16,13,15,270,16,COTE DE CLERY CD1,49.2448,1.4286,Plein jour,En agglomération,Hors intersection,Normale,Autre collision,,,,,,,,,,,1,2,1,1.0,6.0
201000001410,0010-01-12 13:00:00,10,1,12,13,0,270,279,BOIS DES SORANGES,49.0959,1.58966,Plein jour,Hors agglomération,Hors intersection,Temps couvert,Deux véhicules - arrière,,,,,,,,,,,1,1,1,8.0,2.0
201000001411,0010-04-08 23:45:00,10,4,8,23,45,270,279,RUE WILLIAM DIAN,49.0908,1.60943,Nuit avec éclairage allumé,En agglomération,Hors intersection,Normale,Autre collision,,,,,,,,,,,5,2,1,1.0,6.0
201000001412,0010-05-23 01:15:00,10,5,23,1,15,270,540,14 ROUTE DE VERNON,49.0824,1.58277,Nuit avec éclairage allumé,En agglomération,Hors intersection,Normale,Autre collision,,,,,,,,,,,5,2,1,1.0,6.0
201000001413,0010-06-26 17:00:00,10,6,26,17,0,270,262,ROUTE DE GASNY,49.1298,1.64722,Plein jour,En agglomération,Hors intersection,Normale,Sans collision,,,,,,,,,,,1,2,1,1.0,7.0
201000001414,0010-07-30 23:00:00,10,7,30,23,0,270,644,,49.1474,1.53516,Nuit sans éclairage public,Hors agglomération,Intersection en X,Normale,Deux véhicules - côté,,,,,,,,,,,3,1,2,1.0,3.0
201000001415,0010-08-15 16:00:00,10,8,15,16,0,270,408,,49.1876,1.5011,Plein jour,Hors agglomération,Intersection en X,Pluie forte,Deux véhicules - côté,,,,,,,,,,,1,1,2,3.0,3.0
201000001416,0010-09-02 15:30:00,10,9,2,15,30,270,408,,49.1722,1.51899,Plein jour,Hors agglomération,Intersection en X,Normale,Deux véhicules - côté,,,,,,,,,,,1,1,2,1.0,3.0
201000001417,0010-09-11 11:15:00,10,9,11,11,15,270,408,,49.1722,1.51899,Plein jour,Hors agglomération,Intersection en X,Normale,Deux véhicules - côté,,,,,,,,,,,1,1,2,1.0,3.0
201000001418,0010-09-16 10:30:00,10,9,16,10,30,270,644,,49.1506,1.53336,Plein jour,Hors agglomération,Hors intersection,Normale,Deux véhicules - arrière,,,,,,,,,,,1,1,1,1.0,2.0
201000001419,0010-10-17 20:45:00,10,10,17,20,45,270,644,,49.1436,1.53804,Nuit sans éclairage public,Hors agglomération,Giratoire,Normale,Sans collision,,,,,,,,,,,3,1,6,1.0,7.0
201000001420,0010-12-17 10:15:00,10,12,17,10,15,270,644,HEUBECOURT,49.1363,1.54507,Plein jour,Hors agglomération,Hors intersection,Autre,Deux véhicules - côté,,,,,,,,,,,1,1,1,9.0,3.0
201000001421,0010-01-26 19:00:00,10,1,26,19,0,270,493,AVENUE DE LA GARE,49.3282,1.24873,Nuit avec éclairage allumé,En agglomération,Intersection en T,Normale,Deux véhicules - frontale,,,,,,,,,,,5,2,3,1.0,1.0
201000001422,0010-03-17 10:00:00,10,3,17,10,0,270,246,80 RUE POUYER QUERTIER,49.3625,1.35528,Plein jour,En agglomération,Autre intersection,Temps éblouissant,Autre collision,,,,,,,,,,,1,2,9,7.0,6.0
201000001423,0010-03-21 06:30:00,10,3,21,6,30,270,66,,49.4051,1.62178,Crépuscule ou aube,Hors agglomération,Hors intersection,Temps couvert,Autre collision,,,,,,,,,,,2,1,1,8.0,6.0
201000001424,0010-05-31 16:30:00,10,5,31,16,30,270,205,PK 21+500,49.3402,1.30347,Plein jour,Hors agglomération,Hors intersection,Normale,Deux véhicules - frontale,,,,,,,,,,,1,1,1,1.0,1.0
201000001425,0010-06-01 20:00:00,10,6,1,20,0,270,294,,49.3347,1.38015,Plein jour,Hors agglomération,Hors intersection,Pluie légère,Sans collision,,,,,,,,,,,1,1,1,2.0,7.0
201000001426,0010-09-17 18:45:00,10,9,17,18,45,270,12,ROUTE DE L'ESSART,49.3141,1.30796,Plein jour,En agglomération,Hors intersection,Normale,Deux véhicules - arrière,,,,,,,,,,,1,2,1,1.0,2.0
201000001427,0010-10-20 01:30:00,10,10,20,1,30,270,672,RUE DE LA GARE,49.4451,1.38401,Nuit sans éclairage public,En agglomération,Hors intersection,Pluie légère,Autre collision,,,,,,,,,,,3,2,1,2.0,6.0
201000001428,0010-11-05 10:30:00,10,11,5,10,30,270,493,SENTE DU JARDIN COUCHANT,49.3322,1.25982,Plein jour,En agglomération,Hors intersection,Pluie légère,Autre collision,,,,,,,,,,,1,2,1,2.0,6.0
201000001429,0010-02-22 04:30:00,10,2,22,4,30,270,26,RUE DU BOUT D'EN BAS,49.2185,1.64557,Nuit sans éclairage public,En agglomération,Hors intersection,Normale,Autre collision,,,,,,,,,,,3,2,1,1.0,6.0
201000001430,0010-04-27 19:15:00,10,4,27,19,15,270,480,ROUTE DE COUDRAY,49.3392,1.52553,Plein jour,Hors agglomération,Hors intersection,Normale,Sans collision,,,,,,,,,,,1,1,1,1.0,7.0
201000001431,0010-06-07 17:15:00,10,6,7,17,15,270,632,,49.2969,1.55342,Plein jour,Hors agglomération,Intersection en X,Normale,Deux véhicules - côté,,,,,,,,,,,1,1,2,1.0,3.0
201000001432,0010-06-18 06:45:00,10,6,18,6,45,270,567,,49.2555,1.5624,Plein jour,Hors agglomération,Intersection en X,Normale,Deux véhicules - frontale,,,,,,,,,,,1,1,2,1.0,1.0
201000001433,0010-06-29 15:30:00,10,6,29,15,30,270,284,ANCIEN MARCHÉ +,49.276,1.77463,Plein jour,En agglomération,Hors intersection,Temps éblouissant,Autre collision,,,,,,,,,,,1,2,1,7.0,6.0
201000001434,0010-07-27 23:00:00,10,7,27,23,0,270,284,RUE FRANÇOIS CADENNES.,49.2797,1.78427,Nuit avec éclairage allumé,En agglomération,Hors intersection,Normale,Deux véhicules - côté,,,,,,,,,,,5,2,1,1.0,3.0
201000001435,0010-07-31 20:30:00,10,7,31,20,30,270,284,R LIBÉRATION &DES ETANGS,49.2742,1.78006,Crépuscule ou aube,En agglomération,Intersection en T,Normale,Deux véhicules - frontale,,,,,,,,,,,2,2,3,1.0,1.0
201000001436,0010-08-21 17:30:00,10,8,21,17,30,270,284,RUE ALBERT FORCINAL,49.2833,1.78674,Plein jour,En agglomération,Hors intersection,Normale,Autre collision,,,,,,,,,,,1,2,1,1.0,6.0
201000001437,0010-09-22 16:15:00,10,9,22,16,15,270,617,,49.3099,1.49771,Plein jour,Hors agglomération,Hors intersection,Normale,Deux véhicules - arrière,,,,,,,,,,,1,1,1,1.0,2.0
201000001438,0010-10-07 00:15:00,10,10,7,0,15,270,67,ROUTE DE ROUEN,49.295,1.69064,Nuit avec éclairage allumé,En agglomération,Hors intersection,Normale,Sans collision,,,,,,,,,,,5,2,1,1.0,7.0
201000001439,0010-10-15 19:30:00,10,10,15,19,30,270,226,,49.3141,1.6035,Nuit sans éclairage public,Hors agglomération,Autre intersection,Autre,Deux véhicules - côté,,,,,,,,,,,3,1,9,9.0,3.0
201000001440,0010-10-21 08:15:00,10,10,21,8,15,270,284,40 RUE FAUBOURG CAPEVILL,49.2792,1.77127,Plein jour,En agglomération,Hors intersection,Normale,Deux véhicules - arrière,,,,,,,,,,,1,2,1,1.0,2.0
201000001441,0010-02-16 16:15:00,10,2,16,16,15,270,56,RUE MICHEL DUROY,49.0915,0.60213,Plein jour,En agglomération,Hors intersection,Normale,Autre collision,,,,,,,,,,,1,2,1,1.0,6.0
201000001442,0010-02-17 12:30:00,10,2,17,12,30,270,569,,49.1163,0.54023,Plein jour,Hors agglomération,Intersection en X,Normale,Deux véhicules - frontale,,,,,,,,,,,1,1,2,1.0,1.0
201000001443,0010-03-01 18:15:00,10,3,1,18,15,270,455,,49.182,0.4086,Crépuscule ou aube,Hors agglomération,Hors intersection,Normale,Deux véhicules - frontale,,,,,,,,,,,2,1,1,1.0,1.0
201000001444,0010-03-03 18:00:00,10,3,3,18,0,270,56,AVENUE LOTTIN DE LAVAL,49.0929,0.60223,Plein jour,En agglomération,Hors intersection,Normale,Autre collision,,,,,,,,,,,1,2,1,1.0,6.0
201000001445,0010-03-06 16:00:00,10,3,6,16,0,270,106,,49.1268,0.48706,Plein jour,Hors agglomération,Hors intersection,Normale,Autre collision,,,,,,,,,,,1,1,1,1.0,6.0
201000001446,0010-03-16 08:30:00,10,3,16,8,30,270,56,SENTE DE LA PRIERE,49.0903,0.59239,Plein jour,En agglomération,Hors intersection,Pluie légère,Deux véhicules - frontale,,,,,,,,,,,1,2,1,2.0,1.0
201000001447,0010-03-23 17:30:00,10,3,23,17,30,270,56,RUE DU RAVIN,49.0935,0.60173,Plein jour,En agglomération,Hors intersection,Normale,Autre collision,,,,,,,,,,,1,2,1,1.0,6.0
201000001448,0010-04-06 09:30:00,10,4,6,9,30,270,414,GRANDE RUE,48.9407,0.48103,Plein jour,En agglomération,Hors intersection,Normale,Trois véhicules et plus - en chaîne,,,,,,,,,,,1,2,1,1.0,4.0
201000001449,0010-04-11 10:45:00,10,4,11,10,45,270,629,,49.1448,0.45076,Plein jour,Hors agglomération,Hors intersection,Normale,Deux véhicules - arrière,,,,,,,,,,,1,1,1,1.0,2.0
201000001450,0010-04-29 10:45:00,10,4,29,10,45,270,56,RD 638,49.095,0.59401,Plein jour,Hors agglomération,Giratoire,Normale,Deux véhicules - frontale,,,,,,,,,,,1,1,6,1.0,1.0
201000001451,0010-04-30 19:45:00,10,4,30,19,45,270,248,,49.1545,0.51212,Crépuscule ou aube,Hors agglomération,Hors intersection,Normale,Deux véhicules - côté,,,,,,,,,,,2,1,1,1.0,3.0
201000001452,0010-05-09 21:15:00,10,5,9,21,15,270,462,,49.0895,0.42819,Crépuscule ou aube,Hors agglomération,Hors intersection,Normale,Sans collision,,,,,,,,,,,2,1,1,1.0,7.0
201000001453,0010-05-26 18:30:00,10,5,26,18,30,270,129,,49.0786,0.5577,Plein jour,Hors agglomération,Hors intersection,Normale,Deux véhicules - arrière,,,,,,,,,,,1,1,1,1.0,2.0
201000001454,0010-06-08 14:15:00,10,6,8,14,15,270,569,,49.1163,0.54023,Plein jour,Hors agglomération,Intersection en X,Normale,Deux véhicules - côté,,,,,,,,,,,1,1,2,1.0,3.0
201000001455,0010-07-23 03:00:00,10,7,23,3,0,270,239,,49.0216,0.58074,Nuit sans éclairage public,Hors agglomération,Hors intersection,Normale,Autre collision,,,,,,,,,,,3,1,1,1.0,6.0
201000001456,0010-09-05 17:00:00,10,9,5,17,0,270,512,LE BOURG - FACE ÉGLISE,49.1715,0.47539,Plein jour,En agglomération,Intersection en X,Normale,Deux véhicules - côté,,,,,,,,,,,1,2,2,1.0,3.0
201000001457,0010-10-22 11:30:00,10,10,22,11,30,270,56,RUE DU GENERAL DE GAULLE,49.088,0.59283,Plein jour,En agglomération,Autre intersection,Normale,Autre collision,,,,,,,,,,,1,2,9,1.0,6.0
201000001458,0010-10-22 18:15:00,10,10,22,18,15,270,463,,49.1547,0.60236,Crépuscule ou aube,Hors agglomération,Hors intersection,Temps couvert,Autre collision,,,,,,,,,,,2,1,1,8.0,6.0
201000001459,0010-10-23 16:15:00,10,10,23,16,15,270,295,,49.0442,0.56289,Plein jour,Hors agglomération,Hors intersection,Pluie forte,Trois véhicules et plus - en chaîne,,,,,,,,,,,1,1,1,3.0,4.0
201000001460,0010-10-30 18:15:00,10,10,30,18,15,270,56,,49.0913,0.61148,Plein jour,Hors agglomération,Hors intersection,Normale,Sans collision,,,,,,,,,,,1,1,1,1.0,7.0
201000001461,0010-02-06 13:30:00,10,2,6,13,30,270,300,RUE DE LA RISLE,49.0601,0.79998,Plein jour,Hors agglomération,Hors intersection,Normale,Autre collision,,,,,,,,,,,1,1,1,1.0,6.0
201000001462,0010-02-09 05:00:00,10,2,9,5,0,270,37,,49.082,0.82093,Nuit sans éclairage public,Hors agglomération,Hors intersection,Autre,Autre collision,,,,,,,,,,,3,1,1,9.0,6.0
201000001463,0010-03-17 07:30:00,10,3,17,7,30,270,116,,49.1921,0.72111,Plein jour,En agglomération,Hors intersection,Normale,Sans collision,,,,,,,,,,,1,2,1,1.0,7.0
201000001464,0010-05-14 09:30:00,10,5,14,9,30,270,116,RUE SOIE  COTE CANADIENS,49.1954,0.72041,Plein jour,En agglomération,Intersection en X,Normale,Deux véhicules - frontale,,,,,,,,,,,1,2,2,1.0,1.0
201000001465,0010-05-15 10:45:00,10,5,15,10,45,270,210,,49.1306,0.81304,Plein jour,Hors agglomération,Intersection en X,Normale,Deux véhicules - côté,,,,,,,,,,,1,1,2,1.0,3.0