accident_id,datetime,annee,mois,jour,heure,minute,departement,commune_insee,adresse,latitude,longitude,luminosite,agglomeration,intersection,meteo,collision,nb_vehicules,nb_usagers,nb_indemnes,nb_tues,nb_blesses_hosp,nb_blesses_legers,age_cond_1,age_cond_2,veh_type_cond_1,veh_type_cond_2,lum_code,agg_code,int_code,atm_code,col_code
201000001593,0010-09-13 10:15:00,10,9,13,10,15,350,177,,48.206,-1.731,Plein jour,Hors agglomération,Autre intersection,Normale,Deux véhicules - côté,,,,,,,,,,,1,1,9,1.0,3.0
201000001594,0010-10-12 12:30:00,10,10,12,12,30,350,317,,,,Plein jour,Hors agglomération,Hors intersection,Normale,Deux véhicules - côté,,,,,,,,,,,1,1,1,1.0,3.0
201000001595,0010-12-18 19:00:00,10,12,18,19,0,350,356,,48.25,-1.761,Nuit sans éclairage public,Hors agglomération,Hors intersection,Autre,Trois véhicules et plus - en chaîne,,,,,,,,,,,3,1,1,9.0,4.0
201000001596,0010-12-21 23:00:00,10,12,21,23,0,350,130,,,,Nuit sans éclairage public,Hors agglomération,Hors intersection,Brouillard / fumée,Autre collision,,,,,,,,,,,3,1,1,5.0,6.0
201000001597,0010-12-23 15:30:00,10,12,23,15,30,350,326,,48.335,-1.526,Plein jour,Hors agglomération,Intersection en X,Pluie légère,Trois véhicules et plus - collisions multiples,,,,,,,,,,,1,1,2,2.0,5.0
201000001598,0010-12-23 19:45:00,10,12,23,19,45,350,326,Av. Philippe de Volvire,48.336,-1.534,Nuit sans éclairage public,En agglomération,Hors intersection,Pluie légère,Deux véhicules - côté,,,,,,,,,,,3,2,1,2.0,3.0
201000001599,0010-02-12 01:00:00,10,2,12,1,0,350,184,,48.224,-2.027,Nuit sans éclairage public,Hors agglomération,Hors intersection,Normale,Autre collision,,,,,,,,,,,3,1,1,1.0,6.0
201000001600,0010-02-16 17:30:00,10,2,16,17,30,350,144,,48.244,-1.864,Plein jour,Hors agglomération,Hors intersection,Normale,Deux véhicules - arrière,,,,,,,,,,,1,1,1,1.0,2.0
201000001601,0010-03-26 21:15:00,10,3,26,21,15,350,117,,48.151,-2.216,Nuit sans éclairage public,Hors agglomération,Hors intersection,Normale,Deux véhicules - côté,,,,,,,,,,,3,1,1,1.0,3.0
201000001602,0010-05-31 08:00:00,10,5,31,8,0,350,302,,48.195,-2.12,Plein jour,Hors agglomération,Hors intersection,Pluie légère,Trois véhicules et plus - collisions multiples,,,,,,,,,,,1,1,1,2.0,5.0
201000001603,0010-08-18 19:45:00,10,8,18,19,45,350,297,68 rue louison bobet,48.189,-2.185,Plein jour,En agglomération,Intersection en T,Normale,Deux véhicules - frontale,,,,,,,,,,,1,2,3,1.0,1.0
201000001604,0010-08-26 08:30:00,10,8,26,8,30,350,184,,48.203,-2.009,Plein jour,Hors agglomération,Hors intersection,Temps couvert,Deux véhicules - frontale,,,,,,,,,,,1,1,1,8.0,1.0
201000001605,0010-10-09 20:30:00,10,10,9,20,30,350,117,,48.148,-2.217,Nuit sans éclairage public,Hors agglomération,Hors intersection,Normale,Trois véhicules et plus - collisions multiples,,,,,,,,,,,3,1,1,1.0,5.0
201000001606,0010-10-24 15:00:00,10,10,24,15,0,350,117,,48.123,-2.199,Plein jour,Hors agglomération,Intersection en T,Normale,Deux véhicules - frontale,,,,,,,,,,,1,1,3,1.0,1.0
201000001607,0010-11-08 07:30:00,10,11,8,7,30,350,184,,48.195,-2.02,Nuit sans éclairage public,Hors agglomération,Hors intersection,Normale,Autre collision,,,,,,,,,,,3,1,1,1.0,6.0
201000001608,0010-01-29 02:30:00,10,1,29,2,30,350,133,,48.08,-1.991,Nuit sans éclairage public,Hors agglomération,Hors intersection,Normale,Sans collision,,,,,,,,,,,3,1,1,1.0,7.0
201000001609,0010-01-29 20:00:00,10,1,29,20,0,350,227,,48.173,-1.877,Nuit sans éclairage public,Hors agglomération,Hors intersection,Pluie forte,Sans collision,,,,,,,,,,,3,1,1,3.0,7.0
201000001610,0010-06-26 00:30:00,10,6,26,0,30,350,227,,48.176,-1.907,Nuit sans éclairage public,Hors agglomération,Hors intersection,Normale,Sans collision,,,,,,,,,,,3,1,1,1.0,7.0
201000001611,0010-08-15 19:15:00,10,8,15,19,15,350,223,,48.016,-2.072,Plein jour,Hors agglomération,Hors intersection,Normale,Autre collision,,,,,,,,,,,1,1,1,1.0,6.0
201000001612,0010-09-25 14:15:00,10,9,25,14,15,350,223,,,,Plein jour,Hors agglomération,Hors intersection,Normale,Autre collision,,,,,,,,,,,1,1,1,1.0,6.0
201000001613,0010-12-28 10:45:00,10,12,28,10,45,350,223,,48.002,-2.084,Plein jour,Hors agglomération,Hors intersection,Brouillard / fumée,Deux véhicules - côté,,,,,,,,,,,1,1,1,5.0,3.0
201000001614,0010-04-21 16:15:00,10,4,21,16,15,350,240,route nationale,,,Plein jour,En agglomération,Giratoire,Normale,Autre collision,,,,,,,,,,,1,2,6,1.0,6.0
201000001615,0010-04-24 12:45:00,10,4,24,12,45,350,196,,,,Plein jour,Hors agglomération,Hors intersection,Normale,Deux véhicules - côté,,,,,,,,,,,1,1,1,1.0,3.0
201000001616,0010-10-25 18:00:00,10,10,25,18,0,350,240,RUE DES MESANGES,,,Plein jour,En agglomération,Hors intersection,Normale,Deux véhicules - frontale,,,,,,,,,,,1,2,1,1.0,1.0
201000001617,0010-12-17 08:15:00,10,12,17,8,15,350,240,,,,Crépuscule ou aube,Hors agglomération,Hors intersection,Autre,Deux véhicules - frontale,,,,,,,,,,,2,1,1,9.0,1.0
201000001618,0010-12-18 17:45:00,10,12,18,17,45,350,196,51 RUE DE LA BOUVARDIERE,48.107,-1.796,Crépuscule ou aube,En agglomération,Hors intersection,Temps couvert,Autre collision,,,,,,,,,,,2,2,1,8.0,6.0
201000001619,0010-03-01 19:30:00,10,3,1,19,30,350,137,,,,Nuit sans éclairage public,Hors agglomération,Intersection en T,Pluie légère,Deux véhicules - côté,,,,,,,,,,,3,1,3,2.0,3.0
201000001620,0010-03-09 07:00:00,10,3,9,7,0,350,137,,,,Crépuscule ou aube,Hors agglomération,Hors intersection,Normale,Autre collision,,,,,,,,,,,2,1,1,1.0,6.0
201000001621,0010-04-10 20:30:00,10,4,10,20,30,350,271,,,,Crépuscule ou aube,Hors agglomération,Hors intersection,Normale,Sans collision,,,,,,,,,,,2,1,1,1.0,7.0
201000001622,0010-05-07 14:45:00,10,5,7,14,45,350,142,,,,Plein jour,Hors agglomération,Hors intersection,Normale,Autre collision,,,,,,,,,,,1,1,1,1.0,6.0
201000001623,0010-05-21 23:30:00,10,5,21,23,30,350,163,,,,Nuit sans éclairage public,Hors agglomération,Hors intersection,Normale,Sans collision,,,,,,,,,,,3,1,1,1.0,7.0
201000001624,0010-06-13 17:30:00,10,6,13,17,30,350,357,,,,Plein jour,Hors agglomération,Hors intersection,Normale,Sans collision,,,,,,,,,,,1,1,1,1.0,7.0
201000001625,0010-07-10 01:15:00,10,7,10,1,15,350,21,,,,Nuit avec éclairage allumé,Hors agglomération,Giratoire,Normale,Autre collision,,,,,,,,,,,5,1,6,1.0,6.0
201000001626,0010-08-20 14:30:00,10,8,20,14,30,350,271,rue du Bois Creux,,,Plein jour,En agglomération,Hors intersection,Normale,Sans collision,,,,,,,,,,,1,2,1,1.0,7.0
201000001627,0010-12-27 12:15:00,10,12,27,12,15,350,243,,,,Plein jour,Hors agglomération,Hors intersection,Normale,Deux véhicules - frontale,,,,,,,,,,,1,1,1,1.0,1.0
201000001628,0010-02-01 08:30:00,10,2,1,8,30,350,253,Rue de la bouexiere,,,Plein jour,En agglomération,Giratoire,Neige / grêle,Autre collision,,,,,,,,,,,1,2,6,4.0,6.0
201000001629,0010-02-01 17:15:00,10,2,1,17,15,350,113,,,,Plein jour,Hors agglomération,Hors intersection,Normale,Deux véhicules - côté,,,,,,,,,,,1,1,1,1.0,3.0
201000001630,0010-05-11 17:00:00,10,5,11,17,0,350,257,Route de Fougères,,,Plein jour,En agglomération,Hors intersection,Normale,Autre collision,,,,,,,,,,,1,2,1,1.0,6.0
201000001631,0010-06-26 06:30:00,10,6,26,6,30,350,75,,,,Plein jour,Hors agglomération,Hors intersection,Normale,Sans collision,,,,,,,,,,,1,1,1,1.0,7.0
201000001632,0010-07-15 19:00:00,10,7,15,19,0,350,115,,,,Plein jour,Hors agglomération,Hors intersection,Autre,Deux véhicules - frontale,,,,,,,,,,,1,1,1,9.0,1.0
201000001633,0010-07-28 21:00:00,10,7,28,21,0,350,178,,,,Crépuscule ou aube,Hors agglomération,Intersection en X,Normale,Deux véhicules - côté,,,,,,,,,,,2,1,2,1.0,3.0
201000001634,0010-08-08 10:45:00,10,8,8,10,45,350,63,,,,Plein jour,Hors agglomération,Hors intersection,Normale,Deux véhicules - côté,,,,,,,,,,,1,1,1,1.0,3.0
201000001635,0010-08-14 13:15:00,10,8,14,13,15,350,273,,,,Plein jour,Hors agglomération,Hors intersection,Pluie forte,Deux véhicules - arrière,,,,,,,,,,,1,1,1,3.0,2.0
201000001636,0010-08-21 10:00:00,10,8,21,10,0,350,19,,,,Plein jour,Hors agglomération,Hors intersection,Normale,Sans collision,,,,,,,,,,,1,1,1,1.0,7.0
201000001637,0010-08-27 08:30:00,10,8,27,8,30,350,63,,,,Plein jour,Hors agglomération,Autre intersection,Normale,Deux véhicules - côté,,,,,,,,,,,1,1,9,1.0,3.0
201000001638,0010-09-19 19:45:00,10,9,19,19,45,350,113,,,,Plein jour,Hors agglomération,Hors intersection,Normale,Trois véhicules et plus - collisions multiples,,,,,,,,,,,1,1,1,1.0,5.0
201000001639,0010-09-20 13:15:00,10,9,20,13,15,350,253,,,,Plein jour,Hors agglomération,Hors intersection,Normale,Trois véhicules et plus - collisions multiples,,,,,,,,,,,1,1,1,1.0,5.0
201000001640,0010-12-11 19:00:00,10,12,11,19,0,350,303,,,,Nuit sans éclairage public,Hors agglomération,Hors intersection,Normale,Sans collision,,,,,,,,,,,3,1,1,1.0,7.0
201000001641,0010-12-11 17:30:00,10,12,11,17,30,350,75,,,,Crépuscule ou aube,Hors agglomération,Intersection en X,Normale,Deux véhicules - côté,,,,,,,,,,,2,1,2,1.0,3.0
201000001642,0010-12-25 12:30:00,10,12,25,12,30,350,63,,,,Plein jour,Hors agglomération,Hors intersection,Autre,Deux véhicules - frontale,,,,,,,,,,,1,1,1,9.0,1.0
201000001643,0010-01-16 17:45:00,10,1,16,17,45,350,237,,,,Nuit sans éclairage public,Hors agglomération,Hors intersection,Pluie légère,Deux véhicules - frontale,,,,,,,,,,,3,1,1,2.0,1.0
201000001644,0010-01-26 11:15:00,10,1,26,11,15,350,236,,,,Plein jour,Hors agglomération,Hors intersection,Normale,Deux véhicules - arrière,,,,,,,,,,,1,1,1,1.0,2.0
201000001645,0010-02-03 05:00:00,10,2,3,5,0,350,237,,,,Nuit sans éclairage public,Hors agglomération,Hors intersection,Normale,Autre collision,,,,,,,,,,,3,1,1,1.0,6.0
201000001646,0010-06-04 08:45:00,10,6,4,8,45,350,13,,47.717,-2.079,Plein jour,Hors agglomération,Hors intersection,Normale,Deux véhicules - côté,,,,,,,,,,,1,1,1,1.0,3.0
201000001647,0010-06-09 15:00:00,10,6,9,15,0,350,236,rue thiers,47.657,-2.08599,Plein jour,En agglomération,Hors intersection,Normale,Deux véhicules - côté,,,,,,,,,,,1,2,1,1.0,3.0
201000001648,0010-06-22 16:00:00,10,6,22,16,0,350,236,RUE LUCIEN POULARD,47.656,-2.097,Plein jour,En agglomération,Intersection en X,Normale,Autre collision,,,,,,,,,,,1,2,2,1.0,6.0
201000001649,0010-07-08 18:30:00,10,7,8,18,30,350,236,,47.667,-2.098,Plein jour,Hors agglomération,Giratoire,Normale,Deux véhicules - côté,,,,,,,,,,,1,1,6,1.0,3.0
201000001650,0010-07-19 07:30:00,10,7,19,7,30,350,236,QUAI SURCOUF,47.652,-2.088,Plein jour,En agglomération,Hors intersection,Normale,Deux véhicules - côté,,,,,,,,,,,1,2,1,1.0,3.0
201000001651,0010-11-01 17:30:00,10,11,1,17,30,350,64,,47.693,-1.933,Plein jour,Hors agglomération,Hors intersection,Normale,Deux véhicules - frontale,,,,,,,,,,,1,1,1,1.0,1.0
201000001652,0010-12-10 19:15:00,10,12,10,19,15,350,236,,47.675,-2.08,Nuit sans éclairage public,Hors agglomération,Hors intersection,Normale,Deux véhicules - côté,,,,,,,,,,,3,1,1,1.0,3.0
201000001653,0010-01-08 21:15:00,10,1,8,21,15,350,12,,,,Nuit sans éclairage public,Hors agglomération,Hors intersection,Normale,Autre collision,,,,,,,,,,,3,1,1,1.0,6.0
201000001654,0010-02-14 19:00:00,10,2,14,19,0,350,145,,,,Nuit sans éclairage public,Hors agglomération,Hors intersection,Normale,Autre collision,,,,,,,,,,,3,1,1,1.0,6.0
201000001655,0010-02-26 14:45:00,10,2,26,14,45,350,54,RD 48,,,Plein jour,En agglomération,Hors intersection,Normale,Deux véhicules - frontale,,,,,,,,,,,1,2,1,1.0,1.0
201000001656,0010-04-18 00:45:00,10,4,18,0,45,350,54,,,,Nuit sans éclairage public,Hors agglomération,Hors intersection,Normale,Sans collision,,,,,,,,,,,3,1,1,1.0,7.0
201000001657,0010-06-12 06:15:00,10,6,12,6,15,350,145,,,,Crépuscule ou aube,Hors agglomération,Hors intersection,Normale,Autre collision,,,,,,,,,,,2,1,1,1.0,6.0
201000001658,0010-06-27 17:15:00,10,6,27,17,15,350,332,rue des ferrières,,,Plein jour,En agglomération,Hors intersection,Normale,Autre collision,,,,,,,,,,,1,2,1,1.0,6.0
201000001659,0010-07-02 12:15:00,10,7,2,12,15,350,221,,,,Plein jour,Hors agglomération,Hors intersection,Normale,Deux véhicules - arrière,,,,,,,,,,,1,1,1,1.0,2.0
201000001660,0010-07-29 19:00:00,10,7,29,19,0,350,12,,,,Plein jour,Hors agglomération,Hors intersection,Normale,Deux véhicules - arrière,,,,,,,,,,,1,1,1,1.0,2.0
201000001661,0010-08-09 13:45:00,10,8,9,13,45,350,54,,,,Plein jour,Hors agglomération,Hors intersection,Normale,Deux véhicules - frontale,,,,,,,,,,,1,1,1,1.0,1.0
201000001662,0010-10-09 17:00:00,10,10,9,17,0,350,332,,,,Plein jour,Hors agglomération,Hors intersection,Normale,Deux véhicules - frontale,,,,,,,,,,,1,1,1,1.0,1.0
201000001663,0010-10-30 17:15:00,10,10,30,17,15,350,212,,47.919,-1.637,Plein jour,Hors agglomération,Hors intersection,Normale,Deux véhicules - frontale,,,,,,,,,,,1,1,1,1.0,1.0
201000001664,0010-10-30 13:15:00,10,10,30,13,15,350,212,,47.894,-1.643,Plein jour,Hors agglomération,Hors intersection,Normale,Autre collision,,,,,,,,,,,1,1,1,1.0,6.0
201000001665,0010-11-10 16:30:00,10,11,10,16,30,350,12,,,,Plein jour,Hors agglomération,Hors intersection,Normale,Deux véhicules - côté,,,,,,,,,,,1,1,1,1.0,3.0
201000001666,0010-01-29 23:45:00,10,1,29,23,45,350,16,,,,Nuit sans éclairage public,Hors agglomération,Hors intersection,Normale,Autre collision,,,,,,,,,,,3,1,1,1.0,6.0
201000001667,0010-03-01 08:45:00,10,3,1,8,45,350,127,,,,Plein jour,Hors agglomération,Hors intersection,Normale,Deux véhicules - frontale,,,,,,,,,,,1,1,1,1.0,1.0
201000001668,0010-04-16 11:30:00,10,4,16,11,30,350,33,,,,Plein jour,Hors agglomération,Hors intersection,Normale,Deux véhicules - frontale,,,,,,,,,,,1,1,1,1.0,1.0
201000001669,0010-04-28 15:45:00,10,4,28,15,45,350,123,,48.03,-1.785,Plein jour,Hors agglomération,Hors intersection,Normale,Deux véhicules - côté,,,,,,,,,,,1,1,1,1.0,3.0
201000001670,0010-05-25 07:00:00,10,5,25,7,0,350,33,,47.933,-1.733,Plein jour,Hors agglomération,Hors intersection,Normale,Deux véhicules - côté,,,,,,,,,,,1,1,1,1.0,3.0
201000001671,0010-06-16 21:30:00,10,6,16,21,30,350,126,,47.972,-1.8,Crépuscule ou aube,Hors agglomération,Autre intersection,Normale,Sans collision,,,,,,,,,,,2,1,9,1.0,7.0
201000001672,0010-07-07 22:45:00,10,7,7,22,45,350,312,,,,Nuit sans éclairage public,Hors agglomération,Hors intersection,Normale,Autre collision,,,,,,,,,,,3,1,1,1.0,6.0
201000001673,0010-09-03 14:15:00,10,9,3,14,15,350,127,,,,Plein jour,Hors agglomération,Hors intersection,Normale,Deux véhicules - arrière,,,,,,,,,,,1,1,1,1.0,2.0
201000001674,0010-09-16 16:30:00,10,9,16,16,30,350,126,,,,Plein jour,Hors agglomération,Hors intersection,Normale,Deux véhicules - frontale,,,,,,,,,,,1,1,1,1.0,1.0
201000001675,0010-10-13 16:30:00,10,10,13,16,30,350,127,,,,Plein jour,Hors agglomération,Intersection en T,Normale,Deux véhicules - côté,,,,,,,,,,,1,1,3,1.0,3.0
201000001676,0010-10-15 22:45:00,10,10,15,22,45,350,123,,,,Nuit sans éclairage public,Hors agglomération,Hors intersection,Normale,Autre collision,,,,,,,,,,,3,1,1,1.0,6.0
201000001677,0010-10-23 12:15:00,10,10,23,12,15,350,127,,,,Plein jour,Hors agglomération,Intersection en X,Normale,Deux véhicules - côté,,,,,,,,,,,1,1,2,1.0,3.0
201000001678,0010-10-27 07:45:00,10,10,27,7,45,350,126,,,,Crépuscule ou aube,Hors agglomération,Hors intersection,Normale,Deux véhicules - arrière,,,,,,,,,,,2,1,1,1.0,2.0
201000001679,0010-12-18 12:00:00,10,12,18,12,0,350,149,,,,Plein jour,Hors agglomération,Hors intersection,Pluie forte,Deux véhicules - arrière,,,,,,,,,,,1,1,1,3.0,2.0
201000001680,0010-04-01 17:00:00,10,4,1,17,0,350,155,,,,Plein jour,Hors agglomération,Hors intersection,Normale,Sans collision,,,,,,,,,,,1,1,1,1.0,7.0
201000001681,0010-04-06 17:30:00,10,4,6,17,30,350,168,,,,Plein jour,Hors agglomération,Hors intersection,Normale,Deux véhicules - côté,,,,,,,,,,,1,1,1,1.0,3.0
201000001682,0010-04-09 21:15:00,10,4,9,21,15,350,219,,47.797,-1.923,Nuit sans éclairage public,Hors agglomération,Hors intersection,Normale,Deux véhicules - frontale,,,,,,,,,,,3,1,1,1.0,1.0
201000001683,0010-05-15 15:30:00,10,5,15,15,30,350,57,,47.925,-1.935,Plein jour,Hors agglomération,Hors intersection,Normale,Sans collision,,,,,,,,,,,1,1,1,1.0,7.0
201000001684,0010-07-04 16:00:00,10,7,4,16,0,350,219,,47.827,-1.963,Plein jour,Hors agglomération,Hors intersection,Normale,Deux véhicules - frontale,,,,,,,,,,,1,1,1,1.0,1.0
201000001685,0010-09-24 16:00:00,10,9,24,16,0,350,175,,47.892,-1.971,Plein jour,Hors agglomération,Hors intersection,Temps couvert,Deux véhicules - côté,,,,,,,,,,,1,1,1,8.0,3.0
201000001686,0010-10-01 13:00:00,10,10,1,13,0,350,45,,47.816,-1.991,Plein jour,Hors agglomération,Hors intersection,Pluie forte,Sans collision,,,,,,,,,,,1,1,1,3.0,7.0
201000001687,0010-11-21 06:00:00,10,11,21,6,0,350,45,,,,Nuit sans éclairage public,Hors agglomération,Hors intersection,Normale,Sans collision,,,,,,,,,,,3,1,1,1.0,7.0
201000001688,0010-11-28 09:00:00,10,11,28,9,0,350,57,,47.928,-1.921,Crépuscule ou aube,Hors agglomération,Hors intersection,Normale,Sans collision,,,,,,,,,,,2,1,1,1.0,7.0
201000001689,0010-12-06 17:00:00,10,12,6,17,0,350,57,CD 776 - PK 15+930,47.933,-1.942,Crépuscule ou aube,En agglomération,Hors intersection,Pluie légère,Deux véhicules - côté,,,,,,,,,,,2,2,1,2.0,3.0
201000001690,0010-01-07 12:30:00,10,1,7,12,30,350,132,,,,Plein jour,Hors agglomération,Hors intersection,Neige / grêle,Sans collision,,,,,,,,,,,1,1,1,4.0,7.0
201000001691,0010-01-13 01:45:00,10,1,13,1,45,350,337,,,,Nuit sans éclairage public,Hors agglomération,Hors intersection,Neige / grêle,Autre collision,,,,,,,,,,,3,1,1,4.0,6.0
201000001692,0010-01-15 13:15:00,10,1,15,13,15,350,337,rue duguesclin,,,Plein jour,En agglomération,Hors intersection,Normale,Deux véhicules - côté,,,,,,,,,,,1,2,1,1.0,3.0
201000001693,0010-01-17 15:30:00,10,1,17,15,30,350,263,,,,Plein jour,Hors agglomération,Hors intersection,Normale,Autre collision,,,,,,,,,,,1,1,1,1.0,6.0
201000001694,0010-01-26 15:30:00,10,1,26,15,30,350,345,,,,Plein jour,Hors agglomération,Hors intersection,Normale,Autre collision,,,,,,,,,,,1,1,1,1.0,6.0
201000001695,0010-02-16 12:30:00,10,2,16,12,30,350,265,,,,Plein jour,Hors agglomération,Hors intersection,Normale,Deux véhicules - arrière,,,,,,,,,,,1,1,1,1.0,2.0
201000001696,0010-03-14 00:30:00,10,3,14,0,30,350,306,,,,Nuit sans éclairage public,Hors agglomération,Hors intersection,Normale,Deux véhicules - frontale,,,,,,,,,,,3,1,1,1.0,1.0
201000001697,0010-03-21 06:30:00,10,3,21,6,30,350,299,,,,Crépuscule ou aube,Hors agglomération,Hors intersection,Normale,Sans collision,,,,,,,,,,,2,1,1,1.0,7.0
201000001698,0010-04-03 16:30:00,10,4,3,16,30,350,224,,,,Plein jour,Hors agglomération,Hors intersection,Pluie forte,Autre collision,,,,,,,,,,,1,1,1,3.0,6.0
201000001699,0010-04-04 21:00:00,10,4,4,21,0,350,308,,,,Nuit sans éclairage public,Hors agglomération,Hors intersection,Normale,Autre collision,,,,,,,,,,,3,1,1,1.0,6.0
201000001700,0010-04-09 16:30:00,10,4,9,16,30,350,263,,,,Plein jour,Hors agglomération,Hors intersection,Normale,Deux véhicules - côté,,,,,,,,,,,1,1,1,1.0,3.0
201000001701,0010-04-19 14:00:00,10,4,19,14,0,350,299,,,,Plein jour,Hors agglomération,Hors intersection,Normale,Deux véhicules - côté,,,,,,,,,,,1,1,1,1.0,3.0
201000001702,0010-04-17 01:45:00,10,4,17,1,45,350,49,,,,Nuit sans éclairage public,Hors agglomération,Hors intersection,Normale,Autre collision,,,,,,,,,,,3,1,1,1.0,6.0
201000001703,0010-04-24 16:15:00,10,4,24,16,15,350,70,,,,Plein jour,Hors agglomération,Autre intersection,Normale,Trois véhicules et plus - collisions multiples,,,,,,,,,,,1,1,9,1.0,5.0
201000001704,0010-05-22 17:00:00,10,5,22,17,0,350,308,Avenue des marins,,,Plein jour,En agglomération,Hors intersection,Normale,Sans collision,,,,,,,,,,,1,2,1,1.0,7.0
201000001705,0010-06-03 11:45:00,10,6,3,11,45,350,224,,,,Plein jour,Hors agglomération,Hors intersection,Normale,Deux véhicules - côté,,,,,,,,,,,1,1,1,1.0,3.0
201000001706,0010-06-10 12:15:00,10,6,10,12,15,350,179,,,,Plein jour,Hors agglomération,Hors intersection,Normale,Trois véhicules et plus - en chaîne,,,,,,,,,,,1,1,1,1.0,4.0
201000001707,0010-06-11 11:00:00,10,6,11,11,0,350,156,,,,Plein jour,Hors agglomération,Hors intersection,Normale,Deux véhicules - frontale,,,,,,,,,,,1,1,1,1.0,1.0
201000001708,0010-06-26 11:15:00,10,6,26,11,15,350,306,,,,Plein jour,Hors agglomération,Hors intersection,Normale,Autre collision,,,,,,,,,,,1,1,1,1.0,6.0
201000001709,0010-07-03 11:00:00,10,7,3,11,0,350,358,,,,Plein jour,Hors agglomération,Hors intersection,Normale,Trois véhicules et plus - collisions multiples,,,,,,,,,,,1,1,1,1.0,5.0
201000001710,0010-07-03 20:30:00,10,7,3,20,30,350,116,,,,Plein jour,Hors agglomération,Hors intersection,Normale,Autre collision,,,,,,,,,,,1,1,1,1.0,6.0
201000001711,0010-07-05 19:15:00,10,7,5,19,15,350,284,,,,Plein jour,Hors agglomération,Hors intersection,Normale,Deux véhicules - côté,,,,,,,,,,,1,1,1,1.0,3.0
201000001712,0010-07-16 18:30:00,10,7,16,18,30,350,314,Route de Chateauneuf,,,Plein jour,En agglomération,Hors intersection,Normale,Deux véhicules - frontale,,,,,,,,,,,1,2,1,1.0,1.0
201000001713,0010-07-23 19:00:00,10,7,23,19,0,350,179,,,,Plein jour,Hors agglomération,Hors intersection,Normale,Autre collision,,,,,,,,,,,1,1,1,1.0,6.0
201000001714,0010-07-25 18:45:00,10,7,25,18,45,350,132,,,,Plein jour,Hors agglomération,Hors intersection,Normale,Sans collision,,,,,,,,,,,1,1,1,1.0,7.0
201000001715,0010-07-26 16:30:00,10,7,26,16,30,350,308,,,,Plein jour,Hors agglomération,Autre intersection,Normale,Deux véhicules - frontale,,,,,,,,,,,1,1,9,1.0,1.0
201000001716,0010-07-30 16:30:00,10,7,30,16,30,350,156,,,,Plein jour,Hors agglomération,Hors intersection,Normale,Autre collision,,,,,,,,,,,1,1,1,1.0,6.0
201000001717,0010-08-09 18:45:00,10,8,9,18,45,350,263,,,,Plein jour,Hors agglomération,Hors intersection,Normale,Deux véhicules - frontale,,,,,,,,,,,1,1,1,1.0,1.0
201000001718,0010-08-12 09:45:00,10,8,12,9,45,350,299,,,,Plein jour,Hors agglomération,Intersection en X,Normale,Deux véhicules - côté,,,,,,,,,,,1,1,2,1.0,3.0
201000001719,0010-08-13 00:01:00,10,8,13,0,1,350,255,Rue du Bas Champ,,,Nuit avec éclairage allumé,En agglomération,Hors intersection,Normale,Sans collision,,,,,,,,,,,5,2,1,1.0,7.0
201000001720,0010-08-19 14:30:00,10,8,19,14,30,350,49,"64, rue de la Roulette",,,Plein jour,En agglomération,Hors intersection,Normale,Sans collision,,,,,,,,,,,1,2,1,1.0,7.0
201000001721,0010-08-20 16:15:00,10,8,20,16,15,350,358,,,,Plein jour,Hors agglomération,Hors intersection,Normale,Deux véhicules - frontale,,,,,,,,,,,1,1,1,1.0,1.0
201000001722,0010-08-22 09:45:00,10,8,22,9,45,350,299,,,,Plein jour,Hors agglomération,Hors intersection,Normale,Deux véhicules - arrière,,,,,,,,,,,1,1,1,1.0,2.0
201000001723,0010-08-16 12:30:00,10,8,16,12,30,350,345,,,,Plein jour,Hors agglomération,Hors intersection,Normale,Deux véhicules - frontale,,,,,,,,,,,1,1,1,1.0,1.0
201000001724,0010-09-01 01:15:00,10,9,1,1,15,350,49,Rue Ernest Lamor,,,Nuit avec éclairage allumé,En agglomération,Hors intersection,Normale,Autre collision,,,,,,,,,,,5,2,1,1.0,6.0
201000001725,0010-09-04 22:00:00,10,9,4,22,0,350,263,,,,Nuit sans éclairage public,Hors agglomération,Hors intersection,Normale,Autre collision,,,,,,,,,,,3,1,1,1.0,6.0
201000001726,0010-09-10 13:30:00,10,9,10,13,30,350,263,Grand rue de la poste,,,Plein jour,En agglomération,Hors intersection,Normale,Deux véhicules - arrière,,,,,,,,,,,1,2,1,1.0,2.0
201000001727,0010-09-24 19:15:00,10,9,24,19,15,350,179,,,,Crépuscule ou aube,Hors agglomération,Hors intersection,Pluie légère,Deux véhicules - frontale,,,,,,,,,,,2,1,1,2.0,1.0
201000001728,0010-10-06 13:45:00,10,10,6,13,45,350,337,,,,Plein jour,Hors agglomération,Hors intersection,Pluie légère,Deux véhicules - côté,,,,,,,,,,,1,1,1,2.0,3.0
201000001729,0010-11-01 11:00:00,10,11,1,11,0,350,306,,,,Plein jour,Hors agglomération,Hors intersection,Normale,Deux véhicules - arrière,,,,,,,,,,,1,1,1,1.0,2.0