accident_id,datetime,annee,mois,jour,heure,minute,departement,commune_insee,adresse,latitude,longitude,luminosite,agglomeration,intersection,meteo,collision,nb_vehicules,nb_usagers,nb_indemnes,nb_tues,nb_blesses_hosp,nb_blesses_legers,age_cond_1,age_cond_2,veh_type_cond_1,veh_type_cond_2,lum_code,agg_code,int_code,atm_code,col_code
201000001861,0010-09-18 17:30:00,10,9,18,17,30,220,214,KERIANNOU,48.71963,-2.982,Plein jour,Hors agglomération,Hors intersection,Normale,Deux véhicules - côté,,,,,,,,,,,1,1,1,1.0,3.0
201000001862,0010-01-12 19:00:00,10,1,12,19,0,220,186,QUAI DES TERRES NEUVAS,48.5782,-2.56728,Nuit avec éclairage allumé,En agglomération,Hors intersection,Neige / grêle,Sans collision,,,,,,,,,,,5,2,1,4.0,7.0
201000001863,0010-02-13 17:00:00,10,2,13,17,0,220,154,LE TERTRE MORIN,48.51698,-2.59196,Plein jour,Hors agglomération,Hors intersection,Pluie légère,Sans collision,,,,,,,,,,,1,1,1,2.0,7.0
201000001864,0010-03-01 07:45:00,10,3,1,7,45,220,81,LA VIEILLE JANNAIE,48.5034,-2.61799,Crépuscule ou aube,Hors agglomération,Hors intersection,Autre,Deux véhicules - frontale,,,,,,,,,,,2,1,1,9.0,1.0
201000001865,0010-06-11 09:15:00,10,6,11,9,15,220,173,LA VOLLEE,48.52043,-2.52688,Plein jour,Hors agglomération,Hors intersection,Pluie légère,Deux véhicules - frontale,,,,,,,,,,,1,1,1,2.0,1.0
201000001866,0010-08-13 11:15:00,10,8,13,11,15,220,186,rue Amiral Charner,48.58951,-2.55391,Plein jour,En agglomération,Hors intersection,Normale,Autre collision,,,,,,,,,,,1,2,1,1.0,6.0
201000001867,0010-10-05 14:00:00,10,10,5,14,0,220,389,RUE FRANCOIS JAFFRAIN,48.47127,-2.65243,Plein jour,En agglomération,Hors intersection,Pluie légère,Trois véhicules et plus - en chaîne,,,,,,,,,,,1,2,1,2.0,4.0
201000001868,0010-10-23 03:15:00,10,10,23,3,15,220,389,Rue d'Armorique,48.47781,-2.664,Nuit sans éclairage public,Hors agglomération,Hors intersection,Normale,Sans collision,,,,,,,,,,,3,1,1,1.0,7.0
201000001869,0010-11-13 19:30:00,10,11,13,19,30,220,242,,,,Nuit sans éclairage public,Hors agglomération,Hors intersection,Pluie légère,Deux véhicules - arrière,,,,,,,,,,,3,1,1,2.0,2.0
201000001870,0010-02-08 09:00:00,10,2,8,9,0,220,277,LE HINO,48.3929,-2.8289,Plein jour,Hors agglomération,Hors intersection,Temps couvert,Deux véhicules - frontale,,,,,,,,,,,1,1,1,8.0,1.0
201000001871,0010-02-18 14:45:00,10,2,18,14,45,220,176,Rue des Bruyères,48.4489,-2.74695,Plein jour,En agglomération,Hors intersection,Normale,Sans collision,,,,,,,,,,,1,2,1,1.0,7.0
201000001872,0010-03-21 15:15:00,10,3,21,15,15,220,171,Rue du Parc des Sports,48.41026,-2.82209,Plein jour,En agglomération,Intersection en T,Normale,Deux véhicules - frontale,,,,,,,,,,,1,2,3,1.0,1.0
201000001873,0010-05-01 21:00:00,10,5,1,21,0,220,176,LE CREAC'H PLEDRAN,48.473,-2.763,Crépuscule ou aube,En agglomération,Hors intersection,Normale,Deux véhicules - frontale,,,,,,,,,,,2,2,1,1.0,1.0
201000001874,0010-06-19 16:30:00,10,6,19,16,30,220,262,Rue des Croix Jarrots,,,Plein jour,En agglomération,Hors intersection,Normale,Autre collision,,,,,,,,,,,1,2,1,1.0,6.0
201000001875,0010-07-12 14:45:00,10,7,12,14,45,220,262,AV du Général de Gaulle,48.4022,-2.9084,Plein jour,En agglomération,Hors intersection,Normale,Deux véhicules - côté,,,,,,,,,,,1,2,1,1.0,3.0
201000001876,0010-09-20 14:15:00,10,9,20,14,15,220,287,D45 LE BOURG,48.46982,-2.88391,Plein jour,En agglomération,Intersection en T,Normale,Deux véhicules - frontale,,,,,,,,,,,1,2,3,1.0,1.0
201000001877,0010-11-02 09:15:00,10,11,2,9,15,220,45,,48.481,-2.944,Plein jour,Hors agglomération,Hors intersection,Temps couvert,Sans collision,,,,,,,,,,,1,1,1,8.0,7.0
201000001878,0010-11-13 10:30:00,10,11,13,10,30,220,386,KERICOET,48.39218,-2.95679,Plein jour,Hors agglomération,Hors intersection,Pluie légère,Deux véhicules - frontale,,,,,,,,,,,1,1,1,2.0,1.0
201000001879,0010-11-27 01:30:00,10,11,27,1,30,220,171,,,,Nuit sans éclairage public,Hors agglomération,Hors intersection,Normale,Autre collision,,,,,,,,,,,3,1,1,1.0,6.0
201000001880,0010-11-26 12:00:00,10,11,26,12,0,220,176,,48.464,-2.811,Plein jour,Hors agglomération,Hors intersection,Temps couvert,Deux véhicules - côté,,,,,,,,,,,1,1,1,8.0,3.0
201000001881,0010-01-07 14:45:00,10,1,7,14,45,220,26,LA LONGUE RAIE,48.406,-2.04157,Plein jour,Hors agglomération,Hors intersection,Temps éblouissant,Sans collision,,,,,,,,,,,1,1,1,7.0,7.0
201000001882,0010-01-18 14:30:00,10,1,18,14,30,220,123,,48.4365,-2.0441,Plein jour,Hors agglomération,Hors intersection,Brouillard / fumée,Deux véhicules - frontale,,,,,,,,,,,1,1,1,5.0,1.0
201000001883,0010-02-08 07:30:00,10,2,8,7,30,220,197,LE BUET,48.52508,-1.94053,Crépuscule ou aube,En agglomération,Hors intersection,Normale,Deux véhicules - côté,,,,,,,,,,,2,2,1,1.0,3.0
201000001884,0010-02-12 15:30:00,10,2,12,15,30,220,213,PARKING SUPER U LES LAND,48.53105,-2.01271,Plein jour,Hors agglomération,Intersection en X,Normale,Deux véhicules - côté,,,,,,,,,,,1,1,2,1.0,3.0
201000001885,0010-02-24 09:30:00,10,2,24,9,30,220,118,Rue RENNES/C DE GAULLE,48.4543,-2.02702,Plein jour,En agglomération,Intersection en Y,Normale,Deux véhicules - frontale,,,,,,,,,,,1,2,4,1.0,1.0
201000001886,0010-04-30 19:30:00,10,4,30,19,30,220,280,LE BAS PIN,48.42073,-2.03502,Plein jour,Hors agglomération,Hors intersection,Normale,Deux véhicules - frontale,,,,,,,,,,,1,1,1,1.0,1.0
201000001887,0010-05-02 16:30:00,10,5,2,16,30,220,8,ZA DE GUINEFORT,48.41776,-2.08839,Plein jour,Hors agglomération,Intersection en X,Normale,Deux véhicules - côté,,,,,,,,,,,1,1,2,1.0,3.0
201000001888,0010-05-09 19:30:00,10,5,9,19,30,220,299,LA MENAUDIERE,48.45651,-1.97552,Plein jour,Hors agglomération,Intersection en X,Normale,Deux véhicules - côté,,,,,,,,,,,1,1,2,1.0,3.0
201000001889,0010-05-26 18:00:00,10,5,26,18,0,220,388,,48.43825,-2.14484,Plein jour,Hors agglomération,Giratoire,Normale,Deux véhicules - frontale,,,,,,,,,,,1,1,6,1.0,1.0
201000001890,0010-06-06 16:00:00,10,6,6,16,0,220,197,LE BAS DE LA LANDE,48.50389,-1.95903,Plein jour,Hors agglomération,Intersection en X,Normale,Deux véhicules - côté,,,,,,,,,,,1,1,2,1.0,3.0
201000001891,0010-06-27 12:45:00,10,6,27,12,45,220,213,LA VILLE AURAY,48.51993,-1.99802,Plein jour,Hors agglomération,Hors intersection,Normale,Deux véhicules - frontale,,,,,,,,,,,1,1,1,1.0,1.0
201000001892,0010-07-03 14:30:00,10,7,3,14,30,220,327,RUE DU TERTRE,48.49635,-2.02656,Plein jour,Hors agglomération,Intersection en T,Normale,Deux véhicules - côté,,,,,,,,,,,1,1,3,1.0,3.0
201000001893,0010-08-01 00:15:00,10,8,1,0,15,220,388,LA PETITE CROIX,48.43921,-2.15028,Nuit avec éclairage non allumé,Hors agglomération,Hors intersection,Normale,Sans collision,,,,,,,,,,,4,1,1,1.0,7.0
201000001894,0010-08-03 17:30:00,10,8,3,17,30,220,327,LA HISSE,48.49575,-1.99993,Plein jour,Hors agglomération,Hors intersection,Normale,Deux véhicules - frontale,,,,,,,,,,,1,1,1,1.0,1.0
201000001895,0010-08-05 14:30:00,10,8,5,14,30,220,48,LA PORTE BLANCHE,48.46,-2.11,Plein jour,Hors agglomération,Hors intersection,Normale,Deux véhicules - frontale,,,,,,,,,,,1,1,1,1.0,1.0
201000001896,0010-09-05 20:45:00,10,9,5,20,45,220,82,LES FONTENELLES,48.38812,-2.08709,Crépuscule ou aube,Hors agglomération,Hors intersection,Normale,Sans collision,,,,,,,,,,,2,1,1,1.0,7.0
201000001897,0010-09-09 19:45:00,10,9,9,19,45,220,118,Rte de DOL  Pélineuc,48.46132,-2.01413,Plein jour,Hors agglomération,Intersection en X,Normale,Deux véhicules - frontale,,,,,,,,,,,1,1,2,1.0,1.0
201000001898,0010-10-08 21:45:00,10,10,8,21,45,220,339,Zone des alleux,48.46767,-2.05995,Nuit avec éclairage allumé,En agglomération,Hors intersection,Normale,Autre collision,,,,,,,,,,,5,2,1,1.0,6.0
201000001899,0010-10-16 13:00:00,10,10,16,13,0,220,197,LE BUET,48.52015,-1.94242,Plein jour,Hors agglomération,Intersection en X,Normale,Deux véhicules - arrière,,,,,,,,,,,1,1,2,1.0,2.0
201000001900,0010-10-30 16:00:00,10,10,30,16,0,220,56,,,,Plein jour,Hors agglomération,Hors intersection,Normale,Deux véhicules - frontale,,,,,,,,,,,1,1,1,1.0,1.0
201000001901,0010-10-30 16:00:00,10,10,30,16,0,220,197,Place de l'Eglise,48.51038,-1.95201,Plein jour,En agglomération,Place,Normale,Autre collision,,,,,,,,,,,1,2,7,1.0,6.0
201000001902,0010-02-20 11:30:00,10,2,20,11,30,220,267,LA TENUE,48.31666,-2.40625,Plein jour,Hors agglomération,Hors intersection,Normale,Deux véhicules - côté,,,,,,,,,,,1,1,1,1.0,3.0
201000001903,0010-04-07 07:00:00,10,4,7,7,0,220,391,LA FAVERIE,48.36152,-2.16359,Nuit sans éclairage public,Hors agglomération,Intersection en X,Pluie légère,Deux véhicules - arrière,,,,,,,,,,,3,1,2,2.0,2.0
201000001904,0010-04-10 11:45:00,10,4,10,11,45,220,240,LA MADOCHERE,48.20828,-2.20289,Plein jour,Hors agglomération,Hors intersection,Normale,Deux véhicules - frontale,,,,,,,,,,,1,1,1,1.0,1.0
201000001905,0010-08-03 19:45:00,10,8,3,19,45,220,337,LE CHAUCHIX,48.3311,-2.35575,Plein jour,Hors agglomération,Hors intersection,Normale,Deux véhicules - frontale,,,,,,,,,,,1,1,1,1.0,1.0
201000001906,0010-08-04 18:45:00,10,8,4,18,45,220,185,LA VILLE ES FRAY,48.38044,-2.41939,Plein jour,Hors agglomération,Hors intersection,Normale,Deux véhicules - frontale,,,,,,,,,,,1,1,1,1.0,1.0
201000001907,0010-09-03 17:15:00,10,9,3,17,15,220,185,R. PENTHIEVRE/REPUBLIQUE,48.36842,-2.39733,Plein jour,En agglomération,Intersection en X,Normale,Deux véhicules - côté,,,,,,,,,,,1,2,2,1.0,3.0
201000001908,0010-09-04 00:15:00,10,9,4,0,15,220,193,,48.43026,-2.43824,Nuit sans éclairage public,Hors agglomération,Hors intersection,Normale,Sans collision,,,,,,,,,,,3,1,1,1.0,7.0
201000001909,0010-10-31 05:00:00,10,10,31,5,0,220,51,,48.371,-2.324,Nuit sans éclairage public,Hors agglomération,Hors intersection,Pluie légère,Sans collision,,,,,,,,,,,3,1,1,2.0,7.0
201000001910,0010-01-23 11:00:00,10,1,23,11,0,220,190,32 RUE LÉON PÉPIN,48.5342,-2.0546,Plein jour,En agglomération,Hors intersection,Normale,Autre collision,,,,,,,,,,,1,2,1,1.0,6.0
201000001911,0010-02-28 01:15:00,10,2,28,1,15,220,172,R G. DE GAULLE/COURBERIE,48.52361,-2.23538,Nuit sans éclairage public,En agglomération,Intersection en X,Pluie forte,Deux véhicules - côté,,,,,,,,,,,3,2,2,3.0,3.0
201000001912,0010-03-02 15:15:00,10,3,2,15,15,220,143,LES SALINES,48.60903,-2.31127,Plein jour,Hors agglomération,Intersection en T,Normale,Deux véhicules - côté,,,,,,,,,,,1,1,3,1.0,3.0
201000001913,0010-05-02 00:15:00,10,5,2,0,15,220,14,LA PETITE BROUSSE,48.48742,-2.23308,Nuit sans éclairage public,Hors agglomération,Hors intersection,Normale,Sans collision,,,,,,,,,,,3,1,1,1.0,7.0
201000001914,0010-05-21 23:30:00,10,5,21,23,30,220,48,37 Rue de l'Hôtellerie,48.47852,-2.15786,Nuit sans éclairage public,En agglomération,Hors intersection,Normale,Sans collision,,,,,,,,,,,3,2,1,1.0,7.0
201000001915,0010-06-04 23:00:00,10,6,4,23,0,220,76,ST SAMSON,48.57246,-2.40261,Nuit sans éclairage public,Hors agglomération,Hors intersection,Normale,Autre collision,,,,,,,,,,,3,1,1,1.0,6.0
201000001916,0010-06-22 17:00:00,10,6,22,17,0,220,209,LE VALAIS,48.58607,-2.11967,Plein jour,Hors agglomération,Hors intersection,Normale,Deux véhicules - frontale,,,,,,,,,,,1,1,1,1.0,1.0
201000001917,0010-07-05 18:30:00,10,7,5,18,30,220,282,LA HAUTE LANDE,48.59715,-2.24939,Plein jour,Hors agglomération,Intersection à plus de 4 branches,Normale,Deux véhicules - côté,,,,,,,,,,,1,1,5,1.0,3.0
201000001918,0010-07-08 19:45:00,10,7,8,19,45,220,143,Rue Paul Sébillot,48.6,-2.29,Plein jour,En agglomération,Hors intersection,Normale,Deux véhicules - côté,,,,,,,,,,,1,2,1,1.0,3.0
201000001919,0010-07-23 19:30:00,10,7,23,19,30,220,286,LES GRANGES,48.52423,-2.39022,Plein jour,Hors agglomération,Intersection en Y,Normale,Deux véhicules - arrière,,,,,,,,,,,1,1,4,1.0,2.0
201000001920,0010-08-01 02:00:00,10,8,1,2,0,220,209,LA VILLE GLE,48.54829,-2.15425,Nuit sans éclairage public,Hors agglomération,Hors intersection,Normale,Sans collision,,,,,,,,,,,3,1,1,1.0,7.0
201000001921,0010-08-14 01:15:00,10,8,14,1,15,220,357,LE BOURG CD 768,48.56998,-2.18189,Nuit sans éclairage public,En agglomération,Intersection en T,Normale,Deux véhicules - frontale,,,,,,,,,,,3,2,3,1.0,1.0
201000001922,0010-08-31 21:30:00,10,8,31,21,30,220,209,,48.548,-2.1,Crépuscule ou aube,Hors agglomération,Hors intersection,Normale,Deux véhicules - côté,,,,,,,,,,,2,1,1,1.0,3.0
201000001923,0010-08-30 20:15:00,10,8,30,20,15,220,77,,48.518,-2.449,Plein jour,Hors agglomération,Hors intersection,Normale,Deux véhicules - côté,,,,,,,,,,,1,1,1,1.0,3.0
201000001924,0010-09-19 15:45:00,10,9,19,15,45,220,209,Rue des Ormelets - CD 78,48.586,-2.144,Plein jour,En agglomération,Hors intersection,Normale,Deux véhicules - côté,,,,,,,,,,,1,2,1,1.0,3.0
201000001925,0010-10-10 01:30:00,10,10,10,1,30,220,368,LA LANDE,48.56281,-2.05452,Nuit sans éclairage public,Hors agglomération,Hors intersection,Normale,Autre collision,,,,,,,,,,,3,1,1,1.0,6.0
201000001926,0010-12-21 12:00:00,10,12,21,12,0,220,192,Le bourg,48.53823,-2.14443,Plein jour,En agglomération,Hors intersection,Autre,Trois véhicules et plus - collisions multiples,,,,,,,,,,,1,2,1,9.0,5.0
201000001927,0010-12-21 01:00:00,10,12,21,1,0,220,48,L'HOTELLERIE,48.47957,-2.16012,Nuit sans éclairage public,Hors agglomération,Hors intersection,Neige / grêle,Sans collision,,,,,,,,,,,3,1,1,4.0,7.0
201000001928,0010-04-03 10:30:00,10,4,3,10,30,220,241,TREFFAINGUY,48.09403,-2.55618,Plein jour,Hors agglomération,Hors intersection,Normale,Deux véhicules - frontale,,,,,,,,,,,1,1,1,1.0,1.0
201000001929,0010-05-02 14:30:00,10,5,2,14,30,220,66,LA VILLE BOUVIER,48.31548,-2.50367,Plein jour,Hors agglomération,Hors intersection,Normale,Deux véhicules - côté,,,,,,,,,,,1,1,1,1.0,3.0
201000001930,0010-05-22 14:30:00,10,5,22,14,30,220,27,La Chataigneraie,48.07028,-2.64154,Plein jour,Hors agglomération,Intersection en X,Normale,Deux véhicules - côté,,,,,,,,,,,1,1,2,1.0,3.0
201000001931,0010-06-05 22:45:00,10,6,5,22,45,220,46,4 CHEMINS/PLACIS VERT,48.29511,-2.5441,Nuit sans éclairage public,Hors agglomération,Intersection en X,Pluie légère,Deux véhicules - côté,,,,,,,,,,,3,1,2,2.0,3.0
201000001932,0010-06-06 03:15:00,10,6,6,3,15,220,102,Rue de la carrière VC 24,48.28264,-2.41378,Nuit sans éclairage public,En agglomération,Hors intersection,Normale,Autre collision,,,,,,,,,,,3,2,1,1.0,6.0
201000001933,0010-07-07 13:00:00,10,7,7,13,0,220,333,CD 6 Le bourg,48.23396,-2.44366,Plein jour,En agglomération,Hors intersection,Normale,Deux véhicules - frontale,,,,,,,,,,,1,2,1,1.0,1.0
201000001934,0010-07-09 16:30:00,10,7,9,16,30,220,122,LA FOLIE,48.21433,-2.48376,Plein jour,Hors agglomération,Hors intersection,Normale,Deux véhicules - frontale,,,,,,,,,,,1,1,1,1.0,1.0
201000001935,0010-10-21 05:45:00,10,10,21,5,45,220,371,LES GABORIAUX,48.19925,-2.26754,Nuit sans éclairage public,Hors agglomération,Intersection en T,Normale,Deux véhicules - côté,,,,,,,,,,,3,1,3,1.0,3.0
201000001936,0010-11-23 11:00:00,10,11,23,11,0,220,183,,48.176,-2.586,Plein jour,Hors agglomération,Hors intersection,Temps couvert,Deux véhicules - arrière,,,,,,,,,,,1,1,1,8.0,2.0
201000001937,0010-08-20 16:30:00,10,8,20,16,30,220,40,Côte du bois de la Roche,48.52967,-3.16595,Plein jour,Hors agglomération,Hors intersection,Temps couvert,Trois véhicules et plus - collisions multiples,,,,,,,,,,,1,1,1,8.0,5.0
201000001938,0010-09-16 16:45:00,10,9,16,16,45,220,70,Rue Rustang,48.564,-3.151,Plein jour,En agglomération,Hors intersection,Normale,Deux véhicules - frontale,,,,,,,,,,,1,2,1,1.0,1.0
201000001939,0010-12-12 07:45:00,10,12,12,7,45,220,225,N°8 MOULIN A FOULER,48.551,-3.119,Nuit sans éclairage public,En agglomération,Hors intersection,Normale,Deux véhicules - frontale,,,,,,,,,,,3,2,1,1.0,1.0
201000001940,0010-05-23 14:00:00,10,5,23,14,0,220,4,24rue du roudour,48.63653,-3.31626,Plein jour,En agglomération,Hors intersection,Normale,Deux véhicules - frontale,,,,,,,,,,,1,2,1,1.0,1.0
201000001941,0010-06-27 02:00:00,10,6,27,2,0,220,358,RUGUEZOU,48.61225,-3.17093,Nuit sans éclairage public,Hors agglomération,Hors intersection,Normale,Sans collision,,,,,,,,,,,3,1,1,1.0,7.0
201000001942,0010-08-02 23:30:00,10,8,2,23,30,220,248,KERAVEL,48.64135,-3.12871,Nuit sans éclairage public,Hors agglomération,Hors intersection,Normale,Sans collision,,,,,,,,,,,3,1,1,1.0,7.0
201000001943,0010-08-22 01:15:00,10,8,22,1,15,220,4,rue Jean Moulin,48.635,-3.301,Nuit sans éclairage public,En agglomération,Hors intersection,Normale,Sans collision,,,,,,,,,,,3,2,1,1.0,7.0
201000001944,0010-09-02 06:45:00,10,9,2,6,45,220,4,rue pierre perron,48.63084,-3.30017,Crépuscule ou aube,En agglomération,Hors intersection,Brouillard / fumée,Autre collision,,,,,,,,,,,2,2,1,5.0,6.0
201000001945,0010-02-21 04:45:00,10,2,21,4,45,220,72,KERBRIDOU,48.49827,-3.26192,Nuit sans éclairage public,Hors agglomération,Hors intersection,Autre,Sans collision,,,,,,,,,,,3,1,1,9.0,7.0
201000001946,0010-06-25 15:45:00,10,6,25,15,45,220,72,KERHENRIETTE,48.51774,-3.26809,Plein jour,Hors agglomération,Hors intersection,Normale,Sans collision,,,,,,,,,,,1,1,1,1.0,7.0
201000001947,0010-07-31 11:00:00,10,7,31,11,0,220,13,COSQUER DANOUET,48.45497,-3.1978,Plein jour,Hors agglomération,Hors intersection,Pluie légère,Deux véhicules - côté,,,,,,,,,,,1,1,1,2.0,3.0
201000001948,0010-08-02 16:30:00,10,8,2,16,30,220,243,KERLIVIOU,48.41478,-3.4742,Plein jour,Hors agglomération,Hors intersection,Normale,Sans collision,,,,,,,,,,,1,1,1,1.0,7.0
201000001949,0010-09-12 13:15:00,10,9,12,13,15,220,231,KERGUS,48.43216,-3.5749,Plein jour,Hors agglomération,Hors intersection,Normale,Deux véhicules - arrière,,,,,,,,,,,1,1,1,1.0,2.0
201000001950,0010-09-19 16:45:00,10,9,19,16,45,220,25,,48.431,-3.468,Plein jour,Hors agglomération,Hors intersection,Normale,Deux véhicules - frontale,,,,,,,,,,,1,1,1,1.0,1.0
201000001951,0010-09-07 16:45:00,10,9,7,16,45,220,316,,48.299,-3.04,Plein jour,Hors agglomération,Hors intersection,Temps couvert,Deux véhicules - frontale,,,,,,,,,,,1,1,1,8.0,1.0
201000001952,0010-01-15 17:15:00,10,1,15,17,15,220,29,,48.31889,-3.09075,Crépuscule ou aube,Hors agglomération,Hors intersection,Brouillard / fumée,Deux véhicules - frontale,,,,,,,,,,,2,1,1,5.0,1.0
201000001953,0010-02-09 08:00:00,10,2,9,8,0,220,321,,48.319,-3.147,Crépuscule ou aube,Hors agglomération,Hors intersection,Temps couvert,Deux véhicules - côté,,,,,,,,,,,2,1,1,8.0,3.0
201000001954,0010-02-09 17:45:00,10,2,9,17,45,220,220,,48.248,-3.292,Crépuscule ou aube,Hors agglomération,Hors intersection,Normale,Deux véhicules - frontale,,,,,,,,,,,2,1,1,1.0,1.0
201000001955,0010-04-06 15:45:00,10,4,6,15,45,220,266,ZA de KERJEAN,48.25112,-3.30461,Plein jour,Hors agglomération,Intersection en T,Normale,Trois véhicules et plus - en chaîne,,,,,,,,,,,1,1,3,1.0,4.0
201000001956,0010-04-28 18:00:00,10,4,28,18,0,220,344,8 rue de l'école,,,Plein jour,En agglomération,Hors intersection,Normale,Autre collision,,,,,,,,,,,1,2,1,1.0,6.0
201000001957,0010-07-02 18:00:00,10,7,2,18,0,220,331,POULESQUEN,48.26572,-3.17668,Plein jour,Hors agglomération,Intersection en X,Normale,Deux véhicules - côté,,,,,,,,,,,1,1,2,1.0,3.0
201000001958,0010-11-09 20:00:00,10,11,9,20,0,220,163,,48.261,-3.449,Nuit sans éclairage public,Hors agglomération,Hors intersection,Pluie légère,Autre collision,,,,,,,,,,,3,1,1,2.0,6.0
201000001959,0010-02-09 15:30:00,10,2,9,15,30,220,226,,48.66,-3.444,Plein jour,Hors agglomération,Hors intersection,Normale,Deux véhicules - côté,,,,,,,,,,,1,1,1,1.0,3.0
201000001960,0010-02-19 12:15:00,10,2,19,12,15,220,226,,48.7,-3.52,Plein jour,Hors agglomération,Hors intersection,Normale,Deux véhicules - côté,,,,,,,,,,,1,1,1,1.0,3.0
201000001961,0010-02-20 09:30:00,10,2,20,9,30,220,224,route de Lannion,48.722,-3.499,Plein jour,En agglomération,Hors intersection,Autre,Deux véhicules - frontale,,,,,,,,,,,1,2,1,9.0,1.0
201000001962,0010-02-20 22:15:00,10,2,20,22,15,220,226,,48.685,-3.543,Nuit sans éclairage public,Hors agglomération,Hors intersection,Pluie légère,Autre collision,,,,,,,,,,,3,1,1,2.0,6.0
201000001963,0010-04-26 01:00:00,10,4,26,1,0,220,226,,48.688,-3.558,Nuit avec éclairage non allumé,Hors agglomération,Hors intersection,Normale,Autre collision,,,,,,,,,,,4,1,1,1.0,6.0
201000001964,0010-05-05 18:00:00,10,5,5,18,0,220,343,,48.758,-3.52,Plein jour,Hors agglomération,Hors intersection,Normale,Deux véhicules - arrière,,,,,,,,,,,1,1,1,1.0,2.0
201000001965,0010-05-29 05:00:00,10,5,29,5,0,220,227,Rue du bon voyage,48.57,-3.539,Crépuscule ou aube,En agglomération,Hors intersection,Pluie légère,Autre collision,,,,,,,,,,,2,2,1,2.0,6.0
201000001966,0010-06-27 10:45:00,10,6,27,10,45,220,194,ROUTE DE PONT MENOU,48.66022,-3.6325,Plein jour,En agglomération,Hors intersection,Normale,Deux véhicules - frontale,,,,,,,,,,,1,2,1,1.0,1.0
201000001967,0010-09-11 08:30:00,10,9,11,8,30,220,207,rue de pen ar roho,48.615,-3.481,Plein jour,En agglomération,Hors intersection,Pluie légère,Autre collision,,,,,,,,,,,1,2,1,2.0,6.0
201000001968,0010-11-02 18:15:00,10,11,2,18,15,220,207,,48.594,-3.496,Nuit sans éclairage public,Hors agglomération,Hors intersection,Normale,Trois véhicules et plus - en chaîne,,,,,,,,,,,3,1,1,1.0,4.0
201000001969,0010-01-15 11:00:00,10,1,15,11,0,220,168,BOULEVARD DE LA CORNICHE,48.822,-3.47,Plein jour,En agglomération,Intersection en X,Normale,Deux véhicules - frontale,,,,,,,,,,,1,2,2,1.0,1.0
201000001970,0010-02-27 16:30:00,10,2,27,16,30,220,353,Route de Trebeurden,48.823,-3.518,Plein jour,En agglomération,Hors intersection,Normale,Deux véhicules - côté,,,,,,,,,,,1,2,1,1.0,3.0
201000001971,0010-03-28 20:45:00,10,3,28,20,45,220,379,rue de trestel,48.824,-3.357,Nuit avec éclairage allumé,En agglomération,Hors intersection,Pluie légère,Autre collision,,,,,,,,,,,5,2,1,2.0,6.0
201000001972,0010-05-12 21:00:00,10,5,12,21,0,220,134,,48.769,-3.43,Plein jour,Hors agglomération,Hors intersection,Normale,Deux véhicules - frontale,,,,,,,,,,,1,1,1,1.0,1.0
201000001973,0010-06-13 16:30:00,10,6,13,16,30,220,198,,,,Plein jour,Hors agglomération,Hors intersection,Normale,Deux véhicules - frontale,,,,,,,,,,,1,1,1,1.0,1.0
201000001974,0010-08-19 00:30:00,10,8,19,0,30,220,168,,,,Nuit avec éclairage allumé,Hors agglomération,Hors intersection,Normale,Autre collision,,,,,,,,,,,5,1,1,1.0,6.0
201000001975,0010-09-12 12:00:00,10,9,12,12,0,220,353,place Ste ANNE,48.832,-3.513,Plein jour,En agglomération,Place,Normale,Deux véhicules - arrière,,,,,,,,,,,1,2,7,1.0,2.0
201000001976,0010-11-01 00:30:00,10,11,1,0,30,220,168,PONT AR CRAC'H,48.79316,-3.47075,Nuit sans éclairage public,Hors agglomération,Intersection en T,Normale,Deux véhicules - côté,,,,,,,,,,,3,1,3,1.0,3.0
201000001977,0010-12-06 18:15:00,10,12,6,18,15,220,90,,48.776,-3.365,Nuit avec éclairage allumé,Hors agglomération,Hors intersection,Normale,Deux véhicules - côté,,,,,,,,,,,5,1,1,1.0,3.0
201000001978,0010-02-20 17:15:00,10,2,20,17,15,220,195,,48.856,-3.127,Plein jour,Hors agglomération,Hors intersection,Pluie légère,Deux véhicules - frontale,,,,,,,,,,,1,1,1,2.0,1.0
201000001979,0010-03-12 08:45:00,10,3,12,8,45,220,195,Rue Boisgelin,48.845,-3.142,Plein jour,En agglomération,Hors intersection,Normale,Deux véhicules - côté,,,,,,,,,,,1,2,1,1.0,3.0
201000001980,0010-04-23 15:30:00,10,4,23,15,30,220,362,rue de la Corderie-D786,48.783,-3.235,Plein jour,En agglomération,Hors intersection,Normale,Autre collision,,,,,,,,,,,1,2,1,1.0,6.0
201000001981,0010-05-20 22:30:00,10,5,20,22,30,220,347,,48.788,-3.21,Nuit sans éclairage public,Hors agglomération,Hors intersection,Normale,Deux véhicules - frontale,,,,,,,,,,,3,1,1,1.0,1.0
201000001982,0010-06-28 11:15:00,10,6,28,11,15,220,166,RUE DE POULPIQUET,48.818,-3.297,Plein jour,En agglomération,Hors intersection,Normale,Deux véhicules - côté,,,,,,,,,,,1,2,1,1.0,3.0
201000001983,0010-06-29 06:45:00,10,6,29,6,45,220,42,,48.759,-3.323,Plein jour,Hors agglomération,Hors intersection,Normale,Autre collision,,,,,,,,,,,1,1,1,1.0,6.0