accident_id,datetime,annee,mois,jour,heure,minute,departement,commune_insee,adresse,latitude,longitude,luminosite,agglomeration,intersection,meteo,collision,nb_vehicules,nb_usagers,nb_indemnes,nb_tues,nb_blesses_hosp,nb_blesses_legers,age_cond_1,age_cond_2,veh_type_cond_1,veh_type_cond_2,lum_code,agg_code,int_code,atm_code,col_code
201000002109,0010-07-15 01:45:00,10,7,15,1,45,290,16,,48.32554,-3.95905,Nuit sans éclairage public,Hors agglomération,Hors intersection,Temps couvert,Autre collision,,,,,,,,,,,3,1,1,8.0,6.0
201000002110,0010-07-17 14:45:00,10,7,17,14,45,290,20,,48.10222,-3.99964,Plein jour,Hors agglomération,Hors intersection,Normale,Autre collision,,,,,,,,,,,1,1,1,1.0,6.0
201000002111,0010-08-18 12:15:00,10,8,18,12,15,290,110,,48.07027,-3.93094,Plein jour,Hors agglomération,Hors intersection,Normale,Deux véhicules - arrière,,,,,,,,,,,1,1,1,1.0,2.0
201000002112,0010-08-25 13:45:00,10,8,25,13,45,290,62,,48.16911,-4.00339,Plein jour,Hors agglomération,Hors intersection,Pluie légère,Sans collision,,,,,,,,,,,1,1,1,2.0,7.0
201000002113,0010-09-12 06:00:00,10,9,12,6,0,290,27,Rue Paul Sérusier,48.18704,-3.8149,Nuit sans éclairage public,En agglomération,Hors intersection,Normale,Deux véhicules - côté,,,,,,,,,,,3,2,1,1.0,3.0
201000002114,0010-10-10 01:15:00,10,10,10,1,15,290,41,,48.06945,-3.81458,Nuit sans éclairage public,Hors agglomération,Hors intersection,Pluie forte,Deux véhicules - frontale,,,,,,,,,,,3,1,1,3.0,1.0
201000002115,0010-11-15 09:15:00,10,11,15,9,15,290,291,,48.09802,-3.87655,Plein jour,Hors agglomération,Hors intersection,Normale,Autre collision,,,,,,,,,,,1,1,1,1.0,6.0
201000002116,0010-06-11 07:45:00,10,6,11,7,45,290,1,,48.26849,-4.27699,Plein jour,Hors agglomération,Hors intersection,Pluie légère,Deux véhicules - frontale,,,,,,,,,,,1,1,1,2.0,1.0
201000002117,0010-07-29 17:00:00,10,7,29,17,0,290,42,,48.26874,-4.56883,Crépuscule ou aube,Hors agglomération,Hors intersection,Pluie légère,Autre collision,,,,,,,,,,,2,1,1,2.0,6.0
201000002118,0010-10-24 15:30:00,10,10,24,15,30,290,1,,48.25195,-4.30445,Plein jour,Hors agglomération,Hors intersection,Normale,Sans collision,,,,,,,,,,,1,1,1,1.0,7.0
201000002119,0010-12-09 07:45:00,10,12,9,7,45,290,280,,48.2554,-4.37344,Nuit sans éclairage public,Hors agglomération,Hors intersection,Normale,Deux véhicules - côté,,,,,,,,,,,3,1,1,1.0,3.0
201000002120,0010-02-02 23:15:00,10,2,2,23,15,290,67,,48.53385,-3.59776,Nuit sans éclairage public,Hors agglomération,Hors intersection,Pluie légère,Sans collision,,,,,,,,,,,3,1,1,2.0,7.0
201000002121,0010-04-08 18:30:00,10,4,8,18,30,290,199,,48.60447,-3.68751,Plein jour,Hors agglomération,Hors intersection,Normale,Sans collision,,,,,,,,,,,1,1,1,1.0,7.0
201000002122,0010-05-05 15:45:00,10,5,5,15,45,290,207,,48.54769,-3.8051,Plein jour,Hors agglomération,Hors intersection,Temps couvert,Deux véhicules - frontale,,,,,,,,,,,1,1,1,8.0,1.0
201000002123,0010-08-27 10:45:00,10,8,27,10,45,290,59,,48.61399,-3.77992,Plein jour,Hors agglomération,Hors intersection,Normale,Deux véhicules - frontale,,,,,,,,,,,1,1,1,1.0,1.0
201000002124,0010-08-29 16:15:00,10,8,29,16,15,290,251,,48.68475,-3.77777,Plein jour,Hors agglomération,Intersection en X,Normale,Deux véhicules - côté,,,,,,,,,,,1,1,2,1.0,3.0
201000002125,0010-09-17 13:15:00,10,9,17,13,15,290,113,,48.64651,-3.71407,Plein jour,Hors agglomération,Hors intersection,Normale,Deux véhicules - côté,,,,,,,,,,,1,1,1,1.0,3.0
201000002126,0010-09-23 12:15:00,10,9,23,12,15,290,199,trevidy,48.57624,-3.82446,Plein jour,En agglomération,Hors intersection,Pluie légère,Autre collision,,,,,,,,,,,1,2,1,2.0,6.0
201000002127,0010-10-24 07:00:00,10,10,24,7,0,290,188,,48.68069,-3.78388,Nuit sans éclairage public,Hors agglomération,Hors intersection,Normale,Sans collision,,,,,,,,,,,3,1,1,1.0,7.0
201000002128,0010-10-29 22:15:00,10,10,29,22,15,290,199,,48.57847,-3.7942,Nuit sans éclairage public,Hors agglomération,Hors intersection,Temps couvert,Autre collision,,,,,,,,,,,3,1,1,8.0,6.0
201000002129,0010-03-17 16:00:00,10,3,17,16,0,290,204,"8, Rue de Kerjean",48.50783,-4.21841,Plein jour,En agglomération,Hors intersection,Normale,Autre collision,,,,,,,,,,,1,2,1,1.0,6.0
201000002130,0010-04-07 22:45:00,10,4,7,22,45,290,10,,48.50777,-4.10098,Nuit sans éclairage public,Hors agglomération,Hors intersection,Normale,Deux véhicules - côté,,,,,,,,,,,3,1,1,1.0,3.0
201000002131,0010-04-10 14:15:00,10,4,10,14,15,290,97,RUE DE LANDIVISIAU,48.49268,-4.04162,Plein jour,En agglomération,Hors intersection,Normale,Deux véhicules - côté,,,,,,,,,,,1,2,1,1.0,3.0
201000002132,0010-04-28 18:00:00,10,4,28,18,0,290,105,,48.51041,-4.04907,Plein jour,Hors agglomération,Hors intersection,Normale,Deux véhicules - côté,,,,,,,,,,,1,1,1,1.0,3.0
201000002133,0010-05-05 21:15:00,10,5,5,21,15,290,10,,48.49254,-4.11936,Crépuscule ou aube,Hors agglomération,Hors intersection,Normale,Deux véhicules - frontale,,,,,,,,,,,2,1,1,1.0,1.0
201000002134,0010-07-02 18:30:00,10,7,2,18,30,290,105,"giratoire du Ponant, zi",48.52098,-4.06795,Plein jour,En agglomération,Giratoire,Normale,Deux véhicules - côté,,,,,,,,,,,1,2,6,1.0,3.0
201000002135,0010-07-03 09:15:00,10,7,3,9,15,290,10,,48.49315,-4.11885,Plein jour,Hors agglomération,Hors intersection,Normale,Sans collision,,,,,,,,,,,1,1,1,1.0,7.0
201000002136,0010-09-10 10:15:00,10,9,10,10,15,290,97,CD11,48.49303,-4.04052,Plein jour,En agglomération,Hors intersection,Normale,Deux véhicules - frontale,,,,,,,,,,,1,2,1,1.0,1.0
201000002137,0010-09-12 16:45:00,10,9,12,16,45,290,163,,48.49383,-3.90264,Plein jour,Hors agglomération,Hors intersection,Normale,Deux véhicules - frontale,,,,,,,,,,,1,1,1,1.0,1.0
201000002138,0010-02-04 10:45:00,10,2,4,10,45,290,68,,48.57978,-3.94206,Plein jour,Hors agglomération,Intersection en X,Normale,Deux véhicules - côté,,,,,,,,,,,1,1,2,1.0,3.0
201000002139,0010-02-12 12:30:00,10,2,12,12,30,290,259,rue de l'Abbé TANGUY,48.68479,-3.97632,Plein jour,En agglomération,Hors intersection,Pluie légère,Deux véhicules - côté,,,,,,,,,,,1,2,1,2.0,3.0
201000002140,0010-02-20 21:00:00,10,2,20,21,0,290,271,,48.58258,-4.13833,Nuit sans éclairage public,Hors agglomération,Hors intersection,Normale,Deux véhicules - côté,,,,,,,,,,,3,1,1,1.0,3.0
201000002141,0010-04-11 14:30:00,10,4,11,14,30,290,279,,48.62965,-3.85956,Plein jour,Hors agglomération,Hors intersection,Normale,Deux véhicules - côté,,,,,,,,,,,1,1,1,1.0,3.0
201000002142,0010-05-13 14:00:00,10,5,13,14,0,290,192,,48.67627,-4.02783,Plein jour,Hors agglomération,Hors intersection,Normale,Deux véhicules - côté,,,,,,,,,,,1,1,1,1.0,3.0
201000002143,0010-06-22 07:45:00,10,6,22,7,45,290,273,,48.69706,-4.01289,Plein jour,Hors agglomération,Hors intersection,Normale,Deux véhicules - côté,,,,,,,,,,,1,1,1,1.0,3.0
201000002144,0010-06-26 21:00:00,10,6,26,21,0,290,192,,48.62203,-4.07317,Plein jour,Hors agglomération,Intersection en X,Normale,Deux véhicules - frontale,,,,,,,,,,,1,1,2,1.0,1.0
201000002145,0010-06-27 14:15:00,10,6,27,14,15,290,271,,48.60536,-4.12348,Plein jour,Hors agglomération,Giratoire,Normale,Autre collision,,,,,,,,,,,1,1,6,1.0,6.0
201000002146,0010-08-06 18:00:00,10,8,6,18,0,290,210,,48.62105,-4.04301,Plein jour,Hors agglomération,Hors intersection,Pluie légère,Deux véhicules - frontale,,,,,,,,,,,1,1,1,2.0,1.0
201000002147,0010-08-10 13:30:00,10,8,10,13,30,290,259,,48.65682,-3.9873,Plein jour,Hors agglomération,Hors intersection,Pluie légère,Deux véhicules - frontale,,,,,,,,,,,1,1,1,2.0,1.0
201000002148,0010-08-15 04:45:00,10,8,15,4,45,290,79,,48.63721,-3.92597,Nuit sans éclairage public,Hors agglomération,Hors intersection,Temps couvert,Autre collision,,,,,,,,,,,3,1,1,8.0,6.0
201000002149,0010-08-27 09:00:00,10,8,27,9,0,290,279,,48.63088,-3.85961,Plein jour,Hors agglomération,Hors intersection,Pluie légère,Deux véhicules - frontale,,,,,,,,,,,1,1,1,2.0,1.0
201000002150,0010-08-31 19:00:00,10,8,31,19,0,290,132,,47.97893,-3.42548,Plein jour,Hors agglomération,Intersection en Y,Normale,Deux véhicules - côté,,,,,,,,,,,1,1,4,1.0,3.0
201000002151,0010-09-04 11:45:00,10,9,4,11,45,290,259,,48.67085,-3.95891,Plein jour,Hors agglomération,Autre intersection,Temps éblouissant,Deux véhicules - côté,,,,,,,,,,,1,1,9,7.0,3.0
201000002152,0010-09-26 13:15:00,10,9,26,13,15,290,279,,48.6044,-3.89986,Plein jour,Hors agglomération,Hors intersection,Normale,Autre collision,,,,,,,,,,,1,1,1,1.0,6.0
201000002153,0010-10-18 12:00:00,10,10,18,12,0,290,111,Rue du Manoir,48.57973,-4.21068,Plein jour,En agglomération,Hors intersection,Normale,Deux véhicules - côté,,,,,,,,,,,1,2,1,1.0,3.0
201000002154,0010-01-02 10:30:00,10,1,2,10,30,560,106,,,,Plein jour,En agglomération,Hors intersection,Temps éblouissant,Autre collision,,,,,,,,,,,1,2,1,7.0,6.0
201000002155,0010-01-09 11:45:00,10,1,9,11,45,560,115,,,,Plein jour,Hors agglomération,Hors intersection,Normale,Autre collision,,,,,,,,,,,1,1,1,1.0,6.0
201000002156,0010-03-15 14:45:00,10,3,15,14,45,560,67,,,,Plein jour,Hors agglomération,Hors intersection,Normale,Autre collision,,,,,,,,,,,1,1,1,1.0,6.0
201000002157,0010-03-16 12:15:00,10,3,16,12,15,560,22,,,,Plein jour,Hors agglomération,Hors intersection,Normale,Deux véhicules - frontale,,,,,,,,,,,1,1,1,1.0,1.0
201000002158,0010-03-19 09:30:00,10,3,19,9,30,560,22,,,,Plein jour,Hors agglomération,Hors intersection,Normale,Autre collision,,,,,,,,,,,1,1,1,1.0,6.0
201000002159,0010-03-29 15:30:00,10,3,29,15,30,560,42,,,,Plein jour,Hors agglomération,Hors intersection,Pluie légère,Deux véhicules - côté,,,,,,,,,,,1,1,1,2.0,3.0
201000002160,0010-04-21 18:30:00,10,4,21,18,30,560,67,,,,Plein jour,Hors agglomération,Intersection en X,Normale,Trois véhicules et plus - collisions multiples,,,,,,,,,,,1,1,2,1.0,5.0
201000002161,0010-04-28 10:15:00,10,4,28,10,15,560,3,,,,Plein jour,Hors agglomération,Hors intersection,Normale,Deux véhicules - côté,,,,,,,,,,,1,1,1,1.0,3.0
201000002162,0010-05-26 19:30:00,10,5,26,19,30,560,206,,47.67437,-2.74468,Plein jour,Hors agglomération,Hors intersection,Normale,Deux véhicules - arrière,,,,,,,,,,,1,1,1,1.0,2.0
201000002163,0010-05-27 23:15:00,10,5,27,23,15,560,3,,,,Nuit sans éclairage public,Hors agglomération,Hors intersection,Normale,Deux véhicules - frontale,,,,,,,,,,,3,1,1,1.0,1.0
201000002164,0010-06-03 13:00:00,10,6,3,13,0,560,42,,,,Plein jour,Hors agglomération,Hors intersection,Normale,Autre collision,,,,,,,,,,,1,1,1,1.0,6.0
201000002165,0010-06-06 15:30:00,10,6,6,15,30,560,67,,,,Plein jour,Hors agglomération,Hors intersection,Normale,Deux véhicules - arrière,,,,,,,,,,,1,1,1,1.0,2.0
201000002166,0010-06-11 15:00:00,10,6,11,15,0,560,137,,,,Plein jour,Hors agglomération,Hors intersection,Temps couvert,Trois véhicules et plus - collisions multiples,,,,,,,,,,,1,1,1,8.0,5.0
201000002167,0010-06-25 15:45:00,10,6,25,15,45,560,157,,,,Plein jour,Hors agglomération,Hors intersection,Temps éblouissant,Deux véhicules - frontale,,,,,,,,,,,1,1,1,7.0,1.0
201000002168,0010-06-25 17:00:00,10,6,25,17,0,560,164,,,,Plein jour,Hors agglomération,Hors intersection,Normale,Deux véhicules - arrière,,,,,,,,,,,1,1,1,1.0,2.0
201000002169,0010-07-09 06:30:00,10,7,9,6,30,560,206,Rue de l'hopital,47.69614,-2.74841,Plein jour,En agglomération,Hors intersection,Normale,Deux véhicules - côté,,,,,,,,,,,1,2,1,1.0,3.0
201000002170,0010-07-10 13:00:00,10,7,10,13,0,560,115,,,,Plein jour,Hors agglomération,Hors intersection,Normale,Autre collision,,,,,,,,,,,1,1,1,1.0,6.0
201000002171,0010-07-15 14:00:00,10,7,15,14,0,560,120,,,,Plein jour,Hors agglomération,Hors intersection,Normale,Autre collision,,,,,,,,,,,1,1,1,1.0,6.0
201000002172,0010-07-26 13:45:00,10,7,26,13,45,560,67,,,,Plein jour,Hors agglomération,Hors intersection,Normale,Autre collision,,,,,,,,,,,1,1,1,1.0,6.0
201000002173,0010-08-16 14:45:00,10,8,16,14,45,560,42,20 RUE DU CENTENAIRE,47.82091,-2.81053,Plein jour,En agglomération,Hors intersection,Normale,Deux véhicules - côté,,,,,,,,,,,1,2,1,1.0,3.0
201000002174,0010-08-18 19:45:00,10,8,18,19,45,560,206,,,,Plein jour,Hors agglomération,Hors intersection,Normale,Deux véhicules - arrière,,,,,,,,,,,1,1,1,1.0,2.0
201000002175,0010-10-04 08:30:00,10,10,4,8,30,560,42,,,,Crépuscule ou aube,Hors agglomération,Hors intersection,Pluie légère,Deux véhicules - frontale,,,,,,,,,,,2,1,1,2.0,1.0
201000002176,0010-10-11 13:00:00,10,10,11,13,0,560,132,,,,Plein jour,Hors agglomération,Hors intersection,Normale,Deux véhicules - arrière,,,,,,,,,,,1,1,1,1.0,2.0
201000002177,0010-10-12 18:15:00,10,10,12,18,15,560,120,,,,Crépuscule ou aube,Hors agglomération,Hors intersection,Normale,Deux véhicules - côté,,,,,,,,,,,2,1,1,1.0,3.0
201000002178,0010-10-17 09:15:00,10,10,17,9,15,560,67,"1, rue du Gal de Gaulle",,,Plein jour,En agglomération,Hors intersection,Normale,Autre collision,,,,,,,,,,,1,2,1,1.0,6.0
201000002179,0010-10-31 02:00:00,10,10,31,2,0,560,158,,,,Nuit sans éclairage public,Hors agglomération,Hors intersection,Temps couvert,Autre collision,,,,,,,,,,,3,1,1,8.0,6.0
201000002180,0010-02-07 05:45:00,10,2,7,5,45,560,154,,,,Nuit sans éclairage public,Hors agglomération,Hors intersection,Normale,Autre collision,,,,,,,,,,,3,1,1,1.0,6.0
201000002181,0010-02-22 18:45:00,10,2,22,18,45,560,232,,,,Crépuscule ou aube,Hors agglomération,Hors intersection,Pluie légère,Deux véhicules - côté,,,,,,,,,,,2,1,1,2.0,3.0
201000002182,0010-02-26 11:15:00,10,2,26,11,15,560,33,,,,Plein jour,Hors agglomération,Hors intersection,Normale,Deux véhicules - frontale,,,,,,,,,,,1,1,1,1.0,1.0
201000002183,0010-04-16 21:30:00,10,4,16,21,30,560,1,,,,Nuit sans éclairage public,Hors agglomération,Hors intersection,Normale,Deux véhicules - arrière,,,,,,,,,,,3,1,1,1.0,2.0
201000002184,0010-06-12 14:00:00,10,6,12,14,0,560,154,RUE MARCEL CALLO,,,Plein jour,En agglomération,Hors intersection,Normale,Autre collision,,,,,,,,,,,1,2,1,1.0,6.0
201000002185,0010-07-12 11:30:00,10,7,12,11,30,560,11,,47.6042,-2.20451,Plein jour,Hors agglomération,Hors intersection,Normale,Sans collision,,,,,,,,,,,1,1,1,1.0,7.0
201000002186,0010-07-13 15:45:00,10,7,13,15,45,560,61,CARREFOUR D777 ET D773,,,Plein jour,En agglomération,Hors intersection,Normale,Deux véhicules - côté,,,,,,,,,,,1,2,1,1.0,3.0
201000002187,0010-07-28 16:30:00,10,7,28,16,30,560,1,,47.62042,-2.15328,Plein jour,Hors agglomération,Hors intersection,Normale,Sans collision,,,,,,,,,,,1,1,1,1.0,7.0
201000002188,0010-09-01 11:45:00,10,9,1,11,45,560,61,Rue montauban/place y.ro,47.76508,-2.13109,Plein jour,En agglomération,Hors intersection,Normale,Autre collision,,,,,,,,,,,1,2,1,1.0,6.0
201000002189,0010-10-05 09:00:00,10,10,5,9,0,560,194,,47.62203,-2.1078,Nuit sans éclairage public,Hors agglomération,Hors intersection,Pluie légère,Autre collision,,,,,,,,,,,3,1,1,2.0,6.0
201000002190,0010-10-31 17:45:00,10,10,31,17,45,560,1,,,,Plein jour,Hors agglomération,Hors intersection,Normale,Deux véhicules - côté,,,,,,,,,,,1,1,1,1.0,3.0
201000002191,0010-11-08 11:45:00,10,11,8,11,45,560,154,,47.71827,-2.2372,Plein jour,Hors agglomération,Autre intersection,Autre,Autre collision,,,,,,,,,,,1,1,9,9.0,6.0
201000002192,0010-11-18 12:45:00,10,11,18,12,45,560,194,rue d'aucfer,47.63136,-2.10211,Plein jour,En agglomération,Hors intersection,Normale,Deux véhicules - frontale,,,,,,,,,,,1,2,1,1.0,1.0
201000002193,0010-12-14 08:15:00,10,12,14,8,15,560,194,,47.61239,-2.1564,Nuit sans éclairage public,Hors agglomération,Hors intersection,Normale,Deux véhicules - frontale,,,,,,,,,,,3,1,1,1.0,1.0
201000002194,0010-02-20 17:00:00,10,2,20,17,0,560,147,,47.57212,-2.24549,Plein jour,Hors agglomération,Hors intersection,Normale,Deux véhicules - côté,,,,,,,,,,,1,1,1,1.0,3.0
201000002195,0010-02-24 11:15:00,10,2,24,11,15,560,58,,,,Plein jour,Hors agglomération,Hors intersection,Temps couvert,Autre collision,,,,,,,,,,,1,1,1,8.0,6.0
201000002196,0010-03-13 11:00:00,10,3,13,11,0,560,147,ZA les Métairies,47.51765,-2.29525,Plein jour,En agglomération,Hors intersection,Normale,Autre collision,,,,,,,,,,,1,2,1,1.0,6.0
201000002197,0010-04-24 03:45:00,10,4,24,3,45,560,2,,,,Nuit sans éclairage public,Hors agglomération,Hors intersection,Normale,Sans collision,,,,,,,,,,,3,1,1,1.0,7.0
201000002198,0010-05-02 07:45:00,10,5,2,7,45,560,147,,,,Crépuscule ou aube,Hors agglomération,Hors intersection,Temps éblouissant,Autre collision,,,,,,,,,,,2,1,1,7.0,6.0
201000002199,0010-07-26 21:30:00,10,7,26,21,30,560,58,,47.46905,-2.34615,Plein jour,Hors agglomération,Hors intersection,Temps éblouissant,Deux véhicules - frontale,,,,,,,,,,,1,1,1,7.0,1.0
201000002200,0010-07-31 12:45:00,10,7,31,12,45,560,143,RUE PASTEUR / RUE RICHEM,47.55521,-2.48019,Plein jour,En agglomération,Hors intersection,Normale,Deux véhicules - côté,,,,,,,,,,,1,2,1,1.0,3.0
201000002201,0010-08-01 21:45:00,10,8,1,21,45,560,212,,,,Nuit sans éclairage public,Hors agglomération,Hors intersection,Normale,Autre collision,,,,,,,,,,,3,1,1,1.0,6.0
201000002202,0010-08-06 18:45:00,10,8,6,18,45,560,77,,,,Plein jour,Hors agglomération,Hors intersection,Normale,Deux véhicules - frontale,,,,,,,,,,,1,1,1,1.0,1.0
201000002203,0010-10-10 14:00:00,10,10,10,14,0,560,155,,47.48945,-2.43611,Plein jour,Hors agglomération,Hors intersection,Normale,Autre collision,,,,,,,,,,,1,1,1,1.0,6.0
201000002204,0010-10-24 13:30:00,10,10,24,13,30,560,153,rue keroger,47.58179,-2.35797,Plein jour,En agglomération,Hors intersection,Normale,Autre collision,,,,,,,,,,,1,2,1,1.0,6.0
201000002205,0010-10-31 11:15:00,10,10,31,11,15,560,250,,47.57338,-2.12418,Plein jour,Hors agglomération,Hors intersection,Temps éblouissant,Deux véhicules - frontale,,,,,,,,,,,1,1,1,7.0,1.0
201000002206,0010-12-03 10:00:00,10,12,3,10,0,560,155,,47.48957,-2.45166,Plein jour,Hors agglomération,Hors intersection,Autre,Deux véhicules - frontale,,,,,,,,,,,1,1,1,9.0,1.0
201000002207,0010-01-03 07:00:00,10,1,3,7,0,560,231,,,,Nuit sans éclairage public,Hors agglomération,Hors intersection,Normale,Sans collision,,,,,,,,,,,3,1,1,1.0,7.0
201000002208,0010-02-12 16:15:00,10,2,12,16,15,560,159,,47.79284,-2.36847,Plein jour,Hors agglomération,Hors intersection,Normale,Deux véhicules - frontale,,,,,,,,,,,1,1,1,1.0,1.0
201000002209,0010-02-28 05:30:00,10,2,28,5,30,560,184,,,,Nuit sans éclairage public,Hors agglomération,Hors intersection,Vent fort / tempête,Autre collision,,,,,,,,,,,3,1,1,6.0,6.0
201000002210,0010-03-02 09:30:00,10,3,2,9,30,560,184,21 Rue Joseph Le Brix,47.66085,-2.45985,Plein jour,En agglomération,Hors intersection,Temps éblouissant,Autre collision,,,,,,,,,,,1,2,1,7.0,6.0
201000002211,0010-03-07 00:30:00,10,3,7,0,30,560,184,rue de Beausoleil,47.65654,-2.44811,Nuit sans éclairage public,En agglomération,Hors intersection,Normale,Trois véhicules et plus - collisions multiples,,,,,,,,,,,3,2,1,1.0,5.0
201000002212,0010-06-12 22:15:00,10,6,12,22,15,560,159,,47.75872,-2.36897,Plein jour,Hors agglomération,Hors intersection,Normale,Deux véhicules - frontale,,,,,,,,,,,1,1,1,1.0,1.0
201000002213,0010-07-18 00:15:00,10,7,18,0,15,560,231,,,,Nuit sans éclairage public,Hors agglomération,Hors intersection,Normale,Deux véhicules - frontale,,,,,,,,,,,3,1,1,1.0,1.0
201000002214,0010-07-19 10:00:00,10,7,19,10,0,560,28,,,,Plein jour,Hors agglomération,Autre intersection,Normale,Deux véhicules - côté,,,,,,,,,,,1,1,9,1.0,3.0
201000002215,0010-07-22 17:45:00,10,7,22,17,45,560,28,,,,Plein jour,Hors agglomération,Hors intersection,Normale,Autre collision,,,,,,,,,,,1,1,1,1.0,6.0
201000002216,0010-09-10 14:00:00,10,9,10,14,0,560,196,place Dt Michel,47.69919,-2.33463,Plein jour,En agglomération,Hors intersection,Normale,Autre collision,,,,,,,,,,,1,2,1,1.0,6.0
201000002217,0010-10-03 19:15:00,10,10,3,19,15,560,135,,47.74233,-2.459,Plein jour,Hors agglomération,Hors intersection,Pluie forte,Autre collision,,,,,,,,,,,1,1,1,3.0,6.0
201000002218,0010-11-01 12:45:00,10,11,1,12,45,560,137,,,,Plein jour,Hors agglomération,Hors intersection,Normale,Sans collision,,,,,,,,,,,1,1,1,1.0,7.0
201000002219,0010-11-26 13:30:00,10,11,26,13,30,560,53,,,,Plein jour,Hors agglomération,Hors intersection,Normale,Trois véhicules et plus - collisions multiples,,,,,,,,,,,1,1,1,1.0,5.0
201000002220,0010-02-18 19:30:00,10,2,18,19,30,560,46,,,,Nuit avec éclairage allumé,Hors agglomération,Hors intersection,Temps couvert,Deux véhicules - arrière,,,,,,,,,,,5,1,1,8.0,2.0
201000002221,0010-03-07 10:00:00,10,3,7,10,0,560,176,,,,Plein jour,Hors agglomération,Hors intersection,Normale,Deux véhicules - côté,,,,,,,,,,,1,1,1,1.0,3.0
201000002222,0010-03-16 11:30:00,10,3,16,11,30,560,167,,47.66618,-2.89693,Plein jour,Hors agglomération,Hors intersection,Normale,Deux véhicules - arrière,,,,,,,,,,,1,1,1,1.0,2.0
201000002223,0010-05-23 15:00:00,10,5,23,15,0,560,167,,47.66387,-2.88854,Plein jour,Hors agglomération,Hors intersection,Normale,Trois véhicules et plus - collisions multiples,,,,,,,,,,,1,1,1,1.0,5.0
201000002224,0010-06-07 16:30:00,10,6,7,16,30,560,7,85 rue Philippe Le Gall,47.67383,-3.00046,Plein jour,En agglomération,Hors intersection,Normale,Autre collision,,,,,,,,,,,1,2,1,1.0,6.0
201000002225,0010-08-11 12:00:00,10,8,11,12,0,560,176,,47.68069,-2.93806,Plein jour,Hors agglomération,Intersection en Y,Normale,Deux véhicules - frontale,,,,,,,,,,,1,1,4,1.0,1.0
201000002226,0010-08-10 17:45:00,10,8,10,17,45,560,176,12 rue de lasne,,,Plein jour,En agglomération,Hors intersection,Temps couvert,Autre collision,,,,,,,,,,,1,2,1,8.0,6.0
201000002227,0010-10-15 08:00:00,10,10,15,8,0,560,7,rue l éveque,47.66618,-2.98537,Nuit avec éclairage allumé,En agglomération,Hors intersection,Normale,Autre collision,,,,,,,,,,,5,2,1,1.0,6.0
201000002228,0010-10-28 23:45:00,10,10,28,23,45,560,167,,47.66943,-2.92091,Nuit sans éclairage public,Hors agglomération,Hors intersection,Pluie légère,Deux véhicules - arrière,,,,,,,,,,,3,1,1,2.0,2.0
201000002229,0010-12-13 13:00:00,10,12,13,13,0,560,263,,,,Plein jour,Hors agglomération,Hors intersection,Normale,Deux véhicules - frontale,,,,,,,,,,,1,1,1,1.0,1.0
201000002230,0010-06-11 19:30:00,10,6,11,19,30,560,241,Rue Lieutenant Riou,47.37129,-3.22159,Plein jour,En agglomération,Hors intersection,Normale,Deux véhicules - côté,,,,,,,,,,,1,2,1,1.0,3.0
201000002231,0010-07-23 12:45:00,10,7,23,12,45,560,9,,,,Plein jour,Hors agglomération,Hors intersection,Normale,Deux véhicules - frontale,,,,,,,,,,,1,1,1,1.0,1.0
201000002232,0010-08-12 19:00:00,10,8,12,19,0,560,152,,,,Plein jour,Hors agglomération,Hors intersection,Normale,Deux véhicules - arrière,,,,,,,,,,,1,1,1,1.0,2.0
201000002233,0010-01-11 15:00:00,10,1,11,15,0,560,186,rue de verdun,47.4817,-3.12084,Plein jour,En agglomération,Hors intersection,Normale,Autre collision,,,,,,,,,,,1,2,1,1.0,6.0
201000002234,0010-03-28 23:15:00,10,3,28,23,15,560,186,Bd Chanard,47.47836,-3.11564,Nuit avec éclairage allumé,En agglomération,Hors intersection,Normale,Autre collision,,,,,,,,,,,5,2,1,1.0,6.0
201000002235,0010-04-02 08:30:00,10,4,2,8,30,560,186,Rond point du Petit Pont,47.48738,-3.12411,Plein jour,En agglomération,Hors intersection,Pluie forte,Deux véhicules - côté,,,,,,,,,,,1,2,1,3.0,3.0
201000002236,0010-05-02 04:45:00,10,5,2,4,45,560,34,03 allée Saint Michel,47.57464,-3.06779,Nuit avec éclairage allumé,En agglomération,Hors intersection,Normale,Autre collision,,,,,,,,,,,5,2,1,1.0,6.0
201000002237,0010-06-10 06:15:00,10,6,10,6,15,560,168,,,,Crépuscule ou aube,Hors agglomération,Hors intersection,Normale,Autre collision,,,,,,,,,,,2,1,1,1.0,6.0
201000002238,0010-07-04 21:00:00,10,7,4,21,0,560,34,Avenue de l'Atlantique,47.57267,-3.07935,Plein jour,En agglomération,Hors intersection,Normale,Deux véhicules - frontale,,,,,,,,,,,1,2,1,1.0,1.0
201000002239,0010-07-16 17:15:00,10,7,16,17,15,560,186,"21, Av. du Gal de Gaulle",47.49095,-3.12141,Plein jour,En agglomération,Giratoire,Normale,Deux véhicules - frontale,,,,,,,,,,,1,2,6,1.0,1.0