accident_id,datetime,annee,mois,jour,heure,minute,departement,commune_insee,adresse,latitude,longitude,luminosite,agglomeration,intersection,meteo,collision,nb_vehicules,nb_usagers,nb_indemnes,nb_tues,nb_blesses_hosp,nb_blesses_legers,age_cond_1,age_cond_2,veh_type_cond_1,veh_type_cond_2,lum_code,agg_code,int_code,atm_code,col_code
201000002240,0010-07-28 18:30:00,10,7,28,18,30,560,233,,,,Plein jour,Hors agglomération,Hors intersection,Normale,Autre collision,,,,,,,,,,,1,1,1,1.0,6.0
201000002241,0010-08-15 09:30:00,10,8,15,9,30,560,34,Boulevard Base nautique,47.56931,-3.07922,Plein jour,En agglomération,Hors intersection,Normale,Autre collision,,,,,,,,,,,1,2,1,1.0,6.0
201000002242,0010-08-25 05:30:00,10,8,25,5,30,560,258,Cours des quais,47.58622,-3.02696,Nuit avec éclairage allumé,En agglomération,Hors intersection,Temps couvert,Deux véhicules - frontale,,,,,,,,,,,5,2,1,8.0,1.0
201000002243,0010-08-27 09:30:00,10,8,27,9,30,560,116,,47.58238,-2.96476,Nuit avec éclairage allumé,Hors agglomération,Intersection en X,Pluie forte,Deux véhicules - côté,,,,,,,,,,,5,1,2,3.0,3.0
201000002244,0010-10-26 20:45:00,10,10,26,20,45,560,168,,,,Nuit sans éclairage public,Hors agglomération,Hors intersection,Normale,Deux véhicules - frontale,,,,,,,,,,,3,1,1,1.0,1.0
201000002245,0010-11-15 17:00:00,10,11,15,17,0,560,168,,47.58858,-3.13317,Nuit sans éclairage public,Hors agglomération,Hors intersection,Neige / grêle,Deux véhicules - frontale,,,,,,,,,,,3,1,1,4.0,1.0
201000002246,0010-11-19 00:45:00,10,11,19,0,45,560,34,166 Avenue des Druides,47.57443,-3.06206,Nuit avec éclairage allumé,En agglomération,Hors intersection,Normale,Autre collision,,,,,,,,,,,5,2,1,1.0,6.0
201000002247,0010-01-01 06:30:00,10,1,1,6,30,560,78,,,,Nuit sans éclairage public,Hors agglomération,Hors intersection,Normale,Deux véhicules - côté,,,,,,,,,,,3,1,1,1.0,3.0
201000002248,0010-02-21 02:30:00,10,2,21,2,30,560,36,,47.80438,-3.32968,Nuit sans éclairage public,Hors agglomération,Hors intersection,Autre,Sans collision,,,,,,,,,,,3,1,1,9.0,7.0
201000002249,0010-04-01 13:45:00,10,4,1,13,45,560,36,Rue de Trudaine,47.78016,-3.33365,Plein jour,En agglomération,Intersection en T,Normale,Deux véhicules - arrière,,,,,,,,,,,1,2,3,1.0,2.0
201000002250,0010-04-08 17:00:00,10,4,8,17,0,560,185,Rue du Ménéguen,47.78782,-3.42224,Plein jour,En agglomération,Hors intersection,Normale,Deux véhicules - côté,,,,,,,,,,,1,2,1,1.0,3.0
201000002251,0010-04-10 16:00:00,10,4,10,16,0,560,36,,,,Plein jour,Hors agglomération,Hors intersection,Normale,Deux véhicules - frontale,,,,,,,,,,,1,1,1,1.0,1.0
201000002252,0010-04-14 14:45:00,10,4,14,14,45,560,185,,,,Plein jour,Hors agglomération,Hors intersection,Normale,Trois véhicules et plus - collisions multiples,,,,,,,,,,,1,1,1,1.0,5.0
201000002253,0010-04-14 18:15:00,10,4,14,18,15,560,36,,,,Plein jour,Hors agglomération,Hors intersection,Normale,Deux véhicules - côté,,,,,,,,,,,1,1,1,1.0,3.0
201000002254,0010-04-19 18:45:00,10,4,19,18,45,560,166,,,,Plein jour,Hors agglomération,Hors intersection,Normale,Deux véhicules - côté,,,,,,,,,,,1,1,1,1.0,3.0
201000002255,0010-05-22 17:00:00,10,5,22,17,0,560,78,,47.78239,-3.50364,Plein jour,Hors agglomération,Hors intersection,Normale,Deux véhicules - frontale,,,,,,,,,,,1,1,1,1.0,1.0
201000002256,0010-05-24 09:15:00,10,5,24,9,15,560,36,,,,Plein jour,Hors agglomération,Hors intersection,Normale,Autre collision,,,,,,,,,,,1,1,1,1.0,6.0
201000002257,0010-06-26 22:30:00,10,6,26,22,30,560,166,,,,Crépuscule ou aube,Hors agglomération,Hors intersection,Normale,Sans collision,,,,,,,,,,,2,1,1,1.0,7.0
201000002258,0010-07-05 17:15:00,10,7,5,17,15,560,179,22 général de Gaulle,47.83423,-3.40479,Plein jour,En agglomération,Hors intersection,Normale,Deux véhicules - frontale,,,,,,,,,,,1,2,1,1.0,1.0
201000002259,0010-07-23 17:00:00,10,7,23,17,0,560,185,,47.8018,-3.40074,Plein jour,Hors agglomération,Hors intersection,Normale,Sans collision,,,,,,,,,,,1,1,1,1.0,7.0
201000002260,0010-07-25 18:30:00,10,7,25,18,30,560,40,rue du doued,47.85342,-3.38167,Plein jour,En agglomération,Hors intersection,Normale,Deux véhicules - frontale,,,,,,,,,,,1,2,1,1.0,1.0
201000002261,0010-07-28 17:15:00,10,7,28,17,15,560,166,,,,Plein jour,Hors agglomération,Hors intersection,Normale,Autre collision,,,,,,,,,,,1,1,1,1.0,6.0
201000002262,0010-08-25 18:45:00,10,8,25,18,45,560,188,,,,Plein jour,Hors agglomération,Hors intersection,Temps couvert,Deux véhicules - frontale,,,,,,,,,,,1,1,1,8.0,1.0
201000002263,0010-10-12 15:15:00,10,10,12,15,15,560,63,CD 306,47.80358,-3.44373,Plein jour,En agglomération,Hors intersection,Normale,Deux véhicules - côté,,,,,,,,,,,1,2,1,1.0,3.0
201000002264,0010-11-08 08:15:00,10,11,8,8,15,560,166,,,,Plein jour,Hors agglomération,Hors intersection,Temps couvert,Trois véhicules et plus - collisions multiples,,,,,,,,,,,1,1,1,8.0,5.0
201000002265,0010-11-20 14:15:00,10,11,20,14,15,560,185,,47.77988,-3.44492,Plein jour,Hors agglomération,Hors intersection,Normale,Deux véhicules - frontale,,,,,,,,,,,1,1,1,1.0,1.0
201000002266,0010-01-19 07:15:00,10,1,19,7,15,560,119,,,,Nuit sans éclairage public,Hors agglomération,Hors intersection,Normale,Autre collision,,,,,,,,,,,3,1,1,1.0,6.0
201000002267,0010-01-22 07:45:00,10,1,22,7,45,560,193,,,,Nuit sans éclairage public,Hors agglomération,Hors intersection,Pluie forte,Deux véhicules - frontale,,,,,,,,,,,3,1,1,3.0,1.0
201000002268,0010-01-26 06:15:00,10,1,26,6,15,560,193,,,,Nuit sans éclairage public,Hors agglomération,Hors intersection,Autre,Trois véhicules et plus - collisions multiples,,,,,,,,,,,3,1,1,9.0,5.0
201000002269,0010-02-08 11:15:00,10,2,8,11,15,560,161,,,,Plein jour,Hors agglomération,Hors intersection,Normale,Deux véhicules - côté,,,,,,,,,,,1,1,1,1.0,3.0
201000002270,0010-04-15 16:00:00,10,4,15,16,0,560,54,,47.65571,-3.12452,Plein jour,Hors agglomération,Hors intersection,Normale,Deux véhicules - frontale,,,,,,,,,,,1,1,1,1.0,1.0
201000002271,0010-04-15 18:45:00,10,4,15,18,45,560,169,,,,Plein jour,Hors agglomération,Hors intersection,Normale,Trois véhicules et plus - en chaîne,,,,,,,,,,,1,1,1,1.0,4.0
201000002272,0010-04-20 14:00:00,10,4,20,14,0,560,54,rue soeur maurice,47.64344,-3.1593,Plein jour,En agglomération,Hors intersection,Normale,Deux véhicules - frontale,,,,,,,,,,,1,2,1,1.0,1.0
201000002273,0010-04-30 11:00:00,10,4,30,11,0,560,55,RUE DU GENERAL LECLERC,47.65756,-3.19836,Plein jour,En agglomération,Hors intersection,Normale,Deux véhicules - côté,,,,,,,,,,,1,2,1,1.0,3.0
201000002274,0010-05-07 16:15:00,10,5,7,16,15,560,130,,,,Plein jour,Hors agglomération,Hors intersection,Normale,Deux véhicules - frontale,,,,,,,,,,,1,1,1,1.0,1.0
201000002275,0010-06-25 18:45:00,10,6,25,18,45,560,13,LES QUATRE CHEMINS,,,Plein jour,En agglomération,Giratoire,Normale,Sans collision,,,,,,,,,,,1,2,6,1.0,7.0
201000002276,0010-06-27 02:00:00,10,6,27,2,0,560,119,,,,Nuit sans éclairage public,Hors agglomération,Hors intersection,Normale,Sans collision,,,,,,,,,,,3,1,1,1.0,7.0
201000002277,0010-06-28 16:45:00,10,6,28,16,45,560,55,25 rue Victor Hugo,,,Plein jour,En agglomération,Hors intersection,Normale,Deux véhicules - arrière,,,,,,,,,,,1,2,1,1.0,2.0
201000002278,0010-07-05 19:30:00,10,7,5,19,30,560,161,,,,Plein jour,Hors agglomération,Hors intersection,Normale,Autre collision,,,,,,,,,,,1,1,1,1.0,6.0
201000002279,0010-07-10 18:00:00,10,7,10,18,0,560,193,RD11 - rue de L'Aubrière,47.71994,-3.31787,Plein jour,En agglomération,Hors intersection,Normale,Deux véhicules - côté,,,,,,,,,,,1,2,1,1.0,3.0
201000002280,0010-07-23 19:45:00,10,7,23,19,45,560,169,,,,Plein jour,Hors agglomération,Hors intersection,Normale,Deux véhicules - côté,,,,,,,,,,,1,1,1,1.0,3.0
201000002281,0010-08-06 19:00:00,10,8,6,19,0,560,161,,,,Plein jour,Hors agglomération,Hors intersection,Normale,Deux véhicules - frontale,,,,,,,,,,,1,1,1,1.0,1.0
201000002282,0010-10-01 16:45:00,10,10,1,16,45,560,130,D9 MERLEVENEZ 56700,,,Plein jour,En agglomération,Giratoire,Pluie forte,Sans collision,,,,,,,,,,,1,2,6,3.0,7.0
201000002283,0010-10-12 02:15:00,10,10,12,2,15,560,130,,,,Nuit sans éclairage public,Hors agglomération,Autre intersection,Normale,Autre collision,,,,,,,,,,,3,1,9,1.0,6.0
201000002284,0010-11-03 15:30:00,10,11,3,15,30,560,55,11 rue du Gal Leclerc,47.6575,-3.20008,Plein jour,En agglomération,Hors intersection,Temps couvert,Deux véhicules - arrière,,,,,,,,,,,1,2,1,8.0,2.0
201000002285,0010-12-10 09:00:00,10,12,10,9,0,560,54,,47.65225,-3.13351,Plein jour,Hors agglomération,Hors intersection,Temps éblouissant,Deux véhicules - frontale,,,,,,,,,,,1,1,1,7.0,1.0
201000002286,0010-12-16 05:45:00,10,12,16,5,45,560,118,,,,Nuit sans éclairage public,Hors agglomération,Hors intersection,Normale,Deux véhicules - arrière,,,,,,,,,,,3,1,1,1.0,2.0
201000002287,0010-01-01 05:15:00,10,1,1,5,15,560,127,,48.06656,-2.2626,Nuit sans éclairage public,Hors agglomération,Hors intersection,Normale,Sans collision,,,,,,,,,,,3,1,1,1.0,7.0
201000002288,0010-01-15 07:45:00,10,1,15,7,45,560,249,,47.9616,-2.45993,Crépuscule ou aube,Hors agglomération,Hors intersection,Autre,Autre collision,,,,,,,,,,,2,1,1,9.0,6.0
201000002289,0010-03-05 09:15:00,10,3,5,9,15,560,122,,,,Plein jour,Hors agglomération,Hors intersection,Normale,Autre collision,,,,,,,,,,,1,1,1,1.0,6.0
201000002290,0010-03-09 14:15:00,10,3,9,14,15,560,32,,,,Plein jour,Hors agglomération,Hors intersection,Normale,Sans collision,,,,,,,,,,,1,1,1,1.0,7.0
201000002291,0010-03-23 17:15:00,10,3,23,17,15,560,165,,,,Plein jour,Hors agglomération,Hors intersection,Normale,Deux véhicules - frontale,,,,,,,,,,,1,1,1,1.0,1.0
201000002292,0010-04-06 17:45:00,10,4,6,17,45,560,134,,48.03799,-2.46493,Plein jour,Hors agglomération,Hors intersection,Normale,Deux véhicules - frontale,,,,,,,,,,,1,1,1,1.0,1.0
201000002293,0010-04-30 16:15:00,10,4,30,16,15,560,257,,48.10252,-2.50916,Plein jour,Hors agglomération,Hors intersection,Normale,Deux véhicules - frontale,,,,,,,,,,,1,1,1,1.0,1.0
201000002294,0010-05-23 08:45:00,10,5,23,8,45,560,165,15 rue du Lac,47.9367,-2.40162,Plein jour,En agglomération,Hors intersection,Normale,Autre collision,,,,,,,,,,,1,2,1,1.0,6.0
201000002295,0010-06-09 09:00:00,10,6,9,9,0,560,165,,,,Plein jour,Hors agglomération,Hors intersection,Normale,Deux véhicules - arrière,,,,,,,,,,,1,1,1,1.0,2.0
201000002296,0010-06-11 15:15:00,10,6,11,15,15,560,165,,,,Plein jour,Hors agglomération,Hors intersection,Normale,Autre collision,,,,,,,,,,,1,1,1,1.0,6.0
201000002297,0010-06-10 23:15:00,10,6,10,23,15,560,138,,47.88553,-2.35917,Nuit sans éclairage public,Hors agglomération,Hors intersection,Normale,Autre collision,,,,,,,,,,,3,1,1,1.0,6.0
201000002298,0010-07-09 18:00:00,10,7,9,18,0,560,165,RUE DU ROI ARTHUR,47.93339,-2.39261,Plein jour,En agglomération,Hors intersection,Normale,Deux véhicules - côté,,,,,,,,,,,1,2,1,1.0,3.0
201000002299,0010-07-21 18:30:00,10,7,21,18,30,560,208,CARREFOUR CD2 ET CD303,,,Plein jour,En agglomération,Hors intersection,Normale,Deux véhicules - côté,,,,,,,,,,,1,2,1,1.0,3.0
201000002300,0010-08-17 12:30:00,10,8,17,12,30,560,80,,,,Plein jour,Hors agglomération,Hors intersection,Normale,Sans collision,,,,,,,,,,,1,1,1,1.0,7.0
201000002301,0010-08-17 13:15:00,10,8,17,13,15,560,129,,,,Plein jour,Hors agglomération,Hors intersection,Normale,Deux véhicules - côté,,,,,,,,,,,1,1,1,1.0,3.0
201000002302,0010-08-25 07:15:00,10,8,25,7,15,560,43,,,,Crépuscule ou aube,Hors agglomération,Hors intersection,Normale,Autre collision,,,,,,,,,,,2,1,1,1.0,6.0
201000002303,0010-08-30 18:15:00,10,8,30,18,15,560,249,,47.93768,-2.44096,Plein jour,Hors agglomération,Hors intersection,Temps éblouissant,Autre collision,,,,,,,,,,,1,1,1,7.0,6.0
201000002304,0010-09-04 16:30:00,10,9,4,16,30,560,197,,,,Plein jour,Hors agglomération,Hors intersection,Normale,Deux véhicules - frontale,,,,,,,,,,,1,1,1,1.0,1.0
201000002305,0010-10-09 16:00:00,10,10,9,16,0,560,43,,,,Plein jour,Hors agglomération,Hors intersection,Normale,Deux véhicules - côté,,,,,,,,,,,1,1,1,1.0,3.0
201000002306,0010-11-10 18:45:00,10,11,10,18,45,560,165,parking LECLERC,47.93882,-2.40625,Nuit avec éclairage allumé,En agglomération,Hors intersection,Normale,Autre collision,,,,,,,,,,,5,2,1,1.0,6.0
201000002307,0010-11-12 09:00:00,10,11,12,9,0,560,165,Rue du mal DELATRE DE TA,47.92582,-2.40079,Nuit avec éclairage allumé,En agglomération,Hors intersection,Normale,Deux véhicules - frontale,,,,,,,,,,,5,2,1,1.0,1.0
201000002308,0010-11-12 17:45:00,10,11,12,17,45,560,165,Rue du gal DUBRETON,47.92859,-2.39912,Nuit avec éclairage allumé,En agglomération,Hors intersection,Pluie forte,Autre collision,,,,,,,,,,,5,2,1,3.0,6.0
201000002309,0010-11-23 13:45:00,10,11,23,13,45,560,122,,47.97259,-2.38221,Plein jour,Hors agglomération,Hors intersection,Normale,Deux véhicules - frontale,,,,,,,,,,,1,1,1,1.0,1.0
201000002310,0010-11-25 18:45:00,10,11,25,18,45,560,127,,,,Nuit sans éclairage public,Hors agglomération,Hors intersection,Neige / grêle,Deux véhicules - frontale,,,,,,,,,,,3,1,1,4.0,1.0
201000002311,0010-12-21 14:30:00,10,12,21,14,30,560,32,,,,Plein jour,Hors agglomération,Hors intersection,Normale,Deux véhicules - arrière,,,,,,,,,,,1,1,1,1.0,2.0
201000002312,0010-12-25 10:15:00,10,12,25,10,15,560,145,,,,Plein jour,Hors agglomération,Hors intersection,Normale,Deux véhicules - frontale,,,,,,,,,,,1,1,1,1.0,1.0
201000002313,0010-01-31 05:30:00,10,1,31,5,30,560,20,RUE DES TILLEULS,47.78104,-2.43767,Nuit avec éclairage allumé,En agglomération,Hors intersection,Normale,Sans collision,,,,,,,,,,,5,2,1,1.0,7.0
201000002314,0010-05-24 05:00:00,10,5,24,5,0,560,180,,47.91605,-2.26584,Nuit sans éclairage public,Hors agglomération,Hors intersection,Normale,Autre collision,,,,,,,,,,,3,1,1,1.0,6.0
201000002315,0010-06-02 15:45:00,10,6,2,15,45,560,20,,,,Plein jour,Hors agglomération,Hors intersection,Normale,Deux véhicules - côté,,,,,,,,,,,1,1,1,1.0,3.0
201000002316,0010-06-16 07:45:00,10,6,16,7,45,560,75,,,,Plein jour,Hors agglomération,Hors intersection,Normale,Deux véhicules - frontale,,,,,,,,,,,1,1,1,1.0,1.0
201000002317,0010-06-29 08:30:00,10,6,29,8,30,560,75,Av. de Gaulle/RD772,47.90848,-2.10984,Plein jour,En agglomération,Hors intersection,Normale,Deux véhicules - côté,,,,,,,,,,,1,2,1,1.0,3.0
201000002318,0010-07-02 14:15:00,10,7,2,14,15,560,228,,,,Plein jour,Hors agglomération,Hors intersection,Normale,Deux véhicules - côté,,,,,,,,,,,1,1,1,1.0,3.0
201000002319,0010-07-23 17:15:00,10,7,23,17,15,560,228,,,,Plein jour,Hors agglomération,Giratoire,Normale,Sans collision,,,,,,,,,,,1,1,6,1.0,7.0
201000002320,0010-07-27 19:45:00,10,7,27,19,45,560,75,,,,Plein jour,Hors agglomération,Hors intersection,Normale,Sans collision,,,,,,,,,,,1,1,1,1.0,7.0
201000002321,0010-08-12 12:15:00,10,8,12,12,15,560,219,,,,Plein jour,Hors agglomération,Hors intersection,Normale,Deux véhicules - arrière,,,,,,,,,,,1,1,1,1.0,2.0
201000002322,0010-08-14 17:15:00,10,8,14,17,15,560,200,le bourg,,,Plein jour,En agglomération,Intersection en X,Temps couvert,Deux véhicules - côté,,,,,,,,,,,1,2,2,8.0,3.0
201000002323,0010-08-15 19:30:00,10,8,15,19,30,560,200,,,,Plein jour,Hors agglomération,Hors intersection,Normale,Deux véhicules - côté,,,,,,,,,,,1,1,1,1.0,3.0
201000002324,0010-08-15 15:00:00,10,8,15,15,0,560,75,Rue de l'Epinette - C12,47.951,-2.127,Plein jour,En agglomération,Hors intersection,Temps couvert,Deux véhicules - arrière,,,,,,,,,,,1,2,1,8.0,2.0
201000002325,0010-09-05 08:15:00,10,9,5,8,15,560,124,,,,Plein jour,Hors agglomération,Hors intersection,Normale,Sans collision,,,,,,,,,,,1,1,1,1.0,7.0
201000002326,0010-09-08 12:15:00,10,9,8,12,15,560,12,,47.9606,-2.17219,Plein jour,Hors agglomération,Hors intersection,Normale,Autre collision,,,,,,,,,,,1,1,1,1.0,6.0
201000002327,0010-09-29 18:00:00,10,9,29,18,0,560,12,,,,Plein jour,Hors agglomération,Intersection en X,Pluie légère,Deux véhicules - côté,,,,,,,,,,,1,1,2,2.0,3.0
201000002328,0010-11-03 18:15:00,10,11,3,18,15,560,200,,,,Nuit sans éclairage public,Hors agglomération,Intersection en X,Normale,Deux véhicules - côté,,,,,,,,,,,3,1,2,1.0,3.0
201000002329,0010-02-07 18:15:00,10,2,7,18,15,560,102,,,,Crépuscule ou aube,Hors agglomération,Hors intersection,Normale,Deux véhicules - arrière,,,,,,,,,,,2,1,1,1.0,2.0
201000002330,0010-02-20 11:00:00,10,2,20,11,0,560,91,,,,Plein jour,Hors agglomération,Hors intersection,Brouillard / fumée,Deux véhicules - frontale,,,,,,,,,,,1,1,1,5.0,1.0
201000002331,0010-04-25 02:15:00,10,4,25,2,15,560,204,Rue de la mairie,,,Nuit avec éclairage allumé,En agglomération,Intersection en X,Normale,Deux véhicules - côté,,,,,,,,,,,5,2,2,1.0,3.0
201000002332,0010-04-25 19:00:00,10,4,25,19,0,560,172,rue des martyres de la r,47.83816,-2.64438,Plein jour,En agglomération,Hors intersection,Normale,Deux véhicules - côté,,,,,,,,,,,1,2,1,1.0,3.0
201000002333,0010-07-12 09:30:00,10,7,12,9,30,560,91,,,,Plein jour,Hors agglomération,Autre intersection,Normale,Autre collision,,,,,,,,,,,1,1,9,1.0,6.0
201000002334,0010-08-01 14:15:00,10,8,1,14,15,560,70,,,,Plein jour,Hors agglomération,Hors intersection,Pluie légère,Deux véhicules - frontale,,,,,,,,,,,1,1,1,2.0,1.0
201000002335,0010-08-12 18:15:00,10,8,12,18,15,560,79,,,,Plein jour,Hors agglomération,Hors intersection,Normale,Deux véhicules - côté,,,,,,,,,,,1,1,1,1.0,3.0
201000002336,0010-08-30 18:45:00,10,8,30,18,45,560,160,,,,Plein jour,Hors agglomération,Hors intersection,Normale,Deux véhicules - arrière,,,,,,,,,,,1,1,1,1.0,2.0
201000002337,0010-09-06 08:30:00,10,9,6,8,30,560,160,,,,Plein jour,Hors agglomération,Hors intersection,Brouillard / fumée,Deux véhicules - frontale,,,,,,,,,,,1,1,1,5.0,1.0
201000002338,0010-09-25 18:15:00,10,9,25,18,15,560,24,,48.12568,-2.68858,Plein jour,Hors agglomération,Hors intersection,Normale,Deux véhicules - frontale,,,,,,,,,,,1,1,1,1.0,1.0
201000002339,0010-09-25 16:45:00,10,9,25,16,45,560,70,,,,Plein jour,Hors agglomération,Hors intersection,Normale,Autre collision,,,,,,,,,,,1,1,1,1.0,6.0
201000002340,0010-01-17 12:30:00,10,1,17,12,30,560,125,,48.06042,-3.06285,Plein jour,Hors agglomération,Hors intersection,Normale,Trois véhicules et plus - en chaîne,,,,,,,,,,,1,1,1,1.0,4.0
201000002341,0010-01-20 16:00:00,10,1,20,16,0,560,92,,,,Plein jour,Hors agglomération,Hors intersection,Normale,Deux véhicules - côté,,,,,,,,,,,1,1,1,1.0,3.0
201000002342,0010-01-29 03:30:00,10,1,29,3,30,560,92,,,,Nuit sans éclairage public,Hors agglomération,Hors intersection,Pluie légère,Deux véhicules - frontale,,,,,,,,,,,3,1,1,2.0,1.0
201000002343,0010-01-29 13:15:00,10,1,29,13,15,560,246,6 rue Fernand cargouet,48.04823,-2.98208,Plein jour,En agglomération,Hors intersection,Pluie légère,Autre collision,,,,,,,,,,,1,2,1,2.0,6.0
201000002344,0010-03-09 10:15:00,10,3,9,10,15,560,41,,,,Plein jour,Hors agglomération,Hors intersection,Normale,Deux véhicules - arrière,,,,,,,,,,,1,1,1,1.0,2.0
201000002345,0010-03-11 14:30:00,10,3,11,14,30,560,163,,,,Plein jour,En agglomération,Intersection en X,Normale,Deux véhicules - côté,,,,,,,,,,,1,2,2,1.0,3.0
201000002346,0010-03-26 18:30:00,10,3,26,18,30,560,41,,,,Plein jour,Hors agglomération,Hors intersection,Temps couvert,Deux véhicules - frontale,,,,,,,,,,,1,1,1,8.0,1.0
201000002347,0010-04-20 18:15:00,10,4,20,18,15,560,178,avenue des cités unies,48.05563,-2.94643,Plein jour,En agglomération,Giratoire,Normale,Deux véhicules - frontale,,,,,,,,,,,1,2,6,1.0,1.0
201000002348,0010-05-09 14:45:00,10,5,9,14,45,560,246,,,,Plein jour,Hors agglomération,Hors intersection,Normale,Deux véhicules - côté,,,,,,,,,,,1,1,1,1.0,3.0
201000002349,0010-06-27 02:30:00,10,6,27,2,30,560,237,,,,Nuit sans éclairage public,Hors agglomération,Hors intersection,Normale,Autre collision,,,,,,,,,,,3,1,1,1.0,6.0
201000002350,0010-07-30 16:45:00,10,7,30,16,45,560,213,,,,Plein jour,Hors agglomération,Autre intersection,Normale,Deux véhicules - côté,,,,,,,,,,,1,1,9,1.0,3.0
201000002351,0010-08-20 14:45:00,10,8,20,14,45,560,113,,,,Plein jour,Hors agglomération,Hors intersection,Normale,Autre collision,,,,,,,,,,,1,1,1,1.0,6.0
201000002352,0010-07-25 22:00:00,10,7,25,22,0,560,178,30 rue Roger LE CUNFF,48.07592,-2.96064,Plein jour,En agglomération,Hors intersection,Normale,Autre collision,,,,,,,,,,,1,2,1,1.0,6.0
201000002353,0010-09-18 10:00:00,10,9,18,10,0,560,41,Rue de la libération,48.12538,-3.06497,Plein jour,En agglomération,Autre intersection,Normale,Autre collision,,,,,,,,,,,1,2,9,1.0,6.0
201000002354,0010-09-29 11:45:00,10,9,29,11,45,560,178,Rue du Général de Gaulle,48.06492,-2.96605,Plein jour,En agglomération,Hors intersection,Temps couvert,Sans collision,,,,,,,,,,,1,2,1,8.0,7.0
201000002355,0010-10-18 18:00:00,10,10,18,18,0,560,151,,48.02491,-2.90847,Plein jour,Hors agglomération,Hors intersection,Normale,Deux véhicules - côté,,,,,,,,,,,1,1,1,1.0,3.0
201000002356,0010-12-13 07:15:00,10,12,13,7,15,560,92,,,,Nuit sans éclairage public,Hors agglomération,Hors intersection,Autre,Deux véhicules - côté,,,,,,,,,,,3,1,1,9.0,3.0
201000002357,0010-12-16 09:00:00,10,12,16,9,0,560,242,,,,Plein jour,Hors agglomération,Hors intersection,Temps couvert,Trois véhicules et plus - collisions multiples,,,,,,,,,,,1,1,1,8.0,5.0
201000002358,0010-12-22 18:45:00,10,12,22,18,45,560,237,,,,Nuit sans éclairage public,Hors agglomération,Hors intersection,Normale,Trois véhicules et plus - collisions multiples,,,,,,,,,,,3,1,1,1.0,5.0
201000002359,0010-12-31 21:45:00,10,12,31,21,45,560,10,,,,Nuit sans éclairage public,Hors agglomération,Hors intersection,Normale,Autre collision,,,,,,,,,,,3,1,1,1.0,6.0
201000002360,0010-01-14 16:15:00,10,1,14,16,15,560,10,10 rue des genêts,47.87426,-3.01485,Plein jour,En agglomération,Hors intersection,Pluie légère,Deux véhicules - côté,,,,,,,,,,,1,2,1,2.0,3.0
201000002361,0010-01-25 08:45:00,10,1,25,8,45,560,117,rue duguesclin,,,Crépuscule ou aube,En agglomération,Hors intersection,Pluie légère,Deux véhicules - frontale,,,,,,,,,,,2,2,1,2.0,1.0
201000002362,0010-02-17 17:15:00,10,2,17,17,15,560,207,carrefour D142 et D 203,,,Plein jour,En agglomération,Intersection en X,Normale,Deux véhicules - côté,,,,,,,,,,,1,2,2,1.0,3.0
201000002363,0010-02-20 11:00:00,10,2,20,11,0,560,10,Carrefour Market,47.86347,-3.01756,Plein jour,En agglomération,Autre intersection,Normale,Autre collision,,,,,,,,,,,1,2,9,1.0,6.0
201000002364,0010-02-28 20:45:00,10,2,28,20,45,560,128,,,,Nuit sans éclairage public,Hors agglomération,Hors intersection,Pluie légère,Autre collision,,,,,,,,,,,3,1,1,2.0,6.0
201000002365,0010-04-19 05:15:00,10,4,19,5,15,560,174,,,,Nuit sans éclairage public,Hors agglomération,Hors intersection,Normale,Sans collision,,,,,,,,,,,3,1,1,1.0,7.0
201000002366,0010-04-20 09:15:00,10,4,20,9,15,560,144,,,,Plein jour,Hors agglomération,Hors intersection,Normale,Deux véhicules - côté,,,,,,,,,,,1,1,1,1.0,3.0
201000002367,0010-04-25 17:45:00,10,4,25,17,45,560,16,,,,Plein jour,Hors agglomération,Hors intersection,Normale,Deux véhicules - frontale,,,,,,,,,,,1,1,1,1.0,1.0
201000002368,0010-04-27 18:45:00,10,4,27,18,45,560,10,,,,Crépuscule ou aube,Hors agglomération,Intersection en T,Normale,Deux véhicules - côté,,,,,,,,,,,2,1,3,1.0,3.0
201000002369,0010-06-24 12:00:00,10,6,24,12,0,560,10,15 rue de Pontivy,47.87672,-3.01951,Plein jour,En agglomération,Hors intersection,Temps éblouissant,Deux véhicules - frontale,,,,,,,,,,,1,2,1,7.0,1.0
201000002370,0010-06-30 18:45:00,10,6,30,18,45,560,74,,,,Plein jour,Hors agglomération,Hors intersection,Normale,Deux véhicules - frontale,,,,,,,,,,,1,1,1,1.0,1.0
201000002371,0010-08-14 12:00:00,10,8,14,12,0,560,173,rond point du presbytère,47.95767,-2.97242,Plein jour,En agglomération,Giratoire,Normale,Sans collision,,,,,,,,,,,1,2,6,1.0,7.0