accident_id,datetime,annee,mois,jour,heure,minute,departement,commune_insee,adresse,latitude,longitude,luminosite,agglomeration,intersection,meteo,collision,nb_vehicules,nb_usagers,nb_indemnes,nb_tues,nb_blesses_hosp,nb_blesses_legers,age_cond_1,age_cond_2,veh_type_cond_1,veh_type_cond_2,lum_code,agg_code,int_code,atm_code,col_code
201000002628,0010-04-24 17:30:00,10,4,24,17,30,500,526,LES CINQ CHEMINS,48.7468,-1.49966,Plein jour,Hors agglomération,Intersection en X,Normale,Autre collision,,,,,,,,,,,1,1,2,1.0,6.0
201000002629,0010-05-07 23:30:00,10,5,7,23,30,500,237,RUE ERNEST CORBIN,48.8027,-1.38541,Nuit avec éclairage allumé,Hors agglomération,Hors intersection,Normale,Autre collision,,,,,,,,,,,5,1,1,1.0,6.0
201000002630,0010-05-30 17:30:00,10,5,30,17,30,500,355,LA VALLEE,48.7336,-1.42985,Plein jour,Hors agglomération,Hors intersection,Temps couvert,Deux véhicules - arrière,,,,,,,,,,,1,1,1,8.0,2.0
201000002631,0010-06-24 03:30:00,10,6,24,3,30,500,66,G. EISENHOWER/AV. LIBERA,48.7759,-1.56767,Nuit avec éclairage allumé,En agglomération,Giratoire,Normale,Autre collision,,,,,,,,,,,5,2,6,1.0,6.0
201000002632,0010-07-25 23:30:00,10,7,25,23,30,500,434,LA CROIX,48.7578,-1.4446,Nuit avec éclairage allumé,En agglomération,Hors intersection,Normale,Autre collision,,,,,,,,,,,5,2,1,1.0,6.0
201000002633,0010-08-07 18:30:00,10,8,7,18,30,500,66,LA CARRIERE -  BOUILLON,48.7777,-1.53957,Plein jour,Hors agglomération,Intersection en Y,Normale,Trois véhicules et plus - collisions multiples,,,,,,,,,,,1,1,4,1.0,5.0
201000002634,0010-08-12 18:00:00,10,8,12,18,0,500,540,LA HAVAUDIERE,48.7877,-1.50647,Plein jour,En agglomération,Hors intersection,Normale,Autre collision,,,,,,,,,,,1,2,1,1.0,6.0
201000002635,0010-08-24 15:30:00,10,8,24,15,30,500,565,90 GRANDE RUE,48.751,-1.45442,Plein jour,En agglomération,Hors intersection,Normale,Autre collision,,,,,,,,,,,1,2,1,1.0,6.0
201000002636,0010-09-03 10:30:00,10,9,3,10,30,500,493,LES VAUX,48.8365,-1.46348,Plein jour,Hors agglomération,Intersection en T,Normale,Trois véhicules et plus - collisions multiples,,,,,,,,,,,1,1,3,1.0,5.0
201000002637,0010-09-11 21:15:00,10,9,11,21,15,500,565,LES JARDINETS,48.7471,-1.44866,Nuit sans éclairage public,Hors agglomération,Hors intersection,Normale,Deux véhicules - frontale,,,,,,,,,,,3,1,1,1.0,1.0
201000002638,0010-09-14 15:15:00,10,9,14,15,15,500,565,ROUTE DE  CAROLLES,48.7511,-1.46054,Plein jour,En agglomération,Hors intersection,Normale,Deux véhicules - côté,,,,,,,,,,,1,2,1,1.0,3.0
201000002639,0010-10-13 20:15:00,10,10,13,20,15,500,541,VILLAGE GALON,48.8301,-1.47225,Nuit sans éclairage public,Hors agglomération,Hors intersection,Normale,Autre collision,,,,,,,,,,,3,1,1,1.0,6.0
201000002640,0010-10-14 17:15:00,10,10,14,17,15,500,541,LES PERRIERES,48.8369,-1.4985,Plein jour,Hors agglomération,Intersection en X,Normale,Deux véhicules - arrière,,,,,,,,,,,1,1,2,1.0,2.0
201000002641,0010-10-23 19:45:00,10,10,23,19,45,500,247,LE POT BLANC,48.8217,-1.38629,Nuit sans éclairage public,Hors agglomération,Hors intersection,Temps couvert,Deux véhicules - arrière,,,,,,,,,,,3,1,1,8.0,2.0
201000002642,0010-12-31 19:30:00,10,12,31,19,30,500,410,LA MILARDIERE,48.5616,-1.5242,Nuit sans éclairage public,Hors agglomération,Hors intersection,Normale,Deux véhicules - côté,,,,,,,,,,,3,1,1,1.0,3.0
201000002643,0010-01-13 22:30:00,10,1,13,22,30,500,410,,48.5602,-1.49205,Nuit sans éclairage public,Hors agglomération,Hors intersection,Normale,Deux véhicules - frontale,,,,,,,,,,,3,1,1,1.0,1.0
201000002644,0010-02-24 22:45:00,10,2,24,22,45,500,353,ROUTE DE LA DIGUE,48.626,-1.50817,Nuit sans éclairage public,Hors agglomération,Hors intersection,Vent fort / tempête,Autre collision,,,,,,,,,,,3,1,1,6.0,6.0
201000002645,0010-03-24 09:30:00,10,3,24,9,30,500,347,LE BAS DES RIVIERES,48.5232,-1.3145,Plein jour,Hors agglomération,Hors intersection,Pluie légère,Deux véhicules - frontale,,,,,,,,,,,1,1,1,2.0,1.0
201000002646,0010-04-24 06:00:00,10,4,24,6,0,500,487,,48.5319,-1.33058,Nuit sans éclairage public,Hors agglomération,Hors intersection,Normale,Sans collision,,,,,,,,,,,3,1,1,1.0,7.0
201000002647,0010-05-19 12:15:00,10,5,19,12,15,500,553,LA HYAULE,48.5553,-1.33148,Plein jour,Hors agglomération,Intersection en T,Normale,Deux véhicules - côté,,,,,,,,,,,1,1,3,1.0,3.0
201000002648,0010-06-09 17:15:00,10,6,9,17,15,500,168,LA TOUCHE,48.6118,-1.29681,Plein jour,Hors agglomération,Intersection en X,Normale,Deux véhicules - côté,,,,,,,,,,,1,1,2,1.0,3.0
201000002649,0010-08-18 14:30:00,10,8,18,14,30,500,331,,48.5849,-1.51126,Plein jour,Hors agglomération,Hors intersection,Normale,Autre collision,,,,,,,,,,,1,1,1,1.0,6.0
201000002650,0010-08-29 16:30:00,10,8,29,16,30,500,410,,48.5817,-1.50472,Plein jour,Hors agglomération,Intersection en T,Normale,Deux véhicules - côté,,,,,,,,,,,1,1,3,1.0,3.0
201000002651,0010-09-17 22:00:00,10,9,17,22,0,500,132,BARDET,48.6291,-1.26764,Nuit sans éclairage public,Hors agglomération,Hors intersection,Normale,Sans collision,,,,,,,,,,,3,1,1,1.0,7.0
201000002652,0010-09-17 08:45:00,10,9,17,8,45,500,157,,48.5557,-1.45589,Plein jour,Hors agglomération,Intersection en T,Temps éblouissant,Deux véhicules - frontale,,,,,,,,,,,1,1,3,7.0,1.0
201000002653,0010-10-17 00:15:00,10,10,17,0,15,500,290,LE MEE ROBERT,48.658,-1.23423,Nuit sans éclairage public,Hors agglomération,Hors intersection,Pluie légère,Autre collision,,,,,,,,,,,3,1,1,2.0,6.0
201000002654,0010-11-08 22:30:00,10,11,8,22,30,500,353,LA CASERNE,48.6208,-1.51046,Nuit sans éclairage public,Hors agglomération,Hors intersection,Normale,Autre collision,,,,,,,,,,,3,1,1,1.0,6.0
201000002655,0010-11-20 10:30:00,10,11,20,10,30,500,410,RUE COUESNON,48.5529,-1.51088,Plein jour,En agglomération,Hors intersection,Normale,Autre collision,,,,,,,,,,,1,2,1,1.0,6.0
201000002656,0010-12-16 17:30:00,10,12,16,17,30,500,168,LES BAS JARDIN,48.6168,-1.27263,Nuit sans éclairage public,Hors agglomération,Autre intersection,Pluie forte,Deux véhicules - frontale,,,,,,,,,,,3,1,9,3.0,1.0
201000002657,0010-12-25 17:30:00,10,12,25,17,30,500,487,RUE DE LA LIBÉRATION,48.5242,-1.32425,Nuit avec éclairage allumé,En agglomération,Hors intersection,Normale,Autre collision,,,,,,,,,,,5,2,1,1.0,6.0
201000002658,0010-02-19 13:45:00,10,2,19,13,45,500,130,55 ROUTE DES LANDES,48.7918,-1.19631,Plein jour,En agglomération,Intersection en X,Normale,Deux véhicules - côté,,,,,,,,,,,1,2,2,1.0,3.0
201000002659,0010-04-19 18:45:00,10,4,19,18,45,500,158,LES TOUVIERES,48.7206,-1.09131,Plein jour,Hors agglomération,Intersection en T,Normale,Deux véhicules - côté,,,,,,,,,,,1,1,3,1.0,3.0
201000002660,0010-05-17 14:15:00,10,5,17,14,15,500,74,LE PONT ROULLAND,48.7222,-1.15318,Plein jour,Hors agglomération,Hors intersection,Normale,Sans collision,,,,,,,,,,,1,1,1,1.0,7.0
201000002661,0010-05-23 11:15:00,10,5,23,11,15,500,639,76 RUE DU GÉNÉRAL HUARD,48.8416,-1.22014,Plein jour,En agglomération,Hors intersection,Normale,Deux véhicules - côté,,,,,,,,,,,1,2,1,1.0,3.0
201000002662,0010-07-29 21:00:00,10,7,29,21,0,500,639,RESIDENCE LA PILIERE,48.8457,-1.22879,Plein jour,En agglomération,Hors intersection,Normale,Autre collision,,,,,,,,,,,1,2,1,1.0,6.0
201000002663,0010-08-30 07:30:00,10,8,30,7,30,500,628,LA FLEURIERE,48.7156,-1.22484,Crépuscule ou aube,En agglomération,Hors intersection,Normale,Deux véhicules - frontale,,,,,,,,,,,2,2,1,1.0,1.0
201000002664,0010-09-30 20:45:00,10,9,30,20,45,500,74,LA DOISNELLIERE,48.7353,-1.17842,Nuit sans éclairage public,Hors agglomération,Hors intersection,Normale,Deux véhicules - frontale,,,,,,,,,,,3,1,1,1.0,1.0
201000002665,0010-10-22 08:30:00,10,10,22,8,30,500,118,LE PONT DU GUIBEL,48.8363,-1.35141,Plein jour,Hors agglomération,Intersection en X,Normale,Deux véhicules - arrière,,,,,,,,,,,1,1,2,1.0,2.0
201000002666,0010-01-18 07:45:00,10,1,18,7,45,500,599,ROUTE DES CHENETS,49.5843,-1.59951,Nuit sans éclairage public,Hors agglomération,Intersection en T,Brouillard / fumée,Deux véhicules - côté,,,,,,,,,,,3,1,3,5.0,3.0
201000002667,0010-02-15 16:45:00,10,2,15,16,45,500,220,,49.6598,-1.82187,Plein jour,En agglomération,Intersection en T,Pluie légère,Deux véhicules - côté,,,,,,,,,,,1,2,3,2.0,3.0
201000002668,0010-03-13 12:30:00,10,3,13,12,30,500,294,,49.6005,-1.6676,Plein jour,Hors agglomération,Intersection en T,Normale,Deux véhicules - côté,,,,,,,,,,,1,1,3,1.0,3.0
201000002669,0010-06-13 11:45:00,10,6,13,11,45,500,41,,49.6589,-1.84241,Plein jour,En agglomération,Hors intersection,Normale,Trois véhicules et plus - collisions multiples,,,,,,,,,,,1,2,1,1.0,5.0
201000002670,0010-06-19 21:15:00,10,6,19,21,15,500,611,,49.6778,-1.76028,Plein jour,En agglomération,Hors intersection,Normale,Deux véhicules - frontale,,,,,,,,,,,1,2,1,1.0,1.0
201000002671,0010-06-30 10:45:00,10,6,30,10,45,500,294,,49.5927,-1.67593,Plein jour,Hors agglomération,Hors intersection,Normale,Deux véhicules - frontale,,,,,,,,,,,1,1,1,1.0,1.0
201000002672,0010-07-20 22:20:00,10,7,20,22,20,500,41,,49.6575,-1.81555,Nuit sans éclairage public,Hors agglomération,Hors intersection,Pluie légère,Sans collision,,,,,,,,,,,3,1,1,2.0,7.0
201000002673,0010-07-30 23:45:00,10,7,30,23,45,500,220,RUE MOREL,49.6716,-1.79206,Nuit sans éclairage public,Hors agglomération,Hors intersection,Normale,Autre collision,,,,,,,,,,,3,1,1,1.0,6.0
201000002674,0010-12-21 17:30:00,10,12,21,17,30,500,460,,49.6442,-1.77167,Nuit sans éclairage public,Hors agglomération,Intersection en X,Temps couvert,Deux véhicules - arrière,,,,,,,,,,,3,1,2,8.0,2.0
201000002675,0010-02-01 08:15:00,10,2,1,8,15,500,435,LE PONT DES OSERAIES,49.495,-1.60854,Crépuscule ou aube,Hors agglomération,Hors intersection,Autre,Autre collision,,,,,,,,,,,2,1,1,9.0,6.0
201000002676,0010-02-18 18:45:00,10,2,18,18,45,500,402,LE BUT,49.5031,-1.80117,Nuit sans éclairage public,Hors agglomération,Intersection en X,Pluie légère,Deux véhicules - côté,,,,,,,,,,,3,1,2,2.0,3.0
201000002677,0010-06-10 12:45:00,10,6,10,12,45,500,442,RUE CENTRALE,49.4858,-1.82902,Plein jour,En agglomération,Hors intersection,Pluie légère,Deux véhicules - frontale,,,,,,,,,,,1,2,1,2.0,1.0
201000002678,0010-06-22 07:15:00,10,6,22,7,15,500,332,,49.4115,-1.78344,Plein jour,Hors agglomération,Hors intersection,Normale,Deux véhicules - frontale,,,,,,,,,,,1,1,1,1.0,1.0
201000002679,0010-07-02 23:45:00,10,7,2,23,45,500,396,LE PONT SAINT PAUL,49.4404,-1.6532,Nuit sans éclairage public,Hors agglomération,Hors intersection,Normale,Deux véhicules - frontale,,,,,,,,,,,3,1,1,1.0,1.0
201000002680,0010-09-24 10:15:00,10,9,24,10,15,500,45,LA MALAISERIE,49.5356,-1.77526,Plein jour,Hors agglomération,Hors intersection,Pluie légère,Autre collision,,,,,,,,,,,1,1,1,2.0,6.0
201000002681,0010-12-28 14:45:00,10,12,28,14,45,500,425,LA REGALE,49.5127,-1.68095,Plein jour,Hors agglomération,Intersection en X,Pluie légère,Deux véhicules - côté,,,,,,,,,,,1,1,2,2.0,3.0
201000002682,0010-01-21 07:45:00,10,1,21,7,45,500,341,,49.4878,-1.37601,Nuit avec éclairage allumé,En agglomération,Intersection en X,Brouillard / fumée,Deux véhicules - frontale,,,,,,,,,,,5,2,2,5.0,1.0
201000002683,0010-04-30 20:00:00,10,4,30,20,0,500,467,LA GUINGUETTE,49.4946,-1.37145,Plein jour,Hors agglomération,Hors intersection,Normale,Deux véhicules - arrière,,,,,,,,,,,1,1,1,1.0,2.0
201000002684,0010-05-13 16:30:00,10,5,13,16,30,500,370,LA BELLE MANIERE,49.4265,-1.58322,Plein jour,Hors agglomération,Intersection en X,Normale,Deux véhicules - côté,,,,,,,,,,,1,1,2,1.0,3.0
201000002685,0010-06-19 20:00:00,10,6,19,20,0,500,551,,49.3521,-1.53303,Plein jour,Hors agglomération,Hors intersection,Normale,Sans collision,,,,,,,,,,,1,1,1,1.0,7.0
201000002686,0010-09-05 12:00:00,10,9,5,12,0,500,421,BOULEVARD DES GOUGINS,49.512,-1.28378,Plein jour,En agglomération,Hors intersection,Normale,Deux véhicules - arrière,,,,,,,,,,,1,2,1,1.0,2.0
201000002687,0010-09-25 17:45:00,10,9,25,17,45,500,400,FERME DE BETHANIE,49.3729,-1.39829,Plein jour,Hors agglomération,Hors intersection,Normale,Autre collision,,,,,,,,,,,1,1,1,1.0,6.0
201000002688,0010-10-01 01:15:00,10,10,1,1,15,500,175,,49.4633,-1.40366,Nuit sans éclairage public,Hors agglomération,Hors intersection,Normale,Autre collision,,,,,,,,,,,3,1,1,1.0,6.0
201000002689,0010-10-19 15:45:00,10,10,19,15,45,500,258,HAMEAU JORET,49.4761,-1.35868,Plein jour,Hors agglomération,Hors intersection,Normale,Deux véhicules - frontale,,,,,,,,,,,1,1,1,1.0,1.0
201000002690,0010-11-19 08:45:00,10,11,19,8,45,500,177,,49.378,-1.42467,Plein jour,Hors agglomération,Intersection en X,Temps éblouissant,Deux véhicules - côté,,,,,,,,,,,1,1,2,7.0,3.0
201000002691,0010-12-24 19:45:00,10,12,24,19,45,500,523,BAUDIENVILLE,49.428,-1.30513,Nuit sans éclairage public,Hors agglomération,Hors intersection,Normale,Trois véhicules et plus - collisions multiples,,,,,,,,,,,3,1,1,1.0,5.0
201000002692,0010-01-02 18:15:00,10,1,2,18,15,500,615,BD DIVISION LECLERC,49.5091,-1.47068,Nuit avec éclairage allumé,En agglomération,Hors intersection,Normale,Autre collision,,,,,,,,,,,5,2,1,1.0,6.0
201000002693,0010-01-26 18:30:00,10,1,26,18,30,500,162,LA CROIX DE FRESVILLE,49.6189,-1.53674,Nuit avec éclairage allumé,Hors agglomération,Hors intersection,Normale,Deux véhicules - frontale,,,,,,,,,,,5,1,1,1.0,1.0
201000002694,0010-02-12 13:30:00,10,2,12,13,30,500,150,LE LASNIER,49.5512,-1.31757,Plein jour,Hors agglomération,Hors intersection,Normale,Autre collision,,,,,,,,,,,1,1,1,1.0,6.0
201000002695,0010-03-01 09:15:00,10,3,1,9,15,500,567,LE POTEAU,49.5857,-1.51494,Plein jour,Hors agglomération,Intersection en X,Temps éblouissant,Deux véhicules - côté,,,,,,,,,,,1,1,2,7.0,3.0
201000002696,0010-03-11 16:15:00,10,3,11,16,15,500,469,LA CROIX DEVIN,49.6513,-1.30579,Plein jour,Hors agglomération,Intersection en X,Normale,Deux véhicules - côté,,,,,,,,,,,1,1,2,1.0,3.0
201000002697,0010-03-31 14:00:00,10,3,31,14,0,500,87,,49.5499,-1.55904,Plein jour,Hors agglomération,Intersection en X,Normale,Deux véhicules - côté,,,,,,,,,,,1,1,2,1.0,3.0
201000002698,0010-04-11 05:45:00,10,4,11,5,45,500,498,LES FLAMANDS,49.5252,-1.5472,Nuit sans éclairage public,Hors agglomération,Hors intersection,Normale,Autre collision,,,,,,,,,,,3,1,1,1.0,6.0
201000002699,0010-04-25 12:30:00,10,4,25,12,30,500,395,ESCARBOVILLE,49.6105,-1.29268,Plein jour,Hors agglomération,Hors intersection,Normale,Deux véhicules - frontale,,,,,,,,,,,1,1,1,1.0,1.0
201000002700,0010-05-02 22:30:00,10,5,2,22,30,500,209,,49.6453,-1.45519,Nuit sans éclairage public,Hors agglomération,Hors intersection,Normale,Autre collision,,,,,,,,,,,3,1,1,1.0,6.0
201000002701,0010-05-14 18:00:00,10,5,14,18,0,500,342,,49.6479,-1.26303,Plein jour,Hors agglomération,Intersection en X,Normale,Deux véhicules - côté,,,,,,,,,,,1,1,2,1.0,3.0
201000002702,0010-06-08 06:30:00,10,6,8,6,30,500,87,204 ROUTE DU MONT FANU,49.5599,-1.61748,Plein jour,Hors agglomération,Hors intersection,Normale,Sans collision,,,,,,,,,,,1,1,1,1.0,7.0
201000002703,0010-07-14 19:30:00,10,7,14,19,30,500,615,ROUTE DE BRICQUEBEC,49.5023,-1.48881,Plein jour,Hors agglomération,Intersection en T,Normale,Deux véhicules - côté,,,,,,,,,,,1,1,3,1.0,3.0
201000002704,0010-07-17 14:00:00,10,7,17,14,0,500,150,PLACE DU CENTRE VILLE,49.5429,-1.34996,Plein jour,En agglomération,Hors intersection,Normale,Autre collision,,,,,,,,,,,1,2,1,1.0,6.0
201000002705,0010-08-14 10:45:00,10,8,14,10,45,500,335,LES AUVRAYS,49.5622,-1.39169,Plein jour,Hors agglomération,Hors intersection,Pluie légère,Deux véhicules - frontale,,,,,,,,,,,1,1,1,2.0,1.0
201000002706,0010-08-31 23:30:00,10,8,31,23,30,500,417,BOIS DU RABEY,49.5837,-1.33639,Nuit sans éclairage public,Hors agglomération,Hors intersection,Normale,Autre collision,,,,,,,,,,,3,1,1,1.0,6.0
201000002707,0010-09-15 09:30:00,10,9,15,9,30,500,77,ROUTE TOURISTIQUE,49.6567,-1.52152,Plein jour,En agglomération,Hors intersection,Temps éblouissant,Deux véhicules - frontale,,,,,,,,,,,1,2,1,7.0,1.0
201000002708,0010-10-24 14:30:00,10,10,24,14,30,500,615,BOULEVARD TIVOLI,49.5096,-1.47331,Plein jour,Hors agglomération,Hors intersection,Normale,Deux véhicules - frontale,,,,,,,,,,,1,1,1,1.0,1.0
201000002709,0010-11-16 14:30:00,10,11,16,14,30,500,417,RUE DU RABEY,49.5914,-1.30901,Plein jour,En agglomération,Hors intersection,Normale,Deux véhicules - arrière,,,,,,,,,,,1,2,1,1.0,2.0
201000002710,0010-11-22 17:15:00,10,11,22,17,15,500,615,BOULEVARD DU 08 MAI 1945,49.5037,-1.46363,Crépuscule ou aube,En agglomération,Hors intersection,Pluie légère,Autre collision,,,,,,,,,,,2,2,1,2.0,6.0
201000002711,0010-11-25 22:30:00,10,11,25,22,30,500,598,RUE ALEXIS DE TOCQUEVILL,49.6708,-1.33834,Nuit avec éclairage allumé,En agglomération,Hors intersection,Neige / grêle,Autre collision,,,,,,,,,,,5,2,1,4.0,6.0
201000002712,0010-12-08 11:30:00,10,12,8,11,30,500,417,30 RUE MARECHAL LECLERC,49.5949,-1.30322,Plein jour,En agglomération,Hors intersection,Normale,Autre collision,,,,,,,,,,,1,2,1,1.0,6.0
201000002713,0010-12-08 08:00:00,10,12,8,8,0,500,615,BD DIVISION LECLERC,49.5085,-1.46779,Nuit avec éclairage allumé,En agglomération,Hors intersection,Normale,Autre collision,,,,,,,,,,,5,2,1,1.0,6.0
201000002714,0010-01-20 15:30:00,10,1,20,15,30,500,389,LA BUTTE FUMEE,49.0127,-1.36168,Plein jour,Hors agglomération,Intersection en X,Temps éblouissant,Deux véhicules - côté,,,,,,,,,,,1,1,2,7.0,3.0
201000002715,0010-04-07 10:45:00,10,4,7,10,45,500,389,LA FORGE DURAND,49.0174,-1.39135,Plein jour,Hors agglomération,Hors intersection,Normale,Autre collision,,,,,,,,,,,1,1,1,1.0,6.0
201000002716,0010-05-08 06:00:00,10,5,8,6,0,500,215,LES FORGES,49.0865,-1.58557,Crépuscule ou aube,Hors agglomération,Hors intersection,Normale,Autre collision,,,,,,,,,,,2,1,1,1.0,6.0
201000002717,0010-05-09 18:00:00,10,5,9,18,0,500,215,,49.093,-1.59947,Plein jour,Hors agglomération,Intersection en X,Normale,Deux véhicules - côté,,,,,,,,,,,1,1,2,1.0,3.0
201000002718,0010-05-20 13:30:00,10,5,20,13,30,500,61,LA CLERQUERIE,49.0846,-1.54582,Plein jour,Hors agglomération,Intersection en T,Normale,Deux véhicules - côté,,,,,,,,,,,1,1,3,1.0,3.0
201000002719,0010-05-26 12:00:00,10,5,26,12,0,500,84,ROCADE DE COUTANCES,49.0321,-1.46199,Plein jour,Hors agglomération,Hors intersection,Pluie forte,Sans collision,,,,,,,,,,,1,1,1,3.0,7.0
201000002720,0010-05-26 21:00:00,10,5,26,21,0,500,438,HOTEL DURAND,49.1172,-1.44625,Crépuscule ou aube,Hors agglomération,Hors intersection,Normale,Deux véhicules - frontale,,,,,,,,,,,2,1,1,1.0,1.0
201000002721,0010-07-18 19:45:00,10,7,18,19,45,500,603,,49.0449,-1.55504,Crépuscule ou aube,Hors agglomération,Hors intersection,Temps éblouissant,Deux véhicules - frontale,,,,,,,,,,,2,1,1,7.0,1.0
201000002722,0010-07-28 18:15:00,10,7,28,18,15,500,215,,49.0992,-1.60898,Plein jour,Hors agglomération,Place,Temps couvert,Sans collision,,,,,,,,,,,1,1,7,8.0,7.0
201000002723,0010-07-28 18:00:00,10,7,28,18,0,500,58,LA HERONNERIE,49.0764,-1.58603,Plein jour,Hors agglomération,Intersection en X,Normale,Deux véhicules - côté,,,,,,,,,,,1,1,2,1.0,3.0
201000002724,0010-08-01 23:45:00,10,8,1,23,45,500,111,LE COTON,49.0418,-1.27134,Nuit sans éclairage public,Hors agglomération,Intersection en X,Normale,Deux véhicules - côté,,,,,,,,,,,3,1,2,1.0,3.0
201000002725,0010-08-15 23:00:00,10,8,15,23,0,500,389,LA FORGE DURAND,49.0181,-1.39282,Nuit sans éclairage public,Hors agglomération,Hors intersection,Normale,Autre collision,,,,,,,,,,,3,1,1,1.0,6.0
201000002726,0010-09-10 08:00:00,10,9,10,8,0,500,340,VILLAGE LA GUESNONNIERE,49.1078,-1.35019,Plein jour,Hors agglomération,Hors intersection,Normale,Sans collision,,,,,,,,,,,1,1,1,1.0,7.0
201000002727,0010-09-17 17:00:00,10,9,17,17,0,500,215,ROUTE DE MONTSURVENT,49.0971,-1.58087,Plein jour,En agglomération,Intersection en T,Temps éblouissant,Autre collision,,,,,,,,,,,1,2,3,7.0,6.0
201000002728,0010-09-17 13:15:00,10,9,17,13,15,500,58,HOTEL AUX LOUPS,49.069,-1.55136,Plein jour,Hors agglomération,Hors intersection,Normale,Sans collision,,,,,,,,,,,1,1,1,1.0,7.0
201000002729,0010-10-20 09:45:00,10,10,20,9,45,500,603,L'OISELIERE,49.0548,-1.50359,Plein jour,Hors agglomération,Hors intersection,Normale,Deux véhicules - arrière,,,,,,,,,,,1,1,1,1.0,2.0
201000002730,0010-12-17 09:45:00,10,12,17,9,45,500,550,LA VALLEE,49.1533,-1.41203,Plein jour,Hors agglomération,Hors intersection,Neige / grêle,Deux véhicules - frontale,,,,,,,,,,,1,1,1,4.0,1.0
201000002731,0010-01-20 10:45:00,10,1,20,10,45,500,419,RUE DU GENERAL DE GAULLE,48.973,-1.46801,Plein jour,En agglomération,Hors intersection,Temps couvert,Autre collision,,,,,,,,,,,1,2,1,8.0,6.0
201000002732,0010-02-01 18:30:00,10,2,1,18,30,500,109,LE MONT AU NID,48.9089,-1.46297,Nuit sans éclairage public,Hors agglomération,Hors intersection,Temps couvert,Deux véhicules - frontale,,,,,,,,,,,3,1,1,8.0,1.0
201000002733,0010-02-08 08:00:00,10,2,8,8,0,500,266,LE BOURG,48.9338,-1.38067,Crépuscule ou aube,En agglomération,Intersection en X,Temps couvert,Deux véhicules - côté,,,,,,,,,,,2,2,2,8.0,3.0
201000002734,0010-02-17 16:15:00,10,2,17,16,15,500,419,21 ROUTE DE MONCEAUX,48.9719,-1.44747,Plein jour,Hors agglomération,Intersection en T,Normale,Deux véhicules - côté,,,,,,,,,,,1,1,3,1.0,3.0
201000002735,0010-04-03 11:00:00,10,4,3,11,0,500,109,RUE PRINCIPALE,48.9147,-1.43786,Plein jour,En agglomération,Hors intersection,Normale,Autre collision,,,,,,,,,,,1,2,1,1.0,6.0
201000002736,0010-04-13 13:15:00,10,4,13,13,15,500,463,RUE DES VENDEENS,48.9402,-1.32934,Plein jour,En agglomération,Intersection en T,Normale,Deux véhicules - côté,,,,,,,,,,,1,2,3,1.0,3.0
201000002737,0010-04-27 12:00:00,10,4,27,12,0,500,143,LA CAUSSERIE,48.8852,-1.51759,Plein jour,Hors agglomération,Hors intersection,Normale,Deux véhicules - frontale,,,,,,,,,,,1,1,1,1.0,1.0
201000002738,0010-06-11 19:00:00,10,6,11,19,0,500,252,LE BOIS D'ONTOT,48.8754,-1.46713,Plein jour,Hors agglomération,Hors intersection,Pluie légère,Autre collision,,,,,,,,,,,1,1,1,2.0,6.0
201000002739,0010-06-22 19:45:00,10,6,22,19,45,500,365,LA COUTURE,48.9313,-1.49289,Plein jour,Hors agglomération,Hors intersection,Normale,Autre collision,,,,,,,,,,,1,1,1,1.0,6.0
201000002740,0010-06-30 07:45:00,10,6,30,7,45,500,419,LA RAMPOTIERE,48.9754,-1.48579,Plein jour,Hors agglomération,Intersection en T,Normale,Deux véhicules - côté,,,,,,,,,,,1,1,3,1.0,3.0
201000002741,0010-07-09 17:30:00,10,7,9,17,30,500,419,LA LANDE PREMESNIL,48.9836,-1.46852,Plein jour,Hors agglomération,Intersection en T,Normale,Trois véhicules et plus - en chaîne,,,,,,,,,,,1,1,3,1.0,4.0
201000002742,0010-07-15 10:15:00,10,7,15,10,15,500,140,MONTCEAUX,48.9744,-1.4431,Plein jour,Hors agglomération,Intersection en X,Normale,Deux véhicules - côté,,,,,,,,,,,1,1,2,1.0,3.0
201000002743,0010-08-04 06:45:00,10,8,4,6,45,500,252,LA TROCHE,48.8695,-1.45406,Plein jour,Hors agglomération,Hors intersection,Temps couvert,Autre collision,,,,,,,,,,,1,1,1,8.0,6.0
201000002744,0010-08-08 18:45:00,10,8,8,18,45,500,143,LE VILLAGE GARNIER,48.8797,-1.54049,Plein jour,Hors agglomération,Hors intersection,Normale,Autre collision,,,,,,,,,,,1,1,1,1.0,6.0
201000002745,0010-08-13 16:30:00,10,8,13,16,30,500,272,RUE DU 7 JUILLET,48.9356,-1.52663,Plein jour,Hors agglomération,Intersection en X,Normale,Autre collision,,,,,,,,,,,1,1,2,1.0,6.0
201000002746,0010-08-30 14:45:00,10,8,30,14,45,500,120,,48.8987,-1.48709,Plein jour,En agglomération,Hors intersection,Normale,Deux véhicules - frontale,,,,,,,,,,,1,2,1,1.0,1.0
201000002747,0010-09-01 17:15:00,10,9,1,17,15,500,197,RUE DU VALJOIE,48.911,-1.34729,Plein jour,En agglomération,Hors intersection,Normale,Deux véhicules - frontale,,,,,,,,,,,1,2,1,1.0,1.0
201000002748,0010-09-02 17:00:00,10,9,2,17,0,500,255,,48.9882,-1.50506,Plein jour,Hors agglomération,Intersection en T,Temps éblouissant,Deux véhicules - frontale,,,,,,,,,,,1,1,3,7.0,1.0