accident_id,datetime,annee,mois,jour,heure,minute,departement,commune_insee,adresse,latitude,longitude,luminosite,agglomeration,intersection,meteo,collision,nb_vehicules,nb_usagers,nb_indemnes,nb_tues,nb_blesses_hosp,nb_blesses_legers,age_cond_1,age_cond_2,veh_type_cond_1,veh_type_cond_2,lum_code,agg_code,int_code,atm_code,col_code
201000002749,0010-09-08 16:30:00,10,9,8,16,30,500,76,CÂLE D'ACCÈS A LA MER,48.903,-1.56905,Plein jour,En agglomération,Autre intersection,Normale,Autre collision,,,,,,,,,,,1,2,9,1.0,6.0
201000002750,0010-11-04 18:00:00,10,11,4,18,0,500,605,CARREFOUR DE LA FRANCE,48.965,-1.44227,Crépuscule ou aube,Hors agglomération,Intersection en X,Pluie légère,Deux véhicules - frontale,,,,,,,,,,,2,1,2,2.0,1.0
201000002751,0010-11-05 17:30:00,10,11,5,17,30,500,76,,48.8959,-1.50256,Crépuscule ou aube,Hors agglomération,Intersection en X,Normale,Deux véhicules - côté,,,,,,,,,,,2,1,2,1.0,3.0
201000002752,0010-11-24 15:30:00,10,11,24,15,30,500,326,,48.8634,-1.31925,Plein jour,Hors agglomération,Hors intersection,Pluie légère,Deux véhicules - frontale,,,,,,,,,,,1,1,1,2.0,1.0
201000002753,0010-03-07 14:15:00,10,3,7,14,15,500,481,,49.2331,-1.57366,Plein jour,Hors agglomération,Intersection en X,Normale,Deux véhicules - côté,,,,,,,,,,,1,1,2,1.0,3.0
201000002754,0010-04-15 17:15:00,10,4,15,17,15,500,198,HAVRE DE GEFFOSSES,49.136,-1.5917,Plein jour,Hors agglomération,Hors intersection,Normale,Deux véhicules - frontale,,,,,,,,,,,1,1,1,1.0,1.0
201000002755,0010-04-30 09:15:00,10,4,30,9,15,500,63,,49.2965,-1.59447,Plein jour,Hors agglomération,Hors intersection,Normale,Deux véhicules - frontale,,,,,,,,,,,1,1,1,1.0,1.0
201000002756,0010-07-05 21:15:00,10,7,5,21,15,500,552,ROUTE DE CARENTAN,49.2004,-1.38022,Plein jour,Hors agglomération,Hors intersection,Normale,Sans collision,,,,,,,,,,,1,1,1,1.0,7.0
201000002757,0010-08-28 12:15:00,10,8,28,12,15,500,642,,49.3381,-1.42989,Plein jour,Hors agglomération,Intersection en X,Normale,Deux véhicules - arrière,,,,,,,,,,,1,1,2,1.0,2.0
201000002758,0010-08-29 20:15:00,10,8,29,20,15,500,267,,49.2115,-1.51841,Plein jour,Hors agglomération,Hors intersection,Normale,Deux véhicules - côté,,,,,,,,,,,1,1,1,1.0,3.0
201000002759,0010-11-07 09:00:00,10,11,7,9,0,500,403,,49.1679,-1.51582,Plein jour,Hors agglomération,Hors intersection,Neige / grêle,Autre collision,,,,,,,,,,,1,1,1,4.0,6.0
201000002760,0010-11-25 12:15:00,10,11,25,12,15,500,151,,49.2206,-1.56706,Plein jour,Hors agglomération,Hors intersection,Temps couvert,Trois véhicules et plus - collisions multiples,,,,,,,,,,,1,1,1,8.0,5.0
201000002761,0010-12-27 10:15:00,10,12,27,10,15,500,394,BD 8 JUIN/R A. REGNAULT,49.1843,-1.40661,Plein jour,En agglomération,Intersection en X,Temps couvert,Deux véhicules - côté,,,,,,,,,,,1,2,2,8.0,3.0
201000002762,0010-01-16 07:00:00,10,1,16,7,0,500,29,LA CHESNAIE,48.6094,-0.86137,Nuit sans éclairage public,Hors agglomération,Hors intersection,Pluie forte,Autre collision,,,,,,,,,,,3,1,1,3.0,6.0
201000002763,0010-01-23 11:00:00,10,1,23,11,0,500,494,LA BUTTE,48.6172,-0.88075,Plein jour,Hors agglomération,Hors intersection,Temps couvert,Deux véhicules - côté,,,,,,,,,,,1,1,1,8.0,3.0
201000002764,0010-03-12 22:45:00,10,3,12,22,45,500,582,75  RUE DE MORTAIN,48.7201,-0.92205,Nuit avec éclairage allumé,En agglomération,Hors intersection,Normale,Autre collision,,,,,,,,,,,5,2,1,1.0,6.0
201000002765,0010-04-06 17:30:00,10,4,6,17,30,500,359,2 AV DE L'ABBAYE BLANCHE,48.6546,-0.94136,Plein jour,Hors agglomération,Hors intersection,Normale,Deux véhicules - côté,,,,,,,,,,,1,1,1,1.0,3.0
201000002766,0010-05-14 17:45:00,10,5,14,17,45,500,43,LA BAGOTIERE,48.672,-0.99426,Plein jour,Hors agglomération,Hors intersection,Normale,Sans collision,,,,,,,,,,,1,1,1,1.0,7.0
201000002767,0010-09-23 16:45:00,10,9,23,16,45,500,381,LE HAUT MESNIL,48.5625,-0.96208,Plein jour,Hors agglomération,Hors intersection,Normale,Sans collision,,,,,,,,,,,1,1,1,1.0,7.0
201000002768,0010-10-02 15:45:00,10,10,2,15,45,500,29,54 RUE ROBERT SCHUMANN,48.5995,-0.83392,Plein jour,En agglomération,Hors intersection,Pluie forte,Autre collision,,,,,,,,,,,1,2,1,3.0,6.0
201000002769,0010-10-07 15:15:00,10,10,7,15,15,500,436,LES RONCIERS,48.6371,-0.95177,Plein jour,Hors agglomération,Intersection en X,Normale,Deux véhicules - côté,,,,,,,,,,,1,1,2,1.0,3.0
201000002770,0010-11-20 09:00:00,10,11,20,9,0,500,29,LA TOUCHARDIERE,48.6076,-0.85686,Plein jour,Hors agglomération,Hors intersection,Normale,Deux véhicules - frontale,,,,,,,,,,,1,1,1,1.0,1.0
201000002771,0010-11-28 12:15:00,10,11,28,12,15,500,195,LA ROCHE,48.755,-0.9471,Plein jour,Hors agglomération,Intersection en T,Autre,Deux véhicules - côté,,,,,,,,,,,1,1,3,9.0,3.0
201000002772,0010-11-29 18:45:00,10,11,29,18,45,500,359,AVENUE ABBAYE BLANCHE,48.653,-0.94099,Nuit avec éclairage allumé,En agglomération,Hors intersection,Normale,Autre collision,,,,,,,,,,,5,2,1,1.0,6.0
201000002773,0010-02-12 15:30:00,10,2,12,15,30,500,484,RUE ZIERIKZEE,48.5791,-1.0927,Plein jour,En agglomération,Hors intersection,Normale,Autre collision,,,,,,,,,,,1,2,1,1.0,6.0
201000002774,0010-03-21 16:00:00,10,3,21,16,0,500,322,LES 5 TOURNEES,48.6017,-1.20436,Plein jour,Hors agglomération,Hors intersection,Normale,Deux véhicules - frontale,,,,,,,,,,,1,1,1,1.0,1.0
201000002775,0010-05-20 19:30:00,10,5,20,19,30,500,256,LA MARCHE,48.6345,-1.11791,Plein jour,Hors agglomération,Hors intersection,Normale,Sans collision,,,,,,,,,,,1,1,1,1.0,7.0
201000002776,0010-05-23 06:30:00,10,5,23,6,30,500,256,RUE PAIN D'AVAINE,48.6193,-1.17195,Crépuscule ou aube,En agglomération,Hors intersection,Normale,Sans collision,,,,,,,,,,,2,2,1,1.0,7.0
201000002777,0010-07-03 22:35:00,10,7,3,22,35,500,274,,48.5595,-1.09404,Crépuscule ou aube,Hors agglomération,Hors intersection,Normale,Deux véhicules - arrière,,,,,,,,,,,2,1,1,1.0,2.0
201000002778,0010-08-19 13:00:00,10,8,19,13,0,500,256,LES CINQ TOURNEES,48.5981,-1.19589,Plein jour,Hors agglomération,Hors intersection,Normale,Deux véhicules - frontale,,,,,,,,,,,1,1,1,1.0,1.0
201000002779,0010-09-18 15:45:00,10,9,18,15,45,500,452,LE ROCHELET,48.5552,-1.11874,Plein jour,Hors agglomération,Intersection en T,Normale,Deux véhicules - frontale,,,,,,,,,,,1,1,3,1.0,1.0
201000002780,0010-09-30 21:30:00,10,9,30,21,30,500,484,51 RUE JEAN BURGOT,48.5795,-1.09406,Nuit avec éclairage non allumé,En agglomération,Hors intersection,Temps couvert,Autre collision,,,,,,,,,,,4,2,1,8.0,6.0
201000002781,0010-10-16 19:00:00,10,10,16,19,0,500,515,LA ROUSSELIERE,48.5728,-1.17978,Nuit sans éclairage public,Hors agglomération,Hors intersection,Normale,Deux véhicules - frontale,,,,,,,,,,,3,1,1,1.0,1.0
201000002782,0010-10-22 16:30:00,10,10,22,16,30,500,315,LA FICHETIERE,48.6304,-1.06451,Plein jour,Hors agglomération,Intersection en T,Normale,Deux véhicules - côté,,,,,,,,,,,1,1,3,1.0,3.0
201000002783,0010-10-28 10:15:00,10,10,28,10,15,500,263,LE BOIS LEGER,48.5452,-1.00918,Plein jour,Hors agglomération,Hors intersection,Normale,Autre collision,,,,,,,,,,,1,1,1,1.0,6.0
201000002784,0010-10-28 12:15:00,10,10,28,12,15,500,570,LE MOULIN DU PRE,48.5044,-1.03482,Plein jour,Hors agglomération,Hors intersection,Normale,Autre collision,,,,,,,,,,,1,1,1,1.0,6.0
201000002785,0010-11-10 18:45:00,10,11,10,18,45,500,484,77 RUE DE LA REPUBLIQUE,48.5779,-1.09611,Nuit avec éclairage allumé,En agglomération,Hors intersection,Normale,Sans collision,,,,,,,,,,,5,2,1,1.0,7.0
201000002786,0010-11-20 15:15:00,10,11,20,15,15,500,391,LE PONT DE LA BROCHE,48.5925,-1.11545,Plein jour,Hors agglomération,Hors intersection,Normale,Autre collision,,,,,,,,,,,1,1,1,1.0,6.0
201000002787,0010-01-08 15:25:00,10,1,8,15,25,10,451,"4256, MARBOZ RD 996 ( RO",,,Plein jour,Hors agglomération,Hors intersection,Neige / grêle,Deux véhicules - frontale,,,,,,,,,,,1,1,1,4.0,1.0
201000002788,0010-01-20 15:05:00,10,1,20,15,5,10,53,"03, MERCIER (AVENUE AMED",,,Plein jour,En agglomération,Hors intersection,Pluie légère,Deux véhicules - arrière,,,,,,,,,,,1,2,1,2.0,2.0
201000002789,0010-01-22 14:35:00,10,1,22,14,35,10,53,"71 bis, MAGINOT AVENUE",,,Plein jour,En agglomération,Hors intersection,Normale,Autre collision,,,,,,,,,,,1,2,1,1.0,6.0
201000002790,0010-01-24 17:55:00,10,1,24,17,55,10,53,SEMARD ( AVENUE PIE,,,Crépuscule ou aube,En agglomération,Intersection en X,Normale,Deux véhicules - côté,,,,,,,,,,,2,2,2,1.0,3.0
201000002791,0010-01-25 12:00:00,10,1,25,12,0,10,53,SPORTS ((AVENUE DES - N°,,,Plein jour,En agglomération,Hors intersection,Normale,Autre collision,,,,,,,,,,,1,2,1,1.0,6.0
201000002792,0010-01-25 14:05:00,10,1,25,14,5,10,289,"NS, RN75",,,Plein jour,Hors agglomération,Autre intersection,Normale,Trois véhicules et plus - en chaîne,,,,,,,,,,,1,1,9,1.0,4.0
201000002793,0010-01-30 07:40:00,10,1,30,7,40,10,451,"1231, VIEUX FLEYRIAT (CH",,,Plein jour,Hors agglomération,Hors intersection,Normale,Deux véhicules - frontale,,,,,,,,,,,1,1,1,1.0,1.0
201000002794,0010-01-30 18:30:00,10,1,30,18,30,10,344,"NS, CADALLES (CHEMIN DES",,,Nuit sans éclairage public,Hors agglomération,Intersection en X,Normale,Deux véhicules - côté,,,,,,,,,,,3,1,2,1.0,3.0
201000002795,0010-02-04 08:25:00,10,2,4,8,25,10,289,"437, LYON (AVE DE) JUSQ'",,,Plein jour,En agglomération,Intersection en X,Normale,Autre collision,,,,,,,,,,,1,2,2,1.0,6.0
201000002796,0010-02-05 17:00:00,10,2,5,17,0,10,53,AVENUE JEAN JAURES,,,Plein jour,En agglomération,Hors intersection,Normale,Deux véhicules - côté,,,,,,,,,,,1,2,1,1.0,3.0
201000002797,0010-02-08 16:50:00,10,2,8,16,50,10,53,HERRIOT ( BOULEVARD EDOU,,,Plein jour,En agglomération,Hors intersection,Normale,Trois véhicules et plus - en chaîne,,,,,,,,,,,1,2,1,1.0,4.0
201000002798,0010-02-10 10:50:00,10,2,10,10,50,10,344,CABLES DE LYON (RUE DES),,,Plein jour,En agglomération,Hors intersection,Neige / grêle,Autre collision,,,,,,,,,,,1,2,1,4.0,6.0
201000002799,0010-02-10 17:10:00,10,2,10,17,10,10,53,"SANS, JAURES (AVENUE JEA",,,Plein jour,En agglomération,Intersection en T,Normale,Deux véhicules - côté,,,,,,,,,,,1,2,3,1.0,3.0
201000002800,0010-02-11 07:35:00,10,2,11,7,35,10,451,"1347, CRANGEAT ( ROUTE D",,,Crépuscule ou aube,Hors agglomération,Hors intersection,Normale,Deux véhicules - frontale,,,,,,,,,,,2,1,1,1.0,1.0
201000002801,0010-02-09 10:20:00,10,2,9,10,20,10,344,"snr, CHARPINE (RUE DE LA",,,Plein jour,En agglomération,Intersection en T,Neige / grêle,Autre collision,,,,,,,,,,,1,2,3,4.0,6.0
201000002802,0010-02-17 12:05:00,10,2,17,12,5,10,53,"sans, JOLIOT CURIE ( BOU",,,Plein jour,En agglomération,Intersection en X,Normale,Trois véhicules et plus - en chaîne,,,,,,,,,,,1,2,2,1.0,4.0
201000002803,0010-02-21 04:55:00,10,2,21,4,55,10,451,RD 975,,,Nuit avec éclairage allumé,Hors agglomération,Hors intersection,Normale,Autre collision,,,,,,,,,,,5,1,1,1.0,6.0
201000002804,0010-02-22 13:20:00,10,2,22,13,20,10,451,"SANS, MOULIN DE RONDAZ (",,,Plein jour,Hors agglomération,Intersection en Y,Normale,Deux véhicules - frontale,,,,,,,,,,,1,1,4,1.0,1.0
201000002805,0010-02-24 07:40:00,10,2,24,7,40,10,53,"ns, CUEGRES ( CHEMIN DE",,,Crépuscule ou aube,Hors agglomération,Passage à niveau,Normale,Autre collision,,,,,,,,,,,2,1,8,1.0,6.0
201000002806,0010-02-24 15:30:00,10,2,24,15,30,10,53,"sans, MONTREVEL ( RUE CO",,,Plein jour,En agglomération,Intersection en X,Normale,Autre collision,,,,,,,,,,,1,2,2,1.0,6.0
201000002807,0010-02-26 14:20:00,10,2,26,14,20,10,451,"187, MEILLONNAS ( CHEMIN",,,Plein jour,Hors agglomération,Hors intersection,Pluie légère,Deux véhicules - frontale,,,,,,,,,,,1,1,1,2.0,1.0
201000002808,0010-03-04 14:25:00,10,3,4,14,25,10,451,RD 975,,,Plein jour,Hors agglomération,Hors intersection,Normale,Sans collision,,,,,,,,,,,1,1,1,1.0,7.0
201000002809,0010-03-10 10:15:00,10,3,10,10,15,10,451,MARBOZ RD 996 ( ROUTE DE,,,Plein jour,Hors agglomération,Hors intersection,Normale,Deux véhicules - frontale,,,,,,,,,,,1,1,1,1.0,1.0
201000002810,0010-03-10 21:25:00,10,3,10,21,25,10,451,ROUTE DE PARIS,,,Nuit avec éclairage allumé,En agglomération,Hors intersection,Normale,Deux véhicules - côté,,,,,,,,,,,5,2,1,1.0,3.0
201000002811,0010-03-13 16:00:00,10,3,13,16,0,10,451,"2661, RD1083",,,Plein jour,Hors agglomération,Hors intersection,Normale,Deux véhicules - frontale,,,,,,,,,,,1,1,1,1.0,1.0
201000002812,0010-03-17 16:15:00,10,3,17,16,15,10,53,"snr, SEMARD ( AVENUE PIE",,,Plein jour,En agglomération,Hors intersection,Normale,Sans collision,,,,,,,,,,,1,2,1,1.0,7.0
201000002813,0010-03-18 08:37:00,10,3,18,8,37,10,53,"snr, BROU ( BD DU N° 47",,,Plein jour,En agglomération,Hors intersection,Normale,Sans collision,,,,,,,,,,,1,2,1,1.0,7.0
201000002814,0010-03-25 09:10:00,10,3,25,9,10,10,451,CHEMIN DE TANVOL,,,Plein jour,Hors agglomération,Hors intersection,Normale,Deux véhicules - arrière,,,,,,,,,,,1,1,1,1.0,2.0
201000002815,0010-04-06 09:15:00,10,4,6,9,15,10,53,"NS, LIBERATION( PLACE DE",,,Plein jour,En agglomération,Autre intersection,Normale,Autre collision,,,,,,,,,,,1,2,9,1.0,6.0
201000002816,0010-04-06 17:10:00,10,4,6,17,10,10,53,"snr, MONTREVEL ( RUE COM",,,Plein jour,En agglomération,Hors intersection,Normale,Sans collision,,,,,,,,,,,1,2,1,1.0,7.0
201000002817,0010-04-08 22:45:00,10,4,8,22,45,10,53,"07, CEDRES ( RUE DES )",,,Nuit avec éclairage allumé,En agglomération,Hors intersection,Normale,Sans collision,,,,,,,,,,,5,2,1,1.0,7.0
201000002818,0010-04-11 15:50:00,10,4,11,15,50,10,53,"06, MERMOZ  ( RUE JEAN)",,,Plein jour,En agglomération,Hors intersection,Normale,Autre collision,,,,,,,,,,,1,2,1,1.0,6.0
201000002819,0010-04-16 16:20:00,10,4,16,16,20,10,451,"sans, PARIS (ROUTE DE)",,,Plein jour,Hors agglomération,Hors intersection,Normale,Trois véhicules et plus - en chaîne,,,,,,,,,,,1,1,1,1.0,4.0
201000002820,0010-04-17 23:10:00,10,4,17,23,10,10,451,Giratoire de LA NEUVE,,,Nuit avec éclairage allumé,En agglomération,Giratoire,Normale,Deux véhicules - côté,,,,,,,,,,,5,2,6,1.0,3.0
201000002821,0010-04-29 11:55:00,10,4,29,11,55,10,53,PLACE NEUVE,,,Plein jour,En agglomération,Hors intersection,Normale,Autre collision,,,,,,,,,,,1,2,1,1.0,6.0
201000002822,0010-04-30 17:25:00,10,4,30,17,25,10,451,"snr, PARIS (ROUTE DE)",,,Plein jour,Hors agglomération,Hors intersection,Normale,Trois véhicules et plus - en chaîne,,,,,,,,,,,1,1,1,1.0,4.0
201000002823,0010-05-02 17:20:00,10,5,2,17,20,10,451,CHEMIN VIEUX FLEYRIAT,,,Plein jour,Hors agglomération,Hors intersection,Normale,Autre collision,,,,,,,,,,,1,1,1,1.0,6.0
201000002824,0010-05-03 07:15:00,10,5,3,7,15,10,53,AVENUE DE JASSERON,,,Plein jour,Hors agglomération,Hors intersection,Normale,Sans collision,,,,,,,,,,,1,1,1,1.0,7.0
201000002825,0010-05-05 20:00:00,10,5,5,20,0,10,53,BVD J  KENNEDY - IMPAIR,,,Crépuscule ou aube,En agglomération,Hors intersection,Pluie forte,Autre collision,,,,,,,,,,,2,2,1,3.0,6.0
201000002826,0010-05-06 15:30:00,10,5,6,15,30,10,451,CHEMIN MEILLONNAS,,,Plein jour,Hors agglomération,Hors intersection,Pluie légère,Deux véhicules - arrière,,,,,,,,,,,1,1,1,2.0,2.0
201000002827,0010-05-09 11:50:00,10,5,9,11,50,10,451,ROUTE DE PARIS,,,Plein jour,Hors agglomération,Giratoire,Pluie légère,Autre collision,,,,,,,,,,,1,1,6,2.0,6.0
201000002828,0010-05-10 11:50:00,10,5,10,11,50,10,53,CHAMP DE FOIRE,,,Plein jour,En agglomération,Hors intersection,Normale,Autre collision,,,,,,,,,,,1,2,1,1.0,6.0
201000002829,0010-05-11 18:35:00,10,5,11,18,35,10,53,AVENUE DU MAIL,,,Plein jour,En agglomération,Hors intersection,Pluie forte,Deux véhicules - frontale,,,,,,,,,,,1,2,1,3.0,1.0
201000002830,0010-05-12 09:40:00,10,5,12,9,40,10,53,AVENUE DES BELGES,,,Plein jour,En agglomération,Hors intersection,Pluie légère,Deux véhicules - arrière,,,,,,,,,,,1,2,1,2.0,2.0
201000002831,0010-05-20 19:00:00,10,5,20,19,0,10,53,"RUE MONTHOLON, IMPAIR",,,Plein jour,En agglomération,Hors intersection,Normale,Autre collision,,,,,,,,,,,1,2,1,1.0,6.0
201000002832,0010-05-22 14:00:00,10,5,22,14,0,10,53,N° 47 BD DU BROU,,,Plein jour,En agglomération,Hors intersection,Normale,Deux véhicules - arrière,,,,,,,,,,,1,2,1,1.0,2.0
201000002833,0010-05-23 17:10:00,10,5,23,17,10,10,451,"1667, ROUTE DE PARIS",,,Plein jour,Hors agglomération,Hors intersection,Normale,Autre collision,,,,,,,,,,,1,1,1,1.0,6.0
201000002834,0010-05-26 16:45:00,10,5,26,16,45,10,53,AVENUE DU MAIL,,,Plein jour,En agglomération,Intersection en T,Pluie légère,Autre collision,,,,,,,,,,,1,2,3,2.0,6.0
201000002835,0010-05-31 07:30:00,10,5,31,7,30,10,289,CHEMIN DE MONTERNOZ,,,Plein jour,Hors agglomération,Hors intersection,Pluie légère,Sans collision,,,,,,,,,,,1,1,1,2.0,7.0
201000002836,0010-06-08 13:15:00,10,6,8,13,15,10,344,"sans, ROCADE OUEST",,,Plein jour,Hors agglomération,Intersection en X,Pluie légère,Deux véhicules - côté,,,,,,,,,,,1,1,2,2.0,3.0
201000002837,0010-06-08 21:55:00,10,6,8,21,55,10,53,"snr, CHAMBIERE ( RUE DE",,,Nuit sans éclairage public,Hors agglomération,Hors intersection,Normale,Autre collision,,,,,,,,,,,3,1,1,1.0,6.0
201000002838,0010-06-10 13:25:00,10,6,10,13,25,10,289,"ns, FORET DE SEILLON (RO",,,Plein jour,Hors agglomération,Intersection en X,Normale,Deux véhicules - côté,,,,,,,,,,,1,1,2,1.0,3.0
201000002839,0010-06-14 20:10:00,10,6,14,20,10,10,451,"snr, CALIDON ( RUE DU )",,,Plein jour,En agglomération,Intersection en T,Normale,Deux véhicules - côté,,,,,,,,,,,1,2,3,1.0,3.0
201000002840,0010-06-16 15:25:00,10,6,16,15,25,10,289,"460, LYON ( AVE DE) A PA",,,Plein jour,En agglomération,Intersection en X,Normale,Deux véhicules - côté,,,,,,,,,,,1,2,2,1.0,3.0
201000002841,0010-06-18 22:55:00,10,6,18,22,55,10,289,"SANS, SAINT ANDRE SUR VI",,,Nuit sans éclairage public,Hors agglomération,Hors intersection,Normale,Deux véhicules - frontale,,,,,,,,,,,3,1,1,1.0,1.0
201000002842,0010-06-19 09:35:00,10,6,19,9,35,10,53,"17, MAGINOT ( AVENUE ) D",,,Plein jour,En agglomération,Hors intersection,Normale,Autre collision,,,,,,,,,,,1,2,1,1.0,6.0
201000002843,0010-06-21 13:20:00,10,6,21,13,20,10,53,"snr, BAUDIN (AVENUE ALPH",,,Plein jour,En agglomération,Hors intersection,Temps couvert,Deux véhicules - arrière,,,,,,,,,,,1,2,1,8.0,2.0
201000002844,0010-06-23 15:30:00,10,6,23,15,30,10,53,"98, BROU ( BD N°68 A 182",,,Plein jour,En agglomération,Hors intersection,Normale,Autre collision,,,,,,,,,,,1,2,1,1.0,6.0
201000002845,0010-06-24 17:30:00,10,6,24,17,30,10,53,"SANS, TERRASSON ( RUE PI",,,Plein jour,En agglomération,Intersection en T,Normale,Deux véhicules - côté,,,,,,,,,,,1,2,3,1.0,3.0
201000002846,0010-06-27 14:50:00,10,6,27,14,50,10,451,"SANS, RD 975",,,Plein jour,Hors agglomération,Autre intersection,Normale,Deux véhicules - côté,,,,,,,,,,,1,1,9,1.0,3.0
201000002847,0010-06-29 14:05:00,10,6,29,14,5,10,289,FORET DE SEILLON,,,Plein jour,Hors agglomération,Hors intersection,Normale,Sans collision,,,,,,,,,,,1,1,1,1.0,7.0
201000002848,0010-06-29 16:25:00,10,6,29,16,25,10,53,"41 bis,  AVENUE JASSERON",,,Plein jour,En agglomération,Hors intersection,Normale,Autre collision,,,,,,,,,,,1,2,1,1.0,6.0
201000002849,0010-07-01 16:50:00,10,7,1,16,50,10,451,"snr, STRASBOURG (ROUTE D",,,Plein jour,Hors agglomération,Giratoire,Normale,Deux véhicules - arrière,,,,,,,,,,,1,1,6,1.0,2.0
201000002850,0010-07-02 21:05:00,10,7,2,21,5,10,53,"sans, JAURES (AVENUE JEA",,,Plein jour,En agglomération,Intersection en X,Normale,Deux véhicules - côté,,,,,,,,,,,1,2,2,1.0,3.0
201000002851,0010-07-06 10:55:00,10,7,6,10,55,10,53,"sans, NODET ( RUE DU DOC",,,Plein jour,En agglomération,Hors intersection,Normale,Autre collision,,,,,,,,,,,1,2,1,1.0,6.0
201000002852,0010-07-07 08:40:00,10,7,7,8,40,10,289,"SANS, FORET DE SEILLON (",,,Plein jour,Hors agglomération,Intersection en X,Normale,Deux véhicules - côté,,,,,,,,,,,1,1,2,1.0,3.0
201000002853,0010-07-09 02:00:00,10,7,9,2,0,10,289,"258, LYON (AVE DE) JUSQ'",,,Nuit avec éclairage allumé,En agglomération,Hors intersection,Normale,Deux véhicules - arrière,,,,,,,,,,,5,2,1,1.0,2.0
201000002854,0010-07-13 09:45:00,10,7,13,9,45,10,53,"SANS, SPORTS ((AVENUE DE",,,Plein jour,En agglomération,Hors intersection,Normale,Autre collision,,,,,,,,,,,1,2,1,1.0,6.0
201000002855,0010-07-14 10:10:00,10,7,14,10,10,10,289,"SANS, FORET DE SEILLON (",,,Plein jour,Hors agglomération,Intersection en X,Normale,Trois véhicules et plus - collisions multiples,,,,,,,,,,,1,1,2,1.0,5.0
201000002856,0010-07-15 16:35:00,10,7,15,16,35,10,451,"sans, PARIS (ROUTE DE)",,,Plein jour,Hors agglomération,Hors intersection,Normale,Autre collision,,,,,,,,,,,1,1,1,1.0,6.0
201000002857,0010-07-16 17:15:00,10,7,16,17,15,10,53,"14  ter, HIPPODROME ( BD",,,Plein jour,En agglomération,Hors intersection,Normale,Autre collision,,,,,,,,,,,1,2,1,1.0,6.0
201000002858,0010-07-21 19:45:00,10,7,21,19,45,10,53,"sans, PEUPLIERS ( RUE DE",,,Plein jour,En agglomération,Intersection en T,Pluie légère,Deux véhicules - côté,,,,,,,,,,,1,2,3,2.0,3.0
201000002859,0010-07-22 17:45:00,10,7,22,17,45,10,344,"SANS, BRESSE (AVENUE DE)",,,Plein jour,En agglomération,Hors intersection,Pluie légère,Deux véhicules - frontale,,,,,,,,,,,1,2,1,2.0,1.0
201000002860,0010-07-23 15:25:00,10,7,23,15,25,10,53,"SNR, HIPPODROME ( BD DE",,,Plein jour,En agglomération,Intersection en T,Normale,Deux véhicules - côté,,,,,,,,,,,1,2,3,1.0,3.0
201000002861,0010-07-24 18:00:00,10,7,24,18,0,10,53,"snr, VICAIRE (RUE GABRIE",,,Plein jour,En agglomération,Intersection à plus de 4 branches,Normale,Deux véhicules - arrière,,,,,,,,,,,1,2,5,1.0,2.0
201000002862,0010-07-27 10:10:00,10,7,27,10,10,10,289,"snr, BELLEVUE ( CHEMIN D",,,Plein jour,Hors agglomération,Hors intersection,Pluie légère,Sans collision,,,,,,,,,,,1,1,1,2.0,7.0
201000002863,0010-08-03 16:25:00,10,8,3,16,25,10,53,"190, BROU ( BD N°192 A 1",,,Plein jour,En agglomération,Intersection en T,Normale,Trois véhicules et plus - collisions multiples,,,,,,,,,,,1,2,3,1.0,5.0
201000002864,0010-08-03 20:20:00,10,8,3,20,20,10,289,"SANS, MERMOZ (RUE JEAN)",,,Plein jour,Hors agglomération,Intersection en T,Normale,Deux véhicules - côté,,,,,,,,,,,1,1,3,1.0,3.0
201000002865,0010-08-04 15:00:00,10,8,4,15,0,10,53,"63, JAURES (AVENUE JEAN",,,Plein jour,En agglomération,Hors intersection,Normale,Autre collision,,,,,,,,,,,1,2,1,1.0,6.0
201000002866,0010-08-05 10:25:00,10,8,5,10,25,10,53,"sans, MARBOZ (AVENUEDE -",,,Plein jour,En agglomération,Intersection en X,Normale,Deux véhicules - côté,,,,,,,,,,,1,2,2,1.0,3.0
201000002867,0010-08-13 15:05:00,10,8,13,15,5,10,451,"SANS, POLLIAT (ROUTE DE",,,Plein jour,Hors agglomération,Intersection en X,Normale,Deux véhicules - côté,,,,,,,,,,,1,1,2,1.0,3.0
201000002868,0010-08-14 01:20:00,10,8,14,1,20,10,344,"sans, TREVOUX (AVENUE DE",,,Nuit avec éclairage allumé,En agglomération,Hors intersection,Normale,Trois véhicules et plus - en chaîne,,,,,,,,,,,5,2,1,1.0,4.0
201000002869,0010-08-14 19:15:00,10,8,14,19,15,10,53,"213, CHAMBIERE ( RUE DE",,,Plein jour,En agglomération,Hors intersection,Normale,Autre collision,,,,,,,,,,,1,2,1,1.0,6.0
201000002870,0010-08-23 07:45:00,10,8,23,7,45,10,53,"SANS, MERCIER (AVENUE AM",,,Plein jour,En agglomération,Hors intersection,Pluie légère,Trois véhicules et plus - en chaîne,,,,,,,,,,,1,2,1,2.0,4.0
201000002871,0010-08-31 14:20:00,10,8,31,14,20,10,344,"SANS, DOMBES (AVENUE DE",,,Plein jour,Hors agglomération,Hors intersection,Normale,Deux véhicules - côté,,,,,,,,,,,1,1,1,1.0,3.0
201000002872,0010-09-01 10:10:00,10,9,1,10,10,10,53,"SANS, ROBIN ( RUE CHARLE",,,Plein jour,En agglomération,Hors intersection,Normale,Deux véhicules - arrière,,,,,,,,,,,1,2,1,1.0,2.0
201000002873,0010-09-02 13:50:00,10,9,2,13,50,10,344,"SANS, TREVOUX (AVENUE DE",,,Plein jour,En agglomération,Hors intersection,Normale,Deux véhicules - arrière,,,,,,,,,,,1,2,1,1.0,2.0
201000002874,0010-09-03 19:00:00,10,9,3,19,0,10,53,"03, SEMARD ( AVENUE PIER",,,Plein jour,En agglomération,Hors intersection,Normale,Deux véhicules - côté,,,,,,,,,,,1,2,1,1.0,3.0