accident_id,datetime,annee,mois,jour,heure,minute,departement,commune_insee,adresse,latitude,longitude,luminosite,agglomeration,intersection,meteo,collision,nb_vehicules,nb_usagers,nb_indemnes,nb_tues,nb_blesses_hosp,nb_blesses_legers,age_cond_1,age_cond_2,veh_type_cond_1,veh_type_cond_2,lum_code,agg_code,int_code,atm_code,col_code
201000003131,0010-10-13 20:30:00,10,10,13,20,30,440,73,,47.448,-1.581,Nuit sans éclairage public,Hors agglomération,Hors intersection,Normale,Autre collision,,,,,,,,,,,3,1,1,1.0,6.0
201000003132,0010-11-05 18:45:00,10,11,5,18,45,440,73,,47.426,-1.657,Nuit sans éclairage public,Hors agglomération,Hors intersection,Normale,Deux véhicules - frontale,,,,,,,,,,,3,1,1,1.0,1.0
201000003133,0010-12-01 17:15:00,10,12,1,17,15,440,179,,47.388,-1.454,Nuit sans éclairage public,Hors agglomération,Hors intersection,Normale,Deux véhicules - frontale,,,,,,,,,,,3,1,1,1.0,1.0
201000003134,0010-01-06 08:00:00,10,1,6,8,0,440,149,,47.505,-1.589,Crépuscule ou aube,Hors agglomération,Hors intersection,Neige / grêle,Autre collision,,,,,,,,,,,2,1,1,4.0,6.0
201000003135,0010-03-26 20:15:00,10,3,26,20,15,440,149,,47.498,-1.627,Nuit sans éclairage public,Hors agglomération,Hors intersection,Pluie légère,Deux véhicules - frontale,,,,,,,,,,,3,1,1,2.0,1.0
201000003136,0010-04-10 06:30:00,10,4,10,6,30,440,208,,47.62,-1.54,Nuit sans éclairage public,Hors agglomération,Hors intersection,Normale,Autre collision,,,,,,,,,,,3,1,1,1.0,6.0
201000003137,0010-04-11 09:00:00,10,4,11,9,0,440,86,,47.681,-1.565,Plein jour,Hors agglomération,Hors intersection,Normale,Deux véhicules - arrière,,,,,,,,,,,1,1,1,1.0,2.0
201000003138,0010-04-20 18:30:00,10,4,20,18,30,440,51,Rue Garlais,47.672,-1.667,Plein jour,En agglomération,Intersection en X,Normale,Deux véhicules - côté,,,,,,,,,,,1,2,2,1.0,3.0
201000003139,0010-06-08 12:45:00,10,6,8,12,45,440,51,,47.671,-1.643,Crépuscule ou aube,Hors agglomération,Hors intersection,Temps couvert,Deux véhicules - frontale,,,,,,,,,,,2,1,1,8.0,1.0
201000003140,0010-07-11 19:30:00,10,7,11,19,30,440,149,,47.493,-1.595,Plein jour,Hors agglomération,Hors intersection,Normale,Autre collision,,,,,,,,,,,1,1,1,1.0,6.0
201000003141,0010-08-24 17:00:00,10,8,24,17,0,440,113,1 rue de l'église,47.569,-1.625,Plein jour,En agglomération,Hors intersection,Normale,Autre collision,,,,,,,,,,,1,2,1,1.0,6.0
201000003142,0010-09-12 20:00:00,10,9,12,20,0,440,193,,47.679,-1.484,Plein jour,Hors agglomération,Hors intersection,Normale,Trois véhicules et plus - en chaîne,,,,,,,,,,,1,1,1,1.0,4.0
201000003143,0010-09-08 15:30:00,10,9,8,15,30,440,113,,47.567,-1.592,Plein jour,Hors agglomération,Hors intersection,Normale,Deux véhicules - frontale,,,,,,,,,,,1,1,1,1.0,1.0
201000003144,0010-09-21 10:00:00,10,9,21,10,0,440,1,,47.56,-1.471,Plein jour,Hors agglomération,Hors intersection,Temps éblouissant,Deux véhicules - frontale,,,,,,,,,,,1,1,1,7.0,1.0
201000003145,0010-10-12 13:00:00,10,10,12,13,0,440,86,,47.661,-1.604,Plein jour,Hors agglomération,Intersection à plus de 4 branches,Normale,Deux véhicules - côté,,,,,,,,,,,1,1,5,1.0,3.0
201000003146,0010-11-19 10:15:00,10,11,19,10,15,440,113,,47.585,-1.645,Plein jour,Hors agglomération,Hors intersection,Normale,Sans collision,,,,,,,,,,,1,1,1,1.0,7.0
201000003147,0010-03-14 05:30:00,10,3,14,5,30,440,18,,,,Nuit sans éclairage public,Hors agglomération,Hors intersection,Normale,Sans collision,,,,,,,,,,,3,1,1,1.0,7.0
201000003148,0010-05-14 12:45:00,10,5,14,12,45,440,171,,,,Plein jour,Hors agglomération,Hors intersection,Normale,Deux véhicules - frontale,,,,,,,,,,,1,1,1,1.0,1.0
201000003149,0010-08-29 02:15:00,10,8,29,2,15,440,150,,,,Nuit sans éclairage public,Hors agglomération,Hors intersection,Normale,Deux véhicules - frontale,,,,,,,,,,,3,1,1,1.0,1.0
201000003150,0010-09-18 10:45:00,10,9,18,10,45,440,130,,,,Plein jour,Hors agglomération,Hors intersection,Normale,Trois véhicules et plus - collisions multiples,,,,,,,,,,,1,1,1,1.0,5.0
201000003151,0010-11-24 16:45:00,10,11,24,16,45,440,120,,,,Crépuscule ou aube,Hors agglomération,Hors intersection,Temps éblouissant,Deux véhicules - côté,,,,,,,,,,,2,1,1,7.0,3.0
201000003152,0010-01-12 08:45:00,10,1,12,8,45,440,131,boulevard thiers,,,Plein jour,En agglomération,Giratoire,Normale,Autre collision,,,,,,,,,,,1,2,6,1.0,6.0
201000003153,0010-02-26 20:00:00,10,2,26,20,0,440,131,rue des sables PORNIC 44,47.119,-2.105,Nuit sans éclairage public,En agglomération,Hors intersection,Normale,Deux véhicules - frontale,,,,,,,,,,,3,2,1,1.0,1.0
201000003154,0010-03-19 21:00:00,10,3,19,21,0,440,131,,47.117,-2.025,Nuit sans éclairage public,Hors agglomération,Autre intersection,Pluie forte,Deux véhicules - arrière,,,,,,,,,,,3,1,9,3.0,2.0
201000003155,0010-06-27 18:00:00,10,6,27,18,0,440,59,devant le 11 rue pornic,47.028,-1.875,Plein jour,En agglomération,Hors intersection,Normale,Sans collision,,,,,,,,,,,1,2,1,1.0,7.0
201000003156,0010-07-07 11:00:00,10,7,7,11,0,440,131,36 LA NOEVEILLARD,,,Plein jour,En agglomération,Hors intersection,Normale,Autre collision,,,,,,,,,,,1,2,1,1.0,6.0
201000003157,0010-07-20 08:00:00,10,7,20,8,0,440,131,,,,Plein jour,Hors agglomération,Hors intersection,Normale,Sans collision,,,,,,,,,,,1,1,1,1.0,7.0
201000003158,0010-07-31 00:01:00,10,7,31,0,1,440,21,,,,Nuit sans éclairage public,Hors agglomération,Hors intersection,Normale,Sans collision,,,,,,,,,,,3,1,1,1.0,7.0
201000003159,0010-09-04 16:00:00,10,9,4,16,0,440,136,Corniche du pilier,,,Plein jour,En agglomération,Hors intersection,Normale,Deux véhicules - arrière,,,,,,,,,,,1,2,1,1.0,2.0
201000003160,0010-09-05 11:30:00,10,9,5,11,30,440,131,boulevard GilbertPollono,,,Plein jour,En agglomération,Hors intersection,Normale,Autre collision,,,,,,,,,,,1,2,1,1.0,6.0
201000003161,0010-09-04 18:30:00,10,9,4,18,30,440,131,,,,Plein jour,Hors agglomération,Hors intersection,Normale,Trois véhicules et plus - collisions multiples,,,,,,,,,,,1,1,1,1.0,5.0
201000003162,0010-09-05 15:45:00,10,9,5,15,45,440,131,Zone Comm Gentelleries,,,Plein jour,En agglomération,Hors intersection,Normale,Autre collision,,,,,,,,,,,1,2,1,1.0,6.0
201000003163,0010-09-22 13:00:00,10,9,22,13,0,440,131,,,,Plein jour,Hors agglomération,Hors intersection,Normale,Sans collision,,,,,,,,,,,1,1,1,1.0,7.0
201000003164,0010-10-07 18:15:00,10,10,7,18,15,440,21,,47.063,-1.919,Nuit sans éclairage public,Hors agglomération,Hors intersection,Normale,Sans collision,,,,,,,,,,,3,1,1,1.0,7.0
201000003165,0010-10-09 17:15:00,10,10,9,17,15,440,131,La Blavetière,47.119,-2.072,Plein jour,En agglomération,Hors intersection,Normale,Sans collision,,,,,,,,,,,1,2,1,1.0,7.0
201000003166,0010-10-19 21:00:00,10,10,19,21,0,440,131,,,,Nuit sans éclairage public,Hors agglomération,Hors intersection,Normale,Autre collision,,,,,,,,,,,3,1,1,1.0,6.0
201000003167,0010-11-16 09:30:00,10,11,16,9,30,440,131,,,,Plein jour,En agglomération,Giratoire,Normale,Deux véhicules - frontale,,,,,,,,,,,1,2,6,1.0,1.0
201000003168,0010-01-16 14:15:00,10,1,16,14,15,440,46,,47.248,-2.09399,Plein jour,Hors agglomération,Hors intersection,Normale,Deux véhicules - frontale,,,,,,,,,,,1,1,1,1.0,1.0
201000003169,0010-02-12 17:30:00,10,2,12,17,30,440,46,,47.261,-2.083,Plein jour,Hors agglomération,Hors intersection,Normale,Deux véhicules - frontale,,,,,,,,,,,1,1,1,1.0,1.0
201000003170,0010-03-14 12:15:00,10,3,14,12,15,440,154,,47.24,-2.157,Plein jour,Hors agglomération,Hors intersection,Normale,Deux véhicules - côté,,,,,,,,,,,1,1,1,1.0,3.0
201000003171,0010-03-19 19:15:00,10,3,19,19,15,440,182,,47.17,-2.14,Crépuscule ou aube,Hors agglomération,Hors intersection,Pluie légère,Deux véhicules - côté,,,,,,,,,,,2,1,1,2.0,3.0
201000003172,0010-03-21 17:15:00,10,3,21,17,15,440,187,,47.21,-2.04999,Plein jour,Hors agglomération,Hors intersection,Normale,Deux véhicules - côté,,,,,,,,,,,1,1,1,1.0,3.0
201000003173,0010-04-18 21:00:00,10,4,18,21,0,440,5,,47.188,-1.963,Plein jour,Hors agglomération,Intersection en X,Normale,Deux véhicules - côté,,,,,,,,,,,1,1,2,1.0,3.0
201000003174,0010-05-22 07:30:00,10,5,22,7,30,440,38,,47.195,-1.994,Plein jour,Hors agglomération,Hors intersection,Normale,Autre collision,,,,,,,,,,,1,1,1,1.0,6.0
201000003175,0010-06-04 20:30:00,10,6,4,20,30,440,187,,47.226,-2.085,Plein jour,Hors agglomération,Hors intersection,Normale,Sans collision,,,,,,,,,,,1,1,1,1.0,7.0
201000003176,0010-06-22 08:30:00,10,6,22,8,30,440,61,,47.235,-1.97,Plein jour,Hors agglomération,Intersection en T,Normale,Deux véhicules - côté,,,,,,,,,,,1,1,3,1.0,3.0
201000003177,0010-07-28 15:30:00,10,7,28,15,30,440,154,avenue guy lafontaine,47.25,-2.15,Plein jour,En agglomération,Hors intersection,Normale,Autre collision,,,,,,,,,,,1,2,1,1.0,6.0
201000003178,0010-07-28 18:00:00,10,7,28,18,0,440,46,,,,Plein jour,Hors agglomération,Hors intersection,Normale,Deux véhicules - arrière,,,,,,,,,,,1,1,1,1.0,2.0
201000003179,0010-08-01 23:00:00,10,8,1,23,0,440,182,,,,Nuit sans éclairage public,Hors agglomération,Hors intersection,Normale,Sans collision,,,,,,,,,,,3,1,1,1.0,7.0
201000003180,0010-08-23 16:45:00,10,8,23,16,45,440,5,,,,Plein jour,Hors agglomération,Hors intersection,Pluie légère,Deux véhicules - côté,,,,,,,,,,,1,1,1,2.0,3.0
201000003181,0010-09-09 15:00:00,10,9,9,15,0,440,38,,,,Plein jour,Hors agglomération,Hors intersection,Normale,Deux véhicules - frontale,,,,,,,,,,,1,1,1,1.0,1.0
201000003182,0010-10-04 08:00:00,10,10,4,8,0,440,187,,,,Plein jour,Hors agglomération,Hors intersection,Pluie légère,Deux véhicules - frontale,,,,,,,,,,,1,1,1,2.0,1.0
201000003183,0010-10-24 17:00:00,10,10,24,17,0,440,154,rond point Ayent Anzere,,,Plein jour,En agglomération,Giratoire,Normale,Deux véhicules - côté,,,,,,,,,,,1,2,6,1.0,3.0
201000003184,0010-12-20 12:00:00,10,12,20,12,0,440,154,,,,Plein jour,Hors agglomération,Hors intersection,Normale,Trois véhicules et plus - en chaîne,,,,,,,,,,,1,1,1,1.0,4.0
201000003185,0010-02-06 19:00:00,10,2,6,19,0,440,186,,47.099,-1.813,Nuit sans éclairage public,Hors agglomération,Hors intersection,Normale,Deux véhicules - frontale,,,,,,,,,,,3,1,1,1.0,1.0
201000003186,0010-02-16 08:00:00,10,2,16,8,0,440,87,,46.997,-1.775,Crépuscule ou aube,Hors agglomération,Hors intersection,Normale,Deux véhicules - frontale,,,,,,,,,,,2,1,1,1.0,1.0
201000003187,0010-02-19 11:45:00,10,2,19,11,45,440,220,"5, route de Paimboeuf",47.189,-1.858,Plein jour,En agglomération,Hors intersection,Normale,Deux véhicules - frontale,,,,,,,,,,,1,2,1,1.0,1.0
201000003188,0010-03-21 13:00:00,10,3,21,13,0,440,178,rue du pally,,,Plein jour,En agglomération,Hors intersection,Normale,Autre collision,,,,,,,,,,,1,2,1,1.0,6.0
201000003189,0010-04-15 23:00:00,10,4,15,23,0,440,87,,47.029,-1.736,Nuit sans éclairage public,Hors agglomération,Hors intersection,Normale,Autre collision,,,,,,,,,,,3,1,1,1.0,6.0
201000003190,0010-04-21 18:15:00,10,4,21,18,15,440,145,,47.201,-1.826,Plein jour,Hors agglomération,Hors intersection,Normale,Deux véhicules - côté,,,,,,,,,,,1,1,1,1.0,3.0
201000003191,0010-04-26 15:15:00,10,4,26,15,15,440,157,,46.947,-1.731,Plein jour,Hors agglomération,Intersection en X,Normale,Deux véhicules - côté,,,,,,,,,,,1,1,2,1.0,3.0
201000003192,0010-06-24 12:45:00,10,6,24,12,45,440,87,05 boulevard saint Rémy,,,Plein jour,En agglomération,Hors intersection,Normale,Deux véhicules - côté,,,,,,,,,,,1,2,1,1.0,3.0
201000003193,0010-07-02 15:15:00,10,7,2,15,15,440,87,,46.996,-1.777,Plein jour,Hors agglomération,Hors intersection,Normale,Deux véhicules - frontale,,,,,,,,,,,1,1,1,1.0,1.0
201000003194,0010-07-27 18:15:00,10,7,27,18,15,440,178,,,,Plein jour,Hors agglomération,Hors intersection,Normale,Deux véhicules - frontale,,,,,,,,,,,1,1,1,1.0,1.0
201000003195,0010-08-12 15:00:00,10,8,12,15,0,440,145,,,,Plein jour,Hors agglomération,Hors intersection,Normale,Deux véhicules - frontale,,,,,,,,,,,1,1,1,1.0,1.0
201000003196,0010-08-25 22:00:00,10,8,25,22,0,440,186,,,,Nuit sans éclairage public,Hors agglomération,Hors intersection,Pluie légère,Sans collision,,,,,,,,,,,3,1,1,2.0,7.0
201000003197,0010-09-03 20:00:00,10,9,3,20,0,440,133,Rue de Nantes,,,Plein jour,En agglomération,Hors intersection,Normale,Deux véhicules - frontale,,,,,,,,,,,1,2,1,1.0,1.0
201000003198,0010-09-20 18:30:00,10,9,20,18,30,440,220,,,,Plein jour,Hors agglomération,Hors intersection,Normale,Deux véhicules - arrière,,,,,,,,,,,1,1,1,1.0,2.0
201000003199,0010-09-27 10:45:00,10,9,27,10,45,440,186,,47.083,-1.799,Plein jour,Hors agglomération,Intersection en X,Normale,Deux véhicules - côté,,,,,,,,,,,1,1,2,1.0,3.0
201000003200,0010-01-21 19:30:00,10,1,21,19,30,440,47,,47.228,-1.719,Nuit sans éclairage public,Hors agglomération,Hors intersection,Temps couvert,Deux véhicules - frontale,,,,,,,,,,,3,1,1,8.0,1.0
201000003201,0010-04-21 01:15:00,10,4,21,1,15,440,47,,47.238,-1.69,Nuit sans éclairage public,Hors agglomération,Hors intersection,Normale,Autre collision,,,,,,,,,,,3,1,1,1.0,6.0
201000003202,0010-05-12 01:00:00,10,5,12,1,0,440,47,,47.215,-1.689,Nuit avec éclairage allumé,Hors agglomération,Hors intersection,Normale,Autre collision,,,,,,,,,,,5,1,1,1.0,6.0
201000003203,0010-06-03 13:00:00,10,6,3,13,0,440,47,,47.249,-1.706,Plein jour,Hors agglomération,Intersection en X,Normale,Deux véhicules - côté,,,,,,,,,,,1,1,2,1.0,3.0
201000003204,0010-07-17 15:45:00,10,7,17,15,45,440,47,,47.218,-1.745,Plein jour,Hors agglomération,Hors intersection,Normale,Sans collision,,,,,,,,,,,1,1,1,1.0,7.0
201000003205,0010-09-07 16:00:00,10,9,7,16,0,440,47,Rue Henri Gauthier,47.22,-1.728,Plein jour,En agglomération,Hors intersection,Normale,Deux véhicules - frontale,,,,,,,,,,,1,2,1,1.0,1.0
201000003206,0010-11-08 19:00:00,10,11,8,19,0,440,47,Bd de la libération,47.218,-1.701,Nuit avec éclairage allumé,En agglomération,Hors intersection,Pluie légère,Deux véhicules - arrière,,,,,,,,,,,5,2,1,2.0,2.0
201000003207,0010-11-24 16:00:00,10,11,24,16,0,440,47,Bd blancho,47.219,-1.728,Plein jour,En agglomération,Giratoire,Temps éblouissant,Trois véhicules et plus - en chaîne,,,,,,,,,,,1,2,6,7.0,4.0
201000003208,0010-11-28 19:45:00,10,11,28,19,45,440,47,Rue de la Frémondière,47.215,-1.728,Nuit avec éclairage allumé,En agglomération,Hors intersection,Pluie légère,Sans collision,,,,,,,,,,,5,2,1,2.0,7.0
201000003209,0010-01-17 17:15:00,10,1,17,17,15,440,69,,47.324,-2.414,Plein jour,Hors agglomération,Giratoire,Temps couvert,Deux véhicules - frontale,,,,,,,,,,,1,1,6,8.0,1.0
201000003210,0010-02-05 08:00:00,10,2,5,8,0,440,69,Avenue Anne de Bretagne,47.335,-2.426,Nuit avec éclairage allumé,En agglomération,Hors intersection,Pluie légère,Autre collision,,,,,,,,,,,5,2,1,2.0,6.0
201000003211,0010-02-20 14:30:00,10,2,20,14,30,440,183,,47.388,-2.429,Plein jour,Hors agglomération,Hors intersection,Normale,Deux véhicules - arrière,,,,,,,,,,,1,1,1,1.0,2.0
201000003212,0010-03-07 11:30:00,10,3,7,11,30,440,125,,47.385,-2.513,Plein jour,Hors agglomération,Autre intersection,Normale,Autre collision,,,,,,,,,,,1,1,9,1.0,6.0
201000003213,0010-04-05 15:00:00,10,4,5,15,0,440,69,,47.334,-2.457,Plein jour,Hors agglomération,Hors intersection,Normale,Sans collision,,,,,,,,,,,1,1,1,1.0,7.0
201000003214,0010-04-14 10:15:00,10,4,14,10,15,440,72,,47.394,-2.372,Plein jour,Hors agglomération,Hors intersection,Normale,Deux véhicules - côté,,,,,,,,,,,1,1,1,1.0,3.0
201000003215,0010-05-08 05:45:00,10,5,8,5,45,440,69,,,,Nuit sans éclairage public,Hors agglomération,Autre intersection,Temps couvert,Autre collision,,,,,,,,,,,3,1,9,8.0,6.0
201000003216,0010-05-16 11:15:00,10,5,16,11,15,440,125,30 port au loup,47.391,-2.526,Plein jour,En agglomération,Hors intersection,Normale,Deux véhicules - arrière,,,,,,,,,,,1,2,1,1.0,2.0
201000003217,0010-05-24 23:30:00,10,5,24,23,30,440,72,,,,Nuit avec éclairage allumé,Hors agglomération,Hors intersection,Normale,Sans collision,,,,,,,,,,,5,1,1,1.0,7.0
201000003218,0010-05-21 15:15:00,10,5,21,15,15,440,175,,47.394,-2.355,Plein jour,Hors agglomération,Hors intersection,Normale,Sans collision,,,,,,,,,,,1,1,1,1.0,7.0
201000003219,0010-05-29 01:00:00,10,5,29,1,0,440,69,,47.309,-2.378,Nuit avec éclairage allumé,Hors agglomération,Hors intersection,Normale,Sans collision,,,,,,,,,,,5,1,1,1.0,7.0
201000003220,0010-05-30 20:45:00,10,5,30,20,45,440,183,,47.372,-2.43,Plein jour,Hors agglomération,Hors intersection,Pluie légère,Deux véhicules - frontale,,,,,,,,,,,1,1,1,2.0,1.0
201000003221,0010-07-04 19:15:00,10,7,4,19,15,440,72,,47.429,-2.305,Plein jour,Hors agglomération,Hors intersection,Normale,Deux véhicules - côté,,,,,,,,,,,1,1,1,1.0,3.0
201000003222,0010-07-19 20:45:00,10,7,19,20,45,440,69,,47.332,-2.472,Crépuscule ou aube,Hors agglomération,Hors intersection,Normale,Trois véhicules et plus - collisions multiples,,,,,,,,,,,2,1,1,1.0,5.0
201000003223,0010-07-21 17:30:00,10,7,21,17,30,440,69,,47.35,-2.35,Plein jour,Hors agglomération,Hors intersection,Normale,Deux véhicules - frontale,,,,,,,,,,,1,1,1,1.0,1.0
201000003224,0010-08-14 16:30:00,10,8,14,16,30,440,69,,,,Plein jour,Hors agglomération,Hors intersection,Pluie légère,Deux véhicules - frontale,,,,,,,,,,,1,1,1,2.0,1.0
201000003225,0010-08-26 05:45:00,10,8,26,5,45,440,69,,47.314,-2.429,Nuit sans éclairage public,Hors agglomération,Hors intersection,Normale,Trois véhicules et plus - collisions multiples,,,,,,,,,,,3,1,1,1.0,5.0
201000003226,0010-08-25 18:00:00,10,8,25,18,0,440,69,,47.304,-2.389,Plein jour,Hors agglomération,Hors intersection,Normale,Trois véhicules et plus - collisions multiples,,,,,,,,,,,1,1,1,1.0,5.0
201000003227,0010-08-29 18:15:00,10,8,29,18,15,440,72,,47.424,-2.342,Plein jour,Hors agglomération,Hors intersection,Normale,Deux véhicules - arrière,,,,,,,,,,,1,1,1,1.0,2.0
201000003228,0010-08-31 12:45:00,10,8,31,12,45,440,72,,47.459,-2.368,Plein jour,Hors agglomération,Hors intersection,Normale,Sans collision,,,,,,,,,,,1,1,1,1.0,7.0
201000003229,0010-09-05 16:00:00,10,9,5,16,0,440,69,,47.333,-2.448,Plein jour,Hors agglomération,Hors intersection,Normale,Trois véhicules et plus - collisions multiples,,,,,,,,,,,1,1,1,1.0,5.0
201000003230,0010-09-07 17:30:00,10,9,7,17,30,440,69,clis,47.339,-2.458,Plein jour,En agglomération,Hors intersection,Pluie forte,Deux véhicules - côté,,,,,,,,,,,1,2,1,3.0,3.0
201000003231,0010-09-12 18:15:00,10,9,12,18,15,440,125,Port au Loup,47.391,-2.528,Plein jour,En agglomération,Hors intersection,Normale,Deux véhicules - côté,,,,,,,,,,,1,2,1,1.0,3.0
201000003232,0010-09-16 21:15:00,10,9,16,21,15,440,183,,47.384,-2.431,Nuit sans éclairage public,Hors agglomération,Hors intersection,Normale,Trois véhicules et plus - collisions multiples,,,,,,,,,,,3,1,1,1.0,5.0
201000003233,0010-09-21 18:15:00,10,9,21,18,15,440,72,,47.484,-2.268,Plein jour,Hors agglomération,Hors intersection,Normale,Deux véhicules - arrière,,,,,,,,,,,1,1,1,1.0,2.0
201000003234,0010-09-26 19:15:00,10,9,26,19,15,440,69,,47.341,-2.463,Plein jour,Hors agglomération,Hors intersection,Normale,Deux véhicules - côté,,,,,,,,,,,1,1,1,1.0,3.0
201000003235,0010-10-16 16:45:00,10,10,16,16,45,440,30,rue de la Saulzaie -,47.454,-2.239,Plein jour,En agglomération,Hors intersection,Normale,Deux véhicules - frontale,,,,,,,,,,,1,2,1,1.0,1.0
201000003236,0010-10-23 17:30:00,10,10,23,17,30,440,30,,47.446,-2.233,Plein jour,Hors agglomération,Hors intersection,Normale,Deux véhicules - côté,,,,,,,,,,,1,1,1,1.0,3.0
201000003237,0010-10-25 17:30:00,10,10,25,17,30,440,69,13 bld de GAULLE,47.335,-2.431,Plein jour,En agglomération,Hors intersection,Normale,Autre collision,,,,,,,,,,,1,2,1,1.0,6.0
201000003238,0010-11-03 18:00:00,10,11,3,18,0,440,69,BD DU 19 MARS 1962,47.339,-2.419,Nuit avec éclairage allumé,En agglomération,Hors intersection,Brouillard / fumée,Deux véhicules - côté,,,,,,,,,,,5,2,1,5.0,3.0
201000003239,0010-11-26 20:00:00,10,11,26,20,0,440,72,ROUTE DE GUERANDE,47.447,-2.323,Nuit sans éclairage public,En agglomération,Hors intersection,Normale,Deux véhicules - côté,,,,,,,,,,,3,2,1,1.0,3.0
201000003240,0010-12-09 08:45:00,10,12,9,8,45,440,6,,47.424,-2.373,Plein jour,Hors agglomération,Hors intersection,Autre,Autre collision,,,,,,,,,,,1,1,1,9.0,6.0
201000003241,0010-12-12 17:45:00,10,12,12,17,45,440,125,501 RUE DE NORVORET,47.384,-2.522,Nuit avec éclairage allumé,En agglomération,Hors intersection,Normale,Deux véhicules - arrière,,,,,,,,,,,5,2,1,1.0,2.0
201000003242,0010-02-17 19:30:00,10,2,17,19,30,440,210,,,,Nuit sans éclairage public,Hors agglomération,Hors intersection,Normale,Sans collision,,,,,,,,,,,3,1,1,1.0,7.0
201000003243,0010-03-21 18:00:00,10,3,21,18,0,440,52,,47.387,-2.134,Plein jour,Hors agglomération,Hors intersection,Normale,Autre collision,,,,,,,,,,,1,1,1,1.0,6.0
201000003244,0010-04-03 16:30:00,10,4,3,16,30,440,103,92 rue Jean JAURES,,,Plein jour,En agglomération,Hors intersection,Autre,Deux véhicules - côté,,,,,,,,,,,1,2,1,9.0,3.0
201000003245,0010-04-22 18:00:00,10,4,22,18,0,440,103,,47.288,-2.17,Plein jour,Hors agglomération,Hors intersection,Normale,Autre collision,,,,,,,,,,,1,1,1,1.0,6.0
201000003246,0010-05-19 15:45:00,10,5,19,15,45,440,103,,47.282,-2.165,Plein jour,Hors agglomération,Hors intersection,Normale,Deux véhicules - frontale,,,,,,,,,,,1,1,1,1.0,1.0
201000003247,0010-06-04 20:45:00,10,6,4,20,45,440,168,RUE DU MILLAUD,47.39,-2.206,Plein jour,En agglomération,Hors intersection,Normale,Deux véhicules - frontale,,,,,,,,,,,1,2,1,1.0,1.0
201000003248,0010-06-19 16:45:00,10,6,19,16,45,440,210,Route de Certé,47.303,-2.205,Plein jour,En agglomération,Hors intersection,Normale,Autre collision,,,,,,,,,,,1,2,1,1.0,6.0
201000003249,0010-08-28 15:15:00,10,8,28,15,15,440,52,,47.324,-2.071,Plein jour,En agglomération,Intersection en X,Normale,Deux véhicules - côté,,,,,,,,,,,1,2,2,1.0,3.0
201000003250,0010-08-29 11:30:00,10,8,29,11,30,440,52,rue des écoles,47.323,-2.06999,Plein jour,En agglomération,Hors intersection,Normale,Deux véhicules - côté,,,,,,,,,,,1,2,1,1.0,3.0
201000003251,0010-08-30 08:45:00,10,8,30,8,45,440,52,,47.34,-2.09399,Plein jour,Hors agglomération,Giratoire,Normale,Sans collision,,,,,,,,,,,1,1,6,1.0,7.0
201000003252,0010-09-16 06:45:00,10,9,16,6,45,440,52,,47.341,-2.096,Nuit sans éclairage public,Hors agglomération,Giratoire,Normale,Sans collision,,,,,,,,,,,3,1,6,1.0,7.0
201000003253,0010-10-06 06:45:00,10,10,6,6,45,440,103,FACEN°52 RUE DES PATURES,47.335,-2.184,Crépuscule ou aube,En agglomération,Hors intersection,Pluie légère,Deux véhicules - côté,,,,,,,,,,,2,2,1,2.0,3.0
201000003254,0010-10-10 20:30:00,10,10,10,20,30,440,210,Rue du petit Méan,,,Nuit avec éclairage allumé,En agglomération,Hors intersection,Normale,Deux véhicules - côté,,,,,,,,,,,5,2,1,1.0,3.0
201000003255,0010-02-08 19:15:00,10,2,8,19,15,440,161,,47.494,-2.04999,Nuit avec éclairage allumé,Hors agglomération,Hors intersection,Normale,Deux véhicules - côté,,,,,,,,,,,5,1,1,1.0,3.0
201000003256,0010-03-20 19:15:00,10,3,20,19,15,440,189,,47.442,-2.167,Nuit sans éclairage public,Hors agglomération,Hors intersection,Pluie légère,Deux véhicules - côté,,,,,,,,,,,3,1,1,2.0,3.0
201000003257,0010-04-15 07:45:00,10,4,15,7,45,440,129,,47.467,-2.113,Plein jour,Hors agglomération,Hors intersection,Normale,Deux véhicules - côté,,,,,,,,,,,1,1,1,1.0,3.0
201000003258,0010-04-23 13:30:00,10,4,23,13,30,440,50,,47.403,-2.184,Plein jour,Hors agglomération,Hors intersection,Normale,Autre collision,,,,,,,,,,,1,1,1,1.0,6.0
201000003259,0010-05-23 18:15:00,10,5,23,18,15,440,98,54 rue de la sureté,47.481,-2.162,Plein jour,En agglomération,Hors intersection,Normale,Deux véhicules - frontale,,,,,,,,,,,1,2,1,1.0,1.0
201000003260,0010-05-28 20:00:00,10,5,28,20,0,440,196,,47.547,-2.12,Plein jour,Hors agglomération,Hors intersection,Normale,Autre collision,,,,,,,,,,,1,1,1,1.0,6.0
201000003261,0010-06-22 17:30:00,10,6,22,17,30,440,50,,47.396,-2.123,Plein jour,Hors agglomération,Autre intersection,Normale,Autre collision,,,,,,,,,,,1,1,9,1.0,6.0