accident_id,datetime,annee,mois,jour,heure,minute,departement,commune_insee,adresse,latitude,longitude,luminosite,agglomeration,intersection,meteo,collision,nb_vehicules,nb_usagers,nb_indemnes,nb_tues,nb_blesses_hosp,nb_blesses_legers,age_cond_1,age_cond_2,veh_type_cond_1,veh_type_cond_2,lum_code,agg_code,int_code,atm_code,col_code
201000003651,0010-03-19 19:30:00,10,3,19,19,30,10,283,"125, VERDUN (COURS DE DU",,,Crépuscule ou aube,En agglomération,Hors intersection,Normale,Deux véhicules - côté,,,,,,,,,,,2,2,1,1.0,3.0
201000003652,0010-04-10 15:45:00,10,4,10,15,45,10,14,"8, EMBOUTEILLOU (ALLEE D",,,Plein jour,En agglomération,Hors intersection,Normale,Deux véhicules - frontale,,,,,,,,,,,1,2,1,1.0,1.0
201000003653,0010-04-17 19:55:00,10,4,17,19,55,10,14,"901, RUE DU POINT B",,,Crépuscule ou aube,En agglomération,Hors intersection,Normale,Deux véhicules - côté,,,,,,,,,,,2,2,1,1.0,3.0
201000003654,0010-05-22 20:15:00,10,5,22,20,15,10,14,RUE DU POINT B,,,Nuit avec éclairage allumé,Hors agglomération,Hors intersection,Normale,Deux véhicules - arrière,,,,,,,,,,,5,1,1,1.0,2.0
201000003655,0010-06-05 19:25:00,10,6,5,19,25,10,283,"5, ARAGO",,,Plein jour,En agglomération,Intersection en X,Normale,Deux véhicules - côté,,,,,,,,,,,1,2,2,1.0,3.0
201000003656,0010-06-10 14:30:00,10,6,10,14,30,10,283,"34, CASTELLION",,,Plein jour,En agglomération,Hors intersection,Normale,Deux véhicules - côté,,,,,,,,,,,1,2,1,1.0,3.0
201000003657,0010-07-05 17:30:00,10,7,5,17,30,10,283,"93A, VERDUN (COURS DE DU",,,Plein jour,En agglomération,Hors intersection,Normale,Deux véhicules - côté,,,,,,,,,,,1,2,1,1.0,3.0
201000003658,0010-07-13 18:10:00,10,7,13,18,10,10,283,", DUPUY (BOULEVARD LOUIS",,,Plein jour,En agglomération,Intersection en T,Normale,Deux véhicules - arrière,,,,,,,,,,,1,2,3,1.0,2.0
201000003659,0010-07-13 19:45:00,10,7,13,19,45,10,283,"26, FRANCE (RUE A. DU 1/",,,Plein jour,En agglomération,Intersection en T,Normale,Deux véhicules - côté,,,,,,,,,,,1,2,3,1.0,3.0
201000003660,0010-08-22 20:10:00,10,8,22,20,10,10,283,"27, NORMANDIE NIEMEN (AV",,,Plein jour,En agglomération,Hors intersection,Normale,Autre collision,,,,,,,,,,,1,2,1,1.0,6.0
201000003661,0010-10-03 17:45:00,10,10,3,17,45,10,14,"13, RUE DE LA GARE",,,Plein jour,En agglomération,Hors intersection,Normale,Deux véhicules - arrière,,,,,,,,,,,1,2,1,1.0,2.0
201000003662,0010-11-08 20:05:00,10,11,8,20,5,10,283,ROUTE DE DORTAN,,,Nuit sans éclairage public,Hors agglomération,Hors intersection,Pluie légère,Deux véhicules - frontale,,,,,,,,,,,3,1,1,2.0,1.0
201000003663,0010-11-11 13:30:00,10,11,11,13,30,10,283,RABELAIS,,,Plein jour,En agglomération,Hors intersection,Normale,Deux véhicules - arrière,,,,,,,,,,,1,2,1,1.0,2.0
201000003664,0010-12-20 13:45:00,10,12,20,13,45,10,283,"2, VAILLANT COUTURIER",,,Plein jour,En agglomération,Intersection en T,Normale,Autre collision,,,,,,,,,,,1,2,3,1.0,6.0
201000003665,0010-01-13 16:00:00,10,1,13,16,0,720,118,,,,Plein jour,Hors agglomération,Hors intersection,Normale,Autre collision,,,,,,,,,,,1,1,1,1.0,6.0
201000003666,0010-01-17 01:45:00,10,1,17,1,45,720,42,,47.981,0.54,Nuit sans éclairage public,Hors agglomération,Giratoire,Pluie légère,Sans collision,,,,,,,,,,,3,1,6,2.0,7.0
201000003667,0010-06-23 07:15:00,10,6,23,7,15,720,42,13 RUE NATIONALE 72440 B,47.977,0.553,Plein jour,En agglomération,Intersection en X,Normale,Deux véhicules - côté,,,,,,,,,,,1,2,2,1.0,3.0
201000003668,0010-01-26 07:45:00,10,1,26,7,45,720,358,,48.033,0.495,Nuit sans éclairage public,Hors agglomération,Hors intersection,Normale,Sans collision,,,,,,,,,,,3,1,1,1.0,7.0
201000003669,0010-02-25 17:00:00,10,2,25,17,0,720,300,,,,Plein jour,Hors agglomération,Intersection en X,Normale,Deux véhicules - côté,,,,,,,,,,,1,1,2,1.0,3.0
201000003670,0010-04-12 18:00:00,10,4,12,18,0,720,46,rue gambetta,,,Plein jour,En agglomération,Hors intersection,Normale,Deux véhicules - côté,,,,,,,,,,,1,2,1,1.0,3.0
201000003671,0010-05-15 03:15:00,10,5,15,3,15,720,46,Intersect rue GAMBETTA,48.016,0.479,Nuit avec éclairage allumé,En agglomération,Hors intersection,Normale,Autre collision,,,,,,,,,,,5,2,1,1.0,6.0
201000003672,0010-05-29 00:15:00,10,5,29,0,15,720,386,,48.006,0.287,Nuit sans éclairage public,Hors agglomération,Hors intersection,Normale,Sans collision,,,,,,,,,,,3,1,1,1.0,7.0
201000003673,0010-06-06 02:00:00,10,6,6,2,0,720,129,,48.043,0.343,Nuit sans éclairage public,Hors agglomération,Hors intersection,Normale,Sans collision,,,,,,,,,,,3,1,1,1.0,7.0
201000003674,0010-06-05 17:15:00,10,6,5,17,15,720,386,chemin de Beaulieu,48.023,0.263,Plein jour,En agglomération,Hors intersection,Normale,Sans collision,,,,,,,,,,,1,2,1,1.0,7.0
201000003675,0010-07-04 19:00:00,10,7,4,19,0,720,165,,48.086,0.426,Plein jour,Hors agglomération,Hors intersection,Normale,Sans collision,,,,,,,,,,,1,1,1,1.0,7.0
201000003676,0010-07-08 18:45:00,10,7,8,18,45,720,300,,,,Plein jour,Hors agglomération,Hors intersection,Normale,Deux véhicules - côté,,,,,,,,,,,1,1,1,1.0,3.0
201000003677,0010-07-27 17:30:00,10,7,27,17,30,720,386,,48.006,0.251,Plein jour,Hors agglomération,Hors intersection,Normale,Deux véhicules - frontale,,,,,,,,,,,1,1,1,1.0,1.0
201000003678,0010-08-05 11:00:00,10,8,5,11,0,720,386,,48.007,0.252,Plein jour,Hors agglomération,Intersection en X,Normale,Autre collision,,,,,,,,,,,1,1,2,1.0,6.0
201000003679,0010-08-09 05:45:00,10,8,9,5,45,720,46,,,,Nuit sans éclairage public,Hors agglomération,Hors intersection,Normale,Deux véhicules - frontale,,,,,,,,,,,3,1,1,1.0,1.0
201000003680,0010-08-29 06:30:00,10,8,29,6,30,720,341,,48.026,0.455,Crépuscule ou aube,Hors agglomération,Hors intersection,Normale,Sans collision,,,,,,,,,,,2,1,1,1.0,7.0
201000003681,0010-10-28 17:45:00,10,10,28,17,45,720,54,rond point de champagné,,,Plein jour,En agglomération,Giratoire,Normale,Deux véhicules - côté,,,,,,,,,,,1,2,6,1.0,3.0
201000003682,0010-11-01 01:00:00,10,11,1,1,0,720,358,,48.039,0.547,Nuit sans éclairage public,Hors agglomération,Hors intersection,Normale,Autre collision,,,,,,,,,,,3,1,1,1.0,6.0
201000003683,0010-02-02 08:30:00,10,2,2,8,30,720,26,,48.166,0.407,Plein jour,Hors agglomération,Hors intersection,Normale,Deux véhicules - côté,,,,,,,,,,,1,1,1,1.0,3.0
201000003684,0010-04-03 17:45:00,10,4,3,17,45,720,328,,48.047,0.252,Plein jour,Hors agglomération,Hors intersection,Pluie forte,Trois véhicules et plus - collisions multiples,,,,,,,,,,,1,1,1,3.0,5.0
201000003685,0010-04-02 17:00:00,10,4,2,17,0,720,217,,48.081,0.179,Plein jour,Hors agglomération,Autre intersection,Pluie forte,Autre collision,,,,,,,,,,,1,1,9,3.0,6.0
201000003686,0010-04-19 17:30:00,10,4,19,17,30,720,150,,48.115,0.207,Plein jour,Hors agglomération,Hors intersection,Normale,Deux véhicules - côté,,,,,,,,,,,1,1,1,1.0,3.0
201000003687,0010-04-29 17:45:00,10,4,29,17,45,720,205,rue PAILLARD DUCLERE,,,Plein jour,En agglomération,Giratoire,Normale,Deux véhicules - frontale,,,,,,,,,,,1,2,6,1.0,1.0
201000003688,0010-07-31 18:15:00,10,7,31,18,15,720,289,,48.155,0.153,Plein jour,Hors agglomération,Hors intersection,Normale,Deux véhicules - arrière,,,,,,,,,,,1,1,1,1.0,2.0
201000003689,0010-08-06 07:45:00,10,8,6,7,45,720,275,,48.095,0.354,Crépuscule ou aube,Hors agglomération,Intersection en X,Normale,Deux véhicules - côté,,,,,,,,,,,2,1,2,1.0,3.0
201000003690,0010-08-18 23:30:00,10,8,18,23,30,720,147,,48.131,0.201,Nuit sans éclairage public,Hors agglomération,Hors intersection,Normale,Autre collision,,,,,,,,,,,3,1,1,1.0,6.0
201000003691,0010-09-06 08:15:00,10,9,6,8,15,720,290,rue de la Perrière,48.157,0.126,Plein jour,En agglomération,Hors intersection,Pluie légère,Sans collision,,,,,,,,,,,1,2,1,2.0,7.0
201000003692,0010-10-08 07:45:00,10,10,8,7,45,720,217,,48.065,0.212,Plein jour,Hors agglomération,Hors intersection,Normale,Deux véhicules - arrière,,,,,,,,,,,1,1,1,1.0,2.0
201000003693,0010-10-12 07:30:00,10,10,12,7,30,720,329,,48.075,0.292,Crépuscule ou aube,Hors agglomération,Hors intersection,Normale,Deux véhicules - côté,,,,,,,,,,,2,1,1,1.0,3.0
201000003694,0010-11-20 11:45:00,10,11,20,11,45,720,23,,48.195,0.218,Plein jour,Hors agglomération,Hors intersection,Temps couvert,Sans collision,,,,,,,,,,,1,1,1,8.0,7.0
201000003695,0010-01-20 14:45:00,10,1,20,14,45,720,146,,47.873,0.09,Plein jour,Hors agglomération,Hors intersection,Normale,Sans collision,,,,,,,,,,,1,1,1,1.0,7.0
201000003696,0010-01-22 03:00:00,10,1,22,3,0,720,346,,47.877,0.014,Nuit sans éclairage public,Hors agglomération,Hors intersection,Normale,Autre collision,,,,,,,,,,,3,1,1,1.0,6.0
201000003697,0010-01-31 12:15:00,10,1,31,12,15,720,75,,47.93,-0.021,Plein jour,Hors agglomération,Hors intersection,Normale,Sans collision,,,,,,,,,,,1,1,1,1.0,7.0
201000003698,0010-02-23 18:30:00,10,2,23,18,30,720,381,,47.918,0.07,Nuit sans éclairage public,Hors agglomération,Hors intersection,Normale,Deux véhicules - côté,,,,,,,,,,,3,1,1,1.0,3.0
201000003699,0010-02-24 19:00:00,10,2,24,19,0,720,360,"13, route Nationale",48.027,0.095,Nuit avec éclairage allumé,En agglomération,Hors intersection,Pluie forte,Autre collision,,,,,,,,,,,5,2,1,3.0,6.0
201000003700,0010-02-27 23:30:00,10,2,27,23,30,720,73,,,,Nuit sans éclairage public,Hors agglomération,Hors intersection,Pluie forte,Deux véhicules - frontale,,,,,,,,,,,3,1,1,3.0,1.0
201000003701,0010-03-06 19:00:00,10,3,6,19,0,720,247,,,,Nuit sans éclairage public,Hors agglomération,Hors intersection,Normale,Autre collision,,,,,,,,,,,3,1,1,1.0,6.0
201000003702,0010-03-19 01:00:00,10,3,19,1,0,720,344,,47.932,0.158,Nuit sans éclairage public,Hors agglomération,Hors intersection,Normale,Sans collision,,,,,,,,,,,3,1,1,1.0,7.0
201000003703,0010-04-15 17:45:00,10,4,15,17,45,720,107,,47.974,-0.034,Plein jour,Hors agglomération,Hors intersection,Normale,Trois véhicules et plus - collisions multiples,,,,,,,,,,,1,1,1,1.0,5.0
201000003704,0010-04-28 17:15:00,10,4,28,17,15,720,346,,47.895,0.043,Plein jour,Hors agglomération,Hors intersection,Normale,Deux véhicules - côté,,,,,,,,,,,1,1,1,1.0,3.0
201000003705,0010-05-19 13:15:00,10,5,19,13,15,720,168,,48.003,-0.163,Plein jour,Hors agglomération,Hors intersection,Normale,Sans collision,,,,,,,,,,,1,1,1,1.0,7.0
201000003706,0010-05-23 06:15:00,10,5,23,6,15,720,339,,47.981,0.012,Crépuscule ou aube,Hors agglomération,Hors intersection,Normale,Autre collision,,,,,,,,,,,2,1,1,1.0,6.0
201000003707,0010-06-01 17:45:00,10,6,1,17,45,720,96,,,,Plein jour,Hors agglomération,Hors intersection,Normale,Trois véhicules et plus - en chaîne,,,,,,,,,,,1,1,1,1.0,4.0
201000003708,0010-06-17 20:00:00,10,6,17,20,0,720,146,rue pablo picaso,47.883,0.144,Plein jour,En agglomération,Hors intersection,Normale,Deux véhicules - frontale,,,,,,,,,,,1,2,1,1.0,1.0
201000003709,0010-07-26 15:45:00,10,7,26,15,45,720,253,,47.923,0.065,Plein jour,Hors agglomération,Hors intersection,Normale,Deux véhicules - frontale,,,,,,,,,,,1,1,1,1.0,1.0
201000003710,0010-08-24 11:15:00,10,8,24,11,15,720,360,,48.023,0.131,Plein jour,Hors agglomération,Hors intersection,Normale,Deux véhicules - frontale,,,,,,,,,,,1,1,1,1.0,1.0
201000003711,0010-09-06 18:30:00,10,9,6,18,30,720,96,,48.025,0.021,Plein jour,Hors agglomération,Hors intersection,Normale,Autre collision,,,,,,,,,,,1,1,1,1.0,6.0
201000003712,0010-09-22 07:30:00,10,9,22,7,30,720,253,,,,Plein jour,Hors agglomération,Hors intersection,Normale,Deux véhicules - frontale,,,,,,,,,,,1,1,1,1.0,1.0
201000003713,0010-10-14 17:45:00,10,10,14,17,45,720,253,,,,Plein jour,Hors agglomération,Hors intersection,Normale,Deux véhicules - frontale,,,,,,,,,,,1,1,1,1.0,1.0
201000003714,0010-10-16 12:15:00,10,10,16,12,15,720,247,,47.982,0.114,Plein jour,Hors agglomération,Intersection en X,Temps couvert,Deux véhicules - côté,,,,,,,,,,,1,1,2,8.0,3.0
201000003715,0010-11-05 16:45:00,10,11,5,16,45,720,346,,,,Plein jour,Hors agglomération,Hors intersection,Normale,Deux véhicules - côté,,,,,,,,,,,1,1,1,1.0,3.0
201000003716,0010-07-14 13:45:00,10,7,14,13,45,720,84,,47.732,-0.009,Plein jour,Hors agglomération,Hors intersection,Normale,Deux véhicules - frontale,,,,,,,,,,,1,1,1,1.0,1.0
201000003717,0010-09-17 07:30:00,10,9,17,7,30,720,154,,47.701,-0.074,Crépuscule ou aube,En agglomération,Hors intersection,Brouillard / fumée,Deux véhicules - côté,,,,,,,,,,,2,2,1,5.0,3.0
201000003718,0010-10-06 17:15:00,10,10,6,17,15,720,154,BOULEVARD DE MONTREAL,47.702,-0.07,Plein jour,En agglomération,Hors intersection,Temps couvert,Autre collision,,,,,,,,,,,1,2,1,8.0,6.0
201000003719,0010-11-13 11:00:00,10,11,13,11,0,720,154,Bd du Québec,47.709,-0.09,Plein jour,En agglomération,Hors intersection,Pluie légère,Deux véhicules - frontale,,,,,,,,,,,1,2,1,2.0,1.0
201000003720,0010-11-15 17:30:00,10,11,15,17,30,720,110,,,,Crépuscule ou aube,Hors agglomération,Hors intersection,Normale,Autre collision,,,,,,,,,,,2,1,1,1.0,6.0
201000003721,0010-12-20 09:15:00,10,12,20,9,15,720,154,,47.713,-0.042,Plein jour,Hors agglomération,Intersection en X,Pluie légère,Deux véhicules - côté,,,,,,,,,,,1,1,2,2.0,3.0
201000003722,0010-12-17 12:30:00,10,12,17,12,30,720,154,Boulevard du Québec,47.706,-0.085,Plein jour,En agglomération,Giratoire,Normale,Deux véhicules - frontale,,,,,,,,,,,1,2,6,1.0,1.0
201000003723,0010-01-22 15:15:00,10,1,22,15,15,720,28,,47.745,0.391,Plein jour,Hors agglomération,Hors intersection,Normale,Deux véhicules - frontale,,,,,,,,,,,1,1,1,1.0,1.0
201000003724,0010-03-01 14:00:00,10,3,1,14,0,720,376,,47.864,0.486,Plein jour,Hors agglomération,Hors intersection,Normale,Sans collision,,,,,,,,,,,1,1,1,1.0,7.0
201000003725,0010-06-06 05:30:00,10,6,6,5,30,720,384,,47.709,0.466,Plein jour,Hors agglomération,Hors intersection,Normale,Sans collision,,,,,,,,,,,1,1,1,1.0,7.0
201000003726,0010-08-01 21:15:00,10,8,1,21,15,720,248,,47.831,0.426,Crépuscule ou aube,Hors agglomération,Hors intersection,Normale,Autre collision,,,,,,,,,,,2,1,1,1.0,6.0
201000003727,0010-08-04 12:00:00,10,8,4,12,0,720,173,,,,Plein jour,En agglomération,Place,Normale,Deux véhicules - frontale,,,,,,,,,,,1,2,7,1.0,1.0
201000003728,0010-09-11 17:45:00,10,9,11,17,45,720,161,,,,Plein jour,Hors agglomération,Hors intersection,Normale,Deux véhicules - frontale,,,,,,,,,,,1,1,1,1.0,1.0
201000003729,0010-09-25 19:15:00,10,9,25,19,15,720,161,,,,Plein jour,Hors agglomération,Hors intersection,Normale,Trois véhicules et plus - collisions multiples,,,,,,,,,,,1,1,1,1.0,5.0
201000003730,0010-10-30 21:30:00,10,10,30,21,30,720,143,CD 304 - rue du Trac,47.868,0.477,Nuit avec éclairage allumé,En agglomération,Hors intersection,Normale,Deux véhicules - côté,,,,,,,,,,,5,2,1,1.0,3.0
201000003731,0010-11-03 05:15:00,10,11,3,5,15,720,384,39 route de Tours,,,Nuit avec éclairage allumé,En agglomération,Hors intersection,Normale,Deux véhicules - frontale,,,,,,,,,,,5,2,1,1.0,1.0
201000003732,0010-01-11 18:30:00,10,1,11,18,30,720,22,,47.769,-0.19,Nuit sans éclairage public,Hors agglomération,Hors intersection,Normale,Deux véhicules - côté,,,,,,,,,,,3,1,1,1.0,3.0
201000003733,0010-01-18 08:00:00,10,1,18,8,0,720,50,,48.004,-0.221,Nuit sans éclairage public,Hors agglomération,Hors intersection,Brouillard / fumée,Deux véhicules - frontale,,,,,,,,,,,3,1,1,5.0,1.0
201000003734,0010-02-27 17:15:00,10,2,27,17,15,720,50,,47.98,-0.224,Plein jour,Hors agglomération,Hors intersection,Temps couvert,Autre collision,,,,,,,,,,,1,1,1,8.0,6.0
201000003735,0010-06-03 22:30:00,10,6,3,22,30,720,195,,47.853,0.028,Nuit sans éclairage public,Hors agglomération,Hors intersection,Normale,Sans collision,,,,,,,,,,,3,1,1,1.0,7.0
201000003736,0010-06-25 19:45:00,10,6,25,19,45,720,274,,47.964,-0.139,Plein jour,Hors agglomération,Hors intersection,Normale,Deux véhicules - frontale,,,,,,,,,,,1,1,1,1.0,1.0
201000003737,0010-07-08 16:00:00,10,7,8,16,0,720,377,place de l 'église,47.769,-0.099,Plein jour,En agglomération,Hors intersection,Normale,Deux véhicules - arrière,,,,,,,,,,,1,2,1,1.0,2.0
201000003738,0010-08-10 14:30:00,10,8,10,14,30,720,223,,47.865,-0.105,Plein jour,Hors agglomération,Hors intersection,Normale,Sans collision,,,,,,,,,,,1,1,1,1.0,7.0
201000003739,0010-09-19 07:30:00,10,9,19,7,30,720,195,,47.812,-0.073,Plein jour,Hors agglomération,Hors intersection,Normale,Autre collision,,,,,,,,,,,1,1,1,1.0,6.0
201000003740,0010-09-21 15:15:00,10,9,21,15,15,720,223,,47.876,-0.114,Plein jour,Hors agglomération,Hors intersection,Temps éblouissant,Deux véhicules - arrière,,,,,,,,,,,1,1,1,7.0,2.0
201000003741,0010-11-15 20:30:00,10,11,15,20,30,720,50,,47.978,-0.23,Nuit sans éclairage public,Hors agglomération,Hors intersection,Normale,Autre collision,,,,,,,,,,,3,1,1,1.0,6.0
201000003742,0010-01-26 17:30:00,10,1,26,17,30,720,77,,47.588,0.363,Plein jour,Hors agglomération,Hors intersection,Normale,Deux véhicules - frontale,,,,,,,,,,,1,1,1,1.0,1.0
201000003743,0010-02-27 15:00:00,10,2,27,15,0,720,117,,,,Plein jour,Hors agglomération,Intersection en X,Temps couvert,Deux véhicules - côté,,,,,,,,,,,1,1,2,8.0,3.0
201000003744,0010-02-28 05:00:00,10,2,28,5,0,720,357,,,,Nuit sans éclairage public,Hors agglomération,Hors intersection,Vent fort / tempête,Deux véhicules - arrière,,,,,,,,,,,3,1,1,6.0,2.0
201000003745,0010-04-03 19:45:00,10,4,3,19,45,720,49,,47.655,0.356,Crépuscule ou aube,Hors agglomération,Hors intersection,Pluie légère,Autre collision,,,,,,,,,,,2,1,1,2.0,6.0
201000003746,0010-04-28 22:00:00,10,4,28,22,0,720,176,,47.654,0.138,Nuit sans éclairage public,Hors agglomération,Hors intersection,Normale,Deux véhicules - frontale,,,,,,,,,,,3,1,1,1.0,1.0
201000003747,0010-05-15 15:30:00,10,5,15,15,30,720,182,,47.719,0.133,Plein jour,Hors agglomération,Hors intersection,Normale,Autre collision,,,,,,,,,,,1,1,1,1.0,6.0
201000003748,0010-05-15 18:15:00,10,5,15,18,15,720,243,Rue du 08 Mai,47.759,0.193,Plein jour,En agglomération,Hors intersection,Normale,Deux véhicules - arrière,,,,,,,,,,,1,2,1,1.0,2.0
201000003749,0010-05-20 07:15:00,10,5,20,7,15,720,77,,47.592,0.365,Plein jour,Hors agglomération,Intersection en X,Normale,Deux véhicules - côté,,,,,,,,,,,1,1,2,1.0,3.0
201000003750,0010-05-20 21:00:00,10,5,20,21,0,720,226,,47.809,0.122,Plein jour,Hors agglomération,Hors intersection,Normale,Autre collision,,,,,,,,,,,1,1,1,1.0,6.0
201000003751,0010-06-19 15:15:00,10,6,19,15,15,720,182,,47.765,0.123,Plein jour,Hors agglomération,Hors intersection,Normale,Deux véhicules - côté,,,,,,,,,,,1,1,1,1.0,3.0
201000003752,0010-07-07 09:15:00,10,7,7,9,15,720,291,,47.778,0.026,Plein jour,Hors agglomération,Hors intersection,Normale,Deux véhicules - côté,,,,,,,,,,,1,1,1,1.0,3.0
201000003753,0010-07-27 17:00:00,10,7,27,17,0,720,226,,47.823,0.094,Plein jour,Hors agglomération,Hors intersection,Normale,Sans collision,,,,,,,,,,,1,1,1,1.0,7.0
201000003754,0010-08-01 03:30:00,10,8,1,3,30,720,191,,,,Nuit sans éclairage public,Hors agglomération,Hors intersection,Normale,Sans collision,,,,,,,,,,,3,1,1,1.0,7.0
201000003755,0010-08-14 11:30:00,10,8,14,11,30,720,13,,47.679,0.31,Plein jour,Hors agglomération,Hors intersection,Pluie légère,Sans collision,,,,,,,,,,,1,1,1,2.0,7.0
201000003756,0010-09-03 11:00:00,10,9,3,11,0,720,182,Cd31/ bd fromenteau,47.753,0.135,Plein jour,En agglomération,Hors intersection,Normale,Deux véhicules - frontale,,,,,,,,,,,1,2,1,1.0,1.0
201000003757,0010-09-09 22:30:00,10,9,9,22,30,720,191,,,,Nuit sans éclairage public,Hors agglomération,Hors intersection,Normale,Sans collision,,,,,,,,,,,3,1,1,1.0,7.0
201000003758,0010-09-09 06:45:00,10,9,9,6,45,720,175,,47.715,0.053,Crépuscule ou aube,Hors agglomération,Hors intersection,Brouillard / fumée,Deux véhicules - frontale,,,,,,,,,,,2,1,1,5.0,1.0
201000003759,0010-09-18 14:30:00,10,9,18,14,30,720,283,,,,Plein jour,Hors agglomération,Hors intersection,Normale,Sans collision,,,,,,,,,,,1,1,1,1.0,7.0
201000003760,0010-10-21 09:00:00,10,10,21,9,0,720,51,,,,Plein jour,Hors agglomération,Hors intersection,Temps éblouissant,Deux véhicules - arrière,,,,,,,,,,,1,1,1,7.0,2.0
201000003761,0010-11-20 11:30:00,10,11,20,11,30,720,51,RUE DE LA FONTAINE,47.832,0.079,Plein jour,En agglomération,Hors intersection,Normale,Sans collision,,,,,,,,,,,1,2,1,1.0,7.0
201000003762,0010-11-29 08:30:00,10,11,29,8,30,720,357,,47.693,0.046,Crépuscule ou aube,Hors agglomération,Hors intersection,Normale,Deux véhicules - frontale,,,,,,,,,,,2,1,1,1.0,1.0
201000003763,0010-12-02 10:00:00,10,12,2,10,0,720,176,boulevard FISSON,47.649,0.157,Plein jour,En agglomération,Hors intersection,Normale,Autre collision,,,,,,,,,,,1,2,1,1.0,6.0
201000003764,0010-12-11 13:45:00,10,12,11,13,45,720,357,,47.678,0.053,Plein jour,Hors agglomération,Hors intersection,Normale,Autre collision,,,,,,,,,,,1,1,1,1.0,6.0
201000003765,0010-01-22 21:45:00,10,1,22,21,45,720,264,route du Mans,47.843,-0.324,Nuit avec éclairage allumé,En agglomération,Hors intersection,Normale,Autre collision,,,,,,,,,,,5,2,1,1.0,6.0
201000003766,0010-04-29 14:30:00,10,4,29,14,30,720,378,,,,Plein jour,Hors agglomération,Hors intersection,Normale,Trois véhicules et plus - collisions multiples,,,,,,,,,,,1,1,1,1.0,5.0
201000003767,0010-05-03 10:15:00,10,5,3,10,15,720,167,,47.794,-0.246,Plein jour,Hors agglomération,Hors intersection,Temps couvert,Trois véhicules et plus - collisions multiples,,,,,,,,,,,1,1,1,8.0,5.0
201000003768,0010-06-04 09:30:00,10,6,4,9,30,720,378,,47.811,-0.274,Plein jour,Hors agglomération,Hors intersection,Normale,Trois véhicules et plus - collisions multiples,,,,,,,,,,,1,1,1,1.0,5.0
201000003769,0010-06-05 09:00:00,10,6,5,9,0,720,61,,,,Plein jour,Hors agglomération,Hors intersection,Normale,Autre collision,,,,,,,,,,,1,1,1,1.0,6.0
201000003770,0010-07-08 10:15:00,10,7,8,10,15,720,264,,47.854,-0.35,Plein jour,Hors agglomération,Hors intersection,Normale,Autre collision,,,,,,,,,,,1,1,1,1.0,6.0
201000003771,0010-07-17 15:45:00,10,7,17,15,45,720,61,,47.741,-0.234,Plein jour,Hors agglomération,Hors intersection,Normale,Deux véhicules - frontale,,,,,,,,,,,1,1,1,1.0,1.0
201000003772,0010-07-17 10:15:00,10,7,17,10,15,720,151,rue Raymond Dubois,47.86,-0.29,Plein jour,En agglomération,Hors intersection,Normale,Deux véhicules - frontale,,,,,,,,,,,1,2,1,1.0,1.0
201000003773,0010-07-20 09:30:00,10,7,20,9,30,720,167,,47.78,-0.23,Plein jour,Hors agglomération,Hors intersection,Normale,Deux véhicules - arrière,,,,,,,,,,,1,1,1,1.0,2.0
201000003774,0010-09-23 01:00:00,10,9,23,1,0,720,343,rue principale,47.83,-0.389,Nuit avec éclairage allumé,En agglomération,Hors intersection,Normale,Deux véhicules - frontale,,,,,,,,,,,5,2,1,1.0,1.0
201000003775,0010-10-02 20:00:00,10,10,2,20,0,720,16,,47.913,-0.366,Plein jour,Hors agglomération,Hors intersection,Normale,Autre collision,,,,,,,,,,,1,1,1,1.0,6.0
201000003776,0010-10-01 18:30:00,10,10,1,18,30,720,236,,47.803,-0.355,Plein jour,Hors agglomération,Hors intersection,Pluie légère,Autre collision,,,,,,,,,,,1,1,1,2.0,6.0
201000003777,0010-10-04 11:15:00,10,10,4,11,15,720,264,RUE DU MANS,47.849,-0.345,Plein jour,En agglomération,Hors intersection,Temps couvert,Autre collision,,,,,,,,,,,1,2,1,8.0,6.0
201000003778,0010-10-07 09:15:00,10,10,7,9,15,720,378,,47.802,-0.26,Plein jour,Hors agglomération,Hors intersection,Normale,Deux véhicules - arrière,,,,,,,,,,,1,1,1,1.0,2.0
201000003779,0010-01-04 17:30:00,10,1,4,17,30,720,188,Rue principale,,,Crépuscule ou aube,En agglomération,Hors intersection,Normale,Deux véhicules - frontale,,,,,,,,,,,2,2,1,1.0,1.0
201000003780,0010-03-13 11:00:00,10,3,13,11,0,720,202,,48.289,0.347,Plein jour,Hors agglomération,Hors intersection,Temps couvert,Deux véhicules - frontale,,,,,,,,,,,1,1,1,8.0,1.0
201000003781,0010-04-02 16:15:00,10,4,2,16,15,720,295,,48.357,0.346,Plein jour,Hors agglomération,Hors intersection,Normale,Deux véhicules - frontale,,,,,,,,,,,1,1,1,1.0,1.0
201000003782,0010-07-04 17:00:00,10,7,4,17,0,720,316,,48.331,0.387,Plein jour,Hors agglomération,Hors intersection,Normale,Deux véhicules - frontale,,,,,,,,,,,1,1,1,1.0,1.0