accident_id,datetime,annee,mois,jour,heure,minute,departement,commune_insee,adresse,latitude,longitude,luminosite,agglomeration,intersection,meteo,collision,nb_vehicules,nb_usagers,nb_indemnes,nb_tues,nb_blesses_hosp,nb_blesses_legers,age_cond_1,age_cond_2,veh_type_cond_1,veh_type_cond_2,lum_code,agg_code,int_code,atm_code,col_code
201000004443,0010-10-22 21:15:00,10,10,22,21,15,240,350,,45.177,0.61,Nuit avec éclairage allumé,Hors agglomération,Hors intersection,Normale,Trois véhicules et plus - collisions multiples,,,,,,,,,,,5,1,1,1.0,5.0
201000004444,0010-12-12 17:45:00,10,12,12,17,45,240,372,ROUTE DES MARES DE MAREU,,,Plein jour,En agglomération,Hors intersection,Normale,Sans collision,,,,,,,,,,,1,2,1,1.0,7.0
201000004445,0010-12-26 17:15:00,10,12,26,17,15,240,10,,,,Plein jour,Hors agglomération,Hors intersection,Normale,Sans collision,,,,,,,,,,,1,1,1,1.0,7.0
201000004446,0010-01-05 04:15:00,10,1,5,4,15,240,210,,45.271,1.14,Nuit sans éclairage public,Hors agglomération,Hors intersection,Temps couvert,Deux véhicules - frontale,,,,,,,,,,,3,1,1,8.0,1.0
201000004447,0010-02-07 05:15:00,10,2,7,5,15,240,239,Le Bourg face à l'église,,,Nuit avec éclairage allumé,En agglomération,Hors intersection,Brouillard / fumée,Autre collision,,,,,,,,,,,5,2,1,5.0,6.0
201000004448,0010-03-20 16:45:00,10,3,20,16,45,240,302,,,,Plein jour,Hors agglomération,Hors intersection,Normale,Deux véhicules - côté,,,,,,,,,,,1,1,1,1.0,3.0
201000004449,0010-03-18 17:45:00,10,3,18,17,45,240,308,RN 21,,,Plein jour,En agglomération,Hors intersection,Normale,Trois véhicules et plus - collisions multiples,,,,,,,,,,,1,2,1,1.0,5.0
201000004450,0010-04-02 08:45:00,10,4,2,8,45,240,11,RN21 PK 49+255,45.22,0.83,Plein jour,En agglomération,Hors intersection,Normale,Trois véhicules et plus - collisions multiples,,,,,,,,,,,1,2,1,1.0,5.0
201000004451,0010-04-11 17:45:00,10,4,11,17,45,240,550,,45.141,1.066,Plein jour,Hors agglomération,Hors intersection,Normale,Deux véhicules - frontale,,,,,,,,,,,1,1,1,1.0,1.0
201000004452,0010-05-14 20:30:00,10,5,14,20,30,240,11,,45.211,0.817,Plein jour,Hors agglomération,Hors intersection,Normale,Deux véhicules - frontale,,,,,,,,,,,1,1,1,1.0,1.0
201000004453,0010-05-27 17:45:00,10,5,27,17,45,240,4,,45.14,1.026,Plein jour,Hors agglomération,Hors intersection,Normale,Autre collision,,,,,,,,,,,1,1,1,1.0,6.0
201000004454,0010-05-31 05:00:00,10,5,31,5,0,240,521,,45.257,0.862,Nuit sans éclairage public,Hors agglomération,Hors intersection,Pluie légère,Sans collision,,,,,,,,,,,3,1,1,2.0,7.0
201000004455,0010-06-05 02:15:00,10,6,5,2,15,240,262,,45.294,0.939,Nuit sans éclairage public,Hors agglomération,Hors intersection,Normale,Deux véhicules - frontale,,,,,,,,,,,3,1,1,1.0,1.0
201000004456,0010-08-07 18:45:00,10,8,7,18,45,240,550,,45.137,1.097,Plein jour,Hors agglomération,Hors intersection,Normale,Deux véhicules - frontale,,,,,,,,,,,1,1,1,1.0,1.0
201000004457,0010-09-14 14:15:00,10,9,14,14,15,240,429,,45.336,0.958,Plein jour,Hors agglomération,Hors intersection,Temps éblouissant,Deux véhicules - côté,,,,,,,,,,,1,1,1,7.0,3.0
201000004458,0010-11-21 00:01:00,10,11,21,0,1,240,11,,45.212,0.823,Nuit sans éclairage public,Hors agglomération,Hors intersection,Pluie légère,Deux véhicules - côté,,,,,,,,,,,3,1,1,2.0,3.0
201000004459,0010-03-25 19:45:00,10,3,25,19,45,240,237,LE BOURG,,,Nuit avec éclairage allumé,En agglomération,Hors intersection,Normale,Autre collision,,,,,,,,,,,5,2,1,1.0,6.0
201000004460,0010-04-14 12:30:00,10,4,14,12,30,240,340,,,,Plein jour,Hors agglomération,Hors intersection,Normale,Deux véhicules - frontale,,,,,,,,,,,1,1,1,1.0,1.0
201000004461,0010-04-28 12:45:00,10,4,28,12,45,240,34,,44.985,0.478,Plein jour,Hors agglomération,Intersection en X,Normale,Deux véhicules - côté,,,,,,,,,,,1,1,2,1.0,3.0
201000004462,0010-09-07 15:15:00,10,9,7,15,15,240,456,,,,Plein jour,Hors agglomération,Hors intersection,Temps couvert,Deux véhicules - frontale,,,,,,,,,,,1,1,1,8.0,1.0
201000004463,0010-11-20 07:30:00,10,11,20,7,30,240,431,,44.958,0.513,Crépuscule ou aube,Hors agglomération,Hors intersection,Pluie légère,Autre collision,,,,,,,,,,,2,1,1,2.0,6.0
201000004464,0010-12-03 08:30:00,10,12,3,8,30,240,225,,,,Crépuscule ou aube,Hors agglomération,Hors intersection,Normale,Sans collision,,,,,,,,,,,2,1,1,1.0,7.0
201000004465,0010-01-23 10:15:00,10,1,23,10,15,240,497,,44.683,0.767,Plein jour,Hors agglomération,Hors intersection,Normale,Deux véhicules - frontale,,,,,,,,,,,1,1,1,1.0,1.0
201000004466,0010-03-26 14:00:00,10,3,26,14,0,240,28,,,,Plein jour,Hors agglomération,Hors intersection,Normale,Sans collision,,,,,,,,,,,1,1,1,1.0,7.0
201000004467,0010-04-30 08:45:00,10,4,30,8,45,240,68,,44.845,0.851,Plein jour,Hors agglomération,Hors intersection,Normale,Trois véhicules et plus - collisions multiples,,,,,,,,,,,1,1,1,1.0,5.0
201000004468,0010-06-05 16:30:00,10,6,5,16,30,240,73,,,,Plein jour,Hors agglomération,Hors intersection,Normale,Deux véhicules - frontale,,,,,,,,,,,1,1,1,1.0,1.0
201000004469,0010-07-23 09:00:00,10,7,23,9,0,240,28,,,,Plein jour,Hors agglomération,Hors intersection,Normale,Autre collision,,,,,,,,,,,1,1,1,1.0,6.0
201000004470,0010-08-07 10:15:00,10,8,7,10,15,240,68,,,,Plein jour,Hors agglomération,Hors intersection,Normale,Deux véhicules - frontale,,,,,,,,,,,1,1,1,1.0,1.0
201000004471,0010-09-10 00:30:00,10,9,10,0,30,240,80,,44.682,0.917,Nuit sans éclairage public,Hors agglomération,Autre intersection,Normale,Sans collision,,,,,,,,,,,3,1,9,1.0,7.0
201000004472,0010-09-30 17:45:00,10,9,30,17,45,240,73,,44.854,0.804,Plein jour,Hors agglomération,Hors intersection,Normale,Deux véhicules - côté,,,,,,,,,,,1,1,1,1.0,3.0
201000004473,0010-04-19 16:15:00,10,4,19,16,15,240,407,,,,Plein jour,Hors agglomération,Hors intersection,Normale,Deux véhicules - frontale,,,,,,,,,,,1,1,1,1.0,1.0
201000004474,0010-04-25 06:30:00,10,4,25,6,30,240,228,,,,Crépuscule ou aube,Hors agglomération,Hors intersection,Normale,Autre collision,,,,,,,,,,,2,1,1,1.0,6.0
201000004475,0010-09-04 15:30:00,10,9,4,15,30,240,143,Avenue de Cahors,,,Plein jour,En agglomération,Hors intersection,Normale,Deux véhicules - côté,,,,,,,,,,,1,2,1,1.0,3.0
201000004476,0010-01-07 15:00:00,10,1,7,15,0,240,48,,44.893,0.083,Plein jour,Hors agglomération,Hors intersection,Normale,Deux véhicules - frontale,,,,,,,,,,,1,1,1,1.0,1.0
201000004477,0010-02-12 16:00:00,10,2,12,16,0,240,289,,,,Plein jour,Hors agglomération,Hors intersection,Normale,Deux véhicules - frontale,,,,,,,,,,,1,1,1,1.0,1.0
201000004478,0010-04-16 18:15:00,10,4,16,18,15,240,461,le bourg,,,Plein jour,En agglomération,Hors intersection,Normale,Deux véhicules - côté,,,,,,,,,,,1,2,1,1.0,3.0
201000004479,0010-05-08 17:30:00,10,5,8,17,30,240,568,,,,Plein jour,Hors agglomération,Hors intersection,Normale,Deux véhicules - frontale,,,,,,,,,,,1,1,1,1.0,1.0
201000004480,0010-07-18 00:15:00,10,7,18,0,15,240,297,,,,Nuit sans éclairage public,Hors agglomération,Hors intersection,Normale,Trois véhicules et plus - collisions multiples,,,,,,,,,,,3,1,1,1.0,5.0
201000004481,0010-08-19 18:15:00,10,8,19,18,15,240,292,LIEU DIT BOURDELAT,,,Plein jour,En agglomération,Hors intersection,Normale,Sans collision,,,,,,,,,,,1,2,1,1.0,7.0
201000004482,0010-08-30 12:00:00,10,8,30,12,0,240,289,,44.851,0.087,Plein jour,Hors agglomération,Hors intersection,Normale,Trois véhicules et plus - collisions multiples,,,,,,,,,,,1,1,1,1.0,5.0
201000004483,0010-09-26 17:45:00,10,9,26,17,45,240,461,,,,Plein jour,Hors agglomération,Hors intersection,Normale,Autre collision,,,,,,,,,,,1,1,1,1.0,6.0
201000004484,0010-09-28 11:45:00,10,9,28,11,45,240,335,Rond Point Mézières,,,Plein jour,En agglomération,Giratoire,Normale,Autre collision,,,,,,,,,,,1,2,6,1.0,6.0
201000004485,0010-10-21 17:15:00,10,10,21,17,15,240,289,,,,Plein jour,Hors agglomération,Hors intersection,Normale,Deux véhicules - côté,,,,,,,,,,,1,1,1,1.0,3.0
201000004486,0010-10-22 13:00:00,10,10,22,13,0,240,370,,,,Plein jour,Hors agglomération,Hors intersection,Normale,Deux véhicules - frontale,,,,,,,,,,,1,1,1,1.0,1.0
201000004487,0010-12-06 15:45:00,10,12,6,15,45,240,494,LE CORNILLE,,,Plein jour,En agglomération,Hors intersection,Normale,Sans collision,,,,,,,,,,,1,2,1,1.0,7.0
201000004488,0010-01-27 10:15:00,10,1,27,10,15,240,16,,,,Plein jour,Hors agglomération,Hors intersection,Normale,Autre collision,,,,,,,,,,,1,1,1,1.0,6.0
201000004489,0010-03-08 19:45:00,10,3,8,19,45,240,311,route de Villars,45.528,0.663,Nuit avec éclairage allumé,En agglomération,Hors intersection,Normale,Deux véhicules - côté,,,,,,,,,,,5,2,1,1.0,3.0
201000004490,0010-04-30 19:45:00,10,4,30,19,45,240,479,,45.501,0.721,Plein jour,Hors agglomération,Hors intersection,Normale,Sans collision,,,,,,,,,,,1,1,1,1.0,7.0
201000004491,0010-05-18 19:00:00,10,5,18,19,0,240,311,,45.56,0.678,Plein jour,Hors agglomération,Hors intersection,Normale,Deux véhicules - arrière,,,,,,,,,,,1,1,1,1.0,2.0
201000004492,0010-06-20 19:30:00,10,6,20,19,30,240,248,,45.535,0.61,Plein jour,Hors agglomération,Hors intersection,Normale,Autre collision,,,,,,,,,,,1,1,1,1.0,6.0
201000004493,0010-07-05 12:00:00,10,7,5,12,0,240,451,,,,Plein jour,Hors agglomération,Hors intersection,Normale,Deux véhicules - côté,,,,,,,,,,,1,1,1,1.0,3.0
201000004494,0010-07-18 15:00:00,10,7,18,15,0,240,16,,45.565,0.689,Plein jour,Hors agglomération,Hors intersection,Normale,Autre collision,,,,,,,,,,,1,1,1,1.0,6.0
201000004495,0010-08-04 02:15:00,10,8,4,2,15,240,328,Etang neuf,,,Nuit sans éclairage public,En agglomération,Hors intersection,Normale,Deux véhicules - côté,,,,,,,,,,,3,2,1,1.0,3.0
201000004496,0010-08-06 13:45:00,10,8,6,13,45,240,528,,,,Plein jour,Hors agglomération,Hors intersection,Normale,Deux véhicules - frontale,,,,,,,,,,,1,1,1,1.0,1.0
201000004497,0010-08-28 22:00:00,10,8,28,22,0,240,311,rue Carnot,45.533,0.662,Nuit avec éclairage allumé,En agglomération,Hors intersection,Normale,Sans collision,,,,,,,,,,,5,2,1,1.0,7.0
201000004498,0010-11-06 16:15:00,10,11,6,16,15,240,16,,,,Plein jour,Hors agglomération,Hors intersection,Normale,Sans collision,,,,,,,,,,,1,1,1,1.0,7.0
201000004499,0010-01-12 16:00:00,10,1,12,16,0,240,133,CD 67  - LA COQUILLE,,,Plein jour,En agglomération,Hors intersection,Pluie forte,Autre collision,,,,,,,,,,,1,2,1,3.0,6.0
201000004500,0010-04-24 18:15:00,10,4,24,18,15,240,305,,45.409,0.979,Plein jour,Hors agglomération,Hors intersection,Normale,Deux véhicules - frontale,,,,,,,,,,,1,1,1,1.0,1.0
201000004501,0010-05-17 22:30:00,10,5,17,22,30,240,453,,45.462,0.86,Nuit sans éclairage public,Hors agglomération,Hors intersection,Normale,Autre collision,,,,,,,,,,,3,1,1,1.0,6.0
201000004502,0010-05-25 19:15:00,10,5,25,19,15,240,428,,45.485,0.868,Plein jour,Hors agglomération,Hors intersection,Normale,Deux véhicules - frontale,,,,,,,,,,,1,1,1,1.0,1.0
201000004503,0010-06-03 17:15:00,10,6,3,17,15,240,133,Rue de la République,45.546,0.978,Plein jour,En agglomération,Hors intersection,Normale,Autre collision,,,,,,,,,,,1,2,1,1.0,6.0
201000004504,0010-07-06 07:30:00,10,7,6,7,30,240,551,,45.414,0.924,Plein jour,Hors agglomération,Hors intersection,Normale,Deux véhicules - frontale,,,,,,,,,,,1,1,1,1.0,1.0
201000004505,0010-07-20 13:00:00,10,7,20,13,0,240,551,44 rue LAMY,45.418,0.923,Plein jour,En agglomération,Hors intersection,Normale,Deux véhicules - frontale,,,,,,,,,,,1,2,1,1.0,1.0
201000004506,0010-10-07 18:30:00,10,10,7,18,30,240,218,,45.488,1.057,Plein jour,Hors agglomération,Hors intersection,Normale,Deux véhicules - frontale,,,,,,,,,,,1,1,1,1.0,1.0
201000004507,0010-10-08 18:15:00,10,10,8,18,15,240,551,,,,Plein jour,Hors agglomération,Hors intersection,Normale,Deux véhicules - frontale,,,,,,,,,,,1,1,1,1.0,1.0
201000004508,0010-12-17 08:30:00,10,12,17,8,30,240,505,,45.4,1.02899,Plein jour,Hors agglomération,Hors intersection,Normale,Deux véhicules - côté,,,,,,,,,,,1,1,1,1.0,3.0
201000004509,0010-04-04 03:00:00,10,4,4,3,0,240,564,,45.246,0.285,Nuit sans éclairage public,Hors agglomération,Hors intersection,Normale,Autre collision,,,,,,,,,,,3,1,1,1.0,6.0
201000004510,0010-06-20 13:00:00,10,6,20,13,0,240,90,,45.267,0.395,Plein jour,Hors agglomération,Hors intersection,Normale,Deux véhicules - frontale,,,,,,,,,,,1,1,1,1.0,1.0
201000004511,0010-06-27 08:00:00,10,6,27,8,0,240,38,,,,Plein jour,Hors agglomération,Hors intersection,Normale,Autre collision,,,,,,,,,,,1,1,1,1.0,6.0
201000004512,0010-07-14 18:15:00,10,7,14,18,15,240,352,,,,Plein jour,Hors agglomération,Hors intersection,Normale,Deux véhicules - côté,,,,,,,,,,,1,1,1,1.0,3.0
201000004513,0010-07-24 16:30:00,10,7,24,16,30,240,504,,45.191,0.379,Plein jour,Hors agglomération,Hors intersection,Normale,Trois véhicules et plus - collisions multiples,,,,,,,,,,,1,1,1,1.0,5.0
201000004514,0010-07-25 21:30:00,10,7,25,21,30,240,128,Le bourg,45.28,0.28,Nuit sans éclairage public,En agglomération,Hors intersection,Temps couvert,Sans collision,,,,,,,,,,,3,2,1,8.0,7.0
201000004515,0010-08-30 11:30:00,10,8,30,11,30,240,553,,45.248,0.528,Plein jour,Hors agglomération,Hors intersection,Normale,Deux véhicules - côté,,,,,,,,,,,1,1,1,1.0,3.0
201000004516,0010-10-26 19:00:00,10,10,26,19,0,240,352,10 avenue de verdun,,,Crépuscule ou aube,En agglomération,Hors intersection,Normale,Deux véhicules - côté,,,,,,,,,,,2,2,1,1.0,3.0
201000004517,0010-10-28 16:45:00,10,10,28,16,45,240,119,,45.396,0.385,Plein jour,Hors agglomération,Intersection en X,Normale,Deux véhicules - côté,,,,,,,,,,,1,1,2,1.0,3.0
201000004518,0010-10-29 15:15:00,10,10,29,15,15,240,352,11 rue jean moulin,45.251,0.34,Plein jour,En agglomération,Hors intersection,Normale,Autre collision,,,,,,,,,,,1,2,1,1.0,6.0
201000004519,0010-12-01 18:15:00,10,12,1,18,15,240,586,,45.273,0.329,Nuit avec éclairage non allumé,Hors agglomération,Hors intersection,Normale,Deux véhicules - arrière,,,,,,,,,,,4,1,1,1.0,2.0
201000004520,0010-03-12 06:45:00,10,3,12,6,45,240,264,,,,Crépuscule ou aube,Hors agglomération,Hors intersection,Normale,Sans collision,,,,,,,,,,,2,1,1,1.0,7.0
201000004521,0010-05-04 16:30:00,10,5,4,16,30,240,543,,,,Plein jour,Hors agglomération,Hors intersection,Pluie forte,Deux véhicules - côté,,,,,,,,,,,1,1,1,3.0,3.0
201000004522,0010-05-11 10:30:00,10,5,11,10,30,240,294,03 avenue Jean Moulin,,,Plein jour,En agglomération,Hors intersection,Normale,Autre collision,,,,,,,,,,,1,2,1,1.0,6.0
201000004523,0010-06-25 09:45:00,10,6,25,9,45,240,462,,,,Plein jour,Hors agglomération,Hors intersection,Normale,Deux véhicules - arrière,,,,,,,,,,,1,1,1,1.0,2.0
201000004524,0010-07-29 16:30:00,10,7,29,16,30,240,294,,,,Plein jour,Hors agglomération,Hors intersection,Normale,Sans collision,,,,,,,,,,,1,1,1,1.0,7.0
201000004525,0010-09-26 11:15:00,10,9,26,11,15,240,309,08 rue de Planèze,,,Plein jour,En agglomération,Hors intersection,Normale,Sans collision,,,,,,,,,,,1,2,1,1.0,7.0
201000004526,0010-10-01 07:30:00,10,10,1,7,30,240,543,,,,Crépuscule ou aube,Hors agglomération,Hors intersection,Normale,Deux véhicules - côté,,,,,,,,,,,2,1,1,1.0,3.0
201000004527,0010-10-14 13:30:00,10,10,14,13,30,240,294,CD3 / CD730,,,Plein jour,En agglomération,Intersection en X,Normale,Deux véhicules - côté,,,,,,,,,,,1,2,2,1.0,3.0
201000004528,0010-05-16 06:30:00,10,5,16,6,30,240,354,,45.135,-0.006,Plein jour,Hors agglomération,Hors intersection,Normale,Autre collision,,,,,,,,,,,1,1,1,1.0,6.0
201000004529,0010-07-13 10:15:00,10,7,13,10,15,240,316,,45.2,0.036,Plein jour,Hors agglomération,Hors intersection,Normale,Deux véhicules - côté,,,,,,,,,,,1,1,1,1.0,3.0
201000004530,0010-12-02 11:00:00,10,12,2,11,0,240,469,,45.147,0.054,Plein jour,Hors agglomération,Hors intersection,Neige / grêle,Deux véhicules - frontale,,,,,,,,,,,1,1,1,4.0,1.0
201000004531,0010-02-14 18:45:00,10,2,14,18,45,240,587,,,,Nuit sans éclairage public,Hors agglomération,Hors intersection,Normale,Sans collision,,,,,,,,,,,3,1,1,1.0,7.0
201000004532,0010-03-03 12:00:00,10,3,3,12,0,240,520,Rue Rossignol,,,Plein jour,En agglomération,Hors intersection,Normale,Autre collision,,,,,,,,,,,1,2,1,1.0,6.0
201000004533,0010-03-12 19:30:00,10,3,12,19,30,240,520,64 AVENUE DE SELVE,,,Nuit avec éclairage allumé,En agglomération,Hors intersection,Normale,Deux véhicules - frontale,,,,,,,,,,,5,2,1,1.0,1.0
201000004534,0010-04-02 12:15:00,10,4,2,12,15,240,89,Les cledoux,,,Plein jour,En agglomération,Hors intersection,Normale,Deux véhicules - côté,,,,,,,,,,,1,2,1,1.0,3.0
201000004535,0010-04-10 14:15:00,10,4,10,14,15,240,432,,,,Plein jour,Hors agglomération,Hors intersection,Normale,Deux véhicules - côté,,,,,,,,,,,1,1,1,1.0,3.0
201000004536,0010-04-15 16:30:00,10,4,15,16,30,240,520,,,,Plein jour,Hors agglomération,Hors intersection,Normale,Autre collision,,,,,,,,,,,1,1,1,1.0,6.0
201000004537,0010-05-21 14:15:00,10,5,21,14,15,240,341,,,,Plein jour,Hors agglomération,Intersection en X,Normale,Deux véhicules - frontale,,,,,,,,,,,1,1,2,1.0,1.0
201000004538,0010-05-24 10:00:00,10,5,24,10,0,240,89,LE BOURG,,,Plein jour,En agglomération,Autre intersection,Normale,Deux véhicules - côté,,,,,,,,,,,1,2,9,1.0,3.0
201000004539,0010-06-20 13:15:00,10,6,20,13,15,240,587,,,,Plein jour,Hors agglomération,Hors intersection,Normale,Deux véhicules - frontale,,,,,,,,,,,1,1,1,1.0,1.0
201000004540,0010-07-02 16:15:00,10,7,2,16,15,240,74,,,,Plein jour,Hors agglomération,Hors intersection,Normale,Deux véhicules - frontale,,,,,,,,,,,1,1,1,1.0,1.0
201000004541,0010-08-16 13:45:00,10,8,16,13,45,240,520,,,,Plein jour,Hors agglomération,Hors intersection,Normale,Deux véhicules - frontale,,,,,,,,,,,1,1,1,1.0,1.0
201000004542,0010-08-16 13:00:00,10,8,16,13,0,240,355,,,,Plein jour,Hors agglomération,Hors intersection,Normale,Deux véhicules - côté,,,,,,,,,,,1,1,1,1.0,3.0
201000004543,0010-08-18 20:30:00,10,8,18,20,30,240,587,,,,Nuit sans éclairage public,Hors agglomération,Hors intersection,Temps couvert,Autre collision,,,,,,,,,,,3,1,1,8.0,6.0
201000004544,0010-08-21 17:45:00,10,8,21,17,45,240,520,,,,Plein jour,En agglomération,Hors intersection,Normale,Deux véhicules - frontale,,,,,,,,,,,1,2,1,1.0,1.0
201000004545,0010-08-25 00:15:00,10,8,25,0,15,240,520,Rue de la République,,,Nuit avec éclairage allumé,En agglomération,Intersection en T,Normale,Deux véhicules - côté,,,,,,,,,,,5,2,3,1.0,3.0
201000004546,0010-09-06 12:15:00,10,9,6,12,15,240,82,,44.849,1.276,Plein jour,Hors agglomération,Hors intersection,Pluie légère,Deux véhicules - côté,,,,,,,,,,,1,1,1,2.0,3.0
201000004547,0010-09-25 10:00:00,10,9,25,10,0,240,317,,,,Plein jour,Hors agglomération,Hors intersection,Normale,Autre collision,,,,,,,,,,,1,1,1,1.0,6.0
201000004548,0010-10-08 16:45:00,10,10,8,16,45,240,520,,,,Plein jour,Hors agglomération,Hors intersection,Normale,Deux véhicules - frontale,,,,,,,,,,,1,1,1,1.0,1.0
201000004549,0010-11-12 18:30:00,10,11,12,18,30,240,412,,,,Nuit sans éclairage public,Hors agglomération,Hors intersection,Pluie forte,Deux véhicules - côté,,,,,,,,,,,3,1,1,3.0,3.0
201000004550,0010-12-21 13:30:00,10,12,21,13,30,240,587,,,,Plein jour,Hors agglomération,Hors intersection,Temps couvert,Deux véhicules - frontale,,,,,,,,,,,1,1,1,8.0,1.0
201000004551,0010-05-21 19:00:00,10,5,21,19,0,240,585,,44.636,1.104,Plein jour,Hors agglomération,Hors intersection,Temps éblouissant,Deux véhicules - côté,,,,,,,,,,,1,1,1,7.0,3.0
201000004552,0010-06-13 14:00:00,10,6,13,14,0,240,263,,44.682,1.022,Plein jour,Hors agglomération,Hors intersection,Normale,Deux véhicules - frontale,,,,,,,,,,,1,1,1,1.0,1.0
201000004553,0010-08-22 19:00:00,10,8,22,19,0,240,386,,,,Plein jour,Hors agglomération,Hors intersection,Normale,Deux véhicules - côté,,,,,,,,,,,1,1,1,1.0,3.0
201000004554,0010-10-02 00:45:00,10,10,2,0,45,240,538,,44.826,0.981,Nuit sans éclairage public,Hors agglomération,Hors intersection,Normale,Deux véhicules - frontale,,,,,,,,,,,3,1,1,1.0,1.0
201000004555,0010-10-05 08:00:00,10,10,5,8,0,240,585,,,,Plein jour,Hors agglomération,Hors intersection,Pluie légère,Deux véhicules - frontale,,,,,,,,,,,1,1,1,2.0,1.0
201000004556,0010-11-23 20:00:00,10,11,23,20,0,240,538,LE PORT,44.828,0.99,Nuit avec éclairage allumé,En agglomération,Hors intersection,Normale,Autre collision,,,,,,,,,,,5,2,1,1.0,6.0
201000004557,0010-12-15 17:00:00,10,12,15,17,0,240,184,,,,Crépuscule ou aube,Hors agglomération,Hors intersection,Normale,Autre collision,,,,,,,,,,,2,1,1,1.0,6.0
201000004558,0010-01-20 22:20:00,10,1,20,22,20,240,142,,,,Nuit sans éclairage public,Hors agglomération,Hors intersection,Pluie légère,Autre collision,,,,,,,,,,,3,1,1,2.0,6.0
201000004559,0010-01-23 04:30:00,10,1,23,4,30,240,268,,,,Nuit sans éclairage public,Hors agglomération,Hors intersection,Normale,Autre collision,,,,,,,,,,,3,1,1,1.0,6.0
201000004560,0010-01-28 10:45:00,10,1,28,10,45,240,552,,45.037,1.129,Plein jour,Hors agglomération,Hors intersection,Pluie légère,Autre collision,,,,,,,,,,,1,1,1,2.0,6.0
201000004561,0010-02-02 13:00:00,10,2,2,13,0,240,172,Avenue de Laugerie,,,Plein jour,En agglomération,Hors intersection,Normale,Deux véhicules - frontale,,,,,,,,,,,1,2,1,1.0,1.0
201000004562,0010-04-05 18:45:00,10,4,5,18,45,240,356,,,,Plein jour,Hors agglomération,Hors intersection,Normale,Autre collision,,,,,,,,,,,1,1,1,1.0,6.0
201000004563,0010-05-19 08:45:00,10,5,19,8,45,240,67,rue de la République,44.922,0.929,Plein jour,En agglomération,Hors intersection,Normale,Autre collision,,,,,,,,,,,1,2,1,1.0,6.0
201000004564,0010-06-04 18:00:00,10,6,4,18,0,240,356,PLACE DE L'EGLISE,45.054,0.978,Plein jour,En agglomération,Hors intersection,Normale,Deux véhicules - côté,,,,,,,,,,,1,2,1,1.0,3.0
201000004565,0010-06-08 15:15:00,10,6,8,15,15,240,142,,,,Plein jour,Hors agglomération,Hors intersection,Temps couvert,Deux véhicules - frontale,,,,,,,,,,,1,1,1,8.0,1.0
201000004566,0010-06-16 16:00:00,10,6,16,16,0,240,388,,,,Plein jour,Hors agglomération,Hors intersection,Pluie légère,Autre collision,,,,,,,,,,,1,1,1,2.0,6.0
201000004567,0010-08-03 15:15:00,10,8,3,15,15,240,396,RUE GAMBETTA,,,Plein jour,En agglomération,Hors intersection,Normale,Deux véhicules - frontale,,,,,,,,,,,1,2,1,1.0,1.0
201000004568,0010-08-06 19:30:00,10,8,6,19,30,240,443,,,,Plein jour,Hors agglomération,Hors intersection,Normale,Deux véhicules - frontale,,,,,,,,,,,1,1,1,1.0,1.0
201000004569,0010-09-24 09:15:00,10,9,24,9,15,240,76,,44.898,0.973,Plein jour,Hors agglomération,Hors intersection,Pluie légère,Autre collision,,,,,,,,,,,1,1,1,2.0,6.0
201000004570,0010-11-26 19:00:00,10,11,26,19,0,240,142,,,,Nuit sans éclairage public,Hors agglomération,Hors intersection,Normale,Autre collision,,,,,,,,,,,3,1,1,1.0,6.0
201000004571,0010-01-17 19:00:00,10,1,17,19,0,240,291,,,,Nuit sans éclairage public,Hors agglomération,Hors intersection,Brouillard / fumée,Deux véhicules - frontale,,,,,,,,,,,3,1,1,5.0,1.0
201000004572,0010-01-29 16:00:00,10,1,29,16,0,240,547,,,,Plein jour,Hors agglomération,Hors intersection,Normale,Autre collision,,,,,,,,,,,1,1,1,1.0,6.0
201000004573,0010-02-27 10:30:00,10,2,27,10,30,240,291,Avenue de Lascaux,,,Plein jour,En agglomération,Hors intersection,Normale,Deux véhicules - côté,,,,,,,,,,,1,2,1,1.0,3.0
201000004574,0010-03-01 18:30:00,10,3,1,18,30,240,563,,,,Crépuscule ou aube,Hors agglomération,Hors intersection,Temps couvert,Deux véhicules - frontale,,,,,,,,,,,2,1,1,8.0,1.0
201000004575,0010-03-29 21:30:00,10,3,29,21,30,240,547,,,,Nuit sans éclairage public,Hors agglomération,Hors intersection,Temps couvert,Deux véhicules - frontale,,,,,,,,,,,3,1,1,8.0,1.0
201000004576,0010-04-12 06:00:00,10,4,12,6,0,240,324,,45.15,1.16,Nuit sans éclairage public,Hors agglomération,Hors intersection,Normale,Deux véhicules - côté,,,,,,,,,,,3,1,1,1.0,3.0
201000004577,0010-05-20 11:00:00,10,5,20,11,0,240,229,,45.133,1.251,Plein jour,Hors agglomération,Intersection en T,Normale,Deux véhicules - frontale,,,,,,,,,,,1,1,3,1.0,1.0