accident_id,datetime,annee,mois,jour,heure,minute,departement,commune_insee,adresse,latitude,longitude,luminosite,agglomeration,intersection,meteo,collision,nb_vehicules,nb_usagers,nb_indemnes,nb_tues,nb_blesses_hosp,nb_blesses_legers,age_cond_1,age_cond_2,veh_type_cond_1,veh_type_cond_2,lum_code,agg_code,int_code,atm_code,col_code
201000004578,0010-05-20 12:00:00,10,5,20,12,0,240,291,rue de Juillet,45.07,1.162,Plein jour,En agglomération,Hors intersection,Normale,Autre collision,,,,,,,,,,,1,2,1,1.0,6.0
201000004579,0010-06-24 20:00:00,10,6,24,20,0,240,291,,45.053,1.145,Plein jour,Hors agglomération,Intersection en Y,Normale,Deux véhicules - frontale,,,,,,,,,,,1,1,4,1.0,1.0
201000004580,0010-09-03 18:15:00,10,9,3,18,15,240,18,,,,Plein jour,Hors agglomération,Hors intersection,Normale,Autre collision,,,,,,,,,,,1,1,1,1.0,6.0
201000004581,0010-02-05 07:35:00,10,2,5,7,35,400,245,37 avenue du marsan,,,Crépuscule ou aube,En agglomération,Intersection en T,Normale,Deux véhicules - frontale,,,,,,,,,,,2,2,3,1.0,1.0
201000004582,0010-02-12 08:45:00,10,2,12,8,45,400,170,,,,Plein jour,Hors agglomération,Hors intersection,Normale,Sans collision,,,,,,,,,,,1,1,1,1.0,7.0
201000004583,0010-05-03 12:15:00,10,5,3,12,15,400,245,côte de la caserne,,,Plein jour,En agglomération,Intersection en T,Normale,Deux véhicules - côté,,,,,,,,,,,1,2,3,1.0,3.0
201000004584,0010-05-26 00:45:00,10,5,26,0,45,400,62,,,,Nuit sans éclairage public,Hors agglomération,Hors intersection,Temps couvert,Deux véhicules - frontale,,,,,,,,,,,3,1,1,8.0,1.0
201000004585,0010-06-01 21:30:00,10,6,1,21,30,400,262,lieu-dit labeyrière,,,Nuit sans éclairage public,Hors agglomération,Hors intersection,Normale,Sans collision,,,,,,,,,,,3,1,1,1.0,7.0
201000004586,0010-06-20 17:15:00,10,6,20,17,15,400,105,,,,Plein jour,Hors agglomération,Hors intersection,Normale,Deux véhicules - côté,,,,,,,,,,,1,1,1,1.0,3.0
201000004587,0010-07-05 15:45:00,10,7,5,15,45,400,234,,,,Plein jour,Hors agglomération,Intersection en T,Normale,Deux véhicules - côté,,,,,,,,,,,1,1,3,1.0,3.0
201000004588,0010-07-08 17:45:00,10,7,8,17,45,400,245,,,,Plein jour,Hors agglomération,Hors intersection,Normale,Deux véhicules - frontale,,,,,,,,,,,1,1,1,1.0,1.0
201000004589,0010-07-15 06:15:00,10,7,15,6,15,400,250,,,,Crépuscule ou aube,Hors agglomération,Hors intersection,Normale,Deux véhicules - arrière,,,,,,,,,,,2,1,1,1.0,2.0
201000004590,0010-09-20 06:30:00,10,9,20,6,30,400,274,,,,Nuit sans éclairage public,Hors agglomération,Hors intersection,Normale,Deux véhicules - frontale,,,,,,,,,,,3,1,1,1.0,1.0
201000004591,0010-10-15 23:30:00,10,10,15,23,30,400,274,,,,Nuit sans éclairage public,Hors agglomération,Hors intersection,Normale,Sans collision,,,,,,,,,,,3,1,1,1.0,7.0
201000004592,0010-10-20 07:30:00,10,10,20,7,30,400,169,,,,Nuit sans éclairage public,Hors agglomération,Hors intersection,Pluie légère,Deux véhicules - arrière,,,,,,,,,,,3,1,1,2.0,2.0
201000004593,0010-11-08 07:10:00,10,11,8,7,10,400,56,,,,Nuit sans éclairage public,Hors agglomération,Hors intersection,Pluie forte,Deux véhicules - côté,,,,,,,,,,,3,1,1,3.0,3.0
201000004594,0010-01-18 21:45:00,10,1,18,21,45,400,67,,,,Nuit sans éclairage public,Hors agglomération,Hors intersection,Normale,Sans collision,,,,,,,,,,,3,1,1,1.0,7.0
201000004595,0010-01-24 06:30:00,10,1,24,6,30,400,285,,,,Nuit sans éclairage public,Hors agglomération,Hors intersection,Temps couvert,Sans collision,,,,,,,,,,,3,1,1,8.0,7.0
201000004596,0010-03-01 12:15:00,10,3,1,12,15,400,243,,,,Plein jour,Hors agglomération,Hors intersection,Normale,Sans collision,,,,,,,,,,,1,1,1,1.0,7.0
201000004597,0010-03-26 13:40:00,10,3,26,13,40,400,309,Av du 11 Novembre 1918,,,Plein jour,En agglomération,Intersection en X,Normale,Deux véhicules - côté,,,,,,,,,,,1,2,2,1.0,3.0
201000004598,0010-03-30 14:00:00,10,3,30,14,0,400,115,,,,Plein jour,Hors agglomération,Hors intersection,Temps couvert,Deux véhicules - frontale,,,,,,,,,,,1,1,1,8.0,1.0
201000004599,0010-05-03 10:40:00,10,5,3,10,40,400,330,,,,Plein jour,Hors agglomération,Hors intersection,Temps couvert,Sans collision,,,,,,,,,,,1,1,1,8.0,7.0
201000004600,0010-07-11 02:25:00,10,7,11,2,25,400,67,lieu dit rieutort,,,Nuit sans éclairage public,Hors agglomération,Hors intersection,Normale,Sans collision,,,,,,,,,,,3,1,1,1.0,7.0
201000004601,0010-08-01 02:30:00,10,8,1,2,30,400,309,,,,Nuit sans éclairage public,Hors agglomération,Hors intersection,Normale,Sans collision,,,,,,,,,,,3,1,1,1.0,7.0
201000004602,0010-08-17 22:45:00,10,8,17,22,45,400,40,,,,Nuit sans éclairage public,Hors agglomération,Hors intersection,Normale,Sans collision,,,,,,,,,,,3,1,1,1.0,7.0
201000004603,0010-08-18 21:00:00,10,8,18,21,0,400,309,AV. DU 11 NOVEMBRE 1918,,,Crépuscule ou aube,En agglomération,Intersection en T,Normale,Deux véhicules - côté,,,,,,,,,,,2,2,3,1.0,3.0
201000004604,0010-08-19 07:15:00,10,8,19,7,15,400,243,,,,Plein jour,Hors agglomération,Hors intersection,Normale,Sans collision,,,,,,,,,,,1,1,1,1.0,7.0
201000004605,0010-08-22 18:25:00,10,8,22,18,25,400,68,,,,Plein jour,En agglomération,Hors intersection,Normale,Deux véhicules - frontale,,,,,,,,,,,1,2,1,1.0,1.0
201000004606,0010-08-29 15:30:00,10,8,29,15,30,400,180,,,,Plein jour,Hors agglomération,Hors intersection,Normale,Sans collision,,,,,,,,,,,1,1,1,1.0,7.0
201000004607,0010-09-01 14:25:00,10,9,1,14,25,400,243,,,,Plein jour,Hors agglomération,Hors intersection,Normale,Sans collision,,,,,,,,,,,1,1,1,1.0,7.0
201000004608,0010-10-10 18:15:00,10,10,10,18,15,400,115,,,,Plein jour,Hors agglomération,Hors intersection,Pluie forte,Deux véhicules - frontale,,,,,,,,,,,1,1,1,3.0,1.0
201000004609,0010-10-19 06:45:00,10,10,19,6,45,400,243,,,,Nuit sans éclairage public,Hors agglomération,Hors intersection,Normale,Autre collision,,,,,,,,,,,3,1,1,1.0,6.0
201000004610,0010-10-19 11:05:00,10,10,19,11,5,400,285,,,,Plein jour,Hors agglomération,Hors intersection,Normale,Sans collision,,,,,,,,,,,1,1,1,1.0,7.0
201000004611,0010-02-08 14:45:00,10,2,8,14,45,400,123,,,,Plein jour,Hors agglomération,Hors intersection,Pluie légère,Sans collision,,,,,,,,,,,1,1,1,2.0,7.0
201000004612,0010-02-27 02:30:00,10,2,27,2,30,400,277,,,,Nuit sans éclairage public,Hors agglomération,Hors intersection,Normale,Sans collision,,,,,,,,,,,3,1,1,1.0,7.0
201000004613,0010-03-03 09:40:00,10,3,3,9,40,400,179,,,,Plein jour,Hors agglomération,Hors intersection,Normale,Deux véhicules - arrière,,,,,,,,,,,1,1,1,1.0,2.0
201000004614,0010-03-21 11:30:00,10,3,21,11,30,400,202,Route des Pyrénées,,,Plein jour,En agglomération,Hors intersection,Pluie légère,Deux véhicules - frontale,,,,,,,,,,,1,2,1,2.0,1.0
201000004615,0010-08-03 19:50:00,10,8,3,19,50,400,123,,,,Plein jour,Hors agglomération,Hors intersection,Normale,Sans collision,,,,,,,,,,,1,1,1,1.0,7.0
201000004616,0010-11-19 07:25:00,10,11,19,7,25,400,125,,,,Nuit sans éclairage public,Hors agglomération,Intersection en T,Normale,Deux véhicules - côté,,,,,,,,,,,3,1,3,1.0,3.0
201000004617,0010-01-10 02:20:00,10,1,10,2,20,400,150,,,,Nuit sans éclairage public,Hors agglomération,Hors intersection,Normale,Sans collision,,,,,,,,,,,3,1,1,1.0,7.0
201000004618,0010-04-25 04:00:00,10,4,25,4,0,400,326,Bourg de VIELLE RD 652,,,Nuit avec éclairage allumé,En agglomération,Hors intersection,Normale,Sans collision,,,,,,,,,,,5,2,1,1.0,7.0
201000004619,0010-05-01 16:50:00,10,5,1,16,50,400,266,route des lacs,,,Plein jour,En agglomération,Hors intersection,Normale,Sans collision,,,,,,,,,,,1,2,1,1.0,7.0
201000004620,0010-06-08 19:15:00,10,6,8,19,15,400,276,,,,Plein jour,Hors agglomération,Hors intersection,Pluie légère,Sans collision,,,,,,,,,,,1,1,1,2.0,7.0
201000004621,0010-07-16 18:25:00,10,7,16,18,25,400,157,,,,Plein jour,Hors agglomération,Hors intersection,Normale,Sans collision,,,,,,,,,,,1,1,1,1.0,7.0
201000004622,0010-08-01 05:30:00,10,8,1,5,30,400,266,route des lacs,,,Crépuscule ou aube,En agglomération,Hors intersection,Normale,Sans collision,,,,,,,,,,,2,2,1,1.0,7.0
201000004623,0010-08-27 18:20:00,10,8,27,18,20,400,322,,,,Plein jour,Hors agglomération,Hors intersection,Normale,Deux véhicules - côté,,,,,,,,,,,1,1,1,1.0,3.0
201000004624,0010-10-30 11:00:00,10,10,30,11,0,400,75,,,,Plein jour,Hors agglomération,Hors intersection,Normale,Deux véhicules - frontale,,,,,,,,,,,1,1,1,1.0,1.0
201000004625,0010-01-04 08:10:00,10,1,4,8,10,400,74,,,,Nuit sans éclairage public,Hors agglomération,Hors intersection,Pluie légère,Autre collision,,,,,,,,,,,3,1,1,2.0,6.0
201000004626,0010-02-15 12:50:00,10,2,15,12,50,400,236,,,,Plein jour,Hors agglomération,Hors intersection,Normale,Deux véhicules - frontale,,,,,,,,,,,1,1,1,1.0,1.0
201000004627,0010-03-09 08:30:00,10,3,9,8,30,400,71,,,,Plein jour,Hors agglomération,Hors intersection,Temps éblouissant,Deux véhicules - côté,,,,,,,,,,,1,1,1,7.0,3.0
201000004628,0010-03-20 08:35:00,10,3,20,8,35,400,78,,,,Plein jour,Hors agglomération,Intersection en T,Pluie légère,Deux véhicules - frontale,,,,,,,,,,,1,1,3,2.0,1.0
201000004629,0010-03-30 17:35:00,10,3,30,17,35,400,253,,,,Plein jour,Hors agglomération,Intersection en X,Pluie légère,Trois véhicules et plus - collisions multiples,,,,,,,,,,,1,1,2,2.0,5.0
201000004630,0010-07-12 23:30:00,10,7,12,23,30,400,69,,,,Nuit sans éclairage public,Hors agglomération,Hors intersection,Normale,Sans collision,,,,,,,,,,,3,1,1,1.0,7.0
201000004631,0010-07-28 09:00:00,10,7,28,9,0,400,194,67 Avenue Jean JAURES,,,Plein jour,En agglomération,Hors intersection,Normale,Autre collision,,,,,,,,,,,1,2,1,1.0,6.0
201000004632,0010-09-21 12:10:00,10,9,21,12,10,400,78,,,,Plein jour,Hors agglomération,Intersection en T,Normale,Deux véhicules - frontale,,,,,,,,,,,1,1,3,1.0,1.0
201000004633,0010-01-11 18:45:00,10,1,11,18,45,400,118,,,,Nuit sans éclairage public,Hors agglomération,Hors intersection,Normale,Deux véhicules - côté,,,,,,,,,,,3,1,1,1.0,3.0
201000004634,0010-02-07 18:30:00,10,2,7,18,30,400,183,,,,Nuit sans éclairage public,Hors agglomération,Intersection en X,Temps couvert,Deux véhicules - côté,,,,,,,,,,,3,1,2,8.0,3.0
201000004635,0010-03-07 00:01:00,10,3,7,0,1,400,224,Rond-Point Maïsadour,43.555,-1.124,Nuit sans éclairage public,En agglomération,Giratoire,Normale,Sans collision,,,,,,,,,,,3,2,6,1.0,7.0
201000004636,0010-04-08 07:20:00,10,4,8,7,20,400,269,,,,Crépuscule ou aube,Hors agglomération,Hors intersection,Normale,Deux véhicules - frontale,,,,,,,,,,,2,1,1,1.0,1.0
201000004637,0010-04-19 16:45:00,10,4,19,16,45,400,183,,,,Plein jour,Hors agglomération,Hors intersection,Normale,Sans collision,,,,,,,,,,,1,1,1,1.0,7.0
201000004638,0010-04-20 15:40:00,10,4,20,15,40,400,212,,,,Plein jour,Hors agglomération,Hors intersection,Normale,Sans collision,,,,,,,,,,,1,1,1,1.0,7.0
201000004639,0010-05-19 19:45:00,10,5,19,19,45,400,77,,,,Plein jour,Hors agglomération,Hors intersection,Normale,Sans collision,,,,,,,,,,,1,1,1,1.0,7.0
201000004640,0010-05-29 11:15:00,10,5,29,11,15,400,132,A HAUTEUR CHEMIN PALEHE,,,Plein jour,En agglomération,Hors intersection,Normale,Deux véhicules - arrière,,,,,,,,,,,1,2,1,1.0,2.0
201000004641,0010-08-08 16:35:00,10,8,8,16,35,400,269,,,,Plein jour,Hors agglomération,Hors intersection,Normale,Sans collision,,,,,,,,,,,1,1,1,1.0,7.0
201000004642,0010-08-20 18:15:00,10,8,20,18,15,400,183,,,,Plein jour,Hors agglomération,Hors intersection,Normale,Autre collision,,,,,,,,,,,1,1,1,1.0,6.0
201000004643,0010-08-21 20:30:00,10,8,21,20,30,400,269,,,,Plein jour,Hors agglomération,Hors intersection,Normale,Deux véhicules - frontale,,,,,,,,,,,1,1,1,1.0,1.0
201000004644,0010-09-06 17:10:00,10,9,6,17,10,400,269,,,,Plein jour,Hors agglomération,Hors intersection,Normale,Deux véhicules - côté,,,,,,,,,,,1,1,1,1.0,3.0
201000004645,0010-09-12 13:00:00,10,9,12,13,0,400,118,,,,Plein jour,Hors agglomération,Hors intersection,Normale,Deux véhicules - côté,,,,,,,,,,,1,1,1,1.0,3.0
201000004646,0010-09-22 06:45:00,10,9,22,6,45,400,118,,,,Crépuscule ou aube,Hors agglomération,Hors intersection,Normale,Sans collision,,,,,,,,,,,2,1,1,1.0,7.0
201000004647,0010-09-25 16:40:00,10,9,25,16,40,400,132,,,,Crépuscule ou aube,En agglomération,Intersection en T,Normale,Deux véhicules - côté,,,,,,,,,,,2,2,3,1.0,3.0
201000004648,0010-10-20 10:15:00,10,10,20,10,15,400,211,,,,Plein jour,Hors agglomération,Hors intersection,Temps couvert,Deux véhicules - frontale,,,,,,,,,,,1,1,1,8.0,1.0
201000004649,0010-10-25 12:15:00,10,10,25,12,15,400,132,,,,Plein jour,Hors agglomération,Intersection en T,Normale,Deux véhicules - côté,,,,,,,,,,,1,1,3,1.0,3.0
201000004650,0010-10-30 21:00:00,10,10,30,21,0,400,186,,,,Nuit sans éclairage public,Hors agglomération,Hors intersection,Normale,Sans collision,,,,,,,,,,,3,1,1,1.0,7.0
201000004651,0010-11-13 15:45:00,10,11,13,15,45,400,95,,,,Plein jour,Hors agglomération,Hors intersection,Normale,Deux véhicules - frontale,,,,,,,,,,,1,1,1,1.0,1.0
201000004652,0010-12-15 15:00:00,10,12,15,15,0,400,224,N°5 rue Gambetta,,,Plein jour,En agglomération,Hors intersection,Normale,Autre collision,,,,,,,,,,,1,2,1,1.0,6.0
201000004653,0010-01-24 18:15:00,10,1,24,18,15,400,133,,,,Nuit avec éclairage allumé,En agglomération,Giratoire,Normale,Deux véhicules - côté,,,,,,,,,,,5,2,6,1.0,3.0
201000004654,0010-02-04 13:00:00,10,2,4,13,0,400,261,,,,Plein jour,Hors agglomération,Hors intersection,Normale,Autre collision,,,,,,,,,,,1,1,1,1.0,6.0
201000004655,0010-02-03 10:00:00,10,2,3,10,0,400,36,,,,Plein jour,Hors agglomération,Hors intersection,Normale,Deux véhicules - frontale,,,,,,,,,,,1,1,1,1.0,1.0
201000004656,0010-04-07 10:15:00,10,4,7,10,15,400,284,rue Marensin,,,Plein jour,En agglomération,Intersection en T,Pluie légère,Autre collision,,,,,,,,,,,1,2,3,2.0,6.0
201000004657,0010-05-01 01:30:00,10,5,1,1,30,400,284,,,,Nuit sans éclairage public,Hors agglomération,Hors intersection,Pluie légère,Deux véhicules - frontale,,,,,,,,,,,3,1,1,2.0,1.0
201000004658,0010-05-10 07:20:00,10,5,10,7,20,400,284,route de Lit,,,Plein jour,En agglomération,Hors intersection,Normale,Deux véhicules - frontale,,,,,,,,,,,1,2,1,1.0,1.0
201000004659,0010-05-24 18:30:00,10,5,24,18,30,400,129,,,,Plein jour,Hors agglomération,Hors intersection,Normale,Trois véhicules et plus - en chaîne,,,,,,,,,,,1,1,1,1.0,4.0
201000004660,0010-06-08 04:30:00,10,6,8,4,30,400,65,avenue maréchal Foch,,,Nuit avec éclairage allumé,En agglomération,Giratoire,Normale,Deux véhicules - côté,,,,,,,,,,,5,2,6,1.0,3.0
201000004661,0010-06-25 08:45:00,10,6,25,8,45,400,261,,,,Plein jour,Hors agglomération,Hors intersection,Normale,Sans collision,,,,,,,,,,,1,1,1,1.0,7.0
201000004662,0010-06-28 16:20:00,10,6,28,16,20,400,284,av de tourren,,,Plein jour,En agglomération,Hors intersection,Normale,Trois véhicules et plus - collisions multiples,,,,,,,,,,,1,2,1,1.0,5.0
201000004663,0010-07-01 00:01:00,10,7,1,0,1,400,261,,,,Nuit sans éclairage public,Hors agglomération,Intersection en T,Normale,Deux véhicules - côté,,,,,,,,,,,3,1,3,1.0,3.0
201000004664,0010-07-25 05:15:00,10,7,25,5,15,400,261,,,,Nuit sans éclairage public,Hors agglomération,Intersection en X,Normale,Deux véhicules - côté,,,,,,,,,,,3,1,2,1.0,3.0
201000004665,0010-08-01 08:45:00,10,8,1,8,45,400,261,RD810,,,Plein jour,En agglomération,Hors intersection,Normale,Autre collision,,,,,,,,,,,1,2,1,1.0,6.0
201000004666,0010-08-13 14:10:00,10,8,13,14,10,400,36,,,,Plein jour,Hors agglomération,Hors intersection,Normale,Deux véhicules - côté,,,,,,,,,,,1,1,1,1.0,3.0
201000004667,0010-08-27 08:30:00,10,8,27,8,30,400,133,RD 810,,,Plein jour,En agglomération,Intersection en T,Normale,Trois véhicules et plus - collisions multiples,,,,,,,,,,,1,2,3,1.0,5.0
201000004668,0010-08-28 18:30:00,10,8,28,18,30,400,65,Boulevard des cigales,,,Plein jour,En agglomération,Hors intersection,Normale,Deux véhicules - côté,,,,,,,,,,,1,2,1,1.0,3.0
201000004669,0010-09-12 06:00:00,10,9,12,6,0,400,129,,,,Nuit sans éclairage public,Hors agglomération,Hors intersection,Normale,Sans collision,,,,,,,,,,,3,1,1,1.0,7.0
201000004670,0010-09-17 05:15:00,10,9,17,5,15,400,284,,,,Plein jour,Hors agglomération,Hors intersection,Normale,Sans collision,,,,,,,,,,,1,1,1,1.0,7.0
201000004671,0010-10-12 13:00:00,10,10,12,13,0,400,284,RD810,,,Plein jour,En agglomération,Intersection en T,Normale,Deux véhicules - côté,,,,,,,,,,,1,2,3,1.0,3.0
201000004672,0010-10-19 09:00:00,10,10,19,9,0,400,65,11 avenue de verdun,,,Plein jour,En agglomération,Hors intersection,Temps éblouissant,Autre collision,,,,,,,,,,,1,2,1,7.0,6.0
201000004673,0010-11-15 08:45:00,10,11,15,8,45,400,36,route d'Orx,,,Plein jour,Hors agglomération,Hors intersection,Normale,Autre collision,,,,,,,,,,,1,1,1,1.0,6.0
201000004674,0010-11-19 21:15:00,10,11,19,21,15,400,284,RD810,,,Nuit avec éclairage allumé,En agglomération,Hors intersection,Normale,Deux véhicules - frontale,,,,,,,,,,,5,2,1,1.0,1.0
201000004675,0010-12-01 08:50:00,10,12,1,8,50,400,264,,,,Plein jour,Hors agglomération,Hors intersection,Pluie légère,Deux véhicules - arrière,,,,,,,,,,,1,1,1,2.0,2.0
201000004676,0010-02-27 04:00:00,10,2,27,4,0,400,304,avenue de BORDEAUX,,,Nuit avec éclairage allumé,En agglomération,Hors intersection,Normale,Sans collision,,,,,,,,,,,5,2,1,1.0,7.0
201000004677,0010-03-22 10:30:00,10,3,22,10,30,400,310,,,,Plein jour,Hors agglomération,Hors intersection,Normale,Deux véhicules - côté,,,,,,,,,,,1,1,1,1.0,3.0
201000004678,0010-03-27 01:45:00,10,3,27,1,45,400,187,,,,Nuit sans éclairage public,Hors agglomération,Hors intersection,Normale,Sans collision,,,,,,,,,,,3,1,1,1.0,7.0
201000004679,0010-04-08 19:05:00,10,4,8,19,5,400,310,Rue Jean Moulin,,,Plein jour,En agglomération,Hors intersection,Normale,Trois véhicules et plus - en chaîne,,,,,,,,,,,1,2,1,1.0,4.0
201000004680,0010-05-27 11:00:00,10,5,27,11,0,400,304,Avenue de la Tuilerie,,,Plein jour,En agglomération,Intersection en X,Normale,Deux véhicules - côté,,,,,,,,,,,1,2,2,1.0,3.0
201000004681,0010-05-29 01:10:00,10,5,29,1,10,400,304,avenue du TCF,,,Nuit avec éclairage allumé,En agglomération,Hors intersection,Normale,Deux véhicules - frontale,,,,,,,,,,,5,2,1,1.0,1.0
201000004682,0010-06-03 20:30:00,10,6,3,20,30,400,310,,,,Plein jour,Hors agglomération,Hors intersection,Normale,Sans collision,,,,,,,,,,,1,1,1,1.0,7.0
201000004683,0010-07-10 13:00:00,10,7,10,13,0,400,168,route de Léon - D.16,,,Plein jour,En agglomération,Intersection en T,Normale,Deux véhicules - frontale,,,,,,,,,,,1,2,3,1.0,1.0
201000004684,0010-07-24 00:01:00,10,7,24,0,1,400,328,26 Route des Lacs,,,Nuit avec éclairage allumé,En agglomération,Hors intersection,Normale,Deux véhicules - frontale,,,,,,,,,,,5,2,1,1.0,1.0
201000004685,0010-08-01 14:50:00,10,8,1,14,50,400,296,AVENUE CHARLES DE GAULLE,,,Plein jour,En agglomération,Hors intersection,Normale,Deux véhicules - côté,,,,,,,,,,,1,2,1,1.0,3.0
201000004686,0010-08-03 12:20:00,10,8,3,12,20,400,304,Avenue du GOLF,,,Plein jour,En agglomération,Hors intersection,Normale,Autre collision,,,,,,,,,,,1,2,1,1.0,6.0
201000004687,0010-08-16 02:30:00,10,8,16,2,30,400,296,avenue du bayonnais,,,Nuit avec éclairage allumé,En agglomération,Hors intersection,Normale,Sans collision,,,,,,,,,,,5,2,1,1.0,7.0
201000004688,0010-08-21 10:45:00,10,8,21,10,45,400,310,,,,Plein jour,En agglomération,Intersection en X,Normale,Autre collision,,,,,,,,,,,1,2,2,1.0,6.0
201000004689,0010-08-27 19:30:00,10,8,27,19,30,400,304,PLACE PASTEUR,,,Plein jour,En agglomération,Place,Normale,Autre collision,,,,,,,,,,,1,2,7,1.0,6.0
201000004690,0010-09-04 11:30:00,10,9,4,11,30,400,181,,,,Plein jour,Hors agglomération,Hors intersection,Normale,Deux véhicules - arrière,,,,,,,,,,,1,1,1,1.0,2.0
201000004691,0010-09-25 05:15:00,10,9,25,5,15,400,304,,43.682,-1.439,Nuit avec éclairage allumé,En agglomération,Hors intersection,Pluie légère,Autre collision,,,,,,,,,,,5,2,1,2.0,6.0
201000004692,0010-02-12 14:30:00,10,2,12,14,30,400,271,,,,Plein jour,Hors agglomération,Hors intersection,Neige / grêle,Sans collision,,,,,,,,,,,1,1,1,4.0,7.0
201000004693,0010-03-10 14:55:00,10,3,10,14,55,400,273,2150 AV QUARTIER NEUF,,,Plein jour,En agglomération,Hors intersection,Pluie légère,Deux véhicules - côté,,,,,,,,,,,1,2,1,2.0,3.0
201000004694,0010-03-16 13:20:00,10,3,16,13,20,400,209,1291 Ave du 11/11/1918,,,Plein jour,En agglomération,Hors intersection,Normale,Trois véhicules et plus - collisions multiples,,,,,,,,,,,1,2,1,1.0,5.0
201000004695,0010-03-23 17:15:00,10,3,23,17,15,400,273,route de l'Adour CD 126,,,Plein jour,En agglomération,Hors intersection,Normale,Deux véhicules - frontale,,,,,,,,,,,1,2,1,1.0,1.0
201000004696,0010-03-23 21:45:00,10,3,23,21,45,400,273,RD817 L'ESCALE 792,,,Nuit avec éclairage allumé,En agglomération,Hors intersection,Normale,Deux véhicules - côté,,,,,,,,,,,5,2,1,1.0,3.0
201000004697,0010-03-29 14:15:00,10,3,29,14,15,400,312,,,,Plein jour,Hors agglomération,Hors intersection,Normale,Deux véhicules - frontale,,,,,,,,,,,1,1,1,1.0,1.0
201000004698,0010-04-01 17:00:00,10,4,1,17,0,400,273,,,,Plein jour,Hors agglomération,Hors intersection,Normale,Deux véhicules - arrière,,,,,,,,,,,1,1,1,1.0,2.0
201000004699,0010-05-17 20:45:00,10,5,17,20,45,400,209,474 route de la plage,,,Crépuscule ou aube,Hors agglomération,Passage à niveau,Normale,Deux véhicules - côté,,,,,,,,,,,2,1,8,1.0,3.0
201000004700,0010-07-12 01:15:00,10,7,12,1,15,400,312,rd 810,,,Nuit avec éclairage allumé,En agglomération,Giratoire,Normale,Sans collision,,,,,,,,,,,5,2,6,1.0,7.0
201000004701,0010-07-15 18:55:00,10,7,15,18,55,400,209,100 rue Georges Lafont,,,Plein jour,En agglomération,Hors intersection,Normale,Deux véhicules - côté,,,,,,,,,,,1,2,1,1.0,3.0
201000004702,0010-07-31 19:45:00,10,7,31,19,45,400,312,324 RD 817,,,Plein jour,En agglomération,Hors intersection,Normale,Deux véhicules - arrière,,,,,,,,,,,1,2,1,1.0,2.0
201000004703,0010-07-31 10:00:00,10,7,31,10,0,400,209,,,,Plein jour,En agglomération,Hors intersection,Normale,Autre collision,,,,,,,,,,,1,2,1,1.0,6.0
201000004704,0010-09-14 12:50:00,10,9,14,12,50,400,251,,,,Plein jour,Hors agglomération,Hors intersection,Normale,Deux véhicules - frontale,,,,,,,,,,,1,1,1,1.0,1.0
201000004705,0010-09-20 14:30:00,10,9,20,14,30,400,312,RD810 BD JACQUES DUCLOS,,,Plein jour,En agglomération,Hors intersection,Normale,Deux véhicules - côté,,,,,,,,,,,1,2,1,1.0,3.0
201000004706,0010-09-21 19:45:00,10,9,21,19,45,400,312,avenue SALVADOR ALLENDE,,,Crépuscule ou aube,En agglomération,Hors intersection,Normale,Sans collision,,,,,,,,,,,2,2,1,1.0,7.0
201000004707,0010-10-14 17:00:00,10,10,14,17,0,400,268,,,,Plein jour,Hors agglomération,Hors intersection,Normale,Deux véhicules - côté,,,,,,,,,,,1,1,1,1.0,3.0
201000004708,0010-10-18 17:30:00,10,10,18,17,30,400,251,route de l ocean,,,Plein jour,En agglomération,Hors intersection,Normale,Sans collision,,,,,,,,,,,1,2,1,1.0,7.0
201000004709,0010-10-21 13:30:00,10,10,21,13,30,400,312,RD 810,,,Plein jour,En agglomération,Intersection en T,Normale,Deux véhicules - côté,,,,,,,,,,,1,2,3,1.0,3.0
201000004710,0010-11-09 19:05:00,10,11,9,19,5,400,312,Rue Treytin,,,Plein jour,En agglomération,Hors intersection,Pluie forte,Deux véhicules - côté,,,,,,,,,,,1,2,1,3.0,3.0
201000004711,0010-12-20 05:05:00,10,12,20,5,5,400,42,,,,Nuit sans éclairage public,Hors agglomération,Hors intersection,Normale,Autre collision,,,,,,,,,,,3,1,1,1.0,6.0
201000004712,0010-02-27 00:10:00,10,2,27,0,10,400,46,rue du grand vivier,,,Nuit avec éclairage allumé,En agglomération,Intersection en T,Normale,Deux véhicules - côté,,,,,,,,,,,5,2,3,1.0,3.0
201000004713,0010-03-07 14:15:00,10,3,7,14,15,400,217,,,,Plein jour,Hors agglomération,Intersection en X,Normale,Deux véhicules - côté,,,,,,,,,,,1,1,2,1.0,3.0
201000004714,0010-03-14 21:30:00,10,3,14,21,30,400,287,,,,Nuit sans éclairage public,Hors agglomération,Hors intersection,Normale,Deux véhicules - frontale,,,,,,,,,,,3,1,1,1.0,1.0