accident_id,datetime,annee,mois,jour,heure,minute,departement,commune_insee,adresse,latitude,longitude,luminosite,agglomeration,intersection,meteo,collision,nb_vehicules,nb_usagers,nb_indemnes,nb_tues,nb_blesses_hosp,nb_blesses_legers,age_cond_1,age_cond_2,veh_type_cond_1,veh_type_cond_2,lum_code,agg_code,int_code,atm_code,col_code
201000004849,0010-09-25 07:45:00,10,9,25,7,45,470,24,LDT AUZONNE,44.5202,0.14438,Crépuscule ou aube,Hors agglomération,Hors intersection,Temps couvert,Deux véhicules - frontale,,,,,,,,,,,2,1,1,8.0,1.0
201000004850,0010-10-25 08:45:00,10,10,25,8,45,470,157,CARREFOUR DU FOUGARD,44.5039,0.16401,Plein jour,En agglomération,Giratoire,Temps éblouissant,Autre collision,,,,,,,,,,,1,2,6,7.0,6.0
201000004851,0010-12-31 18:30:00,10,12,31,18,30,470,157,RD 813 - CRAMAT,,,Nuit sans éclairage public,En agglomération,Hors intersection,Normale,Deux véhicules - frontale,,,,,,,,,,,3,2,1,1.0,1.0
201000004852,0010-03-27 18:00:00,10,3,27,18,0,470,88,LDT MUSCARDIN,44.5448,0.23078,Plein jour,Hors agglomération,Hors intersection,Normale,Autre collision,,,,,,,,,,,1,1,1,1.0,6.0
201000004853,0010-04-22 18:15:00,10,4,22,18,15,470,301,,44.56,0.298,Plein jour,Hors agglomération,Hors intersection,Temps couvert,Deux véhicules - côté,,,,,,,,,,,1,1,1,8.0,3.0
201000004854,0010-05-15 21:15:00,10,5,15,21,15,470,189,LDT BISSIERE,44.5484,0.36921,Crépuscule ou aube,Hors agglomération,Hors intersection,Normale,Deux véhicules - côté,,,,,,,,,,,2,1,1,1.0,3.0
201000004855,0010-05-24 16:30:00,10,5,24,16,30,470,229,,44.7328,0.27557,Plein jour,Hors agglomération,Intersection en X,Normale,Deux véhicules - frontale,,,,,,,,,,,1,1,2,1.0,1.0
201000004856,0010-07-11 11:30:00,10,7,11,11,30,470,301,LIEU-DIT TRENTE-COTES,44.567,0.27,Plein jour,Hors agglomération,Hors intersection,Normale,Deux véhicules - côté,,,,,,,,,,,1,1,1,1.0,3.0
201000004857,0010-08-07 23:00:00,10,8,7,23,0,470,168,AVENUE ALFRED COURT,44.5928,0.34948,Nuit avec éclairage allumé,En agglomération,Intersection en T,Normale,Deux véhicules - côté,,,,,,,,,,,5,2,3,1.0,3.0
201000004858,0010-08-26 13:00:00,10,8,26,13,0,470,226,ldt Champ de Roumagne,44.62,0.343,Plein jour,Hors agglomération,Hors intersection,Normale,Deux véhicules - frontale,,,,,,,,,,,1,1,1,1.0,1.0
201000004859,0010-09-19 03:15:00,10,9,19,3,15,470,216,,44.5176,0.3398,Nuit sans éclairage public,Hors agglomération,Hors intersection,Normale,Sans collision,,,,,,,,,,,3,1,1,1.0,7.0
201000004860,0010-10-18 18:15:00,10,10,18,18,15,470,86,RD708/RD281 (A. BRIAND),44.6768,0.18663,Plein jour,En agglomération,Intersection en Y,Temps éblouissant,Deux véhicules - côté,,,,,,,,,,,1,2,4,7.0,3.0
201000004861,0010-02-12 17:45:00,10,2,12,17,45,470,233,ROUTE DES LANDES - D3,44.533,0.095,Plein jour,En agglomération,Intersection en X,Normale,Deux véhicules - côté,,,,,,,,,,,1,2,2,1.0,3.0
201000004862,0010-05-03 10:45:00,10,5,3,10,45,470,59,,44.588,0.167,Plein jour,Hors agglomération,Intersection en X,Normale,Deux véhicules - côté,,,,,,,,,,,1,1,2,1.0,3.0
201000004863,0010-05-28 17:15:00,10,5,28,17,15,470,115,,44.398,0.029,Plein jour,Hors agglomération,Intersection en T,Normale,Deux véhicules - côté,,,,,,,,,,,1,1,3,1.0,3.0
201000004864,0010-07-19 09:30:00,10,7,19,9,30,470,191,LIEU-DIT AU BOIS,44.457,0.086,Plein jour,Hors agglomération,Hors intersection,Normale,Deux véhicules - côté,,,,,,,,,,,1,1,1,1.0,3.0
201000004865,0010-08-02 10:15:00,10,8,2,10,15,470,56,,44.5772,0.15868,Plein jour,Hors agglomération,Hors intersection,Pluie légère,Autre collision,,,,,,,,,,,1,1,1,2.0,6.0
201000004866,0010-10-01 03:00:00,10,10,1,3,0,470,34,LIEU-DIT GAULLES,44.4004,0.12033,Nuit sans éclairage public,Hors agglomération,Hors intersection,Normale,Autre collision,,,,,,,,,,,3,1,1,1.0,6.0
201000004867,0010-10-19 01:30:00,10,10,19,1,30,470,13,LIEU-DIT DARGUENCE,44.3824,0.08669,Nuit sans éclairage public,Hors agglomération,Hors intersection,Normale,Autre collision,,,,,,,,,,,3,1,1,1.0,6.0
201000004868,0010-03-14 05:45:00,10,3,14,5,45,470,310,LDT JEANAT,44.37,0.31897,Nuit sans éclairage public,Hors agglomération,Hors intersection,Normale,Autre collision,,,,,,,,,,,3,1,1,1.0,6.0
201000004869,0010-03-16 14:15:00,10,3,16,14,15,470,310,,44.3716,0.31887,Plein jour,Hors agglomération,Hors intersection,Normale,Deux véhicules - arrière,,,,,,,,,,,1,1,1,1.0,2.0
201000004870,0010-05-08 05:30:00,10,5,8,5,30,470,46,LDT TAREYRE,44.3768,0.24188,Nuit sans éclairage public,Hors agglomération,Hors intersection,Pluie légère,Autre collision,,,,,,,,,,,3,1,1,2.0,6.0
201000004871,0010-06-18 07:45:00,10,6,18,7,45,470,317,RD 120/ RD 299,,,Plein jour,Hors agglomération,Intersection en X,Normale,Deux véhicules - côté,,,,,,,,,,,1,1,2,1.0,3.0
201000004872,0010-06-25 21:00:00,10,6,25,21,0,470,310,Ldt Regaudie,44.379,0.318,Plein jour,Hors agglomération,Hors intersection,Normale,Autre collision,,,,,,,,,,,1,1,1,1.0,6.0
201000004873,0010-08-02 15:00:00,10,8,2,15,0,470,65,LDT MARGOUL,44.3475,0.36366,Plein jour,Hors agglomération,Hors intersection,Pluie légère,Deux véhicules - frontale,,,,,,,,,,,1,1,1,2.0,1.0
201000004874,0010-08-29 03:00:00,10,8,29,3,0,470,71,LA CASSENOTE,44.4524,0.48527,Nuit sans éclairage public,Hors agglomération,Hors intersection,Normale,Autre collision,,,,,,,,,,,3,1,1,1.0,6.0
201000004875,0010-09-04 12:00:00,10,9,4,12,0,470,298,,44.4139,0.22434,Plein jour,Hors agglomération,Intersection en X,Normale,Deux véhicules - côté,,,,,,,,,,,1,1,2,1.0,3.0
201000004876,0010-09-30 12:45:00,10,9,30,12,45,470,61,LDT LARROQUE,44.4324,0.19096,Plein jour,Hors agglomération,Hors intersection,Brouillard / fumée,Autre collision,,,,,,,,,,,1,1,1,5.0,6.0
201000004877,0010-10-07 19:30:00,10,10,7,19,30,470,54,ROUTE DE LAPARADE,44.3967,0.49198,Nuit avec éclairage allumé,En agglomération,Hors intersection,Normale,Sans collision,,,,,,,,,,,5,2,1,1.0,7.0
201000004878,0010-11-12 14:45:00,10,11,12,14,45,470,112,LIEU-DIT PAJAU,44.4102,0.36665,Plein jour,Hors agglomération,Hors intersection,Normale,Autre collision,,,,,,,,,,,1,1,1,1.0,6.0
201000004879,0010-11-29 13:15:00,10,11,29,13,15,470,65,,44.335,0.35083,Plein jour,Hors agglomération,Hors intersection,Normale,Deux véhicules - frontale,,,,,,,,,,,1,1,1,1.0,1.0
201000004880,0010-05-05 14:30:00,10,5,5,14,30,470,43,LDT MARCHEPIN RD108/VC2,44.251,0.2886,Plein jour,Hors agglomération,Intersection en T,Pluie légère,Deux véhicules - arrière,,,,,,,,,,,1,1,3,2.0,2.0
201000004881,0010-05-21 10:30:00,10,5,21,10,30,470,8,,44.237,0.227,Plein jour,Hors agglomération,Hors intersection,Normale,Autre collision,,,,,,,,,,,1,1,1,1.0,6.0
201000004882,0010-05-30 05:30:00,10,5,30,5,30,470,267,,44.282,0.281,Crépuscule ou aube,Hors agglomération,Hors intersection,Normale,Autre collision,,,,,,,,,,,2,1,1,1.0,6.0
201000004883,0010-06-20 10:45:00,10,6,20,10,45,470,148,Ldt Pont de Lussac,44.332,0.203,Plein jour,Hors agglomération,Intersection en T,Normale,Sans collision,,,,,,,,,,,1,1,3,1.0,7.0
201000004884,0010-07-06 09:30:00,10,7,6,9,30,470,52,10 av. Joseph TURROQUES,44.312,0.079,Plein jour,En agglomération,Hors intersection,Normale,Deux véhicules - arrière,,,,,,,,,,,1,2,1,1.0,2.0
201000004885,0010-08-02 06:30:00,10,8,2,6,30,470,39,,44.1544,0.0216,Crépuscule ou aube,Hors agglomération,Hors intersection,Pluie légère,Deux véhicules - frontale,,,,,,,,,,,2,1,1,2.0,1.0
201000004886,0010-08-08 04:30:00,10,8,8,4,30,470,254,LDT POUCHIC,44.3453,0.03904,Nuit sans éclairage public,Hors agglomération,Hors intersection,Normale,Deux véhicules - arrière,,,,,,,,,,,3,1,1,1.0,2.0
201000004887,0010-08-08 20:00:00,10,8,8,20,0,470,52,"""LE LANIN""",44.2992,0.09793,Plein jour,Hors agglomération,Intersection en Y,Normale,Deux véhicules - frontale,,,,,,,,,,,1,1,4,1.0,1.0
201000004888,0010-09-23 19:00:00,10,9,23,19,0,470,52,7 PLACE GAMBETTA,44.314,0.0853,Plein jour,En agglomération,Hors intersection,Normale,Autre collision,,,,,,,,,,,1,2,1,1.0,6.0
201000004889,0010-09-24 15:30:00,10,9,24,15,30,470,43,LDT LE POTEAU,44.2618,0.28753,Plein jour,Hors agglomération,Hors intersection,Pluie légère,Deux véhicules - frontale,,,,,,,,,,,1,1,1,2.0,1.0
201000004890,0010-11-26 11:45:00,10,11,26,11,45,470,52,RTE DE MARMANDE,44.3169,0.09351,Plein jour,En agglomération,Hors intersection,Temps couvert,Deux véhicules - côté,,,,,,,,,,,1,2,1,8.0,3.0
201000004891,0010-02-01 17:30:00,10,2,1,17,30,470,203,CD 661 - CD 103,44.3874,0.80305,Plein jour,En agglomération,Intersection en Y,Normale,Deux véhicules - côté,,,,,,,,,,,1,2,4,1.0,3.0
201000004892,0010-02-22 18:45:00,10,2,22,18,45,470,203,LDT BEQUI,44.408,0.851,Crépuscule ou aube,Hors agglomération,Hors intersection,Temps couvert,Deux véhicules - arrière,,,,,,,,,,,2,1,1,8.0,2.0
201000004893,0010-03-15 18:45:00,10,3,15,18,45,470,315,LDT FOUR À CHAUX,44.4242,0.84389,Plein jour,Hors agglomération,Hors intersection,Normale,Autre collision,,,,,,,,,,,1,1,1,1.0,6.0
201000004894,0010-06-02 18:45:00,10,6,2,18,45,470,280,,44.403,0.794,Plein jour,En agglomération,Hors intersection,Temps éblouissant,Deux véhicules - arrière,,,,,,,,,,,1,2,1,7.0,2.0
201000004895,0010-06-22 08:15:00,10,6,22,8,15,470,237,RD 118/ RD 120,44.359,0.648,Plein jour,Hors agglomération,Intersection en X,Normale,Deux véhicules - côté,,,,,,,,,,,1,1,2,1.0,3.0
201000004896,0010-06-23 14:00:00,10,6,23,14,0,470,228,,44.338,0.713,Plein jour,Hors agglomération,Hors intersection,Normale,Deux véhicules - frontale,,,,,,,,,,,1,1,1,1.0,1.0
201000004897,0010-07-05 10:15:00,10,7,5,10,15,470,203,,44.371,0.778,Plein jour,Hors agglomération,Hors intersection,Normale,Autre collision,,,,,,,,,,,1,1,1,1.0,6.0
201000004898,0010-07-25 00:45:00,10,7,25,0,45,470,109,,,,Nuit sans éclairage public,Hors agglomération,Hors intersection,Normale,Sans collision,,,,,,,,,,,3,1,1,1.0,7.0
201000004899,0010-08-07 07:45:00,10,8,7,7,45,470,175,57 AV DE LA LIBÉRATION,44.5314,0.76667,Plein jour,En agglomération,Hors intersection,Temps éblouissant,Autre collision,,,,,,,,,,,1,2,1,7.0,6.0
201000004900,0010-08-29 16:30:00,10,8,29,16,30,470,203,,44.3873,0.7942,Plein jour,Hors agglomération,Intersection en T,Normale,Deux véhicules - frontale,,,,,,,,,,,1,1,3,1.0,1.0
201000004901,0010-09-08 07:45:00,10,9,8,7,45,470,315,,44.4556,0.89796,Crépuscule ou aube,Hors agglomération,Hors intersection,Normale,Autre collision,,,,,,,,,,,2,1,1,1.0,6.0
201000004902,0010-09-08 12:30:00,10,9,8,12,30,470,315,,44.4514,0.89578,Plein jour,Hors agglomération,Hors intersection,Normale,Deux véhicules - côté,,,,,,,,,,,1,1,1,1.0,3.0
201000004903,0010-09-10 20:00:00,10,9,10,20,0,470,175,LDT MARSAL,44.4932,0.7491,Plein jour,Hors agglomération,Hors intersection,Normale,Deux véhicules - frontale,,,,,,,,,,,1,1,1,1.0,1.0
201000004904,0010-09-24 19:45:00,10,9,24,19,45,470,146,LDT CAMPAGNAC,44.4311,0.67059,Nuit sans éclairage public,Hors agglomération,Hors intersection,Normale,Autre collision,,,,,,,,,,,3,1,1,1.0,6.0
201000004905,0010-10-20 14:15:00,10,10,20,14,15,470,280,ROUTE DE MONFLANQUIN,44.4017,0.80016,Plein jour,En agglomération,Hors intersection,Normale,Deux véhicules - côté,,,,,,,,,,,1,2,1,1.0,3.0
201000004906,0010-10-31 01:30:00,10,10,31,1,30,470,315,LIEU-DIT LATUQUE,44.4506,0.88844,Nuit sans éclairage public,Hors agglomération,Hors intersection,Normale,Sans collision,,,,,,,,,,,3,1,1,1.0,7.0
201000004907,0010-11-04 21:45:00,10,11,4,21,45,470,146,LIEU-DIT CAMPAGNAC,44.4307,0.67215,Nuit sans éclairage public,Hors agglomération,Hors intersection,Normale,Autre collision,,,,,,,,,,,3,1,1,1.0,6.0
201000004908,0010-11-18 08:45:00,10,11,18,8,45,470,124,LIEU-DIT MAURE,44.5059,0.83427,Plein jour,Hors agglomération,Hors intersection,Normale,Deux véhicules - côté,,,,,,,,,,,1,1,1,1.0,3.0
201000004909,0010-02-05 18:00:00,10,2,5,18,0,470,240,LDT FAUQUIÉ BAS,44.616,0.765,Plein jour,Hors agglomération,Hors intersection,Pluie légère,Deux véhicules - frontale,,,,,,,,,,,1,1,1,2.0,1.0
201000004910,0010-02-07 18:00:00,10,2,7,18,0,470,272,,,,Plein jour,Hors agglomération,Hors intersection,Normale,Sans collision,,,,,,,,,,,1,1,1,1.0,7.0
201000004911,0010-04-10 18:15:00,10,4,10,18,15,470,164,,,,Plein jour,Hors agglomération,Hors intersection,Normale,Deux véhicules - côté,,,,,,,,,,,1,1,1,1.0,3.0
201000004912,0010-06-16 11:30:00,10,6,16,11,30,470,55,ldt calvaire,44.496,0.671,Plein jour,Hors agglomération,Hors intersection,Pluie forte,Deux véhicules - frontale,,,,,,,,,,,1,1,1,3.0,1.0
201000004913,0010-06-26 14:00:00,10,6,26,14,0,470,164,Ldt Lamouthe Basse,44.673,0.713,Plein jour,Hors agglomération,Hors intersection,Normale,Deux véhicules - côté,,,,,,,,,,,1,1,1,1.0,3.0
201000004914,0010-07-02 14:00:00,10,7,2,14,0,470,37,LDT COURBERIEUX,,,Plein jour,Hors agglomération,Hors intersection,Normale,Autre collision,,,,,,,,,,,1,1,1,1.0,6.0
201000004915,0010-07-28 11:30:00,10,7,28,11,30,470,223,LASSAGNE/LASSAGNE HAUTE,,,Plein jour,Hors agglomération,Hors intersection,Normale,Autre collision,,,,,,,,,,,1,1,1,1.0,6.0
201000004916,0010-08-10 15:00:00,10,8,10,15,0,470,57,RN21/RD1,44.6575,0.58979,Plein jour,Hors agglomération,Intersection en X,Normale,Deux véhicules - côté,,,,,,,,,,,1,1,2,1.0,3.0
201000004917,0010-08-18 19:30:00,10,8,18,19,30,470,48,ACCÈS LDT COUTILLOU,44.5346,0.64943,Plein jour,Hors agglomération,Hors intersection,Normale,Deux véhicules - côté,,,,,,,,,,,1,1,1,1.0,3.0
201000004918,0010-01-01 15:00:00,10,1,1,15,0,470,106,LDT ROC DE CALE,,,Plein jour,Hors agglomération,Hors intersection,Pluie légère,Autre collision,,,,,,,,,,,1,1,1,2.0,6.0
201000004919,0010-01-07 07:15:00,10,1,7,7,15,470,185,,,,Nuit sans éclairage public,Hors agglomération,Autre intersection,Autre,Deux véhicules - frontale,,,,,,,,,,,3,1,9,9.0,1.0
201000004920,0010-01-07 07:30:00,10,1,7,7,30,470,70,,,,Crépuscule ou aube,Hors agglomération,Hors intersection,Autre,Deux véhicules - frontale,,,,,,,,,,,2,1,1,9.0,1.0
201000004921,0010-01-24 10:45:00,10,1,24,10,45,470,179,RUE DU MARCHÉ,,,Plein jour,En agglomération,Giratoire,Normale,Autre collision,,,,,,,,,,,1,2,6,1.0,6.0
201000004922,0010-02-18 08:30:00,10,2,18,8,30,470,106,,,,Plein jour,Hors agglomération,Hors intersection,Normale,Autre collision,,,,,,,,,,,1,1,1,1.0,6.0
201000004923,0010-03-29 09:00:00,10,3,29,9,0,470,312,,,,Plein jour,Hors agglomération,Intersection en Y,Normale,Deux véhicules - frontale,,,,,,,,,,,1,1,4,1.0,1.0
201000004924,0010-04-06 14:15:00,10,4,6,14,15,470,106,112 Av. de l'Usine,,,Plein jour,En agglomération,Hors intersection,Temps éblouissant,Deux véhicules - côté,,,,,,,,,,,1,2,1,7.0,3.0
201000004925,0010-04-13 11:30:00,10,4,13,11,30,470,36,ldt Lasteole,,,Plein jour,Hors agglomération,Hors intersection,Normale,Deux véhicules - frontale,,,,,,,,,,,1,1,1,1.0,1.0
201000004926,0010-04-21 22:00:00,10,4,21,22,0,470,185,,,,Nuit sans éclairage public,Hors agglomération,Hors intersection,Normale,Autre collision,,,,,,,,,,,3,1,1,1.0,6.0
201000004927,0010-04-30 15:30:00,10,4,30,15,30,470,328,ldt Bois de Ladhuie,,,Plein jour,Hors agglomération,Hors intersection,Normale,Deux véhicules - arrière,,,,,,,,,,,1,1,1,1.0,2.0
201000004928,0010-06-15 09:00:00,10,6,15,9,0,470,312,ldt Perrot,,,Plein jour,Hors agglomération,Hors intersection,Normale,Autre collision,,,,,,,,,,,1,1,1,1.0,6.0
201000004929,0010-06-18 12:30:00,10,6,18,12,30,470,179,libération/BEA,,,Plein jour,En agglomération,Intersection en X,Pluie légère,Deux véhicules - frontale,,,,,,,,,,,1,2,2,2.0,1.0
201000004930,0010-06-19 16:45:00,10,6,19,16,45,470,312,Ldt Parel,,,Plein jour,Hors agglomération,Hors intersection,Pluie forte,Autre collision,,,,,,,,,,,1,1,1,3.0,6.0
201000004931,0010-07-09 16:00:00,10,7,9,16,0,470,70,,44.497,0.896,Plein jour,Hors agglomération,Hors intersection,Normale,Deux véhicules - frontale,,,,,,,,,,,1,1,1,1.0,1.0
201000004932,0010-07-17 13:00:00,10,7,17,13,0,470,64,LIEU-DIT GAROUILLE,44.395,0.935,Plein jour,Hors agglomération,Hors intersection,Normale,Autre collision,,,,,,,,,,,1,1,1,1.0,6.0
201000004933,0010-07-18 12:15:00,10,7,18,12,15,470,185,,44.487,0.969,Plein jour,Hors agglomération,Hors intersection,Normale,Trois véhicules et plus - collisions multiples,,,,,,,,,,,1,1,1,1.0,5.0
201000004934,0010-09-12 22:30:00,10,9,12,22,30,470,328,,44.4491,0.92163,Nuit sans éclairage public,Hors agglomération,Hors intersection,Normale,Autre collision,,,,,,,,,,,3,1,1,1.0,6.0
201000004935,0010-10-08 19:15:00,10,10,8,19,15,470,36,,44.433,0.97696,Nuit sans éclairage public,Hors agglomération,Intersection en T,Normale,Trois véhicules et plus - collisions multiples,,,,,,,,,,,3,1,3,1.0,5.0
201000004936,0010-10-11 08:30:00,10,10,11,8,30,470,185,RD 911/avenue de Libos,,,Plein jour,Hors agglomération,Intersection en X,Pluie légère,Deux véhicules - côté,,,,,,,,,,,1,1,2,2.0,3.0
201000004937,0010-10-22 13:15:00,10,10,22,13,15,470,106,RD 710 / RD 162,44.506,0.94926,Plein jour,Hors agglomération,Intersection en X,Normale,Deux véhicules - côté,,,,,,,,,,,1,1,2,1.0,3.0
201000004938,0010-10-31 13:45:00,10,10,31,13,45,470,106,27 RUE GEORGES KUNTZ,44.4871,0.95149,Plein jour,En agglomération,Hors intersection,Normale,Autre collision,,,,,,,,,,,1,2,1,1.0,6.0
201000004939,0010-10-30 08:30:00,10,10,30,8,30,470,185,AVENUE DE CEZERAC,44.482,0.95466,Plein jour,Hors agglomération,Hors intersection,Normale,Deux véhicules - arrière,,,,,,,,,,,1,1,1,1.0,2.0
201000004940,0010-04-02 10:15:00,10,4,2,10,15,470,252,Avenue René Cassin,,,Plein jour,En agglomération,Hors intersection,Normale,Autre collision,,,,,,,,,,,1,2,1,1.0,6.0
201000004941,0010-05-20 12:45:00,10,5,20,12,45,470,252,Avenue Jean Moulin,,,Plein jour,En agglomération,Hors intersection,Normale,Deux véhicules - côté,,,,,,,,,,,1,2,1,1.0,3.0
201000004942,0010-07-16 07:15:00,10,7,16,7,15,470,252,"LIEU DIT ""PAUCHOU""",,,Plein jour,En agglomération,Hors intersection,Normale,Deux véhicules - côté,,,,,,,,,,,1,2,1,1.0,3.0
201000004943,0010-08-01 21:00:00,10,8,1,21,0,470,239,LDT NOURETTE,44.4242,0.55085,Plein jour,Hors agglomération,Hors intersection,Normale,Sans collision,,,,,,,,,,,1,1,1,1.0,7.0
201000004944,0010-08-20 09:45:00,10,8,20,9,45,470,306,LDT LA CHAUUSÉE,44.3879,0.49014,Plein jour,Hors agglomération,Hors intersection,Normale,Deux véhicules - frontale,,,,,,,,,,,1,1,1,1.0,1.0
201000004945,0010-09-01 11:30:00,10,9,1,11,30,470,252,,44.3961,0.60614,Plein jour,Hors agglomération,Intersection en X,Normale,Deux véhicules - côté,,,,,,,,,,,1,1,2,1.0,3.0
201000004946,0010-02-07 09:30:00,10,2,7,9,30,640,315,D217,43.3021,-0.4412,Plein jour,En agglomération,Hors intersection,Normale,Deux véhicules - frontale,,,,,,,,,,,1,2,1,1.0,1.0
201000004947,0010-03-21 07:15:00,10,3,21,7,15,640,230,ROCADE GAN,43.2425,-0.38681,Crépuscule ou aube,Hors agglomération,Hors intersection,Normale,Deux véhicules - frontale,,,,,,,,,,,2,1,1,1.0,1.0
201000004948,0010-05-19 19:00:00,10,5,19,19,0,640,230,,43.2158,-0.40274,Plein jour,Hors agglomération,Hors intersection,Normale,Autre collision,,,,,,,,,,,1,1,1,1.0,6.0
201000004949,0010-05-31 17:45:00,10,5,31,17,45,640,230,,43.195,-0.39,Plein jour,Hors agglomération,Hors intersection,Normale,Sans collision,,,,,,,,,,,1,1,1,1.0,7.0
201000004950,0010-10-15 21:45:00,10,10,15,21,45,640,230,,43.2277,-0.42503,Nuit sans éclairage public,Hors agglomération,Hors intersection,Normale,Deux véhicules - côté,,,,,,,,,,,3,1,1,1.0,3.0
201000004951,0010-01-08 19:15:00,10,1,8,19,15,640,549,,43.3898,-0.41393,Nuit sans éclairage public,Hors agglomération,Hors intersection,Temps couvert,Autre collision,,,,,,,,,,,3,1,1,8.0,6.0
201000004952,0010-05-07 16:15:00,10,5,7,16,15,640,335,,43.3605,-0.44411,Plein jour,Hors agglomération,Hors intersection,Normale,Deux véhicules - frontale,,,,,,,,,,,1,1,1,1.0,1.0
201000004953,0010-06-17 08:45:00,10,6,17,8,45,640,519,CD 706 CHEMIN DE PAU,43.3638,-0.37527,Plein jour,En agglomération,Hors intersection,Normale,Deux véhicules - côté,,,,,,,,,,,1,2,1,1.0,3.0
201000004954,0010-07-22 18:45:00,10,7,22,18,45,640,511,,43.3943,-0.37818,Plein jour,Hors agglomération,Hors intersection,Normale,Trois véhicules et plus - collisions multiples,,,,,,,,,,,1,1,1,1.0,5.0
201000004955,0010-11-13 23:00:00,10,11,13,23,0,640,519,,43.3575,-0.38009,Nuit avec éclairage allumé,Hors agglomération,Hors intersection,Normale,Sans collision,,,,,,,,,,,5,1,1,1.0,7.0
201000004956,0010-11-15 12:45:00,10,11,15,12,45,640,519,RUE DE LA VALLÉE D'OSSAU,43.3691,-0.38103,Plein jour,En agglomération,Hors intersection,Normale,Deux véhicules - frontale,,,,,,,,,,,1,2,1,1.0,1.0
201000004957,0010-11-23 18:00:00,10,11,23,18,0,640,511,,43.3978,-0.37357,Nuit sans éclairage public,Hors agglomération,Hors intersection,Pluie légère,Sans collision,,,,,,,,,,,3,1,1,2.0,7.0
201000004958,0010-01-23 18:15:00,10,1,23,18,15,640,343,D145/D39,43.2766,-0.18282,Nuit sans éclairage public,En agglomération,Hors intersection,Normale,Deux véhicules - côté,,,,,,,,,,,3,2,1,1.0,3.0
201000004959,0010-01-24 11:45:00,10,1,24,11,45,640,405,CD 605 - CD 39,43.3509,-0.26365,Plein jour,En agglomération,Intersection en Y,Pluie légère,Deux véhicules - frontale,,,,,,,,,,,1,2,4,2.0,1.0
201000004960,0010-02-16 08:30:00,10,2,16,8,30,640,405,RUE MARCADET,43.343,-0.25972,Plein jour,En agglomération,Hors intersection,Temps éblouissant,Autre collision,,,,,,,,,,,1,2,1,7.0,6.0
201000004961,0010-02-28 18:45:00,10,2,28,18,45,640,439,INTERSECTION D817/ D38,43.2893,-0.27133,Crépuscule ou aube,En agglomération,Hors intersection,Normale,Deux véhicules - côté,,,,,,,,,,,2,2,1,1.0,3.0
201000004962,0010-03-19 06:30:00,10,3,19,6,30,640,488,,43.3685,-0.18855,Crépuscule ou aube,Hors agglomération,Hors intersection,Normale,Autre collision,,,,,,,,,,,2,1,1,1.0,6.0
201000004963,0010-04-04 03:15:00,10,4,4,3,15,640,152,ROUTE DE MONTARDON,43.3582,-0.31297,Nuit avec éclairage allumé,En agglomération,Autre intersection,Pluie légère,Autre collision,,,,,,,,,,,5,2,9,2.0,6.0
201000004964,0010-05-13 10:45:00,10,5,13,10,45,640,526,AVENUE LASBORDES,43.2659,-0.18774,Plein jour,En agglomération,Hors intersection,Pluie forte,Autre collision,,,,,,,,,,,1,2,1,3.0,6.0
201000004965,0010-05-19 08:45:00,10,5,19,8,45,640,216,,43.2598,-0.16663,Plein jour,Hors agglomération,Hors intersection,Normale,Deux véhicules - frontale,,,,,,,,,,,1,1,1,1.0,1.0
201000004966,0010-06-01 17:00:00,10,6,1,17,0,640,152,,43.3355,-0.3301,Plein jour,Hors agglomération,Hors intersection,Normale,Autre collision,,,,,,,,,,,1,1,1,1.0,6.0
201000004967,0010-06-14 18:30:00,10,6,14,18,30,640,238,"CH M DABAN, CH LOUSTAU",43.2505,-0.04644,Plein jour,En agglomération,Intersection en X,Pluie forte,Deux véhicules - côté,,,,,,,,,,,1,2,2,3.0,3.0
201000004968,0010-08-17 09:00:00,10,8,17,9,0,640,211,,43.2917,-0.13455,Plein jour,Hors agglomération,Hors intersection,Normale,Sans collision,,,,,,,,,,,1,1,1,1.0,7.0
201000004969,0010-09-10 16:15:00,10,9,10,16,15,640,524,,43.4383,-0.17474,Plein jour,Hors agglomération,Hors intersection,Normale,Deux véhicules - frontale,,,,,,,,,,,1,1,1,1.0,1.0
201000004970,0010-09-13 19:00:00,10,9,13,19,0,640,216,D817/D311,43.2546,-0.13722,Crépuscule ou aube,Hors agglomération,Hors intersection,Normale,Deux véhicules - frontale,,,,,,,,,,,2,1,1,1.0,1.0
201000004971,0010-11-09 10:45:00,10,11,9,10,45,640,238,,43.2486,-0.06358,Plein jour,Hors agglomération,Intersection en X,Normale,Deux véhicules - côté,,,,,,,,,,,1,1,2,1.0,3.0
201000004972,0010-12-11 08:30:00,10,12,11,8,30,640,59,,43.2855,-0.25761,Plein jour,Hors agglomération,Hors intersection,Normale,Autre collision,,,,,,,,,,,1,1,1,1.0,6.0
201000004973,0010-02-24 08:30:00,10,2,24,8,30,640,109,103 RUE DES PYRENEES,43.1901,-0.22265,Plein jour,Hors agglomération,Hors intersection,Normale,Autre collision,,,,,,,,,,,1,1,1,1.0,6.0
201000004974,0010-04-07 11:30:00,10,4,7,11,30,640,417,RUE DES PYRÉNÉES,43.1775,-0.26209,Plein jour,En agglomération,Hors intersection,Normale,Deux véhicules - frontale,,,,,,,,,,,1,2,1,1.0,1.0
201000004975,0010-05-07 18:45:00,10,5,7,18,45,640,109,RUE DES PYRÉNÉES,43.1864,-0.2045,Plein jour,En agglomération,Hors intersection,Pluie légère,Deux véhicules - côté,,,,,,,,,,,1,2,1,2.0,3.0