accident_id,datetime,annee,mois,jour,heure,minute,departement,commune_insee,adresse,latitude,longitude,luminosite,agglomeration,intersection,meteo,collision,nb_vehicules,nb_usagers,nb_indemnes,nb_tues,nb_blesses_hosp,nb_blesses_legers,age_cond_1,age_cond_2,veh_type_cond_1,veh_type_cond_2,lum_code,agg_code,int_code,atm_code,col_code
201000005104,0010-01-15 20:30:00,10,1,15,20,30,860,102,RN 149,,,Nuit sans éclairage public,Hors agglomération,Hors intersection,Temps couvert,Deux véhicules - frontale,,,,,,,,,,,3,1,1,8.0,1.0
201000005105,0010-01-26 19:15:00,10,1,26,19,15,860,56,,,,Nuit sans éclairage public,Hors agglomération,Hors intersection,Normale,Sans collision,,,,,,,,,,,3,1,1,1.0,7.0
201000005106,0010-01-30 16:00:00,10,1,30,16,0,860,76,,,,Plein jour,Hors agglomération,Hors intersection,Neige / grêle,Deux véhicules - frontale,,,,,,,,,,,1,1,1,4.0,1.0
201000005107,0010-02-03 23:30:00,10,2,3,23,30,860,74,19 RUE ROGER DAUDIN,,,Nuit avec éclairage allumé,En agglomération,Hors intersection,Normale,Autre collision,,,,,,,,,,,5,2,1,1.0,6.0
201000005108,0010-03-06 11:30:00,10,3,6,11,30,860,292,,,,Plein jour,Hors agglomération,Hors intersection,Normale,Autre collision,,,,,,,,,,,1,1,1,1.0,6.0
201000005109,0010-03-11 11:15:00,10,3,11,11,15,860,76,,,,Plein jour,Hors agglomération,Hors intersection,Normale,Deux véhicules - frontale,,,,,,,,,,,1,1,1,1.0,1.0
201000005110,0010-03-18 18:00:00,10,3,18,18,0,860,281,,46.731,0.302,Plein jour,Hors agglomération,Hors intersection,Normale,Deux véhicules - arrière,,,,,,,,,,,1,1,1,1.0,2.0
201000005111,0010-05-02 06:30:00,10,5,2,6,30,860,204,,,,Crépuscule ou aube,Hors agglomération,Hors intersection,Normale,Sans collision,,,,,,,,,,,2,1,1,1.0,7.0
201000005112,0010-05-12 08:45:00,10,5,12,8,45,860,121,avenue des 3 fontaines,46.624,0.074,Plein jour,En agglomération,Hors intersection,Normale,Deux véhicules - arrière,,,,,,,,,,,1,2,1,1.0,2.0
201000005113,0010-05-10 12:15:00,10,5,10,12,15,860,71,,,,Plein jour,Hors agglomération,Hors intersection,Pluie légère,Deux véhicules - frontale,,,,,,,,,,,1,1,1,2.0,1.0
201000005114,0010-05-21 16:30:00,10,5,21,16,30,860,281,,,,Plein jour,Hors agglomération,Hors intersection,Normale,Deux véhicules - frontale,,,,,,,,,,,1,1,1,1.0,1.0
201000005115,0010-05-21 20:15:00,10,5,21,20,15,860,48,,46.715,0.253,Plein jour,Hors agglomération,Hors intersection,Normale,Deux véhicules - frontale,,,,,,,,,,,1,1,1,1.0,1.0
201000005116,0010-06-04 08:30:00,10,6,4,8,30,860,16,route de Lencloître,,,Plein jour,En agglomération,Intersection en X,Normale,Deux véhicules - côté,,,,,,,,,,,1,2,2,1.0,3.0
201000005117,0010-06-11 01:30:00,10,6,11,1,30,860,16,,46.664,0.333,Nuit avec éclairage non allumé,Hors agglomération,Hors intersection,Normale,Autre collision,,,,,,,,,,,4,1,1,1.0,6.0
201000005118,0010-06-18 18:00:00,10,6,18,18,0,860,177,,,,Plein jour,Hors agglomération,Hors intersection,Normale,Sans collision,,,,,,,,,,,1,1,1,1.0,7.0
201000005119,0010-07-11 10:45:00,10,7,11,10,45,860,177,rue du square du souveni,46.69,0.245,Plein jour,En agglomération,Hors intersection,Pluie légère,Autre collision,,,,,,,,,,,1,2,1,2.0,6.0
201000005120,0010-07-13 03:15:00,10,7,13,3,15,860,102,,46.657,0.13,Nuit sans éclairage public,Hors agglomération,Intersection en X,Normale,Deux véhicules - côté,,,,,,,,,,,3,1,2,1.0,3.0
201000005121,0010-07-14 10:15:00,10,7,14,10,15,860,30,,,,Plein jour,Hors agglomération,Hors intersection,Pluie légère,Deux véhicules - côté,,,,,,,,,,,1,1,1,2.0,3.0
201000005122,0010-07-17 18:15:00,10,7,17,18,15,860,271,,,,Plein jour,Hors agglomération,Hors intersection,Normale,Deux véhicules - côté,,,,,,,,,,,1,1,1,1.0,3.0
201000005123,0010-07-17 16:15:00,10,7,17,16,15,860,74,,46.646,0.143,Plein jour,Hors agglomération,Intersection en X,Normale,Deux véhicules - côté,,,,,,,,,,,1,1,2,1.0,3.0
201000005124,0010-09-08 10:30:00,10,9,8,10,30,860,2,,46.763,0.161,Plein jour,Hors agglomération,Intersection en X,Normale,Deux véhicules - côté,,,,,,,,,,,1,1,2,1.0,3.0
201000005125,0010-09-18 18:30:00,10,9,18,18,30,860,76,,,,Plein jour,Hors agglomération,Hors intersection,Normale,Autre collision,,,,,,,,,,,1,1,1,1.0,6.0
201000005126,0010-12-03 18:00:00,10,12,3,18,0,860,294,11 RUE DU COQUET,,,Crépuscule ou aube,En agglomération,Hors intersection,Normale,Autre collision,,,,,,,,,,,2,2,1,1.0,6.0
201000005127,0010-06-05 15:45:00,10,6,5,15,45,860,97,,,,Plein jour,Hors agglomération,Hors intersection,Normale,Sans collision,,,,,,,,,,,1,1,1,1.0,7.0
201000005128,0010-06-08 17:30:00,10,6,8,17,30,860,248,,,,Plein jour,Hors agglomération,Hors intersection,Normale,Sans collision,,,,,,,,,,,1,1,1,1.0,7.0
201000005129,0010-07-14 14:30:00,10,7,14,14,30,860,103,Rue Emilien FILLON,,,Plein jour,En agglomération,Hors intersection,Normale,Deux véhicules - côté,,,,,,,,,,,1,2,1,1.0,3.0
201000005130,0010-08-04 06:45:00,10,8,4,6,45,860,263,26 rue de la cadoue,,,Plein jour,En agglomération,Hors intersection,Normale,Autre collision,,,,,,,,,,,1,2,1,1.0,6.0
201000005131,0010-08-08 17:00:00,10,8,8,17,0,860,103,,,,Plein jour,Hors agglomération,Hors intersection,Normale,Sans collision,,,,,,,,,,,1,1,1,1.0,7.0
201000005132,0010-10-04 06:30:00,10,10,4,6,30,860,103,Route de CHATEAU GARNIER,,,Nuit sans éclairage public,En agglomération,Hors intersection,Normale,Autre collision,,,,,,,,,,,3,2,1,1.0,6.0
201000005133,0010-10-14 07:45:00,10,10,14,7,45,860,248,,,,Crépuscule ou aube,Hors agglomération,Hors intersection,Normale,Sans collision,,,,,,,,,,,2,1,1,1.0,7.0
201000005134,0010-11-04 18:30:00,10,11,4,18,30,860,10,,,,Nuit sans éclairage public,Hors agglomération,Intersection en T,Pluie légère,Deux véhicules - frontale,,,,,,,,,,,3,1,3,2.0,1.0
201000005135,0010-02-14 18:30:00,10,2,14,18,30,860,111,,46.88,0.595,Nuit sans éclairage public,Hors agglomération,Hors intersection,Normale,Deux véhicules - frontale,,,,,,,,,,,3,1,1,1.0,1.0
201000005136,0010-04-01 17:45:00,10,4,1,17,45,860,92,,,,Plein jour,Hors agglomération,Hors intersection,Normale,Autre collision,,,,,,,,,,,1,1,1,1.0,6.0
201000005137,0010-04-16 14:45:00,10,4,16,14,45,860,92,,46.932,0.61,Plein jour,En agglomération,Hors intersection,Normale,Deux véhicules - frontale,,,,,,,,,,,1,2,1,1.0,1.0
201000005138,0010-05-06 07:45:00,10,5,6,7,45,860,186,,46.885,0.612,Plein jour,Hors agglomération,Intersection en T,Normale,Deux véhicules - côté,,,,,,,,,,,1,1,3,1.0,3.0
201000005139,0010-05-22 09:30:00,10,5,22,9,30,860,183,,,,Plein jour,Hors agglomération,Hors intersection,Normale,Deux véhicules - côté,,,,,,,,,,,1,1,1,1.0,3.0
201000005140,0010-07-12 20:30:00,10,7,12,20,30,860,42,,46.96,0.69,Plein jour,Hors agglomération,Hors intersection,Normale,Deux véhicules - arrière,,,,,,,,,,,1,1,1,1.0,2.0
201000005141,0010-09-29 12:30:00,10,9,29,12,30,860,174,,,,Plein jour,Hors agglomération,Hors intersection,Normale,Deux véhicules - arrière,,,,,,,,,,,1,1,1,1.0,2.0
201000005142,0010-11-18 18:15:00,10,11,18,18,15,860,92,,,,Nuit sans éclairage public,Hors agglomération,Hors intersection,Normale,Trois véhicules et plus - en chaîne,,,,,,,,,,,3,1,1,1.0,4.0
201000005143,0010-01-17 14:15:00,10,1,17,14,15,860,221,,,,Plein jour,Hors agglomération,Hors intersection,Normale,Sans collision,,,,,,,,,,,1,1,1,1.0,7.0
201000005144,0010-03-24 14:45:00,10,3,24,14,45,860,47,,,,Plein jour,Hors agglomération,Hors intersection,Normale,Deux véhicules - arrière,,,,,,,,,,,1,1,1,1.0,2.0
201000005145,0010-05-09 05:30:00,10,5,9,5,30,860,224,,,,Nuit sans éclairage public,Hors agglomération,Hors intersection,Brouillard / fumée,Sans collision,,,,,,,,,,,3,1,1,5.0,7.0
201000005146,0010-07-08 08:15:00,10,7,8,8,15,860,272,,,,Plein jour,Hors agglomération,Hors intersection,Temps éblouissant,Deux véhicules - frontale,,,,,,,,,,,1,1,1,7.0,1.0
201000005147,0010-07-31 08:00:00,10,7,31,8,0,860,258,,,,Plein jour,Hors agglomération,Hors intersection,Normale,Deux véhicules - côté,,,,,,,,,,,1,1,1,1.0,3.0
201000005148,0010-08-11 08:30:00,10,8,11,8,30,860,272,,,,Plein jour,Hors agglomération,Hors intersection,Pluie légère,Sans collision,,,,,,,,,,,1,1,1,2.0,7.0
201000005149,0010-08-19 09:30:00,10,8,19,9,30,860,265,,46.87,0.37,Plein jour,Hors agglomération,Hors intersection,Normale,Deux véhicules - frontale,,,,,,,,,,,1,1,1,1.0,1.0
201000005150,0010-09-17 22:45:00,10,9,17,22,45,860,258,,,,Nuit sans éclairage public,Hors agglomération,Intersection en X,Normale,Deux véhicules - côté,,,,,,,,,,,3,1,2,1.0,3.0
201000005151,0010-10-03 08:15:00,10,10,3,8,15,860,272,,46.817,0.433,Plein jour,Hors agglomération,Hors intersection,Normale,Deux véhicules - frontale,,,,,,,,,,,1,1,1,1.0,1.0
201000005152,0010-11-06 12:30:00,10,11,6,12,30,860,128,,,,Plein jour,Hors agglomération,Hors intersection,Temps couvert,Deux véhicules - frontale,,,,,,,,,,,1,1,1,8.0,1.0
201000005153,0010-12-06 13:15:00,10,12,6,13,15,860,258,rte de chatellerault,,,Plein jour,En agglomération,Hors intersection,Pluie légère,Deux véhicules - arrière,,,,,,,,,,,1,2,1,2.0,2.0
201000005154,0010-03-29 09:45:00,10,3,29,9,45,860,36,,47.055,0.042,Plein jour,Hors agglomération,Hors intersection,Normale,Trois véhicules et plus - collisions multiples,,,,,,,,,,,1,1,1,1.0,5.0
201000005155,0010-04-02 12:00:00,10,4,2,12,0,860,137,,47.015,0.066,Plein jour,Hors agglomération,Hors intersection,Pluie légère,Deux véhicules - frontale,,,,,,,,,,,1,1,1,2.0,1.0
201000005156,0010-04-22 18:45:00,10,4,22,18,45,860,137,,,,Plein jour,En agglomération,Intersection en X,Normale,Deux véhicules - frontale,,,,,,,,,,,1,2,2,1.0,1.0
201000005157,0010-09-22 11:00:00,10,9,22,11,0,860,229,LIEU DIT LA ROCHE,,,Plein jour,En agglomération,Autre intersection,Normale,Deux véhicules - frontale,,,,,,,,,,,1,2,9,1.0,1.0
201000005158,0010-10-14 20:00:00,10,10,14,20,0,860,137,,47.023,0.068,Plein jour,Hors agglomération,Hors intersection,Normale,Deux véhicules - frontale,,,,,,,,,,,1,1,1,1.0,1.0
201000005159,0010-11-25 11:45:00,10,11,25,11,45,860,137,,46.998,0.121,Plein jour,Hors agglomération,Hors intersection,Temps couvert,Deux véhicules - frontale,,,,,,,,,,,1,1,1,8.0,1.0
201000005160,0010-03-01 18:00:00,10,3,1,18,0,860,32,42 rue saintonge,,,Plein jour,En agglomération,Hors intersection,Pluie légère,Autre collision,,,,,,,,,,,1,2,1,2.0,6.0
201000005161,0010-03-21 17:30:00,10,3,21,17,30,860,86,Rue de la Mairie,,,Plein jour,En agglomération,Hors intersection,Normale,Autre collision,,,,,,,,,,,1,2,1,1.0,6.0
201000005162,0010-10-11 14:15:00,10,10,11,14,15,860,125,Le Caroi Robin,,,Plein jour,Hors agglomération,Hors intersection,Normale,Deux véhicules - frontale,,,,,,,,,,,1,1,1,1.0,1.0
201000005163,0010-11-18 07:00:00,10,11,18,7,0,860,245,,,,Crépuscule ou aube,Hors agglomération,Hors intersection,Normale,Autre collision,,,,,,,,,,,2,1,1,1.0,6.0
201000005164,0010-03-15 15:00:00,10,3,15,15,0,860,225,Rue de la Maraiche,,,Plein jour,En agglomération,Hors intersection,Normale,Autre collision,,,,,,,,,,,1,2,1,1.0,6.0
201000005165,0010-04-07 19:00:00,10,4,7,19,0,860,201,,,,Plein jour,Hors agglomération,Hors intersection,Normale,Deux véhicules - côté,,,,,,,,,,,1,1,1,1.0,3.0
201000005166,0010-05-01 12:30:00,10,5,1,12,30,860,167,carrefour RD69 et 46,46.92,0.205,Plein jour,En agglomération,Giratoire,Normale,Deux véhicules - côté,,,,,,,,,,,1,2,6,1.0,3.0
201000005167,0010-06-26 02:00:00,10,6,26,2,0,860,75,,,,Nuit sans éclairage public,Hors agglomération,Hors intersection,Normale,Deux véhicules - frontale,,,,,,,,,,,3,1,1,1.0,1.0
201000005168,0010-08-01 02:30:00,10,8,1,2,30,860,225,,46.831,0.091,Nuit sans éclairage public,Hors agglomération,Hors intersection,Normale,Sans collision,,,,,,,,,,,3,1,1,1.0,7.0
201000005169,0010-01-14 14:00:00,10,1,14,14,0,860,165,avenue de l'Europe,,,Plein jour,En agglomération,Hors intersection,Normale,Deux véhicules - côté,,,,,,,,,,,1,2,1,1.0,3.0
201000005170,0010-01-15 22:00:00,10,1,15,22,0,860,117,,,,Nuit sans éclairage public,Hors agglomération,Hors intersection,Normale,Sans collision,,,,,,,,,,,3,1,1,1.0,7.0
201000005171,0010-07-27 15:30:00,10,7,27,15,30,860,170,,46.354,0.789,Plein jour,Hors agglomération,Hors intersection,Normale,Deux véhicules - frontale,,,,,,,,,,,1,1,1,1.0,1.0
201000005172,0010-09-21 16:00:00,10,9,21,16,0,860,191,,,,Plein jour,Hors agglomération,Hors intersection,Normale,Trois véhicules et plus - collisions multiples,,,,,,,,,,,1,1,1,1.0,5.0
201000005173,0010-10-07 11:15:00,10,10,7,11,15,860,153,,,,Plein jour,Hors agglomération,Hors intersection,Normale,Trois véhicules et plus - collisions multiples,,,,,,,,,,,1,1,1,1.0,5.0
201000005174,0010-11-03 11:15:00,10,11,3,11,15,860,153,,,,Plein jour,Hors agglomération,Hors intersection,Normale,Trois véhicules et plus - collisions multiples,,,,,,,,,,,1,1,1,1.0,5.0
201000005175,0010-03-21 15:15:00,10,3,21,15,15,860,70,,46.59,0.649,Plein jour,Hors agglomération,Hors intersection,Normale,Deux véhicules - côté,,,,,,,,,,,1,1,1,1.0,3.0
201000005176,0010-05-22 14:45:00,10,5,22,14,45,860,122,,,,Plein jour,Hors agglomération,Hors intersection,Normale,Sans collision,,,,,,,,,,,1,1,1,1.0,7.0
201000005177,0010-06-27 04:15:00,10,6,27,4,15,860,126,CARREFOUR D54.D9.D115,,,Nuit avec éclairage allumé,En agglomération,Giratoire,Normale,Autre collision,,,,,,,,,,,5,2,6,1.0,6.0
201000005178,0010-06-28 10:30:00,10,6,28,10,30,860,126,,46.532,0.732,Plein jour,Hors agglomération,Hors intersection,Normale,Deux véhicules - arrière,,,,,,,,,,,1,1,1,1.0,2.0
201000005179,0010-07-01 03:45:00,10,7,1,3,45,860,70,,,,Nuit sans éclairage public,Hors agglomération,Hors intersection,Normale,Deux véhicules - frontale,,,,,,,,,,,3,1,1,1.0,1.0
201000005180,0010-10-02 18:30:00,10,10,2,18,30,860,239,,46.613,0.69,Plein jour,Hors agglomération,Hors intersection,Normale,Deux véhicules - frontale,,,,,,,,,,,1,1,1,1.0,1.0
201000005181,0010-10-14 20:00:00,10,10,14,20,0,860,114,,46.571,0.606,Nuit sans éclairage public,Hors agglomération,Hors intersection,Normale,Deux véhicules - frontale,,,,,,,,,,,3,1,1,1.0,1.0
201000005182,0010-10-17 08:15:00,10,10,17,8,15,860,261,,46.565,0.439,Plein jour,Hors agglomération,Hors intersection,Normale,Autre collision,,,,,,,,,,,1,1,1,1.0,6.0
201000005183,0010-10-17 15:45:00,10,10,17,15,45,860,114,,46.56,0.58,Plein jour,Hors agglomération,Hors intersection,Normale,Trois véhicules et plus - collisions multiples,,,,,,,,,,,1,1,1,1.0,5.0
201000005184,0010-04-08 16:15:00,10,4,8,16,15,860,237,,,,Plein jour,Hors agglomération,Hors intersection,Normale,Deux véhicules - côté,,,,,,,,,,,1,1,1,1.0,3.0
201000005185,0010-07-13 17:45:00,10,7,13,17,45,860,61,Rue de la gare,,,Plein jour,En agglomération,Hors intersection,Normale,Deux véhicules - côté,,,,,,,,,,,1,2,1,1.0,3.0
201000005186,0010-09-11 19:30:00,10,9,11,19,30,860,78,avenue Roger Bonnet,46.149,0.303,Plein jour,En agglomération,Hors intersection,Normale,Deux véhicules - frontale,,,,,,,,,,,1,2,1,1.0,1.0
201000005187,0010-11-10 21:00:00,10,11,10,21,0,860,237,Carrefour des Vignes,,,Nuit sans éclairage public,En agglomération,Hors intersection,Pluie légère,Deux véhicules - côté,,,,,,,,,,,3,2,1,2.0,3.0
201000005188,0010-03-14 08:45:00,10,3,14,8,45,860,203,,46.332,0.631,Plein jour,Hors agglomération,Hors intersection,Normale,Autre collision,,,,,,,,,,,1,1,1,1.0,6.0
201000005189,0010-10-19 15:45:00,10,10,19,15,45,860,289,,46.251,0.67,Plein jour,Hors agglomération,Hors intersection,Normale,Autre collision,,,,,,,,,,,1,1,1,1.0,6.0
201000005190,0010-05-22 19:45:00,10,5,22,19,45,860,273,,46.475,1.059,Plein jour,Hors agglomération,Hors intersection,Normale,Sans collision,,,,,,,,,,,1,1,1,1.0,7.0
201000005191,0010-03-06 19:30:00,10,3,6,19,30,160,78,Prairie de Breuil,50.79,2.96,Crépuscule ou aube,Hors agglomération,Intersection en T,Normale,Deux véhicules - côté,,,,,,,,,,,2,1,3,1.0,3.0
201000005192,0010-04-28 08:15:00,10,4,28,8,15,160,78,,50.79,2.96,Plein jour,Hors agglomération,Hors intersection,Normale,Deux véhicules - côté,,,,,,,,,,,1,1,1,1.0,3.0
201000005193,0010-07-15 13:45:00,10,7,15,13,45,160,61,La Braconne,50.82,2.5,Plein jour,Hors agglomération,Hors intersection,Normale,Deux véhicules - arrière,,,,,,,,,,,1,1,1,1.0,2.0
201000005194,0010-08-04 17:00:00,10,8,4,17,0,160,61,,50.82,2.5,Plein jour,Hors agglomération,Hors intersection,Normale,Deux véhicules - frontale,,,,,,,,,,,1,1,1,1.0,1.0
201000005195,0010-12-05 17:45:00,10,12,5,17,45,160,146,La Grand-Font,45.6202,0.2631,Nuit sans éclairage public,Hors agglomération,Intersection en T,Pluie légère,Deux véhicules - côté,,,,,,,,,,,3,1,3,2.0,3.0
201000005196,0010-12-19 17:30:00,10,12,19,17,30,160,78,Le Pigeonneau,45.7167,0.2296,Crépuscule ou aube,Hors agglomération,Intersection en T,Normale,Deux véhicules - côté,,,,,,,,,,,2,1,3,1.0,3.0
201000005197,0010-01-31 12:30:00,10,1,31,12,30,160,198,Le Maine Perry,50.553,2.3171,Plein jour,Hors agglomération,Hors intersection,Normale,Autre collision,,,,,,,,,,,1,1,1,1.0,6.0
201000005198,0010-02-06 15:45:00,10,2,6,15,45,160,283,,50.53,2.48,Plein jour,Hors agglomération,Intersection en X,Normale,Deux véhicules - côté,,,,,,,,,,,1,1,2,1.0,3.0
201000005199,0010-02-14 00:30:00,10,2,14,0,30,160,120,le Pouyaud,50.67,2.3,Nuit sans éclairage public,Hors agglomération,Hors intersection,Normale,Autre collision,,,,,,,,,,,3,1,1,1.0,6.0
201000005200,0010-06-19 23:30:00,10,6,19,23,30,160,143,Etang Genevraud,50.585,2.362,Nuit sans éclairage public,Hors agglomération,Hors intersection,Normale,Sans collision,,,,,,,,,,,3,1,1,1.0,7.0
201000005201,0010-07-11 15:30:00,10,7,11,15,30,160,120,Le Maine Neuf,50.67,2.3,Plein jour,Hors agglomération,Hors intersection,Normale,Sans collision,,,,,,,,,,,1,1,1,1.0,7.0
201000005202,0010-07-23 19:30:00,10,7,23,19,30,160,287,,50.63,2.53,Plein jour,Hors agglomération,Giratoire,Normale,Sans collision,,,,,,,,,,,1,1,6,1.0,7.0
201000005203,0010-08-26 16:30:00,10,8,26,16,30,160,101,,50.65,2.83,Plein jour,Hors agglomération,Hors intersection,Normale,Deux véhicules - frontale,,,,,,,,,,,1,1,1,1.0,1.0
201000005204,0010-08-30 09:00:00,10,8,30,9,0,160,420,le maine david,50.566,2.4585,Plein jour,Hors agglomération,Hors intersection,Normale,Sans collision,,,,,,,,,,,1,1,1,1.0,7.0
201000005205,0010-09-09 09:00:00,10,9,9,9,0,160,408,Les Roches,45.4875,0.2724,Plein jour,Hors agglomération,Intersection en X,Temps couvert,Deux véhicules - côté,,,,,,,,,,,1,1,2,8.0,3.0
201000005206,0010-10-02 04:00:00,10,10,2,4,0,160,418,,45.5958,0.1513,Nuit sans éclairage public,Hors agglomération,Hors intersection,Normale,Autre collision,,,,,,,,,,,3,1,1,1.0,6.0
201000005207,0010-11-11 07:00:00,10,11,11,7,0,160,283,Chez Rouhaud,45.4606,0.2609,Crépuscule ou aube,Hors agglomération,Hors intersection,Autre,Sans collision,,,,,,,,,,,2,1,1,9.0,7.0
201000005208,0010-12-19 09:00:00,10,12,19,9,0,160,382,,45.5983,0.1982,Plein jour,Hors agglomération,Hors intersection,Temps couvert,Sans collision,,,,,,,,,,,1,1,1,8.0,7.0
201000005209,0010-09-10 14:00:00,10,9,10,14,0,160,230,"14 Avenue de l""Angoumois",45.3992,0.1321,Plein jour,En agglomération,Hors intersection,Normale,Autre collision,,,,,,,,,,,1,2,1,1.0,6.0
201000005210,0010-12-07 19:00:00,10,12,7,19,0,160,222,Bel-Air,45.3295,0.0734,Nuit sans éclairage public,Hors agglomération,Hors intersection,Temps couvert,Deux véhicules - frontale,,,,,,,,,,,3,1,1,8.0,1.0
201000005211,0010-02-05 07:45:00,10,2,5,7,45,160,304,16 route de Nercillac,50.75,2.9,Crépuscule ou aube,En agglomération,Hors intersection,Normale,Deux véhicules - frontale,,,,,,,,,,,2,2,1,1.0,1.0
201000005212,0010-02-21 11:00:00,10,2,21,11,0,160,330,La Roche,50.8,3.044,Plein jour,Hors agglomération,Hors intersection,Pluie légère,Autre collision,,,,,,,,,,,1,1,1,2.0,6.0
201000005213,0010-03-08 11:00:00,10,3,8,11,0,160,97,Chante Merle,50.82,2.98,Plein jour,Hors agglomération,Hors intersection,Vent fort / tempête,Deux véhicules - frontale,,,,,,,,,,,1,1,1,6.0,1.0
201000005214,0010-03-12 15:45:00,10,3,12,15,45,160,169,Lieu dit Roumillac,50.75,2.99,Plein jour,Hors agglomération,Hors intersection,Temps éblouissant,Autre collision,,,,,,,,,,,1,1,1,7.0,6.0
201000005215,0010-05-14 14:30:00,10,5,14,14,30,160,97,Fontauliere,50.82,2.98,Plein jour,En agglomération,Hors intersection,Normale,Deux véhicules - côté,,,,,,,,,,,1,2,1,1.0,3.0
201000005216,0010-07-07 21:15:00,10,7,7,21,15,160,97,,50.82,2.98,Crépuscule ou aube,Hors agglomération,Intersection en T,Normale,Deux véhicules - côté,,,,,,,,,,,2,1,3,1.0,3.0
201000005217,0010-07-19 22:30:00,10,7,19,22,30,160,97,L'Epine,50.82,2.98,Nuit avec éclairage allumé,En agglomération,Autre intersection,Normale,Deux véhicules - frontale,,,,,,,,,,,5,2,9,1.0,1.0
201000005218,0010-07-31 00:30:00,10,7,31,0,30,160,97,L'Etoile,50.82,2.98,Nuit avec éclairage allumé,Hors agglomération,Intersection en X,Normale,Deux véhicules - côté,,,,,,,,,,,5,1,2,1.0,3.0
201000005219,0010-09-15 09:15:00,10,9,15,9,15,160,217,Zone Industrielle,45.6685,-0.3528,Plein jour,En agglomération,Hors intersection,Normale,Deux véhicules - arrière,,,,,,,,,,,1,2,1,1.0,2.0
201000005220,0010-09-26 10:15:00,10,9,26,10,15,160,60,Agglo de Marmounier,45.7756,-0.273,Plein jour,En agglomération,Hors intersection,Normale,Sans collision,,,,,,,,,,,1,2,1,1.0,7.0
201000005221,0010-10-01 17:45:00,10,10,1,17,45,160,97,Champ Lusinier,45.7225,-0.3434,Crépuscule ou aube,Hors agglomération,Hors intersection,Normale,Sans collision,,,,,,,,,,,2,1,1,1.0,7.0
201000005222,0010-01-06 10:00:00,10,1,6,10,0,160,276,,50.46,2.7,Plein jour,Hors agglomération,Hors intersection,Neige / grêle,Deux véhicules - arrière,,,,,,,,,,,1,1,1,4.0,2.0
201000005223,0010-01-30 20:30:00,10,1,30,20,30,160,28,,50.55,2.75,Nuit sans éclairage public,Hors agglomération,Hors intersection,Normale,Autre collision,,,,,,,,,,,3,1,1,1.0,6.0
201000005224,0010-02-15 17:30:00,10,2,15,17,30,160,28,Lotissement Pierre Brune,50.55,2.75,Plein jour,En agglomération,Hors intersection,Normale,Autre collision,,,,,,,,,,,1,2,1,1.0,6.0
201000005225,0010-02-18 14:00:00,10,2,18,14,0,160,105,Liei dit le Grippes,50.452,2.749,Plein jour,Hors agglomération,Hors intersection,Normale,Deux véhicules - frontale,,,,,,,,,,,1,1,1,1.0,1.0
201000005226,0010-02-21 06:00:00,10,2,21,6,0,160,28,La Maine Merle,50.55,2.75,Nuit sans éclairage public,Hors agglomération,Hors intersection,Pluie légère,Autre collision,,,,,,,,,,,3,1,1,2.0,6.0
201000005227,0010-04-18 17:30:00,10,4,18,17,30,160,25,Chez Charrias,50.467,2.532,Plein jour,Hors agglomération,Hors intersection,Normale,Sans collision,,,,,,,,,,,1,1,1,1.0,7.0
201000005228,0010-05-15 13:30:00,10,5,15,13,30,160,30,la Maison Neuve,50.542,2.825,Plein jour,Hors agglomération,Autre intersection,Normale,Deux véhicules - côté,,,,,,,,,,,1,1,9,1.0,3.0
201000005229,0010-07-22 19:15:00,10,7,22,19,15,160,28,lieu dit chez Baron,50.55,2.75,Crépuscule ou aube,Hors agglomération,Intersection en X,Normale,Deux véhicules - côté,,,,,,,,,,,2,1,2,1.0,3.0
201000005230,0010-08-22 16:45:00,10,8,22,16,45,160,99,aire de repos guyonnet,,,Plein jour,Hors agglomération,Hors intersection,Normale,Sans collision,,,,,,,,,,,1,1,1,1.0,7.0
201000005231,0010-10-31 17:00:00,10,10,31,17,0,160,41,Le Moulin Texier,45.7334,-0.027,Crépuscule ou aube,Hors agglomération,Hors intersection,Temps couvert,Deux véhicules - côté,,,,,,,,,,,2,1,1,8.0,3.0
201000005232,0010-11-11 09:30:00,10,11,11,9,30,160,276,Chez Saillant,45.4355,-0.158,Plein jour,Hors agglomération,Hors intersection,Pluie légère,Sans collision,,,,,,,,,,,1,1,1,2.0,7.0
201000005233,0010-01-16 01:15:00,10,1,16,1,15,160,56,,50.749,2.8442,Nuit sans éclairage public,Hors agglomération,Hors intersection,Normale,Deux véhicules - arrière,,,,,,,,,,,3,1,1,1.0,2.0
201000005234,0010-02-25 18:00:00,10,2,25,18,0,160,234,Les Branges,50.735,2.637,Crépuscule ou aube,Hors agglomération,Hors intersection,Pluie légère,Deux véhicules - frontale,,,,,,,,,,,2,1,1,2.0,1.0
201000005235,0010-03-04 07:45:00,10,3,4,7,45,160,351,,50.695,2.66257,Crépuscule ou aube,Hors agglomération,Hors intersection,Normale,Deux véhicules - côté,,,,,,,,,,,2,1,1,1.0,3.0