accident_id,datetime,annee,mois,jour,heure,minute,departement,commune_insee,adresse,latitude,longitude,luminosite,agglomeration,intersection,meteo,collision,nb_vehicules,nb_usagers,nb_indemnes,nb_tues,nb_blesses_hosp,nb_blesses_legers,age_cond_1,age_cond_2,veh_type_cond_1,veh_type_cond_2,lum_code,agg_code,int_code,atm_code,col_code
201000005236,0010-05-08 18:30:00,10,5,8,18,30,160,57,le bourg,45.6036,-0.1366,Plein jour,En agglomération,Intersection en X,Normale,Deux véhicules - côté,,,,,,,,,,,1,2,2,1.0,3.0
201000005237,0010-08-06 07:30:00,10,8,6,7,30,160,243,167 LES EGAUDS,50.794,2.865,Plein jour,En agglomération,Hors intersection,Normale,Deux véhicules - arrière,,,,,,,,,,,1,2,1,1.0,2.0
201000005238,0010-08-20 15:30:00,10,8,20,15,30,160,13,le brassiaud,50.725,2.73,Plein jour,Hors agglomération,Hors intersection,Normale,Deux véhicules - frontale,,,,,,,,,,,1,1,1,1.0,1.0
201000005239,0010-08-21 15:15:00,10,8,21,15,15,160,150,Soubérac,50.725,2.8742,Plein jour,Hors agglomération,Hors intersection,Normale,Autre collision,,,,,,,,,,,1,1,1,1.0,6.0
201000005240,0010-08-29 11:15:00,10,8,29,11,15,160,167,4 rue croix du lo,50.75,2.8,Plein jour,En agglomération,Hors intersection,Normale,Deux véhicules - côté,,,,,,,,,,,1,2,1,1.0,3.0
201000005241,0010-09-04 01:00:00,10,9,4,1,0,160,186,chez baudoin,45.5809,-0.178,Nuit sans éclairage public,Hors agglomération,Hors intersection,Normale,Autre collision,,,,,,,,,,,3,1,1,1.0,6.0
201000005242,0010-09-07 21:15:00,10,9,7,21,15,160,56,Veillard,45.6674,-0.214,Nuit sans éclairage public,Hors agglomération,Hors intersection,Normale,Autre collision,,,,,,,,,,,3,1,1,1.0,6.0
201000005243,0010-09-19 17:30:00,10,9,19,17,30,160,50,La Lande,45.5829,-0.1262,Plein jour,Hors agglomération,Hors intersection,Normale,Deux véhicules - côté,,,,,,,,,,,1,1,1,1.0,3.0
201000005244,0010-09-20 19:00:00,10,9,20,19,0,160,88,Luchac -route de Sigogne,45.7186,-0.2065,Plein jour,En agglomération,Intersection en T,Normale,Deux véhicules - arrière,,,,,,,,,,,1,2,3,1.0,2.0
201000005245,0010-09-29 18:00:00,10,9,29,18,0,160,277,La Venerie,45.7476,-0.2648,Plein jour,Hors agglomération,Hors intersection,Normale,Deux véhicules - arrière,,,,,,,,,,,1,1,1,1.0,2.0
201000005246,0010-10-27 08:00:00,10,10,27,8,0,160,13,,45.6171,-0.0724,Nuit sans éclairage public,Hors agglomération,Hors intersection,Normale,Deux véhicules - frontale,,,,,,,,,,,3,1,1,1.0,1.0
201000005247,0010-10-28 06:30:00,10,10,28,6,30,160,349,,45.782,-0.251,Nuit sans éclairage public,Hors agglomération,Hors intersection,Pluie légère,Trois véhicules et plus - collisions multiples,,,,,,,,,,,3,1,1,2.0,5.0
201000005248,0010-12-22 14:00:00,10,12,22,14,0,160,366,Chatdeville,45.6093,-0.2154,Plein jour,Hors agglomération,Hors intersection,Pluie forte,Deux véhicules - frontale,,,,,,,,,,,1,1,1,3.0,1.0
201000005249,0010-01-15 21:00:00,10,1,15,21,0,160,65,place des anciens fossés,51.15,1.75,Nuit avec éclairage allumé,En agglomération,Place,Normale,Sans collision,,,,,,,,,,,5,2,7,1.0,7.0
201000005250,0010-01-18 06:30:00,10,1,18,6,30,160,65,lieu dit Les 4 Chemins,51.15,1.75,Nuit sans éclairage public,Hors agglomération,Hors intersection,Autre,Autre collision,,,,,,,,,,,3,1,1,9.0,6.0
201000005251,0010-02-04 18:15:00,10,2,4,18,15,160,9,,50.95,2.522,Crépuscule ou aube,Hors agglomération,Intersection en X,Normale,Deux véhicules - côté,,,,,,,,,,,2,1,2,1.0,3.0
201000005252,0010-02-04 18:00:00,10,2,4,18,0,160,106,Av. du 8 mai 1945,51.1,1.85,Crépuscule ou aube,Hors agglomération,Hors intersection,Normale,Deux véhicules - frontale,,,,,,,,,,,2,1,1,1.0,1.0
201000005253,0010-05-30 14:00:00,10,5,30,14,0,160,134,,50.985,1.847,Plein jour,Hors agglomération,Hors intersection,Pluie légère,Autre collision,,,,,,,,,,,1,1,1,2.0,6.0
201000005254,0010-06-23 22:00:00,10,6,23,22,0,160,132,Le petit Bourdicaud,51.0,1.7,Crépuscule ou aube,Hors agglomération,Hors intersection,Normale,Deux véhicules - frontale,,,,,,,,,,,2,1,1,1.0,1.0
201000005255,0010-07-08 09:30:00,10,7,8,9,30,160,86,Lieu-dit Malbâti,50.946,1.748,Plein jour,Hors agglomération,Hors intersection,Normale,Deux véhicules - frontale,,,,,,,,,,,1,1,1,1.0,1.0
201000005256,0010-07-17 16:00:00,10,7,17,16,0,160,337,Logis des Brosses,51.07,1.82,Plein jour,Hors agglomération,Hors intersection,Normale,Deux véhicules - côté,,,,,,,,,,,1,1,1,1.0,3.0
201000005257,0010-07-21 01:00:00,10,7,21,1,0,160,100,La Pécoulie,51.017,1.869,Nuit sans éclairage public,Hors agglomération,Hors intersection,Normale,Autre collision,,,,,,,,,,,3,1,1,1.0,6.0
201000005258,0010-08-02 14:15:00,10,8,2,14,15,160,181,lieu-dit Chez Peurut,51.187,1.847,Plein jour,Hors agglomération,Hors intersection,Normale,Deux véhicules - frontale,,,,,,,,,,,1,1,1,1.0,1.0
201000005259,0010-08-16 19:45:00,10,8,16,19,45,160,164,la petite martinie,46.046,0.627,Crépuscule ou aube,Hors agglomération,Intersection en X,Normale,Deux véhicules - côté,,,,,,,,,,,2,1,2,1.0,3.0
201000005260,0010-08-24 20:00:00,10,8,24,20,0,160,9,Route de Roumazieres,51.088,1.9914,Crépuscule ou aube,En agglomération,Hors intersection,Normale,Deux véhicules - frontale,,,,,,,,,,,2,2,1,1.0,1.0
201000005261,0010-09-01 07:45:00,10,9,1,7,45,160,132,Le Bourg,45.8948,0.784,Plein jour,En agglomération,Hors intersection,Temps éblouissant,Deux véhicules - côté,,,,,,,,,,,1,2,1,7.0,3.0
201000005262,0010-09-01 11:30:00,10,9,1,11,30,160,106,14 rue du moulin,46.0179,0.6715,Plein jour,En agglomération,Intersection en T,Normale,Deux véhicules - côté,,,,,,,,,,,1,2,3,1.0,3.0
201000005263,0010-09-08 15:15:00,10,9,8,15,15,160,1,Les Brandes,45.4875,0.2724,Plein jour,Hors agglomération,Hors intersection,Normale,Autre collision,,,,,,,,,,,1,1,1,1.0,6.0
201000005264,0010-11-29 17:45:00,10,11,29,17,45,160,259,Route d'angoulème,45.8811,0.6176,Nuit avec éclairage allumé,En agglomération,Hors intersection,Normale,Deux véhicules - frontale,,,,,,,,,,,5,2,1,1.0,1.0
201000005265,0010-03-10 09:00:00,10,3,10,9,0,160,85,Chantemuse,50.92,2.1,Plein jour,Hors agglomération,Hors intersection,Neige / grêle,Deux véhicules - frontale,,,,,,,,,,,1,1,1,4.0,1.0
201000005266,0010-03-25 10:00:00,10,3,25,10,0,160,336,La Faucherie,50.925,2.547,Plein jour,Hors agglomération,Hors intersection,Normale,Autre collision,,,,,,,,,,,1,1,1,1.0,6.0
201000005267,0010-07-09 12:30:00,10,7,9,12,30,160,85,,50.92,2.1,Plein jour,Hors agglomération,Hors intersection,Normale,Trois véhicules et plus - collisions multiples,,,,,,,,,,,1,1,1,1.0,5.0
201000005268,0010-07-25 18:30:00,10,7,25,18,30,160,85,La Combe de la liee,50.92,2.1,Plein jour,Hors agglomération,Hors intersection,Normale,Autre collision,,,,,,,,,,,1,1,1,1.0,6.0
201000005269,0010-08-06 12:15:00,10,8,6,12,15,160,192,29 route de l'union,50.985,1.949,Plein jour,En agglomération,Hors intersection,Normale,Deux véhicules - côté,,,,,,,,,,,1,2,1,1.0,3.0
201000005270,0010-09-12 21:00:00,10,9,12,21,0,160,225,La Tourterie,45.7647,0.5615,Nuit sans éclairage public,Hors agglomération,Hors intersection,Normale,Deux véhicules - frontale,,,,,,,,,,,3,1,1,1.0,1.0
201000005271,0010-10-13 10:45:00,10,10,13,10,45,160,245,Chez Noël,45.8684,0.5283,Plein jour,Hors agglomération,Hors intersection,Normale,Autre collision,,,,,,,,,,,1,1,1,1.0,6.0
201000005272,0010-10-14 19:45:00,10,10,14,19,45,160,192,,45.8829,0.5727,Nuit avec éclairage allumé,En agglomération,Intersection en T,Normale,Trois véhicules et plus - collisions multiples,,,,,,,,,,,5,2,3,1.0,5.0
201000005273,0010-11-21 18:45:00,10,11,21,18,45,160,192,RN 141 et Rue du 8 mai,45.8829,0.5726,Nuit avec éclairage allumé,En agglomération,Intersection en X,Pluie légère,Deux véhicules - côté,,,,,,,,,,,5,2,2,2.0,3.0
201000005274,0010-01-02 21:45:00,10,1,2,21,45,160,38,,51.153,2.0931,Nuit sans éclairage public,Hors agglomération,Hors intersection,Normale,Autre collision,,,,,,,,,,,3,1,1,1.0,6.0
201000005275,0010-03-11 17:15:00,10,3,11,17,15,160,229,le bourg,51.21,2.46,Plein jour,En agglomération,Hors intersection,Normale,Deux véhicules - frontale,,,,,,,,,,,1,2,1,1.0,1.0
201000005276,0010-03-28 21:15:00,10,3,28,21,15,160,253,,51.145,2.6,Nuit sans éclairage public,Hors agglomération,Hors intersection,Normale,Sans collision,,,,,,,,,,,3,1,1,1.0,7.0
201000005277,0010-04-15 17:30:00,10,4,15,17,30,160,292,Boulevard de Verdun,51.142,2.374,Plein jour,En agglomération,Hors intersection,Normale,Deux véhicules - frontale,,,,,,,,,,,1,2,1,1.0,1.0
201000005278,0010-04-28 14:30:00,10,4,28,14,30,160,391,,45.981,0.158,Plein jour,En agglomération,Intersection en T,Normale,Deux véhicules - côté,,,,,,,,,,,1,2,3,1.0,3.0
201000005279,0010-10-04 16:15:00,10,10,4,16,15,160,292,Bd des Grands Rocs,46.0308,0.2041,Plein jour,En agglomération,Hors intersection,Temps couvert,Autre collision,,,,,,,,,,,1,2,1,8.0,6.0
201000005280,0010-10-30 10:15:00,10,10,30,10,15,160,410,,45.9912,0.2005,Plein jour,Hors agglomération,Intersection en X,Temps couvert,Deux véhicules - côté,,,,,,,,,,,1,1,2,8.0,3.0
201000005281,0010-01-07 09:45:00,10,1,7,9,45,160,244,,50.64,2.55,Plein jour,Hors agglomération,Hors intersection,Neige / grêle,Autre collision,,,,,,,,,,,1,1,1,4.0,6.0
201000005282,0010-05-12 14:00:00,10,5,12,14,0,160,138,rue du tranchard,50.71,2.53,Plein jour,En agglomération,Hors intersection,Normale,Deux véhicules - frontale,,,,,,,,,,,1,2,1,1.0,1.0
201000005283,0010-08-06 13:15:00,10,8,6,13,15,160,163,,50.745,2.59,Plein jour,Hors agglomération,Autre intersection,Normale,Deux véhicules - frontale,,,,,,,,,,,1,1,9,1.0,1.0
201000005284,0010-08-06 16:30:00,10,8,6,16,30,160,388,le plantier chez sicard,45.642,0.047,Plein jour,Hors agglomération,Hors intersection,Normale,Deux véhicules - côté,,,,,,,,,,,1,1,1,1.0,3.0
201000005285,0010-08-14 16:00:00,10,8,14,16,0,160,187,,50.75,2.507,Plein jour,En agglomération,Hors intersection,Normale,Autre collision,,,,,,,,,,,1,2,1,1.0,6.0
201000005286,0010-08-24 13:00:00,10,8,24,13,0,160,163,,50.745,2.59,Plein jour,Hors agglomération,Hors intersection,Normale,Deux véhicules - côté,,,,,,,,,,,1,1,1,1.0,3.0
201000005287,0010-12-13 21:15:00,10,12,13,21,15,160,244,Les Gâtinelles,,,Nuit avec éclairage allumé,Hors agglomération,Hors intersection,Normale,Deux véhicules - frontale,,,,,,,,,,,5,1,1,1.0,1.0
201000005288,0010-01-06 00:01:00,10,1,6,0,1,160,272,Lieu dit PUYGELIER,50.96,2.37,Nuit sans éclairage public,En agglomération,Hors intersection,Neige / grêle,Autre collision,,,,,,,,,,,3,2,1,4.0,6.0
201000005289,0010-03-11 22:15:00,10,3,11,22,15,160,295,,50.835,2.562,Nuit sans éclairage public,Hors agglomération,Hors intersection,Normale,Autre collision,,,,,,,,,,,3,1,1,1.0,6.0
201000005290,0010-07-14 06:30:00,10,7,14,6,30,160,200,,50.943,2.399,Crépuscule ou aube,Hors agglomération,Hors intersection,Normale,Autre collision,,,,,,,,,,,2,1,1,1.0,6.0
201000005291,0010-08-21 21:30:00,10,8,21,21,30,160,81,Le Fouilloux,50.933,2.551,Nuit sans éclairage public,Hors agglomération,Hors intersection,Normale,Autre collision,,,,,,,,,,,3,1,1,1.0,6.0
201000005292,0010-09-21 23:45:00,10,9,21,23,45,160,81,le Fouilloux,45.8279,0.0617,Nuit sans éclairage public,En agglomération,Hors intersection,Normale,Autre collision,,,,,,,,,,,3,2,1,1.0,6.0
201000005293,0010-12-15 19:45:00,10,12,15,19,45,160,11,La Vieille Touche,45.705,0.1875,Nuit sans éclairage public,Hors agglomération,Hors intersection,Normale,Deux véhicules - frontale,,,,,,,,,,,3,1,1,1.0,1.0
201000005294,0010-07-03 06:15:00,10,7,3,6,15,160,93,la Gare,50.72,2.1857,Crépuscule ou aube,En agglomération,Hors intersection,Pluie légère,Autre collision,,,,,,,,,,,2,2,1,2.0,6.0
201000005295,0010-08-07 14:00:00,10,8,7,14,0,160,421,Les Borderies,50.742,2.0814,Plein jour,Hors agglomération,Hors intersection,Normale,Autre collision,,,,,,,,,,,1,1,1,1.0,6.0
201000005296,0010-09-26 14:30:00,10,9,26,14,30,160,158,Le Bois de la Tâche,45.5819,0.4034,Plein jour,Hors agglomération,Hors intersection,Normale,Autre collision,,,,,,,,,,,1,1,1,1.0,6.0
201000005297,0010-09-29 06:45:00,10,9,29,6,45,160,344,,45.7361,0.3566,Crépuscule ou aube,Hors agglomération,Autre intersection,Normale,Deux véhicules - côté,,,,,,,,,,,2,1,9,1.0,3.0
201000005298,0010-10-07 18:00:00,10,10,7,18,0,160,250,Peyrou,45.6955,0.4728,Crépuscule ou aube,Hors agglomération,Hors intersection,Normale,Autre collision,,,,,,,,,,,2,1,1,1.0,6.0
201000005299,0010-10-21 19:45:00,10,10,21,19,45,160,281,FAUBOURG LA SOUCHE,45.7454,0.3843,Nuit avec éclairage allumé,En agglomération,Intersection en X,Normale,Deux véhicules - côté,,,,,,,,,,,5,2,2,1.0,3.0
201000005300,0010-10-31 01:45:00,10,10,31,1,45,160,344,La Bécasse,45.7334,0.3383,Nuit sans éclairage public,Hors agglomération,Hors intersection,Pluie légère,Autre collision,,,,,,,,,,,3,1,1,2.0,6.0
201000005301,0010-11-02 12:15:00,10,11,2,12,15,160,406,Le Grand Plantier,45.6753,0.4144,Plein jour,Hors agglomération,Intersection en X,Normale,Deux véhicules - côté,,,,,,,,,,,1,1,2,1.0,3.0
201000005302,0010-11-02 14:30:00,10,11,2,14,30,160,3,La Fosse Limousine,45.7678,0.302,Plein jour,Hors agglomération,Hors intersection,Normale,Autre collision,,,,,,,,,,,1,1,1,1.0,6.0
201000005303,0010-11-12 13:45:00,10,11,12,13,45,160,379,,45.7772,0.4046,Plein jour,Hors agglomération,Hors intersection,Pluie forte,Deux véhicules - arrière,,,,,,,,,,,1,1,1,3.0,2.0
201000005304,0010-12-06 17:15:00,10,12,6,17,15,160,379,Chez Patarin,45.7734,0.4487,Nuit avec éclairage allumé,Hors agglomération,Intersection en X,Pluie forte,Deux véhicules - côté,,,,,,,,,,,5,1,2,3.0,3.0
201000005305,0010-12-08 17:00:00,10,12,8,17,0,160,281,BD GENERAL DE GAULLE,45.7364,0.3867,Plein jour,En agglomération,Hors intersection,Normale,Deux véhicules - arrière,,,,,,,,,,,1,2,1,1.0,2.0
201000005306,0010-12-21 18:00:00,10,12,21,18,0,160,281,,45.7396,0.3874,Nuit avec éclairage allumé,En agglomération,Hors intersection,Pluie légère,Autre collision,,,,,,,,,,,5,2,1,2.0,6.0
201000005307,0010-12-30 08:30:00,10,12,30,8,30,160,274,Le bois de la Mesniere,45.719,0.4099,Plein jour,Hors agglomération,Hors intersection,Normale,Autre collision,,,,,,,,,,,1,1,1,1.0,6.0
201000005308,0010-03-18 15:00:00,10,3,18,15,0,160,286,Zone du Lantillon,50.861,2.665,Plein jour,En agglomération,Intersection en X,Pluie légère,Deux véhicules - côté,,,,,,,,,,,1,2,2,2.0,3.0
201000005309,0010-04-19 07:00:00,10,4,19,7,0,160,156,Lieu dit le Breuil,50.9,2.58,Crépuscule ou aube,Hors agglomération,Hors intersection,Normale,Deux véhicules - côté,,,,,,,,,,,2,1,1,1.0,3.0
201000005310,0010-05-23 17:30:00,10,5,23,17,30,160,207,La galiment,50.95,2.55,Plein jour,Hors agglomération,Hors intersection,Normale,Deux véhicules - frontale,,,,,,,,,,,1,1,1,1.0,1.0
201000005311,0010-11-12 16:00:00,10,11,12,16,0,160,312,Les Buissons,45.7663,-0.0117,Plein jour,Hors agglomération,Hors intersection,Pluie forte,Autre collision,,,,,,,,,,,1,1,1,3.0,6.0
201000005312,0010-01-05 08:00:00,10,1,5,8,0,170,193,ROUTE NATIONALE,46.134,-1.077,Nuit avec éclairage allumé,En agglomération,Hors intersection,Normale,Deux véhicules - côté,,,,,,,,,,,5,2,1,1.0,3.0
201000005313,0010-03-17 07:45:00,10,3,17,7,45,170,315,,,,Plein jour,Hors agglomération,Hors intersection,Normale,Deux véhicules - côté,,,,,,,,,,,1,1,1,1.0,3.0
201000005314,0010-04-10 13:00:00,10,4,10,13,0,170,109,,,,Plein jour,Hors agglomération,Hors intersection,Normale,Deux véhicules - arrière,,,,,,,,,,,1,1,1,1.0,2.0
201000005315,0010-04-20 19:45:00,10,4,20,19,45,170,315,rue des pairies,,,Plein jour,En agglomération,Hors intersection,Normale,Deux véhicules - côté,,,,,,,,,,,1,2,1,1.0,3.0
201000005316,0010-05-02 17:15:00,10,5,2,17,15,170,420,RUE DE L'Héronière,,,Plein jour,En agglomération,Hors intersection,Normale,Deux véhicules - côté,,,,,,,,,,,1,2,1,1.0,3.0
201000005317,0010-05-06 17:30:00,10,5,6,17,30,170,94,,,,Plein jour,En agglomération,Hors intersection,Normale,Deux véhicules - côté,,,,,,,,,,,1,2,1,1.0,3.0
201000005318,0010-05-23 23:30:00,10,5,23,23,30,170,94,bvd delattre de tassigny,,,Nuit avec éclairage allumé,En agglomération,Hors intersection,Normale,Deux véhicules - côté,,,,,,,,,,,5,2,1,1.0,3.0
201000005319,0010-06-05 11:15:00,10,6,5,11,15,170,315,,46.14,-0.943,Plein jour,Hors agglomération,Intersection en X,Normale,Deux véhicules - côté,,,,,,,,,,,1,1,2,1.0,3.0
201000005320,0010-06-25 17:45:00,10,6,25,17,45,170,94,AVENUE D'ANGOULINS,46.085,-1.092,Plein jour,En agglomération,Hors intersection,Normale,Deux véhicules - côté,,,,,,,,,,,1,2,1,1.0,3.0
201000005321,0010-07-05 12:00:00,10,7,5,12,0,170,413,,46.078,-1.02899,Plein jour,Hors agglomération,Hors intersection,Normale,Deux véhicules - frontale,,,,,,,,,,,1,1,1,1.0,1.0
201000005322,0010-07-02 17:30:00,10,7,2,17,30,170,10,,46.116,-1.101,Plein jour,Hors agglomération,Hors intersection,Normale,Deux véhicules - arrière,,,,,,,,,,,1,1,1,1.0,2.0
201000005323,0010-07-29 16:15:00,10,7,29,16,15,170,109,,,,Plein jour,Hors agglomération,Hors intersection,Normale,Deux véhicules - frontale,,,,,,,,,,,1,1,1,1.0,1.0
201000005324,0010-08-13 13:45:00,10,8,13,13,45,170,109,,46.146,-1.03699,Plein jour,Hors agglomération,Hors intersection,Normale,Deux véhicules - côté,,,,,,,,,,,1,1,1,1.0,3.0
201000005325,0010-09-30 20:15:00,10,9,30,20,15,170,94,RUE ALBERT 1ER,,,Crépuscule ou aube,En agglomération,Hors intersection,Normale,Autre collision,,,,,,,,,,,2,2,1,1.0,6.0
201000005326,0010-10-11 09:45:00,10,10,11,9,45,170,94,Bd Delattre De Tassigny,,,Plein jour,En agglomération,Hors intersection,Normale,Deux véhicules - côté,,,,,,,,,,,1,2,1,1.0,3.0
201000005327,0010-11-07 15:00:00,10,11,7,15,0,170,373,,46.143,-0.992,Plein jour,Hors agglomération,Intersection en X,Normale,Deux véhicules - frontale,,,,,,,,,,,1,1,2,1.0,1.0
201000005328,0010-12-12 07:45:00,10,12,12,7,45,170,420,,,,Nuit sans éclairage public,Hors agglomération,Hors intersection,Autre,Sans collision,,,,,,,,,,,3,1,1,9.0,7.0
201000005329,0010-02-18 19:45:00,10,2,18,19,45,170,396,LA GARE,,,Nuit sans éclairage public,En agglomération,Hors intersection,Normale,Deux véhicules - côté,,,,,,,,,,,3,2,1,1.0,3.0
201000005330,0010-03-23 18:45:00,10,3,23,18,45,170,376,,46.239,-1.018,Plein jour,Hors agglomération,Intersection en X,Normale,Deux véhicules - côté,,,,,,,,,,,1,1,2,1.0,3.0
201000005331,0010-03-28 01:00:00,10,3,28,1,0,170,218,,,,Nuit sans éclairage public,Hors agglomération,Hors intersection,Pluie légère,Sans collision,,,,,,,,,,,3,1,1,2.0,7.0
201000005332,0010-04-18 17:30:00,10,4,18,17,30,170,218,,46.303,-1.086,Plein jour,Hors agglomération,Hors intersection,Normale,Sans collision,,,,,,,,,,,1,1,1,1.0,7.0
201000005333,0010-06-13 18:15:00,10,6,13,18,15,170,349,,46.287,-0.847,Plein jour,Hors agglomération,Hors intersection,Normale,Deux véhicules - côté,,,,,,,,,,,1,1,1,1.0,3.0
201000005334,0010-06-27 11:45:00,10,6,27,11,45,170,439,,46.325,-0.835,Plein jour,Hors agglomération,Hors intersection,Normale,Deux véhicules - arrière,,,,,,,,,,,1,1,1,1.0,2.0
201000005335,0010-07-04 18:00:00,10,7,4,18,0,170,472,6 RUE DE LA LIBERTE,,,Plein jour,En agglomération,Hors intersection,Normale,Deux véhicules - côté,,,,,,,,,,,1,2,1,1.0,3.0
201000005336,0010-07-10 02:45:00,10,7,10,2,45,170,91,rue pierre Loti,46.304,-1.096,Nuit avec éclairage allumé,En agglomération,Hors intersection,Normale,Autre collision,,,,,,,,,,,5,2,1,1.0,6.0
201000005337,0010-08-19 09:45:00,10,8,19,9,45,170,8,,,,Plein jour,Hors agglomération,Hors intersection,Normale,Deux véhicules - côté,,,,,,,,,,,1,1,1,1.0,3.0
201000005338,0010-08-22 00:45:00,10,8,22,0,45,170,8,CD 20 Rue de la Paix,46.25,-1.03,Nuit avec éclairage non allumé,En agglomération,Hors intersection,Normale,Deux véhicules - côté,,,,,,,,,,,4,2,1,1.0,3.0
201000005339,0010-08-19 17:00:00,10,8,19,17,0,170,472,,,,Plein jour,Hors agglomération,Hors intersection,Normale,Deux véhicules - côté,,,,,,,,,,,1,1,1,1.0,3.0
201000005340,0010-10-13 20:15:00,10,10,13,20,15,170,8,,,,Nuit sans éclairage public,Hors agglomération,Hors intersection,Normale,Autre collision,,,,,,,,,,,3,1,1,1.0,6.0
201000005341,0010-10-17 07:15:00,10,10,17,7,15,170,8,,,,Crépuscule ou aube,Hors agglomération,Hors intersection,Normale,Autre collision,,,,,,,,,,,2,1,1,1.0,6.0
201000005342,0010-11-03 10:30:00,10,11,3,10,30,170,132,18 rue des vieux moulins,46.22,-0.704,Plein jour,En agglomération,Hors intersection,Normale,Autre collision,,,,,,,,,,,1,2,1,1.0,6.0
201000005343,0010-11-18 19:15:00,10,11,18,19,15,170,158,,46.237,-0.842,Nuit avec éclairage allumé,Hors agglomération,Hors intersection,Pluie forte,Deux véhicules - côté,,,,,,,,,,,5,1,1,3.0,3.0
201000005344,0010-02-06 09:00:00,10,2,6,9,0,170,369,,,,Plein jour,Hors agglomération,Hors intersection,Pluie légère,Deux véhicules - côté,,,,,,,,,,,1,1,1,2.0,3.0
201000005345,0010-04-02 08:30:00,10,4,2,8,30,170,51,RUE DE LA GLACIERE,46.191,-1.399,Plein jour,En agglomération,Hors intersection,Pluie légère,Deux véhicules - frontale,,,,,,,,,,,1,2,1,2.0,1.0
201000005346,0010-04-08 17:15:00,10,4,8,17,15,170,161,impasse du marais,46.192,-1.329,Plein jour,En agglomération,Hors intersection,Normale,Deux véhicules - côté,,,,,,,,,,,1,2,1,1.0,3.0
201000005347,0010-04-15 18:30:00,10,4,15,18,30,170,161,4 rue  puits liloux,46.191,-1.322,Plein jour,En agglomération,Hors intersection,Normale,Deux véhicules - frontale,,,,,,,,,,,1,2,1,1.0,1.0
201000005348,0010-05-15 15:00:00,10,5,15,15,0,170,360,,46.16,-1.339,Plein jour,Hors agglomération,Hors intersection,Normale,Deux véhicules - arrière,,,,,,,,,,,1,1,1,1.0,2.0
201000005349,0010-05-25 14:45:00,10,5,25,14,45,170,369,,46.204,-1.396,Plein jour,Hors agglomération,Hors intersection,Normale,Deux véhicules - arrière,,,,,,,,,,,1,1,1,1.0,2.0
201000005350,0010-06-07 09:00:00,10,6,7,9,0,170,121,,,,Plein jour,Hors agglomération,Hors intersection,Normale,Deux véhicules - côté,,,,,,,,,,,1,1,1,1.0,3.0
201000005351,0010-07-20 14:00:00,10,7,20,14,0,170,19,,,,Plein jour,Hors agglomération,Hors intersection,Normale,Deux véhicules - arrière,,,,,,,,,,,1,1,1,1.0,2.0
201000005352,0010-07-24 07:15:00,10,7,24,7,15,170,318,,,,Plein jour,Hors agglomération,Hors intersection,Normale,Autre collision,,,,,,,,,,,1,1,1,1.0,6.0
201000005353,0010-07-26 12:00:00,10,7,26,12,0,170,369,Rue du Général de Gaulle,,,Plein jour,En agglomération,Giratoire,Normale,Deux véhicules - côté,,,,,,,,,,,1,2,6,1.0,3.0
201000005354,0010-07-30 14:45:00,10,7,30,14,45,170,19,CD 735,,,Plein jour,En agglomération,Hors intersection,Normale,Deux véhicules - côté,,,,,,,,,,,1,2,1,1.0,3.0
201000005355,0010-08-11 02:15:00,10,8,11,2,15,170,51,,46.191,-1.403,Nuit avec éclairage allumé,Hors agglomération,Hors intersection,Normale,Autre collision,,,,,,,,,,,5,1,1,1.0,6.0
201000005356,0010-08-25 22:15:00,10,8,25,22,15,170,51,,46.17,-1.355,Nuit sans éclairage public,Hors agglomération,Hors intersection,Normale,Deux véhicules - frontale,,,,,,,,,,,3,1,1,1.0,1.0
201000005357,0010-01-18 12:45:00,10,1,18,12,45,170,233,ROUTE DE BARBEZIEUX,,,Plein jour,En agglomération,Intersection en T,Temps éblouissant,Deux véhicules - côté,,,,,,,,,,,1,2,3,7.0,3.0
201000005358,0010-03-07 10:00:00,10,3,7,10,0,170,476,,,,Plein jour,Hors agglomération,Hors intersection,Normale,Deux véhicules - arrière,,,,,,,,,,,1,1,1,1.0,2.0
201000005359,0010-03-21 13:45:00,10,3,21,13,45,170,270,,,,Plein jour,Hors agglomération,Hors intersection,Normale,Deux véhicules - frontale,,,,,,,,,,,1,1,1,1.0,1.0
201000005360,0010-04-25 12:00:00,10,4,25,12,0,170,16,01 allée des Platanes,,,Plein jour,En agglomération,Hors intersection,Normale,Autre collision,,,,,,,,,,,1,2,1,1.0,6.0
201000005361,0010-05-02 03:15:00,10,5,2,3,15,170,363,,,,Nuit sans éclairage public,Hors agglomération,Hors intersection,Normale,Sans collision,,,,,,,,,,,3,1,1,1.0,7.0
201000005362,0010-05-02 11:45:00,10,5,2,11,45,170,82,,,,Plein jour,Hors agglomération,Hors intersection,Normale,Deux véhicules - arrière,,,,,,,,,,,1,1,1,1.0,2.0