accident_id,datetime,annee,mois,jour,heure,minute,departement,commune_insee,adresse,latitude,longitude,luminosite,agglomeration,intersection,meteo,collision,nb_vehicules,nb_usagers,nb_indemnes,nb_tues,nb_blesses_hosp,nb_blesses_legers,age_cond_1,age_cond_2,veh_type_cond_1,veh_type_cond_2,lum_code,agg_code,int_code,atm_code,col_code
201000005363,0010-05-29 12:15:00,10,5,29,12,15,170,82,,,,Plein jour,Hors agglomération,Hors intersection,Normale,Autre collision,,,,,,,,,,,1,1,1,1.0,6.0
201000005364,0010-06-06 19:45:00,10,6,6,19,45,170,339,Chemin de la Blanche,,,Plein jour,En agglomération,Passage à niveau,Normale,Deux véhicules - côté,,,,,,,,,,,1,2,8,1.0,3.0
201000005365,0010-06-08 10:00:00,10,6,8,10,0,170,197,Boulevard René Gautret,,,Plein jour,En agglomération,Intersection en X,Normale,Deux véhicules - côté,,,,,,,,,,,1,2,2,1.0,3.0
201000005366,0010-06-12 06:00:00,10,6,12,6,0,170,192,,,,Crépuscule ou aube,Hors agglomération,Hors intersection,Normale,Autre collision,,,,,,,,,,,2,1,1,1.0,6.0
201000005367,0010-06-19 03:30:00,10,6,19,3,30,170,339,,,,Nuit sans éclairage public,Hors agglomération,Hors intersection,Pluie légère,Deux véhicules - frontale,,,,,,,,,,,3,1,1,2.0,1.0
201000005368,0010-07-05 12:00:00,10,7,5,12,0,170,106,,,,Plein jour,Hors agglomération,Hors intersection,Normale,Deux véhicules - frontale,,,,,,,,,,,1,1,1,1.0,1.0
201000005369,0010-07-07 19:00:00,10,7,7,19,0,170,403,,,,Plein jour,Hors agglomération,Hors intersection,Normale,Deux véhicules - côté,,,,,,,,,,,1,1,1,1.0,3.0
201000005370,0010-10-10 18:45:00,10,10,10,18,45,170,371,,,,Crépuscule ou aube,Hors agglomération,Hors intersection,Temps couvert,Deux véhicules - frontale,,,,,,,,,,,2,1,1,8.0,1.0
201000005371,0010-10-16 00:30:00,10,10,16,0,30,170,403,,,,Nuit sans éclairage public,Hors agglomération,Autre intersection,Normale,Autre collision,,,,,,,,,,,3,1,9,1.0,6.0
201000005372,0010-10-22 07:45:00,10,10,22,7,45,170,197,,,,Plein jour,En agglomération,Hors intersection,Normale,Deux véhicules - côté,,,,,,,,,,,1,2,1,1.0,3.0
201000005373,0010-01-31 17:15:00,10,1,31,17,15,170,52,,45.319,-0.543,Plein jour,Hors agglomération,Hors intersection,Temps éblouissant,Deux véhicules - frontale,,,,,,,,,,,1,1,1,7.0,1.0
201000005374,0010-02-16 17:00:00,10,2,16,17,0,170,390,,45.434,-0.659,Plein jour,Hors agglomération,Intersection en X,Normale,Deux véhicules - côté,,,,,,,,,,,1,1,2,1.0,3.0
201000005375,0010-02-17 13:15:00,10,2,17,13,15,170,379,20 rue de saintonge,45.521,-0.595,Plein jour,En agglomération,Hors intersection,Normale,Deux véhicules - frontale,,,,,,,,,,,1,2,1,1.0,1.0
201000005376,0010-04-05 14:30:00,10,4,5,14,30,170,84,2 rue des grands ormeaux,45.518,-0.641,Plein jour,En agglomération,Hors intersection,Normale,Deux véhicules - frontale,,,,,,,,,,,1,2,1,1.0,1.0
201000005377,0010-06-01 21:15:00,10,6,1,21,15,170,111,,,,Crépuscule ou aube,Hors agglomération,Hors intersection,Normale,Autre collision,,,,,,,,,,,2,1,1,1.0,6.0
201000005378,0010-06-30 21:00:00,10,6,30,21,0,170,328,,,,Plein jour,Hors agglomération,Giratoire,Temps éblouissant,Deux véhicules - côté,,,,,,,,,,,1,1,6,7.0,3.0
201000005379,0010-08-13 07:00:00,10,8,13,7,0,170,236,,45.39,-0.579,Plein jour,Hors agglomération,Hors intersection,Normale,Sans collision,,,,,,,,,,,1,1,1,1.0,7.0
201000005380,0010-08-30 20:30:00,10,8,30,20,30,170,263,,45.41,-0.532,Plein jour,Hors agglomération,Hors intersection,Normale,Deux véhicules - côté,,,,,,,,,,,1,1,1,1.0,3.0
201000005381,0010-11-15 09:00:00,10,11,15,9,0,170,328,,45.443,-0.745,Plein jour,Hors agglomération,Hors intersection,Pluie légère,Sans collision,,,,,,,,,,,1,1,1,2.0,7.0
201000005382,0010-01-12 16:30:00,10,1,12,16,30,170,454,,45.353,-0.428,Plein jour,Hors agglomération,Hors intersection,Pluie légère,Deux véhicules - frontale,,,,,,,,,,,1,1,1,2.0,1.0
201000005383,0010-02-05 12:30:00,10,2,5,12,30,170,243,,45.235,-0.345,Plein jour,Hors agglomération,Hors intersection,Normale,Autre collision,,,,,,,,,,,1,1,1,1.0,6.0
201000005384,0010-03-16 04:30:00,10,3,16,4,30,170,74,,45.198,-0.456,Nuit sans éclairage public,Hors agglomération,Hors intersection,Normale,Autre collision,,,,,,,,,,,3,1,1,1.0,6.0
201000005385,0010-03-29 16:30:00,10,3,29,16,30,170,240,,45.306,-0.399,Plein jour,Hors agglomération,Hors intersection,Normale,Deux véhicules - frontale,,,,,,,,,,,1,1,1,1.0,1.0
201000005386,0010-05-04 10:30:00,10,5,4,10,30,170,92,,,,Plein jour,Hors agglomération,Hors intersection,Vent fort / tempête,Deux véhicules - frontale,,,,,,,,,,,1,1,1,6.0,1.0
201000005387,0010-07-16 23:15:00,10,7,16,23,15,170,454,,,,Nuit sans éclairage public,Hors agglomération,Hors intersection,Normale,Sans collision,,,,,,,,,,,3,1,1,1.0,7.0
201000005388,0010-12-24 17:15:00,10,12,24,17,15,170,118,,45.252,-0.404,Crépuscule ou aube,Hors agglomération,Hors intersection,Normale,Autre collision,,,,,,,,,,,2,1,1,1.0,6.0
201000005389,0010-04-11 16:45:00,10,4,11,16,45,170,365,,45.226,-0.199,Plein jour,Hors agglomération,Hors intersection,Normale,Autre collision,,,,,,,,,,,1,1,1,1.0,6.0
201000005390,0010-04-20 18:00:00,10,4,20,18,0,170,309,,45.174,-0.051,Plein jour,Hors agglomération,Intersection en Y,Normale,Deux véhicules - côté,,,,,,,,,,,1,1,4,1.0,3.0
201000005391,0010-07-25 14:45:00,10,7,25,14,45,170,366,,45.144,-0.116,Plein jour,Hors agglomération,Hors intersection,Normale,Sans collision,,,,,,,,,,,1,1,1,1.0,7.0
201000005392,0010-08-21 18:30:00,10,8,21,18,30,170,241,,45.225,-0.192,Plein jour,Hors agglomération,Intersection en T,Normale,Deux véhicules - côté,,,,,,,,,,,1,1,3,1.0,3.0
201000005393,0010-08-31 00:45:00,10,8,31,0,45,170,241,CD 910 BIS PK 85,45.215,-0.187,Nuit avec éclairage allumé,En agglomération,Hors intersection,Normale,Autre collision,,,,,,,,,,,5,2,1,1.0,6.0
201000005394,0010-10-22 17:15:00,10,10,22,17,15,170,309,,,,Plein jour,Hors agglomération,Hors intersection,Normale,Trois véhicules et plus - collisions multiples,,,,,,,,,,,1,1,1,1.0,5.0
201000005395,0010-12-11 23:45:00,10,12,11,23,45,170,365,Le moulin du pont,45.223,-0.191,Nuit avec éclairage allumé,En agglomération,Autre intersection,Normale,Autre collision,,,,,,,,,,,5,2,9,1.0,6.0
201000005396,0010-01-19 19:15:00,10,1,19,19,15,170,58,,45.839,-1.131,Nuit sans éclairage public,Hors agglomération,Hors intersection,Pluie légère,Autre collision,,,,,,,,,,,3,1,1,2.0,6.0
201000005397,0010-03-19 08:00:00,10,3,19,8,0,170,185,,45.75,-0.948,Plein jour,Hors agglomération,Hors intersection,Normale,Sans collision,,,,,,,,,,,1,1,1,1.0,7.0
201000005398,0010-04-08 18:00:00,10,4,8,18,0,170,185,,,,Plein jour,Hors agglomération,Hors intersection,Normale,Deux véhicules - côté,,,,,,,,,,,1,1,1,1.0,3.0
201000005399,0010-05-08 17:00:00,10,5,8,17,0,170,189,,45.828,-1.044,Plein jour,Hors agglomération,Hors intersection,Normale,Deux véhicules - frontale,,,,,,,,,,,1,1,1,1.0,1.0
201000005400,0010-05-16 10:45:00,10,5,16,10,45,170,58,,45.84,-1.132,Plein jour,Hors agglomération,Hors intersection,Normale,Deux véhicules - côté,,,,,,,,,,,1,1,1,1.0,3.0
201000005401,0010-08-03 16:30:00,10,8,3,16,30,170,219,,45.831,-1.093,Plein jour,Hors agglomération,Hors intersection,Temps éblouissant,Deux véhicules - frontale,,,,,,,,,,,1,1,1,7.0,1.0
201000005402,0010-08-05 08:00:00,10,8,5,8,0,170,58,,,,Plein jour,Hors agglomération,Hors intersection,Normale,Deux véhicules - frontale,,,,,,,,,,,1,1,1,1.0,1.0
201000005403,0010-08-23 15:45:00,10,8,23,15,45,170,58,,45.844,-1.147,Plein jour,Hors agglomération,Hors intersection,Normale,Trois véhicules et plus - en chaîne,,,,,,,,,,,1,1,1,1.0,4.0
201000005404,0010-09-21 18:30:00,10,9,21,18,30,170,406,,45.768,-0.979,Plein jour,Hors agglomération,Hors intersection,Normale,Deux véhicules - frontale,,,,,,,,,,,1,1,1,1.0,1.0
201000005405,0010-10-18 09:15:00,10,10,18,9,15,170,351,,,,Plein jour,Hors agglomération,Hors intersection,Normale,Deux véhicules - frontale,,,,,,,,,,,1,1,1,1.0,1.0
201000005406,0010-10-25 16:00:00,10,10,25,16,0,170,406,,,,Plein jour,Hors agglomération,Hors intersection,Normale,Deux véhicules - frontale,,,,,,,,,,,1,1,1,1.0,1.0
201000005407,0010-12-11 09:15:00,10,12,11,9,15,170,58,,,,Plein jour,Hors agglomération,Autre intersection,Autre,Deux véhicules - arrière,,,,,,,,,,,1,1,9,9.0,2.0
201000005408,0010-08-13 19:15:00,10,8,13,19,15,170,429,,,,Plein jour,Hors agglomération,Intersection en X,Normale,Deux véhicules - côté,,,,,,,,,,,1,1,2,1.0,3.0
201000005409,0010-08-21 20:00:00,10,8,21,20,0,170,375,RUE DES ECOLES FACE N°17,,,Plein jour,En agglomération,Hors intersection,Normale,Autre collision,,,,,,,,,,,1,2,1,1.0,6.0
201000005410,0010-09-08 17:45:00,10,9,8,17,45,170,308,,,,Plein jour,Hors agglomération,Hors intersection,Normale,Autre collision,,,,,,,,,,,1,1,1,1.0,6.0
201000005411,0010-11-23 17:45:00,10,11,23,17,45,170,308,RUE DU STADE,,,Crépuscule ou aube,En agglomération,Hors intersection,Normale,Deux véhicules - frontale,,,,,,,,,,,2,2,1,1.0,1.0
201000005412,0010-12-04 11:45:00,10,12,4,11,45,170,83,,,,Plein jour,Hors agglomération,Hors intersection,Neige / grêle,Deux véhicules - côté,,,,,,,,,,,1,1,1,4.0,3.0
201000005413,0010-02-10 19:00:00,10,2,10,19,0,170,385,LA DRESSERIE,,,Nuit avec éclairage allumé,En agglomération,Autre intersection,Temps couvert,Deux véhicules - frontale,,,,,,,,,,,5,2,9,8.0,1.0
201000005414,0010-04-10 21:15:00,10,4,10,21,15,170,385,"21, rue des grands couta",,,Nuit sans éclairage public,En agglomération,Hors intersection,Normale,Autre collision,,,,,,,,,,,3,2,1,1.0,6.0
201000005415,0010-04-14 21:15:00,10,4,14,21,15,170,385,,,,Nuit avec éclairage allumé,Hors agglomération,Hors intersection,Normale,Deux véhicules - côté,,,,,,,,,,,5,1,1,1.0,3.0
201000005416,0010-05-14 19:00:00,10,5,14,19,0,170,323,Place Verdun,,,Plein jour,En agglomération,Hors intersection,Normale,Sans collision,,,,,,,,,,,1,2,1,1.0,7.0
201000005417,0010-06-02 14:30:00,10,6,2,14,30,170,337,Chéray,45.976,-1.35,Plein jour,En agglomération,Hors intersection,Normale,Deux véhicules - frontale,,,,,,,,,,,1,2,1,1.0,1.0
201000005418,0010-06-06 07:00:00,10,6,6,7,0,170,385,,45.929,-1.343,Plein jour,Hors agglomération,Hors intersection,Normale,Autre collision,,,,,,,,,,,1,1,1,1.0,6.0
201000005419,0010-06-05 12:30:00,10,6,5,12,30,170,385,,,,Plein jour,Hors agglomération,Hors intersection,Normale,Autre collision,,,,,,,,,,,1,1,1,1.0,6.0
201000005420,0010-06-08 17:00:00,10,6,8,17,0,170,323,RUE DE LORMEAU,,,Plein jour,En agglomération,Hors intersection,Normale,Deux véhicules - côté,,,,,,,,,,,1,2,1,1.0,3.0
201000005421,0010-06-18 09:45:00,10,6,18,9,45,170,486,rue des Ardillières,,,Plein jour,En agglomération,Intersection en X,Normale,Deux véhicules - frontale,,,,,,,,,,,1,2,2,1.0,1.0
201000005422,0010-06-30 12:15:00,10,6,30,12,15,170,337,,45.966,-1.321,Plein jour,Hors agglomération,Hors intersection,Normale,Deux véhicules - frontale,,,,,,,,,,,1,1,1,1.0,1.0
201000005423,0010-06-30 15:30:00,10,6,30,15,30,170,486,,46.0,-1.362,Plein jour,Hors agglomération,Hors intersection,Normale,Deux véhicules - frontale,,,,,,,,,,,1,1,1,1.0,1.0
201000005424,0010-07-04 08:45:00,10,7,4,8,45,170,140,ROUTE DES HUITRES,,,Plein jour,En agglomération,Hors intersection,Normale,Autre collision,,,,,,,,,,,1,2,1,1.0,6.0
201000005425,0010-07-05 19:45:00,10,7,5,19,45,170,411,BD CAMILLE CHABANNE,,,Plein jour,En agglomération,Hors intersection,Normale,Deux véhicules - frontale,,,,,,,,,,,1,2,1,1.0,1.0
201000005426,0010-07-16 13:30:00,10,7,16,13,30,170,486,RD 273 E - rue du Moulin,,,Plein jour,En agglomération,Hors intersection,Normale,Sans collision,,,,,,,,,,,1,2,1,1.0,7.0
201000005427,0010-07-18 15:45:00,10,7,18,15,45,170,385,,45.918,-1.299,Plein jour,Hors agglomération,Hors intersection,Normale,Deux véhicules - côté,,,,,,,,,,,1,1,1,1.0,3.0
201000005428,0010-07-18 19:15:00,10,7,18,19,15,170,140,d734,45.909,-1.257,Plein jour,En agglomération,Hors intersection,Normale,Sans collision,,,,,,,,,,,1,2,1,1.0,7.0
201000005429,0010-07-22 21:00:00,10,7,22,21,0,170,385,,,,Crépuscule ou aube,Hors agglomération,Hors intersection,Normale,Deux véhicules - frontale,,,,,,,,,,,2,1,1,1.0,1.0
201000005430,0010-07-28 11:15:00,10,7,28,11,15,170,411,,,,Plein jour,En agglomération,Hors intersection,Normale,Deux véhicules - côté,,,,,,,,,,,1,2,1,1.0,3.0
201000005431,0010-08-04 09:00:00,10,8,4,9,0,170,323,rue de la Muse,,,Plein jour,En agglomération,Hors intersection,Normale,Deux véhicules - côté,,,,,,,,,,,1,2,1,1.0,3.0
201000005432,0010-08-17 15:45:00,10,8,17,15,45,170,93,,,,Plein jour,Hors agglomération,Hors intersection,Normale,Deux véhicules - frontale,,,,,,,,,,,1,1,1,1.0,1.0
201000005433,0010-08-20 13:15:00,10,8,20,13,15,170,411,Avenue des bris,45.841,-1.208,Plein jour,En agglomération,Hors intersection,Normale,Deux véhicules - côté,,,,,,,,,,,1,2,1,1.0,3.0
201000005434,0010-08-23 14:45:00,10,8,23,14,45,170,337,,45.976,-1.308,Plein jour,Hors agglomération,Hors intersection,Normale,Deux véhicules - frontale,,,,,,,,,,,1,1,1,1.0,1.0
201000005435,0010-09-03 10:15:00,10,9,3,10,15,170,385,,,,Plein jour,Hors agglomération,Hors intersection,Normale,Autre collision,,,,,,,,,,,1,1,1,1.0,6.0
201000005436,0010-09-08 15:30:00,10,9,8,15,30,170,337,,,,Plein jour,Hors agglomération,Hors intersection,Normale,Deux véhicules - côté,,,,,,,,,,,1,1,1,1.0,3.0
201000005437,0010-10-10 18:00:00,10,10,10,18,0,170,385,PORT DE LA COTINIERE,,,Plein jour,En agglomération,Hors intersection,Normale,Deux véhicules - côté,,,,,,,,,,,1,2,1,1.0,3.0
201000005438,0010-10-20 09:30:00,10,10,20,9,30,170,93,,45.87,-1.199,Plein jour,Hors agglomération,Intersection en T,Normale,Deux véhicules - côté,,,,,,,,,,,1,1,3,1.0,3.0
201000005439,0010-11-10 11:15:00,10,11,10,11,15,170,93,carrefour rue de bel air,45.89,-1.206,Plein jour,En agglomération,Hors intersection,Normale,Deux véhicules - frontale,,,,,,,,,,,1,2,1,1.0,1.0
201000005440,0010-11-16 09:30:00,10,11,16,9,30,170,323,,,,Plein jour,Hors agglomération,Intersection en X,Temps éblouissant,Deux véhicules - côté,,,,,,,,,,,1,1,2,7.0,3.0
201000005441,0010-12-10 15:30:00,10,12,10,15,30,170,385,,,,Plein jour,Hors agglomération,Hors intersection,Normale,Deux véhicules - frontale,,,,,,,,,,,1,1,1,1.0,1.0
201000005442,0010-12-22 16:15:00,10,12,22,16,15,170,140,"""La Jarrie""",,,Plein jour,En agglomération,Autre intersection,Pluie légère,Deux véhicules - côté,,,,,,,,,,,1,2,9,2.0,3.0
201000005443,0010-01-20 21:15:00,10,1,20,21,15,170,409,,,,Nuit sans éclairage public,Hors agglomération,Hors intersection,Pluie légère,Deux véhicules - côté,,,,,,,,,,,3,1,1,2.0,3.0
201000005444,0010-01-24 02:45:00,10,1,24,2,45,170,452,,45.782,-1.164,Nuit sans éclairage public,Hors agglomération,Hors intersection,Pluie légère,Autre collision,,,,,,,,,,,3,1,1,2.0,6.0
201000005445,0010-01-29 16:30:00,10,1,29,16,30,170,247,,45.708,-1.034,Plein jour,Hors agglomération,Hors intersection,Temps couvert,Deux véhicules - frontale,,,,,,,,,,,1,1,1,8.0,1.0
201000005446,0010-02-02 18:15:00,10,2,2,18,15,170,21,,,,Plein jour,Hors agglomération,Giratoire,Normale,Deux véhicules - côté,,,,,,,,,,,1,1,6,1.0,3.0
201000005447,0010-03-06 17:15:00,10,3,6,17,15,170,452,,45.792,-1.213,Plein jour,Hors agglomération,Hors intersection,Normale,Deux véhicules - arrière,,,,,,,,,,,1,1,1,1.0,2.0
201000005448,0010-03-09 15:45:00,10,3,9,15,45,170,225,,45.73,-1.138,Plein jour,Hors agglomération,Hors intersection,Normale,Sans collision,,,,,,,,,,,1,1,1,1.0,7.0
201000005449,0010-03-27 18:45:00,10,3,27,18,45,170,21,rue des tonnelles,,,Crépuscule ou aube,En agglomération,Intersection en X,Normale,Deux véhicules - côté,,,,,,,,,,,2,2,2,1.0,3.0
201000005450,0010-04-12 10:30:00,10,4,12,10,30,170,409,route de Rochefort,45.678,-1.00899,Plein jour,En agglomération,Hors intersection,Normale,Sans collision,,,,,,,,,,,1,2,1,1.0,7.0
201000005451,0010-04-17 16:00:00,10,4,17,16,0,170,452,,45.774,-1.141,Plein jour,En agglomération,Hors intersection,Normale,Deux véhicules - côté,,,,,,,,,,,1,2,1,1.0,3.0
201000005452,0010-04-21 14:15:00,10,4,21,14,15,170,64,,,,Plein jour,Hors agglomération,Hors intersection,Normale,Deux véhicules - côté,,,,,,,,,,,1,1,1,1.0,3.0
201000005453,0010-06-16 08:00:00,10,6,16,8,0,170,409,,45.674,-1.006,Plein jour,Hors agglomération,Hors intersection,Pluie forte,Deux véhicules - frontale,,,,,,,,,,,1,1,1,3.0,1.0
201000005454,0010-07-24 19:00:00,10,7,24,19,0,170,151,CARF D733 ET RUE DU TEMP,,,Plein jour,En agglomération,Hors intersection,Normale,Deux véhicules - côté,,,,,,,,,,,1,2,1,1.0,3.0
201000005455,0010-07-24 18:45:00,10,7,24,18,45,170,225,,,,Plein jour,Hors agglomération,Hors intersection,Normale,Deux véhicules - arrière,,,,,,,,,,,1,1,1,1.0,2.0
201000005456,0010-07-31 20:15:00,10,7,31,20,15,170,452,AVENUE GABRIELLE,,,Plein jour,En agglomération,Hors intersection,Normale,Autre collision,,,,,,,,,,,1,2,1,1.0,6.0
201000005457,0010-08-01 17:30:00,10,8,1,17,30,170,452,,,,Plein jour,Hors agglomération,Hors intersection,Normale,Trois véhicules et plus - collisions multiples,,,,,,,,,,,1,1,1,1.0,5.0
201000005458,0010-08-21 06:00:00,10,8,21,6,0,170,409,,,,Nuit sans éclairage public,Hors agglomération,Hors intersection,Brouillard / fumée,Autre collision,,,,,,,,,,,3,1,1,5.0,6.0
201000005459,0010-08-25 21:15:00,10,8,25,21,15,170,452,,45.764,-1.157,Crépuscule ou aube,Hors agglomération,Hors intersection,Normale,Deux véhicules - côté,,,,,,,,,,,2,1,1,1.0,3.0
201000005460,0010-09-01 20:15:00,10,9,1,20,15,170,64,,45.688,-1.03699,Plein jour,Hors agglomération,Hors intersection,Normale,Sans collision,,,,,,,,,,,1,1,1,1.0,7.0
201000005461,0010-10-07 17:15:00,10,10,7,17,15,170,64,D14 - route du margarin,45.7,-1.04499,Plein jour,En agglomération,Hors intersection,Temps éblouissant,Deux véhicules - côté,,,,,,,,,,,1,2,1,7.0,3.0
201000005462,0010-11-17 14:30:00,10,11,17,14,30,170,64,,45.689,-1.057,Plein jour,Hors agglomération,Hors intersection,Pluie forte,Deux véhicules - côté,,,,,,,,,,,1,1,1,3.0,3.0
201000005463,0010-03-05 11:30:00,10,3,5,11,30,170,463,,45.979,-0.991,Plein jour,Hors agglomération,Hors intersection,Normale,Trois véhicules et plus - en chaîne,,,,,,,,,,,1,1,1,1.0,4.0
201000005464,0010-04-15 22:15:00,10,4,15,22,15,170,168,Rue Pierre Brossolette,45.989,-1.085,Nuit avec éclairage allumé,En agglomération,Hors intersection,Normale,Deux véhicules - côté,,,,,,,,,,,5,2,1,1.0,3.0
201000005465,0010-05-14 22:15:00,10,5,14,22,15,170,346,,45.925,-0.884,Nuit sans éclairage public,Hors agglomération,Hors intersection,Normale,Deux véhicules - arrière,,,,,,,,,,,3,1,1,1.0,2.0
201000005466,0010-05-24 16:00:00,10,5,24,16,0,170,483,,46.033,-1.048,Plein jour,Hors agglomération,Hors intersection,Normale,Deux véhicules - côté,,,,,,,,,,,1,1,1,1.0,3.0
201000005467,0010-07-18 02:15:00,10,7,18,2,15,170,4,,,,Nuit avec éclairage allumé,Hors agglomération,Hors intersection,Normale,Deux véhicules - frontale,,,,,,,,,,,5,1,1,1.0,1.0
201000005468,0010-07-30 19:15:00,10,7,30,19,15,170,346,,45.923,-0.9,Plein jour,Hors agglomération,Hors intersection,Normale,Autre collision,,,,,,,,,,,1,1,1,1.0,6.0
201000005469,0010-08-07 17:30:00,10,8,7,17,30,170,65,,45.986,-0.954,Plein jour,Hors agglomération,Hors intersection,Normale,Deux véhicules - côté,,,,,,,,,,,1,1,1,1.0,3.0
201000005470,0010-08-09 16:00:00,10,8,9,16,0,170,353,,,,Plein jour,Hors agglomération,Hors intersection,Normale,Trois véhicules et plus - collisions multiples,,,,,,,,,,,1,1,1,1.0,5.0
201000005471,0010-08-15 10:45:00,10,8,15,10,45,170,75,,,,Plein jour,Hors agglomération,Hors intersection,Normale,Deux véhicules - frontale,,,,,,,,,,,1,1,1,1.0,1.0
201000005472,0010-09-12 06:30:00,10,9,12,6,30,170,216,,,,Nuit sans éclairage public,Hors agglomération,Hors intersection,Normale,Autre collision,,,,,,,,,,,3,1,1,1.0,6.0
201000005473,0010-09-26 14:45:00,10,9,26,14,45,170,253,N° 08 rue de la mare,46.018,-0.862,Plein jour,En agglomération,Hors intersection,Normale,Sans collision,,,,,,,,,,,1,2,1,1.0,7.0
201000005474,0010-09-27 19:15:00,10,9,27,19,15,170,75,,45.93,-0.844,Crépuscule ou aube,Hors agglomération,Hors intersection,Normale,Sans collision,,,,,,,,,,,2,1,1,1.0,7.0
201000005475,0010-11-28 07:00:00,10,11,28,7,0,170,253,,,,Nuit sans éclairage public,Hors agglomération,Hors intersection,Normale,Sans collision,,,,,,,,,,,3,1,1,1.0,7.0
201000005476,0010-03-06 11:45:00,10,3,6,11,45,170,80,,,,Plein jour,Hors agglomération,Hors intersection,Normale,Sans collision,,,,,,,,,,,1,1,1,1.0,7.0
201000005477,0010-03-05 15:15:00,10,3,5,15,15,170,3,,,,Plein jour,Hors agglomération,Hors intersection,Normale,Autre collision,,,,,,,,,,,1,1,1,1.0,6.0
201000005478,0010-04-10 19:30:00,10,4,10,19,30,170,57,,,,Plein jour,Hors agglomération,Intersection en X,Normale,Deux véhicules - côté,,,,,,,,,,,1,1,2,1.0,3.0
201000005479,0010-04-13 21:00:00,10,4,13,21,0,170,57,,,,Nuit sans éclairage public,Hors agglomération,Hors intersection,Normale,Deux véhicules - frontale,,,,,,,,,,,3,1,1,1.0,1.0
201000005480,0010-05-04 21:00:00,10,5,4,21,0,170,340,,,,Crépuscule ou aube,Hors agglomération,Hors intersection,Normale,Autre collision,,,,,,,,,,,2,1,1,1.0,6.0
201000005481,0010-05-10 22:00:00,10,5,10,22,0,170,359,,,,Crépuscule ou aube,Hors agglomération,Hors intersection,Normale,Deux véhicules - côté,,,,,,,,,,,2,1,1,1.0,3.0
201000005482,0010-06-23 15:00:00,10,6,23,15,0,170,482,,,,Plein jour,Hors agglomération,Hors intersection,Normale,Autre collision,,,,,,,,,,,1,1,1,1.0,6.0
201000005483,0010-06-30 18:15:00,10,6,30,18,15,170,434,"40, rue O. Brillouet",,,Plein jour,En agglomération,Hors intersection,Normale,Deux véhicules - côté,,,,,,,,,,,1,2,1,1.0,3.0
201000005484,0010-07-07 19:45:00,10,7,7,19,45,170,394,,,,Plein jour,Hors agglomération,Intersection en X,Normale,Deux véhicules - côté,,,,,,,,,,,1,1,2,1.0,3.0
201000005485,0010-07-29 18:45:00,10,7,29,18,45,170,457,rue de verdun,,,Plein jour,En agglomération,Hors intersection,Normale,Autre collision,,,,,,,,,,,1,2,1,1.0,6.0
201000005486,0010-07-31 18:00:00,10,7,31,18,0,170,382,,,,Plein jour,Hors agglomération,Hors intersection,Normale,Deux véhicules - frontale,,,,,,,,,,,1,1,1,1.0,1.0
201000005487,0010-08-29 15:30:00,10,8,29,15,30,170,434,carrefour 939 bis et 911,,,Plein jour,En agglomération,Hors intersection,Normale,Deux véhicules - frontale,,,,,,,,,,,1,2,1,1.0,1.0
201000005488,0010-10-11 03:00:00,10,10,11,3,0,170,359,,,,Nuit sans éclairage public,Hors agglomération,Hors intersection,Normale,Sans collision,,,,,,,,,,,3,1,1,1.0,7.0
201000005489,0010-10-12 15:00:00,10,10,12,15,0,170,166,,,,Plein jour,Hors agglomération,Hors intersection,Normale,Deux véhicules - côté,,,,,,,,,,,1,1,1,1.0,3.0
201000005490,0010-10-21 14:30:00,10,10,21,14,30,170,457,ROUTE DE TONNAY BOUTONNE,,,Plein jour,En agglomération,Hors intersection,Normale,Autre collision,,,,,,,,,,,1,2,1,1.0,6.0
201000005491,0010-10-26 11:00:00,10,10,26,11,0,170,394,lieu dit Chabosse,,,Plein jour,En agglomération,Hors intersection,Normale,Autre collision,,,,,,,,,,,1,2,1,1.0,6.0
201000005492,0010-10-29 07:00:00,10,10,29,7,0,170,382,,,,Nuit sans éclairage public,Hors agglomération,Hors intersection,Pluie légère,Autre collision,,,,,,,,,,,3,1,1,2.0,6.0
201000005493,0010-12-17 19:30:00,10,12,17,19,30,170,359,,,,Nuit sans éclairage public,Hors agglomération,Hors intersection,Normale,Sans collision,,,,,,,,,,,3,1,1,1.0,7.0
201000005494,0010-12-17 12:30:00,10,12,17,12,30,170,203,,,,Plein jour,Hors agglomération,Intersection en X,Normale,Deux véhicules - côté,,,,,,,,,,,1,1,2,1.0,3.0
201000005495,0010-12-18 11:15:00,10,12,18,11,15,170,434,rue Denfert Rochereau,,,Plein jour,En agglomération,Hors intersection,Neige / grêle,Deux véhicules - côté,,,,,,,,,,,1,2,1,4.0,3.0
201000005496,0010-12-17 15:15:00,10,12,17,15,15,170,434,Av François Mitterand,,,Plein jour,En agglomération,Hors intersection,Normale,Deux véhicules - arrière,,,,,,,,,,,1,2,1,1.0,2.0
201000005497,0010-01-17 01:15:00,10,1,17,1,15,170,171,,,,Nuit sans éclairage public,Hors agglomération,Hors intersection,Normale,Autre collision,,,,,,,,,,,3,1,1,1.0,6.0