accident_id,datetime,annee,mois,jour,heure,minute,departement,commune_insee,adresse,latitude,longitude,luminosite,agglomeration,intersection,meteo,collision,nb_vehicules,nb_usagers,nb_indemnes,nb_tues,nb_blesses_hosp,nb_blesses_legers,age_cond_1,age_cond_2,veh_type_cond_1,veh_type_cond_2,lum_code,agg_code,int_code,atm_code,col_code
201000005498,0010-01-25 17:15:00,10,1,25,17,15,170,408,Route de l'Arnoult,,,Plein jour,En agglomération,Intersection en X,Normale,Deux véhicules - côté,,,,,,,,,,,1,2,2,1.0,3.0
201000005499,0010-02-27 21:15:00,10,2,27,21,15,170,89,rue de la république,,,Nuit avec éclairage allumé,En agglomération,Hors intersection,Pluie légère,Sans collision,,,,,,,,,,,5,2,1,2.0,7.0
201000005500,0010-03-05 23:45:00,10,3,5,23,45,170,336,,,,Nuit sans éclairage public,Hors agglomération,Hors intersection,Normale,Autre collision,,,,,,,,,,,3,1,1,1.0,6.0
201000005501,0010-04-23 10:15:00,10,4,23,10,15,170,387,,45.803,-0.742,Plein jour,Hors agglomération,Hors intersection,Normale,Deux véhicules - frontale,,,,,,,,,,,1,1,1,1.0,1.0
201000005502,0010-04-30 19:30:00,10,4,30,19,30,170,387,Rue pierre Loti,,,Plein jour,En agglomération,Intersection en T,Normale,Deux véhicules - côté,,,,,,,,,,,1,2,3,1.0,3.0
201000005503,0010-05-10 17:15:00,10,5,10,17,15,170,100,,45.71,-0.465,Plein jour,Hors agglomération,Hors intersection,Normale,Autre collision,,,,,,,,,,,1,1,1,1.0,6.0
201000005504,0010-06-04 17:00:00,10,6,4,17,0,170,453,,45.895,-0.914,Plein jour,Hors agglomération,Hors intersection,Normale,Deux véhicules - frontale,,,,,,,,,,,1,1,1,1.0,1.0
201000005505,0010-06-20 08:45:00,10,6,20,8,45,170,275,,,,Plein jour,Hors agglomération,Hors intersection,Normale,Autre collision,,,,,,,,,,,1,1,1,1.0,6.0
201000005506,0010-06-27 14:45:00,10,6,27,14,45,170,147,,,,Plein jour,Hors agglomération,Hors intersection,Temps éblouissant,Deux véhicules - frontale,,,,,,,,,,,1,1,1,7.0,1.0
201000005507,0010-07-20 13:00:00,10,7,20,13,0,170,387,,45.817,-0.795,Plein jour,Hors agglomération,Hors intersection,Normale,Deux véhicules - côté,,,,,,,,,,,1,1,1,1.0,3.0
201000005508,0010-07-24 00:30:00,10,7,24,0,30,170,154,,45.802,-0.773,Nuit sans éclairage public,Hors agglomération,Hors intersection,Normale,Deux véhicules - frontale,,,,,,,,,,,3,1,1,1.0,1.0
201000005509,0010-07-28 18:45:00,10,7,28,18,45,170,330,,45.75,-0.914,Plein jour,Hors agglomération,Hors intersection,Normale,Deux véhicules - frontale,,,,,,,,,,,1,1,1,1.0,1.0
201000005510,0010-07-29 15:45:00,10,7,29,15,45,170,179,,,,Plein jour,Hors agglomération,Hors intersection,Normale,Deux véhicules - frontale,,,,,,,,,,,1,1,1,1.0,1.0
201000005511,0010-07-30 05:00:00,10,7,30,5,0,170,453,Rue de la Renaissance,45.909,-0.921,Nuit avec éclairage non allumé,En agglomération,Hors intersection,Normale,Autre collision,,,,,,,,,,,4,2,1,1.0,6.0
201000005512,0010-08-08 11:45:00,10,8,8,11,45,170,330,,45.755,-0.912,Plein jour,Hors agglomération,Hors intersection,Normale,Deux véhicules - côté,,,,,,,,,,,1,1,1,1.0,3.0
201000005513,0010-08-29 22:00:00,10,8,29,22,0,170,83,22 avenue René CAILLE,,,Nuit sans éclairage public,En agglomération,Hors intersection,Normale,Autre collision,,,,,,,,,,,3,2,1,1.0,6.0
201000005514,0010-09-16 13:00:00,10,9,16,13,0,170,141,,,,Plein jour,Hors agglomération,Hors intersection,Normale,Deux véhicules - frontale,,,,,,,,,,,1,1,1,1.0,1.0
201000005515,0010-09-18 01:45:00,10,9,18,1,45,170,302,,,,Nuit sans éclairage public,Hors agglomération,Hors intersection,Normale,Sans collision,,,,,,,,,,,3,1,1,1.0,7.0
201000005516,0010-09-10 17:45:00,10,9,10,17,45,170,147,,45.838,-0.493,Plein jour,Hors agglomération,Hors intersection,Normale,Deux véhicules - côté,,,,,,,,,,,1,1,1,1.0,3.0
201000005517,0010-09-26 02:45:00,10,9,26,2,45,170,164,,,,Nuit avec éclairage allumé,Hors agglomération,Hors intersection,Normale,Autre collision,,,,,,,,,,,5,1,1,1.0,6.0
201000005518,0010-09-27 11:15:00,10,9,27,11,15,170,389,,45.846,-0.857,Plein jour,Hors agglomération,Intersection en X,Normale,Deux véhicules - frontale,,,,,,,,,,,1,1,2,1.0,1.0
201000005519,0010-10-31 23:45:00,10,10,31,23,45,170,444,,,,Nuit sans éclairage public,Hors agglomération,Hors intersection,Normale,Sans collision,,,,,,,,,,,3,1,1,1.0,7.0
201000005520,0010-11-01 11:45:00,10,11,1,11,45,170,89,Le Plantis des Landes,,,Plein jour,En agglomération,Hors intersection,Pluie légère,Sans collision,,,,,,,,,,,1,2,1,2.0,7.0
201000005521,0010-11-16 17:30:00,10,11,16,17,30,170,395,,45.752,-0.509,Crépuscule ou aube,Hors agglomération,Hors intersection,Temps couvert,Sans collision,,,,,,,,,,,2,1,1,8.0,7.0
201000005522,0010-12-08 19:45:00,10,12,8,19,45,170,86,,,,Nuit sans éclairage public,Hors agglomération,Hors intersection,Normale,Autre collision,,,,,,,,,,,3,1,1,1.0,6.0
201000005523,0010-02-17 04:30:00,10,2,17,4,30,170,220,,,,Nuit sans éclairage public,Hors agglomération,Hors intersection,Pluie légère,Autre collision,,,,,,,,,,,3,1,1,2.0,6.0
201000005524,0010-04-25 02:30:00,10,4,25,2,30,170,56,,,,Nuit avec éclairage non allumé,Hors agglomération,Hors intersection,Normale,Autre collision,,,,,,,,,,,4,1,1,1.0,6.0
201000005525,0010-06-08 07:45:00,10,6,8,7,45,170,469,,45.602,-0.635,Plein jour,Hors agglomération,Intersection en X,Temps couvert,Deux véhicules - côté,,,,,,,,,,,1,1,2,8.0,3.0
201000005526,0010-08-05 11:30:00,10,8,5,11,30,170,296,Route de Cozes,,,Plein jour,En agglomération,Hors intersection,Normale,Deux véhicules - frontale,,,,,,,,,,,1,2,1,1.0,1.0
201000005527,0010-10-07 16:30:00,10,10,7,16,30,170,172,,,,Plein jour,Hors agglomération,Hors intersection,Normale,Deux véhicules - côté,,,,,,,,,,,1,1,1,1.0,3.0
201000005528,0010-12-22 07:30:00,10,12,22,7,30,170,354,,,,Nuit sans éclairage public,Hors agglomération,Hors intersection,Pluie légère,Autre collision,,,,,,,,,,,3,1,1,2.0,6.0
201000005529,0010-01-17 07:45:00,10,1,17,7,45,170,228,,,,Crépuscule ou aube,Hors agglomération,Hors intersection,Normale,Deux véhicules - frontale,,,,,,,,,,,2,1,1,1.0,1.0
201000005530,0010-01-25 19:00:00,10,1,25,19,0,170,97,,,,Nuit sans éclairage public,Hors agglomération,Hors intersection,Normale,Deux véhicules - côté,,,,,,,,,,,3,1,1,1.0,3.0
201000005531,0010-03-09 14:45:00,10,3,9,14,45,170,393,,,,Plein jour,Hors agglomération,Hors intersection,Normale,Deux véhicules - frontale,,,,,,,,,,,1,1,1,1.0,1.0
201000005532,0010-06-06 14:45:00,10,6,6,14,45,170,421,Boulevard Pasteur,,,Plein jour,En agglomération,Hors intersection,Normale,Deux véhicules - frontale,,,,,,,,,,,1,2,1,1.0,1.0
201000005533,0010-06-24 19:00:00,10,6,24,19,0,170,421,D136,,,Plein jour,En agglomération,Autre intersection,Normale,Deux véhicules - côté,,,,,,,,,,,1,2,9,1.0,3.0
201000005534,0010-07-13 15:30:00,10,7,13,15,30,170,425,,,,Plein jour,Hors agglomération,Hors intersection,Normale,Trois véhicules et plus - collisions multiples,,,,,,,,,,,1,1,1,1.0,5.0
201000005535,0010-07-22 19:00:00,10,7,22,19,0,170,421,,,,Plein jour,En agglomération,Hors intersection,Normale,Deux véhicules - côté,,,,,,,,,,,1,2,1,1.0,3.0
201000005536,0010-07-26 06:45:00,10,7,26,6,45,170,307,rue de la Mairie,,,Plein jour,En agglomération,Hors intersection,Normale,Autre collision,,,,,,,,,,,1,2,1,1.0,6.0
201000005537,0010-08-16 18:30:00,10,8,16,18,30,170,425,ZA pré chardon,,,Plein jour,En agglomération,Hors intersection,Normale,Deux véhicules - côté,,,,,,,,,,,1,2,1,1.0,3.0
201000005538,0010-08-18 05:45:00,10,8,18,5,45,170,232,,,,Nuit sans éclairage public,Hors agglomération,Hors intersection,Pluie légère,Sans collision,,,,,,,,,,,3,1,1,2.0,7.0
201000005539,0010-09-04 22:30:00,10,9,4,22,30,170,230,,45.594,-0.925,Nuit sans éclairage public,Hors agglomération,Hors intersection,Normale,Autre collision,,,,,,,,,,,3,1,1,1.0,6.0
201000005540,0010-09-27 16:30:00,10,9,27,16,30,170,437,,,,Plein jour,Hors agglomération,Hors intersection,Normale,Deux véhicules - côté,,,,,,,,,,,1,1,1,1.0,3.0
201000005541,0010-10-26 12:30:00,10,10,26,12,30,170,228,rue des Pervenches,,,Plein jour,En agglomération,Hors intersection,Normale,Autre collision,,,,,,,,,,,1,2,1,1.0,6.0
201000005542,0010-11-20 21:30:00,10,11,20,21,30,170,97,lieu-dit Morgard CD 17,,,Nuit sans éclairage public,En agglomération,Hors intersection,Normale,Deux véhicules - arrière,,,,,,,,,,,3,2,1,1.0,2.0
201000005543,0010-12-18 13:00:00,10,12,18,13,0,170,119,,,,Plein jour,Hors agglomération,Hors intersection,Autre,Autre collision,,,,,,,,,,,1,1,1,9.0,6.0
201000005544,0010-01-25 18:00:00,10,1,25,18,0,170,448,GRANDE RUE,,,Nuit avec éclairage allumé,En agglomération,Hors intersection,Normale,Deux véhicules - frontale,,,,,,,,,,,5,2,1,1.0,1.0
201000005545,0010-02-20 17:45:00,10,2,20,17,45,170,436,cd 127- cd114,,,Plein jour,En agglomération,Hors intersection,Temps couvert,Deux véhicules - côté,,,,,,,,,,,1,2,1,8.0,3.0
201000005546,0010-03-12 22:00:00,10,3,12,22,0,170,459,,,,Nuit sans éclairage public,Hors agglomération,Hors intersection,Normale,Autre collision,,,,,,,,,,,3,1,1,1.0,6.0
201000005547,0010-03-12 16:15:00,10,3,12,16,15,170,53,,,,Plein jour,Hors agglomération,Intersection en X,Normale,Deux véhicules - côté,,,,,,,,,,,1,1,2,1.0,3.0
201000005548,0010-03-13 13:30:00,10,3,13,13,30,170,347,27 faubourg de niort,45.95,-0.51,Plein jour,En agglomération,Hors intersection,Normale,Deux véhicules - frontale,,,,,,,,,,,1,2,1,1.0,1.0
201000005549,0010-03-26 18:30:00,10,3,26,18,30,170,277,rue de l'église,45.99,-0.52,Plein jour,En agglomération,Hors intersection,Normale,Autre collision,,,,,,,,,,,1,2,1,1.0,6.0
201000005550,0010-03-27 02:15:00,10,3,27,2,15,170,397,,,,Nuit avec éclairage non allumé,En agglomération,Hors intersection,Vent fort / tempête,Autre collision,,,,,,,,,,,4,2,1,6.0,6.0
201000005551,0010-03-29 11:15:00,10,3,29,11,15,170,347,route de Saintes,45.93,-0.52,Plein jour,En agglomération,Hors intersection,Normale,Autre collision,,,,,,,,,,,1,2,1,1.0,6.0
201000005552,0010-04-18 17:30:00,10,4,18,17,30,170,347,Avenue Aliénor Aquitaine,,,Plein jour,En agglomération,Intersection en T,Normale,Deux véhicules - côté,,,,,,,,,,,1,2,3,1.0,3.0
201000005553,0010-05-08 15:00:00,10,5,8,15,0,170,350,,,,Plein jour,Hors agglomération,Hors intersection,Normale,Deux véhicules - frontale,,,,,,,,,,,1,1,1,1.0,1.0
201000005554,0010-05-22 14:00:00,10,5,22,14,0,170,350,,,,Plein jour,Hors agglomération,Intersection en X,Normale,Deux véhicules - côté,,,,,,,,,,,1,1,2,1.0,3.0
201000005555,0010-06-21 11:15:00,10,6,21,11,15,170,292,,45.969,-0.73,Plein jour,Hors agglomération,Hors intersection,Normale,Sans collision,,,,,,,,,,,1,1,1,1.0,7.0
201000005556,0010-07-23 18:45:00,10,7,23,18,45,170,450,,,,Plein jour,Hors agglomération,Hors intersection,Normale,Autre collision,,,,,,,,,,,1,1,1,1.0,6.0
201000005557,0010-07-28 07:15:00,10,7,28,7,15,170,347,,45.927,-0.513,Plein jour,Hors agglomération,Hors intersection,Normale,Deux véhicules - arrière,,,,,,,,,,,1,1,1,1.0,2.0
201000005558,0010-09-07 19:45:00,10,9,7,19,45,170,13,,,,Plein jour,Hors agglomération,Hors intersection,Normale,Deux véhicules - frontale,,,,,,,,,,,1,1,1,1.0,1.0
201000005559,0010-11-02 18:15:00,10,11,2,18,15,170,40,,,,Nuit avec éclairage non allumé,En agglomération,Hors intersection,Pluie forte,Deux véhicules - arrière,,,,,,,,,,,4,2,1,3.0,2.0
201000005560,0010-11-13 22:45:00,10,11,13,22,45,170,266,,45.955,-0.622,Nuit sans éclairage public,Hors agglomération,Hors intersection,Temps couvert,Autre collision,,,,,,,,,,,3,1,1,8.0,6.0
201000005561,0010-11-20 17:15:00,10,11,20,17,15,170,22,,45.891,-0.512,Crépuscule ou aube,Hors agglomération,Hors intersection,Normale,Deux véhicules - côté,,,,,,,,,,,2,1,1,1.0,3.0
201000005562,0010-12-09 19:45:00,10,12,9,19,45,170,150,D218,45.994,-0.444,Nuit sans éclairage public,En agglomération,Hors intersection,Normale,Autre collision,,,,,,,,,,,3,2,1,1.0,6.0
201000005563,0010-12-24 16:45:00,10,12,24,16,45,170,226,,,,Plein jour,Hors agglomération,Hors intersection,Normale,Deux véhicules - frontale,,,,,,,,,,,1,1,1,1.0,1.0
201000005564,0010-01-21 16:00:00,10,1,21,16,0,170,271,,45.994,-0.38,Plein jour,Hors agglomération,Hors intersection,Normale,Autre collision,,,,,,,,,,,1,1,1,1.0,6.0
201000005565,0010-06-18 21:00:00,10,6,18,21,0,170,188,,,,Plein jour,Hors agglomération,Hors intersection,Normale,Sans collision,,,,,,,,,,,1,1,1,1.0,7.0
201000005566,0010-06-24 17:45:00,10,6,24,17,45,170,384,,46.02,-0.45,Crépuscule ou aube,Hors agglomération,Hors intersection,Normale,Deux véhicules - frontale,,,,,,,,,,,2,1,1,1.0,1.0
201000005567,0010-06-28 09:00:00,10,6,28,9,0,170,471,,46.047,-0.34,Plein jour,Hors agglomération,Hors intersection,Normale,Trois véhicules et plus - collisions multiples,,,,,,,,,,,1,1,1,1.0,5.0
201000005568,0010-07-08 15:00:00,10,7,8,15,0,170,24,40 place A Briand,46.024,-0.347,Plein jour,En agglomération,Hors intersection,Normale,Autre collision,,,,,,,,,,,1,2,1,1.0,6.0
201000005569,0010-09-25 06:00:00,10,9,25,6,0,170,124,,,,Nuit sans éclairage public,Hors agglomération,Hors intersection,Normale,Sans collision,,,,,,,,,,,3,1,1,1.0,7.0
201000005570,0010-10-22 15:15:00,10,10,22,15,15,170,149,,,,Plein jour,Hors agglomération,Hors intersection,Normale,Deux véhicules - côté,,,,,,,,,,,1,1,1,1.0,3.0
201000005571,0010-11-22 11:45:00,10,11,22,11,45,170,211,rue du 8 mai 1945,46.05,-0.5,Plein jour,En agglomération,Hors intersection,Normale,Deux véhicules - frontale,,,,,,,,,,,1,2,1,1.0,1.0
201000005572,0010-01-20 03:00:00,10,1,20,3,0,170,48,,45.876,-0.359,Nuit sans éclairage public,Hors agglomération,Hors intersection,Temps couvert,Autre collision,,,,,,,,,,,3,1,1,8.0,6.0
201000005573,0010-07-25 11:00:00,10,7,25,11,0,170,48,,45.877,-0.336,Plein jour,Hors agglomération,Hors intersection,Normale,Deux véhicules - côté,,,,,,,,,,,1,1,1,1.0,3.0
201000005574,0010-08-08 18:45:00,10,8,8,18,45,170,290,,45.834,-0.36,Plein jour,Hors agglomération,Hors intersection,Normale,Deux véhicules - côté,,,,,,,,,,,1,1,1,1.0,3.0
201000005575,0010-10-24 11:45:00,10,10,24,11,45,170,224,,45.883,-0.316,Plein jour,Hors agglomération,Intersection en X,Temps couvert,Deux véhicules - côté,,,,,,,,,,,1,1,2,8.0,3.0
201000005576,0010-11-05 09:15:00,10,11,5,9,15,170,188,,45.877,-0.26,Plein jour,Hors agglomération,Hors intersection,Normale,Trois véhicules et plus - collisions multiples,,,,,,,,,,,1,1,1,1.0,5.0
201000005577,0010-01-13 08:30:00,10,1,13,8,30,790,109,,,,Crépuscule ou aube,Hors agglomération,Hors intersection,Temps couvert,Deux véhicules - frontale,,,,,,,,,,,2,1,1,8.0,1.0
201000005578,0010-02-03 15:15:00,10,2,3,15,15,790,109,,,,Plein jour,Hors agglomération,Hors intersection,Normale,Deux véhicules - frontale,,,,,,,,,,,1,1,1,1.0,1.0
201000005579,0010-03-03 20:45:00,10,3,3,20,45,790,59,LIEU-DIT LA BOURTIERE,,,Nuit sans éclairage public,Hors agglomération,Hors intersection,Normale,Autre collision,,,,,,,,,,,3,1,1,1.0,6.0
201000005580,0010-03-18 07:30:00,10,3,18,7,30,790,109,,,,Plein jour,Hors agglomération,Autre intersection,Normale,Deux véhicules - frontale,,,,,,,,,,,1,1,9,1.0,1.0
201000005581,0010-07-30 07:30:00,10,7,30,7,30,790,109,LD LA CHAUME ROUDE,,,Plein jour,Hors agglomération,Hors intersection,Normale,Deux véhicules - côté,,,,,,,,,,,1,1,1,1.0,3.0
201000005582,0010-08-05 06:15:00,10,8,5,6,15,790,249,,,,Crépuscule ou aube,Hors agglomération,Hors intersection,Normale,Sans collision,,,,,,,,,,,2,1,1,1.0,7.0
201000005583,0010-11-26 23:45:00,10,11,26,23,45,790,308,,,,Nuit sans éclairage public,Hors agglomération,Hors intersection,Normale,Sans collision,,,,,,,,,,,3,1,1,1.0,7.0
201000005584,0010-12-18 00:45:00,10,12,18,0,45,790,109,,,,Nuit sans éclairage public,Hors agglomération,Hors intersection,Normale,Autre collision,,,,,,,,,,,3,1,1,1.0,6.0
201000005585,0010-02-10 11:00:00,10,2,10,11,0,790,127,,,,Plein jour,Hors agglomération,Intersection en X,Normale,Deux véhicules - côté,,,,,,,,,,,1,1,2,1.0,3.0
201000005586,0010-03-10 15:45:00,10,3,10,15,45,790,137,LIEU-DIT LE GRIFFIER,,,Plein jour,Hors agglomération,Intersection en T,Normale,Deux véhicules - frontale,,,,,,,,,,,1,1,3,1.0,1.0
201000005587,0010-03-15 04:45:00,10,3,15,4,45,790,34,,,,Nuit sans éclairage public,Hors agglomération,Giratoire,Normale,Autre collision,,,,,,,,,,,3,1,6,1.0,6.0
201000005588,0010-03-22 08:00:00,10,3,22,8,0,790,166,,,,Plein jour,Hors agglomération,Hors intersection,Normale,Autre collision,,,,,,,,,,,1,1,1,1.0,6.0
201000005589,0010-03-31 12:00:00,10,3,31,12,0,790,130,,,,Plein jour,Hors agglomération,Intersection en X,Pluie légère,Deux véhicules - côté,,,,,,,,,,,1,1,2,2.0,3.0
201000005590,0010-04-16 07:45:00,10,4,16,7,45,790,130,RUE DU STADE,,,Plein jour,En agglomération,Intersection en X,Normale,Deux véhicules - côté,,,,,,,,,,,1,2,2,1.0,3.0
201000005591,0010-05-20 16:00:00,10,5,20,16,0,790,254,,,,Plein jour,Hors agglomération,Hors intersection,Normale,Deux véhicules - arrière,,,,,,,,,,,1,1,1,1.0,2.0
201000005592,0010-06-10 18:30:00,10,6,10,18,30,790,34,,,,Plein jour,Hors agglomération,Autre intersection,Pluie légère,Deux véhicules - arrière,,,,,,,,,,,1,1,9,2.0,2.0
201000005593,0010-07-07 22:15:00,10,7,7,22,15,790,130,,,,Nuit sans éclairage public,Hors agglomération,Hors intersection,Normale,Deux véhicules - frontale,,,,,,,,,,,3,1,1,1.0,1.0
201000005594,0010-07-10 03:30:00,10,7,10,3,30,790,78,,,,Nuit sans éclairage public,Hors agglomération,Hors intersection,Normale,Sans collision,,,,,,,,,,,3,1,1,1.0,7.0
201000005595,0010-07-10 03:00:00,10,7,10,3,0,790,3,,,,Nuit sans éclairage public,Hors agglomération,Intersection en X,Normale,Deux véhicules - côté,,,,,,,,,,,3,1,2,1.0,3.0
201000005596,0010-07-15 12:00:00,10,7,15,12,0,790,78,,,,Plein jour,Hors agglomération,Intersection en X,Normale,Deux véhicules - côté,,,,,,,,,,,1,1,2,1.0,3.0
201000005597,0010-08-12 20:45:00,10,8,12,20,45,790,355,,,,Crépuscule ou aube,Hors agglomération,Hors intersection,Normale,Sans collision,,,,,,,,,,,2,1,1,1.0,7.0
201000005598,0010-08-17 05:30:00,10,8,17,5,30,790,34,,,,Nuit sans éclairage public,Hors agglomération,Giratoire,Brouillard / fumée,Autre collision,,,,,,,,,,,3,1,6,5.0,6.0
201000005599,0010-11-13 20:00:00,10,11,13,20,0,790,220,,,,Nuit sans éclairage public,Hors agglomération,Hors intersection,Normale,Autre collision,,,,,,,,,,,3,1,1,1.0,6.0
201000005600,0010-12-18 06:15:00,10,12,18,6,15,790,100,LIEU-DIT BALANGER,,,Crépuscule ou aube,Hors agglomération,Hors intersection,Neige / grêle,Sans collision,,,,,,,,,,,2,1,1,4.0,7.0
201000005601,0010-02-07 00:45:00,10,2,7,0,45,790,270,17 RUE DU FBG CHARRAULT,,,Nuit avec éclairage allumé,En agglomération,Hors intersection,Normale,Autre collision,,,,,,,,,,,5,2,1,1.0,6.0
201000005602,0010-03-22 15:45:00,10,3,22,15,45,790,189,,,,Plein jour,Hors agglomération,Hors intersection,Normale,Deux véhicules - frontale,,,,,,,,,,,1,1,1,1.0,1.0
201000005603,0010-03-30 09:45:00,10,3,30,9,45,790,270,AV CHARLES DE GAULLE,,,Plein jour,En agglomération,Autre intersection,Pluie légère,Autre collision,,,,,,,,,,,1,2,9,2.0,6.0
201000005604,0010-04-23 15:30:00,10,4,23,15,30,790,283,2 RUE DE L'EGLISE,,,Plein jour,En agglomération,Hors intersection,Normale,Deux véhicules - frontale,,,,,,,,,,,1,2,1,1.0,1.0
201000005605,0010-05-10 10:45:00,10,5,10,10,45,790,184,,,,Plein jour,Hors agglomération,Hors intersection,Normale,Autre collision,,,,,,,,,,,1,1,1,1.0,6.0
201000005606,0010-05-14 05:45:00,10,5,14,5,45,790,302,,,,Crépuscule ou aube,Hors agglomération,Hors intersection,Normale,Autre collision,,,,,,,,,,,2,1,1,1.0,6.0
201000005607,0010-05-22 12:45:00,10,5,22,12,45,790,276,39 ROUTE DE SOIGNON,,,Plein jour,En agglomération,Hors intersection,Normale,Deux véhicules - frontale,,,,,,,,,,,1,2,1,1.0,1.0
201000005608,0010-05-18 08:30:00,10,5,18,8,30,790,270,RUE TAUPINEAU,,,Plein jour,En agglomération,Hors intersection,Normale,Autre collision,,,,,,,,,,,1,2,1,1.0,6.0
201000005609,0010-08-30 19:00:00,10,8,30,19,0,790,189,"LIEU-DIT ""LA FRAPINIERE""",,,Plein jour,Hors agglomération,Hors intersection,Normale,Deux véhicules - arrière,,,,,,,,,,,1,1,1,1.0,2.0
201000005610,0010-08-15 11:15:00,10,8,15,11,15,790,48,,,,Plein jour,Hors agglomération,Intersection en X,Normale,Deux véhicules - côté,,,,,,,,,,,1,1,2,1.0,3.0
201000005611,0010-08-27 06:15:00,10,8,27,6,15,790,189,,,,Nuit sans éclairage public,Hors agglomération,Hors intersection,Temps couvert,Autre collision,,,,,,,,,,,3,1,1,8.0,6.0
201000005612,0010-10-04 17:30:00,10,10,4,17,30,790,128,,,,Plein jour,Hors agglomération,Hors intersection,Pluie légère,Autre collision,,,,,,,,,,,1,1,1,2.0,6.0
201000005613,0010-10-16 05:15:00,10,10,16,5,15,790,48,LIEU-DIT KADORE,,,Nuit avec éclairage allumé,Hors agglomération,Hors intersection,Temps couvert,Autre collision,,,,,,,,,,,5,1,1,8.0,6.0
201000005614,0010-10-21 22:00:00,10,10,21,22,0,790,24,LIEU-DIT CERZEAU,,,Nuit sans éclairage public,Hors agglomération,Hors intersection,Normale,Sans collision,,,,,,,,,,,3,1,1,1.0,7.0
201000005615,0010-02-03 08:45:00,10,2,3,8,45,790,49,,,,Plein jour,Hors agglomération,Hors intersection,Normale,Deux véhicules - frontale,,,,,,,,,,,1,1,1,1.0,1.0
201000005616,0010-02-10 16:00:00,10,2,10,16,0,790,49,BD ALBERT 1ER,,,Plein jour,En agglomération,Hors intersection,Normale,Sans collision,,,,,,,,,,,1,2,1,1.0,7.0
201000005617,0010-02-16 12:00:00,10,2,16,12,0,790,49,39 BD DE GUEDEAU,,,Plein jour,En agglomération,Hors intersection,Temps éblouissant,Deux véhicules - arrière,,,,,,,,,,,1,2,1,7.0,2.0
201000005618,0010-03-02 19:45:00,10,3,2,19,45,790,49,BD DU MARECHAL JOFFRE,,,Nuit avec éclairage allumé,En agglomération,Hors intersection,Normale,Autre collision,,,,,,,,,,,5,2,1,1.0,6.0
201000005619,0010-04-12 22:00:00,10,4,12,22,0,790,49,BD ALEXANDRE 1ER,,,Nuit avec éclairage allumé,En agglomération,Intersection en X,Normale,Deux véhicules - côté,,,,,,,,,,,5,2,2,1.0,3.0
201000005620,0010-05-31 07:45:00,10,5,31,7,45,790,49,,,,Plein jour,Hors agglomération,Hors intersection,Pluie légère,Deux véhicules - côté,,,,,,,,,,,1,1,1,2.0,3.0
201000005621,0010-07-11 10:30:00,10,7,11,10,30,790,280,"LIEU DIT ""LES GRENIERS""",,,Plein jour,En agglomération,Hors intersection,Normale,Autre collision,,,,,,,,,,,1,2,1,1.0,6.0
201000005622,0010-08-27 12:15:00,10,8,27,12,15,790,49,"LIEU-DIT ""PALLAIN""",,,Plein jour,Hors agglomération,Hors intersection,Pluie légère,Deux véhicules - frontale,,,,,,,,,,,1,1,1,2.0,1.0
201000005623,0010-11-23 22:45:00,10,11,23,22,45,790,49,,,,Nuit sans éclairage public,Hors agglomération,Hors intersection,Normale,Autre collision,,,,,,,,,,,3,1,1,1.0,6.0
201000005624,0010-12-06 18:10:00,10,12,6,18,10,790,88,,,,Nuit sans éclairage public,Hors agglomération,Intersection en X,Brouillard / fumée,Deux véhicules - côté,,,,,,,,,,,3,1,2,5.0,3.0
201000005625,0010-01-07 12:15:00,10,1,7,12,15,790,195,35 RUE DE LA GARE,,,Plein jour,En agglomération,Hors intersection,Normale,Deux véhicules - frontale,,,,,,,,,,,1,2,1,1.0,1.0
201000005626,0010-02-25 07:00:00,10,2,25,7,0,790,207,,,,Nuit sans éclairage public,Hors agglomération,Hors intersection,Pluie légère,Deux véhicules - frontale,,,,,,,,,,,3,1,1,2.0,1.0
201000005627,0010-03-16 17:00:00,10,3,16,17,0,790,289,,,,Plein jour,Hors agglomération,Intersection en X,Normale,Deux véhicules - côté,,,,,,,,,,,1,1,2,1.0,3.0
201000005628,0010-04-01 04:30:00,10,4,1,4,30,790,123,LD LA ROCHE AU COU,,,Nuit sans éclairage public,Hors agglomération,Hors intersection,Normale,Autre collision,,,,,,,,,,,3,1,1,1.0,6.0
201000005629,0010-04-16 13:30:00,10,4,16,13,30,790,79,LD LE GRAND BOIS,,,Plein jour,Hors agglomération,Hors intersection,Normale,Trois véhicules et plus - collisions multiples,,,,,,,,,,,1,1,1,1.0,5.0
201000005630,0010-04-24 15:30:00,10,4,24,15,30,790,242,,,,Plein jour,Hors agglomération,Hors intersection,Normale,Deux véhicules - frontale,,,,,,,,,,,1,1,1,1.0,1.0
201000005631,0010-07-17 17:30:00,10,7,17,17,30,790,91,ROUTE DE CERIZAY,,,Plein jour,Hors agglomération,Intersection en Y,Normale,Deux véhicules - côté,,,,,,,,,,,1,1,4,1.0,3.0