accident_id,datetime,annee,mois,jour,heure,minute,departement,commune_insee,adresse,latitude,longitude,luminosite,agglomeration,intersection,meteo,collision,nb_vehicules,nb_usagers,nb_indemnes,nb_tues,nb_blesses_hosp,nb_blesses_legers,age_cond_1,age_cond_2,veh_type_cond_1,veh_type_cond_2,lum_code,agg_code,int_code,atm_code,col_code
201000005763,0010-06-06 07:00:00,10,6,6,7,0,870,126,ROND POINT D'OTETTIGEN,45.8376,0.84163,Crépuscule ou aube,En agglomération,Giratoire,Normale,Autre collision,,,,,,,,,,,2,2,6,1.0,6.0
201000005764,0010-06-12 19:30:00,10,6,12,19,30,870,154,,45.899,0.932,Plein jour,Hors agglomération,Hors intersection,Normale,Deux véhicules - frontale,,,,,,,,,,,1,1,1,1.0,1.0
201000005765,0010-08-04 15:15:00,10,8,4,15,15,870,154,ROND POINT DE CHANTEMERL,45.885,0.89401,Plein jour,En agglomération,Hors intersection,Normale,Deux véhicules - côté,,,,,,,,,,,1,2,1,1.0,3.0
201000005766,0010-08-06 13:15:00,10,8,6,13,15,870,185,,45.9012,1.00523,Plein jour,Hors agglomération,Hors intersection,Normale,Sans collision,,,,,,,,,,,1,1,1,1.0,7.0
201000005767,0010-09-11 21:45:00,10,9,11,21,45,870,30,,45.8529,0.86451,Crépuscule ou aube,Hors agglomération,Hors intersection,Normale,Deux véhicules - frontale,,,,,,,,,,,2,1,1,1.0,1.0
201000005768,0010-09-18 08:30:00,10,9,18,8,30,870,154,BOULEVARD LOUIS BLANC,,,Plein jour,En agglomération,Hors intersection,Normale,Autre collision,,,,,,,,,,,1,2,1,1.0,6.0
201000005769,0010-10-09 19:30:00,10,10,9,19,30,870,30,,45.8591,0.87537,Nuit avec éclairage non allumé,Hors agglomération,Hors intersection,Normale,Autre collision,,,,,,,,,,,4,1,1,1.0,6.0
201000005770,0010-11-04 19:45:00,10,11,4,19,45,870,154,,45.8883,0.87447,Nuit sans éclairage public,Hors agglomération,Hors intersection,Pluie légère,Deux véhicules - frontale,,,,,,,,,,,3,1,1,2.0,1.0
201000005771,0010-11-10 11:00:00,10,11,10,11,0,870,154,RUE LEONTINE,45.899,0.899,Plein jour,En agglomération,Hors intersection,Pluie légère,Deux véhicules - frontale,,,,,,,,,,,1,2,1,2.0,1.0
201000005772,0010-12-21 18:00:00,10,12,21,18,0,870,154,AVENUE SADI CARNOT,,,Nuit avec éclairage allumé,En agglomération,Hors intersection,Pluie légère,Autre collision,,,,,,,,,,,5,2,1,2.0,6.0
201000005773,0010-03-03 09:30:00,10,3,3,9,30,870,111,D901,45.7319,0.86937,Plein jour,En agglomération,Giratoire,Normale,Deux véhicules - côté,,,,,,,,,,,1,2,6,1.0,3.0
201000005774,0010-03-26 17:15:00,10,3,26,17,15,870,191,,45.7656,1.07254,Plein jour,Hors agglomération,Hors intersection,Normale,Autre collision,,,,,,,,,,,1,1,1,1.0,6.0
201000005775,0010-04-24 15:45:00,10,4,24,15,45,870,168,,45.7305,0.7841,Plein jour,Hors agglomération,Hors intersection,Normale,Autre collision,,,,,,,,,,,1,1,1,1.0,6.0
201000005776,0010-05-14 11:15:00,10,5,14,11,15,870,111,AVENUE DU 8 MAI 1945,45.7296,0.86917,Plein jour,En agglomération,Intersection en X,Normale,Deux véhicules - côté,,,,,,,,,,,1,2,2,1.0,3.0
201000005777,0010-06-24 19:30:00,10,6,24,19,30,870,191,,45.7654,1.08867,Plein jour,Hors agglomération,Hors intersection,Normale,Deux véhicules - frontale,,,,,,,,,,,1,1,1,1.0,1.0
201000005778,0010-08-01 09:15:00,10,8,1,9,15,870,34,,45.7217,0.90747,Plein jour,Hors agglomération,Intersection en X,Normale,Deux véhicules - côté,,,,,,,,,,,1,1,2,1.0,3.0
201000005779,0010-08-29 22:30:00,10,8,29,22,30,870,46,,,,Nuit sans éclairage public,Hors agglomération,Hors intersection,Normale,Autre collision,,,,,,,,,,,3,1,1,1.0,6.0
201000005780,0010-11-22 19:00:00,10,11,22,19,0,870,168,,,,Crépuscule ou aube,Hors agglomération,Hors intersection,Normale,Deux véhicules - frontale,,,,,,,,,,,2,1,1,1.0,1.0
201000005781,0010-03-19 20:30:00,10,3,19,20,30,190,82,les alleux,45.27304,1.66982,Nuit sans éclairage public,Hors agglomération,Hors intersection,Temps couvert,Deux véhicules - frontale,,,,,,,,,,,3,1,1,8.0,1.0
201000005782,0010-06-16 13:30:00,10,6,16,13,30,190,61,sortie tunnel,45.21593,1.69421,Plein jour,Hors agglomération,Hors intersection,Pluie forte,Deux véhicules - frontale,,,,,,,,,,,1,1,1,3.0,1.0
201000005783,0010-07-21 18:00:00,10,7,21,18,0,190,38,Le Chalet de Poumel,45.23282,1.72245,Plein jour,Hors agglomération,Hors intersection,Pluie légère,Trois véhicules et plus - collisions multiples,,,,,,,,,,,1,1,1,2.0,5.0
201000005784,0010-09-09 07:00:00,10,9,9,7,0,190,207,le peratel,45.24558,1.62785,Plein jour,Hors agglomération,Intersection en X,Pluie légère,Deux véhicules - côté,,,,,,,,,,,1,1,2,2.0,3.0
201000005785,0010-10-14 14:00:00,10,10,14,14,0,190,96,Le Château Fort,45.22639,1.81205,Plein jour,Hors agglomération,Hors intersection,Normale,Deux véhicules - frontale,,,,,,,,,,,1,1,1,1.0,1.0
201000005786,0010-11-10 10:15:00,10,11,10,10,15,190,236,gare de corrèze,45.32959,1.86912,Plein jour,Hors agglomération,Intersection en X,Pluie légère,Deux véhicules - côté,,,,,,,,,,,1,1,2,2.0,3.0
201000005787,0010-11-17 12:30:00,10,11,17,12,30,190,41,l'antimoine,45.26078,1.81152,Plein jour,Hors agglomération,Hors intersection,Normale,Autre collision,,,,,,,,,,,1,1,1,1.0,6.0
201000005788,0010-11-20 16:45:00,10,11,20,16,45,190,38,sortie mulatet,45.23246,1.72503,Plein jour,Hors agglomération,Hors intersection,Pluie légère,Autre collision,,,,,,,,,,,1,1,1,2.0,6.0
201000005789,0010-12-16 13:00:00,10,12,16,13,0,190,227,POMPÉRI,45.27798,1.65306,Plein jour,Hors agglomération,Hors intersection,Neige / grêle,Deux véhicules - frontale,,,,,,,,,,,1,1,1,4.0,1.0
201000005790,0010-01-14 09:30:00,10,1,14,9,30,190,192,Fromageal,45.1324,1.88388,Plein jour,En agglomération,Hors intersection,Pluie légère,Sans collision,,,,,,,,,,,1,2,1,2.0,7.0
201000005791,0010-05-09 01:15:00,10,5,9,1,15,190,10,Av Pierre et Marie CURIE,45.09673,1.924,Nuit avec éclairage allumé,En agglomération,Hors intersection,Pluie légère,Deux véhicules - frontale,,,,,,,,,,,5,2,1,2.0,1.0
201000005792,0010-05-08 23:15:00,10,5,8,23,15,190,171,la grange,45.02595,1.89035,Nuit sans éclairage public,Hors agglomération,Hors intersection,Normale,Autre collision,,,,,,,,,,,3,1,1,1.0,6.0
201000005793,0010-06-22 07:30:00,10,6,22,7,30,190,10,AV GEORGES CLEMENCEAU,45.09334,1.93064,Plein jour,En agglomération,Hors intersection,Normale,Autre collision,,,,,,,,,,,1,2,1,1.0,6.0
201000005794,0010-07-08 19:00:00,10,7,8,19,0,190,192,le veysset,45.14261,1.87968,Plein jour,Hors agglomération,Hors intersection,Normale,Autre collision,,,,,,,,,,,1,1,1,1.0,6.0
201000005795,0010-07-24 20:45:00,10,7,24,20,45,190,91,le verteil,45.08437,1.97188,Plein jour,Hors agglomération,Hors intersection,Normale,Deux véhicules - frontale,,,,,,,,,,,1,1,1,1.0,1.0
201000005796,0010-07-26 09:45:00,10,7,26,9,45,190,192,le benet,45.11999,1.90858,Plein jour,Hors agglomération,Hors intersection,Normale,Deux véhicules - frontale,,,,,,,,,,,1,1,1,1.0,1.0
201000005797,0010-08-04 14:30:00,10,8,4,14,30,190,221,Château du Gibanel,45.11259,1.96224,Plein jour,Hors agglomération,Hors intersection,Normale,Deux véhicules - frontale,,,,,,,,,,,1,1,1,1.0,1.0
201000005798,0010-08-08 14:15:00,10,8,8,14,15,190,4,Les Rochettes,45.12708,1.83461,Plein jour,Hors agglomération,Hors intersection,Normale,Sans collision,,,,,,,,,,,1,1,1,1.0,7.0
201000005799,0010-08-08 12:45:00,10,8,8,12,45,190,32,le moulin de chamaillère,45.04826,1.86343,Plein jour,Hors agglomération,Hors intersection,Normale,Deux véhicules - frontale,,,,,,,,,,,1,1,1,1.0,1.0
201000005800,0010-08-20 19:00:00,10,8,20,19,0,190,91,combe lescure,45.10406,2.00523,Plein jour,Hors agglomération,Hors intersection,Normale,Trois véhicules et plus - collisions multiples,,,,,,,,,,,1,1,1,1.0,5.0
201000005801,0010-09-09 16:45:00,10,9,9,16,45,190,84,brugier,45.16565,1.86569,Plein jour,Hors agglomération,Hors intersection,Autre,Deux véhicules - côté,,,,,,,,,,,1,1,1,9.0,3.0
201000005802,0010-10-21 20:30:00,10,10,21,20,30,190,7,la combotte,44.9546,1.8549,Nuit sans éclairage public,Hors agglomération,Hors intersection,Normale,Sans collision,,,,,,,,,,,3,1,1,1.0,7.0
201000005803,0010-11-12 12:00:00,10,11,12,12,0,190,84,brugier,45.16672,1.86553,Plein jour,Hors agglomération,Hors intersection,Pluie légère,Deux véhicules - frontale,,,,,,,,,,,1,1,1,2.0,1.0
201000005804,0010-12-09 07:45:00,10,12,9,7,45,190,91,LE TILLEUL,45.10076,1.9975,Crépuscule ou aube,Hors agglomération,Hors intersection,Normale,Autre collision,,,,,,,,,,,2,1,1,1.0,6.0
201000005805,0010-01-21 17:45:00,10,1,21,17,45,190,73,avenue du stade,45.39942,2.04197,Crépuscule ou aube,En agglomération,Hors intersection,Normale,Deux véhicules - frontale,,,,,,,,,,,2,2,1,1.0,1.0
201000005806,0010-02-18 19:15:00,10,2,18,19,15,190,176,la malaudie,45.38039,2.00979,Nuit avec éclairage allumé,En agglomération,Hors intersection,Normale,Deux véhicules - frontale,,,,,,,,,,,5,2,1,1.0,1.0
201000005807,0010-03-05 14:00:00,10,3,5,14,0,190,155,l'échamel,45.38586,1.80773,Plein jour,Hors agglomération,Hors intersection,Normale,Deux véhicules - arrière,,,,,,,,,,,1,1,1,1.0,2.0
201000005808,0010-09-02 06:30:00,10,9,2,6,30,190,176,le bourg,45.37678,2.00863,Crépuscule ou aube,En agglomération,Hors intersection,Normale,Sans collision,,,,,,,,,,,2,2,1,1.0,7.0
201000005809,0010-11-03 22:30:00,10,11,3,22,30,190,81,la rebeyrotte,45.3556,1.97048,Nuit sans éclairage public,Hors agglomération,Hors intersection,Pluie légère,Deux véhicules - frontale,,,,,,,,,,,3,1,1,2.0,1.0
201000005810,0010-11-22 07:45:00,10,11,22,7,45,190,73,boulevard Chambrel,45.40633,2.04226,Nuit sans éclairage public,En agglomération,Hors intersection,Pluie légère,Autre collision,,,,,,,,,,,3,2,1,2.0,6.0
201000005811,0010-02-03 13:15:00,10,2,3,13,15,190,125,Pont de malèze,45.27874,2.01283,Plein jour,Hors agglomération,Hors intersection,Temps couvert,Deux véhicules - frontale,,,,,,,,,,,1,1,1,8.0,1.0
201000005812,0010-10-12 02:45:00,10,10,12,2,45,190,89,La bitarelle,45.22537,2.00671,Nuit sans éclairage public,En agglomération,Hors intersection,Pluie légère,Sans collision,,,,,,,,,,,3,2,1,2.0,7.0
201000005813,0010-12-07 19:45:00,10,12,7,19,45,190,231,LES CHEMINEAUX,45.24745,1.94146,Nuit sans éclairage public,Hors agglomération,Hors intersection,Brouillard / fumée,Sans collision,,,,,,,,,,,3,1,1,5.0,7.0
201000005814,0010-03-11 16:45:00,10,3,11,16,45,190,213,les fontbelles,45.38176,1.66594,Plein jour,Hors agglomération,Hors intersection,Normale,Autre collision,,,,,,,,,,,1,1,1,1.0,6.0
201000005815,0010-04-11 21:30:00,10,4,11,21,30,190,248,la ringeas,45.46547,1.49662,Nuit sans éclairage public,Hors agglomération,Autre intersection,Normale,Autre collision,,,,,,,,,,,3,1,9,1.0,6.0
201000005816,0010-05-27 14:30:00,10,5,27,14,30,190,100,Route des Barrières,45.35201,1.63141,Plein jour,En agglomération,Hors intersection,Normale,Deux véhicules - frontale,,,,,,,,,,,1,2,1,1.0,1.0
201000005817,0010-06-04 09:45:00,10,6,4,9,45,190,60,peychiras,45.45515,1.58363,Plein jour,Hors agglomération,Hors intersection,Normale,Deux véhicules - côté,,,,,,,,,,,1,1,1,1.0,3.0
201000005818,0010-07-04 18:30:00,10,7,4,18,30,190,165,la plantade,45.50759,1.69748,Plein jour,Hors agglomération,Hors intersection,Normale,Deux véhicules - frontale,,,,,,,,,,,1,1,1,1.0,1.0
201000005819,0010-08-14 18:00:00,10,8,14,18,0,190,79,grand Bois,45.4401,1.61456,Plein jour,Hors agglomération,Hors intersection,Normale,Sans collision,,,,,,,,,,,1,1,1,1.0,7.0
201000005820,0010-08-14 00:45:00,10,8,14,0,45,190,129,la grainerie,45.52501,1.54034,Nuit sans éclairage public,Hors agglomération,Hors intersection,Normale,Autre collision,,,,,,,,,,,3,1,1,1.0,6.0
201000005821,0010-08-21 10:15:00,10,8,21,10,15,190,194,chazal,45.32979,1.68352,Crépuscule ou aube,Hors agglomération,Hors intersection,Normale,Deux véhicules - frontale,,,,,,,,,,,2,1,1,1.0,1.0
201000005822,0010-08-30 13:45:00,10,8,30,13,45,190,100,la montagne,45.348,1.66,Plein jour,Hors agglomération,Hors intersection,Normale,Deux véhicules - frontale,,,,,,,,,,,1,1,1,1.0,1.0
201000005823,0010-09-26 21:00:00,10,9,26,21,0,190,37,Route de la FAURIE,45.43949,1.71543,Nuit sans éclairage public,Hors agglomération,Hors intersection,Normale,Autre collision,,,,,,,,,,,3,1,1,1.0,6.0
201000005824,0010-10-13 08:00:00,10,10,13,8,0,190,248,le claud,45.45899,1.55566,Crépuscule ou aube,Hors agglomération,Hors intersection,Normale,Deux véhicules - côté,,,,,,,,,,,2,1,1,1.0,3.0
201000005825,0010-10-26 12:15:00,10,10,26,12,15,190,248,maligne,45.44375,1.50141,Plein jour,Hors agglomération,Hors intersection,Normale,Deux véhicules - côté,,,,,,,,,,,1,1,1,1.0,3.0
201000005826,0010-11-18 18:30:00,10,11,18,18,30,190,209,puy grosse borne,45.62244,1.85015,Nuit sans éclairage public,Hors agglomération,Hors intersection,Pluie forte,Autre collision,,,,,,,,,,,3,1,1,3.0,6.0
201000005827,0010-07-09 09:45:00,10,7,9,9,45,190,123,Parking GEANT CASINO,45.1686,1.56029,Plein jour,En agglomération,Autre intersection,Normale,Deux véhicules - frontale,,,,,,,,,,,1,2,9,1.0,1.0
201000005828,0010-09-24 13:45:00,10,9,24,13,45,190,151,pont du couderc,45.0921,1.52017,Plein jour,Hors agglomération,Hors intersection,Temps couvert,Deux véhicules - côté,,,,,,,,,,,1,1,1,8.0,3.0
201000005829,0010-09-30 12:00:00,10,9,30,12,0,190,93,la Gane de Ponti,45.10202,1.55752,Plein jour,Hors agglomération,Hors intersection,Pluie légère,Autre collision,,,,,,,,,,,1,1,1,2.0,6.0
201000005830,0010-10-12 15:00:00,10,10,12,15,0,190,63,Les Escrozes,45.12138,1.55587,Plein jour,Hors agglomération,Hors intersection,Normale,Deux véhicules - frontale,,,,,,,,,,,1,1,1,1.0,1.0
201000005831,0010-10-20 10:15:00,10,10,20,10,15,190,93,logne,45.08751,1.56936,Plein jour,Hors agglomération,Hors intersection,Normale,Deux véhicules - frontale,,,,,,,,,,,1,1,1,1.0,1.0
201000005832,0010-10-28 06:15:00,10,10,28,6,15,190,229,vermeil,45.13783,1.44285,Nuit sans éclairage public,Hors agglomération,Hors intersection,Normale,Sans collision,,,,,,,,,,,3,1,1,1.0,7.0
201000005833,0010-10-26 18:30:00,10,10,26,18,30,190,63,graulière,45.14614,1.57553,Plein jour,Hors agglomération,Hors intersection,Normale,Deux véhicules - arrière,,,,,,,,,,,1,1,1,1.0,2.0
201000005834,0010-11-23 16:45:00,10,11,23,16,45,190,123,pougeolles,45.17559,1.62285,Plein jour,Hors agglomération,Hors intersection,Normale,Deux véhicules - côté,,,,,,,,,,,1,1,1,1.0,3.0
201000005835,0010-01-27 18:30:00,10,1,27,18,30,190,273,venayre,45.06564,1.56266,Nuit sans éclairage public,Hors agglomération,Hors intersection,Temps couvert,Autre collision,,,,,,,,,,,3,1,1,8.0,6.0
201000005836,0010-05-27 17:00:00,10,5,27,17,0,190,105,la tournerie,45.12034,1.65782,Plein jour,Hors agglomération,Hors intersection,Normale,Autre collision,,,,,,,,,,,1,1,1,1.0,6.0
201000005837,0010-08-07 20:30:00,10,8,7,20,30,190,13,Bordebrune,45.18078,1.70694,Plein jour,Hors agglomération,Hors intersection,Normale,Autre collision,,,,,,,,,,,1,1,1,1.0,6.0
201000005838,0010-10-08 15:45:00,10,10,8,15,45,190,217,le bourg,45.03828,1.71063,Plein jour,En agglomération,Hors intersection,Normale,Autre collision,,,,,,,,,,,1,2,1,1.0,6.0
201000005839,0010-10-20 19:15:00,10,10,20,19,15,190,19,moulin abadiol,44.99112,1.82351,Crépuscule ou aube,Hors agglomération,Intersection en T,Normale,Deux véhicules - côté,,,,,,,,,,,2,1,3,1.0,3.0
201000005840,0010-10-23 19:00:00,10,10,23,19,0,190,273,gare de turenne,45.0367,1.60473,Crépuscule ou aube,Hors agglomération,Autre intersection,Normale,Sans collision,,,,,,,,,,,2,1,9,1.0,7.0
201000005841,0010-11-09 15:30:00,10,11,9,15,30,190,119,endougat,45.06955,1.78769,Plein jour,Hors agglomération,Hors intersection,Pluie forte,Deux véhicules - frontale,,,,,,,,,,,1,1,1,3.0,1.0
201000005842,0010-02-06 14:45:00,10,2,6,14,45,190,5,route departementale 9,45.25502,1.46925,Plein jour,En agglomération,Hors intersection,Normale,Deux véhicules - frontale,,,,,,,,,,,1,2,1,1.0,1.0
201000005843,0010-04-26 19:00:00,10,4,26,19,0,190,202,magiroux,45.21109,1.58635,Plein jour,Hors agglomération,Hors intersection,Normale,Autre collision,,,,,,,,,,,1,1,1,1.0,6.0
201000005844,0010-07-15 14:15:00,10,7,15,14,15,190,5,pont salomon,45.25501,1.47929,Plein jour,Hors agglomération,Hors intersection,Normale,Autre collision,,,,,,,,,,,1,1,1,1.0,6.0
201000005845,0010-08-02 12:00:00,10,8,2,12,0,190,5,le pont salomon,45.23768,1.49789,Plein jour,Hors agglomération,Hors intersection,Pluie légère,Deux véhicules - frontale,,,,,,,,,,,1,1,1,2.0,1.0
201000005846,0010-12-27 16:15:00,10,12,27,16,15,190,202,LES VIGNOTTES,45.19943,1.57842,Plein jour,Hors agglomération,Hors intersection,Normale,Deux véhicules - frontale,,,,,,,,,,,1,1,1,1.0,1.0
201000005847,0010-01-18 17:30:00,10,1,18,17,30,190,121,pont laroche,45.42871,1.39311,Crépuscule ou aube,Hors agglomération,Hors intersection,Normale,Autre collision,,,,,,,,,,,2,1,1,1.0,6.0
201000005848,0010-03-07 21:15:00,10,3,7,21,15,190,162,les maisons brulées,45.31797,1.53163,Nuit sans éclairage public,Hors agglomération,Hors intersection,Normale,Autre collision,,,,,,,,,,,3,1,1,1.0,6.0
201000005849,0010-06-04 16:45:00,10,6,4,16,45,190,121,la pouège,45.41616,1.39004,Plein jour,Hors agglomération,Hors intersection,Temps éblouissant,Sans collision,,,,,,,,,,,1,1,1,7.0,7.0
201000005850,0010-10-15 14:00:00,10,10,15,14,0,190,254,avenue du chateau,45.42875,1.30627,Plein jour,Hors agglomération,Hors intersection,Normale,Deux véhicules - frontale,,,,,,,,,,,1,1,1,1.0,1.0
201000005851,0010-04-13 13:45:00,10,4,13,13,45,190,15,Rue des Ecoles,45.24872,1.32601,Plein jour,En agglomération,Intersection en T,Normale,Deux véhicules - côté,,,,,,,,,,,1,2,3,1.0,3.0
201000005852,0010-04-30 15:00:00,10,4,30,15,0,190,182,gaux,45.24335,1.40402,Crépuscule ou aube,Hors agglomération,Hors intersection,Normale,Autre collision,,,,,,,,,,,2,1,1,1.0,6.0
201000005853,0010-05-13 20:45:00,10,5,13,20,45,190,288,murat,45.28708,1.42067,Plein jour,Hors agglomération,Hors intersection,Normale,Autre collision,,,,,,,,,,,1,1,1,1.0,6.0
201000005854,0010-10-09 17:30:00,10,10,9,17,30,190,182,la borie,45.23093,1.41861,Plein jour,Hors agglomération,Hors intersection,Normale,Deux véhicules - côté,,,,,,,,,,,1,1,1,1.0,3.0
201000005855,0010-08-19 18:45:00,10,8,19,18,45,190,2,la jaloustre,45.59111,2.38833,Plein jour,Hors agglomération,Hors intersection,Normale,Sans collision,,,,,,,,,,,1,1,1,1.0,7.0
201000005856,0010-10-17 19:15:00,10,10,17,19,15,190,180,VIRAGES BELCOURT,45.50577,2.2397,Nuit sans éclairage public,Hors agglomération,Hors intersection,Pluie légère,Deux véhicules - frontale,,,,,,,,,,,3,1,1,2.0,1.0
201000005857,0010-02-13 05:30:00,10,2,13,5,30,190,283,le parel,45.48334,2.39741,Nuit sans éclairage public,Hors agglomération,Hors intersection,Neige / grêle,Autre collision,,,,,,,,,,,3,1,1,4.0,6.0
201000005858,0010-10-30 12:30:00,10,10,30,12,30,190,102,roussille,45.37388,2.16501,Plein jour,Hors agglomération,Hors intersection,Normale,Autre collision,,,,,,,,,,,1,1,1,1.0,6.0
201000005859,0010-11-11 20:00:00,10,11,11,20,0,190,219,le bourg,45.43342,2.34297,Nuit sans éclairage public,En agglomération,Hors intersection,Pluie légère,Autre collision,,,,,,,,,,,3,2,1,2.0,6.0
201000005860,0010-04-05 05:30:00,10,4,5,5,30,190,33,teracol,45.5703,1.90469,Nuit sans éclairage public,Hors agglomération,Hors intersection,Normale,Autre collision,,,,,,,,,,,3,1,1,1.0,6.0
201000005861,0010-08-30 16:00:00,10,8,30,16,0,190,284,l'ormon,45.61897,1.8804,Plein jour,Hors agglomération,Hors intersection,Normale,Autre collision,,,,,,,,,,,1,1,1,1.0,6.0
201000005862,0010-02-27 20:00:00,10,2,27,20,0,230,247,route de guéret,46.209,1.764,Nuit sans éclairage public,En agglomération,Hors intersection,Pluie forte,Sans collision,,,,,,,,,,,3,2,1,3.0,7.0
201000005863,0010-05-05 18:45:00,10,5,5,18,45,230,245,,,,Plein jour,Hors agglomération,Hors intersection,Pluie légère,Deux véhicules - côté,,,,,,,,,,,1,1,1,2.0,3.0
201000005864,0010-05-13 16:45:00,10,5,13,16,45,230,154,route de cressat,46.174,2.028,Plein jour,En agglomération,Hors intersection,Normale,Autre collision,,,,,,,,,,,1,2,1,1.0,6.0
201000005865,0010-05-22 16:30:00,10,5,22,16,30,230,1,,46.068,2.051,Plein jour,Hors agglomération,Hors intersection,Normale,Deux véhicules - côté,,,,,,,,,,,1,1,1,1.0,3.0
201000005866,0010-06-02 10:15:00,10,6,2,10,15,230,193,,46.186,1.912,Plein jour,Hors agglomération,Hors intersection,Normale,Deux véhicules - côté,,,,,,,,,,,1,1,1,1.0,3.0
201000005867,0010-06-16 12:30:00,10,6,16,12,30,230,193,,,,Plein jour,Hors agglomération,Hors intersection,Pluie forte,Deux véhicules - frontale,,,,,,,,,,,1,1,1,3.0,1.0
201000005868,0010-07-05 01:30:00,10,7,5,1,30,230,132,,,,Nuit avec éclairage allumé,Hors agglomération,Hors intersection,Normale,Autre collision,,,,,,,,,,,5,1,1,1.0,6.0
201000005869,0010-07-19 17:00:00,10,7,19,17,0,230,1,51 grande rue,46.091,2.044,Plein jour,En agglomération,Hors intersection,Normale,Autre collision,,,,,,,,,,,1,2,1,1.0,6.0
201000005870,0010-08-04 17:30:00,10,8,4,17,30,230,4,,,,Plein jour,Hors agglomération,Hors intersection,Pluie forte,Autre collision,,,,,,,,,,,1,1,1,3.0,6.0
201000005871,0010-09-24 07:45:00,10,9,24,7,45,230,193,,46.144,1.911,Crépuscule ou aube,Hors agglomération,Hors intersection,Pluie forte,Autre collision,,,,,,,,,,,2,1,1,3.0,6.0
201000005872,0010-01-01 20:15:00,10,1,1,20,15,230,38,,,,Nuit sans éclairage public,Hors agglomération,Hors intersection,Normale,Sans collision,,,,,,,,,,,3,1,1,1.0,7.0
201000005873,0010-03-11 18:45:00,10,3,11,18,45,230,25,avenue de La Marche,46.332,1.905,Crépuscule ou aube,En agglomération,Hors intersection,Normale,Deux véhicules - arrière,,,,,,,,,,,2,2,1,1.0,2.0
201000005874,0010-04-17 11:00:00,10,4,17,11,0,230,254,,,,Plein jour,Hors agglomération,Hors intersection,Normale,Sans collision,,,,,,,,,,,1,1,1,1.0,7.0
201000005875,0010-04-18 16:30:00,10,4,18,16,30,230,32,,46.638,2.03399,Plein jour,Hors agglomération,Hors intersection,Normale,Deux véhicules - frontale,,,,,,,,,,,1,1,1,1.0,1.0
201000005876,0010-05-21 16:15:00,10,5,21,16,15,230,57,,46.315,2.00599,Plein jour,Hors agglomération,Hors intersection,Normale,Deux véhicules - côté,,,,,,,,,,,1,1,1,1.0,3.0
201000005877,0010-06-01 01:45:00,10,6,1,1,45,230,108,le bourg,,,Nuit avec éclairage allumé,En agglomération,Hors intersection,Normale,Autre collision,,,,,,,,,,,5,2,1,1.0,6.0
201000005878,0010-06-28 17:45:00,10,6,28,17,45,230,109,,,,Plein jour,Hors agglomération,Hors intersection,Pluie forte,Deux véhicules - côté,,,,,,,,,,,1,1,1,3.0,3.0
201000005879,0010-07-07 22:30:00,10,7,7,22,30,230,57,,46.309,2.055,Nuit sans éclairage public,Hors agglomération,Hors intersection,Normale,Sans collision,,,,,,,,,,,3,1,1,1.0,7.0
201000005880,0010-10-25 13:00:00,10,10,25,13,0,230,148,,46.425,1.923,Plein jour,Hors agglomération,Hors intersection,Normale,Deux véhicules - côté,,,,,,,,,,,1,1,1,1.0,3.0
201000005881,0010-11-12 19:00:00,10,11,12,19,0,230,213,,46.415,2.185,Nuit sans éclairage public,Hors agglomération,Hors intersection,Pluie légère,Trois véhicules et plus - collisions multiples,,,,,,,,,,,3,1,1,2.0,5.0
201000005882,0010-01-17 04:00:00,10,1,17,4,0,230,45,route de gouzon,46.193,2.42,Nuit avec éclairage allumé,En agglomération,Hors intersection,Pluie légère,Autre collision,,,,,,,,,,,5,2,1,2.0,6.0
201000005883,0010-02-16 16:30:00,10,2,16,16,30,230,234,,46.098,2.346,Plein jour,Hors agglomération,Hors intersection,Neige / grêle,Deux véhicules - frontale,,,,,,,,,,,1,1,1,4.0,1.0
201000005884,0010-03-19 17:15:00,10,3,19,17,15,230,259,,,,Plein jour,Hors agglomération,Hors intersection,Temps couvert,Deux véhicules - frontale,,,,,,,,,,,1,1,1,8.0,1.0
201000005885,0010-08-30 12:00:00,10,8,30,12,0,230,76,avenue de budelle,,,Plein jour,En agglomération,Hors intersection,Normale,Deux véhicules - frontale,,,,,,,,,,,1,2,1,1.0,1.0
201000005886,0010-10-17 09:45:00,10,10,17,9,45,230,145,,46.297,2.416,Nuit sans éclairage public,Hors agglomération,Hors intersection,Normale,Autre collision,,,,,,,,,,,3,1,1,1.0,6.0
201000005887,0010-01-28 08:45:00,10,1,28,8,45,230,143,,46.24,1.541,Plein jour,Hors agglomération,Hors intersection,Neige / grêle,Autre collision,,,,,,,,,,,1,1,1,4.0,6.0