accident_id,datetime,annee,mois,jour,heure,minute,departement,commune_insee,adresse,latitude,longitude,luminosite,agglomeration,intersection,meteo,collision,nb_vehicules,nb_usagers,nb_indemnes,nb_tues,nb_blesses_hosp,nb_blesses_legers,age_cond_1,age_cond_2,veh_type_cond_1,veh_type_cond_2,lum_code,agg_code,int_code,atm_code,col_code
201000006154,0010-09-06 03:00:00,10,9,6,3,0,310,451,route de Castres,43.467,2.007,Nuit avec éclairage allumé,En agglomération,Hors intersection,Normale,Autre collision,,,,,,,,,,,5,2,1,1.0,6.0
201000006155,0010-09-13 15:15:00,10,9,13,15,15,310,451,,43.448,2.021,Plein jour,Hors agglomération,Hors intersection,Normale,Deux véhicules - côté,,,,,,,,,,,1,1,1,1.0,3.0
201000006156,0010-11-09 21:30:00,10,11,9,21,30,310,451,avenue roquefort,,,Nuit avec éclairage allumé,En agglomération,Intersection en X,Pluie légère,Deux véhicules - côté,,,,,,,,,,,5,2,2,2.0,3.0
201000006157,0010-11-25 17:15:00,10,11,25,17,15,310,400,,,,Crépuscule ou aube,Hors agglomération,Hors intersection,Pluie légère,Deux véhicules - frontale,,,,,,,,,,,2,1,1,2.0,1.0
201000006158,0010-01-01 03:00:00,10,1,1,3,0,90,206,"lieu-dit ""Le Ramier""",,,Nuit sans éclairage public,Hors agglomération,Hors intersection,Neige / grêle,Sans collision,,,,,,,,,,,3,1,1,4.0,7.0
201000006159,0010-01-18 09:00:00,10,1,18,9,0,90,160,AVENUE DU DR BERNADAC,,,Plein jour,En agglomération,Hors intersection,Normale,Autre collision,,,,,,,,,,,1,2,1,1.0,6.0
201000006160,0010-01-30 16:45:00,10,1,30,16,45,90,160,rue Naploléon Peyrat,42.928,1.841,Plein jour,En agglomération,Intersection en X,Normale,Deux véhicules - côté,,,,,,,,,,,1,2,2,1.0,3.0
201000006161,0010-03-28 17:00:00,10,3,28,17,0,90,206,,,,Plein jour,Hors agglomération,Hors intersection,Normale,Sans collision,,,,,,,,,,,1,1,1,1.0,7.0
201000006162,0010-05-22 16:30:00,10,5,22,16,30,90,47,Lieu dit Le Roudier,,,Plein jour,Hors agglomération,Hors intersection,Normale,Sans collision,,,,,,,,,,,1,1,1,1.0,7.0
201000006163,0010-10-18 14:15:00,10,10,18,14,15,90,47,,,,Plein jour,En agglomération,Hors intersection,Normale,Deux véhicules - frontale,,,,,,,,,,,1,2,1,1.0,1.0
201000006164,0010-11-11 10:15:00,10,11,11,10,15,90,160,RPt Albert Gabarrou,,,Plein jour,En agglomération,Giratoire,Normale,Deux véhicules - arrière,,,,,,,,,,,1,2,6,1.0,2.0
201000006165,0010-11-02 15:00:00,10,11,2,15,0,90,262,,,,Plein jour,Hors agglomération,Hors intersection,Normale,Sans collision,,,,,,,,,,,1,1,1,1.0,7.0
201000006166,0010-11-24 08:30:00,10,11,24,8,30,90,160,Avenue Général de Gaulle,,,Plein jour,En agglomération,Hors intersection,Temps éblouissant,Autre collision,,,,,,,,,,,1,2,1,7.0,6.0
201000006167,0010-12-29 14:15:00,10,12,29,14,15,90,160,21 avenue alsace lorrain,,,Plein jour,En agglomération,Hors intersection,Normale,Autre collision,,,,,,,,,,,1,2,1,1.0,6.0
201000006168,0010-01-07 16:30:00,10,1,7,16,30,90,306,avenue Victor PILHES,,,Plein jour,En agglomération,Hors intersection,Neige / grêle,Autre collision,,,,,,,,,,,1,2,1,4.0,6.0
201000006169,0010-03-01 14:15:00,10,3,1,14,15,90,221,,,,Plein jour,Hors agglomération,Hors intersection,Normale,Deux véhicules - frontale,,,,,,,,,,,1,1,1,1.0,1.0
201000006170,0010-04-25 10:50:00,10,4,25,10,50,90,303,,,,Plein jour,Hors agglomération,Hors intersection,Normale,Trois véhicules et plus - collisions multiples,,,,,,,,,,,1,1,1,1.0,5.0
201000006171,0010-06-30 21:00:00,10,6,30,21,0,90,306,Restaurant Pré Gourmand,,,Crépuscule ou aube,Hors agglomération,Hors intersection,Normale,Deux véhicules - frontale,,,,,,,,,,,2,1,1,1.0,1.0
201000006172,0010-08-20 22:15:00,10,8,20,22,15,90,217,,,,Nuit sans éclairage public,Hors agglomération,Hors intersection,Normale,Sans collision,,,,,,,,,,,3,1,1,1.0,7.0
201000006173,0010-08-21 10:50:00,10,8,21,10,50,90,188,Avenue Henri Marrot,,,Plein jour,En agglomération,Hors intersection,Normale,Autre collision,,,,,,,,,,,1,2,1,1.0,6.0
201000006174,0010-09-14 13:15:00,10,9,14,13,15,90,272,,,,Plein jour,Hors agglomération,Hors intersection,Normale,Sans collision,,,,,,,,,,,1,1,1,1.0,7.0
201000006175,0010-10-07 14:40:00,10,10,7,14,40,90,272,,,,Plein jour,En agglomération,Intersection en T,Normale,Deux véhicules - arrière,,,,,,,,,,,1,2,3,1.0,2.0
201000006176,0010-12-18 19:30:00,10,12,18,19,30,90,71,,,,Nuit sans éclairage public,Hors agglomération,Intersection en T,Temps couvert,Autre collision,,,,,,,,,,,3,1,3,8.0,6.0
201000006177,0010-09-24 19:45:00,10,9,24,19,45,90,66,Le village,,,Nuit avec éclairage allumé,En agglomération,Intersection en Y,Normale,Deux véhicules - frontale,,,,,,,,,,,5,2,4,1.0,1.0
201000006178,0010-04-03 07:45:00,10,4,3,7,45,90,60,Lieu dit Salvayre,,,Crépuscule ou aube,Hors agglomération,Hors intersection,Normale,Autre collision,,,,,,,,,,,2,1,1,1.0,6.0
201000006179,0010-07-01 21:00:00,10,7,1,21,0,90,339,,,,Crépuscule ou aube,Hors agglomération,Hors intersection,Normale,Sans collision,,,,,,,,,,,2,1,1,1.0,7.0
201000006180,0010-07-12 15:45:00,10,7,12,15,45,90,332,,,,Plein jour,Hors agglomération,Hors intersection,Normale,Sans collision,,,,,,,,,,,1,1,1,1.0,7.0
201000006181,0010-07-19 10:30:00,10,7,19,10,30,90,185,,,,Plein jour,Hors agglomération,Hors intersection,Normale,Autre collision,,,,,,,,,,,1,1,1,1.0,6.0
201000006182,0010-07-20 21:15:00,10,7,20,21,15,90,147,,,,Plein jour,Hors agglomération,Intersection en T,Normale,Deux véhicules - côté,,,,,,,,,,,1,1,3,1.0,3.0
201000006183,0010-07-20 17:50:00,10,7,20,17,50,90,324,rue du lavoir,,,Plein jour,En agglomération,Hors intersection,Normale,Autre collision,,,,,,,,,,,1,2,1,1.0,6.0
201000006184,0010-07-29 20:00:00,10,7,29,20,0,90,282,,,,Plein jour,Hors agglomération,Hors intersection,Normale,Autre collision,,,,,,,,,,,1,1,1,1.0,6.0
201000006185,0010-08-08 11:10:00,10,8,8,11,10,90,238,avenue de la tiège,,,Plein jour,En agglomération,Intersection en T,Normale,Deux véhicules - frontale,,,,,,,,,,,1,2,3,1.0,1.0
201000006186,0010-08-17 21:50:00,10,8,17,21,50,90,312,,,,Nuit sans éclairage public,Hors agglomération,Intersection en T,Normale,Deux véhicules - frontale,,,,,,,,,,,3,1,3,1.0,1.0
201000006187,0010-08-21 14:15:00,10,8,21,14,15,90,185,,,,Plein jour,Hors agglomération,Hors intersection,Normale,Autre collision,,,,,,,,,,,1,1,1,1.0,6.0
201000006188,0010-09-23 07:00:00,10,9,23,7,0,90,199,,,,Crépuscule ou aube,Hors agglomération,Intersection en X,Normale,Deux véhicules - côté,,,,,,,,,,,2,1,2,1.0,3.0
201000006189,0010-10-05 12:00:00,10,10,5,12,0,90,264,,,,Plein jour,Hors agglomération,Hors intersection,Normale,Deux véhicules - frontale,,,,,,,,,,,1,1,1,1.0,1.0
201000006190,0010-10-29 20:00:00,10,10,29,20,0,90,103,Lieu dit Fouet,,,Nuit sans éclairage public,Hors agglomération,Hors intersection,Normale,Deux véhicules - frontale,,,,,,,,,,,3,1,1,1.0,1.0
201000006191,0010-12-28 15:15:00,10,12,28,15,15,90,324,Avenue de Rieux,,,Plein jour,En agglomération,Intersection en Y,Temps éblouissant,Autre collision,,,,,,,,,,,1,2,4,7.0,6.0
201000006192,0010-03-03 11:15:00,10,3,3,11,15,90,269,Descente col Del Bouich,,,Plein jour,Hors agglomération,Hors intersection,Vent fort / tempête,Autre collision,,,,,,,,,,,1,1,1,6.0,6.0
201000006193,0010-03-21 08:00:00,10,3,21,8,0,90,277,,,,Plein jour,Hors agglomération,Hors intersection,Temps couvert,Autre collision,,,,,,,,,,,1,1,1,8.0,6.0
201000006194,0010-03-24 14:40:00,10,3,24,14,40,90,42,Lieu dit Saurade,,,Plein jour,Hors agglomération,Intersection en T,Normale,Deux véhicules - frontale,,,,,,,,,,,1,1,3,1.0,1.0
201000006195,0010-05-02 13:00:00,10,5,2,13,0,90,44,Lieu dit Plancouronne,,,Plein jour,Hors agglomération,Hors intersection,Normale,Sans collision,,,,,,,,,,,1,1,1,1.0,7.0
201000006196,0010-06-17 18:00:00,10,6,17,18,0,90,273,,,,Plein jour,Hors agglomération,Hors intersection,Normale,Sans collision,,,,,,,,,,,1,1,1,1.0,7.0
201000006197,0010-06-27 13:10:00,10,6,27,13,10,90,293,Ruisseau du Barbier,,,Plein jour,Hors agglomération,Hors intersection,Normale,Autre collision,,,,,,,,,,,1,1,1,1.0,6.0
201000006198,0010-08-23 13:45:00,10,8,23,13,45,90,167,Avenue des Pyrénées,,,Plein jour,En agglomération,Intersection en T,Normale,Deux véhicules - frontale,,,,,,,,,,,1,2,3,1.0,1.0
201000006199,0010-08-23 12:30:00,10,8,23,12,30,90,108,Ségalas,,,Plein jour,Hors agglomération,Hors intersection,Normale,Deux véhicules - arrière,,,,,,,,,,,1,1,1,1.0,2.0
201000006200,0010-02-18 10:30:00,10,2,18,10,30,90,194,,43.091,1.867,Plein jour,En agglomération,Intersection en X,Normale,Deux véhicules - côté,,,,,,,,,,,1,2,2,1.0,3.0
201000006201,0010-03-04 17:30:00,10,3,4,17,30,90,39,Grand Rue,43.057,1.887,Crépuscule ou aube,En agglomération,Intersection en T,Temps couvert,Deux véhicules - côté,,,,,,,,,,,2,2,3,8.0,3.0
201000006202,0010-03-14 00:15:00,10,3,14,0,15,90,157,Avenue pierre SEMARD,42.967,1.875,Nuit avec éclairage allumé,En agglomération,Hors intersection,Normale,Deux véhicules - côté,,,,,,,,,,,5,2,1,1.0,3.0
201000006203,0010-06-26 22:00:00,10,6,26,22,0,90,107,Lieu dit Le Cazal,,,Crépuscule ou aube,Hors agglomération,Hors intersection,Normale,Autre collision,,,,,,,,,,,2,1,1,1.0,6.0
201000006204,0010-07-08 19:15:00,10,7,8,19,15,90,161,,,,Plein jour,Hors agglomération,Hors intersection,Normale,Autre collision,,,,,,,,,,,1,1,1,1.0,6.0
201000006205,0010-07-25 18:20:00,10,7,25,18,20,90,39,,43.065,1.881,Plein jour,Hors agglomération,Hors intersection,Normale,Deux véhicules - frontale,,,,,,,,,,,1,1,1,1.0,1.0
201000006206,0010-10-19 14:30:00,10,10,19,14,30,90,39,,43.05,1.89,Plein jour,Hors agglomération,Hors intersection,Normale,Trois véhicules et plus - collisions multiples,,,,,,,,,,,1,1,1,1.0,5.0
201000006207,0010-10-12 19:30:00,10,10,12,19,30,90,185,,,,Nuit sans éclairage public,Hors agglomération,Hors intersection,Normale,Deux véhicules - arrière,,,,,,,,,,,3,1,1,1.0,2.0
201000006208,0010-10-16 17:40:00,10,10,16,17,40,90,185,,,,Plein jour,Hors agglomération,Hors intersection,Normale,Sans collision,,,,,,,,,,,1,1,1,1.0,7.0
201000006209,0010-10-18 07:30:00,10,10,18,7,30,90,199,,,,Nuit sans éclairage public,Hors agglomération,Intersection en T,Normale,Trois véhicules et plus - collisions multiples,,,,,,,,,,,3,1,3,1.0,5.0
201000006210,0010-11-13 07:10:00,10,11,13,7,10,90,331,,,,Crépuscule ou aube,En agglomération,Intersection en Y,Normale,Deux véhicules - côté,,,,,,,,,,,2,2,4,1.0,3.0
201000006211,0010-11-21 19:15:00,10,11,21,19,15,90,185,Déviation de Mazères,,,Nuit sans éclairage public,Hors agglomération,Hors intersection,Pluie forte,Deux véhicules - frontale,,,,,,,,,,,3,1,1,3.0,1.0
201000006212,0010-11-30 19:00:00,10,11,30,19,0,90,331,,,,Nuit avec éclairage allumé,Hors agglomération,Hors intersection,Normale,Trois véhicules et plus - collisions multiples,,,,,,,,,,,5,1,1,1.0,5.0
201000006213,0010-01-18 05:00:00,10,1,18,5,0,90,246,Lieudit Pas de la Plagne,,,Nuit sans éclairage public,Hors agglomération,Hors intersection,Normale,Autre collision,,,,,,,,,,,3,1,1,1.0,6.0
201000006214,0010-03-13 11:00:00,10,3,13,11,0,90,268,Lieu dit Patrac,,,Plein jour,Hors agglomération,Intersection en Y,Normale,Deux véhicules - frontale,,,,,,,,,,,1,1,4,1.0,1.0
201000006215,0010-03-23 16:50:00,10,3,23,16,50,90,261,Ru Nungesser et coli,,,Plein jour,En agglomération,Hors intersection,Normale,Autre collision,,,,,,,,,,,1,2,1,1.0,6.0
201000006216,0010-04-17 10:45:00,10,4,17,10,45,90,209,Lieu dit Bergerat,,,Plein jour,Hors agglomération,Hors intersection,Normale,Deux véhicules - frontale,,,,,,,,,,,1,1,1,1.0,1.0
201000006217,0010-04-15 18:30:00,10,4,15,18,30,90,209,,,,Plein jour,Hors agglomération,Hors intersection,Pluie légère,Deux véhicules - côté,,,,,,,,,,,1,1,1,2.0,3.0
201000006218,0010-08-15 01:30:00,10,8,15,1,30,90,268,Route de Gajan,,,Nuit avec éclairage allumé,En agglomération,Hors intersection,Normale,Autre collision,,,,,,,,,,,5,2,1,1.0,6.0
201000006219,0010-08-22 17:45:00,10,8,22,17,45,90,111,,,,Plein jour,Hors agglomération,Hors intersection,Normale,Deux véhicules - côté,,,,,,,,,,,1,1,1,1.0,3.0
201000006220,0010-09-10 17:30:00,10,9,10,17,30,90,219,Ecole d' ORGIBET,42.551,-0.016,Plein jour,En agglomération,Hors intersection,Normale,Autre collision,,,,,,,,,,,1,2,1,1.0,6.0
201000006221,0010-09-12 02:14:00,10,9,12,2,14,90,209,,,,Nuit sans éclairage public,Hors agglomération,Hors intersection,Normale,Autre collision,,,,,,,,,,,3,1,1,1.0,6.0
201000006222,0010-09-17 23:00:00,10,9,17,23,0,90,247,Rte forestière col ERP,,,Nuit sans éclairage public,Hors agglomération,Hors intersection,Pluie forte,Sans collision,,,,,,,,,,,3,1,1,3.0,7.0
201000006223,0010-09-26 06:15:00,10,9,26,6,15,90,17,,,,Nuit sans éclairage public,Hors agglomération,Hors intersection,Pluie forte,Autre collision,,,,,,,,,,,3,1,1,3.0,6.0
201000006224,0010-09-26 03:49:00,10,9,26,3,49,90,149,Lieudit Marasse,,,Nuit sans éclairage public,Hors agglomération,Hors intersection,Pluie forte,Autre collision,,,,,,,,,,,3,1,1,3.0,6.0
201000006225,0010-10-10 07:45:00,10,10,10,7,45,90,55,,,,Crépuscule ou aube,Hors agglomération,Hors intersection,Pluie forte,Autre collision,,,,,,,,,,,2,1,1,3.0,6.0
201000006226,0010-10-14 09:00:00,10,10,14,9,0,90,261,CARREF RD117 ET RD3,,,Plein jour,En agglomération,Giratoire,Normale,Sans collision,,,,,,,,,,,1,2,6,1.0,7.0
201000006227,0010-10-17 04:00:00,10,10,17,4,0,90,97,,,,Nuit sans éclairage public,Hors agglomération,Hors intersection,Pluie légère,Sans collision,,,,,,,,,,,3,1,1,2.0,7.0
201000006228,0010-11-09 00:15:00,10,11,9,0,15,90,219,,,,Nuit sans éclairage public,Hors agglomération,Hors intersection,Pluie forte,Sans collision,,,,,,,,,,,3,1,1,3.0,7.0
201000006229,0010-11-08 17:45:00,10,11,8,17,45,90,261,Rue Villefranche,,,Crépuscule ou aube,En agglomération,Hors intersection,Normale,Sans collision,,,,,,,,,,,2,2,1,1.0,7.0
201000006230,0010-11-17 20:10:00,10,11,17,20,10,90,14,ROUTE DE LUCHON,,,Nuit sans éclairage public,En agglomération,Hors intersection,Pluie légère,Sans collision,,,,,,,,,,,3,2,1,2.0,7.0
201000006231,0010-08-13 11:00:00,10,8,13,11,0,90,65,,,,Plein jour,Hors agglomération,Hors intersection,Normale,Deux véhicules - côté,,,,,,,,,,,1,1,1,1.0,3.0
201000006232,0010-09-04 14:10:00,10,9,4,14,10,90,57,Lieudit Roquefort,,,Plein jour,Hors agglomération,Hors intersection,Normale,Sans collision,,,,,,,,,,,1,1,1,1.0,7.0
201000006233,0010-12-11 21:30:00,10,12,11,21,30,90,149,,,,Nuit sans éclairage public,Hors agglomération,Hors intersection,Neige / grêle,Deux véhicules - frontale,,,,,,,,,,,3,1,1,4.0,1.0
201000006234,0010-12-17 15:00:00,10,12,17,15,0,90,113,Lieu-dit ruine d'Aget,,,Plein jour,Hors agglomération,Hors intersection,Neige / grêle,Sans collision,,,,,,,,,,,1,1,1,4.0,7.0
201000006235,0010-02-04 09:30:00,10,2,4,9,30,20,168,"76, CARNOT (RUE)",,,Plein jour,En agglomération,Hors intersection,Normale,Autre collision,,,,,,,,,,,1,2,1,1.0,6.0
201000006236,0010-04-17 00:08:00,10,4,17,0,8,20,168,"44, CARNOT (RUE)",,,Nuit avec éclairage allumé,En agglomération,Hors intersection,Normale,Deux véhicules - arrière,,,,,,,,,,,5,2,1,1.0,2.0
201000006237,0010-06-18 01:30:00,10,6,18,1,30,20,168,CHAMP CADET (ROUTE DU),,,Nuit sans éclairage public,Hors agglomération,Hors intersection,Normale,Sans collision,,,,,,,,,,,3,1,1,1.0,7.0
201000006238,0010-07-24 00:55:00,10,7,24,0,55,20,168,"5, JEAN DE LA FONTAINE (",,,Nuit avec éclairage allumé,En agglomération,Giratoire,Normale,Sans collision,,,,,,,,,,,5,2,6,1.0,7.0
201000006239,0010-09-22 23:53:00,10,9,22,23,53,20,168,62 avenue d'Essomes,,,Nuit avec éclairage allumé,En agglomération,Hors intersection,Normale,Autre collision,,,,,,,,,,,5,2,1,1.0,6.0
201000006240,0010-09-24 16:05:00,10,9,24,16,5,20,168,5bis avenue J. Lefevre,,,Plein jour,En agglomération,Intersection en X,Pluie légère,Deux véhicules - côté,,,,,,,,,,,1,2,2,2.0,3.0
201000006241,0010-10-10 15:45:00,10,10,10,15,45,20,168,"13, JULES LEFEVRE (AVENU",,,Plein jour,En agglomération,Hors intersection,Normale,Deux véhicules - côté,,,,,,,,,,,1,2,1,1.0,3.0
201000006242,0010-12-16 07:48:00,10,12,16,7,48,20,168,,,,Crépuscule ou aube,En agglomération,Giratoire,Pluie légère,Deux véhicules - côté,,,,,,,,,,,2,2,6,2.0,3.0
201000006243,0010-10-13 19:55:00,10,10,13,19,55,20,168,VERDILLY (ROUTE DE),,,Nuit avec éclairage allumé,En agglomération,Intersection en T,Normale,Deux véhicules - côté,,,,,,,,,,,5,2,3,1.0,3.0
201000006244,0010-02-20 17:35:00,10,2,20,17,35,20,168,,,,Crépuscule ou aube,En agglomération,Intersection en T,Normale,Deux véhicules - côté,,,,,,,,,,,2,2,3,1.0,3.0
201000006245,0010-02-16 12:15:00,10,2,16,12,15,120,202,,44.373,2.485,Plein jour,Hors agglomération,Hors intersection,Normale,Autre collision,,,,,,,,,,,1,1,1,1.0,6.0
201000006246,0010-03-17 08:15:00,10,3,17,8,15,120,1,,44.354,2.687,Plein jour,Hors agglomération,Hors intersection,Normale,Sans collision,,,,,,,,,,,1,1,1,1.0,7.0
201000006247,0010-05-03 04:30:00,10,5,3,4,30,120,1,,44.36,2.676,Nuit sans éclairage public,Hors agglomération,Hors intersection,Normale,Autre collision,,,,,,,,,,,3,1,1,1.0,6.0
201000006248,0010-07-21 18:30:00,10,7,21,18,30,120,102,,44.316,2.585,Plein jour,Hors agglomération,Hors intersection,Normale,Deux véhicules - frontale,,,,,,,,,,,1,1,1,1.0,1.0
201000006249,0010-08-16 16:00:00,10,8,16,16,0,120,56,,44.314,2.491,Plein jour,Hors agglomération,Hors intersection,Normale,Autre collision,,,,,,,,,,,1,1,1,1.0,6.0
201000006250,0010-08-27 18:45:00,10,8,27,18,45,120,56,,44.285,2.438,Plein jour,Hors agglomération,Hors intersection,Temps couvert,Deux véhicules - frontale,,,,,,,,,,,1,1,1,8.0,1.0
201000006251,0010-10-04 08:30:00,10,10,4,8,30,120,133,Avenue de Rodez,,,Plein jour,En agglomération,Hors intersection,Pluie forte,Autre collision,,,,,,,,,,,1,2,1,3.0,6.0
201000006252,0010-10-17 15:30:00,10,10,17,15,30,120,185,,44.3,2.701,Plein jour,Hors agglomération,Hors intersection,Normale,Deux véhicules - frontale,,,,,,,,,,,1,1,1,1.0,1.0
201000006253,0010-10-30 02:15:00,10,10,30,2,15,120,32,,,,Nuit sans éclairage public,Hors agglomération,Hors intersection,Normale,Autre collision,,,,,,,,,,,3,1,1,1.0,6.0
201000006254,0010-12-24 23:30:00,10,12,24,23,30,120,1,,44.346,2.713,Nuit sans éclairage public,Hors agglomération,Hors intersection,Neige / grêle,Autre collision,,,,,,,,,,,3,1,1,4.0,6.0
201000006255,0010-03-05 11:30:00,10,3,5,11,30,120,106,,44.457,2.789,Plein jour,Hors agglomération,Hors intersection,Normale,Deux véhicules - frontale,,,,,,,,,,,1,1,1,1.0,1.0
201000006256,0010-05-25 08:45:00,10,5,25,8,45,120,157,,44.404,2.721,Plein jour,Hors agglomération,Hors intersection,Normale,Trois véhicules et plus - collisions multiples,,,,,,,,,,,1,1,1,1.0,5.0
201000006257,0010-05-29 08:30:00,10,5,29,8,30,120,57,Avenue de l'aérodrome,44.175,2.527,Plein jour,En agglomération,Hors intersection,Normale,Autre collision,,,,,,,,,,,1,2,1,1.0,6.0
201000006258,0010-07-12 18:30:00,10,7,12,18,30,120,276,,44.157,2.33,Plein jour,Hors agglomération,Hors intersection,Normale,Trois véhicules et plus - collisions multiples,,,,,,,,,,,1,1,1,1.0,5.0
201000006259,0010-07-16 14:30:00,10,7,16,14,30,120,15,,44.161,2.609,Plein jour,Hors agglomération,Hors intersection,Normale,Deux véhicules - frontale,,,,,,,,,,,1,1,1,1.0,1.0
201000006260,0010-07-22 19:15:00,10,7,22,19,15,120,194,,44.213,2.411,Plein jour,Hors agglomération,Intersection en X,Normale,Deux véhicules - côté,,,,,,,,,,,1,1,2,1.0,3.0
201000006261,0010-07-29 14:00:00,10,7,29,14,0,120,46,,,,Plein jour,Hors agglomération,Hors intersection,Normale,Sans collision,,,,,,,,,,,1,1,1,1.0,7.0
201000006262,0010-09-25 14:15:00,10,9,25,14,15,120,43,,44.246,2.528,Plein jour,Hors agglomération,Hors intersection,Temps couvert,Deux véhicules - frontale,,,,,,,,,,,1,1,1,8.0,1.0
201000006263,0010-09-23 20:45:00,10,9,23,20,45,120,194,,44.251,2.409,Nuit sans éclairage public,Hors agglomération,Hors intersection,Autre,Trois véhicules et plus - collisions multiples,,,,,,,,,,,3,1,1,9.0,5.0
201000006264,0010-10-23 20:15:00,10,10,23,20,15,120,43,,44.26,2.544,Nuit sans éclairage public,Hors agglomération,Hors intersection,Normale,Deux véhicules - frontale,,,,,,,,,,,3,1,1,1.0,1.0
201000006265,0010-11-01 17:45:00,10,11,1,17,45,120,234,,44.225,2.543,Plein jour,Hors agglomération,Hors intersection,Autre,Deux véhicules - frontale,,,,,,,,,,,1,1,1,9.0,1.0
201000006266,0010-11-18 20:45:00,10,11,18,20,45,120,46,,44.204,2.402,Nuit sans éclairage public,Hors agglomération,Hors intersection,Pluie légère,Sans collision,,,,,,,,,,,3,1,1,2.0,7.0
201000006267,0010-03-28 15:30:00,10,3,28,15,30,120,254,,44.49,2.551,Plein jour,Hors agglomération,Hors intersection,Normale,Autre collision,,,,,,,,,,,1,1,1,1.0,6.0
201000006268,0010-06-03 11:15:00,10,6,3,11,15,120,171,,44.547,2.409,Plein jour,Hors agglomération,Hors intersection,Normale,Deux véhicules - côté,,,,,,,,,,,1,1,1,1.0,3.0
201000006269,0010-06-08 16:00:00,10,6,8,16,0,120,16,,,,Plein jour,Hors agglomération,Hors intersection,Normale,Deux véhicules - frontale,,,,,,,,,,,1,1,1,1.0,1.0
201000006270,0010-07-02 16:00:00,10,7,2,16,0,120,221,,44.585,2.521,Plein jour,Hors agglomération,Hors intersection,Normale,Deux véhicules - frontale,,,,,,,,,,,1,1,1,1.0,1.0
201000006271,0010-07-07 15:30:00,10,7,7,15,30,120,20,Chemin de la Parranies,44.408,2.447,Plein jour,En agglomération,Hors intersection,Normale,Autre collision,,,,,,,,,,,1,2,1,1.0,6.0
201000006272,0010-07-13 23:15:00,10,7,13,23,15,120,114,,44.626,2.363,Nuit sans éclairage public,Hors agglomération,Hors intersection,Normale,Deux véhicules - frontale,,,,,,,,,,,3,1,1,1.0,1.0
201000006273,0010-07-18 19:15:00,10,7,18,19,15,120,138,,44.459,2.455,Plein jour,Hors agglomération,Hors intersection,Normale,Autre collision,,,,,,,,,,,1,1,1,1.0,6.0
201000006274,0010-08-15 01:15:00,10,8,15,1,15,120,142,,44.404,2.364,Nuit sans éclairage public,Hors agglomération,Intersection en X,Pluie légère,Deux véhicules - frontale,,,,,,,,,,,3,1,2,2.0,1.0
201000006275,0010-08-17 21:15:00,10,8,17,21,15,120,254,,44.426,2.471,Crépuscule ou aube,Hors agglomération,Hors intersection,Normale,Sans collision,,,,,,,,,,,2,1,1,1.0,7.0
201000006276,0010-10-30 20:15:00,10,10,30,20,15,120,171,,44.53,2.414,Nuit sans éclairage public,Hors agglomération,Hors intersection,Normale,Deux véhicules - frontale,,,,,,,,,,,3,1,1,1.0,1.0
201000006277,0010-06-05 15:00:00,10,6,5,15,0,120,34,,44.389,2.139,Plein jour,Hors agglomération,Hors intersection,Normale,Autre collision,,,,,,,,,,,1,1,1,1.0,6.0
201000006278,0010-08-11 14:45:00,10,8,11,14,45,120,148,avenue du Ségala,44.482,2.231,Plein jour,En agglomération,Hors intersection,Normale,Autre collision,,,,,,,,,,,1,2,1,1.0,6.0
201000006279,0010-08-19 17:00:00,10,8,19,17,0,120,289,,44.501,2.204,Plein jour,Hors agglomération,Hors intersection,Temps éblouissant,Autre collision,,,,,,,,,,,1,1,1,7.0,6.0
201000006280,0010-08-24 13:45:00,10,8,24,13,45,120,121,,,,Plein jour,Hors agglomération,Hors intersection,Normale,Autre collision,,,,,,,,,,,1,1,1,1.0,6.0
201000006281,0010-12-03 11:00:00,10,12,3,11,0,120,121,,44.437,2.195,Plein jour,Hors agglomération,Hors intersection,Temps couvert,Deux véhicules - frontale,,,,,,,,,,,1,1,1,8.0,1.0
201000006282,0010-12-23 08:30:00,10,12,23,8,30,120,271,,44.375,2.841,Plein jour,Hors agglomération,Hors intersection,Normale,Autre collision,,,,,,,,,,,1,1,1,1.0,6.0
201000006283,0010-07-04 16:00:00,10,7,4,16,0,120,48,,,,Plein jour,Hors agglomération,Hors intersection,Normale,Deux véhicules - frontale,,,,,,,,,,,1,1,1,1.0,1.0
201000006284,0010-08-11 19:00:00,10,8,11,19,0,120,103,Le Bourg  12140,44.63,2.63,Plein jour,En agglomération,Hors intersection,Normale,Autre collision,,,,,,,,,,,1,2,1,1.0,6.0
201000006285,0010-05-26 18:45:00,10,5,26,18,45,120,156,,44.62,2.82,Plein jour,Hors agglomération,Hors intersection,Normale,Deux véhicules - côté,,,,,,,,,,,1,1,1,1.0,3.0
201000006286,0010-09-26 01:30:00,10,9,26,1,30,120,273,,44.669,2.783,Nuit sans éclairage public,Hors agglomération,Hors intersection,Normale,Autre collision,,,,,,,,,,,3,1,1,1.0,6.0