accident_id,datetime,annee,mois,jour,heure,minute,departement,commune_insee,adresse,latitude,longitude,luminosite,agglomeration,intersection,meteo,collision,nb_vehicules,nb_usagers,nb_indemnes,nb_tues,nb_blesses_hosp,nb_blesses_legers,age_cond_1,age_cond_2,veh_type_cond_1,veh_type_cond_2,lum_code,agg_code,int_code,atm_code,col_code
201000006287,0010-05-30 18:00:00,10,5,30,18,0,120,224,"41, rue frayssinous",,,Plein jour,En agglomération,Hors intersection,Pluie légère,Deux véhicules - frontale,,,,,,,,,,,1,2,1,2.0,1.0
201000006288,0010-02-01 07:45:00,10,2,1,7,45,120,225,Rue du Menascle,,,Crépuscule ou aube,En agglomération,Hors intersection,Normale,Sans collision,,,,,,,,,,,2,2,1,1.0,7.0
201000006289,0010-07-04 15:45:00,10,7,4,15,45,120,2,,44.169,3.087,Plein jour,Hors agglomération,Hors intersection,Normale,Deux véhicules - frontale,,,,,,,,,,,1,1,1,1.0,1.0
201000006290,0010-07-19 01:00:00,10,7,19,1,0,120,220,,,,Nuit sans éclairage public,Hors agglomération,Hors intersection,Normale,Sans collision,,,,,,,,,,,3,1,1,1.0,7.0
201000006291,0010-08-20 12:00:00,10,8,20,12,0,120,86,,,,Plein jour,Hors agglomération,Hors intersection,Normale,Deux véhicules - frontale,,,,,,,,,,,1,1,1,1.0,1.0
201000006292,0010-06-19 10:45:00,10,6,19,10,45,120,294,,44.28,2.965,Plein jour,Hors agglomération,Hors intersection,Normale,Autre collision,,,,,,,,,,,1,1,1,1.0,6.0
201000006293,0010-07-03 16:30:00,10,7,3,16,30,120,266,,,,Plein jour,Hors agglomération,Hors intersection,Normale,Sans collision,,,,,,,,,,,1,1,1,1.0,7.0
201000006294,0010-10-12 17:45:00,10,10,12,17,45,120,266,,,,Plein jour,Hors agglomération,Hors intersection,Normale,Deux véhicules - frontale,,,,,,,,,,,1,1,1,1.0,1.0
201000006295,0010-11-03 23:15:00,10,11,3,23,15,120,294,,44.24,2.883,Nuit sans éclairage public,Hors agglomération,Hors intersection,Pluie légère,Autre collision,,,,,,,,,,,3,1,1,2.0,6.0
201000006296,0010-12-22 18:15:00,10,12,22,18,15,120,294,,44.245,2.906,Nuit sans éclairage public,Hors agglomération,Hors intersection,Pluie légère,Deux véhicules - frontale,,,,,,,,,,,3,1,1,2.0,1.0
201000006297,0010-04-16 20:00:00,10,4,16,20,0,120,270,Route de Paris,44.327,3.074,Crépuscule ou aube,En agglomération,Hors intersection,Normale,Sans collision,,,,,,,,,,,2,2,1,1.0,7.0
201000006298,0010-07-26 10:15:00,10,7,26,10,15,120,196,,44.356,2.942,Plein jour,Hors agglomération,Hors intersection,Temps couvert,Deux véhicules - frontale,,,,,,,,,,,1,1,1,8.0,1.0
201000006299,0010-03-23 17:00:00,10,3,23,17,0,120,208,Boulevard La Capelle,43.958,2.89,Plein jour,En agglomération,Hors intersection,Normale,Autre collision,,,,,,,,,,,1,2,1,1.0,6.0
201000006300,0010-04-01 14:15:00,10,4,1,14,15,120,208,Place Foch,43.962,2.884,Plein jour,En agglomération,Hors intersection,Normale,Autre collision,,,,,,,,,,,1,2,1,1.0,6.0
201000006301,0010-07-05 12:15:00,10,7,5,12,15,120,208,rue Général de CASTELNAU,43.964,2.885,Plein jour,En agglomération,Hors intersection,Normale,Deux véhicules - côté,,,,,,,,,,,1,2,1,1.0,3.0
201000006302,0010-07-30 18:30:00,10,7,30,18,30,120,296,,44.064,2.872,Plein jour,Hors agglomération,Hors intersection,Normale,Sans collision,,,,,,,,,,,1,1,1,1.0,7.0
201000006303,0010-09-10 17:30:00,10,9,10,17,30,120,208,,43.955,2.915,Plein jour,Hors agglomération,Hors intersection,Temps éblouissant,Sans collision,,,,,,,,,,,1,1,1,7.0,7.0
201000006304,0010-09-13 17:30:00,10,9,13,17,30,120,208,,43.957,2.923,Plein jour,Hors agglomération,Hors intersection,Normale,Deux véhicules - arrière,,,,,,,,,,,1,1,1,1.0,2.0
201000006305,0010-09-26 02:45:00,10,9,26,2,45,120,208,Route de Versols,43.945,2.896,Nuit sans éclairage public,En agglomération,Hors intersection,Normale,Deux véhicules - frontale,,,,,,,,,,,3,2,1,1.0,1.0
201000006306,0010-10-16 01:45:00,10,10,16,1,45,120,208,Avenue victor Hugo,43.962,2.888,Nuit avec éclairage allumé,En agglomération,Hors intersection,Normale,Autre collision,,,,,,,,,,,5,2,1,1.0,6.0
201000006307,0010-10-29 10:15:00,10,10,29,10,15,120,208,"Parking ""SUPER U""",43.96,2.858,Plein jour,En agglomération,Hors intersection,Normale,Autre collision,,,,,,,,,,,1,2,1,1.0,6.0
201000006308,0010-11-08 15:00:00,10,11,8,15,0,120,203,,43.991,2.968,Plein jour,Hors agglomération,Hors intersection,Pluie forte,Sans collision,,,,,,,,,,,1,1,1,3.0,7.0
201000006309,0010-11-25 12:30:00,10,11,25,12,30,120,228,,43.966,2.739,Plein jour,Hors agglomération,Hors intersection,Pluie légère,Sans collision,,,,,,,,,,,1,1,1,2.0,7.0
201000006310,0010-12-04 05:00:00,10,12,4,5,0,120,203,,43.98,2.963,Nuit sans éclairage public,Hors agglomération,Hors intersection,Normale,Sans collision,,,,,,,,,,,3,1,1,1.0,7.0
201000006311,0010-12-08 09:45:00,10,12,8,9,45,120,208,boulevard de Verdun,,,Plein jour,En agglomération,Hors intersection,Normale,Autre collision,,,,,,,,,,,1,2,1,1.0,6.0
201000006312,0010-12-18 14:45:00,10,12,18,14,45,120,286,,,,Plein jour,Hors agglomération,Hors intersection,Normale,Trois véhicules et plus - collisions multiples,,,,,,,,,,,1,1,1,1.0,5.0
201000006313,0010-12-27 09:00:00,10,12,27,9,0,120,155,,43.873,3.091,Plein jour,Hors agglomération,Hors intersection,Normale,Autre collision,,,,,,,,,,,1,1,1,1.0,6.0
201000006314,0010-05-30 14:15:00,10,5,30,14,15,120,233,,43.934,2.733,Plein jour,Hors agglomération,Hors intersection,Pluie légère,Autre collision,,,,,,,,,,,1,1,1,2.0,6.0
201000006315,0010-08-01 06:30:00,10,8,1,6,30,120,9,,43.741,2.952,Plein jour,Hors agglomération,Hors intersection,Normale,Sans collision,,,,,,,,,,,1,1,1,1.0,7.0
201000006316,0010-10-01 15:45:00,10,10,1,15,45,120,69,,43.878,2.672,Plein jour,Hors agglomération,Hors intersection,Normale,Sans collision,,,,,,,,,,,1,1,1,1.0,7.0
201000006317,0010-10-01 18:45:00,10,10,1,18,45,120,25,RUE DE L EGLISE,43.82,2.755,Plein jour,En agglomération,Hors intersection,Normale,Autre collision,,,,,,,,,,,1,2,1,1.0,6.0
201000006318,0010-01-31 14:45:00,10,1,31,14,45,120,44,,43.849,2.899,Plein jour,Hors agglomération,Hors intersection,Normale,Deux véhicules - frontale,,,,,,,,,,,1,1,1,1.0,1.0
201000006319,0010-06-19 14:45:00,10,6,19,14,45,120,77,,43.913,3.178,Plein jour,Hors agglomération,Hors intersection,Normale,Autre collision,,,,,,,,,,,1,1,1,1.0,6.0
201000006320,0010-01-08 21:15:00,10,1,8,21,15,120,287,Mémer,44.326,1.898,Nuit avec éclairage allumé,En agglomération,Hors intersection,Neige / grêle,Deux véhicules - côté,,,,,,,,,,,5,2,1,4.0,3.0
201000006321,0010-01-08 17:00:00,10,1,8,17,0,120,159,,44.341,2.103,Nuit sans éclairage public,Hors agglomération,Hors intersection,Neige / grêle,Autre collision,,,,,,,,,,,3,1,1,4.0,6.0
201000006322,0010-01-23 21:15:00,10,1,23,21,15,120,263,,44.35,1.96,Nuit sans éclairage public,Hors agglomération,Hors intersection,Normale,Autre collision,,,,,,,,,,,3,1,1,1.0,6.0
201000006323,0010-06-30 07:45:00,10,6,30,7,45,120,136,,,,Plein jour,Hors agglomération,Hors intersection,Normale,Trois véhicules et plus - collisions multiples,,,,,,,,,,,1,1,1,1.0,5.0
201000006324,0010-07-16 11:45:00,10,7,16,11,45,120,300,avenue des Croates,44.366,2.04199,Plein jour,En agglomération,Hors intersection,Normale,Deux véhicules - frontale,,,,,,,,,,,1,2,1,1.0,1.0
201000006325,0010-09-19 05:30:00,10,9,19,5,30,120,300,,,,Nuit sans éclairage public,Hors agglomération,Hors intersection,Normale,Autre collision,,,,,,,,,,,3,1,1,1.0,6.0
201000006326,0010-10-24 05:30:00,10,10,24,5,30,120,136,,44.428,2.125,Nuit sans éclairage public,Hors agglomération,Hors intersection,Pluie légère,Autre collision,,,,,,,,,,,3,1,1,2.0,6.0
201000006327,0010-11-06 18:00:00,10,11,6,18,0,120,300,route de montauban,,,Nuit sans éclairage public,En agglomération,Hors intersection,Pluie légère,Autre collision,,,,,,,,,,,3,2,1,2.0,6.0
201000006328,0010-11-09 12:00:00,10,11,9,12,0,120,300,place fontanges,,,Plein jour,En agglomération,Hors intersection,Pluie légère,Autre collision,,,,,,,,,,,1,2,1,2.0,6.0
201000006329,0010-12-13 13:00:00,10,12,13,13,0,120,300,,,,Plein jour,Hors agglomération,Hors intersection,Normale,Deux véhicules - côté,,,,,,,,,,,1,1,1,1.0,3.0
201000006330,0010-01-25 16:30:00,10,1,25,16,30,120,104,,,,Plein jour,Hors agglomération,Hors intersection,Normale,Sans collision,,,,,,,,,,,1,1,1,1.0,7.0
201000006331,0010-04-16 21:45:00,10,4,16,21,45,120,3,,44.542,2.196,Nuit sans éclairage public,Hors agglomération,Hors intersection,Normale,Sans collision,,,,,,,,,,,3,1,1,1.0,7.0
201000006332,0010-05-22 02:30:00,10,5,22,2,30,120,52,9 avenue albert thomas,,,Nuit avec éclairage allumé,En agglomération,Hors intersection,Normale,Autre collision,,,,,,,,,,,5,2,1,1.0,6.0
201000006333,0010-10-11 18:30:00,10,10,11,18,30,120,242,,44.402,2.04199,Plein jour,Hors agglomération,Hors intersection,Pluie légère,Deux véhicules - frontale,,,,,,,,,,,1,1,1,2.0,1.0
201000006334,0010-08-16 18:00:00,10,8,16,18,0,120,285,,,,Plein jour,Hors agglomération,Hors intersection,Normale,Autre collision,,,,,,,,,,,1,1,1,1.0,6.0
201000006335,0010-12-20 09:45:00,10,12,20,9,45,120,198,,44.312,2.275,Plein jour,Hors agglomération,Hors intersection,Normale,Deux véhicules - côté,,,,,,,,,,,1,1,1,1.0,3.0
201000006336,0010-03-29 16:30:00,10,3,29,16,30,320,29,,43.6468,0.40473,Plein jour,Hors agglomération,Hors intersection,Normale,Sans collision,,,,,,,,,,,1,1,1,1.0,7.0
201000006337,0010-06-03 13:00:00,10,6,3,13,0,320,307,BAQUE,43.6055,0.56719,Plein jour,Hors agglomération,Hors intersection,Normale,Autre collision,,,,,,,,,,,1,1,1,1.0,6.0
201000006338,0010-06-13 08:30:00,10,6,13,8,30,320,368,,43.7554,0.62,Plein jour,Hors agglomération,Intersection en X,Normale,Deux véhicules - côté,,,,,,,,,,,1,1,2,1.0,3.0
201000006339,0010-07-16 10:00:00,10,7,16,10,0,320,307,,43.5969,0.60396,Plein jour,Hors agglomération,Hors intersection,Normale,Deux véhicules - frontale,,,,,,,,,,,1,1,1,1.0,1.0
201000006340,0010-07-16 14:30:00,10,7,16,14,30,320,258,,43.7464,0.6597,Plein jour,Hors agglomération,Intersection en T,Temps éblouissant,Deux véhicules - côté,,,,,,,,,,,1,1,3,7.0,3.0
201000006341,0010-07-26 10:45:00,10,7,26,10,45,320,381,,43.5813,0.54034,Plein jour,Hors agglomération,Hors intersection,Normale,Deux véhicules - côté,,,,,,,,,,,1,1,1,1.0,3.0
201000006342,0010-08-10 12:30:00,10,8,10,12,30,320,307,ZI DU SOUSSON BAGI JARDI,43.6153,0.5803,Plein jour,Hors agglomération,Hors intersection,Normale,Autre collision,,,,,,,,,,,1,1,1,1.0,6.0
201000006343,0010-08-14 19:30:00,10,8,14,19,30,320,183,,43.6532,0.67429,Plein jour,Hors agglomération,Hors intersection,Normale,Deux véhicules - frontale,,,,,,,,,,,1,1,1,1.0,1.0
201000006344,0010-08-26 17:15:00,10,8,26,17,15,320,207,,43.6604,0.65833,Plein jour,Hors agglomération,Intersection en X,Temps éblouissant,Deux véhicules - côté,,,,,,,,,,,1,1,2,7.0,3.0
201000006345,0010-09-19 19:15:00,10,9,19,19,15,320,307,,43.6055,0.56719,Plein jour,Hors agglomération,Hors intersection,Normale,Deux véhicules - frontale,,,,,,,,,,,1,1,1,1.0,1.0
201000006346,0010-09-22 17:15:00,10,9,22,17,15,320,307,ZI DU MARINÉ CD 929,43.6145,0.58609,Plein jour,En agglomération,Hors intersection,Normale,Deux véhicules - frontale,,,,,,,,,,,1,2,1,1.0,1.0
201000006347,0010-11-25 08:15:00,10,11,25,8,15,320,331,,43.7054,0.61846,Crépuscule ou aube,Hors agglomération,Intersection en T,Pluie légère,Deux véhicules - côté,,,,,,,,,,,2,1,3,2.0,3.0
201000006348,0010-12-19 07:00:00,10,12,19,7,0,320,183,,43.653,0.67491,Crépuscule ou aube,Hors agglomération,Hors intersection,Autre,Sans collision,,,,,,,,,,,2,1,1,9.0,7.0
201000006349,0010-01-08 18:15:00,10,1,8,18,15,320,249,,43.7076,0.85311,Nuit sans éclairage public,Hors agglomération,Hors intersection,Temps couvert,Deux véhicules - frontale,,,,,,,,,,,3,1,1,8.0,1.0
201000006350,0010-01-25 14:15:00,10,1,25,14,15,320,12,"LIEUDIT ""LES VERDALLES""",43.6476,0.75958,Plein jour,Hors agglomération,Hors intersection,Normale,Autre collision,,,,,,,,,,,1,1,1,1.0,6.0
201000006351,0010-02-27 18:30:00,10,2,27,18,30,320,406,"""PONT DE L'ARRATS""",43.6919,0.8232,Plein jour,Hors agglomération,Hors intersection,Vent fort / tempête,Autre collision,,,,,,,,,,,1,1,1,6.0,6.0
201000006352,0010-03-14 09:30:00,10,3,14,9,30,320,123,,43.6477,0.91299,Plein jour,Hors agglomération,Hors intersection,Normale,Deux véhicules - frontale,,,,,,,,,,,1,1,1,1.0,1.0
201000006353,0010-06-18 15:30:00,10,6,18,15,30,320,147,BOULEVARD DU NORD,43.6291,0.87444,Plein jour,En agglomération,Hors intersection,Normale,Autre collision,,,,,,,,,,,1,2,1,1.0,6.0
201000006354,0010-08-04 13:15:00,10,8,4,13,15,320,436,,43.8049,0.88053,Plein jour,Hors agglomération,Hors intersection,Normale,Autre collision,,,,,,,,,,,1,1,1,1.0,6.0
201000006355,0010-08-24 19:00:00,10,8,24,19,0,320,436,,43.781,0.88868,Plein jour,Hors agglomération,Hors intersection,Normale,Sans collision,,,,,,,,,,,1,1,1,1.0,7.0
201000006356,0010-09-27 08:45:00,10,9,27,8,45,320,147,LIEU-DIT JULIAS PN76,43.6416,0.90813,Plein jour,Hors agglomération,Passage à niveau,Normale,Deux véhicules - côté,,,,,,,,,,,1,1,8,1.0,3.0
201000006357,0010-10-07 16:00:00,10,10,7,16,0,320,12,,43.652,0.79047,Plein jour,Hors agglomération,Hors intersection,Normale,Sans collision,,,,,,,,,,,1,1,1,1.0,7.0
201000006358,0010-12-04 09:00:00,10,12,4,9,0,320,123,,43.6489,0.90832,Plein jour,Hors agglomération,Hors intersection,Normale,Deux véhicules - frontale,,,,,,,,,,,1,1,1,1.0,1.0
201000006359,0010-12-31 14:00:00,10,12,31,14,0,320,372,,43.6968,0.97705,Plein jour,Hors agglomération,Hors intersection,Normale,Deux véhicules - frontale,,,,,,,,,,,1,1,1,1.0,1.0
201000006360,0010-03-23 14:15:00,10,3,23,14,15,320,268,,43.6038,0.99694,Plein jour,Hors agglomération,Hors intersection,Normale,Deux véhicules - frontale,,,,,,,,,,,1,1,1,1.0,1.0
201000006361,0010-04-15 00:45:00,10,4,15,0,45,320,334,,43.5902,1.17091,Nuit sans éclairage public,Hors agglomération,Autre intersection,Normale,Deux véhicules - arrière,,,,,,,,,,,3,1,9,1.0,2.0
201000006362,0010-06-11 15:00:00,10,6,11,15,0,320,268,,43.6128,0.9462,Plein jour,Hors agglomération,Hors intersection,Normale,Deux véhicules - frontale,,,,,,,,,,,1,1,1,1.0,1.0
201000006363,0010-09-21 19:00:00,10,9,21,19,0,320,160,,43.6024,1.03353,Plein jour,Hors agglomération,Hors intersection,Normale,Deux véhicules - arrière,,,,,,,,,,,1,1,1,1.0,2.0
201000006364,0010-10-03 19:15:00,10,10,3,19,15,320,334,,43.5929,1.18769,Crépuscule ou aube,Hors agglomération,Hors intersection,Normale,Deux véhicules - arrière,,,,,,,,,,,2,1,1,1.0,2.0
201000006365,0010-10-05 13:15:00,10,10,5,13,15,320,121,,43.5382,0.99764,Plein jour,Hors agglomération,Hors intersection,Normale,Trois véhicules et plus - collisions multiples,,,,,,,,,,,1,1,1,1.0,5.0
201000006366,0010-11-26 15:45:00,10,11,26,15,45,320,160,,43.5766,1.04035,Plein jour,Hors agglomération,Hors intersection,Normale,Deux véhicules - frontale,,,,,,,,,,,1,1,1,1.0,1.0
201000006367,0010-12-10 18:00:00,10,12,10,18,0,320,160,AVENUE CHARLES BACQUET,43.6119,1.078,Nuit sans éclairage public,En agglomération,Hors intersection,Normale,Autre collision,,,,,,,,,,,3,2,1,1.0,6.0
201000006368,0010-12-16 05:15:00,10,12,16,5,15,320,160,,43.6036,1.05246,Nuit sans éclairage public,Hors agglomération,Hors intersection,Normale,Deux véhicules - côté,,,,,,,,,,,3,1,1,1.0,3.0
201000006369,0010-01-26 15:15:00,10,1,26,15,15,320,213,QUERCON,43.4639,0.88953,Plein jour,Hors agglomération,Intersection en T,Normale,Deux véhicules - arrière,,,,,,,,,,,1,1,3,1.0,2.0
201000006370,0010-02-10 19:30:00,10,2,10,19,30,320,410,LA HOUME,43.502,0.97133,Nuit sans éclairage public,Hors agglomération,Hors intersection,Normale,Autre collision,,,,,,,,,,,3,1,1,1.0,6.0
201000006371,0010-05-12 20:00:00,10,5,12,20,0,320,322,,43.5315,0.99096,Crépuscule ou aube,Hors agglomération,Intersection en T,Pluie forte,Trois véhicules et plus - collisions multiples,,,,,,,,,,,2,1,3,3.0,5.0
201000006372,0010-05-15 22:00:00,10,5,15,22,0,320,51,,43.5388,0.88533,Nuit sans éclairage public,Hors agglomération,Hors intersection,Pluie légère,Autre collision,,,,,,,,,,,3,1,1,2.0,6.0
201000006373,0010-05-17 08:00:00,10,5,17,8,0,320,410,NÉGOTI,43.5078,0.9484,Plein jour,Hors agglomération,Hors intersection,Normale,Deux véhicules - côté,,,,,,,,,,,1,1,1,1.0,3.0
201000006374,0010-05-25 09:00:00,10,5,25,9,0,320,451,,43.4289,0.77455,Plein jour,Hors agglomération,Hors intersection,Normale,Deux véhicules - côté,,,,,,,,,,,1,1,1,1.0,3.0
201000006375,0010-08-05 17:30:00,10,8,5,17,30,320,336,,43.4488,0.95006,Plein jour,Hors agglomération,Intersection en X,Normale,Deux véhicules - côté,,,,,,,,,,,1,1,2,1.0,3.0
201000006376,0010-11-14 13:30:00,10,11,14,13,30,320,284,,43.4441,0.95145,Plein jour,Hors agglomération,Hors intersection,Normale,Sans collision,,,,,,,,,,,1,1,1,1.0,7.0
201000006377,0010-12-11 13:45:00,10,12,11,13,45,320,410,LIEU DIT NÉGOTI,43.4992,0.93646,Plein jour,En agglomération,Hors intersection,Normale,Autre collision,,,,,,,,,,,1,2,1,1.0,6.0
201000006378,0010-01-27 22:15:00,10,1,27,22,15,320,162,LIEU DIT LES CAPOTS,43.7577,0.46639,Nuit sans éclairage public,En agglomération,Hors intersection,Normale,Autre collision,,,,,,,,,,,3,2,1,1.0,6.0
201000006379,0010-05-28 18:15:00,10,5,28,18,15,320,43,,43.6745,0.23781,Plein jour,Hors agglomération,Hors intersection,Temps couvert,Autre collision,,,,,,,,,,,1,1,1,8.0,6.0
201000006380,0010-06-06 18:45:00,10,6,6,18,45,320,54,,43.721,0.41387,Plein jour,Hors agglomération,Hors intersection,Normale,Autre collision,,,,,,,,,,,1,1,1,1.0,6.0
201000006381,0010-06-23 18:30:00,10,6,23,18,30,320,162,PLACE DE LA BASCULE,43.7576,0.46137,Plein jour,En agglomération,Intersection en X,Normale,Deux véhicules - côté,,,,,,,,,,,1,2,2,1.0,3.0
201000006382,0010-07-05 17:30:00,10,7,5,17,30,320,462,AVENU DE L'EUROPE,43.7556,0.30263,Plein jour,En agglomération,Intersection en X,Normale,Deux véhicules - côté,,,,,,,,,,,1,2,2,1.0,3.0
201000006383,0010-07-23 16:45:00,10,7,23,16,45,320,462,RN 124,43.7556,0.30263,Plein jour,En agglomération,Intersection en X,Normale,Deux véhicules - côté,,,,,,,,,,,1,2,2,1.0,3.0
201000006384,0010-07-27 10:45:00,10,7,27,10,45,320,384,,43.7162,0.503,Plein jour,Hors agglomération,Hors intersection,Normale,Autre collision,,,,,,,,,,,1,1,1,1.0,6.0
201000006385,0010-07-28 16:30:00,10,7,28,16,30,320,462,,43.747,0.33955,Plein jour,Hors agglomération,Hors intersection,Normale,Sans collision,,,,,,,,,,,1,1,1,1.0,7.0
201000006386,0010-08-27 12:15:00,10,8,27,12,15,320,382,,43.7327,0.37482,Plein jour,Hors agglomération,Hors intersection,Normale,Autre collision,,,,,,,,,,,1,1,1,1.0,6.0
201000006387,0010-09-29 13:15:00,10,9,29,13,15,320,382,,43.75,0.378,Plein jour,Hors agglomération,Hors intersection,Normale,Autre collision,,,,,,,,,,,1,1,1,1.0,6.0
201000006388,0010-12-05 18:00:00,10,12,5,18,0,320,462,AVENUE DE L'EUROPE,43.7548,0.30751,Nuit avec éclairage allumé,En agglomération,Intersection en X,Normale,Deux véhicules - côté,,,,,,,,,,,5,2,2,1.0,3.0
201000006389,0010-01-31 07:45:00,10,1,31,7,45,320,107,,44.0087,0.4037,Plein jour,Hors agglomération,Hors intersection,Brouillard / fumée,Autre collision,,,,,,,,,,,1,1,1,5.0,6.0
201000006390,0010-02-03 15:30:00,10,2,3,15,30,320,107,PLACE ST PIERRE,43.958,0.37367,Plein jour,En agglomération,Place,Normale,Autre collision,,,,,,,,,,,1,2,7,1.0,6.0
201000006391,0010-02-23 17:30:00,10,2,23,17,30,320,143,,44.0284,0.46058,Plein jour,Hors agglomération,Hors intersection,Normale,Deux véhicules - frontale,,,,,,,,,,,1,1,1,1.0,1.0
201000006392,0010-03-27 15:15:00,10,3,27,15,15,320,107,,43.9756,0.42975,Plein jour,Hors agglomération,Hors intersection,Pluie légère,Deux véhicules - frontale,,,,,,,,,,,1,1,1,2.0,1.0
201000006393,0010-04-08 18:00:00,10,4,8,18,0,320,459,GRANDE RUE,43.8824,0.38144,Plein jour,En agglomération,Intersection en T,Normale,Autre collision,,,,,,,,,,,1,2,3,1.0,6.0
201000006394,0010-06-30 14:30:00,10,6,30,14,30,320,75,,43.9047,0.32799,Plein jour,Hors agglomération,Hors intersection,Normale,Autre collision,,,,,,,,,,,1,1,1,1.0,6.0
201000006395,0010-07-03 09:15:00,10,7,3,9,15,320,212,,44.0469,0.45454,Plein jour,Hors agglomération,Hors intersection,Normale,Autre collision,,,,,,,,,,,1,1,1,1.0,6.0
201000006396,0010-07-02 10:30:00,10,7,2,10,30,320,459,,43.8696,0.39125,Plein jour,En agglomération,Hors intersection,Normale,Deux véhicules - côté,,,,,,,,,,,1,2,1,1.0,3.0
201000006397,0010-07-06 10:00:00,10,7,6,10,0,320,107,PONT DES CARMES,43.9567,0.36895,Plein jour,En agglomération,Hors intersection,Normale,Autre collision,,,,,,,,,,,1,2,1,1.0,6.0
201000006398,0010-07-15 18:30:00,10,7,15,18,30,320,402,,43.7735,0.38001,Plein jour,Hors agglomération,Hors intersection,Normale,Autre collision,,,,,,,,,,,1,1,1,1.0,6.0
201000006399,0010-07-17 22:45:00,10,7,17,22,45,320,107,,44.0086,0.41027,Nuit sans éclairage public,Hors agglomération,Hors intersection,Normale,Autre collision,,,,,,,,,,,3,1,1,1.0,6.0
201000006400,0010-07-24 22:15:00,10,7,24,22,15,320,80,,43.9691,0.46518,Nuit sans éclairage public,Hors agglomération,Hors intersection,Normale,Autre collision,,,,,,,,,,,3,1,1,1.0,6.0
201000006401,0010-09-05 08:15:00,10,9,5,8,15,320,212,,44.0352,0.48839,Plein jour,Hors agglomération,Hors intersection,Normale,Autre collision,,,,,,,,,,,1,1,1,1.0,6.0
201000006402,0010-09-16 18:15:00,10,9,16,18,15,320,107,68 AVENUE D AQUITAINE,43.9588,0.36776,Plein jour,En agglomération,Hors intersection,Pluie légère,Deux véhicules - côté,,,,,,,,,,,1,2,1,2.0,3.0
201000006403,0010-12-15 18:45:00,10,12,15,18,45,320,404,,43.8925,0.43365,Nuit sans éclairage public,Hors agglomération,Hors intersection,Normale,Autre collision,,,,,,,,,,,3,1,1,1.0,6.0
201000006404,0010-01-09 12:15:00,10,1,9,12,15,320,79,,43.928,0.09122,Plein jour,Hors agglomération,Hors intersection,Temps couvert,Autre collision,,,,,,,,,,,1,1,1,8.0,6.0
201000006405,0010-04-07 14:15:00,10,4,7,14,15,320,155,,43.78,-0.1967,Plein jour,Hors agglomération,Intersection en T,Pluie légère,Deux véhicules - côté,,,,,,,,,,,1,1,3,2.0,3.0
201000006406,0010-04-11 17:15:00,10,4,11,17,15,320,125,ID BROUQUIS,43.8289,0.09259,Plein jour,Hors agglomération,Hors intersection,Normale,Deux véhicules - arrière,,,,,,,,,,,1,1,1,1.0,2.0
201000006407,0010-04-25 18:15:00,10,4,25,18,15,320,5,,43.749,-0.05914,Plein jour,Hors agglomération,Hors intersection,Normale,Trois véhicules et plus - en chaîne,,,,,,,,,,,1,1,1,1.0,4.0
201000006408,0010-05-14 16:00:00,10,5,14,16,0,320,296,AVENUE DE L'AUTODROME,43.764,-0.036,Plein jour,En agglomération,Intersection en T,Normale,Deux véhicules - côté,,,,,,,,,,,1,2,3,1.0,3.0
201000006409,0010-07-15 10:45:00,10,7,15,10,45,320,119,,43.8775,0.10295,Plein jour,Hors agglomération,Hors intersection,Normale,Deux véhicules - frontale,,,,,,,,,,,1,1,1,1.0,1.0
201000006410,0010-07-14 17:15:00,10,7,14,17,15,320,227,INTERSECTION RD 931 924,43.8009,0.04604,Plein jour,En agglomération,Intersection en T,Temps éblouissant,Deux véhicules - arrière,,,,,,,,,,,1,2,3,7.0,2.0
201000006411,0010-08-03 18:00:00,10,8,3,18,0,320,149,AVENUE DES PYRÉNÉES,43.878,0.23387,Plein jour,En agglomération,Hors intersection,Normale,Deux véhicules - frontale,,,,,,,,,,,1,2,1,1.0,1.0
201000006412,0010-08-02 18:30:00,10,8,2,18,30,320,155,BVD DES PYRENEES,43.7762,-0.18514,Plein jour,En agglomération,Hors intersection,Normale,Autre collision,,,,,,,,,,,1,2,1,1.0,6.0
201000006413,0010-08-10 07:30:00,10,8,10,7,30,320,310,RD6,43.7768,-0.13739,Plein jour,En agglomération,Hors intersection,Temps éblouissant,Autre collision,,,,,,,,,,,1,2,1,7.0,6.0
201000006414,0010-09-01 00:15:00,10,9,1,0,15,320,222,,43.7643,-0.11455,Nuit sans éclairage public,Hors agglomération,Hors intersection,Normale,Trois véhicules et plus - collisions multiples,,,,,,,,,,,3,1,1,1.0,5.0
201000006415,0010-09-05 16:30:00,10,9,5,16,30,320,133,,43.9812,0.25846,Plein jour,Hors agglomération,Hors intersection,Normale,Autre collision,,,,,,,,,,,1,1,1,1.0,6.0