accident_id,datetime,annee,mois,jour,heure,minute,departement,commune_insee,adresse,latitude,longitude,luminosite,agglomeration,intersection,meteo,collision,nb_vehicules,nb_usagers,nb_indemnes,nb_tues,nb_blesses_hosp,nb_blesses_legers,age_cond_1,age_cond_2,veh_type_cond_1,veh_type_cond_2,lum_code,agg_code,int_code,atm_code,col_code
201000006676,0010-06-17 08:30:00,10,6,17,8,30,810,182,,43.7283,2.30989,Plein jour,Hors agglomération,Hors intersection,Normale,Autre collision,,,,,,,,,,,1,1,1,1.0,6.0
201000006677,0010-06-26 18:00:00,10,6,26,18,0,810,252,,43.6657,2.23136,Plein jour,Hors agglomération,Intersection en T,Normale,Deux véhicules - côté,,,,,,,,,,,1,1,3,1.0,3.0
201000006678,0010-09-23 16:45:00,10,9,23,16,45,810,42,,43.6276,2.35336,Plein jour,Hors agglomération,Intersection en X,Normale,Deux véhicules - côté,,,,,,,,,,,1,1,2,1.0,3.0
201000006679,0010-11-09 08:45:00,10,11,9,8,45,810,42,,43.6273,2.36196,Plein jour,Hors agglomération,Hors intersection,Pluie légère,Deux véhicules - frontale,,,,,,,,,,,1,1,1,2.0,1.0
201000006680,0010-02-02 19:15:00,10,2,2,19,15,810,225,,43.9192,1.96654,Nuit sans éclairage public,Hors agglomération,Hors intersection,Normale,Deux véhicules - frontale,,,,,,,,,,,3,1,1,1.0,1.0
201000006681,0010-02-26 15:00:00,10,2,26,15,0,810,38,AVENUE DE LA FÉDARIÉ,43.8847,1.90924,Plein jour,En agglomération,Giratoire,Normale,Deux véhicules - côté,,,,,,,,,,,1,2,6,1.0,3.0
201000006682,0010-03-12 12:30:00,10,3,12,12,30,810,93,,43.8977,2.03657,Plein jour,Hors agglomération,Hors intersection,Normale,Autre collision,,,,,,,,,,,1,1,1,1.0,6.0
201000006683,0010-04-03 17:45:00,10,4,3,17,45,810,99,,43.9135,1.92653,Plein jour,Hors agglomération,Hors intersection,Pluie légère,Deux véhicules - arrière,,,,,,,,,,,1,1,1,2.0,2.0
201000006684,0010-05-21 12:45:00,10,5,21,12,45,810,99,,43.951,1.91178,Plein jour,Hors agglomération,Hors intersection,Normale,Autre collision,,,,,,,,,,,1,1,1,1.0,6.0
201000006685,0010-06-22 11:15:00,10,6,22,11,15,810,99,RD 999,43.8929,1.87699,Plein jour,En agglomération,Hors intersection,Normale,Deux véhicules - côté,,,,,,,,,,,1,2,1,1.0,3.0
201000006686,0010-08-28 06:00:00,10,8,28,6,0,810,117,,43.7824,1.98826,Nuit sans éclairage public,Hors agglomération,Hors intersection,Normale,Sans collision,,,,,,,,,,,3,1,1,1.0,7.0
201000006687,0010-10-27 10:00:00,10,10,27,10,0,810,99,47 AVENUE DOM VAYSSETTE,43.8951,1.90087,Plein jour,En agglomération,Hors intersection,Temps éblouissant,Autre collision,,,,,,,,,,,1,2,1,7.0,6.0
201000006688,0010-12-14 22:30:00,10,12,14,22,30,810,294,,43.854,1.92951,Nuit sans éclairage public,Hors agglomération,Intersection en X,Normale,Deux véhicules - côté,,,,,,,,,,,3,1,2,1.0,3.0
201000006689,0010-12-20 05:45:00,10,12,20,5,45,810,99,,43.9215,1.93511,Nuit sans éclairage public,Hors agglomération,Hors intersection,Autre,Autre collision,,,,,,,,,,,3,1,1,9.0,6.0
201000006690,0010-01-05 18:00:00,10,1,5,18,0,690,89,,,,Nuit avec éclairage allumé,En agglomération,Hors intersection,Normale,Autre collision,,,,,,,,,,,5,2,1,1.0,6.0
201000006691,0010-01-21 18:15:00,10,1,21,18,15,690,89,18 AVENUE DU CHATER,,,Nuit avec éclairage allumé,En agglomération,Hors intersection,Normale,Sans collision,,,,,,,,,,,5,2,1,1.0,7.0
201000006692,0010-03-02 07:45:00,10,3,2,7,45,690,69,27 AV  EDOUARD MILLAUD,45.751,4.744,Plein jour,En agglomération,Hors intersection,Normale,Autre collision,,,,,,,,,,,1,2,1,1.0,6.0
201000006693,0010-03-30 15:30:00,10,3,30,15,30,690,69,112 AVENUE PIERRE DUMONT,45.743,4.71799,Plein jour,En agglomération,Hors intersection,Temps couvert,Deux véhicules - côté,,,,,,,,,,,1,2,1,8.0,3.0
201000006694,0010-08-21 09:30:00,10,8,21,9,30,690,69,J Gladel / Voie romaine,,,Plein jour,En agglomération,Hors intersection,Normale,Deux véhicules - arrière,,,,,,,,,,,1,2,1,1.0,2.0
201000006695,0010-09-08 15:45:00,10,9,8,15,45,690,69,Avenue de Verdun,45.748,4.711,Plein jour,En agglomération,Hors intersection,Normale,Deux véhicules - côté,,,,,,,,,,,1,2,1,1.0,3.0
201000006696,0010-10-01 19:00:00,10,10,1,19,0,690,89,av de la Table de Pierre,,,Nuit avec éclairage allumé,En agglomération,Hors intersection,Normale,Deux véhicules - côté,,,,,,,,,,,5,2,1,1.0,3.0
201000006697,0010-10-06 19:00:00,10,10,6,19,0,690,89,80 avenue du chater,,,Plein jour,En agglomération,Hors intersection,Normale,Autre collision,,,,,,,,,,,1,2,1,1.0,6.0
201000006698,0010-10-25 13:30:00,10,10,25,13,30,690,89,22 av table de pierre,45.752,4.747,Plein jour,En agglomération,Hors intersection,Vent fort / tempête,Deux véhicules - côté,,,,,,,,,,,1,2,1,6.0,3.0
201000006699,0010-10-28 18:30:00,10,10,28,18,30,690,89,Avenue du chater,45.746,4.773,Plein jour,En agglomération,Autre intersection,Normale,Deux véhicules - côté,,,,,,,,,,,1,2,9,1.0,3.0
201000006700,0010-11-26 17:30:00,10,11,26,17,30,690,89,Chemin des hermières,,,Nuit avec éclairage allumé,En agglomération,Hors intersection,Normale,Autre collision,,,,,,,,,,,5,2,1,1.0,6.0
201000006701,0010-12-20 18:00:00,10,12,20,18,0,690,69,137 avenue Pierre dumont,,,Nuit avec éclairage allumé,En agglomération,Hors intersection,Pluie légère,Autre collision,,,,,,,,,,,5,2,1,2.0,6.0
201000006702,0010-05-01 11:01:00,10,5,1,11,1,20,408,rue eugène leduc,,,Plein jour,En agglomération,Intersection en X,Normale,Autre collision,,,,,,,,,,,1,2,2,1.0,6.0
201000006703,0010-04-29 09:20:00,10,4,29,9,20,20,408,"1, MINIMES (RUE DES)",,,Plein jour,En agglomération,Intersection en X,Normale,Deux véhicules - côté,,,,,,,,,,,1,2,2,1.0,3.0
201000006704,0010-10-13 13:52:00,10,10,13,13,52,20,408,,,,Plein jour,En agglomération,Hors intersection,Normale,Autre collision,,,,,,,,,,,1,2,1,1.0,6.0
201000006705,0010-11-13 13:40:00,10,11,13,13,40,20,408,,,,Nuit sans éclairage public,Hors agglomération,Hors intersection,Pluie légère,Autre collision,,,,,,,,,,,3,1,1,2.0,6.0
201000006706,0010-05-15 17:18:00,10,5,15,17,18,20,157,"28, RUE JEAN JAURES",,,Plein jour,En agglomération,Hors intersection,Normale,Deux véhicules - frontale,,,,,,,,,,,1,2,1,1.0,1.0
201000006707,0010-06-01 18:50:00,10,6,1,18,50,20,157,"1, RUE DESCARTES",,,Plein jour,En agglomération,Hors intersection,Pluie légère,Deux véhicules - frontale,,,,,,,,,,,1,2,1,2.0,1.0
201000006708,0010-07-23 04:35:00,10,7,23,4,35,20,408,"5, GAMBETTA (AVENUE)",,,Nuit avec éclairage allumé,En agglomération,Hors intersection,Normale,Autre collision,,,,,,,,,,,5,2,1,1.0,6.0
201000006709,0010-08-17 20:15:00,10,8,17,20,15,20,408,"71, PASTEUR (RUE)",,,Plein jour,En agglomération,Hors intersection,Temps couvert,Sans collision,,,,,,,,,,,1,2,1,8.0,7.0
201000006710,0010-09-22 07:50:00,10,9,22,7,50,20,408,BASSELET (RUE VICTOR),,,Plein jour,En agglomération,Hors intersection,Normale,Sans collision,,,,,,,,,,,1,2,1,1.0,7.0
201000006711,0010-04-04 11:45:00,10,4,4,11,45,810,290,,44.0354,1.97057,Plein jour,Hors agglomération,Hors intersection,Temps couvert,Deux véhicules - frontale,,,,,,,,,,,1,1,1,8.0,1.0
201000006712,0010-05-25 10:00:00,10,5,25,10,0,810,64,,43.9645,1.81739,Plein jour,Hors agglomération,Hors intersection,Normale,Deux véhicules - frontale,,,,,,,,,,,1,1,1,1.0,1.0
201000006713,0010-06-08 17:45:00,10,6,8,17,45,810,64,,43.9718,1.77899,Plein jour,Hors agglomération,Hors intersection,Normale,Autre collision,,,,,,,,,,,1,1,1,1.0,6.0
201000006714,0010-10-02 11:15:00,10,10,2,11,15,810,64,,43.9575,1.83778,Plein jour,Hors agglomération,Hors intersection,Normale,Deux véhicules - frontale,,,,,,,,,,,1,1,1,1.0,1.0
201000006715,0010-01-27 20:45:00,10,1,27,20,45,810,276,,43.9138,1.67285,Nuit sans éclairage public,Hors agglomération,Hors intersection,Normale,Autre collision,,,,,,,,,,,3,1,1,1.0,6.0
201000006716,0010-03-25 06:00:00,10,3,25,6,0,810,70,,43.8068,1.78359,Nuit sans éclairage public,Hors agglomération,Hors intersection,Normale,Autre collision,,,,,,,,,,,3,1,1,1.0,6.0
201000006717,0010-03-27 21:45:00,10,3,27,21,45,810,70,,43.7807,1.7335,Nuit sans éclairage public,Hors agglomération,Hors intersection,Normale,Deux véhicules - frontale,,,,,,,,,,,3,1,1,1.0,1.0
201000006718,0010-03-31 15:15:00,10,3,31,15,15,810,70,,43.8129,1.77039,Plein jour,Hors agglomération,Hors intersection,Normale,Autre collision,,,,,,,,,,,1,1,1,1.0,6.0
201000006719,0010-04-11 06:00:00,10,4,11,6,0,810,171,,,,Crépuscule ou aube,Hors agglomération,Hors intersection,Normale,Sans collision,,,,,,,,,,,2,1,1,1.0,7.0
201000006720,0010-06-19 23:45:00,10,6,19,23,45,810,145,RUE SAINT LOUIS,,,Nuit avec éclairage allumé,En agglomération,Hors intersection,Temps couvert,Deux véhicules - côté,,,,,,,,,,,5,2,1,8.0,3.0
201000006721,0010-07-15 03:30:00,10,7,15,3,30,810,178,,43.9193,1.60306,Nuit sans éclairage public,Hors agglomération,Hors intersection,Normale,Sans collision,,,,,,,,,,,3,1,1,1.0,7.0
201000006722,0010-07-24 21:15:00,10,7,24,21,15,810,145,,43.91,1.71939,Plein jour,Hors agglomération,Hors intersection,Normale,Sans collision,,,,,,,,,,,1,1,1,1.0,7.0
201000006723,0010-08-25 18:00:00,10,8,25,18,0,810,272,,43.9205,1.62537,Plein jour,Hors agglomération,Hors intersection,Normale,Autre collision,,,,,,,,,,,1,1,1,1.0,6.0
201000006724,0010-09-03 16:30:00,10,9,3,16,30,810,38,,43.8712,1.88743,Plein jour,Hors agglomération,Hors intersection,Normale,Deux véhicules - frontale,,,,,,,,,,,1,1,1,1.0,1.0
201000006725,0010-10-10 16:45:00,10,10,10,16,45,810,279,,43.9212,1.65214,Plein jour,Hors agglomération,Hors intersection,Pluie forte,Autre collision,,,,,,,,,,,1,1,1,3.0,6.0
201000006726,0010-11-12 15:30:00,10,11,12,15,30,810,171,32 AVENUE SAINT MARTIN,43.8648,1.88072,Plein jour,En agglomération,Hors intersection,Normale,Deux véhicules - côté,,,,,,,,,,,1,2,1,1.0,3.0
201000006727,0010-11-13 20:00:00,10,11,13,20,0,810,202,,43.8316,1.82841,Nuit sans éclairage public,Hors agglomération,Hors intersection,Normale,Autre collision,,,,,,,,,,,3,1,1,1.0,6.0
201000006728,0010-12-03 12:30:00,10,12,3,12,30,810,145,,43.9093,1.76975,Plein jour,Hors agglomération,Hors intersection,Temps couvert,Deux véhicules - frontale,,,,,,,,,,,1,1,1,8.0,1.0
201000006729,0010-12-27 16:00:00,10,12,27,16,0,810,145,"RD 988, LE GRIFFOULET",43.8534,1.80449,Plein jour,En agglomération,Hors intersection,Normale,Deux véhicules - côté,,,,,,,,,,,1,2,1,1.0,3.0
201000006730,0010-06-03 08:00:00,10,6,3,8,0,810,238,,43.487,2.4646,Plein jour,Hors agglomération,Hors intersection,Normale,Deux véhicules - côté,,,,,,,,,,,1,1,1,1.0,3.0
201000006731,0010-06-14 18:45:00,10,6,14,18,45,810,204,,43.5629,2.32154,Plein jour,Hors agglomération,Hors intersection,Pluie forte,Deux véhicules - côté,,,,,,,,,,,1,1,1,3.0,3.0
201000006732,0010-01-23 18:30:00,10,1,23,18,30,810,120,,43.5572,2.28067,Nuit sans éclairage public,Hors agglomération,Hors intersection,Normale,Deux véhicules - frontale,,,,,,,,,,,3,1,1,1.0,1.0
201000006733,0010-02-14 11:45:00,10,2,14,11,45,810,120,,43.5262,2.29428,Plein jour,Hors agglomération,Hors intersection,Normale,Sans collision,,,,,,,,,,,1,1,1,1.0,7.0
201000006734,0010-03-27 18:30:00,10,3,27,18,30,810,242,,43.5224,2.13314,Plein jour,Hors agglomération,Hors intersection,Normale,Sans collision,,,,,,,,,,,1,1,1,1.0,7.0
201000006735,0010-04-30 22:00:00,10,4,30,22,0,810,288,,43.453,2.03562,Nuit sans éclairage public,Hors agglomération,Hors intersection,Normale,Autre collision,,,,,,,,,,,3,1,1,1.0,6.0
201000006736,0010-06-07 16:30:00,10,6,7,16,30,810,55,,43.4135,2.06947,Plein jour,En agglomération,Hors intersection,Normale,Autre collision,,,,,,,,,,,1,2,1,1.0,6.0
201000006737,0010-08-01 11:45:00,10,8,1,11,45,810,288,49 RUE DE LA PASSE,43.4322,2.05054,Plein jour,En agglomération,Hors intersection,Temps couvert,Autre collision,,,,,,,,,,,1,2,1,8.0,6.0
201000006738,0010-08-23 03:45:00,10,8,23,3,45,810,288,CD85- PR 26.970,43.4515,2.04767,Nuit sans éclairage public,En agglomération,Hors intersection,Normale,Autre collision,,,,,,,,,,,3,2,1,1.0,6.0
201000006739,0010-09-19 16:30:00,10,9,19,16,30,810,81,,43.4583,2.13289,Plein jour,Hors agglomération,Hors intersection,Normale,Deux véhicules - frontale,,,,,,,,,,,1,1,1,1.0,1.0
201000006740,0010-10-08 17:30:00,10,10,8,17,30,810,235,,,,Plein jour,Hors agglomération,Autre intersection,Normale,Deux véhicules - côté,,,,,,,,,,,1,1,9,1.0,3.0
201000006741,0010-10-12 07:00:00,10,10,12,7,0,810,130,,,,Nuit avec éclairage allumé,Hors agglomération,Hors intersection,Normale,Autre collision,,,,,,,,,,,5,1,1,1.0,6.0
201000006742,0010-11-22 22:15:00,10,11,22,22,15,810,325,,43.553,2.18197,Nuit sans éclairage public,Hors agglomération,Hors intersection,Temps couvert,Autre collision,,,,,,,,,,,3,1,1,8.0,6.0
201000006743,0010-12-07 07:30:00,10,12,7,7,30,810,120,,43.5236,2.22513,Crépuscule ou aube,Hors agglomération,Hors intersection,Temps couvert,Autre collision,,,,,,,,,,,2,1,1,8.0,6.0
201000006744,0010-01-27 13:30:00,10,1,27,13,30,810,200,,43.4969,2.01258,Plein jour,Hors agglomération,Hors intersection,Normale,Autre collision,,,,,,,,,,,1,1,1,1.0,6.0
201000006745,0010-01-29 15:15:00,10,1,29,15,15,810,251,,43.5581,2.06429,Plein jour,Hors agglomération,Hors intersection,Pluie forte,Deux véhicules - frontale,,,,,,,,,,,1,1,1,3.0,1.0
201000006746,0010-02-04 12:45:00,10,2,4,12,45,810,219,,43.5678,1.95532,Plein jour,Hors agglomération,Hors intersection,Normale,Autre collision,,,,,,,,,,,1,1,1,1.0,6.0
201000006747,0010-02-12 15:45:00,10,2,12,15,45,810,219,,43.5681,1.95728,Plein jour,Hors agglomération,Hors intersection,Temps couvert,Trois véhicules et plus - collisions multiples,,,,,,,,,,,1,1,1,8.0,5.0
201000006748,0010-02-23 10:00:00,10,2,23,10,0,810,251,,43.5581,2.06433,Plein jour,Hors agglomération,Hors intersection,Normale,Trois véhicules et plus - en chaîne,,,,,,,,,,,1,1,1,1.0,4.0
201000006749,0010-04-17 14:00:00,10,4,17,14,0,810,32,,43.5175,2.00496,Plein jour,Hors agglomération,Hors intersection,Normale,Sans collision,,,,,,,,,,,1,1,1,1.0,7.0
201000006750,0010-04-24 01:00:00,10,4,24,1,0,810,219,,43.5566,1.96347,Nuit sans éclairage public,Hors agglomération,Intersection en X,Normale,Deux véhicules - côté,,,,,,,,,,,3,1,2,1.0,3.0
201000006751,0010-05-22 12:30:00,10,5,22,12,30,810,76,,43.5688,1.88755,Plein jour,Hors agglomération,Hors intersection,Normale,Deux véhicules - frontale,,,,,,,,,,,1,1,1,1.0,1.0
201000006752,0010-05-26 18:15:00,10,5,26,18,15,810,251,,,,Plein jour,Hors agglomération,Hors intersection,Normale,Autre collision,,,,,,,,,,,1,1,1,1.0,6.0
201000006753,0010-06-21 18:30:00,10,6,21,18,30,810,219,,,,Plein jour,Hors agglomération,Hors intersection,Temps éblouissant,Deux véhicules - frontale,,,,,,,,,,,1,1,1,7.0,1.0
201000006754,0010-06-22 18:30:00,10,6,22,18,30,810,143,,43.5271,2.09528,Plein jour,Hors agglomération,Hors intersection,Normale,Deux véhicules - côté,,,,,,,,,,,1,1,1,1.0,3.0
201000006755,0010-07-17 14:00:00,10,7,17,14,0,810,219,62 ROUTE DE TOULOUSE,43.5732,2.01005,Plein jour,En agglomération,Hors intersection,Normale,Autre collision,,,,,,,,,,,1,2,1,1.0,6.0
201000006756,0010-10-25 16:15:00,10,10,25,16,15,810,143,RD 622,43.5405,2.10743,Plein jour,En agglomération,Hors intersection,Normale,Autre collision,,,,,,,,,,,1,2,1,1.0,6.0
201000006757,0010-11-30 12:30:00,10,11,30,12,30,810,200,,43.4898,2.01359,Plein jour,Hors agglomération,Hors intersection,Vent fort / tempête,Autre collision,,,,,,,,,,,1,1,1,6.0,6.0
201000006758,0010-01-18 12:15:00,10,1,18,12,15,820,37,,44.194,1.531,Plein jour,Hors agglomération,Hors intersection,Normale,Trois véhicules et plus - collisions multiples,,,,,,,,,,,1,1,1,1.0,5.0
201000006759,0010-01-28 18:30:00,10,1,28,18,30,820,189,,44.192,1.287,Nuit sans éclairage public,Hors agglomération,Intersection en X,Pluie légère,Deux véhicules - côté,,,,,,,,,,,3,1,2,2.0,3.0
201000006760,0010-02-15 16:45:00,10,2,15,16,45,820,159,,,,Plein jour,Hors agglomération,Intersection en X,Normale,Deux véhicules - côté,,,,,,,,,,,1,1,2,1.0,3.0
201000006761,0010-04-09 21:30:00,10,4,9,21,30,820,113,,44.179,1.365,Nuit sans éclairage public,Hors agglomération,Hors intersection,Normale,Deux véhicules - arrière,,,,,,,,,,,3,1,1,1.0,2.0
201000006762,0010-05-22 23:00:00,10,5,22,23,0,820,119,,44.211,1.528,Nuit sans éclairage public,Hors agglomération,Hors intersection,Normale,Deux véhicules - frontale,,,,,,,,,,,3,1,1,1.0,1.0
201000006763,0010-06-08 17:45:00,10,6,8,17,45,820,87,,,,Plein jour,Hors agglomération,Hors intersection,Normale,Deux véhicules - arrière,,,,,,,,,,,1,1,1,1.0,2.0
201000006764,0010-06-27 20:15:00,10,6,27,20,15,820,37,,,,Plein jour,Hors agglomération,Hors intersection,Normale,Autre collision,,,,,,,,,,,1,1,1,1.0,6.0
201000006765,0010-07-12 21:00:00,10,7,12,21,0,820,179,rue Fortuné Cantecor,44.183,1.618,Plein jour,En agglomération,Hors intersection,Normale,Deux véhicules - frontale,,,,,,,,,,,1,2,1,1.0,1.0
201000006766,0010-08-22 07:45:00,10,8,22,7,45,820,148,,44.252,1.634,Plein jour,Hors agglomération,Hors intersection,Normale,Autre collision,,,,,,,,,,,1,1,1,1.0,6.0
201000006767,0010-08-24 15:00:00,10,8,24,15,0,820,37,rue Jean Moulin,,,Plein jour,En agglomération,Hors intersection,Normale,Autre collision,,,,,,,,,,,1,2,1,1.0,6.0
201000006768,0010-08-29 15:00:00,10,8,29,15,0,820,87,,44.139,1.198,Plein jour,Hors agglomération,Hors intersection,Normale,Autre collision,,,,,,,,,,,1,1,1,1.0,6.0
201000006769,0010-09-24 16:15:00,10,9,24,16,15,820,37,,44.236,1.598,Plein jour,Hors agglomération,Hors intersection,Pluie légère,Autre collision,,,,,,,,,,,1,1,1,2.0,6.0
201000006770,0010-09-30 14:15:00,10,9,30,14,15,820,37,,44.183,1.63,Plein jour,Hors agglomération,Hors intersection,Normale,Sans collision,,,,,,,,,,,1,1,1,1.0,7.0
201000006771,0010-10-05 14:15:00,10,10,5,14,15,820,119,,44.213,1.526,Plein jour,Hors agglomération,Hors intersection,Normale,Deux véhicules - côté,,,,,,,,,,,1,1,1,1.0,3.0
201000006772,0010-11-03 16:00:00,10,11,3,16,0,820,119,,,,Plein jour,Hors agglomération,Hors intersection,Normale,Deux véhicules - côté,,,,,,,,,,,1,1,1,1.0,3.0
201000006773,0010-11-19 19:15:00,10,11,19,19,15,820,87,,44.138,1.192,Nuit sans éclairage public,Hors agglomération,Hors intersection,Normale,Autre collision,,,,,,,,,,,3,1,1,1.0,6.0
201000006774,0010-11-22 19:00:00,10,11,22,19,0,820,149,,44.143,1.516,Nuit sans éclairage public,Hors agglomération,Hors intersection,Temps couvert,Autre collision,,,,,,,,,,,3,1,1,8.0,6.0
201000006775,0010-12-26 22:45:00,10,12,26,22,45,820,126,,44.172,1.576,Nuit sans éclairage public,Hors agglomération,Hors intersection,Normale,Sans collision,,,,,,,,,,,3,1,1,1.0,7.0
201000006776,0010-02-28 16:45:00,10,2,28,16,45,820,161,,44.048,1.44,Plein jour,Hors agglomération,Hors intersection,Normale,Deux véhicules - arrière,,,,,,,,,,,1,1,1,1.0,2.0
201000006777,0010-03-25 11:45:00,10,3,25,11,45,820,115,,44.004,1.628,Plein jour,Hors agglomération,Hors intersection,Normale,Deux véhicules - frontale,,,,,,,,,,,1,1,1,1.0,1.0
201000006778,0010-05-09 19:45:00,10,5,9,19,45,820,161,,44.048,1.445,Plein jour,Hors agglomération,Hors intersection,Pluie légère,Autre collision,,,,,,,,,,,1,1,1,2.0,6.0
201000006779,0010-05-18 15:30:00,10,5,18,15,30,820,134,,44.064,1.485,Plein jour,Hors agglomération,Hors intersection,Normale,Autre collision,,,,,,,,,,,1,1,1,1.0,6.0
201000006780,0010-05-27 19:45:00,10,5,27,19,45,820,161,,44.053,1.454,Plein jour,Hors agglomération,Hors intersection,Normale,Deux véhicules - côté,,,,,,,,,,,1,1,1,1.0,3.0
201000006781,0010-07-03 09:45:00,10,7,3,9,45,820,2,,44.089,1.442,Plein jour,Hors agglomération,Hors intersection,Normale,Deux véhicules - côté,,,,,,,,,,,1,1,1,1.0,3.0
201000006782,0010-07-04 11:15:00,10,7,4,11,15,820,145,,,,Plein jour,Hors agglomération,Hors intersection,Normale,Deux véhicules - frontale,,,,,,,,,,,1,1,1,1.0,1.0
201000006783,0010-07-08 19:15:00,10,7,8,19,15,820,134,Rond point RD 115/RD65,,,Plein jour,En agglomération,Giratoire,Temps éblouissant,Sans collision,,,,,,,,,,,1,2,6,7.0,7.0
201000006784,0010-07-23 19:30:00,10,7,23,19,30,820,26,,,,Plein jour,Hors agglomération,Hors intersection,Normale,Sans collision,,,,,,,,,,,1,1,1,1.0,7.0
201000006785,0010-09-17 19:15:00,10,9,17,19,15,820,115,,43.98,1.579,Plein jour,Hors agglomération,Hors intersection,Pluie légère,Sans collision,,,,,,,,,,,1,1,1,2.0,7.0
201000006786,0010-11-12 19:00:00,10,11,12,19,0,820,134,,44.068,1.497,Nuit sans éclairage public,Hors agglomération,Intersection en T,Normale,Deux véhicules - côté,,,,,,,,,,,3,1,3,1.0,3.0
201000006787,0010-05-08 18:00:00,10,5,8,18,0,820,38,,44.221,1.735,Plein jour,Hors agglomération,Hors intersection,Normale,Deux véhicules - frontale,,,,,,,,,,,1,1,1,1.0,1.0
201000006788,0010-08-08 17:15:00,10,8,8,17,15,820,38,,,,Plein jour,Hors agglomération,Intersection en Y,Normale,Deux véhicules - côté,,,,,,,,,,,1,1,4,1.0,3.0
201000006789,0010-08-16 10:00:00,10,8,16,10,0,820,38,,44.231,1.842,Plein jour,Hors agglomération,Hors intersection,Normale,Sans collision,,,,,,,,,,,1,1,1,1.0,7.0
201000006790,0010-09-29 14:30:00,10,9,29,14,30,820,155,,44.145,1.806,Plein jour,Hors agglomération,Hors intersection,Normale,Autre collision,,,,,,,,,,,1,1,1,1.0,6.0
201000006791,0010-11-09 10:00:00,10,11,9,10,0,820,172,,44.32,1.727,Plein jour,Hors agglomération,Hors intersection,Pluie forte,Deux véhicules - frontale,,,,,,,,,,,1,1,1,3.0,1.0
201000006792,0010-12-30 20:30:00,10,12,30,20,30,820,38,,44.208,1.71,Nuit sans éclairage public,Hors agglomération,Hors intersection,Normale,Deux véhicules - frontale,,,,,,,,,,,3,1,1,1.0,1.0
201000006793,0010-01-09 14:00:00,10,1,9,14,0,820,156,,43.985,0.965,Plein jour,Hors agglomération,Hors intersection,Neige / grêle,Sans collision,,,,,,,,,,,1,1,1,4.0,7.0
201000006794,0010-02-05 19:15:00,10,2,5,19,15,820,93,av. Camille Bégué,43.935,1.083,Nuit avec éclairage allumé,En agglomération,Hors intersection,Normale,Deux véhicules - frontale,,,,,,,,,,,5,2,1,1.0,1.0
201000006795,0010-06-02 22:15:00,10,6,2,22,15,820,68,"RD 928, PK 38+800",43.855,0.937,Nuit sans éclairage public,En agglomération,Hors intersection,Normale,Autre collision,,,,,,,,,,,3,2,1,1.0,6.0
201000006796,0010-10-14 11:15:00,10,10,14,11,15,820,93,,43.934,1.091,Plein jour,Hors agglomération,Intersection en T,Normale,Deux véhicules - frontale,,,,,,,,,,,1,1,3,1.0,1.0
201000006797,0010-10-16 06:15:00,10,10,16,6,15,820,13,,43.847,1.034,Nuit sans éclairage public,Hors agglomération,Hors intersection,Normale,Autre collision,,,,,,,,,,,3,1,1,1.0,6.0
201000006798,0010-04-22 16:30:00,10,4,22,16,30,820,167,,43.95,1.463,Plein jour,Hors agglomération,Hors intersection,Normale,Deux véhicules - frontale,,,,,,,,,,,1,1,1,1.0,1.0
201000006799,0010-05-09 03:00:00,10,5,9,3,0,820,75,,43.84,1.295,Nuit sans éclairage public,Hors agglomération,Hors intersection,Normale,Autre collision,,,,,,,,,,,3,1,1,1.0,6.0
201000006800,0010-06-11 18:45:00,10,6,11,18,45,820,136,,,,Plein jour,Hors agglomération,Hors intersection,Pluie forte,Trois véhicules et plus - collisions multiples,,,,,,,,,,,1,1,1,3.0,5.0
201000006801,0010-08-06 21:00:00,10,8,6,21,0,820,188,,,,Plein jour,Hors agglomération,Hors intersection,Normale,Deux véhicules - frontale,,,,,,,,,,,1,1,1,1.0,1.0
201000006802,0010-04-03 16:45:00,10,4,3,16,45,820,42,,44.186,1.201,Plein jour,Hors agglomération,Hors intersection,Pluie légère,Autre collision,,,,,,,,,,,1,1,1,2.0,6.0
201000006803,0010-04-09 01:30:00,10,4,9,1,30,820,94,,44.262,1.142,Nuit sans éclairage public,Hors agglomération,Hors intersection,Normale,Autre collision,,,,,,,,,,,3,1,1,1.0,6.0
201000006804,0010-06-30 22:30:00,10,6,30,22,30,820,116,,,,Nuit sans éclairage public,Hors agglomération,Hors intersection,Normale,Deux véhicules - frontale,,,,,,,,,,,3,1,1,1.0,1.0
201000006805,0010-07-11 18:15:00,10,7,11,18,15,820,21,,,,Plein jour,Hors agglomération,Hors intersection,Temps éblouissant,Deux véhicules - frontale,,,,,,,,,,,1,1,1,7.0,1.0
201000006806,0010-07-15 14:45:00,10,7,15,14,45,820,94,,44.278,1.111,Plein jour,Hors agglomération,Intersection en X,Normale,Deux véhicules - côté,,,,,,,,,,,1,1,2,1.0,3.0