accident_id,datetime,annee,mois,jour,heure,minute,departement,commune_insee,adresse,latitude,longitude,luminosite,agglomeration,intersection,meteo,collision,nb_vehicules,nb_usagers,nb_indemnes,nb_tues,nb_blesses_hosp,nb_blesses_legers,age_cond_1,age_cond_2,veh_type_cond_1,veh_type_cond_2,lum_code,agg_code,int_code,atm_code,col_code
201000007073,0010-07-30 20:30:00,10,7,30,20,30,690,114,,,,Crépuscule ou aube,Hors agglomération,Hors intersection,Normale,Deux véhicules - arrière,,,,,,,,,,,2,1,1,1.0,2.0
201000007074,0010-09-11 14:45:00,10,9,11,14,45,690,159,,45.959,4.646,Plein jour,Hors agglomération,Hors intersection,Normale,Deux véhicules - frontale,,,,,,,,,,,1,1,1,1.0,1.0
201000007075,0010-09-16 17:15:00,10,9,16,17,15,690,140,,45.908,4.702,Plein jour,Hors agglomération,Hors intersection,Normale,Deux véhicules - frontale,,,,,,,,,,,1,1,1,1.0,1.0
201000007076,0010-10-22 19:45:00,10,10,22,19,45,690,121,route de lyon,45.872,4.699,Nuit avec éclairage allumé,En agglomération,Hors intersection,Normale,Deux véhicules - côté,,,,,,,,,,,5,2,1,1.0,3.0
201000007077,0010-12-18 19:30:00,10,12,18,19,30,690,121,Rue de l'industrie,45.862,4.698,Plein jour,En agglomération,Hors intersection,Temps éblouissant,Autre collision,,,,,,,,,,,1,2,1,7.0,6.0
201000007078,0010-12-26 10:45:00,10,12,26,10,45,690,9,,45.94,4.713,Plein jour,En agglomération,Intersection en Y,Neige / grêle,Deux véhicules - côté,,,,,,,,,,,1,2,4,4.0,3.0
201000007079,0010-01-28 19:00:00,10,1,28,19,0,690,18,39 RUE DU GÉNÉRAL LECLER,,,Nuit avec éclairage allumé,En agglomération,Hors intersection,Normale,Autre collision,,,,,,,,,,,5,2,1,1.0,6.0
201000007080,0010-04-09 20:15:00,10,4,9,20,15,690,82,,46.233,4.678,Plein jour,En agglomération,Intersection en X,Normale,Deux véhicules - côté,,,,,,,,,,,1,2,2,1.0,3.0
201000007081,0010-04-12 17:00:00,10,4,12,17,0,690,12,,46.187,4.553,Plein jour,Hors agglomération,Hors intersection,Normale,Deux véhicules - frontale,,,,,,,,,,,1,1,1,1.0,1.0
201000007082,0010-04-25 11:15:00,10,4,25,11,15,690,104,,46.247,4.663,Plein jour,Hors agglomération,Hors intersection,Normale,Deux véhicules - côté,,,,,,,,,,,1,1,1,1.0,3.0
201000007083,0010-04-28 16:45:00,10,4,28,16,45,690,12,,46.185,4.552,Plein jour,Hors agglomération,Hors intersection,Normale,Deux véhicules - frontale,,,,,,,,,,,1,1,1,1.0,1.0
201000007084,0010-05-12 18:00:00,10,5,12,18,0,690,161,,46.206,4.446,Plein jour,Hors agglomération,Hors intersection,Temps couvert,Deux véhicules - côté,,,,,,,,,,,1,1,1,8.0,3.0
201000007085,0010-07-12 14:30:00,10,7,12,14,30,690,104,,46.235,4.684,Plein jour,Hors agglomération,Hors intersection,Normale,Autre collision,,,,,,,,,,,1,1,1,1.0,6.0
201000007086,0010-07-14 17:30:00,10,7,14,17,30,690,12,,,,Plein jour,Hors agglomération,Hors intersection,Normale,Sans collision,,,,,,,,,,,1,1,1,1.0,7.0
201000007087,0010-07-28 18:45:00,10,7,28,18,45,690,261,,,,Plein jour,Hors agglomération,Hors intersection,Normale,Autre collision,,,,,,,,,,,1,1,1,1.0,6.0
201000007088,0010-08-19 19:45:00,10,8,19,19,45,690,251,,46.293,4.559,Crépuscule ou aube,Hors agglomération,Hors intersection,Normale,Autre collision,,,,,,,,,,,2,1,1,1.0,6.0
201000007089,0010-09-19 18:00:00,10,9,19,18,0,690,267,,46.17,4.701,Plein jour,Hors agglomération,Hors intersection,Normale,Deux véhicules - arrière,,,,,,,,,,,1,1,1,1.0,2.0
201000007090,0010-09-20 09:30:00,10,9,20,9,30,690,162,,46.124,4.642,Plein jour,Hors agglomération,Hors intersection,Normale,Trois véhicules et plus - en chaîne,,,,,,,,,,,1,1,1,1.0,4.0
201000007091,0010-09-19 16:30:00,10,9,19,16,30,690,186,,46.239,4.416,Plein jour,Hors agglomération,Hors intersection,Normale,Deux véhicules - côté,,,,,,,,,,,1,1,1,1.0,3.0
201000007092,0010-10-21 07:30:00,10,10,21,7,30,690,18,,,,Crépuscule ou aube,Hors agglomération,Autre intersection,Normale,Deux véhicules - frontale,,,,,,,,,,,2,1,9,1.0,1.0
201000007093,0010-10-25 14:00:00,10,10,25,14,0,690,267,CARREFOUR D 9 ETRVOIE CO,46.163,4.674,Plein jour,En agglomération,Hors intersection,Normale,Deux véhicules - côté,,,,,,,,,,,1,2,1,1.0,3.0
201000007094,0010-11-06 08:45:00,10,11,6,8,45,690,162,LE BOURG Place de l'égli,46.122,4.616,Plein jour,En agglomération,Hors intersection,Normale,Autre collision,,,,,,,,,,,1,2,1,1.0,6.0
201000007095,0010-07-03 14:00:00,10,7,3,14,0,690,267,LIEU DIT LES MARCELLINS,,,Plein jour,Hors agglomération,Hors intersection,Normale,Deux véhicules - arrière,,,,,,,,,,,1,1,1,1.0,2.0
201000007096,0010-01-23 19:10:00,10,1,23,19,10,690,19,113 RUE DE LA RÉPUBLIQUE,,,Nuit avec éclairage allumé,En agglomération,Hors intersection,Normale,Deux véhicules - arrière,,,,,,,,,,,5,2,1,1.0,2.0
201000007097,0010-02-14 21:45:00,10,2,14,21,45,690,242,IMPASSE DE LA FONTAINE,,,Nuit avec éclairage allumé,En agglomération,Hors intersection,Normale,Deux véhicules - frontale,,,,,,,,,,,5,2,1,1.0,1.0
201000007098,0010-02-23 13:30:00,10,2,23,13,30,690,19,49 BD JOSEPH ROSSELLI,,,Plein jour,En agglomération,Hors intersection,Normale,Autre collision,,,,,,,,,,,1,2,1,1.0,6.0
201000007099,0010-02-23 08:45:00,10,2,23,8,45,690,242,,,,Plein jour,Hors agglomération,Intersection en X,Normale,Deux véhicules - côté,,,,,,,,,,,1,1,2,1.0,3.0
201000007100,0010-02-24 08:30:00,10,2,24,8,30,690,206,,,,Plein jour,Hors agglomération,Hors intersection,Pluie légère,Trois véhicules et plus - collisions multiples,,,,,,,,,,,1,1,1,2.0,5.0
201000007101,0010-04-04 14:45:00,10,4,4,14,45,690,19,BOULEVARD JOSEPH ROSSELL,,,Plein jour,En agglomération,Hors intersection,Normale,Deux véhicules - côté,,,,,,,,,,,1,2,1,1.0,3.0
201000007102,0010-04-05 17:00:00,10,4,5,17,0,690,77,,,,Plein jour,Hors agglomération,Hors intersection,Normale,Sans collision,,,,,,,,,,,1,1,1,1.0,7.0
201000007103,0010-04-10 05:00:00,10,4,10,5,0,690,19,RUE DE LA RÉPUBLIQUE,,,Nuit avec éclairage allumé,En agglomération,Hors intersection,Normale,Autre collision,,,,,,,,,,,5,2,1,1.0,6.0
201000007104,0010-04-24 22:45:00,10,4,24,22,45,690,206,,,,Nuit sans éclairage public,Hors agglomération,Hors intersection,Normale,Autre collision,,,,,,,,,,,3,1,1,1.0,6.0
201000007105,0010-05-29 06:15:00,10,5,29,6,15,690,145,,,,Crépuscule ou aube,Hors agglomération,Hors intersection,Normale,Deux véhicules - frontale,,,,,,,,,,,2,1,1,1.0,1.0
201000007106,0010-06-05 05:00:00,10,6,5,5,0,690,211,,,,Nuit sans éclairage public,Hors agglomération,Hors intersection,Normale,Autre collision,,,,,,,,,,,3,1,1,1.0,6.0
201000007107,0010-06-07 17:15:00,10,6,7,17,15,690,19,RUE VICTOR HUGO,,,Plein jour,En agglomération,Hors intersection,Normale,Deux véhicules - frontale,,,,,,,,,,,1,2,1,1.0,1.0
201000007108,0010-08-03 10:30:00,10,8,3,10,30,690,198,,,,Plein jour,Hors agglomération,Hors intersection,Normale,Autre collision,,,,,,,,,,,1,1,1,1.0,6.0
201000007109,0010-08-04 20:15:00,10,8,4,20,15,690,19,rue de la poste,,,Plein jour,En agglomération,Intersection en X,Normale,Deux véhicules - côté,,,,,,,,,,,1,2,2,1.0,3.0
201000007110,0010-09-06 02:30:00,10,9,6,2,30,690,206,,,,Nuit sans éclairage public,Hors agglomération,Hors intersection,Normale,Autre collision,,,,,,,,,,,3,1,1,1.0,6.0
201000007111,0010-09-16 16:00:00,10,9,16,16,0,690,19,,,,Plein jour,Hors agglomération,Hors intersection,Normale,Deux véhicules - arrière,,,,,,,,,,,1,1,1,1.0,2.0
201000007112,0010-10-14 16:00:00,10,10,14,16,0,690,197,RUE DU BEAUJOLAIS,,,Plein jour,En agglomération,Autre intersection,Normale,Autre collision,,,,,,,,,,,1,2,9,1.0,6.0
201000007113,0010-11-05 19:45:00,10,11,5,19,45,690,197,LA TALLEBARDE,,,Nuit sans éclairage public,En agglomération,Hors intersection,Normale,Sans collision,,,,,,,,,,,3,2,1,1.0,7.0
201000007114,0010-11-07 16:15:00,10,11,7,16,15,690,211,LIEU DIT BEL AIR,,,Plein jour,En agglomération,Hors intersection,Normale,Deux véhicules - arrière,,,,,,,,,,,1,2,1,1.0,2.0
201000007115,0010-11-16 20:15:00,10,11,16,20,15,690,19,142 RUE DE LA REPUBLIQUE,,,Nuit avec éclairage allumé,En agglomération,Hors intersection,Normale,Deux véhicules - frontale,,,,,,,,,,,5,2,1,1.0,1.0
201000007116,0010-12-31 00:45:00,10,12,31,0,45,690,206,,,,Nuit sans éclairage public,Hors agglomération,Hors intersection,Normale,Autre collision,,,,,,,,,,,3,1,1,1.0,6.0
201000007117,0010-01-08 07:00:00,10,1,8,7,0,690,90,,,,Nuit sans éclairage public,Hors agglomération,Intersection en T,Temps couvert,Deux véhicules - côté,,,,,,,,,,,3,1,3,8.0,3.0
201000007118,0010-01-22 08:30:00,10,1,22,8,30,690,17,,,,Plein jour,Hors agglomération,Intersection en T,Normale,Deux véhicules - côté,,,,,,,,,,,1,1,3,1.0,3.0
201000007119,0010-02-21 10:45:00,10,2,21,10,45,690,56,,,,Plein jour,Hors agglomération,Hors intersection,Temps éblouissant,Deux véhicules - frontale,,,,,,,,,,,1,1,1,7.0,1.0
201000007120,0010-02-21 19:30:00,10,2,21,19,30,690,111,,,,Nuit sans éclairage public,Hors agglomération,Hors intersection,Normale,Deux véhicules - frontale,,,,,,,,,,,3,1,1,1.0,1.0
201000007121,0010-03-04 19:30:00,10,3,4,19,30,690,50,,,,Nuit sans éclairage public,Hors agglomération,Hors intersection,Normale,Trois véhicules et plus - collisions multiples,,,,,,,,,,,3,1,1,1.0,5.0
201000007122,0010-05-05 19:30:00,10,5,5,19,30,690,246,,,,Plein jour,Hors agglomération,Hors intersection,Pluie forte,Autre collision,,,,,,,,,,,1,1,1,3.0,6.0
201000007123,0010-05-06 20:45:00,10,5,6,20,45,690,246,,,,Crépuscule ou aube,Hors agglomération,Hors intersection,Normale,Autre collision,,,,,,,,,,,2,1,1,1.0,6.0
201000007124,0010-05-28 16:00:00,10,5,28,16,0,690,50,,,,Plein jour,Hors agglomération,Intersection en T,Normale,Deux véhicules - côté,,,,,,,,,,,1,1,3,1.0,3.0
201000007125,0010-06-19 14:45:00,10,6,19,14,45,690,17,,,,Plein jour,Hors agglomération,Hors intersection,Pluie forte,Trois véhicules et plus - collisions multiples,,,,,,,,,,,1,1,1,3.0,5.0
201000007126,0010-07-02 17:45:00,10,7,2,17,45,690,39,sortie nord du bourg,,,Nuit avec éclairage allumé,En agglomération,Hors intersection,Normale,Deux véhicules - frontale,,,,,,,,,,,5,2,1,1.0,1.0
201000007127,0010-08-24 18:30:00,10,8,24,18,30,690,24,,,,Plein jour,Hors agglomération,Hors intersection,Normale,Deux véhicules - frontale,,,,,,,,,,,1,1,1,1.0,1.0
201000007128,0010-08-26 08:30:00,10,8,26,8,30,690,245,LES GRANDES PLANCHES,,,Plein jour,En agglomération,Hors intersection,Normale,Trois véhicules et plus - collisions multiples,,,,,,,,,,,1,2,1,1.0,5.0
201000007129,0010-09-07 09:30:00,10,9,7,9,30,690,90,,,,Plein jour,Hors agglomération,Hors intersection,Pluie forte,Deux véhicules - côté,,,,,,,,,,,1,1,1,3.0,3.0
201000007130,0010-09-11 17:00:00,10,9,11,17,0,690,245,,,,Plein jour,Hors agglomération,Hors intersection,Normale,Autre collision,,,,,,,,,,,1,1,1,1.0,6.0
201000007131,0010-09-20 10:15:00,10,9,20,10,15,690,50,,,,Plein jour,Hors agglomération,Hors intersection,Normale,Autre collision,,,,,,,,,,,1,1,1,1.0,6.0
201000007132,0010-09-23 08:45:00,10,9,23,8,45,690,50,,,,Plein jour,Hors agglomération,Hors intersection,Normale,Deux véhicules - côté,,,,,,,,,,,1,1,1,1.0,3.0
201000007133,0010-10-11 14:00:00,10,10,11,14,0,690,39,RUE LOUIS BRECHARD,,,Plein jour,En agglomération,Hors intersection,Normale,Sans collision,,,,,,,,,,,1,2,1,1.0,7.0
201000007134,0010-10-22 14:00:00,10,10,22,14,0,690,222,,,,Plein jour,Hors agglomération,Hors intersection,Normale,Autre collision,,,,,,,,,,,1,1,1,1.0,6.0
201000007135,0010-12-18 20:15:00,10,12,18,20,15,690,50,,,,Nuit sans éclairage public,Hors agglomération,Hors intersection,Temps couvert,Trois véhicules et plus - collisions multiples,,,,,,,,,,,3,1,1,8.0,5.0
201000007136,0010-02-17 08:15:00,10,2,17,8,15,690,234,LIEU DIT ROTTAVERT,,,Plein jour,Hors agglomération,Hors intersection,Neige / grêle,Deux véhicules - frontale,,,,,,,,,,,1,1,1,4.0,1.0
201000007137,0010-03-17 20:30:00,10,3,17,20,30,690,243,BOULEVARD GARIBALDI,,,Nuit avec éclairage allumé,En agglomération,Hors intersection,Normale,Autre collision,,,,,,,,,,,5,2,1,1.0,6.0
201000007138,0010-04-03 23:30:00,10,4,3,23,30,690,243,CARREFOUR RN7/BD LA PLAT,,,Nuit avec éclairage allumé,En agglomération,Hors intersection,Normale,Deux véhicules - frontale,,,,,,,,,,,5,2,1,1.0,1.0
201000007139,0010-05-06 14:45:00,10,5,6,14,45,690,234,,,,Plein jour,Hors agglomération,Hors intersection,Normale,Deux véhicules - frontale,,,,,,,,,,,1,1,1,1.0,1.0
201000007140,0010-06-17 17:45:00,10,6,17,17,45,690,234,,,,Plein jour,Hors agglomération,Hors intersection,Pluie forte,Trois véhicules et plus - collisions multiples,,,,,,,,,,,1,1,1,3.0,5.0
201000007141,0010-07-07 20:15:00,10,7,7,20,15,690,243,5 rue etienne dolet,,,Plein jour,En agglomération,Hors intersection,Temps éblouissant,Autre collision,,,,,,,,,,,1,2,1,7.0,6.0
201000007142,0010-10-09 18:10:00,10,10,9,18,10,690,243,LIEU DIT CHANELIERE,,,Plein jour,En agglomération,Autre intersection,Normale,Deux véhicules - frontale,,,,,,,,,,,1,2,9,1.0,1.0
201000007143,0010-11-19 10:30:00,10,11,19,10,30,690,243,Rue de la République,,,Plein jour,En agglomération,Hors intersection,Normale,Autre collision,,,,,,,,,,,1,2,1,1.0,6.0
201000007144,0010-01-13 12:15:00,10,1,13,12,15,690,107,LE CHARBONNIER,,,Plein jour,En agglomération,Hors intersection,Normale,Deux véhicules - arrière,,,,,,,,,,,1,2,1,1.0,2.0
201000007145,0010-02-19 10:30:00,10,2,19,10,30,690,107,LIEU DIT LA FOLLETIERE,,,Plein jour,En agglomération,Hors intersection,Normale,Deux véhicules - frontale,,,,,,,,,,,1,2,1,1.0,1.0
201000007146,0010-04-20 12:00:00,10,4,20,12,0,690,37,MOULIN BLANCHARD,46.033,4.497,Plein jour,Hors agglomération,Hors intersection,Normale,Autre collision,,,,,,,,,,,1,1,1,1.0,6.0
201000007147,0010-05-24 20:45:00,10,5,24,20,45,690,54,,46.172,4.482,Crépuscule ou aube,Hors agglomération,Hors intersection,Normale,Deux véhicules - frontale,,,,,,,,,,,2,1,1,1.0,1.0
201000007148,0010-07-04 03:15:00,10,7,4,3,15,690,160,,46.118,4.466,Nuit sans éclairage public,Hors agglomération,Hors intersection,Normale,Sans collision,,,,,,,,,,,3,1,1,1.0,7.0
201000007149,0010-07-04 17:00:00,10,7,4,17,0,690,107,,,,Plein jour,En agglomération,Hors intersection,Normale,Deux véhicules - frontale,,,,,,,,,,,1,2,1,1.0,1.0
201000007150,0010-08-08 18:15:00,10,8,8,18,15,690,60,Le Bourg,46.103,4.491,Plein jour,En agglomération,Hors intersection,Normale,Deux véhicules - frontale,,,,,,,,,,,1,2,1,1.0,1.0
201000007151,0010-09-19 18:30:00,10,9,19,18,30,690,37,,46.015,4.498,Plein jour,Hors agglomération,Hors intersection,Normale,Deux véhicules - côté,,,,,,,,,,,1,1,1,1.0,3.0
201000007152,0010-01-01 15:30:00,10,1,1,15,30,690,25,RUE DE MONTAGNY,,,Plein jour,En agglomération,Hors intersection,Neige / grêle,Autre collision,,,,,,,,,,,1,2,1,4.0,6.0
201000007153,0010-01-04 14:45:00,10,1,4,14,45,690,214,,,,Plein jour,Hors agglomération,Hors intersection,Pluie légère,Trois véhicules et plus - collisions multiples,,,,,,,,,,,1,1,1,2.0,5.0
201000007154,0010-03-18 10:15:00,10,3,18,10,15,690,214,ROUTE DE THIZY,,,Plein jour,En agglomération,Hors intersection,Normale,Deux véhicules - côté,,,,,,,,,,,1,2,1,1.0,3.0
201000007155,0010-03-22 17:15:00,10,3,22,17,15,690,169,,,,Plein jour,Hors agglomération,Hors intersection,Normale,Deux véhicules - côté,,,,,,,,,,,1,1,1,1.0,3.0
201000007156,0010-04-21 15:00:00,10,4,21,15,0,690,25,,,,Plein jour,Hors agglomération,Hors intersection,Normale,Deux véhicules - frontale,,,,,,,,,,,1,1,1,1.0,1.0
201000007157,0010-05-09 18:30:00,10,5,9,18,30,690,25,RUE DE COURS,,,Plein jour,En agglomération,Hors intersection,Pluie légère,Autre collision,,,,,,,,,,,1,2,1,2.0,6.0
201000007158,0010-05-31 19:30:00,10,5,31,19,30,690,248,PLACE DU COMMERCE,,,Plein jour,En agglomération,Hors intersection,Normale,Deux véhicules - frontale,,,,,,,,,,,1,2,1,1.0,1.0
201000007159,0010-06-11 11:00:00,10,6,11,11,0,690,214,,,,Plein jour,Hors agglomération,Hors intersection,Normale,Deux véhicules - frontale,,,,,,,,,,,1,1,1,1.0,1.0
201000007160,0010-06-14 15:00:00,10,6,14,15,0,690,248,RUE ROLAND DE LA PLATIÈR,,,Plein jour,En agglomération,Intersection en X,Normale,Deux véhicules - côté,,,,,,,,,,,1,2,2,1.0,3.0
201000007161,0010-07-12 08:15:00,10,7,12,8,15,690,164,,,,Nuit sans éclairage public,Hors agglomération,Hors intersection,Normale,Autre collision,,,,,,,,,,,3,1,1,1.0,6.0
201000007162,0010-07-16 17:30:00,10,7,16,17,30,690,70,,,,Plein jour,Hors agglomération,Hors intersection,Normale,Deux véhicules - frontale,,,,,,,,,,,1,1,1,1.0,1.0
201000007163,0010-09-04 09:15:00,10,9,4,9,15,690,25,rue de cours,,,Plein jour,En agglomération,Hors intersection,Normale,Autre collision,,,,,,,,,,,1,2,1,1.0,6.0
201000007164,0010-10-09 16:45:00,10,10,9,16,45,690,240,,,,Crépuscule ou aube,Hors agglomération,Hors intersection,Normale,Deux véhicules - frontale,,,,,,,,,,,2,1,1,1.0,1.0
201000007165,0010-01-13 23:45:00,10,1,13,23,45,10,405,,,,Nuit sans éclairage public,Hors agglomération,Hors intersection,Neige / grêle,Sans collision,,,,,,,,,,,3,1,1,4.0,7.0
201000007166,0010-02-01 11:15:00,10,2,1,11,15,10,301,RD 1079,,,Plein jour,En agglomération,Hors intersection,Normale,Autre collision,,,,,,,,,,,1,2,1,1.0,6.0
201000007167,0010-11-13 00:30:00,10,11,13,0,30,10,405,,,,Nuit sans éclairage public,Hors agglomération,Hors intersection,Pluie légère,Autre collision,,,,,,,,,,,3,1,1,2.0,6.0
201000007168,0010-11-16 23:00:00,10,11,16,23,0,10,264,,,,Nuit sans éclairage public,Hors agglomération,Hors intersection,Autre,Autre collision,,,,,,,,,,,3,1,1,9.0,6.0
201000007169,0010-02-01 19:45:00,10,2,1,19,45,10,350,,46.299,5.3,Nuit sans éclairage public,Hors agglomération,Hors intersection,Normale,Deux véhicules - arrière,,,,,,,,,,,3,1,1,1.0,2.0
201000007170,0010-02-13 12:00:00,10,2,13,12,0,10,408,,46.25,5.424,Plein jour,Hors agglomération,Hors intersection,Temps éblouissant,Deux véhicules - côté,,,,,,,,,,,1,1,1,7.0,3.0
201000007171,0010-04-08 13:15:00,10,4,8,13,15,10,150,,46.235,5.37,Plein jour,Hors agglomération,Hors intersection,Pluie légère,Autre collision,,,,,,,,,,,1,1,1,2.0,6.0
201000007172,0010-04-16 04:45:00,10,4,16,4,45,10,254,,46.157,5.277,Nuit sans éclairage public,Hors agglomération,Hors intersection,Normale,Autre collision,,,,,,,,,,,3,1,1,1.0,6.0
201000007173,0010-04-21 17:45:00,10,4,21,17,45,10,447,lieu-dit Valuisant,46.207,5.396,Plein jour,En agglomération,Intersection en T,Normale,Deux véhicules - côté,,,,,,,,,,,1,2,3,1.0,3.0
201000007174,0010-06-05 11:30:00,10,6,5,11,30,10,125,,,,Plein jour,Hors agglomération,Hors intersection,Normale,Autre collision,,,,,,,,,,,1,1,1,1.0,6.0
201000007175,0010-07-24 09:00:00,10,7,24,9,0,10,245,,,,Plein jour,Hors agglomération,Intersection en X,Normale,Deux véhicules - frontale,,,,,,,,,,,1,1,2,1.0,1.0
201000007176,0010-09-09 13:15:00,10,9,9,13,15,10,408,,46.25,5.425,Plein jour,Hors agglomération,Hors intersection,Normale,Deux véhicules - côté,,,,,,,,,,,1,1,1,1.0,3.0
201000007177,0010-10-27 16:45:00,10,10,27,16,45,10,426,,46.309,5.376,Plein jour,Hors agglomération,Hors intersection,Normale,Sans collision,,,,,,,,,,,1,1,1,1.0,7.0
201000007178,0010-11-12 12:00:00,10,11,12,12,0,10,184,,,,Plein jour,Hors agglomération,Hors intersection,Temps couvert,Autre collision,,,,,,,,,,,1,1,1,8.0,6.0
201000007179,0010-11-14 12:45:00,10,11,14,12,45,10,245,RD 979,,,Plein jour,En agglomération,Hors intersection,Normale,Deux véhicules - frontale,,,,,,,,,,,1,2,1,1.0,1.0
201000007180,0010-11-19 17:00:00,10,11,19,17,0,10,95,,,,Crépuscule ou aube,Hors agglomération,Hors intersection,Normale,Deux véhicules - frontale,,,,,,,,,,,2,1,1,1.0,1.0
201000007181,0010-12-21 17:00:00,10,12,21,17,0,10,369,route de bourg,46.196,5.277,Nuit avec éclairage allumé,En agglomération,Autre intersection,Pluie forte,Autre collision,,,,,,,,,,,5,2,9,3.0,6.0
201000007182,0010-12-23 17:15:00,10,12,23,17,15,10,72,Rue Jérome Lalande,,,Nuit avec éclairage allumé,En agglomération,Hors intersection,Pluie légère,Autre collision,,,,,,,,,,,5,2,1,2.0,6.0
201000007183,0010-01-22 08:15:00,10,1,22,8,15,10,236,,,,Crépuscule ou aube,Hors agglomération,Hors intersection,Neige / grêle,Deux véhicules - frontale,,,,,,,,,,,2,1,1,4.0,1.0
201000007184,0010-02-10 05:30:00,10,2,10,5,30,10,230,,,,Nuit sans éclairage public,Hors agglomération,Hors intersection,Autre,Autre collision,,,,,,,,,,,3,1,1,9.0,6.0
201000007185,0010-02-22 17:30:00,10,2,22,17,30,10,284,,,,Crépuscule ou aube,Hors agglomération,Hors intersection,Vent fort / tempête,Deux véhicules - frontale,,,,,,,,,,,2,1,1,6.0,1.0
201000007186,0010-02-27 00:30:00,10,2,27,0,30,10,337,,,,Nuit sans éclairage public,Hors agglomération,Hors intersection,Vent fort / tempête,Deux véhicules - frontale,,,,,,,,,,,3,1,1,6.0,1.0
201000007187,0010-03-02 09:30:00,10,3,2,9,30,10,232,,,,Plein jour,Hors agglomération,Hors intersection,Normale,Deux véhicules - arrière,,,,,,,,,,,1,1,1,1.0,2.0
201000007188,0010-03-26 14:00:00,10,3,26,14,0,10,445,,,,Plein jour,Hors agglomération,Hors intersection,Temps couvert,Deux véhicules - frontale,,,,,,,,,,,1,1,1,8.0,1.0
201000007189,0010-05-09 03:15:00,10,5,9,3,15,10,388,,,,Nuit sans éclairage public,Hors agglomération,Hors intersection,Normale,Autre collision,,,,,,,,,,,3,1,1,1.0,6.0
201000007190,0010-05-09 11:30:00,10,5,9,11,30,10,163,,,,Plein jour,Hors agglomération,Hors intersection,Pluie légère,Autre collision,,,,,,,,,,,1,1,1,2.0,6.0
201000007191,0010-05-15 07:00:00,10,5,15,7,0,10,232,GRANDE RUE,,,Crépuscule ou aube,En agglomération,Intersection en X,Normale,Deux véhicules - côté,,,,,,,,,,,2,2,2,1.0,3.0
201000007192,0010-05-27 14:00:00,10,5,27,14,0,10,388,,,,Plein jour,Hors agglomération,Hors intersection,Normale,Autre collision,,,,,,,,,,,1,1,1,1.0,6.0
201000007193,0010-05-28 15:30:00,10,5,28,15,30,10,57,,,,Plein jour,Hors agglomération,Hors intersection,Normale,Deux véhicules - frontale,,,,,,,,,,,1,1,1,1.0,1.0
201000007194,0010-05-29 16:45:00,10,5,29,16,45,10,212,,,,Plein jour,Hors agglomération,Hors intersection,Normale,Deux véhicules - frontale,,,,,,,,,,,1,1,1,1.0,1.0
201000007195,0010-06-13 06:15:00,10,6,13,6,15,10,346,,,,Crépuscule ou aube,Hors agglomération,Hors intersection,Temps couvert,Deux véhicules - frontale,,,,,,,,,,,2,1,1,8.0,1.0
201000007196,0010-06-21 20:45:00,10,6,21,20,45,10,124,Les Geordes,,,Plein jour,En agglomération,Hors intersection,Normale,Deux véhicules - frontale,,,,,,,,,,,1,2,1,1.0,1.0
201000007197,0010-06-20 02:00:00,10,6,20,2,0,10,346,,,,Nuit sans éclairage public,Hors agglomération,Hors intersection,Normale,Autre collision,,,,,,,,,,,3,1,1,1.0,6.0
201000007198,0010-07-10 19:15:00,10,7,10,19,15,10,364,,,,Plein jour,Hors agglomération,Intersection en X,Normale,Deux véhicules - frontale,,,,,,,,,,,1,1,2,1.0,1.0
201000007199,0010-07-26 17:15:00,10,7,26,17,15,10,323,,,,Plein jour,Hors agglomération,Hors intersection,Normale,Deux véhicules - côté,,,,,,,,,,,1,1,1,1.0,3.0
201000007200,0010-08-01 16:00:00,10,8,1,16,0,10,352,,,,Plein jour,Hors agglomération,Intersection en X,Temps couvert,Deux véhicules - côté,,,,,,,,,,,1,1,2,8.0,3.0
201000007201,0010-08-02 11:00:00,10,8,2,11,0,10,305,place legrand,,,Plein jour,En agglomération,Place,Pluie légère,Autre collision,,,,,,,,,,,1,2,7,2.0,6.0
201000007202,0010-08-06 11:30:00,10,8,6,11,30,10,337,RD933,,,Crépuscule ou aube,En agglomération,Hors intersection,Normale,Deux véhicules - côté,,,,,,,,,,,2,2,1,1.0,3.0
201000007203,0010-10-26 04:30:00,10,10,26,4,30,10,305,,,,Nuit sans éclairage public,Hors agglomération,Hors intersection,Normale,Autre collision,,,,,,,,,,,3,1,1,1.0,6.0
201000007204,0010-11-16 16:00:00,10,11,16,16,0,10,445,,,,Plein jour,Hors agglomération,Hors intersection,Normale,Deux véhicules - côté,,,,,,,,,,,1,1,1,1.0,3.0
201000007205,0010-11-19 03:45:00,10,11,19,3,45,10,266,,,,Nuit avec éclairage allumé,Hors agglomération,Hors intersection,Pluie légère,Autre collision,,,,,,,,,,,5,1,1,2.0,6.0
201000007206,0010-12-10 19:15:00,10,12,10,19,15,10,391,,,,Nuit avec éclairage allumé,Hors agglomération,Hors intersection,Normale,Deux véhicules - côté,,,,,,,,,,,5,1,1,1.0,3.0
201000007207,0010-12-23 06:45:00,10,12,23,6,45,10,231,,,,Nuit sans éclairage public,Hors agglomération,Hors intersection,Brouillard / fumée,Sans collision,,,,,,,,,,,3,1,1,5.0,7.0