accident_id,datetime,annee,mois,jour,heure,minute,departement,commune_insee,adresse,latitude,longitude,luminosite,agglomeration,intersection,meteo,collision,nb_vehicules,nb_usagers,nb_indemnes,nb_tues,nb_blesses_hosp,nb_blesses_legers,age_cond_1,age_cond_2,veh_type_cond_1,veh_type_cond_2,lum_code,agg_code,int_code,atm_code,col_code
201000007479,0010-06-27 16:00:00,10,6,27,16,0,70,225,,,,Plein jour,Hors agglomération,Hors intersection,Normale,Autre collision,,,,,,,,,,,1,1,1,1.0,6.0
201000007480,0010-07-19 12:15:00,10,7,19,12,15,70,225,,,,Plein jour,Hors agglomération,Hors intersection,Normale,Autre collision,,,,,,,,,,,1,1,1,1.0,6.0
201000007481,0010-07-27 17:30:00,10,7,27,17,30,70,89,rue des grands près,,,Plein jour,En agglomération,Hors intersection,Normale,Deux véhicules - côté,,,,,,,,,,,1,2,1,1.0,3.0
201000007482,0010-12-03 17:45:00,10,12,3,17,45,70,317,,,,Nuit sans éclairage public,Hors agglomération,Hors intersection,Temps couvert,Autre collision,,,,,,,,,,,3,1,1,8.0,6.0
201000007483,0010-01-12 10:15:00,10,1,12,10,15,70,82,,44.864,4.36,Crépuscule ou aube,Hors agglomération,Hors intersection,Neige / grêle,Deux véhicules - frontale,,,,,,,,,,,2,1,1,4.0,1.0
201000007484,0010-03-22 13:15:00,10,3,22,13,15,70,165,,,,Plein jour,Hors agglomération,Hors intersection,Normale,Autre collision,,,,,,,,,,,1,1,1,1.0,6.0
201000007485,0010-05-29 17:15:00,10,5,29,17,15,70,269,,,,Plein jour,Hors agglomération,Hors intersection,Normale,Autre collision,,,,,,,,,,,1,1,1,1.0,6.0
201000007486,0010-07-15 15:45:00,10,7,15,15,45,70,12,,44.902,4.323,Plein jour,Hors agglomération,Hors intersection,Normale,Sans collision,,,,,,,,,,,1,1,1,1.0,7.0
201000007487,0010-09-10 16:15:00,10,9,10,16,15,70,269,LE PONT,,,Plein jour,En agglomération,Hors intersection,Normale,Deux véhicules - frontale,,,,,,,,,,,1,2,1,1.0,1.0
201000007488,0010-10-28 15:45:00,10,10,28,15,45,70,64,,,,Plein jour,Hors agglomération,Hors intersection,Normale,Deux véhicules - frontale,,,,,,,,,,,1,1,1,1.0,1.0
201000007489,0010-11-26 19:45:00,10,11,26,19,45,70,1,,44.9,4.403,Nuit sans éclairage public,Hors agglomération,Hors intersection,Normale,Deux véhicules - frontale,,,,,,,,,,,3,1,1,1.0,1.0
201000007490,0010-06-01 14:00:00,10,6,1,14,0,70,338,,,,Plein jour,Hors agglomération,Hors intersection,Normale,Deux véhicules - frontale,,,,,,,,,,,1,1,1,1.0,1.0
201000007491,0010-06-28 11:15:00,10,6,28,11,15,70,73,,45.011,4.632,Plein jour,Hors agglomération,Hors intersection,Normale,Deux véhicules - frontale,,,,,,,,,,,1,1,1,1.0,1.0
201000007492,0010-07-09 21:15:00,10,7,9,21,15,70,129,,44.99,4.581,Nuit sans éclairage public,En agglomération,Hors intersection,Normale,Autre collision,,,,,,,,,,,3,2,1,1.0,6.0
201000007493,0010-04-14 09:30:00,10,4,14,9,30,70,188,,,,Plein jour,Hors agglomération,Hors intersection,Normale,Deux véhicules - côté,,,,,,,,,,,1,1,1,1.0,3.0
201000007494,0010-07-07 22:30:00,10,7,7,22,30,70,309,,,,Plein jour,Hors agglomération,Hors intersection,Normale,Autre collision,,,,,,,,,,,1,1,1,1.0,6.0
201000007495,0010-07-13 16:15:00,10,7,13,16,15,70,301,,,,Plein jour,Hors agglomération,Hors intersection,Normale,Deux véhicules - arrière,,,,,,,,,,,1,1,1,1.0,2.0
201000007496,0010-07-12 20:00:00,10,7,12,20,0,70,236,,,,Plein jour,Hors agglomération,Hors intersection,Pluie légère,Sans collision,,,,,,,,,,,1,1,1,2.0,7.0
201000007497,0010-08-21 12:45:00,10,8,21,12,45,70,301,,,,Plein jour,Hors agglomération,Hors intersection,Normale,Sans collision,,,,,,,,,,,1,1,1,1.0,7.0
201000007498,0010-10-03 10:30:00,10,10,3,10,30,70,236,,,,Plein jour,Hors agglomération,Hors intersection,Normale,Sans collision,,,,,,,,,,,1,1,1,1.0,7.0
201000007499,0010-01-16 01:30:00,10,1,16,1,30,260,64,26120,,,Nuit sans éclairage public,Hors agglomération,Hors intersection,Normale,Autre collision,,,,,,,,,,,3,1,1,1.0,6.0
201000007500,0010-03-06 17:45:00,10,3,6,17,45,260,64,,,,Plein jour,Hors agglomération,Hors intersection,Normale,Sans collision,,,,,,,,,,,1,1,1,1.0,7.0
201000007501,0010-04-02 16:45:00,10,4,2,16,45,260,212,D 176 - PR 10+350,44.876,5.023,Plein jour,En agglomération,Hors intersection,Normale,Deux véhicules - côté,,,,,,,,,,,1,2,1,1.0,3.0
201000007502,0010-05-14 11:30:00,10,5,14,11,30,260,313,avenue de Provence,44.975,4.958,Plein jour,En agglomération,Hors intersection,Normale,Deux véhicules - côté,,,,,,,,,,,1,2,1,1.0,3.0
201000007503,0010-07-06 15:15:00,10,7,6,15,15,260,313,Chemin de Condanger,44.962,4.92,Plein jour,Hors agglomération,Hors intersection,Normale,Deux véhicules - frontale,,,,,,,,,,,1,1,1,1.0,1.0
201000007504,0010-08-25 20:15:00,10,8,25,20,15,260,64,,44.916,5.03,Plein jour,Hors agglomération,Hors intersection,Normale,Deux véhicules - frontale,,,,,,,,,,,1,1,1,1.0,1.0
201000007505,0010-10-26 07:15:00,10,10,26,7,15,260,313,,45.01,4.975,Nuit sans éclairage public,Hors agglomération,Intersection en X,Normale,Trois véhicules et plus - collisions multiples,,,,,,,,,,,3,1,2,1.0,5.0
201000007506,0010-02-13 02:00:00,10,2,13,2,0,260,258,26258,,,Nuit sans éclairage public,Hors agglomération,Hors intersection,Normale,Sans collision,,,,,,,,,,,3,1,1,1.0,7.0
201000007507,0010-02-17 20:00:00,10,2,17,20,0,260,144,26144,,,Nuit sans éclairage public,Hors agglomération,Hors intersection,Pluie légère,Trois véhicules et plus - collisions multiples,,,,,,,,,,,3,1,1,2.0,5.0
201000007508,0010-07-23 09:30:00,10,7,23,9,30,260,108,Rue Emile Loubet,,,Plein jour,En agglomération,Hors intersection,Normale,Autre collision,,,,,,,,,,,1,2,1,1.0,6.0
201000007509,0010-08-08 07:15:00,10,8,8,7,15,260,125,,,,Plein jour,Hors agglomération,Hors intersection,Normale,Autre collision,,,,,,,,,,,1,1,1,1.0,6.0
201000007510,0010-08-14 15:00:00,10,8,14,15,0,260,108,,,,Plein jour,Hors agglomération,Hors intersection,Normale,Deux véhicules - frontale,,,,,,,,,,,1,1,1,1.0,1.0
201000007511,0010-09-29 20:45:00,10,9,29,20,45,260,11,,,,Nuit sans éclairage public,Hors agglomération,Hors intersection,Normale,Sans collision,,,,,,,,,,,3,1,1,1.0,7.0
201000007512,0010-11-19 18:00:00,10,11,19,18,0,260,108,,,,Nuit sans éclairage public,Hors agglomération,Intersection à plus de 4 branches,Normale,Deux véhicules - côté,,,,,,,,,,,3,1,5,1.0,3.0
201000007513,0010-02-02 10:00:00,10,2,2,10,0,260,337,,44.69,4.785,Plein jour,Hors agglomération,Hors intersection,Normale,Autre collision,,,,,,,,,,,1,1,1,1.0,6.0
201000007514,0010-02-24 02:15:00,10,2,24,2,15,260,165,,44.794,4.851,Nuit sans éclairage public,Hors agglomération,Hors intersection,Normale,Trois véhicules et plus - collisions multiples,,,,,,,,,,,3,1,1,1.0,5.0
201000007515,0010-04-11 15:30:00,10,4,11,15,30,260,165,,,,Plein jour,Hors agglomération,Hors intersection,Normale,Deux véhicules - frontale,,,,,,,,,,,1,1,1,1.0,1.0
201000007516,0010-05-01 20:30:00,10,5,1,20,30,260,165,106 AVENUE ALBERT MAZADE,44.7773,4.8332,Crépuscule ou aube,En agglomération,Hors intersection,Pluie légère,Deux véhicules - frontale,,,,,,,,,,,2,2,1,2.0,1.0
201000007517,0010-05-16 11:00:00,10,5,16,11,0,260,166,,,,Plein jour,Hors agglomération,Hors intersection,Normale,Deux véhicules - côté,,,,,,,,,,,1,1,1,1.0,3.0
201000007518,0010-06-06 03:30:00,10,6,6,3,30,260,7,Quartier BERMONT,44.811,4.907,Nuit sans éclairage public,Hors agglomération,Hors intersection,Normale,Autre collision,,,,,,,,,,,3,1,1,1.0,6.0
201000007519,0010-06-29 12:30:00,10,6,29,12,30,260,6,,,,Plein jour,Hors agglomération,Hors intersection,Normale,Deux véhicules - frontale,,,,,,,,,,,1,1,1,1.0,1.0
201000007520,0010-07-12 06:30:00,10,7,12,6,30,260,124,,,,Crépuscule ou aube,Hors agglomération,Hors intersection,Normale,Autre collision,,,,,,,,,,,2,1,1,1.0,6.0
201000007521,0010-07-15 14:00:00,10,7,15,14,0,260,124,Lots MOUCHILLON,,,Plein jour,En agglomération,Intersection en X,Normale,Deux véhicules - côté,,,,,,,,,,,1,2,2,1.0,3.0
201000007522,0010-07-16 12:00:00,10,7,16,12,0,260,165,QUARTIER LA LAUZE,,,Plein jour,Hors agglomération,Hors intersection,Temps éblouissant,Deux véhicules - côté,,,,,,,,,,,1,1,1,7.0,3.0
201000007523,0010-07-28 17:30:00,10,7,28,17,30,260,166,ROUTE DE FONDGRAND,44.785,4.857,Plein jour,En agglomération,Hors intersection,Normale,Deux véhicules - frontale,,,,,,,,,,,1,2,1,1.0,1.0
201000007524,0010-08-03 17:00:00,10,8,3,17,0,260,42,,,,Crépuscule ou aube,Hors agglomération,Hors intersection,Normale,Autre collision,,,,,,,,,,,2,1,1,1.0,6.0
201000007525,0010-08-01 15:30:00,10,8,1,15,30,260,124,FERME PLANSELLE,44.8381,4.8511,Plein jour,Hors agglomération,Intersection en X,Normale,Deux véhicules - côté,,,,,,,,,,,1,1,2,1.0,3.0
201000007526,0010-09-04 09:30:00,10,9,4,9,30,260,165,,,,Plein jour,Hors agglomération,Hors intersection,Normale,Autre collision,,,,,,,,,,,1,1,1,1.0,6.0
201000007527,0010-09-12 08:00:00,10,9,12,8,0,260,165,Avenue Albert MAZADE,44.777,4.845,Plein jour,En agglomération,Hors intersection,Normale,Deux véhicules - frontale,,,,,,,,,,,1,2,1,1.0,1.0
201000007528,0010-09-24 16:30:00,10,9,24,16,30,260,165,Avenue Albert Mazade,,,Plein jour,En agglomération,Hors intersection,Normale,Sans collision,,,,,,,,,,,1,2,1,1.0,7.0
201000007529,0010-10-23 17:00:00,10,10,23,17,0,260,166,Quartier les pavillons,,,Plein jour,En agglomération,Hors intersection,Normale,Sans collision,,,,,,,,,,,1,2,1,1.0,7.0
201000007530,0010-10-29 18:15:00,10,10,29,18,15,260,337,26337,,,Nuit avec éclairage non allumé,Hors agglomération,Hors intersection,Normale,Autre collision,,,,,,,,,,,4,1,1,1.0,6.0
201000007531,0010-10-29 14:45:00,10,10,29,14,45,260,166,26166,44.7468,4.8045,Plein jour,En agglomération,Hors intersection,Normale,Deux véhicules - frontale,,,,,,,,,,,1,2,1,1.0,1.0
201000007532,0010-11-12 00:15:00,10,11,12,0,15,260,124,,44.841,4.839,Nuit sans éclairage public,Hors agglomération,Hors intersection,Normale,Autre collision,,,,,,,,,,,3,1,1,1.0,6.0
201000007533,0010-11-15 20:30:00,10,11,15,20,30,260,124,,,,Nuit sans éclairage public,Hors agglomération,Hors intersection,Temps couvert,Deux véhicules - frontale,,,,,,,,,,,3,1,1,8.0,1.0
201000007534,0010-11-18 13:30:00,10,11,18,13,30,260,166,,,,Plein jour,Hors agglomération,Hors intersection,Normale,Deux véhicules - frontale,,,,,,,,,,,1,1,1,1.0,1.0
201000007535,0010-12-20 21:30:00,10,12,20,21,30,260,166,26166,44.743,4.808,Nuit sans éclairage public,Hors agglomération,Hors intersection,Normale,Sans collision,,,,,,,,,,,3,1,1,1.0,7.0
201000007536,0010-01-24 08:00:00,10,1,24,8,0,260,19,,,,Nuit sans éclairage public,Hors agglomération,Hors intersection,Normale,Sans collision,,,,,,,,,,,3,1,1,1.0,7.0
201000007537,0010-01-28 22:15:00,10,1,28,22,15,260,113,30 Rue Camille BUFFARDEL,44.759,5.371,Nuit avec éclairage allumé,En agglomération,Hors intersection,Normale,Autre collision,,,,,,,,,,,5,2,1,1.0,6.0
201000007538,0010-04-09 16:15:00,10,4,9,16,15,260,299,,44.766,5.296,Plein jour,Hors agglomération,Hors intersection,Normale,Sans collision,,,,,,,,,,,1,1,1,1.0,7.0
201000007539,0010-05-22 15:30:00,10,5,22,15,30,260,1,,,,Plein jour,Hors agglomération,Hors intersection,Normale,Deux véhicules - côté,,,,,,,,,,,1,1,1,1.0,3.0
201000007540,0010-06-12 15:15:00,10,6,12,15,15,260,69,,44.828,5.392,Plein jour,Hors agglomération,Hors intersection,Normale,Sans collision,,,,,,,,,,,1,1,1,1.0,7.0
201000007541,0010-07-04 11:45:00,10,7,4,11,45,260,113,,,,Plein jour,En agglomération,Hors intersection,Normale,Autre collision,,,,,,,,,,,1,2,1,1.0,6.0
201000007542,0010-07-13 13:00:00,10,7,13,13,0,260,299,,44.766,5.296,Plein jour,Hors agglomération,Hors intersection,Normale,Deux véhicules - frontale,,,,,,,,,,,1,1,1,1.0,1.0
201000007543,0010-07-31 15:00:00,10,7,31,15,0,260,69,,44.84,5.399,Plein jour,Hors agglomération,Hors intersection,Normale,Deux véhicules - frontale,,,,,,,,,,,1,1,1,1.0,1.0
201000007544,0010-07-29 10:15:00,10,7,29,10,15,260,122,,44.694,5.223,Plein jour,Hors agglomération,Hors intersection,Normale,Deux véhicules - frontale,,,,,,,,,,,1,1,1,1.0,1.0
201000007545,0010-08-26 10:15:00,10,8,26,10,15,260,113,,44.739,5.391,Plein jour,Hors agglomération,Hors intersection,Normale,Autre collision,,,,,,,,,,,1,1,1,1.0,6.0
201000007546,0010-09-12 12:45:00,10,9,12,12,45,260,69,,44.798,5.377,Plein jour,Hors agglomération,Hors intersection,Normale,Sans collision,,,,,,,,,,,1,1,1,1.0,7.0
201000007547,0010-09-29 19:30:00,10,9,29,19,30,260,113,,44.772,5.318,Crépuscule ou aube,Hors agglomération,Hors intersection,Normale,Deux véhicules - côté,,,,,,,,,,,2,1,1,1.0,3.0
201000007548,0010-10-22 08:30:00,10,10,22,8,30,260,113,,44.767,5.272,Crépuscule ou aube,Hors agglomération,Hors intersection,Normale,Deux véhicules - frontale,,,,,,,,,,,2,1,1,1.0,1.0
201000007549,0010-11-20 16:15:00,10,11,20,16,15,260,368,,44.701,5.249,Plein jour,Hors agglomération,Hors intersection,Pluie légère,Trois véhicules et plus - collisions multiples,,,,,,,,,,,1,1,1,2.0,5.0
201000007550,0010-12-24 19:45:00,10,12,24,19,45,260,187,26187,44.729,5.399,Nuit sans éclairage public,Hors agglomération,Hors intersection,Pluie légère,Autre collision,,,,,,,,,,,3,1,1,2.0,6.0
201000007551,0010-04-01 16:00:00,10,4,1,16,0,260,315,,,,Plein jour,Hors agglomération,Hors intersection,Normale,Deux véhicules - frontale,,,,,,,,,,,1,1,1,1.0,1.0
201000007552,0010-09-18 10:00:00,10,9,18,10,0,260,74,,,,Crépuscule ou aube,Hors agglomération,Hors intersection,Brouillard / fumée,Deux véhicules - frontale,,,,,,,,,,,2,1,1,5.0,1.0
201000007553,0010-11-08 16:30:00,10,11,8,16,30,260,74,,,,Plein jour,Hors agglomération,Hors intersection,Neige / grêle,Sans collision,,,,,,,,,,,1,1,1,4.0,7.0
201000007554,0010-02-03 00:15:00,10,2,3,0,15,260,25,,44.675,5.394,Nuit sans éclairage public,Hors agglomération,Hors intersection,Autre,Autre collision,,,,,,,,,,,3,1,1,9.0,6.0
201000007555,0010-06-24 16:15:00,10,6,24,16,15,260,86,,44.691,5.514,Plein jour,Hors agglomération,Hors intersection,Normale,Autre collision,,,,,,,,,,,1,1,1,1.0,6.0
201000007556,0010-06-27 16:30:00,10,6,27,16,30,260,86,,44.692,5.511,Plein jour,Hors agglomération,Hors intersection,Normale,Sans collision,,,,,,,,,,,1,1,1,1.0,7.0
201000007557,0010-07-21 19:00:00,10,7,21,19,0,260,262,,44.67,5.427,Plein jour,Hors agglomération,Intersection en T,Normale,Deux véhicules - frontale,,,,,,,,,,,1,1,3,1.0,1.0
201000007558,0010-04-30 18:30:00,10,4,30,18,30,260,168,,44.649,5.703,Plein jour,Hors agglomération,Hors intersection,Pluie légère,Deux véhicules - frontale,,,,,,,,,,,1,1,1,2.0,1.0
201000007559,0010-06-04 14:15:00,10,6,4,14,15,260,168,,44.716,5.678,Plein jour,Hors agglomération,Hors intersection,Normale,Autre collision,,,,,,,,,,,1,1,1,1.0,6.0
201000007560,0010-12-26 16:30:00,10,12,26,16,30,260,168,26168,,,Plein jour,Hors agglomération,Hors intersection,Autre,Trois véhicules et plus - collisions multiples,,,,,,,,,,,1,1,1,9.0,5.0
201000007561,0010-04-30 08:00:00,10,4,30,8,0,260,121,,,,Plein jour,Hors agglomération,Intersection en X,Normale,Deux véhicules - frontale,,,,,,,,,,,1,1,2,1.0,1.0
201000007562,0010-05-11 17:30:00,10,5,11,17,30,260,353,Quartier Belfond,44.67,4.793,Plein jour,En agglomération,Hors intersection,Normale,Autre collision,,,,,,,,,,,1,2,1,1.0,6.0
201000007563,0010-06-19 05:00:00,10,6,19,5,0,260,339,,44.601,4.753,Nuit avec éclairage allumé,Hors agglomération,Hors intersection,Temps couvert,Autre collision,,,,,,,,,,,5,1,1,8.0,6.0
201000007564,0010-06-30 11:30:00,10,6,30,11,30,260,95,Quartier les Andrans,44.614,4.921,Plein jour,Hors agglomération,Hors intersection,Normale,Deux véhicules - arrière,,,,,,,,,,,1,1,1,1.0,2.0
201000007565,0010-07-10 14:00:00,10,7,10,14,0,260,106,nationale 7 - quartier D,44.643,4.776,Plein jour,En agglomération,Hors intersection,Normale,Autre collision,,,,,,,,,,,1,2,1,1.0,6.0
201000007566,0010-07-16 15:30:00,10,7,16,15,30,260,191,RD540,,,Plein jour,En agglomération,Hors intersection,Normale,Deux véhicules - frontale,,,,,,,,,,,1,2,1,1.0,1.0
201000007567,0010-09-06 16:30:00,10,9,6,16,30,260,5,,44.491,4.794,Plein jour,Hors agglomération,Hors intersection,Normale,Deux véhicules - frontale,,,,,,,,,,,1,1,1,1.0,1.0
201000007568,0010-10-28 10:15:00,10,10,28,10,15,260,106,26106,,,Plein jour,En agglomération,Hors intersection,Normale,Autre collision,,,,,,,,,,,1,2,1,1.0,6.0
201000007569,0010-07-05 17:30:00,10,7,5,17,30,260,352,,44.534,4.895,Plein jour,Hors agglomération,Hors intersection,Temps éblouissant,Deux véhicules - frontale,,,,,,,,,,,1,1,1,7.0,1.0
201000007570,0010-11-11 08:15:00,10,11,11,8,15,260,222,,44.541,5.13,Plein jour,Hors agglomération,Hors intersection,Autre,Deux véhicules - frontale,,,,,,,,,,,1,1,1,9.0,1.0
201000007571,0010-05-16 18:30:00,10,5,16,18,30,260,116,26290,,,Plein jour,Hors agglomération,Hors intersection,Normale,Deux véhicules - côté,,,,,,,,,,,1,1,1,1.0,3.0
201000007572,0010-05-23 22:45:00,10,5,23,22,45,260,116,,,,Nuit sans éclairage public,Hors agglomération,Hors intersection,Normale,Deux véhicules - frontale,,,,,,,,,,,3,1,1,1.0,1.0
201000007573,0010-07-31 20:30:00,10,7,31,20,30,260,145,,,,Plein jour,Hors agglomération,Hors intersection,Normale,Deux véhicules - côté,,,,,,,,,,,1,1,1,1.0,3.0
201000007574,0010-10-09 18:00:00,10,10,9,18,0,260,116,,,,Plein jour,Hors agglomération,Hors intersection,Normale,Deux véhicules - côté,,,,,,,,,,,1,1,1,1.0,3.0
201000007575,0010-11-26 13:00:00,10,11,26,13,0,260,116,,,,Plein jour,Hors agglomération,Hors intersection,Normale,Autre collision,,,,,,,,,,,1,1,1,1.0,6.0
201000007576,0010-12-28 15:00:00,10,12,28,15,0,260,85,26085,,,Plein jour,Hors agglomération,Hors intersection,Normale,Deux véhicules - frontale,,,,,,,,,,,1,1,1,1.0,1.0
201000007577,0010-12-29 17:30:00,10,12,29,17,30,260,116,26116,44.443,4.703,Crépuscule ou aube,En agglomération,Hors intersection,Normale,Deux véhicules - frontale,,,,,,,,,,,2,2,1,1.0,1.0
201000007578,0010-02-05 22:00:00,10,2,5,22,0,260,235,,,,Nuit sans éclairage public,Hors agglomération,Hors intersection,Normale,Trois véhicules et plus - collisions multiples,,,,,,,,,,,3,1,1,1.0,5.0
201000007579,0010-04-13 19:00:00,10,4,13,19,0,260,235,AVENUE MARECHAL LECLERC,44.379,4.7007,Plein jour,En agglomération,Hors intersection,Normale,Deux véhicules - arrière,,,,,,,,,,,1,2,1,1.0,2.0
201000007580,0010-06-27 12:00:00,10,6,27,12,0,260,235,,,,Plein jour,Hors agglomération,Hors intersection,Normale,Deux véhicules - côté,,,,,,,,,,,1,1,1,1.0,3.0
201000007581,0010-07-07 12:15:00,10,7,7,12,15,260,235,,,,Plein jour,Hors agglomération,Hors intersection,Normale,Deux véhicules - frontale,,,,,,,,,,,1,1,1,1.0,1.0
201000007582,0010-07-24 01:15:00,10,7,24,1,15,260,235,RUE DU GARDON,44.3653,4.7081,Nuit sans éclairage public,Hors agglomération,Hors intersection,Normale,Autre collision,,,,,,,,,,,3,1,1,1.0,6.0
201000007583,0010-08-24 17:00:00,10,8,24,17,0,260,235,,,,Plein jour,Hors agglomération,Hors intersection,Normale,Deux véhicules - frontale,,,,,,,,,,,1,1,1,1.0,1.0
201000007584,0010-08-26 01:30:00,10,8,26,1,30,260,235,,,,Nuit sans éclairage public,Hors agglomération,Hors intersection,Normale,Sans collision,,,,,,,,,,,3,1,1,1.0,7.0
201000007585,0010-10-18 08:00:00,10,10,18,8,0,260,138,,,,Plein jour,Hors agglomération,Hors intersection,Normale,Deux véhicules - frontale,,,,,,,,,,,1,1,1,1.0,1.0
201000007586,0010-11-20 05:30:00,10,11,20,5,30,260,235,,,,Nuit sans éclairage public,Hors agglomération,Hors intersection,Normale,Deux véhicules - arrière,,,,,,,,,,,3,1,1,1.0,2.0
201000007587,0010-06-26 14:45:00,10,6,26,14,45,260,54,,,,Plein jour,Hors agglomération,Intersection en X,Normale,Deux véhicules - côté,,,,,,,,,,,1,1,2,1.0,3.0
201000007588,0010-05-03 16:15:00,10,5,3,16,15,260,317,,,,Plein jour,Hors agglomération,Hors intersection,Pluie légère,Autre collision,,,,,,,,,,,1,1,1,2.0,6.0
201000007589,0010-05-16 19:00:00,10,5,16,19,0,260,317,virage arnaud,,,Crépuscule ou aube,Hors agglomération,Hors intersection,Normale,Sans collision,,,,,,,,,,,2,1,1,1.0,7.0
201000007590,0010-09-14 13:45:00,10,9,14,13,45,260,182,,,,Plein jour,Hors agglomération,Hors intersection,Normale,Deux véhicules - arrière,,,,,,,,,,,1,1,1,1.0,2.0
201000007591,0010-10-28 18:00:00,10,10,28,18,0,260,182,26182,,,Crépuscule ou aube,Hors agglomération,Hors intersection,Normale,Deux véhicules - côté,,,,,,,,,,,2,1,1,1.0,3.0
201000007592,0010-01-07 15:00:00,10,1,7,15,0,20,691,"143, PARIS DE 1 A 187/21",,,Plein jour,En agglomération,Hors intersection,Normale,Autre collision,,,,,,,,,,,1,2,1,1.0,6.0
201000007593,0010-12-08 17:40:00,10,12,8,17,40,20,691,"21, CORDIER (BD)",,,Nuit avec éclairage allumé,En agglomération,Hors intersection,Normale,Autre collision,,,,,,,,,,,5,2,1,1.0,6.0
201000007594,0010-08-29 11:00:00,10,8,29,11,0,260,279,,,,Plein jour,Hors agglomération,Hors intersection,Temps éblouissant,Deux véhicules - côté,,,,,,,,,,,1,1,1,7.0,3.0
201000007595,0010-09-01 17:30:00,10,9,1,17,30,260,63,Bld Aristide BRIAND,,,Plein jour,En agglomération,Hors intersection,Normale,Autre collision,,,,,,,,,,,1,2,1,1.0,6.0
201000007596,0010-02-05 08:10:00,10,2,5,8,10,20,691,"22, MULHOUSE DE 8 A 125",,,Nuit sans éclairage public,En agglomération,Hors intersection,Pluie légère,Autre collision,,,,,,,,,,,3,2,1,2.0,6.0
201000007597,0010-10-10 12:15:00,10,10,10,12,15,260,63,,,,Plein jour,Hors agglomération,Hors intersection,Temps couvert,Deux véhicules - frontale,,,,,,,,,,,1,1,1,8.0,1.0
201000007598,0010-12-08 13:45:00,10,12,8,13,45,260,278,26278,,,Plein jour,Hors agglomération,Hors intersection,Normale,Deux véhicules - frontale,,,,,,,,,,,1,1,1,1.0,1.0
201000007599,0010-02-15 19:25:00,10,2,15,19,25,20,691,":, PARIS DE 189/212 A FI",,,Nuit avec éclairage allumé,En agglomération,Hors intersection,Temps couvert,Deux véhicules - côté,,,,,,,,,,,5,2,1,8.0,3.0
201000007600,0010-02-26 12:00:00,10,2,26,12,0,20,691,":, RESISTANCE (AV. DE LA",,,Plein jour,En agglomération,Intersection en T,Normale,Autre collision,,,,,,,,,,,1,2,3,1.0,6.0
201000007601,0010-03-23 19:05:00,10,3,23,19,5,20,691,"POMPIDOU, 168 av",,,Crépuscule ou aube,En agglomération,Hors intersection,Normale,Deux véhicules - côté,,,,,,,,,,,2,2,1,1.0,3.0
201000007602,0010-04-10 07:45:00,10,4,10,7,45,20,340,D1,,,Plein jour,Hors agglomération,Hors intersection,Normale,Autre collision,,,,,,,,,,,1,1,1,1.0,6.0
201000007603,0010-03-12 17:20:00,10,3,12,17,20,20,659,SAINT-QUENTIN (RUE DE),,,Plein jour,En agglomération,Hors intersection,Normale,Sans collision,,,,,,,,,,,1,2,1,1.0,7.0
201000007604,0010-04-06 20:45:00,10,4,6,20,45,20,691,":, LYON (RUE DE)",,,Nuit avec éclairage allumé,En agglomération,Intersection en T,Normale,Autre collision,,,,,,,,,,,5,2,3,1.0,6.0
201000007605,0010-05-03 11:35:00,10,5,3,11,35,20,691,"189, PARIS DE 189/212 A",,,Plein jour,En agglomération,Hors intersection,Normale,Autre collision,,,,,,,,,,,1,2,1,1.0,6.0
201000007606,0010-04-01 20:10:00,10,4,1,20,10,20,340,PICARDIE (RUE DE),,,Crépuscule ou aube,En agglomération,Intersection en T,Normale,Deux véhicules - côté,,,,,,,,,,,2,2,3,1.0,3.0
201000007607,0010-04-16 20:35:00,10,4,16,20,35,20,691,"37, THIERS DE 32/41 A FI",,,Nuit avec éclairage allumé,En agglomération,Intersection en T,Normale,Deux véhicules - côté,,,,,,,,,,,5,2,3,1.0,3.0
201000007608,0010-04-30 13:40:00,10,4,30,13,40,20,691,"88, FUSILLES-F.N.D (AVEN",,,Plein jour,En agglomération,Hors intersection,Normale,Deux véhicules - frontale,,,,,,,,,,,1,2,1,1.0,1.0
201000007609,0010-05-16 10:00:00,10,5,16,10,0,20,691,":, PIERRET (RUE EM. ET R",,,Plein jour,En agglomération,Hors intersection,Normale,Autre collision,,,,,,,,,,,1,2,1,1.0,6.0
201000007610,0010-05-21 16:50:00,10,5,21,16,50,20,691,rue Laplace,,,Plein jour,En agglomération,Intersection en T,Normale,Deux véhicules - côté,,,,,,,,,,,1,2,3,1.0,3.0
201000007611,0010-06-16 12:40:00,10,6,16,12,40,20,691,"., HUIT-OCTOBRE (PLACE D",,,Plein jour,En agglomération,Place,Normale,Sans collision,,,,,,,,,,,1,2,7,1.0,7.0
201000007612,0010-06-15 18:15:00,10,6,15,18,15,20,691,TOUSSAINT (RUE DE LA),,,Plein jour,En agglomération,Intersection en T,Normale,Deux véhicules - frontale,,,,,,,,,,,1,2,3,1.0,1.0