accident_id,datetime,annee,mois,jour,heure,minute,departement,commune_insee,adresse,latitude,longitude,luminosite,agglomeration,intersection,meteo,collision,nb_vehicules,nb_usagers,nb_indemnes,nb_tues,nb_blesses_hosp,nb_blesses_legers,age_cond_1,age_cond_2,veh_type_cond_1,veh_type_cond_2,lum_code,agg_code,int_code,atm_code,col_code
201000007613,0010-05-29 17:25:00,10,5,29,17,25,20,691,"143, MULHOUSE DE 127 A 1",,,Plein jour,En agglomération,Intersection en X,Normale,Deux véhicules - frontale,,,,,,,,,,,1,2,2,1.0,1.0
201000007614,0010-06-18 11:30:00,10,6,18,11,30,20,691,":, GIRODON (RUE GABRIEL)",,,Plein jour,En agglomération,Hors intersection,Normale,Autre collision,,,,,,,,,,,1,2,1,1.0,6.0
201000007615,0010-05-10 13:05:00,10,5,10,13,5,20,691,"30, DUMAS (RUE ALEXANDRE",,,Plein jour,En agglomération,Hors intersection,Normale,Trois véhicules et plus - collisions multiples,,,,,,,,,,,1,2,1,1.0,5.0
201000007616,0010-08-19 19:40:00,10,8,19,19,40,20,691,"., PARIS DE 1 A 187/210",,,Plein jour,En agglomération,Intersection en T,Normale,Deux véhicules - arrière,,,,,,,,,,,1,2,3,1.0,2.0
201000007617,0010-08-28 16:30:00,10,8,28,16,30,20,691,"168, GUISE (RUE DE)",,,Plein jour,En agglomération,Intersection en T,Normale,Deux véhicules - arrière,,,,,,,,,,,1,2,3,1.0,2.0
201000007618,0010-09-05 13:25:00,10,9,5,13,25,20,691,":, SAINT-PRIX (RAMPE)",,,Plein jour,En agglomération,Intersection en Y,Normale,Deux véhicules - côté,,,,,,,,,,,1,2,4,1.0,3.0
201000007619,0010-08-25 16:05:00,10,8,25,16,5,20,691,"., LECLERC (RUE DU GL)",,,Plein jour,En agglomération,Hors intersection,Normale,Autre collision,,,,,,,,,,,1,2,1,1.0,6.0
201000007620,0010-09-19 17:50:00,10,9,19,17,50,20,691,":, ISLE (RUE D')",,,Plein jour,En agglomération,Intersection en X,Normale,Deux véhicules - côté,,,,,,,,,,,1,2,2,1.0,3.0
201000007621,0010-09-07 19:05:00,10,9,7,19,5,20,691,"101, LECLERC (RUE DU GL)",,,Plein jour,En agglomération,Hors intersection,Normale,Autre collision,,,,,,,,,,,1,2,1,1.0,6.0
201000007622,0010-09-09 16:10:00,10,9,9,16,10,20,691,"17, SELLERIE (RUE DE LA)",,,Plein jour,En agglomération,Hors intersection,Normale,Autre collision,,,,,,,,,,,1,2,1,1.0,6.0
201000007623,0010-09-08 12:20:00,10,9,8,12,20,20,691,":, FOUCAULD (RUE CHARLES",,,Plein jour,En agglomération,Intersection en X,Normale,Autre collision,,,,,,,,,,,1,2,2,1.0,6.0
201000007624,0010-09-15 18:40:00,10,9,15,18,40,20,691,"60, GUISE (RUE DE)",,,Plein jour,En agglomération,Hors intersection,Normale,Deux véhicules - frontale,,,,,,,,,,,1,2,1,1.0,1.0
201000007625,0010-09-26 16:50:00,10,9,26,16,50,20,691,":, R.D 1029 - VIADUC DE",,,Plein jour,Hors agglomération,Hors intersection,Normale,Deux véhicules - frontale,,,,,,,,,,,1,1,1,1.0,1.0
201000007626,0010-09-25 17:00:00,10,9,25,17,0,20,691,":, OFFICIEL (RUE DE L')",,,Plein jour,En agglomération,Hors intersection,Normale,Autre collision,,,,,,,,,,,1,2,1,1.0,6.0
201000007627,0010-10-28 16:30:00,10,10,28,16,30,20,691,"46, BAUDREUIL (RUE DE)",,,Plein jour,En agglomération,Intersection en T,Normale,Autre collision,,,,,,,,,,,1,2,3,1.0,6.0
201000007628,0010-10-29 19:05:00,10,10,29,19,5,20,691,"247, PARIS DE 189/212 A",,,Nuit avec éclairage allumé,Hors agglomération,Intersection en T,Normale,Deux véhicules - côté,,,,,,,,,,,5,1,3,1.0,3.0
201000007629,0010-11-11 20:40:00,10,11,11,20,40,20,340,R.D 1029,,,Nuit avec éclairage allumé,Hors agglomération,Hors intersection,Normale,Deux véhicules - frontale,,,,,,,,,,,5,1,1,1.0,1.0
201000007630,0010-10-07 13:55:00,10,10,7,13,55,20,691,"73 bis, VERMAND (RUE DE)",,,Plein jour,En agglomération,Hors intersection,Normale,Deux véhicules - frontale,,,,,,,,,,,1,2,1,1.0,1.0
201000007631,0010-11-09 16:45:00,10,11,9,16,45,20,691,"., LECLERC (RUE DU GL)",,,Crépuscule ou aube,En agglomération,Place,Pluie légère,Autre collision,,,,,,,,,,,2,2,7,2.0,6.0
201000007632,0010-11-23 12:10:00,10,11,23,12,10,20,691,"., RICHELIEU (BD)",,,Plein jour,En agglomération,Autre intersection,Normale,Deux véhicules - côté,,,,,,,,,,,1,2,9,1.0,3.0
201000007633,0010-12-01 04:40:00,10,12,1,4,40,20,691,":, TOUR-Y-VAL (RUE DE)",,,Nuit avec éclairage allumé,En agglomération,Hors intersection,Normale,Autre collision,,,,,,,,,,,5,2,1,1.0,6.0
201000007634,0010-11-02 13:15:00,10,11,2,13,15,20,691,":, PIERRET (RUE EM. ET R",,,Plein jour,En agglomération,Hors intersection,Normale,Autre collision,,,,,,,,,,,1,2,1,1.0,6.0
201000007635,0010-12-16 17:45:00,10,12,16,17,45,20,691,"125, CORDIER (BD)",,,Crépuscule ou aube,En agglomération,Hors intersection,Pluie légère,Autre collision,,,,,,,,,,,2,2,1,2.0,6.0
201000007636,0010-03-13 13:45:00,10,3,13,13,45,260,146,,,,Plein jour,Hors agglomération,Hors intersection,Normale,Autre collision,,,,,,,,,,,1,1,1,1.0,6.0
201000007637,0010-06-17 20:30:00,10,6,17,20,30,260,284,,44.439,4.787,Crépuscule ou aube,Hors agglomération,Hors intersection,Normale,Autre collision,,,,,,,,,,,2,1,1,1.0,6.0
201000007638,0010-07-11 00:15:00,10,7,11,0,15,260,99,le village,44.396,4.9,Nuit avec éclairage allumé,En agglomération,Giratoire,Normale,Sans collision,,,,,,,,,,,5,2,6,1.0,7.0
201000007639,0010-07-20 13:30:00,10,7,20,13,30,260,360,,44.423,4.81,Plein jour,Hors agglomération,Hors intersection,Normale,Trois véhicules et plus - collisions multiples,,,,,,,,,,,1,1,1,1.0,5.0
201000007640,0010-08-18 13:00:00,10,8,18,13,0,260,146,,44.425,4.868,Plein jour,Hors agglomération,Hors intersection,Normale,Deux véhicules - frontale,,,,,,,,,,,1,1,1,1.0,1.0
201000007641,0010-11-04 18:15:00,10,11,4,18,15,260,192,QUARTIER CHATELARD,44.442,5.02,Nuit avec éclairage allumé,En agglomération,Hors intersection,Normale,Deux véhicules - côté,,,,,,,,,,,5,2,1,1.0,3.0
201000007642,0010-04-18 15:30:00,10,4,18,15,30,260,215,,44.49,5.382,Plein jour,Hors agglomération,Hors intersection,Normale,Autre collision,,,,,,,,,,,1,1,1,1.0,6.0
201000007643,0010-09-21 12:45:00,10,9,21,12,45,260,238,,44.396,5.206,Plein jour,Hors agglomération,Hors intersection,Normale,Deux véhicules - frontale,,,,,,,,,,,1,1,1,1.0,1.0
201000007644,0010-01-07 17:30:00,10,1,7,17,30,260,379,26379,,,Nuit sans éclairage public,Hors agglomération,Hors intersection,Normale,Deux véhicules - frontale,,,,,,,,,,,3,1,1,1.0,1.0
201000007645,0010-01-14 07:45:00,10,1,14,7,45,260,4,Quartier LES SOUBREDIOUX,44.9951,4.9985,Plein jour,Hors agglomération,Hors intersection,Temps couvert,Trois véhicules et plus - collisions multiples,,,,,,,,,,,1,1,1,8.0,5.0
201000007646,0010-01-30 19:30:00,10,1,30,19,30,260,49,CD302 - les malbâties,44.9698,5.0794,Nuit sans éclairage public,En agglomération,Hors intersection,Normale,Autre collision,,,,,,,,,,,3,2,1,1.0,6.0
201000007647,0010-02-15 18:30:00,10,2,15,18,30,260,23,26023,,,Nuit sans éclairage public,Hors agglomération,Hors intersection,Temps couvert,Deux véhicules - frontale,,,,,,,,,,,3,1,1,8.0,1.0
201000007648,0010-03-17 09:45:00,10,3,17,9,45,260,323,,,,Plein jour,Hors agglomération,Hors intersection,Normale,Deux véhicules - arrière,,,,,,,,,,,1,1,1,1.0,2.0
201000007649,0010-03-29 11:30:00,10,3,29,11,30,260,96,La Vosnière,,,Plein jour,En agglomération,Hors intersection,Normale,Autre collision,,,,,,,,,,,1,2,1,1.0,6.0
201000007650,0010-03-30 20:00:00,10,3,30,20,0,260,323,,45.0512,5.1039,Crépuscule ou aube,Hors agglomération,Hors intersection,Normale,Deux véhicules - frontale,,,,,,,,,,,2,1,1,1.0,1.0
201000007651,0010-04-04 13:15:00,10,4,4,13,15,260,194,,,,Plein jour,Hors agglomération,Hors intersection,Normale,Autre collision,,,,,,,,,,,1,1,1,1.0,6.0
201000007652,0010-04-25 17:15:00,10,4,25,17,15,260,129,,45.053,5.144,Plein jour,Hors agglomération,Hors intersection,Normale,Trois véhicules et plus - collisions multiples,,,,,,,,,,,1,1,1,1.0,5.0
201000007653,0010-04-26 05:45:00,10,4,26,5,45,260,34,,,,Nuit sans éclairage public,Hors agglomération,Hors intersection,Normale,Autre collision,,,,,,,,,,,3,1,1,1.0,6.0
201000007654,0010-05-09 18:30:00,10,5,9,18,30,260,323,PK 7+195,,,Plein jour,En agglomération,Hors intersection,Normale,Trois véhicules et plus - collisions multiples,,,,,,,,,,,1,2,1,1.0,5.0
201000007655,0010-05-26 18:30:00,10,5,26,18,30,260,231,,45.098,5.069,Plein jour,Hors agglomération,Hors intersection,Normale,Deux véhicules - côté,,,,,,,,,,,1,1,1,1.0,3.0
201000007656,0010-05-28 16:00:00,10,5,28,16,0,260,84,,,,Plein jour,Hors agglomération,Intersection en T,Normale,Deux véhicules - côté,,,,,,,,,,,1,1,3,1.0,3.0
201000007657,0010-06-27 19:15:00,10,6,27,19,15,260,92,,,,Plein jour,Hors agglomération,Hors intersection,Normale,Deux véhicules - frontale,,,,,,,,,,,1,1,1,1.0,1.0
201000007658,0010-07-13 13:30:00,10,7,13,13,30,260,88,,,,Plein jour,Hors agglomération,Hors intersection,Normale,Trois véhicules et plus - collisions multiples,,,,,,,,,,,1,1,1,1.0,5.0
201000007659,0010-07-13 18:00:00,10,7,13,18,0,260,87,le hameau de PEROUX,,,Plein jour,En agglomération,Hors intersection,Normale,Deux véhicules - frontale,,,,,,,,,,,1,2,1,1.0,1.0
201000007660,0010-08-17 11:30:00,10,8,17,11,30,260,87,,45.09,5.135,Plein jour,Hors agglomération,Hors intersection,Normale,Deux véhicules - frontale,,,,,,,,,,,1,1,1,1.0,1.0
201000007661,0010-08-17 11:30:00,10,8,17,11,30,260,39,,45.051,5.14,Plein jour,Hors agglomération,Hors intersection,Normale,Deux véhicules - arrière,,,,,,,,,,,1,1,1,1.0,2.0
201000007662,0010-08-24 03:15:00,10,8,24,3,15,260,4,,,,Nuit sans éclairage public,Hors agglomération,Hors intersection,Normale,Autre collision,,,,,,,,,,,3,1,1,1.0,6.0
201000007663,0010-09-11 16:00:00,10,9,11,16,0,260,88,,45.02,5.083,Plein jour,Hors agglomération,Intersection en X,Normale,Deux véhicules - côté,,,,,,,,,,,1,1,2,1.0,3.0
201000007664,0010-09-16 18:00:00,10,9,16,18,0,260,77,,,,Plein jour,Hors agglomération,Hors intersection,Pluie légère,Sans collision,,,,,,,,,,,1,1,1,2.0,7.0
201000007665,0010-09-23 13:30:00,10,9,23,13,30,260,96,,,,Plein jour,Hors agglomération,Hors intersection,Normale,Autre collision,,,,,,,,,,,1,1,1,1.0,6.0
201000007666,0010-10-06 14:00:00,10,10,6,14,0,260,218,RUE DES ALPES,45.0686,5.062,Plein jour,Hors agglomération,Hors intersection,Normale,Sans collision,,,,,,,,,,,1,1,1,1.0,7.0
201000007667,0010-10-21 08:30:00,10,10,21,8,30,260,87,Quartier bochinard,,,Plein jour,En agglomération,Hors intersection,Normale,Deux véhicules - côté,,,,,,,,,,,1,2,1,1.0,3.0
201000007668,0010-11-21 18:00:00,10,11,21,18,0,260,310,,,,Nuit sans éclairage public,Hors agglomération,Hors intersection,Normale,Autre collision,,,,,,,,,,,3,1,1,1.0,6.0
201000007669,0010-11-30 17:45:00,10,11,30,17,45,260,61,,,,Nuit sans éclairage public,Hors agglomération,Hors intersection,Neige / grêle,Trois véhicules et plus - collisions multiples,,,,,,,,,,,3,1,1,4.0,5.0
201000007670,0010-12-10 20:00:00,10,12,10,20,0,260,84,26084,,,Nuit sans éclairage public,Hors agglomération,Hors intersection,Pluie légère,Deux véhicules - frontale,,,,,,,,,,,3,1,1,2.0,1.0
201000007671,0010-12-12 12:00:00,10,12,12,12,0,260,107,26107,,,Plein jour,Hors agglomération,Hors intersection,Normale,Sans collision,,,,,,,,,,,1,1,1,1.0,7.0
201000007672,0010-03-06 12:15:00,10,3,6,12,15,260,143,LE VILLAGE,45.2697,5.1047,Plein jour,En agglomération,Hors intersection,Normale,Autre collision,,,,,,,,,,,1,2,1,1.0,6.0
201000007673,0010-05-01 18:30:00,10,5,1,18,30,260,162,,45.294,5.039,Plein jour,Hors agglomération,Hors intersection,Pluie légère,Trois véhicules et plus - collisions multiples,,,,,,,,,,,1,1,1,2.0,5.0
201000007674,0010-06-25 17:45:00,10,6,25,17,45,260,118,Quartier BELMONT,45.3087,4.9503,Plein jour,En agglomération,Hors intersection,Normale,Deux véhicules - côté,,,,,,,,,,,1,2,1,1.0,3.0
201000007675,0010-08-21 16:30:00,10,8,21,16,30,260,210,VOIE COMMUNALE 04,45.2186,5.1305,Plein jour,En agglomération,Hors intersection,Normale,Autre collision,,,,,,,,,,,1,2,1,1.0,6.0
201000007676,0010-08-26 18:00:00,10,8,26,18,0,260,349,,45.231,5.017,Plein jour,Hors agglomération,Hors intersection,Normale,Deux véhicules - côté,,,,,,,,,,,1,1,1,1.0,3.0
201000007677,0010-10-14 19:45:00,10,10,14,19,45,260,155,,45.334,4.967,Nuit sans éclairage public,Hors agglomération,Hors intersection,Normale,Autre collision,,,,,,,,,,,3,1,1,1.0,6.0
201000007678,0010-10-25 13:15:00,10,10,25,13,15,260,162,,45.306,5.027,Plein jour,Hors agglomération,Hors intersection,Normale,Sans collision,,,,,,,,,,,1,1,1,1.0,7.0
201000007679,0010-11-06 11:00:00,10,11,6,11,0,260,314,,45.229,4.969,Plein jour,Hors agglomération,Hors intersection,Normale,Sans collision,,,,,,,,,,,1,1,1,1.0,7.0
201000007680,0010-02-21 13:15:00,10,2,21,13,15,260,320,devant hôtel ROME,45.064,5.247,Plein jour,En agglomération,Hors intersection,Normale,Deux véhicules - frontale,,,,,,,,,,,1,2,1,1.0,1.0
201000007681,0010-03-06 01:45:00,10,3,6,1,45,260,320,ROUTE DES BOUVERIES,45.0581,5.2556,Nuit avec éclairage allumé,En agglomération,Hors intersection,Normale,Autre collision,,,,,,,,,,,5,2,1,1.0,6.0
201000007682,0010-04-26 21:00:00,10,4,26,21,0,260,311,,45.04,5.305,Nuit sans éclairage public,Hors agglomération,Hors intersection,Normale,Deux véhicules - arrière,,,,,,,,,,,3,1,1,1.0,2.0
201000007683,0010-05-12 16:15:00,10,5,12,16,15,260,320,,45.07,5.236,Plein jour,Hors agglomération,Hors intersection,Pluie légère,Deux véhicules - côté,,,,,,,,,,,1,1,1,2.0,3.0
201000007684,0010-07-07 16:00:00,10,7,7,16,0,260,320,Carrefour RD532 et RD76,,,Plein jour,En agglomération,Hors intersection,Normale,Deux véhicules - frontale,,,,,,,,,,,1,2,1,1.0,1.0
201000007685,0010-08-06 08:00:00,10,8,6,8,0,260,307,Z.I. les dodoux,45.021,5.286,Plein jour,En agglomération,Intersection en T,Normale,Deux véhicules - côté,,,,,,,,,,,1,2,3,1.0,3.0
201000007686,0010-08-24 21:30:00,10,8,24,21,30,260,302,,45.061,5.341,Crépuscule ou aube,Hors agglomération,Hors intersection,Normale,Sans collision,,,,,,,,,,,2,1,1,1.0,7.0
201000007687,0010-10-04 08:30:00,10,10,4,8,30,260,307,,45.051,5.353,Plein jour,Hors agglomération,Hors intersection,Vent fort / tempête,Sans collision,,,,,,,,,,,1,1,1,6.0,7.0
201000007688,0010-04-16 16:45:00,10,4,16,16,45,260,160,,45.223,4.813,Plein jour,Hors agglomération,Hors intersection,Normale,Sans collision,,,,,,,,,,,1,1,1,1.0,7.0
201000007689,0010-04-19 16:30:00,10,4,19,16,30,260,41,,,,Plein jour,Hors agglomération,Hors intersection,Normale,Deux véhicules - frontale,,,,,,,,,,,1,1,1,1.0,1.0
201000007690,0010-04-21 18:45:00,10,4,21,18,45,260,333,,45.183,4.815,Plein jour,En agglomération,Hors intersection,Normale,Deux véhicules - côté,,,,,,,,,,,1,2,1,1.0,3.0
201000007691,0010-05-05 06:45:00,10,5,5,6,45,260,160,,45.234,4.819,Crépuscule ou aube,Hors agglomération,Hors intersection,Normale,Deux véhicules - frontale,,,,,,,,,,,2,1,1,1.0,1.0
201000007692,0010-07-04 18:45:00,10,7,4,18,45,260,295,,45.172,4.891,Plein jour,Hors agglomération,Intersection en X,Normale,Trois véhicules et plus - collisions multiples,,,,,,,,,,,1,1,2,1.0,5.0
201000007693,0010-07-04 18:00:00,10,7,4,18,0,260,332,Le village,45.188,4.87,Plein jour,En agglomération,Hors intersection,Normale,Autre collision,,,,,,,,,,,1,2,1,1.0,6.0
201000007694,0010-07-04 21:00:00,10,7,4,21,0,260,333,RN 7 - quai bizarelli,45.184,4.815,Nuit avec éclairage allumé,En agglomération,Hors intersection,Normale,Deux véhicules - frontale,,,,,,,,,,,5,2,1,1.0,1.0
201000007695,0010-08-01 19:00:00,10,8,1,19,0,260,295,,45.182,4.857,Plein jour,Hors agglomération,Hors intersection,Pluie légère,Deux véhicules - frontale,,,,,,,,,,,1,1,1,2.0,1.0
201000007696,0010-08-03 18:30:00,10,8,3,18,30,260,41,,45.2453,4.8031,Plein jour,Hors agglomération,Hors intersection,Normale,Autre collision,,,,,,,,,,,1,1,1,1.0,6.0
201000007697,0010-08-24 12:15:00,10,8,24,12,15,260,325,26325,,,Plein jour,Hors agglomération,Hors intersection,Normale,Deux véhicules - frontale,,,,,,,,,,,1,1,1,1.0,1.0
201000007698,0010-09-07 13:00:00,10,9,7,13,0,260,2,,45.243,4.855,Plein jour,Hors agglomération,Hors intersection,Pluie légère,Deux véhicules - côté,,,,,,,,,,,1,1,1,2.0,3.0
201000007699,0010-10-15 23:30:00,10,10,15,23,30,260,332,,45.193,4.876,Nuit sans éclairage public,Hors agglomération,Hors intersection,Normale,Autre collision,,,,,,,,,,,3,1,1,1.0,6.0
201000007700,0010-10-26 17:45:00,10,10,26,17,45,260,325,,,,Plein jour,Hors agglomération,Hors intersection,Normale,Deux véhicules - frontale,,,,,,,,,,,1,1,1,1.0,1.0
201000007701,0010-01-16 04:30:00,10,1,16,4,30,260,380,Q du pont des crozes,45.0939,4.8356,Nuit avec éclairage non allumé,Hors agglomération,Hors intersection,Normale,Trois véhicules et plus - collisions multiples,,,,,,,,,,,4,1,1,1.0,5.0
201000007702,0010-01-20 18:15:00,10,1,20,18,15,260,347,,45.068,4.867,Nuit sans éclairage public,Hors agglomération,Hors intersection,Normale,Autre collision,,,,,,,,,,,3,1,1,1.0,6.0
201000007703,0010-02-03 07:15:00,10,2,3,7,15,260,119,RN7,45.1212,4.8196,Crépuscule ou aube,En agglomération,Hors intersection,Normale,Autre collision,,,,,,,,,,,2,2,1,1.0,6.0
201000007704,0010-03-23 11:30:00,10,3,23,11,30,260,380,avenue du midi,,,Plein jour,En agglomération,Hors intersection,Normale,Autre collision,,,,,,,,,,,1,2,1,1.0,6.0
201000007705,0010-04-21 15:30:00,10,4,21,15,30,260,347,rue des vignerons,45.075,4.837,Plein jour,En agglomération,Autre intersection,Normale,Deux véhicules - frontale,,,,,,,,,,,1,2,9,1.0,1.0
201000007706,0010-07-12 19:45:00,10,7,12,19,45,260,347,Ave Jean Jaures,45.074,4.842,Plein jour,En agglomération,Hors intersection,Pluie légère,Deux véhicules - frontale,,,,,,,,,,,1,2,1,2.0,1.0
201000007707,0010-07-27 19:00:00,10,7,27,19,0,260,347,avenue roosevelt,,,Plein jour,En agglomération,Hors intersection,Normale,Deux véhicules - frontale,,,,,,,,,,,1,2,1,1.0,1.0
201000007708,0010-08-02 03:45:00,10,8,2,3,45,260,179,26179,45.074,4.867,Nuit sans éclairage public,Hors agglomération,Giratoire,Pluie légère,Autre collision,,,,,,,,,,,3,1,6,2.0,6.0
201000007709,0010-08-17 11:30:00,10,8,17,11,30,260,347,quai de la libération,45.0734,4.8302,Plein jour,En agglomération,Hors intersection,Normale,Deux véhicules - arrière,,,,,,,,,,,1,2,1,1.0,2.0
201000007710,0010-09-08 21:00:00,10,9,8,21,0,260,250,,44.999,4.878,Nuit sans éclairage public,Hors agglomération,Hors intersection,Normale,Deux véhicules - arrière,,,,,,,,,,,3,1,1,1.0,2.0
201000007711,0010-10-31 05:00:00,10,10,31,5,0,260,347,26347,,,Nuit avec éclairage allumé,Hors agglomération,Hors intersection,Pluie forte,Sans collision,,,,,,,,,,,5,1,1,3.0,7.0
201000007712,0010-11-22 07:30:00,10,11,22,7,30,260,347,avenue paul durand,45.0708,4.8392,Plein jour,En agglomération,Hors intersection,Normale,Autre collision,,,,,,,,,,,1,2,1,1.0,6.0
201000007713,0010-11-28 15:00:00,10,11,28,15,0,260,347,chemin des levees,45.0671,4.8582,Plein jour,En agglomération,Hors intersection,Pluie légère,Deux véhicules - frontale,,,,,,,,,,,1,2,1,2.0,1.0
201000007714,0010-01-21 08:30:00,10,1,21,8,30,20,722,"9, PANLEU ( RUE DE )",,,Nuit avec éclairage allumé,En agglomération,Intersection en T,Normale,Autre collision,,,,,,,,,,,5,2,3,1.0,6.0
201000007715,0010-02-02 11:04:00,10,2,2,11,4,20,243,ROUTE NATIONALE 2,,,Plein jour,En agglomération,Hors intersection,Pluie légère,Deux véhicules - côté,,,,,,,,,,,1,2,1,2.0,3.0
201000007716,0010-01-29 18:10:00,10,1,29,18,10,20,722,"sans, GEORGES CLEMENCEAU",,,Plein jour,En agglomération,Hors intersection,Normale,Deux véhicules - côté,,,,,,,,,,,1,2,1,1.0,3.0
201000007717,0010-02-16 12:35:00,10,2,16,12,35,20,722,"SANS, CAPITAINE LETELLIE",,,Plein jour,En agglomération,Intersection en T,Normale,Deux véhicules - côté,,,,,,,,,,,1,2,3,1.0,3.0
201000007718,0010-03-05 08:10:00,10,3,5,8,10,20,722,rue ERNEST LAVISSE,,,Plein jour,En agglomération,Intersection en X,Normale,Autre collision,,,,,,,,,,,1,2,2,1.0,6.0
201000007719,0010-03-24 17:57:00,10,3,24,17,57,20,722,PETROT LABARRE (RUE),,,Plein jour,En agglomération,Intersection en X,Normale,Deux véhicules - côté,,,,,,,,,,,1,2,2,1.0,3.0
201000007720,0010-04-25 19:00:00,10,4,25,19,0,20,722,"sans, REIMS (AVENUE DE )",,,Plein jour,En agglomération,Intersection en X,Normale,Deux véhicules - côté,,,,,,,,,,,1,2,2,1.0,3.0
201000007721,0010-05-19 12:30:00,10,5,19,12,30,20,722,122 av Chateau-Thierry,,,Plein jour,En agglomération,Hors intersection,Normale,Deux véhicules - côté,,,,,,,,,,,1,2,1,1.0,3.0
201000007722,0010-05-22 12:50:00,10,5,22,12,50,20,722,"sans, COLLEGE ( RUE DU )",,,Plein jour,En agglomération,Intersection en T,Normale,Deux véhicules - arrière,,,,,,,,,,,1,2,3,1.0,2.0
201000007723,0010-05-25 08:05:00,10,5,25,8,5,20,805,"sans, ROUTE NATIONALE 2",,,Plein jour,Hors agglomération,Hors intersection,Normale,Trois véhicules et plus - en chaîne,,,,,,,,,,,1,1,1,1.0,4.0
201000007724,0010-07-02 13:55:00,10,7,2,13,55,20,805,"435, REIMS Avenue de",,,Plein jour,En agglomération,Intersection en T,Normale,Deux véhicules - côté,,,,,,,,,,,1,2,3,1.0,3.0
201000007725,0010-09-08 08:30:00,10,9,8,8,30,20,722,ROUTE NATIONALE 2,,,Plein jour,Hors agglomération,Hors intersection,Pluie légère,Deux véhicules - côté,,,,,,,,,,,1,1,1,2.0,3.0
201000007726,0010-10-30 13:30:00,10,10,30,13,30,20,805,ROUTE NATIONALE 2,,,Plein jour,Hors agglomération,Hors intersection,Normale,Deux véhicules - frontale,,,,,,,,,,,1,1,1,1.0,1.0
201000007727,0010-11-08 17:40:00,10,11,8,17,40,20,722,2 bd PRESLES,,,Nuit avec éclairage allumé,En agglomération,Hors intersection,Pluie forte,Autre collision,,,,,,,,,,,5,2,1,3.0,6.0
201000007728,0010-12-13 13:00:00,10,12,13,13,0,20,722,"26, SAINT-LAZARE(RUE)",,,Plein jour,En agglomération,Hors intersection,Normale,Autre collision,,,,,,,,,,,1,2,1,1.0,6.0
201000007729,0010-09-10 20:05:00,10,9,10,20,5,20,722,,,,Crépuscule ou aube,Hors agglomération,Hors intersection,Pluie légère,Trois véhicules et plus - en chaîne,,,,,,,,,,,2,1,1,2.0,4.0
201000007730,0010-11-27 06:40:00,10,11,27,6,40,20,722,,,,Crépuscule ou aube,En agglomération,Hors intersection,Normale,Autre collision,,,,,,,,,,,2,2,1,1.0,6.0
201000007731,0010-02-04 07:00:00,10,2,4,7,0,380,547,,45.234,5.85768,Crépuscule ou aube,Hors agglomération,Hors intersection,Autre,Deux véhicules - frontale,,,,,,,,,,,2,1,1,9.0,1.0
201000007732,0010-03-16 14:00:00,10,3,16,14,0,380,547,AVENUE ROBERT HUANT,,,Plein jour,En agglomération,Hors intersection,Normale,Deux véhicules - côté,,,,,,,,,,,1,2,1,1.0,3.0
201000007733,0010-04-04 11:45:00,10,4,4,11,45,380,175,,,,Plein jour,Hors agglomération,Hors intersection,Normale,Autre collision,,,,,,,,,,,1,1,1,1.0,6.0
201000007734,0010-06-04 13:00:00,10,6,4,13,0,380,422,,,,Plein jour,Hors agglomération,Hors intersection,Normale,Deux véhicules - frontale,,,,,,,,,,,1,1,1,1.0,1.0
201000007735,0010-06-05 00:45:00,10,6,5,0,45,380,150,61 RUE DE LA REPUBLIQUE,,,Nuit avec éclairage allumé,En agglomération,Hors intersection,Normale,Autre collision,,,,,,,,,,,5,2,1,1.0,6.0
201000007736,0010-06-27 12:30:00,10,6,27,12,30,380,150,,,,Plein jour,Hors agglomération,Hors intersection,Normale,Autre collision,,,,,,,,,,,1,1,1,1.0,6.0
201000007737,0010-07-14 10:45:00,10,7,14,10,45,380,175,BD PAUL LANGEVIN,,,Plein jour,En agglomération,Hors intersection,Normale,Autre collision,,,,,,,,,,,1,2,1,1.0,6.0
201000007738,0010-10-08 15:30:00,10,10,8,15,30,380,175,BOULEVARD PAUL LANGEVIN,,,Plein jour,En agglomération,Giratoire,Normale,Deux véhicules - frontale,,,,,,,,,,,1,2,6,1.0,1.0
201000007739,0010-10-14 23:15:00,10,10,14,23,15,380,547,,45.239,5.88699,Nuit sans éclairage public,Hors agglomération,Hors intersection,Normale,Deux véhicules - frontale,,,,,,,,,,,3,1,1,1.0,1.0
201000007740,0010-11-06 11:15:00,10,11,6,11,15,380,547,02 RUE ALFRED FREDET,45.2583,5.90817,Plein jour,En agglomération,Intersection en X,Normale,Autre collision,,,,,,,,,,,1,2,2,1.0,6.0
201000007741,0010-01-19 17:45:00,10,1,19,17,45,380,158,3 RUE CHARLES PIOT,45.151,5.73899,Nuit avec éclairage allumé,En agglomération,Intersection en T,Temps couvert,Deux véhicules - frontale,,,,,,,,,,,5,2,3,8.0,1.0