accident_id,datetime,annee,mois,jour,heure,minute,departement,commune_insee,adresse,latitude,longitude,luminosite,agglomeration,intersection,meteo,collision,nb_vehicules,nb_usagers,nb_indemnes,nb_tues,nb_blesses_hosp,nb_blesses_legers,age_cond_1,age_cond_2,veh_type_cond_1,veh_type_cond_2,lum_code,agg_code,int_code,atm_code,col_code
201000007742,0010-05-28 21:30:00,10,5,28,21,30,380,158,AVENUE JEAN-JAURES,45.1615,5.7444,Nuit avec éclairage allumé,En agglomération,Giratoire,Normale,Deux véhicules - côté,,,,,,,,,,,5,2,6,1.0,3.0
201000007743,0010-09-01 18:45:00,10,9,1,18,45,380,158,R LAMARTINE-AV DE POISAT,45.1551,5.75295,Plein jour,En agglomération,Intersection en T,Normale,Deux véhicules - côté,,,,,,,,,,,1,2,3,1.0,3.0
201000007744,0010-12-16 10:15:00,10,12,16,10,15,380,158,ARRÊT DE BUS DES RUIRES,45.154,5.742,Plein jour,En agglomération,Hors intersection,Normale,Autre collision,,,,,,,,,,,1,2,1,1.0,6.0
201000007745,0010-05-27 11:15:00,10,5,27,11,15,380,317,,,,Plein jour,En agglomération,Hors intersection,Normale,Autre collision,,,,,,,,,,,1,2,1,1.0,6.0
201000007746,0010-06-24 07:30:00,10,6,24,7,30,380,317,PLACE DE LA SCIERIE,,,Plein jour,En agglomération,Giratoire,Normale,Deux véhicules - côté,,,,,,,,,,,1,2,6,1.0,3.0
201000007747,0010-06-24 22:00:00,10,6,24,22,0,380,111,"37, RUE LESDIGUIERES",45.1139,5.68621,Nuit sans éclairage public,En agglomération,Hors intersection,Normale,Deux véhicules - côté,,,,,,,,,,,3,2,1,1.0,3.0
201000007748,0010-07-13 19:00:00,10,7,13,19,0,380,317,,,,Plein jour,Hors agglomération,Hors intersection,Normale,Deux véhicules - côté,,,,,,,,,,,1,1,1,1.0,3.0
201000007749,0010-04-06 16:45:00,10,4,6,16,45,380,314,AVENUE CHAMPOLLION,,,Plein jour,En agglomération,Hors intersection,Normale,Deux véhicules - frontale,,,,,,,,,,,1,2,1,1.0,1.0
201000007750,0010-05-13 06:45:00,10,5,13,6,45,380,75,,45.4635,5.99435,Crépuscule ou aube,Hors agglomération,Hors intersection,Pluie légère,Sans collision,,,,,,,,,,,2,1,1,2.0,7.0
201000007751,0010-07-09 00:45:00,10,7,9,0,45,380,314,,45.42,6.013,Nuit avec éclairage allumé,En agglomération,Hors intersection,Normale,Sans collision,,,,,,,,,,,5,2,1,1.0,7.0
201000007752,0010-07-13 18:30:00,10,7,13,18,30,380,268,,45.2804,6.07397,Plein jour,Hors agglomération,Hors intersection,Normale,Deux véhicules - frontale,,,,,,,,,,,1,1,1,1.0,1.0
201000007753,0010-07-30 16:15:00,10,7,30,16,15,380,75,,,,Plein jour,Hors agglomération,Hors intersection,Normale,Sans collision,,,,,,,,,,,1,1,1,1.0,7.0
201000007754,0010-11-08 11:45:00,10,11,8,11,45,380,75,,,,Plein jour,Hors agglomération,Hors intersection,Normale,Deux véhicules - côté,,,,,,,,,,,1,1,1,1.0,3.0
201000007755,0010-04-05 22:00:00,10,4,5,22,0,380,382,RUE DU FOURNET,,,Nuit avec éclairage allumé,En agglomération,Hors intersection,Normale,Autre collision,,,,,,,,,,,5,2,1,1.0,6.0
201000007756,0010-08-14 20:45:00,10,8,14,20,45,380,382,AVENUE DU GAL DE GAULLE,45.236,5.681,Nuit avec éclairage allumé,En agglomération,Hors intersection,Pluie forte,Deux véhicules - côté,,,,,,,,,,,5,2,1,3.0,3.0
201000007757,0010-03-15 14:30:00,10,3,15,14,30,380,155,,,,Plein jour,Hors agglomération,Giratoire,Normale,Deux véhicules - frontale,,,,,,,,,,,1,1,6,1.0,1.0
201000007758,0010-03-27 02:30:00,10,3,27,2,30,380,412,,45.3879,5.71929,Nuit sans éclairage public,Hors agglomération,Hors intersection,Temps couvert,Autre collision,,,,,,,,,,,3,1,1,8.0,6.0
201000007759,0010-04-01 13:45:00,10,4,1,13,45,380,155,,45.4274,5.76162,Plein jour,Hors agglomération,Hors intersection,Normale,Deux véhicules - frontale,,,,,,,,,,,1,1,1,1.0,1.0
201000007760,0010-04-11 15:00:00,10,4,11,15,0,380,446,,45.4057,5.85641,Plein jour,Hors agglomération,Hors intersection,Normale,Sans collision,,,,,,,,,,,1,1,1,1.0,7.0
201000007761,0010-04-11 18:15:00,10,4,11,18,15,380,442,,45.3104,5.77015,Plein jour,Hors agglomération,Hors intersection,Normale,Autre collision,,,,,,,,,,,1,1,1,1.0,6.0
201000007762,0010-04-18 11:30:00,10,4,18,11,30,380,405,,45.3637,5.67639,Plein jour,Hors agglomération,Hors intersection,Normale,Sans collision,,,,,,,,,,,1,1,1,1.0,7.0
201000007763,0010-06-13 18:15:00,10,6,13,18,15,380,446,,,,Plein jour,Hors agglomération,Hors intersection,Normale,Deux véhicules - côté,,,,,,,,,,,1,1,1,1.0,3.0
201000007764,0010-06-16 09:45:00,10,6,16,9,45,380,405,LE BOURG,,,Plein jour,En agglomération,Hors intersection,Pluie légère,Autre collision,,,,,,,,,,,1,2,1,2.0,6.0
201000007765,0010-06-29 18:15:00,10,6,29,18,15,380,376,,45.4378,5.76571,Plein jour,Hors agglomération,Hors intersection,Normale,Autre collision,,,,,,,,,,,1,1,1,1.0,6.0
201000007766,0010-08-04 20:15:00,10,8,4,20,15,380,412,21 AVENUE DE LA GARE,45.3908,5.73923,Plein jour,En agglomération,Hors intersection,Normale,Deux véhicules - côté,,,,,,,,,,,1,2,1,1.0,3.0
201000007767,0010-04-25 14:15:00,10,4,25,14,15,380,153,,45.1593,5.60825,Plein jour,Hors agglomération,Hors intersection,Temps éblouissant,Deux véhicules - côté,,,,,,,,,,,1,1,1,7.0,3.0
201000007768,0010-05-27 17:45:00,10,5,27,17,45,380,540,,,,Plein jour,Hors agglomération,Hors intersection,Normale,Deux véhicules - frontale,,,,,,,,,,,1,1,1,1.0,1.0
201000007769,0010-08-27 14:45:00,10,8,27,14,45,380,474,,,,Plein jour,Hors agglomération,Hors intersection,Normale,Deux véhicules - frontale,,,,,,,,,,,1,1,1,1.0,1.0
201000007770,0010-01-11 06:30:00,10,1,11,6,30,380,70,,45.2817,5.9323,Nuit sans éclairage public,Hors agglomération,Hors intersection,Normale,Trois véhicules et plus - collisions multiples,,,,,,,,,,,3,1,1,1.0,5.0
201000007771,0010-01-12 16:45:00,10,1,12,16,45,380,181,,45.3562,5.99228,Plein jour,Hors agglomération,Hors intersection,Normale,Deux véhicules - côté,,,,,,,,,,,1,1,1,1.0,3.0
201000007772,0010-03-05 08:45:00,10,3,5,8,45,380,140,1590 RUE DE BELLEDONNE,45.279,5.898,Plein jour,En agglomération,Hors intersection,Normale,Deux véhicules - côté,,,,,,,,,,,1,2,1,1.0,3.0
201000007773,0010-04-18 00:30:00,10,4,18,0,30,380,466,,,,Nuit sans éclairage public,Hors agglomération,Hors intersection,Normale,Sans collision,,,,,,,,,,,3,1,1,1.0,7.0
201000007774,0010-04-19 21:30:00,10,4,19,21,30,380,511,ROUTE DÉPARTEMENTALE 29,,,Nuit avec éclairage allumé,En agglomération,Hors intersection,Normale,Sans collision,,,,,,,,,,,5,2,1,1.0,7.0
201000007775,0010-04-22 18:45:00,10,4,22,18,45,380,501,D523,45.3029,5.95258,Plein jour,En agglomération,Hors intersection,Normale,Deux véhicules - frontale,,,,,,,,,,,1,2,1,1.0,1.0
201000007776,0010-04-25 15:00:00,10,4,25,15,0,380,181,,45.3242,5.96787,Plein jour,Hors agglomération,Intersection en T,Normale,Deux véhicules - côté,,,,,,,,,,,1,1,3,1.0,3.0
201000007777,0010-05-01 10:30:00,10,5,1,10,30,380,70,INTER AVEC VOIE PRIVEE,45.2825,5.93309,Plein jour,Hors agglomération,Intersection en T,Pluie légère,Deux véhicules - côté,,,,,,,,,,,1,1,3,2.0,3.0
201000007778,0010-05-23 19:15:00,10,5,23,19,15,380,181,RUE DU NEZIOU,45.3411,5.97917,Plein jour,En agglomération,Hors intersection,Normale,Autre collision,,,,,,,,,,,1,2,1,1.0,6.0
201000007779,0010-05-26 14:00:00,10,5,26,14,0,380,100,D523,45.371,5.988,Plein jour,En agglomération,Hors intersection,Normale,Deux véhicules - frontale,,,,,,,,,,,1,2,1,1.0,1.0
201000007780,0010-08-06 11:30:00,10,8,6,11,30,380,501,CARREFOUR D523/D30,45.312,5.957,Plein jour,En agglomération,Hors intersection,Normale,Deux véhicules - côté,,,,,,,,,,,1,2,1,1.0,3.0
201000007781,0010-09-01 16:00:00,10,9,1,16,0,380,501,,,,Plein jour,En agglomération,Autre intersection,Normale,Deux véhicules - arrière,,,,,,,,,,,1,2,9,1.0,2.0
201000007782,0010-10-09 19:45:00,10,10,9,19,45,380,511,CD1090,45.3589,5.95558,Nuit avec éclairage allumé,En agglomération,Intersection en T,Normale,Autre collision,,,,,,,,,,,5,2,3,1.0,6.0
201000007783,0010-11-16 00:45:00,10,11,16,0,45,380,100,,45.3926,6.00069,Nuit avec éclairage allumé,En agglomération,Hors intersection,Pluie forte,Sans collision,,,,,,,,,,,5,2,1,3.0,7.0
201000007784,0010-08-11 13:00:00,10,8,11,13,0,380,545,,45.0342,5.66188,Plein jour,Hors agglomération,Hors intersection,Normale,Deux véhicules - côté,,,,,,,,,,,1,1,1,1.0,3.0
201000007785,0010-04-15 19:00:00,10,4,15,19,0,380,548,AVENUE GÉNÉRAL DE GAULLE,,,Plein jour,En agglomération,Hors intersection,Pluie légère,Autre collision,,,,,,,,,,,1,2,1,2.0,6.0
201000007786,0010-06-06 19:00:00,10,6,6,19,0,380,205,,45.1266,5.55918,Plein jour,Hors agglomération,Hors intersection,Pluie légère,Deux véhicules - frontale,,,,,,,,,,,1,1,1,2.0,1.0
201000007787,0010-07-10 16:30:00,10,7,10,16,30,380,548,,45.0771,5.5369,Plein jour,Hors agglomération,Hors intersection,Pluie forte,Sans collision,,,,,,,,,,,1,1,1,3.0,7.0
201000007788,0010-01-09 20:40:00,10,1,9,20,40,20,738,D1/D32,,,Nuit sans éclairage public,Hors agglomération,Autre intersection,Neige / grêle,Trois véhicules et plus - collisions multiples,,,,,,,,,,,3,1,9,4.0,5.0
201000007789,0010-01-18 18:10:00,10,1,18,18,10,20,59,"2, TERGNIER (ROUTE DE)",,,Nuit avec éclairage allumé,En agglomération,Hors intersection,Normale,Autre collision,,,,,,,,,,,5,2,1,1.0,6.0
201000007790,0010-03-19 20:30:00,10,3,19,20,30,380,312,,45.3174,5.65224,Nuit sans éclairage public,Hors agglomération,Hors intersection,Normale,Autre collision,,,,,,,,,,,3,1,1,1.0,6.0
201000007791,0010-04-22 10:05:00,10,4,22,10,5,20,738,"Face au 5, VAUCANSON",,,Plein jour,En agglomération,Intersection en T,Temps éblouissant,Deux véhicules - côté,,,,,,,,,,,1,2,3,7.0,3.0
201000007792,0010-04-23 15:47:00,10,4,23,15,47,20,738,"11, JEAN MOULIN (AVENUE)",,,Plein jour,En agglomération,Hors intersection,Normale,Autre collision,,,,,,,,,,,1,2,1,1.0,6.0
201000007793,0010-04-10 11:20:00,10,4,10,11,20,20,738,rue de la frette,,,Plein jour,En agglomération,Hors intersection,Normale,Autre collision,,,,,,,,,,,1,2,1,1.0,6.0
201000007794,0010-05-08 16:20:00,10,5,8,16,20,20,738,JEAN MOULIN (AVENUE),,,Plein jour,En agglomération,Intersection en X,Normale,Autre collision,,,,,,,,,,,1,2,2,1.0,6.0
201000007795,0010-04-03 01:00:00,10,4,3,1,0,380,565,,45.3109,5.61348,Nuit avec éclairage allumé,Hors agglomération,Giratoire,Normale,Autre collision,,,,,,,,,,,5,1,6,1.0,6.0
201000007796,0010-06-07 18:40:00,10,6,7,18,40,20,165,"81, PAUL DOUMER",,,Plein jour,En agglomération,Hors intersection,Normale,Deux véhicules - côté,,,,,,,,,,,1,2,1,1.0,3.0
201000007797,0010-06-04 13:30:00,10,6,4,13,30,20,59,"4, PAULAVEC",,,Plein jour,En agglomération,Hors intersection,Normale,Deux véhicules - frontale,,,,,,,,,,,1,2,1,1.0,1.0
201000007798,0010-06-18 17:15:00,10,6,18,17,15,20,304,D1044,,,Plein jour,Hors agglomération,Hors intersection,Normale,Deux véhicules - frontale,,,,,,,,,,,1,1,1,1.0,1.0
201000007799,0010-06-19 17:50:00,10,6,19,17,50,20,738,"13, ANATOLE FRANCE",,,Plein jour,En agglomération,Hors intersection,Normale,Autre collision,,,,,,,,,,,1,2,1,1.0,6.0
201000007800,0010-04-29 15:00:00,10,4,29,15,0,380,565,,45.2737,5.62681,Plein jour,Hors agglomération,Intersection en T,Normale,Trois véhicules et plus - collisions multiples,,,,,,,,,,,1,1,3,1.0,5.0
201000007801,0010-07-07 16:55:00,10,7,7,16,55,20,738,"58, PIERRE SEMARD",,,Plein jour,En agglomération,Hors intersection,Normale,Deux véhicules - côté,,,,,,,,,,,1,2,1,1.0,3.0
201000007802,0010-08-30 23:15:00,10,8,30,23,15,20,738,ROOSEVELT (BOULEVARD),,,Nuit avec éclairage allumé,En agglomération,Hors intersection,Normale,Autre collision,,,,,,,,,,,5,2,1,1.0,6.0
201000007803,0010-09-03 15:45:00,10,9,3,15,45,20,738,BOURGET (RUE DU),,,Plein jour,En agglomération,Intersection en T,Normale,Autre collision,,,,,,,,,,,1,2,3,1.0,6.0
201000007804,0010-05-30 12:15:00,10,5,30,12,15,380,565,,45.2752,5.62629,Plein jour,Hors agglomération,Hors intersection,Normale,Trois véhicules et plus - collisions multiples,,,,,,,,,,,1,1,1,1.0,5.0
201000007805,0010-06-09 23:15:00,10,6,9,23,15,380,407,INTER D128,45.3401,5.6632,Nuit sans éclairage public,Hors agglomération,Intersection en Y,Normale,Sans collision,,,,,,,,,,,3,1,4,1.0,7.0
201000007806,0010-06-24 17:00:00,10,6,24,17,0,380,565,,45.276,5.626,Plein jour,Hors agglomération,Hors intersection,Normale,Deux véhicules - arrière,,,,,,,,,,,1,1,1,1.0,2.0
201000007807,0010-11-19 18:00:00,10,11,19,18,0,20,738,"114, GAMBETTA (BOULEVARD",,,Nuit avec éclairage allumé,En agglomération,Intersection en X,Normale,Deux véhicules - frontale,,,,,,,,,,,5,2,2,1.0,1.0
201000007808,0010-07-14 09:45:00,10,7,14,9,45,380,61,,45.3452,5.60311,Plein jour,Hors agglomération,Hors intersection,Normale,Trois véhicules et plus - en chaîne,,,,,,,,,,,1,1,1,1.0,4.0
201000007809,0010-07-15 18:15:00,10,7,15,18,15,380,565,,45.2838,5.62401,Plein jour,Hors agglomération,Hors intersection,Normale,Deux véhicules - côté,,,,,,,,,,,1,1,1,1.0,3.0
201000007810,0010-08-16 22:00:00,10,8,16,22,0,380,565,,45.286,5.62404,Nuit sans éclairage public,Hors agglomération,Hors intersection,Normale,Deux véhicules - arrière,,,,,,,,,,,3,1,1,1.0,2.0
201000007811,0010-11-17 18:00:00,10,11,17,18,0,380,565,,45.28,5.64693,Nuit avec éclairage allumé,En agglomération,Hors intersection,Normale,Autre collision,,,,,,,,,,,5,2,1,1.0,6.0
201000007812,0010-12-17 20:00:00,10,12,17,20,0,380,565,CHEMIN DES SEITES,45.2855,5.63591,Nuit avec éclairage allumé,En agglomération,Hors intersection,Neige / grêle,Autre collision,,,,,,,,,,,5,2,1,4.0,6.0
201000007813,0010-01-29 11:00:00,10,1,29,11,0,380,269,RUE JEAN JAURÉS,44.914,5.78424,Plein jour,En agglomération,Hors intersection,Normale,Autre collision,,,,,,,,,,,1,2,1,1.0,6.0
201000007814,0010-06-01 08:00:00,10,6,1,8,0,380,499,D529,44.9144,5.78249,Plein jour,En agglomération,Hors intersection,Normale,Deux véhicules - côté,,,,,,,,,,,1,2,1,1.0,3.0
201000007815,0010-06-05 13:30:00,10,6,5,13,30,380,128,,44.819,5.94757,Plein jour,Hors agglomération,Hors intersection,Normale,Autre collision,,,,,,,,,,,1,1,1,1.0,6.0
201000007816,0010-06-27 14:45:00,10,6,27,14,45,380,497,,44.9003,5.81034,Plein jour,Hors agglomération,Hors intersection,Normale,Autre collision,,,,,,,,,,,1,1,1,1.0,6.0
201000007817,0010-07-30 20:45:00,10,7,30,20,45,380,413,,,,Plein jour,Hors agglomération,Hors intersection,Normale,Autre collision,,,,,,,,,,,1,1,1,1.0,6.0
201000007818,0010-09-17 18:15:00,10,9,17,18,15,380,499,"CD529, NANTIZON",44.9205,5.78011,Plein jour,En agglomération,Intersection en T,Normale,Deux véhicules - côté,,,,,,,,,,,1,2,3,1.0,3.0
201000007819,0010-09-27 16:45:00,10,9,27,16,45,380,329,,44.836,5.89099,Plein jour,Hors agglomération,Hors intersection,Normale,Sans collision,,,,,,,,,,,1,1,1,1.0,7.0
201000007820,0010-04-05 13:00:00,10,4,5,13,0,380,424,,44.7608,5.66717,Plein jour,Hors agglomération,Hors intersection,Normale,Deux véhicules - frontale,,,,,,,,,,,1,1,1,1.0,1.0
201000007821,0010-04-23 10:45:00,10,4,23,10,45,380,103,,,,Plein jour,Hors agglomération,Hors intersection,Normale,Deux véhicules - côté,,,,,,,,,,,1,1,1,1.0,3.0
201000007822,0010-08-04 17:45:00,10,8,4,17,45,380,492,,,,Plein jour,Hors agglomération,Hors intersection,Normale,Deux véhicules - côté,,,,,,,,,,,1,1,1,1.0,3.0
201000007823,0010-08-27 17:45:00,10,8,27,17,45,380,429,,44.861,5.612,Plein jour,Hors agglomération,Hors intersection,Normale,Trois véhicules et plus - en chaîne,,,,,,,,,,,1,1,1,1.0,4.0
201000007824,0010-08-29 17:45:00,10,8,29,17,45,380,391,,,,Plein jour,Hors agglomération,Hors intersection,Normale,Deux véhicules - frontale,,,,,,,,,,,1,1,1,1.0,1.0
201000007825,0010-09-18 21:30:00,10,9,18,21,30,380,424,,44.7717,5.66177,Nuit sans éclairage public,Hors agglomération,Hors intersection,Pluie légère,Autre collision,,,,,,,,,,,3,1,1,2.0,6.0
201000007826,0010-09-18 15:15:00,10,9,18,15,15,380,342,,44.9003,5.61519,Plein jour,Hors agglomération,Hors intersection,Normale,Autre collision,,,,,,,,,,,1,1,1,1.0,6.0
201000007827,0010-11-03 15:00:00,10,11,3,15,0,380,429,,44.863,5.61,Plein jour,Hors agglomération,Hors intersection,Normale,Deux véhicules - frontale,,,,,,,,,,,1,1,1,1.0,1.0
201000007828,0010-11-30 18:45:00,10,11,30,18,45,380,204,,44.756,5.67201,Nuit sans éclairage public,Hors agglomération,Hors intersection,Neige / grêle,Deux véhicules - côté,,,,,,,,,,,3,1,1,4.0,3.0
201000007829,0010-01-25 11:00:00,10,1,25,11,0,380,529,,45.1014,5.84995,Plein jour,Hors agglomération,Hors intersection,Temps couvert,Autre collision,,,,,,,,,,,1,1,1,8.0,6.0
201000007830,0010-02-21 03:00:00,10,2,21,3,0,380,71,,45.0644,5.7215,Nuit sans éclairage public,Hors agglomération,Hors intersection,Normale,Deux véhicules - frontale,,,,,,,,,,,3,1,1,1.0,1.0
201000007831,0010-02-22 18:15:00,10,2,22,18,15,380,252,,45.0837,5.74784,Plein jour,Hors agglomération,Hors intersection,Normale,Deux véhicules - frontale,,,,,,,,,,,1,1,1,1.0,1.0
201000007832,0010-02-23 20:00:00,10,2,23,20,0,380,562,AVENUE MAURICE THOREZ,45.086,5.768,Nuit avec éclairage allumé,En agglomération,Hors intersection,Temps couvert,Sans collision,,,,,,,,,,,5,2,1,8.0,7.0
201000007833,0010-04-18 07:45:00,10,4,18,7,45,380,562,,45.058,5.836,Plein jour,Hors agglomération,Hors intersection,Normale,Trois véhicules et plus - collisions multiples,,,,,,,,,,,1,1,1,1.0,5.0
201000007834,0010-04-28 23:00:00,10,4,28,23,0,380,71,,45.0827,5.74051,Nuit sans éclairage public,Hors agglomération,Intersection en Y,Normale,Deux véhicules - frontale,,,,,,,,,,,3,1,4,1.0,1.0
201000007835,0010-05-24 18:30:00,10,5,24,18,30,380,562,RUE JEAN JAURÈS,45.076,5.76953,Plein jour,En agglomération,Hors intersection,Normale,Autre collision,,,,,,,,,,,1,2,1,1.0,6.0
201000007836,0010-06-11 18:45:00,10,6,11,18,45,380,478,,45.0536,5.83045,Plein jour,Hors agglomération,Hors intersection,Normale,Trois véhicules et plus - collisions multiples,,,,,,,,,,,1,1,1,1.0,5.0
201000007837,0010-06-26 14:00:00,10,6,26,14,0,380,529,,45.1009,5.86226,Plein jour,Hors agglomération,Hors intersection,Normale,Trois véhicules et plus - en chaîne,,,,,,,,,,,1,1,1,1.0,4.0
201000007838,0010-08-05 18:45:00,10,8,5,18,45,380,478,,45.0552,5.80857,Crépuscule ou aube,Hors agglomération,Hors intersection,Pluie légère,Trois véhicules et plus - collisions multiples,,,,,,,,,,,2,1,1,2.0,5.0
201000007839,0010-08-30 13:45:00,10,8,30,13,45,380,59,CD5E,45.118,5.787,Plein jour,En agglomération,Hors intersection,Normale,Deux véhicules - côté,,,,,,,,,,,1,2,1,1.0,3.0
201000007840,0010-09-24 09:30:00,10,9,24,9,30,380,388,,45.055,5.71,Plein jour,Hors agglomération,Hors intersection,Normale,Deux véhicules - frontale,,,,,,,,,,,1,1,1,1.0,1.0
201000007841,0010-10-12 15:00:00,10,10,12,15,0,380,68,,45.1052,5.70441,Plein jour,Hors agglomération,Hors intersection,Normale,Deux véhicules - frontale,,,,,,,,,,,1,1,1,1.0,1.0
201000007842,0010-12-09 19:15:00,10,12,9,19,15,380,279,,45.072,5.755,Nuit sans éclairage public,Hors agglomération,Hors intersection,Normale,Autre collision,,,,,,,,,,,3,1,1,1.0,6.0
201000007843,0010-12-16 07:45:00,10,12,16,7,45,380,478,,45.054,5.85029,Crépuscule ou aube,Hors agglomération,Hors intersection,Autre,Deux véhicules - frontale,,,,,,,,,,,2,1,1,9.0,1.0
201000007844,0010-12-28 18:45:00,10,12,28,18,45,380,68,,45.1004,5.71665,Nuit avec éclairage allumé,Hors agglomération,Hors intersection,Normale,Deux véhicules - frontale,,,,,,,,,,,5,1,1,1.0,1.0
201000007845,0010-01-23 18:30:00,10,1,23,18,30,380,394,,45.11,5.26017,Nuit sans éclairage public,Hors agglomération,Hors intersection,Normale,Autre collision,,,,,,,,,,,3,1,1,1.0,6.0
201000007846,0010-03-03 16:00:00,10,3,3,16,0,380,95,,45.1547,5.2849,Plein jour,Hors agglomération,Hors intersection,Normale,Autre collision,,,,,,,,,,,1,1,1,1.0,6.0
201000007847,0010-05-09 09:15:00,10,5,9,9,15,380,453,,45.1069,5.32175,Plein jour,Hors agglomération,Hors intersection,Normale,Autre collision,,,,,,,,,,,1,1,1,1.0,6.0
201000007848,0010-06-13 08:15:00,10,6,13,8,15,380,108,,45.0664,5.37305,Plein jour,Hors agglomération,Hors intersection,Normale,Sans collision,,,,,,,,,,,1,1,1,1.0,7.0
201000007849,0010-07-02 19:15:00,10,7,2,19,15,380,394,INTER CH DES DOYONS,45.0956,5.25027,Plein jour,Hors agglomération,Intersection en X,Normale,Deux véhicules - côté,,,,,,,,,,,1,1,2,1.0,3.0
201000007850,0010-07-08 18:30:00,10,7,8,18,30,380,416,AV PROVENCE / R AMPERE,45.1509,5.31643,Plein jour,En agglomération,Intersection en T,Normale,Deux véhicules - côté,,,,,,,,,,,1,2,3,1.0,3.0
201000007851,0010-07-17 10:30:00,10,7,17,10,30,380,333,,45.0836,5.45778,Plein jour,Hors agglomération,Hors intersection,Normale,Trois véhicules et plus - collisions multiples,,,,,,,,,,,1,1,1,1.0,5.0
201000007852,0010-07-18 10:30:00,10,7,18,10,30,380,416,R STENDHAL/av des alpes,45.15171,5.31889,Plein jour,En agglomération,Intersection en X,Normale,Autre collision,,,,,,,,,,,1,2,2,1.0,6.0
201000007853,0010-09-29 13:45:00,10,9,29,13,45,380,95,,45.135,5.299,Plein jour,Hors agglomération,Hors intersection,Normale,Deux véhicules - côté,,,,,,,,,,,1,1,1,1.0,3.0
201000007854,0010-01-24 17:45:00,10,1,24,17,45,380,219,,45.31,5.096,Nuit sans éclairage public,Hors agglomération,Hors intersection,Normale,Autre collision,,,,,,,,,,,3,1,1,1.0,6.0
201000007855,0010-03-11 13:00:00,10,3,11,13,0,380,174,,45.3904,5.37143,Plein jour,Hors agglomération,Hors intersection,Temps couvert,Deux véhicules - côté,,,,,,,,,,,1,1,1,8.0,3.0
201000007856,0010-03-15 17:30:00,10,3,15,17,30,380,218,,45.346,5.211,Plein jour,Hors agglomération,Hors intersection,Normale,Deux véhicules - côté,,,,,,,,,,,1,1,1,1.0,3.0
201000007857,0010-03-24 16:00:00,10,3,24,16,0,380,384,,45.3382,5.33252,Plein jour,Hors agglomération,Hors intersection,Normale,Deux véhicules - arrière,,,,,,,,,,,1,1,1,1.0,2.0
201000007858,0010-05-22 18:15:00,10,5,22,18,15,380,505,,,,Plein jour,Hors agglomération,Hors intersection,Normale,Deux véhicules - arrière,,,,,,,,,,,1,1,1,1.0,2.0
201000007859,0010-06-18 18:00:00,10,6,18,18,0,380,308,,45.3293,5.39424,Plein jour,Hors agglomération,Hors intersection,Normale,Deux véhicules - frontale,,,,,,,,,,,1,1,1,1.0,1.0
201000007860,0010-06-27 00:45:00,10,6,27,0,45,380,308,,45.321,5.399,Nuit sans éclairage public,Hors agglomération,Autre intersection,Normale,Autre collision,,,,,,,,,,,3,1,9,1.0,6.0
201000007861,0010-07-06 12:00:00,10,7,6,12,0,380,219,ROUTE DE VIRIVILLE,45.3051,5.0859,Plein jour,En agglomération,Hors intersection,Normale,Deux véhicules - arrière,,,,,,,,,,,1,2,1,1.0,2.0
201000007862,0010-07-10 21:15:00,10,7,10,21,15,380,221,,45.299,5.221,Nuit sans éclairage public,Hors agglomération,Hors intersection,Normale,Autre collision,,,,,,,,,,,3,1,1,1.0,6.0
201000007863,0010-07-11 16:00:00,10,7,11,16,0,380,219,,45.3021,5.0988,Plein jour,Hors agglomération,Hors intersection,Normale,Deux véhicules - arrière,,,,,,,,,,,1,1,1,1.0,2.0
201000007864,0010-07-25 16:30:00,10,7,25,16,30,380,255,,45.2566,5.16158,Plein jour,Hors agglomération,Hors intersection,Normale,Sans collision,,,,,,,,,,,1,1,1,1.0,7.0
201000007865,0010-08-08 02:00:00,10,8,8,2,0,380,440,RUE DU DIJON,45.3152,5.28323,Nuit avec éclairage allumé,En agglomération,Hors intersection,Normale,Sans collision,,,,,,,,,,,5,2,1,1.0,7.0
201000007866,0010-09-25 17:00:00,10,9,25,17,0,380,60,,45.301,5.344,Plein jour,Hors agglomération,Hors intersection,Pluie forte,Autre collision,,,,,,,,,,,1,1,1,3.0,6.0
201000007867,0010-10-28 18:00:00,10,10,28,18,0,380,505,,45.314,5.1337,Crépuscule ou aube,Hors agglomération,Hors intersection,Normale,Autre collision,,,,,,,,,,,2,1,1,1.0,6.0
201000007868,0010-11-15 09:30:00,10,11,15,9,30,380,347,,45.2438,5.27685,Plein jour,Hors agglomération,Hors intersection,Pluie forte,Deux véhicules - frontale,,,,,,,,,,,1,1,1,3.0,1.0
201000007869,0010-02-23 20:00:00,10,2,23,20,0,380,526,,45.2522,5.40679,Nuit sans éclairage public,Hors agglomération,Hors intersection,Normale,Autre collision,,,,,,,,,,,3,1,1,1.0,6.0
201000007870,0010-03-08 07:30:00,10,3,8,7,30,380,117,,45.19,5.42505,Plein jour,Hors agglomération,Hors intersection,Normale,Deux véhicules - frontale,,,,,,,,,,,1,1,1,1.0,1.0