accident_id,datetime,annee,mois,jour,heure,minute,departement,commune_insee,adresse,latitude,longitude,luminosite,agglomeration,intersection,meteo,collision,nb_vehicules,nb_usagers,nb_indemnes,nb_tues,nb_blesses_hosp,nb_blesses_legers,age_cond_1,age_cond_2,veh_type_cond_1,veh_type_cond_2,lum_code,agg_code,int_code,atm_code,col_code
201000007871,0010-03-15 17:00:00,10,3,15,17,0,380,517,,45.2721,5.47258,Plein jour,Hors agglomération,Hors intersection,Normale,Deux véhicules - frontale,,,,,,,,,,,1,1,1,1.0,1.0
201000007872,0010-04-14 16:30:00,10,4,14,16,30,380,450,,45.2614,5.52607,Plein jour,Hors agglomération,Intersection en T,Normale,Deux véhicules - côté,,,,,,,,,,,1,1,3,1.0,3.0
201000007873,0010-05-23 17:00:00,10,5,23,17,0,380,275,,45.2388,5.36129,Plein jour,Hors agglomération,Hors intersection,Normale,Deux véhicules - arrière,,,,,,,,,,,1,1,1,1.0,2.0
201000007874,0010-06-07 09:45:00,10,6,7,9,45,380,450,,45.3013,5.60088,Plein jour,Hors agglomération,Autre intersection,Normale,Deux véhicules - côté,,,,,,,,,,,1,1,9,1.0,3.0
201000007875,0010-06-13 18:00:00,10,6,13,18,0,380,523,,45.22,5.34675,Plein jour,Hors agglomération,Intersection en X,Normale,Deux véhicules - côté,,,,,,,,,,,1,1,2,1.0,3.0
201000007876,0010-06-26 03:45:00,10,6,26,3,45,380,263,,45.2811,5.458,Nuit sans éclairage public,Hors agglomération,Hors intersection,Normale,Autre collision,,,,,,,,,,,3,1,1,1.0,6.0
201000007877,0010-07-10 17:15:00,10,7,10,17,15,380,559,RUE DE L'EUROPE,45.2061,5.40868,Plein jour,En agglomération,Hors intersection,Normale,Deux véhicules - frontale,,,,,,,,,,,1,2,1,1.0,1.0
201000007878,0010-08-29 23:15:00,10,8,29,23,15,380,559,,45.208,5.42901,Nuit sans éclairage public,Hors agglomération,Hors intersection,Normale,Autre collision,,,,,,,,,,,3,1,1,1.0,6.0
201000007879,0010-09-06 13:30:00,10,9,6,13,30,380,500,,45.1877,5.38494,Plein jour,Hors agglomération,Hors intersection,Normale,Autre collision,,,,,,,,,,,1,1,1,1.0,6.0
201000007880,0010-12-02 10:45:00,10,12,2,10,45,380,117,,45.1918,5.42567,Plein jour,Hors agglomération,Hors intersection,Temps couvert,Deux véhicules - frontale,,,,,,,,,,,1,1,1,8.0,1.0
201000007881,0010-12-18 12:30:00,10,12,18,12,30,380,450,,45.2556,5.52078,Plein jour,Hors agglomération,Hors intersection,Normale,Deux véhicules - frontale,,,,,,,,,,,1,1,1,1.0,1.0
201000007882,0010-01-05 09:45:00,10,1,5,9,45,380,455,,45.652,5.302,Plein jour,Hors agglomération,Hors intersection,Neige / grêle,Autre collision,,,,,,,,,,,1,1,1,4.0,6.0
201000007883,0010-04-19 14:30:00,10,4,19,14,30,380,415,,45.6481,5.2256,Plein jour,Hors agglomération,Hors intersection,Normale,Deux véhicules - frontale,,,,,,,,,,,1,1,1,1.0,1.0
201000007884,0010-04-23 19:30:00,10,4,23,19,30,380,348,,45.576,5.3347,Plein jour,Hors agglomération,Hors intersection,Normale,Deux véhicules - frontale,,,,,,,,,,,1,1,1,1.0,1.0
201000007885,0010-04-30 17:15:00,10,4,30,17,15,380,374,,45.6193,5.36161,Plein jour,Hors agglomération,Hors intersection,Normale,Deux véhicules - côté,,,,,,,,,,,1,1,1,1.0,3.0
201000007886,0010-05-01 15:15:00,10,5,1,15,15,380,455,,45.6214,5.3531,Plein jour,Hors agglomération,Hors intersection,Pluie légère,Deux véhicules - côté,,,,,,,,,,,1,1,1,2.0,3.0
201000007887,0010-10-07 19:45:00,10,10,7,19,45,380,276,,45.569,5.303,Nuit avec éclairage allumé,Hors agglomération,Hors intersection,Normale,Deux véhicules - côté,,,,,,,,,,,5,1,1,1.0,3.0
201000007888,0010-12-09 10:45:00,10,12,9,10,45,380,276,,45.569,5.305,Plein jour,Hors agglomération,Hors intersection,Normale,Deux véhicules - côté,,,,,,,,,,,1,1,1,1.0,3.0
201000007889,0010-03-20 12:45:00,10,3,20,12,45,380,515,,45.6896,5.33237,Plein jour,Hors agglomération,Hors intersection,Pluie légère,Deux véhicules - frontale,,,,,,,,,,,1,1,1,2.0,1.0
201000007890,0010-03-31 20:45:00,10,3,31,20,45,380,190,,,,Nuit sans éclairage public,Hors agglomération,Hors intersection,Normale,Deux véhicules - côté,,,,,,,,,,,3,1,1,1.0,3.0
201000007891,0010-05-06 07:30:00,10,5,6,7,30,380,138,GORGE DE LA FUSA,45.7195,5.25548,Plein jour,Hors agglomération,Hors intersection,Temps couvert,Deux véhicules - côté,,,,,,,,,,,1,1,1,8.0,3.0
201000007892,0010-07-18 14:15:00,10,7,18,14,15,380,515,RUE DU GARNIER,45.696,5.32517,Plein jour,En agglomération,Hors intersection,Normale,Deux véhicules - côté,,,,,,,,,,,1,2,1,1.0,3.0
201000007893,0010-07-27 15:00:00,10,7,27,15,0,380,190,,45.805,5.28601,Plein jour,Hors agglomération,Hors intersection,Normale,Deux véhicules - frontale,,,,,,,,,,,1,1,1,1.0,1.0
201000007894,0010-08-19 05:45:00,10,8,19,5,45,380,138,,45.731,5.25601,Nuit sans éclairage public,Hors agglomération,Hors intersection,Normale,Trois véhicules et plus - collisions multiples,,,,,,,,,,,3,1,1,1.0,5.0
201000007895,0010-09-27 08:45:00,10,9,27,8,45,380,451,,45.7578,5.22372,Plein jour,Hors agglomération,Hors intersection,Normale,Deux véhicules - côté,,,,,,,,,,,1,1,1,1.0,3.0
201000007896,0010-11-10 21:15:00,10,11,10,21,15,380,515,10 RUE DU GRAND COZANCE,,,Nuit avec éclairage allumé,En agglomération,Hors intersection,Normale,Autre collision,,,,,,,,,,,5,2,1,1.0,6.0
201000007897,0010-02-18 22:30:00,10,2,18,22,30,380,43,,45.445,5.566,Nuit sans éclairage public,Hors agglomération,Hors intersection,Normale,Deux véhicules - frontale,,,,,,,,,,,3,1,1,1.0,1.0
201000007898,0010-03-20 16:45:00,10,3,20,16,45,380,65,,45.4279,5.40158,Plein jour,Hors agglomération,Hors intersection,Normale,Deux véhicules - côté,,,,,,,,,,,1,1,1,1.0,3.0
201000007899,0010-04-11 03:15:00,10,4,11,3,15,380,305,,45.481,5.50701,Nuit sans éclairage public,Hors agglomération,Hors intersection,Normale,Autre collision,,,,,,,,,,,3,1,1,1.0,6.0
201000007900,0010-04-25 06:00:00,10,4,25,6,0,380,520,,45.49,5.519,Crépuscule ou aube,Hors agglomération,Hors intersection,Normale,Autre collision,,,,,,,,,,,2,1,1,1.0,6.0
201000007901,0010-04-03 14:45:00,10,4,3,14,45,380,42,,45.391,5.38035,Plein jour,Hors agglomération,Hors intersection,Normale,Deux véhicules - côté,,,,,,,,,,,1,1,1,1.0,3.0
201000007902,0010-05-11 19:15:00,10,5,11,19,15,380,13,ROUTE DE LYON,45.4001,5.48582,Plein jour,En agglomération,Hors intersection,Normale,Deux véhicules - arrière,,,,,,,,,,,1,2,1,1.0,2.0
201000007903,0010-06-20 23:30:00,10,6,20,23,30,380,293,,45.496,5.46711,Nuit sans éclairage public,Hors agglomération,Hors intersection,Normale,Autre collision,,,,,,,,,,,3,1,1,1.0,6.0
201000007904,0010-07-04 07:45:00,10,7,4,7,45,380,13,,45.3825,5.49761,Plein jour,Hors agglomération,Intersection en T,Normale,Deux véhicules - frontale,,,,,,,,,,,1,1,3,1.0,1.0
201000007905,0010-08-04 15:00:00,10,8,4,15,0,380,147,,45.513,5.42658,Plein jour,Hors agglomération,Hors intersection,Normale,Autre collision,,,,,,,,,,,1,1,1,1.0,6.0
201000007906,0010-08-12 10:00:00,10,8,12,10,0,380,257,,45.4828,5.40351,Plein jour,Hors agglomération,Hors intersection,Normale,Deux véhicules - côté,,,,,,,,,,,1,1,1,1.0,3.0
201000007907,0010-09-02 00:30:00,10,9,2,0,30,380,305,,45.4723,5.50623,Nuit sans éclairage public,Hors agglomération,Hors intersection,Normale,Sans collision,,,,,,,,,,,3,1,1,1.0,7.0
201000007908,0010-09-08 09:15:00,10,9,8,9,15,380,63,,45.428,5.446,Plein jour,Hors agglomération,Hors intersection,Normale,Deux véhicules - frontale,,,,,,,,,,,1,1,1,1.0,1.0
201000007909,0010-10-08 21:30:00,10,10,8,21,30,380,63,,45.429,5.44301,Nuit sans éclairage public,Hors agglomération,Hors intersection,Normale,Deux véhicules - frontale,,,,,,,,,,,3,1,1,1.0,1.0
201000007910,0010-11-21 16:00:00,10,11,21,16,0,380,182,,45.39,5.43,Plein jour,Hors agglomération,Hors intersection,Normale,Deux véhicules - arrière,,,,,,,,,,,1,1,1,1.0,2.0
201000007911,0010-01-07 21:00:00,10,1,7,21,0,380,135,,,,Nuit avec éclairage non allumé,Hors agglomération,Hors intersection,Neige / grêle,Trois véhicules et plus - en chaîne,,,,,,,,,,,4,1,1,4.0,4.0
201000007912,0010-02-08 17:30:00,10,2,8,17,30,380,135,HAMEAU DE LANCIN,45.7285,5.40623,Crépuscule ou aube,En agglomération,Hors intersection,Normale,Autre collision,,,,,,,,,,,2,2,1,1.0,6.0
201000007913,0010-03-24 19:45:00,10,3,24,19,45,380,295,,45.7354,5.29258,Nuit sans éclairage public,Hors agglomération,Hors intersection,Normale,Sans collision,,,,,,,,,,,3,1,1,1.0,7.0
201000007914,0010-04-27 17:30:00,10,4,27,17,30,380,83,,45.82,5.357,Plein jour,Hors agglomération,Hors intersection,Normale,Deux véhicules - frontale,,,,,,,,,,,1,1,1,1.0,1.0
201000007915,0010-06-17 06:15:00,10,6,17,6,15,380,26,,45.8745,5.34505,Nuit sans éclairage public,Hors agglomération,Hors intersection,Normale,Sans collision,,,,,,,,,,,3,1,1,1.0,7.0
201000007916,0010-08-17 19:15:00,10,8,17,19,15,380,539,,45.8372,5.41133,Plein jour,Hors agglomération,Hors intersection,Normale,Deux véhicules - frontale,,,,,,,,,,,1,1,1,1.0,1.0
201000007917,0010-08-31 10:00:00,10,8,31,10,0,380,54,,45.7807,5.44214,Plein jour,Hors agglomération,Intersection en X,Normale,Deux véhicules - côté,,,,,,,,,,,1,1,2,1.0,3.0
201000007918,0010-09-14 17:45:00,10,9,14,17,45,380,365,,45.789,5.34601,Plein jour,Hors agglomération,Hors intersection,Normale,Autre collision,,,,,,,,,,,1,1,1,1.0,6.0
201000007919,0010-09-26 08:15:00,10,9,26,8,15,380,54,,45.7779,5.40095,Plein jour,Hors agglomération,Hors intersection,Normale,Autre collision,,,,,,,,,,,1,1,1,1.0,6.0
201000007920,0010-01-06 14:45:00,10,1,6,14,45,380,1,,45.5565,5.59361,Plein jour,Hors agglomération,Hors intersection,Normale,Trois véhicules et plus - en chaîne,,,,,,,,,,,1,1,1,1.0,4.0
201000007921,0010-03-26 10:00:00,10,3,26,10,0,380,354,,45.503,5.711,Plein jour,Hors agglomération,Hors intersection,Pluie forte,Autre collision,,,,,,,,,,,1,1,1,3.0,6.0
201000007922,0010-07-27 17:00:00,10,7,27,17,0,380,398,PONT DU GUIERS,45.4986,5.71359,Plein jour,Hors agglomération,Intersection en Y,Normale,Sans collision,,,,,,,,,,,1,1,4,1.0,7.0
201000007923,0010-10-08 17:30:00,10,10,8,17,30,380,256,329 ROUTE DU BOURG,45.4883,5.59214,Plein jour,En agglomération,Hors intersection,Normale,Autre collision,,,,,,,,,,,1,2,1,1.0,6.0
201000007924,0010-11-06 17:30:00,10,11,6,17,30,380,315,,,,Plein jour,Hors agglomération,Hors intersection,Normale,Autre collision,,,,,,,,,,,1,1,1,1.0,6.0
201000007925,0010-11-25 16:00:00,10,11,25,16,0,380,1,RUE GAMBETTA,45.541,5.572,Crépuscule ou aube,En agglomération,Hors intersection,Pluie forte,Autre collision,,,,,,,,,,,2,2,1,3.0,6.0
201000007926,0010-01-16 09:30:00,10,1,16,9,30,380,377,,45.5772,5.50682,Plein jour,Hors agglomération,Hors intersection,Temps couvert,Sans collision,,,,,,,,,,,1,1,1,8.0,7.0
201000007927,0010-02-01 15:00:00,10,2,1,15,0,380,377,D1516 - ROUTE DU LOUAGE,45.5746,5.49401,Plein jour,En agglomération,Hors intersection,Normale,Deux véhicules - arrière,,,,,,,,,,,1,2,1,1.0,2.0
201000007928,0010-03-02 20:45:00,10,3,2,20,45,380,401,ZI DE ST JEAN DE SOUDAIN,,,Nuit avec éclairage allumé,En agglomération,Hors intersection,Normale,Deux véhicules - côté,,,,,,,,,,,5,2,1,1.0,3.0
201000007929,0010-03-07 18:45:00,10,3,7,18,45,380,162,,45.5838,5.50726,Nuit sans éclairage public,Hors agglomération,Intersection en Y,Neige / grêle,Autre collision,,,,,,,,,,,3,1,4,4.0,6.0
201000007930,0010-03-10 01:00:00,10,3,10,1,0,380,341,,,,Nuit sans éclairage public,Hors agglomération,Hors intersection,Normale,Sans collision,,,,,,,,,,,3,1,1,1.0,7.0
201000007931,0010-03-30 19:00:00,10,3,30,19,0,380,162,,45.6004,5.52666,Plein jour,Hors agglomération,Hors intersection,Normale,Deux véhicules - frontale,,,,,,,,,,,1,1,1,1.0,1.0
201000007932,0010-05-10 00:15:00,10,5,10,0,15,380,369,132 ROUTE DE ST VICTOR,,,Nuit sans éclairage public,En agglomération,Hors intersection,Pluie forte,Autre collision,,,,,,,,,,,3,2,1,3.0,6.0
201000007933,0010-06-24 23:00:00,10,6,24,23,0,380,509,,,,Nuit sans éclairage public,Hors agglomération,Hors intersection,Normale,Deux véhicules - frontale,,,,,,,,,,,3,1,1,1.0,1.0
201000007934,0010-08-14 15:00:00,10,8,14,15,0,380,64,,45.5678,5.36282,Plein jour,Hors agglomération,Hors intersection,Normale,Deux véhicules - frontale,,,,,,,,,,,1,1,1,1.0,1.0
201000007935,0010-08-27 09:00:00,10,8,27,9,0,380,341,,,,Nuit avec éclairage allumé,Hors agglomération,Hors intersection,Normale,Autre collision,,,,,,,,,,,5,1,1,1.0,6.0
201000007936,0010-10-30 22:00:00,10,10,30,22,0,380,64,,45.5676,5.36665,Nuit sans éclairage public,Hors agglomération,Hors intersection,Pluie légère,Deux véhicules - frontale,,,,,,,,,,,3,1,1,2.0,1.0
201000007937,0010-11-07 18:30:00,10,11,7,18,30,380,246,RUE DU SERPENT,,,Nuit avec éclairage allumé,En agglomération,Hors intersection,Normale,Deux véhicules - frontale,,,,,,,,,,,5,2,1,1.0,1.0
201000007938,0010-12-13 06:00:00,10,12,13,6,0,380,64,,,,Nuit sans éclairage public,Hors agglomération,Hors intersection,Autre,Autre collision,,,,,,,,,,,3,1,1,9.0,6.0
201000007939,0010-06-01 23:00:00,10,6,1,23,0,440,35,,47.284,-1.548,Nuit sans éclairage public,Hors agglomération,Hors intersection,Normale,Deux véhicules - frontale,,,,,,,,,,,3,1,1,1.0,1.0
201000007940,0010-06-21 07:45:00,10,6,21,7,45,440,35,Place de la Gilière,,,Plein jour,En agglomération,Giratoire,Normale,Deux véhicules - côté,,,,,,,,,,,1,2,6,1.0,3.0
201000007941,0010-06-28 14:30:00,10,6,28,14,30,440,209,Rue grandchamp Fontaines,,,Plein jour,En agglomération,Autre intersection,Normale,Sans collision,,,,,,,,,,,1,2,9,1.0,7.0
201000007942,0010-08-04 02:00:00,10,8,4,2,0,440,66,,47.38,-1.627,Nuit sans éclairage public,Hors agglomération,Hors intersection,Pluie légère,Autre collision,,,,,,,,,,,3,1,1,2.0,6.0
201000007943,0010-09-19 17:30:00,10,9,19,17,30,440,35,avenue des noiries,,,Plein jour,En agglomération,Hors intersection,Normale,Sans collision,,,,,,,,,,,1,2,1,1.0,7.0
201000007944,0010-09-24 11:15:00,10,9,24,11,15,440,35,rue martin luther king,,,Plein jour,En agglomération,Hors intersection,Normale,Autre collision,,,,,,,,,,,1,2,1,1.0,6.0
201000007945,0010-10-04 14:45:00,10,10,4,14,45,440,35,LA GILIERE,,,Plein jour,En agglomération,Giratoire,Pluie légère,Deux véhicules - côté,,,,,,,,,,,1,2,6,2.0,3.0
201000007946,0010-11-08 07:45:00,10,11,8,7,45,440,35,avenue Mozart,47.297,-1.556,Crépuscule ou aube,En agglomération,Hors intersection,Pluie forte,Autre collision,,,,,,,,,,,2,2,1,3.0,6.0
201000007947,0010-11-18 19:45:00,10,11,18,19,45,440,35,,,,Nuit avec éclairage allumé,Hors agglomération,Hors intersection,Normale,Deux véhicules - côté,,,,,,,,,,,5,1,1,1.0,3.0
201000007948,0010-11-25 16:30:00,10,11,25,16,30,440,209,,47.297,-1.609,Plein jour,Hors agglomération,Hors intersection,Normale,Autre collision,,,,,,,,,,,1,1,1,1.0,6.0
201000007949,0010-11-28 20:45:00,10,11,28,20,45,440,35,,,,Nuit avec éclairage allumé,Hors agglomération,Hors intersection,Autre,Deux véhicules - côté,,,,,,,,,,,5,1,1,9.0,3.0
201000007950,0010-01-25 19:30:00,10,1,25,19,30,380,160,,45.4684,4.9752,Nuit sans éclairage public,Hors agglomération,Hors intersection,Normale,Autre collision,,,,,,,,,,,3,1,1,1.0,6.0
201000007951,0010-03-13 08:30:00,10,3,13,8,30,380,160,,,,Plein jour,Hors agglomération,Hors intersection,Normale,Deux véhicules - arrière,,,,,,,,,,,1,1,1,1.0,2.0
201000007952,0010-03-15 07:30:00,10,3,15,7,30,380,484,,,,Plein jour,Hors agglomération,Hors intersection,Normale,Deux véhicules - frontale,,,,,,,,,,,1,1,1,1.0,1.0
201000007953,0010-03-26 21:00:00,10,3,26,21,0,380,87,LIEU DIT TREMBAS,45.577,4.825,Nuit avec éclairage allumé,En agglomération,Hors intersection,Pluie légère,Deux véhicules - côté,,,,,,,,,,,5,2,1,2.0,3.0
201000007954,0010-04-10 19:45:00,10,4,10,19,45,380,107,,45.463,4.82638,Nuit sans éclairage public,Hors agglomération,Hors intersection,Autre,Deux véhicules - arrière,,,,,,,,,,,3,1,1,9.0,2.0
201000007955,0010-04-21 11:30:00,10,4,21,11,30,380,487,,45.569,4.821,Plein jour,Hors agglomération,Hors intersection,Normale,Deux véhicules - frontale,,,,,,,,,,,1,1,1,1.0,1.0
201000007956,0010-04-30 07:30:00,10,4,30,7,30,380,110,,45.5687,4.87844,Plein jour,Hors agglomération,Hors intersection,Normale,Deux véhicules - côté,,,,,,,,,,,1,1,1,1.0,3.0
201000007957,0010-05-28 22:30:00,10,5,28,22,30,380,238,ROUTE DE SEPTÈME,45.5176,5.01194,Nuit sans éclairage public,En agglomération,Hors intersection,Normale,Deux véhicules - frontale,,,,,,,,,,,3,2,1,1.0,1.0
201000007958,0010-07-15 18:00:00,10,7,15,18,0,380,238,,45.4997,5.01797,Plein jour,Hors agglomération,Hors intersection,Temps éblouissant,Trois véhicules et plus - collisions multiples,,,,,,,,,,,1,1,1,7.0,5.0
201000007959,0010-07-31 11:15:00,10,7,31,11,15,380,160,,45.5044,4.99445,Plein jour,Hors agglomération,Hors intersection,Normale,Trois véhicules et plus - en chaîne,,,,,,,,,,,1,1,1,1.0,4.0
201000007960,0010-08-05 12:30:00,10,8,5,12,30,380,459,,,,Plein jour,Hors agglomération,Hors intersection,Normale,Deux véhicules - frontale,,,,,,,,,,,1,1,1,1.0,1.0
201000007961,0010-10-02 02:15:00,10,10,2,2,15,380,487,,45.559,4.86125,Nuit sans éclairage public,Hors agglomération,Hors intersection,Normale,Autre collision,,,,,,,,,,,3,1,1,1.0,6.0
201000007962,0010-10-06 08:45:00,10,10,6,8,45,380,336,,45.4967,4.84057,Plein jour,Hors agglomération,Intersection en Y,Pluie légère,Deux véhicules - frontale,,,,,,,,,,,1,1,4,2.0,1.0
201000007963,0010-10-30 15:30:00,10,10,30,15,30,380,336,,45.4809,4.83182,Plein jour,Hors agglomération,Hors intersection,Pluie légère,Deux véhicules - frontale,,,,,,,,,,,1,1,1,2.0,1.0
201000007964,0010-11-02 08:00:00,10,11,2,8,0,380,107,,45.4568,4.78377,Plein jour,Hors agglomération,Intersection en T,Normale,Trois véhicules et plus - collisions multiples,,,,,,,,,,,1,1,3,1.0,5.0
201000007965,0010-11-10 17:00:00,10,11,10,17,0,380,487,,,,Nuit sans éclairage public,Hors agglomération,Hors intersection,Pluie légère,Sans collision,,,,,,,,,,,3,1,1,2.0,7.0
201000007966,0010-11-22 17:30:00,10,11,22,17,30,380,160,,45.5074,4.93595,Nuit sans éclairage public,Hors agglomération,Hors intersection,Normale,Trois véhicules et plus - collisions multiples,,,,,,,,,,,3,1,1,1.0,5.0
201000007967,0010-11-22 21:30:00,10,11,22,21,30,380,87,RUE FRANÇOIS MITTERAND,45.586,4.809,Nuit avec éclairage allumé,En agglomération,Hors intersection,Pluie légère,Autre collision,,,,,,,,,,,5,2,1,2.0,6.0
201000007968,0010-01-01 02:45:00,10,1,1,2,45,380,335,,45.3625,5.02914,Nuit sans éclairage public,Hors agglomération,Hors intersection,Temps couvert,Sans collision,,,,,,,,,,,3,1,1,8.0,7.0
201000007969,0010-01-20 20:00:00,10,1,20,20,0,380,180,,45.3721,5.28754,Nuit sans éclairage public,Hors agglomération,Intersection en X,Normale,Deux véhicules - frontale,,,,,,,,,,,3,1,2,1.0,1.0
201000007970,0010-01-28 03:45:00,10,1,28,3,45,380,69,,45.47,5.29,Nuit sans éclairage public,Hors agglomération,Hors intersection,Normale,Sans collision,,,,,,,,,,,3,1,1,1.0,7.0
201000007971,0010-01-28 19:45:00,10,1,28,19,45,380,130,,45.37,5.23001,Nuit sans éclairage public,Hors agglomération,Hors intersection,Normale,Deux véhicules - frontale,,,,,,,,,,,3,1,1,1.0,1.0
201000007972,0010-01-31 20:45:00,10,1,31,20,45,380,473,,45.377,5.227,Nuit sans éclairage public,Hors agglomération,Hors intersection,Normale,Autre collision,,,,,,,,,,,3,1,1,1.0,6.0
201000007973,0010-03-19 03:15:00,10,3,19,3,15,380,25,,45.4022,5.22833,Nuit sans éclairage public,Hors agglomération,Hors intersection,Normale,Sans collision,,,,,,,,,,,3,1,1,1.0,7.0
201000007974,0010-03-24 07:30:00,10,3,24,7,30,380,69,,45.471,5.29297,Crépuscule ou aube,Hors agglomération,Hors intersection,Normale,Deux véhicules - arrière,,,,,,,,,,,2,1,1,1.0,2.0
201000007975,0010-03-26 12:45:00,10,3,26,12,45,380,134,,45.4451,4.99531,Plein jour,Hors agglomération,Hors intersection,Normale,Autre collision,,,,,,,,,,,1,1,1,1.0,6.0
201000007976,0010-05-16 22:00:00,10,5,16,22,0,380,34,CHEMIN DU FAYARET,45.333,5.032,Nuit avec éclairage allumé,En agglomération,Hors intersection,Normale,Autre collision,,,,,,,,,,,5,2,1,1.0,6.0
201000007977,0010-05-23 22:45:00,10,5,23,22,45,380,324,,45.3913,5.02309,Nuit sans éclairage public,Hors agglomération,Hors intersection,Normale,Deux véhicules - côté,,,,,,,,,,,3,1,1,1.0,3.0
201000007978,0010-05-24 20:00:00,10,5,24,20,0,380,290,,45.3606,4.98587,Plein jour,Hors agglomération,Hors intersection,Normale,Deux véhicules - côté,,,,,,,,,,,1,1,1,1.0,3.0
201000007979,0010-06-29 07:15:00,10,6,29,7,15,380,240,,45.383,4.98,Plein jour,Hors agglomération,Hors intersection,Temps éblouissant,Deux véhicules - frontale,,,,,,,,,,,1,1,1,7.0,1.0
201000007980,0010-07-21 14:15:00,10,7,21,14,15,380,130,,45.3612,5.286,Plein jour,Hors agglomération,Intersection en X,Normale,Trois véhicules et plus - collisions multiples,,,,,,,,,,,1,1,2,1.0,5.0
201000007981,0010-07-30 00:30:00,10,7,30,0,30,380,291,,45.3452,5.11168,Nuit sans éclairage public,Hors agglomération,Hors intersection,Normale,Autre collision,,,,,,,,,,,3,1,1,1.0,6.0
201000007982,0010-08-07 23:15:00,10,8,7,23,15,380,473,CHEMIN DU PAVÉ,45.374,5.212,Nuit sans éclairage public,En agglomération,Hors intersection,Normale,Autre collision,,,,,,,,,,,3,2,1,1.0,6.0
201000007983,0010-09-06 16:45:00,10,9,6,16,45,380,130,,45.3925,5.23874,Plein jour,Hors agglomération,Hors intersection,Normale,Deux véhicules - frontale,,,,,,,,,,,1,1,1,1.0,1.0
201000007984,0010-09-10 17:15:00,10,9,10,17,15,380,180,RUE DE L'ÉGLISE,45.3952,5.29216,Plein jour,En agglomération,Hors intersection,Normale,Deux véhicules - frontale,,,,,,,,,,,1,2,1,1.0,1.0
201000007985,0010-09-18 04:45:00,10,9,18,4,45,380,130,,45.404,5.27501,Nuit sans éclairage public,Hors agglomération,Hors intersection,Normale,Deux véhicules - frontale,,,,,,,,,,,3,1,1,1.0,1.0
201000007986,0010-09-24 20:45:00,10,9,24,20,45,380,130,,45.392,5.24501,Nuit sans éclairage public,Hors agglomération,Hors intersection,Pluie légère,Trois véhicules et plus - en chaîne,,,,,,,,,,,3,1,1,2.0,4.0
201000007987,0010-10-19 13:30:00,10,10,19,13,30,380,34,ROUTE DU DAUPHINÉ,45.397,5.298,Plein jour,En agglomération,Hors intersection,Normale,Autre collision,,,,,,,,,,,1,2,1,1.0,6.0
201000007988,0010-12-20 16:45:00,10,12,20,16,45,380,393,,45.409,5.342,Plein jour,Hors agglomération,Hors intersection,Neige / grêle,Sans collision,,,,,,,,,,,1,1,1,4.0,7.0
201000007989,0010-12-23 09:15:00,10,12,23,9,15,380,406,,45.4267,5.08674,Plein jour,Hors agglomération,Intersection en T,Pluie légère,Deux véhicules - frontale,,,,,,,,,,,1,1,3,2.0,1.0
201000007990,0010-01-06 08:00:00,10,1,6,8,0,380,144,,,,Plein jour,Hors agglomération,Hors intersection,Neige / grêle,Trois véhicules et plus - collisions multiples,,,,,,,,,,,1,1,1,4.0,5.0
201000007991,0010-02-10 19:00:00,10,2,10,19,0,380,288,,45.57,5.01738,Nuit sans éclairage public,Hors agglomération,Hors intersection,Neige / grêle,Trois véhicules et plus - collisions multiples,,,,,,,,,,,3,1,1,4.0,5.0
201000007992,0010-02-20 20:15:00,10,2,20,20,15,380,519,LE FAYET,45.6067,5.03947,Nuit avec éclairage allumé,En agglomération,Intersection en Y,Normale,Autre collision,,,,,,,,,,,5,2,4,1.0,6.0
201000007993,0010-05-03 21:30:00,10,5,3,21,30,380,399,,,,Crépuscule ou aube,Hors agglomération,Hors intersection,Pluie légère,Deux véhicules - frontale,,,,,,,,,,,2,1,1,2.0,1.0
201000007994,0010-04-19 13:45:00,10,4,19,13,45,380,184,,45.6722,5.0807,Plein jour,Hors agglomération,Giratoire,Normale,Sans collision,,,,,,,,,,,1,1,6,1.0,7.0
201000007995,0010-05-12 10:45:00,10,5,12,10,45,380,81,710 AVENUE DU DAUPHINÉ,45.54,5.10205,Plein jour,En agglomération,Hors intersection,Normale,Deux véhicules - côté,,,,,,,,,,,1,2,1,1.0,3.0
201000007996,0010-05-21 06:15:00,10,5,21,6,15,380,480,,45.5579,4.96212,Crépuscule ou aube,Hors agglomération,Hors intersection,Normale,Sans collision,,,,,,,,,,,2,1,1,1.0,7.0
201000007997,0010-05-29 05:30:00,10,5,29,5,30,380,152,,45.4808,5.29197,Crépuscule ou aube,Hors agglomération,Hors intersection,Normale,Autre collision,,,,,,,,,,,2,1,1,1.0,6.0
201000007998,0010-06-19 08:00:00,10,6,19,8,0,380,211,,45.4496,5.19221,Plein jour,Hors agglomération,Hors intersection,Normale,Trois véhicules et plus - collisions multiples,,,,,,,,,,,1,1,1,1.0,5.0