accident_id,datetime,annee,mois,jour,heure,minute,departement,commune_insee,adresse,latitude,longitude,luminosite,agglomeration,intersection,meteo,collision,nb_vehicules,nb_usagers,nb_indemnes,nb_tues,nb_blesses_hosp,nb_blesses_legers,age_cond_1,age_cond_2,veh_type_cond_1,veh_type_cond_2,lum_code,agg_code,int_code,atm_code,col_code
201000007999,0010-07-11 07:45:00,10,7,11,7,45,380,512,,45.516,5.269,Plein jour,Hors agglomération,Hors intersection,Normale,Sans collision,,,,,,,,,,,1,1,1,1.0,7.0
201000008000,0010-09-12 06:45:00,10,9,12,6,45,380,480,,45.5622,4.98357,Crépuscule ou aube,Hors agglomération,Intersection en T,Normale,Autre collision,,,,,,,,,,,2,1,3,1.0,6.0
201000008001,0010-09-15 05:30:00,10,9,15,5,30,380,351,,45.5479,5.25415,Nuit sans éclairage public,Hors agglomération,Hors intersection,Normale,Autre collision,,,,,,,,,,,3,1,1,1.0,6.0
201000008002,0010-09-14 21:00:00,10,9,14,21,0,380,94,,45.4945,5.19103,Nuit sans éclairage public,Hors agglomération,Intersection en X,Normale,Deux véhicules - côté,,,,,,,,,,,3,1,2,1.0,3.0
201000008003,0010-10-02 01:15:00,10,10,2,1,15,380,555,,45.5968,5.05953,Nuit sans éclairage public,Hors agglomération,Hors intersection,Normale,Autre collision,,,,,,,,,,,3,1,1,1.0,6.0
201000008004,0010-10-04 10:30:00,10,10,4,10,30,380,399,,45.5043,5.11188,Plein jour,Hors agglomération,Hors intersection,Normale,Sans collision,,,,,,,,,,,1,1,1,1.0,7.0
201000008005,0010-12-08 16:30:00,10,12,8,16,30,380,399,,45.503,5.147,Plein jour,Hors agglomération,Hors intersection,Normale,Deux véhicules - arrière,,,,,,,,,,,1,1,1,1.0,2.0
201000008006,0010-12-17 17:00:00,10,12,17,17,0,380,144,,45.597,5.09301,Plein jour,Hors agglomération,Hors intersection,Neige / grêle,Sans collision,,,,,,,,,,,1,1,1,4.0,7.0
201000008007,0010-12-28 19:15:00,10,12,28,19,15,380,144,,45.5865,5.06644,Nuit sans éclairage public,Hors agglomération,Hors intersection,Normale,Deux véhicules - arrière,,,,,,,,,,,3,1,1,1.0,2.0
201000008008,0010-04-02 22:00:00,10,4,2,22,0,380,557,,45.775,5.078,Nuit sans éclairage public,Hors agglomération,Hors intersection,Normale,Autre collision,,,,,,,,,,,3,1,1,1.0,6.0
201000008009,0010-04-16 21:30:00,10,4,16,21,30,380,557,RUE DES DIAMANTS,45.799,5.131,Nuit avec éclairage allumé,En agglomération,Hors intersection,Normale,Deux véhicules - côté,,,,,,,,,,,5,2,1,1.0,3.0
201000008010,0010-05-11 13:00:00,10,5,11,13,0,380,97,"ROUTE DE LOYETTES, CD18",45.772,5.198,Plein jour,En agglomération,Hors intersection,Temps couvert,Deux véhicules - côté,,,,,,,,,,,1,2,1,8.0,3.0
201000008011,0010-07-10 02:00:00,10,7,10,2,0,380,197,"74, ROUTE DE CREMIEU",45.7528,5.11752,Nuit sans éclairage public,En agglomération,Hors intersection,Normale,Autre collision,,,,,,,,,,,3,2,1,1.0,6.0
201000008012,0010-09-18 05:30:00,10,9,18,5,30,380,557,,45.7778,5.07846,Nuit sans éclairage public,Hors agglomération,Hors intersection,Normale,Autre collision,,,,,,,,,,,3,1,1,1.0,6.0
201000008013,0010-02-18 10:30:00,10,2,18,10,30,380,344,13 ROUTE DE VALENCE,45.3613,4.80081,Plein jour,En agglomération,Hors intersection,Normale,Autre collision,,,,,,,,,,,1,2,1,1.0,6.0
201000008014,0010-03-13 03:15:00,10,3,13,3,15,380,51,,,,Nuit sans éclairage public,Hors agglomération,Hors intersection,Temps couvert,Autre collision,,,,,,,,,,,3,1,1,8.0,6.0
201000008015,0010-03-15 07:30:00,10,3,15,7,30,380,468,R MONMOUSSEAU,45.3602,4.79419,Plein jour,Hors agglomération,Intersection en X,Normale,Deux véhicules - côté,,,,,,,,,,,1,1,2,1.0,3.0
201000008016,0010-03-17 18:15:00,10,3,17,18,15,380,344,,,,Plein jour,En agglomération,Hors intersection,Normale,Deux véhicules - côté,,,,,,,,,,,1,2,1,1.0,3.0
201000008017,0010-04-03 09:15:00,10,4,3,9,15,380,496,,,,Plein jour,Hors agglomération,Hors intersection,Normale,Autre collision,,,,,,,,,,,1,1,1,1.0,6.0
201000008018,0010-04-28 14:30:00,10,4,28,14,30,380,344,RUE BEYLE STENDHAL,45.3653,4.80636,Plein jour,En agglomération,Hors intersection,Normale,Autre collision,,,,,,,,,,,1,2,1,1.0,6.0
201000008019,0010-04-29 14:00:00,10,4,29,14,0,380,556,CARREFOUR PONCIN,45.3823,4.84127,Plein jour,En agglomération,Intersection en X,Normale,Deux véhicules - frontale,,,,,,,,,,,1,2,2,1.0,1.0
201000008020,0010-06-10 14:45:00,10,6,10,14,45,380,344,AVENUE GABRIEL PERI,45.3647,4.80018,Plein jour,En agglomération,Intersection en X,Normale,Trois véhicules et plus - collisions multiples,,,,,,,,,,,1,2,2,1.0,5.0
201000008021,0010-07-01 16:45:00,10,7,1,16,45,380,72,,,,Plein jour,Hors agglomération,Hors intersection,Normale,Deux véhicules - frontale,,,,,,,,,,,1,1,1,1.0,1.0
201000008022,0010-10-11 10:15:00,10,10,11,10,15,380,298,RUE DU CENTRE,,,Plein jour,En agglomération,Hors intersection,Normale,Autre collision,,,,,,,,,,,1,2,1,1.0,6.0
201000008023,0010-11-05 11:15:00,10,11,5,11,15,380,3,,45.331,4.867,Plein jour,Hors agglomération,Hors intersection,Pluie légère,Deux véhicules - frontale,,,,,,,,,,,1,1,1,2.0,1.0
201000008024,0010-11-10 14:15:00,10,11,10,14,15,380,468,,45.359,4.75701,Plein jour,Hors agglomération,Hors intersection,Normale,Deux véhicules - frontale,,,,,,,,,,,1,1,1,1.0,1.0
201000008025,0010-11-19 13:45:00,10,11,19,13,45,380,72,,45.32,4.81601,Plein jour,Hors agglomération,Hors intersection,Normale,Deux véhicules - frontale,,,,,,,,,,,1,1,1,1.0,1.0
201000008026,0010-11-20 18:15:00,10,11,20,18,15,380,72,,45.335,4.847,Nuit sans éclairage public,Hors agglomération,Hors intersection,Pluie légère,Deux véhicules - côté,,,,,,,,,,,3,1,1,2.0,3.0
201000008027,0010-11-24 17:15:00,10,11,24,17,15,380,51,,45.322,4.92,Crépuscule ou aube,Hors agglomération,Hors intersection,Normale,Trois véhicules et plus - collisions multiples,,,,,,,,,,,2,1,1,1.0,5.0
201000008028,0010-12-14 17:30:00,10,12,14,17,30,380,468,,45.349,4.817,Plein jour,Hors agglomération,Hors intersection,Normale,Deux véhicules - arrière,,,,,,,,,,,1,1,1,1.0,2.0
201000008029,0010-03-08 08:45:00,10,3,8,8,45,380,449,,45.646,5.12801,Plein jour,Hors agglomération,Hors intersection,Normale,Deux véhicules - frontale,,,,,,,,,,,1,1,1,1.0,1.0
201000008030,0010-05-01 17:15:00,10,5,1,17,15,380,537,AVENUE DE LA LIBÉRATION,45.645,5.13901,Plein jour,En agglomération,Hors intersection,Pluie légère,Deux véhicules - côté,,,,,,,,,,,1,2,1,2.0,3.0
201000008031,0010-05-05 06:45:00,10,5,5,6,45,380,449,,,,Crépuscule ou aube,Hors agglomération,Giratoire,Pluie légère,Deux véhicules - côté,,,,,,,,,,,2,1,6,2.0,3.0
201000008032,0010-05-24 18:30:00,10,5,24,18,30,380,449,RUE DE L'ÉGLISE,45.638,5.11201,Crépuscule ou aube,En agglomération,Hors intersection,Normale,Autre collision,,,,,,,,,,,2,2,1,1.0,6.0
201000008033,0010-08-06 17:30:00,10,8,6,17,30,380,449,,,,Plein jour,Hors agglomération,Hors intersection,Normale,Sans collision,,,,,,,,,,,1,1,1,1.0,7.0
201000008034,0010-08-06 06:45:00,10,8,6,6,45,380,475,,45.6732,5.08713,Plein jour,Hors agglomération,Hors intersection,Normale,Deux véhicules - frontale,,,,,,,,,,,1,1,1,1.0,1.0
201000008035,0010-08-19 00:30:00,10,8,19,0,30,380,475,ROUTE DE MONTSOLONGRE,,,Nuit avec éclairage allumé,En agglomération,Hors intersection,Normale,Sans collision,,,,,,,,,,,5,2,1,1.0,7.0
201000008036,0010-08-31 18:15:00,10,8,31,18,15,380,475,,45.694,5.136,Plein jour,Hors agglomération,Hors intersection,Normale,Deux véhicules - frontale,,,,,,,,,,,1,1,1,1.0,1.0
201000008037,0010-09-01 17:00:00,10,9,1,17,0,380,449,BOULEVARD DE LA NOIREE,,,Plein jour,En agglomération,Autre intersection,Normale,Deux véhicules - arrière,,,,,,,,,,,1,2,9,1.0,2.0
201000008038,0010-11-22 13:45:00,10,11,22,13,45,380,449,,45.642,5.097,Plein jour,Hors agglomération,Hors intersection,Normale,Deux véhicules - arrière,,,,,,,,,,,1,1,1,1.0,2.0
201000008039,0010-11-24 05:45:00,10,11,24,5,45,380,475,,45.71,5.15301,Nuit sans éclairage public,Hors agglomération,Hors intersection,Normale,Autre collision,,,,,,,,,,,3,1,1,1.0,6.0
201000008040,0010-02-20 14:30:00,10,2,20,14,30,420,23,,45.29357,4.59298,Plein jour,Hors agglomération,Hors intersection,Normale,Deux véhicules - côté,,,,,,,,,,,1,1,1,1.0,3.0
201000008041,0010-04-11 14:45:00,10,4,11,14,45,420,224,,45.3552,4.46644,Plein jour,Hors agglomération,Hors intersection,Normale,Deux véhicules - côté,,,,,,,,,,,1,1,1,1.0,3.0
201000008042,0010-05-04 06:30:00,10,5,4,6,30,420,23,,45.29217,4.60302,Crépuscule ou aube,Hors agglomération,Hors intersection,Pluie légère,Deux véhicules - côté,,,,,,,,,,,2,1,1,2.0,3.0
201000008043,0010-05-24 10:45:00,10,5,24,10,45,420,326,,45.37613,4.59949,Plein jour,Hors agglomération,Hors intersection,Temps éblouissant,Deux véhicules - frontale,,,,,,,,,,,1,1,1,7.0,1.0
201000008044,0010-08-15 20:15:00,10,8,15,20,15,420,23,,45.29073,4.59552,Plein jour,Hors agglomération,Hors intersection,Temps couvert,Trois véhicules et plus - collisions multiples,,,,,,,,,,,1,1,1,8.0,5.0
201000008045,0010-08-29 20:15:00,10,8,29,20,15,420,329,,45.32031,4.52278,Plein jour,Hors agglomération,Hors intersection,Normale,Trois véhicules et plus - collisions multiples,,,,,,,,,,,1,1,1,1.0,5.0
201000008046,0010-09-03 17:45:00,10,9,3,17,45,420,23,,45.29361,4.5924,Plein jour,Hors agglomération,Autre intersection,Normale,Deux véhicules - frontale,,,,,,,,,,,1,1,9,1.0,1.0
201000008047,0010-09-23 15:00:00,10,9,23,15,0,420,23,RD 503 Les Baraques,45.28575,4.54241,Plein jour,En agglomération,Hors intersection,Normale,Autre collision,,,,,,,,,,,1,2,1,1.0,6.0
201000008048,0010-10-04 15:45:00,10,10,4,15,45,420,23,,45.29163,4.59275,Plein jour,Hors agglomération,Hors intersection,Pluie légère,Deux véhicules - frontale,,,,,,,,,,,1,1,1,2.0,1.0
201000008049,0010-11-16 09:15:00,10,11,16,9,15,420,23,,45.28973,4.59762,Plein jour,Hors agglomération,Hors intersection,Temps couvert,Deux véhicules - frontale,,,,,,,,,,,1,1,1,8.0,1.0
201000008050,0010-11-18 08:00:00,10,11,18,8,0,420,246,,45.32468,4.63033,Plein jour,Hors agglomération,Hors intersection,Temps couvert,Deux véhicules - frontale,,,,,,,,,,,1,1,1,8.0,1.0
201000008051,0010-05-24 23:30:00,10,5,24,23,30,420,97,,45.52217,4.29441,Nuit sans éclairage public,Hors agglomération,Giratoire,Normale,Autre collision,,,,,,,,,,,3,1,6,1.0,6.0
201000008052,0010-05-25 09:15:00,10,5,25,9,15,420,97,rte de St Genest Lerpt,45.49519,4.3199,Plein jour,En agglomération,Hors intersection,Normale,Deux véhicules - frontale,,,,,,,,,,,1,2,1,1.0,1.0
201000008053,0010-12-24 15:45:00,10,12,24,15,45,420,92,,45.49886,4.38466,Plein jour,Hors agglomération,Hors intersection,Neige / grêle,Deux véhicules - côté,,,,,,,,,,,1,1,1,4.0,3.0
201000008054,0010-01-26 18:45:00,10,1,26,18,45,420,269,,45.69324,4.09933,Nuit sans éclairage public,Hors agglomération,Hors intersection,Normale,Deux véhicules - frontale,,,,,,,,,,,3,1,1,1.0,1.0
201000008055,0010-07-05 13:45:00,10,7,5,13,45,420,89,,45.62611,4.0137,Plein jour,Hors agglomération,Hors intersection,Normale,Deux véhicules - frontale,,,,,,,,,,,1,1,1,1.0,1.0
201000008056,0010-07-18 19:15:00,10,7,18,19,15,420,328,,45.5503,3.9687,Plein jour,Hors agglomération,Hors intersection,Normale,Deux véhicules - frontale,,,,,,,,,,,1,1,1,1.0,1.0
201000008057,0010-07-29 18:30:00,10,7,29,18,30,420,37,,45.66594,4.07399,Plein jour,Hors agglomération,Hors intersection,Normale,Deux véhicules - côté,,,,,,,,,,,1,1,1,1.0,3.0
201000008058,0010-08-30 11:15:00,10,8,30,11,15,420,180,,45.59006,4.14534,Plein jour,Hors agglomération,Hors intersection,Normale,Deux véhicules - frontale,,,,,,,,,,,1,1,1,1.0,1.0
201000008059,0010-02-07 01:00:00,10,2,7,1,0,420,5,,45.52679,4.302,Nuit sans éclairage public,Hors agglomération,Hors intersection,Pluie légère,Deux véhicules - frontale,,,,,,,,,,,3,1,1,2.0,1.0
201000008060,0010-03-04 10:00:00,10,3,4,10,0,420,304,,45.52919,4.30077,Plein jour,Hors agglomération,Hors intersection,Pluie légère,Deux véhicules - frontale,,,,,,,,,,,1,1,1,2.0,1.0
201000008061,0010-07-09 13:00:00,10,7,9,13,0,420,22,Rue des javelottes,45.52567,4.21422,Plein jour,En agglomération,Hors intersection,Normale,Deux véhicules - côté,,,,,,,,,,,1,2,1,1.0,3.0
201000008062,0010-07-19 17:45:00,10,7,19,17,45,420,75,,45.56489,4.22976,Plein jour,Hors agglomération,Hors intersection,Normale,Sans collision,,,,,,,,,,,1,1,1,1.0,7.0
201000008063,0010-12-18 06:00:00,10,12,18,6,0,420,22,Avenue de la Mairie,45.5238,4.2198,Nuit avec éclairage allumé,En agglomération,Hors intersection,Neige / grêle,Autre collision,,,,,,,,,,,5,2,1,4.0,6.0
201000008064,0010-12-17 08:45:00,10,12,17,8,45,420,304,,45.53592,4.15012,Plein jour,Hors agglomération,Hors intersection,Neige / grêle,Deux véhicules - côté,,,,,,,,,,,1,1,1,4.0,3.0
201000008065,0010-01-20 09:30:00,10,1,20,9,30,420,39,,45.71505,4.06379,Plein jour,Hors agglomération,Hors intersection,Neige / grêle,Sans collision,,,,,,,,,,,1,1,1,4.0,7.0
201000008066,0010-02-17 12:45:00,10,2,17,12,45,420,134,,45.68213,4.03681,Plein jour,Hors agglomération,Hors intersection,Normale,Deux véhicules - frontale,,,,,,,,,,,1,1,1,1.0,1.0
201000008067,0010-02-27 15:45:00,10,2,27,15,45,420,134,,45.69628,4.03691,Plein jour,Hors agglomération,Intersection en X,Vent fort / tempête,Deux véhicules - côté,,,,,,,,,,,1,1,2,6.0,3.0
201000008068,0010-05-18 09:30:00,10,5,18,9,30,420,30,,45.80441,4.03957,Plein jour,Hors agglomération,Hors intersection,Normale,Trois véhicules et plus - collisions multiples,,,,,,,,,,,1,1,1,1.0,5.0
201000008069,0010-05-29 22:15:00,10,5,29,22,15,420,150,le bourg,45.7151,4.06364,Nuit avec éclairage allumé,En agglomération,Hors intersection,Normale,Deux véhicules - arrière,,,,,,,,,,,5,2,1,1.0,2.0
201000008070,0010-07-15 19:30:00,10,7,15,19,30,420,197,,45.733,4.05464,Plein jour,Hors agglomération,Hors intersection,Normale,Deux véhicules - frontale,,,,,,,,,,,1,1,1,1.0,1.0
201000008071,0010-08-09 11:30:00,10,8,9,11,30,420,35,,45.8032,3.97293,Plein jour,Hors agglomération,Hors intersection,Normale,Deux véhicules - frontale,,,,,,,,,,,1,1,1,1.0,1.0
201000008072,0010-08-11 16:15:00,10,8,11,16,15,420,34,,,,Plein jour,Hors agglomération,Hors intersection,Normale,Deux véhicules - côté,,,,,,,,,,,1,1,1,1.0,3.0
201000008073,0010-09-01 11:15:00,10,9,1,11,15,420,197,,45.73288,4.05415,Plein jour,Hors agglomération,Hors intersection,Normale,Deux véhicules - frontale,,,,,,,,,,,1,1,1,1.0,1.0
201000008074,0010-09-25 11:00:00,10,9,25,11,0,420,35,le bourg,45.80256,3.96335,Plein jour,En agglomération,Hors intersection,Normale,Sans collision,,,,,,,,,,,1,2,1,1.0,7.0
201000008075,0010-10-02 10:15:00,10,10,2,10,15,420,30,,45.80851,4.05599,Plein jour,Hors agglomération,Hors intersection,Normale,Sans collision,,,,,,,,,,,1,1,1,1.0,7.0
201000008076,0010-10-02 21:00:00,10,10,2,21,0,420,164,,45.73615,3.92426,Plein jour,Hors agglomération,Hors intersection,Normale,Sans collision,,,,,,,,,,,1,1,1,1.0,7.0
201000008077,0010-10-09 09:15:00,10,10,9,9,15,420,136,,45.715,4.013,Plein jour,Hors agglomération,Hors intersection,Normale,Deux véhicules - côté,,,,,,,,,,,1,1,1,1.0,3.0
201000008078,0010-11-02 18:30:00,10,11,2,18,30,420,288,,45.76233,3.95451,Nuit sans éclairage public,Hors agglomération,Hors intersection,Normale,Autre collision,,,,,,,,,,,3,1,1,1.0,6.0
201000008079,0010-11-18 13:30:00,10,11,18,13,30,420,288,,45.75281,3.98635,Plein jour,Hors agglomération,Hors intersection,Normale,Deux véhicules - côté,,,,,,,,,,,1,1,1,1.0,3.0
201000008080,0010-12-03 18:30:00,10,12,3,18,30,420,19,Rue Alsace Lorraine,45.7446,4.00603,Nuit avec éclairage allumé,En agglomération,Hors intersection,Neige / grêle,Autre collision,,,,,,,,,,,5,2,1,4.0,6.0
201000008081,0010-12-08 21:30:00,10,12,8,21,30,420,19,Rue de la Planète,45.7519,4.00978,Nuit avec éclairage allumé,En agglomération,Hors intersection,Pluie légère,Deux véhicules - frontale,,,,,,,,,,,5,2,1,2.0,1.0
201000008082,0010-01-17 20:15:00,10,1,17,20,15,420,165,rue Gambetta,45.78933,4.33967,Nuit avec éclairage allumé,En agglomération,Hors intersection,Autre,Deux véhicules - côté,,,,,,,,,,,5,2,1,9.0,3.0
201000008083,0010-02-02 12:15:00,10,2,2,12,15,420,155,VC 11,45.83123,4.15039,Plein jour,En agglomération,Hors intersection,Temps éblouissant,Autre collision,,,,,,,,,,,1,2,1,7.0,6.0
201000008084,0010-01-27 18:45:00,10,1,27,18,45,420,94,rue de Verdun,45.73627,4.22509,Nuit avec éclairage allumé,En agglomération,Hors intersection,Normale,Autre collision,,,,,,,,,,,5,2,1,1.0,6.0
201000008085,0010-03-19 15:30:00,10,3,19,15,30,420,165,,45.78327,4.31575,Plein jour,Hors agglomération,Hors intersection,Normale,Deux véhicules - côté,,,,,,,,,,,1,1,1,1.0,3.0
201000008086,0010-03-13 18:45:00,10,3,13,18,45,420,319,,45.7131,4.2432,Crépuscule ou aube,Hors agglomération,Hors intersection,Normale,Sans collision,,,,,,,,,,,2,1,1,1.0,7.0
201000008087,0010-05-23 18:15:00,10,5,23,18,15,420,193,Int. D59/Chemin communal,45.7945,4.27405,Plein jour,En agglomération,Intersection en T,Normale,Deux véhicules - frontale,,,,,,,,,,,1,2,3,1.0,1.0
201000008088,0010-05-25 12:00:00,10,5,25,12,0,420,251,,45.7077,4.2269,Plein jour,Hors agglomération,Hors intersection,Normale,Autre collision,,,,,,,,,,,1,1,1,1.0,6.0
201000008089,0010-06-08 13:15:00,10,6,8,13,15,420,165,,45.79904,4.34017,Plein jour,Hors agglomération,Intersection en T,Normale,Deux véhicules - frontale,,,,,,,,,,,1,1,3,1.0,1.0
201000008090,0010-08-12 07:30:00,10,8,12,7,30,420,66,,45.73791,4.17898,Plein jour,Hors agglomération,Hors intersection,Temps éblouissant,Trois véhicules et plus - collisions multiples,,,,,,,,,,,1,1,1,7.0,5.0
201000008091,0010-10-25 21:45:00,10,10,25,21,45,420,155,,45.358,4.29,Nuit sans éclairage public,Hors agglomération,Hors intersection,Vent fort / tempête,Deux véhicules - frontale,,,,,,,,,,,3,1,1,6.0,1.0
201000008092,0010-11-14 16:00:00,10,11,14,16,0,420,165,la grande place,45.32,4.575,Crépuscule ou aube,En agglomération,Hors intersection,Normale,Deux véhicules - arrière,,,,,,,,,,,2,2,1,1.0,2.0
201000008093,0010-12-07 18:00:00,10,12,7,18,0,420,251,,45.69326,4.22788,Nuit sans éclairage public,Hors agglomération,Hors intersection,Normale,Trois véhicules et plus - collisions multiples,,,,,,,,,,,3,1,1,1.0,5.0
201000008094,0010-04-15 18:00:00,10,4,15,18,0,420,301,,45.51986,4.06341,Plein jour,Hors agglomération,Hors intersection,Pluie légère,Deux véhicules - arrière,,,,,,,,,,,1,1,1,2.0,2.0
201000008095,0010-06-02 17:45:00,10,6,2,17,45,420,301,,45.51154,4.05109,Plein jour,Hors agglomération,Hors intersection,Normale,Sans collision,,,,,,,,,,,1,1,1,1.0,7.0
201000008096,0010-06-15 12:45:00,10,6,15,12,45,420,262,,45.40834,4.20042,Plein jour,Hors agglomération,Hors intersection,Pluie légère,Deux véhicules - frontale,,,,,,,,,,,1,1,1,2.0,1.0
201000008097,0010-08-09 19:45:00,10,8,9,19,45,420,6,,45.38851,4.00947,Plein jour,Hors agglomération,Hors intersection,Normale,Deux véhicules - côté,,,,,,,,,,,1,1,1,1.0,3.0
201000008098,0010-08-15 20:30:00,10,8,15,20,30,420,228,,45.5557,4.09541,Nuit sans éclairage public,Hors agglomération,Hors intersection,Normale,Sans collision,,,,,,,,,,,3,1,1,1.0,7.0
201000008099,0010-08-22 18:00:00,10,8,22,18,0,420,107,,45.52982,3.99948,Plein jour,Hors agglomération,Hors intersection,Normale,Deux véhicules - côté,,,,,,,,,,,1,1,1,1.0,3.0
201000008100,0010-10-08 07:15:00,10,10,8,7,15,420,107,,45.53286,3.99492,Crépuscule ou aube,Hors agglomération,Hors intersection,Normale,Sans collision,,,,,,,,,,,2,1,1,1.0,7.0
201000008101,0010-11-04 06:00:00,10,11,4,6,0,420,21,,45.50161,4.14236,Crépuscule ou aube,Hors agglomération,Hors intersection,Normale,Deux véhicules - côté,,,,,,,,,,,2,1,1,1.0,3.0
201000008102,0010-11-07 18:00:00,10,11,7,18,0,420,142,LE BOURG,45.38033,4.02398,Nuit sans éclairage public,En agglomération,Hors intersection,Pluie légère,Autre collision,,,,,,,,,,,3,2,1,2.0,6.0
201000008103,0010-01-22 21:45:00,10,1,22,21,45,420,222,avenue Jean Monnet,45.58736,4.31474,Nuit avec éclairage allumé,En agglomération,Hors intersection,Normale,Deux véhicules - frontale,,,,,,,,,,,5,2,1,1.0,1.0
201000008104,0010-01-24 01:30:00,10,1,24,1,30,420,222,,45.59211,4.17579,Nuit sans éclairage public,Hors agglomération,Hors intersection,Normale,Sans collision,,,,,,,,,,,3,1,1,1.0,7.0
201000008105,0010-02-09 03:45:00,10,2,9,3,45,420,135,,45.66415,4.22982,Nuit sans éclairage public,Hors agglomération,Hors intersection,Neige / grêle,Autre collision,,,,,,,,,,,3,1,1,4.0,6.0
201000008106,0010-03-21 11:15:00,10,3,21,11,15,420,216,,45.61563,4.42954,Plein jour,Hors agglomération,Hors intersection,Normale,Sans collision,,,,,,,,,,,1,1,1,1.0,7.0
201000008107,0010-04-16 16:30:00,10,4,16,16,30,420,222,,45.65373,4.2584,Plein jour,Hors agglomération,Hors intersection,Normale,Trois véhicules et plus - collisions multiples,,,,,,,,,,,1,1,1,1.0,5.0
201000008108,0010-04-24 13:00:00,10,4,24,13,0,420,10,,45.57435,4.3587,Plein jour,Hors agglomération,Hors intersection,Normale,Deux véhicules - frontale,,,,,,,,,,,1,1,1,1.0,1.0
201000008109,0010-04-26 07:15:00,10,4,26,7,15,420,13,,45.65149,4.31375,Plein jour,Hors agglomération,Hors intersection,Normale,Autre collision,,,,,,,,,,,1,1,1,1.0,6.0
201000008110,0010-04-27 15:30:00,10,4,27,15,30,420,200,Route de SAINT CYR CD16,45.65262,4.25739,Plein jour,En agglomération,Hors intersection,Normale,Deux véhicules - frontale,,,,,,,,,,,1,2,1,1.0,1.0
201000008111,0010-05-18 10:30:00,10,5,18,10,30,420,81,,,,Plein jour,Hors agglomération,Hors intersection,Normale,Autre collision,,,,,,,,,,,1,1,1,1.0,6.0
201000008112,0010-05-30 08:00:00,10,5,30,8,0,420,135,,45.66706,4.23496,Plein jour,Hors agglomération,Hors intersection,Normale,Sans collision,,,,,,,,,,,1,1,1,1.0,7.0
201000008113,0010-05-29 19:00:00,10,5,29,19,0,420,323,26 avenue Paccard,45.56177,4.28158,Plein jour,En agglomération,Hors intersection,Normale,Deux véhicules - côté,,,,,,,,,,,1,2,1,1.0,3.0
201000008114,0010-06-15 18:15:00,10,6,15,18,15,420,323,69 chemin des Granges,45.55128,4.29785,Plein jour,En agglomération,Hors intersection,Pluie légère,Deux véhicules - frontale,,,,,,,,,,,1,2,1,2.0,1.0
201000008115,0010-07-08 09:45:00,10,7,8,9,45,420,149,,45.64235,4.22334,Plein jour,Hors agglomération,Hors intersection,Normale,Deux véhicules - arrière,,,,,,,,,,,1,1,1,1.0,2.0
201000008116,0010-07-13 00:15:00,10,7,13,0,15,420,81,,45.58946,4.26826,Nuit sans éclairage public,Hors agglomération,Hors intersection,Temps couvert,Sans collision,,,,,,,,,,,3,1,1,8.0,7.0
201000008117,0010-07-16 17:45:00,10,7,16,17,45,420,59,BD etienne peronnet,45.63696,4.39175,Plein jour,En agglomération,Hors intersection,Normale,Deux véhicules - côté,,,,,,,,,,,1,2,1,1.0,3.0
201000008118,0010-07-22 10:15:00,10,7,22,10,15,420,323,avenue paccard,45.56146,4.28822,Plein jour,En agglomération,Giratoire,Normale,Deux véhicules - frontale,,,,,,,,,,,1,2,6,1.0,1.0
201000008119,0010-08-28 23:45:00,10,8,28,23,45,420,13,,45.64648,4.2914,Nuit avec éclairage allumé,Hors agglomération,Hors intersection,Normale,Deux véhicules - frontale,,,,,,,,,,,5,1,1,1.0,1.0
201000008120,0010-09-15 11:00:00,10,9,15,11,0,420,108,,45.59332,4.19744,Plein jour,Hors agglomération,Hors intersection,Normale,Deux véhicules - côté,,,,,,,,,,,1,1,1,1.0,3.0
201000008121,0010-09-17 17:30:00,10,9,17,17,30,420,222,,45.5962,4.32027,Plein jour,Hors agglomération,Hors intersection,Normale,Deux véhicules - frontale,,,,,,,,,,,1,1,1,1.0,1.0
201000008122,0010-09-20 12:15:00,10,9,20,12,15,420,323,avenue d'andrzieux,45.56703,4.29414,Plein jour,En agglomération,Hors intersection,Normale,Autre collision,,,,,,,,,,,1,2,1,1.0,6.0
201000008123,0010-09-22 18:15:00,10,9,22,18,15,420,222,,45.6192,4.307,Plein jour,Hors agglomération,Hors intersection,Normale,Trois véhicules et plus - collisions multiples,,,,,,,,,,,1,1,1,1.0,5.0
201000008124,0010-10-06 16:00:00,10,10,6,16,0,420,323,Avenue henri planchet,45.56582,4.29317,Plein jour,En agglomération,Hors intersection,Normale,Autre collision,,,,,,,,,,,1,2,1,1.0,6.0
201000008125,0010-10-09 21:45:00,10,10,9,21,45,420,264,,45.5818,4.3699,Nuit sans éclairage public,Hors agglomération,Autre intersection,Normale,Trois véhicules et plus - collisions multiples,,,,,,,,,,,3,1,9,1.0,5.0