accident_id,datetime,annee,mois,jour,heure,minute,departement,commune_insee,adresse,latitude,longitude,luminosite,agglomeration,intersection,meteo,collision,nb_vehicules,nb_usagers,nb_indemnes,nb_tues,nb_blesses_hosp,nb_blesses_legers,age_cond_1,age_cond_2,veh_type_cond_1,veh_type_cond_2,lum_code,agg_code,int_code,atm_code,col_code
201000008257,0010-11-07 15:00:00,10,11,7,15,0,730,75,,45.442,6.055,Plein jour,Hors agglomération,Hors intersection,Normale,Deux véhicules - côté,,,,,,,,,,,1,1,1,1.0,3.0
201000008258,0010-12-09 08:30:00,10,12,9,8,30,730,89,,45.534,6.117,Plein jour,Hors agglomération,Intersection en X,Normale,Deux véhicules - côté,,,,,,,,,,,1,1,2,1.0,3.0
201000008259,0010-02-27 16:30:00,10,2,27,16,30,730,129,rue de SAINT PIERRE,,,Plein jour,En agglomération,Hors intersection,Normale,Deux véhicules - frontale,,,,,,,,,,,1,2,1,1.0,1.0
201000008260,0010-04-18 17:15:00,10,4,18,17,15,730,202,,,,Plein jour,Hors agglomération,Hors intersection,Normale,Sans collision,,,,,,,,,,,1,1,1,1.0,7.0
201000008261,0010-04-30 13:45:00,10,4,30,13,45,730,63,,45.972,6.595,Plein jour,Hors agglomération,Hors intersection,Normale,Trois véhicules et plus - collisions multiples,,,,,,,,,,,1,1,1,1.0,5.0
201000008262,0010-05-26 11:45:00,10,5,26,11,45,730,162,,,,Plein jour,En agglomération,Hors intersection,Normale,Deux véhicules - côté,,,,,,,,,,,1,2,1,1.0,3.0
201000008263,0010-06-06 11:00:00,10,6,6,11,0,730,262,,,,Plein jour,Hors agglomération,Hors intersection,Normale,Sans collision,,,,,,,,,,,1,1,1,1.0,7.0
201000008264,0010-06-27 12:00:00,10,6,27,12,0,730,114,,,,Plein jour,Hors agglomération,Hors intersection,Normale,Deux véhicules - frontale,,,,,,,,,,,1,1,1,1.0,1.0
201000008265,0010-07-24 04:30:00,10,7,24,4,30,730,202,,45.182,6.592,Nuit sans éclairage public,Hors agglomération,Hors intersection,Normale,Autre collision,,,,,,,,,,,3,1,1,1.0,6.0
201000008266,0010-08-10 18:30:00,10,8,10,18,30,730,114,,,,Plein jour,Hors agglomération,Hors intersection,Normale,Deux véhicules - frontale,,,,,,,,,,,1,1,1,1.0,1.0
201000008267,0010-08-16 07:45:00,10,8,16,7,45,730,124,,,,Plein jour,Hors agglomération,Hors intersection,Pluie légère,Deux véhicules - côté,,,,,,,,,,,1,1,1,2.0,3.0
201000008268,0010-08-19 06:00:00,10,8,19,6,0,730,129,,45.584,6.268,Nuit sans éclairage public,Hors agglomération,Intersection en X,Normale,Deux véhicules - côté,,,,,,,,,,,3,1,2,1.0,3.0
201000008269,0010-09-06 12:00:00,10,9,6,12,0,730,303,,,,Plein jour,Hors agglomération,Hors intersection,Normale,Sans collision,,,,,,,,,,,1,1,1,1.0,7.0
201000008270,0010-11-16 09:00:00,10,11,16,9,0,730,48,,45.603,6.322,Plein jour,Hors agglomération,Hors intersection,Pluie légère,Deux véhicules - frontale,,,,,,,,,,,1,1,1,2.0,1.0
201000008271,0010-11-19 08:15:00,10,11,19,8,15,730,297,,45.644,6.322,Plein jour,Hors agglomération,Hors intersection,Normale,Deux véhicules - côté,,,,,,,,,,,1,1,1,1.0,3.0
201000008272,0010-11-19 17:30:00,10,11,19,17,30,730,154,,45.67,6.345,Crépuscule ou aube,Hors agglomération,Intersection en X,Temps éblouissant,Deux véhicules - côté,,,,,,,,,,,2,1,2,7.0,3.0
201000008273,0010-11-19 19:45:00,10,11,19,19,45,730,303,lieu-dit l'Isle,,,Nuit avec éclairage allumé,En agglomération,Hors intersection,Normale,Sans collision,,,,,,,,,,,5,2,1,1.0,7.0
201000008274,0010-12-14 07:45:00,10,12,14,7,45,730,303,rue NANT PUGIN,,,Crépuscule ou aube,En agglomération,Hors intersection,Normale,Autre collision,,,,,,,,,,,2,2,1,1.0,6.0
201000008275,0010-03-02 02:00:00,10,3,2,2,0,730,197,,45.547,6.763,Nuit sans éclairage public,Hors agglomération,Hors intersection,Pluie légère,Sans collision,,,,,,,,,,,3,1,1,2.0,7.0
201000008276,0010-06-15 08:30:00,10,6,15,8,30,730,6,,,,Plein jour,Hors agglomération,Hors intersection,Pluie légère,Deux véhicules - frontale,,,,,,,,,,,1,1,1,2.0,1.0
201000008277,0010-09-14 17:45:00,10,9,14,17,45,730,197,,,,Plein jour,Hors agglomération,Hors intersection,Normale,Deux véhicules - frontale,,,,,,,,,,,1,1,1,1.0,1.0
201000008278,0010-12-16 10:30:00,10,12,16,10,30,730,6,route des iles de Macot,,,Plein jour,En agglomération,Hors intersection,Normale,Deux véhicules - côté,,,,,,,,,,,1,2,1,1.0,3.0
201000008279,0010-05-23 15:00:00,10,5,23,15,0,730,317,,45.73,6.544,Plein jour,Hors agglomération,Hors intersection,Temps éblouissant,Deux véhicules - frontale,,,,,,,,,,,1,1,1,7.0,1.0
201000008280,0010-07-18 12:15:00,10,7,18,12,15,730,132,,45.749,6.575,Plein jour,Hors agglomération,Hors intersection,Normale,Sans collision,,,,,,,,,,,1,1,1,1.0,7.0
201000008281,0010-07-31 14:45:00,10,7,31,14,45,730,34,,,,Plein jour,Hors agglomération,Hors intersection,Normale,Deux véhicules - arrière,,,,,,,,,,,1,1,1,1.0,2.0
201000008282,0010-10-07 16:30:00,10,10,7,16,30,730,211,,45.183,6.733,Plein jour,Hors agglomération,Hors intersection,Normale,Deux véhicules - frontale,,,,,,,,,,,1,1,1,1.0,1.0
201000008283,0010-02-08 16:30:00,10,2,8,16,30,730,54,Avenue du Stade,,,Plein jour,En agglomération,Hors intersection,Normale,Autre collision,,,,,,,,,,,1,2,1,1.0,6.0
201000008284,0010-04-07 20:45:00,10,4,7,20,45,730,54,RD90,45.623,6.772,Nuit sans éclairage public,En agglomération,Hors intersection,Normale,Deux véhicules - frontale,,,,,,,,,,,3,2,1,1.0,1.0
201000008285,0010-06-11 17:00:00,10,6,11,17,0,730,232,La Raie,,,Plein jour,En agglomération,Hors intersection,Normale,Deux véhicules - côté,,,,,,,,,,,1,2,1,1.0,3.0
201000008286,0010-07-03 18:30:00,10,7,3,18,30,730,176,,45.626,6.848,Plein jour,Hors agglomération,Intersection en Y,Normale,Deux véhicules - frontale,,,,,,,,,,,1,1,4,1.0,1.0
201000008287,0010-07-09 17:30:00,10,7,9,17,30,730,54,,45.625,6.807,Plein jour,Hors agglomération,Hors intersection,Normale,Deux véhicules - frontale,,,,,,,,,,,1,1,1,1.0,1.0
201000008288,0010-07-15 10:15:00,10,7,15,10,15,730,54,,45.681,6.804,Plein jour,Hors agglomération,Hors intersection,Normale,Sans collision,,,,,,,,,,,1,1,1,1.0,7.0
201000008289,0010-07-25 11:45:00,10,7,25,11,45,730,285,,45.633,6.824,Plein jour,Hors agglomération,Hors intersection,Normale,Deux véhicules - côté,,,,,,,,,,,1,1,1,1.0,3.0
201000008290,0010-07-27 18:05:00,10,7,27,18,5,730,232,La Thuile,,,Plein jour,En agglomération,Intersection en Y,Normale,Deux véhicules - côté,,,,,,,,,,,1,2,4,1.0,3.0
201000008291,0010-08-21 18:30:00,10,8,21,18,30,730,54,,45.582,6.781,Plein jour,Hors agglomération,Hors intersection,Normale,Deux véhicules - arrière,,,,,,,,,,,1,1,1,1.0,2.0
201000008292,0010-09-05 12:40:00,10,9,5,12,40,730,176,,,,Plein jour,En agglomération,Hors intersection,Normale,Deux véhicules - côté,,,,,,,,,,,1,2,1,1.0,3.0
201000008293,0010-12-06 14:45:00,10,12,6,14,45,730,176,,45.629,6.837,Plein jour,Hors agglomération,Hors intersection,Temps couvert,Autre collision,,,,,,,,,,,1,1,1,8.0,6.0
201000008294,0010-12-29 18:30:00,10,12,29,18,30,730,176,centre station de ski,45.63,6.855,Nuit avec éclairage allumé,En agglomération,Hors intersection,Neige / grêle,Autre collision,,,,,,,,,,,5,2,1,4.0,6.0
201000008295,0010-02-04 21:00:00,10,2,4,21,0,730,57,,,,Nuit sans éclairage public,Hors agglomération,Hors intersection,Normale,Trois véhicules et plus - collisions multiples,,,,,,,,,,,3,1,1,1.0,5.0
201000008296,0010-05-15 17:45:00,10,5,15,17,45,730,227,,45.721,6.019,Plein jour,Hors agglomération,Hors intersection,Pluie légère,Autre collision,,,,,,,,,,,1,1,1,2.0,6.0
201000008297,0010-08-26 00:15:00,10,8,26,0,15,730,71,,45.466,6.742,Nuit sans éclairage public,Hors agglomération,Hors intersection,Normale,Deux véhicules - frontale,,,,,,,,,,,3,1,1,1.0,1.0
201000008298,0010-08-26 11:00:00,10,8,26,11,0,730,227,,45.414,6.663,Plein jour,Hors agglomération,Hors intersection,Normale,Sans collision,,,,,,,,,,,1,1,1,1.0,7.0
201000008299,0010-10-02 20:30:00,10,10,2,20,30,730,227,,45.447,6.623,Nuit sans éclairage public,Hors agglomération,Hors intersection,Pluie légère,Deux véhicules - côté,,,,,,,,,,,3,1,1,2.0,3.0
201000008300,0010-10-11 10:10:00,10,10,11,10,10,730,201,,,,Plein jour,Hors agglomération,Hors intersection,Normale,Autre collision,,,,,,,,,,,1,1,1,1.0,6.0
201000008301,0010-12-13 18:00:00,10,12,13,18,0,730,201,,,,Nuit sans éclairage public,Hors agglomération,Hors intersection,Normale,Deux véhicules - arrière,,,,,,,,,,,3,1,1,1.0,2.0
201000008302,0010-01-17 08:15:00,10,1,17,8,15,730,227,Chemin de la Jairraz,,,Plein jour,En agglomération,Hors intersection,Normale,Sans collision,,,,,,,,,,,1,2,1,1.0,7.0
201000008303,0010-02-27 09:30:00,10,2,27,9,30,730,227,rue de la croisette,,,Plein jour,En agglomération,Hors intersection,Normale,Autre collision,,,,,,,,,,,1,2,1,1.0,6.0
201000008304,0010-03-14 07:00:00,10,3,14,7,0,730,227,,45.68,6.076,Plein jour,Hors agglomération,Hors intersection,Normale,Deux véhicules - frontale,,,,,,,,,,,1,1,1,1.0,1.0
201000008305,0010-03-26 08:15:00,10,3,26,8,15,730,227,,45.68,6.077,Plein jour,Hors agglomération,Hors intersection,Normale,Deux véhicules - frontale,,,,,,,,,,,1,1,1,1.0,1.0
201000008306,0010-03-31 01:00:00,10,3,31,1,0,730,227,,45.406,6.639,Nuit sans éclairage public,Hors agglomération,Hors intersection,Temps couvert,Sans collision,,,,,,,,,,,3,1,1,8.0,7.0
201000008307,0010-09-10 16:30:00,10,9,10,16,30,730,284,CD 915,45.474,6.524,Plein jour,En agglomération,Hors intersection,Normale,Deux véhicules - frontale,,,,,,,,,,,1,2,1,1.0,1.0
201000008308,0010-09-19 22:30:00,10,9,19,22,30,730,187,,45.886,6.815,Nuit sans éclairage public,Hors agglomération,Hors intersection,Normale,Sans collision,,,,,,,,,,,3,1,1,1.0,7.0
201000008309,0010-10-31 17:45:00,10,10,31,17,45,730,112,,,,Crépuscule ou aube,Hors agglomération,Hors intersection,Pluie légère,Autre collision,,,,,,,,,,,2,1,1,2.0,6.0
201000008310,0010-11-07 20:20:00,10,11,7,20,20,730,187,,,,Plein jour,Hors agglomération,Hors intersection,Temps couvert,Trois véhicules et plus - collisions multiples,,,,,,,,,,,1,1,1,8.0,5.0
201000008311,0010-12-28 15:15:00,10,12,28,15,15,730,181,rue Basse de la gare,45.47,6.523,Plein jour,En agglomération,Place,Normale,Autre collision,,,,,,,,,,,1,2,7,1.0,6.0
201000008312,0010-03-06 11:30:00,10,3,6,11,30,730,248,monument aux morts,45.282,6.347,Plein jour,En agglomération,Giratoire,Normale,Autre collision,,,,,,,,,,,1,2,6,1.0,6.0
201000008313,0010-03-25 05:45:00,10,3,25,5,45,730,194,,45.214,6.516,Crépuscule ou aube,Hors agglomération,Hors intersection,Normale,Deux véhicules - frontale,,,,,,,,,,,2,1,1,1.0,1.0
201000008314,0010-04-28 17:30:00,10,4,28,17,30,730,248,,45.288,6.35,Plein jour,Hors agglomération,Hors intersection,Normale,Deux véhicules - côté,,,,,,,,,,,1,1,1,1.0,3.0
201000008315,0010-08-14 13:45:00,10,8,14,13,45,730,80,,45.325,6.349,Plein jour,Hors agglomération,Hors intersection,Pluie légère,Deux véhicules - frontale,,,,,,,,,,,1,1,1,2.0,1.0
201000008316,0010-09-12 08:30:00,10,9,12,8,30,730,177,,,,Plein jour,Hors agglomération,Intersection en X,Normale,Deux véhicules - frontale,,,,,,,,,,,1,1,2,1.0,1.0
201000008317,0010-10-01 16:00:00,10,10,1,16,0,730,248,,45.267,6.374,Plein jour,Hors agglomération,Intersection en Y,Normale,Trois véhicules et plus - en chaîne,,,,,,,,,,,1,1,4,1.0,4.0
201000008318,0010-10-30 14:00:00,10,10,30,14,0,730,248,,45.274,6.363,Plein jour,En agglomération,Hors intersection,Normale,Autre collision,,,,,,,,,,,1,2,1,1.0,6.0
201000008319,0010-10-28 16:00:00,10,10,28,16,0,730,248,Quai de l'Arvan,,,Plein jour,En agglomération,Hors intersection,Normale,Autre collision,,,,,,,,,,,1,2,1,1.0,6.0
201000008320,0010-12-26 13:15:00,10,12,26,13,15,730,261,rue du temple rd1006,45.226,6.457,Plein jour,En agglomération,Giratoire,Pluie légère,Deux véhicules - arrière,,,,,,,,,,,1,2,6,2.0,2.0
201000008321,0010-03-01 10:15:00,10,3,1,10,15,730,74,,45.437,6.282,Plein jour,Hors agglomération,Hors intersection,Normale,Deux véhicules - côté,,,,,,,,,,,1,1,1,1.0,3.0
201000008322,0010-06-07 07:15:00,10,6,7,7,15,730,2,RD 1006,,,Plein jour,En agglomération,Hors intersection,Normale,Sans collision,,,,,,,,,,,1,2,1,1.0,7.0
201000008323,0010-08-07 06:45:00,10,8,7,6,45,730,2,,,,Plein jour,Hors agglomération,Hors intersection,Normale,Autre collision,,,,,,,,,,,1,1,1,1.0,6.0
201000008324,0010-09-12 04:00:00,10,9,12,4,0,730,2,,45.541,6.309,Nuit sans éclairage public,Hors agglomération,Hors intersection,Normale,Sans collision,,,,,,,,,,,3,1,1,1.0,7.0
201000008325,0010-12-23 17:45:00,10,12,23,17,45,730,109,,45.45,6.29,Nuit avec éclairage allumé,En agglomération,Hors intersection,Autre,Autre collision,,,,,,,,,,,5,2,1,9.0,6.0
201000008326,0010-06-02 10:15:00,10,6,2,10,15,730,56,rue de la diligence,45.226,6.773,Plein jour,En agglomération,Hors intersection,Normale,Deux véhicules - frontale,,,,,,,,,,,1,2,1,1.0,1.0
201000008327,0010-06-02 15:30:00,10,6,2,15,30,730,144,,,,Plein jour,En agglomération,Hors intersection,Normale,Deux véhicules - frontale,,,,,,,,,,,1,2,1,1.0,1.0
201000008328,0010-06-28 14:30:00,10,6,28,14,30,730,40,,,,Plein jour,Hors agglomération,Hors intersection,Normale,Autre collision,,,,,,,,,,,1,1,1,1.0,6.0
201000008329,0010-06-28 16:00:00,10,6,28,16,0,730,290,,,,Plein jour,Hors agglomération,Intersection en T,Normale,Deux véhicules - côté,,,,,,,,,,,1,1,3,1.0,3.0
201000008330,0010-07-10 11:30:00,10,7,10,11,30,730,290,,45.281,6.815,Plein jour,En agglomération,Hors intersection,Normale,Deux véhicules - arrière,,,,,,,,,,,1,2,1,1.0,2.0
201000008331,0010-08-21 16:00:00,10,8,21,16,0,730,143,,45.222,6.956,Plein jour,Hors agglomération,Hors intersection,Normale,Deux véhicules - frontale,,,,,,,,,,,1,1,1,1.0,1.0
201000008332,0010-07-14 15:15:00,10,7,14,15,15,730,26,,45.216,6.747,Plein jour,Hors agglomération,Hors intersection,Normale,Sans collision,,,,,,,,,,,1,1,1,1.0,7.0
201000008333,0010-07-27 17:30:00,10,7,27,17,30,730,290,,,,Plein jour,Hors agglomération,Hors intersection,Temps éblouissant,Deux véhicules - côté,,,,,,,,,,,1,1,1,7.0,3.0
201000008334,0010-01-14 07:45:00,10,1,14,7,45,740,242,route d'Alberville,,,Crépuscule ou aube,En agglomération,Hors intersection,Normale,Autre collision,,,,,,,,,,,2,2,1,1.0,6.0
201000008335,0010-01-07 09:30:00,10,1,7,9,30,740,80,route de Montmin,,,Plein jour,Hors agglomération,Hors intersection,Temps couvert,Deux véhicules - frontale,,,,,,,,,,,1,1,1,8.0,1.0
201000008336,0010-03-04 14:00:00,10,3,4,14,0,740,267,route d'Albertville,,,Plein jour,En agglomération,Hors intersection,Normale,Deux véhicules - arrière,,,,,,,,,,,1,2,1,1.0,2.0
201000008337,0010-03-19 09:45:00,10,3,19,9,45,740,123,rue Carnot/Gambetta,,,Plein jour,En agglomération,Hors intersection,Normale,Deux véhicules - côté,,,,,,,,,,,1,2,1,1.0,3.0
201000008338,0010-04-23 20:15:00,10,4,23,20,15,740,123,Route d'Albertville,,,Crépuscule ou aube,En agglomération,Hors intersection,Normale,Deux véhicules - côté,,,,,,,,,,,2,2,1,1.0,3.0
201000008339,0010-04-24 19:00:00,10,4,24,19,0,740,234,,,,Plein jour,Hors agglomération,Hors intersection,Normale,Deux véhicules - frontale,,,,,,,,,,,1,1,1,1.0,1.0
201000008340,0010-05-20 14:00:00,10,5,20,14,0,740,267,,,,Plein jour,Hors agglomération,Hors intersection,Normale,Deux véhicules - frontale,,,,,,,,,,,1,1,1,1.0,1.0
201000008341,0010-05-29 20:15:00,10,5,29,20,15,740,234,route du champ canon,,,Crépuscule ou aube,En agglomération,Giratoire,Normale,Autre collision,,,,,,,,,,,2,2,6,1.0,6.0
201000008342,0010-06-13 16:30:00,10,6,13,16,30,740,275,lieu dit Perroix,,,Plein jour,Hors agglomération,Hors intersection,Normale,Deux véhicules - frontale,,,,,,,,,,,1,1,1,1.0,1.0
201000008343,0010-06-27 17:45:00,10,6,27,17,45,740,108,590 route d'annecy,,,Plein jour,En agglomération,Hors intersection,Normale,Deux véhicules - arrière,,,,,,,,,,,1,2,1,1.0,2.0
201000008344,0010-06-29 13:45:00,10,6,29,13,45,740,167,,,,Plein jour,Hors agglomération,Autre intersection,Normale,Deux véhicules - côté,,,,,,,,,,,1,1,9,1.0,3.0
201000008345,0010-07-08 09:00:00,10,7,8,9,0,740,242,,,,Plein jour,Hors agglomération,Intersection en X,Normale,Deux véhicules - côté,,,,,,,,,,,1,1,2,1.0,3.0
201000008346,0010-07-11 17:00:00,10,7,11,17,0,740,275,,,,Plein jour,Hors agglomération,Hors intersection,Normale,Trois véhicules et plus - en chaîne,,,,,,,,,,,1,1,1,1.0,4.0
201000008347,0010-07-24 11:15:00,10,7,24,11,15,740,242,,,,Plein jour,Hors agglomération,Hors intersection,Normale,Deux véhicules - côté,,,,,,,,,,,1,1,1,1.0,3.0
201000008348,0010-08-01 02:45:00,10,8,1,2,45,740,104,,,,Nuit sans éclairage public,Hors agglomération,Hors intersection,Normale,Deux véhicules - arrière,,,,,,,,,,,3,1,1,1.0,2.0
201000008349,0010-08-02 21:30:00,10,8,2,21,30,740,104,,,,Nuit avec éclairage allumé,Hors agglomération,Intersection en T,Normale,Deux véhicules - frontale,,,,,,,,,,,5,1,3,1.0,1.0
201000008350,0010-08-04 16:45:00,10,8,4,16,45,740,275,,,,Plein jour,Hors agglomération,Hors intersection,Normale,Autre collision,,,,,,,,,,,1,1,1,1.0,6.0
201000008351,0010-08-25 11:15:00,10,8,25,11,15,740,123,rue des écoles,,,Plein jour,En agglomération,Hors intersection,Normale,Autre collision,,,,,,,,,,,1,2,1,1.0,6.0
201000008352,0010-08-31 15:45:00,10,8,31,15,45,740,167,,,,Plein jour,Hors agglomération,Hors intersection,Normale,Deux véhicules - côté,,,,,,,,,,,1,1,1,1.0,3.0
201000008353,0010-09-20 16:15:00,10,9,20,16,15,740,234,,,,Plein jour,Hors agglomération,Hors intersection,Normale,Deux véhicules - côté,,,,,,,,,,,1,1,1,1.0,3.0
201000008354,0010-11-13 14:00:00,10,11,13,14,0,740,108,,,,Plein jour,Hors agglomération,Hors intersection,Normale,Sans collision,,,,,,,,,,,1,1,1,1.0,7.0
201000008355,0010-11-13 08:30:00,10,11,13,8,30,740,108,,,,Plein jour,Hors agglomération,Hors intersection,Normale,Deux véhicules - frontale,,,,,,,,,,,1,1,1,1.0,1.0
201000008356,0010-12-10 14:45:00,10,12,10,14,45,740,108,,,,Plein jour,Hors agglomération,Hors intersection,Normale,Deux véhicules - frontale,,,,,,,,,,,1,1,1,1.0,1.0
201000008357,0010-01-28 08:15:00,10,1,28,8,15,740,225,VC HAUTE VILLE/EGLISE,,,Crépuscule ou aube,En agglomération,Hors intersection,Autre,Autre collision,,,,,,,,,,,2,2,1,9.0,6.0
201000008358,0010-01-28 08:45:00,10,1,28,8,45,740,35,ROUTE D'AIX,,,Plein jour,Hors agglomération,Hors intersection,Autre,Trois véhicules et plus - en chaîne,,,,,,,,,,,1,1,1,9.0,4.0
201000008359,0010-01-28 13:15:00,10,1,28,13,15,740,225,11 route de bessine,,,Plein jour,En agglomération,Hors intersection,Neige / grêle,Deux véhicules - frontale,,,,,,,,,,,1,2,1,4.0,1.0
201000008360,0010-01-28 07:00:00,10,1,28,7,0,740,35,,,,Crépuscule ou aube,Hors agglomération,Hors intersection,Neige / grêle,Deux véhicules - frontale,,,,,,,,,,,2,1,1,4.0,1.0
201000008361,0010-02-08 22:15:00,10,2,8,22,15,740,161,,,,Nuit sans éclairage public,Hors agglomération,Hors intersection,Pluie légère,Deux véhicules - frontale,,,,,,,,,,,3,1,1,2.0,1.0
201000008362,0010-02-16 18:45:00,10,2,16,18,45,740,233,,,,Plein jour,Hors agglomération,Hors intersection,Normale,Trois véhicules et plus - collisions multiples,,,,,,,,,,,1,1,1,1.0,5.0
201000008363,0010-03-13 16:15:00,10,3,13,16,15,740,61,,,,Plein jour,Hors agglomération,Hors intersection,Normale,Autre collision,,,,,,,,,,,1,1,1,1.0,6.0
201000008364,0010-03-16 12:30:00,10,3,16,12,30,740,225,rue de verdun,,,Plein jour,En agglomération,Hors intersection,Normale,Autre collision,,,,,,,,,,,1,2,1,1.0,6.0
201000008365,0010-03-27 09:45:00,10,3,27,9,45,740,225,boulevard Louis Dagand,,,Plein jour,En agglomération,Hors intersection,Pluie légère,Autre collision,,,,,,,,,,,1,2,1,2.0,6.0
201000008366,0010-04-30 15:15:00,10,4,30,15,15,740,161,,,,Plein jour,Hors agglomération,Hors intersection,Autre,Sans collision,,,,,,,,,,,1,1,1,9.0,7.0
201000008367,0010-06-04 16:15:00,10,6,4,16,15,740,2,RUE DES ASNIERES,,,Plein jour,Hors agglomération,Hors intersection,Normale,Deux véhicules - frontale,,,,,,,,,,,1,1,1,1.0,1.0
201000008368,0010-06-08 19:45:00,10,6,8,19,45,740,289,,,,Plein jour,Hors agglomération,Hors intersection,Normale,Autre collision,,,,,,,,,,,1,1,1,1.0,6.0
201000008369,0010-08-16 12:00:00,10,8,16,12,0,740,289,,,,Plein jour,Hors agglomération,Hors intersection,Pluie forte,Deux véhicules - frontale,,,,,,,,,,,1,1,1,3.0,1.0
201000008370,0010-09-13 10:15:00,10,9,13,10,15,740,225,,,,Plein jour,Hors agglomération,Intersection en T,Normale,Deux véhicules - arrière,,,,,,,,,,,1,1,3,1.0,2.0
201000008371,0010-09-21 11:45:00,10,9,21,11,45,740,225,Boulevard de l'Europe,,,Plein jour,En agglomération,Hors intersection,Normale,Deux véhicules - arrière,,,,,,,,,,,1,2,1,1.0,2.0
201000008372,0010-11-06 15:30:00,10,11,6,15,30,740,225,,,,Plein jour,Hors agglomération,Hors intersection,Normale,Deux véhicules - frontale,,,,,,,,,,,1,1,1,1.0,1.0
201000008373,0010-01-01 18:10:00,10,1,1,18,10,740,80,,,,Nuit sans éclairage public,En agglomération,Hors intersection,Neige / grêle,Autre collision,,,,,,,,,,,3,2,1,4.0,6.0
201000008374,0010-01-11 18:00:00,10,1,11,18,0,740,80,760routes des Gdes ALPES,,,Nuit avec éclairage allumé,En agglomération,Hors intersection,Normale,Deux véhicules - arrière,,,,,,,,,,,5,2,1,1.0,2.0
201000008375,0010-01-11 18:30:00,10,1,11,18,30,740,80,,,,Nuit avec éclairage allumé,En agglomération,Hors intersection,Autre,Autre collision,,,,,,,,,,,5,2,1,9.0,6.0
201000008376,0010-01-17 09:15:00,10,1,17,9,15,740,136,Le Chinaillon - La Place,,,Plein jour,En agglomération,Hors intersection,Neige / grêle,Autre collision,,,,,,,,,,,1,2,1,4.0,6.0
201000008377,0010-01-21 11:30:00,10,1,21,11,30,740,280,,,,Plein jour,Hors agglomération,Hors intersection,Neige / grêle,Trois véhicules et plus - en chaîne,,,,,,,,,,,1,1,1,4.0,4.0
201000008378,0010-02-02 18:30:00,10,2,2,18,30,740,136,LA LOY VALLEE DU BOUCHET,,,Plein jour,Hors agglomération,Hors intersection,Normale,Autre collision,,,,,,,,,,,1,1,1,1.0,6.0
201000008379,0010-02-08 22:15:00,10,2,8,22,15,740,302,,,,Nuit avec éclairage allumé,En agglomération,Hors intersection,Autre,Autre collision,,,,,,,,,,,5,2,1,9.0,6.0
201000008380,0010-02-13 19:00:00,10,2,13,19,0,740,280,Rue de la Saulne,,,Nuit avec éclairage allumé,En agglomération,Hors intersection,Normale,Autre collision,,,,,,,,,,,5,2,1,1.0,6.0
201000008381,0010-02-24 08:30:00,10,2,24,8,30,740,302,,,,Plein jour,Hors agglomération,Hors intersection,Pluie légère,Deux véhicules - côté,,,,,,,,,,,1,1,1,2.0,3.0
201000008382,0010-03-15 10:15:00,10,3,15,10,15,740,280,lieu dit THUY,,,Plein jour,Hors agglomération,Hors intersection,Normale,Trois véhicules et plus - en chaîne,,,,,,,,,,,1,1,1,1.0,4.0
201000008383,0010-03-28 05:00:00,10,3,28,5,0,740,302,RD909/VC1,,,Nuit sans éclairage public,Hors agglomération,Hors intersection,Pluie légère,Sans collision,,,,,,,,,,,3,1,1,2.0,7.0
201000008384,0010-04-10 18:15:00,10,4,10,18,15,740,136,lieu dit chinaillon,,,Plein jour,En agglomération,Hors intersection,Normale,Deux véhicules - côté,,,,,,,,,,,1,2,1,1.0,3.0
201000008385,0010-04-25 14:15:00,10,4,25,14,15,740,45,,,,Plein jour,Hors agglomération,Hors intersection,Normale,Sans collision,,,,,,,,,,,1,1,1,1.0,7.0
201000008386,0010-04-30 19:00:00,10,4,30,19,0,740,280,"8,rue HAASE",,,Plein jour,En agglomération,Hors intersection,Normale,Deux véhicules - côté,,,,,,,,,,,1,2,1,1.0,3.0
201000008387,0010-05-22 20:15:00,10,5,22,20,15,740,79,,,,Plein jour,Hors agglomération,Hors intersection,Normale,Deux véhicules - côté,,,,,,,,,,,1,1,1,1.0,3.0
201000008388,0010-06-13 14:00:00,10,6,13,14,0,740,102,2308 route du Chef Lieu,,,Plein jour,En agglomération,Hors intersection,Normale,Deux véhicules - frontale,,,,,,,,,,,1,2,1,1.0,1.0
201000008389,0010-07-14 16:45:00,10,7,14,16,45,740,239,Lieu dit Les Mesers,,,Plein jour,Hors agglomération,Hors intersection,Normale,Sans collision,,,,,,,,,,,1,1,1,1.0,7.0
201000008390,0010-07-16 20:45:00,10,7,16,20,45,740,265,,,,Plein jour,Hors agglomération,Hors intersection,Normale,Sans collision,,,,,,,,,,,1,1,1,1.0,7.0
201000008391,0010-07-27 15:30:00,10,7,27,15,30,740,3,,,,Plein jour,Hors agglomération,Giratoire,Normale,Deux véhicules - côté,,,,,,,,,,,1,1,6,1.0,3.0