accident_id,datetime,annee,mois,jour,heure,minute,departement,commune_insee,adresse,latitude,longitude,luminosite,agglomeration,intersection,meteo,collision,nb_vehicules,nb_usagers,nb_indemnes,nb_tues,nb_blesses_hosp,nb_blesses_legers,age_cond_1,age_cond_2,veh_type_cond_1,veh_type_cond_2,lum_code,agg_code,int_code,atm_code,col_code
201000008392,0010-07-31 21:00:00,10,7,31,21,0,740,265,LIEU DIT LE LAVOIR,,,Plein jour,Hors agglomération,Hors intersection,Normale,Deux véhicules - frontale,,,,,,,,,,,1,1,1,1.0,1.0
201000008393,0010-08-15 09:45:00,10,8,15,9,45,740,239,,,,Plein jour,Hors agglomération,Hors intersection,Temps couvert,Deux véhicules - frontale,,,,,,,,,,,1,1,1,8.0,1.0
201000008394,0010-09-05 07:15:00,10,9,5,7,15,740,280,,,,Plein jour,Hors agglomération,Hors intersection,Normale,Autre collision,,,,,,,,,,,1,1,1,1.0,6.0
201000008395,0010-10-18 19:45:00,10,10,18,19,45,740,80,,,,Nuit sans éclairage public,Hors agglomération,Hors intersection,Normale,Deux véhicules - frontale,,,,,,,,,,,3,1,1,1.0,1.0
201000008396,0010-10-31 03:45:00,10,10,31,3,45,740,239,le chef lieu,,,Nuit avec éclairage allumé,En agglomération,Giratoire,Normale,Autre collision,,,,,,,,,,,5,2,6,1.0,6.0
201000008397,0010-01-29 13:30:00,10,1,29,13,30,740,42,456 avenue des Glières,46.077,6.396,Plein jour,En agglomération,Hors intersection,Normale,Deux véhicules - côté,,,,,,,,,,,1,2,1,1.0,3.0
201000008398,0010-03-14 05:15:00,10,3,14,5,15,740,212,,46.015,6.396,Nuit sans éclairage public,Hors agglomération,Hors intersection,Normale,Autre collision,,,,,,,,,,,3,1,1,1.0,6.0
201000008399,0010-03-19 10:15:00,10,3,19,10,15,740,24,RD 19(PN12),46.083,6.421,Plein jour,En agglomération,Passage à niveau,Normale,Deux véhicules - côté,,,,,,,,,,,1,2,8,1.0,3.0
201000008400,0010-03-30 13:00:00,10,3,30,13,0,740,42,av.de Geneve/rue iles,46.085,6.405,Plein jour,En agglomération,Hors intersection,Pluie légère,Deux véhicules - arrière,,,,,,,,,,,1,2,1,2.0,2.0
201000008401,0010-04-24 20:00:00,10,4,24,20,0,740,42,"263, avenue de la Gare",,,Plein jour,En agglomération,Hors intersection,Normale,Deux véhicules - frontale,,,,,,,,,,,1,2,1,1.0,1.0
201000008402,0010-04-29 09:30:00,10,4,29,9,30,740,42,255 avenue de Genève,46.085,6.405,Plein jour,En agglomération,Hors intersection,Normale,Autre collision,,,,,,,,,,,1,2,1,1.0,6.0
201000008403,0010-06-10 03:30:00,10,6,10,3,30,740,87,1400 route de Bonneville,,,Nuit avec éclairage allumé,En agglomération,Hors intersection,Normale,Autre collision,,,,,,,,,,,5,2,1,1.0,6.0
201000008404,0010-07-10 02:15:00,10,7,10,2,15,740,24,"615, ROUTE DE MARIGNIER",,,Nuit avec éclairage allumé,Hors agglomération,Hors intersection,Normale,Autre collision,,,,,,,,,,,5,1,1,1.0,6.0
201000008405,0010-08-18 18:00:00,10,8,18,18,0,740,42,,46.072,6.442,Plein jour,Hors agglomération,Intersection en T,Temps éblouissant,Deux véhicules - côté,,,,,,,,,,,1,1,3,7.0,3.0
201000008406,0010-09-04 11:30:00,10,9,4,11,30,740,42,,,,Plein jour,Hors agglomération,Intersection en T,Normale,Autre collision,,,,,,,,,,,1,1,3,1.0,6.0
201000008407,0010-09-24 19:15:00,10,9,24,19,15,740,42,,46.074,6.43,Plein jour,Hors agglomération,Intersection en X,Temps couvert,Deux véhicules - côté,,,,,,,,,,,1,1,2,8.0,3.0
201000008408,0010-11-09 09:30:00,10,11,9,9,30,740,42,avenue des glières,46.083,6.409,Plein jour,En agglomération,Hors intersection,Normale,Deux véhicules - frontale,,,,,,,,,,,1,2,1,1.0,1.0
201000008409,0010-12-08 07:00:00,10,12,8,7,0,740,42,Avenue des Glières,46.077,6.393,Crépuscule ou aube,En agglomération,Hors intersection,Autre,Autre collision,,,,,,,,,,,2,2,1,9.0,6.0
201000008410,0010-06-01 22:15:00,10,6,1,22,15,740,290,,46.037,6.932,Nuit sans éclairage public,Hors agglomération,Hors intersection,Normale,Sans collision,,,,,,,,,,,3,1,1,1.0,7.0
201000008411,0010-07-10 11:15:00,10,7,10,11,15,740,56,,,,Plein jour,Hors agglomération,Hors intersection,Normale,Autre collision,,,,,,,,,,,1,1,1,1.0,6.0
201000008412,0010-08-10 18:15:00,10,8,10,18,15,740,56,ROUTE DU BOUCHET,,,Plein jour,Hors agglomération,Intersection en T,Normale,Deux véhicules - côté,,,,,,,,,,,1,1,3,1.0,3.0
201000008413,0010-11-20 01:45:00,10,11,20,1,45,740,56,Promenade Marie Paradis,45.922,6.862,Nuit avec éclairage allumé,En agglomération,Hors intersection,Normale,Deux véhicules - frontale,,,,,,,,,,,5,2,1,1.0,1.0
201000008414,0010-12-03 08:15:00,10,12,3,8,15,740,56,,,,Plein jour,Hors agglomération,Hors intersection,Normale,Deux véhicules - côté,,,,,,,,,,,1,1,1,1.0,3.0
201000008415,0010-01-04 17:30:00,10,1,4,17,30,740,159,RN 1205,,,Nuit sans éclairage public,Hors agglomération,Hors intersection,Temps couvert,Autre collision,,,,,,,,,,,3,1,1,8.0,6.0
201000008416,0010-01-19 19:45:00,10,1,19,19,45,740,264,,,,Nuit sans éclairage public,Hors agglomération,Hors intersection,Normale,Autre collision,,,,,,,,,,,3,1,1,1.0,6.0
201000008417,0010-01-21 15:30:00,10,1,21,15,30,740,81,3 avenue trappier,,,Plein jour,En agglomération,Hors intersection,Normale,Autre collision,,,,,,,,,,,1,2,1,1.0,6.0
201000008418,0010-01-25 12:30:00,10,1,25,12,30,740,196,,,,Plein jour,Hors agglomération,Hors intersection,Brouillard / fumée,Deux véhicules - frontale,,,,,,,,,,,1,1,1,5.0,1.0
201000008419,0010-03-10 08:00:00,10,3,10,8,0,740,81,"6,avenue du Mont Blanc",,,Plein jour,En agglomération,Hors intersection,Normale,Deux véhicules - frontale,,,,,,,,,,,1,2,1,1.0,1.0
201000008420,0010-03-26 11:15:00,10,3,26,11,15,740,81,Rue Pierre TRAPPIER,,,Plein jour,En agglomération,Intersection en X,Pluie légère,Deux véhicules - frontale,,,,,,,,,,,1,2,2,2.0,1.0
201000008421,0010-04-02 03:45:00,10,4,2,3,45,740,169,,,,Nuit avec éclairage allumé,Hors agglomération,Hors intersection,Normale,Autre collision,,,,,,,,,,,5,1,1,1.0,6.0
201000008422,0010-04-11 04:00:00,10,4,11,4,0,740,14,,,,Nuit sans éclairage public,Hors agglomération,Hors intersection,Normale,Autre collision,,,,,,,,,,,3,1,1,1.0,6.0
201000008423,0010-04-11 11:30:00,10,4,11,11,30,740,169,,,,Plein jour,Hors agglomération,Hors intersection,Normale,Autre collision,,,,,,,,,,,1,1,1,1.0,6.0
201000008424,0010-04-19 15:45:00,10,4,19,15,45,740,264,,,,Plein jour,Hors agglomération,Giratoire,Normale,Autre collision,,,,,,,,,,,1,1,6,1.0,6.0
201000008425,0010-04-20 11:00:00,10,4,20,11,0,740,81,avSardagne/vcduMarcelly,,,Plein jour,En agglomération,Giratoire,Normale,Autre collision,,,,,,,,,,,1,2,6,1.0,6.0
201000008426,0010-04-28 13:30:00,10,4,28,13,30,740,81,"2,grande rue",46.063,6.583,Plein jour,En agglomération,Hors intersection,Temps éblouissant,Autre collision,,,,,,,,,,,1,2,1,7.0,6.0
201000008427,0010-05-06 20:15:00,10,5,6,20,15,740,196,,46.056,6.573,Plein jour,Hors agglomération,Hors intersection,Normale,Sans collision,,,,,,,,,,,1,1,1,1.0,7.0
201000008428,0010-05-11 07:45:00,10,5,11,7,45,740,159,,45.992,6.633,Plein jour,Hors agglomération,Intersection en T,Normale,Deux véhicules - côté,,,,,,,,,,,1,1,3,1.0,3.0
201000008429,0010-06-12 06:00:00,10,6,12,6,0,740,264,Ave Lac/ave Stade,,,Crépuscule ou aube,En agglomération,Giratoire,Normale,Autre collision,,,,,,,,,,,2,2,6,1.0,6.0
201000008430,0010-08-07 16:30:00,10,8,7,16,30,740,14,,,,Plein jour,Hors agglomération,Hors intersection,Normale,Deux véhicules - frontale,,,,,,,,,,,1,1,1,1.0,1.0
201000008431,0010-08-21 19:30:00,10,8,21,19,30,740,169,"305, Rue du Battoir",,,Plein jour,En agglomération,Hors intersection,Normale,Autre collision,,,,,,,,,,,1,2,1,1.0,6.0
201000008432,0010-08-23 20:15:00,10,8,23,20,15,740,81,rue émile favre,,,Plein jour,En agglomération,Hors intersection,Normale,Deux véhicules - frontale,,,,,,,,,,,1,2,1,1.0,1.0
201000008433,0010-08-24 23:00:00,10,8,24,23,0,740,81,3 rue Pierre Trappier,,,Nuit avec éclairage allumé,En agglomération,Hors intersection,Normale,Autre collision,,,,,,,,,,,5,2,1,1.0,6.0
201000008434,0010-09-09 02:45:00,10,9,9,2,45,740,159,,,,Nuit sans éclairage public,Hors agglomération,Hors intersection,Normale,Autre collision,,,,,,,,,,,3,1,1,1.0,6.0
201000008435,0010-09-10 20:30:00,10,9,10,20,30,740,64,route de Taninges,,,Nuit avec éclairage allumé,Hors agglomération,Intersection en X,Normale,Deux véhicules - côté,,,,,,,,,,,5,1,2,1.0,3.0
201000008436,0010-10-03 10:30:00,10,10,3,10,30,740,81,RUE DU PONT,,,Plein jour,En agglomération,Hors intersection,Normale,Autre collision,,,,,,,,,,,1,2,1,1.0,6.0
201000008437,0010-10-31 18:15:00,10,10,31,18,15,740,64,,,,Crépuscule ou aube,Hors agglomération,Autre intersection,Normale,Trois véhicules et plus - collisions multiples,,,,,,,,,,,2,1,9,1.0,5.0
201000008438,0010-02-05 13:15:00,10,2,5,13,15,740,99,,,,Plein jour,Hors agglomération,Hors intersection,Neige / grêle,Deux véhicules - frontale,,,,,,,,,,,1,1,1,4.0,1.0
201000008439,0010-02-10 16:00:00,10,2,10,16,0,740,83,,,,Plein jour,Hors agglomération,Hors intersection,Neige / grêle,Trois véhicules et plus - collisions multiples,,,,,,,,,,,1,1,1,4.0,5.0
201000008440,0010-03-17 04:00:00,10,3,17,4,0,740,173,route Mt ARBOIS,,,Plein jour,Hors agglomération,Hors intersection,Normale,Autre collision,,,,,,,,,,,1,1,1,1.0,6.0
201000008441,0010-04-23 13:45:00,10,4,23,13,45,740,236,rond point du fayet,,,Plein jour,En agglomération,Giratoire,Normale,Deux véhicules - arrière,,,,,,,,,,,1,2,6,1.0,2.0
201000008442,0010-04-30 15:15:00,10,4,30,15,15,740,83,,,,Plein jour,Hors agglomération,Hors intersection,Normale,Trois véhicules et plus - collisions multiples,,,,,,,,,,,1,1,1,1.0,5.0
201000008443,0010-05-20 14:45:00,10,5,20,14,45,740,236,,45.896,6.689,Plein jour,Hors agglomération,Hors intersection,Normale,Deux véhicules - frontale,,,,,,,,,,,1,1,1,1.0,1.0
201000008444,0010-06-02 13:15:00,10,6,2,13,15,740,173,,45.854,6.598,Plein jour,Hors agglomération,Hors intersection,Normale,Trois véhicules et plus - collisions multiples,,,,,,,,,,,1,1,1,1.0,5.0
201000008445,0010-06-13 18:00:00,10,6,13,18,0,740,173,,,,Plein jour,Hors agglomération,Hors intersection,Normale,Deux véhicules - côté,,,,,,,,,,,1,1,1,1.0,3.0
201000008446,0010-07-17 12:00:00,10,7,17,12,0,740,85,LE CHAMPELET,45.832,6.731,Plein jour,En agglomération,Hors intersection,Normale,Sans collision,,,,,,,,,,,1,2,1,1.0,7.0
201000008447,0010-08-13 18:45:00,10,8,13,18,45,740,215,rue des Belles,,,Plein jour,En agglomération,Hors intersection,Normale,Deux véhicules - frontale,,,,,,,,,,,1,2,1,1.0,1.0
201000008448,0010-08-22 15:30:00,10,8,22,15,30,740,236,,45.898,6.699,Plein jour,Hors agglomération,Hors intersection,Normale,Deux véhicules - côté,,,,,,,,,,,1,1,1,1.0,3.0
201000008449,0010-09-19 08:00:00,10,9,19,8,0,740,173,1087 route nationale,,,Plein jour,En agglomération,Hors intersection,Pluie forte,Deux véhicules - arrière,,,,,,,,,,,1,2,1,3.0,2.0
201000008450,0010-09-30 09:00:00,10,9,30,9,0,740,173,,,,Plein jour,Hors agglomération,Hors intersection,Normale,Deux véhicules - côté,,,,,,,,,,,1,1,1,1.0,3.0
201000008451,0010-11-19 17:45:00,10,11,19,17,45,740,236,,45.898,6.696,Plein jour,Hors agglomération,Hors intersection,Normale,Deux véhicules - frontale,,,,,,,,,,,1,1,1,1.0,1.0
201000008452,0010-11-20 03:15:00,10,11,20,3,15,740,236,"1013,av du Mont d'Arbois",45.893,6.709,Nuit avec éclairage allumé,En agglomération,Hors intersection,Normale,Autre collision,,,,,,,,,,,5,2,1,1.0,6.0
201000008453,0010-01-01 06:45:00,10,1,1,6,45,740,224,"2, Rue du Pont Neuf",,,Nuit avec éclairage allumé,En agglomération,Hors intersection,Temps couvert,Autre collision,,,,,,,,,,,5,2,1,8.0,6.0
201000008454,0010-01-14 08:00:00,10,1,14,8,0,740,224,"24,rue des remparts",,,Plein jour,En agglomération,Hors intersection,Normale,Sans collision,,,,,,,,,,,1,2,1,1.0,7.0
201000008455,0010-01-20 09:00:00,10,1,20,9,0,740,250,,,,Plein jour,Hors agglomération,Hors intersection,Neige / grêle,Deux véhicules - frontale,,,,,,,,,,,1,1,1,4.0,1.0
201000008456,0010-02-12 17:30:00,10,2,12,17,30,740,224,,,,Plein jour,Hors agglomération,Hors intersection,Normale,Deux véhicules - frontale,,,,,,,,,,,1,1,1,1.0,1.0
201000008457,0010-02-19 07:45:00,10,2,19,7,45,740,250,Route de Toisinges,,,Plein jour,En agglomération,Hors intersection,Normale,Deux véhicules - frontale,,,,,,,,,,,1,2,1,1.0,1.0
201000008458,0010-03-19 19:00:00,10,3,19,19,0,740,224,Parking de la gare SNCF,,,Nuit avec éclairage allumé,En agglomération,Hors intersection,Normale,Autre collision,,,,,,,,,,,5,2,1,1.0,6.0
201000008459,0010-04-17 16:30:00,10,4,17,16,30,740,250,,,,Plein jour,Hors agglomération,Hors intersection,Normale,Deux véhicules - frontale,,,,,,,,,,,1,1,1,1.0,1.0
201000008460,0010-04-29 18:15:00,10,4,29,18,15,740,18,RD19 / VC MACLENAY,,,Plein jour,Hors agglomération,Hors intersection,Normale,Deux véhicules - arrière,,,,,,,,,,,1,1,1,1.0,2.0
201000008461,0010-04-30 13:30:00,10,4,30,13,30,740,224,Rue Anatole France,,,Plein jour,En agglomération,Hors intersection,Normale,Deux véhicules - arrière,,,,,,,,,,,1,2,1,1.0,2.0
201000008462,0010-05-27 22:45:00,10,5,27,22,45,740,7,,,,Nuit avec éclairage allumé,Hors agglomération,Hors intersection,Normale,Autre collision,,,,,,,,,,,5,1,1,1.0,6.0
201000008463,0010-06-11 10:30:00,10,6,11,10,30,740,253,"21, Rue des Champs",,,Plein jour,En agglomération,Hors intersection,Normale,Deux véhicules - côté,,,,,,,,,,,1,2,1,1.0,3.0
201000008464,0010-07-04 12:15:00,10,7,4,12,15,740,250,,,,Plein jour,Hors agglomération,Hors intersection,Normale,Deux véhicules - côté,,,,,,,,,,,1,1,1,1.0,3.0
201000008465,0010-07-06 10:15:00,10,7,6,10,15,740,116,,,,Plein jour,Hors agglomération,Hors intersection,Normale,Trois véhicules et plus - collisions multiples,,,,,,,,,,,1,1,1,1.0,5.0
201000008466,0010-07-06 13:45:00,10,7,6,13,45,740,116,,,,Plein jour,Hors agglomération,Hors intersection,Normale,Deux véhicules - côté,,,,,,,,,,,1,1,1,1.0,3.0
201000008467,0010-07-06 21:30:00,10,7,6,21,30,740,250,,,,Crépuscule ou aube,Hors agglomération,Hors intersection,Normale,Deux véhicules - frontale,,,,,,,,,,,2,1,1,1.0,1.0
201000008468,0010-07-30 17:15:00,10,7,30,17,15,740,116,SORTIE A410/1203,,,Plein jour,Hors agglomération,Intersection en T,Normale,Deux véhicules - côté,,,,,,,,,,,1,1,3,1.0,3.0
201000008469,0010-08-29 18:00:00,10,8,29,18,0,740,116,,,,Plein jour,Hors agglomération,Hors intersection,Normale,Trois véhicules et plus - collisions multiples,,,,,,,,,,,1,1,1,1.0,5.0
201000008470,0010-10-03 13:45:00,10,10,3,13,45,740,224,RUE DE VALLIERES,,,Plein jour,En agglomération,Hors intersection,Normale,Deux véhicules - côté,,,,,,,,,,,1,2,1,1.0,3.0
201000008471,0010-10-12 17:00:00,10,10,12,17,0,740,224,Rue de l'égalité,,,Plein jour,En agglomération,Hors intersection,Normale,Autre collision,,,,,,,,,,,1,2,1,1.0,6.0
201000008472,0010-10-25 22:30:00,10,10,25,22,30,740,250,,,,Nuit sans éclairage public,Hors agglomération,Hors intersection,Pluie légère,Deux véhicules - arrière,,,,,,,,,,,3,1,1,2.0,2.0
201000008473,0010-11-08 18:00:00,10,11,8,18,0,740,116,,,,Nuit avec éclairage allumé,Hors agglomération,Intersection en T,Pluie forte,Deux véhicules - côté,,,,,,,,,,,5,1,3,3.0,3.0
201000008474,0010-02-08 16:30:00,10,2,8,16,30,740,208,,45.954,6.735,Plein jour,Hors agglomération,Hors intersection,Normale,Autre collision,,,,,,,,,,,1,1,1,1.0,6.0
201000008475,0010-02-18 13:00:00,10,2,18,13,0,740,208,242 avenue de Chamonix,45.912,6.706,Plein jour,En agglomération,Hors intersection,Normale,Autre collision,,,,,,,,,,,1,2,1,1.0,6.0
201000008476,0010-03-16 20:00:00,10,3,16,20,0,740,208,3052 Av.ST-MARTIN,45.928,6.662,Nuit sans éclairage public,Hors agglomération,Hors intersection,Normale,Deux véhicules - arrière,,,,,,,,,,,3,1,1,1.0,2.0
201000008477,0010-04-14 09:30:00,10,4,14,9,30,740,256,40 Av. Gare/Allobroges,,,Plein jour,En agglomération,Hors intersection,Normale,Autre collision,,,,,,,,,,,1,2,1,1.0,6.0
201000008478,0010-05-20 18:45:00,10,5,20,18,45,740,256,Rue doct.Bonnefoy/3 lacs,,,Plein jour,Hors agglomération,Hors intersection,Normale,Deux véhicules - côté,,,,,,,,,,,1,1,1,1.0,3.0
201000008479,0010-06-04 16:45:00,10,6,4,16,45,740,256,Route de Cordon,,,Plein jour,En agglomération,Hors intersection,Normale,Deux véhicules - frontale,,,,,,,,,,,1,2,1,1.0,1.0
201000008480,0010-06-18 09:30:00,10,6,18,9,30,740,208,Lieu dit le Crey,,,Nuit sans éclairage public,Hors agglomération,Hors intersection,Normale,Deux véhicules - frontale,,,,,,,,,,,3,1,1,1.0,1.0
201000008481,0010-06-19 11:45:00,10,6,19,11,45,740,208,73 AV SALVADORE ALLENDE,,,Plein jour,En agglomération,Hors intersection,Normale,Autre collision,,,,,,,,,,,1,2,1,1.0,6.0
201000008482,0010-07-30 20:00:00,10,7,30,20,0,740,256,Avenue André Lasquin,,,Plein jour,En agglomération,Intersection en T,Normale,Deux véhicules - frontale,,,,,,,,,,,1,2,3,1.0,1.0
201000008483,0010-11-06 14:45:00,10,11,6,14,45,740,256,Route de Reninge,,,Plein jour,En agglomération,Hors intersection,Normale,Deux véhicules - frontale,,,,,,,,,,,1,2,1,1.0,1.0
201000008484,0010-11-18 00:45:00,10,11,18,0,45,740,256,route nationale,,,Nuit sans éclairage public,Hors agglomération,Hors intersection,Normale,Autre collision,,,,,,,,,,,3,1,1,1.0,6.0
201000008485,0010-01-07 07:00:00,10,1,7,7,0,740,258,Plaine de Vallon,46.07,6.744,Nuit sans éclairage public,Hors agglomération,Hors intersection,Normale,Autre collision,,,,,,,,,,,3,1,1,1.0,6.0
201000008486,0010-03-18 21:15:00,10,3,18,21,15,740,183,,46.116,6.557,Nuit sans éclairage public,Hors agglomération,Hors intersection,Normale,Autre collision,,,,,,,,,,,3,1,1,1.0,6.0
201000008487,0010-03-27 21:15:00,10,3,27,21,15,740,276,Lieu dit Chessin,46.107,6.629,Nuit avec éclairage allumé,En agglomération,Hors intersection,Pluie légère,Autre collision,,,,,,,,,,,5,2,1,2.0,6.0
201000008488,0010-06-09 11:45:00,10,6,9,11,45,740,276,,46.116,6.558,Plein jour,Hors agglomération,Hors intersection,Normale,Sans collision,,,,,,,,,,,1,1,1,1.0,7.0
201000008489,0010-06-26 15:15:00,10,6,26,15,15,740,183,Chef Lieu,46.138,6.521,Plein jour,En agglomération,Hors intersection,Normale,Deux véhicules - côté,,,,,,,,,,,1,2,1,1.0,3.0
201000008490,0010-07-12 13:00:00,10,7,12,13,0,740,258,,46.112,6.698,Plein jour,Hors agglomération,Hors intersection,Normale,Sans collision,,,,,,,,,,,1,1,1,1.0,7.0
201000008491,0010-07-14 09:30:00,10,7,14,9,30,740,223,,,,Plein jour,Hors agglomération,Intersection en T,Normale,Deux véhicules - côté,,,,,,,,,,,1,1,3,1.0,3.0
201000008492,0010-07-21 16:30:00,10,7,21,16,30,740,134,,46.148,6.646,Plein jour,Hors agglomération,Hors intersection,Temps couvert,Trois véhicules et plus - collisions multiples,,,,,,,,,,,1,1,1,8.0,5.0
201000008493,0010-08-20 05:45:00,10,8,20,5,45,740,276,,46.129,6.622,Nuit sans éclairage public,Hors agglomération,Hors intersection,Normale,Deux véhicules - frontale,,,,,,,,,,,3,1,1,1.0,1.0
201000008494,0010-09-22 06:30:00,10,9,22,6,30,740,276,Le Thoux,46.114,6.608,Nuit avec éclairage allumé,Hors agglomération,Hors intersection,Brouillard / fumée,Deux véhicules - frontale,,,,,,,,,,,5,1,1,5.0,1.0
201000008495,0010-01-04 11:30:00,10,1,4,11,30,740,201,242 ch.de chez Leclerc,46.133,6.098,Plein jour,Hors agglomération,Hors intersection,Neige / grêle,Autre collision,,,,,,,,,,,1,1,1,4.0,6.0
201000008496,0010-01-11 08:00:00,10,1,11,8,0,740,243,29 route de thairy,46.142,6.079,Plein jour,En agglomération,Hors intersection,Neige / grêle,Autre collision,,,,,,,,,,,1,2,1,4.0,6.0
201000008497,0010-01-25 09:15:00,10,1,25,9,15,740,82,,46.153,6.149,Plein jour,Hors agglomération,Hors intersection,Temps couvert,Deux véhicules - frontale,,,,,,,,,,,1,1,1,8.0,1.0
201000008498,0010-02-09 19:30:00,10,2,9,19,30,740,243,7 chemin de Certoux,,,Nuit avec éclairage allumé,En agglomération,Hors intersection,Neige / grêle,Sans collision,,,,,,,,,,,5,2,1,4.0,7.0
201000008499,0010-06-17 18:30:00,10,6,17,18,30,740,243,Avenue Louis Armand,46.146,6.084,Plein jour,En agglomération,Hors intersection,Pluie légère,Deux véhicules - arrière,,,,,,,,,,,1,2,1,2.0,2.0
201000008500,0010-08-27 21:45:00,10,8,27,21,45,740,201,,46.128,6.093,Nuit avec éclairage allumé,Hors agglomération,Intersection en X,Normale,Deux véhicules - côté,,,,,,,,,,,5,1,2,1.0,3.0
201000008501,0010-10-06 22:30:00,10,10,6,22,30,740,243,ROUTE DES VIGNES,46.143,6.075,Nuit avec éclairage allumé,En agglomération,Hors intersection,Normale,Deux véhicules - frontale,,,,,,,,,,,5,2,1,1.0,1.0
201000008502,0010-11-26 16:15:00,10,11,26,16,15,740,243,Route de Lathoy,46.146,6.099,Plein jour,Hors agglomération,Hors intersection,Temps couvert,Deux véhicules - frontale,,,,,,,,,,,1,1,1,8.0,1.0
201000008503,0010-12-23 22:30:00,10,12,23,22,30,740,243,Route de Thairy,46.145,6.073,Nuit avec éclairage allumé,En agglomération,Hors intersection,Pluie légère,Autre collision,,,,,,,,,,,5,2,1,2.0,6.0
201000008504,0010-02-19 17:30:00,10,2,19,17,30,740,94,"8, ch des esseims",,,Plein jour,En agglomération,Hors intersection,Normale,Autre collision,,,,,,,,,,,1,2,1,1.0,6.0
201000008505,0010-02-25 22:20:00,10,2,25,22,20,740,128,,46.157,6.344,Plein jour,Hors agglomération,Hors intersection,Pluie forte,Deux véhicules - frontale,,,,,,,,,,,1,1,1,3.0,1.0
201000008506,0010-03-01 13:45:00,10,3,1,13,45,740,220,Grande rue,46.139,6.269,Plein jour,En agglomération,Hors intersection,Normale,Deux véhicules - frontale,,,,,,,,,,,1,2,1,1.0,1.0
201000008507,0010-04-05 20:00:00,10,4,5,20,0,740,197,,46.154,6.32,Plein jour,Hors agglomération,Hors intersection,Normale,Autre collision,,,,,,,,,,,1,1,1,1.0,6.0
201000008508,0010-04-06 22:45:00,10,4,6,22,45,740,128,,,,Nuit sans éclairage public,Hors agglomération,Hors intersection,Normale,Deux véhicules - frontale,,,,,,,,,,,3,1,1,1.0,1.0
201000008509,0010-04-11 18:00:00,10,4,11,18,0,740,262,,,,Plein jour,Hors agglomération,Hors intersection,Normale,Deux véhicules - frontale,,,,,,,,,,,1,1,1,1.0,1.0
201000008510,0010-04-13 22:00:00,10,4,13,22,0,740,197,PONT DE BELLECOMBE,,,Plein jour,Hors agglomération,Hors intersection,Normale,Trois véhicules et plus - collisions multiples,,,,,,,,,,,1,1,1,1.0,5.0
201000008511,0010-04-16 17:15:00,10,4,16,17,15,740,197,PONT DE BELLECOMBE,,,Nuit sans éclairage public,Hors agglomération,Hors intersection,Normale,Autre collision,,,,,,,,,,,3,1,1,1.0,6.0
201000008512,0010-04-24 18:30:00,10,4,24,18,30,740,94,,46.208,6.288,Plein jour,Hors agglomération,Hors intersection,Normale,Deux véhicules - côté,,,,,,,,,,,1,1,1,1.0,3.0
201000008513,0010-05-02 03:00:00,10,5,2,3,0,740,40,avenue du Fer à Cheval,46.171,6.323,Nuit avec éclairage allumé,En agglomération,Hors intersection,Pluie légère,Autre collision,,,,,,,,,,,5,2,1,2.0,6.0
201000008514,0010-05-02 14:15:00,10,5,2,14,15,740,128,,,,Plein jour,Hors agglomération,Hors intersection,Pluie légère,Deux véhicules - frontale,,,,,,,,,,,1,1,1,2.0,1.0
201000008515,0010-05-05 18:30:00,10,5,5,18,30,740,220,,,,Crépuscule ou aube,Hors agglomération,Hors intersection,Pluie légère,Deux véhicules - frontale,,,,,,,,,,,2,1,1,2.0,1.0
201000008516,0010-06-04 10:30:00,10,6,4,10,30,740,185,route des 3 lacs,46.162,6.223,Plein jour,Hors agglomération,Hors intersection,Normale,Sans collision,,,,,,,,,,,1,1,1,1.0,7.0
201000008517,0010-06-12 15:15:00,10,6,12,15,15,740,220,1179 route de st ange,,,Plein jour,En agglomération,Hors intersection,Normale,Deux véhicules - arrière,,,,,,,,,,,1,2,1,1.0,2.0
201000008518,0010-07-22 13:15:00,10,7,22,13,15,740,128,,,,Plein jour,Hors agglomération,Hors intersection,Autre,Deux véhicules - frontale,,,,,,,,,,,1,1,1,9.0,1.0
201000008519,0010-07-23 09:45:00,10,7,23,9,45,740,262,,,,Plein jour,En agglomération,Intersection en X,Pluie légère,Deux véhicules - côté,,,,,,,,,,,1,2,2,2.0,3.0
201000008520,0010-07-27 18:15:00,10,7,27,18,15,740,185,,,,Plein jour,Hors agglomération,Intersection en T,Normale,Deux véhicules - côté,,,,,,,,,,,1,1,3,1.0,3.0
201000008521,0010-08-01 16:30:00,10,8,1,16,30,740,40,avenue du léman,,,Plein jour,En agglomération,Intersection en X,Normale,Deux véhicules - côté,,,,,,,,,,,1,2,2,1.0,3.0