accident_id,datetime,annee,mois,jour,heure,minute,departement,commune_insee,adresse,latitude,longitude,luminosite,agglomeration,intersection,meteo,collision,nb_vehicules,nb_usagers,nb_indemnes,nb_tues,nb_blesses_hosp,nb_blesses_legers,age_cond_1,age_cond_2,veh_type_cond_1,veh_type_cond_2,lum_code,agg_code,int_code,atm_code,col_code
201000008522,0010-08-06 14:15:00,10,8,6,14,15,740,185,,,,Plein jour,Hors agglomération,Hors intersection,Normale,Deux véhicules - arrière,,,,,,,,,,,1,1,1,1.0,2.0
201000008523,0010-08-13 17:00:00,10,8,13,17,0,740,211,,46.122,6.268,Plein jour,Hors agglomération,Hors intersection,Normale,Autre collision,,,,,,,,,,,1,1,1,1.0,6.0
201000008524,0010-08-20 22:45:00,10,8,20,22,45,740,94,rond point de Borly,,,Nuit avec éclairage allumé,En agglomération,Giratoire,Normale,Sans collision,,,,,,,,,,,5,2,6,1.0,7.0
201000008525,0010-09-13 18:00:00,10,9,13,18,0,740,211,,,,Plein jour,Hors agglomération,Giratoire,Normale,Sans collision,,,,,,,,,,,1,1,6,1.0,7.0
201000008526,0010-09-25 15:00:00,10,9,25,15,0,740,158,,,,Plein jour,Hors agglomération,Intersection en X,Pluie forte,Trois véhicules et plus - collisions multiples,,,,,,,,,,,1,1,2,3.0,5.0
201000008527,0010-09-25 17:15:00,10,9,25,17,15,740,197,,,,Crépuscule ou aube,Hors agglomération,Hors intersection,Pluie légère,Deux véhicules - frontale,,,,,,,,,,,2,1,1,2.0,1.0
201000008528,0010-11-10 17:30:00,10,11,10,17,30,740,197,,,,Nuit sans éclairage public,Hors agglomération,Hors intersection,Pluie légère,Trois véhicules et plus - collisions multiples,,,,,,,,,,,3,1,1,2.0,5.0
201000008529,0010-11-05 21:45:00,10,11,5,21,45,740,220,Grande rue / rue du môle,46.138,6.269,Nuit avec éclairage allumé,En agglomération,Intersection en T,Normale,Deux véhicules - côté,,,,,,,,,,,5,2,3,1.0,3.0
201000008530,0010-11-14 06:30:00,10,11,14,6,30,740,128,,,,Crépuscule ou aube,Hors agglomération,Hors intersection,Normale,Autre collision,,,,,,,,,,,2,1,1,1.0,6.0
201000008531,0010-11-16 20:30:00,10,11,16,20,30,740,185,,,,Nuit sans éclairage public,Hors agglomération,Hors intersection,Normale,Autre collision,,,,,,,,,,,3,1,1,1.0,6.0
201000008532,0010-11-22 16:30:00,10,11,22,16,30,740,128,,,,Plein jour,Hors agglomération,Hors intersection,Pluie légère,Deux véhicules - frontale,,,,,,,,,,,1,1,1,2.0,1.0
201000008533,0010-11-24 14:15:00,10,11,24,14,15,740,197,,,,Plein jour,Hors agglomération,Hors intersection,Normale,Sans collision,,,,,,,,,,,1,1,1,1.0,7.0
201000008534,0010-11-23 18:30:00,10,11,23,18,30,740,229,RUE DES ALLOBROGES,,,Nuit avec éclairage allumé,En agglomération,Hors intersection,Normale,Deux véhicules - frontale,,,,,,,,,,,5,2,1,1.0,1.0
201000008535,0010-12-03 07:15:00,10,12,3,7,15,740,128,,,,Nuit sans éclairage public,Hors agglomération,Hors intersection,Autre,Deux véhicules - frontale,,,,,,,,,,,3,1,1,9.0,1.0
201000008536,0010-12-08 18:15:00,10,12,8,18,15,740,128,,,,Plein jour,Hors agglomération,Intersection en T,Normale,Deux véhicules - frontale,,,,,,,,,,,1,1,3,1.0,1.0
201000008537,0010-12-15 10:00:00,10,12,15,10,0,740,211,,,,Plein jour,Hors agglomération,Hors intersection,Normale,Autre collision,,,,,,,,,,,1,1,1,1.0,6.0
201000008538,0010-12-10 18:30:00,10,12,10,18,30,740,40,avenue du fer à cheval,,,Nuit avec éclairage allumé,En agglomération,Hors intersection,Normale,Autre collision,,,,,,,,,,,5,2,1,1.0,6.0
201000008539,0010-01-04 17:30:00,10,1,4,17,30,740,309,,,,Nuit sans éclairage public,Hors agglomération,Hors intersection,Neige / grêle,Deux véhicules - frontale,,,,,,,,,,,3,1,1,4.0,1.0
201000008540,0010-01-27 08:15:00,10,1,27,8,15,740,96,185 grande rue,,,Plein jour,En agglomération,Hors intersection,Normale,Autre collision,,,,,,,,,,,1,2,1,1.0,6.0
201000008541,0010-03-12 10:45:00,10,3,12,10,45,740,177,,,,Plein jour,Hors agglomération,Hors intersection,Normale,Deux véhicules - côté,,,,,,,,,,,1,1,1,1.0,3.0
201000008542,0010-03-23 14:00:00,10,3,23,14,0,740,309,route de frangy,,,Plein jour,En agglomération,Hors intersection,Normale,Deux véhicules - frontale,,,,,,,,,,,1,2,1,1.0,1.0
201000008543,0010-06-19 19:30:00,10,6,19,19,30,740,52,,,,Plein jour,Hors agglomération,Hors intersection,Pluie légère,Deux véhicules - frontale,,,,,,,,,,,1,1,1,2.0,1.0
201000008544,0010-07-08 18:00:00,10,7,8,18,0,740,309,,,,Plein jour,Hors agglomération,Hors intersection,Normale,Sans collision,,,,,,,,,,,1,1,1,1.0,7.0
201000008545,0010-07-22 18:15:00,10,7,22,18,15,740,314,,,,Plein jour,Hors agglomération,Hors intersection,Pluie forte,Deux véhicules - côté,,,,,,,,,,,1,1,1,3.0,3.0
201000008546,0010-08-30 20:30:00,10,8,30,20,30,740,309,Lieu dit la côte,,,Nuit sans éclairage public,En agglomération,Hors intersection,Temps couvert,Deux véhicules - frontale,,,,,,,,,,,3,2,1,8.0,1.0
201000008547,0010-10-03 04:45:00,10,10,3,4,45,740,9,"lieu dit ""Jussy""",46.06,6.07,Nuit avec éclairage allumé,En agglomération,Hors intersection,Normale,Autre collision,,,,,,,,,,,5,2,1,1.0,6.0
201000008548,0010-10-05 16:00:00,10,10,5,16,0,740,288,389 route de Bellegarde,,,Plein jour,En agglomération,Hors intersection,Normale,Autre collision,,,,,,,,,,,1,2,1,1.0,6.0
201000008549,0010-10-09 18:15:00,10,10,9,18,15,740,74,,,,Plein jour,Hors agglomération,Hors intersection,Normale,Deux véhicules - côté,,,,,,,,,,,1,1,1,1.0,3.0
201000008550,0010-10-23 20:45:00,10,10,23,20,45,740,6,RD 1201 et route Villy,45.996,6.127,Nuit avec éclairage allumé,En agglomération,Intersection en X,Temps couvert,Deux véhicules - côté,,,,,,,,,,,5,2,2,8.0,3.0
201000008551,0010-11-09 12:45:00,10,11,9,12,45,740,309,,,,Plein jour,Hors agglomération,Hors intersection,Normale,Deux véhicules - frontale,,,,,,,,,,,1,1,1,1.0,1.0
201000008552,0010-12-06 17:00:00,10,12,6,17,0,740,96,CHEZ VAUDEY,,,Nuit sans éclairage public,Hors agglomération,Hors intersection,Pluie forte,Sans collision,,,,,,,,,,,3,1,1,3.0,7.0
201000008553,0010-02-26 15:45:00,10,2,26,15,45,740,109,,,,Plein jour,Hors agglomération,Intersection en T,Normale,Deux véhicules - côté,,,,,,,,,,,1,1,3,1.0,3.0
201000008554,0010-02-28 19:00:00,10,2,28,19,0,740,65,,,,Nuit sans éclairage public,Hors agglomération,Hors intersection,Temps couvert,Autre collision,,,,,,,,,,,3,1,1,8.0,6.0
201000008555,0010-05-24 18:45:00,10,5,24,18,45,740,269,,,,Plein jour,Hors agglomération,Hors intersection,Temps éblouissant,Deux véhicules - frontale,,,,,,,,,,,1,1,1,7.0,1.0
201000008556,0010-05-25 13:15:00,10,5,25,13,15,740,131,route de Moisy,,,Plein jour,Hors agglomération,Hors intersection,Temps éblouissant,Deux véhicules - frontale,,,,,,,,,,,1,1,1,7.0,1.0
201000008557,0010-06-23 17:00:00,10,6,23,17,0,740,269,rue de Savoie,,,Plein jour,En agglomération,Hors intersection,Normale,Sans collision,,,,,,,,,,,1,2,1,1.0,7.0
201000008558,0010-08-08 17:45:00,10,8,8,17,45,740,269,,,,Plein jour,Hors agglomération,Hors intersection,Normale,Deux véhicules - frontale,,,,,,,,,,,1,1,1,1.0,1.0
201000008559,0010-09-25 09:00:00,10,9,25,9,0,740,68,,,,Plein jour,Hors agglomération,Hors intersection,Normale,Sans collision,,,,,,,,,,,1,1,1,1.0,7.0
201000008560,0010-10-05 07:45:00,10,10,5,7,45,740,109,,,,Plein jour,Hors agglomération,Hors intersection,Normale,Deux véhicules - frontale,,,,,,,,,,,1,1,1,1.0,1.0
201000008561,0010-10-27 21:00:00,10,10,27,21,0,740,178,,,,Nuit sans éclairage public,Hors agglomération,Hors intersection,Normale,Sans collision,,,,,,,,,,,3,1,1,1.0,7.0
201000008562,0010-11-04 09:15:00,10,11,4,9,15,740,269,CD992,,,Plein jour,En agglomération,Hors intersection,Temps éblouissant,Autre collision,,,,,,,,,,,1,2,1,7.0,6.0
201000008563,0010-12-21 07:45:00,10,12,21,7,45,740,269,,,,Nuit sans éclairage public,Hors agglomération,Hors intersection,Autre,Deux véhicules - côté,,,,,,,,,,,3,1,1,9.0,3.0
201000008564,0010-02-14 05:00:00,10,2,14,5,0,740,1,Lieu dit les Freinets,,,Nuit sans éclairage public,Hors agglomération,Hors intersection,Autre,Deux véhicules - frontale,,,,,,,,,,,3,1,1,9.0,1.0
201000008565,0010-03-14 14:15:00,10,3,14,14,15,740,41,,,,Plein jour,Hors agglomération,Hors intersection,Normale,Deux véhicules - frontale,,,,,,,,,,,1,1,1,1.0,1.0
201000008566,0010-03-27 14:45:00,10,3,27,14,45,740,286,,,,Plein jour,Hors agglomération,Hors intersection,Pluie légère,Deux véhicules - frontale,,,,,,,,,,,1,1,1,2.0,1.0
201000008567,0010-08-29 16:00:00,10,8,29,16,0,740,1,lieu dit Miolène,,,Plein jour,Hors agglomération,Hors intersection,Normale,Deux véhicules - côté,,,,,,,,,,,1,1,1,1.0,3.0
201000008568,0010-11-26 09:45:00,10,11,26,9,45,740,286,,,,Plein jour,Hors agglomération,Hors intersection,Neige / grêle,Deux véhicules - frontale,,,,,,,,,,,1,1,1,4.0,1.0
201000008569,0010-12-07 08:30:00,10,12,7,8,30,740,63,,,,Plein jour,Hors agglomération,Hors intersection,Temps couvert,Deux véhicules - côté,,,,,,,,,,,1,1,1,8.0,3.0
201000008570,0010-02-14 09:45:00,10,2,14,9,45,740,301,,,,Plein jour,Hors agglomération,Hors intersection,Normale,Deux véhicules - côté,,,,,,,,,,,1,1,1,1.0,3.0
201000008571,0010-06-01 18:45:00,10,6,1,18,45,740,50,,,,Plein jour,Hors agglomération,Hors intersection,Normale,Autre collision,,,,,,,,,,,1,1,1,1.0,6.0
201000008572,0010-06-04 22:45:00,10,6,4,22,45,740,38,,,,Nuit avec éclairage allumé,Hors agglomération,Hors intersection,Normale,Deux véhicules - côté,,,,,,,,,,,5,1,1,1.0,3.0
201000008573,0010-07-26 20:00:00,10,7,26,20,0,740,38,,,,Plein jour,Hors agglomération,Hors intersection,Pluie légère,Sans collision,,,,,,,,,,,1,1,1,2.0,7.0
201000008574,0010-09-27 16:45:00,10,9,27,16,45,740,155,Chef lieu,,,Plein jour,En agglomération,Hors intersection,Normale,Autre collision,,,,,,,,,,,1,2,1,1.0,6.0
201000008575,0010-10-06 23:30:00,10,10,6,23,30,740,139,,,,Nuit sans éclairage public,Hors agglomération,Hors intersection,Normale,Autre collision,,,,,,,,,,,3,1,1,1.0,6.0
201000008576,0010-11-26 12:15:00,10,11,26,12,15,740,38,,,,Plein jour,Hors agglomération,Hors intersection,Neige / grêle,Sans collision,,,,,,,,,,,1,1,1,4.0,7.0
201000008577,0010-01-27 16:15:00,10,1,27,16,15,740,206,,,,Plein jour,Hors agglomération,Hors intersection,Temps couvert,Sans collision,,,,,,,,,,,1,1,1,8.0,7.0
201000008578,0010-02-01 07:45:00,10,2,1,7,45,740,171,Rte thonon / VC l'Epine,46.324,6.339,Plein jour,Hors agglomération,Intersection en X,Normale,Deux véhicules - frontale,,,,,,,,,,,1,1,2,1.0,1.0
201000008579,0010-02-13 18:30:00,10,2,13,18,30,740,43,,46.261,6.341,Nuit sans éclairage public,Hors agglomération,Hors intersection,Temps couvert,Autre collision,,,,,,,,,,,3,1,1,8.0,6.0
201000008580,0010-03-12 17:15:00,10,3,12,17,15,740,126,,,,Plein jour,Hors agglomération,Intersection en X,Normale,Deux véhicules - côté,,,,,,,,,,,1,1,2,1.0,3.0
201000008581,0010-03-18 12:30:00,10,3,18,12,30,740,43,avenue du Léman,46.269,6.372,Plein jour,En agglomération,Hors intersection,Normale,Autre collision,,,,,,,,,,,1,2,1,1.0,6.0
201000008582,0010-04-12 09:15:00,10,4,12,9,15,740,70,,46.306,6.248,Plein jour,Hors agglomération,Hors intersection,Normale,Autre collision,,,,,,,,,,,1,1,1,1.0,6.0
201000008583,0010-04-10 17:15:00,10,4,10,17,15,740,263,route de Burdignin,46.336,6.36,Plein jour,Hors agglomération,Hors intersection,Normale,Deux véhicules - côté,,,,,,,,,,,1,1,1,1.0,3.0
201000008584,0010-04-16 17:45:00,10,4,16,17,45,740,150,,46.273,6.316,Plein jour,Hors agglomération,Hors intersection,Normale,Deux véhicules - arrière,,,,,,,,,,,1,1,1,1.0,2.0
201000008585,0010-05-13 15:45:00,10,5,13,15,45,740,157,,46.338,6.515,Plein jour,Hors agglomération,Hors intersection,Normale,Deux véhicules - côté,,,,,,,,,,,1,1,1,1.0,3.0
201000008586,0010-05-16 18:00:00,10,5,16,18,0,740,263,ROUTE DE CHAVANNEX,,,Plein jour,Hors agglomération,Hors intersection,Normale,Autre collision,,,,,,,,,,,1,1,1,1.0,6.0
201000008587,0010-05-25 08:30:00,10,5,25,8,30,740,48,,,,Plein jour,Hors agglomération,Hors intersection,Normale,Deux véhicules - côté,,,,,,,,,,,1,1,1,1.0,3.0
201000008588,0010-06-06 12:30:00,10,6,6,12,30,740,105,,46.309,6.302,Plein jour,Hors agglomération,Hors intersection,Normale,Deux véhicules - côté,,,,,,,,,,,1,1,1,1.0,3.0
201000008589,0010-06-12 15:45:00,10,6,12,15,45,740,25,lieu dit chez Abois,46.305,6.379,Plein jour,Hors agglomération,Hors intersection,Normale,Deux véhicules - côté,,,,,,,,,,,1,1,1,1.0,3.0
201000008590,0010-06-27 19:00:00,10,6,27,19,0,740,105,RD1206,46.301,6.306,Plein jour,En agglomération,Hors intersection,Normale,Deux véhicules - arrière,,,,,,,,,,,1,2,1,1.0,2.0
201000008591,0010-06-30 09:00:00,10,6,30,9,0,740,48,CD 903,,,Plein jour,En agglomération,Hors intersection,Normale,Deux véhicules - arrière,,,,,,,,,,,1,2,1,1.0,2.0
201000008592,0010-07-02 23:45:00,10,7,2,23,45,740,210,,46.32,6.443,Nuit sans éclairage public,Hors agglomération,Hors intersection,Normale,Deux véhicules - frontale,,,,,,,,,,,3,1,1,1.0,1.0
201000008593,0010-07-04 00:15:00,10,7,4,0,15,740,150,,46.271,6.332,Nuit sans éclairage public,Hors agglomération,Hors intersection,Normale,Deux véhicules - côté,,,,,,,,,,,3,1,1,1.0,3.0
201000008594,0010-07-09 15:00:00,10,7,9,15,0,740,106,,46.312,6.474,Plein jour,Hors agglomération,Intersection en X,Normale,Deux véhicules - côté,,,,,,,,,,,1,1,2,1.0,3.0
201000008595,0010-07-13 07:30:00,10,7,13,7,30,740,70,MARIVAL,46.292,6.269,Plein jour,Hors agglomération,Hors intersection,Normale,Deux véhicules - frontale,,,,,,,,,,,1,1,1,1.0,1.0
201000008596,0010-07-18 08:15:00,10,7,18,8,15,740,163,,46.349,6.418,Plein jour,Hors agglomération,Hors intersection,Normale,Deux véhicules - frontale,,,,,,,,,,,1,1,1,1.0,1.0
201000008597,0010-07-20 18:30:00,10,7,20,18,30,740,5,Avde Thonon rue du stade,46.346,6.478,Plein jour,En agglomération,Intersection en T,Normale,Deux véhicules - frontale,,,,,,,,,,,1,2,3,1.0,1.0
201000008598,0010-07-28 18:45:00,10,7,28,18,45,740,171,ROUTE DE PRAILLES,46.321,6.343,Plein jour,Hors agglomération,Hors intersection,Pluie forte,Deux véhicules - frontale,,,,,,,,,,,1,1,1,3.0,1.0
201000008599,0010-09-11 22:00:00,10,9,11,22,0,740,150,,,,Nuit sans éclairage public,Hors agglomération,Hors intersection,Normale,Autre collision,,,,,,,,,,,3,1,1,1.0,6.0
201000008600,0010-09-09 16:15:00,10,9,9,16,15,740,263,avenue de SCIEZ,46.332,6.366,Plein jour,En agglomération,Intersection en X,Normale,Deux véhicules - frontale,,,,,,,,,,,1,2,2,1.0,1.0
201000008601,0010-10-04 23:15:00,10,10,4,23,15,740,293,ROUTE DES VOIRONS,46.273,6.278,Nuit sans éclairage public,Hors agglomération,Hors intersection,Brouillard / fumée,Sans collision,,,,,,,,,,,3,1,1,5.0,7.0
201000008602,0010-10-20 07:45:00,10,10,20,7,45,740,5,Le Noyer,46.339,6.479,Plein jour,En agglomération,Intersection en X,Pluie légère,Deux véhicules - côté,,,,,,,,,,,1,2,2,2.0,3.0
201000008603,0010-10-28 13:45:00,10,10,28,13,45,740,150,1100 route de veigy,,,Plein jour,Hors agglomération,Hors intersection,Normale,Deux véhicules - arrière,,,,,,,,,,,1,1,1,1.0,2.0
201000008604,0010-11-05 19:00:00,10,11,5,19,0,740,210,rue du Redon,46.31,6.443,Nuit avec éclairage allumé,En agglomération,Hors intersection,Normale,Deux véhicules - côté,,,,,,,,,,,5,2,1,1.0,3.0
201000008605,0010-11-09 16:15:00,10,11,9,16,15,740,105,AUBONNE,46.304,6.284,Plein jour,Hors agglomération,Hors intersection,Pluie légère,Deux véhicules - côté,,,,,,,,,,,1,1,1,2.0,3.0
201000008606,0010-11-18 19:45:00,10,11,18,19,45,740,210,route de la GARE,,,Nuit sans éclairage public,En agglomération,Hors intersection,Normale,Autre collision,,,,,,,,,,,3,2,1,1.0,6.0
201000008607,0010-11-21 22:15:00,10,11,21,22,15,740,43,,,,Nuit sans éclairage public,Hors agglomération,Hors intersection,Normale,Autre collision,,,,,,,,,,,3,1,1,1.0,6.0
201000008608,0010-11-24 06:45:00,10,11,24,6,45,740,263,,46.336,6.372,Nuit avec éclairage allumé,En agglomération,Intersection en Y,Autre,Trois véhicules et plus - collisions multiples,,,,,,,,,,,5,2,4,9.0,5.0
201000008609,0010-11-29 20:00:00,10,11,29,20,0,740,105,,46.338,6.294,Nuit sans éclairage public,Hors agglomération,Hors intersection,Normale,Deux véhicules - frontale,,,,,,,,,,,3,1,1,1.0,1.0
201000008610,0010-12-12 14:30:00,10,12,12,14,30,740,156,,46.288,6.414,Plein jour,Hors agglomération,Hors intersection,Normale,Deux véhicules - frontale,,,,,,,,,,,1,1,1,1.0,1.0
201000008611,0010-01-04 07:00:00,10,1,4,7,0,740,237,,46.401,6.775,Nuit sans éclairage public,Hors agglomération,Hors intersection,Neige / grêle,Deux véhicules - frontale,,,,,,,,,,,3,1,1,4.0,1.0
201000008612,0010-07-12 16:30:00,10,7,12,16,30,740,308,,,,Plein jour,En agglomération,Intersection en X,Normale,Deux véhicules - côté,,,,,,,,,,,1,2,2,1.0,3.0
201000008613,0010-07-15 18:45:00,10,7,15,18,45,740,249,,,,Plein jour,Hors agglomération,Hors intersection,Normale,Autre collision,,,,,,,,,,,1,1,1,1.0,6.0
201000008614,0010-08-21 17:00:00,10,8,21,17,0,740,127,,46.347,6.552,Plein jour,Hors agglomération,Hors intersection,Normale,Deux véhicules - côté,,,,,,,,,,,1,1,1,1.0,3.0
201000008615,0010-10-02 03:15:00,10,10,2,3,15,740,249,la place,46.361,6.644,Nuit sans éclairage public,Hors agglomération,Hors intersection,Normale,Autre collision,,,,,,,,,,,3,1,1,1.0,6.0
201000008616,0010-10-07 04:30:00,10,10,7,4,30,740,127,,46.356,6.559,Nuit avec éclairage allumé,Hors agglomération,Hors intersection,Normale,Deux véhicules - frontale,,,,,,,,,,,5,1,1,1.0,1.0
201000008617,0010-11-05 20:30:00,10,11,5,20,30,740,237,,,,Nuit sans éclairage public,Hors agglomération,Hors intersection,Pluie légère,Deux véhicules - frontale,,,,,,,,,,,3,1,1,2.0,1.0
201000008618,0010-02-24 14:30:00,10,2,24,14,30,740,295,,46.321,6.605,Plein jour,Hors agglomération,Hors intersection,Temps couvert,Deux véhicules - côté,,,,,,,,,,,1,1,1,8.0,3.0
201000008619,0010-03-12 16:45:00,10,3,12,16,45,740,129,,,,Plein jour,Hors agglomération,Hors intersection,Normale,Sans collision,,,,,,,,,,,1,1,1,1.0,7.0
201000008620,0010-05-08 01:15:00,10,5,8,1,15,740,114,,,,Nuit avec éclairage allumé,Hors agglomération,Hors intersection,Pluie légère,Sans collision,,,,,,,,,,,5,1,1,2.0,7.0
201000008621,0010-05-16 13:15:00,10,5,16,13,15,740,238,les onchets vc de Villaz,,,Plein jour,En agglomération,Autre intersection,Normale,Autre collision,,,,,,,,,,,1,2,9,1.0,6.0
201000008622,0010-07-04 10:30:00,10,7,4,10,30,740,295,,46.319,6.606,Plein jour,Hors agglomération,Hors intersection,Normale,Deux véhicules - frontale,,,,,,,,,,,1,1,1,1.0,1.0
201000008623,0010-08-13 01:00:00,10,8,13,1,0,740,191,129-148 rte de la Plagne,46.187,6.702,Nuit sans éclairage public,En agglomération,Hors intersection,Normale,Autre collision,,,,,,,,,,,3,2,1,1.0,6.0
201000008624,0010-08-29 14:30:00,10,8,29,14,30,740,238,,,,Plein jour,Hors agglomération,Hors intersection,Normale,Deux véhicules - frontale,,,,,,,,,,,1,1,1,1.0,1.0
201000008625,0010-09-16 09:45:00,10,9,16,9,45,740,238,,,,Plein jour,Hors agglomération,Hors intersection,Normale,Deux véhicules - frontale,,,,,,,,,,,1,1,1,1.0,1.0
201000008626,0010-10-31 12:00:00,10,10,31,12,0,740,114,départementale 328,,,Plein jour,En agglomération,Hors intersection,Normale,Sans collision,,,,,,,,,,,1,2,1,1.0,7.0
201000008627,0010-12-10 17:30:00,10,12,10,17,30,740,34,,46.259,6.631,Crépuscule ou aube,Hors agglomération,Hors intersection,Normale,Deux véhicules - frontale,,,,,,,,,,,2,1,1,1.0,1.0
201000008628,0010-12-24 18:00:00,10,12,24,18,0,740,191,,46.187,6.697,Nuit avec éclairage allumé,En agglomération,Hors intersection,Normale,Deux véhicules - côté,,,,,,,,,,,5,2,1,1.0,3.0
201000008629,0010-04-25 06:45:00,10,4,25,6,45,630,42,,45.829,3.078,Crépuscule ou aube,Hors agglomération,Hors intersection,Normale,Autre collision,,,,,,,,,,,2,1,1,1.0,6.0
201000008630,0010-09-19 11:45:00,10,9,19,11,45,630,263,,,,Plein jour,Hors agglomération,Hors intersection,Normale,Deux véhicules - côté,,,,,,,,,,,1,1,1,1.0,3.0
201000008631,0010-02-06 00:15:00,10,2,6,0,15,630,273,route de billom,,,Nuit avec éclairage allumé,En agglomération,Giratoire,Pluie légère,Autre collision,,,,,,,,,,,5,2,6,2.0,6.0
201000008632,0010-03-12 21:00:00,10,3,12,21,0,630,229,,45.798,3.366,Nuit sans éclairage public,Hors agglomération,Hors intersection,Normale,Sans collision,,,,,,,,,,,3,1,1,1.0,7.0
201000008633,0010-05-28 17:15:00,10,5,28,17,15,630,40,,45.725,3.367,Plein jour,Hors agglomération,Hors intersection,Normale,Sans collision,,,,,,,,,,,1,1,1,1.0,7.0
201000008634,0010-06-03 11:00:00,10,6,3,11,0,630,273,rue de l'ancien Port,45.733,3.231,Plein jour,En agglomération,Hors intersection,Normale,Sans collision,,,,,,,,,,,1,2,1,1.0,7.0
201000008635,0010-06-19 20:30:00,10,6,19,20,30,630,334,,,,Plein jour,Hors agglomération,Hors intersection,Temps couvert,Deux véhicules - côté,,,,,,,,,,,1,1,1,8.0,3.0
201000008636,0010-06-26 09:30:00,10,6,26,9,30,630,40,,,,Plein jour,Hors agglomération,Hors intersection,Normale,Deux véhicules - côté,,,,,,,,,,,1,1,1,1.0,3.0
201000008637,0010-06-26 11:00:00,10,6,26,11,0,630,365,,45.632,3.412,Plein jour,Hors agglomération,Hors intersection,Normale,Trois véhicules et plus - collisions multiples,,,,,,,,,,,1,1,1,1.0,5.0
201000008638,0010-07-23 21:00:00,10,7,23,21,0,630,40,rue Pierre Pothier,,,Plein jour,En agglomération,Hors intersection,Normale,Sans collision,,,,,,,,,,,1,2,1,1.0,7.0
201000008639,0010-07-31 19:45:00,10,7,31,19,45,630,368,rue de la mairie,45.699,3.311,Plein jour,En agglomération,Hors intersection,Normale,Deux véhicules - côté,,,,,,,,,,,1,2,1,1.0,3.0
201000008640,0010-08-08 01:00:00,10,8,8,1,0,630,136,,,,Nuit sans éclairage public,Hors agglomération,Hors intersection,Normale,Deux véhicules - côté,,,,,,,,,,,3,1,1,1.0,3.0
201000008641,0010-08-09 22:15:00,10,8,9,22,15,630,40,rue de l'ancienne mairie,45.727,3.341,Nuit avec éclairage allumé,En agglomération,Hors intersection,Normale,Sans collision,,,,,,,,,,,5,2,1,1.0,7.0
201000008642,0010-08-15 18:15:00,10,8,15,18,15,630,368,,,,Plein jour,Hors agglomération,Hors intersection,Normale,Autre collision,,,,,,,,,,,1,1,1,1.0,6.0
201000008643,0010-09-12 14:00:00,10,9,12,14,0,630,229,,45.785,3.352,Plein jour,Hors agglomération,Intersection en X,Normale,Deux véhicules - frontale,,,,,,,,,,,1,1,2,1.0,1.0
201000008644,0010-09-15 15:00:00,10,9,15,15,0,630,40,carrefour  D 9 et 997 A,45.726,3.353,Plein jour,En agglomération,Intersection en X,Normale,Deux véhicules - côté,,,,,,,,,,,1,2,2,1.0,3.0
201000008645,0010-11-03 15:15:00,10,11,3,15,15,630,40,,45.718,3.349,Plein jour,Hors agglomération,Hors intersection,Normale,Deux véhicules - frontale,,,,,,,,,,,1,1,1,1.0,1.0
201000008646,0010-11-10 17:15:00,10,11,10,17,15,630,273,,,,Crépuscule ou aube,Hors agglomération,Hors intersection,Normale,Deux véhicules - frontale,,,,,,,,,,,2,1,1,1.0,1.0
201000008647,0010-11-12 19:15:00,10,11,12,19,15,630,40,avenue de la République,45.729,3.335,Nuit avec éclairage allumé,En agglomération,Hors intersection,Normale,Autre collision,,,,,,,,,,,5,2,1,1.0,6.0
201000008648,0010-04-22 15:30:00,10,4,22,15,30,630,47,Bd Georges Clémenceau,45.593,2.742,Plein jour,En agglomération,Hors intersection,Normale,Autre collision,,,,,,,,,,,1,2,1,1.0,6.0
201000008649,0010-07-14 14:00:00,10,7,14,14,0,630,236,,45.601,2.835,Plein jour,Hors agglomération,Hors intersection,Normale,Autre collision,,,,,,,,,,,1,1,1,1.0,6.0
201000008650,0010-08-28 17:30:00,10,8,28,17,30,630,236,,45.568,2.832,Plein jour,Hors agglomération,Hors intersection,Temps éblouissant,Sans collision,,,,,,,,,,,1,1,1,7.0,7.0
201000008651,0010-09-22 12:45:00,10,9,22,12,45,630,246,,45.601,2.754,Plein jour,Hors agglomération,Hors intersection,Normale,Sans collision,,,,,,,,,,,1,1,1,1.0,7.0
201000008652,0010-11-13 10:00:00,10,11,13,10,0,630,236,,,,Plein jour,Hors agglomération,Hors intersection,Normale,Sans collision,,,,,,,,,,,1,1,1,1.0,7.0
201000008653,0010-12-21 04:45:00,10,12,21,4,45,630,246,,45.602,2.734,Nuit sans éclairage public,Hors agglomération,Hors intersection,Autre,Autre collision,,,,,,,,,,,3,1,1,9.0,6.0
201000008654,0010-01-13 15:15:00,10,1,13,15,15,630,263,La Font de l'Arbre,45.773,3.025,Plein jour,En agglomération,Hors intersection,Normale,Autre collision,,,,,,,,,,,1,2,1,1.0,6.0