accident_id,datetime,annee,mois,jour,heure,minute,departement,commune_insee,adresse,latitude,longitude,luminosite,agglomeration,intersection,meteo,collision,nb_vehicules,nb_usagers,nb_indemnes,nb_tues,nb_blesses_hosp,nb_blesses_legers,age_cond_1,age_cond_2,veh_type_cond_1,veh_type_cond_2,lum_code,agg_code,int_code,atm_code,col_code
201000008655,0010-01-14 08:15:00,10,1,14,8,15,630,263,,,,Plein jour,Hors agglomération,Hors intersection,Pluie légère,Deux véhicules - côté,,,,,,,,,,,1,1,1,2.0,3.0
201000008656,0010-01-22 07:45:00,10,1,22,7,45,630,42,route de CEBAZAT,,,Crépuscule ou aube,En agglomération,Hors intersection,Normale,Autre collision,,,,,,,,,,,2,2,1,1.0,6.0
201000008657,0010-02-03 09:30:00,10,2,3,9,30,630,417,,,,Plein jour,Hors agglomération,Hors intersection,Autre,Deux véhicules - frontale,,,,,,,,,,,1,1,1,9.0,1.0
201000008658,0010-04-29 11:15:00,10,4,29,11,15,630,263,,,,Plein jour,Hors agglomération,Hors intersection,Normale,Sans collision,,,,,,,,,,,1,1,1,1.0,7.0
201000008659,0010-06-26 16:15:00,10,6,26,16,15,630,417,,,,Plein jour,Hors agglomération,Hors intersection,Normale,Deux véhicules - arrière,,,,,,,,,,,1,1,1,1.0,2.0
201000008660,0010-07-25 16:45:00,10,7,25,16,45,630,284,Rond point des vortilles,45.8,3.241,Plein jour,En agglomération,Giratoire,Normale,Deux véhicules - côté,,,,,,,,,,,1,2,6,1.0,3.0
201000008661,0010-08-26 22:00:00,10,8,26,22,0,630,213,,,,Nuit sans éclairage public,Hors agglomération,Hors intersection,Normale,Sans collision,,,,,,,,,,,3,1,1,1.0,7.0
201000008662,0010-10-28 19:00:00,10,10,28,19,0,630,284,,45.78336,3.23785,Nuit sans éclairage public,Hors agglomération,Hors intersection,Normale,Deux véhicules - frontale,,,,,,,,,,,3,1,1,1.0,1.0
201000008663,0010-11-07 02:30:00,10,11,7,2,30,630,204,,45.808,3.202,Nuit sans éclairage public,Hors agglomération,Hors intersection,Normale,Autre collision,,,,,,,,,,,3,1,1,1.0,6.0
201000008664,0010-11-13 16:00:00,10,11,13,16,0,630,284,rond point de canilhac,45.799,3.23,Plein jour,En agglomération,Giratoire,Normale,Deux véhicules - côté,,,,,,,,,,,1,2,6,1.0,3.0
201000008665,0010-11-29 20:00:00,10,11,29,20,0,630,133,,45.788,3.25,Nuit sans éclairage public,Hors agglomération,Hors intersection,Autre,Deux véhicules - frontale,,,,,,,,,,,3,1,1,9.0,1.0
201000008666,0010-12-20 13:45:00,10,12,20,13,45,630,200,,45.847,3.214,Plein jour,Hors agglomération,Hors intersection,Normale,Deux véhicules - côté,,,,,,,,,,,1,1,1,1.0,3.0
201000008667,0010-12-20 19:45:00,10,12,20,19,45,630,213,,,,Nuit sans éclairage public,Hors agglomération,Hors intersection,Normale,Trois véhicules et plus - collisions multiples,,,,,,,,,,,3,1,1,1.0,5.0
201000008668,0010-02-07 16:00:00,10,2,7,16,0,630,451,,45.679,2.897,Plein jour,Hors agglomération,Hors intersection,Temps couvert,Sans collision,,,,,,,,,,,1,1,1,8.0,7.0
201000008669,0010-06-20 14:45:00,10,6,20,14,45,630,386,,45.738,2.818,Plein jour,Hors agglomération,Hors intersection,Pluie légère,Deux véhicules - frontale,,,,,,,,,,,1,1,1,2.0,1.0
201000008670,0010-06-23 14:45:00,10,6,23,14,45,630,163,,45.768,2.797,Plein jour,Hors agglomération,Hors intersection,Temps éblouissant,Deux véhicules - côté,,,,,,,,,,,1,1,1,7.0,3.0
201000008671,0010-07-28 10:45:00,10,7,28,10,45,630,386,,45.712,2.812,Plein jour,Hors agglomération,Hors intersection,Normale,Deux véhicules - arrière,,,,,,,,,,,1,1,1,1.0,2.0
201000008672,0010-10-09 15:00:00,10,10,9,15,0,630,48,,45.659,2.574,Plein jour,Hors agglomération,Hors intersection,Normale,Autre collision,,,,,,,,,,,1,1,1,1.0,6.0
201000008673,0010-01-15 08:30:00,10,1,15,8,30,630,26,,,,Plein jour,Hors agglomération,Hors intersection,Temps couvert,Deux véhicules - frontale,,,,,,,,,,,1,1,1,8.0,1.0
201000008674,0010-02-06 04:15:00,10,2,6,4,15,630,26,,,,Nuit sans éclairage public,Hors agglomération,Hors intersection,Neige / grêle,Autre collision,,,,,,,,,,,3,1,1,4.0,6.0
201000008675,0010-02-27 12:30:00,10,2,27,12,30,630,262,,45.714,3.166,Plein jour,Hors agglomération,Autre intersection,Normale,Deux véhicules - côté,,,,,,,,,,,1,1,9,1.0,3.0
201000008676,0010-03-19 16:15:00,10,3,19,16,15,630,282,,45.61,3.152,Plein jour,Hors agglomération,Hors intersection,Temps couvert,Autre collision,,,,,,,,,,,1,1,1,8.0,6.0
201000008677,0010-03-23 15:00:00,10,3,23,15,0,630,205,,45.618,3.359,Plein jour,Hors agglomération,Hors intersection,Normale,Sans collision,,,,,,,,,,,1,1,1,1.0,7.0
201000008678,0010-04-20 14:30:00,10,4,20,14,30,630,302,,45.705,3.134,Plein jour,Hors agglomération,Hors intersection,Normale,Deux véhicules - côté,,,,,,,,,,,1,1,1,1.0,3.0
201000008679,0010-04-21 07:30:00,10,4,21,7,30,630,26,,45.665,3.041,Plein jour,Hors agglomération,Hors intersection,Normale,Deux véhicules - frontale,,,,,,,,,,,1,1,1,1.0,1.0
201000008680,0010-04-19 17:00:00,10,4,19,17,0,630,396,,,,Plein jour,Hors agglomération,Hors intersection,Normale,Deux véhicules - côté,,,,,,,,,,,1,1,1,1.0,3.0
201000008681,0010-04-25 15:15:00,10,4,25,15,15,630,126,,,,Plein jour,Hors agglomération,Hors intersection,Normale,Autre collision,,,,,,,,,,,1,1,1,1.0,6.0
201000008682,0010-05-21 17:45:00,10,5,21,17,45,630,177,,45.656,3.387,Plein jour,Hors agglomération,Hors intersection,Normale,Deux véhicules - frontale,,,,,,,,,,,1,1,1,1.0,1.0
201000008683,0010-06-05 00:15:00,10,6,5,0,15,630,396,11 rue principale,,,Nuit avec éclairage allumé,En agglomération,Hors intersection,Normale,Deux véhicules - frontale,,,,,,,,,,,5,2,1,1.0,1.0
201000008684,0010-06-22 12:00:00,10,6,22,12,0,630,126,RD3,,,Plein jour,En agglomération,Hors intersection,Normale,Autre collision,,,,,,,,,,,1,2,1,1.0,6.0
201000008685,0010-07-18 14:30:00,10,7,18,14,30,630,26,Rouillas- bas à AYDAT,,,Plein jour,En agglomération,Hors intersection,Normale,Deux véhicules - frontale,,,,,,,,,,,1,2,1,1.0,1.0
201000008686,0010-08-17 17:45:00,10,8,17,17,45,630,126,Fontaine vieille,45.691,3.129,Plein jour,En agglomération,Hors intersection,Normale,Deux véhicules - frontale,,,,,,,,,,,1,2,1,1.0,1.0
201000008687,0010-08-28 10:15:00,10,8,28,10,15,630,425,CD 8,,,Plein jour,En agglomération,Hors intersection,Normale,Autre collision,,,,,,,,,,,1,2,1,1.0,6.0
201000008688,0010-09-10 08:30:00,10,9,10,8,30,630,126,,45.682,3.135,Plein jour,Hors agglomération,Hors intersection,Normale,Deux véhicules - frontale,,,,,,,,,,,1,1,1,1.0,1.0
201000008689,0010-09-10 15:30:00,10,9,10,15,30,630,214,50 rue jean zay,45.687,3.193,Plein jour,En agglomération,Hors intersection,Normale,Deux véhicules - frontale,,,,,,,,,,,1,2,1,1.0,1.0
201000008690,0010-11-04 13:15:00,10,11,4,13,15,630,21,Rue Guyot Dessaigne,45.635,3.183,Plein jour,En agglomération,Hors intersection,Normale,Sans collision,,,,,,,,,,,1,2,1,1.0,7.0
201000008691,0010-06-19 12:30:00,10,6,19,12,30,630,179,,45.618,3.721,Plein jour,Hors agglomération,Hors intersection,Pluie forte,Deux véhicules - frontale,,,,,,,,,,,1,1,1,3.0,1.0
201000008692,0010-06-19 14:00:00,10,6,19,14,0,630,10,,45.423,3.692,Plein jour,Hors agglomération,Hors intersection,Pluie légère,Deux véhicules - côté,,,,,,,,,,,1,1,1,2.0,3.0
201000008693,0010-06-28 14:15:00,10,6,28,14,15,630,139,,45.395,3.738,Plein jour,Hors agglomération,Hors intersection,Normale,Deux véhicules - frontale,,,,,,,,,,,1,1,1,1.0,1.0
201000008694,0010-07-19 10:00:00,10,7,19,10,0,630,3,RUE DU 08 MAI 19455,45.55,3.745,Plein jour,En agglomération,Hors intersection,Normale,Deux véhicules - côté,,,,,,,,,,,1,2,1,1.0,3.0
201000008695,0010-08-17 09:15:00,10,8,17,9,15,630,3,,45.554,3.742,Plein jour,En agglomération,Intersection en T,Normale,Deux véhicules - côté,,,,,,,,,,,1,2,3,1.0,3.0
201000008696,0010-08-17 13:45:00,10,8,17,13,45,630,3,av du docteur Chassaing,45.55,3.74,Plein jour,En agglomération,Hors intersection,Normale,Deux véhicules - côté,,,,,,,,,,,1,2,1,1.0,3.0
201000008697,0010-08-27 20:15:00,10,8,27,20,15,630,81,,45.528,3.694,Plein jour,Hors agglomération,Hors intersection,Normale,Deux véhicules - frontale,,,,,,,,,,,1,1,1,1.0,1.0
201000008698,0010-10-22 13:45:00,10,10,22,13,45,630,341,,45.537,3.729,Plein jour,Hors agglomération,Hors intersection,Normale,Deux véhicules - frontale,,,,,,,,,,,1,1,1,1.0,1.0
201000008699,0010-05-02 03:45:00,10,5,2,3,45,630,454,Le bourg,,,Nuit sans éclairage public,En agglomération,Hors intersection,Normale,Autre collision,,,,,,,,,,,3,2,1,1.0,6.0
201000008700,0010-06-04 16:45:00,10,6,4,16,45,630,57,,45.685,3.73,Plein jour,Hors agglomération,Hors intersection,Normale,Sans collision,,,,,,,,,,,1,1,1,1.0,7.0
201000008701,0010-05-04 08:30:00,10,5,4,8,30,630,319,,45.522,3.939,Plein jour,Hors agglomération,Hors intersection,Neige / grêle,Deux véhicules - frontale,,,,,,,,,,,1,1,1,4.0,1.0
201000008702,0010-09-17 17:15:00,10,9,17,17,15,630,394,,45.496,3.894,Nuit sans éclairage public,Hors agglomération,Hors intersection,Normale,Autre collision,,,,,,,,,,,3,1,1,1.0,6.0
201000008703,0010-09-20 17:45:00,10,9,20,17,45,630,394,,45.486,3.9,Plein jour,Hors agglomération,Hors intersection,Normale,Deux véhicules - frontale,,,,,,,,,,,1,1,1,1.0,1.0
201000008704,0010-10-09 18:00:00,10,10,9,18,0,630,319,,45.546,3.948,Plein jour,Hors agglomération,Hors intersection,Normale,Deux véhicules - arrière,,,,,,,,,,,1,1,1,1.0,2.0
201000008705,0010-07-26 12:45:00,10,7,26,12,45,630,314,,45.587,3.603,Plein jour,Hors agglomération,Hors intersection,Temps couvert,Deux véhicules - frontale,,,,,,,,,,,1,1,1,8.0,1.0
201000008706,0010-12-31 12:00:00,10,12,31,12,0,630,178,route de parentignat,45.546,3.263,Plein jour,En agglomération,Hors intersection,Normale,Autre collision,,,,,,,,,,,1,2,1,1.0,6.0
201000008707,0010-01-28 19:00:00,10,1,28,19,0,630,178,Boulevard Kennedy,45.558,3.25,Nuit avec éclairage allumé,En agglomération,Hors intersection,Normale,Deux véhicules - côté,,,,,,,,,,,5,2,1,1.0,3.0
201000008708,0010-05-12 20:00:00,10,5,12,20,0,630,178,boulevard triozon bayle,45.54,3.25,Plein jour,En agglomération,Hors intersection,Normale,Deux véhicules - arrière,,,,,,,,,,,1,2,1,1.0,2.0
201000008709,0010-06-27 09:30:00,10,6,27,9,30,630,234,,,,Plein jour,Hors agglomération,Hors intersection,Normale,Sans collision,,,,,,,,,,,1,1,1,1.0,7.0
201000008710,0010-07-02 17:30:00,10,7,2,17,30,630,178,Route de Perrier RD996,45.548,3.233,Plein jour,En agglomération,Hors intersection,Normale,Deux véhicules - arrière,,,,,,,,,,,1,2,1,1.0,2.0
201000008711,0010-07-17 00:45:00,10,7,17,0,45,630,275,,45.555,3.188,Nuit sans éclairage public,Hors agglomération,Hors intersection,Normale,Autre collision,,,,,,,,,,,3,1,1,1.0,6.0
201000008712,0010-09-01 12:00:00,10,9,1,12,0,630,178,Boulevard Triozon Bayle,,,Plein jour,En agglomération,Giratoire,Normale,Deux véhicules - côté,,,,,,,,,,,1,2,6,1.0,3.0
201000008713,0010-09-21 17:00:00,10,9,21,17,0,630,18,,45.571,3.326,Plein jour,Hors agglomération,Intersection en X,Normale,Deux véhicules - côté,,,,,,,,,,,1,1,2,1.0,3.0
201000008714,0010-10-04 20:00:00,10,10,4,20,0,630,178,ROUTE DE PERRIER,,,Nuit avec éclairage allumé,En agglomération,Hors intersection,Pluie forte,Deux véhicules - arrière,,,,,,,,,,,5,2,1,3.0,2.0
201000008715,0010-10-24 11:00:00,10,10,24,11,0,630,234,,,,Plein jour,Hors agglomération,Hors intersection,Pluie forte,Deux véhicules - frontale,,,,,,,,,,,1,1,1,3.0,1.0
201000008716,0010-12-30 09:45:00,10,12,30,9,45,630,178,bd de la sous-préfecture,45.547,3.25,Plein jour,En agglomération,Hors intersection,Temps éblouissant,Deux véhicules - frontale,,,,,,,,,,,1,2,1,7.0,1.0
201000008717,0010-04-07 14:00:00,10,4,7,14,0,630,335,,45.552,3.006,Plein jour,Hors agglomération,Hors intersection,Normale,Sans collision,,,,,,,,,,,1,1,1,1.0,7.0
201000008718,0010-06-26 12:00:00,10,6,26,12,0,630,38,,,,Plein jour,Hors agglomération,Hors intersection,Normale,Sans collision,,,,,,,,,,,1,1,1,1.0,7.0
201000008719,0010-05-06 07:30:00,10,5,6,7,30,630,366,le bourg,,,Plein jour,En agglomération,Hors intersection,Normale,Autre collision,,,,,,,,,,,1,2,1,1.0,6.0
201000008720,0010-05-19 13:30:00,10,5,19,13,30,630,50,Route de La Combelle,,,Plein jour,En agglomération,Hors intersection,Normale,Deux véhicules - frontale,,,,,,,,,,,1,2,1,1.0,1.0
201000008721,0010-09-19 14:30:00,10,9,19,14,30,630,366,,,,Plein jour,Hors agglomération,Intersection en T,Normale,Deux véhicules - frontale,,,,,,,,,,,1,1,3,1.0,1.0
201000008722,0010-11-01 13:00:00,10,11,1,13,0,630,448,,,,Plein jour,Hors agglomération,Hors intersection,Brouillard / fumée,Deux véhicules - frontale,,,,,,,,,,,1,1,1,5.0,1.0
201000008723,0010-12-11 01:15:00,10,12,11,1,15,630,367,,,,Nuit sans éclairage public,Hors agglomération,Hors intersection,Normale,Sans collision,,,,,,,,,,,3,1,1,1.0,7.0
201000008724,0010-02-04 08:30:00,10,2,4,8,30,630,52,,45.471,3.266,Plein jour,En agglomération,Hors intersection,Temps couvert,Autre collision,,,,,,,,,,,1,2,1,8.0,6.0
201000008725,0010-06-28 21:00:00,10,6,28,21,0,630,439,,45.52,3.346,Plein jour,Hors agglomération,Hors intersection,Normale,Autre collision,,,,,,,,,,,1,1,1,1.0,6.0
201000008726,0010-07-03 19:00:00,10,7,3,19,0,630,202,Le bourg,45.436,3.188,Plein jour,En agglomération,Hors intersection,Normale,Deux véhicules - frontale,,,,,,,,,,,1,2,1,1.0,1.0
201000008727,0010-08-17 13:00:00,10,8,17,13,0,630,74,,45.458,3.213,Plein jour,Hors agglomération,Hors intersection,Normale,Deux véhicules - arrière,,,,,,,,,,,1,1,1,1.0,2.0
201000008728,0010-09-21 08:15:00,10,9,21,8,15,630,17,,45.411,3.188,Plein jour,Hors agglomération,Hors intersection,Normale,Autre collision,,,,,,,,,,,1,1,1,1.0,6.0
201000008729,0010-01-14 07:30:00,10,1,14,7,30,630,426,,45.588,2.648,Crépuscule ou aube,Hors agglomération,Hors intersection,Pluie légère,Sans collision,,,,,,,,,,,2,1,1,2.0,7.0
201000008730,0010-01-28 11:15:00,10,1,28,11,15,630,397,,45.607,2.704,Plein jour,Hors agglomération,Hors intersection,Neige / grêle,Sans collision,,,,,,,,,,,1,1,1,4.0,7.0
201000008731,0010-03-29 17:30:00,10,3,29,17,30,630,426,,45.557,2.619,Plein jour,Hors agglomération,Hors intersection,Normale,Trois véhicules et plus - collisions multiples,,,,,,,,,,,1,1,1,1.0,5.0
201000008732,0010-05-10 18:30:00,10,5,10,18,30,630,397,le pont,,,Plein jour,En agglomération,Hors intersection,Temps éblouissant,Deux véhicules - frontale,,,,,,,,,,,1,2,1,7.0,1.0
201000008733,0010-06-03 08:45:00,10,6,3,8,45,630,397,,45.608,2.699,Plein jour,Hors agglomération,Hors intersection,Normale,Deux véhicules - frontale,,,,,,,,,,,1,1,1,1.0,1.0
201000008734,0010-06-14 15:30:00,10,6,14,15,30,630,397,,45.627,2.689,Plein jour,Hors agglomération,Hors intersection,Normale,Deux véhicules - frontale,,,,,,,,,,,1,1,1,1.0,1.0
201000008735,0010-09-01 16:45:00,10,9,1,16,45,630,426,,45.59,2.648,Plein jour,Hors agglomération,Hors intersection,Normale,Deux véhicules - frontale,,,,,,,,,,,1,1,1,1.0,1.0
201000008736,0010-05-15 17:00:00,10,5,15,17,0,630,327,boulevard DESAIX,45.934,3.113,Plein jour,En agglomération,Hors intersection,Normale,Deux véhicules - côté,,,,,,,,,,,1,2,1,1.0,3.0
201000008737,0010-03-22 17:45:00,10,3,22,17,45,630,116,,46.007,3.06,Plein jour,Hors agglomération,Hors intersection,Normale,Sans collision,,,,,,,,,,,1,1,1,1.0,7.0
201000008738,0010-06-17 23:00:00,10,6,17,23,0,630,358,,46.044,3.073,Nuit sans éclairage public,Hors agglomération,Hors intersection,Pluie légère,Deux véhicules - frontale,,,,,,,,,,,3,1,1,2.0,1.0
201000008739,0010-07-08 09:00:00,10,7,8,9,0,630,116,46 belle allée,45.988,3.09,Plein jour,En agglomération,Hors intersection,Normale,Autre collision,,,,,,,,,,,1,2,1,1.0,6.0
201000008740,0010-09-13 21:15:00,10,9,13,21,15,630,288,,45.95,3.07,Nuit sans éclairage public,Hors agglomération,Hors intersection,Normale,Autre collision,,,,,,,,,,,3,1,1,1.0,6.0
201000008741,0010-10-15 19:45:00,10,10,15,19,45,630,135,01 impasse des mottes,45.952,3.11,Nuit avec éclairage allumé,En agglomération,Hors intersection,Temps couvert,Autre collision,,,,,,,,,,,5,2,1,8.0,6.0
201000008742,0010-12-29 12:00:00,10,12,29,12,0,630,13,,45.98,3.18,Plein jour,Hors agglomération,Intersection en X,Normale,Deux véhicules - côté,,,,,,,,,,,1,1,2,1.0,3.0
201000008743,0010-01-26 07:45:00,10,1,26,7,45,630,443,route de RIOM,,,Plein jour,En agglomération,Hors intersection,Normale,Deux véhicules - frontale,,,,,,,,,,,1,2,1,1.0,1.0
201000008744,0010-02-02 07:15:00,10,2,2,7,15,630,295,,46.007,3.357,Crépuscule ou aube,Hors agglomération,Hors intersection,Normale,Deux véhicules - frontale,,,,,,,,,,,2,1,1,1.0,1.0
201000008745,0010-02-01 20:00:00,10,2,1,20,0,630,362,,45.926,3.245,Nuit sans éclairage public,Hors agglomération,Hors intersection,Autre,Sans collision,,,,,,,,,,,3,1,1,9.0,7.0
201000008746,0010-02-14 20:15:00,10,2,14,20,15,630,322,,45.764,0.053,Nuit sans éclairage public,Hors agglomération,Hors intersection,Normale,Deux véhicules - frontale,,,,,,,,,,,3,1,1,1.0,1.0
201000008747,0010-03-12 23:00:00,10,3,12,23,0,630,432,,45.972,3.253,Nuit sans éclairage public,Hors agglomération,Hors intersection,Normale,Autre collision,,,,,,,,,,,3,1,1,1.0,6.0
201000008748,0010-03-25 23:45:00,10,3,25,23,45,630,333,,,,Nuit sans éclairage public,Hors agglomération,Hors intersection,Normale,Autre collision,,,,,,,,,,,3,1,1,1.0,6.0
201000008749,0010-03-27 21:45:00,10,3,27,21,45,630,333,,45.963,3.334,Nuit sans éclairage public,Hors agglomération,Hors intersection,Pluie légère,Sans collision,,,,,,,,,,,3,1,1,2.0,7.0
201000008750,0010-04-11 10:15:00,10,4,11,10,15,630,33,,45.996,3.382,Plein jour,Hors agglomération,Hors intersection,Normale,Autre collision,,,,,,,,,,,1,1,1,1.0,6.0
201000008751,0010-04-16 16:30:00,10,4,16,16,30,630,148,,,,Plein jour,Hors agglomération,Hors intersection,Normale,Trois véhicules et plus - collisions multiples,,,,,,,,,,,1,1,1,1.0,5.0
201000008752,0010-05-06 16:15:00,10,5,6,16,15,630,148,Place Etienne Clémentel,,,Plein jour,En agglomération,Hors intersection,Normale,Autre collision,,,,,,,,,,,1,2,1,1.0,6.0
201000008753,0010-05-20 14:45:00,10,5,20,14,45,630,443,,45.935,3.172,Plein jour,Hors agglomération,Intersection en X,Normale,Deux véhicules - côté,,,,,,,,,,,1,1,2,1.0,3.0
201000008754,0010-05-28 17:30:00,10,5,28,17,30,630,232,,,,Plein jour,Hors agglomération,Hors intersection,Normale,Deux véhicules - frontale,,,,,,,,,,,1,1,1,1.0,1.0
201000008755,0010-06-01 15:00:00,10,6,1,15,0,630,424,,,,Plein jour,Hors agglomération,Hors intersection,Normale,Deux véhicules - arrière,,,,,,,,,,,1,1,1,1.0,2.0
201000008756,0010-07-26 15:15:00,10,7,26,15,15,630,387,LIEU DIT LES GUINARD,46.02,3.45,Plein jour,En agglomération,Hors intersection,Normale,Deux véhicules - frontale,,,,,,,,,,,1,2,1,1.0,1.0
201000008757,0010-08-29 13:45:00,10,8,29,13,45,630,30,,,,Plein jour,Hors agglomération,Intersection en X,Normale,Deux véhicules - côté,,,,,,,,,,,1,1,2,1.0,3.0
201000008758,0010-09-15 08:15:00,10,9,15,8,15,630,148,carrefour rue du stade,,,Plein jour,En agglomération,Hors intersection,Temps couvert,Deux véhicules - côté,,,,,,,,,,,1,2,1,8.0,3.0
201000008759,0010-09-27 07:00:00,10,9,27,7,0,630,13,,,,Crépuscule ou aube,Hors agglomération,Hors intersection,Normale,Deux véhicules - côté,,,,,,,,,,,2,1,1,1.0,3.0
201000008760,0010-12-26 10:00:00,10,12,26,10,0,630,295,30 Rue du Puy de Dôme,,,Plein jour,En agglomération,Hors intersection,Normale,Autre collision,,,,,,,,,,,1,2,1,1.0,6.0
201000008761,0010-03-05 17:45:00,10,3,5,17,45,630,464,,,,Plein jour,Hors agglomération,Hors intersection,Normale,Sans collision,,,,,,,,,,,1,1,1,1.0,7.0
201000008762,0010-10-04 15:00:00,10,10,4,15,0,630,93,,46.007,2.99,Plein jour,Hors agglomération,Hors intersection,Normale,Sans collision,,,,,,,,,,,1,1,1,1.0,7.0
201000008763,0010-03-11 08:00:00,10,3,11,8,0,630,228,,45.908,2.723,Plein jour,Hors agglomération,Hors intersection,Neige / grêle,Deux véhicules - frontale,,,,,,,,,,,1,1,1,4.0,1.0
201000008764,0010-04-21 16:15:00,10,4,21,16,15,630,285,RD 943,45.839,2.849,Plein jour,En agglomération,Hors intersection,Normale,Deux véhicules - frontale,,,,,,,,,,,1,2,1,1.0,1.0
201000008765,0010-04-25 12:45:00,10,4,25,12,45,630,85,,45.905,2.859,Plein jour,Hors agglomération,Hors intersection,Normale,Deux véhicules - arrière,,,,,,,,,,,1,1,1,1.0,2.0
201000008766,0010-05-31 10:30:00,10,5,31,10,30,630,460,,45.91,2.646,Plein jour,Hors agglomération,Intersection en X,Normale,Deux véhicules - côté,,,,,,,,,,,1,1,2,1.0,3.0
201000008767,0010-06-13 17:00:00,10,6,13,17,0,630,110,,45.794,2.705,Plein jour,Hors agglomération,Hors intersection,Normale,Deux véhicules - frontale,,,,,,,,,,,1,1,1,1.0,1.0
201000008768,0010-06-19 18:15:00,10,6,19,18,15,630,381,,45.839,2.866,Plein jour,Hors agglomération,Hors intersection,Pluie légère,Deux véhicules - arrière,,,,,,,,,,,1,1,1,2.0,2.0
201000008769,0010-10-16 06:30:00,10,10,16,6,30,630,381,,45.838,2.877,Nuit sans éclairage public,Hors agglomération,Hors intersection,Pluie légère,Autre collision,,,,,,,,,,,3,1,1,2.0,6.0
201000008770,0010-11-18 06:45:00,10,11,18,6,45,630,381,,45.824,2.925,Nuit sans éclairage public,Hors agglomération,Hors intersection,Neige / grêle,Autre collision,,,,,,,,,,,3,1,1,4.0,6.0
201000008771,0010-12-18 04:30:00,10,12,18,4,30,630,460,,45.898,2.647,Nuit sans éclairage public,Hors agglomération,Hors intersection,Neige / grêle,Autre collision,,,,,,,,,,,3,1,1,4.0,6.0
201000008772,0010-02-08 09:00:00,10,2,8,9,0,630,391,,46.092,2.965,Plein jour,Hors agglomération,Hors intersection,Temps couvert,Deux véhicules - frontale,,,,,,,,,,,1,1,1,8.0,1.0
201000008773,0010-03-28 17:00:00,10,3,28,17,0,630,338,Rue de Vernade,46.178,2.839,Plein jour,En agglomération,Hors intersection,Normale,Deux véhicules - frontale,,,,,,,,,,,1,2,1,1.0,1.0
201000008774,0010-05-16 02:15:00,10,5,16,2,15,630,338,,46.153,2.826,Nuit avec éclairage allumé,Hors agglomération,Hors intersection,Normale,Autre collision,,,,,,,,,,,5,1,1,1.0,6.0
201000008775,0010-06-16 14:00:00,10,6,16,14,0,630,419,,46.14,2.945,Plein jour,Hors agglomération,Hors intersection,Pluie forte,Autre collision,,,,,,,,,,,1,1,1,3.0,6.0
201000008776,0010-08-21 17:30:00,10,8,21,17,30,630,419,,46.14,2.927,Plein jour,Hors agglomération,Hors intersection,Normale,Deux véhicules - frontale,,,,,,,,,,,1,1,1,1.0,1.0
201000008777,0010-09-22 13:00:00,10,9,22,13,0,630,223,,46.105,2.931,Plein jour,Hors agglomération,Hors intersection,Normale,Autre collision,,,,,,,,,,,1,1,1,1.0,6.0
201000008778,0010-11-12 10:00:00,10,11,12,10,0,630,338,,46.174,2.823,Plein jour,Hors agglomération,Hors intersection,Pluie légère,Sans collision,,,,,,,,,,,1,1,1,2.0,7.0
201000008779,0010-01-13 07:00:00,10,1,13,7,0,630,67,,46.104,2.72,Crépuscule ou aube,Hors agglomération,Hors intersection,Neige / grêle,Sans collision,,,,,,,,,,,2,1,1,4.0,7.0
201000008780,0010-03-06 02:00:00,10,3,6,2,0,630,388,,46.0,2.763,Nuit sans éclairage public,Hors agglomération,Hors intersection,Normale,Sans collision,,,,,,,,,,,3,1,1,1.0,7.0
201000008781,0010-07-01 18:30:00,10,7,1,18,30,630,354,,,,Plein jour,Hors agglomération,Hors intersection,Normale,Deux véhicules - frontale,,,,,,,,,,,1,1,1,1.0,1.0
201000008782,0010-08-09 20:30:00,10,8,9,20,30,630,94,,,,Plein jour,Hors agglomération,Hors intersection,Normale,Autre collision,,,,,,,,,,,1,1,1,1.0,6.0
201000008783,0010-10-22 11:45:00,10,10,22,11,45,630,293,,,,Plein jour,Hors agglomération,Hors intersection,Normale,Deux véhicules - frontale,,,,,,,,,,,1,1,1,1.0,1.0
201000008784,0010-12-28 19:00:00,10,12,28,19,0,630,206,route de MANZAT,,,Nuit avec éclairage allumé,En agglomération,Hors intersection,Pluie légère,Autre collision,,,,,,,,,,,5,2,1,2.0,6.0
201000008785,0010-02-06 10:45:00,10,2,6,10,45,630,430,,45.842,3.507,Plein jour,Hors agglomération,Hors intersection,Temps couvert,Deux véhicules - frontale,,,,,,,,,,,1,1,1,8.0,1.0
201000008786,0010-02-26 07:30:00,10,2,26,7,30,630,231,ZA RACINE,45.882,3.624,Crépuscule ou aube,En agglomération,Hors intersection,Vent fort / tempête,Deux véhicules - frontale,,,,,,,,,,,2,2,1,6.0,1.0
201000008787,0010-03-02 17:30:00,10,3,2,17,30,630,393,,,,Plein jour,Hors agglomération,Hors intersection,Normale,Deux véhicules - frontale,,,,,,,,,,,1,1,1,1.0,1.0