accident_id,datetime,annee,mois,jour,heure,minute,departement,commune_insee,adresse,latitude,longitude,luminosite,agglomeration,intersection,meteo,collision,nb_vehicules,nb_usagers,nb_indemnes,nb_tues,nb_blesses_hosp,nb_blesses_legers,age_cond_1,age_cond_2,veh_type_cond_1,veh_type_cond_2,lum_code,agg_code,int_code,atm_code,col_code
201000009323,0010-01-06 13:30:00,10,1,6,13,30,570,206,Rue DESCARTES,,,Plein jour,En agglomération,Hors intersection,Normale,Trois véhicules et plus - collisions multiples,,,,,,,,,,,1,2,1,1.0,5.0
201000009324,0010-07-19 18:00:00,10,7,19,18,0,570,206,Parking Leclerc,,,Plein jour,En agglomération,Hors intersection,Normale,Deux véhicules - frontale,,,,,,,,,,,1,2,1,1.0,1.0
201000009325,0010-07-23 16:30:00,10,7,23,16,30,570,242,Rue louis Jost/ D54,,,Plein jour,En agglomération,Giratoire,Pluie légère,Sans collision,,,,,,,,,,,1,2,6,2.0,7.0
201000009326,0010-10-05 08:45:00,10,10,5,8,45,570,206,avenue de la feltière,,,Plein jour,En agglomération,Giratoire,Pluie légère,Deux véhicules - frontale,,,,,,,,,,,1,2,6,2.0,1.0
201000009327,0010-01-27 13:30:00,10,1,27,13,30,570,191,Route de Koenigsmacker,,,Plein jour,En agglomération,Hors intersection,Normale,Autre collision,,,,,,,,,,,1,2,1,1.0,6.0
201000009328,0010-02-16 17:15:00,10,2,16,17,15,570,343,Route de Thionvillle,,,Plein jour,En agglomération,Hors intersection,Temps couvert,Autre collision,,,,,,,,,,,1,2,1,8.0,6.0
201000009329,0010-05-03 18:00:00,10,5,3,18,0,570,531,,,,Plein jour,En agglomération,Hors intersection,Normale,Deux véhicules - frontale,,,,,,,,,,,1,2,1,1.0,1.0
201000009330,0010-05-05 17:15:00,10,5,5,17,15,570,269,,49.306,6.183,Plein jour,Hors agglomération,Hors intersection,Normale,Deux véhicules - côté,,,,,,,,,,,1,1,1,1.0,3.0
201000009331,0010-05-06 20:45:00,10,5,6,20,45,570,757,,,,Crépuscule ou aube,Hors agglomération,Giratoire,Pluie légère,Autre collision,,,,,,,,,,,2,1,6,2.0,6.0
201000009332,0010-05-20 08:00:00,10,5,20,8,0,570,102,,,,Plein jour,Hors agglomération,Intersection en X,Normale,Deux véhicules - côté,,,,,,,,,,,1,1,2,1.0,3.0
201000009333,0010-06-24 18:30:00,10,6,24,18,30,570,767,,,,Plein jour,Hors agglomération,Hors intersection,Normale,Autre collision,,,,,,,,,,,1,1,1,1.0,6.0
201000009334,0010-09-01 08:30:00,10,9,1,8,30,570,426,14 RUE DE METZ,,,Plein jour,En agglomération,Hors intersection,Normale,Deux véhicules - arrière,,,,,,,,,,,1,2,1,1.0,2.0
201000009335,0010-09-08 15:15:00,10,9,8,15,15,570,465,,,,Plein jour,Hors agglomération,Hors intersection,Normale,Autre collision,,,,,,,,,,,1,1,1,1.0,6.0
201000009336,0010-09-22 11:15:00,10,9,22,11,15,570,191,8 rue de picardie,49.374,6.29,Plein jour,En agglomération,Hors intersection,Normale,Deux véhicules - frontale,,,,,,,,,,,1,2,1,1.0,1.0
201000009337,0010-09-27 18:15:00,10,9,27,18,15,570,733,,,,Plein jour,Hors agglomération,Intersection en X,Normale,Deux véhicules - frontale,,,,,,,,,,,1,1,2,1.0,1.0
201000009338,0010-10-10 09:45:00,10,10,10,9,45,570,331,,49.303,6.353,Plein jour,Hors agglomération,Hors intersection,Normale,Deux véhicules - arrière,,,,,,,,,,,1,1,1,1.0,2.0
201000009339,0010-05-09 01:00:00,10,5,9,1,0,570,361,,,,Nuit sans éclairage public,Hors agglomération,Hors intersection,Normale,Autre collision,,,,,,,,,,,3,1,1,1.0,6.0
201000009340,0010-07-03 20:00:00,10,7,3,20,0,570,341,Rue St Fiacre,,,Plein jour,En agglomération,Hors intersection,Normale,Autre collision,,,,,,,,,,,1,2,1,1.0,6.0
201000009341,0010-07-25 17:15:00,10,7,25,17,15,570,740,,,,Plein jour,Hors agglomération,Hors intersection,Normale,Deux véhicules - côté,,,,,,,,,,,1,1,1,1.0,3.0
201000009342,0010-09-05 19:45:00,10,9,5,19,45,570,437,rue du Plan d'eau,,,Plein jour,En agglomération,Hors intersection,Normale,Deux véhicules - frontale,,,,,,,,,,,1,2,1,1.0,1.0
201000009343,0010-09-18 17:45:00,10,9,18,17,45,570,371,,,,Plein jour,Hors agglomération,Hors intersection,Normale,Deux véhicules - frontale,,,,,,,,,,,1,1,1,1.0,1.0
201000009344,0010-10-28 19:00:00,10,10,28,19,0,570,361,,,,Nuit sans éclairage public,Hors agglomération,Hors intersection,Normale,Deux véhicules - frontale,,,,,,,,,,,3,1,1,1.0,1.0
201000009345,0010-11-03 17:45:00,10,11,3,17,45,570,62,GRAND RUE -,,,Nuit avec éclairage allumé,En agglomération,Hors intersection,Normale,Autre collision,,,,,,,,,,,5,2,1,1.0,6.0
201000009346,0010-04-08 08:00:00,10,4,8,8,0,570,683,ROUTE DE METZ,,,Plein jour,En agglomération,Hors intersection,Normale,Autre collision,,,,,,,,,,,1,2,1,1.0,6.0
201000009347,0010-04-10 03:00:00,10,4,10,3,0,570,582,ROND POINT MARABOUT,,,Nuit sans éclairage public,En agglomération,Hors intersection,Temps couvert,Deux véhicules - frontale,,,,,,,,,,,3,2,1,8.0,1.0
201000009348,0010-05-11 22:45:00,10,5,11,22,45,570,582,RUE DE LA GARE,,,Nuit avec éclairage allumé,En agglomération,Hors intersection,Normale,Autre collision,,,,,,,,,,,5,2,1,1.0,6.0
201000009349,0010-05-23 18:45:00,10,5,23,18,45,570,683,clos du moulin,,,Plein jour,En agglomération,Hors intersection,Normale,Sans collision,,,,,,,,,,,1,2,1,1.0,7.0
201000009350,0010-06-09 09:15:00,10,6,9,9,15,570,683,N°16/18 ROUTE DE METZ,,,Plein jour,En agglomération,Hors intersection,Normale,Autre collision,,,,,,,,,,,1,2,1,1.0,6.0
201000009351,0010-07-02 18:00:00,10,7,2,18,0,570,474,route de metz - alliers,,,Plein jour,En agglomération,Giratoire,Normale,Deux véhicules - côté,,,,,,,,,,,1,2,6,1.0,3.0
201000009352,0010-10-14 17:15:00,10,10,14,17,15,570,683,"59, route d'Hayange",,,Plein jour,En agglomération,Hors intersection,Normale,Deux véhicules - côté,,,,,,,,,,,1,2,1,1.0,3.0
201000009353,0010-10-22 07:30:00,10,10,22,7,30,570,683,rue de l hotel de ville,,,Plein jour,En agglomération,Hors intersection,Brouillard / fumée,Autre collision,,,,,,,,,,,1,2,1,5.0,6.0
201000009354,0010-01-19 07:45:00,10,1,19,7,45,540,157,52 ave du Gal De Gaulle,,,Nuit avec éclairage allumé,En agglomération,Hors intersection,Brouillard / fumée,Autre collision,,,,,,,,,,,5,2,1,5.0,6.0
201000009355,0010-03-13 17:30:00,10,3,13,17,30,540,72,,48.8537,6.09638,Plein jour,Hors agglomération,Hors intersection,Normale,Deux véhicules - frontale,,,,,,,,,,,1,1,1,1.0,1.0
201000009356,0010-03-14 02:30:00,10,3,14,2,30,540,400,,48.8796,6.21559,Nuit sans éclairage public,Hors agglomération,Hors intersection,Normale,Autre collision,,,,,,,,,,,3,1,1,1.0,6.0
201000009357,0010-03-30 15:45:00,10,3,30,15,45,540,24,,48.8421,6.2825,Plein jour,Hors agglomération,Intersection en X,Normale,Deux véhicules - côté,,,,,,,,,,,1,1,2,1.0,3.0
201000009358,0010-04-24 16:15:00,10,4,24,16,15,540,31,,48.833,6.099,Plein jour,Hors agglomération,Hors intersection,Normale,Deux véhicules - arrière,,,,,,,,,,,1,1,1,1.0,2.0
201000009359,0010-05-30 18:00:00,10,5,30,18,0,540,157,RUE DE NELEU,48.841,6.064,Plein jour,En agglomération,Hors intersection,Normale,Autre collision,,,,,,,,,,,1,2,1,1.0,6.0
201000009360,0010-08-08 04:30:00,10,8,8,4,30,540,390,,48.9117,6.08707,Nuit sans éclairage public,Hors agglomération,Hors intersection,Normale,Autre collision,,,,,,,,,,,3,1,1,1.0,6.0
201000009361,0010-03-07 18:00:00,10,3,7,18,0,540,110,,48.6954,6.30653,Nuit sans éclairage public,Hors agglomération,Hors intersection,Normale,Autre collision,,,,,,,,,,,3,1,1,1.0,6.0
201000009362,0010-03-11 23:30:00,10,3,11,23,30,540,168,LE PIROUE,48.7409,6.24017,Nuit avec éclairage allumé,En agglomération,Hors intersection,Normale,Autre collision,,,,,,,,,,,5,2,1,1.0,6.0
201000009363,0010-03-15 18:30:00,10,3,15,18,30,540,6,,48.7263,6.23751,Crépuscule ou aube,Hors agglomération,Hors intersection,Normale,Deux véhicules - côté,,,,,,,,,,,2,1,1,1.0,3.0
201000009364,0010-06-11 20:00:00,10,6,11,20,0,540,462,,48.5999,6.33989,Plein jour,Hors agglomération,Hors intersection,Normale,Autre collision,,,,,,,,,,,1,1,1,1.0,6.0
201000009365,0010-06-21 21:45:00,10,6,21,21,45,540,110,,48.6994,6.29106,Nuit sans éclairage public,Hors agglomération,Hors intersection,Normale,Sans collision,,,,,,,,,,,3,1,1,1.0,7.0
201000009366,0010-06-25 21:00:00,10,6,25,21,0,540,358,6 RUE DE NANCY,48.7587,6.38111,Plein jour,En agglomération,Hors intersection,Normale,Autre collision,,,,,,,,,,,1,2,1,1.0,6.0
201000009367,0010-07-16 14:15:00,10,7,16,14,15,540,110,,48.6991,6.29157,Plein jour,Hors agglomération,Hors intersection,Normale,Deux véhicules - côté,,,,,,,,,,,1,1,1,1.0,3.0
201000009368,0010-02-17 18:30:00,10,2,17,18,30,540,115,RUE DE FROUARD,,,Nuit avec éclairage allumé,En agglomération,Hors intersection,Pluie légère,Autre collision,,,,,,,,,,,5,2,1,2.0,6.0
201000009369,0010-05-07 16:00:00,10,5,7,16,0,540,215,RUE DE LA LIBERATION,,,Plein jour,En agglomération,Hors intersection,Normale,Deux véhicules - frontale,,,,,,,,,,,1,2,1,1.0,1.0
201000009370,0010-05-20 15:00:00,10,5,20,15,0,540,115,10 RUE DE NANCY,48.7341,6.16894,Plein jour,En agglomération,Hors intersection,Normale,Autre collision,,,,,,,,,,,1,2,1,1.0,6.0
201000009371,0010-05-21 19:15:00,10,5,21,19,15,540,215,"103, RUE  HÔTEL DE VILLE",,,Plein jour,En agglomération,Hors intersection,Normale,Autre collision,,,,,,,,,,,1,2,1,1.0,6.0
201000009372,0010-06-04 10:30:00,10,6,4,10,30,540,215,AVENUE DE LA LIBÉRATION,,,Plein jour,En agglomération,Hors intersection,Normale,Deux véhicules - côté,,,,,,,,,,,1,2,1,1.0,3.0
201000009373,0010-06-09 16:45:00,10,6,9,16,45,540,430,AV DU GÉNÉRAL DE GAULLE,,,Plein jour,En agglomération,Hors intersection,Pluie légère,Sans collision,,,,,,,,,,,1,2,1,2.0,7.0
201000009374,0010-06-06 09:15:00,10,6,6,9,15,540,305,,,,Plein jour,En agglomération,Hors intersection,Pluie forte,Deux véhicules - côté,,,,,,,,,,,1,2,1,3.0,3.0
201000009375,0010-06-27 01:15:00,10,6,27,1,15,540,215,RUE DE METZ,,,Nuit avec éclairage allumé,En agglomération,Hors intersection,Normale,Deux véhicules - côté,,,,,,,,,,,5,2,1,1.0,3.0
201000009376,0010-07-06 19:15:00,10,7,6,19,15,540,430,05 AV DE GAULLE,,,Plein jour,En agglomération,Autre intersection,Normale,Deux véhicules - arrière,,,,,,,,,,,1,2,9,1.0,2.0
201000009377,0010-07-09 04:15:00,10,7,9,4,15,540,115,RUE DU PRÉSIDENT,,,Nuit avec éclairage allumé,En agglomération,Hors intersection,Normale,Sans collision,,,,,,,,,,,5,2,1,1.0,7.0
201000009378,0010-07-14 12:30:00,10,7,14,12,30,540,115,10 RUE DE NANCY,,,Plein jour,En agglomération,Hors intersection,Normale,Autre collision,,,,,,,,,,,1,2,1,1.0,6.0
201000009379,0010-07-23 10:15:00,10,7,23,10,15,540,150,ROND POINT LIBÉRATION,48.7901,6.14303,Plein jour,En agglomération,Giratoire,Normale,Deux véhicules - côté,,,,,,,,,,,1,2,6,1.0,3.0
201000009380,0010-09-09 17:30:00,10,9,9,17,30,540,150,RUE DU VAL DE FAULX,48.7945,6.15097,Plein jour,En agglomération,Hors intersection,Pluie légère,Autre collision,,,,,,,,,,,1,2,1,2.0,6.0
201000009381,0010-09-11 21:45:00,10,9,11,21,45,540,115,RUE DE NANCY,,,Nuit avec éclairage allumé,En agglomération,Hors intersection,Normale,Deux véhicules - frontale,,,,,,,,,,,5,2,1,1.0,1.0
201000009382,0010-09-13 08:15:00,10,9,13,8,15,540,115,RD POINT CHARLES DE GAUL,48.7443,6.16657,Plein jour,En agglomération,Giratoire,Normale,Deux véhicules - côté,,,,,,,,,,,1,2,6,1.0,3.0
201000009383,0010-11-14 18:45:00,10,11,14,18,45,540,150,,,,Nuit avec éclairage allumé,En agglomération,Hors intersection,Pluie légère,Autre collision,,,,,,,,,,,5,2,1,2.0,6.0
201000009384,0010-01-18 22:45:00,10,1,18,22,45,540,43,,,,Nuit sans éclairage public,Hors agglomération,Hors intersection,Normale,Sans collision,,,,,,,,,,,3,1,1,1.0,7.0
201000009385,0010-05-03 12:30:00,10,5,3,12,30,540,123,,48.6409,6.13379,Plein jour,Hors agglomération,Hors intersection,Normale,Deux véhicules - côté,,,,,,,,,,,1,1,1,1.0,3.0
201000009386,0010-06-04 07:30:00,10,6,4,7,30,540,397,68 BIS RUE JEAN JAURES,,,Plein jour,En agglomération,Hors intersection,Normale,Deux véhicules - côté,,,,,,,,,,,1,2,1,1.0,3.0
201000009387,0010-06-24 10:45:00,10,6,24,10,45,540,196,,48.5583,6.18833,Plein jour,Hors agglomération,Intersection en T,Normale,Deux véhicules - côté,,,,,,,,,,,1,1,3,1.0,3.0
201000009388,0010-06-25 18:00:00,10,6,25,18,0,540,505,RUE DE PONT ST VINCENT,48.6218,6.04799,Plein jour,En agglomération,Intersection en T,Normale,Deux véhicules - frontale,,,,,,,,,,,1,2,3,1.0,1.0
201000009389,0010-07-26 10:30:00,10,7,26,10,30,540,397,RUE ARISTIDE BRIAND,,,Plein jour,En agglomération,Hors intersection,Normale,Deux véhicules - côté,,,,,,,,,,,1,2,1,1.0,3.0
201000009390,0010-09-04 16:00:00,10,9,4,16,0,540,432,41 RUE ARISTIDE BRIAND,,,Plein jour,En agglomération,Hors intersection,Normale,Autre collision,,,,,,,,,,,1,2,1,1.0,6.0
201000009391,0010-10-01 15:15:00,10,10,1,15,15,540,336,,,,Plein jour,Hors agglomération,Hors intersection,Normale,Deux véhicules - côté,,,,,,,,,,,1,1,1,1.0,3.0
201000009392,0010-03-05 08:45:00,10,3,5,8,45,540,403,76 RUE DE PONT A MOUSSON,,,Plein jour,En agglomération,Hors intersection,Normale,Deux véhicules - arrière,,,,,,,,,,,1,2,1,1.0,2.0
201000009393,0010-04-14 23:45:00,10,4,14,23,45,540,403,22 ROUTE DE VANDIÈRES,48.935,6.03849,Nuit sans éclairage public,En agglomération,Hors intersection,Temps couvert,Autre collision,,,,,,,,,,,3,2,1,8.0,6.0
201000009394,0010-08-13 08:30:00,10,8,13,8,30,540,182,,,,Plein jour,Hors agglomération,Hors intersection,Normale,Sans collision,,,,,,,,,,,1,1,1,1.0,7.0
201000009395,0010-09-04 09:15:00,10,9,4,9,15,540,518,,48.9103,5.92786,Plein jour,Hors agglomération,Hors intersection,Normale,Deux véhicules - côté,,,,,,,,,,,1,1,1,1.0,3.0
201000009396,0010-01-05 18:00:00,10,1,5,18,0,540,563,AVENUE JACQUES lECLERC,48.492,6.091,Nuit avec éclairage allumé,En agglomération,Hors intersection,Normale,Deux véhicules - frontale,,,,,,,,,,,5,2,1,1.0,1.0
201000009397,0010-02-05 19:00:00,10,2,5,19,0,540,563,,48.492,6.09,Nuit avec éclairage allumé,En agglomération,Hors intersection,Normale,Sans collision,,,,,,,,,,,5,2,1,1.0,7.0
201000009398,0010-02-12 06:30:00,10,2,12,6,30,540,597,,,,Nuit sans éclairage public,Hors agglomération,Hors intersection,Neige / grêle,Autre collision,,,,,,,,,,,3,1,1,4.0,6.0
201000009399,0010-02-16 23:15:00,10,2,16,23,15,540,109,,48.5474,6.18755,Nuit sans éclairage public,Hors agglomération,Hors intersection,Normale,Autre collision,,,,,,,,,,,3,1,1,1.0,6.0
201000009400,0010-02-21 16:45:00,10,2,21,16,45,540,513,,48.4578,6.12787,Plein jour,Hors agglomération,Hors intersection,Normale,Trois véhicules et plus - collisions multiples,,,,,,,,,,,1,1,1,1.0,5.0
201000009401,0010-02-21 20:15:00,10,2,21,20,15,540,597,,48.424,6.20731,Nuit sans éclairage public,Hors agglomération,Hors intersection,Normale,Autre collision,,,,,,,,,,,3,1,1,1.0,6.0
201000009402,0010-03-07 07:15:00,10,3,7,7,15,540,417,,48.5371,6.06149,Nuit sans éclairage public,Hors agglomération,Hors intersection,Normale,Autre collision,,,,,,,,,,,3,1,1,1.0,6.0
201000009403,0010-04-03 14:30:00,10,4,3,14,30,540,597,,48.427,6.19146,Plein jour,Hors agglomération,Hors intersection,Pluie légère,Deux véhicules - arrière,,,,,,,,,,,1,1,1,2.0,2.0
201000009404,0010-04-04 08:30:00,10,4,4,8,30,540,142,,48.4687,6.24916,Nuit sans éclairage public,Hors agglomération,Hors intersection,Normale,Autre collision,,,,,,,,,,,3,1,1,1.0,6.0
201000009405,0010-05-01 01:45:00,10,5,1,1,45,540,307,,48.4286,6.23029,Nuit sans éclairage public,Hors agglomération,Hors intersection,Normale,Autre collision,,,,,,,,,,,3,1,1,1.0,6.0
201000009406,0010-06-05 01:30:00,10,6,5,1,30,540,299,37 GRANDE RUE  RD9,48.4706,6.265,Nuit avec éclairage allumé,En agglomération,Hors intersection,Normale,Deux véhicules - côté,,,,,,,,,,,5,2,1,1.0,3.0
201000009407,0010-06-15 10:30:00,10,6,15,10,30,540,92,,48.375,6.12497,Plein jour,Hors agglomération,Hors intersection,Normale,Autre collision,,,,,,,,,,,1,1,1,1.0,6.0
201000009408,0010-06-15 18:45:00,10,6,15,18,45,540,473,,48.4302,6.12469,Plein jour,Hors agglomération,Hors intersection,Normale,Autre collision,,,,,,,,,,,1,1,1,1.0,6.0
201000009409,0010-07-02 08:00:00,10,7,2,8,0,540,266,,48.5388,6.08962,Plein jour,Hors agglomération,Hors intersection,Normale,Deux véhicules - frontale,,,,,,,,,,,1,1,1,1.0,1.0
201000009410,0010-08-21 05:15:00,10,8,21,5,15,540,563,RUE PRINCIPALE,,,Nuit avec éclairage allumé,En agglomération,Hors intersection,Normale,Autre collision,,,,,,,,,,,5,2,1,1.0,6.0
201000009411,0010-12-12 18:45:00,10,12,12,18,45,540,299,,48.47,6.24,Nuit sans éclairage public,Hors agglomération,Hors intersection,Temps couvert,Sans collision,,,,,,,,,,,3,1,1,8.0,7.0
201000009412,0010-01-04 17:40:00,10,1,4,17,40,30,23,"0, CAVY (RUE ADRIEN)",,,Nuit avec éclairage allumé,En agglomération,Hors intersection,Normale,Autre collision,,,,,,,,,,,5,2,1,1.0,6.0
201000009413,0010-01-05 20:45:00,10,1,5,20,45,30,23,VICHY (AVENUE DE),,,Nuit avec éclairage allumé,En agglomération,Hors intersection,Neige / grêle,Deux véhicules - arrière,,,,,,,,,,,5,2,1,4.0,2.0
201000009414,0010-01-08 13:35:00,10,1,8,13,35,30,310,"0, ALLIER (PLACE D')",,,Plein jour,En agglomération,Hors intersection,Neige / grêle,Autre collision,,,,,,,,,,,1,2,1,4.0,6.0
201000009415,0010-01-17 12:30:00,10,1,17,12,30,30,310,"0, BERT (RUE PAUL)",,,Plein jour,En agglomération,Hors intersection,Normale,Autre collision,,,,,,,,,,,1,2,1,1.0,6.0
201000009416,0010-01-24 16:00:00,10,1,24,16,0,30,95,"0, INDUSTRIE (RUE DE L')",,,Plein jour,En agglomération,Hors intersection,Pluie légère,Autre collision,,,,,,,,,,,1,2,1,2.0,6.0
201000009417,0010-02-02 19:25:00,10,2,2,19,25,30,310,"111, ETATS-UNIS (BOULEVA",,,Nuit avec éclairage allumé,En agglomération,Hors intersection,Normale,Autre collision,,,,,,,,,,,5,2,1,1.0,6.0
201000009418,0010-02-03 12:20:00,10,2,3,12,20,30,310,"49/51, JAURES (RUE JEAN)",,,Plein jour,En agglomération,Hors intersection,Normale,Autre collision,,,,,,,,,,,1,2,1,1.0,6.0
201000009419,0010-02-21 15:30:00,10,2,21,15,30,30,310,"0, CASINO (RUE DU)",,,Plein jour,En agglomération,Intersection en T,Normale,Autre collision,,,,,,,,,,,1,2,3,1.0,6.0
201000009420,0010-02-24 14:15:00,10,2,24,14,15,30,94,"0, BOUTIRON (RUE DE)",,,Plein jour,En agglomération,Hors intersection,Temps couvert,Sans collision,,,,,,,,,,,1,2,1,8.0,7.0
201000009421,0010-03-01 16:15:00,10,3,1,16,15,30,23,"0, GANNAT (ROUTE DE)",,,Plein jour,En agglomération,Hors intersection,Normale,Deux véhicules - côté,,,,,,,,,,,1,2,1,1.0,3.0
201000009422,0010-03-04 15:40:00,10,3,4,15,40,30,310,"22, VINGRE (RUE DE)",,,Plein jour,En agglomération,Intersection en T,Normale,Deux véhicules - côté,,,,,,,,,,,1,2,3,1.0,3.0
201000009423,0010-03-06 21:25:00,10,3,6,21,25,30,95,"0, JONCHERES (CHEMIN DES",,,Nuit avec éclairage allumé,En agglomération,Hors intersection,Temps couvert,Autre collision,,,,,,,,,,,5,2,1,8.0,6.0
201000009424,0010-03-08 08:50:00,10,3,8,8,50,30,310,"1, EMBALLAGE (RUE DE L')",,,Plein jour,En agglomération,Intersection en X,Normale,Deux véhicules - côté,,,,,,,,,,,1,2,2,1.0,3.0
201000009425,0010-03-09 07:50:00,10,3,9,7,50,30,95,"0, PERONNET (BOULEVARD G",,,Plein jour,En agglomération,Hors intersection,Normale,Deux véhicules - côté,,,,,,,,,,,1,2,1,1.0,3.0
201000009426,0010-03-11 08:05:00,10,3,11,8,5,30,310,"84, ETATS-UNIS (BOULEVAR",,,Plein jour,En agglomération,Hors intersection,Neige / grêle,Autre collision,,,,,,,,,,,1,2,1,4.0,6.0
201000009427,0010-03-23 15:15:00,10,3,23,15,15,30,23,"0, CAVY (RUE ADRIEN)",,,Plein jour,En agglomération,Intersection en Y,Normale,Deux véhicules - frontale,,,,,,,,,,,1,2,4,1.0,1.0
201000009428,0010-03-26 18:05:00,10,3,26,18,5,30,310,"40, CELESTINS (AVENUE DE",,,Plein jour,En agglomération,Intersection en Y,Pluie légère,Deux véhicules - côté,,,,,,,,,,,1,2,4,2.0,3.0
201000009429,0010-03-31 12:10:00,10,3,31,12,10,30,23,"106, VICHY (AVENUE DE)",,,Plein jour,En agglomération,Hors intersection,Normale,Deux véhicules - côté,,,,,,,,,,,1,2,1,1.0,3.0
201000009430,0010-04-01 15:50:00,10,4,1,15,50,30,310,"17, BARTINS (RUE DES)",,,Plein jour,En agglomération,Hors intersection,Normale,Deux véhicules - côté,,,,,,,,,,,1,2,1,1.0,3.0
201000009431,0010-04-01 17:00:00,10,4,1,17,0,30,310,"11, JOFFRE (RUE DU MAREC",,,Plein jour,En agglomération,Hors intersection,Normale,Deux véhicules - frontale,,,,,,,,,,,1,2,1,1.0,1.0
201000009432,0010-04-01 18:40:00,10,4,1,18,40,30,310,"0, AILES (ALLEE DES)",,,Plein jour,En agglomération,Giratoire,Normale,Deux véhicules - arrière,,,,,,,,,,,1,2,6,1.0,2.0
201000009433,0010-04-05 19:30:00,10,4,5,19,30,30,94,"0, INDUSTRIE (RUE DE L')",,,Plein jour,En agglomération,Intersection en X,Normale,Trois véhicules et plus - collisions multiples,,,,,,,,,,,1,2,2,1.0,5.0
201000009434,0010-04-08 17:00:00,10,4,8,17,0,30,310,"0, TASSIGNY (BOULEVARD M",,,Plein jour,En agglomération,Hors intersection,Normale,Autre collision,,,,,,,,,,,1,2,1,1.0,6.0
201000009435,0010-04-18 22:20:00,10,4,18,22,20,30,1,"139, THIERS (AVENUE DE)",,,Nuit avec éclairage allumé,Hors agglomération,Intersection en T,Normale,Deux véhicules - arrière,,,,,,,,,,,5,1,3,1.0,2.0
201000009436,0010-04-19 14:25:00,10,4,19,14,25,30,310,"0, GAMBETTA (BOULEVARD)",,,Plein jour,En agglomération,Intersection en X,Normale,Deux véhicules - côté,,,,,,,,,,,1,2,2,1.0,3.0
201000009437,0010-04-29 17:30:00,10,4,29,17,30,30,310,"0, VOLTAIRE (RUE)",,,Plein jour,En agglomération,Intersection en Y,Normale,Deux véhicules - côté,,,,,,,,,,,1,2,4,1.0,3.0
201000009438,0010-05-01 04:45:00,10,5,1,4,45,30,310,"0, LEGER (PLACE VICTOR)",,,Nuit avec éclairage allumé,En agglomération,Giratoire,Temps couvert,Deux véhicules - côté,,,,,,,,,,,5,2,6,8.0,3.0
201000009439,0010-05-03 08:50:00,10,5,3,8,50,30,95,"0, PEUPLIERS (RUE DES)",,,Plein jour,En agglomération,Giratoire,Normale,Deux véhicules - côté,,,,,,,,,,,1,2,6,1.0,3.0
201000009440,0010-05-05 16:30:00,10,5,5,16,30,30,310,"0, PARC (RUE DU)",,,Plein jour,En agglomération,Hors intersection,Pluie légère,Autre collision,,,,,,,,,,,1,2,1,2.0,6.0
201000009441,0010-05-10 19:20:00,10,5,10,19,20,30,310,"0, LASTEYRAS (PLACE LOUI",,,Plein jour,En agglomération,Intersection en T,Normale,Deux véhicules - côté,,,,,,,,,,,1,2,3,1.0,3.0
201000009442,0010-05-19 23:10:00,10,5,19,23,10,30,310,"83, GRAMONT (AVENUE DE)",,,Nuit avec éclairage allumé,En agglomération,Intersection en T,Normale,Deux véhicules - côté,,,,,,,,,,,5,2,3,1.0,3.0
201000009443,0010-06-04 10:55:00,10,6,4,10,55,30,310,"0, GARE (PLACE DE LA)",,,Plein jour,En agglomération,Hors intersection,Normale,Autre collision,,,,,,,,,,,1,2,1,1.0,6.0
201000009444,0010-06-12 17:25:00,10,6,12,17,25,30,23,"0, RAMA (CHEMIN DE LA)",,,Plein jour,Hors agglomération,Hors intersection,Normale,Deux véhicules - frontale,,,,,,,,,,,1,1,1,1.0,1.0
201000009445,0010-06-12 23:45:00,10,6,12,23,45,30,310,"0, ALEXANDRE 1ER (BOULEV",,,Nuit avec éclairage allumé,En agglomération,Intersection en X,Normale,Deux véhicules - côté,,,,,,,,,,,5,2,2,1.0,3.0
201000009446,0010-06-15 16:45:00,10,6,15,16,45,30,310,"0, AILES (ALLEE DES)",,,Plein jour,En agglomération,Intersection en T,Temps couvert,Deux véhicules - côté,,,,,,,,,,,1,2,3,8.0,3.0
201000009447,0010-06-12 21:15:00,10,6,12,21,15,30,23,"53, CAVY (RUE ADRIEN)",,,Plein jour,En agglomération,Hors intersection,Normale,Deux véhicules - arrière,,,,,,,,,,,1,2,1,1.0,2.0
201000009448,0010-06-20 20:30:00,10,6,20,20,30,30,310,"0, LECLERC (SQUARE DU MA",,,Plein jour,En agglomération,Hors intersection,Temps couvert,Autre collision,,,,,,,,,,,1,2,1,8.0,6.0
201000009449,0010-06-30 10:25:00,10,6,30,10,25,30,94,"0, BEAUSOLEIL (LIEU DIT)",,,Plein jour,En agglomération,Intersection en X,Normale,Deux véhicules - côté,,,,,,,,,,,1,2,2,1.0,3.0
201000009450,0010-07-01 13:40:00,10,7,1,13,40,30,310,"0, GRAMONT (AVENUE DE)",,,Plein jour,En agglomération,Intersection en Y,Normale,Deux véhicules - côté,,,,,,,,,,,1,2,4,1.0,3.0
201000009451,0010-07-15 12:45:00,10,7,15,12,45,30,310,"68, CELESTINS (AVENUE DE",,,Plein jour,En agglomération,Hors intersection,Normale,Deux véhicules - côté,,,,,,,,,,,1,2,1,1.0,3.0
201000009452,0010-07-16 15:40:00,10,7,16,15,40,30,310,"110, ETATS-UNIS (BOULEVA",,,Plein jour,En agglomération,Hors intersection,Normale,Autre collision,,,,,,,,,,,1,2,1,1.0,6.0