accident_id,datetime,annee,mois,jour,heure,minute,departement,commune_insee,adresse,latitude,longitude,luminosite,agglomeration,intersection,meteo,collision,nb_vehicules,nb_usagers,nb_indemnes,nb_tues,nb_blesses_hosp,nb_blesses_legers,age_cond_1,age_cond_2,veh_type_cond_1,veh_type_cond_2,lum_code,agg_code,int_code,atm_code,col_code
201000009712,0010-10-11 00:45:00,10,10,11,0,45,880,99,RUE DE LA PLAINE,48.2287,6.43202,Nuit avec éclairage allumé,En agglomération,Hors intersection,Normale,Autre collision,,,,,,,,,,,5,2,1,1.0,6.0
201000009713,0010-11-26 17:45:00,10,11,26,17,45,880,465,,48.252,6.41888,Nuit avec éclairage allumé,Hors agglomération,Hors intersection,Neige / grêle,Autre collision,,,,,,,,,,,5,1,1,4.0,6.0
201000009714,0010-02-06 13:45:00,10,2,6,13,45,880,520,,48.0215,6.30434,Plein jour,Hors agglomération,Intersection en X,Normale,Deux véhicules - côté,,,,,,,,,,,1,1,2,1.0,3.0
201000009715,0010-02-09 23:15:00,10,2,9,23,15,880,530,,48.0746,6.4228,Nuit sans éclairage public,Hors agglomération,Hors intersection,Neige / grêle,Sans collision,,,,,,,,,,,3,1,1,4.0,7.0
201000009716,0010-04-18 20:00:00,10,4,18,20,0,880,176,,47.985,6.2114,Plein jour,Hors agglomération,Hors intersection,Normale,Sans collision,,,,,,,,,,,1,1,1,1.0,7.0
201000009717,0010-05-24 20:00:00,10,5,24,20,0,880,530,,48.0527,6.40923,Plein jour,Hors agglomération,Hors intersection,Normale,Autre collision,,,,,,,,,,,1,1,1,1.0,6.0
201000009718,0010-06-02 18:00:00,10,6,2,18,0,880,225,,48.1128,6.4539,Plein jour,Hors agglomération,Hors intersection,Normale,Autre collision,,,,,,,,,,,1,1,1,1.0,6.0
201000009719,0010-06-20 11:55:00,10,6,20,11,55,880,530,RUE DE VALLÉE DE L'AITRE,48.0455,6.39784,Plein jour,En agglomération,Hors intersection,Normale,Autre collision,,,,,,,,,,,1,2,1,1.0,6.0
201000009720,0010-06-30 15:45:00,10,6,30,15,45,880,225,RUE DE LA MAXIÈRE,48.3109,7.09127,Plein jour,En agglomération,Hors intersection,Normale,Deux véhicules - frontale,,,,,,,,,,,1,2,1,1.0,1.0
201000009721,0010-10-06 14:45:00,10,10,6,14,45,880,92,GRANDE RUE,48.1059,6.26868,Plein jour,En agglomération,Hors intersection,Normale,Deux véhicules - côté,,,,,,,,,,,1,2,1,1.0,3.0
201000009722,0010-11-06 04:40:00,10,11,6,4,40,880,221,3 ROUTE  DE DARNEY,48.0399,6.18632,Nuit avec éclairage allumé,En agglomération,Hors intersection,Normale,Autre collision,,,,,,,,,,,5,2,1,1.0,6.0
201000009723,0010-05-17 16:30:00,10,5,17,16,30,880,393,,48.3527,5.72439,Plein jour,Hors agglomération,Hors intersection,Normale,Deux véhicules - frontale,,,,,,,,,,,1,1,1,1.0,1.0
201000009724,0010-09-19 18:30:00,10,9,19,18,30,880,321,AV DE LA DIVISION LECLER,48.3634,5.69336,Plein jour,En agglomération,Hors intersection,Normale,Autre collision,,,,,,,,,,,1,2,1,1.0,6.0
201000009725,0010-09-25 14:15:00,10,9,25,14,15,880,321,226 RUE DES BERGERIES,48.365,5.69901,Plein jour,En agglomération,Hors intersection,Normale,Autre collision,,,,,,,,,,,1,2,1,1.0,6.0
201000009726,0010-10-12 11:45:00,10,10,12,11,45,880,321,,48.387,5.72089,Plein jour,Hors agglomération,Hors intersection,Normale,Sans collision,,,,,,,,,,,1,1,1,1.0,7.0
201000009727,0010-12-18 16:30:00,10,12,18,16,30,880,321,,48.3325,5.68494,Crépuscule ou aube,Hors agglomération,Hors intersection,Neige / grêle,Deux véhicules - frontale,,,,,,,,,,,2,1,1,4.0,1.0
201000009728,0010-01-28 02:45:00,10,1,28,2,45,880,334,,48.3365,6.00962,Nuit sans éclairage public,Hors agglomération,Hors intersection,Normale,Sans collision,,,,,,,,,,,3,1,1,1.0,7.0
201000009729,0010-01-29 18:45:00,10,1,29,18,45,880,292,,48.2862,6.15143,Nuit sans éclairage public,Hors agglomération,Hors intersection,Neige / grêle,Trois véhicules et plus - collisions multiples,,,,,,,,,,,3,1,1,4.0,5.0
201000009730,0010-02-24 10:30:00,10,2,24,10,30,880,95,,48.2967,5.85537,Plein jour,Hors agglomération,Giratoire,Normale,Deux véhicules - côté,,,,,,,,,,,1,1,6,1.0,3.0
201000009731,0010-04-29 06:40:00,10,4,29,6,40,880,366,GRANDE RUE,48.3543,5.8782,Crépuscule ou aube,En agglomération,Hors intersection,Normale,Deux véhicules - frontale,,,,,,,,,,,2,2,1,1.0,1.0
201000009732,0010-05-27 01:30:00,10,5,27,1,30,880,39,,48.3044,6.07347,Nuit sans éclairage public,Hors agglomération,Hors intersection,Normale,Sans collision,,,,,,,,,,,3,1,1,1.0,7.0
201000009733,0010-06-15 14:15:00,10,6,15,14,15,880,304,AVENUE GEORGES CLEMENCEA,48.3037,6.13249,Plein jour,En agglomération,Intersection en T,Normale,Autre collision,,,,,,,,,,,1,2,3,1.0,6.0
201000009734,0010-06-22 22:00:00,10,6,22,22,0,880,400,,48.3083,6.02928,Nuit sans éclairage public,Hors agglomération,Hors intersection,Normale,Sans collision,,,,,,,,,,,3,1,1,1.0,7.0
201000009735,0010-07-01 13:45:00,10,7,1,13,45,880,304,,48.3074,6.12339,Plein jour,Hors agglomération,Hors intersection,Normale,Deux véhicules - frontale,,,,,,,,,,,1,1,1,1.0,1.0
201000009736,0010-07-07 15:00:00,10,7,7,15,0,880,312,CD3,48.3187,5.91244,Plein jour,En agglomération,Hors intersection,Normale,Deux véhicules - côté,,,,,,,,,,,1,2,1,1.0,3.0
201000009737,0010-09-01 11:15:00,10,9,1,11,15,880,241,R DIV LECLERC/J. D'ARC,48.2977,5.89573,Plein jour,En agglomération,Intersection en T,Normale,Deux véhicules - côté,,,,,,,,,,,1,2,3,1.0,3.0
201000009738,0010-10-18 17:30:00,10,10,18,17,30,880,304,AVENUE VICTOR HUGO,48.305,6.13416,Plein jour,En agglomération,Hors intersection,Temps couvert,Sans collision,,,,,,,,,,,1,2,1,8.0,7.0
201000009739,0010-10-22 19:15:00,10,10,22,19,15,880,241,,48.2959,5.87875,Nuit sans éclairage public,Hors agglomération,Hors intersection,Normale,Deux véhicules - frontale,,,,,,,,,,,3,1,1,1.0,1.0
201000009740,0010-10-25 15:30:00,10,10,25,15,30,880,368,RUE REMIFONTAINE,48.3103,6.09887,Plein jour,En agglomération,Hors intersection,Normale,Autre collision,,,,,,,,,,,1,2,1,1.0,6.0
201000009741,0010-11-06 13:45:00,10,11,6,13,45,880,364,,48.3394,6.11697,Plein jour,Hors agglomération,Intersection en X,Normale,Deux véhicules - côté,,,,,,,,,,,1,1,2,1.0,3.0
201000009742,0010-03-13 11:15:00,10,3,13,11,15,880,496,,48.2245,5.81707,Plein jour,Hors agglomération,Intersection en X,Normale,Deux véhicules - côté,,,,,,,,,,,1,1,2,1.0,3.0
201000009743,0010-04-03 20:45:00,10,4,3,20,45,880,22,,48.229,5.833,Nuit sans éclairage public,Hors agglomération,Hors intersection,Temps couvert,Deux véhicules - frontale,,,,,,,,,,,3,1,1,8.0,1.0
201000009744,0010-04-03 09:00:00,10,4,3,9,0,880,516,294 RUE DE VERDUN,48.2011,5.94647,Plein jour,En agglomération,Hors intersection,Normale,Autre collision,,,,,,,,,,,1,2,1,1.0,6.0
201000009745,0010-04-14 13:15:00,10,4,14,13,15,880,446,R  LA CROIX/D LA CANNELL,48.1977,5.80808,Plein jour,En agglomération,Intersection en T,Normale,Deux véhicules - côté,,,,,,,,,,,1,2,3,1.0,3.0
201000009746,0010-06-30 18:45:00,10,6,30,18,45,880,146,,48.2571,5.98918,Plein jour,Hors agglomération,Hors intersection,Normale,Deux véhicules - frontale,,,,,,,,,,,1,1,1,1.0,1.0
201000009747,0010-07-04 00:15:00,10,7,4,0,15,880,524,,48.1631,5.68641,Nuit sans éclairage public,Hors agglomération,Hors intersection,Normale,Autre collision,,,,,,,,,,,3,1,1,1.0,6.0
201000009748,0010-08-01 22:30:00,10,8,1,22,30,880,466,,48.2257,5.96745,Nuit sans éclairage public,Hors agglomération,Hors intersection,Pluie légère,Autre collision,,,,,,,,,,,3,1,1,2.0,6.0
201000009749,0010-08-25 14:30:00,10,8,25,14,30,880,516,,48.2178,5.95663,Plein jour,Hors agglomération,Hors intersection,Normale,Deux véhicules - frontale,,,,,,,,,,,1,1,1,1.0,1.0
201000009750,0010-09-05 21:35:00,10,9,5,21,35,880,332,,48.2306,5.91576,Nuit sans éclairage public,Hors agglomération,Hors intersection,Normale,Sans collision,,,,,,,,,,,3,1,1,1.0,7.0
201000009751,0010-12-24 02:00:00,10,12,24,2,0,880,488,,48.1898,6.08063,Nuit sans éclairage public,Hors agglomération,Hors intersection,Neige / grêle,Autre collision,,,,,,,,,,,3,1,1,4.0,6.0
201000009752,0010-05-24 18:00:00,10,5,24,18,0,880,11,,48.1175,6.53225,Plein jour,En agglomération,Hors intersection,Normale,Sans collision,,,,,,,,,,,1,2,1,1.0,7.0
201000009753,0010-03-05 12:10:00,10,3,5,12,10,880,116,,47.9533,6.82498,Plein jour,Hors agglomération,Hors intersection,Normale,Trois véhicules et plus - collisions multiples,,,,,,,,,,,1,1,1,1.0,5.0
201000009754,0010-04-18 03:30:00,10,4,18,3,30,880,75,,48.0024,6.86533,Nuit sans éclairage public,Hors agglomération,Hors intersection,Normale,Sans collision,,,,,,,,,,,3,1,1,1.0,7.0
201000009755,0010-05-12 10:00:00,10,5,12,10,0,880,447,,47.9506,6.77793,Plein jour,Hors agglomération,Intersection en X,Normale,Deux véhicules - côté,,,,,,,,,,,1,1,2,1.0,3.0
201000009756,0010-06-03 23:00:00,10,6,3,23,0,880,447,ROUTE DES AMIAS,47.9505,6.76101,Nuit avec éclairage allumé,En agglomération,Hors intersection,Normale,Autre collision,,,,,,,,,,,5,2,1,1.0,6.0
201000009757,0010-06-09 16:15:00,10,6,9,16,15,880,442,,48.0126,6.75673,Plein jour,Hors agglomération,Hors intersection,Normale,Autre collision,,,,,,,,,,,1,1,1,1.0,6.0
201000009758,0010-06-23 19:45:00,10,6,23,19,45,880,75,,48.0015,6.85784,Plein jour,Hors agglomération,Intersection en Y,Normale,Deux véhicules - côté,,,,,,,,,,,1,1,4,1.0,3.0
201000009759,0010-06-26 13:30:00,10,6,26,13,30,880,486,RUE MARÉCHAL DE LATTRE,48.0013,6.72075,Plein jour,En agglomération,Hors intersection,Normale,Autre collision,,,,,,,,,,,1,2,1,1.0,6.0
201000009760,0010-07-14 20:15:00,10,7,14,20,15,880,470,RUE PIERRE FOURIER,48.083,6.74329,Plein jour,En agglomération,Hors intersection,Normale,Autre collision,,,,,,,,,,,1,2,1,1.0,6.0
201000009761,0010-08-23 16:45:00,10,8,23,16,45,880,75,,48.0173,6.94528,Plein jour,Hors agglomération,Hors intersection,Normale,Autre collision,,,,,,,,,,,1,1,1,1.0,6.0
201000009762,0010-09-25 14:45:00,10,9,25,14,45,880,486,RUE DU GENERAL DE GAULE,48.0138,6.71402,Plein jour,En agglomération,Hors intersection,Normale,Sans collision,,,,,,,,,,,1,2,1,1.0,7.0
201000009763,0010-10-07 18:30:00,10,10,7,18,30,880,75,INTERSECTION D.34  D.486,48.0059,6.87171,Crépuscule ou aube,En agglomération,Intersection en X,Normale,Deux véhicules - côté,,,,,,,,,,,2,2,2,1.0,3.0
201000009764,0010-10-12 17:15:00,10,10,12,17,15,880,197,,48.0107,6.75594,Plein jour,Hors agglomération,Hors intersection,Normale,Autre collision,,,,,,,,,,,1,1,1,1.0,6.0
201000009765,0010-10-27 22:15:00,10,10,27,22,15,880,500,,47.9381,6.87182,Nuit avec éclairage allumé,Hors agglomération,Hors intersection,Normale,Autre collision,,,,,,,,,,,5,1,1,1.0,6.0
201000009766,0010-11-04 19:10:00,10,11,4,19,10,880,486,CREMANVILLER,47.9938,6.71621,Nuit sans éclairage public,Hors agglomération,Intersection en T,Normale,Deux véhicules - frontale,,,,,,,,,,,3,1,3,1.0,1.0
201000009767,0010-12-20 10:30:00,10,12,20,10,30,880,447,,47.9558,6.74449,Plein jour,Hors agglomération,Hors intersection,Pluie forte,Deux véhicules - côté,,,,,,,,,,,1,1,1,3.0,3.0
201000009768,0010-12-24 13:30:00,10,12,24,13,30,880,391,,48.0254,6.80569,Plein jour,Hors agglomération,Hors intersection,Neige / grêle,Deux véhicules - frontale,,,,,,,,,,,1,1,1,4.0,1.0
201000009769,0010-03-14 01:30:00,10,3,14,1,30,880,468,RUE DE LA GARE,47.8906,6.7376,Nuit avec éclairage allumé,En agglomération,Hors intersection,Normale,Deux véhicules - frontale,,,,,,,,,,,5,2,1,1.0,1.0
201000009770,0010-03-16 01:00:00,10,3,16,1,0,880,408,,47.8776,6.75651,Nuit sans éclairage public,Hors agglomération,Giratoire,Normale,Autre collision,,,,,,,,,,,3,1,6,1.0,6.0
201000009771,0010-03-16 10:45:00,10,3,16,10,45,880,468,26 RUE CHARLES DE GAULLE,47.8787,6.76611,Plein jour,En agglomération,Hors intersection,Normale,Autre collision,,,,,,,,,,,1,2,1,1.0,6.0
201000009772,0010-07-12 20:30:00,10,7,12,20,30,880,468,,47.8944,6.77605,Plein jour,Hors agglomération,Hors intersection,Normale,Deux véhicules - frontale,,,,,,,,,,,1,1,1,1.0,1.0
201000009773,0010-07-21 12:00:00,10,7,21,12,0,880,188,,47.8736,6.78801,Plein jour,En agglomération,Intersection en X,Normale,Deux véhicules - côté,,,,,,,,,,,1,2,2,1.0,3.0
201000009774,0010-08-21 01:55:00,10,8,21,1,55,880,302,,47.9265,6.81791,Nuit avec éclairage non allumé,Hors agglomération,Hors intersection,Normale,Autre collision,,,,,,,,,,,4,1,1,1.0,6.0
201000009775,0010-08-24 17:15:00,10,8,24,17,15,880,188,15 RUE DE LORRAINE,47.8761,6.78099,Plein jour,En agglomération,Hors intersection,Normale,Trois véhicules et plus - en chaîne,,,,,,,,,,,1,2,1,1.0,4.0
201000009776,0010-10-11 11:45:00,10,10,11,11,45,880,468,2 RUE DES FORTS,47.8744,6.76171,Plein jour,En agglomération,Hors intersection,Normale,Sans collision,,,,,,,,,,,1,2,1,1.0,7.0
201000009777,0010-10-16 17:30:00,10,10,16,17,30,880,408,,47.9537,6.62615,Plein jour,Hors agglomération,Hors intersection,Pluie légère,Deux véhicules - côté,,,,,,,,,,,1,1,1,2.0,3.0
201000009778,0010-11-05 23:00:00,10,11,5,23,0,880,369,,47.8893,6.74935,Nuit avec éclairage non allumé,Hors agglomération,Hors intersection,Normale,Deux véhicules - frontale,,,,,,,,,,,4,1,1,1.0,1.0
201000009779,0010-11-07 13:45:00,10,11,7,13,45,880,487,,47.9543,6.47236,Plein jour,Hors agglomération,Hors intersection,Pluie légère,Deux véhicules - frontale,,,,,,,,,,,1,1,1,2.0,1.0
201000009780,0010-01-20 17:00:00,10,1,20,17,0,880,375,,48.267,7.03809,Nuit avec éclairage allumé,Hors agglomération,Hors intersection,Pluie légère,Autre collision,,,,,,,,,,,5,1,1,2.0,6.0
201000009781,0010-03-13 03:15:00,10,3,13,3,15,880,32,,48.249,7.0635,Nuit avec éclairage allumé,Hors agglomération,Hors intersection,Normale,Sans collision,,,,,,,,,,,5,1,1,1.0,7.0
201000009782,0010-03-31 23:40:00,10,3,31,23,40,880,386,,48.2657,7.03174,Nuit sans éclairage public,Hors agglomération,Hors intersection,Pluie forte,Sans collision,,,,,,,,,,,3,1,1,3.0,7.0
201000009783,0010-04-20 12:00:00,10,4,20,12,0,880,181,ROUTE DE SAINT DIÉ,48.185,6.99313,Plein jour,En agglomération,Hors intersection,Normale,Deux véhicules - côté,,,,,,,,,,,1,2,1,1.0,3.0
201000009784,0010-04-20 18:55:00,10,4,20,18,55,880,181,21 RUE L'ÉGLISE,48.1864,7.00096,Plein jour,En agglomération,Hors intersection,Normale,Deux véhicules - côté,,,,,,,,,,,1,2,1,1.0,3.0
201000009785,0010-05-14 09:30:00,10,5,14,9,30,880,361,10 RUE DU PAQUIS,48.3075,7.08455,Plein jour,En agglomération,Hors intersection,Normale,Sans collision,,,,,,,,,,,1,2,1,1.0,7.0
201000009786,0010-06-04 19:45:00,10,6,4,19,45,880,112,RUE M LEMAIRE/DES ANGELI,48.3164,7.11051,Plein jour,En agglomération,Intersection en T,Normale,Deux véhicules - frontale,,,,,,,,,,,1,2,3,1.0,1.0
201000009787,0010-06-11 07:15:00,10,6,11,7,15,880,445,RUE DELATTRE DE TASSIGNY,48.2379,6.95224,Plein jour,En agglomération,Hors intersection,Temps couvert,Autre collision,,,,,,,,,,,1,2,1,8.0,6.0
201000009788,0010-06-21 10:30:00,10,6,21,10,30,880,112,,48.3151,7.13411,Plein jour,Hors agglomération,Hors intersection,Normale,Sans collision,,,,,,,,,,,1,1,1,1.0,7.0
201000009789,0010-06-30 15:45:00,10,6,30,15,45,880,361,7 BIS ROUTE DE COLROY,48.3019,7.09128,Plein jour,En agglomération,Hors intersection,Normale,Deux véhicules - frontale,,,,,,,,,,,1,2,1,1.0,1.0
201000009790,0010-07-06 06:45:00,10,7,6,6,45,880,375,,48.2679,7.04134,Plein jour,Hors agglomération,Autre intersection,Normale,Deux véhicules - frontale,,,,,,,,,,,1,1,9,1.0,1.0
201000009791,0010-07-18 09:15:00,10,7,18,9,15,880,349,63 LIEU DIT LES FOUGÈRES,48.1656,7.01057,Plein jour,En agglomération,Intersection en T,Normale,Deux véhicules - côté,,,,,,,,,,,1,2,3,1.0,3.0
201000009792,0010-07-20 22:45:00,10,7,20,22,45,880,375,RD 459/ROUTE DE GINFOSSE,48.2574,7.05458,Nuit sans éclairage public,Hors agglomération,Intersection en T,Normale,Deux véhicules - arrière,,,,,,,,,,,3,1,3,1.0,2.0
201000009793,0010-08-06 13:40:00,10,8,6,13,40,880,375,,48.2679,7.04134,Plein jour,Hors agglomération,Intersection en T,Normale,Trois véhicules et plus - collisions multiples,,,,,,,,,,,1,1,3,1.0,5.0
201000009794,0010-04-04 19:30:00,10,4,4,19,30,880,76,,48.2283,6.72574,Crépuscule ou aube,Hors agglomération,Hors intersection,Normale,Sans collision,,,,,,,,,,,2,1,1,1.0,7.0
201000009795,0010-04-09 17:30:00,10,4,9,17,30,880,398,,48.2711,6.833,Plein jour,Hors agglomération,Hors intersection,Normale,Trois véhicules et plus - collisions multiples,,,,,,,,,,,1,1,1,1.0,5.0
201000009796,0010-07-16 00:10:00,10,7,16,0,10,880,115,,48.1843,6.86941,Nuit sans éclairage public,Hors agglomération,Hors intersection,Normale,Autre collision,,,,,,,,,,,3,1,1,1.0,6.0
201000009797,0010-08-20 03:45:00,10,8,20,3,45,880,184,FREMIFONTAINE,48.2665,6.68232,Nuit avec éclairage allumé,En agglomération,Hors intersection,Normale,Autre collision,,,,,,,,,,,5,2,1,1.0,6.0
201000009798,0010-09-23 13:20:00,10,9,23,13,20,880,218,14 RUE DE BLANCHEFEIGNE,48.1416,6.7999,Plein jour,En agglomération,Hors intersection,Normale,Autre collision,,,,,,,,,,,1,2,1,1.0,6.0
201000009799,0010-05-17 17:15:00,10,5,17,17,15,880,196,BOULEVARD DE LA JAMAGNE,48.0728,6.87012,Plein jour,En agglomération,Hors intersection,Pluie légère,Autre collision,,,,,,,,,,,1,2,1,2.0,6.0
201000009800,0010-05-27 09:30:00,10,5,27,9,30,880,196,RUE CARNOT,48.0716,6.87622,Plein jour,En agglomération,Hors intersection,Pluie légère,Autre collision,,,,,,,,,,,1,2,1,2.0,6.0
201000009801,0010-07-07 18:10:00,10,7,7,18,10,880,531,ROUTE REELLES GOUTTES,48.0748,6.92632,Plein jour,En agglomération,Intersection en T,Normale,Deux véhicules - frontale,,,,,,,,,,,1,2,3,1.0,1.0
201000009802,0010-08-19 11:45:00,10,8,19,11,45,880,196,,48.0444,6.86796,Plein jour,Hors agglomération,Hors intersection,Normale,Sans collision,,,,,,,,,,,1,1,1,1.0,7.0
201000009803,0010-08-27 17:20:00,10,8,27,17,20,880,196,,48.0732,6.82982,Plein jour,Hors agglomération,Hors intersection,Normale,Deux véhicules - frontale,,,,,,,,,,,1,1,1,1.0,1.0
201000009804,0010-09-17 23:30:00,10,9,17,23,30,880,196,,48.0737,6.83272,Nuit sans éclairage public,Hors agglomération,Hors intersection,Normale,Sans collision,,,,,,,,,,,3,1,1,1.0,7.0
201000009805,0010-01-28 12:30:00,10,1,28,12,30,880,319,RUE DE RAVINES,48.3825,6.88454,Plein jour,En agglomération,Hors intersection,Neige / grêle,Deux véhicules - côté,,,,,,,,,,,1,2,1,4.0,3.0
201000009806,0010-04-01 13:40:00,10,4,1,13,40,880,372,RUE CHARLES WEILL,48.4068,6.84207,Plein jour,En agglomération,Hors intersection,Normale,Autre collision,,,,,,,,,,,1,2,1,1.0,6.0
201000009807,0010-04-02 08:05:00,10,4,2,8,5,880,451,QUAI JULES FERRY,48.3948,6.97918,Plein jour,En agglomération,Hors intersection,Normale,Autre collision,,,,,,,,,,,1,2,1,1.0,6.0
201000009808,0010-04-21 12:15:00,10,4,21,12,15,880,165,,48.3528,6.86504,Plein jour,En agglomération,Hors intersection,Normale,Deux véhicules - côté,,,,,,,,,,,1,2,1,1.0,3.0
201000009809,0010-04-25 10:45:00,10,4,25,10,45,880,372,,48.416,6.87965,Plein jour,Hors agglomération,Intersection en T,Normale,Deux véhicules - côté,,,,,,,,,,,1,1,3,1.0,3.0
201000009810,0010-06-13 11:30:00,10,6,13,11,30,880,319,42 AV GENERAL DE GAULLE,48.378,6.89149,Plein jour,En agglomération,Intersection en T,Normale,Deux véhicules - côté,,,,,,,,,,,1,2,3,1.0,3.0
201000009811,0010-06-27 19:30:00,10,6,27,19,30,880,319,D 424 34 RUE DES ENCLOS,48.3774,6.90383,Plein jour,En agglomération,Hors intersection,Normale,Sans collision,,,,,,,,,,,1,2,1,1.0,7.0
201000009812,0010-07-02 19:50:00,10,7,2,19,50,880,165,,48.3523,6.86475,Plein jour,Hors agglomération,Intersection en X,Normale,Deux véhicules - côté,,,,,,,,,,,1,1,2,1.0,3.0
201000009813,0010-07-11 17:10:00,10,7,11,17,10,880,5,,48.4788,6.98575,Plein jour,Hors agglomération,Intersection en T,Normale,Deux véhicules - côté,,,,,,,,,,,1,1,3,1.0,3.0
201000009814,0010-08-20 17:00:00,10,8,20,17,0,880,372,,48.4103,6.87171,Crépuscule ou aube,Hors agglomération,Hors intersection,Normale,Deux véhicules - frontale,,,,,,,,,,,2,1,1,1.0,1.0
201000009815,0010-09-10 09:45:00,10,9,10,9,45,880,328,CARREFOUR,48.3243,6.85165,Plein jour,En agglomération,Intersection en X,Normale,Deux véhicules - côté,,,,,,,,,,,1,2,2,1.0,3.0
201000009816,0010-02-23 07:10:00,10,2,23,7,10,670,28,"PV,CHEMIN COM.FACE SIEHR",,,Plein jour,En agglomération,Place,Normale,Deux véhicules - frontale,,,,,,,,,,,1,2,7,1.0,1.0
201000009817,0010-03-14 00:30:00,10,3,14,0,30,670,146,PV,,,Nuit sans éclairage public,Hors agglomération,Hors intersection,Normale,Autre collision,,,,,,,,,,,3,1,1,1.0,6.0
201000009818,0010-04-20 19:00:00,10,4,20,19,0,670,246,"PV, SENS KOGENHEIM-EBERS",,,Plein jour,Hors agglomération,Hors intersection,Normale,Autre collision,,,,,,,,,,,1,1,1,1.0,6.0
201000009819,0010-05-07 08:25:00,10,5,7,8,25,670,55,"PV, 18 ROUTE DE BENFELD",,,Plein jour,En agglomération,Hors intersection,Normale,Deux véhicules - arrière,,,,,,,,,,,1,2,1,1.0,2.0
201000009820,0010-07-03 10:30:00,10,7,3,10,30,670,28,PV,48.37,7.61,Plein jour,Hors agglomération,Hors intersection,Normale,Deux véhicules - frontale,,,,,,,,,,,1,1,1,1.0,1.0
201000009821,0010-08-09 16:30:00,10,8,9,16,30,670,28,PV,48.385,7.588,Plein jour,Hors agglomération,Hors intersection,Normale,Trois véhicules et plus - collisions multiples,,,,,,,,,,,1,1,1,1.0,5.0
201000009822,0010-09-07 11:45:00,10,9,7,11,45,670,28,"SPV, 6 RUE DU MOULIN",48.373,7.594,Plein jour,En agglomération,Hors intersection,Pluie légère,Autre collision,,,,,,,,,,,1,2,1,2.0,6.0
201000009823,0010-11-08 08:30:00,10,11,8,8,30,670,397,PV,,,Plein jour,Hors agglomération,Hors intersection,Normale,Autre collision,,,,,,,,,,,1,1,1,1.0,6.0
201000009824,0010-12-07 18:00:00,10,12,7,18,0,670,433,"SPV, route de Strasbourg",,,Nuit avec éclairage allumé,En agglomération,Hors intersection,Pluie forte,Autre collision,,,,,,,,,,,5,2,1,3.0,6.0
201000009825,0010-04-01 17:45:00,10,4,1,17,45,670,378,"PV, INT.RUES CHASSE/RHIN",,,Plein jour,En agglomération,Hors intersection,Normale,Deux véhicules - côté,,,,,,,,,,,1,2,1,1.0,3.0
201000009826,0010-07-22 10:15:00,10,7,22,10,15,670,137,"PV, 6 RUE DU COMMERCE",,,Plein jour,En agglomération,Hors intersection,Temps couvert,Deux véhicules - frontale,,,,,,,,,,,1,2,1,8.0,1.0
201000009827,0010-08-25 12:15:00,10,8,25,12,15,670,131,"PV,2 RUE LATTRE TASSIGNY",,,Plein jour,En agglomération,Hors intersection,Normale,Sans collision,,,,,,,,,,,1,2,1,1.0,7.0
201000009828,0010-09-14 16:05:00,10,9,14,16,5,670,137,"PV,RUE GENERAL DE GAULLE",,,Plein jour,En agglomération,Hors intersection,Normale,Deux véhicules - côté,,,,,,,,,,,1,2,1,1.0,3.0
201000009829,0010-09-17 09:45:00,10,9,17,9,45,670,131,PV,,,Plein jour,Hors agglomération,Hors intersection,Normale,Deux véhicules - côté,,,,,,,,,,,1,1,1,1.0,3.0
201000009830,0010-12-03 22:00:00,10,12,3,22,0,670,378,"PV, ROUTE DU PLAN D'EAU",,,Nuit sans éclairage public,Hors agglomération,Hors intersection,Neige / grêle,Sans collision,,,,,,,,,,,3,1,1,4.0,7.0
201000009831,0010-01-13 11:00:00,10,1,13,11,0,670,130,PV,,,Plein jour,Hors agglomération,Hors intersection,Neige / grêle,Trois véhicules et plus - collisions multiples,,,,,,,,,,,1,1,1,4.0,5.0
201000009832,0010-01-30 15:45:00,10,1,30,15,45,670,336,PV,,,Plein jour,Hors agglomération,Hors intersection,Normale,Deux véhicules - arrière,,,,,,,,,,,1,1,1,1.0,2.0
201000009833,0010-02-02 08:30:00,10,2,2,8,30,670,130,"PV, INTERSECT. D468/D320",,,Plein jour,Hors agglomération,Hors intersection,Temps couvert,Autre collision,,,,,,,,,,,1,1,1,8.0,6.0
201000009834,0010-02-01 08:25:00,10,2,1,8,25,670,526,PV,,,Plein jour,Hors agglomération,Hors intersection,Normale,Sans collision,,,,,,,,,,,1,1,1,1.0,7.0
201000009835,0010-03-17 16:15:00,10,3,17,16,15,670,526,PV,,,Plein jour,Hors agglomération,Hors intersection,Normale,Autre collision,,,,,,,,,,,1,1,1,1.0,6.0
201000009836,0010-03-21 00:35:00,10,3,21,0,35,670,338,PV,,,Nuit sans éclairage public,Hors agglomération,Hors intersection,Normale,Autre collision,,,,,,,,,,,3,1,1,1.0,6.0
201000009837,0010-03-22 18:15:00,10,3,22,18,15,670,130,PV,,,Plein jour,En agglomération,Hors intersection,Normale,Deux véhicules - côté,,,,,,,,,,,1,2,1,1.0,3.0
201000009838,0010-03-19 17:30:00,10,3,19,17,30,670,130,SPV,,,Plein jour,Hors agglomération,Hors intersection,Normale,Autre collision,,,,,,,,,,,1,1,1,1.0,6.0