accident_id,datetime,annee,mois,jour,heure,minute,departement,commune_insee,adresse,latitude,longitude,luminosite,agglomeration,intersection,meteo,collision,nb_vehicules,nb_usagers,nb_indemnes,nb_tues,nb_blesses_hosp,nb_blesses_legers,age_cond_1,age_cond_2,veh_type_cond_1,veh_type_cond_2,lum_code,agg_code,int_code,atm_code,col_code
201000009839,0010-04-05 17:00:00,10,4,5,17,0,670,338,SPV,,,Nuit avec éclairage non allumé,Hors agglomération,Hors intersection,Normale,Sans collision,,,,,,,,,,,4,1,1,1.0,7.0
201000009840,0010-04-07 09:07:00,10,4,7,9,7,670,130,Parking Leclerc,,,Plein jour,En agglomération,Hors intersection,Normale,Deux véhicules - côté,,,,,,,,,,,1,2,1,1.0,3.0
201000009841,0010-05-28 17:57:00,10,5,28,17,57,670,130,"PV, RUE ANDRE MALRAUX",,,Plein jour,En agglomération,Hors intersection,Normale,Autre collision,,,,,,,,,,,1,2,1,1.0,6.0
201000009842,0010-05-29 19:00:00,10,5,29,19,0,670,130,"PV, 45 RUE DU PRINTEMPS",,,Plein jour,Hors agglomération,Autre intersection,Normale,Autre collision,,,,,,,,,,,1,1,9,1.0,6.0
201000009843,0010-06-23 14:15:00,10,6,23,14,15,670,130,SPV,,,Plein jour,Hors agglomération,Hors intersection,Normale,Deux véhicules - arrière,,,,,,,,,,,1,1,1,1.0,2.0
201000009844,0010-08-30 21:45:00,10,8,30,21,45,670,526,"PV, 1 RUE DES ROSES",48.3946,7.5823,Nuit avec éclairage allumé,En agglomération,Hors intersection,Normale,Deux véhicules - frontale,,,,,,,,,,,5,2,1,1.0,1.0
201000009845,0010-09-05 17:00:00,10,9,5,17,0,670,130,"PV,CHEM.FOREST.CENTRE EQ",,,Plein jour,Hors agglomération,Hors intersection,Normale,Sans collision,,,,,,,,,,,1,1,1,1.0,7.0
201000009846,0010-09-21 00:50:00,10,9,21,0,50,670,526,"PV, RUE DE VALFF",,,Nuit avec éclairage allumé,En agglomération,Hors intersection,Normale,Autre collision,,,,,,,,,,,5,2,1,1.0,6.0
201000009847,0010-10-06 06:45:00,10,10,6,6,45,670,130,"PV,25A RUE DE ST QUENTIN",,,Crépuscule ou aube,En agglomération,Hors intersection,Normale,Autre collision,,,,,,,,,,,2,2,1,1.0,6.0
201000009848,0010-10-24 23:30:00,10,10,24,23,30,670,338,PV,,,Nuit sans éclairage public,Hors agglomération,Hors intersection,Normale,Autre collision,,,,,,,,,,,3,1,1,1.0,6.0
201000009849,0010-12-11 08:00:00,10,12,11,8,0,670,130,SPV,,,Plein jour,Hors agglomération,Hors intersection,Temps couvert,Autre collision,,,,,,,,,,,1,1,1,8.0,6.0
201000009850,0010-02-10 18:15:00,10,2,10,18,15,670,286,SPV,48.452,7.544,Crépuscule ou aube,En agglomération,Hors intersection,Neige / grêle,Deux véhicules - frontale,,,,,,,,,,,2,2,1,4.0,1.0
201000009851,0010-04-10 13:45:00,10,4,10,13,45,670,504,"SPV, 207 RUE PRINCIPALE",,,Plein jour,En agglomération,Hors intersection,Normale,Deux véhicules - frontale,,,,,,,,,,,1,2,1,1.0,1.0
201000009852,0010-05-11 12:45:00,10,5,11,12,45,670,557,PV,,,Plein jour,Hors agglomération,Hors intersection,Normale,Autre collision,,,,,,,,,,,1,1,1,1.0,6.0
201000009853,0010-08-20 02:00:00,10,8,20,2,0,670,31,PV,48.446,7.445,Nuit sans éclairage public,Hors agglomération,Hors intersection,Normale,Autre collision,,,,,,,,,,,3,1,1,1.0,6.0
201000009854,0010-09-26 16:50:00,10,9,26,16,50,670,248,PV,,,Plein jour,Hors agglomération,Hors intersection,Normale,Deux véhicules - frontale,,,,,,,,,,,1,1,1,1.0,1.0
201000009855,0010-10-16 19:15:00,10,10,16,19,15,670,348,"SPV,25 R.Général Leclerc",48.467,7.488,Nuit avec éclairage allumé,En agglomération,Hors intersection,Pluie légère,Autre collision,,,,,,,,,,,5,2,1,2.0,6.0
201000009856,0010-11-15 07:45:00,10,11,15,7,45,670,557,"PV, SENS VALFF-WESTHOUSE",48.418,7.543,Plein jour,Hors agglomération,Autre intersection,Pluie légère,Deux véhicules - côté,,,,,,,,,,,1,1,9,2.0,3.0
201000009857,0010-02-22 17:15:00,10,2,22,17,15,670,87,SPV,48.83,7.67,Plein jour,Hors agglomération,Intersection en X,Normale,Deux véhicules - frontale,,,,,,,,,,,1,1,2,1.0,1.0
201000009858,0010-05-23 15:45:00,10,5,23,15,45,670,331,SPV,,,Plein jour,Hors agglomération,Hors intersection,Normale,Deux véhicules - côté,,,,,,,,,,,1,1,1,1.0,3.0
201000009859,0010-06-27 18:30:00,10,6,27,18,30,670,23,PV,,,Plein jour,Hors agglomération,Hors intersection,Normale,Deux véhicules - côté,,,,,,,,,,,1,1,1,1.0,3.0
201000009860,0010-07-22 21:30:00,10,7,22,21,30,670,331,"SPV, RUE DU STADE",,,Plein jour,En agglomération,Hors intersection,Normale,Deux véhicules - frontale,,,,,,,,,,,1,2,1,1.0,1.0
201000009861,0010-02-03 19:00:00,10,2,3,19,0,670,169,"PV,INT.RTE BISCHWILL/D37",48.7471,7.83143,Nuit sans éclairage public,Hors agglomération,Intersection en X,Normale,Deux véhicules - côté,,,,,,,,,,,3,1,2,1.0,3.0
201000009862,0010-04-18 01:05:00,10,4,18,1,5,670,46,"PV, RUE DE L'OBERMATT",,,Nuit sans éclairage public,En agglomération,Hors intersection,Normale,Autre collision,,,,,,,,,,,3,2,1,1.0,6.0
201000009863,0010-06-07 16:40:00,10,6,7,16,40,670,46,"PV, RUES EGLISE/DIACONAT",,,Plein jour,En agglomération,Intersection en X,Normale,Deux véhicules - côté,,,,,,,,,,,1,2,2,1.0,3.0
201000009864,0010-06-20 17:15:00,10,6,20,17,15,670,169,PV,,,Plein jour,Hors agglomération,Hors intersection,Normale,Deux véhicules - côté,,,,,,,,,,,1,1,1,1.0,3.0
201000009865,0010-07-01 20:45:00,10,7,1,20,45,670,450,PV,,,Plein jour,Hors agglomération,Hors intersection,Normale,Deux véhicules - arrière,,,,,,,,,,,1,1,1,1.0,2.0
201000009866,0010-08-04 18:15:00,10,8,4,18,15,670,345,"PV, RUE DU NEUFELD",,,Plein jour,Hors agglomération,Hors intersection,Normale,Deux véhicules - frontale,,,,,,,,,,,1,1,1,1.0,1.0
201000009867,0010-08-11 17:10:00,10,8,11,17,10,670,252,PV,,,Plein jour,Hors agglomération,Hors intersection,Normale,Deux véhicules - côté,,,,,,,,,,,1,1,1,1.0,3.0
201000009868,0010-08-10 10:59:00,10,8,10,10,59,670,46,"PV,14 PLACE DE LA MAIRIE",48.77,7.861,Plein jour,En agglomération,Hors intersection,Normale,Deux véhicules - côté,,,,,,,,,,,1,2,1,1.0,3.0
201000009869,0010-11-10 14:30:00,10,11,10,14,30,670,46,PV,48.761,7.865,Plein jour,Hors agglomération,Hors intersection,Pluie forte,Deux véhicules - côté,,,,,,,,,,,1,1,1,3.0,3.0
201000009870,0010-12-23 18:00:00,10,12,23,18,0,670,46,"PV, rue Général Rampont",,,Nuit avec éclairage allumé,En agglomération,Hors intersection,Normale,Deux véhicules - arrière,,,,,,,,,,,5,2,1,1.0,2.0
201000009871,0010-03-26 10:00:00,10,3,26,10,0,670,313,"SPV, ROUTE DE MOLSHEIM",48.542,7.459,Plein jour,En agglomération,Hors intersection,Pluie forte,Autre collision,,,,,,,,,,,1,2,1,3.0,6.0
201000009872,0010-04-13 00:15:00,10,4,13,0,15,670,300,SPV,,,Nuit sans éclairage public,Hors agglomération,Hors intersection,Normale,Sans collision,,,,,,,,,,,3,1,1,1.0,7.0
201000009873,0010-04-20 21:15:00,10,4,20,21,15,670,101,SPV,,,Nuit sans éclairage public,Hors agglomération,Hors intersection,Normale,Sans collision,,,,,,,,,,,3,1,1,1.0,7.0
201000009874,0010-06-03 19:20:00,10,6,3,19,20,670,112,"PV,R.CHENES/ QUAI MOULIN",,,Plein jour,En agglomération,Intersection en X,Normale,Deux véhicules - côté,,,,,,,,,,,1,2,2,1.0,3.0
201000009875,0010-08-26 15:30:00,10,8,26,15,30,670,8,,48.5151,7.5303,Plein jour,Hors agglomération,Hors intersection,Normale,Autre collision,,,,,,,,,,,1,1,1,1.0,6.0
201000009876,0010-09-01 17:45:00,10,9,1,17,45,670,313,"SPV, ROUTE DE STRASBOURG",48.535,7.466,Plein jour,En agglomération,Autre intersection,Temps éblouissant,Deux véhicules - côté,,,,,,,,,,,1,2,9,7.0,3.0
201000009877,0010-09-11 19:30:00,10,9,11,19,30,670,313,SPV,48.531,7.463,Plein jour,Hors agglomération,Hors intersection,Normale,Deux véhicules - frontale,,,,,,,,,,,1,1,1,1.0,1.0
201000009878,0010-10-16 12:00:00,10,10,16,12,0,670,80,SPV,48.554,7.555,Plein jour,Hors agglomération,Hors intersection,Temps couvert,Autre collision,,,,,,,,,,,1,1,1,8.0,6.0
201000009879,0010-10-26 14:45:00,10,10,26,14,45,670,300,"SPV,8 rue de la fonderie",,,Plein jour,En agglomération,Hors intersection,Normale,Deux véhicules - arrière,,,,,,,,,,,1,2,1,1.0,2.0
201000009880,0010-02-27 11:00:00,10,2,27,11,0,670,299,"PV, 52 RUE DU GUIRBADEN",48.515,7.387,Plein jour,En agglomération,Hors intersection,Normale,Deux véhicules - frontale,,,,,,,,,,,1,2,1,1.0,1.0
201000009881,0010-07-25 10:00:00,10,7,25,10,0,670,52,PV,48.45,7.35,Plein jour,Hors agglomération,Hors intersection,Normale,Autre collision,,,,,,,,,,,1,1,1,1.0,6.0
201000009882,0010-10-10 16:00:00,10,10,10,16,0,670,368,SPV,48.446,7.338,Plein jour,Hors agglomération,Hors intersection,Normale,Sans collision,,,,,,,,,,,1,1,1,1.0,7.0
201000009883,0010-02-11 11:50:00,10,2,11,11,50,670,66,"PV,126 RUE GAL DE GAULLE",,,Plein jour,En agglomération,Hors intersection,Neige / grêle,Deux véhicules - frontale,,,,,,,,,,,1,2,1,4.0,1.0
201000009884,0010-03-03 07:30:00,10,3,3,7,30,670,342,"SPV, RUE DE WASSELONNE",,,Plein jour,En agglomération,Hors intersection,Normale,Autre collision,,,,,,,,,,,1,2,1,1.0,6.0
201000009885,0010-04-05 16:45:00,10,4,5,16,45,670,165,SPV,48.505,7.159,Plein jour,Hors agglomération,Hors intersection,Normale,Sans collision,,,,,,,,,,,1,1,1,1.0,7.0
201000009886,0010-04-12 04:25:00,10,4,12,4,25,670,384,"PV, RTE DE STAMPOUMONT",48.36151,7.18015,Nuit sans éclairage public,Hors agglomération,Hors intersection,Normale,Autre collision,,,,,,,,,,,3,1,1,1.0,6.0
201000009887,0010-05-07 15:00:00,10,5,7,15,0,670,165,PV,,,Plein jour,Hors agglomération,Hors intersection,Temps couvert,Deux véhicules - côté,,,,,,,,,,,1,1,1,8.0,3.0
201000009888,0010-07-11 11:30:00,10,7,11,11,30,670,342,"PV, COL DU NIDECK",,,Plein jour,Hors agglomération,Hors intersection,Normale,Deux véhicules - frontale,,,,,,,,,,,1,1,1,1.0,1.0
201000009889,0010-07-15 19:00:00,10,7,15,19,0,670,26,PV,,,Plein jour,Hors agglomération,Hors intersection,Normale,Deux véhicules - frontale,,,,,,,,,,,1,1,1,1.0,1.0
201000009890,0010-08-01 10:30:00,10,8,1,10,30,670,20,"SPV, RUE PRINCIPALE",,,Crépuscule ou aube,En agglomération,Hors intersection,Normale,Autre collision,,,,,,,,,,,2,2,1,1.0,6.0
201000009891,0010-08-27 09:00:00,10,8,27,9,0,670,420,"PV, 17 RUE DE LA GARE",48.49592,7.25787,Plein jour,En agglomération,Hors intersection,Pluie légère,Sans collision,,,,,,,,,,,1,2,1,2.0,7.0
201000009892,0010-09-13 13:45:00,10,9,13,13,45,670,188,SPV,,,Plein jour,Hors agglomération,Hors intersection,Normale,Trois véhicules et plus - collisions multiples,,,,,,,,,,,1,1,1,1.0,5.0
201000009893,0010-10-23 23:00:00,10,10,23,23,0,670,342,SPV,,,Nuit sans éclairage public,Hors agglomération,Hors intersection,Pluie légère,Sans collision,,,,,,,,,,,3,1,1,2.0,7.0
201000009894,0010-11-15 17:15:00,10,11,15,17,15,670,421,SPV,,,Nuit sans éclairage public,Hors agglomération,Hors intersection,Pluie forte,Trois véhicules et plus - collisions multiples,,,,,,,,,,,3,1,1,3.0,5.0
201000009895,0010-11-20 04:30:00,10,11,20,4,30,670,314,"SPV, 2 rue principale",,,Nuit avec éclairage allumé,En agglomération,Hors intersection,Normale,Autre collision,,,,,,,,,,,5,2,1,1.0,6.0
201000009896,0010-11-30 16:15:00,10,11,30,16,15,670,377,SPV,,,Plein jour,En agglomération,Hors intersection,Neige / grêle,Deux véhicules - côté,,,,,,,,,,,1,2,1,4.0,3.0
201000009897,0010-11-26 20:45:00,10,11,26,20,45,670,59,SPV,,,Nuit avec éclairage allumé,En agglomération,Hors intersection,Neige / grêle,Trois véhicules et plus - collisions multiples,,,,,,,,,,,5,2,1,4.0,5.0
201000009898,0010-11-26 10:30:00,10,11,26,10,30,670,543,SPV,,,Plein jour,Hors agglomération,Intersection en T,Pluie légère,Deux véhicules - côté,,,,,,,,,,,1,1,3,2.0,3.0
201000009899,0010-01-15 19:35:00,10,1,15,19,35,670,525,PV,,,Nuit sans éclairage public,Hors agglomération,Hors intersection,Neige / grêle,Autre collision,,,,,,,,,,,3,1,1,4.0,6.0
201000009900,0010-03-20 00:30:00,10,3,20,0,30,670,520,"PV,SENS WESTHOFF.-WASSEL",48.635,7.45,Nuit sans éclairage public,Hors agglomération,Hors intersection,Normale,Deux véhicules - côté,,,,,,,,,,,3,1,1,1.0,3.0
201000009901,0010-05-12 18:45:00,10,5,12,18,45,670,520,"SPV, RUE DE COSSWILLER",48.642,7.444,Plein jour,En agglomération,Hors intersection,Normale,Deux véhicules - côté,,,,,,,,,,,1,2,1,1.0,3.0
201000009902,0010-08-01 18:30:00,10,8,1,18,30,670,122,SPV,48.643,7.298,Plein jour,Hors agglomération,Hors intersection,Normale,Sans collision,,,,,,,,,,,1,1,1,1.0,7.0
201000009903,0010-08-26 18:00:00,10,8,26,18,0,670,282,SPV,48.635,7.472,Plein jour,Hors agglomération,Hors intersection,Normale,Deux véhicules - frontale,,,,,,,,,,,1,1,1,1.0,1.0
201000009904,0010-09-21 14:30:00,10,9,21,14,30,670,520,SPV,48.655,7.459,Plein jour,Hors agglomération,Hors intersection,Normale,Autre collision,,,,,,,,,,,1,1,1,1.0,6.0
201000009905,0010-10-16 03:30:00,10,10,16,3,30,670,30,SPV,,,Nuit sans éclairage public,Hors agglomération,Hors intersection,Normale,Sans collision,,,,,,,,,,,3,1,1,1.0,7.0
201000009906,0010-11-15 20:15:00,10,11,15,20,15,670,282,SPV,48.623,7.502,Nuit avec éclairage allumé,Hors agglomération,Giratoire,Pluie forte,Autre collision,,,,,,,,,,,5,1,6,3.0,6.0
201000009907,0010-12-08 17:00:00,10,12,8,17,0,670,520,SPV,48.649,7.443,Nuit sans éclairage public,Hors agglomération,Hors intersection,Pluie forte,Deux véhicules - arrière,,,,,,,,,,,3,1,1,3.0,2.0
201000009908,0010-01-22 00:30:00,10,1,22,0,30,670,469,"SPV, RD 1004",,,Nuit avec éclairage allumé,En agglomération,Giratoire,Normale,Deux véhicules - côté,,,,,,,,,,,5,2,6,1.0,3.0
201000009909,0010-03-22 16:55:00,10,3,22,16,55,670,61,"PV, ROND-POINT D133/D17",48.831,7.466,Plein jour,Hors agglomération,Giratoire,Normale,Deux véhicules - frontale,,,,,,,,,,,1,1,6,1.0,1.0
201000009910,0010-06-03 10:15:00,10,6,3,10,15,670,61,SPV,,,Plein jour,En agglomération,Hors intersection,Normale,Deux véhicules - frontale,,,,,,,,,,,1,2,1,1.0,1.0
201000009911,0010-09-14 16:15:00,10,9,14,16,15,670,129,SPV,48.805,7.394,Plein jour,Hors agglomération,Hors intersection,Normale,Deux véhicules - frontale,,,,,,,,,,,1,1,1,1.0,1.0
201000009912,0010-09-30 10:45:00,10,9,30,10,45,670,242,PV,48.823,7.52,Plein jour,Hors agglomération,Hors intersection,Normale,Deux véhicules - côté,,,,,,,,,,,1,1,1,1.0,3.0
201000009913,0010-11-29 19:10:00,10,11,29,19,10,670,61,PV,48.831,7.497,Nuit sans éclairage public,Hors agglomération,Hors intersection,Neige / grêle,Deux véhicules - frontale,,,,,,,,,,,3,1,1,4.0,1.0
201000009914,0010-12-06 13:15:00,10,12,6,13,15,670,222,SPV,48.905,7.446,Plein jour,Hors agglomération,Hors intersection,Neige / grêle,Deux véhicules - frontale,,,,,,,,,,,1,1,1,4.0,1.0
201000009915,0010-01-21 08:00:00,10,1,21,8,0,670,469,PV,,,Crépuscule ou aube,Hors agglomération,Hors intersection,Autre,Deux véhicules - frontale,,,,,,,,,,,2,1,1,9.0,1.0
201000009916,0010-04-15 18:30:00,10,4,15,18,30,670,302,"PV, RUE DE LA GIRAFE",48.762,7.394,Plein jour,En agglomération,Hors intersection,Normale,Deux véhicules - frontale,,,,,,,,,,,1,2,1,1.0,1.0
201000009917,0010-05-10 19:00:00,10,5,10,19,0,670,367,"SPV, RUE DU BROTSCH",,,Plein jour,En agglomération,Hors intersection,Normale,Autre collision,,,,,,,,,,,1,2,1,1.0,6.0
201000009918,0010-06-04 18:10:00,10,6,4,18,10,670,437,"PV,RUE DU PERE LIBERMANN",,,Plein jour,En agglomération,Hors intersection,Temps éblouissant,Deux véhicules - frontale,,,,,,,,,,,1,2,1,7.0,1.0
201000009919,0010-06-07 12:00:00,10,6,7,12,0,670,283,SPV,,,Plein jour,Hors agglomération,Hors intersection,Normale,Trois véhicules et plus - collisions multiples,,,,,,,,,,,1,1,1,1.0,5.0
201000009920,0010-06-11 22:30:00,10,6,11,22,30,670,322,PV,48.806,7.322,Nuit sans éclairage public,Hors agglomération,Hors intersection,Normale,Sans collision,,,,,,,,,,,3,1,1,1.0,7.0
201000009921,0010-07-09 17:45:00,10,7,9,17,45,670,283,SPV,48.684,7.369,Plein jour,Hors agglomération,Hors intersection,Normale,Sans collision,,,,,,,,,,,1,1,1,1.0,7.0
201000009922,0010-08-01 18:45:00,10,8,1,18,45,670,89,"SPV, RUE DE LA GARE",,,Plein jour,En agglomération,Hors intersection,Normale,Deux véhicules - frontale,,,,,,,,,,,1,2,1,1.0,1.0
201000009923,0010-08-06 07:00:00,10,8,6,7,0,670,437,"SPV, 18 R.DE L'ORANGERIE",48.747,7.36,Plein jour,En agglomération,Autre intersection,Normale,Deux véhicules - côté,,,,,,,,,,,1,2,9,1.0,3.0
201000009924,0010-08-05 10:00:00,10,8,5,10,0,670,437,"SPV, RUE DE L'ORANGERIE",48.755,7.378,Plein jour,En agglomération,Hors intersection,Normale,Autre collision,,,,,,,,,,,1,2,1,1.0,6.0
201000009925,0010-09-06 09:45:00,10,9,6,9,45,670,437,"PV, ROUTE DE PARIS",,,Plein jour,En agglomération,Hors intersection,Normale,Autre collision,,,,,,,,,,,1,2,1,1.0,6.0
201000009926,0010-09-19 18:15:00,10,9,19,18,15,670,258,SPV,,,Plein jour,Hors agglomération,Hors intersection,Normale,Sans collision,,,,,,,,,,,1,1,1,1.0,7.0
201000009927,0010-10-08 16:00:00,10,10,8,16,0,670,437,"PV, rue de Dettwiller",48.744,7.372,Plein jour,En agglomération,Hors intersection,Normale,Deux véhicules - arrière,,,,,,,,,,,1,2,1,1.0,2.0
201000009928,0010-01-26 05:55:00,10,1,26,5,55,670,29,PV,,,Nuit sans éclairage public,Hors agglomération,Hors intersection,Autre,Deux véhicules - frontale,,,,,,,,,,,3,1,1,9.0,1.0
201000009929,0010-02-09 10:30:00,10,2,9,10,30,670,392,"PV,INT.R.ROSE/WANDERSWEG",,,Plein jour,En agglomération,Hors intersection,Normale,Deux véhicules - frontale,,,,,,,,,,,1,2,1,1.0,1.0
201000009930,0010-02-08 10:30:00,10,2,8,10,30,670,522,SPV,48.926,7.23,Plein jour,Hors agglomération,Hors intersection,Normale,Sans collision,,,,,,,,,,,1,1,1,1.0,7.0
201000009931,0010-03-11 09:00:00,10,3,11,9,0,670,559,SPV,,,Plein jour,Hors agglomération,Hors intersection,Autre,Deux véhicules - frontale,,,,,,,,,,,1,1,1,9.0,1.0
201000009932,0010-03-19 17:15:00,10,3,19,17,15,670,234,"SPV,40R.DE LA LIBERATION",,,Plein jour,En agglomération,Hors intersection,Normale,Autre collision,,,,,,,,,,,1,2,1,1.0,6.0
201000009933,0010-04-19 08:10:00,10,4,19,8,10,670,274,"PV, RUE PRINCIPALE",48.956,7.178,Plein jour,En agglomération,Hors intersection,Normale,Deux véhicules - frontale,,,,,,,,,,,1,2,1,1.0,1.0
201000009934,0010-04-26 15:45:00,10,4,26,15,45,670,191,SPV,,,Plein jour,Hors agglomération,Hors intersection,Normale,Deux véhicules - frontale,,,,,,,,,,,1,1,1,1.0,1.0
201000009935,0010-05-29 23:45:00,10,5,29,23,45,670,191,PV,49.005,7.061,Nuit sans éclairage public,Hors agglomération,Hors intersection,Pluie forte,Sans collision,,,,,,,,,,,3,1,1,3.0,7.0
201000009936,0010-07-11 22:00:00,10,7,11,22,0,670,183,"SPV,37 RUE DE FENETRANGE",48.937,7.036,Nuit sans éclairage public,En agglomération,Hors intersection,Normale,Autre collision,,,,,,,,,,,3,2,1,1.0,6.0
201000009937,0010-07-18 04:15:00,10,7,18,4,15,670,454,PV,48.848,7.262,Nuit sans éclairage public,Hors agglomération,Hors intersection,Normale,Autre collision,,,,,,,,,,,3,1,1,1.0,6.0
201000009938,0010-07-19 16:00:00,10,7,19,16,0,670,524,SPV,,,Plein jour,Hors agglomération,Hors intersection,Normale,Sans collision,,,,,,,,,,,1,1,1,1.0,7.0
201000009939,0010-08-21 21:30:00,10,8,21,21,30,670,559,SPV,,,Nuit sans éclairage public,Hors agglomération,Hors intersection,Normale,Autre collision,,,,,,,,,,,3,1,1,1.0,6.0
201000009940,0010-09-07 21:15:00,10,9,7,21,15,670,434,"SPV, RUE MAX KARCHER",,,Nuit sans éclairage public,En agglomération,Hors intersection,Pluie légère,Autre collision,,,,,,,,,,,3,2,1,2.0,6.0
201000009941,0010-09-09 16:45:00,10,9,9,16,45,670,434,"SPV, RUE VINCENT D'INDY",48.938,7.093,Plein jour,En agglomération,Hors intersection,Normale,Deux véhicules - côté,,,,,,,,,,,1,2,1,1.0,3.0
201000009942,0010-10-03 04:45:00,10,10,3,4,45,670,386,"PV, 58 RUE PRINCIPALE",,,Nuit avec éclairage allumé,En agglomération,Hors intersection,Normale,Autre collision,,,,,,,,,,,5,2,1,1.0,6.0
201000009943,0010-10-04 08:10:00,10,10,4,8,10,670,434,PV,,,Plein jour,Hors agglomération,Hors intersection,Normale,Autre collision,,,,,,,,,,,1,1,1,1.0,6.0
201000009944,0010-10-13 18:15:00,10,10,13,18,15,670,538,"SPV, rue du Hochberg",,,Crépuscule ou aube,En agglomération,Hors intersection,Normale,Deux véhicules - côté,,,,,,,,,,,2,2,1,1.0,3.0
201000009945,0010-10-28 13:30:00,10,10,28,13,30,670,191,SPV,49.009,7.07,Plein jour,Hors agglomération,Hors intersection,Normale,Deux véhicules - frontale,,,,,,,,,,,1,1,1,1.0,1.0
201000009946,0010-11-02 12:40:00,10,11,2,12,40,670,2,"PV, 24 rue principale",48.907,7.202,Plein jour,En agglomération,Hors intersection,Normale,Deux véhicules - frontale,,,,,,,,,,,1,2,1,1.0,1.0
201000009947,0010-11-09 12:10:00,10,11,9,12,10,670,2,"PV, RD9/RD232",48.903,7.195,Plein jour,Hors agglomération,Hors intersection,Normale,Deux véhicules - côté,,,,,,,,,,,1,1,1,1.0,3.0
201000009948,0010-01-18 07:40:00,10,1,18,7,40,670,67,PV,48.718,7.692,Nuit sans éclairage public,Hors agglomération,Hors intersection,Neige / grêle,Deux véhicules - côté,,,,,,,,,,,3,1,1,4.0,3.0
201000009949,0010-03-18 19:50:00,10,3,18,19,50,670,67,"PV,13R.HANAU LICHTENBERG",48.738,7.717,Nuit avec éclairage allumé,En agglomération,Hors intersection,Normale,Autre collision,,,,,,,,,,,5,2,1,1.0,6.0
201000009950,0010-03-20 22:15:00,10,3,20,22,15,670,156,"SPV,RUE DU GAL DE GAULLE",48.727,7.745,Nuit sans éclairage public,En agglomération,Hors intersection,Normale,Deux véhicules - côté,,,,,,,,,,,3,2,1,1.0,3.0
201000009951,0010-04-18 10:45:00,10,4,18,10,45,670,67,"SPV, 26 RUE DE GAULLE",,,Plein jour,En agglomération,Hors intersection,Normale,Deux véhicules - arrière,,,,,,,,,,,1,2,1,1.0,2.0
201000009952,0010-05-07 06:40:00,10,5,7,6,40,670,301,PV,,,Plein jour,Hors agglomération,Hors intersection,Pluie légère,Deux véhicules - frontale,,,,,,,,,,,1,1,1,2.0,1.0
201000009953,0010-06-26 23:45:00,10,6,26,23,45,670,67,"PV, AVENUE DE STRASBOURG",48.716,7.708,Nuit avec éclairage allumé,En agglomération,Hors intersection,Normale,Deux véhicules - côté,,,,,,,,,,,5,2,1,1.0,3.0
201000009954,0010-08-26 15:45:00,10,8,26,15,45,670,67,"PV, AVENUE DE STRASBOURG",,,Plein jour,En agglomération,Hors intersection,Normale,Deux véhicules - côté,,,,,,,,,,,1,2,1,1.0,3.0
201000009955,0010-09-06 11:29:00,10,9,6,11,29,670,100,PV,48.725,7.658,Plein jour,Hors agglomération,Hors intersection,Normale,Deux véhicules - côté,,,,,,,,,,,1,1,1,1.0,3.0
201000009956,0010-11-11 04:30:00,10,11,11,4,30,670,301,PV,,,Nuit avec éclairage allumé,Hors agglomération,Hors intersection,Normale,Autre collision,,,,,,,,,,,5,1,1,1.0,6.0
201000009957,0010-11-26 20:30:00,10,11,26,20,30,670,301,PV,,,Nuit sans éclairage public,Hors agglomération,Hors intersection,Autre,Trois véhicules et plus - collisions multiples,,,,,,,,,,,3,1,1,9.0,5.0
201000009958,0010-02-06 15:15:00,10,2,6,15,15,670,202,"PV,14 RUE DU GAL LEBOCQ",48.762,7.569,Plein jour,En agglomération,Hors intersection,Normale,Autre collision,,,,,,,,,,,1,2,1,1.0,6.0
201000009959,0010-03-07 19:25:00,10,3,7,19,25,670,402,PV,48.828,7.611,Nuit sans éclairage public,Hors agglomération,Hors intersection,Neige / grêle,Deux véhicules - côté,,,,,,,,,,,3,1,1,4.0,3.0
201000009960,0010-03-10 11:35:00,10,3,10,11,35,670,202,"PV, RUE DU GAL GOURAUD",48.76,7.567,Plein jour,En agglomération,Hors intersection,Normale,Autre collision,,,,,,,,,,,1,2,1,1.0,6.0
201000009961,0010-03-20 14:45:00,10,3,20,14,45,670,236,SPV,48.697,7.59,Plein jour,En agglomération,Hors intersection,Normale,Sans collision,,,,,,,,,,,1,2,1,1.0,7.0
201000009962,0010-04-22 09:00:00,10,4,22,9,0,670,209,"PV,SENS WILLGOTTH.-HOCHF",48.72,7.56,Plein jour,Hors agglomération,Hors intersection,Normale,Sans collision,,,,,,,,,,,1,1,1,1.0,7.0
201000009963,0010-05-05 07:00:00,10,5,5,7,0,670,150,PV,48.617,7.544,Plein jour,Hors agglomération,Hors intersection,Temps couvert,Deux véhicules - frontale,,,,,,,,,,,1,1,1,8.0,1.0
201000009964,0010-05-29 14:00:00,10,5,29,14,0,670,375,"PV, INTERSECT.RD64/RD666",,,Plein jour,Hors agglomération,Hors intersection,Normale,Deux véhicules - frontale,,,,,,,,,,,1,1,1,1.0,1.0
201000009965,0010-06-11 19:00:00,10,6,11,19,0,670,202,"SPV, RUE GENERAL LEBOCQ",48.762,7.569,Plein jour,En agglomération,Hors intersection,Normale,Trois véhicules et plus - en chaîne,,,,,,,,,,,1,2,1,1.0,4.0