accident_id,datetime,annee,mois,jour,heure,minute,departement,commune_insee,adresse,latitude,longitude,luminosite,agglomeration,intersection,meteo,collision,nb_vehicules,nb_usagers,nb_indemnes,nb_tues,nb_blesses_hosp,nb_blesses_legers,age_cond_1,age_cond_2,veh_type_cond_1,veh_type_cond_2,lum_code,agg_code,int_code,atm_code,col_code
201000010094,0010-10-13 07:30:00,10,10,13,7,30,680,117,rue de muhlele,48.04235,7.1729,Crépuscule ou aube,En agglomération,Intersection en T,Normale,Deux véhicules - côté,,,,,,,,,,,2,2,3,1.0,3.0
201000010095,0010-01-15 05:30:00,10,1,15,5,30,680,76,,48.10825,7.49933,Nuit sans éclairage public,Hors agglomération,Hors intersection,Temps couvert,Deux véhicules - côté,,,,,,,,,,,3,1,1,8.0,3.0
201000010096,0010-02-27 11:45:00,10,2,27,11,45,680,231,Place d'Armes,48.0181,7.52775,Plein jour,En agglomération,Hors intersection,Normale,Sans collision,,,,,,,,,,,1,2,1,1.0,7.0
201000010097,0010-05-15 22:30:00,10,5,15,22,30,680,272,,48.13174,7.43895,Nuit sans éclairage public,Hors agglomération,Hors intersection,Normale,Autre collision,,,,,,,,,,,3,1,1,1.0,6.0
201000010098,0010-06-30 18:30:00,10,6,30,18,30,680,130,,47.97261,7.54665,Plein jour,Hors agglomération,Intersection en T,Normale,Deux véhicules - côté,,,,,,,,,,,1,1,3,1.0,3.0
201000010099,0010-10-07 07:00:00,10,10,7,7,0,680,143,rue du général de gaule,48.11045,7.42416,Crépuscule ou aube,En agglomération,Hors intersection,Normale,Deux véhicules - côté,,,,,,,,,,,2,2,1,1.0,3.0
201000010100,0010-11-06 08:30:00,10,11,6,8,30,680,8,route de neuf brisach,48.02944,7.44307,Plein jour,En agglomération,Hors intersection,Normale,Deux véhicules - côté,,,,,,,,,,,1,2,1,1.0,3.0
201000010101,0010-11-10 03:45:00,10,11,10,3,45,680,69,,47.993,7.48,Nuit sans éclairage public,Hors agglomération,Hors intersection,Pluie légère,Autre collision,,,,,,,,,,,3,1,1,2.0,6.0
201000010102,0010-11-25 17:30:00,10,11,25,17,30,680,379,,48.02904,7.49684,Nuit avec éclairage allumé,Hors agglomération,Intersection en X,Pluie légère,Deux véhicules - côté,,,,,,,,,,,5,1,2,2.0,3.0
201000010103,0010-01-30 19:00:00,10,1,30,19,0,680,5,,48.12571,7.28471,Nuit avec éclairage allumé,En agglomération,Intersection en X,Neige / grêle,Deux véhicules - côté,,,,,,,,,,,5,2,2,4.0,3.0
201000010104,0010-04-29 07:30:00,10,4,29,7,30,680,310,,48.13253,7.31791,Plein jour,Hors agglomération,Giratoire,Normale,Deux véhicules - côté,,,,,,,,,,,1,1,6,1.0,3.0
201000010105,0010-06-12 20:15:00,10,6,12,20,15,680,310,,48.12915,7.31441,Crépuscule ou aube,Hors agglomération,Hors intersection,Normale,Deux véhicules - côté,,,,,,,,,,,2,1,1,1.0,3.0
201000010106,0010-07-14 16:15:00,10,7,14,16,15,680,283,,48.29212,7.25878,Plein jour,Hors agglomération,Hors intersection,Normale,Deux véhicules - frontale,,,,,,,,,,,1,1,1,1.0,1.0
201000010107,0010-11-01 17:35:00,10,11,1,17,35,680,209,Rue des Merles,48.154,7.321,Crépuscule ou aube,En agglomération,Intersection en T,Normale,Deux véhicules - côté,,,,,,,,,,,2,2,3,1.0,3.0
201000010108,0010-04-07 16:30:00,10,4,7,16,30,680,294,,48.26679,7.24513,Plein jour,Hors agglomération,Hors intersection,Normale,Deux véhicules - frontale,,,,,,,,,,,1,1,1,1.0,1.0
201000010109,0010-05-23 16:30:00,10,5,23,16,30,680,298,,48.23043,7.22139,Plein jour,Hors agglomération,Hors intersection,Normale,Deux véhicules - côté,,,,,,,,,,,1,1,1,1.0,3.0
201000010110,0010-06-24 13:30:00,10,6,24,13,30,680,294,94 rue burrus,48.26219,7.22261,Plein jour,En agglomération,Hors intersection,Normale,Autre collision,,,,,,,,,,,1,2,1,1.0,6.0
201000010111,0010-08-27 19:45:00,10,8,27,19,45,680,298,RUE BOURGEOIS/RUE ST LOU,48.24083,7.17917,Crépuscule ou aube,En agglomération,Intersection en T,Pluie légère,Deux véhicules - côté,,,,,,,,,,,2,2,3,2.0,3.0
201000010112,0010-09-23 17:00:00,10,9,23,17,0,680,298,"11, rue Jean Jaurès",48.25066,7.19126,Plein jour,En agglomération,Hors intersection,Normale,Autre collision,,,,,,,,,,,1,2,1,1.0,6.0
201000010113,0010-01-04 07:30:00,10,1,4,7,30,680,78,Rue de la 1ère Armée,48.0412,7.31405,Nuit avec éclairage allumé,En agglomération,Hors intersection,Temps couvert,Autre collision,,,,,,,,,,,5,2,1,8.0,6.0
201000010114,0010-03-24 13:45:00,10,3,24,13,45,680,374,Carrefour du capri,48.06836,7.30968,Plein jour,En agglomération,Hors intersection,Normale,Deux véhicules - côté,,,,,,,,,,,1,2,1,1.0,3.0
201000010115,0010-03-24 14:30:00,10,3,24,14,30,680,155,,48.10103,7.31319,Plein jour,Hors agglomération,Hors intersection,Normale,Deux véhicules - côté,,,,,,,,,,,1,1,1,1.0,3.0
201000010116,0010-05-20 13:15:00,10,5,20,13,15,680,374,Rue HERZOG,48.08548,7.31772,Plein jour,En agglomération,Hors intersection,Pluie légère,Autre collision,,,,,,,,,,,1,2,1,2.0,6.0
201000010117,0010-05-29 15:00:00,10,5,29,15,0,680,338,,48.08825,7.23631,Plein jour,Hors agglomération,Hors intersection,Normale,Deux véhicules - frontale,,,,,,,,,,,1,1,1,1.0,1.0
201000010118,0010-06-29 08:00:00,10,6,29,8,0,680,374,,48.08538,7.31989,Plein jour,En agglomération,Giratoire,Normale,Deux véhicules - côté,,,,,,,,,,,1,2,6,1.0,3.0
201000010119,0010-07-11 08:15:00,10,7,11,8,15,680,244,,48.0281,7.31361,Plein jour,Hors agglomération,Hors intersection,Normale,Deux véhicules - côté,,,,,,,,,,,1,1,1,1.0,3.0
201000010120,0010-07-21 19:15:00,10,7,21,19,15,680,338,,48.08579,7.27045,Plein jour,Hors agglomération,Intersection en T,Normale,Deux véhicules - côté,,,,,,,,,,,1,1,3,1.0,3.0
201000010121,0010-08-10 19:45:00,10,8,10,19,45,680,78,Cd 1bis,48.04935,7.31139,Plein jour,En agglomération,Intersection en T,Normale,Deux véhicules - côté,,,,,,,,,,,1,2,3,1.0,3.0
201000010122,0010-09-11 13:30:00,10,9,11,13,30,680,155,12 rue du 2 fevrier,48.09489,7.30993,Plein jour,En agglomération,Hors intersection,Normale,Autre collision,,,,,,,,,,,1,2,1,1.0,6.0
201000010123,0010-09-14 17:30:00,10,9,14,17,30,680,374,RD83,48.07112,7.31061,Plein jour,En agglomération,Hors intersection,Normale,Deux véhicules - côté,,,,,,,,,,,1,2,1,1.0,3.0
201000010124,0010-10-05 11:30:00,10,10,5,11,30,680,374,,48.07189,7.26561,Plein jour,Hors agglomération,Hors intersection,Normale,Deux véhicules - côté,,,,,,,,,,,1,1,1,1.0,3.0
201000010125,0010-10-08 14:30:00,10,10,8,14,30,680,374,,48.07621,7.25772,Plein jour,Hors agglomération,Hors intersection,Normale,Deux véhicules - côté,,,,,,,,,,,1,1,1,1.0,3.0
201000010126,0010-11-03 17:00:00,10,11,3,17,0,680,155,,48.11308,7.30553,Crépuscule ou aube,Hors agglomération,Hors intersection,Normale,Deux véhicules - côté,,,,,,,,,,,2,1,1,1.0,3.0
201000010127,0010-11-14 16:30:00,10,11,14,16,30,680,237,,48.10085,7.26265,Crépuscule ou aube,Hors agglomération,Hors intersection,Normale,Autre collision,,,,,,,,,,,2,1,1,1.0,6.0
201000010128,0010-11-20 23:00:00,10,11,20,23,0,680,155,,48.09866,7.29403,Nuit sans éclairage public,Hors agglomération,Hors intersection,Normale,Sans collision,,,,,,,,,,,3,1,1,1.0,7.0
201000010129,0010-11-23 19:00:00,10,11,23,19,0,680,338,18 route de Wintzenheim,48.08356,7.28171,Nuit avec éclairage allumé,En agglomération,Hors intersection,Normale,Autre collision,,,,,,,,,,,5,2,1,1.0,6.0
201000010130,0010-03-31 17:00:00,10,3,31,17,0,680,17,,47.62894,7.14506,Plein jour,Hors agglomération,Hors intersection,Normale,Autre collision,,,,,,,,,,,1,1,1,1.0,6.0
201000010131,0010-05-27 19:30:00,10,5,27,19,30,680,333,rue de Bâle,47.62137,7.30307,Crépuscule ou aube,En agglomération,Hors intersection,Normale,Deux véhicules - frontale,,,,,,,,,,,2,2,1,1.0,1.0
201000010132,0010-06-15 16:00:00,10,6,15,16,0,680,325,10 rue de Waldighoffen,47.55025,7.33424,Plein jour,En agglomération,Hors intersection,Temps couvert,Deux véhicules - frontale,,,,,,,,,,,1,2,1,8.0,1.0
201000010133,0010-11-03 16:30:00,10,11,3,16,30,680,4,,47.6307,7.23254,Plein jour,Hors agglomération,Intersection en T,Normale,Deux véhicules - côté,,,,,,,,,,,1,1,3,1.0,3.0
201000010134,0010-11-27 15:45:00,10,11,27,15,45,680,4,,47.63423,7.26256,Crépuscule ou aube,Hors agglomération,Hors intersection,Neige / grêle,Trois véhicules et plus - collisions multiples,,,,,,,,,,,2,1,1,4.0,5.0
201000010135,0010-12-18 19:00:00,10,12,18,19,0,680,158,,47.59828,7.38835,Nuit sans éclairage public,Hors agglomération,Hors intersection,Temps couvert,Trois véhicules et plus - en chaîne,,,,,,,,,,,3,1,1,8.0,4.0
201000010136,0010-02-17 00:15:00,10,2,17,0,15,680,332,CD 432 - PK 13+236,47.65518,7.26573,Nuit avec éclairage allumé,En agglomération,Hors intersection,Normale,Autre collision,,,,,,,,,,,5,2,1,1.0,6.0
201000010137,0010-04-09 17:30:00,10,4,9,17,30,680,152,Route de Mulhouse,47.67976,7.26974,Plein jour,En agglomération,Hors intersection,Normale,Deux véhicules - côté,,,,,,,,,,,1,2,1,1.0,3.0
201000010138,0010-04-23 17:15:00,10,4,23,17,15,680,268,,47.63316,7.07803,Plein jour,Hors agglomération,Hors intersection,Normale,Sans collision,,,,,,,,,,,1,1,1,1.0,7.0
201000010139,0010-06-13 04:15:00,10,6,13,4,15,680,337,RUE DE L'EGLISE,47.66676,7.09962,Nuit avec éclairage non allumé,En agglomération,Hors intersection,Normale,Sans collision,,,,,,,,,,,4,2,1,1.0,7.0
201000010140,0010-11-07 17:00:00,10,11,7,17,0,680,77,,47.65996,7.18026,Plein jour,Hors agglomération,Hors intersection,Normale,Autre collision,,,,,,,,,,,1,1,1,1.0,6.0
201000010141,0010-02-01 12:45:00,10,2,1,12,45,680,259,,47.47397,7.35978,Plein jour,Hors agglomération,Hors intersection,Temps couvert,Autre collision,,,,,,,,,,,1,1,1,8.0,6.0
201000010142,0010-02-10 16:45:00,10,2,10,16,45,680,169,,47.51755,7.29116,Plein jour,Hors agglomération,Hors intersection,Neige / grêle,Deux véhicules - frontale,,,,,,,,,,,1,1,1,4.0,1.0
201000010143,0010-02-17 06:00:00,10,2,17,6,0,680,74,,47.49226,7.24798,Crépuscule ou aube,Hors agglomération,Hors intersection,Autre,Sans collision,,,,,,,,,,,2,1,1,9.0,7.0
201000010144,0010-05-01 18:45:00,10,5,1,18,45,680,306,,47.5346,7.19258,Plein jour,Hors agglomération,Hors intersection,Pluie légère,Autre collision,,,,,,,,,,,1,1,1,2.0,6.0
201000010145,0010-05-29 16:45:00,10,5,29,16,45,680,312,,47.48674,7.32404,Plein jour,Hors agglomération,Intersection en T,Normale,Deux véhicules - frontale,,,,,,,,,,,1,1,3,1.0,1.0
201000010146,0010-06-10 21:00:00,10,6,10,21,0,680,194,,47.47614,7.38536,Crépuscule ou aube,Hors agglomération,Hors intersection,Normale,Autre collision,,,,,,,,,,,2,1,1,1.0,6.0
201000010147,0010-07-02 22:45:00,10,7,2,22,45,680,169,,47.50366,7.26283,Nuit avec éclairage non allumé,Hors agglomération,Hors intersection,Normale,Sans collision,,,,,,,,,,,4,1,1,1.0,7.0
201000010148,0010-08-02 02:30:00,10,8,2,2,30,680,216,,47.49974,7.22013,Nuit sans éclairage public,Hors agglomération,Hors intersection,Normale,Autre collision,,,,,,,,,,,3,1,1,1.0,6.0
201000010149,0010-09-25 14:15:00,10,9,25,14,15,680,202,1 ROUTE DE STRUETH,47.59007,7.1224,Plein jour,En agglomération,Hors intersection,Normale,Deux véhicules - côté,,,,,,,,,,,1,2,1,1.0,3.0
201000010150,0010-10-05 20:30:00,10,10,5,20,30,680,248,,47.50001,7.42431,Nuit sans éclairage public,Hors agglomération,Hors intersection,Normale,Autre collision,,,,,,,,,,,3,1,1,1.0,6.0
201000010151,0010-11-26 15:45:00,10,11,26,15,45,680,137,,47.57578,7.1641,Plein jour,Hors agglomération,Hors intersection,Neige / grêle,Deux véhicules - frontale,,,,,,,,,,,1,1,1,4.0,1.0
201000010152,0010-12-14 07:45:00,10,12,14,7,45,680,216,rue principale,47.51593,7.212,Crépuscule ou aube,En agglomération,Hors intersection,Neige / grêle,Deux véhicules - frontale,,,,,,,,,,,2,2,1,4.0,1.0
201000010153,0010-12-24 11:30:00,10,12,24,11,30,680,373,,47.47103,7.2671,Plein jour,Hors agglomération,Hors intersection,Neige / grêle,Autre collision,,,,,,,,,,,1,1,1,4.0,6.0
201000010154,0010-01-03 09:15:00,10,1,3,9,15,680,82,Rue de Mulhouse,47.85712,7.34704,Plein jour,En agglomération,Intersection en Y,Temps éblouissant,Deux véhicules - frontale,,,,,,,,,,,1,2,4,7.0,1.0
201000010155,0010-02-08 16:15:00,10,2,8,16,15,680,82,Rue de PULVERSHEIM,47.85695,7.33504,Plein jour,En agglomération,Intersection en Y,Normale,Deux véhicules - côté,,,,,,,,,,,1,2,4,1.0,3.0
201000010156,0010-02-16 17:45:00,10,2,16,17,45,680,258,,47.82623,7.28527,Plein jour,Hors agglomération,Intersection en X,Normale,Deux véhicules - frontale,,,,,,,,,,,1,1,2,1.0,1.0
201000010157,0010-02-25 04:45:00,10,2,25,4,45,680,41,,47.89022,7.55792,Nuit sans éclairage public,Hors agglomération,Hors intersection,Normale,Autre collision,,,,,,,,,,,3,1,1,1.0,6.0
201000010158,0010-03-19 14:45:00,10,3,19,14,45,680,82,,47.867,7.372,Plein jour,Hors agglomération,Autre intersection,Normale,Deux véhicules - côté,,,,,,,,,,,1,1,9,1.0,3.0
201000010159,0010-03-21 02:15:00,10,3,21,2,15,680,91,,47.91196,7.5611,Nuit avec éclairage allumé,Hors agglomération,Hors intersection,Normale,Sans collision,,,,,,,,,,,5,1,1,1.0,7.0
201000010160,0010-05-01 18:00:00,10,5,1,18,0,680,82,5 rue des Marguerittes,47.85644,7.33545,Plein jour,En agglomération,Intersection en X,Temps couvert,Deux véhicules - côté,,,,,,,,,,,1,2,2,8.0,3.0
201000010161,0010-05-26 12:15:00,10,5,26,12,15,680,258,RUE D ENSISHEIM,47.8369,7.30628,Plein jour,En agglomération,Giratoire,Normale,Sans collision,,,,,,,,,,,1,2,6,1.0,7.0
201000010162,0010-06-12 22:15:00,10,6,12,22,15,680,234,,47.9555,7.35401,Nuit sans éclairage public,Hors agglomération,Hors intersection,Normale,Autre collision,,,,,,,,,,,3,1,1,1.0,6.0
201000010163,0010-06-22 14:15:00,10,6,22,14,15,680,82,,47.86793,7.3608,Plein jour,Hors agglomération,Intersection en X,Normale,Deux véhicules - côté,,,,,,,,,,,1,1,2,1.0,3.0
201000010164,0010-07-26 06:30:00,10,7,26,6,30,680,140,,47.90349,7.43702,Plein jour,Hors agglomération,Hors intersection,Normale,Sans collision,,,,,,,,,,,1,1,1,1.0,7.0
201000010165,0010-07-29 20:45:00,10,7,29,20,45,680,266,,47.87685,7.38648,Crépuscule ou aube,Hors agglomération,Hors intersection,Normale,Sans collision,,,,,,,,,,,2,1,1,1.0,7.0
201000010166,0010-08-05 17:30:00,10,8,5,17,30,680,82,,47.86791,7.36063,Plein jour,Hors agglomération,Intersection en X,Normale,Trois véhicules et plus - collisions multiples,,,,,,,,,,,1,1,2,1.0,5.0
201000010167,0010-08-15 18:45:00,10,8,15,18,45,680,41,,47.8671,7.54978,Plein jour,Hors agglomération,Hors intersection,Normale,Deux véhicules - frontale,,,,,,,,,,,1,1,1,1.0,1.0
201000010168,0010-12-12 11:00:00,10,12,12,11,0,680,82,,47.8736,7.353,Plein jour,Hors agglomération,Hors intersection,Normale,Deux véhicules - frontale,,,,,,,,,,,1,1,1,1.0,1.0
201000010169,0010-12-22 18:30:00,10,12,22,18,30,680,140,CD 2BIS RUE DE RUSTENHAR,47.91305,7.44451,Crépuscule ou aube,En agglomération,Hors intersection,Brouillard / fumée,Trois véhicules et plus - collisions multiples,,,,,,,,,,,2,2,1,5.0,5.0
201000010170,0010-01-09 14:15:00,10,1,9,14,15,680,43,,47.86784,7.25349,Plein jour,Hors agglomération,Hors intersection,Neige / grêle,Deux véhicules - frontale,,,,,,,,,,,1,1,1,4.0,1.0
201000010171,0010-02-16 23:15:00,10,2,16,23,15,680,287,,47.96099,7.30889,Nuit sans éclairage public,Hors agglomération,Hors intersection,Normale,Sans collision,,,,,,,,,,,3,1,1,1.0,7.0
201000010172,0010-03-25 09:45:00,10,3,25,9,45,680,287,,47.94126,7.28379,Plein jour,Hors agglomération,Hors intersection,Normale,Deux véhicules - arrière,,,,,,,,,,,1,1,1,1.0,2.0
201000010173,0010-04-28 15:15:00,10,4,28,15,15,680,287,RUE DU GENERAL DE GAULLE,47.96736,7.30312,Plein jour,En agglomération,Hors intersection,Normale,Deux véhicules - arrière,,,,,,,,,,,1,2,1,1.0,2.0
201000010174,0010-05-04 18:45:00,10,5,4,18,45,680,260,,47.8839,7.26569,Plein jour,Hors agglomération,Hors intersection,Pluie forte,Deux véhicules - côté,,,,,,,,,,,1,1,1,3.0,3.0
201000010175,0010-05-14 10:30:00,10,5,14,10,30,680,32,,47.83151,7.22006,Plein jour,Hors agglomération,Hors intersection,Temps couvert,Trois véhicules et plus - collisions multiples,,,,,,,,,,,1,1,1,8.0,5.0
201000010176,0010-05-24 12:15:00,10,5,24,12,15,680,88,,47.87,7.28631,Plein jour,Hors agglomération,Hors intersection,Normale,Sans collision,,,,,,,,,,,1,1,1,1.0,7.0
201000010177,0010-06-15 12:45:00,10,6,15,12,45,680,43,,47.85683,7.24278,Plein jour,Hors agglomération,Hors intersection,Normale,Deux véhicules - arrière,,,,,,,,,,,1,1,1,1.0,2.0
201000010178,0010-07-11 09:30:00,10,7,11,9,30,680,287,,47.96198,7.29311,Plein jour,En agglomération,Hors intersection,Normale,Deux véhicules - frontale,,,,,,,,,,,1,2,1,1.0,1.0
201000010179,0010-07-31 23:00:00,10,7,31,23,0,680,43,rue de Guebwiller,47.86006,7.25967,Nuit avec éclairage allumé,En agglomération,Hors intersection,Normale,Sans collision,,,,,,,,,,,5,2,1,1.0,7.0
201000010180,0010-08-09 05:45:00,10,8,9,5,45,680,260,,47.88569,7.26023,Crépuscule ou aube,Hors agglomération,Hors intersection,Normale,Sans collision,,,,,,,,,,,2,1,1,1.0,7.0
201000010181,0010-08-20 19:00:00,10,8,20,19,0,680,43,03 rue de soultz,47.85966,7.26107,Plein jour,En agglomération,Hors intersection,Normale,Sans collision,,,,,,,,,,,1,2,1,1.0,7.0
201000010182,0010-10-22 18:00:00,10,10,22,18,0,680,381,D 5 ROUTE DE CERNAY,47.87239,7.21548,Crépuscule ou aube,En agglomération,Hors intersection,Temps couvert,Autre collision,,,,,,,,,,,2,2,1,8.0,6.0
201000010183,0010-12-15 13:45:00,10,12,15,13,45,680,318,,47.96899,7.2156,Plein jour,Hors agglomération,Hors intersection,Neige / grêle,Deux véhicules - frontale,,,,,,,,,,,1,1,1,4.0,1.0
201000010184,0010-12-29 04:45:00,10,12,29,4,45,680,287,,47.9491,7.2902,Nuit sans éclairage public,Hors agglomération,Hors intersection,Neige / grêle,Autre collision,,,,,,,,,,,3,1,1,4.0,6.0
201000010185,0010-05-22 12:15:00,10,5,22,12,15,680,154,avenue de Fribourg,47.7681,7.38393,Plein jour,En agglomération,Hors intersection,Normale,Deux véhicules - arrière,,,,,,,,,,,1,2,1,1.0,2.0
201000010186,0010-07-15 17:00:00,10,7,15,17,0,680,154,,47.78152,7.34783,Plein jour,En agglomération,Intersection en T,Normale,Deux véhicules - côté,,,,,,,,,,,1,2,3,1.0,3.0
201000010187,0010-01-22 08:00:00,10,1,22,8,0,680,195,RUE ARISTIDE BRIAND,47.76147,7.28312,Plein jour,En agglomération,Hors intersection,Normale,Autre collision,,,,,,,,,,,1,2,1,1.0,6.0
201000010188,0010-02-03 13:30:00,10,2,3,13,30,680,267,,47.76981,7.24279,Plein jour,Hors agglomération,Hors intersection,Pluie légère,Sans collision,,,,,,,,,,,1,1,1,2.0,7.0
201000010189,0010-03-17 16:15:00,10,3,17,16,15,680,218,,47.73369,7.2465,Plein jour,Hors agglomération,Hors intersection,Normale,Sans collision,,,,,,,,,,,1,1,1,1.0,7.0
201000010190,0010-04-09 16:45:00,10,4,9,16,45,680,195,rue du rail,47.75564,7.28254,Plein jour,En agglomération,Hors intersection,Normale,Autre collision,,,,,,,,,,,1,2,1,1.0,6.0
201000010191,0010-07-01 15:45:00,10,7,1,15,45,680,267,,47.7621,7.23272,Plein jour,Hors agglomération,Hors intersection,Normale,Autre collision,,,,,,,,,,,1,1,1,1.0,6.0
201000010192,0010-07-27 05:15:00,10,7,27,5,15,680,195,,47.77077,7.2377,Crépuscule ou aube,Hors agglomération,Hors intersection,Normale,Deux véhicules - côté,,,,,,,,,,,2,1,1,1.0,3.0
201000010193,0010-08-13 12:30:00,10,8,13,12,30,680,384,rue de MULHOUSE,47.69622,7.30447,Plein jour,En agglomération,Hors intersection,Normale,Deux véhicules - côté,,,,,,,,,,,1,2,1,1.0,3.0
201000010194,0010-09-24 18:15:00,10,9,24,18,15,680,195,,47.75851,7.29219,Crépuscule ou aube,Hors agglomération,Hors intersection,Pluie légère,Deux véhicules - arrière,,,,,,,,,,,2,1,1,2.0,2.0
201000010195,0010-10-23 03:00:00,10,10,23,3,0,680,267,,47.76003,7.23314,Nuit sans éclairage public,Hors agglomération,Hors intersection,Normale,Autre collision,,,,,,,,,,,3,1,1,1.0,6.0
201000010196,0010-12-12 18:45:00,10,12,12,18,45,680,70,rue de brunstatt,47.71754,7.30977,Nuit avec éclairage allumé,En agglomération,Hors intersection,Normale,Autre collision,,,,,,,,,,,5,2,1,1.0,6.0
201000010197,0010-01-22 09:00:00,10,1,22,9,0,680,126,,47.55214,7.51876,Plein jour,Hors agglomération,Hors intersection,Temps couvert,Deux véhicules - frontale,,,,,,,,,,,1,1,1,8.0,1.0
201000010198,0010-01-26 10:00:00,10,1,26,10,0,680,183,,47.50334,7.43596,Plein jour,Hors agglomération,Hors intersection,Neige / grêle,Deux véhicules - frontale,,,,,,,,,,,1,1,1,4.0,1.0
201000010199,0010-03-01 14:00:00,10,3,1,14,0,680,126,Rue de Bourgfelden,47.56185,7.52659,Plein jour,En agglomération,Hors intersection,Temps éblouissant,Autre collision,,,,,,,,,,,1,2,1,7.0,6.0
201000010200,0010-03-10 23:45:00,10,3,10,23,45,680,263,,47.57965,7.47211,Nuit sans éclairage public,Hors agglomération,Hors intersection,Neige / grêle,Autre collision,,,,,,,,,,,3,1,1,4.0,6.0
201000010201,0010-03-13 23:45:00,10,3,13,23,45,680,297,,47.58911,7.54728,Nuit avec éclairage non allumé,Hors agglomération,Hors intersection,Normale,Deux véhicules - frontale,,,,,,,,,,,4,1,1,1.0,1.0
201000010202,0010-05-07 17:15:00,10,5,7,17,15,680,264,,47.58815,7.43536,Plein jour,Hors agglomération,Hors intersection,Normale,Trois véhicules et plus - collisions multiples,,,,,,,,,,,1,1,1,1.0,5.0
201000010203,0010-07-02 15:45:00,10,7,2,15,45,680,263,,47.58323,7.43882,Plein jour,Hors agglomération,Hors intersection,Normale,Deux véhicules - arrière,,,,,,,,,,,1,1,1,1.0,2.0
201000010204,0010-07-27 17:15:00,10,7,27,17,15,680,349,6 rue de la Pyramide,47.59791,7.57784,Plein jour,En agglomération,Hors intersection,Normale,Deux véhicules - frontale,,,,,,,,,,,1,2,1,1.0,1.0
201000010205,0010-10-23 21:00:00,10,10,23,21,0,680,42,RUE DE MICHELBACH,47.59898,7.48967,Nuit avec éclairage allumé,En agglomération,Hors intersection,Pluie légère,Deux véhicules - côté,,,,,,,,,,,5,2,1,2.0,3.0
201000010206,0010-10-28 18:30:00,10,10,28,18,30,680,286,,47.64087,7.53513,Crépuscule ou aube,Hors agglomération,Hors intersection,Normale,Deux véhicules - côté,,,,,,,,,,,2,1,1,1.0,3.0
201000010207,0010-11-04 22:45:00,10,11,4,22,45,680,42,,47.58485,7.51062,Nuit sans éclairage public,Hors agglomération,Hors intersection,Normale,Deux véhicules - arrière,,,,,,,,,,,3,1,1,1.0,2.0
201000010208,0010-11-20 18:00:00,10,11,20,18,0,680,61,,47.56539,7.4849,Nuit sans éclairage public,Hors agglomération,Hors intersection,Normale,Deux véhicules - frontale,,,,,,,,,,,3,1,1,1.0,1.0
201000010209,0010-12-09 16:45:00,10,12,9,16,45,680,349,,47.60083,7.59103,Crépuscule ou aube,Hors agglomération,Hors intersection,Temps couvert,Trois véhicules et plus - en chaîne,,,,,,,,,,,2,1,1,8.0,4.0
201000010210,0010-01-29 16:00:00,10,1,29,16,0,680,170,,47.6528,7.40336,Plein jour,Hors agglomération,Hors intersection,Pluie légère,Deux véhicules - frontale,,,,,,,,,,,1,1,1,2.0,1.0
201000010211,0010-04-10 17:45:00,10,4,10,17,45,680,309,,47.66966,7.47998,Plein jour,Hors agglomération,Hors intersection,Normale,Deux véhicules - côté,,,,,,,,,,,1,1,1,1.0,3.0
201000010212,0010-04-06 12:30:00,10,4,6,12,30,680,21,,47.63552,7.47585,Plein jour,En agglomération,Hors intersection,Normale,Trois véhicules et plus - en chaîne,,,,,,,,,,,1,2,1,1.0,4.0
201000010213,0010-11-05 20:00:00,10,11,5,20,0,680,163,RUE DES FAISANS,47.6602,7.5047,Nuit sans éclairage public,En agglomération,Hors intersection,Normale,Deux véhicules - côté,,,,,,,,,,,3,2,1,1.0,3.0
201000010214,0010-11-09 18:30:00,10,11,9,18,30,680,72,,47.70697,7.42224,Nuit sans éclairage public,Hors agglomération,Hors intersection,Normale,Deux véhicules - côté,,,,,,,,,,,3,1,1,1.0,3.0
201000010215,0010-11-16 16:30:00,10,11,16,16,30,680,327,,47.62845,7.4271,Plein jour,Hors agglomération,Hors intersection,Normale,Autre collision,,,,,,,,,,,1,1,1,1.0,6.0
201000010216,0010-03-13 15:00:00,10,3,13,15,0,680,348,Place du 28 janvier 2010,47.80119,7.11687,Plein jour,En agglomération,Giratoire,Normale,Deux véhicules - côté,,,,,,,,,,,1,2,6,1.0,3.0
201000010217,0010-03-17 14:45:00,10,3,17,14,45,680,40,13 rue du rhin,47.82815,7.08126,Plein jour,En agglomération,Hors intersection,Normale,Autre collision,,,,,,,,,,,1,2,1,1.0,6.0
201000010218,0010-05-04 16:15:00,10,5,4,16,15,680,334,rues des jardins/steinby,47.80679,7.10082,Plein jour,En agglomération,Intersection en T,Temps couvert,Deux véhicules - frontale,,,,,,,,,,,1,2,3,8.0,1.0