accident_id,datetime,annee,mois,jour,heure,minute,departement,commune_insee,adresse,latitude,longitude,luminosite,agglomeration,intersection,meteo,collision,nb_vehicules,nb_usagers,nb_indemnes,nb_tues,nb_blesses_hosp,nb_blesses_legers,age_cond_1,age_cond_2,veh_type_cond_1,veh_type_cond_2,lum_code,agg_code,int_code,atm_code,col_code
201000010352,0010-04-14 05:30:00,10,4,14,5,30,510,352,N4,,,Nuit sans éclairage public,Hors agglomération,Hors intersection,Normale,Deux véhicules - frontale,,,,,,,,,,,3,1,1,1.0,1.0
201000010353,0010-04-27 08:15:00,10,4,27,8,15,510,647,D982,,,Plein jour,Hors agglomération,Hors intersection,Temps éblouissant,Deux véhicules - frontale,,,,,,,,,,,1,1,1,7.0,1.0
201000010354,0010-05-14 06:45:00,10,5,14,6,45,510,65,voie communale,,,Crépuscule ou aube,Hors agglomération,Hors intersection,Normale,Autre collision,,,,,,,,,,,2,1,1,1.0,6.0
201000010355,0010-05-14 22:45:00,10,5,14,22,45,510,340,N4,,,Nuit sans éclairage public,Hors agglomération,Hors intersection,Normale,Deux véhicules - frontale,,,,,,,,,,,3,1,1,1.0,1.0
201000010356,0010-05-24 20:30:00,10,5,24,20,30,510,552,D2,,,Plein jour,Hors agglomération,Hors intersection,Normale,Sans collision,,,,,,,,,,,1,1,1,1.0,7.0
201000010357,0010-05-27 19:30:00,10,5,27,19,30,510,649,rue pascal,,,Plein jour,En agglomération,Hors intersection,Normale,Deux véhicules - frontale,,,,,,,,,,,1,2,1,1.0,1.0
201000010358,0010-06-05 09:00:00,10,6,5,9,0,510,649,l'arquebuse/ hôtel ville,,,Plein jour,En agglomération,Intersection en X,Normale,Deux véhicules - frontale,,,,,,,,,,,1,2,2,1.0,1.0
201000010359,0010-06-08 18:00:00,10,6,8,18,0,510,649,AV COLONEL MOLL,,,Plein jour,En agglomération,Hors intersection,Pluie forte,Autre collision,,,,,,,,,,,1,2,1,3.0,6.0
201000010360,0010-06-09 15:30:00,10,6,9,15,30,510,598,N4,,,Plein jour,Hors agglomération,Hors intersection,Normale,Autre collision,,,,,,,,,,,1,1,1,1.0,6.0
201000010361,0010-06-21 11:45:00,10,6,21,11,45,510,262,D396,,,Plein jour,Hors agglomération,Hors intersection,Normale,Deux véhicules - frontale,,,,,,,,,,,1,1,1,1.0,1.0
201000010362,0010-06-30 20:00:00,10,6,30,20,0,510,446,D402,,,Plein jour,Hors agglomération,Hors intersection,Normale,Autre collision,,,,,,,,,,,1,1,1,1.0,6.0
201000010363,0010-07-16 11:15:00,10,7,16,11,15,510,334,D316,,,Plein jour,Hors agglomération,Hors intersection,Normale,Sans collision,,,,,,,,,,,1,1,1,1.0,7.0
201000010364,0010-08-23 14:30:00,10,8,23,14,30,510,141,n44,,,Plein jour,Hors agglomération,Hors intersection,Pluie légère,Autre collision,,,,,,,,,,,1,1,1,2.0,6.0
201000010365,0010-08-30 23:45:00,10,8,30,23,45,510,295,d2/d14,,,Nuit avec éclairage allumé,Hors agglomération,Giratoire,Pluie légère,Autre collision,,,,,,,,,,,5,1,6,2.0,6.0
201000010366,0010-08-31 13:45:00,10,8,31,13,45,510,649,Fbg de st dizier/D982E1,,,Plein jour,En agglomération,Hors intersection,Normale,Deux véhicules - côté,,,,,,,,,,,1,2,1,1.0,3.0
201000010367,0010-10-02 19:45:00,10,10,2,19,45,510,141,d60,,,Nuit sans éclairage public,Hors agglomération,Hors intersection,Normale,Sans collision,,,,,,,,,,,3,1,1,1.0,7.0
201000010368,0010-11-17 20:00:00,10,11,17,20,0,510,22,D60,,,Nuit sans éclairage public,Hors agglomération,Hors intersection,Normale,Deux véhicules - frontale,,,,,,,,,,,3,1,1,1.0,1.0
201000010369,0010-02-17 17:00:00,10,2,17,17,0,510,423,D61,48.7627,4.83959,Plein jour,Hors agglomération,Hors intersection,Normale,Deux véhicules - côté,,,,,,,,,,,1,1,1,1.0,3.0
201000010370,0010-05-02 07:45:00,10,5,2,7,45,510,442,D994,,,Plein jour,Hors agglomération,Hors intersection,Normale,Autre collision,,,,,,,,,,,1,1,1,1.0,6.0
201000010371,0010-05-23 04:30:00,10,5,23,4,30,510,521,05 ch. Trois Fontaines,,,Crépuscule ou aube,En agglomération,Hors intersection,Normale,Autre collision,,,,,,,,,,,2,2,1,1.0,6.0
201000010372,0010-05-21 20:15:00,10,5,21,20,15,510,567,N4,,,Crépuscule ou aube,Hors agglomération,Hors intersection,Normale,Sans collision,,,,,,,,,,,2,1,1,1.0,7.0
201000010373,0010-06-06 12:00:00,10,6,6,12,0,510,513,D57,,,Plein jour,Hors agglomération,Hors intersection,Normale,Sans collision,,,,,,,,,,,1,1,1,1.0,7.0
201000010374,0010-06-05 19:00:00,10,6,5,19,0,510,373,D13,,,Plein jour,Hors agglomération,Hors intersection,Normale,Sans collision,,,,,,,,,,,1,1,1,1.0,7.0
201000010375,0010-07-30 15:30:00,10,7,30,15,30,510,589,D61,,,Plein jour,Hors agglomération,Hors intersection,Normale,Deux véhicules - frontale,,,,,,,,,,,1,1,1,1.0,1.0
201000010376,0010-09-16 19:15:00,10,9,16,19,15,510,284,2 Rue Jean Moulin-d16,,,Plein jour,En agglomération,Hors intersection,Normale,Deux véhicules - côté,,,,,,,,,,,1,2,1,1.0,3.0
201000010377,0010-12-12 11:45:00,10,12,12,11,45,510,423,13 RUE DE MAURUPT,,,Plein jour,En agglomération,Hors intersection,Normale,Sans collision,,,,,,,,,,,1,2,1,1.0,7.0
201000010378,0010-05-05 18:30:00,10,5,5,18,30,510,507,D63,,,Plein jour,Hors agglomération,Hors intersection,Normale,Autre collision,,,,,,,,,,,1,1,1,1.0,6.0
201000010379,0010-05-09 15:00:00,10,5,9,15,0,510,292,D994,,,Plein jour,Hors agglomération,Hors intersection,Normale,Deux véhicules - côté,,,,,,,,,,,1,1,1,1.0,3.0
201000010380,0010-05-17 17:45:00,10,5,17,17,45,510,507,rue Drouet/D3,,,Plein jour,En agglomération,Hors intersection,Normale,Autre collision,,,,,,,,,,,1,2,1,1.0,6.0
201000010381,0010-06-24 15:15:00,10,6,24,15,15,510,507,rue du quartier valmy,,,Plein jour,En agglomération,Hors intersection,Normale,Deux véhicules - frontale,,,,,,,,,,,1,2,1,1.0,1.0
201000010382,0010-07-09 02:45:00,10,7,9,2,45,510,83,D982,,,Nuit sans éclairage public,Hors agglomération,Hors intersection,Normale,Autre collision,,,,,,,,,,,3,1,1,1.0,6.0
201000010383,0010-07-16 11:45:00,10,7,16,11,45,510,283,D 67/D84 et VO 02,,,Plein jour,En agglomération,Intersection en X,Normale,Deux véhicules - côté,,,,,,,,,,,1,2,2,1.0,3.0
201000010384,0010-10-23 08:30:00,10,10,23,8,30,510,507,D3,,,Plein jour,Hors agglomération,Hors intersection,Normale,Deux véhicules - arrière,,,,,,,,,,,1,1,1,1.0,2.0
201000010385,0010-10-30 18:15:00,10,10,30,18,15,510,500,D982,,,Crépuscule ou aube,Hors agglomération,Hors intersection,Temps éblouissant,Deux véhicules - arrière,,,,,,,,,,,2,1,1,7.0,2.0
201000010386,0010-11-04 15:15:00,10,11,4,15,15,510,549,D994,,,Plein jour,Hors agglomération,Hors intersection,Normale,Deux véhicules - côté,,,,,,,,,,,1,1,1,1.0,3.0
201000010387,0010-11-19 19:45:00,10,11,19,19,45,510,619,RD982,,,Nuit sans éclairage public,Hors agglomération,Hors intersection,Normale,Autre collision,,,,,,,,,,,3,1,1,1.0,6.0
201000010388,0010-04-11 19:30:00,10,4,11,19,30,80,3,36 RUE PASTEUR,,,Plein jour,En agglomération,Hors intersection,Normale,Autre collision,,,,,,,,,,,1,2,1,1.0,6.0
201000010389,0010-04-19 08:15:00,10,4,19,8,15,80,96,CD 764,,,Plein jour,En agglomération,Hors intersection,Normale,Autre collision,,,,,,,,,,,1,2,1,1.0,6.0
201000010390,0010-05-01 23:45:00,10,5,1,23,45,80,96,RD 764,,,Nuit avec éclairage allumé,En agglomération,Hors intersection,Normale,Sans collision,,,,,,,,,,,5,2,1,1.0,7.0
201000010391,0010-07-07 13:45:00,10,7,7,13,45,80,199,,,,Plein jour,Hors agglomération,Hors intersection,Normale,Autre collision,,,,,,,,,,,1,1,1,1.0,6.0
201000010392,0010-08-12 16:30:00,10,8,12,16,30,80,199,RUE DE GERNELLE,,,Plein jour,En agglomération,Hors intersection,Normale,Deux véhicules - frontale,,,,,,,,,,,1,2,1,1.0,1.0
201000010393,0010-09-11 10:00:00,10,9,11,10,0,80,263,,,,Plein jour,Hors agglomération,Intersection en X,Normale,Deux véhicules - côté,,,,,,,,,,,1,1,2,1.0,3.0
201000010394,0010-10-25 14:30:00,10,10,25,14,30,80,209,,,,Plein jour,Hors agglomération,Hors intersection,Normale,Autre collision,,,,,,,,,,,1,1,1,1.0,6.0
201000010395,0010-11-28 16:30:00,10,11,28,16,30,80,283,,,,Plein jour,Hors agglomération,Hors intersection,Normale,Deux véhicules - frontale,,,,,,,,,,,1,1,1,1.0,1.0
201000010396,0010-01-01 19:10:00,10,1,1,19,10,80,188,20 PLACE DE L'ÉGLISE,,,Nuit avec éclairage allumé,En agglomération,Hors intersection,Normale,Deux véhicules - frontale,,,,,,,,,,,5,2,1,1.0,1.0
201000010397,0010-01-21 07:45:00,10,1,21,7,45,80,302,,,,Crépuscule ou aube,Hors agglomération,Hors intersection,Brouillard / fumée,Autre collision,,,,,,,,,,,2,1,1,5.0,6.0
201000010398,0010-05-15 17:15:00,10,5,15,17,15,80,81,,,,Plein jour,En agglomération,Intersection en Y,Normale,Deux véhicules - côté,,,,,,,,,,,1,2,4,1.0,3.0
201000010399,0010-07-20 20:45:00,10,7,20,20,45,80,302,ROUTE DE PRÜM,,,Plein jour,En agglomération,Hors intersection,Normale,Autre collision,,,,,,,,,,,1,2,1,1.0,6.0
201000010400,0010-08-21 15:30:00,10,8,21,15,30,80,328,RUE PARMENTIER,,,Plein jour,En agglomération,Hors intersection,Normale,Deux véhicules - côté,,,,,,,,,,,1,2,1,1.0,3.0
201000010401,0010-08-29 04:00:00,10,8,29,4,0,80,328,"107, Rue de Lorraine",,,Nuit avec éclairage allumé,En agglomération,Hors intersection,Normale,Autre collision,,,,,,,,,,,5,2,1,1.0,6.0
201000010402,0010-09-19 01:30:00,10,9,19,1,30,80,218,,,,Nuit sans éclairage public,Hors agglomération,Hors intersection,Normale,Sans collision,,,,,,,,,,,3,1,1,1.0,7.0
201000010403,0010-10-21 14:45:00,10,10,21,14,45,80,81,RUE JOURDE,,,Plein jour,En agglomération,Hors intersection,Normale,Deux véhicules - côté,,,,,,,,,,,1,2,1,1.0,3.0
201000010404,0010-12-31 16:15:00,10,12,31,16,15,80,81,,,,Plein jour,Hors agglomération,Hors intersection,Temps couvert,Deux véhicules - frontale,,,,,,,,,,,1,1,1,8.0,1.0
201000010405,0010-04-17 13:15:00,10,4,17,13,15,80,284,,,,Plein jour,Hors agglomération,Hors intersection,Normale,Sans collision,,,,,,,,,,,1,1,1,1.0,7.0
201000010406,0010-05-10 10:30:00,10,5,10,10,30,80,460,,,,Plein jour,Hors agglomération,Hors intersection,Normale,Autre collision,,,,,,,,,,,1,1,1,1.0,6.0
201000010407,0010-05-09 11:30:00,10,5,9,11,30,80,58,,,,Plein jour,Hors agglomération,Intersection en T,Normale,Deux véhicules - côté,,,,,,,,,,,1,1,3,1.0,3.0
201000010408,0010-06-07 01:00:00,10,6,7,1,0,80,251,,,,Nuit sans éclairage public,Hors agglomération,Hors intersection,Normale,Autre collision,,,,,,,,,,,3,1,1,1.0,6.0
201000010409,0010-08-06 17:15:00,10,8,6,17,15,80,284,13 RUE MARTIN MARTHE,,,Plein jour,En agglomération,Intersection en Y,Normale,Deux véhicules - frontale,,,,,,,,,,,1,2,4,1.0,1.0
201000010410,0010-09-02 18:15:00,10,9,2,18,15,80,457,LOTISSEMENT DES ÉGLANTIN,,,Plein jour,En agglomération,Intersection en T,Normale,Deux véhicules - frontale,,,,,,,,,,,1,2,3,1.0,1.0
201000010411,0010-10-29 19:45:00,10,10,29,19,45,80,358,,,,Nuit sans éclairage public,Hors agglomération,Hors intersection,Pluie légère,Deux véhicules - frontale,,,,,,,,,,,3,1,1,2.0,1.0
201000010412,0010-10-05 22:45:00,10,10,5,22,45,80,185,,,,Nuit sans éclairage public,Hors agglomération,Hors intersection,Pluie légère,Autre collision,,,,,,,,,,,3,1,1,2.0,6.0
201000010413,0010-11-07 00:45:00,10,11,7,0,45,80,222,RUE DE L'ESPÉRANCE,,,Nuit avec éclairage allumé,En agglomération,Hors intersection,Pluie légère,Deux véhicules - frontale,,,,,,,,,,,5,2,1,2.0,1.0
201000010414,0010-11-11 17:30:00,10,11,11,17,30,80,363,RD 988,,,Nuit sans éclairage public,En agglomération,Hors intersection,Pluie forte,Autre collision,,,,,,,,,,,3,2,1,3.0,6.0
201000010415,0010-03-06 21:00:00,10,3,6,21,0,80,367,,,,Nuit sans éclairage public,Hors agglomération,Hors intersection,Normale,Deux véhicules - côté,,,,,,,,,,,3,1,1,1.0,3.0
201000010416,0010-03-13 19:15:00,10,3,13,19,15,80,156,,,,Plein jour,Hors agglomération,Hors intersection,Normale,Autre collision,,,,,,,,,,,1,1,1,1.0,6.0
201000010417,0010-04-27 20:30:00,10,4,27,20,30,80,254,,,,Crépuscule ou aube,En agglomération,Intersection en T,Normale,Deux véhicules - côté,,,,,,,,,,,2,2,3,1.0,3.0
201000010418,0010-06-02 18:15:00,10,6,2,18,15,80,78,,,,Plein jour,Hors agglomération,Hors intersection,Normale,Sans collision,,,,,,,,,,,1,1,1,1.0,7.0
201000010419,0010-07-16 18:00:00,10,7,16,18,0,80,440,,,,Plein jour,Hors agglomération,Intersection en X,Normale,Trois véhicules et plus - collisions multiples,,,,,,,,,,,1,1,2,1.0,5.0
201000010420,0010-05-10 16:15:00,10,5,10,16,15,80,311,,,,Plein jour,En agglomération,Intersection en X,Normale,Deux véhicules - côté,,,,,,,,,,,1,2,2,1.0,3.0
201000010421,0010-07-16 08:30:00,10,7,16,8,30,80,336,,,,Plein jour,Hors agglomération,Intersection en X,Normale,Deux véhicules - côté,,,,,,,,,,,1,1,2,1.0,3.0
201000010422,0010-08-18 22:30:00,10,8,18,22,30,80,475,,,,Nuit sans éclairage public,Hors agglomération,Hors intersection,Normale,Deux véhicules - frontale,,,,,,,,,,,3,1,1,1.0,1.0
201000010423,0010-08-24 09:45:00,10,8,24,9,45,80,153,,,,Plein jour,Hors agglomération,Hors intersection,Normale,Deux véhicules - côté,,,,,,,,,,,1,1,1,1.0,3.0
201000010424,0010-09-15 16:00:00,10,9,15,16,0,80,90,RUE MARIA VISSEAUX,,,Plein jour,En agglomération,Intersection en X,Normale,Deux véhicules - frontale,,,,,,,,,,,1,2,2,1.0,1.0
201000010425,0010-10-01 16:30:00,10,10,1,16,30,80,34,,,,Plein jour,Hors agglomération,Hors intersection,Normale,Deux véhicules - frontale,,,,,,,,,,,1,1,1,1.0,1.0
201000010426,0010-10-01 22:00:00,10,10,1,22,0,80,336,,,,Nuit sans éclairage public,Hors agglomération,Hors intersection,Pluie légère,Sans collision,,,,,,,,,,,3,1,1,2.0,7.0
201000010427,0010-11-08 18:45:00,10,11,8,18,45,80,53,,,,Nuit avec éclairage allumé,En agglomération,Intersection en T,Pluie légère,Deux véhicules - côté,,,,,,,,,,,5,2,3,2.0,3.0
201000010428,0010-11-25 14:45:00,10,11,25,14,45,80,90,RUE CHAMPS RAYMOND,,,Plein jour,En agglomération,Hors intersection,Normale,Deux véhicules - côté,,,,,,,,,,,1,2,1,1.0,3.0
201000010429,0010-01-06 15:00:00,10,1,6,15,0,80,491,RU EDE LA RÉPUBLIQUE,,,Crépuscule ou aube,En agglomération,Hors intersection,Temps couvert,Autre collision,,,,,,,,,,,2,2,1,8.0,6.0
201000010430,0010-02-06 23:30:00,10,2,6,23,30,80,142,,,,Nuit sans éclairage public,Hors agglomération,Hors intersection,Temps couvert,Autre collision,,,,,,,,,,,3,1,1,8.0,6.0
201000010431,0010-04-10 17:15:00,10,4,10,17,15,80,63,,,,Plein jour,Hors agglomération,Hors intersection,Normale,Deux véhicules - arrière,,,,,,,,,,,1,1,1,1.0,2.0
201000010432,0010-06-17 17:15:00,10,6,17,17,15,80,115,,,,Plein jour,Hors agglomération,Autre intersection,Normale,Autre collision,,,,,,,,,,,1,1,9,1.0,6.0
201000010433,0010-06-17 16:45:00,10,6,17,16,45,80,142,07 RUE DE L'ATELIER,,,Plein jour,En agglomération,Hors intersection,Normale,Deux véhicules - frontale,,,,,,,,,,,1,2,1,1.0,1.0
201000010434,0010-09-23 16:30:00,10,9,23,16,30,80,488,4 RUE MAURICE THOREZ,,,Plein jour,En agglomération,Hors intersection,Normale,Autre collision,,,,,,,,,,,1,2,1,1.0,6.0
201000010435,0010-09-29 13:45:00,10,9,29,13,45,80,232,,,,Plein jour,Hors agglomération,Hors intersection,Normale,Sans collision,,,,,,,,,,,1,1,1,1.0,7.0
201000010436,0010-11-19 16:30:00,10,11,19,16,30,80,194,,,,Plein jour,Hors agglomération,Hors intersection,Normale,Deux véhicules - côté,,,,,,,,,,,1,1,1,1.0,3.0
201000010437,0010-02-11 18:00:00,10,2,11,18,0,80,178,,,,Crépuscule ou aube,Hors agglomération,Hors intersection,Neige / grêle,Autre collision,,,,,,,,,,,2,1,1,4.0,6.0
201000010438,0010-04-09 16:45:00,10,4,9,16,45,80,384,,,,Plein jour,Hors agglomération,Hors intersection,Normale,Autre collision,,,,,,,,,,,1,1,1,1.0,6.0
201000010439,0010-04-17 18:00:00,10,4,17,18,0,80,392,,,,Plein jour,Hors agglomération,Hors intersection,Normale,Deux véhicules - côté,,,,,,,,,,,1,1,1,1.0,3.0
201000010440,0010-05-15 23:15:00,10,5,15,23,15,80,193,,,,Nuit sans éclairage public,Hors agglomération,Hors intersection,Normale,Autre collision,,,,,,,,,,,3,1,1,1.0,6.0
201000010441,0010-05-16 18:45:00,10,5,16,18,45,80,410,,,,Plein jour,Hors agglomération,Hors intersection,Normale,Deux véhicules - côté,,,,,,,,,,,1,1,1,1.0,3.0
201000010442,0010-05-22 15:45:00,10,5,22,15,45,80,490,RUE CHANZY,,,Plein jour,En agglomération,Hors intersection,Normale,Deux véhicules - arrière,,,,,,,,,,,1,2,1,1.0,2.0
201000010443,0010-07-06 07:00:00,10,7,6,7,0,80,410,,,,Plein jour,Hors agglomération,Hors intersection,Normale,Deux véhicules - frontale,,,,,,,,,,,1,1,1,1.0,1.0
201000010444,0010-07-11 19:45:00,10,7,11,19,45,80,490,,,,Nuit sans éclairage public,Hors agglomération,Hors intersection,Normale,Autre collision,,,,,,,,,,,3,1,1,1.0,6.0
201000010445,0010-11-02 19:30:00,10,11,2,19,30,80,490,96 RUE GAMBETTA,,,Nuit avec éclairage allumé,En agglomération,Hors intersection,Normale,Autre collision,,,,,,,,,,,5,2,1,1.0,6.0
201000010446,0010-05-24 19:00:00,10,5,24,19,0,80,116,,,,Plein jour,Hors agglomération,Hors intersection,Normale,Deux véhicules - côté,,,,,,,,,,,1,1,1,1.0,3.0
201000010447,0010-10-09 13:15:00,10,10,9,13,15,80,116,,,,Plein jour,Hors agglomération,Hors intersection,Normale,Deux véhicules - côté,,,,,,,,,,,1,1,1,1.0,3.0
201000010448,0010-10-31 18:15:00,10,10,31,18,15,80,116,RUE FILLETTE,,,Nuit avec éclairage allumé,En agglomération,Hors intersection,Pluie légère,Autre collision,,,,,,,,,,,5,2,1,2.0,6.0
201000010449,0010-11-19 17:15:00,10,11,19,17,15,80,7,,,,Nuit sans éclairage public,Hors agglomération,Hors intersection,Pluie légère,Autre collision,,,,,,,,,,,3,1,1,2.0,6.0
201000010450,0010-01-28 10:00:00,10,1,28,10,0,80,416,,,,Plein jour,Hors agglomération,Hors intersection,Autre,Sans collision,,,,,,,,,,,1,1,1,9.0,7.0
201000010451,0010-01-23 18:30:00,10,1,23,18,30,80,1,,,,Nuit sans éclairage public,Hors agglomération,Hors intersection,Pluie légère,Trois véhicules et plus - collisions multiples,,,,,,,,,,,3,1,1,2.0,5.0
201000010452,0010-01-29 08:00:00,10,1,29,8,0,80,362,,,,Crépuscule ou aube,Hors agglomération,Hors intersection,Normale,Autre collision,,,,,,,,,,,2,1,1,1.0,6.0
201000010453,0010-03-27 05:30:00,10,3,27,5,30,80,330,,,,Crépuscule ou aube,Hors agglomération,Hors intersection,Normale,Autre collision,,,,,,,,,,,2,1,1,1.0,6.0
201000010454,0010-04-05 18:45:00,10,4,5,18,45,80,133,,,,Plein jour,Hors agglomération,Hors intersection,Normale,Autre collision,,,,,,,,,,,1,1,1,1.0,6.0
201000010455,0010-04-17 11:00:00,10,4,17,11,0,80,427,,,,Plein jour,Hors agglomération,Hors intersection,Normale,Autre collision,,,,,,,,,,,1,1,1,1.0,6.0
201000010456,0010-04-23 02:00:00,10,4,23,2,0,80,1,,,,Nuit sans éclairage public,Hors agglomération,Hors intersection,Normale,Autre collision,,,,,,,,,,,3,1,1,1.0,6.0
201000010457,0010-05-23 20:15:00,10,5,23,20,15,80,133,,,,Plein jour,Hors agglomération,Hors intersection,Normale,Autre collision,,,,,,,,,,,1,1,1,1.0,6.0
201000010458,0010-08-31 19:45:00,10,8,31,19,45,80,403,,,,Plein jour,Hors agglomération,Hors intersection,Normale,Autre collision,,,,,,,,,,,1,1,1,1.0,6.0
201000010459,0010-09-08 14:15:00,10,9,8,14,15,80,362,20 AV. CHARLES DE GAULLE,,,Plein jour,En agglomération,Hors intersection,Temps couvert,Deux véhicules - côté,,,,,,,,,,,1,2,1,8.0,3.0
201000010460,0010-09-04 14:15:00,10,9,4,14,15,80,362,,,,Plein jour,Hors agglomération,Hors intersection,Normale,Sans collision,,,,,,,,,,,1,1,1,1.0,7.0
201000010461,0010-09-22 08:00:00,10,9,22,8,0,80,48,,,,Plein jour,Hors agglomération,Hors intersection,Normale,Deux véhicules - frontale,,,,,,,,,,,1,1,1,1.0,1.0
201000010462,0010-10-15 07:45:00,10,10,15,7,45,80,427,,,,Crépuscule ou aube,Hors agglomération,Hors intersection,Brouillard / fumée,Autre collision,,,,,,,,,,,2,1,1,5.0,6.0
201000010463,0010-03-29 19:15:00,10,3,29,19,15,80,225,,,,Crépuscule ou aube,En agglomération,Hors intersection,Normale,Autre collision,,,,,,,,,,,2,2,1,1.0,6.0
201000010464,0010-06-24 22:15:00,10,6,24,22,15,80,381,,,,Nuit sans éclairage public,Hors agglomération,Hors intersection,Normale,Sans collision,,,,,,,,,,,3,1,1,1.0,7.0
201000010465,0010-06-25 12:00:00,10,6,25,12,0,80,396,,,,Plein jour,Hors agglomération,Hors intersection,Normale,Sans collision,,,,,,,,,,,1,1,1,1.0,7.0
201000010466,0010-06-28 17:45:00,10,6,28,17,45,80,381,RUE DÉSIRÉ LINARD,,,Plein jour,En agglomération,Hors intersection,Normale,Deux véhicules - frontale,,,,,,,,,,,1,2,1,1.0,1.0
201000010467,0010-08-14 19:45:00,10,8,14,19,45,80,286,,,,Plein jour,Hors agglomération,Hors intersection,Normale,Sans collision,,,,,,,,,,,1,1,1,1.0,7.0
201000010468,0010-08-19 15:15:00,10,8,19,15,15,80,339,,,,Plein jour,Hors agglomération,Hors intersection,Normale,Sans collision,,,,,,,,,,,1,1,1,1.0,7.0
201000010469,0010-10-07 14:45:00,10,10,7,14,45,80,24,,,,Plein jour,Hors agglomération,Hors intersection,Normale,Sans collision,,,,,,,,,,,1,1,1,1.0,7.0
201000010470,0010-11-01 16:45:00,10,11,1,16,45,80,14,,,,Plein jour,Hors agglomération,Hors intersection,Normale,Deux véhicules - frontale,,,,,,,,,,,1,1,1,1.0,1.0
201000010471,0010-11-29 08:45:00,10,11,29,8,45,80,150,,,,Plein jour,Hors agglomération,Hors intersection,Neige / grêle,Sans collision,,,,,,,,,,,1,1,1,4.0,7.0
201000010472,0010-12-23 02:45:00,10,12,23,2,45,80,339,,,,Nuit sans éclairage public,Hors agglomération,Hors intersection,Neige / grêle,Sans collision,,,,,,,,,,,3,1,1,4.0,7.0
201000010473,0010-04-08 13:15:00,10,4,8,13,15,80,372,,,,Plein jour,Hors agglomération,Hors intersection,Normale,Sans collision,,,,,,,,,,,1,1,1,1.0,7.0
201000010474,0010-05-23 12:00:00,10,5,23,12,0,80,402,,,,Plein jour,Hors agglomération,Hors intersection,Normale,Sans collision,,,,,,,,,,,1,1,1,1.0,7.0
201000010475,0010-07-23 22:30:00,10,7,23,22,30,80,366,D14,,,Nuit avec éclairage non allumé,En agglomération,Hors intersection,Normale,Sans collision,,,,,,,,,,,4,2,1,1.0,7.0
201000010476,0010-10-02 17:15:00,10,10,2,17,15,80,419,,,,Plein jour,Hors agglomération,Hors intersection,Normale,Sans collision,,,,,,,,,,,1,1,1,1.0,7.0
201000010477,0010-11-06 01:00:00,10,11,6,1,0,80,356,,,,Nuit sans éclairage public,En agglomération,Hors intersection,Pluie légère,Deux véhicules - frontale,,,,,,,,,,,3,2,1,2.0,1.0
201000010478,0010-01-01 18:45:00,10,1,1,18,45,100,95,,48.5681,4.14789,Nuit sans éclairage public,Hors agglomération,Hors intersection,Normale,Sans collision,,,,,,,,,,,3,1,1,1.0,7.0
201000010479,0010-01-21 09:00:00,10,1,21,9,0,100,442,22 RTE DE MONTSUZAIN,48.4524,4.1253,Plein jour,En agglomération,Hors intersection,Temps couvert,Autre collision,,,,,,,,,,,1,2,1,8.0,6.0
201000010480,0010-05-21 00:30:00,10,5,21,0,30,100,216,,48.663,4.226,Nuit sans éclairage public,Hors agglomération,Hors intersection,Normale,Sans collision,,,,,,,,,,,3,1,1,1.0,7.0
201000010481,0010-05-29 13:45:00,10,5,29,13,45,100,149,,48.401,4.11099,Plein jour,Hors agglomération,Hors intersection,Normale,Trois véhicules et plus - collisions multiples,,,,,,,,,,,1,1,1,1.0,5.0
201000010482,0010-06-29 18:00:00,10,6,29,18,0,100,21,,48.45168,4.21634,Plein jour,Hors agglomération,Intersection en Y,Temps éblouissant,Deux véhicules - frontale,,,,,,,,,,,1,1,4,7.0,1.0
201000010483,0010-07-30 11:30:00,10,7,30,11,30,100,6,,48.5164,4.14288,Plein jour,Hors agglomération,Hors intersection,Normale,Autre collision,,,,,,,,,,,1,1,1,1.0,6.0
201000010484,0010-08-06 17:15:00,10,8,6,17,15,100,172,,48.61235,4.16767,Plein jour,Hors agglomération,Hors intersection,Normale,Sans collision,,,,,,,,,,,1,1,1,1.0,7.0
201000010485,0010-09-24 16:30:00,10,9,24,16,30,100,6,route de Brienne,48.53397,4.15542,Plein jour,En agglomération,Intersection en T,Pluie forte,Deux véhicules - côté,,,,,,,,,,,1,2,3,3.0,3.0
201000010486,0010-10-06 16:00:00,10,10,6,16,0,100,6,4 RUE DE PARIS,48.53653,4.14123,Plein jour,En agglomération,Hors intersection,Normale,Autre collision,,,,,,,,,,,1,2,1,1.0,6.0
201000010487,0010-10-16 10:45:00,10,10,16,10,45,100,430,,48.63595,4.1786,Plein jour,Hors agglomération,Hors intersection,Normale,Autre collision,,,,,,,,,,,1,1,1,1.0,6.0
201000010488,0010-11-12 17:45:00,10,11,12,17,45,100,21,,48.42956,4.26681,Nuit sans éclairage public,Hors agglomération,Hors intersection,Vent fort / tempête,Sans collision,,,,,,,,,,,3,1,1,6.0,7.0
201000010489,0010-01-15 07:00:00,10,1,15,7,0,100,51,,48.1867,4.0054,Crépuscule ou aube,Hors agglomération,Hors intersection,Pluie légère,Sans collision,,,,,,,,,,,2,1,1,2.0,7.0