accident_id,datetime,annee,mois,jour,heure,minute,departement,commune_insee,adresse,latitude,longitude,luminosite,agglomeration,intersection,meteo,collision,nb_vehicules,nb_usagers,nb_indemnes,nb_tues,nb_blesses_hosp,nb_blesses_legers,age_cond_1,age_cond_2,veh_type_cond_1,veh_type_cond_2,lum_code,agg_code,int_code,atm_code,col_code
201000010490,0010-04-18 17:30:00,10,4,18,17,30,100,434,,48.16809,4.09171,Plein jour,Hors agglomération,Hors intersection,Normale,Sans collision,,,,,,,,,,,1,1,1,1.0,7.0
201000010491,0010-04-19 21:45:00,10,4,19,21,45,100,395,route de vallieres,48.0235,4.0142,Nuit sans éclairage public,En agglomération,Hors intersection,Normale,Deux véhicules - frontale,,,,,,,,,,,3,2,1,1.0,1.0
201000010492,0010-05-30 22:30:00,10,5,30,22,30,100,416,,,,Nuit sans éclairage public,Hors agglomération,Hors intersection,Pluie légère,Deux véhicules - côté,,,,,,,,,,,3,1,1,2.0,3.0
201000010493,0010-07-04 23:00:00,10,7,4,23,0,100,140,,48.06827,3.91898,Nuit sans éclairage public,Hors agglomération,Hors intersection,Normale,Autre collision,,,,,,,,,,,3,1,1,1.0,6.0
201000010494,0010-07-19 14:15:00,10,7,19,14,15,100,18,,48.10529,3.89716,Plein jour,Hors agglomération,Hors intersection,Normale,Trois véhicules et plus - collisions multiples,,,,,,,,,,,1,1,1,1.0,5.0
201000010495,0010-09-13 19:45:00,10,9,13,19,45,100,120,Carrefour CD 27 / CD 125,48.02041,4.10285,Crépuscule ou aube,En agglomération,Intersection en X,Normale,Deux véhicules - côté,,,,,,,,,,,2,2,2,1.0,3.0
201000010496,0010-10-09 19:45:00,10,10,9,19,45,100,80,,48.04426,4.133,Nuit sans éclairage public,Hors agglomération,Hors intersection,Normale,Deux véhicules - côté,,,,,,,,,,,3,1,1,1.0,3.0
201000010497,0010-10-10 17:30:00,10,10,10,17,30,100,168,,48.04725,4.0355,Plein jour,Hors agglomération,Intersection en Y,Normale,Deux véhicules - côté,,,,,,,,,,,1,1,4,1.0,3.0
201000010498,0010-11-01 09:15:00,10,11,1,9,15,100,395,Intersection D443 D23,48.02357,4.00682,Plein jour,En agglomération,Intersection en X,Normale,Deux véhicules - frontale,,,,,,,,,,,1,2,2,1.0,1.0
201000010499,0010-12-17 00:45:00,10,12,17,0,45,100,425,,48.16379,4.03214,Nuit sans éclairage public,Hors agglomération,Hors intersection,Pluie forte,Autre collision,,,,,,,,,,,3,1,1,3.0,6.0
201000010500,0010-12-21 17:45:00,10,12,21,17,45,100,247,GRANDE RUE,48.07836,3.8682,Nuit avec éclairage allumé,En agglomération,Hors intersection,Temps couvert,Autre collision,,,,,,,,,,,5,2,1,8.0,6.0
201000010501,0010-01-04 08:00:00,10,1,4,8,0,100,3,18 AVENUE PASTEUR,48.2228,3.73944,Nuit avec éclairage allumé,En agglomération,Hors intersection,Normale,Deux véhicules - frontale,,,,,,,,,,,5,2,1,1.0,1.0
201000010502,0010-01-22 11:45:00,10,1,22,11,45,100,156,,48.2857,3.87937,Plein jour,Hors agglomération,Hors intersection,Normale,Autre collision,,,,,,,,,,,1,1,1,1.0,6.0
201000010503,0010-06-03 18:15:00,10,6,3,18,15,100,350,3 rue de la grenouillere,,,Plein jour,En agglomération,Hors intersection,Normale,Deux véhicules - frontale,,,,,,,,,,,1,2,1,1.0,1.0
201000010504,0010-08-03 16:15:00,10,8,3,16,15,100,415,,48.2516,3.71931,Plein jour,Hors agglomération,Intersection en X,Normale,Deux véhicules - côté,,,,,,,,,,,1,1,2,1.0,3.0
201000010505,0010-08-18 23:00:00,10,8,18,23,0,100,444,,48.23461,3.60685,Nuit sans éclairage public,Hors agglomération,Hors intersection,Normale,Deux véhicules - frontale,,,,,,,,,,,3,1,1,1.0,1.0
201000010506,0010-09-27 18:00:00,10,9,27,18,0,100,340,N77 face au numéro 504,48.25932,4.03177,Plein jour,En agglomération,Hors intersection,Normale,Autre collision,,,,,,,,,,,1,2,1,1.0,6.0
201000010507,0010-10-03 15:15:00,10,10,3,15,15,100,417,D374,48.20208,3.77543,Plein jour,En agglomération,Hors intersection,Normale,Autre collision,,,,,,,,,,,1,2,1,1.0,6.0
201000010508,0010-12-04 15:15:00,10,12,4,15,15,100,156,,48.27716,3.38991,Plein jour,Hors agglomération,Hors intersection,Normale,Deux véhicules - frontale,,,,,,,,,,,1,1,1,1.0,1.0
201000010509,0010-02-24 18:00:00,10,2,24,18,0,100,352,ROUTE DE MERY,48.3507,4.05639,Crépuscule ou aube,En agglomération,Hors intersection,Normale,Deux véhicules - arrière,,,,,,,,,,,2,2,1,1.0,2.0
201000010510,0010-03-12 05:00:00,10,3,12,5,0,100,349,02 rue des Cortins,48.35987,4.0027,Nuit avec éclairage allumé,En agglomération,Hors intersection,Normale,Sans collision,,,,,,,,,,,5,2,1,1.0,7.0
201000010511,0010-03-19 08:00:00,10,3,19,8,0,100,282,,48.37119,3.96549,Plein jour,Hors agglomération,Intersection en T,Normale,Deux véhicules - côté,,,,,,,,,,,1,1,3,1.0,3.0
201000010512,0010-05-23 16:15:00,10,5,23,16,15,100,349,,48.378,3.999,Plein jour,Hors agglomération,Hors intersection,Normale,Autre collision,,,,,,,,,,,1,1,1,1.0,6.0
201000010513,0010-06-19 20:45:00,10,6,19,20,45,100,349,,48.362,3.986,Plein jour,Hors agglomération,Hors intersection,Normale,Deux véhicules - côté,,,,,,,,,,,1,1,1,1.0,3.0
201000010514,0010-06-26 19:45:00,10,6,26,19,45,100,270,RUE DU BOIS,48.39248,4.2797,Plein jour,En agglomération,Hors intersection,Normale,Deux véhicules - côté,,,,,,,,,,,1,2,1,1.0,3.0
201000010515,0010-08-03 16:00:00,10,8,3,16,0,100,238,,48.2426,4.3531,Plein jour,Hors agglomération,Hors intersection,Normale,Trois véhicules et plus - collisions multiples,,,,,,,,,,,1,1,1,1.0,5.0
201000010516,0010-08-20 01:45:00,10,8,20,1,45,100,238,,48.2417,4.37226,Nuit sans éclairage public,Hors agglomération,Hors intersection,Normale,Autre collision,,,,,,,,,,,3,1,1,1.0,6.0
201000010517,0010-08-19 18:15:00,10,8,19,18,15,100,209,CD 1,48.25455,4.27311,Plein jour,En agglomération,Hors intersection,Normale,Autre collision,,,,,,,,,,,1,2,1,1.0,6.0
201000010518,0010-08-22 00:01:00,10,8,22,0,1,100,239,21 grande rue,48.34092,4.21729,Nuit sans éclairage public,En agglomération,Hors intersection,Normale,Deux véhicules - côté,,,,,,,,,,,3,2,1,1.0,3.0
201000010519,0010-08-21 19:45:00,10,8,21,19,45,100,209,,48.2751,4.30134,Plein jour,Hors agglomération,Hors intersection,Normale,Sans collision,,,,,,,,,,,1,1,1,1.0,7.0
201000010520,0010-04-02 22:15:00,10,4,2,22,15,100,48,,48.18136,4.62927,Nuit sans éclairage public,Hors agglomération,Hors intersection,Pluie légère,Autre collision,,,,,,,,,,,3,1,1,2.0,6.0
201000010521,0010-04-02 19:00:00,10,4,2,19,0,100,178,,48.27998,4.59177,Crépuscule ou aube,Hors agglomération,Hors intersection,Normale,Autre collision,,,,,,,,,,,2,1,1,1.0,6.0
201000010522,0010-07-05 00:15:00,10,7,5,0,15,100,401,,48.25566,4.45096,Nuit sans éclairage public,Hors agglomération,Hors intersection,Normale,Sans collision,,,,,,,,,,,3,1,1,1.0,7.0
201000010523,0010-08-04 17:30:00,10,8,4,17,30,100,426,Rue de l'Abbaye,48.14545,4.7867,Plein jour,En agglomération,Autre intersection,Normale,Deux véhicules - frontale,,,,,,,,,,,1,2,9,1.0,1.0
201000010524,0010-09-10 12:30:00,10,9,10,12,30,100,33,Route de Couvignon,48.22996,4.70005,Plein jour,En agglomération,Intersection en T,Normale,Deux véhicules - frontale,,,,,,,,,,,1,2,3,1.0,1.0
201000010525,0010-10-30 02:00:00,10,10,30,2,0,100,426,Rue de selley,48.1202,4.78959,Nuit avec éclairage allumé,En agglomération,Hors intersection,Normale,Autre collision,,,,,,,,,,,5,2,1,1.0,6.0
201000010526,0010-04-06 02:00:00,10,4,6,2,0,100,184,,48.41887,4.61343,Nuit sans éclairage public,Hors agglomération,Hors intersection,Normale,Autre collision,,,,,,,,,,,3,1,1,1.0,6.0
201000010527,0010-08-21 05:00:00,10,8,21,5,0,100,72,,48.36877,4.46944,Crépuscule ou aube,Hors agglomération,Hors intersection,Normale,Sans collision,,,,,,,,,,,2,1,1,1.0,7.0
201000010528,0010-09-14 19:00:00,10,9,14,19,0,100,189,,48.43994,4.50896,Plein jour,Hors agglomération,Hors intersection,Normale,Deux véhicules - frontale,,,,,,,,,,,1,1,1,1.0,1.0
201000010529,0010-02-10 12:00:00,10,2,10,12,0,100,317,12 RUE ST JEAN,48.005,4.36819,Plein jour,En agglomération,Hors intersection,Normale,Trois véhicules et plus - collisions multiples,,,,,,,,,,,1,2,1,1.0,5.0
201000010530,0010-03-02 20:30:00,10,3,2,20,30,100,70,,48.07505,4.44274,Crépuscule ou aube,Hors agglomération,Hors intersection,Normale,Sans collision,,,,,,,,,,,2,1,1,1.0,7.0
201000010531,0010-03-26 09:45:00,10,3,26,9,45,100,437,,48.14241,4.2845,Plein jour,Hors agglomération,Hors intersection,Normale,Trois véhicules et plus - collisions multiples,,,,,,,,,,,1,1,1,1.0,5.0
201000010532,0010-04-09 16:30:00,10,4,9,16,30,100,34,,48.13403,4.39011,Plein jour,Hors agglomération,Hors intersection,Normale,Deux véhicules - frontale,,,,,,,,,,,1,1,1,1.0,1.0
201000010533,0010-04-23 14:00:00,10,4,23,14,0,100,437,,48.13678,4.30904,Plein jour,Hors agglomération,Hors intersection,Normale,Deux véhicules - frontale,,,,,,,,,,,1,1,1,1.0,1.0
201000010534,0010-06-23 07:15:00,10,6,23,7,15,100,136,,,,Plein jour,Hors agglomération,Hors intersection,Temps éblouissant,Autre collision,,,,,,,,,,,1,1,1,7.0,6.0
201000010535,0010-06-27 14:30:00,10,6,27,14,30,100,71,,48.11418,4.53831,Plein jour,Hors agglomération,Intersection en X,Normale,Deux véhicules - côté,,,,,,,,,,,1,1,2,1.0,3.0
201000010536,0010-06-30 23:00:00,10,6,30,23,0,100,399,,48.18271,4.19751,Nuit sans éclairage public,Hors agglomération,Intersection en Y,Normale,Deux véhicules - côté,,,,,,,,,,,3,1,4,1.0,3.0
201000010537,0010-07-04 17:15:00,10,7,4,17,15,100,418,01 route de POLISOT,48.08487,4.30124,Plein jour,En agglomération,Intersection en T,Normale,Sans collision,,,,,,,,,,,1,2,3,1.0,7.0
201000010538,0010-07-14 20:15:00,10,7,14,20,15,100,295,,48.079,4.307,Plein jour,Hors agglomération,Hors intersection,Normale,Sans collision,,,,,,,,,,,1,1,1,1.0,7.0
201000010539,0010-07-20 07:30:00,10,7,20,7,30,100,34,,48.08582,4.43718,Plein jour,Hors agglomération,Hors intersection,Normale,Autre collision,,,,,,,,,,,1,1,1,1.0,6.0
201000010540,0010-08-23 12:15:00,10,8,23,12,15,100,68,,48.04736,4.39237,Plein jour,Hors agglomération,Hors intersection,Normale,Sans collision,,,,,,,,,,,1,1,1,1.0,7.0
201000010541,0010-09-29 18:30:00,10,9,29,18,30,100,295,,48.07699,4.387,Plein jour,Hors agglomération,Intersection en X,Normale,Trois véhicules et plus - collisions multiples,,,,,,,,,,,1,1,2,1.0,5.0
201000010542,0010-10-04 13:30:00,10,10,4,13,30,100,399,,48.18275,4.19748,Plein jour,Hors agglomération,Intersection en X,Pluie légère,Deux véhicules - frontale,,,,,,,,,,,1,1,2,2.0,1.0
201000010543,0010-11-02 18:30:00,10,11,2,18,30,100,427,,48.10073,4.42433,Nuit sans éclairage public,Hors agglomération,Hors intersection,Normale,Deux véhicules - frontale,,,,,,,,,,,3,1,1,1.0,1.0
201000010544,0010-11-18 14:15:00,10,11,18,14,15,100,34,Rue Charles MOREAU,48.11316,4.37593,Plein jour,En agglomération,Intersection en X,Normale,Deux véhicules - côté,,,,,,,,,,,1,2,2,1.0,3.0
201000010545,0010-12-01 03:30:00,10,12,1,3,30,100,317,,48.01455,4.3698,Nuit sans éclairage public,Hors agglomération,Hors intersection,Neige / grêle,Autre collision,,,,,,,,,,,3,1,1,4.0,6.0
201000010546,0010-01-16 19:45:00,10,1,16,19,45,100,323,,48.5101,3.68753,Nuit sans éclairage public,Hors agglomération,Hors intersection,Pluie légère,Deux véhicules - frontale,,,,,,,,,,,3,1,1,2.0,1.0
201000010547,0010-02-24 12:30:00,10,2,24,12,30,100,233,RUE DU GÉNÉRAL DE GAULLE,48.5122,3.88647,Plein jour,En agglomération,Intersection en T,Normale,Deux véhicules - frontale,,,,,,,,,,,1,2,3,1.0,1.0
201000010548,0010-05-02 13:15:00,10,5,2,13,15,100,368,72 route de Maizières,48.412,3.952,Plein jour,En agglomération,Hors intersection,Normale,Autre collision,,,,,,,,,,,1,2,1,1.0,6.0
201000010549,0010-05-13 17:15:00,10,5,13,17,15,100,86,,48.556,3.938,Plein jour,Hors agglomération,Hors intersection,Normale,Sans collision,,,,,,,,,,,1,1,1,1.0,7.0
201000010550,0010-05-18 16:15:00,10,5,18,16,15,100,341,,48.495,3.684,Plein jour,Hors agglomération,Hors intersection,Normale,Deux véhicules - frontale,,,,,,,,,,,1,1,1,1.0,1.0
201000010551,0010-05-25 18:15:00,10,5,25,18,15,100,323,face au 33 rue Magenta,48.522,3.726,Plein jour,En agglomération,Hors intersection,Normale,Autre collision,,,,,,,,,,,1,2,1,1.0,6.0
201000010552,0010-06-19 20:00:00,10,6,19,20,0,100,368,cd 20,48.412,3.951,Plein jour,En agglomération,Hors intersection,Normale,Deux véhicules - frontale,,,,,,,,,,,1,2,1,1.0,1.0
201000010553,0010-08-18 10:15:00,10,8,18,10,15,100,234,,48.49188,3.87248,Plein jour,Hors agglomération,Hors intersection,Normale,Sans collision,,,,,,,,,,,1,1,1,1.0,7.0
201000010554,0010-11-10 16:45:00,10,11,10,16,45,100,323,avenue du 08 mai,48.50731,3.72386,Plein jour,En agglomération,Intersection en X,Pluie légère,Trois véhicules et plus - en chaîne,,,,,,,,,,,1,2,2,2.0,4.0
201000010555,0010-11-15 09:15:00,10,11,15,9,15,100,323,rue Maréchal Leclerc,48.51577,3.7267,Plein jour,En agglomération,Hors intersection,Normale,Sans collision,,,,,,,,,,,1,2,1,1.0,7.0
201000010556,0010-11-19 19:45:00,10,11,19,19,45,100,323,rue carnot,48.51479,3.72931,Nuit avec éclairage allumé,En agglomération,Hors intersection,Normale,Autre collision,,,,,,,,,,,5,2,1,1.0,6.0
201000010557,0010-03-12 21:30:00,10,3,12,21,30,520,276,,48.0955,5.22667,Nuit sans éclairage public,Hors agglomération,Hors intersection,Normale,Sans collision,,,,,,,,,,,3,1,1,1.0,7.0
201000010558,0010-06-30 18:00:00,10,6,30,18,0,520,76,,48.0726,4.99451,Plein jour,Hors agglomération,Hors intersection,Normale,Deux véhicules - frontale,,,,,,,,,,,1,1,1,1.0,1.0
201000010559,0010-08-14 06:00:00,10,8,14,6,0,520,276,VU PR SUR PV,48.1,5.21999,Crépuscule ou aube,Hors agglomération,Hors intersection,Normale,Deux véhicules - frontale,,,,,,,,,,,2,1,1,1.0,1.0
201000010560,0010-10-05 15:45:00,10,10,5,15,45,520,276,,48.102,5.239,Plein jour,Hors agglomération,Hors intersection,Normale,Deux véhicules - frontale,,,,,,,,,,,1,1,1,1.0,1.0
201000010561,0010-10-31 05:15:00,10,10,31,5,15,520,274,RUE DE L'ÉGLISE,47.9844,4.85772,Nuit avec éclairage non allumé,En agglomération,Hors intersection,Pluie légère,Autre collision,,,,,,,,,,,4,2,1,2.0,6.0
201000010562,0010-03-22 07:15:00,10,3,22,7,15,520,289,,48.2981,5.53604,Plein jour,Hors agglomération,Hors intersection,Brouillard / fumée,Trois véhicules et plus - collisions multiples,,,,,,,,,,,1,1,1,5.0,5.0
201000010563,0010-03-29 11:00:00,10,3,29,11,0,520,407,,48.284,5.486,Plein jour,Hors agglomération,Hors intersection,Normale,Autre collision,,,,,,,,,,,1,1,1,1.0,6.0
201000010564,0010-05-24 12:45:00,10,5,24,12,45,520,227,,48.162,5.6727,Plein jour,Hors agglomération,Hors intersection,Temps éblouissant,Deux véhicules - arrière,,,,,,,,,,,1,1,1,7.0,2.0
201000010565,0010-07-02 16:00:00,10,7,2,16,0,520,167,,48.1697,5.21621,Plein jour,Hors agglomération,Hors intersection,Normale,Autre collision,,,,,,,,,,,1,1,1,1.0,6.0
201000010566,0010-08-29 05:30:00,10,8,29,5,30,520,455,,48.2228,5.60346,Nuit sans éclairage public,Hors agglomération,Hors intersection,Normale,Deux véhicules - frontale,,,,,,,,,,,3,1,1,1.0,1.0
201000010567,0010-12-21 08:30:00,10,12,21,8,30,520,433,PAS DE PR,48.1753,5.54946,Plein jour,Hors agglomération,Hors intersection,Brouillard / fumée,Autre collision,,,,,,,,,,,1,1,1,5.0,6.0
201000010568,0010-03-03 18:45:00,10,3,3,18,45,520,248,,48.0296,5.43681,Nuit sans éclairage public,Hors agglomération,Hors intersection,Normale,Deux véhicules - arrière,,,,,,,,,,,3,1,1,1.0,2.0
201000010569,0010-04-07 16:40:00,10,4,7,16,40,520,353,RUE MANDRES/AMB. PARÉ,48.0351,5.34704,Plein jour,En agglomération,Intersection en X,Normale,Deux véhicules - frontale,,,,,,,,,,,1,2,2,1.0,1.0
201000010570,0010-04-25 15:45:00,10,4,25,15,45,520,401,,48.0398,5.25317,Plein jour,Hors agglomération,Hors intersection,Normale,Autre collision,,,,,,,,,,,1,1,1,1.0,6.0
201000010571,0010-04-28 07:35:00,10,4,28,7,35,520,295,,48.042,5.31301,Plein jour,Hors agglomération,Hors intersection,Normale,Sans collision,,,,,,,,,,,1,1,1,1.0,7.0
201000010572,0010-06-06 13:15:00,10,6,6,13,15,520,74,MEUVY,48.0814,5.54571,Plein jour,Hors agglomération,Hors intersection,Normale,Deux véhicules - frontale,,,,,,,,,,,1,1,1,1.0,1.0
201000010573,0010-07-19 20:45:00,10,7,19,20,45,520,353,RD 3,48.0552,5.34571,Plein jour,Hors agglomération,Giratoire,Normale,Autre collision,,,,,,,,,,,1,1,6,1.0,6.0
201000010574,0010-09-04 14:00:00,10,9,4,14,0,520,305,,48.073,5.32032,Plein jour,Hors agglomération,Hors intersection,Normale,Trois véhicules et plus - collisions multiples,,,,,,,,,,,1,1,1,1.0,5.0
201000010575,0010-09-30 13:15:00,10,9,30,13,15,520,248,,48.0381,5.409,Plein jour,Hors agglomération,Hors intersection,Pluie légère,Deux véhicules - côté,,,,,,,,,,,1,1,1,2.0,3.0
201000010576,0010-11-07 10:45:00,10,11,7,10,45,520,412,,48.1328,5.22127,Plein jour,Hors agglomération,Hors intersection,Normale,Autre collision,,,,,,,,,,,1,1,1,1.0,6.0
201000010577,0010-03-03 19:15:00,10,3,3,19,15,520,58,,48.22,5.147,Nuit sans éclairage public,Hors agglomération,Hors intersection,Normale,Deux véhicules - frontale,,,,,,,,,,,3,1,1,1.0,1.0
201000010578,0010-06-26 16:30:00,10,6,26,16,30,520,53,,48.1672,5.00405,Plein jour,Hors agglomération,Hors intersection,Normale,Deux véhicules - arrière,,,,,,,,,,,1,1,1,1.0,2.0
201000010579,0010-06-26 22:00:00,10,6,26,22,0,520,409,,48.3145,5.10946,Nuit sans éclairage public,Hors agglomération,Hors intersection,Normale,Autre collision,,,,,,,,,,,3,1,1,1.0,6.0
201000010580,0010-03-26 12:15:00,10,3,26,12,15,520,432,,47.9425,5.31572,Plein jour,Hors agglomération,Hors intersection,Normale,Deux véhicules - côté,,,,,,,,,,,1,1,1,1.0,3.0
201000010581,0010-04-06 07:45:00,10,4,6,7,45,520,457,,47.8289,5.38529,Plein jour,Hors agglomération,Intersection en X,Normale,Deux véhicules - côté,,,,,,,,,,,1,1,2,1.0,3.0
201000010582,0010-04-11 14:45:00,10,4,11,14,45,520,355,,47.8317,5.27348,Plein jour,Hors agglomération,Hors intersection,Normale,Sans collision,,,,,,,,,,,1,1,1,1.0,7.0
201000010583,0010-04-18 13:45:00,10,4,18,13,45,520,355,,47.8326,5.26696,Plein jour,Hors agglomération,Hors intersection,Normale,Deux véhicules - frontale,,,,,,,,,,,1,1,1,1.0,1.0
201000010584,0010-04-22 08:00:00,10,4,22,8,0,520,449,,47.8261,5.31333,Plein jour,Hors agglomération,Hors intersection,Normale,Sans collision,,,,,,,,,,,1,1,1,1.0,7.0
201000010585,0010-05-15 01:00:00,10,5,15,1,0,520,269,AVENUE CHARLES DE GAULLE,47.854,5.32801,Nuit avec éclairage allumé,En agglomération,Hors intersection,Normale,Autre collision,,,,,,,,,,,5,2,1,1.0,6.0
201000010586,0010-05-17 08:30:00,10,5,17,8,30,520,269,AVENUR TURENNE,47.8559,5.33286,Plein jour,En agglomération,Hors intersection,Normale,Deux véhicules - arrière,,,,,,,,,,,1,2,1,1.0,2.0
201000010587,0010-07-14 20:45:00,10,7,14,20,45,520,432,,47.9477,5.27885,Crépuscule ou aube,Hors agglomération,Hors intersection,Pluie légère,Autre collision,,,,,,,,,,,2,1,1,2.0,6.0
201000010588,0010-07-17 16:00:00,10,7,17,16,0,520,449,,47.8287,5.30572,Plein jour,Hors agglomération,Hors intersection,Normale,Deux véhicules - frontale,,,,,,,,,,,1,1,1,1.0,1.0
201000010589,0010-07-19 18:00:00,10,7,19,18,0,520,36,,47.8235,5.39718,Plein jour,Hors agglomération,Hors intersection,Normale,Deux véhicules - frontale,,,,,,,,,,,1,1,1,1.0,1.0
201000010590,0010-07-25 12:45:00,10,7,25,12,45,520,452,RD 286,47.8896,5.25948,Plein jour,Hors agglomération,Hors intersection,Normale,Sans collision,,,,,,,,,,,1,1,1,1.0,7.0
201000010591,0010-07-25 17:30:00,10,7,25,17,30,520,269,AVENUE DE L'EUROPE RD283,47.87,5.34085,Plein jour,En agglomération,Giratoire,Pluie légère,Deux véhicules - frontale,,,,,,,,,,,1,2,6,2.0,1.0
201000010592,0010-09-08 16:45:00,10,9,8,16,45,520,269,RUE CAMILLE BLANCHARD,47.874,5.35499,Plein jour,En agglomération,Hors intersection,Pluie légère,Deux véhicules - côté,,,,,,,,,,,1,2,1,2.0,3.0
201000010593,0010-09-22 13:15:00,10,9,22,13,15,520,115,,47.8558,5.39398,Plein jour,Hors agglomération,Hors intersection,Normale,Autre collision,,,,,,,,,,,1,1,1,1.0,6.0
201000010594,0010-10-17 16:45:00,10,10,17,16,45,520,163,19 RUE DU PATIS,47.9526,5.39924,Plein jour,En agglomération,Place,Normale,Autre collision,,,,,,,,,,,1,2,7,1.0,6.0
201000010595,0010-01-09 17:45:00,10,1,9,17,45,520,60,,47.9552,5.74735,Nuit avec éclairage allumé,En agglomération,Hors intersection,Autre,Autre collision,,,,,,,,,,,5,2,1,9.0,6.0
201000010596,0010-01-12 13:45:00,10,1,12,13,45,520,311,,47.9052,5.50768,Plein jour,Hors agglomération,Hors intersection,Neige / grêle,Sans collision,,,,,,,,,,,1,1,1,4.0,7.0
201000010597,0010-04-20 07:00:00,10,4,20,7,0,520,60,,47.9635,5.64192,Plein jour,Hors agglomération,Hors intersection,Pluie légère,Deux véhicules - côté,,,,,,,,,,,1,1,1,2.0,3.0
201000010598,0010-08-15 05:30:00,10,8,15,5,30,520,60,ROUTE DE FRANCHE-COMTÉ,47.9502,5.75983,Nuit avec éclairage allumé,En agglomération,Hors intersection,Pluie légère,Autre collision,,,,,,,,,,,5,2,1,2.0,6.0
201000010599,0010-09-14 04:45:00,10,9,14,4,45,520,283,RD132,48.06,5.554,Nuit sans éclairage public,Hors agglomération,Hors intersection,Brouillard / fumée,Sans collision,,,,,,,,,,,3,1,1,5.0,7.0
201000010600,0010-10-23 01:30:00,10,10,23,1,30,520,332,PR 36+850,47.984,5.486,Nuit sans éclairage public,Hors agglomération,Hors intersection,Normale,Deux véhicules - frontale,,,,,,,,,,,3,1,1,1.0,1.0
201000010601,0010-01-15 22:00:00,10,1,15,22,0,520,544,,47.9075,5.75222,Nuit sans éclairage public,Hors agglomération,Hors intersection,Normale,Sans collision,,,,,,,,,,,3,1,1,1.0,7.0
201000010602,0010-02-18 14:15:00,10,2,18,14,15,520,119,,47.8176,5.49066,Plein jour,Hors agglomération,Hors intersection,Temps éblouissant,Deux véhicules - côté,,,,,,,,,,,1,1,1,7.0,3.0
201000010603,0010-03-05 14:45:00,10,3,5,14,45,520,119,,47.8175,5.491,Plein jour,Hors agglomération,Intersection en X,Normale,Trois véhicules et plus - collisions multiples,,,,,,,,,,,1,1,2,1.0,5.0
201000010604,0010-04-25 19:00:00,10,4,25,19,0,520,197,,47.776,5.65353,Plein jour,Hors agglomération,Hors intersection,Normale,Autre collision,,,,,,,,,,,1,1,1,1.0,6.0
201000010605,0010-06-12 14:15:00,10,6,12,14,15,520,119,,47.8173,5.49194,Plein jour,Hors agglomération,Hors intersection,Normale,Deux véhicules - frontale,,,,,,,,,,,1,1,1,1.0,1.0
201000010606,0010-06-18 17:30:00,10,6,18,17,30,520,354,VOIR PV,47.9676,5.3114,Plein jour,Hors agglomération,Hors intersection,Normale,Deux véhicules - côté,,,,,,,,,,,1,1,1,1.0,3.0
201000010607,0010-07-16 16:15:00,10,7,16,16,15,520,93,R MARCEAU RD26/R. LANGRE,47.8022,5.42683,Plein jour,En agglomération,Hors intersection,Normale,Deux véhicules - côté,,,,,,,,,,,1,2,1,1.0,3.0
201000010608,0010-07-17 09:45:00,10,7,17,9,45,520,492,,47.8306,5.47546,Plein jour,Hors agglomération,Hors intersection,Normale,Sans collision,,,,,,,,,,,1,1,1,1.0,7.0
201000010609,0010-07-28 18:15:00,10,7,28,18,15,520,155,100 RUE DE LA GARE,47.8125,5.44386,Plein jour,En agglomération,Hors intersection,Normale,Sans collision,,,,,,,,,,,1,2,1,1.0,7.0
201000010610,0010-07-29 14:45:00,10,7,29,14,45,520,83,LIEU DIT LES 4 SAPINS,,,Plein jour,Hors agglomération,Hors intersection,Normale,Autre collision,,,,,,,,,,,1,1,1,1.0,6.0
201000010611,0010-07-29 20:00:00,10,7,29,20,0,520,197,NIV. FERME DU HT CHEMIN,47.8094,5.55002,Crépuscule ou aube,Hors agglomération,Hors intersection,Normale,Autre collision,,,,,,,,,,,2,1,1,1.0,6.0
201000010612,0010-08-07 02:15:00,10,8,7,2,15,520,197,7 RUE DE VESOUL,47.7824,5.60468,Nuit avec éclairage allumé,En agglomération,Hors intersection,Normale,Deux véhicules - frontale,,,,,,,,,,,5,2,1,1.0,1.0
201000010613,0010-09-12 14:15:00,10,9,12,14,15,520,406,VOIR PV,,,Plein jour,Hors agglomération,Hors intersection,Normale,Autre collision,,,,,,,,,,,1,1,1,1.0,6.0
201000010614,0010-09-26 05:00:00,10,9,26,5,0,520,438,VOIR PV,,,Nuit sans éclairage public,Hors agglomération,Hors intersection,Normale,Autre collision,,,,,,,,,,,3,1,1,1.0,6.0
201000010615,0010-10-24 11:30:00,10,10,24,11,30,520,13,PR 7+10,47.831,5.66401,Plein jour,Hors agglomération,Hors intersection,Normale,Sans collision,,,,,,,,,,,1,1,1,1.0,7.0
201000010616,0010-11-09 11:30:00,10,11,9,11,30,520,539,PAS DE PR,,,Plein jour,Hors agglomération,Hors intersection,Normale,Deux véhicules - frontale,,,,,,,,,,,1,1,1,1.0,1.0