accident_id,datetime,annee,mois,jour,heure,minute,departement,commune_insee,adresse,latitude,longitude,luminosite,agglomeration,intersection,meteo,collision,nb_vehicules,nb_usagers,nb_indemnes,nb_tues,nb_blesses_hosp,nb_blesses_legers,age_cond_1,age_cond_2,veh_type_cond_1,veh_type_cond_2,lum_code,agg_code,int_code,atm_code,col_code
201000010873,0010-12-12 17:30:00,10,12,12,17,30,580,79,RD 951 - Route d'Armes,47.461,3.529,Nuit avec éclairage allumé,En agglomération,Hors intersection,Normale,Autre collision,,,,,,,,,,,5,2,1,1.0,6.0
201000010874,0010-04-27 18:45:00,10,4,27,18,45,580,145,route d'Avallon,47.299,3.818,Plein jour,En agglomération,Hors intersection,Normale,Sans collision,,,,,,,,,,,1,2,1,1.0,7.0
201000010875,0010-06-04 12:00:00,10,6,4,12,0,580,106,Le bourg,47.291,4.01199,Plein jour,En agglomération,Hors intersection,Normale,Autre collision,,,,,,,,,,,1,2,1,1.0,6.0
201000010876,0010-09-01 14:00:00,10,9,1,14,0,580,108,,47.354,3.838,Plein jour,Hors agglomération,Hors intersection,Normale,Deux véhicules - frontale,,,,,,,,,,,1,1,1,1.0,1.0
201000010877,0010-10-05 10:15:00,10,10,5,10,15,580,47,,47.263,3.645,Plein jour,Hors agglomération,Hors intersection,Temps couvert,Sans collision,,,,,,,,,,,1,1,1,8.0,7.0
201000010878,0010-11-03 10:45:00,10,11,3,10,45,580,305,,,,Plein jour,Hors agglomération,Hors intersection,Pluie légère,Autre collision,,,,,,,,,,,1,1,1,2.0,6.0
201000010879,0010-03-10 18:15:00,10,3,10,18,15,580,261,,,,Crépuscule ou aube,Hors agglomération,Hors intersection,Neige / grêle,Deux véhicules - frontale,,,,,,,,,,,2,1,1,4.0,1.0
201000010880,0010-02-21 16:45:00,10,2,21,16,45,580,215,,,,Plein jour,Hors agglomération,Hors intersection,Normale,Sans collision,,,,,,,,,,,1,1,1,1.0,7.0
201000010881,0010-06-13 10:00:00,10,6,13,10,0,580,279,,,,Plein jour,Hors agglomération,Hors intersection,Normale,Autre collision,,,,,,,,,,,1,1,1,1.0,6.0
201000010882,0010-11-23 11:30:00,10,11,23,11,30,580,218,CD 977,,,Plein jour,En agglomération,Hors intersection,Normale,Deux véhicules - frontale,,,,,,,,,,,1,2,1,1.0,1.0
201000010883,0010-12-11 14:45:00,10,12,11,14,45,580,189,,47.242,3.147,Plein jour,Hors agglomération,Hors intersection,Normale,Deux véhicules - côté,,,,,,,,,,,1,1,1,1.0,3.0
201000010884,0010-02-23 08:30:00,10,2,23,8,30,580,102,Route d'Alligny,47.376,3.115,Plein jour,En agglomération,Hors intersection,Normale,Deux véhicules - côté,,,,,,,,,,,1,2,1,1.0,3.0
201000010885,0010-03-05 09:45:00,10,3,5,9,45,580,12,,47.542,3.027,Plein jour,Hors agglomération,Hors intersection,Autre,Sans collision,,,,,,,,,,,1,1,1,9.0,7.0
201000010886,0010-06-04 15:45:00,10,6,4,15,45,580,64,,,,Plein jour,Hors agglomération,Hors intersection,Normale,Deux véhicules - côté,,,,,,,,,,,1,1,1,1.0,3.0
201000010887,0010-06-28 21:30:00,10,6,28,21,30,580,227,centre bourg,47.535,3.074,Crépuscule ou aube,En agglomération,Autre intersection,Normale,Deux véhicules - côté,,,,,,,,,,,2,2,9,1.0,3.0
201000010888,0010-07-10 18:45:00,10,7,10,18,45,580,102,rue de la piscine,47.374,3.116,Plein jour,En agglomération,Hors intersection,Normale,Deux véhicules - frontale,,,,,,,,,,,1,2,1,1.0,1.0
201000010889,0010-01-17 05:30:00,10,1,17,5,30,710,371,,,,Nuit sans éclairage public,Hors agglomération,Hors intersection,Pluie légère,Autre collision,,,,,,,,,,,3,1,1,2.0,6.0
201000010890,0010-01-20 18:30:00,10,1,20,18,30,710,371,route de Cluny,,,Crépuscule ou aube,En agglomération,Hors intersection,Pluie légère,Deux véhicules - côté,,,,,,,,,,,2,2,1,2.0,3.0
201000010891,0010-02-21 01:00:00,10,2,21,1,0,710,583,CD 169,46.27,4.77,Nuit sans éclairage public,En agglomération,Hors intersection,Pluie légère,Autre collision,,,,,,,,,,,3,2,1,2.0,6.0
201000010892,0010-03-18 02:45:00,10,3,18,2,45,710,169,,,,Nuit sans éclairage public,Hors agglomération,Hors intersection,Normale,Trois véhicules et plus - collisions multiples,,,,,,,,,,,3,1,1,1.0,5.0
201000010893,0010-04-26 18:45:00,10,4,26,18,45,710,169,les poncetys,,,Plein jour,En agglomération,Hors intersection,Normale,Deux véhicules - frontale,,,,,,,,,,,1,2,1,1.0,1.0
201000010894,0010-07-31 12:15:00,10,7,31,12,15,710,99,,46.4,4.832,Plein jour,Hors agglomération,Intersection en X,Normale,Deux véhicules - côté,,,,,,,,,,,1,1,2,1.0,3.0
201000010895,0010-10-12 17:45:00,10,10,12,17,45,710,513,,46.393,4.874,Plein jour,Hors agglomération,Hors intersection,Normale,Autre collision,,,,,,,,,,,1,1,1,1.0,6.0
201000010896,0010-12-04 15:30:00,10,12,4,15,30,710,135,,46.404,4.827,Plein jour,Hors agglomération,Hors intersection,Normale,Trois véhicules et plus - collisions multiples,,,,,,,,,,,1,1,1,1.0,5.0
201000010897,0010-01-20 19:00:00,10,1,20,19,0,710,90,,,,Nuit sans éclairage public,Hors agglomération,Intersection en X,Pluie légère,Deux véhicules - côté,,,,,,,,,,,3,1,2,2.0,3.0
201000010898,0010-04-15 15:45:00,10,4,15,15,45,710,372,,,,Plein jour,Hors agglomération,Hors intersection,Normale,Deux véhicules - côté,,,,,,,,,,,1,1,1,1.0,3.0
201000010899,0010-06-26 15:30:00,10,6,26,15,30,710,90,,,,Plein jour,Hors agglomération,Hors intersection,Normale,Deux véhicules - côté,,,,,,,,,,,1,1,1,1.0,3.0
201000010900,0010-07-12 17:45:00,10,7,12,17,45,710,90,,,,Plein jour,Hors agglomération,Hors intersection,Pluie forte,Deux véhicules - frontale,,,,,,,,,,,1,1,1,3.0,1.0
201000010901,0010-08-02 14:15:00,10,8,2,14,15,710,372,,,,Plein jour,Hors agglomération,Intersection en X,Pluie légère,Deux véhicules - frontale,,,,,,,,,,,1,1,2,2.0,1.0
201000010902,0010-09-02 12:45:00,10,9,2,12,45,710,372,lieu dit la rivière,,,Plein jour,En agglomération,Hors intersection,Normale,Deux véhicules - côté,,,,,,,,,,,1,2,1,1.0,3.0
201000010903,0010-09-18 22:00:00,10,9,18,22,0,710,372,La gare,,,Nuit avec éclairage allumé,En agglomération,Intersection en X,Normale,Deux véhicules - côté,,,,,,,,,,,5,2,2,1.0,3.0
201000010904,0010-10-12 06:45:00,10,10,12,6,45,710,481,Grande rue - St Romain,,,Nuit avec éclairage allumé,En agglomération,Hors intersection,Normale,Autre collision,,,,,,,,,,,5,2,1,1.0,6.0
201000010905,0010-11-24 07:15:00,10,11,24,7,15,710,150,rue des Crêts,46.253,4.78,Nuit avec éclairage allumé,En agglomération,Hors intersection,Normale,Autre collision,,,,,,,,,,,5,2,1,1.0,6.0
201000010906,0010-02-27 10:15:00,10,2,27,10,15,710,381,,,,Plein jour,Hors agglomération,Hors intersection,Normale,Deux véhicules - arrière,,,,,,,,,,,1,1,1,1.0,2.0
201000010907,0010-05-07 19:00:00,10,5,7,19,0,710,316,,,,Plein jour,Hors agglomération,Hors intersection,Normale,Sans collision,,,,,,,,,,,1,1,1,1.0,7.0
201000010908,0010-07-15 12:00:00,10,7,15,12,0,710,288,,,,Plein jour,Hors agglomération,Hors intersection,Normale,Deux véhicules - frontale,,,,,,,,,,,1,1,1,1.0,1.0
201000010909,0010-10-30 08:00:00,10,10,30,8,0,710,137,CD 980 - Pont de l'Etang,,,Nuit avec éclairage allumé,En agglomération,Hors intersection,Normale,Autre collision,,,,,,,,,,,5,2,1,1.0,6.0
201000010910,0010-11-10 16:45:00,10,11,10,16,45,710,137,route de la digue,,,Plein jour,En agglomération,Autre intersection,Pluie légère,Autre collision,,,,,,,,,,,1,2,9,2.0,6.0
201000010911,0010-12-17 09:00:00,10,12,17,9,0,710,546,,46.334,4.552,Plein jour,Hors agglomération,Hors intersection,Neige / grêle,Deux véhicules - frontale,,,,,,,,,,,1,1,1,4.0,1.0
201000010912,0010-02-28 13:45:00,10,2,28,13,45,710,494,,,,Plein jour,Hors agglomération,Hors intersection,Normale,Autre collision,,,,,,,,,,,1,1,1,1.0,6.0
201000010913,0010-03-05 18:15:00,10,3,5,18,15,710,417,CD 84,46.616,4.654,Nuit avec éclairage allumé,En agglomération,Intersection en X,Normale,Deux véhicules - côté,,,,,,,,,,,5,2,2,1.0,3.0
201000010914,0010-04-17 18:45:00,10,4,17,18,45,710,373,rue des fosses/rue Pagan,,,Plein jour,En agglomération,Hors intersection,Normale,Deux véhicules - frontale,,,,,,,,,,,1,2,1,1.0,1.0
201000010915,0010-06-04 18:00:00,10,6,4,18,0,710,494,RN 6,,,Plein jour,En agglomération,Hors intersection,Temps éblouissant,Deux véhicules - côté,,,,,,,,,,,1,2,1,7.0,3.0
201000010916,0010-07-12 18:00:00,10,7,12,18,0,710,543,rue de la république,46.568,4.911,Plein jour,En agglomération,Hors intersection,Pluie légère,Autre collision,,,,,,,,,,,1,2,1,2.0,6.0
201000010917,0010-07-18 04:45:00,10,7,18,4,45,710,248,,46.555,4.93,Nuit sans éclairage public,Hors agglomération,Hors intersection,Normale,Autre collision,,,,,,,,,,,3,1,1,1.0,6.0
201000010918,0010-08-08 15:00:00,10,8,8,15,0,710,145,grande rue / RD 14,46.548,4.688,Plein jour,En agglomération,Hors intersection,Normale,Deux véhicules - arrière,,,,,,,,,,,1,2,1,1.0,2.0
201000010919,0010-09-01 18:30:00,10,9,1,18,30,710,543,RD 14 av  gabriel voisin,46.572,4.911,Plein jour,En agglomération,Hors intersection,Temps éblouissant,Autre collision,,,,,,,,,,,1,2,1,7.0,6.0
201000010920,0010-09-07 17:15:00,10,9,7,17,15,710,248,Avenue des Alpes,,,Plein jour,En agglomération,Hors intersection,Pluie forte,Deux véhicules - côté,,,,,,,,,,,1,2,1,3.0,3.0
201000010921,0010-10-04 14:00:00,10,10,4,14,0,710,543,,,,Plein jour,Hors agglomération,Hors intersection,Temps couvert,Deux véhicules - côté,,,,,,,,,,,1,1,1,8.0,3.0
201000010922,0010-10-07 08:30:00,10,10,7,8,30,710,543,,46.512,4.871,Plein jour,Hors agglomération,Hors intersection,Temps éblouissant,Deux véhicules - frontale,,,,,,,,,,,1,1,1,7.0,1.0
201000010923,0010-11-02 15:00:00,10,11,2,15,0,710,543,carrefour quai de Verdun,,,Plein jour,En agglomération,Hors intersection,Normale,Deux véhicules - côté,,,,,,,,,,,1,2,1,1.0,3.0
201000010924,0010-12-08 18:00:00,10,12,8,18,0,710,543,RN6 Avenue Pasteur,,,Nuit avec éclairage allumé,En agglomération,Hors intersection,Pluie légère,Deux véhicules - arrière,,,,,,,,,,,5,2,1,2.0,2.0
201000010925,0010-01-11 16:15:00,10,1,11,16,15,710,15,,,,Plein jour,Hors agglomération,Intersection en X,Temps couvert,Deux véhicules - frontale,,,,,,,,,,,1,1,2,8.0,1.0
201000010926,0010-01-16 04:00:00,10,1,16,4,0,710,10,,,,Nuit sans éclairage public,Hors agglomération,Hors intersection,Brouillard / fumée,Deux véhicules - frontale,,,,,,,,,,,3,1,1,5.0,1.0
201000010927,0010-02-28 15:30:00,10,2,28,15,30,710,162,,,,Plein jour,Hors agglomération,Hors intersection,Normale,Sans collision,,,,,,,,,,,1,1,1,1.0,7.0
201000010928,0010-03-22 08:30:00,10,3,22,8,30,710,20,,,,Plein jour,Hors agglomération,Hors intersection,Normale,Autre collision,,,,,,,,,,,1,1,1,1.0,6.0
201000010929,0010-04-16 15:15:00,10,4,16,15,15,710,10,,,,Plein jour,Hors agglomération,Hors intersection,Normale,Autre collision,,,,,,,,,,,1,1,1,1.0,6.0
201000010930,0010-04-19 17:30:00,10,4,19,17,30,710,14,8 rue de la croix verte,,,Plein jour,En agglomération,Autre intersection,Normale,Deux véhicules - côté,,,,,,,,,,,1,2,9,1.0,3.0
201000010931,0010-04-24 12:30:00,10,4,24,12,30,710,509,,,,Plein jour,Hors agglomération,Intersection en X,Normale,Deux véhicules - côté,,,,,,,,,,,1,1,2,1.0,3.0
201000010932,0010-05-09 17:00:00,10,5,9,17,0,710,190,La Forge CD 973,,,Plein jour,En agglomération,Hors intersection,Pluie légère,Deux véhicules - arrière,,,,,,,,,,,1,2,1,2.0,2.0
201000010933,0010-06-07 10:30:00,10,6,7,10,30,710,14,Grande Rue Marchaux,,,Plein jour,En agglomération,Hors intersection,Normale,Autre collision,,,,,,,,,,,1,2,1,1.0,6.0
201000010934,0010-07-03 19:45:00,10,7,3,19,45,710,162,,,,Plein jour,Hors agglomération,Hors intersection,Normale,Deux véhicules - frontale,,,,,,,,,,,1,1,1,1.0,1.0
201000010935,0010-08-03 22:15:00,10,8,3,22,15,710,14,,46.963,4.266,Nuit sans éclairage public,Hors agglomération,Hors intersection,Normale,Autre collision,,,,,,,,,,,3,1,1,1.0,6.0
201000010936,0010-08-28 09:00:00,10,8,28,9,0,710,368,,47.042,4.28,Plein jour,Hors agglomération,Hors intersection,Normale,Sans collision,,,,,,,,,,,1,1,1,1.0,7.0
201000010937,0010-08-30 15:15:00,10,8,30,15,15,710,14,RUE DE PARPAS,46.956,4.294,Plein jour,En agglomération,Hors intersection,Normale,Autre collision,,,,,,,,,,,1,2,1,1.0,6.0
201000010938,0010-08-30 09:45:00,10,8,30,9,45,710,192,Rue Gabriel Bouthière,46.87,4.191,Plein jour,En agglomération,Hors intersection,Normale,Deux véhicules - frontale,,,,,,,,,,,1,2,1,1.0,1.0
201000010939,0010-08-30 18:00:00,10,8,30,18,0,710,297,,46.884,4.244,Plein jour,Hors agglomération,Hors intersection,Pluie légère,Deux véhicules - frontale,,,,,,,,,,,1,1,1,2.0,1.0
201000010940,0010-08-31 16:00:00,10,8,31,16,0,710,63,,46.887,4.307,Plein jour,Hors agglomération,Intersection en T,Normale,Deux véhicules - côté,,,,,,,,,,,1,1,3,1.0,3.0
201000010941,0010-10-28 22:30:00,10,10,28,22,30,710,166,,46.759,4.026,Nuit sans éclairage public,Hors agglomération,Hors intersection,Normale,Sans collision,,,,,,,,,,,3,1,1,1.0,7.0
201000010942,0010-02-23 19:15:00,10,2,23,19,15,710,119,Rte de Demigny - RD 62,,,Nuit avec éclairage allumé,En agglomération,Hors intersection,Pluie légère,Deux véhicules - frontale,,,,,,,,,,,5,2,1,2.0,1.0
201000010943,0010-04-11 00:45:00,10,4,11,0,45,710,442,CD978 - PK 51,46.853,4.628,Nuit sans éclairage public,En agglomération,Hors intersection,Normale,Autre collision,,,,,,,,,,,3,2,1,1.0,6.0
201000010944,0010-07-03 06:30:00,10,7,3,6,30,710,73,,46.903,4.752,Plein jour,Hors agglomération,Hors intersection,Normale,Sans collision,,,,,,,,,,,1,1,1,1.0,7.0
201000010945,0010-01-14 15:45:00,10,1,14,15,45,710,247,,,,Plein jour,Hors agglomération,Hors intersection,Pluie forte,Sans collision,,,,,,,,,,,1,1,1,3.0,7.0
201000010946,0010-05-10 17:00:00,10,5,10,17,0,710,392,,,,Plein jour,Hors agglomération,Intersection en X,Normale,Deux véhicules - côté,,,,,,,,,,,1,1,2,1.0,3.0
201000010947,0010-07-04 17:00:00,10,7,4,17,0,710,296,le bourg,,,Plein jour,En agglomération,Intersection en T,Normale,Deux véhicules - côté,,,,,,,,,,,1,2,3,1.0,3.0
201000010948,0010-08-26 12:45:00,10,8,26,12,45,710,403,,,,Plein jour,Hors agglomération,Intersection en T,Normale,Deux véhicules - arrière,,,,,,,,,,,1,1,3,1.0,2.0
201000010949,0010-08-31 16:45:00,10,8,31,16,45,710,70,18 Rue des Juifs,46.716,4.695,Plein jour,En agglomération,Hors intersection,Normale,Autre collision,,,,,,,,,,,1,2,1,1.0,6.0
201000010950,0010-09-06 15:15:00,10,9,6,15,15,710,102,36 rue des Charmilles,,,Plein jour,En agglomération,Hors intersection,Temps couvert,Deux véhicules - frontale,,,,,,,,,,,1,2,1,8.0,1.0
201000010951,0010-09-20 17:15:00,10,9,20,17,15,710,302,Sous les Roches,,,Plein jour,En agglomération,Hors intersection,Normale,Deux véhicules - frontale,,,,,,,,,,,1,2,1,1.0,1.0
201000010952,0010-10-30 02:30:00,10,10,30,2,30,710,296,,,,Nuit sans éclairage public,Hors agglomération,Hors intersection,Normale,Autre collision,,,,,,,,,,,3,1,1,1.0,6.0
201000010953,0010-11-06 18:00:00,10,11,6,18,0,710,221,,,,Nuit sans éclairage public,Hors agglomération,Hors intersection,Normale,Deux véhicules - frontale,,,,,,,,,,,3,1,1,1.0,1.0
201000010954,0010-12-20 06:45:00,10,12,20,6,45,710,70,,,,Nuit sans éclairage public,Hors agglomération,Hors intersection,Pluie légère,Deux véhicules - frontale,,,,,,,,,,,3,1,1,2.0,1.0
201000010955,0010-01-23 21:00:00,10,1,23,21,0,710,398,,,,Nuit sans éclairage public,Hors agglomération,Hors intersection,Temps couvert,Autre collision,,,,,,,,,,,3,1,1,8.0,6.0
201000010956,0010-03-12 01:00:00,10,3,12,1,0,710,189,rue de la Rongere,,,Nuit avec éclairage allumé,En agglomération,Hors intersection,Normale,Autre collision,,,,,,,,,,,5,2,1,1.0,6.0
201000010957,0010-03-31 13:45:00,10,3,31,13,45,710,189,,,,Plein jour,Hors agglomération,Hors intersection,Pluie légère,Trois véhicules et plus - en chaîne,,,,,,,,,,,1,1,1,2.0,4.0
201000010958,0010-05-08 04:00:00,10,5,8,4,0,710,329,,46.943,5.15,Nuit sans éclairage public,Hors agglomération,Autre intersection,Normale,Autre collision,,,,,,,,,,,3,1,9,1.0,6.0
201000010959,0010-05-28 20:45:00,10,5,28,20,45,710,189,,,,Crépuscule ou aube,Hors agglomération,Hors intersection,Normale,Autre collision,,,,,,,,,,,2,1,1,1.0,6.0
201000010960,0010-06-10 17:30:00,10,6,10,17,30,710,189,,46.252,4.507,Plein jour,Hors agglomération,Hors intersection,Normale,Deux véhicules - côté,,,,,,,,,,,1,1,1,1.0,3.0
201000010961,0010-07-09 00:45:00,10,7,9,0,45,710,456,,,,Nuit sans éclairage public,Hors agglomération,Hors intersection,Normale,Autre collision,,,,,,,,,,,3,1,1,1.0,6.0
201000010962,0010-07-15 00:45:00,10,7,15,0,45,710,443,route de beaune,,,Nuit avec éclairage non allumé,En agglomération,Hors intersection,Normale,Deux véhicules - côté,,,,,,,,,,,4,2,1,1.0,3.0
201000010963,0010-07-24 20:30:00,10,7,24,20,30,710,167,,,,Plein jour,Hors agglomération,Hors intersection,Normale,Autre collision,,,,,,,,,,,1,1,1,1.0,6.0
201000010964,0010-08-19 13:30:00,10,8,19,13,30,710,215,,,,Plein jour,Hors agglomération,Hors intersection,Normale,Sans collision,,,,,,,,,,,1,1,1,1.0,7.0
201000010965,0010-10-16 05:15:00,10,10,16,5,15,710,336,Route de chalon,,,Nuit avec éclairage allumé,En agglomération,Hors intersection,Pluie légère,Deux véhicules - frontale,,,,,,,,,,,5,2,1,2.0,1.0
201000010966,0010-12-24 17:45:00,10,12,24,17,45,710,2,,,,Nuit sans éclairage public,Hors agglomération,Hors intersection,Temps couvert,Deux véhicules - arrière,,,,,,,,,,,3,1,1,8.0,2.0
201000010967,0010-01-28 08:45:00,10,1,28,8,45,710,512,,46.66,4.869,Plein jour,Hors agglomération,Intersection en X,Neige / grêle,Deux véhicules - côté,,,,,,,,,,,1,1,2,4.0,3.0
201000010968,0010-02-15 21:15:00,10,2,15,21,15,710,572,,46.585,4.855,Nuit sans éclairage public,Hors agglomération,Hors intersection,Temps couvert,Autre collision,,,,,,,,,,,3,1,1,8.0,6.0
201000010969,0010-05-18 09:30:00,10,5,18,9,30,710,384,,,,Plein jour,Hors agglomération,Hors intersection,Normale,Autre collision,,,,,,,,,,,1,1,1,1.0,6.0
201000010970,0010-05-22 22:00:00,10,5,22,22,0,710,512,,,,Nuit avec éclairage allumé,En agglomération,Hors intersection,Normale,Deux véhicules - côté,,,,,,,,,,,5,2,1,1.0,3.0
201000010971,0010-06-07 19:15:00,10,6,7,19,15,710,555,,,,Plein jour,En agglomération,Hors intersection,Normale,Deux véhicules - frontale,,,,,,,,,,,1,2,1,1.0,1.0
201000010972,0010-09-29 17:00:00,10,9,29,17,0,710,328,,,,Plein jour,Hors agglomération,Hors intersection,Normale,Sans collision,,,,,,,,,,,1,1,1,1.0,7.0
201000010973,0010-12-04 18:15:00,10,12,4,18,15,710,555,,46.695,4.873,Nuit sans éclairage public,Hors agglomération,Hors intersection,Normale,Deux véhicules - frontale,,,,,,,,,,,3,1,1,1.0,1.0
201000010974,0010-01-22 18:45:00,10,1,22,18,45,710,25,,,,Nuit sans éclairage public,Hors agglomération,Hors intersection,Normale,Trois véhicules et plus - en chaîne,,,,,,,,,,,3,1,1,1.0,4.0
201000010975,0010-02-27 12:30:00,10,2,27,12,30,710,106,rue de Verdun,46.438,4.274,Plein jour,En agglomération,Hors intersection,Normale,Autre collision,,,,,,,,,,,1,2,1,1.0,6.0
201000010976,0010-04-11 15:00:00,10,4,11,15,0,710,356,,,,Plein jour,Hors agglomération,Hors intersection,Normale,Autre collision,,,,,,,,,,,1,1,1,1.0,6.0
201000010977,0010-04-20 19:30:00,10,4,20,19,30,710,571,,46.412,4.444,Plein jour,Hors agglomération,Intersection en X,Normale,Deux véhicules - côté,,,,,,,,,,,1,1,2,1.0,3.0
201000010978,0010-07-02 21:15:00,10,7,2,21,15,710,356,,46.623,4.324,Plein jour,Hors agglomération,Hors intersection,Normale,Autre collision,,,,,,,,,,,1,1,1,1.0,6.0
201000010979,0010-08-07 18:45:00,10,8,7,18,45,710,231,,,,Plein jour,Hors agglomération,Hors intersection,Temps éblouissant,Deux véhicules - côté,,,,,,,,,,,1,1,1,7.0,3.0
201000010980,0010-08-30 07:45:00,10,8,30,7,45,710,446,,,,Plein jour,Hors agglomération,Hors intersection,Normale,Autre collision,,,,,,,,,,,1,1,1,1.0,6.0
201000010981,0010-02-03 06:45:00,10,2,3,6,45,710,160,,46.314,4.298,Nuit sans éclairage public,Hors agglomération,Hors intersection,Normale,Autre collision,,,,,,,,,,,3,1,1,1.0,6.0
201000010982,0010-04-16 00:01:00,10,4,16,0,1,710,120,,46.201,4.342,Nuit sans éclairage public,Hors agglomération,Hors intersection,Normale,Autre collision,,,,,,,,,,,3,1,1,1.0,6.0
201000010983,0010-06-22 11:45:00,10,6,22,11,45,710,421,,46.342,4.254,Plein jour,Hors agglomération,Hors intersection,Normale,Deux véhicules - frontale,,,,,,,,,,,1,1,1,1.0,1.0
201000010984,0010-01-16 00:45:00,10,1,16,0,45,710,176,19 avenue des Platanes,46.485,3.974,Nuit avec éclairage allumé,En agglomération,Hors intersection,Pluie légère,Autre collision,,,,,,,,,,,5,2,1,2.0,6.0
201000010985,0010-01-25 15:30:00,10,1,25,15,30,710,176,Avenue des Platanes,46.48,3.97,Crépuscule ou aube,En agglomération,Hors intersection,Pluie légère,Sans collision,,,,,,,,,,,2,2,1,2.0,7.0
201000010986,0010-03-11 15:15:00,10,3,11,15,15,710,325,,46.497,3.957,Plein jour,Hors agglomération,Hors intersection,Neige / grêle,Deux véhicules - côté,,,,,,,,,,,1,1,1,4.0,3.0
201000010987,0010-03-22 14:30:00,10,3,22,14,30,710,176,route des sables,46.498,4.025,Plein jour,En agglomération,Hors intersection,Normale,Deux véhicules - côté,,,,,,,,,,,1,2,1,1.0,3.0
201000010988,0010-04-07 18:15:00,10,4,7,18,15,710,176,,46.487,3.987,Plein jour,En agglomération,Hors intersection,Normale,Trois véhicules et plus - en chaîne,,,,,,,,,,,1,2,1,1.0,4.0
201000010989,0010-04-24 19:45:00,10,4,24,19,45,710,176,avenue des platanes,,,Plein jour,En agglomération,Hors intersection,Normale,Sans collision,,,,,,,,,,,1,2,1,1.0,7.0
201000010990,0010-05-15 20:00:00,10,5,15,20,0,710,176,,46.487,4.07,Plein jour,Hors agglomération,Hors intersection,Normale,Deux véhicules - frontale,,,,,,,,,,,1,1,1,1.0,1.0
201000010991,0010-08-21 08:30:00,10,8,21,8,30,710,325,,46.497,3.902,Plein jour,Hors agglomération,Hors intersection,Normale,Sans collision,,,,,,,,,,,1,1,1,1.0,7.0
201000010992,0010-09-10 11:00:00,10,9,10,11,0,710,176,rue du Gal de Gaulle,46.486,3.983,Plein jour,En agglomération,Hors intersection,Normale,Deux véhicules - côté,,,,,,,,,,,1,2,1,1.0,3.0
201000010993,0010-12-29 13:30:00,10,12,29,13,30,710,176,24 rue de Pressencé,46.49,3.988,Plein jour,En agglomération,Hors intersection,Normale,Deux véhicules - arrière,,,,,,,,,,,1,2,1,1.0,2.0
201000010994,0010-01-20 08:00:00,10,1,20,8,0,710,453,,46.252,4.048,Crépuscule ou aube,Hors agglomération,Hors intersection,Autre,Autre collision,,,,,,,,,,,2,1,1,9.0,6.0
201000010995,0010-02-25 14:45:00,10,2,25,14,45,710,71,,,,Plein jour,Hors agglomération,Hors intersection,Pluie légère,Autre collision,,,,,,,,,,,1,1,1,2.0,6.0
201000010996,0010-04-15 17:15:00,10,4,15,17,15,710,77,,,,Plein jour,Hors agglomération,Hors intersection,Normale,Deux véhicules - frontale,,,,,,,,,,,1,1,1,1.0,1.0
201000010997,0010-05-01 13:30:00,10,5,1,13,30,710,453,,,,Plein jour,Hors agglomération,Hors intersection,Pluie légère,Autre collision,,,,,,,,,,,1,1,1,2.0,6.0
201000010998,0010-05-22 17:30:00,10,5,22,17,30,710,259,"LD ""Les Trois Croix""",,,Plein jour,En agglomération,Hors intersection,Normale,Deux véhicules - côté,,,,,,,,,,,1,2,1,1.0,3.0
201000010999,0010-05-25 22:30:00,10,5,25,22,30,710,238,"LD ""Montguillard""",,,Nuit avec éclairage allumé,En agglomération,Hors intersection,Pluie légère,Deux véhicules - frontale,,,,,,,,,,,5,2,1,2.0,1.0
201000011000,0010-07-19 19:00:00,10,7,19,19,0,710,554,,,,Plein jour,Hors agglomération,Hors intersection,Normale,Deux véhicules - côté,,,,,,,,,,,1,1,1,1.0,3.0
201000011001,0010-08-27 22:00:00,10,8,27,22,0,710,24,,,,Nuit sans éclairage public,Hors agglomération,Hors intersection,Normale,Autre collision,,,,,,,,,,,3,1,1,1.0,6.0
201000011002,0010-10-02 11:00:00,10,10,2,11,0,710,399,,,,Plein jour,Hors agglomération,Hors intersection,Normale,Deux véhicules - côté,,,,,,,,,,,1,1,1,1.0,3.0
201000011003,0010-11-09 16:45:00,10,11,9,16,45,710,123,,46.26,3.938,Plein jour,Hors agglomération,Hors intersection,Pluie légère,Deux véhicules - côté,,,,,,,,,,,1,1,1,2.0,3.0
201000011004,0010-11-16 08:00:00,10,11,16,8,0,710,238,,46.195,4.077,Plein jour,Hors agglomération,Hors intersection,Normale,Deux véhicules - côté,,,,,,,,,,,1,1,1,1.0,3.0
201000011005,0010-12-23 19:00:00,10,12,23,19,0,710,238,,46.226,4.05,Nuit sans éclairage public,Hors agglomération,Hors intersection,Pluie légère,Deux véhicules - frontale,,,,,,,,,,,3,1,1,2.0,1.0