accident_id,datetime,annee,mois,jour,heure,minute,departement,commune_insee,adresse,latitude,longitude,luminosite,agglomeration,intersection,meteo,collision,nb_vehicules,nb_usagers,nb_indemnes,nb_tues,nb_blesses_hosp,nb_blesses_legers,age_cond_1,age_cond_2,veh_type_cond_1,veh_type_cond_2,lum_code,agg_code,int_code,atm_code,col_code
201000011140,0010-12-08 19:00:00,10,12,8,19,0,890,382,Face au 2 avenue Colbert,,,Nuit avec éclairage allumé,En agglomération,Hors intersection,Neige / grêle,Autre collision,,,,,,,,,,,5,2,1,4.0,6.0
201000011141,0010-01-01 06:00:00,10,1,1,6,0,890,286,,,,Nuit sans éclairage public,Hors agglomération,Hors intersection,Neige / grêle,Autre collision,,,,,,,,,,,3,1,1,4.0,6.0
201000011142,0010-03-16 17:00:00,10,3,16,17,0,890,408,,,,Plein jour,Hors agglomération,Hors intersection,Normale,Deux véhicules - frontale,,,,,,,,,,,1,1,1,1.0,1.0
201000011143,0010-05-15 14:15:00,10,5,15,14,15,890,419,Av. du Général de gaulle,47.741,3.299,Plein jour,En agglomération,Hors intersection,Normale,Deux véhicules - côté,,,,,,,,,,,1,2,1,1.0,3.0
201000011144,0010-05-21 10:00:00,10,5,21,10,0,890,416,,47.605,3.316,Plein jour,Hors agglomération,Hors intersection,Normale,Sans collision,,,,,,,,,,,1,1,1,1.0,7.0
201000011145,0010-06-04 14:00:00,10,6,4,14,0,890,419,avenue aristide briand,47.743,3.292,Plein jour,En agglomération,Hors intersection,Normale,Deux véhicules - côté,,,,,,,,,,,1,2,1,1.0,3.0
201000011146,0010-06-06 10:45:00,10,6,6,10,45,890,420,,47.568,3.18,Plein jour,Hors agglomération,Hors intersection,Normale,Deux véhicules - arrière,,,,,,,,,,,1,1,1,1.0,2.0
201000011147,0010-06-21 12:30:00,10,6,21,12,30,890,273,,47.609,3.202,Plein jour,Hors agglomération,Hors intersection,Normale,Sans collision,,,,,,,,,,,1,1,1,1.0,7.0
201000011148,0010-06-22 04:45:00,10,6,22,4,45,890,311,,47.756,3.408,Nuit sans éclairage public,Hors agglomération,Hors intersection,Normale,Deux véhicules - frontale,,,,,,,,,,,3,1,1,1.0,1.0
201000011149,0010-07-09 13:30:00,10,7,9,13,30,890,73,,47.784,3.073,Plein jour,Hors agglomération,Hors intersection,Normale,Deux véhicules - côté,,,,,,,,,,,1,1,1,1.0,3.0
201000011150,0010-07-04 00:15:00,10,7,4,0,15,890,340,,47.587,3.232,Nuit sans éclairage public,Hors agglomération,Hors intersection,Normale,Autre collision,,,,,,,,,,,3,1,1,1.0,6.0
201000011151,0010-07-24 20:15:00,10,7,24,20,15,890,311,"Lieu-dit ""Nantou""",,,Plein jour,En agglomération,Intersection en X,Normale,Deux véhicules - côté,,,,,,,,,,,1,2,2,1.0,3.0
201000011152,0010-07-30 22:15:00,10,7,30,22,15,890,462,,,,Crépuscule ou aube,Hors agglomération,Hors intersection,Normale,Sans collision,,,,,,,,,,,2,1,1,1.0,7.0
201000011153,0010-08-07 21:00:00,10,8,7,21,0,890,173,,47.689,3.251,Crépuscule ou aube,Hors agglomération,Hors intersection,Normale,Deux véhicules - frontale,,,,,,,,,,,2,1,1,1.0,1.0
201000011154,0010-08-30 18:45:00,10,8,30,18,45,890,139,,47.722,3.391,Plein jour,Hors agglomération,Intersection en X,Normale,Deux véhicules - côté,,,,,,,,,,,1,1,2,1.0,3.0
201000011155,0010-10-01 14:00:00,10,10,1,14,0,890,419,,47.723,3.241,Plein jour,Hors agglomération,Hors intersection,Normale,Deux véhicules - frontale,,,,,,,,,,,1,1,1,1.0,1.0
201000011156,0010-02-01 11:00:00,10,2,1,11,0,890,71,,,,Plein jour,Hors agglomération,Hors intersection,Neige / grêle,Sans collision,,,,,,,,,,,1,1,1,4.0,7.0
201000011157,0010-03-03 23:30:00,10,3,3,23,30,890,485,,,,Nuit sans éclairage public,Hors agglomération,Hors intersection,Normale,Deux véhicules - frontale,,,,,,,,,,,3,1,1,1.0,1.0
201000011158,0010-03-16 18:00:00,10,3,16,18,0,890,188,,,,Crépuscule ou aube,Hors agglomération,Hors intersection,Temps éblouissant,Deux véhicules - frontale,,,,,,,,,,,2,1,1,7.0,1.0
201000011159,0010-05-16 14:45:00,10,5,16,14,45,890,446,,,,Plein jour,Hors agglomération,Hors intersection,Normale,Deux véhicules - frontale,,,,,,,,,,,1,1,1,1.0,1.0
201000011160,0010-06-09 16:30:00,10,6,9,16,30,890,235,,,,Plein jour,Hors agglomération,Hors intersection,Pluie légère,Sans collision,,,,,,,,,,,1,1,1,2.0,7.0
201000011161,0010-06-30 06:15:00,10,6,30,6,15,890,25,,,,Plein jour,Hors agglomération,Hors intersection,Normale,Deux véhicules - frontale,,,,,,,,,,,1,1,1,1.0,1.0
201000011162,0010-07-16 17:30:00,10,7,16,17,30,890,25,,,,Plein jour,Hors agglomération,Hors intersection,Normale,Deux véhicules - frontale,,,,,,,,,,,1,1,1,1.0,1.0
201000011163,0010-08-14 18:45:00,10,8,14,18,45,890,190,,,,Plein jour,Hors agglomération,Intersection en T,Normale,Deux véhicules - côté,,,,,,,,,,,1,1,3,1.0,3.0
201000011164,0010-08-21 16:15:00,10,8,21,16,15,890,446,,,,Plein jour,Hors agglomération,Hors intersection,Normale,Trois véhicules et plus - collisions multiples,,,,,,,,,,,1,1,1,1.0,5.0
201000011165,0010-10-19 18:45:00,10,10,19,18,45,890,25,rue du gnéral leclerc,,,Crépuscule ou aube,En agglomération,Hors intersection,Pluie légère,Autre collision,,,,,,,,,,,2,2,1,2.0,6.0
201000011166,0010-11-12 00:15:00,10,11,12,0,15,890,71,,,,Nuit sans éclairage public,Hors agglomération,Hors intersection,Pluie forte,Sans collision,,,,,,,,,,,3,1,1,3.0,7.0
201000011167,0010-11-09 13:00:00,10,11,9,13,0,890,71,grande rue,,,Plein jour,En agglomération,Hors intersection,Normale,Autre collision,,,,,,,,,,,1,2,1,1.0,6.0
201000011168,0010-06-20 14:30:00,10,6,20,14,30,890,371,,,,Plein jour,Hors agglomération,Hors intersection,Normale,Sans collision,,,,,,,,,,,1,1,1,1.0,7.0
201000011169,0010-11-01 18:15:00,10,11,1,18,15,890,208,,,,Nuit sans éclairage public,Hors agglomération,Hors intersection,Normale,Autre collision,,,,,,,,,,,3,1,1,1.0,6.0
201000011170,0010-03-05 16:45:00,10,3,5,16,45,890,206,RD959 - rue saint Jacque,47.988,3.394,Plein jour,En agglomération,Hors intersection,Normale,Deux véhicules - côté,,,,,,,,,,,1,2,1,1.0,3.0
201000011171,0010-04-03 16:30:00,10,4,3,16,30,890,206,rue du luxembourg,47.988,3.41,Plein jour,En agglomération,Intersection en T,Normale,Deux véhicules - côté,,,,,,,,,,,1,2,3,1.0,3.0
201000011172,0010-04-25 21:30:00,10,4,25,21,30,890,37,grande rue,47.962,3.32,Nuit avec éclairage allumé,En agglomération,Hors intersection,Normale,Deux véhicules - côté,,,,,,,,,,,5,2,1,1.0,3.0
201000011173,0010-05-14 12:00:00,10,5,14,12,0,890,206,rue Corneille,47.987,3.413,Plein jour,En agglomération,Hors intersection,Temps couvert,Deux véhicules - côté,,,,,,,,,,,1,2,1,8.0,3.0
201000011174,0010-07-08 08:45:00,10,7,8,8,45,890,206,boulevard  Lesire Lacam,,,Plein jour,En agglomération,Hors intersection,Temps éblouissant,Autre collision,,,,,,,,,,,1,2,1,7.0,6.0
201000011175,0010-07-26 04:30:00,10,7,26,4,30,890,67,,47.982,3.336,Nuit sans éclairage public,Hors agglomération,Hors intersection,Normale,Autre collision,,,,,,,,,,,3,1,1,1.0,6.0
201000011176,0010-09-13 15:15:00,10,9,13,15,15,890,75,,47.962,3.447,Plein jour,Hors agglomération,Hors intersection,Normale,Deux véhicules - frontale,,,,,,,,,,,1,1,1,1.0,1.0
201000011177,0010-09-27 13:00:00,10,9,27,13,0,890,75,,47.959,3.454,Plein jour,Hors agglomération,Hors intersection,Normale,Autre collision,,,,,,,,,,,1,1,1,1.0,6.0
201000011178,0010-12-04 18:00:00,10,12,4,18,0,890,206,Quai Henri RAGOBERT,47.986,3.399,Nuit avec éclairage allumé,En agglomération,Hors intersection,Normale,Autre collision,,,,,,,,,,,5,2,1,1.0,6.0
201000011179,0010-01-25 09:30:00,10,1,25,9,30,890,3,,,,Plein jour,En agglomération,Hors intersection,Pluie légère,Autre collision,,,,,,,,,,,1,2,1,2.0,6.0
201000011180,0010-01-31 20:30:00,10,1,31,20,30,890,213,,,,Nuit sans éclairage public,Hors agglomération,Hors intersection,Normale,Sans collision,,,,,,,,,,,3,1,1,1.0,7.0
201000011181,0010-02-22 20:00:00,10,2,22,20,0,890,163,,,,Nuit sans éclairage public,Hors agglomération,Hors intersection,Normale,Autre collision,,,,,,,,,,,3,1,1,1.0,6.0
201000011182,0010-03-05 16:30:00,10,3,5,16,30,890,196,,,,Plein jour,Hors agglomération,Hors intersection,Normale,Autre collision,,,,,,,,,,,1,1,1,1.0,6.0
201000011183,0010-05-08 09:00:00,10,5,8,9,0,890,384,,,,Plein jour,Hors agglomération,Hors intersection,Normale,Deux véhicules - frontale,,,,,,,,,,,1,1,1,1.0,1.0
201000011184,0010-05-23 11:00:00,10,5,23,11,0,890,473,,,,Plein jour,Hors agglomération,Hors intersection,Normale,Sans collision,,,,,,,,,,,1,1,1,1.0,7.0
201000011185,0010-07-20 20:30:00,10,7,20,20,30,890,163,,,,Plein jour,Hors agglomération,Hors intersection,Normale,Autre collision,,,,,,,,,,,1,1,1,1.0,6.0
201000011186,0010-09-15 16:30:00,10,9,15,16,30,890,138,,,,Plein jour,Hors agglomération,Hors intersection,Normale,Autre collision,,,,,,,,,,,1,1,1,1.0,6.0
201000011187,0010-10-09 08:30:00,10,10,9,8,30,890,473,,,,Crépuscule ou aube,Hors agglomération,Hors intersection,Brouillard / fumée,Autre collision,,,,,,,,,,,2,1,1,5.0,6.0
201000011188,0010-10-31 11:45:00,10,10,31,11,45,890,294,,,,Plein jour,Hors agglomération,Hors intersection,Normale,Deux véhicules - frontale,,,,,,,,,,,1,1,1,1.0,1.0
201000011189,0010-11-17 09:30:00,10,11,17,9,30,890,334,,,,Plein jour,Hors agglomération,Hors intersection,Normale,Sans collision,,,,,,,,,,,1,1,1,1.0,7.0
201000011190,0010-01-01 18:30:00,10,1,1,18,30,890,257,Rue Pierre Sémard,47.965,3.532,Nuit avec éclairage allumé,En agglomération,Hors intersection,Temps couvert,Autre collision,,,,,,,,,,,5,2,1,8.0,6.0
201000011191,0010-05-07 21:45:00,10,5,7,21,45,890,35,,,,Nuit sans éclairage public,Hors agglomération,Hors intersection,Normale,Sans collision,,,,,,,,,,,3,1,1,1.0,7.0
201000011192,0010-05-17 17:15:00,10,5,17,17,15,890,55,ROUTE DE JOIGNY,47.994,3.609,Plein jour,En agglomération,Hors intersection,Normale,Deux véhicules - côté,,,,,,,,,,,1,2,1,1.0,3.0
201000011193,0010-06-30 08:30:00,10,6,30,8,30,890,152,,47.959,3.456,Plein jour,Hors agglomération,Hors intersection,Normale,Deux véhicules - arrière,,,,,,,,,,,1,1,1,1.0,2.0
201000011194,0010-08-03 04:30:00,10,8,3,4,30,890,257,01 Rue Roger Salengro,47.968,3.52,Nuit avec éclairage allumé,En agglomération,Hors intersection,Normale,Autre collision,,,,,,,,,,,5,2,1,1.0,6.0
201000011195,0010-08-03 10:30:00,10,8,3,10,30,890,55,Grande Rue,47.995,3.618,Plein jour,En agglomération,Hors intersection,Normale,Autre collision,,,,,,,,,,,1,2,1,1.0,6.0
201000011196,0010-08-05 13:45:00,10,8,5,13,45,890,105,,47.9,3.521,Plein jour,Hors agglomération,Hors intersection,Normale,Trois véhicules et plus - collisions multiples,,,,,,,,,,,1,1,1,1.0,5.0
201000011197,0010-08-12 21:45:00,10,8,12,21,45,890,69,,48.083,3.679,Nuit sans éclairage public,Hors agglomération,Hors intersection,Normale,Autre collision,,,,,,,,,,,3,1,1,1.0,6.0
201000011198,0010-09-01 16:15:00,10,9,1,16,15,890,55,,47.982,3.616,Plein jour,Hors agglomération,Hors intersection,Normale,Deux véhicules - frontale,,,,,,,,,,,1,1,1,1.0,1.0
201000011199,0010-09-30 13:30:00,10,9,30,13,30,890,99,,47.948,3.542,Plein jour,Hors agglomération,Hors intersection,Pluie légère,Deux véhicules - côté,,,,,,,,,,,1,1,1,2.0,3.0
201000011200,0010-10-28 07:15:00,10,10,28,7,15,890,257,Avenue du Port,47.961,3.505,Crépuscule ou aube,En agglomération,Hors intersection,Pluie légère,Deux véhicules - frontale,,,,,,,,,,,2,2,1,2.0,1.0
201000011201,0010-11-05 12:15:00,10,11,5,12,15,890,257,av. Marcellin Berthelot,47.97,3.513,Plein jour,En agglomération,Hors intersection,Normale,Deux véhicules - côté,,,,,,,,,,,1,2,1,1.0,3.0
201000011202,0010-02-26 19:30:00,10,2,26,19,30,890,66,,,,Nuit sans éclairage public,Hors agglomération,Hors intersection,Normale,Autre collision,,,,,,,,,,,3,1,1,1.0,6.0
201000011203,0010-03-17 17:45:00,10,3,17,17,45,890,471,,,,Plein jour,Hors agglomération,Intersection en T,Temps éblouissant,Deux véhicules - arrière,,,,,,,,,,,1,1,3,7.0,2.0
201000011204,0010-03-23 19:45:00,10,3,23,19,45,890,432,Route de Coulours,,,Nuit sans éclairage public,En agglomération,Hors intersection,Normale,Autre collision,,,,,,,,,,,3,2,1,1.0,6.0
201000011205,0010-04-14 19:00:00,10,4,14,19,0,890,195,,,,Plein jour,Hors agglomération,Hors intersection,Normale,Deux véhicules - côté,,,,,,,,,,,1,1,1,1.0,3.0
201000011206,0010-04-20 07:15:00,10,4,20,7,15,890,443,,,,Crépuscule ou aube,Hors agglomération,Hors intersection,Normale,Deux véhicules - côté,,,,,,,,,,,2,1,1,1.0,3.0
201000011207,0010-07-26 14:00:00,10,7,26,14,0,890,461,,,,Plein jour,Hors agglomération,Hors intersection,Normale,Autre collision,,,,,,,,,,,1,1,1,1.0,6.0
201000011208,0010-07-28 20:15:00,10,7,28,20,15,890,245,RUE DAUTINE,48.12,3.236,Plein jour,En agglomération,Hors intersection,Normale,Deux véhicules - côté,,,,,,,,,,,1,2,1,1.0,3.0
201000011209,0010-08-10 18:30:00,10,8,10,18,30,890,214,,,,Plein jour,Hors agglomération,Hors intersection,Normale,Deux véhicules - frontale,,,,,,,,,,,1,1,1,1.0,1.0
201000011210,0010-10-05 22:00:00,10,10,5,22,0,890,14,,,,Nuit sans éclairage public,Hors agglomération,Hors intersection,Brouillard / fumée,Autre collision,,,,,,,,,,,3,1,1,5.0,6.0
201000011211,0010-11-24 15:00:00,10,11,24,15,0,890,239,Rue des Charonnes,,,Plein jour,En agglomération,Hors intersection,Normale,Deux véhicules - arrière,,,,,,,,,,,1,2,1,1.0,2.0
201000011212,0010-12-08 17:45:00,10,12,8,17,45,890,66,,,,Plein jour,Hors agglomération,Hors intersection,Pluie forte,Sans collision,,,,,,,,,,,1,1,1,3.0,7.0
201000011213,0010-12-26 21:00:00,10,12,26,21,0,890,66,,48.122,3.501,Nuit sans éclairage public,Hors agglomération,Hors intersection,Autre,Autre collision,,,,,,,,,,,3,1,1,9.0,6.0
201000011214,0010-12-27 05:45:00,10,12,27,5,45,890,122,,48.29,3.554,Nuit sans éclairage public,Hors agglomération,Hors intersection,Autre,Deux véhicules - frontale,,,,,,,,,,,3,1,1,9.0,1.0
201000011215,0010-04-29 10:30:00,10,4,29,10,30,890,255,,,,Plein jour,Hors agglomération,Hors intersection,Normale,Deux véhicules - côté,,,,,,,,,,,1,1,1,1.0,3.0
201000011216,0010-05-24 16:45:00,10,5,24,16,45,890,414,,,,Plein jour,Hors agglomération,Hors intersection,Normale,Deux véhicules - frontale,,,,,,,,,,,1,1,1,1.0,1.0
201000011217,0010-05-29 07:00:00,10,5,29,7,0,890,255,,48.321,3.233,Crépuscule ou aube,Hors agglomération,Hors intersection,Normale,Deux véhicules - arrière,,,,,,,,,,,2,1,1,1.0,2.0
201000011218,0010-06-04 23:30:00,10,6,4,23,30,890,391,,48.363,3.233,Nuit sans éclairage public,Hors agglomération,Hors intersection,Normale,Deux véhicules - côté,,,,,,,,,,,3,1,1,1.0,3.0
201000011219,0010-06-27 11:30:00,10,6,27,11,30,890,460,14 rue du Pré de Pâques,,,Plein jour,En agglomération,Hors intersection,Normale,Deux véhicules - côté,,,,,,,,,,,1,2,1,1.0,3.0
201000011220,0010-09-19 11:00:00,10,9,19,11,0,890,449,Rue du Gay paquet,,,Plein jour,En agglomération,Hors intersection,Normale,Autre collision,,,,,,,,,,,1,2,1,1.0,6.0
201000011221,0010-11-19 10:30:00,10,11,19,10,30,890,189,,48.271,3.237,Plein jour,Hors agglomération,Hors intersection,Pluie légère,Trois véhicules et plus - collisions multiples,,,,,,,,,,,1,1,1,2.0,5.0
201000011222,0010-12-02 21:45:00,10,12,2,21,45,890,189,,,,Nuit sans éclairage public,Hors agglomération,Hors intersection,Normale,Deux véhicules - arrière,,,,,,,,,,,3,1,1,1.0,2.0
201000011223,0010-12-09 17:45:00,10,12,9,17,45,890,309,3-5 Avenue des cerisiers,,,Crépuscule ou aube,En agglomération,Hors intersection,Temps couvert,Autre collision,,,,,,,,,,,2,2,1,8.0,6.0
201000011224,0010-01-08 08:45:00,10,1,8,8,45,890,428,,,,Plein jour,Hors agglomération,Hors intersection,Neige / grêle,Autre collision,,,,,,,,,,,1,1,1,4.0,6.0
201000011225,0010-01-30 01:30:00,10,1,30,1,30,890,36,,,,Nuit sans éclairage public,Hors agglomération,Hors intersection,Normale,Sans collision,,,,,,,,,,,3,1,1,1.0,7.0
201000011226,0010-02-04 18:15:00,10,2,4,18,15,890,380,,,,Nuit sans éclairage public,Hors agglomération,Hors intersection,Normale,Autre collision,,,,,,,,,,,3,1,1,1.0,6.0
201000011227,0010-06-30 07:30:00,10,6,30,7,30,890,370,,48.183,3.115,Plein jour,Hors agglomération,Hors intersection,Normale,Sans collision,,,,,,,,,,,1,1,1,1.0,7.0
201000011228,0010-07-13 21:45:00,10,7,13,21,45,890,370,,,,Nuit sans éclairage public,Hors agglomération,Hors intersection,Normale,Autre collision,,,,,,,,,,,3,1,1,1.0,6.0
201000011229,0010-07-14 02:45:00,10,7,14,2,45,890,264,18 Grande Rue,48.178,3.032,Nuit avec éclairage non allumé,En agglomération,Hors intersection,Normale,Autre collision,,,,,,,,,,,4,2,1,1.0,6.0
201000011230,0010-07-18 15:30:00,10,7,18,15,30,890,143,Rue St Germain/Grande Ru,48.217,3.078,Plein jour,En agglomération,Intersection en X,Normale,Trois véhicules et plus - collisions multiples,,,,,,,,,,,1,2,2,1.0,5.0
201000011231,0010-07-27 05:30:00,10,7,27,5,30,890,380,,48.075,3.105,Nuit sans éclairage public,Hors agglomération,Giratoire,Pluie légère,Sans collision,,,,,,,,,,,3,1,6,2.0,7.0
201000011232,0010-08-07 09:30:00,10,8,7,9,30,890,151,,48.124,3.211,Plein jour,Hors agglomération,Hors intersection,Normale,Sans collision,,,,,,,,,,,1,1,1,1.0,7.0
201000011233,0010-11-02 07:00:00,10,11,2,7,0,890,466,,48.182,3.192,Crépuscule ou aube,Hors agglomération,Intersection en T,Brouillard / fumée,Deux véhicules - côté,,,,,,,,,,,2,1,3,5.0,3.0
201000011234,0010-11-06 08:00:00,10,11,6,8,0,890,151,,48.12,3.151,Plein jour,Hors agglomération,Hors intersection,Normale,Autre collision,,,,,,,,,,,1,1,1,1.0,6.0
201000011235,0010-11-18 15:45:00,10,11,18,15,45,890,180,,,,Plein jour,Hors agglomération,Hors intersection,Normale,Autre collision,,,,,,,,,,,1,1,1,1.0,6.0
201000011236,0010-11-26 15:45:00,10,11,26,15,45,890,450,,48.229,3.157,Plein jour,Hors agglomération,Intersection en X,Normale,Deux véhicules - côté,,,,,,,,,,,1,1,2,1.0,3.0
201000011237,0010-07-14 12:15:00,10,7,14,12,15,890,388,,,,Plein jour,Hors agglomération,Giratoire,Normale,Sans collision,,,,,,,,,,,1,1,6,1.0,7.0
201000011238,0010-08-13 16:15:00,10,8,13,16,15,890,388,,47.951,3.232,Plein jour,Hors agglomération,Hors intersection,Normale,Sans collision,,,,,,,,,,,1,1,1,1.0,7.0
201000011239,0010-12-10 16:00:00,10,12,10,16,0,890,464,"Face au 103, rue carnot",,,Plein jour,En agglomération,Hors intersection,Normale,Deux véhicules - frontale,,,,,,,,,,,1,2,1,1.0,1.0
201000011240,0010-02-24 20:45:00,10,2,24,20,45,890,418,,,,Nuit sans éclairage public,Hors agglomération,Hors intersection,Normale,Autre collision,,,,,,,,,,,3,1,1,1.0,6.0
201000011241,0010-03-22 15:15:00,10,3,22,15,15,890,87,,,,Plein jour,Hors agglomération,Hors intersection,Normale,Autre collision,,,,,,,,,,,1,1,1,1.0,6.0
201000011242,0010-05-22 20:15:00,10,5,22,20,15,890,418,chemin des cordeliers,47.87,3.986,Plein jour,En agglomération,Hors intersection,Temps éblouissant,Deux véhicules - frontale,,,,,,,,,,,1,2,1,7.0,1.0
201000011243,0010-06-03 15:45:00,10,6,3,15,45,890,418,,,,Plein jour,Hors agglomération,Hors intersection,Normale,Deux véhicules - frontale,,,,,,,,,,,1,1,1,1.0,1.0
201000011244,0010-06-24 08:45:00,10,6,24,8,45,890,28,,,,Plein jour,Hors agglomération,Hors intersection,Normale,Sans collision,,,,,,,,,,,1,1,1,1.0,7.0
201000011245,0010-06-30 14:30:00,10,6,30,14,30,890,407,,47.851,4.085,Plein jour,Hors agglomération,Hors intersection,Normale,Autre collision,,,,,,,,,,,1,1,1,1.0,6.0
201000011246,0010-07-02 10:00:00,10,7,2,10,0,890,131,CHEMIN DE VILLON,,,Plein jour,En agglomération,Hors intersection,Normale,Deux véhicules - frontale,,,,,,,,,,,1,2,1,1.0,1.0
201000011247,0010-07-06 21:00:00,10,7,6,21,0,890,28,34 GRANDE RUE,,,Crépuscule ou aube,En agglomération,Hors intersection,Normale,Autre collision,,,,,,,,,,,2,2,1,1.0,6.0
201000011248,0010-07-24 16:30:00,10,7,24,16,30,890,299,chemin des vaches,47.842,4.18799,Plein jour,En agglomération,Hors intersection,Normale,Autre collision,,,,,,,,,,,1,2,1,1.0,6.0
201000011249,0010-10-24 01:30:00,10,10,24,1,30,890,407,,47.847,4.081,Nuit sans éclairage public,Hors agglomération,Hors intersection,Normale,Autre collision,,,,,,,,,,,3,1,1,1.0,6.0
201000011250,0010-11-10 15:15:00,10,11,10,15,15,890,4,,47.667,4.208,Plein jour,Hors agglomération,Autre intersection,Normale,Sans collision,,,,,,,,,,,1,1,9,1.0,7.0
201000011251,0010-03-02 18:15:00,10,3,2,18,15,250,418,,,,Crépuscule ou aube,Hors agglomération,Hors intersection,Normale,Deux véhicules - côté,,,,,,,,,,,2,1,1,1.0,3.0
201000011252,0010-03-23 18:30:00,10,3,23,18,30,250,418,,47.248,6.158,Plein jour,Hors agglomération,Hors intersection,Temps éblouissant,Deux véhicules - arrière,,,,,,,,,,,1,1,1,7.0,2.0
201000011253,0010-03-28 07:15:00,10,3,28,7,15,250,278,,47.226,6.297,Crépuscule ou aube,Hors agglomération,Hors intersection,Normale,Autre collision,,,,,,,,,,,2,1,1,1.0,6.0
201000011254,0010-03-27 17:45:00,10,3,27,17,45,250,36,,47.195,5.968,Plein jour,Hors agglomération,Hors intersection,Pluie légère,Sans collision,,,,,,,,,,,1,1,1,2.0,7.0
201000011255,0010-03-29 11:45:00,10,3,29,11,45,250,328,,47.182,5.957,Plein jour,Hors agglomération,Hors intersection,Normale,Deux véhicules - frontale,,,,,,,,,,,1,1,1,1.0,1.0
201000011256,0010-04-01 18:00:00,10,4,1,18,0,250,410,,,,Plein jour,Hors agglomération,Hors intersection,Temps couvert,Deux véhicules - frontale,,,,,,,,,,,1,1,1,8.0,1.0
201000011257,0010-05-24 17:00:00,10,5,24,17,0,250,36,,47.203,5.967,Plein jour,Hors agglomération,Hors intersection,Normale,Sans collision,,,,,,,,,,,1,1,1,1.0,7.0
201000011258,0010-07-04 05:45:00,10,7,4,5,45,250,473,,,,Crépuscule ou aube,Hors agglomération,Hors intersection,Pluie légère,Autre collision,,,,,,,,,,,2,1,1,2.0,6.0
201000011259,0010-07-09 08:15:00,10,7,9,8,15,250,116,,47.29,6.25,Plein jour,Hors agglomération,Hors intersection,Normale,Sans collision,,,,,,,,,,,1,1,1,1.0,7.0
201000011260,0010-10-04 12:30:00,10,10,4,12,30,250,328,,47.18,5.973,Plein jour,Hors agglomération,Hors intersection,Normale,Deux véhicules - frontale,,,,,,,,,,,1,1,1,1.0,1.0
201000011261,0010-10-15 23:15:00,10,10,15,23,15,250,116,,,,Nuit sans éclairage public,Hors agglomération,Autre intersection,Normale,Autre collision,,,,,,,,,,,3,1,9,1.0,6.0
201000011262,0010-02-18 17:45:00,10,2,18,17,45,250,434,5 RUE Pierre Vernier,,,Plein jour,En agglomération,Hors intersection,Normale,Autre collision,,,,,,,,,,,1,2,1,1.0,6.0
201000011263,0010-07-25 05:45:00,10,7,25,5,45,250,537,RD101,47.105,6.077,Crépuscule ou aube,En agglomération,Hors intersection,Normale,Autre collision,,,,,,,,,,,2,2,1,1.0,6.0
201000011264,0010-10-09 17:30:00,10,10,9,17,30,250,434,,47.087,6.158,Plein jour,Hors agglomération,Hors intersection,Normale,Deux véhicules - côté,,,,,,,,,,,1,1,1,1.0,3.0
201000011265,0010-02-22 13:30:00,10,2,22,13,30,250,287,rue de l'église,,,Plein jour,En agglomération,Hors intersection,Normale,Deux véhicules - frontale,,,,,,,,,,,1,2,1,1.0,1.0
201000011266,0010-03-08 11:30:00,10,3,8,11,30,250,511,RUE DES DAMES,47.101,6.01,Plein jour,En agglomération,Hors intersection,Normale,Deux véhicules - frontale,,,,,,,,,,,1,2,1,1.0,1.0
201000011267,0010-03-11 15:45:00,10,3,11,15,45,250,564,,,,Plein jour,Hors agglomération,Hors intersection,Normale,Sans collision,,,,,,,,,,,1,1,1,1.0,7.0
201000011268,0010-04-24 16:15:00,10,4,24,16,15,250,164,,47.234,5.842,Plein jour,Hors agglomération,Hors intersection,Normale,Deux véhicules - frontale,,,,,,,,,,,1,1,1,1.0,1.0
201000011269,0010-04-24 11:30:00,10,4,24,11,30,250,147,chemin de Menuey,47.227,5.887,Plein jour,En agglomération,Hors intersection,Normale,Sans collision,,,,,,,,,,,1,2,1,1.0,7.0
201000011270,0010-04-28 15:15:00,10,4,28,15,15,250,149,,47.159,5.943,Plein jour,Hors agglomération,Hors intersection,Normale,Autre collision,,,,,,,,,,,1,1,1,1.0,6.0
201000011271,0010-06-06 14:15:00,10,6,6,14,15,250,109,,47.11,5.911,Plein jour,Hors agglomération,Hors intersection,Pluie forte,Autre collision,,,,,,,,,,,1,1,1,3.0,6.0
201000011272,0010-06-13 15:15:00,10,6,13,15,15,250,154,,,,Plein jour,Hors agglomération,Hors intersection,Normale,Trois véhicules et plus - collisions multiples,,,,,,,,,,,1,1,1,1.0,5.0
201000011273,0010-06-19 07:00:00,10,6,19,7,0,250,438,,47.16,5.87,Plein jour,Hors agglomération,Hors intersection,Pluie légère,Autre collision,,,,,,,,,,,1,1,1,2.0,6.0
201000011274,0010-07-06 12:15:00,10,7,6,12,15,250,164,rue de l'étang,47.221,5.822,Plein jour,En agglomération,Hors intersection,Normale,Deux véhicules - frontale,,,,,,,,,,,1,2,1,1.0,1.0