accident_id,datetime,annee,mois,jour,heure,minute,departement,commune_insee,adresse,latitude,longitude,luminosite,agglomeration,intersection,meteo,collision,nb_vehicules,nb_usagers,nb_indemnes,nb_tues,nb_blesses_hosp,nb_blesses_legers,age_cond_1,age_cond_2,veh_type_cond_1,veh_type_cond_2,lum_code,agg_code,int_code,atm_code,col_code
201000011406,0010-06-03 12:15:00,10,6,3,12,15,40,70,BARLES (ROUTE DE) 04,,,Plein jour,Hors agglomération,Hors intersection,Normale,Deux véhicules - côté,,,,,,,,,,,1,1,1,1.0,3.0
201000011407,0010-06-07 17:44:00,10,6,7,17,44,40,70,"RN.85, NICE (RTE)",,,Plein jour,Hors agglomération,Hors intersection,Normale,Deux véhicules - frontale,,,,,,,,,,,1,1,1,1.0,1.0
201000011408,0010-06-08 07:20:00,10,6,8,7,20,40,70,"05, THERMES (AV. DES)",,,Plein jour,En agglomération,Hors intersection,Normale,Deux véhicules - frontale,,,,,,,,,,,1,2,1,1.0,1.0
201000011409,0010-09-15 18:20:00,10,9,15,18,20,40,70,HUIT MAI 1945 (AV. DU),,,Crépuscule ou aube,En agglomération,Hors intersection,Normale,Autre collision,,,,,,,,,,,2,2,1,1.0,6.0
201000011410,0010-09-25 00:15:00,10,9,25,0,15,40,70,"63, VERDUN (AV. DE)",,,Nuit avec éclairage allumé,En agglomération,Hors intersection,Temps couvert,Sans collision,,,,,,,,,,,5,2,1,8.0,7.0
201000011411,0010-09-19 11:00:00,10,9,19,11,0,40,70,"3, VERDUN (AV. DE)",,,Plein jour,En agglomération,Giratoire,Normale,Autre collision,,,,,,,,,,,1,2,6,1.0,6.0
201000011412,0010-11-05 16:50:00,10,11,5,16,50,40,70,,,,Plein jour,Hors agglomération,Hors intersection,Normale,Deux véhicules - frontale,,,,,,,,,,,1,1,1,1.0,1.0
201000011413,0010-11-20 21:50:00,10,11,20,21,50,40,70,"NEANT, RN 85",,,Nuit sans éclairage public,Hors agglomération,Hors intersection,Normale,Deux véhicules - frontale,,,,,,,,,,,3,1,1,1.0,1.0
201000011414,0010-12-16 13:55:00,10,12,16,13,55,40,70,ECOLES (R. DES),,,Plein jour,Hors agglomération,Hors intersection,Normale,Deux véhicules - frontale,,,,,,,,,,,1,1,1,1.0,1.0
201000011415,0010-12-26 18:10:00,10,12,26,18,10,40,70,"69, HUGO (BD..V)",,,Nuit avec éclairage allumé,En agglomération,Hors intersection,Autre,Autre collision,,,,,,,,,,,5,2,1,9.0,6.0
201000011416,0010-01-24 16:00:00,10,1,24,16,0,390,306,,46.642,5.546,Plein jour,Hors agglomération,Hors intersection,Normale,Deux véhicules - frontale,,,,,,,,,,,1,1,1,1.0,1.0
201000011417,0010-03-13 02:15:00,10,3,13,2,15,390,348,,,,Nuit sans éclairage public,Hors agglomération,Hors intersection,Autre,Sans collision,,,,,,,,,,,3,1,1,9.0,7.0
201000011418,0010-06-14 14:00:00,10,6,14,14,0,390,390,,46.608,5.633,Plein jour,Hors agglomération,Hors intersection,Normale,Deux véhicules - côté,,,,,,,,,,,1,1,1,1.0,3.0
201000011419,0010-06-22 00:45:00,10,6,22,0,45,390,313,,,,Nuit sans éclairage public,Hors agglomération,Hors intersection,Normale,Autre collision,,,,,,,,,,,3,1,1,1.0,6.0
201000011420,0010-06-24 17:00:00,10,6,24,17,0,390,146,Route de Lons Le Saunier,,,Plein jour,En agglomération,Hors intersection,Normale,Deux véhicules - côté,,,,,,,,,,,1,2,1,1.0,3.0
201000011421,0010-06-27 11:00:00,10,6,27,11,0,390,109,,46.616,5.735,Plein jour,Hors agglomération,Hors intersection,Normale,Deux véhicules - côté,,,,,,,,,,,1,1,1,1.0,3.0
201000011422,0010-12-01 07:00:00,10,12,1,7,0,390,458,,46.62,5.611,Crépuscule ou aube,Hors agglomération,Intersection en X,Neige / grêle,Deux véhicules - côté,,,,,,,,,,,2,1,2,4.0,3.0
201000011423,0010-12-16 20:30:00,10,12,16,20,30,390,552,,46.642,5.586,Nuit sans éclairage public,Hors agglomération,Hors intersection,Neige / grêle,Trois véhicules et plus - collisions multiples,,,,,,,,,,,3,1,1,4.0,5.0
201000011424,0010-09-09 12:15:00,10,9,9,12,15,390,148,,,,Plein jour,Hors agglomération,Hors intersection,Normale,Autre collision,,,,,,,,,,,1,1,1,1.0,6.0
201000011425,0010-12-23 22:45:00,10,12,23,22,45,390,92,RD 109,,,Nuit avec éclairage allumé,En agglomération,Hors intersection,Pluie légère,Deux véhicules - frontale,,,,,,,,,,,5,2,1,2.0,1.0
201000011426,0010-01-19 23:00:00,10,1,19,23,0,390,574,,46.729,5.445,Nuit sans éclairage public,Hors agglomération,Hors intersection,Brouillard / fumée,Sans collision,,,,,,,,,,,3,1,1,5.0,7.0
201000011427,0010-10-12 07:15:00,10,10,12,7,15,390,574,RD 470,,,Plein jour,En agglomération,Hors intersection,Brouillard / fumée,Autre collision,,,,,,,,,,,1,2,1,5.0,6.0
201000011428,0010-11-07 20:00:00,10,11,7,20,0,390,421,,46.711,5.58,Nuit sans éclairage public,Hors agglomération,Hors intersection,Pluie légère,Deux véhicules - côté,,,,,,,,,,,3,1,1,2.0,3.0
201000011429,0010-11-23 22:00:00,10,11,23,22,0,390,471,,46.757,5.485,Nuit sans éclairage public,Hors agglomération,Hors intersection,Normale,Deux véhicules - côté,,,,,,,,,,,3,1,1,1.0,3.0
201000011430,0010-03-06 11:45:00,10,3,6,11,45,390,488,,,,Plein jour,Hors agglomération,Hors intersection,Neige / grêle,Deux véhicules - frontale,,,,,,,,,,,1,1,1,4.0,1.0
201000011431,0010-03-31 05:45:00,10,3,31,5,45,390,135,,,,Nuit sans éclairage public,Hors agglomération,Hors intersection,Normale,Deux véhicules - arrière,,,,,,,,,,,3,1,1,1.0,2.0
201000011432,0010-12-18 19:30:00,10,12,18,19,30,390,43,,46.57,5.426,Nuit sans éclairage public,Hors agglomération,Hors intersection,Vent fort / tempête,Trois véhicules et plus - en chaîne,,,,,,,,,,,3,1,1,6.0,4.0
201000011433,0010-01-24 19:30:00,10,1,24,19,30,390,543,,,,Nuit sans éclairage public,Hors agglomération,Hors intersection,Pluie légère,Deux véhicules - frontale,,,,,,,,,,,3,1,1,2.0,1.0
201000011434,0010-06-17 07:15:00,10,6,17,7,15,390,437,,,,Crépuscule ou aube,Hors agglomération,Hors intersection,Temps couvert,Autre collision,,,,,,,,,,,2,1,1,8.0,6.0
201000011435,0010-07-03 11:00:00,10,7,3,11,0,390,210,,,,Plein jour,Hors agglomération,Hors intersection,Normale,Trois véhicules et plus - collisions multiples,,,,,,,,,,,1,1,1,1.0,5.0
201000011436,0010-08-18 16:45:00,10,8,18,16,45,390,97,rond point de l'opidum,,,Plein jour,En agglomération,Giratoire,Pluie légère,Deux véhicules - côté,,,,,,,,,,,1,2,6,2.0,3.0
201000011437,0010-12-31 21:00:00,10,12,31,21,0,390,153,,46.197,5.259,Nuit sans éclairage public,Hors agglomération,Hors intersection,Normale,Autre collision,,,,,,,,,,,3,1,1,1.0,6.0
201000011438,0010-05-26 19:15:00,10,5,26,19,15,390,83,Rue du magasin,46.821,6.06,Crépuscule ou aube,En agglomération,Hors intersection,Temps couvert,Deux véhicules - côté,,,,,,,,,,,2,2,1,8.0,3.0
201000011439,0010-09-03 15:00:00,10,9,3,15,0,390,129,,46.66,5.944,Plein jour,Hors agglomération,Hors intersection,Normale,Trois véhicules et plus - collisions multiples,,,,,,,,,,,1,1,1,1.0,5.0
201000011440,0010-01-30 17:00:00,10,1,30,17,0,390,355,,,,Crépuscule ou aube,Hors agglomération,Intersection en X,Temps couvert,Deux véhicules - côté,,,,,,,,,,,2,1,2,8.0,3.0
201000011441,0010-04-25 05:15:00,10,4,25,5,15,390,13,,,,Nuit sans éclairage public,Hors agglomération,Hors intersection,Normale,Sans collision,,,,,,,,,,,3,1,1,1.0,7.0
201000011442,0010-05-11 10:30:00,10,5,11,10,30,390,535,Route Nationale,,,Plein jour,En agglomération,Intersection en X,Pluie légère,Trois véhicules et plus - collisions multiples,,,,,,,,,,,1,2,2,2.0,5.0
201000011443,0010-05-19 06:00:00,10,5,19,6,0,390,13,,,,Plein jour,Hors agglomération,Hors intersection,Normale,Trois véhicules et plus - collisions multiples,,,,,,,,,,,1,1,1,1.0,5.0
201000011444,0010-06-09 16:45:00,10,6,9,16,45,390,434,ROUTE DE DOLE,,,Plein jour,En agglomération,Hors intersection,Normale,Deux véhicules - frontale,,,,,,,,,,,1,2,1,1.0,1.0
201000011445,0010-09-11 18:45:00,10,9,11,18,45,390,263,,46.877,5.7,Plein jour,Hors agglomération,Hors intersection,Normale,Deux véhicules - frontale,,,,,,,,,,,1,1,1,1.0,1.0
201000011446,0010-09-23 18:15:00,10,9,23,18,15,390,434,,46.84,5.695,Plein jour,Hors agglomération,Hors intersection,Normale,Sans collision,,,,,,,,,,,1,1,1,1.0,7.0
201000011447,0010-09-26 05:30:00,10,9,26,5,30,390,355,,,,Nuit sans éclairage public,Hors agglomération,Hors intersection,Pluie légère,Deux véhicules - côté,,,,,,,,,,,3,1,1,2.0,3.0
201000011448,0010-11-03 18:00:00,10,11,3,18,0,390,434,,46.836,5.716,Nuit avec éclairage allumé,En agglomération,Hors intersection,Pluie légère,Autre collision,,,,,,,,,,,5,2,1,2.0,6.0
201000011449,0010-11-06 16:30:00,10,11,6,16,30,390,319,Rue du Moulin,46.936,5.683,Plein jour,En agglomération,Hors intersection,Normale,Deux véhicules - frontale,,,,,,,,,,,1,2,1,1.0,1.0
201000011450,0010-11-08 18:45:00,10,11,8,18,45,390,13,,46.911,5.77,Nuit avec éclairage allumé,En agglomération,Hors intersection,Pluie légère,Autre collision,,,,,,,,,,,5,2,1,2.0,6.0
201000011451,0010-12-14 10:15:00,10,12,14,10,15,390,434,,,,Plein jour,Hors agglomération,Autre intersection,Neige / grêle,Deux véhicules - frontale,,,,,,,,,,,1,1,9,4.0,1.0
201000011452,0010-12-18 21:45:00,10,12,18,21,45,390,13,,46.905,5.752,Nuit sans éclairage public,Hors agglomération,Hors intersection,Vent fort / tempête,Deux véhicules - frontale,,,,,,,,,,,3,1,1,6.0,1.0
201000011453,0010-02-26 15:15:00,10,2,26,15,15,390,370,route de certemery,46.975,5.786,Plein jour,En agglomération,Hors intersection,Normale,Deux véhicules - frontale,,,,,,,,,,,1,2,1,1.0,1.0
201000011454,0010-03-20 05:30:00,10,3,20,5,30,390,439,,46.99,5.819,Nuit sans éclairage public,Hors agglomération,Hors intersection,Normale,Autre collision,,,,,,,,,,,3,1,1,1.0,6.0
201000011455,0010-03-26 01:00:00,10,3,26,1,0,390,6,,46.962,5.791,Nuit sans éclairage public,Hors agglomération,Hors intersection,Normale,Trois véhicules et plus - en chaîne,,,,,,,,,,,3,1,1,1.0,4.0
201000011456,0010-04-10 18:15:00,10,4,10,18,15,390,500,,46.958,5.887,Plein jour,Hors agglomération,Hors intersection,Normale,Sans collision,,,,,,,,,,,1,1,1,1.0,7.0
201000011457,0010-07-03 09:30:00,10,7,3,9,30,390,103,,46.99,5.854,Plein jour,Hors agglomération,Hors intersection,Normale,Autre collision,,,,,,,,,,,1,1,1,1.0,6.0
201000011458,0010-07-03 18:00:00,10,7,3,18,0,390,399,30 ROUTE DE DOLE,46.998,5.656,Plein jour,En agglomération,Hors intersection,Normale,Deux véhicules - frontale,,,,,,,,,,,1,2,1,1.0,1.0
201000011459,0010-07-14 18:30:00,10,7,14,18,30,390,500,,46.964,5.894,Plein jour,Hors agglomération,Hors intersection,Normale,Sans collision,,,,,,,,,,,1,1,1,1.0,7.0
201000011460,0010-08-10 08:45:00,10,8,10,8,45,390,6,,46.972,5.8,Plein jour,Hors agglomération,Hors intersection,Normale,Sans collision,,,,,,,,,,,1,1,1,1.0,7.0
201000011461,0010-08-22 07:00:00,10,8,22,7,0,390,370,,46.982,5.804,Plein jour,Hors agglomération,Hors intersection,Normale,Deux véhicules - côté,,,,,,,,,,,1,1,1,1.0,3.0
201000011462,0010-10-02 07:45:00,10,10,2,7,45,390,500,rue des tours benites,46.938,5.882,Plein jour,En agglomération,Hors intersection,Normale,Autre collision,,,,,,,,,,,1,2,1,1.0,6.0
201000011463,0010-12-19 20:45:00,10,12,19,20,45,390,103,,46.979,5.847,Nuit sans éclairage public,Hors agglomération,Hors intersection,Normale,Autre collision,,,,,,,,,,,3,1,1,1.0,6.0
201000011464,0010-01-08 13:30:00,10,1,8,13,30,390,99,,,,Plein jour,Hors agglomération,Hors intersection,Autre,Deux véhicules - frontale,,,,,,,,,,,1,1,1,9.0,1.0
201000011465,0010-02-23 17:45:00,10,2,23,17,45,390,233,RUE CHAMPVANS,47.091,5.455,Plein jour,En agglomération,Intersection en X,Normale,Deux véhicules - frontale,,,,,,,,,,,1,2,2,1.0,1.0
201000011466,0010-04-25 07:00:00,10,4,25,7,0,390,526,,47.038,5.41,Plein jour,Hors agglomération,Hors intersection,Normale,Sans collision,,,,,,,,,,,1,1,1,1.0,7.0
201000011467,0010-09-10 21:45:00,10,9,10,21,45,390,233,,,,Nuit sans éclairage public,Hors agglomération,Hors intersection,Normale,Autre collision,,,,,,,,,,,3,1,1,1.0,6.0
201000011468,0010-10-22 13:00:00,10,10,22,13,0,390,501,,,,Plein jour,Hors agglomération,Hors intersection,Normale,Sans collision,,,,,,,,,,,1,1,1,1.0,7.0
201000011469,0010-10-24 10:00:00,10,10,24,10,0,390,462,,47.127,5.552,Plein jour,Hors agglomération,Hors intersection,Normale,Deux véhicules - frontale,,,,,,,,,,,1,1,1,1.0,1.0
201000011470,0010-11-08 19:15:00,10,11,8,19,15,390,405,Route nationale,,,Nuit avec éclairage allumé,En agglomération,Hors intersection,Pluie forte,Deux véhicules - arrière,,,,,,,,,,,5,2,1,3.0,2.0
201000011471,0010-11-09 19:15:00,10,11,9,19,15,390,476,,,,Crépuscule ou aube,Hors agglomération,Hors intersection,Normale,Deux véhicules - côté,,,,,,,,,,,2,1,1,1.0,3.0
201000011472,0010-11-24 13:00:00,10,11,24,13,0,390,233,route de Damparis,47.083,5.442,Plein jour,En agglomération,Hors intersection,Temps couvert,Autre collision,,,,,,,,,,,1,2,1,8.0,6.0
201000011473,0010-01-09 09:45:00,10,1,9,9,45,390,448,,46.997,5.485,Plein jour,Hors agglomération,Hors intersection,Neige / grêle,Deux véhicules - côté,,,,,,,,,,,1,1,1,4.0,3.0
201000011474,0010-02-09 14:30:00,10,2,9,14,30,390,577,,46.795,5.462,Plein jour,Hors agglomération,Hors intersection,Neige / grêle,Deux véhicules - frontale,,,,,,,,,,,1,1,1,4.0,1.0
201000011475,0010-03-19 14:00:00,10,3,19,14,0,390,37,,46.976,5.577,Plein jour,Hors agglomération,Hors intersection,Normale,Autre collision,,,,,,,,,,,1,1,1,1.0,6.0
201000011476,0010-04-24 18:45:00,10,4,24,18,45,390,559,,47.073,5.619,Plein jour,Hors agglomération,Hors intersection,Normale,Deux véhicules - frontale,,,,,,,,,,,1,1,1,1.0,1.0
201000011477,0010-06-06 03:00:00,10,6,6,3,0,390,128,rond point de la loco,46.971,5.414,Nuit avec éclairage allumé,En agglomération,Giratoire,Normale,Autre collision,,,,,,,,,,,5,2,6,1.0,6.0
201000011478,0010-06-13 08:00:00,10,6,13,8,0,390,448,,46.997,5.452,Plein jour,Hors agglomération,Hors intersection,Normale,Sans collision,,,,,,,,,,,1,1,1,1.0,7.0
201000011479,0010-06-29 22:00:00,10,6,29,22,0,390,525,9 route de pleure,46.925,5.513,Plein jour,En agglomération,Hors intersection,Normale,Autre collision,,,,,,,,,,,1,2,1,1.0,6.0
201000011480,0010-07-15 01:00:00,10,7,15,1,0,390,559,,47.044,5.635,Nuit avec éclairage allumé,Hors agglomération,Hors intersection,Normale,Autre collision,,,,,,,,,,,5,1,1,1.0,6.0
201000011481,0010-07-21 09:15:00,10,7,21,9,15,390,387,,,,Plein jour,Hors agglomération,Hors intersection,Normale,Trois véhicules et plus - en chaîne,,,,,,,,,,,1,1,1,1.0,4.0
201000011482,0010-07-31 18:30:00,10,7,31,18,30,390,365,,,,Plein jour,Hors agglomération,Hors intersection,Temps éblouissant,Trois véhicules et plus - collisions multiples,,,,,,,,,,,1,1,1,7.0,5.0
201000011483,0010-08-11 09:15:00,10,8,11,9,15,390,128,route d'Asnans,,,Plein jour,En agglomération,Hors intersection,Normale,Deux véhicules - côté,,,,,,,,,,,1,2,1,1.0,3.0
201000011484,0010-08-30 20:30:00,10,8,30,20,30,390,448,,47.011,5.497,Nuit sans éclairage public,Hors agglomération,Hors intersection,Normale,Deux véhicules - côté,,,,,,,,,,,3,1,1,1.0,3.0
201000011485,0010-03-22 08:45:00,10,3,22,8,45,390,396,38 rue de la republique,47.152,5.658,Plein jour,En agglomération,Autre intersection,Normale,Trois véhicules et plus - collisions multiples,,,,,,,,,,,1,2,9,1.0,5.0
201000011486,0010-04-03 12:45:00,10,4,3,12,45,390,188,,47.26,5.561,Plein jour,Hors agglomération,Intersection en X,Pluie légère,Deux véhicules - côté,,,,,,,,,,,1,1,2,2.0,3.0
201000011487,0010-04-16 21:15:00,10,4,16,21,15,390,361,,47.245,5.552,Nuit sans éclairage public,Hors agglomération,Hors intersection,Normale,Sans collision,,,,,,,,,,,3,1,1,1.0,7.0
201000011488,0010-07-17 08:45:00,10,7,17,8,45,390,188,,47.267,5.565,Plein jour,Hors agglomération,Hors intersection,Pluie légère,Sans collision,,,,,,,,,,,1,1,1,2.0,7.0
201000011489,0010-08-22 22:45:00,10,8,22,22,45,390,581,,47.248,5.681,Nuit sans éclairage public,Hors agglomération,Hors intersection,Normale,Sans collision,,,,,,,,,,,3,1,1,1.0,7.0
201000011490,0010-09-19 07:45:00,10,9,19,7,45,390,24,,47.146,5.603,Plein jour,Hors agglomération,Hors intersection,Normale,Deux véhicules - frontale,,,,,,,,,,,1,1,1,1.0,1.0
201000011491,0010-01-02 06:00:00,10,1,2,6,0,390,478,"route de Lyon. PK 19,250",46.382,5.848,Nuit avec éclairage allumé,En agglomération,Hors intersection,Neige / grêle,Autre collision,,,,,,,,,,,5,2,1,4.0,6.0
201000011492,0010-07-18 01:45:00,10,7,18,1,45,390,283,,,,Nuit sans éclairage public,Hors agglomération,Hors intersection,Normale,Autre collision,,,,,,,,,,,3,1,1,1.0,6.0
201000011493,0010-11-14 05:30:00,10,11,14,5,30,390,547,Route de la Vallée,,,Nuit avec éclairage allumé,En agglomération,Hors intersection,Normale,Autre collision,,,,,,,,,,,5,2,1,1.0,6.0
201000011494,0010-02-09 16:45:00,10,2,9,16,45,390,294,,,,Plein jour,Hors agglomération,Hors intersection,Neige / grêle,Deux véhicules - frontale,,,,,,,,,,,1,1,1,4.0,1.0
201000011495,0010-02-23 19:45:00,10,2,23,19,45,390,368,RN5  PK 100+400,,,Nuit avec éclairage allumé,En agglomération,Hors intersection,Pluie légère,Trois véhicules et plus - collisions multiples,,,,,,,,,,,5,2,1,2.0,5.0
201000011496,0010-03-23 16:30:00,10,3,23,16,30,390,368,191 rue de la république,,,Plein jour,En agglomération,Hors intersection,Normale,Deux véhicules - côté,,,,,,,,,,,1,2,1,1.0,3.0
201000011497,0010-03-25 09:15:00,10,3,25,9,15,390,63,,46.594,5.835,Plein jour,Hors agglomération,Hors intersection,Normale,Deux véhicules - frontale,,,,,,,,,,,1,1,1,1.0,1.0
201000011498,0010-05-04 08:30:00,10,5,4,8,30,390,368,12 RUE PASTEUR,,,Plein jour,En agglomération,Hors intersection,Normale,Autre collision,,,,,,,,,,,1,2,1,1.0,6.0
201000011499,0010-05-29 18:30:00,10,5,29,18,30,390,441,,,,Plein jour,Hors agglomération,Hors intersection,Normale,Trois véhicules et plus - collisions multiples,,,,,,,,,,,1,1,1,1.0,5.0
201000011500,0010-06-26 02:15:00,10,6,26,2,15,390,441,,46.46,6.063,Nuit avec éclairage allumé,Hors agglomération,Hors intersection,Normale,Autre collision,,,,,,,,,,,5,1,1,1.0,6.0
201000011501,0010-07-02 17:15:00,10,7,2,17,15,390,441,,,,Plein jour,Hors agglomération,Hors intersection,Normale,Sans collision,,,,,,,,,,,1,1,1,1.0,7.0
201000011502,0010-07-07 19:30:00,10,7,7,19,30,390,368,,,,Plein jour,Hors agglomération,Hors intersection,Normale,Autre collision,,,,,,,,,,,1,1,1,1.0,6.0
201000011503,0010-07-10 07:30:00,10,7,10,7,30,390,63,,,,Plein jour,Hors agglomération,Hors intersection,Normale,Deux véhicules - frontale,,,,,,,,,,,1,1,1,1.0,1.0
201000011504,0010-07-21 12:45:00,10,7,21,12,45,390,368,,,,Plein jour,Hors agglomération,Autre intersection,Normale,Deux véhicules - côté,,,,,,,,,,,1,1,9,1.0,3.0
201000011505,0010-08-04 13:30:00,10,8,4,13,30,390,131,,46.601,5.916,Plein jour,Hors agglomération,Hors intersection,Normale,Autre collision,,,,,,,,,,,1,1,1,1.0,6.0
201000011506,0010-08-21 18:30:00,10,8,21,18,30,390,115,,46.512,5.901,Plein jour,Hors agglomération,Hors intersection,Normale,Trois véhicules et plus - collisions multiples,,,,,,,,,,,1,1,1,1.0,5.0
201000011507,0010-11-03 19:15:00,10,11,3,19,15,390,470,,,,Nuit sans éclairage public,Hors agglomération,Hors intersection,Pluie légère,Deux véhicules - frontale,,,,,,,,,,,3,1,1,2.0,1.0
201000011508,0010-11-10 17:15:00,10,11,10,17,15,390,371,,,,Crépuscule ou aube,Hors agglomération,Hors intersection,Pluie forte,Deux véhicules - frontale,,,,,,,,,,,2,1,1,3.0,1.0
201000011509,0010-12-24 08:15:00,10,12,24,8,15,390,368,,,,Plein jour,Hors agglomération,Hors intersection,Neige / grêle,Trois véhicules et plus - collisions multiples,,,,,,,,,,,1,1,1,4.0,5.0
201000011510,0010-02-09 17:57:00,10,2,9,17,57,40,112,D907,,,Crépuscule ou aube,Hors agglomération,Giratoire,Normale,Deux véhicules - côté,,,,,,,,,,,2,1,6,1.0,3.0
201000011511,0010-02-10 09:10:00,10,2,10,9,10,40,112,SOUBEYRAN (PORTE),,,Plein jour,En agglomération,Intersection en X,Normale,Autre collision,,,,,,,,,,,1,2,2,1.0,6.0
201000011512,0010-04-15 16:00:00,10,4,15,16,0,40,112,VANNADES (CH. DES),,,Plein jour,Hors agglomération,Passage à niveau,Normale,Deux véhicules - côté,,,,,,,,,,,1,1,8,1.0,3.0
201000011513,0010-05-11 18:30:00,10,5,11,18,30,40,112,DAUDET (ALL. A.),,,Plein jour,En agglomération,Hors intersection,Normale,Deux véhicules - côté,,,,,,,,,,,1,2,1,1.0,3.0
201000011514,0010-05-13 12:20:00,10,5,13,12,20,40,112,MISTRAL (AVENUE F.),,,Plein jour,En agglomération,Autre intersection,Normale,Autre collision,,,,,,,,,,,1,2,9,1.0,6.0
201000011515,0010-05-17 16:00:00,10,5,17,16,0,40,112,D.907,,,Plein jour,Hors agglomération,Intersection en X,Normale,Deux véhicules - côté,,,,,,,,,,,1,1,2,1.0,3.0
201000011516,0010-05-18 17:10:00,10,5,18,17,10,40,112,D.907,,,Plein jour,Hors agglomération,Hors intersection,Normale,Deux véhicules - côté,,,,,,,,,,,1,1,1,1.0,3.0
201000011517,0010-05-30 10:45:00,10,5,30,10,45,40,112,SAINT -JOSEPH(BOULEVARD),,,Plein jour,Hors agglomération,Intersection en T,Normale,Deux véhicules - côté,,,,,,,,,,,1,1,3,1.0,3.0
201000011518,0010-06-27 01:00:00,10,6,27,1,0,40,112,DEPARTEMENTALE  .4096,,,Nuit sans éclairage public,Hors agglomération,Hors intersection,Normale,Deux véhicules - frontale,,,,,,,,,,,3,1,1,1.0,1.0
201000011519,0010-08-03 08:40:00,10,8,3,8,40,40,112,SAINT JOSEPH(BOULEVARD),,,Plein jour,En agglomération,Hors intersection,Normale,Deux véhicules - côté,,,,,,,,,,,1,2,1,1.0,3.0
201000011520,0010-08-22 18:45:00,10,8,22,18,45,40,112,FOND DE GLORY(CHEMIN),,,Plein jour,En agglomération,Autre intersection,Normale,Deux véhicules - arrière,,,,,,,,,,,1,2,9,1.0,2.0
201000011521,0010-11-16 18:10:00,10,11,16,18,10,40,112,D907,,,Nuit avec éclairage allumé,En agglomération,Intersection en X,Normale,Trois véhicules et plus - collisions multiples,,,,,,,,,,,5,2,2,1.0,5.0
201000011522,0010-12-11 09:15:00,10,12,11,9,15,40,112,"379, POMPIDOU (AV.GEORGE",,,Plein jour,En agglomération,Autre intersection,Temps éblouissant,Autre collision,,,,,,,,,,,1,2,9,7.0,6.0
201000011523,0010-01-11 14:45:00,10,1,11,14,45,700,428,,,,Plein jour,Hors agglomération,Hors intersection,Normale,Sans collision,,,,,,,,,,,1,1,1,1.0,7.0
201000011524,0010-05-30 16:30:00,10,5,30,16,30,700,111,,,,Plein jour,Hors agglomération,Hors intersection,Normale,Trois véhicules et plus - en chaîne,,,,,,,,,,,1,1,1,1.0,4.0
201000011525,0010-06-25 12:45:00,10,6,25,12,45,700,19,,,,Plein jour,Hors agglomération,Hors intersection,Normale,Deux véhicules - frontale,,,,,,,,,,,1,1,1,1.0,1.0
201000011526,0010-06-27 11:00:00,10,6,27,11,0,700,516,,,,Plein jour,Hors agglomération,Hors intersection,Normale,Deux véhicules - arrière,,,,,,,,,,,1,1,1,1.0,2.0
201000011527,0010-06-30 17:30:00,10,6,30,17,30,700,390,,,,Plein jour,Hors agglomération,Hors intersection,Normale,Sans collision,,,,,,,,,,,1,1,1,1.0,7.0
201000011528,0010-07-04 16:15:00,10,7,4,16,15,700,19,,,,Plein jour,Hors agglomération,Intersection en X,Temps éblouissant,Deux véhicules - côté,,,,,,,,,,,1,1,2,7.0,3.0
201000011529,0010-09-05 13:30:00,10,9,5,13,30,700,199,,,,Plein jour,Hors agglomération,Hors intersection,Normale,Deux véhicules - frontale,,,,,,,,,,,1,1,1,1.0,1.0
201000011530,0010-11-13 14:45:00,10,11,13,14,45,700,219,Grande rue CD 9,,,Plein jour,En agglomération,Hors intersection,Normale,Deux véhicules - côté,,,,,,,,,,,1,2,1,1.0,3.0
201000011531,0010-11-15 19:15:00,10,11,15,19,15,700,433,,,,Nuit sans éclairage public,Hors agglomération,Intersection en T,Pluie légère,Deux véhicules - frontale,,,,,,,,,,,3,1,3,2.0,1.0
201000011532,0010-12-23 19:45:00,10,12,23,19,45,700,219,,,,Nuit sans éclairage public,Hors agglomération,Hors intersection,Normale,Autre collision,,,,,,,,,,,3,1,1,1.0,6.0
201000011533,0010-12-24 09:45:00,10,12,24,9,45,700,199,,,,Plein jour,Hors agglomération,Hors intersection,Neige / grêle,Deux véhicules - frontale,,,,,,,,,,,1,1,1,4.0,1.0
201000011534,0010-01-24 15:00:00,10,1,24,15,0,700,350,,,,Plein jour,Hors agglomération,Intersection à plus de 4 branches,Pluie légère,Deux véhicules - côté,,,,,,,,,,,1,1,5,2.0,3.0
201000011535,0010-01-24 21:45:00,10,1,24,21,45,700,415,,,,Nuit sans éclairage public,Hors agglomération,Hors intersection,Pluie légère,Autre collision,,,,,,,,,,,3,1,1,2.0,6.0
201000011536,0010-06-12 11:45:00,10,6,12,11,45,700,329,,,,Plein jour,Hors agglomération,Hors intersection,Normale,Deux véhicules - frontale,,,,,,,,,,,1,1,1,1.0,1.0