accident_id,datetime,annee,mois,jour,heure,minute,departement,commune_insee,adresse,latitude,longitude,luminosite,agglomeration,intersection,meteo,collision,nb_vehicules,nb_usagers,nb_indemnes,nb_tues,nb_blesses_hosp,nb_blesses_legers,age_cond_1,age_cond_2,veh_type_cond_1,veh_type_cond_2,lum_code,agg_code,int_code,atm_code,col_code
201000011803,0010-08-17 06:00:00,10,8,17,6,0,130,27,AVENUE JACQUES TROUILLET,,,Nuit avec éclairage allumé,En agglomération,Hors intersection,Normale,Deux véhicules - côté,,,,,,,,,,,5,2,1,1.0,3.0
201000011804,0010-08-31 00:15:00,10,8,31,0,15,130,66,,43.8366,4.89361,Nuit sans éclairage public,Hors agglomération,Hors intersection,Normale,Autre collision,,,,,,,,,,,3,1,1,1.0,6.0
201000011805,0010-09-04 18:45:00,10,9,4,18,45,130,66,,43.8863,4.91011,Plein jour,Hors agglomération,Hors intersection,Normale,Deux véhicules - frontale,,,,,,,,,,,1,1,1,1.0,1.0
201000011806,0010-09-12 06:30:00,10,9,12,6,30,130,66,,43.8862,4.89626,Nuit sans éclairage public,Hors agglomération,Hors intersection,Normale,Autre collision,,,,,,,,,,,3,1,1,1.0,6.0
201000011807,0010-10-16 08:45:00,10,10,16,8,45,130,27,,,,Plein jour,Hors agglomération,Hors intersection,Normale,Deux véhicules - côté,,,,,,,,,,,1,1,1,1.0,3.0
201000011808,0010-11-09 16:15:00,10,11,9,16,15,130,66,,43.8434,4.89498,Plein jour,Hors agglomération,Intersection en X,Normale,Deux véhicules - côté,,,,,,,,,,,1,1,2,1.0,3.0
201000011809,0010-11-24 13:00:00,10,11,24,13,0,130,66,,,,Plein jour,Hors agglomération,Hors intersection,Normale,Autre collision,,,,,,,,,,,1,1,1,1.0,6.0
201000011810,0010-03-07 16:45:00,10,3,7,16,45,130,4,,43.6531,4.66344,Plein jour,Hors agglomération,Hors intersection,Neige / grêle,Deux véhicules - arrière,,,,,,,,,,,1,1,1,4.0,2.0
201000011811,0010-01-24 02:45:00,10,1,24,2,45,130,97,ROUTE DE CRAPONNE,43.6508,4.8018,Nuit avec éclairage allumé,En agglomération,Hors intersection,Normale,Autre collision,,,,,,,,,,,5,2,1,1.0,6.0
201000011812,0010-02-12 16:45:00,10,2,12,16,45,130,97,ROUTE DE CRAPONNE,43.6569,4.80095,Plein jour,En agglomération,Hors intersection,Neige / grêle,Deux véhicules - côté,,,,,,,,,,,1,2,1,4.0,3.0
201000011813,0010-03-11 13:45:00,10,3,11,13,45,130,97,,43.6302,4.80626,Plein jour,Hors agglomération,Hors intersection,Normale,Trois véhicules et plus - collisions multiples,,,,,,,,,,,1,1,1,1.0,5.0
201000011814,0010-04-24 10:30:00,10,4,24,10,30,130,97,,43.6297,4.91912,Plein jour,Hors agglomération,Hors intersection,Normale,Trois véhicules et plus - en chaîne,,,,,,,,,,,1,1,1,1.0,4.0
201000011815,0010-06-09 17:30:00,10,6,9,17,30,130,97,ROUTE DE CRAPONNE,,,Plein jour,En agglomération,Hors intersection,Normale,Deux véhicules - arrière,,,,,,,,,,,1,2,1,1.0,2.0
201000011816,0010-06-12 17:15:00,10,6,12,17,15,130,97,,43.6386,4.93915,Plein jour,Hors agglomération,Hors intersection,Normale,Autre collision,,,,,,,,,,,1,1,1,1.0,6.0
201000011817,0010-06-23 07:45:00,10,6,23,7,45,130,97,,43.6686,4.89865,Plein jour,Hors agglomération,Hors intersection,Normale,Deux véhicules - côté,,,,,,,,,,,1,1,1,1.0,3.0
201000011818,0010-06-23 15:00:00,10,6,23,15,0,130,97,,,,Plein jour,Hors agglomération,Hors intersection,Normale,Deux véhicules - frontale,,,,,,,,,,,1,1,1,1.0,1.0
201000011819,0010-06-28 05:00:00,10,6,28,5,0,130,97,,43.6392,4.85959,Crépuscule ou aube,Hors agglomération,Hors intersection,Normale,Autre collision,,,,,,,,,,,2,1,1,1.0,6.0
201000011820,0010-07-21 18:15:00,10,7,21,18,15,130,97,,43.5232,4.84041,Plein jour,Hors agglomération,Hors intersection,Normale,Autre collision,,,,,,,,,,,1,1,1,1.0,6.0
201000011821,0010-07-29 13:45:00,10,7,29,13,45,130,97,,,,Plein jour,Hors agglomération,Hors intersection,Normale,Sans collision,,,,,,,,,,,1,1,1,1.0,7.0
201000011822,0010-07-30 01:00:00,10,7,30,1,0,130,97,,43.5173,4.84789,Nuit sans éclairage public,Hors agglomération,Hors intersection,Normale,Deux véhicules - côté,,,,,,,,,,,3,1,1,1.0,3.0
201000011823,0010-07-29 16:30:00,10,7,29,16,30,130,97,,43.5887,4.76349,Plein jour,Hors agglomération,Hors intersection,Normale,Autre collision,,,,,,,,,,,1,1,1,1.0,6.0
201000011824,0010-08-03 17:30:00,10,8,3,17,30,130,97,,43.6728,4.79767,Plein jour,Hors agglomération,Hors intersection,Normale,Deux véhicules - frontale,,,,,,,,,,,1,1,1,1.0,1.0
201000011825,0010-10-13 19:30:00,10,10,13,19,30,130,97,RUE DU FOIRAIL,,,Nuit avec éclairage allumé,En agglomération,Hors intersection,Normale,Deux véhicules - frontale,,,,,,,,,,,5,2,1,1.0,1.0
201000011826,0010-10-14 13:45:00,10,10,14,13,45,130,97,,43.5482,4.81062,Plein jour,Hors agglomération,Hors intersection,Normale,Autre collision,,,,,,,,,,,1,1,1,1.0,6.0
201000011827,0010-12-28 09:45:00,10,12,28,9,45,130,97,AVENUE NOSTRADAMUS,43.642,4.814,Plein jour,En agglomération,Hors intersection,Normale,Autre collision,,,,,,,,,,,1,2,1,1.0,6.0
201000011828,0010-01-27 08:15:00,10,1,27,8,15,130,100,,43.7851,4.91733,Plein jour,Hors agglomération,Hors intersection,Temps couvert,Trois véhicules et plus - collisions multiples,,,,,,,,,,,1,1,1,8.0,5.0
201000011829,0010-02-22 09:00:00,10,2,22,9,0,130,100,ROUTE PLAN D'ORGON,,,Plein jour,En agglomération,Hors intersection,Temps couvert,Deux véhicules - frontale,,,,,,,,,,,1,2,1,8.0,1.0
201000011830,0010-03-03 01:45:00,10,3,3,1,45,130,94,CD99 PK25+290,43.7823,4.73519,Nuit sans éclairage public,En agglomération,Hors intersection,Normale,Autre collision,,,,,,,,,,,3,2,1,1.0,6.0
201000011831,0010-03-19 02:45:00,10,3,19,2,45,130,100,,43.7846,4.87331,Nuit sans éclairage public,Hors agglomération,Hors intersection,Normale,Autre collision,,,,,,,,,,,3,1,1,1.0,6.0
201000011832,0010-03-23 13:15:00,10,3,23,13,15,130,94,BD DE L'EGALITÉ / GASPAR,43.7803,4.72056,Plein jour,En agglomération,Intersection en X,Normale,Deux véhicules - côté,,,,,,,,,,,1,2,2,1.0,3.0
201000011833,0010-06-18 05:45:00,10,6,18,5,45,130,100,CD571 PK 15+050,43.8008,4.83283,Crépuscule ou aube,En agglomération,Hors intersection,Normale,Autre collision,,,,,,,,,,,2,2,1,1.0,6.0
201000011834,0010-08-30 19:30:00,10,8,30,19,30,130,100,,43.7968,4.8335,Plein jour,Hors agglomération,Hors intersection,Normale,Autre collision,,,,,,,,,,,1,1,1,1.0,6.0
201000011835,0010-09-18 05:30:00,10,9,18,5,30,130,100,,,,Nuit sans éclairage public,Hors agglomération,Hors intersection,Normale,Autre collision,,,,,,,,,,,3,1,1,1.0,6.0
201000011836,0010-09-30 22:15:00,10,9,30,22,15,130,94,,43.7861,4.74765,Nuit sans éclairage public,Hors agglomération,Hors intersection,Normale,Autre collision,,,,,,,,,,,3,1,1,1.0,6.0
201000011837,0010-10-29 16:45:00,10,10,29,16,45,130,100,,,,Plein jour,Hors agglomération,Hors intersection,Normale,Autre collision,,,,,,,,,,,1,1,1,1.0,6.0
201000011838,0010-11-05 12:15:00,10,11,5,12,15,130,100,2 AVENUE MARIUS GIRARD,,,Plein jour,En agglomération,Hors intersection,Normale,Deux véhicules - arrière,,,,,,,,,,,1,2,1,1.0,2.0
201000011839,0010-11-22 08:15:00,10,11,22,8,15,130,100,,,,Plein jour,Hors agglomération,Intersection en T,Normale,Deux véhicules - côté,,,,,,,,,,,1,1,3,1.0,3.0
201000011840,0010-12-11 10:30:00,10,12,11,10,30,130,100,BOULEVARD MARCEAU,,,Plein jour,En agglomération,Hors intersection,Normale,Autre collision,,,,,,,,,,,1,2,1,1.0,6.0
201000011841,0010-06-04 23:45:00,10,6,4,23,45,130,4,,43.5738,4.66561,Nuit sans éclairage public,Hors agglomération,Hors intersection,Normale,Deux véhicules - frontale,,,,,,,,,,,3,1,1,1.0,1.0
201000011842,0010-06-25 14:15:00,10,6,25,14,15,130,4,,,,Plein jour,Hors agglomération,Hors intersection,Normale,Sans collision,,,,,,,,,,,1,1,1,1.0,7.0
201000011843,0010-08-06 21:45:00,10,8,6,21,45,130,4,,43.5049,4.70747,Nuit sans éclairage public,Hors agglomération,Hors intersection,Normale,Autre collision,,,,,,,,,,,3,1,1,1.0,6.0
201000011844,0010-08-24 18:00:00,10,8,24,18,0,130,4,,,,Plein jour,Hors agglomération,Hors intersection,Normale,Sans collision,,,,,,,,,,,1,1,1,1.0,7.0
201000011845,0010-09-19 16:00:00,10,9,19,16,0,130,4,,43.276,5.74282,Plein jour,Hors agglomération,Hors intersection,Normale,Sans collision,,,,,,,,,,,1,1,1,1.0,7.0
201000011846,0010-01-16 17:45:00,10,1,16,17,45,130,30,,43.269,5.71857,Nuit sans éclairage public,Hors agglomération,Hors intersection,Temps couvert,Trois véhicules et plus - collisions multiples,,,,,,,,,,,3,1,1,8.0,5.0
201000011847,0010-02-01 17:00:00,10,2,1,17,0,130,42,,43.27,5.64614,Plein jour,Hors agglomération,Hors intersection,Normale,Deux véhicules - frontale,,,,,,,,,,,1,1,1,1.0,1.0
201000011848,0010-02-07 14:30:00,10,2,7,14,30,130,30,,43.2652,5.74485,Plein jour,Hors agglomération,Hors intersection,Normale,Deux véhicules - côté,,,,,,,,,,,1,1,1,1.0,3.0
201000011849,0010-04-09 18:15:00,10,4,9,18,15,130,42,,43.2971,5.61063,Plein jour,Hors agglomération,Hors intersection,Temps éblouissant,Deux véhicules - côté,,,,,,,,,,,1,1,1,7.0,3.0
201000011850,0010-06-13 20:30:00,10,6,13,20,30,130,30,,43.2672,5.73753,Plein jour,Hors agglomération,Hors intersection,Normale,Deux véhicules - côté,,,,,,,,,,,1,1,1,1.0,3.0
201000011851,0010-07-20 11:45:00,10,7,20,11,45,130,30,,43.2658,5.66557,Plein jour,Hors agglomération,Hors intersection,Normale,Deux véhicules - frontale,,,,,,,,,,,1,1,1,1.0,1.0
201000011852,0010-10-17 17:30:00,10,10,17,17,30,130,30,,43.2677,5.72721,Plein jour,Hors agglomération,Hors intersection,Normale,Deux véhicules - côté,,,,,,,,,,,1,1,1,1.0,3.0
201000011853,0010-03-14 09:30:00,10,3,14,9,30,130,22,,43.219,5.5803,Plein jour,Hors agglomération,Hors intersection,Normale,Autre collision,,,,,,,,,,,1,1,1,1.0,6.0
201000011854,0010-05-20 19:00:00,10,5,20,19,0,130,23,,43.232,5.6604,Plein jour,Hors agglomération,Hors intersection,Normale,Deux véhicules - côté,,,,,,,,,,,1,1,1,1.0,3.0
201000011855,0010-06-13 07:15:00,10,6,13,7,15,130,22,,43.2338,5.54366,Plein jour,Hors agglomération,Hors intersection,Normale,Autre collision,,,,,,,,,,,1,1,1,1.0,6.0
201000011856,0010-06-12 12:15:00,10,6,12,12,15,130,22,,43.2236,5.58184,Plein jour,Hors agglomération,Hors intersection,Normale,Deux véhicules - côté,,,,,,,,,,,1,1,1,1.0,3.0
201000011857,0010-07-01 17:30:00,10,7,1,17,30,130,23,AVENUE DES PEUPLIERS,,,Plein jour,En agglomération,Hors intersection,Normale,Deux véhicules - côté,,,,,,,,,,,1,2,1,1.0,3.0
201000011858,0010-08-27 14:00:00,10,8,27,14,0,130,22,,43.2253,5.53182,Plein jour,Hors agglomération,Hors intersection,Normale,Deux véhicules - frontale,,,,,,,,,,,1,1,1,1.0,1.0
201000011859,0010-09-10 07:30:00,10,9,10,7,30,130,22,,43.2236,5.58182,Crépuscule ou aube,Hors agglomération,Hors intersection,Normale,Deux véhicules - côté,,,,,,,,,,,2,1,1,1.0,3.0
201000011860,0010-09-24 11:00:00,10,9,24,11,0,130,22,19 AV AMIRAL GANTEAUME,,,Plein jour,En agglomération,Hors intersection,Normale,Autre collision,,,,,,,,,,,1,2,1,1.0,6.0
201000011861,0010-12-05 16:00:00,10,12,5,16,0,130,22,,43.2149,5.58056,Plein jour,Hors agglomération,Hors intersection,Pluie légère,Deux véhicules - frontale,,,,,,,,,,,1,1,1,2.0,1.0
201000011862,0010-01-15 19:45:00,10,1,15,19,45,130,85,,43.2584,5.59125,Nuit sans éclairage public,Hors agglomération,Hors intersection,Normale,Deux véhicules - frontale,,,,,,,,,,,3,1,1,1.0,1.0
201000011863,0010-01-29 18:15:00,10,1,29,18,15,130,119,AVENUE CLAUDE DEBUSY,,,Nuit avec éclairage allumé,En agglomération,Hors intersection,Normale,Deux véhicules - côté,,,,,,,,,,,5,2,1,1.0,3.0
201000011864,0010-02-20 09:00:00,10,2,20,9,0,130,119,RUE RENÉ CASSIN,43.2597,5.57149,Plein jour,En agglomération,Hors intersection,Normale,Trois véhicules et plus - collisions multiples,,,,,,,,,,,1,2,1,1.0,5.0
201000011865,0010-03-13 13:30:00,10,3,13,13,30,130,85,,43.2665,5.58642,Plein jour,Hors agglomération,Hors intersection,Normale,Sans collision,,,,,,,,,,,1,1,1,1.0,7.0
201000011866,0010-08-05 10:45:00,10,8,5,10,45,130,119,RUE LAPLACE,43.2499,5.54887,Plein jour,En agglomération,Hors intersection,Normale,Deux véhicules - frontale,,,,,,,,,,,1,2,1,1.0,1.0
201000011867,0010-08-09 09:15:00,10,8,9,9,15,130,119,"RD41E, AVENUE LE MAIL",43.2555,5.56541,Plein jour,En agglomération,Hors intersection,Normale,Autre collision,,,,,,,,,,,1,2,1,1.0,6.0
201000011868,0010-03-16 14:45:00,10,3,16,14,45,130,73,ROUTE DU JAS DE VALEZE,,,Plein jour,En agglomération,Hors intersection,Normale,Deux véhicules - frontale,,,,,,,,,,,1,2,1,1.0,1.0
201000011869,0010-05-27 07:30:00,10,5,27,7,30,130,73,LIEU DIT LE TERME,43.3841,5.55638,Plein jour,En agglomération,Hors intersection,Normale,Deux véhicules - côté,,,,,,,,,,,1,2,1,1.0,3.0
201000011870,0010-03-13 18:00:00,10,3,13,18,0,130,16,CD 45E LE PIGEONNIER,43.4001,5.61021,Plein jour,En agglomération,Hors intersection,Normale,Deux véhicules - frontale,,,,,,,,,,,1,2,1,1.0,1.0
201000011871,0010-04-22 09:30:00,10,4,22,9,30,130,31,RD 96,43.3885,5.59909,Plein jour,En agglomération,Autre intersection,Normale,Autre collision,,,,,,,,,,,1,2,9,1.0,6.0
201000011872,0010-05-22 19:30:00,10,5,22,19,30,130,86,,43.3356,5.60118,Plein jour,Hors agglomération,Hors intersection,Normale,Deux véhicules - côté,,,,,,,,,,,1,1,1,1.0,3.0
201000011873,0010-05-23 01:30:00,10,5,23,1,30,130,86,,43.3379,5.60144,Nuit avec éclairage allumé,Hors agglomération,Intersection en X,Normale,Deux véhicules - côté,,,,,,,,,,,5,1,2,1.0,3.0
201000011874,0010-06-16 07:00:00,10,6,16,7,0,130,86,,43.3127,5.57762,Plein jour,En agglomération,Intersection en T,Normale,Deux véhicules - côté,,,,,,,,,,,1,2,3,1.0,3.0
201000011875,0010-09-21 14:00:00,10,9,21,14,0,130,7,,43.372,5.667,Plein jour,Hors agglomération,Hors intersection,Normale,Deux véhicules - arrière,,,,,,,,,,,1,1,1,1.0,2.0
201000011876,0010-09-24 08:30:00,10,9,24,8,30,130,7,,43.3297,5.65818,Plein jour,Hors agglomération,Hors intersection,Normale,Deux véhicules - arrière,,,,,,,,,,,1,1,1,1.0,2.0
201000011877,0010-09-26 16:45:00,10,9,26,16,45,130,86,RUE SAINTE ANNE,43.3524,5.60549,Plein jour,En agglomération,Hors intersection,Temps éblouissant,Deux véhicules - frontale,,,,,,,,,,,1,2,1,7.0,1.0
201000011878,0010-01-14 23:00:00,10,1,14,23,0,130,92,,43.5578,5.03176,Nuit avec éclairage allumé,Hors agglomération,Hors intersection,Normale,Autre collision,,,,,,,,,,,5,1,1,1.0,6.0
201000011879,0010-01-23 08:30:00,10,1,23,8,30,130,14,BOULEVARD HENRI WALON,,,Plein jour,En agglomération,Hors intersection,Normale,Autre collision,,,,,,,,,,,1,2,1,1.0,6.0
201000011880,0010-01-25 08:15:00,10,1,25,8,15,130,14,?CHEMIN DU COUSSOUS,,,Plein jour,Hors agglomération,Hors intersection,Normale,Autre collision,,,,,,,,,,,1,1,1,1.0,6.0
201000011881,0010-02-06 09:00:00,10,2,6,9,0,130,92,,43.5354,5.11505,Plein jour,Hors agglomération,Hors intersection,Pluie légère,Deux véhicules - frontale,,,,,,,,,,,1,1,1,2.0,1.0
201000011882,0010-01-31 18:45:00,10,1,31,18,45,130,14,,,,Nuit avec éclairage allumé,En agglomération,Hors intersection,Normale,Deux véhicules - frontale,,,,,,,,,,,5,2,1,1.0,1.0
201000011883,0010-03-12 14:15:00,10,3,12,14,15,130,14,AV F LÉGER,,,Plein jour,En agglomération,Hors intersection,Normale,Autre collision,,,,,,,,,,,1,2,1,1.0,6.0
201000011884,0010-03-17 20:00:00,10,3,17,20,0,130,14,AVENUE PAUL LANGEVIN,,,Nuit avec éclairage allumé,En agglomération,Hors intersection,Normale,Trois véhicules et plus - en chaîne,,,,,,,,,,,5,2,1,1.0,4.0
201000011885,0010-03-23 08:00:00,10,3,23,8,0,130,14,AVENUE JOLIOT CURIE,43.4832,5.18006,Plein jour,En agglomération,Hors intersection,Temps couvert,Autre collision,,,,,,,,,,,1,2,1,8.0,6.0
201000011886,0010-03-29 12:30:00,10,3,29,12,30,130,92,,43.562,5.04111,Plein jour,Hors agglomération,Hors intersection,Normale,Deux véhicules - frontale,,,,,,,,,,,1,1,1,1.0,1.0
201000011887,0010-05-05 14:00:00,10,5,5,14,0,130,92,,43.5264,5.10381,Plein jour,Hors agglomération,Hors intersection,Normale,Deux véhicules - frontale,,,,,,,,,,,1,1,1,1.0,1.0
201000011888,0010-06-13 17:30:00,10,6,13,17,30,130,14,ROND POINT DE GORDES,43.4842,5.18175,Plein jour,En agglomération,Giratoire,Normale,Deux véhicules - arrière,,,,,,,,,,,1,2,6,1.0,2.0
201000011889,0010-06-20 16:30:00,10,6,20,16,30,130,14,CHEMIN DES LIMITES,,,Plein jour,Hors agglomération,Hors intersection,Vent fort / tempête,Autre collision,,,,,,,,,,,1,1,1,6.0,6.0
201000011890,0010-06-24 11:30:00,10,6,24,11,30,130,14,BOULEVARD HENRI WALLON,,,Plein jour,En agglomération,Hors intersection,Normale,Deux véhicules - arrière,,,,,,,,,,,1,2,1,1.0,2.0
201000011891,0010-07-04 11:30:00,10,7,4,11,30,130,14,CHEMIN DES GRAVONS,,,Plein jour,Hors agglomération,Hors intersection,Normale,Deux véhicules - côté,,,,,,,,,,,1,1,1,1.0,3.0
201000011892,0010-07-28 15:00:00,10,7,28,15,0,130,14,,43.5245,5.14908,Plein jour,Hors agglomération,Hors intersection,Normale,Deux véhicules - côté,,,,,,,,,,,1,1,1,1.0,3.0
201000011893,0010-08-02 17:45:00,10,8,2,17,45,130,14,,,,Plein jour,Hors agglomération,Hors intersection,Pluie légère,Deux véhicules - frontale,,,,,,,,,,,1,1,1,2.0,1.0
201000011894,0010-08-08 13:30:00,10,8,8,13,30,130,92,,43.5301,5.05424,Plein jour,Hors agglomération,Hors intersection,Normale,Sans collision,,,,,,,,,,,1,1,1,1.0,7.0
201000011895,0010-08-28 06:30:00,10,8,28,6,30,130,14,,43.5212,5.19848,Plein jour,Hors agglomération,Hors intersection,Normale,Deux véhicules - frontale,,,,,,,,,,,1,1,1,1.0,1.0
201000011896,0010-08-28 19:00:00,10,8,28,19,0,130,14,AVENUE AMBROISE CROIZAT,,,Plein jour,En agglomération,Hors intersection,Normale,Sans collision,,,,,,,,,,,1,2,1,1.0,7.0
201000011897,0010-09-03 08:45:00,10,9,3,8,45,130,92,,43.5535,5.07253,Plein jour,Hors agglomération,Hors intersection,Normale,Deux véhicules - arrière,,,,,,,,,,,1,1,1,1.0,2.0
201000011898,0010-09-11 09:30:00,10,9,11,9,30,130,92,,43.5314,5.10465,Plein jour,Hors agglomération,Hors intersection,Normale,Deux véhicules - côté,,,,,,,,,,,1,1,1,1.0,3.0
201000011899,0010-09-26 14:00:00,10,9,26,14,0,130,14,VOIE LYON (PASSAGE NIVEA,,,Plein jour,Hors agglomération,Passage à niveau,Normale,Deux véhicules - côté,,,,,,,,,,,1,1,8,1.0,3.0
201000011900,0010-11-05 07:15:00,10,11,5,7,15,130,14,,43.5107,5.12893,Plein jour,Hors agglomération,Hors intersection,Normale,Deux véhicules - arrière,,,,,,,,,,,1,1,1,1.0,2.0
201000011901,0010-11-09 17:15:00,10,11,9,17,15,130,92,,43.5377,5.12033,Plein jour,Hors agglomération,Hors intersection,Normale,Autre collision,,,,,,,,,,,1,1,1,1.0,6.0
201000011902,0010-11-20 16:45:00,10,11,20,16,45,130,14,,,,Plein jour,Hors agglomération,Hors intersection,Pluie forte,Trois véhicules et plus - collisions multiples,,,,,,,,,,,1,1,1,3.0,5.0
201000011903,0010-01-06 20:00:00,10,1,6,20,0,130,53,,43.7143,5.18597,Nuit sans éclairage public,Hors agglomération,Hors intersection,Normale,Autre collision,,,,,,,,,,,3,1,1,1.0,6.0
201000011904,0010-05-02 16:30:00,10,5,2,16,30,130,6,ROND POINT DES FIOLLES,43.6992,4.93864,Plein jour,En agglomération,Giratoire,Normale,Deux véhicules - frontale,,,,,,,,,,,1,2,6,1.0,1.0
201000011905,0010-07-02 11:00:00,10,7,2,11,0,130,49,,43.6854,5.09387,Plein jour,Hors agglomération,Hors intersection,Normale,Deux véhicules - frontale,,,,,,,,,,,1,1,1,1.0,1.0
201000011906,0010-07-30 16:45:00,10,7,30,16,45,130,35,,,,Plein jour,Hors agglomération,Hors intersection,Normale,Trois véhicules et plus - collisions multiples,,,,,,,,,,,1,1,1,1.0,5.0
201000011907,0010-08-02 15:15:00,10,8,2,15,15,130,49,,43.7166,5.08953,Plein jour,Hors agglomération,Hors intersection,Normale,Deux véhicules - frontale,,,,,,,,,,,1,1,1,1.0,1.0
201000011908,0010-11-05 07:00:00,10,11,5,7,0,130,105,,43.7159,5.12058,Crépuscule ou aube,Hors agglomération,Hors intersection,Normale,Deux véhicules - frontale,,,,,,,,,,,2,1,1,1.0,1.0
201000011909,0010-03-22 18:45:00,10,3,22,18,45,130,53,AVENUE DE CRAPONNE,43.7281,5.16159,Crépuscule ou aube,En agglomération,Hors intersection,Pluie forte,Deux véhicules - frontale,,,,,,,,,,,2,2,1,3.0,1.0
201000011910,0010-05-27 12:15:00,10,5,27,12,15,130,53,,43.7267,5.1572,Plein jour,Hors agglomération,Hors intersection,Normale,Deux véhicules - frontale,,,,,,,,,,,1,1,1,1.0,1.0
201000011911,0010-07-11 08:00:00,10,7,11,8,0,130,53,,43.7209,5.2019,Plein jour,Hors agglomération,Hors intersection,Normale,Sans collision,,,,,,,,,,,1,1,1,1.0,7.0
201000011912,0010-09-21 05:00:00,10,9,21,5,0,130,115,,43.6859,5.2071,Nuit sans éclairage public,Hors agglomération,Hors intersection,Normale,Autre collision,,,,,,,,,,,3,1,1,1.0,6.0
201000011913,0010-10-22 16:30:00,10,10,22,16,30,130,53,,43.7159,5.21645,Plein jour,Hors agglomération,Hors intersection,Normale,Deux véhicules - frontale,,,,,,,,,,,1,1,1,1.0,1.0
201000011914,0010-11-05 20:45:00,10,11,5,20,45,130,6,CARREFOUR DES FIOLLES,43.6992,4.93864,Nuit sans éclairage public,En agglomération,Giratoire,Normale,Autre collision,,,,,,,,,,,3,2,6,1.0,6.0
201000011915,0010-11-09 08:00:00,10,11,9,8,0,130,115,,43.6742,5.18199,Plein jour,Hors agglomération,Hors intersection,Normale,Deux véhicules - côté,,,,,,,,,,,1,1,1,1.0,3.0
201000011916,0010-11-09 17:15:00,10,11,9,17,15,130,53,,,,Plein jour,En agglomération,Hors intersection,Normale,Deux véhicules - côté,,,,,,,,,,,1,2,1,1.0,3.0
201000011917,0010-01-05 07:00:00,10,1,5,7,0,130,18,,43.8464,4.96888,Nuit sans éclairage public,Hors agglomération,Hors intersection,Brouillard / fumée,Deux véhicules - frontale,,,,,,,,,,,3,1,1,5.0,1.0
201000011918,0010-03-17 08:45:00,10,3,17,8,45,130,76,,43.8054,4.99146,Nuit sans éclairage public,Hors agglomération,Hors intersection,Normale,Deux véhicules - frontale,,,,,,,,,,,3,1,1,1.0,1.0
201000011919,0010-05-05 15:30:00,10,5,5,15,30,130,34,,43.5622,4.73634,Plein jour,Hors agglomération,Hors intersection,Pluie légère,Deux véhicules - frontale,,,,,,,,,,,1,1,1,2.0,1.0
201000011920,0010-06-03 15:15:00,10,6,3,15,15,130,116,,,,Plein jour,Hors agglomération,Hors intersection,Normale,Trois véhicules et plus - en chaîne,,,,,,,,,,,1,1,1,1.0,4.0
201000011921,0010-06-06 14:00:00,10,6,6,14,0,130,89,,43.8219,4.93808,Plein jour,Hors agglomération,Hors intersection,Normale,Deux véhicules - frontale,,,,,,,,,,,1,1,1,1.0,1.0
201000011922,0010-06-06 19:00:00,10,6,6,19,0,130,67,,43.7713,5.0572,Plein jour,Hors agglomération,Hors intersection,Normale,Deux véhicules - côté,,,,,,,,,,,1,1,1,1.0,3.0
201000011923,0010-07-17 20:15:00,10,7,17,20,15,130,76,,,,Crépuscule ou aube,Hors agglomération,Hors intersection,Normale,Deux véhicules - frontale,,,,,,,,,,,2,1,1,1.0,1.0
201000011924,0010-08-05 10:45:00,10,8,5,10,45,130,67,,43.7963,4.99012,Crépuscule ou aube,Hors agglomération,Hors intersection,Normale,Trois véhicules et plus - en chaîne,,,,,,,,,,,2,1,1,1.0,4.0
201000011925,0010-08-12 01:30:00,10,8,12,1,30,130,34,,43.7863,4.93925,Nuit sans éclairage public,Hors agglomération,Hors intersection,Normale,Sans collision,,,,,,,,,,,3,1,1,1.0,7.0
201000011926,0010-08-30 11:45:00,10,8,30,11,45,130,18,CHEMIN DU MAS DE LA POUL,,,Plein jour,En agglomération,Hors intersection,Normale,Autre collision,,,,,,,,,,,1,2,1,1.0,6.0
201000011927,0010-09-09 21:00:00,10,9,9,21,0,130,89,,43.8326,4.98838,Nuit sans éclairage public,Hors agglomération,Intersection en X,Normale,Deux véhicules - frontale,,,,,,,,,,,3,1,2,1.0,1.0
201000011928,0010-09-26 21:45:00,10,9,26,21,45,130,18,,43.8622,4.93777,Nuit sans éclairage public,Hors agglomération,Hors intersection,Normale,Sans collision,,,,,,,,,,,3,1,1,1.0,7.0
201000011929,0010-10-20 04:00:00,10,10,20,4,0,130,76,,,,Nuit sans éclairage public,Hors agglomération,Hors intersection,Normale,Deux véhicules - arrière,,,,,,,,,,,3,1,1,1.0,2.0
201000011930,0010-11-13 16:45:00,10,11,13,16,45,130,76,,,,Crépuscule ou aube,Hors agglomération,Hors intersection,Normale,Deux véhicules - côté,,,,,,,,,,,2,1,1,1.0,3.0
201000011931,0010-12-03 17:00:00,10,12,3,17,0,130,116,,43.8458,4.93142,Nuit sans éclairage public,Hors agglomération,Intersection en X,Normale,Trois véhicules et plus - collisions multiples,,,,,,,,,,,3,1,2,1.0,5.0
201000011932,0010-03-23 06:45:00,10,3,23,6,45,130,81,,,,Plein jour,Hors agglomération,Hors intersection,Normale,Deux véhicules - frontale,,,,,,,,,,,1,1,1,1.0,1.0