accident_id,datetime,annee,mois,jour,heure,minute,departement,commune_insee,adresse,latitude,longitude,luminosite,agglomeration,intersection,meteo,collision,nb_vehicules,nb_usagers,nb_indemnes,nb_tues,nb_blesses_hosp,nb_blesses_legers,age_cond_1,age_cond_2,veh_type_cond_1,veh_type_cond_2,lum_code,agg_code,int_code,atm_code,col_code
201000011933,0010-04-04 17:30:00,10,4,4,17,30,130,81,BD JEAN JAURES,,,Plein jour,En agglomération,Hors intersection,Normale,Deux véhicules - frontale,,,,,,,,,,,1,2,1,1.0,1.0
201000011934,0010-04-15 08:30:00,10,4,15,8,30,130,81,,,,Plein jour,Hors agglomération,Autre intersection,Normale,Deux véhicules - arrière,,,,,,,,,,,1,1,9,1.0,2.0
201000011935,0010-05-15 15:00:00,10,5,15,15,0,130,81,,,,Plein jour,Hors agglomération,Hors intersection,Normale,Deux véhicules - frontale,,,,,,,,,,,1,1,1,1.0,1.0
201000011936,0010-06-01 08:30:00,10,6,1,8,30,130,81,AVENUE DES CYPRÈS,,,Plein jour,En agglomération,Hors intersection,Normale,Deux véhicules - côté,,,,,,,,,,,1,2,1,1.0,3.0
201000011937,0010-08-18 19:00:00,10,8,18,19,0,130,81,,,,Plein jour,En agglomération,Hors intersection,Normale,Deux véhicules - frontale,,,,,,,,,,,1,2,1,1.0,1.0
201000011938,0010-10-04 21:15:00,10,10,4,21,15,130,81,AVENUE VICTOR HUGO,43.4916,5.22976,Nuit avec éclairage allumé,En agglomération,Giratoire,Normale,Deux véhicules - frontale,,,,,,,,,,,5,2,6,1.0,1.0
201000011939,0010-10-12 16:45:00,10,10,12,16,45,130,81,21 AV DU GEN DE GAULLE,43.4922,5.22974,Plein jour,En agglomération,Hors intersection,Normale,Deux véhicules - côté,,,,,,,,,,,1,2,1,1.0,3.0
201000011940,0010-12-08 10:15:00,10,12,8,10,15,130,81,AVE ST ELOI - BD JAURÈS,43.492,5.232,Plein jour,En agglomération,Intersection en X,Normale,Deux véhicules - côté,,,,,,,,,,,1,2,2,1.0,3.0
201000011941,0010-02-11 00:45:00,10,2,11,0,45,130,24,,43.7065,5.23667,Nuit sans éclairage public,Hors agglomération,Hors intersection,Normale,Autre collision,,,,,,,,,,,3,1,1,1.0,6.0
201000011942,0010-03-26 15:15:00,10,3,26,15,15,130,82,,43.6637,5.33187,Plein jour,Hors agglomération,Hors intersection,Normale,Autre collision,,,,,,,,,,,1,1,1,1.0,6.0
201000011943,0010-07-11 20:00:00,10,7,11,20,0,130,82,PLACE DU GENERAL DE GAUL,,,Plein jour,En agglomération,Hors intersection,Normale,Autre collision,,,,,,,,,,,1,2,1,1.0,6.0
201000011944,0010-07-24 18:15:00,10,7,24,18,15,130,82,,43.657,5.36001,Plein jour,Hors agglomération,Intersection en T,Normale,Deux véhicules - frontale,,,,,,,,,,,1,1,3,1.0,1.0
201000011945,0010-08-15 15:30:00,10,8,15,15,30,130,82,,43.6757,5.34819,Plein jour,Hors agglomération,Hors intersection,Normale,Deux véhicules - frontale,,,,,,,,,,,1,1,1,1.0,1.0
201000011946,0010-08-22 07:00:00,10,8,22,7,0,130,91,RD7N PK46.980,43.6189,5.3056,Crépuscule ou aube,En agglomération,Hors intersection,Normale,Deux véhicules - frontale,,,,,,,,,,,2,2,1,1.0,1.0
201000011947,0010-09-11 15:45:00,10,9,11,15,45,130,82,,43.7121,5.3483,Plein jour,Hors agglomération,Hors intersection,Normale,Deux véhicules - arrière,,,,,,,,,,,1,1,1,1.0,2.0
201000011948,0010-09-24 18:30:00,10,9,24,18,30,130,82,,43.6954,5.34425,Plein jour,Hors agglomération,Hors intersection,Normale,Deux véhicules - frontale,,,,,,,,,,,1,1,1,1.0,1.0
201000011949,0010-11-02 11:30:00,10,11,2,11,30,130,84,QUAI DU CANAL,,,Plein jour,En agglomération,Hors intersection,Normale,Sans collision,,,,,,,,,,,1,2,1,1.0,7.0
201000011950,0010-12-23 23:00:00,10,12,23,23,0,130,50,,43.655,5.233,Nuit sans éclairage public,Hors agglomération,Hors intersection,Pluie légère,Autre collision,,,,,,,,,,,3,1,1,2.0,6.0
201000011951,0010-07-15 17:15:00,10,7,15,17,15,40,110,04,,,Plein jour,Hors agglomération,Hors intersection,Normale,Deux véhicules - frontale,,,,,,,,,,,1,1,1,1.0,1.0
201000011952,0010-08-19 17:30:00,10,8,19,17,30,40,97,,,,Plein jour,Hors agglomération,Hors intersection,Normale,Autre collision,,,,,,,,,,,1,1,1,1.0,6.0
201000011953,0010-09-08 19:15:00,10,9,8,19,15,40,110,RN 85/CD17,,,Plein jour,En agglomération,Hors intersection,Normale,Deux véhicules - arrière,,,,,,,,,,,1,2,1,1.0,2.0
201000011954,0010-11-04 10:45:00,10,11,4,10,45,40,1,,,,Plein jour,Hors agglomération,Hors intersection,Normale,Autre collision,,,,,,,,,,,1,1,1,1.0,6.0
201000011955,0010-11-09 10:00:00,10,11,9,10,0,40,1,Le Grillet,,,Plein jour,En agglomération,Hors intersection,Normale,Deux véhicules - frontale,,,,,,,,,,,1,2,1,1.0,1.0
201000011956,0010-12-16 14:00:00,10,12,16,14,0,40,122,,,,Plein jour,Hors agglomération,Hors intersection,Normale,Deux véhicules - frontale,,,,,,,,,,,1,1,1,1.0,1.0
201000011957,0010-12-26 14:45:00,10,12,26,14,45,40,36,,,,Plein jour,Hors agglomération,Hors intersection,Neige / grêle,Deux véhicules - arrière,,,,,,,,,,,1,1,1,4.0,2.0
201000011958,0010-05-04 02:00:00,10,5,4,2,0,40,94,,,,Nuit sans éclairage public,Hors agglomération,Hors intersection,Pluie légère,Autre collision,,,,,,,,,,,3,1,1,2.0,6.0
201000011959,0010-05-13 21:00:00,10,5,13,21,0,40,230,,,,Crépuscule ou aube,Hors agglomération,Hors intersection,Normale,Deux véhicules - frontale,,,,,,,,,,,2,1,1,1.0,1.0
201000011960,0010-08-20 03:15:00,10,8,20,3,15,40,230,,,,Nuit sans éclairage public,Hors agglomération,Hors intersection,Pluie légère,Autre collision,,,,,,,,,,,3,1,1,2.0,6.0
201000011961,0010-11-11 15:00:00,10,11,11,15,0,40,230,,,,Plein jour,Hors agglomération,Hors intersection,Normale,Sans collision,,,,,,,,,,,1,1,1,1.0,7.0
201000011962,0010-04-10 14:00:00,10,4,10,14,0,40,143,,43.89,5.91,Plein jour,Hors agglomération,Hors intersection,Normale,Trois véhicules et plus - collisions multiples,,,,,,,,,,,1,1,1,1.0,5.0
201000011963,0010-07-22 09:15:00,10,7,22,9,15,40,116,04,44.041,5.993,Crépuscule ou aube,Hors agglomération,Hors intersection,Normale,Deux véhicules - frontale,,,,,,,,,,,2,1,1,1.0,1.0
201000011964,0010-08-04 18:00:00,10,8,4,18,0,40,106,,,,Plein jour,Hors agglomération,Hors intersection,Normale,Deux véhicules - côté,,,,,,,,,,,1,1,1,1.0,3.0
201000011965,0010-08-12 20:15:00,10,8,12,20,15,40,116,,44.042,5.996,Crépuscule ou aube,Hors agglomération,Hors intersection,Normale,Deux véhicules - arrière,,,,,,,,,,,2,1,1,1.0,2.0
201000011966,0010-08-20 23:15:00,10,8,20,23,15,40,41,,43.931,5.96,Nuit sans éclairage public,Hors agglomération,Hors intersection,Normale,Deux véhicules - côté,,,,,,,,,,,3,1,1,1.0,3.0
201000011967,0010-10-18 21:45:00,10,10,18,21,45,40,149,RN 4096 - PK 37+550,44.026,5.932,Nuit sans éclairage public,En agglomération,Hors intersection,Normale,Deux véhicules - frontale,,,,,,,,,,,3,2,1,1.0,1.0
201000011968,0010-10-24 16:45:00,10,10,24,16,45,40,149,RD 4096,44.041,5.949,Plein jour,En agglomération,Hors intersection,Pluie légère,Deux véhicules - côté,,,,,,,,,,,1,2,1,2.0,3.0
201000011969,0010-12-16 07:45:00,10,12,16,7,45,40,41,,43.94,5.981,Crépuscule ou aube,Hors agglomération,Hors intersection,Autre,Autre collision,,,,,,,,,,,2,1,1,9.0,6.0
201000011970,0010-09-12 12:15:00,10,9,12,12,15,40,204,,,,Plein jour,Hors agglomération,Hors intersection,Normale,Sans collision,,,,,,,,,,,1,1,1,1.0,7.0
201000011971,0010-09-13 16:00:00,10,9,13,16,0,40,28,,,,Plein jour,Hors agglomération,Hors intersection,Normale,Sans collision,,,,,,,,,,,1,1,1,1.0,7.0
201000011972,0010-09-12 17:15:00,10,9,12,17,15,40,55,,,,Plein jour,Hors agglomération,Hors intersection,Normale,Autre collision,,,,,,,,,,,1,1,1,1.0,6.0
201000011973,0010-07-11 12:15:00,10,7,11,12,15,40,220,04,,,Plein jour,Hors agglomération,Hors intersection,Normale,Deux véhicules - frontale,,,,,,,,,,,1,1,1,1.0,1.0
201000011974,0010-07-17 17:30:00,10,7,17,17,30,40,86,04,,,Plein jour,Hors agglomération,Hors intersection,Normale,Deux véhicules - côté,,,,,,,,,,,1,1,1,1.0,3.0
201000011975,0010-07-20 14:30:00,10,7,20,14,30,40,62,04,,,Plein jour,Hors agglomération,Hors intersection,Normale,Autre collision,,,,,,,,,,,1,1,1,1.0,6.0
201000011976,0010-09-04 14:30:00,10,9,4,14,30,40,96,,,,Plein jour,Hors agglomération,Hors intersection,Normale,Sans collision,,,,,,,,,,,1,1,1,1.0,7.0
201000011977,0010-08-08 05:00:00,10,8,8,5,0,40,161,,,,Crépuscule ou aube,Hors agglomération,Hors intersection,Normale,Sans collision,,,,,,,,,,,2,1,1,1.0,7.0
201000011978,0010-08-13 11:15:00,10,8,13,11,15,40,198,,,,Plein jour,Hors agglomération,Hors intersection,Normale,Sans collision,,,,,,,,,,,1,1,1,1.0,7.0
201000011979,0010-08-17 06:00:00,10,8,17,6,0,40,205,,,,Crépuscule ou aube,Hors agglomération,Hors intersection,Normale,Sans collision,,,,,,,,,,,2,1,1,1.0,7.0
201000011980,0010-08-21 13:15:00,10,8,21,13,15,40,237,,,,Plein jour,Hors agglomération,Hors intersection,Normale,Deux véhicules - côté,,,,,,,,,,,1,1,1,1.0,3.0
201000011981,0010-11-26 12:15:00,10,11,26,12,15,40,198,,,,Plein jour,Hors agglomération,Hors intersection,Normale,Autre collision,,,,,,,,,,,1,1,1,1.0,6.0
201000011982,0010-04-25 16:30:00,10,4,25,16,30,40,39,,43.846,6.54,Plein jour,Hors agglomération,Hors intersection,Normale,Autre collision,,,,,,,,,,,1,1,1,1.0,6.0
201000011983,0010-06-29 12:15:00,10,6,29,12,15,40,39,,43.874,6.512,Plein jour,Hors agglomération,Hors intersection,Normale,Sans collision,,,,,,,,,,,1,1,1,1.0,7.0
201000011984,0010-08-14 07:30:00,10,8,14,7,30,40,69,,43.884,6.548,Plein jour,Hors agglomération,Hors intersection,Temps couvert,Autre collision,,,,,,,,,,,1,1,1,8.0,6.0
201000011985,0010-12-16 12:30:00,10,12,16,12,30,40,39,,43.87,6.493,Plein jour,Hors agglomération,Hors intersection,Normale,Deux véhicules - frontale,,,,,,,,,,,1,1,1,1.0,1.0
201000011986,0010-03-01 18:15:00,10,3,1,18,15,40,32,ENTREE DU VILLAGE,,,Plein jour,En agglomération,Hors intersection,Normale,Autre collision,,,,,,,,,,,1,2,1,1.0,6.0
201000011987,0010-04-11 11:45:00,10,4,11,11,45,40,8,,,,Plein jour,Hors agglomération,Hors intersection,Normale,Sans collision,,,,,,,,,,,1,1,1,1.0,7.0
201000011988,0010-04-05 00:15:00,10,4,5,0,15,40,6,PONT DE LABRAU,,,Nuit sans éclairage public,En agglomération,Hors intersection,Normale,Sans collision,,,,,,,,,,,3,2,1,1.0,7.0
201000011989,0010-07-30 18:30:00,10,7,30,18,30,40,219,,,,Plein jour,Hors agglomération,Hors intersection,Normale,Autre collision,,,,,,,,,,,1,1,1,1.0,6.0
201000011990,0010-11-27 13:00:00,10,11,27,13,0,40,219,,,,Plein jour,Hors agglomération,Hors intersection,Neige / grêle,Sans collision,,,,,,,,,,,1,1,1,4.0,7.0
201000011991,0010-06-27 00:15:00,10,6,27,0,15,40,157,,,,Nuit sans éclairage public,Hors agglomération,Hors intersection,Normale,Sans collision,,,,,,,,,,,3,1,1,1.0,7.0
201000011992,0010-06-29 07:45:00,10,6,29,7,45,40,166,Quartier SAINT CYR,,,Plein jour,En agglomération,Autre intersection,Normale,Deux véhicules - côté,,,,,,,,,,,1,2,9,1.0,3.0
201000011993,0010-07-25 14:30:00,10,7,25,14,30,40,157,04,,,Plein jour,Hors agglomération,Hors intersection,Normale,Deux véhicules - frontale,,,,,,,,,,,1,1,1,1.0,1.0
201000011994,0010-09-16 11:00:00,10,9,16,11,0,40,135,Quartier saint michel,,,Plein jour,En agglomération,Hors intersection,Normale,Sans collision,,,,,,,,,,,1,2,1,1.0,7.0
201000011995,0010-09-24 13:15:00,10,9,24,13,15,40,144,,,,Plein jour,Hors agglomération,Hors intersection,Normale,Autre collision,,,,,,,,,,,1,1,1,1.0,6.0
201000011996,0010-02-03 07:30:00,10,2,3,7,30,40,242,04180,,,Crépuscule ou aube,Hors agglomération,Hors intersection,Normale,Deux véhicules - côté,,,,,,,,,,,2,1,1,1.0,3.0
201000011997,0010-03-06 17:15:00,10,3,6,17,15,40,242,,,,Plein jour,Hors agglomération,Hors intersection,Normale,Deux véhicules - côté,,,,,,,,,,,1,1,1,1.0,3.0
201000011998,0010-03-17 15:45:00,10,3,17,15,45,40,88,AVENUE CLAUDE DELORME,,,Plein jour,En agglomération,Hors intersection,Normale,Deux véhicules - arrière,,,,,,,,,,,1,2,1,1.0,2.0
201000011999,0010-05-03 15:15:00,10,5,3,15,15,40,45,Cours Aristide BRIAND,,,Plein jour,En agglomération,Hors intersection,Normale,Autre collision,,,,,,,,,,,1,2,1,1.0,6.0
201000012000,0010-05-23 20:00:00,10,5,23,20,0,40,45,,,,Plein jour,Hors agglomération,Hors intersection,Normale,Autre collision,,,,,,,,,,,1,1,1,1.0,6.0
201000012001,0010-05-30 14:00:00,10,5,30,14,0,40,242,,,,Plein jour,Hors agglomération,Hors intersection,Normale,Sans collision,,,,,,,,,,,1,1,1,1.0,7.0
201000012002,0010-06-27 01:45:00,10,6,27,1,45,40,88,rue Marius DEBOUT,,,Nuit avec éclairage allumé,En agglomération,Hors intersection,Normale,Autre collision,,,,,,,,,,,5,2,1,1.0,6.0
201000012003,0010-07-16 11:00:00,10,7,16,11,0,40,88,carrefour des quatres re,,,Plein jour,En agglomération,Hors intersection,Normale,Deux véhicules - côté,,,,,,,,,,,1,2,1,1.0,3.0
201000012004,0010-07-26 17:45:00,10,7,26,17,45,40,242,04,,,Plein jour,Hors agglomération,Hors intersection,Normale,Deux véhicules - frontale,,,,,,,,,,,1,1,1,1.0,1.0
201000012005,0010-09-26 16:00:00,10,9,26,16,0,40,227,,,,Plein jour,Hors agglomération,Hors intersection,Normale,Deux véhicules - côté,,,,,,,,,,,1,1,1,1.0,3.0
201000012006,0010-10-25 07:15:00,10,10,25,7,15,40,160,,,,Nuit sans éclairage public,Hors agglomération,Hors intersection,Normale,Autre collision,,,,,,,,,,,3,1,1,1.0,6.0
201000012007,0010-11-06 16:45:00,10,11,6,16,45,40,242,,,,Plein jour,Hors agglomération,Hors intersection,Normale,Trois véhicules et plus - en chaîne,,,,,,,,,,,1,1,1,1.0,4.0
201000012008,0010-11-05 08:00:00,10,11,5,8,0,40,242,,,,Plein jour,Hors agglomération,Hors intersection,Normale,Deux véhicules - arrière,,,,,,,,,,,1,1,1,1.0,2.0
201000012009,0010-11-07 14:45:00,10,11,7,14,45,40,104,,,,Plein jour,Hors agglomération,Hors intersection,Normale,Autre collision,,,,,,,,,,,1,1,1,1.0,6.0
201000012010,0010-11-30 14:45:00,10,11,30,14,45,40,111,RN 4100,,,Plein jour,En agglomération,Hors intersection,Temps couvert,Autre collision,,,,,,,,,,,1,2,1,8.0,6.0
201000012011,0010-06-30 00:30:00,10,6,30,0,30,40,208,,,,Nuit sans éclairage public,Hors agglomération,Hors intersection,Normale,Sans collision,,,,,,,,,,,3,1,1,1.0,7.0
201000012012,0010-08-16 16:15:00,10,8,16,16,15,40,18,,44.034,5.635,Plein jour,Hors agglomération,Intersection en X,Normale,Deux véhicules - côté,,,,,,,,,,,1,1,2,1.0,3.0
201000012013,0010-11-13 15:30:00,10,11,13,15,30,40,208,,,,Plein jour,Hors agglomération,Autre intersection,Normale,Sans collision,,,,,,,,,,,1,1,9,1.0,7.0
201000012014,0010-02-12 17:15:00,10,2,12,17,15,40,245,RD 4096 PK 17+800. 04130,,,Plein jour,En agglomération,Hors intersection,Normale,Deux véhicules - côté,,,,,,,,,,,1,2,1,1.0,3.0
201000012015,0010-03-14 00:01:00,10,3,14,0,1,40,128,,,,Nuit sans éclairage public,Hors agglomération,Hors intersection,Normale,Deux véhicules - frontale,,,,,,,,,,,3,1,1,1.0,1.0
201000012016,0010-04-29 19:45:00,10,4,29,19,45,40,197,rond point victor hugo,,,Plein jour,En agglomération,Giratoire,Normale,Autre collision,,,,,,,,,,,1,2,6,1.0,6.0
201000012017,0010-04-29 08:30:00,10,4,29,8,30,40,197,RD 4096 CENTRE REGAIN,,,Nuit sans éclairage public,En agglomération,Hors intersection,Normale,Autre collision,,,,,,,,,,,3,2,1,1.0,6.0
201000012018,0010-05-12 16:45:00,10,5,12,16,45,40,245,AVENUE DES FARIGOULES,43.882,5.846,Plein jour,En agglomération,Hors intersection,Normale,Deux véhicules - côté,,,,,,,,,,,1,2,1,1.0,3.0
201000012019,0010-06-25 10:00:00,10,6,25,10,0,40,197,RD 4096 STE TULLE 04220,,,Plein jour,En agglomération,Hors intersection,Normale,Deux véhicules - côté,,,,,,,,,,,1,2,1,1.0,3.0
201000012020,0010-07-12 19:30:00,10,7,12,19,30,40,197,RD4096 - RUE BLONDEL,,,Plein jour,En agglomération,Autre intersection,Normale,Deux véhicules - arrière,,,,,,,,,,,1,2,9,1.0,2.0
201000012021,0010-08-03 15:45:00,10,8,3,15,45,40,197,,,,Plein jour,En agglomération,Hors intersection,Normale,Deux véhicules - côté,,,,,,,,,,,1,2,1,1.0,3.0
201000012022,0010-09-08 17:45:00,10,9,8,17,45,40,197,rue de la combe,,,Plein jour,En agglomération,Hors intersection,Normale,Deux véhicules - côté,,,,,,,,,,,1,2,1,1.0,3.0
201000012023,0010-11-06 11:30:00,10,11,6,11,30,40,197,Avenue de la République,,,Plein jour,En agglomération,Hors intersection,Normale,Autre collision,,,,,,,,,,,1,2,1,1.0,6.0
201000012024,0010-11-25 08:00:00,10,11,25,8,0,40,152,rd06  - avenue parrin,,,Plein jour,En agglomération,Hors intersection,Normale,Deux véhicules - côté,,,,,,,,,,,1,2,1,1.0,3.0
201000012025,0010-01-06 09:00:00,10,1,6,9,0,40,79,04160,44.066,6.015,Plein jour,Hors agglomération,Hors intersection,Temps couvert,Deux véhicules - frontale,,,,,,,,,,,1,1,1,8.0,1.0
201000012026,0010-01-14 07:15:00,10,1,14,7,15,40,79,04,44.083,6.018,Crépuscule ou aube,Hors agglomération,Hors intersection,Normale,Deux véhicules - frontale,,,,,,,,,,,2,1,1,1.0,1.0
201000012027,0010-04-25 16:30:00,10,4,25,16,30,40,145,,,,Plein jour,Hors agglomération,Hors intersection,Pluie légère,Deux véhicules - frontale,,,,,,,,,,,1,1,1,2.0,1.0
201000012028,0010-06-09 10:00:00,10,6,9,10,0,40,200,,,,Plein jour,Hors agglomération,Hors intersection,Normale,Autre collision,,,,,,,,,,,1,1,1,1.0,6.0
201000012029,0010-06-20 16:45:00,10,6,20,16,45,40,79,,,,Plein jour,Hors agglomération,Hors intersection,Normale,Deux véhicules - côté,,,,,,,,,,,1,1,1,1.0,3.0
201000012030,0010-09-07 15:45:00,10,9,7,15,45,40,49,Carrefour Saint Jean,,,Plein jour,En agglomération,Hors intersection,Normale,Deux véhicules - frontale,,,,,,,,,,,1,2,1,1.0,1.0
201000012031,0010-10-05 18:30:00,10,10,5,18,30,40,49,Croisement Faraday Paste,,,Plein jour,En agglomération,Hors intersection,Normale,Deux véhicules - côté,,,,,,,,,,,1,2,1,1.0,3.0
201000012032,0010-11-06 02:15:00,10,11,6,2,15,40,49,,,,Nuit avec éclairage allumé,Hors agglomération,Hors intersection,Normale,Autre collision,,,,,,,,,,,5,1,1,1.0,6.0
201000012033,0010-11-24 12:15:00,10,11,24,12,15,40,209,,,,Plein jour,Hors agglomération,Hors intersection,Normale,Deux véhicules - arrière,,,,,,,,,,,1,1,1,1.0,2.0
201000012034,0010-07-08 20:00:00,10,7,8,20,0,40,231,,44.269,5.98,Crépuscule ou aube,Hors agglomération,Hors intersection,Normale,Deux véhicules - frontale,,,,,,,,,,,2,1,1,1.0,1.0
201000012035,0010-07-12 14:30:00,10,7,12,14,30,40,222,Prè Domenge,44.403,6.171,Plein jour,En agglomération,Hors intersection,Normale,Autre collision,,,,,,,,,,,1,2,1,1.0,6.0
201000012036,0010-01-31 18:30:00,10,1,31,18,30,50,99,05400 Qtier La Beaumette,,,Nuit sans éclairage public,Hors agglomération,Hors intersection,Autre,Autre collision,,,,,,,,,,,3,1,1,9.0,6.0
201000012037,0010-08-20 11:00:00,10,8,20,11,0,50,179,VC DE LA DECHETTERIE,,,Plein jour,Hors agglomération,Intersection en T,Temps couvert,Autre collision,,,,,,,,,,,1,1,3,8.0,6.0
201000012038,0010-08-30 09:15:00,10,8,30,9,15,50,154,,,,Plein jour,Hors agglomération,Intersection en T,Pluie légère,Deux véhicules - côté,,,,,,,,,,,1,1,3,2.0,3.0
201000012039,0010-02-04 23:45:00,10,2,4,23,45,50,118,,,,Nuit sans éclairage public,Hors agglomération,Hors intersection,Pluie légère,Trois véhicules et plus - collisions multiples,,,,,,,,,,,3,1,1,2.0,5.0
201000012040,0010-03-18 07:00:00,10,3,18,7,0,50,172,hameau des Blaches,,,Crépuscule ou aube,Hors agglomération,Hors intersection,Temps couvert,Autre collision,,,,,,,,,,,2,1,1,8.0,6.0
201000012041,0010-04-10 23:30:00,10,4,10,23,30,50,70,Avenue des sports,,,Nuit avec éclairage allumé,En agglomération,Hors intersection,Normale,Autre collision,,,,,,,,,,,5,2,1,1.0,6.0
201000012042,0010-06-24 15:00:00,10,6,24,15,0,50,160,,,,Plein jour,Hors agglomération,Hors intersection,Normale,Autre collision,,,,,,,,,,,1,1,1,1.0,6.0
201000012043,0010-07-23 12:15:00,10,7,23,12,15,50,34,,,,Plein jour,Hors agglomération,Hors intersection,Normale,Deux véhicules - frontale,,,,,,,,,,,1,1,1,1.0,1.0
201000012044,0010-10-20 10:00:00,10,10,20,10,0,50,78,au droir D1085/D942,,,Plein jour,Hors agglomération,Hors intersection,Normale,Trois véhicules et plus - en chaîne,,,,,,,,,,,1,1,1,1.0,4.0
201000012045,0010-12-12 15:30:00,10,12,12,15,30,50,178,,,,Plein jour,Hors agglomération,Intersection en X,Normale,Trois véhicules et plus - collisions multiples,,,,,,,,,,,1,1,2,1.0,5.0
201000012046,0010-05-21 22:15:00,10,5,21,22,15,50,148,Pont du  saut du loup,,,Nuit sans éclairage public,Hors agglomération,Hors intersection,Normale,Autre collision,,,,,,,,,,,3,1,1,1.0,6.0
201000012047,0010-04-06 19:30:00,10,4,6,19,30,50,92,Pré Martel,,,Plein jour,Hors agglomération,Hors intersection,Normale,Deux véhicules - côté,,,,,,,,,,,1,1,1,1.0,3.0
201000012048,0010-04-10 04:30:00,10,4,10,4,30,50,162,inter centrale déviation,,,Nuit sans éclairage public,Hors agglomération,Hors intersection,Normale,Deux véhicules - côté,,,,,,,,,,,3,1,1,1.0,3.0
201000012049,0010-04-30 16:30:00,10,4,30,16,30,50,49,col d'Espéaux,,,Plein jour,Hors agglomération,Hors intersection,Temps couvert,Sans collision,,,,,,,,,,,1,1,1,8.0,7.0
201000012050,0010-06-25 17:00:00,10,6,25,17,0,50,176,,,,Plein jour,Hors agglomération,Hors intersection,Pluie légère,Deux véhicules - frontale,,,,,,,,,,,1,1,1,2.0,1.0
201000012051,0010-10-11 19:45:00,10,10,11,19,45,50,170,Le Petit Collet,,,Nuit sans éclairage public,Hors agglomération,Intersection en X,Normale,Deux véhicules - côté,,,,,,,,,,,3,1,2,1.0,3.0
201000012052,0010-12-22 18:00:00,10,12,22,18,0,50,176,Combeferre,,,Nuit sans éclairage public,Hors agglomération,Hors intersection,Pluie légère,Deux véhicules - frontale,,,,,,,,,,,3,1,1,2.0,1.0
201000012053,0010-08-18 22:30:00,10,8,18,22,30,50,166,,,,Nuit sans éclairage public,Hors agglomération,Hors intersection,Normale,Deux véhicules - frontale,,,,,,,,,,,3,1,1,1.0,1.0
201000012054,0010-05-13 12:50:00,10,5,13,12,50,50,10,Grange Neuve,,,Plein jour,Hors agglomération,Hors intersection,Normale,Autre collision,,,,,,,,,,,1,1,1,1.0,6.0
201000012055,0010-05-25 16:45:00,10,5,25,16,45,50,55,,,,Plein jour,Hors agglomération,Hors intersection,Normale,Autre collision,,,,,,,,,,,1,1,1,1.0,6.0
201000012056,0010-07-30 10:15:00,10,7,30,10,15,50,139,inter Le Collet,,,Plein jour,Hors agglomération,Intersection en T,Normale,Deux véhicules - côté,,,,,,,,,,,1,1,3,1.0,3.0
201000012057,0010-10-25 10:30:00,10,10,25,10,30,50,28,au droit inter D994 /D49,,,Plein jour,Hors agglomération,Hors intersection,Normale,Deux véhicules - frontale,,,,,,,,,,,1,1,1,1.0,1.0
201000012058,0010-12-21 07:15:00,10,12,21,7,15,50,99,La Beaumette,,,Crépuscule ou aube,Hors agglomération,Hors intersection,Temps couvert,Autre collision,,,,,,,,,,,2,1,1,8.0,6.0
201000012059,0010-06-30 15:30:00,10,6,30,15,30,50,27,,,,Plein jour,Hors agglomération,Hors intersection,Normale,Trois véhicules et plus - collisions multiples,,,,,,,,,,,1,1,1,1.0,5.0
201000012060,0010-07-16 18:15:00,10,7,16,18,15,50,122,,,,Plein jour,Hors agglomération,Intersection en T,Normale,Deux véhicules - côté,,,,,,,,,,,1,1,3,1.0,3.0
201000012061,0010-11-17 12:30:00,10,11,17,12,30,50,151,sortie agglo nor QUEYRIE,,,Plein jour,En agglomération,Hors intersection,Normale,Deux véhicules - frontale,,,,,,,,,,,1,2,1,1.0,1.0
201000012062,0010-06-13 20:15:00,10,6,13,20,15,50,181,Carrefour du Vannoir,,,Plein jour,En agglomération,Intersection en T,Normale,Deux véhicules - côté,,,,,,,,,,,1,2,3,1.0,3.0
201000012063,0010-02-18 17:00:00,10,2,18,17,0,50,161,MOULIN BARON,,,Plein jour,En agglomération,Hors intersection,Temps couvert,Trois véhicules et plus - collisions multiples,,,,,,,,,,,1,2,1,8.0,5.0
201000012064,0010-07-11 17:30:00,10,7,11,17,30,50,79,,,,Plein jour,Hors agglomération,Hors intersection,Normale,Sans collision,,,,,,,,,,,1,1,1,1.0,7.0
201000012065,0010-07-03 15:30:00,10,7,3,15,30,50,164,,,,Plein jour,Hors agglomération,Hors intersection,Normale,Trois véhicules et plus - collisions multiples,,,,,,,,,,,1,1,1,1.0,5.0
201000012066,0010-07-31 16:15:00,10,7,31,16,15,50,45,,,,Plein jour,Hors agglomération,Intersection en T,Normale,Trois véhicules et plus - collisions multiples,,,,,,,,,,,1,1,3,1.0,5.0
201000012067,0010-08-24 02:20:00,10,8,24,2,20,50,46,boulevard pasteur,,,Nuit avec éclairage allumé,En agglomération,Hors intersection,Normale,Autre collision,,,,,,,,,,,5,2,1,1.0,6.0
201000012068,0010-08-24 11:30:00,10,8,24,11,30,50,46,au niveau du créneau,,,Plein jour,Hors agglomération,Hors intersection,Normale,Trois véhicules et plus - collisions multiples,,,,,,,,,,,1,1,1,1.0,5.0