accident_id,datetime,annee,mois,jour,heure,minute,departement,commune_insee,adresse,latitude,longitude,luminosite,agglomeration,intersection,meteo,collision,nb_vehicules,nb_usagers,nb_indemnes,nb_tues,nb_blesses_hosp,nb_blesses_legers,age_cond_1,age_cond_2,veh_type_cond_1,veh_type_cond_2,lum_code,agg_code,int_code,atm_code,col_code
201000012069,0010-09-30 17:15:00,10,9,30,17,15,50,164,,,,Plein jour,Hors agglomération,Hors intersection,Normale,Sans collision,,,,,,,,,,,1,1,1,1.0,7.0
201000012070,0010-10-30 10:00:00,10,10,30,10,0,50,46,,,,Plein jour,Hors agglomération,Hors intersection,Normale,Deux véhicules - frontale,,,,,,,,,,,1,1,1,1.0,1.0
201000012071,0010-05-29 20:15:00,10,5,29,20,15,50,38,la fusine,,,Plein jour,Hors agglomération,Hors intersection,Normale,Autre collision,,,,,,,,,,,1,1,1,1.0,6.0
201000012072,0010-06-05 15:15:00,10,6,5,15,15,50,7,proche Parc stationnem,,,Plein jour,Hors agglomération,Hors intersection,Normale,Autre collision,,,,,,,,,,,1,1,1,1.0,6.0
201000012073,0010-08-23 13:30:00,10,8,23,13,30,50,77,descente du col Agnel,,,Plein jour,Hors agglomération,Hors intersection,Normale,Autre collision,,,,,,,,,,,1,1,1,1.0,6.0
201000012074,0010-06-21 12:45:00,10,6,21,12,45,50,106,N94/D109,,,Plein jour,Hors agglomération,Intersection en T,Normale,Deux véhicules - arrière,,,,,,,,,,,1,1,3,1.0,2.0
201000012075,0010-08-28 23:30:00,10,8,28,23,30,50,106,,,,Nuit sans éclairage public,Hors agglomération,Hors intersection,Normale,Deux véhicules - frontale,,,,,,,,,,,3,1,1,1.0,1.0
201000012076,0010-09-08 20:30:00,10,9,8,20,30,50,40,,,,Nuit sans éclairage public,Hors agglomération,Hors intersection,Normale,Trois véhicules et plus - collisions multiples,,,,,,,,,,,3,1,1,1.0,5.0
201000012077,0010-04-13 23:00:00,10,4,13,23,0,50,65,proche rondpointMartinet,,,Nuit sans éclairage public,Hors agglomération,Hors intersection,Normale,Trois véhicules et plus - collisions multiples,,,,,,,,,,,3,1,1,1.0,5.0
201000012078,0010-08-23 12:30:00,10,8,23,12,30,50,65,,,,Plein jour,Hors agglomération,Intersection en T,Normale,Deux véhicules - côté,,,,,,,,,,,1,1,3,1.0,3.0
201000012079,0010-08-28 13:00:00,10,8,28,13,0,50,177,montée du col de Vars,,,Plein jour,Hors agglomération,Hors intersection,Normale,Autre collision,,,,,,,,,,,1,1,1,1.0,6.0
201000012080,0010-12-07 07:30:00,10,12,7,7,30,50,136,,,,Crépuscule ou aube,Hors agglomération,Hors intersection,Temps couvert,Deux véhicules - frontale,,,,,,,,,,,2,1,1,8.0,1.0
201000012081,0010-02-16 19:00:00,10,2,16,19,0,60,19,RD 2204 PK 10+500,,,Nuit avec éclairage allumé,En agglomération,Hors intersection,Normale,Deux véhicules - côté,,,,,,,,,,,5,2,1,1.0,3.0
201000012082,0010-03-17 08:45:00,10,3,17,8,45,60,14,,43.846,7.295,Plein jour,Hors agglomération,Hors intersection,Normale,Deux véhicules - frontale,,,,,,,,,,,1,1,1,1.0,1.0
201000012083,0010-04-23 07:00:00,10,4,23,7,0,60,43,,43.863,7.291,Crépuscule ou aube,Hors agglomération,Hors intersection,Pluie légère,Deux véhicules - frontale,,,,,,,,,,,2,1,1,2.0,1.0
201000012084,0010-05-15 18:30:00,10,5,15,18,30,60,48,495 ROUTE DE LA VERNEA,43.805,7.326,Plein jour,En agglomération,Hors intersection,Normale,Autre collision,,,,,,,,,,,1,2,1,1.0,6.0
201000012085,0010-05-15 18:00:00,10,5,15,18,0,60,54,,43.773,7.333,Plein jour,Hors agglomération,Hors intersection,Normale,Deux véhicules - côté,,,,,,,,,,,1,1,1,1.0,3.0
201000012086,0010-06-11 08:15:00,10,6,11,8,15,60,48,PK,,,Plein jour,En agglomération,Hors intersection,Normale,Deux véhicules - frontale,,,,,,,,,,,1,2,1,1.0,1.0
201000012087,0010-06-21 21:45:00,10,6,21,21,45,60,48,Chemin du Pilon,43.807,7.324,Nuit avec éclairage allumé,En agglomération,Hors intersection,Normale,Autre collision,,,,,,,,,,,5,2,1,1.0,6.0
201000012088,0010-06-24 20:15:00,10,6,24,20,15,60,15,,43.833,7.335,Plein jour,Hors agglomération,Hors intersection,Normale,Deux véhicules - frontale,,,,,,,,,,,1,1,1,1.0,1.0
201000012089,0010-06-29 14:00:00,10,6,29,14,0,60,48,,43.818,7.338,Plein jour,Hors agglomération,Hors intersection,Normale,Deux véhicules - frontale,,,,,,,,,,,1,1,1,1.0,1.0
201000012090,0010-06-29 18:30:00,10,6,29,18,30,60,48,route de sclos,43.823,7.324,Plein jour,En agglomération,Hors intersection,Normale,Autre collision,,,,,,,,,,,1,2,1,1.0,6.0
201000012091,0010-06-30 15:30:00,10,6,30,15,30,60,48,AVENUE CELESCHI,43.834,7.3,Plein jour,En agglomération,Hors intersection,Normale,Trois véhicules et plus - collisions multiples,,,,,,,,,,,1,2,1,1.0,5.0
201000012092,0010-07-04 15:00:00,10,7,4,15,0,60,48,chemin de barella,43.798,7.327,Plein jour,En agglomération,Hors intersection,Normale,Deux véhicules - frontale,,,,,,,,,,,1,2,1,1.0,1.0
201000012093,0010-07-10 17:15:00,10,7,10,17,15,60,54,Rond point de Peille,43.772,7.333,Plein jour,En agglomération,Giratoire,Normale,Deux véhicules - côté,,,,,,,,,,,1,2,6,1.0,3.0
201000012094,0010-07-16 07:45:00,10,7,16,7,45,60,48,,,,Plein jour,Hors agglomération,Hors intersection,Normale,Sans collision,,,,,,,,,,,1,1,1,1.0,7.0
201000012095,0010-08-26 05:30:00,10,8,26,5,30,60,48,,43.797,7.33,Nuit avec éclairage allumé,En agglomération,Hors intersection,Normale,Autre collision,,,,,,,,,,,5,2,1,1.0,6.0
201000012096,0010-09-21 14:15:00,10,9,21,14,15,60,48,,43.806,7.326,Plein jour,Hors agglomération,Hors intersection,Normale,Deux véhicules - frontale,,,,,,,,,,,1,1,1,1.0,1.0
201000012097,0010-10-28 09:00:00,10,10,28,9,0,60,48,,,,Plein jour,Hors agglomération,Hors intersection,Normale,Trois véhicules et plus - en chaîne,,,,,,,,,,,1,1,1,1.0,4.0
201000012098,0010-01-29 01:45:00,10,1,29,1,45,60,91,,,,Nuit sans éclairage public,Hors agglomération,Hors intersection,Normale,Autre collision,,,,,,,,,,,3,1,1,1.0,6.0
201000012099,0010-02-05 22:45:00,10,2,5,22,45,60,142,,,,Nuit sans éclairage public,Hors agglomération,Hors intersection,Normale,Autre collision,,,,,,,,,,,3,1,1,1.0,6.0
201000012100,0010-02-08 22:30:00,10,2,8,22,30,60,48,,,,Nuit avec éclairage allumé,Hors agglomération,Giratoire,Normale,Autre collision,,,,,,,,,,,5,1,6,1.0,6.0
201000012101,0010-02-17 22:15:00,10,2,17,22,15,60,48,,,,Nuit avec éclairage allumé,Hors agglomération,Hors intersection,Pluie forte,Autre collision,,,,,,,,,,,5,1,1,3.0,6.0
201000012102,0010-02-28 13:00:00,10,2,28,13,0,60,91,RD 53 PK 5+900,,,Plein jour,En agglomération,Hors intersection,Normale,Deux véhicules - frontale,,,,,,,,,,,1,2,1,1.0,1.0
201000012103,0010-03-25 21:40:00,10,3,25,21,40,60,77,,,,Nuit sans éclairage public,Hors agglomération,Hors intersection,Normale,Deux véhicules - frontale,,,,,,,,,,,3,1,1,1.0,1.0
201000012104,0010-03-31 11:15:00,10,3,31,11,15,60,91,,,,Plein jour,Hors agglomération,Hors intersection,Normale,Deux véhicules - frontale,,,,,,,,,,,1,1,1,1.0,1.0
201000012105,0010-04-01 08:00:00,10,4,1,8,0,60,91,,,,Plein jour,Hors agglomération,Hors intersection,Pluie légère,Deux véhicules - frontale,,,,,,,,,,,1,1,1,2.0,1.0
201000012106,0010-04-01 11:30:00,10,4,1,11,30,60,57,chemin de l'ABAGUIER,,,Plein jour,En agglomération,Hors intersection,Normale,Deux véhicules - frontale,,,,,,,,,,,1,2,1,1.0,1.0
201000012107,0010-04-04 04:00:00,10,4,4,4,0,60,19,,,,Nuit avec éclairage allumé,Hors agglomération,Hors intersection,Normale,Autre collision,,,,,,,,,,,5,1,1,1.0,6.0
201000012108,0010-05-22 12:15:00,10,5,22,12,15,60,91,,,,Plein jour,Hors agglomération,Hors intersection,Normale,Deux véhicules - frontale,,,,,,,,,,,1,1,1,1.0,1.0
201000012109,0010-05-22 16:45:00,10,5,22,16,45,60,77,,,,Plein jour,Hors agglomération,Hors intersection,Normale,Deux véhicules - côté,,,,,,,,,,,1,1,1,1.0,3.0
201000012110,0010-05-22 15:00:00,10,5,22,15,0,60,91,,,,Plein jour,Hors agglomération,Hors intersection,Normale,Autre collision,,,,,,,,,,,1,1,1,1.0,6.0
201000012111,0010-06-25 17:30:00,10,6,25,17,30,60,92,,,,Plein jour,Hors agglomération,Hors intersection,Normale,Deux véhicules - frontale,,,,,,,,,,,1,1,1,1.0,1.0
201000012112,0010-06-24 06:15:00,10,6,24,6,15,60,91,,,,Plein jour,Hors agglomération,Hors intersection,Normale,Deux véhicules - frontale,,,,,,,,,,,1,1,1,1.0,1.0
201000012113,0010-07-16 16:00:00,10,7,16,16,0,60,92,,,,Plein jour,Hors agglomération,Hors intersection,Normale,Deux véhicules - frontale,,,,,,,,,,,1,1,1,1.0,1.0
201000012114,0010-08-16 17:15:00,10,8,16,17,15,60,92,RD21 LIEU DIT STE THECLE,,,Plein jour,En agglomération,Hors intersection,Normale,Autre collision,,,,,,,,,,,1,2,1,1.0,6.0
201000012115,0010-08-22 19:00:00,10,8,22,19,0,60,77,,,,Plein jour,Hors agglomération,Hors intersection,Normale,Deux véhicules - arrière,,,,,,,,,,,1,1,1,1.0,2.0
201000012116,0010-08-24 17:15:00,10,8,24,17,15,60,91,,,,Plein jour,Hors agglomération,Hors intersection,Normale,Sans collision,,,,,,,,,,,1,1,1,1.0,7.0
201000012117,0010-08-22 17:45:00,10,8,22,17,45,60,57,,,,Plein jour,Hors agglomération,Hors intersection,Normale,Trois véhicules et plus - collisions multiples,,,,,,,,,,,1,1,1,1.0,5.0
201000012118,0010-12-24 18:30:00,10,12,24,18,30,60,57,chemin de l'alberetta,,,Nuit sans éclairage public,En agglomération,Hors intersection,Brouillard / fumée,Autre collision,,,,,,,,,,,3,2,1,5.0,6.0
201000012119,0010-03-06 19:00:00,10,3,6,19,0,60,114,,43.744,7.292,Nuit sans éclairage public,Hors agglomération,Hors intersection,Normale,Deux véhicules - frontale,,,,,,,,,,,3,1,1,1.0,1.0
201000012120,0010-04-17 17:30:00,10,4,17,17,30,60,75,,,,Plein jour,Hors agglomération,Hors intersection,Normale,Autre collision,,,,,,,,,,,1,1,1,1.0,6.0
201000012121,0010-06-08 20:30:00,10,6,8,20,30,60,114,4522 route de l'abadie,,,Plein jour,En agglomération,Hors intersection,Normale,Deux véhicules - frontale,,,,,,,,,,,1,2,1,1.0,1.0
201000012122,0010-08-29 13:30:00,10,8,29,13,30,60,117,,,,Plein jour,Hors agglomération,Hors intersection,Normale,Trois véhicules et plus - collisions multiples,,,,,,,,,,,1,1,1,1.0,5.0
201000012123,0010-09-17 07:30:00,10,9,17,7,30,60,147,,43.789,7.273,Crépuscule ou aube,Hors agglomération,Hors intersection,Pluie légère,Deux véhicules - frontale,,,,,,,,,,,2,1,1,2.0,1.0
201000012124,0010-05-20 23:00:00,10,5,20,23,0,60,74,,,,Nuit sans éclairage public,Hors agglomération,Hors intersection,Temps couvert,Autre collision,,,,,,,,,,,3,1,1,8.0,6.0
201000012125,0010-08-08 11:15:00,10,8,8,11,15,60,127,,,,Plein jour,Hors agglomération,Hors intersection,Temps éblouissant,Deux véhicules - arrière,,,,,,,,,,,1,1,1,7.0,2.0
201000012126,0010-09-26 17:15:00,10,9,26,17,15,60,20,,,,Plein jour,Hors agglomération,Hors intersection,Normale,Sans collision,,,,,,,,,,,1,1,1,1.0,7.0
201000012127,0010-12-15 16:30:00,10,12,15,16,30,60,74,,,,Plein jour,Hors agglomération,Hors intersection,Temps couvert,Deux véhicules - frontale,,,,,,,,,,,1,1,1,8.0,1.0
201000012128,0010-01-28 12:30:00,10,1,28,12,30,60,149,boulevard Suarez,43.746,7.315,Plein jour,En agglomération,Autre intersection,Normale,Deux véhicules - côté,,,,,,,,,,,1,2,9,1.0,3.0
201000012129,0010-03-07 20:30:00,10,3,7,20,30,60,149,,,,Nuit avec éclairage allumé,Hors agglomération,Hors intersection,Normale,Autre collision,,,,,,,,,,,5,1,1,1.0,6.0
201000012130,0010-07-09 07:30:00,10,7,9,7,30,60,149,route de laghuet,,,Plein jour,En agglomération,Hors intersection,Normale,Deux véhicules - côté,,,,,,,,,,,1,2,1,1.0,3.0
201000012131,0010-08-31 08:30:00,10,8,31,8,30,60,149,,,,Plein jour,Hors agglomération,Hors intersection,Temps éblouissant,Deux véhicules - côté,,,,,,,,,,,1,1,1,7.0,3.0
201000012132,0010-08-31 11:00:00,10,8,31,11,0,60,54,2 AV GENERAL DE GAULLE,,,Plein jour,En agglomération,Giratoire,Temps éblouissant,Autre collision,,,,,,,,,,,1,2,6,7.0,6.0
201000012133,0010-10-03 15:00:00,10,10,3,15,0,60,149,pénétrante du paillon,,,Plein jour,En agglomération,Hors intersection,Normale,Deux véhicules - frontale,,,,,,,,,,,1,2,1,1.0,1.0
201000012134,0010-10-30 19:15:00,10,10,30,19,15,60,149,21 bld du gal de gaulle,,,Nuit avec éclairage allumé,En agglomération,Hors intersection,Pluie légère,Autre collision,,,,,,,,,,,5,2,1,2.0,6.0
201000012135,0010-11-08 00:30:00,10,11,8,0,30,60,149,rond-point de l'Oli,,,Nuit avec éclairage allumé,En agglomération,Giratoire,Normale,Autre collision,,,,,,,,,,,5,2,6,1.0,6.0
201000012136,0010-12-05 18:15:00,10,12,5,18,15,60,149,,,,Nuit avec éclairage non allumé,Hors agglomération,Hors intersection,Pluie légère,Deux véhicules - côté,,,,,,,,,,,4,1,1,2.0,3.0
201000012137,0010-04-07 16:15:00,10,4,7,16,15,60,11,Bld Maréchal LECLERC,,,Plein jour,En agglomération,Giratoire,Normale,Deux véhicules - arrière,,,,,,,,,,,1,2,6,1.0,2.0
201000012138,0010-06-06 00:45:00,10,6,6,0,45,60,11,RD6098 PK48,,,Nuit avec éclairage allumé,En agglomération,Hors intersection,Normale,Autre collision,,,,,,,,,,,5,2,1,1.0,6.0
201000012139,0010-10-22 19:00:00,10,10,22,19,0,60,11,avenue Paul Déroulède,,,Nuit avec éclairage allumé,En agglomération,Hors intersection,Normale,Deux véhicules - côté,,,,,,,,,,,5,2,1,1.0,3.0
201000012140,0010-01-16 17:30:00,10,1,16,17,30,60,161,RD6007 FACE COURTEPAILLE,,,Plein jour,En agglomération,Hors intersection,Normale,Trois véhicules et plus - collisions multiples,,,,,,,,,,,1,2,1,1.0,5.0
201000012141,0010-02-06 18:45:00,10,2,6,18,45,60,161,,,,Nuit avec éclairage allumé,En agglomération,Hors intersection,Normale,Deux véhicules - côté,,,,,,,,,,,5,2,1,1.0,3.0
201000012142,0010-01-31 17:00:00,10,1,31,17,0,60,161,RD 6007,43.631,7.132,Plein jour,En agglomération,Hors intersection,Normale,Deux véhicules - arrière,,,,,,,,,,,1,2,1,1.0,2.0
201000012143,0010-02-15 13:45:00,10,2,15,13,45,60,161,avenue de la libération,,,Plein jour,En agglomération,Hors intersection,Normale,Sans collision,,,,,,,,,,,1,2,1,1.0,7.0
201000012144,0010-03-05 18:30:00,10,3,5,18,30,60,161,"rn 6007, face massa",,,Plein jour,En agglomération,Hors intersection,Normale,Deux véhicules - côté,,,,,,,,,,,1,2,1,1.0,3.0
201000012145,0010-03-28 11:00:00,10,3,28,11,0,60,161,D.6007,,,Plein jour,En agglomération,Hors intersection,Normale,Deux véhicules - côté,,,,,,,,,,,1,2,1,1.0,3.0
201000012146,0010-04-04 16:00:00,10,4,4,16,0,60,44,1716 Bld pierre sauvaigo,43.687,7.117,Plein jour,En agglomération,Hors intersection,Pluie légère,Deux véhicules - frontale,,,,,,,,,,,1,2,1,2.0,1.0
201000012147,0010-04-17 04:30:00,10,4,17,4,30,60,161,rd 6098,,,Nuit avec éclairage allumé,En agglomération,Hors intersection,Normale,Autre collision,,,,,,,,,,,5,2,1,1.0,6.0
201000012148,0010-04-27 11:00:00,10,4,27,11,0,60,161,845 Av du Dr Julien Lefe,,,Plein jour,En agglomération,Hors intersection,Normale,Deux véhicules - frontale,,,,,,,,,,,1,2,1,1.0,1.0
201000012149,0010-05-08 23:00:00,10,5,8,23,0,60,161,,,,Nuit avec éclairage allumé,Hors agglomération,Hors intersection,Normale,Autre collision,,,,,,,,,,,5,1,1,1.0,6.0
201000012150,0010-05-28 16:15:00,10,5,28,16,15,60,161,,43.632,7.133,Plein jour,Hors agglomération,Hors intersection,Temps couvert,Deux véhicules - côté,,,,,,,,,,,1,1,1,8.0,3.0
201000012151,0010-06-02 05:00:00,10,6,2,5,0,60,161,RD 6007,,,Crépuscule ou aube,En agglomération,Hors intersection,Normale,Deux véhicules - arrière,,,,,,,,,,,2,2,1,1.0,2.0
201000012152,0010-06-07 09:00:00,10,6,7,9,0,60,161,RD 6007,,,Plein jour,En agglomération,Hors intersection,Normale,Deux véhicules - frontale,,,,,,,,,,,1,2,1,1.0,1.0
201000012153,0010-06-02 08:30:00,10,6,2,8,30,60,161,RD6007 - PK28+800,,,Plein jour,En agglomération,Hors intersection,Normale,Autre collision,,,,,,,,,,,1,2,1,1.0,6.0
201000012154,0010-06-09 16:30:00,10,6,9,16,30,60,44,,,,Plein jour,Hors agglomération,Hors intersection,Normale,Deux véhicules - côté,,,,,,,,,,,1,1,1,1.0,3.0
201000012155,0010-06-12 16:30:00,10,6,12,16,30,60,161,Route nationale 7,,,Plein jour,En agglomération,Autre intersection,Normale,Deux véhicules - côté,,,,,,,,,,,1,2,9,1.0,3.0
201000012156,0010-06-23 12:00:00,10,6,23,12,0,60,161,RD6098 villeneuve loubet,,,Plein jour,En agglomération,Hors intersection,Normale,Deux véhicules - côté,,,,,,,,,,,1,2,1,1.0,3.0
201000012157,0010-06-28 16:45:00,10,6,28,16,45,60,161,,,,Plein jour,En agglomération,Hors intersection,Normale,Deux véhicules - côté,,,,,,,,,,,1,2,1,1.0,3.0
201000012158,0010-06-28 17:30:00,10,6,28,17,30,60,161,,,,Plein jour,Hors agglomération,Hors intersection,Normale,Deux véhicules - côté,,,,,,,,,,,1,1,1,1.0,3.0
201000012159,0010-07-01 12:30:00,10,7,1,12,30,60,161,RD 6007,43.65,7.14,Plein jour,En agglomération,Hors intersection,Normale,Deux véhicules - côté,,,,,,,,,,,1,2,1,1.0,3.0
201000012160,0010-07-04 17:15:00,10,7,4,17,15,60,161,,,,Plein jour,Hors agglomération,Hors intersection,Normale,Deux véhicules - côté,,,,,,,,,,,1,1,1,1.0,3.0
201000012161,0010-07-13 20:30:00,10,7,13,20,30,60,161,RD 6007,43.637,7.135,Plein jour,En agglomération,Hors intersection,Normale,Deux véhicules - frontale,,,,,,,,,,,1,2,1,1.0,1.0
201000012162,0010-07-19 09:00:00,10,7,19,9,0,60,44,,43.693,7.106,Plein jour,Hors agglomération,Hors intersection,Normale,Deux véhicules - frontale,,,,,,,,,,,1,1,1,1.0,1.0
201000012163,0010-07-20 13:30:00,10,7,20,13,30,60,161,RD6007,,,Plein jour,En agglomération,Hors intersection,Normale,Deux véhicules - côté,,,,,,,,,,,1,2,1,1.0,3.0
201000012164,0010-07-19 17:15:00,10,7,19,17,15,60,44,Chemin des Allégres,43.694,7.106,Plein jour,En agglomération,Hors intersection,Normale,Autre collision,,,,,,,,,,,1,2,1,1.0,6.0
201000012165,0010-07-21 00:15:00,10,7,21,0,15,60,161,,43.647,7.145,Nuit avec éclairage allumé,En agglomération,Hors intersection,Normale,Trois véhicules et plus - en chaîne,,,,,,,,,,,5,2,1,1.0,4.0
201000012166,0010-07-28 11:30:00,10,7,28,11,30,60,44,,,,Plein jour,Hors agglomération,Hors intersection,Temps éblouissant,Deux véhicules - côté,,,,,,,,,,,1,1,1,7.0,3.0
201000012167,0010-08-02 15:00:00,10,8,2,15,0,60,161,RN7,,,Plein jour,En agglomération,Hors intersection,Normale,Deux véhicules - côté,,,,,,,,,,,1,2,1,1.0,3.0
201000012168,0010-08-11 10:45:00,10,8,11,10,45,60,161,,43.662,7.117,Plein jour,Hors agglomération,Autre intersection,Normale,Deux véhicules - côté,,,,,,,,,,,1,1,9,1.0,3.0
201000012169,0010-08-04 18:45:00,10,8,4,18,45,60,44,Route de Cagnes,43.688,7.112,Plein jour,En agglomération,Autre intersection,Normale,Deux véhicules - côté,,,,,,,,,,,1,2,9,1.0,3.0
201000012170,0010-08-19 19:30:00,10,8,19,19,30,60,161,avenue des rives,,,Crépuscule ou aube,En agglomération,Hors intersection,Normale,Deux véhicules - frontale,,,,,,,,,,,2,2,1,1.0,1.0
201000012171,0010-09-14 02:30:00,10,9,14,2,30,60,161,avenue de la libération,,,Nuit avec éclairage allumé,En agglomération,Hors intersection,Normale,Autre collision,,,,,,,,,,,5,2,1,1.0,6.0
201000012172,0010-09-25 10:30:00,10,9,25,10,30,60,161,RD6007,,,Plein jour,En agglomération,Hors intersection,Normale,Deux véhicules - côté,,,,,,,,,,,1,2,1,1.0,3.0
201000012173,0010-10-11 07:15:00,10,10,11,7,15,60,161,RD6098,43.644,7.141,Crépuscule ou aube,En agglomération,Hors intersection,Pluie légère,Deux véhicules - frontale,,,,,,,,,,,2,2,1,2.0,1.0
201000012174,0010-10-12 09:30:00,10,10,12,9,30,60,161,RD 6007,43.633,7.117,Plein jour,En agglomération,Hors intersection,Normale,Trois véhicules et plus - collisions multiples,,,,,,,,,,,1,2,1,1.0,5.0
201000012175,0010-11-10 08:15:00,10,11,10,8,15,60,161,,43.661,7.119,Plein jour,Hors agglomération,Hors intersection,Normale,Deux véhicules - frontale,,,,,,,,,,,1,1,1,1.0,1.0
201000012176,0010-12-02 08:45:00,10,12,2,8,45,60,161,,,,Plein jour,Hors agglomération,Hors intersection,Normale,Deux véhicules - frontale,,,,,,,,,,,1,1,1,1.0,1.0
201000012177,0010-12-09 16:45:00,10,12,9,16,45,60,161,,,,Plein jour,Hors agglomération,Hors intersection,Normale,Autre collision,,,,,,,,,,,1,1,1,1.0,6.0
201000012178,0010-01-12 17:15:00,10,1,12,17,15,60,108,Bd du 8 mai RD 409,,,Crépuscule ou aube,En agglomération,Hors intersection,Normale,Deux véhicules - côté,,,,,,,,,,,2,2,1,1.0,3.0
201000012179,0010-01-13 07:15:00,10,1,13,7,15,60,7,"Route de Cannes, RD9",,,Crépuscule ou aube,En agglomération,Hors intersection,Pluie légère,Autre collision,,,,,,,,,,,2,2,1,2.0,6.0
201000012180,0010-01-18 17:30:00,10,1,18,17,30,60,79,avenue général De Gaulle,,,Plein jour,En agglomération,Hors intersection,Normale,Deux véhicules - côté,,,,,,,,,,,1,2,1,1.0,3.0
201000012181,0010-03-19 13:30:00,10,3,19,13,30,60,108,D9,,,Plein jour,En agglomération,Hors intersection,Normale,Deux véhicules - frontale,,,,,,,,,,,1,2,1,1.0,1.0
201000012182,0010-03-19 16:00:00,10,3,19,16,0,60,79,av. du général de Gaulle,,,Plein jour,En agglomération,Hors intersection,Normale,Deux véhicules - arrière,,,,,,,,,,,1,2,1,1.0,2.0
201000012183,0010-03-21 21:30:00,10,3,21,21,30,60,108,Avenue République,,,Nuit avec éclairage allumé,En agglomération,Hors intersection,Pluie forte,Autre collision,,,,,,,,,,,5,2,1,3.0,6.0
201000012184,0010-03-24 16:30:00,10,3,24,16,30,60,108,Avenue de la République,,,Plein jour,En agglomération,Hors intersection,Normale,Deux véhicules - côté,,,,,,,,,,,1,2,1,1.0,3.0
201000012185,0010-03-27 16:00:00,10,3,27,16,0,60,90,avenue Frédéric Mistral,,,Plein jour,En agglomération,Hors intersection,Normale,Sans collision,,,,,,,,,,,1,2,1,1.0,7.0
201000012186,0010-05-02 16:30:00,10,5,2,16,30,60,138,,,,Plein jour,Hors agglomération,Hors intersection,Normale,Deux véhicules - côté,,,,,,,,,,,1,1,1,1.0,3.0
201000012187,0010-05-10 15:00:00,10,5,10,15,0,60,108,Avenue de la république,,,Plein jour,En agglomération,Hors intersection,Normale,Deux véhicules - côté,,,,,,,,,,,1,2,1,1.0,3.0
201000012188,0010-05-17 18:30:00,10,5,17,18,30,60,138,,,,Plein jour,Hors agglomération,Hors intersection,Normale,Deux véhicules - frontale,,,,,,,,,,,1,1,1,1.0,1.0
201000012189,0010-05-25 14:45:00,10,5,25,14,45,60,79,400 rue Jean Monnet,,,Plein jour,En agglomération,Hors intersection,Temps éblouissant,Autre collision,,,,,,,,,,,1,2,1,7.0,6.0
201000012190,0010-05-30 15:30:00,10,5,30,15,30,60,79,"Bd. des Ecureuills, IBIS",,,Plein jour,En agglomération,Hors intersection,Normale,Deux véhicules - frontale,,,,,,,,,,,1,2,1,1.0,1.0
201000012191,0010-06-01 08:30:00,10,6,1,8,30,60,108,545CHEMIN DE LA COMMUNE,,,Plein jour,En agglomération,Hors intersection,Normale,Autre collision,,,,,,,,,,,1,2,1,1.0,6.0
201000012192,0010-06-26 11:15:00,10,6,26,11,15,60,90,croisement d109 - d309,,,Plein jour,En agglomération,Hors intersection,Normale,Deux véhicules - arrière,,,,,,,,,,,1,2,1,1.0,2.0
201000012193,0010-07-05 10:15:00,10,7,5,10,15,60,90,,,,Plein jour,Hors agglomération,Hors intersection,Normale,Autre collision,,,,,,,,,,,1,1,1,1.0,6.0
201000012194,0010-07-09 12:30:00,10,7,9,12,30,60,90,,,,Plein jour,En agglomération,Hors intersection,Normale,Deux véhicules - frontale,,,,,,,,,,,1,2,1,1.0,1.0
201000012195,0010-07-19 08:45:00,10,7,19,8,45,60,7,route de Cannes,,,Plein jour,En agglomération,Hors intersection,Normale,Autre collision,,,,,,,,,,,1,2,1,1.0,6.0
201000012196,0010-07-21 03:00:00,10,7,21,3,0,60,79,1038 avenue de Frejus,,,Nuit avec éclairage allumé,En agglomération,Hors intersection,Normale,Deux véhicules - frontale,,,,,,,,,,,5,2,1,1.0,1.0
201000012197,0010-08-05 09:30:00,10,8,5,9,30,60,79,,,,Plein jour,Hors agglomération,Hors intersection,Normale,Deux véhicules - frontale,,,,,,,,,,,1,1,1,1.0,1.0
201000012198,0010-08-11 15:45:00,10,8,11,15,45,60,90,1184 ROUTE DE GRASSE,,,Plein jour,En agglomération,Hors intersection,Normale,Deux véhicules - côté,,,,,,,,,,,1,2,1,1.0,3.0
201000012199,0010-08-16 21:15:00,10,8,16,21,15,60,138,,,,Nuit avec éclairage allumé,Hors agglomération,Hors intersection,Normale,Deux véhicules - côté,,,,,,,,,,,5,1,1,1.0,3.0
201000012200,0010-08-31 15:45:00,10,8,31,15,45,60,108,2160 av de la republique,,,Plein jour,En agglomération,Hors intersection,Normale,Deux véhicules - arrière,,,,,,,,,,,1,2,1,1.0,2.0
201000012201,0010-09-16 10:30:00,10,9,16,10,30,60,79,Chemin de la Levade,,,Plein jour,En agglomération,Hors intersection,Normale,Deux véhicules - frontale,,,,,,,,,,,1,2,1,1.0,1.0