accident_id,datetime,annee,mois,jour,heure,minute,departement,commune_insee,adresse,latitude,longitude,luminosite,agglomeration,intersection,meteo,collision,nb_vehicules,nb_usagers,nb_indemnes,nb_tues,nb_blesses_hosp,nb_blesses_legers,age_cond_1,age_cond_2,veh_type_cond_1,veh_type_cond_2,lum_code,agg_code,int_code,atm_code,col_code
201000012202,0010-09-20 07:30:00,10,9,20,7,30,60,108,boulevard de la Républiq,,,Plein jour,En agglomération,Hors intersection,Normale,Deux véhicules - côté,,,,,,,,,,,1,2,1,1.0,3.0
201000012203,0010-10-20 07:15:00,10,10,20,7,15,60,79,bd gaston de fontmichel,,,Nuit sans éclairage public,En agglomération,Hors intersection,Normale,Deux véhicules - frontale,,,,,,,,,,,3,2,1,1.0,1.0
201000012204,0010-10-23 09:30:00,10,10,23,9,30,60,138,,,,Plein jour,Hors agglomération,Hors intersection,Normale,Autre collision,,,,,,,,,,,1,1,1,1.0,6.0
201000012205,0010-10-25 17:00:00,10,10,25,17,0,60,90,avenue de GRASSE,,,Plein jour,En agglomération,Hors intersection,Pluie légère,Deux véhicules - frontale,,,,,,,,,,,1,2,1,2.0,1.0
201000012206,0010-11-12 17:45:00,10,11,12,17,45,60,79,601 avenue de Fréjus,,,Nuit avec éclairage allumé,En agglomération,Hors intersection,Normale,Autre collision,,,,,,,,,,,5,2,1,1.0,6.0
201000012207,0010-11-30 07:45:00,10,11,30,7,45,60,79,Avenue des anciens comba,,,Crépuscule ou aube,En agglomération,Hors intersection,Normale,Deux véhicules - frontale,,,,,,,,,,,2,2,1,1.0,1.0
201000012208,0010-12-09 15:15:00,10,12,9,15,15,60,79,,,,Plein jour,Hors agglomération,Hors intersection,Normale,Deux véhicules - frontale,,,,,,,,,,,1,1,1,1.0,1.0
201000012209,0010-02-08 09:45:00,10,2,8,9,45,60,95,61 Avenue de Boutiny,,,Plein jour,En agglomération,Hors intersection,Normale,Autre collision,,,,,,,,,,,1,2,1,1.0,6.0
201000012210,0010-02-28 15:45:00,10,2,28,15,45,60,140,,,,Plein jour,Hors agglomération,Hors intersection,Normale,Deux véhicules - frontale,,,,,,,,,,,1,1,1,1.0,1.0
201000012211,0010-04-02 19:30:00,10,4,2,19,30,60,95,Route de DRAGUIGNAN,,,Plein jour,En agglomération,Hors intersection,Normale,Deux véhicules - frontale,,,,,,,,,,,1,2,1,1.0,1.0
201000012212,0010-01-14 11:15:00,10,1,14,11,15,60,58,CD6085 PK17.5,,,Plein jour,En agglomération,Hors intersection,Neige / grêle,Deux véhicules - frontale,,,,,,,,,,,1,2,1,4.0,1.0
201000012213,0010-01-29 23:45:00,10,1,29,23,45,60,154,"lieu dit ""LA FERRIERE""",,,Nuit sans éclairage public,En agglomération,Hors intersection,Normale,Autre collision,,,,,,,,,,,3,2,1,1.0,6.0
201000012214,0010-06-13 18:30:00,10,6,13,18,30,60,3,,,,Plein jour,Hors agglomération,Hors intersection,Normale,Autre collision,,,,,,,,,,,1,1,1,1.0,6.0
201000012215,0010-07-10 11:45:00,10,7,10,11,45,60,134,,,,Plein jour,Hors agglomération,Hors intersection,Normale,Deux véhicules - frontale,,,,,,,,,,,1,1,1,1.0,1.0
201000012216,0010-08-05 15:45:00,10,8,5,15,45,60,45,,,,Plein jour,Hors agglomération,Hors intersection,Normale,Sans collision,,,,,,,,,,,1,1,1,1.0,7.0
201000012217,0010-08-09 21:15:00,10,8,9,21,15,60,134,"RD 86 PK0,250",,,Crépuscule ou aube,En agglomération,Hors intersection,Normale,Autre collision,,,,,,,,,,,2,2,1,1.0,6.0
201000012218,0010-09-11 17:00:00,10,9,11,17,0,60,28,,43.769,6.775,Plein jour,Hors agglomération,Hors intersection,Normale,Deux véhicules - frontale,,,,,,,,,,,1,1,1,1.0,1.0
201000012219,0010-01-17 12:00:00,10,1,17,12,0,60,157,,,,Plein jour,Hors agglomération,Hors intersection,Normale,Deux véhicules - frontale,,,,,,,,,,,1,1,1,1.0,1.0
201000012220,0010-03-10 22:15:00,10,3,10,22,15,60,157,500 chemin se colombe,,,Nuit avec éclairage allumé,En agglomération,Hors intersection,Normale,Autre collision,,,,,,,,,,,5,2,1,1.0,6.0
201000012221,0010-05-30 03:30:00,10,5,30,3,30,60,157,1613 route de Cagnes,43.717,7.131,Nuit avec éclairage allumé,En agglomération,Hors intersection,Normale,Sans collision,,,,,,,,,,,5,2,1,1.0,7.0
201000012222,0010-06-25 11:15:00,10,6,25,11,15,60,157,,43.735,7.114,Plein jour,Hors agglomération,Autre intersection,Temps éblouissant,Deux véhicules - côté,,,,,,,,,,,1,1,9,7.0,3.0
201000012223,0010-07-24 12:15:00,10,7,24,12,15,60,157,571 Avenue Rhin et Danub,43.728,7.101,Plein jour,En agglomération,Hors intersection,Normale,Deux véhicules - côté,,,,,,,,,,,1,2,1,1.0,3.0
201000012224,0010-09-09 14:30:00,10,9,9,14,30,60,157,Avenue Emile HUGUES,43.72,7.11,Plein jour,En agglomération,Hors intersection,Normale,Autre collision,,,,,,,,,,,1,2,1,1.0,6.0
201000012225,0010-09-13 16:30:00,10,9,13,16,30,60,157,,43.73,7.12,Plein jour,Hors agglomération,Hors intersection,Pluie légère,Deux véhicules - frontale,,,,,,,,,,,1,1,1,2.0,1.0
201000012226,0010-09-18 12:30:00,10,9,18,12,30,60,122,Chemin privé du stade,43.75,7.15,Plein jour,En agglomération,Hors intersection,Normale,Sans collision,,,,,,,,,,,1,2,1,1.0,7.0
201000012227,0010-09-19 17:45:00,10,9,19,17,45,60,157,,43.72,7.09,Plein jour,En agglomération,Hors intersection,Normale,Deux véhicules - frontale,,,,,,,,,,,1,2,1,1.0,1.0
201000012228,0010-10-26 10:00:00,10,10,26,10,0,60,157,Avenue Emile HUGUES,,,Plein jour,En agglomération,Hors intersection,Normale,Autre collision,,,,,,,,,,,1,2,1,1.0,6.0
201000012229,0010-11-23 13:45:00,10,11,23,13,45,60,65,,,,Plein jour,Hors agglomération,Hors intersection,Normale,Deux véhicules - frontale,,,,,,,,,,,1,1,1,1.0,1.0
201000012230,0010-12-07 21:30:00,10,12,7,21,30,60,128,,43.686,7.133,Nuit sans éclairage public,Hors agglomération,Hors intersection,Pluie légère,Sans collision,,,,,,,,,,,3,1,1,2.0,7.0
201000012231,0010-01-27 17:00:00,10,1,27,17,0,60,34,,,,Plein jour,Hors agglomération,Hors intersection,Normale,Deux véhicules - frontale,,,,,,,,,,,1,1,1,1.0,1.0
201000012232,0010-02-15 19:45:00,10,2,15,19,45,60,33,,,,Nuit sans éclairage public,Hors agglomération,Hors intersection,Pluie légère,Trois véhicules et plus - en chaîne,,,,,,,,,,,3,1,1,2.0,4.0
201000012233,0010-03-04 18:00:00,10,3,4,18,0,60,109,,,,Plein jour,Hors agglomération,Hors intersection,Normale,Deux véhicules - arrière,,,,,,,,,,,1,1,1,1.0,2.0
201000012234,0010-04-10 23:45:00,10,4,10,23,45,60,34,,,,Nuit sans éclairage public,Hors agglomération,Hors intersection,Normale,Autre collision,,,,,,,,,,,3,1,1,1.0,6.0
201000012235,0010-04-25 09:00:00,10,4,25,9,0,60,25,,,,Plein jour,Hors agglomération,Hors intersection,Normale,Trois véhicules et plus - collisions multiples,,,,,,,,,,,1,1,1,1.0,5.0
201000012236,0010-04-28 16:15:00,10,4,28,16,15,60,33,,,,Plein jour,Hors agglomération,Intersection en X,Normale,Deux véhicules - côté,,,,,,,,,,,1,1,2,1.0,3.0
201000012237,0010-06-08 22:00:00,10,6,8,22,0,60,46,43A route de Nice,,,Nuit avec éclairage allumé,En agglomération,Hors intersection,Normale,Sans collision,,,,,,,,,,,5,2,1,1.0,7.0
201000012238,0010-06-12 23:45:00,10,6,12,23,45,60,25,,,,Nuit sans éclairage public,Hors agglomération,Hors intersection,Normale,Autre collision,,,,,,,,,,,3,1,1,1.0,6.0
201000012239,0010-06-12 14:45:00,10,6,12,14,45,60,64,1870 route de la Baronne,,,Plein jour,En agglomération,Hors intersection,Normale,Deux véhicules - côté,,,,,,,,,,,1,2,1,1.0,3.0
201000012240,0010-06-18 17:30:00,10,6,18,17,30,60,46,,,,Plein jour,Hors agglomération,Autre intersection,Normale,Deux véhicules - côté,,,,,,,,,,,1,1,9,1.0,3.0
201000012241,0010-07-18 19:30:00,10,7,18,19,30,60,25,Place de la fontaine,,,Plein jour,En agglomération,Hors intersection,Normale,Autre collision,,,,,,,,,,,1,2,1,1.0,6.0
201000012242,0010-07-23 13:45:00,10,7,23,13,45,60,64,,,,Plein jour,En agglomération,Hors intersection,Normale,Deux véhicules - côté,,,,,,,,,,,1,2,1,1.0,3.0
201000012243,0010-08-18 12:45:00,10,8,18,12,45,60,64,Rond point de la Manda,,,Plein jour,En agglomération,Giratoire,Normale,Deux véhicules - côté,,,,,,,,,,,1,2,6,1.0,3.0
201000012244,0010-08-30 17:30:00,10,8,30,17,30,60,126,,,,Plein jour,Hors agglomération,Hors intersection,Normale,Deux véhicules - frontale,,,,,,,,,,,1,1,1,1.0,1.0
201000012245,0010-09-13 09:30:00,10,9,13,9,30,60,64,951 chemin de provence,,,Plein jour,En agglomération,Hors intersection,Normale,Autre collision,,,,,,,,,,,1,2,1,1.0,6.0
201000012246,0010-10-01 18:15:00,10,10,1,18,15,60,33,,,,Plein jour,Hors agglomération,Hors intersection,Normale,Deux véhicules - frontale,,,,,,,,,,,1,1,1,1.0,1.0
201000012247,0010-10-04 18:30:00,10,10,4,18,30,60,126,,,,Plein jour,Hors agglomération,Hors intersection,Pluie légère,Trois véhicules et plus - collisions multiples,,,,,,,,,,,1,1,1,2.0,5.0
201000012248,0010-10-26 14:30:00,10,10,26,14,30,60,33,3 rue de l'eusière,,,Plein jour,En agglomération,Hors intersection,Normale,Autre collision,,,,,,,,,,,1,2,1,1.0,6.0
201000012249,0010-11-13 02:30:00,10,11,13,2,30,60,46,,,,Nuit avec éclairage allumé,Hors agglomération,Hors intersection,Normale,Deux véhicules - arrière,,,,,,,,,,,5,1,1,1.0,2.0
201000012250,0010-02-11 18:30:00,10,2,11,18,30,60,36,,,,Nuit sans éclairage public,Hors agglomération,Hors intersection,Neige / grêle,Autre collision,,,,,,,,,,,3,1,1,4.0,6.0
201000012251,0010-08-23 15:45:00,10,8,23,15,45,60,36,,43.833,7.478,Plein jour,Hors agglomération,Hors intersection,Normale,Deux véhicules - frontale,,,,,,,,,,,1,1,1,1.0,1.0
201000012252,0010-08-29 10:45:00,10,8,29,10,45,60,91,,43.821,7.446,Plein jour,Hors agglomération,Hors intersection,Normale,Deux véhicules - frontale,,,,,,,,,,,1,1,1,1.0,1.0
201000012253,0010-11-29 07:45:00,10,11,29,7,45,60,36,,,,Plein jour,Hors agglomération,Hors intersection,Normale,Deux véhicules - frontale,,,,,,,,,,,1,1,1,1.0,1.0
201000012254,0010-12-10 11:30:00,10,12,10,11,30,60,136,,,,Plein jour,Hors agglomération,Hors intersection,Normale,Autre collision,,,,,,,,,,,1,1,1,1.0,6.0
201000012255,0010-05-01 16:45:00,10,5,1,16,45,60,905,,,,Plein jour,Hors agglomération,Hors intersection,Pluie forte,Deux véhicules - frontale,,,,,,,,,,,1,1,1,3.0,1.0
201000012256,0010-05-18 11:15:00,10,5,18,11,15,60,23,,,,Plein jour,Hors agglomération,Hors intersection,Normale,Sans collision,,,,,,,,,,,1,1,1,1.0,7.0
201000012257,0010-05-31 13:30:00,10,5,31,13,30,60,905,AVENUE DE FRANCE,,,Plein jour,En agglomération,Hors intersection,Normale,Deux véhicules - arrière,,,,,,,,,,,1,2,1,1.0,2.0
201000012258,0010-07-01 16:30:00,10,7,1,16,30,60,162,,,,Plein jour,Hors agglomération,Hors intersection,Normale,Autre collision,,,,,,,,,,,1,1,1,1.0,6.0
201000012259,0010-08-22 12:15:00,10,8,22,12,15,60,62,,,,Plein jour,Hors agglomération,Hors intersection,Normale,Autre collision,,,,,,,,,,,1,1,1,1.0,6.0
201000012260,0010-08-23 06:45:00,10,8,23,6,45,60,905,,,,Crépuscule ou aube,Hors agglomération,Hors intersection,Normale,Deux véhicules - frontale,,,,,,,,,,,2,1,1,1.0,1.0
201000012261,0010-09-08 00:15:00,10,9,8,0,15,60,163,,,,Nuit avec éclairage non allumé,Hors agglomération,Hors intersection,Normale,Autre collision,,,,,,,,,,,4,1,1,1.0,6.0
201000012262,0010-09-10 12:30:00,10,9,10,12,30,60,23,,,,Plein jour,Hors agglomération,Hors intersection,Normale,Sans collision,,,,,,,,,,,1,1,1,1.0,7.0
201000012263,0010-09-28 16:00:00,10,9,28,16,0,60,163,Quartier St-Jacques,,,Plein jour,En agglomération,Hors intersection,Temps éblouissant,Sans collision,,,,,,,,,,,1,2,1,7.0,7.0
201000012264,0010-11-07 10:45:00,10,11,7,10,45,60,905,,,,Plein jour,Hors agglomération,Hors intersection,Normale,Autre collision,,,,,,,,,,,1,1,1,1.0,6.0
201000012265,0010-12-03 20:45:00,10,12,3,20,45,60,62,,,,Nuit sans éclairage public,Hors agglomération,Hors intersection,Normale,Autre collision,,,,,,,,,,,3,1,1,1.0,6.0
201000012266,0010-01-06 18:00:00,10,1,6,18,0,60,32,RD 6007 PK 60+970,,,Nuit sans éclairage public,En agglomération,Hors intersection,Normale,Autre collision,,,,,,,,,,,3,2,1,1.0,6.0
201000012267,0010-05-16 10:15:00,10,5,16,10,15,60,32,68 AV DU 3 SEPTEMBRE,,,Plein jour,En agglomération,Hors intersection,Normale,Trois véhicules et plus - collisions multiples,,,,,,,,,,,1,2,1,1.0,5.0
201000012268,0010-05-18 23:15:00,10,5,18,23,15,60,32,83 AV.DU 3 SEPTEMBRE,,,Nuit avec éclairage allumé,En agglomération,Hors intersection,Normale,Autre collision,,,,,,,,,,,5,2,1,1.0,6.0
201000012269,0010-07-19 09:15:00,10,7,19,9,15,60,32,2 avenue du 3 septembre,,,Plein jour,En agglomération,Hors intersection,Normale,Autre collision,,,,,,,,,,,1,2,1,1.0,6.0
201000012270,0010-07-19 12:15:00,10,7,19,12,15,60,32,,,,Plein jour,En agglomération,Hors intersection,Normale,Autre collision,,,,,,,,,,,1,2,1,1.0,6.0
201000012271,0010-07-29 17:15:00,10,7,29,17,15,60,59,,,,Plein jour,Hors agglomération,Hors intersection,Normale,Deux véhicules - arrière,,,,,,,,,,,1,1,1,1.0,2.0
201000012272,0010-08-31 22:30:00,10,8,31,22,30,60,150,45 ROUTE DE CAP D'AIL,,,Nuit avec éclairage allumé,En agglomération,Hors intersection,Normale,Autre collision,,,,,,,,,,,5,2,1,1.0,6.0
201000012273,0010-09-10 09:45:00,10,9,10,9,45,60,59,avenue des diables bleus,,,Plein jour,En agglomération,Hors intersection,Normale,Autre collision,,,,,,,,,,,1,2,1,1.0,6.0
201000012274,0010-09-15 08:30:00,10,9,15,8,30,60,32,RD6007 - PK59+700,,,Plein jour,En agglomération,Hors intersection,Normale,Trois véhicules et plus - collisions multiples,,,,,,,,,,,1,2,1,1.0,5.0
201000012275,0010-11-18 10:00:00,10,11,18,10,0,60,59,,,,Plein jour,Hors agglomération,Hors intersection,Pluie légère,Deux véhicules - frontale,,,,,,,,,,,1,1,1,2.0,1.0
201000012276,0010-12-23 14:00:00,10,12,23,14,0,60,59,,,,Plein jour,Hors agglomération,Hors intersection,Pluie forte,Sans collision,,,,,,,,,,,1,1,1,3.0,7.0
201000012277,0010-07-02 14:15:00,10,7,2,14,15,60,151,,,,Plein jour,Hors agglomération,Hors intersection,Normale,Deux véhicules - frontale,,,,,,,,,,,1,1,1,1.0,1.0
201000012278,0010-08-02 17:15:00,10,8,2,17,15,60,146,,,,Plein jour,Hors agglomération,Hors intersection,Normale,Trois véhicules et plus - collisions multiples,,,,,,,,,,,1,1,1,1.0,5.0
201000012279,0010-10-03 09:15:00,10,10,3,9,15,60,158,,,,Plein jour,Hors agglomération,Hors intersection,Normale,Deux véhicules - frontale,,,,,,,,,,,1,1,1,1.0,1.0
201000012280,0010-10-16 15:00:00,10,10,16,15,0,60,101,,,,Plein jour,Hors agglomération,Hors intersection,Normale,Autre collision,,,,,,,,,,,1,1,1,1.0,6.0
201000012281,0010-10-21 17:15:00,10,10,21,17,15,60,158,,,,Plein jour,Hors agglomération,Hors intersection,Normale,Deux véhicules - arrière,,,,,,,,,,,1,1,1,1.0,2.0
201000012282,0010-02-19 08:15:00,10,2,19,8,15,60,71,,44.085,6.896,Plein jour,Hors agglomération,Hors intersection,Neige / grêle,Deux véhicules - frontale,,,,,,,,,,,1,1,1,4.0,1.0
201000012283,0010-05-22 17:30:00,10,5,22,17,30,60,71,,44.08,6.91,Plein jour,Hors agglomération,Hors intersection,Normale,Sans collision,,,,,,,,,,,1,1,1,1.0,7.0
201000012284,0010-05-23 17:00:00,10,5,23,17,0,60,53,,44.042,6.833,Plein jour,Hors agglomération,Hors intersection,Normale,Sans collision,,,,,,,,,,,1,1,1,1.0,7.0
201000012285,0010-08-13 21:30:00,10,8,13,21,30,60,71,,44.085,6.897,Nuit sans éclairage public,Hors agglomération,Hors intersection,Pluie forte,Autre collision,,,,,,,,,,,3,1,1,3.0,6.0
201000012286,0010-08-22 19:00:00,10,8,22,19,0,60,119,,,,Crépuscule ou aube,Hors agglomération,Hors intersection,Normale,Deux véhicules - frontale,,,,,,,,,,,2,1,1,1.0,1.0
201000012287,0010-10-12 12:00:00,10,10,12,12,0,60,119,,,,Plein jour,Hors agglomération,Hors intersection,Normale,Deux véhicules - frontale,,,,,,,,,,,1,1,1,1.0,1.0
201000012288,0010-09-22 13:30:00,10,9,22,13,30,60,153,,,,Plein jour,Hors agglomération,Hors intersection,Normale,Sans collision,,,,,,,,,,,1,1,1,1.0,7.0
201000012289,0010-10-06 12:00:00,10,10,6,12,0,60,111,,,,Plein jour,Hors agglomération,Hors intersection,Normale,Deux véhicules - côté,,,,,,,,,,,1,1,1,1.0,3.0
201000012290,0010-10-12 12:15:00,10,10,12,12,15,60,73,,,,Plein jour,Hors agglomération,Hors intersection,Normale,Deux véhicules - frontale,,,,,,,,,,,1,1,1,1.0,1.0
201000012291,0010-07-21 17:00:00,10,7,21,17,0,830,38,,,,Plein jour,Hors agglomération,Hors intersection,Normale,Deux véhicules - frontale,,,,,,,,,,,1,1,1,1.0,1.0
201000012292,0010-01-20 08:45:00,10,1,20,8,45,830,4,,43.458,6.511,Plein jour,Hors agglomération,Hors intersection,Normale,Deux véhicules - frontale,,,,,,,,,,,1,1,1,1.0,1.0
201000012293,0010-02-27 16:15:00,10,2,27,16,15,830,148,,,,Plein jour,Hors agglomération,Hors intersection,Normale,Trois véhicules et plus - collisions multiples,,,,,,,,,,,1,1,1,1.0,5.0
201000012294,0010-03-12 16:45:00,10,3,12,16,45,830,4,,43.454,6.465,Plein jour,Hors agglomération,Hors intersection,Normale,Deux véhicules - côté,,,,,,,,,,,1,1,1,1.0,3.0
201000012295,0010-03-21 07:30:00,10,3,21,7,30,830,134,,,,Plein jour,En agglomération,Hors intersection,Pluie légère,Autre collision,,,,,,,,,,,1,2,1,2.0,6.0
201000012296,0010-05-21 17:00:00,10,5,21,17,0,830,4,,,,Plein jour,Hors agglomération,Intersection en T,Normale,Deux véhicules - arrière,,,,,,,,,,,1,1,3,1.0,2.0
201000012297,0010-05-23 13:30:00,10,5,23,13,30,830,4,,,,Plein jour,Hors agglomération,Autre intersection,Normale,Deux véhicules - frontale,,,,,,,,,,,1,1,9,1.0,1.0
201000012298,0010-05-29 03:45:00,10,5,29,3,45,830,148,,,,Nuit sans éclairage public,Hors agglomération,Hors intersection,Normale,Deux véhicules - frontale,,,,,,,,,,,3,1,1,1.0,1.0
201000012299,0010-07-24 12:00:00,10,7,24,12,0,830,4,Avenue des laurons,,,Plein jour,En agglomération,Hors intersection,Normale,Autre collision,,,,,,,,,,,1,2,1,1.0,6.0
201000012300,0010-07-24 12:00:00,10,7,24,12,0,830,148,RN7,,,Plein jour,En agglomération,Hors intersection,Normale,Trois véhicules et plus - collisions multiples,,,,,,,,,,,1,2,1,1.0,5.0
201000012301,0010-08-13 19:45:00,10,8,13,19,45,830,4,,,,Crépuscule ou aube,Hors agglomération,Hors intersection,Normale,Deux véhicules - côté,,,,,,,,,,,2,1,1,1.0,3.0
201000012302,0010-10-04 11:00:00,10,10,4,11,0,830,4,,,,Plein jour,Hors agglomération,Hors intersection,Temps couvert,Trois véhicules et plus - en chaîne,,,,,,,,,,,1,1,1,8.0,4.0
201000012303,0010-01-13 21:00:00,10,1,13,21,0,830,28,,,,Nuit sans éclairage public,Hors agglomération,Hors intersection,Temps couvert,Autre collision,,,,,,,,,,,3,1,1,8.0,6.0
201000012304,0010-02-02 17:15:00,10,2,2,17,15,830,28,,43.575,6.507,Plein jour,Hors agglomération,Hors intersection,Normale,Autre collision,,,,,,,,,,,1,1,1,1.0,6.0
201000012305,0010-02-08 07:45:00,10,2,8,7,45,830,11,RD19 - PK 20+400,43.624,6.552,Plein jour,En agglomération,Hors intersection,Normale,Deux véhicules - frontale,,,,,,,,,,,1,2,1,1.0,1.0
201000012306,0010-05-20 09:00:00,10,5,20,9,0,830,82,,43.638,6.485,Plein jour,Hors agglomération,Hors intersection,Normale,Sans collision,,,,,,,,,,,1,1,1,1.0,7.0
201000012307,0010-06-27 12:45:00,10,6,27,12,45,830,44,,,,Plein jour,Hors agglomération,Hors intersection,Normale,Autre collision,,,,,,,,,,,1,1,1,1.0,6.0
201000012308,0010-06-27 15:45:00,10,6,27,15,45,830,10,,43.725,6.592,Plein jour,Hors agglomération,Hors intersection,Normale,Sans collision,,,,,,,,,,,1,1,1,1.0,7.0
201000012309,0010-07-14 17:45:00,10,7,14,17,45,830,44,,43.667,6.483,Plein jour,Hors agglomération,Hors intersection,Normale,Autre collision,,,,,,,,,,,1,1,1,1.0,6.0
201000012310,0010-09-14 15:30:00,10,9,14,15,30,830,44,,43.719,6.533,Plein jour,Hors agglomération,Hors intersection,Normale,Deux véhicules - arrière,,,,,,,,,,,1,1,1,1.0,2.0
201000012311,0010-10-16 17:30:00,10,10,16,17,30,830,10,,43.713,6.595,Plein jour,Hors agglomération,Hors intersection,Normale,Autre collision,,,,,,,,,,,1,1,1,1.0,6.0
201000012312,0010-11-19 00:15:00,10,11,19,0,15,830,56,,43.586,6.48,Nuit sans éclairage public,Hors agglomération,Hors intersection,Normale,Autre collision,,,,,,,,,,,3,1,1,1.0,6.0
201000012313,0010-05-13 14:00:00,10,5,13,14,0,830,138,,,,Plein jour,Hors agglomération,Hors intersection,Normale,Deux véhicules - arrière,,,,,,,,,,,1,1,1,1.0,2.0
201000012314,0010-05-24 19:15:00,10,5,24,19,15,830,81,,,,Plein jour,Hors agglomération,Hors intersection,Normale,Deux véhicules - côté,,,,,,,,,,,1,1,1,1.0,3.0
201000012315,0010-06-24 21:00:00,10,6,24,21,0,830,80,,,,Nuit sans éclairage public,Hors agglomération,Hors intersection,Normale,Autre collision,,,,,,,,,,,3,1,1,1.0,6.0
201000012316,0010-07-21 15:30:00,10,7,21,15,30,830,81,CHEMIN DE L'AVEN,,,Plein jour,En agglomération,Hors intersection,Normale,Deux véhicules - côté,,,,,,,,,,,1,2,1,1.0,3.0
201000012317,0010-08-03 11:30:00,10,8,3,11,30,830,138,,,,Plein jour,Hors agglomération,Hors intersection,Normale,Deux véhicules - frontale,,,,,,,,,,,1,1,1,1.0,1.0
201000012318,0010-08-12 10:00:00,10,8,12,10,0,830,124,,,,Plein jour,Hors agglomération,Hors intersection,Normale,Deux véhicules - frontale,,,,,,,,,,,1,1,1,1.0,1.0
201000012319,0010-11-21 19:15:00,10,11,21,19,15,830,29,d56,,,Nuit avec éclairage allumé,En agglomération,Hors intersection,Pluie forte,Sans collision,,,,,,,,,,,5,2,1,3.0,7.0
201000012320,0010-11-22 17:30:00,10,11,22,17,30,830,138,,,,Plein jour,Hors agglomération,Hors intersection,Normale,Autre collision,,,,,,,,,,,1,1,1,1.0,6.0
201000012321,0010-12-31 16:00:00,10,12,31,16,0,830,138,,,,Plein jour,Hors agglomération,Hors intersection,Normale,Deux véhicules - côté,,,,,,,,,,,1,1,1,1.0,3.0
201000012322,0010-01-13 15:00:00,10,1,13,15,0,830,58,rue docteur German,,,Plein jour,En agglomération,Hors intersection,Normale,Deux véhicules - frontale,,,,,,,,,,,1,2,1,1.0,1.0
201000012323,0010-01-29 20:45:00,10,1,29,20,45,830,72,"D10, avenue Libération",,,Nuit avec éclairage allumé,En agglomération,Hors intersection,Normale,Deux véhicules - côté,,,,,,,,,,,5,2,1,1.0,3.0
201000012324,0010-01-30 13:45:00,10,1,30,13,45,830,58,cd557 pk19,,,Plein jour,En agglomération,Hors intersection,Normale,Deux véhicules - frontale,,,,,,,,,,,1,2,1,1.0,1.0
201000012325,0010-03-18 13:45:00,10,3,18,13,45,830,72,,43.498,6.402,Plein jour,Hors agglomération,Hors intersection,Normale,Deux véhicules - côté,,,,,,,,,,,1,1,1,1.0,3.0
201000012326,0010-03-22 08:30:00,10,3,22,8,30,830,58,,,,Plein jour,Hors agglomération,Hors intersection,Pluie légère,Sans collision,,,,,,,,,,,1,1,1,2.0,7.0
201000012327,0010-05-25 14:45:00,10,5,25,14,45,830,72,,,,Plein jour,Hors agglomération,Hors intersection,Normale,Autre collision,,,,,,,,,,,1,1,1,1.0,6.0
201000012328,0010-06-01 08:45:00,10,6,1,8,45,830,136,,,,Plein jour,Hors agglomération,Hors intersection,Normale,Deux véhicules - côté,,,,,,,,,,,1,1,1,1.0,3.0
201000012329,0010-08-25 12:15:00,10,8,25,12,15,830,72,,,,Plein jour,Hors agglomération,Hors intersection,Normale,Deux véhicules - frontale,,,,,,,,,,,1,1,1,1.0,1.0
201000012330,0010-09-23 15:15:00,10,9,23,15,15,830,72,,,,Plein jour,Hors agglomération,Intersection en T,Normale,Deux véhicules - côté,,,,,,,,,,,1,1,3,1.0,3.0
201000012331,0010-11-29 15:45:00,10,11,29,15,45,830,136,,,,Plein jour,Hors agglomération,Hors intersection,Normale,Autre collision,,,,,,,,,,,1,1,1,1.0,6.0
201000012332,0010-12-15 16:15:00,10,12,15,16,15,830,72,D562 et rue Ferrage,,,Plein jour,En agglomération,Intersection en T,Normale,Deux véhicules - côté,,,,,,,,,,,1,2,3,1.0,3.0
201000012333,0010-01-05 10:00:00,10,1,5,10,0,830,31,,,,Plein jour,Hors agglomération,Hors intersection,Normale,Deux véhicules - frontale,,,,,,,,,,,1,1,1,1.0,1.0
201000012334,0010-01-09 18:45:00,10,1,9,18,45,830,31,,,,Nuit sans éclairage public,Hors agglomération,Hors intersection,Autre,Deux véhicules - frontale,,,,,,,,,,,3,1,1,9.0,1.0
201000012335,0010-03-24 14:30:00,10,3,24,14,30,830,73,RDN7 PK 55+700,,,Plein jour,En agglomération,Hors intersection,Normale,Deux véhicules - côté,,,,,,,,,,,1,2,1,1.0,3.0
201000012336,0010-04-14 06:00:00,10,4,14,6,0,830,73,,,,Nuit sans éclairage public,Hors agglomération,Hors intersection,Normale,Autre collision,,,,,,,,,,,3,1,1,1.0,6.0
201000012337,0010-04-17 10:30:00,10,4,17,10,30,830,92,CD97 sortie rond point,,,Plein jour,En agglomération,Hors intersection,Normale,Deux véhicules - arrière,,,,,,,,,,,1,2,1,1.0,2.0
201000012338,0010-04-17 04:30:00,10,4,17,4,30,830,31,,,,Nuit sans éclairage public,Hors agglomération,Hors intersection,Normale,Autre collision,,,,,,,,,,,3,1,1,1.0,6.0