accident_id,datetime,annee,mois,jour,heure,minute,departement,commune_insee,adresse,latitude,longitude,luminosite,agglomeration,intersection,meteo,collision,nb_vehicules,nb_usagers,nb_indemnes,nb_tues,nb_blesses_hosp,nb_blesses_legers,age_cond_1,age_cond_2,veh_type_cond_1,veh_type_cond_2,lum_code,agg_code,int_code,atm_code,col_code
201000012747,0010-10-28 14:00:00,10,10,28,14,0,840,19,,,,Plein jour,Hors agglomération,Hors intersection,Normale,Deux véhicules - côté,,,,,,,,,,,1,1,1,1.0,3.0
201000012748,0010-11-12 18:00:00,10,11,12,18,0,840,78,,,,Crépuscule ou aube,Hors agglomération,Hors intersection,Pluie légère,Deux véhicules - côté,,,,,,,,,,,2,1,1,2.0,3.0
201000012749,0010-02-22 23:00:00,10,2,22,23,0,840,29,,,,Nuit sans éclairage public,Hors agglomération,Hors intersection,Pluie légère,Sans collision,,,,,,,,,,,3,1,1,2.0,7.0
201000012750,0010-03-20 07:15:00,10,3,20,7,15,840,40,,,,Crépuscule ou aube,Hors agglomération,Hors intersection,Temps couvert,Autre collision,,,,,,,,,,,2,1,1,8.0,6.0
201000012751,0010-04-08 13:30:00,10,4,8,13,30,840,104,rue du stade,,,Plein jour,En agglomération,Hors intersection,Normale,Deux véhicules - frontale,,,,,,,,,,,1,2,1,1.0,1.0
201000012752,0010-04-25 00:45:00,10,4,25,0,45,840,98,,,,Nuit sans éclairage public,Hors agglomération,Hors intersection,Temps couvert,Sans collision,,,,,,,,,,,3,1,1,8.0,7.0
201000012753,0010-05-08 15:00:00,10,5,8,15,0,840,137,Route de Villedieu D 51,,,Plein jour,En agglomération,Hors intersection,Pluie légère,Deux véhicules - côté,,,,,,,,,,,1,2,1,2.0,3.0
201000012754,0010-05-08 23:45:00,10,5,8,23,45,840,137,,,,Nuit sans éclairage public,Hors agglomération,Hors intersection,Temps couvert,Deux véhicules - frontale,,,,,,,,,,,3,1,1,8.0,1.0
201000012755,0010-05-08 22:30:00,10,5,8,22,30,840,106,"CD 8, Route de Cairanne",,,Nuit sans éclairage public,En agglomération,Hors intersection,Temps couvert,Autre collision,,,,,,,,,,,3,2,1,8.0,6.0
201000012756,0010-05-18 17:30:00,10,5,18,17,30,840,137,,,,Plein jour,Hors agglomération,Hors intersection,Normale,Deux véhicules - arrière,,,,,,,,,,,1,1,1,1.0,2.0
201000012757,0010-05-21 16:30:00,10,5,21,16,30,840,137,PLACE MONTFORT,,,Plein jour,En agglomération,Autre intersection,Normale,Autre collision,,,,,,,,,,,1,2,9,1.0,6.0
201000012758,0010-07-22 13:00:00,10,7,22,13,0,840,149,CD977 - trav.Félix Combe,44.156,4.951,Plein jour,En agglomération,Hors intersection,Normale,Trois véhicules et plus - collisions multiples,,,,,,,,,,,1,2,1,1.0,5.0
201000012759,0010-08-19 09:15:00,10,8,19,9,15,840,126,,,,Plein jour,Hors agglomération,Hors intersection,Normale,Deux véhicules - côté,,,,,,,,,,,1,1,1,1.0,3.0
201000012760,0010-09-06 08:45:00,10,9,6,8,45,840,126,,,,Plein jour,Hors agglomération,Hors intersection,Normale,Deux véhicules - côté,,,,,,,,,,,1,1,1,1.0,3.0
201000012761,0010-09-08 16:00:00,10,9,8,16,0,840,137,,,,Plein jour,Hors agglomération,Hors intersection,Normale,Autre collision,,,,,,,,,,,1,1,1,1.0,6.0
201000012762,0010-09-22 15:30:00,10,9,22,15,30,840,126,,,,Plein jour,Hors agglomération,Hors intersection,Normale,Deux véhicules - côté,,,,,,,,,,,1,1,1,1.0,3.0
201000012763,0010-10-26 12:30:00,10,10,26,12,30,840,40,PARKING DE LA MAIRIE,,,Plein jour,En agglomération,Hors intersection,Normale,Deux véhicules - côté,,,,,,,,,,,1,2,1,1.0,3.0
201000012764,0010-11-04 18:30:00,10,11,4,18,30,840,104,,,,Nuit sans éclairage public,Hors agglomération,Autre intersection,Normale,Deux véhicules - frontale,,,,,,,,,,,3,1,9,1.0,1.0
201000012765,0010-04-01 14:45:00,10,4,1,14,45,840,53,,44.396,4.953,Plein jour,Hors agglomération,Hors intersection,Normale,Autre collision,,,,,,,,,,,1,1,1,1.0,6.0
201000012766,0010-04-16 19:00:00,10,4,16,19,0,840,138,,,,Plein jour,Hors agglomération,Hors intersection,Normale,Deux véhicules - côté,,,,,,,,,,,1,1,1,1.0,3.0
201000012767,0010-04-20 17:15:00,10,4,20,17,15,840,138,rue de l'hôtel de ville,,,Plein jour,En agglomération,Hors intersection,Normale,Autre collision,,,,,,,,,,,1,2,1,1.0,6.0
201000012768,0010-05-10 05:30:00,10,5,10,5,30,840,150,,,,Crépuscule ou aube,Hors agglomération,Hors intersection,Pluie légère,Sans collision,,,,,,,,,,,2,1,1,2.0,7.0
201000012769,0010-05-11 19:45:00,10,5,11,19,45,840,138,D941- PK243 VALREAS,,,Plein jour,En agglomération,Giratoire,Pluie légère,Deux véhicules - côté,,,,,,,,,,,1,2,6,2.0,3.0
201000012770,0010-08-01 18:00:00,10,8,1,18,0,840,138,avenue foch,44.381,4.982,Plein jour,En agglomération,Hors intersection,Normale,Deux véhicules - frontale,,,,,,,,,,,1,2,1,1.0,1.0
201000012771,0010-08-17 17:45:00,10,8,17,17,45,840,138,,44.408,4.99,Plein jour,Hors agglomération,Hors intersection,Normale,Trois véhicules et plus - collisions multiples,,,,,,,,,,,1,1,1,1.0,5.0
201000012772,0010-10-25 17:00:00,10,10,25,17,0,840,138,,,,Plein jour,Hors agglomération,Hors intersection,Normale,Deux véhicules - frontale,,,,,,,,,,,1,1,1,1.0,1.0
201000012773,0010-10-29 21:15:00,10,10,29,21,15,840,138,,44.395,4.964,Nuit sans éclairage public,Hors agglomération,Hors intersection,Normale,Trois véhicules et plus - collisions multiples,,,,,,,,,,,3,1,1,1.0,5.0
201000012774,0010-11-03 18:15:00,10,11,3,18,15,840,150,,44.313,4.948,Nuit sans éclairage public,Hors agglomération,Hors intersection,Normale,Deux véhicules - frontale,,,,,,,,,,,3,1,1,1.0,1.0
201000012775,0010-11-06 14:00:00,10,11,6,14,0,840,138,av général de gaulle,44.389,4.988,Plein jour,En agglomération,Hors intersection,Normale,Autre collision,,,,,,,,,,,1,2,1,1.0,6.0
201000012776,0010-11-21 07:00:00,10,11,21,7,0,840,138,,44.354,4.956,Crépuscule ou aube,Hors agglomération,Hors intersection,Temps couvert,Autre collision,,,,,,,,,,,2,1,1,8.0,6.0
201000012777,0010-12-13 14:00:00,10,12,13,14,0,840,150,,,,Plein jour,Hors agglomération,Hors intersection,Normale,Sans collision,,,,,,,,,,,1,1,1,1.0,7.0
201000012778,0010-03-17 16:15:00,10,3,17,16,15,340,57,avenue de l europe,43.6309,3.90579,Plein jour,En agglomération,Autre intersection,Normale,Autre collision,,,,,,,,,,,1,2,9,1.0,6.0
201000012779,0010-05-20 09:00:00,10,5,20,9,0,340,57,,43.64742,3.91016,Plein jour,Hors agglomération,Hors intersection,Normale,Deux véhicules - frontale,,,,,,,,,,,1,1,1,1.0,1.0
201000012780,0010-07-31 13:50:00,10,7,31,13,50,340,57,,43.64152,3.89388,Plein jour,Hors agglomération,Hors intersection,Normale,Autre collision,,,,,,,,,,,1,1,1,1.0,6.0
201000012781,0010-12-21 17:45:00,10,12,21,17,45,340,57,rue draille du marbre,,,Crépuscule ou aube,En agglomération,Hors intersection,Pluie légère,Autre collision,,,,,,,,,,,2,2,1,2.0,6.0
201000012782,0010-02-04 10:15:00,10,2,4,10,15,340,327,Rte de Sommières - RD610,43.65525,3.96316,Plein jour,En agglomération,Hors intersection,Normale,Sans collision,,,,,,,,,,,1,2,1,1.0,7.0
201000012783,0010-03-05 19:45:00,10,3,5,19,45,340,227,,43.74105,4.05068,Nuit sans éclairage public,Hors agglomération,Hors intersection,Normale,Deux véhicules - arrière,,,,,,,,,,,3,1,1,1.0,2.0
201000012784,0010-03-06 14:00:00,10,3,6,14,0,340,327,,43.65897,3.98085,Plein jour,Hors agglomération,Intersection en T,Normale,Deux véhicules - côté,,,,,,,,,,,1,1,3,1.0,3.0
201000012785,0010-04-29 17:00:00,10,4,29,17,0,340,327,,43.67359,3.95653,Plein jour,Hors agglomération,Hors intersection,Normale,Sans collision,,,,,,,,,,,1,1,1,1.0,7.0
201000012786,0010-05-05 14:30:00,10,5,5,14,30,340,22,,43.659,4.029,Plein jour,Hors agglomération,Hors intersection,Pluie légère,Sans collision,,,,,,,,,,,1,1,1,2.0,7.0
201000012787,0010-05-08 23:30:00,10,5,8,23,30,340,227,,43.73241,4.04817,Nuit sans éclairage public,Hors agglomération,Intersection en X,Normale,Deux véhicules - côté,,,,,,,,,,,3,1,2,1.0,3.0
201000012788,0010-05-22 19:15:00,10,5,22,19,15,340,256,,43.70482,4.02508,Plein jour,Hors agglomération,Hors intersection,Normale,Deux véhicules - côté,,,,,,,,,,,1,1,1,1.0,3.0
201000012789,0010-06-18 18:00:00,10,6,18,18,0,340,58,,43.70668,3.95971,Plein jour,Hors agglomération,Hors intersection,Normale,Sans collision,,,,,,,,,,,1,1,1,1.0,7.0
201000012790,0010-06-18 15:15:00,10,6,18,15,15,340,58,,43.686,3.991,Plein jour,Hors agglomération,Hors intersection,Normale,Autre collision,,,,,,,,,,,1,1,1,1.0,6.0
201000012791,0010-06-24 18:30:00,10,6,24,18,30,340,256,,43.691,4.02799,Plein jour,Hors agglomération,Hors intersection,Normale,Sans collision,,,,,,,,,,,1,1,1,1.0,7.0
201000012792,0010-06-24 11:30:00,10,6,24,11,30,340,22,,43.66003,4.02085,Plein jour,En agglomération,Hors intersection,Normale,Autre collision,,,,,,,,,,,1,2,1,1.0,6.0
201000012793,0010-07-24 03:00:00,10,7,24,3,0,340,58,34160,43.71066,3.94323,Nuit sans éclairage public,Hors agglomération,Hors intersection,Normale,Sans collision,,,,,,,,,,,3,1,1,1.0,7.0
201000012794,0010-07-25 02:00:00,10,7,25,2,0,340,327,Avenue des BIGOS,43.658,3.959,Nuit avec éclairage allumé,En agglomération,Hors intersection,Normale,Autre collision,,,,,,,,,,,5,2,1,1.0,6.0
201000012795,0010-08-10 12:30:00,10,8,10,12,30,340,22,Route nationale 113,43.65611,4.00529,Plein jour,En agglomération,Hors intersection,Normale,Deux véhicules - frontale,,,,,,,,,,,1,2,1,1.0,1.0
201000012796,0010-08-23 08:00:00,10,8,23,8,0,340,22,RN113,43.65879,4.01543,Plein jour,En agglomération,Hors intersection,Normale,Autre collision,,,,,,,,,,,1,2,1,1.0,6.0
201000012797,0010-09-04 23:55:00,10,9,4,23,55,340,244,,43.66511,4.03896,Nuit avec éclairage allumé,Hors agglomération,Hors intersection,Normale,Deux véhicules - côté,,,,,,,,,,,5,1,1,1.0,3.0
201000012798,0010-09-05 11:30:00,10,9,5,11,30,340,58,RD26E3,43.71622,3.95052,Plein jour,Hors agglomération,Hors intersection,Normale,Deux véhicules - côté,,,,,,,,,,,1,1,1,1.0,3.0
201000012799,0010-09-21 22:15:00,10,9,21,22,15,340,244,,43.66764,4.04559,Nuit sans éclairage public,Hors agglomération,Hors intersection,Normale,Deux véhicules - arrière,,,,,,,,,,,3,1,1,1.0,2.0
201000012800,0010-09-22 11:45:00,10,9,22,11,45,340,249,,43.72287,3.95417,Plein jour,Hors agglomération,Hors intersection,Normale,Deux véhicules - côté,,,,,,,,,,,1,1,1,1.0,3.0
201000012801,0010-10-13 16:15:00,10,10,13,16,15,340,244,,43.66602,4.04145,Plein jour,Hors agglomération,Hors intersection,Normale,Trois véhicules et plus - collisions multiples,,,,,,,,,,,1,1,1,1.0,5.0
201000012802,0010-10-13 18:45:00,10,10,13,18,45,340,58,AVENUE DE MONTPELLIER,43.67414,3.98241,Plein jour,En agglomération,Autre intersection,Normale,Deux véhicules - frontale,,,,,,,,,,,1,2,9,1.0,1.0
201000012803,0010-11-04 18:15:00,10,11,4,18,15,340,58,,,,Crépuscule ou aube,Hors agglomération,Hors intersection,Normale,Deux véhicules - côté,,,,,,,,,,,2,1,1,1.0,3.0
201000012804,0010-12-06 15:00:00,10,12,6,15,0,340,327,,,,Plein jour,Hors agglomération,Hors intersection,Temps couvert,Trois véhicules et plus - collisions multiples,,,,,,,,,,,1,1,1,8.0,5.0
201000012805,0010-12-30 17:00:00,10,12,30,17,0,340,58,,43.138,3.654,Nuit sans éclairage public,Hors agglomération,Hors intersection,Pluie légère,Deux véhicules - côté,,,,,,,,,,,3,1,1,2.0,3.0
201000012806,0010-02-04 06:00:00,10,2,4,6,0,340,274,D 32,43.77287,3.72085,Crépuscule ou aube,En agglomération,Hors intersection,Normale,Autre collision,,,,,,,,,,,2,2,1,1.0,6.0
201000012807,0010-01-16 08:00:00,10,1,16,8,0,340,42,,43.87929,3.71778,Nuit sans éclairage public,Hors agglomération,Hors intersection,Normale,Autre collision,,,,,,,,,,,3,1,1,1.0,6.0
201000012808,0010-02-14 15:00:00,10,2,14,15,0,340,111,ROUTE  DE NIMES,43.93987,3.7135,Plein jour,En agglomération,Hors intersection,Normale,Deux véhicules - frontale,,,,,,,,,,,1,2,1,1.0,1.0
201000012809,0010-02-28 18:45:00,10,2,28,18,45,340,60,,,,Crépuscule ou aube,Hors agglomération,Hors intersection,Normale,Sans collision,,,,,,,,,,,2,1,1,1.0,7.0
201000012810,0010-08-01 12:15:00,10,8,1,12,15,340,171,,43.94213,3.80638,Plein jour,Hors agglomération,Hors intersection,Normale,Autre collision,,,,,,,,,,,1,1,1,1.0,6.0
201000012811,0010-08-04 02:00:00,10,8,4,2,0,340,67,D4,,,Nuit avec éclairage allumé,En agglomération,Hors intersection,Normale,Deux véhicules - frontale,,,,,,,,,,,5,2,1,1.0,1.0
201000012812,0010-05-14 21:30:00,10,5,14,21,30,340,344,,,,Nuit sans éclairage public,Hors agglomération,Hors intersection,Normale,Deux véhicules - arrière,,,,,,,,,,,3,1,1,1.0,2.0
201000012813,0010-07-11 13:30:00,10,7,11,13,30,340,344,avenue de Montpellier,43.53227,4.08044,Plein jour,En agglomération,Hors intersection,Normale,Deux véhicules - frontale,,,,,,,,,,,1,2,1,1.0,1.0
201000012814,0010-07-15 04:45:00,10,7,15,4,45,340,344,ave du maréchal LECLERC,,,Nuit avec éclairage allumé,En agglomération,Hors intersection,Normale,Autre collision,,,,,,,,,,,5,2,1,1.0,6.0
201000012815,0010-08-02 21:00:00,10,8,2,21,0,340,344,Quai robert fages,43.55995,4.07961,Nuit avec éclairage allumé,En agglomération,Hors intersection,Normale,Deux véhicules - côté,,,,,,,,,,,5,2,1,1.0,3.0
201000012816,0010-09-14 22:00:00,10,9,14,22,0,340,344,,43.56977,4.07477,Nuit sans éclairage public,Hors agglomération,Hors intersection,Normale,Deux véhicules - arrière,,,,,,,,,,,3,1,1,1.0,2.0
201000012817,0010-01-03 01:15:00,10,1,3,1,15,340,151,,43.6591,4.16482,Nuit sans éclairage public,Hors agglomération,Hors intersection,Normale,Autre collision,,,,,,,,,,,3,1,1,1.0,6.0
201000012818,0010-01-30 03:15:00,10,1,30,3,15,340,151,,,,Nuit sans éclairage public,Hors agglomération,Hors intersection,Normale,Autre collision,,,,,,,,,,,3,1,1,1.0,6.0
201000012819,0010-02-21 00:01:00,10,2,21,0,1,340,151,,43.61892,4.11584,Nuit sans éclairage public,Hors agglomération,Hors intersection,Normale,Deux véhicules - frontale,,,,,,,,,,,3,1,1,1.0,1.0
201000012820,0010-03-07 15:30:00,10,3,7,15,30,340,288,,,,Plein jour,Hors agglomération,Giratoire,Normale,Sans collision,,,,,,,,,,,1,1,6,1.0,7.0
201000012821,0010-03-15 19:15:00,10,3,15,19,15,340,33,,43.7494,4.06415,Nuit sans éclairage public,Hors agglomération,Hors intersection,Normale,Sans collision,,,,,,,,,,,3,1,1,1.0,7.0
201000012822,0010-03-17 16:15:00,10,3,17,16,15,340,145,Av du général de gaulle,43.68017,4.14506,Plein jour,En agglomération,Hors intersection,Normale,Deux véhicules - frontale,,,,,,,,,,,1,2,1,1.0,1.0
201000012823,0010-03-21 12:30:00,10,3,21,12,30,340,145,,43.633,4.133,Plein jour,Hors agglomération,Hors intersection,Pluie légère,Deux véhicules - côté,,,,,,,,,,,1,1,1,2.0,3.0
201000012824,0010-04-02 11:30:00,10,4,2,11,30,340,145,parking de la médiathèqu,,,Plein jour,En agglomération,Place,Normale,Autre collision,,,,,,,,,,,1,2,7,1.0,6.0
201000012825,0010-04-07 09:30:00,10,4,7,9,30,340,33,,43.75113,4.07012,Plein jour,Hors agglomération,Hors intersection,Pluie légère,Autre collision,,,,,,,,,,,1,1,1,2.0,6.0
201000012826,0010-04-08 06:15:00,10,4,8,6,15,340,145,rond pt Pierre Sarguet,43.68297,4.15064,Nuit avec éclairage allumé,En agglomération,Giratoire,Temps couvert,Deux véhicules - frontale,,,,,,,,,,,5,2,6,8.0,1.0
201000012827,0010-05-21 08:45:00,10,5,21,8,45,340,145,avenue Louis Médard,43.68951,4.13599,Plein jour,En agglomération,Hors intersection,Normale,Deux véhicules - côté,,,,,,,,,,,1,2,1,1.0,3.0
201000012828,0010-05-25 13:15:00,10,5,25,13,15,340,145,boulevard strasbourg,43.67724,4.13589,Plein jour,En agglomération,Hors intersection,Normale,Deux véhicules - frontale,,,,,,,,,,,1,2,1,1.0,1.0
201000012829,0010-06-11 19:00:00,10,6,11,19,0,340,33,RD610,43.74939,4.06438,Plein jour,En agglomération,Hors intersection,Pluie forte,Autre collision,,,,,,,,,,,1,2,1,3.0,6.0
201000012830,0010-06-13 05:00:00,10,6,13,5,0,340,33,,43.75057,4.06818,Nuit sans éclairage public,Hors agglomération,Hors intersection,Normale,Autre collision,,,,,,,,,,,3,1,1,1.0,6.0
201000012831,0010-06-22 21:30:00,10,6,22,21,30,340,296,,43.75086,4.04003,Crépuscule ou aube,Hors agglomération,Hors intersection,Normale,Sans collision,,,,,,,,,,,2,1,1,1.0,7.0
201000012832,0010-07-31 15:15:00,10,7,31,15,15,340,288,,,,Plein jour,Hors agglomération,Hors intersection,Normale,Sans collision,,,,,,,,,,,1,1,1,1.0,7.0
201000012833,0010-08-29 03:30:00,10,8,29,3,30,340,244,,43.66906,4.048,Nuit avec éclairage allumé,Hors agglomération,Hors intersection,Normale,Autre collision,,,,,,,,,,,5,1,1,1.0,6.0
201000012834,0010-09-02 16:30:00,10,9,2,16,30,340,151,,43.59631,4.10512,Plein jour,Hors agglomération,Hors intersection,Normale,Deux véhicules - arrière,,,,,,,,,,,1,1,1,1.0,2.0
201000012835,0010-09-05 03:45:00,10,9,5,3,45,340,151,,43.63973,4.13686,Nuit sans éclairage public,Hors agglomération,Hors intersection,Normale,Deux véhicules - frontale,,,,,,,,,,,3,1,1,1.0,1.0
201000012836,0010-09-05 03:00:00,10,9,5,3,0,340,151,,43.64988,4.18414,Nuit sans éclairage public,Hors agglomération,Hors intersection,Normale,Sans collision,,,,,,,,,,,3,1,1,1.0,7.0
201000012837,0010-09-07 16:45:00,10,9,7,16,45,340,145,,43.681,4.136,Plein jour,Hors agglomération,Autre intersection,Pluie légère,Deux véhicules - côté,,,,,,,,,,,1,1,9,2.0,3.0
201000012838,0010-09-14 11:45:00,10,9,14,11,45,340,145,Rte Mas Desport RD24E4,43.65601,4.13664,Plein jour,Hors agglomération,Hors intersection,Normale,Autre collision,,,,,,,,,,,1,1,1,1.0,6.0
201000012839,0010-09-19 06:00:00,10,9,19,6,0,340,321,,43.66931,4.04833,Nuit sans éclairage public,Hors agglomération,Hors intersection,Normale,Autre collision,,,,,,,,,,,3,1,1,1.0,6.0
201000012840,0010-09-28 10:15:00,10,9,28,10,15,340,151,avenue roger Salengro,43.669,4.17747,Plein jour,En agglomération,Hors intersection,Normale,Deux véhicules - frontale,,,,,,,,,,,1,2,1,1.0,1.0
201000012841,0010-12-16 10:00:00,10,12,16,10,0,340,145,,43.679,4.12899,Plein jour,Hors agglomération,Hors intersection,Normale,Autre collision,,,,,,,,,,,1,1,1,1.0,6.0
201000012842,0010-12-15 18:15:00,10,12,15,18,15,340,145,LUNEL 34,43.677,4.13699,Nuit avec éclairage allumé,En agglomération,Autre intersection,Normale,Autre collision,,,,,,,,,,,5,2,9,1.0,6.0
201000012843,0010-02-05 08:45:00,10,2,5,8,45,340,154,,43.6164,3.94659,Plein jour,Hors agglomération,Hors intersection,Pluie légère,Deux véhicules - côté,,,,,,,,,,,1,1,1,2.0,3.0
201000012844,0010-03-27 16:30:00,10,3,27,16,30,340,154,,43.623,3.951,Plein jour,Hors agglomération,Intersection en X,Vent fort / tempête,Deux véhicules - côté,,,,,,,,,,,1,1,2,6.0,3.0
201000012845,0010-03-29 14:45:00,10,3,29,14,45,340,154,,43.5953,3.96842,Plein jour,Hors agglomération,Hors intersection,Normale,Deux véhicules - côté,,,,,,,,,,,1,1,1,1.0,3.0
201000012846,0010-04-18 18:30:00,10,4,18,18,30,340,127,,43.63812,4.07874,Plein jour,Hors agglomération,Hors intersection,Normale,Deux véhicules - frontale,,,,,,,,,,,1,1,1,1.0,1.0
201000012847,0010-05-14 11:30:00,10,5,14,11,30,340,154,,43.63,4.04,Plein jour,Hors agglomération,Intersection en X,Temps couvert,Deux véhicules - côté,,,,,,,,,,,1,1,2,8.0,3.0
201000012848,0010-05-17 08:30:00,10,5,17,8,30,340,154,,43.58993,3.94341,Plein jour,Hors agglomération,Hors intersection,Normale,Deux véhicules - arrière,,,,,,,,,,,1,1,1,1.0,2.0
201000012849,0010-07-06 18:00:00,10,7,6,18,0,340,240,Avenue des Costieres,43.64607,3.96161,Plein jour,En agglomération,Intersection en X,Normale,Deux véhicules - côté,,,,,,,,,,,1,2,2,1.0,3.0
201000012850,0010-09-12 05:35:00,10,9,12,5,35,340,154,,43.623,3.986,Crépuscule ou aube,Hors agglomération,Autre intersection,Normale,Deux véhicules - frontale,,,,,,,,,,,2,1,9,1.0,1.0
201000012851,0010-10-09 17:30:00,10,10,9,17,30,340,154,Lieudit Vauguières le Ba,43.61121,4.00537,Plein jour,En agglomération,Autre intersection,Pluie forte,Autre collision,,,,,,,,,,,1,2,9,3.0,6.0
201000012852,0010-03-29 21:15:00,10,3,29,21,15,340,342,,43.74641,3.76251,Nuit sans éclairage public,Hors agglomération,Hors intersection,Normale,Autre collision,,,,,,,,,,,3,1,1,1.0,6.0
201000012853,0010-04-13 14:45:00,10,4,13,14,45,340,60,,43.81353,3.64243,Plein jour,Hors agglomération,Hors intersection,Normale,Sans collision,,,,,,,,,,,1,1,1,1.0,7.0
201000012854,0010-11-08 06:30:00,10,11,8,6,30,340,185,,43.839,3.743,Nuit sans éclairage public,Hors agglomération,Hors intersection,Normale,Trois véhicules et plus - collisions multiples,,,,,,,,,,,3,1,1,1.0,5.0
201000012855,0010-12-31 09:45:00,10,12,31,9,45,340,185,,43.816,3.744,Plein jour,Hors agglomération,Hors intersection,Normale,Sans collision,,,,,,,,,,,1,1,1,1.0,7.0
201000012856,0010-03-14 10:00:00,10,3,14,10,0,340,318,,43.80443,3.95403,Plein jour,Hors agglomération,Hors intersection,Normale,Deux véhicules - frontale,,,,,,,,,,,1,1,1,1.0,1.0
201000012857,0010-04-12 20:45:00,10,4,12,20,45,340,276,,43.7739,3.87511,Nuit sans éclairage public,Hors agglomération,Hors intersection,Normale,Sans collision,,,,,,,,,,,3,1,1,1.0,7.0
201000012858,0010-05-01 14:45:00,10,5,1,14,45,340,242,,43.76883,3.96912,Plein jour,Hors agglomération,Hors intersection,Normale,Autre collision,,,,,,,,,,,1,1,1,1.0,6.0
201000012859,0010-07-24 03:30:00,10,7,24,3,30,340,322,,43.81117,3.88064,Nuit sans éclairage public,Hors agglomération,Hors intersection,Normale,Autre collision,,,,,,,,,,,3,1,1,1.0,6.0
201000012860,0010-08-05 20:00:00,10,8,5,20,0,340,322,,43.78806,3.834,Crépuscule ou aube,Hors agglomération,Hors intersection,Temps éblouissant,Deux véhicules - frontale,,,,,,,,,,,2,1,1,7.0,1.0
201000012861,0010-09-16 08:30:00,10,9,16,8,30,340,322,,43.79097,3.85021,Plein jour,Hors agglomération,Hors intersection,Normale,Deux véhicules - côté,,,,,,,,,,,1,1,1,1.0,3.0
201000012862,0010-10-07 19:30:00,10,10,7,19,30,340,314,,43.745,3.866,Nuit sans éclairage public,Hors agglomération,Hors intersection,Normale,Trois véhicules et plus - en chaîne,,,,,,,,,,,3,1,1,1.0,4.0
201000012863,0010-12-04 10:30:00,10,12,4,10,30,340,276,Rdpt anciens combattants,43.774,3.869,Plein jour,En agglomération,Giratoire,Normale,Deux véhicules - côté,,,,,,,,,,,1,2,6,1.0,3.0
201000012864,0010-12-17 16:30:00,10,12,17,16,30,340,276,,43.754,3.897,Plein jour,Hors agglomération,Hors intersection,Normale,Deux véhicules - frontale,,,,,,,,,,,1,1,1,1.0,1.0
201000012865,0010-01-06 14:45:00,10,1,6,14,45,340,211,,43.575,2.989,Plein jour,Hors agglomération,Hors intersection,Normale,Sans collision,,,,,,,,,,,1,1,1,1.0,7.0
201000012866,0010-01-07 07:30:00,10,1,7,7,30,340,312,Avenue du four à chaud,,,Crépuscule ou aube,En agglomération,Autre intersection,Normale,Deux véhicules - côté,,,,,,,,,,,2,2,9,1.0,3.0
201000012867,0010-01-21 14:30:00,10,1,21,14,30,340,38,AVENUE DU 17 AOÜT,,,Plein jour,En agglomération,Hors intersection,Normale,Deux véhicules - côté,,,,,,,,,,,1,2,1,1.0,3.0
201000012868,0010-01-23 11:50:00,10,1,23,11,50,340,260,,43.67213,3.0517,Plein jour,Hors agglomération,Hors intersection,Normale,Sans collision,,,,,,,,,,,1,1,1,1.0,7.0
201000012869,0010-02-23 21:15:00,10,2,23,21,15,340,312,34260,43.16433,3.64764,Nuit sans éclairage public,Hors agglomération,Hors intersection,Normale,Autre collision,,,,,,,,,,,3,1,1,1.0,6.0
201000012870,0010-03-14 11:30:00,10,3,14,11,30,340,96,,43.56317,3.17843,Plein jour,Hors agglomération,Hors intersection,Normale,Deux véhicules - frontale,,,,,,,,,,,1,1,1,1.0,1.0
201000012871,0010-04-04 16:00:00,10,4,4,16,0,340,260,,43.66242,3.07569,Plein jour,Hors agglomération,Hors intersection,Normale,Deux véhicules - frontale,,,,,,,,,,,1,1,1,1.0,1.0
201000012872,0010-04-05 18:00:00,10,4,5,18,0,340,235,Andabre / RD22 E12,43.00853,4.3667,Plein jour,En agglomération,Autre intersection,Normale,Deux véhicules - frontale,,,,,,,,,,,1,2,9,1.0,1.0
201000012873,0010-04-12 12:45:00,10,4,12,12,45,340,119,,43.61162,3.09332,Plein jour,Hors agglomération,Hors intersection,Normale,Sans collision,,,,,,,,,,,1,1,1,1.0,7.0
201000012874,0010-04-17 23:30:00,10,4,17,23,30,340,126,,43.58732,3.08131,Nuit sans éclairage public,Hors agglomération,Hors intersection,Normale,Deux véhicules - côté,,,,,,,,,,,3,1,1,1.0,3.0
201000012875,0010-04-22 07:15:00,10,4,22,7,15,340,28,52 av de LODEVE BEDARIEU,43.62381,3.16005,Plein jour,En agglomération,Hors intersection,Normale,Deux véhicules - côté,,,,,,,,,,,1,2,1,1.0,3.0