accident_id,datetime,annee,mois,jour,heure,minute,departement,commune_insee,adresse,latitude,longitude,luminosite,agglomeration,intersection,meteo,collision,nb_vehicules,nb_usagers,nb_indemnes,nb_tues,nb_blesses_hosp,nb_blesses_legers,age_cond_1,age_cond_2,veh_type_cond_1,veh_type_cond_2,lum_code,agg_code,int_code,atm_code,col_code
201000012876,0010-05-17 08:45:00,10,5,17,8,45,340,96,,43.58115,3.15705,Plein jour,Hors agglomération,Hors intersection,Normale,Sans collision,,,,,,,,,,,1,1,1,1.0,7.0
201000012877,0010-08-15 17:45:00,10,8,15,17,45,340,96,,43.5807,3.16732,Plein jour,Hors agglomération,Hors intersection,Normale,Deux véhicules - arrière,,,,,,,,,,,1,1,1,1.0,2.0
201000012878,0010-08-20 18:15:00,10,8,20,18,15,340,260,29 rue de Castres,43.65379,3.0411,Plein jour,En agglomération,Hors intersection,Normale,Autre collision,,,,,,,,,,,1,2,1,1.0,6.0
201000012879,0010-08-25 14:45:00,10,8,25,14,45,340,28,,43.60214,3.19676,Plein jour,Hors agglomération,Hors intersection,Normale,Sans collision,,,,,,,,,,,1,1,1,1.0,7.0
201000012880,0010-10-29 17:30:00,10,10,29,17,30,340,144,,,,Plein jour,Hors agglomération,Hors intersection,Normale,Sans collision,,,,,,,,,,,1,1,1,1.0,7.0
201000012881,0010-01-27 00:25:00,10,1,27,0,25,340,141,Route de SIRAN,43.31087,2.64018,Nuit sans éclairage public,En agglomération,Hors intersection,Normale,Autre collision,,,,,,,,,,,3,2,1,1.0,6.0
201000012882,0010-07-05 22:30:00,10,7,5,22,30,340,161,,43.3258,3.09869,Nuit sans éclairage public,Hors agglomération,Hors intersection,Normale,Autre collision,,,,,,,,,,,3,1,1,1.0,6.0
201000012883,0010-09-05 06:45:00,10,9,5,6,45,340,52,,43.33681,3.04075,Crépuscule ou aube,Hors agglomération,Hors intersection,Normale,Autre collision,,,,,,,,,,,2,1,1,1.0,6.0
201000012884,0010-03-19 20:30:00,10,3,19,20,30,340,190,Avenue de la Cave,43.29022,2.76413,Nuit avec éclairage allumé,En agglomération,Autre intersection,Normale,Autre collision,,,,,,,,,,,5,2,9,1.0,6.0
201000012885,0010-05-15 19:15:00,10,5,15,19,15,340,135,,43.30458,3.15973,Plein jour,Hors agglomération,Hors intersection,Normale,Deux véhicules - côté,,,,,,,,,,,1,1,1,1.0,3.0
201000012886,0010-05-29 12:45:00,10,5,29,12,45,340,183,,43.29516,3.14084,Plein jour,Hors agglomération,Hors intersection,Normale,Deux véhicules - côté,,,,,,,,,,,1,1,1,1.0,3.0
201000012887,0010-06-06 04:30:00,10,6,6,4,30,340,141,,43.30951,2.62971,Nuit sans éclairage public,Hors agglomération,Hors intersection,Normale,Autre collision,,,,,,,,,,,3,1,1,1.0,6.0
201000012888,0010-07-02 02:00:00,10,7,2,2,0,340,97,,43.328,2.606,Nuit sans éclairage public,Hors agglomération,Hors intersection,Normale,Autre collision,,,,,,,,,,,3,1,1,1.0,6.0
201000012889,0010-07-10 20:00:00,10,7,10,20,0,340,52,,43.32342,3.06668,Plein jour,Hors agglomération,Hors intersection,Normale,Autre collision,,,,,,,,,,,1,1,1,1.0,6.0
201000012890,0010-08-28 14:15:00,10,8,28,14,15,340,52,,43.33576,3.04061,Plein jour,Hors agglomération,Hors intersection,Normale,Autre collision,,,,,,,,,,,1,1,1,1.0,6.0
201000012891,0010-09-27 07:00:00,10,9,27,7,0,340,225,,43.36561,3.0802,Plein jour,Hors agglomération,Hors intersection,Normale,Deux véhicules - arrière,,,,,,,,,,,1,1,1,1.0,2.0
201000012892,0010-11-03 13:45:00,10,11,3,13,45,340,52,RUE DE LA REPUBLIQUE,43.333,3.042,Plein jour,En agglomération,Hors intersection,Normale,Deux véhicules - côté,,,,,,,,,,,1,2,1,1.0,3.0
201000012893,0010-03-05 17:45:00,10,3,5,17,45,340,223,,43.4489,3.20971,Plein jour,Hors agglomération,Hors intersection,Normale,Sans collision,,,,,,,,,,,1,1,1,1.0,7.0
201000012894,0010-03-18 20:30:00,10,3,18,20,30,340,21,,43.44013,2.87805,Nuit sans éclairage public,Hors agglomération,Hors intersection,Normale,Sans collision,,,,,,,,,,,3,1,1,1.0,7.0
201000012895,0010-03-23 15:30:00,10,3,23,15,30,340,69,,43.37947,3.10929,Plein jour,Hors agglomération,Hors intersection,Normale,Trois véhicules et plus - collisions multiples,,,,,,,,,,,1,1,1,1.0,5.0
201000012896,0010-03-26 14:30:00,10,3,26,14,30,340,310,,43.42129,3.16351,Plein jour,En agglomération,Intersection en X,Normale,Deux véhicules - côté,,,,,,,,,,,1,2,2,1.0,3.0
201000012897,0010-03-27 13:45:00,10,3,27,13,45,340,70,Lotissement Lou Daro,,,Plein jour,En agglomération,Intersection en X,Normale,Deux véhicules - côté,,,,,,,,,,,1,2,2,1.0,3.0
201000012898,0010-03-29 20:45:00,10,3,29,20,45,340,84,,43.40219,3.18394,Nuit sans éclairage public,Hors agglomération,Hors intersection,Normale,Sans collision,,,,,,,,,,,3,1,1,1.0,7.0
201000012899,0010-04-13 21:15:00,10,4,13,21,15,340,74,avenue de beziers,43.44858,3.05256,Nuit sans éclairage public,En agglomération,Hors intersection,Normale,Deux véhicules - côté,,,,,,,,,,,3,2,1,1.0,3.0
201000012900,0010-04-15 23:45:00,10,4,15,23,45,340,245,"CD612, avenue de BEZIERS",43.4208,2.95399,Nuit avec éclairage allumé,En agglomération,Hors intersection,Normale,Autre collision,,,,,,,,,,,5,2,1,1.0,6.0
201000012901,0010-06-21 09:30:00,10,6,21,9,30,340,140,Avenue Pierre et Marie C,43.3776,3.1735,Plein jour,En agglomération,Hors intersection,Normale,Deux véhicules - frontale,,,,,,,,,,,1,2,1,1.0,1.0
201000012902,0010-07-17 16:50:00,10,7,17,16,50,340,130,,43.50285,3.19,Plein jour,Hors agglomération,Hors intersection,Normale,Trois véhicules et plus - en chaîne,,,,,,,,,,,1,1,1,1.0,4.0
201000012903,0010-07-27 18:45:00,10,7,27,18,45,340,223,,43.4386,3.21652,Plein jour,Hors agglomération,Intersection en T,Normale,Deux véhicules - côté,,,,,,,,,,,1,1,3,1.0,3.0
201000012904,0010-08-02 11:00:00,10,8,2,11,0,340,92,,,,Plein jour,Hors agglomération,Hors intersection,Normale,Sans collision,,,,,,,,,,,1,1,1,1.0,7.0
201000012905,0010-08-02 19:00:00,10,8,2,19,0,340,74,CD 136,,,Plein jour,En agglomération,Intersection en T,Normale,Deux véhicules - côté,,,,,,,,,,,1,2,3,1.0,3.0
201000012906,0010-10-01 16:00:00,10,10,1,16,0,340,92,,43.3841,2.93652,Plein jour,Hors agglomération,Hors intersection,Normale,Deux véhicules - frontale,,,,,,,,,,,1,1,1,1.0,1.0
201000012907,0010-10-06 20:00:00,10,10,6,20,0,340,84,,43.402,3.193,Nuit sans éclairage public,Hors agglomération,Hors intersection,Normale,Trois véhicules et plus - en chaîne,,,,,,,,,,,3,1,1,1.0,4.0
201000012908,0010-10-05 15:00:00,10,10,5,15,0,340,84,,43.39358,3.17898,Plein jour,Hors agglomération,Hors intersection,Normale,Sans collision,,,,,,,,,,,1,1,1,1.0,7.0
201000012909,0010-10-26 12:45:00,10,10,26,12,45,340,44,,43.53001,3.14401,Plein jour,Hors agglomération,Hors intersection,Normale,Deux véhicules - frontale,,,,,,,,,,,1,1,1,1.0,1.0
201000012910,0010-11-16 08:15:00,10,11,16,8,15,340,339,,43.4,2.915,Plein jour,Hors agglomération,Hors intersection,Temps éblouissant,Deux véhicules - frontale,,,,,,,,,,,1,1,1,7.0,1.0
201000012911,0010-12-03 21:30:00,10,12,3,21,30,340,130,,43.523,3.189,Nuit sans éclairage public,Hors agglomération,Hors intersection,Normale,Deux véhicules - arrière,,,,,,,,,,,3,1,1,1.0,2.0
201000012912,0010-12-15 14:00:00,10,12,15,14,0,340,69,rue Barbes /sidi carnot,43.396,3.102,Plein jour,En agglomération,Hors intersection,Temps éblouissant,Autre collision,,,,,,,,,,,1,2,1,7.0,6.0
201000012913,0010-12-21 18:30:00,10,12,21,18,30,340,92,,43.345,2.949,Nuit sans éclairage public,Hors agglomération,Hors intersection,Pluie légère,Autre collision,,,,,,,,,,,3,1,1,2.0,6.0
201000012914,0010-12-31 14:30:00,10,12,31,14,30,340,201,,43.435,2.979,Plein jour,Hors agglomération,Hors intersection,Normale,Sans collision,,,,,,,,,,,1,1,1,1.0,7.0
201000012915,0010-07-04 16:00:00,10,7,4,16,0,340,189,,43.27511,2.74292,Plein jour,Hors agglomération,Hors intersection,Normale,Autre collision,,,,,,,,,,,1,1,1,1.0,6.0
201000012916,0010-09-27 11:30:00,10,9,27,11,30,340,59,,43.34568,2.78913,Plein jour,Hors agglomération,Hors intersection,Normale,Sans collision,,,,,,,,,,,1,1,1,1.0,7.0
201000012917,0010-03-13 00:45:00,10,3,13,0,45,340,166,avenue de Catalunya,43.39406,3.37155,Nuit avec éclairage allumé,En agglomération,Hors intersection,Normale,Autre collision,,,,,,,,,,,5,2,1,1.0,6.0
201000012918,0010-04-06 19:18:00,10,4,6,19,18,340,325,,43.40692,3.36786,Plein jour,Hors agglomération,Hors intersection,Normale,Autre collision,,,,,,,,,,,1,1,1,1.0,6.0
201000012919,0010-04-14 12:15:00,10,4,14,12,15,340,56,,43.422,3.43141,Plein jour,Hors agglomération,Hors intersection,Normale,Autre collision,,,,,,,,,,,1,1,1,1.0,6.0
201000012920,0010-04-16 09:15:00,10,4,16,9,15,340,162,,43.45795,3.53054,Plein jour,Hors agglomération,Autre intersection,Normale,Trois véhicules et plus - collisions multiples,,,,,,,,,,,1,1,9,1.0,5.0
201000012921,0010-05-19 18:45:00,10,5,19,18,45,340,315,,43.51391,3.46283,Plein jour,Hors agglomération,Hors intersection,Normale,Sans collision,,,,,,,,,,,1,1,1,1.0,7.0
201000012922,0010-05-21 16:30:00,10,5,21,16,30,340,199,,43.4363,3.41682,Plein jour,Hors agglomération,Hors intersection,Normale,Deux véhicules - frontale,,,,,,,,,,,1,1,1,1.0,1.0
201000012923,0010-06-25 15:30:00,10,6,25,15,30,340,182,,43.41096,3.41277,Plein jour,Hors agglomération,Hors intersection,Normale,Trois véhicules et plus - collisions multiples,,,,,,,,,,,1,1,1,1.0,5.0
201000012924,0010-07-02 16:15:00,10,7,2,16,15,340,162,,43.48773,3.51621,Plein jour,Hors agglomération,Hors intersection,Normale,Sans collision,,,,,,,,,,,1,1,1,1.0,7.0
201000012925,0010-07-07 13:30:00,10,7,7,13,30,340,199,,43.46429,3.41025,Plein jour,Hors agglomération,Hors intersection,Normale,Deux véhicules - frontale,,,,,,,,,,,1,1,1,1.0,1.0
201000012926,0010-07-15 00:01:00,10,7,15,0,1,340,136,,43.49731,3.42396,Nuit sans éclairage public,Hors agglomération,Hors intersection,Normale,Autre collision,,,,,,,,,,,3,1,1,1.0,6.0
201000012927,0010-07-16 23:10:00,10,7,16,23,10,340,162,,43.48735,3.50794,Nuit sans éclairage public,Hors agglomération,Hors intersection,Normale,Deux véhicules - frontale,,,,,,,,,,,3,1,1,1.0,1.0
201000012928,0010-08-14 15:45:00,10,8,14,15,45,340,325,,43.41197,3.35646,Plein jour,Hors agglomération,Giratoire,Normale,Deux véhicules - côté,,,,,,,,,,,1,1,6,1.0,3.0
201000012929,0010-08-18 03:15:00,10,8,18,3,15,340,199,,43.4287,3.41389,Nuit sans éclairage public,Hors agglomération,Hors intersection,Normale,Trois véhicules et plus - collisions multiples,,,,,,,,,,,3,1,1,1.0,5.0
201000012930,0010-09-05 16:30:00,10,9,5,16,30,340,199,RD13E5,43.48009,3.3954,Plein jour,Hors agglomération,Hors intersection,Normale,Autre collision,,,,,,,,,,,1,1,1,1.0,6.0
201000012931,0010-09-22 11:00:00,10,9,22,11,0,340,56,,43.42345,3.43091,Plein jour,Hors agglomération,Hors intersection,Normale,Deux véhicules - frontale,,,,,,,,,,,1,1,1,1.0,1.0
201000012932,0010-10-03 01:15:00,10,10,3,1,15,340,162,,43.487,3.55,Nuit sans éclairage public,Hors agglomération,Hors intersection,Normale,Autre collision,,,,,,,,,,,3,1,1,1.0,6.0
201000012933,0010-10-04 08:15:00,10,10,4,8,15,340,289,,43.3912,3.40298,Plein jour,Hors agglomération,Hors intersection,Pluie légère,Autre collision,,,,,,,,,,,1,1,1,2.0,6.0
201000012934,0010-11-10 07:15:00,10,11,10,7,15,340,162,AVENUE PIERRE SIRVEN,,,Crépuscule ou aube,En agglomération,Hors intersection,Normale,Deux véhicules - côté,,,,,,,,,,,2,2,1,1.0,3.0
201000012935,0010-12-07 13:00:00,10,12,7,13,0,340,166,,,,Plein jour,Hors agglomération,Hors intersection,Pluie légère,Autre collision,,,,,,,,,,,1,1,1,2.0,6.0
201000012936,0010-12-11 14:30:00,10,12,11,14,30,340,199,,,,Plein jour,En agglomération,Hors intersection,Normale,Deux véhicules - arrière,,,,,,,,,,,1,2,1,1.0,2.0
201000012937,0010-12-20 19:45:00,10,12,20,19,45,340,162,,43.821,-3.784,Nuit sans éclairage public,Hors agglomération,Hors intersection,Normale,Autre collision,,,,,,,,,,,3,1,1,1.0,6.0
201000012938,0010-02-12 14:00:00,10,2,12,14,0,340,235,Chem. comm. Hameau Heric,43.59703,2.95085,Plein jour,Hors agglomération,Hors intersection,Normale,Autre collision,,,,,,,,,,,1,1,1,1.0,6.0
201000012939,0010-07-10 17:30:00,10,7,10,17,30,340,284,,43.46963,2.76679,Plein jour,Hors agglomération,Hors intersection,Normale,Autre collision,,,,,,,,,,,1,1,1,1.0,6.0
201000012940,0010-07-14 17:30:00,10,7,14,17,30,340,293,,43.58547,2.70317,Plein jour,Hors agglomération,Hors intersection,Normale,Autre collision,,,,,,,,,,,1,1,1,1.0,6.0
201000012941,0010-07-25 13:30:00,10,7,25,13,30,340,232,,43.49008,3.0251,Plein jour,Hors agglomération,Hors intersection,Normale,Autre collision,,,,,,,,,,,1,1,1,1.0,6.0
201000012942,0010-08-03 03:30:00,10,8,3,3,30,340,284,,43.48208,3.75128,Nuit sans éclairage public,Hors agglomération,Hors intersection,Normale,Sans collision,,,,,,,,,,,3,1,1,1.0,7.0
201000012943,0010-10-17 16:00:00,10,10,17,16,0,340,284,,43.45365,2.75134,Plein jour,Hors agglomération,Hors intersection,Normale,Deux véhicules - frontale,,,,,,,,,,,1,1,1,1.0,1.0
201000012944,0010-01-05 20:15:00,10,1,5,20,15,340,147,,43.45995,3.20677,Nuit sans éclairage public,Hors agglomération,Hors intersection,Pluie légère,Sans collision,,,,,,,,,,,3,1,1,2.0,7.0
201000012945,0010-01-10 01:30:00,10,1,10,1,30,340,300,,43.39646,3.31253,Nuit sans éclairage public,Hors agglomération,Hors intersection,Normale,Autre collision,,,,,,,,,,,3,1,1,1.0,6.0
201000012946,0010-01-13 16:45:00,10,1,13,16,45,340,139,,43.411,3.23,Plein jour,Hors agglomération,Hors intersection,Normale,Sans collision,,,,,,,,,,,1,1,1,1.0,7.0
201000012947,0010-02-15 12:45:00,10,2,15,12,45,340,237,,43.49754,3.32857,Plein jour,Hors agglomération,Hors intersection,Normale,Autre collision,,,,,,,,,,,1,1,1,1.0,6.0
201000012948,0010-02-21 18:15:00,10,2,21,18,15,340,234,34320,43.53271,3.23002,Crépuscule ou aube,Hors agglomération,Hors intersection,Normale,Autre collision,,,,,,,,,,,2,1,1,1.0,6.0
201000012949,0010-02-25 15:15:00,10,2,25,15,15,340,237,Avenue de Pezenas,43.50386,3.31226,Plein jour,En agglomération,Hors intersection,Normale,Autre collision,,,,,,,,,,,1,2,1,1.0,6.0
201000012950,0010-03-02 08:30:00,10,3,2,8,30,340,214,,43.47496,3.26704,Plein jour,Hors agglomération,Hors intersection,Normale,Deux véhicules - frontale,,,,,,,,,,,1,1,1,1.0,1.0
201000012951,0010-04-10 15:15:00,10,4,10,15,15,340,224,,43.45307,3.20826,Plein jour,Hors agglomération,Intersection en X,Normale,Deux véhicules - côté,,,,,,,,,,,1,1,2,1.0,3.0
201000012952,0010-04-11 12:00:00,10,4,11,12,0,340,181,Carrefour cave coopérati,43.53131,3.32976,Plein jour,En agglomération,Intersection en X,Normale,Deux véhicules - côté,,,,,,,,,,,1,2,2,1.0,3.0
201000012953,0010-06-15 10:15:00,10,6,15,10,15,340,300,,43.526,3.254,Plein jour,Hors agglomération,Hors intersection,Pluie légère,Autre collision,,,,,,,,,,,1,1,1,2.0,6.0
201000012954,0010-06-20 09:15:00,10,6,20,9,15,340,109,,,,Plein jour,Hors agglomération,Hors intersection,Normale,Autre collision,,,,,,,,,,,1,1,1,1.0,6.0
201000012955,0010-06-30 16:45:00,10,6,30,16,45,340,224,,43.4513,3.20878,Plein jour,Hors agglomération,Hors intersection,Normale,Trois véhicules et plus - collisions multiples,,,,,,,,,,,1,1,1,1.0,5.0
201000012956,0010-07-06 16:30:00,10,7,6,16,30,340,147,,43.512,3.199,Plein jour,Hors agglomération,Hors intersection,Normale,Deux véhicules - frontale,,,,,,,,,,,1,1,1,1.0,1.0
201000012957,0010-07-14 19:40:00,10,7,14,19,40,340,214,,43.46468,3.26828,Plein jour,Hors agglomération,Hors intersection,Normale,Autre collision,,,,,,,,,,,1,1,1,1.0,6.0
201000012958,0010-07-16 15:15:00,10,7,16,15,15,340,214,,43.468,3.27,Plein jour,Hors agglomération,Hors intersection,Normale,Sans collision,,,,,,,,,,,1,1,1,1.0,7.0
201000012959,0010-07-23 07:30:00,10,7,23,7,30,340,237,34320,43.51267,3.31524,Crépuscule ou aube,Hors agglomération,Hors intersection,Normale,Autre collision,,,,,,,,,,,2,1,1,1.0,6.0
201000012960,0010-07-27 17:30:00,10,7,27,17,30,340,149,,43.486,3.305,Plein jour,Hors agglomération,Hors intersection,Normale,Deux véhicules - frontale,,,,,,,,,,,1,1,1,1.0,1.0
201000012961,0010-07-31 04:00:00,10,7,31,4,0,340,224,,43.47507,3.25371,Nuit sans éclairage public,Hors agglomération,Hors intersection,Normale,Autre collision,,,,,,,,,,,3,1,1,1.0,6.0
201000012962,0010-08-01 16:30:00,10,8,1,16,30,340,300,,43.43819,3.29546,Plein jour,Hors agglomération,Hors intersection,Normale,Sans collision,,,,,,,,,,,1,1,1,1.0,7.0
201000012963,0010-08-04 17:45:00,10,8,4,17,45,340,300,,43.40524,3.33576,Plein jour,Hors agglomération,Hors intersection,Normale,Sans collision,,,,,,,,,,,1,1,1,1.0,7.0
201000012964,0010-07-04 03:00:00,10,7,4,3,0,340,300,,43.421,3.332,Nuit sans éclairage public,Hors agglomération,Hors intersection,Normale,Sans collision,,,,,,,,,,,3,1,1,1.0,7.0
201000012965,0010-09-24 20:30:00,10,9,24,20,30,340,300,RD18E4 - Av du Bois,43.42008,3.30674,Nuit sans éclairage public,En agglomération,Intersection en X,Normale,Deux véhicules - côté,,,,,,,,,,,3,2,2,1.0,3.0
201000012966,0010-10-11 18:30:00,10,10,11,18,30,340,109,,43.52372,3.25018,Plein jour,Hors agglomération,Hors intersection,Pluie légère,Sans collision,,,,,,,,,,,1,1,1,2.0,7.0
201000012967,0010-10-20 07:45:00,10,10,20,7,45,340,139,,43.40061,3.22899,Crépuscule ou aube,Hors agglomération,Hors intersection,Normale,Deux véhicules - arrière,,,,,,,,,,,2,1,1,1.0,2.0
201000012968,0010-10-21 02:30:00,10,10,21,2,30,340,94,,43.43274,3.25606,Nuit sans éclairage public,Hors agglomération,Hors intersection,Normale,Autre collision,,,,,,,,,,,3,1,1,1.0,6.0
201000012969,0010-10-24 19:30:00,10,10,24,19,30,340,94,,43.43765,3.25991,Nuit sans éclairage public,Hors agglomération,Hors intersection,Pluie légère,Deux véhicules - frontale,,,,,,,,,,,3,1,1,2.0,1.0
201000012970,0010-11-15 20:30:00,10,11,15,20,30,340,237,,43.517,3.312,Nuit sans éclairage public,Hors agglomération,Hors intersection,Normale,Autre collision,,,,,,,,,,,3,1,1,1.0,6.0
201000012971,0010-11-18 05:00:00,10,11,18,5,0,340,94,,43.425,3.243,Nuit sans éclairage public,Hors agglomération,Hors intersection,Normale,Autre collision,,,,,,,,,,,3,1,1,1.0,6.0
201000012972,0010-12-03 16:30:00,10,12,3,16,30,340,25,,43.419,3.268,Plein jour,Hors agglomération,Hors intersection,Normale,Autre collision,,,,,,,,,,,1,1,1,1.0,6.0
201000012973,0010-12-05 15:30:00,10,12,5,15,30,340,300,,43.437,3.287,Plein jour,Hors agglomération,Hors intersection,Normale,Autre collision,,,,,,,,,,,1,1,1,1.0,6.0
201000012974,0010-12-17 17:30:00,10,12,17,17,30,340,147,CD 18 / CD18E10,43.474,3.218,Crépuscule ou aube,En agglomération,Intersection en Y,Normale,Deux véhicules - côté,,,,,,,,,,,2,2,4,1.0,3.0
201000012975,0010-01-22 22:30:00,10,1,22,22,30,340,299,,43.27351,3.2847,Nuit sans éclairage public,Hors agglomération,Autre intersection,Normale,Autre collision,,,,,,,,,,,3,1,9,1.0,6.0
201000012976,0010-01-24 15:30:00,10,1,24,15,30,340,329,,43.2476,3.26251,Plein jour,Hors agglomération,Hors intersection,Pluie légère,Deux véhicules - côté,,,,,,,,,,,1,1,1,2.0,3.0
201000012977,0010-02-02 15:30:00,10,2,2,15,30,340,329,Place du Cers,43.26929,3.22302,Plein jour,En agglomération,Place,Normale,Autre collision,,,,,,,,,,,1,2,7,1.0,6.0
201000012978,0010-04-26 19:10:00,10,4,26,19,10,340,329,RD 37 E8,43.27456,3.23079,Plein jour,Hors agglomération,Hors intersection,Normale,Deux véhicules - frontale,,,,,,,,,,,1,1,1,1.0,1.0
201000012979,0010-05-30 13:00:00,10,5,30,13,0,340,299,chemin des pêcheurs,,,Crépuscule ou aube,En agglomération,Hors intersection,Normale,Trois véhicules et plus - collisions multiples,,,,,,,,,,,2,2,1,1.0,5.0
201000012980,0010-06-04 13:15:00,10,6,4,13,15,340,329,,43.29065,3.22047,Plein jour,Hors agglomération,Hors intersection,Normale,Sans collision,,,,,,,,,,,1,1,1,1.0,7.0
201000012981,0010-06-08 11:00:00,10,6,8,11,0,340,299,,43.2791,3.29579,Plein jour,Hors agglomération,Hors intersection,Normale,Sans collision,,,,,,,,,,,1,1,1,1.0,7.0
201000012982,0010-07-05 18:30:00,10,7,5,18,30,340,299,Rue Gambetta / Doumergue,43.28257,3.27974,Plein jour,En agglomération,Hors intersection,Normale,Autre collision,,,,,,,,,,,1,2,1,1.0,6.0
201000012983,0010-07-07 17:30:00,10,7,7,17,30,340,209,,43.31423,3.36268,Plein jour,Hors agglomération,Hors intersection,Normale,Deux véhicules - côté,,,,,,,,,,,1,1,1,1.0,3.0
201000012984,0010-07-08 18:15:00,10,7,8,18,15,340,299,,43.28196,3.2882,Plein jour,Hors agglomération,Hors intersection,Normale,Deux véhicules - frontale,,,,,,,,,,,1,1,1,1.0,1.0
201000012985,0010-07-16 14:45:00,10,7,16,14,45,340,329,,,,Plein jour,Hors agglomération,Hors intersection,Normale,Deux véhicules - frontale,,,,,,,,,,,1,1,1,1.0,1.0
201000012986,0010-08-16 17:30:00,10,8,16,17,30,340,209,,,,Plein jour,Hors agglomération,Hors intersection,Normale,Deux véhicules - arrière,,,,,,,,,,,1,1,1,1.0,2.0
201000012987,0010-08-23 16:45:00,10,8,23,16,45,340,324,bld Cdt l'Herminier,43.25195,3.29155,Plein jour,En agglomération,Hors intersection,Normale,Deux véhicules - frontale,,,,,,,,,,,1,2,1,1.0,1.0
201000012988,0010-08-24 11:45:00,10,8,24,11,45,340,209,,43.31331,3.33761,Plein jour,Hors agglomération,Intersection en T,Temps éblouissant,Deux véhicules - côté,,,,,,,,,,,1,1,3,7.0,3.0
201000012989,0010-09-18 17:00:00,10,9,18,17,0,340,324,Rue Lieutenant Panis,,,Plein jour,En agglomération,Autre intersection,Normale,Autre collision,,,,,,,,,,,1,2,9,1.0,6.0
201000012990,0010-11-26 09:30:00,10,11,26,9,30,340,329,D37,43.27,3.224,Plein jour,En agglomération,Hors intersection,Normale,Autre collision,,,,,,,,,,,1,2,1,1.0,6.0
201000012991,0010-12-01 18:00:00,10,12,1,18,0,340,298,AVENUE PAUL VIDAL,,,Nuit avec éclairage allumé,En agglomération,Hors intersection,Normale,Deux véhicules - frontale,,,,,,,,,,,5,2,1,1.0,1.0
201000012992,0010-12-07 07:00:00,10,12,7,7,0,340,299,rue Montplaisir,,,Crépuscule ou aube,En agglomération,Hors intersection,Normale,Deux véhicules - frontale,,,,,,,,,,,2,2,1,1.0,1.0
201000012993,0010-12-22 09:15:00,10,12,22,9,15,340,329,,,,Plein jour,Hors agglomération,Intersection en X,Normale,Deux véhicules - côté,,,,,,,,,,,1,1,2,1.0,3.0
201000012994,0010-05-10 22:30:00,10,5,10,22,30,340,220,,43.6776,3.35205,Nuit sans éclairage public,Hors agglomération,Hors intersection,Normale,Autre collision,,,,,,,,,,,3,1,1,1.0,6.0
201000012995,0010-06-03 15:00:00,10,6,3,15,0,340,142,Avenue Joseph VALLOT,43.73193,3.30495,Plein jour,En agglomération,Intersection en T,Normale,Deux véhicules - côté,,,,,,,,,,,1,2,3,1.0,3.0
201000012996,0010-06-04 21:00:00,10,6,4,21,0,340,142,AVENUE JOSEPH VALLOT,43.73233,3.30233,Crépuscule ou aube,En agglomération,Hors intersection,Normale,Trois véhicules et plus - collisions multiples,,,,,,,,,,,2,2,1,1.0,5.0
201000012997,0010-06-25 08:15:00,10,6,25,8,15,340,142,AVENUE JOSEPH RAILHAC,43.73323,3.31207,Plein jour,En agglomération,Intersection en T,Normale,Deux véhicules - frontale,,,,,,,,,,,1,2,3,1.0,1.0
201000012998,0010-12-08 17:45:00,10,12,8,17,45,340,142,bvd de la Bouquerie,43.735,3.317,Nuit avec éclairage allumé,En agglomération,Hors intersection,Normale,Autre collision,,,,,,,,,,,5,2,1,1.0,6.0
201000012999,0010-12-21 17:45:00,10,12,21,17,45,340,286,,43.75,3.435,Nuit sans éclairage public,Hors agglomération,Hors intersection,Pluie forte,Sans collision,,,,,,,,,,,3,1,1,3.0,7.0
201000013000,0010-01-23 13:45:00,10,1,23,13,45,340,13,,43.57468,3.46374,Plein jour,Hors agglomération,Intersection en X,Normale,Deux véhicules - côté,,,,,,,,,,,1,1,2,1.0,3.0
201000013001,0010-03-21 17:30:00,10,3,21,17,30,340,210,,43.59757,3.50103,Plein jour,Hors agglomération,Hors intersection,Normale,Trois véhicules et plus - collisions multiples,,,,,,,,,,,1,1,1,1.0,5.0
201000013002,0010-03-30 17:45:00,10,3,30,17,45,340,254,avenue Marcelin Albert,43.66111,3.46376,Plein jour,En agglomération,Hors intersection,Normale,Deux véhicules - côté,,,,,,,,,,,1,2,1,1.0,3.0
201000013003,0010-04-05 18:15:00,10,4,5,18,15,340,79,route du lac,,,Plein jour,En agglomération,Hors intersection,Normale,Deux véhicules - frontale,,,,,,,,,,,1,2,1,1.0,1.0
201000013004,0010-04-15 14:45:00,10,4,15,14,45,340,51,CD 2,,,Plein jour,En agglomération,Autre intersection,Normale,Deux véhicules - côté,,,,,,,,,,,1,2,9,1.0,3.0
201000013005,0010-04-23 08:45:00,10,4,23,8,45,340,13,,43.57763,3.46291,Plein jour,Hors agglomération,Hors intersection,Normale,Deux véhicules - côté,,,,,,,,,,,1,1,1,1.0,3.0