accident_id,datetime,annee,mois,jour,heure,minute,departement,commune_insee,adresse,latitude,longitude,luminosite,agglomeration,intersection,meteo,collision,nb_vehicules,nb_usagers,nb_indemnes,nb_tues,nb_blesses_hosp,nb_blesses_legers,age_cond_1,age_cond_2,veh_type_cond_1,veh_type_cond_2,lum_code,agg_code,int_code,atm_code,col_code
201000013006,0010-06-02 11:00:00,10,6,2,11,0,340,281,,43.54398,3.54111,Plein jour,Hors agglomération,Hors intersection,Normale,Deux véhicules - arrière,,,,,,,,,,,1,1,1,1.0,2.0
201000013007,0010-07-15 18:35:00,10,7,15,18,35,340,194,,43.51948,3.44911,Plein jour,Hors agglomération,Hors intersection,Normale,Deux véhicules - côté,,,,,,,,,,,1,1,1,1.0,3.0
201000013008,0010-07-28 19:00:00,10,7,28,19,0,340,79,route du lac du salagou,43.63397,3.40898,Plein jour,En agglomération,Hors intersection,Normale,Deux véhicules - côté,,,,,,,,,,,1,2,1,1.0,3.0
201000013009,0010-08-06 02:30:00,10,8,6,2,30,340,41,,43.62439,3.46877,Nuit sans éclairage public,Hors agglomération,Hors intersection,Normale,Autre collision,,,,,,,,,,,3,1,1,1.0,6.0
201000013010,0010-11-09 13:45:00,10,11,9,13,45,340,51,rue de la poste,,,Plein jour,En agglomération,Hors intersection,Normale,Autre collision,,,,,,,,,,,1,2,1,1.0,6.0
201000013011,0010-11-22 08:30:00,10,11,22,8,30,340,13,,43.595,3.453,Plein jour,Hors agglomération,Hors intersection,Normale,Deux véhicules - frontale,,,,,,,,,,,1,1,1,1.0,1.0
201000013012,0010-12-05 18:45:00,10,12,5,18,45,340,76,,43.649,3.475,Nuit sans éclairage public,Hors agglomération,Hors intersection,Normale,Deux véhicules - arrière,,,,,,,,,,,3,1,1,1.0,2.0
201000013013,0010-12-23 17:30:00,10,12,23,17,30,340,79,RN 9,43.628,3.434,Nuit sans éclairage public,En agglomération,Hors intersection,Pluie légère,Autre collision,,,,,,,,,,,3,2,1,2.0,6.0
201000013014,0010-12-31 06:00:00,10,12,31,6,0,340,79,cd 609,43.634,3.439,Nuit sans éclairage public,En agglomération,Hors intersection,Pluie légère,Deux véhicules - frontale,,,,,,,,,,,3,2,1,2.0,1.0
201000013015,0010-04-15 22:45:00,10,4,15,22,45,340,10,,43.70735,3.55865,Nuit sans éclairage public,Hors agglomération,Hors intersection,Normale,Sans collision,,,,,,,,,,,3,1,1,1.0,7.0
201000013016,0010-07-02 10:15:00,10,7,2,10,15,340,16,,43.56,3.606,Plein jour,Hors agglomération,Hors intersection,Normale,Sans collision,,,,,,,,,,,1,1,1,1.0,7.0
201000013017,0010-07-07 19:15:00,10,7,7,19,15,340,239,Route de LODEVE,43.655,3.501,Plein jour,En agglomération,Hors intersection,Temps éblouissant,Deux véhicules - frontale,,,,,,,,,,,1,2,1,7.0,1.0
201000013018,0010-07-08 10:15:00,10,7,8,10,15,340,12,,43.71917,3.68032,Plein jour,Hors agglomération,Hors intersection,Autre,Autre collision,,,,,,,,,,,1,1,1,9.0,6.0
201000013019,0010-08-14 06:15:00,10,8,14,6,15,340,114,boulevard de l'esplanade,43.65239,3.55355,Nuit avec éclairage allumé,En agglomération,Hors intersection,Normale,Autre collision,,,,,,,,,,,5,2,1,1.0,6.0
201000013020,0010-09-11 12:40:00,10,9,11,12,40,340,16,,43.62451,3.64225,Plein jour,Hors agglomération,Intersection en T,Normale,Sans collision,,,,,,,,,,,1,1,3,1.0,7.0
201000013021,0010-01-06 17:00:00,10,1,6,17,0,340,332,Chemin de la Redoute,43.28491,3.37233,Plein jour,Hors agglomération,Hors intersection,Normale,Deux véhicules - frontale,,,,,,,,,,,1,1,1,1.0,1.0
201000013022,0010-04-02 03:15:00,10,4,2,3,15,340,332,Av de la Mediterrané,43.2941,3.41737,Nuit avec éclairage allumé,En agglomération,Hors intersection,Normale,Sans collision,,,,,,,,,,,5,2,1,1.0,7.0
201000013023,0010-04-02 14:45:00,10,4,2,14,45,340,207,,43.36823,3.52296,Plein jour,Hors agglomération,Hors intersection,Normale,Deux véhicules - frontale,,,,,,,,,,,1,1,1,1.0,1.0
201000013024,0010-04-07 07:45:00,10,4,7,7,45,340,101,RD 32 E8,43.37652,3.48528,Plein jour,Hors agglomération,Intersection en X,Normale,Deux véhicules - côté,,,,,,,,,,,1,1,2,1.0,3.0
201000013025,0010-04-18 06:15:00,10,4,18,6,15,340,150,,43.31783,3.54195,Crépuscule ou aube,Hors agglomération,Hors intersection,Brouillard / fumée,Deux véhicules - côté,,,,,,,,,,,2,1,1,5.0,3.0
201000013026,0010-04-18 15:45:00,10,4,18,15,45,340,332,ZAE La Source,43.3148,3.3779,Plein jour,Hors agglomération,Intersection en X,Normale,Deux véhicules - côté,,,,,,,,,,,1,1,2,1.0,3.0
201000013027,0010-04-25 12:45:00,10,4,25,12,45,340,203,chemin de florensac,,,Plein jour,En agglomération,Hors intersection,Normale,Deux véhicules - frontale,,,,,,,,,,,1,2,1,1.0,1.0
201000013028,0010-05-14 18:45:00,10,5,14,18,45,340,31,,43.36213,3.38413,Plein jour,Hors agglomération,Hors intersection,Normale,Autre collision,,,,,,,,,,,1,1,1,1.0,6.0
201000013029,0010-05-23 12:45:00,10,5,23,12,45,340,332,avenue de la méditerrané,43.29749,3.41776,Plein jour,En agglomération,Hors intersection,Normale,Deux véhicules - côté,,,,,,,,,,,1,2,1,1.0,3.0
201000013030,0010-05-28 09:15:00,10,5,28,9,15,340,31,,43.36391,3.40436,Plein jour,Hors agglomération,Hors intersection,Normale,Deux véhicules - frontale,,,,,,,,,,,1,1,1,1.0,1.0
201000013031,0010-07-04 16:45:00,10,7,4,16,45,340,332,,43.31382,3.38751,Plein jour,Hors agglomération,Hors intersection,Normale,Deux véhicules - arrière,,,,,,,,,,,1,1,1,1.0,2.0
201000013032,0010-07-16 02:00:00,10,7,16,2,0,340,150,,,,Nuit sans éclairage public,Hors agglomération,Hors intersection,Normale,Deux véhicules - frontale,,,,,,,,,,,3,1,1,1.0,1.0
201000013033,0010-07-30 20:45:00,10,7,30,20,45,340,31,,,,Crépuscule ou aube,Hors agglomération,Hors intersection,Normale,Deux véhicules - frontale,,,,,,,,,,,2,1,1,1.0,1.0
201000013034,0010-07-30 20:45:00,10,7,30,20,45,340,31,,43.34868,3.43562,Crépuscule ou aube,Hors agglomération,Hors intersection,Normale,Trois véhicules et plus - collisions multiples,,,,,,,,,,,2,1,1,1.0,5.0
201000013035,0010-08-03 05:45:00,10,8,3,5,45,340,101,,43.35325,3.49055,Nuit sans éclairage public,Hors agglomération,Hors intersection,Normale,Deux véhicules - frontale,,,,,,,,,,,3,1,1,1.0,1.0
201000013036,0010-08-07 02:30:00,10,8,7,2,30,340,31,,43.34738,3.42832,Nuit sans éclairage public,Hors agglomération,Hors intersection,Normale,Autre collision,,,,,,,,,,,3,1,1,1.0,6.0
201000013037,0010-08-08 20:00:00,10,8,8,20,0,340,332,,,,Crépuscule ou aube,Hors agglomération,Hors intersection,Normale,Deux véhicules - côté,,,,,,,,,,,2,1,1,1.0,3.0
201000013038,0010-08-13 15:15:00,10,8,13,15,15,340,150,chemin de Belle Bouche,43.32943,3.53203,Plein jour,En agglomération,Giratoire,Normale,Deux véhicules - côté,,,,,,,,,,,1,2,6,1.0,3.0
201000013039,0010-08-21 07:30:00,10,8,21,7,30,340,150,rue de Suffren,43.35423,3.53271,Plein jour,En agglomération,Hors intersection,Normale,Deux véhicules - côté,,,,,,,,,,,1,2,1,1.0,3.0
201000013040,0010-09-03 01:45:00,10,9,3,1,45,340,150,,43.3703,3.52181,Nuit sans éclairage public,Hors agglomération,Hors intersection,Normale,Autre collision,,,,,,,,,,,3,1,1,1.0,6.0
201000013041,0010-09-07 12:00:00,10,9,7,12,0,340,150,RD51,43.34797,3.50853,Plein jour,Hors agglomération,Hors intersection,Normale,Deux véhicules - frontale,,,,,,,,,,,1,1,1,1.0,1.0
201000013042,0010-10-09 18:45:00,10,10,9,18,45,340,31,,43.34888,3.42036,Nuit sans éclairage public,Hors agglomération,Hors intersection,Pluie légère,Autre collision,,,,,,,,,,,3,1,1,2.0,6.0
201000013043,0010-11-03 19:00:00,10,11,3,19,0,340,150,avenue Chassefières,43.357,3.526,Nuit avec éclairage allumé,En agglomération,Hors intersection,Normale,Deux véhicules - côté,,,,,,,,,,,5,2,1,1.0,3.0
201000013044,0010-11-14 16:30:00,10,11,14,16,30,340,101,,43.382,3.472,Plein jour,Hors agglomération,Hors intersection,Normale,Sans collision,,,,,,,,,,,1,1,1,1.0,7.0
201000013045,0010-11-23 16:30:00,10,11,23,16,30,340,101,CD32 PR59+500,,,Plein jour,En agglomération,Hors intersection,Normale,Autre collision,,,,,,,,,,,1,2,1,1.0,6.0
201000013046,0010-03-20 21:15:00,10,3,20,21,15,340,24,,43.46451,3.69092,Nuit avec éclairage allumé,Hors agglomération,Hors intersection,Normale,Deux véhicules - frontale,,,,,,,,,,,5,1,1,1.0,1.0
201000013047,0010-03-24 17:15:00,10,3,24,17,15,340,87,Rue du stade,43.54962,3.70926,Plein jour,En agglomération,Giratoire,Normale,Deux véhicules - côté,,,,,,,,,,,1,2,6,1.0,3.0
201000013048,0010-03-30 07:30:00,10,3,30,7,30,340,23,,43.45628,3.70217,Crépuscule ou aube,Hors agglomération,Hors intersection,Pluie légère,Deux véhicules - frontale,,,,,,,,,,,2,1,1,2.0,1.0
201000013049,0010-09-23 08:15:00,10,9,23,8,15,340,23,,43.456,3.70246,Crépuscule ou aube,Hors agglomération,Hors intersection,Normale,Trois véhicules et plus - collisions multiples,,,,,,,,,,,2,1,1,1.0,5.0
201000013050,0010-09-24 08:30:00,10,9,24,8,30,340,165,,43.50976,3.68387,Plein jour,Hors agglomération,Hors intersection,Pluie légère,Deux véhicules - frontale,,,,,,,,,,,1,1,1,2.0,1.0
201000013051,0010-09-29 16:45:00,10,9,29,16,45,340,88,RD 114,43.54751,3.73601,Plein jour,Hors agglomération,Hors intersection,Normale,Autre collision,,,,,,,,,,,1,1,1,1.0,6.0
201000013052,0010-10-18 18:30:00,10,10,18,18,30,340,87,,43.54227,3.71581,Plein jour,Hors agglomération,Hors intersection,Normale,Sans collision,,,,,,,,,,,1,1,1,1.0,7.0
201000013053,0010-01-21 18:15:00,10,1,21,18,15,340,157,Boulevard Paul Valéry,,,Crépuscule ou aube,En agglomération,Hors intersection,Normale,Autre collision,,,,,,,,,,,2,2,1,1.0,6.0
201000013054,0010-01-26 08:45:00,10,1,26,8,45,340,157,24avenue de Montpellier,43.42841,3.60666,Plein jour,En agglomération,Hors intersection,Normale,Sans collision,,,,,,,,,,,1,2,1,1.0,7.0
201000013055,0010-03-08 10:15:00,10,3,8,10,15,340,157,,43.44316,3.5698,Plein jour,Hors agglomération,Intersection en T,Normale,Deux véhicules - côté,,,,,,,,,,,1,1,3,1.0,3.0
201000013056,0010-04-02 23:30:00,10,4,2,23,30,340,213,,43.45446,3.65651,Nuit sans éclairage public,Hors agglomération,Hors intersection,Normale,Deux véhicules - arrière,,,,,,,,,,,3,1,1,1.0,2.0
201000013057,0010-05-10 10:30:00,10,5,10,10,30,340,213,,43.49893,3.68548,Plein jour,Hors agglomération,Hors intersection,Normale,Autre collision,,,,,,,,,,,1,1,1,1.0,6.0
201000013058,0010-07-02 22:30:00,10,7,2,22,30,340,39,,43.458,3.654,Nuit avec éclairage allumé,Hors agglomération,Giratoire,Normale,Deux véhicules - frontale,,,,,,,,,,,5,1,6,1.0,1.0
201000013059,0010-07-08 12:00:00,10,7,8,12,0,340,213,,43.47226,3.68283,Plein jour,Hors agglomération,Hors intersection,Normale,Deux véhicules - côté,,,,,,,,,,,1,1,1,1.0,3.0
201000013060,0010-08-05 00:45:00,10,8,5,0,45,340,143,,43.44723,3.62061,Nuit sans éclairage public,Hors agglomération,Hors intersection,Normale,Deux véhicules - frontale,,,,,,,,,,,3,1,1,1.0,1.0
201000013061,0010-08-18 04:45:00,10,8,18,4,45,340,39,,43.45342,3.65436,Nuit sans éclairage public,Hors agglomération,Hors intersection,Normale,Autre collision,,,,,,,,,,,3,1,1,1.0,6.0
201000013062,0010-10-18 08:30:00,10,10,18,8,30,340,157,,43.454,3.598,Plein jour,Hors agglomération,Giratoire,Temps éblouissant,Deux véhicules - côté,,,,,,,,,,,1,1,6,7.0,3.0
201000013063,0010-12-02 08:30:00,10,12,2,8,30,340,157,,43.423,3.591,Plein jour,Hors agglomération,Hors intersection,Normale,Deux véhicules - frontale,,,,,,,,,,,1,1,1,1.0,1.0
201000013064,0010-03-19 17:30:00,10,3,19,17,30,110,339,chemin du berail,,,Plein jour,En agglomération,Intersection en X,Normale,Deux véhicules - côté,,,,,,,,,,,1,2,2,1.0,3.0
201000013065,0010-03-28 16:15:00,10,3,28,16,15,110,115,,,,Plein jour,Hors agglomération,Intersection en T,Normale,Deux véhicules - côté,,,,,,,,,,,1,1,3,1.0,3.0
201000013066,0010-08-15 15:45:00,10,8,15,15,45,110,279,,,,Plein jour,Hors agglomération,Hors intersection,Normale,Sans collision,,,,,,,,,,,1,1,1,1.0,7.0
201000013067,0010-08-27 21:15:00,10,8,27,21,15,110,410,route de conques,43.26,2.412,Crépuscule ou aube,En agglomération,Hors intersection,Normale,Autre collision,,,,,,,,,,,2,2,1,1.0,6.0
201000013068,0010-09-10 08:15:00,10,9,10,8,15,110,429,,,,Plein jour,Hors agglomération,Giratoire,Temps éblouissant,Deux véhicules - côté,,,,,,,,,,,1,1,6,7.0,3.0
201000013069,0010-11-11 16:00:00,10,11,11,16,0,110,11,Avenue des Capitelles,43.3,2.314,Plein jour,En agglomération,Intersection en Y,Normale,Autre collision,,,,,,,,,,,1,2,4,1.0,6.0
201000013070,0010-11-16 22:45:00,10,11,16,22,45,110,357,Carrefour D4 /D34,,,Nuit avec éclairage allumé,En agglomération,Hors intersection,Normale,Autre collision,,,,,,,,,,,5,2,1,1.0,6.0
201000013071,0010-08-12 01:45:00,10,8,12,1,45,110,435,,,,Nuit sans éclairage public,Hors agglomération,Hors intersection,Normale,Sans collision,,,,,,,,,,,3,1,1,1.0,7.0
201000013072,0010-04-28 12:00:00,10,4,28,12,0,110,190,,,,Plein jour,Hors agglomération,Intersection en X,Normale,Deux véhicules - côté,,,,,,,,,,,1,1,2,1.0,3.0
201000013073,0010-06-21 21:15:00,10,6,21,21,15,110,280,,43.297,2.677,Plein jour,Hors agglomération,Hors intersection,Normale,Autre collision,,,,,,,,,,,1,1,1,1.0,6.0
201000013074,0010-09-12 06:30:00,10,9,12,6,30,110,81,,,,Crépuscule ou aube,Hors agglomération,Hors intersection,Normale,Autre collision,,,,,,,,,,,2,1,1,1.0,6.0
201000013075,0010-09-14 13:15:00,10,9,14,13,15,110,22,,,,Plein jour,Hors agglomération,Hors intersection,Normale,Deux véhicules - frontale,,,,,,,,,,,1,1,1,1.0,1.0
201000013076,0010-10-21 16:00:00,10,10,21,16,0,110,280,,43.32,2.69,Plein jour,Hors agglomération,Hors intersection,Normale,Sans collision,,,,,,,,,,,1,1,1,1.0,7.0
201000013077,0010-11-18 13:30:00,10,11,18,13,30,110,315,avenue du 22 aout 1944,43.285,2.593,Plein jour,En agglomération,Intersection en Y,Normale,Deux véhicules - côté,,,,,,,,,,,1,2,4,1.0,3.0
201000013078,0010-11-29 17:45:00,10,11,29,17,45,110,286,,,,Crépuscule ou aube,Hors agglomération,Hors intersection,Normale,Sans collision,,,,,,,,,,,2,1,1,1.0,7.0
201000013079,0010-01-01 07:00:00,10,1,1,7,0,110,243,,,,Nuit sans éclairage public,Hors agglomération,Hors intersection,Normale,Autre collision,,,,,,,,,,,3,1,1,1.0,6.0
201000013080,0010-05-20 12:15:00,10,5,20,12,15,110,430,D 219,,,Plein jour,En agglomération,Intersection en X,Normale,Deux véhicules - côté,,,,,,,,,,,1,2,2,1.0,3.0
201000013081,0010-07-04 16:15:00,10,7,4,16,15,110,399,,,,Plein jour,Hors agglomération,Hors intersection,Normale,Deux véhicules - côté,,,,,,,,,,,1,1,1,1.0,3.0
201000013082,0010-10-11 09:30:00,10,10,11,9,30,110,243,,43.355,1.817,Nuit sans éclairage public,Hors agglomération,Hors intersection,Pluie forte,Sans collision,,,,,,,,,,,3,1,1,3.0,7.0
201000013083,0010-10-20 18:00:00,10,10,20,18,0,110,192,,,,Plein jour,Hors agglomération,Intersection en X,Normale,Deux véhicules - côté,,,,,,,,,,,1,1,2,1.0,3.0
201000013084,0010-12-21 16:00:00,10,12,21,16,0,110,225,,,,Plein jour,Hors agglomération,Hors intersection,Normale,Autre collision,,,,,,,,,,,1,1,1,1.0,6.0
201000013085,0010-01-25 05:15:00,10,1,25,5,15,110,434,RD 6113,,,Nuit sans éclairage public,En agglomération,Hors intersection,Normale,Autre collision,,,,,,,,,,,3,2,1,1.0,6.0
201000013086,0010-02-17 07:45:00,10,2,17,7,45,110,9,,,,Plein jour,Hors agglomération,Hors intersection,Normale,Deux véhicules - frontale,,,,,,,,,,,1,1,1,1.0,1.0
201000013087,0010-05-11 10:00:00,10,5,11,10,0,110,199,75 route de Carcassonne,,,Plein jour,En agglomération,Hors intersection,Normale,Autre collision,,,,,,,,,,,1,2,1,1.0,6.0
201000013088,0010-05-18 01:30:00,10,5,18,1,30,110,136,,,,Nuit sans éclairage public,Hors agglomération,Hors intersection,Normale,Autre collision,,,,,,,,,,,3,1,1,1.0,6.0
201000013089,0010-05-27 10:45:00,10,5,27,10,45,110,84,,,,Plein jour,Hors agglomération,Intersection en X,Normale,Deux véhicules - côté,,,,,,,,,,,1,1,2,1.0,3.0
201000013090,0010-06-12 10:30:00,10,6,12,10,30,110,84,,43.216,2.267,Plein jour,Hors agglomération,Hors intersection,Normale,Deux véhicules - côté,,,,,,,,,,,1,1,1,1.0,3.0
201000013091,0010-07-10 04:45:00,10,7,10,4,45,110,254,,,,Nuit sans éclairage public,Hors agglomération,Hors intersection,Normale,Autre collision,,,,,,,,,,,3,1,1,1.0,6.0
201000013092,0010-07-11 01:45:00,10,7,11,1,45,110,418,4 rue du Barry,,,Nuit avec éclairage allumé,En agglomération,Hors intersection,Normale,Autre collision,,,,,,,,,,,5,2,1,1.0,6.0
201000013093,0010-07-24 03:15:00,10,7,24,3,15,110,18,,,,Nuit sans éclairage public,Hors agglomération,Intersection en T,Normale,Deux véhicules - frontale,,,,,,,,,,,3,1,3,1.0,1.0
201000013094,0010-07-26 04:00:00,10,7,26,4,0,110,9,,,,Nuit avec éclairage allumé,En agglomération,Hors intersection,Pluie légère,Sans collision,,,,,,,,,,,5,2,1,2.0,7.0
201000013095,0010-08-09 23:30:00,10,8,9,23,30,110,434,,43.265,2.071,Nuit sans éclairage public,Hors agglomération,Hors intersection,Normale,Autre collision,,,,,,,,,,,3,1,1,1.0,6.0
201000013096,0010-08-20 16:15:00,10,8,20,16,15,110,418,,,,Plein jour,Hors agglomération,Intersection en X,Temps éblouissant,Deux véhicules - côté,,,,,,,,,,,1,1,2,7.0,3.0
201000013097,0010-08-28 17:30:00,10,8,28,17,30,110,199,1 AVENUE DU RAZES,,,Plein jour,En agglomération,Hors intersection,Normale,Autre collision,,,,,,,,,,,1,2,1,1.0,6.0
201000013098,0010-08-30 13:30:00,10,8,30,13,30,110,438,RD4,,,Plein jour,En agglomération,Hors intersection,Normale,Deux véhicules - frontale,,,,,,,,,,,1,2,1,1.0,1.0
201000013099,0010-09-19 18:30:00,10,9,19,18,30,110,418,,,,Plein jour,Hors agglomération,Intersection en X,Normale,Deux véhicules - côté,,,,,,,,,,,1,1,2,1.0,3.0
201000013100,0010-11-05 15:15:00,10,11,5,15,15,110,18,,,,Plein jour,Hors agglomération,Hors intersection,Normale,Autre collision,,,,,,,,,,,1,1,1,1.0,6.0
201000013101,0010-11-15 07:45:00,10,11,15,7,45,110,254,,,,Plein jour,Hors agglomération,Hors intersection,Normale,Autre collision,,,,,,,,,,,1,1,1,1.0,6.0
201000013102,0010-11-16 17:45:00,10,11,16,17,45,110,9,,,,Nuit sans éclairage public,Hors agglomération,Hors intersection,Normale,Trois véhicules et plus - collisions multiples,,,,,,,,,,,3,1,1,1.0,5.0
201000013103,0010-01-05 12:30:00,10,1,5,12,30,110,206,petite rue du palais,,,Plein jour,En agglomération,Hors intersection,Normale,Autre collision,,,,,,,,,,,1,2,1,1.0,6.0
201000013104,0010-01-27 15:30:00,10,1,27,15,30,110,206,AVENUE rhin et danube,,,Plein jour,En agglomération,Hors intersection,Normale,Autre collision,,,,,,,,,,,1,2,1,1.0,6.0
201000013105,0010-02-05 14:45:00,10,2,5,14,45,110,325,,,,Plein jour,Hors agglomération,Intersection en X,Normale,Trois véhicules et plus - collisions multiples,,,,,,,,,,,1,1,2,1.0,5.0
201000013106,0010-03-04 07:00:00,10,3,4,7,0,110,206,Avenue du Languedoc,,,Crépuscule ou aube,En agglomération,Hors intersection,Normale,Autre collision,,,,,,,,,,,2,2,1,1.0,6.0
201000013107,0010-06-30 23:00:00,10,6,30,23,0,110,206,Avenue Camille Bouché,,,Nuit avec éclairage allumé,En agglomération,Hors intersection,Normale,Autre collision,,,,,,,,,,,5,2,1,1.0,6.0
201000013108,0010-07-02 11:00:00,10,7,2,11,0,110,206,Carrefour D 118 - D 623,,,Plein jour,En agglomération,Intersection en T,Normale,Deux véhicules - côté,,,,,,,,,,,1,2,3,1.0,3.0
201000013109,0010-08-25 16:30:00,10,8,25,16,30,110,8,,,,Plein jour,Hors agglomération,Hors intersection,Normale,Autre collision,,,,,,,,,,,1,1,1,1.0,6.0
201000013110,0010-09-05 06:00:00,10,9,5,6,0,110,78,,,,Nuit sans éclairage public,Hors agglomération,Hors intersection,Normale,Autre collision,,,,,,,,,,,3,1,1,1.0,6.0
201000013111,0010-12-10 23:45:00,10,12,10,23,45,110,299,,,,Nuit sans éclairage public,Hors agglomération,Hors intersection,Normale,Autre collision,,,,,,,,,,,3,1,1,1.0,6.0
201000013112,0010-12-17 05:30:00,10,12,17,5,30,110,90,,43.108,2.25,Nuit sans éclairage public,Hors agglomération,Hors intersection,Normale,Sans collision,,,,,,,,,,,3,1,1,1.0,7.0
201000013113,0010-12-17 08:00:00,10,12,17,8,0,110,206,Avenue Charles De Gaulle,,,Crépuscule ou aube,En agglomération,Hors intersection,Normale,Autre collision,,,,,,,,,,,2,2,1,1.0,6.0
201000013114,0010-12-21 11:45:00,10,12,21,11,45,110,206,Avenue André CHENIER,43.066,2.225,Plein jour,En agglomération,Giratoire,Normale,Autre collision,,,,,,,,,,,1,2,6,1.0,6.0
201000013115,0010-01-14 14:00:00,10,1,14,14,0,110,62,,,,Plein jour,Hors agglomération,Hors intersection,Normale,Deux véhicules - frontale,,,,,,,,,,,1,1,1,1.0,1.0
201000013116,0010-02-15 16:30:00,10,2,15,16,30,110,36,,,,Plein jour,Hors agglomération,Hors intersection,Neige / grêle,Autre collision,,,,,,,,,,,1,1,1,4.0,6.0
201000013117,0010-07-23 17:30:00,10,7,23,17,30,110,28,,42.828,1.973,Plein jour,Hors agglomération,Hors intersection,Normale,Autre collision,,,,,,,,,,,1,1,1,1.0,6.0
201000013118,0010-08-31 13:45:00,10,8,31,13,45,110,147,,,,Plein jour,Hors agglomération,Hors intersection,Normale,Deux véhicules - côté,,,,,,,,,,,1,1,1,1.0,3.0
201000013119,0010-10-03 11:00:00,10,10,3,11,0,110,36,,42.858,2.104,Plein jour,Hors agglomération,Hors intersection,Normale,Autre collision,,,,,,,,,,,1,1,1,1.0,6.0
201000013120,0010-02-18 11:30:00,10,2,18,11,30,110,316,,,,Plein jour,Hors agglomération,Hors intersection,Normale,Sans collision,,,,,,,,,,,1,1,1,1.0,7.0
201000013121,0010-05-11 01:45:00,10,5,11,1,45,110,333,,,,Nuit sans éclairage public,Hors agglomération,Hors intersection,Brouillard / fumée,Sans collision,,,,,,,,,,,3,1,1,5.0,7.0
201000013122,0010-06-24 09:45:00,10,6,24,9,45,110,197,Route de limoux,,,Plein jour,En agglomération,Hors intersection,Normale,Autre collision,,,,,,,,,,,1,2,1,1.0,6.0
201000013123,0010-12-21 05:45:00,10,12,21,5,45,110,197,,,,Nuit sans éclairage public,Hors agglomération,Hors intersection,Normale,Sans collision,,,,,,,,,,,3,1,1,1.0,7.0
201000013124,0010-03-16 21:15:00,10,3,16,21,15,110,103,,,,Nuit sans éclairage public,Hors agglomération,Hors intersection,Normale,Autre collision,,,,,,,,,,,3,1,1,1.0,6.0
201000013125,0010-03-27 18:30:00,10,3,27,18,30,110,177,,,,Crépuscule ou aube,Hors agglomération,Hors intersection,Normale,Sans collision,,,,,,,,,,,2,1,1,1.0,7.0
201000013126,0010-05-21 16:45:00,10,5,21,16,45,110,310,,,,Plein jour,Hors agglomération,Hors intersection,Normale,Deux véhicules - frontale,,,,,,,,,,,1,1,1,1.0,1.0
201000013127,0010-06-05 10:45:00,10,6,5,10,45,110,321,,,,Plein jour,Hors agglomération,Hors intersection,Normale,Sans collision,,,,,,,,,,,1,1,1,1.0,7.0
201000013128,0010-06-13 03:30:00,10,6,13,3,30,110,21,,,,Nuit sans éclairage public,Hors agglomération,Hors intersection,Normale,Autre collision,,,,,,,,,,,3,1,1,1.0,6.0
201000013129,0010-07-22 15:45:00,10,7,22,15,45,110,304,Rue de la Rhode,,,Plein jour,En agglomération,Hors intersection,Normale,Deux véhicules - côté,,,,,,,,,,,1,2,1,1.0,3.0
201000013130,0010-08-25 08:00:00,10,8,25,8,0,110,103,RUE DE QUILLAN,,,Plein jour,En agglomération,Hors intersection,Normale,Autre collision,,,,,,,,,,,1,2,1,1.0,6.0
201000013131,0010-10-04 19:45:00,10,10,4,19,45,110,35,RD117,,,Nuit avec éclairage allumé,En agglomération,Hors intersection,Normale,Deux véhicules - frontale,,,,,,,,,,,5,2,1,1.0,1.0
201000013132,0010-10-06 19:00:00,10,10,6,19,0,110,63,,,,Plein jour,Hors agglomération,Intersection en X,Normale,Deux véhicules - côté,,,,,,,,,,,1,1,2,1.0,3.0
201000013133,0010-02-08 08:15:00,10,2,8,8,15,110,421,,43.223,2.864,Plein jour,Hors agglomération,Hors intersection,Normale,Autre collision,,,,,,,,,,,1,1,1,1.0,6.0
201000013134,0010-02-26 19:45:00,10,2,26,19,45,110,262,,43.168,3.012,Nuit sans éclairage public,Hors agglomération,Hors intersection,Normale,Autre collision,,,,,,,,,,,3,1,1,1.0,6.0
201000013135,0010-04-19 17:30:00,10,4,19,17,30,110,255,,43.19,2.93,Plein jour,Hors agglomération,Hors intersection,Normale,Trois véhicules et plus - en chaîne,,,,,,,,,,,1,1,1,1.0,4.0
201000013136,0010-06-16 22:15:00,10,6,16,22,15,110,262,,43.146,3.026,Nuit sans éclairage public,Hors agglomération,Hors intersection,Normale,Autre collision,,,,,,,,,,,3,1,1,1.0,6.0
201000013137,0010-06-25 09:00:00,10,6,25,9,0,110,264,,43.211,2.885,Plein jour,Hors agglomération,Hors intersection,Normale,Trois véhicules et plus - collisions multiples,,,,,,,,,,,1,1,1,1.0,5.0