accident_id,datetime,annee,mois,jour,heure,minute,departement,commune_insee,adresse,latitude,longitude,luminosite,agglomeration,intersection,meteo,collision,nb_vehicules,nb_usagers,nb_indemnes,nb_tues,nb_blesses_hosp,nb_blesses_legers,age_cond_1,age_cond_2,veh_type_cond_1,veh_type_cond_2,lum_code,agg_code,int_code,atm_code,col_code
201000013268,0010-07-05 14:45:00,10,7,5,14,45,300,214,,44.0311,4.11114,Plein jour,Hors agglomération,Hors intersection,Normale,Trois véhicules et plus - collisions multiples,,,,,,,,,,,1,1,1,1.0,5.0
201000013269,0010-07-18 07:00:00,10,7,18,7,0,300,10,,44.05717,4.00101,Crépuscule ou aube,Hors agglomération,Hors intersection,Normale,Autre collision,,,,,,,,,,,2,1,1,1.0,6.0
201000013270,0010-08-26 17:00:00,10,8,26,17,0,300,94,,44.074,3.96443,Plein jour,Hors agglomération,Hors intersection,Normale,Trois véhicules et plus - collisions multiples,,,,,,,,,,,1,1,1,1.0,5.0
201000013271,0010-09-01 11:30:00,10,9,1,11,30,300,10,avenue pasteur Rollin,44.05355,3.98526,Plein jour,En agglomération,Hors intersection,Normale,Autre collision,,,,,,,,,,,1,2,1,1.0,6.0
201000013272,0010-09-20 08:30:00,10,9,20,8,30,300,94,,44.07422,3.96413,Crépuscule ou aube,Hors agglomération,Hors intersection,Temps éblouissant,Trois véhicules et plus - collisions multiples,,,,,,,,,,,2,1,1,7.0,5.0
201000013273,0010-09-26 13:15:00,10,9,26,13,15,300,269,,44.107,3.88493,Plein jour,Hors agglomération,Hors intersection,Normale,Autre collision,,,,,,,,,,,1,1,1,1.0,6.0
201000013274,0010-11-11 16:30:00,10,11,11,16,30,300,298,,44.09839,3.99815,Plein jour,Hors agglomération,Hors intersection,Temps couvert,Sans collision,,,,,,,,,,,1,1,1,8.0,7.0
201000013275,0010-12-03 02:15:00,10,12,3,2,15,300,269,,44.10636,3.8865,Nuit sans éclairage public,Hors agglomération,Hors intersection,Normale,Autre collision,,,,,,,,,,,3,1,1,1.0,6.0
201000013276,0010-02-10 16:30:00,10,2,10,16,30,300,132,boulevard du 8 mai 1945,44.20878,4.02777,Plein jour,En agglomération,Hors intersection,Normale,Trois véhicules et plus - collisions multiples,,,,,,,,,,,1,2,1,1.0,5.0
201000013277,0010-02-15 17:15:00,10,2,15,17,15,300,132,Rue des poilus,44.21478,4.03132,Plein jour,En agglomération,Hors intersection,Normale,Deux véhicules - frontale,,,,,,,,,,,1,2,1,1.0,1.0
201000013278,0010-03-20 20:45:00,10,3,20,20,45,300,203,RD 906,44.27032,4.02018,Nuit avec éclairage allumé,En agglomération,Autre intersection,Normale,Autre collision,,,,,,,,,,,5,2,9,1.0,6.0
201000013279,0010-05-04 13:15:00,10,5,4,13,15,300,142,,44.2358,4.05511,Plein jour,Hors agglomération,Hors intersection,Pluie légère,Deux véhicules - côté,,,,,,,,,,,1,1,1,2.0,3.0
201000013280,0010-05-15 17:00:00,10,5,15,17,0,300,132,RD286,44.21668,4.02085,Plein jour,En agglomération,Hors intersection,Normale,Autre collision,,,,,,,,,,,1,2,1,1.0,6.0
201000013281,0010-08-20 10:30:00,10,8,20,10,30,300,253,pl de la pharmacie D59,,,Plein jour,En agglomération,Hors intersection,Normale,Deux véhicules - côté,,,,,,,,,,,1,2,1,1.0,3.0
201000013282,0010-11-22 10:45:00,10,11,22,10,45,300,159,parking maison de retrai,,,Plein jour,En agglomération,Hors intersection,Normale,Autre collision,,,,,,,,,,,1,2,1,1.0,6.0
201000013283,0010-02-06 03:00:00,10,2,6,3,0,300,55,,44.11759,4.2437,Nuit sans éclairage public,Hors agglomération,Hors intersection,Normale,Autre collision,,,,,,,,,,,3,1,1,1.0,6.0
201000013284,0010-05-26 18:30:00,10,5,26,18,30,300,274,85 avenue des rosiers,44.17177,4.1056,Plein jour,En agglomération,Hors intersection,Normale,Autre collision,,,,,,,,,,,1,2,1,1.0,6.0
201000013285,0010-06-02 15:30:00,10,6,2,15,30,300,294,CHEMIN DU VIGET,44.1476,4.11679,Plein jour,En agglomération,Hors intersection,Normale,Deux véhicules - frontale,,,,,,,,,,,1,2,1,1.0,1.0
201000013286,0010-06-18 15:30:00,10,6,18,15,30,300,294,vieille route de Salindr,,,Plein jour,En agglomération,Hors intersection,Normale,Trois véhicules et plus - collisions multiples,,,,,,,,,,,1,2,1,1.0,5.0
201000013287,0010-06-20 11:45:00,10,6,20,11,45,300,291,,44.14629,3.94333,Plein jour,Hors agglomération,Hors intersection,Normale,Autre collision,,,,,,,,,,,1,1,1,1.0,6.0
201000013288,0010-06-30 12:30:00,10,6,30,12,30,300,77,,44.15584,4.0565,Plein jour,Hors agglomération,Hors intersection,Normale,Deux véhicules - frontale,,,,,,,,,,,1,1,1,1.0,1.0
201000013289,0010-07-06 14:00:00,10,7,6,14,0,300,270,,44.11654,4.0529,Plein jour,Hors agglomération,Hors intersection,Normale,Deux véhicules - frontale,,,,,,,,,,,1,1,1,1.0,1.0
201000013290,0010-08-24 20:00:00,10,8,24,20,0,300,284,,44.17972,4.08112,Crépuscule ou aube,Hors agglomération,Hors intersection,Normale,Sans collision,,,,,,,,,,,2,1,1,1.0,7.0
201000013291,0010-09-17 13:45:00,10,9,17,13,45,300,223,,44.18243,4.18333,Plein jour,Hors agglomération,Hors intersection,Normale,Deux véhicules - frontale,,,,,,,,,,,1,1,1,1.0,1.0
201000013292,0010-09-19 17:45:00,10,9,19,17,45,300,294,,44.15301,4.10644,Plein jour,Hors agglomération,Intersection en T,Normale,Deux véhicules - côté,,,,,,,,,,,1,1,3,1.0,3.0
201000013293,0010-11-25 17:45:00,10,11,25,17,45,300,284,,44.15722,4.09349,Nuit sans éclairage public,Hors agglomération,Hors intersection,Pluie légère,Deux véhicules - frontale,,,,,,,,,,,3,1,1,2.0,1.0
201000013294,0010-12-08 14:15:00,10,12,8,14,15,300,305,,44.16717,4.16716,Plein jour,Hors agglomération,Hors intersection,Normale,Deux véhicules - frontale,,,,,,,,,,,1,1,1,1.0,1.0
201000013295,0010-12-19 02:45:00,10,12,19,2,45,300,223,,44.21271,4.14865,Nuit sans éclairage public,Hors agglomération,Hors intersection,Normale,Autre collision,,,,,,,,,,,3,1,1,1.0,6.0
201000013296,0010-12-29 20:30:00,10,12,29,20,30,300,348,,44.03291,4.14696,Nuit sans éclairage public,Hors agglomération,Hors intersection,Pluie légère,Autre collision,,,,,,,,,,,3,1,1,2.0,6.0
201000013297,0010-01-30 05:00:00,10,1,30,5,0,300,348,R.D. 936,44.06397,4.12158,Nuit sans éclairage public,En agglomération,Hors intersection,Normale,Sans collision,,,,,,,,,,,3,2,1,1.0,7.0
201000013298,0010-02-07 17:00:00,10,2,7,17,0,300,147,,44.02222,4.03978,Plein jour,Hors agglomération,Hors intersection,Normale,Sans collision,,,,,,,,,,,1,1,1,1.0,7.0
201000013299,0010-02-14 03:45:00,10,2,14,3,45,300,101,,44.08242,4.14712,Nuit sans éclairage public,Hors agglomération,Hors intersection,Normale,Sans collision,,,,,,,,,,,3,1,1,1.0,7.0
201000013300,0010-03-14 06:00:00,10,3,14,6,0,300,2,,43.964,4.09818,Nuit sans éclairage public,Hors agglomération,Hors intersection,Normale,Autre collision,,,,,,,,,,,3,1,1,1.0,6.0
201000013301,0010-03-19 04:15:00,10,3,19,4,15,300,147,,44.0125,4.05278,Nuit avec éclairage allumé,En agglomération,Hors intersection,Normale,Autre collision,,,,,,,,,,,5,2,1,1.0,6.0
201000013302,0010-04-24 16:00:00,10,4,24,16,0,300,259,Route d'UZES,44.10754,4.11904,Plein jour,En agglomération,Hors intersection,Normale,Deux véhicules - côté,,,,,,,,,,,1,2,1,1.0,3.0
201000013303,0010-04-24 14:15:00,10,4,24,14,15,300,285,,,,Plein jour,Hors agglomération,Intersection en X,Normale,Deux véhicules - côté,,,,,,,,,,,1,1,2,1.0,3.0
201000013304,0010-06-01 15:45:00,10,6,1,15,45,300,2,,43.9635,4.13048,Plein jour,Hors agglomération,Intersection en X,Normale,Deux véhicules - côté,,,,,,,,,,,1,1,2,1.0,3.0
201000013305,0010-06-04 05:45:00,10,6,4,5,45,300,259,CD982 - route d'Uzes,44.10671,4.12152,Crépuscule ou aube,En agglomération,Hors intersection,Normale,Deux véhicules - frontale,,,,,,,,,,,2,2,1,1.0,1.0
201000013306,0010-06-24 19:00:00,10,6,24,19,0,300,46,,44.01124,4.16359,Plein jour,Hors agglomération,Hors intersection,Normale,Deux véhicules - frontale,,,,,,,,,,,1,1,1,1.0,1.0
201000013307,0010-06-24 16:00:00,10,6,24,16,0,300,147,,44.01694,4.0391,Plein jour,Hors agglomération,Hors intersection,Normale,Deux véhicules - frontale,,,,,,,,,,,1,1,1,1.0,1.0
201000013308,0010-07-14 15:15:00,10,7,14,15,15,300,165,,,,Plein jour,Hors agglomération,Hors intersection,Normale,Sans collision,,,,,,,,,,,1,1,1,1.0,7.0
201000013309,0010-07-16 11:00:00,10,7,16,11,0,300,147,,44.01987,4.05128,Plein jour,Hors agglomération,Hors intersection,Normale,Autre collision,,,,,,,,,,,1,1,1,1.0,6.0
201000013310,0010-08-02 02:15:00,10,8,2,2,15,300,160,,44.00802,4.12146,Nuit sans éclairage public,Hors agglomération,Hors intersection,Temps couvert,Deux véhicules - côté,,,,,,,,,,,3,1,1,8.0,3.0
201000013311,0010-07-31 23:30:00,10,7,31,23,30,300,285,D 120 Route de Valence,44.0286,4.23399,Nuit sans éclairage public,En agglomération,Hors intersection,Normale,Sans collision,,,,,,,,,,,3,2,1,1.0,7.0
201000013312,0010-08-17 15:15:00,10,8,17,15,15,300,177,,44.09281,4.17896,Plein jour,Hors agglomération,Hors intersection,Normale,Sans collision,,,,,,,,,,,1,1,1,1.0,7.0
201000013313,0010-08-27 08:45:00,10,8,27,8,45,300,2,,43.96954,4.10102,Plein jour,Hors agglomération,Hors intersection,Normale,Deux véhicules - côté,,,,,,,,,,,1,1,1,1.0,3.0
201000013314,0010-10-06 16:45:00,10,10,6,16,45,300,2,,43.95756,4.09912,Plein jour,Hors agglomération,Hors intersection,Normale,Trois véhicules et plus - collisions multiples,,,,,,,,,,,1,1,1,1.0,5.0
201000013315,0010-10-28 19:45:00,10,10,28,19,45,300,72,,44.00266,4.23946,Nuit sans éclairage public,Hors agglomération,Hors intersection,Normale,Deux véhicules - frontale,,,,,,,,,,,3,1,1,1.0,1.0
201000013316,0010-09-09 14:00:00,10,9,9,14,0,300,130,,44.32253,3.9654,Plein jour,Hors agglomération,Hors intersection,Normale,Deux véhicules - frontale,,,,,,,,,,,1,1,1,1.0,1.0
201000013317,0010-10-25 12:15:00,10,10,25,12,15,300,80,,44.28306,3.99942,Plein jour,Hors agglomération,Hors intersection,Vent fort / tempête,Sans collision,,,,,,,,,,,1,1,1,6.0,7.0
201000013318,0010-02-07 14:30:00,10,2,7,14,30,300,152,,44.22222,4.19022,Plein jour,Hors agglomération,Hors intersection,Normale,Autre collision,,,,,,,,,,,1,1,1,1.0,6.0
201000013319,0010-02-10 15:15:00,10,2,10,15,15,300,227,Boulevard du portalet,44.26158,4.19915,Plein jour,En agglomération,Hors intersection,Normale,Autre collision,,,,,,,,,,,1,2,1,1.0,6.0
201000013320,0010-04-24 18:00:00,10,4,24,18,0,300,152,AVENUE DU MOULIN,44.22596,4.39389,Plein jour,En agglomération,Hors intersection,Normale,Deux véhicules - côté,,,,,,,,,,,1,2,1,1.0,3.0
201000013321,0010-05-22 02:15:00,10,5,22,2,15,300,152,,44.21752,4.17441,Nuit avec éclairage allumé,Hors agglomération,Hors intersection,Normale,Autre collision,,,,,,,,,,,5,1,1,1.0,6.0
201000013322,0010-05-24 13:00:00,10,5,24,13,0,300,204,rue de la mairie,,,Plein jour,En agglomération,Intersection en T,Normale,Deux véhicules - côté,,,,,,,,,,,1,2,3,1.0,3.0
201000013323,0010-05-27 12:30:00,10,5,27,12,30,300,227,faubourg du paradis,,,Plein jour,En agglomération,Hors intersection,Normale,Autre collision,,,,,,,,,,,1,2,1,1.0,6.0
201000013324,0010-06-10 16:45:00,10,6,10,16,45,300,227,,44.25139,4.18229,Plein jour,Hors agglomération,Hors intersection,Pluie forte,Deux véhicules - frontale,,,,,,,,,,,1,1,1,3.0,1.0
201000013325,0010-07-12 13:45:00,10,7,12,13,45,300,227,,44.23057,4.22105,Plein jour,Hors agglomération,Hors intersection,Normale,Deux véhicules - arrière,,,,,,,,,,,1,1,1,1.0,2.0
201000013326,0010-08-13 17:45:00,10,8,13,17,45,300,215,Le Bourg,,,Plein jour,En agglomération,Hors intersection,Normale,Sans collision,,,,,,,,,,,1,2,1,1.0,7.0
201000013327,0010-08-19 17:15:00,10,8,19,17,15,300,227,rue de la république,,,Plein jour,En agglomération,Hors intersection,Normale,Autre collision,,,,,,,,,,,1,2,1,1.0,6.0
201000013328,0010-08-24 08:15:00,10,8,24,8,15,300,164,RUE DU VIEUX VILLAGE,44.22566,4.34731,Plein jour,En agglomération,Hors intersection,Normale,Autre collision,,,,,,,,,,,1,2,1,1.0,6.0
201000013329,0010-09-15 07:45:00,10,9,15,7,45,300,227,,44.24473,4.17936,Crépuscule ou aube,Hors agglomération,Hors intersection,Normale,Autre collision,,,,,,,,,,,2,1,1,1.0,6.0
201000013330,0010-10-02 17:00:00,10,10,2,17,0,300,37,,44.28387,4.11822,Plein jour,Hors agglomération,Hors intersection,Normale,Deux véhicules - frontale,,,,,,,,,,,1,1,1,1.0,1.0
201000013331,0010-10-22 15:30:00,10,10,22,15,30,300,152,,44.2368,4.16803,Plein jour,Hors agglomération,Hors intersection,Normale,Trois véhicules et plus - collisions multiples,,,,,,,,,,,1,1,1,1.0,5.0
201000013332,0010-10-29 15:15:00,10,10,29,15,15,300,152,,44.21673,4.15486,Plein jour,Hors agglomération,Hors intersection,Normale,Deux véhicules - frontale,,,,,,,,,,,1,1,1,1.0,1.0
201000013333,0010-11-17 08:00:00,10,11,17,8,0,300,152,,44.2395,4.17377,Plein jour,Hors agglomération,Hors intersection,Normale,Deux véhicules - frontale,,,,,,,,,,,1,1,1,1.0,1.0
201000013334,0010-11-19 22:15:00,10,11,19,22,15,300,167,,44.27653,4.14933,Nuit sans éclairage public,Hors agglomération,Hors intersection,Normale,Sans collision,,,,,,,,,,,3,1,1,1.0,7.0
201000013335,0010-01-01 18:00:00,10,1,1,18,0,300,295,,44.03989,4.4532,Nuit sans éclairage public,Hors agglomération,Hors intersection,Normale,Sans collision,,,,,,,,,,,3,1,1,1.0,7.0
201000013336,0010-02-06 09:15:00,10,2,6,9,15,300,67,rte de pougnadoresse,44.05593,4.52561,Plein jour,En agglomération,Hors intersection,Normale,Deux véhicules - frontale,,,,,,,,,,,1,2,1,1.0,1.0
201000013337,0010-02-16 17:00:00,10,2,16,17,0,300,334,,43.99838,4.39547,Crépuscule ou aube,Hors agglomération,Hors intersection,Pluie légère,Deux véhicules - côté,,,,,,,,,,,2,1,1,2.0,3.0
201000013338,0010-02-28 06:45:00,10,2,28,6,45,300,151,,44.13107,4.41075,Nuit sans éclairage public,Hors agglomération,Hors intersection,Pluie légère,Autre collision,,,,,,,,,,,3,1,1,2.0,6.0
201000013339,0010-03-01 18:00:00,10,3,1,18,0,300,308,avenue du stade,,,Plein jour,En agglomération,Hors intersection,Normale,Autre collision,,,,,,,,,,,1,2,1,1.0,6.0
201000013340,0010-04-01 14:30:00,10,4,1,14,30,300,334,,44.05554,4.40124,Plein jour,Hors agglomération,Hors intersection,Normale,Deux véhicules - côté,,,,,,,,,,,1,1,1,1.0,3.0
201000013341,0010-04-11 18:30:00,10,4,11,18,30,300,334,Place croix des palmiers,44.00826,4.41819,Plein jour,En agglomération,Hors intersection,Normale,Deux véhicules - côté,,,,,,,,,,,1,2,1,1.0,3.0
201000013342,0010-04-17 20:15:00,10,4,17,20,15,300,279,,44.09041,4.45487,Crépuscule ou aube,Hors agglomération,Hors intersection,Normale,Autre collision,,,,,,,,,,,2,1,1,1.0,6.0
201000013343,0010-05-02 17:45:00,10,5,2,17,45,300,232,,44.17002,4.48767,Plein jour,Hors agglomération,Hors intersection,Pluie forte,Autre collision,,,,,,,,,,,1,1,1,3.0,6.0
201000013344,0010-05-08 00:01:00,10,5,8,0,1,300,334,Avenue de la gare,,,Nuit avec éclairage allumé,En agglomération,Hors intersection,Normale,Deux véhicules - côté,,,,,,,,,,,5,2,1,1.0,3.0
201000013345,0010-05-09 09:00:00,10,5,9,9,0,300,174,,44.06705,4.39693,Plein jour,Hors agglomération,Hors intersection,Pluie légère,Deux véhicules - côté,,,,,,,,,,,1,1,1,2.0,3.0
201000013346,0010-05-24 00:01:00,10,5,24,0,1,300,295,chemin de montaren,,,Nuit sans éclairage public,En agglomération,Hors intersection,Normale,Deux véhicules - frontale,,,,,,,,,,,3,2,1,1.0,1.0
201000013347,0010-05-28 23:00:00,10,5,28,23,0,300,174,,44.02181,4.3964,Nuit sans éclairage public,Hors agglomération,Hors intersection,Normale,Autre collision,,,,,,,,,,,3,1,1,1.0,6.0
201000013348,0010-06-07 12:30:00,10,6,7,12,30,300,337,,44.05874,4.47285,Plein jour,Hors agglomération,Hors intersection,Normale,Deux véhicules - frontale,,,,,,,,,,,1,1,1,1.0,1.0
201000013349,0010-06-15 17:15:00,10,6,15,17,15,300,41,,43.96103,4.38423,Plein jour,Hors agglomération,Hors intersection,Pluie forte,Deux véhicules - côté,,,,,,,,,,,1,1,1,3.0,3.0
201000013350,0010-07-02 15:15:00,10,7,2,15,15,300,299,,44.02089,4.44592,Plein jour,Hors agglomération,Hors intersection,Normale,Deux véhicules - frontale,,,,,,,,,,,1,1,1,1.0,1.0
201000013351,0010-08-13 14:15:00,10,8,13,14,15,300,14,,43.99236,4.33689,Plein jour,Hors agglomération,Hors intersection,Normale,Sans collision,,,,,,,,,,,1,1,1,1.0,7.0
201000013352,0010-09-09 15:00:00,10,9,9,15,0,300,1,,44.05195,4.34916,Plein jour,Hors agglomération,Hors intersection,Normale,Deux véhicules - côté,,,,,,,,,,,1,1,1,1.0,3.0
201000013353,0010-10-11 09:45:00,10,10,11,9,45,300,174,,44.06569,4.39633,Plein jour,Hors agglomération,Hors intersection,Pluie forte,Deux véhicules - frontale,,,,,,,,,,,1,1,1,3.0,1.0
201000013354,0010-10-13 17:45:00,10,10,13,17,45,300,174,,44.02135,4.3976,Plein jour,Hors agglomération,Hors intersection,Normale,Deux véhicules - côté,,,,,,,,,,,1,1,1,1.0,3.0
201000013355,0010-10-21 16:30:00,10,10,21,16,30,300,299,,44.2368,4.16803,Plein jour,Hors agglomération,Hors intersection,Normale,Autre collision,,,,,,,,,,,1,1,1,1.0,6.0
201000013356,0010-11-07 17:00:00,10,11,7,17,0,300,299,,44.01972,4.46222,Plein jour,Hors agglomération,Hors intersection,Normale,Autre collision,,,,,,,,,,,1,1,1,1.0,6.0
201000013357,0010-11-10 19:45:00,10,11,10,19,45,300,174,,,,Nuit sans éclairage public,Hors agglomération,Hors intersection,Normale,Autre collision,,,,,,,,,,,3,1,1,1.0,6.0
201000013358,0010-11-24 10:45:00,10,11,24,10,45,300,334,Avenue des cevennes,,,Plein jour,En agglomération,Hors intersection,Normale,Autre collision,,,,,,,,,,,1,2,1,1.0,6.0
201000013359,0010-12-01 12:30:00,10,12,1,12,30,300,295,,44.07765,4.44904,Plein jour,Hors agglomération,Hors intersection,Normale,Deux véhicules - frontale,,,,,,,,,,,1,1,1,1.0,1.0
201000013360,0010-12-18 14:00:00,10,12,18,14,0,300,282,,44.13533,4.47479,Plein jour,Hors agglomération,Intersection en X,Normale,Deux véhicules - côté,,,,,,,,,,,1,1,2,1.0,3.0
201000013361,0010-12-23 18:30:00,10,12,23,18,30,300,334,avenue chauvin,,,Nuit avec éclairage allumé,En agglomération,Hors intersection,Pluie légère,Autre collision,,,,,,,,,,,5,2,1,2.0,6.0
201000013362,0010-03-06 14:30:00,10,3,6,14,30,300,290,,44.2704,4.59154,Plein jour,Hors agglomération,Hors intersection,Normale,Autre collision,,,,,,,,,,,1,1,1,1.0,6.0
201000013363,0010-03-20 05:00:00,10,3,20,5,0,300,277,,44.21977,4.54256,Nuit sans éclairage public,Hors agglomération,Hors intersection,Pluie légère,Sans collision,,,,,,,,,,,3,1,1,2.0,7.0
201000013364,0010-04-10 09:30:00,10,4,10,9,30,300,202,Boulevard GAMBETTA,44.25532,4.64783,Plein jour,En agglomération,Hors intersection,Normale,Autre collision,,,,,,,,,,,1,2,1,1.0,6.0
201000013365,0010-05-02 07:30:00,10,5,2,7,30,300,256,,44.18888,4.55706,Plein jour,Hors agglomération,Hors intersection,Pluie légère,Sans collision,,,,,,,,,,,1,1,1,2.0,7.0
201000013366,0010-06-25 17:15:00,10,6,25,17,15,300,288,RN 86 - Rue principale,44.19634,4.62493,Plein jour,En agglomération,Hors intersection,Normale,Autre collision,,,,,,,,,,,1,2,1,1.0,6.0
201000013367,0010-06-27 18:00:00,10,6,27,18,0,300,273,,44.29546,4.56058,Plein jour,Hors agglomération,Hors intersection,Normale,Deux véhicules - frontale,,,,,,,,,,,1,1,1,1.0,1.0
201000013368,0010-07-07 17:30:00,10,7,7,17,30,300,96,,44.21137,4.49723,Plein jour,Hors agglomération,Hors intersection,Temps éblouissant,Deux véhicules - côté,,,,,,,,,,,1,1,1,7.0,3.0
201000013369,0010-07-20 17:30:00,10,7,20,17,30,300,202,,44.27195,4.63011,Plein jour,Hors agglomération,Hors intersection,Normale,Deux véhicules - frontale,,,,,,,,,,,1,1,1,1.0,1.0
201000013370,0010-07-28 18:45:00,10,7,28,18,45,300,96,,44.21152,4.51236,Plein jour,Hors agglomération,Hors intersection,Normale,Deux véhicules - côté,,,,,,,,,,,1,1,1,1.0,3.0
201000013371,0010-07-29 15:00:00,10,7,29,15,0,300,202,,,,Plein jour,Hors agglomération,Hors intersection,Normale,Trois véhicules et plus - en chaîne,,,,,,,,,,,1,1,1,1.0,4.0
201000013372,0010-09-22 18:00:00,10,9,22,18,0,300,202,,44.2514,4.65592,Plein jour,Hors agglomération,Hors intersection,Normale,Deux véhicules - frontale,,,,,,,,,,,1,1,1,1.0,1.0
201000013373,0010-11-22 18:00:00,10,11,22,18,0,300,96,,44.21181,4.51597,Nuit avec éclairage allumé,Hors agglomération,Hors intersection,Normale,Deux véhicules - frontale,,,,,,,,,,,5,1,1,1.0,1.0
201000013374,0010-12-01 19:00:00,10,12,1,19,0,300,287,,44.19517,4.54393,Nuit sans éclairage public,Hors agglomération,Hors intersection,Normale,Deux véhicules - côté,,,,,,,,,,,3,1,1,1.0,3.0
201000013375,0010-01-06 12:45:00,10,1,6,12,45,300,336,,43.84574,4.63193,Plein jour,Hors agglomération,Hors intersection,Normale,Deux véhicules - frontale,,,,,,,,,,,1,1,1,1.0,1.0
201000013376,0010-01-19 13:15:00,10,1,19,13,15,300,179,AVENUE DU 08 MAI 1945,43.87613,4.6,Plein jour,En agglomération,Hors intersection,Normale,Deux véhicules - frontale,,,,,,,,,,,1,2,1,1.0,1.0
201000013377,0010-01-29 06:45:00,10,1,29,6,45,300,346,,43.95851,4.52118,Crépuscule ou aube,Hors agglomération,Hors intersection,Normale,Sans collision,,,,,,,,,,,2,1,1,1.0,7.0
201000013378,0010-03-19 21:30:00,10,3,19,21,30,300,235,,43.91761,4.53168,Nuit sans éclairage public,Hors agglomération,Autre intersection,Normale,Deux véhicules - frontale,,,,,,,,,,,3,1,9,1.0,1.0
201000013379,0010-04-21 17:00:00,10,4,21,17,0,300,107,,43.94416,4.62387,Plein jour,Hors agglomération,Hors intersection,Normale,Deux véhicules - côté,,,,,,,,,,,1,1,1,1.0,3.0
201000013380,0010-04-27 17:00:00,10,4,27,17,0,300,212,ROUTE DE BAGNOLS,43.94146,4.56808,Plein jour,En agglomération,Hors intersection,Normale,Autre collision,,,,,,,,,,,1,2,1,1.0,6.0
201000013381,0010-05-01 09:15:00,10,5,1,9,15,300,179,,43.87044,4.58422,Plein jour,Hors agglomération,Intersection en X,Normale,Deux véhicules - côté,,,,,,,,,,,1,1,2,1.0,3.0
201000013382,0010-05-06 17:00:00,10,5,6,17,0,300,73,,43.95254,4.55272,Plein jour,Hors agglomération,Hors intersection,Normale,Deux véhicules - côté,,,,,,,,,,,1,1,1,1.0,3.0
201000013383,0010-05-28 19:15:00,10,5,28,19,15,300,340,,44.01336,4.58047,Plein jour,Hors agglomération,Hors intersection,Normale,Autre collision,,,,,,,,,,,1,1,1,1.0,6.0
201000013384,0010-06-07 17:00:00,10,6,7,17,0,300,340,,43.98067,4.57413,Plein jour,Hors agglomération,Hors intersection,Normale,Deux véhicules - frontale,,,,,,,,,,,1,1,1,1.0,1.0
201000013385,0010-06-24 16:30:00,10,6,24,16,30,300,73,,43.96855,4.57374,Plein jour,Hors agglomération,Hors intersection,Normale,Deux véhicules - frontale,,,,,,,,,,,1,1,1,1.0,1.0
201000013386,0010-07-20 12:00:00,10,7,20,12,0,300,12,,43.88439,4.64108,Plein jour,Hors agglomération,Hors intersection,Normale,Autre collision,,,,,,,,,,,1,1,1,1.0,6.0
201000013387,0010-07-11 17:00:00,10,7,11,17,0,300,260,,,,Plein jour,Hors agglomération,Hors intersection,Normale,Sans collision,,,,,,,,,,,1,1,1,1.0,7.0
201000013388,0010-08-14 11:45:00,10,8,14,11,45,300,89,,43.86018,4.59178,Plein jour,Hors agglomération,Hors intersection,Normale,Deux véhicules - frontale,,,,,,,,,,,1,1,1,1.0,1.0
201000013389,0010-08-19 14:00:00,10,8,19,14,0,300,12,,43.89157,4.6884,Plein jour,Hors agglomération,Hors intersection,Normale,Deux véhicules - frontale,,,,,,,,,,,1,1,1,1.0,1.0
201000013390,0010-08-21 19:00:00,10,8,21,19,0,300,107,,43.95581,4.65267,Plein jour,Hors agglomération,Hors intersection,Normale,Deux véhicules - arrière,,,,,,,,,,,1,1,1,1.0,2.0
201000013391,0010-08-26 09:00:00,10,8,26,9,0,300,260,,43.95854,4.58285,Plein jour,Hors agglomération,Hors intersection,Normale,Trois véhicules et plus - collisions multiples,,,,,,,,,,,1,1,1,1.0,5.0
201000013392,0010-10-16 14:45:00,10,10,16,14,45,300,179,,43.87606,4.60933,Plein jour,Hors agglomération,Hors intersection,Normale,Deux véhicules - côté,,,,,,,,,,,1,1,1,1.0,3.0
201000013393,0010-10-22 17:00:00,10,10,22,17,0,300,179,,43.87049,4.58414,Plein jour,Hors agglomération,Hors intersection,Normale,Deux véhicules - côté,,,,,,,,,,,1,1,1,1.0,3.0
201000013394,0010-11-02 08:15:00,10,11,2,8,15,300,103,,43.94347,4.6533,Plein jour,Hors agglomération,Hors intersection,Normale,Deux véhicules - frontale,,,,,,,,,,,1,1,1,1.0,1.0
201000013395,0010-11-11 16:00:00,10,11,11,16,0,300,235,CD6086,,,Plein jour,En agglomération,Hors intersection,Normale,Deux véhicules - côté,,,,,,,,,,,1,2,1,1.0,3.0
201000013396,0010-11-11 20:00:00,10,11,11,20,0,300,340,,43.99243,4.57672,Nuit sans éclairage public,Hors agglomération,Hors intersection,Pluie forte,Sans collision,,,,,,,,,,,3,1,1,3.0,7.0