accident_id,datetime,annee,mois,jour,heure,minute,departement,commune_insee,adresse,latitude,longitude,luminosite,agglomeration,intersection,meteo,collision,nb_vehicules,nb_usagers,nb_indemnes,nb_tues,nb_blesses_hosp,nb_blesses_legers,age_cond_1,age_cond_2,veh_type_cond_1,veh_type_cond_2,lum_code,agg_code,int_code,atm_code,col_code
201000013531,0010-04-21 14:30:00,10,4,21,14,30,480,140,,,,Plein jour,Hors agglomération,Hors intersection,Normale,Sans collision,,,,,,,,,,,1,1,1,1.0,7.0
201000013532,0010-05-13 13:00:00,10,5,13,13,0,480,128,,,,Plein jour,Hors agglomération,Hors intersection,Pluie légère,Sans collision,,,,,,,,,,,1,1,1,2.0,7.0
201000013533,0010-06-09 15:45:00,10,6,9,15,45,480,128,,,,Plein jour,Hors agglomération,Hors intersection,Vent fort / tempête,Autre collision,,,,,,,,,,,1,1,1,6.0,6.0
201000013534,0010-07-18 12:15:00,10,7,18,12,15,480,128,,,,Plein jour,Hors agglomération,Hors intersection,Normale,Sans collision,,,,,,,,,,,1,1,1,1.0,7.0
201000013535,0010-09-09 11:30:00,10,9,9,11,30,480,140,,,,Plein jour,Hors agglomération,Hors intersection,Pluie légère,Deux véhicules - frontale,,,,,,,,,,,1,1,1,2.0,1.0
201000013536,0010-09-19 18:45:00,10,9,19,18,45,480,63,,,,Plein jour,Hors agglomération,Intersection en T,Normale,Deux véhicules - côté,,,,,,,,,,,1,1,3,1.0,3.0
201000013537,0010-10-01 20:45:00,10,10,1,20,45,480,132,,,,Nuit sans éclairage public,Hors agglomération,Hors intersection,Normale,Autre collision,,,,,,,,,,,3,1,1,1.0,6.0
201000013538,0010-10-14 17:00:00,10,10,14,17,0,480,140,,,,Plein jour,Hors agglomération,Hors intersection,Normale,Autre collision,,,,,,,,,,,1,1,1,1.0,6.0
201000013539,0010-11-04 13:45:00,10,11,4,13,45,480,128,,,,Plein jour,Hors agglomération,Intersection en T,Normale,Deux véhicules - côté,,,,,,,,,,,1,1,3,1.0,3.0
201000013540,0010-12-22 15:00:00,10,12,22,15,0,480,177,,,,Plein jour,Hors agglomération,Hors intersection,Pluie légère,Autre collision,,,,,,,,,,,1,1,1,2.0,6.0
201000013541,0010-01-24 07:30:00,10,1,24,7,30,660,37,,,,Crépuscule ou aube,Hors agglomération,Autre intersection,Normale,Autre collision,,,,,,,,,,,2,1,9,1.0,6.0
201000013542,0010-03-13 05:30:00,10,3,13,5,30,660,37,,,,Nuit sans éclairage public,Hors agglomération,Autre intersection,Normale,Deux véhicules - frontale,,,,,,,,,,,3,1,9,1.0,1.0
201000013543,0010-03-25 14:00:00,10,3,25,14,0,660,224,,,,Plein jour,En agglomération,Hors intersection,Normale,Autre collision,,,,,,,,,,,1,2,1,1.0,6.0
201000013544,0010-06-26 05:45:00,10,6,26,5,45,660,37,20 avenue Eugene Sauvy,42.69342,3.03309,Crépuscule ou aube,En agglomération,Hors intersection,Normale,Autre collision,,,,,,,,,,,2,2,1,1.0,6.0
201000013545,0010-06-27 15:00:00,10,6,27,15,0,660,37,,,,Plein jour,Hors agglomération,Hors intersection,Normale,Deux véhicules - côté,,,,,,,,,,,1,1,1,1.0,3.0
201000013546,0010-06-27 15:30:00,10,6,27,15,30,660,182,,42.72341,3.01637,Plein jour,Hors agglomération,Hors intersection,Normale,Deux véhicules - côté,,,,,,,,,,,1,1,1,1.0,3.0
201000013547,0010-08-21 10:15:00,10,8,21,10,15,660,37,,,,Plein jour,Hors agglomération,Hors intersection,Normale,Deux véhicules - frontale,,,,,,,,,,,1,1,1,1.0,1.0
201000013548,0010-08-22 11:45:00,10,8,22,11,45,660,37,voie dse flamants roses,42.6892,3.02786,Plein jour,En agglomération,Hors intersection,Normale,Deux véhicules - arrière,,,,,,,,,,,1,2,1,1.0,2.0
201000013549,0010-08-28 18:15:00,10,8,28,18,15,660,37,VOIE DE LA MEDITERANNEE,42.69434,3.03382,Plein jour,En agglomération,Hors intersection,Normale,Autre collision,,,,,,,,,,,1,2,1,1.0,6.0
201000013550,0010-03-02 09:30:00,10,3,2,9,30,660,114,Av de la mediterranée,,,Plein jour,En agglomération,Giratoire,Normale,Deux véhicules - frontale,,,,,,,,,,,1,2,6,1.0,1.0
201000013551,0010-06-30 12:00:00,10,6,30,12,0,660,65,Bld coste Bails,42.59897,2.97524,Plein jour,En agglomération,Hors intersection,Normale,Autre collision,,,,,,,,,,,1,2,1,1.0,6.0
201000013552,0010-07-08 17:30:00,10,7,8,17,30,660,11,,,,Plein jour,Hors agglomération,Hors intersection,Normale,Deux véhicules - arrière,,,,,,,,,,,1,1,1,1.0,2.0
201000013553,0010-08-04 09:00:00,10,8,4,9,0,660,11,Av.  de la mediterranée,42.60495,2.89477,Plein jour,En agglomération,Hors intersection,Normale,Deux véhicules - côté,,,,,,,,,,,1,2,1,1.0,3.0
201000013554,0010-08-12 06:30:00,10,8,12,6,30,660,129,,42.582,2.917,Crépuscule ou aube,Hors agglomération,Hors intersection,Normale,Autre collision,,,,,,,,,,,2,1,1,1.0,6.0
201000013555,0010-09-09 07:00:00,10,9,9,7,0,660,59,,,,Crépuscule ou aube,Hors agglomération,Hors intersection,Normale,Autre collision,,,,,,,,,,,2,1,1,1.0,6.0
201000013556,0010-11-06 16:45:00,10,11,6,16,45,660,114,CD612,42.60574,2.93635,Plein jour,En agglomération,Giratoire,Normale,Deux véhicules - côté,,,,,,,,,,,1,2,6,1.0,3.0
201000013557,0010-11-09 19:15:00,10,11,9,19,15,660,227,,42.64785,2.91061,Nuit sans éclairage public,Hors agglomération,Hors intersection,Normale,Deux véhicules - frontale,,,,,,,,,,,3,1,1,1.0,1.0
201000013558,0010-11-11 11:45:00,10,11,11,11,45,660,65,,42.61131,2.96089,Plein jour,Hors agglomération,Hors intersection,Normale,Deux véhicules - frontale,,,,,,,,,,,1,1,1,1.0,1.0
201000013559,0010-11-24 18:00:00,10,11,24,18,0,660,65,74 rue nationale,42.60155,2.97045,Nuit avec éclairage allumé,En agglomération,Hors intersection,Normale,Autre collision,,,,,,,,,,,5,2,1,1.0,6.0
201000013560,0010-12-04 11:00:00,10,12,4,11,0,660,65,Bd Narcisse Planas,42.59756,2.97444,Plein jour,En agglomération,Hors intersection,Normale,Deux véhicules - côté,,,,,,,,,,,1,2,1,1.0,3.0
201000013561,0010-12-17 14:15:00,10,12,17,14,15,660,227,,,,Plein jour,Hors agglomération,Hors intersection,Normale,Deux véhicules - frontale,,,,,,,,,,,1,1,1,1.0,1.0
201000013562,0010-02-15 11:30:00,10,2,15,11,30,660,205,,,,Plein jour,Hors agglomération,Hors intersection,Normale,Autre collision,,,,,,,,,,,1,1,1,1.0,6.0
201000013563,0010-02-23 17:15:00,10,2,23,17,15,660,143,,42.76571,2.61319,Plein jour,Hors agglomération,Hors intersection,Temps éblouissant,Autre collision,,,,,,,,,,,1,1,1,7.0,6.0
201000013564,0010-07-15 06:15:00,10,7,15,6,15,660,46,,,,Plein jour,Hors agglomération,Hors intersection,Normale,Autre collision,,,,,,,,,,,1,1,1,1.0,6.0
201000013565,0010-07-19 18:30:00,10,7,19,18,30,660,187,,42.80985,2.4974,Plein jour,En agglomération,Hors intersection,Normale,Deux véhicules - côté,,,,,,,,,,,1,2,1,1.0,3.0
201000013566,0010-08-28 10:00:00,10,8,28,10,0,660,46,,,,Plein jour,Hors agglomération,Hors intersection,Normale,Deux véhicules - frontale,,,,,,,,,,,1,1,1,1.0,1.0
201000013567,0010-10-03 08:45:00,10,10,3,8,45,660,46,,,,Plein jour,Hors agglomération,Hors intersection,Normale,Deux véhicules - côté,,,,,,,,,,,1,1,1,1.0,3.0
201000013568,0010-02-27 05:15:00,10,2,27,5,15,660,56,,,,Nuit sans éclairage public,Hors agglomération,Hors intersection,Normale,Sans collision,,,,,,,,,,,3,1,1,1.0,7.0
201000013569,0010-06-19 14:00:00,10,6,19,14,0,660,121,,,,Plein jour,Hors agglomération,Hors intersection,Normale,Deux véhicules - côté,,,,,,,,,,,1,1,1,1.0,3.0
201000013570,0010-06-28 09:30:00,10,6,28,9,30,660,140,,42.69628,2.75474,Plein jour,Hors agglomération,Hors intersection,Normale,Autre collision,,,,,,,,,,,1,1,1,1.0,6.0
201000013571,0010-08-04 16:15:00,10,8,4,16,15,660,174,,,,Plein jour,En agglomération,Hors intersection,Normale,Deux véhicules - frontale,,,,,,,,,,,1,2,1,1.0,1.0
201000013572,0010-09-03 00:15:00,10,9,3,0,15,660,213,,,,Nuit sans éclairage public,Hors agglomération,Hors intersection,Normale,Sans collision,,,,,,,,,,,3,1,1,1.0,7.0
201000013573,0010-09-26 06:45:00,10,9,26,6,45,660,173,,,,Nuit sans éclairage public,Hors agglomération,Hors intersection,Normale,Autre collision,,,,,,,,,,,3,1,1,1.0,6.0
201000013574,0010-01-30 09:30:00,10,1,30,9,30,660,231,,,,Plein jour,Hors agglomération,Hors intersection,Vent fort / tempête,Deux véhicules - frontale,,,,,,,,,,,1,1,1,6.0,1.0
201000013575,0010-02-02 20:00:00,10,2,2,20,0,660,41,TRAVERSE DE BAIXAS,42.781,2.794,Nuit avec éclairage allumé,En agglomération,Hors intersection,Normale,Autre collision,,,,,,,,,,,5,2,1,1.0,6.0
201000013576,0010-07-31 15:30:00,10,7,31,15,30,660,69,,,,Plein jour,Hors agglomération,Hors intersection,Normale,Deux véhicules - frontale,,,,,,,,,,,1,1,1,1.0,1.0
201000013577,0010-08-17 19:00:00,10,8,17,19,0,660,14,,,,Plein jour,Hors agglomération,Hors intersection,Normale,Deux véhicules - arrière,,,,,,,,,,,1,1,1,1.0,2.0
201000013578,0010-08-18 15:45:00,10,8,18,15,45,660,190,,,,Plein jour,Hors agglomération,Hors intersection,Normale,Deux véhicules - frontale,,,,,,,,,,,1,1,1,1.0,1.0
201000013579,0010-08-28 20:45:00,10,8,28,20,45,660,164,Rue EMILE PARES,42.76643,2.87408,Nuit avec éclairage allumé,En agglomération,Hors intersection,Normale,Deux véhicules - côté,,,,,,,,,,,5,2,1,1.0,3.0
201000013580,0010-09-22 18:30:00,10,9,22,18,30,660,41,D 117 av Maréchal Joffre,,,Plein jour,En agglomération,Autre intersection,Normale,Deux véhicules - frontale,,,,,,,,,,,1,2,9,1.0,1.0
201000013581,0010-09-27 15:00:00,10,9,27,15,0,660,69,,42.836,2.815,Plein jour,Hors agglomération,Hors intersection,Normale,Sans collision,,,,,,,,,,,1,1,1,1.0,7.0
201000013582,0010-10-23 22:00:00,10,10,23,22,0,660,164,,,,Nuit sans éclairage public,Hors agglomération,Hors intersection,Normale,Deux véhicules - frontale,,,,,,,,,,,3,1,1,1.0,1.0
201000013583,0010-12-05 02:00:00,10,12,5,2,0,660,164,,,,Nuit sans éclairage public,Hors agglomération,Hors intersection,Normale,Autre collision,,,,,,,,,,,3,1,1,1.0,6.0
201000013584,0010-12-13 07:15:00,10,12,13,7,15,660,164,carrefour - avenue de l',42.76409,2.86908,Crépuscule ou aube,En agglomération,Intersection en T,Normale,Deux véhicules - côté,,,,,,,,,,,2,2,3,1.0,3.0
201000013585,0010-08-31 08:15:00,10,8,31,8,15,660,208,,,,Plein jour,Hors agglomération,Hors intersection,Normale,Autre collision,,,,,,,,,,,1,1,1,1.0,6.0
201000013586,0010-04-20 15:30:00,10,4,20,15,30,660,180,,,,Plein jour,Hors agglomération,Hors intersection,Normale,Trois véhicules et plus - collisions multiples,,,,,,,,,,,1,1,1,1.0,5.0
201000013587,0010-05-04 17:15:00,10,5,4,17,15,660,176,Avenue Joffre,42.788,2.968,Plein jour,En agglomération,Hors intersection,Normale,Deux véhicules - côté,,,,,,,,,,,1,2,1,1.0,3.0
201000013588,0010-05-06 17:15:00,10,5,6,17,15,660,180,Rue Nicolas Canal,42.77078,2.98713,Plein jour,En agglomération,Hors intersection,Normale,Autre collision,,,,,,,,,,,1,2,1,1.0,6.0
201000013589,0010-06-14 15:15:00,10,6,14,15,15,660,17,avenue de la Coudalère,42.79189,3.0363,Plein jour,En agglomération,Hors intersection,Pluie légère,Trois véhicules et plus - collisions multiples,,,,,,,,,,,1,2,1,2.0,5.0
201000013590,0010-08-23 10:30:00,10,8,23,10,30,660,180,,,,Plein jour,Hors agglomération,Autre intersection,Normale,Deux véhicules - arrière,,,,,,,,,,,1,1,9,1.0,2.0
201000013591,0010-10-16 17:30:00,10,10,16,17,30,660,212,,,,Plein jour,Hors agglomération,Hors intersection,Normale,Deux véhicules - frontale,,,,,,,,,,,1,1,1,1.0,1.0
201000013592,0010-11-04 21:30:00,10,11,4,21,30,660,17,,,,Nuit avec éclairage non allumé,Hors agglomération,Hors intersection,Normale,Deux véhicules - côté,,,,,,,,,,,4,1,1,1.0,3.0
201000013593,0010-11-05 10:30:00,10,11,5,10,30,660,180,16 Av Cote Vermeille,42.77414,2.99356,Plein jour,En agglomération,Hors intersection,Normale,Autre collision,,,,,,,,,,,1,2,1,1.0,6.0
201000013594,0010-11-06 17:00:00,10,11,6,17,0,660,212,,42.74862,2.97403,Plein jour,Hors agglomération,Hors intersection,Temps éblouissant,Deux véhicules - côté,,,,,,,,,,,1,1,1,7.0,3.0
201000013595,0010-03-23 14:00:00,10,3,23,14,0,660,101,,,,Plein jour,Hors agglomération,Hors intersection,Normale,Deux véhicules - frontale,,,,,,,,,,,1,1,1,1.0,1.0
201000013596,0010-04-04 03:15:00,10,4,4,3,15,660,226,,,,Nuit avec éclairage allumé,Hors agglomération,Hors intersection,Pluie forte,Deux véhicules - frontale,,,,,,,,,,,5,1,1,3.0,1.0
201000013597,0010-04-16 16:45:00,10,4,16,16,45,660,101,,42.61989,2.77767,Plein jour,Hors agglomération,Hors intersection,Normale,Autre collision,,,,,,,,,,,1,1,1,1.0,6.0
201000013598,0010-06-16 19:15:00,10,6,16,19,15,660,226,,,,Plein jour,Hors agglomération,Hors intersection,Normale,Deux véhicules - frontale,,,,,,,,,,,1,1,1,1.0,1.0
201000013599,0010-06-26 19:00:00,10,6,26,19,0,660,144,,42.6298,2.88621,Crépuscule ou aube,Hors agglomération,Hors intersection,Normale,Autre collision,,,,,,,,,,,2,1,1,1.0,6.0
201000013600,0010-07-02 15:15:00,10,7,2,15,15,660,217,,,,Plein jour,Hors agglomération,Hors intersection,Normale,Deux véhicules - frontale,,,,,,,,,,,1,1,1,1.0,1.0
201000013601,0010-07-20 22:00:00,10,7,20,22,0,660,145,,,,Nuit sans éclairage public,Hors agglomération,Hors intersection,Normale,Sans collision,,,,,,,,,,,3,1,1,1.0,7.0
201000013602,0010-07-23 11:30:00,10,7,23,11,30,660,210,avenue cote vermeille,42.63147,2.76112,Plein jour,En agglomération,Hors intersection,Normale,Deux véhicules - côté,,,,,,,,,,,1,2,1,1.0,3.0
201000013603,0010-08-07 20:00:00,10,8,7,20,0,660,55,,,,Plein jour,Hors agglomération,Hors intersection,Normale,Autre collision,,,,,,,,,,,1,1,1,1.0,6.0
201000013604,0010-10-03 00:30:00,10,10,3,0,30,660,217,"Cd612, avenue du Mas Deu",,,Nuit avec éclairage allumé,En agglomération,Hors intersection,Normale,Autre collision,,,,,,,,,,,5,2,1,1.0,6.0
201000013605,0010-12-18 14:00:00,10,12,18,14,0,660,226,,,,Plein jour,Hors agglomération,Hors intersection,Normale,Deux véhicules - côté,,,,,,,,,,,1,1,1,1.0,3.0
201000013606,0010-02-01 09:00:00,10,2,1,9,0,660,49,Avenue Maréchal Joffre,42.49128,2.74369,Plein jour,En agglomération,Hors intersection,Normale,Autre collision,,,,,,,,,,,1,2,1,1.0,6.0
201000013607,0010-02-11 18:15:00,10,2,11,18,15,660,160,,42.5,2.709,Crépuscule ou aube,Hors agglomération,Hors intersection,Vent fort / tempête,Deux véhicules - frontale,,,,,,,,,,,2,1,1,6.0,1.0
201000013608,0010-05-21 12:00:00,10,5,21,12,0,660,3,quai du tech,42.4806,2.67179,Plein jour,En agglomération,Hors intersection,Normale,Deux véhicules - côté,,,,,,,,,,,1,2,1,1.0,3.0
201000013609,0010-05-25 11:15:00,10,5,25,11,15,660,49,AVENUE JEAN MOULIN,42.49015,2.75023,Plein jour,En agglomération,Hors intersection,Normale,Autre collision,,,,,,,,,,,1,2,1,1.0,6.0
201000013610,0010-08-22 22:45:00,10,8,22,22,45,660,3,,42.4802,2.67175,Nuit sans éclairage public,En agglomération,Hors intersection,Normale,Sans collision,,,,,,,,,,,3,2,1,1.0,7.0
201000013611,0010-09-06 16:45:00,10,9,6,16,45,660,3,Chemin des vergers de Ca,42.483,2.68004,Plein jour,En agglomération,Hors intersection,Normale,Autre collision,,,,,,,,,,,1,2,1,1.0,6.0
201000013612,0010-09-11 16:15:00,10,9,11,16,15,660,160,Route d'Amélie,42.48426,2.69617,Plein jour,En agglomération,Hors intersection,Normale,Deux véhicules - côté,,,,,,,,,,,1,2,1,1.0,3.0
201000013613,0010-12-18 22:43:00,10,12,18,22,43,660,3,,42.47881,2.67004,Nuit avec éclairage allumé,En agglomération,Hors intersection,Normale,Autre collision,,,,,,,,,,,5,2,1,1.0,6.0
201000013614,0010-01-04 14:45:00,10,1,4,14,45,660,8,,42.558,3.02963,Plein jour,Hors agglomération,Hors intersection,Normale,Deux véhicules - frontale,,,,,,,,,,,1,1,1,1.0,1.0
201000013615,0010-01-13 08:30:00,10,1,13,8,30,660,168,Route Nationale,42.55108,2.97094,Crépuscule ou aube,En agglomération,Hors intersection,Normale,Deux véhicules - frontale,,,,,,,,,,,2,2,1,1.0,1.0
201000013616,0010-04-04 12:15:00,10,4,4,12,15,660,8,ARGELES-PLAGE,,,Plein jour,Hors agglomération,Hors intersection,Normale,Deux véhicules - côté,,,,,,,,,,,1,1,1,1.0,3.0
201000013617,0010-05-19 09:15:00,10,5,19,9,15,660,8,rond point du port,42.54576,3.02227,Plein jour,En agglomération,Giratoire,Normale,Deux véhicules - côté,,,,,,,,,,,1,2,6,1.0,3.0
201000013618,0010-06-07 15:00:00,10,6,7,15,0,660,8,,,,Plein jour,Hors agglomération,Hors intersection,Normale,Deux véhicules - côté,,,,,,,,,,,1,1,1,1.0,3.0
201000013619,0010-06-22 05:45:00,10,6,22,5,45,660,8,AVENUE DU GAL DE GAULLE,42.55038,3.04422,Crépuscule ou aube,En agglomération,Hors intersection,Normale,Trois véhicules et plus - collisions multiples,,,,,,,,,,,2,2,1,1.0,5.0
201000013620,0010-06-23 23:00:00,10,6,23,23,0,660,8,,42.545,3.02548,Nuit sans éclairage public,Hors agglomération,Hors intersection,Normale,Deux véhicules - frontale,,,,,,,,,,,3,1,1,1.0,1.0
201000013621,0010-08-15 23:30:00,10,8,15,23,30,660,8,avenue du Tech,42.55696,3.04209,Nuit avec éclairage allumé,En agglomération,Hors intersection,Normale,Autre collision,,,,,,,,,,,5,2,1,1.0,6.0
201000013622,0010-09-14 15:00:00,10,9,14,15,0,660,8,ZA de la Grone,42.55603,3.00787,Plein jour,En agglomération,Hors intersection,Normale,Deux véhicules - côté,,,,,,,,,,,1,2,1,1.0,3.0
201000013623,0010-10-09 00:45:00,10,10,9,0,45,660,8,allée du racou,42.54699,3.0487,Nuit avec éclairage allumé,En agglomération,Hors intersection,Pluie légère,Autre collision,,,,,,,,,,,5,2,1,2.0,6.0
201000013624,0010-11-20 03:00:00,10,11,20,3,0,660,8,chemin de la salanque,42.56453,3.03033,Nuit sans éclairage public,En agglomération,Hors intersection,Normale,Autre collision,,,,,,,,,,,3,2,1,1.0,6.0
201000013625,0010-12-10 16:00:00,10,12,10,16,0,660,8,,42.55082,2.99743,Plein jour,Hors agglomération,Hors intersection,Normale,Deux véhicules - côté,,,,,,,,,,,1,1,1,1.0,3.0
201000013626,0010-05-14 17:45:00,10,5,14,17,45,660,175,,,,Plein jour,Hors agglomération,Hors intersection,Normale,Deux véhicules - frontale,,,,,,,,,,,1,1,1,1.0,1.0
201000013627,0010-08-19 10:15:00,10,8,19,10,15,660,175,,42.548,2.918,Plein jour,Hors agglomération,Hors intersection,Normale,Deux véhicules - frontale,,,,,,,,,,,1,1,1,1.0,1.0
201000013628,0010-02-14 09:15:00,10,2,14,9,15,660,137,,,,Plein jour,Hors agglomération,Hors intersection,Normale,Sans collision,,,,,,,,,,,1,1,1,1.0,7.0
201000013629,0010-02-20 15:15:00,10,2,20,15,15,660,233,,,,Plein jour,Hors agglomération,Hors intersection,Normale,Deux véhicules - frontale,,,,,,,,,,,1,1,1,1.0,1.0
201000013630,0010-03-16 18:00:00,10,3,16,18,0,660,63,,,,Plein jour,Hors agglomération,Hors intersection,Normale,Autre collision,,,,,,,,,,,1,1,1,1.0,6.0
201000013631,0010-04-20 17:15:00,10,4,20,17,15,660,137,avenue de france,42.46444,2.86313,Plein jour,En agglomération,Hors intersection,Normale,Autre collision,,,,,,,,,,,1,2,1,1.0,6.0
201000013632,0010-05-30 17:15:00,10,5,30,17,15,660,63,,,,Plein jour,Hors agglomération,Hors intersection,Normale,Deux véhicules - frontale,,,,,,,,,,,1,1,1,1.0,1.0
201000013633,0010-06-05 16:45:00,10,6,5,16,45,660,106,,,,Plein jour,Hors agglomération,Hors intersection,Normale,Deux véhicules - côté,,,,,,,,,,,1,1,1,1.0,3.0
201000013634,0010-07-19 09:00:00,10,7,19,9,0,660,24,,42.51766,2.83203,Plein jour,En agglomération,Autre intersection,Normale,Deux véhicules - côté,,,,,,,,,,,1,2,9,1.0,3.0
201000013635,0010-08-02 19:15:00,10,8,2,19,15,660,63,,,,Plein jour,Hors agglomération,Hors intersection,Normale,Deux véhicules - côté,,,,,,,,,,,1,1,1,1.0,3.0
201000013636,0010-08-18 23:00:00,10,8,18,23,0,660,106,,42.49298,2.7942,Nuit sans éclairage public,Hors agglomération,Hors intersection,Normale,Deux véhicules - côté,,,,,,,,,,,3,1,1,1.0,3.0
201000013637,0010-09-05 18:00:00,10,9,5,18,0,660,24,D900,,,Plein jour,En agglomération,Hors intersection,Normale,Autre collision,,,,,,,,,,,1,2,1,1.0,6.0
201000013638,0010-09-07 20:30:00,10,9,7,20,30,660,214,,,,Nuit avec éclairage non allumé,Hors agglomération,Hors intersection,Pluie légère,Sans collision,,,,,,,,,,,4,1,1,2.0,7.0
201000013639,0010-10-17 11:45:00,10,10,17,11,45,660,63,,,,Plein jour,Hors agglomération,Intersection en T,Normale,Trois véhicules et plus - collisions multiples,,,,,,,,,,,1,1,3,1.0,5.0
201000013640,0010-10-31 12:30:00,10,10,31,12,30,660,63,,,,Plein jour,Hors agglomération,Hors intersection,Normale,Deux véhicules - côté,,,,,,,,,,,1,1,1,1.0,3.0
201000013641,0010-11-03 23:15:00,10,11,3,23,15,660,225,,,,Nuit sans éclairage public,Hors agglomération,Hors intersection,Normale,Autre collision,,,,,,,,,,,3,1,1,1.0,6.0
201000013642,0010-11-11 09:30:00,10,11,11,9,30,660,15,,,,Plein jour,Hors agglomération,Hors intersection,Normale,Trois véhicules et plus - collisions multiples,,,,,,,,,,,1,1,1,1.0,5.0
201000013643,0010-11-13 01:30:00,10,11,13,1,30,660,214,,,,Nuit sans éclairage public,Hors agglomération,Hors intersection,Normale,Deux véhicules - frontale,,,,,,,,,,,3,1,1,1.0,1.0
201000013644,0010-01-29 15:00:00,10,1,29,15,0,660,53,rond point du christ,42.52458,3.08224,Plein jour,En agglomération,Giratoire,Normale,Autre collision,,,,,,,,,,,1,2,6,1.0,6.0
201000013645,0010-02-06 00:01:00,10,2,6,0,1,660,53,,,,Nuit sans éclairage public,Hors agglomération,Hors intersection,Normale,Sans collision,,,,,,,,,,,3,1,1,1.0,7.0
201000013646,0010-03-23 17:15:00,10,3,23,17,15,660,48,CHEMIN DES VIGNES,42.44432,3.1625,Plein jour,En agglomération,Hors intersection,Temps éblouissant,Autre collision,,,,,,,,,,,1,2,1,7.0,6.0
201000013647,0010-04-06 15:00:00,10,4,6,15,0,660,148,departementale 114,42.51942,3.10753,Plein jour,En agglomération,Hors intersection,Normale,Deux véhicules - frontale,,,,,,,,,,,1,2,1,1.0,1.0
201000013648,0010-06-18 22:00:00,10,6,18,22,0,660,16,,42.4887,3.12377,Crépuscule ou aube,Hors agglomération,Hors intersection,Normale,Deux véhicules - frontale,,,,,,,,,,,2,1,1,1.0,1.0
201000013649,0010-07-22 17:00:00,10,7,22,17,0,660,148,,42.5139,3.09636,Plein jour,Hors agglomération,Hors intersection,Normale,Autre collision,,,,,,,,,,,1,1,1,1.0,6.0
201000013650,0010-01-10 16:30:00,10,1,10,16,30,660,149,rue des frigoulettes,42.62765,2.42389,Plein jour,En agglomération,Hors intersection,Normale,Autre collision,,,,,,,,,,,1,2,1,1.0,6.0
201000013651,0010-04-04 16:30:00,10,4,4,16,30,660,193,,,,Plein jour,Hors agglomération,Hors intersection,Normale,Deux véhicules - frontale,,,,,,,,,,,1,1,1,1.0,1.0
201000013652,0010-04-13 15:15:00,10,4,13,15,15,660,161,,,,Plein jour,Hors agglomération,Hors intersection,Normale,Autre collision,,,,,,,,,,,1,1,1,1.0,6.0
201000013653,0010-04-13 18:00:00,10,4,13,18,0,660,209,,,,Nuit sans éclairage public,Hors agglomération,Hors intersection,Pluie légère,Deux véhicules - arrière,,,,,,,,,,,3,1,1,2.0,2.0
201000013654,0010-04-16 17:00:00,10,4,16,17,0,660,74,,,,Nuit sans éclairage public,Hors agglomération,Hors intersection,Normale,Deux véhicules - frontale,,,,,,,,,,,3,1,1,1.0,1.0
201000013655,0010-05-09 11:00:00,10,5,9,11,0,660,74,,,,Plein jour,Hors agglomération,Hors intersection,Normale,Deux véhicules - frontale,,,,,,,,,,,1,1,1,1.0,1.0
201000013656,0010-05-13 07:45:00,10,5,13,7,45,660,74,,,,Plein jour,Hors agglomération,Hors intersection,Normale,Autre collision,,,,,,,,,,,1,1,1,1.0,6.0
201000013657,0010-06-09 18:45:00,10,6,9,18,45,660,57,,,,Plein jour,Hors agglomération,Hors intersection,Temps couvert,Autre collision,,,,,,,,,,,1,1,1,8.0,6.0
201000013658,0010-06-11 15:15:00,10,6,11,15,15,660,193,,,,Plein jour,Hors agglomération,Hors intersection,Normale,Autre collision,,,,,,,,,,,1,1,1,1.0,6.0
201000013659,0010-07-21 09:45:00,10,7,21,9,45,660,90,,,,Plein jour,Hors agglomération,Hors intersection,Normale,Autre collision,,,,,,,,,,,1,1,1,1.0,6.0
201000013660,0010-07-29 23:00:00,10,7,29,23,0,660,104,RESIDENCE LES CEDRES,,,Nuit sans éclairage public,En agglomération,Hors intersection,Normale,Sans collision,,,,,,,,,,,3,2,1,1.0,7.0
201000013661,0010-08-07 19:15:00,10,8,7,19,15,660,193,,,,Plein jour,Hors agglomération,Hors intersection,Normale,Deux véhicules - frontale,,,,,,,,,,,1,1,1,1.0,1.0
201000013662,0010-08-28 13:15:00,10,8,28,13,15,660,209,,,,Plein jour,Hors agglomération,Hors intersection,Normale,Trois véhicules et plus - collisions multiples,,,,,,,,,,,1,1,1,1.0,5.0
201000013663,0010-09-24 20:30:00,10,9,24,20,30,660,125,,,,Nuit sans éclairage public,Hors agglomération,Hors intersection,Normale,Deux véhicules - frontale,,,,,,,,,,,3,1,1,1.0,1.0