accident_id,datetime,annee,mois,jour,heure,minute,departement,commune_insee,adresse,latitude,longitude,luminosite,agglomeration,intersection,meteo,collision,nb_vehicules,nb_usagers,nb_indemnes,nb_tues,nb_blesses_hosp,nb_blesses_legers,age_cond_1,age_cond_2,veh_type_cond_1,veh_type_cond_2,lum_code,agg_code,int_code,atm_code,col_code
201000013664,0010-11-18 18:45:00,10,11,18,18,45,660,149,Route de marquixane,,,Nuit avec éclairage allumé,En agglomération,Hors intersection,Normale,Deux véhicules - côté,,,,,,,,,,,5,2,1,1.0,3.0
201000013665,0010-12-21 10:15:00,10,12,21,10,15,660,36,,,,Plein jour,Hors agglomération,Hors intersection,Normale,Deux véhicules - frontale,,,,,,,,,,,1,1,1,1.0,1.0
201000013666,0010-01-15 15:15:00,10,1,15,15,15,660,147,,,,Crépuscule ou aube,Hors agglomération,Hors intersection,Neige / grêle,Deux véhicules - frontale,,,,,,,,,,,2,1,1,4.0,1.0
201000013667,0010-02-24 14:15:00,10,2,24,14,15,660,66,,,,Plein jour,Hors agglomération,Hors intersection,Normale,Trois véhicules et plus - collisions multiples,,,,,,,,,,,1,1,1,1.0,5.0
201000013668,0010-06-14 11:00:00,10,6,14,11,0,660,147,,,,Plein jour,Hors agglomération,Hors intersection,Pluie forte,Trois véhicules et plus - collisions multiples,,,,,,,,,,,1,1,1,3.0,5.0
201000013669,0010-06-20 14:30:00,10,6,20,14,30,660,147,,,,Plein jour,Hors agglomération,Hors intersection,Temps couvert,Sans collision,,,,,,,,,,,1,1,1,8.0,7.0
201000013670,0010-07-24 12:30:00,10,7,24,12,30,660,147,,,,Plein jour,Hors agglomération,Hors intersection,Normale,Sans collision,,,,,,,,,,,1,1,1,1.0,7.0
201000013671,0010-08-02 16:15:00,10,8,2,16,15,660,167,,,,Plein jour,Hors agglomération,Hors intersection,Normale,Deux véhicules - frontale,,,,,,,,,,,1,1,1,1.0,1.0
201000013672,0010-09-07 23:15:00,10,9,7,23,15,660,66,,42.47628,1.90555,Nuit sans éclairage public,Hors agglomération,Hors intersection,Normale,Autre collision,,,,,,,,,,,3,1,1,1.0,6.0
201000013673,0010-09-25 15:15:00,10,9,25,15,15,660,147,,,,Plein jour,Hors agglomération,Hors intersection,Pluie légère,Autre collision,,,,,,,,,,,1,1,1,2.0,6.0
201000013674,0010-01-10 02:00:00,10,1,10,2,0,660,124,Avenue d'Espagne,42.50431,2.03926,Nuit avec éclairage allumé,En agglomération,Hors intersection,Normale,Autre collision,,,,,,,,,,,5,2,1,1.0,6.0
201000013675,0010-02-11 12:15:00,10,2,11,12,15,660,105,,,,Plein jour,Hors agglomération,Hors intersection,Neige / grêle,Deux véhicules - frontale,,,,,,,,,,,1,1,1,4.0,1.0
201000013676,0010-02-26 17:45:00,10,2,26,17,45,660,5,route des pyrénées,,,Plein jour,En agglomération,Hors intersection,Normale,Deux véhicules - frontale,,,,,,,,,,,1,2,1,1.0,1.0
201000013677,0010-03-06 05:00:00,10,3,6,5,0,660,82,avenue de MONT LOUIS,,,Nuit sans éclairage public,En agglomération,Hors intersection,Temps couvert,Autre collision,,,,,,,,,,,3,2,1,8.0,6.0
201000013678,0010-09-17 03:15:00,10,9,17,3,15,660,20,,,,Nuit sans éclairage public,Hors agglomération,Hors intersection,Normale,Autre collision,,,,,,,,,,,3,1,1,1.0,6.0
201000013679,0010-12-03 14:45:00,10,12,3,14,45,660,192,,,,Plein jour,Hors agglomération,Hors intersection,Normale,Deux véhicules - frontale,,,,,,,,,,,1,1,1,1.0,1.0
201000013680,0010-05-16 00:30:00,10,5,16,0,30,660,86,,,,Nuit sans éclairage public,Hors agglomération,Hors intersection,Normale,Autre collision,,,,,,,,,,,3,1,1,1.0,6.0
201000013681,0010-08-20 03:00:00,10,8,20,3,0,660,230,,42.653,2.531,Nuit sans éclairage public,Hors agglomération,Hors intersection,Normale,Deux véhicules - frontale,,,,,,,,,,,3,1,1,1.0,1.0
201000013682,0010-08-29 00:45:00,10,8,29,0,45,660,230,,,,Nuit sans éclairage public,Hors agglomération,Hors intersection,Normale,Sans collision,,,,,,,,,,,3,1,1,1.0,7.0
201000013683,0010-04-09 16:00:00,10,4,9,16,0,201,85,,,,Plein jour,Hors agglomération,Hors intersection,Normale,Deux véhicules - côté,,,,,,,,,,,1,1,1,1.0,3.0
201000013684,0010-04-10 18:15:00,10,4,10,18,15,201,31,,,,Plein jour,Hors agglomération,Hors intersection,Normale,Autre collision,,,,,,,,,,,1,1,1,1.0,6.0
201000013685,0010-11-02 08:45:00,10,11,2,8,45,201,85,,,,Plein jour,Hors agglomération,Hors intersection,Normale,Deux véhicules - côté,,,,,,,,,,,1,1,1,1.0,3.0
201000013686,0010-12-16 08:45:00,10,12,16,8,45,201,85,,,,Plein jour,Hors agglomération,Hors intersection,Normale,Deux véhicules - frontale,,,,,,,,,,,1,1,1,1.0,1.0
201000013687,0010-03-29 08:30:00,10,3,29,8,30,201,271,,,,Plein jour,Hors agglomération,Hors intersection,Normale,Deux véhicules - côté,,,,,,,,,,,1,1,1,1.0,3.0
201000013688,0010-06-11 07:45:00,10,6,11,7,45,201,6,,,,Plein jour,Hors agglomération,Hors intersection,Normale,Deux véhicules - arrière,,,,,,,,,,,1,1,1,1.0,2.0
201000013689,0010-06-24 18:15:00,10,6,24,18,15,201,271,,,,Plein jour,Hors agglomération,Hors intersection,Normale,Deux véhicules - frontale,,,,,,,,,,,1,1,1,1.0,1.0
201000013690,0010-06-30 18:30:00,10,6,30,18,30,201,6,,,,Plein jour,Hors agglomération,Hors intersection,Normale,Sans collision,,,,,,,,,,,1,1,1,1.0,7.0
201000013691,0010-07-27 23:15:00,10,7,27,23,15,201,103,,,,Nuit sans éclairage public,Hors agglomération,Hors intersection,Normale,Sans collision,,,,,,,,,,,3,1,1,1.0,7.0
201000013692,0010-09-13 18:45:00,10,9,13,18,45,201,17,,,,Plein jour,Hors agglomération,Hors intersection,Normale,Deux véhicules - frontale,,,,,,,,,,,1,1,1,1.0,1.0
201000013693,0010-09-06 21:15:00,10,9,6,21,15,201,6,,,,Nuit sans éclairage public,Hors agglomération,Hors intersection,Normale,Deux véhicules - côté,,,,,,,,,,,3,1,1,1.0,3.0
201000013694,0010-10-02 01:00:00,10,10,2,1,0,201,271,,,,Nuit sans éclairage public,Hors agglomération,Hors intersection,Normale,Deux véhicules - côté,,,,,,,,,,,3,1,1,1.0,3.0
201000013695,0010-05-12 09:45:00,10,5,12,9,45,201,212,,,,Plein jour,Hors agglomération,Hors intersection,Normale,Sans collision,,,,,,,,,,,1,1,1,1.0,7.0
201000013696,0010-01-13 15:00:00,10,1,13,15,0,201,288,LT PETRA LONGA FILIPPI,,,Plein jour,En agglomération,Hors intersection,Pluie légère,Sans collision,,,,,,,,,,,1,2,1,2.0,7.0
201000013697,0010-01-15 11:45:00,10,1,15,11,45,201,288,,,,Plein jour,Hors agglomération,Hors intersection,Temps couvert,Deux véhicules - frontale,,,,,,,,,,,1,1,1,8.0,1.0
201000013698,0010-05-18 03:15:00,10,5,18,3,15,201,41,,,,Nuit sans éclairage public,Hors agglomération,Hors intersection,Normale,Autre collision,,,,,,,,,,,3,1,1,1.0,6.0
201000013699,0010-05-29 18:45:00,10,5,29,18,45,201,41,,,,Plein jour,Hors agglomération,Hors intersection,Temps éblouissant,Deux véhicules - arrière,,,,,,,,,,,1,1,1,7.0,2.0
201000013700,0010-06-08 10:00:00,10,6,8,10,0,201,41,,,,Plein jour,Hors agglomération,Hors intersection,Normale,Trois véhicules et plus - en chaîne,,,,,,,,,,,1,1,1,1.0,4.0
201000013701,0010-06-22 06:45:00,10,6,22,6,45,201,41,,,,Crépuscule ou aube,Hors agglomération,Hors intersection,Temps éblouissant,Sans collision,,,,,,,,,,,2,1,1,7.0,7.0
201000013702,0010-07-19 14:45:00,10,7,19,14,45,201,41,,,,Plein jour,Hors agglomération,Hors intersection,Normale,Deux véhicules - côté,,,,,,,,,,,1,1,1,1.0,3.0
201000013703,0010-08-11 06:45:00,10,8,11,6,45,201,41,ROUTE DE SANTA MANZA,,,Plein jour,En agglomération,Hors intersection,Normale,Sans collision,,,,,,,,,,,1,2,1,1.0,7.0
201000013704,0010-08-23 12:30:00,10,8,23,12,30,201,41,,,,Plein jour,Hors agglomération,Hors intersection,Normale,Deux véhicules - arrière,,,,,,,,,,,1,1,1,1.0,2.0
201000013705,0010-08-21 10:30:00,10,8,21,10,30,201,114,,,,Plein jour,Hors agglomération,Hors intersection,Normale,Deux véhicules - côté,,,,,,,,,,,1,1,1,1.0,3.0
201000013706,0010-09-20 16:30:00,10,9,20,16,30,201,41,,,,Plein jour,Hors agglomération,Hors intersection,Normale,Sans collision,,,,,,,,,,,1,1,1,1.0,7.0
201000013707,0010-10-13 14:15:00,10,10,13,14,15,201,41,,,,Plein jour,Hors agglomération,Hors intersection,Normale,Deux véhicules - arrière,,,,,,,,,,,1,1,1,1.0,2.0
201000013708,0010-01-25 09:30:00,10,1,25,9,30,201,247,,,,Plein jour,En agglomération,Hors intersection,Pluie forte,Autre collision,,,,,,,,,,,1,2,1,3.0,6.0
201000013709,0010-01-30 11:45:00,10,1,30,11,45,201,247,,,,Plein jour,Hors agglomération,Hors intersection,Pluie légère,Deux véhicules - arrière,,,,,,,,,,,1,1,1,2.0,2.0
201000013710,0010-03-19 09:45:00,10,3,19,9,45,201,247,Rue du 9 septembre 1943,,,Plein jour,En agglomération,Hors intersection,Normale,Deux véhicules - côté,,,,,,,,,,,1,2,1,1.0,3.0
201000013711,0010-04-04 19:30:00,10,4,4,19,30,201,247,,,,Plein jour,Hors agglomération,Hors intersection,Normale,Autre collision,,,,,,,,,,,1,1,1,1.0,6.0
201000013712,0010-06-21 17:00:00,10,6,21,17,0,201,247,Quai Pascal Paoli,,,Plein jour,En agglomération,Hors intersection,Normale,Deux véhicules - côté,,,,,,,,,,,1,2,1,1.0,3.0
201000013713,0010-06-29 14:00:00,10,6,29,14,0,201,247,,,,Plein jour,En agglomération,Hors intersection,Normale,Autre collision,,,,,,,,,,,1,2,1,1.0,6.0
201000013714,0010-07-18 01:45:00,10,7,18,1,45,201,247,Rue Maréchal Juin,,,Nuit avec éclairage allumé,En agglomération,Hors intersection,Normale,Deux véhicules - frontale,,,,,,,,,,,5,2,1,1.0,1.0
201000013715,0010-08-14 11:15:00,10,8,14,11,15,201,247,RN 198 PR 24.800,,,Plein jour,En agglomération,Hors intersection,Pluie forte,Deux véhicules - côté,,,,,,,,,,,1,2,1,3.0,3.0
201000013716,0010-09-12 16:30:00,10,9,12,16,30,201,247,,,,Plein jour,Hors agglomération,Hors intersection,Normale,Sans collision,,,,,,,,,,,1,1,1,1.0,7.0
201000013717,0010-09-24 12:45:00,10,9,24,12,45,201,247,Rue Guidice de Cinarca,,,Plein jour,En agglomération,Hors intersection,Pluie forte,Deux véhicules - frontale,,,,,,,,,,,1,2,1,3.0,1.0
201000013718,0010-09-29 19:45:00,10,9,29,19,45,201,247,Rue du 9 septembre 1943,,,Nuit avec éclairage allumé,En agglomération,Autre intersection,Normale,Deux véhicules - frontale,,,,,,,,,,,5,2,9,1.0,1.0
201000013719,0010-10-01 12:15:00,10,10,1,12,15,201,247,AVENUE GEORGES POMPIDOU,,,Plein jour,En agglomération,Hors intersection,Normale,Deux véhicules - frontale,,,,,,,,,,,1,2,1,1.0,1.0
201000013720,0010-10-17 18:00:00,10,10,17,18,0,201,247,,,,Plein jour,Hors agglomération,Hors intersection,Normale,Autre collision,,,,,,,,,,,1,1,1,1.0,6.0
201000013721,0010-10-18 15:00:00,10,10,18,15,0,201,247,,,,Plein jour,Hors agglomération,Hors intersection,Normale,Sans collision,,,,,,,,,,,1,1,1,1.0,7.0
201000013722,0010-10-30 04:30:00,10,10,30,4,30,201,247,rue antoine NAU,,,Nuit avec éclairage allumé,En agglomération,Hors intersection,Normale,Autre collision,,,,,,,,,,,5,2,1,1.0,6.0
201000013723,0010-11-10 18:45:00,10,11,10,18,45,201,300,,,,Nuit sans éclairage public,Hors agglomération,Hors intersection,Normale,Deux véhicules - côté,,,,,,,,,,,3,1,1,1.0,3.0
201000013724,0010-12-11 08:00:00,10,12,11,8,0,201,247,,,,Plein jour,Hors agglomération,Hors intersection,Normale,Trois véhicules et plus - collisions multiples,,,,,,,,,,,1,1,1,1.0,5.0
201000013725,0010-05-05 17:15:00,10,5,5,17,15,201,272,,,,Plein jour,Hors agglomération,Hors intersection,Normale,Deux véhicules - côté,,,,,,,,,,,1,1,1,1.0,3.0
201000013726,0010-07-22 10:30:00,10,7,22,10,30,201,272,,,,Plein jour,Hors agglomération,Hors intersection,Normale,Sans collision,,,,,,,,,,,1,1,1,1.0,7.0
201000013727,0010-03-06 05:45:00,10,3,6,5,45,201,191,,,,Nuit sans éclairage public,Hors agglomération,Hors intersection,Normale,Deux véhicules - frontale,,,,,,,,,,,3,1,1,1.0,1.0
201000013728,0010-05-14 15:30:00,10,5,14,15,30,201,24,,,,Plein jour,Hors agglomération,Hors intersection,Normale,Deux véhicules - côté,,,,,,,,,,,1,1,1,1.0,3.0
201000013729,0010-06-14 11:45:00,10,6,14,11,45,201,24,,,,Plein jour,Hors agglomération,Hors intersection,Normale,Autre collision,,,,,,,,,,,1,1,1,1.0,6.0
201000013730,0010-08-02 18:00:00,10,8,2,18,0,201,191,,,,Plein jour,Hors agglomération,Hors intersection,Normale,Deux véhicules - frontale,,,,,,,,,,,1,1,1,1.0,1.0
201000013731,0010-08-06 11:30:00,10,8,6,11,30,201,278,CD 420 devant la poste,,,Plein jour,En agglomération,Hors intersection,Normale,Autre collision,,,,,,,,,,,1,2,1,1.0,6.0
201000013732,0010-09-05 13:15:00,10,9,5,13,15,201,362,,,,Plein jour,Hors agglomération,Hors intersection,Normale,Sans collision,,,,,,,,,,,1,1,1,1.0,7.0
201000013733,0010-09-05 18:30:00,10,9,5,18,30,201,362,,,,Plein jour,Hors agglomération,Hors intersection,Normale,Deux véhicules - côté,,,,,,,,,,,1,1,1,1.0,3.0
201000013734,0010-11-18 07:15:00,10,11,18,7,15,201,118,,,,Plein jour,Hors agglomération,Hors intersection,Pluie légère,Sans collision,,,,,,,,,,,1,1,1,2.0,7.0
201000013735,0010-01-22 13:00:00,10,1,22,13,0,201,211,,,,Plein jour,Hors agglomération,Hors intersection,Normale,Trois véhicules et plus - en chaîne,,,,,,,,,,,1,1,1,1.0,4.0
201000013736,0010-03-06 15:15:00,10,3,6,15,15,201,276,,,,Plein jour,Hors agglomération,Hors intersection,Normale,Deux véhicules - côté,,,,,,,,,,,1,1,1,1.0,3.0
201000013737,0010-10-23 14:30:00,10,10,23,14,30,201,160,,,,Plein jour,Hors agglomération,Hors intersection,Normale,Deux véhicules - côté,,,,,,,,,,,1,1,1,1.0,3.0
201000013738,0010-01-13 14:00:00,10,1,13,14,0,201,249,ROUTE DE LA CORNICHE,,,Plein jour,En agglomération,Hors intersection,Pluie légère,Trois véhicules et plus - collisions multiples,,,,,,,,,,,1,2,1,2.0,5.0
201000013739,0010-07-08 08:15:00,10,7,8,8,15,201,189,,,,Plein jour,Hors agglomération,Giratoire,Normale,Autre collision,,,,,,,,,,,1,1,6,1.0,6.0
201000013740,0010-07-14 17:30:00,10,7,14,17,30,201,249,route de la Corniche,,,Plein jour,En agglomération,Hors intersection,Normale,Autre collision,,,,,,,,,,,1,2,1,1.0,6.0
201000013741,0010-08-19 11:30:00,10,8,19,11,30,201,249,RN 196,,,Plein jour,En agglomération,Hors intersection,Normale,Deux véhicules - côté,,,,,,,,,,,1,2,1,1.0,3.0
201000013742,0010-09-05 12:00:00,10,9,5,12,0,201,249,,,,Plein jour,En agglomération,Hors intersection,Normale,Deux véhicules - frontale,,,,,,,,,,,1,2,1,1.0,1.0
201000013743,0010-09-21 16:45:00,10,9,21,16,45,201,249,,,,Plein jour,Hors agglomération,Hors intersection,Pluie légère,Deux véhicules - frontale,,,,,,,,,,,1,1,1,2.0,1.0
201000013744,0010-01-16 14:45:00,10,1,16,14,45,202,42,route de Rasignani,,,Plein jour,En agglomération,Hors intersection,Normale,Autre collision,,,,,,,,,,,1,2,1,1.0,6.0
201000013745,0010-02-20 06:30:00,10,2,20,6,30,202,148,,,,Plein jour,Hors agglomération,Hors intersection,Normale,Trois véhicules et plus - collisions multiples,,,,,,,,,,,1,1,1,1.0,5.0
201000013746,0010-04-02 17:00:00,10,4,2,17,0,202,350,,,,Plein jour,Hors agglomération,Hors intersection,Normale,Trois véhicules et plus - collisions multiples,,,,,,,,,,,1,1,1,1.0,5.0
201000013747,0010-04-05 20:00:00,10,4,5,20,0,202,148,,,,Crépuscule ou aube,Hors agglomération,Intersection en T,Normale,Deux véhicules - frontale,,,,,,,,,,,2,1,3,1.0,1.0
201000013748,0010-04-06 20:45:00,10,4,6,20,45,202,148,,,,Nuit avec éclairage allumé,Hors agglomération,Hors intersection,Normale,Autre collision,,,,,,,,,,,5,1,1,1.0,6.0
201000013749,0010-04-20 18:00:00,10,4,20,18,0,202,42,,,,Plein jour,Hors agglomération,Hors intersection,Normale,Deux véhicules - arrière,,,,,,,,,,,1,1,1,1.0,2.0
201000013750,0010-04-14 19:00:00,10,4,14,19,0,202,42,,,,Plein jour,Hors agglomération,Hors intersection,Normale,Deux véhicules - côté,,,,,,,,,,,1,1,1,1.0,3.0
201000013751,0010-04-25 15:45:00,10,4,25,15,45,202,42,,,,Plein jour,Hors agglomération,Hors intersection,Normale,Deux véhicules - frontale,,,,,,,,,,,1,1,1,1.0,1.0
201000013752,0010-05-02 18:30:00,10,5,2,18,30,202,355,20,,,Plein jour,Hors agglomération,Hors intersection,Normale,Sans collision,,,,,,,,,,,1,1,1,1.0,7.0
201000013753,0010-06-08 07:45:00,10,6,8,7,45,202,42,,,,Plein jour,Hors agglomération,Hors intersection,Normale,Trois véhicules et plus - en chaîne,,,,,,,,,,,1,1,1,1.0,4.0
201000013754,0010-07-09 09:45:00,10,7,9,9,45,202,42,,,,Plein jour,Hors agglomération,Hors intersection,Normale,Deux véhicules - arrière,,,,,,,,,,,1,1,1,1.0,2.0
201000013755,0010-07-10 16:00:00,10,7,10,16,0,202,148,,,,Plein jour,Hors agglomération,Hors intersection,Normale,Deux véhicules - côté,,,,,,,,,,,1,1,1,1.0,3.0
201000013756,0010-07-19 14:00:00,10,7,19,14,0,202,355,,,,Plein jour,Hors agglomération,Hors intersection,Normale,Autre collision,,,,,,,,,,,1,1,1,1.0,6.0
201000013757,0010-07-31 13:45:00,10,7,31,13,45,202,42,CD 207,,,Plein jour,En agglomération,Intersection en X,Normale,Deux véhicules - côté,,,,,,,,,,,1,2,2,1.0,3.0
201000013758,0010-08-09 22:00:00,10,8,9,22,0,202,148,,,,Nuit avec éclairage allumé,Hors agglomération,Autre intersection,Normale,Autre collision,,,,,,,,,,,5,1,9,1.0,6.0
201000013759,0010-08-22 10:45:00,10,8,22,10,45,202,42,RN193 sens Nord/Sud,,,Plein jour,En agglomération,Hors intersection,Normale,Trois véhicules et plus - en chaîne,,,,,,,,,,,1,2,1,1.0,4.0
201000013760,0010-08-23 09:00:00,10,8,23,9,0,202,42,,,,Plein jour,Hors agglomération,Hors intersection,Normale,Autre collision,,,,,,,,,,,1,1,1,1.0,6.0
201000013761,0010-08-27 21:45:00,10,8,27,21,45,202,148,,,,Nuit avec éclairage allumé,Hors agglomération,Hors intersection,Normale,Deux véhicules - côté,,,,,,,,,,,5,1,1,1.0,3.0
201000013762,0010-08-28 17:45:00,10,8,28,17,45,202,148,crucetta,,,Plein jour,En agglomération,Hors intersection,Normale,Autre collision,,,,,,,,,,,1,2,1,1.0,6.0
201000013763,0010-09-02 10:45:00,10,9,2,10,45,202,42,rn 193 boulangerie St,,,Plein jour,En agglomération,Hors intersection,Normale,Deux véhicules - arrière,,,,,,,,,,,1,2,1,1.0,2.0
201000013764,0010-09-05 01:00:00,10,9,5,1,0,202,355,,,,Nuit avec éclairage allumé,Hors agglomération,Hors intersection,Normale,Autre collision,,,,,,,,,,,5,1,1,1.0,6.0
201000013765,0010-09-09 15:00:00,10,9,9,15,0,202,42,,,,Plein jour,Hors agglomération,Hors intersection,Pluie légère,Deux véhicules - côté,,,,,,,,,,,1,1,1,2.0,3.0
201000013766,0010-09-25 12:00:00,10,9,25,12,0,202,42,RN 193 lieu-dit PATERNO,,,Plein jour,En agglomération,Hors intersection,Normale,Deux véhicules - frontale,,,,,,,,,,,1,2,1,1.0,1.0
201000013767,0010-10-06 15:45:00,10,10,6,15,45,202,42,lieu-dit Mormorana,,,Plein jour,En agglomération,Hors intersection,Normale,Autre collision,,,,,,,,,,,1,2,1,1.0,6.0
201000013768,0010-11-04 10:00:00,10,11,4,10,0,202,350,,42.525,9.427,Plein jour,Hors agglomération,Hors intersection,Normale,Deux véhicules - côté,,,,,,,,,,,1,1,1,1.0,3.0
201000013769,0010-11-12 06:00:00,10,11,12,6,0,202,42,,42.573,9.442,Nuit avec éclairage allumé,Hors agglomération,Intersection en X,Normale,Deux véhicules - côté,,,,,,,,,,,5,1,2,1.0,3.0
201000013770,0010-11-18 09:00:00,10,11,18,9,0,202,42,,,,Plein jour,Hors agglomération,Hors intersection,Normale,Deux véhicules - arrière,,,,,,,,,,,1,1,1,1.0,2.0
201000013771,0010-11-26 18:45:00,10,11,26,18,45,202,355,,42.525,9.4,Nuit sans éclairage public,Hors agglomération,Hors intersection,Normale,Autre collision,,,,,,,,,,,3,1,1,1.0,6.0
201000013772,0010-12-08 16:45:00,10,12,8,16,45,202,42,,42.577,9.442,Plein jour,Hors agglomération,Hors intersection,Pluie forte,Sans collision,,,,,,,,,,,1,1,1,3.0,7.0
201000013773,0010-12-08 17:00:00,10,12,8,17,0,202,42,lieu dit mormorana borgo,42.556,9.444,Crépuscule ou aube,En agglomération,Hors intersection,Autre,Autre collision,,,,,,,,,,,2,2,1,9.0,6.0
201000013774,0010-12-09 08:30:00,10,12,9,8,30,202,42,,,,Plein jour,Hors agglomération,Hors intersection,Normale,Deux véhicules - côté,,,,,,,,,,,1,1,1,1.0,3.0
201000013775,0010-12-11 12:00:00,10,12,11,12,0,202,42,,42.559,9.443,Plein jour,Hors agglomération,Hors intersection,Normale,Deux véhicules - arrière,,,,,,,,,,,1,1,1,1.0,2.0
201000013776,0010-02-25 17:45:00,10,2,25,17,45,202,152,CD 80 - CD 180,,,Plein jour,En agglomération,Hors intersection,Normale,Deux véhicules - côté,,,,,,,,,,,1,2,1,1.0,3.0
201000013777,0010-04-03 04:45:00,10,4,3,4,45,202,305,,,,Nuit avec éclairage allumé,Hors agglomération,Hors intersection,Normale,Deux véhicules - frontale,,,,,,,,,,,5,1,1,1.0,1.0
201000013778,0010-06-27 18:00:00,10,6,27,18,0,202,46,20,,,Plein jour,Hors agglomération,Intersection en Y,Normale,Deux véhicules - côté,,,,,,,,,,,1,1,4,1.0,3.0
201000013779,0010-07-05 01:15:00,10,7,5,1,15,202,305,D80 GRISGIONE,,,Nuit avec éclairage allumé,En agglomération,Hors intersection,Normale,Deux véhicules - frontale,,,,,,,,,,,5,2,1,1.0,1.0
201000013780,0010-07-10 06:30:00,10,7,10,6,30,202,43,,,,Crépuscule ou aube,Hors agglomération,Hors intersection,Normale,Autre collision,,,,,,,,,,,2,1,1,1.0,6.0
201000013781,0010-08-06 18:15:00,10,8,6,18,15,202,281,,,,Plein jour,Hors agglomération,Hors intersection,Normale,Deux véhicules - frontale,,,,,,,,,,,1,1,1,1.0,1.0
201000013782,0010-08-22 14:15:00,10,8,22,14,15,202,309,,,,Plein jour,Hors agglomération,Hors intersection,Normale,Deux véhicules - frontale,,,,,,,,,,,1,1,1,1.0,1.0
201000013783,0010-09-20 16:45:00,10,9,20,16,45,202,86,,,,Plein jour,En agglomération,Hors intersection,Normale,Deux véhicules - frontale,,,,,,,,,,,1,2,1,1.0,1.0
201000013784,0010-10-05 00:30:00,10,10,5,0,30,202,281,,,,Nuit sans éclairage public,Hors agglomération,Hors intersection,Pluie forte,Sans collision,,,,,,,,,,,3,1,1,3.0,7.0
201000013785,0010-11-05 08:15:00,10,11,5,8,15,202,46,,42.883,9.421,Plein jour,Hors agglomération,Hors intersection,Normale,Deux véhicules - frontale,,,,,,,,,,,1,1,1,1.0,1.0
201000013786,0010-11-05 18:15:00,10,11,5,18,15,202,224,,,,Plein jour,Hors agglomération,Hors intersection,Normale,Deux véhicules - frontale,,,,,,,,,,,1,1,1,1.0,1.0
201000013787,0010-11-20 11:45:00,10,11,20,11,45,202,305,,42.739,9.462,Plein jour,Hors agglomération,Hors intersection,Normale,Autre collision,,,,,,,,,,,1,1,1,1.0,6.0
201000013788,0010-01-25 15:45:00,10,1,25,15,45,202,188,,,,Crépuscule ou aube,Hors agglomération,Giratoire,Pluie forte,Autre collision,,,,,,,,,,,2,1,6,3.0,6.0
201000013789,0010-04-11 15:00:00,10,4,11,15,0,202,239,,,,Plein jour,Hors agglomération,Hors intersection,Pluie légère,Deux véhicules - frontale,,,,,,,,,,,1,1,1,2.0,1.0
201000013790,0010-04-27 17:00:00,10,4,27,17,0,202,188,,,,Plein jour,Hors agglomération,Hors intersection,Normale,Deux véhicules - côté,,,,,,,,,,,1,1,1,1.0,3.0
201000013791,0010-05-16 09:45:00,10,5,16,9,45,202,265,TOUTE RUE,,,Plein jour,Hors agglomération,Hors intersection,Pluie forte,Deux véhicules - frontale,,,,,,,,,,,1,1,1,3.0,1.0
201000013792,0010-06-20 18:15:00,10,6,20,18,15,202,314,SANSTOUTES RUES,,,Plein jour,Hors agglomération,Hors intersection,Temps couvert,Sans collision,,,,,,,,,,,1,1,1,8.0,7.0
201000013793,0010-07-01 16:45:00,10,7,1,16,45,202,29,,,,Plein jour,Hors agglomération,Hors intersection,Normale,Autre collision,,,,,,,,,,,1,1,1,1.0,6.0
201000013794,0010-07-06 17:30:00,10,7,6,17,30,202,314,,,,Plein jour,Hors agglomération,Hors intersection,Normale,Sans collision,,,,,,,,,,,1,1,1,1.0,7.0
201000013795,0010-07-17 05:45:00,10,7,17,5,45,202,298,Place des Portes,,,Plein jour,En agglomération,Hors intersection,Normale,Autre collision,,,,,,,,,,,1,2,1,1.0,6.0
201000013796,0010-07-18 02:15:00,10,7,18,2,15,202,205,Route de St Florent,,,Nuit avec éclairage allumé,En agglomération,Hors intersection,Normale,Deux véhicules - frontale,,,,,,,,,,,5,2,1,1.0,1.0
201000013797,0010-07-21 14:30:00,10,7,21,14,30,202,188,,,,Plein jour,Hors agglomération,Hors intersection,Autre,Sans collision,,,,,,,,,,,1,1,1,9.0,7.0
201000013798,0010-07-31 11:00:00,10,7,31,11,0,202,333,CD 62 - PK 11.800,,,Plein jour,En agglomération,Hors intersection,Normale,Autre collision,,,,,,,,,,,1,2,1,1.0,6.0
201000013799,0010-08-24 15:30:00,10,8,24,15,30,202,298,,,,Plein jour,Hors agglomération,Hors intersection,Normale,Deux véhicules - arrière,,,,,,,,,,,1,1,1,1.0,2.0
201000013800,0010-10-16 16:30:00,10,10,16,16,30,202,29,,,,Crépuscule ou aube,Hors agglomération,Hors intersection,Normale,Autre collision,,,,,,,,,,,2,1,1,1.0,6.0
201000013801,0010-01-20 08:15:00,10,1,20,8,15,202,121,,,,Plein jour,Hors agglomération,Hors intersection,Pluie légère,Deux véhicules - frontale,,,,,,,,,,,1,1,1,2.0,1.0
201000013802,0010-01-23 16:15:00,10,1,23,16,15,202,49,,,,Plein jour,Hors agglomération,Hors intersection,Normale,Trois véhicules et plus - en chaîne,,,,,,,,,,,1,1,1,1.0,4.0