accident_id,datetime,annee,mois,jour,heure,minute,departement,commune_insee,adresse,latitude,longitude,luminosite,agglomeration,intersection,meteo,collision,nb_vehicules,nb_usagers,nb_indemnes,nb_tues,nb_blesses_hosp,nb_blesses_legers,age_cond_1,age_cond_2,veh_type_cond_1,veh_type_cond_2,lum_code,agg_code,int_code,atm_code,col_code
201000014065,0010-07-04 09:00:00,10,7,4,9,0,910,80,,48.473,2.291,Nuit sans éclairage public,Hors agglomération,Hors intersection,Normale,Deux véhicules - frontale,,,,,,,,,,,3,1,1,1.0,1.0
201000014066,0010-09-24 19:30:00,10,9,24,19,30,910,232,CD 83,48.486,2.361,Nuit avec éclairage allumé,En agglomération,Autre intersection,Pluie forte,Deux véhicules - côté,,,,,,,,,,,5,2,9,3.0,3.0
201000014067,0010-10-05 08:30:00,10,10,5,8,30,910,232,rue Edmond Rostand,,,Plein jour,En agglomération,Hors intersection,Temps couvert,Autre collision,,,,,,,,,,,1,2,1,8.0,6.0
201000014068,0010-11-19 21:00:00,10,11,19,21,0,910,639,,,,Nuit sans éclairage public,Hors agglomération,Hors intersection,Normale,Deux véhicules - frontale,,,,,,,,,,,3,1,1,1.0,1.0
201000014069,0010-05-23 22:15:00,10,5,23,22,15,910,533,,,,Nuit sans éclairage public,Hors agglomération,Hors intersection,Normale,Sans collision,,,,,,,,,,,3,1,1,1.0,7.0
201000014070,0010-06-27 06:45:00,10,6,27,6,45,910,414,,48.35,2.039,Plein jour,Hors agglomération,Hors intersection,Normale,Sans collision,,,,,,,,,,,1,1,1,1.0,7.0
201000014071,0010-08-12 12:00:00,10,8,12,12,0,910,511,,,,Plein jour,Hors agglomération,Hors intersection,Normale,Deux véhicules - frontale,,,,,,,,,,,1,1,1,1.0,1.0
201000014072,0010-02-07 02:45:00,10,2,7,2,45,910,546,route de Dourdan,48.573,2.033,Nuit avec éclairage allumé,En agglomération,Giratoire,Normale,Autre collision,,,,,,,,,,,5,2,6,1.0,6.0
201000014073,0010-02-10 15:00:00,10,2,10,15,0,910,546,29 rue du pont rué,,,Plein jour,En agglomération,Hors intersection,Neige / grêle,Deux véhicules - arrière,,,,,,,,,,,1,2,1,4.0,2.0
201000014074,0010-02-18 19:15:00,10,2,18,19,15,910,568,route de courson,48.594,2.135,Nuit avec éclairage allumé,En agglomération,Hors intersection,Normale,Deux véhicules - côté,,,,,,,,,,,5,2,1,1.0,3.0
201000014075,0010-03-18 16:00:00,10,3,18,16,0,910,593,,48.54,2.071,Plein jour,Hors agglomération,Hors intersection,Normale,Autre collision,,,,,,,,,,,1,1,1,1.0,6.0
201000014076,0010-07-07 07:45:00,10,7,7,7,45,910,568,,48.579,2.096,Plein jour,Hors agglomération,Hors intersection,Autre,Deux véhicules - côté,,,,,,,,,,,1,1,1,9.0,3.0
201000014077,0010-08-31 23:45:00,10,8,31,23,45,910,540,20 rue Charles de Gaulle,48.55,2.12,Nuit avec éclairage allumé,En agglomération,Hors intersection,Normale,Sans collision,,,,,,,,,,,5,2,1,1.0,7.0
201000014078,0010-09-23 16:15:00,10,9,23,16,15,910,81,,,,Plein jour,Hors agglomération,Intersection en T,Normale,Deux véhicules - côté,,,,,,,,,,,1,1,3,1.0,3.0
201000014079,0010-11-13 04:00:00,10,11,13,4,0,910,546,7 rue du ponté rué,,,Nuit avec éclairage allumé,En agglomération,Hors intersection,Pluie légère,Autre collision,,,,,,,,,,,5,2,1,2.0,6.0
201000014080,0010-12-21 12:45:00,10,12,21,12,45,910,546,67 rue du pont rué,,,Plein jour,En agglomération,Hors intersection,Temps couvert,Deux véhicules - côté,,,,,,,,,,,1,2,1,8.0,3.0
201000014081,0010-01-18 18:15:00,10,1,18,18,15,910,661,avenue de la Baltique,,,Nuit avec éclairage allumé,En agglomération,Hors intersection,Pluie légère,Deux véhicules - côté,,,,,,,,,,,5,2,1,2.0,3.0
201000014082,0010-02-06 14:15:00,10,2,6,14,15,910,661,,,,Plein jour,Hors agglomération,Giratoire,Normale,Deux véhicules - arrière,,,,,,,,,,,1,1,6,1.0,2.0
201000014083,0010-02-20 08:45:00,10,2,20,8,45,910,661,CD59 sens PALAISEAU/LES,,,Plein jour,En agglomération,Hors intersection,Neige / grêle,Trois véhicules et plus - en chaîne,,,,,,,,,,,1,2,1,4.0,4.0
201000014084,0010-08-30 18:45:00,10,8,30,18,45,910,661,,48.7,2.233,Plein jour,Hors agglomération,Hors intersection,Normale,Trois véhicules et plus - collisions multiples,,,,,,,,,,,1,1,1,1.0,5.0
201000014085,0010-05-18 14:30:00,10,5,18,14,30,910,461,,48.61,2.197,Plein jour,Hors agglomération,Hors intersection,Normale,Trois véhicules et plus - en chaîne,,,,,,,,,,,1,1,1,1.0,4.0
201000014086,0010-07-03 09:15:00,10,7,3,9,15,910,156,,48.558,2.277,Plein jour,Hors agglomération,Hors intersection,Pluie forte,Deux véhicules - frontale,,,,,,,,,,,1,1,1,3.0,1.0
201000014087,0010-07-08 05:45:00,10,7,8,5,45,910,207,,,,Plein jour,Hors agglomération,Hors intersection,Normale,Trois véhicules et plus - collisions multiples,,,,,,,,,,,1,1,1,1.0,5.0
201000014088,0010-07-09 21:15:00,10,7,9,21,15,910,207,,48.581,2.222,Plein jour,Hors agglomération,Hors intersection,Normale,Sans collision,,,,,,,,,,,1,1,1,1.0,7.0
201000014089,0010-07-24 20:55:00,10,7,24,20,55,910,41,,48.565,2.246,Nuit sans éclairage public,Hors agglomération,Hors intersection,Normale,Deux véhicules - arrière,,,,,,,,,,,3,1,1,1.0,2.0
201000014090,0010-09-15 11:45:00,10,9,15,11,45,910,207,,,,Plein jour,Hors agglomération,Autre intersection,Normale,Deux véhicules - arrière,,,,,,,,,,,1,1,9,1.0,2.0
201000014091,0010-10-02 07:50:00,10,10,2,7,50,910,41,,,,Crépuscule ou aube,Hors agglomération,Hors intersection,Pluie légère,Autre collision,,,,,,,,,,,2,1,1,2.0,6.0
201000014092,0010-10-21 23:00:00,10,10,21,23,0,910,41,,48.57,2.23,Nuit sans éclairage public,Hors agglomération,Hors intersection,Normale,Deux véhicules - frontale,,,,,,,,,,,3,1,1,1.0,1.0
201000014093,0010-11-20 19:45:00,10,11,20,19,45,910,156,,48.556,2.264,Nuit sans éclairage public,Hors agglomération,Hors intersection,Normale,Autre collision,,,,,,,,,,,3,1,1,1.0,6.0
201000014094,0010-02-18 18:00:00,10,2,18,18,0,910,579,28 rue d'Enfer,,,Plein jour,En agglomération,Hors intersection,Pluie légère,Autre collision,,,,,,,,,,,1,2,1,2.0,6.0
201000014095,0010-07-27 03:15:00,10,7,27,3,15,910,579,,,,Nuit sans éclairage public,Hors agglomération,Hors intersection,Normale,Sans collision,,,,,,,,,,,3,1,1,1.0,7.0
201000014096,0010-12-16 05:15:00,10,12,16,5,15,910,494,,48.62,2.353,Nuit sans éclairage public,Hors agglomération,Giratoire,Pluie légère,Sans collision,,,,,,,,,,,3,1,6,2.0,7.0
201000014097,0010-02-09 08:30:00,10,2,9,8,30,910,338,,48.658,2.06999,Plein jour,Hors agglomération,Hors intersection,Neige / grêle,Deux véhicules - frontale,,,,,,,,,,,1,1,1,4.0,1.0
201000014098,0010-04-24 18:00:00,10,4,24,18,0,910,411,,48.686,2.072,Plein jour,Hors agglomération,Hors intersection,Normale,Deux véhicules - arrière,,,,,,,,,,,1,1,1,1.0,2.0
201000014099,0010-04-30 16:15:00,10,4,30,16,15,910,249,,48.619,2.087,Plein jour,Hors agglomération,Hors intersection,Normale,Deux véhicules - frontale,,,,,,,,,,,1,1,1,1.0,1.0
201000014100,0010-05-01 15:15:00,10,5,1,15,15,910,411,,,,Plein jour,Hors agglomération,Hors intersection,Normale,Deux véhicules - frontale,,,,,,,,,,,1,1,1,1.0,1.0
201000014101,0010-08-17 18:00:00,10,8,17,18,0,910,634,2 rue de la Fontaine,48.606,2.12,Plein jour,En agglomération,Hors intersection,Temps couvert,Autre collision,,,,,,,,,,,1,2,1,8.0,6.0
201000014102,0010-10-02 20:45:00,10,10,2,20,45,910,249,rue du Docteur Babin,48.631,2.104,Nuit avec éclairage allumé,En agglomération,Hors intersection,Normale,Deux véhicules - côté,,,,,,,,,,,5,2,1,1.0,3.0
201000014103,0010-11-15 18:00:00,10,11,15,18,0,910,111,intersection cd97 et râ,,,Nuit sans éclairage public,En agglomération,Hors intersection,Pluie légère,Deux véhicules - frontale,,,,,,,,,,,3,2,1,2.0,1.0
201000014104,0010-12-13 08:30:00,10,12,13,8,30,910,338,,,,Plein jour,Hors agglomération,Hors intersection,Normale,Sans collision,,,,,,,,,,,1,1,1,1.0,7.0
201000014105,0010-02-22 19:15:00,10,2,22,19,15,910,587,,,,Nuit sans éclairage public,Hors agglomération,Hors intersection,Pluie légère,Deux véhicules - frontale,,,,,,,,,,,3,1,1,2.0,1.0
201000014106,0010-04-06 10:00:00,10,4,6,10,0,910,587,Avenue Salvador Allende,48.69,2.276,Plein jour,En agglomération,Hors intersection,Normale,Deux véhicules - côté,,,,,,,,,,,1,2,1,1.0,3.0
201000014107,0010-06-14 10:15:00,10,6,14,10,15,910,587,44 AV DIVISION LECLERC,,,Plein jour,En agglomération,Autre intersection,Normale,Autre collision,,,,,,,,,,,1,2,9,1.0,6.0
201000014108,0010-06-21 17:50:00,10,6,21,17,50,910,44,,,,Plein jour,Hors agglomération,Hors intersection,Normale,Autre collision,,,,,,,,,,,1,1,1,1.0,6.0
201000014109,0010-09-22 07:45:00,10,9,22,7,45,910,44,,,,Plein jour,Hors agglomération,Hors intersection,Normale,Trois véhicules et plus - collisions multiples,,,,,,,,,,,1,1,1,1.0,5.0
201000014110,0010-01-19 07:45:00,10,1,19,7,45,910,274,,,,Nuit sans éclairage public,Hors agglomération,Hors intersection,Brouillard / fumée,Sans collision,,,,,,,,,,,3,1,1,5.0,7.0
201000014111,0010-01-19 19:45:00,10,1,19,19,45,910,272,face au 8 rt de l'abbaye,,,Nuit avec éclairage allumé,En agglomération,Hors intersection,Normale,Autre collision,,,,,,,,,,,5,2,1,1.0,6.0
201000014112,0010-01-24 05:00:00,10,1,24,5,0,910,679,RD838 / RD36,,,Nuit avec éclairage allumé,Hors agglomération,Hors intersection,Normale,Autre collision,,,,,,,,,,,5,1,1,1.0,6.0
201000014113,0010-01-28 12:45:00,10,1,28,12,45,910,272,Chemin du Couvent,,,Plein jour,En agglomération,Hors intersection,Normale,Deux véhicules - côté,,,,,,,,,,,1,2,1,1.0,3.0
201000014114,0010-02-11 17:45:00,10,2,11,17,45,910,560,Grande rue,,,Crépuscule ou aube,En agglomération,Hors intersection,Neige / grêle,Trois véhicules et plus - collisions multiples,,,,,,,,,,,2,2,1,4.0,5.0
201000014115,0010-02-24 18:15:00,10,2,24,18,15,910,272,,,,Plein jour,Hors agglomération,Hors intersection,Normale,Deux véhicules - frontale,,,,,,,,,,,1,1,1,1.0,1.0
201000014116,0010-04-13 19:45:00,10,4,13,19,45,910,272,RTE DAMIETTE/RUE GRUERIE,,,Crépuscule ou aube,En agglomération,Giratoire,Pluie légère,Deux véhicules - frontale,,,,,,,,,,,2,2,6,2.0,1.0
201000014117,0010-04-12 19:30:00,10,4,12,19,30,910,272,Route de la Noue,,,Plein jour,En agglomération,Hors intersection,Normale,Deux véhicules - côté,,,,,,,,,,,1,2,1,1.0,3.0
201000014118,0010-05-18 17:00:00,10,5,18,17,0,910,272,route de belle image,,,Plein jour,En agglomération,Hors intersection,Normale,Autre collision,,,,,,,,,,,1,2,1,1.0,6.0
201000014119,0010-06-11 19:30:00,10,6,11,19,30,910,272,rue Alphonse Pécart,,,Plein jour,En agglomération,Hors intersection,Normale,Deux véhicules - frontale,,,,,,,,,,,1,2,1,1.0,1.0
201000014120,0010-06-26 11:30:00,10,6,26,11,30,910,275,,,,Plein jour,Hors agglomération,Hors intersection,Normale,Sans collision,,,,,,,,,,,1,1,1,1.0,7.0
201000014121,0010-07-06 08:45:00,10,7,6,8,45,910,272,RD 306,48.708,2.114,Plein jour,En agglomération,Intersection en T,Normale,Deux véhicules - côté,,,,,,,,,,,1,2,3,1.0,3.0
201000014122,0010-08-26 12:30:00,10,8,26,12,30,910,272,route de Châteaufort,,,Plein jour,En agglomération,Hors intersection,Normale,Autre collision,,,,,,,,,,,1,2,1,1.0,6.0
201000014123,0010-09-04 20:00:00,10,9,4,20,0,910,272,69 rue Juliette Adam,,,Crépuscule ou aube,En agglomération,Giratoire,Normale,Deux véhicules - côté,,,,,,,,,,,2,2,6,1.0,3.0
201000014124,0010-09-11 16:15:00,10,9,11,16,15,910,679,,,,Plein jour,Hors agglomération,Hors intersection,Normale,Deux véhicules - frontale,,,,,,,,,,,1,1,1,1.0,1.0
201000014125,0010-09-24 19:45:00,10,9,24,19,45,910,679,,48.732,2.11,Nuit sans éclairage public,Hors agglomération,Hors intersection,Normale,Sans collision,,,,,,,,,,,3,1,1,1.0,7.0
201000014126,0010-10-10 19:15:00,10,10,10,19,15,910,275,,,,Nuit avec éclairage allumé,Hors agglomération,Giratoire,Normale,Autre collision,,,,,,,,,,,5,1,6,1.0,6.0
201000014127,0010-02-02 00:15:00,10,2,2,0,15,950,610,RD 51,49.0835,1.8951,Nuit sans éclairage public,Hors agglomération,Hors intersection,Normale,Sans collision,,,,,,,,,,,3,1,1,1.0,7.0
201000014128,0010-07-02 06:30:00,10,7,2,6,30,950,535,RD 28,49.0525,1.9589,Plein jour,Hors agglomération,Hors intersection,Normale,Deux véhicules - côté,,,,,,,,,,,1,1,1,1.0,3.0
201000014129,0010-10-16 02:30:00,10,10,16,2,30,950,535,RD 28,49.0436,1.9536,Nuit sans éclairage public,Hors agglomération,Hors intersection,Pluie légère,Autre collision,,,,,,,,,,,3,1,1,2.0,6.0
201000014130,0010-12-27 00:30:00,10,12,27,0,30,950,58,RTE DE CHAMLBLY,49.1648,2.2952,Nuit sans éclairage public,Hors agglomération,Hors intersection,Normale,Autre collision,,,,,,,,,,,3,1,1,1.0,6.0
201000014131,0010-02-25 12:40:00,10,2,25,12,40,950,24,RD983,49.1101,1.7909,Plein jour,Hors agglomération,Hors intersection,Pluie forte,Deux véhicules - frontale,,,,,,,,,,,1,1,1,3.0,1.0
201000014132,0010-03-20 10:20:00,10,3,20,10,20,950,379,RD983,49.1233,1.7897,Plein jour,Hors agglomération,Hors intersection,Pluie légère,Sans collision,,,,,,,,,,,1,1,1,2.0,7.0
201000014133,0010-03-21 03:30:00,10,3,21,3,30,950,101,rue de l'école,49.1392,1.6619,Nuit avec éclairage allumé,En agglomération,Hors intersection,Normale,Sans collision,,,,,,,,,,,5,2,1,1.0,7.0
201000014134,0010-05-11 18:45:00,10,5,11,18,45,950,355,RD 86,49.1794,1.8103,Plein jour,Hors agglomération,Hors intersection,Pluie légère,Deux véhicules - frontale,,,,,,,,,,,1,1,1,2.0,1.0
201000014135,0010-05-23 07:30:00,10,5,23,7,30,950,554,Lieu dit ESTREEZ,49.1653,1.7897,Plein jour,Hors agglomération,Hors intersection,Normale,Autre collision,,,,,,,,,,,1,1,1,1.0,6.0
201000014136,0010-06-24 12:50:00,10,6,24,12,50,950,157,23 rue de la coursoupe,49.0911,1.6786,Plein jour,En agglomération,Hors intersection,Normale,Deux véhicules - côté,,,,,,,,,,,1,2,1,1.0,3.0
201000014137,0010-08-07 15:15:00,10,8,7,15,15,950,554,Route de MONTAGNY,49.1779,1.7752,Plein jour,En agglomération,Hors intersection,Normale,Sans collision,,,,,,,,,,,1,2,1,1.0,7.0
201000014138,0010-09-05 17:00:00,10,9,5,17,0,950,523,RTEdes crêtes,49.0864,1.6412,Plein jour,Hors agglomération,Hors intersection,Normale,Trois véhicules et plus - collisions multiples,,,,,,,,,,,1,1,1,1.0,5.0
201000014139,0010-10-16 21:15:00,10,10,16,21,15,950,554,Rue  petit saint gervais,49.1635,1.7801,Nuit avec éclairage allumé,En agglomération,Intersection en T,Normale,Deux véhicules - côté,,,,,,,,,,,5,2,3,1.0,3.0
201000014140,0010-11-08 17:45:00,10,11,8,17,45,950,554,RD 14,49.1753,1.7527,Crépuscule ou aube,Hors agglomération,Hors intersection,Pluie légère,Deux véhicules - frontale,,,,,,,,,,,2,1,1,2.0,1.0
201000014141,0010-11-17 10:15:00,10,11,17,10,15,950,379,RD 983,49.1174,1.7906,Plein jour,Hors agglomération,Hors intersection,Temps couvert,Autre collision,,,,,,,,,,,1,1,1,8.0,6.0
201000014142,0010-11-27 20:00:00,10,11,27,20,0,950,8,RD 142E,49.0676,1.7599,Nuit sans éclairage public,Hors agglomération,Hors intersection,Normale,Sans collision,,,,,,,,,,,3,1,1,1.0,7.0
201000014143,0010-12-15 12:45:00,10,12,15,12,45,950,8,RD 983,49.0731,1.7821,Plein jour,Hors agglomération,Hors intersection,Normale,Sans collision,,,,,,,,,,,1,1,1,1.0,7.0
201000014144,0010-01-17 06:30:00,10,1,17,6,30,950,271,,49.0799,2.0711,Crépuscule ou aube,Hors agglomération,Giratoire,Pluie légère,Autre collision,,,,,,,,,,,2,1,6,2.0,6.0
201000014145,0010-01-24 11:45:00,10,1,24,11,45,950,254,,49.1267,1.9832,Plein jour,Hors agglomération,Hors intersection,Pluie légère,Autre collision,,,,,,,,,,,1,1,1,2.0,6.0
201000014146,0010-02-17 11:15:00,10,2,17,11,15,950,23,RD 927,49.1881,2.1257,Plein jour,Hors agglomération,Hors intersection,Pluie légère,Autre collision,,,,,,,,,,,1,1,1,2.0,6.0
201000014147,0010-04-03 10:30:00,10,4,3,10,30,950,584,,49.133,1.9527,Plein jour,Hors agglomération,Hors intersection,Temps couvert,Autre collision,,,,,,,,,,,1,1,1,8.0,6.0
201000014148,0010-04-30 15:15:00,10,4,30,15,15,950,102,RD 64,49.139,2.0087,Plein jour,Hors agglomération,Hors intersection,Normale,Sans collision,,,,,,,,,,,1,1,1,1.0,7.0
201000014149,0010-05-23 04:45:00,10,5,23,4,45,950,78,4 rue Pasteur,49.0729,2.0285,Nuit avec éclairage allumé,En agglomération,Hors intersection,Normale,Autre collision,,,,,,,,,,,5,2,1,1.0,6.0
201000014150,0010-05-29 18:15:00,10,5,29,18,15,950,213,RD 22,49.1216,2.05039,Plein jour,En agglomération,Hors intersection,Normale,Autre collision,,,,,,,,,,,1,2,1,1.0,6.0
201000014151,0010-05-30 04:00:00,10,5,30,4,0,950,298,rue des terres st denis,49.1671,2.0295,Nuit sans éclairage public,En agglomération,Hors intersection,Pluie légère,Autre collision,,,,,,,,,,,3,2,1,2.0,6.0
201000014152,0010-12-17 15:00:00,10,12,17,15,0,950,370,26 R JEAN JAURES,49.1442,1.9824,Plein jour,En agglomération,Hors intersection,Neige / grêle,Deux véhicules - côté,,,,,,,,,,,1,2,1,4.0,3.0
201000014153,0010-02-28 15:20:00,10,2,28,15,20,950,39,"23, rue MONTMAUR",49.0687,2.1741,Plein jour,En agglomération,Hors intersection,Temps couvert,Autre collision,,,,,,,,,,,1,2,1,8.0,6.0
201000014154,0010-03-26 07:30:00,10,3,26,7,30,950,308,,49.1043,2.1281,Plein jour,Hors agglomération,Hors intersection,Normale,Deux véhicules - frontale,,,,,,,,,,,1,1,1,1.0,1.0
201000014155,0010-06-02 18:00:00,10,6,2,18,0,950,120,8 rue de l'Oise,49.0843,2.2005,Plein jour,En agglomération,Hors intersection,Normale,Deux véhicules - côté,,,,,,,,,,,1,2,1,1.0,3.0
201000014156,0010-01-22 17:35:00,10,1,22,17,35,950,592,,49.0395,1.8686,Plein jour,Hors agglomération,Hors intersection,Normale,Autre collision,,,,,,,,,,,1,1,1,1.0,6.0
201000014157,0010-04-24 05:35:00,10,4,24,5,35,950,169,RD 43,49.1387,1.8874,Nuit sans éclairage public,Hors agglomération,Hors intersection,Normale,Deux véhicules - frontale,,,,,,,,,,,3,1,1,1.0,1.0
201000014158,0010-05-04 10:45:00,10,5,4,10,45,950,535,RD 38,49.0543,1.9802,Plein jour,Hors agglomération,Hors intersection,Normale,Sans collision,,,,,,,,,,,1,1,1,1.0,7.0
201000014159,0010-06-08 16:00:00,10,6,8,16,0,950,2,RD 14 sortie 14,49.0707,1.9677,Plein jour,En agglomération,Hors intersection,Normale,Sans collision,,,,,,,,,,,1,2,1,1.0,7.0
201000014160,0010-08-27 16:30:00,10,8,27,16,30,950,535,RD 28,49.0614,1.9618,Plein jour,Hors agglomération,Hors intersection,Temps couvert,Deux véhicules - côté,,,,,,,,,,,1,1,1,8.0,3.0
201000014161,0010-08-29 19:45:00,10,8,29,19,45,950,592,Rue Saint Jean,49.0473,1.8792,Plein jour,En agglomération,Intersection en X,Pluie légère,Deux véhicules - côté,,,,,,,,,,,1,2,2,2.0,3.0
201000014162,0010-09-05 17:30:00,10,9,5,17,30,950,2,RD 14,49.0666,1.9738,Plein jour,Hors agglomération,Hors intersection,Normale,Sans collision,,,,,,,,,,,1,1,1,1.0,7.0
201000014163,0010-10-03 11:20:00,10,10,3,11,20,950,592,rue de la montcient,49.0256,1.8714,Plein jour,En agglomération,Hors intersection,Normale,Sans collision,,,,,,,,,,,1,2,1,1.0,7.0
201000014164,0010-11-09 16:15:00,10,11,9,16,15,950,535,RD 14,49.0651,1.9781,Plein jour,Hors agglomération,Hors intersection,Pluie légère,Sans collision,,,,,,,,,,,1,1,1,2.0,7.0
201000014165,0010-05-07 20:00:00,10,5,7,20,0,950,199,avenue de l'europe,49.0275,2.3445,Plein jour,En agglomération,Hors intersection,Normale,Deux véhicules - côté,,,,,,,,,,,1,2,1,1.0,3.0
201000014166,0010-05-14 13:30:00,10,5,14,13,30,950,91,rue de la république,49.0427,2.303,Plein jour,En agglomération,Hors intersection,Normale,Deux véhicules - frontale,,,,,,,,,,,1,2,1,1.0,1.0
201000014167,0010-08-11 08:30:00,10,8,11,8,30,950,199,RD 909,49.0267,2.3121,Plein jour,Hors agglomération,Hors intersection,Pluie légère,Autre collision,,,,,,,,,,,1,1,1,2.0,6.0
201000014168,0010-08-22 07:45:00,10,8,22,7,45,950,28,RD 909,49.0695,2.3407,Plein jour,Hors agglomération,Hors intersection,Normale,Autre collision,,,,,,,,,,,1,1,1,1.0,6.0
201000014169,0010-08-23 17:30:00,10,8,23,17,30,950,409,Parking C.C. LECLERC,49.0405,2.3404,Plein jour,En agglomération,Hors intersection,Normale,Autre collision,,,,,,,,,,,1,2,1,1.0,6.0
201000014170,0010-11-18 18:30:00,10,11,18,18,30,950,409,RUE GUY VENNAT,49.0489,2.3338,Nuit avec éclairage allumé,En agglomération,Hors intersection,Temps couvert,Deux véhicules - arrière,,,,,,,,,,,5,2,1,8.0,2.0
201000014171,0010-01-25 18:30:00,10,1,25,18,30,950,205,RD 316,49.0228,2.3866,Nuit avec éclairage allumé,Hors agglomération,Intersection en X,Normale,Deux véhicules - arrière,,,,,,,,,,,5,1,2,1.0,2.0
201000014172,0010-02-01 07:30:00,10,2,1,7,30,950,205,RD 316,49.0308,2.3901,Crépuscule ou aube,Hors agglomération,Hors intersection,Temps couvert,Deux véhicules - arrière,,,,,,,,,,,2,1,1,8.0,2.0
201000014173,0010-02-01 14:00:00,10,2,1,14,0,950,492,RD 10,49.0335,2.4271,Plein jour,Hors agglomération,Hors intersection,Normale,Deux véhicules - côté,,,,,,,,,,,1,1,1,1.0,3.0
201000014174,0010-02-03 08:45:00,10,2,3,8,45,950,205,RD 316,49.0306,2.3901,Plein jour,Hors agglomération,Hors intersection,Normale,Deux véhicules - arrière,,,,,,,,,,,1,1,1,1.0,2.0
201000014175,0010-02-05 09:15:00,10,2,5,9,15,950,205,RD 316,49.0308,2.3901,Plein jour,Hors agglomération,Hors intersection,Pluie légère,Deux véhicules - arrière,,,,,,,,,,,1,1,1,2.0,2.0
201000014176,0010-04-10 16:45:00,10,4,10,16,45,950,229,23 ROUTE DE DOMONT,49.0331,2.3546,Plein jour,En agglomération,Hors intersection,Normale,Deux véhicules - arrière,,,,,,,,,,,1,2,1,1.0,2.0
201000014177,0010-05-07 23:30:00,10,5,7,23,30,950,205,RD 316,49.0337,2.3915,Nuit avec éclairage allumé,Hors agglomération,Hors intersection,Normale,Sans collision,,,,,,,,,,,5,1,1,1.0,7.0
201000014178,0010-09-13 15:15:00,10,9,13,15,15,950,409,Centre leclerc Moisselle,49.0388,2.3417,Plein jour,Hors agglomération,Hors intersection,Normale,Deux véhicules - côté,,,,,,,,,,,1,1,1,1.0,3.0
201000014179,0010-10-21 00:15:00,10,10,21,0,15,950,229,GRANDE RUE,49.0321,2.3593,Nuit avec éclairage allumé,En agglomération,Hors intersection,Normale,Sans collision,,,,,,,,,,,5,2,1,1.0,7.0
201000014180,0010-02-15 22:15:00,10,2,15,22,15,950,241,RD 47,49.0587,2.4384,Nuit sans éclairage public,Hors agglomération,Hors intersection,Autre,Sans collision,,,,,,,,,,,3,1,1,9.0,7.0
201000014181,0010-04-09 18:00:00,10,4,9,18,0,950,641,,49.0638,2.5561,Plein jour,En agglomération,Hors intersection,Normale,Deux véhicules - frontale,,,,,,,,,,,1,2,1,1.0,1.0
201000014182,0010-11-12 20:40:00,10,11,12,20,40,950,351,RD 317,49.0287,2.4999,Nuit sans éclairage public,En agglomération,Giratoire,Normale,Deux véhicules - arrière,,,,,,,,,,,3,2,6,1.0,2.0
201000014183,0010-02-04 07:50:00,10,2,4,7,50,770,175,Croisement CD305/CD48,,,Plein jour,Hors agglomération,Intersection en X,Normale,Deux véhicules - côté,,,,,,,,,,,1,1,2,1.0,3.0
201000014184,0010-03-29 17:30:00,10,3,29,17,30,770,127,,,,Plein jour,Hors agglomération,Hors intersection,Normale,Deux véhicules - arrière,,,,,,,,,,,1,1,1,1.0,2.0
201000014185,0010-05-10 16:45:00,10,5,10,16,45,770,455,,48.638,2.716,Plein jour,Hors agglomération,Intersection en X,Pluie légère,Deux véhicules - côté,,,,,,,,,,,1,1,2,2.0,3.0
201000014186,0010-06-24 18:45:00,10,6,24,18,45,770,455,,48.638,2.716,Plein jour,Hors agglomération,Intersection en X,Temps éblouissant,Deux véhicules - côté,,,,,,,,,,,1,1,2,7.0,3.0
201000014187,0010-08-06 19:00:00,10,8,6,19,0,770,457,,48.667,2.719,Plein jour,Hors agglomération,Hors intersection,Normale,Deux véhicules - côté,,,,,,,,,,,1,1,1,1.0,3.0
201000014188,0010-10-05 06:30:00,10,10,5,6,30,770,217,,48.707,2.671,Crépuscule ou aube,Hors agglomération,Hors intersection,Normale,Deux véhicules - arrière,,,,,,,,,,,2,1,1,1.0,2.0
201000014189,0010-11-27 17:15:00,10,11,27,17,15,770,127,,48.671,2.707,Nuit sans éclairage public,Hors agglomération,Hors intersection,Autre,Sans collision,,,,,,,,,,,3,1,1,9.0,7.0
201000014190,0010-12-24 16:00:00,10,12,24,16,0,770,252,,48.635,2.648,Plein jour,Hors agglomération,Hors intersection,Temps couvert,Deux véhicules - frontale,,,,,,,,,,,1,1,1,8.0,1.0
201000014191,0010-12-25 12:45:00,10,12,25,12,45,770,127,,,,Plein jour,Hors agglomération,Hors intersection,Normale,Sans collision,,,,,,,,,,,1,1,1,1.0,7.0
201000014192,0010-01-21 18:20:00,10,1,21,18,20,770,100,D605,,,Nuit sans éclairage public,Hors agglomération,Hors intersection,Normale,Deux véhicules - frontale,,,,,,,,,,,3,1,1,1.0,1.0