accident_id,datetime,annee,mois,jour,heure,minute,departement,commune_insee,adresse,latitude,longitude,luminosite,agglomeration,intersection,meteo,collision,nb_vehicules,nb_usagers,nb_indemnes,nb_tues,nb_blesses_hosp,nb_blesses_legers,age_cond_1,age_cond_2,veh_type_cond_1,veh_type_cond_2,lum_code,agg_code,int_code,atm_code,col_code
201000014193,0010-03-07 17:15:00,10,3,7,17,15,770,34,,,,Plein jour,Hors agglomération,Hors intersection,Vent fort / tempête,Sans collision,,,,,,,,,,,1,1,1,6.0,7.0
201000014194,0010-03-09 19:15:00,10,3,9,19,15,770,100,,,,Crépuscule ou aube,Hors agglomération,Hors intersection,Normale,Deux véhicules - arrière,,,,,,,,,,,2,1,1,1.0,2.0
201000014195,0010-05-30 00:15:00,10,5,30,0,15,770,34,,,,Nuit sans éclairage public,Hors agglomération,Intersection en X,Pluie légère,Deux véhicules - côté,,,,,,,,,,,3,1,2,2.0,3.0
201000014196,0010-07-23 02:00:00,10,7,23,2,0,770,354,,48.799,2.398,Nuit sans éclairage public,Hors agglomération,Hors intersection,Normale,Sans collision,,,,,,,,,,,3,1,1,1.0,7.0
201000014197,0010-01-14 00:30:00,10,1,14,0,30,770,493,27 rue de la gare,,,Nuit avec éclairage allumé,En agglomération,Hors intersection,Normale,Autre collision,,,,,,,,,,,5,2,1,1.0,6.0
201000014198,0010-03-26 21:00:00,10,3,26,21,0,770,352,,,,Nuit avec éclairage allumé,Hors agglomération,Intersection en X,Normale,Deux véhicules - côté,,,,,,,,,,,5,1,2,1.0,3.0
201000014199,0010-04-10 20:00:00,10,4,10,20,0,770,107,,48.666,2.842,Plein jour,Hors agglomération,Hors intersection,Normale,Autre collision,,,,,,,,,,,1,1,1,1.0,6.0
201000014200,0010-04-30 08:30:00,10,4,30,8,30,770,107,,48.67,2.821,Plein jour,Hors agglomération,Hors intersection,Normale,Deux véhicules - frontale,,,,,,,,,,,1,1,1,1.0,1.0
201000014201,0010-05-05 01:15:00,10,5,5,1,15,770,352,,48.664,2.738,Nuit sans éclairage public,Hors agglomération,Hors intersection,Normale,Sans collision,,,,,,,,,,,3,1,1,1.0,7.0
201000014202,0010-06-24 14:45:00,10,6,24,14,45,770,107,,48.682,2.85,Plein jour,Hors agglomération,Hors intersection,Normale,Autre collision,,,,,,,,,,,1,1,1,1.0,6.0
201000014203,0010-09-03 08:30:00,10,9,3,8,30,770,222,Rue Saint Abdon,,,Plein jour,En agglomération,Hors intersection,Normale,Deux véhicules - frontale,,,,,,,,,,,1,2,1,1.0,1.0
201000014204,0010-09-06 16:45:00,10,9,6,16,45,770,222,Rue de Troyes,48.638,2.804,Plein jour,En agglomération,Hors intersection,Temps couvert,Autre collision,,,,,,,,,,,1,2,1,8.0,6.0
201000014205,0010-10-11 09:45:00,10,10,11,9,45,770,145,,48.597,2.726,Plein jour,Hors agglomération,Hors intersection,Normale,Trois véhicules et plus - en chaîne,,,,,,,,,,,1,1,1,1.0,4.0
201000014206,0010-10-20 08:45:00,10,10,20,8,45,770,107,BD DES BARRES RUEVERDUN,48.672,2.842,Plein jour,En agglomération,Hors intersection,Normale,Deux véhicules - côté,,,,,,,,,,,1,2,1,1.0,3.0
201000014207,0010-10-17 13:00:00,10,10,17,13,0,770,107,,48.693,2.823,Plein jour,Hors agglomération,Hors intersection,Normale,Deux véhicules - côté,,,,,,,,,,,1,1,1,1.0,3.0
201000014208,0010-12-09 13:00:00,10,12,9,13,0,770,107,1 rue de la libération,48.667,2.842,Plein jour,En agglomération,Hors intersection,Normale,Autre collision,,,,,,,,,,,1,2,1,1.0,6.0
201000014209,0010-12-14 21:00:00,10,12,14,21,0,770,222,RD 619,48.641,2.794,Nuit sans éclairage public,En agglomération,Intersection en T,Pluie légère,Deux véhicules - côté,,,,,,,,,,,3,2,3,2.0,3.0
201000014210,0010-12-17 18:15:00,10,12,17,18,15,770,29,,48.65,2.847,Nuit sans éclairage public,Hors agglomération,Hors intersection,Neige / grêle,Autre collision,,,,,,,,,,,3,1,1,4.0,6.0
201000014211,0010-04-30 06:45:00,10,4,30,6,45,770,82,Rue de la Libération,,,Crépuscule ou aube,En agglomération,Hors intersection,Normale,Deux véhicules - frontale,,,,,,,,,,,2,2,1,1.0,1.0
201000014212,0010-09-30 16:30:00,10,9,30,16,30,770,211,,48.591,2.934,Plein jour,Hors agglomération,Hors intersection,Normale,Deux véhicules - côté,,,,,,,,,,,1,1,1,1.0,3.0
201000014213,0010-12-10 09:00:00,10,12,10,9,0,770,317,,48.599,2.893,Plein jour,Hors agglomération,Hors intersection,Neige / grêle,Deux véhicules - arrière,,,,,,,,,,,1,1,1,4.0,2.0
201000014214,0010-12-26 16:45:00,10,12,26,16,45,770,52,,48.559,2.875,Crépuscule ou aube,Hors agglomération,Hors intersection,Autre,Deux véhicules - arrière,,,,,,,,,,,2,1,1,9.0,2.0
201000014215,0010-01-24 04:45:00,10,1,24,4,45,770,470,D10,,,Nuit avec éclairage allumé,En agglomération,Hors intersection,Normale,Autre collision,,,,,,,,,,,5,2,1,1.0,6.0
201000014216,0010-02-23 17:30:00,10,2,23,17,30,770,177,,,,Plein jour,Hors agglomération,Hors intersection,Normale,Deux véhicules - frontale,,,,,,,,,,,1,1,1,1.0,1.0
201000014217,0010-02-28 18:15:00,10,2,28,18,15,770,470,,,,Plein jour,Hors agglomération,Hors intersection,Temps éblouissant,Trois véhicules et plus - en chaîne,,,,,,,,,,,1,1,1,7.0,4.0
201000014218,0010-04-21 05:45:00,10,4,21,5,45,770,470,,48.738,2.793,Nuit sans éclairage public,Hors agglomération,Hors intersection,Normale,Deux véhicules - arrière,,,,,,,,,,,3,1,1,1.0,2.0
201000014219,0010-05-02 23:30:00,10,5,2,23,30,770,470,,48.741,2.758,Nuit sans éclairage public,Hors agglomération,Hors intersection,Normale,Deux véhicules - côté,,,,,,,,,,,3,1,1,1.0,3.0
201000014220,0010-01-05 19:15:00,10,1,5,19,15,770,141,,,,Nuit sans éclairage public,Hors agglomération,Hors intersection,Normale,Autre collision,,,,,,,,,,,3,1,1,1.0,6.0
201000014221,0010-03-05 09:30:00,10,3,5,9,30,770,141,,,,Plein jour,Hors agglomération,Hors intersection,Normale,Autre collision,,,,,,,,,,,1,1,1,1.0,6.0
201000014222,0010-06-09 06:45:00,10,6,9,6,45,770,443,,48.895,2.947,Plein jour,Hors agglomération,Hors intersection,Pluie légère,Deux véhicules - frontale,,,,,,,,,,,1,1,1,2.0,1.0
201000014223,0010-06-25 12:45:00,10,6,25,12,45,770,142,,48.868,2.883,Plein jour,Hors agglomération,Hors intersection,Normale,Deux véhicules - côté,,,,,,,,,,,1,1,1,1.0,3.0
201000014224,0010-07-04 07:45:00,10,7,4,7,45,770,529,,48.86,2.923,Plein jour,Hors agglomération,Hors intersection,Normale,Deux véhicules - frontale,,,,,,,,,,,1,1,1,1.0,1.0
201000014225,0010-07-24 00:30:00,10,7,24,0,30,770,142,,48.858,2.932,Nuit sans éclairage public,Hors agglomération,Hors intersection,Pluie légère,Autre collision,,,,,,,,,,,3,1,1,2.0,6.0
201000014226,0010-08-08 18:00:00,10,8,8,18,0,770,413,route de Melun PR 4+450,48.879,2.85,Plein jour,En agglomération,Hors intersection,Normale,Deux véhicules - frontale,,,,,,,,,,,1,2,1,1.0,1.0
201000014227,0010-09-23 13:15:00,10,9,23,13,15,770,443,,48.876,2.967,Plein jour,Hors agglomération,Hors intersection,Normale,Sans collision,,,,,,,,,,,1,1,1,1.0,7.0
201000014228,0010-10-24 11:45:00,10,10,24,11,45,770,49,,48.91,2.93,Plein jour,Hors agglomération,Hors intersection,Pluie légère,Autre collision,,,,,,,,,,,1,1,1,2.0,6.0
201000014229,0010-11-09 08:45:00,10,11,9,8,45,770,484,,48.898,2.943,Crépuscule ou aube,Hors agglomération,Autre intersection,Pluie légère,Deux véhicules - frontale,,,,,,,,,,,2,1,9,2.0,1.0
201000014230,0010-12-08 18:00:00,10,12,8,18,0,770,142,,48.867,2.883,Nuit avec éclairage allumé,Hors agglomération,Passage à niveau,Neige / grêle,Deux véhicules - frontale,,,,,,,,,,,5,1,8,4.0,1.0
201000014231,0010-12-25 01:00:00,10,12,25,1,0,770,142,,48.87,2.878,Nuit sans éclairage public,Hors agglomération,Hors intersection,Normale,Deux véhicules - arrière,,,,,,,,,,,3,1,1,1.0,2.0
201000014232,0010-01-01 01:15:00,10,1,1,1,15,770,492,rue Pascal Jardin,,,Nuit avec éclairage allumé,En agglomération,Autre intersection,Temps couvert,Autre collision,,,,,,,,,,,5,2,9,8.0,6.0
201000014233,0010-02-17 08:20:00,10,2,17,8,20,770,278,,,,Crépuscule ou aube,Hors agglomération,Hors intersection,Pluie légère,Autre collision,,,,,,,,,,,2,1,1,2.0,6.0
201000014234,0010-03-10 17:30:00,10,3,10,17,30,770,429,Route de la Vallée,,,Plein jour,En agglomération,Hors intersection,Normale,Deux véhicules - côté,,,,,,,,,,,1,2,1,1.0,3.0
201000014235,0010-03-02 13:45:00,10,3,2,13,45,770,278,,,,Plein jour,Hors agglomération,Hors intersection,Normale,Deux véhicules - côté,,,,,,,,,,,1,1,1,1.0,3.0
201000014236,0010-03-13 01:00:00,10,3,13,1,0,770,240,,,,Nuit sans éclairage public,Hors agglomération,Hors intersection,Normale,Autre collision,,,,,,,,,,,3,1,1,1.0,6.0
201000014237,0010-03-07 05:45:00,10,3,7,5,45,770,93,,,,Nuit sans éclairage public,Hors agglomération,Hors intersection,Normale,Sans collision,,,,,,,,,,,3,1,1,1.0,7.0
201000014238,0010-03-28 11:45:00,10,3,28,11,45,770,417,,,,Plein jour,Hors agglomération,Hors intersection,Normale,Deux véhicules - frontale,,,,,,,,,,,1,1,1,1.0,1.0
201000014239,0010-04-11 17:30:00,10,4,11,17,30,770,402,,48.84,3.389,Plein jour,Hors agglomération,Intersection en X,Normale,Deux véhicules - côté,,,,,,,,,,,1,1,2,1.0,3.0
201000014240,0010-04-18 11:45:00,10,4,18,11,45,770,512,,48.877,3.329,Plein jour,Hors agglomération,Hors intersection,Normale,Deux véhicules - frontale,,,,,,,,,,,1,1,1,1.0,1.0
201000014241,0010-05-21 18:30:00,10,5,21,18,30,770,398,intersection CD222-31,48.463,3.489,Plein jour,En agglomération,Intersection en X,Normale,Deux véhicules - côté,,,,,,,,,,,1,2,2,1.0,3.0
201000014242,0010-06-22 22:00:00,10,6,22,22,0,770,162,,48.867,3.148,Crépuscule ou aube,Hors agglomération,Intersection en X,Normale,Deux véhicules - côté,,,,,,,,,,,2,1,2,1.0,3.0
201000014243,0010-07-21 18:00:00,10,7,21,18,0,770,432,d66 moulin du pont,48.81,3.236,Plein jour,En agglomération,Hors intersection,Normale,Autre collision,,,,,,,,,,,1,2,1,1.0,6.0
201000014244,0010-08-07 14:15:00,10,8,7,14,15,770,512,,,,Plein jour,En agglomération,Hors intersection,Normale,Deux véhicules - frontale,,,,,,,,,,,1,2,1,1.0,1.0
201000014245,0010-09-21 09:15:00,10,9,21,9,15,770,492,,48.881,3.366,Crépuscule ou aube,Hors agglomération,Hors intersection,Normale,Sans collision,,,,,,,,,,,2,1,1,1.0,7.0
201000014246,0010-10-09 21:00:00,10,10,9,21,0,770,182,,48.287,3.0,Nuit sans éclairage public,Hors agglomération,Hors intersection,Normale,Deux véhicules - arrière,,,,,,,,,,,3,1,1,1.0,2.0
201000014247,0010-11-29 17:45:00,10,11,29,17,45,770,162,,48.879,3.194,Nuit sans éclairage public,Hors agglomération,Hors intersection,Neige / grêle,Deux véhicules - frontale,,,,,,,,,,,3,1,1,4.0,1.0
201000014248,0010-12-04 21:00:00,10,12,4,21,0,770,303,,48.407,3.675,Nuit sans éclairage public,Hors agglomération,Hors intersection,Neige / grêle,Autre collision,,,,,,,,,,,3,1,1,4.0,6.0
201000014249,0010-12-08 15:00:00,10,12,8,15,0,770,406,,48.397,3.301,Plein jour,Hors agglomération,Hors intersection,Neige / grêle,Deux véhicules - frontale,,,,,,,,,,,1,1,1,4.0,1.0
201000014250,0010-01-18 12:30:00,10,1,18,12,30,770,183,Rue de Reuil,,,Plein jour,En agglomération,Hors intersection,Normale,Deux véhicules - côté,,,,,,,,,,,1,2,1,1.0,3.0
201000014251,0010-04-11 00:45:00,10,4,11,0,45,770,57,,48.923,3.275,Nuit sans éclairage public,Hors agglomération,Hors intersection,Normale,Autre collision,,,,,,,,,,,3,1,1,1.0,6.0
201000014252,0010-05-05 17:15:00,10,5,5,17,15,770,238,,48.928,3.153,Plein jour,Hors agglomération,Hors intersection,Normale,Autre collision,,,,,,,,,,,1,1,1,1.0,6.0
201000014253,0010-06-11 14:00:00,10,6,11,14,0,770,183,,48.948,3.123,Plein jour,En agglomération,Hors intersection,Normale,Autre collision,,,,,,,,,,,1,2,1,1.0,6.0
201000014254,0010-06-20 04:00:00,10,6,20,4,0,770,361,,48.919,3.015,Nuit sans éclairage public,Hors agglomération,Hors intersection,Normale,Sans collision,,,,,,,,,,,3,1,1,1.0,7.0
201000014255,0010-06-25 17:00:00,10,6,25,17,0,770,183,06 avenue de Montmirail,48.946,3.13,Plein jour,En agglomération,Hors intersection,Normale,Autre collision,,,,,,,,,,,1,2,1,1.0,6.0
201000014256,0010-07-20 16:00:00,10,7,20,16,0,770,478,10 rue de lizy,48.962,3.075,Plein jour,En agglomération,Hors intersection,Normale,Autre collision,,,,,,,,,,,1,2,1,1.0,6.0
201000014257,0010-08-13 22:30:00,10,8,13,22,30,770,415,"6, rue Raymond POINCARE",48.955,3.023,Crépuscule ou aube,En agglomération,Hors intersection,Normale,Deux véhicules - arrière,,,,,,,,,,,2,2,1,1.0,2.0
201000014258,0010-10-04 16:30:00,10,10,4,16,30,770,183,rue de condé,48.95,3.132,Plein jour,En agglomération,Hors intersection,Normale,Autre collision,,,,,,,,,,,1,2,1,1.0,6.0
201000014259,0010-11-06 17:30:00,10,11,6,17,30,770,300,,48.93,2.98,Crépuscule ou aube,Hors agglomération,Hors intersection,Pluie forte,Deux véhicules - frontale,,,,,,,,,,,2,1,1,3.0,1.0
201000014260,0010-11-09 10:15:00,10,11,9,10,15,770,361,,48.93,2.99,Plein jour,Hors agglomération,Hors intersection,Pluie légère,Autre collision,,,,,,,,,,,1,1,1,2.0,6.0
201000014261,0010-01-10 05:15:00,10,1,10,5,15,770,229,,,,Nuit sans éclairage public,Hors agglomération,Hors intersection,Neige / grêle,Deux véhicules - côté,,,,,,,,,,,3,1,1,4.0,3.0
201000014262,0010-01-29 23:05:00,10,1,29,23,5,770,229,Intersection RN36 - D436,,,Nuit sans éclairage public,Hors agglomération,Intersection en Y,Normale,Deux véhicules - côté,,,,,,,,,,,3,1,4,1.0,3.0
201000014263,0010-01-28 20:00:00,10,1,28,20,0,770,318,,,,Nuit sans éclairage public,Hors agglomération,Hors intersection,Normale,Trois véhicules et plus - collisions multiples,,,,,,,,,,,3,1,1,1.0,5.0
201000014264,0010-03-01 14:00:00,10,3,1,14,0,770,508,,,,Plein jour,Hors agglomération,Hors intersection,Normale,Deux véhicules - côté,,,,,,,,,,,1,1,1,1.0,3.0
201000014265,0010-04-10 15:15:00,10,4,10,15,15,770,91,,48.774,2.862,Plein jour,Hors agglomération,Hors intersection,Temps éblouissant,Deux véhicules - côté,,,,,,,,,,,1,1,1,7.0,3.0
201000014266,0010-06-18 12:15:00,10,6,18,12,15,770,508,,48.833,2.803,Plein jour,Hors agglomération,Hors intersection,Normale,Deux véhicules - côté,,,,,,,,,,,1,1,1,1.0,3.0
201000014267,0010-07-04 18:00:00,10,7,4,18,0,770,229,,48.76,2.86,Plein jour,Hors agglomération,Hors intersection,Normale,Deux véhicules - côté,,,,,,,,,,,1,1,1,1.0,3.0
201000014268,0010-07-19 07:15:00,10,7,19,7,15,770,144,,48.77,2.89,Plein jour,Hors agglomération,Hors intersection,Normale,Deux véhicules - frontale,,,,,,,,,,,1,1,1,1.0,1.0
201000014269,0010-07-23 23:45:00,10,7,23,23,45,770,466,,48.824,2.882,Nuit sans éclairage public,Hors agglomération,Hors intersection,Normale,Deux véhicules - frontale,,,,,,,,,,,3,1,1,1.0,1.0
201000014270,0010-08-05 16:15:00,10,8,5,16,15,770,219,rue du Bout du Pont,48.834,2.953,Plein jour,En agglomération,Hors intersection,Normale,Sans collision,,,,,,,,,,,1,2,1,1.0,7.0
201000014271,0010-09-22 14:15:00,10,9,22,14,15,770,91,face au 12 rue de Paris,48.745,2.838,Plein jour,En agglomération,Hors intersection,Normale,Deux véhicules - arrière,,,,,,,,,,,1,2,1,1.0,2.0
201000014272,0010-10-30 08:30:00,10,10,30,8,30,770,176,,48.792,3.004,Plein jour,Hors agglomération,Hors intersection,Pluie légère,Deux véhicules - côté,,,,,,,,,,,1,1,1,2.0,3.0
201000014273,0010-11-09 08:45:00,10,11,9,8,45,770,508,,48.803,2.867,Plein jour,Hors agglomération,Hors intersection,Pluie légère,Trois véhicules et plus - en chaîne,,,,,,,,,,,1,1,1,2.0,4.0
201000014274,0010-11-24 16:00:00,10,11,24,16,0,770,176,,48.807,3.002,Plein jour,Hors agglomération,Hors intersection,Normale,Deux véhicules - côté,,,,,,,,,,,1,1,1,1.0,3.0
201000014275,0010-01-30 18:00:00,10,1,30,18,0,770,192,rue Emile Zola,,,Crépuscule ou aube,En agglomération,Hors intersection,Normale,Autre collision,,,,,,,,,,,2,2,1,1.0,6.0
201000014276,0010-01-30 19:45:00,10,1,30,19,45,770,527,,,,Nuit sans éclairage public,Hors agglomération,Hors intersection,Autre,Deux véhicules - frontale,,,,,,,,,,,3,1,1,9.0,1.0
201000014277,0010-05-22 08:00:00,10,5,22,8,0,770,192,,48.713,2.836,Plein jour,Hors agglomération,Hors intersection,Normale,Deux véhicules - côté,,,,,,,,,,,1,1,1,1.0,3.0
201000014278,0010-06-27 15:45:00,10,6,27,15,45,770,192,carrefour des 4 chemins,48.711,2.868,Plein jour,En agglomération,Hors intersection,Normale,Deux véhicules - côté,,,,,,,,,,,1,2,1,1.0,3.0
201000014279,0010-07-22 20:30:00,10,7,22,20,30,770,393,,48.701,2.901,Crépuscule ou aube,Hors agglomération,Hors intersection,Normale,Deux véhicules - côté,,,,,,,,,,,2,1,1,1.0,3.0
201000014280,0010-08-27 08:30:00,10,8,27,8,30,770,393,,48.681,2.972,Plein jour,Hors agglomération,Hors intersection,Temps couvert,Deux véhicules - frontale,,,,,,,,,,,1,1,1,8.0,1.0
201000014281,0010-09-01 06:15:00,10,9,1,6,15,770,527,,48.69,3.003,Crépuscule ou aube,Hors agglomération,Hors intersection,Normale,Deux véhicules - arrière,,,,,,,,,,,2,1,1,1.0,2.0
201000014282,0010-09-18 14:00:00,10,9,18,14,0,770,469,,48.736,3.006,Plein jour,Hors agglomération,Hors intersection,Normale,Deux véhicules - côté,,,,,,,,,,,1,1,1,1.0,3.0
201000014283,0010-12-28 07:15:00,10,12,28,7,15,770,31,,48.696,2.918,Nuit sans éclairage public,Hors agglomération,Hors intersection,Pluie légère,Deux véhicules - arrière,,,,,,,,,,,3,1,1,2.0,2.0
201000014284,0010-04-06 12:45:00,10,4,6,12,45,770,60,,48.292,2.449,Plein jour,Hors agglomération,Hors intersection,Normale,Trois véhicules et plus - collisions multiples,,,,,,,,,,,1,1,1,1.0,5.0
201000014285,0010-05-19 14:30:00,10,5,19,14,30,770,339,carrefour de 4 rues,48.376,2.496,Plein jour,En agglomération,Hors intersection,Normale,Deux véhicules - côté,,,,,,,,,,,1,2,1,1.0,3.0
201000014286,0010-07-07 18:30:00,10,7,7,18,30,770,339,"RD 16, route de Nemours",48.382,2.478,Plein jour,En agglomération,Hors intersection,Normale,Autre collision,,,,,,,,,,,1,2,1,1.0,6.0
201000014287,0010-07-14 11:45:00,10,7,14,11,45,770,41,,48.31,2.498,Plein jour,Hors agglomération,Hors intersection,Normale,Deux véhicules - côté,,,,,,,,,,,1,1,1,1.0,3.0
201000014288,0010-09-18 12:15:00,10,9,18,12,15,770,328,,48.3,2.43,Plein jour,Hors agglomération,Hors intersection,Normale,Deux véhicules - côté,,,,,,,,,,,1,1,1,1.0,3.0
201000014289,0010-02-14 00:15:00,10,2,14,0,15,770,11,CD52,,,Nuit sans éclairage public,Hors agglomération,Hors intersection,Neige / grêle,Trois véhicules et plus - collisions multiples,,,,,,,,,,,3,1,1,4.0,5.0
201000014290,0010-02-16 16:45:00,10,2,16,16,45,770,99,intersection D43 et D52,,,Plein jour,En agglomération,Intersection en Y,Normale,Deux véhicules - côté,,,,,,,,,,,1,2,4,1.0,3.0
201000014291,0010-03-10 05:30:00,10,3,10,5,30,770,297,,,,Nuit sans éclairage public,Hors agglomération,Hors intersection,Normale,Sans collision,,,,,,,,,,,3,1,1,1.0,7.0
201000014292,0010-03-18 11:15:00,10,3,18,11,15,770,99,,,,Plein jour,Hors agglomération,Hors intersection,Normale,Deux véhicules - arrière,,,,,,,,,,,1,1,1,1.0,2.0
201000014293,0010-08-05 11:30:00,10,8,5,11,30,770,230,,48.201,2.556,Plein jour,Hors agglomération,Intersection en X,Normale,Deux véhicules - côté,,,,,,,,,,,1,1,2,1.0,3.0
201000014294,0010-09-02 08:30:00,10,9,2,8,30,770,45,,48.201,2.688,Crépuscule ou aube,Hors agglomération,Hors intersection,Normale,Sans collision,,,,,,,,,,,2,1,1,1.0,7.0
201000014295,0010-12-22 13:45:00,10,12,22,13,45,770,99,,48.157,2.692,Plein jour,Hors agglomération,Hors intersection,Pluie légère,Deux véhicules - côté,,,,,,,,,,,1,1,1,2.0,3.0
201000014296,0010-05-17 01:00:00,10,5,17,1,0,770,261,RUE DE LA MOTTE,48.242,2.902,Nuit avec éclairage non allumé,En agglomération,Hors intersection,Normale,Autre collision,,,,,,,,,,,4,2,1,1.0,6.0
201000014297,0010-05-23 21:30:00,10,5,23,21,30,770,531,RUE DE LA MARE,48.281,2.96,Plein jour,En agglomération,Hors intersection,Normale,Autre collision,,,,,,,,,,,1,2,1,1.0,6.0
201000014298,0010-06-04 19:15:00,10,6,4,19,15,770,168,ROUTE DE VILLEBEON,48.185,2.887,Plein jour,En agglomération,Hors intersection,Normale,Sans collision,,,,,,,,,,,1,2,1,1.0,7.0
201000014299,0010-06-05 19:15:00,10,6,5,19,15,770,71,,48.206,2.829,Plein jour,Hors agglomération,Hors intersection,Normale,Deux véhicules - frontale,,,,,,,,,,,1,1,1,1.0,1.0
201000014300,0010-07-01 13:15:00,10,7,1,13,15,770,473,,48.294,2.817,Plein jour,Hors agglomération,Hors intersection,Normale,Autre collision,,,,,,,,,,,1,1,1,1.0,6.0
201000014301,0010-07-13 17:15:00,10,7,13,17,15,770,261,,48.269,2.928,Plein jour,Hors agglomération,Hors intersection,Normale,Trois véhicules et plus - collisions multiples,,,,,,,,,,,1,1,1,1.0,5.0
201000014302,0010-08-15 17:45:00,10,8,15,17,45,770,261,,48.241,2.902,Plein jour,En agglomération,Intersection en X,Pluie forte,Deux véhicules - côté,,,,,,,,,,,1,2,2,3.0,3.0
201000014303,0010-08-30 16:15:00,10,8,30,16,15,770,50,,48.15,2.83,Plein jour,Hors agglomération,Hors intersection,Normale,Sans collision,,,,,,,,,,,1,1,1,1.0,7.0
201000014304,0010-09-15 11:30:00,10,9,15,11,30,770,370,CD 40 / CD 136,48.22,2.79,Plein jour,En agglomération,Intersection en X,Pluie forte,Deux véhicules - frontale,,,,,,,,,,,1,2,2,3.0,1.0
201000014305,0010-10-03 00:01:00,10,10,3,0,1,770,184,,48.32,2.92,Nuit avec éclairage allumé,Hors agglomération,Hors intersection,Normale,Sans collision,,,,,,,,,,,5,1,1,1.0,7.0
201000014306,0010-10-04 09:15:00,10,10,4,9,15,770,531,5 avenue Gén De Gaulle,48.29,2.968,Plein jour,En agglomération,Autre intersection,Pluie légère,Autre collision,,,,,,,,,,,1,2,9,2.0,6.0
201000014307,0010-10-06 08:00:00,10,10,6,8,0,770,168,,48.173,2.894,Plein jour,Hors agglomération,Hors intersection,Normale,Deux véhicules - frontale,,,,,,,,,,,1,1,1,1.0,1.0
201000014308,0010-11-05 14:45:00,10,11,5,14,45,770,370,,48.264,2.737,Plein jour,Hors agglomération,Hors intersection,Normale,Sans collision,,,,,,,,,,,1,1,1,1.0,7.0
201000014309,0010-11-22 22:30:00,10,11,22,22,30,770,168,,48.18,2.85,Nuit sans éclairage public,Hors agglomération,Intersection en X,Temps couvert,Deux véhicules - côté,,,,,,,,,,,3,1,2,8.0,3.0
201000014310,0010-12-02 18:00:00,10,12,2,18,0,770,115,,48.26,2.92,Nuit sans éclairage public,Hors agglomération,Hors intersection,Neige / grêle,Autre collision,,,,,,,,,,,3,1,1,4.0,6.0
201000014311,0010-01-11 09:00:00,10,1,11,9,0,770,349,CD 26E,,,Plein jour,Hors agglomération,Hors intersection,Normale,Trois véhicules et plus - collisions multiples,,,,,,,,,,,1,1,1,1.0,5.0
201000014312,0010-01-15 12:05:00,10,1,15,12,5,770,525,,,,Plein jour,En agglomération,Intersection en X,Brouillard / fumée,Deux véhicules - côté,,,,,,,,,,,1,2,2,5.0,3.0
201000014313,0010-01-17 16:40:00,10,1,17,16,40,770,94,RN3,,,Plein jour,Hors agglomération,Hors intersection,Normale,Deux véhicules - côté,,,,,,,,,,,1,1,1,1.0,3.0
201000014314,0010-03-21 01:45:00,10,3,21,1,45,770,420,,,,Nuit sans éclairage public,Hors agglomération,Hors intersection,Pluie forte,Autre collision,,,,,,,,,,,3,1,1,3.0,6.0
201000014315,0010-01-16 21:00:00,10,1,16,21,0,770,322,RD26,,,Nuit sans éclairage public,Hors agglomération,Hors intersection,Pluie forte,Deux véhicules - frontale,,,,,,,,,,,3,1,1,3.0,1.0
201000014316,0010-05-23 15:15:00,10,5,23,15,15,770,153,,49.056,2.673,Plein jour,Hors agglomération,Hors intersection,Normale,Autre collision,,,,,,,,,,,1,1,1,1.0,6.0
201000014317,0010-06-29 09:30:00,10,6,29,9,30,770,259,CD 401,49.056,2.673,Plein jour,En agglomération,Hors intersection,Normale,Autre collision,,,,,,,,,,,1,2,1,1.0,6.0
201000014318,0010-08-22 21:30:00,10,8,22,21,30,770,153,,49.051,2.676,Nuit sans éclairage public,Hors agglomération,Hors intersection,Normale,Deux véhicules - côté,,,,,,,,,,,3,1,1,1.0,3.0
201000014319,0010-09-30 19:00:00,10,9,30,19,0,770,259,CD401,49.048,2.659,Crépuscule ou aube,En agglomération,Autre intersection,Normale,Deux véhicules - côté,,,,,,,,,,,2,2,9,1.0,3.0
201000014320,0010-10-19 10:30:00,10,10,19,10,30,770,322,,,,Plein jour,Hors agglomération,Hors intersection,Temps couvert,Autre collision,,,,,,,,,,,1,1,1,8.0,6.0
201000014321,0010-11-04 14:45:00,10,11,4,14,45,770,349,route de beaumarchais,49.086,2.663,Plein jour,En agglomération,Hors intersection,Normale,Deux véhicules - frontale,,,,,,,,,,,1,2,1,1.0,1.0
201000014322,0010-03-29 13:00:00,10,3,29,13,0,770,196,,,,Plein jour,Hors agglomération,Hors intersection,Normale,Autre collision,,,,,,,,,,,1,1,1,1.0,6.0
201000014323,0010-04-24 17:15:00,10,4,24,17,15,770,196,RUE DE L OURCQ,48.945,2.739,Plein jour,En agglomération,Hors intersection,Normale,Deux véhicules - arrière,,,,,,,,,,,1,2,1,1.0,2.0