accident_id,datetime,annee,mois,jour,heure,minute,departement,commune_insee,adresse,latitude,longitude,luminosite,agglomeration,intersection,meteo,collision,nb_vehicules,nb_usagers,nb_indemnes,nb_tues,nb_blesses_hosp,nb_blesses_legers,age_cond_1,age_cond_2,veh_type_cond_1,veh_type_cond_2,lum_code,agg_code,int_code,atm_code,col_code
201000014704,0010-11-03 20:45:00,10,11,3,20,45,280,230,,48.4021,1.83825,Nuit sans éclairage public,Hors agglomération,Hors intersection,Normale,Sans collision,,,,,,,,,,,3,1,1,1.0,7.0
201000014705,0010-11-08 17:45:00,10,11,8,17,45,280,23,,48.5323,1.63408,Nuit sans éclairage public,Hors agglomération,Hors intersection,Pluie légère,Deux véhicules - côté,,,,,,,,,,,3,1,1,2.0,3.0
201000014706,0010-11-15 18:00:00,10,11,15,18,0,280,195,14 RUE DU VAL DE VOISE,48.5662,1.61372,Nuit avec éclairage allumé,En agglomération,Hors intersection,Normale,Autre collision,,,,,,,,,,,5,2,1,1.0,6.0
201000014707,0010-01-09 08:30:00,10,1,9,8,30,280,391,,48.1888,1.91766,Nuit sans éclairage public,Hors agglomération,Hors intersection,Neige / grêle,Autre collision,,,,,,,,,,,3,1,1,4.0,6.0
201000014708,0010-01-29 22:15:00,10,1,29,22,15,280,391,,48.1887,1.92034,Nuit sans éclairage public,Hors agglomération,Hors intersection,Normale,Sans collision,,,,,,,,,,,3,1,1,1.0,7.0
201000014709,0010-03-14 15:00:00,10,3,14,15,0,280,26,,48.3276,1.91801,Plein jour,Hors agglomération,Hors intersection,Normale,Sans collision,,,,,,,,,,,1,1,1,1.0,7.0
201000014710,0010-03-18 06:45:00,10,3,18,6,45,280,47,,48.3113,1.68264,Crépuscule ou aube,Hors agglomération,Hors intersection,Normale,Deux véhicules - frontale,,,,,,,,,,,2,1,1,1.0,1.0
201000014711,0010-03-24 11:45:00,10,3,24,11,45,280,164,,48.2368,1.78469,Plein jour,Hors agglomération,Hors intersection,Normale,Deux véhicules - côté,,,,,,,,,,,1,1,1,1.0,3.0
201000014712,0010-03-28 06:45:00,10,3,28,6,45,280,199,02 AV DE LA MADELEINE,48.2012,1.88137,Crépuscule ou aube,En agglomération,Hors intersection,Normale,Deux véhicules - frontale,,,,,,,,,,,2,2,1,1.0,1.0
201000014713,0010-03-28 07:30:00,10,3,28,7,30,280,319,,48.2787,1.9777,Plein jour,Hors agglomération,Intersection en X,Normale,Deux véhicules - côté,,,,,,,,,,,1,1,2,1.0,3.0
201000014714,0010-04-07 17:00:00,10,4,7,17,0,280,391,,48.1887,1.9196,Plein jour,Hors agglomération,Hors intersection,Normale,Autre collision,,,,,,,,,,,1,1,1,1.0,6.0
201000014715,0010-05-05 15:45:00,10,5,5,15,45,280,2,CARREFOUR D118-4 ET D118,48.1895,1.84498,Plein jour,En agglomération,Hors intersection,Normale,Autre collision,,,,,,,,,,,1,2,1,1.0,6.0
201000014716,0010-05-30 14:00:00,10,5,30,14,0,280,47,,48.3502,1.69212,Plein jour,Hors agglomération,Hors intersection,Normale,Sans collision,,,,,,,,,,,1,1,1,1.0,7.0
201000014717,0010-06-02 12:45:00,10,6,2,12,45,280,215,,48.3176,1.80655,Plein jour,Hors agglomération,Hors intersection,Normale,Sans collision,,,,,,,,,,,1,1,1,1.0,7.0
201000014718,0010-06-20 00:15:00,10,6,20,0,15,280,422,RUE DU 8 MAI 1945 - LHOP,48.2738,1.60016,Nuit avec éclairage non allumé,En agglomération,Hors intersection,Normale,Autre collision,,,,,,,,,,,4,2,1,1.0,6.0
201000014719,0010-06-27 15:15:00,10,6,27,15,15,280,258,,48.2849,1.54437,Plein jour,Hors agglomération,Hors intersection,Normale,Sans collision,,,,,,,,,,,1,1,1,1.0,7.0
201000014720,0010-07-06 16:45:00,10,7,6,16,45,280,284,,48.2429,1.95751,Plein jour,Hors agglomération,Hors intersection,Normale,Autre collision,,,,,,,,,,,1,1,1,1.0,6.0
201000014721,0010-07-26 17:30:00,10,7,26,17,30,280,258,,48.2811,1.53288,Plein jour,Hors agglomération,Intersection en X,Normale,Deux véhicules - côté,,,,,,,,,,,1,1,2,1.0,3.0
201000014722,0010-08-10 11:00:00,10,8,10,11,0,280,319,,48.2786,1.9777,Plein jour,Hors agglomération,Hors intersection,Normale,Deux véhicules - côté,,,,,,,,,,,1,1,1,1.0,3.0
201000014723,0010-08-24 16:30:00,10,8,24,16,30,280,313,2 RUE ST PIERRE,48.3408,1.75162,Plein jour,En agglomération,Hors intersection,Normale,Deux véhicules - arrière,,,,,,,,,,,1,2,1,1.0,2.0
201000014724,0010-09-09 20:15:00,10,9,9,20,15,280,164,RUE FEUGEREUX,48.269,1.824,Crépuscule ou aube,En agglomération,Hors intersection,Pluie légère,Autre collision,,,,,,,,,,,2,2,1,2.0,6.0
201000014725,0010-11-04 18:15:00,10,11,4,18,15,280,25,,48.2536,1.96449,Nuit sans éclairage public,Hors agglomération,Intersection en X,Normale,Deux véhicules - côté,,,,,,,,,,,3,1,2,1.0,3.0
201000014726,0010-11-10 19:30:00,10,11,10,19,30,280,319,,48.2709,1.97434,Nuit sans éclairage public,Hors agglomération,Hors intersection,Pluie légère,Deux véhicules - côté,,,,,,,,,,,3,1,1,2.0,3.0
201000014727,0010-11-18 18:45:00,10,11,18,18,45,280,391,,48.2138,1.94903,Nuit sans éclairage public,Hors agglomération,Hors intersection,Pluie légère,Deux véhicules - frontale,,,,,,,,,,,3,1,1,2.0,1.0
201000014728,0010-12-11 15:45:00,10,12,11,15,45,280,199,RD 927,48.2012,1.8816,Plein jour,En agglomération,Hors intersection,Normale,Deux véhicules - frontale,,,,,,,,,,,1,2,1,1.0,1.0
201000014729,0010-02-16 20:00:00,10,2,16,20,0,280,132,,48.1062,1.34497,Nuit sans éclairage public,Hors agglomération,Hors intersection,Autre,Deux véhicules - frontale,,,,,,,,,,,3,1,1,9.0,1.0
201000014730,0010-03-10 22:00:00,10,3,10,22,0,280,88,RUE CURIE,48.0807,1.35325,Nuit sans éclairage public,En agglomération,Hors intersection,Normale,Sans collision,,,,,,,,,,,3,2,1,1.0,7.0
201000014731,0010-03-25 16:00:00,10,3,25,16,0,280,88,05 RUE DU GRIFFON,48.072,1.32501,Plein jour,En agglomération,Hors intersection,Normale,Deux véhicules - arrière,,,,,,,,,,,1,2,1,1.0,2.0
201000014732,0010-04-25 20:45:00,10,4,25,20,45,280,88,13 BOULEVARD ALBERT SCHW,48.082,1.34933,Crépuscule ou aube,En agglomération,Hors intersection,Normale,Deux véhicules - frontale,,,,,,,,,,,2,2,1,1.0,1.0
201000014733,0010-05-23 02:45:00,10,5,23,2,45,280,389,,48.0423,1.383,Nuit sans éclairage public,Hors agglomération,Hors intersection,Normale,Sans collision,,,,,,,,,,,3,1,1,1.0,7.0
201000014734,0010-09-17 17:45:00,10,9,17,17,45,280,295,,48.0151,1.46291,Plein jour,Hors agglomération,Intersection en T,Normale,Deux véhicules - côté,,,,,,,,,,,1,1,3,1.0,3.0
201000014735,0010-12-19 22:30:00,10,12,19,22,30,280,389,,48.0198,1.37021,Nuit sans éclairage public,Hors agglomération,Intersection en X,Normale,Deux véhicules - côté,,,,,,,,,,,3,1,2,1.0,3.0
201000014736,0010-01-09 12:00:00,10,1,9,12,0,280,108,,48.1397,1.63763,Plein jour,Hors agglomération,Hors intersection,Neige / grêle,Autre collision,,,,,,,,,,,1,1,1,4.0,6.0
201000014737,0010-06-22 01:45:00,10,6,22,1,45,280,306,LIEU-DIT AIGNEVILLE,48.2237,1.47742,Nuit sans éclairage public,En agglomération,Hors intersection,Normale,Sans collision,,,,,,,,,,,3,2,1,1.0,7.0
201000014738,0010-07-16 10:30:00,10,7,16,10,30,280,190,,48.0784,1.66786,Plein jour,Hors agglomération,Hors intersection,Normale,Autre collision,,,,,,,,,,,1,1,1,1.0,6.0
201000014739,0010-09-04 17:15:00,10,9,4,17,15,280,51,,48.182,1.40647,Plein jour,Hors agglomération,Hors intersection,Normale,Sans collision,,,,,,,,,,,1,1,1,1.0,7.0
201000014740,0010-09-22 20:45:00,10,9,22,20,45,280,51,RUE DES FOSSES ST SAUVEU,48.1758,1.39654,Nuit avec éclairage allumé,En agglomération,Hors intersection,Normale,Deux véhicules - côté,,,,,,,,,,,5,2,1,1.0,3.0
201000014741,0010-09-22 14:00:00,10,9,22,14,0,280,418,,48.1378,1.4919,Plein jour,Hors agglomération,Intersection en X,Normale,Deux véhicules - côté,,,,,,,,,,,1,1,2,1.0,3.0
201000014742,0010-10-27 16:45:00,10,10,27,16,45,280,353,,48.1555,1.41159,Plein jour,Hors agglomération,Hors intersection,Normale,Deux véhicules - frontale,,,,,,,,,,,1,1,1,1.0,1.0
201000014743,0010-12-08 15:15:00,10,12,8,15,15,280,305,,48.1853,1.48002,Plein jour,Hors agglomération,Hors intersection,Neige / grêle,Deux véhicules - côté,,,,,,,,,,,1,1,1,4.0,3.0
201000014744,0010-12-11 21:30:00,10,12,11,21,30,280,382,,48.0869,1.71007,Nuit sans éclairage public,Hors agglomération,Hors intersection,Pluie légère,Autre collision,,,,,,,,,,,3,1,1,2.0,6.0
201000014745,0010-01-28 17:15:00,10,1,28,17,15,280,103,74 RUE JEAN CHAUVEAU,47.9964,1.23716,Plein jour,En agglomération,Hors intersection,Normale,Autre collision,,,,,,,,,,,1,2,1,1.0,6.0
201000014746,0010-03-12 18:00:00,10,3,12,18,0,280,150,,47.9994,1.34787,Crépuscule ou aube,Hors agglomération,Hors intersection,Normale,Deux véhicules - frontale,,,,,,,,,,,2,1,1,1.0,1.0
201000014747,0010-04-20 14:15:00,10,4,20,14,15,280,12,,48.1043,1.14926,Plein jour,Hors agglomération,Hors intersection,Normale,Deux véhicules - côté,,,,,,,,,,,1,1,1,1.0,3.0
201000014748,0010-04-24 12:00:00,10,4,24,12,0,280,61,CENTRE-VILLE,48.2086,1.17381,Plein jour,En agglomération,Intersection en X,Normale,Deux véhicules - côté,,,,,,,,,,,1,2,2,1.0,3.0
201000014749,0010-04-23 21:15:00,10,4,23,21,15,280,17,,48.0163,1.29668,Nuit avec éclairage non allumé,Hors agglomération,Hors intersection,Normale,Autre collision,,,,,,,,,,,4,1,1,1.0,6.0
201000014750,0010-05-03 18:00:00,10,5,3,18,0,280,398,,48.1711,1.10923,Plein jour,Hors agglomération,Intersection en X,Normale,Deux véhicules - côté,,,,,,,,,,,1,1,2,1.0,3.0
201000014751,0010-05-22 22:15:00,10,5,22,22,15,280,61,RUE PONT MOUSSON,48.21,1.17473,Nuit avec éclairage allumé,En agglomération,Hors intersection,Normale,Deux véhicules - côté,,,,,,,,,,,5,2,1,1.0,3.0
201000014752,0010-09-12 18:30:00,10,9,12,18,30,280,133,"LIEU DIT ""THOREAU""",48.0471,1.28487,Plein jour,En agglomération,Hors intersection,Normale,Deux véhicules - arrière,,,,,,,,,,,1,2,1,1.0,2.0
201000014753,0010-10-08 16:00:00,10,10,8,16,0,280,93,,48.1043,1.20843,Plein jour,Hors agglomération,Hors intersection,Normale,Deux véhicules - côté,,,,,,,,,,,1,1,1,1.0,3.0
201000014754,0010-10-20 16:00:00,10,10,20,16,0,280,241,,47.9804,1.39943,Plein jour,Hors agglomération,Hors intersection,Normale,Autre collision,,,,,,,,,,,1,1,1,1.0,6.0
201000014755,0010-11-09 15:30:00,10,11,9,15,30,280,424,RUE DE CHATEAUDUN,48.207,1.19081,Plein jour,En agglomération,Hors intersection,Pluie légère,Deux véhicules - côté,,,,,,,,,,,1,2,1,2.0,3.0
201000014756,0010-11-14 11:15:00,10,11,14,11,15,280,398,,48.1765,1.0478,Plein jour,Hors agglomération,Hors intersection,Pluie légère,Deux véhicules - frontale,,,,,,,,,,,1,1,1,2.0,1.0
201000014757,0010-11-18 11:45:00,10,11,18,11,45,280,182,,48.1684,1.23507,Plein jour,Hors agglomération,Hors intersection,Normale,Deux véhicules - côté,,,,,,,,,,,1,1,1,1.0,3.0
201000014758,0010-12-01 16:00:00,10,12,1,16,0,280,398,,48.2024,1.12688,Plein jour,Hors agglomération,Hors intersection,Pluie légère,Sans collision,,,,,,,,,,,1,1,1,2.0,7.0
201000014759,0010-12-08 03:15:00,10,12,8,3,15,280,17,,48.0218,1.29231,Nuit sans éclairage public,Hors agglomération,Hors intersection,Neige / grêle,Autre collision,,,,,,,,,,,3,1,1,4.0,6.0
201000014760,0010-02-01 15:45:00,10,2,1,15,45,280,405,,48.7481,1.27193,Plein jour,Hors agglomération,Hors intersection,Normale,Trois véhicules et plus - collisions multiples,,,,,,,,,,,1,1,1,1.0,5.0
201000014761,0010-03-07 22:00:00,10,3,7,22,0,280,369,,48.6496,1.27583,Nuit sans éclairage public,Hors agglomération,Hors intersection,Normale,Autre collision,,,,,,,,,,,3,1,1,1.0,6.0
201000014762,0010-06-20 16:15:00,10,6,20,16,15,280,171,,48.7133,1.31152,Plein jour,Hors agglomération,Intersection en X,Temps couvert,Deux véhicules - côté,,,,,,,,,,,1,1,2,8.0,3.0
201000014763,0010-06-29 08:30:00,10,6,29,8,30,280,98,,48.7497,1.4303,Plein jour,Hors agglomération,Hors intersection,Normale,Deux véhicules - côté,,,,,,,,,,,1,1,1,1.0,3.0
201000014764,0010-07-03 18:30:00,10,7,3,18,30,280,348,RUE CHARLES RENARD,48.7673,1.19319,Plein jour,En agglomération,Hors intersection,Normale,Sans collision,,,,,,,,,,,1,2,1,1.0,7.0
201000014765,0010-08-15 17:30:00,10,8,15,17,30,280,171,,48.7075,1.35594,Plein jour,Hors agglomération,Hors intersection,Pluie forte,Deux véhicules - côté,,,,,,,,,,,1,1,1,3.0,3.0
201000014766,0010-08-27 17:00:00,10,8,27,17,0,280,405,,48.7425,1.30219,Plein jour,Hors agglomération,Hors intersection,Normale,Deux véhicules - côté,,,,,,,,,,,1,1,1,1.0,3.0
201000014767,0010-11-15 10:30:00,10,11,15,10,30,280,124,,48.7734,1.12175,Plein jour,Hors agglomération,Hors intersection,Temps couvert,Deux véhicules - arrière,,,,,,,,,,,1,1,1,8.0,2.0
201000014768,0010-03-07 12:00:00,10,3,7,12,0,280,7,,48.8597,1.44501,Plein jour,En agglomération,Intersection en T,Normale,Deux véhicules - frontale,,,,,,,,,,,1,2,3,1.0,1.0
201000014769,0010-06-24 17:00:00,10,6,24,17,0,280,293,,48.8713,1.48515,Plein jour,Hors agglomération,Hors intersection,Normale,Trois véhicules et plus - collisions multiples,,,,,,,,,,,1,1,1,1.0,5.0
201000014770,0010-07-26 06:30:00,10,7,26,6,30,280,64,22 RUE DE DREUX,48.7954,1.48853,Plein jour,En agglomération,Hors intersection,Normale,Deux véhicules - frontale,,,,,,,,,,,1,2,1,1.0,1.0
201000014771,0010-08-20 20:00:00,10,8,20,20,0,280,371,,48.8461,1.3975,Plein jour,Hors agglomération,Intersection en T,Normale,Trois véhicules et plus - collisions multiples,,,,,,,,,,,1,1,3,1.0,5.0
201000014772,0010-09-18 19:45:00,10,9,18,19,45,280,293,,48.8747,1.49097,Plein jour,Hors agglomération,Hors intersection,Normale,Deux véhicules - côté,,,,,,,,,,,1,1,1,1.0,3.0
201000014773,0010-09-22 11:45:00,10,9,22,11,45,280,371,ROUTE D'EZY,48.8611,1.42308,Plein jour,En agglomération,Giratoire,Normale,Deux véhicules - frontale,,,,,,,,,,,1,2,6,1.0,1.0
201000014774,0010-09-22 12:00:00,10,9,22,12,0,280,64,18 BIS RUE DES FRANCBOUR,48.797,1.49505,Plein jour,En agglomération,Hors intersection,Normale,Autre collision,,,,,,,,,,,1,2,1,1.0,6.0
201000014775,0010-10-16 00:15:00,10,10,16,0,15,280,1,,48.8015,1.4049,Nuit sans éclairage public,Hors agglomération,Hors intersection,Normale,Deux véhicules - frontale,,,,,,,,,,,3,1,1,1.0,1.0
201000014776,0010-10-27 11:45:00,10,10,27,11,45,280,64,,48.7926,1.47272,Plein jour,Hors agglomération,Hors intersection,Normale,Deux véhicules - côté,,,,,,,,,,,1,1,1,1.0,3.0
201000014777,0010-10-29 16:45:00,10,10,29,16,45,280,1,AVENUE DE CHARTRES,48.7812,1.43244,Plein jour,En agglomération,Hors intersection,Normale,Deux véhicules - côté,,,,,,,,,,,1,2,1,1.0,3.0
201000014778,0010-11-22 17:45:00,10,11,22,17,45,280,64,D 304-3 RUE DU CHÂTEAU,48.8,1.5077,Nuit sans éclairage public,En agglomération,Hors intersection,Pluie légère,Deux véhicules - côté,,,,,,,,,,,3,2,1,2.0,3.0
201000014779,0010-12-03 19:45:00,10,12,3,19,45,280,62,,48.761,1.51898,Nuit sans éclairage public,Hors agglomération,Hors intersection,Normale,Sans collision,,,,,,,,,,,3,1,1,1.0,7.0
201000014780,0010-12-04 11:00:00,10,12,4,11,0,280,62,,48.766,1.52834,Plein jour,Hors agglomération,Hors intersection,Neige / grêle,Autre collision,,,,,,,,,,,1,1,1,4.0,6.0
201000014781,0010-03-22 10:30:00,10,3,22,10,30,280,348,,48.7324,1.17649,Plein jour,Hors agglomération,Hors intersection,Normale,Autre collision,,,,,,,,,,,1,1,1,1.0,6.0
201000014782,0010-05-10 09:00:00,10,5,10,9,0,280,202,,48.6309,0.90496,Plein jour,Hors agglomération,Hors intersection,Temps couvert,Deux véhicules - frontale,,,,,,,,,,,1,1,1,8.0,1.0
201000014783,0010-07-12 03:00:00,10,7,12,3,0,280,120,03 ROUTE DE SENONCHES,48.6659,1.07757,Nuit avec éclairage non allumé,En agglomération,Hors intersection,Normale,Autre collision,,,,,,,,,,,4,2,1,1.0,6.0
201000014784,0010-07-20 09:30:00,10,7,20,9,30,280,206,,48.7073,1.19611,Plein jour,Hors agglomération,Hors intersection,Normale,Deux véhicules - frontale,,,,,,,,,,,1,1,1,1.0,1.0
201000014785,0010-07-23 09:30:00,10,7,23,9,30,280,373,,48.573,1.02004,Plein jour,Hors agglomération,Hors intersection,Normale,Deux véhicules - frontale,,,,,,,,,,,1,1,1,1.0,1.0
201000014786,0010-07-31 17:45:00,10,7,31,17,45,280,120,,48.6498,1.08213,Plein jour,Hors agglomération,Hors intersection,Normale,Deux véhicules - arrière,,,,,,,,,,,1,1,1,1.0,2.0
201000014787,0010-08-13 22:00:00,10,8,13,22,0,280,159,,48.5891,1.03377,Nuit sans éclairage public,Hors agglomération,Hors intersection,Normale,Deux véhicules - côté,,,,,,,,,,,3,1,1,1.0,3.0
201000014788,0010-09-05 02:30:00,10,9,5,2,30,280,373,22 AV DE LA LIBÉRATION,48.5623,1.02604,Nuit avec éclairage allumé,En agglomération,Hors intersection,Normale,Autre collision,,,,,,,,,,,5,2,1,1.0,6.0
201000014789,0010-10-23 23:00:00,10,10,23,23,0,280,87,,48.711,1.2602,Nuit sans éclairage public,Hors agglomération,Hors intersection,Pluie légère,Deux véhicules - frontale,,,,,,,,,,,3,1,1,2.0,1.0
201000014790,0010-02-16 02:00:00,10,2,16,2,0,280,386,,48.5608,1.20972,Nuit sans éclairage public,Hors agglomération,Autre intersection,Normale,Deux véhicules - côté,,,,,,,,,,,3,1,9,1.0,3.0
201000014791,0010-02-18 12:45:00,10,2,18,12,45,280,343,,48.7032,1.53435,Plein jour,Hors agglomération,Hors intersection,Normale,Deux véhicules - frontale,,,,,,,,,,,1,1,1,1.0,1.0
201000014792,0010-06-08 16:45:00,10,6,8,16,45,280,372,,48.6503,1.57511,Plein jour,Hors agglomération,Hors intersection,Normale,Deux véhicules - frontale,,,,,,,,,,,1,1,1,1.0,1.0
201000014793,0010-08-28 14:30:00,10,8,28,14,30,280,56,,48.7547,1.60299,Plein jour,Hors agglomération,Hors intersection,Normale,Autre collision,,,,,,,,,,,1,1,1,1.0,6.0
201000014794,0010-03-31 16:00:00,10,3,31,16,0,280,280,,48.3397,0.82239,Plein jour,Hors agglomération,Hors intersection,Normale,Sans collision,,,,,,,,,,,1,1,1,1.0,7.0
201000014795,0010-06-06 21:15:00,10,6,6,21,15,280,280,109 RUE ST HILAIRE-D922,48.3278,0.82704,Plein jour,En agglomération,Intersection en X,Normale,Deux véhicules - côté,,,,,,,,,,,1,2,2,1.0,3.0
201000014796,0010-06-27 17:15:00,10,6,27,17,15,280,10,,48.2795,0.97999,Plein jour,Hors agglomération,Hors intersection,Normale,Autre collision,,,,,,,,,,,1,1,1,1.0,6.0
201000014797,0010-07-03 12:30:00,10,7,3,12,30,280,27,,48.1419,1.0094,Plein jour,Hors agglomération,Hors intersection,Normale,Deux véhicules - arrière,,,,,,,,,,,1,1,1,1.0,2.0
201000014798,0010-07-04 16:45:00,10,7,4,16,45,280,27,,48.152,0.95341,Plein jour,Hors agglomération,Hors intersection,Normale,Sans collision,,,,,,,,,,,1,1,1,1.0,7.0
201000014799,0010-07-07 19:30:00,10,7,7,19,30,280,378,,48.2756,0.85271,Plein jour,Hors agglomération,Hors intersection,Normale,Autre collision,,,,,,,,,,,1,1,1,1.0,6.0
201000014800,0010-07-18 15:30:00,10,7,18,15,30,280,280,,48.3203,0.79466,Plein jour,Hors agglomération,Hors intersection,Normale,Sans collision,,,,,,,,,,,1,1,1,1.0,7.0
201000014801,0010-08-21 17:00:00,10,8,21,17,0,280,280,,48.336,0.80587,Plein jour,Hors agglomération,Hors intersection,Normale,Sans collision,,,,,,,,,,,1,1,1,1.0,7.0
201000014802,0010-09-17 13:15:00,10,9,17,13,15,280,280,14 RUE DE LA BRUYERE,48.3296,0.80514,Plein jour,En agglomération,Hors intersection,Normale,Autre collision,,,,,,,,,,,1,2,1,1.0,6.0
201000014803,0010-10-23 02:00:00,10,10,23,2,0,280,27,RUE DU GENERAL DE GAULLE,48.1382,0.97423,Nuit avec éclairage allumé,En agglomération,Hors intersection,Normale,Sans collision,,,,,,,,,,,5,2,1,1.0,7.0
201000014804,0010-03-29 13:00:00,10,3,29,13,0,280,335,,48.4615,1.05504,Plein jour,Hors agglomération,Hors intersection,Normale,Autre collision,,,,,,,,,,,1,1,1,1.0,6.0
201000014805,0010-04-18 23:45:00,10,4,18,23,45,280,240,,48.4879,1.01827,Nuit sans éclairage public,Hors agglomération,Hors intersection,Normale,Deux véhicules - frontale,,,,,,,,,,,3,1,1,1.0,1.0
201000014806,0010-04-27 12:00:00,10,4,27,12,0,280,401,,48.4705,0.97161,Plein jour,Hors agglomération,Hors intersection,Normale,Deux véhicules - côté,,,,,,,,,,,1,1,1,1.0,3.0
201000014807,0010-05-14 18:15:00,10,5,14,18,15,280,119,,48.2884,1.05347,Plein jour,Hors agglomération,Hors intersection,Normale,Autre collision,,,,,,,,,,,1,1,1,1.0,6.0
201000014808,0010-07-20 19:30:00,10,7,20,19,30,280,331,,48.3484,0.97659,Plein jour,Hors agglomération,Hors intersection,Normale,Deux véhicules - frontale,,,,,,,,,,,1,1,1,1.0,1.0
201000014809,0010-09-11 15:15:00,10,9,11,15,15,280,33,RUE ST EXUPERY,48.5065,1.05786,Plein jour,En agglomération,Hors intersection,Normale,Deux véhicules - côté,,,,,,,,,,,1,2,1,1.0,3.0
201000014810,0010-10-08 08:00:00,10,10,8,8,0,280,354,,48.4999,1.07853,Plein jour,Hors agglomération,Hors intersection,Brouillard / fumée,Autre collision,,,,,,,,,,,1,1,1,5.0,6.0
201000014811,0010-10-15 08:30:00,10,10,15,8,30,280,387,,48.2994,1.03875,Plein jour,Hors agglomération,Hors intersection,Pluie légère,Deux véhicules - frontale,,,,,,,,,,,1,1,1,2.0,1.0
201000014812,0010-10-27 11:30:00,10,10,27,11,30,280,214,AVENUE DU PERCHE,48.4628,1.00543,Crépuscule ou aube,En agglomération,Autre intersection,Normale,Deux véhicules - arrière,,,,,,,,,,,2,2,9,1.0,2.0
201000014813,0010-02-07 06:00:00,10,2,7,6,0,360,93,,46.9718,1.58962,Nuit sans éclairage public,Hors agglomération,Intersection en Y,Normale,Deux véhicules - arrière,,,,,,,,,,,3,1,4,1.0,2.0
201000014814,0010-02-18 06:15:00,10,2,18,6,15,360,9,,46.7039,1.75068,Nuit sans éclairage public,Hors agglomération,Hors intersection,Pluie légère,Sans collision,,,,,,,,,,,3,1,1,2.0,7.0
201000014815,0010-04-19 13:30:00,10,4,19,13,30,360,128,"LIEU DIT ""CREVANT""",46.86,1.78246,Plein jour,Hors agglomération,Intersection en X,Normale,Deux véhicules - côté,,,,,,,,,,,1,1,2,1.0,3.0
201000014816,0010-02-12 16:00:00,10,2,12,16,0,360,148,"LIEU DIT ""ST NAZAIRE""",46.6033,1.3053,Plein jour,Hors agglomération,Hors intersection,Temps couvert,Deux véhicules - frontale,,,,,,,,,,,1,1,1,8.0,1.0
201000014817,0010-02-16 21:45:00,10,2,16,21,45,360,192,,,,Nuit sans éclairage public,Hors agglomération,Hors intersection,Normale,Sans collision,,,,,,,,,,,3,1,1,1.0,7.0
201000014818,0010-03-30 13:00:00,10,3,30,13,0,360,172,,46.6393,1.3796,Plein jour,Hors agglomération,Hors intersection,Pluie forte,Deux véhicules - frontale,,,,,,,,,,,1,1,1,3.0,1.0
201000014819,0010-04-18 18:15:00,10,4,18,18,15,360,154,"LIEU DIT ""LES PESSANINS""",46.5933,1.55387,Plein jour,Hors agglomération,Intersection en X,Normale,Deux véhicules - côté,,,,,,,,,,,1,1,2,1.0,3.0
201000014820,0010-05-18 19:00:00,10,5,18,19,0,360,154,,46.5808,1.59834,Plein jour,Hors agglomération,Hors intersection,Normale,Deux véhicules - frontale,,,,,,,,,,,1,1,1,1.0,1.0
201000014821,0010-05-20 12:15:00,10,5,20,12,15,360,200,,46.6092,1.50579,Plein jour,Hors agglomération,Intersection en Y,Normale,Deux véhicules - arrière,,,,,,,,,,,1,1,4,1.0,2.0
201000014822,0010-05-27 20:40:00,10,5,27,20,40,360,16,RUE COTEAUX/RUE M  BERRY,46.5595,1.15536,Plein jour,En agglomération,Intersection en X,Normale,Deux véhicules - côté,,,,,,,,,,,1,2,2,1.0,3.0
201000014823,0010-06-18 19:45:00,10,6,18,19,45,360,6,R ROUSSEAU/CH MOULINETS,46.5931,1.51511,Plein jour,En agglomération,Intersection en T,Normale,Deux véhicules - côté,,,,,,,,,,,1,2,3,1.0,3.0
201000014824,0010-06-24 20:30:00,10,6,24,20,30,360,196,LD ABLOUX R DE LA MAIRIE,46.4854,1.44035,Plein jour,En agglomération,Hors intersection,Normale,Deux véhicules - côté,,,,,,,,,,,1,2,1,1.0,3.0
201000014825,0010-07-27 15:45:00,10,7,27,15,45,360,42,,46.6351,1.45261,Plein jour,Hors agglomération,Intersection en T,Normale,Deux véhicules - côté,,,,,,,,,,,1,1,3,1.0,3.0
201000014826,0010-09-18 20:45:00,10,9,18,20,45,360,49,,46.5003,1.45189,Nuit sans éclairage public,Hors agglomération,Hors intersection,Normale,Autre collision,,,,,,,,,,,3,1,1,1.0,6.0
201000014827,0010-09-19 18:00:00,10,9,19,18,0,360,174,"L D ""LES FONDS BREAULT""",46.446,1.38877,Plein jour,Hors agglomération,Hors intersection,Normale,Autre collision,,,,,,,,,,,1,1,1,1.0,6.0
201000014828,0010-09-22 11:30:00,10,9,22,11,30,360,158,,46.536,1.60251,Plein jour,Hors agglomération,Hors intersection,Normale,Sans collision,,,,,,,,,,,1,1,1,1.0,7.0
201000014829,0010-10-24 23:30:00,10,10,24,23,30,360,62,"LIEU DIT ""LA JARRIGE""",46.4745,1.61463,Nuit sans éclairage public,Hors agglomération,Hors intersection,Normale,Autre collision,,,,,,,,,,,3,1,1,1.0,6.0