accident_id,datetime,annee,mois,jour,heure,minute,departement,commune_insee,adresse,latitude,longitude,luminosite,agglomeration,intersection,meteo,collision,nb_vehicules,nb_usagers,nb_indemnes,nb_tues,nb_blesses_hosp,nb_blesses_legers,age_cond_1,age_cond_2,veh_type_cond_1,veh_type_cond_2,lum_code,agg_code,int_code,atm_code,col_code
201000014953,0010-02-18 17:30:00,10,2,18,17,30,370,245,,47.5272,0.5716,Plein jour,Hors agglomération,Hors intersection,Temps couvert,Trois véhicules et plus - collisions multiples,,,,,,,,,,,1,1,1,8.0,5.0
201000014954,0010-02-23 17:45:00,10,2,23,17,45,370,172,,47.4522,0.71863,Plein jour,Hors agglomération,Hors intersection,Normale,Deux véhicules - frontale,,,,,,,,,,,1,1,1,1.0,1.0
201000014955,0010-03-11 17:15:00,10,3,11,17,15,370,167,,,,Plein jour,Hors agglomération,Hors intersection,Normale,Autre collision,,,,,,,,,,,1,1,1,1.0,6.0
201000014956,0010-03-11 15:00:00,10,3,11,15,0,370,170,,,,Plein jour,Hors agglomération,Hors intersection,Normale,Autre collision,,,,,,,,,,,1,1,1,1.0,6.0
201000014957,0010-04-06 09:45:00,10,4,6,9,45,370,249,,47.5443,0.4511,Plein jour,Hors agglomération,Hors intersection,Normale,Deux véhicules - frontale,,,,,,,,,,,1,1,1,1.0,1.0
201000014958,0010-04-13 08:45:00,10,4,13,8,45,370,204,,47.4972,0.65414,Plein jour,Hors agglomération,Hors intersection,Normale,Deux véhicules - frontale,,,,,,,,,,,1,1,1,1.0,1.0
201000014959,0010-04-28 16:30:00,10,4,28,16,30,370,59,,47.4755,0.61407,Plein jour,Hors agglomération,Hors intersection,Normale,Deux véhicules - côté,,,,,,,,,,,1,1,1,1.0,3.0
201000014960,0010-05-20 05:30:00,10,5,20,5,30,370,167,,47.5757,0.54413,Nuit sans éclairage public,Hors agglomération,Hors intersection,Normale,Deux véhicules - frontale,,,,,,,,,,,3,1,1,1.0,1.0
201000014961,0010-05-29 18:30:00,10,5,29,18,30,370,231,RUE JOLIOT CURIE,47.593,0.48301,Plein jour,En agglomération,Hors intersection,Pluie légère,Deux véhicules - arrière,,,,,,,,,,,1,2,1,2.0,2.0
201000014962,0010-07-05 22:30:00,10,7,5,22,30,370,54,,47.4628,0.67702,Nuit sans éclairage public,Hors agglomération,Hors intersection,Normale,Autre collision,,,,,,,,,,,3,1,1,1.0,6.0
201000014963,0010-07-20 18:15:00,10,7,20,18,15,370,245,,47.4766,0.54055,Plein jour,Hors agglomération,Hors intersection,Temps éblouissant,Deux véhicules - côté,,,,,,,,,,,1,1,1,7.0,3.0
201000014964,0010-08-03 14:45:00,10,8,3,14,45,370,170,,47.588,0.59666,Plein jour,Hors agglomération,Hors intersection,Normale,Deux véhicules - frontale,,,,,,,,,,,1,1,1,1.0,1.0
201000014965,0010-09-12 02:45:00,10,9,12,2,45,370,245,,47.5219,0.58069,Nuit sans éclairage public,Hors agglomération,Hors intersection,Normale,Sans collision,,,,,,,,,,,3,1,1,1.0,7.0
201000014966,0010-09-14 07:30:00,10,9,14,7,30,370,167,,47.5449,0.55181,Plein jour,Hors agglomération,Hors intersection,Normale,Autre collision,,,,,,,,,,,1,1,1,1.0,6.0
201000014967,0010-10-17 12:15:00,10,10,17,12,15,370,59,,,,Plein jour,Hors agglomération,Hors intersection,Normale,Deux véhicules - côté,,,,,,,,,,,1,1,1,1.0,3.0
201000014968,0010-01-03 18:15:00,10,1,3,18,15,370,63,RUE GAMBETTA,,,Nuit avec éclairage allumé,En agglomération,Hors intersection,Autre,Sans collision,,,,,,,,,,,5,2,1,9.0,7.0
201000014969,0010-01-17 10:45:00,10,1,17,10,45,370,63,RUE DE LA RÉPUBLIQUE,,,Plein jour,En agglomération,Hors intersection,Normale,Deux véhicules - côté,,,,,,,,,,,1,2,1,1.0,3.0
201000014970,0010-02-28 22:30:00,10,2,28,22,30,370,276,,47.5762,0.89608,Nuit sans éclairage public,Hors agglomération,Hors intersection,Normale,Deux véhicules - frontale,,,,,,,,,,,3,1,1,1.0,1.0
201000014971,0010-03-23 22:45:00,10,3,23,22,45,370,194,10RUE EDMOND CHEDEOUX,,,Nuit avec éclairage allumé,En agglomération,Hors intersection,Normale,Autre collision,,,,,,,,,,,5,2,1,1.0,6.0
201000014972,0010-03-29 01:00:00,10,3,29,1,0,370,270,,,,Nuit sans éclairage public,Hors agglomération,Hors intersection,Normale,Autre collision,,,,,,,,,,,3,1,1,1.0,6.0
201000014973,0010-04-02 16:45:00,10,4,2,16,45,370,63,90 RUE DE LA RÉPUBLIQUE,47.5918,0.91035,Plein jour,En agglomération,Hors intersection,Normale,Autre collision,,,,,,,,,,,1,2,1,1.0,6.0
201000014974,0010-04-11 17:30:00,10,4,11,17,30,370,276,,47.5503,0.86406,Plein jour,Hors agglomération,Hors intersection,Normale,Deux véhicules - frontale,,,,,,,,,,,1,1,1,1.0,1.0
201000014975,0010-04-16 07:45:00,10,4,16,7,45,370,179,,47.4445,0.74271,Plein jour,En agglomération,Hors intersection,Normale,Deux véhicules - côté,,,,,,,,,,,1,2,1,1.0,3.0
201000014976,0010-04-18 17:00:00,10,4,18,17,0,370,194,,47.486,0.84187,Plein jour,Hors agglomération,Hors intersection,Normale,Deux véhicules - côté,,,,,,,,,,,1,1,1,1.0,3.0
201000014977,0010-04-21 15:00:00,10,4,21,15,0,370,153,RUE DU 08 MAI 1945,47.4995,0.78303,Plein jour,En agglomération,Hors intersection,Normale,Autre collision,,,,,,,,,,,1,2,1,1.0,6.0
201000014978,0010-05-03 17:00:00,10,5,3,17,0,370,153,,47.5144,0.8102,Plein jour,Hors agglomération,Hors intersection,Normale,Autre collision,,,,,,,,,,,1,1,1,1.0,6.0
201000014979,0010-05-20 13:45:00,10,5,20,13,45,370,194,,,,Plein jour,Hors agglomération,Intersection en X,Normale,Deux véhicules - frontale,,,,,,,,,,,1,1,2,1.0,1.0
201000014980,0010-05-21 18:15:00,10,5,21,18,15,370,203,,,,Plein jour,En agglomération,Hors intersection,Normale,Deux véhicules - côté,,,,,,,,,,,1,2,1,1.0,3.0
201000014981,0010-06-10 10:30:00,10,6,10,10,30,370,194,,,,Plein jour,Hors agglomération,Hors intersection,Normale,Deux véhicules - arrière,,,,,,,,,,,1,1,1,1.0,2.0
201000014982,0010-06-20 15:00:00,10,6,20,15,0,370,281,D952,,,Plein jour,En agglomération,Hors intersection,Normale,Deux véhicules - frontale,,,,,,,,,,,1,2,1,1.0,1.0
201000014983,0010-06-24 10:45:00,10,6,24,10,45,370,63,,,,Plein jour,Hors agglomération,Hors intersection,Normale,Sans collision,,,,,,,,,,,1,1,1,1.0,7.0
201000014984,0010-06-25 19:00:00,10,6,25,19,0,370,179,,,,Plein jour,Hors agglomération,Intersection en T,Normale,Deux véhicules - côté,,,,,,,,,,,1,1,3,1.0,3.0
201000014985,0010-07-03 17:30:00,10,7,3,17,30,370,281,,47.4498,0.78768,Plein jour,Hors agglomération,Hors intersection,Normale,Autre collision,,,,,,,,,,,1,1,1,1.0,6.0
201000014986,0010-07-06 10:30:00,10,7,6,10,30,370,30,,47.5831,0.86409,Plein jour,Hors agglomération,Hors intersection,Normale,Deux véhicules - frontale,,,,,,,,,,,1,1,1,1.0,1.0
201000014987,0010-07-16 14:45:00,10,7,16,14,45,370,52,48 RUE DE LA MAIRIE,47.4511,0.87277,Plein jour,En agglomération,Hors intersection,Normale,Sans collision,,,,,,,,,,,1,2,1,1.0,7.0
201000014988,0010-07-17 19:15:00,10,7,17,19,15,370,203,RUE DES PELUS,47.4194,0.75971,Plein jour,En agglomération,Hors intersection,Normale,Sans collision,,,,,,,,,,,1,2,1,1.0,7.0
201000014989,0010-07-28 22:30:00,10,7,28,22,30,370,30,,47.588,0.8824,Nuit sans éclairage public,Hors agglomération,Hors intersection,Normale,Autre collision,,,,,,,,,,,3,1,1,1.0,6.0
201000014990,0010-08-09 11:30:00,10,8,9,11,30,370,106,,47.6284,0.79055,Plein jour,Hors agglomération,Hors intersection,Normale,Deux véhicules - frontale,,,,,,,,,,,1,1,1,1.0,1.0
201000014991,0010-08-21 19:15:00,10,8,21,19,15,370,179,,47.4387,0.71329,Plein jour,Hors agglomération,Hors intersection,Normale,Autre collision,,,,,,,,,,,1,1,1,1.0,6.0
201000014992,0010-09-01 11:00:00,10,9,1,11,0,370,270,,47.4285,0.84841,Plein jour,Hors agglomération,Hors intersection,Normale,Deux véhicules - arrière,,,,,,,,,,,1,1,1,1.0,2.0
201000014993,0010-09-02 17:45:00,10,9,2,17,45,370,224,,,,Plein jour,Hors agglomération,Intersection en T,Normale,Autre collision,,,,,,,,,,,1,1,3,1.0,6.0
201000014994,0010-09-11 21:15:00,10,9,11,21,15,370,92,,47.5303,0.83639,Nuit sans éclairage public,Hors agglomération,Hors intersection,Normale,Deux véhicules - côté,,,,,,,,,,,3,1,1,1.0,3.0
201000014995,0010-09-30 09:15:00,10,9,30,9,15,370,240,,47.5971,0.92706,Plein jour,Hors agglomération,Intersection en T,Temps couvert,Deux véhicules - côté,,,,,,,,,,,1,1,3,8.0,3.0
201000014996,0010-10-12 19:15:00,10,10,12,19,15,370,203,RUE VAUFOYNARD,,,Crépuscule ou aube,En agglomération,Hors intersection,Normale,Trois véhicules et plus - collisions multiples,,,,,,,,,,,2,2,1,1.0,5.0
201000014997,0010-10-16 00:30:00,10,10,16,0,30,370,92,,,,Nuit sans éclairage public,Hors agglomération,Hors intersection,Temps couvert,Trois véhicules et plus - collisions multiples,,,,,,,,,,,3,1,1,8.0,5.0
201000014998,0010-10-20 16:45:00,10,10,20,16,45,370,175,,,,Plein jour,Hors agglomération,Intersection en X,Normale,Deux véhicules - frontale,,,,,,,,,,,1,1,2,1.0,1.0
201000014999,0010-11-03 05:30:00,10,11,3,5,30,370,276,,,,Nuit sans éclairage public,Hors agglomération,Hors intersection,Normale,Autre collision,,,,,,,,,,,3,1,1,1.0,6.0
201000015000,0010-11-05 09:30:00,10,11,5,9,30,370,203,QUAI DE LA LOIRE,,,Plein jour,En agglomération,Autre intersection,Pluie légère,Sans collision,,,,,,,,,,,1,2,9,2.0,7.0
201000015001,0010-12-06 13:15:00,10,12,6,13,15,370,153,,,,Plein jour,Hors agglomération,Hors intersection,Pluie légère,Autre collision,,,,,,,,,,,1,1,1,2.0,6.0
201000015002,0010-12-17 13:30:00,10,12,17,13,30,370,281,,,,Plein jour,Hors agglomération,Hors intersection,Temps éblouissant,Trois véhicules et plus - collisions multiples,,,,,,,,,,,1,1,1,7.0,5.0
201000015003,0010-12-23 15:45:00,10,12,23,15,45,370,63,BOULEVARD JULES JOURDAN,,,Plein jour,En agglomération,Hors intersection,Temps couvert,Autre collision,,,,,,,,,,,1,2,1,8.0,6.0
201000015004,0010-11-05 14:00:00,10,11,5,14,0,370,76,,,,Plein jour,Hors agglomération,Hors intersection,Normale,Deux véhicules - frontale,,,,,,,,,,,1,1,1,1.0,1.0
201000015005,0010-02-06 00:15:00,10,2,6,0,15,370,56,,47.3137,0.40891,Nuit sans éclairage public,Hors agglomération,Hors intersection,Pluie légère,Deux véhicules - côté,,,,,,,,,,,3,1,1,2.0,3.0
201000015006,0010-05-08 11:30:00,10,5,8,11,30,370,128,CROISEMENT RD 7 ET RD 57,47.2973,0.41652,Plein jour,En agglomération,Intersection en X,Normale,Deux véhicules - côté,,,,,,,,,,,1,2,2,1.0,3.0
201000015007,0010-06-02 19:45:00,10,6,2,19,45,370,67,,,,Plein jour,Hors agglomération,Hors intersection,Normale,Sans collision,,,,,,,,,,,1,1,1,1.0,7.0
201000015008,0010-06-20 01:00:00,10,6,20,1,0,370,123,,,,Nuit sans éclairage public,Hors agglomération,Intersection en X,Normale,Deux véhicules - côté,,,,,,,,,,,3,1,2,1.0,3.0
201000015009,0010-07-09 02:15:00,10,7,9,2,15,370,205,,47.248,0.5171,Nuit sans éclairage public,Hors agglomération,Hors intersection,Normale,Autre collision,,,,,,,,,,,3,1,1,1.0,6.0
201000015010,0010-08-03 17:15:00,10,8,3,17,15,370,205,,47.2439,0.56569,Plein jour,Hors agglomération,Hors intersection,Normale,Autre collision,,,,,,,,,,,1,1,1,1.0,6.0
201000015011,0010-08-11 02:00:00,10,8,11,2,0,370,77,,47.3497,0.44931,Nuit sans éclairage public,Hors agglomération,Hors intersection,Normale,Autre collision,,,,,,,,,,,3,1,1,1.0,6.0
201000015012,0010-08-22 03:45:00,10,8,22,3,45,370,257,,47.213,0.59375,Nuit sans éclairage public,Hors agglomération,Hors intersection,Normale,Sans collision,,,,,,,,,,,3,1,1,1.0,7.0
201000015013,0010-09-30 08:45:00,10,9,30,8,45,370,77,,47.3451,0.46792,Plein jour,Hors agglomération,Hors intersection,Normale,Trois véhicules et plus - collisions multiples,,,,,,,,,,,1,1,1,1.0,5.0
201000015014,0010-12-22 18:00:00,10,12,22,18,0,370,123,,,,Nuit sans éclairage public,Hors agglomération,Hors intersection,Pluie forte,Trois véhicules et plus - collisions multiples,,,,,,,,,,,3,1,1,3.0,5.0
201000015015,0010-02-27 03:45:00,10,2,27,3,45,370,180,,47.0873,0.508,Nuit sans éclairage public,Hors agglomération,Hors intersection,Normale,Sans collision,,,,,,,,,,,3,1,1,1.0,7.0
201000015016,0010-03-02 13:00:00,10,3,2,13,0,370,226,,,,Plein jour,Hors agglomération,Intersection en X,Normale,Deux véhicules - côté,,,,,,,,,,,1,1,2,1.0,3.0
201000015017,0010-05-05 08:15:00,10,5,5,8,15,370,142,,47.0485,0.55435,Plein jour,Hors agglomération,Hors intersection,Pluie légère,Autre collision,,,,,,,,,,,1,1,1,2.0,6.0
201000015018,0010-05-10 09:15:00,10,5,10,9,15,370,93,CARREFOUR CD 760 - RD 08,47.1225,0.45871,Plein jour,En agglomération,Intersection en X,Pluie forte,Trois véhicules et plus - collisions multiples,,,,,,,,,,,1,2,2,3.0,5.0
201000015019,0010-05-12 21:00:00,10,5,12,21,0,370,12,7 RUE FEUNET,47.1662,0.4531,Crépuscule ou aube,En agglomération,Hors intersection,Normale,Autre collision,,,,,,,,,,,2,2,1,1.0,6.0
201000015020,0010-08-15 22:45:00,10,8,15,22,45,370,226,,47.1315,0.2423,Nuit sans éclairage public,Hors agglomération,Hors intersection,Normale,Autre collision,,,,,,,,,,,3,1,1,1.0,6.0
201000015021,0010-09-04 20:30:00,10,9,4,20,30,370,87,,47.0312,0.40012,Crépuscule ou aube,Hors agglomération,Hors intersection,Normale,Sans collision,,,,,,,,,,,2,1,1,1.0,7.0
201000015022,0010-09-08 22:30:00,10,9,8,22,30,370,178,9 RUE DE LA SYBILLE,47.1272,0.42137,Nuit avec éclairage allumé,En agglomération,Hors intersection,Normale,Autre collision,,,,,,,,,,,5,2,1,1.0,6.0
201000015023,0010-09-16 11:30:00,10,9,16,11,30,370,226,,47.1046,0.64594,Plein jour,Hors agglomération,Intersection en X,Normale,Deux véhicules - frontale,,,,,,,,,,,1,1,2,1.0,1.0
201000015024,0010-10-15 23:30:00,10,10,15,23,30,370,226,AVENUE DU GÉNÉRAL DE GAU,,,Nuit avec éclairage allumé,En agglomération,Hors intersection,Normale,Deux véhicules - côté,,,,,,,,,,,5,2,1,1.0,3.0
201000015025,0010-10-20 17:15:00,10,10,20,17,15,370,176,ROUTE DE CHINON,,,Plein jour,En agglomération,Hors intersection,Normale,Deux véhicules - frontale,,,,,,,,,,,1,2,1,1.0,1.0
201000015026,0010-11-19 20:00:00,10,11,19,20,0,370,212,,,,Nuit sans éclairage public,Hors agglomération,Hors intersection,Normale,Deux véhicules - frontale,,,,,,,,,,,3,1,1,1.0,1.0
201000015027,0010-02-19 19:00:00,10,2,19,19,0,370,39,,47.0414,1.09544,Nuit sans éclairage public,Hors agglomération,Hors intersection,Normale,Deux véhicules - frontale,,,,,,,,,,,3,1,1,1.0,1.0
201000015028,0010-03-09 09:45:00,10,3,9,9,45,370,173,,,,Plein jour,Hors agglomération,Hors intersection,Normale,Deux véhicules - frontale,,,,,,,,,,,1,1,1,1.0,1.0
201000015029,0010-03-14 01:45:00,10,3,14,1,45,370,127,12 RUE DE LA RÉSISTANCE,,,Nuit sans éclairage public,En agglomération,Intersection en X,Normale,Autre collision,,,,,,,,,,,3,2,2,1.0,6.0
201000015030,0010-03-18 16:45:00,10,3,18,16,45,370,221,,,,Plein jour,Hors agglomération,Hors intersection,Normale,Sans collision,,,,,,,,,,,1,1,1,1.0,7.0
201000015031,0010-06-11 08:45:00,10,6,11,8,45,370,66,,,,Plein jour,Hors agglomération,Hors intersection,Normale,Deux véhicules - côté,,,,,,,,,,,1,1,1,1.0,3.0
201000015032,0010-06-16 15:30:00,10,6,16,15,30,370,132,,,,Plein jour,Hors agglomération,Autre intersection,Normale,Deux véhicules - côté,,,,,,,,,,,1,1,9,1.0,3.0
201000015033,0010-07-01 20:45:00,10,7,1,20,45,370,183,,47.121,0.97817,Plein jour,Hors agglomération,Hors intersection,Normale,Deux véhicules - frontale,,,,,,,,,,,1,1,1,1.0,1.0
201000015034,0010-07-11 02:15:00,10,7,11,2,15,370,132,ROND POINT DE L'EUROPE,47.1399,1.0023,Nuit avec éclairage allumé,En agglomération,Hors intersection,Normale,Deux véhicules - frontale,,,,,,,,,,,5,2,1,1.0,1.0
201000015035,0010-08-26 14:15:00,10,8,26,14,15,370,46,,47.2519,1.13976,Plein jour,Hors agglomération,Hors intersection,Normale,Autre collision,,,,,,,,,,,1,1,1,1.0,6.0
201000015036,0010-09-11 00:15:00,10,9,11,0,15,370,132,,47.1362,0.97386,Nuit sans éclairage public,Hors agglomération,Hors intersection,Normale,Sans collision,,,,,,,,,,,3,1,1,1.0,7.0
201000015037,0010-09-18 16:30:00,10,9,18,16,30,370,132,16 AVENUE DES BAS CLOS,,,Plein jour,En agglomération,Hors intersection,Normale,Autre collision,,,,,,,,,,,1,2,1,1.0,6.0
201000015038,0010-10-25 10:30:00,10,10,25,10,30,370,222,,,,Plein jour,Hors agglomération,Intersection en Y,Normale,Deux véhicules - côté,,,,,,,,,,,1,1,4,1.0,3.0
201000015039,0010-11-15 17:30:00,10,11,15,17,30,370,192,,,,Plein jour,Hors agglomération,Hors intersection,Normale,Deux véhicules - côté,,,,,,,,,,,1,1,1,1.0,3.0
201000015040,0010-12-27 17:30:00,10,12,27,17,30,370,111,,,,Crépuscule ou aube,Hors agglomération,Hors intersection,Normale,Deux véhicules - frontale,,,,,,,,,,,2,1,1,1.0,1.0
201000015041,0010-01-13 07:15:00,10,1,13,7,15,370,28,,,,Nuit sans éclairage public,Hors agglomération,Hors intersection,Neige / grêle,Sans collision,,,,,,,,,,,3,1,1,4.0,7.0
201000015042,0010-01-15 12:30:00,10,1,15,12,30,370,28,,,,Plein jour,Hors agglomération,Hors intersection,Temps couvert,Autre collision,,,,,,,,,,,1,1,1,8.0,6.0
201000015043,0010-03-17 23:00:00,10,3,17,23,0,370,282,,,,Nuit sans éclairage public,Hors agglomération,Hors intersection,Normale,Deux véhicules - frontale,,,,,,,,,,,3,1,1,1.0,1.0
201000015044,0010-06-15 20:30:00,10,6,15,20,30,370,26,,,,Plein jour,Hors agglomération,Hors intersection,Normale,Sans collision,,,,,,,,,,,1,1,1,1.0,7.0
201000015045,0010-06-21 10:45:00,10,6,21,10,45,370,114,,,,Plein jour,Hors agglomération,Hors intersection,Normale,Sans collision,,,,,,,,,,,1,1,1,1.0,7.0
201000015046,0010-08-04 10:00:00,10,8,4,10,0,370,282,,46.8033,0.83498,Plein jour,Hors agglomération,Intersection en X,Normale,Deux véhicules - côté,,,,,,,,,,,1,1,2,1.0,3.0
201000015047,0010-02-17 20:15:00,10,2,17,20,15,370,136,,47.1823,0.804,Nuit sans éclairage public,Hors agglomération,Hors intersection,Brouillard / fumée,Deux véhicules - frontale,,,,,,,,,,,3,1,1,5.0,1.0
201000015048,0010-04-30 14:30:00,10,4,30,14,30,370,45,INTERSECTION CD750-CD350,47.0216,0.60937,Plein jour,En agglomération,Intersection en X,Normale,Deux véhicules - frontale,,,,,,,,,,,1,2,2,1.0,1.0
201000015049,0010-07-16 13:30:00,10,7,16,13,30,370,98,,47.0736,0.63649,Plein jour,Hors agglomération,Intersection en X,Normale,Deux véhicules - côté,,,,,,,,,,,1,1,2,1.0,3.0
201000015050,0010-10-24 00:30:00,10,10,24,0,30,370,45,CD910,,,Nuit avec éclairage allumé,En agglomération,Intersection en X,Pluie légère,Deux véhicules - frontale,,,,,,,,,,,5,2,2,2.0,1.0
201000015051,0010-12-12 21:00:00,10,12,12,21,0,370,115,18 RUE  PIERRE PASCAULT,,,Nuit avec éclairage allumé,En agglomération,Hors intersection,Neige / grêle,Autre collision,,,,,,,,,,,5,2,1,4.0,6.0
201000015052,0010-01-30 14:00:00,10,1,30,14,0,370,266,7 ROUTE DU RIPAULT,47.2958,0.68144,Plein jour,En agglomération,Hors intersection,Normale,Deux véhicules - arrière,,,,,,,,,,,1,2,1,1.0,2.0
201000015053,0010-02-23 08:30:00,10,2,23,8,30,370,104,,47.2901,0.81107,Plein jour,Hors agglomération,Hors intersection,Normale,Deux véhicules - frontale,,,,,,,,,,,1,1,1,1.0,1.0
201000015054,0010-03-24 12:30:00,10,3,24,12,30,370,159,10 RUE DE LA VASSELIÈRE,,,Plein jour,En agglomération,Hors intersection,Normale,Sans collision,,,,,,,,,,,1,2,1,1.0,7.0
201000015055,0010-05-16 04:30:00,10,5,16,4,30,370,254,,,,Nuit sans éclairage public,Hors agglomération,Hors intersection,Normale,Autre collision,,,,,,,,,,,3,1,1,1.0,6.0
201000015056,0010-07-24 09:00:00,10,7,24,9,0,370,263,,47.292,0.87879,Plein jour,Hors agglomération,Hors intersection,Normale,Autre collision,,,,,,,,,,,1,1,1,1.0,6.0
201000015057,0010-07-26 07:30:00,10,7,26,7,30,370,85,,47.2315,0.87424,Plein jour,Hors agglomération,Hors intersection,Normale,Trois véhicules et plus - collisions multiples,,,,,,,,,,,1,1,1,1.0,5.0
201000015058,0010-08-11 05:45:00,10,8,11,5,45,370,266,1 RUE JULES FERRY,,,Nuit avec éclairage allumé,En agglomération,Hors intersection,Normale,Deux véhicules - côté,,,,,,,,,,,5,2,1,1.0,3.0
201000015059,0010-08-31 19:45:00,10,8,31,19,45,370,85,,47.2367,0.89147,Crépuscule ou aube,Hors agglomération,Hors intersection,Normale,Deux véhicules - frontale,,,,,,,,,,,2,1,1,1.0,1.0
201000015060,0010-10-08 13:15:00,10,10,8,13,15,370,263,22 RUE DES NOËLS,,,Plein jour,En agglomération,Hors intersection,Normale,Deux véhicules - frontale,,,,,,,,,,,1,2,1,1.0,1.0
201000015061,0010-10-10 16:00:00,10,10,10,16,0,370,266,,,,Plein jour,Hors agglomération,Hors intersection,Normale,Deux véhicules - arrière,,,,,,,,,,,1,1,1,1.0,2.0
201000015062,0010-12-11 05:00:00,10,12,11,5,0,370,159,,,,Nuit sans éclairage public,Hors agglomération,Hors intersection,Autre,Autre collision,,,,,,,,,,,3,1,1,9.0,6.0
201000015063,0010-12-17 19:15:00,10,12,17,19,15,370,85,,,,Nuit sans éclairage public,Hors agglomération,Intersection en X,Normale,Deux véhicules - côté,,,,,,,,,,,3,1,2,1.0,3.0
201000015064,0010-12-21 17:45:00,10,12,21,17,45,370,159,RUE DE LA VASSELIERE,47.2834,0.69683,Nuit avec éclairage allumé,En agglomération,Hors intersection,Pluie légère,Autre collision,,,,,,,,,,,5,2,1,2.0,6.0
201000015065,0010-01-16 09:30:00,10,1,16,9,30,410,91,,47.6467,1.27548,Plein jour,Hors agglomération,Giratoire,Normale,Deux véhicules - frontale,,,,,,,,,,,1,1,6,1.0,1.0
201000015066,0010-01-17 11:30:00,10,1,17,11,30,410,142,,47.5795,1.22994,Plein jour,Hors agglomération,Hors intersection,Normale,Autre collision,,,,,,,,,,,1,1,1,1.0,6.0
201000015067,0010-02-15 19:45:00,10,2,15,19,45,410,276,,,,Nuit avec éclairage allumé,Hors agglomération,Hors intersection,Normale,Sans collision,,,,,,,,,,,5,1,1,1.0,7.0
201000015068,0010-02-17 05:45:00,10,2,17,5,45,410,33,ROUTE DE CHOUZY,47.5587,1.21842,Nuit sans éclairage public,En agglomération,Hors intersection,Neige / grêle,Sans collision,,,,,,,,,,,3,2,1,4.0,7.0
201000015069,0010-02-21 00:30:00,10,2,21,0,30,410,40,,47.6671,1.24673,Nuit sans éclairage public,Hors agglomération,Giratoire,Normale,Autre collision,,,,,,,,,,,3,1,6,1.0,6.0
201000015070,0010-04-30 06:00:00,10,4,30,6,0,410,223,,47.6114,1.20358,Nuit sans éclairage public,Hors agglomération,Hors intersection,Normale,Deux véhicules - frontale,,,,,,,,,,,3,1,1,1.0,1.0
201000015071,0010-05-15 22:30:00,10,5,15,22,30,410,137,,47.5087,1.13505,Nuit sans éclairage public,Hors agglomération,Hors intersection,Normale,Autre collision,,,,,,,,,,,3,1,1,1.0,6.0
201000015072,0010-06-04 18:45:00,10,6,4,18,45,410,35,,47.7284,1.24131,Plein jour,Hors agglomération,Hors intersection,Temps éblouissant,Deux véhicules - frontale,,,,,,,,,,,1,1,1,7.0,1.0
201000015073,0010-06-14 18:30:00,10,6,14,18,30,410,9,,47.6828,1.32939,Plein jour,Hors agglomération,Hors intersection,Normale,Deux véhicules - frontale,,,,,,,,,,,1,1,1,1.0,1.0
201000015074,0010-07-24 11:45:00,10,7,24,11,45,410,29,,47.4997,1.26825,Plein jour,Hors agglomération,Intersection en T,Normale,Deux véhicules - côté,,,,,,,,,,,1,1,3,1.0,3.0
201000015075,0010-08-30 08:15:00,10,8,30,8,15,410,281,,47.6823,1.21075,Plein jour,Hors agglomération,Hors intersection,Normale,Trois véhicules et plus - en chaîne,,,,,,,,,,,1,1,1,1.0,4.0
201000015076,0010-09-16 20:45:00,10,9,16,20,45,410,101,RUE DE BAILLI,,,Nuit avec éclairage allumé,En agglomération,Hors intersection,Normale,Autre collision,,,,,,,,,,,5,2,1,1.0,6.0
201000015077,0010-09-25 16:15:00,10,9,25,16,15,410,55,ALLÉE DE COULANGES,,,Plein jour,Hors agglomération,Hors intersection,Normale,Sans collision,,,,,,,,,,,1,1,1,1.0,7.0
201000015078,0010-09-26 06:15:00,10,9,26,6,15,410,55,,47.541,1.28217,Nuit sans éclairage public,Hors agglomération,Hors intersection,Normale,Deux véhicules - côté,,,,,,,,,,,3,1,1,1.0,3.0
201000015079,0010-11-14 14:15:00,10,11,14,14,15,410,189,RUE NATIONALE,47.4672,1.13513,Plein jour,En agglomération,Hors intersection,Normale,Autre collision,,,,,,,,,,,1,2,1,1.0,6.0
201000015080,0010-11-25 08:00:00,10,11,25,8,0,410,55,33 GRANDE RUE,47.5239,1.24515,Crépuscule ou aube,En agglomération,Hors intersection,Pluie forte,Autre collision,,,,,,,,,,,2,2,1,3.0,6.0
201000015081,0010-12-19 21:45:00,10,12,19,21,45,410,167,16-18 RUE LECOQ,,,Nuit avec éclairage allumé,En agglomération,Hors intersection,Pluie légère,Autre collision,,,,,,,,,,,5,2,1,2.0,6.0
201000015082,0010-12-20 17:30:00,10,12,20,17,30,410,9,,47.638,1.32526,Nuit sans éclairage public,Hors agglomération,Hors intersection,Pluie légère,Deux véhicules - frontale,,,,,,,,,,,3,1,1,2.0,1.0
201000015083,0010-12-25 17:45:00,10,12,25,17,45,410,167,,47.483,1.17186,Nuit sans éclairage public,Hors agglomération,Hors intersection,Normale,Sans collision,,,,,,,,,,,3,1,1,1.0,7.0