accident_id,datetime,annee,mois,jour,heure,minute,departement,commune_insee,adresse,latitude,longitude,luminosite,agglomeration,intersection,meteo,collision,nb_vehicules,nb_usagers,nb_indemnes,nb_tues,nb_blesses_hosp,nb_blesses_legers,age_cond_1,age_cond_2,veh_type_cond_1,veh_type_cond_2,lum_code,agg_code,int_code,atm_code,col_code
201000015084,0010-01-01 09:30:00,10,1,1,9,30,410,284,,47.7955,1.30775,Plein jour,Hors agglomération,Hors intersection,Normale,Autre collision,,,,,,,,,,,1,1,1,1.0,6.0
201000015085,0010-04-30 17:15:00,10,4,30,17,15,410,289,,47.8542,1.52216,Plein jour,Hors agglomération,Intersection en X,Normale,Deux véhicules - côté,,,,,,,,,,,1,1,2,1.0,3.0
201000015086,0010-06-03 07:30:00,10,6,3,7,30,410,219,,47.8682,1.46921,Plein jour,Hors agglomération,Hors intersection,Normale,Deux véhicules - frontale,,,,,,,,,,,1,1,1,1.0,1.0
201000015087,0010-09-19 04:30:00,10,9,19,4,30,410,245,01 CHEMIN DE PARIS,47.7597,1.50082,Nuit avec éclairage allumé,En agglomération,Hors intersection,Normale,Autre collision,,,,,,,,,,,5,2,1,1.0,6.0
201000015088,0010-11-22 15:30:00,10,11,22,15,30,410,105,,47.804,1.554,Plein jour,Hors agglomération,Hors intersection,Normale,Autre collision,,,,,,,,,,,1,1,1,1.0,6.0
201000015089,0010-01-14 14:15:00,10,1,14,14,15,410,207,,47.6605,1.50684,Crépuscule ou aube,Hors agglomération,Hors intersection,Autre,Autre collision,,,,,,,,,,,2,1,1,9.0,6.0
201000015090,0010-01-30 05:15:00,10,1,30,5,15,410,130,,47.7425,1.33451,Nuit avec éclairage allumé,Hors agglomération,Hors intersection,Autre,Autre collision,,,,,,,,,,,5,1,1,9.0,6.0
201000015091,0010-03-21 02:00:00,10,3,21,2,0,410,155,,47.6624,1.53408,Nuit sans éclairage public,Hors agglomération,Hors intersection,Normale,Deux véhicules - frontale,,,,,,,,,,,3,1,1,1.0,1.0
201000015092,0010-03-31 17:30:00,10,3,31,17,30,410,136,,,,Plein jour,En agglomération,Hors intersection,Normale,Deux véhicules - arrière,,,,,,,,,,,1,2,1,1.0,2.0
201000015093,0010-04-14 16:45:00,10,4,14,16,45,410,206,,47.6434,1.37014,Plein jour,Hors agglomération,Intersection en T,Normale,Deux véhicules - côté,,,,,,,,,,,1,1,3,1.0,3.0
201000015094,0010-04-30 09:30:00,10,4,30,9,30,410,288,,47.6548,1.36805,Plein jour,Hors agglomération,Hors intersection,Normale,Sans collision,,,,,,,,,,,1,1,1,1.0,7.0
201000015095,0010-06-26 08:45:00,10,6,26,8,45,410,136,,47.7065,1.51933,Plein jour,En agglomération,Hors intersection,Normale,Autre collision,,,,,,,,,,,1,2,1,1.0,6.0
201000015096,0010-06-25 17:15:00,10,6,25,17,15,410,206,,47.6311,1.38881,Plein jour,Hors agglomération,Intersection en T,Normale,Deux véhicules - côté,,,,,,,,,,,1,1,3,1.0,3.0
201000015097,0010-06-27 00:15:00,10,6,27,0,15,410,220,,47.7441,1.65848,Nuit sans éclairage public,Hors agglomération,Hors intersection,Normale,Deux véhicules - arrière,,,,,,,,,,,3,1,1,1.0,2.0
201000015098,0010-07-13 23:30:00,10,7,13,23,30,410,252,,47.6636,1.44714,Nuit avec éclairage allumé,En agglomération,Hors intersection,Normale,Trois véhicules et plus - collisions multiples,,,,,,,,,,,5,2,1,1.0,5.0
201000015099,0010-09-12 19:45:00,10,9,12,19,45,410,129,,47.6296,1.49493,Plein jour,Hors agglomération,Hors intersection,Temps couvert,Sans collision,,,,,,,,,,,1,1,1,8.0,7.0
201000015100,0010-10-02 06:00:00,10,10,2,6,0,410,136,ROUTE D'ORLEANS,47.7027,1.51368,Nuit avec éclairage allumé,En agglomération,Hors intersection,Normale,Deux véhicules - frontale,,,,,,,,,,,5,2,1,1.0,1.0
201000015101,0010-10-09 17:30:00,10,10,9,17,30,410,252,,47.696,1.432,Plein jour,Hors agglomération,Hors intersection,Normale,Sans collision,,,,,,,,,,,1,1,1,1.0,7.0
201000015102,0010-11-11 17:15:00,10,11,11,17,15,410,220,,47.6947,1.57313,Nuit sans éclairage public,Hors agglomération,Hors intersection,Pluie légère,Autre collision,,,,,,,,,,,3,1,1,2.0,6.0
201000015103,0010-12-24 08:15:00,10,12,24,8,15,410,155,,47.6751,1.52649,Plein jour,Hors agglomération,Hors intersection,Neige / grêle,Autre collision,,,,,,,,,,,1,1,1,4.0,6.0
201000015104,0010-12-15 06:45:00,10,12,15,6,45,410,288,,47.6309,1.35684,Crépuscule ou aube,Hors agglomération,Hors intersection,Normale,Sans collision,,,,,,,,,,,2,1,1,1.0,7.0
201000015105,0010-02-12 04:45:00,10,2,12,4,45,410,51,,47.3561,1.13959,Nuit sans éclairage public,Hors agglomération,Hors intersection,Neige / grêle,Sans collision,,,,,,,,,,,3,1,1,4.0,7.0
201000015106,0010-04-24 10:00:00,10,4,24,10,0,410,151,ROUTE DE TOURS,47.3423,1.17481,Plein jour,En agglomération,Intersection en T,Normale,Trois véhicules et plus - collisions multiples,,,,,,,,,,,1,2,3,1.0,5.0
201000015107,0010-05-01 20:15:00,10,5,1,20,15,410,217,,47.3341,1.2085,Plein jour,Hors agglomération,Hors intersection,Normale,Deux véhicules - frontale,,,,,,,,,,,1,1,1,1.0,1.0
201000015108,0010-06-21 15:00:00,10,6,21,15,0,410,80,,47.3105,1.18681,Plein jour,Hors agglomération,Intersection en X,Normale,Deux véhicules - côté,,,,,,,,,,,1,1,2,1.0,3.0
201000015109,0010-07-02 20:15:00,10,7,2,20,15,410,151,RUE DE PONTCHER,47.3535,1.18479,Plein jour,En agglomération,Hors intersection,Normale,Autre collision,,,,,,,,,,,1,2,1,1.0,6.0
201000015110,0010-08-31 18:15:00,10,8,31,18,15,410,211,ROUTE DU MESNIL,47.3297,1.13714,Plein jour,En agglomération,Hors intersection,Normale,Deux véhicules - côté,,,,,,,,,,,1,2,1,1.0,3.0
201000015111,0010-09-16 16:00:00,10,9,16,16,0,410,211,,47.2963,1.17971,Plein jour,Hors agglomération,Hors intersection,Normale,Sans collision,,,,,,,,,,,1,1,1,1.0,7.0
201000015112,0010-07-15 20:45:00,10,7,15,20,45,410,46,,47.675,1.91837,Plein jour,Hors agglomération,Hors intersection,Normale,Autre collision,,,,,,,,,,,1,1,1,1.0,6.0
201000015113,0010-08-15 17:30:00,10,8,15,17,30,410,46,,47.5762,1.93939,Plein jour,Hors agglomération,Hors intersection,Pluie légère,Deux véhicules - côté,,,,,,,,,,,1,1,1,2.0,3.0
201000015114,0010-08-18 17:00:00,10,8,18,17,0,410,161,,47.5485,2.08592,Plein jour,Hors agglomération,Hors intersection,Normale,Autre collision,,,,,,,,,,,1,1,1,1.0,6.0
201000015115,0010-08-19 20:00:00,10,8,19,20,0,410,159,,47.5315,1.80788,Plein jour,Hors agglomération,Hors intersection,Temps éblouissant,Deux véhicules - côté,,,,,,,,,,,1,1,1,7.0,3.0
201000015116,0010-09-02 19:00:00,10,9,2,19,0,410,232,RUE DE L'ABREUVOIR,,,Plein jour,En agglomération,Hors intersection,Normale,Deux véhicules - côté,,,,,,,,,,,1,2,1,1.0,3.0
201000015117,0010-10-24 06:30:00,10,10,24,6,30,410,176,,47.5452,2.18023,Nuit sans éclairage public,Hors agglomération,Hors intersection,Brouillard / fumée,Autre collision,,,,,,,,,,,3,1,1,5.0,6.0
201000015118,0010-11-01 10:30:00,10,11,1,10,30,410,256,,47.3323,2.05704,Plein jour,Hors agglomération,Hors intersection,Normale,Sans collision,,,,,,,,,,,1,1,1,1.0,7.0
201000015119,0010-01-08 15:00:00,10,1,8,15,0,410,68,CHEMIN VICINAL N°2,,,Plein jour,En agglomération,Hors intersection,Neige / grêle,Autre collision,,,,,,,,,,,1,2,1,4.0,6.0
201000015120,0010-01-13 09:00:00,10,1,13,9,0,410,242,,47.288,1.59468,Plein jour,Hors agglomération,Hors intersection,Normale,Deux véhicules - frontale,,,,,,,,,,,1,1,1,1.0,1.0
201000015121,0010-01-28 07:30:00,10,1,28,7,30,410,97,,47.283,1.71255,Crépuscule ou aube,Hors agglomération,Hors intersection,Temps couvert,Sans collision,,,,,,,,,,,2,1,1,8.0,7.0
201000015122,0010-01-28 20:30:00,10,1,28,20,30,410,157,,47.3936,1.64949,Nuit sans éclairage public,Hors agglomération,Hors intersection,Pluie légère,Autre collision,,,,,,,,,,,3,1,1,2.0,6.0
201000015123,0010-03-06 16:15:00,10,3,6,16,15,410,157,,47.4153,1.56203,Plein jour,Hors agglomération,Hors intersection,Normale,Autre collision,,,,,,,,,,,1,1,1,1.0,6.0
201000015124,0010-03-18 16:45:00,10,3,18,16,45,410,280,,47.3217,1.76071,Plein jour,Hors agglomération,Hors intersection,Normale,Deux véhicules - arrière,,,,,,,,,,,1,1,1,1.0,2.0
201000015125,0010-03-20 13:45:00,10,3,20,13,45,410,140,,47.4248,1.75677,Plein jour,Hors agglomération,Hors intersection,Normale,Deux véhicules - côté,,,,,,,,,,,1,1,1,1.0,3.0
201000015126,0010-06-08 17:45:00,10,6,8,17,45,410,157,,47.4305,1.56595,Plein jour,Hors agglomération,Hors intersection,Normale,Deux véhicules - frontale,,,,,,,,,,,1,1,1,1.0,1.0
201000015127,0010-08-09 12:45:00,10,8,9,12,45,410,97,,47.2966,1.6392,Plein jour,Hors agglomération,Hors intersection,Normale,Deux véhicules - frontale,,,,,,,,,,,1,1,1,1.0,1.0
201000015128,0010-09-01 21:30:00,10,9,1,21,30,410,247,,47.3923,1.52615,Nuit sans éclairage public,Hors agglomération,Hors intersection,Normale,Deux véhicules - côté,,,,,,,,,,,3,1,1,1.0,3.0
201000015129,0010-10-06 16:15:00,10,10,6,16,15,410,271,,47.4644,1.69738,Plein jour,Hors agglomération,Hors intersection,Normale,Autre collision,,,,,,,,,,,1,1,1,1.0,6.0
201000015130,0010-10-09 07:45:00,10,10,9,7,45,410,97,,47.2926,1.62194,Crépuscule ou aube,Hors agglomération,Hors intersection,Normale,Trois véhicules et plus - collisions multiples,,,,,,,,,,,2,1,1,1.0,5.0
201000015131,0010-12-10 06:00:00,10,12,10,6,0,410,185,,47.3366,1.70729,Crépuscule ou aube,Hors agglomération,Hors intersection,Normale,Deux véhicules - frontale,,,,,,,,,,,2,1,1,1.0,1.0
201000015132,0010-12-16 01:00:00,10,12,16,1,0,410,247,,47.4369,1.55539,Nuit sans éclairage public,Hors agglomération,Hors intersection,Normale,Autre collision,,,,,,,,,,,3,1,1,1.0,6.0
201000015133,0010-01-13 19:00:00,10,1,13,19,0,410,120,,47.7877,0.91757,Nuit sans éclairage public,Hors agglomération,Hors intersection,Normale,Deux véhicules - frontale,,,,,,,,,,,3,1,1,1.0,1.0
201000015134,0010-01-30 14:15:00,10,1,30,14,15,410,70,,47.7501,0.67563,Plein jour,Hors agglomération,Hors intersection,Normale,Autre collision,,,,,,,,,,,1,1,1,1.0,6.0
201000015135,0010-02-17 05:15:00,10,2,17,5,15,410,238,,47.8495,0.78103,Nuit sans éclairage public,Hors agglomération,Hors intersection,Temps couvert,Autre collision,,,,,,,,,,,3,1,1,8.0,6.0
201000015136,0010-02-24 16:45:00,10,2,24,16,45,410,287,,47.7572,1.04809,Plein jour,Hors agglomération,Intersection en X,Pluie légère,Deux véhicules - arrière,,,,,,,,,,,1,1,2,2.0,2.0
201000015137,0010-03-13 14:45:00,10,3,13,14,45,410,70,PLACE DE L'EGLISE,47.7539,0.68656,Plein jour,En agglomération,Hors intersection,Normale,Autre collision,,,,,,,,,,,1,2,1,1.0,6.0
201000015138,0010-04-02 08:00:00,10,4,2,8,0,410,103,,,,Plein jour,Hors agglomération,Hors intersection,Normale,Deux véhicules - arrière,,,,,,,,,,,1,1,1,1.0,2.0
201000015139,0010-04-20 18:30:00,10,4,20,18,30,410,265,,47.776,0.76825,Plein jour,Hors agglomération,Hors intersection,Temps éblouissant,Deux véhicules - arrière,,,,,,,,,,,1,1,1,7.0,2.0
201000015140,0010-05-21 15:00:00,10,5,21,15,0,410,87,,47.7719,0.85583,Plein jour,Hors agglomération,Hors intersection,Temps éblouissant,Autre collision,,,,,,,,,,,1,1,1,7.0,6.0
201000015141,0010-06-13 08:15:00,10,6,13,8,15,410,287,,47.7746,1.0616,Plein jour,Hors agglomération,Hors intersection,Normale,Deux véhicules - frontale,,,,,,,,,,,1,1,1,1.0,1.0
201000015142,0010-06-22 08:15:00,10,6,22,8,15,410,228,,47.7662,0.9261,Plein jour,Hors agglomération,Hors intersection,Temps éblouissant,Autre collision,,,,,,,,,,,1,1,1,7.0,6.0
201000015143,0010-07-06 19:45:00,10,7,6,19,45,410,131,,47.818,0.94113,Plein jour,Hors agglomération,Hors intersection,Normale,Sans collision,,,,,,,,,,,1,1,1,1.0,7.0
201000015144,0010-07-13 22:00:00,10,7,13,22,0,410,294,AVENUE DES RONDAISES,47.8051,0.99333,Plein jour,En agglomération,Intersection en X,Normale,Deux véhicules - côté,,,,,,,,,,,1,2,2,1.0,3.0
201000015145,0010-07-29 21:00:00,10,7,29,21,0,410,238,,47.889,0.795,Crépuscule ou aube,Hors agglomération,Hors intersection,Normale,Deux véhicules - frontale,,,,,,,,,,,2,1,1,1.0,1.0
201000015146,0010-09-06 18:00:00,10,9,6,18,0,410,153,,47.7012,0.70461,Plein jour,Hors agglomération,Hors intersection,Normale,Autre collision,,,,,,,,,,,1,1,1,1.0,6.0
201000015147,0010-09-18 18:00:00,10,9,18,18,0,410,120,,47.7981,0.90161,Plein jour,Hors agglomération,Hors intersection,Normale,Autre collision,,,,,,,,,,,1,1,1,1.0,6.0
201000015148,0010-09-30 22:45:00,10,9,30,22,45,410,120,,47.803,0.95065,Nuit sans éclairage public,Hors agglomération,Hors intersection,Normale,Autre collision,,,,,,,,,,,3,1,1,1.0,6.0
201000015149,0010-10-07 21:00:00,10,10,7,21,0,410,238,CD31 - RUE DES PATIS,47.8762,0.80877,Nuit avec éclairage allumé,En agglomération,Hors intersection,Normale,Deux véhicules - côté,,,,,,,,,,,5,2,1,1.0,3.0
201000015150,0010-10-09 20:45:00,10,10,9,20,45,410,199,,47.6724,0.97314,Nuit sans éclairage public,Hors agglomération,Hors intersection,Normale,Trois véhicules et plus - en chaîne,,,,,,,,,,,3,1,1,1.0,4.0
201000015151,0010-10-18 17:45:00,10,10,18,17,45,410,7,,47.6246,0.90846,Plein jour,Hors agglomération,Hors intersection,Normale,Deux véhicules - frontale,,,,,,,,,,,1,1,1,1.0,1.0
201000015152,0010-11-15 10:15:00,10,11,15,10,15,410,294,RD5 / RUE DU LAVOIR,47.8056,0.99237,Plein jour,En agglomération,Hors intersection,Normale,Deux véhicules - côté,,,,,,,,,,,1,2,1,1.0,3.0
201000015153,0010-11-26 19:00:00,10,11,26,19,0,410,149,14 BOULEVARD MERMOZ,47.759,0.86201,Nuit avec éclairage allumé,En agglomération,Hors intersection,Pluie légère,Deux véhicules - côté,,,,,,,,,,,5,2,1,2.0,3.0
201000015154,0010-01-09 14:45:00,10,1,9,14,45,410,275,,47.8922,1.08205,Plein jour,Hors agglomération,Hors intersection,Pluie légère,Deux véhicules - côté,,,,,,,,,,,1,1,1,2.0,3.0
201000015155,0010-01-11 20:15:00,10,1,11,20,15,410,214,,,,Nuit sans éclairage public,Hors agglomération,Hors intersection,Temps couvert,Deux véhicules - frontale,,,,,,,,,,,3,1,1,8.0,1.0
201000015156,0010-01-18 10:15:00,10,1,18,10,15,410,95,,47.8923,1.22584,Plein jour,Hors agglomération,Hors intersection,Normale,Deux véhicules - côté,,,,,,,,,,,1,1,1,1.0,3.0
201000015157,0010-03-12 16:00:00,10,3,12,16,0,410,154,3 RUE DU PONT,47.9023,1.23486,Plein jour,En agglomération,Hors intersection,Normale,Autre collision,,,,,,,,,,,1,2,1,1.0,6.0
201000015158,0010-04-10 18:45:00,10,4,10,18,45,410,12,LA MIÉTISE,,,Plein jour,Hors agglomération,Autre intersection,Normale,Deux véhicules - frontale,,,,,,,,,,,1,1,9,1.0,1.0
201000015159,0010-05-07 11:00:00,10,5,7,11,0,410,154,,,,Plein jour,Hors agglomération,Hors intersection,Normale,Deux véhicules - frontale,,,,,,,,,,,1,1,1,1.0,1.0
201000015160,0010-09-11 14:15:00,10,9,11,14,15,410,254,,47.9419,0.93274,Plein jour,Hors agglomération,Hors intersection,Normale,Deux véhicules - côté,,,,,,,,,,,1,1,1,1.0,3.0
201000015161,0010-09-25 20:15:00,10,9,25,20,15,410,28,,,,Nuit sans éclairage public,Hors agglomération,Hors intersection,Normale,Autre collision,,,,,,,,,,,3,1,1,1.0,6.0
201000015162,0010-01-07 11:45:00,10,1,7,11,45,330,203,AVENUE DU LAC,,,Plein jour,En agglomération,Hors intersection,Autre,Autre collision,,,,,,,,,,,1,2,1,9.0,6.0
201000015163,0010-01-08 17:15:00,10,1,8,17,15,330,333,,,,Plein jour,Hors agglomération,Hors intersection,Normale,Trois véhicules et plus - collisions multiples,,,,,,,,,,,1,1,1,1.0,5.0
201000015164,0010-04-11 03:15:00,10,4,11,3,15,330,901,Boulevard de la plage,,,Nuit avec éclairage allumé,En agglomération,Hors intersection,Normale,Autre collision,,,,,,,,,,,5,2,1,1.0,6.0
201000015165,0010-04-18 18:45:00,10,4,18,18,45,330,97,route de Bordeaux,,,Plein jour,En agglomération,Hors intersection,Normale,Deux véhicules - côté,,,,,,,,,,,1,2,1,1.0,3.0
201000015166,0010-05-02 18:15:00,10,5,2,18,15,330,70,,,,Plein jour,Hors agglomération,Hors intersection,Normale,Deux véhicules - frontale,,,,,,,,,,,1,1,1,1.0,1.0
201000015167,0010-05-07 19:00:00,10,5,7,19,0,330,214,LE BASTA,,,Plein jour,En agglomération,Hors intersection,Normale,Deux véhicules - frontale,,,,,,,,,,,1,2,1,1.0,1.0
201000015168,0010-05-20 20:00:00,10,5,20,20,0,330,214,Le Moutchic,45.006,-1.136,Crépuscule ou aube,En agglomération,Hors intersection,Normale,Deux véhicules - côté,,,,,,,,,,,2,2,1,1.0,3.0
201000015169,0010-07-07 21:00:00,10,7,7,21,0,330,97,,45.073,-0.997,Plein jour,Hors agglomération,Hors intersection,Normale,Sans collision,,,,,,,,,,,1,1,1,1.0,7.0
201000015170,0010-07-18 20:30:00,10,7,18,20,30,330,70,19 Route de Castelnau,45.045,-0.931,Plein jour,En agglomération,Autre intersection,Normale,Deux véhicules - arrière,,,,,,,,,,,1,2,9,1.0,2.0
201000015171,0010-02-18 10:15:00,10,2,18,10,15,290,233,,47.85819,-3.54484,Plein jour,Hors agglomération,Hors intersection,Neige / grêle,Sans collision,,,,,,,,,,,1,1,1,4.0,7.0
201000015172,0010-08-03 22:30:00,10,8,3,22,30,290,136,,47.92172,-3.5026,Nuit sans éclairage public,Hors agglomération,Hors intersection,Pluie légère,Deux véhicules - arrière,,,,,,,,,,,3,1,1,2.0,2.0
201000015173,0010-08-09 13:00:00,10,8,9,13,0,290,230,,47.92836,-3.54907,Plein jour,Hors agglomération,Hors intersection,Normale,Autre collision,,,,,,,,,,,1,1,1,1.0,6.0
201000015174,0010-08-11 20:00:00,10,8,11,20,0,290,233,Rue d'arzano,47.86813,-3.53739,Plein jour,En agglomération,Hors intersection,Normale,Deux véhicules - côté,,,,,,,,,,,1,2,1,1.0,3.0
201000015175,0010-11-11 05:00:00,10,11,11,5,0,290,147,,47.90381,-3.5772,Nuit avec éclairage allumé,Hors agglomération,Hors intersection,Pluie forte,Deux véhicules - arrière,,,,,,,,,,,5,1,1,3.0,2.0
201000015176,0010-11-12 14:45:00,10,11,12,14,45,290,234,,47.84089,-3.50603,Plein jour,Hors agglomération,Hors intersection,Pluie forte,Trois véhicules et plus - collisions multiples,,,,,,,,,,,1,1,1,3.0,5.0
201000015177,0010-12-30 09:15:00,10,12,30,9,15,290,5,,47.85367,-3.61359,Plein jour,Hors agglomération,Hors intersection,Normale,Sans collision,,,,,,,,,,,1,1,1,1.0,7.0
201000015178,0010-01-13 09:30:00,10,1,13,9,30,290,293,,47.83835,-3.84492,Plein jour,Hors agglomération,Hors intersection,Autre,Sans collision,,,,,,,,,,,1,1,1,9.0,7.0
201000015179,0010-06-21 18:00:00,10,6,21,18,0,290,31,,47.80537,-3.57988,Plein jour,Hors agglomération,Intersection en Y,Normale,Deux véhicules - côté,,,,,,,,,,,1,1,4,1.0,3.0
201000015180,0010-06-22 17:45:00,10,6,22,17,45,290,217,,47.85544,-3.78872,Plein jour,Hors agglomération,Hors intersection,Normale,Deux véhicules - frontale,,,,,,,,,,,1,1,1,1.0,1.0
201000015181,0010-07-14 13:45:00,10,7,14,13,45,290,31,rue de moelan,47.7982,-3.58883,Plein jour,En agglomération,Hors intersection,Normale,Deux véhicules - frontale,,,,,,,,,,,1,2,1,1.0,1.0
201000015182,0010-07-24 06:45:00,10,7,24,6,45,290,31,,47.77638,-3.57744,Crépuscule ou aube,Hors agglomération,Hors intersection,Normale,Autre collision,,,,,,,,,,,2,1,1,1.0,6.0
201000015183,0010-08-05 15:45:00,10,8,5,15,45,290,236,rue de la gare,47.84472,-3.6902,Plein jour,En agglomération,Hors intersection,Normale,Deux véhicules - côté,,,,,,,,,,,1,2,1,1.0,3.0
201000015184,0010-08-12 16:00:00,10,8,12,16,0,290,150,rue de pont ar ler,47.81357,-3.62961,Plein jour,En agglomération,Intersection en X,Normale,Autre collision,,,,,,,,,,,1,2,2,1.0,6.0
201000015185,0010-09-24 11:15:00,10,9,24,11,15,290,217,,47.86701,-3.76516,Plein jour,Hors agglomération,Hors intersection,Normale,Deux véhicules - frontale,,,,,,,,,,,1,1,1,1.0,1.0
201000015186,0010-12-16 10:45:00,10,12,16,10,45,290,236,,47.86443,-3.70244,Plein jour,Hors agglomération,Hors intersection,Normale,Deux véhicules - frontale,,,,,,,,,,,1,1,1,1.0,1.0
201000015187,0010-02-20 11:00:00,10,2,20,11,0,290,281,,48.02415,-3.80888,Plein jour,Hors agglomération,Hors intersection,Normale,Deux véhicules - frontale,,,,,,,,,,,1,1,1,1.0,1.0
201000015188,0010-05-20 12:45:00,10,5,20,12,45,290,269,,47.93414,-3.61483,Plein jour,Hors agglomération,Hors intersection,Normale,Deux véhicules - frontale,,,,,,,,,,,1,1,1,1.0,1.0
201000015189,0010-07-04 21:15:00,10,7,4,21,15,290,49,,47.98775,-3.96135,Plein jour,Hors agglomération,Hors intersection,Temps couvert,Trois véhicules et plus - en chaîne,,,,,,,,,,,1,1,1,8.0,4.0
201000015190,0010-07-05 18:45:00,10,7,5,18,45,290,4,,47.88379,-3.54945,Plein jour,Hors agglomération,Hors intersection,Normale,Trois véhicules et plus - collisions multiples,,,,,,,,,,,1,1,1,1.0,5.0
201000015191,0010-09-09 18:00:00,10,9,9,18,0,290,274,rue de Kernabat,48.02916,-3.70739,Plein jour,En agglomération,Hors intersection,Normale,Deux véhicules - côté,,,,,,,,,,,1,2,1,1.0,3.0
201000015192,0010-09-15 19:30:00,10,9,15,19,30,290,300,,47.89405,-3.67503,Plein jour,Hors agglomération,Intersection en T,Normale,Deux véhicules - côté,,,,,,,,,,,1,1,3,1.0,3.0
201000015193,0010-10-28 11:30:00,10,10,28,11,30,290,300,,47.91693,-3.61214,Plein jour,Hors agglomération,Hors intersection,Normale,Deux véhicules - arrière,,,,,,,,,,,1,1,1,1.0,2.0
201000015194,0010-10-31 09:00:00,10,10,31,9,0,290,241,Rond point Jérôme Jeanne,47.96433,-3.8401,Plein jour,En agglomération,Giratoire,Temps couvert,Deux véhicules - arrière,,,,,,,,,,,1,2,6,8.0,2.0
201000015195,0010-11-14 20:00:00,10,11,14,20,0,290,281,,48.05485,-3.81161,Nuit avec éclairage non allumé,Hors agglomération,Hors intersection,Pluie légère,Autre collision,,,,,,,,,,,4,1,1,2.0,6.0
201000015196,0010-11-19 16:30:00,10,11,19,16,30,290,274,,48.03242,-3.68248,Plein jour,Hors agglomération,Hors intersection,Pluie légère,Deux véhicules - frontale,,,,,,,,,,,1,1,1,2.0,1.0
201000015197,0010-11-22 07:45:00,10,11,22,7,45,290,274,,48.03241,-3.72521,Crépuscule ou aube,Hors agglomération,Intersection en X,Temps couvert,Deux véhicules - côté,,,,,,,,,,,2,1,2,8.0,3.0
201000015198,0010-11-26 08:15:00,10,11,26,8,15,290,274,,48.01203,-3.753,Crépuscule ou aube,Hors agglomération,Hors intersection,Neige / grêle,Trois véhicules et plus - collisions multiples,,,,,,,,,,,2,1,1,4.0,5.0
201000015199,0010-12-11 19:15:00,10,12,11,19,15,290,92,,47.96042,-3.77628,Nuit sans éclairage public,Hors agglomération,Hors intersection,Autre,Sans collision,,,,,,,,,,,3,1,1,9.0,7.0
201000015200,0010-12-11 23:45:00,10,12,11,23,45,290,272,,47.96498,-3.97165,Nuit sans éclairage public,Hors agglomération,Hors intersection,Normale,Autre collision,,,,,,,,,,,3,1,1,1.0,6.0
201000015201,0010-12-16 12:00:00,10,12,16,12,0,290,281,,48.03778,-3.8243,Plein jour,Hors agglomération,Hors intersection,Temps couvert,Deux véhicules - frontale,,,,,,,,,,,1,1,1,8.0,1.0
201000015202,0010-12-18 18:30:00,10,12,18,18,30,290,272,,47.96813,-3.91004,Nuit sans éclairage public,Hors agglomération,Hors intersection,Autre,Deux véhicules - frontale,,,,,,,,,,,3,1,1,9.0,1.0
201000015203,0010-12-19 23:30:00,10,12,19,23,30,290,4,,47.96185,-3.75542,Nuit sans éclairage public,Hors agglomération,Hors intersection,Pluie légère,Autre collision,,,,,,,,,,,3,1,1,2.0,6.0
201000015204,0010-02-15 19:15:00,10,2,15,19,15,130,104,,,,Nuit avec éclairage non allumé,Hors agglomération,Hors intersection,Normale,Deux véhicules - côté,,,,,,,,,,,4,1,1,1.0,3.0
201000015205,0010-03-25 23:00:00,10,3,25,23,0,130,33,,,,Nuit sans éclairage public,Hors agglomération,Hors intersection,Normale,Sans collision,,,,,,,,,,,3,1,1,1.0,7.0
201000015206,0010-04-10 17:00:00,10,4,10,17,0,130,21,,,,Plein jour,En agglomération,Hors intersection,Normale,Deux véhicules - arrière,,,,,,,,,,,1,2,1,1.0,2.0
201000015207,0010-04-17 19:00:00,10,4,17,19,0,130,88,,43.3792,5.22405,Plein jour,Hors agglomération,Hors intersection,Normale,Deux véhicules - arrière,,,,,,,,,,,1,1,1,1.0,2.0
201000015208,0010-05-21 09:00:00,10,5,21,9,0,130,104,,,,Plein jour,Hors agglomération,Hors intersection,Normale,Deux véhicules - côté,,,,,,,,,,,1,1,1,1.0,3.0
201000015209,0010-05-26 10:00:00,10,5,26,10,0,130,104,,43.3436,5.09172,Plein jour,Hors agglomération,Hors intersection,Normale,Deux véhicules - frontale,,,,,,,,,,,1,1,1,1.0,1.0
201000015210,0010-06-09 23:00:00,10,6,9,23,0,130,88,,43.3718,5.23061,Nuit sans éclairage public,Hors agglomération,Autre intersection,Normale,Autre collision,,,,,,,,,,,3,1,9,1.0,6.0
201000015211,0010-08-17 19:00:00,10,8,17,19,0,130,104,LE BOULODROME,,,Plein jour,En agglomération,Hors intersection,Normale,Autre collision,,,,,,,,,,,1,2,1,1.0,6.0
201000015212,0010-08-29 07:00:00,10,8,29,7,0,130,104,AVENUE PIERRE MATRAJA,,,Plein jour,En agglomération,Hors intersection,Normale,Deux véhicules - frontale,,,,,,,,,,,1,2,1,1.0,1.0