accident_id,datetime,annee,mois,jour,heure,minute,departement,commune_insee,adresse,latitude,longitude,luminosite,agglomeration,intersection,meteo,collision,nb_vehicules,nb_usagers,nb_indemnes,nb_tues,nb_blesses_hosp,nb_blesses_legers,age_cond_1,age_cond_2,veh_type_cond_1,veh_type_cond_2,lum_code,agg_code,int_code,atm_code,col_code
201000015213,0010-10-31 15:00:00,10,10,31,15,0,130,104,,,,Plein jour,Hors agglomération,Hors intersection,Pluie forte,Autre collision,,,,,,,,,,,1,1,1,3.0,6.0
201000015214,0010-11-01 03:30:00,10,11,1,3,30,130,104,AVE MATRAJA,,,Nuit avec éclairage allumé,En agglomération,Hors intersection,Normale,Sans collision,,,,,,,,,,,5,2,1,1.0,7.0
201000015215,0010-09-04 13:15:00,10,9,4,13,15,950,352,AV MARECHAL JOFFRE,49.1159,2.4227,Plein jour,En agglomération,Intersection en Y,Temps éblouissant,Deux véhicules - côté,,,,,,,,,,,1,2,4,7.0,3.0
201000015216,0010-12-10 23:15:00,10,12,10,23,15,950,149,R DE PARIS,49.1296,2.4323,Nuit sans éclairage public,Hors agglomération,Hors intersection,Pluie légère,Deux véhicules - frontale,,,,,,,,,,,3,1,1,2.0,1.0
201000015217,0010-02-16 20:30:00,10,2,16,20,30,950,652,7 rue de Boran,49.1318,2.3699,Nuit avec éclairage allumé,En agglomération,Hors intersection,Normale,Autre collision,,,,,,,,,,,5,2,1,1.0,6.0
201000015218,0010-05-05 09:15:00,10,5,5,9,15,950,456,,49.1384,2.3368,Plein jour,Hors agglomération,Intersection en T,Normale,Deux véhicules - frontale,,,,,,,,,,,1,1,3,1.0,1.0
201000015219,0010-05-11 17:00:00,10,5,11,17,0,950,116,RD924,49.1594,2.3181,Plein jour,Hors agglomération,Hors intersection,Pluie légère,Trois véhicules et plus - collisions multiples,,,,,,,,,,,1,1,1,2.0,5.0
201000015220,0010-06-13 18:30:00,10,6,13,18,30,950,116,Avenue Herctor Berlioz,49.1591,2.3291,Plein jour,En agglomération,Hors intersection,Normale,Sans collision,,,,,,,,,,,1,2,1,1.0,7.0
201000015221,0010-07-27 18:00:00,10,7,27,18,0,950,652,RD922z,49.1352,2.3832,Plein jour,Hors agglomération,Intersection en T,Normale,Deux véhicules - arrière,,,,,,,,,,,1,1,3,1.0,2.0
201000015222,0010-07-29 19:30:00,10,7,29,19,30,950,116,RD 924,49.1609,2.3322,Plein jour,Hors agglomération,Hors intersection,Normale,Deux véhicules - frontale,,,,,,,,,,,1,1,1,1.0,1.0
201000015223,0010-09-09 17:00:00,10,9,9,17,0,950,652,Rue de PARIS,49.1284,2.3705,Plein jour,En agglomération,Hors intersection,Normale,Autre collision,,,,,,,,,,,1,2,1,1.0,6.0
201000015224,0010-01-22 13:30:00,10,1,22,13,30,440,20,,,,Plein jour,Hors agglomération,Hors intersection,Normale,Deux véhicules - frontale,,,,,,,,,,,1,1,1,1.0,1.0
201000015225,0010-04-30 16:15:00,10,4,30,16,15,440,20,DVT N° 7 COMMUNE PARIS,,,Plein jour,En agglomération,Hors intersection,Normale,Deux véhicules - côté,,,,,,,,,,,1,2,1,1.0,3.0
201000015226,0010-11-08 07:30:00,10,11,8,7,30,440,20,rue de beausoleil,,,Crépuscule ou aube,En agglomération,Hors intersection,Pluie forte,Deux véhicules - frontale,,,,,,,,,,,2,2,1,3.0,1.0
201000015227,0010-12-31 14:00:00,10,12,31,14,0,440,20,,,,Plein jour,Hors agglomération,Hors intersection,Normale,Trois véhicules et plus - en chaîne,,,,,,,,,,,1,1,1,1.0,4.0
201000015228,0010-02-01 15:00:00,10,2,1,15,0,330,199,,,,Plein jour,En agglomération,Hors intersection,Normale,Autre collision,,,,,,,,,,,1,2,1,1.0,6.0
201000015229,0010-04-19 12:15:00,10,4,19,12,15,330,199,Av. Mal de Lattre de Tas,,,Plein jour,En agglomération,Hors intersection,Normale,Deux véhicules - côté,,,,,,,,,,,1,2,1,1.0,3.0
201000015230,0010-04-24 13:45:00,10,4,24,13,45,330,199,,44.539,-1.082,Plein jour,Hors agglomération,Hors intersection,Normale,Deux véhicules - frontale,,,,,,,,,,,1,1,1,1.0,1.0
201000015231,0010-07-19 08:15:00,10,7,19,8,15,330,199,route des lacs,44.64,-1.115,Plein jour,En agglomération,Hors intersection,Normale,Deux véhicules - frontale,,,,,,,,,,,1,2,1,1.0,1.0
201000015232,0010-07-20 00:15:00,10,7,20,0,15,330,199,rte lac de la magdeleine,44.621,-1.096,Nuit avec éclairage allumé,En agglomération,Hors intersection,Normale,Autre collision,,,,,,,,,,,5,2,1,1.0,6.0
201000015233,0010-07-31 20:15:00,10,7,31,20,15,330,527,Av. de la Côte d'Argent,,,Plein jour,En agglomération,Hors intersection,Normale,Autre collision,,,,,,,,,,,1,2,1,1.0,6.0
201000015234,0010-08-07 07:30:00,10,8,7,7,30,330,199,,44.63,-1.00499,Plein jour,Hors agglomération,Hors intersection,Normale,Deux véhicules - frontale,,,,,,,,,,,1,1,1,1.0,1.0
201000015235,0010-09-03 12:00:00,10,9,3,12,0,330,199,Allée de Bordeaux,44.627,-1.07,Plein jour,En agglomération,Hors intersection,Normale,Autre collision,,,,,,,,,,,1,2,1,1.0,6.0
201000015236,0010-09-25 15:00:00,10,9,25,15,0,330,527,60C Ave de la Coe d'Arge,,,Plein jour,En agglomération,Hors intersection,Normale,Deux véhicules - côté,,,,,,,,,,,1,2,1,1.0,3.0
201000015237,0010-11-13 23:00:00,10,11,13,23,0,330,199,Gare ferroviaire de GUJA,44.644,-1.116,Nuit avec éclairage allumé,En agglomération,Hors intersection,Normale,Sans collision,,,,,,,,,,,5,2,1,1.0,7.0
201000015238,0010-05-08 18:30:00,10,5,8,18,30,870,174,,45.7351,1.47388,Plein jour,Hors agglomération,Hors intersection,Normale,Autre collision,,,,,,,,,,,1,1,1,1.0,6.0
201000015239,0010-06-02 08:45:00,10,6,2,8,45,870,72,,45.6614,1.44685,Plein jour,Hors agglomération,Hors intersection,Normale,Autre collision,,,,,,,,,,,1,1,1,1.0,6.0
201000015240,0010-06-05 10:00:00,10,6,5,10,0,870,148,,45.7127,1.36528,Plein jour,Hors agglomération,Hors intersection,Normale,Deux véhicules - arrière,,,,,,,,,,,1,1,1,1.0,2.0
201000015241,0010-10-08 17:00:00,10,10,8,17,0,870,205,,45.7611,1.29421,Plein jour,Hors agglomération,Hors intersection,Normale,Sans collision,,,,,,,,,,,1,1,1,1.0,7.0
201000015242,0010-10-15 17:45:00,10,10,15,17,45,870,72,,45.6631,1.44671,Plein jour,Hors agglomération,Hors intersection,Normale,Autre collision,,,,,,,,,,,1,1,1,1.0,6.0
201000015243,0010-01-01 16:00:00,10,1,1,16,0,60,4,BORD DE MER RN.98 LA SIE,,,Plein jour,Hors agglomération,Hors intersection,Normale,Autre collision,,,,,,,,,,,1,1,1,1.0,6.0
201000015244,0010-01-03 19:45:00,10,1,3,19,45,60,4,VALLAURIS CH.DE,,,Nuit avec éclairage allumé,En agglomération,Intersection en X,Temps couvert,Deux véhicules - frontale,,,,,,,,,,,5,2,2,8.0,1.0
201000015245,0010-01-20 14:00:00,10,1,20,14,0,60,4,"1495, SAINT CLAUDE CH.DE",,,Plein jour,En agglomération,Hors intersection,Normale,Autre collision,,,,,,,,,,,1,2,1,1.0,6.0
201000015246,0010-01-21 08:10:00,10,1,21,8,10,60,4,"2160, MICHARD PELISSIER",,,Plein jour,Hors agglomération,Hors intersection,Normale,Deux véhicules - côté,,,,,,,,,,,1,1,1,1.0,3.0
201000015247,0010-01-21 15:30:00,10,1,21,15,30,60,4,VALLAURIS CH.DE,,,Plein jour,En agglomération,Intersection en T,Normale,Deux véhicules - côté,,,,,,,,,,,1,2,3,1.0,3.0
201000015248,0010-01-25 15:00:00,10,1,25,15,0,60,4,"48, COLLE CH.DE LA",,,Plein jour,En agglomération,Hors intersection,Pluie légère,Autre collision,,,,,,,,,,,1,2,1,2.0,6.0
201000015249,0010-01-27 11:45:00,10,1,27,11,45,60,4,GAROUPE BD DE LA,,,Plein jour,En agglomération,Intersection en X,Normale,Deux véhicules - côté,,,,,,,,,,,1,2,2,1.0,3.0
201000015250,0010-01-29 13:55:00,10,1,29,13,55,60,4,"90, WILSON BD",,,Plein jour,En agglomération,Intersection en T,Normale,Deux véhicules - côté,,,,,,,,,,,1,2,3,1.0,3.0
201000015251,0010-01-29 19:30:00,10,1,29,19,30,60,4,THIERS AV.,,,Nuit avec éclairage allumé,En agglomération,Intersection en X,Normale,Deux véhicules - côté,,,,,,,,,,,5,2,2,1.0,3.0
201000015252,0010-01-30 11:40:00,10,1,30,11,40,60,4,RD6007,,,Plein jour,En agglomération,Hors intersection,Normale,Deux véhicules - côté,,,,,,,,,,,1,2,1,1.0,3.0
201000015253,0010-02-02 15:45:00,10,2,2,15,45,60,4,GREC AV.JULES,,,Plein jour,En agglomération,Hors intersection,Normale,Autre collision,,,,,,,,,,,1,2,1,1.0,6.0
201000015254,0010-02-03 20:05:00,10,2,3,20,5,60,4,"464, PETIT FOUR CH.DU",,,Nuit avec éclairage allumé,En agglomération,Hors intersection,Normale,Deux véhicules - côté,,,,,,,,,,,5,2,1,1.0,3.0
201000015255,0010-02-24 12:00:00,10,2,24,12,0,60,4,CHANCEL BD,,,Plein jour,En agglomération,Intersection en Y,Normale,Deux véhicules - côté,,,,,,,,,,,1,2,4,1.0,3.0
201000015256,0010-03-01 17:20:00,10,3,1,17,20,60,4,TROIS MOULINS RUE DES,,,Plein jour,Hors agglomération,Intersection en T,Normale,Trois véhicules et plus - collisions multiples,,,,,,,,,,,1,1,3,1.0,5.0
201000015257,0010-03-03 06:45:00,10,3,3,6,45,60,155,LIBERTE AV.DE LA,,,Nuit avec éclairage allumé,En agglomération,Intersection en T,Normale,Deux véhicules - frontale,,,,,,,,,,,5,2,3,1.0,1.0
201000015258,0010-03-06 11:00:00,10,3,6,11,0,60,4,GRASSE RTE DE,,,Plein jour,En agglomération,Hors intersection,Normale,Autre collision,,,,,,,,,,,1,2,1,1.0,6.0
201000015259,0010-03-13 18:25:00,10,3,13,18,25,60,4,"46, WYLLIE AV.JAMES",,,Crépuscule ou aube,En agglomération,Hors intersection,Normale,Trois véhicules et plus - collisions multiples,,,,,,,,,,,2,2,1,1.0,5.0
201000015260,0010-03-16 11:20:00,10,3,16,11,20,60,4,SUQUETTE CH.DE LA,,,Plein jour,En agglomération,Intersection en T,Normale,Deux véhicules - côté,,,,,,,,,,,1,2,3,1.0,3.0
201000015261,0010-03-18 12:30:00,10,3,18,12,30,60,4,NOVEMBRE 11 AVE,,,Plein jour,En agglomération,Intersection en T,Normale,Deux véhicules - côté,,,,,,,,,,,1,2,3,1.0,3.0
201000015262,0010-03-19 16:10:00,10,3,19,16,10,60,4,", SAINT CLAUDE CH.DE",,,Plein jour,En agglomération,Intersection en T,Normale,Deux véhicules - arrière,,,,,,,,,,,1,2,3,1.0,2.0
201000015263,0010-03-20 15:40:00,10,3,20,15,40,60,4,"89, ROCHAT AV.PHILIPPE",,,Plein jour,En agglomération,Hors intersection,Normale,Autre collision,,,,,,,,,,,1,2,1,1.0,6.0
201000015264,0010-03-23 13:15:00,10,3,23,13,15,60,4,MAIZIERES AV.GENERAL,,,Plein jour,En agglomération,Hors intersection,Normale,Autre collision,,,,,,,,,,,1,2,1,1.0,6.0
201000015265,0010-03-25 12:56:00,10,3,25,12,56,60,4,"2793, SAINT CLAUDE CH.DE",,,Plein jour,En agglomération,Hors intersection,Normale,Autre collision,,,,,,,,,,,1,2,1,1.0,6.0
201000015266,0010-03-25 16:20:00,10,3,25,16,20,60,4,BAUDOIN BD EDOUARD,,,Plein jour,En agglomération,Hors intersection,Normale,Deux véhicules - arrière,,,,,,,,,,,1,2,1,1.0,2.0
201000015267,0010-04-01 09:45:00,10,4,1,9,45,60,4,TROIS MOULINS RUE DES,,,Plein jour,En agglomération,Hors intersection,Normale,Trois véhicules et plus - collisions multiples,,,,,,,,,,,1,2,1,1.0,5.0
201000015268,0010-04-02 09:45:00,10,4,2,9,45,60,4,"9, GUILLAUMONT BD CHARLE",,,Plein jour,En agglomération,Hors intersection,Normale,Autre collision,,,,,,,,,,,1,2,1,1.0,6.0
201000015269,0010-04-03 04:57:00,10,4,3,4,57,60,4,NICE(RN.7) AV.ET RTE DE,,,Nuit avec éclairage allumé,En agglomération,Intersection en Y,Normale,Deux véhicules - côté,,,,,,,,,,,5,2,4,1.0,3.0
201000015270,0010-04-11 10:40:00,10,4,11,10,40,60,4,ALGER RUE D',,,Plein jour,En agglomération,Intersection en X,Normale,Deux véhicules - côté,,,,,,,,,,,1,2,2,1.0,3.0
201000015271,0010-04-13 15:50:00,10,4,13,15,50,60,4,THIERS AV.,,,Plein jour,En agglomération,Intersection en X,Normale,Autre collision,,,,,,,,,,,1,2,2,1.0,6.0
201000015272,0010-04-15 16:10:00,10,4,15,16,10,60,4,"1160, COMBES CH.DES",,,Plein jour,En agglomération,Hors intersection,Normale,Autre collision,,,,,,,,,,,1,2,1,1.0,6.0
201000015273,0010-04-19 18:51:00,10,4,19,18,51,60,4,CANNES(RN.7) AV.DE,,,Plein jour,En agglomération,Intersection en T,Normale,Deux véhicules - côté,,,,,,,,,,,1,2,3,1.0,3.0
201000015274,0010-04-22 16:30:00,10,4,22,16,30,60,155,CANNES AV.DE,,,Plein jour,En agglomération,Hors intersection,Normale,Deux véhicules - côté,,,,,,,,,,,1,2,1,1.0,3.0
201000015275,0010-04-24 22:40:00,10,4,24,22,40,60,4,"15, AUBERNON RUE ET IMP.",,,Nuit avec éclairage allumé,En agglomération,Hors intersection,Normale,Autre collision,,,,,,,,,,,5,2,1,1.0,6.0
201000015276,0010-04-27 20:45:00,10,4,27,20,45,60,155,"1354, RD6007",,,Plein jour,Hors agglomération,Hors intersection,Normale,Deux véhicules - arrière,,,,,,,,,,,1,1,1,1.0,2.0
201000015277,0010-04-28 22:15:00,10,4,28,22,15,60,4,"2074, MICHARD PELISSIER",,,Nuit avec éclairage allumé,En agglomération,Hors intersection,Normale,Deux véhicules - côté,,,,,,,,,,,5,2,1,1.0,3.0
201000015278,0010-04-30 15:00:00,10,4,30,15,0,60,155,"220, LIBERTE AV.DE LA",,,Plein jour,En agglomération,Hors intersection,Normale,Autre collision,,,,,,,,,,,1,2,1,1.0,6.0
201000015279,0010-05-05 09:50:00,10,5,5,9,50,60,4,DE GAULLE AV.ET PL.,,,Plein jour,En agglomération,Place,Pluie légère,Autre collision,,,,,,,,,,,1,2,7,2.0,6.0
201000015280,0010-05-05 12:30:00,10,5,5,12,30,60,4,WILSON BD,,,Plein jour,En agglomération,Intersection en X,Normale,Autre collision,,,,,,,,,,,1,2,2,1.0,6.0
201000015281,0010-05-06 16:35:00,10,5,6,16,35,60,4,ROCHAT AV.PHILIPPE,,,Plein jour,En agglomération,Hors intersection,Normale,Autre collision,,,,,,,,,,,1,2,1,1.0,6.0
201000015282,0010-05-08 16:45:00,10,5,8,16,45,60,4,TROIS MOULINS RUE DES,,,Plein jour,En agglomération,Hors intersection,Pluie légère,Deux véhicules - côté,,,,,,,,,,,1,2,1,2.0,3.0
201000015283,0010-05-13 09:05:00,10,5,13,9,5,60,155,"85, ROUSTAN AV.ET BD DES",,,Plein jour,En agglomération,Hors intersection,Normale,Deux véhicules - côté,,,,,,,,,,,1,2,1,1.0,3.0
201000015284,0010-05-14 10:50:00,10,5,14,10,50,60,4,GRASSE RTE DE,,,Plein jour,En agglomération,Hors intersection,Normale,Deux véhicules - arrière,,,,,,,,,,,1,2,1,1.0,2.0
201000015285,0010-05-15 07:20:00,10,5,15,7,20,60,4,SADI CARNOT RUE,,,Plein jour,En agglomération,Intersection à plus de 4 branches,Normale,Deux véhicules - côté,,,,,,,,,,,1,2,5,1.0,3.0
201000015286,0010-05-18 12:25:00,10,5,18,12,25,60,4,"18, WILSON BD",,,Plein jour,En agglomération,Hors intersection,Normale,Autre collision,,,,,,,,,,,1,2,1,1.0,6.0
201000015287,0010-05-20 18:25:00,10,5,20,18,25,60,4,"3600, MICHARD PELISSIER",,,Plein jour,Hors agglomération,Hors intersection,Normale,Deux véhicules - côté,,,,,,,,,,,1,1,1,1.0,3.0
201000015288,0010-05-22 00:05:00,10,5,22,0,5,60,155,"1326, LIBERTE AV.DE LA",,,Nuit avec éclairage allumé,Hors agglomération,Hors intersection,Normale,Deux véhicules - arrière,,,,,,,,,,,5,1,1,1.0,2.0
201000015289,0010-05-24 17:30:00,10,5,24,17,30,60,4,VAUTRIN BD DU GENERAL,,,Plein jour,En agglomération,Intersection en T,Normale,Autre collision,,,,,,,,,,,1,2,3,1.0,6.0
201000015290,0010-05-25 19:20:00,10,5,25,19,20,60,4,ROCHAT AV.PHILIPPE,,,Plein jour,En agglomération,Intersection en T,Normale,Deux véhicules - côté,,,,,,,,,,,1,2,3,1.0,3.0
201000015291,0010-05-26 08:30:00,10,5,26,8,30,60,155,SAINT BERNARD CH.,,,Plein jour,Hors agglomération,Hors intersection,Normale,Deux véhicules - côté,,,,,,,,,,,1,1,1,1.0,3.0
201000015292,0010-05-28 16:50:00,10,5,28,16,50,60,155,"1047, IMPINIERS TRAV.CH.",,,Plein jour,En agglomération,Hors intersection,Autre,Autre collision,,,,,,,,,,,1,2,1,9.0,6.0
201000015293,0010-05-31 17:05:00,10,5,31,17,5,60,4,RD6098,,,Plein jour,En agglomération,Hors intersection,Normale,Deux véhicules - frontale,,,,,,,,,,,1,2,1,1.0,1.0
201000015294,0010-06-01 18:15:00,10,6,1,18,15,60,155,JASMINS AV.DES,,,Plein jour,En agglomération,Hors intersection,Normale,Deux véhicules - frontale,,,,,,,,,,,1,2,1,1.0,1.0
201000015295,0010-06-02 21:10:00,10,6,2,21,10,60,155,"222, LIBERTE AV.DE LA",,,Crépuscule ou aube,En agglomération,Intersection en T,Normale,Deux véhicules - côté,,,,,,,,,,,2,2,3,1.0,3.0
201000015296,0010-06-16 20:35:00,10,6,16,20,35,60,4,PASTEUR AV.,,,Nuit avec éclairage non allumé,En agglomération,Autre intersection,Normale,Deux véhicules - côté,,,,,,,,,,,4,2,9,1.0,3.0
201000015297,0010-06-18 18:25:00,10,6,18,18,25,60,4,RD6098,,,Plein jour,Hors agglomération,Hors intersection,Normale,Deux véhicules - côté,,,,,,,,,,,1,1,1,1.0,3.0
201000015298,0010-06-19 21:10:00,10,6,19,21,10,60,4,"407, TERRIERS ALLEE- CH.",,,Crépuscule ou aube,En agglomération,Hors intersection,Normale,Deux véhicules - frontale,,,,,,,,,,,2,2,1,1.0,1.0
201000015299,0010-06-21 15:08:00,10,6,21,15,8,60,4,"62, ROCHAT AV.PHILIPPE",,,Plein jour,En agglomération,Hors intersection,Normale,Deux véhicules - arrière,,,,,,,,,,,1,2,1,1.0,2.0
201000015300,0010-06-24 14:05:00,10,6,24,14,5,60,4,"20, SABLES CH.ET ALLEE",,,Plein jour,En agglomération,Hors intersection,Normale,Deux véhicules - côté,,,,,,,,,,,1,2,1,1.0,3.0
201000015301,0010-06-27 10:15:00,10,6,27,10,15,60,155,DEUX VALLONS BD DES,,,Plein jour,En agglomération,Hors intersection,Normale,Autre collision,,,,,,,,,,,1,2,1,1.0,6.0
201000015302,0010-06-28 01:10:00,10,6,28,1,10,60,4,"10b, CANNES(RN.7) AV.DE",,,Nuit avec éclairage allumé,En agglomération,Hors intersection,Normale,Sans collision,,,,,,,,,,,5,2,1,1.0,7.0
201000015303,0010-06-29 15:55:00,10,6,29,15,55,60,4,"44, SOLEAU AV.ROBERT",,,Plein jour,En agglomération,Hors intersection,Normale,Autre collision,,,,,,,,,,,1,2,1,1.0,6.0
201000015304,0010-06-29 19:45:00,10,6,29,19,45,60,4,ONZE NOVEMBRE AV.DU,,,Plein jour,En agglomération,Intersection en T,Normale,Deux véhicules - côté,,,,,,,,,,,1,2,3,1.0,3.0
201000015305,0010-06-30 13:00:00,10,6,30,13,0,60,155,TAPIS VERT AV.DU,,,Plein jour,En agglomération,Hors intersection,Normale,Autre collision,,,,,,,,,,,1,2,1,1.0,6.0
201000015306,0010-07-05 12:40:00,10,7,5,12,40,60,4,"38, WILSON BD",,,Plein jour,En agglomération,Intersection en T,Normale,Deux véhicules - côté,,,,,,,,,,,1,2,3,1.0,3.0
201000015307,0010-07-05 17:30:00,10,7,5,17,30,60,155,PICASSO AV.ET SQUARE PAB,,,Plein jour,En agglomération,Intersection en T,Normale,Trois véhicules et plus - collisions multiples,,,,,,,,,,,1,2,3,1.0,5.0
201000015308,0010-07-05 04:10:00,10,7,5,4,10,60,4,GRASSE RTE DE,,,Nuit avec éclairage allumé,En agglomération,Autre intersection,Normale,Autre collision,,,,,,,,,,,5,2,9,1.0,6.0
201000015309,0010-07-08 23:55:00,10,7,8,23,55,60,4,PAULINE RUE ET JARDIN,,,Nuit avec éclairage allumé,En agglomération,Intersection en T,Normale,Deux véhicules - côté,,,,,,,,,,,5,2,3,1.0,3.0
201000015310,0010-07-11 15:45:00,10,7,11,15,45,60,4,"353, COMBES CH.DES",,,Plein jour,En agglomération,Hors intersection,Normale,Deux véhicules - côté,,,,,,,,,,,1,2,1,1.0,3.0
201000015311,0010-07-11 17:40:00,10,7,11,17,40,60,155,ROUSTAN AV.ET BD DES FRE,,,Plein jour,En agglomération,Hors intersection,Normale,Autre collision,,,,,,,,,,,1,2,1,1.0,6.0
201000015312,0010-07-15 17:00:00,10,7,15,17,0,60,4,"828, QUATRE CHEMINS CH.D",,,Plein jour,En agglomération,Hors intersection,Normale,Deux véhicules - côté,,,,,,,,,,,1,2,1,1.0,3.0
201000015313,0010-07-18 15:50:00,10,7,18,15,50,60,4,R.N.98 BORD DE MER SIEST,,,Plein jour,En agglomération,Hors intersection,Normale,Deux véhicules - côté,,,,,,,,,,,1,2,1,1.0,3.0
201000015314,0010-07-19 09:50:00,10,7,19,9,50,60,4,SAINT CLAUDE CH.DE,,,Plein jour,En agglomération,Hors intersection,Normale,Autre collision,,,,,,,,,,,1,2,1,1.0,6.0
201000015315,0010-07-27 04:45:00,10,7,27,4,45,60,155,RN.7,,,Nuit avec éclairage non allumé,En agglomération,Hors intersection,Normale,Sans collision,,,,,,,,,,,4,2,1,1.0,7.0
201000015316,0010-07-26 11:10:00,10,7,26,11,10,60,155,GRASSE AV.ET ROUTE,,,Plein jour,Hors agglomération,Hors intersection,Normale,Deux véhicules - côté,,,,,,,,,,,1,1,1,1.0,3.0
201000015317,0010-07-31 09:55:00,10,7,31,9,55,60,155,CANNES RTE DE,,,Plein jour,En agglomération,Hors intersection,Normale,Autre collision,,,,,,,,,,,1,2,1,1.0,6.0
201000015318,0010-08-04 13:00:00,10,8,4,13,0,60,4,GRASSE RTE DE,,,Plein jour,En agglomération,Intersection à plus de 4 branches,Normale,Deux véhicules - côté,,,,,,,,,,,1,2,5,1.0,3.0
201000015319,0010-08-10 17:30:00,10,8,10,17,30,60,155,TAPIS VERT AV.DU,,,Plein jour,En agglomération,Hors intersection,Normale,Deux véhicules - côté,,,,,,,,,,,1,2,1,1.0,3.0
201000015320,0010-08-11 14:15:00,10,8,11,14,15,60,4,"63, ROCHAT AV.PHILIPPE",,,Plein jour,En agglomération,Intersection en T,Normale,Deux véhicules - côté,,,,,,,,,,,1,2,3,1.0,3.0
201000015321,0010-08-15 17:40:00,10,8,15,17,40,60,4,"1260, GREC AV.JULES",,,Plein jour,En agglomération,Hors intersection,Normale,Autre collision,,,,,,,,,,,1,2,1,1.0,6.0
201000015322,0010-08-20 17:35:00,10,8,20,17,35,60,4,SARAMARTEL AV.ET PARC,,,Plein jour,En agglomération,Intersection en X,Normale,Deux véhicules - côté,,,,,,,,,,,1,2,2,1.0,3.0
201000015323,0010-08-21 08:21:00,10,8,21,8,21,60,4,"18, PEYREGOUE CH.DE LA",,,Plein jour,En agglomération,Hors intersection,Temps éblouissant,Deux véhicules - frontale,,,,,,,,,,,1,2,1,7.0,1.0
201000015324,0010-08-21 16:50:00,10,8,21,16,50,60,4,"18, LECLERC BD MARECHAL",,,Plein jour,En agglomération,Hors intersection,Normale,Deux véhicules - côté,,,,,,,,,,,1,2,1,1.0,3.0
201000015325,0010-08-22 12:55:00,10,8,22,12,55,60,4,ROCHAT AV.PHILIPPE,,,Plein jour,En agglomération,Intersection en T,Normale,Deux véhicules - côté,,,,,,,,,,,1,2,3,1.0,3.0
201000015326,0010-08-22 18:40:00,10,8,22,18,40,60,4,BAUDOIN BD EDOUARD,,,Plein jour,En agglomération,Intersection en T,Normale,Trois véhicules et plus - en chaîne,,,,,,,,,,,1,2,3,1.0,4.0
201000015327,0010-08-23 20:10:00,10,8,23,20,10,60,4,ESTEREL AV.DE L',,,Crépuscule ou aube,En agglomération,Intersection en X,Normale,Autre collision,,,,,,,,,,,2,2,2,1.0,6.0
201000015328,0010-08-29 02:49:00,10,8,29,2,49,60,155,"59, LIBERTE AV.DE LA",,,Nuit avec éclairage allumé,En agglomération,Intersection en X,Normale,Deux véhicules - côté,,,,,,,,,,,5,2,2,1.0,3.0
201000015329,0010-08-29 16:40:00,10,8,29,16,40,60,4,RD6098,,,Plein jour,Hors agglomération,Hors intersection,Normale,Deux véhicules - côté,,,,,,,,,,,1,1,1,1.0,3.0
201000015330,0010-09-02 10:10:00,10,9,2,10,10,60,4,SAINT CLAUDE CH.DE,,,Plein jour,Hors agglomération,Hors intersection,Normale,Sans collision,,,,,,,,,,,1,1,1,1.0,7.0
201000015331,0010-09-01 17:35:00,10,9,1,17,35,60,4,RAMBAUD QUAI HENRI,,,Plein jour,En agglomération,Hors intersection,Normale,Autre collision,,,,,,,,,,,1,2,1,1.0,6.0
201000015332,0010-09-03 10:45:00,10,9,3,10,45,60,4,GRASSE RTE DE,,,Plein jour,En agglomération,Giratoire,Normale,Deux véhicules - côté,,,,,,,,,,,1,2,6,1.0,3.0
201000015333,0010-09-10 19:00:00,10,9,10,19,0,60,4,RD6098,,,Plein jour,Hors agglomération,Hors intersection,Normale,Deux véhicules - côté,,,,,,,,,,,1,1,1,1.0,3.0
201000015334,0010-09-15 17:35:00,10,9,15,17,35,60,4,"52, POINCARE BD RAYMOND",,,Plein jour,En agglomération,Hors intersection,Normale,Autre collision,,,,,,,,,,,1,2,1,1.0,6.0
201000015335,0010-09-20 10:00:00,10,9,20,10,0,60,155,"22, LIBERTE AV.DE LA",,,Plein jour,En agglomération,Hors intersection,Normale,Autre collision,,,,,,,,,,,1,2,1,1.0,6.0
201000015336,0010-09-23 12:15:00,10,9,23,12,15,60,4,TROIS MOULINS RUE DES,,,Plein jour,Hors agglomération,Hors intersection,Normale,Autre collision,,,,,,,,,,,1,1,1,1.0,6.0
201000015337,0010-09-27 19:30:00,10,9,27,19,30,60,4,"107, BREGUIERES CH.DES M",,,Crépuscule ou aube,En agglomération,Hors intersection,Normale,Deux véhicules - frontale,,,,,,,,,,,2,2,1,1.0,1.0
201000015338,0010-10-13 22:05:00,10,10,13,22,5,60,4,TOURAQUE RUE-IMP.ET JARD,,,Nuit avec éclairage allumé,En agglomération,Hors intersection,Normale,Autre collision,,,,,,,,,,,5,2,1,1.0,6.0
201000015339,0010-10-24 15:11:00,10,10,24,15,11,60,155,"23, ROUSTAN AV.ET BD DES",,,Plein jour,En agglomération,Hors intersection,Normale,Sans collision,,,,,,,,,,,1,2,1,1.0,7.0
201000015340,0010-10-29 12:05:00,10,10,29,12,5,60,4,AUTOROUTE COTE D'AZUR,,,Plein jour,Hors agglomération,Autre intersection,Normale,Deux véhicules - côté,,,,,,,,,,,1,1,9,1.0,3.0
201000015341,0010-10-30 19:00:00,10,10,30,19,0,60,4,GALLICE AV.ET PASSAGE,,,Nuit avec éclairage allumé,En agglomération,Giratoire,Pluie légère,Deux véhicules - côté,,,,,,,,,,,5,2,6,2.0,3.0
201000015342,0010-11-02 09:00:00,10,11,2,9,0,60,155,"232, LIBERTE AV.DE LA",,,Plein jour,En agglomération,Hors intersection,Temps couvert,Deux véhicules - côté,,,,,,,,,,,1,2,1,8.0,3.0