accident_id,datetime,annee,mois,jour,heure,minute,departement,commune_insee,adresse,latitude,longitude,luminosite,agglomeration,intersection,meteo,collision,nb_vehicules,nb_usagers,nb_indemnes,nb_tues,nb_blesses_hosp,nb_blesses_legers,age_cond_1,age_cond_2,veh_type_cond_1,veh_type_cond_2,lum_code,agg_code,int_code,atm_code,col_code
201000016238,0010-01-11 09:00:00,10,1,11,9,0,60,88,"28, CASSIN (BD RENE)",,,Plein jour,En agglomération,Hors intersection,Normale,Autre collision,,,,,,,,,,,1,2,1,1.0,6.0
201000016239,0010-01-12 11:45:00,10,1,12,11,45,60,88,"7, CARABACEL (BD)",,,Plein jour,En agglomération,Hors intersection,Normale,Deux véhicules - côté,,,,,,,,,,,1,2,1,1.0,3.0
201000016240,0010-01-11 18:00:00,10,1,11,18,0,60,88,"0, SLAMA (RUE MAURICE)",,,Nuit avec éclairage allumé,En agglomération,Hors intersection,Normale,Autre collision,,,,,,,,,,,5,2,1,1.0,6.0
201000016241,0010-01-13 07:20:00,10,1,13,7,20,60,88,"0, ANDRIOLI (RUE)",,,Plein jour,En agglomération,Intersection en X,Normale,Deux véhicules - côté,,,,,,,,,,,1,2,2,1.0,3.0
201000016242,0010-01-13 16:30:00,10,1,13,16,30,60,88,"118, FRANCE (R. DE) A PA",,,Crépuscule ou aube,En agglomération,Hors intersection,Normale,Autre collision,,,,,,,,,,,2,2,1,1.0,6.0
201000016243,0010-01-13 17:50:00,10,1,13,17,50,60,88,MACCARANI (R.),,,Nuit avec éclairage allumé,En agglomération,Intersection en X,Pluie légère,Deux véhicules - côté,,,,,,,,,,,5,2,2,2.0,3.0
201000016244,0010-01-13 18:00:00,10,1,13,18,0,60,88,"0, BIDAULT (AV. GEORGES)",,,Crépuscule ou aube,En agglomération,Hors intersection,Normale,Autre collision,,,,,,,,,,,2,2,1,1.0,6.0
201000016245,0010-01-13 21:30:00,10,1,13,21,30,60,88,"30, GAMBETTA (JUSQU'AU N",,,Nuit avec éclairage allumé,En agglomération,Hors intersection,Normale,Deux véhicules - arrière,,,,,,,,,,,5,2,1,1.0,2.0
201000016246,0010-01-14 07:30:00,10,1,14,7,30,60,88,"139, GRENOBLE (ROUTE DE)",,,Plein jour,En agglomération,Hors intersection,Pluie légère,Sans collision,,,,,,,,,,,1,2,1,2.0,7.0
201000016247,0010-01-14 17:35:00,10,1,14,17,35,60,88,"0, CARABACEL (BD)",,,Nuit avec éclairage allumé,En agglomération,Hors intersection,Pluie légère,Deux véhicules - côté,,,,,,,,,,,5,2,1,2.0,3.0
201000016248,0010-01-15 08:35:00,10,1,15,8,35,60,88,"5, MONTREAL (BD DE)",,,Plein jour,En agglomération,Hors intersection,Pluie légère,Deux véhicules - côté,,,,,,,,,,,1,2,1,2.0,3.0
201000016249,0010-01-15 12:20:00,10,1,15,12,20,60,88,"366, GRENOBLE (ROUTE DE)",,,Plein jour,En agglomération,Hors intersection,Normale,Trois véhicules et plus - en chaîne,,,,,,,,,,,1,2,1,1.0,4.0
201000016250,0010-01-15 16:20:00,10,1,15,16,20,60,88,"0, NATHANYA (R.)",,,Plein jour,En agglomération,Hors intersection,Normale,Autre collision,,,,,,,,,,,1,2,1,1.0,6.0
201000016251,0010-01-15 16:30:00,10,1,15,16,30,60,88,"2, FAURE (AV. FELIX)",,,Plein jour,En agglomération,Hors intersection,Normale,Autre collision,,,,,,,,,,,1,2,1,1.0,6.0
201000016252,0010-01-15 18:00:00,10,1,15,18,0,60,88,"1, CLEMENCEAU (AV. GEORG",,,Nuit avec éclairage allumé,En agglomération,Hors intersection,Normale,Autre collision,,,,,,,,,,,5,2,1,1.0,6.0
201000016253,0010-01-15 18:20:00,10,1,15,18,20,60,88,"0, HUGO (BD VICTOR)",,,Nuit avec éclairage non allumé,En agglomération,Intersection en X,Normale,Deux véhicules - côté,,,,,,,,,,,4,2,2,1.0,3.0
201000016254,0010-01-15 18:20:00,10,1,15,18,20,60,88,"0, EDOUARD VII (BD)",,,Nuit avec éclairage allumé,En agglomération,Intersection en T,Normale,Deux véhicules - côté,,,,,,,,,,,5,2,3,1.0,3.0
201000016255,0010-01-15 19:15:00,10,1,15,19,15,60,88,"0, FAURE (AV. FELIX)",,,Nuit avec éclairage allumé,En agglomération,Hors intersection,Normale,Autre collision,,,,,,,,,,,5,2,1,1.0,6.0
201000016256,0010-01-15 20:57:00,10,1,15,20,57,60,88,"0, HANCY (R.)",,,Nuit avec éclairage allumé,En agglomération,Intersection en X,Normale,Deux véhicules - côté,,,,,,,,,,,5,2,2,1.0,3.0
201000016257,0010-01-16 08:40:00,10,1,16,8,40,60,88,"2, MADELEINE (BD DE LA)",,,Plein jour,En agglomération,Hors intersection,Normale,Autre collision,,,,,,,,,,,1,2,1,1.0,6.0
201000016258,0010-01-16 14:30:00,10,1,16,14,30,60,88,"11, MACCARANI (R.)",,,Plein jour,En agglomération,Hors intersection,Normale,Deux véhicules - côté,,,,,,,,,,,1,2,1,1.0,3.0
201000016259,0010-01-16 20:30:00,10,1,16,20,30,60,88,"24, CLEMENCEAU (AV. GEOR",,,Nuit avec éclairage allumé,En agglomération,Hors intersection,Normale,Autre collision,,,,,,,,,,,5,2,1,1.0,6.0
201000016260,0010-01-17 10:10:00,10,1,17,10,10,60,88,"0, THIERS (AV.)",,,Plein jour,En agglomération,Intersection en X,Normale,Autre collision,,,,,,,,,,,1,2,2,1.0,6.0
201000016261,0010-01-17 16:00:00,10,1,17,16,0,60,88,"61, ETATS UNIS (QUAI DES",,,Plein jour,En agglomération,Hors intersection,Normale,Trois véhicules et plus - en chaîne,,,,,,,,,,,1,2,1,1.0,4.0
201000016262,0010-01-17 16:20:00,10,1,17,16,20,60,88,"47, CAP DE CROIX (AV. ET",,,Plein jour,En agglomération,Hors intersection,Normale,Autre collision,,,,,,,,,,,1,2,1,1.0,6.0
201000016263,0010-01-17 22:00:00,10,1,17,22,0,60,88,"22, CLEMENCEAU (AV. GEOR",,,Nuit avec éclairage allumé,En agglomération,Hors intersection,Normale,Sans collision,,,,,,,,,,,5,2,1,1.0,7.0
201000016264,0010-01-18 10:30:00,10,1,18,10,30,60,88,"0, FRANCE (R. DE) DU N°",,,Plein jour,En agglomération,Hors intersection,Normale,Autre collision,,,,,,,,,,,1,2,1,1.0,6.0
201000016265,0010-01-18 10:40:00,10,1,18,10,40,60,88,"0, RAYBAUD JOSEPH",,,Plein jour,En agglomération,Hors intersection,Normale,Autre collision,,,,,,,,,,,1,2,1,1.0,6.0
201000016266,0010-01-18 14:10:00,10,1,18,14,10,60,88,"0, BLANQUI (PL. AUGUSTE)",,,Plein jour,En agglomération,Hors intersection,Normale,Autre collision,,,,,,,,,,,1,2,1,1.0,6.0
201000016267,0010-01-18 16:55:00,10,1,18,16,55,60,88,"0, VERANY (BD J.B.)",,,Plein jour,En agglomération,Hors intersection,Normale,Autre collision,,,,,,,,,,,1,2,1,1.0,6.0
201000016268,0010-01-18 17:25:00,10,1,18,17,25,60,88,"0, FRANKLIN (PL.)",,,Plein jour,En agglomération,Giratoire,Normale,Deux véhicules - côté,,,,,,,,,,,1,2,6,1.0,3.0
201000016269,0010-01-18 20:00:00,10,1,18,20,0,60,88,"28, ROQUEBILLIERE (R. DE",,,Nuit avec éclairage allumé,En agglomération,Hors intersection,Normale,Deux véhicules - côté,,,,,,,,,,,5,2,1,1.0,3.0
201000016270,0010-01-18 22:20:00,10,1,18,22,20,60,88,"0, BARLA (RUE)",,,Nuit avec éclairage allumé,En agglomération,Intersection en X,Normale,Deux véhicules - côté,,,,,,,,,,,5,2,2,1.0,3.0
201000016271,0010-01-19 14:00:00,10,1,19,14,0,60,88,"63, NAPOLEON III (BD)",,,Plein jour,En agglomération,Hors intersection,Normale,Autre collision,,,,,,,,,,,1,2,1,1.0,6.0
201000016272,0010-01-19 14:30:00,10,1,19,14,30,60,88,"35, SOLA (BD PIERRE)",,,Plein jour,En agglomération,Hors intersection,Normale,Deux véhicules - côté,,,,,,,,,,,1,2,1,1.0,3.0
201000016273,0010-01-19 19:30:00,10,1,19,19,30,60,88,"0, PELLOS (R. FRANCOIS)",,,Nuit avec éclairage allumé,En agglomération,Hors intersection,Normale,Deux véhicules - côté,,,,,,,,,,,5,2,1,1.0,3.0
201000016274,0010-01-20 10:45:00,10,1,20,10,45,60,88,"0, SAINT-LAMBERT (AV.) (",,,Plein jour,En agglomération,Hors intersection,Normale,Deux véhicules - côté,,,,,,,,,,,1,2,1,1.0,3.0
201000016275,0010-01-20 17:15:00,10,1,20,17,15,60,88,"0, TUNNEL DU PAILLON",,,Crépuscule ou aube,En agglomération,Hors intersection,Normale,Deux véhicules - arrière,,,,,,,,,,,2,2,1,1.0,2.0
201000016276,0010-01-21 08:30:00,10,1,21,8,30,60,88,"8, PASTORELLE (AV. DE LA",,,Plein jour,En agglomération,Hors intersection,Normale,Autre collision,,,,,,,,,,,1,2,1,1.0,6.0
201000016277,0010-01-21 13:15:00,10,1,21,13,15,60,88,"456, MADELEINE (BD DE LA",,,Plein jour,En agglomération,Hors intersection,Normale,Trois véhicules et plus - collisions multiples,,,,,,,,,,,1,2,1,1.0,5.0
201000016278,0010-01-21 14:35:00,10,1,21,14,35,60,88,"0, GAUTHIER (R. ANTOINE)",,,Plein jour,En agglomération,Hors intersection,Normale,Deux véhicules - côté,,,,,,,,,,,1,2,1,1.0,3.0
201000016279,0010-01-21 16:40:00,10,1,21,16,40,60,88,"0, DAVIOT (AV.)",,,Plein jour,En agglomération,Intersection en X,Normale,Deux véhicules - côté,,,,,,,,,,,1,2,2,1.0,3.0
201000016280,0010-01-21 22:15:00,10,1,21,22,15,60,88,"64, GINESTIERE (CH. DE L",,,Nuit avec éclairage allumé,En agglomération,Hors intersection,Normale,Autre collision,,,,,,,,,,,5,2,1,1.0,6.0
201000016281,0010-01-22 08:40:00,10,1,22,8,40,60,88,"0, FRANKLIN (PL.)",,,Plein jour,En agglomération,Hors intersection,Normale,Deux véhicules - côté,,,,,,,,,,,1,2,1,1.0,3.0
201000016282,0010-01-23 17:40:00,10,1,23,17,40,60,88,"0, BAUDELAIRE (RUE CHARL",,,Crépuscule ou aube,En agglomération,Giratoire,Normale,Autre collision,,,,,,,,,,,2,2,6,1.0,6.0
201000016283,0010-01-23 18:00:00,10,1,23,18,0,60,88,"142, GAMBETTA (A PARTIR",,,Nuit avec éclairage allumé,En agglomération,Hors intersection,Normale,Deux véhicules - frontale,,,,,,,,,,,5,2,1,1.0,1.0
201000016284,0010-01-23 21:05:00,10,1,23,21,5,60,88,"112, DUNANT (AV. HENRI)",,,Nuit avec éclairage allumé,En agglomération,Hors intersection,Normale,Deux véhicules - arrière,,,,,,,,,,,5,2,1,1.0,2.0
201000016285,0010-01-23 23:45:00,10,1,23,23,45,60,88,"47, LYAUTEY (AV. DU MAL)",,,Nuit avec éclairage non allumé,En agglomération,Hors intersection,Normale,Autre collision,,,,,,,,,,,4,2,1,1.0,6.0
201000016286,0010-01-24 03:45:00,10,1,24,3,45,60,88,"0, PENETRANTE DU PAILLON",,,Nuit avec éclairage non allumé,En agglomération,Hors intersection,Normale,Autre collision,,,,,,,,,,,4,2,1,1.0,6.0
201000016287,0010-01-24 05:35:00,10,1,24,5,35,60,88,"0, ANGLAIS (A PARTIR DU",,,Nuit avec éclairage allumé,En agglomération,Hors intersection,Normale,Deux véhicules - arrière,,,,,,,,,,,5,2,1,1.0,2.0
201000016288,0010-01-24 12:20:00,10,1,24,12,20,60,88,"2, TZAREWITCH (BD DU)",,,Plein jour,En agglomération,Hors intersection,Normale,Deux véhicules - côté,,,,,,,,,,,1,2,1,1.0,3.0
201000016289,0010-01-24 20:45:00,10,1,24,20,45,60,88,"73, GAMBETTA (A PARTIR D",,,Nuit avec éclairage allumé,En agglomération,Hors intersection,Normale,Deux véhicules - arrière,,,,,,,,,,,5,2,1,1.0,2.0
201000016290,0010-01-25 07:10:00,10,1,25,7,10,60,88,"20, CALIFORNIE (AV.) (JU",,,Plein jour,En agglomération,Hors intersection,Pluie légère,Deux véhicules - côté,,,,,,,,,,,1,2,1,2.0,3.0
201000016291,0010-01-25 15:15:00,10,1,25,15,15,60,88,"0, DURANTE (AV.)",,,Plein jour,En agglomération,Hors intersection,Pluie légère,Autre collision,,,,,,,,,,,1,2,1,2.0,6.0
201000016292,0010-01-25 15:55:00,10,1,25,15,55,60,88,"0, MEDECIN (AV. JEAN)",,,Plein jour,En agglomération,Intersection en X,Normale,Deux véhicules - côté,,,,,,,,,,,1,2,2,1.0,3.0
201000016293,0010-01-25 17:05:00,10,1,25,17,5,60,88,"96, BELLET (RTE DE)",,,Plein jour,En agglomération,Hors intersection,Pluie légère,Deux véhicules - côté,,,,,,,,,,,1,2,1,2.0,3.0
201000016294,0010-01-25 19:45:00,10,1,25,19,45,60,88,"0, TURIN (RTE DE)",,,Nuit avec éclairage allumé,En agglomération,Hors intersection,Normale,Deux véhicules - côté,,,,,,,,,,,5,2,1,1.0,3.0
201000016295,0010-01-26 09:00:00,10,1,26,9,0,60,88,"0, ITALIE (R. D')",,,Plein jour,En agglomération,Intersection en X,Normale,Deux véhicules - côté,,,,,,,,,,,1,2,2,1.0,3.0
201000016296,0010-01-26 10:50:00,10,1,26,10,50,60,88,"0, DEROULEDE (RUE PAUL)",,,Plein jour,En agglomération,Intersection en T,Normale,Autre collision,,,,,,,,,,,1,2,3,1.0,6.0
201000016297,0010-01-26 18:35:00,10,1,26,18,35,60,88,"6, SUEDE (AV. DE)",,,Nuit avec éclairage allumé,En agglomération,Hors intersection,Normale,Autre collision,,,,,,,,,,,5,2,1,1.0,6.0
201000016298,0010-01-26 22:00:00,10,1,26,22,0,60,88,"0, MOLIERE (R.)",,,Nuit avec éclairage allumé,En agglomération,Intersection en X,Normale,Deux véhicules - côté,,,,,,,,,,,5,2,2,1.0,3.0
201000016299,0010-01-27 10:50:00,10,1,27,10,50,60,88,"0, TURIN (RTE DE)",,,Plein jour,En agglomération,Intersection en X,Normale,Deux véhicules - côté,,,,,,,,,,,1,2,2,1.0,3.0
201000016300,0010-01-27 12:00:00,10,1,27,12,0,60,88,"0, BARBUSSE (AV. HENRI)",,,Plein jour,En agglomération,Intersection en T,Normale,Deux véhicules - côté,,,,,,,,,,,1,2,3,1.0,3.0
201000016301,0010-01-27 15:40:00,10,1,27,15,40,60,88,"26, SAINT-ROCH (BD DE)",,,Plein jour,En agglomération,Hors intersection,Normale,Deux véhicules - côté,,,,,,,,,,,1,2,1,1.0,3.0
201000016302,0010-01-28 08:30:00,10,1,28,8,30,60,88,"160, SAINT-PIERRE DE FER",,,Plein jour,En agglomération,Hors intersection,Normale,Deux véhicules - côté,,,,,,,,,,,1,2,1,1.0,3.0
201000016303,0010-01-28 10:55:00,10,1,28,10,55,60,88,"0, VERNIER (R.)",,,Plein jour,En agglomération,Hors intersection,Normale,Autre collision,,,,,,,,,,,1,2,1,1.0,6.0
201000016304,0010-01-29 08:45:00,10,1,29,8,45,60,88,"0, CIMIEZ (BD) A PARTIR",,,Plein jour,En agglomération,Intersection en X,Normale,Deux véhicules - côté,,,,,,,,,,,1,2,2,1.0,3.0
201000016305,0010-01-29 19:15:00,10,1,29,19,15,60,88,"219, TURIN (RTE DE)",,,Nuit avec éclairage allumé,En agglomération,Hors intersection,Normale,Autre collision,,,,,,,,,,,5,2,1,1.0,6.0
201000016306,0010-01-29 20:48:00,10,1,29,20,48,60,88,"34, SAINT-AUGUSTIN (AV.",,,Nuit avec éclairage allumé,En agglomération,Hors intersection,Normale,Deux véhicules - côté,,,,,,,,,,,5,2,1,1.0,3.0
201000016307,0010-01-30 01:50:00,10,1,30,1,50,60,88,"0, RAYBAUD JOSEPH",,,Nuit avec éclairage allumé,En agglomération,Hors intersection,Normale,Autre collision,,,,,,,,,,,5,2,1,1.0,6.0
201000016308,0010-01-30 09:00:00,10,1,30,9,0,60,88,"0, GOUNOD (RUE)",,,Plein jour,En agglomération,Intersection en X,Normale,Deux véhicules - côté,,,,,,,,,,,1,2,2,1.0,3.0
201000016309,0010-01-30 18:00:00,10,1,30,18,0,60,88,"0, BUFFA (RUE DE LA)",,,Crépuscule ou aube,En agglomération,Hors intersection,Normale,Deux véhicules - côté,,,,,,,,,,,2,2,1,1.0,3.0
201000016310,0010-01-30 21:08:00,10,1,30,21,8,60,88,"147, GAMBETTA (A PARTIR",,,Nuit avec éclairage non allumé,En agglomération,Intersection en X,Normale,Deux véhicules - côté,,,,,,,,,,,4,2,2,1.0,3.0
201000016311,0010-01-31 02:30:00,10,1,31,2,30,60,88,"0, BAREL (PLACE MAX)",,,Nuit avec éclairage allumé,En agglomération,Hors intersection,Normale,Deux véhicules - côté,,,,,,,,,,,5,2,1,1.0,3.0
201000016312,0010-01-31 11:30:00,10,1,31,11,30,60,88,"13, VISMARA (AV.)",,,Plein jour,En agglomération,Hors intersection,Normale,Deux véhicules - frontale,,,,,,,,,,,1,2,1,1.0,1.0
201000016313,0010-01-31 16:00:00,10,1,31,16,0,60,88,"0, BELGIQUE (RUE DE)",,,Plein jour,En agglomération,Intersection en X,Normale,Deux véhicules - côté,,,,,,,,,,,1,2,2,1.0,3.0
201000016314,0010-02-01 07:45:00,10,2,1,7,45,60,88,"0, SAINT-JEAN BAPTISTE (",,,Plein jour,En agglomération,Intersection en X,Normale,Autre collision,,,,,,,,,,,1,2,2,1.0,6.0
201000016315,0010-02-02 15:00:00,10,2,2,15,0,60,88,"0, CARNOT (BD)",,,Plein jour,Hors agglomération,Hors intersection,Normale,Autre collision,,,,,,,,,,,1,1,1,1.0,6.0
201000016316,0010-02-02 18:15:00,10,2,2,18,15,60,88,"0, CAFFARELLI (RUE)",,,Nuit avec éclairage allumé,En agglomération,Intersection en X,Normale,Deux véhicules - côté,,,,,,,,,,,5,2,2,1.0,3.0
201000016317,0010-02-02 19:00:00,10,2,2,19,0,60,88,"39, ANGLAIS (DU N° 1 AU",,,Nuit avec éclairage allumé,En agglomération,Hors intersection,Normale,Deux véhicules - frontale,,,,,,,,,,,5,2,1,1.0,1.0
201000016318,0010-02-03 12:40:00,10,2,3,12,40,60,88,"0, RAYNAUD (BD AUGUSTE)",,,Plein jour,En agglomération,Hors intersection,Normale,Deux véhicules - côté,,,,,,,,,,,1,2,1,1.0,3.0
201000016319,0010-02-03 18:50:00,10,2,3,18,50,60,88,"43, BORNALA (AV. DE LA)",,,Nuit avec éclairage allumé,En agglomération,Hors intersection,Normale,Deux véhicules - côté,,,,,,,,,,,5,2,1,1.0,3.0
201000016320,0010-02-04 17:15:00,10,2,4,17,15,60,88,JOLY (CORNICHE ANDRE DE),,,Crépuscule ou aube,En agglomération,Intersection en T,Normale,Deux véhicules - côté,,,,,,,,,,,2,2,3,1.0,3.0
201000016321,0010-02-05 03:30:00,10,2,5,3,30,60,88,"0, GUBERNATIS (R.)",,,Nuit avec éclairage allumé,En agglomération,Intersection en X,Pluie légère,Deux véhicules - côté,,,,,,,,,,,5,2,2,2.0,3.0
201000016322,0010-02-05 11:20:00,10,2,5,11,20,60,88,RD 6202,,,Plein jour,En agglomération,Hors intersection,Pluie forte,Autre collision,,,,,,,,,,,1,2,1,3.0,6.0
201000016323,0010-02-05 14:05:00,10,2,5,14,5,60,88,"0, REINE-VICTORIA (AV.)",,,Plein jour,En agglomération,Hors intersection,Normale,Deux véhicules - arrière,,,,,,,,,,,1,2,1,1.0,2.0
201000016324,0010-02-05 15:40:00,10,2,5,15,40,60,88,"13, CAMBRAI (BD DE)",,,Plein jour,En agglomération,Hors intersection,Pluie légère,Deux véhicules - frontale,,,,,,,,,,,1,2,1,2.0,1.0
201000016325,0010-02-05 19:15:00,10,2,5,19,15,60,88,"0, BOISSY D'ANGLAS (RUE)",,,Nuit avec éclairage allumé,En agglomération,Intersection en T,Normale,Deux véhicules - côté,,,,,,,,,,,5,2,3,1.0,3.0
201000016326,0010-02-05 20:00:00,10,2,5,20,0,60,88,"39, HUGO (BD VICTOR)",,,Nuit avec éclairage allumé,En agglomération,Hors intersection,Normale,Deux véhicules - côté,,,,,,,,,,,5,2,1,1.0,3.0
201000016327,0010-02-05 20:39:00,10,2,5,20,39,60,88,GAMBETTA (A PARTIR DU N°,,,Nuit avec éclairage allumé,En agglomération,Hors intersection,Normale,Deux véhicules - côté,,,,,,,,,,,5,2,1,1.0,3.0
201000016328,0010-02-05 21:12:00,10,2,5,21,12,60,88,"0, VERDI (R.)",,,Nuit avec éclairage non allumé,En agglomération,Intersection en X,Normale,Deux véhicules - arrière,,,,,,,,,,,4,2,2,1.0,2.0
201000016329,0010-02-05 23:20:00,10,2,5,23,20,60,88,"30, CESSOLE (BD DE) (JUS",,,Nuit avec éclairage allumé,En agglomération,Hors intersection,Normale,Deux véhicules - côté,,,,,,,,,,,5,2,1,1.0,3.0
201000016330,0010-02-06 12:40:00,10,2,6,12,40,60,88,"183, MADELEINE (AV. DE L",,,Plein jour,En agglomération,Hors intersection,Normale,Deux véhicules - arrière,,,,,,,,,,,1,2,1,1.0,2.0
201000016331,0010-02-06 17:10:00,10,2,6,17,10,60,88,GAMBETTA (A PARTIR DU N°,,,Plein jour,En agglomération,Intersection en X,Normale,Autre collision,,,,,,,,,,,1,2,2,1.0,6.0
201000016332,0010-02-07 02:45:00,10,2,7,2,45,60,88,"0, PHOCEENS (AV. DES)",,,Nuit avec éclairage allumé,En agglomération,Hors intersection,Normale,Deux véhicules - côté,,,,,,,,,,,5,2,1,1.0,3.0
201000016333,0010-02-07 15:25:00,10,2,7,15,25,60,88,"0, CHAUVE (RUE CHARLES)",,,Plein jour,En agglomération,Intersection en T,Normale,Autre collision,,,,,,,,,,,1,2,3,1.0,6.0
201000016334,0010-02-07 18:00:00,10,2,7,18,0,60,88,"72, JOLY (CORNICHE ANDRE",,,Crépuscule ou aube,En agglomération,Hors intersection,Normale,Deux véhicules - côté,,,,,,,,,,,2,2,1,1.0,3.0
201000016335,0010-02-08 14:50:00,10,2,8,14,50,60,88,"19, VILLERMONT (AV.)",,,Plein jour,En agglomération,Hors intersection,Normale,Autre collision,,,,,,,,,,,1,2,1,1.0,6.0
201000016336,0010-02-09 08:30:00,10,2,9,8,30,60,88,"57, GRENOBLE (ROUTE DE)",,,Plein jour,En agglomération,Hors intersection,Normale,Trois véhicules et plus - en chaîne,,,,,,,,,,,1,2,1,1.0,4.0
201000016337,0010-02-09 09:00:00,10,2,9,9,0,60,88,"115, CALIFORNIE (AV.) (D",,,Plein jour,En agglomération,Hors intersection,Normale,Autre collision,,,,,,,,,,,1,2,1,1.0,6.0
201000016338,0010-02-09 18:30:00,10,2,9,18,30,60,88,"46, PESSICART (JUSQU'AU",,,Crépuscule ou aube,En agglomération,Hors intersection,Normale,Autre collision,,,,,,,,,,,2,2,1,1.0,6.0
201000016339,0010-02-09 19:58:00,10,2,9,19,58,60,88,"352, STE MARGUERITE (AV.",,,Nuit avec éclairage allumé,En agglomération,Hors intersection,Normale,Deux véhicules - côté,,,,,,,,,,,5,2,1,1.0,3.0
201000016340,0010-02-10 10:05:00,10,2,10,10,5,60,88,"26, DIABLES BLEUS (AV. D",,,Plein jour,En agglomération,Hors intersection,Normale,Deux véhicules - frontale,,,,,,,,,,,1,2,1,1.0,1.0
201000016341,0010-02-10 12:15:00,10,2,10,12,15,60,88,"0, AUNE (RUE FRANCOIS)",,,Plein jour,En agglomération,Intersection en T,Normale,Deux véhicules - côté,,,,,,,,,,,1,2,3,1.0,3.0
201000016342,0010-02-10 14:20:00,10,2,10,14,20,60,88,DELFINO (BD GENERAL),,,Plein jour,En agglomération,Hors intersection,Normale,Autre collision,,,,,,,,,,,1,2,1,1.0,6.0
201000016343,0010-02-10 14:30:00,10,2,10,14,30,60,88,MADELEINE (BD DE LA),,,Plein jour,En agglomération,Hors intersection,Normale,Autre collision,,,,,,,,,,,1,2,1,1.0,6.0
201000016344,0010-02-10 15:40:00,10,2,10,15,40,60,88,"0, DIABLES BLEUS (AV. DE",,,Plein jour,En agglomération,Hors intersection,Normale,Deux véhicules - côté,,,,,,,,,,,1,2,1,1.0,3.0
201000016345,0010-02-10 17:50:00,10,2,10,17,50,60,88,"222, TURIN (RTE DE)",,,Plein jour,En agglomération,Hors intersection,Normale,Deux véhicules - côté,,,,,,,,,,,1,2,1,1.0,3.0
201000016346,0010-02-10 21:30:00,10,2,10,21,30,60,88,"0, ROQUEBILLIERE (R. DE)",,,Nuit avec éclairage allumé,En agglomération,Giratoire,Normale,Deux véhicules - côté,,,,,,,,,,,5,2,6,1.0,3.0
201000016347,0010-02-10 23:00:00,10,2,10,23,0,60,88,"0, CARABACEL (BD)",,,Nuit avec éclairage allumé,En agglomération,Intersection en X,Normale,Deux véhicules - côté,,,,,,,,,,,5,2,2,1.0,3.0
201000016348,0010-02-11 08:10:00,10,2,11,8,10,60,88,"171, ST LAMBERT A PARTIR",,,Plein jour,En agglomération,Hors intersection,Normale,Deux véhicules - arrière,,,,,,,,,,,1,2,1,1.0,2.0
201000016349,0010-02-11 11:20:00,10,2,11,11,20,60,88,EIFFEL (AV. GUSTAVE),,,Plein jour,En agglomération,Hors intersection,Normale,Deux véhicules - côté,,,,,,,,,,,1,2,1,1.0,3.0
201000016350,0010-02-12 07:25:00,10,2,12,7,25,60,88,"0, TURIN (RTE DE)",,,Crépuscule ou aube,En agglomération,Hors intersection,Normale,Deux véhicules - arrière,,,,,,,,,,,2,2,1,1.0,2.0
201000016351,0010-02-12 07:30:00,10,2,12,7,30,60,88,"0, CIMIEZ (BD) JUSQU'AU",,,Plein jour,En agglomération,Intersection en X,Normale,Deux véhicules - côté,,,,,,,,,,,1,2,2,1.0,3.0
201000016352,0010-02-12 17:15:00,10,2,12,17,15,60,88,"39, DIGUE DES FRANCAIS (",,,Crépuscule ou aube,En agglomération,Hors intersection,Normale,Autre collision,,,,,,,,,,,2,2,1,1.0,6.0
201000016353,0010-02-12 20:15:00,10,2,12,20,15,60,88,"0, VILLERMONT (AV.)",,,Nuit avec éclairage allumé,En agglomération,Intersection en X,Normale,Deux véhicules - côté,,,,,,,,,,,5,2,2,1.0,3.0
201000016354,0010-02-13 18:45:00,10,2,13,18,45,60,88,"16 bis, RAYNAUD (BD AUGU",,,Nuit avec éclairage allumé,En agglomération,Hors intersection,Normale,Deux véhicules - arrière,,,,,,,,,,,5,2,1,1.0,2.0
201000016355,0010-02-14 05:10:00,10,2,14,5,10,60,88,"0, BUFFA (RUE DE LA)",,,Nuit avec éclairage non allumé,En agglomération,Intersection en X,Normale,Deux véhicules - côté,,,,,,,,,,,4,2,2,1.0,3.0
201000016356,0010-02-14 11:10:00,10,2,14,11,10,60,88,"145, FRANCE (R. DE) DU N",,,Plein jour,En agglomération,Hors intersection,Normale,Deux véhicules - côté,,,,,,,,,,,1,2,1,1.0,3.0
201000016357,0010-02-14 20:35:00,10,2,14,20,35,60,88,"0, CASTELLANE (AV.)",,,Nuit avec éclairage allumé,En agglomération,Intersection en X,Normale,Deux véhicules - côté,,,,,,,,,,,5,2,2,1.0,3.0
201000016358,0010-02-15 06:55:00,10,2,15,6,55,60,88,"0, ANGLAIS (DU N° 114 AU",,,Crépuscule ou aube,En agglomération,Intersection en X,Normale,Deux véhicules - côté,,,,,,,,,,,2,2,2,1.0,3.0
201000016359,0010-02-15 08:30:00,10,2,15,8,30,60,88,"20, GLACIERE (CH. DE LA)",,,Plein jour,En agglomération,Hors intersection,Normale,Deux véhicules - arrière,,,,,,,,,,,1,2,1,1.0,2.0
201000016360,0010-02-15 13:30:00,10,2,15,13,30,60,88,"0, MONT-BORON (BD DU) (J",,,Plein jour,En agglomération,Hors intersection,Normale,Deux véhicules - arrière,,,,,,,,,,,1,2,1,1.0,2.0
201000016361,0010-02-15 17:45:00,10,2,15,17,45,60,159,"27, CORNE D OR (BOULEVAR",,,Crépuscule ou aube,En agglomération,Hors intersection,Pluie légère,Deux véhicules - côté,,,,,,,,,,,2,2,1,2.0,3.0
201000016362,0010-02-15 19:00:00,10,2,15,19,0,60,88,"0, REPUBLIQUE (AV. DE LA",,,Nuit avec éclairage allumé,En agglomération,Intersection en X,Pluie légère,Deux véhicules - arrière,,,,,,,,,,,5,2,2,2.0,2.0