accident_id,datetime,annee,mois,jour,heure,minute,departement,commune_insee,adresse,latitude,longitude,luminosite,agglomeration,intersection,meteo,collision,nb_vehicules,nb_usagers,nb_indemnes,nb_tues,nb_blesses_hosp,nb_blesses_legers,age_cond_1,age_cond_2,veh_type_cond_1,veh_type_cond_2,lum_code,agg_code,int_code,atm_code,col_code
201000017131,0010-10-14 18:30:00,10,10,14,18,30,60,88,"58, SEMERIA (AV. DENIS)",,,Plein jour,En agglomération,Hors intersection,Normale,Autre collision,,,,,,,,,,,1,2,1,1.0,6.0
201000017132,0010-10-15 20:10:00,10,10,15,20,10,60,88,"0, VOIE RAPIDE",,,Nuit avec éclairage allumé,En agglomération,Hors intersection,Normale,Deux véhicules - arrière,,,,,,,,,,,5,2,1,1.0,2.0
201000017133,0010-10-16 04:25:00,10,10,16,4,25,60,88,"0, ANGLAIS (DU N° 114 AU",,,Nuit avec éclairage allumé,En agglomération,Hors intersection,Normale,Trois véhicules et plus - collisions multiples,,,,,,,,,,,5,2,1,1.0,5.0
201000017134,0010-10-16 12:42:00,10,10,16,12,42,60,159,"2, JOFFRE (AVENUE)",,,Plein jour,En agglomération,Hors intersection,Normale,Autre collision,,,,,,,,,,,1,2,1,1.0,6.0
201000017135,0010-10-16 17:00:00,10,10,16,17,0,60,88,"101 bis, GAMBETTA (A PAR",,,Plein jour,En agglomération,Hors intersection,Normale,Autre collision,,,,,,,,,,,1,2,1,1.0,6.0
201000017136,0010-10-17 13:00:00,10,10,17,13,0,60,88,"0, VERDUN (AV. DE)",,,Plein jour,Hors agglomération,Hors intersection,Normale,Trois véhicules et plus - en chaîne,,,,,,,,,,,1,1,1,1.0,4.0
201000017137,0010-10-18 15:10:00,10,10,18,15,10,60,88,"93, ETATS UNIS (QUAI DES",,,Plein jour,En agglomération,Hors intersection,Normale,Deux véhicules - côté,,,,,,,,,,,1,2,1,1.0,3.0
201000017138,0010-10-18 16:45:00,10,10,18,16,45,60,88,"0, BELLET (AV. DE)",,,Plein jour,En agglomération,Hors intersection,Normale,Autre collision,,,,,,,,,,,1,2,1,1.0,6.0
201000017139,0010-10-18 19:05:00,10,10,18,19,5,60,88,"12/14, GRINDA (AV. EDOUA",,,Nuit avec éclairage allumé,En agglomération,Hors intersection,Normale,Deux véhicules - côté,,,,,,,,,,,5,2,1,1.0,3.0
201000017140,0010-10-19 16:45:00,10,10,19,16,45,60,88,VOIE RAPIDE,,,Plein jour,En agglomération,Hors intersection,Normale,Autre collision,,,,,,,,,,,1,2,1,1.0,6.0
201000017141,0010-10-19 18:30:00,10,10,19,18,30,60,88,"0, DE LATTRE DE TASSIGNY",,,Crépuscule ou aube,En agglomération,Hors intersection,Normale,Deux véhicules - arrière,,,,,,,,,,,2,2,1,1.0,2.0
201000017142,0010-10-19 20:00:00,10,10,19,20,0,60,88,"130, GAMBETTA (A PARTIR",,,Nuit avec éclairage allumé,Hors agglomération,Hors intersection,Normale,Deux véhicules - arrière,,,,,,,,,,,5,1,1,1.0,2.0
201000017143,0010-10-20 15:40:00,10,10,20,15,40,60,88,"0, CLEMENCEAU (AV. GEORG",,,Plein jour,En agglomération,Intersection en X,Normale,Autre collision,,,,,,,,,,,1,2,2,1.0,6.0
201000017144,0010-10-20 15:30:00,10,10,20,15,30,60,88,"0, DIABLES BLEUS (AV. DE",,,Plein jour,En agglomération,Intersection en X,Normale,Autre collision,,,,,,,,,,,1,2,2,1.0,6.0
201000017145,0010-10-21 00:01:00,10,10,21,0,1,60,88,"0, RD 6202",,,Nuit avec éclairage non allumé,En agglomération,Hors intersection,Vent fort / tempête,Autre collision,,,,,,,,,,,4,2,1,6.0,6.0
201000017146,0010-10-21 13:30:00,10,10,21,13,30,60,88,"56, TURIN (RTE DE)",,,Plein jour,En agglomération,Hors intersection,Normale,Autre collision,,,,,,,,,,,1,2,1,1.0,6.0
201000017147,0010-10-21 16:45:00,10,10,21,16,45,60,88,"0, TURIN (RTE DE)",,,Plein jour,En agglomération,Hors intersection,Normale,Deux véhicules - côté,,,,,,,,,,,1,2,1,1.0,3.0
201000017148,0010-10-22 01:10:00,10,10,22,1,10,60,88,"47, CESSOLE (BD DE) (JUS",,,Nuit avec éclairage allumé,En agglomération,Hors intersection,Normale,Deux véhicules - arrière,,,,,,,,,,,5,2,1,1.0,2.0
201000017149,0010-10-22 09:30:00,10,10,22,9,30,60,88,"0, MICHEL ANGE (AV.) (JU",,,Plein jour,En agglomération,Hors intersection,Normale,Autre collision,,,,,,,,,,,1,2,1,1.0,6.0
201000017150,0010-10-22 16:02:00,10,10,22,16,2,60,88,"7, CANAVESE (RUE JEAN)",,,Plein jour,En agglomération,Hors intersection,Normale,Autre collision,,,,,,,,,,,1,2,1,1.0,6.0
201000017151,0010-10-23 21:45:00,10,10,23,21,45,60,88,"62, TURIN (RTE DE)",,,Nuit avec éclairage allumé,En agglomération,Intersection en T,Normale,Deux véhicules - côté,,,,,,,,,,,5,2,3,1.0,3.0
201000017152,0010-10-25 07:45:00,10,10,25,7,45,60,88,"49, CALIFORNIE (AV.) (JU",,,Plein jour,En agglomération,Hors intersection,Pluie forte,Deux véhicules - côté,,,,,,,,,,,1,2,1,3.0,3.0
201000017153,0010-10-25 16:15:00,10,10,25,16,15,60,88,"68, CIMIEZ (BD) A PARTIR",,,Plein jour,En agglomération,Hors intersection,Autre,Deux véhicules - arrière,,,,,,,,,,,1,2,1,9.0,2.0
201000017154,0010-10-25 16:45:00,10,10,25,16,45,60,88,"0, HOCHE (R. GENERAL)",,,Plein jour,En agglomération,Intersection en X,Normale,Deux véhicules - côté,,,,,,,,,,,1,2,2,1.0,3.0
201000017155,0010-10-25 23:30:00,10,10,25,23,30,60,88,"455, STE-MARGUERITE (AV.",,,Nuit avec éclairage allumé,En agglomération,Hors intersection,Normale,Deux véhicules - frontale,,,,,,,,,,,5,2,1,1.0,1.0
201000017156,0010-10-26 08:00:00,10,10,26,8,0,60,88,"23, DELVALLE (RUE PROF.)",,,Plein jour,En agglomération,Hors intersection,Normale,Autre collision,,,,,,,,,,,1,2,1,1.0,6.0
201000017157,0010-10-26 11:30:00,10,10,26,11,30,60,88,"0, AVENUE EMMANUEL PONTR",,,Plein jour,En agglomération,Hors intersection,Normale,Autre collision,,,,,,,,,,,1,2,1,1.0,6.0
201000017158,0010-10-26 14:45:00,10,10,26,14,45,60,88,"47, SAINT-AUGUSTIN (AV.",,,Plein jour,En agglomération,Hors intersection,Normale,Autre collision,,,,,,,,,,,1,2,1,1.0,6.0
201000017159,0010-10-26 15:10:00,10,10,26,15,10,60,88,"0, WALESA (BD LECH)",,,Plein jour,En agglomération,Hors intersection,Normale,Deux véhicules - côté,,,,,,,,,,,1,2,1,1.0,3.0
201000017160,0010-10-26 18:10:00,10,10,26,18,10,60,88,"0, TURIN (RTE DE)",,,Plein jour,En agglomération,Hors intersection,Normale,Autre collision,,,,,,,,,,,1,2,1,1.0,6.0
201000017161,0010-10-26 23:10:00,10,10,26,23,10,60,88,"488, PESSICART (A PARTIR",,,Nuit avec éclairage allumé,En agglomération,Intersection en T,Normale,Deux véhicules - côté,,,,,,,,,,,5,2,3,1.0,3.0
201000017162,0010-10-27 14:45:00,10,10,27,14,45,60,88,"61, NAPOLEON III (BD)",,,Plein jour,En agglomération,Hors intersection,Normale,Deux véhicules - côté,,,,,,,,,,,1,2,1,1.0,3.0
201000017163,0010-10-27 17:15:00,10,10,27,17,15,60,159,"38/40, VINAIGRIER (CHEMI",,,Crépuscule ou aube,En agglomération,Hors intersection,Normale,Deux véhicules - frontale,,,,,,,,,,,2,2,1,1.0,1.0
201000017164,0010-10-27 17:40:00,10,10,27,17,40,60,88,"7, PASTORELLI (R.)",,,Plein jour,En agglomération,Hors intersection,Normale,Deux véhicules - arrière,,,,,,,,,,,1,2,1,1.0,2.0
201000017165,0010-10-28 23:40:00,10,10,28,23,40,60,88,"82, GAMBETTA (A PARTIR D",,,Nuit avec éclairage allumé,En agglomération,Hors intersection,Normale,Autre collision,,,,,,,,,,,5,2,1,1.0,6.0
201000017166,0010-10-28 08:50:00,10,10,28,8,50,60,88,"0, VERANY (BD J.B.)",,,Plein jour,En agglomération,Hors intersection,Normale,Autre collision,,,,,,,,,,,1,2,1,1.0,6.0
201000017167,0010-10-28 12:30:00,10,10,28,12,30,60,88,"0, RAYNAUD (BD AUGUSTE)",,,Plein jour,En agglomération,Intersection en X,Normale,Deux véhicules - côté,,,,,,,,,,,1,2,2,1.0,3.0
201000017168,0010-10-28 15:20:00,10,10,28,15,20,60,88,"15, PAGANINI (R.)",,,Plein jour,En agglomération,Hors intersection,Normale,Deux véhicules - côté,,,,,,,,,,,1,2,1,1.0,3.0
201000017169,0010-10-28 16:15:00,10,10,28,16,15,60,88,"0, CARABACEL (BD)",,,Plein jour,En agglomération,Hors intersection,Normale,Deux véhicules - côté,,,,,,,,,,,1,2,1,1.0,3.0
201000017170,0010-10-28 21:30:00,10,10,28,21,30,60,88,"0, TURIN (RTE DE)",,,Plein jour,En agglomération,Hors intersection,Normale,Deux véhicules - côté,,,,,,,,,,,1,2,1,1.0,3.0
201000017171,0010-10-29 22:00:00,10,10,29,22,0,60,88,"0, CALIFORNIE (AV.) (A P",,,Nuit avec éclairage allumé,En agglomération,Hors intersection,Normale,Trois véhicules et plus - en chaîne,,,,,,,,,,,5,2,1,1.0,4.0
201000017172,0010-10-29 19:45:00,10,10,29,19,45,60,159,"64, BASSE CORNICHE",,,Nuit avec éclairage allumé,Hors agglomération,Hors intersection,Normale,Autre collision,,,,,,,,,,,5,1,1,1.0,6.0
201000017173,0010-10-31 15:15:00,10,10,31,15,15,60,88,"0, THIERS (AV.)",,,Plein jour,En agglomération,Hors intersection,Pluie forte,Deux véhicules - côté,,,,,,,,,,,1,2,1,3.0,3.0
201000017174,0010-10-31 19:40:00,10,10,31,19,40,60,88,"104, CASSIN (BD RENE)",,,Nuit avec éclairage allumé,En agglomération,Hors intersection,Pluie forte,Deux véhicules - arrière,,,,,,,,,,,5,2,1,3.0,2.0
201000017175,0010-11-01 06:10:00,10,11,1,6,10,60,88,"0, GOUNOD (RUE)",,,Nuit avec éclairage allumé,En agglomération,Intersection en T,Pluie légère,Deux véhicules - côté,,,,,,,,,,,5,2,3,2.0,3.0
201000017176,0010-11-01 18:05:00,10,11,1,18,5,60,88,"0, PARC IMPERIAL (BD DU)",,,Nuit sans éclairage public,En agglomération,Intersection en T,Pluie légère,Deux véhicules - côté,,,,,,,,,,,3,2,3,2.0,3.0
201000017177,0010-11-03 01:35:00,10,11,3,1,35,60,88,"166, MADELEINE (BD DE LA",,,Nuit avec éclairage allumé,En agglomération,Hors intersection,Normale,Deux véhicules - côté,,,,,,,,,,,5,2,1,1.0,3.0
201000017178,0010-11-03 12:15:00,10,11,3,12,15,60,88,"14, NOTRE-DAME (AV.)",,,Plein jour,En agglomération,Hors intersection,Normale,Autre collision,,,,,,,,,,,1,2,1,1.0,6.0
201000017179,0010-11-03 17:00:00,10,11,3,17,0,60,88,"12, CHATEAUNEUF (RUE)",,,Plein jour,En agglomération,Hors intersection,Normale,Trois véhicules et plus - collisions multiples,,,,,,,,,,,1,2,1,1.0,5.0
201000017180,0010-11-03 18:30:00,10,11,3,18,30,60,88,"132, GAMBETTA (JUSQU'AU",,,Crépuscule ou aube,En agglomération,Hors intersection,Normale,Deux véhicules - côté,,,,,,,,,,,2,2,1,1.0,3.0
201000017181,0010-11-04 11:50:00,10,11,4,11,50,60,88,"0, SAINT-LAMBERT (AV.) (",,,Plein jour,En agglomération,Hors intersection,Normale,Deux véhicules - côté,,,,,,,,,,,1,2,1,1.0,3.0
201000017182,0010-11-04 14:05:00,10,11,4,14,5,60,88,"0, CALIFORNIE (AV.) (DU",,,Plein jour,En agglomération,Hors intersection,Normale,Deux véhicules - côté,,,,,,,,,,,1,2,1,1.0,3.0
201000017183,0010-11-05 04:10:00,10,11,5,4,10,60,88,"0, VOIE RAPIDE",,,Nuit avec éclairage allumé,En agglomération,Hors intersection,Normale,Autre collision,,,,,,,,,,,5,2,1,1.0,6.0
201000017184,0010-11-05 04:45:00,10,11,5,4,45,60,88,"4, COMBOUL (AV. RAYMOND)",,,Nuit avec éclairage non allumé,En agglomération,Hors intersection,Normale,Sans collision,,,,,,,,,,,4,2,1,1.0,7.0
201000017185,0010-11-05 23:40:00,10,11,5,23,40,60,88,"44, GAMBETTA (JUSQU'AU N",,,Nuit avec éclairage allumé,En agglomération,Hors intersection,Normale,Autre collision,,,,,,,,,,,5,2,1,1.0,6.0
201000017186,0010-11-06 01:00:00,10,11,6,1,0,60,88,"0, DESAMBROIS (AV.)",,,Nuit avec éclairage allumé,En agglomération,Intersection en X,Normale,Deux véhicules - côté,,,,,,,,,,,5,2,2,1.0,3.0
201000017187,0010-11-06 11:05:00,10,11,6,11,5,60,88,"35, MADELEINE (BD DE LA)",,,Plein jour,En agglomération,Hors intersection,Normale,Autre collision,,,,,,,,,,,1,2,1,1.0,6.0
201000017188,0010-11-06 14:00:00,10,11,6,14,0,60,88,"77, GAMBETTA (A PARTIR D",,,Plein jour,En agglomération,Hors intersection,Normale,Deux véhicules - côté,,,,,,,,,,,1,2,1,1.0,3.0
201000017189,0010-11-06 16:50:00,10,11,6,16,50,60,88,"0, DELFINO (BD GENERAL)",,,Plein jour,En agglomération,Hors intersection,Normale,Autre collision,,,,,,,,,,,1,2,1,1.0,6.0
201000017190,0010-11-06 18:15:00,10,11,6,18,15,60,159,"0, BASSE CORNICHE",,,Crépuscule ou aube,En agglomération,Hors intersection,Normale,Deux véhicules - côté,,,,,,,,,,,2,2,1,1.0,3.0
201000017191,0010-11-07 12:40:00,10,11,7,12,40,60,88,"79, ANGLAIS (DU N° 45 AU",,,Plein jour,En agglomération,Hors intersection,Normale,Deux véhicules - côté,,,,,,,,,,,1,2,1,1.0,3.0
201000017192,0010-11-08 10:45:00,10,11,8,10,45,60,88,"0, HERRIOT (BD EDOUARD)",,,Plein jour,En agglomération,Intersection en T,Normale,Deux véhicules - côté,,,,,,,,,,,1,2,3,1.0,3.0
201000017193,0010-11-08 15:40:00,10,11,8,15,40,60,88,"0, BARLA (RUE)",,,Plein jour,En agglomération,Intersection en T,Normale,Deux véhicules - côté,,,,,,,,,,,1,2,3,1.0,3.0
201000017194,0010-11-09 21:00:00,10,11,9,21,0,60,159,"0, GAMBETTA",,,Nuit avec éclairage allumé,En agglomération,Hors intersection,Normale,Deux véhicules - arrière,,,,,,,,,,,5,2,1,1.0,2.0
201000017195,0010-11-11 14:20:00,10,11,11,14,20,60,88,"0, BORRIGLIONE (A PARTIR",,,Plein jour,En agglomération,Intersection en X,Normale,Deux véhicules - côté,,,,,,,,,,,1,2,2,1.0,3.0
201000017196,0010-11-11 19:20:00,10,11,11,19,20,60,88,"33, MAETERLINCK (BD M.)",,,Nuit avec éclairage allumé,En agglomération,Hors intersection,Normale,Deux véhicules - côté,,,,,,,,,,,5,2,1,1.0,3.0
201000017197,0010-11-12 13:30:00,10,11,12,13,30,60,88,"10, MIRON (R.)",,,Plein jour,En agglomération,Hors intersection,Normale,Autre collision,,,,,,,,,,,1,2,1,1.0,6.0
201000017198,0010-11-12 15:45:00,10,11,12,15,45,60,88,"0, VOIE RAPIDE",,,Plein jour,En agglomération,Hors intersection,Normale,Trois véhicules et plus - en chaîne,,,,,,,,,,,1,2,1,1.0,4.0
201000017199,0010-11-12 18:00:00,10,11,12,18,0,60,88,"25, AUBER (AV.)",,,Nuit avec éclairage allumé,Hors agglomération,Hors intersection,Normale,Deux véhicules - côté,,,,,,,,,,,5,1,1,1.0,3.0
201000017200,0010-11-13 19:40:00,10,11,13,19,40,60,88,"124, CALIFORNIE (AV.) (D",,,Nuit avec éclairage allumé,En agglomération,Hors intersection,Normale,Deux véhicules - côté,,,,,,,,,,,5,2,1,1.0,3.0
201000017201,0010-11-15 17:45:00,10,11,15,17,45,60,88,"8, ACKERMANN (RUE LOUISE",,,Nuit avec éclairage allumé,En agglomération,Hors intersection,Pluie forte,Autre collision,,,,,,,,,,,5,2,1,3.0,6.0
201000017202,0010-11-15 19:35:00,10,11,15,19,35,60,88,"0, MONTREAL (BD DE)",,,Nuit avec éclairage allumé,En agglomération,Hors intersection,Pluie forte,Deux véhicules - côté,,,,,,,,,,,5,2,1,3.0,3.0
201000017203,0010-11-15 20:18:00,10,11,15,20,18,60,88,"38, BORNALA (AV. DE LA)",,,Nuit avec éclairage allumé,En agglomération,Hors intersection,Pluie légère,Deux véhicules - côté,,,,,,,,,,,5,2,1,2.0,3.0
201000017204,0010-11-16 10:40:00,10,11,16,10,40,60,88,"0, PENETRANTE DU PAILLON",,,Plein jour,En agglomération,Hors intersection,Pluie légère,Autre collision,,,,,,,,,,,1,2,1,2.0,6.0
201000017205,0010-11-17 11:30:00,10,11,17,11,30,60,88,"0, JOFFRE (R. MARECHAL)",,,Plein jour,En agglomération,Hors intersection,Normale,Autre collision,,,,,,,,,,,1,2,1,1.0,6.0
201000017206,0010-11-17 15:00:00,10,11,17,15,0,60,88,"0, NAPOLEON III (BD)",,,Plein jour,En agglomération,Hors intersection,Normale,Autre collision,,,,,,,,,,,1,2,1,1.0,6.0
201000017207,0010-11-18 12:00:00,10,11,18,12,0,60,88,"0, MIN NICE ST AUGUSTIN",,,Plein jour,En agglomération,Hors intersection,Normale,Deux véhicules - côté,,,,,,,,,,,1,2,1,1.0,3.0
201000017208,0010-11-18 15:40:00,10,11,18,15,40,60,88,"514, RD 6202",,,Plein jour,En agglomération,Hors intersection,Normale,Trois véhicules et plus - en chaîne,,,,,,,,,,,1,2,1,1.0,4.0
201000017209,0010-11-18 17:30:00,10,11,18,17,30,60,88,"0, MONZIE (R. ANATOLE DE",,,Nuit avec éclairage allumé,En agglomération,Hors intersection,Normale,Deux véhicules - côté,,,,,,,,,,,5,2,1,1.0,3.0
201000017210,0010-11-19 14:00:00,10,11,19,14,0,60,88,"146, NAPOLEON III (BD)",,,Plein jour,En agglomération,Hors intersection,Normale,Deux véhicules - côté,,,,,,,,,,,1,2,1,1.0,3.0
201000017211,0010-11-19 19:00:00,10,11,19,19,0,60,88,"0, VERNIER (R.)",,,Nuit avec éclairage allumé,En agglomération,Hors intersection,Normale,Autre collision,,,,,,,,,,,5,2,1,1.0,6.0
201000017212,0010-11-20 20:50:00,10,11,20,20,50,60,88,"0, VERNIER (R.)",,,Nuit avec éclairage allumé,En agglomération,Intersection en X,Pluie légère,Deux véhicules - côté,,,,,,,,,,,5,2,2,2.0,3.0
201000017213,0010-11-20 21:10:00,10,11,20,21,10,60,88,"0, ANGLAIS (A PARTIR DU",,,Nuit avec éclairage allumé,En agglomération,Hors intersection,Normale,Autre collision,,,,,,,,,,,5,2,1,1.0,6.0
201000017214,0010-11-22 11:20:00,10,11,22,11,20,60,88,"0, MASSIERE (JARDIN J.)",,,Plein jour,En agglomération,Hors intersection,Normale,Autre collision,,,,,,,,,,,1,2,1,1.0,6.0
201000017215,0010-11-22 13:50:00,10,11,22,13,50,60,88,"0, TURIN (RTE DE)",,,Plein jour,En agglomération,Hors intersection,Normale,Autre collision,,,,,,,,,,,1,2,1,1.0,6.0
201000017216,0010-11-22 17:14:00,10,11,22,17,14,60,88,"0, GRAVIER (AV.)",,,Crépuscule ou aube,En agglomération,Hors intersection,Normale,Autre collision,,,,,,,,,,,2,2,1,1.0,6.0
201000017217,0010-11-23 09:40:00,10,11,23,9,40,60,88,"0, RAYBAUD JOSEPH",,,Plein jour,En agglomération,Hors intersection,Normale,Deux véhicules - côté,,,,,,,,,,,1,2,1,1.0,3.0
201000017218,0010-11-23 09:50:00,10,11,23,9,50,60,88,"0, ROQUEBILLIERE (R. DE)",,,Plein jour,En agglomération,Hors intersection,Normale,Autre collision,,,,,,,,,,,1,2,1,1.0,6.0
201000017219,0010-11-23 16:16:00,10,11,23,16,16,60,88,"2, RAIBERTI (R.)",,,Plein jour,En agglomération,Hors intersection,Normale,Deux véhicules - côté,,,,,,,,,,,1,2,1,1.0,3.0
201000017220,0010-11-24 17:30:00,10,11,24,17,30,60,88,"0, BISCARRA (RUE)",,,Crépuscule ou aube,En agglomération,Intersection en X,Normale,Deux véhicules - côté,,,,,,,,,,,2,2,2,1.0,3.0
201000017221,0010-11-24 22:50:00,10,11,24,22,50,60,88,"0, DIABLES BLEUS (AV. DE",,,Nuit avec éclairage allumé,En agglomération,Intersection en X,Normale,Deux véhicules - côté,,,,,,,,,,,5,2,2,1.0,3.0
201000017222,0010-11-24 23:00:00,10,11,24,23,0,60,88,"401, MADELEINE (BD DE LA",,,Nuit avec éclairage allumé,En agglomération,Hors intersection,Normale,Autre collision,,,,,,,,,,,5,2,1,1.0,6.0
201000017223,0010-11-25 15:00:00,10,11,25,15,0,60,88,"59, SAINT-AUGUSTIN (AV.",,,Plein jour,En agglomération,Intersection en T,Normale,Deux véhicules - côté,,,,,,,,,,,1,2,3,1.0,3.0
201000017224,0010-11-25 15:15:00,10,11,25,15,15,60,88,"3, MIRABEAU (AV.)",,,Plein jour,En agglomération,Hors intersection,Normale,Autre collision,,,,,,,,,,,1,2,1,1.0,6.0
201000017225,0010-11-26 07:30:00,10,11,26,7,30,60,88,"146, NAPOLEON III (BD)",,,Plein jour,En agglomération,Hors intersection,Normale,Autre collision,,,,,,,,,,,1,2,1,1.0,6.0
201000017226,0010-11-26 08:45:00,10,11,26,8,45,60,88,"0, LEPINE (AV. DOYEN)",,,Plein jour,En agglomération,Hors intersection,Normale,Autre collision,,,,,,,,,,,1,2,1,1.0,6.0
201000017227,0010-11-26 13:10:00,10,11,26,13,10,60,88,"0, GAIRAUT (VIEUX CH.) (",,,Plein jour,En agglomération,Intersection en T,Normale,Deux véhicules - côté,,,,,,,,,,,1,2,3,1.0,3.0
201000017228,0010-11-26 14:10:00,10,11,26,14,10,60,88,"63, CASSIN (BD RENE)",,,Plein jour,En agglomération,Hors intersection,Autre,Autre collision,,,,,,,,,,,1,2,1,9.0,6.0
201000017229,0010-11-26 23:00:00,10,11,26,23,0,60,88,"0, CASSIN (BD RENE)",,,Nuit avec éclairage allumé,En agglomération,Hors intersection,Normale,Deux véhicules - côté,,,,,,,,,,,5,2,1,1.0,3.0
201000017230,0010-11-27 03:35:00,10,11,27,3,35,60,88,"0, ROI ROBERT COMTE DE P",,,Nuit avec éclairage allumé,En agglomération,Hors intersection,Normale,Autre collision,,,,,,,,,,,5,2,1,1.0,6.0
201000017231,0010-11-27 06:10:00,10,11,27,6,10,60,88,"52, MATISSE (AV. HENRI)",,,Nuit avec éclairage allumé,En agglomération,Hors intersection,Normale,Autre collision,,,,,,,,,,,5,2,1,1.0,6.0
201000017232,0010-11-27 11:15:00,10,11,27,11,15,60,88,"0, VISMARA (AV.)",,,Plein jour,En agglomération,Intersection en X,Normale,Deux véhicules - côté,,,,,,,,,,,1,2,2,1.0,3.0
201000017233,0010-11-27 14:50:00,10,11,27,14,50,60,88,"0, DALPOZZO (RUE)",,,Plein jour,En agglomération,Intersection en X,Normale,Deux véhicules - côté,,,,,,,,,,,1,2,2,1.0,3.0
201000017234,0010-11-27 16:10:00,10,11,27,16,10,60,88,"228, TURIN (RTE DE)",,,Plein jour,En agglomération,Hors intersection,Pluie légère,Autre collision,,,,,,,,,,,1,2,1,2.0,6.0
201000017235,0010-11-27 22:05:00,10,11,27,22,5,60,88,"09, FODERE (R. ET IMP.)",,,Nuit avec éclairage allumé,En agglomération,Intersection en T,Normale,Autre collision,,,,,,,,,,,5,2,3,1.0,6.0
201000017236,0010-11-29 07:15:00,10,11,29,7,15,60,88,"0, BAREL (PLACE MAX)",,,Crépuscule ou aube,En agglomération,Hors intersection,Normale,Deux véhicules - côté,,,,,,,,,,,2,2,1,1.0,3.0
201000017237,0010-11-29 07:20:00,10,11,29,7,20,60,88,"0, VOIE RAPIDE",,,Crépuscule ou aube,En agglomération,Hors intersection,Normale,Deux véhicules - côté,,,,,,,,,,,2,2,1,1.0,3.0
201000017238,0010-11-29 11:30:00,10,11,29,11,30,60,159,"0, CORNE D OR (BOULEVARD",,,Plein jour,En agglomération,Hors intersection,Normale,Autre collision,,,,,,,,,,,1,2,1,1.0,6.0
201000017239,0010-11-29 13:55:00,10,11,29,13,55,60,88,"0, HERRIOT (BD EDOUARD)",,,Plein jour,En agglomération,Hors intersection,Normale,Deux véhicules - côté,,,,,,,,,,,1,2,1,1.0,3.0
201000017240,0010-11-29 16:00:00,10,11,29,16,0,60,88,"49, CALIFORNIE (AV.) (DU",,,Plein jour,En agglomération,Hors intersection,Normale,Deux véhicules - côté,,,,,,,,,,,1,2,1,1.0,3.0
201000017241,0010-11-30 07:15:00,10,11,30,7,15,60,88,"0, VOIE RAPIDE",,,Plein jour,En agglomération,Hors intersection,Normale,Deux véhicules - arrière,,,,,,,,,,,1,2,1,1.0,2.0
201000017242,0010-11-30 08:30:00,10,11,30,8,30,60,88,"0, SAINT-PHILIPPE (PL.)",,,Plein jour,En agglomération,Hors intersection,Normale,Deux véhicules - côté,,,,,,,,,,,1,2,1,1.0,3.0
201000017243,0010-11-30 12:00:00,10,11,30,12,0,60,88,"0, HOTEL DES POSTES (R.)",,,Plein jour,En agglomération,Hors intersection,Normale,Deux véhicules - côté,,,,,,,,,,,1,2,1,1.0,3.0
201000017244,0010-11-30 12:40:00,10,11,30,12,40,60,88,"263, ANGLAIS (DU N° 114",,,Plein jour,En agglomération,Hors intersection,Autre,Deux véhicules - arrière,,,,,,,,,,,1,2,1,9.0,2.0
201000017245,0010-11-30 19:15:00,10,11,30,19,15,60,88,"0, FRANCE (AV. ANATOLE)",,,Nuit avec éclairage allumé,En agglomération,Hors intersection,Normale,Trois véhicules et plus - en chaîne,,,,,,,,,,,5,2,1,1.0,4.0
201000017246,0010-12-01 21:30:00,10,12,1,21,30,60,88,"0, ANGLAIS (DU N° 114 AU",,,Nuit avec éclairage allumé,En agglomération,Hors intersection,Normale,Deux véhicules - arrière,,,,,,,,,,,5,2,1,1.0,2.0
201000017247,0010-12-02 08:30:00,10,12,2,8,30,60,88,"259, MONT-BORON (BD DU)",,,Plein jour,En agglomération,Hors intersection,Normale,Deux véhicules - arrière,,,,,,,,,,,1,2,1,1.0,2.0
201000017248,0010-12-02 10:50:00,10,12,2,10,50,60,88,"84, SAPPIA (AV. HENRI)",,,Plein jour,En agglomération,Hors intersection,Normale,Autre collision,,,,,,,,,,,1,2,1,1.0,6.0
201000017249,0010-12-03 11:05:00,10,12,3,11,5,60,88,"0, COMBOUL (AV. RAYMOND)",,,Plein jour,En agglomération,Hors intersection,Normale,Autre collision,,,,,,,,,,,1,2,1,1.0,6.0
201000017250,0010-12-03 11:50:00,10,12,3,11,50,60,88,"35, CESSOLE (BD DE) (JUS",,,Plein jour,En agglomération,Hors intersection,Autre,Deux véhicules - frontale,,,,,,,,,,,1,2,1,9.0,1.0
201000017251,0010-12-03 12:05:00,10,12,3,12,5,60,88,"31, CAP DE CROIX (AV. ET",,,Plein jour,En agglomération,Hors intersection,Normale,Autre collision,,,,,,,,,,,1,2,1,1.0,6.0
201000017252,0010-12-03 14:40:00,10,12,3,14,40,60,88,"17, HOTEL DES POSTES (R.",,,Plein jour,En agglomération,Hors intersection,Normale,Deux véhicules - arrière,,,,,,,,,,,1,2,1,1.0,2.0
201000017253,0010-12-03 16:30:00,10,12,3,16,30,60,88,"0, VILLENEUVE (R. DE)",,,Plein jour,En agglomération,Intersection en X,Normale,Deux véhicules - frontale,,,,,,,,,,,1,2,2,1.0,1.0
201000017254,0010-12-04 03:10:00,10,12,4,3,10,60,88,"0, BINET (RUE ALFRED)",,,Nuit avec éclairage allumé,En agglomération,Intersection en X,Normale,Deux véhicules - côté,,,,,,,,,,,5,2,2,1.0,3.0
201000017255,0010-12-04 05:10:00,10,12,4,5,10,60,88,"183, ANGLAIS (DU N° 114",,,Nuit avec éclairage allumé,En agglomération,Hors intersection,Normale,Autre collision,,,,,,,,,,,5,2,1,1.0,6.0
201000017256,0010-12-04 13:35:00,10,12,4,13,35,60,88,"0, BLANCON (RUE PIERRE)",,,Plein jour,En agglomération,Intersection en X,Normale,Autre collision,,,,,,,,,,,1,2,2,1.0,6.0