accident_id,datetime,annee,mois,jour,heure,minute,departement,commune_insee,adresse,latitude,longitude,luminosite,agglomeration,intersection,meteo,collision,nb_vehicules,nb_usagers,nb_indemnes,nb_tues,nb_blesses_hosp,nb_blesses_legers,age_cond_1,age_cond_2,veh_type_cond_1,veh_type_cond_2,lum_code,agg_code,int_code,atm_code,col_code
201000017257,0010-12-06 08:00:00,10,12,6,8,0,60,159,"61, MOYENNE CORNICHE",,,Plein jour,En agglomération,Hors intersection,Pluie forte,Deux véhicules - côté,,,,,,,,,,,1,2,1,3.0,3.0
201000017258,0010-12-06 16:30:00,10,12,6,16,30,60,88,"0, COMBOUL (AV. RAYMOND)",,,Plein jour,En agglomération,Hors intersection,Pluie légère,Deux véhicules - côté,,,,,,,,,,,1,2,1,2.0,3.0
201000017259,0010-12-06 18:00:00,10,12,6,18,0,60,88,"0, CLEMENCEAU (AV. GEORG",,,Nuit avec éclairage allumé,En agglomération,Intersection en X,Pluie légère,Deux véhicules - côté,,,,,,,,,,,5,2,2,2.0,3.0
201000017260,0010-12-07 16:30:00,10,12,7,16,30,60,88,", GAMBETTA (A PARTIR DU",,,Plein jour,Hors agglomération,Hors intersection,Normale,Deux véhicules - côté,,,,,,,,,,,1,1,1,1.0,3.0
201000017261,0010-12-07 17:00:00,10,12,7,17,0,60,88,"0, WEYGAND (AV. GAL)",,,Crépuscule ou aube,En agglomération,Intersection en X,Autre,Deux véhicules - côté,,,,,,,,,,,2,2,2,9.0,3.0
201000017262,0010-12-08 09:35:00,10,12,8,9,35,60,88,"41, CESSOLE (BD DE) (JUS",,,Plein jour,En agglomération,Hors intersection,Pluie légère,Autre collision,,,,,,,,,,,1,2,1,2.0,6.0
201000017263,0010-12-08 12:10:00,10,12,8,12,10,60,88,"0, THIERS (AV.)",,,Plein jour,En agglomération,Hors intersection,Normale,Deux véhicules - côté,,,,,,,,,,,1,2,1,1.0,3.0
201000017264,0010-12-08 15:10:00,10,12,8,15,10,60,88,"0, GEORGES V (AV.)",,,Plein jour,En agglomération,Intersection en T,Normale,Deux véhicules - côté,,,,,,,,,,,1,2,3,1.0,3.0
201000017265,0010-12-08 17:45:00,10,12,8,17,45,60,88,"0, ROQUEBILLIERE (R. DE)",,,Plein jour,En agglomération,Intersection en X,Normale,Autre collision,,,,,,,,,,,1,2,2,1.0,6.0
201000017266,0010-12-08 18:50:00,10,12,8,18,50,60,88,CALIFORNIE (AV.) (A PART,,,Plein jour,En agglomération,Intersection en X,Normale,Autre collision,,,,,,,,,,,1,2,2,1.0,6.0
201000017267,0010-12-09 08:00:00,10,12,9,8,0,60,88,"51, GEORGES V (AV.)",,,Plein jour,En agglomération,Hors intersection,Normale,Autre collision,,,,,,,,,,,1,2,1,1.0,6.0
201000017268,0010-12-09 10:40:00,10,12,9,10,40,60,88,"0, ANGLAIS (DU N° 1 AU N",,,Plein jour,En agglomération,Hors intersection,Normale,Autre collision,,,,,,,,,,,1,2,1,1.0,6.0
201000017269,0010-12-09 11:45:00,10,12,9,11,45,60,88,"0, ANGLAIS PLAGE(  PARTI",,,Plein jour,En agglomération,Hors intersection,Normale,Deux véhicules - arrière,,,,,,,,,,,1,2,1,1.0,2.0
201000017270,0010-12-09 14:00:00,10,12,9,14,0,60,88,"1, MIRABEAU (AV.)",,,Plein jour,En agglomération,Hors intersection,Normale,Autre collision,,,,,,,,,,,1,2,1,1.0,6.0
201000017271,0010-12-09 17:45:00,10,12,9,17,45,60,88,"0, MATISSE (AV. HENRI)",,,Nuit avec éclairage allumé,En agglomération,Hors intersection,Normale,Deux véhicules - côté,,,,,,,,,,,5,2,1,1.0,3.0
201000017272,0010-12-09 20:50:00,10,12,9,20,50,60,88,"222, CALIFORNIE (AV.) (A",,,Nuit avec éclairage allumé,En agglomération,Hors intersection,Normale,Autre collision,,,,,,,,,,,5,2,1,1.0,6.0
201000017273,0010-12-10 07:30:00,10,12,10,7,30,60,88,"0, COTY (PONT RENE)",,,Crépuscule ou aube,En agglomération,Hors intersection,Normale,Deux véhicules - côté,,,,,,,,,,,2,2,1,1.0,3.0
201000017274,0010-12-10 08:25:00,10,12,10,8,25,60,88,"0, COTY (PONT RENE)",,,Plein jour,En agglomération,Hors intersection,Normale,Deux véhicules - côté,,,,,,,,,,,1,2,1,1.0,3.0
201000017275,0010-12-10 08:30:00,10,12,10,8,30,60,88,"154, ASPREMONT (RTE D')",,,Plein jour,En agglomération,Hors intersection,Normale,Autre collision,,,,,,,,,,,1,2,1,1.0,6.0
201000017276,0010-12-10 14:30:00,10,12,10,14,30,60,88,"1, GARNIER (BD JOSEPH)",,,Plein jour,En agglomération,Intersection en T,Normale,Autre collision,,,,,,,,,,,1,2,3,1.0,6.0
201000017277,0010-12-11 14:40:00,10,12,11,14,40,60,88,"12, VERNIER (R.)",,,Plein jour,En agglomération,Hors intersection,Normale,Autre collision,,,,,,,,,,,1,2,1,1.0,6.0
201000017278,0010-12-11 18:30:00,10,12,11,18,30,60,88,"0, DELFINO (BD GENERAL)",,,Nuit avec éclairage allumé,En agglomération,Hors intersection,Normale,Deux véhicules - côté,,,,,,,,,,,5,2,1,1.0,3.0
201000017279,0010-12-12 00:40:00,10,12,12,0,40,60,88,"1, FOCH (AV. MARECHAL)",,,Nuit avec éclairage allumé,En agglomération,Intersection en X,Normale,Deux véhicules - côté,,,,,,,,,,,5,2,2,1.0,3.0
201000017280,0010-12-12 04:45:00,10,12,12,4,45,60,88,"0, ANGLAIS (A PARTIR DU",,,Nuit avec éclairage allumé,En agglomération,Hors intersection,Normale,Autre collision,,,,,,,,,,,5,2,1,1.0,6.0
201000017281,0010-12-12 14:15:00,10,12,12,14,15,60,88,"0, PENETRANTE DU PAILLON",,,Plein jour,En agglomération,Hors intersection,Normale,Deux véhicules - arrière,,,,,,,,,,,1,2,1,1.0,2.0
201000017282,0010-12-13 08:30:00,10,12,13,8,30,60,88,"0, GAMBETTA (A PARTIR DU",,,Plein jour,En agglomération,Intersection en T,Normale,Deux véhicules - côté,,,,,,,,,,,1,2,3,1.0,3.0
201000017283,0010-12-13 10:15:00,10,12,13,10,15,60,88,"0, RISSO (BD)",,,Plein jour,En agglomération,Hors intersection,Normale,Autre collision,,,,,,,,,,,1,2,1,1.0,6.0
201000017284,0010-12-13 15:30:00,10,12,13,15,30,60,88,"0, ALLEGRE (AV. JEAN)",,,Plein jour,En agglomération,Hors intersection,Normale,Autre collision,,,,,,,,,,,1,2,1,1.0,6.0
201000017285,0010-12-13 17:20:00,10,12,13,17,20,60,88,"0, THIERS (AV.)",,,Nuit avec éclairage allumé,En agglomération,Hors intersection,Normale,Deux véhicules - frontale,,,,,,,,,,,5,2,1,1.0,1.0
201000017286,0010-12-13 17:51:00,10,12,13,17,51,60,159,"0, MOYENNE CORNICHE",,,Nuit avec éclairage allumé,En agglomération,Hors intersection,Normale,Deux véhicules - côté,,,,,,,,,,,5,2,1,1.0,3.0
201000017287,0010-12-13 18:02:00,10,12,13,18,2,60,88,"0, SAINT-AUGUSTIN (AV. D",,,Nuit avec éclairage allumé,En agglomération,Intersection en X,Normale,Deux véhicules - côté,,,,,,,,,,,5,2,2,1.0,3.0
201000017288,0010-12-13 18:45:00,10,12,13,18,45,60,88,"0, NAPOLEON III (BD)",,,Crépuscule ou aube,En agglomération,Hors intersection,Normale,Autre collision,,,,,,,,,,,2,2,1,1.0,6.0
201000017289,0010-12-14 07:45:00,10,12,14,7,45,60,88,"0, GRAVIER (AV.)",,,Plein jour,En agglomération,Hors intersection,Pluie forte,Autre collision,,,,,,,,,,,1,2,1,3.0,6.0
201000017290,0010-12-14 11:26:00,10,12,14,11,26,60,88,"271, RD 6202",,,Plein jour,En agglomération,Hors intersection,Normale,Autre collision,,,,,,,,,,,1,2,1,1.0,6.0
201000017291,0010-12-14 18:45:00,10,12,14,18,45,60,88,"0, SAINT-LAMBERT (AV.) (",,,Nuit avec éclairage allumé,En agglomération,Hors intersection,Normale,Deux véhicules - côté,,,,,,,,,,,5,2,1,1.0,3.0
201000017292,0010-12-14 19:45:00,10,12,14,19,45,60,88,"65, VALROSE (AV. )",,,Nuit avec éclairage allumé,En agglomération,Hors intersection,Normale,Autre collision,,,,,,,,,,,5,2,1,1.0,6.0
201000017293,0010-12-14 21:36:00,10,12,14,21,36,60,88,"0, MIOLLIS (R.)",,,Nuit avec éclairage allumé,En agglomération,Intersection en X,Normale,Autre collision,,,,,,,,,,,5,2,2,1.0,6.0
201000017294,0010-12-15 09:20:00,10,12,15,9,20,60,88,"0, GARIGLIANO (PONTS)",,,Plein jour,En agglomération,Hors intersection,Normale,Autre collision,,,,,,,,,,,1,2,1,1.0,6.0
201000017295,0010-12-15 14:45:00,10,12,15,14,45,60,88,"223, CALIFORNIE (AV.) (A",,,Plein jour,En agglomération,Hors intersection,Normale,Autre collision,,,,,,,,,,,1,2,1,1.0,6.0
201000017296,0010-12-15 18:20:00,10,12,15,18,20,60,88,"61, GRENOBLE (ROUTE DE)",,,Nuit avec éclairage allumé,En agglomération,Hors intersection,Normale,Autre collision,,,,,,,,,,,5,2,1,1.0,6.0
201000017297,0010-12-15 22:50:00,10,12,15,22,50,60,88,"0, LYAUTEY (AV. DU MAL)",,,Nuit avec éclairage allumé,En agglomération,Hors intersection,Normale,Deux véhicules - côté,,,,,,,,,,,5,2,1,1.0,3.0
201000017298,0010-12-16 17:40:00,10,12,16,17,40,60,88,"0, CALIFORNIE (AV.) (A P",,,Nuit avec éclairage allumé,En agglomération,Hors intersection,Normale,Deux véhicules - côté,,,,,,,,,,,5,2,1,1.0,3.0
201000017299,0010-12-17 15:00:00,10,12,17,15,0,60,88,"0, VOIE RAPIDE",,,Plein jour,En agglomération,Hors intersection,Normale,Trois véhicules et plus - collisions multiples,,,,,,,,,,,1,2,1,1.0,5.0
201000017300,0010-12-17 15:15:00,10,12,17,15,15,60,88,"54, BONAPARTE (RUE)",,,Plein jour,En agglomération,Hors intersection,Normale,Deux véhicules - arrière,,,,,,,,,,,1,2,1,1.0,2.0
201000017301,0010-12-17 16:30:00,10,12,17,16,30,60,88,"0, THIERS (AV.)",,,Plein jour,En agglomération,Hors intersection,Normale,Autre collision,,,,,,,,,,,1,2,1,1.0,6.0
201000017302,0010-12-18 15:20:00,10,12,18,15,20,60,88,"0, SAINT-ROCH (BD DE)",,,Plein jour,En agglomération,Hors intersection,Normale,Deux véhicules - côté,,,,,,,,,,,1,2,1,1.0,3.0
201000017303,0010-12-18 19:08:00,10,12,18,19,8,60,88,"0, DUBOUCHAGE (BD)",,,Nuit avec éclairage allumé,En agglomération,Intersection en T,Normale,Sans collision,,,,,,,,,,,5,2,3,1.0,7.0
201000017304,0010-12-20 00:30:00,10,12,20,0,30,60,88,CASSIN (BD RENE),,,Nuit sans éclairage public,En agglomération,Hors intersection,Normale,Autre collision,,,,,,,,,,,3,2,1,1.0,6.0
201000017305,0010-12-20 10:30:00,10,12,20,10,30,60,88,"87, ARENES DE CIMIEZ (AV",,,Plein jour,En agglomération,Hors intersection,Normale,Autre collision,,,,,,,,,,,1,2,1,1.0,6.0
201000017306,0010-12-20 12:00:00,10,12,20,12,0,60,88,"63, RAYBAUD JOSEPH",,,Plein jour,En agglomération,Hors intersection,Normale,Autre collision,,,,,,,,,,,1,2,1,1.0,6.0
201000017307,0010-12-20 15:30:00,10,12,20,15,30,60,88,"0, CAVENDISH (RUE)",,,Plein jour,En agglomération,Intersection en T,Normale,Deux véhicules - côté,,,,,,,,,,,1,2,3,1.0,3.0
201000017308,0010-12-20 17:40:00,10,12,20,17,40,60,88,"0, MONT-BORON (BD DU) (A",,,Crépuscule ou aube,En agglomération,Hors intersection,Normale,Deux véhicules - côté,,,,,,,,,,,2,2,1,1.0,3.0
201000017309,0010-12-21 08:20:00,10,12,21,8,20,60,88,"0, GRENOBLE (ROUTE DE)",,,Plein jour,En agglomération,Hors intersection,Pluie légère,Deux véhicules - côté,,,,,,,,,,,1,2,1,2.0,3.0
201000017310,0010-12-21 18:20:00,10,12,21,18,20,60,88,"7, DESAMBROIS (AV.)",,,Nuit avec éclairage allumé,Hors agglomération,Hors intersection,Pluie forte,Deux véhicules - arrière,,,,,,,,,,,5,1,1,3.0,2.0
201000017311,0010-12-21 18:25:00,10,12,21,18,25,60,88,"0, SMOLETT (R.)",,,Nuit avec éclairage allumé,En agglomération,Hors intersection,Pluie légère,Autre collision,,,,,,,,,,,5,2,1,2.0,6.0
201000017312,0010-12-21 18:30:00,10,12,21,18,30,60,88,"0, QUINZIEME CORPS (AV.",,,Nuit avec éclairage allumé,En agglomération,Hors intersection,Pluie forte,Deux véhicules - arrière,,,,,,,,,,,5,2,1,3.0,2.0
201000017313,0010-12-22 07:55:00,10,12,22,7,55,60,88,"18, SAINT-JEAN BAPTISTE",,,Nuit avec éclairage allumé,En agglomération,Hors intersection,Pluie forte,Deux véhicules - côté,,,,,,,,,,,5,2,1,3.0,3.0
201000017314,0010-12-22 11:45:00,10,12,22,11,45,60,88,"0, BARBERIS (RUE)",,,Plein jour,En agglomération,Hors intersection,Pluie légère,Autre collision,,,,,,,,,,,1,2,1,2.0,6.0
201000017315,0010-12-22 23:20:00,10,12,22,23,20,60,88,"98, CESSOLE (BD DE) (JUS",,,Nuit avec éclairage allumé,En agglomération,Hors intersection,Normale,Autre collision,,,,,,,,,,,5,2,1,1.0,6.0
201000017316,0010-12-23 07:15:00,10,12,23,7,15,60,88,"0, VOIE RAPIDE",,,Nuit avec éclairage allumé,En agglomération,Hors intersection,Normale,Deux véhicules - arrière,,,,,,,,,,,5,2,1,1.0,2.0
201000017317,0010-12-23 15:05:00,10,12,23,15,5,60,88,"52, BESSET (AV.) (A PART",,,Plein jour,Hors agglomération,Hors intersection,Pluie légère,Autre collision,,,,,,,,,,,1,1,1,2.0,6.0
201000017318,0010-12-23 18:15:00,10,12,23,18,15,60,88,"0, ROUGET-DE-LISLE (R.)",,,Nuit avec éclairage allumé,En agglomération,Hors intersection,Pluie forte,Autre collision,,,,,,,,,,,5,2,1,3.0,6.0
201000017319,0010-12-23 18:20:00,10,12,23,18,20,60,88,"60, STE MARGUERITE (AV.)",,,Nuit avec éclairage allumé,En agglomération,Hors intersection,Pluie légère,Autre collision,,,,,,,,,,,5,2,1,2.0,6.0
201000017320,0010-12-23 17:34:00,10,12,23,17,34,60,88,"68, GROSSO (A PARTIR DU",,,Nuit avec éclairage allumé,En agglomération,Hors intersection,Pluie légère,Trois véhicules et plus - en chaîne,,,,,,,,,,,5,2,1,2.0,4.0
201000017321,0010-12-25 02:59:00,10,12,25,2,59,60,88,"0, VOIE RAPIDE",,,Nuit avec éclairage allumé,En agglomération,Intersection en X,Pluie légère,Deux véhicules - côté,,,,,,,,,,,5,2,2,2.0,3.0
201000017322,0010-12-25 13:30:00,10,12,25,13,30,60,88,"0, BARBERIS (RUE)",,,Plein jour,En agglomération,Intersection en X,Pluie légère,Deux véhicules - côté,,,,,,,,,,,1,2,2,2.0,3.0
201000017323,0010-12-26 04:30:00,10,12,26,4,30,60,88,"0, POMPIDOU (BD GEORGES)",,,Nuit avec éclairage allumé,En agglomération,Hors intersection,Pluie légère,Autre collision,,,,,,,,,,,5,2,1,2.0,6.0
201000017324,0010-12-26 14:50:00,10,12,26,14,50,60,88,"31, GROSSO (JUSQU'AU N°",,,Plein jour,En agglomération,Hors intersection,Pluie légère,Autre collision,,,,,,,,,,,1,2,1,2.0,6.0
201000017325,0010-12-27 12:00:00,10,12,27,12,0,60,88,"0, BUENOS AIRES (AV. DE)",,,Plein jour,En agglomération,Hors intersection,Normale,Autre collision,,,,,,,,,,,1,2,1,1.0,6.0
201000017326,0010-12-27 14:50:00,10,12,27,14,50,60,88,"42, CANTA GALET (RTE DE)",,,Plein jour,En agglomération,Hors intersection,Normale,Deux véhicules - côté,,,,,,,,,,,1,2,1,1.0,3.0
201000017327,0010-12-28 00:01:00,10,12,28,0,1,60,88,"57 BIS, CLEMENCEAU (AV.",,,Nuit avec éclairage allumé,En agglomération,Hors intersection,Normale,Autre collision,,,,,,,,,,,5,2,1,1.0,6.0
201000017328,0010-12-28 19:00:00,10,12,28,19,0,60,88,"0, VOIE RAPIDE",,,Nuit avec éclairage allumé,En agglomération,Hors intersection,Normale,Deux véhicules - arrière,,,,,,,,,,,5,2,1,1.0,2.0
201000017329,0010-12-29 17:00:00,10,12,29,17,0,60,88,"0, JAURES (BD JEAN)",,,Plein jour,En agglomération,Hors intersection,Normale,Autre collision,,,,,,,,,,,1,2,1,1.0,6.0
201000017330,0010-12-30 14:00:00,10,12,30,14,0,60,88,"0, TRACHEL (RUE)",,,Plein jour,En agglomération,Hors intersection,Normale,Deux véhicules - arrière,,,,,,,,,,,1,2,1,1.0,2.0
201000017331,0010-12-30 20:50:00,10,12,30,20,50,60,88,"400, ANGLAIS (A PARTIR D",,,Nuit avec éclairage allumé,En agglomération,Intersection en X,Normale,Deux véhicules - côté,,,,,,,,,,,5,2,2,1.0,3.0
201000017332,0010-12-31 09:15:00,10,12,31,9,15,60,88,"128, MADELEINE (BD DE LA",,,Plein jour,En agglomération,Hors intersection,Normale,Autre collision,,,,,,,,,,,1,2,1,1.0,6.0
201000017333,0010-04-28 17:30:00,10,4,28,17,30,330,85,,44.783,-0.48,Plein jour,Hors agglomération,Hors intersection,Normale,Deux véhicules - frontale,,,,,,,,,,,1,1,1,1.0,1.0
201000017334,0010-08-12 07:00:00,10,8,12,7,0,330,85,20 chemin de la Lande,44.773,-0.462,Crépuscule ou aube,En agglomération,Hors intersection,Normale,Deux véhicules - côté,,,,,,,,,,,2,2,1,1.0,3.0
201000017335,0010-09-11 16:00:00,10,9,11,16,0,330,99,Chemin du Clos de L'Isle,44.812,-0.479,Plein jour,En agglomération,Hors intersection,Normale,Sans collision,,,,,,,,,,,1,2,1,1.0,7.0
201000017336,0010-11-29 08:30:00,10,11,29,8,30,330,65,,,,Plein jour,Hors agglomération,Giratoire,Normale,Autre collision,,,,,,,,,,,1,1,6,1.0,6.0
201000017337,0010-12-13 08:30:00,10,12,13,8,30,330,65,chemin de la matte,44.81,-0.515,Crépuscule ou aube,En agglomération,Hors intersection,Normale,Deux véhicules - côté,,,,,,,,,,,2,2,1,1.0,3.0
201000017338,0010-12-17 17:00:00,10,12,17,17,0,330,65,Quais de la Souys,44.819,-0.526,Plein jour,En agglomération,Hors intersection,Normale,Deux véhicules - frontale,,,,,,,,,,,1,2,1,1.0,1.0
201000017339,0010-12-21 16:15:00,10,12,21,16,15,330,99,,44.81,-0.48,Plein jour,Hors agglomération,Hors intersection,Pluie légère,Deux véhicules - frontale,,,,,,,,,,,1,1,1,2.0,1.0
201000017340,0010-01-12 18:30:00,10,1,12,18,30,580,207,,47.096,3.15,Nuit avec éclairage allumé,Hors agglomération,Hors intersection,Neige / grêle,Autre collision,,,,,,,,,,,5,1,1,4.0,6.0
201000017341,0010-05-29 22:30:00,10,5,29,22,30,580,300,route de Demeurs,47.088,3.193,Nuit avec éclairage allumé,En agglomération,Hors intersection,Pluie légère,Sans collision,,,,,,,,,,,5,2,1,2.0,7.0
201000017342,0010-06-24 18:30:00,10,6,24,18,30,580,207,,47.097,3.165,Plein jour,Hors agglomération,Hors intersection,Normale,Deux véhicules - frontale,,,,,,,,,,,1,1,1,1.0,1.0
201000017343,0010-06-25 16:00:00,10,6,25,16,0,580,303,Bld Camille Dagonneau,,,Plein jour,En agglomération,Hors intersection,Normale,Deux véhicules - côté,,,,,,,,,,,1,2,1,1.0,3.0
201000017344,0010-08-01 21:30:00,10,8,1,21,30,580,231,,47.14,3.21,Crépuscule ou aube,Hors agglomération,Hors intersection,Normale,Sans collision,,,,,,,,,,,2,1,1,1.0,7.0
201000017345,0010-12-09 17:45:00,10,12,9,17,45,580,303,,,,Nuit sans éclairage public,Hors agglomération,Hors intersection,Temps couvert,Deux véhicules - côté,,,,,,,,,,,3,1,1,8.0,3.0
201000017346,0010-06-03 09:00:00,10,6,3,9,0,210,171,,47.309,5.118,Plein jour,Hors agglomération,Giratoire,Normale,Deux véhicules - côté,,,,,,,,,,,1,1,6,1.0,3.0
201000017347,0010-08-02 23:45:00,10,8,2,23,45,210,515,AV CHATEAU PR NON CONNU,47.3136,5.10696,Nuit avec éclairage allumé,En agglomération,Hors intersection,Normale,Sans collision,,,,,,,,,,,5,2,1,1.0,7.0
201000017348,0010-09-04 19:00:00,10,9,4,19,0,210,605,,47.2921,5.09099,Plein jour,Hors agglomération,Intersection en T,Normale,Deux véhicules - côté,,,,,,,,,,,1,1,3,1.0,3.0
201000017349,0010-11-17 19:00:00,10,11,17,19,0,210,605,ROUTE DE CHEVIGNY,47.2977,5.1026,Nuit avec éclairage allumé,En agglomération,Hors intersection,Normale,Deux véhicules - côté,,,,,,,,,,,5,2,1,1.0,3.0
201000017350,0010-12-05 01:00:00,10,12,5,1,0,210,171,,47.305,5.164,Nuit sans éclairage public,Hors agglomération,Hors intersection,Temps couvert,Deux véhicules - frontale,,,,,,,,,,,3,1,1,8.0,1.0
201000017351,0010-09-11 15:30:00,10,9,11,15,30,150,45,,44.8344,2.9908,Plein jour,Hors agglomération,Hors intersection,Normale,Deux véhicules - côté,,,,,,,,,,,1,1,1,1.0,3.0
201000017352,0010-12-13 16:45:00,10,12,13,16,45,150,216,,44.7173,3.01737,Plein jour,Hors agglomération,Hors intersection,Normale,Deux véhicules - côté,,,,,,,,,,,1,1,1,1.0,3.0
201000017353,0010-01-30 12:30:00,10,1,30,12,30,130,25,CD46 QUARTIER MUSCATELLE,43.4862,5.56935,Plein jour,En agglomération,Hors intersection,Normale,Autre collision,,,,,,,,,,,1,2,1,1.0,6.0
201000017354,0010-04-16 09:00:00,10,4,16,9,0,130,25,,43.4896,5.54566,Plein jour,Hors agglomération,Hors intersection,Temps éblouissant,Deux véhicules - arrière,,,,,,,,,,,1,1,1,7.0,2.0
201000017355,0010-05-21 17:45:00,10,5,21,17,45,130,40,,43.4728,5.5781,Plein jour,Hors agglomération,Hors intersection,Normale,Trois véhicules et plus - collisions multiples,,,,,,,,,,,1,1,1,1.0,5.0
201000017356,0010-06-16 08:00:00,10,6,16,8,0,130,87,,43.4762,5.61957,Plein jour,Hors agglomération,Hors intersection,Normale,Deux véhicules - côté,,,,,,,,,,,1,1,1,1.0,3.0
201000017357,0010-06-21 14:15:00,10,6,21,14,15,130,87,,43.4867,5.60711,Plein jour,Hors agglomération,Hors intersection,Normale,Deux véhicules - côté,,,,,,,,,,,1,1,1,1.0,3.0
201000017358,0010-07-15 18:15:00,10,7,15,18,15,130,40,,43.4797,5.55244,Plein jour,Hors agglomération,Hors intersection,Normale,Deux véhicules - côté,,,,,,,,,,,1,1,1,1.0,3.0
201000017359,0010-08-23 06:15:00,10,8,23,6,15,130,25,,,,Crépuscule ou aube,Hors agglomération,Hors intersection,Normale,Sans collision,,,,,,,,,,,2,1,1,1.0,7.0
201000017360,0010-09-15 17:45:00,10,9,15,17,45,130,40,,43.4597,5.54641,Plein jour,Hors agglomération,Hors intersection,Normale,Deux véhicules - arrière,,,,,,,,,,,1,1,1,1.0,2.0
201000017361,0010-10-05 09:30:00,10,10,5,9,30,130,87,,43.4659,5.54508,Plein jour,Hors agglomération,Hors intersection,Normale,Trois véhicules et plus - collisions multiples,,,,,,,,,,,1,1,1,1.0,5.0
201000017362,0010-11-04 11:15:00,10,11,4,11,15,130,87,AVENUE MANÉOU,43.485,5.623,Plein jour,En agglomération,Place,Normale,Autre collision,,,,,,,,,,,1,2,7,1.0,6.0
201000017363,0010-01-15 19:15:00,10,1,15,19,15,470,302,,44.0714,0.16535,Nuit sans éclairage public,Hors agglomération,Hors intersection,Normale,Autre collision,,,,,,,,,,,3,1,1,1.0,6.0
201000017364,0010-01-18 11:00:00,10,1,18,11,0,470,195,LDT LIMONGES,,,Plein jour,Hors agglomération,Hors intersection,Normale,Autre collision,,,,,,,,,,,1,1,1,1.0,6.0
201000017365,0010-03-21 12:30:00,10,3,21,12,30,470,302,ldt Gueyze,,,Plein jour,Hors agglomération,Hors intersection,Normale,Deux véhicules - côté,,,,,,,,,,,1,1,1,1.0,3.0
201000017366,0010-04-12 08:45:00,10,4,12,8,45,470,102,Boulevard du Nord,,,Plein jour,En agglomération,Hors intersection,Normale,Autre collision,,,,,,,,,,,1,2,1,1.0,6.0
201000017367,0010-04-23 16:00:00,10,4,23,16,0,470,207,rond point du Placiot,,,Plein jour,Hors agglomération,Giratoire,Normale,Sans collision,,,,,,,,,,,1,1,6,1.0,7.0
201000017368,0010-06-13 21:00:00,10,6,13,21,0,470,167,ldt Doubiran,,,Plein jour,Hors agglomération,Hors intersection,Normale,Autre collision,,,,,,,,,,,1,1,1,1.0,6.0
201000017369,0010-06-24 15:30:00,10,6,24,15,30,470,97,,44.221,0.376,Plein jour,Hors agglomération,Hors intersection,Normale,Autre collision,,,,,,,,,,,1,1,1,1.0,6.0
201000017370,0010-07-10 20:00:00,10,7,10,20,0,470,195,AVENUE DES PYRÉNÉES,,,Plein jour,En agglomération,Hors intersection,Normale,Autre collision,,,,,,,,,,,1,2,1,1.0,6.0
201000017371,0010-07-11 00:45:00,10,7,11,0,45,470,21,53 RUE DES MARTINETS,,,Nuit sans éclairage public,Hors agglomération,Hors intersection,Normale,Autre collision,,,,,,,,,,,3,1,1,1.0,6.0
201000017372,0010-08-23 17:30:00,10,8,23,17,30,470,195,PARKING DE LA GARENNE,44.1348,0.34215,Plein jour,En agglomération,Place,Normale,Sans collision,,,,,,,,,,,1,2,7,1.0,7.0
201000017373,0010-08-27 10:30:00,10,8,27,10,30,470,143,LDT HARDEUIL,44.1885,0.27981,Plein jour,Hors agglomération,Intersection en T,Normale,Deux véhicules - côté,,,,,,,,,,,1,1,3,1.0,3.0
201000017374,0010-08-29 11:00:00,10,8,29,11,0,470,195,LDT LABARTHE,44.1183,0.34564,Plein jour,Hors agglomération,Hors intersection,Normale,Autre collision,,,,,,,,,,,1,1,1,1.0,6.0
201000017375,0010-10-17 05:45:00,10,10,17,5,45,470,97,LIEU-DIT LABARTHE,44.2155,0.3796,Nuit sans éclairage public,Hors agglomération,Hors intersection,Normale,Autre collision,,,,,,,,,,,3,1,1,1.0,6.0
201000017376,0010-10-31 01:30:00,10,10,31,1,30,470,195,,44.1005,0.35524,Nuit sans éclairage public,Hors agglomération,Hors intersection,Normale,Deux véhicules - frontale,,,,,,,,,,,3,1,1,1.0,1.0
201000017377,0010-11-08 14:00:00,10,11,8,14,0,470,174,LIEU-DIT HEUGAREDE,44.022,0.35928,Plein jour,Hors agglomération,Hors intersection,Pluie forte,Trois véhicules et plus - collisions multiples,,,,,,,,,,,1,1,1,3.0,5.0
201000017378,0010-01-06 16:40:00,10,1,6,16,40,70,10,"6, JANVIER (RUE FERDINAN",,,Plein jour,En agglomération,Autre intersection,Normale,Autre collision,,,,,,,,,,,1,2,9,1.0,6.0
201000017379,0010-01-06 10:50:00,10,1,6,10,50,70,10,REPUBLIQUE (BOULEVARD DE,,,Plein jour,En agglomération,Hors intersection,Normale,Autre collision,,,,,,,,,,,1,2,1,1.0,6.0
201000017380,0010-03-17 07:10:00,10,3,17,7,10,70,10,MERCIER (AVENUE DANIEL),,,Plein jour,En agglomération,Autre intersection,Normale,Autre collision,,,,,,,,,,,1,2,9,1.0,6.0
201000017381,0010-04-08 10:10:00,10,4,8,10,10,70,10,"17, BESSET (RUE JEAN JOS",,,Plein jour,En agglomération,Hors intersection,Normale,Trois véhicules et plus - collisions multiples,,,,,,,,,,,1,2,1,1.0,5.0
201000017382,0010-04-27 17:05:00,10,4,27,17,5,70,10,"55, MERCIER (AVENUE DANI",,,Plein jour,En agglomération,Intersection en T,Normale,Deux véhicules - côté,,,,,,,,,,,1,2,3,1.0,3.0
201000017383,0010-05-09 03:30:00,10,5,9,3,30,70,10,"140, MONTMIANDON (CORNIC",,,Nuit sans éclairage public,En agglomération,Hors intersection,Normale,Sans collision,,,,,,,,,,,3,2,1,1.0,7.0