accident_id,datetime,annee,mois,jour,heure,minute,departement,commune_insee,adresse,latitude,longitude,luminosite,agglomeration,intersection,meteo,collision,nb_vehicules,nb_usagers,nb_indemnes,nb_tues,nb_blesses_hosp,nb_blesses_legers,age_cond_1,age_cond_2,veh_type_cond_1,veh_type_cond_2,lum_code,agg_code,int_code,atm_code,col_code
201000017514,0010-06-09 15:30:00,10,6,9,15,30,510,299,N51,,,Plein jour,Hors agglomération,Hors intersection,Pluie forte,Sans collision,,,,,,,,,,,1,1,1,3.0,7.0
201000017515,0010-06-17 21:30:00,10,6,17,21,30,510,518,D26/ch. ste anne,,,Plein jour,En agglomération,Hors intersection,Normale,Sans collision,,,,,,,,,,,1,2,1,1.0,7.0
201000017516,0010-06-18 15:45:00,10,6,18,15,45,510,145,Place BOISSEAU,,,Plein jour,En agglomération,Hors intersection,Normale,Autre collision,,,,,,,,,,,1,2,1,1.0,6.0
201000017517,0010-08-21 19:30:00,10,8,21,19,30,510,662,a34/d151E1,,,Plein jour,Hors agglomération,Intersection en T,Normale,Deux véhicules - côté,,,,,,,,,,,1,1,3,1.0,3.0
201000017518,0010-09-12 16:45:00,10,9,12,16,45,510,101,rue de Witry,,,Plein jour,En agglomération,Hors intersection,Normale,Autre collision,,,,,,,,,,,1,2,1,1.0,6.0
201000017519,0010-10-10 16:30:00,10,10,10,16,30,510,660,D20/rue du val des bois,,,Plein jour,Hors agglomération,Intersection en T,Normale,Deux véhicules - frontale,,,,,,,,,,,1,1,3,1.0,1.0
201000017520,0010-10-28 07:30:00,10,10,28,7,30,510,329,D944,,,Nuit sans éclairage public,Hors agglomération,Hors intersection,Normale,Trois véhicules et plus - collisions multiples,,,,,,,,,,,3,1,1,1.0,5.0
201000017521,0010-12-04 05:15:00,10,12,4,5,15,510,329,D30,,,Nuit sans éclairage public,Hors agglomération,Hors intersection,Temps couvert,Autre collision,,,,,,,,,,,3,1,1,8.0,6.0
201000017522,0010-02-01 16:30:00,10,2,1,16,30,690,64,,,,Plein jour,En agglomération,Hors intersection,Normale,Deux véhicules - côté,,,,,,,,,,,1,2,1,1.0,3.0
201000017523,0010-06-23 18:45:00,10,6,23,18,45,690,7,ROUTE DE LA TAQUIÈRE,,,Plein jour,En agglomération,Hors intersection,Normale,Deux véhicules - côté,,,,,,,,,,,1,2,1,1.0,3.0
201000017524,0010-07-11 10:30:00,10,7,11,10,30,690,235,D502,,,Plein jour,En agglomération,Hors intersection,Normale,Deux véhicules - frontale,,,,,,,,,,,1,2,1,1.0,1.0
201000017525,0010-08-02 12:15:00,10,8,2,12,15,690,253,,,,Plein jour,Hors agglomération,Hors intersection,Normale,Deux véhicules - côté,,,,,,,,,,,1,1,1,1.0,3.0
201000017526,0010-08-22 06:10:00,10,8,22,6,10,690,64,RUE DE BELFORT,,,Crépuscule ou aube,En agglomération,Hors intersection,Normale,Autre collision,,,,,,,,,,,2,2,1,1.0,6.0
201000017527,0010-08-20 16:15:00,10,8,20,16,15,690,235,,,,Plein jour,Hors agglomération,Hors intersection,Normale,Deux véhicules - frontale,,,,,,,,,,,1,1,1,1.0,1.0
201000017528,0010-09-16 17:25:00,10,9,16,17,25,690,7,,,,Plein jour,En agglomération,Autre intersection,Normale,Autre collision,,,,,,,,,,,1,2,9,1.0,6.0
201000017529,0010-10-28 14:15:00,10,10,28,14,15,690,64,Chemin de la Plaine,,,Plein jour,En agglomération,Hors intersection,Normale,Trois véhicules et plus - collisions multiples,,,,,,,,,,,1,2,1,1.0,5.0
201000017530,0010-11-10 22:45:00,10,11,10,22,45,690,7,Route Départementale 386,,,Nuit avec éclairage allumé,En agglomération,Hors intersection,Normale,Autre collision,,,,,,,,,,,5,2,1,1.0,6.0
201000017531,0010-11-12 13:15:00,10,11,12,13,15,690,252,,,,Plein jour,En agglomération,Hors intersection,Normale,Autre collision,,,,,,,,,,,1,2,1,1.0,6.0
201000017532,0010-11-28 04:30:00,10,11,28,4,30,690,64,,,,Nuit sans éclairage public,Hors agglomération,Hors intersection,Normale,Deux véhicules - frontale,,,,,,,,,,,3,1,1,1.0,1.0
201000017533,0010-11-29 14:00:00,10,11,29,14,0,690,7,lieu dit VERENAY,,,Plein jour,En agglomération,Hors intersection,Normale,Trois véhicules et plus - en chaîne,,,,,,,,,,,1,2,1,1.0,4.0
201000017534,0010-01-20 07:00:00,10,1,20,7,0,370,50,,,,Crépuscule ou aube,Hors agglomération,Hors intersection,Pluie légère,Deux véhicules - arrière,,,,,,,,,,,2,1,1,2.0,2.0
201000017535,0010-02-20 16:15:00,10,2,20,16,15,370,18,,47.3356,0.62247,Plein jour,Hors agglomération,Hors intersection,Normale,Deux véhicules - arrière,,,,,,,,,,,1,1,1,1.0,2.0
201000017536,0010-02-26 16:30:00,10,2,26,16,30,370,243,,47.3508,0.5636,Plein jour,Hors agglomération,Hors intersection,Normale,Deux véhicules - frontale,,,,,,,,,,,1,1,1,1.0,1.0
201000017537,0010-04-15 14:30:00,10,4,15,14,30,370,50,AVENUE DU GRAND SUD,,,Plein jour,En agglomération,Giratoire,Normale,Sans collision,,,,,,,,,,,1,2,6,1.0,7.0
201000017538,0010-06-07 15:15:00,10,6,7,15,15,370,50,,,,Plein jour,En agglomération,Hors intersection,Normale,Trois véhicules et plus - collisions multiples,,,,,,,,,,,1,2,1,1.0,5.0
201000017539,0010-06-10 15:15:00,10,6,10,15,15,370,18,AVENUE DE CHINON,,,Plein jour,En agglomération,Intersection en X,Normale,Deux véhicules - côté,,,,,,,,,,,1,2,2,1.0,3.0
201000017540,0010-06-14 17:15:00,10,6,14,17,15,370,50,04 RUE JEAN PERRIN,,,Plein jour,En agglomération,Hors intersection,Normale,Deux véhicules - frontale,,,,,,,,,,,1,2,1,1.0,1.0
201000017541,0010-06-27 18:30:00,10,6,27,18,30,370,272,,,,Plein jour,Hors agglomération,Hors intersection,Normale,Sans collision,,,,,,,,,,,1,1,1,1.0,7.0
201000017542,0010-07-05 18:45:00,10,7,5,18,45,370,50,,47.3296,0.70699,Plein jour,Hors agglomération,Giratoire,Normale,Sans collision,,,,,,,,,,,1,1,6,1.0,7.0
201000017543,0010-09-06 18:00:00,10,9,6,18,0,370,18,,47.3631,0.62786,Plein jour,Hors agglomération,Hors intersection,Normale,Deux véhicules - côté,,,,,,,,,,,1,1,1,1.0,3.0
201000017544,0010-09-16 09:15:00,10,9,16,9,15,370,243,,47.3456,0.53041,Plein jour,Hors agglomération,Hors intersection,Normale,Deux véhicules - arrière,,,,,,,,,,,1,1,1,1.0,2.0
201000017545,0010-10-12 18:30:00,10,10,12,18,30,370,50,,,,Plein jour,En agglomération,Intersection en T,Normale,Autre collision,,,,,,,,,,,1,2,3,1.0,6.0
201000017546,0010-11-16 15:30:00,10,11,16,15,30,370,50,AVE GRAND SUD,,,Plein jour,En agglomération,Hors intersection,Pluie forte,Deux véhicules - côté,,,,,,,,,,,1,2,1,3.0,3.0
201000017547,0010-11-25 01:00:00,10,11,25,1,0,370,50,GRAND SUD AVENUE,47.3361,0.70486,Nuit sans éclairage public,En agglomération,Hors intersection,Pluie forte,Sans collision,,,,,,,,,,,3,2,1,3.0,7.0
201000017548,0010-11-26 09:30:00,10,11,26,9,30,370,99,,,,Crépuscule ou aube,Hors agglomération,Hors intersection,Normale,Deux véhicules - frontale,,,,,,,,,,,2,1,1,1.0,1.0
201000017549,0010-01-20 10:30:00,10,1,20,10,30,290,137,,47.85819,-3.54484,Plein jour,Hors agglomération,Hors intersection,Temps éblouissant,Autre collision,,,,,,,,,,,1,1,1,7.0,6.0
201000017550,0010-02-07 14:30:00,10,2,7,14,30,290,80,,48.32842,-4.24174,Plein jour,Hors agglomération,Hors intersection,Normale,Sans collision,,,,,,,,,,,1,1,1,1.0,7.0
201000017551,0010-02-13 17:15:00,10,2,13,17,15,290,140,rue René Goubin,48.376,-4.30734,Plein jour,En agglomération,Hors intersection,Normale,Deux véhicules - frontale,,,,,,,,,,,1,2,1,1.0,1.0
201000017552,0010-04-03 13:15:00,10,4,3,13,15,290,189,TOULL MELEN,48.36537,-4.37401,Plein jour,En agglomération,Hors intersection,Pluie légère,Deux véhicules - côté,,,,,,,,,,,1,2,1,2.0,3.0
201000017553,0010-04-08 07:45:00,10,4,8,7,45,290,189,Toul ar Rannig,48.36761,-4.37206,Plein jour,En agglomération,Giratoire,Normale,Deux véhicules - arrière,,,,,,,,,,,1,2,6,1.0,2.0
201000017554,0010-04-26 17:45:00,10,4,26,17,45,290,45,,48.42004,-4.24166,Plein jour,Hors agglomération,Hors intersection,Normale,Deux véhicules - côté,,,,,,,,,,,1,1,1,1.0,3.0
201000017555,0010-05-23 19:00:00,10,5,23,19,0,290,78,,48.35413,-4.12102,Plein jour,Hors agglomération,Hors intersection,Normale,Deux véhicules - frontale,,,,,,,,,,,1,1,1,1.0,1.0
201000017556,0010-06-24 19:45:00,10,6,24,19,45,290,140,,48.37611,-4.31448,Plein jour,Hors agglomération,Hors intersection,Temps éblouissant,Deux véhicules - arrière,,,,,,,,,,,1,1,1,7.0,2.0
201000017557,0010-07-01 14:15:00,10,7,1,14,15,290,270,,48.37989,-4.25735,Plein jour,Hors agglomération,Hors intersection,Normale,Autre collision,,,,,,,,,,,1,1,1,1.0,6.0
201000017558,0010-07-30 13:15:00,10,7,30,13,15,290,189,,48.36765,-4.39507,Plein jour,Hors agglomération,Hors intersection,Normale,Deux véhicules - frontale,,,,,,,,,,,1,1,1,1.0,1.0
201000017559,0010-09-16 13:30:00,10,9,16,13,30,290,45,,48.40478,-4.22935,Plein jour,Hors agglomération,Hors intersection,Normale,Deux véhicules - côté,,,,,,,,,,,1,1,1,1.0,3.0
201000017560,0010-01-23 20:45:00,10,1,23,20,45,330,5,,,,Nuit sans éclairage public,Hors agglomération,Hors intersection,Pluie légère,Autre collision,,,,,,,,,,,3,1,1,2.0,6.0
201000017561,0010-04-20 01:15:00,10,4,20,1,15,330,229,49 avenue République,44.711,-1.04699,Nuit avec éclairage allumé,En agglomération,Hors intersection,Normale,Autre collision,,,,,,,,,,,5,2,1,1.0,6.0
201000017562,0010-04-19 00:30:00,10,4,19,0,30,330,5,Avenue Maréchal Delattre,44.743,-1.095,Nuit avec éclairage allumé,En agglomération,Hors intersection,Normale,Sans collision,,,,,,,,,,,5,2,1,1.0,7.0
201000017563,0010-05-20 20:30:00,10,5,20,20,30,330,229,,44.783,-1.01699,Crépuscule ou aube,Hors agglomération,Giratoire,Normale,Sans collision,,,,,,,,,,,2,1,6,1.0,7.0
201000017564,0010-05-23 12:15:00,10,5,23,12,15,330,229,,44.82,-0.952,Plein jour,Hors agglomération,Hors intersection,Normale,Deux véhicules - côté,,,,,,,,,,,1,1,1,1.0,3.0
201000017565,0010-06-04 13:15:00,10,6,4,13,15,330,5,av jean marcel despagne,44.751,-1.099,Plein jour,En agglomération,Hors intersection,Normale,Deux véhicules - côté,,,,,,,,,,,1,2,1,1.0,3.0
201000017566,0010-06-05 10:45:00,10,6,5,10,45,330,229,,44.784,-0.967,Plein jour,Hors agglomération,Hors intersection,Normale,Deux véhicules - côté,,,,,,,,,,,1,1,1,1.0,3.0
201000017567,0010-06-27 09:00:00,10,6,27,9,0,330,229,Pont de blagon,,,Plein jour,En agglomération,Hors intersection,Normale,Deux véhicules - frontale,,,,,,,,,,,1,2,1,1.0,1.0
201000017568,0010-07-27 18:15:00,10,7,27,18,15,330,229,,44.71,-1.024,Plein jour,Hors agglomération,Hors intersection,Normale,Deux véhicules - côté,,,,,,,,,,,1,1,1,1.0,3.0
201000017569,0010-08-20 14:00:00,10,8,20,14,0,330,229,,,,Plein jour,Hors agglomération,Hors intersection,Normale,Deux véhicules - frontale,,,,,,,,,,,1,1,1,1.0,1.0
201000017570,0010-12-27 21:00:00,10,12,27,21,0,330,229,55 avenue  République,44.71,-1.04499,Nuit avec éclairage allumé,En agglomération,Hors intersection,Normale,Sans collision,,,,,,,,,,,5,2,1,1.0,7.0
201000017571,0010-01-15 21:45:00,10,1,15,21,45,600,172,,,,Nuit sans éclairage public,Hors agglomération,Hors intersection,Temps couvert,Autre collision,,,,,,,,,,,3,1,1,8.0,6.0
201000017572,0010-02-23 21:00:00,10,2,23,21,0,600,505,,49.164,2.553,Nuit sans éclairage public,Hors agglomération,Hors intersection,Normale,Sans collision,,,,,,,,,,,3,1,1,1.0,7.0
201000017573,0010-04-12 13:00:00,10,4,12,13,0,600,505,,,,Plein jour,Hors agglomération,Hors intersection,Normale,Trois véhicules et plus - collisions multiples,,,,,,,,,,,1,1,1,1.0,5.0
201000017574,0010-08-22 01:30:00,10,8,22,1,30,600,482,,,,Nuit sans éclairage public,Hors agglomération,Hors intersection,Pluie légère,Autre collision,,,,,,,,,,,3,1,1,2.0,6.0
201000017575,0010-09-12 01:15:00,10,9,12,1,15,600,142,,49.136,2.517,Nuit sans éclairage public,Hors agglomération,Hors intersection,Normale,Autre collision,,,,,,,,,,,3,1,1,1.0,6.0
201000017576,0010-12-27 09:00:00,10,12,27,9,0,600,142,CD 924A CITE HALPHEN,49.139,2.531,Plein jour,En agglomération,Hors intersection,Normale,Deux véhicules - frontale,,,,,,,,,,,1,2,1,1.0,1.0
201000017577,0010-01-10 13:15:00,10,1,10,13,15,730,257,VC la Croisette,,,Plein jour,En agglomération,Hors intersection,Normale,Autre collision,,,,,,,,,,,1,2,1,1.0,6.0
201000017578,0010-01-25 22:00:00,10,1,25,22,0,730,257,,,,Nuit sans éclairage public,Hors agglomération,Hors intersection,Normale,Sans collision,,,,,,,,,,,3,1,1,1.0,7.0
201000017579,0010-01-02 14:15:00,10,1,2,14,15,770,333,,,,Plein jour,Hors agglomération,Hors intersection,Normale,Deux véhicules - côté,,,,,,,,,,,1,1,1,1.0,3.0
201000017580,0010-02-10 16:50:00,10,2,10,16,50,770,333,,,,Plein jour,Hors agglomération,Hors intersection,Neige / grêle,Trois véhicules et plus - collisions multiples,,,,,,,,,,,1,1,1,4.0,5.0
201000017581,0010-02-12 04:30:00,10,2,12,4,30,770,477,,,,Nuit sans éclairage public,Hors agglomération,Hors intersection,Autre,Autre collision,,,,,,,,,,,3,1,1,9.0,6.0
201000017582,0010-02-11 10:30:00,10,2,11,10,30,770,477,,,,Plein jour,Hors agglomération,Hors intersection,Neige / grêle,Autre collision,,,,,,,,,,,1,1,1,4.0,6.0
201000017583,0010-03-30 18:45:00,10,3,30,18,45,770,407,,,,Plein jour,Hors agglomération,Hors intersection,Vent fort / tempête,Autre collision,,,,,,,,,,,1,1,1,6.0,6.0
201000017584,0010-04-21 09:00:00,10,4,21,9,0,770,65,,48.473,2.541,Plein jour,Hors agglomération,Autre intersection,Normale,Sans collision,,,,,,,,,,,1,1,9,1.0,7.0
201000017585,0010-05-09 09:00:00,10,5,9,9,0,770,69,,48.461,2.603,Plein jour,Hors agglomération,Hors intersection,Normale,Deux véhicules - frontale,,,,,,,,,,,1,1,1,1.0,1.0
201000017586,0010-05-22 16:30:00,10,5,22,16,30,770,333,,48.172,2.767,Plein jour,Hors agglomération,Hors intersection,Normale,Autre collision,,,,,,,,,,,1,1,1,1.0,6.0
201000017587,0010-06-01 18:00:00,10,6,1,18,0,770,359,,48.483,2.516,Plein jour,Hors agglomération,Hors intersection,Pluie forte,Sans collision,,,,,,,,,,,1,1,1,3.0,7.0
201000017588,0010-06-04 09:15:00,10,6,4,9,15,770,6,,48.41,2.553,Plein jour,Hors agglomération,Hors intersection,Normale,Deux véhicules - frontale,,,,,,,,,,,1,1,1,1.0,1.0
201000017589,0010-06-21 15:00:00,10,6,21,15,0,770,6,,,,Plein jour,Hors agglomération,Hors intersection,Normale,Deux véhicules - arrière,,,,,,,,,,,1,1,1,1.0,2.0
201000017590,0010-08-05 20:30:00,10,8,5,20,30,770,407,,48.495,2.514,Plein jour,Hors agglomération,Hors intersection,Normale,Deux véhicules - frontale,,,,,,,,,,,1,1,1,1.0,1.0
201000017591,0010-10-17 18:00:00,10,10,17,18,0,770,407,,48.551,2.496,Plein jour,Hors agglomération,Hors intersection,Normale,Autre collision,,,,,,,,,,,1,1,1,1.0,6.0
201000017592,0010-12-28 07:45:00,10,12,28,7,45,770,359,,48.476,2.507,Plein jour,Hors agglomération,Hors intersection,Normale,Deux véhicules - arrière,,,,,,,,,,,1,1,1,1.0,2.0
201000017593,0010-02-17 20:00:00,10,2,17,20,0,890,277,,,,Nuit sans éclairage public,Hors agglomération,Hors intersection,Pluie légère,Autre collision,,,,,,,,,,,3,1,1,2.0,6.0
201000017594,0010-04-02 19:30:00,10,4,2,19,30,890,197,,,,Plein jour,Hors agglomération,Hors intersection,Pluie forte,Autre collision,,,,,,,,,,,1,1,1,3.0,6.0
201000017595,0010-04-09 12:15:00,10,4,9,12,15,890,277,,,,Plein jour,Hors agglomération,Hors intersection,Normale,Sans collision,,,,,,,,,,,1,1,1,1.0,7.0
201000017596,0010-04-29 11:30:00,10,4,29,11,30,890,208,,,,Plein jour,Hors agglomération,Hors intersection,Normale,Sans collision,,,,,,,,,,,1,1,1,1.0,7.0
201000017597,0010-06-27 08:00:00,10,6,27,8,0,890,316,,,,Plein jour,Hors agglomération,Hors intersection,Normale,Autre collision,,,,,,,,,,,1,1,1,1.0,6.0
201000017598,0010-01-28 07:45:00,10,1,28,7,45,620,624,,50.424,2.986,Nuit avec éclairage allumé,Hors agglomération,Hors intersection,Normale,Deux véhicules - arrière,,,,,,,,,,,5,1,1,1.0,2.0
201000017599,0010-02-28 17:45:00,10,2,28,17,45,620,754,,50.187,2.873,Plein jour,Hors agglomération,Hors intersection,Vent fort / tempête,Sans collision,,,,,,,,,,,1,1,1,6.0,7.0
201000017600,0010-05-09 00:45:00,10,5,9,0,45,620,708,,50.096,2.872,Nuit sans éclairage public,Hors agglomération,Hors intersection,Normale,Sans collision,,,,,,,,,,,3,1,1,1.0,7.0
201000017601,0010-05-19 04:15:00,10,5,19,4,15,620,728,,50.232,3.062,Nuit sans éclairage public,Hors agglomération,Hors intersection,Normale,Autre collision,,,,,,,,,,,3,1,1,1.0,6.0
201000017602,0010-06-04 13:00:00,10,6,4,13,0,620,761,,,,Plein jour,Hors agglomération,Hors intersection,Normale,Deux véhicules - arrière,,,,,,,,,,,1,1,1,1.0,2.0
201000017603,0010-06-19 12:00:00,10,6,19,12,0,620,80,,,,Plein jour,Hors agglomération,Hors intersection,Normale,Deux véhicules - côté,,,,,,,,,,,1,1,1,1.0,3.0
201000017604,0010-07-02 02:45:00,10,7,2,2,45,620,680,,50.37,2.967,Nuit sans éclairage public,Hors agglomération,Hors intersection,Normale,Sans collision,,,,,,,,,,,3,1,1,1.0,7.0
201000017605,0010-07-02 11:00:00,10,7,2,11,0,620,121,,50.127,2.872,Plein jour,Hors agglomération,Hors intersection,Normale,Sans collision,,,,,,,,,,,1,1,1,1.0,7.0
201000017606,0010-09-15 00:30:00,10,9,15,0,30,620,761,,50.24,2.856,Nuit sans éclairage public,Hors agglomération,Hors intersection,Pluie légère,Autre collision,,,,,,,,,,,3,1,1,2.0,6.0
201000017607,0010-09-18 06:30:00,10,9,18,6,30,620,594,,,,Nuit sans éclairage public,Hors agglomération,Hors intersection,Normale,Sans collision,,,,,,,,,,,3,1,1,1.0,7.0
201000017608,0010-12-10 15:45:00,10,12,10,15,45,620,829,,50.067,2.874,Plein jour,Hors agglomération,Hors intersection,Normale,Autre collision,,,,,,,,,,,1,1,1,1.0,6.0
201000017609,0010-12-14 06:00:00,10,12,14,6,0,620,427,,50.382,2.977,Nuit sans éclairage public,Hors agglomération,Hors intersection,Normale,Sans collision,,,,,,,,,,,3,1,1,1.0,7.0
201000017610,0010-12-25 05:00:00,10,12,25,5,0,620,369,,50.339,2.922,Nuit avec éclairage allumé,Hors agglomération,Hors intersection,Neige / grêle,Autre collision,,,,,,,,,,,5,1,1,4.0,6.0
201000017611,0010-12-28 04:45:00,10,12,28,4,45,620,754,,,,Nuit sans éclairage public,Hors agglomération,Hors intersection,Autre,Deux véhicules - arrière,,,,,,,,,,,3,1,1,9.0,2.0
201000017612,0010-12-28 05:15:00,10,12,28,5,15,620,582,,50.275,2.87,Nuit avec éclairage allumé,Hors agglomération,Hors intersection,Autre,Trois véhicules et plus - collisions multiples,,,,,,,,,,,5,1,1,9.0,5.0
201000017613,0010-12-28 04:30:00,10,12,28,4,30,620,80,,,,Nuit sans éclairage public,Hors agglomération,Hors intersection,Autre,Deux véhicules - côté,,,,,,,,,,,3,1,1,9.0,3.0
201000017614,0010-02-01 09:45:00,10,2,1,9,45,800,288,,,,Plein jour,Hors agglomération,Hors intersection,Autre,Autre collision,,,,,,,,,,,1,1,1,9.0,6.0
201000017615,0010-02-05 21:30:00,10,2,5,21,30,800,2,,,,Nuit avec éclairage allumé,Hors agglomération,Autre intersection,Normale,Autre collision,,,,,,,,,,,5,1,9,1.0,6.0
201000017616,0010-02-15 12:45:00,10,2,15,12,45,800,307,,,,Plein jour,Hors agglomération,Hors intersection,Normale,Deux véhicules - côté,,,,,,,,,,,1,1,1,1.0,3.0
201000017617,0010-03-13 07:15:00,10,3,13,7,15,800,521,,,,Plein jour,Hors agglomération,Hors intersection,Normale,Sans collision,,,,,,,,,,,1,1,1,1.0,7.0
201000017618,0010-03-15 01:00:00,10,3,15,1,0,800,359,,,,Nuit sans éclairage public,Hors agglomération,Hors intersection,Normale,Deux véhicules - arrière,,,,,,,,,,,3,1,1,1.0,2.0
201000017619,0010-04-11 08:15:00,10,4,11,8,15,800,359,,,,Plein jour,Hors agglomération,Hors intersection,Normale,Sans collision,,,,,,,,,,,1,1,1,1.0,7.0
201000017620,0010-04-11 10:45:00,10,4,11,10,45,800,90,,,,Plein jour,Hors agglomération,Hors intersection,Normale,Autre collision,,,,,,,,,,,1,1,1,1.0,6.0
201000017621,0010-04-28 16:15:00,10,4,28,16,15,800,359,,,,Plein jour,Hors agglomération,Hors intersection,Normale,Deux véhicules - arrière,,,,,,,,,,,1,1,1,1.0,2.0
201000017622,0010-05-07 04:30:00,10,5,7,4,30,800,359,,,,Nuit sans éclairage public,Hors agglomération,Autre intersection,Normale,Deux véhicules - côté,,,,,,,,,,,3,1,9,1.0,3.0
201000017623,0010-05-28 07:15:00,10,5,28,7,15,800,33,,,,Plein jour,Hors agglomération,Hors intersection,Normale,Deux véhicules - arrière,,,,,,,,,,,1,1,1,1.0,2.0
201000017624,0010-05-26 10:15:00,10,5,26,10,15,800,467,,,,Plein jour,Hors agglomération,Hors intersection,Normale,Autre collision,,,,,,,,,,,1,1,1,1.0,6.0
201000017625,0010-06-02 12:00:00,10,6,2,12,0,800,658,,,,Plein jour,Hors agglomération,Hors intersection,Normale,Autre collision,,,,,,,,,,,1,1,1,1.0,6.0
201000017626,0010-06-04 03:45:00,10,6,4,3,45,800,2,,,,Nuit sans éclairage public,Hors agglomération,Hors intersection,Normale,Deux véhicules - arrière,,,,,,,,,,,3,1,1,1.0,2.0
201000017627,0010-06-06 17:15:00,10,6,6,17,15,800,467,,,,Plein jour,Hors agglomération,Hors intersection,Normale,Autre collision,,,,,,,,,,,1,1,1,1.0,6.0
201000017628,0010-06-10 08:00:00,10,6,10,8,0,800,204,,,,Plein jour,Hors agglomération,Hors intersection,Normale,Deux véhicules - côté,,,,,,,,,,,1,1,1,1.0,3.0
201000017629,0010-07-02 15:30:00,10,7,2,15,30,800,467,,,,Plein jour,Hors agglomération,Hors intersection,Temps éblouissant,Autre collision,,,,,,,,,,,1,1,1,7.0,6.0
201000017630,0010-07-08 07:45:00,10,7,8,7,45,800,204,,,,Plein jour,Hors agglomération,Hors intersection,Normale,Trois véhicules et plus - en chaîne,,,,,,,,,,,1,1,1,1.0,4.0
201000017631,0010-08-21 20:15:00,10,8,21,20,15,800,204,,,,Plein jour,Hors agglomération,Hors intersection,Normale,Deux véhicules - côté,,,,,,,,,,,1,1,1,1.0,3.0
201000017632,0010-08-30 13:30:00,10,8,30,13,30,800,521,,,,Plein jour,Hors agglomération,Hors intersection,Normale,Sans collision,,,,,,,,,,,1,1,1,1.0,7.0
201000017633,0010-10-20 02:45:00,10,10,20,2,45,800,307,,,,Nuit avec éclairage allumé,Hors agglomération,Hors intersection,Normale,Deux véhicules - côté,,,,,,,,,,,5,1,1,1.0,3.0
201000017634,0010-10-30 03:30:00,10,10,30,3,30,800,313,,,,Nuit sans éclairage public,Hors agglomération,Hors intersection,Normale,Deux véhicules - frontale,,,,,,,,,,,3,1,1,1.0,1.0
201000017635,0010-11-03 22:00:00,10,11,3,22,0,800,685,,,,Nuit sans éclairage public,Hors agglomération,Hors intersection,Normale,Deux véhicules - côté,,,,,,,,,,,3,1,1,1.0,3.0
201000017636,0010-11-08 14:45:00,10,11,8,14,45,800,430,,,,Plein jour,Hors agglomération,Hors intersection,Pluie forte,Autre collision,,,,,,,,,,,1,1,1,3.0,6.0
201000017637,0010-12-17 05:15:00,10,12,17,5,15,800,521,,,,Nuit sans éclairage public,Hors agglomération,Hors intersection,Temps couvert,Deux véhicules - arrière,,,,,,,,,,,3,1,1,8.0,2.0
201000017638,0010-12-29 12:30:00,10,12,29,12,30,800,307,,,,Plein jour,Hors agglomération,Hors intersection,Pluie légère,Autre collision,,,,,,,,,,,1,1,1,2.0,6.0
201000017639,0010-01-29 13:00:00,10,1,29,13,0,710,73,,,,Plein jour,Hors agglomération,Hors intersection,Normale,Deux véhicules - arrière,,,,,,,,,,,1,1,1,1.0,2.0
201000017640,0010-05-12 17:00:00,10,5,12,17,0,710,269,,,,Plein jour,Hors agglomération,Hors intersection,Normale,Deux véhicules - frontale,,,,,,,,,,,1,1,1,1.0,1.0
201000017641,0010-06-29 18:45:00,10,6,29,18,45,710,520,,,,Plein jour,Hors agglomération,Hors intersection,Normale,Deux véhicules - arrière,,,,,,,,,,,1,1,1,1.0,2.0
201000017642,0010-02-25 04:15:00,10,2,25,4,15,710,150,,,,Nuit sans éclairage public,Hors agglomération,Hors intersection,Normale,Deux véhicules - côté,,,,,,,,,,,3,1,1,1.0,3.0
201000017643,0010-03-21 02:30:00,10,3,21,2,30,710,90,,,,Nuit sans éclairage public,Hors agglomération,Hors intersection,Normale,Autre collision,,,,,,,,,,,3,1,1,1.0,6.0
201000017644,0010-03-25 03:45:00,10,3,25,3,45,710,383,,,,Nuit sans éclairage public,Hors agglomération,Hors intersection,Normale,Deux véhicules - arrière,,,,,,,,,,,3,1,1,1.0,2.0
201000017645,0010-04-08 12:30:00,10,4,8,12,30,710,150,,,,Plein jour,Hors agglomération,Hors intersection,Normale,Sans collision,,,,,,,,,,,1,1,1,1.0,7.0
201000017646,0010-06-11 20:45:00,10,6,11,20,45,710,150,,,,Crépuscule ou aube,Hors agglomération,Hors intersection,Pluie forte,Deux véhicules - arrière,,,,,,,,,,,2,1,1,3.0,2.0
201000017647,0010-06-11 19:15:00,10,6,11,19,15,710,543,,,,Plein jour,Hors agglomération,Hors intersection,Pluie légère,Autre collision,,,,,,,,,,,1,1,1,2.0,6.0
201000017648,0010-06-13 00:45:00,10,6,13,0,45,710,305,,,,Nuit sans éclairage public,Hors agglomération,Hors intersection,Normale,Deux véhicules - arrière,,,,,,,,,,,3,1,1,1.0,2.0