accident_id,datetime,annee,mois,jour,heure,minute,departement,commune_insee,adresse,latitude,longitude,luminosite,agglomeration,intersection,meteo,collision,nb_vehicules,nb_usagers,nb_indemnes,nb_tues,nb_blesses_hosp,nb_blesses_legers,age_cond_1,age_cond_2,veh_type_cond_1,veh_type_cond_2,lum_code,agg_code,int_code,atm_code,col_code
201000017649,0010-06-15 02:15:00,10,6,15,2,15,710,270,,,,Nuit sans éclairage public,Hors agglomération,Hors intersection,Pluie légère,Trois véhicules et plus - en chaîne,,,,,,,,,,,3,1,1,2.0,4.0
201000017650,0010-07-01 15:15:00,10,7,1,15,15,710,481,,,,Plein jour,Hors agglomération,Hors intersection,Normale,Autre collision,,,,,,,,,,,1,1,1,1.0,6.0
201000017651,0010-07-19 11:00:00,10,7,19,11,0,710,543,,,,Plein jour,Hors agglomération,Hors intersection,Temps éblouissant,Autre collision,,,,,,,,,,,1,1,1,7.0,6.0
201000017652,0010-07-25 19:45:00,10,7,25,19,45,710,543,,,,Plein jour,Hors agglomération,Hors intersection,Normale,Deux véhicules - arrière,,,,,,,,,,,1,1,1,1.0,2.0
201000017653,0010-07-26 11:45:00,10,7,26,11,45,710,576,,,,Plein jour,Hors agglomération,Hors intersection,Temps éblouissant,Sans collision,,,,,,,,,,,1,1,1,7.0,7.0
201000017654,0010-07-31 07:30:00,10,7,31,7,30,710,481,,,,Plein jour,Hors agglomération,Hors intersection,Normale,Autre collision,,,,,,,,,,,1,1,1,1.0,6.0
201000017655,0010-08-05 01:00:00,10,8,5,1,0,710,150,,,,Nuit sans éclairage public,Hors agglomération,Hors intersection,Normale,Deux véhicules - côté,,,,,,,,,,,3,1,1,1.0,3.0
201000017656,0010-09-10 20:15:00,10,9,10,20,15,710,481,,,,Nuit sans éclairage public,Hors agglomération,Hors intersection,Normale,Autre collision,,,,,,,,,,,3,1,1,1.0,6.0
201000017657,0010-09-23 16:30:00,10,9,23,16,30,710,481,,,,Plein jour,Hors agglomération,Hors intersection,Normale,Trois véhicules et plus - collisions multiples,,,,,,,,,,,1,1,1,1.0,5.0
201000017658,0010-10-13 00:45:00,10,10,13,0,45,710,543,,,,Nuit sans éclairage public,Hors agglomération,Hors intersection,Normale,Autre collision,,,,,,,,,,,3,1,1,1.0,6.0
201000017659,0010-12-27 12:45:00,10,12,27,12,45,710,90,,,,Plein jour,Hors agglomération,Hors intersection,Normale,Autre collision,,,,,,,,,,,1,1,1,1.0,6.0
201000017660,0010-02-18 08:15:00,10,2,18,8,15,890,24,,,,Plein jour,Hors agglomération,Hors intersection,Normale,Autre collision,,,,,,,,,,,1,1,1,1.0,6.0
201000017661,0010-03-06 06:45:00,10,3,6,6,45,890,366,,,,Crépuscule ou aube,Hors agglomération,Hors intersection,Temps couvert,Autre collision,,,,,,,,,,,2,1,1,8.0,6.0
201000017662,0010-03-24 04:30:00,10,3,24,4,30,890,341,,,,Nuit sans éclairage public,Hors agglomération,Hors intersection,Normale,Trois véhicules et plus - en chaîne,,,,,,,,,,,3,1,1,1.0,4.0
201000017663,0010-03-25 18:30:00,10,3,25,18,30,890,263,,,,Plein jour,Hors agglomération,Hors intersection,Pluie forte,Autre collision,,,,,,,,,,,1,1,1,3.0,6.0
201000017664,0010-03-27 19:00:00,10,3,27,19,0,890,108,,,,Nuit sans éclairage public,Hors agglomération,Hors intersection,Pluie légère,Deux véhicules - arrière,,,,,,,,,,,3,1,1,2.0,2.0
201000017665,0010-04-04 09:15:00,10,4,4,9,15,890,263,,,,Plein jour,Hors agglomération,Hors intersection,Pluie légère,Sans collision,,,,,,,,,,,1,1,1,2.0,7.0
201000017666,0010-04-15 23:00:00,10,4,15,23,0,890,484,,,,Nuit sans éclairage public,Hors agglomération,Hors intersection,Normale,Deux véhicules - arrière,,,,,,,,,,,3,1,1,1.0,2.0
201000017667,0010-06-14 14:45:00,10,6,14,14,45,890,484,,,,Plein jour,Hors agglomération,Hors intersection,Temps couvert,Autre collision,,,,,,,,,,,1,1,1,8.0,6.0
201000017668,0010-06-24 15:00:00,10,6,24,15,0,890,163,,,,Plein jour,Hors agglomération,Hors intersection,Normale,Autre collision,,,,,,,,,,,1,1,1,1.0,6.0
201000017669,0010-06-28 12:00:00,10,6,28,12,0,890,438,,,,Plein jour,Hors agglomération,Hors intersection,Normale,Sans collision,,,,,,,,,,,1,1,1,1.0,7.0
201000017670,0010-01-29 13:15:00,10,1,29,13,15,130,51,,43.5827,5.20663,Plein jour,Hors agglomération,Hors intersection,Normale,Deux véhicules - côté,,,,,,,,,,,1,1,1,1.0,3.0
201000017671,0010-02-08 07:15:00,10,2,8,7,15,130,49,,43.7043,5.09816,Nuit sans éclairage public,Hors agglomération,Hors intersection,Normale,Trois véhicules et plus - collisions multiples,,,,,,,,,,,3,1,1,1.0,5.0
201000017672,0010-03-18 14:45:00,10,3,18,14,45,130,18,,43.8592,4.97666,Plein jour,Hors agglomération,Hors intersection,Normale,Autre collision,,,,,,,,,,,1,1,1,1.0,6.0
201000017673,0010-04-02 11:30:00,10,4,2,11,30,130,51,,43.5894,5.1915,Plein jour,Hors agglomération,Hors intersection,Normale,Deux véhicules - frontale,,,,,,,,,,,1,1,1,1.0,1.0
201000017674,0010-04-05 16:15:00,10,4,5,16,15,130,118,,43.558,5.22898,Plein jour,Hors agglomération,Hors intersection,Normale,Deux véhicules - côté,,,,,,,,,,,1,1,1,1.0,3.0
201000017675,0010-04-24 16:15:00,10,4,24,16,15,130,18,,43.875,4.94664,Plein jour,Hors agglomération,Hors intersection,Normale,Autre collision,,,,,,,,,,,1,1,1,1.0,6.0
201000017676,0010-05-01 10:45:00,10,5,1,10,45,130,103,,43.6643,5.09828,Plein jour,Hors agglomération,Hors intersection,Normale,Trois véhicules et plus - collisions multiples,,,,,,,,,,,1,1,1,1.0,5.0
201000017677,0010-05-06 23:30:00,10,5,6,23,30,130,37,,43.5612,5.22802,Nuit sans éclairage public,Hors agglomération,Hors intersection,Normale,Autre collision,,,,,,,,,,,3,1,1,1.0,6.0
201000017678,0010-05-13 05:45:00,10,5,13,5,45,130,114,,43.5548,5.28677,Nuit sans éclairage public,Hors agglomération,Hors intersection,Pluie légère,Autre collision,,,,,,,,,,,3,1,1,2.0,6.0
201000017679,0010-06-29 15:30:00,10,6,29,15,30,130,51,,43.5944,5.17145,Plein jour,Hors agglomération,Hors intersection,Normale,Deux véhicules - arrière,,,,,,,,,,,1,1,1,1.0,2.0
201000017680,0010-07-20 15:45:00,10,7,20,15,45,130,18,,43.8662,4.9689,Plein jour,Hors agglomération,Hors intersection,Normale,Sans collision,,,,,,,,,,,1,1,1,1.0,7.0
201000017681,0010-07-22 01:30:00,10,7,22,1,30,130,66,,43.8778,4.9342,Nuit sans éclairage public,Hors agglomération,Hors intersection,Normale,Trois véhicules et plus - en chaîne,,,,,,,,,,,3,1,1,1.0,4.0
201000017682,0010-07-26 08:00:00,10,7,26,8,0,130,69,,43.6066,5.14978,Plein jour,Hors agglomération,Hors intersection,Normale,Sans collision,,,,,,,,,,,1,1,1,1.0,7.0
201000017683,0010-07-26 08:00:00,10,7,26,8,0,130,103,,43.6722,5.09604,Plein jour,Hors agglomération,Hors intersection,Normale,Trois véhicules et plus - collisions multiples,,,,,,,,,,,1,1,1,1.0,5.0
201000017684,0010-08-01 22:30:00,10,8,1,22,30,130,51,,43.5986,5.15872,Nuit sans éclairage public,Hors agglomération,Hors intersection,Normale,Deux véhicules - arrière,,,,,,,,,,,3,1,1,1.0,2.0
201000017685,0010-08-14 09:15:00,10,8,14,9,15,130,103,,43.626,5.09169,Plein jour,Hors agglomération,Hors intersection,Normale,Deux véhicules - arrière,,,,,,,,,,,1,1,1,1.0,2.0
201000017686,0010-08-21 09:30:00,10,8,21,9,30,130,51,,43.5877,5.19854,Plein jour,Hors agglomération,Hors intersection,Normale,Deux véhicules - frontale,,,,,,,,,,,1,1,1,1.0,1.0
201000017687,0010-08-21 15:45:00,10,8,21,15,45,130,103,,43.6275,5.10644,Plein jour,Hors agglomération,Hors intersection,Normale,Deux véhicules - arrière,,,,,,,,,,,1,1,1,1.0,2.0
201000017688,0010-08-26 11:30:00,10,8,26,11,30,130,76,,43.8317,5.00899,Plein jour,Hors agglomération,Hors intersection,Normale,Trois véhicules et plus - collisions multiples,,,,,,,,,,,1,1,1,1.0,5.0
201000017689,0010-09-02 09:00:00,10,9,2,9,0,130,103,,43.6511,5.10873,Plein jour,Hors agglomération,Hors intersection,Normale,Autre collision,,,,,,,,,,,1,1,1,1.0,6.0
201000017690,0010-09-12 06:45:00,10,9,12,6,45,130,105,,43.7488,5.08512,Crépuscule ou aube,Hors agglomération,Hors intersection,Normale,Deux véhicules - arrière,,,,,,,,,,,2,1,1,1.0,2.0
201000017691,0010-09-30 11:45:00,10,9,30,11,45,130,51,,43.5778,5.21045,Plein jour,Hors agglomération,Hors intersection,Normale,Autre collision,,,,,,,,,,,1,1,1,1.0,6.0
201000017692,0010-11-02 13:15:00,10,11,2,13,15,130,112,,43.5173,5.22967,Plein jour,Hors agglomération,Hors intersection,Normale,Deux véhicules - arrière,,,,,,,,,,,1,1,1,1.0,2.0
201000017693,0010-11-17 13:30:00,10,11,17,13,30,130,51,,43.5954,5.16819,Plein jour,Hors agglomération,Hors intersection,Normale,Deux véhicules - arrière,,,,,,,,,,,1,1,1,1.0,2.0
201000017694,0010-11-20 10:45:00,10,11,20,10,45,130,103,,43.6784,5.09572,Plein jour,Hors agglomération,Hors intersection,Normale,Trois véhicules et plus - collisions multiples,,,,,,,,,,,1,1,1,1.0,5.0
201000017695,0010-11-28 19:15:00,10,11,28,19,15,130,51,,43.5621,5.22767,Nuit sans éclairage public,Hors agglomération,Hors intersection,Normale,Trois véhicules et plus - en chaîne,,,,,,,,,,,3,1,1,1.0,4.0
201000017696,0010-12-05 21:15:00,10,12,5,21,15,130,103,,43.6267,5.12129,Nuit sans éclairage public,Hors agglomération,Hors intersection,Pluie légère,Autre collision,,,,,,,,,,,3,1,1,2.0,6.0
201000017697,0010-12-10 13:15:00,10,12,10,13,15,130,103,,,,Plein jour,Hors agglomération,Hors intersection,Normale,Trois véhicules et plus - en chaîne,,,,,,,,,,,1,1,1,1.0,4.0
201000017698,0010-12-19 18:30:00,10,12,19,18,30,130,18,,,,Nuit sans éclairage public,Hors agglomération,Hors intersection,Temps couvert,Trois véhicules et plus - collisions multiples,,,,,,,,,,,3,1,1,8.0,5.0
201000017699,0010-12-21 17:30:00,10,12,21,17,30,130,37,,43.5637,5.22673,Nuit sans éclairage public,Hors agglomération,Hors intersection,Pluie forte,Trois véhicules et plus - collisions multiples,,,,,,,,,,,3,1,1,3.0,5.0
201000017700,0010-12-13 08:00:00,10,12,13,8,0,130,103,,43.645,5.07699,Plein jour,Hors agglomération,Hors intersection,Normale,Trois véhicules et plus - en chaîne,,,,,,,,,,,1,1,1,1.0,4.0
201000017701,0010-01-23 13:45:00,10,1,23,13,45,840,81,,,,Plein jour,Hors agglomération,Hors intersection,Normale,Autre collision,,,,,,,,,,,1,1,1,1.0,6.0
201000017702,0010-08-06 16:15:00,10,8,6,16,15,300,221,,44.01907,4.73325,Plein jour,Hors agglomération,Hors intersection,Normale,Deux véhicules - frontale,,,,,,,,,,,1,1,1,1.0,1.0
201000017703,0010-08-21 09:00:00,10,8,21,9,0,840,78,,44.255,4.712,Plein jour,Hors agglomération,Hors intersection,Normale,Sans collision,,,,,,,,,,,1,1,1,1.0,7.0
201000017704,0010-12-04 01:15:00,10,12,4,1,15,840,78,,44.229,4.714,Nuit avec éclairage non allumé,Hors agglomération,Hors intersection,Normale,Sans collision,,,,,,,,,,,4,1,1,1.0,7.0
201000017705,0010-03-15 18:30:00,10,3,15,18,30,830,4,,,,Plein jour,Hors agglomération,Hors intersection,Normale,Deux véhicules - frontale,,,,,,,,,,,1,1,1,1.0,1.0
201000017706,0010-03-19 21:15:00,10,3,19,21,15,830,130,,,,Nuit sans éclairage public,Hors agglomération,Hors intersection,Normale,Deux véhicules - arrière,,,,,,,,,,,3,1,1,1.0,2.0
201000017707,0010-04-19 23:45:00,10,4,19,23,45,830,23,,,,Nuit sans éclairage public,Hors agglomération,Hors intersection,Normale,Sans collision,,,,,,,,,,,3,1,1,1.0,7.0
201000017708,0010-05-11 18:45:00,10,5,11,18,45,830,31,,,,Plein jour,Hors agglomération,Hors intersection,Normale,Autre collision,,,,,,,,,,,1,1,1,1.0,6.0
201000017709,0010-05-28 03:45:00,10,5,28,3,45,830,26,,,,Nuit sans éclairage public,Hors agglomération,Hors intersection,Normale,Autre collision,,,,,,,,,,,3,1,1,1.0,6.0
201000017710,0010-06-21 10:00:00,10,6,21,10,0,830,107,,,,Plein jour,Hors agglomération,Hors intersection,Normale,Trois véhicules et plus - en chaîne,,,,,,,,,,,1,1,1,1.0,4.0
201000017711,0010-06-26 13:45:00,10,6,26,13,45,830,26,,,,Plein jour,Hors agglomération,Hors intersection,Normale,Deux véhicules - frontale,,,,,,,,,,,1,1,1,1.0,1.0
201000017712,0010-07-14 00:30:00,10,7,14,0,30,830,31,,,,Nuit sans éclairage public,Hors agglomération,Hors intersection,Normale,Sans collision,,,,,,,,,,,3,1,1,1.0,7.0
201000017713,0010-07-15 15:45:00,10,7,15,15,45,830,23,,,,Plein jour,Hors agglomération,Hors intersection,Normale,Deux véhicules - arrière,,,,,,,,,,,1,1,1,1.0,2.0
201000017714,0010-07-16 11:00:00,10,7,16,11,0,830,61,,,,Plein jour,Hors agglomération,Hors intersection,Normale,Trois véhicules et plus - en chaîne,,,,,,,,,,,1,1,1,1.0,4.0
201000017715,0010-08-29 21:00:00,10,8,29,21,0,830,49,,,,Nuit sans éclairage public,Hors agglomération,Hors intersection,Normale,Deux véhicules - côté,,,,,,,,,,,3,1,1,1.0,3.0
201000017716,0010-09-08 16:00:00,10,9,8,16,0,830,26,,,,Plein jour,Hors agglomération,Hors intersection,Normale,Deux véhicules - arrière,,,,,,,,,,,1,1,1,1.0,2.0
201000017717,0010-09-10 00:45:00,10,9,10,0,45,830,31,,,,Nuit sans éclairage public,Hors agglomération,Hors intersection,Normale,Trois véhicules et plus - collisions multiples,,,,,,,,,,,3,1,1,1.0,5.0
201000017718,0010-10-16 11:30:00,10,10,16,11,30,830,54,,,,Plein jour,Hors agglomération,Hors intersection,Normale,Deux véhicules - arrière,,,,,,,,,,,1,1,1,1.0,2.0
201000017719,0010-10-23 15:45:00,10,10,23,15,45,830,31,,,,Plein jour,Hors agglomération,Hors intersection,Normale,Autre collision,,,,,,,,,,,1,1,1,1.0,6.0
201000017720,0010-11-29 07:30:00,10,11,29,7,30,830,130,,,,Plein jour,Hors agglomération,Hors intersection,Normale,Deux véhicules - frontale,,,,,,,,,,,1,1,1,1.0,1.0
201000017721,0010-01-16 14:45:00,10,1,16,14,45,600,86,ROUTE DE BEAUMONT,,,Plein jour,Hors agglomération,Hors intersection,Pluie légère,Deux véhicules - frontale,,,,,,,,,,,1,1,1,2.0,1.0
201000017722,0010-01-19 09:15:00,10,1,19,9,15,600,155,,,,Plein jour,Hors agglomération,Intersection en X,Brouillard / fumée,Deux véhicules - côté,,,,,,,,,,,1,1,2,5.0,3.0
201000017723,0010-02-06 12:15:00,10,2,6,12,15,600,86,,,,Plein jour,Hors agglomération,Hors intersection,Temps couvert,Trois véhicules et plus - collisions multiples,,,,,,,,,,,1,1,1,8.0,5.0
201000017724,0010-04-12 14:30:00,10,4,12,14,30,600,584,,,,Plein jour,Hors agglomération,Hors intersection,Normale,Deux véhicules - arrière,,,,,,,,,,,1,1,1,1.0,2.0
201000017725,0010-05-16 13:00:00,10,5,16,13,0,600,173,,,,Plein jour,Hors agglomération,Hors intersection,Normale,Trois véhicules et plus - collisions multiples,,,,,,,,,,,1,1,1,1.0,5.0
201000017726,0010-06-03 01:30:00,10,6,3,1,30,600,155,RUE DE TANFORT,,,Nuit sans éclairage public,En agglomération,Hors intersection,Normale,Autre collision,,,,,,,,,,,3,2,1,1.0,6.0
201000017727,0010-06-16 16:30:00,10,6,16,16,30,600,651,3 RUE DE NOAILLES,,,Plein jour,En agglomération,Hors intersection,Normale,Deux véhicules - frontale,,,,,,,,,,,1,2,1,1.0,1.0
201000017728,0010-06-23 15:45:00,10,6,23,15,45,600,74,GRANDE RUE,,,Plein jour,En agglomération,Intersection en T,Normale,Deux véhicules - côté,,,,,,,,,,,1,2,3,1.0,3.0
201000017729,0010-06-28 12:15:00,10,6,28,12,15,600,651,rue de NOAILLES,,,Plein jour,En agglomération,Hors intersection,Normale,Autre collision,,,,,,,,,,,1,2,1,1.0,6.0
201000017730,0010-07-20 17:00:00,10,7,20,17,0,600,155,allée de chanterac,,,Plein jour,En agglomération,Hors intersection,Normale,Autre collision,,,,,,,,,,,1,2,1,1.0,6.0
201000017731,0010-08-13 07:15:00,10,8,13,7,15,600,155,rue du colombier,,,Plein jour,En agglomération,Hors intersection,Normale,Deux véhicules - arrière,,,,,,,,,,,1,2,1,1.0,2.0
201000017732,0010-08-31 19:45:00,10,8,31,19,45,600,513,,,,Plein jour,En agglomération,Hors intersection,Normale,Deux véhicules - côté,,,,,,,,,,,1,2,1,1.0,3.0
201000017733,0010-10-07 17:45:00,10,10,7,17,45,600,513,,,,Plein jour,Hors agglomération,Hors intersection,Normale,Trois véhicules et plus - collisions multiples,,,,,,,,,,,1,1,1,1.0,5.0
201000017734,0010-10-12 07:45:00,10,10,12,7,45,600,584,,,,Nuit avec éclairage allumé,En agglomération,Hors intersection,Normale,Autre collision,,,,,,,,,,,5,2,1,1.0,6.0
201000017735,0010-12-05 18:00:00,10,12,5,18,0,600,584,RUE DU PEUPLE,,,Nuit avec éclairage allumé,En agglomération,Hors intersection,Pluie légère,Autre collision,,,,,,,,,,,5,2,1,2.0,6.0
201000017736,0010-12-13 13:15:00,10,12,13,13,15,600,601,RUE COMMUNE DE PARIS,,,Plein jour,En agglomération,Intersection en T,Normale,Deux véhicules - côté,,,,,,,,,,,1,2,3,1.0,3.0
201000017737,0010-02-10 20:30:00,10,2,10,20,30,760,484,,,,Nuit avec éclairage allumé,Hors agglomération,Hors intersection,Normale,Deux véhicules - arrière,,,,,,,,,,,5,1,1,1.0,2.0
201000017738,0010-04-01 15:15:00,10,4,1,15,15,270,258,,49.3383,0.41612,Plein jour,Hors agglomération,Hors intersection,Normale,Deux véhicules - côté,,,,,,,,,,,1,1,1,1.0,3.0
201000017739,0010-04-12 13:15:00,10,4,12,13,15,270,102,,49.37,0.76114,Plein jour,Hors agglomération,Hors intersection,Normale,Deux véhicules - arrière,,,,,,,,,,,1,1,1,1.0,2.0
201000017740,0010-04-18 15:30:00,10,4,18,15,30,270,228,,49.372,0.68324,Plein jour,Hors agglomération,Hors intersection,Normale,Autre collision,,,,,,,,,,,1,1,1,1.0,6.0
201000017741,0010-04-17 05:30:00,10,4,17,5,30,760,319,,,,Nuit sans éclairage public,Hors agglomération,Hors intersection,Normale,Autre collision,,,,,,,,,,,3,1,1,1.0,6.0
201000017742,0010-05-02 03:30:00,10,5,2,3,30,270,518,,49.4399,0.55091,Nuit sans éclairage public,Hors agglomération,Hors intersection,Normale,Autre collision,,,,,,,,,,,3,1,1,1.0,6.0
201000017743,0010-07-02 17:15:00,10,7,2,17,15,270,102,,49.3699,0.76459,Plein jour,Hors agglomération,Hors intersection,Normale,Autre collision,,,,,,,,,,,1,1,1,1.0,6.0
201000017744,0010-07-11 18:45:00,10,7,11,18,45,270,258,,49.3324,0.40137,Plein jour,Hors agglomération,Hors intersection,Normale,Deux véhicules - arrière,,,,,,,,,,,1,1,1,1.0,2.0
201000017745,0010-07-13 11:45:00,10,7,13,11,45,760,484,,,,Plein jour,Hors agglomération,Hors intersection,Normale,Deux véhicules - côté,,,,,,,,,,,1,1,1,1.0,3.0
201000017746,0010-08-12 06:45:00,10,8,12,6,45,270,228,,49.3707,0.70526,Plein jour,Hors agglomération,Hors intersection,Normale,Sans collision,,,,,,,,,,,1,1,1,1.0,7.0
201000017747,0010-08-17 14:30:00,10,8,17,14,30,270,102,,49.3676,0.785,Plein jour,Hors agglomération,Hors intersection,Normale,Sans collision,,,,,,,,,,,1,1,1,1.0,7.0
201000017748,0010-08-23 07:45:00,10,8,23,7,45,760,705,,,,Plein jour,Hors agglomération,Hors intersection,Pluie légère,Deux véhicules - arrière,,,,,,,,,,,1,1,1,2.0,2.0
201000017749,0010-09-22 12:00:00,10,9,22,12,0,760,391,,,,Plein jour,Hors agglomération,Hors intersection,Normale,Autre collision,,,,,,,,,,,1,1,1,1.0,6.0
201000017750,0010-09-26 15:15:00,10,9,26,15,15,270,340,,49.3646,0.82204,Plein jour,Hors agglomération,Hors intersection,Pluie légère,Autre collision,,,,,,,,,,,1,1,1,2.0,6.0
201000017751,0010-10-10 09:00:00,10,10,10,9,0,270,577,PK 4+800,49.4161,0.56779,Plein jour,Hors agglomération,Hors intersection,Normale,Sans collision,,,,,,,,,,,1,1,1,1.0,7.0
201000017752,0010-10-24 11:45:00,10,10,24,11,45,270,661,,49.3566,0.87675,Plein jour,Hors agglomération,Hors intersection,Normale,Autre collision,,,,,,,,,,,1,1,1,1.0,6.0
201000017753,0010-11-13 09:45:00,10,11,13,9,45,760,457,,,,Plein jour,Hors agglomération,Hors intersection,Pluie forte,Autre collision,,,,,,,,,,,1,1,1,3.0,6.0
201000017754,0010-11-13 08:30:00,10,11,13,8,30,270,580,,49.3496,0.899,Plein jour,Hors agglomération,Hors intersection,Pluie forte,Sans collision,,,,,,,,,,,1,1,1,3.0,7.0
201000017755,0010-11-27 18:30:00,10,11,27,18,30,270,563,,49.3864,0.50504,Nuit sans éclairage public,Hors agglomération,Hors intersection,Normale,Trois véhicules et plus - collisions multiples,,,,,,,,,,,3,1,1,1.0,5.0
201000017756,0010-12-02 19:30:00,10,12,2,19,30,270,497,,49.3698,0.75218,Nuit sans éclairage public,Hors agglomération,Hors intersection,Pluie légère,Sans collision,,,,,,,,,,,3,1,1,2.0,7.0
201000017757,0010-12-02 17:15:00,10,12,2,17,15,270,102,,49.3697,0.76734,Nuit avec éclairage non allumé,Hors agglomération,Hors intersection,Autre,Autre collision,,,,,,,,,,,4,1,1,9.0,6.0
201000017758,0010-01-03 13:30:00,10,1,3,13,30,780,668,A 13,49.0207,1.50906,Plein jour,Hors agglomération,Autre intersection,Temps couvert,Deux véhicules - côté,,,,,,,,,,,1,1,9,8.0,3.0
201000017759,0010-04-21 17:20:00,10,4,21,17,20,270,351,,49.2564,1.15501,Plein jour,Hors agglomération,Hors intersection,Normale,Deux véhicules - arrière,,,,,,,,,,,1,1,1,1.0,2.0
201000017760,0010-04-28 19:00:00,10,4,28,19,0,780,531,A13,48.9998,1.61147,Plein jour,Hors agglomération,Hors intersection,Normale,Autre collision,,,,,,,,,,,1,1,1,1.0,6.0
201000017761,0010-05-24 23:30:00,10,5,24,23,30,780,531,A13,48.9991,1.61242,Nuit sans éclairage public,Hors agglomération,Hors intersection,Normale,Sans collision,,,,,,,,,,,3,1,1,1.0,7.0
201000017762,0010-05-21 09:45:00,10,5,21,9,45,270,701,,49.2329,1.20387,Plein jour,Hors agglomération,Hors intersection,Normale,Deux véhicules - côté,,,,,,,,,,,1,1,1,1.0,3.0
201000017763,0010-06-24 15:45:00,10,6,24,15,45,270,701,PK 2,49.2308,1.18315,Plein jour,Hors agglomération,Hors intersection,Normale,Deux véhicules - côté,,,,,,,,,,,1,1,1,1.0,3.0
201000017764,0010-06-28 10:00:00,10,6,28,10,0,270,517,,49.1289,1.32116,Plein jour,Hors agglomération,Hors intersection,Normale,Sans collision,,,,,,,,,,,1,1,1,1.0,7.0
201000017765,0010-06-27 14:15:00,10,6,27,14,15,270,517,,49.126,1.32429,Plein jour,Hors agglomération,Hors intersection,Normale,Autre collision,,,,,,,,,,,1,1,1,1.0,6.0
201000017766,0010-07-09 16:15:00,10,7,9,16,15,780,668,A13,49.0199,1.53087,Plein jour,Hors agglomération,Hors intersection,Normale,Autre collision,,,,,,,,,,,1,1,1,1.0,6.0
201000017767,0010-07-20 05:30:00,10,7,20,5,30,270,701,,49.2381,1.19844,Crépuscule ou aube,Hors agglomération,Hors intersection,Normale,Trois véhicules et plus - collisions multiples,,,,,,,,,,,2,1,1,1.0,5.0
201000017768,0010-07-30 02:45:00,10,7,30,2,45,270,150,,49.0932,1.3654,Nuit sans éclairage public,Hors agglomération,Hors intersection,Normale,Deux véhicules - arrière,,,,,,,,,,,3,1,1,1.0,2.0
201000017769,0010-08-11 08:00:00,10,8,11,8,0,780,118,A13,48.9835,1.6805,Plein jour,Hors agglomération,Hors intersection,Normale,Autre collision,,,,,,,,,,,1,1,1,1.0,6.0
201000017770,0010-09-15 16:00:00,10,9,15,16,0,780,531,,49.016,1.592,Plein jour,Hors agglomération,Hors intersection,Normale,Deux véhicules - côté,,,,,,,,,,,1,1,1,1.0,3.0
201000017771,0010-10-14 23:45:00,10,10,14,23,45,780,89,,,,Nuit sans éclairage public,Hors agglomération,Hors intersection,Normale,Trois véhicules et plus - collisions multiples,,,,,,,,,,,3,1,1,1.0,5.0
201000017772,0010-11-24 07:30:00,10,11,24,7,30,270,701,,49.2298,1.20645,Nuit sans éclairage public,Hors agglomération,Hors intersection,Normale,Deux véhicules - arrière,,,,,,,,,,,3,1,1,1.0,2.0
201000017773,0010-11-28 01:45:00,10,11,28,1,45,270,203,,49.055,1.43725,Nuit sans éclairage public,Hors agglomération,Hors intersection,Normale,Sans collision,,,,,,,,,,,3,1,1,1.0,7.0
201000017774,0010-12-04 22:00:00,10,12,4,22,0,270,336,PK 25+15,49.0648,1.41956,Nuit sans éclairage public,Hors agglomération,Hors intersection,Normale,Trois véhicules et plus - collisions multiples,,,,,,,,,,,3,1,1,1.0,5.0
201000017775,0010-12-28 06:45:00,10,12,28,6,45,270,517,,49.1402,1.30658,Nuit sans éclairage public,Hors agglomération,Hors intersection,Autre,Autre collision,,,,,,,,,,,3,1,1,9.0,6.0
201000017776,0010-01-03 18:45:00,10,1,3,18,45,600,254,,,,Nuit sans éclairage public,Hors agglomération,Hors intersection,Normale,Sans collision,,,,,,,,,,,3,1,1,1.0,7.0
201000017777,0010-01-29 16:30:00,10,1,29,16,30,600,533,,,,Plein jour,Hors agglomération,Hors intersection,Normale,Sans collision,,,,,,,,,,,1,1,1,1.0,7.0
201000017778,0010-02-09 11:45:00,10,2,9,11,45,600,680,,,,Plein jour,Hors agglomération,Hors intersection,Pluie légère,Trois véhicules et plus - collisions multiples,,,,,,,,,,,1,1,1,2.0,5.0
201000017779,0010-02-09 07:15:00,10,2,9,7,15,600,100,,,,Crépuscule ou aube,Hors agglomération,Hors intersection,Autre,Trois véhicules et plus - collisions multiples,,,,,,,,,,,2,1,1,9.0,5.0
201000017780,0010-02-11 17:00:00,10,2,11,17,0,600,100,,,,Plein jour,Hors agglomération,Hors intersection,Normale,Deux véhicules - côté,,,,,,,,,,,1,1,1,1.0,3.0
201000017781,0010-02-26 05:30:00,10,2,26,5,30,600,533,,,,Nuit sans éclairage public,Hors agglomération,Hors intersection,Pluie légère,Deux véhicules - arrière,,,,,,,,,,,3,1,1,2.0,2.0