accident_id,datetime,annee,mois,jour,heure,minute,departement,commune_insee,adresse,latitude,longitude,luminosite,agglomeration,intersection,meteo,collision,nb_vehicules,nb_usagers,nb_indemnes,nb_tues,nb_blesses_hosp,nb_blesses_legers,age_cond_1,age_cond_2,veh_type_cond_1,veh_type_cond_2,lum_code,agg_code,int_code,atm_code,col_code
201000017782,0010-04-05 13:45:00,10,4,5,13,45,600,531,,,,Plein jour,Hors agglomération,Hors intersection,Normale,Autre collision,,,,,,,,,,,1,1,1,1.0,6.0
201000017783,0010-05-13 10:00:00,10,5,13,10,0,600,369,,,,Plein jour,Hors agglomération,Hors intersection,Normale,Autre collision,,,,,,,,,,,1,1,1,1.0,6.0
201000017784,0010-06-02 09:45:00,10,6,2,9,45,600,160,,49.6,2.75,Plein jour,Hors agglomération,Hors intersection,Normale,Deux véhicules - arrière,,,,,,,,,,,1,1,1,1.0,2.0
201000017785,0010-06-05 19:45:00,10,6,5,19,45,600,612,AV du GENERAL DE GAULLE,,,Plein jour,En agglomération,Hors intersection,Normale,Deux véhicules - arrière,,,,,,,,,,,1,2,1,1.0,2.0
201000017786,0010-06-19 04:00:00,10,6,19,4,0,600,229,,,,Nuit sans éclairage public,Hors agglomération,Hors intersection,Normale,Deux véhicules - frontale,,,,,,,,,,,3,1,1,1.0,1.0
201000017787,0010-07-11 17:45:00,10,7,11,17,45,600,160,,,,Plein jour,Hors agglomération,Hors intersection,Normale,Sans collision,,,,,,,,,,,1,1,1,1.0,7.0
201000017788,0010-07-28 06:30:00,10,7,28,6,30,600,100,,,,Plein jour,Hors agglomération,Hors intersection,Normale,Autre collision,,,,,,,,,,,1,1,1,1.0,6.0
201000017789,0010-07-30 22:45:00,10,7,30,22,45,600,531,,,,Nuit sans éclairage public,Hors agglomération,Hors intersection,Normale,Autre collision,,,,,,,,,,,3,1,1,1.0,6.0
201000017790,0010-11-12 07:00:00,10,11,12,7,0,600,160,,,,Nuit sans éclairage public,Hors agglomération,Hors intersection,Normale,Trois véhicules et plus - collisions multiples,,,,,,,,,,,3,1,1,1.0,5.0
201000017791,0010-12-02 06:15:00,10,12,2,6,15,600,138,,,,Nuit avec éclairage allumé,Hors agglomération,Hors intersection,Neige / grêle,Trois véhicules et plus - en chaîne,,,,,,,,,,,5,1,1,4.0,4.0
201000017792,0010-12-18 04:30:00,10,12,18,4,30,600,533,,,,Nuit sans éclairage public,Hors agglomération,Hors intersection,Neige / grêle,Trois véhicules et plus - collisions multiples,,,,,,,,,,,3,1,1,4.0,5.0
201000017793,0010-12-25 13:30:00,10,12,25,13,30,600,369,,,,Plein jour,Hors agglomération,Hors intersection,Normale,Autre collision,,,,,,,,,,,1,1,1,1.0,6.0
201000017794,0010-01-19 08:45:00,10,1,19,8,45,210,462,,47.4107,5.07247,Crépuscule ou aube,Hors agglomération,Hors intersection,Autre,Deux véhicules - côté,,,,,,,,,,,2,1,1,9.0,3.0
201000017795,0010-02-05 08:45:00,10,2,5,8,45,210,591,,47.4156,5.04788,Plein jour,Hors agglomération,Hors intersection,Pluie légère,Trois véhicules et plus - en chaîne,,,,,,,,,,,1,1,1,2.0,4.0
201000017796,0010-03-05 20:00:00,10,3,5,20,0,210,27,,47.3769,5.03436,Nuit sans éclairage public,Hors agglomération,Hors intersection,Normale,Deux véhicules - frontale,,,,,,,,,,,3,1,1,1.0,1.0
201000017797,0010-03-07 05:30:00,10,3,7,5,30,210,561,HAMMEAU DE FROMENTAU,47.3969,4.77933,Nuit avec éclairage allumé,En agglomération,Hors intersection,Normale,Autre collision,,,,,,,,,,,5,2,1,1.0,6.0
201000017798,0010-04-28 17:30:00,10,4,28,17,30,210,408,,47.3899,5.02658,Plein jour,Hors agglomération,Hors intersection,Normale,Deux véhicules - arrière,,,,,,,,,,,1,1,1,1.0,2.0
201000017799,0010-05-25 13:30:00,10,5,25,13,30,210,227,,47.3766,4.94806,Plein jour,Hors agglomération,Hors intersection,Normale,Deux véhicules - frontale,,,,,,,,,,,1,1,1,1.0,1.0
201000017800,0010-06-09 07:00:00,10,6,9,7,0,210,27,,47.3794,5.05201,Plein jour,Hors agglomération,Hors intersection,Brouillard / fumée,Trois véhicules et plus - collisions multiples,,,,,,,,,,,1,1,1,5.0,5.0
201000017801,0010-07-15 03:15:00,10,7,15,3,15,210,27,,47.3786,5.05162,Nuit sans éclairage public,Hors agglomération,Hors intersection,Temps couvert,Deux véhicules - frontale,,,,,,,,,,,3,1,1,8.0,1.0
201000017802,0010-07-28 10:30:00,10,7,28,10,30,210,3,,47.3703,5.03838,Plein jour,Hors agglomération,Hors intersection,Normale,Deux véhicules - côté,,,,,,,,,,,1,1,1,1.0,3.0
201000017803,0010-09-19 09:15:00,10,9,19,9,15,210,3,ZAC AHUY RUE PRÉ POTET,47.3577,5.03382,Plein jour,Hors agglomération,Giratoire,Normale,Deux véhicules - côté,,,,,,,,,,,1,1,6,1.0,3.0
201000017804,0010-10-03 17:00:00,10,10,3,17,0,210,561,BORDES PILLOT VERS VAL S,47.3913,4.8045,Plein jour,Hors agglomération,Hors intersection,Normale,Autre collision,,,,,,,,,,,1,1,1,1.0,6.0
201000017805,0010-10-06 18:30:00,10,10,6,18,30,210,408,,47.4076,5.00378,Plein jour,Hors agglomération,Hors intersection,Normale,Deux véhicules - frontale,,,,,,,,,,,1,1,1,1.0,1.0
201000017806,0010-10-07 09:45:00,10,10,7,9,45,210,648,,47.4078,4.71924,Plein jour,Hors agglomération,Hors intersection,Normale,Deux véhicules - frontale,,,,,,,,,,,1,1,1,1.0,1.0
201000017807,0010-11-29 07:00:00,10,11,29,7,0,210,142,,47.5088,4.73074,Crépuscule ou aube,Hors agglomération,Hors intersection,Neige / grêle,Autre collision,,,,,,,,,,,2,1,1,4.0,6.0
201000017808,0010-11-30 13:45:00,10,11,30,13,45,210,142,,47.519,4.726,Plein jour,Hors agglomération,Hors intersection,Normale,Autre collision,,,,,,,,,,,1,1,1,1.0,6.0
201000017809,0010-01-10 16:30:00,10,1,10,16,30,690,77,,,,Plein jour,Hors agglomération,Hors intersection,Normale,Autre collision,,,,,,,,,,,1,1,1,1.0,6.0
201000017810,0010-02-24 02:15:00,10,2,24,2,15,690,206,,,,Nuit sans éclairage public,Hors agglomération,Hors intersection,Normale,Trois véhicules et plus - collisions multiples,,,,,,,,,,,3,1,1,1.0,5.0
201000017811,0010-04-03 04:15:00,10,4,3,4,15,690,77,,,,Nuit avec éclairage allumé,Hors agglomération,Autre intersection,Normale,Sans collision,,,,,,,,,,,5,1,9,1.0,7.0
201000017812,0010-05-23 14:00:00,10,5,23,14,0,690,206,,,,Plein jour,Hors agglomération,Hors intersection,Normale,Trois véhicules et plus - collisions multiples,,,,,,,,,,,1,1,1,1.0,5.0
201000017813,0010-07-17 04:30:00,10,7,17,4,30,690,264,,,,Nuit sans éclairage public,Hors agglomération,Hors intersection,Normale,Trois véhicules et plus - en chaîne,,,,,,,,,,,3,1,1,1.0,4.0
201000017814,0010-07-17 13:00:00,10,7,17,13,0,690,19,,,,Plein jour,Hors agglomération,Hors intersection,Normale,Autre collision,,,,,,,,,,,1,1,1,1.0,6.0
201000017815,0010-10-14 17:00:00,10,10,14,17,0,690,264,,,,Plein jour,Hors agglomération,Hors intersection,Normale,Autre collision,,,,,,,,,,,1,1,1,1.0,6.0
201000017816,0010-11-29 17:15:00,10,11,29,17,15,690,19,,,,Crépuscule ou aube,Hors agglomération,Hors intersection,Temps couvert,Autre collision,,,,,,,,,,,2,1,1,8.0,6.0
201000017817,0010-11-30 16:30:00,10,11,30,16,30,690,206,,,,Crépuscule ou aube,Hors agglomération,Hors intersection,Neige / grêle,Deux véhicules - arrière,,,,,,,,,,,2,1,1,4.0,2.0
201000017818,0010-11-30 16:30:00,10,11,30,16,30,690,19,,,,Plein jour,Hors agglomération,Hors intersection,Neige / grêle,Deux véhicules - côté,,,,,,,,,,,1,1,1,4.0,3.0
201000017819,0010-12-07 13:30:00,10,12,7,13,30,690,206,,,,Plein jour,Hors agglomération,Hors intersection,Normale,Deux véhicules - arrière,,,,,,,,,,,1,1,1,1.0,2.0
201000017820,0010-04-06 05:45:00,10,4,6,5,45,590,377,,,,Nuit sans éclairage public,Hors agglomération,Hors intersection,Normale,Trois véhicules et plus - collisions multiples,,,,,,,,,,,3,1,1,1.0,5.0
201000017821,0010-05-01 05:30:00,10,5,1,5,30,590,389,,,,Crépuscule ou aube,Hors agglomération,Hors intersection,Normale,Trois véhicules et plus - collisions multiples,,,,,,,,,,,2,1,1,1.0,5.0
201000017822,0010-05-23 12:30:00,10,5,23,12,30,590,244,,,,Plein jour,Hors agglomération,Hors intersection,Normale,Sans collision,,,,,,,,,,,1,1,1,1.0,7.0
201000017823,0010-11-10 21:15:00,10,11,10,21,15,590,10,A 26,,,Nuit sans éclairage public,Hors agglomération,Hors intersection,Normale,Autre collision,,,,,,,,,,,3,1,1,1.0,6.0
201000017824,0010-11-16 23:45:00,10,11,16,23,45,620,731,,,,Nuit sans éclairage public,Hors agglomération,Hors intersection,Normale,Autre collision,,,,,,,,,,,3,1,1,1.0,6.0
201000017825,0010-08-07 13:45:00,10,8,7,13,45,380,53,,45.5956,5.28181,Plein jour,Hors agglomération,Hors intersection,Normale,Sans collision,,,,,,,,,,,1,1,1,1.0,7.0
201000017826,0010-09-19 17:00:00,10,9,19,17,0,380,401,,45.565,5.431,Plein jour,Hors agglomération,Hors intersection,Normale,Sans collision,,,,,,,,,,,1,1,1,1.0,7.0
201000017827,0010-09-24 16:30:00,10,9,24,16,30,380,537,A43 PK 24+800 BRETELLE,45.6322,5.16136,Plein jour,Hors agglomération,Intersection en Y,Normale,Trois véhicules et plus - collisions multiples,,,,,,,,,,,1,1,4,1.0,5.0
201000017828,0010-09-30 14:45:00,10,9,30,14,45,380,64,,45.57,5.354,Plein jour,Hors agglomération,Hors intersection,Pluie légère,Trois véhicules et plus - collisions multiples,,,,,,,,,,,1,1,1,2.0,5.0
201000017829,0010-10-08 04:00:00,10,10,8,4,0,380,381,,45.5609,5.47325,Nuit sans éclairage public,Hors agglomération,Hors intersection,Normale,Deux véhicules - arrière,,,,,,,,,,,3,1,1,1.0,2.0
201000017830,0010-10-14 14:15:00,10,10,14,14,15,380,64,,45.565,5.387,Plein jour,Hors agglomération,Hors intersection,Normale,Deux véhicules - frontale,,,,,,,,,,,1,1,1,1.0,1.0
201000017831,0010-04-04 18:30:00,10,4,4,18,30,680,278,route de HABSHEIM,47.74681,7.41059,Plein jour,En agglomération,Intersection en X,Normale,Autre collision,,,,,,,,,,,1,2,2,1.0,6.0
201000017832,0010-06-13 14:45:00,10,6,13,14,45,680,278,rue de l'Etang,47.74128,7.39363,Plein jour,En agglomération,Hors intersection,Normale,Deux véhicules - arrière,,,,,,,,,,,1,2,1,1.0,2.0
201000017833,0010-06-24 20:00:00,10,6,24,20,0,680,278,08 Rue des Carrières,47.75182,7.41018,Plein jour,En agglomération,Hors intersection,Normale,Autre collision,,,,,,,,,,,1,2,1,1.0,6.0
201000017834,0010-07-17 21:30:00,10,7,17,21,30,680,278,Rue de la Hardt,47.7634,7.39312,Plein jour,En agglomération,Hors intersection,Normale,Deux véhicules - frontale,,,,,,,,,,,1,2,1,1.0,1.0
201000017835,0010-07-24 08:45:00,10,7,24,8,45,680,118,RUE DE GAULLE,,,Plein jour,En agglomération,Hors intersection,Normale,Deux véhicules - frontale,,,,,,,,,,,1,2,1,1.0,1.0
201000017836,0010-09-07 17:15:00,10,9,7,17,15,680,278,RUE DU NOYER,47.73938,7.41637,Plein jour,Hors agglomération,Hors intersection,Pluie forte,Deux véhicules - frontale,,,,,,,,,,,1,1,1,3.0,1.0
201000017837,0010-09-28 16:15:00,10,9,28,16,15,680,278,rue st jean,47.74735,7.39882,Plein jour,En agglomération,Hors intersection,Normale,Deux véhicules - côté,,,,,,,,,,,1,2,1,1.0,3.0
201000017838,0010-10-17 07:00:00,10,10,17,7,0,680,278,,47.75273,7.39739,Crépuscule ou aube,En agglomération,Hors intersection,Normale,Autre collision,,,,,,,,,,,2,2,1,1.0,6.0
201000017839,0010-10-29 15:30:00,10,10,29,15,30,680,278,rue Ile napoleon,47.76748,7.39245,Plein jour,En agglomération,Intersection en X,Normale,Deux véhicules - frontale,,,,,,,,,,,1,2,2,1.0,1.0
201000017840,0010-11-23 18:30:00,10,11,23,18,30,680,278,rue de l'ile napoléon,47.76801,7.39186,Nuit avec éclairage allumé,En agglomération,Hors intersection,Normale,Deux véhicules - arrière,,,,,,,,,,,5,2,1,1.0,2.0
201000017841,0010-12-13 09:45:00,10,12,13,9,45,680,118,181 rue du G DE GAULLE,47.71945,7.4188,Plein jour,En agglomération,Hors intersection,Normale,Deux véhicules - frontale,,,,,,,,,,,1,2,1,1.0,1.0
201000017842,0010-01-28 12:30:00,10,1,28,12,30,530,86,,48.2,-1.042,Plein jour,Hors agglomération,Hors intersection,Normale,Deux véhicules - côté,,,,,,,,,,,1,1,1,1.0,3.0
201000017843,0010-02-24 21:00:00,10,2,24,21,0,530,39,,48.185,-0.968,Nuit sans éclairage public,Hors agglomération,Hors intersection,Normale,Deux véhicules - arrière,,,,,,,,,,,3,1,1,1.0,2.0
201000017844,0010-03-12 17:00:00,10,3,12,17,0,530,86,,48.198,-1.02899,Plein jour,Hors agglomération,Hors intersection,Normale,Deux véhicules - côté,,,,,,,,,,,1,1,1,1.0,3.0
201000017845,0010-03-26 09:45:00,10,3,26,9,45,530,194,,48.052,-0.992,Plein jour,Hors agglomération,Hors intersection,Normale,Autre collision,,,,,,,,,,,1,1,1,1.0,6.0
201000017846,0010-04-09 20:15:00,10,4,9,20,15,530,123,Lieu dit La Basse Maison,48.232,-0.971,Plein jour,En agglomération,Hors intersection,Normale,Deux véhicules - côté,,,,,,,,,,,1,2,1,1.0,3.0
201000017847,0010-06-10 11:45:00,10,6,10,11,45,530,108,,,,Plein jour,Hors agglomération,Autre intersection,Pluie légère,Deux véhicules - frontale,,,,,,,,,,,1,1,9,2.0,1.0
201000017848,0010-06-13 18:00:00,10,6,13,18,0,530,39,,48.177,-0.981,Plein jour,Hors agglomération,Hors intersection,Normale,Deux véhicules - frontale,,,,,,,,,,,1,1,1,1.0,1.0
201000017849,0010-06-25 21:45:00,10,6,25,21,45,530,224,,,,Nuit sans éclairage public,Hors agglomération,Hors intersection,Normale,Autre collision,,,,,,,,,,,3,1,1,1.0,6.0
201000017850,0010-07-02 17:30:00,10,7,2,17,30,530,5,,48.182,-0.811,Plein jour,Hors agglomération,Hors intersection,Normale,Autre collision,,,,,,,,,,,1,1,1,1.0,6.0
201000017851,0010-07-23 20:15:00,10,7,23,20,15,530,243,,48.143,-0.913,Plein jour,Hors agglomération,Hors intersection,Normale,Autre collision,,,,,,,,,,,1,1,1,1.0,6.0
201000017852,0010-08-29 18:00:00,10,8,29,18,0,530,226,,48.232,-0.944,Plein jour,Hors agglomération,Hors intersection,Normale,Sans collision,,,,,,,,,,,1,1,1,1.0,7.0
201000017853,0010-08-31 18:15:00,10,8,31,18,15,530,137,1 rue Pierre Coubertin,48.065,-0.937,Plein jour,En agglomération,Hors intersection,Normale,Autre collision,,,,,,,,,,,1,2,1,1.0,6.0
201000017854,0010-09-08 16:00:00,10,9,8,16,0,530,137,,48.077,-0.92,Plein jour,Hors agglomération,Hors intersection,Normale,Sans collision,,,,,,,,,,,1,1,1,1.0,7.0
201000017855,0010-09-17 17:30:00,10,9,17,17,30,530,247,Rue des Gravelles,48.117,-1.02499,Plein jour,En agglomération,Hors intersection,Normale,Deux véhicules - côté,,,,,,,,,,,1,2,1,1.0,3.0
201000017856,0010-10-29 05:00:00,10,10,29,5,0,530,45,,48.084,-0.954,Nuit sans éclairage public,Hors agglomération,Hors intersection,Normale,Autre collision,,,,,,,,,,,3,1,1,1.0,6.0
201000017857,0010-12-10 19:00:00,10,12,10,19,0,530,182,53410,48.134,-0.974,Nuit sans éclairage public,Hors agglomération,Hors intersection,Pluie légère,Deux véhicules - frontale,,,,,,,,,,,3,1,1,2.0,1.0
201000017858,0010-12-31 03:30:00,10,12,31,3,30,530,108,53410,,,Nuit avec éclairage allumé,Hors agglomération,Giratoire,Normale,Sans collision,,,,,,,,,,,5,1,6,1.0,7.0
201000017859,0010-01-04 18:30:00,10,1,4,18,30,950,250,Avenue Henri Barbusse,49.0949,2.5089,Nuit avec éclairage allumé,En agglomération,Hors intersection,Normale,Autre collision,,,,,,,,,,,5,2,1,1.0,6.0
201000017860,0010-04-15 13:45:00,10,4,15,13,45,950,371,,49.071,2.5284,Plein jour,Hors agglomération,Hors intersection,Normale,Deux véhicules - frontale,,,,,,,,,,,1,1,1,1.0,1.0
201000017861,0010-05-15 14:15:00,10,5,15,14,15,950,371,18 rue Roger salengro,49.0909,2.506,Plein jour,En agglomération,Hors intersection,Normale,Autre collision,,,,,,,,,,,1,2,1,1.0,6.0
201000017862,0010-10-09 11:45:00,10,10,9,11,45,950,371,RD 317,49.0743,2.5288,Plein jour,Hors agglomération,Hors intersection,Normale,Deux véhicules - arrière,,,,,,,,,,,1,1,1,1.0,2.0
201000017863,0010-10-27 12:00:00,10,10,27,12,0,950,250,Avenue de BEAUMONT,49.1009,2.5254,Plein jour,En agglomération,Hors intersection,Normale,Autre collision,,,,,,,,,,,1,2,1,1.0,6.0
201000017864,0010-12-16 18:00:00,10,12,16,18,0,950,580,RD 16,49.0865,2.5526,Nuit avec éclairage allumé,En agglomération,Giratoire,Pluie forte,Deux véhicules - frontale,,,,,,,,,,,5,2,6,3.0,1.0
201000017865,0010-02-25 21:45:00,10,2,25,21,45,760,547,,,,Nuit sans éclairage public,Hors agglomération,Hors intersection,Vent fort / tempête,Autre collision,,,,,,,,,,,3,1,1,6.0,6.0
201000017866,0010-07-06 15:45:00,10,7,6,15,45,760,517,,,,Plein jour,Hors agglomération,Hors intersection,Normale,Deux véhicules - frontale,,,,,,,,,,,1,1,1,1.0,1.0
201000017867,0010-09-10 14:15:00,10,9,10,14,15,760,517,,,,Plein jour,Hors agglomération,Hors intersection,Normale,Deux véhicules - arrière,,,,,,,,,,,1,1,1,1.0,2.0
201000017868,0010-11-30 07:15:00,10,11,30,7,15,760,517,,,,Nuit sans éclairage public,Hors agglomération,Hors intersection,Neige / grêle,Trois véhicules et plus - collisions multiples,,,,,,,,,,,3,1,1,4.0,5.0
201000017869,0010-06-18 11:30:00,10,6,18,11,30,170,44,,,,Plein jour,Hors agglomération,Hors intersection,Normale,Deux véhicules - arrière,,,,,,,,,,,1,1,1,1.0,2.0
201000017870,0010-07-03 15:30:00,10,7,3,15,30,170,336,,,,Plein jour,Hors agglomération,Hors intersection,Normale,Sans collision,,,,,,,,,,,1,1,1,1.0,7.0
201000017871,0010-07-10 19:30:00,10,7,10,19,30,170,277,,,,Plein jour,Hors agglomération,Hors intersection,Normale,Sans collision,,,,,,,,,,,1,1,1,1.0,7.0
201000017872,0010-07-24 20:30:00,10,7,24,20,30,170,148,,,,Plein jour,Hors agglomération,Hors intersection,Normale,Sans collision,,,,,,,,,,,1,1,1,1.0,7.0
201000017873,0010-05-29 15:00:00,10,5,29,15,0,170,285,,,,Plein jour,Hors agglomération,Hors intersection,Normale,Autre collision,,,,,,,,,,,1,1,1,1.0,6.0
201000017874,0010-08-27 16:45:00,10,8,27,16,45,170,171,,,,Plein jour,Hors agglomération,Hors intersection,Normale,Trois véhicules et plus - collisions multiples,,,,,,,,,,,1,1,1,1.0,5.0
201000017875,0010-09-21 06:00:00,10,9,21,6,0,170,213,,,,Nuit sans éclairage public,Hors agglomération,Hors intersection,Normale,Sans collision,,,,,,,,,,,3,1,1,1.0,7.0
201000017876,0010-10-08 06:15:00,10,10,8,6,15,170,213,,,,Nuit sans éclairage public,Hors agglomération,Hors intersection,Normale,Sans collision,,,,,,,,,,,3,1,1,1.0,7.0
201000017877,0010-10-23 09:30:00,10,10,23,9,30,170,157,,,,Plein jour,Hors agglomération,Hors intersection,Normale,Deux véhicules - arrière,,,,,,,,,,,1,1,1,1.0,2.0
201000017878,0010-11-03 16:00:00,10,11,3,16,0,170,354,,,,Plein jour,Hors agglomération,Hors intersection,Normale,Deux véhicules - côté,,,,,,,,,,,1,1,1,1.0,3.0
201000017879,0010-11-09 14:00:00,10,11,9,14,0,170,354,,,,Plein jour,Hors agglomération,Hors intersection,Pluie légère,Trois véhicules et plus - collisions multiples,,,,,,,,,,,1,1,1,2.0,5.0
201000017880,0010-11-16 14:15:00,10,11,16,14,15,170,280,,,,Plein jour,Hors agglomération,Hors intersection,Normale,Autre collision,,,,,,,,,,,1,1,1,1.0,6.0
201000017881,0010-12-11 06:30:00,10,12,11,6,30,170,415,,,,Nuit sans éclairage public,Hors agglomération,Hors intersection,Normale,Sans collision,,,,,,,,,,,3,1,1,1.0,7.0
201000017882,0010-10-01 17:30:00,10,10,1,17,30,310,205,route de lespinasse,,,Plein jour,En agglomération,Hors intersection,Normale,Autre collision,,,,,,,,,,,1,2,1,1.0,6.0
201000017883,0010-10-27 08:00:00,10,10,27,8,0,310,22,44 route de Fronton,,,Plein jour,En agglomération,Hors intersection,Normale,Deux véhicules - côté,,,,,,,,,,,1,2,1,1.0,3.0
201000017884,0010-11-26 17:45:00,10,11,26,17,45,310,91,,,,Nuit sans éclairage public,Hors agglomération,Hors intersection,Temps couvert,Deux véhicules - frontale,,,,,,,,,,,3,1,1,8.0,1.0
201000017885,0010-12-28 07:30:00,10,12,28,7,30,310,467,Rue Bernard AMIEL,43.155,1.697,Nuit avec éclairage allumé,En agglomération,Hors intersection,Normale,Deux véhicules - côté,,,,,,,,,,,5,2,1,1.0,3.0
201000017886,0010-03-15 07:00:00,10,3,15,7,0,130,87,,43.4796,5.58492,Plein jour,Hors agglomération,Hors intersection,Normale,Autre collision,,,,,,,,,,,1,1,1,1.0,6.0
201000017887,0010-03-27 06:00:00,10,3,27,6,0,830,116,,,,Crépuscule ou aube,Hors agglomération,Hors intersection,Normale,Deux véhicules - arrière,,,,,,,,,,,2,1,1,1.0,2.0
201000017888,0010-04-02 15:45:00,10,4,2,15,45,830,23,,,,Plein jour,Hors agglomération,Hors intersection,Normale,Deux véhicules - frontale,,,,,,,,,,,1,1,1,1.0,1.0
201000017889,0010-05-04 18:45:00,10,5,4,18,45,130,110,,43.4698,5.65751,Plein jour,Hors agglomération,Hors intersection,Temps couvert,Deux véhicules - arrière,,,,,,,,,,,1,1,1,8.0,2.0
201000017890,0010-05-11 08:00:00,10,5,11,8,0,130,87,,43.472,5.63776,Plein jour,Hors agglomération,Hors intersection,Normale,Deux véhicules - arrière,,,,,,,,,,,1,1,1,1.0,2.0
201000017891,0010-05-13 11:15:00,10,5,13,11,15,830,116,,,,Plein jour,Hors agglomération,Hors intersection,Normale,Trois véhicules et plus - en chaîne,,,,,,,,,,,1,1,1,1.0,4.0
201000017892,0010-07-29 19:45:00,10,7,29,19,45,830,140,,,,Plein jour,Hors agglomération,Hors intersection,Temps éblouissant,Deux véhicules - arrière,,,,,,,,,,,1,1,1,7.0,2.0
201000017893,0010-10-08 16:30:00,10,10,8,16,30,130,87,,43.4721,5.6374,Plein jour,Hors agglomération,Hors intersection,Normale,Autre collision,,,,,,,,,,,1,1,1,1.0,6.0
201000017894,0010-10-15 22:15:00,10,10,15,22,15,830,140,,,,Nuit sans éclairage public,Hors agglomération,Hors intersection,Normale,Sans collision,,,,,,,,,,,3,1,1,1.0,7.0
201000017895,0010-12-05 06:45:00,10,12,5,6,45,830,116,,,,Nuit sans éclairage public,Hors agglomération,Hors intersection,Normale,Autre collision,,,,,,,,,,,3,1,1,1.0,6.0
201000017896,0010-03-24 18:30:00,10,3,24,18,30,740,262,,,,Crépuscule ou aube,Hors agglomération,Hors intersection,Normale,Sans collision,,,,,,,,,,,2,1,1,1.0,7.0
201000017897,0010-03-25 03:30:00,10,3,25,3,30,740,81,,,,Nuit avec éclairage allumé,Hors agglomération,Hors intersection,Normale,Autre collision,,,,,,,,,,,5,1,1,1.0,6.0
201000017898,0010-04-09 16:15:00,10,4,9,16,15,740,262,,,,Plein jour,Hors agglomération,Hors intersection,Normale,Deux véhicules - arrière,,,,,,,,,,,1,1,1,1.0,2.0
201000017899,0010-04-20 08:30:00,10,4,20,8,30,740,262,,,,Plein jour,Hors agglomération,Hors intersection,Normale,Sans collision,,,,,,,,,,,1,1,1,1.0,7.0
201000017900,0010-06-28 23:00:00,10,6,28,23,0,740,18,,,,Nuit sans éclairage public,Hors agglomération,Hors intersection,Normale,Autre collision,,,,,,,,,,,3,1,1,1.0,6.0
201000017901,0010-09-24 11:15:00,10,9,24,11,15,740,208,,,,Plein jour,Hors agglomération,Hors intersection,Normale,Trois véhicules et plus - collisions multiples,,,,,,,,,,,1,1,1,1.0,5.0
201000017902,0010-10-25 07:45:00,10,10,25,7,45,740,133,,46.188,6.217,Nuit sans éclairage public,Hors agglomération,Hors intersection,Pluie forte,Deux véhicules - arrière,,,,,,,,,,,3,1,1,3.0,2.0
201000017903,0010-11-03 11:00:00,10,11,3,11,0,740,81,,46.054,6.586,Plein jour,Hors agglomération,Hors intersection,Normale,Autre collision,,,,,,,,,,,1,1,1,1.0,6.0
201000017904,0010-11-07 07:45:00,10,11,7,7,45,740,312,,46.073,6.52,Plein jour,Hors agglomération,Hors intersection,Normale,Autre collision,,,,,,,,,,,1,1,1,1.0,6.0
201000017905,0010-01-04 07:30:00,10,1,4,7,30,340,256,,43.6852,4.04964,Nuit sans éclairage public,Hors agglomération,Hors intersection,Pluie légère,Deux véhicules - côté,,,,,,,,,,,3,1,1,2.0,3.0
201000017906,0010-02-19 18:15:00,10,2,19,18,15,300,189,,43.82627,4.38856,Crépuscule ou aube,Hors agglomération,Hors intersection,Normale,Deux véhicules - arrière,,,,,,,,,,,2,1,1,1.0,2.0
201000017907,0010-02-20 06:30:00,10,2,20,6,30,300,60,,,,Nuit sans éclairage public,Hors agglomération,Hors intersection,Normale,Deux véhicules - arrière,,,,,,,,,,,3,1,1,1.0,2.0
201000017908,0010-02-22 00:15:00,10,2,22,0,15,340,240,34130,,,Nuit sans éclairage public,Hors agglomération,Hors intersection,Pluie légère,Deux véhicules - arrière,,,,,,,,,,,3,1,1,2.0,2.0
201000017909,0010-03-23 16:00:00,10,3,23,16,0,300,344,,43.74575,4.20158,Plein jour,Hors agglomération,Hors intersection,Normale,Deux véhicules - arrière,,,,,,,,,,,1,1,1,1.0,2.0
201000017910,0010-03-31 08:00:00,10,3,31,8,0,300,189,,43.80677,4.36017,Plein jour,Hors agglomération,Hors intersection,Normale,Deux véhicules - arrière,,,,,,,,,,,1,1,1,1.0,2.0
201000017911,0010-04-05 02:45:00,10,4,5,2,45,300,125,,43.77894,4.41489,Nuit sans éclairage public,Hors agglomération,Hors intersection,Normale,Autre collision,,,,,,,,,,,3,1,1,1.0,6.0
201000017912,0010-04-18 20:00:00,10,4,18,20,0,300,189,,43.80824,4.33877,Plein jour,Hors agglomération,Hors intersection,Normale,Trois véhicules et plus - collisions multiples,,,,,,,,,,,1,1,1,1.0,5.0