accident_id,datetime,annee,mois,jour,heure,minute,departement,commune_insee,adresse,latitude,longitude,luminosite,agglomeration,intersection,meteo,collision,nb_vehicules,nb_usagers,nb_indemnes,nb_tues,nb_blesses_hosp,nb_blesses_legers,age_cond_1,age_cond_2,veh_type_cond_1,veh_type_cond_2,lum_code,agg_code,int_code,atm_code,col_code
201000018043,0010-07-05 15:15:00,10,7,5,15,15,740,90,,46.102,6.298,Plein jour,Hors agglomération,Hors intersection,Normale,Autre collision,,,,,,,,,,,1,1,1,1.0,6.0
201000018044,0010-07-10 00:15:00,10,7,10,0,15,740,96,,46.041,6.087,Nuit sans éclairage public,Hors agglomération,Hors intersection,Normale,Sans collision,,,,,,,,,,,3,1,1,1.0,7.0
201000018045,0010-07-13 12:45:00,10,7,13,12,45,740,137,,,,Plein jour,Hors agglomération,Hors intersection,Normale,Autre collision,,,,,,,,,,,1,1,1,1.0,6.0
201000018046,0010-07-22 00:15:00,10,7,22,0,15,740,137,,,,Nuit sans éclairage public,Hors agglomération,Hors intersection,Normale,Autre collision,,,,,,,,,,,3,1,1,1.0,6.0
201000018047,0010-08-26 17:45:00,10,8,26,17,45,740,245,,,,Plein jour,Hors agglomération,Hors intersection,Normale,Autre collision,,,,,,,,,,,1,1,1,1.0,6.0
201000018048,0010-12-12 08:15:00,10,12,12,8,15,740,137,,,,Crépuscule ou aube,Hors agglomération,Hors intersection,Brouillard / fumée,Autre collision,,,,,,,,,,,2,1,1,5.0,6.0
201000018049,0010-01-04 17:00:00,10,1,4,17,0,380,63,,45.424,5.44394,Plein jour,Hors agglomération,Hors intersection,Normale,Trois véhicules et plus - en chaîne,,,,,,,,,,,1,1,1,1.0,4.0
201000018050,0010-04-02 23:45:00,10,4,2,23,45,380,382,,45.2401,5.66003,Nuit sans éclairage public,Hors agglomération,Hors intersection,Normale,Sans collision,,,,,,,,,,,3,1,1,1.0,7.0
201000018051,0010-05-01 12:30:00,10,5,1,12,30,380,464,,45.54,5.39001,Plein jour,Hors agglomération,Hors intersection,Temps couvert,Autre collision,,,,,,,,,,,1,1,1,8.0,6.0
201000018052,0010-06-09 06:30:00,10,6,9,6,30,380,65,,45.4383,5.41451,Plein jour,Hors agglomération,Hors intersection,Normale,Sans collision,,,,,,,,,,,1,1,1,1.0,7.0
201000018053,0010-06-14 04:15:00,10,6,14,4,15,380,331,,45.3549,5.52623,Nuit sans éclairage public,Hors agglomération,Hors intersection,Normale,Deux véhicules - côté,,,,,,,,,,,3,1,1,1.0,3.0
201000018054,0010-09-26 09:00:00,10,9,26,9,0,380,257,,45.4773,5.39872,Plein jour,Hors agglomération,Hors intersection,Normale,Deux véhicules - côté,,,,,,,,,,,1,1,1,1.0,3.0
201000018055,0010-12-19 11:30:00,10,12,19,11,30,380,565,,45.263,5.64,Plein jour,Hors agglomération,Hors intersection,Normale,Autre collision,,,,,,,,,,,1,1,1,1.0,6.0
201000018056,0010-12-24 16:15:00,10,12,24,16,15,380,565,,45.2676,5.62833,Plein jour,Hors agglomération,Hors intersection,Neige / grêle,Trois véhicules et plus - collisions multiples,,,,,,,,,,,1,1,1,4.0,5.0
201000018057,0010-12-26 07:00:00,10,12,26,7,0,380,368,,45.3681,5.50126,Nuit sans éclairage public,Hors agglomération,Hors intersection,Autre,Sans collision,,,,,,,,,,,3,1,1,9.0,7.0
201000018058,0010-12-30 17:15:00,10,12,30,17,15,380,464,,45.545,5.386,Plein jour,Hors agglomération,Hors intersection,Normale,Deux véhicules - arrière,,,,,,,,,,,1,1,1,1.0,2.0
201000018059,0010-09-05 16:30:00,10,9,5,16,30,550,237,,48.0,5.0,Plein jour,Hors agglomération,Hors intersection,Normale,Sans collision,,,,,,,,,,,1,1,1,1.0,7.0
201000018060,0010-09-23 23:15:00,10,9,23,23,15,550,237,,49.11835,5.54644,Nuit sans éclairage public,Hors agglomération,Hors intersection,Pluie légère,Sans collision,,,,,,,,,,,3,1,1,2.0,7.0
201000018061,0010-09-14 08:45:00,10,9,14,8,45,570,211,,,,Plein jour,Hors agglomération,Hors intersection,Normale,Trois véhicules et plus - en chaîne,,,,,,,,,,,1,1,1,1.0,4.0
201000018062,0010-12-16 15:00:00,10,12,16,15,0,570,211,,49.19,6.08,Plein jour,Hors agglomération,Hors intersection,Neige / grêle,Autre collision,,,,,,,,,,,1,1,1,4.0,6.0
201000018063,0010-01-22 16:45:00,10,1,22,16,45,80,105,MARTYRS DE LA RESISTANCE,,,Plein jour,En agglomération,Intersection en T,Normale,Deux véhicules - côté,,,,,,,,,,,1,2,3,1.0,3.0
201000018064,0010-02-03 13:04:00,10,2,3,13,4,80,105,46 RUE SAINT LOUIS,,,Plein jour,En agglomération,Hors intersection,Pluie forte,Autre collision,,,,,,,,,,,1,2,1,3.0,6.0
201000018065,0010-04-14 16:57:00,10,4,14,16,57,80,105,FOREST AVENUE,,,Plein jour,En agglomération,Hors intersection,Normale,Deux véhicules - côté,,,,,,,,,,,1,2,1,1.0,3.0
201000018066,0010-03-02 19:00:00,10,3,2,19,0,80,105,DUCALE PLACE,,,Nuit avec éclairage allumé,En agglomération,Place,Normale,Autre collision,,,,,,,,,,,5,2,7,1.0,6.0
201000018067,0010-03-17 21:19:00,10,3,17,21,19,80,105,SAINT JULIEN AVENUE,,,Nuit avec éclairage allumé,En agglomération,Hors intersection,Normale,Deux véhicules - côté,,,,,,,,,,,5,2,1,1.0,3.0
201000018068,0010-03-24 06:50:00,10,3,24,6,50,80,105,ARCHES (AVENUE),,,Crépuscule ou aube,En agglomération,Hors intersection,Normale,Deux véhicules - côté,,,,,,,,,,,2,2,1,1.0,3.0
201000018069,0010-03-28 13:15:00,10,3,28,13,15,80,105,BRONNERT BOULEVARD,,,Plein jour,En agglomération,Intersection en X,Pluie légère,Autre collision,,,,,,,,,,,1,2,2,2.0,6.0
201000018070,0010-04-04 21:25:00,10,4,4,21,25,80,105,ALSACE (RUE),,,Nuit avec éclairage allumé,En agglomération,Intersection en X,Pluie légère,Deux véhicules - côté,,,,,,,,,,,5,2,2,2.0,3.0
201000018071,0010-04-03 21:55:00,10,4,3,21,55,80,105,RIMBAUD A. QUAI,,,Nuit avec éclairage allumé,En agglomération,Hors intersection,Pluie légère,Autre collision,,,,,,,,,,,5,2,1,2.0,6.0
201000018072,0010-04-23 20:35:00,10,4,23,20,35,80,105,THEUX RUE,,,Crépuscule ou aube,En agglomération,Intersection en T,Normale,Deux véhicules - arrière,,,,,,,,,,,2,2,3,1.0,2.0
201000018073,0010-04-28 20:20:00,10,4,28,20,20,80,105,BERTHAUCOURT (RUE DE),,,Plein jour,En agglomération,Hors intersection,Normale,Deux véhicules - frontale,,,,,,,,,,,1,2,1,1.0,1.0
201000018074,0010-05-28 15:45:00,10,5,28,15,45,80,105,ETION RUE,,,Plein jour,En agglomération,Hors intersection,Normale,Trois véhicules et plus - collisions multiples,,,,,,,,,,,1,2,1,1.0,5.0
201000018075,0010-06-02 11:13:00,10,6,2,11,13,80,105,CHURCHILL W. PLACE,,,Plein jour,En agglomération,Hors intersection,Normale,Autre collision,,,,,,,,,,,1,2,1,1.0,6.0
201000018076,0010-06-03 16:54:00,10,6,3,16,54,80,105,CAQUOT ALBERT (RUE),,,Plein jour,En agglomération,Intersection en X,Normale,Deux véhicules - côté,,,,,,,,,,,1,2,2,1.0,3.0
201000018077,0010-06-18 08:00:00,10,6,18,8,0,80,105,DE GAULLE AVENUE,,,Plein jour,En agglomération,Intersection en T,Normale,Trois véhicules et plus - collisions multiples,,,,,,,,,,,1,2,3,1.0,5.0
201000018078,0010-06-15 07:10:00,10,6,15,7,10,80,105,ZAY J.,,,Plein jour,En agglomération,Intersection en X,Normale,Autre collision,,,,,,,,,,,1,2,2,1.0,6.0
201000018079,0010-06-28 15:45:00,10,6,28,15,45,80,105,MONTCY SAINT PIERRE PLAC,,,Plein jour,En agglomération,Hors intersection,Normale,Autre collision,,,,,,,,,,,1,2,1,1.0,6.0
201000018080,0010-08-14 04:10:00,10,8,14,4,10,80,180,FORT,,,Nuit sans éclairage public,Hors agglomération,Hors intersection,Normale,Sans collision,,,,,,,,,,,3,1,1,1.0,7.0
201000018081,0010-08-27 14:15:00,10,8,27,14,15,80,105,"14, ARCHES (AVENUE)",,,Plein jour,En agglomération,Hors intersection,Normale,Autre collision,,,,,,,,,,,1,2,1,1.0,6.0
201000018082,0010-10-17 02:30:00,10,10,17,2,30,80,105,,,,Nuit avec éclairage allumé,Hors agglomération,Autre intersection,Normale,Sans collision,,,,,,,,,,,5,1,9,1.0,7.0
201000018083,0010-10-19 17:00:00,10,10,19,17,0,80,105,MESANGES,,,Plein jour,En agglomération,Giratoire,Temps couvert,Autre collision,,,,,,,,,,,1,2,6,8.0,6.0
201000018084,0010-11-13 19:04:00,10,11,13,19,4,80,105,GAILLY G. AVENUE,,,Nuit avec éclairage allumé,En agglomération,Hors intersection,Pluie forte,Autre collision,,,,,,,,,,,5,2,1,3.0,6.0
201000018085,0010-01-03 14:45:00,10,1,3,14,45,140,555,,49.3075,0.29855,Plein jour,Hors agglomération,Hors intersection,Normale,Deux véhicules - arrière,,,,,,,,,,,1,1,1,1.0,2.0
201000018086,0010-03-14 18:45:00,10,3,14,18,45,140,563,,,,Plein jour,Hors agglomération,Hors intersection,Normale,Autre collision,,,,,,,,,,,1,1,1,1.0,6.0
201000018087,0010-04-19 19:15:00,10,4,19,19,15,140,55,,,,Plein jour,Hors agglomération,Autre intersection,Normale,Trois véhicules et plus - en chaîne,,,,,,,,,,,1,1,9,1.0,4.0
201000018088,0010-04-20 08:15:00,10,4,20,8,15,140,36,,,,Plein jour,Hors agglomération,Hors intersection,Normale,Deux véhicules - arrière,,,,,,,,,,,1,1,1,1.0,2.0
201000018089,0010-07-03 10:15:00,10,7,3,10,15,140,514,,,,Plein jour,Hors agglomération,Hors intersection,Normale,Trois véhicules et plus - en chaîne,,,,,,,,,,,1,1,1,1.0,4.0
201000018090,0010-07-17 17:45:00,10,7,17,17,45,140,514,,,,Plein jour,Hors agglomération,Hors intersection,Normale,Deux véhicules - arrière,,,,,,,,,,,1,1,1,1.0,2.0
201000018091,0010-07-18 10:45:00,10,7,18,10,45,140,185,,,,Plein jour,Hors agglomération,Hors intersection,Normale,Trois véhicules et plus - en chaîne,,,,,,,,,,,1,1,1,1.0,4.0
201000018092,0010-07-19 08:15:00,10,7,19,8,15,140,536,,,,Plein jour,Hors agglomération,Hors intersection,Normale,Sans collision,,,,,,,,,,,1,1,1,1.0,7.0
201000018093,0010-08-02 11:45:00,10,8,2,11,45,140,514,,,,Plein jour,Hors agglomération,Hors intersection,Normale,Sans collision,,,,,,,,,,,1,1,1,1.0,7.0
201000018094,0010-09-23 10:30:00,10,9,23,10,30,140,16,,,,Plein jour,Hors agglomération,Hors intersection,Temps couvert,Deux véhicules - arrière,,,,,,,,,,,1,1,1,8.0,2.0
201000018095,0010-12-22 07:45:00,10,12,22,7,45,140,119,,,,Nuit sans éclairage public,Hors agglomération,Hors intersection,Brouillard / fumée,Deux véhicules - arrière,,,,,,,,,,,3,1,1,5.0,2.0
201000018096,0010-05-24 20:45:00,10,5,24,20,45,130,38,,43.7425,4.72265,Crépuscule ou aube,Hors agglomération,Hors intersection,Normale,Autre collision,,,,,,,,,,,2,1,1,1.0,6.0
201000018097,0010-06-13 09:45:00,10,6,13,9,45,130,68,CARREFOUR D78C/D78D,43.7176,4.78791,Plein jour,En agglomération,Intersection en X,Normale,Deux véhicules - côté,,,,,,,,,,,1,2,2,1.0,3.0
201000018098,0010-09-04 17:30:00,10,9,4,17,30,130,38,,43.7054,4.71771,Plein jour,Hors agglomération,Intersection en X,Normale,Deux véhicules - côté,,,,,,,,,,,1,1,2,1.0,3.0
201000018099,0010-10-26 23:45:00,10,10,26,23,45,130,58,CHEMIN DÉPARTEMENTAL 27,43.7289,4.80293,Nuit sans éclairage public,En agglomération,Hors intersection,Normale,Autre collision,,,,,,,,,,,3,2,1,1.0,6.0
201000018100,0010-10-22 18:45:00,10,10,22,18,45,130,11,,43.7426,4.79173,Plein jour,Hors agglomération,Hors intersection,Normale,Autre collision,,,,,,,,,,,1,1,1,1.0,6.0
201000018101,0010-11-13 06:45:00,10,11,13,6,45,130,38,,43.7411,4.7257,Crépuscule ou aube,Hors agglomération,Hors intersection,Temps couvert,Autre collision,,,,,,,,,,,2,1,1,8.0,6.0
201000018102,0010-01-03 11:15:00,10,1,3,11,15,280,104,,48.4724,1.60058,Plein jour,Hors agglomération,Hors intersection,Normale,Deux véhicules - arrière,,,,,,,,,,,1,1,1,1.0,2.0
201000018103,0010-03-03 22:15:00,10,3,3,22,15,280,253,,48.3575,1.4335,Nuit sans éclairage public,Hors agglomération,Hors intersection,Normale,Deux véhicules - arrière,,,,,,,,,,,3,1,1,1.0,2.0
201000018104,0010-03-20 18:15:00,10,3,20,18,15,280,361,,48.5123,1.76785,Plein jour,Hors agglomération,Hors intersection,Temps couvert,Autre collision,,,,,,,,,,,1,1,1,8.0,6.0
201000018105,0010-03-29 15:00:00,10,3,29,15,0,280,110,,48.411,1.5035,Plein jour,Hors agglomération,Hors intersection,Normale,Autre collision,,,,,,,,,,,1,1,1,1.0,6.0
201000018106,0010-05-03 13:30:00,10,5,3,13,30,280,41,,48.2953,1.28023,Plein jour,Hors agglomération,Hors intersection,Vent fort / tempête,Sans collision,,,,,,,,,,,1,1,1,6.0,7.0
201000018107,0010-05-18 17:00:00,10,5,18,17,0,280,85,,48.4558,1.53952,Plein jour,Hors agglomération,Hors intersection,Normale,Deux véhicules - arrière,,,,,,,,,,,1,1,1,1.0,2.0
201000018108,0010-05-21 23:00:00,10,5,21,23,0,280,139,,48.3197,1.34488,Nuit sans éclairage public,Hors agglomération,Hors intersection,Normale,Trois véhicules et plus - collisions multiples,,,,,,,,,,,3,1,1,1.0,5.0
201000018109,0010-06-05 09:00:00,10,6,5,9,0,280,42,,48.5114,1.76229,Plein jour,Hors agglomération,Hors intersection,Normale,Autre collision,,,,,,,,,,,1,1,1,1.0,6.0
201000018110,0010-07-05 13:00:00,10,7,5,13,0,280,196,,48.2854,1.24874,Plein jour,Hors agglomération,Hors intersection,Normale,Autre collision,,,,,,,,,,,1,1,1,1.0,6.0
201000018111,0010-07-13 08:00:00,10,7,13,8,0,280,177,,48.4384,1.52449,Plein jour,Hors agglomération,Hors intersection,Normale,Autre collision,,,,,,,,,,,1,1,1,1.0,6.0
201000018112,0010-07-22 11:45:00,10,7,22,11,45,280,388,,48.3682,1.4563,Plein jour,Hors agglomération,Hors intersection,Normale,Trois véhicules et plus - en chaîne,,,,,,,,,,,1,1,1,1.0,4.0
201000018113,0010-09-26 11:00:00,10,9,26,11,0,280,85,,48.4415,1.5272,Plein jour,Hors agglomération,Hors intersection,Normale,Sans collision,,,,,,,,,,,1,1,1,1.0,7.0
201000018114,0010-10-24 14:45:00,10,10,24,14,45,280,141,,48.3277,1.37768,Plein jour,Hors agglomération,Hors intersection,Temps couvert,Autre collision,,,,,,,,,,,1,1,1,8.0,6.0
201000018115,0010-11-01 01:45:00,10,11,1,1,45,280,104,,48.4726,1.60187,Nuit sans éclairage public,Hors agglomération,Hors intersection,Normale,Sans collision,,,,,,,,,,,3,1,1,1.0,7.0
201000018116,0010-12-26 14:30:00,10,12,26,14,30,280,73,,48.4782,1.63034,Plein jour,Hors agglomération,Hors intersection,Normale,Sans collision,,,,,,,,,,,1,1,1,1.0,7.0
201000018117,0010-02-10 22:15:00,10,2,10,22,15,410,59,,47.417,1.48537,Nuit sans éclairage public,Hors agglomération,Hors intersection,Neige / grêle,Sans collision,,,,,,,,,,,3,1,1,4.0,7.0
201000018118,0010-02-17 06:00:00,10,2,17,6,0,410,31,,47.5431,1.40178,Nuit sans éclairage public,Hors agglomération,Hors intersection,Autre,Autre collision,,,,,,,,,,,3,1,1,9.0,6.0
201000018119,0010-03-20 17:00:00,10,3,20,17,0,410,295,96 AVENUE DES TAILLES,,,Plein jour,En agglomération,Hors intersection,Pluie légère,Deux véhicules - frontale,,,,,,,,,,,1,2,1,2.0,1.0
201000018120,0010-03-22 18:45:00,10,3,22,18,45,410,204,RUE DE LA MAIRIE,47.6148,1.41623,Plein jour,En agglomération,Hors intersection,Normale,Deux véhicules - côté,,,,,,,,,,,1,2,1,1.0,3.0
201000018121,0010-03-30 10:45:00,10,3,30,10,45,410,61,,47.4871,1.40924,Plein jour,Hors agglomération,Hors intersection,Normale,Deux véhicules - frontale,,,,,,,,,,,1,1,1,1.0,1.0
201000018122,0010-04-17 23:15:00,10,4,17,23,15,410,204,,47.6152,1.44609,Nuit sans éclairage public,Hors agglomération,Hors intersection,Normale,Deux véhicules - frontale,,,,,,,,,,,3,1,1,1.0,1.0
201000018123,0010-04-27 17:00:00,10,4,27,17,0,410,295,,47.603,1.43345,Plein jour,Hors agglomération,Hors intersection,Normale,Deux véhicules - frontale,,,,,,,,,,,1,1,1,1.0,1.0
201000018124,0010-05-03 07:15:00,10,5,3,7,15,410,31,,47.5333,1.41852,Crépuscule ou aube,Hors agglomération,Hors intersection,Normale,Autre collision,,,,,,,,,,,2,1,1,1.0,6.0
201000018125,0010-05-08 12:30:00,10,5,8,12,30,410,59,CARREFOUR DU SOUVENIR,47.4179,1.42817,Plein jour,En agglomération,Hors intersection,Normale,Autre collision,,,,,,,,,,,1,2,1,1.0,6.0
201000018126,0010-05-13 17:15:00,10,5,13,17,15,410,31,C.D 956,47.5202,1.39359,Plein jour,En agglomération,Hors intersection,Normale,Deux véhicules - côté,,,,,,,,,,,1,2,1,1.0,3.0
201000018127,0010-05-13 14:15:00,10,5,13,14,15,410,59,,47.424,1.42847,Plein jour,Hors agglomération,Hors intersection,Normale,Deux véhicules - côté,,,,,,,,,,,1,1,1,1.0,3.0
201000018128,0010-05-21 20:00:00,10,5,21,20,0,410,295,,47.6072,1.37783,Plein jour,Hors agglomération,Hors intersection,Normale,Sans collision,,,,,,,,,,,1,1,1,1.0,7.0
201000018129,0010-08-12 14:45:00,10,8,12,14,45,410,49,,,,Plein jour,Hors agglomération,Hors intersection,Normale,Sans collision,,,,,,,,,,,1,1,1,1.0,7.0
201000018130,0010-09-26 20:30:00,10,9,26,20,30,410,94,,47.435,1.408,Nuit sans éclairage public,Hors agglomération,Hors intersection,Pluie légère,Deux véhicules - frontale,,,,,,,,,,,3,1,1,2.0,1.0
201000018131,0010-09-26 19:45:00,10,9,26,19,45,410,49,,,,Nuit avec éclairage allumé,En agglomération,Hors intersection,Normale,Deux véhicules - côté,,,,,,,,,,,5,2,1,1.0,3.0
201000018132,0010-09-28 16:00:00,10,9,28,16,0,410,52,ROUTE DE FOUGERES,47.4815,1.38954,Plein jour,En agglomération,Hors intersection,Normale,Deux véhicules - côté,,,,,,,,,,,1,2,1,1.0,3.0
201000018133,0010-10-17 12:30:00,10,10,17,12,30,410,86,,47.4626,1.51783,Plein jour,Hors agglomération,Hors intersection,Normale,Autre collision,,,,,,,,,,,1,1,1,1.0,6.0
201000018134,0010-11-02 17:45:00,10,11,2,17,45,410,86,,47.4973,1.548,Nuit sans éclairage public,Hors agglomération,Hors intersection,Normale,Sans collision,,,,,,,,,,,3,1,1,1.0,7.0
201000018135,0010-11-20 17:45:00,10,11,20,17,45,410,59,RUE PIERRE HENRI MAUGER,47.4193,1.42861,Crépuscule ou aube,En agglomération,Hors intersection,Normale,Autre collision,,,,,,,,,,,2,2,1,1.0,6.0
201000018136,0010-11-21 16:45:00,10,11,21,16,45,410,262,,47.5584,1.51281,Crépuscule ou aube,Hors agglomération,Hors intersection,Pluie légère,Trois véhicules et plus - collisions multiples,,,,,,,,,,,2,1,1,2.0,5.0
201000018137,0010-12-03 05:15:00,10,12,3,5,15,410,204,,,,Nuit sans éclairage public,Hors agglomération,Hors intersection,Neige / grêle,Sans collision,,,,,,,,,,,3,1,1,4.0,7.0
201000018138,0010-12-24 16:30:00,10,12,24,16,30,410,295,,47.6032,1.37496,Crépuscule ou aube,Hors agglomération,Hors intersection,Pluie légère,Trois véhicules et plus - collisions multiples,,,,,,,,,,,2,1,1,2.0,5.0
201000018139,0010-12-29 14:45:00,10,12,29,14,45,410,160,,47.5601,1.58054,Plein jour,Hors agglomération,Hors intersection,Normale,Sans collision,,,,,,,,,,,1,1,1,1.0,7.0
201000018140,0010-01-21 08:30:00,10,1,21,8,30,690,27,RUE FERDINAND GAILLARD,45.68,4.755,Plein jour,En agglomération,Hors intersection,Normale,Autre collision,,,,,,,,,,,1,2,1,1.0,6.0
201000018141,0010-05-03 12:20:00,10,5,3,12,20,690,268,RD386,,,Plein jour,En agglomération,Hors intersection,Normale,Autre collision,,,,,,,,,,,1,2,1,1.0,6.0
201000018142,0010-05-07 09:45:00,10,5,7,9,45,690,268,,45.664,4.766,Plein jour,Hors agglomération,Hors intersection,Normale,Deux véhicules - frontale,,,,,,,,,,,1,1,1,1.0,1.0
201000018143,0010-05-20 13:45:00,10,5,20,13,45,690,27,ROND POINT DE LA SPA,45.682,4.771,Plein jour,En agglomération,Giratoire,Normale,Deux véhicules - frontale,,,,,,,,,,,1,2,6,1.0,1.0
201000018144,0010-06-23 19:30:00,10,6,23,19,30,690,27,AVENUE DU STADE,45.686,4.75,Plein jour,En agglomération,Hors intersection,Normale,Autre collision,,,,,,,,,,,1,2,1,1.0,6.0
201000018145,0010-07-27 17:45:00,10,7,27,17,45,690,27,rue du general de gaule,45.665,4.752,Plein jour,En agglomération,Hors intersection,Normale,Deux véhicules - arrière,,,,,,,,,,,1,2,1,1.0,2.0
201000018146,0010-07-26 16:15:00,10,7,26,16,15,690,27,ROUTE DE SOUCIEU,45.675,4.751,Plein jour,En agglomération,Hors intersection,Normale,Trois véhicules et plus - collisions multiples,,,,,,,,,,,1,2,1,1.0,5.0
201000018147,0010-09-23 15:30:00,10,9,23,15,30,690,27,,,,Plein jour,Hors agglomération,Hors intersection,Pluie légère,Deux véhicules - frontale,,,,,,,,,,,1,1,1,2.0,1.0
201000018148,0010-10-01 21:45:00,10,10,1,21,45,690,43,,,,Nuit sans éclairage public,Hors agglomération,Hors intersection,Normale,Deux véhicules - frontale,,,,,,,,,,,3,1,1,1.0,1.0
201000018149,0010-12-23 10:30:00,10,12,23,10,30,690,27,rue Général de Gaulle,45.67,4.75,Plein jour,En agglomération,Hors intersection,Normale,Deux véhicules - frontale,,,,,,,,,,,1,2,1,1.0,1.0
201000018150,0010-04-08 08:00:00,10,4,8,8,0,290,149,,48.44983,-4.54364,Plein jour,Hors agglomération,Hors intersection,Normale,Deux véhicules - frontale,,,,,,,,,,,1,1,1,1.0,1.0
201000018151,0010-04-25 01:30:00,10,4,25,1,30,290,201,,48.41535,-4.67986,Nuit sans éclairage public,Hors agglomération,Hors intersection,Pluie légère,Sans collision,,,,,,,,,,,3,1,1,2.0,7.0
201000018152,0010-05-28 07:45:00,10,5,28,7,45,290,11,1830 Rte du Tromeur,48.43506,-4.50168,Plein jour,En agglomération,Hors intersection,Temps éblouissant,Autre collision,,,,,,,,,,,1,2,1,7.0,6.0
201000018153,0010-07-10 16:45:00,10,7,10,16,45,290,212,,48.39192,-4.61564,Plein jour,Hors agglomération,Hors intersection,Normale,Sans collision,,,,,,,,,,,1,1,1,1.0,7.0
201000018154,0010-07-03 10:45:00,10,7,3,10,45,290,155,,48.45897,-5.10511,Plein jour,Hors agglomération,Hors intersection,Normale,Autre collision,,,,,,,,,,,1,1,1,1.0,6.0
201000018155,0010-11-12 07:45:00,10,11,12,7,45,290,212,Rue  Charles De Gaulle,48.37142,-4.58907,Nuit avec éclairage allumé,En agglomération,Hors intersection,Pluie forte,Autre collision,,,,,,,,,,,5,2,1,3.0,6.0
201000018156,0010-03-04 05:30:00,10,3,4,5,30,340,143,,43.45212,3.5993,Nuit sans éclairage public,Hors agglomération,Hors intersection,Normale,Deux véhicules - côté,,,,,,,,,,,3,1,1,1.0,3.0
201000018157,0010-05-12 18:00:00,10,5,12,18,0,340,172,,43.58493,3.89061,Plein jour,Hors agglomération,Hors intersection,Normale,Sans collision,,,,,,,,,,,1,1,1,1.0,7.0
201000018158,0010-08-02 14:00:00,10,8,2,14,0,340,129,,43.5817,3.88615,Plein jour,Hors agglomération,Hors intersection,Normale,Trois véhicules et plus - en chaîne,,,,,,,,,,,1,1,1,1.0,4.0
201000018159,0010-08-28 02:15:00,10,8,28,2,15,340,166,,43.35794,3.34098,Nuit sans éclairage public,Hors agglomération,Hors intersection,Normale,Trois véhicules et plus - collisions multiples,,,,,,,,,,,3,1,1,1.0,5.0
201000018160,0010-09-02 18:15:00,10,9,2,18,15,340,32,A9 Echangeur Béziers-Oue,43.30318,3.22164,Plein jour,Hors agglomération,Hors intersection,Normale,Autre collision,,,,,,,,,,,1,1,1,1.0,6.0
201000018161,0010-10-23 05:30:00,10,10,23,5,30,340,129,,43.5798,3.88351,Nuit sans éclairage public,Hors agglomération,Hors intersection,Normale,Autre collision,,,,,,,,,,,3,1,1,1.0,6.0
201000018162,0010-11-07 05:45:00,10,11,7,5,45,340,32,,43.34,3.291,Nuit sans éclairage public,Hors agglomération,Hors intersection,Normale,Autre collision,,,,,,,,,,,3,1,1,1.0,6.0
201000018163,0010-11-25 08:45:00,10,11,25,8,45,340,298,,43.311,3.238,Plein jour,Hors agglomération,Hors intersection,Normale,Trois véhicules et plus - en chaîne,,,,,,,,,,,1,1,1,1.0,4.0
201000018164,0010-11-27 05:00:00,10,11,27,5,0,340,129,,43.579,3.879,Nuit sans éclairage public,Hors agglomération,Hors intersection,Normale,Autre collision,,,,,,,,,,,3,1,1,1.0,6.0
201000018165,0010-12-01 13:30:00,10,12,1,13,30,340,31,,,,Plein jour,Hors agglomération,Hors intersection,Normale,Deux véhicules - frontale,,,,,,,,,,,1,1,1,1.0,1.0
201000018166,0010-04-02 05:45:00,10,4,2,5,45,330,552,,,,Nuit sans éclairage public,Hors agglomération,Hors intersection,Temps couvert,Deux véhicules - arrière,,,,,,,,,,,3,1,1,8.0,2.0
201000018167,0010-06-15 18:30:00,10,6,15,18,30,330,452,,,,Plein jour,Hors agglomération,Hors intersection,Temps couvert,Deux véhicules - côté,,,,,,,,,,,1,1,1,8.0,3.0
201000018168,0010-10-05 14:45:00,10,10,5,14,45,330,474,,,,Plein jour,Hors agglomération,Autre intersection,Normale,Deux véhicules - arrière,,,,,,,,,,,1,1,9,1.0,2.0
201000018169,0010-12-18 06:45:00,10,12,18,6,45,330,227,,44.534,-0.218,Nuit sans éclairage public,Hors agglomération,Hors intersection,Temps couvert,Trois véhicules et plus - en chaîne,,,,,,,,,,,3,1,1,8.0,4.0
201000018170,0010-02-02 10:30:00,10,2,2,10,30,310,506,,,,Plein jour,En agglomération,Giratoire,Normale,Autre collision,,,,,,,,,,,1,2,6,1.0,6.0
201000018171,0010-03-01 05:30:00,10,3,1,5,30,310,506,Avenue de Toulouse,,,Nuit avec éclairage allumé,En agglomération,Hors intersection,Normale,Deux véhicules - frontale,,,,,,,,,,,5,2,1,1.0,1.0
201000018172,0010-03-12 02:30:00,10,3,12,2,30,310,254,,,,Nuit avec éclairage allumé,Hors agglomération,Hors intersection,Normale,Deux véhicules - frontale,,,,,,,,,,,5,1,1,1.0,1.0
201000018173,0010-08-06 16:15:00,10,8,6,16,15,310,506,Rue de Lalande,,,Plein jour,En agglomération,Hors intersection,Normale,Deux véhicules - arrière,,,,,,,,,,,1,2,1,1.0,2.0