accident_id,datetime,annee,mois,jour,heure,minute,departement,commune_insee,adresse,latitude,longitude,luminosite,agglomeration,intersection,meteo,collision,nb_vehicules,nb_usagers,nb_indemnes,nb_tues,nb_blesses_hosp,nb_blesses_legers,age_cond_1,age_cond_2,veh_type_cond_1,veh_type_cond_2,lum_code,agg_code,int_code,atm_code,col_code
201000018174,0010-08-23 19:30:00,10,8,23,19,30,310,445,CD18,,,Plein jour,En agglomération,Hors intersection,Normale,Autre collision,,,,,,,,,,,1,2,1,1.0,6.0
201000018175,0010-12-22 14:15:00,10,12,22,14,15,310,254,ZAC DE LA GRANDE BORDE,,,Plein jour,En agglomération,Intersection en X,Normale,Deux véhicules - côté,,,,,,,,,,,1,2,2,1.0,3.0
201000018176,0010-01-22 18:30:00,10,1,22,18,30,630,272,,,,Nuit sans éclairage public,Hors agglomération,Hors intersection,Normale,Trois véhicules et plus - en chaîne,,,,,,,,,,,3,1,1,1.0,4.0
201000018177,0010-02-23 04:30:00,10,2,23,4,30,630,241,,,,Nuit sans éclairage public,Hors agglomération,Hors intersection,Normale,Deux véhicules - arrière,,,,,,,,,,,3,1,1,1.0,2.0
201000018178,0010-05-17 17:45:00,10,5,17,17,45,630,272,,,,Plein jour,Hors agglomération,Hors intersection,Normale,Trois véhicules et plus - en chaîne,,,,,,,,,,,1,1,1,1.0,4.0
201000018179,0010-06-01 20:00:00,10,6,1,20,0,630,455,,,,Plein jour,Hors agglomération,Hors intersection,Pluie légère,Deux véhicules - arrière,,,,,,,,,,,1,1,1,2.0,2.0
201000018180,0010-07-18 22:15:00,10,7,18,22,15,630,126,,45.68,3.14,Nuit sans éclairage public,Hors agglomération,Hors intersection,Normale,Deux véhicules - arrière,,,,,,,,,,,3,1,1,1.0,2.0
201000018181,0010-07-30 14:00:00,10,7,30,14,0,630,302,,45.702,3.148,Plein jour,Hors agglomération,Hors intersection,Normale,Deux véhicules - arrière,,,,,,,,,,,1,1,1,1.0,2.0
201000018182,0010-09-11 07:00:00,10,9,11,7,0,630,126,,,,Crépuscule ou aube,Hors agglomération,Hors intersection,Normale,Deux véhicules - côté,,,,,,,,,,,2,1,1,1.0,3.0
201000018183,0010-10-28 18:45:00,10,10,28,18,45,630,113,,,,Nuit avec éclairage non allumé,Hors agglomération,Hors intersection,Normale,Deux véhicules - arrière,,,,,,,,,,,4,1,1,1.0,2.0
201000018184,0010-11-01 03:45:00,10,11,1,3,45,630,273,,45.73,3.15,Nuit sans éclairage public,Hors agglomération,Hors intersection,Normale,Autre collision,,,,,,,,,,,3,1,1,1.0,6.0
201000018185,0010-11-10 01:00:00,10,11,10,1,0,630,21,,,,Nuit sans éclairage public,Hors agglomération,Hors intersection,Normale,Autre collision,,,,,,,,,,,3,1,1,1.0,6.0
201000018186,0010-01-23 03:45:00,10,1,23,3,45,640,545,,43.3559,-1.71645,Nuit sans éclairage public,Hors agglomération,Hors intersection,Normale,Sans collision,,,,,,,,,,,3,1,1,1.0,7.0
201000018187,0010-02-18 13:45:00,10,2,18,13,45,640,483,,43.4049,-1.62948,Plein jour,Hors agglomération,Hors intersection,Normale,Deux véhicules - côté,,,,,,,,,,,1,1,1,1.0,3.0
201000018188,0010-03-12 23:20:00,10,3,12,23,20,400,261,,,,Nuit sans éclairage public,Hors agglomération,Hors intersection,Normale,Deux véhicules - côté,,,,,,,,,,,3,1,1,1.0,3.0
201000018189,0010-03-17 18:30:00,10,3,17,18,30,640,38,,43.4489,-1.53641,Plein jour,Hors agglomération,Hors intersection,Normale,Deux véhicules - frontale,,,,,,,,,,,1,1,1,1.0,1.0
201000018190,0010-03-27 17:30:00,10,3,27,17,30,640,102,,43.4742,-1.45822,Plein jour,Hors agglomération,Hors intersection,Normale,Sans collision,,,,,,,,,,,1,1,1,1.0,7.0
201000018191,0010-05-21 08:30:00,10,5,21,8,30,400,312,,,,Plein jour,Hors agglomération,Hors intersection,Normale,Deux véhicules - arrière,,,,,,,,,,,1,1,1,1.0,2.0
201000018192,0010-07-02 21:00:00,10,7,2,21,0,640,147,,43.449,-1.35272,Crépuscule ou aube,Hors agglomération,Hors intersection,Normale,Deux véhicules - arrière,,,,,,,,,,,2,1,1,1.0,2.0
201000018193,0010-07-13 21:30:00,10,7,13,21,30,640,407,,43.4561,-1.4123,Crépuscule ou aube,Hors agglomération,Hors intersection,Normale,Autre collision,,,,,,,,,,,2,1,1,1.0,6.0
201000018194,0010-07-26 19:15:00,10,7,26,19,15,640,483,,43.3838,-1.64365,Plein jour,Hors agglomération,Hors intersection,Normale,Autre collision,,,,,,,,,,,1,1,1,1.0,6.0
201000018195,0010-11-22 18:35:00,10,11,22,18,35,80,409,TORCY (PLACE DE),,,Nuit avec éclairage allumé,En agglomération,Hors intersection,Pluie légère,Deux véhicules - arrière,,,,,,,,,,,5,2,1,2.0,2.0
201000018196,0010-02-18 08:15:00,10,2,18,8,15,550,492,,,,Plein jour,Hors agglomération,Hors intersection,Normale,Autre collision,,,,,,,,,,,1,1,1,1.0,6.0
201000018197,0010-03-09 09:30:00,10,3,9,9,30,540,408,,49.1719,5.75864,Plein jour,Hors agglomération,Hors intersection,Normale,Autre collision,,,,,,,,,,,1,1,1,1.0,6.0
201000018198,0010-04-02 01:30:00,10,4,2,1,30,540,408,,49.1793,5.78247,Nuit sans éclairage public,Hors agglomération,Hors intersection,Normale,Sans collision,,,,,,,,,,,3,1,1,1.0,7.0
201000018199,0010-04-17 00:20:00,10,4,17,0,20,550,497,RAMPONT,49.09088,5.20642,Nuit sans éclairage public,Hors agglomération,Hors intersection,Normale,Trois véhicules et plus - collisions multiples,,,,,,,,,,,3,1,1,1.0,5.0
201000018200,0010-06-17 10:30:00,10,6,17,10,30,550,202,,,,Plein jour,Hors agglomération,Hors intersection,Temps couvert,Autre collision,,,,,,,,,,,1,1,1,8.0,6.0
201000018201,0010-06-28 06:00:00,10,6,28,6,0,550,492,,,,Plein jour,Hors agglomération,Hors intersection,Normale,Deux véhicules - arrière,,,,,,,,,,,1,1,1,1.0,2.0
201000018202,0010-07-02 12:45:00,10,7,2,12,45,550,237,,,,Plein jour,Hors agglomération,Hors intersection,Normale,Deux véhicules - arrière,,,,,,,,,,,1,1,1,1.0,2.0
201000018203,0010-08-24 11:15:00,10,8,24,11,15,550,567,,48.0,5.0,Plein jour,Hors agglomération,Hors intersection,Normale,Deux véhicules - côté,,,,,,,,,,,1,1,1,1.0,3.0
201000018204,0010-01-17 21:15:00,10,1,17,21,15,510,599,,49.0947,4.25661,Nuit sans éclairage public,Hors agglomération,Hors intersection,Temps couvert,Sans collision,,,,,,,,,,,3,1,1,8.0,7.0
201000018205,0010-02-01 06:45:00,10,2,1,6,45,510,282,,49.243,3.89027,Nuit sans éclairage public,Hors agglomération,Hors intersection,Neige / grêle,Trois véhicules et plus - collisions multiples,,,,,,,,,,,3,1,1,4.0,5.0
201000018206,0010-03-12 14:00:00,10,3,12,14,0,510,454,A4  bretellesaint-rémi,,,Plein jour,Hors agglomération,Hors intersection,Normale,Deux véhicules - arrière,,,,,,,,,,,1,1,1,1.0,2.0
201000018207,0010-04-21 00:15:00,10,4,21,0,15,510,278,A4,,,Nuit sans éclairage public,Hors agglomération,Hors intersection,Normale,Deux véhicules - arrière,,,,,,,,,,,3,1,1,1.0,2.0
201000018208,0010-05-31 17:00:00,10,5,31,17,0,510,562,Péage A4,,,Plein jour,Hors agglomération,Hors intersection,Normale,Deux véhicules - arrière,,,,,,,,,,,1,1,1,1.0,2.0
201000018209,0010-06-15 03:00:00,10,6,15,3,0,510,569,bretelle entrée A6,,,Nuit avec éclairage allumé,Hors agglomération,Hors intersection,Normale,Sans collision,,,,,,,,,,,5,1,1,1.0,7.0
201000018210,0010-06-26 07:15:00,10,6,26,7,15,510,571,A4,,,Plein jour,Hors agglomération,Hors intersection,Normale,Autre collision,,,,,,,,,,,1,1,1,1.0,6.0
201000018211,0010-07-16 15:30:00,10,7,16,15,30,510,454,A4,,,Plein jour,Hors agglomération,Hors intersection,Normale,Deux véhicules - côté,,,,,,,,,,,1,1,1,1.0,3.0
201000018212,0010-07-26 07:45:00,10,7,26,7,45,510,569,A26,,,Plein jour,Hors agglomération,Hors intersection,Temps couvert,Sans collision,,,,,,,,,,,1,1,1,8.0,7.0
201000018213,0010-07-29 15:30:00,10,7,29,15,30,510,536,A4,,,Plein jour,Hors agglomération,Hors intersection,Normale,Trois véhicules et plus - en chaîne,,,,,,,,,,,1,1,1,1.0,4.0
201000018214,0010-09-12 05:50:00,10,9,12,5,50,510,278,a4,,,Nuit sans éclairage public,Hors agglomération,Hors intersection,Normale,Autre collision,,,,,,,,,,,3,1,1,1.0,6.0
201000018215,0010-10-11 18:15:00,10,10,11,18,15,510,518,A26,,,Plein jour,Hors agglomération,Hors intersection,Normale,Deux véhicules - arrière,,,,,,,,,,,1,1,1,1.0,2.0
201000018216,0010-10-24 19:15:00,10,10,24,19,15,510,569,bretelle a26/a4,,,Nuit sans éclairage public,Hors agglomération,Hors intersection,Normale,Sans collision,,,,,,,,,,,3,1,1,1.0,7.0
201000018217,0010-11-25 18:45:00,10,11,25,18,45,510,573,bretelle A4,,,Nuit avec éclairage allumé,Hors agglomération,Hors intersection,Normale,Autre collision,,,,,,,,,,,5,1,1,1.0,6.0
201000018218,0010-09-30 11:30:00,10,9,30,11,30,910,105,rue de la gare,,,Plein jour,En agglomération,Hors intersection,Normale,Autre collision,,,,,,,,,,,1,2,1,1.0,6.0
201000018219,0010-02-01 10:00:00,10,2,1,10,0,690,81,CHE DE CHARRIÈRE BLANCHE,,,Plein jour,En agglomération,Intersection en Y,Normale,Sans collision,,,,,,,,,,,1,2,4,1.0,7.0
201000018220,0010-05-28 11:30:00,10,5,28,11,30,690,81,24 CH DE CHARRIÈRE BLCHE,,,Plein jour,En agglomération,Hors intersection,Normale,Deux véhicules - frontale,,,,,,,,,,,1,2,1,1.0,1.0
201000018221,0010-06-21 14:00:00,10,6,21,14,0,690,81,CHEMIN DE GRANVAUX,,,Plein jour,En agglomération,Hors intersection,Normale,Sans collision,,,,,,,,,,,1,2,1,1.0,7.0
201000018222,0010-07-12 16:00:00,10,7,12,16,0,690,81,avenue paul santy,,,Plein jour,En agglomération,Hors intersection,Vent fort / tempête,Autre collision,,,,,,,,,,,1,2,1,6.0,6.0
201000018223,0010-01-28 16:00:00,10,1,28,16,0,380,485,RUE ROGER BARBE,,,Plein jour,En agglomération,Hors intersection,Normale,Deux véhicules - côté,,,,,,,,,,,1,2,1,1.0,3.0
201000018224,0010-03-18 16:45:00,10,3,18,16,45,380,485,,,,Plein jour,Hors agglomération,Hors intersection,Normale,Sans collision,,,,,,,,,,,1,1,1,1.0,7.0
201000018225,0010-04-24 16:00:00,10,4,24,16,0,380,433,,,,Plein jour,Hors agglomération,Hors intersection,Normale,Trois véhicules et plus - collisions multiples,,,,,,,,,,,1,1,1,1.0,5.0
201000018226,0010-04-27 12:45:00,10,4,27,12,45,380,485,RUE PROGRES/RUE SISTERON,,,Plein jour,En agglomération,Hors intersection,Normale,Deux véhicules - côté,,,,,,,,,,,1,2,1,1.0,3.0
201000018227,0010-05-29 15:00:00,10,5,29,15,0,380,433,,45.1743,5.63941,Plein jour,Hors agglomération,Hors intersection,Normale,Trois véhicules et plus - collisions multiples,,,,,,,,,,,1,1,1,1.0,5.0
201000018228,0010-09-21 08:30:00,10,9,21,8,30,380,433,,45.1672,5.62475,Plein jour,Hors agglomération,Hors intersection,Normale,Sans collision,,,,,,,,,,,1,1,1,1.0,7.0
201000018229,0010-12-15 23:00:00,10,12,15,23,0,380,485,"127, RUE DU PROGRÈS",,,Nuit avec éclairage allumé,En agglomération,Hors intersection,Normale,Autre collision,,,,,,,,,,,5,2,1,1.0,6.0
201000018230,0010-12-22 07:45:00,10,12,22,7,45,380,485,ALLÉE DES BALMES,,,Plein jour,En agglomération,Hors intersection,Normale,Deux véhicules - côté,,,,,,,,,,,1,2,1,1.0,3.0
201000018231,0010-02-13 17:30:00,10,2,13,17,30,380,173,,45.0412,6.12597,Plein jour,Hors agglomération,Hors intersection,Normale,Trois véhicules et plus - en chaîne,,,,,,,,,,,1,1,1,1.0,4.0
201000018232,0010-05-08 11:00:00,10,5,8,11,0,380,52,AVENUE DE LA GARE,,,Plein jour,En agglomération,Hors intersection,Normale,Autre collision,,,,,,,,,,,1,2,1,1.0,6.0
201000018233,0010-05-10 14:45:00,10,5,10,14,45,380,52,ROUTE DÉPARTEMENTALE 211,,,Plein jour,En agglomération,Hors intersection,Normale,Deux véhicules - frontale,,,,,,,,,,,1,2,1,1.0,1.0
201000018234,0010-08-31 18:15:00,10,8,31,18,15,380,52,,45.096,6.01015,Plein jour,Hors agglomération,Hors intersection,Normale,Deux véhicules - côté,,,,,,,,,,,1,1,1,1.0,3.0
201000018235,0010-05-02 08:00:00,10,5,2,8,0,510,588,A4,,,Plein jour,Hors agglomération,Hors intersection,Normale,Autre collision,,,,,,,,,,,1,1,1,1.0,6.0
201000018236,0010-07-01 15:15:00,10,7,1,15,15,510,507,A4,,,Plein jour,Hors agglomération,Hors intersection,Normale,Autre collision,,,,,,,,,,,1,1,1,1.0,6.0
201000018237,0010-03-13 04:45:00,10,3,13,4,45,570,303,,,,Nuit sans éclairage public,Hors agglomération,Hors intersection,Normale,Autre collision,,,,,,,,,,,3,1,1,1.0,6.0
201000018238,0010-03-28 12:15:00,10,3,28,12,15,570,249,,,,Plein jour,Hors agglomération,Hors intersection,Normale,Autre collision,,,,,,,,,,,1,1,1,1.0,6.0
201000018239,0010-05-13 15:45:00,10,5,13,15,45,570,28,,,,Plein jour,Hors agglomération,Hors intersection,Normale,Deux véhicules - côté,,,,,,,,,,,1,1,1,1.0,3.0
201000018240,0010-06-10 11:30:00,10,6,10,11,30,570,467,,,,Plein jour,Hors agglomération,Hors intersection,Normale,Sans collision,,,,,,,,,,,1,1,1,1.0,7.0
201000018241,0010-07-24 14:30:00,10,7,24,14,30,570,510,,,,Plein jour,Hors agglomération,Hors intersection,Normale,Sans collision,,,,,,,,,,,1,1,1,1.0,7.0
201000018242,0010-08-05 21:30:00,10,8,5,21,30,570,556,,,,Nuit sans éclairage public,Hors agglomération,Hors intersection,Normale,Sans collision,,,,,,,,,,,3,1,1,1.0,7.0
201000018243,0010-08-25 12:30:00,10,8,25,12,30,570,155,LANDONVILLERS,,,Plein jour,Hors agglomération,Hors intersection,Normale,Sans collision,,,,,,,,,,,1,1,1,1.0,7.0
201000018244,0010-07-04 04:15:00,10,7,4,4,15,860,115,,,,Nuit sans éclairage public,Hors agglomération,Autre intersection,Normale,Deux véhicules - arrière,,,,,,,,,,,3,1,9,1.0,2.0
201000018245,0010-07-04 21:30:00,10,7,4,21,30,860,66,,,,Crépuscule ou aube,Hors agglomération,Hors intersection,Normale,Sans collision,,,,,,,,,,,2,1,1,1.0,7.0
201000018246,0010-07-19 16:15:00,10,7,19,16,15,860,115,AUTOROUTE A10 AQUITAINE,,,Plein jour,Hors agglomération,Hors intersection,Normale,Deux véhicules - côté,,,,,,,,,,,1,1,1,1.0,3.0
201000018247,0010-08-29 15:45:00,10,8,29,15,45,860,19,,46.747,0.424,Plein jour,Hors agglomération,Hors intersection,Normale,Sans collision,,,,,,,,,,,1,1,1,1.0,7.0
201000018248,0010-08-25 07:00:00,10,8,25,7,0,860,115,,,,Crépuscule ou aube,Hors agglomération,Hors intersection,Normale,Deux véhicules - arrière,,,,,,,,,,,2,1,1,1.0,2.0
201000018249,0010-09-06 07:00:00,10,9,6,7,0,860,280,,,,Crépuscule ou aube,Hors agglomération,Hors intersection,Normale,Deux véhicules - arrière,,,,,,,,,,,2,1,1,1.0,2.0
201000018250,0010-09-16 02:00:00,10,9,16,2,0,860,7,,,,Nuit sans éclairage public,Hors agglomération,Hors intersection,Normale,Deux véhicules - frontale,,,,,,,,,,,3,1,1,1.0,1.0
201000018251,0010-11-07 16:30:00,10,11,7,16,30,860,174,,,,Plein jour,Hors agglomération,Hors intersection,Neige / grêle,Trois véhicules et plus - collisions multiples,,,,,,,,,,,1,1,1,4.0,5.0
201000018252,0010-11-08 17:00:00,10,11,8,17,0,860,27,,46.597,0.303,Nuit sans éclairage public,Hors agglomération,Hors intersection,Temps couvert,Trois véhicules et plus - collisions multiples,,,,,,,,,,,3,1,1,8.0,5.0
201000018253,0010-11-11 12:30:00,10,11,11,12,30,860,19,,,,Plein jour,Hors agglomération,Hors intersection,Pluie légère,Autre collision,,,,,,,,,,,1,1,1,2.0,6.0
201000018254,0010-01-15 19:15:00,10,1,15,19,15,490,266,,47.4359,-0.78032,Nuit sans éclairage public,Hors agglomération,Hors intersection,Normale,Trois véhicules et plus - collisions multiples,,,,,,,,,,,3,1,1,1.0,5.0
201000018255,0010-01-17 17:00:00,10,1,17,17,0,490,298,A11,47.4603,-0.69834,Crépuscule ou aube,Hors agglomération,Hors intersection,Normale,Trois véhicules et plus - en chaîne,,,,,,,,,,,2,1,1,1.0,4.0
201000018256,0010-05-03 16:30:00,10,5,3,16,30,490,7,,47.491,-0.53761,Plein jour,Hors agglomération,Autre intersection,Normale,Autre collision,,,,,,,,,,,1,1,9,1.0,6.0
201000018257,0010-06-11 09:00:00,10,6,11,9,0,490,289,,47.4606,-0.69787,Plein jour,Hors agglomération,Hors intersection,Normale,Autre collision,,,,,,,,,,,1,1,1,1.0,6.0
201000018258,0010-07-02 17:15:00,10,7,2,17,15,490,266,,47.4366,-0.7752,Plein jour,Hors agglomération,Hors intersection,Normale,Autre collision,,,,,,,,,,,1,1,1,1.0,6.0
201000018259,0010-08-26 06:15:00,10,8,26,6,15,490,129,,47.5024,-0.50075,Crépuscule ou aube,Hors agglomération,Autre intersection,Normale,Sans collision,,,,,,,,,,,2,1,9,1.0,7.0
201000018260,0010-05-31 07:30:00,10,5,31,7,30,20,655,,,,Plein jour,Hors agglomération,Hors intersection,Normale,Autre collision,,,,,,,,,,,1,1,1,1.0,6.0
201000018261,0010-06-06 17:30:00,10,6,6,17,30,20,85,,,,Plein jour,Hors agglomération,Hors intersection,Normale,Autre collision,,,,,,,,,,,1,1,1,1.0,6.0
201000018262,0010-06-30 11:15:00,10,6,30,11,15,20,290,,,,Plein jour,Hors agglomération,Hors intersection,Normale,Autre collision,,,,,,,,,,,1,1,1,1.0,6.0
201000018263,0010-01-05 17:15:00,10,1,5,17,15,60,88,,,,Crépuscule ou aube,Hors agglomération,Hors intersection,Pluie légère,Autre collision,,,,,,,,,,,2,1,1,2.0,6.0
201000018264,0010-03-25 17:00:00,10,3,25,17,0,60,150,,,,Plein jour,Hors agglomération,Hors intersection,Normale,Autre collision,,,,,,,,,,,1,1,1,1.0,6.0
201000018265,0010-04-01 15:30:00,10,4,1,15,30,60,88,,,,Plein jour,Hors agglomération,Hors intersection,Normale,Sans collision,,,,,,,,,,,1,1,1,1.0,7.0
201000018266,0010-05-29 10:00:00,10,5,29,10,0,60,88,,,,Plein jour,Hors agglomération,Autre intersection,Normale,Sans collision,,,,,,,,,,,1,1,9,1.0,7.0
201000018267,0010-06-09 07:15:00,10,6,9,7,15,60,88,,,,Plein jour,Hors agglomération,Hors intersection,Normale,Sans collision,,,,,,,,,,,1,1,1,1.0,7.0
201000018268,0010-07-22 16:15:00,10,7,22,16,15,60,104,,,,Plein jour,Hors agglomération,Hors intersection,Normale,Deux véhicules - côté,,,,,,,,,,,1,1,1,1.0,3.0
201000018269,0010-08-30 17:30:00,10,8,30,17,30,60,88,,,,Plein jour,Hors agglomération,Hors intersection,Normale,Trois véhicules et plus - en chaîne,,,,,,,,,,,1,1,1,1.0,4.0
201000018270,0010-08-31 08:45:00,10,8,31,8,45,60,59,,,,Plein jour,Hors agglomération,Hors intersection,Normale,Deux véhicules - frontale,,,,,,,,,,,1,1,1,1.0,1.0
201000018271,0010-09-29 12:00:00,10,9,29,12,0,60,88,,43.671,7.2,Plein jour,Hors agglomération,Hors intersection,Normale,Deux véhicules - côté,,,,,,,,,,,1,1,1,1.0,3.0
201000018272,0010-10-01 03:00:00,10,10,1,3,0,60,88,,,,Nuit avec éclairage allumé,Hors agglomération,Hors intersection,Normale,Autre collision,,,,,,,,,,,5,1,1,1.0,6.0
201000018273,0010-10-03 19:15:00,10,10,3,19,15,60,88,,,,Crépuscule ou aube,Hors agglomération,Hors intersection,Normale,Trois véhicules et plus - collisions multiples,,,,,,,,,,,2,1,1,1.0,5.0
201000018274,0010-10-19 20:15:00,10,10,19,20,15,60,88,,,,Nuit avec éclairage allumé,Hors agglomération,Hors intersection,Normale,Autre collision,,,,,,,,,,,5,1,1,1.0,6.0
201000018275,0010-11-08 19:00:00,10,11,8,19,0,60,149,,,,Nuit sans éclairage public,Hors agglomération,Hors intersection,Normale,Trois véhicules et plus - en chaîne,,,,,,,,,,,3,1,1,1.0,4.0
201000018276,0010-11-20 20:15:00,10,11,20,20,15,60,88,,,,Nuit avec éclairage allumé,Hors agglomération,Hors intersection,Pluie forte,Trois véhicules et plus - en chaîne,,,,,,,,,,,5,1,1,3.0,4.0
201000018277,0010-11-10 10:45:00,10,11,10,10,45,60,88,,43.674,7.204,Plein jour,Hors agglomération,Hors intersection,Normale,Autre collision,,,,,,,,,,,1,1,1,1.0,6.0
201000018278,0010-12-16 09:00:00,10,12,16,9,0,60,149,,,,Nuit sans éclairage public,Hors agglomération,Hors intersection,Normale,Deux véhicules - arrière,,,,,,,,,,,3,1,1,1.0,2.0
201000018279,0010-05-02 16:00:00,10,5,2,16,0,670,434,"PV,SENS PARIS-STRASBOURG",,,Plein jour,Hors agglomération,Autre intersection,Normale,Trois véhicules et plus - en chaîne,,,,,,,,,,,1,1,9,1.0,4.0
201000018280,0010-10-20 20:30:00,10,10,20,20,30,570,468,,48.779,7.25,Nuit avec éclairage allumé,Hors agglomération,Hors intersection,Autre,Autre collision,,,,,,,,,,,5,1,1,9.0,6.0
201000018281,0010-01-07 09:15:00,10,1,7,9,15,680,59,,47.72192,7.1536,Plein jour,Hors agglomération,Hors intersection,Temps couvert,Deux véhicules - arrière,,,,,,,,,,,1,1,1,8.0,2.0
201000018282,0010-04-23 05:30:00,10,4,23,5,30,680,267,,47.74098,7.23479,Nuit sans éclairage public,Hors agglomération,Hors intersection,Normale,Deux véhicules - côté,,,,,,,,,,,3,1,1,1.0,3.0
201000018283,0010-08-20 09:30:00,10,8,20,9,30,900,15,,,,Plein jour,Hors agglomération,Hors intersection,Normale,Sans collision,,,,,,,,,,,1,1,1,1.0,7.0
201000018284,0010-09-02 15:45:00,10,9,2,15,45,680,218,,47.74245,7.2482,Plein jour,Hors agglomération,Hors intersection,Normale,Trois véhicules et plus - en chaîne,,,,,,,,,,,1,1,1,1.0,4.0
201000018285,0010-10-23 21:00:00,10,10,23,21,0,900,32,,,,Nuit avec éclairage allumé,Hors agglomération,Hors intersection,Pluie forte,Autre collision,,,,,,,,,,,5,1,1,3.0,6.0
201000018286,0010-11-04 11:45:00,10,11,4,11,45,680,195,,47.74487,7.2663,Plein jour,Hors agglomération,Hors intersection,Normale,Trois véhicules et plus - en chaîne,,,,,,,,,,,1,1,1,1.0,4.0
201000018287,0010-12-24 12:30:00,10,12,24,12,30,680,267,,47.7385,7.2213,Plein jour,Hors agglomération,Hors intersection,Normale,Autre collision,,,,,,,,,,,1,1,1,1.0,6.0
201000018288,0010-02-12 15:15:00,10,2,12,15,15,660,190,,,,Plein jour,Hors agglomération,Hors intersection,Vent fort / tempête,Trois véhicules et plus - collisions multiples,,,,,,,,,,,1,1,1,6.0,5.0
201000018289,0010-05-21 02:00:00,10,5,21,2,0,660,164,,,,Nuit sans éclairage public,Hors agglomération,Hors intersection,Normale,Deux véhicules - frontale,,,,,,,,,,,3,1,1,1.0,1.0
201000018290,0010-06-16 03:00:00,10,6,16,3,0,660,164,,,,Nuit sans éclairage public,Hors agglomération,Hors intersection,Normale,Trois véhicules et plus - collisions multiples,,,,,,,,,,,3,1,1,1.0,5.0
201000018291,0010-06-19 00:15:00,10,6,19,0,15,660,164,,,,Nuit sans éclairage public,Hors agglomération,Hors intersection,Normale,Autre collision,,,,,,,,,,,3,1,1,1.0,6.0
201000018292,0010-07-18 07:15:00,10,7,18,7,15,660,144,,,,Plein jour,Hors agglomération,Hors intersection,Normale,Deux véhicules - arrière,,,,,,,,,,,1,1,1,1.0,2.0
201000018293,0010-07-18 21:00:00,10,7,18,21,0,660,164,,42.78087,2.89896,Plein jour,Hors agglomération,Hors intersection,Temps éblouissant,Autre collision,,,,,,,,,,,1,1,1,7.0,6.0
201000018294,0010-08-22 02:15:00,10,8,22,2,15,660,226,,,,Nuit sans éclairage public,Hors agglomération,Hors intersection,Normale,Autre collision,,,,,,,,,,,3,1,1,1.0,6.0
201000018295,0010-09-04 17:45:00,10,9,4,17,45,660,63,,,,Plein jour,Hors agglomération,Hors intersection,Normale,Deux véhicules - arrière,,,,,,,,,,,1,1,1,1.0,2.0
201000018296,0010-01-01 08:45:00,10,1,1,8,45,670,67,"PV,SENS STRASBOURG-PARIS",,,Plein jour,Hors agglomération,Hors intersection,Normale,Autre collision,,,,,,,,,,,1,1,1,1.0,6.0
201000018297,0010-04-02 15:30:00,10,4,2,15,30,670,67,SPV,,,Plein jour,Hors agglomération,Hors intersection,Normale,Sans collision,,,,,,,,,,,1,1,1,1.0,7.0
201000018298,0010-04-07 18:00:00,10,4,7,18,0,670,117,SPV,,,Plein jour,Hors agglomération,Hors intersection,Normale,Deux véhicules - arrière,,,,,,,,,,,1,1,1,1.0,2.0
201000018299,0010-06-02 14:45:00,10,6,2,14,45,670,506,"PV,SENS PARIS/STRASBOURG",,,Plein jour,Hors agglomération,Hors intersection,Normale,Trois véhicules et plus - collisions multiples,,,,,,,,,,,1,1,1,1.0,5.0
201000018300,0010-07-21 08:50:00,10,7,21,8,50,670,117,"PV, STATION SERVICE ESSO",,,Plein jour,Hors agglomération,Hors intersection,Normale,Sans collision,,,,,,,,,,,1,1,1,1.0,7.0
201000018301,0010-08-10 11:15:00,10,8,10,11,15,670,506,SPV,,,Plein jour,Hors agglomération,Hors intersection,Normale,Deux véhicules - frontale,,,,,,,,,,,1,1,1,1.0,1.0
201000018302,0010-08-13 23:45:00,10,8,13,23,45,670,510,"PV,SENS HAGUENAU/BRUMATH",,,Nuit sans éclairage public,Hors agglomération,Hors intersection,Normale,Sans collision,,,,,,,,,,,3,1,1,1.0,7.0
201000018303,0010-08-26 19:45:00,10,8,26,19,45,670,33,SPV,48.753,7.688,Crépuscule ou aube,Hors agglomération,Hors intersection,Normale,Autre collision,,,,,,,,,,,2,1,1,1.0,6.0
201000018304,0010-10-01 17:00:00,10,10,1,17,0,670,506,PV,,,Plein jour,Hors agglomération,Hors intersection,Normale,Deux véhicules - côté,,,,,,,,,,,1,1,1,1.0,3.0
201000018305,0010-11-04 07:30:00,10,11,4,7,30,670,506,"PV, SENS PARIS-STRASBG",48.659,7.736,Crépuscule ou aube,Hors agglomération,Hors intersection,Normale,Deux véhicules - frontale,,,,,,,,,,,2,1,1,1.0,1.0
201000018306,0010-11-19 17:55:00,10,11,19,17,55,670,506,PV,,,Nuit sans éclairage public,Hors agglomération,Hors intersection,Normale,Deux véhicules - arrière,,,,,,,,,,,3,1,1,1.0,2.0