accident_id,datetime,annee,mois,jour,heure,minute,departement,commune_insee,adresse,latitude,longitude,luminosite,agglomeration,intersection,meteo,collision,nb_vehicules,nb_usagers,nb_indemnes,nb_tues,nb_blesses_hosp,nb_blesses_legers,age_cond_1,age_cond_2,veh_type_cond_1,veh_type_cond_2,lum_code,agg_code,int_code,atm_code,col_code
201000018307,0010-11-23 16:40:00,10,11,23,16,40,670,67,"PV, SENS STRASBOUG-PARIS",48.71,7.71,Crépuscule ou aube,Hors agglomération,Hors intersection,Normale,Sans collision,,,,,,,,,,,2,1,1,1.0,7.0
201000018308,0010-12-23 14:20:00,10,12,23,14,20,670,117,"PV,SENS STRASBOURG-PARIS",,,Plein jour,Hors agglomération,Hors intersection,Normale,Sans collision,,,,,,,,,,,1,1,1,1.0,7.0
201000018309,0010-02-02 08:00:00,10,2,2,8,0,620,19,,50.425,2.721,Plein jour,Hors agglomération,Hors intersection,Pluie légère,Sans collision,,,,,,,,,,,1,1,1,2.0,7.0
201000018310,0010-02-02 08:15:00,10,2,2,8,15,620,350,,50.515,2.609,Plein jour,Hors agglomération,Hors intersection,Pluie légère,Sans collision,,,,,,,,,,,1,1,1,2.0,7.0
201000018311,0010-03-10 17:45:00,10,3,10,17,45,620,186,,50.445,2.703,Plein jour,Hors agglomération,Hors intersection,Normale,Autre collision,,,,,,,,,,,1,1,1,1.0,6.0
201000018312,0010-03-14 22:45:00,10,3,14,22,45,620,32,,50.406,2.75,Nuit sans éclairage public,Hors agglomération,Hors intersection,Normale,Autre collision,,,,,,,,,,,3,1,1,1.0,6.0
201000018313,0010-04-12 08:45:00,10,4,12,8,45,620,563,,50.476,2.696,Plein jour,Hors agglomération,Hors intersection,Normale,Autre collision,,,,,,,,,,,1,1,1,1.0,6.0
201000018314,0010-07-28 18:30:00,10,7,28,18,30,620,737,,50.451,2.699,Plein jour,Hors agglomération,Hors intersection,Normale,Autre collision,,,,,,,,,,,1,1,1,1.0,6.0
201000018315,0010-08-12 06:45:00,10,8,12,6,45,620,848,,50.508,2.655,Crépuscule ou aube,Hors agglomération,Hors intersection,Normale,Autre collision,,,,,,,,,,,2,1,1,1.0,6.0
201000018316,0010-08-13 07:00:00,10,8,13,7,0,620,500,,50.563,2.424,Crépuscule ou aube,Hors agglomération,Hors intersection,Normale,Deux véhicules - arrière,,,,,,,,,,,2,1,1,1.0,2.0
201000018317,0010-08-13 14:15:00,10,8,13,14,15,620,810,,,,Plein jour,Hors agglomération,Hors intersection,Normale,Autre collision,,,,,,,,,,,1,1,1,1.0,6.0
201000018318,0010-09-28 08:00:00,10,9,28,8,0,620,810,,50.352,2.791,Plein jour,Hors agglomération,Hors intersection,Pluie légère,Deux véhicules - côté,,,,,,,,,,,1,1,1,2.0,3.0
201000018319,0010-10-08 23:30:00,10,10,8,23,30,620,516,,,,Nuit sans éclairage public,Hors agglomération,Hors intersection,Brouillard / fumée,Autre collision,,,,,,,,,,,3,1,1,5.0,6.0
201000018320,0010-11-22 20:00:00,10,11,22,20,0,620,19,,50.413,2.738,Nuit sans éclairage public,Hors agglomération,Hors intersection,Normale,Autre collision,,,,,,,,,,,3,1,1,1.0,6.0
201000018321,0010-12-26 09:00:00,10,12,26,9,0,620,750,,50.57,2.37,Plein jour,Hors agglomération,Hors intersection,Normale,Autre collision,,,,,,,,,,,1,1,1,1.0,6.0
201000018322,0010-10-24 18:30:00,10,10,24,18,30,910,540,14 RUE ARISTIDE BRIAND,,,Plein jour,En agglomération,Hors intersection,Normale,Autre collision,,,,,,,,,,,1,2,1,1.0,6.0
201000018323,0010-02-07 19:15:00,10,2,7,19,15,950,323,bd d'Ecancourt,49.0108,2.04579,Nuit avec éclairage allumé,En agglomération,Hors intersection,Temps couvert,Deux véhicules - côté,,,,,,,,,,,5,2,1,8.0,3.0
201000018324,0010-09-20 16:00:00,10,9,20,16,0,950,450,RD 203,49.0156,2.07419,Plein jour,Hors agglomération,Intersection en X,Normale,Deux véhicules - côté,,,,,,,,,,,1,1,2,1.0,3.0
201000018325,0010-01-18 12:30:00,10,1,18,12,30,380,249,,45.225,5.817,Plein jour,Hors agglomération,Hors intersection,Normale,Trois véhicules et plus - collisions multiples,,,,,,,,,,,1,1,1,1.0,5.0
201000018326,0010-01-31 10:30:00,10,1,31,10,30,380,39,,45.2574,5.88464,Plein jour,Hors agglomération,Hors intersection,Normale,Deux véhicules - frontale,,,,,,,,,,,1,1,1,1.0,1.0
201000018327,0010-03-12 00:45:00,10,3,12,0,45,380,431,,45.246,5.85399,Nuit sans éclairage public,Hors agglomération,Hors intersection,Normale,Deux véhicules - arrière,,,,,,,,,,,3,1,1,1.0,2.0
201000018328,0010-04-25 01:45:00,10,4,25,1,45,380,214,,45.2887,5.91553,Nuit sans éclairage public,Hors agglomération,Hors intersection,Normale,Autre collision,,,,,,,,,,,3,1,1,1.0,6.0
201000018329,0010-04-29 10:00:00,10,4,29,10,0,380,397,,45.2377,5.84214,Plein jour,Hors agglomération,Hors intersection,Normale,Autre collision,,,,,,,,,,,1,1,1,1.0,6.0
201000018330,0010-06-05 07:45:00,10,6,5,7,45,380,397,,45.24,5.84768,Plein jour,Hors agglomération,Hors intersection,Normale,Deux véhicules - arrière,,,,,,,,,,,1,1,1,1.0,2.0
201000018331,0010-07-28 22:15:00,10,7,28,22,15,380,417,,45.3782,5.97888,Nuit sans éclairage public,Hors agglomération,Hors intersection,Normale,Deux véhicules - arrière,,,,,,,,,,,3,1,1,1.0,2.0
201000018332,0010-09-08 06:45:00,10,9,8,6,45,380,466,,45.37,5.972,Crépuscule ou aube,Hors agglomération,Hors intersection,Normale,Trois véhicules et plus - collisions multiples,,,,,,,,,,,2,1,1,1.0,5.0
201000018333,0010-09-08 11:30:00,10,9,8,11,30,380,511,,45.26,5.885,Plein jour,Hors agglomération,Hors intersection,Normale,Deux véhicules - frontale,,,,,,,,,,,1,1,1,1.0,1.0
201000018334,0010-09-10 10:45:00,10,9,10,10,45,380,431,STATION ESSENCE SHELL,45.2433,5.86119,Plein jour,Hors agglomération,Hors intersection,Normale,Autre collision,,,,,,,,,,,1,1,1,1.0,6.0
201000018335,0010-09-12 08:15:00,10,9,12,8,15,380,511,,45.4061,5.99752,Plein jour,Hors agglomération,Hors intersection,Normale,Sans collision,,,,,,,,,,,1,1,1,1.0,7.0
201000018336,0010-09-20 07:45:00,10,9,20,7,45,380,431,,45.2429,5.85789,Plein jour,Hors agglomération,Hors intersection,Brouillard / fumée,Deux véhicules - côté,,,,,,,,,,,1,1,1,5.0,3.0
201000018337,0010-10-05 13:45:00,10,10,5,13,45,380,229,,,,Plein jour,Hors agglomération,Hors intersection,Normale,Deux véhicules - côté,,,,,,,,,,,1,1,1,1.0,3.0
201000018338,0010-10-10 02:15:00,10,10,10,2,15,380,75,,45.4487,6.00335,Nuit sans éclairage public,Hors agglomération,Hors intersection,Normale,Autre collision,,,,,,,,,,,3,1,1,1.0,6.0
201000018339,0010-01-10 05:30:00,10,1,10,5,30,860,66,,,,Nuit sans éclairage public,Hors agglomération,Hors intersection,Temps couvert,Autre collision,,,,,,,,,,,3,1,1,8.0,6.0
201000018340,0010-01-12 17:30:00,10,1,12,17,30,860,174,,,,Nuit sans éclairage public,Hors agglomération,Hors intersection,Neige / grêle,Deux véhicules - arrière,,,,,,,,,,,3,1,1,4.0,2.0
201000018341,0010-05-12 04:30:00,10,5,12,4,30,250,516,,,,Nuit sans éclairage public,Hors agglomération,Autre intersection,Normale,Deux véhicules - arrière,,,,,,,,,,,3,1,9,1.0,2.0
201000018342,0010-08-07 09:15:00,10,8,7,9,15,250,20,,47.491,6.814,Plein jour,Hors agglomération,Hors intersection,Normale,Sans collision,,,,,,,,,,,1,1,1,1.0,7.0
201000018343,0010-01-13 15:45:00,10,1,13,15,45,130,25,,43.4819,5.54835,Plein jour,Hors agglomération,Hors intersection,Normale,Deux véhicules - côté,,,,,,,,,,,1,1,1,1.0,3.0
201000018344,0010-01-17 07:15:00,10,1,17,7,15,130,25,,43.4833,5.5394,Crépuscule ou aube,Hors agglomération,Autre intersection,Normale,Autre collision,,,,,,,,,,,2,1,9,1.0,6.0
201000018345,0010-04-05 19:15:00,10,4,5,19,15,130,25,,43.4846,5.53551,Plein jour,Hors agglomération,Hors intersection,Normale,Deux véhicules - arrière,,,,,,,,,,,1,1,1,1.0,2.0
201000018346,0010-05-12 19:30:00,10,5,12,19,30,130,25,,43.4823,5.54348,Plein jour,Hors agglomération,Hors intersection,Normale,Deux véhicules - arrière,,,,,,,,,,,1,1,1,1.0,2.0
201000018347,0010-07-09 18:30:00,10,7,9,18,30,130,1,,43.5116,5.4477,Plein jour,Hors agglomération,Hors intersection,Normale,Deux véhicules - côté,,,,,,,,,,,1,1,1,1.0,3.0
201000018348,0010-08-06 18:45:00,10,8,6,18,45,130,1,,,,Plein jour,Hors agglomération,Hors intersection,Normale,Deux véhicules - arrière,,,,,,,,,,,1,1,1,1.0,2.0
201000018349,0010-08-17 20:00:00,10,8,17,20,0,130,86,,43.3462,5.61465,Plein jour,Hors agglomération,Hors intersection,Normale,Deux véhicules - arrière,,,,,,,,,,,1,1,1,1.0,2.0
201000018350,0010-09-06 19:00:00,10,9,6,19,0,130,13,,43.4285,5.57459,Plein jour,Hors agglomération,Hors intersection,Normale,Autre collision,,,,,,,,,,,1,1,1,1.0,6.0
201000018351,0010-09-07 18:30:00,10,9,7,18,30,130,1,,43.5182,5.42905,Plein jour,Hors agglomération,Hors intersection,Normale,Trois véhicules et plus - en chaîne,,,,,,,,,,,1,1,1,1.0,4.0
201000018352,0010-09-10 06:15:00,10,9,10,6,15,130,1,,,,Crépuscule ou aube,Hors agglomération,Autre intersection,Normale,Deux véhicules - côté,,,,,,,,,,,2,1,9,1.0,3.0
201000018353,0010-10-08 03:15:00,10,10,8,3,15,130,1,,43.5176,5.43037,Nuit sans éclairage public,Hors agglomération,Autre intersection,Autre,Deux véhicules - arrière,,,,,,,,,,,3,1,9,9.0,2.0
201000018354,0010-10-13 11:45:00,10,10,13,11,45,130,60,,43.5052,5.51005,Plein jour,Hors agglomération,Hors intersection,Pluie légère,Autre collision,,,,,,,,,,,1,1,1,2.0,6.0
201000018355,0010-11-09 09:00:00,10,11,9,9,0,130,1,,,,Plein jour,Hors agglomération,Hors intersection,Normale,Trois véhicules et plus - collisions multiples,,,,,,,,,,,1,1,1,1.0,5.0
201000018356,0010-11-29 09:45:00,10,11,29,9,45,130,1,,,,Plein jour,Hors agglomération,Hors intersection,Normale,Trois véhicules et plus - en chaîne,,,,,,,,,,,1,1,1,1.0,4.0
201000018357,0010-12-18 05:30:00,10,12,18,5,30,130,1,,,,Nuit sans éclairage public,Hors agglomération,Autre intersection,Normale,Autre collision,,,,,,,,,,,3,1,9,1.0,6.0
201000018358,0010-01-21 20:30:00,10,1,21,20,30,60,27,,,,Plein jour,Hors agglomération,Hors intersection,Normale,Trois véhicules et plus - en chaîne,,,,,,,,,,,1,1,1,1.0,4.0
201000018359,0010-02-20 19:00:00,10,2,20,19,0,60,4,,,,Nuit avec éclairage allumé,Hors agglomération,Hors intersection,Normale,Deux véhicules - arrière,,,,,,,,,,,5,1,1,1.0,2.0
201000018360,0010-05-08 18:45:00,10,5,8,18,45,830,133,,,,Plein jour,Hors agglomération,Hors intersection,Pluie forte,Autre collision,,,,,,,,,,,1,1,1,3.0,6.0
201000018361,0010-07-17 11:45:00,10,7,17,11,45,60,4,,,,Plein jour,Hors agglomération,Hors intersection,Normale,Deux véhicules - arrière,,,,,,,,,,,1,1,1,1.0,2.0
201000018362,0010-07-29 18:45:00,10,7,29,18,45,60,4,,,,Plein jour,Hors agglomération,Hors intersection,Normale,Deux véhicules - arrière,,,,,,,,,,,1,1,1,1.0,2.0
201000018363,0010-08-30 17:00:00,10,8,30,17,0,60,27,,,,Plein jour,Hors agglomération,Hors intersection,Normale,Trois véhicules et plus - en chaîne,,,,,,,,,,,1,1,1,1.0,4.0
201000018364,0010-09-03 18:00:00,10,9,3,18,0,60,85,,,,Plein jour,Hors agglomération,Hors intersection,Normale,Trois véhicules et plus - en chaîne,,,,,,,,,,,1,1,1,1.0,4.0
201000018365,0010-09-13 17:15:00,10,9,13,17,15,60,27,,,,Plein jour,Hors agglomération,Hors intersection,Pluie légère,Deux véhicules - côté,,,,,,,,,,,1,1,1,2.0,3.0
201000018366,0010-09-15 07:45:00,10,9,15,7,45,60,27,,,,Plein jour,Hors agglomération,Hors intersection,Normale,Autre collision,,,,,,,,,,,1,1,1,1.0,6.0
201000018367,0010-11-08 15:30:00,10,11,8,15,30,60,4,,,,Plein jour,Hors agglomération,Hors intersection,Normale,Autre collision,,,,,,,,,,,1,1,1,1.0,6.0
201000018368,0010-11-10 20:30:00,10,11,10,20,30,60,4,,,,Crépuscule ou aube,Hors agglomération,Hors intersection,Normale,Deux véhicules - côté,,,,,,,,,,,2,1,1,1.0,3.0
201000018369,0010-12-11 20:45:00,10,12,11,20,45,60,79,,,,Nuit avec éclairage allumé,Hors agglomération,Hors intersection,Normale,Deux véhicules - frontale,,,,,,,,,,,5,1,1,1.0,1.0
201000018370,0010-12-27 01:45:00,10,12,27,1,45,60,85,,,,Nuit sans éclairage public,Hors agglomération,Hors intersection,Normale,Trois véhicules et plus - collisions multiples,,,,,,,,,,,3,1,1,1.0,5.0
201000018371,0010-03-27 13:00:00,10,3,27,13,0,770,141,,,,Plein jour,Hors agglomération,Hors intersection,Temps couvert,Autre collision,,,,,,,,,,,1,1,1,8.0,6.0
201000018372,0010-03-31 23:15:00,10,3,31,23,15,770,141,,,,Nuit sans éclairage public,Hors agglomération,Hors intersection,Normale,Trois véhicules et plus - en chaîne,,,,,,,,,,,3,1,1,1.0,4.0
201000018373,0010-05-06 13:30:00,10,5,6,13,30,770,128,,48.896,2.894,Plein jour,Hors agglomération,Hors intersection,Normale,Sans collision,,,,,,,,,,,1,1,1,1.0,7.0
201000018374,0010-10-14 03:15:00,10,10,14,3,15,770,141,,48.866,2.852,Nuit sans éclairage public,Hors agglomération,Hors intersection,Normale,Deux véhicules - arrière,,,,,,,,,,,3,1,1,1.0,2.0
201000018375,0010-01-08 14:15:00,10,1,8,14,15,640,343,,43.2759,-0.19777,Plein jour,Hors agglomération,Hors intersection,Neige / grêle,Autre collision,,,,,,,,,,,1,1,1,4.0,6.0
201000018376,0010-06-13 09:45:00,10,6,13,9,45,640,448,,43.3584,-0.46003,Crépuscule ou aube,Hors agglomération,Autre intersection,Normale,Deux véhicules - arrière,,,,,,,,,,,2,1,9,1.0,2.0
201000018377,0010-08-13 12:00:00,10,8,13,12,0,640,348,,43.3432,-0.38987,Plein jour,Hors agglomération,Hors intersection,Normale,Autre collision,,,,,,,,,,,1,1,1,1.0,6.0
201000018378,0010-09-05 18:30:00,10,9,5,18,30,640,334,,43.5078,-1.03929,Crépuscule ou aube,Hors agglomération,Hors intersection,Temps éblouissant,Deux véhicules - arrière,,,,,,,,,,,2,1,1,7.0,2.0
201000018379,0010-04-11 10:45:00,10,4,11,10,45,660,12,,,,Plein jour,Hors agglomération,Giratoire,Temps éblouissant,Deux véhicules - côté,,,,,,,,,,,1,1,6,7.0,3.0
201000018380,0010-04-26 17:45:00,10,4,26,17,45,660,172,,,,Plein jour,Hors agglomération,Hors intersection,Normale,Deux véhicules - arrière,,,,,,,,,,,1,1,1,1.0,2.0
201000018381,0010-11-19 07:15:00,10,11,19,7,15,660,228,,42.70886,2.7957,Crépuscule ou aube,Hors agglomération,Intersection en T,Normale,Deux véhicules - côté,,,,,,,,,,,2,1,3,1.0,3.0
201000018382,0010-11-23 19:15:00,10,11,23,19,15,660,172,Avenue de Baixas,42.71642,2.84185,Nuit avec éclairage allumé,En agglomération,Hors intersection,Normale,Deux véhicules - côté,,,,,,,,,,,5,2,1,1.0,3.0
201000018383,0010-01-31 08:15:00,10,1,31,8,15,630,131,,,,Plein jour,Hors agglomération,Hors intersection,Autre,Autre collision,,,,,,,,,,,1,1,1,9.0,6.0
201000018384,0010-12-12 17:30:00,10,12,12,17,30,740,81,300 avenue des glières,,,Nuit avec éclairage allumé,En agglomération,Hors intersection,Normale,Deux véhicules - frontale,,,,,,,,,,,5,2,1,1.0,1.0
201000018385,0010-10-02 12:45:00,10,10,2,12,45,740,159,,,,Plein jour,Hors agglomération,Hors intersection,Normale,Sans collision,,,,,,,,,,,1,1,1,1.0,7.0
201000018386,0010-10-30 16:15:00,10,10,30,16,15,740,169,,,,Plein jour,Hors agglomération,Giratoire,Normale,Autre collision,,,,,,,,,,,1,1,6,1.0,6.0
201000018387,0010-11-05 12:45:00,10,11,5,12,45,740,81,Avenue des lacs/Mermoz,,,Plein jour,En agglomération,Intersection en X,Normale,Deux véhicules - côté,,,,,,,,,,,1,2,2,1.0,3.0
201000018388,0010-11-15 09:15:00,10,11,15,9,15,740,81,RUE NICOLAS GIROD,,,Plein jour,En agglomération,Hors intersection,Normale,Autre collision,,,,,,,,,,,1,2,1,1.0,6.0
201000018389,0010-11-15 18:00:00,10,11,15,18,0,740,81,Av Georges Clémenceau,,,Nuit sans éclairage public,En agglomération,Hors intersection,Pluie légère,Deux véhicules - côté,,,,,,,,,,,3,2,1,2.0,3.0
201000018390,0010-10-28 19:00:00,10,10,28,19,0,740,169,avenue du stade,,,Crépuscule ou aube,En agglomération,Hors intersection,Normale,Autre collision,,,,,,,,,,,2,2,1,1.0,6.0
201000018391,0010-11-26 18:30:00,10,11,26,18,30,740,81,avenue du Grand Massif,,,Nuit avec éclairage allumé,En agglomération,Hors intersection,Normale,Deux véhicules - frontale,,,,,,,,,,,5,2,1,1.0,1.0
201000018392,0010-11-28 18:45:00,10,11,28,18,45,740,264,,,,Crépuscule ou aube,Hors agglomération,Hors intersection,Temps couvert,Deux véhicules - frontale,,,,,,,,,,,2,1,1,8.0,1.0
201000018393,0010-11-29 21:15:00,10,11,29,21,15,740,81,avenue du Noiret,,,Nuit avec éclairage allumé,En agglomération,Hors intersection,Autre,Autre collision,,,,,,,,,,,5,2,1,9.0,6.0
201000018394,0010-12-17 14:30:00,10,12,17,14,30,740,81,,,,Plein jour,Hors agglomération,Hors intersection,Neige / grêle,Deux véhicules - côté,,,,,,,,,,,1,1,1,4.0,3.0
201000018395,0010-01-16 01:30:00,10,1,16,1,30,110,18,,,,Nuit sans éclairage public,Hors agglomération,Hors intersection,Normale,Deux véhicules - arrière,,,,,,,,,,,3,1,1,1.0,2.0
201000018396,0010-02-23 21:15:00,10,2,23,21,15,110,397,,43.197,2.421,Nuit sans éclairage public,Hors agglomération,Hors intersection,Normale,Autre collision,,,,,,,,,,,3,1,1,1.0,6.0
201000018397,0010-04-14 14:00:00,10,4,14,14,0,110,49,,43.234,2.114,Plein jour,Hors agglomération,Hors intersection,Normale,Autre collision,,,,,,,,,,,1,1,1,1.0,6.0
201000018398,0010-04-30 17:00:00,10,4,30,17,0,110,69,,43.197,2.421,Plein jour,Hors agglomération,Hors intersection,Normale,Autre collision,,,,,,,,,,,1,1,1,1.0,6.0
201000018399,0010-06-04 12:00:00,10,6,4,12,0,110,148,,,,Plein jour,Hors agglomération,Hors intersection,Normale,Autre collision,,,,,,,,,,,1,1,1,1.0,6.0
201000018400,0010-07-12 10:00:00,10,7,12,10,0,110,49,,,,Plein jour,Hors agglomération,Hors intersection,Normale,Deux véhicules - côté,,,,,,,,,,,1,1,1,1.0,3.0
201000018401,0010-08-21 10:45:00,10,8,21,10,45,110,254,,,,Plein jour,Hors agglomération,Hors intersection,Normale,Deux véhicules - côté,,,,,,,,,,,1,1,1,1.0,3.0
201000018402,0010-10-23 11:45:00,10,10,23,11,45,110,69,,,,Plein jour,Hors agglomération,Hors intersection,Normale,Autre collision,,,,,,,,,,,1,1,1,1.0,6.0
201000018403,0010-03-07 17:30:00,10,3,7,17,30,590,533,,50.196,3.406,Plein jour,Hors agglomération,Intersection en X,Normale,Deux véhicules - côté,,,,,,,,,,,1,1,2,1.0,3.0
201000018404,0010-05-23 01:30:00,10,5,23,1,30,590,485,,50.16,3.427,Nuit sans éclairage public,Hors agglomération,Hors intersection,Normale,Sans collision,,,,,,,,,,,3,1,1,1.0,7.0
201000018405,0010-07-08 21:30:00,10,7,8,21,30,590,432,,50.153,3.266,Plein jour,Hors agglomération,Hors intersection,Normale,Sans collision,,,,,,,,,,,1,1,1,1.0,7.0
201000018406,0010-07-10 11:15:00,10,7,10,11,15,590,533,Rue du 6 ème Cuirassiers,50.185,3.417,Plein jour,En agglomération,Hors intersection,Normale,Autre collision,,,,,,,,,,,1,2,1,1.0,6.0
201000018407,0010-10-26 16:00:00,10,10,26,16,0,590,502,,50.191,3.345,Plein jour,Hors agglomération,Hors intersection,Temps couvert,Deux véhicules - côté,,,,,,,,,,,1,1,1,8.0,3.0
201000018408,0010-11-01 22:00:00,10,11,1,22,0,590,502,RD,50.191,3.355,Nuit sans éclairage public,Hors agglomération,Hors intersection,Normale,Deux véhicules - côté,,,,,,,,,,,3,1,1,1.0,3.0
201000018409,0010-11-12 17:45:00,10,11,12,17,45,590,132,,,,Nuit sans éclairage public,Hors agglomération,Hors intersection,Pluie légère,Deux véhicules - frontale,,,,,,,,,,,3,1,1,2.0,1.0
201000018410,0010-03-22 09:45:00,10,3,22,9,45,470,78,Entrée gare pégae A62,44.288,0.27,Plein jour,Hors agglomération,Intersection en Y,Normale,Deux véhicules - côté,,,,,,,,,,,1,1,4,1.0,3.0
201000018411,0010-05-09 06:15:00,10,5,9,6,15,470,156,,44.472,0.062,Nuit sans éclairage public,Hors agglomération,Hors intersection,Normale,Deux véhicules - arrière,,,,,,,,,,,3,1,1,1.0,2.0
201000018412,0010-09-10 19:00:00,10,9,10,19,0,470,46,,44.3786,0.21724,Plein jour,Hors agglomération,Hors intersection,Normale,Deux véhicules - arrière,,,,,,,,,,,1,1,1,1.0,2.0
201000018413,0010-12-15 08:45:00,10,12,15,8,45,470,61,,,,Plein jour,Hors agglomération,Hors intersection,Temps éblouissant,Deux véhicules - arrière,,,,,,,,,,,1,1,1,7.0,2.0
201000018414,0010-05-28 12:45:00,10,5,28,12,45,280,219,,48.2317,1.02803,Plein jour,Hors agglomération,Hors intersection,Normale,Deux véhicules - arrière,,,,,,,,,,,1,1,1,1.0,2.0
201000018415,0010-06-01 19:30:00,10,6,1,19,30,720,132,,48.188,0.801,Plein jour,Hors agglomération,Hors intersection,Normale,Autre collision,,,,,,,,,,,1,1,1,1.0,6.0
201000018416,0010-06-15 15:15:00,10,6,15,15,15,720,165,,,,Plein jour,Hors agglomération,Hors intersection,Normale,Sans collision,,,,,,,,,,,1,1,1,1.0,7.0
201000018417,0010-07-21 17:45:00,10,7,21,17,45,720,165,,48.073,0.427,Plein jour,Hors agglomération,Hors intersection,Normale,Autre collision,,,,,,,,,,,1,1,1,1.0,6.0
201000018418,0010-11-08 05:45:00,10,11,8,5,45,720,165,,,,Nuit sans éclairage public,Hors agglomération,Hors intersection,Pluie forte,Autre collision,,,,,,,,,,,3,1,1,3.0,6.0
201000018419,0010-07-18 18:30:00,10,7,18,18,30,890,277,,,,Plein jour,Hors agglomération,Hors intersection,Normale,Autre collision,,,,,,,,,,,1,1,1,1.0,6.0
201000018420,0010-08-30 06:45:00,10,8,30,6,45,890,316,,47.556,3.959,Crépuscule ou aube,Hors agglomération,Hors intersection,Normale,Autre collision,,,,,,,,,,,2,1,1,1.0,6.0
201000018421,0010-09-05 08:15:00,10,9,5,8,15,890,378,,47.519,3.994,Plein jour,Hors agglomération,Hors intersection,Normale,Autre collision,,,,,,,,,,,1,1,1,1.0,6.0
201000018422,0010-10-27 11:45:00,10,10,27,11,45,890,208,,,,Plein jour,Hors agglomération,Hors intersection,Normale,Trois véhicules et plus - en chaîne,,,,,,,,,,,1,1,1,1.0,4.0
201000018423,0010-11-27 10:15:00,10,11,27,10,15,890,415,,,,Crépuscule ou aube,Hors agglomération,Hors intersection,Neige / grêle,Deux véhicules - côté,,,,,,,,,,,2,1,1,4.0,3.0
201000018424,0010-12-03 14:45:00,10,12,3,14,45,890,224,,,,Plein jour,Hors agglomération,Hors intersection,Temps couvert,Deux véhicules - côté,,,,,,,,,,,1,1,1,8.0,3.0
201000018425,0010-04-26 01:30:00,10,4,26,1,30,250,147,,47.235,5.888,Nuit sans éclairage public,Hors agglomération,Hors intersection,Normale,Deux véhicules - frontale,,,,,,,,,,,3,1,1,1.0,1.0
201000018426,0010-05-11 12:15:00,10,5,11,12,15,250,448,,47.275,5.934,Plein jour,Hors agglomération,Hors intersection,Pluie forte,Autre collision,,,,,,,,,,,1,1,1,3.0,6.0
201000018427,0010-01-05 17:40:00,10,1,5,17,40,90,122,"17, CROS (cours Irénée)",,,Nuit avec éclairage allumé,En agglomération,Hors intersection,Pluie légère,Deux véhicules - arrière,,,,,,,,,,,5,2,1,2.0,2.0
201000018428,0010-01-05 18:10:00,10,1,5,18,10,90,122,"02, PREFECTURE (RUE DE L",,,Nuit avec éclairage allumé,En agglomération,Hors intersection,Pluie légère,Sans collision,,,,,,,,,,,5,2,1,2.0,7.0
201000018429,0010-01-16 23:05:00,10,1,16,23,5,90,122,RD 117,,,Nuit sans éclairage public,Hors agglomération,Hors intersection,Normale,Sans collision,,,,,,,,,,,3,1,1,1.0,7.0
201000018430,0010-03-20 10:00:00,10,3,20,10,0,90,122,"1, DE GAULLE (AVENUE DU",,,Plein jour,En agglomération,Hors intersection,Normale,Sans collision,,,,,,,,,,,1,2,1,1.0,7.0
201000018431,0010-06-29 17:40:00,10,6,29,17,40,90,122,"1, LESPINET (RUE DE)",,,Plein jour,En agglomération,Intersection en T,Normale,Deux véhicules - côté,,,,,,,,,,,1,2,3,1.0,3.0
201000018432,0010-07-16 20:00:00,10,7,16,20,0,90,122,"39, LAC(RESIDENCE DU)",,,Plein jour,En agglomération,Hors intersection,Normale,Deux véhicules - frontale,,,,,,,,,,,1,2,1,1.0,1.0
201000018433,0010-08-02 12:05:00,10,8,2,12,5,90,122,FERRIERE (AVENUE DE),,,Plein jour,En agglomération,Intersection en T,Normale,Deux véhicules - côté,,,,,,,,,,,1,2,3,1.0,3.0
201000018434,0010-09-04 02:13:00,10,9,4,2,13,90,122,"22, LERIDA (AVENUE DE)",,,Nuit avec éclairage allumé,En agglomération,Hors intersection,Normale,Autre collision,,,,,,,,,,,5,2,1,1.0,6.0
201000018435,0010-09-27 15:55:00,10,9,27,15,55,90,122,"45, FAURE (COURS GABRIEL",,,Plein jour,En agglomération,Hors intersection,Normale,Deux véhicules - arrière,,,,,,,,,,,1,2,1,1.0,2.0
201000018436,0010-12-07 18:00:00,10,12,7,18,0,90,122,DE GAULLE (AVENUE DU GEN,,,Nuit avec éclairage non allumé,En agglomération,Intersection en T,Normale,Sans collision,,,,,,,,,,,4,2,3,1.0,7.0
201000018437,0010-02-20 02:45:00,10,2,20,2,45,910,617,,,,Nuit sans éclairage public,Hors agglomération,Hors intersection,Autre,Sans collision,,,,,,,,,,,3,1,1,9.0,7.0
201000018438,0010-04-02 13:45:00,10,4,2,13,45,910,617,,48.656,2.528,Plein jour,Hors agglomération,Hors intersection,Pluie forte,Deux véhicules - côté,,,,,,,,,,,1,1,1,3.0,3.0
201000018439,0010-04-04 00:45:00,10,4,4,0,45,910,600,26 bis avene de la libér,48.672,2.417,Nuit avec éclairage allumé,En agglomération,Hors intersection,Normale,Autre collision,,,,,,,,,,,5,2,1,1.0,6.0