accident_id,datetime,annee,mois,jour,heure,minute,departement,commune_insee,adresse,latitude,longitude,luminosite,agglomeration,intersection,meteo,collision,nb_vehicules,nb_usagers,nb_indemnes,nb_tues,nb_blesses_hosp,nb_blesses_legers,age_cond_1,age_cond_2,veh_type_cond_1,veh_type_cond_2,lum_code,agg_code,int_code,atm_code,col_code
201000018705,0010-07-15 12:00:00,10,7,15,12,0,60,152,704 route d antibes,,,Plein jour,En agglomération,Hors intersection,Normale,Deux véhicules - frontale,,,,,,,,,,,1,2,1,1.0,1.0
201000018706,0010-07-19 12:15:00,10,7,19,12,15,60,18,,,,Plein jour,Hors agglomération,Hors intersection,Normale,Deux véhicules - côté,,,,,,,,,,,1,1,1,1.0,3.0
201000018707,0010-07-24 00:15:00,10,7,24,0,15,60,152,,,,Nuit avec éclairage allumé,Hors agglomération,Hors intersection,Normale,Sans collision,,,,,,,,,,,5,1,1,1.0,7.0
201000018708,0010-09-13 07:15:00,10,9,13,7,15,60,152,,,,Plein jour,Hors agglomération,Hors intersection,Normale,Deux véhicules - frontale,,,,,,,,,,,1,1,1,1.0,1.0
201000018709,0010-11-03 09:15:00,10,11,3,9,15,60,18,,,,Plein jour,Hors agglomération,Hors intersection,Normale,Deux véhicules - côté,,,,,,,,,,,1,1,1,1.0,3.0
201000018710,0010-11-09 13:15:00,10,11,9,13,15,60,152,"route des dolines,",,,Plein jour,En agglomération,Hors intersection,Normale,Deux véhicules - frontale,,,,,,,,,,,1,2,1,1.0,1.0
201000018711,0010-12-02 11:15:00,10,12,2,11,15,60,152,bretelle d'accès D103,,,Plein jour,En agglomération,Autre intersection,Normale,Deux véhicules - arrière,,,,,,,,,,,1,2,9,1.0,2.0
201000018712,0010-12-01 18:45:00,10,12,1,18,45,60,18,route des dolines,,,Crépuscule ou aube,En agglomération,Autre intersection,Normale,Deux véhicules - côté,,,,,,,,,,,2,2,9,1.0,3.0
201000018713,0010-12-15 04:30:00,10,12,15,4,30,60,152,,,,Nuit sans éclairage public,Hors agglomération,Intersection en X,Normale,Deux véhicules - côté,,,,,,,,,,,3,1,2,1.0,3.0
201000018714,0010-12-16 18:30:00,10,12,16,18,30,60,18,,,,Nuit sans éclairage public,Hors agglomération,Giratoire,Normale,Autre collision,,,,,,,,,,,3,1,6,1.0,6.0
201000018715,0010-02-02 18:45:00,10,2,2,18,45,690,88,QUAI PIERRE DUPONT,45.853,4.843,Crépuscule ou aube,En agglomération,Hors intersection,Normale,Autre collision,,,,,,,,,,,2,2,1,1.0,6.0
201000018716,0010-03-20 15:00:00,10,3,20,15,0,690,33,,45.87,4.882,Plein jour,Hors agglomération,Intersection en Y,Normale,Trois véhicules et plus - collisions multiples,,,,,,,,,,,1,1,4,1.0,5.0
201000018717,0010-05-11 08:00:00,10,5,11,8,0,690,63,RUE PIERRE TERMIER,,,Crépuscule ou aube,En agglomération,Hors intersection,Pluie forte,Deux véhicules - frontale,,,,,,,,,,,2,2,1,3.0,1.0
201000018718,0010-09-22 13:30:00,10,9,22,13,30,690,68,quai Illhausern 5,,,Plein jour,En agglomération,Giratoire,Normale,Deux véhicules - côté,,,,,,,,,,,1,2,6,1.0,3.0
201000018719,0010-11-12 04:45:00,10,11,12,4,45,690,168,Rond point route de Lyon,,,Nuit avec éclairage allumé,En agglomération,Giratoire,Normale,Sans collision,,,,,,,,,,,5,2,6,1.0,7.0
201000018720,0010-11-19 08:00:00,10,11,19,8,0,690,292,Avenue du Boutharey,,,Plein jour,En agglomération,Hors intersection,Normale,Deux véhicules - côté,,,,,,,,,,,1,2,1,1.0,3.0
201000018721,0010-12-09 04:30:00,10,12,9,4,30,690,63,,,,Nuit sans éclairage public,Hors agglomération,Hors intersection,Normale,Deux véhicules - frontale,,,,,,,,,,,3,1,1,1.0,1.0
201000018722,0010-03-21 18:45:00,10,3,21,18,45,690,244,CHEMIN DE LA VERNIQUE,,,Nuit sans éclairage public,En agglomération,Hors intersection,Normale,Autre collision,,,,,,,,,,,3,2,1,1.0,6.0
201000018723,0010-04-13 12:00:00,10,4,13,12,0,690,244,AVENUE CHARLES DE GAULLE,,,Plein jour,En agglomération,Intersection en T,Normale,Deux véhicules - frontale,,,,,,,,,,,1,2,3,1.0,1.0
201000018724,0010-04-22 18:00:00,10,4,22,18,0,690,244,37 AVENUE VICTOR HUGO,45.77,4.78001,Plein jour,En agglomération,Hors intersection,Normale,Deux véhicules - côté,,,,,,,,,,,1,2,1,1.0,3.0
201000018725,0010-05-14 10:15:00,10,5,14,10,15,690,244,2 AVENUE GÉNÉRAL BROSSET,,,Plein jour,En agglomération,Hors intersection,Normale,Autre collision,,,,,,,,,,,1,2,1,1.0,6.0
201000018726,0010-06-17 20:45:00,10,6,17,20,45,690,244,25 AVE DU 11 NOVEMBRE 18,,,Plein jour,En agglomération,Hors intersection,Normale,Deux véhicules - frontale,,,,,,,,,,,1,2,1,1.0,1.0
201000018727,0010-07-07 16:15:00,10,7,7,16,15,690,244,ROND POINT TASSIGNY,,,Plein jour,En agglomération,Giratoire,Normale,Deux véhicules - côté,,,,,,,,,,,1,2,6,1.0,3.0
201000018728,0010-09-24 09:00:00,10,9,24,9,0,690,385,Joliot Curie 69005 LYON,,,Plein jour,En agglomération,Hors intersection,Pluie forte,Deux véhicules - côté,,,,,,,,,,,1,2,1,3.0,3.0
201000018729,0010-10-26 17:30:00,10,10,26,17,30,690,244,ave de la Constellation,,,Plein jour,En agglomération,Hors intersection,Normale,Deux véhicules - frontale,,,,,,,,,,,1,2,1,1.0,1.0
201000018730,0010-10-31 17:30:00,10,10,31,17,30,690,244,avenue eisenhower,,,Nuit avec éclairage allumé,En agglomération,Hors intersection,Pluie forte,Deux véhicules - côté,,,,,,,,,,,5,2,1,3.0,3.0
201000018731,0010-11-05 14:45:00,10,11,5,14,45,690,244,rue FINAT DUCLOS,,,Plein jour,En agglomération,Hors intersection,Normale,Autre collision,,,,,,,,,,,1,2,1,1.0,6.0
201000018732,0010-11-12 18:30:00,10,11,12,18,30,690,244,,,,Nuit sans éclairage public,En agglomération,Hors intersection,Normale,Deux véhicules - côté,,,,,,,,,,,3,2,1,1.0,3.0
201000018733,0010-11-19 08:30:00,10,11,19,8,30,690,244,avenue Charles de Gaulle,,,Plein jour,En agglomération,Hors intersection,Normale,Autre collision,,,,,,,,,,,1,2,1,1.0,6.0
201000018734,0010-11-19 15:30:00,10,11,19,15,30,690,44,avenue Bergeron,,,Plein jour,En agglomération,Hors intersection,Normale,Deux véhicules - côté,,,,,,,,,,,1,2,1,1.0,3.0
201000018735,0010-11-30 21:30:00,10,11,30,21,30,690,244,avenue de la république,,,Plein jour,En agglomération,Hors intersection,Normale,Autre collision,,,,,,,,,,,1,2,1,1.0,6.0
201000018736,0010-11-26 08:15:00,10,11,26,8,15,690,244,34 AV RÉPUBLIQUE,,,Plein jour,En agglomération,Hors intersection,Normale,Autre collision,,,,,,,,,,,1,2,1,1.0,6.0
201000018737,0010-11-30 15:00:00,10,11,30,15,0,690,244,RUE POLY,,,Crépuscule ou aube,En agglomération,Hors intersection,Neige / grêle,Autre collision,,,,,,,,,,,2,2,1,4.0,6.0
201000018738,0010-01-31 18:45:00,10,1,31,18,45,380,378,ROUTE DE CONDRIEU,,,Nuit avec éclairage allumé,En agglomération,Hors intersection,Normale,Deux véhicules - arrière,,,,,,,,,,,5,2,1,1.0,2.0
201000018739,0010-02-26 14:30:00,10,2,26,14,30,380,114,,45.4251,4.79885,Plein jour,Hors agglomération,Hors intersection,Normale,Sans collision,,,,,,,,,,,1,1,1,1.0,7.0
201000018740,0010-03-29 13:15:00,10,3,29,13,15,380,425,RUE FANÇOIS TRUFFAUT,,,Plein jour,En agglomération,Hors intersection,Normale,Deux véhicules - côté,,,,,,,,,,,1,2,1,1.0,3.0
201000018741,0010-06-29 06:45:00,10,6,29,6,45,380,114,,45.4255,4.79922,Plein jour,Hors agglomération,Hors intersection,Normale,Deux véhicules - frontale,,,,,,,,,,,1,1,1,1.0,1.0
201000018742,0010-07-07 13:30:00,10,7,7,13,30,380,378,R DES ESSARTS R DU BOUCH,45.4197,4.82196,Plein jour,Hors agglomération,Intersection en X,Normale,Deux véhicules - frontale,,,,,,,,,,,1,1,2,1.0,1.0
201000018743,0010-07-11 15:00:00,10,7,11,15,0,380,340,AVENUE DE LA LIBÉRATION,45.459,4.76901,Plein jour,En agglomération,Hors intersection,Normale,Trois véhicules et plus - collisions multiples,,,,,,,,,,,1,2,1,1.0,5.0
201000018744,0010-07-12 20:00:00,10,7,12,20,0,380,448,,45.449,4.80601,Plein jour,Hors agglomération,Hors intersection,Normale,Deux véhicules - arrière,,,,,,,,,,,1,1,1,1.0,2.0
201000018745,0010-07-21 17:30:00,10,7,21,17,30,380,536,,45.4244,4.87616,Plein jour,Hors agglomération,Hors intersection,Normale,Deux véhicules - côté,,,,,,,,,,,1,1,1,1.0,3.0
201000018746,0010-08-30 14:00:00,10,8,30,14,0,380,114,,45.415,4.80001,Plein jour,Hors agglomération,Hors intersection,Normale,Deux véhicules - côté,,,,,,,,,,,1,1,1,1.0,3.0
201000018747,0010-09-29 14:30:00,10,9,29,14,30,380,378,,45.4303,4.77111,Plein jour,Hors agglomération,Hors intersection,Normale,Deux véhicules - arrière,,,,,,,,,,,1,1,1,1.0,2.0
201000018748,0010-11-21 11:30:00,10,11,21,11,30,380,378,,45.4364,4.77041,Plein jour,En agglomération,Giratoire,Pluie légère,Autre collision,,,,,,,,,,,1,2,6,2.0,6.0
201000018749,0010-12-12 15:30:00,10,12,12,15,30,380,114,,45.406,4.81097,Plein jour,Hors agglomération,Hors intersection,Normale,Deux véhicules - frontale,,,,,,,,,,,1,1,1,1.0,1.0
201000018750,0010-12-15 18:15:00,10,12,15,18,15,380,19,RN 7 VILLAGE,45.4246,4.81704,Nuit avec éclairage allumé,En agglomération,Intersection en T,Normale,Autre collision,,,,,,,,,,,5,2,3,1.0,6.0
201000018751,0010-01-09 07:30:00,10,1,9,7,30,740,11,"11,RUE JEAN MERMOZ",,,Crépuscule ou aube,En agglomération,Hors intersection,Normale,Autre collision,,,,,,,,,,,2,2,1,1.0,6.0
201000018752,0010-01-13 07:00:00,10,1,13,7,0,740,120,les sapins,,,Nuit sans éclairage public,Hors agglomération,Hors intersection,Neige / grêle,Trois véhicules et plus - collisions multiples,,,,,,,,,,,3,1,1,4.0,5.0
201000018753,0010-03-15 08:15:00,10,3,15,8,15,740,299,D909a VEYRIER DU LAC,45.878,6.183,Plein jour,En agglomération,Hors intersection,Normale,Trois véhicules et plus - en chaîne,,,,,,,,,,,1,2,1,1.0,4.0
201000018754,0010-04-04 16:15:00,10,4,4,16,15,740,299,RdeThones/imp.Verboux,,,Plein jour,Hors agglomération,Hors intersection,Normale,Deux véhicules - côté,,,,,,,,,,,1,1,1,1.0,3.0
201000018755,0010-04-19 16:30:00,10,4,19,16,30,740,245,RD14/VC DE LA LECHE,45.97,6.148,Plein jour,Hors agglomération,Hors intersection,Normale,Sans collision,,,,,,,,,,,1,1,1,1.0,7.0
201000018756,0010-05-24 09:45:00,10,5,24,9,45,740,137,,,,Plein jour,Hors agglomération,Autre intersection,Normale,Deux véhicules - côté,,,,,,,,,,,1,1,9,1.0,3.0
201000018757,0010-06-28 15:15:00,10,6,28,15,15,740,11,Rue des cygnes,,,Plein jour,En agglomération,Hors intersection,Normale,Autre collision,,,,,,,,,,,1,2,1,1.0,6.0
201000018758,0010-06-28 19:00:00,10,6,28,19,0,740,11,AVENUE GEORGES POMPIDOU,,,Plein jour,En agglomération,Hors intersection,Normale,Deux véhicules - côté,,,,,,,,,,,1,2,1,1.0,3.0
201000018759,0010-07-08 01:45:00,10,7,8,1,45,740,245,,45.984,6.131,Nuit sans éclairage public,Hors agglomération,Hors intersection,Normale,Autre collision,,,,,,,,,,,3,1,1,1.0,6.0
201000018760,0010-07-24 16:00:00,10,7,24,16,0,740,11,Rond point du lachat,,,Plein jour,En agglomération,Giratoire,Normale,Autre collision,,,,,,,,,,,1,2,6,1.0,6.0
201000018761,0010-07-25 03:30:00,10,7,25,3,30,740,120,,,,Nuit sans éclairage public,Hors agglomération,Hors intersection,Normale,Sans collision,,,,,,,,,,,3,1,1,1.0,7.0
201000018762,0010-07-30 20:45:00,10,7,30,20,45,740,11,,,,Nuit sans éclairage public,Hors agglomération,Hors intersection,Normale,Deux véhicules - frontale,,,,,,,,,,,3,1,1,1.0,1.0
201000018763,0010-08-12 06:00:00,10,8,12,6,0,740,11,RD5 / AV GENERAL DE GAUL,45.93,6.15,Crépuscule ou aube,En agglomération,Giratoire,Pluie légère,Autre collision,,,,,,,,,,,2,2,6,2.0,6.0
201000018764,0010-08-17 17:00:00,10,8,17,17,0,740,120,DAUDENS,,,Plein jour,Hors agglomération,Hors intersection,Normale,Deux véhicules - frontale,,,,,,,,,,,1,1,1,1.0,1.0
201000018765,0010-08-26 21:45:00,10,8,26,21,45,740,22,Argolet/RD5,45.978,6.219,Nuit sans éclairage public,Hors agglomération,Hors intersection,Normale,Deux véhicules - côté,,,,,,,,,,,3,1,1,1.0,3.0
201000018766,0010-11-06 14:45:00,10,11,6,14,45,740,11,avenue général de gaulle,,,Plein jour,En agglomération,Hors intersection,Temps couvert,Deux véhicules - frontale,,,,,,,,,,,1,2,1,8.0,1.0
201000018767,0010-01-30 09:45:00,10,1,30,9,45,340,255,,43.68821,3.82398,Plein jour,Hors agglomération,Hors intersection,Normale,Deux véhicules - côté,,,,,,,,,,,1,1,1,1.0,3.0
201000018768,0010-02-02 16:30:00,10,2,2,16,30,340,320,,43.64132,3.72519,Plein jour,Hors agglomération,Hors intersection,Normale,Deux véhicules - frontale,,,,,,,,,,,1,1,1,1.0,1.0
201000018769,0010-03-06 13:45:00,10,3,6,13,45,340,255,,,,Plein jour,Hors agglomération,Giratoire,Normale,Sans collision,,,,,,,,,,,1,1,6,1.0,7.0
201000018770,0010-05-04 11:00:00,10,5,4,11,0,340,255,,43.67298,3.82232,Plein jour,Hors agglomération,Hors intersection,Pluie forte,Deux véhicules - frontale,,,,,,,,,,,1,1,1,3.0,1.0
201000018771,0010-05-21 14:00:00,10,5,21,14,0,340,255,Rue de Valmont,43.68637,3.80603,Plein jour,En agglomération,Hors intersection,Normale,Deux véhicules - côté,,,,,,,,,,,1,2,1,1.0,3.0
201000018772,0010-08-25 22:30:00,10,8,25,22,30,340,247,rue des genets,43.64829,3.84207,Nuit avec éclairage allumé,En agglomération,Hors intersection,Normale,Deux véhicules - frontale,,,,,,,,,,,5,2,1,1.0,1.0
201000018773,0010-08-30 19:30:00,10,8,30,19,30,340,153,,43.71476,3.79461,Plein jour,Hors agglomération,Hors intersection,Normale,Autre collision,,,,,,,,,,,1,1,1,1.0,6.0
201000018774,0010-09-14 16:45:00,10,9,14,16,45,340,153,,43.71318,3.79577,Plein jour,Hors agglomération,Hors intersection,Normale,Trois véhicules et plus - collisions multiples,,,,,,,,,,,1,1,1,1.0,5.0
201000018775,0010-10-05 09:00:00,10,10,5,9,0,340,247,,43.70485,3.84281,Plein jour,Hors agglomération,Hors intersection,Pluie légère,Deux véhicules - frontale,,,,,,,,,,,1,1,1,2.0,1.0
201000018776,0010-10-11 19:30:00,10,10,11,19,30,340,247,,43.70496,3.84254,Nuit sans éclairage public,Hors agglomération,Hors intersection,Pluie légère,Deux véhicules - frontale,,,,,,,,,,,3,1,1,2.0,1.0
201000018777,0010-11-09 17:15:00,10,11,9,17,15,340,255,,43.674,3.8,Crépuscule ou aube,Hors agglomération,Hors intersection,Pluie légère,Deux véhicules - frontale,,,,,,,,,,,2,1,1,2.0,1.0
201000018778,0010-11-21 16:30:00,10,11,21,16,30,340,255,RUE DE LA ROMPUDE,43.697,3.802,Plein jour,En agglomération,Hors intersection,Pluie légère,Deux véhicules - frontale,,,,,,,,,,,1,2,1,2.0,1.0
201000018779,0010-12-27 11:15:00,10,12,27,11,15,340,153,,43.717,3.798,Plein jour,Hors agglomération,Hors intersection,Normale,Deux véhicules - côté,,,,,,,,,,,1,1,1,1.0,3.0
201000018780,0010-01-09 12:45:00,10,1,9,12,45,10,24,,,,Plein jour,Hors agglomération,Autre intersection,Temps couvert,Deux véhicules - côté,,,,,,,,,,,1,1,9,8.0,3.0
201000018781,0010-02-09 20:30:00,10,2,9,20,30,10,320,,,,Nuit sans éclairage public,Hors agglomération,Hors intersection,Neige / grêle,Deux véhicules - frontale,,,,,,,,,,,3,1,1,4.0,1.0
201000018782,0010-05-06 09:45:00,10,5,6,9,45,10,422,,,,Plein jour,Hors agglomération,Hors intersection,Normale,Autre collision,,,,,,,,,,,1,1,1,1.0,6.0
201000018783,0010-07-13 16:15:00,10,7,13,16,15,10,445,,,,Plein jour,Hors agglomération,Autre intersection,Normale,Deux véhicules - arrière,,,,,,,,,,,1,1,9,1.0,2.0
201000018784,0010-02-04 08:00:00,10,2,4,8,0,20,124,,,,Crépuscule ou aube,Hors agglomération,Hors intersection,Normale,Autre collision,,,,,,,,,,,2,1,1,1.0,6.0
201000018785,0010-02-10 07:45:00,10,2,10,7,45,20,776,,,,Crépuscule ou aube,Hors agglomération,Hors intersection,Neige / grêle,Deux véhicules - arrière,,,,,,,,,,,2,1,1,4.0,2.0
201000018786,0010-04-09 06:10:00,10,4,9,6,10,20,615,,,,Crépuscule ou aube,Hors agglomération,Hors intersection,Normale,Deux véhicules - arrière,,,,,,,,,,,2,1,1,1.0,2.0
201000018787,0010-04-30 15:30:00,10,4,30,15,30,20,296,,,,Plein jour,Hors agglomération,Hors intersection,Normale,Autre collision,,,,,,,,,,,1,1,1,1.0,6.0
201000018788,0010-09-04 13:10:00,10,9,4,13,10,20,756,,,,Plein jour,Hors agglomération,Hors intersection,Normale,Autre collision,,,,,,,,,,,1,1,1,1.0,6.0
201000018789,0010-12-06 05:45:00,10,12,6,5,45,20,355,,,,Nuit sans éclairage public,Hors agglomération,Hors intersection,Autre,Deux véhicules - côté,,,,,,,,,,,3,1,1,9.0,3.0
201000018790,0010-12-19 19:00:00,10,12,19,19,0,20,359,,,,Nuit sans éclairage public,Hors agglomération,Hors intersection,Neige / grêle,Deux véhicules - arrière,,,,,,,,,,,3,1,1,4.0,2.0
201000018791,0010-01-05 22:45:00,10,1,5,22,45,780,615,,,,Nuit sans éclairage public,Hors agglomération,Hors intersection,Normale,Sans collision,,,,,,,,,,,3,1,1,1.0,7.0
201000018792,0010-04-10 18:00:00,10,4,10,18,0,780,43,RD 7/RD307,48.8343,2.08474,Plein jour,Hors agglomération,Intersection en T,Normale,Deux véhicules - frontale,,,,,,,,,,,1,1,3,1.0,1.0
201000018793,0010-06-28 17:00:00,10,6,28,17,0,780,571,,,,Plein jour,Hors agglomération,Hors intersection,Normale,Sans collision,,,,,,,,,,,1,1,1,1.0,7.0
201000018794,0010-06-28 16:45:00,10,6,28,16,45,780,233,RD 30/RTE ROYALE,48.8841,1.98261,Plein jour,Hors agglomération,Giratoire,Normale,Deux véhicules - côté,,,,,,,,,,,1,1,6,1.0,3.0
201000018795,0010-09-08 19:00:00,10,9,8,19,0,780,43,,,,Crépuscule ou aube,Hors agglomération,Hors intersection,Normale,Deux véhicules - frontale,,,,,,,,,,,2,1,1,1.0,1.0
201000018796,0010-09-29 11:45:00,10,9,29,11,45,780,455,RD 98,,,Plein jour,En agglomération,Hors intersection,Normale,Trois véhicules et plus - en chaîne,,,,,,,,,,,1,2,1,1.0,4.0
201000018797,0010-11-08 11:30:00,10,11,8,11,30,780,571,Inter Rte St Germ- Lecoq,,,Plein jour,En agglomération,Hors intersection,Pluie légère,Autre collision,,,,,,,,,,,1,2,1,2.0,6.0
201000018798,0010-11-20 14:15:00,10,11,20,14,15,780,571,24 rue fontaine des vaux,,,Plein jour,En agglomération,Hors intersection,Normale,Deux véhicules - frontale,,,,,,,,,,,1,2,1,1.0,1.0
201000018799,0010-11-16 16:30:00,10,11,16,16,30,780,455,Avenue des princes,,,Plein jour,En agglomération,Hors intersection,Normale,Autre collision,,,,,,,,,,,1,2,1,1.0,6.0
201000018800,0010-03-27 10:30:00,10,3,27,10,30,130,37,,43.5503,5.22731,Plein jour,Hors agglomération,Hors intersection,Normale,Deux véhicules - arrière,,,,,,,,,,,1,1,1,1.0,2.0
201000018801,0010-07-02 06:30:00,10,7,2,6,30,130,51,,43.5478,5.16784,Plein jour,Hors agglomération,Hors intersection,Normale,Deux véhicules - côté,,,,,,,,,,,1,1,1,1.0,3.0
201000018802,0010-09-04 13:30:00,10,9,4,13,30,130,118,ROUTE DE VELAUX,43.5568,5.25457,Plein jour,En agglomération,Hors intersection,Normale,Deux véhicules - côté,,,,,,,,,,,1,2,1,1.0,3.0
201000018803,0010-09-24 12:00:00,10,9,24,12,0,130,112,,43.5119,5.24288,Plein jour,Hors agglomération,Hors intersection,Normale,Trois véhicules et plus - collisions multiples,,,,,,,,,,,1,1,1,1.0,5.0
201000018804,0010-09-28 23:15:00,10,9,28,23,15,130,37,,43.5376,5.1924,Nuit sans éclairage public,Hors agglomération,Hors intersection,Normale,Autre collision,,,,,,,,,,,3,1,1,1.0,6.0
201000018805,0010-12-12 01:45:00,10,12,12,1,45,130,37,,,,Nuit sans éclairage public,En agglomération,Hors intersection,Normale,Sans collision,,,,,,,,,,,3,2,1,1.0,7.0
201000018806,0010-03-01 04:15:00,10,3,1,4,15,950,430,rue de la croix,49.0697,2.3181,Nuit avec éclairage allumé,En agglomération,Hors intersection,Autre,Deux véhicules - côté,,,,,,,,,,,5,2,1,9.0,3.0
201000018807,0010-02-28 04:15:00,10,2,28,4,15,950,430,RUE DE BAUVAIS,49.0711,2.3171,Nuit avec éclairage allumé,En agglomération,Intersection en X,Vent fort / tempête,Deux véhicules - côté,,,,,,,,,,,5,2,2,6.0,3.0
201000018808,0010-04-20 02:00:00,10,4,20,2,0,950,430,RN1,49.0721,2.3228,Nuit avec éclairage allumé,En agglomération,Intersection en X,Pluie légère,Trois véhicules et plus - en chaîne,,,,,,,,,,,5,2,2,2.0,4.0
201000018809,0010-08-20 16:15:00,10,8,20,16,15,950,392,RN 184,49.0666,2.2164,Plein jour,Hors agglomération,Hors intersection,Normale,Deux véhicules - arrière,,,,,,,,,,,1,1,1,1.0,2.0
201000018810,0010-10-03 07:00:00,10,10,3,7,0,950,42,route du golf,49.057,2.2971,Nuit sans éclairage public,Hors agglomération,Hors intersection,Normale,Autre collision,,,,,,,,,,,3,1,1,1.0,6.0
201000018811,0010-11-09 08:15:00,10,11,9,8,15,950,353,RD 78,49.092,2.314,Plein jour,Hors agglomération,Hors intersection,Temps couvert,Deux véhicules - frontale,,,,,,,,,,,1,1,1,8.0,1.0
201000018812,0010-12-07 08:15:00,10,12,7,8,15,950,430,13 avenue fourcade,49.0671,2.3203,Crépuscule ou aube,En agglomération,Hors intersection,Normale,Deux véhicules - frontale,,,,,,,,,,,2,2,1,1.0,1.0
201000018813,0010-02-17 03:30:00,10,2,17,3,30,90,159,,42.774,1.735,Nuit sans éclairage public,Hors agglomération,Hors intersection,Normale,Autre collision,,,,,,,,,,,3,1,1,1.0,6.0
201000018814,0010-04-05 14:40:00,10,4,5,14,40,90,189,,,,Plein jour,Hors agglomération,Hors intersection,Normale,Sans collision,,,,,,,,,,,1,1,1,1.0,7.0
201000018815,0010-04-21 16:45:00,10,4,21,16,45,90,296,,42.803,1.666,Plein jour,Hors agglomération,Hors intersection,Normale,Autre collision,,,,,,,,,,,1,1,1,1.0,6.0
201000018816,0010-06-26 16:15:00,10,6,26,16,15,90,189,,,,Plein jour,Hors agglomération,Hors intersection,Normale,Deux véhicules - côté,,,,,,,,,,,1,1,1,1.0,3.0
201000018817,0010-06-27 12:15:00,10,6,27,12,15,90,32,Téléphérique du Saquet,,,Plein jour,Hors agglomération,Hors intersection,Normale,Deux véhicules - côté,,,,,,,,,,,1,1,1,1.0,3.0
201000018818,0010-07-17 11:30:00,10,7,17,11,30,90,189,Lieu dit Casa Pépé,42.615,1.819,Plein jour,Hors agglomération,Hors intersection,Normale,Trois véhicules et plus - collisions multiples,,,,,,,,,,,1,1,1,1.0,5.0
201000018819,0010-03-18 08:00:00,10,3,18,8,0,350,59,rue Francis GAPIHAN,48.182,-1.733,Plein jour,En agglomération,Hors intersection,Normale,Deux véhicules - côté,,,,,,,,,,,1,2,1,1.0,3.0
201000018820,0010-05-21 18:00:00,10,5,21,18,0,350,131,rue de cintré,,,Plein jour,En agglomération,Hors intersection,Normale,Deux véhicules - côté,,,,,,,,,,,1,2,1,1.0,3.0
201000018821,0010-06-09 23:30:00,10,6,9,23,30,350,210,,,,Nuit sans éclairage public,Hors agglomération,Giratoire,Normale,Sans collision,,,,,,,,,,,3,1,6,1.0,7.0
201000018822,0010-06-17 17:45:00,10,6,17,17,45,350,275,,,,Plein jour,Hors agglomération,Hors intersection,Normale,Deux véhicules - côté,,,,,,,,,,,1,1,1,1.0,3.0
201000018823,0010-07-07 19:30:00,10,7,7,19,30,350,210,Rond-Pt Planche Flagine,,,Plein jour,En agglomération,Giratoire,Normale,Sans collision,,,,,,,,,,,1,2,6,1.0,7.0
201000018824,0010-08-29 15:00:00,10,8,29,15,0,350,189,,,,Plein jour,Hors agglomération,Hors intersection,Normale,Deux véhicules - frontale,,,,,,,,,,,1,1,1,1.0,1.0
201000018825,0010-01-12 18:30:00,10,1,12,18,30,560,240,,,,Nuit sans éclairage public,Hors agglomération,Hors intersection,Pluie légère,Deux véhicules - côté,,,,,,,,,,,3,1,1,2.0,3.0
201000018826,0010-01-29 15:00:00,10,1,29,15,0,560,243,impasse de la Baie,47.62567,-2.7414,Plein jour,En agglomération,Hors intersection,Temps couvert,Autre collision,,,,,,,,,,,1,2,1,8.0,6.0
201000018827,0010-03-21 01:30:00,10,3,21,1,30,560,84,Rue Er Vrénéguy,47.58223,-2.69667,Nuit sans éclairage public,En agglomération,Hors intersection,Normale,Autre collision,,,,,,,,,,,3,2,1,1.0,6.0
201000018828,0010-04-24 11:15:00,10,4,24,11,15,560,214,,47.49556,-2.82713,Plein jour,Hors agglomération,Hors intersection,Normale,Deux véhicules - côté,,,,,,,,,,,1,1,1,1.0,3.0
201000018829,0010-04-30 11:30:00,10,4,30,11,30,560,251,,,,Plein jour,Hors agglomération,Hors intersection,Normale,Trois véhicules et plus - en chaîne,,,,,,,,,,,1,1,1,1.0,4.0
201000018830,0010-05-20 10:45:00,10,5,20,10,45,560,251,,,,Plein jour,Hors agglomération,Hors intersection,Normale,Deux véhicules - frontale,,,,,,,,,,,1,1,1,1.0,1.0
201000018831,0010-05-31 12:30:00,10,5,31,12,30,560,240,,,,Plein jour,Hors agglomération,Hors intersection,Normale,Trois véhicules et plus - collisions multiples,,,,,,,,,,,1,1,1,1.0,5.0
201000018832,0010-07-23 10:30:00,10,7,23,10,30,560,251,,,,Plein jour,Hors agglomération,Hors intersection,Normale,Deux véhicules - côté,,,,,,,,,,,1,1,1,1.0,3.0
201000018833,0010-07-27 16:00:00,10,7,27,16,0,560,251,,,,Plein jour,Hors agglomération,Hors intersection,Normale,Trois véhicules et plus - collisions multiples,,,,,,,,,,,1,1,1,1.0,5.0
201000018834,0010-08-25 17:30:00,10,8,25,17,30,560,240,,,,Plein jour,Hors agglomération,Hors intersection,Normale,Autre collision,,,,,,,,,,,1,1,1,1.0,6.0