accident_id,datetime,annee,mois,jour,heure,minute,departement,commune_insee,adresse,latitude,longitude,luminosite,agglomeration,intersection,meteo,collision,nb_vehicules,nb_usagers,nb_indemnes,nb_tues,nb_blesses_hosp,nb_blesses_legers,age_cond_1,age_cond_2,veh_type_cond_1,veh_type_cond_2,lum_code,agg_code,int_code,atm_code,col_code
201000018835,0010-09-02 08:45:00,10,9,2,8,45,560,240,lieu dit le patis,,,Plein jour,En agglomération,Hors intersection,Normale,Deux véhicules - arrière,,,,,,,,,,,1,2,1,1.0,2.0
201000018836,0010-09-20 18:15:00,10,9,20,18,15,560,240,,,,Plein jour,Hors agglomération,Hors intersection,Normale,Deux véhicules - frontale,,,,,,,,,,,1,1,1,1.0,1.0
201000018837,0010-09-25 11:45:00,10,9,25,11,45,560,243,,47.61818,-2.72143,Plein jour,Hors agglomération,Intersection en X,Normale,Deux véhicules - côté,,,,,,,,,,,1,1,2,1.0,3.0
201000018838,0010-10-29 21:45:00,10,10,29,21,45,560,259,,,,Nuit sans éclairage public,Hors agglomération,Hors intersection,Temps couvert,Trois véhicules et plus - en chaîne,,,,,,,,,,,3,1,1,8.0,4.0
201000018839,0010-12-30 18:30:00,10,12,30,18,30,560,243,route de NANTES,,,Nuit avec éclairage allumé,En agglomération,Hors intersection,Normale,Autre collision,,,,,,,,,,,5,2,1,1.0,6.0
201000018840,0010-08-03 01:45:00,10,8,3,1,45,420,243,,45.85995,4.02243,Nuit sans éclairage public,Hors agglomération,Hors intersection,Temps couvert,Sans collision,,,,,,,,,,,3,1,1,8.0,7.0
201000018841,0010-08-20 14:00:00,10,8,20,14,0,420,324,,45.56059,4.24141,Plein jour,Hors agglomération,Autre intersection,Normale,Trois véhicules et plus - en chaîne,,,,,,,,,,,1,1,9,1.0,4.0
201000018842,0010-10-04 03:45:00,10,10,4,3,45,420,20,,45.61705,4.20449,Nuit sans éclairage public,Hors agglomération,Hors intersection,Vent fort / tempête,Deux véhicules - arrière,,,,,,,,,,,3,1,1,6.0,2.0
201000018843,0010-03-21 01:15:00,10,3,21,1,15,880,430,,48.1908,5.76617,Nuit sans éclairage public,Hors agglomération,Hors intersection,Normale,Autre collision,,,,,,,,,,,3,1,1,1.0,6.0
201000018844,0010-06-12 05:00:00,10,6,12,5,0,880,22,,48.2486,5.86321,Crépuscule ou aube,Hors agglomération,Hors intersection,Pluie forte,Deux véhicules - arrière,,,,,,,,,,,2,1,1,3.0,2.0
201000018845,0010-03-19 20:15:00,10,3,19,20,15,380,553,,45.607,5.148,Nuit avec éclairage allumé,Hors agglomération,Intersection en T,Normale,Deux véhicules - côté,,,,,,,,,,,5,1,3,1.0,3.0
201000018846,0010-04-12 21:15:00,10,4,12,21,15,380,48,,45.607,5.137,Nuit sans éclairage public,Hors agglomération,Autre intersection,Pluie légère,Autre collision,,,,,,,,,,,3,1,9,2.0,6.0
201000018847,0010-04-14 14:45:00,10,4,14,14,45,380,339,,45.586,5.162,Plein jour,Hors agglomération,Hors intersection,Normale,Deux véhicules - côté,,,,,,,,,,,1,1,1,1.0,3.0
201000018848,0010-07-15 15:15:00,10,7,15,15,15,380,553,AVENUE STEEVE BIKO,,,Plein jour,En agglomération,Hors intersection,Normale,Deux véhicules - frontale,,,,,,,,,,,1,2,1,1.0,1.0
201000018849,0010-07-16 09:00:00,10,7,16,9,0,380,48,,45.604,5.12401,Plein jour,Hors agglomération,Hors intersection,Normale,Sans collision,,,,,,,,,,,1,1,1,1.0,7.0
201000018850,0010-09-15 13:30:00,10,9,15,13,30,380,553,RUE EMILE ZOLA,,,Plein jour,En agglomération,Autre intersection,Normale,Deux véhicules - côté,,,,,,,,,,,1,2,9,1.0,3.0
201000018851,0010-09-12 08:45:00,10,9,12,8,45,380,339,CD 126,45.594,5.162,Plein jour,En agglomération,Hors intersection,Normale,Deux véhicules - côté,,,,,,,,,,,1,2,1,1.0,3.0
201000018852,0010-01-02 14:00:00,10,1,2,14,0,130,113,,43.5974,5.49016,Plein jour,Hors agglomération,Hors intersection,Normale,Sans collision,,,,,,,,,,,1,1,1,1.0,7.0
201000018853,0010-04-11 17:30:00,10,4,11,17,30,130,59,,43.6059,5.49715,Plein jour,Hors agglomération,Hors intersection,Normale,Deux véhicules - côté,,,,,,,,,,,1,1,1,1.0,3.0
201000018854,0010-07-27 11:00:00,10,7,27,11,0,130,113,,43.605,5.49704,Plein jour,Hors agglomération,Hors intersection,Normale,Sans collision,,,,,,,,,,,1,1,1,1.0,7.0
201000018855,0010-12-31 19:30:00,10,12,31,19,30,410,231,,47.4634,2.00537,Nuit sans éclairage public,Hors agglomération,Hors intersection,Normale,Sans collision,,,,,,,,,,,3,1,1,1.0,7.0
201000018856,0010-01-22 22:00:00,10,1,22,22,0,410,256,,47.3543,2.05071,Nuit sans éclairage public,Hors agglomération,Hors intersection,Normale,Deux véhicules - arrière,,,,,,,,,,,3,1,1,1.0,2.0
201000018857,0010-03-11 12:00:00,10,3,11,12,0,410,256,,,,Plein jour,Hors agglomération,Hors intersection,Normale,Trois véhicules et plus - en chaîne,,,,,,,,,,,1,1,1,1.0,4.0
201000018858,0010-05-31 16:00:00,10,5,31,16,0,180,190,,47.1287,2.18941,Plein jour,Hors agglomération,Hors intersection,Normale,Sans collision,,,,,,,,,,,1,1,1,1.0,7.0
201000018859,0010-07-30 12:45:00,10,7,30,12,45,180,190,,47.1326,2.18822,Plein jour,Hors agglomération,Hors intersection,Normale,Deux véhicules - frontale,,,,,,,,,,,1,1,1,1.0,1.0
201000018860,0010-08-09 11:00:00,10,8,9,11,0,180,138,,47.0986,2.23268,Plein jour,Hors agglomération,Hors intersection,Normale,Trois véhicules et plus - collisions multiples,,,,,,,,,,,1,1,1,1.0,5.0
201000018861,0010-08-21 00:30:00,10,8,21,0,30,410,46,,47.6201,1.96217,Nuit sans éclairage public,Hors agglomération,Hors intersection,Normale,Deux véhicules - arrière,,,,,,,,,,,3,1,1,1.0,2.0
201000018862,0010-09-11 16:30:00,10,9,11,16,30,410,256,,47.3137,2.04998,Plein jour,Hors agglomération,Hors intersection,Normale,Sans collision,,,,,,,,,,,1,1,1,1.0,7.0
201000018863,0010-10-12 22:45:00,10,10,12,22,45,180,50,,47.058,2.30798,Nuit sans éclairage public,Hors agglomération,Hors intersection,Normale,Autre collision,,,,,,,,,,,3,1,1,1.0,6.0
201000018864,0010-10-24 08:00:00,10,10,24,8,0,180,138,,47.0885,2.25658,Nuit sans éclairage public,Hors agglomération,Hors intersection,Brouillard / fumée,Autre collision,,,,,,,,,,,3,1,1,5.0,6.0
201000018865,0010-10-24 13:30:00,10,10,24,13,30,410,46,,47.6574,1.93389,Plein jour,Hors agglomération,Hors intersection,Normale,Autre collision,,,,,,,,,,,1,1,1,1.0,6.0
201000018866,0010-11-02 23:45:00,10,11,2,23,45,410,256,,47.3235,2.04972,Nuit sans éclairage public,Hors agglomération,Hors intersection,Temps couvert,Autre collision,,,,,,,,,,,3,1,1,8.0,6.0
201000018867,0010-11-05 12:30:00,10,11,5,12,30,180,141,,47.1088,2.20731,Plein jour,Hors agglomération,Hors intersection,Normale,Autre collision,,,,,,,,,,,1,1,1,1.0,6.0
201000018868,0010-02-18 10:00:00,10,2,18,10,0,340,337,rue des troënes,43.53677,3.85827,Plein jour,En agglomération,Hors intersection,Normale,Autre collision,,,,,,,,,,,1,2,1,1.0,6.0
201000018869,0010-05-16 06:30:00,10,5,16,6,30,340,159,,43.50764,3.79586,Plein jour,Hors agglomération,Hors intersection,Normale,Trois véhicules et plus - collisions multiples,,,,,,,,,,,1,1,1,1.0,5.0
201000018870,0010-07-27 00:30:00,10,7,27,0,30,340,337,,,,Nuit sans éclairage public,Hors agglomération,Hors intersection,Normale,Deux véhicules - frontale,,,,,,,,,,,3,1,1,1.0,1.0
201000018871,0010-10-17 06:00:00,10,10,17,6,0,340,337,,43.53774,3.82297,Nuit sans éclairage public,Hors agglomération,Hors intersection,Normale,Deux véhicules - arrière,,,,,,,,,,,3,1,1,1.0,2.0
201000018872,0010-11-06 23:00:00,10,11,6,23,0,340,337,,,,Nuit sans éclairage public,Hors agglomération,Hors intersection,Normale,Autre collision,,,,,,,,,,,3,1,1,1.0,6.0
201000018873,0010-11-19 16:30:00,10,11,19,16,30,340,337,,,,Plein jour,Hors agglomération,Hors intersection,Normale,Deux véhicules - frontale,,,,,,,,,,,1,1,1,1.0,1.0
201000018874,0010-12-07 15:00:00,10,12,7,15,0,340,337,,,,Plein jour,Hors agglomération,Hors intersection,Normale,Deux véhicules - arrière,,,,,,,,,,,1,1,1,1.0,2.0
201000018875,0010-02-07 13:30:00,10,2,7,13,30,10,67,,46.118,5.486,Plein jour,Hors agglomération,Hors intersection,Temps couvert,Sans collision,,,,,,,,,,,1,1,1,8.0,7.0
201000018876,0010-05-02 15:30:00,10,5,2,15,30,10,237,,,,Plein jour,Hors agglomération,Hors intersection,Normale,Sans collision,,,,,,,,,,,1,1,1,1.0,7.0
201000018877,0010-05-06 14:45:00,10,5,6,14,45,10,228,,,,Plein jour,Hors agglomération,Hors intersection,Pluie légère,Autre collision,,,,,,,,,,,1,1,1,2.0,6.0
201000018878,0010-09-07 14:00:00,10,9,7,14,0,10,265,,,,Plein jour,Hors agglomération,Hors intersection,Pluie forte,Sans collision,,,,,,,,,,,1,1,1,3.0,7.0
201000018879,0010-12-31 09:00:00,10,12,31,9,0,10,237,,,,Plein jour,Hors agglomération,Hors intersection,Normale,Sans collision,,,,,,,,,,,1,1,1,1.0,7.0
201000018880,0010-01-15 14:25:00,10,1,15,14,25,140,400,,49.2876,-0.5954,Plein jour,Hors agglomération,Hors intersection,Normale,Sans collision,,,,,,,,,,,1,1,1,1.0,7.0
201000018881,0010-02-27 19:30:00,10,2,27,19,30,140,191,"CD 79, ROUTE DE CAEN",49.3263,-0.45992,Nuit avec éclairage allumé,En agglomération,Hors intersection,Pluie forte,Trois véhicules et plus - collisions multiples,,,,,,,,,,,5,2,1,3.0,5.0
201000018882,0010-06-19 18:00:00,10,6,19,18,0,140,430,,49.342,-0.569,Plein jour,Hors agglomération,Intersection en T,Normale,Deux véhicules - côté,,,,,,,,,,,1,1,3,1.0,3.0
201000018883,0010-06-30 16:30:00,10,6,30,16,30,140,196,,49.303,-0.545,Plein jour,Hors agglomération,Hors intersection,Normale,Trois véhicules et plus - en chaîne,,,,,,,,,,,1,1,1,1.0,4.0
201000018884,0010-07-29 13:15:00,10,7,29,13,15,140,21,,49.33,-0.62,Plein jour,Hors agglomération,Hors intersection,Normale,Autre collision,,,,,,,,,,,1,1,1,1.0,6.0
201000018885,0010-09-03 18:00:00,10,9,3,18,0,140,200,,49.285,-0.521,Plein jour,Hors agglomération,Hors intersection,Normale,Deux véhicules - côté,,,,,,,,,,,1,1,1,1.0,3.0
201000018886,0010-10-27 17:45:00,10,10,27,17,45,140,200,RUE DE BAYEUX,49.29,-0.526,Plein jour,En agglomération,Hors intersection,Pluie légère,Deux véhicules - côté,,,,,,,,,,,1,2,1,2.0,3.0
201000018887,0010-11-18 19:30:00,10,11,18,19,30,140,191,,,,Crépuscule ou aube,Hors agglomération,Intersection en X,Normale,Deux véhicules - côté,,,,,,,,,,,2,1,2,1.0,3.0
201000018888,0010-01-09 04:45:00,10,1,9,4,45,130,69,,43.6014,5.13162,Nuit sans éclairage public,Hors agglomération,Hors intersection,Normale,Autre collision,,,,,,,,,,,3,1,1,1.0,6.0
201000018889,0010-02-18 04:45:00,10,2,18,4,45,130,51,,43.5475,5.15404,Nuit sans éclairage public,Hors agglomération,Hors intersection,Pluie légère,Deux véhicules - frontale,,,,,,,,,,,3,1,1,2.0,1.0
201000018890,0010-02-18 23:00:00,10,2,18,23,0,130,51,BOULEVARD DES CHÊNES -,43.5839,5.21383,Nuit avec éclairage allumé,En agglomération,Giratoire,Normale,Autre collision,,,,,,,,,,,5,2,6,1.0,6.0
201000018891,0010-02-26 18:00:00,10,2,26,18,0,130,51,,43.586,5.15247,Plein jour,Hors agglomération,Hors intersection,Normale,Deux véhicules - côté,,,,,,,,,,,1,1,1,1.0,3.0
201000018892,0010-03-12 12:15:00,10,3,12,12,15,130,69,COUR VICTOR HUGO,,,Plein jour,En agglomération,Hors intersection,Normale,Deux véhicules - côté,,,,,,,,,,,1,2,1,1.0,3.0
201000018893,0010-04-13 19:00:00,10,4,13,19,0,130,69,,43.6354,5.16937,Plein jour,Hors agglomération,Hors intersection,Normale,Deux véhicules - côté,,,,,,,,,,,1,1,1,1.0,3.0
201000018894,0010-04-25 00:30:00,10,4,25,0,30,130,44,,43.6168,5.02981,Nuit sans éclairage public,Hors agglomération,Hors intersection,Normale,Deux véhicules - frontale,,,,,,,,,,,3,1,1,1.0,1.0
201000018895,0010-05-21 12:15:00,10,5,21,12,15,130,69,,43.6293,5.13476,Plein jour,Hors agglomération,Hors intersection,Normale,Deux véhicules - arrière,,,,,,,,,,,1,1,1,1.0,2.0
201000018896,0010-05-30 07:15:00,10,5,30,7,15,130,51,,43.5818,5.14673,Crépuscule ou aube,Hors agglomération,Hors intersection,Normale,Sans collision,,,,,,,,,,,2,1,1,1.0,7.0
201000018897,0010-06-12 19:45:00,10,6,12,19,45,130,51,,43.5534,5.17783,Plein jour,Hors agglomération,Hors intersection,Normale,Sans collision,,,,,,,,,,,1,1,1,1.0,7.0
201000018898,0010-07-13 14:00:00,10,7,13,14,0,130,69,,43.6135,5.13895,Plein jour,Hors agglomération,Hors intersection,Normale,Deux véhicules - côté,,,,,,,,,,,1,1,1,1.0,3.0
201000018899,0010-07-30 11:15:00,10,7,30,11,15,130,69,CHEMIN PETITE BRULIÈRE,43.6322,5.15055,Plein jour,En agglomération,Hors intersection,Normale,Autre collision,,,,,,,,,,,1,2,1,1.0,6.0
201000018900,0010-08-03 12:00:00,10,8,3,12,0,130,69,,,,Plein jour,En agglomération,Hors intersection,Normale,Autre collision,,,,,,,,,,,1,2,1,1.0,6.0
201000018901,0010-08-16 09:15:00,10,8,16,9,15,130,44,,43.6226,5.043,Plein jour,Hors agglomération,Hors intersection,Normale,Deux véhicules - côté,,,,,,,,,,,1,1,1,1.0,3.0
201000018902,0010-09-06 07:45:00,10,9,6,7,45,130,51,RDN113,43.5884,5.12112,Plein jour,En agglomération,Hors intersection,Normale,Trois véhicules et plus - collisions multiples,,,,,,,,,,,1,2,1,1.0,5.0
201000018903,0010-09-23 00:30:00,10,9,23,0,30,130,44,,43.6183,5.03377,Nuit sans éclairage public,Hors agglomération,Hors intersection,Normale,Deux véhicules - frontale,,,,,,,,,,,3,1,1,1.0,1.0
201000018904,0010-10-07 16:30:00,10,10,7,16,30,130,51,,43.5884,5.12112,Plein jour,Hors agglomération,Hors intersection,Normale,Deux véhicules - côté,,,,,,,,,,,1,1,1,1.0,3.0
201000018905,0010-10-10 17:15:00,10,10,10,17,15,130,51,,,,Plein jour,Hors agglomération,Hors intersection,Pluie légère,Deux véhicules - frontale,,,,,,,,,,,1,1,1,2.0,1.0
201000018906,0010-10-18 19:15:00,10,10,18,19,15,130,51,,43.5872,5.12531,Nuit sans éclairage public,Hors agglomération,Hors intersection,Vent fort / tempête,Trois véhicules et plus - collisions multiples,,,,,,,,,,,3,1,1,6.0,5.0
201000018907,0010-10-26 04:00:00,10,10,26,4,0,130,51,,43.5917,5.11659,Nuit sans éclairage public,Hors agglomération,Hors intersection,Vent fort / tempête,Autre collision,,,,,,,,,,,3,1,1,6.0,6.0
201000018908,0010-11-17 08:15:00,10,11,17,8,15,130,51,,43.591,5.16,Plein jour,Hors agglomération,Hors intersection,Normale,Deux véhicules - côté,,,,,,,,,,,1,1,1,1.0,3.0
201000018909,0010-02-05 16:15:00,10,2,5,16,15,30,175,,,,Plein jour,Hors agglomération,Hors intersection,Pluie légère,Deux véhicules - arrière,,,,,,,,,,,1,1,1,2.0,2.0
201000018910,0010-03-22 09:45:00,10,3,22,9,45,30,175,,,,Plein jour,Hors agglomération,Hors intersection,Normale,Sans collision,,,,,,,,,,,1,1,1,1.0,7.0
201000018911,0010-05-15 05:45:00,10,5,15,5,45,30,118,,,,Crépuscule ou aube,Hors agglomération,Hors intersection,Normale,Autre collision,,,,,,,,,,,2,1,1,1.0,6.0
201000018912,0010-06-14 14:15:00,10,6,14,14,15,30,175,,,,Plein jour,Hors agglomération,Hors intersection,Normale,Deux véhicules - côté,,,,,,,,,,,1,1,1,1.0,3.0
201000018913,0010-11-04 08:30:00,10,11,4,8,30,30,118,,46.103,3.186,Plein jour,Hors agglomération,Hors intersection,Normale,Deux véhicules - arrière,,,,,,,,,,,1,1,1,1.0,2.0
201000018914,0010-11-26 22:30:00,10,11,26,22,30,30,75,,,,Nuit sans éclairage public,Hors agglomération,Hors intersection,Autre,Sans collision,,,,,,,,,,,3,1,1,9.0,7.0
201000018915,0010-01-18 13:15:00,10,1,18,13,15,630,113,,,,Plein jour,Hors agglomération,Hors intersection,Normale,Trois véhicules et plus - collisions multiples,,,,,,,,,,,1,1,1,1.0,5.0
201000018916,0010-02-18 19:30:00,10,2,18,19,30,630,82,,,,Nuit sans éclairage public,Hors agglomération,Hors intersection,Normale,Deux véhicules - frontale,,,,,,,,,,,3,1,1,1.0,1.0
201000018917,0010-08-01 18:30:00,10,8,1,18,30,630,113,,,,Plein jour,Hors agglomération,Giratoire,Temps couvert,Sans collision,,,,,,,,,,,1,1,6,8.0,7.0
201000018918,0010-10-01 23:30:00,10,10,1,23,30,630,82,,,,Nuit sans éclairage public,Hors agglomération,Hors intersection,Normale,Deux véhicules - arrière,,,,,,,,,,,3,1,1,1.0,2.0
201000018919,0010-10-24 05:30:00,10,10,24,5,30,630,300,,45.9,3.152,Nuit sans éclairage public,Hors agglomération,Autre intersection,Pluie légère,Sans collision,,,,,,,,,,,3,1,9,2.0,7.0
201000018920,0010-11-19 05:00:00,10,11,19,5,0,630,181,,46.026,3.12,Nuit sans éclairage public,Hors agglomération,Hors intersection,Normale,Autre collision,,,,,,,,,,,3,1,1,1.0,6.0
201000018921,0010-03-31 11:15:00,10,3,31,11,15,60,84,150 avenue de Cannes,43.624,6.971,Plein jour,En agglomération,Hors intersection,Normale,Autre collision,,,,,,,,,,,1,2,1,1.0,6.0
201000018922,0010-08-07 17:30:00,10,8,7,17,30,60,84,"1029, route de Pegomas",,,Plein jour,En agglomération,Hors intersection,Normale,Autre collision,,,,,,,,,,,1,2,1,1.0,6.0
201000018923,0010-08-11 12:45:00,10,8,11,12,45,60,84,27 avenue de CANNES,,,Plein jour,En agglomération,Hors intersection,Normale,Autre collision,,,,,,,,,,,1,2,1,1.0,6.0
201000018924,0010-09-22 20:45:00,10,9,22,20,45,60,84,,,,Nuit sans éclairage public,Hors agglomération,Hors intersection,Normale,Autre collision,,,,,,,,,,,3,1,1,1.0,6.0
201000018925,0010-08-23 22:15:00,10,8,23,22,15,490,377,,47.518,-0.4331,Nuit sans éclairage public,Hors agglomération,Autre intersection,Temps couvert,Autre collision,,,,,,,,,,,3,1,9,8.0,6.0
201000018926,0010-10-08 18:30:00,10,10,8,18,30,720,75,,,,Plein jour,Hors agglomération,Hors intersection,Normale,Trois véhicules et plus - collisions multiples,,,,,,,,,,,1,1,1,1.0,5.0
201000018927,0010-07-14 08:30:00,10,7,14,8,30,400,210,,,,Plein jour,Hors agglomération,Hors intersection,Normale,Deux véhicules - arrière,,,,,,,,,,,1,1,1,1.0,2.0
201000018928,0010-07-14 10:00:00,10,7,14,10,0,400,210,,,,Plein jour,Hors agglomération,Hors intersection,Normale,Autre collision,,,,,,,,,,,1,1,1,1.0,6.0
201000018929,0010-08-27 17:00:00,10,8,27,17,0,400,123,,,,Plein jour,Hors agglomération,Hors intersection,Normale,Sans collision,,,,,,,,,,,1,1,1,1.0,7.0
201000018930,0010-09-18 02:20:00,10,9,18,2,20,400,168,,,,Nuit sans éclairage public,Hors agglomération,Hors intersection,Normale,Deux véhicules - arrière,,,,,,,,,,,3,1,1,1.0,2.0
201000018931,0010-12-02 14:00:00,10,12,2,14,0,400,168,,,,Plein jour,Hors agglomération,Hors intersection,Neige / grêle,Trois véhicules et plus - collisions multiples,,,,,,,,,,,1,1,1,4.0,5.0
201000018932,0010-02-25 14:10:00,10,2,25,14,10,400,295,,,,Plein jour,Hors agglomération,Hors intersection,Normale,Deux véhicules - arrière,,,,,,,,,,,1,1,1,1.0,2.0
201000018933,0010-05-11 16:35:00,10,5,11,16,35,400,295,,,,Plein jour,Hors agglomération,Hors intersection,Temps couvert,Sans collision,,,,,,,,,,,1,1,1,8.0,7.0
201000018934,0010-05-24 15:00:00,10,5,24,15,0,400,134,,,,Plein jour,Hors agglomération,Hors intersection,Normale,Deux véhicules - arrière,,,,,,,,,,,1,1,1,1.0,2.0
201000018935,0010-09-23 02:30:00,10,9,23,2,30,400,295,,,,Nuit sans éclairage public,Hors agglomération,Autre intersection,Normale,Deux véhicules - arrière,,,,,,,,,,,3,1,9,1.0,2.0
201000018936,0010-10-18 23:45:00,10,10,18,23,45,400,156,,,,Nuit sans éclairage public,Hors agglomération,Hors intersection,Normale,Sans collision,,,,,,,,,,,3,1,1,1.0,7.0
201000018937,0010-11-12 14:30:00,10,11,12,14,30,400,210,,,,Plein jour,Hors agglomération,Hors intersection,Normale,Deux véhicules - arrière,,,,,,,,,,,1,1,1,1.0,2.0
201000018938,0010-01-20 17:45:00,10,1,20,17,45,100,387,"45, MAROTS (RUE DES)",48.3062,4.04915,Nuit avec éclairage allumé,En agglomération,Hors intersection,Pluie légère,Autre collision,,,,,,,,,,,5,2,1,2.0,6.0
201000018939,0010-01-27 14:10:00,10,1,27,14,10,100,387,"59, QUATORZE JUILLET (RU",48.2925,4.07393,Plein jour,En agglomération,Giratoire,Normale,Autre collision,,,,,,,,,,,1,2,6,1.0,6.0
201000018940,0010-01-27 07:10:00,10,1,27,7,10,100,60,ROCADE OUEST (RD 610),48.2604,4.09248,Crépuscule ou aube,En agglomération,Hors intersection,Normale,Deux véhicules - frontale,,,,,,,,,,,2,2,1,1.0,1.0
201000018941,0010-02-01 07:35:00,10,2,1,7,35,100,387,"1 ter, COMTES DE CHAMPAG",48.30089,4.07557,Crépuscule ou aube,En agglomération,Hors intersection,Normale,Autre collision,,,,,,,,,,,2,2,1,1.0,6.0
201000018942,0010-02-19 15:30:00,10,2,19,15,30,100,387,JULES GUESDE (RUE),48.2905,4.08209,Plein jour,En agglomération,Intersection en X,Normale,Deux véhicules - frontale,,,,,,,,,,,1,2,2,1.0,1.0
201000018943,0010-03-02 12:34:00,10,3,2,12,34,100,387,"38, CHARMILLES (MAIL DES",48.29945,4.08747,Plein jour,En agglomération,Hors intersection,Normale,Autre collision,,,,,,,,,,,1,2,1,1.0,6.0
201000018944,0010-02-24 08:55:00,10,2,24,8,55,100,387,"82 BIS,CHARMILLES (MAIL)",48.3043,4.08807,Plein jour,En agglomération,Intersection en Y,Normale,Deux véhicules - arrière,,,,,,,,,,,1,2,4,1.0,2.0
201000018945,0010-02-24 10:45:00,10,2,24,10,45,100,387,"77, EMILE ZOLA (RUE)",48.2962,4.07422,Plein jour,En agglomération,Hors intersection,Normale,Deux véhicules - arrière,,,,,,,,,,,1,2,1,1.0,2.0
201000018946,0010-02-24 21:21:00,10,2,24,21,21,100,387,"54, LIEUTENANT PIERRE MU",48.3041,4.05579,Nuit avec éclairage allumé,En agglomération,Intersection en Y,Normale,Autre collision,,,,,,,,,,,5,2,4,1.0,6.0
201000018947,0010-03-04 07:25:00,10,3,4,7,25,100,357,LIEUTENANT TAITTINGER,48.30314,4.09953,Plein jour,En agglomération,Hors intersection,Normale,Deux véhicules - côté,,,,,,,,,,,1,2,1,1.0,3.0
201000018948,0010-03-09 07:40:00,10,3,9,7,40,100,60,"80, GENERAL LECLERC (RUE",48.25675,4.09564,Plein jour,En agglomération,Hors intersection,Normale,Autre collision,,,,,,,,,,,1,2,1,1.0,6.0
201000018949,0010-03-10 12:00:00,10,3,10,12,0,100,387,RAYMOND BURGARD (RUE),48.27494,4.06818,Plein jour,En agglomération,Autre intersection,Normale,Deux véhicules - côté,,,,,,,,,,,1,2,9,1.0,3.0
201000018950,0010-03-10 19:00:00,10,3,10,19,0,100,115,GEORGES POMPIDOU (RUE),48.31285,4.11244,Crépuscule ou aube,Hors agglomération,Hors intersection,Normale,Sans collision,,,,,,,,,,,2,1,1,1.0,7.0
201000018951,0010-03-12 08:35:00,10,3,12,8,35,100,387,"5, MARECHAL DE LATTRE DE",48.30395,4.09674,Plein jour,En agglomération,Intersection en T,Normale,Autre collision,,,,,,,,,,,1,2,3,1.0,6.0
201000018952,0010-03-13 08:05:00,10,3,13,8,5,100,387,"26, JEANNETTE (RUE)",48.28252,4.08967,Plein jour,En agglomération,Hors intersection,Normale,Deux véhicules - frontale,,,,,,,,,,,1,2,1,1.0,1.0
201000018953,0010-03-22 13:45:00,10,3,22,13,45,100,387,WOOD ET WEST (RUE),48.29511,4.08196,Plein jour,En agglomération,Giratoire,Normale,Deux véhicules - arrière,,,,,,,,,,,1,2,6,1.0,2.0
201000018954,0010-03-22 20:00:00,10,3,22,20,0,100,362,GENERAL GALLIENI (RUE DU,48.29398,4.05569,Crépuscule ou aube,En agglomération,Intersection en T,Normale,Deux véhicules - côté,,,,,,,,,,,2,2,3,1.0,3.0
201000018955,0010-03-24 12:10:00,10,3,24,12,10,100,333,TILLEULS (AVENUE DES),48.28417,4.06161,Plein jour,En agglomération,Intersection en X,Normale,Trois véhicules et plus - en chaîne,,,,,,,,,,,1,2,2,1.0,4.0
201000018956,0010-03-31 15:05:00,10,3,31,15,5,100,387,"116, PASTEUR (RUE)",48.30363,4.06218,Plein jour,En agglomération,Intersection à plus de 4 branches,Normale,Sans collision,,,,,,,,,,,1,2,5,1.0,7.0
201000018957,0010-04-03 20:10:00,10,4,3,20,10,100,333,MARAYE (Chemin),48.28683,4.04544,Plein jour,En agglomération,Intersection en X,Normale,Deux véhicules - côté,,,,,,,,,,,1,2,2,1.0,3.0
201000018958,0010-04-05 11:40:00,10,4,5,11,40,100,333,ECHENILLY (RUE),48.26988,4.03995,Plein jour,En agglomération,Intersection en X,Normale,Deux véhicules - côté,,,,,,,,,,,1,2,2,1.0,3.0
201000018959,0010-04-10 15:20:00,10,4,10,15,20,100,60,GENERAL LECLERC (RUE DU),48.26078,4.09336,Plein jour,En agglomération,Intersection à plus de 4 branches,Normale,Trois véhicules et plus - collisions multiples,,,,,,,,,,,1,2,5,1.0,5.0
201000018960,0010-04-07 21:40:00,10,4,7,21,40,100,387,QUATORZE JUILLET (RUE DU,48.2948,4.08184,Nuit avec éclairage allumé,En agglomération,Giratoire,Pluie forte,Deux véhicules - côté,,,,,,,,,,,5,2,6,3.0,3.0
201000018961,0010-04-06 16:30:00,10,4,6,16,30,100,387,LIEUTENANT PIERRE MURARD,48.30362,4.0572,Plein jour,En agglomération,Intersection en T,Normale,Trois véhicules et plus - en chaîne,,,,,,,,,,,1,2,3,1.0,4.0
201000018962,0010-04-15 19:15:00,10,4,15,19,15,100,81,"13, JEAN MOULIN (RUE)",48.30819,4.03511,Plein jour,En agglomération,Intersection en T,Normale,Deux véhicules - côté,,,,,,,,,,,1,2,3,1.0,3.0
201000018963,0010-04-16 07:55:00,10,4,16,7,55,100,333,"54, CROIX BLANCHE (RUE D",48.27498,4.05749,Plein jour,En agglomération,Hors intersection,Normale,Deux véhicules - arrière,,,,,,,,,,,1,2,1,1.0,2.0