accident_id,datetime,annee,mois,jour,heure,minute,departement,commune_insee,adresse,latitude,longitude,luminosite,agglomeration,intersection,meteo,collision,nb_vehicules,nb_usagers,nb_indemnes,nb_tues,nb_blesses_hosp,nb_blesses_legers,age_cond_1,age_cond_2,veh_type_cond_1,veh_type_cond_2,lum_code,agg_code,int_code,atm_code,col_code
201000018964,0010-04-22 11:25:00,10,4,22,11,25,100,387,JULES GUESDE (RUE),48.29261,4.08209,Plein jour,En agglomération,Hors intersection,Normale,Deux véhicules - côté,,,,,,,,,,,1,2,1,1.0,3.0
201000018965,0010-04-28 12:20:00,10,4,28,12,20,100,60,"., ROCADE OUEST (RD 610)",48.25133,4.11102,Plein jour,Hors agglomération,Hors intersection,Normale,Trois véhicules et plus - en chaîne,,,,,,,,,,,1,1,1,1.0,4.0
201000018966,0010-04-22 08:55:00,10,4,22,8,55,100,362,"., NOES (RUE DES)",48.29899,4.05235,Plein jour,En agglomération,Intersection en X,Normale,Deux véhicules - côté,,,,,,,,,,,1,2,2,1.0,3.0
201000018967,0010-04-29 15:25:00,10,4,29,15,25,100,387,"., EDOUARD HERRIOT (RUE)",48.21861,4.07027,Plein jour,En agglomération,Hors intersection,Normale,Sans collision,,,,,,,,,,,1,2,1,1.0,7.0
201000018968,0010-04-30 21:50:00,10,4,30,21,50,100,81,"., ROCADE OUEST (RD 610)",48.32336,4.02745,Nuit avec éclairage allumé,Hors agglomération,Hors intersection,Normale,Sans collision,,,,,,,,,,,5,1,1,1.0,7.0
201000018969,0010-04-19 19:40:00,10,4,19,19,40,100,387,"., ANDRE SALOMON (RUE)",48.3116,4.06433,Plein jour,En agglomération,Intersection en X,Normale,Autre collision,,,,,,,,,,,1,2,2,1.0,6.0
201000018970,0010-04-29 18:20:00,10,4,29,18,20,100,387,"59, JULES GUESDE (RUE)",48.28671,4.08222,Plein jour,En agglomération,Hors intersection,Normale,Sans collision,,,,,,,,,,,1,2,1,1.0,7.0
201000018971,0010-04-20 08:05:00,10,4,20,8,5,100,297,ANATOLE FRANCE (RUE),48.31749,4.0976,Plein jour,En agglomération,Hors intersection,Autre,Autre collision,,,,,,,,,,,1,2,1,9.0,6.0
201000018972,0010-05-12 16:55:00,10,5,12,16,55,100,387,"., COMTES DE CHAMPAGNE (",,,Plein jour,En agglomération,Hors intersection,Normale,Deux véhicules - côté,,,,,,,,,,,1,2,1,1.0,3.0
201000018973,0010-05-18 13:10:00,10,5,18,13,10,100,387,"127, JULES GUESDE (RUE)",,,Plein jour,En agglomération,Intersection en X,Normale,Sans collision,,,,,,,,,,,1,2,2,1.0,7.0
201000018974,0010-05-18 08:05:00,10,5,18,8,5,100,387,"., GEORGES POMPIDOU (RUE",,,Plein jour,En agglomération,Giratoire,Normale,Autre collision,,,,,,,,,,,1,2,6,1.0,6.0
201000018975,0010-05-21 17:45:00,10,5,21,17,45,100,387,"., FERNAND GIROUX (RUE)",,,Plein jour,En agglomération,Hors intersection,Normale,Sans collision,,,,,,,,,,,1,2,1,1.0,7.0
201000018976,0010-05-27 17:35:00,10,5,27,17,35,100,387,"., PIERRE BROSSOLETTE (R",,,Plein jour,En agglomération,Hors intersection,Normale,Deux véhicules - arrière,,,,,,,,,,,1,2,1,1.0,2.0
201000018977,0010-05-31 13:00:00,10,5,31,13,0,100,387,"., QUATORZE JUILLET (RUE",,,Plein jour,En agglomération,Intersection en X,Normale,Sans collision,,,,,,,,,,,1,2,2,1.0,7.0
201000018978,0010-05-17 19:30:00,10,5,17,19,30,100,387,"50, ANATOLE FRANCE (RUE)",,,Plein jour,En agglomération,Hors intersection,Normale,Autre collision,,,,,,,,,,,1,2,1,1.0,6.0
201000018979,0010-06-05 18:59:00,10,6,5,18,59,100,387,"127, PREIZE (RUE DE)",48.30763,4.06857,Plein jour,En agglomération,Hors intersection,Normale,Deux véhicules - côté,,,,,,,,,,,1,2,1,1.0,3.0
201000018980,0010-06-09 15:10:00,10,6,9,15,10,100,387,"78, PASTEUR (RUE)",,,Plein jour,En agglomération,Intersection en X,Normale,Trois véhicules et plus - en chaîne,,,,,,,,,,,1,2,2,1.0,4.0
201000018981,0010-06-11 21:45:00,10,6,11,21,45,100,387,PREMIER RAM (RUE DU),48.29127,4.07106,Crépuscule ou aube,En agglomération,Intersection en X,Normale,Deux véhicules - côté,,,,,,,,,,,2,2,2,1.0,3.0
201000018982,0010-06-09 18:15:00,10,6,9,18,15,100,343,"., RENE GILLET (RUE)",48.27043,4.09743,Plein jour,En agglomération,Intersection en X,Normale,Sans collision,,,,,,,,,,,1,2,2,1.0,7.0
201000018983,0010-06-20 21:00:00,10,6,20,21,0,100,387,"18, JEAN CAMILLE NIEL (R",,,Crépuscule ou aube,En agglomération,Hors intersection,Normale,Autre collision,,,,,,,,,,,2,2,1,1.0,6.0
201000018984,0010-06-22 18:30:00,10,6,22,18,30,100,387,"., BLANQUI (RUE)",48.30501,4.05324,Plein jour,En agglomération,Intersection en X,Normale,Deux véhicules - côté,,,,,,,,,,,1,2,2,1.0,3.0
201000018985,0010-06-23 12:20:00,10,6,23,12,20,100,81,"73, JULES FERRY (RUE)",,,Plein jour,En agglomération,Hors intersection,Normale,Autre collision,,,,,,,,,,,1,2,1,1.0,6.0
201000018986,0010-06-25 07:40:00,10,6,25,7,40,100,343,"., PHILIPPATS (RUE)",48.26992,4.08901,Plein jour,En agglomération,Giratoire,Normale,Deux véhicules - arrière,,,,,,,,,,,1,2,6,1.0,2.0
201000018987,0010-07-01 10:45:00,10,7,1,10,45,100,387,"., REPUBLIQUE (RUE DE LA",48.29908,4.07326,Plein jour,En agglomération,Intersection en X,Normale,Autre collision,,,,,,,,,,,1,2,2,1.0,6.0
201000018988,0010-07-05 16:55:00,10,7,5,16,55,100,387,"109, THENARD (RUE)",48.26687,4.0868,Plein jour,En agglomération,Intersection en T,Normale,Autre collision,,,,,,,,,,,1,2,3,1.0,6.0
201000018989,0010-07-02 11:10:00,10,7,2,11,10,100,297,"., ROGER SALENGRO (RUE)",48.31406,4.09865,Plein jour,En agglomération,Intersection en Y,Normale,Autre collision,,,,,,,,,,,1,2,4,1.0,6.0
201000018990,0010-07-06 21:55:00,10,7,6,21,55,100,387,"., GUSTAVE LEHEUTRE (RUE",48.27212,4.08103,Crépuscule ou aube,En agglomération,Intersection en T,Normale,Autre collision,,,,,,,,,,,2,2,3,1.0,6.0
201000018991,0010-07-10 15:20:00,10,7,10,15,20,100,387,"., DAMPIERRE (QUAI)",48.29958,4.07673,Plein jour,En agglomération,Intersection en X,Normale,Deux véhicules - côté,,,,,,,,,,,1,2,2,1.0,3.0
201000018992,0010-07-12 09:45:00,10,7,12,9,45,100,357,"., LIEUTENANT MICHEL TAI",48.30362,4.09811,Plein jour,En agglomération,Intersection à plus de 4 branches,Normale,Autre collision,,,,,,,,,,,1,2,5,1.0,6.0
201000018993,0010-07-13 16:50:00,10,7,13,16,50,100,362,"., ROCADE OUEST (RD 610)",48.29011,4.03757,Plein jour,En agglomération,Hors intersection,Normale,Sans collision,,,,,,,,,,,1,2,1,1.0,7.0
201000018994,0010-07-21 18:33:00,10,7,21,18,33,100,362,"., GENERAL LECLERC (RUE",48.29001,4.03948,Plein jour,En agglomération,Hors intersection,Normale,Sans collision,,,,,,,,,,,1,2,1,1.0,7.0
201000018995,0010-07-29 19:45:00,10,7,29,19,45,100,387,"., GAMBETTA (RUE)",48.3006,4.07547,Plein jour,En agglomération,Intersection en X,Normale,Sans collision,,,,,,,,,,,1,2,2,1.0,7.0
201000018996,0010-07-27 08:55:00,10,7,27,8,55,100,297,"., MARC VERDIER (RUE)",48.3249,4.11387,Plein jour,En agglomération,Giratoire,Normale,Deux véhicules - côté,,,,,,,,,,,1,2,6,1.0,3.0
201000018997,0010-07-30 13:50:00,10,7,30,13,50,100,387,"133, MAJOR GENERAL VANIE",48.30935,4.0681,Plein jour,En agglomération,Hors intersection,Normale,Deux véhicules - côté,,,,,,,,,,,1,2,1,1.0,3.0
201000018998,0010-08-04 15:15:00,10,8,4,15,15,100,333,"., AUXERRE (ROUTE)",48.27683,4.06353,Plein jour,En agglomération,Intersection en X,Normale,Autre collision,,,,,,,,,,,1,2,2,1.0,6.0
201000018999,0010-08-08 16:40:00,10,8,8,16,40,100,387,"10, LINARD HUBERT (RUE)T",48.29323,4.09311,Plein jour,En agglomération,Hors intersection,Normale,Autre collision,,,,,,,,,,,1,2,1,1.0,6.0
201000019000,0010-08-02 17:55:00,10,8,2,17,55,100,343,"80, GAMBETTA (RUE)",48.27385,4.09242,Plein jour,En agglomération,Hors intersection,Normale,Autre collision,,,,,,,,,,,1,2,1,1.0,6.0
201000019001,0010-08-06 13:40:00,10,8,6,13,40,100,387,"., MOINES (RUE AUX)",48.306,4.08749,Plein jour,En agglomération,Intersection en X,Normale,Deux véhicules - côté,,,,,,,,,,,1,2,2,1.0,3.0
201000019002,0010-08-12 08:35:00,10,8,12,8,35,100,387,"27, HAUTE CHARME (RUE)",48.30948,4.05818,Plein jour,En agglomération,Hors intersection,Normale,Deux véhicules - côté,,,,,,,,,,,1,2,1,1.0,3.0
201000019003,0010-08-17 17:35:00,10,8,17,17,35,100,387,"13, COMTES DE CHAMPAGNE",48.29983,4.07674,Plein jour,En agglomération,Intersection en X,Normale,Trois véhicules et plus - collisions multiples,,,,,,,,,,,1,2,2,1.0,5.0
201000019004,0010-08-24 21:37:00,10,8,24,21,37,100,81,RUE ROGER SALENGRO,48.31568,4.04256,Crépuscule ou aube,En agglomération,Hors intersection,Normale,Deux véhicules - arrière,,,,,,,,,,,2,2,1,1.0,2.0
201000019005,0010-08-27 15:50:00,10,8,27,15,50,100,321,"., HENRI BARBUSSE (RUE)",48.28851,4.03599,Plein jour,En agglomération,Intersection en Y,Pluie forte,Deux véhicules - côté,,,,,,,,,,,1,2,4,3.0,3.0
201000019006,0010-08-29 14:20:00,10,8,29,14,20,100,343,"7, DEUX HAIES (RUE DES)",48.26584,4.08729,Plein jour,En agglomération,Hors intersection,Normale,Autre collision,,,,,,,,,,,1,2,1,1.0,6.0
201000019007,0010-09-03 08:35:00,10,9,3,8,35,100,81,ROCADE OUEST (RD 610),48.32216,4.02628,Plein jour,Hors agglomération,Hors intersection,Normale,Autre collision,,,,,,,,,,,1,1,1,1.0,6.0
201000019008,0010-09-06 07:30:00,10,9,6,7,30,100,362,RD 660,48.29875,4.01384,Plein jour,En agglomération,Hors intersection,Normale,Trois véhicules et plus - collisions multiples,,,,,,,,,,,1,2,1,1.0,5.0
201000019009,0010-09-03 18:20:00,10,9,3,18,20,100,387,"5 bis, VOLTAIRE (RUE)",48.29448,4.06623,Plein jour,En agglomération,Hors intersection,Normale,Autre collision,,,,,,,,,,,1,2,1,1.0,6.0
201000019010,0010-09-01 17:15:00,10,9,1,17,15,100,81,"., JEAN MOULIN (RUE)",48.3065,4.03086,Plein jour,En agglomération,Intersection en X,Normale,Deux véhicules - côté,,,,,,,,,,,1,2,2,1.0,3.0
201000019011,0010-09-06 18:15:00,10,9,6,18,15,100,387,"50 bis, NOES (RUE DES)",48.29879,4.05332,Plein jour,En agglomération,Hors intersection,Normale,Deux véhicules - frontale,,,,,,,,,,,1,2,1,1.0,1.0
201000019012,0010-08-31 14:55:00,10,8,31,14,55,100,333,"., ILE GERMAINE (RUE)",48.28373,4.05252,Plein jour,En agglomération,Hors intersection,Normale,Sans collision,,,,,,,,,,,1,2,1,1.0,7.0
201000019013,0010-09-10 17:15:00,10,9,10,17,15,100,387,"., GENERAL DE GAULLE (RU",48.29876,4.07357,Plein jour,En agglomération,Intersection en X,Normale,Autre collision,,,,,,,,,,,1,2,2,1.0,6.0
201000019014,0010-09-14 03:35:00,10,9,14,3,35,100,387,"30, EDOUARD HERRIOT (RUE",48.27877,4.07447,Nuit avec éclairage allumé,En agglomération,Intersection en T,Normale,Autre collision,,,,,,,,,,,5,2,3,1.0,6.0
201000019015,0010-09-13 08:30:00,10,9,13,8,30,100,321,"134 bis, GENERAL LECLERC",48.29099,4.02748,Plein jour,En agglomération,Intersection en T,Normale,Autre collision,,,,,,,,,,,1,2,3,1.0,6.0
201000019016,0010-09-15 19:35:00,10,9,15,19,35,100,362,"., NOES (RUE DES)",48.2961,4.06251,Plein jour,En agglomération,Intersection en T,Normale,Autre collision,,,,,,,,,,,1,2,3,1.0,6.0
201000019017,0010-09-11 20:40:00,10,9,11,20,40,100,333,"160, AUXERRE (ROUTE)",48.2685,4.04782,Crépuscule ou aube,En agglomération,Intersection en T,Normale,Sans collision,,,,,,,,,,,2,2,3,1.0,7.0
201000019018,0010-09-16 17:45:00,10,9,16,17,45,100,297,"., ROGER SALENGRO (RUE)",48.3141,4.09864,Plein jour,En agglomération,Intersection en X,Normale,Autre collision,,,,,,,,,,,1,2,2,1.0,6.0
201000019019,0010-09-21 08:30:00,10,9,21,8,30,100,387,"., MARECHAL DE LATTRE DE",48.30392,4.09678,Plein jour,En agglomération,Intersection en T,Normale,Autre collision,,,,,,,,,,,1,2,3,1.0,6.0
201000019020,0010-09-15 16:05:00,10,9,15,16,5,100,387,"., ANATOLE FRANCE (RUE)",48.28568,4.07474,Plein jour,En agglomération,Intersection en T,Normale,Deux véhicules - arrière,,,,,,,,,,,1,2,3,1.0,2.0
201000019021,0010-09-28 12:15:00,10,9,28,12,15,100,387,"., PREIZE (RUE DE)",48.30818,4.06831,Plein jour,En agglomération,Intersection en X,Normale,Autre collision,,,,,,,,,,,1,2,2,1.0,6.0
201000019022,0010-10-03 17:40:00,10,10,3,17,40,100,362,"., TRUAUDE (RUE)",48.30013,4.04124,Plein jour,En agglomération,Hors intersection,Normale,Autre collision,,,,,,,,,,,1,2,1,1.0,6.0
201000019023,0010-10-03 20:25:00,10,10,3,20,25,100,343,"., MAURICE ROMAGON (RUE",48.27989,4.08775,Crépuscule ou aube,En agglomération,Intersection en X,Normale,Deux véhicules - côté,,,,,,,,,,,2,2,2,1.0,3.0
201000019024,0010-10-01 18:45:00,10,10,1,18,45,100,333,"., TILLEULS (AVENUE DES)",48.28478,4.06236,Plein jour,En agglomération,Intersection en X,Normale,Sans collision,,,,,,,,,,,1,2,2,1.0,7.0
201000019025,0010-10-08 20:30:00,10,10,8,20,30,100,60,"., VERRIERES (RUE DES)",,,Crépuscule ou aube,En agglomération,Hors intersection,Normale,Deux véhicules - arrière,,,,,,,,,,,2,2,1,1.0,2.0
201000019026,0010-10-11 18:55:00,10,10,11,18,55,100,81,"11, BERNARD PALISSY (RUE",48.30897,4.03791,Crépuscule ou aube,En agglomération,Intersection en T,Normale,Deux véhicules - arrière,,,,,,,,,,,2,2,3,1.0,2.0
201000019027,0010-10-12 18:20:00,10,10,12,18,20,100,387,"., GRAND MENETRIER (RUE",48.30733,4.08201,Plein jour,En agglomération,Intersection en X,Normale,Deux véhicules - côté,,,,,,,,,,,1,2,2,1.0,3.0
201000019028,0010-10-12 15:45:00,10,10,12,15,45,100,387,"., 8 MAI 1945 (RUE DU)",48.27468,4.07294,Plein jour,En agglomération,Intersection en T,Normale,Sans collision,,,,,,,,,,,1,2,3,1.0,7.0
201000019029,0010-10-17 19:20:00,10,10,17,19,20,100,325,"., AUXERRE (ROUTE )",48.2649,4.04115,Nuit avec éclairage allumé,En agglomération,Intersection en X,Normale,Deux véhicules - arrière,,,,,,,,,,,5,2,2,1.0,2.0
201000019030,0010-10-18 08:45:00,10,10,18,8,45,100,81,"., JULES FERRY (RUE)",48.32086,4.05473,Plein jour,En agglomération,Intersection en X,Normale,Autre collision,,,,,,,,,,,1,2,2,1.0,6.0
201000019031,0010-10-18 18:05:00,10,10,18,18,5,100,387,"., EDOUARD HERRIOT (RUE)",48.2741,4.08051,Plein jour,En agglomération,Intersection en X,Normale,Autre collision,,,,,,,,,,,1,2,2,1.0,6.0
201000019032,0010-10-20 07:50:00,10,10,20,7,50,100,387,"., PREIZE (RUE DE)",48.3082,4.06829,Crépuscule ou aube,En agglomération,Intersection en X,Normale,Autre collision,,,,,,,,,,,2,2,2,1.0,6.0
201000019033,0010-10-23 05:05:00,10,10,23,5,5,100,333,"114, PRESIDENT WILSON (R",48.28664,4.05593,Nuit avec éclairage allumé,En agglomération,Intersection en X,Normale,Deux véhicules - côté,,,,,,,,,,,5,2,2,1.0,3.0
201000019034,0010-10-22 23:45:00,10,10,22,23,45,100,387,"32, VEON A L'ANE (RUE)",48.29169,4.10461,Nuit avec éclairage allumé,En agglomération,Hors intersection,Normale,Autre collision,,,,,,,,,,,5,2,1,1.0,6.0
201000019035,0010-10-29 15:40:00,10,10,29,15,40,100,387,JULES GUESDE (RUE),48.2907,4.08256,Plein jour,En agglomération,Hors intersection,Normale,Deux véhicules - frontale,,,,,,,,,,,1,2,1,1.0,1.0
201000019036,0010-11-08 08:20:00,10,11,8,8,20,100,387,"., LOMBARDS (AVENUE)",48.27699,4.06935,Crépuscule ou aube,En agglomération,Hors intersection,Normale,Deux véhicules - côté,,,,,,,,,,,2,2,1,1.0,3.0
201000019037,0010-11-11 17:55:00,10,11,11,17,55,100,387,"., GAMBETTA (RUE)",48.30034,4.0747,Nuit avec éclairage allumé,En agglomération,Intersection en T,Pluie forte,Sans collision,,,,,,,,,,,5,2,3,3.0,7.0
201000019038,0010-11-14 13:05:00,10,11,14,13,5,100,81,"., GENERAL SARRAIL (AVE)",48.30414,4.03287,Plein jour,En agglomération,Intersection en X,Pluie légère,Autre collision,,,,,,,,,,,1,2,2,2.0,6.0
201000019039,0010-11-16 14:00:00,10,11,16,14,0,100,333,"170, AUXERRE (ROUTE)",48.26854,4.04786,Plein jour,En agglomération,Hors intersection,Normale,Deux véhicules - frontale,,,,,,,,,,,1,2,1,1.0,1.0
201000019040,0010-11-20 16:50:00,10,11,20,16,50,100,387,"32, PONT DES CHAMPS (RUE",48.28523,4.08547,Crépuscule ou aube,En agglomération,Hors intersection,Normale,Autre collision,,,,,,,,,,,2,2,1,1.0,6.0
201000019041,0010-11-25 08:35:00,10,11,25,8,35,100,362,"11, GENERAL GALLIENI (RU",48.29439,4.06074,Plein jour,En agglomération,Intersection en T,Neige / grêle,Autre collision,,,,,,,,,,,1,2,3,4.0,6.0
201000019042,0010-12-04 06:40:00,10,12,4,6,40,100,387,"., MITANTIER (RUE)",48.30142,4.08068,Nuit avec éclairage allumé,En agglomération,Intersection en X,Normale,Autre collision,,,,,,,,,,,5,2,2,1.0,6.0
201000019043,0010-12-06 18:35:00,10,12,6,18,35,100,81,"., TEILHARD DE CHARDIN (",48.30645,4.03091,Nuit avec éclairage allumé,En agglomération,Hors intersection,Pluie légère,Autre collision,,,,,,,,,,,5,2,1,2.0,6.0
201000019044,0010-12-04 19:10:00,10,12,4,19,10,100,387,"., MAROTS (RUE DES)",48.30653,4.04878,Nuit avec éclairage allumé,En agglomération,Intersection en T,Normale,Deux véhicules - côté,,,,,,,,,,,5,2,3,1.0,3.0
201000019045,0010-12-10 22:15:00,10,12,10,22,15,100,362,"150, GENERAL GALLIENI (R",48.29282,4.04614,Nuit avec éclairage allumé,En agglomération,Hors intersection,Normale,Autre collision,,,,,,,,,,,5,2,1,1.0,6.0
201000019046,0010-12-11 15:35:00,10,12,11,15,35,100,387,"243, FAUBOURG CRONCELS (",48.28175,4.07983,Plein jour,En agglomération,Hors intersection,Normale,Autre collision,,,,,,,,,,,1,2,1,1.0,6.0
201000019047,0010-04-23 17:30:00,10,4,23,17,30,670,152,"PV, 10 RUE DU FORT",,,Plein jour,En agglomération,Hors intersection,Normale,Autre collision,,,,,,,,,,,1,2,1,1.0,6.0
201000019048,0010-05-28 13:25:00,10,5,28,13,25,670,152,"PV,INT.R.INDUSTRIE/23NOV",48.537,7.691,Plein jour,En agglomération,Intersection en X,Normale,Deux véhicules - côté,,,,,,,,,,,1,2,2,1.0,3.0
201000019049,0010-06-27 03:00:00,10,6,27,3,0,670,124,PV,48.532,7.636,Nuit sans éclairage public,Hors agglomération,Hors intersection,Normale,Deux véhicules - frontale,,,,,,,,,,,3,1,1,1.0,1.0
201000019050,0010-09-05 18:25:00,10,9,5,18,25,670,124,PV,48.55,7.626,Plein jour,Hors agglomération,Hors intersection,Normale,Sans collision,,,,,,,,,,,1,1,1,1.0,7.0
201000019051,0010-09-14 11:15:00,10,9,14,11,15,670,152,"PV, RUE DU 23 NOVEMBRE",48.537,7.692,Plein jour,Hors agglomération,Hors intersection,Normale,Deux véhicules - frontale,,,,,,,,,,,1,1,1,1.0,1.0
201000019052,0010-11-15 08:20:00,10,11,15,8,20,670,152,PV,48.522,7.667,Plein jour,Hors agglomération,Hors intersection,Pluie légère,Deux véhicules - arrière,,,,,,,,,,,1,1,1,2.0,2.0
201000019053,0010-11-19 13:15:00,10,11,19,13,15,670,247,SPV,48.575,7.584,Plein jour,Hors agglomération,Hors intersection,Pluie légère,Deux véhicules - côté,,,,,,,,,,,1,1,1,2.0,3.0
201000019054,0010-12-01 19:00:00,10,12,1,19,0,670,152,"PV, 25 RUE MAL LECLERC",48.519,7.65,Nuit avec éclairage allumé,En agglomération,Hors intersection,Neige / grêle,Deux véhicules - arrière,,,,,,,,,,,5,2,1,4.0,2.0
201000019055,0010-01-25 15:40:00,10,1,25,15,40,670,296,"PV, CHEMIN DES COTEAUX",48.623,7.689,Plein jour,Hors agglomération,Hors intersection,Normale,Autre collision,,,,,,,,,,,1,1,1,1.0,6.0
201000019056,0010-01-29 06:45:00,10,1,29,6,45,670,389,"PV, RUE DE L'INDUSTRIE",48.649,7.774,Crépuscule ou aube,Hors agglomération,Hors intersection,Autre,Trois véhicules et plus - collisions multiples,,,,,,,,,,,2,1,1,9.0,5.0
201000019057,0010-02-15 18:25:00,10,2,15,18,25,670,506,"PV, 36 RTE DE STRASBOURG",48.663,7.719,Nuit avec éclairage allumé,En agglomération,Hors intersection,Normale,Autre collision,,,,,,,,,,,5,2,1,1.0,6.0
201000019058,0010-03-18 10:15:00,10,3,18,10,15,670,506,SPV,48.663,7.738,Plein jour,Hors agglomération,Intersection en X,Normale,Deux véhicules - côté,,,,,,,,,,,1,1,2,1.0,3.0
201000019059,0010-04-22 16:30:00,10,4,22,16,30,670,389,SPV,,,Plein jour,Hors agglomération,Hors intersection,Normale,Deux véhicules - côté,,,,,,,,,,,1,1,1,1.0,3.0
201000019060,0010-06-29 19:45:00,10,6,29,19,45,670,389,"PV,ROUTE DE LA WANTZENAU",48.67,7.759,Plein jour,Hors agglomération,Hors intersection,Pluie légère,Deux véhicules - côté,,,,,,,,,,,1,1,1,2.0,3.0
201000019061,0010-07-10 18:30:00,10,7,10,18,30,670,506,"PV,24A RUE GAL DE GAULLE",48.672,7.717,Plein jour,En agglomération,Hors intersection,Normale,Deux véhicules - frontale,,,,,,,,,,,1,2,1,1.0,1.0
201000019062,0010-07-15 10:45:00,10,7,15,10,45,670,506,"PV,ROUTE DE LA WANTZENAU",48.666,7.751,Plein jour,Hors agglomération,Hors intersection,Normale,Deux véhicules - côté,,,,,,,,,,,1,1,1,1.0,3.0
201000019063,0010-07-17 06:15:00,10,7,17,6,15,670,471,"PV, 30 ROUTE DE BRUMATH",,,Plein jour,En agglomération,Hors intersection,Normale,Autre collision,,,,,,,,,,,1,2,1,1.0,6.0
201000019064,0010-11-19 18:00:00,10,11,19,18,0,670,389,SPV,,,Nuit sans éclairage public,Hors agglomération,Hors intersection,Normale,Deux véhicules - arrière,,,,,,,,,,,3,1,1,1.0,2.0
201000019065,0010-01-08 07:45:00,10,1,8,7,45,60,10,,,,Crépuscule ou aube,Hors agglomération,Hors intersection,Pluie légère,Deux véhicules - frontale,,,,,,,,,,,2,1,1,2.0,1.0
201000019066,0010-02-03 16:00:00,10,2,3,16,0,60,105,route de valbone,43.669,7.049,Plein jour,En agglomération,Intersection en T,Normale,Deux véhicules - frontale,,,,,,,,,,,1,2,3,1.0,1.0
201000019067,0010-03-29 07:30:00,10,3,29,7,30,60,105,CD 204 Route de valbonne,43.67,7.073,Plein jour,En agglomération,Hors intersection,Normale,Deux véhicules - côté,,,,,,,,,,,1,2,1,1.0,3.0
201000019068,0010-04-21 16:30:00,10,4,21,16,30,60,38,,43.668,6.966,Plein jour,Hors agglomération,Hors intersection,Normale,Autre collision,,,,,,,,,,,1,1,1,1.0,6.0
201000019069,0010-04-30 21:00:00,10,4,30,21,0,60,10,,,,Nuit avec éclairage allumé,Hors agglomération,Hors intersection,Normale,Deux véhicules - frontale,,,,,,,,,,,5,1,1,1.0,1.0
201000019070,0010-06-01 10:00:00,10,6,1,10,0,60,105,RD 2085 pk 17,,,Plein jour,En agglomération,Hors intersection,Normale,Autre collision,,,,,,,,,,,1,2,1,1.0,6.0
201000019071,0010-06-29 08:15:00,10,6,29,8,15,60,105,,,,Plein jour,Hors agglomération,Hors intersection,Normale,Deux véhicules - frontale,,,,,,,,,,,1,1,1,1.0,1.0
201000019072,0010-08-17 15:45:00,10,8,17,15,45,60,68,614 bis route de Grasse,,,Plein jour,En agglomération,Hors intersection,Pluie légère,Deux véhicules - frontale,,,,,,,,,,,1,2,1,2.0,1.0
201000019073,0010-10-16 11:00:00,10,10,16,11,0,60,148,,,,Plein jour,Hors agglomération,Hors intersection,Normale,Deux véhicules - frontale,,,,,,,,,,,1,1,1,1.0,1.0
201000019074,0010-11-29 08:45:00,10,11,29,8,45,60,105,863 route Notre Dame,43.676,7.04,Plein jour,En agglomération,Hors intersection,Temps éblouissant,Deux véhicules - côté,,,,,,,,,,,1,2,1,7.0,3.0
201000019075,0010-05-29 16:00:00,10,5,29,16,0,650,251,,43.218,0.08,Plein jour,Hors agglomération,Hors intersection,Normale,Autre collision,,,,,,,,,,,1,1,1,1.0,6.0
201000019076,0010-10-20 05:45:00,10,10,20,5,45,650,356,,43.157,0.292,Nuit sans éclairage public,Hors agglomération,Hors intersection,Normale,Autre collision,,,,,,,,,,,3,1,1,1.0,6.0
201000019077,0010-07-01 18:00:00,10,7,1,18,0,20,157,,,,Plein jour,Hors agglomération,Hors intersection,Normale,Trois véhicules et plus - en chaîne,,,,,,,,,,,1,1,1,1.0,4.0
201000019078,0010-10-20 12:30:00,10,10,20,12,30,20,498,,,,Plein jour,Hors agglomération,Hors intersection,Temps couvert,Deux véhicules - arrière,,,,,,,,,,,1,1,1,8.0,2.0
201000019079,0010-04-02 15:15:00,10,4,2,15,15,380,352,PROMENADE DES MAGNAUDS,45.6,5.226,Plein jour,En agglomération,Hors intersection,Normale,Sans collision,,,,,,,,,,,1,2,1,1.0,7.0
201000019080,0010-06-05 08:15:00,10,6,5,8,15,380,193,BOULEVARD DE FONTBONNIÈR,45.6223,5.21512,Plein jour,En agglomération,Intersection en T,Normale,Autre collision,,,,,,,,,,,1,2,3,1.0,6.0
201000019081,0010-06-21 16:30:00,10,6,21,16,30,380,530,,45.6179,5.18415,Plein jour,Hors agglomération,Intersection en T,Normale,Deux véhicules - frontale,,,,,,,,,,,1,1,3,1.0,1.0
201000019082,0010-07-08 22:30:00,10,7,8,22,30,380,193,,,,Nuit sans éclairage public,Hors agglomération,Hors intersection,Normale,Deux véhicules - côté,,,,,,,,,,,3,1,1,1.0,3.0
201000019083,0010-07-29 08:45:00,10,7,29,8,45,380,193,4 R DES GOELETTES,45.622,5.20949,Plein jour,En agglomération,Autre intersection,Normale,Deux véhicules - frontale,,,,,,,,,,,1,2,9,1.0,1.0
201000019084,0010-08-04 04:30:00,10,8,4,4,30,380,193,,45.6104,5.21257,Nuit sans éclairage public,Hors agglomération,Hors intersection,Normale,Deux véhicules - frontale,,,,,,,,,,,3,1,1,1.0,1.0