accident_id,datetime,annee,mois,jour,heure,minute,departement,commune_insee,adresse,latitude,longitude,luminosite,agglomeration,intersection,meteo,collision,nb_vehicules,nb_usagers,nb_indemnes,nb_tues,nb_blesses_hosp,nb_blesses_legers,age_cond_1,age_cond_2,veh_type_cond_1,veh_type_cond_2,lum_code,agg_code,int_code,atm_code,col_code
201000019085,0010-08-18 18:30:00,10,8,18,18,30,380,530,,,,Plein jour,Hors agglomération,Hors intersection,Normale,Deux véhicules - côté,,,,,,,,,,,1,1,1,1.0,3.0
201000019086,0010-09-18 19:15:00,10,9,18,19,15,380,530,,45.625,5.16879,Crépuscule ou aube,Hors agglomération,Hors intersection,Normale,Trois véhicules et plus - collisions multiples,,,,,,,,,,,2,1,1,1.0,5.0
201000019087,0010-09-24 08:45:00,10,9,24,8,45,380,193,13 RUE DES LOGGIAS,,,Plein jour,En agglomération,Hors intersection,Pluie légère,Sans collision,,,,,,,,,,,1,2,1,2.0,7.0
201000019088,0010-10-19 16:15:00,10,10,19,16,15,380,193,BVD ARBONNAS/ LIDL,,,Plein jour,En agglomération,Hors intersection,Normale,Deux véhicules - côté,,,,,,,,,,,1,2,1,1.0,3.0
201000019089,0010-10-31 16:30:00,10,10,31,16,30,380,530,,45.6121,5.20242,Plein jour,Hors agglomération,Giratoire,Pluie forte,Deux véhicules - frontale,,,,,,,,,,,1,1,6,3.0,1.0
201000019090,0010-11-03 17:00:00,10,11,3,17,0,380,193,RUE JACQUES CARTIER,,,Plein jour,En agglomération,Hors intersection,Normale,Autre collision,,,,,,,,,,,1,2,1,1.0,6.0
201000019091,0010-12-11 05:00:00,10,12,11,5,0,380,193,,,,Nuit sans éclairage public,Hors agglomération,Hors intersection,Normale,Deux véhicules - frontale,,,,,,,,,,,3,1,1,1.0,1.0
201000019092,0010-12-31 03:00:00,10,12,31,3,0,30,158,,46.478,2.676,Nuit sans éclairage public,Hors agglomération,Hors intersection,Brouillard / fumée,Sans collision,,,,,,,,,,,3,1,1,5.0,7.0
201000019093,0010-01-22 11:00:00,10,1,22,11,0,180,267,,47.0121,2.38533,Plein jour,Hors agglomération,Hors intersection,Temps couvert,Deux véhicules - arrière,,,,,,,,,,,1,1,1,8.0,2.0
201000019094,0010-03-19 14:00:00,10,3,19,14,0,180,9,,46.6673,2.47023,Plein jour,Hors agglomération,Hors intersection,Normale,Deux véhicules - arrière,,,,,,,,,,,1,1,1,1.0,2.0
201000019095,0010-04-12 15:15:00,10,4,12,15,15,180,248,,46.9509,2.41705,Plein jour,Hors agglomération,Hors intersection,Vent fort / tempête,Autre collision,,,,,,,,,,,1,1,1,6.0,6.0
201000019096,0010-05-10 15:45:00,10,5,10,15,45,180,221,,46.8088,2.41254,Plein jour,Hors agglomération,Hors intersection,Pluie forte,Autre collision,,,,,,,,,,,1,1,1,3.0,6.0
201000019097,0010-06-26 18:45:00,10,6,26,18,45,180,171,,46.7244,2.43743,Plein jour,Hors agglomération,Hors intersection,Normale,Autre collision,,,,,,,,,,,1,1,1,1.0,6.0
201000019098,0010-09-07 19:15:00,10,9,7,19,15,180,38,,46.7868,2.41256,Plein jour,Hors agglomération,Hors intersection,Normale,Autre collision,,,,,,,,,,,1,1,1,1.0,6.0
201000019099,0010-09-12 15:45:00,10,9,12,15,45,180,129,,46.9797,2.42071,Plein jour,Hors agglomération,Hors intersection,Normale,Autre collision,,,,,,,,,,,1,1,1,1.0,6.0
201000019100,0010-03-25 06:30:00,10,3,25,6,30,210,638,,47.5003,5.1904,Crépuscule ou aube,Hors agglomération,Hors intersection,Normale,Deux véhicules - arrière,,,,,,,,,,,2,1,1,1.0,2.0
201000019101,0010-04-01 09:35:00,10,4,1,9,35,210,599,A31 SENS SUD NORD,,,Plein jour,Hors agglomération,Hors intersection,Normale,Autre collision,,,,,,,,,,,1,1,1,1.0,6.0
201000019102,0010-05-10 16:30:00,10,5,10,16,30,210,599,,47.5159,5.19684,Plein jour,Hors agglomération,Hors intersection,Neige / grêle,Sans collision,,,,,,,,,,,1,1,1,4.0,7.0
201000019103,0010-06-18 14:30:00,10,6,18,14,30,210,638,A31 SENS LANGRES-BEAUNE,47.5429,5.19837,Plein jour,Hors agglomération,Hors intersection,Normale,Deux véhicules - côté,,,,,,,,,,,1,1,1,1.0,3.0
201000019104,0010-08-01 05:00:00,10,8,1,5,0,210,370,,47.2685,5.17248,Nuit sans éclairage public,Hors agglomération,Hors intersection,Normale,Autre collision,,,,,,,,,,,3,1,1,1.0,6.0
201000019105,0010-08-02 08:00:00,10,8,2,8,0,210,599,,47.641,5.17988,Plein jour,Hors agglomération,Hors intersection,Temps couvert,Autre collision,,,,,,,,,,,1,1,1,8.0,6.0
201000019106,0010-08-14 18:30:00,10,8,14,18,30,210,599,,47.591,5.213,Plein jour,Hors agglomération,Hors intersection,Normale,Autre collision,,,,,,,,,,,1,1,1,1.0,6.0
201000019107,0010-08-15 00:50:00,10,8,15,0,50,210,231,,47.2947,5.0835,Nuit sans éclairage public,Hors agglomération,Hors intersection,Pluie légère,Autre collision,,,,,,,,,,,3,1,1,2.0,6.0
201000019108,0010-09-13 17:00:00,10,9,13,17,0,210,605,,47.2877,5.09362,Plein jour,Hors agglomération,Hors intersection,Normale,Sans collision,,,,,,,,,,,1,1,1,1.0,7.0
201000019109,0010-09-26 12:50:00,10,9,26,12,50,210,16,A31 SENS SUD NORD,47.3935,5.17912,Plein jour,Hors agglomération,Hors intersection,Normale,Deux véhicules - côté,,,,,,,,,,,1,1,1,1.0,3.0
201000019110,0010-10-27 02:15:00,10,10,27,2,15,210,599,,47.6036,5.19902,Nuit sans éclairage public,Hors agglomération,Hors intersection,Normale,Autre collision,,,,,,,,,,,3,1,1,1.0,6.0
201000019111,0010-12-15 03:15:00,10,12,15,3,15,210,599,,47.6,5.2,Nuit sans éclairage public,Hors agglomération,Hors intersection,Normale,Deux véhicules - arrière,,,,,,,,,,,3,1,1,1.0,2.0
201000019112,0010-10-17 20:45:00,10,10,17,20,45,40,242,,,,Nuit sans éclairage public,Hors agglomération,Hors intersection,Normale,Autre collision,,,,,,,,,,,3,1,1,1.0,6.0
201000019113,0010-11-06 19:45:00,10,11,6,19,45,50,162,,,,Nuit sans éclairage public,Hors agglomération,Hors intersection,Normale,Trois véhicules et plus - en chaîne,,,,,,,,,,,3,1,1,1.0,4.0
201000019114,0010-11-14 06:00:00,10,11,14,6,0,40,112,,,,Nuit sans éclairage public,Hors agglomération,Hors intersection,Normale,Deux véhicules - arrière,,,,,,,,,,,3,1,1,1.0,2.0
201000019115,0010-01-25 07:30:00,10,1,25,7,30,290,19,,48.37736,-4.50598,Nuit avec éclairage allumé,En agglomération,Hors intersection,Pluie légère,Deux véhicules - arrière,,,,,,,,,,,5,2,1,2.0,2.0
201000019116,0010-10-06 07:30:00,10,10,6,7,30,290,19,,48.37568,-4.50765,Crépuscule ou aube,Hors agglomération,Hors intersection,Temps couvert,Sans collision,,,,,,,,,,,2,1,1,8.0,7.0
201000019117,0010-01-22 06:45:00,10,1,22,6,45,100,156,,48.2731,3.89228,Nuit sans éclairage public,Hors agglomération,Hors intersection,Normale,Deux véhicules - arrière,,,,,,,,,,,3,1,1,1.0,2.0
201000019118,0010-01-23 07:45:00,10,1,23,7,45,100,360,,48.2348,4.02801,Nuit sans éclairage public,Hors agglomération,Hors intersection,Normale,Trois véhicules et plus - collisions multiples,,,,,,,,,,,3,1,1,1.0,5.0
201000019119,0010-02-21 15:45:00,10,2,21,15,45,100,213,,48.1833,4.40369,Plein jour,Hors agglomération,Hors intersection,Normale,Autre collision,,,,,,,,,,,1,1,1,1.0,6.0
201000019120,0010-05-24 23:00:00,10,5,24,23,0,100,92,,,,Nuit sans éclairage public,Hors agglomération,Hors intersection,Normale,Sans collision,,,,,,,,,,,3,1,1,1.0,7.0
201000019121,0010-07-25 12:15:00,10,7,25,12,15,100,415,,48.26891,3.7028,Plein jour,Hors agglomération,Hors intersection,Normale,Deux véhicules - arrière,,,,,,,,,,,1,1,1,1.0,2.0
201000019122,0010-01-27 15:00:00,10,1,27,15,0,130,113,,,,Plein jour,Hors agglomération,Hors intersection,Normale,Deux véhicules - côté,,,,,,,,,,,1,1,1,1.0,3.0
201000019123,0010-03-16 17:15:00,10,3,16,17,15,130,80,,,,Plein jour,Hors agglomération,Autre intersection,Temps éblouissant,Deux véhicules - côté,,,,,,,,,,,1,1,9,7.0,3.0
201000019124,0010-03-26 14:30:00,10,3,26,14,30,130,80,,,,Plein jour,Hors agglomération,Hors intersection,Normale,Deux véhicules - côté,,,,,,,,,,,1,1,1,1.0,3.0
201000019125,0010-05-05 19:00:00,10,5,5,19,0,130,113,,,,Crépuscule ou aube,Hors agglomération,Hors intersection,Pluie légère,Deux véhicules - côté,,,,,,,,,,,2,1,1,2.0,3.0
201000019126,0010-06-05 12:00:00,10,6,5,12,0,130,113,CARREFOUR AGNEL-ROBERTE,,,Plein jour,En agglomération,Intersection en T,Normale,Deux véhicules - côté,,,,,,,,,,,1,2,3,1.0,3.0
201000019127,0010-05-26 15:15:00,10,5,26,15,15,130,113,01 RUE DES PIBOULES,,,Plein jour,En agglomération,Hors intersection,Normale,Deux véhicules - côté,,,,,,,,,,,1,2,1,1.0,3.0
201000019128,0010-06-28 15:45:00,10,6,28,15,45,130,80,,43.6745,5.42543,Plein jour,Hors agglomération,Hors intersection,Normale,Sans collision,,,,,,,,,,,1,1,1,1.0,7.0
201000019129,0010-08-30 16:45:00,10,8,30,16,45,130,113,,,,Plein jour,Hors agglomération,Hors intersection,Normale,Deux véhicules - côté,,,,,,,,,,,1,1,1,1.0,3.0
201000019130,0010-10-15 07:45:00,10,10,15,7,45,130,113,AV MAURICE PLANTIER,,,Plein jour,En agglomération,Hors intersection,Normale,Deux véhicules - côté,,,,,,,,,,,1,2,1,1.0,3.0
201000019131,0010-11-28 20:00:00,10,11,28,20,0,130,113,,,,Nuit sans éclairage public,Hors agglomération,Hors intersection,Temps couvert,Deux véhicules - frontale,,,,,,,,,,,3,1,1,8.0,1.0
201000019132,0010-11-28 12:15:00,10,11,28,12,15,130,113,,,,Plein jour,Hors agglomération,Hors intersection,Temps couvert,Deux véhicules - côté,,,,,,,,,,,1,1,1,8.0,3.0
201000019133,0010-01-27 17:00:00,10,1,27,17,0,730,7,,45.574,6.233,Plein jour,Hors agglomération,Hors intersection,Normale,Sans collision,,,,,,,,,,,1,1,1,1.0,7.0
201000019134,0010-01-31 09:00:00,10,1,31,9,0,730,151,,45.512,6.01,Plein jour,Hors agglomération,Hors intersection,Normale,Sans collision,,,,,,,,,,,1,1,1,1.0,7.0
201000019135,0010-02-25 10:15:00,10,2,25,10,15,730,249,,45.52,5.991,Plein jour,Hors agglomération,Hors intersection,Normale,Deux véhicules - arrière,,,,,,,,,,,1,1,1,1.0,2.0
201000019136,0010-04-05 08:45:00,10,4,5,8,45,730,7,,45.569,6.223,Plein jour,Hors agglomération,Hors intersection,Normale,Sans collision,,,,,,,,,,,1,1,1,1.0,7.0
201000019137,0010-06-24 18:45:00,10,6,24,18,45,730,249,,45.536,5.991,Plein jour,Hors agglomération,Hors intersection,Normale,Autre collision,,,,,,,,,,,1,1,1,1.0,6.0
201000019138,0010-08-13 11:15:00,10,8,13,11,15,730,241,,45.624,6.313,Plein jour,Hors agglomération,Hors intersection,Normale,Deux véhicules - côté,,,,,,,,,,,1,1,1,1.0,3.0
201000019139,0010-08-26 18:35:00,10,8,26,18,35,730,79,Aire de repos l'Arclusaz,,,Plein jour,Hors agglomération,Hors intersection,Normale,Autre collision,,,,,,,,,,,1,1,1,1.0,6.0
201000019140,0010-12-20 13:00:00,10,12,20,13,0,730,79,,45.557,6.17,Plein jour,Hors agglomération,Hors intersection,Normale,Trois véhicules et plus - collisions multiples,,,,,,,,,,,1,1,1,1.0,5.0
201000019141,0010-12-27 15:15:00,10,12,27,15,15,730,89,,45.514,6.1,Plein jour,Hors agglomération,Hors intersection,Normale,Sans collision,,,,,,,,,,,1,1,1,1.0,7.0
201000019142,0010-01-12 12:00:00,10,1,12,12,0,380,239,,45.2956,5.55641,Plein jour,Hors agglomération,Hors intersection,Normale,Autre collision,,,,,,,,,,,1,1,1,1.0,6.0
201000019143,0010-01-20 11:45:00,10,1,20,11,45,380,394,,,,Plein jour,Hors agglomération,Hors intersection,Autre,Deux véhicules - arrière,,,,,,,,,,,1,1,1,9.0,2.0
201000019144,0010-03-23 13:30:00,10,3,23,13,30,380,517,,45.2796,5.52288,Plein jour,Hors agglomération,Hors intersection,Normale,Autre collision,,,,,,,,,,,1,1,1,1.0,6.0
201000019145,0010-07-07 10:30:00,10,7,7,10,30,380,239,,45.303,5.577,Plein jour,Hors agglomération,Hors intersection,Normale,Sans collision,,,,,,,,,,,1,1,1,1.0,7.0
201000019146,0010-10-19 10:00:00,10,10,19,10,0,260,88,26088,45.028,5.083,Plein jour,Hors agglomération,Hors intersection,Normale,Deux véhicules - côté,,,,,,,,,,,1,1,1,1.0,3.0
201000019147,0010-10-26 20:00:00,10,10,26,20,0,260,57,26057,45.026,5.061,Nuit sans éclairage public,Hors agglomération,Hors intersection,Normale,Autre collision,,,,,,,,,,,3,1,1,1.0,6.0
201000019148,0010-12-20 11:30:00,10,12,20,11,30,380,33,,45.1845,5.40511,Plein jour,Hors agglomération,Hors intersection,Normale,Autre collision,,,,,,,,,,,1,1,1,1.0,6.0
201000019149,0010-02-24 05:30:00,10,2,24,5,30,350,208,,,,Nuit sans éclairage public,Hors agglomération,Hors intersection,Pluie légère,Autre collision,,,,,,,,,,,3,1,1,2.0,6.0
201000019150,0010-06-25 20:30:00,10,6,25,20,30,350,32,,,,Plein jour,Hors agglomération,Hors intersection,Normale,Sans collision,,,,,,,,,,,1,1,1,1.0,7.0
201000019151,0010-09-13 08:15:00,10,9,13,8,15,350,352,,,,Plein jour,Hors agglomération,Hors intersection,Temps éblouissant,Deux véhicules - côté,,,,,,,,,,,1,1,1,7.0,3.0
201000019152,0010-11-09 15:30:00,10,11,9,15,30,350,206,,48.05,-1.657,Plein jour,Hors agglomération,Hors intersection,Autre,Trois véhicules et plus - collisions multiples,,,,,,,,,,,1,1,1,9.0,5.0
201000019153,0010-01-23 19:00:00,10,1,23,19,0,640,147,,43.4479,-1.31762,Nuit sans éclairage public,Hors agglomération,Hors intersection,Normale,Trois véhicules et plus - collisions multiples,,,,,,,,,,,3,1,1,1.0,5.0
201000019154,0010-05-08 16:15:00,10,5,8,16,15,640,147,,43.4579,-1.29295,Plein jour,Hors agglomération,Hors intersection,Pluie forte,Autre collision,,,,,,,,,,,1,1,1,3.0,6.0
201000019155,0010-05-30 07:45:00,10,5,30,7,45,640,407,,43.4519,-1.38388,Plein jour,Hors agglomération,Hors intersection,Normale,Sans collision,,,,,,,,,,,1,1,1,1.0,7.0
201000019156,0010-02-24 12:45:00,10,2,24,12,45,670,465,PV,48.808,7.975,Plein jour,Hors agglomération,Hors intersection,Normale,Deux véhicules - côté,,,,,,,,,,,1,1,1,1.0,3.0
201000019157,0010-03-12 07:00:00,10,3,12,7,0,670,205,PV,48.683,7.779,Crépuscule ou aube,Hors agglomération,Hors intersection,Autre,Deux véhicules - côté,,,,,,,,,,,2,1,1,9.0,3.0
201000019158,0010-03-12 06:55:00,10,3,12,6,55,670,205,PV,48.683,7.78,Crépuscule ou aube,Hors agglomération,Hors intersection,Brouillard / fumée,Autre collision,,,,,,,,,,,2,1,1,5.0,6.0
201000019159,0010-03-29 05:55:00,10,3,29,5,55,670,106,PV,48.754,7.919,Nuit sans éclairage public,Hors agglomération,Hors intersection,Normale,Sans collision,,,,,,,,,,,3,1,1,1.0,7.0
201000019160,0010-06-14 12:50:00,10,6,14,12,50,670,156,"PV,SENS LAUTERBG-STRASBG",,,Plein jour,Hors agglomération,Hors intersection,Normale,Sans collision,,,,,,,,,,,1,1,1,1.0,7.0
201000019161,0010-06-28 07:00:00,10,6,28,7,0,670,465,"PV,SENS LAUTERBG-STRASBG",48.802,7.971,Plein jour,Hors agglomération,Hors intersection,Normale,Autre collision,,,,,,,,,,,1,1,1,1.0,6.0
201000019162,0010-07-11 13:05:00,10,7,11,13,5,670,151,"PV,SENS LAUTERBG/STRASBG",,,Plein jour,Hors agglomération,Hors intersection,Normale,Sans collision,,,,,,,,,,,1,1,1,1.0,7.0
201000019163,0010-07-18 19:45:00,10,7,18,19,45,670,405,"PV,SENS STRASBG-LAUTERBG",,,Plein jour,Hors agglomération,Hors intersection,Normale,Deux véhicules - arrière,,,,,,,,,,,1,1,1,1.0,2.0
201000019164,0010-08-01 15:00:00,10,8,1,15,0,670,205,"PV,SENS LAUTERBG-STRASBG",,,Plein jour,Hors agglomération,Hors intersection,Normale,Deux véhicules - arrière,,,,,,,,,,,1,1,1,1.0,2.0
201000019165,0010-08-03 17:10:00,10,8,3,17,10,670,465,"PV, SENS LAUTERBG-STRASB",,,Plein jour,Hors agglomération,Hors intersection,Normale,Sans collision,,,,,,,,,,,1,1,1,1.0,7.0
201000019166,0010-09-13 05:15:00,10,9,13,5,15,670,194,SPV,48.735,7.887,Crépuscule ou aube,Hors agglomération,Hors intersection,Normale,Autre collision,,,,,,,,,,,2,1,1,1.0,6.0
201000019167,0010-10-06 10:00:00,10,10,6,10,0,670,156,PV,48.679,7.755,Plein jour,Hors agglomération,Hors intersection,Normale,Trois véhicules et plus - en chaîne,,,,,,,,,,,1,1,1,1.0,4.0
201000019168,0010-11-22 07:00:00,10,11,22,7,0,670,205,"PV,SENS LAUTERBG-STRASBG",48.65,7.798,Crépuscule ou aube,Hors agglomération,Hors intersection,Pluie légère,Trois véhicules et plus - en chaîne,,,,,,,,,,,2,1,1,2.0,4.0
201000019169,0010-11-24 20:00:00,10,11,24,20,0,670,106,PV,48.756,7.921,Nuit sans éclairage public,Hors agglomération,Hors intersection,Normale,Deux véhicules - côté,,,,,,,,,,,3,1,1,1.0,3.0
201000019170,0010-12-10 05:00:00,10,12,10,5,0,670,237,,,,Nuit sans éclairage public,Hors agglomération,Hors intersection,Pluie forte,Autre collision,,,,,,,,,,,3,1,1,3.0,6.0
201000019171,0010-04-27 12:00:00,10,4,27,12,0,510,99,A26,,,Plein jour,Hors agglomération,Hors intersection,Normale,Autre collision,,,,,,,,,,,1,1,1,1.0,6.0
201000019172,0010-07-02 14:00:00,10,7,2,14,0,510,147,A4,,,Plein jour,Hors agglomération,Hors intersection,Temps éblouissant,Deux véhicules - arrière,,,,,,,,,,,1,1,1,7.0,2.0
201000019173,0010-07-30 15:00:00,10,7,30,15,0,510,203,A4,,,Plein jour,Hors agglomération,Hors intersection,Normale,Sans collision,,,,,,,,,,,1,1,1,1.0,7.0
201000019174,0010-09-25 21:30:00,10,9,25,21,30,620,397,RD215 pk40+700,,,Nuit avec éclairage non allumé,En agglomération,Hors intersection,Normale,Autre collision,,,,,,,,,,,4,2,1,1.0,6.0
201000019175,0010-10-04 19:45:00,10,10,4,19,45,620,334,,50.837,1.827,Nuit avec éclairage allumé,En agglomération,Hors intersection,Normale,Deux véhicules - côté,,,,,,,,,,,5,2,1,1.0,3.0
201000019176,0010-11-02 16:45:00,10,11,2,16,45,620,31,,,,Plein jour,Hors agglomération,Hors intersection,Normale,Deux véhicules - côté,,,,,,,,,,,1,1,1,1.0,3.0
201000019177,0010-11-21 07:15:00,10,11,21,7,15,620,397,rue Narcisse Boulanger,,,Nuit avec éclairage allumé,En agglomération,Hors intersection,Normale,Autre collision,,,,,,,,,,,5,2,1,1.0,6.0
201000019178,0010-01-07 17:15:00,10,1,7,17,15,110,69,ROCADE OUEST,,,Plein jour,Hors agglomération,Hors intersection,Normale,Deux véhicules - côté,,,,,,,,,,,1,1,1,1.0,3.0
201000019179,0010-01-12 19:15:00,10,1,12,19,15,110,69,BUFFON RUE A PARTIR DU 5,,,Nuit avec éclairage allumé,En agglomération,Hors intersection,Normale,Deux véhicules - côté,,,,,,,,,,,5,2,1,1.0,3.0
201000019180,0010-01-25 21:35:00,10,1,25,21,35,110,69,D 118,,,Nuit sans éclairage public,Hors agglomération,Intersection en T,Normale,Deux véhicules - frontale,,,,,,,,,,,3,1,3,1.0,1.0
201000019181,0010-01-02 19:35:00,10,1,2,19,35,110,69,ROCADE SUD RD 342,,,Nuit sans éclairage public,Hors agglomération,Hors intersection,Normale,Deux véhicules - côté,,,,,,,,,,,3,1,1,1.0,3.0
201000019182,0010-01-29 03:05:00,10,1,29,3,5,110,69,"4, SARRAUT OMER BR -PAIR",,,Nuit avec éclairage allumé,En agglomération,Hors intersection,Pluie légère,Autre collision,,,,,,,,,,,5,2,1,2.0,6.0
201000019183,0010-02-02 14:25:00,10,2,2,14,25,110,69,"41, LESPINASSE PIERRE-CH",,,Plein jour,En agglomération,Intersection en T,Normale,Deux véhicules - côté,,,,,,,,,,,1,2,3,1.0,3.0
201000019184,0010-02-05 18:08:00,10,2,5,18,8,110,69,SAINT HILAIRE -ROUTE DE-,,,Crépuscule ou aube,Hors agglomération,Intersection en T,Normale,Deux véhicules - frontale,,,,,,,,,,,2,1,3,1.0,1.0
201000019185,0010-02-07 07:02:00,10,2,7,7,2,110,69,"2, MUSSET ALFRED -ET IMP",,,Nuit avec éclairage allumé,En agglomération,Hors intersection,Normale,Autre collision,,,,,,,,,,,5,2,1,1.0,6.0
201000019186,0010-03-02 18:00:00,10,3,2,18,0,110,69,ROCADE SUD RD 342,,,Crépuscule ou aube,Hors agglomération,Hors intersection,Normale,Deux véhicules - frontale,,,,,,,,,,,2,1,1,1.0,1.0
201000019187,0010-01-04 19:13:00,10,1,4,19,13,110,69,"8, SABATIER PAUL -BD-",,,Nuit sans éclairage public,Hors agglomération,Hors intersection,Normale,Autre collision,,,,,,,,,,,3,1,1,1.0,6.0
201000019188,0010-03-28 07:15:00,10,3,28,7,15,110,69,LIMOUX - ROUTE DE-,,,Crépuscule ou aube,En agglomération,Hors intersection,Normale,Autre collision,,,,,,,,,,,2,2,1,1.0,6.0
201000019189,0010-04-06 18:00:00,10,4,6,18,0,110,69,"8, MOULIN JEAN -AVENUE-",,,Plein jour,En agglomération,Intersection en X,Normale,Deux véhicules - côté,,,,,,,,,,,1,2,2,1.0,3.0
201000019190,0010-04-13 19:08:00,10,4,13,19,8,110,69,LAVALETTE -ROUTE DE-,,,Crépuscule ou aube,Hors agglomération,Intersection en X,Normale,Deux véhicules - côté,,,,,,,,,,,2,1,2,1.0,3.0
201000019191,0010-01-06 18:33:00,10,1,6,18,33,110,69,ROUMENS COMMANDANT - IMP,,,Crépuscule ou aube,En agglomération,Hors intersection,Normale,Autre collision,,,,,,,,,,,2,2,1,1.0,6.0
201000019192,0010-04-30 15:45:00,10,4,30,15,45,110,69,"114, LECLERC AV. DU GENE",,,Plein jour,En agglomération,Hors intersection,Normale,Autre collision,,,,,,,,,,,1,2,1,1.0,6.0
201000019193,0010-05-22 15:00:00,10,5,22,15,0,110,69,"7, FABRE HENRI  -ET IMPA",,,Plein jour,En agglomération,Hors intersection,Normale,Autre collision,,,,,,,,,,,1,2,1,1.0,6.0
201000019194,0010-05-25 08:25:00,10,5,25,8,25,110,69,"28, JAURES JEAN -BD- PAI",,,Plein jour,En agglomération,Hors intersection,Normale,Deux véhicules - côté,,,,,,,,,,,1,2,1,1.0,3.0
201000019195,0010-06-12 19:54:00,10,6,12,19,54,110,69,ROCADE SUD RD 342,,,Plein jour,Hors agglomération,Hors intersection,Normale,Deux véhicules - côté,,,,,,,,,,,1,1,1,1.0,3.0
201000019196,0010-06-25 21:43:00,10,6,25,21,43,110,69,"121, LESPINASSE PIERRE-C",,,Crépuscule ou aube,En agglomération,Hors intersection,Normale,Deux véhicules - frontale,,,,,,,,,,,2,2,1,1.0,1.0
201000019197,0010-06-25 14:00:00,10,6,25,14,0,110,69,"6, MOULIN JEAN -AVENUE-",,,Plein jour,En agglomération,Hors intersection,Normale,Autre collision,,,,,,,,,,,1,2,1,1.0,6.0
201000019198,0010-07-15 00:18:00,10,7,15,0,18,110,69,R N 113 sens NARBONNE/TO,,,Nuit sans éclairage public,Hors agglomération,Hors intersection,Normale,Deux véhicules - côté,,,,,,,,,,,3,1,1,1.0,3.0
201000019199,0010-08-06 11:57:00,10,8,6,11,57,110,69,"27,  GOUT HENRI -AV. N°",,,Plein jour,En agglomération,Hors intersection,Normale,Autre collision,,,,,,,,,,,1,2,1,1.0,6.0
201000019200,0010-08-18 02:45:00,10,8,18,2,45,110,69,"87, VOLTAIRE",,,Nuit avec éclairage allumé,En agglomération,Intersection en X,Normale,Deux véhicules - côté,,,,,,,,,,,5,2,2,1.0,3.0
201000019201,0010-09-09 18:08:00,10,9,9,18,8,110,69,"46, LESPINASSE PIERRE CH",,,Crépuscule ou aube,En agglomération,Intersection en T,Normale,Deux véhicules - côté,,,,,,,,,,,2,2,3,1.0,3.0
201000019202,0010-09-10 17:08:00,10,9,10,17,8,110,69,"43, MARTY ANTOINE",,,Plein jour,En agglomération,Intersection en X,Normale,Deux véhicules - côté,,,,,,,,,,,1,2,2,1.0,3.0
201000019203,0010-09-10 17:30:00,10,9,10,17,30,110,69,ROCADE OUEST,,,Plein jour,Hors agglomération,Hors intersection,Normale,Deux véhicules - arrière,,,,,,,,,,,1,1,1,1.0,2.0
201000019204,0010-01-12 17:30:00,10,1,12,17,30,110,69,ROCADE OUEST,,,Plein jour,Hors agglomération,Hors intersection,Normale,Deux véhicules - arrière,,,,,,,,,,,1,1,1,1.0,2.0
201000019205,0010-09-25 18:39:00,10,9,25,18,39,110,69,"95, VERDUN",,,Plein jour,En agglomération,Hors intersection,Normale,Sans collision,,,,,,,,,,,1,2,1,1.0,7.0
201000019206,0010-09-20 15:52:00,10,9,20,15,52,110,69,"1, SAINT HILAIRE -ROUTE",,,Plein jour,Hors agglomération,Intersection en Y,Normale,Deux véhicules - côté,,,,,,,,,,,1,1,4,1.0,3.0
201000019207,0010-11-03 17:35:00,10,11,3,17,35,110,69,JOURDANE GASTON -PLACE-,,,Plein jour,En agglomération,Hors intersection,Normale,Autre collision,,,,,,,,,,,1,2,1,1.0,6.0
201000019208,0010-12-02 21:42:00,10,12,2,21,42,110,69,", GUILLE GEORGES -AVENUE",,,Nuit avec éclairage allumé,Hors agglomération,Hors intersection,Normale,Sans collision,,,,,,,,,,,5,1,1,1.0,7.0
201000019209,0010-12-12 21:41:00,10,12,12,21,41,110,69,MINERVOISE -ROUTE-,,,Nuit sans éclairage public,Hors agglomération,Hors intersection,Normale,Sans collision,,,,,,,,,,,3,1,1,1.0,7.0
201000019210,0010-12-17 07:45:00,10,12,17,7,45,110,69,"42, PAPIN DENIS -BD-",,,Nuit avec éclairage allumé,En agglomération,Hors intersection,Pluie légère,Deux véhicules - côté,,,,,,,,,,,5,2,1,2.0,3.0
201000019211,0010-12-17 04:30:00,10,12,17,4,30,110,69,"2, DE GAULLE -PLACE DU G",,,Nuit avec éclairage allumé,En agglomération,Hors intersection,Normale,Deux véhicules - arrière,,,,,,,,,,,5,2,1,1.0,2.0
201000019212,0010-01-15 13:46:00,10,1,15,13,46,110,69,BRAM -ROUTE DE-,,,Plein jour,Hors agglomération,Intersection en T,Normale,Trois véhicules et plus - collisions multiples,,,,,,,,,,,1,1,3,1.0,5.0
201000019213,0010-01-15 16:01:00,10,1,15,16,1,110,69,"3, JUIN MARECHAL",,,Plein jour,En agglomération,Hors intersection,Normale,Autre collision,,,,,,,,,,,1,2,1,1.0,6.0
201000019214,0010-01-24 21:55:00,10,1,24,21,55,110,69,SAINT HILAIRE -ROUTE DE-,,,Nuit sans éclairage public,Hors agglomération,Hors intersection,Normale,Sans collision,,,,,,,,,,,3,1,1,1.0,7.0