accident_id,datetime,annee,mois,jour,heure,minute,departement,commune_insee,adresse,latitude,longitude,luminosite,agglomeration,intersection,meteo,collision,nb_vehicules,nb_usagers,nb_indemnes,nb_tues,nb_blesses_hosp,nb_blesses_legers,age_cond_1,age_cond_2,veh_type_cond_1,veh_type_cond_2,lum_code,agg_code,int_code,atm_code,col_code
201000019215,0010-01-25 18:15:00,10,1,25,18,15,110,69,"4, LITTRE",,,Crépuscule ou aube,En agglomération,Hors intersection,Normale,Autre collision,,,,,,,,,,,2,2,1,1.0,6.0
201000019216,0010-01-26 13:00:00,10,1,26,13,0,110,69,"12, MUSSET ALFRED -ET IM",,,Plein jour,En agglomération,Hors intersection,Normale,Autre collision,,,,,,,,,,,1,2,1,1.0,6.0
201000019217,0010-01-27 11:20:00,10,1,27,11,20,110,69,"43, IENA -ALLEE D'- N° I",,,Plein jour,En agglomération,Intersection en X,Normale,Deux véhicules - arrière,,,,,,,,,,,1,2,2,1.0,2.0
201000019218,0010-02-01 15:52:00,10,2,1,15,52,110,69,D42,,,Plein jour,Hors agglomération,Hors intersection,Normale,Sans collision,,,,,,,,,,,1,1,1,1.0,7.0
201000019219,0010-02-02 08:45:00,10,2,2,8,45,110,69,"4, MUSSET ALFRED -ET IMP",,,Plein jour,En agglomération,Hors intersection,Neige / grêle,Sans collision,,,,,,,,,,,1,2,1,4.0,7.0
201000019220,0010-02-04 15:00:00,10,2,4,15,0,110,69,LIMOUX -ROUTE DE-,,,Plein jour,Hors agglomération,Hors intersection,Normale,Sans collision,,,,,,,,,,,1,1,1,1.0,7.0
201000019221,0010-02-06 20:59:00,10,2,6,20,59,110,69,MONTREAL -ROUTE DE -,,,Nuit sans éclairage public,Hors agglomération,Hors intersection,Normale,Sans collision,,,,,,,,,,,3,1,1,1.0,7.0
201000019222,0010-02-13 03:35:00,10,2,13,3,35,110,69,"45, SOUVENIR FRANCAIS -A",,,Nuit avec éclairage allumé,En agglomération,Hors intersection,Normale,Autre collision,,,,,,,,,,,5,2,1,1.0,6.0
201000019223,0010-02-14 21:30:00,10,2,14,21,30,110,69,"10, GOUT HENRI -AVENUE N",,,Nuit avec éclairage allumé,En agglomération,Hors intersection,Normale,Autre collision,,,,,,,,,,,5,2,1,1.0,6.0
201000019224,0010-02-16 17:30:00,10,2,16,17,30,110,69,"4, MARTY ANTOINE",,,Plein jour,En agglomération,Hors intersection,Normale,Deux véhicules - frontale,,,,,,,,,,,1,2,1,1.0,1.0
201000019225,0010-02-22 17:50:00,10,2,22,17,50,110,69,PAPIN DENIS -BD-,,,Plein jour,En agglomération,Hors intersection,Normale,Deux véhicules - arrière,,,,,,,,,,,1,2,1,1.0,2.0
201000019226,0010-02-23 09:43:00,10,2,23,9,43,110,69,"51, CROUZAT PHILIPPINE -",,,Plein jour,Hors agglomération,Hors intersection,Normale,Autre collision,,,,,,,,,,,1,1,1,1.0,6.0
201000019227,0010-02-26 19:22:00,10,2,26,19,22,110,69,MONTLEGUN -CHEMIN DE-,,,Nuit sans éclairage public,Hors agglomération,Hors intersection,Normale,Autre collision,,,,,,,,,,,3,1,1,1.0,6.0
201000019228,0010-02-28 18:13:00,10,2,28,18,13,110,69,"2, REPUBLIQUE",,,Crépuscule ou aube,En agglomération,Intersection en X,Pluie légère,Deux véhicules - côté,,,,,,,,,,,2,2,2,2.0,3.0
201000019229,0010-03-02 07:56:00,10,3,2,7,56,110,69,MINERVOISE -ROUTE-,,,Crépuscule ou aube,Hors agglomération,Hors intersection,Normale,Deux véhicules - arrière,,,,,,,,,,,2,1,1,1.0,2.0
201000019230,0010-03-04 16:50:00,10,3,4,16,50,110,69,"12, ACACIAS -BD-",,,Plein jour,En agglomération,Hors intersection,Normale,Sans collision,,,,,,,,,,,1,2,1,1.0,7.0
201000019231,0010-03-05 11:04:00,10,3,5,11,4,110,69,CHARLEMAGNE -ROND POINT,,,Plein jour,En agglomération,Hors intersection,Normale,Sans collision,,,,,,,,,,,1,2,1,1.0,7.0
201000019232,0010-03-22 14:30:00,10,3,22,14,30,110,69,ROCADE SUD RD 342,,,Plein jour,Hors agglomération,Hors intersection,Normale,Deux véhicules - côté,,,,,,,,,,,1,1,1,1.0,3.0
201000019233,0010-03-24 15:56:00,10,3,24,15,56,110,69,ROCADE SUD RD 342,,,Plein jour,Hors agglomération,Hors intersection,Normale,Sans collision,,,,,,,,,,,1,1,1,1.0,7.0
201000019234,0010-03-24 21:05:00,10,3,24,21,5,110,69,"91, ROUMENS COMMANDANT -",,,Nuit avec éclairage non allumé,En agglomération,Hors intersection,Normale,Sans collision,,,,,,,,,,,4,2,1,1.0,7.0
201000019235,0010-03-25 08:55:00,10,3,25,8,55,110,69,"5, COMTE AUGUSTE N° PAIR",,,Plein jour,En agglomération,Hors intersection,Normale,Deux véhicules - côté,,,,,,,,,,,1,2,1,1.0,3.0
201000019236,0010-03-25 20:42:00,10,3,25,20,42,110,69,"8, SAINT MARTIN -AVENUE-",,,Crépuscule ou aube,Hors agglomération,Hors intersection,Normale,Sans collision,,,,,,,,,,,2,1,1,1.0,7.0
201000019237,0010-03-26 16:30:00,10,3,26,16,30,110,69,"3, PAPIN",,,Plein jour,Hors agglomération,Hors intersection,Normale,Autre collision,,,,,,,,,,,1,1,1,1.0,6.0
201000019238,0010-03-30 13:55:00,10,3,30,13,55,110,69,"83, VERDUN",,,Plein jour,En agglomération,Hors intersection,Normale,Autre collision,,,,,,,,,,,1,2,1,1.0,6.0
201000019239,0010-03-31 17:45:00,10,3,31,17,45,110,69,"35, LECLERC AV. DU GENER",,,Plein jour,En agglomération,Hors intersection,Normale,Sans collision,,,,,,,,,,,1,2,1,1.0,7.0
201000019240,0010-04-01 15:30:00,10,4,1,15,30,110,69,D 118,,,Plein jour,Hors agglomération,Hors intersection,Normale,Autre collision,,,,,,,,,,,1,1,1,1.0,6.0
201000019241,0010-04-03 09:30:00,10,4,3,9,30,110,69,"65, BUNAU VARILLA -AV-",,,Plein jour,En agglomération,Hors intersection,Normale,Deux véhicules - arrière,,,,,,,,,,,1,2,1,1.0,2.0
201000019242,0010-04-03 17:38:00,10,4,3,17,38,110,69,D42,,,Plein jour,Hors agglomération,Hors intersection,Normale,Sans collision,,,,,,,,,,,1,1,1,1.0,7.0
201000019243,0010-04-06 17:56:00,10,4,6,17,56,110,69,FRANKLIN BENJAMIN,,,Plein jour,En agglomération,Hors intersection,Normale,Deux véhicules - côté,,,,,,,,,,,1,2,1,1.0,3.0
201000019244,0010-04-07 09:40:00,10,4,7,9,40,110,69,"10, GAMBETTA SQUARE -IMP",,,Plein jour,En agglomération,Hors intersection,Normale,Sans collision,,,,,,,,,,,1,2,1,1.0,7.0
201000019245,0010-04-07 13:17:00,10,4,7,13,17,110,69,RD33,,,Plein jour,Hors agglomération,Hors intersection,Normale,Deux véhicules - arrière,,,,,,,,,,,1,1,1,1.0,2.0
201000019246,0010-04-07 14:14:00,10,4,7,14,14,110,69,D 118,,,Plein jour,Hors agglomération,Hors intersection,Pluie légère,Deux véhicules - arrière,,,,,,,,,,,1,1,1,2.0,2.0
201000019247,0010-04-08 12:09:00,10,4,8,12,9,110,69,"4, SARRAUT OMER BR -PAIR",,,Plein jour,En agglomération,Hors intersection,Normale,Deux véhicules - côté,,,,,,,,,,,1,2,1,1.0,3.0
201000019248,0010-04-11 21:58:00,10,4,11,21,58,110,69,"68, IENA -ALLEE D'- N° P",,,Nuit avec éclairage non allumé,En agglomération,Hors intersection,Normale,Deux véhicules - arrière,,,,,,,,,,,4,2,1,1.0,2.0
201000019249,0010-04-12 22:00:00,10,4,12,22,0,110,69,"8, AVENIR -PONT-",,,Nuit sans éclairage public,En agglomération,Hors intersection,Normale,Sans collision,,,,,,,,,,,3,2,1,1.0,7.0
201000019250,0010-04-18 13:37:00,10,4,18,13,37,110,69,GUILLE GEORGES -AVENUE-,,,Plein jour,Hors agglomération,Hors intersection,Normale,Deux véhicules - côté,,,,,,,,,,,1,1,1,1.0,3.0
201000019251,0010-04-24 20:38:00,10,4,24,20,38,110,69,"12, MINERVOISE -ROUTE-",,,Nuit sans éclairage public,En agglomération,Intersection en X,Normale,Deux véhicules - côté,,,,,,,,,,,3,2,2,1.0,3.0
201000019252,0010-04-27 12:44:00,10,4,27,12,44,110,69,"8, GUILLE GEORGES -AVENU",,,Plein jour,Hors agglomération,Hors intersection,Normale,Deux véhicules - arrière,,,,,,,,,,,1,1,1,1.0,2.0
201000019253,0010-04-28 16:16:00,10,4,28,16,16,110,69,"5, CAVAYERE -ROUTE DE LA",,,Plein jour,Hors agglomération,Hors intersection,Normale,Deux véhicules - côté,,,,,,,,,,,1,1,1,1.0,3.0
201000019254,0010-04-28 18:46:00,10,4,28,18,46,110,69,LIMOUX -ROUTE DE-,,,Plein jour,Hors agglomération,Hors intersection,Normale,Deux véhicules - arrière,,,,,,,,,,,1,1,1,1.0,2.0
201000019255,0010-04-29 17:15:00,10,4,29,17,15,110,69,"8, BARA",,,Plein jour,En agglomération,Hors intersection,Normale,Deux véhicules - côté,,,,,,,,,,,1,2,1,1.0,3.0
201000019256,0010-05-03 12:20:00,10,5,3,12,20,110,69,MARTY ANTOINE,,,Plein jour,En agglomération,Hors intersection,Normale,Autre collision,,,,,,,,,,,1,2,1,1.0,6.0
201000019257,0010-05-03 17:37:00,10,5,3,17,37,110,69,D42,,,Plein jour,Hors agglomération,Hors intersection,Normale,Deux véhicules - arrière,,,,,,,,,,,1,1,1,1.0,2.0
201000019258,0010-05-04 11:26:00,10,5,4,11,26,110,69,CHEMIN DEPARTEMENTAL 48,,,Plein jour,Hors agglomération,Hors intersection,Normale,Sans collision,,,,,,,,,,,1,1,1,1.0,7.0
201000019259,0010-05-07 07:23:00,10,5,7,7,23,110,69,"43, LECLERC AV. DU GENER",,,Plein jour,Hors agglomération,Hors intersection,Normale,Deux véhicules - arrière,,,,,,,,,,,1,1,1,1.0,2.0
201000019260,0010-05-09 13:00:00,10,5,9,13,0,110,69,"8, JOURDANE GASTON -PLAC",,,Plein jour,En agglomération,Hors intersection,Normale,Deux véhicules - côté,,,,,,,,,,,1,2,1,1.0,3.0
201000019261,0010-05-10 14:21:00,10,5,10,14,21,110,69,"5, CURIE PIERRE",,,Plein jour,En agglomération,Hors intersection,Normale,Deux véhicules - arrière,,,,,,,,,,,1,2,1,1.0,2.0
201000019262,0010-05-10 15:12:00,10,5,10,15,12,110,69,ROCADE SUD RD 342,,,Plein jour,Hors agglomération,Hors intersection,Normale,Deux véhicules - côté,,,,,,,,,,,1,1,1,1.0,3.0
201000019263,0010-05-11 14:16:00,10,5,11,14,16,110,69,"R N 113, SENS TOULOUSE/",,,Plein jour,Hors agglomération,Hors intersection,Normale,Sans collision,,,,,,,,,,,1,1,1,1.0,7.0
201000019264,0010-05-19 04:35:00,10,5,19,4,35,110,69,"40, TOMEY ALBERT",,,Nuit avec éclairage non allumé,En agglomération,Hors intersection,Normale,Autre collision,,,,,,,,,,,4,2,1,1.0,6.0
201000019265,0010-05-23 23:27:00,10,5,23,23,27,110,69,"3, STRASBOURG",,,Nuit avec éclairage non allumé,En agglomération,Hors intersection,Normale,Deux véhicules - frontale,,,,,,,,,,,4,2,1,1.0,1.0
201000019266,0010-05-24 00:01:00,10,5,24,0,1,110,69,POMPIDOU GEORGES -ROND P,,,Nuit sans éclairage public,Hors agglomération,Hors intersection,Normale,Autre collision,,,,,,,,,,,3,1,1,1.0,6.0
201000019267,0010-05-26 12:00:00,10,5,26,12,0,110,69,"12, FRANKLIN BENJAMIN",,,Plein jour,En agglomération,Hors intersection,Normale,Deux véhicules - arrière,,,,,,,,,,,1,2,1,1.0,2.0
201000019268,0010-05-26 16:35:00,10,5,26,16,35,110,69,NARBONNE -ROUTE DE-,,,Plein jour,Hors agglomération,Hors intersection,Normale,Sans collision,,,,,,,,,,,1,1,1,1.0,7.0
201000019269,0010-05-27 11:40:00,10,5,27,11,40,110,69,"56, BUFFON RUE A PARTIR",,,Plein jour,En agglomération,Hors intersection,Normale,Autre collision,,,,,,,,,,,1,2,1,1.0,6.0
201000019270,0010-05-28 15:15:00,10,5,28,15,15,110,69,"198, LECLERC AV. DU GENE",,,Plein jour,En agglomération,Hors intersection,Normale,Sans collision,,,,,,,,,,,1,2,1,1.0,7.0
201000019271,0010-06-01 10:42:00,10,6,1,10,42,110,69,"2, VERDUN",,,Plein jour,En agglomération,Hors intersection,Normale,Autre collision,,,,,,,,,,,1,2,1,1.0,6.0
201000019272,0010-06-03 12:55:00,10,6,3,12,55,110,69,MONTREAL -ROUTE DE -,,,Plein jour,Hors agglomération,Hors intersection,Normale,Deux véhicules - côté,,,,,,,,,,,1,1,1,1.0,3.0
201000019273,0010-06-10 22:21:00,10,6,10,22,21,110,69,ROCADE SUD RD 342,,,Nuit sans éclairage public,Hors agglomération,Hors intersection,Normale,Deux véhicules - côté,,,,,,,,,,,3,1,1,1.0,3.0
201000019274,0010-06-12 10:10:00,10,6,12,10,10,110,69,"4, GOUT HENRI -AV. N° IM",,,Plein jour,En agglomération,Hors intersection,Normale,Deux véhicules - côté,,,,,,,,,,,1,2,1,1.0,3.0
201000019275,0010-06-12 16:30:00,10,6,12,16,30,110,69,"2, RODIN AUGUSTE",,,Plein jour,En agglomération,Hors intersection,Normale,Deux véhicules - arrière,,,,,,,,,,,1,2,1,1.0,2.0
201000019276,0010-06-15 07:40:00,10,6,15,7,40,110,69,"3, GUIRAUD ALEXANDRE",,,Plein jour,En agglomération,Hors intersection,Normale,Deux véhicules - côté,,,,,,,,,,,1,2,1,1.0,3.0
201000019277,0010-06-17 20:43:00,10,6,17,20,43,110,69,MONTREAL -ROUTE DE -,,,Plein jour,Hors agglomération,Hors intersection,Normale,Sans collision,,,,,,,,,,,1,1,1,1.0,7.0
201000019278,0010-06-25 14:58:00,10,6,25,14,58,110,69,"2, HUGO VICTOR",,,Plein jour,En agglomération,Hors intersection,Normale,Autre collision,,,,,,,,,,,1,2,1,1.0,6.0
201000019279,0010-06-25 19:56:00,10,6,25,19,56,110,69,"6, PAPIN DENIS -BD-",,,Plein jour,Hors agglomération,Hors intersection,Normale,Deux véhicules - côté,,,,,,,,,,,1,1,1,1.0,3.0
201000019280,0010-06-27 05:01:00,10,6,27,5,1,110,69,"1, POUBELLE PREFET",,,Nuit sans éclairage public,Hors agglomération,Hors intersection,Normale,Deux véhicules - frontale,,,,,,,,,,,3,1,1,1.0,1.0
201000019281,0010-06-29 18:55:00,10,6,29,18,55,110,69,"3, MARTIN DU GARD -ET AL",,,Plein jour,Hors agglomération,Hors intersection,Normale,Deux véhicules - frontale,,,,,,,,,,,1,1,1,1.0,1.0
201000019282,0010-06-30 00:11:00,10,6,30,0,11,110,69,"103, BARBES BD IMPAIR",,,Nuit avec éclairage allumé,En agglomération,Hors intersection,Normale,Sans collision,,,,,,,,,,,5,2,1,1.0,7.0
201000019283,0010-06-30 02:20:00,10,6,30,2,20,110,69,"53, IENA -ALLEE D'- N° I",,,Nuit avec éclairage allumé,En agglomération,Hors intersection,Normale,Sans collision,,,,,,,,,,,5,2,1,1.0,7.0
201000019284,0010-06-30 09:37:00,10,6,30,9,37,110,69,ROCADE OUEST,,,Plein jour,Hors agglomération,Hors intersection,Normale,Deux véhicules - côté,,,,,,,,,,,1,1,1,1.0,3.0
201000019285,0010-07-01 08:58:00,10,7,1,8,58,110,69,ROCADE SUD RD 342,,,Plein jour,Hors agglomération,Hors intersection,Normale,Deux véhicules - arrière,,,,,,,,,,,1,1,1,1.0,2.0
201000019286,0010-07-03 07:03:00,10,7,3,7,3,110,69,"10, MUSSET ALFRED -ET IM",,,Plein jour,En agglomération,Hors intersection,Normale,Sans collision,,,,,,,,,,,1,2,1,1.0,7.0
201000019287,0010-07-05 15:16:00,10,7,5,15,16,110,69,"3, MARTY ANTOINE",,,Plein jour,En agglomération,Hors intersection,Normale,Deux véhicules - arrière,,,,,,,,,,,1,2,1,1.0,2.0
201000019288,0010-07-07 11:20:00,10,7,7,11,20,110,69,"8, ROOSEVELT - PAIRS APR",,,Plein jour,Hors agglomération,Hors intersection,Normale,Sans collision,,,,,,,,,,,1,1,1,1.0,7.0
201000019289,0010-07-30 16:03:00,10,7,30,16,3,110,69,"5, CAZILHAC -IMPASSE DE",,,Plein jour,Hors agglomération,Hors intersection,Normale,Sans collision,,,,,,,,,,,1,1,1,1.0,7.0
201000019290,0010-07-08 21:58:00,10,7,8,21,58,110,69,"6, ROSEVELT -PAIRS JUSQU",,,Crépuscule ou aube,En agglomération,Hors intersection,Normale,Sans collision,,,,,,,,,,,2,2,1,1.0,7.0
201000019291,0010-07-09 18:09:00,10,7,9,18,9,110,69,"93, LECLERC AV. DU GENER",,,Plein jour,Hors agglomération,Hors intersection,Normale,Sans collision,,,,,,,,,,,1,1,1,1.0,7.0
201000019292,0010-07-10 14:09:00,10,7,10,14,9,110,69,"2, DUPLEIX JOSEPH FRANCO",,,Plein jour,Hors agglomération,Intersection en X,Pluie légère,Deux véhicules - côté,,,,,,,,,,,1,1,2,2.0,3.0
201000019293,0010-07-11 09:51:00,10,7,11,9,51,110,69,ROCADE SUD RD 342,,,Plein jour,Hors agglomération,Hors intersection,Normale,Sans collision,,,,,,,,,,,1,1,1,1.0,7.0
201000019294,0010-07-14 17:59:00,10,7,14,17,59,110,69,"4, SABATIER PAUL -BD-",,,Plein jour,En agglomération,Hors intersection,Normale,Sans collision,,,,,,,,,,,1,2,1,1.0,7.0
201000019295,0010-07-15 06:02:00,10,7,15,6,2,110,69,"15, REPUBLIQUE",,,Crépuscule ou aube,En agglomération,Hors intersection,Normale,Sans collision,,,,,,,,,,,2,2,1,1.0,7.0
201000019296,0010-07-18 18:31:00,10,7,18,18,31,110,69,"3, CAVAYERE -ROUTE DE LA",,,Plein jour,Hors agglomération,Hors intersection,Normale,Sans collision,,,,,,,,,,,1,1,1,1.0,7.0
201000019297,0010-07-19 08:34:00,10,7,19,8,34,110,69,ROCADE OUEST,,,Plein jour,Hors agglomération,Hors intersection,Normale,Deux véhicules - frontale,,,,,,,,,,,1,1,1,1.0,1.0
201000019298,0010-07-29 18:19:00,10,7,29,18,19,110,69,VENTO FARINO -CHEMIN-,,,Plein jour,Hors agglomération,Hors intersection,Normale,Deux véhicules - côté,,,,,,,,,,,1,1,1,1.0,3.0
201000019299,0010-07-30 19:48:00,10,7,30,19,48,110,69,POMPIDOU GEORGES -ROND P,,,Plein jour,En agglomération,Hors intersection,Normale,Sans collision,,,,,,,,,,,1,2,1,1.0,7.0
201000019300,0010-08-03 09:39:00,10,8,3,9,39,110,69,LECLERC AV. DU GENERAL I,,,Plein jour,En agglomération,Intersection en X,Normale,Deux véhicules - côté,,,,,,,,,,,1,2,2,1.0,3.0
201000019301,0010-08-04 14:08:00,10,8,4,14,8,110,69,TROISIEME RPIMA -AVENUE-,,,Plein jour,Hors agglomération,Hors intersection,Normale,Sans collision,,,,,,,,,,,1,1,1,1.0,7.0
201000019302,0010-08-10 16:22:00,10,8,10,16,22,110,69,"4, IENA -ALLEE D'- N° IM",,,Plein jour,En agglomération,Hors intersection,Normale,Autre collision,,,,,,,,,,,1,2,1,1.0,6.0
201000019303,0010-08-11 17:38:00,10,8,11,17,38,110,69,"16, GOUT HENRI -AV. N° I",,,Plein jour,En agglomération,Hors intersection,Normale,Deux véhicules - côté,,,,,,,,,,,1,2,1,1.0,3.0
201000019304,0010-08-14 15:30:00,10,8,14,15,30,110,69,"25, PERI GABRIEL",,,Plein jour,En agglomération,Intersection en X,Normale,Deux véhicules - côté,,,,,,,,,,,1,2,2,1.0,3.0
201000019305,0010-08-21 14:13:00,10,8,21,14,13,110,69,"35, IENA -ALLEE D'- N° I",,,Plein jour,En agglomération,Hors intersection,Normale,Deux véhicules - côté,,,,,,,,,,,1,2,1,1.0,3.0
201000019306,0010-08-27 16:51:00,10,8,27,16,51,110,69,"10, MAQUENS -CHEMIN DE-",,,Plein jour,En agglomération,Hors intersection,Normale,Deux véhicules - arrière,,,,,,,,,,,1,2,1,1.0,2.0
201000019307,0010-08-28 07:41:00,10,8,28,7,41,110,69,", MONTREAL -ROUTE DE -",,,Crépuscule ou aube,En agglomération,Hors intersection,Normale,Deux véhicules - arrière,,,,,,,,,,,2,2,1,1.0,2.0
201000019308,0010-08-31 16:14:00,10,8,31,16,14,110,69,"28, JAURES JEAN -BD- PAI",,,Plein jour,En agglomération,Hors intersection,Normale,Autre collision,,,,,,,,,,,1,2,1,1.0,6.0
201000019309,0010-09-04 06:32:00,10,9,4,6,32,110,69,"30, LACOMBE PAUL",,,Crépuscule ou aube,En agglomération,Hors intersection,Normale,Sans collision,,,,,,,,,,,2,2,1,1.0,7.0
201000019310,0010-09-14 11:15:00,10,9,14,11,15,110,69,"3, GAMBETTA SQUARE -PAIR",,,Plein jour,En agglomération,Hors intersection,Normale,Autre collision,,,,,,,,,,,1,2,1,1.0,6.0
201000019311,0010-09-17 17:03:00,10,9,17,17,3,110,69,LAVALETTE -ROUTE DE-,,,Plein jour,Hors agglomération,Hors intersection,Normale,Deux véhicules - côté,,,,,,,,,,,1,1,1,1.0,3.0
201000019312,0010-09-17 17:17:00,10,9,17,17,17,110,69,GUILLE GEORGES -AVENUE-,,,Plein jour,Hors agglomération,Hors intersection,Normale,Deux véhicules - côté,,,,,,,,,,,1,1,1,1.0,3.0
201000019313,0010-09-19 01:05:00,10,9,19,1,5,110,69,NARBONNE -ROUTE DE-,,,Nuit sans éclairage public,Hors agglomération,Hors intersection,Normale,Deux véhicules - arrière,,,,,,,,,,,3,1,1,1.0,2.0
201000019314,0010-09-24 13:04:00,10,9,24,13,4,110,69,CHEMIN DEPARTEMENTAL 48,,,Plein jour,Hors agglomération,Hors intersection,Normale,Sans collision,,,,,,,,,,,1,1,1,1.0,7.0
201000019315,0010-09-28 16:52:00,10,9,28,16,52,110,69,ROCADE OUEST,,,Plein jour,Hors agglomération,Hors intersection,Normale,Deux véhicules - arrière,,,,,,,,,,,1,1,1,1.0,2.0
201000019316,0010-10-04 16:30:00,10,10,4,16,30,110,69,"4, DUPLEIX JOSEPH FRANCO",,,Plein jour,Hors agglomération,Hors intersection,Normale,Deux véhicules - côté,,,,,,,,,,,1,1,1,1.0,3.0
201000019317,0010-10-07 17:52:00,10,10,7,17,52,110,69,ROCADE OUEST,,,Plein jour,Hors agglomération,Hors intersection,Normale,Deux véhicules - côté,,,,,,,,,,,1,1,1,1.0,3.0
201000019318,0010-10-08 14:24:00,10,10,8,14,24,110,69,"12, MARTY ANTOINE",,,Plein jour,En agglomération,Hors intersection,Normale,Deux véhicules - côté,,,,,,,,,,,1,2,1,1.0,3.0
201000019319,0010-10-10 20:41:00,10,10,10,20,41,110,69,ROCADE SUD RD 342,,,Nuit sans éclairage public,Hors agglomération,Hors intersection,Pluie forte,Deux véhicules - frontale,,,,,,,,,,,3,1,1,3.0,1.0
201000019320,0010-10-13 19:36:00,10,10,13,19,36,110,69,VERNE JULES -AVENUE-,,,Crépuscule ou aube,En agglomération,Intersection en X,Normale,Deux véhicules - côté,,,,,,,,,,,2,2,2,1.0,3.0
201000019321,0010-10-18 17:35:00,10,10,18,17,35,110,69,"2, VERDUN",,,Plein jour,En agglomération,Hors intersection,Normale,Deux véhicules - arrière,,,,,,,,,,,1,2,1,1.0,2.0
201000019322,0010-10-19 17:15:00,10,10,19,17,15,110,69,"4, MOULIN JEAN -AVENUE-",,,Plein jour,En agglomération,Hors intersection,Normale,Deux véhicules - côté,,,,,,,,,,,1,2,1,1.0,3.0
201000019323,0010-10-22 17:15:00,10,10,22,17,15,110,69,NARBONNE -ROUTE DE-,,,Plein jour,Hors agglomération,Hors intersection,Normale,Trois véhicules et plus - en chaîne,,,,,,,,,,,1,1,1,1.0,4.0
201000019324,0010-10-25 21:29:00,10,10,25,21,29,110,69,LAVALETTE -ROUTE DE-,,,Nuit sans éclairage public,Hors agglomération,Hors intersection,Normale,Sans collision,,,,,,,,,,,3,1,1,1.0,7.0
201000019325,0010-10-27 17:58:00,10,10,27,17,58,110,69,"32, GUILLE GEORGES -AVEN",,,Plein jour,Hors agglomération,Hors intersection,Normale,Sans collision,,,,,,,,,,,1,1,1,1.0,7.0
201000019326,0010-11-03 14:01:00,10,11,3,14,1,110,69,"4, BRINGER JEAN -ET IMPA",,,Plein jour,En agglomération,Hors intersection,Normale,Deux véhicules - côté,,,,,,,,,,,1,2,1,1.0,3.0
201000019327,0010-11-05 18:22:00,10,11,5,18,22,110,69,"2, SARRAUT OMER BD -IMPA",,,Nuit avec éclairage allumé,En agglomération,Hors intersection,Normale,Sans collision,,,,,,,,,,,5,2,1,1.0,7.0
201000019328,0010-11-13 14:08:00,10,11,13,14,8,110,69,"102, ROOSEVELT - PAIRS A",,,Plein jour,En agglomération,Hors intersection,Normale,Sans collision,,,,,,,,,,,1,2,1,1.0,7.0
201000019329,0010-11-19 15:36:00,10,11,19,15,36,110,69,"36, MARCOU -BD-",,,Plein jour,En agglomération,Hors intersection,Normale,Deux véhicules - côté,,,,,,,,,,,1,2,1,1.0,3.0
201000019330,0010-11-20 20:10:00,10,11,20,20,10,110,69,MADELEINE -CHEMIN DE LA,,,Nuit sans éclairage public,Hors agglomération,Hors intersection,Normale,Deux véhicules - côté,,,,,,,,,,,3,1,1,1.0,3.0
201000019331,0010-11-24 16:27:00,10,11,24,16,27,110,69,ROCADE OUEST,,,Plein jour,Hors agglomération,Hors intersection,Normale,Deux véhicules - arrière,,,,,,,,,,,1,1,1,1.0,2.0
201000019332,0010-11-25 17:46:00,10,11,25,17,46,110,69,"1428, BLUM NR IMPAIRS JU",,,Plein jour,En agglomération,Hors intersection,Normale,Autre collision,,,,,,,,,,,1,2,1,1.0,6.0
201000019333,0010-11-27 16:30:00,10,11,27,16,30,110,69,ROCADE OUEST,,,Plein jour,Hors agglomération,Hors intersection,Normale,Deux véhicules - côté,,,,,,,,,,,1,1,1,1.0,3.0
201000019334,0010-12-05 18:31:00,10,12,5,18,31,110,69,"2, CEDRES",,,Nuit avec éclairage allumé,En agglomération,Intersection en T,Normale,Deux véhicules - côté,,,,,,,,,,,5,2,3,1.0,3.0
201000019335,0010-12-07 08:06:00,10,12,7,8,6,110,69,RD 149,,,Crépuscule ou aube,Hors agglomération,Hors intersection,Normale,Sans collision,,,,,,,,,,,2,1,1,1.0,7.0
201000019336,0010-12-08 08:28:00,10,12,8,8,28,110,69,ROCADE SUD RD 342,,,Plein jour,Hors agglomération,Hors intersection,Normale,Autre collision,,,,,,,,,,,1,1,1,1.0,6.0
201000019337,0010-12-08 13:16:00,10,12,8,13,16,110,69,"16, JAURES JEAN -BD- PAI",,,Plein jour,En agglomération,Hors intersection,Normale,Autre collision,,,,,,,,,,,1,2,1,1.0,6.0
201000019338,0010-12-09 18:22:00,10,12,9,18,22,110,69,ROCADE SUD RD 342,,,Crépuscule ou aube,Hors agglomération,Hors intersection,Normale,Sans collision,,,,,,,,,,,2,1,1,1.0,7.0
201000019339,0010-12-11 01:47:00,10,12,11,1,47,110,69,"2, TOMEY ALBERT",,,Nuit avec éclairage allumé,En agglomération,Intersection en X,Normale,Deux véhicules - côté,,,,,,,,,,,5,2,2,1.0,3.0
201000019340,0010-12-11 17:59:00,10,12,11,17,59,110,69,MARTIN DU GARD -ET ALLEE,,,Crépuscule ou aube,Hors agglomération,Hors intersection,Normale,Deux véhicules - arrière,,,,,,,,,,,2,1,1,1.0,2.0
201000019341,0010-12-15 15:16:00,10,12,15,15,16,110,69,"4, MAQUENS -CHEMIN DE-",,,Plein jour,En agglomération,Hors intersection,Normale,Autre collision,,,,,,,,,,,1,2,1,1.0,6.0
201000019342,0010-12-21 13:32:00,10,12,21,13,32,110,69,"2, DUPLEIX JOSEPH FRANCO",,,Crépuscule ou aube,En agglomération,Intersection en T,Normale,Deux véhicules - côté,,,,,,,,,,,2,2,3,1.0,3.0
201000019343,0010-12-27 09:34:00,10,12,27,9,34,110,69,"37, ROOSEVELT -IMPAIRS A",,,Plein jour,En agglomération,Hors intersection,Normale,Deux véhicules - arrière,,,,,,,,,,,1,2,1,1.0,2.0
201000019344,0010-12-29 10:40:00,10,12,29,10,40,110,69,RD 149,,,Plein jour,Hors agglomération,Hors intersection,Normale,Sans collision,,,,,,,,,,,1,1,1,1.0,7.0