accident_id,datetime,annee,mois,jour,heure,minute,departement,commune_insee,adresse,latitude,longitude,luminosite,agglomeration,intersection,meteo,collision,nb_vehicules,nb_usagers,nb_indemnes,nb_tues,nb_blesses_hosp,nb_blesses_legers,age_cond_1,age_cond_2,veh_type_cond_1,veh_type_cond_2,lum_code,agg_code,int_code,atm_code,col_code
201000019473,0010-06-23 11:20:00,10,6,23,11,20,110,262,"1, CARNOT (AVENUE)",,,Plein jour,En agglomération,Intersection en X,Normale,Deux véhicules - côté,,,,,,,,,,,1,2,2,1.0,3.0
201000019474,0010-06-24 12:00:00,10,6,24,12,0,110,262,"1, LECLERC (AVENUE DU GE",,,Plein jour,En agglomération,Hors intersection,Normale,Trois véhicules et plus - en chaîne,,,,,,,,,,,1,2,1,1.0,4.0
201000019475,0010-06-24 14:20:00,10,6,24,14,20,110,262,"1, JAURES (RUE JEAN)",,,Plein jour,En agglomération,Hors intersection,Normale,Autre collision,,,,,,,,,,,1,2,1,1.0,6.0
201000019476,0010-06-24 18:10:00,10,6,24,18,10,110,262,"1, LACROIX (BOULEVARD DU",,,Plein jour,En agglomération,Hors intersection,Normale,Sans collision,,,,,,,,,,,1,2,1,1.0,7.0
201000019477,0010-07-01 14:00:00,10,7,1,14,0,110,262,"1, RN 009 NARBONNE / BEZ",,,Plein jour,En agglomération,Hors intersection,Normale,Sans collision,,,,,,,,,,,1,2,1,1.0,7.0
201000019478,0010-07-02 11:50:00,10,7,2,11,50,110,262,COURIER (RUE PAUL LOUIS),,,Plein jour,En agglomération,Intersection en X,Normale,Deux véhicules - côté,,,,,,,,,,,1,2,2,1.0,3.0
201000019479,0010-07-04 16:40:00,10,7,4,16,40,110,262,RN 009 NARBONNE /  PERPI,,,Plein jour,En agglomération,Hors intersection,Normale,Sans collision,,,,,,,,,,,1,2,1,1.0,7.0
201000019480,0010-07-09 12:00:00,10,7,9,12,0,110,262,POMPIDOR (AVENUE),,,Plein jour,En agglomération,Intersection en T,Normale,Deux véhicules - côté,,,,,,,,,,,1,2,3,1.0,3.0
201000019481,0010-07-09 16:15:00,10,7,9,16,15,110,262,KENNEDY (AVENUE DU PRESI,,,Plein jour,En agglomération,Hors intersection,Normale,Deux véhicules - arrière,,,,,,,,,,,1,2,1,1.0,2.0
201000019482,0010-07-11 14:05:00,10,7,11,14,5,110,262,KENNEDY (AVENUE DU PRESI,,,Plein jour,En agglomération,Intersection en X,Normale,Deux véhicules - côté,,,,,,,,,,,1,2,2,1.0,3.0
201000019483,0010-07-11 18:50:00,10,7,11,18,50,110,262,AOSTE (RUE D'),,,Plein jour,En agglomération,Hors intersection,Normale,Sans collision,,,,,,,,,,,1,2,1,1.0,7.0
201000019484,0010-07-15 13:20:00,10,7,15,13,20,110,262,FABRE (RUE D'EGLANTINE),,,Plein jour,En agglomération,Hors intersection,Normale,Deux véhicules - arrière,,,,,,,,,,,1,2,1,1.0,2.0
201000019485,0010-07-16 02:50:00,10,7,16,2,50,110,262,ESPAGNE (AVENUE D'),,,Nuit avec éclairage allumé,En agglomération,Hors intersection,Normale,Sans collision,,,,,,,,,,,5,2,1,1.0,7.0
201000019486,0010-07-20 08:00:00,10,7,20,8,0,110,262,LECLERC (AVENUE DU GENER,,,Plein jour,En agglomération,Hors intersection,Normale,Deux véhicules - arrière,,,,,,,,,,,1,2,1,1.0,2.0
201000019487,0010-07-20 22:30:00,10,7,20,22,30,110,262,CONDORCET (BOULEVARD),,,Nuit avec éclairage allumé,En agglomération,Hors intersection,Normale,Autre collision,,,,,,,,,,,5,2,1,1.0,6.0
201000019488,0010-07-22 17:20:00,10,7,22,17,20,110,262,FERROUL (BOULEVARD  DOCT,,,Plein jour,En agglomération,Intersection en X,Normale,Deux véhicules - côté,,,,,,,,,,,1,2,2,1.0,3.0
201000019489,0010-07-23 07:00:00,10,7,23,7,0,110,262,HIPPOLYTE (RUE DE SAINT),,,Plein jour,En agglomération,Hors intersection,Pluie légère,Sans collision,,,,,,,,,,,1,2,1,2.0,7.0
201000019490,0010-07-26 13:00:00,10,7,26,13,0,110,262,GRUISSAN (ROUTE DE),,,Plein jour,En agglomération,Hors intersection,Normale,Deux véhicules - côté,,,,,,,,,,,1,2,1,1.0,3.0
201000019491,0010-07-26 15:40:00,10,7,26,15,40,110,262,BLUM (SQUARE THERESE LEO,,,Plein jour,En agglomération,Intersection en X,Normale,Deux véhicules - côté,,,,,,,,,,,1,2,2,1.0,3.0
201000019492,0010-07-26 22:45:00,10,7,26,22,45,110,262,MAYOLLE (BOULEVARD DE LA,,,Nuit avec éclairage allumé,En agglomération,Hors intersection,Normale,Autre collision,,,,,,,,,,,5,2,1,1.0,6.0
201000019493,0010-07-27 11:25:00,10,7,27,11,25,110,262,Avenue d'Espagne,,,Plein jour,En agglomération,Hors intersection,Normale,Autre collision,,,,,,,,,,,1,2,1,1.0,6.0
201000019494,0010-07-30 08:50:00,10,7,30,8,50,110,262,ESCOUTE (PONT DE L'),,,Plein jour,En agglomération,Hors intersection,Normale,Autre collision,,,,,,,,,,,1,2,1,1.0,6.0
201000019495,0010-08-03 18:40:00,10,8,3,18,40,110,262,MISTRAL (BOULEVARD FREDE,,,Plein jour,En agglomération,Hors intersection,Normale,Trois véhicules et plus - en chaîne,,,,,,,,,,,1,2,1,1.0,4.0
201000019496,0010-08-08 19:40:00,10,8,8,19,40,110,262,GAMBETTA (BOULEVARD),,,Plein jour,En agglomération,Hors intersection,Normale,Autre collision,,,,,,,,,,,1,2,1,1.0,6.0
201000019497,0010-08-15 08:55:00,10,8,15,8,55,110,262,MARCORIGNAN (ROUTE DE),,,Plein jour,En agglomération,Giratoire,Normale,Deux véhicules - côté,,,,,,,,,,,1,2,6,1.0,3.0
201000019498,0010-08-24 07:43:00,10,8,24,7,43,110,262,1848 (BOULEVARD),,,Plein jour,En agglomération,Hors intersection,Normale,Deux véhicules - côté,,,,,,,,,,,1,2,1,1.0,3.0
201000019499,0010-08-26 21:00:00,10,8,26,21,0,110,262,CUXAC (ROUTE DE),,,Crépuscule ou aube,Hors agglomération,Hors intersection,Normale,Deux véhicules - côté,,,,,,,,,,,2,1,1,1.0,3.0
201000019500,0010-09-01 19:00:00,10,9,1,19,0,110,262,"1, COUBERTIN (AVENUE PIE",,,Plein jour,En agglomération,Hors intersection,Normale,Autre collision,,,,,,,,,,,1,2,1,1.0,6.0
201000019501,0010-09-09 15:40:00,10,9,9,15,40,110,262,RN 009 NARBONNE / BEZIER,,,Plein jour,En agglomération,Hors intersection,Normale,Deux véhicules - frontale,,,,,,,,,,,1,2,1,1.0,1.0
201000019502,0010-09-14 18:45:00,10,9,14,18,45,110,262,BORDEAUX (AVENUE DE),,,Plein jour,En agglomération,Intersection en X,Normale,Deux véhicules - côté,,,,,,,,,,,1,2,2,1.0,3.0
201000019503,0010-09-15 11:05:00,10,9,15,11,5,110,262,FRANCE (AVENUE ANATOLE),,,Plein jour,En agglomération,Hors intersection,Normale,Autre collision,,,,,,,,,,,1,2,1,1.0,6.0
201000019504,0010-09-22 08:20:00,10,9,22,8,20,110,262,"22, LACROIX (BOULEVARD D",,,Plein jour,En agglomération,Hors intersection,Normale,Autre collision,,,,,,,,,,,1,2,1,1.0,6.0
201000019505,0010-09-22 15:10:00,10,9,22,15,10,110,262,LACROIX (BOULEVARD DU DO,,,Plein jour,En agglomération,Hors intersection,Normale,Deux véhicules - arrière,,,,,,,,,,,1,2,1,1.0,2.0
201000019506,0010-09-23 11:40:00,10,9,23,11,40,110,262,SOURCE (AVENUE DE ST JEA,,,Plein jour,En agglomération,Hors intersection,Normale,Autre collision,,,,,,,,,,,1,2,1,1.0,6.0
201000019507,0010-09-23 15:40:00,10,9,23,15,40,110,262,FERROUL (BOULEVARD DU DO,,,Plein jour,En agglomération,Intersection en X,Normale,Deux véhicules - côté,,,,,,,,,,,1,2,2,1.0,3.0
201000019508,0010-09-26 15:05:00,10,9,26,15,5,110,262,ORBIEU (RUE DE L'),,,Plein jour,En agglomération,Hors intersection,Normale,Sans collision,,,,,,,,,,,1,2,1,1.0,7.0
201000019509,0010-10-03 00:40:00,10,10,3,0,40,110,262,MARCHANDS (RUE DU PONT D,,,Nuit avec éclairage allumé,En agglomération,Hors intersection,Normale,Sans collision,,,,,,,,,,,5,2,1,1.0,7.0
201000019510,0010-10-07 16:35:00,10,10,7,16,35,110,262,PLAGES (CARREFOUR DES),,,Plein jour,En agglomération,Hors intersection,Vent fort / tempête,Autre collision,,,,,,,,,,,1,2,1,6.0,6.0
201000019511,0010-10-05 08:45:00,10,10,5,8,45,110,262,"05, TRENET (RUE CHARLES)",,,Plein jour,En agglomération,Hors intersection,Normale,Deux véhicules - arrière,,,,,,,,,,,1,2,1,1.0,2.0
201000019512,0010-10-07 11:10:00,10,10,7,11,10,110,262,GRUISSAN (ROUTE DE),,,Plein jour,En agglomération,Giratoire,Normale,Deux véhicules - côté,,,,,,,,,,,1,2,6,1.0,3.0
201000019513,0010-10-07 11:45:00,10,10,7,11,45,110,262,CUXAC (ROUTE DE),,,Plein jour,Hors agglomération,Hors intersection,Normale,Deux véhicules - arrière,,,,,,,,,,,1,1,1,1.0,2.0
201000019514,0010-10-13 15:30:00,10,10,13,15,30,110,262,CHANZY (RUE),,,Plein jour,En agglomération,Intersection en X,Normale,Deux véhicules - côté,,,,,,,,,,,1,2,2,1.0,3.0
201000019515,0010-10-14 19:40:00,10,10,14,19,40,110,262,CARNOT (AVENUE),,,Nuit avec éclairage allumé,En agglomération,Intersection en T,Normale,Deux véhicules - côté,,,,,,,,,,,5,2,3,1.0,3.0
201000019516,0010-10-14 22:50:00,10,10,14,22,50,110,262,ESCOUTE (PONT DE L'),,,Nuit avec éclairage allumé,En agglomération,Intersection en T,Normale,Deux véhicules - côté,,,,,,,,,,,5,2,3,1.0,3.0
201000019517,0010-10-16 09:25:00,10,10,16,9,25,110,262,JAURES (RUE JEAN),,,Plein jour,En agglomération,Hors intersection,Normale,Autre collision,,,,,,,,,,,1,2,1,1.0,6.0
201000019518,0010-10-21 13:55:00,10,10,21,13,55,110,262,LECLERC (AVENUE DU GENER,,,Plein jour,En agglomération,Hors intersection,Normale,Deux véhicules - arrière,,,,,,,,,,,1,2,1,1.0,2.0
201000019519,0010-10-21 14:30:00,10,10,21,14,30,110,262,RN 009 NARBONNE /  PERPI,,,Plein jour,Hors agglomération,Hors intersection,Normale,Trois véhicules et plus - en chaîne,,,,,,,,,,,1,1,1,1.0,4.0
201000019520,0010-10-25 14:25:00,10,10,25,14,25,110,262,MISTRAL (BOULEVARD FREDE,,,Plein jour,En agglomération,Hors intersection,Normale,Sans collision,,,,,,,,,,,1,2,1,1.0,7.0
201000019521,0010-11-05 11:00:00,10,11,5,11,0,110,262,MARTRE (RUE DE LA),,,Plein jour,En agglomération,Hors intersection,Normale,Deux véhicules - côté,,,,,,,,,,,1,2,1,1.0,3.0
201000019522,0010-11-08 17:10:00,10,11,8,17,10,110,262,CARNOT (AVENUE),,,Plein jour,Hors agglomération,Hors intersection,Pluie légère,Sans collision,,,,,,,,,,,1,1,1,2.0,7.0
201000019523,0010-11-17 07:55:00,10,11,17,7,55,110,262,,,,Plein jour,En agglomération,Intersection en X,Normale,Deux véhicules - côté,,,,,,,,,,,1,2,2,1.0,3.0
201000019524,0010-11-18 07:45:00,10,11,18,7,45,110,262,CHAUX (RUE DES FOURS A),,,Crépuscule ou aube,En agglomération,Hors intersection,Normale,Sans collision,,,,,,,,,,,2,2,1,1.0,7.0
201000019525,0010-11-19 09:00:00,10,11,19,9,0,110,262,MISTRAL (BOULEVARD FREDE,,,Plein jour,En agglomération,Hors intersection,Normale,Deux véhicules - côté,,,,,,,,,,,1,2,1,1.0,3.0
201000019526,0010-11-20 17:00:00,10,11,20,17,0,110,262,LECLERC (AVENUE DU GENER,,,Crépuscule ou aube,En agglomération,Intersection en T,Normale,Deux véhicules - côté,,,,,,,,,,,2,2,3,1.0,3.0
201000019527,0010-11-22 08:35:00,10,11,22,8,35,110,262,BIMAR (RUE GUILLAUME),,,Plein jour,En agglomération,Intersection en X,Normale,Deux véhicules - côté,,,,,,,,,,,1,2,2,1.0,3.0
201000019528,0010-11-29 12:35:00,10,11,29,12,35,110,262,DOMITIUS (AVENUE),,,Plein jour,En agglomération,Giratoire,Normale,Sans collision,,,,,,,,,,,1,2,6,1.0,7.0
201000019529,0010-12-01 07:50:00,10,12,1,7,50,110,262,COUPE (CARREFOUR DE LA),,,Plein jour,Hors agglomération,Hors intersection,Normale,Sans collision,,,,,,,,,,,1,1,1,1.0,7.0
201000019530,0010-12-01 16:35:00,10,12,1,16,35,110,262,BRUXELLES (RUE DE),,,Plein jour,En agglomération,Intersection en X,Normale,Deux véhicules - côté,,,,,,,,,,,1,2,2,1.0,3.0
201000019531,0010-12-09 13:45:00,10,12,9,13,45,110,262,KENNEDY (AVENUE DU PRESI,,,Plein jour,En agglomération,Hors intersection,Normale,Autre collision,,,,,,,,,,,1,2,1,1.0,6.0
201000019532,0010-12-14 16:10:00,10,12,14,16,10,110,262,CAMP (AVENUE JEAN),,,Plein jour,En agglomération,Hors intersection,Normale,Autre collision,,,,,,,,,,,1,2,1,1.0,6.0
201000019533,0010-12-20 09:50:00,10,12,20,9,50,110,262,FERROUL (BOULEVARD  DOCT,,,Plein jour,En agglomération,Hors intersection,Normale,Autre collision,,,,,,,,,,,1,2,1,1.0,6.0
201000019534,0010-12-21 19:20:00,10,12,21,19,20,110,262,ALSACE (QUAI),,,Plein jour,En agglomération,Hors intersection,Temps couvert,Trois véhicules et plus - collisions multiples,,,,,,,,,,,1,2,1,8.0,5.0
201000019535,0010-12-22 23:55:00,10,12,22,23,55,110,262,LIBERTE (PONT DE LA),,,Nuit avec éclairage allumé,En agglomération,Hors intersection,Normale,Autre collision,,,,,,,,,,,5,2,1,1.0,6.0
201000019536,0010-02-09 08:15:00,10,2,9,8,15,600,652,,,,Plein jour,Hors agglomération,Hors intersection,Temps couvert,Autre collision,,,,,,,,,,,1,1,1,8.0,6.0
201000019537,0010-04-25 18:00:00,10,4,25,18,0,600,299,,,,Plein jour,Hors agglomération,Hors intersection,Normale,Autre collision,,,,,,,,,,,1,1,1,1.0,6.0
201000019538,0010-05-02 17:30:00,10,5,2,17,30,600,30,,,,Plein jour,Hors agglomération,Hors intersection,Normale,Deux véhicules - arrière,,,,,,,,,,,1,1,1,1.0,2.0
201000019539,0010-05-10 09:15:00,10,5,10,9,15,600,639,,,,Plein jour,Hors agglomération,Hors intersection,Normale,Deux véhicules - côté,,,,,,,,,,,1,1,1,1.0,3.0
201000019540,0010-12-28 07:30:00,10,12,28,7,30,600,652,,,,Crépuscule ou aube,Hors agglomération,Hors intersection,Autre,Deux véhicules - arrière,,,,,,,,,,,2,1,1,9.0,2.0
201000019541,0010-03-01 14:30:00,10,3,1,14,30,890,172,,48.24,3.382,Plein jour,Hors agglomération,Hors intersection,Normale,Sans collision,,,,,,,,,,,1,1,1,1.0,7.0
201000019542,0010-04-06 07:30:00,10,4,6,7,30,890,274,,,,Plein jour,Hors agglomération,Hors intersection,Normale,Deux véhicules - arrière,,,,,,,,,,,1,1,1,1.0,2.0
201000019543,0010-04-18 19:15:00,10,4,18,19,15,890,189,,,,Plein jour,Hors agglomération,Hors intersection,Normale,Deux véhicules - côté,,,,,,,,,,,1,1,1,1.0,3.0
201000019544,0010-06-19 10:00:00,10,6,19,10,0,890,255,,,,Plein jour,Hors agglomération,Hors intersection,Normale,Sans collision,,,,,,,,,,,1,1,1,1.0,7.0
201000019545,0010-01-17 01:45:00,10,1,17,1,45,130,91,,43.6305,5.28678,Nuit sans éclairage public,Hors agglomération,Hors intersection,Pluie légère,Autre collision,,,,,,,,,,,3,1,1,2.0,6.0
201000019546,0010-01-27 15:15:00,10,1,27,15,15,130,91,PLACE DE LA RÉPUBLIQUE,43.6233,5.29541,Plein jour,En agglomération,Hors intersection,Normale,Autre collision,,,,,,,,,,,1,2,1,1.0,6.0
201000019547,0010-03-04 12:00:00,10,3,4,12,0,130,50,,43.6414,5.27769,Plein jour,Hors agglomération,Intersection en X,Normale,Trois véhicules et plus - collisions multiples,,,,,,,,,,,1,1,2,1.0,5.0
201000019548,0010-04-09 13:15:00,10,4,9,13,15,130,91,,43.6173,5.3112,Plein jour,Hors agglomération,Hors intersection,Normale,Deux véhicules - arrière,,,,,,,,,,,1,1,1,1.0,2.0
201000019549,0010-06-07 18:30:00,10,6,7,18,30,130,91,,43.6222,5.35287,Plein jour,Hors agglomération,Hors intersection,Normale,Sans collision,,,,,,,,,,,1,1,1,1.0,7.0
201000019550,0010-09-05 08:00:00,10,9,5,8,0,130,50,,43.6193,5.2504,Plein jour,Hors agglomération,Hors intersection,Normale,Autre collision,,,,,,,,,,,1,1,1,1.0,6.0
201000019551,0010-09-25 18:45:00,10,9,25,18,45,130,91,,43.6207,5.35441,Plein jour,Hors agglomération,Hors intersection,Normale,Deux véhicules - côté,,,,,,,,,,,1,1,1,1.0,3.0
201000019552,0010-09-28 17:00:00,10,9,28,17,0,130,50,AVENUE DU 8 MAI 1945,43.6491,5.2641,Plein jour,En agglomération,Hors intersection,Normale,Trois véhicules et plus - collisions multiples,,,,,,,,,,,1,2,1,1.0,5.0
201000019553,0010-10-04 08:00:00,10,10,4,8,0,130,91,AVENUE HENRI BARBUSSE,43.6294,5.2881,Plein jour,En agglomération,Hors intersection,Normale,Trois véhicules et plus - collisions multiples,,,,,,,,,,,1,2,1,1.0,5.0
201000019554,0010-03-28 13:15:00,10,3,28,13,15,850,261,,,,Plein jour,Hors agglomération,Hors intersection,Temps couvert,Sans collision,,,,,,,,,,,1,1,1,8.0,7.0
201000019555,0010-05-24 14:45:00,10,5,24,14,45,850,9,A83 sens Nantes/Niort,,,Plein jour,Hors agglomération,Hors intersection,Normale,Sans collision,,,,,,,,,,,1,1,1,1.0,7.0
201000019556,0010-08-06 16:45:00,10,8,6,16,45,850,92,sens Niort Nantes,,,Plein jour,Hors agglomération,Hors intersection,Normale,Deux véhicules - arrière,,,,,,,,,,,1,1,1,1.0,2.0
201000019557,0010-08-24 19:15:00,10,8,24,19,15,850,261,sens Niort Nantes,,,Plein jour,Hors agglomération,Hors intersection,Normale,Sans collision,,,,,,,,,,,1,1,1,1.0,7.0
201000019558,0010-01-29 21:45:00,10,1,29,21,45,310,399,,,,Nuit sans éclairage public,Hors agglomération,Hors intersection,Pluie forte,Sans collision,,,,,,,,,,,3,1,1,3.0,7.0
201000019559,0010-02-19 19:15:00,10,2,19,19,15,760,684,,,,Nuit sans éclairage public,Hors agglomération,Hors intersection,Normale,Autre collision,,,,,,,,,,,3,1,1,1.0,6.0
201000019560,0010-03-21 15:00:00,10,3,21,15,0,760,250,A29,,,Plein jour,Hors agglomération,Hors intersection,Normale,Autre collision,,,,,,,,,,,1,1,1,1.0,6.0
201000019561,0010-04-22 11:45:00,10,4,22,11,45,760,660,,,,Plein jour,Hors agglomération,Autre intersection,Temps éblouissant,Deux véhicules - côté,,,,,,,,,,,1,1,9,7.0,3.0
201000019562,0010-07-19 11:15:00,10,7,19,11,15,760,533,,,,Plein jour,Hors agglomération,Hors intersection,Normale,Deux véhicules - frontale,,,,,,,,,,,1,1,1,1.0,1.0
201000019563,0010-09-10 17:00:00,10,9,10,17,0,760,657,,,,Plein jour,Hors agglomération,Autre intersection,Normale,Autre collision,,,,,,,,,,,1,1,9,1.0,6.0
201000019564,0010-10-07 03:00:00,10,10,7,3,0,760,533,,,,Nuit sans éclairage public,Hors agglomération,Hors intersection,Normale,Autre collision,,,,,,,,,,,3,1,1,1.0,6.0
201000019565,0010-11-24 04:30:00,10,11,24,4,30,760,305,,,,Nuit avec éclairage non allumé,Hors agglomération,Hors intersection,Normale,Autre collision,,,,,,,,,,,4,1,1,1.0,6.0
201000019566,0010-01-01 07:15:00,10,1,1,7,15,760,611,,,,Nuit sans éclairage public,Hors agglomération,Hors intersection,Normale,Autre collision,,,,,,,,,,,3,1,1,1.0,6.0
201000019567,0010-02-21 07:30:00,10,2,21,7,30,760,66,,,,Crépuscule ou aube,Hors agglomération,Hors intersection,Pluie légère,Autre collision,,,,,,,,,,,2,1,1,2.0,6.0
201000019568,0010-10-20 07:15:00,10,10,20,7,15,760,729,,,,Crépuscule ou aube,Hors agglomération,Hors intersection,Normale,Autre collision,,,,,,,,,,,2,1,1,1.0,6.0
201000019569,0010-03-24 17:45:00,10,3,24,17,45,310,147,,43.111,0.619,Plein jour,Hors agglomération,Hors intersection,Normale,Autre collision,,,,,,,,,,,1,1,1,1.0,6.0
201000019570,0010-05-27 10:30:00,10,5,27,10,30,310,296,,43.125,0.897,Plein jour,Hors agglomération,Hors intersection,Normale,Deux véhicules - arrière,,,,,,,,,,,1,1,1,1.0,2.0
201000019571,0010-07-07 10:15:00,10,7,7,10,15,310,31,A64 PK 191.600,43.098,0.547,Plein jour,Hors agglomération,Hors intersection,Normale,Deux véhicules - arrière,,,,,,,,,,,1,1,1,1.0,2.0
201000019572,0010-10-25 09:45:00,10,10,25,9,45,310,457,,,,Plein jour,Hors agglomération,Hors intersection,Temps couvert,Autre collision,,,,,,,,,,,1,1,1,8.0,6.0
201000019573,0010-10-27 15:15:00,10,10,27,15,15,310,324,,,,Plein jour,Hors agglomération,Hors intersection,Normale,Autre collision,,,,,,,,,,,1,1,1,1.0,6.0
201000019574,0010-02-10 16:00:00,10,2,10,16,0,490,2,,47.2793,0.0302,Plein jour,Hors agglomération,Hors intersection,Neige / grêle,Autre collision,,,,,,,,,,,1,1,1,4.0,6.0
201000019575,0010-04-02 20:30:00,10,4,2,20,30,490,378,,47.3192,-0.03536,Crépuscule ou aube,Hors agglomération,Hors intersection,Temps couvert,Sans collision,,,,,,,,,,,2,1,1,8.0,7.0
201000019576,0010-04-17 20:15:00,10,4,17,20,15,490,185,,47.5204,-0.30673,Plein jour,Hors agglomération,Hors intersection,Normale,Deux véhicules - côté,,,,,,,,,,,1,1,1,1.0,3.0
201000019577,0010-05-21 13:45:00,10,5,21,13,45,490,280,,47.483,-0.21651,Plein jour,Hors agglomération,Hors intersection,Normale,Autre collision,,,,,,,,,,,1,1,1,1.0,6.0
201000019578,0010-06-08 16:00:00,10,6,8,16,0,370,228,,,,Plein jour,Hors agglomération,Hors intersection,Normale,Autre collision,,,,,,,,,,,1,1,1,1.0,6.0
201000019579,0010-06-21 08:30:00,10,6,21,8,30,490,194,,47.4852,-0.23621,Plein jour,Hors agglomération,Hors intersection,Normale,Deux véhicules - frontale,,,,,,,,,,,1,1,1,1.0,1.0
201000019580,0010-07-11 16:45:00,10,7,11,16,45,490,19,,47.5307,-0.31701,Plein jour,Hors agglomération,Hors intersection,Normale,Autre collision,,,,,,,,,,,1,1,1,1.0,6.0
201000019581,0010-07-18 10:00:00,10,7,18,10,0,370,228,,47.2737,0.10561,Plein jour,Hors agglomération,Hors intersection,Normale,Sans collision,,,,,,,,,,,1,1,1,1.0,7.0
201000019582,0010-10-23 12:00:00,10,10,23,12,0,490,2,,47.2866,0.00597,Plein jour,Hors agglomération,Hors intersection,Temps couvert,Autre collision,,,,,,,,,,,1,1,1,8.0,6.0
201000019583,0010-01-23 17:15:00,10,1,23,17,15,740,240,,,,Plein jour,Hors agglomération,Hors intersection,Normale,Sans collision,,,,,,,,,,,1,1,1,1.0,7.0
201000019584,0010-03-19 05:45:00,10,3,19,5,45,740,311,,,,Nuit sans éclairage public,Hors agglomération,Hors intersection,Normale,Sans collision,,,,,,,,,,,3,1,1,1.0,7.0
201000019585,0010-03-27 20:30:00,10,3,27,20,30,740,164,398 av. du vieux pont,46.096,6.507,Nuit avec éclairage allumé,En agglomération,Hors intersection,Pluie forte,Autre collision,,,,,,,,,,,5,2,1,3.0,6.0
201000019586,0010-05-10 17:15:00,10,5,10,17,15,740,164,,,,Plein jour,Hors agglomération,Hors intersection,Pluie légère,Deux véhicules - frontale,,,,,,,,,,,1,1,1,2.0,1.0
201000019587,0010-06-04 07:00:00,10,6,4,7,0,740,312,,,,Plein jour,Hors agglomération,Hors intersection,Normale,Deux véhicules - côté,,,,,,,,,,,1,1,1,1.0,3.0
201000019588,0010-06-30 22:30:00,10,6,30,22,30,740,284,Chez Millet,,,Nuit avec éclairage allumé,En agglomération,Hors intersection,Normale,Autre collision,,,,,,,,,,,5,2,1,1.0,6.0
201000019589,0010-11-19 11:15:00,10,11,19,11,15,740,278,1026 avenue Louis Coppel,,,Plein jour,En agglomération,Hors intersection,Normale,Deux véhicules - frontale,,,,,,,,,,,1,2,1,1.0,1.0
201000019590,0010-12-06 22:30:00,10,12,6,22,30,740,311,,,,Nuit sans éclairage public,Hors agglomération,Hors intersection,Brouillard / fumée,Deux véhicules - frontale,,,,,,,,,,,3,1,1,5.0,1.0
201000019591,0010-04-03 03:00:00,10,4,3,3,0,800,100,,,,Nuit sans éclairage public,Hors agglomération,Hors intersection,Normale,Sans collision,,,,,,,,,,,3,1,1,1.0,7.0
201000019592,0010-06-06 18:00:00,10,6,6,18,0,800,157,,,,Plein jour,Hors agglomération,Hors intersection,Normale,Autre collision,,,,,,,,,,,1,1,1,1.0,6.0
201000019593,0010-07-05 12:15:00,10,7,5,12,15,800,724,,,,Plein jour,Hors agglomération,Hors intersection,Normale,Trois véhicules et plus - en chaîne,,,,,,,,,,,1,1,1,1.0,4.0
201000019594,0010-08-03 01:45:00,10,8,3,1,45,800,799,,,,Nuit sans éclairage public,Hors agglomération,Hors intersection,Normale,Deux véhicules - arrière,,,,,,,,,,,3,1,1,1.0,2.0
201000019595,0010-08-06 16:15:00,10,8,6,16,15,800,725,,,,Plein jour,Hors agglomération,Autre intersection,Normale,Sans collision,,,,,,,,,,,1,1,9,1.0,7.0
201000019596,0010-08-07 17:15:00,10,8,7,17,15,800,131,,,,Plein jour,Hors agglomération,Hors intersection,Normale,Trois véhicules et plus - en chaîne,,,,,,,,,,,1,1,1,1.0,4.0
201000019597,0010-08-19 16:00:00,10,8,19,16,0,800,24,,,,Plein jour,Hors agglomération,Hors intersection,Normale,Sans collision,,,,,,,,,,,1,1,1,1.0,7.0
201000019598,0010-01-02 11:00:00,10,1,2,11,0,800,171,,,,Plein jour,Hors agglomération,Hors intersection,Neige / grêle,Autre collision,,,,,,,,,,,1,1,1,4.0,6.0
201000019599,0010-02-14 17:30:00,10,2,14,17,30,800,1,,,,Plein jour,Hors agglomération,Hors intersection,Normale,Autre collision,,,,,,,,,,,1,1,1,1.0,6.0
201000019600,0010-04-10 11:30:00,10,4,10,11,30,800,692,,,,Plein jour,Hors agglomération,Hors intersection,Normale,Autre collision,,,,,,,,,,,1,1,1,1.0,6.0
201000019601,0010-04-10 18:00:00,10,4,10,18,0,800,87,,,,Plein jour,Hors agglomération,Hors intersection,Normale,Autre collision,,,,,,,,,,,1,1,1,1.0,6.0
201000019602,0010-06-05 13:45:00,10,6,5,13,45,800,163,,,,Plein jour,Hors agglomération,Hors intersection,Temps éblouissant,Autre collision,,,,,,,,,,,1,1,1,7.0,6.0
201000019603,0010-06-10 14:15:00,10,6,10,14,15,800,385,,,,Plein jour,Hors agglomération,Hors intersection,Pluie forte,Autre collision,,,,,,,,,,,1,1,1,3.0,6.0
201000019604,0010-08-18 16:45:00,10,8,18,16,45,800,692,,,,Plein jour,Hors agglomération,Hors intersection,Normale,Autre collision,,,,,,,,,,,1,1,1,1.0,6.0
201000019605,0010-09-06 21:30:00,10,9,6,21,30,800,767,,,,Nuit sans éclairage public,Hors agglomération,Hors intersection,Normale,Autre collision,,,,,,,,,,,3,1,1,1.0,6.0
201000019606,0010-03-13 12:00:00,10,3,13,12,0,730,278,,45.427,6.271,Plein jour,Hors agglomération,Hors intersection,Normale,Autre collision,,,,,,,,,,,1,1,1,1.0,6.0