accident_id,datetime,annee,mois,jour,heure,minute,departement,commune_insee,adresse,latitude,longitude,luminosite,agglomeration,intersection,meteo,collision,nb_vehicules,nb_usagers,nb_indemnes,nb_tues,nb_blesses_hosp,nb_blesses_legers,age_cond_1,age_cond_2,veh_type_cond_1,veh_type_cond_2,lum_code,agg_code,int_code,atm_code,col_code
201000019993,0010-04-27 20:10:00,10,4,27,20,10,130,4,"11, STALINGRAD AVENUE DE",43.6835,4.6327,Plein jour,En agglomération,Hors intersection,Normale,Deux véhicules - côté,,,,,,,,,,,1,2,1,1.0,3.0
201000019994,0010-05-04 11:00:00,10,5,4,11,0,130,4,", R.D 570N",,,Plein jour,Hors agglomération,Hors intersection,Vent fort / tempête,Autre collision,,,,,,,,,,,1,1,1,6.0,6.0
201000019995,0010-05-04 15:30:00,10,5,4,15,30,130,4,R.D 570N,,,Plein jour,Hors agglomération,Hors intersection,Autre,Autre collision,,,,,,,,,,,1,1,1,9.0,6.0
201000019996,0010-05-15 05:25:00,10,5,15,5,25,130,4,VAUBAN MONTEE,43.675,4.63256,Nuit avec éclairage allumé,En agglomération,Intersection en X,Normale,Autre collision,,,,,,,,,,,5,2,2,1.0,6.0
201000019997,0010-05-20 07:50:00,10,5,20,7,50,130,4,CRAU ROUTE DE,43.6716,4.64265,Plein jour,En agglomération,Intersection en X,Normale,Deux véhicules - côté,,,,,,,,,,,1,2,2,1.0,3.0
201000019998,0010-05-19 14:50:00,10,5,19,14,50,130,4,RD 453,43.6512,4.67682,Plein jour,Hors agglomération,Hors intersection,Vent fort / tempête,Deux véhicules - frontale,,,,,,,,,,,1,1,1,6.0,1.0
201000019999,0010-06-04 21:20:00,10,6,4,21,20,130,4,RD 453,43.6484,4.69098,Nuit sans éclairage public,Hors agglomération,Hors intersection,Normale,Autre collision,,,,,,,,,,,3,1,1,1.0,6.0
201000020000,0010-06-07 07:55:00,10,6,7,7,55,130,4,LOUIS VISSAC AVENUE,,,Plein jour,En agglomération,Hors intersection,Normale,Trois véhicules et plus - en chaîne,,,,,,,,,,,1,2,1,1.0,4.0
201000020001,0010-06-10 12:05:00,10,6,10,12,5,130,4,", PARMENTIER RUE",,,Plein jour,En agglomération,Hors intersection,Normale,Autre collision,,,,,,,,,,,1,2,1,1.0,6.0
201000020002,0010-06-12 19:20:00,10,6,12,19,20,130,4,JEAN GIONO RUE,,,Plein jour,En agglomération,Hors intersection,Normale,Deux véhicules - côté,,,,,,,,,,,1,2,1,1.0,3.0
201000020003,0010-06-14 08:20:00,10,6,14,8,20,130,4,"77, STALINGRAD AVENUE DE",,,Plein jour,En agglomération,Hors intersection,Normale,Autre collision,,,,,,,,,,,1,2,1,1.0,6.0
201000020004,0010-06-22 15:45:00,10,6,22,15,45,130,4,RD 453,,,Plein jour,En agglomération,Giratoire,Normale,Deux véhicules - côté,,,,,,,,,,,1,2,6,1.0,3.0
201000020005,0010-06-23 07:40:00,10,6,23,7,40,130,4,EMILE COMBES BOULEVARD,43.6806,4.6333,Plein jour,En agglomération,Intersection en T,Normale,Deux véhicules - côté,,,,,,,,,,,1,2,3,1.0,3.0
201000020006,0010-06-25 17:00:00,10,6,25,17,0,130,4,MARECHAL FOCH AVENUE DU,,,Plein jour,En agglomération,Intersection en X,Normale,Deux véhicules - côté,,,,,,,,,,,1,2,2,1.0,3.0
201000020007,0010-07-04 03:05:00,10,7,4,3,5,130,4,R.N.113,43.6671,4.6288,Nuit sans éclairage public,Hors agglomération,Hors intersection,Normale,Deux véhicules - arrière,,,,,,,,,,,3,1,1,1.0,2.0
201000020008,0010-07-08 19:00:00,10,7,8,19,0,130,4,"0, CLEMENCEAU BLD GEORGE",,,Plein jour,En agglomération,Intersection en T,Normale,Deux véhicules - côté,,,,,,,,,,,1,2,3,1.0,3.0
201000020009,0010-07-10 15:20:00,10,7,10,15,20,130,4,RD 453,,,Plein jour,Hors agglomération,Hors intersection,Normale,Deux véhicules - arrière,,,,,,,,,,,1,1,1,1.0,2.0
201000020010,0010-07-12 16:10:00,10,7,12,16,10,130,4,R.D 570N,43.7162,4.64418,Plein jour,Hors agglomération,Hors intersection,Normale,Deux véhicules - frontale,,,,,,,,,,,1,1,1,1.0,1.0
201000020011,0010-07-13 08:50:00,10,7,13,8,50,130,4,RD 453,,,Plein jour,Hors agglomération,Hors intersection,Normale,Deux véhicules - frontale,,,,,,,,,,,1,1,1,1.0,1.0
201000020012,0010-07-18 07:55:00,10,7,18,7,55,130,4,CRAU ROUTE DE LA,,,Plein jour,Hors agglomération,Hors intersection,Normale,Sans collision,,,,,,,,,,,1,1,1,1.0,7.0
201000020013,0010-07-19 16:45:00,10,7,19,16,45,130,4,"17, STALINGRAD AVENUE DE",43.6841,4.63309,Plein jour,En agglomération,Hors intersection,Normale,Autre collision,,,,,,,,,,,1,2,1,1.0,6.0
201000020014,0010-07-20 09:50:00,10,7,20,9,50,130,4,RN 113,,,Plein jour,Hors agglomération,Hors intersection,Normale,Autre collision,,,,,,,,,,,1,1,1,1.0,6.0
201000020015,0010-07-20 20:15:00,10,7,20,20,15,130,4,"0, L'ANCIEN MOULIN A TAB",,,Plein jour,En agglomération,Hors intersection,Normale,Autre collision,,,,,,,,,,,1,2,1,1.0,6.0
201000020016,0010-07-27 12:45:00,10,7,27,12,45,130,4,RD 453,,,Plein jour,En agglomération,Hors intersection,Normale,Deux véhicules - arrière,,,,,,,,,,,1,2,1,1.0,2.0
201000020017,0010-08-01 09:50:00,10,8,1,9,50,130,4,"53, R.N.N.2570.AV STALIN",,,Plein jour,En agglomération,Hors intersection,Normale,Deux véhicules - arrière,,,,,,,,,,,1,2,1,1.0,2.0
201000020018,0010-08-09 14:50:00,10,8,9,14,50,130,4,RD 453,43.6505,4.67912,Plein jour,Hors agglomération,Hors intersection,Normale,Sans collision,,,,,,,,,,,1,1,1,1.0,7.0
201000020019,0010-09-02 10:40:00,10,9,2,10,40,130,4,GENERAL LECLERC AVENUE D,,,Plein jour,En agglomération,Hors intersection,Normale,Autre collision,,,,,,,,,,,1,2,1,1.0,6.0
201000020020,0010-09-04 09:16:00,10,9,4,9,16,130,4,"41, EMILE COMBES BOULEVA",,,Plein jour,En agglomération,Hors intersection,Normale,Autre collision,,,,,,,,,,,1,2,1,1.0,6.0
201000020021,0010-09-10 14:05:00,10,9,10,14,5,130,4,"0, FORUM PLACE DU",,,Plein jour,En agglomération,Intersection en T,Normale,Autre collision,,,,,,,,,,,1,2,3,1.0,6.0
201000020022,0010-09-28 17:20:00,10,9,28,17,20,130,4,"141, STALINGRAD AVENUE D",,,Plein jour,En agglomération,Intersection en T,Normale,Autre collision,,,,,,,,,,,1,2,3,1.0,6.0
201000020023,0010-10-04 11:45:00,10,10,4,11,45,130,4,R.D.83 ROUTE D'EYGUIERES,,,Plein jour,Hors agglomération,Hors intersection,Normale,Deux véhicules - arrière,,,,,,,,,,,1,1,1,1.0,2.0
201000020024,0010-10-07 09:10:00,10,10,7,9,10,130,4,MAURICE ETIENNE ROND POI,,,Plein jour,Hors agglomération,Giratoire,Normale,Deux véhicules - côté,,,,,,,,,,,1,1,6,1.0,3.0
201000020025,0010-10-19 21:30:00,10,10,19,21,30,130,4,BACHAGA SAID BOUALEM AVE,,,Nuit avec éclairage allumé,En agglomération,Giratoire,Normale,Autre collision,,,,,,,,,,,5,2,6,1.0,6.0
201000020026,0010-10-28 17:25:00,10,10,28,17,25,130,4,RN 113,,,Plein jour,Hors agglomération,Hors intersection,Normale,Trois véhicules et plus - collisions multiples,,,,,,,,,,,1,1,1,1.0,5.0
201000020027,0010-11-07 00:10:00,10,11,7,0,10,130,4,RD 453,43.654,4.66999,Nuit sans éclairage public,Hors agglomération,Hors intersection,Brouillard / fumée,Autre collision,,,,,,,,,,,3,1,1,5.0,6.0
201000020028,0010-11-05 16:00:00,10,11,5,16,0,130,4,MARECHAL LYAUTEY AVENUE,,,Plein jour,En agglomération,Intersection en X,Normale,Autre collision,,,,,,,,,,,1,2,2,1.0,6.0
201000020029,0010-11-24 15:40:00,10,11,24,15,40,130,4,RD 453,,,Plein jour,Hors agglomération,Hors intersection,Normale,Autre collision,,,,,,,,,,,1,1,1,1.0,6.0
201000020030,0010-11-25 18:00:00,10,11,25,18,0,130,4,DOCTEUR JOSEPH IMBERT AV,,,Nuit avec éclairage allumé,En agglomération,Intersection en T,Pluie légère,Deux véhicules - côté,,,,,,,,,,,5,2,3,2.0,3.0
201000020031,0010-11-27 21:10:00,10,11,27,21,10,130,4,R.D 570N,43.6709,4.65048,Nuit sans éclairage public,Hors agglomération,Hors intersection,Pluie légère,Deux véhicules - frontale,,,,,,,,,,,3,1,1,2.0,1.0
201000020032,0010-12-14 14:20:00,10,12,14,14,20,130,4,DOCTEUR JOSEPH IMBERT AV,,,Plein jour,En agglomération,Intersection en T,Normale,Deux véhicules - côté,,,,,,,,,,,1,2,3,1.0,3.0
201000020033,0010-12-25 21:45:00,10,12,25,21,45,130,4,"0, EMILE COMBES BOULEVAR",,,Nuit avec éclairage allumé,En agglomération,Hors intersection,Normale,Sans collision,,,,,,,,,,,5,2,1,1.0,7.0
201000020034,0010-12-29 16:50:00,10,12,29,16,50,130,4,"0, STALINGRAD AVENUE DE",,,Crépuscule ou aube,En agglomération,Intersection en T,Pluie légère,Deux véhicules - arrière,,,,,,,,,,,2,2,3,2.0,2.0
201000020035,0010-05-27 20:45:00,10,5,27,20,45,130,5,CAMP DE SARLIER ROUTE DE,43.2965,5.58445,Nuit avec éclairage allumé,En agglomération,Intersection en T,Normale,Deux véhicules - côté,,,,,,,,,,,5,2,3,1.0,3.0
201000020036,0010-02-20 10:00:00,10,2,20,10,0,130,5,"9, VERDUN (AVENUE DE)",43.2888,5.57304,Plein jour,En agglomération,Hors intersection,Normale,Autre collision,,,,,,,,,,,1,2,1,1.0,6.0
201000020037,0010-02-24 18:35:00,10,2,24,18,35,130,5,CHARREL (CHEMIN DU),,,Plein jour,En agglomération,Intersection en T,Normale,Deux véhicules - côté,,,,,,,,,,,1,2,3,1.0,3.0
201000020038,0010-01-20 12:45:00,10,1,20,12,45,130,5,"37, VERDUN (AVENUE DE)",43.2878,5.57909,Plein jour,En agglomération,Hors intersection,Normale,Deux véhicules - côté,,,,,,,,,,,1,2,1,1.0,3.0
201000020039,0010-03-08 13:40:00,10,3,8,13,40,130,5,RN 8,,,Plein jour,En agglomération,Hors intersection,Normale,Autre collision,,,,,,,,,,,1,2,1,1.0,6.0
201000020040,0010-03-14 16:00:00,10,3,14,16,0,130,5,RN 96 (ROUTE NATIONALE ),43.3039,5.57185,Plein jour,En agglomération,Giratoire,Normale,Deux véhicules - côté,,,,,,,,,,,1,2,6,1.0,3.0
201000020041,0010-03-18 14:45:00,10,3,18,14,45,130,5,RN 8,43.2849,5.59159,Plein jour,En agglomération,Hors intersection,Normale,Deux véhicules - arrière,,,,,,,,,,,1,2,1,1.0,2.0
201000020042,0010-09-16 07:50:00,10,9,16,7,50,130,70,"122, VOLTAIRE (BOULEVARD",,,Plein jour,En agglomération,Hors intersection,Normale,Trois véhicules et plus - en chaîne,,,,,,,,,,,1,2,1,1.0,4.0
201000020043,0010-04-01 13:30:00,10,4,1,13,30,130,5,REPUBLIQUE (RUE DE LA),43.2927,5.56785,Plein jour,En agglomération,Hors intersection,Normale,Autre collision,,,,,,,,,,,1,2,1,1.0,6.0
201000020044,0010-06-07 08:30:00,10,6,7,8,30,130,5,PAGNOL (AVENUE MARCEL),,,Plein jour,En agglomération,Intersection en T,Normale,Deux véhicules - côté,,,,,,,,,,,1,2,3,1.0,3.0
201000020045,0010-06-13 12:30:00,10,6,13,12,30,130,5,GEMENOS (ROUTE DE CD2),,,Plein jour,Hors agglomération,Hors intersection,Normale,Autre collision,,,,,,,,,,,1,1,1,1.0,6.0
201000020046,0010-06-19 07:30:00,10,6,19,7,30,130,5,PALUDS (CHEMIN DES ),,,Plein jour,En agglomération,Intersection en T,Normale,Deux véhicules - côté,,,,,,,,,,,1,2,3,1.0,3.0
201000020047,0010-06-19 16:30:00,10,6,19,16,30,130,5,RN 8,,,Plein jour,En agglomération,Hors intersection,Normale,Deux véhicules - côté,,,,,,,,,,,1,2,1,1.0,3.0
201000020048,0010-07-05 18:10:00,10,7,5,18,10,130,5,BARTHELEMY (RUE DU DR),,,Plein jour,En agglomération,Hors intersection,Normale,Sans collision,,,,,,,,,,,1,2,1,1.0,7.0
201000020049,0010-07-30 18:30:00,10,7,30,18,30,130,5,BAUMONE (AVENUE DE LA ),,,Plein jour,Hors agglomération,Hors intersection,Normale,Autre collision,,,,,,,,,,,1,1,1,1.0,6.0
201000020050,0010-08-06 01:00:00,10,8,6,1,0,130,5,CD 2 (CAMP MAJOR),43.2906,5.55251,Nuit avec éclairage allumé,En agglomération,Hors intersection,Vent fort / tempête,Sans collision,,,,,,,,,,,5,2,1,6.0,7.0
201000020051,0010-08-10 15:00:00,10,8,10,15,0,130,5,EOURES (ROUTE D'),,,Plein jour,En agglomération,Hors intersection,Normale,Sans collision,,,,,,,,,,,1,2,1,1.0,7.0
201000020052,0010-09-09 18:25:00,10,9,9,18,25,130,5,"11, RN 396 (ROUTE NATION",,,Plein jour,En agglomération,Hors intersection,Normale,Trois véhicules et plus - collisions multiples,,,,,,,,,,,1,2,1,1.0,5.0
201000020053,0010-09-19 00:05:00,10,9,19,0,5,130,5,RN 96 (ROUTE NATIONALE ),,,Nuit avec éclairage allumé,En agglomération,Hors intersection,Normale,Deux véhicules - frontale,,,,,,,,,,,5,2,1,1.0,1.0
201000020054,0010-09-30 07:40:00,10,9,30,7,40,130,5,RN 8,,,Plein jour,Hors agglomération,Hors intersection,Normale,Trois véhicules et plus - collisions multiples,,,,,,,,,,,1,1,1,1.0,5.0
201000020055,0010-03-27 17:10:00,10,3,27,17,10,130,5,AVELANEDE (CHEMIN DE L'),43.2897,5.58727,Plein jour,En agglomération,Intersection en T,Normale,Deux véhicules - côté,,,,,,,,,,,1,2,3,1.0,3.0
201000020056,0010-11-02 18:10:00,10,11,2,18,10,130,5,"5, BEAUDINARD (ROUTE DE)",43.2994,5.57602,Nuit sans éclairage public,En agglomération,Hors intersection,Normale,Autre collision,,,,,,,,,,,3,2,1,1.0,6.0
201000020057,0010-12-04 08:45:00,10,12,4,8,45,130,5,"03, VERDUN (AVENUE DE)",,,Plein jour,En agglomération,Hors intersection,Normale,Autre collision,,,,,,,,,,,1,2,1,1.0,6.0
201000020058,0010-05-21 18:00:00,10,5,21,18,0,130,5,RD 43 C,,,Plein jour,Hors agglomération,Hors intersection,Normale,Deux véhicules - arrière,,,,,,,,,,,1,1,1,1.0,2.0
201000020059,0010-06-08 18:10:00,10,6,8,18,10,130,5,AUCHAN ( CENTRE COMMERCI,,,Plein jour,Hors agglomération,Hors intersection,Normale,Deux véhicules - côté,,,,,,,,,,,1,1,1,1.0,3.0
201000020060,0010-05-23 16:10:00,10,5,23,16,10,130,5,"711, VINGT ET UN AOUT 19",43.286,5.5584,Plein jour,En agglomération,Hors intersection,Normale,Autre collision,,,,,,,,,,,1,2,1,1.0,6.0
201000020061,0010-11-15 17:30:00,10,11,15,17,30,130,5,BEAUDINARD (ROUTE DE),,,Nuit sans éclairage public,Hors agglomération,Hors intersection,Normale,Autre collision,,,,,,,,,,,3,1,1,1.0,6.0
201000020062,0010-07-21 08:50:00,10,7,21,8,50,130,70,"227, VOLTAIRE (BOULEVARD",43.2812,5.52125,Plein jour,En agglomération,Hors intersection,Normale,Deux véhicules - côté,,,,,,,,,,,1,2,1,1.0,3.0
201000020063,0010-07-22 08:30:00,10,7,22,8,30,130,5,LENCHE (RUE DE ),,,Plein jour,Hors agglomération,Hors intersection,Normale,Autre collision,,,,,,,,,,,1,1,1,1.0,6.0
201000020064,0010-09-26 17:00:00,10,9,26,17,0,130,5,RN 8,,,Plein jour,Hors agglomération,Hors intersection,Vent fort / tempête,Trois véhicules et plus - collisions multiples,,,,,,,,,,,1,1,1,6.0,5.0
201000020065,0010-06-29 08:50:00,10,6,29,8,50,130,70,"158, VOLTAIRE (BOULEVARD",43.2812,5.51723,Plein jour,En agglomération,Hors intersection,Normale,Autre collision,,,,,,,,,,,1,2,1,1.0,6.0
201000020066,0010-07-16 15:30:00,10,7,16,15,30,130,5,SOLLANS (CHEMIN DES),,,Plein jour,En agglomération,Intersection en X,Normale,Deux véhicules - côté,,,,,,,,,,,1,2,2,1.0,3.0
201000020067,0010-07-21 19:00:00,10,7,21,19,0,130,5,"1435, CD 2 (CAMP MAJOR)",,,Plein jour,Hors agglomération,Hors intersection,Normale,Autre collision,,,,,,,,,,,1,1,1,1.0,6.0
201000020068,0010-10-08 17:50:00,10,10,8,17,50,130,5,"1435, CD 2 (CAMP MAJOR)",,,Plein jour,En agglomération,Hors intersection,Normale,Autre collision,,,,,,,,,,,1,2,1,1.0,6.0
201000020069,0010-08-12 15:40:00,10,8,12,15,40,130,5,BOYER (AVENUE ANTIDE),43.2947,5.5637,Plein jour,En agglomération,Giratoire,Normale,Deux véhicules - côté,,,,,,,,,,,1,2,6,1.0,3.0
201000020070,0010-08-27 11:15:00,10,8,27,11,15,130,5,FENESTRELLES (CHEMIN DE),,,Plein jour,En agglomération,Intersection en T,Normale,Deux véhicules - côté,,,,,,,,,,,1,2,3,1.0,3.0
201000020071,0010-10-29 17:50:00,10,10,29,17,50,130,5,RN 8,,,Plein jour,En agglomération,Hors intersection,Normale,Deux véhicules - côté,,,,,,,,,,,1,2,1,1.0,3.0
201000020072,0010-10-30 18:46:00,10,10,30,18,46,130,70,"288, VOLTAIRE (BOULEVARD",,,Nuit avec éclairage allumé,En agglomération,Hors intersection,Pluie forte,Trois véhicules et plus - collisions multiples,,,,,,,,,,,5,2,1,3.0,5.0
201000020073,0010-11-02 08:05:00,10,11,2,8,5,130,70,"276, VOLTAIRE (BOULEVARD",43.2819,5.52539,Plein jour,En agglomération,Hors intersection,Temps couvert,Deux véhicules - frontale,,,,,,,,,,,1,2,1,8.0,1.0
201000020074,0010-11-06 03:30:00,10,11,6,3,30,130,5,RN 8,43.2838,5.59409,Nuit avec éclairage allumé,En agglomération,Giratoire,Brouillard / fumée,Autre collision,,,,,,,,,,,5,2,6,5.0,6.0
201000020075,0010-11-12 17:50:00,10,11,12,17,50,130,5,"10, BROSSOLETTE (AVENUE",43.2861,5.55367,Nuit avec éclairage allumé,En agglomération,Hors intersection,Normale,Deux véhicules - côté,,,,,,,,,,,5,2,1,1.0,3.0
201000020076,0010-11-30 11:30:00,10,11,30,11,30,130,5,SALENGRO (AVENUE ROGER),,,Plein jour,En agglomération,Hors intersection,Normale,Autre collision,,,,,,,,,,,1,2,1,1.0,6.0
201000020077,0010-12-07 09:50:00,10,12,7,9,50,130,70,"204, VOLTAIRE (BOULEVARD",,,Plein jour,En agglomération,Passage à niveau,Normale,Autre collision,,,,,,,,,,,1,2,8,1.0,6.0
201000020078,0010-01-12 10:40:00,10,1,12,10,40,130,28,GASSION (AVENUE FERNAND,43.1825,5.60527,Plein jour,En agglomération,Intersection en T,Normale,Autre collision,,,,,,,,,,,1,2,3,1.0,6.0
201000020079,0010-01-18 16:35:00,10,1,18,16,35,130,28,CRETES (ROUTES DES),43.1815,5.56781,Plein jour,Hors agglomération,Hors intersection,Normale,Sans collision,,,,,,,,,,,1,1,1,1.0,7.0
201000020080,0010-01-23 14:50:00,10,1,23,14,50,130,28,ROVARCH (AVENUE PIERRE),,,Plein jour,En agglomération,Giratoire,Normale,Sans collision,,,,,,,,,,,1,2,6,1.0,7.0
201000020081,0010-01-29 12:10:00,10,1,29,12,10,130,28,"73, CROZET (AVENUE LOUIS",,,Plein jour,En agglomération,Hors intersection,Normale,Sans collision,,,,,,,,,,,1,2,1,1.0,7.0
201000020082,0010-02-06 16:10:00,10,2,6,16,10,130,28,"2981, BODIN (AVENUE EMIL",43.2077,5.58219,Plein jour,Hors agglomération,Hors intersection,Normale,Deux véhicules - côté,,,,,,,,,,,1,1,1,1.0,3.0
201000020083,0010-02-08 02:30:00,10,2,8,2,30,130,28,MANDRAS CALANQUES (AV),43.1675,5.60562,Nuit avec éclairage allumé,En agglomération,Hors intersection,Normale,Autre collision,,,,,,,,,,,5,2,1,1.0,6.0
201000020084,0010-02-09 23:50:00,10,2,9,23,50,130,28,CAMUSSO (AVENUE MARCEL ),43.1787,5.59748,Nuit avec éclairage allumé,En agglomération,Intersection en X,Normale,Deux véhicules - côté,,,,,,,,,,,5,2,2,1.0,3.0
201000020085,0010-02-16 16:38:00,10,2,16,16,38,130,28,"23, SUBILIA (AVENUE ERNE",,,Plein jour,En agglomération,Hors intersection,Temps couvert,Deux véhicules - arrière,,,,,,,,,,,1,2,1,8.0,2.0
201000020086,0010-02-22 13:00:00,10,2,22,13,0,130,28,"12, FONTSAINTE (AVENUE D",43.2464,5.44718,Plein jour,En agglomération,Hors intersection,Normale,Deux véhicules - arrière,,,,,,,,,,,1,2,1,1.0,2.0
201000020087,0010-03-06 23:10:00,10,3,6,23,10,130,28,"1, CD 559",,,Nuit sans éclairage public,En agglomération,Hors intersection,Normale,Sans collision,,,,,,,,,,,3,2,1,1.0,7.0
201000020088,0010-03-14 11:19:00,10,3,14,11,19,130,28,GARE (AVENUE DE LA),,,Plein jour,En agglomération,Intersection en X,Normale,Sans collision,,,,,,,,,,,1,2,2,1.0,7.0
201000020089,0010-03-21 22:45:00,10,3,21,22,45,130,28,"25, FRANCE (BOULEVARD AN",43.1764,5.61046,Nuit avec éclairage non allumé,En agglomération,Hors intersection,Pluie légère,Autre collision,,,,,,,,,,,4,2,1,2.0,6.0
201000020090,0010-03-22 14:25:00,10,3,22,14,25,130,28,"217, SUBILIA (AVENUE ERN",,,Plein jour,En agglomération,Hors intersection,Pluie légère,Trois véhicules et plus - en chaîne,,,,,,,,,,,1,2,1,2.0,4.0
201000020091,0010-03-24 17:10:00,10,3,24,17,10,130,28,FERRY (AVENUE JULES ),43.1835,5.60161,Plein jour,En agglomération,Hors intersection,Normale,Deux véhicules - côté,,,,,,,,,,,1,2,1,1.0,3.0
201000020092,0010-04-02 18:10:00,10,4,2,18,10,130,28,"33, CHEMIN PUITS DE BRUN",,,Plein jour,En agglomération,Hors intersection,Normale,Autre collision,,,,,,,,,,,1,2,1,1.0,6.0
201000020093,0010-04-11 12:45:00,10,4,11,12,45,130,28,PUITS DE BRUNET (CHEMIN,43.188,5.60097,Plein jour,En agglomération,Hors intersection,Temps couvert,Deux véhicules - frontale,,,,,,,,,,,1,2,1,8.0,1.0
201000020094,0010-04-13 19:00:00,10,4,13,19,0,130,28,"0, BILLOUX (AVENUE FRANC",43.1778,5.59738,Plein jour,En agglomération,Intersection en T,Normale,Deux véhicules - côté,,,,,,,,,,,1,2,3,1.0,3.0
201000020095,0010-04-18 13:00:00,10,4,18,13,0,130,28,"2559, BODIN (AVENUE EMIL",43.206,5.58636,Plein jour,Hors agglomération,Hors intersection,Normale,Deux véhicules - côté,,,,,,,,,,,1,1,1,1.0,3.0
201000020096,0010-04-21 05:15:00,10,4,21,5,15,130,28,"2237, DULAC (AVENUE GUIL",43.2019,5.62368,Nuit avec éclairage allumé,En agglomération,Hors intersection,Normale,Autre collision,,,,,,,,,,,5,2,1,1.0,6.0
201000020097,0010-04-21 19:20:00,10,4,21,19,20,130,28,AVENUE MIREILLE,,,Plein jour,En agglomération,Hors intersection,Normale,Deux véhicules - arrière,,,,,,,,,,,1,2,1,1.0,2.0
201000020098,0010-04-24 13:20:00,10,4,24,13,20,130,28,DULAC (AVENUE GUILLAUME),43.1961,5.61279,Plein jour,En agglomération,Hors intersection,Normale,Autre collision,,,,,,,,,,,1,2,1,1.0,6.0
201000020099,0010-04-26 18:30:00,10,4,26,18,30,130,28,"0, POISSONNIERS (CHEMIN",,,Plein jour,En agglomération,Intersection en X,Normale,Deux véhicules - côté,,,,,,,,,,,1,2,2,1.0,3.0
201000020100,0010-04-28 21:45:00,10,4,28,21,45,130,28,"13, ROOSEVELT (AVENUE FR",,,Nuit avec éclairage allumé,En agglomération,Hors intersection,Normale,Autre collision,,,,,,,,,,,5,2,1,1.0,6.0
201000020101,0010-05-10 14:20:00,10,5,10,14,20,130,28,"375, DULAC (AVENUE GUILL",,,Plein jour,En agglomération,Autre intersection,Normale,Deux véhicules - côté,,,,,,,,,,,1,2,9,1.0,3.0
201000020102,0010-05-14 13:55:00,10,5,14,13,55,130,28,PUITS DE BRUNET (CHEMIN,43.1843,5.59907,Plein jour,En agglomération,Hors intersection,Normale,Deux véhicules - arrière,,,,,,,,,,,1,2,1,1.0,2.0
201000020103,0010-05-10 10:20:00,10,5,10,10,20,130,28,"38, QUINET (RUE EDGARD)",43.1752,5.60982,Plein jour,En agglomération,Hors intersection,Normale,Autre collision,,,,,,,,,,,1,2,1,1.0,6.0
201000020104,0010-05-20 08:30:00,10,5,20,8,30,130,28,"334, ANTOINE (CHEMIN DE",,,Plein jour,Hors agglomération,Hors intersection,Normale,Autre collision,,,,,,,,,,,1,1,1,1.0,6.0
201000020105,0010-05-21 17:10:00,10,5,21,17,10,130,28,DULAC (AVENUE GUILLAUME),,,Plein jour,En agglomération,Hors intersection,Normale,Autre collision,,,,,,,,,,,1,2,1,1.0,6.0
201000020106,0010-05-10 19:20:00,10,5,10,19,20,130,28,"18, ROOSEVELT (AVENUE FR",,,Plein jour,En agglomération,Hors intersection,Normale,Sans collision,,,,,,,,,,,1,2,1,1.0,7.0
201000020107,0010-05-29 22:30:00,10,5,29,22,30,130,28,"1, AUVERGNE (AVENUE D')",,,Nuit avec éclairage allumé,En agglomération,Giratoire,Normale,Sans collision,,,,,,,,,,,5,2,6,1.0,7.0
201000020108,0010-05-12 10:00:00,10,5,12,10,0,130,28,REPUBLIQUE (BOULEVARD DE,,,Plein jour,En agglomération,Hors intersection,Normale,Autre collision,,,,,,,,,,,1,2,1,1.0,6.0
201000020109,0010-06-03 19:00:00,10,6,3,19,0,130,28,SUBILIA (AVENUE ERNEST ),,,Plein jour,En agglomération,Hors intersection,Normale,Deux véhicules - côté,,,,,,,,,,,1,2,1,1.0,3.0
201000020110,0010-06-07 00:01:00,10,6,7,0,1,130,28,9 PUITS DE BRUNET (CH),43.1833,5.59852,Nuit avec éclairage allumé,En agglomération,Hors intersection,Normale,Sans collision,,,,,,,,,,,5,2,1,1.0,7.0
201000020111,0010-06-06 19:30:00,10,6,6,19,30,130,28,CYTHARISTA (AVENUE),,,Plein jour,En agglomération,Hors intersection,Normale,Deux véhicules - côté,,,,,,,,,,,1,2,1,1.0,3.0
201000020112,0010-06-13 11:17:00,10,6,13,11,17,130,28,BODIN (AVENUE EMILE),43.2022,5.58884,Plein jour,Hors agglomération,Hors intersection,Normale,Deux véhicules - frontale,,,,,,,,,,,1,1,1,1.0,1.0
201000020113,0010-06-21 18:00:00,10,6,21,18,0,130,28,FERRY (AVENUE JULES ),,,Plein jour,En agglomération,Hors intersection,Normale,Deux véhicules - arrière,,,,,,,,,,,1,2,1,1.0,2.0
201000020114,0010-06-22 18:30:00,10,6,22,18,30,130,28,GASSION (AVENUE FERNAND,,,Plein jour,En agglomération,Hors intersection,Normale,Deux véhicules - arrière,,,,,,,,,,,1,2,1,1.0,2.0
201000020115,0010-06-23 21:58:00,10,6,23,21,58,130,28,LAVAUX (BOULEVARD DE),43.1908,5.62765,Nuit avec éclairage allumé,En agglomération,Hors intersection,Normale,Sans collision,,,,,,,,,,,5,2,1,1.0,7.0
201000020116,0010-06-28 10:50:00,10,6,28,10,50,130,28,"496, DULAC (AVENUE GUILL",,,Plein jour,En agglomération,Hors intersection,Normale,Autre collision,,,,,,,,,,,1,2,1,1.0,6.0
201000020117,0010-06-28 20:10:00,10,6,28,20,10,130,28,BODIN (AVENUE EMILE),43.1968,5.59307,Plein jour,Hors agglomération,Hors intersection,Normale,Autre collision,,,,,,,,,,,1,1,1,1.0,6.0
201000020118,0010-06-30 17:15:00,10,6,30,17,15,130,28,CD 559,43.1836,5.66701,Plein jour,Hors agglomération,Hors intersection,Normale,Deux véhicules - arrière,,,,,,,,,,,1,1,1,1.0,2.0
201000020119,0010-07-02 00:30:00,10,7,2,0,30,130,28,"33, MIREILLE (AVENUE)",43.1888,5.63392,Nuit avec éclairage allumé,En agglomération,Hors intersection,Normale,Deux véhicules - frontale,,,,,,,,,,,5,2,1,1.0,1.0