accident_id,datetime,annee,mois,jour,heure,minute,departement,commune_insee,adresse,latitude,longitude,luminosite,agglomeration,intersection,meteo,collision,nb_vehicules,nb_usagers,nb_indemnes,nb_tues,nb_blesses_hosp,nb_blesses_legers,age_cond_1,age_cond_2,veh_type_cond_1,veh_type_cond_2,lum_code,agg_code,int_code,atm_code,col_code
201000020120,0010-07-02 09:30:00,10,7,2,9,30,130,28,"30, CHEMIN PUITS DE BRUN",43.1872,5.60046,Plein jour,En agglomération,Hors intersection,Normale,Autre collision,,,,,,,,,,,1,2,1,1.0,6.0
201000020121,0010-07-05 23:10:00,10,7,5,23,10,130,28,CD 559,,,Nuit sans éclairage public,En agglomération,Hors intersection,Normale,Sans collision,,,,,,,,,,,3,2,1,1.0,7.0
201000020122,0010-07-06 17:45:00,10,7,6,17,45,130,28,"3, BEAU RIVAGE (BOULEVAR",,,Plein jour,En agglomération,Hors intersection,Normale,Autre collision,,,,,,,,,,,1,2,1,1.0,6.0
201000020123,0010-07-14 00:01:00,10,7,14,0,1,130,28,CD40B,,,Nuit sans éclairage public,Hors agglomération,Hors intersection,Normale,Deux véhicules - côté,,,,,,,,,,,3,1,1,1.0,3.0
201000020124,0010-07-29 18:00:00,10,7,29,18,0,130,28,BODIN (AVENUE EMILE),43.2057,5.58707,Plein jour,Hors agglomération,Hors intersection,Normale,Deux véhicules - côté,,,,,,,,,,,1,1,1,1.0,3.0
201000020125,0010-08-02 08:55:00,10,8,2,8,55,130,28,"37, QUINET (RUE EDGARD)",43.1751,5.61006,Plein jour,En agglomération,Hors intersection,Normale,Autre collision,,,,,,,,,,,1,2,1,1.0,6.0
201000020126,0010-08-07 13:00:00,10,8,7,13,0,130,28,"1, AVENUE DE LA GARE",,,Plein jour,En agglomération,Intersection en X,Normale,Deux véhicules - côté,,,,,,,,,,,1,2,2,1.0,3.0
201000020127,0010-08-15 17:14:00,10,8,15,17,14,130,28,ROND-POINT DES ARMENIENS,43.1828,5.59775,Plein jour,En agglomération,Hors intersection,Normale,Sans collision,,,,,,,,,,,1,2,1,1.0,7.0
201000020128,0010-09-03 21:33:00,10,9,3,21,33,130,28,ROVARCH (AVENUE PIERRE),,,Nuit avec éclairage allumé,En agglomération,Hors intersection,Normale,Sans collision,,,,,,,,,,,5,2,1,1.0,7.0
201000020129,0010-08-24 20:20:00,10,8,24,20,20,130,28,ROVARCH (AVENUE PIERRE),43.1902,5.624,Plein jour,En agglomération,Hors intersection,Normale,Autre collision,,,,,,,,,,,1,2,1,1.0,6.0
201000020130,0010-09-07 18:55:00,10,9,7,18,55,130,28,FERRY (AVENUE JULES ),,,Plein jour,En agglomération,Hors intersection,Normale,Autre collision,,,,,,,,,,,1,2,1,1.0,6.0
201000020131,0010-09-19 17:00:00,10,9,19,17,0,130,28,SUBILIA (AVENUE ERNEST ),,,Plein jour,En agglomération,Hors intersection,Normale,Trois véhicules et plus - en chaîne,,,,,,,,,,,1,2,1,1.0,4.0
201000020132,0010-09-24 01:10:00,10,9,24,1,10,130,28,MICHELET (BOULEVARD JULE,,,Nuit avec éclairage allumé,En agglomération,Intersection en X,Pluie légère,Autre collision,,,,,,,,,,,5,2,2,2.0,6.0
201000020133,0010-10-07 17:50:00,10,10,7,17,50,130,28,ROND-POINT DE LA LOCOMOT,,,Plein jour,En agglomération,Hors intersection,Normale,Trois véhicules et plus - en chaîne,,,,,,,,,,,1,2,1,1.0,4.0
201000020134,0010-10-14 17:10:00,10,10,14,17,10,130,28,"7, FRANCE (BOULEVARD ANA",,,Plein jour,En agglomération,Hors intersection,Normale,Autre collision,,,,,,,,,,,1,2,1,1.0,6.0
201000020135,0010-10-16 15:00:00,10,10,16,15,0,130,28,CRETES (ROUTES DES),43.1816,5.58139,Plein jour,Hors agglomération,Hors intersection,Normale,Sans collision,,,,,,,,,,,1,1,1,1.0,7.0
201000020136,0010-10-17 16:50:00,10,10,17,16,50,130,28,"235, FARDELOUP (CHEMIN D",43.1848,5.58883,Plein jour,En agglomération,Hors intersection,Normale,Autre collision,,,,,,,,,,,1,2,1,1.0,6.0
201000020137,0010-10-18 17:15:00,10,10,18,17,15,130,28,CAMUSSO (AVENUE MARCEL ),43.1789,5.59992,Plein jour,En agglomération,Hors intersection,Temps éblouissant,Autre collision,,,,,,,,,,,1,2,1,7.0,6.0
201000020138,0010-10-23 01:46:00,10,10,23,1,46,130,28,"1, CAMUGLI (AVENUE ANTOI",,,Nuit avec éclairage allumé,En agglomération,Intersection en X,Normale,Deux véhicules - côté,,,,,,,,,,,5,2,2,1.0,3.0
201000020139,0010-10-29 18:20:00,10,10,29,18,20,130,28,MIREILLE (AVENUE),,,Plein jour,En agglomération,Hors intersection,Normale,Deux véhicules - frontale,,,,,,,,,,,1,2,1,1.0,1.0
201000020140,0010-10-28 13:50:00,10,10,28,13,50,130,28,FARDELOUP (CHEMIN DE),,,Plein jour,En agglomération,Hors intersection,Normale,Autre collision,,,,,,,,,,,1,2,1,1.0,6.0
201000020141,0010-11-13 11:30:00,10,11,13,11,30,130,28,"49, LORRAINE (AVENUE DE)",,,Plein jour,En agglomération,Hors intersection,Normale,Autre collision,,,,,,,,,,,1,2,1,1.0,6.0
201000020142,0010-11-23 23:14:00,10,11,23,23,14,130,28,"305, ARENE CROS (CHEMIN)",,,Nuit avec éclairage allumé,En agglomération,Hors intersection,Vent fort / tempête,Autre collision,,,,,,,,,,,5,2,1,6.0,6.0
201000020143,0010-01-08 19:00:00,10,1,8,19,0,130,47,D.16,43.5507,5.01145,Nuit sans éclairage public,Hors agglomération,Hors intersection,Temps couvert,Deux véhicules - côté,,,,,,,,,,,3,1,1,8.0,3.0
201000020144,0010-02-01 00:40:00,10,2,1,0,40,130,47,RD 569,43.6898,5.03025,Nuit sans éclairage public,Hors agglomération,Hors intersection,Normale,Deux véhicules - côté,,,,,,,,,,,3,1,1,1.0,3.0
201000020145,0010-01-12 17:00:00,10,1,12,17,0,130,63,"4, VOLTAIRES RUE",,,Crépuscule ou aube,En agglomération,Intersection en T,Normale,Sans collision,,,,,,,,,,,2,2,3,1.0,7.0
201000020146,0010-02-12 19:35:00,10,2,12,19,35,130,47,"., RN 569",,,Nuit sans éclairage public,Hors agglomération,Hors intersection,Normale,Deux véhicules - côté,,,,,,,,,,,3,1,1,1.0,3.0
201000020147,0010-02-12 22:00:00,10,2,12,22,0,130,47,"., JEAN MARIE L'HUILLIER",,,Nuit avec éclairage allumé,En agglomération,Intersection en X,Normale,Deux véhicules - côté,,,,,,,,,,,5,2,2,1.0,3.0
201000020148,0010-02-13 23:40:00,10,2,13,23,40,130,63,"., VOLTAIRES RUE",,,Nuit avec éclairage allumé,En agglomération,Intersection en X,Normale,Deux véhicules - frontale,,,,,,,,,,,5,2,2,1.0,1.0
201000020149,0010-02-25 19:35:00,10,2,25,19,35,130,47,"., FELIX GOUIN AVENUE",,,Nuit avec éclairage allumé,En agglomération,Hors intersection,Normale,Deux véhicules - arrière,,,,,,,,,,,5,2,1,1.0,2.0
201000020150,0010-03-08 14:35:00,10,3,8,14,35,130,47,FELIX GOUIN AVENUE,,,Plein jour,En agglomération,Intersection en X,Normale,Deux véhicules - côté,,,,,,,,,,,1,2,2,1.0,3.0
201000020151,0010-03-14 19:30:00,10,3,14,19,30,130,47,"31, CABANE NOIRE ROUTE D",43.4908,4.97888,Nuit avec éclairage allumé,En agglomération,Hors intersection,Vent fort / tempête,Deux véhicules - frontale,,,,,,,,,,,5,2,1,6.0,1.0
201000020152,0010-04-16 12:50:00,10,4,16,12,50,130,47,ANCIENS COMBATTANTS AVEN,,,Plein jour,En agglomération,Hors intersection,Normale,Deux véhicules - arrière,,,,,,,,,,,1,2,1,1.0,2.0
201000020153,0010-04-18 06:30:00,10,4,18,6,30,130,63,JEAN MOULIN AVENUE,,,Crépuscule ou aube,En agglomération,Intersection en T,Normale,Deux véhicules - côté,,,,,,,,,,,2,2,3,1.0,3.0
201000020154,0010-04-18 12:45:00,10,4,18,12,45,130,63,ALPHONSE LAMARTINE RUE,,,Plein jour,En agglomération,Intersection en X,Normale,Autre collision,,,,,,,,,,,1,2,2,1.0,6.0
201000020155,0010-04-26 14:50:00,10,4,26,14,50,130,47,"., NELSON MANDELA ROND P",,,Plein jour,En agglomération,Giratoire,Normale,Deux véhicules - côté,,,,,,,,,,,1,2,6,1.0,3.0
201000020156,0010-04-06 18:00:00,10,4,6,18,0,130,98,HECTOR BERLIOZ ALLEE,,,Plein jour,Hors agglomération,Autre intersection,Normale,Autre collision,,,,,,,,,,,1,1,9,1.0,6.0
201000020157,0010-05-01 19:20:00,10,5,1,19,20,130,63,ETANG OU ROUTE DU DELA,43.5768,5.01361,Plein jour,Hors agglomération,Hors intersection,Normale,Sans collision,,,,,,,,,,,1,1,1,1.0,7.0
201000020158,0010-05-15 17:30:00,10,5,15,17,30,130,63,RN 1569 LA TRANSHUMANCE,43.5857,4.9885,Plein jour,Hors agglomération,Hors intersection,Vent fort / tempête,Deux véhicules - arrière,,,,,,,,,,,1,1,1,6.0,2.0
201000020159,0010-05-18 09:20:00,10,5,18,9,20,130,47,ARISTIDE BRIAND AVENUE,,,Plein jour,En agglomération,Hors intersection,Normale,Autre collision,,,,,,,,,,,1,2,1,1.0,6.0
201000020160,0010-05-26 23:10:00,10,5,26,23,10,130,47,FOS ROUTE DE,,,Nuit sans éclairage public,Hors agglomération,Hors intersection,Normale,Deux véhicules - arrière,,,,,,,,,,,3,1,1,1.0,2.0
201000020161,0010-05-29 17:30:00,10,5,29,17,30,130,47,PAQUERETTES CHEMIN DES,,,Plein jour,En agglomération,Hors intersection,Normale,Deux véhicules - côté,,,,,,,,,,,1,2,1,1.0,3.0
201000020162,0010-05-31 20:15:00,10,5,31,20,15,130,47,PAUL PAINLEVE BOULEVARD,,,Plein jour,En agglomération,Hors intersection,Normale,Deux véhicules - côté,,,,,,,,,,,1,2,1,1.0,3.0
201000020163,0010-06-01 16:45:00,10,6,1,16,45,130,47,BAUMES RUE DES,43.51,4.98165,Plein jour,En agglomération,Intersection en T,Normale,Deux véhicules - frontale,,,,,,,,,,,1,2,3,1.0,1.0
201000020164,0010-06-04 17:27:00,10,6,4,17,27,130,98,VARAGE AVENUE DES,43.4701,4.99986,Plein jour,Hors agglomération,Giratoire,Normale,Deux véhicules - arrière,,,,,,,,,,,1,1,6,1.0,2.0
201000020165,0010-06-05 04:15:00,10,6,5,4,15,130,47,D.5,43.5897,4.94555,Nuit sans éclairage public,Hors agglomération,Hors intersection,Normale,Autre collision,,,,,,,,,,,3,1,1,1.0,6.0
201000020166,0010-06-07 08:25:00,10,6,7,8,25,130,47,RASSUEN ROUTE DE,,,Plein jour,En agglomération,Hors intersection,Normale,Deux véhicules - frontale,,,,,,,,,,,1,2,1,1.0,1.0
201000020167,0010-06-10 19:15:00,10,6,10,19,15,130,98,"., D.50Z",,,Plein jour,Hors agglomération,Hors intersection,Normale,Deux véhicules - côté,,,,,,,,,,,1,1,1,1.0,3.0
201000020168,0010-06-26 23:30:00,10,6,26,23,30,130,98,D.5,43.4497,5.01674,Nuit avec éclairage allumé,Hors agglomération,Hors intersection,Pluie légère,Autre collision,,,,,,,,,,,5,1,1,2.0,6.0
201000020169,0010-06-29 17:10:00,10,6,29,17,10,130,47,"., CORNICHE DE SUFFREN",,,Plein jour,En agglomération,Hors intersection,Normale,Autre collision,,,,,,,,,,,1,2,1,1.0,6.0
201000020170,0010-07-04 02:45:00,10,7,4,2,45,130,63,QUENOUILLE RUE DE LA,43.5899,4.99378,Nuit avec éclairage allumé,Hors agglomération,Hors intersection,Normale,Autre collision,,,,,,,,,,,5,1,1,1.0,6.0
201000020171,0010-07-06 14:30:00,10,7,6,14,30,130,47,CABANE NOIRE ROUTE DE LA,,,Plein jour,Hors agglomération,Hors intersection,Normale,Deux véhicules - côté,,,,,,,,,,,1,1,1,1.0,3.0
201000020172,0010-07-14 11:49:00,10,7,14,11,49,130,47,RD 1569,43.5311,4.9599,Plein jour,Hors agglomération,Hors intersection,Normale,Deux véhicules - frontale,,,,,,,,,,,1,1,1,1.0,1.0
201000020173,0010-07-22 18:35:00,10,7,22,18,35,130,47,D.51,,,Plein jour,Hors agglomération,Hors intersection,Normale,Sans collision,,,,,,,,,,,1,1,1,1.0,7.0
201000020174,0010-07-24 21:20:00,10,7,24,21,20,130,47,"., ALDERIC CHAVE AVENUE",,,Nuit avec éclairage allumé,En agglomération,Intersection en X,Normale,Deux véhicules - côté,,,,,,,,,,,5,2,2,1.0,3.0
201000020175,0010-07-23 19:25:00,10,7,23,19,25,130,47,R.N 569,43.5582,4.96478,Plein jour,Hors agglomération,Intersection en Y,Normale,Trois véhicules et plus - collisions multiples,,,,,,,,,,,1,1,4,1.0,5.0
201000020176,0010-08-02 21:40:00,10,8,2,21,40,130,63,GABRIEL PERI RUE,,,Crépuscule ou aube,Hors agglomération,Intersection en X,Normale,Deux véhicules - côté,,,,,,,,,,,2,1,2,1.0,3.0
201000020177,0010-08-03 11:10:00,10,8,3,11,10,130,47,"., AVENUE DE LA CRAU",,,Plein jour,En agglomération,Hors intersection,Normale,Deux véhicules - arrière,,,,,,,,,,,1,2,1,1.0,2.0
201000020178,0010-08-06 18:40:00,10,8,6,18,40,130,47,RN 1569,43.4976,4.96588,Plein jour,Hors agglomération,Hors intersection,Vent fort / tempête,Deux véhicules - frontale,,,,,,,,,,,1,1,1,6.0,1.0
201000020179,0010-08-10 13:34:00,10,8,10,13,34,130,63,"., REPUBLIQUE AVENUE DE",,,Plein jour,En agglomération,Intersection en X,Normale,Deux véhicules - côté,,,,,,,,,,,1,2,2,1.0,3.0
201000020180,0010-08-16 19:30:00,10,8,16,19,30,130,98,"., ARISTIDE BRIAND BOULE",,,Plein jour,En agglomération,Hors intersection,Normale,Autre collision,,,,,,,,,,,1,2,1,1.0,6.0
201000020181,0010-08-10 14:10:00,10,8,10,14,10,130,47,"9, LEON BLUM BOULEVARD",,,Plein jour,En agglomération,Hors intersection,Normale,Autre collision,,,,,,,,,,,1,2,1,1.0,6.0
201000020182,0010-08-24 21:30:00,10,8,24,21,30,130,63,"47, ARISTIDE BRIAND BOUL",43.5771,5.00108,Nuit avec éclairage allumé,En agglomération,Hors intersection,Normale,Autre collision,,,,,,,,,,,5,2,1,1.0,6.0
201000020183,0010-09-01 19:20:00,10,9,1,19,20,130,63,"., ROSE DES VENTS AVENUE",,,Plein jour,Hors agglomération,Hors intersection,Normale,Deux véhicules - arrière,,,,,,,,,,,1,1,1,1.0,2.0
201000020184,0010-09-28 07:30:00,10,9,28,7,30,130,98,RD 1569,,,Plein jour,Hors agglomération,Hors intersection,Normale,Deux véhicules - côté,,,,,,,,,,,1,1,1,1.0,3.0
201000020185,0010-10-07 17:15:00,10,10,7,17,15,130,47,RADOLFZELL AVENUE DE,,,Plein jour,En agglomération,Hors intersection,Normale,Autre collision,,,,,,,,,,,1,2,1,1.0,6.0
201000020186,0010-10-15 20:20:00,10,10,15,20,20,130,63,"878, TAUSSANE A COUGNIL",43.5802,5.02293,Nuit sans éclairage public,Hors agglomération,Hors intersection,Normale,Autre collision,,,,,,,,,,,3,1,1,1.0,6.0
201000020187,0010-11-01 04:55:00,10,11,1,4,55,130,63,D.10,43.5678,5.02424,Nuit sans éclairage public,Hors agglomération,Hors intersection,Pluie légère,Deux véhicules - frontale,,,,,,,,,,,3,1,1,2.0,1.0
201000020188,0010-11-13 18:30:00,10,11,13,18,30,130,47,CD16 (LE DELA),,,Nuit sans éclairage public,Hors agglomération,Hors intersection,Normale,Trois véhicules et plus - collisions multiples,,,,,,,,,,,3,1,1,1.0,5.0
201000020189,0010-11-12 10:30:00,10,11,12,10,30,130,98,D.5,,,Plein jour,Hors agglomération,Hors intersection,Normale,Autre collision,,,,,,,,,,,1,1,1,1.0,6.0
201000020190,0010-11-04 14:20:00,10,11,4,14,20,130,63,CHARLES DE GAULLE AVENUE,,,Plein jour,En agglomération,Intersection en X,Normale,Deux véhicules - côté,,,,,,,,,,,1,2,2,1.0,3.0
201000020191,0010-11-16 21:30:00,10,11,16,21,30,130,47,"17, ROUQUIER CHEMIN DU",,,Nuit avec éclairage allumé,En agglomération,Hors intersection,Vent fort / tempête,Deux véhicules - arrière,,,,,,,,,,,5,2,1,6.0,2.0
201000020192,0010-11-21 16:15:00,10,11,21,16,15,130,63,"., QUATRE CHEMINS ROND P",,,Plein jour,Hors agglomération,Giratoire,Normale,Autre collision,,,,,,,,,,,1,1,6,1.0,6.0
201000020193,0010-12-03 13:10:00,10,12,3,13,10,130,47,RN 1569,43.532,4.9596,Plein jour,Hors agglomération,Hors intersection,Normale,Deux véhicules - frontale,,,,,,,,,,,1,1,1,1.0,1.0
201000020194,0010-12-03 22:55:00,10,12,3,22,55,130,98,R.N 569,,,Nuit sans éclairage public,Hors agglomération,Hors intersection,Normale,Autre collision,,,,,,,,,,,3,1,1,1.0,6.0
201000020195,0010-12-04 11:50:00,10,12,4,11,50,130,98,"., PAILLERIES RUE DES",,,Plein jour,En agglomération,Hors intersection,Normale,Autre collision,,,,,,,,,,,1,2,1,1.0,6.0
201000020196,0010-12-10 21:40:00,10,12,10,21,40,130,98,"., D.5",,,Nuit sans éclairage public,Hors agglomération,Hors intersection,Normale,Deux véhicules - arrière,,,,,,,,,,,3,1,1,1.0,2.0
201000020197,0010-12-21 15:15:00,10,12,21,15,15,130,98,CD16 (LE DELA),,,Plein jour,Hors agglomération,Hors intersection,Pluie légère,Deux véhicules - frontale,,,,,,,,,,,1,1,1,2.0,1.0
201000020198,0010-12-22 17:50:00,10,12,22,17,50,130,98,FELIX GOUIN AVENUE,,,Nuit sans éclairage public,En agglomération,Hors intersection,Normale,Autre collision,,,,,,,,,,,3,2,1,1.0,6.0
201000020199,0010-01-19 06:45:00,10,1,19,6,45,130,54,NOGUES  BD M.,43.4176,5.21962,Nuit avec éclairage non allumé,En agglomération,Hors intersection,Normale,Deux véhicules - côté,,,,,,,,,,,4,2,1,1.0,3.0
201000020200,0010-01-31 11:00:00,10,1,31,11,0,130,54,"22, ROSTAND  RUE EDMOND",43.416,5.20693,Plein jour,En agglomération,Intersection en T,Normale,Autre collision,,,,,,,,,,,1,2,3,1.0,6.0
201000020201,0010-02-04 20:35:00,10,2,4,20,35,130,43,"36, REPUBLIQUE  AVENUE D",,,Nuit avec éclairage allumé,En agglomération,Intersection en T,Pluie légère,Deux véhicules - côté,,,,,,,,,,,5,2,3,2.0,3.0
201000020202,0010-02-15 20:45:00,10,2,15,20,45,130,43,"5, HUGO  BD VICTOR",43.3931,5.2377,Nuit avec éclairage allumé,En agglomération,Hors intersection,Normale,Autre collision,,,,,,,,,,,5,2,1,1.0,6.0
201000020203,0010-02-22 20:00:00,10,2,22,20,0,130,54,"223, LACANAU  AVENUE DE",43.4043,5.24907,Nuit avec éclairage allumé,En agglomération,Hors intersection,Pluie forte,Deux véhicules - arrière,,,,,,,,,,,5,2,1,3.0,2.0
201000020204,0010-02-28 19:25:00,10,2,28,19,25,130,54,"08, CLEMENCEAU  BVARD G.",43.4143,5.21801,Nuit avec éclairage allumé,En agglomération,Hors intersection,Normale,Deux véhicules - frontale,,,,,,,,,,,5,2,1,1.0,1.0
201000020205,0010-03-03 10:20:00,10,3,3,10,20,130,102,"1102, ABBADIE  BLD",,,Plein jour,En agglomération,Intersection en T,Temps couvert,Deux véhicules - côté,,,,,,,,,,,1,2,3,8.0,3.0
201000020206,0010-03-05 16:30:00,10,3,5,16,30,130,43,MITTERAND  AV. FRANCOIS,,,Plein jour,En agglomération,Hors intersection,Normale,Deux véhicules - arrière,,,,,,,,,,,1,2,1,1.0,2.0
201000020207,0010-03-05 20:00:00,10,3,5,20,0,130,54,GARROS  RUE ROLAND,,,Nuit sans éclairage public,En agglomération,Hors intersection,Normale,Autre collision,,,,,,,,,,,3,2,1,1.0,6.0
201000020208,0010-03-13 00:01:00,10,3,13,0,1,130,54,"42, JAURES  AVE JEAN",43.4176,5.21573,Nuit avec éclairage allumé,En agglomération,Intersection en T,Normale,Deux véhicules - côté,,,,,,,,,,,5,2,3,1.0,3.0
201000020209,0010-03-25 07:55:00,10,3,25,7,55,130,54,JUIN  AVE MARECHAL,,,Plein jour,En agglomération,Hors intersection,Normale,Deux véhicules - côté,,,,,,,,,,,1,2,1,1.0,3.0
201000020210,0010-04-02 19:45:00,10,4,2,19,45,130,54,HUIT MAI 1945  AVE DU,43.4164,5.22615,Plein jour,En agglomération,Hors intersection,Normale,Deux véhicules - arrière,,,,,,,,,,,1,2,1,1.0,2.0
201000020211,0010-04-10 10:15:00,10,4,10,10,15,130,54,JUIN  AVE MARECHAL,43.4218,5.23237,Plein jour,Hors agglomération,Intersection en Y,Normale,Deux véhicules - côté,,,,,,,,,,,1,1,4,1.0,3.0
201000020212,0010-04-10 17:20:00,10,4,10,17,20,130,43,MEDITERRANEE  AVENUE DE,,,Plein jour,Hors agglomération,Hors intersection,Normale,Deux véhicules - arrière,,,,,,,,,,,1,1,1,1.0,2.0
201000020213,0010-04-19 08:30:00,10,4,19,8,30,130,102,LEOTARD  RUE HUGUETTE,,,Plein jour,En agglomération,Hors intersection,Normale,Deux véhicules - arrière,,,,,,,,,,,1,2,1,1.0,2.0
201000020214,0010-04-22 12:25:00,10,4,22,12,25,130,54,EUROPE  AVENUE DE L',,,Plein jour,En agglomération,Hors intersection,Normale,Deux véhicules - côté,,,,,,,,,,,1,2,1,1.0,3.0
201000020215,0010-05-03 13:40:00,10,5,3,13,40,130,102,"576, CAILLOUX  BLD R.",,,Plein jour,Hors agglomération,Hors intersection,Pluie légère,Autre collision,,,,,,,,,,,1,1,1,2.0,6.0
201000020216,0010-05-04 11:30:00,10,5,4,11,30,130,54,DE LATTRE TASSIGNY AV MA,43.4143,5.21514,Plein jour,En agglomération,Hors intersection,Pluie légère,Sans collision,,,,,,,,,,,1,2,1,2.0,7.0
201000020217,0010-05-04 14:00:00,10,5,4,14,0,130,43,FRANCOIS MITTERAND  AVEN,,,Plein jour,Hors agglomération,Hors intersection,Normale,Deux véhicules - arrière,,,,,,,,,,,1,1,1,1.0,2.0
201000020218,0010-05-06 13:45:00,10,5,6,13,45,130,43,MISTRAL  RUE FREDERIC,,,Plein jour,En agglomération,Intersection en T,Normale,Sans collision,,,,,,,,,,,1,2,3,1.0,7.0
201000020219,0010-05-12 05:40:00,10,5,12,5,40,130,43,POUSARAQUE  AVENUE DE LA,43.3879,5.22987,Nuit avec éclairage non allumé,En agglomération,Intersection en T,Normale,Deux véhicules - côté,,,,,,,,,,,4,2,3,1.0,3.0
201000020220,0010-05-14 09:40:00,10,5,14,9,40,130,54,FOUCAULT  RUE DU PERE,43.4192,5.22203,Plein jour,En agglomération,Intersection en X,Normale,Autre collision,,,,,,,,,,,1,2,2,1.0,6.0
201000020221,0010-05-19 07:25:00,10,5,19,7,25,130,54,PLAGE  ROUTE DE LA,,,Plein jour,En agglomération,Giratoire,Normale,Deux véhicules - côté,,,,,,,,,,,1,2,6,1.0,3.0
201000020222,0010-05-19 19:25:00,10,5,19,19,25,130,43,LIBERATION (BOULEVARD DE,,,Plein jour,En agglomération,Intersection en T,Normale,Deux véhicules - côté,,,,,,,,,,,1,2,3,1.0,3.0
201000020223,0010-05-21 09:15:00,10,5,21,9,15,130,43,COTE BLEUE  AVENUE DE LA,,,Plein jour,En agglomération,Hors intersection,Normale,Deux véhicules - arrière,,,,,,,,,,,1,2,1,1.0,2.0
201000020224,0010-05-21 20:20:00,10,5,21,20,20,130,102,"1, ABBADIE  BLD",,,Crépuscule ou aube,En agglomération,Hors intersection,Normale,Deux véhicules - côté,,,,,,,,,,,2,2,1,1.0,3.0
201000020225,0010-05-22 16:15:00,10,5,22,16,15,130,54,FIGUERAS  RUE DE,43.4183,5.209,Plein jour,En agglomération,Intersection en X,Normale,Deux véhicules - frontale,,,,,,,,,,,1,2,2,1.0,1.0
201000020226,0010-05-25 09:00:00,10,5,25,9,0,130,54,SAINT PIERRE  CHE DE,,,Plein jour,En agglomération,Hors intersection,Normale,Deux véhicules - côté,,,,,,,,,,,1,2,1,1.0,3.0
201000020227,0010-05-25 14:00:00,10,5,25,14,0,130,102,ABBADIE  BLD,,,Plein jour,En agglomération,Hors intersection,Normale,Deux véhicules - frontale,,,,,,,,,,,1,2,1,1.0,1.0
201000020228,0010-05-26 12:35:00,10,5,26,12,35,130,102,DUNANT  AVENUE HENRI,,,Plein jour,En agglomération,Intersection en T,Normale,Deux véhicules - côté,,,,,,,,,,,1,2,3,1.0,3.0
201000020229,0010-05-29 13:55:00,10,5,29,13,55,130,43,POUSARAQUE  AVENUE DE LA,43.3869,5.2236,Plein jour,En agglomération,Intersection en T,Normale,Deux véhicules - côté,,,,,,,,,,,1,2,3,1.0,3.0
201000020230,0010-06-02 13:40:00,10,6,2,13,40,130,102,CAILLOUX  BLD R.,,,Plein jour,En agglomération,Hors intersection,Normale,Autre collision,,,,,,,,,,,1,2,1,1.0,6.0
201000020231,0010-06-04 18:15:00,10,6,4,18,15,130,43,POMPIDOU  AVENUE,43.3875,5.21439,Plein jour,En agglomération,Intersection en T,Normale,Deux véhicules - arrière,,,,,,,,,,,1,2,3,1.0,2.0
201000020232,0010-06-04 21:35:00,10,6,4,21,35,130,43,RN 368,43.3935,5.20093,Nuit sans éclairage public,Hors agglomération,Intersection en T,Normale,Deux véhicules - côté,,,,,,,,,,,3,1,3,1.0,3.0
201000020233,0010-06-05 13:45:00,10,6,5,13,45,130,54,HUIT MAI 1945  AVE DU,,,Plein jour,En agglomération,Hors intersection,Normale,Sans collision,,,,,,,,,,,1,2,1,1.0,7.0
201000020234,0010-06-05 20:25:00,10,6,5,20,25,130,54,PLAGE  ROUTE DE LA,,,Plein jour,En agglomération,Hors intersection,Normale,Sans collision,,,,,,,,,,,1,2,1,1.0,7.0
201000020235,0010-06-07 19:40:00,10,6,7,19,40,130,54,LIAUTEY  PL MARECHAL,43.4193,5.22624,Plein jour,En agglomération,Intersection en T,Normale,Deux véhicules - frontale,,,,,,,,,,,1,2,3,1.0,1.0
201000020236,0010-06-09 14:25:00,10,6,9,14,25,130,54,"22, COMBATTANT A.F.N.",43.4098,5.22011,Plein jour,En agglomération,Intersection en T,Normale,Deux véhicules - côté,,,,,,,,,,,1,2,3,1.0,3.0
201000020237,0010-06-10 23:20:00,10,6,10,23,20,130,54,COMBATTANT A.F.N.,43.4052,5.22294,Nuit avec éclairage allumé,En agglomération,Intersection en X,Normale,Deux véhicules - frontale,,,,,,,,,,,5,2,2,1.0,1.0
201000020238,0010-06-10 15:20:00,10,6,10,15,20,130,43,"1310, MITTERAND  AV. FRA",,,Plein jour,En agglomération,Intersection en T,Normale,Deux véhicules - côté,,,,,,,,,,,1,2,3,1.0,3.0
201000020239,0010-06-10 22:20:00,10,6,10,22,20,130,43,VENTURA  AVENUE LINO,,,Nuit sans éclairage public,En agglomération,Hors intersection,Normale,Deux véhicules - frontale,,,,,,,,,,,3,2,1,1.0,1.0
201000020240,0010-06-12 21:00:00,10,6,12,21,0,130,102,APOLLINAIRE  AVENUE G.,,,Plein jour,En agglomération,Hors intersection,Normale,Sans collision,,,,,,,,,,,1,2,1,1.0,7.0
201000020241,0010-06-16 21:40:00,10,6,16,21,40,130,43,VENTURA  AVENUE LINO,,,Plein jour,En agglomération,Hors intersection,Normale,Trois véhicules et plus - collisions multiples,,,,,,,,,,,1,2,1,1.0,5.0
201000020242,0010-06-18 21:40:00,10,6,18,21,40,130,43,MITTERAND  AV. FRANCOIS,,,Plein jour,En agglomération,Hors intersection,Normale,Deux véhicules - côté,,,,,,,,,,,1,2,1,1.0,3.0
201000020243,0010-06-23 13:40:00,10,6,23,13,40,130,43,NATIONALE 368,43.3999,5.26331,Plein jour,Hors agglomération,Intersection en T,Normale,Deux véhicules - côté,,,,,,,,,,,1,1,3,1.0,3.0