accident_id,datetime,annee,mois,jour,heure,minute,departement,commune_insee,adresse,latitude,longitude,luminosite,agglomeration,intersection,meteo,collision,nb_vehicules,nb_usagers,nb_indemnes,nb_tues,nb_blesses_hosp,nb_blesses_legers,age_cond_1,age_cond_2,veh_type_cond_1,veh_type_cond_2,lum_code,agg_code,int_code,atm_code,col_code
201000020244,0010-06-26 13:25:00,10,6,26,13,25,130,54,HUIT MAI 1945  AVE DU,,,Plein jour,Hors agglomération,Hors intersection,Normale,Deux véhicules - arrière,,,,,,,,,,,1,1,1,1.0,2.0
201000020245,0010-06-26 14:20:00,10,6,26,14,20,130,54,WOLFSBURG  RUE DE,43.4171,5.22197,Plein jour,Hors agglomération,Intersection en T,Normale,Deux véhicules - côté,,,,,,,,,,,1,1,3,1.0,3.0
201000020246,0010-06-29 23:25:00,10,6,29,23,25,130,43,VENTURA  AVENUE LINO,43.3935,5.20093,Nuit sans éclairage public,Hors agglomération,Intersection en Y,Normale,Deux véhicules - côté,,,,,,,,,,,3,1,4,1.0,3.0
201000020247,0010-07-03 11:15:00,10,7,3,11,15,130,54,"7, SCHWEITZER  AVENUE DU",,,Plein jour,En agglomération,Hors intersection,Normale,Autre collision,,,,,,,,,,,1,2,1,1.0,6.0
201000020248,0010-07-05 18:20:00,10,7,5,18,20,130,102,GEANT CASINO,,,Plein jour,En agglomération,Hors intersection,Normale,Trois véhicules et plus - collisions multiples,,,,,,,,,,,1,2,1,1.0,5.0
201000020249,0010-07-06 16:25:00,10,7,6,16,25,130,54,CD 9,,,Plein jour,Hors agglomération,Hors intersection,Normale,Deux véhicules - côté,,,,,,,,,,,1,1,1,1.0,3.0
201000020250,0010-07-12 18:15:00,10,7,12,18,15,130,43,"0, POMPIDOU  AVENUE",,,Plein jour,En agglomération,Hors intersection,Normale,Deux véhicules - côté,,,,,,,,,,,1,2,1,1.0,3.0
201000020251,0010-07-14 13:45:00,10,7,14,13,45,130,54,CD9,,,Plein jour,En agglomération,Hors intersection,Normale,Deux véhicules - frontale,,,,,,,,,,,1,2,1,1.0,1.0
201000020252,0010-07-14 18:00:00,10,7,14,18,0,130,102,"1193, ABBADIE  BLD",,,Plein jour,En agglomération,Hors intersection,Normale,Autre collision,,,,,,,,,,,1,2,1,1.0,6.0
201000020253,0010-07-16 15:45:00,10,7,16,15,45,130,54,"0, JUIN  AVE MARECHAL",,,Plein jour,En agglomération,Giratoire,Normale,Deux véhicules - côté,,,,,,,,,,,1,2,6,1.0,3.0
201000020254,0010-07-17 16:05:00,10,7,17,16,5,130,54,MAI-45 AV DU 8,43.4118,5.21891,Plein jour,En agglomération,Giratoire,Normale,Deux véhicules - côté,,,,,,,,,,,1,2,6,1.0,3.0
201000020255,0010-07-22 00:10:00,10,7,22,0,10,130,54,MAI-45 AV DU 8,,,Nuit avec éclairage allumé,En agglomération,Giratoire,Normale,Deux véhicules - côté,,,,,,,,,,,5,2,6,1.0,3.0
201000020256,0010-07-24 09:10:00,10,7,24,9,10,130,54,"0, SCHWEITZER  AVENUE DU",43.4182,5.22033,Plein jour,En agglomération,Intersection en T,Normale,Autre collision,,,,,,,,,,,1,2,3,1.0,6.0
201000020257,0010-07-26 17:05:00,10,7,26,17,5,130,43,CURIE  AVENUE JOLIOT,,,Plein jour,En agglomération,Hors intersection,Normale,Deux véhicules - côté,,,,,,,,,,,1,2,1,1.0,3.0
201000020258,0010-07-27 10:30:00,10,7,27,10,30,130,43,POUSARAQUE  AVENUE DE LA,,,Plein jour,En agglomération,Hors intersection,Normale,Autre collision,,,,,,,,,,,1,2,1,1.0,6.0
201000020259,0010-07-28 17:20:00,10,7,28,17,20,130,43,"0, POMPIDOU  AVENUE",,,Plein jour,En agglomération,Hors intersection,Normale,Deux véhicules - côté,,,,,,,,,,,1,2,1,1.0,3.0
201000020260,0010-07-31 18:35:00,10,7,31,18,35,130,43,VENTURA  AVENUE LINO,,,Plein jour,Hors agglomération,Intersection en T,Normale,Deux véhicules - côté,,,,,,,,,,,1,1,3,1.0,3.0
201000020261,0010-08-02 01:05:00,10,8,2,1,5,130,102,CD20,,,Nuit sans éclairage public,Hors agglomération,Hors intersection,Temps couvert,Autre collision,,,,,,,,,,,3,1,1,8.0,6.0
201000020262,0010-07-29 14:00:00,10,7,29,14,0,130,54,MAI-45 AV DU 8,,,Plein jour,En agglomération,Hors intersection,Normale,Trois véhicules et plus - en chaîne,,,,,,,,,,,1,2,1,1.0,4.0
201000020263,0010-08-02 15:55:00,10,8,2,15,55,130,102,"1326, LIBERATION  BLD DE",,,Plein jour,En agglomération,Hors intersection,Pluie légère,Deux véhicules - côté,,,,,,,,,,,1,2,1,2.0,3.0
201000020264,0010-08-08 21:10:00,10,8,8,21,10,130,43,"180, PALACH  AVENUE YANN",,,Nuit avec éclairage allumé,En agglomération,Hors intersection,Normale,Deux véhicules - arrière,,,,,,,,,,,5,2,1,1.0,2.0
201000020265,0010-08-13 09:45:00,10,8,13,9,45,130,102,MOULIN  BLD JEAN,,,Plein jour,En agglomération,Intersection en Y,Normale,Deux véhicules - côté,,,,,,,,,,,1,2,4,1.0,3.0
201000020266,0010-08-17 19:30:00,10,8,17,19,30,130,54,"22, BARRELET  AVENUE HEN",43.4173,5.21105,Plein jour,En agglomération,Hors intersection,Normale,Deux véhicules - côté,,,,,,,,,,,1,2,1,1.0,3.0
201000020267,0010-08-28 15:00:00,10,8,28,15,0,130,54,PLAGE  ROUTE DE LA,,,Plein jour,En agglomération,Hors intersection,Normale,Deux véhicules - frontale,,,,,,,,,,,1,2,1,1.0,1.0
201000020268,0010-09-03 16:50:00,10,9,3,16,50,130,43,"285, ROVE  AVENUE DU",,,Plein jour,En agglomération,Hors intersection,Normale,Deux véhicules - côté,,,,,,,,,,,1,2,1,1.0,3.0
201000020269,0010-09-06 08:15:00,10,9,6,8,15,130,54,FIGUERAS  RUE DE,,,Plein jour,En agglomération,Intersection en X,Temps éblouissant,Autre collision,,,,,,,,,,,1,2,2,7.0,6.0
201000020270,0010-09-06 12:30:00,10,9,6,12,30,130,54,MERMOZ  RUE JEAN,,,Plein jour,En agglomération,Intersection en X,Normale,Autre collision,,,,,,,,,,,1,2,2,1.0,6.0
201000020271,0010-09-11 11:20:00,10,9,11,11,20,130,54,CLEMENCEAU  BVARD G.,,,Plein jour,En agglomération,Hors intersection,Normale,Deux véhicules - arrière,,,,,,,,,,,1,2,1,1.0,2.0
201000020272,0010-09-14 16:40:00,10,9,14,16,40,130,54,ROSTAND  RUE EDMOND,,,Plein jour,En agglomération,Hors intersection,Normale,Deux véhicules - arrière,,,,,,,,,,,1,2,1,1.0,2.0
201000020273,0010-09-16 16:15:00,10,9,16,16,15,130,54,"0, HUIT MAI 1945  AVE DU",,,Plein jour,En agglomération,Hors intersection,Normale,Deux véhicules - arrière,,,,,,,,,,,1,2,1,1.0,2.0
201000020274,0010-09-27 14:45:00,10,9,27,14,45,130,43,"00, MEDITERRANEE  AVENUE",,,Plein jour,Hors agglomération,Hors intersection,Normale,Deux véhicules - côté,,,,,,,,,,,1,1,1,1.0,3.0
201000020275,0010-09-29 13:15:00,10,9,29,13,15,130,54,JUIN  AVE MARECHAL,,,Plein jour,Hors agglomération,Hors intersection,Normale,Deux véhicules - arrière,,,,,,,,,,,1,1,1,1.0,2.0
201000020276,0010-09-29 19:50:00,10,9,29,19,50,130,54,CD9,,,Nuit sans éclairage public,Hors agglomération,Hors intersection,Normale,Autre collision,,,,,,,,,,,3,1,1,1.0,6.0
201000020277,0010-09-30 09:15:00,10,9,30,9,15,130,102,FERRISSE  BLD ROBERT,,,Plein jour,En agglomération,Hors intersection,Normale,Deux véhicules - arrière,,,,,,,,,,,1,2,1,1.0,2.0
201000020278,0010-09-30 14:10:00,10,9,30,14,10,130,43,ROUTE NATIONALE 568,,,Plein jour,Hors agglomération,Hors intersection,Normale,Deux véhicules - arrière,,,,,,,,,,,1,1,1,1.0,2.0
201000020279,0010-10-04 07:30:00,10,10,4,7,30,130,43,FRANCOIS MITTERAND  AVEN,,,Plein jour,En agglomération,Intersection en X,Temps couvert,Sans collision,,,,,,,,,,,1,2,2,8.0,7.0
201000020280,0010-10-06 08:30:00,10,10,6,8,30,130,54,COMBATTANT A.F.N.,,,Plein jour,En agglomération,Intersection en X,Normale,Deux véhicules - frontale,,,,,,,,,,,1,2,2,1.0,1.0
201000020281,0010-10-11 10:10:00,10,10,11,10,10,130,54,MAI-45 AV DU 8,,,Plein jour,En agglomération,Hors intersection,Temps couvert,Trois véhicules et plus - en chaîne,,,,,,,,,,,1,2,1,8.0,4.0
201000020282,0010-10-11 10:10:00,10,10,11,10,10,130,43,FERNANDEL  AVENUE,,,Plein jour,Hors agglomération,Hors intersection,Pluie légère,Deux véhicules - côté,,,,,,,,,,,1,1,1,2.0,3.0
201000020283,0010-10-14 14:30:00,10,10,14,14,30,130,43,VENTURA  AVENUE LINO,,,Plein jour,En agglomération,Intersection en X,Normale,Deux véhicules - arrière,,,,,,,,,,,1,2,2,1.0,2.0
201000020284,0010-10-19 12:20:00,10,10,19,12,20,130,54,HUIT MAI 1945  AVE DU,,,Plein jour,En agglomération,Hors intersection,Normale,Deux véhicules - côté,,,,,,,,,,,1,2,1,1.0,3.0
201000020285,0010-10-20 17:00:00,10,10,20,17,0,130,54,DE GAULLE  AVE GAL DE,,,Plein jour,En agglomération,Hors intersection,Normale,Autre collision,,,,,,,,,,,1,2,1,1.0,6.0
201000020286,0010-11-02 14:25:00,10,11,2,14,25,130,54,FIGUERAS  RUE DE,,,Plein jour,En agglomération,Intersection en X,Normale,Deux véhicules - côté,,,,,,,,,,,1,2,2,1.0,3.0
201000020287,0010-11-03 09:10:00,10,11,3,9,10,130,54,HUIT MAI 1945  AVE DU,,,Plein jour,En agglomération,Hors intersection,Normale,Sans collision,,,,,,,,,,,1,2,1,1.0,7.0
201000020288,0010-11-08 08:10:00,10,11,8,8,10,130,54,CARPENTIER  AVENUE GEORG,,,Plein jour,En agglomération,Intersection en T,Normale,Deux véhicules - côté,,,,,,,,,,,1,2,3,1.0,3.0
201000020289,0010-11-11 18:45:00,10,11,11,18,45,130,102,DUNANT  AVENUE HENRI,,,Nuit avec éclairage allumé,En agglomération,Intersection en T,Normale,Autre collision,,,,,,,,,,,5,2,3,1.0,6.0
201000020290,0010-11-12 17:00:00,10,11,12,17,0,130,54,HUIT MAI 1945  AVE DU,,,Plein jour,En agglomération,Hors intersection,Normale,Autre collision,,,,,,,,,,,1,2,1,1.0,6.0
201000020291,0010-11-17 15:30:00,10,11,17,15,30,130,102,"00, ABBADIE  BLD",,,Plein jour,En agglomération,Intersection en T,Normale,Deux véhicules - côté,,,,,,,,,,,1,2,3,1.0,3.0
201000020292,0010-10-24 16:00:00,10,10,24,16,0,130,54,"56, OLIVIERS  ALLEE DES",,,Plein jour,En agglomération,Hors intersection,Normale,Sans collision,,,,,,,,,,,1,2,1,1.0,7.0
201000020293,0010-10-23 19:45:00,10,10,23,19,45,130,54,COMBATTANT A.F.N.,,,Nuit avec éclairage allumé,En agglomération,Intersection en T,Normale,Deux véhicules - côté,,,,,,,,,,,5,2,3,1.0,3.0
201000020294,0010-11-28 00:15:00,10,11,28,0,15,130,54,FIGUERAS  RUE DE,,,Nuit avec éclairage allumé,En agglomération,Intersection en X,Pluie légère,Deux véhicules - côté,,,,,,,,,,,5,2,2,2.0,3.0
201000020295,0010-11-30 12:30:00,10,11,30,12,30,130,43,POUSARAQUE  AVENUE DE LA,,,Plein jour,En agglomération,Hors intersection,Normale,Deux véhicules - côté,,,,,,,,,,,1,2,1,1.0,3.0
201000020296,0010-12-02 07:40:00,10,12,2,7,40,130,43,FRANCOIS MITTERAND  AVEN,,,Plein jour,En agglomération,Hors intersection,Normale,Deux véhicules - frontale,,,,,,,,,,,1,2,1,1.0,1.0
201000020297,0010-12-02 16:45:00,10,12,2,16,45,130,54,GUYNEMER  ECOLE,,,Plein jour,En agglomération,Hors intersection,Normale,Sans collision,,,,,,,,,,,1,2,1,1.0,7.0
201000020298,0010-12-08 07:35:00,10,12,8,7,35,130,54,MAI-45 AV DU 8,,,Plein jour,En agglomération,Hors intersection,Normale,Autre collision,,,,,,,,,,,1,2,1,1.0,6.0
201000020299,0010-12-13 16:00:00,10,12,13,16,0,130,54,SALAN  AVE GENERAL,,,Plein jour,En agglomération,Intersection en X,Normale,Deux véhicules - côté,,,,,,,,,,,1,2,2,1.0,3.0
201000020300,0010-12-09 18:45:00,10,12,9,18,45,130,54,OLIVIERS  ALLEE DES,,,Nuit avec éclairage allumé,En agglomération,Intersection en X,Normale,Deux véhicules - côté,,,,,,,,,,,5,2,2,1.0,3.0
201000020301,0010-12-10 15:15:00,10,12,10,15,15,130,54,ROSTAND  RUE EDMOND,,,Plein jour,Hors agglomération,Hors intersection,Normale,Autre collision,,,,,,,,,,,1,1,1,1.0,6.0
201000020302,0010-12-13 14:05:00,10,12,13,14,5,130,54,COMBATTANT A.F.N.,,,Plein jour,En agglomération,Intersection en T,Normale,Deux véhicules - frontale,,,,,,,,,,,1,2,3,1.0,1.0
201000020303,0010-12-14 11:40:00,10,12,14,11,40,130,54,BARRELET  AVENUE HENRI,,,Plein jour,En agglomération,Intersection en X,Normale,Autre collision,,,,,,,,,,,1,2,2,1.0,6.0
201000020304,0010-12-15 07:40:00,10,12,15,7,40,130,54,FIGUERAS  RUE DE,,,Plein jour,En agglomération,Intersection en X,Normale,Deux véhicules - côté,,,,,,,,,,,1,2,2,1.0,3.0
201000020305,0010-12-16 09:50:00,10,12,16,9,50,130,54,"28, LACANAU  AVENUE DE",,,Plein jour,En agglomération,Hors intersection,Temps éblouissant,Sans collision,,,,,,,,,,,1,2,1,7.0,7.0
201000020306,0010-12-21 05:00:00,10,12,21,5,0,130,43,VENTURA  AVENUE LINO,43.3935,5.20093,Nuit sans éclairage public,Hors agglomération,Intersection en T,Pluie légère,Deux véhicules - côté,,,,,,,,,,,3,1,3,2.0,3.0
201000020307,0010-12-21 18:25:00,10,12,21,18,25,130,43,VENTURA  AVENUE LINO,,,Nuit sans éclairage public,Hors agglomération,Hors intersection,Pluie forte,Sans collision,,,,,,,,,,,3,1,1,3.0,7.0
201000020308,0010-12-21 18:50:00,10,12,21,18,50,130,102,HUIT MAI 45  AVENUE DU,,,Nuit sans éclairage public,Hors agglomération,Hors intersection,Pluie légère,Trois véhicules et plus - en chaîne,,,,,,,,,,,3,1,1,2.0,4.0
201000020309,0010-11-30 18:00:00,10,11,30,18,0,130,55,"1, PCE LOUIS BONNEFON",,,Nuit avec éclairage allumé,En agglomération,Hors intersection,Pluie légère,Deux véhicules - arrière,,,,,,,,,,,5,2,1,2.0,2.0
201000020310,0010-12-23 19:15:00,10,12,23,19,15,130,55,"153, AVE WILLIAM BOOTH",,,Nuit avec éclairage allumé,En agglomération,Intersection en T,Normale,Deux véhicules - côté,,,,,,,,,,,5,2,3,1.0,3.0
201000020311,0010-12-20 08:00:00,10,12,20,8,0,130,55,"25, TRA DE LA TREVARESSE",,,Plein jour,En agglomération,Hors intersection,Normale,Autre collision,,,,,,,,,,,1,2,1,1.0,6.0
201000020312,0010-12-02 09:10:00,10,12,2,9,10,130,55,"232, BD PAUL CLAUDEL",,,Plein jour,En agglomération,Hors intersection,Normale,Trois véhicules et plus - collisions multiples,,,,,,,,,,,1,2,1,1.0,5.0
201000020313,0010-10-29 07:50:00,10,10,29,7,50,130,55,"116, AVE D HAITI",,,Plein jour,En agglomération,Hors intersection,Normale,Deux véhicules - côté,,,,,,,,,,,1,2,1,1.0,3.0
201000020314,0010-12-03 07:10:00,10,12,3,7,10,130,2,"0, GENERAL LECLERC (AVEN",,,Plein jour,En agglomération,Giratoire,Normale,Deux véhicules - côté,,,,,,,,,,,1,2,6,1.0,3.0
201000020315,0010-12-07 18:25:00,10,12,7,18,25,130,55,"10, AVE DES CAILLOLS",,,Nuit avec éclairage allumé,En agglomération,Hors intersection,Normale,Autre collision,,,,,,,,,,,5,2,1,1.0,6.0
201000020316,0010-11-27 21:50:00,10,11,27,21,50,130,55,"93, BD FRANCOISE DUPARC",,,Nuit avec éclairage allumé,En agglomération,Hors intersection,Normale,Deux véhicules - arrière,,,,,,,,,,,5,2,1,1.0,2.0
201000020317,0010-11-29 08:40:00,10,11,29,8,40,130,55,"20, BD DE L' AMIRAL COUR",,,Plein jour,En agglomération,Autre intersection,Normale,Autre collision,,,,,,,,,,,1,2,9,1.0,6.0
201000020318,0010-10-28 13:25:00,10,10,28,13,25,130,55,"116, AVE JULES CANTINI",,,Plein jour,En agglomération,Intersection en T,Normale,Deux véhicules - frontale,,,,,,,,,,,1,2,3,1.0,1.0
201000020319,0010-12-23 18:00:00,10,12,23,18,0,130,55,"4, BD DE LA CARTONNERIE",,,Nuit avec éclairage allumé,En agglomération,Hors intersection,Pluie forte,Sans collision,,,,,,,,,,,5,2,1,3.0,7.0
201000020320,0010-11-12 18:30:00,10,11,12,18,30,130,55,"72, RTE DE LA VALENTINE",,,Nuit avec éclairage allumé,En agglomération,Hors intersection,Normale,Trois véhicules et plus - en chaîne,,,,,,,,,,,5,2,1,1.0,4.0
201000020321,0010-12-10 07:10:00,10,12,10,7,10,130,55,"6, AVE JEAN LOMBARD",,,Crépuscule ou aube,En agglomération,Hors intersection,Normale,Autre collision,,,,,,,,,,,2,2,1,1.0,6.0
201000020322,0010-10-05 23:20:00,10,10,5,23,20,130,55,"10, RTE DE LA VALENTINE",,,Nuit avec éclairage allumé,En agglomération,Hors intersection,Normale,Autre collision,,,,,,,,,,,5,2,1,1.0,6.0
201000020323,0010-12-13 16:30:00,10,12,13,16,30,130,55,"94, AVE ANDRE ZENATTI",,,Plein jour,En agglomération,Hors intersection,Normale,Autre collision,,,,,,,,,,,1,2,1,1.0,6.0
201000020324,0010-12-19 11:30:00,10,12,19,11,30,130,55,"00, RUE DE LYON",,,Plein jour,En agglomération,Hors intersection,Normale,Autre collision,,,,,,,,,,,1,2,1,1.0,6.0
201000020325,0010-12-21 17:35:00,10,12,21,17,35,130,55,"2, AVE DES FELIBRES",,,Nuit avec éclairage allumé,En agglomération,Hors intersection,Pluie forte,Trois véhicules et plus - en chaîne,,,,,,,,,,,5,2,1,3.0,4.0
201000020326,0010-12-14 19:15:00,10,12,14,19,15,130,55,AVE DU PRADO,,,Nuit avec éclairage non allumé,En agglomération,Hors intersection,Normale,Deux véhicules - côté,,,,,,,,,,,4,2,1,1.0,3.0
201000020327,0010-12-03 20:05:00,10,12,3,20,5,130,55,"64, BD DE LA COMTESSE",,,Nuit avec éclairage allumé,En agglomération,Hors intersection,Normale,Deux véhicules - frontale,,,,,,,,,,,5,2,1,1.0,1.0
201000020328,0010-09-27 12:50:00,10,9,27,12,50,130,55,"9, AVE COLGATE",,,Plein jour,En agglomération,Hors intersection,Normale,Deux véhicules - côté,,,,,,,,,,,1,2,1,1.0,3.0
201000020329,0010-12-15 12:45:00,10,12,15,12,45,130,55,AVE DE LUMINY,,,Plein jour,En agglomération,Hors intersection,Normale,Autre collision,,,,,,,,,,,1,2,1,1.0,6.0
201000020330,0010-12-22 18:30:00,10,12,22,18,30,130,55,"57, BD DE LA VALBARELLE",,,Nuit avec éclairage allumé,En agglomération,Hors intersection,Normale,Deux véhicules - arrière,,,,,,,,,,,5,2,1,1.0,2.0
201000020331,0010-12-23 16:30:00,10,12,23,16,30,130,55,"26, BD DE LOUVAIN",,,Plein jour,Hors agglomération,Hors intersection,Normale,Autre collision,,,,,,,,,,,1,1,1,1.0,6.0
201000020332,0010-10-27 17:30:00,10,10,27,17,30,130,55,"00, BD MICHELET",,,Plein jour,En agglomération,Hors intersection,Normale,Autre collision,,,,,,,,,,,1,2,1,1.0,6.0
201000020333,0010-12-24 18:00:00,10,12,24,18,0,130,55,"242, CHE DE LA MADRAGUE",,,Nuit avec éclairage allumé,En agglomération,Hors intersection,Normale,Trois véhicules et plus - collisions multiples,,,,,,,,,,,5,2,1,1.0,5.0
201000020334,0010-12-04 15:00:00,10,12,4,15,0,130,55,"74, RUE ALFRED CURTEL",,,Plein jour,En agglomération,Hors intersection,Normale,Autre collision,,,,,,,,,,,1,2,1,1.0,6.0
201000020335,0010-12-05 21:00:00,10,12,5,21,0,130,55,"00, AVE COLGATE",,,Nuit avec éclairage allumé,En agglomération,Hors intersection,Normale,Autre collision,,,,,,,,,,,5,2,1,1.0,6.0
201000020336,0010-10-26 13:45:00,10,10,26,13,45,130,55,"00, BD DE L' HUVEAUNE",,,Plein jour,En agglomération,Hors intersection,Normale,Autre collision,,,,,,,,,,,1,2,1,1.0,6.0
201000020337,0010-12-14 19:00:00,10,12,14,19,0,130,55,"09, AVE JEAN BOUIN",,,Nuit avec éclairage allumé,En agglomération,Hors intersection,Normale,Deux véhicules - arrière,,,,,,,,,,,5,2,1,1.0,2.0
201000020338,0010-11-24 20:00:00,10,11,24,20,0,130,55,"00, AVE JULES CANTINI",,,Nuit avec éclairage allumé,En agglomération,Hors intersection,Normale,Autre collision,,,,,,,,,,,5,2,1,1.0,6.0
201000020339,0010-12-10 22:15:00,10,12,10,22,15,130,55,"00, BD GUSTAVE GANAY",,,Nuit avec éclairage allumé,En agglomération,Hors intersection,Normale,Autre collision,,,,,,,,,,,5,2,1,1.0,6.0
201000020340,0010-12-07 11:10:00,10,12,7,11,10,130,55,"00, BD DE LA MILLIERE",,,Plein jour,En agglomération,Hors intersection,Normale,Deux véhicules - arrière,,,,,,,,,,,1,2,1,1.0,2.0
201000020341,0010-12-08 08:40:00,10,12,8,8,40,130,55,"00, AVE DES CAILLOLS",,,Plein jour,En agglomération,Hors intersection,Normale,Autre collision,,,,,,,,,,,1,2,1,1.0,6.0
201000020342,0010-10-28 17:00:00,10,10,28,17,0,130,55,"38, RUE AVIATEUR LE BRIX",,,Plein jour,En agglomération,Hors intersection,Normale,Deux véhicules - côté,,,,,,,,,,,1,2,1,1.0,3.0
201000020343,0010-12-06 19:50:00,10,12,6,19,50,130,55,"1, BD ACHILLE MARCEL",,,Nuit avec éclairage allumé,En agglomération,Hors intersection,Normale,Autre collision,,,,,,,,,,,5,2,1,1.0,6.0
201000020344,0010-09-07 14:00:00,10,9,7,14,0,130,55,"7, RUE PIERRE ROCHE",,,Plein jour,En agglomération,Intersection en X,Normale,Deux véhicules - côté,,,,,,,,,,,1,2,2,1.0,3.0
201000020345,0010-10-15 07:30:00,10,10,15,7,30,130,55,"90, BD BAILLE",,,Plein jour,En agglomération,Hors intersection,Normale,Deux véhicules - côté,,,,,,,,,,,1,2,1,1.0,3.0
201000020346,0010-11-30 13:30:00,10,11,30,13,30,130,55,"1B, CRS FRANKLIN ROOSEVE",,,Plein jour,En agglomération,Hors intersection,Normale,Autre collision,,,,,,,,,,,1,2,1,1.0,6.0
201000020347,0010-10-02 16:45:00,10,10,2,16,45,130,55,"180, RUE DE ROME",,,Plein jour,En agglomération,Hors intersection,Normale,Autre collision,,,,,,,,,,,1,2,1,1.0,6.0
201000020348,0010-12-05 19:30:00,10,12,5,19,30,130,55,"128, AVE DE LA VISTE",,,Nuit avec éclairage allumé,En agglomération,Hors intersection,Normale,Deux véhicules - côté,,,,,,,,,,,5,2,1,1.0,3.0
201000020349,0010-11-30 08:45:00,10,11,30,8,45,130,55,"1, ECH ECHANGEUR SARTRE",,,Plein jour,En agglomération,Hors intersection,Normale,Deux véhicules - arrière,,,,,,,,,,,1,2,1,1.0,2.0
201000020350,0010-11-19 19:00:00,10,11,19,19,0,130,55,RPT ANTOINE SARTORIO,,,Nuit avec éclairage allumé,En agglomération,Hors intersection,Normale,Deux véhicules - frontale,,,,,,,,,,,5,2,1,1.0,1.0
201000020351,0010-12-31 16:00:00,10,12,31,16,0,130,55,"6, RUE DE PROVENCE",,,Plein jour,En agglomération,Hors intersection,Normale,Autre collision,,,,,,,,,,,1,2,1,1.0,6.0
201000020352,0010-12-07 12:15:00,10,12,7,12,15,130,55,"155BIS, AVE DE SAINT ANT",,,Plein jour,En agglomération,Hors intersection,Normale,Deux véhicules - côté,,,,,,,,,,,1,2,1,1.0,3.0
201000020353,0010-12-19 20:50:00,10,12,19,20,50,130,55,"25, RUE DE L' OLIVIER",,,Nuit avec éclairage allumé,En agglomération,Hors intersection,Normale,Deux véhicules - côté,,,,,,,,,,,5,2,1,1.0,3.0
201000020354,0010-12-26 05:50:00,10,12,26,5,50,130,55,"1, CRS JEAN BALLARD",,,Nuit avec éclairage allumé,En agglomération,Hors intersection,Normale,Autre collision,,,,,,,,,,,5,2,1,1.0,6.0
201000020355,0010-12-27 16:15:00,10,12,27,16,15,130,55,RUE DES RECOLETTES,,,Plein jour,En agglomération,Intersection en T,Normale,Autre collision,,,,,,,,,,,1,2,3,1.0,6.0
201000020356,0010-12-25 15:10:00,10,12,25,15,10,130,55,"27, CRS PIERRE PUGET",,,Plein jour,En agglomération,Intersection en X,Normale,Deux véhicules - côté,,,,,,,,,,,1,2,2,1.0,3.0
201000020357,0010-12-24 16:15:00,10,12,24,16,15,130,55,"28, BD CHARLES NEDELEC",,,Plein jour,En agglomération,Hors intersection,Normale,Deux véhicules - côté,,,,,,,,,,,1,2,1,1.0,3.0
201000020358,0010-12-28 15:30:00,10,12,28,15,30,130,55,"147, BD BAILLE",,,Plein jour,En agglomération,Hors intersection,Normale,Deux véhicules - arrière,,,,,,,,,,,1,2,1,1.0,2.0
201000020359,0010-12-29 14:30:00,10,12,29,14,30,130,55,"67, ALL DE LA GRANDE BAS",,,Plein jour,En agglomération,Autre intersection,Normale,Deux véhicules - côté,,,,,,,,,,,1,2,9,1.0,3.0
201000020360,0010-12-02 18:30:00,10,12,2,18,30,130,55,RPT JEAN DE TCHORLOU,,,Nuit avec éclairage allumé,En agglomération,Giratoire,Normale,Deux véhicules - côté,,,,,,,,,,,5,2,6,1.0,3.0
201000020361,0010-10-30 08:50:00,10,10,30,8,50,130,55,"54, BD MICHELET",,,Plein jour,En agglomération,Hors intersection,Normale,Deux véhicules - côté,,,,,,,,,,,1,2,1,1.0,3.0
201000020362,0010-06-24 16:30:00,10,6,24,16,30,130,55,"34, BD DU CAPITAINE GEZE",,,Plein jour,En agglomération,Hors intersection,Normale,Deux véhicules - côté,,,,,,,,,,,1,2,1,1.0,3.0
201000020363,0010-12-15 17:30:00,10,12,15,17,30,130,55,"0, RUE SAINTE",,,Nuit avec éclairage allumé,En agglomération,Hors intersection,Normale,Autre collision,,,,,,,,,,,5,2,1,1.0,6.0
201000020364,0010-12-23 21:00:00,10,12,23,21,0,130,55,"75, RUE DU ROUET",,,Nuit avec éclairage allumé,En agglomération,Hors intersection,Normale,Deux véhicules - arrière,,,,,,,,,,,5,2,1,1.0,2.0
201000020365,0010-12-11 10:45:00,10,12,11,10,45,130,55,"3, PCE DES TROIS LUCS",,,Plein jour,En agglomération,Hors intersection,Normale,Autre collision,,,,,,,,,,,1,2,1,1.0,6.0
201000020366,0010-12-11 06:00:00,10,12,11,6,0,130,55,"357, BD BARRAL",,,Nuit avec éclairage allumé,En agglomération,Hors intersection,Normale,Autre collision,,,,,,,,,,,5,2,1,1.0,6.0
201000020367,0010-10-19 16:00:00,10,10,19,16,0,130,55,"29, BD SCHLOESING",,,Plein jour,En agglomération,Hors intersection,Normale,Deux véhicules - côté,,,,,,,,,,,1,2,1,1.0,3.0
201000020368,0010-12-16 16:30:00,10,12,16,16,30,130,2,"1, QUATRE SAISONS (ROUTE",,,Plein jour,En agglomération,Giratoire,Normale,Deux véhicules - arrière,,,,,,,,,,,1,2,6,1.0,2.0
201000020369,0010-12-18 03:30:00,10,12,18,3,30,130,55,"00, BD JEAN MOULIN",,,Nuit avec éclairage allumé,En agglomération,Hors intersection,Normale,Deux véhicules - arrière,,,,,,,,,,,5,2,1,1.0,2.0
201000020370,0010-09-13 18:00:00,10,9,13,18,0,130,55,"08, CHE DU VALLON DE TOU",,,Plein jour,En agglomération,Hors intersection,Normale,Deux véhicules - arrière,,,,,,,,,,,1,2,1,1.0,2.0