accident_id,datetime,annee,mois,jour,heure,minute,departement,commune_insee,adresse,latitude,longitude,luminosite,agglomeration,intersection,meteo,collision,nb_vehicules,nb_usagers,nb_indemnes,nb_tues,nb_blesses_hosp,nb_blesses_legers,age_cond_1,age_cond_2,veh_type_cond_1,veh_type_cond_2,lum_code,agg_code,int_code,atm_code,col_code
201000020498,0010-02-06 10:00:00,10,2,6,10,0,130,55,"90, RUE DE CRIMEE",,,Plein jour,En agglomération,Intersection en T,Normale,Autre collision,,,,,,,,,,,1,2,3,1.0,6.0
201000020499,0010-02-11 23:30:00,10,2,11,23,30,130,55,AVE JEAN PAUL SARTRE,,,Nuit avec éclairage allumé,En agglomération,Hors intersection,Normale,Sans collision,,,,,,,,,,,5,2,1,1.0,7.0
201000020500,0010-02-15 10:30:00,10,2,15,10,30,130,55,"1, PCE DE ROME",,,Plein jour,En agglomération,Hors intersection,Normale,Autre collision,,,,,,,,,,,1,2,1,1.0,6.0
201000020501,0010-02-11 17:20:00,10,2,11,17,20,130,55,AVE DES OLIVES,,,Nuit avec éclairage allumé,En agglomération,Intersection en T,Pluie légère,Deux véhicules - côté,,,,,,,,,,,5,2,3,2.0,3.0
201000020502,0010-11-08 22:10:00,10,11,8,22,10,130,55,VAC AUTO NORD MONT ARNAV,43.4853,5.23403,Nuit avec éclairage allumé,En agglomération,Intersection en T,Normale,Deux véhicules - côté,,,,,,,,,,,5,2,3,1.0,3.0
201000020503,0010-02-12 14:35:00,10,2,12,14,35,130,55,AVE DES BUTRIS,,,Plein jour,En agglomération,Intersection en T,Normale,Deux véhicules - côté,,,,,,,,,,,1,2,3,1.0,3.0
201000020504,0010-12-02 14:20:00,10,12,2,14,20,130,55,"73, AVE COROT",,,Plein jour,En agglomération,Hors intersection,Normale,Deux véhicules - arrière,,,,,,,,,,,1,2,1,1.0,2.0
201000020505,0010-02-12 20:00:00,10,2,12,20,0,130,55,"204, BD DE SAINT LOUP",,,Nuit avec éclairage non allumé,En agglomération,Hors intersection,Normale,Deux véhicules - frontale,,,,,,,,,,,4,2,1,1.0,1.0
201000020506,0010-02-08 17:15:00,10,2,8,17,15,130,2,"00, ETIENNE CUCCA-CD908",,,Plein jour,Hors agglomération,Hors intersection,Normale,Autre collision,,,,,,,,,,,1,1,1,1.0,6.0
201000020507,0010-02-18 00:15:00,10,2,18,0,15,130,55,VOI LA CANEBIERE,,,Nuit avec éclairage allumé,En agglomération,Hors intersection,Normale,Deux véhicules - arrière,,,,,,,,,,,5,2,1,1.0,2.0
201000020508,0010-10-25 18:00:00,10,10,25,18,0,130,55,"03, RUE LOUBON",,,Plein jour,En agglomération,Hors intersection,Normale,Sans collision,,,,,,,,,,,1,2,1,1.0,7.0
201000020509,0010-02-19 18:55:00,10,2,19,18,55,130,55,"22, AVE ELLEON",,,Crépuscule ou aube,En agglomération,Hors intersection,Normale,Deux véhicules - côté,,,,,,,,,,,2,2,1,1.0,3.0
201000020510,0010-02-14 21:45:00,10,2,14,21,45,130,55,AVE ALEXANDRE FLEMING,,,Nuit avec éclairage allumé,En agglomération,Hors intersection,Normale,Autre collision,,,,,,,,,,,5,2,1,1.0,6.0
201000020511,0010-02-18 15:25:00,10,2,18,15,25,130,55,"80, BD CHAVE",,,Plein jour,En agglomération,Intersection en T,Normale,Autre collision,,,,,,,,,,,1,2,3,1.0,6.0
201000020512,0010-02-12 14:30:00,10,2,12,14,30,130,55,RPT ALBERT EINSTEIN BD D,,,Plein jour,En agglomération,Hors intersection,Normale,Autre collision,,,,,,,,,,,1,2,1,1.0,6.0
201000020513,0010-01-19 09:30:00,10,1,19,9,30,130,55,"73, AVE DES OLIVES",,,Plein jour,En agglomération,Hors intersection,Normale,Deux véhicules - côté,,,,,,,,,,,1,2,1,1.0,3.0
201000020514,0010-12-25 01:30:00,10,12,25,1,30,130,55,"41 BIS, AVE MISTRAL",,,Nuit avec éclairage allumé,En agglomération,Hors intersection,Normale,Deux véhicules - frontale,,,,,,,,,,,5,2,1,1.0,1.0
201000020515,0010-12-17 18:35:00,10,12,17,18,35,130,55,"40, RTE DES CAMOINS",,,Nuit avec éclairage allumé,En agglomération,Hors intersection,Normale,Autre collision,,,,,,,,,,,5,2,1,1.0,6.0
201000020516,0010-10-18 17:00:00,10,10,18,17,0,130,55,"43, AVE PASTEUR",,,Plein jour,En agglomération,Intersection en X,Normale,Deux véhicules - côté,,,,,,,,,,,1,2,2,1.0,3.0
201000020517,0010-02-19 22:05:00,10,2,19,22,5,130,55,BD MIREILLE LAUZE,,,Nuit avec éclairage allumé,En agglomération,Hors intersection,Normale,Autre collision,,,,,,,,,,,5,2,1,1.0,6.0
201000020518,0010-04-01 20:15:00,10,4,1,20,15,130,55,"440, RUE PARADIS",,,Crépuscule ou aube,En agglomération,Intersection en X,Normale,Autre collision,,,,,,,,,,,2,2,2,1.0,6.0
201000020519,0010-02-22 11:45:00,10,2,22,11,45,130,55,"51, RUE DU DOCTEUR ACQUA",,,Plein jour,En agglomération,Intersection en X,Normale,Autre collision,,,,,,,,,,,1,2,2,1.0,6.0
201000020520,0010-01-05 09:30:00,10,1,5,9,30,130,55,"00, RUE D AIX",,,Plein jour,En agglomération,Hors intersection,Normale,Autre collision,,,,,,,,,,,1,2,1,1.0,6.0
201000020521,0010-12-14 14:20:00,10,12,14,14,20,130,55,"79, AVE DE LA ROSE",,,Plein jour,En agglomération,Hors intersection,Normale,Deux véhicules - côté,,,,,,,,,,,1,2,1,1.0,3.0
201000020522,0010-02-08 20:15:00,10,2,8,20,15,130,55,"65, AVE DU PRADO",,,Nuit avec éclairage allumé,En agglomération,Hors intersection,Autre,Autre collision,,,,,,,,,,,5,2,1,9.0,6.0
201000020523,0010-02-01 15:30:00,10,2,1,15,30,130,55,"00, RUE ROUX DE BRIGNOLE",,,Plein jour,En agglomération,Hors intersection,Normale,Autre collision,,,,,,,,,,,1,2,1,1.0,6.0
201000020524,0010-02-26 13:55:00,10,2,26,13,55,130,55,BD JEAN MOULIN,,,Plein jour,En agglomération,Hors intersection,Normale,Trois véhicules et plus - collisions multiples,,,,,,,,,,,1,2,1,1.0,5.0
201000020525,0010-02-28 02:30:00,10,2,28,2,30,130,55,"1, RPT DE MAZARGUES",,,Nuit avec éclairage allumé,En agglomération,Hors intersection,Normale,Autre collision,,,,,,,,,,,5,2,1,1.0,6.0
201000020526,0010-02-28 08:50:00,10,2,28,8,50,130,55,"16, BD LAZER",,,Plein jour,En agglomération,Hors intersection,Normale,Autre collision,,,,,,,,,,,1,2,1,1.0,6.0
201000020527,0010-02-26 17:55:00,10,2,26,17,55,130,55,"01, RUE PIERRE DRAVET",,,Crépuscule ou aube,En agglomération,Hors intersection,Normale,Autre collision,,,,,,,,,,,2,2,1,1.0,6.0
201000020528,0010-02-27 22:55:00,10,2,27,22,55,130,55,"0, BD DE LA CARTONNERIE",,,Nuit avec éclairage allumé,En agglomération,Hors intersection,Normale,Autre collision,,,,,,,,,,,5,2,1,1.0,6.0
201000020529,0010-02-15 18:45:00,10,2,15,18,45,130,55,"1, RUE DU COMMANDANT ROL",,,Nuit avec éclairage allumé,En agglomération,Autre intersection,Normale,Deux véhicules - frontale,,,,,,,,,,,5,2,9,1.0,1.0
201000020530,0010-02-12 16:40:00,10,2,12,16,40,130,55,AVE CLOT BEY,,,Plein jour,En agglomération,Hors intersection,Normale,Deux véhicules - arrière,,,,,,,,,,,1,2,1,1.0,2.0
201000020531,0010-03-01 15:00:00,10,3,1,15,0,130,55,"139, CHE DE LA MADRAGUE",,,Plein jour,En agglomération,Hors intersection,Normale,Autre collision,,,,,,,,,,,1,2,1,1.0,6.0
201000020532,0010-02-21 14:50:00,10,2,21,14,50,130,55,"79, AVE DE LA CAPELETTE",,,Plein jour,En agglomération,Hors intersection,Normale,Autre collision,,,,,,,,,,,1,2,1,1.0,6.0
201000020533,0010-02-24 13:30:00,10,2,24,13,30,130,55,"135, AVE DE MONTOLIVET",,,Plein jour,En agglomération,Hors intersection,Pluie légère,Trois véhicules et plus - en chaîne,,,,,,,,,,,1,2,1,2.0,4.0
201000020534,0010-02-24 19:00:00,10,2,24,19,0,130,55,"52, BD DE LA POMME",,,Nuit avec éclairage allumé,En agglomération,Hors intersection,Normale,Deux véhicules - côté,,,,,,,,,,,5,2,1,1.0,3.0
201000020535,0010-02-03 10:15:00,10,2,3,10,15,130,55,RUE LE CHATELIER,,,Plein jour,En agglomération,Intersection en X,Normale,Deux véhicules - frontale,,,,,,,,,,,1,2,2,1.0,1.0
201000020536,0010-02-13 20:20:00,10,2,13,20,20,130,55,"88, AVE DE LA ROSE",,,Nuit sans éclairage public,En agglomération,Hors intersection,Normale,Autre collision,,,,,,,,,,,3,2,1,1.0,6.0
201000020537,0010-02-24 17:00:00,10,2,24,17,0,130,55,CHE DE SAINTE MARTHE,,,Plein jour,En agglomération,Giratoire,Normale,Deux véhicules - arrière,,,,,,,,,,,1,2,6,1.0,2.0
201000020538,0010-02-07 15:10:00,10,2,7,15,10,130,55,"11, CHE DES JONQUILLES",,,Plein jour,En agglomération,Hors intersection,Normale,Autre collision,,,,,,,,,,,1,2,1,1.0,6.0
201000020539,0010-02-15 13:45:00,10,2,15,13,45,130,55,"31, TRA PARANGON",,,Plein jour,En agglomération,Hors intersection,Normale,Trois véhicules et plus - collisions multiples,,,,,,,,,,,1,2,1,1.0,5.0
201000020540,0010-03-01 16:45:00,10,3,1,16,45,130,55,"58, RUE ERNEST ROUVIER",,,Plein jour,En agglomération,Hors intersection,Normale,Sans collision,,,,,,,,,,,1,2,1,1.0,7.0
201000020541,0010-02-06 11:45:00,10,2,6,11,45,130,55,"100, CRS GOUFFE",,,Plein jour,En agglomération,Hors intersection,Normale,Deux véhicules - côté,,,,,,,,,,,1,2,1,1.0,3.0
201000020542,0010-02-17 21:00:00,10,2,17,21,0,130,55,RUE DE ROME,,,Nuit avec éclairage allumé,En agglomération,Hors intersection,Pluie légère,Trois véhicules et plus - en chaîne,,,,,,,,,,,5,2,1,2.0,4.0
201000020543,0010-02-15 15:00:00,10,2,15,15,0,130,55,"2, AVE DE DELPHES",,,Plein jour,En agglomération,Hors intersection,Normale,Deux véhicules - côté,,,,,,,,,,,1,2,1,1.0,3.0
201000020544,0010-02-16 14:20:00,10,2,16,14,20,130,55,"171, BD MICHELET",43.2686,5.39326,Plein jour,En agglomération,Hors intersection,Pluie légère,Trois véhicules et plus - en chaîne,,,,,,,,,,,1,2,1,2.0,4.0
201000020545,0010-02-08 20:20:00,10,2,8,20,20,130,55,"74, BD PERIER",,,Nuit avec éclairage allumé,En agglomération,Hors intersection,Normale,Sans collision,,,,,,,,,,,5,2,1,1.0,7.0
201000020546,0010-01-21 21:30:00,10,1,21,21,30,130,55,"137, BD DE PLOMBIERES",,,Nuit avec éclairage allumé,En agglomération,Hors intersection,Normale,Deux véhicules - arrière,,,,,,,,,,,5,2,1,1.0,2.0
201000020547,0010-02-19 13:50:00,10,2,19,13,50,130,55,"3, BD DU MARECHAL JUIN",,,Plein jour,En agglomération,Intersection en X,Normale,Deux véhicules - côté,,,,,,,,,,,1,2,2,1.0,3.0
201000020548,0010-02-26 08:30:00,10,2,26,8,30,130,55,"150, BD DE PONT DE VIVAU",,,Plein jour,En agglomération,Hors intersection,Normale,Sans collision,,,,,,,,,,,1,2,1,1.0,7.0
201000020549,0010-02-24 19:00:00,10,2,24,19,0,130,55,"19, AVE DE CHATEAU GOMBE",,,Nuit avec éclairage allumé,En agglomération,Hors intersection,Normale,Deux véhicules - côté,,,,,,,,,,,5,2,1,1.0,3.0
201000020550,0010-02-25 08:40:00,10,2,25,8,40,130,55,"7, RUE EMMANUEL EYDOUX",,,Plein jour,En agglomération,Hors intersection,Normale,Autre collision,,,,,,,,,,,1,2,1,1.0,6.0
201000020551,0010-02-14 13:30:00,10,2,14,13,30,130,55,"13, RUE CADE",,,Plein jour,En agglomération,Hors intersection,Normale,Deux véhicules - côté,,,,,,,,,,,1,2,1,1.0,3.0
201000020552,0010-02-21 17:00:00,10,2,21,17,0,130,55,"4, BD DE PARIS",,,Plein jour,En agglomération,Hors intersection,Normale,Trois véhicules et plus - en chaîne,,,,,,,,,,,1,2,1,1.0,4.0
201000020553,0010-02-19 15:00:00,10,2,19,15,0,130,55,"11, RUE GRAND RUE",,,Plein jour,En agglomération,Hors intersection,Pluie légère,Deux véhicules - côté,,,,,,,,,,,1,2,1,2.0,3.0
201000020554,0010-02-06 12:20:00,10,2,6,12,20,130,55,"100, CRS GOUFFE",,,Plein jour,En agglomération,Intersection en X,Normale,Deux véhicules - côté,,,,,,,,,,,1,2,2,1.0,3.0
201000020555,0010-02-23 20:30:00,10,2,23,20,30,130,55,"283, AVE DE CHATEAU GOMB",,,Nuit avec éclairage allumé,En agglomération,Hors intersection,Normale,Deux véhicules - arrière,,,,,,,,,,,5,2,1,1.0,2.0
201000020556,0010-01-22 10:45:00,10,1,22,10,45,130,55,"13, BD DE LA LIBERTE",,,Plein jour,En agglomération,Intersection en X,Normale,Deux véhicules - côté,,,,,,,,,,,1,2,2,1.0,3.0
201000020557,0010-02-11 12:25:00,10,2,11,12,25,130,55,"49, VOI LA CANEBIERE",,,Plein jour,En agglomération,Hors intersection,Normale,Autre collision,,,,,,,,,,,1,2,1,1.0,6.0
201000020558,0010-02-18 21:00:00,10,2,18,21,0,130,55,"00, BD DE LA POMME",,,Nuit avec éclairage allumé,En agglomération,Autre intersection,Normale,Deux véhicules - arrière,,,,,,,,,,,5,2,9,1.0,2.0
201000020559,0010-02-10 20:00:00,10,2,10,20,0,130,55,"00, AVE RAOUL FOLLEREAU",,,Nuit avec éclairage allumé,En agglomération,Hors intersection,Normale,Autre collision,,,,,,,,,,,5,2,1,1.0,6.0
201000020560,0010-02-14 14:00:00,10,2,14,14,0,130,55,"00, RPT CLAUDIE DARCY",,,Plein jour,En agglomération,Giratoire,Normale,Autre collision,,,,,,,,,,,1,2,6,1.0,6.0
201000020561,0010-02-01 08:30:00,10,2,1,8,30,130,55,"05, BD VELASQUEZ",,,Plein jour,En agglomération,Hors intersection,Normale,Autre collision,,,,,,,,,,,1,2,1,1.0,6.0
201000020562,0010-12-13 12:10:00,10,12,13,12,10,130,55,"107, BD SAKAKINI",,,Plein jour,En agglomération,Hors intersection,Normale,Trois véhicules et plus - collisions multiples,,,,,,,,,,,1,2,1,1.0,5.0
201000020563,0010-02-23 08:30:00,10,2,23,8,30,130,55,ALL DU HAMEAU DE LA ROCH,,,Plein jour,En agglomération,Hors intersection,Normale,Autre collision,,,,,,,,,,,1,2,1,1.0,6.0
201000020564,0010-02-25 15:00:00,10,2,25,15,0,130,55,"12, RUE DU CAMBODGE",,,Plein jour,En agglomération,Hors intersection,Normale,Autre collision,,,,,,,,,,,1,2,1,1.0,6.0
201000020565,0010-03-05 02:00:00,10,3,5,2,0,130,55,"20, RUE SAINT FERREOL",43.2926,5.37887,Nuit avec éclairage allumé,En agglomération,Intersection en X,Normale,Deux véhicules - côté,,,,,,,,,,,5,2,2,1.0,3.0
201000020566,0010-02-25 08:40:00,10,2,25,8,40,130,55,"198, RUE PAUL COXE",,,Plein jour,En agglomération,Hors intersection,Normale,Deux véhicules - arrière,,,,,,,,,,,1,2,1,1.0,2.0
201000020567,0010-02-25 11:40:00,10,2,25,11,40,130,55,"106, BD DES DAMES",,,Plein jour,En agglomération,Hors intersection,Normale,Deux véhicules - côté,,,,,,,,,,,1,2,1,1.0,3.0
201000020568,0010-02-24 08:20:00,10,2,24,8,20,130,55,"109, BD RABATAU",,,Plein jour,En agglomération,Hors intersection,Normale,Autre collision,,,,,,,,,,,1,2,1,1.0,6.0
201000020569,0010-01-19 18:30:00,10,1,19,18,30,130,55,"1, RUE DE FORBIN",,,Nuit avec éclairage allumé,En agglomération,Hors intersection,Normale,Autre collision,,,,,,,,,,,5,2,1,1.0,6.0
201000020570,0010-02-24 20:40:00,10,2,24,20,40,130,55,"46, RUE PAUL COXE",,,Nuit avec éclairage allumé,En agglomération,Intersection en T,Normale,Sans collision,,,,,,,,,,,5,2,3,1.0,7.0
201000020571,0010-12-14 17:45:00,10,12,14,17,45,130,55,"34, RUE DE LYON",,,Nuit avec éclairage allumé,En agglomération,Hors intersection,Normale,Deux véhicules - côté,,,,,,,,,,,5,2,1,1.0,3.0
201000020572,0010-02-28 19:30:00,10,2,28,19,30,130,55,"02, BD DE PARIS",,,Nuit avec éclairage allumé,En agglomération,Hors intersection,Normale,Autre collision,,,,,,,,,,,5,2,1,1.0,6.0
201000020573,0010-12-08 18:00:00,10,12,8,18,0,130,55,"1, RPT PERE WRESINKI",,,Nuit avec éclairage allumé,En agglomération,Giratoire,Pluie légère,Deux véhicules - arrière,,,,,,,,,,,5,2,6,2.0,2.0
201000020574,0010-02-23 19:30:00,10,2,23,19,30,130,55,"112, AVE WILLIAM BOOTH",,,Nuit avec éclairage allumé,En agglomération,Hors intersection,Normale,Sans collision,,,,,,,,,,,5,2,1,1.0,7.0
201000020575,0010-03-02 21:45:00,10,3,2,21,45,130,55,"24, PAL BOULEVARD RABATA",,,Nuit avec éclairage allumé,En agglomération,Hors intersection,Normale,Deux véhicules - côté,,,,,,,,,,,5,2,1,1.0,3.0
201000020576,0010-03-07 14:30:00,10,3,7,14,30,130,55,"52, RUE DE LYON",,,Plein jour,En agglomération,Intersection en T,Temps couvert,Deux véhicules - arrière,,,,,,,,,,,1,2,3,8.0,2.0
201000020577,0010-02-25 07:40:00,10,2,25,7,40,130,55,"2, TRA DE LA DOMINIQUE",,,Plein jour,En agglomération,Hors intersection,Normale,Deux véhicules - arrière,,,,,,,,,,,1,2,1,1.0,2.0
201000020578,0010-02-20 12:10:00,10,2,20,12,10,130,55,"129, AVE DES OLIVES",,,Plein jour,En agglomération,Hors intersection,Normale,Deux véhicules - arrière,,,,,,,,,,,1,2,1,1.0,2.0
201000020579,0010-02-25 18:15:00,10,2,25,18,15,130,55,"68, VOI LA CANEBIERE",,,Crépuscule ou aube,En agglomération,Intersection en X,Normale,Sans collision,,,,,,,,,,,2,2,2,1.0,7.0
201000020580,0010-01-28 15:30:00,10,1,28,15,30,130,55,"36, BD JEAN MOULIN",,,Plein jour,En agglomération,Hors intersection,Normale,Deux véhicules - arrière,,,,,,,,,,,1,2,1,1.0,2.0
201000020581,0010-02-26 22:00:00,10,2,26,22,0,130,55,"34, RUE SAINT FERREOL",,,Nuit avec éclairage allumé,En agglomération,Hors intersection,Normale,Autre collision,,,,,,,,,,,5,2,1,1.0,6.0
201000020582,0010-02-25 14:45:00,10,2,25,14,45,130,55,"112, AVE WILLIAM BOOTH",,,Plein jour,En agglomération,Hors intersection,Autre,Deux véhicules - frontale,,,,,,,,,,,1,2,1,9.0,1.0
201000020583,0010-02-25 08:45:00,10,2,25,8,45,130,55,"63, TRA DU COMMANDEUR",,,Plein jour,En agglomération,Hors intersection,Temps éblouissant,Autre collision,,,,,,,,,,,1,2,1,7.0,6.0
201000020584,0010-02-28 01:30:00,10,2,28,1,30,130,55,"50, CRS LIEUTAUD",43.2934,5.38219,Nuit avec éclairage allumé,En agglomération,Intersection en T,Normale,Deux véhicules - côté,,,,,,,,,,,5,2,3,1.0,3.0
201000020585,0010-02-22 10:00:00,10,2,22,10,0,130,55,"2, PCE JEAN JAURES",,,Plein jour,En agglomération,Hors intersection,Normale,Autre collision,,,,,,,,,,,1,2,1,1.0,6.0
201000020586,0010-03-02 16:10:00,10,3,2,16,10,130,55,"6, RUE BRIFFAUT",,,Plein jour,En agglomération,Hors intersection,Normale,Autre collision,,,,,,,,,,,1,2,1,1.0,6.0
201000020587,0010-01-19 06:45:00,10,1,19,6,45,130,55,"87, RUE ROGER BRUN",,,Crépuscule ou aube,En agglomération,Hors intersection,Normale,Deux véhicules - arrière,,,,,,,,,,,2,2,1,1.0,2.0
201000020588,0010-02-06 16:00:00,10,2,6,16,0,130,55,"185, RUE DE ROME",,,Plein jour,En agglomération,Hors intersection,Normale,Autre collision,,,,,,,,,,,1,2,1,1.0,6.0
201000020589,0010-10-25 16:00:00,10,10,25,16,0,130,55,"135, BD DE SAINTE MARGUE",,,Plein jour,En agglomération,Hors intersection,Normale,Deux véhicules - frontale,,,,,,,,,,,1,2,1,1.0,1.0
201000020590,0010-01-31 14:15:00,10,1,31,14,15,130,55,"135, RUE AUGUSTE BLANQUI",,,Plein jour,En agglomération,Hors intersection,Normale,Autre collision,,,,,,,,,,,1,2,1,1.0,6.0
201000020591,0010-02-07 14:25:00,10,2,7,14,25,130,55,"03, BD DU MARECHAL JUIN",,,Plein jour,En agglomération,Intersection en X,Normale,Autre collision,,,,,,,,,,,1,2,2,1.0,6.0
201000020592,0010-02-26 02:05:00,10,2,26,2,5,130,55,"27, BD JEAN MOULIN",,,Nuit avec éclairage allumé,En agglomération,Hors intersection,Normale,Deux véhicules - arrière,,,,,,,,,,,5,2,1,1.0,2.0
201000020593,0010-02-22 18:25:00,10,2,22,18,25,130,55,"1, BD VELASQUEZ",43.2436,5.38474,Nuit avec éclairage allumé,En agglomération,Intersection en T,Pluie forte,Deux véhicules - côté,,,,,,,,,,,5,2,3,3.0,3.0
201000020594,0010-03-04 22:55:00,10,3,4,22,55,130,55,RUE DE LA BOISERAIE,,,Nuit avec éclairage allumé,En agglomération,Intersection en T,Normale,Deux véhicules - frontale,,,,,,,,,,,5,2,3,1.0,1.0
201000020595,0010-02-23 23:30:00,10,2,23,23,30,130,55,BD SCHLOESING,,,Nuit avec éclairage allumé,En agglomération,Hors intersection,Normale,Deux véhicules - arrière,,,,,,,,,,,5,2,1,1.0,2.0
201000020596,0010-02-21 06:00:00,10,2,21,6,0,130,55,"1, BD DE SAINTE MARGUERI",,,Nuit avec éclairage allumé,En agglomération,Intersection en T,Normale,Deux véhicules - côté,,,,,,,,,,,5,2,3,1.0,3.0
201000020597,0010-02-23 08:00:00,10,2,23,8,0,130,55,"00, BD MICHELET",,,Plein jour,En agglomération,Hors intersection,Normale,Autre collision,,,,,,,,,,,1,2,1,1.0,6.0
201000020598,0010-02-24 18:00:00,10,2,24,18,0,130,55,"00, RUE JULES MOULET",,,Nuit sans éclairage public,En agglomération,Hors intersection,Normale,Autre collision,,,,,,,,,,,3,2,1,1.0,6.0
201000020599,0010-03-02 11:50:00,10,3,2,11,50,130,55,"33, BD DU CABOT",,,Plein jour,En agglomération,Hors intersection,Normale,Trois véhicules et plus - collisions multiples,,,,,,,,,,,1,2,1,1.0,5.0
201000020600,0010-03-09 20:30:00,10,3,9,20,30,130,55,"19, BD SAKAKINI",,,Nuit avec éclairage non allumé,En agglomération,Hors intersection,Normale,Deux véhicules - côté,,,,,,,,,,,4,2,1,1.0,3.0
201000020601,0010-02-02 16:30:00,10,2,2,16,30,130,55,"58, AVE DES CAILLOLS",,,Plein jour,En agglomération,Hors intersection,Normale,Autre collision,,,,,,,,,,,1,2,1,1.0,6.0
201000020602,0010-03-02 11:00:00,10,3,2,11,0,130,55,"195, BD DE PONT DE VIVAU",,,Plein jour,En agglomération,Hors intersection,Normale,Autre collision,,,,,,,,,,,1,2,1,1.0,6.0
201000020603,0010-02-16 16:15:00,10,2,16,16,15,130,55,"3, BD CAMILLE BLANC",,,Plein jour,En agglomération,Hors intersection,Pluie légère,Deux véhicules - arrière,,,,,,,,,,,1,2,1,2.0,2.0
201000020604,0010-03-01 10:55:00,10,3,1,10,55,130,55,"17, RUE SAINT JEAN DU DE",,,Plein jour,En agglomération,Hors intersection,Normale,Deux véhicules - côté,,,,,,,,,,,1,2,1,1.0,3.0
201000020605,0010-10-07 16:20:00,10,10,7,16,20,130,55,RUE PARADIS,,,Plein jour,En agglomération,Hors intersection,Normale,Autre collision,,,,,,,,,,,1,2,1,1.0,6.0
201000020606,0010-02-04 18:15:00,10,2,4,18,15,130,55,"1, TRA DE LA GOUFFONNE",,,Nuit sans éclairage public,En agglomération,Hors intersection,Pluie forte,Deux véhicules - frontale,,,,,,,,,,,3,2,1,3.0,1.0
201000020607,0010-09-20 14:00:00,10,9,20,14,0,130,55,"75, RUE RAYMOND TEISSEIR",,,Plein jour,En agglomération,Hors intersection,Normale,Deux véhicules - arrière,,,,,,,,,,,1,2,1,1.0,2.0
201000020608,0010-03-09 11:30:00,10,3,9,11,30,130,55,BD DU COLONEL ROBERT ROS,,,Plein jour,En agglomération,Hors intersection,Normale,Autre collision,,,,,,,,,,,1,2,1,1.0,6.0
201000020609,0010-03-09 13:00:00,10,3,9,13,0,130,55,BD SAKAKINI,,,Plein jour,En agglomération,Intersection en X,Normale,Deux véhicules - côté,,,,,,,,,,,1,2,2,1.0,3.0
201000020610,0010-12-02 17:30:00,10,12,2,17,30,130,55,AVE DE FRAIS VALLON,,,Crépuscule ou aube,En agglomération,Hors intersection,Normale,Autre collision,,,,,,,,,,,2,2,1,1.0,6.0
201000020611,0010-01-29 11:20:00,10,1,29,11,20,130,55,"00, BD FERDINAND DE LESS",,,Plein jour,En agglomération,Hors intersection,Normale,Deux véhicules - arrière,,,,,,,,,,,1,2,1,1.0,2.0
201000020612,0010-11-13 15:30:00,10,11,13,15,30,130,55,"125, AVE DE LA CADENELLE",,,Plein jour,En agglomération,Hors intersection,Normale,Autre collision,,,,,,,,,,,1,2,1,1.0,6.0
201000020613,0010-02-27 16:00:00,10,2,27,16,0,130,55,"00, RUE PARADIS",,,Plein jour,En agglomération,Intersection en X,Normale,Deux véhicules - côté,,,,,,,,,,,1,2,2,1.0,3.0
201000020614,0010-03-05 11:45:00,10,3,5,11,45,130,55,"130, RUE FELIX PYAT",,,Plein jour,En agglomération,Intersection en T,Normale,Deux véhicules - arrière,,,,,,,,,,,1,2,3,1.0,2.0
201000020615,0010-02-23 02:00:00,10,2,23,2,0,130,55,"21, RUE DRAGON",,,Nuit avec éclairage allumé,En agglomération,Intersection en X,Pluie légère,Deux véhicules - côté,,,,,,,,,,,5,2,2,2.0,3.0
201000020616,0010-03-06 21:15:00,10,3,6,21,15,130,55,"61, AVE DE SAINT JUST",,,Nuit avec éclairage allumé,En agglomération,Hors intersection,Normale,Deux véhicules - côté,,,,,,,,,,,5,2,1,1.0,3.0
201000020617,0010-02-01 13:05:00,10,2,1,13,5,130,55,"90, RUE MIRES",,,Plein jour,En agglomération,Hors intersection,Normale,Deux véhicules - frontale,,,,,,,,,,,1,2,1,1.0,1.0
201000020618,0010-12-01 11:30:00,10,12,1,11,30,130,55,"123, AVE DE MAZARGUES",,,Plein jour,En agglomération,Hors intersection,Normale,Autre collision,,,,,,,,,,,1,2,1,1.0,6.0
201000020619,0010-02-01 17:00:00,10,2,1,17,0,130,55,"9, RUE JOBIN",,,Plein jour,En agglomération,Autre intersection,Normale,Deux véhicules - côté,,,,,,,,,,,1,2,9,1.0,3.0
201000020620,0010-03-11 22:50:00,10,3,11,22,50,130,55,"33, BD DU MARECHAL JUIN",,,Nuit avec éclairage allumé,En agglomération,Hors intersection,Normale,Sans collision,,,,,,,,,,,5,2,1,1.0,7.0
201000020621,0010-02-26 16:55:00,10,2,26,16,55,130,55,"2, RUE GASTON DE FLOTTE",,,Plein jour,En agglomération,Hors intersection,Normale,Deux véhicules - frontale,,,,,,,,,,,1,2,1,1.0,1.0
201000020622,0010-03-07 13:00:00,10,3,7,13,0,130,55,"106, CHE DE LA COLLINE S",,,Plein jour,En agglomération,Hors intersection,Pluie légère,Deux véhicules - côté,,,,,,,,,,,1,2,1,2.0,3.0
201000020623,0010-11-20 22:40:00,10,11,20,22,40,130,55,"66, RUE D ENDOUME",,,Nuit avec éclairage allumé,En agglomération,Hors intersection,Autre,Trois véhicules et plus - en chaîne,,,,,,,,,,,5,2,1,9.0,4.0
201000020624,0010-03-04 11:30:00,10,3,4,11,30,130,55,"347, AVE DE SAINT ANTOIN",,,Plein jour,En agglomération,Passage à niveau,Normale,Autre collision,,,,,,,,,,,1,2,8,1.0,6.0