accident_id,datetime,annee,mois,jour,heure,minute,departement,commune_insee,adresse,latitude,longitude,luminosite,agglomeration,intersection,meteo,collision,nb_vehicules,nb_usagers,nb_indemnes,nb_tues,nb_blesses_hosp,nb_blesses_legers,age_cond_1,age_cond_2,veh_type_cond_1,veh_type_cond_2,lum_code,agg_code,int_code,atm_code,col_code
201000020625,0010-03-04 16:40:00,10,3,4,16,40,130,55,"00, AVE DU PRADO",,,Plein jour,En agglomération,Hors intersection,Normale,Autre collision,,,,,,,,,,,1,2,1,1.0,6.0
201000020626,0010-03-06 16:10:00,10,3,6,16,10,130,55,"00, RUE DE ROME",,,Plein jour,En agglomération,Hors intersection,Normale,Autre collision,,,,,,,,,,,1,2,1,1.0,6.0
201000020627,0010-02-26 08:30:00,10,2,26,8,30,130,55,"49, RUE DU VALLON DE MON",,,Plein jour,Hors agglomération,Hors intersection,Pluie légère,Deux véhicules - arrière,,,,,,,,,,,1,1,1,2.0,2.0
201000020628,0010-03-02 09:50:00,10,3,2,9,50,130,55,"32, RUE GUIBAL",,,Plein jour,En agglomération,Hors intersection,Normale,Deux véhicules - arrière,,,,,,,,,,,1,2,1,1.0,2.0
201000020629,0010-02-16 14:00:00,10,2,16,14,0,130,55,"00, BD NOTRE DAME",,,Plein jour,En agglomération,Hors intersection,Normale,Deux véhicules - arrière,,,,,,,,,,,1,2,1,1.0,2.0
201000020630,0010-12-05 18:45:00,10,12,5,18,45,130,55,"45, CHE DE SAINT LOUIS A",,,Nuit avec éclairage non allumé,En agglomération,Hors intersection,Pluie légère,Deux véhicules - côté,,,,,,,,,,,4,2,1,2.0,3.0
201000020631,0010-02-26 14:40:00,10,2,26,14,40,130,55,"1, VSN RPT IAN PALACH PI",,,Plein jour,En agglomération,Hors intersection,Normale,Trois véhicules et plus - en chaîne,,,,,,,,,,,1,2,1,1.0,4.0
201000020632,0010-09-09 05:50:00,10,9,9,5,50,130,55,RPT DE MAZARGUES,,,Nuit avec éclairage allumé,En agglomération,Hors intersection,Normale,Autre collision,,,,,,,,,,,5,2,1,1.0,6.0
201000020633,0010-02-05 15:20:00,10,2,5,15,20,130,55,"15, CRS GOUFFE",,,Plein jour,En agglomération,Intersection en X,Normale,Trois véhicules et plus - collisions multiples,,,,,,,,,,,1,2,2,1.0,5.0
201000020634,0010-03-01 14:50:00,10,3,1,14,50,130,55,"25, RUE DES FABRES",,,Plein jour,En agglomération,Hors intersection,Normale,Autre collision,,,,,,,,,,,1,2,1,1.0,6.0
201000020635,0010-02-21 11:40:00,10,2,21,11,40,130,55,"56, RUE DES TROIS FRERES",,,Plein jour,En agglomération,Intersection en X,Normale,Deux véhicules - côté,,,,,,,,,,,1,2,2,1.0,3.0
201000020636,0010-02-21 17:30:00,10,2,21,17,30,130,55,"13, RUE DU COQ",43.3004,5.38444,Plein jour,En agglomération,Intersection en X,Normale,Deux véhicules - côté,,,,,,,,,,,1,2,2,1.0,3.0
201000020637,0010-03-01 08:55:00,10,3,1,8,55,130,55,"100, BD FRANCOISE DUPARC",,,Plein jour,En agglomération,Hors intersection,Normale,Deux véhicules - arrière,,,,,,,,,,,1,2,1,1.0,2.0
201000020638,0010-03-14 15:00:00,10,3,14,15,0,130,55,"164, BD HENRI BARNIER",,,Plein jour,En agglomération,Hors intersection,Normale,Deux véhicules - arrière,,,,,,,,,,,1,2,1,1.0,2.0
201000020639,0010-03-15 18:00:00,10,3,15,18,0,130,55,"26, BD DE PLOMBIERES",,,Plein jour,En agglomération,Hors intersection,Normale,Sans collision,,,,,,,,,,,1,2,1,1.0,7.0
201000020640,0010-02-27 17:30:00,10,2,27,17,30,130,2,"855, AUBAGNENS (AVENUE D",43.327,5.48239,Plein jour,En agglomération,Giratoire,Pluie légère,Deux véhicules - arrière,,,,,,,,,,,1,2,6,2.0,2.0
201000020641,0010-02-23 16:30:00,10,2,23,16,30,130,55,"136, CHE DE LA MADRAGUE",,,Plein jour,En agglomération,Hors intersection,Normale,Autre collision,,,,,,,,,,,1,2,1,1.0,6.0
201000020642,0010-01-26 09:00:00,10,1,26,9,0,130,55,"116, RUE LOUBON",,,Plein jour,En agglomération,Hors intersection,Normale,Deux véhicules - arrière,,,,,,,,,,,1,2,1,1.0,2.0
201000020643,0010-03-14 15:30:00,10,3,14,15,30,130,55,CHE DU VALLON DES TUVES,,,Plein jour,En agglomération,Hors intersection,Normale,Deux véhicules - côté,,,,,,,,,,,1,2,1,1.0,3.0
201000020644,0010-03-10 11:45:00,10,3,10,11,45,130,55,"103, AVE DE LA CAPELETTE",,,Plein jour,En agglomération,Hors intersection,Normale,Deux véhicules - côté,,,,,,,,,,,1,2,1,1.0,3.0
201000020645,0010-02-18 13:57:00,10,2,18,13,57,130,55,"492, RUE PARADIS",,,Plein jour,En agglomération,Hors intersection,Normale,Deux véhicules - côté,,,,,,,,,,,1,2,1,1.0,3.0
201000020646,0010-03-12 15:45:00,10,3,12,15,45,130,55,"20, AVE DE LA MARTHELINE",,,Plein jour,En agglomération,Hors intersection,Normale,Autre collision,,,,,,,,,,,1,2,1,1.0,6.0
201000020647,0010-02-20 18:45:00,10,2,20,18,45,130,55,"47, PRO GEORGES POMPIDOU",,,Nuit avec éclairage allumé,En agglomération,Hors intersection,Normale,Deux véhicules - arrière,,,,,,,,,,,5,2,1,1.0,2.0
201000020648,0010-03-06 15:15:00,10,3,6,15,15,130,55,"1, AVE FRANCOIS CHARDIGN",,,Plein jour,En agglomération,Hors intersection,Normale,Deux véhicules - côté,,,,,,,,,,,1,2,1,1.0,3.0
201000020649,0010-03-02 16:50:00,10,3,2,16,50,130,55,CHE DU VALLON DE TOULOUS,,,Plein jour,En agglomération,Autre intersection,Normale,Deux véhicules - arrière,,,,,,,,,,,1,2,9,1.0,2.0
201000020650,0010-03-13 13:45:00,10,3,13,13,45,130,55,"27, AVE DE LA POINTE ROU",,,Plein jour,En agglomération,Intersection en T,Normale,Deux véhicules - côté,,,,,,,,,,,1,2,3,1.0,3.0
201000020651,0010-02-24 16:00:00,10,2,24,16,0,130,55,"9, PRO GEORGES POMPIDOU",,,Plein jour,En agglomération,Hors intersection,Normale,Deux véhicules - arrière,,,,,,,,,,,1,2,1,1.0,2.0
201000020652,0010-03-11 15:00:00,10,3,11,15,0,130,55,"16, RUE DOCTEUR BERTRAND",,,Plein jour,En agglomération,Hors intersection,Normale,Deux véhicules - arrière,,,,,,,,,,,1,2,1,1.0,2.0
201000020653,0010-03-03 18:15:00,10,3,3,18,15,130,55,"90, RUE RAPHAEL PONSON",,,Crépuscule ou aube,En agglomération,Hors intersection,Normale,Autre collision,,,,,,,,,,,2,2,1,1.0,6.0
201000020654,0010-03-11 16:30:00,10,3,11,16,30,130,55,"92, AVE DE LA CAPELETTE",,,Plein jour,En agglomération,Hors intersection,Normale,Sans collision,,,,,,,,,,,1,2,1,1.0,7.0
201000020655,0010-02-24 15:10:00,10,2,24,15,10,130,55,"67, BD RABATAU",,,Plein jour,En agglomération,Hors intersection,Normale,Deux véhicules - côté,,,,,,,,,,,1,2,1,1.0,3.0
201000020656,0010-02-28 17:55:00,10,2,28,17,55,130,55,"22, BD SCHLOESING",,,Plein jour,En agglomération,Intersection en T,Normale,Trois véhicules et plus - en chaîne,,,,,,,,,,,1,2,3,1.0,4.0
201000020657,0010-02-26 17:15:00,10,2,26,17,15,130,55,"31, AVE DE LA MADRAGUE D",43.2373,5.36357,Plein jour,En agglomération,Intersection en T,Normale,Deux véhicules - côté,,,,,,,,,,,1,2,3,1.0,3.0
201000020658,0010-03-09 06:40:00,10,3,9,6,40,130,55,"160, RUE DU DOCTEUR CAUV",,,Crépuscule ou aube,En agglomération,Hors intersection,Temps couvert,Autre collision,,,,,,,,,,,2,2,1,8.0,6.0
201000020659,0010-03-14 08:30:00,10,3,14,8,30,130,55,"178, CRS LIEUTAUD",,,Plein jour,En agglomération,Hors intersection,Normale,Trois véhicules et plus - en chaîne,,,,,,,,,,,1,2,1,1.0,4.0
201000020660,0010-02-27 14:30:00,10,2,27,14,30,130,55,"47, RUE LE CHATELIER",,,Plein jour,En agglomération,Hors intersection,Temps couvert,Deux véhicules - arrière,,,,,,,,,,,1,2,1,8.0,2.0
201000020661,0010-02-20 12:45:00,10,2,20,12,45,130,55,"18, RUE DU JET D' EAU",,,Plein jour,En agglomération,Hors intersection,Normale,Autre collision,,,,,,,,,,,1,2,1,1.0,6.0
201000020662,0010-03-12 15:00:00,10,3,12,15,0,130,55,"1, RPT PERE WRESINKI",,,Plein jour,En agglomération,Giratoire,Normale,Sans collision,,,,,,,,,,,1,2,6,1.0,7.0
201000020663,0010-02-23 19:15:00,10,2,23,19,15,130,55,AVE DE LA ROSE,,,Nuit avec éclairage allumé,En agglomération,Intersection en X,Normale,Deux véhicules - frontale,,,,,,,,,,,5,2,2,1.0,1.0
201000020664,0010-03-08 14:00:00,10,3,8,14,0,130,55,"55, AVE DES OLIVES",,,Plein jour,En agglomération,Hors intersection,Normale,Trois véhicules et plus - en chaîne,,,,,,,,,,,1,2,1,1.0,4.0
201000020665,0010-01-31 07:30:00,10,1,31,7,30,130,55,"13, AVE DU MARECHAL FOCH",,,Plein jour,En agglomération,Hors intersection,Normale,Deux véhicules - côté,,,,,,,,,,,1,2,1,1.0,3.0
201000020666,0010-03-09 12:30:00,10,3,9,12,30,130,55,"32, CRS LIEUTAUD",,,Plein jour,En agglomération,Hors intersection,Normale,Autre collision,,,,,,,,,,,1,2,1,1.0,6.0
201000020667,0010-02-18 13:15:00,10,2,18,13,15,130,55,"9, PCE PIERRE BROSSOLETT",,,Plein jour,En agglomération,Hors intersection,Normale,Autre collision,,,,,,,,,,,1,2,1,1.0,6.0
201000020668,0010-02-19 17:15:00,10,2,19,17,15,130,55,"185, AVE DES CHARTREUX",,,Plein jour,En agglomération,Intersection en T,Normale,Autre collision,,,,,,,,,,,1,2,3,1.0,6.0
201000020669,0010-03-16 09:50:00,10,3,16,9,50,130,55,"14, BD SAKAKINI",,,Plein jour,En agglomération,Hors intersection,Normale,Autre collision,,,,,,,,,,,1,2,1,1.0,6.0
201000020670,0010-03-12 18:00:00,10,3,12,18,0,130,55,BD DE PLOMBIERES,,,Plein jour,En agglomération,Intersection en X,Normale,Deux véhicules - côté,,,,,,,,,,,1,2,2,1.0,3.0
201000020671,0010-03-18 15:30:00,10,3,18,15,30,130,55,"155, AVE DU PRADO",43.2788,5.38768,Plein jour,En agglomération,Hors intersection,Normale,Autre collision,,,,,,,,,,,1,2,1,1.0,6.0
201000020672,0010-03-12 17:10:00,10,3,12,17,10,130,55,"29, BD DE LA COMTESSE",,,Plein jour,En agglomération,Hors intersection,Normale,Autre collision,,,,,,,,,,,1,2,1,1.0,6.0
201000020673,0010-02-18 18:15:00,10,2,18,18,15,130,55,"153, RTE DES TROIS LUCS",,,Crépuscule ou aube,En agglomération,Hors intersection,Normale,Deux véhicules - côté,,,,,,,,,,,2,2,1,1.0,3.0
201000020674,0010-03-05 12:00:00,10,3,5,12,0,130,55,"176, RUE DE LYON",,,Plein jour,En agglomération,Giratoire,Normale,Deux véhicules - côté,,,,,,,,,,,1,2,6,1.0,3.0
201000020675,0010-03-15 19:10:00,10,3,15,19,10,130,55,"107, AVE CAMILLE PELLETA",,,Nuit avec éclairage allumé,En agglomération,Hors intersection,Normale,Autre collision,,,,,,,,,,,5,2,1,1.0,6.0
201000020676,0010-03-20 20:15:00,10,3,20,20,15,130,55,"66, BD CHAVE",43.2953,5.39094,Nuit avec éclairage non allumé,En agglomération,Intersection en X,Normale,Autre collision,,,,,,,,,,,4,2,2,1.0,6.0
201000020677,0010-03-07 08:00:00,10,3,7,8,0,130,55,"27, CRS PIERRE PUGET",43.2902,5.37596,Plein jour,En agglomération,Intersection en X,Normale,Deux véhicules - côté,,,,,,,,,,,1,2,2,1.0,3.0
201000020678,0010-03-17 22:50:00,10,3,17,22,50,130,55,"8, BD SAKAKINI",43.2988,5.40086,Nuit avec éclairage allumé,En agglomération,Intersection en X,Normale,Deux véhicules - côté,,,,,,,,,,,5,2,2,1.0,3.0
201000020679,0010-02-15 09:30:00,10,2,15,9,30,130,55,"17, VSN MORGIOU CHE",,,Plein jour,En agglomération,Hors intersection,Normale,Deux véhicules - arrière,,,,,,,,,,,1,2,1,1.0,2.0
201000020680,0010-03-15 15:30:00,10,3,15,15,30,130,55,"41, TRA PARANGON",,,Plein jour,En agglomération,Hors intersection,Normale,Deux véhicules - côté,,,,,,,,,,,1,2,1,1.0,3.0
201000020681,0010-03-15 15:30:00,10,3,15,15,30,130,55,"135, BD DE SAINTE MARGUE",,,Plein jour,En agglomération,Hors intersection,Normale,Deux véhicules - frontale,,,,,,,,,,,1,2,1,1.0,1.0
201000020682,0010-03-09 12:45:00,10,3,9,12,45,130,55,"23, RPT AMPERE LAVOISIER",,,Plein jour,En agglomération,Giratoire,Normale,Sans collision,,,,,,,,,,,1,2,6,1.0,7.0
201000020683,0010-03-07 08:20:00,10,3,7,8,20,130,55,"140, RTE DES CAMOINS",,,Plein jour,En agglomération,Hors intersection,Normale,Deux véhicules - frontale,,,,,,,,,,,1,2,1,1.0,1.0
201000020684,0010-03-10 12:00:00,10,3,10,12,0,130,55,"68, RUE CHALUSSET",,,Plein jour,En agglomération,Hors intersection,Normale,Autre collision,,,,,,,,,,,1,2,1,1.0,6.0
201000020685,0010-03-11 09:20:00,10,3,11,9,20,130,55,"41, RUE DE FORBIN",,,Plein jour,En agglomération,Hors intersection,Normale,Deux véhicules - côté,,,,,,,,,,,1,2,1,1.0,3.0
201000020686,0010-03-23 07:20:00,10,3,23,7,20,130,55,AVE JEAN PAUL SARTRE,,,Plein jour,En agglomération,Hors intersection,Temps couvert,Autre collision,,,,,,,,,,,1,2,1,8.0,6.0
201000020687,0010-03-07 22:45:00,10,3,7,22,45,130,55,"00, RUE DE L ABBE FERAUD",,,Nuit sans éclairage public,En agglomération,Intersection en X,Normale,Deux véhicules - côté,,,,,,,,,,,3,2,2,1.0,3.0
201000020688,0010-03-13 14:00:00,10,3,13,14,0,130,55,"00, AVE DE MONTOLIVET",,,Plein jour,En agglomération,Hors intersection,Normale,Autre collision,,,,,,,,,,,1,2,1,1.0,6.0
201000020689,0010-12-08 07:10:00,10,12,8,7,10,130,55,"1, BD SCHLOESING",,,Plein jour,En agglomération,Hors intersection,Normale,Deux véhicules - arrière,,,,,,,,,,,1,2,1,1.0,2.0
201000020690,0010-03-03 08:45:00,10,3,3,8,45,130,55,"4, BD SAKAKINI",,,Plein jour,En agglomération,Hors intersection,Pluie légère,Sans collision,,,,,,,,,,,1,2,1,2.0,7.0
201000020691,0010-03-06 18:25:00,10,3,6,18,25,130,55,"35, AVE ELLEON",,,Plein jour,En agglomération,Hors intersection,Normale,Deux véhicules - frontale,,,,,,,,,,,1,2,1,1.0,1.0
201000020692,0010-03-20 15:00:00,10,3,20,15,0,130,55,CHE DE SAINT ANTOINE A S,,,Plein jour,En agglomération,Hors intersection,Normale,Autre collision,,,,,,,,,,,1,2,1,1.0,6.0
201000020693,0010-03-23 20:50:00,10,3,23,20,50,130,55,"17, RUE PIERRE LAURENT",,,Nuit avec éclairage allumé,En agglomération,Hors intersection,Normale,Autre collision,,,,,,,,,,,5,2,1,1.0,6.0
201000020694,0010-12-10 08:00:00,10,12,10,8,0,130,55,"6, RUE CALLELONGUE",,,Crépuscule ou aube,En agglomération,Hors intersection,Normale,Deux véhicules - côté,,,,,,,,,,,2,2,1,1.0,3.0
201000020695,0010-03-23 15:50:00,10,3,23,15,50,130,55,"190, RUE FELIX PYAT",,,Plein jour,En agglomération,Hors intersection,Normale,Sans collision,,,,,,,,,,,1,2,1,1.0,7.0
201000020696,0010-02-26 09:40:00,10,2,26,9,40,130,55,"301, RUE DE LYON",,,Plein jour,En agglomération,Hors intersection,Normale,Sans collision,,,,,,,,,,,1,2,1,1.0,7.0
201000020697,0010-03-13 15:00:00,10,3,13,15,0,130,55,"02, BD RABATAU",,,Plein jour,En agglomération,Hors intersection,Normale,Autre collision,,,,,,,,,,,1,2,1,1.0,6.0
201000020698,0010-03-19 11:00:00,10,3,19,11,0,130,55,"03, AVE DE LATTRE DE TAS",,,Plein jour,En agglomération,Intersection en X,Normale,Deux véhicules - côté,,,,,,,,,,,1,2,2,1.0,3.0
201000020699,0010-03-15 07:20:00,10,3,15,7,20,130,55,"17, AVE DE LA GROGNARDE",,,Plein jour,En agglomération,Hors intersection,Normale,Autre collision,,,,,,,,,,,1,2,1,1.0,6.0
201000020700,0010-03-18 08:10:00,10,3,18,8,10,130,55,"228, AVE DE LA CAPELETTE",,,Plein jour,En agglomération,Hors intersection,Normale,Autre collision,,,,,,,,,,,1,2,1,1.0,6.0
201000020701,0010-03-25 01:40:00,10,3,25,1,40,130,55,"102, BD DE SAINT MARCEL",,,Nuit avec éclairage allumé,En agglomération,Hors intersection,Normale,Autre collision,,,,,,,,,,,5,2,1,1.0,6.0
201000020702,0010-03-19 14:20:00,10,3,19,14,20,130,55,"02, VSN QUAI DU PORT A L",,,Plein jour,En agglomération,Hors intersection,Normale,Deux véhicules - arrière,,,,,,,,,,,1,2,1,1.0,2.0
201000020703,0010-03-18 09:25:00,10,3,18,9,25,130,75,"50, FRÉDÉRIC CHEVILLON (",43.3464,5.46257,Plein jour,En agglomération,Hors intersection,Normale,Autre collision,,,,,,,,,,,1,2,1,1.0,6.0
201000020704,0010-03-19 15:40:00,10,3,19,15,40,130,55,"44, BD DE DUNKERQUE",,,Plein jour,En agglomération,Hors intersection,Normale,Autre collision,,,,,,,,,,,1,2,1,1.0,6.0
201000020705,0010-03-10 11:40:00,10,3,10,11,40,130,55,"01, AVE DES COLONNES",,,Plein jour,En agglomération,Hors intersection,Normale,Autre collision,,,,,,,,,,,1,2,1,1.0,6.0
201000020706,0010-02-13 00:30:00,10,2,13,0,30,130,55,"4 BIS, AVE DE LA VISTE",,,Nuit avec éclairage allumé,En agglomération,Hors intersection,Normale,Deux véhicules - frontale,,,,,,,,,,,5,2,1,1.0,1.0
201000020707,0010-03-15 13:30:00,10,3,15,13,30,130,55,"1, BD DE PLOMBIERES",,,Plein jour,En agglomération,Hors intersection,Normale,Deux véhicules - arrière,,,,,,,,,,,1,2,1,1.0,2.0
201000020708,0010-03-04 20:20:00,10,3,4,20,20,130,55,"00, AVE DES OLIVES",,,Nuit avec éclairage allumé,En agglomération,Hors intersection,Normale,Deux véhicules - arrière,,,,,,,,,,,5,2,1,1.0,2.0
201000020709,0010-03-03 21:30:00,10,3,3,21,30,130,55,"00, CRS LIEUTAUD",,,Nuit avec éclairage allumé,En agglomération,Hors intersection,Normale,Autre collision,,,,,,,,,,,5,2,1,1.0,6.0
201000020710,0010-02-12 14:30:00,10,2,12,14,30,130,55,"00, AVE DE MAZARGUES",,,Plein jour,En agglomération,Hors intersection,Normale,Deux véhicules - frontale,,,,,,,,,,,1,2,1,1.0,1.0
201000020711,0010-12-20 12:30:00,10,12,20,12,30,130,55,"34, AVE D' HAIFA",,,Plein jour,En agglomération,Intersection en X,Normale,Deux véhicules - côté,,,,,,,,,,,1,2,2,1.0,3.0
201000020712,0010-03-06 20:05:00,10,3,6,20,5,130,55,"00, RUE DU RACATI",,,Nuit avec éclairage allumé,En agglomération,Hors intersection,Normale,Deux véhicules - arrière,,,,,,,,,,,5,2,1,1.0,2.0
201000020713,0010-03-19 18:20:00,10,3,19,18,20,130,55,"39, AVE DE FRAIS VALLON",,,Crépuscule ou aube,En agglomération,Hors intersection,Normale,Autre collision,,,,,,,,,,,2,2,1,1.0,6.0
201000020714,0010-08-16 17:30:00,10,8,16,17,30,130,55,"261, BD MICHELET",,,Plein jour,En agglomération,Hors intersection,Normale,Autre collision,,,,,,,,,,,1,2,1,1.0,6.0
201000020715,0010-03-20 15:45:00,10,3,20,15,45,130,55,"183, RUE DE ROME",,,Plein jour,En agglomération,Hors intersection,Normale,Autre collision,,,,,,,,,,,1,2,1,1.0,6.0
201000020716,0010-03-17 08:45:00,10,3,17,8,45,130,55,"26, BD DE LA BARASSE RN",,,Plein jour,En agglomération,Hors intersection,Normale,Autre collision,,,,,,,,,,,1,2,1,1.0,6.0
201000020717,0010-03-17 17:00:00,10,3,17,17,0,130,55,"36, BD BARTHELEMY",43.2682,5.41352,Plein jour,En agglomération,Intersection en T,Normale,Autre collision,,,,,,,,,,,1,2,3,1.0,6.0
201000020718,0010-03-17 07:40:00,10,3,17,7,40,130,55,"123, AVE DE SAINT JULIEN",,,Plein jour,En agglomération,Hors intersection,Normale,Autre collision,,,,,,,,,,,1,2,1,1.0,6.0
201000020719,0010-03-21 18:20:00,10,3,21,18,20,130,55,"66, BD BAILLE",,,Plein jour,En agglomération,Intersection en X,Normale,Autre collision,,,,,,,,,,,1,2,2,1.0,6.0
201000020720,0010-03-29 05:05:00,10,3,29,5,5,130,55,"25, TRA VALETTE",,,Nuit avec éclairage allumé,En agglomération,Intersection en T,Normale,Deux véhicules - côté,,,,,,,,,,,5,2,3,1.0,3.0
201000020721,0010-03-27 18:30:00,10,3,27,18,30,130,55,"71, BD CHARLES LIVON",,,Nuit avec éclairage allumé,En agglomération,Hors intersection,Temps couvert,Sans collision,,,,,,,,,,,5,2,1,8.0,7.0
201000020722,0010-03-18 17:35:00,10,3,18,17,35,130,55,"86, RUE DE ROME",,,Plein jour,En agglomération,Intersection en X,Normale,Autre collision,,,,,,,,,,,1,2,2,1.0,6.0
201000020723,0010-12-10 12:10:00,10,12,10,12,10,130,55,"01, AVE SALVADOR ALLENDE",,,Plein jour,En agglomération,Hors intersection,Normale,Trois véhicules et plus - collisions multiples,,,,,,,,,,,1,2,1,1.0,5.0
201000020724,0010-02-04 12:50:00,10,2,4,12,50,130,55,"54, AVE DES CHUTES LAVIE",,,Plein jour,Hors agglomération,Hors intersection,Normale,Deux véhicules - côté,,,,,,,,,,,1,1,1,1.0,3.0
201000020725,0010-03-12 18:20:00,10,3,12,18,20,130,55,"119, CRS LIEUTAUD",,,Plein jour,En agglomération,Intersection en X,Normale,Deux véhicules - arrière,,,,,,,,,,,1,2,2,1.0,2.0
201000020726,0010-11-29 20:15:00,10,11,29,20,15,130,55,"95, AVE DE LA CORSE",,,Nuit avec éclairage allumé,En agglomération,Hors intersection,Normale,Deux véhicules - frontale,,,,,,,,,,,5,2,1,1.0,1.0
201000020727,0010-02-01 08:10:00,10,2,1,8,10,130,55,"202, AVE DES CHARTREUX",,,Plein jour,En agglomération,Hors intersection,Normale,Autre collision,,,,,,,,,,,1,2,1,1.0,6.0
201000020728,0010-02-17 08:30:00,10,2,17,8,30,130,55,"149, BD BAILLE",,,Plein jour,En agglomération,Hors intersection,Normale,Autre collision,,,,,,,,,,,1,2,1,1.0,6.0
201000020729,0010-03-20 08:50:00,10,3,20,8,50,130,55,"10, RUE SAINT MICHEL",,,Plein jour,En agglomération,Hors intersection,Normale,Autre collision,,,,,,,,,,,1,2,1,1.0,6.0
201000020730,0010-03-28 04:00:00,10,3,28,4,0,130,55,AVE FREDERIC MISTRAL,,,Nuit avec éclairage allumé,En agglomération,Hors intersection,Normale,Deux véhicules - frontale,,,,,,,,,,,5,2,1,1.0,1.0
201000020731,0010-03-18 19:00:00,10,3,18,19,0,130,55,AVE FRANCOIS MIGNET,,,Crépuscule ou aube,En agglomération,Hors intersection,Normale,Autre collision,,,,,,,,,,,2,2,1,1.0,6.0
201000020732,0010-03-16 11:10:00,10,3,16,11,10,130,55,"32, BD GILLET",,,Plein jour,En agglomération,Intersection en X,Normale,Deux véhicules - arrière,,,,,,,,,,,1,2,2,1.0,2.0
201000020733,0010-12-03 18:10:00,10,12,3,18,10,130,55,"11, BD DU METRO",,,Nuit avec éclairage allumé,En agglomération,Hors intersection,Normale,Deux véhicules - côté,,,,,,,,,,,5,2,1,1.0,3.0
201000020734,0010-02-27 11:15:00,10,2,27,11,15,130,55,"3, CRS JEAN BALLARD",,,Plein jour,En agglomération,Hors intersection,Normale,Autre collision,,,,,,,,,,,1,2,1,1.0,6.0
201000020735,0010-02-24 15:00:00,10,2,24,15,0,130,55,"33, RUE D AIX",,,Plein jour,En agglomération,Hors intersection,Normale,Autre collision,,,,,,,,,,,1,2,1,1.0,6.0
201000020736,0010-08-18 14:00:00,10,8,18,14,0,130,55,"34, AVE DE SAINT ANTOINE",,,Plein jour,En agglomération,Hors intersection,Normale,Autre collision,,,,,,,,,,,1,2,1,1.0,6.0
201000020737,0010-02-17 19:30:00,10,2,17,19,30,130,55,"146, RUE DE ROME",,,Nuit avec éclairage allumé,En agglomération,Hors intersection,Normale,Autre collision,,,,,,,,,,,5,2,1,1.0,6.0
201000020738,0010-02-17 15:00:00,10,2,17,15,0,130,55,"23, RUE DE LA REPUBLIQUE",,,Plein jour,En agglomération,Hors intersection,Normale,Autre collision,,,,,,,,,,,1,2,1,1.0,6.0
201000020739,0010-02-07 14:25:00,10,2,7,14,25,130,55,"3, BD DU MARECHAL JUIN",43.3092,5.40301,Plein jour,En agglomération,Intersection en X,Normale,Deux véhicules - côté,,,,,,,,,,,1,2,2,1.0,3.0
201000020740,0010-06-13 19:00:00,10,6,13,19,0,130,55,"1, AVE DE SAINT LOUIS",,,Plein jour,En agglomération,Hors intersection,Normale,Deux véhicules - frontale,,,,,,,,,,,1,2,1,1.0,1.0
201000020741,0010-03-12 15:00:00,10,3,12,15,0,130,55,"24, CRS GOUFFE",43.286,5.387,Plein jour,En agglomération,Intersection en T,Normale,Autre collision,,,,,,,,,,,1,2,3,1.0,6.0
201000020742,0010-03-17 21:20:00,10,3,17,21,20,130,55,"120, RUE SAINTE",43.2908,5.36739,Nuit avec éclairage allumé,En agglomération,Intersection en T,Normale,Deux véhicules - côté,,,,,,,,,,,5,2,3,1.0,3.0
201000020743,0010-03-18 15:50:00,10,3,18,15,50,130,55,"1, RUE DE LODI",,,Plein jour,En agglomération,Hors intersection,Normale,Autre collision,,,,,,,,,,,1,2,1,1.0,6.0
201000020744,0010-03-28 08:40:00,10,3,28,8,40,130,55,"18, RUE BRETEUIL",,,Plein jour,En agglomération,Intersection en X,Normale,Deux véhicules - côté,,,,,,,,,,,1,2,2,1.0,3.0
201000020745,0010-03-17 15:05:00,10,3,17,15,5,130,55,"97, BD CHAVE",,,Plein jour,En agglomération,Hors intersection,Normale,Autre collision,,,,,,,,,,,1,2,1,1.0,6.0
201000020746,0010-03-28 18:25:00,10,3,28,18,25,130,55,"46, BD DE LA CARTONNERIE",,,Plein jour,En agglomération,Hors intersection,Normale,Autre collision,,,,,,,,,,,1,2,1,1.0,6.0
201000020747,0010-03-25 18:40:00,10,3,25,18,40,130,55,BD MARCEL DELPRAT,,,Crépuscule ou aube,En agglomération,Hors intersection,Normale,Deux véhicules - arrière,,,,,,,,,,,2,2,1,1.0,2.0
201000020748,0010-02-22 07:30:00,10,2,22,7,30,130,55,"104, AVE DE LA ROSE",,,Plein jour,En agglomération,Hors intersection,Normale,Autre collision,,,,,,,,,,,1,2,1,1.0,6.0
201000020749,0010-03-19 18:00:00,10,3,19,18,0,130,55,"48, AVE COROT",,,Plein jour,En agglomération,Hors intersection,Normale,Autre collision,,,,,,,,,,,1,2,1,1.0,6.0
201000020750,0010-02-03 07:45:00,10,2,3,7,45,130,55,"19, BD ANATOLE DE LA FOR",,,Plein jour,En agglomération,Hors intersection,Normale,Deux véhicules - arrière,,,,,,,,,,,1,2,1,1.0,2.0
201000020751,0010-03-20 02:00:00,10,3,20,2,0,130,55,"28, QAI DE RIVE NEUVE",,,Nuit avec éclairage allumé,En agglomération,Hors intersection,Normale,Autre collision,,,,,,,,,,,5,2,1,1.0,6.0
201000020752,0010-03-28 20:50:00,10,3,28,20,50,130,55,PCE DE LA GARE DE LA BLA,,,Nuit avec éclairage non allumé,En agglomération,Hors intersection,Normale,Autre collision,,,,,,,,,,,4,2,1,1.0,6.0