accident_id,datetime,annee,mois,jour,heure,minute,departement,commune_insee,adresse,latitude,longitude,luminosite,agglomeration,intersection,meteo,collision,nb_vehicules,nb_usagers,nb_indemnes,nb_tues,nb_blesses_hosp,nb_blesses_legers,age_cond_1,age_cond_2,veh_type_cond_1,veh_type_cond_2,lum_code,agg_code,int_code,atm_code,col_code
201000020882,0010-04-13 16:00:00,10,4,13,16,0,130,55,"00, AVE DES PEINTRES ROU",,,Plein jour,En agglomération,Hors intersection,Normale,Deux véhicules - arrière,,,,,,,,,,,1,2,1,1.0,2.0
201000020883,0010-04-08 20:05:00,10,4,8,20,5,130,55,"00, RUE BRETEUIL",,,Plein jour,En agglomération,Hors intersection,Normale,Deux véhicules - arrière,,,,,,,,,,,1,2,1,1.0,2.0
201000020884,0010-04-03 07:40:00,10,4,3,7,40,130,55,"00, BD JEAN MOULIN",,,Plein jour,En agglomération,Hors intersection,Normale,Deux véhicules - arrière,,,,,,,,,,,1,2,1,1.0,2.0
201000020885,0010-04-18 04:30:00,10,4,18,4,30,130,55,"33, RUE RAYMOND TEISSEIR",,,Nuit avec éclairage allumé,En agglomération,Hors intersection,Normale,Autre collision,,,,,,,,,,,5,2,1,1.0,6.0
201000020886,0010-03-24 12:00:00,10,3,24,12,0,130,55,RPT ANTOINE SARTORIO,,,Plein jour,En agglomération,Hors intersection,Normale,Deux véhicules - côté,,,,,,,,,,,1,2,1,1.0,3.0
201000020887,0010-04-02 08:00:00,10,4,2,8,0,130,55,"229, CHE DE CHATEAU GOMB",,,Plein jour,En agglomération,Hors intersection,Normale,Autre collision,,,,,,,,,,,1,2,1,1.0,6.0
201000020888,0010-04-16 16:20:00,10,4,16,16,20,130,55,VSN ROSE A LA GRAVE (CHE,,,Plein jour,En agglomération,Intersection en T,Temps couvert,Deux véhicules - côté,,,,,,,,,,,1,2,3,8.0,3.0
201000020889,0010-03-14 15:15:00,10,3,14,15,15,130,55,"243, BD HENRI BARNIER",,,Plein jour,En agglomération,Hors intersection,Normale,Autre collision,,,,,,,,,,,1,2,1,1.0,6.0
201000020890,0010-04-16 17:20:00,10,4,16,17,20,130,55,"4, AVE LAUZIER",43.2443,5.37293,Plein jour,En agglomération,Intersection en T,Normale,Sans collision,,,,,,,,,,,1,2,3,1.0,7.0
201000020891,0010-04-01 16:50:00,10,4,1,16,50,130,55,"50, RUE JEAN DUSSERT",,,Plein jour,En agglomération,Hors intersection,Normale,Sans collision,,,,,,,,,,,1,2,1,1.0,7.0
201000020892,0010-03-28 11:20:00,10,3,28,11,20,130,55,"1, AVE DES PEINTRES ROUX",,,Plein jour,En agglomération,Hors intersection,Normale,Sans collision,,,,,,,,,,,1,2,1,1.0,7.0
201000020893,0010-04-20 10:40:00,10,4,20,10,40,130,55,RPT DE L'EUROPE MARCEL B,,,Plein jour,En agglomération,Hors intersection,Normale,Trois véhicules et plus - collisions multiples,,,,,,,,,,,1,2,1,1.0,5.0
201000020894,0010-04-11 12:15:00,10,4,11,12,15,130,55,"256, BD DANIELLE CASANOV",,,Plein jour,En agglomération,Hors intersection,Normale,Deux véhicules - arrière,,,,,,,,,,,1,2,1,1.0,2.0
201000020895,0010-04-14 12:20:00,10,4,14,12,20,130,55,"301, AVE DU PRADO",,,Plein jour,En agglomération,Hors intersection,Normale,Deux véhicules - frontale,,,,,,,,,,,1,2,1,1.0,1.0
201000020896,0010-03-25 12:00:00,10,3,25,12,0,130,55,BD DE SAINTE MARGUERITE,,,Plein jour,En agglomération,Hors intersection,Temps couvert,Deux véhicules - côté,,,,,,,,,,,1,2,1,8.0,3.0
201000020897,0010-03-24 14:40:00,10,3,24,14,40,130,55,"36, BD PERIER",,,Plein jour,En agglomération,Hors intersection,Normale,Deux véhicules - arrière,,,,,,,,,,,1,2,1,1.0,2.0
201000020898,0010-03-30 19:45:00,10,3,30,19,45,130,55,RPT LOUIS NATTERO,,,Crépuscule ou aube,En agglomération,Giratoire,Normale,Deux véhicules - côté,,,,,,,,,,,2,2,6,1.0,3.0
201000020899,0010-04-18 15:30:00,10,4,18,15,30,130,55,"20, PAR BORELY",,,Plein jour,En agglomération,Hors intersection,Normale,Deux véhicules - côté,,,,,,,,,,,1,2,1,1.0,3.0
201000020900,0010-04-13 07:45:00,10,4,13,7,45,130,55,"3, RUE BELLE OMBRE",,,Plein jour,En agglomération,Intersection en X,Normale,Deux véhicules - côté,,,,,,,,,,,1,2,2,1.0,3.0
201000020901,0010-04-01 08:10:00,10,4,1,8,10,130,55,"1, AVE DE LA MARTHELINE",,,Plein jour,En agglomération,Hors intersection,Normale,Autre collision,,,,,,,,,,,1,2,1,1.0,6.0
201000020902,0010-03-24 18:30:00,10,3,24,18,30,130,55,"28, BD MICHELET",43.2723,5.39129,Plein jour,En agglomération,Hors intersection,Normale,Autre collision,,,,,,,,,,,1,2,1,1.0,6.0
201000020903,0010-03-11 14:40:00,10,3,11,14,40,130,55,"105, AVE DU PRADO",,,Plein jour,En agglomération,Hors intersection,Normale,Autre collision,,,,,,,,,,,1,2,1,1.0,6.0
201000020904,0010-04-04 03:20:00,10,4,4,3,20,130,55,"33, BD DES DAMES",43.3025,5.36902,Nuit avec éclairage allumé,En agglomération,Intersection en X,Normale,Deux véhicules - côté,,,,,,,,,,,5,2,2,1.0,3.0
201000020905,0010-12-07 19:15:00,10,12,7,19,15,130,55,"310, CHE DE LA MADRAGUE",,,Nuit avec éclairage allumé,En agglomération,Intersection en T,Normale,Deux véhicules - côté,,,,,,,,,,,5,2,3,1.0,3.0
201000020906,0010-04-01 08:00:00,10,4,1,8,0,130,55,"26, RUE PIERRE DOIZE",,,Plein jour,En agglomération,Hors intersection,Normale,Autre collision,,,,,,,,,,,1,2,1,1.0,6.0
201000020907,0010-03-24 07:40:00,10,3,24,7,40,130,55,"62, AVE DE LA MADRAGUE D",,,Plein jour,En agglomération,Hors intersection,Normale,Deux véhicules - arrière,,,,,,,,,,,1,2,1,1.0,2.0
201000020908,0010-04-26 17:40:00,10,4,26,17,40,130,55,"105, RUE BRETEUIL",,,Plein jour,En agglomération,Hors intersection,Normale,Autre collision,,,,,,,,,,,1,2,1,1.0,6.0
201000020909,0010-04-21 16:20:00,10,4,21,16,20,130,55,"48, AVE DE LA CROIX ROUG",,,Plein jour,En agglomération,Hors intersection,Normale,Trois véhicules et plus - en chaîne,,,,,,,,,,,1,2,1,1.0,4.0
201000020910,0010-04-17 07:55:00,10,4,17,7,55,130,55,"91, BD DE PLOMBIERES",,,Plein jour,En agglomération,Hors intersection,Normale,Deux véhicules - côté,,,,,,,,,,,1,2,1,1.0,3.0
201000020911,0010-04-20 09:30:00,10,4,20,9,30,130,55,"275, RUE SAINT PIERRE",,,Plein jour,En agglomération,Hors intersection,Normale,Autre collision,,,,,,,,,,,1,2,1,1.0,6.0
201000020912,0010-04-09 16:10:00,10,4,9,16,10,130,55,"1, RPT IAN PALACH",,,Plein jour,En agglomération,Hors intersection,Normale,Sans collision,,,,,,,,,,,1,2,1,1.0,7.0
201000020913,0010-03-07 08:20:00,10,3,7,8,20,130,55,"1, BD GILLIBERT",,,Plein jour,En agglomération,Intersection en T,Normale,Deux véhicules - côté,,,,,,,,,,,1,2,3,1.0,3.0
201000020914,0010-04-05 16:45:00,10,4,5,16,45,130,55,"134, BD MICHELET",,,Plein jour,En agglomération,Hors intersection,Normale,Deux véhicules - arrière,,,,,,,,,,,1,2,1,1.0,2.0
201000020915,0010-03-04 18:15:00,10,3,4,18,15,130,55,"132, BD MIREILLE LAUZE",,,Plein jour,En agglomération,Hors intersection,Normale,Trois véhicules et plus - en chaîne,,,,,,,,,,,1,2,1,1.0,4.0
201000020916,0010-04-09 20:20:00,10,4,9,20,20,130,55,BD CAUVET,,,Nuit avec éclairage allumé,En agglomération,Passage à niveau,Normale,Deux véhicules - arrière,,,,,,,,,,,5,2,8,1.0,2.0
201000020917,0010-01-28 14:00:00,10,1,28,14,0,130,55,"00, CV DE L' ARGILE",,,Plein jour,En agglomération,Hors intersection,Normale,Autre collision,,,,,,,,,,,1,2,1,1.0,6.0
201000020918,0010-04-08 16:25:00,10,4,8,16,25,130,55,"00, RUE DE LA REPUBLIQUE",,,Plein jour,En agglomération,Hors intersection,Normale,Autre collision,,,,,,,,,,,1,2,1,1.0,6.0
201000020919,0010-03-22 12:00:00,10,3,22,12,0,130,55,"00, VAC DELMONT GRAND LI",,,Plein jour,En agglomération,Hors intersection,Normale,Autre collision,,,,,,,,,,,1,2,1,1.0,6.0
201000020920,0010-04-23 11:30:00,10,4,23,11,30,130,55,"06, RTE DE LA SABLIERE",,,Plein jour,En agglomération,Hors intersection,Normale,Autre collision,,,,,,,,,,,1,2,1,1.0,6.0
201000020921,0010-04-22 13:30:00,10,4,22,13,30,130,55,"83, AVE DE LA POINTE ROU",,,Plein jour,En agglomération,Autre intersection,Normale,Autre collision,,,,,,,,,,,1,2,9,1.0,6.0
201000020922,0010-04-22 22:00:00,10,4,22,22,0,130,55,"215, AVE PIERRE MENDES F",,,Nuit avec éclairage allumé,En agglomération,Intersection en T,Normale,Deux véhicules - côté,,,,,,,,,,,5,2,3,1.0,3.0
201000020923,0010-02-02 11:45:00,10,2,2,11,45,130,55,"365, AVE DE MAZARGUES",,,Plein jour,En agglomération,Hors intersection,Normale,Sans collision,,,,,,,,,,,1,2,1,1.0,7.0
201000020924,0010-04-26 16:05:00,10,4,26,16,5,130,55,AVE DES ARNAVAUX,,,Plein jour,En agglomération,Hors intersection,Normale,Autre collision,,,,,,,,,,,1,2,1,1.0,6.0
201000020925,0010-04-25 02:30:00,10,4,25,2,30,130,55,"616, AVE SALVADOR ALLEND",,,Nuit avec éclairage allumé,En agglomération,Hors intersection,Normale,Autre collision,,,,,,,,,,,5,2,1,1.0,6.0
201000020926,0010-04-24 16:15:00,10,4,24,16,15,130,55,"45, BD NATIONAL",,,Plein jour,En agglomération,Intersection en X,Normale,Autre collision,,,,,,,,,,,1,2,2,1.0,6.0
201000020927,0010-04-24 09:00:00,10,4,24,9,0,130,55,"01, CHE DU MERLAN A LA R",,,Plein jour,En agglomération,Hors intersection,Normale,Autre collision,,,,,,,,,,,1,2,1,1.0,6.0
201000020928,0010-04-26 17:00:00,10,4,26,17,0,130,55,"02, CHE DU LANCIER",,,Plein jour,En agglomération,Hors intersection,Normale,Autre collision,,,,,,,,,,,1,2,1,1.0,6.0
201000020929,0010-04-25 17:30:00,10,4,25,17,30,130,55,RUE CADE,,,Plein jour,En agglomération,Hors intersection,Normale,Sans collision,,,,,,,,,,,1,2,1,1.0,7.0
201000020930,0010-04-22 20:55:00,10,4,22,20,55,130,55,AVE ALEXANDRE ANSALDI,43.3357,5.39856,Nuit avec éclairage allumé,En agglomération,Intersection en T,Normale,Deux véhicules - côté,,,,,,,,,,,5,2,3,1.0,3.0
201000020931,0010-02-08 11:30:00,10,2,8,11,30,130,55,"12, RUE DE FORBIN",,,Plein jour,En agglomération,Hors intersection,Normale,Autre collision,,,,,,,,,,,1,2,1,1.0,6.0
201000020932,0010-03-02 20:40:00,10,3,2,20,40,130,55,"32, RUE EDMOND ROSTAND",,,Crépuscule ou aube,En agglomération,Intersection en T,Normale,Deux véhicules - côté,,,,,,,,,,,2,2,3,1.0,3.0
201000020933,0010-03-31 10:45:00,10,3,31,10,45,130,55,"9, CRS LIEUTAUD",,,Plein jour,En agglomération,Intersection en X,Normale,Deux véhicules - côté,,,,,,,,,,,1,2,2,1.0,3.0
201000020934,0010-04-18 19:30:00,10,4,18,19,30,130,55,"77, AVE DES ROCHES",,,Plein jour,En agglomération,Intersection en T,Normale,Autre collision,,,,,,,,,,,1,2,3,1.0,6.0
201000020935,0010-04-22 08:00:00,10,4,22,8,0,130,55,"1, PCE DU GENERAL FERRIE",,,Plein jour,En agglomération,Hors intersection,Normale,Autre collision,,,,,,,,,,,1,2,1,1.0,6.0
201000020936,0010-04-12 16:00:00,10,4,12,16,0,130,55,"21, AVE DE SAINT BARNABE",,,Plein jour,En agglomération,Hors intersection,Normale,Sans collision,,,,,,,,,,,1,2,1,1.0,7.0
201000020937,0010-08-28 17:45:00,10,8,28,17,45,130,55,"01, AVE DE LA GROGNARDE",,,Plein jour,En agglomération,Hors intersection,Normale,Deux véhicules - côté,,,,,,,,,,,1,2,1,1.0,3.0
201000020938,0010-04-06 18:50:00,10,4,6,18,50,130,55,BD DE SAINTE MARGUERITE,,,Plein jour,En agglomération,Hors intersection,Normale,Deux véhicules - arrière,,,,,,,,,,,1,2,1,1.0,2.0
201000020939,0010-04-17 16:15:00,10,4,17,16,15,130,55,"114, RUE PARADIS",,,Plein jour,En agglomération,Hors intersection,Normale,Autre collision,,,,,,,,,,,1,2,1,1.0,6.0
201000020940,0010-03-27 11:15:00,10,3,27,11,15,130,55,"00, CRS PIERRE PUGET",,,Plein jour,En agglomération,Intersection en X,Normale,Deux véhicules - côté,,,,,,,,,,,1,2,2,1.0,3.0
201000020941,0010-03-30 07:05:00,10,3,30,7,5,130,55,"9, RUE BRETEUIL",,,Nuit avec éclairage allumé,En agglomération,Hors intersection,Normale,Deux véhicules - côté,,,,,,,,,,,5,2,1,1.0,3.0
201000020942,0010-04-23 11:15:00,10,4,23,11,15,130,55,"01, AVE DU MARCHE NATION",,,Plein jour,En agglomération,Hors intersection,Normale,Autre collision,,,,,,,,,,,1,2,1,1.0,6.0
201000020943,0010-03-27 19:00:00,10,3,27,19,0,130,55,"9, RUE CANDOLLE",,,Crépuscule ou aube,En agglomération,Hors intersection,Normale,Autre collision,,,,,,,,,,,2,2,1,1.0,6.0
201000020944,0010-04-25 15:15:00,10,4,25,15,15,130,55,"92, AVE DU MERLAN",,,Plein jour,En agglomération,Hors intersection,Normale,Deux véhicules - arrière,,,,,,,,,,,1,2,1,1.0,2.0
201000020945,0010-04-19 23:50:00,10,4,19,23,50,130,55,AVE JEAN PAUL SARTRE,,,Nuit avec éclairage allumé,En agglomération,Hors intersection,Normale,Deux véhicules - arrière,,,,,,,,,,,5,2,1,1.0,2.0
201000020946,0010-04-01 11:05:00,10,4,1,11,5,130,55,"105, RUE ROGER BRUN",,,Plein jour,En agglomération,Hors intersection,Normale,Autre collision,,,,,,,,,,,1,2,1,1.0,6.0
201000020947,0010-04-24 04:45:00,10,4,24,4,45,130,55,AVE JEAN PAUL SARTRE,,,Crépuscule ou aube,En agglomération,Hors intersection,Pluie légère,Deux véhicules - frontale,,,,,,,,,,,2,2,1,2.0,1.0
201000020948,0010-04-21 21:30:00,10,4,21,21,30,130,55,AVE DE FRAIS VALLON,,,Nuit avec éclairage allumé,En agglomération,Hors intersection,Normale,Deux véhicules - côté,,,,,,,,,,,5,2,1,1.0,3.0
201000020949,0010-04-16 16:00:00,10,4,16,16,0,130,55,"37, CHE SAINT JEAN DU DE",,,Plein jour,En agglomération,Hors intersection,Pluie forte,Autre collision,,,,,,,,,,,1,2,1,3.0,6.0
201000020950,0010-04-21 15:15:00,10,4,21,15,15,130,55,"172, RUE DE ROME",,,Plein jour,En agglomération,Hors intersection,Normale,Autre collision,,,,,,,,,,,1,2,1,1.0,6.0
201000020951,0010-03-09 16:30:00,10,3,9,16,30,130,55,"8, PCE DES MARSEILLAISES",,,Plein jour,En agglomération,Hors intersection,Normale,Autre collision,,,,,,,,,,,1,2,1,1.0,6.0
201000020952,0010-03-04 07:20:00,10,3,4,7,20,130,55,"1, RUE ARMENY",,,Plein jour,En agglomération,Hors intersection,Normale,Sans collision,,,,,,,,,,,1,2,1,1.0,7.0
201000020953,0010-04-30 08:00:00,10,4,30,8,0,130,55,"709, BD GUSTAVE DESPLACE",,,Plein jour,En agglomération,Hors intersection,Normale,Autre collision,,,,,,,,,,,1,2,1,1.0,6.0
201000020954,0010-12-02 14:00:00,10,12,2,14,0,130,55,"42, BD CHARLES MORETTI",,,Plein jour,En agglomération,Hors intersection,Normale,Autre collision,,,,,,,,,,,1,2,1,1.0,6.0
201000020955,0010-04-15 19:30:00,10,4,15,19,30,130,55,"4, ALL TURCAT MERY",,,Crépuscule ou aube,En agglomération,Hors intersection,Normale,Autre collision,,,,,,,,,,,2,2,1,1.0,6.0
201000020956,0010-04-02 10:00:00,10,4,2,10,0,130,55,"526, RUE PARADIS",,,Plein jour,En agglomération,Hors intersection,Normale,Autre collision,,,,,,,,,,,1,2,1,1.0,6.0
201000020957,0010-04-21 18:15:00,10,4,21,18,15,130,55,"21, BD BAILLE",,,Plein jour,En agglomération,Intersection en T,Normale,Deux véhicules - côté,,,,,,,,,,,1,2,3,1.0,3.0
201000020958,0010-05-02 20:30:00,10,5,2,20,30,130,55,"86, CHE JEAN ROUBIN",,,Crépuscule ou aube,En agglomération,Hors intersection,Normale,Autre collision,,,,,,,,,,,2,2,1,1.0,6.0
201000020959,0010-04-24 11:05:00,10,4,24,11,5,130,55,"75, AVE DE SAINT MENET",,,Plein jour,En agglomération,Hors intersection,Normale,Deux véhicules - arrière,,,,,,,,,,,1,2,1,1.0,2.0
201000020960,0010-04-03 16:05:00,10,4,3,16,5,130,55,"336, AVE DES POILUS",,,Plein jour,En agglomération,Hors intersection,Normale,Autre collision,,,,,,,,,,,1,2,1,1.0,6.0
201000020961,0010-04-17 15:10:00,10,4,17,15,10,130,55,"1, PCE ERNEST DELIBES",,,Plein jour,En agglomération,Hors intersection,Normale,Autre collision,,,,,,,,,,,1,2,1,1.0,6.0
201000020962,0010-04-30 17:26:00,10,4,30,17,26,130,55,"233, BD DE PLOMBIERES",,,Plein jour,En agglomération,Hors intersection,Normale,Autre collision,,,,,,,,,,,1,2,1,1.0,6.0
201000020963,0010-04-29 22:05:00,10,4,29,22,5,130,55,"71, BD DE PLOMBIERES",,,Nuit avec éclairage allumé,En agglomération,Hors intersection,Normale,Deux véhicules - côté,,,,,,,,,,,5,2,1,1.0,3.0
201000020964,0010-03-13 19:30:00,10,3,13,19,30,130,55,"00, VOL SORTIE AUT NORD",,,Nuit avec éclairage allumé,En agglomération,Hors intersection,Normale,Autre collision,,,,,,,,,,,5,2,1,1.0,6.0
201000020965,0010-02-06 09:10:00,10,2,6,9,10,130,55,"00, CHE DE LA MADRAGUE V",,,Plein jour,En agglomération,Hors intersection,Normale,Autre collision,,,,,,,,,,,1,2,1,1.0,6.0
201000020966,0010-04-20 16:40:00,10,4,20,16,40,130,55,"00, VSN MORGIOU CHE",,,Plein jour,En agglomération,Hors intersection,Normale,Autre collision,,,,,,,,,,,1,2,1,1.0,6.0
201000020967,0010-04-20 20:00:00,10,4,20,20,0,130,55,"00, BD DE SAINT MARCEL",,,Plein jour,En agglomération,Hors intersection,Normale,Autre collision,,,,,,,,,,,1,2,1,1.0,6.0
201000020968,0010-04-15 14:45:00,10,4,15,14,45,130,55,"223, RUE D ENDOUME",,,Plein jour,En agglomération,Hors intersection,Normale,Autre collision,,,,,,,,,,,1,2,1,1.0,6.0
201000020969,0010-04-23 18:30:00,10,4,23,18,30,130,55,"109, RUE D ENDOUME",,,Plein jour,En agglomération,Intersection en X,Normale,Deux véhicules - côté,,,,,,,,,,,1,2,2,1.0,3.0
201000020970,0010-05-05 08:15:00,10,5,5,8,15,130,55,"27, AVE DU PRADO",43.284,5.38484,Plein jour,En agglomération,Intersection en X,Normale,Autre collision,,,,,,,,,,,1,2,2,1.0,6.0
201000020971,0010-04-23 06:45:00,10,4,23,6,45,130,55,"3, BD DU MARECHAL JUIN",,,Crépuscule ou aube,En agglomération,Hors intersection,Normale,Deux véhicules - arrière,,,,,,,,,,,2,2,1,1.0,2.0
201000020972,0010-04-14 21:00:00,10,4,14,21,0,130,55,"73, BD DE LA MAZARADE",,,Nuit avec éclairage allumé,En agglomération,Hors intersection,Normale,Deux véhicules - arrière,,,,,,,,,,,5,2,1,1.0,2.0
201000020973,0010-03-14 16:20:00,10,3,14,16,20,130,55,BD DE PLOMBIERES,,,Plein jour,En agglomération,Hors intersection,Normale,Deux véhicules - côté,,,,,,,,,,,1,2,1,1.0,3.0
201000020974,0010-04-02 18:45:00,10,4,2,18,45,130,55,"47, QAI DE RIVE NEUVE",,,Plein jour,En agglomération,Hors intersection,Normale,Deux véhicules - côté,,,,,,,,,,,1,2,1,1.0,3.0
201000020975,0010-04-28 09:15:00,10,4,28,9,15,130,55,"118, AVE DE MONTOLIVET",,,Plein jour,En agglomération,Hors intersection,Normale,Trois véhicules et plus - en chaîne,,,,,,,,,,,1,2,1,1.0,4.0
201000020976,0010-05-02 15:20:00,10,5,2,15,20,130,55,"03, RUE HOCHE",,,Plein jour,En agglomération,Hors intersection,Normale,Autre collision,,,,,,,,,,,1,2,1,1.0,6.0
201000020977,0010-05-01 17:50:00,10,5,1,17,50,130,55,"58, AVE DES GOUMIERS",,,Plein jour,En agglomération,Hors intersection,Normale,Autre collision,,,,,,,,,,,1,2,1,1.0,6.0
201000020978,0010-03-23 18:00:00,10,3,23,18,0,130,55,"20, BD DU METRO",,,Crépuscule ou aube,En agglomération,Hors intersection,Normale,Autre collision,,,,,,,,,,,2,2,1,1.0,6.0
201000020979,0010-04-15 09:30:00,10,4,15,9,30,130,55,"24, AVE DU MARECHAL FOCH",,,Plein jour,En agglomération,Hors intersection,Normale,Autre collision,,,,,,,,,,,1,2,1,1.0,6.0
201000020980,0010-05-01 15:55:00,10,5,1,15,55,130,55,"141, BD CHAVE",,,Plein jour,En agglomération,Hors intersection,Normale,Autre collision,,,,,,,,,,,1,2,1,1.0,6.0
201000020981,0010-05-02 09:30:00,10,5,2,9,30,130,55,"01, AVE ALEXANDRE FLEMIN",,,Plein jour,En agglomération,Hors intersection,Normale,Autre collision,,,,,,,,,,,1,2,1,1.0,6.0
201000020982,0010-04-28 20:10:00,10,4,28,20,10,130,55,"00, BD DE STRASBOURG",,,Plein jour,En agglomération,Intersection en X,Normale,Deux véhicules - côté,,,,,,,,,,,1,2,2,1.0,3.0
201000020983,0010-04-02 17:15:00,10,4,2,17,15,130,55,"93, RUE FELIX PYAT",,,Plein jour,En agglomération,Hors intersection,Normale,Deux véhicules - côté,,,,,,,,,,,1,2,1,1.0,3.0
201000020984,0010-04-25 19:00:00,10,4,25,19,0,130,55,"270, BD DE SAINTE MARGUE",,,Plein jour,En agglomération,Hors intersection,Normale,Deux véhicules - côté,,,,,,,,,,,1,2,1,1.0,3.0
201000020985,0010-02-25 09:05:00,10,2,25,9,5,130,55,"148, BD DE ROUX PROLONGE",,,Plein jour,En agglomération,Hors intersection,Normale,Deux véhicules - arrière,,,,,,,,,,,1,2,1,1.0,2.0
201000020986,0010-04-30 15:25:00,10,4,30,15,25,130,55,"03, RUE BROCHIER",,,Plein jour,En agglomération,Intersection en X,Normale,Deux véhicules - côté,,,,,,,,,,,1,2,2,1.0,3.0
201000020987,0010-04-16 12:30:00,10,4,16,12,30,130,55,VOL LESSEPS / PASSERELLE,,,Plein jour,En agglomération,Hors intersection,Normale,Deux véhicules - arrière,,,,,,,,,,,1,2,1,1.0,2.0
201000020988,0010-05-05 18:20:00,10,5,5,18,20,130,55,"94, BD DE SAINT LOUP",,,Plein jour,En agglomération,Hors intersection,Pluie légère,Deux véhicules - côté,,,,,,,,,,,1,2,1,2.0,3.0
201000020989,0010-05-06 19:50:00,10,5,6,19,50,130,55,"137, BD DES LIBERATEURS",43.3021,5.45708,Plein jour,En agglomération,Hors intersection,Normale,Deux véhicules - frontale,,,,,,,,,,,1,2,1,1.0,1.0
201000020990,0010-04-05 14:30:00,10,4,5,14,30,130,55,VOI LA CANEBIERE,,,Plein jour,En agglomération,Intersection en X,Normale,Deux véhicules - côté,,,,,,,,,,,1,2,2,1.0,3.0
201000020991,0010-09-13 12:30:00,10,9,13,12,30,130,55,"60, CRS LIEUTAUD",,,Plein jour,En agglomération,Hors intersection,Normale,Deux véhicules - côté,,,,,,,,,,,1,2,1,1.0,3.0
201000020992,0010-03-09 14:00:00,10,3,9,14,0,130,55,"23, RUE DIEUDE",,,Plein jour,En agglomération,Autre intersection,Normale,Autre collision,,,,,,,,,,,1,2,9,1.0,6.0
201000020993,0010-03-09 12:00:00,10,3,9,12,0,130,55,"40, RUE ADOLPHE THIERS",,,Plein jour,En agglomération,Hors intersection,Normale,Deux véhicules - côté,,,,,,,,,,,1,2,1,1.0,3.0
201000020994,0010-03-14 20:00:00,10,3,14,20,0,130,55,"69, BD BAILLE",,,Nuit avec éclairage allumé,En agglomération,Hors intersection,Normale,Deux véhicules - côté,,,,,,,,,,,5,2,1,1.0,3.0
201000020995,0010-04-01 13:45:00,10,4,1,13,45,130,55,"163, RUE PARADIS",,,Plein jour,En agglomération,Hors intersection,Normale,Autre collision,,,,,,,,,,,1,2,1,1.0,6.0
201000020996,0010-03-15 08:50:00,10,3,15,8,50,130,55,"20, AVE DU PRADO",,,Plein jour,En agglomération,Hors intersection,Normale,Trois véhicules et plus - collisions multiples,,,,,,,,,,,1,2,1,1.0,5.0
201000020997,0010-04-02 11:30:00,10,4,2,11,30,130,55,"144, RUE DE ROME",43.2886,5.38216,Plein jour,En agglomération,Intersection en T,Normale,Deux véhicules - côté,,,,,,,,,,,1,2,3,1.0,3.0
201000020998,0010-04-24 04:45:00,10,4,24,4,45,130,55,"00, AVE DU PRADO",,,Plein jour,En agglomération,Hors intersection,Normale,Autre collision,,,,,,,,,,,1,2,1,1.0,6.0
201000020999,0010-04-20 17:00:00,10,4,20,17,0,130,55,"36, RUE GEORGE",,,Plein jour,En agglomération,Autre intersection,Normale,Deux véhicules - côté,,,,,,,,,,,1,2,9,1.0,3.0
201000021000,0010-04-19 10:50:00,10,4,19,10,50,130,55,"37, BD DE LA LIBERATION",,,Plein jour,En agglomération,Hors intersection,Normale,Deux véhicules - côté,,,,,,,,,,,1,2,1,1.0,3.0
201000021001,0010-04-03 00:10:00,10,4,3,0,10,130,55,"86, CRS LIEUTAUD",,,Nuit avec éclairage allumé,En agglomération,Hors intersection,Normale,Autre collision,,,,,,,,,,,5,2,1,1.0,6.0
201000021002,0010-11-20 09:45:00,10,11,20,9,45,130,55,"1, AVE ESCADRILLE NORMAN",,,Plein jour,En agglomération,Hors intersection,Pluie légère,Deux véhicules - arrière,,,,,,,,,,,1,2,1,2.0,2.0
201000021003,0010-04-27 16:10:00,10,4,27,16,10,130,55,"1, BD PIERRE MENARD",,,Plein jour,En agglomération,Hors intersection,Normale,Deux véhicules - côté,,,,,,,,,,,1,2,1,1.0,3.0
201000021004,0010-12-03 08:20:00,10,12,3,8,20,130,55,"54, BD ROLAND DORGELES",,,Plein jour,En agglomération,Autre intersection,Normale,Deux véhicules - arrière,,,,,,,,,,,1,2,9,1.0,2.0
201000021005,0010-04-24 12:25:00,10,4,24,12,25,130,55,"40, RUE ROGER RENZO",,,Plein jour,En agglomération,Hors intersection,Normale,Sans collision,,,,,,,,,,,1,2,1,1.0,7.0
201000021006,0010-04-28 12:20:00,10,4,28,12,20,130,55,AVE CLOT BEY,,,Plein jour,En agglomération,Intersection en T,Normale,Deux véhicules - côté,,,,,,,,,,,1,2,3,1.0,3.0
201000021007,0010-04-05 10:00:00,10,4,5,10,0,130,55,"246, AVE DES OLIVES",,,Plein jour,En agglomération,Hors intersection,Normale,Deux véhicules - côté,,,,,,,,,,,1,2,1,1.0,3.0
201000021008,0010-05-03 10:20:00,10,5,3,10,20,130,55,"7, CHE DE SAINT ANTOINE",,,Plein jour,En agglomération,Hors intersection,Normale,Autre collision,,,,,,,,,,,1,2,1,1.0,6.0
201000021009,0010-04-15 17:50:00,10,4,15,17,50,130,55,"40, AVE DE LA CROIX ROUG",,,Plein jour,En agglomération,Hors intersection,Normale,Autre collision,,,,,,,,,,,1,2,1,1.0,6.0
201000021010,0010-04-27 08:00:00,10,4,27,8,0,130,55,"33, RUE MARIUS BRIATA",,,Plein jour,En agglomération,Hors intersection,Normale,Autre collision,,,,,,,,,,,1,2,1,1.0,6.0