accident_id,datetime,annee,mois,jour,heure,minute,departement,commune_insee,adresse,latitude,longitude,luminosite,agglomeration,intersection,meteo,collision,nb_vehicules,nb_usagers,nb_indemnes,nb_tues,nb_blesses_hosp,nb_blesses_legers,age_cond_1,age_cond_2,veh_type_cond_1,veh_type_cond_2,lum_code,agg_code,int_code,atm_code,col_code
201000021011,0010-04-20 05:50:00,10,4,20,5,50,130,55,"16, BD AMPERE",,,Crépuscule ou aube,En agglomération,Hors intersection,Normale,Autre collision,,,,,,,,,,,2,2,1,1.0,6.0
201000021012,0010-05-06 18:25:00,10,5,6,18,25,130,55,AVE ELLEON,,,Plein jour,En agglomération,Hors intersection,Normale,Deux véhicules - côté,,,,,,,,,,,1,2,1,1.0,3.0
201000021013,0010-04-26 18:05:00,10,4,26,18,5,130,55,"19, BD PERIER",,,Plein jour,En agglomération,Hors intersection,Normale,Autre collision,,,,,,,,,,,1,2,1,1.0,6.0
201000021014,0010-01-26 07:55:00,10,1,26,7,55,130,55,"00, RUE BRETEUIL",,,Crépuscule ou aube,En agglomération,Hors intersection,Normale,Deux véhicules - arrière,,,,,,,,,,,2,2,1,1.0,2.0
201000021015,0010-03-23 10:30:00,10,3,23,10,30,130,55,"82, AVE ROGER SALENGRO",,,Plein jour,En agglomération,Hors intersection,Normale,Deux véhicules - arrière,,,,,,,,,,,1,2,1,1.0,2.0
201000021016,0010-04-18 09:30:00,10,4,18,9,30,130,55,"00, RTE DES CAMOINS",,,Plein jour,En agglomération,Hors intersection,Normale,Deux véhicules - frontale,,,,,,,,,,,1,2,1,1.0,1.0
201000021017,0010-03-21 11:45:00,10,3,21,11,45,130,55,"00, AVE JEAN PAUL SARTRE",,,Plein jour,En agglomération,Hors intersection,Normale,Deux véhicules - arrière,,,,,,,,,,,1,2,1,1.0,2.0
201000021018,0010-04-04 03:03:00,10,4,4,3,3,130,55,AVE ALEXANDRE FLEMING,,,Nuit avec éclairage allumé,En agglomération,Hors intersection,Normale,Deux véhicules - arrière,,,,,,,,,,,5,2,1,1.0,2.0
201000021019,0010-05-03 21:30:00,10,5,3,21,30,130,55,BD FRANCOISE DUPARC,,,Nuit avec éclairage allumé,En agglomération,Hors intersection,Pluie légère,Autre collision,,,,,,,,,,,5,2,1,2.0,6.0
201000021020,0010-05-02 16:30:00,10,5,2,16,30,130,55,"33, BD DE LA CARTONNERIE",,,Plein jour,En agglomération,Hors intersection,Normale,Deux véhicules - frontale,,,,,,,,,,,1,2,1,1.0,1.0
201000021021,0010-03-04 06:05:00,10,3,4,6,5,130,55,"118, AVE DE SAINT JULIEN",,,Nuit avec éclairage allumé,En agglomération,Hors intersection,Normale,Deux véhicules - arrière,,,,,,,,,,,5,2,1,1.0,2.0
201000021022,0010-04-24 18:15:00,10,4,24,18,15,130,55,"DF15, AVE DU GENERAL LEC",,,Plein jour,En agglomération,Hors intersection,Normale,Deux véhicules - frontale,,,,,,,,,,,1,2,1,1.0,1.0
201000021023,0010-08-13 21:00:00,10,8,13,21,0,130,55,"23, BD LAVERAN",,,Nuit avec éclairage allumé,En agglomération,Hors intersection,Normale,Deux véhicules - frontale,,,,,,,,,,,5,2,1,1.0,1.0
201000021024,0010-04-28 13:46:00,10,4,28,13,46,130,55,"1, BD PIERRE DRAMARD",,,Plein jour,En agglomération,Hors intersection,Normale,Deux véhicules - arrière,,,,,,,,,,,1,2,1,1.0,2.0
201000021025,0010-05-10 01:20:00,10,5,10,1,20,130,75,"53, FRÉDÉRIC CHEVILLON (",43.3463,5.46248,Nuit avec éclairage allumé,En agglomération,Hors intersection,Pluie forte,Autre collision,,,,,,,,,,,5,2,1,3.0,6.0
201000021026,0010-05-09 11:40:00,10,5,9,11,40,130,55,BD LEDRU ROLLIN,,,Plein jour,En agglomération,Hors intersection,Normale,Sans collision,,,,,,,,,,,1,2,1,1.0,7.0
201000021027,0010-05-10 23:50:00,10,5,10,23,50,130,55,"276, AVE DU PRADO",,,Nuit avec éclairage allumé,En agglomération,Hors intersection,Pluie forte,Deux véhicules - frontale,,,,,,,,,,,5,2,1,3.0,1.0
201000021028,0010-05-10 22:00:00,10,5,10,22,0,130,55,"347, RUE SAINT PIERRE",,,Nuit avec éclairage allumé,En agglomération,Hors intersection,Normale,Autre collision,,,,,,,,,,,5,2,1,1.0,6.0
201000021029,0010-05-08 06:40:00,10,5,8,6,40,130,2,GÉNÉRAL DE GAULLE (AVENU,,,Crépuscule ou aube,En agglomération,Hors intersection,Normale,Autre collision,,,,,,,,,,,2,2,1,1.0,6.0
201000021030,0010-05-05 13:00:00,10,5,5,13,0,130,55,"340, BD ROMAIN ROLLAND",,,Plein jour,En agglomération,Hors intersection,Pluie légère,Autre collision,,,,,,,,,,,1,2,1,2.0,6.0
201000021031,0010-05-06 18:05:00,10,5,6,18,5,130,55,"2, RUE MONTE CRISTO",,,Plein jour,En agglomération,Hors intersection,Normale,Autre collision,,,,,,,,,,,1,2,1,1.0,6.0
201000021032,0010-04-21 10:30:00,10,4,21,10,30,130,55,"15, BD JEAN CASSE",,,Plein jour,En agglomération,Hors intersection,Normale,Deux véhicules - côté,,,,,,,,,,,1,2,1,1.0,3.0
201000021033,0010-12-15 07:10:00,10,12,15,7,10,130,55,"1, AVE ESCADRILLE NORMAN",,,Crépuscule ou aube,En agglomération,Autre intersection,Pluie légère,Sans collision,,,,,,,,,,,2,2,9,2.0,7.0
201000021034,0010-04-28 17:40:00,10,4,28,17,40,130,55,BD HENRI BARNIER,,,Plein jour,En agglomération,Hors intersection,Normale,Deux véhicules - arrière,,,,,,,,,,,1,2,1,1.0,2.0
201000021035,0010-04-12 13:30:00,10,4,12,13,30,130,55,AVE DES AYGALADES,,,Plein jour,En agglomération,Hors intersection,Pluie forte,Autre collision,,,,,,,,,,,1,2,1,3.0,6.0
201000021036,0010-05-08 11:25:00,10,5,8,11,25,130,55,"46, BD SIMON BOLIVAR",,,Plein jour,En agglomération,Hors intersection,Normale,Autre collision,,,,,,,,,,,1,2,1,1.0,6.0
201000021037,0010-05-12 19:00:00,10,5,12,19,0,130,55,"175, BD BAILLE",,,Plein jour,En agglomération,Intersection en T,Normale,Deux véhicules - côté,,,,,,,,,,,1,2,3,1.0,3.0
201000021038,0010-05-14 12:00:00,10,5,14,12,0,130,55,"37, AVE DE SAINT JUST",43.314,5.40277,Plein jour,En agglomération,Intersection en X,Normale,Autre collision,,,,,,,,,,,1,2,2,1.0,6.0
201000021039,0010-05-15 02:30:00,10,5,15,2,30,130,55,VSN MOULIN JEAN PRO RABA,43.282,5.39913,Nuit avec éclairage allumé,En agglomération,Hors intersection,Normale,Trois véhicules et plus - collisions multiples,,,,,,,,,,,5,2,1,1.0,5.0
201000021040,0010-05-16 00:15:00,10,5,16,0,15,130,55,"00, RUE DES FORGES",,,Nuit avec éclairage allumé,En agglomération,Intersection en X,Normale,Autre collision,,,,,,,,,,,5,2,2,1.0,6.0
201000021041,0010-02-01 17:00:00,10,2,1,17,0,130,55,"01, RUE D' ORANGE",,,Crépuscule ou aube,En agglomération,Hors intersection,Normale,Autre collision,,,,,,,,,,,2,2,1,1.0,6.0
201000021042,0010-04-26 13:15:00,10,4,26,13,15,130,55,"22, BD DU CAPITAINE GEZE",,,Plein jour,En agglomération,Hors intersection,Normale,Autre collision,,,,,,,,,,,1,2,1,1.0,6.0
201000021043,0010-11-22 19:40:00,10,11,22,19,40,130,55,"194, CHE DE GIBBES",,,Nuit avec éclairage allumé,En agglomération,Hors intersection,Normale,Deux véhicules - côté,,,,,,,,,,,5,2,1,1.0,3.0
201000021044,0010-04-27 13:15:00,10,4,27,13,15,130,55,"96, BD RABATAU",,,Plein jour,En agglomération,Hors intersection,Normale,Autre collision,,,,,,,,,,,1,2,1,1.0,6.0
201000021045,0010-05-04 09:25:00,10,5,4,9,25,130,55,"04, PCE DE POLOGNE",,,Plein jour,En agglomération,Hors intersection,Normale,Autre collision,,,,,,,,,,,1,2,1,1.0,6.0
201000021046,0010-04-28 19:00:00,10,4,28,19,0,130,55,"00, BD BOISSON",,,Plein jour,En agglomération,Intersection en X,Normale,Deux véhicules - côté,,,,,,,,,,,1,2,2,1.0,3.0
201000021047,0010-05-08 02:20:00,10,5,8,2,20,130,55,"12, RUE MELCHION",,,Nuit avec éclairage allumé,En agglomération,Hors intersection,Pluie forte,Deux véhicules - arrière,,,,,,,,,,,5,2,1,3.0,2.0
201000021048,0010-05-09 17:50:00,10,5,9,17,50,130,55,PRO GEORGES POMPIDOU,,,Plein jour,En agglomération,Hors intersection,Normale,Sans collision,,,,,,,,,,,1,2,1,1.0,7.0
201000021049,0010-03-18 16:00:00,10,3,18,16,0,130,55,"11, RUE MONTE CRISTO",,,Plein jour,En agglomération,Intersection en Y,Normale,Sans collision,,,,,,,,,,,1,2,4,1.0,7.0
201000021050,0010-05-16 10:15:00,10,5,16,10,15,130,55,"1, AVE DU CAP PINEDE ROC",,,Plein jour,En agglomération,Hors intersection,Normale,Autre collision,,,,,,,,,,,1,2,1,1.0,6.0
201000021051,0010-05-18 04:20:00,10,5,18,4,20,130,55,"11, BD DE PARIS",,,Nuit avec éclairage allumé,En agglomération,Intersection en X,Normale,Deux véhicules - côté,,,,,,,,,,,5,2,2,1.0,3.0
201000021052,0010-05-03 08:30:00,10,5,3,8,30,130,55,"59, ALL DE LA GRANDE BAS",,,Crépuscule ou aube,En agglomération,Autre intersection,Normale,Autre collision,,,,,,,,,,,2,2,9,1.0,6.0
201000021053,0010-05-03 11:20:00,10,5,3,11,20,130,55,"56, RUE DU ROUET",,,Plein jour,En agglomération,Hors intersection,Pluie légère,Autre collision,,,,,,,,,,,1,2,1,2.0,6.0
201000021054,0010-01-19 12:00:00,10,1,19,12,0,130,55,"100, AVE ROGER SALENGRO",,,Plein jour,En agglomération,Hors intersection,Normale,Autre collision,,,,,,,,,,,1,2,1,1.0,6.0
201000021055,0010-05-07 18:15:00,10,5,7,18,15,130,55,"109, BD HENRI BARNIER",,,Plein jour,En agglomération,Hors intersection,Normale,Deux véhicules - arrière,,,,,,,,,,,1,2,1,1.0,2.0
201000021056,0010-05-12 16:15:00,10,5,12,16,15,130,55,"73, BD CHAVE",,,Plein jour,En agglomération,Hors intersection,Normale,Sans collision,,,,,,,,,,,1,2,1,1.0,7.0
201000021057,0010-05-09 19:00:00,10,5,9,19,0,130,55,AVE ALEXANDRE FLEMING,,,Plein jour,En agglomération,Hors intersection,Normale,Trois véhicules et plus - en chaîne,,,,,,,,,,,1,2,1,1.0,4.0
201000021058,0010-05-13 18:10:00,10,5,13,18,10,130,55,"42, AVE DE SAINT JUST",,,Plein jour,En agglomération,Intersection en X,Normale,Deux véhicules - côté,,,,,,,,,,,1,2,2,1.0,3.0
201000021059,0010-05-06 12:15:00,10,5,6,12,15,130,55,AVE DE PROVENCE,,,Plein jour,En agglomération,Hors intersection,Normale,Deux véhicules - arrière,,,,,,,,,,,1,2,1,1.0,2.0
201000021060,0010-04-25 14:30:00,10,4,25,14,30,130,55,AVE DE SAINT ANTOINE,,,Plein jour,En agglomération,Hors intersection,Normale,Trois véhicules et plus - collisions multiples,,,,,,,,,,,1,2,1,1.0,5.0
201000021061,0010-05-06 12:05:00,10,5,6,12,5,130,55,"54, BD GAY LUSSAC",,,Plein jour,En agglomération,Hors intersection,Normale,Autre collision,,,,,,,,,,,1,2,1,1.0,6.0
201000021062,0010-04-16 16:45:00,10,4,16,16,45,130,55,"69, BD LOUIS BOTINELLY",,,Plein jour,En agglomération,Hors intersection,Normale,Autre collision,,,,,,,,,,,1,2,1,1.0,6.0
201000021063,0010-04-17 19:25:00,10,4,17,19,25,130,55,"22, BD DE LA CORDERIE",,,Crépuscule ou aube,En agglomération,Hors intersection,Normale,Autre collision,,,,,,,,,,,2,2,1,1.0,6.0
201000021064,0010-04-17 15:15:00,10,4,17,15,15,130,55,"6, ALL LEON GAMBETTA",,,Plein jour,En agglomération,Hors intersection,Normale,Autre collision,,,,,,,,,,,1,2,1,1.0,6.0
201000021065,0010-04-25 00:35:00,10,4,25,0,35,130,55,", BD SCHLOESING",,,Nuit avec éclairage allumé,En agglomération,Hors intersection,Normale,Deux véhicules - arrière,,,,,,,,,,,5,2,1,1.0,2.0
201000021066,0010-04-10 10:30:00,10,4,10,10,30,130,55,"164, BD DE SAINTE MARGUE",,,Plein jour,En agglomération,Hors intersection,Normale,Deux véhicules - arrière,,,,,,,,,,,1,2,1,1.0,2.0
201000021067,0010-05-18 17:45:00,10,5,18,17,45,130,55,"91, RUE STANISLAS TORREN",,,Plein jour,En agglomération,Hors intersection,Normale,Autre collision,,,,,,,,,,,1,2,1,1.0,6.0
201000021068,0010-01-26 18:30:00,10,1,26,18,30,130,55,RUE DESPIEDS,43.3115,5.38599,Nuit avec éclairage allumé,En agglomération,Intersection en X,Normale,Deux véhicules - côté,,,,,,,,,,,5,2,2,1.0,3.0
201000021069,0010-03-29 08:00:00,10,3,29,8,0,130,55,"00, RUE CARAVELLE DELAIS",,,Plein jour,En agglomération,Hors intersection,Normale,Autre collision,,,,,,,,,,,1,2,1,1.0,6.0
201000021070,0010-05-21 05:45:00,10,5,21,5,45,130,55,TRA CHARLES SUSINI,,,Crépuscule ou aube,En agglomération,Hors intersection,Normale,Deux véhicules - frontale,,,,,,,,,,,2,2,1,1.0,1.0
201000021071,0010-05-14 12:00:00,10,5,14,12,0,130,55,"1, RUE ALBIN MEYLAN",,,Plein jour,En agglomération,Hors intersection,Normale,Deux véhicules - côté,,,,,,,,,,,1,2,1,1.0,3.0
201000021072,0010-05-21 00:55:00,10,5,21,0,55,130,55,"280, RUE DE LYON",,,Nuit avec éclairage allumé,En agglomération,Hors intersection,Normale,Autre collision,,,,,,,,,,,5,2,1,1.0,6.0
201000021073,0010-05-19 18:30:00,10,5,19,18,30,130,55,"245, AVE DE LA CAPELETTE",,,Plein jour,En agglomération,Hors intersection,Normale,Deux véhicules - arrière,,,,,,,,,,,1,2,1,1.0,2.0
201000021074,0010-04-19 09:00:00,10,4,19,9,0,130,55,"86, BD DE PONT DE VIVAUX",,,Plein jour,En agglomération,Hors intersection,Normale,Autre collision,,,,,,,,,,,1,2,1,1.0,6.0
201000021075,0010-04-22 14:00:00,10,4,22,14,0,130,55,"32, BD DU CABOT",,,Plein jour,En agglomération,Hors intersection,Normale,Deux véhicules - côté,,,,,,,,,,,1,2,1,1.0,3.0
201000021076,0010-04-23 16:00:00,10,4,23,16,0,130,55,"57, BD ROMAIN ROLLAND",,,Plein jour,En agglomération,Hors intersection,Temps couvert,Autre collision,,,,,,,,,,,1,2,1,8.0,6.0
201000021077,0010-05-06 08:47:00,10,5,6,8,47,130,55,"134, BD PAUL CLAUDEL",,,Plein jour,En agglomération,Intersection en T,Temps couvert,Trois véhicules et plus - en chaîne,,,,,,,,,,,1,2,3,8.0,4.0
201000021078,0010-05-07 17:00:00,10,5,7,17,0,130,55,"02, PCE DES TROIS LUCS",,,Plein jour,En agglomération,Intersection en T,Normale,Deux véhicules - arrière,,,,,,,,,,,1,2,3,1.0,2.0
201000021079,0010-05-11 19:50:00,10,5,11,19,50,130,55,"57, BD ROMAIN ROLLAND",,,Plein jour,En agglomération,Hors intersection,Normale,Autre collision,,,,,,,,,,,1,2,1,1.0,6.0
201000021080,0010-05-04 12:55:00,10,5,4,12,55,130,55,"59, BD PAUL CLAUDEL",,,Plein jour,En agglomération,Hors intersection,Temps couvert,Deux véhicules - arrière,,,,,,,,,,,1,2,1,8.0,2.0
201000021081,0010-05-21 10:00:00,10,5,21,10,0,130,55,"00, CHE DE SAINTE MARTHE",,,Plein jour,En agglomération,Hors intersection,Normale,Deux véhicules - arrière,,,,,,,,,,,1,2,1,1.0,2.0
201000021082,0010-04-30 10:30:00,10,4,30,10,30,130,55,"199, BD DE SAINTE MARGUE",,,Plein jour,En agglomération,Intersection en X,Normale,Deux véhicules - côté,,,,,,,,,,,1,2,2,1.0,3.0
201000021083,0010-04-23 21:30:00,10,4,23,21,30,130,55,"48, BD QUEIREL",,,Nuit avec éclairage allumé,En agglomération,Intersection en T,Normale,Autre collision,,,,,,,,,,,5,2,3,1.0,6.0
201000021084,0010-01-03 21:20:00,10,1,3,21,20,130,55,"153, CHARTREUX (AVENUE D",43.3087,5.40044,Nuit avec éclairage non allumé,En agglomération,Intersection en X,Pluie légère,Deux véhicules - côté,,,,,,,,,,,4,2,2,2.0,3.0
201000021085,0010-03-31 08:20:00,10,3,31,8,20,130,55,"60, RUE RAYMOND TEISSEIR",,,Plein jour,En agglomération,Hors intersection,Normale,Deux véhicules - arrière,,,,,,,,,,,1,2,1,1.0,2.0
201000021086,0010-01-04 15:00:00,10,1,4,15,0,130,205,"166, BAILLE (BOULEVARD)",,,Plein jour,En agglomération,Hors intersection,Pluie légère,Deux véhicules - côté,,,,,,,,,,,1,2,1,2.0,3.0
201000021087,0010-01-04 15:15:00,10,1,4,15,15,130,201,"7, FRANKLIN ROOSEVELT (C",,,Plein jour,En agglomération,Hors intersection,Normale,Autre collision,,,,,,,,,,,1,2,1,1.0,6.0
201000021088,0010-04-28 13:45:00,10,4,28,13,45,130,55,"222, VSN MOULIN JEAN PRO",,,Plein jour,En agglomération,Autre intersection,Normale,Autre collision,,,,,,,,,,,1,2,9,1.0,6.0
201000021089,0010-01-05 09:05:00,10,1,5,9,5,130,206,"88, PRADO (AVENUE DU)",,,Plein jour,En agglomération,Hors intersection,Normale,Deux véhicules - côté,,,,,,,,,,,1,2,1,1.0,3.0
201000021090,0010-05-04 14:10:00,10,5,4,14,10,130,55,"0, PAL SAINT LOUP AVE FL",,,Plein jour,En agglomération,Hors intersection,Pluie forte,Deux véhicules - arrière,,,,,,,,,,,1,2,1,3.0,2.0
201000021091,0010-01-05 17:00:00,10,1,5,17,0,130,206,"68, LIEUTAUD (COURS)",,,Crépuscule ou aube,En agglomération,Hors intersection,Normale,Deux véhicules - côté,,,,,,,,,,,2,2,1,1.0,3.0
201000021092,0010-04-16 09:00:00,10,4,16,9,0,130,55,"134, AVE DE MAZARGUES",,,Plein jour,En agglomération,Hors intersection,Normale,Deux véhicules - côté,,,,,,,,,,,1,2,1,1.0,3.0
201000021093,0010-01-07 14:40:00,10,1,7,14,40,130,55,"23, ALL LEON GAMBETTA",43.2991,5.38221,Plein jour,En agglomération,Intersection en T,Temps couvert,Deux véhicules - frontale,,,,,,,,,,,1,2,3,8.0,1.0
201000021094,0010-03-30 21:45:00,10,3,30,21,45,130,55,"52, BD DU SABLIER",,,Nuit avec éclairage allumé,En agglomération,Hors intersection,Normale,Deux véhicules - côté,,,,,,,,,,,5,2,1,1.0,3.0
201000021095,0010-01-09 18:30:00,10,1,9,18,30,130,201,"9, LÉON GAMBETTA (ALLEE)",,,Nuit sans éclairage public,En agglomération,Hors intersection,Pluie légère,Autre collision,,,,,,,,,,,3,2,1,2.0,6.0
201000021096,0010-04-21 14:15:00,10,4,21,14,15,130,55,"342, AVE DU PRADO",,,Plein jour,En agglomération,Hors intersection,Normale,Autre collision,,,,,,,,,,,1,2,1,1.0,6.0
201000021097,0010-01-09 18:35:00,10,1,9,18,35,130,205,"170, BAILLE (BOULEVARD)",,,Nuit avec éclairage allumé,En agglomération,Hors intersection,Normale,Deux véhicules - arrière,,,,,,,,,,,5,2,1,1.0,2.0
201000021098,0010-05-05 16:30:00,10,5,5,16,30,130,55,"43, AVE DE LA MADRAGUE D",,,Plein jour,En agglomération,Hors intersection,Pluie légère,Deux véhicules - côté,,,,,,,,,,,1,2,1,2.0,3.0
201000021099,0010-05-04 17:30:00,10,5,4,17,30,130,55,"98, BD DE SAINTE MARGUER",,,Plein jour,En agglomération,Hors intersection,Vent fort / tempête,Autre collision,,,,,,,,,,,1,2,1,6.0,6.0
201000021100,0010-05-18 18:20:00,10,5,18,18,20,130,55,"139, AVE DES OLIVES",,,Plein jour,En agglomération,Hors intersection,Normale,Deux véhicules - arrière,,,,,,,,,,,1,2,1,1.0,2.0
201000021101,0010-01-10 13:30:00,10,1,10,13,30,130,207,"13, SAMATAN (RUE)",,,Plein jour,En agglomération,Intersection en X,Normale,Deux véhicules - côté,,,,,,,,,,,1,2,2,1.0,3.0
201000021102,0010-05-15 17:00:00,10,5,15,17,0,130,55,"168, AVE DES PEINTRES RO",,,Plein jour,En agglomération,Hors intersection,Normale,Deux véhicules - arrière,,,,,,,,,,,1,2,1,1.0,2.0
201000021103,0010-01-10 23:45:00,10,1,10,23,45,130,205,"20, JEAN MOULIN (BOULEVA",,,Nuit avec éclairage allumé,En agglomération,Intersection en X,Normale,Deux véhicules - côté,,,,,,,,,,,5,2,2,1.0,3.0
201000021104,0010-05-15 20:10:00,10,5,15,20,10,130,55,"94, AVE DE LA CAPELETTE",,,Plein jour,En agglomération,Hors intersection,Normale,Deux véhicules - côté,,,,,,,,,,,1,2,1,1.0,3.0
201000021105,0010-01-12 20:25:00,10,1,12,20,25,130,204,"02, CHUTES LAVI (AVENUE)",,,Nuit avec éclairage allumé,En agglomération,Hors intersection,Normale,Deux véhicules - frontale,,,,,,,,,,,5,2,1,1.0,1.0
201000021106,0010-05-15 18:10:00,10,5,15,18,10,130,55,"207, RTE DES TROIS LUCS",,,Plein jour,En agglomération,Giratoire,Normale,Deux véhicules - arrière,,,,,,,,,,,1,2,6,1.0,2.0
201000021107,0010-01-15 09:05:00,10,1,15,9,5,130,206,"146, PARADIS (RUE)",,,Plein jour,En agglomération,Hors intersection,Normale,Autre collision,,,,,,,,,,,1,2,1,1.0,6.0
201000021108,0010-03-08 09:20:00,10,3,8,9,20,130,55,"IGNORÉ, CHE DU CAVAOU",,,Plein jour,En agglomération,Hors intersection,Normale,Sans collision,,,,,,,,,,,1,2,1,1.0,7.0
201000021109,0010-01-15 11:30:00,10,1,15,11,30,130,207,"36, CORSE (AVENUE DE LA)",,,Plein jour,En agglomération,Hors intersection,Normale,Deux véhicules - côté,,,,,,,,,,,1,2,1,1.0,3.0
201000021110,0010-05-13 18:50:00,10,5,13,18,50,130,55,"75, RUE ARNOULD",,,Plein jour,En agglomération,Hors intersection,Normale,Autre collision,,,,,,,,,,,1,2,1,1.0,6.0
201000021111,0010-01-17 22:40:00,10,1,17,22,40,130,207,"52, CORNICHE KENNEDY",,,Nuit avec éclairage allumé,En agglomération,Hors intersection,Normale,Deux véhicules - côté,,,,,,,,,,,5,2,1,1.0,3.0
201000021112,0010-05-11 15:15:00,10,5,11,15,15,130,55,"1, BD BERTHIER",,,Plein jour,En agglomération,Autre intersection,Normale,Deux véhicules - frontale,,,,,,,,,,,1,2,9,1.0,1.0
201000021113,0010-01-18 07:30:00,10,1,18,7,30,130,55,"15, AVE ALEXANDRE FLEMIN",,,Plein jour,En agglomération,Hors intersection,Normale,Deux véhicules - arrière,,,,,,,,,,,1,2,1,1.0,2.0
201000021114,0010-05-01 14:15:00,10,5,1,14,15,130,55,"29, BD MARCEL ALLEGRETTY",,,Plein jour,En agglomération,Intersection en T,Pluie légère,Deux véhicules - côté,,,,,,,,,,,1,2,3,2.0,3.0
201000021115,0010-03-31 17:40:00,10,3,31,17,40,130,55,"02, BD DE SAINT LOUP",,,Plein jour,En agglomération,Intersection en T,Normale,Deux véhicules - côté,,,,,,,,,,,1,2,3,1.0,3.0
201000021116,0010-01-19 18:15:00,10,1,19,18,15,130,201,"09, MONTRICHER (BOULEVAR",,,Nuit avec éclairage allumé,En agglomération,Intersection en T,Normale,Deux véhicules - côté,,,,,,,,,,,5,2,3,1.0,3.0
201000021117,0010-05-24 13:55:00,10,5,24,13,55,130,55,"29, PRO GEORGES POMPIDOU",,,Plein jour,En agglomération,Hors intersection,Normale,Deux véhicules - côté,,,,,,,,,,,1,2,1,1.0,3.0
201000021118,0010-01-20 12:10:00,10,1,20,12,10,130,205,"24, FERNAND PAURIOL (RUE",,,Plein jour,En agglomération,Hors intersection,Pluie légère,Deux véhicules - côté,,,,,,,,,,,1,2,1,2.0,3.0
201000021119,0010-05-12 08:40:00,10,5,12,8,40,130,55,"92, BD BOUYALA D' ARNAUD",,,Plein jour,En agglomération,Hors intersection,Normale,Sans collision,,,,,,,,,,,1,2,1,1.0,7.0
201000021120,0010-01-20 13:45:00,10,1,20,13,45,130,55,"28, QAI DE RIVE NEUVE",,,Plein jour,En agglomération,Hors intersection,Pluie légère,Trois véhicules et plus - collisions multiples,,,,,,,,,,,1,2,1,2.0,5.0
201000021121,0010-04-30 11:00:00,10,4,30,11,0,130,55,"19, AVE CLOT BEY",,,Plein jour,En agglomération,Hors intersection,Normale,Deux véhicules - côté,,,,,,,,,,,1,2,1,1.0,3.0
201000021122,0010-01-21 15:50:00,10,1,21,15,50,130,201,"18, RIVE NEUVE (QUAI DE)",,,Plein jour,En agglomération,Hors intersection,Normale,Deux véhicules - côté,,,,,,,,,,,1,2,1,1.0,3.0
201000021123,0010-03-29 09:15:00,10,3,29,9,15,130,55,RUE RAYMOND TEISSEIRE,,,Plein jour,En agglomération,Hors intersection,Normale,Deux véhicules - côté,,,,,,,,,,,1,2,1,1.0,3.0
201000021124,0010-01-22 09:50:00,10,1,22,9,50,130,55,"22, ALL LEON GAMBETTA",,,Plein jour,En agglomération,Hors intersection,Normale,Deux véhicules - arrière,,,,,,,,,,,1,2,1,1.0,2.0
201000021125,0010-05-07 12:24:00,10,5,7,12,24,130,55,"31, AVE DE SAINT JULIEN",,,Plein jour,En agglomération,Hors intersection,Normale,Deux véhicules - arrière,,,,,,,,,,,1,2,1,1.0,2.0
201000021126,0010-05-06 09:15:00,10,5,6,9,15,130,55,"53, AVE DE MONTREDON",,,Plein jour,En agglomération,Hors intersection,Normale,Sans collision,,,,,,,,,,,1,2,1,1.0,7.0
201000021127,0010-01-22 18:00:00,10,1,22,18,0,130,204,"72, ALBE (RUE)",,,Nuit avec éclairage allumé,En agglomération,Hors intersection,Normale,Deux véhicules - arrière,,,,,,,,,,,5,2,1,1.0,2.0
201000021128,0010-05-24 11:30:00,10,5,24,11,30,130,55,"50, BD VOLTAIRE",,,Plein jour,En agglomération,Place,Normale,Deux véhicules - arrière,,,,,,,,,,,1,2,7,1.0,2.0
201000021129,0010-05-07 13:00:00,10,5,7,13,0,130,55,"127, AVE DE LA CAPELETTE",,,Plein jour,En agglomération,Hors intersection,Normale,Deux véhicules - côté,,,,,,,,,,,1,2,1,1.0,3.0
201000021130,0010-01-25 18:30:00,10,1,25,18,30,130,207,"199, CORNICHE KENNEDY",,,Nuit avec éclairage allumé,En agglomération,Hors intersection,Normale,Deux véhicules - arrière,,,,,,,,,,,5,2,1,1.0,2.0
201000021131,0010-05-06 17:20:00,10,5,6,17,20,130,55,"32, AVE DE LA MARTHELINE",,,Plein jour,En agglomération,Hors intersection,Normale,Trois véhicules et plus - en chaîne,,,,,,,,,,,1,2,1,1.0,4.0
201000021132,0010-01-26 05:30:00,10,1,26,5,30,130,201,"2, FLAMMARION (BOULEVARD",,,Nuit avec éclairage allumé,En agglomération,Intersection en X,Normale,Deux véhicules - côté,,,,,,,,,,,5,2,2,1.0,3.0
201000021133,0010-04-27 17:00:00,10,4,27,17,0,130,55,"12, RUE AUGUSTIN AUBERT",43.2639,5.40427,Plein jour,En agglomération,Intersection en T,Normale,Deux véhicules - côté,,,,,,,,,,,1,2,3,1.0,3.0
201000021134,0010-05-23 03:30:00,10,5,23,3,30,130,55,"01, BD JEAN LABRO",,,Nuit avec éclairage allumé,En agglomération,Hors intersection,Normale,Autre collision,,,,,,,,,,,5,2,1,1.0,6.0
201000021135,0010-01-27 23:20:00,10,1,27,23,20,130,55,"1, CRS LIEUTAUD",,,Nuit avec éclairage allumé,En agglomération,Intersection en X,Normale,Sans collision,,,,,,,,,,,5,2,2,1.0,7.0
201000021136,0010-05-23 07:20:00,10,5,23,7,20,130,55,"67, COR PRESIDENT JOHN F",,,Crépuscule ou aube,En agglomération,Hors intersection,Normale,Autre collision,,,,,,,,,,,2,2,1,1.0,6.0
201000021137,0010-05-23 02:05:00,10,5,23,2,5,130,55,"546, AVE DU PRADO",,,Nuit avec éclairage allumé,En agglomération,Hors intersection,Normale,Deux véhicules - frontale,,,,,,,,,,,5,2,1,1.0,1.0