accident_id,datetime,annee,mois,jour,heure,minute,departement,commune_insee,adresse,latitude,longitude,luminosite,agglomeration,intersection,meteo,collision,nb_vehicules,nb_usagers,nb_indemnes,nb_tues,nb_blesses_hosp,nb_blesses_legers,age_cond_1,age_cond_2,veh_type_cond_1,veh_type_cond_2,lum_code,agg_code,int_code,atm_code,col_code
201000021267,0010-06-16 20:30:00,10,6,16,20,30,130,55,"42, RUE JOEL RECHER",,,Plein jour,En agglomération,Hors intersection,Normale,Autre collision,,,,,,,,,,,1,2,1,1.0,6.0
201000021268,0010-06-17 16:30:00,10,6,17,16,30,130,55,"71, RUE DE ROME",,,Plein jour,En agglomération,Hors intersection,Normale,Sans collision,,,,,,,,,,,1,2,1,1.0,7.0
201000021269,0010-05-28 17:15:00,10,5,28,17,15,130,55,"156, BD DE PLOMBIERES",,,Plein jour,En agglomération,Hors intersection,Normale,Deux véhicules - côté,,,,,,,,,,,1,2,1,1.0,3.0
201000021270,0010-05-18 17:00:00,10,5,18,17,0,130,55,BD FENOUIL,,,Plein jour,En agglomération,Hors intersection,Normale,Autre collision,,,,,,,,,,,1,2,1,1.0,6.0
201000021271,0010-05-10 17:30:00,10,5,10,17,30,130,55,"64, RUE DE LYON",,,Plein jour,En agglomération,Hors intersection,Normale,Trois véhicules et plus - collisions multiples,,,,,,,,,,,1,2,1,1.0,5.0
201000021272,0010-04-30 09:30:00,10,4,30,9,30,130,55,"46, BD DU CAPITAINE GEZE",,,Plein jour,En agglomération,Hors intersection,Normale,Deux véhicules - frontale,,,,,,,,,,,1,2,1,1.0,1.0
201000021273,0010-06-08 16:10:00,10,6,8,16,10,130,55,"58, CV DES BESSONS",,,Plein jour,En agglomération,Hors intersection,Normale,Autre collision,,,,,,,,,,,1,2,1,1.0,6.0
201000021274,0010-05-29 17:45:00,10,5,29,17,45,130,55,"27, ANC CHEMIN DE CASSIS",,,Plein jour,En agglomération,Hors intersection,Normale,Autre collision,,,,,,,,,,,1,2,1,1.0,6.0
201000021275,0010-05-04 13:45:00,10,5,4,13,45,130,55,"62, AVE DE LA CORSE",,,Plein jour,En agglomération,Hors intersection,Normale,Autre collision,,,,,,,,,,,1,2,1,1.0,6.0
201000021276,0010-05-13 11:50:00,10,5,13,11,50,130,55,"87, RUE DES BONS ENFANTS",,,Plein jour,En agglomération,Hors intersection,Normale,Autre collision,,,,,,,,,,,1,2,1,1.0,6.0
201000021277,0010-05-18 11:20:00,10,5,18,11,20,130,55,"71, RUE DE LODI",,,Plein jour,En agglomération,Hors intersection,Normale,Deux véhicules - arrière,,,,,,,,,,,1,2,1,1.0,2.0
201000021278,0010-05-05 20:30:00,10,5,5,20,30,130,55,"1, AVE JULES CANTINI",,,Nuit avec éclairage allumé,En agglomération,Hors intersection,Pluie légère,Sans collision,,,,,,,,,,,5,2,1,2.0,7.0
201000021279,0010-05-26 18:20:00,10,5,26,18,20,130,55,"1, PCE LOUIS BONNEFON",,,Plein jour,En agglomération,Hors intersection,Normale,Trois véhicules et plus - collisions multiples,,,,,,,,,,,1,2,1,1.0,5.0
201000021280,0010-05-22 15:04:00,10,5,22,15,4,130,55,"11, QAI DE RIVE NEUVE",,,Plein jour,En agglomération,Hors intersection,Normale,Deux véhicules - côté,,,,,,,,,,,1,2,1,1.0,3.0
201000021281,0010-05-16 01:20:00,10,5,16,1,20,130,55,"69, RUE DE BRUYS",,,Nuit avec éclairage allumé,En agglomération,Intersection en X,Normale,Autre collision,,,,,,,,,,,5,2,2,1.0,6.0
201000021282,0010-05-27 23:15:00,10,5,27,23,15,130,55,"9, BD DUGOMMIER",,,Nuit avec éclairage allumé,En agglomération,Hors intersection,Normale,Autre collision,,,,,,,,,,,5,2,1,1.0,6.0
201000021283,0010-06-08 06:35:00,10,6,8,6,35,130,55,"1, AVE ALEXANDRE FLEMING",,,Plein jour,En agglomération,Hors intersection,Normale,Autre collision,,,,,,,,,,,1,2,1,1.0,6.0
201000021284,0010-06-07 13:40:00,10,6,7,13,40,130,55,"1, BD DE LA LIBERATION G",,,Plein jour,En agglomération,Hors intersection,Normale,Autre collision,,,,,,,,,,,1,2,1,1.0,6.0
201000021285,0010-06-07 16:20:00,10,6,7,16,20,130,55,"160, BD BAILLE",,,Plein jour,En agglomération,Hors intersection,Normale,Deux véhicules - côté,,,,,,,,,,,1,2,1,1.0,3.0
201000021286,0010-04-18 19:15:00,10,4,18,19,15,130,55,AVE ALEXANDRE FLEMING,,,Plein jour,En agglomération,Hors intersection,Normale,Autre collision,,,,,,,,,,,1,2,1,1.0,6.0
201000021287,0010-07-04 05:40:00,10,7,4,5,40,130,55,"172, VOI LA CANEBIERE",,,Nuit avec éclairage allumé,En agglomération,Hors intersection,Normale,Trois véhicules et plus - collisions multiples,,,,,,,,,,,5,2,1,1.0,5.0
201000021288,0010-06-02 13:10:00,10,6,2,13,10,130,55,AVE DE TOULON,,,Plein jour,En agglomération,Intersection en X,Normale,Deux véhicules - côté,,,,,,,,,,,1,2,2,1.0,3.0
201000021289,0010-05-10 12:15:00,10,5,10,12,15,130,55,"82, RUE DE ROME",,,Plein jour,En agglomération,Hors intersection,Normale,Deux véhicules - côté,,,,,,,,,,,1,2,1,1.0,3.0
201000021290,0010-03-15 07:45:00,10,3,15,7,45,130,55,"75, BD JEANNE D' ARC",,,Plein jour,En agglomération,Hors intersection,Normale,Deux véhicules - côté,,,,,,,,,,,1,2,1,1.0,3.0
201000021291,0010-02-19 16:10:00,10,2,19,16,10,130,55,"199, COR PRESIDENT JOHN",,,Plein jour,En agglomération,Hors intersection,Normale,Autre collision,,,,,,,,,,,1,2,1,1.0,6.0
201000021292,0010-04-15 17:20:00,10,4,15,17,20,130,55,"254, BD BAILLE",,,Plein jour,En agglomération,Hors intersection,Normale,Autre collision,,,,,,,,,,,1,2,1,1.0,6.0
201000021293,0010-05-22 17:00:00,10,5,22,17,0,130,55,"65, VOI LA CANEBIERE",,,Plein jour,En agglomération,Hors intersection,Normale,Deux véhicules - côté,,,,,,,,,,,1,2,1,1.0,3.0
201000021294,0010-05-23 20:09:00,10,5,23,20,9,130,55,"25, AVE DES CHUTES LAVIE",,,Plein jour,En agglomération,Hors intersection,Normale,Deux véhicules - côté,,,,,,,,,,,1,2,1,1.0,3.0
201000021295,0010-05-06 11:10:00,10,5,6,11,10,130,55,"22, RUE VITALIS",,,Plein jour,En agglomération,Intersection en X,Normale,Deux véhicules - côté,,,,,,,,,,,1,2,2,1.0,3.0
201000021296,0010-05-15 23:30:00,10,5,15,23,30,130,55,"75, VOI LA CANEBIERE",,,Nuit avec éclairage allumé,En agglomération,Intersection en X,Vent fort / tempête,Deux véhicules - côté,,,,,,,,,,,5,2,2,6.0,3.0
201000021297,0010-07-12 14:20:00,10,7,12,14,20,130,55,"161, COR PRESIDENT JOHN",,,Plein jour,En agglomération,Hors intersection,Normale,Deux véhicules - arrière,,,,,,,,,,,1,2,1,1.0,2.0
201000021298,0010-06-15 03:45:00,10,6,15,3,45,130,55,"118, BD HENRI BARNIER",,,Nuit avec éclairage allumé,En agglomération,Hors intersection,Pluie légère,Deux véhicules - côté,,,,,,,,,,,5,2,1,2.0,3.0
201000021299,0010-03-29 21:05:00,10,3,29,21,5,130,55,AVE DU VINGT QUATRE AVRI,,,Plein jour,En agglomération,Intersection en T,Normale,Deux véhicules - côté,,,,,,,,,,,1,2,3,1.0,3.0
201000021300,0010-04-28 17:00:00,10,4,28,17,0,130,55,"406, RUE PARADIS",,,Plein jour,En agglomération,Hors intersection,Normale,Deux véhicules - arrière,,,,,,,,,,,1,2,1,1.0,2.0
201000021301,0010-05-28 15:00:00,10,5,28,15,0,130,55,"46, AVE CLOT BEY",,,Plein jour,En agglomération,Hors intersection,Normale,Autre collision,,,,,,,,,,,1,2,1,1.0,6.0
201000021302,0010-05-07 11:20:00,10,5,7,11,20,130,55,AVE DE HAMBOURG,,,Plein jour,En agglomération,Autre intersection,Normale,Deux véhicules - frontale,,,,,,,,,,,1,2,9,1.0,1.0
201000021303,0010-05-29 18:30:00,10,5,29,18,30,130,55,AVE PIERRE MENDES FRANCE,,,Plein jour,En agglomération,Hors intersection,Normale,Trois véhicules et plus - collisions multiples,,,,,,,,,,,1,2,1,1.0,5.0
201000021304,0010-05-17 13:20:00,10,5,17,13,20,130,55,"174, AVE JULES CANTINI",,,Plein jour,En agglomération,Hors intersection,Normale,Deux véhicules - frontale,,,,,,,,,,,1,2,1,1.0,1.0
201000021305,0010-06-11 16:15:00,10,6,11,16,15,130,55,"05, RUE AVIATEUR LE BRIX",,,Plein jour,En agglomération,Hors intersection,Normale,Deux véhicules - côté,,,,,,,,,,,1,2,1,1.0,3.0
201000021306,0010-06-02 10:20:00,10,6,2,10,20,130,55,"116, BD DE LA BARASSE RN",,,Plein jour,En agglomération,Hors intersection,Normale,Autre collision,,,,,,,,,,,1,2,1,1.0,6.0
201000021307,0010-06-02 08:50:00,10,6,2,8,50,130,55,"41, BD VINCENT DELPUECH",43.2829,5.39247,Plein jour,En agglomération,Giratoire,Normale,Deux véhicules - côté,,,,,,,,,,,1,2,6,1.0,3.0
201000021308,0010-05-28 09:50:00,10,5,28,9,50,130,55,"1, VAC DELMONT GRAND LIT",,,Plein jour,En agglomération,Hors intersection,Normale,Deux véhicules - côté,,,,,,,,,,,1,2,1,1.0,3.0
201000021309,0010-06-03 17:00:00,10,6,3,17,0,130,55,"76, RUE ALPHONSE DAUDET",,,Plein jour,En agglomération,Hors intersection,Normale,Deux véhicules - côté,,,,,,,,,,,1,2,1,1.0,3.0
201000021310,0010-06-08 09:30:00,10,6,8,9,30,130,55,"78, AVE DE LA ROSE",,,Plein jour,En agglomération,Hors intersection,Normale,Deux véhicules - côté,,,,,,,,,,,1,2,1,1.0,3.0
201000021311,0010-06-12 18:00:00,10,6,12,18,0,130,55,"271, RUE DE LYON",,,Plein jour,En agglomération,Hors intersection,Normale,Deux véhicules - arrière,,,,,,,,,,,1,2,1,1.0,2.0
201000021312,0010-06-13 06:00:00,10,6,13,6,0,130,55,"66, BD DE LA BLANCARDE",,,Plein jour,En agglomération,Intersection en X,Normale,Deux véhicules - côté,,,,,,,,,,,1,2,2,1.0,3.0
201000021313,0010-06-13 21:30:00,10,6,13,21,30,130,55,AVE CAMILLE PELLETAN,,,Nuit avec éclairage allumé,En agglomération,Hors intersection,Normale,Sans collision,,,,,,,,,,,5,2,1,1.0,7.0
201000021314,0010-05-07 18:15:00,10,5,7,18,15,130,55,QAI DE RIVE NEUVE,,,Plein jour,En agglomération,Hors intersection,Normale,Autre collision,,,,,,,,,,,1,2,1,1.0,6.0
201000021315,0010-06-12 22:10:00,10,6,12,22,10,130,55,"157, AVE DES CHARTREUX",,,Nuit avec éclairage allumé,En agglomération,Hors intersection,Normale,Deux véhicules - côté,,,,,,,,,,,5,2,1,1.0,3.0
201000021316,0010-05-05 22:40:00,10,5,5,22,40,130,55,"15, QAI DE RIVE NEUVE",,,Nuit avec éclairage allumé,En agglomération,Intersection en T,Pluie légère,Deux véhicules - arrière,,,,,,,,,,,5,2,3,2.0,2.0
201000021317,0010-05-13 14:30:00,10,5,13,14,30,130,55,"1, BD HENRI BARNIER",,,Plein jour,En agglomération,Hors intersection,Normale,Deux véhicules - arrière,,,,,,,,,,,1,2,1,1.0,2.0
201000021318,0010-06-07 18:00:00,10,6,7,18,0,130,55,RUE CARAVELLE,,,Plein jour,En agglomération,Hors intersection,Normale,Deux véhicules - frontale,,,,,,,,,,,1,2,1,1.0,1.0
201000021319,0010-06-18 17:20:00,10,6,18,17,20,130,55,"29, CHE DU MARINIER",,,Plein jour,Hors agglomération,Hors intersection,Normale,Autre collision,,,,,,,,,,,1,1,1,1.0,6.0
201000021320,0010-06-14 18:00:00,10,6,14,18,0,130,55,PCE DES HEROS,43.3525,5.43967,Plein jour,En agglomération,Place,Normale,Deux véhicules - côté,,,,,,,,,,,1,2,7,1.0,3.0
201000021321,0010-06-09 22:25:00,10,6,9,22,25,130,55,"16, AVE ALEXANDRE FLEMIN",,,Nuit avec éclairage allumé,En agglomération,Intersection en X,Normale,Deux véhicules - côté,,,,,,,,,,,5,2,2,1.0,3.0
201000021322,0010-06-03 11:35:00,10,6,3,11,35,130,55,"178, AVE DE LA CROIX ROU",,,Plein jour,En agglomération,Hors intersection,Normale,Deux véhicules - arrière,,,,,,,,,,,1,2,1,1.0,2.0
201000021323,0010-06-08 17:35:00,10,6,8,17,35,130,55,"97, AVE DES OLIVES",,,Plein jour,En agglomération,Hors intersection,Normale,Deux véhicules - arrière,,,,,,,,,,,1,2,1,1.0,2.0
201000021324,0010-04-17 18:35:00,10,4,17,18,35,130,55,"55A, AVE DES OLIVES",,,Plein jour,En agglomération,Hors intersection,Normale,Autre collision,,,,,,,,,,,1,2,1,1.0,6.0
201000021325,0010-05-21 20:00:00,10,5,21,20,0,130,55,"1, AVE JEAN PAUL SARTRE",,,Plein jour,En agglomération,Hors intersection,Normale,Deux véhicules - côté,,,,,,,,,,,1,2,1,1.0,3.0
201000021326,0010-05-03 10:55:00,10,5,3,10,55,130,55,"282, AVE DES POILUS",,,Plein jour,En agglomération,Hors intersection,Normale,Deux véhicules - arrière,,,,,,,,,,,1,2,1,1.0,2.0
201000021327,0010-05-30 07:05:00,10,5,30,7,5,130,55,"2, PRT DE LA MADRAGUE MO",,,Plein jour,En agglomération,Intersection en T,Normale,Deux véhicules - côté,,,,,,,,,,,1,2,3,1.0,3.0
201000021328,0010-02-02 10:45:00,10,2,2,10,45,130,55,"34, AVE DE SAINT JEROME",,,Plein jour,En agglomération,Intersection en T,Normale,Autre collision,,,,,,,,,,,1,2,3,1.0,6.0
201000021329,0010-06-21 03:00:00,10,6,21,3,0,130,55,"69, RPT SAKAKINI JEANNE",,,Nuit avec éclairage allumé,En agglomération,Hors intersection,Normale,Autre collision,,,,,,,,,,,5,2,1,1.0,6.0
201000021330,0010-06-09 18:00:00,10,6,9,18,0,130,55,"63, AVE JEAN LOMBARD",,,Plein jour,En agglomération,Hors intersection,Normale,Autre collision,,,,,,,,,,,1,2,1,1.0,6.0
201000021331,0010-06-14 13:50:00,10,6,14,13,50,130,55,"37, BD SCHLOESING",,,Plein jour,En agglomération,Hors intersection,Normale,Deux véhicules - arrière,,,,,,,,,,,1,2,1,1.0,2.0
201000021332,0010-06-14 15:00:00,10,6,14,15,0,130,55,"7, TRA DES CAILLOLS",,,Plein jour,En agglomération,Hors intersection,Normale,Deux véhicules - frontale,,,,,,,,,,,1,2,1,1.0,1.0
201000021333,0010-05-18 20:00:00,10,5,18,20,0,130,55,"1, VOL PASSERELLE PLOMBI",,,Crépuscule ou aube,En agglomération,Autre intersection,Normale,Autre collision,,,,,,,,,,,2,2,9,1.0,6.0
201000021334,0010-06-15 22:45:00,10,6,15,22,45,130,55,"204, BD NATIONAL",,,Nuit avec éclairage allumé,En agglomération,Intersection en T,Pluie forte,Deux véhicules - arrière,,,,,,,,,,,5,2,3,3.0,2.0
201000021335,0010-03-25 18:30:00,10,3,25,18,30,130,55,"66, AVE DU VINGT QUATRE",,,Plein jour,En agglomération,Intersection en T,Normale,Deux véhicules - côté,,,,,,,,,,,1,2,3,1.0,3.0
201000021336,0010-05-08 19:20:00,10,5,8,19,20,130,55,"42, AVE D' HAIFA",,,Plein jour,En agglomération,Hors intersection,Normale,Sans collision,,,,,,,,,,,1,2,1,1.0,7.0
201000021337,0010-05-17 17:00:00,10,5,17,17,0,130,55,"24, BD DANIELLE CASANOVA",,,Plein jour,En agglomération,Hors intersection,Normale,Deux véhicules - frontale,,,,,,,,,,,1,2,1,1.0,1.0
201000021338,0010-02-22 07:45:00,10,2,22,7,45,130,55,"32, BD FERNAND BONNEFOY",,,Crépuscule ou aube,En agglomération,Hors intersection,Normale,Deux véhicules - côté,,,,,,,,,,,2,2,1,1.0,3.0
201000021339,0010-06-04 10:15:00,10,6,4,10,15,130,55,"108, BD FRANCOISE DUPARC",,,Plein jour,En agglomération,Hors intersection,Normale,Deux véhicules - arrière,,,,,,,,,,,1,2,1,1.0,2.0
201000021340,0010-04-19 11:05:00,10,4,19,11,5,130,55,"57, BD ROMAIN ROLLAND",,,Plein jour,En agglomération,Hors intersection,Normale,Deux véhicules - côté,,,,,,,,,,,1,2,1,1.0,3.0
201000021341,0010-05-13 00:05:00,10,5,13,0,5,130,55,"14, AVE ALEXANDRE FLEMIN",,,Nuit avec éclairage allumé,En agglomération,Hors intersection,Normale,Sans collision,,,,,,,,,,,5,2,1,1.0,7.0
201000021342,0010-05-11 15:20:00,10,5,11,15,20,130,55,"153, BD BOISSON",,,Plein jour,En agglomération,Hors intersection,Normale,Deux véhicules - arrière,,,,,,,,,,,1,2,1,1.0,2.0
201000021343,0010-01-07 11:50:00,10,1,7,11,50,130,55,"57, AVE DE SAINT ANTOINE",,,Plein jour,En agglomération,Hors intersection,Normale,Sans collision,,,,,,,,,,,1,2,1,1.0,7.0
201000021344,0010-06-15 16:45:00,10,6,15,16,45,130,55,"26, RUE COLBERT",,,Plein jour,En agglomération,Hors intersection,Normale,Autre collision,,,,,,,,,,,1,2,1,1.0,6.0
201000021345,0010-06-21 19:30:00,10,6,21,19,30,130,55,"208, CHE DE SAINTE MARTH",,,Plein jour,En agglomération,Hors intersection,Normale,Autre collision,,,,,,,,,,,1,2,1,1.0,6.0
201000021346,0010-06-16 07:50:00,10,6,16,7,50,130,55,"104, RUE DE RUFFI",,,Plein jour,En agglomération,Hors intersection,Normale,Deux véhicules - côté,,,,,,,,,,,1,2,1,1.0,3.0
201000021347,0010-06-19 22:30:00,10,6,19,22,30,130,55,"31, RUE JULES ISAAC",,,Nuit avec éclairage allumé,En agglomération,Hors intersection,Normale,Sans collision,,,,,,,,,,,5,2,1,1.0,7.0
201000021348,0010-06-15 16:40:00,10,6,15,16,40,130,55,AVE DES CAILLOLS,,,Plein jour,En agglomération,Hors intersection,Pluie forte,Deux véhicules - arrière,,,,,,,,,,,1,2,1,3.0,2.0
201000021349,0010-06-17 15:00:00,10,6,17,15,0,130,55,"1, AVE ALEXANDRE FLEMING",,,Plein jour,En agglomération,Hors intersection,Normale,Autre collision,,,,,,,,,,,1,2,1,1.0,6.0
201000021350,0010-06-10 22:30:00,10,6,10,22,30,130,55,"38, AVE JEAN LOMBARD",,,Nuit avec éclairage allumé,En agglomération,Intersection en T,Normale,Autre collision,,,,,,,,,,,5,2,3,1.0,6.0
201000021351,0010-06-09 07:10:00,10,6,9,7,10,130,55,RUE ALPHONSE DAUDET,,,Plein jour,En agglomération,Intersection en T,Normale,Deux véhicules - côté,,,,,,,,,,,1,2,3,1.0,3.0
201000021352,0010-06-11 07:45:00,10,6,11,7,45,130,55,"11, BD GUSTAVE GANAY",,,Plein jour,En agglomération,Intersection en T,Normale,Deux véhicules - arrière,,,,,,,,,,,1,2,3,1.0,2.0
201000021353,0010-06-04 17:10:00,10,6,4,17,10,130,55,"120, BD BAILLE",,,Plein jour,En agglomération,Hors intersection,Normale,Autre collision,,,,,,,,,,,1,2,1,1.0,6.0
201000021354,0010-06-19 12:10:00,10,6,19,12,10,130,55,"137, BD ROMAIN ROLLAND",,,Plein jour,En agglomération,Intersection en X,Normale,Deux véhicules - côté,,,,,,,,,,,1,2,2,1.0,3.0
201000021355,0010-05-29 17:10:00,10,5,29,17,10,130,55,AVE DE LA POINTE ROUGE,,,Plein jour,En agglomération,Hors intersection,Normale,Deux véhicules - côté,,,,,,,,,,,1,2,1,1.0,3.0
201000021356,0010-05-12 14:30:00,10,5,12,14,30,130,55,"00, BD RABATAU",,,Plein jour,En agglomération,Hors intersection,Normale,Deux véhicules - arrière,,,,,,,,,,,1,2,1,1.0,2.0
201000021357,0010-06-17 09:30:00,10,6,17,9,30,130,55,"01, BD DU MARECHAL JUIN",,,Plein jour,En agglomération,Hors intersection,Normale,Autre collision,,,,,,,,,,,1,2,1,1.0,6.0
201000021358,0010-03-31 11:45:00,10,3,31,11,45,130,55,"215, CHE DE SAINTE MARTH",,,Plein jour,En agglomération,Hors intersection,Normale,Deux véhicules - arrière,,,,,,,,,,,1,2,1,1.0,2.0
201000021359,0010-04-09 16:00:00,10,4,9,16,0,130,55,"1, AVE DU MARCHE NATIONA",,,Plein jour,En agglomération,Intersection en T,Normale,Deux véhicules - côté,,,,,,,,,,,1,2,3,1.0,3.0
201000021360,0010-05-14 12:00:00,10,5,14,12,0,130,55,"1, BD FRANCOISE DUPARC",,,Plein jour,En agglomération,Hors intersection,Normale,Deux véhicules - côté,,,,,,,,,,,1,2,1,1.0,3.0
201000021361,0010-06-16 19:30:00,10,6,16,19,30,130,55,"1, AVE PROSPER MERIMEE",,,Plein jour,En agglomération,Hors intersection,Normale,Deux véhicules - côté,,,,,,,,,,,1,2,1,1.0,3.0
201000021362,0010-06-02 11:00:00,10,6,2,11,0,130,55,"75, BD SAKAKINI",,,Plein jour,En agglomération,Hors intersection,Normale,Deux véhicules - côté,,,,,,,,,,,1,2,1,1.0,3.0
201000021363,0010-05-11 15:00:00,10,5,11,15,0,130,55,"00, BD JEAN LABRO",,,Plein jour,En agglomération,Hors intersection,Normale,Autre collision,,,,,,,,,,,1,2,1,1.0,6.0
201000021364,0010-06-14 15:00:00,10,6,14,15,0,130,55,RUE JEAN DUSSERT,,,Plein jour,En agglomération,Hors intersection,Normale,Autre collision,,,,,,,,,,,1,2,1,1.0,6.0
201000021365,0010-06-22 13:15:00,10,6,22,13,15,130,55,?RUE EDMOND JALOUX,,,Plein jour,En agglomération,Intersection en T,Normale,Autre collision,,,,,,,,,,,1,2,3,1.0,6.0
201000021366,0010-06-24 02:20:00,10,6,24,2,20,130,55,"1, BD MIREILLE JOURDAN-B",,,Nuit avec éclairage allumé,En agglomération,Hors intersection,Normale,Autre collision,,,,,,,,,,,5,2,1,1.0,6.0
201000021367,0010-06-15 16:30:00,10,6,15,16,30,130,55,"1, BD DE PARIS",43.3111,5.36968,Plein jour,En agglomération,Intersection en T,Normale,Deux véhicules - côté,,,,,,,,,,,1,2,3,1.0,3.0
201000021368,0010-05-14 12:50:00,10,5,14,12,50,130,55,"1, CHE DES BOURRELY",,,Plein jour,En agglomération,Hors intersection,Normale,Deux véhicules - côté,,,,,,,,,,,1,2,1,1.0,3.0
201000021369,0010-06-20 18:30:00,10,6,20,18,30,130,55,"354, CHE DE SAINT ANTOIN",,,Plein jour,En agglomération,Hors intersection,Normale,Deux véhicules - frontale,,,,,,,,,,,1,2,1,1.0,1.0
201000021370,0010-06-16 12:15:00,10,6,16,12,15,130,55,"46, AVE FREDERIC MISTRAL",,,Plein jour,En agglomération,Hors intersection,Normale,Deux véhicules - côté,,,,,,,,,,,1,2,1,1.0,3.0
201000021371,0010-05-25 07:00:00,10,5,25,7,0,130,75,"59, CHAPPE (RUE MARIUS)",43.3378,5.45234,Plein jour,En agglomération,Intersection en T,Normale,Deux véhicules - côté,,,,,,,,,,,1,2,3,1.0,3.0
201000021372,0010-05-28 18:00:00,10,5,28,18,0,130,2,"282, 7EME TIRAILLEURS AL",,,Plein jour,En agglomération,Hors intersection,Normale,Trois véhicules et plus - collisions multiples,,,,,,,,,,,1,2,1,1.0,5.0
201000021373,0010-06-18 08:40:00,10,6,18,8,40,130,55,CHE DE LA BIGOTTE,,,Plein jour,En agglomération,Hors intersection,Normale,Deux véhicules - côté,,,,,,,,,,,1,2,1,1.0,3.0
201000021374,0010-06-27 04:00:00,10,6,27,4,0,130,55,"81, CRS PIERRE PUGET",43.29,5.3725,Nuit avec éclairage allumé,En agglomération,Intersection en X,Normale,Deux véhicules - côté,,,,,,,,,,,5,2,2,1.0,3.0
201000021375,0010-06-27 01:30:00,10,6,27,1,30,130,55,"183, RTE LEON LACHAMP",,,Nuit avec éclairage allumé,En agglomération,Hors intersection,Normale,Sans collision,,,,,,,,,,,5,2,1,1.0,7.0
201000021376,0010-06-17 17:45:00,10,6,17,17,45,130,2,"1, MARCEL DELESTRADE (BO",43.3377,5.46548,Plein jour,En agglomération,Intersection en T,Normale,Autre collision,,,,,,,,,,,1,2,3,1.0,6.0
201000021377,0010-06-08 11:45:00,10,6,8,11,45,130,55,"47, RUE AUGUSTIN AUBERT",,,Plein jour,En agglomération,Intersection en X,Normale,Deux véhicules - côté,,,,,,,,,,,1,2,2,1.0,3.0
201000021378,0010-06-21 19:45:00,10,6,21,19,45,130,55,"40, BD QUEIREL",,,Plein jour,En agglomération,Hors intersection,Normale,Deux véhicules - côté,,,,,,,,,,,1,2,1,1.0,3.0
201000021379,0010-06-23 16:50:00,10,6,23,16,50,130,55,"91, RUE EDMOND ROSTAND",,,Plein jour,En agglomération,Intersection en X,Normale,Deux véhicules - côté,,,,,,,,,,,1,2,2,1.0,3.0
201000021380,0010-06-18 17:00:00,10,6,18,17,0,130,2,ETIENNE CUCCA-CD908 (AVE,43.3653,5.50102,Plein jour,Hors agglomération,Hors intersection,Normale,Deux véhicules - frontale,,,,,,,,,,,1,1,1,1.0,1.0
201000021381,0010-05-01 11:55:00,10,5,1,11,55,130,2,"455, AUBAGNENS (AVENUE D",43.327,5.48239,Plein jour,En agglomération,Giratoire,Normale,Deux véhicules - arrière,,,,,,,,,,,1,2,6,1.0,2.0
201000021382,0010-04-28 17:35:00,10,4,28,17,35,130,55,"19, QAI DES BELGES",43.2952,5.37418,Plein jour,En agglomération,Intersection en X,Normale,Autre collision,,,,,,,,,,,1,2,2,1.0,6.0
201000021383,0010-06-24 15:00:00,10,6,24,15,0,130,2,ETIENNE CUCCA-CD908 (AVE,43.3694,5.50478,Plein jour,Hors agglomération,Hors intersection,Normale,Sans collision,,,,,,,,,,,1,1,1,1.0,7.0
201000021384,0010-06-22 16:00:00,10,6,22,16,0,130,55,CHE DE LA MADRAGUE VILLE,,,Plein jour,En agglomération,Hors intersection,Normale,Deux véhicules - frontale,,,,,,,,,,,1,2,1,1.0,1.0
201000021385,0010-06-18 18:15:00,10,6,18,18,15,130,55,"179, BD BAILLE",,,Plein jour,En agglomération,Intersection en X,Normale,Deux véhicules - arrière,,,,,,,,,,,1,2,2,1.0,2.0
201000021386,0010-06-16 20:05:00,10,6,16,20,5,130,55,AVE JEAN LOMBARD,,,Plein jour,En agglomération,Hors intersection,Normale,Autre collision,,,,,,,,,,,1,2,1,1.0,6.0
201000021387,0010-06-25 18:30:00,10,6,25,18,30,130,55,"00, RUE LEON GOZLAN",,,Plein jour,En agglomération,Hors intersection,Normale,Deux véhicules - arrière,,,,,,,,,,,1,2,1,1.0,2.0
201000021388,0010-06-15 14:40:00,10,6,15,14,40,130,55,BD DU METRO,43.3338,5.42898,Plein jour,En agglomération,Intersection en T,Pluie légère,Deux véhicules - côté,,,,,,,,,,,1,2,3,2.0,3.0
201000021389,0010-06-16 19:15:00,10,6,16,19,15,130,55,"264, BD DU REDON",,,Crépuscule ou aube,En agglomération,Hors intersection,Normale,Deux véhicules - arrière,,,,,,,,,,,2,2,1,1.0,2.0
201000021390,0010-06-01 18:30:00,10,6,1,18,30,130,55,"120, RUE SAINT JEAN DU D",,,Plein jour,En agglomération,Hors intersection,Normale,Autre collision,,,,,,,,,,,1,2,1,1.0,6.0
201000021391,0010-06-03 16:00:00,10,6,3,16,0,130,55,"74, AVE DE MAZARGUES",43.2672,5.38951,Plein jour,En agglomération,Intersection en X,Normale,Deux véhicules - côté,,,,,,,,,,,1,2,2,1.0,3.0
201000021392,0010-06-18 22:55:00,10,6,18,22,55,130,55,"46B, BD FRANCOISE DUPARC",,,Nuit sans éclairage public,En agglomération,Hors intersection,Normale,Deux véhicules - arrière,,,,,,,,,,,3,2,1,1.0,2.0
201000021393,0010-06-21 13:40:00,10,6,21,13,40,130,55,"93, TRA DE LA MONTRE",,,Plein jour,En agglomération,Hors intersection,Normale,Autre collision,,,,,,,,,,,1,2,1,1.0,6.0
201000021394,0010-06-16 16:00:00,10,6,16,16,0,130,55,"534, RUE PARADIS",,,Plein jour,En agglomération,Hors intersection,Normale,Deux véhicules - côté,,,,,,,,,,,1,2,1,1.0,3.0