accident_id,datetime,annee,mois,jour,heure,minute,departement,commune_insee,adresse,latitude,longitude,luminosite,agglomeration,intersection,meteo,collision,nb_vehicules,nb_usagers,nb_indemnes,nb_tues,nb_blesses_hosp,nb_blesses_legers,age_cond_1,age_cond_2,veh_type_cond_1,veh_type_cond_2,lum_code,agg_code,int_code,atm_code,col_code
201000021395,0010-06-04 18:00:00,10,6,4,18,0,130,55,"06, RUE DE ROME",,,Plein jour,En agglomération,Hors intersection,Normale,Autre collision,,,,,,,,,,,1,2,1,1.0,6.0
201000021396,0010-06-23 17:30:00,10,6,23,17,30,130,55,RUE AUGUSTIN AUBERT,,,Plein jour,En agglomération,Hors intersection,Normale,Autre collision,,,,,,,,,,,1,2,1,1.0,6.0
201000021397,0010-06-08 17:30:00,10,6,8,17,30,130,55,BD BOUYALA D' ARNAUD,,,Plein jour,En agglomération,Hors intersection,Normale,Deux véhicules - côté,,,,,,,,,,,1,2,1,1.0,3.0
201000021398,0010-04-29 09:45:00,10,4,29,9,45,130,55,"02, RUE ESPERANDIEU",,,Plein jour,En agglomération,Hors intersection,Normale,Deux véhicules - arrière,,,,,,,,,,,1,2,1,1.0,2.0
201000021399,0010-06-05 21:15:00,10,6,5,21,15,130,55,"9, VOI LA CANEBIERE",43.2957,5.37614,Crépuscule ou aube,En agglomération,Intersection en T,Normale,Autre collision,,,,,,,,,,,2,2,3,1.0,6.0
201000021400,0010-04-18 17:00:00,10,4,18,17,0,130,55,"201, CHE DU ROUCAS BLANC",,,Plein jour,En agglomération,Hors intersection,Normale,Autre collision,,,,,,,,,,,1,2,1,1.0,6.0
201000021401,0010-06-30 06:00:00,10,6,30,6,0,130,55,"225, CHE DES GOUDES",,,Crépuscule ou aube,En agglomération,Hors intersection,Normale,Sans collision,,,,,,,,,,,2,2,1,1.0,7.0
201000021402,0010-05-24 08:45:00,10,5,24,8,45,130,55,"1, QAI DE RIVE NEUVE",,,Plein jour,En agglomération,Hors intersection,Normale,Deux véhicules - arrière,,,,,,,,,,,1,2,1,1.0,2.0
201000021403,0010-06-08 15:00:00,10,6,8,15,0,130,55,"63, RUE DE LODI",,,Plein jour,En agglomération,Hors intersection,Normale,Autre collision,,,,,,,,,,,1,2,1,1.0,6.0
201000021404,0010-05-25 10:15:00,10,5,25,10,15,130,55,"188, BD BAILLE",,,Plein jour,En agglomération,Hors intersection,Normale,Autre collision,,,,,,,,,,,1,2,1,1.0,6.0
201000021405,0010-05-27 12:50:00,10,5,27,12,50,130,55,"45, RUE FORT NOTRE DAME",,,Plein jour,En agglomération,Hors intersection,Normale,Autre collision,,,,,,,,,,,1,2,1,1.0,6.0
201000021406,0010-05-22 16:40:00,10,5,22,16,40,130,55,"02, RUE SAINTE ADELAIDE",,,Plein jour,En agglomération,Hors intersection,Normale,Deux véhicules - frontale,,,,,,,,,,,1,2,1,1.0,1.0
201000021407,0010-06-12 12:45:00,10,6,12,12,45,130,55,"1, AVE DE SAINT BARNABE",,,Plein jour,En agglomération,Hors intersection,Normale,Deux véhicules - arrière,,,,,,,,,,,1,2,1,1.0,2.0
201000021408,0010-06-23 14:40:00,10,6,23,14,40,130,55,"1550, RUE PIERRE DOIZE",,,Plein jour,En agglomération,Hors intersection,Normale,Deux véhicules - arrière,,,,,,,,,,,1,2,1,1.0,2.0
201000021409,0010-05-20 08:55:00,10,5,20,8,55,130,55,"279, COR PRESIDENT JOHN",,,Plein jour,En agglomération,Hors intersection,Normale,Autre collision,,,,,,,,,,,1,2,1,1.0,6.0
201000021410,0010-05-30 09:45:00,10,5,30,9,45,130,55,"28, BD ANDRE AUNE",,,Plein jour,En agglomération,Intersection en T,Normale,Autre collision,,,,,,,,,,,1,2,3,1.0,6.0
201000021411,0010-05-20 09:30:00,10,5,20,9,30,130,55,"165, COR PRESIDENT JOHN",,,Plein jour,En agglomération,Intersection en T,Normale,Autre collision,,,,,,,,,,,1,2,3,1.0,6.0
201000021412,0010-04-19 10:20:00,10,4,19,10,20,130,55,"111, AVE DE LA CORSE",,,Plein jour,En agglomération,Hors intersection,Normale,Deux véhicules - côté,,,,,,,,,,,1,2,1,1.0,3.0
201000021413,0010-05-30 16:10:00,10,5,30,16,10,130,55,"77, PRO GEORGES POMPIDOU",,,Plein jour,En agglomération,Hors intersection,Normale,Autre collision,,,,,,,,,,,1,2,1,1.0,6.0
201000021414,0010-06-12 11:20:00,10,6,12,11,20,130,55,COR PRESIDENT JOHN F KEN,,,Plein jour,En agglomération,Hors intersection,Normale,Autre collision,,,,,,,,,,,1,2,1,1.0,6.0
201000021415,0010-06-21 09:20:00,10,6,21,9,20,130,55,"25, RUE SAINT SUFFREN",,,Plein jour,En agglomération,Hors intersection,Normale,Autre collision,,,,,,,,,,,1,2,1,1.0,6.0
201000021416,0010-05-22 15:45:00,10,5,22,15,45,130,55,"35, BD AUGUSTIN CIEUSSA",,,Plein jour,En agglomération,Hors intersection,Normale,Autre collision,,,,,,,,,,,1,2,1,1.0,6.0
201000021417,0010-06-27 05:55:00,10,6,27,5,55,130,55,"93, BD DE LA VALBARELLE",,,Crépuscule ou aube,En agglomération,Hors intersection,Normale,Autre collision,,,,,,,,,,,2,2,1,1.0,6.0
201000021418,0010-06-24 13:40:00,10,6,24,13,40,130,55,"1, BD FRANCOISE DUPARC",,,Plein jour,En agglomération,Hors intersection,Normale,Deux véhicules - arrière,,,,,,,,,,,1,2,1,1.0,2.0
201000021419,0010-06-18 08:05:00,10,6,18,8,5,130,55,"1, CHE DE L ARMEE D AFRI",43.2868,5.41247,Plein jour,En agglomération,Intersection en T,Normale,Deux véhicules - côté,,,,,,,,,,,1,2,3,1.0,3.0
201000021420,0010-06-21 00:01:00,10,6,21,0,1,130,55,"2, RUE BASSE SAINTE PHIL",,,Nuit avec éclairage allumé,En agglomération,Hors intersection,Vent fort / tempête,Sans collision,,,,,,,,,,,5,2,1,6.0,7.0
201000021421,0010-06-24 15:00:00,10,6,24,15,0,130,55,"225, BD PAUL CLAUDEL",,,Plein jour,En agglomération,Hors intersection,Normale,Autre collision,,,,,,,,,,,1,2,1,1.0,6.0
201000021422,0010-06-25 17:50:00,10,6,25,17,50,130,2,"1, JEAN GIONO (AVENUE)",,,Plein jour,En agglomération,Intersection en T,Normale,Deux véhicules - côté,,,,,,,,,,,1,2,3,1.0,3.0
201000021423,0010-06-23 20:30:00,10,6,23,20,30,130,55,"18, CHE DE SAINTE MARTHE",,,Plein jour,En agglomération,Hors intersection,Normale,Autre collision,,,,,,,,,,,1,2,1,1.0,6.0
201000021424,0010-06-15 08:45:00,10,6,15,8,45,130,55,AVE JEAN PAUL SARTRE,,,Plein jour,Hors agglomération,Hors intersection,Pluie forte,Deux véhicules - arrière,,,,,,,,,,,1,1,1,3.0,2.0
201000021425,0010-06-25 09:40:00,10,6,25,9,40,130,55,"81, BD ODDO",,,Plein jour,Hors agglomération,Hors intersection,Normale,Autre collision,,,,,,,,,,,1,1,1,1.0,6.0
201000021426,0010-06-12 16:15:00,10,6,12,16,15,130,55,BD BOUYALA D' ARNAUD,,,Plein jour,En agglomération,Autre intersection,Normale,Deux véhicules - côté,,,,,,,,,,,1,2,9,1.0,3.0
201000021427,0010-06-30 15:45:00,10,6,30,15,45,130,55,"148, BD BAILLE",,,Plein jour,En agglomération,Hors intersection,Normale,Deux véhicules - arrière,,,,,,,,,,,1,2,1,1.0,2.0
201000021428,0010-06-29 15:00:00,10,6,29,15,0,130,55,"12, RUE BERNEX",,,Plein jour,En agglomération,Intersection en X,Normale,Autre collision,,,,,,,,,,,1,2,2,1.0,6.0
201000021429,0010-06-29 20:05:00,10,6,29,20,5,130,55,"127, AVE DES OLIVES",,,Plein jour,En agglomération,Hors intersection,Normale,Deux véhicules - côté,,,,,,,,,,,1,2,1,1.0,3.0
201000021430,0010-07-04 11:20:00,10,7,4,11,20,130,55,"10, BD DE PLOMBIERES AER",,,Plein jour,En agglomération,Hors intersection,Normale,Deux véhicules - arrière,,,,,,,,,,,1,2,1,1.0,2.0
201000021431,0010-07-03 00:10:00,10,7,3,0,10,130,55,"50, MTE D' EOURES",43.3002,5.51424,Nuit avec éclairage allumé,En agglomération,Hors intersection,Normale,Sans collision,,,,,,,,,,,5,2,1,1.0,7.0
201000021432,0010-07-03 05:25:00,10,7,3,5,25,130,55,"27, AVE DE MONTOLIVET",43.3081,5.40309,Nuit avec éclairage allumé,En agglomération,Intersection en X,Normale,Deux véhicules - côté,,,,,,,,,,,5,2,2,1.0,3.0
201000021433,0010-06-23 10:45:00,10,6,23,10,45,130,55,CHE DU MERLAN A LA ROSE,,,Plein jour,En agglomération,Hors intersection,Normale,Autre collision,,,,,,,,,,,1,2,1,1.0,6.0
201000021434,0010-05-21 16:20:00,10,5,21,16,20,130,55,"20, ALL DU PETIT PONT",,,Plein jour,En agglomération,Hors intersection,Normale,Deux véhicules - frontale,,,,,,,,,,,1,2,1,1.0,1.0
201000021435,0010-04-01 17:10:00,10,4,1,17,10,130,55,"62, BD PIOT",43.2413,5.37357,Plein jour,En agglomération,Intersection en X,Normale,Deux véhicules - côté,,,,,,,,,,,1,2,2,1.0,3.0
201000021436,0010-05-08 13:30:00,10,5,8,13,30,130,55,"08, BD DUGOMMIER",,,Plein jour,En agglomération,Hors intersection,Pluie légère,Autre collision,,,,,,,,,,,1,2,1,2.0,6.0
201000021437,0010-06-27 01:30:00,10,6,27,1,30,130,55,AVE SALVADOR ALLENDE,,,Nuit avec éclairage allumé,En agglomération,Giratoire,Normale,Deux véhicules - arrière,,,,,,,,,,,5,2,6,1.0,2.0
201000021438,0010-01-07 15:00:00,10,1,7,15,0,130,55,"00, BD CHAVE",,,Plein jour,En agglomération,Hors intersection,Pluie légère,Autre collision,,,,,,,,,,,1,2,1,2.0,6.0
201000021439,0010-05-03 07:30:00,10,5,3,7,30,130,55,"153, BD RABATAU",,,Crépuscule ou aube,En agglomération,Intersection en T,Normale,Deux véhicules - côté,,,,,,,,,,,2,2,3,1.0,3.0
201000021440,0010-11-19 17:40:00,10,11,19,17,40,130,55,"143, CRS LIEUTAUD",,,Nuit avec éclairage allumé,En agglomération,Hors intersection,Normale,Autre collision,,,,,,,,,,,5,2,1,1.0,6.0
201000021441,0010-06-25 12:20:00,10,6,25,12,20,130,55,"573, AVE DU PRADO",,,Plein jour,En agglomération,Hors intersection,Normale,Autre collision,,,,,,,,,,,1,2,1,1.0,6.0
201000021442,0010-11-20 06:50:00,10,11,20,6,50,130,55,"1, RUE MARX DORMOY",,,Crépuscule ou aube,En agglomération,Intersection en T,Normale,Autre collision,,,,,,,,,,,2,2,3,1.0,6.0
201000021443,0010-07-02 07:00:00,10,7,2,7,0,130,55,AVE DE FRAIS VALLON,,,Plein jour,En agglomération,Hors intersection,Normale,Deux véhicules - arrière,,,,,,,,,,,1,2,1,1.0,2.0
201000021444,0010-06-25 07:45:00,10,6,25,7,45,130,55,"213, RTE DES TROIS LUCS",,,Plein jour,En agglomération,Hors intersection,Normale,Deux véhicules - côté,,,,,,,,,,,1,2,1,1.0,3.0
201000021445,0010-11-22 13:45:00,10,11,22,13,45,130,55,"27, RUE DE LA REINE ELIS",,,Plein jour,En agglomération,Hors intersection,Normale,Deux véhicules - frontale,,,,,,,,,,,1,2,1,1.0,1.0
201000021446,0010-06-08 23:55:00,10,6,8,23,55,130,55,CHE SAINT JEAN DU DESERT,,,Nuit avec éclairage allumé,En agglomération,Hors intersection,Normale,Sans collision,,,,,,,,,,,5,2,1,1.0,7.0
201000021447,0010-06-21 08:50:00,10,6,21,8,50,130,55,"20, CHE DU ROY D' ESPAGN",,,Plein jour,En agglomération,Hors intersection,Normale,Autre collision,,,,,,,,,,,1,2,1,1.0,6.0
201000021448,0010-06-20 14:25:00,10,6,20,14,25,130,55,"79, BD ROMAIN ROLLAND",,,Plein jour,En agglomération,Hors intersection,Normale,Deux véhicules - côté,,,,,,,,,,,1,2,1,1.0,3.0
201000021449,0010-06-05 18:30:00,10,6,5,18,30,130,55,"180, AVE DE LA CAPELETTE",,,Plein jour,En agglomération,Hors intersection,Normale,Deux véhicules - côté,,,,,,,,,,,1,2,1,1.0,3.0
201000021450,0010-05-24 11:45:00,10,5,24,11,45,130,55,"2, AVE CESAR BOY",43.2969,5.48408,Plein jour,En agglomération,Intersection en Y,Normale,Autre collision,,,,,,,,,,,1,2,4,1.0,6.0
201000021451,0010-06-24 13:00:00,10,6,24,13,0,130,55,"326, AVE DE MAZARGUES",,,Plein jour,En agglomération,Hors intersection,Normale,Deux véhicules - côté,,,,,,,,,,,1,2,1,1.0,3.0
201000021452,0010-05-07 18:30:00,10,5,7,18,30,130,55,BD MICHELET,,,Plein jour,En agglomération,Hors intersection,Normale,Deux véhicules - côté,,,,,,,,,,,1,2,1,1.0,3.0
201000021453,0010-06-05 01:00:00,10,6,5,1,0,130,55,"81, RUE AUGUSTIN AUBERT",,,Nuit avec éclairage allumé,En agglomération,Hors intersection,Normale,Autre collision,,,,,,,,,,,5,2,1,1.0,6.0
201000021454,0010-05-08 07:10:00,10,5,8,7,10,130,55,AVE DE LA ROSE,,,Crépuscule ou aube,En agglomération,Intersection à plus de 4 branches,Normale,Deux véhicules - côté,,,,,,,,,,,2,2,5,1.0,3.0
201000021455,0010-04-30 19:15:00,10,4,30,19,15,130,55,BD MICHELET,,,Plein jour,En agglomération,Hors intersection,Normale,Autre collision,,,,,,,,,,,1,2,1,1.0,6.0
201000021456,0010-06-12 20:40:00,10,6,12,20,40,130,55,"286, AVE DE MAZARGUES",,,Crépuscule ou aube,En agglomération,Hors intersection,Normale,Autre collision,,,,,,,,,,,2,2,1,1.0,6.0
201000021457,0010-06-03 12:15:00,10,6,3,12,15,130,55,"173, COR PRESIDENT JOHN",,,Plein jour,En agglomération,Intersection en T,Normale,Autre collision,,,,,,,,,,,1,2,3,1.0,6.0
201000021458,0010-07-06 02:19:00,10,7,6,2,19,130,55,"271, AVE DE SAINT LOUIS",43.3529,5.35776,Nuit avec éclairage allumé,En agglomération,Hors intersection,Normale,Autre collision,,,,,,,,,,,5,2,1,1.0,6.0
201000021459,0010-05-03 12:05:00,10,5,3,12,5,130,55,RPT ALAIN SAVARY,,,Plein jour,En agglomération,Giratoire,Normale,Deux véhicules - côté,,,,,,,,,,,1,2,6,1.0,3.0
201000021460,0010-06-17 20:00:00,10,6,17,20,0,130,55,"395, RUE PARADIS",,,Plein jour,En agglomération,Intersection en T,Normale,Deux véhicules - côté,,,,,,,,,,,1,2,3,1.0,3.0
201000021461,0010-04-26 05:30:00,10,4,26,5,30,130,55,RUE DU ROUET,,,Crépuscule ou aube,En agglomération,Intersection en T,Normale,Autre collision,,,,,,,,,,,2,2,3,1.0,6.0
201000021462,0010-06-29 13:15:00,10,6,29,13,15,130,55,AVE JEAN PAUL SARTRE,,,Plein jour,En agglomération,Hors intersection,Normale,Deux véhicules - arrière,,,,,,,,,,,1,2,1,1.0,2.0
201000021463,0010-05-15 23:45:00,10,5,15,23,45,130,55,"01, RTE DE LA VALENTINE",,,Nuit avec éclairage non allumé,En agglomération,Hors intersection,Vent fort / tempête,Autre collision,,,,,,,,,,,4,2,1,6.0,6.0
201000021464,0010-06-27 08:45:00,10,6,27,8,45,130,55,"116, BD DE LA BARASSE RN",,,Plein jour,En agglomération,Hors intersection,Normale,Deux véhicules - arrière,,,,,,,,,,,1,2,1,1.0,2.0
201000021465,0010-06-07 08:50:00,10,6,7,8,50,130,55,"360, BD ROMAIN ROLLAND",,,Plein jour,En agglomération,Hors intersection,Normale,Deux véhicules - côté,,,,,,,,,,,1,2,1,1.0,3.0
201000021466,0010-06-25 13:30:00,10,6,25,13,30,130,55,"23, RUE AVIATEUR LE BRIX",,,Plein jour,En agglomération,Hors intersection,Normale,Deux véhicules - frontale,,,,,,,,,,,1,2,1,1.0,1.0
201000021467,0010-06-23 11:35:00,10,6,23,11,35,130,55,BD DE LA MILLIERE,,,Plein jour,Hors agglomération,Hors intersection,Normale,Deux véhicules - côté,,,,,,,,,,,1,1,1,1.0,3.0
201000021468,0010-06-22 16:50:00,10,6,22,16,50,130,55,"0, BD QUEIREL",,,Plein jour,En agglomération,Intersection en X,Pluie forte,Deux véhicules - côté,,,,,,,,,,,1,2,2,3.0,3.0
201000021469,0010-06-11 09:00:00,10,6,11,9,0,130,55,"130, BD PAUL CLAUDEL",,,Plein jour,En agglomération,Hors intersection,Normale,Deux véhicules - côté,,,,,,,,,,,1,2,1,1.0,3.0
201000021470,0010-06-18 08:35:00,10,6,18,8,35,130,55,"1, RUE LAUGIER",,,Plein jour,En agglomération,Hors intersection,Normale,Autre collision,,,,,,,,,,,1,2,1,1.0,6.0
201000021471,0010-07-01 14:20:00,10,7,1,14,20,130,55,"27, BD RABATAU",,,Plein jour,En agglomération,Hors intersection,Normale,Deux véhicules - côté,,,,,,,,,,,1,2,1,1.0,3.0
201000021472,0010-06-25 20:30:00,10,6,25,20,30,130,55,"05, BD GAROUTTE",,,Plein jour,En agglomération,Hors intersection,Normale,Trois véhicules et plus - en chaîne,,,,,,,,,,,1,2,1,1.0,4.0
201000021473,0010-07-02 16:25:00,10,7,2,16,25,130,55,"122, BD DE LA POMME",43.2931,5.45472,Plein jour,En agglomération,Intersection en T,Normale,Deux véhicules - côté,,,,,,,,,,,1,2,3,1.0,3.0
201000021474,0010-06-22 00:30:00,10,6,22,0,30,130,55,"00, AVE DES OLIVES",,,Nuit avec éclairage allumé,En agglomération,Hors intersection,Normale,Autre collision,,,,,,,,,,,5,2,1,1.0,6.0
201000021475,0010-06-02 18:30:00,10,6,2,18,30,130,55,"171, CHE DE LA MADRAGUE",,,Plein jour,En agglomération,Hors intersection,Normale,Autre collision,,,,,,,,,,,1,2,1,1.0,6.0
201000021476,0010-06-30 19:05:00,10,6,30,19,5,130,55,"41, AVE D HAITI",,,Plein jour,En agglomération,Hors intersection,Normale,Autre collision,,,,,,,,,,,1,2,1,1.0,6.0
201000021477,0010-07-01 18:30:00,10,7,1,18,30,130,55,"242, RTE DES TROIS LUCS",,,Plein jour,En agglomération,Hors intersection,Normale,Deux véhicules - côté,,,,,,,,,,,1,2,1,1.0,3.0
201000021478,0010-06-10 21:10:00,10,6,10,21,10,130,55,"03, SQ STALINGRAD",,,Nuit avec éclairage allumé,En agglomération,Hors intersection,Normale,Sans collision,,,,,,,,,,,5,2,1,1.0,7.0
201000021479,0010-06-21 18:00:00,10,6,21,18,0,130,55,"199, AVE PIERRE MENDES F",,,Plein jour,En agglomération,Hors intersection,Normale,Autre collision,,,,,,,,,,,1,2,1,1.0,6.0
201000021480,0010-05-31 15:00:00,10,5,31,15,0,130,55,"1, AVE ALEXANDRE FLEMING",,,Plein jour,En agglomération,Hors intersection,Normale,Deux véhicules - arrière,,,,,,,,,,,1,2,1,1.0,2.0
201000021481,0010-07-02 10:55:00,10,7,2,10,55,130,55,"52, BD JEAN MOULIN",,,Plein jour,En agglomération,Hors intersection,Normale,Deux véhicules - côté,,,,,,,,,,,1,2,1,1.0,3.0
201000021482,0010-07-06 22:20:00,10,7,6,22,20,130,55,"1, AVE ALEXANDRE FLEMING",,,Nuit avec éclairage allumé,En agglomération,Hors intersection,Normale,Deux véhicules - côté,,,,,,,,,,,5,2,1,1.0,3.0
201000021483,0010-05-21 08:40:00,10,5,21,8,40,130,55,"13, RUE GUY DE COMBAUD R",,,Plein jour,En agglomération,Hors intersection,Normale,Deux véhicules - côté,,,,,,,,,,,1,2,1,1.0,3.0
201000021484,0010-06-27 23:50:00,10,6,27,23,50,130,55,"57, BD ROMAIN ROLLAND",,,Nuit avec éclairage allumé,En agglomération,Hors intersection,Normale,Deux véhicules - frontale,,,,,,,,,,,5,2,1,1.0,1.0
201000021485,0010-07-07 20:22:00,10,7,7,20,22,130,55,"87, CV DU RUISSEAU MIRAB",43.3491,5.34623,Plein jour,En agglomération,Hors intersection,Normale,Deux véhicules - arrière,,,,,,,,,,,1,2,1,1.0,2.0
201000021486,0010-06-17 16:15:00,10,6,17,16,15,130,55,CHE DE GIBBES,,,Plein jour,En agglomération,Intersection en T,Normale,Deux véhicules - côté,,,,,,,,,,,1,2,3,1.0,3.0
201000021487,0010-06-18 17:30:00,10,6,18,17,30,130,55,BD ROGER CHIEUSSE,,,Plein jour,En agglomération,Intersection en T,Normale,Deux véhicules - frontale,,,,,,,,,,,1,2,3,1.0,1.0
201000021488,0010-05-03 13:00:00,10,5,3,13,0,130,55,"1, QAI DE LA PINEDE",,,Plein jour,En agglomération,Hors intersection,Temps couvert,Autre collision,,,,,,,,,,,1,2,1,8.0,6.0
201000021489,0010-07-06 08:05:00,10,7,6,8,5,130,55,"21, RUE ROGER RENZO",,,Plein jour,En agglomération,Intersection en T,Normale,Deux véhicules - côté,,,,,,,,,,,1,2,3,1.0,3.0
201000021490,0010-06-11 09:00:00,10,6,11,9,0,130,55,"18, RUE ALBERT EINSTEIN",,,Plein jour,En agglomération,Hors intersection,Normale,Deux véhicules - côté,,,,,,,,,,,1,2,1,1.0,3.0
201000021491,0010-07-08 15:40:00,10,7,8,15,40,130,55,"145, BD BAILLE",,,Plein jour,En agglomération,Hors intersection,Normale,Deux véhicules - côté,,,,,,,,,,,1,2,1,1.0,3.0
201000021492,0010-07-05 15:45:00,10,7,5,15,45,130,55,"136, BD ROMAIN ROLLAND",,,Plein jour,En agglomération,Hors intersection,Normale,Deux véhicules - côté,,,,,,,,,,,1,2,1,1.0,3.0
201000021493,0010-06-22 11:30:00,10,6,22,11,30,130,55,"348, AVE DES POILUS",,,Plein jour,En agglomération,Intersection en T,Normale,Deux véhicules - côté,,,,,,,,,,,1,2,3,1.0,3.0
201000021494,0010-07-05 14:20:00,10,7,5,14,20,130,55,"26, BD DE LOUVAIN",,,Plein jour,En agglomération,Hors intersection,Normale,Autre collision,,,,,,,,,,,1,2,1,1.0,6.0
201000021495,0010-07-11 17:44:00,10,7,11,17,44,130,55,"46, AVE DES CHUTES LAVIE",,,Plein jour,En agglomération,Hors intersection,Normale,Autre collision,,,,,,,,,,,1,2,1,1.0,6.0
201000021496,0010-07-14 19:30:00,10,7,14,19,30,130,55,"245, BD MICHELET",,,Plein jour,En agglomération,Hors intersection,Normale,Autre collision,,,,,,,,,,,1,2,1,1.0,6.0
201000021497,0010-06-23 19:30:00,10,6,23,19,30,130,55,"1, BD BARBES",,,Plein jour,En agglomération,Hors intersection,Normale,Autre collision,,,,,,,,,,,1,2,1,1.0,6.0
201000021498,0010-07-05 13:30:00,10,7,5,13,30,130,55,"?21, AVE PROSPER MERIMEE",,,Plein jour,En agglomération,Intersection en X,Normale,Deux véhicules - côté,,,,,,,,,,,1,2,2,1.0,3.0
201000021499,0010-07-02 07:20:00,10,7,2,7,20,130,55,"205, AVE DE PROVENCE",,,Plein jour,En agglomération,Hors intersection,Normale,Autre collision,,,,,,,,,,,1,2,1,1.0,6.0
201000021500,0010-06-24 01:10:00,10,6,24,1,10,130,55,RPT PERE WRESINKI,,,Nuit avec éclairage allumé,En agglomération,Giratoire,Normale,Sans collision,,,,,,,,,,,5,2,6,1.0,7.0
201000021501,0010-06-30 15:00:00,10,6,30,15,0,130,55,IMP DE LA MONTRE,,,Plein jour,En agglomération,Hors intersection,Normale,Autre collision,,,,,,,,,,,1,2,1,1.0,6.0
201000021502,0010-07-07 16:00:00,10,7,7,16,0,130,55,"247, AVE DE MAZARGUES",,,Plein jour,En agglomération,Hors intersection,Normale,Deux véhicules - arrière,,,,,,,,,,,1,2,1,1.0,2.0
201000021503,0010-06-25 00:15:00,10,6,25,0,15,130,55,"183, AVE DES CAILLOLS",,,Nuit avec éclairage allumé,En agglomération,Hors intersection,Normale,Deux véhicules - frontale,,,,,,,,,,,5,2,1,1.0,1.0
201000021504,0010-06-30 17:15:00,10,6,30,17,15,130,55,"110, BD DANIELLE CASANOV",,,Plein jour,En agglomération,Hors intersection,Normale,Trois véhicules et plus - en chaîne,,,,,,,,,,,1,2,1,1.0,4.0
201000021505,0010-06-12 16:30:00,10,6,12,16,30,130,55,"18, BD DE PARIS",,,Plein jour,En agglomération,Hors intersection,Normale,Autre collision,,,,,,,,,,,1,2,1,1.0,6.0
201000021506,0010-07-07 17:00:00,10,7,7,17,0,130,55,"7, PCE DU GENERAL DE GAU",,,Plein jour,En agglomération,Hors intersection,Normale,Deux véhicules - arrière,,,,,,,,,,,1,2,1,1.0,2.0
201000021507,0010-07-01 19:30:00,10,7,1,19,30,130,55,BD BUREL,,,Plein jour,En agglomération,Hors intersection,Normale,Autre collision,,,,,,,,,,,1,2,1,1.0,6.0
201000021508,0010-06-26 15:30:00,10,6,26,15,30,130,55,POR DE LA CASTELLANE,,,Plein jour,En agglomération,Hors intersection,Normale,Autre collision,,,,,,,,,,,1,2,1,1.0,6.0
201000021509,0010-06-16 10:15:00,10,6,16,10,15,130,55,BD CHARLES NEDELEC,,,Plein jour,En agglomération,Hors intersection,Normale,Deux véhicules - côté,,,,,,,,,,,1,2,1,1.0,3.0
201000021510,0010-06-14 11:00:00,10,6,14,11,0,130,55,"56, BD DE STRASBOURG",,,Plein jour,En agglomération,Hors intersection,Normale,Deux véhicules - côté,,,,,,,,,,,1,2,1,1.0,3.0
201000021511,0010-06-08 08:30:00,10,6,8,8,30,130,55,"64, CHE DU MERLAN A LA R",,,Plein jour,En agglomération,Hors intersection,Normale,Deux véhicules - côté,,,,,,,,,,,1,2,1,1.0,3.0
201000021512,0010-07-07 07:50:00,10,7,7,7,50,130,55,?RPT ND CONSOLATION A,,,Plein jour,En agglomération,Giratoire,Normale,Sans collision,,,,,,,,,,,1,2,6,1.0,7.0
201000021513,0010-06-12 13:25:00,10,6,12,13,25,130,55,AVE ARNAVON,,,Plein jour,En agglomération,Hors intersection,Normale,Trois véhicules et plus - en chaîne,,,,,,,,,,,1,2,1,1.0,4.0
201000021514,0010-06-29 18:30:00,10,6,29,18,30,130,55,"23, CHE DU VALLON VERT",,,Plein jour,En agglomération,Giratoire,Normale,Deux véhicules - côté,,,,,,,,,,,1,2,6,1.0,3.0
201000021515,0010-06-13 17:40:00,10,6,13,17,40,130,55,"1, BD BERNABO",,,Plein jour,En agglomération,Hors intersection,Normale,Deux véhicules - côté,,,,,,,,,,,1,2,1,1.0,3.0
201000021516,0010-07-05 14:30:00,10,7,5,14,30,130,55,"198, AVE DE MAZARGUES",,,Plein jour,En agglomération,Hors intersection,Normale,Deux véhicules - côté,,,,,,,,,,,1,2,1,1.0,3.0
201000021517,0010-07-09 23:00:00,10,7,9,23,0,130,55,AVE DE SAINT ANTOINE,,,Nuit avec éclairage allumé,En agglomération,Intersection en T,Normale,Deux véhicules - côté,,,,,,,,,,,5,2,3,1.0,3.0
201000021518,0010-07-10 22:20:00,10,7,10,22,20,130,55,"18, AVE DE VALDONNE",,,Nuit avec éclairage allumé,En agglomération,Intersection en T,Normale,Deux véhicules - côté,,,,,,,,,,,5,2,3,1.0,3.0
201000021519,0010-07-01 15:15:00,10,7,1,15,15,130,55,"56, BD DE STRASBOURG",,,Plein jour,En agglomération,Hors intersection,Normale,Autre collision,,,,,,,,,,,1,2,1,1.0,6.0
201000021520,0010-07-09 14:30:00,10,7,9,14,30,130,55,"55, CV DE L' ARGILE",,,Plein jour,En agglomération,Hors intersection,Normale,Autre collision,,,,,,,,,,,1,2,1,1.0,6.0
201000021521,0010-06-21 18:30:00,10,6,21,18,30,130,55,"121, AVE DE MAZARGUES",,,Plein jour,En agglomération,Hors intersection,Normale,Deux véhicules - côté,,,,,,,,,,,1,2,1,1.0,3.0
201000021522,0010-07-09 10:20:00,10,7,9,10,20,130,55,"157, BD MICHELET",,,Plein jour,En agglomération,Hors intersection,Normale,Deux véhicules - arrière,,,,,,,,,,,1,2,1,1.0,2.0
201000021523,0010-06-22 17:45:00,10,6,22,17,45,130,55,"26, RUE ROUMANILLE",,,Plein jour,En agglomération,Hors intersection,Normale,Deux véhicules - côté,,,,,,,,,,,1,2,1,1.0,3.0