accident_id,datetime,annee,mois,jour,heure,minute,departement,commune_insee,adresse,latitude,longitude,luminosite,agglomeration,intersection,meteo,collision,nb_vehicules,nb_usagers,nb_indemnes,nb_tues,nb_blesses_hosp,nb_blesses_legers,age_cond_1,age_cond_2,veh_type_cond_1,veh_type_cond_2,lum_code,agg_code,int_code,atm_code,col_code
201000021524,0010-06-26 04:50:00,10,6,26,4,50,130,55,"116, VOI LA CANEBIERE",,,Nuit avec éclairage allumé,En agglomération,Hors intersection,Normale,Autre collision,,,,,,,,,,,5,2,1,1.0,6.0
201000021525,0010-02-11 08:30:00,10,2,11,8,30,130,55,"39, RUE DU DOCTEUR LEON",43.3146,5.38837,Plein jour,En agglomération,Intersection en X,Normale,Deux véhicules - côté,,,,,,,,,,,1,2,2,1.0,3.0
201000021526,0010-07-15 14:00:00,10,7,15,14,0,130,55,"0, PCE JEAN JAURES",,,Plein jour,En agglomération,Hors intersection,Normale,Deux véhicules - arrière,,,,,,,,,,,1,2,1,1.0,2.0
201000021527,0010-07-06 16:30:00,10,7,6,16,30,130,55,"368, BD HENRI BARNIER",,,Plein jour,En agglomération,Hors intersection,Normale,Deux véhicules - côté,,,,,,,,,,,1,2,1,1.0,3.0
201000021528,0010-07-05 22:20:00,10,7,5,22,20,130,55,VSN ENTREE 4 A PORT AUTO,,,Nuit sans éclairage public,Hors agglomération,Hors intersection,Normale,Autre collision,,,,,,,,,,,3,1,1,1.0,6.0
201000021529,0010-07-11 18:40:00,10,7,11,18,40,130,55,"59, BD DES DAMES",,,Plein jour,En agglomération,Intersection en T,Normale,Deux véhicules - côté,,,,,,,,,,,1,2,3,1.0,3.0
201000021530,0010-06-23 17:20:00,10,6,23,17,20,130,55,RUE ALBERT COHEN,,,Plein jour,En agglomération,Hors intersection,Normale,Deux véhicules - arrière,,,,,,,,,,,1,2,1,1.0,2.0
201000021531,0010-06-08 07:45:00,10,6,8,7,45,130,55,"15, RUE ROUMANILLE",,,Plein jour,En agglomération,Intersection en X,Normale,Autre collision,,,,,,,,,,,1,2,2,1.0,6.0
201000021532,0010-05-27 10:13:00,10,5,27,10,13,130,55,"17, AVE D' ODESSA",,,Plein jour,En agglomération,Intersection en T,Normale,Deux véhicules - côté,,,,,,,,,,,1,2,3,1.0,3.0
201000021533,0010-05-27 08:16:00,10,5,27,8,16,130,55,"523, RUE PARADIS",,,Plein jour,En agglomération,Hors intersection,Normale,Deux véhicules - côté,,,,,,,,,,,1,2,1,1.0,3.0
201000021534,0010-06-30 16:00:00,10,6,30,16,0,130,55,"157, AVE DE LA CAPELETTE",,,Plein jour,En agglomération,Hors intersection,Normale,Autre collision,,,,,,,,,,,1,2,1,1.0,6.0
201000021535,0010-07-01 18:00:00,10,7,1,18,0,130,55,RUE DE LODI,,,Plein jour,En agglomération,Hors intersection,Normale,Deux véhicules - arrière,,,,,,,,,,,1,2,1,1.0,2.0
201000021536,0010-06-29 17:00:00,10,6,29,17,0,130,55,"00, BD PERIER",,,Plein jour,En agglomération,Hors intersection,Normale,Autre collision,,,,,,,,,,,1,2,1,1.0,6.0
201000021537,0010-07-02 08:45:00,10,7,2,8,45,130,55,"00, QAI DE RIVE NEUVE",,,Plein jour,En agglomération,Hors intersection,Normale,Deux véhicules - arrière,,,,,,,,,,,1,2,1,1.0,2.0
201000021538,0010-07-09 20:00:00,10,7,9,20,0,130,55,"124, BD FRANCOISE DUPARC",,,Plein jour,En agglomération,Intersection en T,Normale,Autre collision,,,,,,,,,,,1,2,3,1.0,6.0
201000021539,0010-07-11 05:47:00,10,7,11,5,47,130,55,"199, AVE PIERRE MENDES F",,,Crépuscule ou aube,En agglomération,Hors intersection,Normale,Autre collision,,,,,,,,,,,2,2,1,1.0,6.0
201000021540,0010-07-06 20:50:00,10,7,6,20,50,130,55,"79, BD CHAVE",,,Nuit avec éclairage allumé,En agglomération,Hors intersection,Normale,Autre collision,,,,,,,,,,,5,2,1,1.0,6.0
201000021541,0010-05-18 15:15:00,10,5,18,15,15,130,55,"27, AVE WILLIAM BOOTH",,,Plein jour,En agglomération,Intersection en T,Temps éblouissant,Deux véhicules - côté,,,,,,,,,,,1,2,3,7.0,3.0
201000021542,0010-07-10 16:45:00,10,7,10,16,45,130,55,"216, RTE LEON LACHAMP",,,Plein jour,En agglomération,Hors intersection,Normale,Autre collision,,,,,,,,,,,1,2,1,1.0,6.0
201000021543,0010-06-29 23:30:00,10,6,29,23,30,130,55,"1, RUE LEON BANCAL",43.2858,5.47949,Nuit avec éclairage allumé,En agglomération,Intersection en T,Normale,Autre collision,,,,,,,,,,,5,2,3,1.0,6.0
201000021544,0010-04-08 14:30:00,10,4,8,14,30,130,55,"1, RUE DE LA PINEDE",,,Plein jour,En agglomération,Hors intersection,Normale,Deux véhicules - côté,,,,,,,,,,,1,2,1,1.0,3.0
201000021545,0010-07-09 13:00:00,10,7,9,13,0,130,55,"141, BD RABATAU",,,Plein jour,En agglomération,Hors intersection,Normale,Deux véhicules - côté,,,,,,,,,,,1,2,1,1.0,3.0
201000021546,0010-06-29 11:30:00,10,6,29,11,30,130,55,"0, AVE WILLIAM BOOTH",,,Plein jour,En agglomération,Hors intersection,Normale,Autre collision,,,,,,,,,,,1,2,1,1.0,6.0
201000021547,0010-07-12 19:20:00,10,7,12,19,20,130,55,"152, AVE DE FRAIS VALLON",,,Plein jour,En agglomération,Hors intersection,Normale,Autre collision,,,,,,,,,,,1,2,1,1.0,6.0
201000021548,0010-07-20 01:30:00,10,7,20,1,30,130,55,"269, BD HENRI BARNIER",43.3662,5.34334,Nuit avec éclairage allumé,En agglomération,Hors intersection,Normale,Autre collision,,,,,,,,,,,5,2,1,1.0,6.0
201000021549,0010-07-19 21:45:00,10,7,19,21,45,130,55,"3, AVE CLAUDE MONET",,,Nuit avec éclairage allumé,En agglomération,Hors intersection,Normale,Trois véhicules et plus - en chaîne,,,,,,,,,,,5,2,1,1.0,4.0
201000021550,0010-07-13 10:45:00,10,7,13,10,45,130,55,AVE ARNAVON,,,Plein jour,En agglomération,Hors intersection,Normale,Deux véhicules - arrière,,,,,,,,,,,1,2,1,1.0,2.0
201000021551,0010-06-15 15:00:00,10,6,15,15,0,130,55,"11, BD PHILIPPON",,,Plein jour,En agglomération,Hors intersection,Pluie forte,Deux véhicules - côté,,,,,,,,,,,1,2,1,3.0,3.0
201000021552,0010-07-12 16:05:00,10,7,12,16,5,130,55,"1, BD DE PARIS",,,Plein jour,En agglomération,Hors intersection,Normale,Autre collision,,,,,,,,,,,1,2,1,1.0,6.0
201000021553,0010-07-13 14:00:00,10,7,13,14,0,130,55,"391, BD ROMAIN ROLLAND",43.2704,5.40746,Plein jour,En agglomération,Intersection en X,Normale,Deux véhicules - côté,,,,,,,,,,,1,2,2,1.0,3.0
201000021554,0010-07-12 15:15:00,10,7,12,15,15,130,55,BD DE LA CONCORDE,,,Plein jour,En agglomération,Intersection en T,Normale,Deux véhicules - côté,,,,,,,,,,,1,2,3,1.0,3.0
201000021555,0010-06-01 12:00:00,10,6,1,12,0,130,55,"161, BD DE SAINT MARCEL",,,Plein jour,En agglomération,Hors intersection,Normale,Autre collision,,,,,,,,,,,1,2,1,1.0,6.0
201000021556,0010-07-11 19:50:00,10,7,11,19,50,130,55,"285, RUE DE L AUDIENCE",,,Plein jour,En agglomération,Hors intersection,Normale,Deux véhicules - côté,,,,,,,,,,,1,2,1,1.0,3.0
201000021557,0010-07-10 22:30:00,10,7,10,22,30,130,55,"50, RUE PAUL COXE",,,Nuit avec éclairage allumé,En agglomération,Hors intersection,Normale,Deux véhicules - côté,,,,,,,,,,,5,2,1,1.0,3.0
201000021558,0010-07-17 17:30:00,10,7,17,17,30,130,55,"39, CHE DES AURENGUES",,,Plein jour,En agglomération,Hors intersection,Normale,Deux véhicules - arrière,,,,,,,,,,,1,2,1,1.0,2.0
201000021559,0010-07-13 14:20:00,10,7,13,14,20,130,55,"1, VAC DELMONT GRAND LIT",,,Plein jour,En agglomération,Hors intersection,Normale,Autre collision,,,,,,,,,,,1,2,1,1.0,6.0
201000021560,0010-07-15 16:20:00,10,7,15,16,20,130,55,"32, RUE MALAVAL",,,Plein jour,En agglomération,Hors intersection,Normale,Autre collision,,,,,,,,,,,1,2,1,1.0,6.0
201000021561,0010-06-12 10:30:00,10,6,12,10,30,130,55,"43, AVE DE SAINT LOUIS",,,Plein jour,En agglomération,Hors intersection,Normale,Autre collision,,,,,,,,,,,1,2,1,1.0,6.0
201000021562,0010-07-02 22:00:00,10,7,2,22,0,130,55,"13, RUE D HOZIER",,,Nuit avec éclairage allumé,En agglomération,Intersection en T,Normale,Deux véhicules - côté,,,,,,,,,,,5,2,3,1.0,3.0
201000021563,0010-07-16 01:00:00,10,7,16,1,0,130,55,"0, BD DE LA LIBERATION G",43.3014,5.39265,Nuit avec éclairage allumé,En agglomération,Intersection en T,Normale,Deux véhicules - frontale,,,,,,,,,,,5,2,3,1.0,1.0
201000021564,0010-07-21 14:00:00,10,7,21,14,0,130,55,"2, AVE DU DOCTEUR HECKEL",,,Plein jour,En agglomération,Intersection en T,Normale,Deux véhicules - côté,,,,,,,,,,,1,2,3,1.0,3.0
201000021565,0010-07-21 19:10:00,10,7,21,19,10,130,55,RUE DE LA VIEILLE TOUR,43.3003,5.36833,Plein jour,En agglomération,Intersection en T,Normale,Autre collision,,,,,,,,,,,1,2,3,1.0,6.0
201000021566,0010-07-22 02:30:00,10,7,22,2,30,130,55,BD BOUGE MALPASSE,,,Nuit avec éclairage allumé,En agglomération,Hors intersection,Normale,Sans collision,,,,,,,,,,,5,2,1,1.0,7.0
201000021567,0010-07-18 17:30:00,10,7,18,17,30,130,55,"33, BD LUCE",,,Plein jour,En agglomération,Intersection en T,Normale,Deux véhicules - côté,,,,,,,,,,,1,2,3,1.0,3.0
201000021568,0010-07-09 09:45:00,10,7,9,9,45,130,55,"130, AVE DES PEINTRES RO",,,Plein jour,En agglomération,Hors intersection,Normale,Deux véhicules - arrière,,,,,,,,,,,1,2,1,1.0,2.0
201000021569,0010-07-18 17:50:00,10,7,18,17,50,130,55,"20, BD GUSTAVE GANAY",,,Plein jour,En agglomération,Intersection en T,Normale,Deux véhicules - frontale,,,,,,,,,,,1,2,3,1.0,1.0
201000021570,0010-06-29 17:09:00,10,6,29,17,9,130,55,"258, BD ROMAIN ROLLAND",,,Plein jour,En agglomération,Hors intersection,Normale,Autre collision,,,,,,,,,,,1,2,1,1.0,6.0
201000021571,0010-05-12 13:50:00,10,5,12,13,50,130,55,AVE ARNAVON,,,Plein jour,En agglomération,Hors intersection,Normale,Deux véhicules - arrière,,,,,,,,,,,1,2,1,1.0,2.0
201000021572,0010-07-06 18:00:00,10,7,6,18,0,130,55,"120, AVE DE SAINT ANTOIN",,,Plein jour,En agglomération,Hors intersection,Normale,Deux véhicules - côté,,,,,,,,,,,1,2,1,1.0,3.0
201000021573,0010-06-11 15:00:00,10,6,11,15,0,130,55,"38, AVE FREDERIC MISTRAL",43.3232,5.45424,Plein jour,En agglomération,Hors intersection,Normale,Deux véhicules - arrière,,,,,,,,,,,1,2,1,1.0,2.0
201000021574,0010-07-18 18:00:00,10,7,18,18,0,130,55,"344, AVE DE SAINT ANTOIN",,,Plein jour,En agglomération,Hors intersection,Normale,Deux véhicules - côté,,,,,,,,,,,1,2,1,1.0,3.0
201000021575,0010-06-10 07:20:00,10,6,10,7,20,130,55,"6, AVE DE SAINT MENET",,,Plein jour,En agglomération,Hors intersection,Normale,Deux véhicules - côté,,,,,,,,,,,1,2,1,1.0,3.0
201000021576,0010-04-14 11:05:00,10,4,14,11,5,130,55,"56, RUE BRANDIS",,,Plein jour,En agglomération,Hors intersection,Normale,Autre collision,,,,,,,,,,,1,2,1,1.0,6.0
201000021577,0010-07-16 06:05:00,10,7,16,6,5,130,55,"252, AVE DES CAILLOLS",,,Plein jour,En agglomération,Hors intersection,Normale,Sans collision,,,,,,,,,,,1,2,1,1.0,7.0
201000021578,0010-07-12 10:45:00,10,7,12,10,45,130,55,"490, AVE DU PRADO",,,Plein jour,En agglomération,Hors intersection,Normale,Deux véhicules - côté,,,,,,,,,,,1,2,1,1.0,3.0
201000021579,0010-07-13 18:00:00,10,7,13,18,0,130,55,"490, AVE DU PRADO",,,Plein jour,En agglomération,Intersection en T,Normale,Deux véhicules - côté,,,,,,,,,,,1,2,3,1.0,3.0
201000021580,0010-06-19 11:55:00,10,6,19,11,55,130,55,"10, AVE LOUIS MALOSSE",,,Plein jour,En agglomération,Hors intersection,Normale,Autre collision,,,,,,,,,,,1,2,1,1.0,6.0
201000021581,0010-06-18 19:30:00,10,6,18,19,30,130,55,"102, RUE GRIGNAN",,,Plein jour,En agglomération,Hors intersection,Normale,Autre collision,,,,,,,,,,,1,2,1,1.0,6.0
201000021582,0010-06-22 14:30:00,10,6,22,14,30,130,55,"16, BD THEODORE THURNER",,,Plein jour,En agglomération,Hors intersection,Normale,Deux véhicules - côté,,,,,,,,,,,1,2,1,1.0,3.0
201000021583,0010-07-03 20:50:00,10,7,3,20,50,130,55,"1, BD NATIONAL",,,Plein jour,En agglomération,Intersection en X,Normale,Deux véhicules - frontale,,,,,,,,,,,1,2,2,1.0,1.0
201000021584,0010-07-03 15:30:00,10,7,3,15,30,130,55,"155, RUE PEYSSONNEL",,,Plein jour,En agglomération,Intersection en X,Normale,Deux véhicules - côté,,,,,,,,,,,1,2,2,1.0,3.0
201000021585,0010-04-28 12:40:00,10,4,28,12,40,130,55,"30, BD CAMILLE FLAMMARIO",,,Plein jour,En agglomération,Hors intersection,Normale,Deux véhicules - arrière,,,,,,,,,,,1,2,1,1.0,2.0
201000021586,0010-07-03 15:00:00,10,7,3,15,0,130,55,"129, RUE DE ROME",,,Plein jour,En agglomération,Intersection en T,Normale,Deux véhicules - côté,,,,,,,,,,,1,2,3,1.0,3.0
201000021587,0010-07-01 14:45:00,10,7,1,14,45,130,55,"03, RUE DE LA REPUBLIQUE",,,Plein jour,En agglomération,Hors intersection,Normale,Deux véhicules - côté,,,,,,,,,,,1,2,1,1.0,3.0
201000021588,0010-06-28 19:25:00,10,6,28,19,25,130,55,"021, RUE SAINTE CECILE",,,Plein jour,En agglomération,Intersection à plus de 4 branches,Normale,Deux véhicules - côté,,,,,,,,,,,1,2,5,1.0,3.0
201000021589,0010-06-30 10:40:00,10,6,30,10,40,130,55,"38, RUE SAUVEUR TOBELEM",43.288,5.36346,Plein jour,En agglomération,Intersection en X,Normale,Autre collision,,,,,,,,,,,1,2,2,1.0,6.0
201000021590,0010-07-03 14:30:00,10,7,3,14,30,130,55,RUE BRETEUIL,,,Plein jour,En agglomération,Hors intersection,Normale,Deux véhicules - côté,,,,,,,,,,,1,2,1,1.0,3.0
201000021591,0010-06-30 10:50:00,10,6,30,10,50,130,55,"76, BD DE PLOMBIERES",,,Plein jour,En agglomération,Hors intersection,Normale,Autre collision,,,,,,,,,,,1,2,1,1.0,6.0
201000021592,0010-07-18 14:20:00,10,7,18,14,20,130,55,"21, CHE DE LA NERTHE",,,Plein jour,En agglomération,Hors intersection,Normale,Deux véhicules - côté,,,,,,,,,,,1,2,1,1.0,3.0
201000021593,0010-07-03 20:25:00,10,7,3,20,25,130,55,"55, AVE DES OLIVES",,,Plein jour,En agglomération,Hors intersection,Normale,Deux véhicules - arrière,,,,,,,,,,,1,2,1,1.0,2.0
201000021594,0010-06-18 15:30:00,10,6,18,15,30,130,55,"145, BD BAILLE",,,Plein jour,En agglomération,Hors intersection,Normale,Sans collision,,,,,,,,,,,1,2,1,1.0,7.0
201000021595,0010-06-27 02:00:00,10,6,27,2,0,130,55,"FACE 200, COR PRESIDENT",,,Nuit avec éclairage allumé,En agglomération,Hors intersection,Normale,Autre collision,,,,,,,,,,,5,2,1,1.0,6.0
201000021596,0010-05-20 08:30:00,10,5,20,8,30,130,55,"68, CRS LIEUTAUD",,,Plein jour,En agglomération,Intersection en T,Normale,Deux véhicules - côté,,,,,,,,,,,1,2,3,1.0,3.0
201000021597,0010-04-02 14:10:00,10,4,2,14,10,130,55,"48, RUE D' ALGER",,,Plein jour,En agglomération,Intersection en X,Normale,Deux véhicules - côté,,,,,,,,,,,1,2,2,1.0,3.0
201000021598,0010-05-21 17:00:00,10,5,21,17,0,130,55,"19, PCE JULES GUESDE",,,Plein jour,En agglomération,Hors intersection,Normale,Trois véhicules et plus - en chaîne,,,,,,,,,,,1,2,1,1.0,4.0
201000021599,0010-05-26 18:30:00,10,5,26,18,30,130,55,"69, BD DE LA LIBERATION",,,Plein jour,En agglomération,Autre intersection,Normale,Deux véhicules - côté,,,,,,,,,,,1,2,9,1.0,3.0
201000021600,0010-06-03 08:00:00,10,6,3,8,0,130,55,"93, RUE DES VERTUS",,,Plein jour,En agglomération,Autre intersection,Normale,Autre collision,,,,,,,,,,,1,2,9,1.0,6.0
201000021601,0010-06-11 11:15:00,10,6,11,11,15,130,55,"75, RUE D' ITALIE",,,Plein jour,En agglomération,Intersection en X,Normale,Deux véhicules - côté,,,,,,,,,,,1,2,2,1.0,3.0
201000021602,0010-07-20 16:20:00,10,7,20,16,20,130,55,"147, AVE DE LA VISTE",,,Plein jour,En agglomération,Hors intersection,Normale,Deux véhicules - côté,,,,,,,,,,,1,2,1,1.0,3.0
201000021603,0010-06-04 14:30:00,10,6,4,14,30,130,55,"13, BD DUGOMMIER",,,Plein jour,En agglomération,Hors intersection,Normale,Autre collision,,,,,,,,,,,1,2,1,1.0,6.0
201000021604,0010-07-05 10:50:00,10,7,5,10,50,130,55,"8, PCE DES MARSEILLAISES",,,Plein jour,En agglomération,Hors intersection,Normale,Deux véhicules - côté,,,,,,,,,,,1,2,1,1.0,3.0
201000021605,0010-07-08 23:35:00,10,7,8,23,35,130,55,"21, AVE DU PRADO",,,Nuit avec éclairage allumé,En agglomération,Autre intersection,Normale,Autre collision,,,,,,,,,,,5,2,9,1.0,6.0
201000021606,0010-07-10 12:00:00,10,7,10,12,0,130,55,"1, RPT M.LAUZE/FLORIAN D",,,Plein jour,En agglomération,Intersection à plus de 4 branches,Normale,Deux véhicules - côté,,,,,,,,,,,1,2,5,1.0,3.0
201000021607,0010-07-09 18:25:00,10,7,9,18,25,130,55,CHE DE SAINT JOSEPH A SA,,,Plein jour,En agglomération,Intersection en T,Normale,Trois véhicules et plus - collisions multiples,,,,,,,,,,,1,2,3,1.0,5.0
201000021608,0010-07-21 19:15:00,10,7,21,19,15,130,55,"176, BD DE SAINTE MARGUE",,,Plein jour,En agglomération,Hors intersection,Normale,Deux véhicules - arrière,,,,,,,,,,,1,2,1,1.0,2.0
201000021609,0010-06-30 11:00:00,10,6,30,11,0,130,55,"00, RUE DE ROME",,,Plein jour,En agglomération,Hors intersection,Normale,Trois véhicules et plus - en chaîne,,,,,,,,,,,1,2,1,1.0,4.0
201000021610,0010-07-05 23:00:00,10,7,5,23,0,130,55,"00, AVE DU PRADO",,,Nuit avec éclairage allumé,En agglomération,Hors intersection,Normale,Deux véhicules - arrière,,,,,,,,,,,5,2,1,1.0,2.0
201000021611,0010-07-14 16:30:00,10,7,14,16,30,130,55,BD GUSTAVE GANAY,,,Plein jour,En agglomération,Hors intersection,Normale,Autre collision,,,,,,,,,,,1,2,1,1.0,6.0
201000021612,0010-07-24 00:15:00,10,7,24,0,15,130,55,"60, AVE DE SAINT JEROME",43.3308,5.41937,Nuit avec éclairage allumé,En agglomération,Hors intersection,Normale,Autre collision,,,,,,,,,,,5,2,1,1.0,6.0
201000021613,0010-02-04 12:50:00,10,2,4,12,50,130,55,"92, AVE CAMILLE PELLETAN",43.3119,5.37217,Plein jour,En agglomération,Intersection en X,Normale,Deux véhicules - côté,,,,,,,,,,,1,2,2,1.0,3.0
201000021614,0010-07-19 20:00:00,10,7,19,20,0,130,55,CV DU RUISSEAU MIRABEAU,,,Crépuscule ou aube,En agglomération,Hors intersection,Normale,Autre collision,,,,,,,,,,,2,2,1,1.0,6.0
201000021615,0010-07-19 01:00:00,10,7,19,1,0,130,55,RUE LE CHATELIER,,,Nuit avec éclairage allumé,En agglomération,Intersection en X,Normale,Autre collision,,,,,,,,,,,5,2,2,1.0,6.0
201000021616,0010-04-25 15:50:00,10,4,25,15,50,130,55,"9, CHE DE NOTRE DAME DE",,,Plein jour,En agglomération,Hors intersection,Normale,Deux véhicules - arrière,,,,,,,,,,,1,2,1,1.0,2.0
201000021617,0010-07-01 15:00:00,10,7,1,15,0,130,55,"90, RUE DE LA REPUBLIQUE",,,Plein jour,En agglomération,Hors intersection,Normale,Sans collision,,,,,,,,,,,1,2,1,1.0,7.0
201000021618,0010-06-21 16:00:00,10,6,21,16,0,130,55,"34, BD NOTRE DAME",,,Plein jour,En agglomération,Hors intersection,Normale,Autre collision,,,,,,,,,,,1,2,1,1.0,6.0
201000021619,0010-07-07 06:30:00,10,7,7,6,30,130,55,"433, BD MIREILLE LAUZE",,,Plein jour,En agglomération,Hors intersection,Normale,Autre collision,,,,,,,,,,,1,2,1,1.0,6.0
201000021620,0010-07-17 21:30:00,10,7,17,21,30,130,55,"56, BD LOUIS VILLECROZE",,,Nuit avec éclairage allumé,En agglomération,Hors intersection,Normale,Autre collision,,,,,,,,,,,5,2,1,1.0,6.0
201000021621,0010-07-22 20:20:00,10,7,22,20,20,130,55,AVE SALVADOR ALLENDE,,,Nuit avec éclairage non allumé,En agglomération,Giratoire,Normale,Deux véhicules - côté,,,,,,,,,,,4,2,6,1.0,3.0
201000021622,0010-06-29 19:00:00,10,6,29,19,0,130,55,CHE DE SAINT ANTOINE A S,,,Plein jour,En agglomération,Hors intersection,Normale,Sans collision,,,,,,,,,,,1,2,1,1.0,7.0
201000021623,0010-07-02 17:50:00,10,7,2,17,50,130,55,AVE ARNAVON,,,Plein jour,En agglomération,Hors intersection,Normale,Deux véhicules - arrière,,,,,,,,,,,1,2,1,1.0,2.0
201000021624,0010-07-07 10:00:00,10,7,7,10,0,130,2,PROVENCE (AVENUE DE),,,Plein jour,En agglomération,Hors intersection,Normale,Deux véhicules - côté,,,,,,,,,,,1,2,1,1.0,3.0
201000021625,0010-07-11 01:30:00,10,7,11,1,30,130,55,"142, RUE DU COMMANDANT R",,,Nuit avec éclairage allumé,En agglomération,Hors intersection,Normale,Sans collision,,,,,,,,,,,5,2,1,1.0,7.0
201000021626,0010-07-22 17:30:00,10,7,22,17,30,130,55,"36, BD DE SAINT MARCEL",,,Plein jour,En agglomération,Hors intersection,Normale,Deux véhicules - arrière,,,,,,,,,,,1,2,1,1.0,2.0
201000021627,0010-07-02 15:20:00,10,7,2,15,20,130,55,"96, CHE DE LA PELOUQUE",,,Plein jour,En agglomération,Hors intersection,Normale,Deux véhicules - frontale,,,,,,,,,,,1,2,1,1.0,1.0
201000021628,0010-05-27 08:30:00,10,5,27,8,30,130,55,"81, AVE DU PRADO",,,Plein jour,En agglomération,Hors intersection,Normale,Autre collision,,,,,,,,,,,1,2,1,1.0,6.0
201000021629,0010-07-08 09:15:00,10,7,8,9,15,130,55,RPT GERARD TOULON,43.3059,5.46986,Plein jour,En agglomération,Giratoire,Normale,Autre collision,,,,,,,,,,,1,2,6,1.0,6.0
201000021630,0010-06-29 08:50:00,10,6,29,8,50,130,55,"30, BD MARCEL DELPRAT",,,Plein jour,En agglomération,Hors intersection,Normale,Deux véhicules - arrière,,,,,,,,,,,1,2,1,1.0,2.0
201000021631,0010-06-29 20:30:00,10,6,29,20,30,130,55,"45, AVE DE LA POINTE ROU",,,Plein jour,En agglomération,Autre intersection,Normale,Deux véhicules - côté,,,,,,,,,,,1,2,9,1.0,3.0
201000021632,0010-07-21 09:45:00,10,7,21,9,45,130,55,"1, IMP DES DOUCES",,,Plein jour,En agglomération,Hors intersection,Normale,Autre collision,,,,,,,,,,,1,2,1,1.0,6.0
201000021633,0010-07-26 12:55:00,10,7,26,12,55,130,55,CHE DE SAINT LOUIS AU RO,,,Plein jour,En agglomération,Hors intersection,Normale,Trois véhicules et plus - en chaîne,,,,,,,,,,,1,2,1,1.0,4.0
201000021634,0010-07-22 16:30:00,10,7,22,16,30,130,55,AVE PAUL GAFFAREL,,,Plein jour,En agglomération,Hors intersection,Normale,Deux véhicules - frontale,,,,,,,,,,,1,2,1,1.0,1.0
201000021635,0010-05-17 16:15:00,10,5,17,16,15,130,55,"16, RUE ELEMIR BOURGES",,,Plein jour,En agglomération,Hors intersection,Normale,Autre collision,,,,,,,,,,,1,2,1,1.0,6.0
201000021636,0010-07-20 02:00:00,10,7,20,2,0,130,55,"76, BD DES DAMES",,,Nuit avec éclairage allumé,En agglomération,Intersection en X,Normale,Deux véhicules - côté,,,,,,,,,,,5,2,2,1.0,3.0
201000021637,0010-06-24 09:10:00,10,6,24,9,10,130,55,"7, RUE FONDERE",,,Plein jour,En agglomération,Hors intersection,Normale,Autre collision,,,,,,,,,,,1,2,1,1.0,6.0
201000021638,0010-07-22 20:40:00,10,7,22,20,40,130,55,"81, RUE SAINTE CECILE",,,Crépuscule ou aube,En agglomération,Hors intersection,Normale,Autre collision,,,,,,,,,,,2,2,1,1.0,6.0
201000021639,0010-07-10 18:40:00,10,7,10,18,40,130,55,"115, BD LOUIS BOTINELLY",,,Plein jour,En agglomération,Hors intersection,Normale,Autre collision,,,,,,,,,,,1,2,1,1.0,6.0
201000021640,0010-07-10 16:00:00,10,7,10,16,0,130,55,"2, AVE DE L' ABBE LANFRA",,,Plein jour,En agglomération,Hors intersection,Normale,Autre collision,,,,,,,,,,,1,2,1,1.0,6.0
201000021641,0010-06-28 20:00:00,10,6,28,20,0,130,55,"0, RUE SAINT FERREOL",,,Plein jour,En agglomération,Hors intersection,Normale,Autre collision,,,,,,,,,,,1,2,1,1.0,6.0
201000021642,0010-06-19 18:00:00,10,6,19,18,0,130,55,"41, QAI DE RIVE NEUVE",,,Plein jour,En agglomération,Intersection en T,Normale,Sans collision,,,,,,,,,,,1,2,3,1.0,7.0
201000021643,0010-07-02 16:00:00,10,7,2,16,0,130,55,"84, RUE DE ROME",,,Plein jour,En agglomération,Intersection en X,Normale,Deux véhicules - côté,,,,,,,,,,,1,2,2,1.0,3.0
201000021644,0010-04-29 20:40:00,10,4,29,20,40,130,55,"19, BD SAKAKINI",,,Nuit avec éclairage allumé,En agglomération,Hors intersection,Normale,Autre collision,,,,,,,,,,,5,2,1,1.0,6.0
201000021645,0010-06-22 15:00:00,10,6,22,15,0,130,55,"43, RUE DE TILSIT",,,Plein jour,En agglomération,Intersection en X,Normale,Autre collision,,,,,,,,,,,1,2,2,1.0,6.0
201000021646,0010-06-21 11:30:00,10,6,21,11,30,130,55,"71, RUE DES BONS ENFANTS",,,Plein jour,En agglomération,Hors intersection,Normale,Autre collision,,,,,,,,,,,1,2,1,1.0,6.0
201000021647,0010-06-22 16:30:00,10,6,22,16,30,130,55,"429, RUE SAINT PIERRE",,,Plein jour,En agglomération,Hors intersection,Normale,Autre collision,,,,,,,,,,,1,2,1,1.0,6.0
201000021648,0010-07-01 09:30:00,10,7,1,9,30,130,55,"31, AVE DE LA CORSE",,,Plein jour,En agglomération,Hors intersection,Normale,Autre collision,,,,,,,,,,,1,2,1,1.0,6.0
201000021649,0010-07-27 22:45:00,10,7,27,22,45,130,55,"27, BD FRANCOISE DUPARC",,,Nuit avec éclairage allumé,En agglomération,Hors intersection,Normale,Deux véhicules - arrière,,,,,,,,,,,5,2,1,1.0,2.0
201000021650,0010-07-26 17:05:00,10,7,26,17,5,130,55,"120, RUE DU COMMANDANT R",,,Plein jour,En agglomération,Intersection en T,Normale,Deux véhicules - côté,,,,,,,,,,,1,2,3,1.0,3.0
201000021651,0010-07-22 17:15:00,10,7,22,17,15,130,55,"36, BD JEAN MOULIN",,,Plein jour,En agglomération,Hors intersection,Normale,Autre collision,,,,,,,,,,,1,2,1,1.0,6.0
201000021652,0010-02-09 10:20:00,10,2,9,10,20,130,55,"18, BD DE DUNKERQUE",,,Plein jour,En agglomération,Hors intersection,Normale,Autre collision,,,,,,,,,,,1,2,1,1.0,6.0