accident_id,datetime,annee,mois,jour,heure,minute,departement,commune_insee,adresse,latitude,longitude,luminosite,agglomeration,intersection,meteo,collision,nb_vehicules,nb_usagers,nb_indemnes,nb_tues,nb_blesses_hosp,nb_blesses_legers,age_cond_1,age_cond_2,veh_type_cond_1,veh_type_cond_2,lum_code,agg_code,int_code,atm_code,col_code
201000021653,0010-06-27 21:45:00,10,6,27,21,45,130,55,"23, AVE GEORGES BRAQUES",,,Crépuscule ou aube,En agglomération,Hors intersection,Normale,Autre collision,,,,,,,,,,,2,2,1,1.0,6.0
201000021654,0010-07-20 08:45:00,10,7,20,8,45,130,55,"131, AVE DES OLIVES",,,Plein jour,En agglomération,Hors intersection,Normale,Autre collision,,,,,,,,,,,1,2,1,1.0,6.0
201000021655,0010-07-27 00:30:00,10,7,27,0,30,130,55,"117, RUE SAINTE",43.291,5.36858,Nuit avec éclairage allumé,En agglomération,Intersection en X,Normale,Deux véhicules - côté,,,,,,,,,,,5,2,2,1.0,3.0
201000021656,0010-07-25 17:40:00,10,7,25,17,40,130,55,"104, RUE GRIGNAN",,,Plein jour,En agglomération,Giratoire,Normale,Sans collision,,,,,,,,,,,1,2,6,1.0,7.0
201000021657,0010-07-30 18:00:00,10,7,30,18,0,130,55,"5, AVE DU PARC BORELY",,,Plein jour,En agglomération,Hors intersection,Normale,Autre collision,,,,,,,,,,,1,2,1,1.0,6.0
201000021658,0010-07-26 09:35:00,10,7,26,9,35,130,55,"75, BD FRANCOISE DUPARC",,,Plein jour,En agglomération,Hors intersection,Normale,Sans collision,,,,,,,,,,,1,2,1,1.0,7.0
201000021659,0010-07-24 12:15:00,10,7,24,12,15,130,55,"60, RUE BROCHIER",,,Plein jour,En agglomération,Hors intersection,Normale,Autre collision,,,,,,,,,,,1,2,1,1.0,6.0
201000021660,0010-07-17 18:30:00,10,7,17,18,30,130,55,"01, BD AUGUSTIN CIEUSSA",,,Plein jour,En agglomération,Intersection en T,Normale,Deux véhicules - frontale,,,,,,,,,,,1,2,3,1.0,1.0
201000021661,0010-07-19 13:00:00,10,7,19,13,0,130,55,"00, RUE EDMOND ROSTAND",,,Plein jour,En agglomération,Hors intersection,Normale,Autre collision,,,,,,,,,,,1,2,1,1.0,6.0
201000021662,0010-07-02 16:30:00,10,7,2,16,30,130,55,"00, AVE JULES CANTINI",,,Plein jour,En agglomération,Hors intersection,Normale,Autre collision,,,,,,,,,,,1,2,1,1.0,6.0
201000021663,0010-08-03 23:50:00,10,8,3,23,50,130,55,"1, BD CHARLES NEDELEC",,,Nuit sans éclairage public,En agglomération,Intersection en T,Normale,Deux véhicules - côté,,,,,,,,,,,3,2,3,1.0,3.0
201000021664,0010-07-31 20:20:00,10,7,31,20,20,130,55,"33, CHE DE LA MURE",,,Crépuscule ou aube,En agglomération,Hors intersection,Normale,Sans collision,,,,,,,,,,,2,2,1,1.0,7.0
201000021665,0010-07-27 09:45:00,10,7,27,9,45,130,55,"1, AVE DE LA MARTHELINE",,,Plein jour,En agglomération,Hors intersection,Normale,Autre collision,,,,,,,,,,,1,2,1,1.0,6.0
201000021666,0010-07-21 17:40:00,10,7,21,17,40,130,55,"00, AVE DES CAMOINS",,,Plein jour,En agglomération,Intersection en X,Normale,Deux véhicules - côté,,,,,,,,,,,1,2,2,1.0,3.0
201000021667,0010-07-28 21:30:00,10,7,28,21,30,130,55,"132, BD DE LA VALBARELLE",,,Nuit avec éclairage allumé,En agglomération,Hors intersection,Normale,Deux véhicules - côté,,,,,,,,,,,5,2,1,1.0,3.0
201000021668,0010-07-28 05:35:00,10,7,28,5,35,130,55,"130, VSN MORGIOU CHE",,,Crépuscule ou aube,En agglomération,Hors intersection,Normale,Autre collision,,,,,,,,,,,2,2,1,1.0,6.0
201000021669,0010-06-09 23:00:00,10,6,9,23,0,130,55,BD DE PARIS,,,Nuit avec éclairage allumé,En agglomération,Intersection en X,Normale,Deux véhicules - côté,,,,,,,,,,,5,2,2,1.0,3.0
201000021670,0010-07-27 14:40:00,10,7,27,14,40,130,55,"199, BD DE SAINTE MARGUE",,,Plein jour,En agglomération,Intersection en X,Normale,Deux véhicules - côté,,,,,,,,,,,1,2,2,1.0,3.0
201000021671,0010-06-23 11:00:00,10,6,23,11,0,130,55,"147, RUE LOUBON",,,Plein jour,En agglomération,Hors intersection,Normale,Sans collision,,,,,,,,,,,1,2,1,1.0,7.0
201000021672,0010-08-05 15:10:00,10,8,5,15,10,130,55,RPT M.LAUZE/FLORIAN D.BI,,,Plein jour,En agglomération,Giratoire,Normale,Deux véhicules - côté,,,,,,,,,,,1,2,6,1.0,3.0
201000021673,0010-07-27 07:35:00,10,7,27,7,35,130,55,"160, BD NATIONAL",,,Plein jour,En agglomération,Hors intersection,Normale,Deux véhicules - côté,,,,,,,,,,,1,2,1,1.0,3.0
201000021674,0010-08-06 17:10:00,10,8,6,17,10,130,55,"344, AVE DE SAINT ANTOIN",43.3775,5.35655,Plein jour,En agglomération,Intersection en T,Normale,Deux véhicules - côté,,,,,,,,,,,1,2,3,1.0,3.0
201000021675,0010-07-21 01:30:00,10,7,21,1,30,130,55,"45, RUE BRETEUIL",,,Nuit avec éclairage allumé,En agglomération,Intersection en X,Normale,Deux véhicules - côté,,,,,,,,,,,5,2,2,1.0,3.0
201000021676,0010-07-22 23:20:00,10,7,22,23,20,130,55,"68, RUE SAINTE",,,Nuit avec éclairage allumé,En agglomération,Intersection en X,Normale,Deux véhicules - côté,,,,,,,,,,,5,2,2,1.0,3.0
201000021677,0010-07-17 14:20:00,10,7,17,14,20,130,55,"00, CRS PIERRE PUGET",,,Plein jour,En agglomération,Intersection en X,Normale,Deux véhicules - côté,,,,,,,,,,,1,2,2,1.0,3.0
201000021678,0010-06-17 20:10:00,10,6,17,20,10,130,55,"204, BD CHAVE",,,Crépuscule ou aube,En agglomération,Intersection en X,Normale,Autre collision,,,,,,,,,,,2,2,2,1.0,6.0
201000021679,0010-07-12 10:20:00,10,7,12,10,20,130,55,"30, PCE JEAN JAURES",,,Plein jour,En agglomération,Hors intersection,Normale,Autre collision,,,,,,,,,,,1,2,1,1.0,6.0
201000021680,0010-07-16 16:00:00,10,7,16,16,0,130,55,"00, BD CHARLES LIVON",,,Plein jour,En agglomération,Hors intersection,Normale,Autre collision,,,,,,,,,,,1,2,1,1.0,6.0
201000021681,0010-07-30 15:20:00,10,7,30,15,20,130,55,"35, AVE DES CAILLOLS",,,Plein jour,En agglomération,Hors intersection,Normale,Deux véhicules - arrière,,,,,,,,,,,1,2,1,1.0,2.0
201000021682,0010-07-30 13:40:00,10,7,30,13,40,130,55,"88, RTE DES CAMOINS",,,Plein jour,En agglomération,Hors intersection,Normale,Deux véhicules - arrière,,,,,,,,,,,1,2,1,1.0,2.0
201000021683,0010-07-15 18:00:00,10,7,15,18,0,130,55,"04, RUE BERNEX",,,Plein jour,En agglomération,Hors intersection,Normale,Autre collision,,,,,,,,,,,1,2,1,1.0,6.0
201000021684,0010-07-20 17:30:00,10,7,20,17,30,130,55,"09, BD LOUIS SALVATOR",,,Plein jour,En agglomération,Hors intersection,Normale,Deux véhicules - arrière,,,,,,,,,,,1,2,1,1.0,2.0
201000021685,0010-07-24 21:00:00,10,7,24,21,0,130,55,"139, CHE DES ANEMONES",,,Nuit sans éclairage public,En agglomération,Hors intersection,Normale,Deux véhicules - frontale,,,,,,,,,,,3,2,1,1.0,1.0
201000021686,0010-07-23 17:00:00,10,7,23,17,0,130,55,"02, AVE CESAR BOY",,,Plein jour,En agglomération,Hors intersection,Normale,Autre collision,,,,,,,,,,,1,2,1,1.0,6.0
201000021687,0010-08-01 14:20:00,10,8,1,14,20,130,55,"27, RUE FREDERIC CHEVILL",,,Plein jour,En agglomération,Hors intersection,Normale,Autre collision,,,,,,,,,,,1,2,1,1.0,6.0
201000021688,0010-07-31 18:50:00,10,7,31,18,50,130,55,"21, TRA DES RAYMONDS",,,Plein jour,En agglomération,Hors intersection,Normale,Autre collision,,,,,,,,,,,1,2,1,1.0,6.0
201000021689,0010-07-13 12:11:00,10,7,13,12,11,130,55,"01, RUE HENRI BARBUSSE",,,Plein jour,En agglomération,Intersection en Y,Normale,Autre collision,,,,,,,,,,,1,2,4,1.0,6.0
201000021690,0010-07-09 14:15:00,10,7,9,14,15,130,55,"0, AVE PIERRE MENDES FRA",,,Plein jour,En agglomération,Hors intersection,Normale,Autre collision,,,,,,,,,,,1,2,1,1.0,6.0
201000021691,0010-07-26 11:00:00,10,7,26,11,0,130,55,RPT PERE WRESINKI,,,Plein jour,En agglomération,Giratoire,Normale,Deux véhicules - arrière,,,,,,,,,,,1,2,6,1.0,2.0
201000021692,0010-08-04 12:10:00,10,8,4,12,10,130,55,"56, BD DU CAPITAINE GEZE",,,Plein jour,En agglomération,Hors intersection,Normale,Deux véhicules - arrière,,,,,,,,,,,1,2,1,1.0,2.0
201000021693,0010-07-15 16:50:00,10,7,15,16,50,130,55,"237, COR PRESIDENT JOHN",,,Plein jour,En agglomération,Hors intersection,Normale,Deux véhicules - arrière,,,,,,,,,,,1,2,1,1.0,2.0
201000021694,0010-07-26 10:15:00,10,7,26,10,15,130,55,"21, RUE DE LA REPUBLIQUE",,,Plein jour,En agglomération,Hors intersection,Normale,Deux véhicules - arrière,,,,,,,,,,,1,2,1,1.0,2.0
201000021695,0010-07-29 09:35:00,10,7,29,9,35,130,55,"18, AVE VITON",43.2597,5.40793,Plein jour,En agglomération,Intersection en T,Normale,Deux véhicules - côté,,,,,,,,,,,1,2,3,1.0,3.0
201000021696,0010-07-30 10:30:00,10,7,30,10,30,130,55,?BD PIERRE MENARD,,,Plein jour,En agglomération,Intersection en X,Normale,Deux véhicules - frontale,,,,,,,,,,,1,2,2,1.0,1.0
201000021697,0010-07-16 12:30:00,10,7,16,12,30,130,55,"90, AVE DES CHUTES LAVIE",,,Plein jour,En agglomération,Hors intersection,Normale,Autre collision,,,,,,,,,,,1,2,1,1.0,6.0
201000021698,0010-07-06 08:50:00,10,7,6,8,50,130,55,"20, RUE PASTEUR",,,Plein jour,En agglomération,Hors intersection,Normale,Deux véhicules - frontale,,,,,,,,,,,1,2,1,1.0,1.0
201000021699,0010-06-21 08:30:00,10,6,21,8,30,130,55,"28A, QAI DE RIVE NEUVE",,,Plein jour,En agglomération,Hors intersection,Normale,Deux véhicules - frontale,,,,,,,,,,,1,2,1,1.0,1.0
201000021700,0010-07-01 09:50:00,10,7,1,9,50,130,55,RUE HONNORAT,43.3056,5.38389,Plein jour,En agglomération,Intersection en X,Normale,Autre collision,,,,,,,,,,,1,2,2,1.0,6.0
201000021701,0010-07-11 20:00:00,10,7,11,20,0,130,55,"73, RUE HORACE BERTIN",,,Plein jour,En agglomération,Intersection en X,Normale,Deux véhicules - côté,,,,,,,,,,,1,2,2,1.0,3.0
201000021702,0010-06-03 11:00:00,10,6,3,11,0,130,55,"51, BD DE LA LIBERTE",,,Plein jour,En agglomération,Hors intersection,Normale,Deux véhicules - côté,,,,,,,,,,,1,2,1,1.0,3.0
201000021703,0010-07-13 09:15:00,10,7,13,9,15,130,55,"01, RUE DE GENES",,,Plein jour,En agglomération,Hors intersection,Normale,Deux véhicules - arrière,,,,,,,,,,,1,2,1,1.0,2.0
201000021704,0010-06-27 08:00:00,10,6,27,8,0,130,55,"193, RUE BRETEUIL",,,Plein jour,En agglomération,Autre intersection,Normale,Autre collision,,,,,,,,,,,1,2,9,1.0,6.0
201000021705,0010-06-18 21:50:00,10,6,18,21,50,130,55,BD DE PLOMBIERES,,,Nuit avec éclairage allumé,En agglomération,Intersection en X,Normale,Deux véhicules - côté,,,,,,,,,,,5,2,2,1.0,3.0
201000021706,0010-07-20 14:15:00,10,7,20,14,15,130,55,"140, RUE CHARLES KADDOUZ",,,Plein jour,En agglomération,Hors intersection,Normale,Deux véhicules - frontale,,,,,,,,,,,1,2,1,1.0,1.0
201000021707,0010-07-11 09:50:00,10,7,11,9,50,130,55,"29, AVE FREDERIC MISTRAL",,,Plein jour,En agglomération,Hors intersection,Normale,Deux véhicules - arrière,,,,,,,,,,,1,2,1,1.0,2.0
201000021708,0010-07-28 10:50:00,10,7,28,10,50,130,55,"2, BD GASTON CREMIEUX",,,Plein jour,En agglomération,Intersection en T,Normale,Sans collision,,,,,,,,,,,1,2,3,1.0,7.0
201000021709,0010-07-31 13:40:00,10,7,31,13,40,130,55,"01, RUE VERDILLON",,,Plein jour,En agglomération,Intersection en X,Normale,Autre collision,,,,,,,,,,,1,2,2,1.0,6.0
201000021710,0010-07-25 14:45:00,10,7,25,14,45,130,55,"107, BD SAKAKINI",,,Plein jour,En agglomération,Hors intersection,Normale,Autre collision,,,,,,,,,,,1,2,1,1.0,6.0
201000021711,0010-07-22 17:00:00,10,7,22,17,0,130,55,"00, RUE LAFON",,,Plein jour,En agglomération,Hors intersection,Normale,Autre collision,,,,,,,,,,,1,2,1,1.0,6.0
201000021712,0010-07-23 10:00:00,10,7,23,10,0,130,55,"37, CHE SAINT JEAN DU DE",,,Plein jour,En agglomération,Hors intersection,Normale,Autre collision,,,,,,,,,,,1,2,1,1.0,6.0
201000021713,0010-08-06 16:45:00,10,8,6,16,45,130,55,"614, AVE DU PRADO",,,Plein jour,En agglomération,Hors intersection,Normale,Autre collision,,,,,,,,,,,1,2,1,1.0,6.0
201000021714,0010-07-09 16:40:00,10,7,9,16,40,130,55,"33, RUE DE TROIS FRERES",,,Plein jour,En agglomération,Hors intersection,Normale,Autre collision,,,,,,,,,,,1,2,1,1.0,6.0
201000021715,0010-08-03 09:30:00,10,8,3,9,30,130,55,RUE DE FORBIN,,,Plein jour,En agglomération,Intersection en X,Normale,Deux véhicules - côté,,,,,,,,,,,1,2,2,1.0,3.0
201000021716,0010-08-04 14:15:00,10,8,4,14,15,130,55,"139, CHE DE LA MADRAGUE",,,Plein jour,En agglomération,Hors intersection,Normale,Autre collision,,,,,,,,,,,1,2,1,1.0,6.0
201000021717,0010-07-31 11:20:00,10,7,31,11,20,130,55,"20, RUE MAZENOD",,,Plein jour,En agglomération,Hors intersection,Normale,Autre collision,,,,,,,,,,,1,2,1,1.0,6.0
201000021718,0010-08-07 10:10:00,10,8,7,10,10,130,55,"171, BD DE PARIS",,,Plein jour,En agglomération,Hors intersection,Normale,Deux véhicules - côté,,,,,,,,,,,1,2,1,1.0,3.0
201000021719,0010-07-27 23:50:00,10,7,27,23,50,130,55,"300, AVE DU PRADO",,,Nuit avec éclairage allumé,En agglomération,Hors intersection,Normale,Deux véhicules - arrière,,,,,,,,,,,5,2,1,1.0,2.0
201000021720,0010-07-08 15:30:00,10,7,8,15,30,130,55,"166, BD DE PLOMBIERES",,,Plein jour,En agglomération,Hors intersection,Normale,Autre collision,,,,,,,,,,,1,2,1,1.0,6.0
201000021721,0010-07-02 18:05:00,10,7,2,18,5,130,55,"21, AVE DES AYGALADES",,,Plein jour,En agglomération,Hors intersection,Normale,Trois véhicules et plus - collisions multiples,,,,,,,,,,,1,2,1,1.0,5.0
201000021722,0010-08-04 12:10:00,10,8,4,12,10,130,55,"187, BD DE SAINT MARCEL",,,Plein jour,En agglomération,Intersection en T,Normale,Deux véhicules - côté,,,,,,,,,,,1,2,3,1.0,3.0
201000021723,0010-07-17 21:50:00,10,7,17,21,50,130,55,"4, RPT DE MAZARGUES",,,Plein jour,En agglomération,Giratoire,Normale,Autre collision,,,,,,,,,,,1,2,6,1.0,6.0
201000021724,0010-08-05 07:40:00,10,8,5,7,40,130,55,CHE DU BASSIN,,,Plein jour,En agglomération,Hors intersection,Temps éblouissant,Autre collision,,,,,,,,,,,1,2,1,7.0,6.0
201000021725,0010-08-04 18:15:00,10,8,4,18,15,130,55,"33, RTE DES CAMOINS",,,Plein jour,En agglomération,Hors intersection,Normale,Trois véhicules et plus - en chaîne,,,,,,,,,,,1,2,1,1.0,4.0
201000021726,0010-07-05 15:45:00,10,7,5,15,45,130,55,"272, AVE DE TOULON",,,Plein jour,En agglomération,Hors intersection,Normale,Autre collision,,,,,,,,,,,1,2,1,1.0,6.0
201000021727,0010-07-12 15:30:00,10,7,12,15,30,130,55,"01, BD DE LA PUGETTE",,,Plein jour,En agglomération,Hors intersection,Normale,Autre collision,,,,,,,,,,,1,2,1,1.0,6.0
201000021728,0010-07-21 17:15:00,10,7,21,17,15,130,55,RUE DE LYON,,,Plein jour,En agglomération,Intersection en X,Normale,Deux véhicules - côté,,,,,,,,,,,1,2,2,1.0,3.0
201000021729,0010-06-15 14:30:00,10,6,15,14,30,130,55,BD HENRI BARNIER,,,Plein jour,En agglomération,Autre intersection,Normale,Deux véhicules - côté,,,,,,,,,,,1,2,9,1.0,3.0
201000021730,0010-08-13 04:50:00,10,8,13,4,50,130,55,"27, AVE DE LA CORSE",,,Nuit avec éclairage allumé,En agglomération,Hors intersection,Normale,Deux véhicules - arrière,,,,,,,,,,,5,2,1,1.0,2.0
201000021731,0010-07-24 18:45:00,10,7,24,18,45,130,55,"22, AVE CAMILLE PELLETAN",,,Plein jour,Hors agglomération,Intersection en T,Normale,Autre collision,,,,,,,,,,,1,1,3,1.0,6.0
201000021732,0010-07-23 15:00:00,10,7,23,15,0,130,55,"35, AVE DE LA CORSE",,,Plein jour,En agglomération,Intersection en T,Normale,Autre collision,,,,,,,,,,,1,2,3,1.0,6.0
201000021733,0010-07-16 15:20:00,10,7,16,15,20,130,55,"42, BD MICHELET",,,Plein jour,En agglomération,Hors intersection,Normale,Deux véhicules - arrière,,,,,,,,,,,1,2,1,1.0,2.0
201000021734,0010-06-15 16:30:00,10,6,15,16,30,130,55,"397, BD MICHELET",43.2535,5.40173,Plein jour,En agglomération,Intersection en T,Normale,Deux véhicules - côté,,,,,,,,,,,1,2,3,1.0,3.0
201000021735,0010-08-07 00:50:00,10,8,7,0,50,130,55,"343, COR PRESIDENT JOHN",,,Nuit avec éclairage allumé,En agglomération,Hors intersection,Normale,Deux véhicules - arrière,,,,,,,,,,,5,2,1,1.0,2.0
201000021736,0010-08-05 08:45:00,10,8,5,8,45,130,55,"103, AVE DE LA TIMONE",,,Plein jour,En agglomération,Hors intersection,Normale,Sans collision,,,,,,,,,,,1,2,1,1.0,7.0
201000021737,0010-07-04 05:30:00,10,7,4,5,30,130,55,"172, VOI LA CANEBIERE",,,Nuit avec éclairage allumé,En agglomération,Hors intersection,Normale,Trois véhicules et plus - collisions multiples,,,,,,,,,,,5,2,1,1.0,5.0
201000021738,0010-08-14 13:00:00,10,8,14,13,0,130,55,"49, AVE GASTON BOSC",43.2241,5.41664,Plein jour,En agglomération,Hors intersection,Pluie légère,Autre collision,,,,,,,,,,,1,2,1,2.0,6.0
201000021739,0010-08-16 10:02:00,10,8,16,10,2,130,55,?AVE DES AYGALADES,,,Plein jour,En agglomération,Giratoire,Normale,Autre collision,,,,,,,,,,,1,2,6,1.0,6.0
201000021740,0010-06-09 07:20:00,10,6,9,7,20,130,55,"73, RUE D' ITALIE",43.2879,5.38346,Crépuscule ou aube,En agglomération,Intersection en X,Normale,Autre collision,,,,,,,,,,,2,2,2,1.0,6.0
201000021741,0010-08-15 18:00:00,10,8,15,18,0,130,55,"6, RTE LEON LACHAMP",,,Plein jour,Hors agglomération,Hors intersection,Normale,Sans collision,,,,,,,,,,,1,1,1,1.0,7.0
201000021742,0010-08-11 10:35:00,10,8,11,10,35,130,55,"228, AVE DE LA CAPELETTE",,,Plein jour,En agglomération,Intersection en T,Normale,Deux véhicules - côté,,,,,,,,,,,1,2,3,1.0,3.0
201000021743,0010-08-10 03:00:00,10,8,10,3,0,130,55,RPT LOUIS MATHIEU VERDIL,43.2893,5.43803,Nuit avec éclairage allumé,En agglomération,Giratoire,Pluie légère,Autre collision,,,,,,,,,,,5,2,6,2.0,6.0
201000021744,0010-06-24 11:18:00,10,6,24,11,18,130,55,"100, BD MICHELET",,,Plein jour,En agglomération,Hors intersection,Normale,Deux véhicules - côté,,,,,,,,,,,1,2,1,1.0,3.0
201000021745,0010-04-18 12:45:00,10,4,18,12,45,130,55,"93, BD FRANCOISE DUPARC",,,Plein jour,En agglomération,Hors intersection,Pluie légère,Deux véhicules - arrière,,,,,,,,,,,1,2,1,2.0,2.0
201000021746,0010-06-18 12:30:00,10,6,18,12,30,130,55,"1, BD DE SAINTE MARGUERI",,,Plein jour,En agglomération,Hors intersection,Normale,Deux véhicules - côté,,,,,,,,,,,1,2,1,1.0,3.0
201000021747,0010-06-28 07:00:00,10,6,28,7,0,130,55,"149, BD DE SAINT MARCEL",,,Plein jour,En agglomération,Hors intersection,Normale,Autre collision,,,,,,,,,,,1,2,1,1.0,6.0
201000021748,0010-07-29 11:45:00,10,7,29,11,45,130,55,"44, BD FERDINAND DE LESS",,,Plein jour,En agglomération,Intersection en X,Normale,Deux véhicules - côté,,,,,,,,,,,1,2,2,1.0,3.0
201000021749,0010-07-30 10:10:00,10,7,30,10,10,130,55,"159, CHE DE SAINTE MARTH",,,Plein jour,En agglomération,Hors intersection,Normale,Deux véhicules - arrière,,,,,,,,,,,1,2,1,1.0,2.0
201000021750,0010-07-22 11:45:00,10,7,22,11,45,130,55,"01, RPT PIERRE PARAF",,,Plein jour,En agglomération,Giratoire,Normale,Autre collision,,,,,,,,,,,1,2,6,1.0,6.0
201000021751,0010-08-02 11:35:00,10,8,2,11,35,130,55,"61, BD RABATAU",,,Plein jour,En agglomération,Hors intersection,Normale,Deux véhicules - côté,,,,,,,,,,,1,2,1,1.0,3.0
201000021752,0010-04-22 18:50:00,10,4,22,18,50,130,55,"34, BD DU REDON",,,Plein jour,En agglomération,Hors intersection,Normale,Deux véhicules - côté,,,,,,,,,,,1,2,1,1.0,3.0
201000021753,0010-08-07 23:15:00,10,8,7,23,15,130,55,"69, BD BAILLE",,,Nuit avec éclairage allumé,En agglomération,Intersection en T,Normale,Deux véhicules - côté,,,,,,,,,,,5,2,3,1.0,3.0
201000021754,0010-07-10 07:30:00,10,7,10,7,30,130,55,"32, PCE JEAN JAURES",,,Plein jour,En agglomération,Hors intersection,Normale,Autre collision,,,,,,,,,,,1,2,1,1.0,6.0
201000021755,0010-08-18 10:50:00,10,8,18,10,50,130,55,RUE DE LA REPUBLIQUE,43.3025,5.36902,Plein jour,En agglomération,Intersection en T,Normale,Sans collision,,,,,,,,,,,1,2,3,1.0,7.0
201000021756,0010-05-13 07:20:00,10,5,13,7,20,130,55,"00, CHE DU PONT",,,Crépuscule ou aube,En agglomération,Hors intersection,Normale,Deux véhicules - frontale,,,,,,,,,,,2,2,1,1.0,1.0
201000021757,0010-06-07 08:15:00,10,6,7,8,15,130,55,"00, AVE DE LA MAGALONE",,,Plein jour,En agglomération,Hors intersection,Normale,Deux véhicules - arrière,,,,,,,,,,,1,2,1,1.0,2.0
201000021758,0010-07-31 12:00:00,10,7,31,12,0,130,55,"92, BD DE SAINT LOUP",,,Plein jour,En agglomération,Hors intersection,Normale,Autre collision,,,,,,,,,,,1,2,1,1.0,6.0
201000021759,0010-06-28 12:30:00,10,6,28,12,30,130,55,"01, CRS JEAN BALLARD",,,Plein jour,En agglomération,Hors intersection,Normale,Autre collision,,,,,,,,,,,1,2,1,1.0,6.0
201000021760,0010-05-03 22:00:00,10,5,3,22,0,130,55,"01, AVE PROSPER MERIMEE",,,Nuit avec éclairage allumé,En agglomération,Hors intersection,Normale,Autre collision,,,,,,,,,,,5,2,1,1.0,6.0
201000021761,0010-06-06 17:30:00,10,6,6,17,30,130,55,CHE DE SAINT LOUIS AU RO,,,Plein jour,Hors agglomération,Hors intersection,Normale,Deux véhicules - côté,,,,,,,,,,,1,1,1,1.0,3.0
201000021762,0010-06-12 09:40:00,10,6,12,9,40,130,55,"77, AVE FREDERIC MISTRAL",,,Plein jour,En agglomération,Intersection en X,Normale,Autre collision,,,,,,,,,,,1,2,2,1.0,6.0
201000021763,0010-06-06 16:50:00,10,6,6,16,50,130,55,"142 BIS, CHE DU LITTORAL",43.359,5.31801,Plein jour,En agglomération,Hors intersection,Normale,Autre collision,,,,,,,,,,,1,2,1,1.0,6.0
201000021764,0010-08-04 17:03:00,10,8,4,17,3,130,55,"145, BD BAILLE",,,Plein jour,En agglomération,Hors intersection,Normale,Autre collision,,,,,,,,,,,1,2,1,1.0,6.0
201000021765,0010-08-13 09:10:00,10,8,13,9,10,130,55,"67, BD DE PLOMBIERES",,,Plein jour,En agglomération,Hors intersection,Normale,Deux véhicules - côté,,,,,,,,,,,1,2,1,1.0,3.0
201000021766,0010-08-05 17:40:00,10,8,5,17,40,130,55,"73, VOI LA CANEBIERE",,,Plein jour,En agglomération,Hors intersection,Normale,Autre collision,,,,,,,,,,,1,2,1,1.0,6.0
201000021767,0010-08-13 17:55:00,10,8,13,17,55,130,55,"5, CRS JEAN BALLARD",,,Plein jour,En agglomération,Hors intersection,Normale,Autre collision,,,,,,,,,,,1,2,1,1.0,6.0
201000021768,0010-08-12 17:30:00,10,8,12,17,30,130,55,"2, BD JEAN BAPTISTE ASTI",,,Plein jour,En agglomération,Intersection en T,Normale,Deux véhicules - côté,,,,,,,,,,,1,2,3,1.0,3.0
201000021769,0010-08-02 08:00:00,10,8,2,8,0,130,55,"73, BD BAILLE",,,Plein jour,En agglomération,Intersection en X,Normale,Deux véhicules - côté,,,,,,,,,,,1,2,2,1.0,3.0
201000021770,0010-08-01 17:30:00,10,8,1,17,30,130,55,"47, AVE DE LA CORSE",,,Plein jour,En agglomération,Intersection en X,Normale,Deux véhicules - côté,,,,,,,,,,,1,2,2,1.0,3.0
201000021771,0010-04-30 17:00:00,10,4,30,17,0,130,55,"95, BD DE PARIS",,,Plein jour,En agglomération,Hors intersection,Normale,Autre collision,,,,,,,,,,,1,2,1,1.0,6.0
201000021772,0010-08-10 14:40:00,10,8,10,14,40,130,55,BD AMPERE,,,Plein jour,En agglomération,Hors intersection,Normale,Deux véhicules - arrière,,,,,,,,,,,1,2,1,1.0,2.0
201000021773,0010-08-05 17:40:00,10,8,5,17,40,130,55,"36, AVE DE SAINT JEROME",,,Plein jour,En agglomération,Hors intersection,Normale,Trois véhicules et plus - en chaîne,,,,,,,,,,,1,2,1,1.0,4.0
201000021774,0010-08-18 21:35:00,10,8,18,21,35,130,55,"53, AVE DE HAMBOURG",43.252,5.38691,Nuit avec éclairage allumé,En agglomération,Hors intersection,Normale,Autre collision,,,,,,,,,,,5,2,1,1.0,6.0
201000021775,0010-08-13 18:00:00,10,8,13,18,0,130,55,"74, AVE DE MAZARGUES",,,Plein jour,En agglomération,Hors intersection,Normale,Deux véhicules - arrière,,,,,,,,,,,1,2,1,1.0,2.0
201000021776,0010-08-05 01:00:00,10,8,5,1,0,130,55,"00, AVE CLAUDE MONET",,,Nuit avec éclairage allumé,En agglomération,Hors intersection,Normale,Autre collision,,,,,,,,,,,5,2,1,1.0,6.0
201000021777,0010-08-20 03:15:00,10,8,20,3,15,130,55,"66, AVE DE SAINT JUST",43.3169,5.4049,Nuit avec éclairage allumé,En agglomération,Intersection en T,Pluie forte,Autre collision,,,,,,,,,,,5,2,3,3.0,6.0
201000021778,0010-08-03 18:40:00,10,8,3,18,40,130,55,"430, RUE PARADIS",,,Plein jour,En agglomération,Hors intersection,Normale,Autre collision,,,,,,,,,,,1,2,1,1.0,6.0
201000021779,0010-08-16 16:40:00,10,8,16,16,40,130,55,CHE DE LA COLLINE SAINT,,,Plein jour,En agglomération,Hors intersection,Normale,Deux véhicules - frontale,,,,,,,,,,,1,2,1,1.0,1.0
201000021780,0010-08-19 14:30:00,10,8,19,14,30,130,55,"1, CHE DES GRIVES",43.3513,5.41504,Plein jour,En agglomération,Intersection en T,Normale,Trois véhicules et plus - collisions multiples,,,,,,,,,,,1,2,3,1.0,5.0
201000021781,0010-08-10 11:59:00,10,8,10,11,59,130,55,"00, BD ROMAIN ROLLAND",,,Plein jour,En agglomération,Hors intersection,Normale,Autre collision,,,,,,,,,,,1,2,1,1.0,6.0