accident_id,datetime,annee,mois,jour,heure,minute,departement,commune_insee,adresse,latitude,longitude,luminosite,agglomeration,intersection,meteo,collision,nb_vehicules,nb_usagers,nb_indemnes,nb_tues,nb_blesses_hosp,nb_blesses_legers,age_cond_1,age_cond_2,veh_type_cond_1,veh_type_cond_2,lum_code,agg_code,int_code,atm_code,col_code
201000021911,0010-08-31 12:40:00,10,8,31,12,40,130,55,"39, RUE EMILE DUCLAUX",,,Plein jour,En agglomération,Intersection en X,Normale,Deux véhicules - côté,,,,,,,,,,,1,2,2,1.0,3.0
201000021912,0010-09-01 13:15:00,10,9,1,13,15,130,75,"62, FRÉDÉRIC CHEVILLON (",43.3468,5.46301,Plein jour,En agglomération,Hors intersection,Normale,Autre collision,,,,,,,,,,,1,2,1,1.0,6.0
201000021913,0010-08-31 20:00:00,10,8,31,20,0,130,55,"2, BD GUSTAVE GANAY",,,Crépuscule ou aube,En agglomération,Intersection en T,Normale,Sans collision,,,,,,,,,,,2,2,3,1.0,7.0
201000021914,0010-08-12 08:30:00,10,8,12,8,30,130,55,"XXX, AVE ALEXANDRE FLEMI",,,Plein jour,En agglomération,Hors intersection,Normale,Deux véhicules - arrière,,,,,,,,,,,1,2,1,1.0,2.0
201000021915,0010-09-10 01:15:00,10,9,10,1,15,130,55,"165, RUE DU ROUET",,,Nuit avec éclairage allumé,En agglomération,Hors intersection,Normale,Autre collision,,,,,,,,,,,5,2,1,1.0,6.0
201000021916,0010-09-03 19:25:00,10,9,3,19,25,130,55,"01, BD SAKAKINI",,,Plein jour,En agglomération,Hors intersection,Normale,Autre collision,,,,,,,,,,,1,2,1,1.0,6.0
201000021917,0010-09-09 08:50:00,10,9,9,8,50,130,55,"14, BD CASSINI",,,Plein jour,En agglomération,Hors intersection,Normale,Autre collision,,,,,,,,,,,1,2,1,1.0,6.0
201000021918,0010-09-14 07:10:00,10,9,14,7,10,130,55,"17, RUE VITALIS",,,Plein jour,En agglomération,Intersection en X,Normale,Deux véhicules - côté,,,,,,,,,,,1,2,2,1.0,3.0
201000021919,0010-09-04 15:15:00,10,9,4,15,15,130,55,"38, AVE RAIMU",,,Plein jour,En agglomération,Hors intersection,Normale,Autre collision,,,,,,,,,,,1,2,1,1.0,6.0
201000021920,0010-09-03 10:25:00,10,9,3,10,25,130,55,"80, RUE DE LYON",,,Plein jour,En agglomération,Hors intersection,Normale,Autre collision,,,,,,,,,,,1,2,1,1.0,6.0
201000021921,0010-08-30 09:30:00,10,8,30,9,30,130,55,"195, CHE DE SAINTE MARTH",,,Plein jour,En agglomération,Hors intersection,Normale,Deux véhicules - arrière,,,,,,,,,,,1,2,1,1.0,2.0
201000021922,0010-09-05 12:00:00,10,9,5,12,0,130,55,AVE ODDO,,,Plein jour,En agglomération,Hors intersection,Normale,Deux véhicules - frontale,,,,,,,,,,,1,2,1,1.0,1.0
201000021923,0010-08-13 12:05:00,10,8,13,12,5,130,55,"68, BD DU CAPITAINE GEZE",,,Plein jour,En agglomération,Hors intersection,Normale,Trois véhicules et plus - en chaîne,,,,,,,,,,,1,2,1,1.0,4.0
201000021924,0010-08-19 14:30:00,10,8,19,14,30,130,55,"1, CHE DE NOTRE DAME DE",,,Plein jour,En agglomération,Hors intersection,Normale,Autre collision,,,,,,,,,,,1,2,1,1.0,6.0
201000021925,0010-09-06 20:10:00,10,9,6,20,10,130,55,RUE FONTVERT,,,Nuit avec éclairage allumé,En agglomération,Hors intersection,Normale,Autre collision,,,,,,,,,,,5,2,1,1.0,6.0
201000021926,0010-08-30 04:55:00,10,8,30,4,55,130,55,"00, RUE DE LA MARTINIQUE",,,Nuit avec éclairage allumé,En agglomération,Intersection en T,Normale,Deux véhicules - côté,,,,,,,,,,,5,2,3,1.0,3.0
201000021927,0010-08-25 10:05:00,10,8,25,10,5,130,55,"00, BD JEAN BOUIN",,,Plein jour,En agglomération,Hors intersection,Normale,Autre collision,,,,,,,,,,,1,2,1,1.0,6.0
201000021928,0010-08-24 17:15:00,10,8,24,17,15,130,55,"00, PCE BUREL",,,Plein jour,En agglomération,Hors intersection,Normale,Autre collision,,,,,,,,,,,1,2,1,1.0,6.0
201000021929,0010-08-24 18:30:00,10,8,24,18,30,130,55,"0085, BD SAKAKINI",,,Plein jour,En agglomération,Hors intersection,Normale,Autre collision,,,,,,,,,,,1,2,1,1.0,6.0
201000021930,0010-09-07 06:40:00,10,9,7,6,40,130,55,"02, CV DES BESSONS",,,Nuit avec éclairage allumé,En agglomération,Intersection en T,Normale,Autre collision,,,,,,,,,,,5,2,3,1.0,6.0
201000021931,0010-09-06 15:45:00,10,9,6,15,45,130,55,"10, BD DE SAINT LOUP",,,Plein jour,En agglomération,Intersection en T,Normale,Deux véhicules - côté,,,,,,,,,,,1,2,3,1.0,3.0
201000021932,0010-09-11 12:20:00,10,9,11,12,20,130,55,"20, TRA DE CHANTE PERDRI",,,Plein jour,En agglomération,Hors intersection,Normale,Trois véhicules et plus - collisions multiples,,,,,,,,,,,1,2,1,1.0,5.0
201000021933,0010-09-11 14:50:00,10,9,11,14,50,130,55,"317, BD DU REDON",,,Plein jour,En agglomération,Hors intersection,Normale,Autre collision,,,,,,,,,,,1,2,1,1.0,6.0
201000021934,0010-09-10 13:30:00,10,9,10,13,30,130,55,"22, BD FERDINAND DE LESS",,,Plein jour,En agglomération,Hors intersection,Normale,Autre collision,,,,,,,,,,,1,2,1,1.0,6.0
201000021935,0010-09-05 19:20:00,10,9,5,19,20,130,55,"110, CHE DE LA MADRAGUE",,,Plein jour,En agglomération,Hors intersection,Normale,Autre collision,,,,,,,,,,,1,2,1,1.0,6.0
201000021936,0010-09-09 21:00:00,10,9,9,21,0,130,55,"457, RUE DE LYON",,,Nuit avec éclairage allumé,En agglomération,Hors intersection,Normale,Autre collision,,,,,,,,,,,5,2,1,1.0,6.0
201000021937,0010-07-27 08:10:00,10,7,27,8,10,130,55,"01, CHE DE SAINT LOUIS A",,,Plein jour,En agglomération,Intersection en Y,Normale,Deux véhicules - côté,,,,,,,,,,,1,2,4,1.0,3.0
201000021938,0010-09-04 17:30:00,10,9,4,17,30,130,55,"21, AVE BELLEVUE",,,Plein jour,En agglomération,Hors intersection,Normale,Autre collision,,,,,,,,,,,1,2,1,1.0,6.0
201000021939,0010-09-09 16:20:00,10,9,9,16,20,130,55,"55, RUE DE LYON",,,Plein jour,En agglomération,Hors intersection,Normale,Autre collision,,,,,,,,,,,1,2,1,1.0,6.0
201000021940,0010-09-15 00:58:00,10,9,15,0,58,130,55,"00, BD FRANCOISE DUPARC",,,Nuit avec éclairage allumé,En agglomération,Hors intersection,Normale,Deux véhicules - arrière,,,,,,,,,,,5,2,1,1.0,2.0
201000021941,0010-09-02 12:00:00,10,9,2,12,0,130,55,"25, BD DE LA CORDERIE",,,Plein jour,En agglomération,Hors intersection,Normale,Deux véhicules - frontale,,,,,,,,,,,1,2,1,1.0,1.0
201000021942,0010-07-30 06:30:00,10,7,30,6,30,130,55,"459, RUE SAINT PIERRE",,,Plein jour,En agglomération,Hors intersection,Normale,Deux véhicules - arrière,,,,,,,,,,,1,2,1,1.0,2.0
201000021943,0010-09-04 18:20:00,10,9,4,18,20,130,55,"6505, BD GAVOTY",43.3089,5.41382,Plein jour,En agglomération,Intersection en T,Normale,Autre collision,,,,,,,,,,,1,2,3,1.0,6.0
201000021944,0010-09-14 16:20:00,10,9,14,16,20,130,55,"27, AVE RAOUL FOLLEREAU",,,Plein jour,En agglomération,Hors intersection,Normale,Deux véhicules - arrière,,,,,,,,,,,1,2,1,1.0,2.0
201000021945,0010-07-16 20:20:00,10,7,16,20,20,130,55,"45, AVE DE LA POINTE ROU",,,Plein jour,En agglomération,Hors intersection,Normale,Deux véhicules - côté,,,,,,,,,,,1,2,1,1.0,3.0
201000021946,0010-09-04 19:15:00,10,9,4,19,15,130,55,"79, BD DU REDON",,,Plein jour,En agglomération,Hors intersection,Normale,Deux véhicules - arrière,,,,,,,,,,,1,2,1,1.0,2.0
201000021947,0010-08-04 18:30:00,10,8,4,18,30,130,55,"69, AVE D' HAIFA",,,Plein jour,En agglomération,Hors intersection,Normale,Deux véhicules - arrière,,,,,,,,,,,1,2,1,1.0,2.0
201000021948,0010-08-23 21:30:00,10,8,23,21,30,130,55,"18, AVE VITON",,,Nuit avec éclairage allumé,En agglomération,Hors intersection,Normale,Sans collision,,,,,,,,,,,5,2,1,1.0,7.0
201000021949,0010-09-04 10:10:00,10,9,4,10,10,130,55,"276, RTE DES TROIS LUCS",,,Plein jour,Hors agglomération,Hors intersection,Normale,Autre collision,,,,,,,,,,,1,1,1,1.0,6.0
201000021950,0010-07-07 17:00:00,10,7,7,17,0,130,55,RTE LEON LACHAMP,,,Plein jour,En agglomération,Hors intersection,Normale,Trois véhicules et plus - collisions multiples,,,,,,,,,,,1,2,1,1.0,5.0
201000021951,0010-07-21 09:50:00,10,7,21,9,50,130,55,"7, VOL ENTREE N 3 PORT P",,,Plein jour,En agglomération,Hors intersection,Normale,Autre collision,,,,,,,,,,,1,2,1,1.0,6.0
201000021952,0010-08-18 08:15:00,10,8,18,8,15,130,55,"164, BD MIREILLE LAUZE",,,Plein jour,En agglomération,Hors intersection,Normale,Deux véhicules - côté,,,,,,,,,,,1,2,1,1.0,3.0
201000021953,0010-08-28 23:30:00,10,8,28,23,30,130,55,"35, AVE DE LA POINTE ROU",,,Nuit avec éclairage allumé,En agglomération,Hors intersection,Vent fort / tempête,Autre collision,,,,,,,,,,,5,2,1,6.0,6.0
201000021954,0010-08-21 23:55:00,10,8,21,23,55,130,55,"556, AVE DU PRADO",,,Nuit avec éclairage allumé,En agglomération,Hors intersection,Normale,Deux véhicules - arrière,,,,,,,,,,,5,2,1,1.0,2.0
201000021955,0010-08-17 11:00:00,10,8,17,11,0,130,55,"344, AVE DU PRADO",,,Plein jour,En agglomération,Hors intersection,Normale,Deux véhicules - côté,,,,,,,,,,,1,2,1,1.0,3.0
201000021956,0010-08-28 05:00:00,10,8,28,5,0,130,55,"73, CV DE LA MILLIERE A",,,Nuit avec éclairage allumé,En agglomération,Intersection en X,Normale,Deux véhicules - côté,,,,,,,,,,,5,2,2,1.0,3.0
201000021957,0010-09-11 16:55:00,10,9,11,16,55,130,55,"3, BD DE PONT DE VIVAUX",,,Plein jour,En agglomération,Hors intersection,Normale,Deux véhicules - frontale,,,,,,,,,,,1,2,1,1.0,1.0
201000021958,0010-08-31 13:30:00,10,8,31,13,30,130,55,"1, AVE DES PEINTRES ROUX",,,Plein jour,En agglomération,Hors intersection,Normale,Deux véhicules - arrière,,,,,,,,,,,1,2,1,1.0,2.0
201000021959,0010-08-28 12:10:00,10,8,28,12,10,130,55,"83, AVE DE LA POINTE ROU",,,Plein jour,En agglomération,Hors intersection,Vent fort / tempête,Autre collision,,,,,,,,,,,1,2,1,6.0,6.0
201000021960,0010-09-08 10:30:00,10,9,8,10,30,130,75,"82, FRÉDÉRIC CHEVILLON (",43.3476,5.46399,Plein jour,En agglomération,Hors intersection,Normale,Autre collision,,,,,,,,,,,1,2,1,1.0,6.0
201000021961,0010-08-27 19:30:00,10,8,27,19,30,130,55,"430, RUE PARADIS",,,Plein jour,En agglomération,Hors intersection,Normale,Autre collision,,,,,,,,,,,1,2,1,1.0,6.0
201000021962,0010-08-27 16:30:00,10,8,27,16,30,130,55,"01, BD SCHLOESING",,,Plein jour,En agglomération,Intersection en X,Normale,Autre collision,,,,,,,,,,,1,2,2,1.0,6.0
201000021963,0010-08-31 17:50:00,10,8,31,17,50,130,55,"128, BD DE SAINT LOUP",,,Plein jour,En agglomération,Hors intersection,Normale,Deux véhicules - côté,,,,,,,,,,,1,2,1,1.0,3.0
201000021964,0010-09-08 15:15:00,10,9,8,15,15,130,55,"25, AVE ALEXANDRE DUMAS",,,Plein jour,En agglomération,Hors intersection,Normale,Deux véhicules - arrière,,,,,,,,,,,1,2,1,1.0,2.0
201000021965,0010-09-04 08:45:00,10,9,4,8,45,130,55,"162, BD RABATAU",,,Plein jour,En agglomération,Hors intersection,Normale,Autre collision,,,,,,,,,,,1,2,1,1.0,6.0
201000021966,0010-09-06 11:25:00,10,9,6,11,25,130,55,"61, RUE VERDILLON",,,Plein jour,En agglomération,Hors intersection,Normale,Deux véhicules - frontale,,,,,,,,,,,1,2,1,1.0,1.0
201000021967,0010-09-08 17:45:00,10,9,8,17,45,130,55,"276, BD PAUL CLAUDEL",,,Plein jour,En agglomération,Hors intersection,Normale,Deux véhicules - arrière,,,,,,,,,,,1,2,1,1.0,2.0
201000021968,0010-09-07 14:40:00,10,9,7,14,40,130,55,"01, BD DE PONT DE VIVAUX",,,Plein jour,En agglomération,Intersection en T,Normale,Autre collision,,,,,,,,,,,1,2,3,1.0,6.0
201000021969,0010-09-10 08:40:00,10,9,10,8,40,130,55,"82, VSN MICHELET CONTRE",,,Plein jour,En agglomération,Hors intersection,Normale,Autre collision,,,,,,,,,,,1,2,1,1.0,6.0
201000021970,0010-09-11 18:30:00,10,9,11,18,30,130,55,"119, BD DE SAINT LOUP",,,Plein jour,En agglomération,Intersection en T,Normale,Deux véhicules - côté,,,,,,,,,,,1,2,3,1.0,3.0
201000021971,0010-08-26 23:00:00,10,8,26,23,0,130,55,"556, AVE DU PRADO",,,Nuit avec éclairage allumé,En agglomération,Hors intersection,Normale,Deux véhicules - arrière,,,,,,,,,,,5,2,1,1.0,2.0
201000021972,0010-09-07 21:30:00,10,9,7,21,30,130,55,"56, BD ROMAIN ROLLAND",,,Nuit avec éclairage allumé,En agglomération,Hors intersection,Normale,Autre collision,,,,,,,,,,,5,2,1,1.0,6.0
201000021973,0010-09-01 19:30:00,10,9,1,19,30,130,55,"123, BD ROMAIN ROLLAND",,,Plein jour,En agglomération,Hors intersection,Normale,Deux véhicules - arrière,,,,,,,,,,,1,2,1,1.0,2.0
201000021974,0010-09-19 16:45:00,10,9,19,16,45,130,55,"23, PCE JULES GUESDE",,,Plein jour,En agglomération,Hors intersection,Normale,Autre collision,,,,,,,,,,,1,2,1,1.0,6.0
201000021975,0010-09-20 00:37:00,10,9,20,0,37,130,55,"00, BD VIDAL",,,Nuit avec éclairage allumé,En agglomération,Intersection en X,Normale,Autre collision,,,,,,,,,,,5,2,2,1.0,6.0
201000021976,0010-09-17 17:45:00,10,9,17,17,45,130,55,"02, RUE MONTE CRISTO",,,Plein jour,En agglomération,Hors intersection,Normale,Autre collision,,,,,,,,,,,1,2,1,1.0,6.0
201000021977,0010-09-08 19:00:00,10,9,8,19,0,130,55,CHE DE SAINTE MARTHE,,,Plein jour,En agglomération,Intersection en T,Normale,Autre collision,,,,,,,,,,,1,2,3,1.0,6.0
201000021978,0010-09-07 08:30:00,10,9,7,8,30,130,55,"14, RUE PAUL LANGEVIN",,,Plein jour,En agglomération,Intersection en X,Normale,Autre collision,,,,,,,,,,,1,2,2,1.0,6.0
201000021979,0010-09-18 15:45:00,10,9,18,15,45,130,55,"207, RUE DE ROME",,,Plein jour,En agglomération,Hors intersection,Normale,Autre collision,,,,,,,,,,,1,2,1,1.0,6.0
201000021980,0010-02-26 11:00:00,10,2,26,11,0,130,55,"81, BD DE PLOMBIERES",,,Plein jour,En agglomération,Hors intersection,Pluie légère,Autre collision,,,,,,,,,,,1,2,1,2.0,6.0
201000021981,0010-09-01 12:00:00,10,9,1,12,0,130,55,"0, RPT PIERRE PARAF",,,Plein jour,En agglomération,Hors intersection,Normale,Deux véhicules - arrière,,,,,,,,,,,1,2,1,1.0,2.0
201000021982,0010-09-20 20:30:00,10,9,20,20,30,130,55,"12, RUE SAINT CASSIEN",43.3146,5.36585,Nuit avec éclairage allumé,En agglomération,Hors intersection,Normale,Autre collision,,,,,,,,,,,5,2,1,1.0,6.0
201000021983,0010-07-19 11:40:00,10,7,19,11,40,130,55,"1, AVE DE VALDONNE",,,Plein jour,En agglomération,Hors intersection,Normale,Deux véhicules - côté,,,,,,,,,,,1,2,1,1.0,3.0
201000021984,0010-07-19 05:30:00,10,7,19,5,30,130,55,"157, BD DE PLOMBIERES",,,Crépuscule ou aube,En agglomération,Intersection en T,Normale,Deux véhicules - côté,,,,,,,,,,,2,2,3,1.0,3.0
201000021985,0010-09-15 18:00:00,10,9,15,18,0,130,55,"190, RUE FELIX PYAT",,,Plein jour,En agglomération,Hors intersection,Normale,Deux véhicules - arrière,,,,,,,,,,,1,2,1,1.0,2.0
201000021986,0010-09-17 17:00:00,10,9,17,17,0,130,55,BD DE LA SAVINE,,,Plein jour,En agglomération,Hors intersection,Normale,Autre collision,,,,,,,,,,,1,2,1,1.0,6.0
201000021987,0010-09-15 14:45:00,10,9,15,14,45,130,55,CHE DE NOTRE DAME DE CON,,,Plein jour,En agglomération,Hors intersection,Normale,Deux véhicules - arrière,,,,,,,,,,,1,2,1,1.0,2.0
201000021988,0010-08-27 14:10:00,10,8,27,14,10,130,55,"2, BD SAKAKINI",,,Plein jour,En agglomération,Hors intersection,Normale,Deux véhicules - côté,,,,,,,,,,,1,2,1,1.0,3.0
201000021989,0010-08-21 16:00:00,10,8,21,16,0,130,55,"44, BD DE LA BLANCARDE",,,Plein jour,En agglomération,Intersection en T,Normale,Deux véhicules - côté,,,,,,,,,,,1,2,3,1.0,3.0
201000021990,0010-08-27 18:15:00,10,8,27,18,15,130,55,"36, AVE DE LA CORSE",,,Plein jour,En agglomération,Hors intersection,Normale,Sans collision,,,,,,,,,,,1,2,1,1.0,7.0
201000021991,0010-08-26 20:30:00,10,8,26,20,30,130,55,"16, RUE DE LA GRANDE ARM",,,Nuit avec éclairage allumé,En agglomération,Hors intersection,Normale,Autre collision,,,,,,,,,,,5,2,1,1.0,6.0
201000021992,0010-08-28 05:00:00,10,8,28,5,0,130,55,"82, RTE DE LA TREILLE",,,Crépuscule ou aube,En agglomération,Hors intersection,Normale,Autre collision,,,,,,,,,,,2,2,1,1.0,6.0
201000021993,0010-08-28 02:20:00,10,8,28,2,20,130,55,COR PRESIDENT JOHN F KEN,,,Nuit avec éclairage allumé,En agglomération,Hors intersection,Normale,Sans collision,,,,,,,,,,,5,2,1,1.0,7.0
201000021994,0010-09-16 18:55:00,10,9,16,18,55,130,55,"25, BD PHILIPPON",,,Plein jour,En agglomération,Hors intersection,Normale,Autre collision,,,,,,,,,,,1,2,1,1.0,6.0
201000021995,0010-09-06 05:15:00,10,9,6,5,15,130,55,"00, AVE DE MONTOLIVET",,,Plein jour,En agglomération,Intersection en T,Normale,Deux véhicules - côté,,,,,,,,,,,1,2,3,1.0,3.0
201000021996,0010-08-21 19:00:00,10,8,21,19,0,130,55,"138, AVE DES CAILLOLS",,,Plein jour,En agglomération,Hors intersection,Normale,Autre collision,,,,,,,,,,,1,2,1,1.0,6.0
201000021997,0010-08-26 11:25:00,10,8,26,11,25,130,55,"39, BD CAMILLE FLAMMARIO",,,Plein jour,En agglomération,Hors intersection,Normale,Autre collision,,,,,,,,,,,1,2,1,1.0,6.0
201000021998,0010-08-22 19:30:00,10,8,22,19,30,130,55,BD NATIONAL,,,Crépuscule ou aube,En agglomération,Intersection en X,Normale,Deux véhicules - côté,,,,,,,,,,,2,2,2,1.0,3.0
201000021999,0010-07-29 11:30:00,10,7,29,11,30,130,75,"55, PAUL SIRVENT (AVE)",43.3436,5.46582,Plein jour,En agglomération,Hors intersection,Normale,Trois véhicules et plus - collisions multiples,,,,,,,,,,,1,2,1,1.0,5.0
201000022000,0010-09-10 17:15:00,10,9,10,17,15,130,2,"1, TRINIERE (CHEMIN DE L",43.3346,5.48562,Plein jour,En agglomération,Hors intersection,Normale,Autre collision,,,,,,,,,,,1,2,1,1.0,6.0
201000022001,0010-09-09 15:45:00,10,9,9,15,45,130,75,"1, LIBERTE (AVE DE LA)",43.3462,5.4568,Plein jour,En agglomération,Hors intersection,Normale,Deux véhicules - côté,,,,,,,,,,,1,2,1,1.0,3.0
201000022002,0010-09-17 11:30:00,10,9,17,11,30,130,55,"287, RUE PIERRE DOIZE",,,Plein jour,En agglomération,Hors intersection,Normale,Deux véhicules - arrière,,,,,,,,,,,1,2,1,1.0,2.0
201000022003,0010-09-12 15:00:00,10,9,12,15,0,130,55,"151, PGE DE L' ESTAQUE",,,Plein jour,En agglomération,Intersection en T,Normale,Deux véhicules - côté,,,,,,,,,,,1,2,3,1.0,3.0
201000022004,0010-09-16 06:20:00,10,9,16,6,20,130,55,"366, BD DU BOSPHORE",,,Crépuscule ou aube,En agglomération,Hors intersection,Normale,Autre collision,,,,,,,,,,,2,2,1,1.0,6.0
201000022005,0010-09-23 13:15:00,10,9,23,13,15,130,55,"85, BD CHAVE",,,Plein jour,En agglomération,Hors intersection,Normale,Autre collision,,,,,,,,,,,1,2,1,1.0,6.0
201000022006,0010-09-22 16:30:00,10,9,22,16,30,130,55,"243, AVE DE MONTOLIVET",,,Plein jour,En agglomération,Intersection en T,Normale,Deux véhicules - côté,,,,,,,,,,,1,2,3,1.0,3.0
201000022007,0010-09-27 02:10:00,10,9,27,2,10,130,55,"290, BD DU REDON",,,Nuit avec éclairage allumé,En agglomération,Hors intersection,Normale,Autre collision,,,,,,,,,,,5,2,1,1.0,6.0
201000022008,0010-08-06 15:15:00,10,8,6,15,15,130,55,"190, AVE DE MONTREDON",,,Plein jour,En agglomération,Hors intersection,Normale,Sans collision,,,,,,,,,,,1,2,1,1.0,7.0
201000022009,0010-09-17 19:45:00,10,9,17,19,45,130,55,"00, AVE JULES CANTINI",,,Crépuscule ou aube,En agglomération,Intersection en T,Normale,Autre collision,,,,,,,,,,,2,2,3,1.0,6.0
201000022010,0010-09-24 16:15:00,10,9,24,16,15,130,55,"01, PCE SEBASTOPOL",,,Plein jour,En agglomération,Intersection en X,Normale,Autre collision,,,,,,,,,,,1,2,2,1.0,6.0
201000022011,0010-02-17 17:30:00,10,2,17,17,30,130,55,"15, CRS LIEUTAUD",,,Plein jour,En agglomération,Hors intersection,Normale,Autre collision,,,,,,,,,,,1,2,1,1.0,6.0
201000022012,0010-09-06 04:55:00,10,9,6,4,55,130,55,"00, RPT PIERRE PARAF",,,Nuit avec éclairage allumé,En agglomération,Hors intersection,Normale,Autre collision,,,,,,,,,,,5,2,1,1.0,6.0
201000022013,0010-09-23 16:40:00,10,9,23,16,40,130,55,"1, RUE SAINTE ADELAIDE",,,Plein jour,En agglomération,Hors intersection,Normale,Autre collision,,,,,,,,,,,1,2,1,1.0,6.0
201000022014,0010-01-19 02:00:00,10,1,19,2,0,130,55,AVE ALEXANDRE FLEMING,,,Nuit avec éclairage allumé,En agglomération,Hors intersection,Normale,Deux véhicules - côté,,,,,,,,,,,5,2,1,1.0,3.0
201000022015,0010-08-21 00:30:00,10,8,21,0,30,130,55,"00, RUE DE ROME",,,Nuit avec éclairage allumé,En agglomération,Hors intersection,Normale,Autre collision,,,,,,,,,,,5,2,1,1.0,6.0
201000022016,0010-08-30 17:30:00,10,8,30,17,30,130,55,"00, RUE CHARRAS",,,Plein jour,En agglomération,Hors intersection,Normale,Autre collision,,,,,,,,,,,1,2,1,1.0,6.0
201000022017,0010-09-09 14:40:00,10,9,9,14,40,130,55,"00, QAI DE RIVE NEUVE",,,Plein jour,En agglomération,Hors intersection,Normale,Autre collision,,,,,,,,,,,1,2,1,1.0,6.0
201000022018,0010-09-15 18:15:00,10,9,15,18,15,130,55,"235, RUE D ENDOUME",,,Plein jour,En agglomération,Hors intersection,Normale,Autre collision,,,,,,,,,,,1,2,1,1.0,6.0
201000022019,0010-09-09 10:15:00,10,9,9,10,15,130,55,RUE BENEDIT,,,Plein jour,En agglomération,Hors intersection,Normale,Autre collision,,,,,,,,,,,1,2,1,1.0,6.0
201000022020,0010-09-13 16:45:00,10,9,13,16,45,130,55,"104C, BD CHARLES LIVON",,,Plein jour,En agglomération,Hors intersection,Normale,Autre collision,,,,,,,,,,,1,2,1,1.0,6.0
201000022021,0010-09-03 20:15:00,10,9,3,20,15,130,55,"275, RUE D ENDOUME",,,Crépuscule ou aube,En agglomération,Hors intersection,Normale,Deux véhicules - frontale,,,,,,,,,,,2,2,1,1.0,1.0
201000022022,0010-09-06 13:00:00,10,9,6,13,0,130,55,"00, RUE COUTELLERIE",,,Plein jour,En agglomération,Hors intersection,Normale,Deux véhicules - arrière,,,,,,,,,,,1,2,1,1.0,2.0
201000022023,0010-09-27 22:50:00,10,9,27,22,50,130,55,"00, CHE DE SAINTE MARTHE",,,Nuit avec éclairage allumé,En agglomération,Giratoire,Normale,Deux véhicules - côté,,,,,,,,,,,5,2,6,1.0,3.0
201000022024,0010-09-27 17:00:00,10,9,27,17,0,130,55,"19, AVE DE LA MADRAGUE D",,,Plein jour,Hors agglomération,Hors intersection,Normale,Autre collision,,,,,,,,,,,1,1,1,1.0,6.0
201000022025,0010-08-30 08:40:00,10,8,30,8,40,130,55,RPT ANTOINE SARTORIO,,,Plein jour,En agglomération,Hors intersection,Normale,Autre collision,,,,,,,,,,,1,2,1,1.0,6.0
201000022026,0010-09-14 10:00:00,10,9,14,10,0,130,55,"01, BD JEAN MOULIN",,,Plein jour,En agglomération,Hors intersection,Normale,Autre collision,,,,,,,,,,,1,2,1,1.0,6.0
201000022027,0010-09-21 16:50:00,10,9,21,16,50,130,55,"370, AVE DE MONTOLIVET",,,Plein jour,En agglomération,Hors intersection,Normale,Deux véhicules - frontale,,,,,,,,,,,1,2,1,1.0,1.0
201000022028,0010-09-13 08:10:00,10,9,13,8,10,130,55,"08, CHE DU VALLON DE TOU",,,Plein jour,En agglomération,Hors intersection,Normale,Deux véhicules - arrière,,,,,,,,,,,1,2,1,1.0,2.0
201000022029,0010-09-22 21:40:00,10,9,22,21,40,130,55,"325, AVE DE MAZARGUES",,,Nuit avec éclairage allumé,En agglomération,Hors intersection,Normale,Autre collision,,,,,,,,,,,5,2,1,1.0,6.0
201000022030,0010-09-04 21:00:00,10,9,4,21,0,130,55,"36, CHE DE SAINTE MARTHE",,,Nuit avec éclairage allumé,En agglomération,Hors intersection,Normale,Autre collision,,,,,,,,,,,5,2,1,1.0,6.0
201000022031,0010-09-25 02:45:00,10,9,25,2,45,130,55,"110, CRS LIEUTAUD",,,Nuit avec éclairage allumé,En agglomération,Hors intersection,Normale,Autre collision,,,,,,,,,,,5,2,1,1.0,6.0
201000022032,0010-09-28 20:00:00,10,9,28,20,0,130,55,"28, CHE DE SAINT JOSEPH",,,Nuit avec éclairage allumé,En agglomération,Hors intersection,Normale,Autre collision,,,,,,,,,,,5,2,1,1.0,6.0
201000022033,0010-08-29 15:15:00,10,8,29,15,15,130,55,"01, RUE LOUIS BIROARD",,,Plein jour,En agglomération,Intersection en X,Normale,Deux véhicules - côté,,,,,,,,,,,1,2,2,1.0,3.0
201000022034,0010-09-27 08:30:00,10,9,27,8,30,130,55,BD CHARLES MORETTI,,,Plein jour,En agglomération,Hors intersection,Normale,Autre collision,,,,,,,,,,,1,2,1,1.0,6.0
201000022035,0010-09-25 11:30:00,10,9,25,11,30,130,55,"143, RUE FELIX PYAT",,,Plein jour,En agglomération,Hors intersection,Normale,Deux véhicules - frontale,,,,,,,,,,,1,2,1,1.0,1.0
201000022036,0010-09-17 17:05:00,10,9,17,17,5,130,55,"11, AVE DES OLIVES",,,Plein jour,En agglomération,Hors intersection,Normale,Autre collision,,,,,,,,,,,1,2,1,1.0,6.0
201000022037,0010-09-21 07:55:00,10,9,21,7,55,130,75,L'ENJOLRAS (AVE DE),,,Plein jour,En agglomération,Intersection en Y,Normale,Deux véhicules - côté,,,,,,,,,,,1,2,4,1.0,3.0
201000022038,0010-09-30 12:30:00,10,9,30,12,30,130,55,"418, AVE DE MAZARGUES",,,Plein jour,En agglomération,Hors intersection,Normale,Autre collision,,,,,,,,,,,1,2,1,1.0,6.0
201000022039,0010-10-04 22:00:00,10,10,4,22,0,130,55,BD SAKAKINI,,,Nuit avec éclairage allumé,En agglomération,Intersection en T,Normale,Autre collision,,,,,,,,,,,5,2,3,1.0,6.0