accident_id,datetime,annee,mois,jour,heure,minute,departement,commune_insee,adresse,latitude,longitude,luminosite,agglomeration,intersection,meteo,collision,nb_vehicules,nb_usagers,nb_indemnes,nb_tues,nb_blesses_hosp,nb_blesses_legers,age_cond_1,age_cond_2,veh_type_cond_1,veh_type_cond_2,lum_code,agg_code,int_code,atm_code,col_code
201000022300,0010-09-10 15:00:00,10,9,10,15,0,130,55,"113, BD FIFI TURIN",,,Plein jour,En agglomération,Hors intersection,Normale,Deux véhicules - côté,,,,,,,,,,,1,2,1,1.0,3.0
201000022301,0010-10-19 17:20:00,10,10,19,17,20,130,55,"10, CHE DES AMARYLLIS",,,Plein jour,En agglomération,Hors intersection,Normale,Autre collision,,,,,,,,,,,1,2,1,1.0,6.0
201000022302,0010-10-13 21:00:00,10,10,13,21,0,130,75,"102, FREDERIC MISTRAL (A",43.3517,5.47399,Nuit avec éclairage allumé,En agglomération,Hors intersection,Normale,Deux véhicules - arrière,,,,,,,,,,,5,2,1,1.0,2.0
201000022303,0010-09-29 19:15:00,10,9,29,19,15,130,55,"00, AVE DE SAINT BARNABE",,,Plein jour,En agglomération,Hors intersection,Normale,Deux véhicules - côté,,,,,,,,,,,1,2,1,1.0,3.0
201000022304,0010-10-25 23:00:00,10,10,25,23,0,130,55,AVE DES PEINTRES ROUX,,,Nuit avec éclairage allumé,En agglomération,Hors intersection,Normale,Deux véhicules - côté,,,,,,,,,,,5,2,1,1.0,3.0
201000022305,0010-09-16 00:15:00,10,9,16,0,15,130,55,"01, BD SAKAKINI",,,Nuit sans éclairage public,En agglomération,Hors intersection,Normale,Autre collision,,,,,,,,,,,3,2,1,1.0,6.0
201000022306,0010-10-31 20:45:00,10,10,31,20,45,130,55,"00, RUE DE LYON",,,Nuit avec éclairage allumé,En agglomération,Hors intersection,Autre,Autre collision,,,,,,,,,,,5,2,1,9.0,6.0
201000022307,0010-08-29 15:10:00,10,8,29,15,10,130,55,"00, AVE DU PRADO",,,Plein jour,En agglomération,Hors intersection,Normale,Autre collision,,,,,,,,,,,1,2,1,1.0,6.0
201000022308,0010-10-07 15:20:00,10,10,7,15,20,130,55,"1, BD JEAN EUGENE CABASS",,,Plein jour,En agglomération,Intersection en X,Normale,Deux véhicules - côté,,,,,,,,,,,1,2,2,1.0,3.0
201000022309,0010-07-29 18:00:00,10,7,29,18,0,130,55,"00, AVE DE LA CAPELETTE",,,Plein jour,En agglomération,Hors intersection,Normale,Autre collision,,,,,,,,,,,1,2,1,1.0,6.0
201000022310,0010-10-13 07:25:00,10,10,13,7,25,130,55,"67, RUE EMILE ZOLA",,,Plein jour,En agglomération,Intersection en T,Pluie légère,Deux véhicules - côté,,,,,,,,,,,1,2,3,2.0,3.0
201000022311,0010-09-14 16:00:00,10,9,14,16,0,130,55,"0, BD DE LA VALBARELLE",,,Plein jour,Hors agglomération,Hors intersection,Normale,Autre collision,,,,,,,,,,,1,1,1,1.0,6.0
201000022312,0010-10-21 15:30:00,10,10,21,15,30,130,55,"236, RUE PARADIS",,,Plein jour,En agglomération,Hors intersection,Normale,Autre collision,,,,,,,,,,,1,2,1,1.0,6.0
201000022313,0010-10-20 21:00:00,10,10,20,21,0,130,55,RUE TEISSERE,,,Nuit avec éclairage allumé,En agglomération,Hors intersection,Normale,Autre collision,,,,,,,,,,,5,2,1,1.0,6.0
201000022314,0010-10-06 16:15:00,10,10,6,16,15,130,2,"785, SALVATORE ALLENDE (",,,Plein jour,En agglomération,Hors intersection,Normale,Sans collision,,,,,,,,,,,1,2,1,1.0,7.0
201000022315,0010-10-27 14:55:00,10,10,27,14,55,130,55,"348, AVE DES POILUS",,,Plein jour,En agglomération,Hors intersection,Normale,Deux véhicules - côté,,,,,,,,,,,1,2,1,1.0,3.0
201000022316,0010-10-01 17:30:00,10,10,1,17,30,130,55,"00, RPT DE MAZARGUES",,,Plein jour,En agglomération,Hors intersection,Normale,Autre collision,,,,,,,,,,,1,2,1,1.0,6.0
201000022317,0010-09-23 16:00:00,10,9,23,16,0,130,55,"00, RTE DE LA SABLIERE",,,Plein jour,En agglomération,Hors intersection,Normale,Autre collision,,,,,,,,,,,1,2,1,1.0,6.0
201000022318,0010-10-19 13:50:00,10,10,19,13,50,130,55,"00, RUE DU ROUET",,,Plein jour,En agglomération,Hors intersection,Normale,Autre collision,,,,,,,,,,,1,2,1,1.0,6.0
201000022319,0010-10-18 12:20:00,10,10,18,12,20,130,55,"20, AVE DE CHATEAU GOMBE",,,Plein jour,En agglomération,Hors intersection,Normale,Autre collision,,,,,,,,,,,1,2,1,1.0,6.0
201000022320,0010-09-20 11:30:00,10,9,20,11,30,130,55,"00, AVE WILLIAM BOOTH",,,Plein jour,En agglomération,Hors intersection,Normale,Autre collision,,,,,,,,,,,1,2,1,1.0,6.0
201000022321,0010-07-12 09:15:00,10,7,12,9,15,130,55,"00, BD DE SAINTE MARGUER",,,Plein jour,En agglomération,Hors intersection,Normale,Autre collision,,,,,,,,,,,1,2,1,1.0,6.0
201000022322,0010-10-18 18:30:00,10,10,18,18,30,130,55,"00, BD HENRI BARNIER",,,Plein jour,En agglomération,Hors intersection,Normale,Autre collision,,,,,,,,,,,1,2,1,1.0,6.0
201000022323,0010-09-08 18:45:00,10,9,8,18,45,130,55,", BD CHARLES LIVON",,,Plein jour,Hors agglomération,Hors intersection,Normale,Deux véhicules - frontale,,,,,,,,,,,1,1,1,1.0,1.0
201000022324,0010-09-29 10:15:00,10,9,29,10,15,130,55,"52, BD DE LA VALBARELLE",,,Plein jour,En agglomération,Hors intersection,Normale,Autre collision,,,,,,,,,,,1,2,1,1.0,6.0
201000022325,0010-09-29 12:25:00,10,9,29,12,25,130,55,"286, BD DE SAINT MARCEL",,,Plein jour,Hors agglomération,Hors intersection,Normale,Autre collision,,,,,,,,,,,1,1,1,1.0,6.0
201000022326,0010-10-06 17:30:00,10,10,6,17,30,130,55,"253, BD ROMAIN ROLLAND",,,Plein jour,En agglomération,Hors intersection,Normale,Sans collision,,,,,,,,,,,1,2,1,1.0,7.0
201000022327,0010-10-24 20:00:00,10,10,24,20,0,130,55,"1, AVE DES ARNAVAUX",,,Nuit avec éclairage allumé,En agglomération,Intersection en T,Pluie légère,Deux véhicules - côté,,,,,,,,,,,5,2,3,2.0,3.0
201000022328,0010-10-01 21:50:00,10,10,1,21,50,130,55,"97, PRO GEORGES POMPIDOU",,,Nuit avec éclairage allumé,En agglomération,Giratoire,Normale,Deux véhicules - côté,,,,,,,,,,,5,2,6,1.0,3.0
201000022329,0010-10-26 18:00:00,10,10,26,18,0,130,55,"25, BD DE SAINT MARCEL",,,Nuit avec éclairage allumé,En agglomération,Hors intersection,Normale,Autre collision,,,,,,,,,,,5,2,1,1.0,6.0
201000022330,0010-10-28 08:00:00,10,10,28,8,0,130,55,"19, AVE DE SAINT MENET",,,Plein jour,En agglomération,Hors intersection,Normale,Autre collision,,,,,,,,,,,1,2,1,1.0,6.0
201000022331,0010-10-03 18:15:00,10,10,3,18,15,130,55,"87, BD RABATAU",,,Plein jour,En agglomération,Hors intersection,Normale,Deux véhicules - frontale,,,,,,,,,,,1,2,1,1.0,1.0
201000022332,0010-10-05 16:25:00,10,10,5,16,25,130,55,"1, CHE DE SAINTE MARTHE",,,Plein jour,En agglomération,Hors intersection,Normale,Deux véhicules - arrière,,,,,,,,,,,1,2,1,1.0,2.0
201000022333,0010-10-31 03:20:00,10,10,31,3,20,130,55,"221, RUE DE LYON",,,Nuit avec éclairage allumé,En agglomération,Hors intersection,Pluie légère,Autre collision,,,,,,,,,,,5,2,1,2.0,6.0
201000022334,0010-10-05 18:00:00,10,10,5,18,0,130,55,"00, PCE ESTRANGIN PASTRE",,,Plein jour,En agglomération,Hors intersection,Normale,Autre collision,,,,,,,,,,,1,2,1,1.0,6.0
201000022335,0010-08-04 20:30:00,10,8,4,20,30,130,55,"26, BD RABATAU",,,Nuit sans éclairage public,En agglomération,Hors intersection,Normale,Trois véhicules et plus - en chaîne,,,,,,,,,,,3,2,1,1.0,4.0
201000022336,0010-10-07 04:50:00,10,10,7,4,50,130,55,"73, RUE DE ROME",,,Nuit avec éclairage allumé,En agglomération,Intersection en X,Normale,Deux véhicules - côté,,,,,,,,,,,5,2,2,1.0,3.0
201000022337,0010-09-19 01:30:00,10,9,19,1,30,130,55,"91, RUE DE ROME",,,Nuit avec éclairage allumé,En agglomération,Intersection en T,Normale,Deux véhicules - côté,,,,,,,,,,,5,2,3,1.0,3.0
201000022338,0010-10-11 10:30:00,10,10,11,10,30,130,55,"77, RUE CHARRAS",,,Plein jour,En agglomération,Hors intersection,Pluie légère,Autre collision,,,,,,,,,,,1,2,1,2.0,6.0
201000022339,0010-06-01 18:00:00,10,6,1,18,0,130,55,"123, AVE FERNANDEL",,,Plein jour,En agglomération,Hors intersection,Normale,Deux véhicules - frontale,,,,,,,,,,,1,2,1,1.0,1.0
201000022340,0010-10-14 16:00:00,10,10,14,16,0,130,55,"20, BD DUGOMMIER",,,Plein jour,En agglomération,Hors intersection,Normale,Deux véhicules - arrière,,,,,,,,,,,1,2,1,1.0,2.0
201000022341,0010-11-05 07:00:00,10,11,5,7,0,130,55,"33, AVE DU VINGT QUATRE",,,Crépuscule ou aube,En agglomération,Hors intersection,Normale,Autre collision,,,,,,,,,,,2,2,1,1.0,6.0
201000022342,0010-09-04 15:50:00,10,9,4,15,50,130,55,"64, BD DE LA CORDERIE",,,Plein jour,En agglomération,Hors intersection,Normale,Autre collision,,,,,,,,,,,1,2,1,1.0,6.0
201000022343,0010-10-11 08:00:00,10,10,11,8,0,130,55,"18, RUE DE LACEDEMONE",,,Plein jour,En agglomération,Hors intersection,Normale,Deux véhicules - côté,,,,,,,,,,,1,2,1,1.0,3.0
201000022344,0010-09-22 19:30:00,10,9,22,19,30,130,55,"98, RUE DE ROME",,,Nuit avec éclairage non allumé,En agglomération,Intersection en T,Normale,Deux véhicules - côté,,,,,,,,,,,4,2,3,1.0,3.0
201000022345,0010-10-09 09:50:00,10,10,9,9,50,130,55,"1, RUE ADOLPHE THIERS",,,Plein jour,En agglomération,Hors intersection,Normale,Sans collision,,,,,,,,,,,1,2,1,1.0,7.0
201000022346,0010-08-18 14:30:00,10,8,18,14,30,130,55,"100, AVE DE LA CORSE",43.2893,5.3576,Plein jour,En agglomération,Intersection en T,Normale,Deux véhicules - côté,,,,,,,,,,,1,2,3,1.0,3.0
201000022347,0010-09-25 19:45:00,10,9,25,19,45,130,55,"135, RUE D ENDOUME",,,Nuit avec éclairage allumé,En agglomération,Intersection en X,Normale,Autre collision,,,,,,,,,,,5,2,2,1.0,6.0
201000022348,0010-10-01 14:10:00,10,10,1,14,10,130,55,"193, BD DE LA LIBERATION",,,Plein jour,En agglomération,Hors intersection,Normale,Autre collision,,,,,,,,,,,1,2,1,1.0,6.0
201000022349,0010-10-13 16:45:00,10,10,13,16,45,130,55,"27, RUE ADOLPHE THIERS",,,Plein jour,En agglomération,Hors intersection,Normale,Autre collision,,,,,,,,,,,1,2,1,1.0,6.0
201000022350,0010-10-14 13:00:00,10,10,14,13,0,130,55,"28, ALL LEON GAMBETTA",,,Plein jour,En agglomération,Hors intersection,Normale,Deux véhicules - côté,,,,,,,,,,,1,2,1,1.0,3.0
201000022351,0010-11-06 05:30:00,10,11,6,5,30,130,55,"36, BD HENRI BARNIER",,,Nuit sans éclairage public,En agglomération,Giratoire,Normale,Sans collision,,,,,,,,,,,3,2,6,1.0,7.0
201000022352,0010-10-29 10:15:00,10,10,29,10,15,130,55,CHE DU MERLAN A LA ROSE,,,Plein jour,En agglomération,Intersection en T,Normale,Autre collision,,,,,,,,,,,1,2,3,1.0,6.0
201000022353,0010-10-23 15:30:00,10,10,23,15,30,130,55,"86, RUE DE LYON",,,Plein jour,En agglomération,Hors intersection,Normale,Autre collision,,,,,,,,,,,1,2,1,1.0,6.0
201000022354,0010-10-13 12:25:00,10,10,13,12,25,130,55,"34, BD DU CAPITAINE GEZE",,,Plein jour,En agglomération,Hors intersection,Normale,Deux véhicules - côté,,,,,,,,,,,1,2,1,1.0,3.0
201000022355,0010-10-20 12:15:00,10,10,20,12,15,130,55,"27, BD DE LA REVOLUTION",,,Plein jour,En agglomération,Hors intersection,Normale,Autre collision,,,,,,,,,,,1,2,1,1.0,6.0
201000022356,0010-10-25 09:50:00,10,10,25,9,50,130,55,"1, AVE DE LA MAGALONE",,,Plein jour,En agglomération,Hors intersection,Vent fort / tempête,Autre collision,,,,,,,,,,,1,2,1,6.0,6.0
201000022357,0010-11-03 17:30:00,10,11,3,17,30,130,55,"282, BD MIREILLE LAUZE",,,Crépuscule ou aube,En agglomération,Hors intersection,Normale,Autre collision,,,,,,,,,,,2,2,1,1.0,6.0
201000022358,0010-10-24 21:00:00,10,10,24,21,0,130,55,"484, AVE DE MAZARGUES",,,Nuit avec éclairage allumé,En agglomération,Hors intersection,Pluie forte,Deux véhicules - côté,,,,,,,,,,,5,2,1,3.0,3.0
201000022359,0010-10-24 00:35:00,10,10,24,0,35,130,55,RTE LEON LACHAMP,43.2368,5.50476,Nuit sans éclairage public,En agglomération,Hors intersection,Normale,Sans collision,,,,,,,,,,,3,2,1,1.0,7.0
201000022360,0010-10-30 17:15:00,10,10,30,17,15,130,55,"278, VSN SAINT ANTOINE (",,,Plein jour,En agglomération,Hors intersection,Pluie forte,Deux véhicules - arrière,,,,,,,,,,,1,2,1,3.0,2.0
201000022361,0010-10-29 14:15:00,10,10,29,14,15,130,55,"192, CHE DE LA MADRAGUE",,,Plein jour,En agglomération,Hors intersection,Normale,Deux véhicules - arrière,,,,,,,,,,,1,2,1,1.0,2.0
201000022362,0010-10-12 12:15:00,10,10,12,12,15,130,55,"327, BD MICHELET",,,Plein jour,En agglomération,Hors intersection,Normale,Deux véhicules - arrière,,,,,,,,,,,1,2,1,1.0,2.0
201000022363,0010-11-09 08:45:00,10,11,9,8,45,130,55,"00, CRS FRANKLIN ROOSEVE",,,Plein jour,En agglomération,Hors intersection,Normale,Autre collision,,,,,,,,,,,1,2,1,1.0,6.0
201000022364,0010-11-09 18:40:00,10,11,9,18,40,130,55,"172, RUE DU CAMAS",,,Nuit avec éclairage non allumé,En agglomération,Intersection en X,Normale,Autre collision,,,,,,,,,,,4,2,2,1.0,6.0
201000022365,0010-11-04 15:15:00,10,11,4,15,15,130,55,"230, AVE DE TOULON",,,Plein jour,En agglomération,Hors intersection,Normale,Deux véhicules - côté,,,,,,,,,,,1,2,1,1.0,3.0
201000022366,0010-11-05 16:10:00,10,11,5,16,10,130,55,"269, AVE DE LA CAPELETTE",,,Plein jour,En agglomération,Hors intersection,Normale,Deux véhicules - côté,,,,,,,,,,,1,2,1,1.0,3.0
201000022367,0010-10-29 13:55:00,10,10,29,13,55,130,55,"8, BD SACCOMAN",,,Plein jour,En agglomération,Intersection en X,Normale,Deux véhicules - côté,,,,,,,,,,,1,2,2,1.0,3.0
201000022368,0010-02-22 12:20:00,10,2,22,12,20,130,55,"247, CHE DE LA MADRAGUE",,,Plein jour,En agglomération,Hors intersection,Normale,Deux véhicules - côté,,,,,,,,,,,1,2,1,1.0,3.0
201000022369,0010-11-06 01:00:00,10,11,6,1,0,130,55,BD JEAN MOULIN,,,Nuit avec éclairage allumé,En agglomération,Hors intersection,Normale,Deux véhicules - côté,,,,,,,,,,,5,2,1,1.0,3.0
201000022370,0010-10-19 14:25:00,10,10,19,14,25,130,55,"8, RUE WULFRAM PUGET",,,Plein jour,En agglomération,Hors intersection,Normale,Autre collision,,,,,,,,,,,1,2,1,1.0,6.0
201000022371,0010-10-22 12:30:00,10,10,22,12,30,130,55,"1, TRA DE LA GAYE",,,Plein jour,Hors agglomération,Hors intersection,Normale,Autre collision,,,,,,,,,,,1,1,1,1.0,6.0
201000022372,0010-11-02 11:10:00,10,11,2,11,10,130,55,"189, BD ROMAIN ROLLAND",,,Plein jour,En agglomération,Hors intersection,Normale,Deux véhicules - arrière,,,,,,,,,,,1,2,1,1.0,2.0
201000022373,0010-10-10 22:00:00,10,10,10,22,0,130,55,AVE DE SAINT JUST,,,Nuit avec éclairage allumé,En agglomération,Intersection en T,Temps couvert,Deux véhicules - côté,,,,,,,,,,,5,2,3,8.0,3.0
201000022374,0010-10-30 19:10:00,10,10,30,19,10,130,55,"1, CHE DE GIBBES",,,Nuit avec éclairage allumé,En agglomération,Intersection en T,Pluie forte,Deux véhicules - côté,,,,,,,,,,,5,2,3,3.0,3.0
201000022375,0010-10-26 09:00:00,10,10,26,9,0,130,55,"112, CHE DE LA COLLINE S",,,Plein jour,En agglomération,Hors intersection,Normale,Deux véhicules - côté,,,,,,,,,,,1,2,1,1.0,3.0
201000022376,0010-10-30 02:00:00,10,10,30,2,0,130,55,"1, PAL BOULEVARD RABATAU",,,Nuit avec éclairage allumé,En agglomération,Hors intersection,Normale,Deux véhicules - côté,,,,,,,,,,,5,2,1,1.0,3.0
201000022377,0010-11-04 14:30:00,10,11,4,14,30,130,55,"1, BD DE L' HUVEAUNE",,,Plein jour,En agglomération,Hors intersection,Normale,Autre collision,,,,,,,,,,,1,2,1,1.0,6.0
201000022378,0010-11-05 16:45:00,10,11,5,16,45,130,55,"110, BD DE SAINT LOUP",,,Crépuscule ou aube,En agglomération,Hors intersection,Normale,Deux véhicules - frontale,,,,,,,,,,,2,2,1,1.0,1.0
201000022379,0010-11-15 14:50:00,10,11,15,14,50,130,55,RTE LEON LACHAMP,43.2368,5.50475,Plein jour,En agglomération,Hors intersection,Temps couvert,Autre collision,,,,,,,,,,,1,2,1,8.0,6.0
201000022380,0010-11-05 19:40:00,10,11,5,19,40,130,55,"28, VOL PLOMBIERES FERDI",,,Nuit sans éclairage public,En agglomération,Hors intersection,Normale,Trois véhicules et plus - en chaîne,,,,,,,,,,,3,2,1,1.0,4.0
201000022381,0010-08-18 12:00:00,10,8,18,12,0,130,55,"25, BD GEORGES CLEMENCEA",,,Plein jour,En agglomération,Hors intersection,Normale,Autre collision,,,,,,,,,,,1,2,1,1.0,6.0
201000022382,0010-11-15 19:45:00,10,11,15,19,45,130,55,"95, BD SAKAKINI",,,Nuit avec éclairage allumé,En agglomération,Hors intersection,Normale,Autre collision,,,,,,,,,,,5,2,1,1.0,6.0
201000022383,0010-11-11 20:00:00,10,11,11,20,0,130,55,"0, AVE ALEXANDRE FLEMING",,,Nuit avec éclairage allumé,En agglomération,Hors intersection,Normale,Autre collision,,,,,,,,,,,5,2,1,1.0,6.0
201000022384,0010-07-29 18:40:00,10,7,29,18,40,130,55,"93, BD FRANCOISE DUPARC",,,Plein jour,En agglomération,Hors intersection,Normale,Deux véhicules - arrière,,,,,,,,,,,1,2,1,1.0,2.0
201000022385,0010-11-11 22:00:00,10,11,11,22,0,130,55,"152, RUE PARADIS",,,Nuit avec éclairage allumé,En agglomération,Hors intersection,Normale,Deux véhicules - côté,,,,,,,,,,,5,2,1,1.0,3.0
201000022386,0010-10-09 20:00:00,10,10,9,20,0,130,55,"52854, AVE JEAN PAUL SAR",,,Nuit avec éclairage non allumé,En agglomération,Hors intersection,Normale,Trois véhicules et plus - en chaîne,,,,,,,,,,,4,2,1,1.0,4.0
201000022387,0010-11-03 11:50:00,10,11,3,11,50,130,2,GUSTAVE RAMBERT (BOULEVA,,,Plein jour,Hors agglomération,Hors intersection,Normale,Sans collision,,,,,,,,,,,1,1,1,1.0,7.0
201000022388,0010-11-06 18:20:00,10,11,6,18,20,130,55,"43, BD RABATAU",,,Plein jour,En agglomération,Hors intersection,Normale,Deux véhicules - côté,,,,,,,,,,,1,2,1,1.0,3.0
201000022389,0010-11-06 11:20:00,10,11,6,11,20,130,75,"106, FREDERIC MISTRAL (A",,,Plein jour,En agglomération,Hors intersection,Normale,Sans collision,,,,,,,,,,,1,2,1,1.0,7.0
201000022390,0010-10-14 16:00:00,10,10,14,16,0,130,55,"00, CHE HENRI BEYLE",,,Plein jour,En agglomération,Hors intersection,Normale,Autre collision,,,,,,,,,,,1,2,1,1.0,6.0
201000022391,0010-10-27 19:30:00,10,10,27,19,30,130,55,"00, BD DU CAPITAINE GEZE",,,Nuit avec éclairage allumé,En agglomération,Hors intersection,Normale,Autre collision,,,,,,,,,,,5,2,1,1.0,6.0
201000022392,0010-11-12 16:15:00,10,11,12,16,15,130,55,"14, PCE BOUGAINVILLE",,,Plein jour,En agglomération,Place,Normale,Deux véhicules - côté,,,,,,,,,,,1,2,7,1.0,3.0
201000022393,0010-11-14 10:45:00,10,11,14,10,45,130,55,"2, AVE DU CAP PINEDE ROC",,,Plein jour,En agglomération,Hors intersection,Normale,Autre collision,,,,,,,,,,,1,2,1,1.0,6.0
201000022394,0010-09-02 19:45:00,10,9,2,19,45,130,55,"5, BD BERNEX",,,Plein jour,En agglomération,Hors intersection,Normale,Autre collision,,,,,,,,,,,1,2,1,1.0,6.0
201000022395,0010-09-10 22:10:00,10,9,10,22,10,130,55,"24, BD DE LA LIBERATION",,,Nuit avec éclairage allumé,En agglomération,Intersection en T,Normale,Deux véhicules - frontale,,,,,,,,,,,5,2,3,1.0,1.0
201000022396,0010-10-29 15:35:00,10,10,29,15,35,130,2,"172, GENERAL MONTSABERT",,,Plein jour,En agglomération,Hors intersection,Normale,Deux véhicules - côté,,,,,,,,,,,1,2,1,1.0,3.0
201000022397,0010-11-07 13:00:00,10,11,7,13,0,130,2,CD46A (DE PICHAURIS A GR,,,Plein jour,Hors agglomération,Hors intersection,Normale,Sans collision,,,,,,,,,,,1,1,1,1.0,7.0
201000022398,0010-11-08 17:00:00,10,11,8,17,0,130,2,"838, ETIENNE CUCCA-CD908",43.3636,5.49597,Nuit avec éclairage allumé,En agglomération,Hors intersection,Pluie légère,Autre collision,,,,,,,,,,,5,2,1,2.0,6.0
201000022399,0010-11-03 14:45:00,10,11,3,14,45,130,55,BD DU MARECHAL JUIN,,,Plein jour,En agglomération,Hors intersection,Normale,Deux véhicules - côté,,,,,,,,,,,1,2,1,1.0,3.0
201000022400,0010-11-14 16:20:00,10,11,14,16,20,130,55,"13, RUE JEANNE DE CHANTA",,,Plein jour,En agglomération,Hors intersection,Normale,Sans collision,,,,,,,,,,,1,2,1,1.0,7.0
201000022401,0010-05-17 18:50:00,10,5,17,18,50,130,55,"96, BD DE SAINT LOUP",,,Plein jour,En agglomération,Hors intersection,Normale,Deux véhicules - arrière,,,,,,,,,,,1,2,1,1.0,2.0
201000022402,0010-11-10 13:25:00,10,11,10,13,25,130,55,"137, BD DE PONT DE VIVAU",,,Plein jour,En agglomération,Hors intersection,Normale,Autre collision,,,,,,,,,,,1,2,1,1.0,6.0
201000022403,0010-10-28 15:15:00,10,10,28,15,15,130,55,"23, CHE DES AURENGUES",,,Plein jour,En agglomération,Hors intersection,Normale,Deux véhicules - frontale,,,,,,,,,,,1,2,1,1.0,1.0
201000022404,0010-11-11 19:30:00,10,11,11,19,30,130,55,"572, CHE DU LITTORAL",,,Nuit avec éclairage allumé,En agglomération,Hors intersection,Normale,Deux véhicules - côté,,,,,,,,,,,5,2,1,1.0,3.0
201000022405,0010-09-23 01:30:00,10,9,23,1,30,130,55,"107, BD SAKAKINI",,,Nuit sans éclairage public,En agglomération,Intersection en X,Normale,Deux véhicules - arrière,,,,,,,,,,,3,2,2,1.0,2.0
201000022406,0010-08-18 21:00:00,10,8,18,21,0,130,55,"190, RUE DE ROME",,,Crépuscule ou aube,En agglomération,Hors intersection,Normale,Deux véhicules - côté,,,,,,,,,,,2,2,1,1.0,3.0
201000022407,0010-11-18 21:00:00,10,11,18,21,0,130,55,"69, AVE DE LA CAPELETTE",43.2828,5.40225,Nuit avec éclairage allumé,En agglomération,Intersection en X,Normale,Deux véhicules - côté,,,,,,,,,,,5,2,2,1.0,3.0
201000022408,0010-11-18 21:20:00,10,11,18,21,20,130,75,"00, PROVENCE (BD DE)",,,Nuit avec éclairage allumé,Hors agglomération,Hors intersection,Normale,Autre collision,,,,,,,,,,,5,1,1,1.0,6.0
201000022409,0010-10-29 13:40:00,10,10,29,13,40,130,55,PCE GUICHARD,,,Plein jour,En agglomération,Intersection en T,Normale,Autre collision,,,,,,,,,,,1,2,3,1.0,6.0
201000022410,0010-09-23 17:00:00,10,9,23,17,0,130,55,"200, RUE DE LYON",,,Plein jour,En agglomération,Hors intersection,Normale,Autre collision,,,,,,,,,,,1,2,1,1.0,6.0
201000022411,0010-11-11 20:00:00,10,11,11,20,0,130,55,"00, RTE DE LA VALENTINE",,,Nuit avec éclairage non allumé,En agglomération,Hors intersection,Normale,Autre collision,,,,,,,,,,,4,2,1,1.0,6.0
201000022412,0010-11-04 19:30:00,10,11,4,19,30,130,55,"00, PCE ERNEST DELIBES",,,Nuit avec éclairage allumé,En agglomération,Hors intersection,Normale,Autre collision,,,,,,,,,,,5,2,1,1.0,6.0
201000022413,0010-09-17 07:30:00,10,9,17,7,30,130,55,"00, BD DE LA VALBARELLE",,,Plein jour,En agglomération,Hors intersection,Normale,Autre collision,,,,,,,,,,,1,2,1,1.0,6.0
201000022414,0010-10-24 15:30:00,10,10,24,15,30,130,55,"00, RUE LEON BANCAL",,,Plein jour,En agglomération,Hors intersection,Normale,Autre collision,,,,,,,,,,,1,2,1,1.0,6.0
201000022415,0010-11-04 10:30:00,10,11,4,10,30,130,55,"0, AVE PIERRE MENDES FRA",,,Plein jour,En agglomération,Hors intersection,Normale,Autre collision,,,,,,,,,,,1,2,1,1.0,6.0
201000022416,0010-11-05 11:25:00,10,11,5,11,25,130,55,"73, BD DE SAINT MARCEL",,,Plein jour,En agglomération,Hors intersection,Normale,Deux véhicules - côté,,,,,,,,,,,1,2,1,1.0,3.0
201000022417,0010-11-03 19:15:00,10,11,3,19,15,130,55,"7, RUE DU DOCTEUR GIRBAL",,,Nuit avec éclairage allumé,En agglomération,Hors intersection,Normale,Deux véhicules - côté,,,,,,,,,,,5,2,1,1.0,3.0
201000022418,0010-11-13 11:10:00,10,11,13,11,10,130,55,"36, BD DE SAINT MARCEL",,,Plein jour,En agglomération,Hors intersection,Normale,Deux véhicules - côté,,,,,,,,,,,1,2,1,1.0,3.0
201000022419,0010-11-06 19:35:00,10,11,6,19,35,130,55,"350, CV DE MORGIOU",,,Nuit avec éclairage allumé,En agglomération,Hors intersection,Normale,Autre collision,,,,,,,,,,,5,2,1,1.0,6.0
201000022420,0010-09-02 08:15:00,10,9,2,8,15,130,55,"24, RUE JEAN GIONO",,,Plein jour,En agglomération,Hors intersection,Normale,Trois véhicules et plus - en chaîne,,,,,,,,,,,1,2,1,1.0,4.0
201000022421,0010-11-02 20:00:00,10,11,2,20,0,130,55,"37, RUE FRANCOIS MAURIAC",,,Nuit avec éclairage allumé,En agglomération,Hors intersection,Normale,Deux véhicules - côté,,,,,,,,,,,5,2,1,1.0,3.0
201000022422,0010-10-27 14:20:00,10,10,27,14,20,130,55,"126, BD DE BEAUMONT",,,Plein jour,En agglomération,Hors intersection,Normale,Autre collision,,,,,,,,,,,1,2,1,1.0,6.0
201000022423,0010-11-04 12:20:00,10,11,4,12,20,130,55,"49, AVE JEAN LOMBARD",,,Plein jour,En agglomération,Intersection en T,Normale,Deux véhicules - frontale,,,,,,,,,,,1,2,3,1.0,1.0
201000022424,0010-10-10 18:15:00,10,10,10,18,15,130,55,"1, RUE DES DOMINICAINES",43.3001,5.3764,Crépuscule ou aube,En agglomération,Intersection en T,Normale,Deux véhicules - arrière,,,,,,,,,,,2,2,3,1.0,2.0
201000022425,0010-08-03 17:00:00,10,8,3,17,0,130,55,"226, AVE DE SAINT ANTOIN",,,Plein jour,En agglomération,Hors intersection,Normale,Autre collision,,,,,,,,,,,1,2,1,1.0,6.0
201000022426,0010-08-30 10:50:00,10,8,30,10,50,130,55,"00, AVE DES AYGALADES",,,Plein jour,En agglomération,Hors intersection,Normale,Autre collision,,,,,,,,,,,1,2,1,1.0,6.0