accident_id,datetime,annee,mois,jour,heure,minute,departement,commune_insee,adresse,latitude,longitude,luminosite,agglomeration,intersection,meteo,collision,nb_vehicules,nb_usagers,nb_indemnes,nb_tues,nb_blesses_hosp,nb_blesses_legers,age_cond_1,age_cond_2,veh_type_cond_1,veh_type_cond_2,lum_code,agg_code,int_code,atm_code,col_code
201000022678,0010-04-27 13:30:00,10,4,27,13,30,130,55,"00, AVE JEAN PAUL SARTRE",,,Plein jour,En agglomération,Hors intersection,Normale,Sans collision,,,,,,,,,,,1,2,1,1.0,7.0
201000022679,0010-10-06 15:05:00,10,10,6,15,5,130,55,"49, TRA CAPRON",,,Plein jour,En agglomération,Intersection en T,Normale,Deux véhicules - côté,,,,,,,,,,,1,2,3,1.0,3.0
201000022680,0010-12-13 16:00:00,10,12,13,16,0,130,55,"42, RUE EMILE ZOLA",,,Plein jour,En agglomération,Hors intersection,Normale,Autre collision,,,,,,,,,,,1,2,1,1.0,6.0
201000022681,0010-12-16 12:15:00,10,12,16,12,15,130,55,"215, AVE DE MAZARGUES",,,Plein jour,En agglomération,Hors intersection,Normale,Deux véhicules - côté,,,,,,,,,,,1,2,1,1.0,3.0
201000022682,0010-12-20 12:00:00,10,12,20,12,0,130,55,"31, ALL TURCAT MERY",,,Plein jour,En agglomération,Hors intersection,Normale,Deux véhicules - côté,,,,,,,,,,,1,2,1,1.0,3.0
201000022683,0010-12-17 18:10:00,10,12,17,18,10,130,55,"21, RUE COLBERT",,,Nuit avec éclairage allumé,En agglomération,Intersection en Y,Normale,Deux véhicules - côté,,,,,,,,,,,5,2,4,1.0,3.0
201000022684,0010-12-04 20:15:00,10,12,4,20,15,130,55,"72, RUE BRETEUIL",,,Nuit avec éclairage allumé,En agglomération,Hors intersection,Normale,Deux véhicules - côté,,,,,,,,,,,5,2,1,1.0,3.0
201000022685,0010-10-28 16:05:00,10,10,28,16,5,130,55,"185, RUE DE LYON",,,Plein jour,En agglomération,Hors intersection,Normale,Deux véhicules - côté,,,,,,,,,,,1,2,1,1.0,3.0
201000022686,0010-11-03 16:40:00,10,11,3,16,40,130,55,"21, AVE DU PRADO",,,Plein jour,En agglomération,Hors intersection,Normale,Deux véhicules - arrière,,,,,,,,,,,1,2,1,1.0,2.0
201000022687,0010-11-21 18:00:00,10,11,21,18,0,130,55,"103, BD SAKAKINI",,,Nuit avec éclairage allumé,En agglomération,Hors intersection,Pluie forte,Trois véhicules et plus - en chaîne,,,,,,,,,,,5,2,1,3.0,4.0
201000022688,0010-11-29 19:45:00,10,11,29,19,45,130,55,"151, BD DE LA BLANCARDE",,,Nuit avec éclairage allumé,En agglomération,Hors intersection,Normale,Autre collision,,,,,,,,,,,5,2,1,1.0,6.0
201000022689,0010-11-05 17:00:00,10,11,5,17,0,130,55,"130, CRS LIEUTAUD",,,Plein jour,En agglomération,Hors intersection,Normale,Deux véhicules - côté,,,,,,,,,,,1,2,1,1.0,3.0
201000022690,0010-12-19 11:30:00,10,12,19,11,30,130,55,"654, CHE DU LITTORAL",,,Plein jour,En agglomération,Hors intersection,Normale,Deux véhicules - côté,,,,,,,,,,,1,2,1,1.0,3.0
201000022691,0010-11-27 15:40:00,10,11,27,15,40,130,55,"04, RUE BERNEX",,,Plein jour,En agglomération,Intersection en X,Pluie forte,Autre collision,,,,,,,,,,,1,2,2,3.0,6.0
201000022692,0010-12-17 13:30:00,10,12,17,13,30,130,55,"00, AVE DU PRADO",,,Plein jour,En agglomération,Hors intersection,Normale,Autre collision,,,,,,,,,,,1,2,1,1.0,6.0
201000022693,0010-12-22 13:45:00,10,12,22,13,45,130,55,"33, RUE CADE",,,Plein jour,En agglomération,Intersection en T,Temps couvert,Deux véhicules - côté,,,,,,,,,,,1,2,3,8.0,3.0
201000022694,0010-12-17 13:40:00,10,12,17,13,40,130,55,"244, AVE DU PRADO",,,Plein jour,En agglomération,Hors intersection,Temps couvert,Deux véhicules - côté,,,,,,,,,,,1,2,1,8.0,3.0
201000022695,0010-12-09 08:20:00,10,12,9,8,20,130,55,"00, BD DU MARECHAL JUIN",,,Plein jour,En agglomération,Hors intersection,Normale,Autre collision,,,,,,,,,,,1,2,1,1.0,6.0
201000022696,0010-12-22 08:20:00,10,12,22,8,20,130,55,"00, RUE DE ROME",,,Plein jour,En agglomération,Hors intersection,Normale,Autre collision,,,,,,,,,,,1,2,1,1.0,6.0
201000022697,0010-12-30 17:30:00,10,12,30,17,30,130,55,"93, CHE DES BOURRELY",,,Nuit avec éclairage allumé,En agglomération,Hors intersection,Normale,Autre collision,,,,,,,,,,,5,2,1,1.0,6.0
201000022698,0010-12-30 20:40:00,10,12,30,20,40,130,55,"78, BD SAKAKINI",,,Nuit avec éclairage allumé,En agglomération,Hors intersection,Normale,Autre collision,,,,,,,,,,,5,2,1,1.0,6.0
201000022699,0010-10-20 09:00:00,10,10,20,9,0,130,55,"27, BD DUGOMMIER",,,Plein jour,En agglomération,Intersection en T,Normale,Autre collision,,,,,,,,,,,1,2,3,1.0,6.0
201000022700,0010-12-14 14:40:00,10,12,14,14,40,130,55,"48, AVE DU MARECHAL FOCH",,,Plein jour,En agglomération,Intersection en X,Normale,Deux véhicules - côté,,,,,,,,,,,1,2,2,1.0,3.0
201000022701,0010-12-17 11:00:00,10,12,17,11,0,130,55,"142, RUE DE ROME",,,Plein jour,En agglomération,Hors intersection,Normale,Deux véhicules - côté,,,,,,,,,,,1,2,1,1.0,3.0
201000022702,0010-12-21 18:20:00,10,12,21,18,20,130,55,RUE PARADIS,,,Nuit avec éclairage allumé,En agglomération,Hors intersection,Pluie forte,Deux véhicules - côté,,,,,,,,,,,5,2,1,3.0,3.0
201000022703,0010-12-12 16:40:00,10,12,12,16,40,130,55,"191, BD BAILLE",,,Plein jour,En agglomération,Hors intersection,Normale,Sans collision,,,,,,,,,,,1,2,1,1.0,7.0
201000022704,0010-11-19 00:25:00,10,11,19,0,25,130,55,RUE DU CHANTIER,,,Nuit avec éclairage allumé,En agglomération,Intersection en X,Normale,Deux véhicules - côté,,,,,,,,,,,5,2,2,1.0,3.0
201000022705,0010-12-10 14:50:00,10,12,10,14,50,130,55,"10, PCE DES MARSEILLAISE",,,Plein jour,En agglomération,Intersection en X,Normale,Deux véhicules - côté,,,,,,,,,,,1,2,2,1.0,3.0
201000022706,0010-12-10 12:05:00,10,12,10,12,5,130,55,"138, CRS LIEUTAUD",,,Plein jour,En agglomération,Hors intersection,Normale,Deux véhicules - arrière,,,,,,,,,,,1,2,1,1.0,2.0
201000022707,0010-12-14 10:20:00,10,12,14,10,20,130,55,"106, AVE DES CHARTREUX",,,Plein jour,En agglomération,Intersection en X,Normale,Deux véhicules - côté,,,,,,,,,,,1,2,2,1.0,3.0
201000022708,0010-09-18 07:40:00,10,9,18,7,40,130,55,BD SAKAKINI,,,Crépuscule ou aube,En agglomération,Hors intersection,Normale,Autre collision,,,,,,,,,,,2,2,1,1.0,6.0
201000022709,0010-12-15 18:45:00,10,12,15,18,45,130,55,"183, BD BAILLE",,,Nuit avec éclairage allumé,En agglomération,Intersection en X,Normale,Deux véhicules - côté,,,,,,,,,,,5,2,2,1.0,3.0
201000022710,0010-12-07 09:15:00,10,12,7,9,15,130,55,"32, BD CAMILLE FLAMMARIO",,,Plein jour,En agglomération,Hors intersection,Normale,Deux véhicules - côté,,,,,,,,,,,1,2,1,1.0,3.0
201000022711,0010-12-03 14:20:00,10,12,3,14,20,130,55,"00, PCE CASTELLANE",,,Plein jour,En agglomération,Hors intersection,Normale,Autre collision,,,,,,,,,,,1,2,1,1.0,6.0
201000022712,0010-11-30 17:15:00,10,11,30,17,15,130,55,"23, BD CHARLES NEDELEC",,,Plein jour,En agglomération,Intersection en T,Normale,Deux véhicules - côté,,,,,,,,,,,1,2,3,1.0,3.0
201000022713,0010-12-07 19:30:00,10,12,7,19,30,130,55,"75, RUE D' ITALIE",,,Nuit avec éclairage allumé,En agglomération,Intersection en T,Normale,Deux véhicules - côté,,,,,,,,,,,5,2,3,1.0,3.0
201000022714,0010-12-24 11:40:00,10,12,24,11,40,130,55,"56, BD JEANNE D' ARC",,,Plein jour,Hors agglomération,Hors intersection,Normale,Autre collision,,,,,,,,,,,1,1,1,1.0,6.0
201000022715,0010-10-21 19:50:00,10,10,21,19,50,130,55,"166, BD RABATAU",,,Nuit sans éclairage public,En agglomération,Hors intersection,Normale,Deux véhicules - arrière,,,,,,,,,,,3,2,1,1.0,2.0
201000022716,0010-01-02 22:30:00,10,1,2,22,30,130,55,"45, RUE SAINTE FRANCOISE",,,Nuit avec éclairage allumé,En agglomération,Hors intersection,Normale,Sans collision,,,,,,,,,,,5,2,1,1.0,7.0
201000022717,0010-01-04 18:00:00,10,1,4,18,0,130,55,"42, AVE SAINT PAUL",,,Nuit avec éclairage allumé,En agglomération,Hors intersection,Normale,Autre collision,,,,,,,,,,,5,2,1,1.0,6.0
201000022718,0010-01-07 12:15:00,10,1,7,12,15,130,202,"27, DAMES (BOULEVARD DES",,,Plein jour,En agglomération,Hors intersection,Normale,Deux véhicules - côté,,,,,,,,,,,1,2,1,1.0,3.0
201000022719,0010-01-10 12:20:00,10,1,10,12,20,130,202,PONTEVES (RUE DE),,,Plein jour,En agglomération,Intersection en X,Normale,Deux véhicules - côté,,,,,,,,,,,1,2,2,1.0,3.0
201000022720,0010-01-10 03:00:00,10,1,10,3,0,130,203,"84, PLOMBIERES (BOULEVAR",,,Nuit avec éclairage allumé,En agglomération,Hors intersection,Pluie légère,Deux véhicules - frontale,,,,,,,,,,,5,2,1,2.0,1.0
201000022721,0010-01-12 08:30:00,10,1,12,8,30,130,202,"15, ROBERT SCHUMANN (AVE",,,Plein jour,En agglomération,Hors intersection,Normale,Autre collision,,,,,,,,,,,1,2,1,1.0,6.0
201000022722,0010-01-12 19:15:00,10,1,12,19,15,130,214,"7, MERLAN (AVENUE)",,,Nuit avec éclairage allumé,En agglomération,Hors intersection,Pluie légère,Deux véhicules - côté,,,,,,,,,,,5,2,1,2.0,3.0
201000022723,0010-01-17 18:00:00,10,1,17,18,0,130,55,"83, CHE DE CHATEAU GOMBE",,,Nuit avec éclairage allumé,En agglomération,Hors intersection,Normale,Deux véhicules - arrière,,,,,,,,,,,5,2,1,1.0,2.0
201000022724,0010-01-21 18:50:00,10,1,21,18,50,130,55,AVE DE SAINT LOUIS,,,Nuit avec éclairage allumé,En agglomération,Hors intersection,Normale,Autre collision,,,,,,,,,,,5,2,1,1.0,6.0
201000022725,0010-01-21 21:30:00,10,1,21,21,30,130,203,"137, PLOMBIERES (BOULEVA",,,Nuit avec éclairage allumé,En agglomération,Hors intersection,Normale,Deux véhicules - arrière,,,,,,,,,,,5,2,1,1.0,2.0
201000022726,0010-01-22 16:25:00,10,1,22,16,25,130,55,"12, PCE BOUGAINVILLE",,,Plein jour,En agglomération,Intersection en T,Normale,Deux véhicules - côté,,,,,,,,,,,1,2,3,1.0,3.0
201000022727,0010-01-22 21:30:00,10,1,22,21,30,130,213,"105, SAINT JEROME (AVENU",,,Nuit avec éclairage allumé,En agglomération,Hors intersection,Normale,Deux véhicules - côté,,,,,,,,,,,5,2,1,1.0,3.0
201000022728,0010-01-23 13:20:00,10,1,23,13,20,130,55,"?, RPT VALLON VERT MARCE",,,Plein jour,En agglomération,Giratoire,Normale,Deux véhicules - côté,,,,,,,,,,,1,2,6,1.0,3.0
201000022729,0010-01-24 22:45:00,10,1,24,22,45,130,214,"00, PLOMBIERES (BOULEVAR",,,Nuit avec éclairage allumé,En agglomération,Hors intersection,Normale,Deux véhicules - frontale,,,,,,,,,,,5,2,1,1.0,1.0
201000022730,0010-01-01 01:25:00,10,1,1,1,25,130,201,"49, CANEBIERE     1 A 79",,,Nuit avec éclairage allumé,En agglomération,Hors intersection,Pluie légère,Autre collision,,,,,,,,,,,5,2,1,2.0,6.0
201000022731,0010-01-04 18:15:00,10,1,4,18,15,130,205,"115, BAILLE (BOULEVARD)",,,Nuit avec éclairage allumé,En agglomération,Hors intersection,Normale,Deux véhicules - côté,,,,,,,,,,,5,2,1,1.0,3.0
201000022732,0010-01-05 13:30:00,10,1,5,13,30,130,201,"1, LIBERATION (BOULEVARD",,,Plein jour,En agglomération,Hors intersection,Normale,Autre collision,,,,,,,,,,,1,2,1,1.0,6.0
201000022733,0010-01-06 13:50:00,10,1,6,13,50,130,201,"19, CANEBIERE    2 A 26",,,Plein jour,En agglomération,Hors intersection,Normale,Autre collision,,,,,,,,,,,1,2,1,1.0,6.0
201000022734,0010-01-06 18:50:00,10,1,6,18,50,130,205,"VAV107, SAKAKINI (BOULEV",,,Nuit avec éclairage allumé,En agglomération,Hors intersection,Normale,Deux véhicules - arrière,,,,,,,,,,,5,2,1,1.0,2.0
201000022735,0010-01-08 06:45:00,10,1,8,6,45,130,205,"147, BAILLE (BOULEVARD)",,,Nuit avec éclairage allumé,En agglomération,Hors intersection,Pluie légère,Deux véhicules - côté,,,,,,,,,,,5,2,1,2.0,3.0
201000022736,0010-01-08 23:40:00,10,1,8,23,40,130,55,"30, ESPERANDIEU (RUE)",43.3042,5.3926,Nuit avec éclairage allumé,En agglomération,Intersection en X,Normale,Deux véhicules - côté,,,,,,,,,,,5,2,2,1.0,3.0
201000022737,0010-01-10 04:45:00,10,1,10,4,45,130,204,"12, SAKAKINI (BOULEVARD)",,,Nuit avec éclairage allumé,En agglomération,Hors intersection,Normale,Deux véhicules - arrière,,,,,,,,,,,5,2,1,1.0,2.0
201000022738,0010-01-14 12:40:00,10,1,14,12,40,130,204,"8BIS, CASSINI (BOULEVARD",,,Plein jour,En agglomération,Hors intersection,Pluie forte,Autre collision,,,,,,,,,,,1,2,1,3.0,6.0
201000022739,0010-01-14 22:25:00,10,1,14,22,25,130,205,"92, CHAVE (BOULEVARD)",,,Nuit avec éclairage allumé,En agglomération,Hors intersection,Normale,Autre collision,,,,,,,,,,,5,2,1,1.0,6.0
201000022740,0010-01-15 11:30:00,10,1,15,11,30,130,205,"165, BAILLE (BOULEVARD)",,,Plein jour,En agglomération,Hors intersection,Normale,Deux véhicules - côté,,,,,,,,,,,1,2,1,1.0,3.0
201000022741,0010-01-19 13:54:00,10,1,19,13,54,130,204,"7, JEANNE DE CHANTAL (RU",,,Plein jour,En agglomération,Hors intersection,Normale,Autre collision,,,,,,,,,,,1,2,1,1.0,6.0
201000022742,0010-01-19 22:45:00,10,1,19,22,45,130,205,"171, BAILLE (BOULEVARD)",,,Nuit avec éclairage allumé,En agglomération,Hors intersection,Normale,Deux véhicules - arrière,,,,,,,,,,,5,2,1,1.0,2.0
201000022743,0010-01-23 22:00:00,10,1,23,22,0,130,205,"49, JEAN JAURES (PLACE)",,,Nuit avec éclairage allumé,En agglomération,Hors intersection,Normale,Sans collision,,,,,,,,,,,5,2,1,1.0,7.0
201000022744,0010-12-05 02:15:00,10,12,5,2,15,130,55,CRS PIERRE PUGET,,,Nuit avec éclairage allumé,En agglomération,Intersection en X,Normale,Deux véhicules - côté,,,,,,,,,,,5,2,2,1.0,3.0
201000022745,0010-12-07 07:20:00,10,12,7,7,20,130,55,"128, BD DE LA BLANCARDE",,,Plein jour,En agglomération,Intersection en T,Normale,Deux véhicules - côté,,,,,,,,,,,1,2,3,1.0,3.0
201000022746,0010-12-09 17:10:00,10,12,9,17,10,130,55,"34, RUE DE TILSIT",,,Nuit avec éclairage allumé,En agglomération,Hors intersection,Normale,Deux véhicules - côté,,,,,,,,,,,5,2,1,1.0,3.0
201000022747,0010-01-11 10:15:00,10,1,11,10,15,130,208,"255, PRADO (AVENUE)",,,Plein jour,En agglomération,Hors intersection,Normale,Autre collision,,,,,,,,,,,1,2,1,1.0,6.0
201000022748,0010-01-11 18:30:00,10,1,11,18,30,130,208,"391, PARADIS (RUE)",,,Nuit avec éclairage allumé,En agglomération,Hors intersection,Normale,Autre collision,,,,,,,,,,,5,2,1,1.0,6.0
201000022749,0010-01-12 07:45:00,10,1,12,7,45,130,210,"180, RABATAU (BOULEVARD)",,,Plein jour,En agglomération,Hors intersection,Normale,Autre collision,,,,,,,,,,,1,2,1,1.0,6.0
201000022750,0010-01-13 06:20:00,10,1,13,6,20,130,208,"30, MAILLANE (BOULEVARD",,,Nuit avec éclairage allumé,En agglomération,Intersection en T,Pluie légère,Sans collision,,,,,,,,,,,5,2,3,2.0,7.0
201000022751,0010-01-28 13:45:00,10,1,28,13,45,130,55,"214, AVE DE LA CAPELETTE",,,Plein jour,En agglomération,Intersection en T,Normale,Trois véhicules et plus - collisions multiples,,,,,,,,,,,1,2,3,1.0,5.0
201000022752,0010-07-13 01:50:00,10,7,13,1,50,130,55,RTE LEON LACHAMP,43.2465,5.40794,Nuit sans éclairage public,Hors agglomération,Hors intersection,Normale,Sans collision,,,,,,,,,,,3,1,1,1.0,7.0
201000022753,0010-08-30 12:30:00,10,8,30,12,30,130,55,PCE DE STRASBOURG / PAUL,43.3065,5.37411,Plein jour,En agglomération,Place,Normale,Autre collision,,,,,,,,,,,1,2,7,1.0,6.0
201000022754,0010-01-02 18:45:00,10,1,2,18,45,130,208,"84, PRADO (AVENUE)",,,Nuit avec éclairage allumé,En agglomération,Intersection en X,Normale,Deux véhicules - côté,,,,,,,,,,,5,2,2,1.0,3.0
201000022755,0010-01-05 11:00:00,10,1,5,11,0,130,208,"377, PRADO (AVENUE)",,,Plein jour,En agglomération,Hors intersection,Temps couvert,Autre collision,,,,,,,,,,,1,2,1,8.0,6.0
201000022756,0010-01-02 16:30:00,10,1,2,16,30,130,2,"24, JEAN GIONO (AVENUE)",43.331,5.48831,Plein jour,En agglomération,Hors intersection,Normale,Deux véhicules - frontale,,,,,,,,,,,1,2,1,1.0,1.0
201000022757,0010-01-07 07:25:00,10,1,7,7,25,130,55,"34, BD DU REDON",,,Nuit avec éclairage allumé,En agglomération,Hors intersection,Normale,Autre collision,,,,,,,,,,,5,2,1,1.0,6.0
201000022758,0010-01-11 19:10:00,10,1,11,19,10,130,55,"200, BD PAUL CLAUDEL",,,Nuit avec éclairage allumé,En agglomération,Hors intersection,Normale,Autre collision,,,,,,,,,,,5,2,1,1.0,6.0
201000022759,0010-01-15 22:35:00,10,1,15,22,35,130,209,"347, MICHELET (BOULEVARD",,,Nuit avec éclairage allumé,En agglomération,Hors intersection,Normale,Deux véhicules - arrière,,,,,,,,,,,5,2,1,1.0,2.0
201000022760,0010-01-16 04:35:00,10,1,16,4,35,130,209,"76, LÉON LACHAMP (ROUTE)",,,Nuit avec éclairage allumé,En agglomération,Hors intersection,Normale,Autre collision,,,,,,,,,,,5,2,1,1.0,6.0
201000022761,0010-01-19 16:30:00,10,1,19,16,30,130,55,"83, BD DU REDON",,,Plein jour,En agglomération,Giratoire,Normale,Deux véhicules - arrière,,,,,,,,,,,1,2,6,1.0,2.0
201000022762,0010-01-21 09:15:00,10,1,21,9,15,130,208,"345, PRADO (AVENUE)",,,Plein jour,En agglomération,Hors intersection,Normale,Deux véhicules - côté,,,,,,,,,,,1,2,1,1.0,3.0
201000022763,0010-01-21 16:30:00,10,1,21,16,30,130,55,"60, VSN RPT IAN PALACH P",,,Plein jour,En agglomération,Hors intersection,Normale,Autre collision,,,,,,,,,,,1,2,1,1.0,6.0
201000022764,0010-01-21 21:05:00,10,1,21,21,5,130,55,"83, AVE DE LA POINTE ROU",,,Nuit avec éclairage allumé,En agglomération,Hors intersection,Normale,Deux véhicules - frontale,,,,,,,,,,,5,2,1,1.0,1.0
201000022765,0010-01-23 08:50:00,10,1,23,8,50,130,55,"1, BD BOUCHER DE PERTHES",,,Plein jour,En agglomération,Hors intersection,Normale,Autre collision,,,,,,,,,,,1,2,1,1.0,6.0
201000022766,0010-01-31 02:30:00,10,1,31,2,30,130,55,RUE HENRI COCHET,,,Nuit avec éclairage allumé,En agglomération,Hors intersection,Normale,Autre collision,,,,,,,,,,,5,2,1,1.0,6.0
201000022767,0010-06-13 03:15:00,10,6,13,3,15,130,55,"133, RTE DES CAMOINS",,,Nuit avec éclairage allumé,En agglomération,Hors intersection,Normale,Deux véhicules - arrière,,,,,,,,,,,5,2,1,1.0,2.0
201000022768,0010-01-06 10:50:00,10,1,6,10,50,130,211,SABLIERE (TRAVERSE DE LA,,,Plein jour,En agglomération,Hors intersection,Normale,Autre collision,,,,,,,,,,,1,2,1,1.0,6.0
201000022769,0010-01-07 12:00:00,10,1,7,12,0,130,55,"73, AVE DE LATTRE DE TAS",,,Plein jour,En agglomération,Hors intersection,Normale,Deux véhicules - arrière,,,,,,,,,,,1,2,1,1.0,2.0
201000022770,0010-01-08 19:40:00,10,1,8,19,40,130,210,"218, ROMAIN ROLLAND (BOU",,,Nuit avec éclairage allumé,En agglomération,Hors intersection,Temps couvert,Deux véhicules - frontale,,,,,,,,,,,5,2,1,8.0,1.0
201000022771,0010-01-13 16:00:00,10,1,13,16,0,130,212,"46, SAINT BARNABE (AVENU",,,Plein jour,En agglomération,Hors intersection,Normale,Autre collision,,,,,,,,,,,1,2,1,1.0,6.0
201000022772,0010-01-14 07:50:00,10,1,14,7,50,130,210,"72, MIREILLE LAUZE (BOUL",,,Crépuscule ou aube,En agglomération,Hors intersection,Pluie forte,Autre collision,,,,,,,,,,,2,2,1,3.0,6.0
201000022773,0010-01-15 18:45:00,10,1,15,18,45,130,208,"541, PRADO (AVENUE)",,,Nuit avec éclairage allumé,En agglomération,Hors intersection,Normale,Deux véhicules - côté,,,,,,,,,,,5,2,1,1.0,3.0
201000022774,0010-01-18 20:20:00,10,1,18,20,20,130,211,"135, SAINT MARCEL (BOULE",,,Nuit avec éclairage allumé,En agglomération,Autre intersection,Normale,Deux véhicules - côté,,,,,,,,,,,5,2,9,1.0,3.0
201000022775,0010-01-21 07:30:00,10,1,21,7,30,130,55,"00, CHE DE L ARMEE D AFR",,,Plein jour,En agglomération,Hors intersection,Normale,Deux véhicules - côté,,,,,,,,,,,1,2,1,1.0,3.0
201000022776,0010-01-25 20:30:00,10,1,25,20,30,130,55,"127, AVE DE LA TIMONE",43.2862,5.4071,Nuit avec éclairage allumé,En agglomération,Intersection en T,Normale,Deux véhicules - frontale,,,,,,,,,,,5,2,3,1.0,1.0
201000022777,0010-01-26 11:45:00,10,1,26,11,45,130,55,"35, AVE DU VINGT QUATRE",,,Plein jour,En agglomération,Hors intersection,Normale,Deux véhicules - côté,,,,,,,,,,,1,2,1,1.0,3.0
201000022778,0010-01-31 17:00:00,10,1,31,17,0,130,55,"130, RUE FRANCOIS MAURIA",,,Plein jour,Hors agglomération,Intersection en X,Normale,Deux véhicules - arrière,,,,,,,,,,,1,1,2,1.0,2.0
201000022779,0010-04-04 05:30:00,10,4,4,5,30,130,55,"192, BD RABATAU",,,Nuit avec éclairage allumé,En agglomération,Hors intersection,Pluie légère,Deux véhicules - frontale,,,,,,,,,,,5,2,1,2.0,1.0
201000022780,0010-06-10 08:20:00,10,6,10,8,20,130,55,"553, AVE DU PRADO",,,Plein jour,En agglomération,Hors intersection,Normale,Deux véhicules - arrière,,,,,,,,,,,1,2,1,1.0,2.0
201000022781,0010-12-12 14:10:00,10,12,12,14,10,130,55,"155, AVE DE LA TIMONE",,,Plein jour,En agglomération,Hors intersection,Normale,Deux véhicules - frontale,,,,,,,,,,,1,2,1,1.0,1.0
201000022782,0010-01-02 20:00:00,10,1,2,20,0,130,55,"145, BD RABATAU",,,Nuit avec éclairage allumé,En agglomération,Hors intersection,Normale,Deux véhicules - côté,,,,,,,,,,,5,2,1,1.0,3.0
201000022783,0010-01-03 19:10:00,10,1,3,19,10,130,210,"206, CAPELETTE (AVENUE D",,,Nuit avec éclairage allumé,En agglomération,Intersection en T,Pluie légère,Deux véhicules - côté,,,,,,,,,,,5,2,3,2.0,3.0
201000022784,0010-01-04 00:15:00,10,1,4,0,15,130,55,LOUIS BONNEFON (PLACE),43.2543,5.38203,Nuit avec éclairage allumé,En agglomération,Giratoire,Pluie légère,Deux véhicules - côté,,,,,,,,,,,5,2,6,2.0,3.0
201000022785,0010-01-05 13:40:00,10,1,5,13,40,130,55,"6, AVE JEAN LOMBARD",,,Plein jour,En agglomération,Hors intersection,Normale,Autre collision,,,,,,,,,,,1,2,1,1.0,6.0
201000022786,0010-01-06 10:30:00,10,1,6,10,30,130,55,"243, BD DE SAINT MARCEL",43.2864,5.46827,Plein jour,En agglomération,Hors intersection,Normale,Autre collision,,,,,,,,,,,1,2,1,1.0,6.0
201000022787,0010-01-06 16:00:00,10,1,6,16,0,130,211,"2, CARTONNERIE (BOULEVAR",,,Plein jour,En agglomération,Hors intersection,Normale,Deux véhicules - côté,,,,,,,,,,,1,2,1,1.0,3.0
201000022788,0010-01-07 08:15:00,10,1,7,8,15,130,55,"54, BD MICHELET",43.2722,5.39133,Plein jour,En agglomération,Hors intersection,Normale,Autre collision,,,,,,,,,,,1,2,1,1.0,6.0
201000022789,0010-01-18 11:45:00,10,1,18,11,45,130,55,"104, RPT RTE 3 LUCS/VALE",,,Plein jour,En agglomération,Hors intersection,Normale,Trois véhicules et plus - en chaîne,,,,,,,,,,,1,2,1,1.0,4.0
201000022790,0010-01-20 18:10:00,10,1,20,18,10,130,2,ETIENNE CUCCA-CD908 (AVE,43.3781,5.53823,Nuit sans éclairage public,Hors agglomération,Hors intersection,Normale,Autre collision,,,,,,,,,,,3,1,1,1.0,6.0
201000022791,0010-01-21 21:30:00,10,1,21,21,30,130,55,"0, CHE DE LA PARETTE",,,Nuit sans éclairage public,En agglomération,Hors intersection,Normale,Trois véhicules et plus - en chaîne,,,,,,,,,,,3,2,1,1.0,4.0
201000022792,0010-01-22 18:50:00,10,1,22,18,50,130,208,"105, PRADO (AVENUE)",,,Nuit avec éclairage allumé,En agglomération,Hors intersection,Normale,Deux véhicules - arrière,,,,,,,,,,,5,2,1,1.0,2.0
201000022793,0010-01-22 16:30:00,10,1,22,16,30,130,55,"110, RTE DE LA VALENTINE",,,Plein jour,En agglomération,Hors intersection,Normale,Autre collision,,,,,,,,,,,1,2,1,1.0,6.0
201000022794,0010-01-23 08:45:00,10,1,23,8,45,130,208,"595, PRADO (AVENUE)",,,Plein jour,En agglomération,Hors intersection,Normale,Deux véhicules - côté,,,,,,,,,,,1,2,1,1.0,3.0
201000022795,0010-01-23 17:40:00,10,1,23,17,40,130,55,"140, CHE DE L ARMEE D AF",,,Crépuscule ou aube,En agglomération,Hors intersection,Normale,Autre collision,,,,,,,,,,,2,2,1,1.0,6.0
201000022796,0010-01-27 13:00:00,10,1,27,13,0,130,210,"92, CAPELETTE (AVENUE DE",,,Plein jour,En agglomération,Hors intersection,Normale,Deux véhicules - arrière,,,,,,,,,,,1,2,1,1.0,2.0
201000022797,0010-02-27 22:46:00,10,2,27,22,46,130,55,"0, BD DE LA CARTONNERIE",,,Nuit avec éclairage allumé,En agglomération,Hors intersection,Normale,Deux véhicules - arrière,,,,,,,,,,,5,2,1,1.0,2.0
201000022798,0010-01-06 11:45:00,10,1,6,11,45,130,212,"1, GAROUTTE (BOULEVARD)",,,Plein jour,En agglomération,Hors intersection,Normale,Deux véhicules - arrière,,,,,,,,,,,1,2,1,1.0,2.0
201000022799,0010-01-07 17:20:00,10,1,7,17,20,130,55,"00, BD MIREILLE LAUZE",,,Nuit avec éclairage allumé,En agglomération,Hors intersection,Pluie légère,Deux véhicules - frontale,,,,,,,,,,,5,2,1,2.0,1.0
201000022800,0010-01-09 00:30:00,10,1,9,0,30,130,55,BD SAINTE GERMAINE,,,Nuit avec éclairage allumé,En agglomération,Hors intersection,Normale,Autre collision,,,,,,,,,,,5,2,1,1.0,6.0
201000022801,0010-01-10 14:20:00,10,1,10,14,20,130,55,"19, TRA DE LA TREVARESSE",,,Plein jour,En agglomération,Hors intersection,Normale,Deux véhicules - arrière,,,,,,,,,,,1,2,1,1.0,2.0
201000022802,0010-01-14 08:40:00,10,1,14,8,40,130,55,AVE DE PROVENCE,,,Plein jour,En agglomération,Hors intersection,Pluie légère,Autre collision,,,,,,,,,,,1,2,1,2.0,6.0