accident_id,datetime,annee,mois,jour,heure,minute,departement,commune_insee,adresse,latitude,longitude,luminosite,agglomeration,intersection,meteo,collision,nb_vehicules,nb_usagers,nb_indemnes,nb_tues,nb_blesses_hosp,nb_blesses_legers,age_cond_1,age_cond_2,veh_type_cond_1,veh_type_cond_2,lum_code,agg_code,int_code,atm_code,col_code
201000023054,0010-10-28 22:35:00,10,10,28,22,35,130,108,"4, GAMBETTA (BOULEVARD)",43.8043,4.66276,Nuit avec éclairage allumé,En agglomération,Intersection en T,Normale,Deux véhicules - côté,,,,,,,,,,,5,2,3,1.0,3.0
201000023055,0010-10-29 17:00:00,10,10,29,17,0,130,108,"0, ITAM (BOULEVARD)",,,Plein jour,En agglomération,Hors intersection,Normale,Sans collision,,,,,,,,,,,1,2,1,1.0,7.0
201000023056,0010-11-11 00:30:00,10,11,11,0,30,130,108,CD 35 ROUTE DE BOULBON,,,Nuit sans éclairage public,Hors agglomération,Hors intersection,Temps couvert,Autre collision,,,,,,,,,,,3,1,1,8.0,6.0
201000023057,0010-11-21 16:25:00,10,11,21,16,25,130,108,GUYNEMER GEORGE (AVENUE),,,Plein jour,En agglomération,Intersection en X,Pluie légère,Deux véhicules - côté,,,,,,,,,,,1,2,2,2.0,3.0
201000023058,0010-12-09 13:40:00,10,12,9,13,40,130,108,RD 970 ROUTE D ARLES ),43.7829,4.67883,Plein jour,Hors agglomération,Hors intersection,Vent fort / tempête,Trois véhicules et plus - collisions multiples,,,,,,,,,,,1,1,1,6.0,5.0
201000023059,0010-12-20 17:23:00,10,12,20,17,23,130,108,D33 ROUTE DE FONTVEILLE,,,Nuit sans éclairage public,Hors agglomération,Intersection en X,Pluie légère,Deux véhicules - côté,,,,,,,,,,,3,1,2,2.0,3.0
201000023060,0010-01-04 07:20:00,10,1,4,7,20,130,117,ROUTE NATIONALE 113 - LA,43.4474,5.23859,Nuit sans éclairage public,Hors agglomération,Hors intersection,Pluie légère,Autre collision,,,,,,,,,,,3,1,1,2.0,6.0
201000023061,0010-01-04 17:40:00,10,1,4,17,40,130,117,ROUTE NATIONALE 113 - LA,,,Nuit avec éclairage allumé,Hors agglomération,Hors intersection,Normale,Trois véhicules et plus - collisions multiples,,,,,,,,,,,5,1,1,1.0,5.0
201000023062,0010-01-06 13:05:00,10,1,6,13,5,130,117,LONDRES (AVENUE DE),,,Plein jour,En agglomération,Hors intersection,Normale,Autre collision,,,,,,,,,,,1,2,1,1.0,6.0
201000023063,0010-01-09 19:00:00,10,1,9,19,0,130,71,PENNES AUX PINS ( CHEMIN,,,Nuit avec éclairage allumé,En agglomération,Hors intersection,Pluie légère,Sans collision,,,,,,,,,,,5,2,1,2.0,7.0
201000023064,0010-01-14 11:45:00,10,1,14,11,45,130,71,VIEILLE ROUTE DE LA GAVO,,,Plein jour,En agglomération,Hors intersection,Normale,Deux véhicules - côté,,,,,,,,,,,1,2,1,1.0,3.0
201000023065,0010-01-09 09:00:00,10,1,9,9,0,130,71,D 543,,,Plein jour,En agglomération,Hors intersection,Pluie légère,Autre collision,,,,,,,,,,,1,2,1,2.0,6.0
201000023066,0010-01-13 18:45:00,10,1,13,18,45,130,117,"00, RABIN ( AVENUE YITZH",43.4467,5.24792,Nuit avec éclairage non allumé,En agglomération,Hors intersection,Normale,Autre collision,,,,,,,,,,,4,2,1,1.0,6.0
201000023067,0010-01-15 10:15:00,10,1,15,10,15,130,71,ROUTE NATIONALE 113 - RE,,,Plein jour,Hors agglomération,Hors intersection,Normale,Deux véhicules - côté,,,,,,,,,,,1,1,1,1.0,3.0
201000023068,0010-01-15 18:25:00,10,1,15,18,25,130,117,PADOVANI ( AVE ),,,Nuit avec éclairage allumé,En agglomération,Hors intersection,Normale,Autre collision,,,,,,,,,,,5,2,1,1.0,6.0
201000023069,0010-01-16 19:10:00,10,1,16,19,10,130,117,DROITS DE L'HOMME (AVENU,,,Nuit sans éclairage public,En agglomération,Hors intersection,Normale,Deux véhicules - arrière,,,,,,,,,,,3,2,1,1.0,2.0
201000023070,0010-01-22 18:40:00,10,1,22,18,40,130,117,MARSEILLE ( AVENUE DE ),,,Nuit sans éclairage public,En agglomération,Intersection en T,Normale,Deux véhicules - arrière,,,,,,,,,,,3,2,3,1.0,2.0
201000023071,0010-01-25 13:10:00,10,1,25,13,10,130,117,ROUTE NATIONALE 113 - LA,,,Plein jour,Hors agglomération,Hors intersection,Normale,Deux véhicules - côté,,,,,,,,,,,1,1,1,1.0,3.0
201000023072,0010-01-29 15:40:00,10,1,29,15,40,130,117,BERLIN (RUE DE),,,Plein jour,En agglomération,Hors intersection,Normale,Sans collision,,,,,,,,,,,1,2,1,1.0,7.0
201000023073,0010-01-31 19:20:00,10,1,31,19,20,130,117,ROUTE NATIONALE 113 - LA,43.4524,5.2364,Nuit avec éclairage non allumé,En agglomération,Hors intersection,Normale,Sans collision,,,,,,,,,,,4,2,1,1.0,7.0
201000023074,0010-02-02 15:35:00,10,2,2,15,35,130,117,"X, RHIN DANUBE ( AVENUE",,,Plein jour,En agglomération,Hors intersection,Normale,Autre collision,,,,,,,,,,,1,2,1,1.0,6.0
201000023075,0010-02-04 18:30:00,10,2,4,18,30,130,117,PADOVANI ( AVE ),,,Nuit avec éclairage allumé,En agglomération,Intersection en T,Pluie légère,Autre collision,,,,,,,,,,,5,2,3,2.0,6.0
201000023076,0010-02-06 19:20:00,10,2,6,19,20,130,71,TOTAL (RN 113 - LE TUNNE,,,Nuit sans éclairage public,Hors agglomération,Hors intersection,Normale,Deux véhicules - arrière,,,,,,,,,,,3,1,1,1.0,2.0
201000023077,0010-02-10 20:40:00,10,2,10,20,40,130,117,ROUTE NATIONALE 113 - CA,,,Nuit sans éclairage public,Hors agglomération,Hors intersection,Vent fort / tempête,Deux véhicules - frontale,,,,,,,,,,,3,1,1,6.0,1.0
201000023078,0010-02-12 11:55:00,10,2,12,11,55,130,71,MITTERRAND (AVENUE FRANC,,,Plein jour,En agglomération,Hors intersection,Normale,Deux véhicules - côté,,,,,,,,,,,1,2,1,1.0,3.0
201000023079,0010-02-14 19:20:00,10,2,14,19,20,130,117,DROITS DE L'HOMME (AVENU,43.4308,5.26681,Nuit avec éclairage allumé,En agglomération,Hors intersection,Normale,Trois véhicules et plus - collisions multiples,,,,,,,,,,,5,2,1,1.0,5.0
201000023080,0010-02-17 07:15:00,10,2,17,7,15,130,117,ROUTE NATIONALE 113 - AG,,,Nuit avec éclairage allumé,En agglomération,Intersection en T,Normale,Deux véhicules - côté,,,,,,,,,,,5,2,3,1.0,3.0
201000023081,0010-02-19 14:00:00,10,2,19,14,0,130,117,BERLIN (RUE DE),,,Plein jour,En agglomération,Hors intersection,Temps couvert,Sans collision,,,,,,,,,,,1,2,1,8.0,7.0
201000023082,0010-02-24 07:55:00,10,2,24,7,55,130,117,RABIN ( AVENUE YITZHAK ),,,Plein jour,En agglomération,Hors intersection,Normale,Autre collision,,,,,,,,,,,1,2,1,1.0,6.0
201000023083,0010-02-25 17:25:00,10,2,25,17,25,130,117,CHEMIN DEPARTEMENTAL 9 (,43.4385,5.2853,Plein jour,Hors agglomération,Hors intersection,Normale,Sans collision,,,,,,,,,,,1,1,1,1.0,7.0
201000023084,0010-02-27 16:35:00,10,2,27,16,35,130,117,CD 9 ESTROUBLANS,,,Plein jour,Hors agglomération,Hors intersection,Normale,Trois véhicules et plus - collisions multiples,,,,,,,,,,,1,1,1,1.0,5.0
201000023085,0010-02-26 17:30:00,10,2,26,17,30,130,117,EUROCOPTER CD 20,,,Plein jour,Hors agglomération,Hors intersection,Normale,Deux véhicules - arrière,,,,,,,,,,,1,1,1,1.0,2.0
201000023086,0010-03-01 19:00:00,10,3,1,19,0,130,71,TOTAL (RN 113 - LE TUNNE,,,Nuit avec éclairage allumé,En agglomération,Hors intersection,Normale,Deux véhicules - côté,,,,,,,,,,,5,2,1,1.0,3.0
201000023087,0010-03-02 00:15:00,10,3,2,0,15,130,117,CHEMIN DEPARTEMENTAL 9 (,43.4499,5.29839,Nuit sans éclairage public,Hors agglomération,Hors intersection,Normale,Sans collision,,,,,,,,,,,3,1,1,1.0,7.0
201000023088,0010-03-03 10:30:00,10,3,3,10,30,130,117,CASILE ( BOULEVARD ALFRE,,,Plein jour,En agglomération,Autre intersection,Normale,Deux véhicules - frontale,,,,,,,,,,,1,2,9,1.0,1.0
201000023089,0010-03-04 15:40:00,10,3,4,15,40,130,71,CHEMIN DEPARTEMENTAL 6 (,,,Plein jour,Hors agglomération,Hors intersection,Normale,Deux véhicules - arrière,,,,,,,,,,,1,1,1,1.0,2.0
201000023090,0010-03-04 19:53:00,10,3,4,19,53,130,117,CHEMIN DEPARTEMENTAL CD,43.4411,5.23318,Nuit sans éclairage public,Hors agglomération,Hors intersection,Normale,Autre collision,,,,,,,,,,,3,1,1,1.0,6.0
201000023091,0010-03-17 08:10:00,10,3,17,8,10,130,117,"7, LONDRES (AVENUE DE)",,,Plein jour,En agglomération,Hors intersection,Normale,Deux véhicules - arrière,,,,,,,,,,,1,2,1,1.0,2.0
201000023092,0010-03-18 09:30:00,10,3,18,9,30,130,71,MITTERRAND (AVENUE FRANC,,,Plein jour,En agglomération,Hors intersection,Normale,Deux véhicules - côté,,,,,,,,,,,1,2,1,1.0,3.0
201000023093,0010-03-27 16:45:00,10,3,27,16,45,130,117,PADOVANI ( AVE ),,,Plein jour,En agglomération,Hors intersection,Normale,Deux véhicules - arrière,,,,,,,,,,,1,2,1,1.0,2.0
201000023094,0010-03-29 18:44:00,10,3,29,18,44,130,117,ROUTE NATIONALE 113-L'AN,,,Plein jour,Hors agglomération,Hors intersection,Normale,Trois véhicules et plus - en chaîne,,,,,,,,,,,1,1,1,1.0,4.0
201000023095,0010-04-02 13:30:00,10,4,2,13,30,130,117,MARSEILLE ( AVENUE DE ),,,Plein jour,En agglomération,Hors intersection,Normale,Deux véhicules - arrière,,,,,,,,,,,1,2,1,1.0,2.0
201000023096,0010-04-02 18:00:00,10,4,2,18,0,130,71,"77, PETITS CADENAUX ( CH",,,Plein jour,En agglomération,Hors intersection,Normale,Autre collision,,,,,,,,,,,1,2,1,1.0,6.0
201000023097,0010-04-04 14:30:00,10,4,4,14,30,130,71,ROUTE NATIONALE 113 - AG,43.4171,5.28313,Plein jour,En agglomération,Giratoire,Normale,Sans collision,,,,,,,,,,,1,2,6,1.0,7.0
201000023098,0010-04-09 07:30:00,10,4,9,7,30,130,71,", VIEILLE ROUTE DE LA GA",,,Plein jour,En agglomération,Hors intersection,Normale,Deux véhicules - frontale,,,,,,,,,,,1,2,1,1.0,1.0
201000023099,0010-04-10 05:35:00,10,4,10,5,35,130,117,ROUTE NATIONALE 113 - AG,,,Nuit avec éclairage allumé,En agglomération,Intersection en T,Normale,Deux véhicules - frontale,,,,,,,,,,,5,2,3,1.0,1.0
201000023100,0010-04-23 10:45:00,10,4,23,10,45,130,117,BRUXELLES (RUE DE),,,Plein jour,En agglomération,Hors intersection,Pluie légère,Deux véhicules - côté,,,,,,,,,,,1,2,1,2.0,3.0
201000023101,0010-04-24 21:00:00,10,4,24,21,0,130,117,VIALE ( RUE JEAN-JACQUES,,,Nuit avec éclairage allumé,En agglomération,Intersection en T,Normale,Deux véhicules - côté,,,,,,,,,,,5,2,3,1.0,3.0
201000023102,0010-04-25 16:15:00,10,4,25,16,15,130,71,RD 543,,,Plein jour,En agglomération,Hors intersection,Normale,Deux véhicules - côté,,,,,,,,,,,1,2,1,1.0,3.0
201000023103,0010-04-07 19:20:00,10,4,7,19,20,130,117,CORNICHE (MONTEE DE LA),,,Crépuscule ou aube,En agglomération,Hors intersection,Pluie légère,Sans collision,,,,,,,,,,,2,2,1,2.0,7.0
201000023104,0010-04-29 10:40:00,10,4,29,10,40,130,117,EUROPE (AVENUE DE L'),,,Plein jour,En agglomération,Hors intersection,Normale,Deux véhicules - arrière,,,,,,,,,,,1,2,1,1.0,2.0
201000023105,0010-04-29 14:15:00,10,4,29,14,15,130,71,TOTAL (RN 113 - LE TUNNE,,,Plein jour,En agglomération,Hors intersection,Normale,Deux véhicules - côté,,,,,,,,,,,1,2,1,1.0,3.0
201000023106,0010-04-30 20:50:00,10,4,30,20,50,130,71,MITTERRAND (AVENUE FRANC,,,Nuit avec éclairage allumé,En agglomération,Hors intersection,Normale,Deux véhicules - arrière,,,,,,,,,,,5,2,1,1.0,2.0
201000023107,0010-05-02 09:20:00,10,5,2,9,20,130,117,CHEMIN DEPARTEMENTAL 9 (,,,Plein jour,Hors agglomération,Hors intersection,Pluie forte,Deux véhicules - côté,,,,,,,,,,,1,1,1,3.0,3.0
201000023108,0010-05-03 18:10:00,10,5,3,18,10,130,117,CHEMIN DEPARTEMENTAL CD,,,Plein jour,Hors agglomération,Hors intersection,Pluie légère,Deux véhicules - arrière,,,,,,,,,,,1,1,1,2.0,2.0
201000023109,0010-05-04 09:55:00,10,5,4,9,55,130,117,PADOVANI ( AVE ),,,Plein jour,En agglomération,Hors intersection,Pluie légère,Deux véhicules - arrière,,,,,,,,,,,1,2,1,2.0,2.0
201000023110,0010-05-07 10:30:00,10,5,7,10,30,130,117,"2, SALADELLES ( ALLEE DE",,,Plein jour,En agglomération,Hors intersection,Normale,Deux véhicules - frontale,,,,,,,,,,,1,2,1,1.0,1.0
201000023111,0010-05-08 02:00:00,10,5,8,2,0,130,71,VELAUX (CHEMIN),,,Nuit avec éclairage allumé,En agglomération,Hors intersection,Pluie légère,Deux véhicules - frontale,,,,,,,,,,,5,2,1,2.0,1.0
201000023112,0010-05-11 07:55:00,10,5,11,7,55,130,117,", ROUTE NATIONALE 113-L'",,,Plein jour,Hors agglomération,Hors intersection,Temps couvert,Trois véhicules et plus - en chaîne,,,,,,,,,,,1,1,1,8.0,4.0
201000023113,0010-05-11 13:50:00,10,5,11,13,50,130,117,", SALYENS ( AVENUE DES )",,,Plein jour,En agglomération,Hors intersection,Temps couvert,Deux véhicules - arrière,,,,,,,,,,,1,2,1,8.0,2.0
201000023114,0010-05-12 15:55:00,10,5,12,15,55,130,117,D55F,43.4706,5.23137,Plein jour,Hors agglomération,Intersection en T,Normale,Deux véhicules - côté,,,,,,,,,,,1,1,3,1.0,3.0
201000023115,0010-05-16 18:00:00,10,5,16,18,0,130,117,CHEMIN DEPARTEMENTAL 9 (,,,Plein jour,Hors agglomération,Hors intersection,Vent fort / tempête,Sans collision,,,,,,,,,,,1,1,1,6.0,7.0
201000023116,0010-05-17 15:18:00,10,5,17,15,18,130,71,MONNET (AVENUE JEAN),,,Plein jour,En agglomération,Hors intersection,Vent fort / tempête,Deux véhicules - côté,,,,,,,,,,,1,2,1,6.0,3.0
201000023117,0010-05-19 14:30:00,10,5,19,14,30,130,117,BASTIDE BLANCHE(CHEMIN D,43.4314,5.26557,Plein jour,En agglomération,Giratoire,Normale,Deux véhicules - arrière,,,,,,,,,,,1,2,6,1.0,2.0
201000023118,0010-05-19 15:45:00,10,5,19,15,45,130,117,CHEMIN DEPARTEMENTAL 9 (,43.4251,5.24854,Plein jour,En agglomération,Hors intersection,Normale,Sans collision,,,,,,,,,,,1,2,1,1.0,7.0
201000023119,0010-05-19 15:45:00,10,5,19,15,45,130,117,CHEMIN DEPARTEMENTAL 9 (,43.4251,5.24854,Plein jour,En agglomération,Hors intersection,Normale,Sans collision,,,,,,,,,,,1,2,1,1.0,7.0
201000023120,0010-05-19 17:30:00,10,5,19,17,30,130,55,"00, ANNE MARIE (BOULEVAR",,,Plein jour,En agglomération,Giratoire,Normale,Deux véhicules - côté,,,,,,,,,,,1,2,6,1.0,3.0
201000023121,0010-05-22 13:10:00,10,5,22,13,10,130,71,AMANDIERS ( BOULEVARD DE,43.3774,5.34762,Plein jour,En agglomération,Intersection en T,Normale,Autre collision,,,,,,,,,,,1,2,3,1.0,6.0
201000023122,0010-05-22 15:50:00,10,5,22,15,50,130,117,ROUTE NATIONALE 113 - AG,,,Plein jour,Hors agglomération,Hors intersection,Normale,Trois véhicules et plus - en chaîne,,,,,,,,,,,1,1,1,1.0,4.0
201000023123,0010-05-24 16:15:00,10,5,24,16,15,130,117,CHEMIN DEPARTEMENTAL 9 (,,,Plein jour,En agglomération,Hors intersection,Normale,Sans collision,,,,,,,,,,,1,2,1,1.0,7.0
201000023124,0010-05-25 11:20:00,10,5,25,11,20,130,117,MARSEILLE ( AVENUE DE ),43.4314,5.26557,Plein jour,En agglomération,Giratoire,Normale,Autre collision,,,,,,,,,,,1,2,6,1.0,6.0
201000023125,0010-05-26 09:40:00,10,5,26,9,40,130,117,THALES (IMPASSE ),,,Plein jour,En agglomération,Hors intersection,Normale,Deux véhicules - frontale,,,,,,,,,,,1,2,1,1.0,1.0
201000023126,0010-05-28 12:00:00,10,5,28,12,0,130,117,RHIN DANUBE ( AVENUE ),,,Plein jour,En agglomération,Hors intersection,Normale,Trois véhicules et plus - collisions multiples,,,,,,,,,,,1,2,1,1.0,5.0
201000023127,0010-05-29 16:00:00,10,5,29,16,0,130,117,MONNET (AVENUE JEAN),43.423,5.28515,Plein jour,En agglomération,Hors intersection,Normale,Autre collision,,,,,,,,,,,1,2,1,1.0,6.0
201000023128,0010-05-29 17:10:00,10,5,29,17,10,130,117,CHEMIN DEPARTEMENTAL 9 (,,,Plein jour,Hors agglomération,Hors intersection,Normale,Deux véhicules - arrière,,,,,,,,,,,1,1,1,1.0,2.0
201000023129,0010-05-29 21:30:00,10,5,29,21,30,130,117,GUIGOU (BOULEVARD PAUL ),,,Nuit avec éclairage allumé,En agglomération,Hors intersection,Normale,Deux véhicules - arrière,,,,,,,,,,,5,2,1,1.0,2.0
201000023130,0010-05-27 12:00:00,10,5,27,12,0,130,117,", GELU  ( AVENUE VICTOR",,,Plein jour,En agglomération,Intersection en T,Normale,Autre collision,,,,,,,,,,,1,2,3,1.0,6.0
201000023131,0010-05-31 18:50:00,10,5,31,18,50,130,117,STADIUM (CD9),,,Plein jour,Hors agglomération,Hors intersection,Normale,Sans collision,,,,,,,,,,,1,1,1,1.0,7.0
201000023132,0010-05-31 19:30:00,10,5,31,19,30,130,71,", MITTERRAND (AVENUE FRA",,,Plein jour,En agglomération,Hors intersection,Normale,Deux véhicules - arrière,,,,,,,,,,,1,2,1,1.0,2.0
201000023133,0010-06-02 11:15:00,10,6,2,11,15,130,117,TOULON GERARD ( RUE ),,,Plein jour,En agglomération,Autre intersection,Normale,Deux véhicules - côté,,,,,,,,,,,1,2,9,1.0,3.0
201000023134,0010-06-07 12:10:00,10,6,7,12,10,130,117,SEDS ( ROUTE DE LA ),,,Plein jour,En agglomération,Hors intersection,Normale,Deux véhicules - arrière,,,,,,,,,,,1,2,1,1.0,2.0
201000023135,0010-06-09 19:50:00,10,6,9,19,50,130,71,"119BIS, MITTERRAND (AVEN",,,Plein jour,En agglomération,Hors intersection,Normale,Deux véhicules - côté,,,,,,,,,,,1,2,1,1.0,3.0
201000023136,0010-06-09 16:00:00,10,6,9,16,0,130,117,LAMARTINE (RESIDENCE) AV,,,Plein jour,En agglomération,Intersection en T,Normale,Trois véhicules et plus - collisions multiples,,,,,,,,,,,1,2,3,1.0,5.0
201000023137,0010-06-10 13:15:00,10,6,10,13,15,130,117,ITALIE (VOIE D' ),,,Plein jour,En agglomération,Hors intersection,Normale,Deux véhicules - côté,,,,,,,,,,,1,2,1,1.0,3.0
201000023138,0010-06-14 17:30:00,10,6,14,17,30,130,117,"0, PADOVANI ( AVE )",,,Plein jour,En agglomération,Hors intersection,Normale,Sans collision,,,,,,,,,,,1,2,1,1.0,7.0
201000023139,0010-06-15 12:30:00,10,6,15,12,30,130,117,CHEMIN DEPARTEMENTAL 9 (,,,Plein jour,Hors agglomération,Hors intersection,Normale,Deux véhicules - arrière,,,,,,,,,,,1,1,1,1.0,2.0
201000023140,0010-06-15 17:15:00,10,6,15,17,15,130,71,RIGONS ( CHEMIN DES ),,,Plein jour,En agglomération,Hors intersection,Pluie forte,Autre collision,,,,,,,,,,,1,2,1,3.0,6.0
201000023141,0010-06-15 20:30:00,10,6,15,20,30,130,117,CUGNOT ( AVENUE JOSEPH ),,,Plein jour,En agglomération,Hors intersection,Pluie légère,Autre collision,,,,,,,,,,,1,2,1,2.0,6.0
201000023142,0010-06-21 14:15:00,10,6,21,14,15,130,117,SALYENS ( AVENUE DES ),,,Plein jour,En agglomération,Intersection en X,Normale,Deux véhicules - côté,,,,,,,,,,,1,2,2,1.0,3.0
201000023143,0010-06-23 14:15:00,10,6,23,14,15,130,117,MARSEILLE ( AVENUE DE ),43.4355,5.26383,Plein jour,En agglomération,Intersection en T,Normale,Deux véhicules - côté,,,,,,,,,,,1,2,3,1.0,3.0
201000023144,0010-06-24 18:05:00,10,6,24,18,5,130,71,COCA COLA (ROND POINT CH,,,Plein jour,En agglomération,Hors intersection,Normale,Sans collision,,,,,,,,,,,1,2,1,1.0,7.0
201000023145,0010-06-24 22:00:00,10,6,24,22,0,130,71,GEANT CASINO (MAGASIN),,,Nuit avec éclairage allumé,Hors agglomération,Intersection en T,Normale,Deux véhicules - côté,,,,,,,,,,,5,1,3,1.0,3.0
201000023146,0010-06-25 09:15:00,10,6,25,9,15,130,71,TABORS ( PLACE DES ),43.3802,5.34843,Plein jour,En agglomération,Hors intersection,Normale,Autre collision,,,,,,,,,,,1,2,1,1.0,6.0
201000023147,0010-06-25 17:45:00,10,6,25,17,45,130,117,ROUTE NATIONALE 113 - AG,43.4614,5.23231,Plein jour,En agglomération,Hors intersection,Normale,Deux véhicules - côté,,,,,,,,,,,1,2,1,1.0,3.0
201000023148,0010-06-28 14:30:00,10,6,28,14,30,130,71,MITTERRAND (AVENUE FRANC,,,Plein jour,En agglomération,Intersection en Y,Normale,Deux véhicules - côté,,,,,,,,,,,1,2,4,1.0,3.0
201000023149,0010-06-29 14:40:00,10,6,29,14,40,130,71,"45, MITTERRAND (AVENUE F",43.3851,5.34544,Plein jour,En agglomération,Intersection en T,Normale,Trois véhicules et plus - collisions multiples,,,,,,,,,,,1,2,3,1.0,5.0
201000023150,0010-07-04 11:30:00,10,7,4,11,30,130,117,"41, MONNET ( AVENUE JEAN",,,Plein jour,En agglomération,Hors intersection,Normale,Sans collision,,,,,,,,,,,1,2,1,1.0,7.0
201000023151,0010-07-05 07:40:00,10,7,5,7,40,130,117,"12, CUGNOT ( AVENUE JOSE",,,Plein jour,En agglomération,Hors intersection,Normale,Autre collision,,,,,,,,,,,1,2,1,1.0,6.0
201000023152,0010-07-05 12:55:00,10,7,5,12,55,130,117,MONNET (AVENUE JEAN),43.427,5.27816,Plein jour,En agglomération,Giratoire,Normale,Autre collision,,,,,,,,,,,1,2,6,1.0,6.0
201000023153,0010-07-08 18:20:00,10,7,8,18,20,130,117,ROUTE NATIONALE 113 - LA,43.4524,5.2364,Plein jour,En agglomération,Intersection en T,Normale,Deux véhicules - côté,,,,,,,,,,,1,2,3,1.0,3.0
201000023154,0010-07-09 17:45:00,10,7,9,17,45,130,117,"0, ROUTE NATIONALE 113 -",,,Plein jour,En agglomération,Hors intersection,Normale,Trois véhicules et plus - collisions multiples,,,,,,,,,,,1,2,1,1.0,5.0
201000023155,0010-07-12 08:00:00,10,7,12,8,0,130,117,SEDS ( ROUTE DE LA ),,,Plein jour,Hors agglomération,Hors intersection,Normale,Sans collision,,,,,,,,,,,1,1,1,1.0,7.0
201000023156,0010-07-13 21:10:00,10,7,13,21,10,130,71,RD 543,,,Nuit sans éclairage public,Hors agglomération,Intersection en X,Normale,Deux véhicules - côté,,,,,,,,,,,3,1,2,1.0,3.0
201000023157,0010-07-15 18:30:00,10,7,15,18,30,130,117,PADOVANI ( AVE ),,,Plein jour,En agglomération,Hors intersection,Normale,Trois véhicules et plus - en chaîne,,,,,,,,,,,1,2,1,1.0,4.0
201000023158,0010-07-18 10:00:00,10,7,18,10,0,130,117,MONNET ( AVENUE JEAN ),,,Plein jour,En agglomération,Giratoire,Normale,Autre collision,,,,,,,,,,,1,2,6,1.0,6.0
201000023159,0010-07-19 13:20:00,10,7,19,13,20,130,117,"X, DROITS DE L'HOMME (AV",,,Plein jour,En agglomération,Hors intersection,Normale,Deux véhicules - arrière,,,,,,,,,,,1,2,1,1.0,2.0
201000023160,0010-07-20 07:30:00,10,7,20,7,30,130,71,", CD 6",,,Plein jour,En agglomération,Hors intersection,Temps éblouissant,Deux véhicules - arrière,,,,,,,,,,,1,2,1,7.0,2.0
201000023161,0010-07-23 09:10:00,10,7,23,9,10,130,117,CHEMIN DEPARTEMENTAL 9 (,,,Plein jour,Hors agglomération,Hors intersection,Normale,Autre collision,,,,,,,,,,,1,1,1,1.0,6.0
201000023162,0010-07-28 16:45:00,10,7,28,16,45,130,71,PLAN DE PENNES ( CHEMIN,,,Plein jour,Hors agglomération,Hors intersection,Normale,Deux véhicules - frontale,,,,,,,,,,,1,1,1,1.0,1.0
201000023163,0010-07-30 01:40:00,10,7,30,1,40,130,117,CHEMIN DEPARTEMENTAL 9 (,,,Nuit avec éclairage allumé,En agglomération,Hors intersection,Normale,Trois véhicules et plus - en chaîne,,,,,,,,,,,5,2,1,1.0,4.0
201000023164,0010-08-02 08:40:00,10,8,2,8,40,130,117,CHEMIN DEPARTEMENTAL 9 (,,,Plein jour,Hors agglomération,Hors intersection,Normale,Autre collision,,,,,,,,,,,1,1,1,1.0,6.0
201000023165,0010-08-03 20:20:00,10,8,3,20,20,130,71,"?, PLAN DE CAMPAGNE (AVE",,,Plein jour,En agglomération,Giratoire,Normale,Sans collision,,,,,,,,,,,1,2,6,1.0,7.0
201000023166,0010-08-04 09:45:00,10,8,4,9,45,130,117,ROUTE NATIONALE 113 - CA,,,Plein jour,En agglomération,Hors intersection,Normale,Deux véhicules - arrière,,,,,,,,,,,1,2,1,1.0,2.0
201000023167,0010-08-09 13:30:00,10,8,9,13,30,130,117,COUPERIGNE (Z.A.C.),,,Plein jour,Hors agglomération,Hors intersection,Normale,Deux véhicules - côté,,,,,,,,,,,1,1,1,1.0,3.0
201000023168,0010-08-10 10:00:00,10,8,10,10,0,130,117,"86, SEYSSAUD ( RUE RENE",43.444,5.25544,Plein jour,En agglomération,Hors intersection,Normale,Autre collision,,,,,,,,,,,1,2,1,1.0,6.0
201000023169,0010-08-10 17:00:00,10,8,10,17,0,130,117,ROUMANILLE ( RUE JOSEPH,,,Plein jour,En agglomération,Hors intersection,Normale,Autre collision,,,,,,,,,,,1,2,1,1.0,6.0
201000023170,0010-08-10 18:00:00,10,8,10,18,0,130,117,"76, EUROPE (AVENUE DE L'",,,Plein jour,En agglomération,Hors intersection,Normale,Deux véhicules - arrière,,,,,,,,,,,1,2,1,1.0,2.0
201000023171,0010-08-11 10:00:00,10,8,11,10,0,130,71,"00, ROUTE NATIONALE 113",43.411,5.31074,Plein jour,En agglomération,Intersection en X,Normale,Deux véhicules - arrière,,,,,,,,,,,1,2,2,1.0,2.0
201000023172,0010-08-11 18:15:00,10,8,11,18,15,130,71,"161, ROUTE NATIONALE 113",,,Plein jour,En agglomération,Hors intersection,Normale,Autre collision,,,,,,,,,,,1,2,1,1.0,6.0
201000023173,0010-08-13 19:35:00,10,8,13,19,35,130,117,GLACIERE ( RUE DE LA ),,,Plein jour,Hors agglomération,Intersection en T,Normale,Deux véhicules - côté,,,,,,,,,,,1,1,3,1.0,3.0
201000023174,0010-08-19 15:30:00,10,8,19,15,30,130,117,"6, PIGNES ( CHEMIN DES )",,,Plein jour,En agglomération,Hors intersection,Normale,Autre collision,,,,,,,,,,,1,2,1,1.0,6.0
201000023175,0010-08-21 18:20:00,10,8,21,18,20,130,117,ROUTE NATIONALE 113 - CA,,,Plein jour,En agglomération,Hors intersection,Normale,Autre collision,,,,,,,,,,,1,2,1,1.0,6.0
201000023176,0010-08-22 00:01:00,10,8,22,0,1,130,117,PASTEUR  (RUE LOUIS ),,,Nuit avec éclairage allumé,En agglomération,Intersection en X,Normale,Deux véhicules - côté,,,,,,,,,,,5,2,2,1.0,3.0