accident_id,datetime,annee,mois,jour,heure,minute,departement,commune_insee,adresse,latitude,longitude,luminosite,agglomeration,intersection,meteo,collision,nb_vehicules,nb_usagers,nb_indemnes,nb_tues,nb_blesses_hosp,nb_blesses_legers,age_cond_1,age_cond_2,veh_type_cond_1,veh_type_cond_2,lum_code,agg_code,int_code,atm_code,col_code
201000023177,0010-08-25 23:00:00,10,8,25,23,0,130,117,ROUTE NATIONALE 113 - LA,,,Nuit sans éclairage public,Hors agglomération,Hors intersection,Normale,Deux véhicules - arrière,,,,,,,,,,,3,1,1,1.0,2.0
201000023178,0010-08-26 08:45:00,10,8,26,8,45,130,117,"140, MARSEILLE ( AVENUE",,,Plein jour,En agglomération,Hors intersection,Normale,Trois véhicules et plus - collisions multiples,,,,,,,,,,,1,2,1,1.0,5.0
201000023179,0010-08-26 20:40:00,10,8,26,20,40,130,117,"32, ROME  (AVENUE DE)",,,Nuit avec éclairage allumé,En agglomération,Hors intersection,Normale,Sans collision,,,,,,,,,,,5,2,1,1.0,7.0
201000023180,0010-08-28 18:15:00,10,8,28,18,15,130,71,"00, PINCHINADES ( CHEMIN",,,Plein jour,En agglomération,Intersection en X,Normale,Trois véhicules et plus - collisions multiples,,,,,,,,,,,1,2,2,1.0,5.0
201000023181,0010-08-30 04:50:00,10,8,30,4,50,130,117,CHEMIN DEPARTEMENTAL 9 (,,,Nuit sans éclairage public,En agglomération,Hors intersection,Normale,Sans collision,,,,,,,,,,,3,2,1,1.0,7.0
201000023182,0010-08-30 08:35:00,10,8,30,8,35,130,117,EUROPE ( AVENUE DE L' ),,,Plein jour,En agglomération,Hors intersection,Normale,Deux véhicules - arrière,,,,,,,,,,,1,2,1,1.0,2.0
201000023183,0010-08-30 14:15:00,10,8,30,14,15,130,117,ROUTE NATIONALE 113 - CA,,,Plein jour,En agglomération,Hors intersection,Normale,Autre collision,,,,,,,,,,,1,2,1,1.0,6.0
201000023184,0010-08-30 18:40:00,10,8,30,18,40,130,117,CASILE ( BOULEVARD ALFRE,,,Plein jour,En agglomération,Hors intersection,Normale,Deux véhicules - côté,,,,,,,,,,,1,2,1,1.0,3.0
201000023185,0010-08-31 18:15:00,10,8,31,18,15,130,71,MONNET (AVENUE JEAN),,,Plein jour,En agglomération,Intersection en T,Normale,Deux véhicules - côté,,,,,,,,,,,1,2,3,1.0,3.0
201000023186,0010-08-31 18:30:00,10,8,31,18,30,130,71,MONNET (AVENUE JEAN),,,Plein jour,En agglomération,Hors intersection,Normale,Trois véhicules et plus - en chaîne,,,,,,,,,,,1,2,1,1.0,4.0
201000023187,0010-08-31 19:37:00,10,8,31,19,37,130,117,CHEMIN DEPARTEMENTAL 20,43.4235,5.23933,Plein jour,Hors agglomération,Hors intersection,Normale,Sans collision,,,,,,,,,,,1,1,1,1.0,7.0
201000023188,0010-09-03 13:50:00,10,9,3,13,50,130,117,"21, 8 MAI 1945 (AVENUE)",,,Plein jour,En agglomération,Hors intersection,Normale,Autre collision,,,,,,,,,,,1,2,1,1.0,6.0
201000023189,0010-09-03 16:10:00,10,9,3,16,10,130,71,ELISABETH (COLLEGE STE),43.4017,5.33527,Plein jour,En agglomération,Giratoire,Normale,Sans collision,,,,,,,,,,,1,2,6,1.0,7.0
201000023190,0010-09-05 09:00:00,10,9,5,9,0,130,71,"75, ROUTE NATIONALE 113",,,Plein jour,En agglomération,Hors intersection,Normale,Sans collision,,,,,,,,,,,1,2,1,1.0,7.0
201000023191,0010-09-05 13:55:00,10,9,5,13,55,130,117,PADOVANI ( AVE ),43.4392,5.25576,Plein jour,En agglomération,Giratoire,Normale,Deux véhicules - côté,,,,,,,,,,,1,2,6,1.0,3.0
201000023192,0010-09-05 19:40:00,10,9,5,19,40,130,71,"?, CHEMIN DEPARTEMENTAL",,,Plein jour,Hors agglomération,Hors intersection,Normale,Trois véhicules et plus - en chaîne,,,,,,,,,,,1,1,1,1.0,4.0
201000023193,0010-09-06 09:30:00,10,9,6,9,30,130,71,"10, HUGO ( AVENUE VICTOR",,,Plein jour,En agglomération,Giratoire,Normale,Autre collision,,,,,,,,,,,1,2,6,1.0,6.0
201000023194,0010-09-10 13:40:00,10,9,10,13,40,130,117,CHEMIN DEPARTEMENTAL 9 (,,,Plein jour,En agglomération,Hors intersection,Normale,Sans collision,,,,,,,,,,,1,2,1,1.0,7.0
201000023195,0010-09-13 04:05:00,10,9,13,4,5,130,117,ROUTE NATIONALE 113 - CA,,,Nuit avec éclairage allumé,Hors agglomération,Hors intersection,Normale,Sans collision,,,,,,,,,,,5,1,1,1.0,7.0
201000023196,0010-09-13 13:30:00,10,9,13,13,30,130,117,"0, INDOCHINE( ROND POINT",43.4442,5.24589,Plein jour,En agglomération,Giratoire,Normale,Deux véhicules - arrière,,,,,,,,,,,1,2,6,1.0,2.0
201000023197,0010-09-15 12:35:00,10,9,15,12,35,130,117,ROUTE NATIONALE 113-L'AN,,,Plein jour,Hors agglomération,Hors intersection,Normale,Deux véhicules - arrière,,,,,,,,,,,1,1,1,1.0,2.0
201000023198,0010-09-15 12:15:00,10,9,15,12,15,130,117,CD 9 ESTROUBLANS,,,Plein jour,En agglomération,Hors intersection,Normale,Sans collision,,,,,,,,,,,1,2,1,1.0,7.0
201000023199,0010-09-15 21:00:00,10,9,15,21,0,130,71,ROUTE NATIONALE 113 - VI,,,Nuit avec éclairage allumé,En agglomération,Hors intersection,Normale,Deux véhicules - arrière,,,,,,,,,,,5,2,1,1.0,2.0
201000023200,0010-09-15 13:00:00,10,9,15,13,0,130,117,LA BASTIDE BLANCHE CD 9,,,Plein jour,Hors agglomération,Hors intersection,Normale,Deux véhicules - arrière,,,,,,,,,,,1,1,1,1.0,2.0
201000023201,0010-09-19 18:45:00,10,9,19,18,45,130,71,ROUTE NATIONALE 368 (VIL,43.4081,5.30897,Plein jour,En agglomération,Intersection en X,Normale,Trois véhicules et plus - en chaîne,,,,,,,,,,,1,2,2,1.0,4.0
201000023202,0010-09-20 17:45:00,10,9,20,17,45,130,71,"262, MONNET (AVENUE JEAN",43.4109,5.30853,Plein jour,En agglomération,Hors intersection,Normale,Deux véhicules - côté,,,,,,,,,,,1,2,1,1.0,3.0
201000023203,0010-09-22 14:00:00,10,9,22,14,0,130,117,"XXXX, CHEMIN DEPARTEMENT",,,Plein jour,Hors agglomération,Hors intersection,Normale,Deux véhicules - côté,,,,,,,,,,,1,1,1,1.0,3.0
201000023204,0010-09-26 20:00:00,10,9,26,20,0,130,71,PONT DE VALLOT,,,Crépuscule ou aube,En agglomération,Hors intersection,Normale,Sans collision,,,,,,,,,,,2,2,1,1.0,7.0
201000023205,0010-09-27 12:00:00,10,9,27,12,0,130,71,CHEMIN DEPARTEMENTAL 6 (,,,Plein jour,En agglomération,Hors intersection,Normale,Autre collision,,,,,,,,,,,1,2,1,1.0,6.0
201000023206,0010-09-27 16:00:00,10,9,27,16,0,130,117,ROUTE NATIONALE 113 - LA,,,Plein jour,En agglomération,Intersection en T,Normale,Trois véhicules et plus - collisions multiples,,,,,,,,,,,1,2,3,1.0,5.0
201000023207,0010-09-29 18:15:00,10,9,29,18,15,130,71,PENNES AUX PINS ( CHEMIN,,,Plein jour,En agglomération,Hors intersection,Normale,Deux véhicules - arrière,,,,,,,,,,,1,2,1,1.0,2.0
201000023208,0010-09-30 13:05:00,10,9,30,13,5,130,117,ROUMANILLE ( RUE JOSEPH,,,Plein jour,En agglomération,Hors intersection,Normale,Deux véhicules - arrière,,,,,,,,,,,1,2,1,1.0,2.0
201000023209,0010-09-29 19:45:00,10,9,29,19,45,130,117,TULIPES ( ALLEE DES ),,,Nuit avec éclairage allumé,En agglomération,Hors intersection,Normale,Deux véhicules - côté,,,,,,,,,,,5,2,1,1.0,3.0
201000023210,0010-09-30 16:50:00,10,9,30,16,50,130,71,CHEMIN DEPARTEMENTAL 6 (,,,Plein jour,En agglomération,Hors intersection,Normale,Deux véhicules - arrière,,,,,,,,,,,1,2,1,1.0,2.0
201000023211,0010-10-01 12:00:00,10,10,1,12,0,130,71,MITTERRAND (AVENUE FRANC,,,Plein jour,En agglomération,Hors intersection,Normale,Deux véhicules - arrière,,,,,,,,,,,1,2,1,1.0,2.0
201000023212,0010-10-05 14:00:00,10,10,5,14,0,130,117,POSTE ( RUE DE LA ),,,Plein jour,En agglomération,Intersection en T,Normale,Autre collision,,,,,,,,,,,1,2,3,1.0,6.0
201000023213,0010-10-07 14:00:00,10,10,7,14,0,130,117,"78, ALTADIS (BD DE L'EUR",,,Plein jour,En agglomération,Hors intersection,Normale,Autre collision,,,,,,,,,,,1,2,1,1.0,6.0
201000023214,0010-10-11 12:00:00,10,10,11,12,0,130,117,CHEMIN DEPARTEMENTAL 20,43.4007,5.26289,Plein jour,En agglomération,Hors intersection,Pluie légère,Sans collision,,,,,,,,,,,1,2,1,2.0,7.0
201000023215,0010-10-11 13:30:00,10,10,11,13,30,130,117,BERLIN (RUE DE),,,Plein jour,En agglomération,Hors intersection,Pluie légère,Deux véhicules - côté,,,,,,,,,,,1,2,1,2.0,3.0
201000023216,0010-10-11 15:45:00,10,10,11,15,45,130,117,SEYSSAUD ( RUE RENE ),,,Plein jour,En agglomération,Hors intersection,Normale,Autre collision,,,,,,,,,,,1,2,1,1.0,6.0
201000023217,0010-10-12 15:20:00,10,10,12,15,20,130,117,"0, ROND-POINT DE L'ABBE",,,Plein jour,En agglomération,Hors intersection,Normale,Deux véhicules - côté,,,,,,,,,,,1,2,1,1.0,3.0
201000023218,0010-10-13 19:50:00,10,10,13,19,50,130,117,"0, CHEMIN DEPARTEMENTAL",,,Nuit sans éclairage public,Hors agglomération,Hors intersection,Normale,Deux véhicules - arrière,,,,,,,,,,,3,1,1,1.0,2.0
201000023219,0010-10-15 14:45:00,10,10,15,14,45,130,117,DROITS DE L'HOMME (ROND,,,Plein jour,En agglomération,Giratoire,Normale,Deux véhicules - côté,,,,,,,,,,,1,2,6,1.0,3.0
201000023220,0010-10-19 11:35:00,10,10,19,11,35,130,117,"X, BAOU (QUARTIER DU PON",43.4524,5.2364,Plein jour,Hors agglomération,Intersection en T,Normale,Autre collision,,,,,,,,,,,1,1,3,1.0,6.0
201000023221,0010-10-20 08:10:00,10,10,20,8,10,130,117,ROUTE NATIONALE 113 - CA,,,Plein jour,En agglomération,Hors intersection,Normale,Deux véhicules - frontale,,,,,,,,,,,1,2,1,1.0,1.0
201000023222,0010-10-22 20:00:00,10,10,22,20,0,130,117,"XX, ROUTE NATIONALE 113-",,,Nuit avec éclairage allumé,Hors agglomération,Hors intersection,Normale,Deux véhicules - arrière,,,,,,,,,,,5,1,1,1.0,2.0
201000023223,0010-10-23 17:50:00,10,10,23,17,50,130,71,?PLAN DE PENNES ( CHEMIN,,,Plein jour,En agglomération,Intersection en X,Temps couvert,Deux véhicules - côté,,,,,,,,,,,1,2,2,8.0,3.0
201000023224,0010-10-24 16:10:00,10,10,24,16,10,130,71,"X, CD 6",,,Plein jour,Hors agglomération,Hors intersection,Temps couvert,Deux véhicules - côté,,,,,,,,,,,1,1,1,8.0,3.0
201000023225,0010-10-26 17:30:00,10,10,26,17,30,130,71,"323, RD8",,,Plein jour,En agglomération,Intersection en T,Normale,Deux véhicules - arrière,,,,,,,,,,,1,2,3,1.0,2.0
201000023226,0010-10-27 11:10:00,10,10,27,11,10,130,117,ROUTE NATIONALE 113 - LA,,,Plein jour,En agglomération,Intersection en T,Normale,Deux véhicules - côté,,,,,,,,,,,1,2,3,1.0,3.0
201000023227,0010-10-29 18:20:00,10,10,29,18,20,130,117,PADOVANI ( AVE ),,,Plein jour,En agglomération,Hors intersection,Normale,Autre collision,,,,,,,,,,,1,2,1,1.0,6.0
201000023228,0010-10-31 01:25:00,10,10,31,1,25,130,117,"0, LA BASTIDE BLANCHE RN",,,Nuit sans éclairage public,Hors agglomération,Hors intersection,Temps couvert,Autre collision,,,,,,,,,,,3,1,1,8.0,6.0
201000023229,0010-10-31 13:30:00,10,10,31,13,30,130,117,RHIN DANUBE ( AVENUE ),,,Plein jour,En agglomération,Hors intersection,Pluie légère,Autre collision,,,,,,,,,,,1,2,1,2.0,6.0
201000023230,0010-11-05 19:30:00,10,11,5,19,30,130,117,ROUTE NATIONALE 113 - CA,,,Nuit avec éclairage allumé,En agglomération,Hors intersection,Normale,Deux véhicules - arrière,,,,,,,,,,,5,2,1,1.0,2.0
201000023231,0010-11-10 16:20:00,10,11,10,16,20,130,71,VERSAILLES (ROND POINT D,,,Plein jour,En agglomération,Giratoire,Temps couvert,Sans collision,,,,,,,,,,,1,2,6,8.0,7.0
201000023232,0010-11-05 19:40:00,10,11,5,19,40,130,117,DE LATTRE DE TASSIGNY (,,,Nuit avec éclairage allumé,En agglomération,Intersection en T,Normale,Deux véhicules - côté,,,,,,,,,,,5,2,3,1.0,3.0
201000023233,0010-11-10 17:00:00,10,11,10,17,0,130,71,ROUTE NATIONALE 113 - MO,,,Plein jour,En agglomération,Hors intersection,Normale,Sans collision,,,,,,,,,,,1,2,1,1.0,7.0
201000023234,0010-11-11 11:15:00,10,11,11,11,15,130,71,"00, ROUTE NATIONALE 113",,,Plein jour,En agglomération,Hors intersection,Normale,Sans collision,,,,,,,,,,,1,2,1,1.0,7.0
201000023235,0010-11-13 13:55:00,10,11,13,13,55,130,71,CD 6,,,Plein jour,En agglomération,Hors intersection,Normale,Deux véhicules - côté,,,,,,,,,,,1,2,1,1.0,3.0
201000023236,0010-11-01 17:00:00,10,11,1,17,0,130,117,TOULON GERARD ( RUE ),,,Plein jour,En agglomération,Intersection en T,Normale,Deux véhicules - frontale,,,,,,,,,,,1,2,3,1.0,1.0
201000023237,0010-11-15 08:35:00,10,11,15,8,35,130,117,CHEMIN DEPARTEMENTAL CD,,,Plein jour,Hors agglomération,Hors intersection,Pluie légère,Autre collision,,,,,,,,,,,1,1,1,2.0,6.0
201000023238,0010-11-16 11:00:00,10,11,16,11,0,130,71,ROUTE NATIONALE 113 - AG,,,Plein jour,En agglomération,Autre intersection,Normale,Deux véhicules - côté,,,,,,,,,,,1,2,9,1.0,3.0
201000023239,0010-11-16 17:35:00,10,11,16,17,35,130,71,ROUTE NATIONALE 113 - MO,,,Nuit avec éclairage allumé,En agglomération,Hors intersection,Normale,Trois véhicules et plus - en chaîne,,,,,,,,,,,5,2,1,1.0,4.0
201000023240,0010-11-17 13:35:00,10,11,17,13,35,130,117,ROUTE NATIONALE 113 - CA,,,Plein jour,En agglomération,Hors intersection,Normale,Deux véhicules - arrière,,,,,,,,,,,1,2,1,1.0,2.0
201000023241,0010-11-19 08:30:00,10,11,19,8,30,130,117,MONNET ( AVENUE JEAN ),,,Plein jour,En agglomération,Hors intersection,Normale,Autre collision,,,,,,,,,,,1,2,1,1.0,6.0
201000023242,0010-11-19 16:00:00,10,11,19,16,0,130,117,CASILE ( BOULEVARD ALFRE,,,Plein jour,En agglomération,Hors intersection,Normale,Autre collision,,,,,,,,,,,1,2,1,1.0,6.0
201000023243,0010-11-24 11:30:00,10,11,24,11,30,130,71,RD 543,,,Plein jour,En agglomération,Hors intersection,Normale,Deux véhicules - côté,,,,,,,,,,,1,2,1,1.0,3.0
201000023244,0010-11-22 09:20:00,10,11,22,9,20,130,117,SALYENS ( AVENUE DES ),,,Plein jour,En agglomération,Hors intersection,Normale,Deux véhicules - arrière,,,,,,,,,,,1,2,1,1.0,2.0
201000023245,0010-11-22 18:25:00,10,11,22,18,25,130,71,"89, MITTERRAND (AVENUE F",,,Nuit avec éclairage allumé,En agglomération,Hors intersection,Normale,Deux véhicules - arrière,,,,,,,,,,,5,2,1,1.0,2.0
201000023246,0010-11-23 10:45:00,10,11,23,10,45,130,117,"511, MONNET ( AVENUE JEA",,,Plein jour,En agglomération,Hors intersection,Normale,Deux véhicules - arrière,,,,,,,,,,,1,2,1,1.0,2.0
201000023247,0010-11-23 19:15:00,10,11,23,19,15,130,117,"XX, CHEMIN DEPARTEMENTAL",,,Nuit sans éclairage public,Hors agglomération,Hors intersection,Normale,Deux véhicules - arrière,,,,,,,,,,,3,1,1,1.0,2.0
201000023248,0010-11-24 08:25:00,10,11,24,8,25,130,71,VERSAILLES (ROND POINT D,,,Plein jour,En agglomération,Hors intersection,Normale,Deux véhicules - arrière,,,,,,,,,,,1,2,1,1.0,2.0
201000023249,0010-11-29 13:00:00,10,11,29,13,0,130,117,TOYS R US (MAGASIN),,,Plein jour,En agglomération,Hors intersection,Normale,Autre collision,,,,,,,,,,,1,2,1,1.0,6.0
201000023250,0010-11-30 18:10:00,10,11,30,18,10,130,117,LAMARTINE (RESIDENCE) AV,,,Nuit avec éclairage allumé,En agglomération,Hors intersection,Pluie légère,Deux véhicules - arrière,,,,,,,,,,,5,2,1,2.0,2.0
201000023251,0010-11-30 21:25:00,10,11,30,21,25,130,117,"1, ROUTE DEPARTEMENTALE",,,Nuit avec éclairage allumé,En agglomération,Hors intersection,Pluie légère,Autre collision,,,,,,,,,,,5,2,1,2.0,6.0
201000023252,0010-12-01 07:40:00,10,12,1,7,40,130,117,"22, ATHENES (RUE D')",,,Plein jour,En agglomération,Hors intersection,Normale,Sans collision,,,,,,,,,,,1,2,1,1.0,7.0
201000023253,0010-11-29 12:15:00,10,11,29,12,15,130,71,POURRANQUE ( CHEMIN DE L,,,Plein jour,En agglomération,Intersection en T,Normale,Deux véhicules - arrière,,,,,,,,,,,1,2,3,1.0,2.0
201000023254,0010-12-03 09:05:00,10,12,3,9,5,130,117,ROUTE NATIONALE 113 - AG,,,Plein jour,Hors agglomération,Hors intersection,Normale,Autre collision,,,,,,,,,,,1,1,1,1.0,6.0
201000023255,0010-12-05 01:50:00,10,12,5,1,50,130,71,ROUTE NATIONALE 368 (PLA,43.4078,5.3017,Nuit sans éclairage public,Hors agglomération,Autre intersection,Normale,Autre collision,,,,,,,,,,,3,1,9,1.0,6.0
201000023256,0010-12-05 19:20:00,10,12,5,19,20,130,117,"?, CHEMIN DEPARTEMENTAL",,,Nuit sans éclairage public,En agglomération,Hors intersection,Pluie légère,Deux véhicules - côté,,,,,,,,,,,3,2,1,2.0,3.0
201000023257,0010-12-06 07:25:00,10,12,6,7,25,130,117,ZI ESTROUBLANS RN 113,,,Crépuscule ou aube,Hors agglomération,Hors intersection,Pluie légère,Sans collision,,,,,,,,,,,2,1,1,2.0,7.0
201000023258,0010-12-06 12:20:00,10,12,6,12,20,130,117,GRIFFON ( ECHANGEUR DU ),,,Plein jour,En agglomération,Hors intersection,Pluie forte,Deux véhicules - côté,,,,,,,,,,,1,2,1,3.0,3.0
201000023259,0010-12-08 09:30:00,10,12,8,9,30,130,117,"78, ALTADIS (BD DE L'EUR",,,Plein jour,En agglomération,Hors intersection,Normale,Deux véhicules - frontale,,,,,,,,,,,1,2,1,1.0,1.0
201000023260,0010-12-08 07:00:00,10,12,8,7,0,130,117,ROUTE NATIONALE 113 - CA,,,Nuit sans éclairage public,Hors agglomération,Hors intersection,Normale,Deux véhicules - arrière,,,,,,,,,,,3,1,1,1.0,2.0
201000023261,0010-12-10 18:00:00,10,12,10,18,0,130,71,"?, ROUTE NATIONALE 113 -",,,Nuit avec éclairage allumé,En agglomération,Hors intersection,Normale,Trois véhicules et plus - en chaîne,,,,,,,,,,,5,2,1,1.0,4.0
201000023262,0010-12-18 11:25:00,10,12,18,11,25,130,117,"X, PADOVANI ( AVE )",,,Plein jour,En agglomération,Hors intersection,Normale,Deux véhicules - arrière,,,,,,,,,,,1,2,1,1.0,2.0
201000023263,0010-12-23 15:30:00,10,12,23,15,30,130,71,"?, PENNES AUX PINS ( CHE",,,Plein jour,Hors agglomération,Hors intersection,Normale,Autre collision,,,,,,,,,,,1,1,1,1.0,6.0
201000023264,0010-12-24 17:15:00,10,12,24,17,15,130,117,LIOURAT ( ESPLANADE DU ),,,Crépuscule ou aube,En agglomération,Hors intersection,Normale,Deux véhicules - côté,,,,,,,,,,,2,2,1,1.0,3.0
201000023265,0010-01-08 14:45:00,10,1,8,14,45,680,66,,48.12404,7.36503,Plein jour,Hors agglomération,Hors intersection,Neige / grêle,Deux véhicules - côté,,,,,,,,,,,1,1,1,4.0,3.0
201000023266,0010-04-19 15:00:00,10,4,19,15,0,680,66,,48.04709,7.37071,Plein jour,Hors agglomération,Hors intersection,Normale,Autre collision,,,,,,,,,,,1,1,1,1.0,6.0
201000023267,0010-05-09 05:15:00,10,5,9,5,15,680,82,,47.83571,7.39454,Nuit sans éclairage public,Hors agglomération,Hors intersection,Normale,Deux véhicules - arrière,,,,,,,,,,,3,1,1,1.0,2.0
201000023268,0010-05-28 07:00:00,10,5,28,7,0,680,234,,47.94526,7.36365,Plein jour,Hors agglomération,Hors intersection,Normale,Autre collision,,,,,,,,,,,1,1,1,1.0,6.0
201000023269,0010-07-02 14:30:00,10,7,2,14,30,680,66,,48.04809,7.371,Plein jour,Hors agglomération,Hors intersection,Normale,Autre collision,,,,,,,,,,,1,1,1,1.0,6.0
201000023270,0010-07-10 06:30:00,10,7,10,6,30,680,22,,47.82914,7.39396,Plein jour,Hors agglomération,Hors intersection,Normale,Sans collision,,,,,,,,,,,1,1,1,1.0,7.0
201000023271,0010-07-10 14:40:00,10,7,10,14,40,680,295,,48.01421,7.37541,Plein jour,Hors agglomération,Hors intersection,Normale,Deux véhicules - arrière,,,,,,,,,,,1,1,1,1.0,2.0
201000023272,0010-08-04 23:00:00,10,8,4,23,0,680,66,,48.04711,7.37063,Nuit sans éclairage public,Hors agglomération,Hors intersection,Normale,Autre collision,,,,,,,,,,,3,1,1,1.0,6.0
201000023273,0010-09-16 14:15:00,10,9,16,14,15,680,242,,47.96583,7.37007,Plein jour,Hors agglomération,Hors intersection,Normale,Deux véhicules - arrière,,,,,,,,,,,1,1,1,1.0,2.0
201000023274,0010-09-19 10:30:00,10,9,19,10,30,680,82,,47.85767,7.39359,Plein jour,Hors agglomération,Hors intersection,Normale,Sans collision,,,,,,,,,,,1,1,1,1.0,7.0
201000023275,0010-09-27 13:30:00,10,9,27,13,30,680,82,,47.83928,7.39458,Plein jour,Hors agglomération,Hors intersection,Normale,Trois véhicules et plus - en chaîne,,,,,,,,,,,1,1,1,1.0,4.0
201000023276,0010-11-30 04:15:00,10,11,30,4,15,680,252,,48.15337,7.37424,Nuit sans éclairage public,Hors agglomération,Hors intersection,Brouillard / fumée,Autre collision,,,,,,,,,,,3,1,1,5.0,6.0
201000023277,0010-03-28 10:15:00,10,3,28,10,15,780,561,RUE DES BOIS,48.7286,2.00212,Plein jour,En agglomération,Intersection en T,Pluie légère,Sans collision,,,,,,,,,,,1,2,3,2.0,7.0
201000023278,0010-07-06 10:00:00,10,7,6,10,0,780,620,D938,48.7401,2.11025,Plein jour,Hors agglomération,Intersection en T,Normale,Deux véhicules - côté,,,,,,,,,,,1,1,3,1.0,3.0
201000023279,0010-07-08 21:00:00,10,7,8,21,0,780,356,D195,48.7421,2.0364,Plein jour,Hors agglomération,Intersection en T,Normale,Deux véhicules - côté,,,,,,,,,,,1,1,3,1.0,3.0
201000023280,0010-08-29 02:45:00,10,8,29,2,45,780,143,Route de Trappes,48.744,2.08599,Nuit avec éclairage non allumé,En agglomération,Hors intersection,Normale,Autre collision,,,,,,,,,,,4,2,1,1.0,6.0
201000023281,0010-09-21 12:30:00,10,9,21,12,30,780,561,,48.744,2.02199,Plein jour,Hors agglomération,Hors intersection,Normale,Sans collision,,,,,,,,,,,1,1,1,1.0,7.0
201000023282,0010-10-09 15:30:00,10,10,9,15,30,780,561,,48.742,2.01799,Plein jour,Hors agglomération,Hors intersection,Normale,Deux véhicules - arrière,,,,,,,,,,,1,1,1,1.0,2.0
201000023283,0010-11-19 18:15:00,10,11,19,18,15,780,356,Carrefour Route de Versa,48.735,2.081,Nuit avec éclairage allumé,En agglomération,Hors intersection,Pluie légère,Deux véhicules - frontale,,,,,,,,,,,5,2,1,2.0,1.0
201000023284,0010-11-12 20:15:00,10,11,12,20,15,330,393,,44.993,-0.183,Nuit sans éclairage public,Hors agglomération,Hors intersection,Normale,Trois véhicules et plus - en chaîne,,,,,,,,,,,3,1,1,1.0,4.0
201000023285,0010-12-22 16:45:00,10,12,22,16,45,720,124,,,,Crépuscule ou aube,Hors agglomération,Hors intersection,Neige / grêle,Deux véhicules - arrière,,,,,,,,,,,2,1,1,4.0,2.0
201000023286,0010-01-15 16:30:00,10,1,15,16,30,720,109,,,,Plein jour,En agglomération,Hors intersection,Neige / grêle,Deux véhicules - frontale,,,,,,,,,,,1,2,1,4.0,1.0
201000023287,0010-01-17 20:15:00,10,1,17,20,15,720,198,,48.072,0.164,Nuit sans éclairage public,Hors agglomération,Hors intersection,Normale,Autre collision,,,,,,,,,,,3,1,1,1.0,6.0
201000023288,0010-07-09 17:30:00,10,7,9,17,30,720,255,,,,Plein jour,Hors agglomération,Hors intersection,Normale,Sans collision,,,,,,,,,,,1,1,1,1.0,7.0
201000023289,0010-08-10 14:15:00,10,8,10,14,15,720,157,,,,Plein jour,Hors agglomération,Hors intersection,Normale,Deux véhicules - côté,,,,,,,,,,,1,1,1,1.0,3.0
201000023290,0010-08-24 14:45:00,10,8,24,14,45,720,315,,,,Plein jour,Hors agglomération,Intersection en X,Normale,Deux véhicules - côté,,,,,,,,,,,1,1,2,1.0,3.0
201000023291,0010-10-12 08:00:00,10,10,12,8,0,720,24,,48.127,0.145,Crépuscule ou aube,Hors agglomération,Intersection en Y,Normale,Trois véhicules et plus - collisions multiples,,,,,,,,,,,2,1,4,1.0,5.0
201000023292,0010-10-15 20:15:00,10,10,15,20,15,720,321,PK 19 CD 28,48.076,-0.113,Nuit avec éclairage allumé,En agglomération,Hors intersection,Normale,Deux véhicules - frontale,,,,,,,,,,,5,2,1,1.0,1.0
201000023293,0010-10-17 16:00:00,10,10,17,16,0,720,315,,,,Plein jour,Hors agglomération,Hors intersection,Temps éblouissant,Autre collision,,,,,,,,,,,1,1,1,7.0,6.0
201000023294,0010-10-20 14:00:00,10,10,20,14,0,720,315,,,,Plein jour,Hors agglomération,Hors intersection,Normale,Deux véhicules - arrière,,,,,,,,,,,1,1,1,1.0,2.0
201000023295,0010-04-15 19:30:00,10,4,15,19,30,950,392,rue du bel air,49.0769,2.2077,Plein jour,En agglomération,Hors intersection,Normale,Deux véhicules - frontale,,,,,,,,,,,1,2,1,1.0,1.0
201000023296,0010-06-05 16:30:00,10,6,5,16,30,950,394,Route de Pontoise,49.0593,2.1657,Plein jour,En agglomération,Intersection en T,Normale,Deux véhicules - côté,,,,,,,,,,,1,2,3,1.0,3.0
201000023297,0010-07-08 11:15:00,10,7,8,11,15,950,394,RD 922,49.0567,2.1514,Plein jour,Hors agglomération,Hors intersection,Normale,Deux véhicules - frontale,,,,,,,,,,,1,1,1,1.0,1.0
201000023298,0010-09-05 05:45:00,10,9,5,5,45,950,392,14 rue Georges Duhamel,49.0856,2.2068,Crépuscule ou aube,En agglomération,Hors intersection,Normale,Autre collision,,,,,,,,,,,2,2,1,1.0,6.0
201000023299,0010-09-07 14:00:00,10,9,7,14,0,950,678,RD 44,49.0593,2.2129,Plein jour,En agglomération,Hors intersection,Normale,Autre collision,,,,,,,,,,,1,2,1,1.0,6.0
201000023300,0010-11-09 18:30:00,10,11,9,18,30,950,392,7 grande rue,49.0825,2.2061,Nuit avec éclairage allumé,En agglomération,Hors intersection,Pluie forte,Autre collision,,,,,,,,,,,5,2,1,3.0,6.0
201000023301,0010-04-10 14:15:00,10,4,10,14,15,460,327,,44.5052,1.49737,Plein jour,Hors agglomération,Hors intersection,Normale,Autre collision,,,,,,,,,,,1,1,1,1.0,6.0
201000023302,0010-05-11 16:30:00,10,5,11,16,30,460,149,,44.4627,1.50204,Plein jour,Hors agglomération,Hors intersection,Pluie forte,Autre collision,,,,,,,,,,,1,1,1,3.0,6.0
201000023303,0010-01-07 03:45:00,10,1,7,3,45,580,86,,,,Nuit sans éclairage public,Hors agglomération,Autre intersection,Neige / grêle,Autre collision,,,,,,,,,,,3,1,9,4.0,6.0