accident_id,datetime,annee,mois,jour,heure,minute,departement,commune_insee,adresse,latitude,longitude,luminosite,agglomeration,intersection,meteo,collision,nb_vehicules,nb_usagers,nb_indemnes,nb_tues,nb_blesses_hosp,nb_blesses_legers,age_cond_1,age_cond_2,veh_type_cond_1,veh_type_cond_2,lum_code,agg_code,int_code,atm_code,col_code
201000023556,0010-06-11 12:45:00,10,6,11,12,45,140,220,"119, REPUBLIQUE (AVENUE",,,Plein jour,En agglomération,Hors intersection,Normale,Deux véhicules - arrière,,,,,,,,,,,1,2,1,1.0,2.0
201000023557,0010-06-22 00:10:00,10,6,22,0,10,140,220,MOULIN-SAINT-LAURENT (RU,,,Nuit avec éclairage allumé,En agglomération,Hors intersection,Normale,Autre collision,,,,,,,,,,,5,2,1,1.0,6.0
201000023558,0010-06-23 17:00:00,10,6,23,17,0,140,220,"18, SPORTS (BOULEVARD DE",,,Plein jour,En agglomération,Hors intersection,Normale,Autre collision,,,,,,,,,,,1,2,1,1.0,6.0
201000023559,0010-06-29 17:45:00,10,6,29,17,45,140,715,CALLENVILLE (CHEMIN DE),,,Plein jour,Hors agglomération,Hors intersection,Normale,Autre collision,,,,,,,,,,,1,1,1,1.0,6.0
201000023560,0010-07-07 13:20:00,10,7,7,13,20,140,701,CD 278,,,Plein jour,Hors agglomération,Hors intersection,Normale,Autre collision,,,,,,,,,,,1,1,1,1.0,6.0
201000023561,0010-07-10 14:15:00,10,7,10,14,15,140,220,MIRABEAU (RUE),,,Plein jour,En agglomération,Hors intersection,Normale,Autre collision,,,,,,,,,,,1,2,1,1.0,6.0
201000023562,0010-07-12 16:05:00,10,7,12,16,5,140,220,GOLF (AVENUE DU),,,Plein jour,En agglomération,Intersection en X,Normale,Deux véhicules - côté,,,,,,,,,,,1,2,2,1.0,3.0
201000023563,0010-07-14 10:55:00,10,7,14,10,55,140,220,LOUIS-ARMAND (PLACE),,,Plein jour,En agglomération,Hors intersection,Normale,Autre collision,,,,,,,,,,,1,2,1,1.0,6.0
201000023564,0010-07-16 17:30:00,10,7,16,17,30,140,220,CORNUCHE (BOULEVARD),,,Plein jour,En agglomération,Hors intersection,Normale,Deux véhicules - arrière,,,,,,,,,,,1,2,1,1.0,2.0
201000023565,0010-07-18 16:10:00,10,7,18,16,10,140,557,LA VALLEE D'AUGE (RUE DE,,,Plein jour,En agglomération,Hors intersection,Normale,Autre collision,,,,,,,,,,,1,2,1,1.0,6.0
201000023566,0010-07-27 15:35:00,10,7,27,15,35,140,220,"135, REPUBLIQUE (AVENUE",,,Plein jour,En agglomération,Hors intersection,Normale,Deux véhicules - arrière,,,,,,,,,,,1,2,1,1.0,2.0
201000023567,0010-07-31 09:45:00,10,7,31,9,45,140,220,HOCHE (RUE),,,Plein jour,En agglomération,Intersection en X,Normale,Deux véhicules - côté,,,,,,,,,,,1,2,2,1.0,3.0
201000023568,0010-08-02 12:00:00,10,8,2,12,0,140,715,"13, HONFLEUR (ROUTE D')",,,Plein jour,En agglomération,Hors intersection,Normale,Deux véhicules - arrière,,,,,,,,,,,1,2,1,1.0,2.0
201000023569,0010-11-06 01:15:00,10,11,6,1,15,140,699,ARISTIDE BRIAND (AVENUE),,,Nuit avec éclairage allumé,En agglomération,Intersection en X,Normale,Deux véhicules - côté,,,,,,,,,,,5,2,2,1.0,3.0
201000023570,0010-11-06 22:50:00,10,11,6,22,50,140,701,C.D. 27,,,Nuit avec éclairage allumé,En agglomération,Hors intersection,Pluie légère,Sans collision,,,,,,,,,,,5,2,1,2.0,7.0
201000023571,0010-11-09 07:05:00,10,11,9,7,5,140,220,"176, REPUBLIQUE (AVENUE",,,Nuit avec éclairage allumé,En agglomération,Hors intersection,Normale,Deux véhicules - côté,,,,,,,,,,,5,2,1,1.0,3.0
201000023572,0010-12-06 19:00:00,10,12,6,19,0,140,220,OLLIFFE (RUE),,,Nuit avec éclairage allumé,En agglomération,Hors intersection,Normale,Deux véhicules - arrière,,,,,,,,,,,5,2,1,1.0,2.0
201000023573,0010-12-07 14:00:00,10,12,7,14,0,140,220,"45, HOCQUART DE TURTOT (",,,Plein jour,En agglomération,Hors intersection,Normale,Autre collision,,,,,,,,,,,1,2,1,1.0,6.0
201000023574,0010-01-06 23:45:00,10,1,6,23,45,850,64,,,,Nuit sans éclairage public,Hors agglomération,Hors intersection,Neige / grêle,Autre collision,,,,,,,,,,,3,1,1,4.0,6.0
201000023575,0010-05-01 09:45:00,10,5,1,9,45,440,2,,,,Plein jour,Hors agglomération,Hors intersection,Normale,Autre collision,,,,,,,,,,,1,1,1,1.0,6.0
201000023576,0010-05-30 03:15:00,10,5,30,3,15,440,142,,47.059,-1.418,Nuit sans éclairage public,Hors agglomération,Hors intersection,Normale,Trois véhicules et plus - collisions multiples,,,,,,,,,,,3,1,1,1.0,5.0
201000023577,0010-06-02 20:15:00,10,6,2,20,15,850,142,,,,Plein jour,Hors agglomération,Hors intersection,Normale,Autre collision,,,,,,,,,,,1,1,1,1.0,6.0
201000023578,0010-08-28 07:30:00,10,8,28,7,30,850,84,Sens Niort Nantes,,,Plein jour,Hors agglomération,Hors intersection,Normale,Deux véhicules - arrière,,,,,,,,,,,1,1,1,1.0,2.0
201000023579,0010-01-30 10:00:00,10,1,30,10,0,130,10,RUE DES ECOLES,43.9026,4.75169,Plein jour,En agglomération,Hors intersection,Normale,Deux véhicules - côté,,,,,,,,,,,1,2,1,1.0,3.0
201000023580,0010-02-17 08:30:00,10,2,17,8,30,130,45,,43.8581,4.76835,Plein jour,Hors agglomération,Hors intersection,Normale,Deux véhicules - arrière,,,,,,,,,,,1,1,1,1.0,2.0
201000023581,0010-02-24 16:15:00,10,2,24,16,15,130,45,,,,Plein jour,Hors agglomération,Hors intersection,Normale,Deux véhicules - frontale,,,,,,,,,,,1,1,1,1.0,1.0
201000023582,0010-04-10 02:30:00,10,4,10,2,30,130,36,RD571,43.8455,4.84011,Nuit sans éclairage public,En agglomération,Hors intersection,Normale,Deux véhicules - arrière,,,,,,,,,,,3,2,1,1.0,2.0
201000023583,0010-09-25 17:45:00,10,9,25,17,45,130,45,LOT LES STES MARIES,,,Plein jour,En agglomération,Hors intersection,Normale,Deux véhicules - frontale,,,,,,,,,,,1,2,1,1.0,1.0
201000023584,0010-10-03 05:30:00,10,10,3,5,30,130,10,,43.8989,4.72361,Nuit sans éclairage public,Hors agglomération,Hors intersection,Normale,Sans collision,,,,,,,,,,,3,1,1,1.0,7.0
201000023585,0010-10-15 20:30:00,10,10,15,20,30,130,10,,43.8967,4.77895,Nuit sans éclairage public,Hors agglomération,Hors intersection,Normale,Autre collision,,,,,,,,,,,3,1,1,1.0,6.0
201000023586,0010-10-21 14:00:00,10,10,21,14,0,130,61,,,,Plein jour,Hors agglomération,Hors intersection,Normale,Deux véhicules - arrière,,,,,,,,,,,1,1,1,1.0,2.0
201000023587,0010-10-29 03:30:00,10,10,29,3,30,130,83,,43.8976,4.80275,Nuit sans éclairage public,Hors agglomération,Hors intersection,Normale,Sans collision,,,,,,,,,,,3,1,1,1.0,7.0
201000023588,0010-10-25 14:00:00,10,10,25,14,0,130,17,,43.878,4.69568,Plein jour,Hors agglomération,Hors intersection,Normale,Autre collision,,,,,,,,,,,1,1,1,1.0,6.0
201000023589,0010-12-17 11:00:00,10,12,17,11,0,130,36,,43.8415,4.85247,Plein jour,Hors agglomération,Hors intersection,Normale,Autre collision,,,,,,,,,,,1,1,1,1.0,6.0
201000023590,0010-01-27 15:45:00,10,1,27,15,45,340,154,CD 62,43.54895,3.98312,Plein jour,En agglomération,Hors intersection,Normale,Sans collision,,,,,,,,,,,1,2,1,1.0,7.0
201000023591,0010-03-04 19:45:00,10,3,4,19,45,340,192,36 AVENUE ST  MAURICE,43.5317,3.94375,Nuit avec éclairage allumé,En agglomération,Hors intersection,Normale,Deux véhicules - côté,,,,,,,,,,,5,2,1,1.0,3.0
201000023592,0010-04-28 18:00:00,10,4,28,18,0,340,926,RD 62 E2 - CARNON,43.54882,3.97963,Plein jour,En agglomération,Hors intersection,Normale,Trois véhicules et plus - collisions multiples,,,,,,,,,,,1,2,1,1.0,5.0
201000023593,0010-06-08 14:00:00,10,6,8,14,0,340,192,avenue de l'Evêché de Ma,,,Plein jour,En agglomération,Hors intersection,Normale,Autre collision,,,,,,,,,,,1,2,1,1.0,6.0
201000023594,0010-06-18 08:15:00,10,6,18,8,15,340,192,,43.544,3.953,Plein jour,Hors agglomération,Hors intersection,Normale,Deux véhicules - arrière,,,,,,,,,,,1,1,1,1.0,2.0
201000023595,0010-07-11 01:30:00,10,7,11,1,30,340,192,,43.53698,3.94848,Nuit sans éclairage public,Hors agglomération,Hors intersection,Normale,Deux véhicules - frontale,,,,,,,,,,,3,1,1,1.0,1.0
201000023596,0010-01-04 07:55:00,10,1,4,7,55,150,14,"38, PONT ROUGE (BOULEVAR",44.9273,2.44818,Nuit avec éclairage allumé,En agglomération,Hors intersection,Pluie légère,Autre collision,,,,,,,,,,,5,2,1,2.0,6.0
201000023597,0010-01-29 16:00:00,10,1,29,16,0,150,14,"4, MARCENAGUE (RUE)",44.9327,2.4417,Plein jour,En agglomération,Intersection en T,Neige / grêle,Autre collision,,,,,,,,,,,1,2,3,4.0,6.0
201000023598,0010-02-18 07:50:00,10,2,18,7,50,150,12,BOUSQUET (LIEU-DIT LE),44.8876,2.4336,Crépuscule ou aube,Hors agglomération,Hors intersection,Pluie légère,Sans collision,,,,,,,,,,,2,1,1,2.0,7.0
201000023599,0010-04-26 17:00:00,10,4,26,17,0,150,12,RD 920,44.8343,2.48819,Plein jour,Hors agglomération,Hors intersection,Normale,Sans collision,,,,,,,,,,,1,1,1,1.0,7.0
201000023600,0010-04-30 12:00:00,10,4,30,12,0,150,14,"39, PUPILLES DE LA NATIO",44.9186,2.43849,Plein jour,En agglomération,Hors intersection,Normale,Autre collision,,,,,,,,,,,1,2,1,1.0,6.0
201000023601,0010-05-21 10:00:00,10,5,21,10,0,150,14,"16, VOLONTAIRE (AVENUE D",44.9169,2.43913,Plein jour,En agglomération,Hors intersection,Normale,Autre collision,,,,,,,,,,,1,2,1,1.0,6.0
201000023602,0010-05-22 07:00:00,10,5,22,7,0,150,12,REDONDETTE (ROND POINT),44.8938,2.44367,Plein jour,Hors agglomération,Giratoire,Temps éblouissant,Deux véhicules - côté,,,,,,,,,,,1,1,6,7.0,3.0
201000023603,0010-05-26 10:25:00,10,5,26,10,25,150,14,AVENUE DES PRADES,44.915,2.43405,Plein jour,En agglomération,Hors intersection,Normale,Autre collision,,,,,,,,,,,1,2,1,1.0,6.0
201000023604,0010-06-11 13:05:00,10,6,11,13,5,150,14,"10, DOCTEUR CHIBRET (RUE",44.9375,2.45336,Plein jour,En agglomération,Hors intersection,Normale,Autre collision,,,,,,,,,,,1,2,1,1.0,6.0
201000023605,0010-09-01 13:25:00,10,9,1,13,25,150,14,"5, PREVERT (RUE JACQUES)",44.9156,2.42898,Plein jour,En agglomération,Hors intersection,Normale,Deux véhicules - côté,,,,,,,,,,,1,2,1,1.0,3.0
201000023606,0010-09-03 12:00:00,10,9,3,12,0,150,14,"14, HORTES (BOULEVARD DE",44.9324,2.4402,Plein jour,En agglomération,Hors intersection,Normale,Autre collision,,,,,,,,,,,1,2,1,1.0,6.0
201000023607,0010-09-11 20:30:00,10,9,11,20,30,150,14,"1, VIALENC (CARREFOUR DU",44.9225,2.42775,Nuit avec éclairage allumé,En agglomération,Giratoire,Normale,Autre collision,,,,,,,,,,,5,2,6,1.0,6.0
201000023608,0010-09-21 09:40:00,10,9,21,9,40,150,14,"62, CONTHE (AVENUE DE)",44.9128,2.42516,Plein jour,En agglomération,Hors intersection,Normale,Autre collision,,,,,,,,,,,1,2,1,1.0,6.0
201000023609,0010-09-21 15:30:00,10,9,21,15,30,150,14,CAMISIERES (RUE DES),44.9164,2.43792,Plein jour,En agglomération,Intersection en X,Normale,Deux véhicules - côté,,,,,,,,,,,1,2,2,1.0,3.0
201000023610,0010-10-09 18:00:00,10,10,9,18,0,150,14,"1, CONTHE (ROUTE DE)",44.9181,2.43091,Plein jour,En agglomération,Hors intersection,Normale,Deux véhicules - arrière,,,,,,,,,,,1,2,1,1.0,2.0
201000023611,0010-11-16 07:50:00,10,11,16,7,50,150,12,REDONDETTE (ROND POINT),44.8971,2.44806,Nuit sans éclairage public,Hors agglomération,Hors intersection,Temps couvert,Autre collision,,,,,,,,,,,3,1,1,8.0,6.0
201000023612,0010-11-25 18:00:00,10,11,25,18,0,150,14,"1, CONDORCET (RUE)",44.9038,2.43319,Nuit avec éclairage non allumé,En agglomération,Intersection en X,Pluie légère,Autre collision,,,,,,,,,,,4,2,2,2.0,6.0
201000023613,0010-12-29 16:00:00,10,12,29,16,0,150,14,"85, VEYRE (AVENUE JEAN-B",44.9298,2.44959,Plein jour,En agglomération,Hors intersection,Temps éblouissant,Autre collision,,,,,,,,,,,1,2,1,7.0,6.0
201000023614,0010-01-20 20:15:00,10,1,20,20,15,760,442,,,,Nuit sans éclairage public,Hors agglomération,Hors intersection,Autre,Deux véhicules - côté,,,,,,,,,,,3,1,1,9.0,3.0
201000023615,0010-02-26 16:45:00,10,2,26,16,45,760,711,19 boulevard Faidherbe,,,Plein jour,En agglomération,Hors intersection,Normale,Deux véhicules - frontale,,,,,,,,,,,1,2,1,1.0,1.0
201000023616,0010-04-22 07:30:00,10,4,22,7,30,760,644,"carrefour RD 128, RD256",,,Crépuscule ou aube,En agglomération,Hors intersection,Normale,Deux véhicules - côté,,,,,,,,,,,2,2,1,1.0,3.0
201000023617,0010-05-14 10:45:00,10,5,14,10,45,760,192,83 rue de la libération,,,Plein jour,En agglomération,Place,Normale,Autre collision,,,,,,,,,,,1,2,7,1.0,6.0
201000023618,0010-06-06 04:30:00,10,6,6,4,30,760,192,rue du 11 novembre,,,Nuit avec éclairage allumé,En agglomération,Hors intersection,Pluie forte,Autre collision,,,,,,,,,,,5,2,1,3.0,6.0
201000023619,0010-06-23 08:15:00,10,6,23,8,15,760,255,,,,Plein jour,Hors agglomération,Hors intersection,Normale,Deux véhicules - frontale,,,,,,,,,,,1,1,1,1.0,1.0
201000023620,0010-06-30 12:30:00,10,6,30,12,30,760,711,avenue des canadiens,,,Plein jour,En agglomération,Hors intersection,Normale,Autre collision,,,,,,,,,,,1,2,1,1.0,6.0
201000023621,0010-07-12 18:15:00,10,7,12,18,15,760,643,"2, rue de la Gare",,,Plein jour,En agglomération,Hors intersection,Normale,Deux véhicules - arrière,,,,,,,,,,,1,2,1,1.0,2.0
201000023622,0010-08-04 14:30:00,10,8,4,14,30,760,435,5 RUE GOMARD,,,Plein jour,En agglomération,Hors intersection,Temps couvert,Deux véhicules - frontale,,,,,,,,,,,1,2,1,8.0,1.0
201000023623,0010-08-16 17:15:00,10,8,16,17,15,760,255,RD925,,,Plein jour,Hors agglomération,Hors intersection,Temps couvert,Deux véhicules - frontale,,,,,,,,,,,1,1,1,8.0,1.0
201000023624,0010-09-27 11:30:00,10,9,27,11,30,760,711,,,,Plein jour,Hors agglomération,Hors intersection,Normale,Deux véhicules - frontale,,,,,,,,,,,1,1,1,1.0,1.0
201000023625,0010-10-08 08:00:00,10,10,8,8,0,760,155,,,,Crépuscule ou aube,Hors agglomération,Hors intersection,Temps couvert,Deux véhicules - frontale,,,,,,,,,,,2,1,1,8.0,1.0
201000023626,0010-11-19 12:00:00,10,11,19,12,0,760,374,RD 58,,,Plein jour,Hors agglomération,Hors intersection,Autre,Autre collision,,,,,,,,,,,1,1,1,9.0,6.0
201000023627,0010-11-26 13:15:00,10,11,26,13,15,760,374,rue Jules Vernes,,,Plein jour,En agglomération,Hors intersection,Normale,Autre collision,,,,,,,,,,,1,2,1,1.0,6.0
201000023628,0010-12-12 18:00:00,10,12,12,18,0,760,745,,,,Crépuscule ou aube,Hors agglomération,Hors intersection,Temps couvert,Autre collision,,,,,,,,,,,2,1,1,8.0,6.0
201000023629,0010-01-16 04:30:00,10,1,16,4,30,760,111,,,,Nuit sans éclairage public,Hors agglomération,Hors intersection,Normale,Deux véhicules - frontale,,,,,,,,,,,3,1,1,1.0,1.0
201000023630,0010-03-03 14:45:00,10,3,3,14,45,760,109,RUE DU CHATEAU,,,Plein jour,En agglomération,Hors intersection,Normale,Autre collision,,,,,,,,,,,1,2,1,1.0,6.0
201000023631,0010-03-15 07:45:00,10,3,15,7,45,760,581,,,,Plein jour,Hors agglomération,Intersection en X,Normale,Deux véhicules - côté,,,,,,,,,,,1,1,2,1.0,3.0
201000023632,0010-04-07 17:30:00,10,4,7,17,30,760,243,,,,Plein jour,Hors agglomération,Intersection en X,Normale,Deux véhicules - côté,,,,,,,,,,,1,1,2,1.0,3.0
201000023633,0010-06-17 20:35:00,10,6,17,20,35,760,560,,,,Plein jour,Hors agglomération,Hors intersection,Normale,Sans collision,,,,,,,,,,,1,1,1,1.0,7.0
201000023634,0010-06-19 05:15:00,10,6,19,5,15,760,146,460 ROUTE DE FORGES,,,Crépuscule ou aube,En agglomération,Hors intersection,Normale,Autre collision,,,,,,,,,,,2,2,1,1.0,6.0
201000023635,0010-11-19 07:45:00,10,11,19,7,45,760,591,,,,Crépuscule ou aube,Hors agglomération,Hors intersection,Pluie légère,Autre collision,,,,,,,,,,,2,1,1,2.0,6.0
201000023636,0010-08-24 16:30:00,10,8,24,16,30,640,288,,43.3732,-0.52717,Plein jour,Hors agglomération,Hors intersection,Normale,Trois véhicules et plus - collisions multiples,,,,,,,,,,,1,1,1,1.0,5.0
201000023637,0010-08-30 06:45:00,10,8,30,6,45,640,396,,43.4354,-0.6624,Crépuscule ou aube,Hors agglomération,Hors intersection,Normale,Sans collision,,,,,,,,,,,2,1,1,1.0,7.0
201000023638,0010-11-05 14:00:00,10,11,5,14,0,640,57,,43.4706,-0.61547,Plein jour,Hors agglomération,Hors intersection,Normale,Sans collision,,,,,,,,,,,1,1,1,1.0,7.0
201000023639,0010-11-24 17:15:00,10,11,24,17,15,640,410,AVENUE PIERRE ANGOT,43.3693,-0.62502,Plein jour,En agglomération,Hors intersection,Normale,Deux véhicules - côté,,,,,,,,,,,1,2,1,1.0,3.0
201000023640,0010-12-27 10:45:00,10,12,27,10,45,640,410,RUE CHARLES MOUREU/LECLE,43.3711,-0.62852,Plein jour,En agglomération,Hors intersection,Normale,Autre collision,,,,,,,,,,,1,2,1,1.0,6.0
201000023641,0010-04-28 12:30:00,10,4,28,12,30,710,265,,,,Plein jour,Hors agglomération,Hors intersection,Normale,Deux véhicules - frontale,,,,,,,,,,,1,1,1,1.0,1.0
201000023642,0010-07-03 08:00:00,10,7,3,8,0,710,204,,,,Plein jour,Hors agglomération,Hors intersection,Normale,Autre collision,,,,,,,,,,,1,1,1,1.0,6.0
201000023643,0010-10-01 09:30:00,10,10,1,9,30,710,520,allée des Erables,46.751,4.849,Plein jour,En agglomération,Hors intersection,Normale,Deux véhicules - côté,,,,,,,,,,,1,2,1,1.0,3.0
201000023644,0010-06-04 12:45:00,10,6,4,12,45,410,280,,47.3217,1.76411,Plein jour,Hors agglomération,Hors intersection,Normale,Autre collision,,,,,,,,,,,1,1,1,1.0,6.0
201000023645,0010-06-11 20:00:00,10,6,11,20,0,410,44,,47.2896,1.97003,Plein jour,Hors agglomération,Hors intersection,Pluie forte,Sans collision,,,,,,,,,,,1,1,1,3.0,7.0
201000023646,0010-06-30 09:45:00,10,6,30,9,45,410,181,,47.2945,1.25702,Plein jour,Hors agglomération,Hors intersection,Normale,Autre collision,,,,,,,,,,,1,1,1,1.0,6.0
201000023647,0010-08-20 08:15:00,10,8,20,8,15,410,280,,47.3202,1.77576,Plein jour,Hors agglomération,Hors intersection,Normale,Autre collision,,,,,,,,,,,1,1,1,1.0,6.0
201000023648,0010-11-25 19:45:00,10,11,25,19,45,410,135,,47.2976,1.87209,Nuit sans éclairage public,Hors agglomération,Hors intersection,Neige / grêle,Sans collision,,,,,,,,,,,3,1,1,4.0,7.0
201000023649,0010-05-20 07:15:00,10,5,20,7,15,600,6,route de flandres,,,Plein jour,En agglomération,Hors intersection,Normale,Deux véhicules - arrière,,,,,,,,,,,1,2,1,1.0,2.0
201000023650,0010-09-21 19:00:00,10,9,21,19,0,600,587,RUE DE L EGLISE,,,Plein jour,En agglomération,Hors intersection,Normale,Autre collision,,,,,,,,,,,1,2,1,1.0,6.0
201000023651,0010-10-09 19:30:00,10,10,9,19,30,600,669,,,,Plein jour,Hors agglomération,Autre intersection,Normale,Sans collision,,,,,,,,,,,1,1,9,1.0,7.0
201000023652,0010-01-22 11:45:00,10,1,22,11,45,310,150,FACE ENTRÉE PARK N°6ET7,,,Plein jour,Hors agglomération,Intersection en T,Normale,Deux véhicules - côté,,,,,,,,,,,1,1,3,1.0,3.0
201000023653,0010-02-03 07:30:00,10,2,3,7,30,310,541,route de toulouse,43.694,1.359,Crépuscule ou aube,En agglomération,Hors intersection,Normale,Autre collision,,,,,,,,,,,2,2,1,1.0,6.0
201000023654,0010-03-04 10:30:00,10,3,4,10,30,310,56,rue de la République,,,Plein jour,En agglomération,Hors intersection,Normale,Deux véhicules - côté,,,,,,,,,,,1,2,1,1.0,3.0
201000023655,0010-03-30 21:30:00,10,3,30,21,30,310,351,CD 1 route de Montaigut,43.678,1.28,Nuit sans éclairage public,En agglomération,Hors intersection,Normale,Deux véhicules - arrière,,,,,,,,,,,3,2,1,1.0,2.0
201000023656,0010-04-14 19:00:00,10,4,14,19,0,310,341,,43.705,1.319,Plein jour,Hors agglomération,Hors intersection,Normale,Deux véhicules - arrière,,,,,,,,,,,1,1,1,1.0,2.0
201000023657,0010-04-28 17:30:00,10,4,28,17,30,310,541,,43.711,1.344,Plein jour,Hors agglomération,Hors intersection,Normale,Deux véhicules - arrière,,,,,,,,,,,1,1,1,1.0,2.0
201000023658,0010-06-05 21:00:00,10,6,5,21,0,310,541,,43.705,1.348,Plein jour,Hors agglomération,Hors intersection,Normale,Deux véhicules - côté,,,,,,,,,,,1,1,1,1.0,3.0
201000023659,0010-06-19 18:00:00,10,6,19,18,0,310,32,,43.689,1.331,Plein jour,En agglomération,Giratoire,Pluie légère,Deux véhicules - arrière,,,,,,,,,,,1,2,6,2.0,2.0
201000023660,0010-06-30 09:30:00,10,6,30,9,30,310,541,,,,Plein jour,Hors agglomération,Hors intersection,Normale,Deux véhicules - côté,,,,,,,,,,,1,1,1,1.0,3.0
201000023661,0010-07-07 10:00:00,10,7,7,10,0,310,150,,,,Plein jour,Hors agglomération,Hors intersection,Normale,Deux véhicules - frontale,,,,,,,,,,,1,1,1,1.0,1.0
201000023662,0010-07-11 00:01:00,10,7,11,0,1,310,351,intersection RD1 chemin,43.665,1.307,Nuit avec éclairage allumé,En agglomération,Intersection en Y,Normale,Deux véhicules - côté,,,,,,,,,,,5,2,4,1.0,3.0
201000023663,0010-10-13 15:30:00,10,10,13,15,30,310,541,,43.702,1.35,Plein jour,Hors agglomération,Hors intersection,Normale,Deux véhicules - frontale,,,,,,,,,,,1,1,1,1.0,1.0
201000023664,0010-10-21 15:00:00,10,10,21,15,0,310,56,zone de garossos,,,Plein jour,En agglomération,Giratoire,Normale,Deux véhicules - frontale,,,,,,,,,,,1,2,6,1.0,1.0
201000023665,0010-10-26 16:30:00,10,10,26,16,30,310,351,RN224 / RUE RIBACHOU,43.677,1.289,Plein jour,En agglomération,Hors intersection,Temps éblouissant,Deux véhicules - côté,,,,,,,,,,,1,2,1,7.0,3.0
201000023666,0010-11-16 15:30:00,10,11,16,15,30,310,32,,,,Plein jour,Hors agglomération,Hors intersection,Normale,Deux véhicules - arrière,,,,,,,,,,,1,1,1,1.0,2.0
201000023667,0010-12-28 22:00:00,10,12,28,22,0,310,150,71 ROUTE DE PIBRAC CD65,43.644,1.316,Nuit sans éclairage public,En agglomération,Hors intersection,Normale,Deux véhicules - frontale,,,,,,,,,,,3,2,1,1.0,1.0
201000023668,0010-01-09 18:00:00,10,1,9,18,0,250,371,,47.255,5.887,Nuit sans éclairage public,Hors agglomération,Hors intersection,Neige / grêle,Autre collision,,,,,,,,,,,3,1,1,4.0,6.0
201000023669,0010-03-04 07:15:00,10,3,4,7,15,250,381,rue ariane II,47.287,5.978,Plein jour,En agglomération,Intersection en T,Normale,Deux véhicules - côté,,,,,,,,,,,1,2,3,1.0,3.0
201000023670,0010-05-01 19:30:00,10,5,1,19,30,250,383,,47.32,5.926,Plein jour,Hors agglomération,Hors intersection,Pluie légère,Autre collision,,,,,,,,,,,1,1,1,2.0,6.0
201000023671,0010-09-22 16:30:00,10,9,22,16,30,250,265,RUE DES PAPETIERS,47.329,5.972,Plein jour,En agglomération,Hors intersection,Normale,Deux véhicules - côté,,,,,,,,,,,1,2,1,1.0,3.0
201000023672,0010-10-30 12:30:00,10,10,30,12,30,250,510,,47.291,5.787,Plein jour,Hors agglomération,Intersection en T,Pluie légère,Deux véhicules - côté,,,,,,,,,,,1,1,3,2.0,3.0
201000023673,0010-12-12 05:30:00,10,12,12,5,30,250,381,,47.304,5.99,Nuit sans éclairage public,Hors agglomération,Hors intersection,Pluie légère,Autre collision,,,,,,,,,,,3,1,1,2.0,6.0
201000023674,0010-12-14 13:15:00,10,12,14,13,15,250,200,,47.331,6.014,Plein jour,Hors agglomération,Hors intersection,Neige / grêle,Trois véhicules et plus - collisions multiples,,,,,,,,,,,1,1,1,4.0,5.0
201000023675,0010-01-20 18:15:00,10,1,20,18,15,950,637,rue de la paix,49.0319,2.0251,Nuit avec éclairage allumé,En agglomération,Hors intersection,Pluie légère,Autre collision,,,,,,,,,,,5,2,1,2.0,6.0
201000023676,0010-02-15 16:25:00,10,2,15,16,25,950,388,Allée du VEXIN,49.0281,1.9845,Plein jour,En agglomération,Hors intersection,Normale,Autre collision,,,,,,,,,,,1,2,1,1.0,6.0
201000023677,0010-03-20 08:00:00,10,3,20,8,0,950,510,,,,Plein jour,Hors agglomération,Hors intersection,Pluie forte,Deux véhicules - côté,,,,,,,,,,,1,1,1,3.0,3.0
201000023678,0010-05-02 07:00:00,10,5,2,7,0,950,510,RD 14,49.0586,2.0022,Crépuscule ou aube,Hors agglomération,Hors intersection,Normale,Sans collision,,,,,,,,,,,2,1,1,1.0,7.0
201000023679,0010-06-20 05:45:00,10,6,20,5,45,950,510,Boulevard de la PAIX,49.0544,2.0221,Crépuscule ou aube,En agglomération,Hors intersection,Normale,Autre collision,,,,,,,,,,,2,2,1,1.0,6.0
201000023680,0010-07-04 20:00:00,10,7,4,20,0,950,637,AVENUE AUGUSTE BLANQUI,49.0308,2.0146,Plein jour,En agglomération,Giratoire,Normale,Deux véhicules - côté,,,,,,,,,,,1,2,6,1.0,3.0
201000023681,0010-08-08 17:00:00,10,8,8,17,0,950,637,Rue Nationale,49.0293,2.03359,Plein jour,En agglomération,Hors intersection,Normale,Sans collision,,,,,,,,,,,1,2,1,1.0,7.0
201000023682,0010-08-21 17:20:00,10,8,21,17,20,950,637,Boulevard de l'Oise,49.0307,2.02179,Plein jour,En agglomération,Hors intersection,Normale,Deux véhicules - arrière,,,,,,,,,,,1,2,1,1.0,2.0
201000023683,0010-09-01 18:50:00,10,9,1,18,50,950,510,Chemin Jules César,49.0678,2.0232,Plein jour,Hors agglomération,Hors intersection,Normale,Deux véhicules - frontale,,,,,,,,,,,1,1,1,1.0,1.0
201000023684,0010-09-25 16:15:00,10,9,25,16,15,950,637,64 rue du brabant,49.0284,2.0259,Plein jour,En agglomération,Hors intersection,Normale,Autre collision,,,,,,,,,,,1,2,1,1.0,6.0