accident_id,datetime,annee,mois,jour,heure,minute,departement,commune_insee,adresse,latitude,longitude,luminosite,agglomeration,intersection,meteo,collision,nb_vehicules,nb_usagers,nb_indemnes,nb_tues,nb_blesses_hosp,nb_blesses_legers,age_cond_1,age_cond_2,veh_type_cond_1,veh_type_cond_2,lum_code,agg_code,int_code,atm_code,col_code
201000023938,0010-05-23 07:15:00,10,5,23,7,15,170,299,"172990223, LIBERATION AV",,,Plein jour,En agglomération,Hors intersection,Normale,Sans collision,,,,,,,,,,,1,2,1,1.0,7.0
201000023939,0010-05-24 20:00:00,10,5,24,20,0,170,449,"174490044, SAINTONGE AVE",,,Plein jour,En agglomération,Giratoire,Normale,Sans collision,,,,,,,,,,,1,2,6,1.0,7.0
201000023940,0010-05-28 19:30:00,10,5,28,19,30,170,449,"174490005, AUNIS AVENUE",,,Plein jour,En agglomération,Hors intersection,Normale,Deux véhicules - frontale,,,,,,,,,,,1,2,1,1.0,1.0
201000023941,0010-06-05 02:25:00,10,6,5,2,25,170,299,"172990270, ONZE NOVEMBRE",,,Nuit avec éclairage allumé,En agglomération,Hors intersection,Normale,Sans collision,,,,,,,,,,,5,2,1,1.0,7.0
201000023942,0010-06-06 18:05:00,10,6,6,18,5,170,299,"172990384, RD 137",,,Plein jour,Hors agglomération,Hors intersection,Normale,Trois véhicules et plus - collisions multiples,,,,,,,,,,,1,1,1,1.0,5.0
201000023943,0010-06-06 19:40:00,10,6,6,19,40,170,299,"172990130, DIX NEUF MARS",,,Plein jour,En agglomération,Hors intersection,Normale,Autre collision,,,,,,,,,,,1,2,1,1.0,6.0
201000023944,0010-06-14 13:25:00,10,6,14,13,25,170,449,"174490005, AUNIS AVENUE",,,Plein jour,En agglomération,Hors intersection,Normale,Autre collision,,,,,,,,,,,1,2,1,1.0,6.0
201000023945,0010-06-16 18:55:00,10,6,16,18,55,170,299,"172990264, MOULIN RUE JE",,,Plein jour,En agglomération,Hors intersection,Pluie légère,Deux véhicules - frontale,,,,,,,,,,,1,2,1,2.0,1.0
201000023946,0010-06-17 17:50:00,10,6,17,17,50,170,299,"172990161, FULLER AVENUE",,,Plein jour,En agglomération,Hors intersection,Normale,Deux véhicules - côté,,,,,,,,,,,1,2,1,1.0,3.0
201000023947,0010-06-17 19:05:00,10,6,17,19,5,170,299,"172990352, TOUFAIRE RUE",,,Plein jour,En agglomération,Intersection en T,Normale,Sans collision,,,,,,,,,,,1,2,3,1.0,7.0
201000023948,0010-06-18 18:30:00,10,6,18,18,30,170,299,"172990204, LA FAYETTE RU",,,Plein jour,En agglomération,Intersection en X,Normale,Deux véhicules - côté,,,,,,,,,,,1,2,2,1.0,3.0
201000023949,0010-06-26 20:40:00,10,6,26,20,40,170,299,"172990392, MALLET MAURIC",,,Plein jour,En agglomération,Hors intersection,Normale,Autre collision,,,,,,,,,,,1,2,1,1.0,6.0
201000023950,0010-06-29 11:40:00,10,6,29,11,40,170,299,"172990388, BRILLOUET RON",,,Plein jour,Hors agglomération,Giratoire,Normale,Sans collision,,,,,,,,,,,1,1,6,1.0,7.0
201000023951,0010-07-01 09:55:00,10,7,1,9,55,170,299,"172990383, PREE DES CANO",,,Plein jour,Hors agglomération,Giratoire,Normale,Deux véhicules - côté,,,,,,,,,,,1,1,6,1.0,3.0
201000023952,0010-07-05 16:20:00,10,7,5,16,20,170,449,"174490179, PAPIN DENIS R",,,Plein jour,En agglomération,Giratoire,Normale,Sans collision,,,,,,,,,,,1,2,6,1.0,7.0
201000023953,0010-07-07 10:20:00,10,7,7,10,20,170,299,"172990282, PELTIER RUE D",,,Plein jour,En agglomération,Intersection en T,Normale,Deux véhicules - côté,,,,,,,,,,,1,2,3,1.0,3.0
201000023954,0010-07-07 12:50:00,10,7,7,12,50,170,299,"172990171, GIRAL RUE",,,Plein jour,En agglomération,Hors intersection,Normale,Deux véhicules - frontale,,,,,,,,,,,1,2,1,1.0,1.0
201000023955,0010-07-12 16:05:00,10,7,12,16,5,170,449,"174490166, RD 214",,,Plein jour,Hors agglomération,Hors intersection,Normale,Sans collision,,,,,,,,,,,1,1,1,1.0,7.0
201000023956,0010-07-13 16:40:00,10,7,13,16,40,170,299,"172990303, POUZET BOULEV",,,Plein jour,En agglomération,Hors intersection,Normale,Trois véhicules et plus - en chaîne,,,,,,,,,,,1,2,1,1.0,4.0
201000023957,0010-07-14 00:45:00,10,7,14,0,45,170,449,"174490161, RD 117",,,Nuit sans éclairage public,Hors agglomération,Hors intersection,Normale,Deux véhicules - frontale,,,,,,,,,,,3,1,1,1.0,1.0
201000023958,0010-07-15 15:55:00,10,7,15,15,55,170,299,"172990133, DORLEAC PLACE",,,Plein jour,En agglomération,Giratoire,Normale,Deux véhicules - côté,,,,,,,,,,,1,2,6,1.0,3.0
201000023959,0010-07-17 07:45:00,10,7,17,7,45,170,299,"172990046, BERNADOTTE AV",,,Plein jour,En agglomération,Intersection en T,Normale,Deux véhicules - arrière,,,,,,,,,,,1,2,3,1.0,2.0
201000023960,0010-07-20 19:30:00,10,7,20,19,30,170,299,"172990270, ONZE NOVEMBRE",,,Plein jour,En agglomération,Place,Normale,Deux véhicules - arrière,,,,,,,,,,,1,2,7,1.0,2.0
201000023961,0010-07-20 19:35:00,10,7,20,19,35,170,299,"172990011, ANGUILLES ALL",,,Plein jour,En agglomération,Intersection en T,Normale,Deux véhicules - côté,,,,,,,,,,,1,2,3,1.0,3.0
201000023962,0010-07-20 22:45:00,10,7,20,22,45,170,299,"172990378, LEGION D'HONN",,,Nuit avec éclairage allumé,En agglomération,Giratoire,Normale,Deux véhicules - côté,,,,,,,,,,,5,2,6,1.0,3.0
201000023963,0010-07-31 10:25:00,10,7,31,10,25,170,299,"172990330, ROY-BRY COURS",,,Plein jour,En agglomération,Place,Normale,Deux véhicules - arrière,,,,,,,,,,,1,2,7,1.0,2.0
201000023964,0010-08-06 08:45:00,10,8,6,8,45,170,299,"172990133, DORLEAC PLACE",,,Plein jour,En agglomération,Giratoire,Normale,Autre collision,,,,,,,,,,,1,2,6,1.0,6.0
201000023965,0010-08-10 05:55:00,10,8,10,5,55,170,299,"172990037, BEGON ROND PO",,,Nuit avec éclairage allumé,En agglomération,Intersection en X,Normale,Deux véhicules - côté,,,,,,,,,,,5,2,2,1.0,3.0
201000023966,0010-08-13 20:45:00,10,8,13,20,45,170,299,"172990303, POUZET BOULEV",,,Plein jour,En agglomération,Intersection en T,Normale,Deux véhicules - côté,,,,,,,,,,,1,2,3,1.0,3.0
201000023967,0010-08-16 14:35:00,10,8,16,14,35,170,299,"172990080, C.D. 733",,,Plein jour,En agglomération,Hors intersection,Normale,Deux véhicules - côté,,,,,,,,,,,1,2,1,1.0,3.0
201000023968,0010-08-20 09:00:00,10,8,20,9,0,170,449,"174490005, AUNIS AVENUE",,,Plein jour,En agglomération,Hors intersection,Normale,Deux véhicules - côté,,,,,,,,,,,1,2,1,1.0,3.0
201000023969,0010-08-20 16:20:00,10,8,20,16,20,170,299,"172990128, DIERAS AVENUE",,,Plein jour,En agglomération,Giratoire,Normale,Deux véhicules - côté,,,,,,,,,,,1,2,6,1.0,3.0
201000023970,0010-08-21 11:30:00,10,8,21,11,30,170,299,"172990270, ONZE NOVEMBRE",,,Plein jour,En agglomération,Hors intersection,Normale,Sans collision,,,,,,,,,,,1,2,1,1.0,7.0
201000023971,0010-08-23 11:20:00,10,8,23,11,20,170,299,"172990128, DIERAS AVENUE",,,Plein jour,En agglomération,Giratoire,Normale,Deux véhicules - côté,,,,,,,,,,,1,2,6,1.0,3.0
201000023972,0010-08-25 15:30:00,10,8,25,15,30,170,299,"172990299, PONTY AVENUE",,,Plein jour,En agglomération,Hors intersection,Normale,Deux véhicules - arrière,,,,,,,,,,,1,2,1,1.0,2.0
201000023973,0010-08-27 15:20:00,10,8,27,15,20,170,449,"174490034, R.D. 137 (TON",,,Plein jour,Hors agglomération,Intersection en T,Normale,Deux véhicules - arrière,,,,,,,,,,,1,1,3,1.0,2.0
201000023974,0010-08-30 16:15:00,10,8,30,16,15,170,299,"172990128, DIERAS AVENUE",,,Plein jour,En agglomération,Hors intersection,Normale,Autre collision,,,,,,,,,,,1,2,1,1.0,6.0
201000023975,0010-09-01 13:20:00,10,9,1,13,20,170,449,"174490044, SAINTONGE AVE",,,Plein jour,En agglomération,Giratoire,Normale,Sans collision,,,,,,,,,,,1,2,6,1.0,7.0
201000023976,0010-09-01 15:00:00,10,9,1,15,0,170,299,"172990080, C.D. 733",,,Plein jour,Hors agglomération,Hors intersection,Normale,Trois véhicules et plus - en chaîne,,,,,,,,,,,1,1,1,1.0,4.0
201000023977,0010-09-08 08:55:00,10,9,8,8,55,170,299,"172990161, FULLER AVENUE",,,Plein jour,En agglomération,Hors intersection,Normale,Sans collision,,,,,,,,,,,1,2,1,1.0,7.0
201000023978,0010-09-14 17:25:00,10,9,14,17,25,170,299,"172990056, BOIS D'AMOURE",,,Plein jour,En agglomération,Intersection en T,Normale,Sans collision,,,,,,,,,,,1,2,3,1.0,7.0
201000023979,0010-09-17 16:50:00,10,9,17,16,50,170,449,"174490044, SAINTONGE AVE",,,Plein jour,En agglomération,Hors intersection,Normale,Trois véhicules et plus - en chaîne,,,,,,,,,,,1,2,1,1.0,4.0
201000023980,0010-09-19 22:15:00,10,9,19,22,15,170,299,"172990257, MILLE PATTES",,,Nuit avec éclairage allumé,Hors agglomération,Hors intersection,Normale,Trois véhicules et plus - en chaîne,,,,,,,,,,,5,1,1,1.0,4.0
201000023981,0010-09-20 21:50:00,10,9,20,21,50,170,299,"172990277, PASTEUR RUE",,,Nuit avec éclairage non allumé,En agglomération,Hors intersection,Normale,Autre collision,,,,,,,,,,,4,2,1,1.0,6.0
201000023982,0010-09-21 19:30:00,10,9,21,19,30,170,299,"172990295, POLYGONE ROND",,,Plein jour,En agglomération,Giratoire,Normale,Deux véhicules - côté,,,,,,,,,,,1,2,6,1.0,3.0
201000023983,0010-09-22 20:20:00,10,9,22,20,20,170,299,"172990226, LOTI RUE PIER",,,Plein jour,En agglomération,Intersection en X,Normale,Deux véhicules - côté,,,,,,,,,,,1,2,2,1.0,3.0
201000023984,0010-09-24 10:30:00,10,9,24,10,30,170,299,"172990350, TORRELAVEGA A",,,Plein jour,En agglomération,Hors intersection,Pluie légère,Sans collision,,,,,,,,,,,1,2,1,2.0,7.0
201000023985,0010-09-28 17:55:00,10,9,28,17,55,170,299,"172990299, PONTY AVENUE",,,Plein jour,En agglomération,Hors intersection,Normale,Autre collision,,,,,,,,,,,1,2,1,1.0,6.0
201000023986,0010-09-29 16:05:00,10,9,29,16,5,170,299,"172990379, RESISTANCE BO",,,Plein jour,En agglomération,Intersection en T,Normale,Deux véhicules - arrière,,,,,,,,,,,1,2,3,1.0,2.0
201000023987,0010-10-05 11:15:00,10,10,5,11,15,170,299,"172990069, BUROT RUE",,,Plein jour,En agglomération,Intersection en T,Pluie légère,Deux véhicules - côté,,,,,,,,,,,1,2,3,2.0,3.0
201000023988,0010-10-05 13:20:00,10,10,5,13,20,170,299,"172990375, ZOLA RUE EMIL",,,Plein jour,En agglomération,Intersection en X,Pluie légère,Autre collision,,,,,,,,,,,1,2,2,2.0,6.0
201000023989,0010-10-11 11:25:00,10,10,11,11,25,170,299,"172990270, ONZE NOVEMBRE",,,Plein jour,En agglomération,Autre intersection,Normale,Deux véhicules - côté,,,,,,,,,,,1,2,9,1.0,3.0
201000023990,0010-10-14 09:55:00,10,10,14,9,55,170,299,"172990281, PELLETAN AVEN",,,Plein jour,En agglomération,Giratoire,Normale,Deux véhicules - côté,,,,,,,,,,,1,2,6,1.0,3.0
201000023991,0010-10-15 17:45:00,10,10,15,17,45,170,299,"172990121, DE GAULLE AVE",,,Plein jour,En agglomération,Hors intersection,Normale,Sans collision,,,,,,,,,,,1,2,1,1.0,7.0
201000023992,0010-10-19 07:55:00,10,10,19,7,55,170,299,"172990270, ONZE NOVEMBRE",,,Crépuscule ou aube,En agglomération,Intersection en X,Pluie légère,Deux véhicules - côté,,,,,,,,,,,2,2,2,2.0,3.0
201000023993,0010-10-21 19:15:00,10,10,21,19,15,170,299,"172990121, DE GAULLE AVE",,,Crépuscule ou aube,En agglomération,Hors intersection,Normale,Deux véhicules - arrière,,,,,,,,,,,2,2,1,1.0,2.0
201000023994,0010-10-27 10:00:00,10,10,27,10,0,170,449,"174490003, ALSACE LORRAI",,,Plein jour,En agglomération,Hors intersection,Normale,Sans collision,,,,,,,,,,,1,2,1,1.0,7.0
201000023995,0010-11-02 17:15:00,10,11,2,17,15,170,299,"172990223, LIBERATION AV",,,Plein jour,En agglomération,Hors intersection,Pluie légère,Deux véhicules - côté,,,,,,,,,,,1,2,1,2.0,3.0
201000023996,0010-11-03 15:30:00,10,11,3,15,30,170,299,"172990066, BRILLOUET RUE",,,Plein jour,En agglomération,Hors intersection,Normale,Deux véhicules - côté,,,,,,,,,,,1,2,1,1.0,3.0
201000023997,0010-11-04 18:10:00,10,11,4,18,10,170,299,"172990352, TOUFAIRE RUE",,,Nuit avec éclairage allumé,En agglomération,Hors intersection,Pluie légère,Autre collision,,,,,,,,,,,5,2,1,2.0,6.0
201000023998,0010-11-12 15:30:00,10,11,12,15,30,170,299,"172990185, HEBRARD RUE",,,Plein jour,En agglomération,Hors intersection,Pluie forte,Sans collision,,,,,,,,,,,1,2,1,3.0,7.0
201000023999,0010-11-16 16:55:00,10,11,16,16,55,170,299,"1729000281, PELLETAN AVE",,,Plein jour,En agglomération,Hors intersection,Normale,Sans collision,,,,,,,,,,,1,2,1,1.0,7.0
201000024000,0010-11-18 21:30:00,10,11,18,21,30,170,299,"172990161, FULLER AVENUE",,,Nuit avec éclairage allumé,En agglomération,Hors intersection,Pluie légère,Autre collision,,,,,,,,,,,5,2,1,2.0,6.0
201000024001,0010-11-19 08:25:00,10,11,19,8,25,170,299,"172990226, LOTI RUE PIER",,,Plein jour,En agglomération,Intersection en X,Pluie légère,Deux véhicules - côté,,,,,,,,,,,1,2,2,2.0,3.0
201000024002,0010-11-22 16:45:00,10,11,22,16,45,170,299,"172990091, CHARRE CHEMIN",,,Plein jour,En agglomération,Hors intersection,Normale,Sans collision,,,,,,,,,,,1,2,1,1.0,7.0
201000024003,0010-11-24 14:55:00,10,11,24,14,55,170,299,"172990018, AUDRY DE PUYR",,,Plein jour,En agglomération,Intersection en X,Normale,Deux véhicules - côté,,,,,,,,,,,1,2,2,1.0,3.0
201000024004,0010-11-24 19:45:00,10,11,24,19,45,170,299,MILLE PATTES BOULEVARD D,,,Nuit avec éclairage allumé,Hors agglomération,Hors intersection,Normale,Sans collision,,,,,,,,,,,5,1,1,1.0,7.0
201000024005,0010-11-26 09:15:00,10,11,26,9,15,170,299,"172990323, ROCHELLE ROUT",,,Plein jour,En agglomération,Hors intersection,Normale,Deux véhicules - arrière,,,,,,,,,,,1,2,1,1.0,2.0
201000024006,0010-11-30 18:00:00,10,11,30,18,0,170,299,"172990204, LA FAYETTE RU",,,Nuit avec éclairage allumé,En agglomération,Hors intersection,Normale,Deux véhicules - côté,,,,,,,,,,,5,2,1,1.0,3.0
201000024007,0010-12-03 00:01:00,10,12,3,0,1,170,299,"172990243, MARTROU PONT",,,Nuit avec éclairage allumé,Hors agglomération,Hors intersection,Normale,Sans collision,,,,,,,,,,,5,1,1,1.0,7.0
201000024008,0010-12-03 13:00:00,10,12,3,13,0,170,449,"174490153, NOBEL RUE ALF",,,Plein jour,En agglomération,Hors intersection,Normale,Sans collision,,,,,,,,,,,1,2,1,1.0,7.0
201000024009,0010-12-06 17:25:00,10,12,6,17,25,170,299,"172990121, DE GAULLE AVE",,,Nuit avec éclairage allumé,En agglomération,Intersection en X,Pluie forte,Sans collision,,,,,,,,,,,5,2,2,3.0,7.0
201000024010,0010-12-09 16:10:00,10,12,9,16,10,170,299,"172990381, BERNADOTTE RO",,,Plein jour,En agglomération,Giratoire,Normale,Deux véhicules - arrière,,,,,,,,,,,1,2,6,1.0,2.0
201000024011,0010-12-11 12:10:00,10,12,11,12,10,170,449,"174490161, RD 117",,,Plein jour,Hors agglomération,Hors intersection,Normale,Sans collision,,,,,,,,,,,1,1,1,1.0,7.0
201000024012,0010-12-13 08:05:00,10,12,13,8,5,170,299,"172990024, BACHELARD AVE",,,Plein jour,En agglomération,Hors intersection,Autre,Deux véhicules - frontale,,,,,,,,,,,1,2,1,9.0,1.0
201000024013,0010-12-21 09:50:00,10,12,21,9,50,170,299,"172990193, HUIT MAI 1945",,,Plein jour,En agglomération,Intersection en X,Pluie légère,Deux véhicules - côté,,,,,,,,,,,1,2,2,2.0,3.0
201000024014,0010-12-23 16:05:00,10,12,23,16,5,170,299,"172990024, BACHELARD AVE",,,Plein jour,En agglomération,Hors intersection,Normale,Sans collision,,,,,,,,,,,1,2,1,1.0,7.0
201000024015,0010-12-23 16:45:00,10,12,23,16,45,170,299,"172990065, BRIAND BOULEV",,,Plein jour,En agglomération,Giratoire,Pluie légère,Deux véhicules - côté,,,,,,,,,,,1,2,6,2.0,3.0
201000024016,0010-12-31 10:05:00,10,12,31,10,5,170,299,"172990316, REPUBLIQUE RU",,,Plein jour,En agglomération,Hors intersection,Pluie légère,Sans collision,,,,,,,,,,,1,2,1,2.0,7.0
201000024017,0010-01-02 19:32:00,10,1,2,19,32,170,300,"129, GRASSET   AVENUE ED",,,Nuit avec éclairage allumé,En agglomération,Hors intersection,Normale,Deux véhicules - frontale,,,,,,,,,,,5,2,1,1.0,1.0
201000024018,0010-01-11 19:15:00,10,1,11,19,15,170,200,02 PK RN237 MOULIN JUSTI,,,Nuit sans éclairage public,Hors agglomération,Hors intersection,Normale,Autre collision,,,,,,,,,,,3,1,1,1.0,6.0
201000024019,0010-01-11 19:45:00,10,1,11,19,45,170,300,CHAUDRIER   RUE,,,Nuit avec éclairage allumé,En agglomération,Intersection en T,Normale,Deux véhicules - côté,,,,,,,,,,,5,2,3,1.0,3.0
201000024020,0010-01-12 12:18:00,10,1,12,12,18,170,300,", CREPEAU   AVENUE MICHE",,,Plein jour,En agglomération,Intersection en X,Normale,Deux véhicules - côté,,,,,,,,,,,1,2,2,1.0,3.0
201000024021,0010-01-12 16:55:00,10,1,12,16,55,170,291,BEAULIEU   RUE DE,,,Plein jour,En agglomération,Hors intersection,Normale,Sans collision,,,,,,,,,,,1,2,1,1.0,7.0
201000024022,0010-01-12 17:35:00,10,1,12,17,35,170,291,0 PK RN237 RE MOULIN DE,,,Nuit avec éclairage allumé,Hors agglomération,Hors intersection,Normale,Sans collision,,,,,,,,,,,5,1,1,1.0,7.0
201000024023,0010-01-15 16:45:00,10,1,15,16,45,170,28,"5, VERSAILLES   RUE DU P",,,Plein jour,En agglomération,Hors intersection,Normale,Autre collision,,,,,,,,,,,1,2,1,1.0,6.0
201000024024,0010-01-17 10:25:00,10,1,17,10,25,170,200,"32, LAGORD VENDOME   AVE",,,Plein jour,En agglomération,Hors intersection,Normale,Autre collision,,,,,,,,,,,1,2,1,1.0,6.0
201000024025,0010-01-20 05:45:00,10,1,20,5,45,170,300,TRUFFAUT  RUE FRANCOIS,,,Nuit avec éclairage allumé,En agglomération,Autre intersection,Normale,Autre collision,,,,,,,,,,,5,2,9,1.0,6.0
201000024026,0010-01-22 08:25:00,10,1,22,8,25,170,300,"5, PERIGNY   RUE DE",,,Plein jour,En agglomération,Hors intersection,Normale,Deux véhicules - frontale,,,,,,,,,,,1,2,1,1.0,1.0
201000024027,0010-01-22 18:23:00,10,1,22,18,23,170,300,"7, LECLERC   AVENUE DU G",,,Plein jour,En agglomération,Hors intersection,Normale,Autre collision,,,,,,,,,,,1,2,1,1.0,6.0
201000024028,0010-01-23 18:30:00,10,1,23,18,30,170,300,"5, BILLAUD-VARENNE   AVE",,,Plein jour,En agglomération,Hors intersection,Normale,Deux véhicules - frontale,,,,,,,,,,,1,2,1,1.0,1.0
201000024029,0010-01-26 07:30:00,10,1,26,7,30,170,300,REPENTIE   AVENUE DE LA,,,Nuit avec éclairage allumé,En agglomération,Hors intersection,Neige / grêle,Deux véhicules - arrière,,,,,,,,,,,5,2,1,4.0,2.0
201000024030,0010-01-26 08:30:00,10,1,26,8,30,170,28,GAULLE   AVENUE DU GENER,,,Crépuscule ou aube,En agglomération,Hors intersection,Neige / grêle,Sans collision,,,,,,,,,,,2,2,1,4.0,7.0
201000024031,0010-01-26 08:45:00,10,1,26,8,45,170,300,POINCARE   AVENUE RAYMON,,,Plein jour,En agglomération,Hors intersection,Normale,Autre collision,,,,,,,,,,,1,2,1,1.0,6.0
201000024032,0010-01-26 18:30:00,10,1,26,18,30,170,300,"11, MINAGE   RUE PAS DU",,,Nuit avec éclairage allumé,En agglomération,Hors intersection,Normale,Autre collision,,,,,,,,,,,5,2,1,1.0,6.0
201000024033,0010-01-29 15:00:00,10,1,29,15,0,170,300,BEL AIR RUE,,,Plein jour,En agglomération,Hors intersection,Normale,Deux véhicules - arrière,,,,,,,,,,,1,2,1,1.0,2.0
201000024034,0010-01-30 19:55:00,10,1,30,19,55,170,300,SAUVAGERE   RUE DE LA,,,Nuit avec éclairage allumé,En agglomération,Autre intersection,Normale,Autre collision,,,,,,,,,,,5,2,9,1.0,6.0
201000024035,0010-02-01 09:00:00,10,2,1,9,0,170,300,"44, BOURGOGNE   AVENUE D",,,Plein jour,En agglomération,Intersection en X,Normale,Autre collision,,,,,,,,,,,1,2,2,1.0,6.0
201000024036,0010-02-01 16:15:00,10,2,1,16,15,170,300,SARTRE   AVENUE JEAN-PAU,,,Plein jour,En agglomération,Hors intersection,Normale,Deux véhicules - arrière,,,,,,,,,,,1,2,1,1.0,2.0
201000024037,0010-02-01 19:02:00,10,2,1,19,2,170,300,SARTRE   AVENUE JEAN-PAU,,,Nuit avec éclairage allumé,En agglomération,Autre intersection,Normale,Deux véhicules - côté,,,,,,,,,,,5,2,9,1.0,3.0
201000024038,0010-02-05 07:41:00,10,2,5,7,41,170,300,REMPARTS   CHEMIN DES,,,Nuit avec éclairage allumé,En agglomération,Hors intersection,Normale,Autre collision,,,,,,,,,,,5,2,1,1.0,6.0
201000024039,0010-02-05 23:35:00,10,2,5,23,35,170,291,0 PK RN237 MOULIN JUSTIC,,,Nuit avec éclairage allumé,En agglomération,Hors intersection,Normale,Sans collision,,,,,,,,,,,5,2,1,1.0,7.0
201000024040,0010-02-06 02:15:00,10,2,6,2,15,170,300,VIELJEUX   RUE LEONCE,,,Nuit avec éclairage allumé,En agglomération,Autre intersection,Pluie forte,Deux véhicules - côté,,,,,,,,,,,5,2,9,3.0,3.0
201000024041,0010-02-07 01:35:00,10,2,7,1,35,170,300,"21, CRAPAUDIERES   AVENU",,,Nuit avec éclairage allumé,En agglomération,Hors intersection,Normale,Deux véhicules - frontale,,,,,,,,,,,5,2,1,1.0,1.0
201000024042,0010-02-08 15:50:00,10,2,8,15,50,170,300,REPUBLIQUE   BOULEVARD D,,,Plein jour,En agglomération,Hors intersection,Normale,Autre collision,,,,,,,,,,,1,2,1,1.0,6.0
201000024043,0010-02-08 18:06:00,10,2,8,18,6,170,300,"3, GONTHIERES   RUE DES",,,Plein jour,En agglomération,Hors intersection,Normale,Deux véhicules - arrière,,,,,,,,,,,1,2,1,1.0,2.0
201000024044,0010-02-12 18:25:00,10,2,12,18,25,170,300,COLMAR   AVENUE DE,,,Nuit avec éclairage allumé,En agglomération,Hors intersection,Normale,Autre collision,,,,,,,,,,,5,2,1,1.0,6.0
201000024045,0010-02-14 00:55:00,10,2,14,0,55,170,300,GRASSET   AVENUE EDMOND,,,Nuit avec éclairage allumé,En agglomération,Hors intersection,Normale,Deux véhicules - arrière,,,,,,,,,,,5,2,1,1.0,2.0
201000024046,0010-02-16 07:27:00,10,2,16,7,27,170,300,"2, JERICHO   RUE DE",,,Nuit sans éclairage public,En agglomération,Hors intersection,Normale,Deux véhicules - arrière,,,,,,,,,,,3,2,1,1.0,2.0
201000024047,0010-02-17 19:05:00,10,2,17,19,5,170,300,JOFFRE   BOULEVARD (27/7,,,Nuit avec éclairage allumé,En agglomération,Hors intersection,Normale,Autre collision,,,,,,,,,,,5,2,1,1.0,6.0
201000024048,0010-02-17 21:00:00,10,2,17,21,0,170,300,MERCIERS   RUE DES,,,Plein jour,En agglomération,Hors intersection,Normale,Autre collision,,,,,,,,,,,1,2,1,1.0,6.0
201000024049,0010-02-18 06:45:00,10,2,18,6,45,170,300,CIMETIERE   AVENUE DU,,,Nuit avec éclairage allumé,En agglomération,Autre intersection,Normale,Autre collision,,,,,,,,,,,5,2,9,1.0,6.0
201000024050,0010-02-21 12:26:00,10,2,21,12,26,170,28,114 PK RN137 JUSTICE ROC,,,Plein jour,Hors agglomération,Hors intersection,Normale,Deux véhicules - arrière,,,,,,,,,,,1,1,1,1.0,2.0
201000024051,0010-02-22 16:00:00,10,2,22,16,0,170,300,LAPEYRE   RUE FRANC,,,Plein jour,En agglomération,Hors intersection,Normale,Deux véhicules - frontale,,,,,,,,,,,1,2,1,1.0,1.0
201000024052,0010-02-23 19:30:00,10,2,23,19,30,170,300,"67, SAUTEL  BOULEVARD AN",,,Nuit avec éclairage allumé,En agglomération,Hors intersection,Normale,Autre collision,,,,,,,,,,,5,2,1,1.0,6.0
201000024053,0010-02-26 21:30:00,10,2,26,21,30,170,300,DIX-NEUF MARS 1962   RUE,,,Nuit avec éclairage allumé,En agglomération,Hors intersection,Normale,Sans collision,,,,,,,,,,,5,2,1,1.0,7.0
201000024054,0010-02-28 14:20:00,10,2,28,14,20,170,300,MAUBEC   QUAI,,,Plein jour,En agglomération,Autre intersection,Normale,Autre collision,,,,,,,,,,,1,2,9,1.0,6.0
201000024055,0010-03-01 13:50:00,10,3,1,13,50,170,300,GONTHIERES   RUE DES (>9,,,Plein jour,En agglomération,Hors intersection,Normale,Deux véhicules - arrière,,,,,,,,,,,1,2,1,1.0,2.0
201000024056,0010-03-02 08:35:00,10,3,2,8,35,170,28,VERDUN   RUE DE,,,Plein jour,En agglomération,Hors intersection,Normale,Deux véhicules - frontale,,,,,,,,,,,1,2,1,1.0,1.0
201000024057,0010-03-04 09:30:00,10,3,4,9,30,170,300,SAINT-YON   RUE,,,Plein jour,En agglomération,Hors intersection,Normale,Autre collision,,,,,,,,,,,1,2,1,1.0,6.0
201000024058,0010-03-05 17:07:00,10,3,5,17,7,170,300,"281, CARNOT   AVENUE",,,Plein jour,En agglomération,Hors intersection,Normale,Deux véhicules - arrière,,,,,,,,,,,1,2,1,1.0,2.0
201000024059,0010-03-08 18:55:00,10,3,8,18,55,170,200,CLAVIER   AVENUE DU,,,Plein jour,En agglomération,Hors intersection,Normale,Deux véhicules - frontale,,,,,,,,,,,1,2,1,1.0,1.0
201000024060,0010-03-09 14:00:00,10,3,9,14,0,170,300,SCHWEITZER   RUE DU DOCT,,,Plein jour,En agglomération,Hors intersection,Normale,Autre collision,,,,,,,,,,,1,2,1,1.0,6.0
201000024061,0010-03-10 18:30:00,10,3,10,18,30,170,300,NORMANDIE   RUE DE,,,Crépuscule ou aube,En agglomération,Hors intersection,Normale,Deux véhicules - frontale,,,,,,,,,,,2,2,1,1.0,1.0
201000024062,0010-03-10 18:31:00,10,3,10,18,31,170,300,COGNEHORS   BOULEVARD DE,,,Plein jour,En agglomération,Hors intersection,Normale,Sans collision,,,,,,,,,,,1,2,1,1.0,7.0
201000024063,0010-03-11 08:00:00,10,3,11,8,0,170,300,"15, ALBERT IER   RUE",,,Plein jour,En agglomération,Hors intersection,Normale,Autre collision,,,,,,,,,,,1,2,1,1.0,6.0
201000024064,0010-03-11 10:20:00,10,3,11,10,20,170,274,GRANDE RUE   RUE,,,Plein jour,En agglomération,Hors intersection,Normale,Autre collision,,,,,,,,,,,1,2,1,1.0,6.0