accident_id,datetime,annee,mois,jour,heure,minute,departement,commune_insee,adresse,latitude,longitude,luminosite,agglomeration,intersection,meteo,collision,nb_vehicules,nb_usagers,nb_indemnes,nb_tues,nb_blesses_hosp,nb_blesses_legers,age_cond_1,age_cond_2,veh_type_cond_1,veh_type_cond_2,lum_code,agg_code,int_code,atm_code,col_code
201000024065,0010-03-15 10:05:00,10,3,15,10,5,170,300,"16, LORIENT   RUE DE",,,Plein jour,En agglomération,Intersection en X,Normale,Deux véhicules - côté,,,,,,,,,,,1,2,2,1.0,3.0
201000024066,0010-03-15 19:30:00,10,3,15,19,30,170,28,"28, LYSIACK   AVENUE DU",,,Nuit avec éclairage allumé,En agglomération,Hors intersection,Normale,Autre collision,,,,,,,,,,,5,2,1,1.0,6.0
201000024067,0010-03-16 08:25:00,10,3,16,8,25,170,300,PRUNIER   QUAI LOUIS,,,Plein jour,En agglomération,Autre intersection,Normale,Autre collision,,,,,,,,,,,1,2,9,1.0,6.0
201000024068,0010-03-16 17:45:00,10,3,16,17,45,170,200,03 PK RN237 RE MOULIN JU,,,Plein jour,Hors agglomération,Hors intersection,Normale,Deux véhicules - arrière,,,,,,,,,,,1,1,1,1.0,2.0
201000024069,0010-03-17 13:31:00,10,3,17,13,31,170,300,POINCARE   AVENUE RAYMON,,,Plein jour,En agglomération,Hors intersection,Normale,Autre collision,,,,,,,,,,,1,2,1,1.0,6.0
201000024070,0010-03-19 11:19:00,10,3,19,11,19,170,300,"1, CHAMP DE MARS   AVENU",,,Plein jour,En agglomération,Hors intersection,Normale,Autre collision,,,,,,,,,,,1,2,1,1.0,6.0
201000024071,0010-03-20 11:00:00,10,3,20,11,0,170,300,CIMETIERE   AVENUE DU,,,Plein jour,En agglomération,Giratoire,Normale,Autre collision,,,,,,,,,,,1,2,6,1.0,6.0
201000024072,0010-03-22 07:45:00,10,3,22,7,45,170,300,BERNIER   AVENUE DU LIEU,,,Plein jour,En agglomération,Autre intersection,Normale,Autre collision,,,,,,,,,,,1,2,9,1.0,6.0
201000024073,0010-03-22 18:11:00,10,3,22,18,11,170,300,VINCENT   RUE PHILIPPE,,,Plein jour,En agglomération,Hors intersection,Normale,Deux véhicules - frontale,,,,,,,,,,,1,2,1,1.0,1.0
201000024074,0010-03-23 17:16:00,10,3,23,17,16,170,300,JOFFRE   BOULEVARD (27/7,,,Plein jour,En agglomération,Hors intersection,Normale,Autre collision,,,,,,,,,,,1,2,1,1.0,6.0
201000024075,0010-03-23 20:10:00,10,3,23,20,10,170,28,"3, SALENGRO   AVENUE ROG",,,Nuit avec éclairage allumé,En agglomération,Hors intersection,Normale,Sans collision,,,,,,,,,,,5,2,1,1.0,7.0
201000024076,0010-03-24 16:00:00,10,3,24,16,0,170,300,REPUBLIQUE   BOULEVARD D,,,Plein jour,En agglomération,Giratoire,Normale,Deux véhicules - côté,,,,,,,,,,,1,2,6,1.0,3.0
201000024077,0010-03-25 03:20:00,10,3,25,3,20,170,300,"156, DELMAS   BOULEVARD",,,Nuit avec éclairage allumé,En agglomération,Hors intersection,Normale,Sans collision,,,,,,,,,,,5,2,1,1.0,7.0
201000024078,0010-03-27 15:06:00,10,3,27,15,6,170,300,GRANDES GUIARDES   AVENU,,,Plein jour,En agglomération,Intersection en T,Normale,Deux véhicules - côté,,,,,,,,,,,1,2,3,1.0,3.0
201000024079,0010-03-29 10:20:00,10,3,29,10,20,170,300,"1, REPENTIE   AVENUE DE",,,Plein jour,En agglomération,Intersection en X,Normale,Deux véhicules - côté,,,,,,,,,,,1,2,2,1.0,3.0
201000024080,0010-03-30 11:03:00,10,3,30,11,3,170,300,REAUMUR   RUE,,,Plein jour,En agglomération,Intersection en T,Normale,Deux véhicules - côté,,,,,,,,,,,1,2,3,1.0,3.0
201000024081,0010-03-31 09:08:00,10,3,31,9,8,170,300,RESISTANCE   AVENUE DE L,,,Plein jour,En agglomération,Hors intersection,Normale,Deux véhicules - arrière,,,,,,,,,,,1,2,1,1.0,2.0
201000024082,0010-04-05 22:00:00,10,4,5,22,0,170,300,SARTRE   AVENUE JEAN-PAU,,,Nuit avec éclairage allumé,En agglomération,Intersection en T,Normale,Deux véhicules - côté,,,,,,,,,,,5,2,3,1.0,3.0
201000024083,0010-04-06 12:05:00,10,4,6,12,5,170,300,COUNEAU   RUE EMILE,,,Plein jour,En agglomération,Hors intersection,Normale,Autre collision,,,,,,,,,,,1,2,1,1.0,6.0
201000024084,0010-04-06 16:49:00,10,4,6,16,49,170,300,"02, 112 PK RN137 ROCHEFO",,,Plein jour,Hors agglomération,Hors intersection,Normale,Deux véhicules - arrière,,,,,,,,,,,1,1,1,1.0,2.0
201000024085,0010-04-08 15:50:00,10,4,8,15,50,170,291,GRANDS CHAMPS   RUE DES,,,Plein jour,En agglomération,Hors intersection,Normale,Deux véhicules - arrière,,,,,,,,,,,1,2,1,1.0,2.0
201000024086,0010-04-09 12:10:00,10,4,9,12,10,170,300,"21, SAINT-LOUIS   RUE",,,Plein jour,En agglomération,Hors intersection,Normale,Autre collision,,,,,,,,,,,1,2,1,1.0,6.0
201000024087,0010-04-09 14:45:00,10,4,9,14,45,170,300,MOULIN   AVENUE JEAN,,,Plein jour,En agglomération,Hors intersection,Normale,Autre collision,,,,,,,,,,,1,2,1,1.0,6.0
201000024088,0010-04-12 10:11:00,10,4,12,10,11,170,300,"30, THIERS   RUE",,,Plein jour,En agglomération,Hors intersection,Normale,Autre collision,,,,,,,,,,,1,2,1,1.0,6.0
201000024089,0010-04-12 10:58:00,10,4,12,10,58,170,291,"5, REPUBLIQUE   RUE DE L",,,Plein jour,En agglomération,Hors intersection,Normale,Deux véhicules - arrière,,,,,,,,,,,1,2,1,1.0,2.0
201000024090,0010-04-12 17:35:00,10,4,12,17,35,170,300,THIERS   RUE,,,Plein jour,En agglomération,Autre intersection,Normale,Autre collision,,,,,,,,,,,1,2,9,1.0,6.0
201000024091,0010-04-13 17:43:00,10,4,13,17,43,170,300,DURAND   QUAI LOUIS,,,Plein jour,En agglomération,Intersection en X,Normale,Deux véhicules - côté,,,,,,,,,,,1,2,2,1.0,3.0
201000024092,0010-04-15 14:30:00,10,4,15,14,30,170,274,"1, MARLOTTE   RUE EDMEE",,,Plein jour,En agglomération,Intersection en X,Normale,Deux véhicules - côté,,,,,,,,,,,1,2,2,1.0,3.0
201000024093,0010-04-17 14:05:00,10,4,17,14,5,170,300,LAPLACE   RUE DU MARQUIS,,,Plein jour,En agglomération,Hors intersection,Normale,Autre collision,,,,,,,,,,,1,2,1,1.0,6.0
201000024094,0010-04-21 06:05:00,10,4,21,6,5,170,300,CRAPAUDIERES   AVENUE DE,,,Nuit avec éclairage allumé,En agglomération,Intersection en X,Normale,Deux véhicules - côté,,,,,,,,,,,5,2,2,1.0,3.0
201000024095,0010-04-21 12:35:00,10,4,21,12,35,170,28,"2, GAULLE   AVENUE DU GE",,,Plein jour,En agglomération,Hors intersection,Normale,Deux véhicules - arrière,,,,,,,,,,,1,2,1,1.0,2.0
201000024096,0010-04-21 19:24:00,10,4,21,19,24,170,300,"1, REPUBLIQUE   BOULEVAR",,,Plein jour,En agglomération,Hors intersection,Normale,Sans collision,,,,,,,,,,,1,2,1,1.0,7.0
201000024097,0010-04-22 09:50:00,10,4,22,9,50,170,300,PRUNIER   QUAI LOUIS,,,Plein jour,En agglomération,Hors intersection,Normale,Deux véhicules - frontale,,,,,,,,,,,1,2,1,1.0,1.0
201000024098,0010-04-22 16:45:00,10,4,22,16,45,170,300,KENNEDY   AVENUE DU PRES,,,Plein jour,En agglomération,Hors intersection,Pluie légère,Sans collision,,,,,,,,,,,1,2,1,2.0,7.0
201000024099,0010-04-23 08:45:00,10,4,23,8,45,170,300,DANTON   AVENUE,,,Plein jour,En agglomération,Hors intersection,Normale,Sans collision,,,,,,,,,,,1,2,1,1.0,7.0
201000024100,0010-04-23 14:55:00,10,4,23,14,55,170,300,VERDUN   PLACE DE,,,Plein jour,En agglomération,Hors intersection,Normale,Autre collision,,,,,,,,,,,1,2,1,1.0,6.0
201000024101,0010-04-23 17:15:00,10,4,23,17,15,170,300,MOULIN   PONT JEAN,,,Plein jour,En agglomération,Hors intersection,Normale,Deux véhicules - arrière,,,,,,,,,,,1,2,1,1.0,2.0
201000024102,0010-04-24 10:33:00,10,4,24,10,33,170,300,"1, 114 PK RN137 ROCHEFOR",,,Plein jour,En agglomération,Hors intersection,Normale,Deux véhicules - arrière,,,,,,,,,,,1,2,1,1.0,2.0
201000024103,0010-04-24 15:10:00,10,4,24,15,10,170,300,JUSTICES   RUE DU MOULIN,,,Plein jour,En agglomération,Intersection en X,Normale,Deux véhicules - côté,,,,,,,,,,,1,2,2,1.0,3.0
201000024104,0010-04-25 18:50:00,10,4,25,18,50,170,300,"100, LACROIX   RUE MARIU",,,Plein jour,En agglomération,Hors intersection,Normale,Sans collision,,,,,,,,,,,1,2,1,1.0,7.0
201000024105,0010-04-25 01:35:00,10,4,25,1,35,170,300,"72, SAINT-CLAUDE   RUE D",,,Nuit avec éclairage allumé,En agglomération,Hors intersection,Normale,Autre collision,,,,,,,,,,,5,2,1,1.0,6.0
201000024106,0010-04-27 09:50:00,10,4,27,9,50,170,300,JUSTICES   RUE DU MOULIN,,,Plein jour,En agglomération,Hors intersection,Normale,Autre collision,,,,,,,,,,,1,2,1,1.0,6.0
201000024107,0010-04-27 19:44:00,10,4,27,19,44,170,300,ORBIGNY   RUE ALCIDE D',,,Plein jour,En agglomération,Hors intersection,Normale,Autre collision,,,,,,,,,,,1,2,1,1.0,6.0
201000024108,0010-04-28 23:55:00,10,4,28,23,55,170,28,GRASSET   AVENUE EDMOND,,,Nuit avec éclairage allumé,En agglomération,Hors intersection,Normale,Autre collision,,,,,,,,,,,5,2,1,1.0,6.0
201000024109,0010-04-29 16:30:00,10,4,29,16,30,170,300,"38, SAUTEL  BOULEVARD AN",,,Plein jour,En agglomération,Hors intersection,Normale,Autre collision,,,,,,,,,,,1,2,1,1.0,6.0
201000024110,0010-04-30 14:25:00,10,4,30,14,25,170,300,BARBUSSE   RUE HENRI,,,Plein jour,En agglomération,Hors intersection,Normale,Autre collision,,,,,,,,,,,1,2,1,1.0,6.0
201000024111,0010-04-30 17:00:00,10,4,30,17,0,170,300,GRANDES VARENNES   AVENU,,,Plein jour,En agglomération,Hors intersection,Normale,Autre collision,,,,,,,,,,,1,2,1,1.0,6.0
201000024112,0010-05-01 22:30:00,10,5,1,22,30,170,300,"66, DENFERT-ROCHEREAU",,,Nuit avec éclairage non allumé,En agglomération,Autre intersection,Normale,Deux véhicules - arrière,,,,,,,,,,,4,2,9,1.0,2.0
201000024113,0010-05-02 12:40:00,10,5,2,12,40,170,274,JOLIOT-CURIE   AVENUE,,,Plein jour,En agglomération,Hors intersection,Normale,Deux véhicules - frontale,,,,,,,,,,,1,2,1,1.0,1.0
201000024114,0010-05-02 14:30:00,10,5,2,14,30,170,274,"1, JOLIOT-CURIE   AVENUE",,,Plein jour,En agglomération,Hors intersection,Normale,Sans collision,,,,,,,,,,,1,2,1,1.0,7.0
201000024115,0010-05-05 21:05:00,10,5,5,21,5,170,291,REPUBLIQUE   RUE DE LA,,,Plein jour,En agglomération,Hors intersection,Normale,Autre collision,,,,,,,,,,,1,2,1,1.0,6.0
201000024116,0010-05-08 06:35:00,10,5,8,6,35,170,28,D 939,,,Crépuscule ou aube,Hors agglomération,Hors intersection,Pluie légère,Sans collision,,,,,,,,,,,2,1,1,2.0,7.0
201000024117,0010-05-08 19:30:00,10,5,8,19,30,170,300,115 PK RN137 ROCHEFORT J,,,Plein jour,Hors agglomération,Hors intersection,Normale,Sans collision,,,,,,,,,,,1,1,1,1.0,7.0
201000024118,0010-05-09 23:00:00,10,5,9,23,0,170,300,"152, NORMANDIN   RUE EMI",,,Nuit avec éclairage allumé,En agglomération,Hors intersection,Pluie légère,Sans collision,,,,,,,,,,,5,2,1,2.0,7.0
201000024119,0010-05-10 09:20:00,10,5,10,9,20,170,28,"5, ROUHAUDS   RUE DES",,,Plein jour,En agglomération,Hors intersection,Normale,Autre collision,,,,,,,,,,,1,2,1,1.0,6.0
201000024120,0010-05-10 18:16:00,10,5,10,18,16,170,300,MOULIN   AVENUE JEAN,,,Plein jour,En agglomération,Autre intersection,Normale,Autre collision,,,,,,,,,,,1,2,9,1.0,6.0
201000024121,0010-05-12 09:50:00,10,5,12,9,50,170,300,SARTRE   AVENUE JEAN-PAU,,,Plein jour,En agglomération,Intersection en X,Normale,Deux véhicules - frontale,,,,,,,,,,,1,2,2,1.0,1.0
201000024122,0010-05-12 14:55:00,10,5,12,14,55,170,300,VERDUN   PLACE DE,,,Plein jour,En agglomération,Hors intersection,Normale,Autre collision,,,,,,,,,,,1,2,1,1.0,6.0
201000024123,0010-05-12 18:05:00,10,5,12,18,5,170,300,114 PK RN137 JUSTICE ROC,,,Plein jour,Hors agglomération,Hors intersection,Normale,Trois véhicules et plus - collisions multiples,,,,,,,,,,,1,1,1,1.0,5.0
201000024124,0010-05-14 11:48:00,10,5,14,11,48,170,200,"5, NOUVEAU   RUE DU FIEF",,,Plein jour,En agglomération,Hors intersection,Normale,Deux véhicules - arrière,,,,,,,,,,,1,2,1,1.0,2.0
201000024125,0010-05-14 16:50:00,10,5,14,16,50,170,291,QUATORZE JUILLET   RUE D,,,Plein jour,En agglomération,Hors intersection,Normale,Deux véhicules - frontale,,,,,,,,,,,1,2,1,1.0,1.0
201000024126,0010-05-16 03:20:00,10,5,16,3,20,170,28,SALENGRO   AVENUE ROGER,,,Nuit avec éclairage allumé,En agglomération,Hors intersection,Normale,Autre collision,,,,,,,,,,,5,2,1,1.0,6.0
201000024127,0010-05-16 14:05:00,10,5,16,14,5,170,300,LECLERC   AVENUE DU GENE,,,Plein jour,En agglomération,Hors intersection,Normale,Sans collision,,,,,,,,,,,1,2,1,1.0,7.0
201000024128,0010-05-17 18:35:00,10,5,17,18,35,170,300,"3, MIRABEAU   RUE",,,Plein jour,En agglomération,Hors intersection,Normale,Autre collision,,,,,,,,,,,1,2,1,1.0,6.0
201000024129,0010-05-19 01:30:00,10,5,19,1,30,170,300,LUCILE   RUE,,,Nuit avec éclairage allumé,En agglomération,Hors intersection,Normale,Sans collision,,,,,,,,,,,5,2,1,1.0,7.0
201000024130,0010-05-19 16:55:00,10,5,19,16,55,170,300,JERICHO   RUE DE,,,Plein jour,En agglomération,Autre intersection,Normale,Autre collision,,,,,,,,,,,1,2,9,1.0,6.0
201000024131,0010-05-20 08:10:00,10,5,20,8,10,170,274,LANGEVIN   AVENUE PAUL,,,Plein jour,En agglomération,Hors intersection,Normale,Deux véhicules - arrière,,,,,,,,,,,1,2,1,1.0,2.0
201000024132,0010-05-20 12:10:00,10,5,20,12,10,170,300,"9, JOFFRE   BOULEVARD (1",,,Plein jour,En agglomération,Autre intersection,Normale,Autre collision,,,,,,,,,,,1,2,9,1.0,6.0
201000024133,0010-05-20 12:55:00,10,5,20,12,55,170,300,SOLE   RUE DE LA,,,Plein jour,En agglomération,Hors intersection,Normale,Sans collision,,,,,,,,,,,1,2,1,1.0,7.0
201000024134,0010-05-20 19:00:00,10,5,20,19,0,170,300,"1, MANGIN   AVENUE DU GE",,,Plein jour,En agglomération,Hors intersection,Normale,Deux véhicules - frontale,,,,,,,,,,,1,2,1,1.0,1.0
201000024135,0010-05-21 08:40:00,10,5,21,8,40,170,300,QUATORZE JUILLET   AVENU,,,Plein jour,En agglomération,Hors intersection,Normale,Deux véhicules - arrière,,,,,,,,,,,1,2,1,1.0,2.0
201000024136,0010-05-21 14:21:00,10,5,21,14,21,170,274,REPUBLIQUE   ROND-POINT,,,Plein jour,En agglomération,Hors intersection,Normale,Trois véhicules et plus - en chaîne,,,,,,,,,,,1,2,1,1.0,4.0
201000024137,0010-05-25 14:15:00,10,5,25,14,15,170,300,LECLERC   AVENUE DU GENE,,,Plein jour,En agglomération,Hors intersection,Normale,Deux véhicules - arrière,,,,,,,,,,,1,2,1,1.0,2.0
201000024138,0010-05-26 18:25:00,10,5,26,18,25,170,300,"5, FOLLETIER  RUE FRANÇO",,,Plein jour,En agglomération,Intersection en X,Temps couvert,Deux véhicules - côté,,,,,,,,,,,1,2,2,8.0,3.0
201000024139,0010-05-26 20:05:00,10,5,26,20,5,170,300,METZ   AVENUE DE,,,Plein jour,En agglomération,Hors intersection,Normale,Sans collision,,,,,,,,,,,1,2,1,1.0,7.0
201000024140,0010-05-26 21:15:00,10,5,26,21,15,170,300,"69, MONTCALM   RUE",,,Nuit avec éclairage allumé,En agglomération,Hors intersection,Temps couvert,Autre collision,,,,,,,,,,,5,2,1,8.0,6.0
201000024141,0010-05-29 09:08:00,10,5,29,9,8,170,300,PRUNIER   QUAI LOUIS,,,Plein jour,En agglomération,Autre intersection,Normale,Deux véhicules - arrière,,,,,,,,,,,1,2,9,1.0,2.0
201000024142,0010-05-31 18:00:00,10,5,31,18,0,170,200,"3, NOUVEAU   RUE DU FIEF",,,Plein jour,En agglomération,Hors intersection,Normale,Autre collision,,,,,,,,,,,1,2,1,1.0,6.0
201000024143,0010-06-01 13:45:00,10,6,1,13,45,170,300,PERRIER   ROND-POINT GAS,,,Plein jour,En agglomération,Hors intersection,Normale,Deux véhicules - côté,,,,,,,,,,,1,2,1,1.0,3.0
201000024144,0010-06-01 14:00:00,10,6,1,14,0,170,28,D 939,,,Plein jour,En agglomération,Hors intersection,Normale,Deux véhicules - arrière,,,,,,,,,,,1,2,1,1.0,2.0
201000024145,0010-06-01 16:25:00,10,6,1,16,25,170,300,FERRY   RUE JULES,,,Plein jour,En agglomération,Intersection en X,Normale,Deux véhicules - côté,,,,,,,,,,,1,2,2,1.0,3.0
201000024146,0010-06-03 16:34:00,10,6,3,16,34,170,300,"3, VERDUN   PLACE DE",,,Plein jour,En agglomération,Hors intersection,Normale,Autre collision,,,,,,,,,,,1,2,1,1.0,6.0
201000024147,0010-06-04 15:10:00,10,6,4,15,10,170,28,D 939,,,Plein jour,Hors agglomération,Hors intersection,Normale,Trois véhicules et plus - en chaîne,,,,,,,,,,,1,1,1,1.0,4.0
201000024148,0010-06-05 00:35:00,10,6,5,0,35,170,300,CIMETIERE   AVENUE DU,,,Nuit avec éclairage allumé,En agglomération,Hors intersection,Normale,Autre collision,,,,,,,,,,,5,2,1,1.0,6.0
201000024149,0010-06-05 10:26:00,10,6,5,10,26,170,300,PERIGNY   RUE DE,,,Plein jour,En agglomération,Hors intersection,Normale,Sans collision,,,,,,,,,,,1,2,1,1.0,7.0
201000024150,0010-06-05 16:00:00,10,6,5,16,0,170,300,"11, QUEBEC   RUE DE (>11",,,Plein jour,En agglomération,Intersection en Y,Normale,Deux véhicules - côté,,,,,,,,,,,1,2,4,1.0,3.0
201000024151,0010-06-06 20:10:00,10,6,6,20,10,170,300,MIRABEAU   RUE,,,Plein jour,En agglomération,Hors intersection,Normale,Sans collision,,,,,,,,,,,1,2,1,1.0,7.0
201000024152,0010-06-08 18:30:00,10,6,8,18,30,170,300,GRASSET   AVENUE EDMOND,,,Plein jour,En agglomération,Intersection en X,Normale,Deux véhicules - côté,,,,,,,,,,,1,2,2,1.0,3.0
201000024153,0010-06-08 19:23:00,10,6,8,19,23,170,300,HUGO   RUE VICTOR,,,Plein jour,En agglomération,Intersection en T,Normale,Deux véhicules - côté,,,,,,,,,,,1,2,3,1.0,3.0
201000024154,0010-06-09 09:30:00,10,6,9,9,30,170,300,"240, DENFERT-ROCHEREAU",,,Plein jour,En agglomération,Hors intersection,Normale,Autre collision,,,,,,,,,,,1,2,1,1.0,6.0
201000024155,0010-06-09 13:49:00,10,6,9,13,49,170,200,"3, AVIGNON   RUE D'",,,Plein jour,En agglomération,Hors intersection,Normale,Deux véhicules - frontale,,,,,,,,,,,1,2,1,1.0,1.0
201000024156,0010-06-09 15:57:00,10,6,9,15,57,170,300,CORSAIRES   AVENUE DES (,,,Plein jour,En agglomération,Intersection en T,Normale,Deux véhicules - côté,,,,,,,,,,,1,2,3,1.0,3.0
201000024157,0010-06-11 17:30:00,10,6,11,17,30,170,28,GRASSET   AVENUE EDMOND,,,Plein jour,En agglomération,Hors intersection,Normale,Trois véhicules et plus - en chaîne,,,,,,,,,,,1,2,1,1.0,4.0
201000024158,0010-06-12 07:13:00,10,6,12,7,13,170,300,"1, SAUTEL  BOULEVARD AND",,,Plein jour,En agglomération,Hors intersection,Normale,Deux véhicules - arrière,,,,,,,,,,,1,2,1,1.0,2.0
201000024159,0010-06-14 13:10:00,10,6,14,13,10,170,28,"4, ANVILLE   RUE D'",,,Plein jour,En agglomération,Hors intersection,Normale,Sans collision,,,,,,,,,,,1,2,1,1.0,7.0
201000024160,0010-06-14 19:36:00,10,6,14,19,36,170,300,"25, BILLAUD-VARENNE   AV",,,Plein jour,En agglomération,Hors intersection,Normale,Deux véhicules - arrière,,,,,,,,,,,1,2,1,1.0,2.0
201000024161,0010-06-16 10:15:00,10,6,16,10,15,170,28,"29, GRASSET   AVENUE EDM",,,Plein jour,En agglomération,Hors intersection,Normale,Autre collision,,,,,,,,,,,1,2,1,1.0,6.0
201000024162,0010-06-18 17:20:00,10,6,18,17,20,170,291,QUATORZE JUILLET   RUE D,,,Plein jour,En agglomération,Intersection en X,Temps couvert,Deux véhicules - côté,,,,,,,,,,,1,2,2,8.0,3.0
201000024163,0010-06-18 23:00:00,10,6,18,23,0,170,300,117 PK RN137 JUSTICE ROC,,,Nuit sans éclairage public,Hors agglomération,Hors intersection,Normale,Autre collision,,,,,,,,,,,3,1,1,1.0,6.0
201000024164,0010-06-19 11:40:00,10,6,19,11,40,170,300,"12, CORSAIRES   AVENUE D",,,Plein jour,En agglomération,Hors intersection,Normale,Trois véhicules et plus - en chaîne,,,,,,,,,,,1,2,1,1.0,4.0
201000024165,0010-06-21 13:57:00,10,6,21,13,57,170,300,"3, COGNEHORS   BOULEVARD",,,Plein jour,En agglomération,Hors intersection,Normale,Autre collision,,,,,,,,,,,1,2,1,1.0,6.0
201000024166,0010-06-22 03:50:00,10,6,22,3,50,170,28,GRASSET   AVENUE EDMOND,,,Nuit avec éclairage allumé,En agglomération,Hors intersection,Normale,Deux véhicules - arrière,,,,,,,,,,,5,2,1,1.0,2.0
201000024167,0010-06-22 03:50:00,10,6,22,3,50,170,28,"30, SALENGRO   AVENUE RO",,,Nuit avec éclairage allumé,En agglomération,Hors intersection,Normale,Deux véhicules - arrière,,,,,,,,,,,5,2,1,1.0,2.0
201000024168,0010-06-22 10:50:00,10,6,22,10,50,170,300,33 PK RN11 ROCADE NANTES,,,Plein jour,En agglomération,Hors intersection,Normale,Sans collision,,,,,,,,,,,1,2,1,1.0,7.0
201000024169,0010-06-22 14:10:00,10,6,22,14,10,170,291,LIBERATION   RUE DE LA,,,Plein jour,En agglomération,Hors intersection,Normale,Autre collision,,,,,,,,,,,1,2,1,1.0,6.0
201000024170,0010-06-26 04:50:00,10,6,26,4,50,170,300,"15, MERCIERS   RUE DES",,,Nuit avec éclairage allumé,En agglomération,Hors intersection,Normale,Sans collision,,,,,,,,,,,5,2,1,1.0,7.0
201000024171,0010-06-26 18:01:00,10,6,26,18,1,170,300,CORDELIERS   AVENUE DES,,,Plein jour,En agglomération,Hors intersection,Normale,Deux véhicules - arrière,,,,,,,,,,,1,2,1,1.0,2.0
201000024172,0010-06-27 20:50:00,10,6,27,20,50,170,300,"9, FONDERIES   RUE DES",,,Plein jour,En agglomération,Intersection en X,Normale,Deux véhicules - côté,,,,,,,,,,,1,2,2,1.0,3.0
201000024173,0010-06-30 11:40:00,10,6,30,11,40,170,300,"5, MARAIS   RUE DU",,,Plein jour,En agglomération,Hors intersection,Normale,Deux véhicules - arrière,,,,,,,,,,,1,2,1,1.0,2.0
201000024174,0010-07-05 18:25:00,10,7,5,18,25,170,300,FETILLY   AVENUE DE,,,Plein jour,En agglomération,Hors intersection,Normale,Deux véhicules - frontale,,,,,,,,,,,1,2,1,1.0,1.0
201000024175,0010-07-06 09:10:00,10,7,6,9,10,170,300,112 PK RN137 ROCHEFORT J,,,Plein jour,Hors agglomération,Hors intersection,Normale,Autre collision,,,,,,,,,,,1,1,1,1.0,6.0
201000024176,0010-07-06 17:00:00,10,7,6,17,0,170,300,"3, LA FEE   RUE",,,Plein jour,En agglomération,Hors intersection,Normale,Deux véhicules - arrière,,,,,,,,,,,1,2,1,1.0,2.0
201000024177,0010-07-07 07:35:00,10,7,7,7,35,170,300,34 PK RN11 NANTES ROCADE,,,Plein jour,Hors agglomération,Hors intersection,Normale,Deux véhicules - arrière,,,,,,,,,,,1,1,1,1.0,2.0
201000024178,0010-07-07 10:30:00,10,7,7,10,30,170,300,"13, QUATORZE JUILLET   A",,,Plein jour,En agglomération,Hors intersection,Normale,Autre collision,,,,,,,,,,,1,2,1,1.0,6.0
201000024179,0010-07-07 17:10:00,10,7,7,17,10,170,300,DESMOULINS   RUE CAMILLE,,,Plein jour,En agglomération,Hors intersection,Normale,Autre collision,,,,,,,,,,,1,2,1,1.0,6.0
201000024180,0010-07-09 19:59:00,10,7,9,19,59,170,300,"113, 113 PK RN137 JUSTIC",,,Plein jour,En agglomération,Hors intersection,Normale,Autre collision,,,,,,,,,,,1,2,1,1.0,6.0
201000024181,0010-07-10 14:25:00,10,7,10,14,25,170,300,MOULIN   AVENUE JEAN,,,Plein jour,En agglomération,Hors intersection,Normale,Autre collision,,,,,,,,,,,1,2,1,1.0,6.0
201000024182,0010-07-10 19:45:00,10,7,10,19,45,170,300,"3, LAVENUE   RUE RAYMOND",,,Plein jour,En agglomération,Hors intersection,Normale,Autre collision,,,,,,,,,,,1,2,1,1.0,6.0
201000024183,0010-07-12 01:45:00,10,7,12,1,45,170,300,"23/25, DENFERT-ROCHEREAU",,,Nuit avec éclairage allumé,En agglomération,Hors intersection,Normale,Autre collision,,,,,,,,,,,5,2,1,1.0,6.0
201000024184,0010-07-12 12:50:00,10,7,12,12,50,170,300,"3, NORMANDIN   RUE EMILE",,,Plein jour,En agglomération,Hors intersection,Normale,Deux véhicules - arrière,,,,,,,,,,,1,2,1,1.0,2.0
201000024185,0010-07-13 08:15:00,10,7,13,8,15,170,300,SARTRE   AVENUE JEAN-PAU,,,Plein jour,En agglomération,Hors intersection,Normale,Autre collision,,,,,,,,,,,1,2,1,1.0,6.0
201000024186,0010-07-14 11:00:00,10,7,14,11,0,170,291,"1, 0 PK RN237 MOULIN JUS",,,Plein jour,En agglomération,Hors intersection,Normale,Autre collision,,,,,,,,,,,1,2,1,1.0,6.0
201000024187,0010-07-18 18:30:00,10,7,18,18,30,170,300,PAUL   RUE MARCEL,,,Plein jour,En agglomération,Hors intersection,Normale,Autre collision,,,,,,,,,,,1,2,1,1.0,6.0
201000024188,0010-07-19 08:35:00,10,7,19,8,35,170,300,"1, 33 PK RN11 NANTES ROC",,,Plein jour,En agglomération,Hors intersection,Normale,Sans collision,,,,,,,,,,,1,2,1,1.0,7.0
201000024189,0010-07-20 08:46:00,10,7,20,8,46,170,300,06 PK RN237 MOULIN JUSTI,,,Plein jour,En agglomération,Hors intersection,Normale,Deux véhicules - côté,,,,,,,,,,,1,2,1,1.0,3.0
201000024190,0010-07-20 20:16:00,10,7,20,20,16,170,300,"1, SURCOUFF   RUE",,,Plein jour,En agglomération,Hors intersection,Normale,Autre collision,,,,,,,,,,,1,2,1,1.0,6.0
201000024191,0010-07-21 11:39:00,10,7,21,11,39,170,200,BOIS D'HURE   RUE DU,,,Plein jour,En agglomération,Hors intersection,Normale,Autre collision,,,,,,,,,,,1,2,1,1.0,6.0
201000024192,0010-07-21 16:24:00,10,7,21,16,24,170,28,"3, LYSIACK   AVENUE DU C",,,Plein jour,En agglomération,Hors intersection,Normale,Deux véhicules - côté,,,,,,,,,,,1,2,1,1.0,3.0
201000024193,0010-07-21 18:09:00,10,7,21,18,9,170,300,NORMANDIN   RUE EMILE,,,Plein jour,En agglomération,Hors intersection,Normale,Deux véhicules - arrière,,,,,,,,,,,1,2,1,1.0,2.0