accident_id,datetime,annee,mois,jour,heure,minute,departement,commune_insee,adresse,latitude,longitude,luminosite,agglomeration,intersection,meteo,collision,nb_vehicules,nb_usagers,nb_indemnes,nb_tues,nb_blesses_hosp,nb_blesses_legers,age_cond_1,age_cond_2,veh_type_cond_1,veh_type_cond_2,lum_code,agg_code,int_code,atm_code,col_code
201000024320,0010-11-27 16:30:00,10,11,27,16,30,170,28,"1, PONTREAU   CHEMIN DU",,,Plein jour,En agglomération,Hors intersection,Normale,Deux véhicules - arrière,,,,,,,,,,,1,2,1,1.0,2.0
201000024321,0010-11-28 11:00:00,10,11,28,11,0,170,274,"1, D108",,,Plein jour,En agglomération,Hors intersection,Normale,Autre collision,,,,,,,,,,,1,2,1,1.0,6.0
201000024322,0010-11-29 17:23:00,10,11,29,17,23,170,200,"02, JARRIES   AVENUE DU",,,Plein jour,En agglomération,Hors intersection,Normale,Deux véhicules - arrière,,,,,,,,,,,1,2,1,1.0,2.0
201000024323,0010-11-30 16:12:00,10,11,30,16,12,170,300,"02, SARTRE   AVENUE JEAN",,,Plein jour,En agglomération,Hors intersection,Normale,Deux véhicules - côté,,,,,,,,,,,1,2,1,1.0,3.0
201000024324,0010-12-01 12:17:00,10,12,1,12,17,170,300,"41, ALBERT IER   RUE",,,Plein jour,En agglomération,Hors intersection,Normale,Autre collision,,,,,,,,,,,1,2,1,1.0,6.0
201000024325,0010-12-04 21:10:00,10,12,4,21,10,170,300,NOUE   RUE DE LA,,,Plein jour,En agglomération,Intersection en X,Pluie légère,Deux véhicules - frontale,,,,,,,,,,,1,2,2,2.0,1.0
201000024326,0010-12-06 07:40:00,10,12,6,7,40,170,300,"1, MAUBEC   QUAI",,,Crépuscule ou aube,En agglomération,Hors intersection,Normale,Autre collision,,,,,,,,,,,2,2,1,1.0,6.0
201000024327,0010-12-06 13:32:00,10,12,6,13,32,170,200,NOYERS   RUE DES,,,Plein jour,En agglomération,Autre intersection,Pluie légère,Autre collision,,,,,,,,,,,1,2,9,2.0,6.0
201000024328,0010-12-09 10:09:00,10,12,9,10,9,170,300,COGNEHORS   BOULEVARD DE,,,Plein jour,En agglomération,Giratoire,Normale,Deux véhicules - côté,,,,,,,,,,,1,2,6,1.0,3.0
201000024329,0010-12-09 12:15:00,10,12,9,12,15,170,274,"3, LANGEVIN   AVENUE PAU",,,Plein jour,En agglomération,Hors intersection,Normale,Deux véhicules - frontale,,,,,,,,,,,1,2,1,1.0,1.0
201000024330,0010-12-10 17:00:00,10,12,10,17,0,170,291,LA ROCHELLE   ROUTE DE,,,Plein jour,En agglomération,Hors intersection,Normale,Deux véhicules - frontale,,,,,,,,,,,1,2,1,1.0,1.0
201000024331,0010-12-13 18:48:00,10,12,13,18,48,170,300,CORDELIERS  AVENUE DES,,,Nuit avec éclairage allumé,En agglomération,Hors intersection,Normale,Autre collision,,,,,,,,,,,5,2,1,1.0,6.0
201000024332,0010-12-14 09:35:00,10,12,14,9,35,170,300,"5, LAZARET   AVENUE DU",,,Plein jour,En agglomération,Hors intersection,Normale,Autre collision,,,,,,,,,,,1,2,1,1.0,6.0
201000024333,0010-12-17 16:32:00,10,12,17,16,32,170,300,REMPARTS   CHEMIN DES,,,Plein jour,En agglomération,Hors intersection,Normale,Deux véhicules - côté,,,,,,,,,,,1,2,1,1.0,3.0
201000024334,0010-12-17 23:35:00,10,12,17,23,35,170,28,MAILLES   RUE DES COTTES,,,Nuit avec éclairage allumé,En agglomération,Hors intersection,Normale,Autre collision,,,,,,,,,,,5,2,1,1.0,6.0
201000024335,0010-12-20 17:33:00,10,12,20,17,33,170,200,02 PK RN237 RE MOULIN JU,,,Nuit avec éclairage non allumé,Hors agglomération,Hors intersection,Pluie forte,Trois véhicules et plus - en chaîne,,,,,,,,,,,4,1,1,3.0,4.0
201000024336,0010-12-24 08:59:00,10,12,24,8,59,170,300,"FACE 29BIS, JOFFRE   BOU",,,Plein jour,En agglomération,Hors intersection,Normale,Autre collision,,,,,,,,,,,1,2,1,1.0,6.0
201000024337,0010-12-29 12:21:00,10,12,29,12,21,170,300,"02, SAUTEL  BOULEVARD AN",,,Plein jour,En agglomération,Autre intersection,Normale,Deux véhicules - arrière,,,,,,,,,,,1,2,9,1.0,2.0
201000024338,0010-12-30 10:45:00,10,12,30,10,45,170,300,GRILLE   RUE DE LA,,,Plein jour,En agglomération,Hors intersection,Normale,Autre collision,,,,,,,,,,,1,2,1,1.0,6.0
201000024339,0010-12-31 15:42:00,10,12,31,15,42,170,300,09 PK RN237 MOULIN JUSTI,,,Plein jour,Hors agglomération,Hors intersection,Normale,Autre collision,,,,,,,,,,,1,1,1,1.0,6.0
201000024340,0010-01-01 08:50:00,10,1,1,8,50,170,380,"0, GANIPOTE (AVENUE DE L",,,Plein jour,En agglomération,Hors intersection,Normale,Autre collision,,,,,,,,,,,1,2,1,1.0,6.0
201000024341,0010-01-11 16:47:00,10,1,11,16,47,170,333,"0, CORDOUAN (AVENUE DE)",,,Plein jour,En agglomération,Intersection en T,Normale,Deux véhicules - côté,,,,,,,,,,,1,2,3,1.0,3.0
201000024342,0010-01-12 15:45:00,10,1,12,15,45,170,306,"0, HEDDE (AVENUE DANIEL)",,,Plein jour,En agglomération,Hors intersection,Normale,Sans collision,,,,,,,,,,,1,2,1,1.0,7.0
201000024343,0010-01-20 12:25:00,10,1,20,12,25,170,306,"131, REGAZZONI (AVENUE C",,,Plein jour,En agglomération,Hors intersection,Normale,Deux véhicules - arrière,,,,,,,,,,,1,2,1,1.0,2.0
201000024344,0010-01-20 18:35:00,10,1,20,18,35,170,306,"0, LUCAZEAU AMEDEE",,,Crépuscule ou aube,En agglomération,Hors intersection,Normale,Deux véhicules - frontale,,,,,,,,,,,2,2,1,1.0,1.0
201000024345,0010-01-29 11:08:00,10,1,29,11,8,170,306,"0, ROCHEFORT (DE)  (AVEN",,,Plein jour,En agglomération,Hors intersection,Normale,Autre collision,,,,,,,,,,,1,2,1,1.0,6.0
201000024346,0010-02-06 12:15:00,10,2,6,12,15,170,306,"0, BRANLY EDOUARD",,,Plein jour,En agglomération,Hors intersection,Normale,Deux véhicules - côté,,,,,,,,,,,1,2,1,1.0,3.0
201000024347,0010-02-08 12:10:00,10,2,8,12,10,170,306,"0, FRESNEL AUGUSTIN",,,Plein jour,En agglomération,Hors intersection,Normale,Deux véhicules - côté,,,,,,,,,,,1,2,1,1.0,3.0
201000024348,0010-02-09 07:10:00,10,2,9,7,10,170,306,"0, BOUCHET LOUIS (AVENUE",,,Plein jour,En agglomération,Hors intersection,Normale,Deux véhicules - arrière,,,,,,,,,,,1,2,1,1.0,2.0
201000024349,0010-02-10 16:10:00,10,2,10,16,10,170,306,"40, THIERS  (BD)",,,Plein jour,En agglomération,Hors intersection,Normale,Autre collision,,,,,,,,,,,1,2,1,1.0,6.0
201000024350,0010-02-14 01:45:00,10,2,14,1,45,170,306,"0, ROCHEFORT (DE)  (AVEN",,,Nuit avec éclairage allumé,En agglomération,Hors intersection,Normale,Sans collision,,,,,,,,,,,5,2,1,1.0,7.0
201000024351,0010-02-16 17:35:00,10,2,16,17,35,170,306,"173, PONTAILLAC (DE) (AV",,,Plein jour,En agglomération,Hors intersection,Normale,Autre collision,,,,,,,,,,,1,2,1,1.0,6.0
201000024352,0010-02-20 16:10:00,10,2,20,16,10,170,461,"0, GROSSE PIERRE (DE LA)",,,Plein jour,En agglomération,Hors intersection,Normale,Autre collision,,,,,,,,,,,1,2,1,1.0,6.0
201000024353,0010-02-22 17:38:00,10,2,22,17,38,170,380,"0, EXPRESS (VOIE)",,,Plein jour,Hors agglomération,Hors intersection,Normale,Sans collision,,,,,,,,,,,1,1,1,1.0,7.0
201000024354,0010-02-24 19:50:00,10,2,24,19,50,170,333,"0, MARAIS DE BOUBES",,,Crépuscule ou aube,Hors agglomération,Hors intersection,Pluie légère,Sans collision,,,,,,,,,,,2,1,1,2.0,7.0
201000024355,0010-03-04 11:00:00,10,3,4,11,0,170,306,"140, ROCHEFORT (DE)  (AV",,,Plein jour,En agglomération,Hors intersection,Normale,Autre collision,,,,,,,,,,,1,2,1,1.0,6.0
201000024356,0010-03-12 15:15:00,10,3,12,15,15,170,306,"0, ESPERANCE (DE L')",,,Plein jour,En agglomération,Hors intersection,Normale,Deux véhicules - côté,,,,,,,,,,,1,2,1,1.0,3.0
201000024357,0010-03-13 16:45:00,10,3,13,16,45,170,306,"0, LAVOISIER (ANTOINE DE",,,Plein jour,En agglomération,Hors intersection,Normale,Deux véhicules - côté,,,,,,,,,,,1,2,1,1.0,3.0
201000024358,0010-03-16 15:30:00,10,3,16,15,30,170,306,"0, 4E ZOUAVE (DU) (AVENU",,,Plein jour,En agglomération,Intersection en T,Normale,Deux véhicules - côté,,,,,,,,,,,1,2,3,1.0,3.0
201000024359,0010-03-17 14:30:00,10,3,17,14,30,170,306,"0, QUEBEC (AVENUE)",,,Plein jour,En agglomération,Hors intersection,Normale,Autre collision,,,,,,,,,,,1,2,1,1.0,6.0
201000024360,0010-03-17 18:40:00,10,3,17,18,40,170,306,"0, EXPRESS (VOIE)",,,Crépuscule ou aube,Hors agglomération,Hors intersection,Normale,Deux véhicules - frontale,,,,,,,,,,,2,1,1,1.0,1.0
201000024361,0010-03-31 09:30:00,10,3,31,9,30,170,306,"0, ESPERANCE (DE L')",,,Plein jour,En agglomération,Hors intersection,Normale,Sans collision,,,,,,,,,,,1,2,1,1.0,7.0
201000024362,0010-03-31 13:32:00,10,3,31,13,32,170,461,"0, GROSSE PIERRE (DE LA)",,,Plein jour,En agglomération,Hors intersection,Normale,Deux véhicules - frontale,,,,,,,,,,,1,2,1,1.0,1.0
201000024363,0010-03-31 14:10:00,10,3,31,14,10,170,306,"0, PAIX (DE LA)",,,Plein jour,En agglomération,Intersection en X,Normale,Deux véhicules - côté,,,,,,,,,,,1,2,2,1.0,3.0
201000024364,0010-04-03 17:50:00,10,4,3,17,50,170,306,"32, LAVOISIER (ANTOINE D",,,Plein jour,En agglomération,Hors intersection,Normale,Deux véhicules - arrière,,,,,,,,,,,1,2,1,1.0,2.0
201000024365,0010-04-06 19:49:00,10,4,6,19,49,170,333,"0, EXPRESS (voie)",,,Crépuscule ou aube,Hors agglomération,Hors intersection,Normale,Sans collision,,,,,,,,,,,2,1,1,1.0,7.0
201000024366,0010-04-06 20:00:00,10,4,6,20,0,170,306,"0, CENDRILLES (DES)",,,Crépuscule ou aube,En agglomération,Giratoire,Normale,Deux véhicules - côté,,,,,,,,,,,2,2,6,1.0,3.0
201000024367,0010-04-07 10:23:00,10,4,7,10,23,170,306,"49, AMPERE",,,Plein jour,En agglomération,Hors intersection,Normale,Sans collision,,,,,,,,,,,1,2,1,1.0,7.0
201000024368,0010-04-07 18:55:00,10,4,7,18,55,170,306,ZOLA (ALLEE EMILE),,,Crépuscule ou aube,En agglomération,Hors intersection,Normale,Deux véhicules - arrière,,,,,,,,,,,2,2,1,1.0,2.0
201000024369,0010-04-08 08:55:00,10,4,8,8,55,170,333,"0, JAURES (AVENUE)",,,Plein jour,En agglomération,Giratoire,Normale,Deux véhicules - côté,,,,,,,,,,,1,2,6,1.0,3.0
201000024370,0010-04-12 09:30:00,10,4,12,9,30,170,380,"0, EXPRESS (VOIE)",,,Plein jour,Hors agglomération,Hors intersection,Normale,Deux véhicules - arrière,,,,,,,,,,,1,1,1,1.0,2.0
201000024371,0010-04-16 15:55:00,10,4,16,15,55,170,306,"0, GRANDE CONCHE (DE LA)",,,Plein jour,En agglomération,Intersection en X,Normale,Deux véhicules - côté,,,,,,,,,,,1,2,2,1.0,3.0
201000024372,0010-04-17 15:08:00,10,4,17,15,8,170,380,"0, GRANDE COTE (AVENUE D",,,Plein jour,En agglomération,Hors intersection,Normale,Deux véhicules - côté,,,,,,,,,,,1,2,1,1.0,3.0
201000024373,0010-04-17 16:03:00,10,4,17,16,3,170,306,"0, EUROPE (COURS DE L')",,,Plein jour,En agglomération,Hors intersection,Normale,Deux véhicules - côté,,,,,,,,,,,1,2,1,1.0,3.0
201000024374,0010-04-18 15:15:00,10,4,18,15,15,170,461,VAL-LUMIERE (AVENUE DU),,,Plein jour,En agglomération,Hors intersection,Normale,Sans collision,,,,,,,,,,,1,2,1,1.0,7.0
201000024375,0010-04-23 10:00:00,10,4,23,10,0,170,306,"0, EXPRESS (VOIE)",,,Plein jour,Hors agglomération,Hors intersection,Normale,Deux véhicules - arrière,,,,,,,,,,,1,1,1,1.0,2.0
201000024376,0010-04-23 17:15:00,10,4,23,17,15,170,333,"0, BORDEAUX (ROUTE DE)",,,Plein jour,Hors agglomération,Hors intersection,Normale,Sans collision,,,,,,,,,,,1,1,1,1.0,7.0
201000024377,0010-04-27 10:00:00,10,4,27,10,0,170,306,"4, GAMBETTA",,,Plein jour,En agglomération,Hors intersection,Normale,Autre collision,,,,,,,,,,,1,2,1,1.0,6.0
201000024378,0010-04-27 12:15:00,10,4,27,12,15,170,306,"0, CLAIRIERE (AVENUE)",,,Plein jour,En agglomération,Intersection en T,Normale,Deux véhicules - côté,,,,,,,,,,,1,2,3,1.0,3.0
201000024379,0010-04-29 15:00:00,10,4,29,15,0,170,306,"0, LOTI PIERRE",,,Plein jour,En agglomération,Hors intersection,Normale,Autre collision,,,,,,,,,,,1,2,1,1.0,6.0
201000024380,0010-05-02 13:45:00,10,5,2,13,45,170,380,"0, EXPRESS (VOIE)",,,Plein jour,En agglomération,Intersection en X,Normale,Deux véhicules - frontale,,,,,,,,,,,1,2,2,1.0,1.0
201000024381,0010-05-11 08:10:00,10,5,11,8,10,170,306,"0, SION (DE)",,,Plein jour,En agglomération,Intersection en T,Normale,Deux véhicules - côté,,,,,,,,,,,1,2,3,1.0,3.0
201000024382,0010-05-13 02:15:00,10,5,13,2,15,170,333,"0, BORDEAUX (ROUTE DE)",,,Nuit avec éclairage allumé,En agglomération,Hors intersection,Normale,Sans collision,,,,,,,,,,,5,2,1,1.0,7.0
201000024383,0010-05-20 18:40:00,10,5,20,18,40,170,306,"0, ROCHEFORT (DE)  (AVEN",,,Crépuscule ou aube,En agglomération,Hors intersection,Normale,Trois véhicules et plus - en chaîne,,,,,,,,,,,2,2,1,1.0,4.0
201000024384,0010-05-24 18:30:00,10,5,24,18,30,170,306,EXPRESS (VOIE),,,Crépuscule ou aube,En agglomération,Hors intersection,Normale,Sans collision,,,,,,,,,,,2,2,1,1.0,7.0
201000024385,0010-06-03 16:11:00,10,6,3,16,11,170,306,LOTI PIERRE,,,Plein jour,En agglomération,Hors intersection,Normale,Deux véhicules - arrière,,,,,,,,,,,1,2,1,1.0,2.0
201000024386,0010-06-03 19:06:00,10,6,3,19,6,170,306,DE LATTRE DE TASSIGNY (B,,,Crépuscule ou aube,En agglomération,Intersection en T,Normale,Deux véhicules - côté,,,,,,,,,,,2,2,3,1.0,3.0
201000024387,0010-06-09 13:25:00,10,6,9,13,25,170,306,"7, CLEMENCEAU  GEORGES (",,,Plein jour,En agglomération,Hors intersection,Normale,Deux véhicules - arrière,,,,,,,,,,,1,2,1,1.0,2.0
201000024388,0010-06-09 17:35:00,10,6,9,17,35,170,306,GRANDE CONCHE (DE LA) (A,,,Plein jour,En agglomération,Intersection en T,Normale,Deux véhicules - côté,,,,,,,,,,,1,2,3,1.0,3.0
201000024389,0010-06-13 06:00:00,10,6,13,6,0,170,380,"123, GANIPOTE (AVENUE DE",,,Nuit avec éclairage allumé,En agglomération,Hors intersection,Normale,Autre collision,,,,,,,,,,,5,2,1,1.0,6.0
201000024390,0010-06-15 14:08:00,10,6,15,14,8,170,306,BRANLY EDOUARD,,,Plein jour,En agglomération,Intersection en T,Normale,Deux véhicules - côté,,,,,,,,,,,1,2,3,1.0,3.0
201000024391,0010-06-18 14:28:00,10,6,18,14,28,170,333,COTE DE BEAUTE (BOULEVAR,,,Plein jour,En agglomération,Hors intersection,Normale,Sans collision,,,,,,,,,,,1,2,1,1.0,7.0
201000024392,0010-06-20 17:15:00,10,6,20,17,15,170,333,CORNICHE (BOULEVARD DE L,,,Plein jour,En agglomération,Hors intersection,Normale,Deux véhicules - arrière,,,,,,,,,,,1,2,1,1.0,2.0
201000024393,0010-06-20 02:35:00,10,6,20,2,35,170,333,"40, JUIN (AVENUE MARECHA",,,Nuit avec éclairage allumé,En agglomération,Hors intersection,Normale,Autre collision,,,,,,,,,,,5,2,1,1.0,6.0
201000024394,0010-06-20 02:05:00,10,6,20,2,5,170,380,"., OCEAN (DE L')",,,Nuit avec éclairage allumé,En agglomération,Hors intersection,Normale,Autre collision,,,,,,,,,,,5,2,1,1.0,6.0
201000024395,0010-06-21 17:55:00,10,6,21,17,55,170,461,"., EXPRESS (VOIE)",,,Plein jour,En agglomération,Hors intersection,Normale,Autre collision,,,,,,,,,,,1,2,1,1.0,6.0
201000024396,0010-06-21 17:25:00,10,6,21,17,25,170,306,"13, REPUBLIQUE (DE LA) (",,,Plein jour,En agglomération,Hors intersection,Normale,Autre collision,,,,,,,,,,,1,2,1,1.0,6.0
201000024397,0010-06-23 08:15:00,10,6,23,8,15,170,306,"., FOCH (PLACE)",,,Plein jour,En agglomération,Intersection en X,Normale,Deux véhicules - côté,,,,,,,,,,,1,2,2,1.0,3.0
201000024398,0010-06-26 14:05:00,10,6,26,14,5,170,380,"., COTE DE BEAUTE (BOULE",,,Plein jour,En agglomération,Hors intersection,Normale,Deux véhicules - frontale,,,,,,,,,,,1,2,1,1.0,1.0
201000024399,0010-06-27 15:17:00,10,6,27,15,17,170,306,"., FRONT DE MER (PROMENA",,,Plein jour,En agglomération,Hors intersection,Normale,Sans collision,,,,,,,,,,,1,2,1,1.0,7.0
201000024400,0010-06-29 04:00:00,10,6,29,4,0,170,461,"123, COTE DE BEAUTE (BOU",,,Nuit avec éclairage allumé,En agglomération,Hors intersection,Normale,Autre collision,,,,,,,,,,,5,2,1,1.0,6.0
201000024401,0010-06-29 19:30:00,10,6,29,19,30,170,306,"., MONASTIR (QUAI)",,,Plein jour,En agglomération,Hors intersection,Normale,Autre collision,,,,,,,,,,,1,2,1,1.0,6.0
201000024402,0010-06-30 04:50:00,10,6,30,4,50,170,461,"1, COTE DE BEAUTE (BOULE",,,Nuit avec éclairage allumé,En agglomération,Hors intersection,Normale,Sans collision,,,,,,,,,,,5,2,1,1.0,7.0
201000024403,0010-07-01 11:35:00,10,7,1,11,35,170,306,"., GAMBETTA",,,Plein jour,En agglomération,Hors intersection,Normale,Deux véhicules - côté,,,,,,,,,,,1,2,1,1.0,3.0
201000024404,0010-07-04 19:20:00,10,7,4,19,20,170,306,"0, BOUCHET LOUIS (AVENUE",,,Plein jour,En agglomération,Hors intersection,Normale,Deux véhicules - arrière,,,,,,,,,,,1,2,1,1.0,2.0
201000024405,0010-07-08 09:55:00,10,7,8,9,55,170,306,"0, CLEMENCEAU  GEORGES (",,,Plein jour,En agglomération,Hors intersection,Normale,Autre collision,,,,,,,,,,,1,2,1,1.0,6.0
201000024406,0010-07-14 19:25:00,10,7,14,19,25,170,461,"0, COURLAY (AVENUE DE)",,,Plein jour,En agglomération,Hors intersection,Normale,Deux véhicules - côté,,,,,,,,,,,1,2,1,1.0,3.0
201000024407,0010-07-16 15:48:00,10,7,16,15,48,170,333,"0, SUZAC (AVENUE DE)",,,Plein jour,En agglomération,Hors intersection,Normale,Autre collision,,,,,,,,,,,1,2,1,1.0,6.0
201000024408,0010-07-16 18:40:00,10,7,16,18,40,170,333,"28, REPUBLIQUE (DE LA)",,,Plein jour,En agglomération,Hors intersection,Normale,Autre collision,,,,,,,,,,,1,2,1,1.0,6.0
201000024409,0010-07-17 12:15:00,10,7,17,12,15,170,306,"0, GARNIER (BD FREDERIC)",,,Plein jour,En agglomération,Hors intersection,Normale,Deux véhicules - arrière,,,,,,,,,,,1,2,1,1.0,2.0
201000024410,0010-07-17 16:55:00,10,7,17,16,55,170,306,CORDOUAN (DE) (BD),,,Plein jour,En agglomération,Hors intersection,Normale,Deux véhicules - côté,,,,,,,,,,,1,2,1,1.0,3.0
201000024411,0010-07-18 18:15:00,10,7,18,18,15,170,380,"0, COURLAY (AVENUE DE)",,,Plein jour,En agglomération,Hors intersection,Normale,Deux véhicules - côté,,,,,,,,,,,1,2,1,1.0,3.0
201000024412,0010-07-20 08:10:00,10,7,20,8,10,170,306,EXPRESS (VOIE),,,Plein jour,Hors agglomération,Hors intersection,Normale,Trois véhicules et plus - collisions multiples,,,,,,,,,,,1,1,1,1.0,5.0
201000024413,0010-07-20 15:35:00,10,7,20,15,35,170,306,"., 4E ZOUAVE (DU) (AVENU",,,Plein jour,En agglomération,Hors intersection,Normale,Deux véhicules - arrière,,,,,,,,,,,1,2,1,1.0,2.0
201000024414,0010-07-22 16:52:00,10,7,22,16,52,170,306,"., CENDRILLES (DES)",,,Plein jour,En agglomération,Giratoire,Normale,Deux véhicules - arrière,,,,,,,,,,,1,2,6,1.0,2.0
201000024415,0010-07-23 17:53:00,10,7,23,17,53,170,306,"., LAVOISIER (ANTOINE DE",,,Plein jour,En agglomération,Hors intersection,Normale,Autre collision,,,,,,,,,,,1,2,1,1.0,6.0
201000024416,0010-08-23 21:55:00,10,8,23,21,55,170,333,"., TILLEULS (AVENUE DES)",,,Nuit avec éclairage allumé,En agglomération,Hors intersection,Normale,Sans collision,,,,,,,,,,,5,2,1,1.0,7.0
201000024417,0010-07-24 20:10:00,10,7,24,20,10,170,306,"., AQUITAINE (ALIENOR D'",,,Nuit avec éclairage allumé,En agglomération,Hors intersection,Normale,Sans collision,,,,,,,,,,,5,2,1,1.0,7.0
201000024418,0010-07-24 14:20:00,10,7,24,14,20,170,333,"0, BORDEAUX (ROUTE DE)",,,Plein jour,En agglomération,Hors intersection,Normale,Deux véhicules - arrière,,,,,,,,,,,1,2,1,1.0,2.0
201000024419,0010-07-24 17:10:00,10,7,24,17,10,170,461,"., ROCHE (DE LA)",,,Plein jour,En agglomération,Intersection en T,Normale,Deux véhicules - côté,,,,,,,,,,,1,2,3,1.0,3.0
201000024420,0010-07-25 20:15:00,10,7,25,20,15,170,306,"., EUROPE (COURS DE L')",,,Nuit avec éclairage allumé,En agglomération,Intersection en T,Normale,Deux véhicules - côté,,,,,,,,,,,5,2,3,1.0,3.0
201000024421,0010-07-26 10:55:00,10,7,26,10,55,170,380,"49, SOURCE (AVENUE DE LA",,,Plein jour,En agglomération,Hors intersection,Normale,Autre collision,,,,,,,,,,,1,2,1,1.0,6.0
201000024422,0010-07-29 10:56:00,10,7,29,10,56,170,333,"., COTE DE BEAUTE (BOULE",,,Plein jour,En agglomération,Hors intersection,Normale,Deux véhicules - arrière,,,,,,,,,,,1,2,1,1.0,2.0
201000024423,0010-07-30 10:26:00,10,7,30,10,26,170,306,"09, GAMBETTA",,,Plein jour,En agglomération,Hors intersection,Normale,Deux véhicules - côté,,,,,,,,,,,1,2,1,1.0,3.0
201000024424,0010-07-31 02:20:00,10,7,31,2,20,170,306,"., BOUCHET LOUIS (AVENUE",,,Nuit avec éclairage allumé,En agglomération,Intersection en T,Normale,Deux véhicules - arrière,,,,,,,,,,,5,2,3,1.0,2.0
201000024425,0010-08-04 07:10:00,10,8,4,7,10,170,333,"0, JAURES (AVENUE)",,,Crépuscule ou aube,En agglomération,Intersection en T,Normale,Deux véhicules - côté,,,,,,,,,,,2,2,3,1.0,3.0
201000024426,0010-08-07 15:40:00,10,8,7,15,40,170,333,"., MAUDET (DU DOCTEUR)",,,Plein jour,En agglomération,Hors intersection,Normale,Autre collision,,,,,,,,,,,1,2,1,1.0,6.0
201000024427,0010-08-07 17:20:00,10,8,7,17,20,170,333,"., EXPRESS (voie)",,,Plein jour,En agglomération,Hors intersection,Normale,Autre collision,,,,,,,,,,,1,2,1,1.0,6.0
201000024428,0010-08-08 20:50:00,10,8,8,20,50,170,461,"., CENDRILLES  (DES)",,,Nuit avec éclairage allumé,En agglomération,Intersection en T,Normale,Deux véhicules - côté,,,,,,,,,,,5,2,3,1.0,3.0
201000024429,0010-08-09 15:20:00,10,8,9,15,20,170,306,"., BESANCON (PASTEUR SAM",,,Plein jour,En agglomération,Hors intersection,Normale,Deux véhicules - arrière,,,,,,,,,,,1,2,1,1.0,2.0
201000024430,0010-08-10 12:34:00,10,8,10,12,34,170,306,"9, CONCHE DU CHAY (DE LA",,,Plein jour,En agglomération,Hors intersection,Normale,Sans collision,,,,,,,,,,,1,2,1,1.0,7.0
201000024431,0010-08-11 17:23:00,10,8,11,17,23,170,306,"., AMPERE",,,Plein jour,En agglomération,Hors intersection,Normale,Deux véhicules - arrière,,,,,,,,,,,1,2,1,1.0,2.0
201000024432,0010-08-12 23:30:00,10,8,12,23,30,170,306,"., ROCHEFORT (DE)  (AVEN",,,Nuit avec éclairage allumé,En agglomération,Intersection en X,Normale,Deux véhicules - côté,,,,,,,,,,,5,2,2,1.0,3.0
201000024433,0010-08-13 11:10:00,10,8,13,11,10,170,306,"21, ZOLA (ALLEE EMILE)",,,Plein jour,En agglomération,Hors intersection,Normale,Deux véhicules - arrière,,,,,,,,,,,1,2,1,1.0,2.0
201000024434,0010-08-16 15:58:00,10,8,16,15,58,170,306,"205, PONTAILLAC (DE) (AV",,,Plein jour,En agglomération,Hors intersection,Normale,Autre collision,,,,,,,,,,,1,2,1,1.0,6.0
201000024435,0010-08-17 17:40:00,10,8,17,17,40,170,306,"., GARE (DE LA)",,,Plein jour,En agglomération,Hors intersection,Normale,Autre collision,,,,,,,,,,,1,2,1,1.0,6.0
201000024436,0010-08-18 09:10:00,10,8,18,9,10,170,306,"., REPUBLIQUE (DE LA) (B",,,Plein jour,En agglomération,Hors intersection,Normale,Sans collision,,,,,,,,,,,1,2,1,1.0,7.0
201000024437,0010-08-18 17:22:00,10,8,18,17,22,170,306,"., HEDDE (AVENUE DANIEL)",,,Plein jour,En agglomération,Hors intersection,Normale,Sans collision,,,,,,,,,,,1,2,1,1.0,7.0
201000024438,0010-08-20 12:31:00,10,8,20,12,31,170,333,"., DE GAULLE (DU GENERAL",,,Plein jour,En agglomération,Hors intersection,Normale,Autre collision,,,,,,,,,,,1,2,1,1.0,6.0
201000024439,0010-08-22 12:55:00,10,8,22,12,55,170,380,"., EXPRESS (VOIE)",,,Plein jour,Hors agglomération,Hors intersection,Normale,Deux véhicules - arrière,,,,,,,,,,,1,1,1,1.0,2.0
201000024440,0010-08-28 18:30:00,10,8,28,18,30,170,306,"55, EUROPE (COURS DE L')",,,Plein jour,En agglomération,Hors intersection,Normale,Deux véhicules - arrière,,,,,,,,,,,1,2,1,1.0,2.0
201000024441,0010-08-29 21:00:00,10,8,29,21,0,170,306,"., CLEMENCEAU  GEORGES (",,,Nuit avec éclairage allumé,En agglomération,Intersection en T,Normale,Deux véhicules - côté,,,,,,,,,,,5,2,3,1.0,3.0
201000024442,0010-09-03 11:30:00,10,9,3,11,30,170,306,"., ROCHEFORT (DE)  (AVEN",,,Plein jour,En agglomération,Hors intersection,Normale,Sans collision,,,,,,,,,,,1,2,1,1.0,7.0
201000024443,0010-09-04 09:50:00,10,9,4,9,50,170,306,"., DE LATTRE DE TASSIGNY",,,Plein jour,En agglomération,Hors intersection,Normale,Sans collision,,,,,,,,,,,1,2,1,1.0,7.0
201000024444,0010-09-06 09:15:00,10,9,6,9,15,170,306,"22, CORDOUAN (DE) (BD)",,,Plein jour,En agglomération,Hors intersection,Normale,Autre collision,,,,,,,,,,,1,2,1,1.0,6.0
201000024445,0010-09-13 22:30:00,10,9,13,22,30,170,380,"., VERDUN (AVENUE DE)",,,Nuit avec éclairage allumé,En agglomération,Hors intersection,Normale,Sans collision,,,,,,,,,,,5,2,1,1.0,7.0
201000024446,0010-09-16 18:01:00,10,9,16,18,1,170,306,"24, LAVOISIER (ANTOINE D",,,Plein jour,En agglomération,Hors intersection,Normale,Autre collision,,,,,,,,,,,1,2,1,1.0,6.0
201000024447,0010-09-21 08:15:00,10,9,21,8,15,170,306,"51, BRIAND  ARISTIDE  (B",,,Crépuscule ou aube,En agglomération,Hors intersection,Normale,Autre collision,,,,,,,,,,,2,2,1,1.0,6.0