accident_id,datetime,annee,mois,jour,heure,minute,departement,commune_insee,adresse,latitude,longitude,luminosite,agglomeration,intersection,meteo,collision,nb_vehicules,nb_usagers,nb_indemnes,nb_tues,nb_blesses_hosp,nb_blesses_legers,age_cond_1,age_cond_2,veh_type_cond_1,veh_type_cond_2,lum_code,agg_code,int_code,atm_code,col_code
201000024703,0010-06-03 18:15:00,10,6,3,18,15,180,33,ROTTEE (RUE  LA)/DENNER,47.0579,2.41667,Plein jour,En agglomération,Hors intersection,Normale,Deux véhicules - côté,,,,,,,,,,,1,2,1,1.0,3.0
201000024704,0010-06-05 13:00:00,10,6,5,13,0,180,33,QUATRE VENTS (ROUTE DES),47.1058,2.45309,Plein jour,Hors agglomération,Hors intersection,Normale,Sans collision,,,,,,,,,,,1,1,1,1.0,7.0
201000024705,0010-06-14 12:40:00,10,6,14,12,40,180,50,DE L'EUROPE (AVENUE),47.0453,2.32979,Plein jour,Hors agglomération,Intersection en Y,Normale,Deux véhicules - côté,,,,,,,,,,,1,1,4,1.0,3.0
201000024706,0010-06-14 18:17:00,10,6,14,18,17,180,213,CHARITE (ROUTE DE LA),47.0963,2.4435,Plein jour,En agglomération,Giratoire,Normale,Deux véhicules - côté,,,,,,,,,,,1,2,6,1.0,3.0
201000024707,0010-06-10 14:00:00,10,6,10,14,0,180,255,PISSE VIEILLE (LIEU DIT),47.0429,2.32791,Plein jour,Hors agglomération,Hors intersection,Normale,Sans collision,,,,,,,,,,,1,1,1,1.0,7.0
201000024708,0010-06-18 08:43:00,10,6,18,8,43,180,33,EX RN 151,47.0616,2.36478,Plein jour,Hors agglomération,Intersection en T,Pluie légère,Deux véhicules - arrière,,,,,,,,,,,1,1,3,2.0,2.0
201000024709,0010-06-19 13:35:00,10,6,19,13,35,180,33,"122, CHAPELLE (ROUTE DE",47.076,2.36753,Plein jour,En agglomération,Hors intersection,Pluie légère,Deux véhicules - arrière,,,,,,,,,,,1,2,1,2.0,2.0
201000024710,0010-06-21 17:20:00,10,6,21,17,20,180,33,"109, MITTERRAND (AVENUE",47.0837,2.43179,Plein jour,En agglomération,Hors intersection,Normale,Deux véhicules - côté,,,,,,,,,,,1,2,1,1.0,3.0
201000024711,0010-06-26 15:05:00,10,6,26,15,5,180,33,F. VILLON/ P.VERLAINE,47.1034,2.41174,Plein jour,En agglomération,Intersection en X,Normale,Deux véhicules - arrière,,,,,,,,,,,1,2,2,1.0,2.0
201000024712,0010-06-29 12:20:00,10,6,29,12,20,180,205,"VIS À VIS1, PRES LE ROI",47.0932,2.38568,Plein jour,En agglomération,Hors intersection,Pluie légère,Autre collision,,,,,,,,,,,1,2,1,2.0,6.0
201000024713,0010-06-30 13:00:00,10,6,30,13,0,180,213,CHARITE (ROUTE DE LA),47.0977,2.46293,Plein jour,Hors agglomération,Intersection en T,Normale,Deux véhicules - frontale,,,,,,,,,,,1,1,3,1.0,1.0
201000024714,0010-07-01 20:00:00,10,7,1,20,0,180,33,"22, COURSALON (RUE)",47.0848,2.39607,Plein jour,En agglomération,Hors intersection,Normale,Autre collision,,,,,,,,,,,1,2,1,1.0,6.0
201000024715,0010-07-02 21:10:00,10,7,2,21,10,180,267,SAINT-AMAND (ROUTE DE),47.0256,2.3903,Plein jour,Hors agglomération,Hors intersection,Normale,Deux véhicules - arrière,,,,,,,,,,,1,1,1,1.0,2.0
201000024716,0010-07-05 07:00:00,10,7,5,7,0,180,33,"170 BIS, MALLET (RUE LOU",47.0814,2.37236,Plein jour,En agglomération,Hors intersection,Normale,Deux véhicules - côté,,,,,,,,,,,1,2,1,1.0,3.0
201000024717,0010-07-06 15:30:00,10,7,6,15,30,180,33,"6, CLEMENCEAU (BOULEVARD",47.0862,2.39926,Plein jour,En agglomération,Hors intersection,Normale,Autre collision,,,,,,,,,,,1,2,1,1.0,6.0
201000024718,0010-07-06 15:15:00,10,7,6,15,15,180,33,RUE JEAN MOULIN,47.1026,2.40874,Plein jour,En agglomération,Hors intersection,Normale,Deux véhicules - frontale,,,,,,,,,,,1,2,1,1.0,1.0
201000024719,0010-07-06 17:30:00,10,7,6,17,30,180,33,"21, VIGNES DE LA CHAPPE",47.0905,2.42604,Plein jour,En agglomération,Hors intersection,Normale,Deux véhicules - côté,,,,,,,,,,,1,2,1,1.0,3.0
201000024720,0010-07-08 23:30:00,10,7,8,23,30,180,267,RN 142,47.0264,2.38666,Nuit sans éclairage public,Hors agglomération,Hors intersection,Normale,Deux véhicules - côté,,,,,,,,,,,3,1,1,1.0,3.0
201000024721,0010-07-13 12:12:00,10,7,13,12,12,180,33,GAMBETTA (BOULEVARD),47.0881,2.38966,Plein jour,En agglomération,Intersection en T,Normale,Deux véhicules - côté,,,,,,,,,,,1,2,3,1.0,3.0
201000024722,0010-07-14 05:35:00,10,7,14,5,35,180,33,"84, PROSPECTIVE (AVENUE",47.1069,2.39394,Nuit avec éclairage allumé,En agglomération,Hors intersection,Normale,Deux véhicules - côté,,,,,,,,,,,5,2,1,1.0,3.0
201000024723,0010-07-14 18:25:00,10,7,14,18,25,180,33,DUMONES (AV)/SURFEN,47.0804,2.43164,Plein jour,En agglomération,Intersection en T,Normale,Deux véhicules - côté,,,,,,,,,,,1,2,3,1.0,3.0
201000024724,0010-07-18 00:45:00,10,7,18,0,45,180,205,ORLEANS (ROUTE D'),47.1103,2.37759,Nuit avec éclairage non allumé,En agglomération,Hors intersection,Normale,Sans collision,,,,,,,,,,,4,2,1,1.0,7.0
201000024725,0010-07-21 17:15:00,10,7,21,17,15,180,205,RD 2076,47.125,2.34674,Plein jour,Hors agglomération,Hors intersection,Pluie légère,Deux véhicules - arrière,,,,,,,,,,,1,1,1,2.0,2.0
201000024726,0010-07-21 17:35:00,10,7,21,17,35,180,33,RN 142,47.0868,2.44278,Plein jour,Hors agglomération,Hors intersection,Normale,Deux véhicules - côté,,,,,,,,,,,1,1,1,1.0,3.0
201000024727,0010-07-25 08:10:00,10,7,25,8,10,180,33,"129, MICHELIN (RUE DES F",47.1108,2.41406,Plein jour,En agglomération,Hors intersection,Normale,Autre collision,,,,,,,,,,,1,2,1,1.0,6.0
201000024728,0010-07-28 12:30:00,10,7,28,12,30,180,33,CHARITE (ROUTE DE LA),47.0966,2.44711,Plein jour,En agglomération,Hors intersection,Normale,Deux véhicules - arrière,,,,,,,,,,,1,2,1,1.0,2.0
201000024729,0010-07-28 14:55:00,10,7,28,14,55,180,33,MARCHE (RUE DU),47.0845,2.39169,Plein jour,En agglomération,Hors intersection,Normale,Autre collision,,,,,,,,,,,1,2,1,1.0,6.0
201000024730,0010-07-28 18:15:00,10,7,28,18,15,180,33,"2, BARRE (PLACE DE LA)",47.0869,2.39423,Plein jour,En agglomération,Autre intersection,Normale,Deux véhicules - arrière,,,,,,,,,,,1,2,9,1.0,2.0
201000024731,0010-07-31 05:00:00,10,7,31,5,0,180,33,RN 142,47.0361,2.3686,Nuit sans éclairage public,Hors agglomération,Hors intersection,Normale,Deux véhicules - frontale,,,,,,,,,,,3,1,1,1.0,1.0
201000024732,0010-07-31 17:50:00,10,7,31,17,50,180,33,SERAUCOURT (PLACE),47.0761,2.40104,Plein jour,En agglomération,Intersection en X,Normale,Deux véhicules - côté,,,,,,,,,,,1,2,2,1.0,3.0
201000024733,0010-08-06 19:05:00,10,8,6,19,5,180,33,RD 400 (ROCADE),47.0658,2.34992,Plein jour,Hors agglomération,Hors intersection,Normale,Deux véhicules - arrière,,,,,,,,,,,1,1,1,1.0,2.0
201000024734,0010-08-07 15:50:00,10,8,7,15,50,180,33,DESCARTES (RUE)/LAENNNEC,47.1016,2.39707,Plein jour,En agglomération,Intersection en X,Normale,Deux véhicules - côté,,,,,,,,,,,1,2,2,1.0,3.0
201000024735,0010-08-07 18:43:00,10,8,7,18,43,180,33,"191, CHARITE (ROUTE DE L",47.0947,2.4153,Plein jour,En agglomération,Hors intersection,Normale,Trois véhicules et plus - en chaîne,,,,,,,,,,,1,2,1,1.0,4.0
201000024736,0010-08-07 19:30:00,10,8,7,19,30,180,33,"54, TURLY (RUE DE)",47.0975,2.41329,Plein jour,En agglomération,Intersection en T,Normale,Deux véhicules - côté,,,,,,,,,,,1,2,3,1.0,3.0
201000024737,0010-08-10 05:45:00,10,8,10,5,45,180,33,MALLET (RUE L;)BD AVENIR,47.0798,2.38196,Nuit avec éclairage allumé,En agglomération,Intersection en X,Normale,Deux véhicules - côté,,,,,,,,,,,5,2,2,1.0,3.0
201000024738,0010-08-08 02:49:00,10,8,8,2,49,180,33,INDUSTRIE (BD)/TROUEE VE,47.072,2.39358,Nuit sans éclairage public,En agglomération,Autre intersection,Normale,Autre collision,,,,,,,,,,,3,2,9,1.0,6.0
201000024739,0010-08-12 09:00:00,10,8,12,9,0,180,33,AURON (BOULEVARD D'),47.0797,2.39019,Plein jour,En agglomération,Hors intersection,Normale,Deux véhicules - arrière,,,,,,,,,,,1,2,1,1.0,2.0
201000024740,0010-08-12 17:50:00,10,8,12,17,50,180,205,"28, VOUZERON (ROUTE DE)",47.1061,2.35681,Plein jour,En agglomération,Hors intersection,Normale,Deux véhicules - côté,,,,,,,,,,,1,2,1,1.0,3.0
201000024741,0010-08-15 10:40:00,10,8,15,10,40,180,33,BD REPUBLIQUE/J. GIRARD,47.0866,2.39869,Plein jour,En agglomération,Intersection en X,Normale,Deux véhicules - côté,,,,,,,,,,,1,2,2,1.0,3.0
201000024742,0010-08-19 17:45:00,10,8,19,17,45,180,33,"3, LAMARCK (BOULEVARD)",47.0795,2.39539,Plein jour,En agglomération,Autre intersection,Normale,Sans collision,,,,,,,,,,,1,2,9,1.0,7.0
201000024743,0010-08-20 17:15:00,10,8,20,17,15,180,255,RN 151,47.027,2.3012,Plein jour,Hors agglomération,Hors intersection,Normale,Deux véhicules - arrière,,,,,,,,,,,1,1,1,1.0,2.0
201000024744,0010-08-20 18:05:00,10,8,20,18,5,180,33,JURANVILLE (BD DE,47.0823,2.38914,Plein jour,En agglomération,Intersection en X,Normale,Autre collision,,,,,,,,,,,1,2,2,1.0,6.0
201000024745,0010-08-26 08:45:00,10,8,26,8,45,180,205,RN 76,47.1219,2.36631,Plein jour,En agglomération,Intersection en X,Normale,Deux véhicules - côté,,,,,,,,,,,1,2,2,1.0,3.0
201000024746,0010-08-27 16:50:00,10,8,27,16,50,180,255,LE TRONCAY (LIEU-DIT),47.0169,2.31443,Plein jour,Hors agglomération,Hors intersection,Pluie légère,Deux véhicules - frontale,,,,,,,,,,,1,1,1,2.0,1.0
201000024747,0010-08-29 17:50:00,10,8,29,17,50,180,33,AVENIR (BOULEVARD DE L'),,,Plein jour,En agglomération,Hors intersection,Normale,Sans collision,,,,,,,,,,,1,2,1,1.0,7.0
201000024748,0010-08-31 07:45:00,10,8,31,7,45,180,255,,47.033,2.31415,Plein jour,Hors agglomération,Hors intersection,Normale,Deux véhicules - côté,,,,,,,,,,,1,1,1,1.0,3.0
201000024749,0010-09-01 21:35:00,10,9,1,21,35,180,213,"5, LAMARTINE (RUE)",47.0992,2.44666,Nuit sans éclairage public,Hors agglomération,Hors intersection,Normale,Sans collision,,,,,,,,,,,3,1,1,1.0,7.0
201000024750,0010-09-03 14:00:00,10,9,3,14,0,180,213,SAINTE-SOLANGE (ROUTE DE,47.115,2.50713,Plein jour,En agglomération,Hors intersection,Normale,Autre collision,,,,,,,,,,,1,2,1,1.0,6.0
201000024751,0010-09-04 11:10:00,10,9,4,11,10,180,255,RD 103,47.0103,2.30569,Plein jour,Hors agglomération,Intersection en T,Normale,Deux véhicules - côté,,,,,,,,,,,1,1,3,1.0,3.0
201000024752,0010-09-07 18:40:00,10,9,7,18,40,180,33,"222, DE GAULLE (AV DU GE",47.1032,2.40925,Plein jour,En agglomération,Intersection en X,Normale,Deux véhicules - côté,,,,,,,,,,,1,2,2,1.0,3.0
201000024753,0010-09-08 15:00:00,10,9,8,15,0,180,33,NOVEMBRE 1918 (AVE,47.0931,2.39995,Plein jour,En agglomération,Intersection en T,Pluie légère,Sans collision,,,,,,,,,,,1,2,3,2.0,7.0
201000024754,0010-09-08 16:30:00,10,9,8,16,30,180,33,"54, HAEGELEN (AV. MAR",47.0726,2.38006,Plein jour,En agglomération,Hors intersection,Normale,Deux véhicules - côté,,,,,,,,,,,1,2,1,1.0,3.0
201000024755,0010-09-10 11:20:00,10,9,10,11,20,180,33,RN 142,47.0426,2.41819,Plein jour,Hors agglomération,Hors intersection,Normale,Deux véhicules - côté,,,,,,,,,,,1,1,1,1.0,3.0
201000024756,0010-09-10 16:00:00,10,9,10,16,0,180,33,"182, DUN-SUR-AURON (AVEN",47.0648,2.41987,Plein jour,En agglomération,Hors intersection,Normale,Deux véhicules - côté,,,,,,,,,,,1,2,1,1.0,3.0
201000024757,0010-09-14 17:00:00,10,9,14,17,0,180,33,SERAUCOURT (RUE DE,47.0785,2.39919,Plein jour,En agglomération,Hors intersection,Normale,Deux véhicules - arrière,,,,,,,,,,,1,2,1,1.0,2.0
201000024758,0010-09-14 17:35:00,10,9,14,17,35,180,205,RACINES (ROUTE DES),47.1186,2.37397,Plein jour,En agglomération,Giratoire,Normale,Deux véhicules - côté,,,,,,,,,,,1,2,6,1.0,3.0
201000024759,0010-09-16 10:00:00,10,9,16,10,0,180,33,"15, MALUS (PLACE)",47.0809,2.40639,Plein jour,En agglomération,Giratoire,Normale,Deux véhicules - arrière,,,,,,,,,,,1,2,6,1.0,2.0
201000024760,0010-09-16 17:30:00,10,9,16,17,30,180,33,BARBES/CHAMP DUR,47.0725,2.3887,Plein jour,En agglomération,Intersection en T,Normale,Deux véhicules - côté,,,,,,,,,,,1,2,3,1.0,3.0
201000024761,0010-09-17 10:00:00,10,9,17,10,0,180,33,QUATRE VENTS (ROUTE DES),47.11,2.44994,Plein jour,Hors agglomération,Hors intersection,Normale,Sans collision,,,,,,,,,,,1,1,1,1.0,7.0
201000024762,0010-09-19 07:35:00,10,9,19,7,35,180,33,SEMARD (AVENUE PIERRE,47.0937,2.39663,Crépuscule ou aube,En agglomération,Hors intersection,Normale,Autre collision,,,,,,,,,,,2,2,1,1.0,6.0
201000024763,0010-09-19 20:00:00,10,9,19,20,0,180,213,RD 151,47.0971,2.45502,Crépuscule ou aube,Hors agglomération,Giratoire,Normale,Sans collision,,,,,,,,,,,2,1,6,1.0,7.0
201000024764,0010-09-20 08:35:00,10,9,20,8,35,180,33,PRES-LE-ROI (AVENU,47.0939,2.39239,Plein jour,En agglomération,Hors intersection,Normale,Trois véhicules et plus - en chaîne,,,,,,,,,,,1,2,1,1.0,4.0
201000024765,0010-09-22 18:30:00,10,9,22,18,30,180,205,"59 BIS, ORLEANS (ROUTE D",47.099,2.38145,Plein jour,En agglomération,Hors intersection,Normale,Deux véhicules - arrière,,,,,,,,,,,1,2,1,1.0,2.0
201000024766,0010-09-27 08:00:00,10,9,27,8,0,180,33,SAINT-MARTIN (IMPASSE),47.0804,2.40557,Crépuscule ou aube,En agglomération,Hors intersection,Pluie forte,Autre collision,,,,,,,,,,,2,2,1,3.0,6.0
201000024767,0010-09-27 12:20:00,10,9,27,12,20,180,33,"65, LATTRE DE TASSIGNY (",47.0971,2.41807,Plein jour,En agglomération,Autre intersection,Pluie légère,Deux véhicules - côté,,,,,,,,,,,1,2,9,2.0,3.0
201000024768,0010-10-01 12:05:00,10,10,1,12,5,180,33,CARREFOUR LA FOURCHETTE,47.0952,2.4234,Plein jour,En agglomération,Intersection en T,Normale,Deux véhicules - arrière,,,,,,,,,,,1,2,3,1.0,2.0
201000024769,0010-10-06 08:15:00,10,10,6,8,15,180,33,"23, TURLY (RUE DE)",47.0961,2.4089,Crépuscule ou aube,En agglomération,Hors intersection,Normale,Deux véhicules - côté,,,,,,,,,,,2,2,1,1.0,3.0
201000024770,0010-10-06 08:15:00,10,10,6,8,15,180,33,"14, GIONNE (RUE DE)",47.0725,2.4074,Plein jour,En agglomération,Hors intersection,Normale,Autre collision,,,,,,,,,,,1,2,1,1.0,6.0
201000024771,0010-10-06 13:45:00,10,10,6,13,45,180,33,"69, CHAPELLE (ROUTE DE L",47.0763,2.37656,Plein jour,En agglomération,Intersection en X,Normale,Deux véhicules - côté,,,,,,,,,,,1,2,2,1.0,3.0
201000024772,0010-10-08 05:55:00,10,10,8,5,55,180,50,BOURGES (ROUTE DE),47.0726,2.34086,Nuit sans éclairage public,Hors agglomération,Hors intersection,Normale,Autre collision,,,,,,,,,,,3,1,1,1.0,6.0
201000024773,0010-10-08 16:10:00,10,10,8,16,10,180,213,CHARITE (ROUTE DE,47.0977,2.46293,Plein jour,Hors agglomération,Intersection en T,Normale,Deux véhicules - arrière,,,,,,,,,,,1,1,3,1.0,2.0
201000024774,0010-10-11 07:45:00,10,10,11,7,45,180,33,"158, DE GAULLE (AV DU GE",47.1007,2.40751,Plein jour,En agglomération,Hors intersection,Normale,Autre collision,,,,,,,,,,,1,2,1,1.0,6.0
201000024775,0010-10-11 08:21:00,10,10,11,8,21,180,33,"207, CHARITE (RTE DE LA)",47.095,2.42048,Plein jour,En agglomération,Hors intersection,Normale,Trois véhicules et plus - en chaîne,,,,,,,,,,,1,2,1,1.0,4.0
201000024776,0010-08-09 22:20:00,10,8,9,22,20,180,33,RN 151,,,Nuit avec éclairage allumé,Hors agglomération,Hors intersection,Normale,Autre collision,,,,,,,,,,,5,1,1,1.0,6.0
201000024777,0010-10-12 13:40:00,10,10,12,13,40,180,33,ISSOUDUN (RTE D')/VALLON,47.0552,2.35509,Plein jour,Hors agglomération,Intersection en T,Normale,Deux véhicules - côté,,,,,,,,,,,1,1,3,1.0,3.0
201000024778,0010-10-14 17:00:00,10,10,14,17,0,180,33,TURLY (RUE DE)/JB MARCET,47.0975,2.41329,Plein jour,En agglomération,Intersection en T,Normale,Trois véhicules et plus - collisions multiples,,,,,,,,,,,1,2,3,1.0,5.0
201000024779,0010-10-18 08:30:00,10,10,18,8,30,180,33,CHARITE (ROUTE DE LA),47.0966,2.44737,Plein jour,En agglomération,Hors intersection,Normale,Deux véhicules - arrière,,,,,,,,,,,1,2,1,1.0,2.0
201000024780,0010-10-18 16:15:00,10,10,18,16,15,180,33,"33, SERAUCOURT (RUE DE)",47.0772,2.4002,Plein jour,En agglomération,Hors intersection,Normale,Sans collision,,,,,,,,,,,1,2,1,1.0,7.0
201000024781,0010-10-21 18:10:00,10,10,21,18,10,180,33,"1, SARREBOURG (RUE DE)",,,Plein jour,En agglomération,Hors intersection,Normale,Autre collision,,,,,,,,,,,1,2,1,1.0,6.0
201000024782,0010-10-22 19:55:00,10,10,22,19,55,180,33,"92, VAILLANT (RUE EDOUAR",47.0885,2.40019,Nuit avec éclairage allumé,En agglomération,Intersection en T,Normale,Deux véhicules - côté,,,,,,,,,,,5,2,3,1.0,3.0
201000024783,0010-10-23 20:55:00,10,10,23,20,55,180,33,,47.0583,2.36028,Nuit sans éclairage public,En agglomération,Hors intersection,Pluie forte,Autre collision,,,,,,,,,,,3,2,1,3.0,6.0
201000024784,0010-10-25 10:45:00,10,10,25,10,45,180,33,FOCH (BD DU MAL)/GIONNE,47.0749,2.40461,Plein jour,En agglomération,Intersection en T,Normale,Autre collision,,,,,,,,,,,1,2,3,1.0,6.0
201000024785,0010-10-26 16:24:00,10,10,26,16,24,180,50,VILLENEUVE (ROUTE DE),,,Plein jour,Hors agglomération,Hors intersection,Normale,Deux véhicules - arrière,,,,,,,,,,,1,1,1,1.0,2.0
201000024786,0010-10-27 09:35:00,10,10,27,9,35,180,33,"43, CHEDIN (RUE FELIX)",47.1004,2.39663,Plein jour,En agglomération,Hors intersection,Normale,Autre collision,,,,,,,,,,,1,2,1,1.0,6.0
201000024787,0010-11-02 18:45:00,10,11,2,18,45,180,33,"55, SERAUCOURT (RUE DE)",47.0763,2.4009,Nuit avec éclairage non allumé,En agglomération,Hors intersection,Pluie légère,Deux véhicules - frontale,,,,,,,,,,,4,2,1,2.0,1.0
201000024788,0010-11-03 17:10:00,10,11,3,17,10,180,33,INDUSTRIE (BOULEVARD DE,47.0713,2.38837,Plein jour,En agglomération,Intersection en X,Normale,Deux véhicules - côté,,,,,,,,,,,1,2,2,1.0,3.0
201000024789,0010-11-04 10:35:00,10,11,4,10,35,180,33,LAENNEC (RUE)/DESCARTES,47.1017,2.39708,Plein jour,En agglomération,Intersection en X,Pluie légère,Deux véhicules - côté,,,,,,,,,,,1,2,2,2.0,3.0
201000024790,0010-11-05 19:20:00,10,11,5,19,20,180,33,AV CARNOT/AV DUN,47.0725,2.41089,Nuit avec éclairage allumé,En agglomération,Intersection en X,Normale,Autre collision,,,,,,,,,,,5,2,2,1.0,6.0
201000024791,0010-11-06 17:45:00,10,11,6,17,45,180,33,"7, RENAN (AVENUE ERNEST)",47.0813,2.40762,Nuit avec éclairage allumé,En agglomération,Hors intersection,Pluie légère,Autre collision,,,,,,,,,,,5,2,1,2.0,6.0
201000024792,0010-11-07 02:20:00,10,11,7,2,20,180,33,DANTON (RUE),47.1245,2.40758,Nuit avec éclairage allumé,En agglomération,Intersection en Y,Pluie légère,Deux véhicules - côté,,,,,,,,,,,5,2,4,2.0,3.0
201000024793,0010-11-08 19:07:00,10,11,8,19,7,180,33,"10, CHAPPE (CHAUSSEE DE)",47.0932,2.42244,Nuit avec éclairage allumé,En agglomération,Hors intersection,Pluie légère,Deux véhicules - arrière,,,,,,,,,,,5,2,1,2.0,2.0
201000024794,0010-11-08 20:40:00,10,11,8,20,40,180,33,ISSOUDUN (ROUTE D'),47.0554,2.35492,Nuit sans éclairage public,Hors agglomération,Hors intersection,Pluie légère,Autre collision,,,,,,,,,,,3,1,1,2.0,6.0
201000024795,0010-11-10 07:50:00,10,11,10,7,50,180,33,MICHEL (RUE LOUISE),47.1094,2.40996,Plein jour,En agglomération,Hors intersection,Pluie légère,Autre collision,,,,,,,,,,,1,2,1,2.0,6.0
201000024796,0010-11-10 11:15:00,10,11,10,11,15,180,33,"226, DE GAULLE (AV DU GE",47.1063,2.41131,Plein jour,En agglomération,Intersection en T,Pluie légère,Deux véhicules - arrière,,,,,,,,,,,1,2,3,2.0,2.0
201000024797,0010-11-12 21:28:00,10,11,12,21,28,180,255,RD 103,47.0267,2.3257,Nuit sans éclairage public,Hors agglomération,Hors intersection,Pluie légère,Sans collision,,,,,,,,,,,3,1,1,2.0,7.0
201000024798,0010-11-13 14:30:00,10,11,13,14,30,180,33,"170, DE GAULLE (AV DU GE",47.1011,2.40779,Plein jour,En agglomération,Hors intersection,Normale,Deux véhicules - frontale,,,,,,,,,,,1,2,1,1.0,1.0
201000024799,0010-11-19 12:20:00,10,11,19,12,20,180,205,"43, ORLEANS (RTE D')",47.098,2.38182,Plein jour,En agglomération,Hors intersection,Normale,Deux véhicules - arrière,,,,,,,,,,,1,2,1,1.0,2.0
201000024800,0010-11-19 14:00:00,10,11,19,14,0,180,33,"45, GAMBETTA (BOULEVARD)",47.0891,2.39105,Plein jour,En agglomération,Hors intersection,Normale,Deux véhicules - arrière,,,,,,,,,,,1,2,1,1.0,2.0
201000024801,0010-11-20 22:53:00,10,11,20,22,53,180,33,PILIERS (PLACE DES QUATR,47.0831,2.39481,Nuit avec éclairage allumé,En agglomération,Intersection en X,Normale,Trois véhicules et plus - collisions multiples,,,,,,,,,,,5,2,2,1.0,5.0
201000024802,0010-11-22 07:35:00,10,11,22,7,35,180,33,"15, MARCHE (RUE DU)",47.0845,2.39167,Crépuscule ou aube,En agglomération,Hors intersection,Normale,Autre collision,,,,,,,,,,,2,2,1,1.0,6.0
201000024803,0010-11-22 18:00:00,10,11,22,18,0,180,205,"647, RACINES (ROUTE DES)",47.1226,2.38102,Nuit avec éclairage allumé,En agglomération,Hors intersection,Pluie légère,Autre collision,,,,,,,,,,,5,2,1,2.0,6.0
201000024804,0010-11-26 07:45:00,10,11,26,7,45,180,33,"25, JURANVILLE (BOULEVAR",47.0857,2.38855,Crépuscule ou aube,En agglomération,Intersection en X,Normale,Autre collision,,,,,,,,,,,2,2,2,1.0,6.0
201000024805,0010-12-01 08:40:00,10,12,1,8,40,180,267,CHATEAUNEUF (ROUTE,47.0504,2.37955,Plein jour,En agglomération,Giratoire,Neige / grêle,Sans collision,,,,,,,,,,,1,2,6,4.0,7.0
201000024806,0010-12-15 10:00:00,10,12,15,10,0,180,267,SAINT-AMAND (ROUTE,47.0101,2.39236,Plein jour,Hors agglomération,Intersection en T,Normale,Sans collision,,,,,,,,,,,1,1,3,1.0,7.0
201000024807,0010-12-15 12:17:00,10,12,15,12,17,180,33,,47.0264,2.38743,Plein jour,Hors agglomération,Hors intersection,Normale,Deux véhicules - côté,,,,,,,,,,,1,1,1,1.0,3.0
201000024808,0010-12-17 15:20:00,10,12,17,15,20,180,33,CHARITE (RTE DE)/DE VOGU,47.0941,2.40443,Plein jour,En agglomération,Intersection en T,Temps couvert,Deux véhicules - côté,,,,,,,,,,,1,2,3,8.0,3.0
201000024809,0010-12-21 19:25:00,10,12,21,19,25,180,33,STRASBOURG->GIRATOIRE,47.0809,2.40639,Nuit avec éclairage allumé,En agglomération,Giratoire,Pluie légère,Deux véhicules - côté,,,,,,,,,,,5,2,6,2.0,3.0
201000024810,0010-12-26 19:30:00,10,12,26,19,30,180,33,78 MITTERRAND (AV FRANC,47.0837,2.43326,Nuit avec éclairage allumé,En agglomération,Hors intersection,Normale,Deux véhicules - arrière,,,,,,,,,,,5,2,1,1.0,2.0
201000024811,0010-12-28 08:58:00,10,12,28,8,58,180,205,"356, BERRY-BOUY (ROUTE D",47.0948,2.35162,Plein jour,En agglomération,Hors intersection,Autre,Autre collision,,,,,,,,,,,1,2,1,9.0,6.0
201000024812,0010-12-29 11:00:00,10,12,29,11,0,180,33,CHAPELLE (ROUTE DE LA),47.076,2.38084,Plein jour,Hors agglomération,Hors intersection,Temps couvert,Deux véhicules - arrière,,,,,,,,,,,1,1,1,8.0,2.0
201000024813,0010-12-30 13:30:00,10,12,30,13,30,180,33,SERAUCOURT (PLACE),47.0791,2.39862,Plein jour,En agglomération,Hors intersection,Normale,Deux véhicules - côté,,,,,,,,,,,1,2,1,1.0,3.0
201000024814,0010-01-22 10:00:00,10,1,22,10,0,830,49,,,,Plein jour,Hors agglomération,Intersection en X,Normale,Deux véhicules - côté,,,,,,,,,,,1,1,2,1.0,3.0
201000024815,0010-02-14 19:30:00,10,2,14,19,30,830,91,,,,Nuit sans éclairage public,Hors agglomération,Hors intersection,Pluie légère,Autre collision,,,,,,,,,,,3,1,1,2.0,6.0
201000024816,0010-05-15 21:30:00,10,5,15,21,30,830,91,,,,Nuit avec éclairage non allumé,Hors agglomération,Hors intersection,Normale,Deux véhicules - frontale,,,,,,,,,,,4,1,1,1.0,1.0
201000024817,0010-05-23 14:15:00,10,5,23,14,15,830,49,,,,Plein jour,Hors agglomération,Hors intersection,Normale,Deux véhicules - frontale,,,,,,,,,,,1,1,1,1.0,1.0
201000024818,0010-07-21 19:15:00,10,7,21,19,15,830,49,R. Charettes/HAUTECLoque,,,Plein jour,En agglomération,Intersection en X,Normale,Deux véhicules - côté,,,,,,,,,,,1,2,2,1.0,3.0
201000024819,0010-07-26 19:15:00,10,7,26,19,15,830,100,,,,Plein jour,Hors agglomération,Intersection en X,Normale,Deux véhicules - côté,,,,,,,,,,,1,1,2,1.0,3.0
201000024820,0010-08-01 08:00:00,10,8,1,8,0,830,91,,,,Plein jour,Hors agglomération,Hors intersection,Normale,Sans collision,,,,,,,,,,,1,1,1,1.0,7.0
201000024821,0010-08-03 22:00:00,10,8,3,22,0,830,43,,43.226,6.26,Nuit sans éclairage public,Hors agglomération,Hors intersection,Normale,Sans collision,,,,,,,,,,,3,1,1,1.0,7.0
201000024822,0010-08-04 16:45:00,10,8,4,16,45,830,49,,,,Plein jour,Hors agglomération,Hors intersection,Normale,Autre collision,,,,,,,,,,,1,1,1,1.0,6.0
201000024823,0010-09-07 06:30:00,10,9,7,6,30,830,100,,,,Crépuscule ou aube,Hors agglomération,Hors intersection,Normale,Autre collision,,,,,,,,,,,2,1,1,1.0,6.0