accident_id,datetime,annee,mois,jour,heure,minute,departement,commune_insee,adresse,latitude,longitude,luminosite,agglomeration,intersection,meteo,collision,nb_vehicules,nb_usagers,nb_indemnes,nb_tues,nb_blesses_hosp,nb_blesses_legers,age_cond_1,age_cond_2,veh_type_cond_1,veh_type_cond_2,lum_code,agg_code,int_code,atm_code,col_code
201000024824,0010-09-15 07:45:00,10,9,15,7,45,830,33,,,,Plein jour,Hors agglomération,Hors intersection,Normale,Deux véhicules - arrière,,,,,,,,,,,1,1,1,1.0,2.0
201000024825,0010-09-20 12:30:00,10,9,20,12,30,830,91,,,,Plein jour,En agglomération,Hors intersection,Normale,Deux véhicules - frontale,,,,,,,,,,,1,2,1,1.0,1.0
201000024826,0010-09-23 14:30:00,10,9,23,14,30,830,49,,,,Plein jour,Hors agglomération,Hors intersection,Normale,Trois véhicules et plus - collisions multiples,,,,,,,,,,,1,1,1,1.0,5.0
201000024827,0010-11-11 14:00:00,10,11,11,14,0,830,100,,,,Plein jour,Hors agglomération,Hors intersection,Normale,Autre collision,,,,,,,,,,,1,1,1,1.0,6.0
201000024828,0010-11-24 06:45:00,10,11,24,6,45,830,49,ANCIENNE ROUTE NATIONALE,,,Nuit avec éclairage allumé,En agglomération,Hors intersection,Normale,Autre collision,,,,,,,,,,,5,2,1,1.0,6.0
201000024829,0010-04-09 21:15:00,10,4,9,21,15,120,77,,43.91,3.26,Nuit sans éclairage public,Hors agglomération,Hors intersection,Normale,Deux véhicules - côté,,,,,,,,,,,3,1,1,1.0,3.0
201000024830,0010-08-03 00:15:00,10,8,3,0,15,120,270,,44.338,3.076,Nuit avec éclairage allumé,Hors agglomération,Hors intersection,Normale,Deux véhicules - arrière,,,,,,,,,,,5,1,1,1.0,2.0
201000024831,0010-08-23 18:15:00,10,8,23,18,15,120,77,,43.936,3.234,Plein jour,Hors agglomération,Hors intersection,Normale,Sans collision,,,,,,,,,,,1,1,1,1.0,7.0
201000024832,0010-09-07 18:30:00,10,9,7,18,30,120,291,,44.204,3.046,Crépuscule ou aube,Hors agglomération,Hors intersection,Pluie forte,Sans collision,,,,,,,,,,,2,1,1,3.0,7.0
201000024833,0010-10-24 18:30:00,10,10,24,18,30,120,291,,44.246,3.056,Crépuscule ou aube,Hors agglomération,Hors intersection,Pluie forte,Deux véhicules - côté,,,,,,,,,,,2,1,1,3.0,3.0
201000024834,0010-03-30 22:15:00,10,3,30,22,15,580,215,,,,Nuit sans éclairage public,Hors agglomération,Hors intersection,Temps couvert,Trois véhicules et plus - en chaîne,,,,,,,,,,,3,1,1,8.0,4.0
201000024835,0010-06-21 19:00:00,10,6,21,19,0,580,164,,,,Plein jour,Hors agglomération,Hors intersection,Normale,Autre collision,,,,,,,,,,,1,1,1,1.0,6.0
201000024836,0010-07-08 11:30:00,10,7,8,11,30,580,59,,47.423,2.946,Plein jour,Hors agglomération,Hors intersection,Normale,Deux véhicules - arrière,,,,,,,,,,,1,1,1,1.0,2.0
201000024837,0010-09-10 17:00:00,10,9,10,17,0,580,300,,,,Plein jour,Hors agglomération,Hors intersection,Normale,Deux véhicules - arrière,,,,,,,,,,,1,1,1,1.0,2.0
201000024838,0010-10-14 17:30:00,10,10,14,17,30,580,86,,47.409,2.945,Plein jour,Hors agglomération,Hors intersection,Brouillard / fumée,Trois véhicules et plus - collisions multiples,,,,,,,,,,,1,1,1,5.0,5.0
201000024839,0010-10-16 21:00:00,10,10,16,21,0,580,207,,,,Nuit sans éclairage public,Hors agglomération,Hors intersection,Pluie forte,Trois véhicules et plus - en chaîne,,,,,,,,,,,3,1,1,3.0,4.0
201000024840,0010-03-08 07:15:00,10,3,8,7,15,760,417,,49.68,1.327,Plein jour,Hors agglomération,Hors intersection,Normale,Deux véhicules - côté,,,,,,,,,,,1,1,1,1.0,3.0
201000024841,0010-05-25 11:45:00,10,5,25,11,45,760,648,,,,Plein jour,Hors agglomération,Hors intersection,Normale,Deux véhicules - côté,,,,,,,,,,,1,1,1,1.0,3.0
201000024842,0010-07-08 07:15:00,10,7,8,7,15,760,606,,49.769,1.748,Plein jour,Hors agglomération,Hors intersection,Normale,Deux véhicules - arrière,,,,,,,,,,,1,1,1,1.0,2.0
201000024843,0010-07-11 09:00:00,10,7,11,9,0,760,520,,49.884,1.581,Plein jour,Hors agglomération,Hors intersection,Normale,Deux véhicules - arrière,,,,,,,,,,,1,1,1,1.0,2.0
201000024844,0010-06-26 10:15:00,10,6,26,10,15,360,57,,46.8778,1.719,Plein jour,Hors agglomération,Hors intersection,Normale,Autre collision,,,,,,,,,,,1,1,1,1.0,6.0
201000024845,0010-07-08 16:45:00,10,7,8,16,45,180,140,,47.1385,1.96194,Plein jour,Hors agglomération,Hors intersection,Normale,Autre collision,,,,,,,,,,,1,1,1,1.0,6.0
201000024846,0010-10-01 09:30:00,10,10,1,9,30,180,279,,,,Plein jour,Hors agglomération,Hors intersection,Normale,Autre collision,,,,,,,,,,,1,1,1,1.0,6.0
201000024847,0010-10-09 04:30:00,10,10,9,4,30,360,63,,46.8614,1.71027,Nuit sans éclairage public,Hors agglomération,Hors intersection,Normale,Sans collision,,,,,,,,,,,3,1,1,1.0,7.0
201000024848,0010-01-02 13:00:00,10,1,2,13,0,360,219,,46.63,1.54934,Plein jour,Hors agglomération,Hors intersection,Normale,Autre collision,,,,,,,,,,,1,1,1,1.0,6.0
201000024849,0010-01-30 05:15:00,10,1,30,5,15,360,150,,46.4542,1.49538,Nuit sans éclairage public,Hors agglomération,Hors intersection,Temps couvert,Autre collision,,,,,,,,,,,3,1,1,8.0,6.0
201000024850,0010-03-10 07:30:00,10,3,10,7,30,360,200,,46.6111,1.51826,Crépuscule ou aube,Hors agglomération,Hors intersection,Neige / grêle,Trois véhicules et plus - en chaîne,,,,,,,,,,,2,1,1,4.0,4.0
201000024851,0010-03-21 17:30:00,10,3,21,17,30,360,101,,46.7125,1.59366,Plein jour,Hors agglomération,Hors intersection,Normale,Deux véhicules - arrière,,,,,,,,,,,1,1,1,1.0,2.0
201000024852,0010-05-09 12:00:00,10,5,9,12,0,360,134,,46.4154,1.46752,Plein jour,Hors agglomération,Hors intersection,Pluie légère,Autre collision,,,,,,,,,,,1,1,1,2.0,6.0
201000024853,0010-07-10 05:45:00,10,7,10,5,45,360,134,,46.4063,1.46041,Crépuscule ou aube,Hors agglomération,Hors intersection,Normale,Sans collision,,,,,,,,,,,2,1,1,1.0,7.0
201000024854,0010-08-24 08:45:00,10,8,24,8,45,360,200,,46.6058,1.50219,Plein jour,Hors agglomération,Hors intersection,Pluie légère,Autre collision,,,,,,,,,,,1,1,1,2.0,6.0
201000024855,0010-10-30 09:45:00,10,10,30,9,45,360,6,,46.593,1.49783,Plein jour,Hors agglomération,Hors intersection,Temps couvert,Autre collision,,,,,,,,,,,1,1,1,8.0,6.0
201000024856,0010-10-30 10:15:00,10,10,30,10,15,360,6,,46.5996,1.49896,Plein jour,Hors agglomération,Hors intersection,Normale,Autre collision,,,,,,,,,,,1,1,1,1.0,6.0
201000024857,0010-11-13 23:45:00,10,11,13,23,45,360,200,,46.6059,1.50241,Nuit sans éclairage public,Hors agglomération,Hors intersection,Normale,Trois véhicules et plus - collisions multiples,,,,,,,,,,,3,1,1,1.0,5.0
201000024858,0010-01-03 21:30:00,10,1,3,21,30,150,187,,45.0518,3.11121,Nuit sans éclairage public,Hors agglomération,Hors intersection,Neige / grêle,Deux véhicules - arrière,,,,,,,,,,,3,1,1,4.0,2.0
201000024859,0010-05-25 12:15:00,10,5,25,12,15,150,55,,45.0903,3.1209,Plein jour,Hors agglomération,Hors intersection,Normale,Deux véhicules - frontale,,,,,,,,,,,1,1,1,1.0,1.0
201000024860,0010-04-11 07:00:00,10,4,11,7,0,630,352,,45.477,3.249,Crépuscule ou aube,Hors agglomération,Hors intersection,Normale,Autre collision,,,,,,,,,,,2,1,1,1.0,6.0
201000024861,0010-04-13 11:00:00,10,4,13,11,0,630,54,,,,Plein jour,Hors agglomération,Hors intersection,Normale,Deux véhicules - arrière,,,,,,,,,,,1,1,1,1.0,2.0
201000024862,0010-07-04 14:00:00,10,7,4,14,0,630,54,,45.503,3.257,Plein jour,Hors agglomération,Hors intersection,Normale,Autre collision,,,,,,,,,,,1,1,1,1.0,6.0
201000024863,0010-08-18 03:00:00,10,8,18,3,0,630,242,,45.403,3.274,Nuit sans éclairage public,Hors agglomération,Hors intersection,Normale,Autre collision,,,,,,,,,,,3,1,1,1.0,6.0
201000024864,0010-09-24 15:30:00,10,9,24,15,30,630,404,,45.59,3.24,Plein jour,Hors agglomération,Hors intersection,Pluie légère,Trois véhicules et plus - collisions multiples,,,,,,,,,,,1,1,1,2.0,5.0
201000024865,0010-11-22 07:30:00,10,11,22,7,30,630,178,,45.546,3.268,Crépuscule ou aube,Hors agglomération,Hors intersection,Pluie légère,Autre collision,,,,,,,,,,,2,1,1,2.0,6.0
201000024866,0010-01-28 07:30:00,10,1,28,7,30,870,133,,46.1817,1.37986,Nuit sans éclairage public,Hors agglomération,Hors intersection,Temps couvert,Trois véhicules et plus - collisions multiples,,,,,,,,,,,3,1,1,8.0,5.0
201000024867,0010-04-05 03:15:00,10,4,5,3,15,870,133,,46.1829,1.38031,Nuit sans éclairage public,Hors agglomération,Hors intersection,Normale,Autre collision,,,,,,,,,,,3,1,1,1.0,6.0
201000024868,0010-05-07 11:15:00,10,5,7,11,15,870,14,,46.0713,1.35973,Plein jour,Hors agglomération,Hors intersection,Normale,Autre collision,,,,,,,,,,,1,1,1,1.0,6.0
201000024869,0010-05-31 08:45:00,10,5,31,8,45,870,14,,45.9556,1.31795,Plein jour,Hors agglomération,Hors intersection,Pluie forte,Deux véhicules - arrière,,,,,,,,,,,1,1,1,3.0,2.0
201000024870,0010-07-17 12:30:00,10,7,17,12,30,870,20,,45.9471,1.31328,Plein jour,Hors agglomération,Hors intersection,Normale,Trois véhicules et plus - en chaîne,,,,,,,,,,,1,1,1,1.0,4.0
201000024871,0010-11-10 08:15:00,10,11,10,8,15,870,85,,45.9248,1.30164,Crépuscule ou aube,Hors agglomération,Hors intersection,Pluie légère,Autre collision,,,,,,,,,,,2,1,1,2.0,6.0
201000024872,0010-12-24 11:15:00,10,12,24,11,15,870,183,,,,Plein jour,Hors agglomération,Hors intersection,Temps couvert,Trois véhicules et plus - collisions multiples,,,,,,,,,,,1,1,1,8.0,5.0
201000024873,0010-02-24 04:15:00,10,2,24,4,15,870,203,,45.6395,1.42092,Nuit sans éclairage public,Hors agglomération,Hors intersection,Normale,Sans collision,,,,,,,,,,,3,1,1,1.0,7.0
201000024874,0010-05-02 16:45:00,10,5,2,16,45,870,148,,45.7284,1.34136,Plein jour,Hors agglomération,Hors intersection,Normale,Autre collision,,,,,,,,,,,1,1,1,1.0,6.0
201000024875,0010-01-28 10:15:00,10,1,28,10,15,190,276,SENS PROVINCE - PARIS,45.40704,1.5494,Plein jour,Hors agglomération,Hors intersection,Neige / grêle,Deux véhicules - arrière,,,,,,,,,,,1,1,1,4.0,2.0
201000024876,0010-11-03 13:45:00,10,11,3,13,45,190,147,sens PARIS - PROVINCE,45.06822,1.50714,Plein jour,Hors agglomération,Hors intersection,Normale,Deux véhicules - arrière,,,,,,,,,,,1,1,1,1.0,2.0
201000024877,0010-02-24 14:00:00,10,2,24,14,0,340,199,34120,43.44762,3.42614,Plein jour,Hors agglomération,Hors intersection,Normale,Autre collision,,,,,,,,,,,1,1,1,1.0,6.0
201000024878,0010-04-03 13:30:00,10,4,3,13,30,340,282,,43.62542,3.65182,Plein jour,Hors agglomération,Hors intersection,Normale,Deux véhicules - frontale,,,,,,,,,,,1,1,1,1.0,1.0
201000024879,0010-06-05 16:30:00,10,6,5,16,30,340,196,,,,Plein jour,Hors agglomération,Hors intersection,Normale,Autre collision,,,,,,,,,,,1,1,1,1.0,6.0
201000024880,0010-06-19 10:00:00,10,6,19,10,0,340,254,,,,Plein jour,Hors agglomération,Hors intersection,Normale,Autre collision,,,,,,,,,,,1,1,1,1.0,6.0
201000024881,0010-07-30 03:00:00,10,7,30,3,0,340,123,,43.621,3.796,Nuit sans éclairage public,Hors agglomération,Hors intersection,Normale,Deux véhicules - arrière,,,,,,,,,,,3,1,1,1.0,2.0
201000024882,0010-08-01 14:45:00,10,8,1,14,45,340,196,,43.81491,3.3198,Plein jour,Hors agglomération,Hors intersection,Normale,Deux véhicules - arrière,,,,,,,,,,,1,1,1,1.0,2.0
201000024883,0010-08-06 16:45:00,10,8,6,16,45,340,13,,43.58198,3.46596,Plein jour,Hors agglomération,Hors intersection,Normale,Autre collision,,,,,,,,,,,1,1,1,1.0,6.0
201000024884,0010-11-02 15:30:00,10,11,2,15,30,340,239,,,,Plein jour,Hors agglomération,Hors intersection,Normale,Deux véhicules - arrière,,,,,,,,,,,1,1,1,1.0,2.0
201000024885,0010-11-11 14:00:00,10,11,11,14,0,340,239,,,,Plein jour,Hors agglomération,Hors intersection,Normale,Trois véhicules et plus - collisions multiples,,,,,,,,,,,1,1,1,1.0,5.0
201000024886,0010-05-22 02:30:00,10,5,22,2,30,480,9,,,,Nuit sans éclairage public,Hors agglomération,Hors intersection,Normale,Deux véhicules - arrière,,,,,,,,,,,3,1,1,1.0,2.0
201000024887,0010-05-24 18:00:00,10,5,24,18,0,480,49,,,,Plein jour,Hors agglomération,Hors intersection,Normale,Autre collision,,,,,,,,,,,1,1,1,1.0,6.0
201000024888,0010-11-21 07:00:00,10,11,21,7,0,480,17,,,,Crépuscule ou aube,Hors agglomération,Hors intersection,Normale,Autre collision,,,,,,,,,,,2,1,1,1.0,6.0
201000024889,0010-01-01 18:45:00,10,1,1,18,45,350,124,,,,Plein jour,Hors agglomération,Hors intersection,Normale,Autre collision,,,,,,,,,,,1,1,1,1.0,6.0
201000024890,0010-02-28 09:45:00,10,2,28,9,45,350,206,,,,Plein jour,Hors agglomération,Hors intersection,Temps couvert,Sans collision,,,,,,,,,,,1,1,1,8.0,7.0
201000024891,0010-05-29 01:00:00,10,5,29,1,0,350,139,,,,Nuit sans éclairage public,Hors agglomération,Hors intersection,Normale,Trois véhicules et plus - collisions multiples,,,,,,,,,,,3,1,1,1.0,5.0
201000024892,0010-09-28 07:30:00,10,9,28,7,30,350,206,,,,Plein jour,Hors agglomération,Autre intersection,Normale,Trois véhicules et plus - en chaîne,,,,,,,,,,,1,1,9,1.0,4.0
201000024893,0010-01-30 14:15:00,10,1,30,14,15,350,152,,,,Plein jour,Hors agglomération,Autre intersection,Normale,Autre collision,,,,,,,,,,,1,1,9,1.0,6.0
201000024894,0010-03-24 10:45:00,10,3,24,10,45,350,267,,,,Plein jour,Hors agglomération,Hors intersection,Pluie légère,Sans collision,,,,,,,,,,,1,1,1,2.0,7.0
201000024895,0010-05-14 19:30:00,10,5,14,19,30,350,115,,,,Plein jour,Hors agglomération,Hors intersection,Normale,Sans collision,,,,,,,,,,,1,1,1,1.0,7.0
201000024896,0010-06-09 13:30:00,10,6,9,13,30,350,152,,,,Plein jour,Hors agglomération,Hors intersection,Normale,Trois véhicules et plus - en chaîne,,,,,,,,,,,1,1,1,1.0,4.0
201000024897,0010-07-23 17:30:00,10,7,23,17,30,350,282,,,,Plein jour,Hors agglomération,Hors intersection,Normale,Autre collision,,,,,,,,,,,1,1,1,1.0,6.0
201000024898,0010-08-06 05:30:00,10,8,6,5,30,350,310,,,,Nuit sans éclairage public,Hors agglomération,Hors intersection,Normale,Autre collision,,,,,,,,,,,3,1,1,1.0,6.0
201000024899,0010-08-13 12:30:00,10,8,13,12,30,350,282,,,,Plein jour,Hors agglomération,Hors intersection,Normale,Trois véhicules et plus - collisions multiples,,,,,,,,,,,1,1,1,1.0,5.0
201000024900,0010-08-18 06:15:00,10,8,18,6,15,350,152,,,,Nuit sans éclairage public,Hors agglomération,Hors intersection,Normale,Autre collision,,,,,,,,,,,3,1,1,1.0,6.0
201000024901,0010-08-19 09:15:00,10,8,19,9,15,350,83,,,,Plein jour,Hors agglomération,Hors intersection,Normale,Autre collision,,,,,,,,,,,1,1,1,1.0,6.0
201000024902,0010-12-14 07:00:00,10,12,14,7,0,350,293,,,,Nuit sans éclairage public,Hors agglomération,Hors intersection,Autre,Autre collision,,,,,,,,,,,3,1,1,9.0,6.0
201000024903,0010-03-13 12:45:00,10,3,13,12,45,290,20,,48.12645,-4.0226,Plein jour,Hors agglomération,Hors intersection,Normale,Deux véhicules - arrière,,,,,,,,,,,1,1,1,1.0,2.0
201000024904,0010-08-27 01:00:00,10,8,27,1,0,290,302,,48.2683,-4.11692,Nuit sans éclairage public,Hors agglomération,Hors intersection,Pluie forte,Sans collision,,,,,,,,,,,3,1,1,3.0,7.0
201000024905,0010-11-16 09:00:00,10,11,16,9,0,290,189,,48.38319,-4.35052,Plein jour,Hors agglomération,Hors intersection,Temps couvert,Sans collision,,,,,,,,,,,1,1,1,8.0,7.0
201000024906,0010-03-13 22:45:00,10,3,13,22,45,80,362,,,,Nuit sans éclairage public,Hors agglomération,Hors intersection,Normale,Deux véhicules - arrière,,,,,,,,,,,3,1,1,1.0,2.0
201000024907,0010-04-22 13:45:00,10,4,22,13,45,80,60,,,,Plein jour,Hors agglomération,Hors intersection,Normale,Autre collision,,,,,,,,,,,1,1,1,1.0,6.0
201000024908,0010-06-28 16:45:00,10,6,28,16,45,80,1,,,,Plein jour,Hors agglomération,Hors intersection,Normale,Autre collision,,,,,,,,,,,1,1,1,1.0,6.0
201000024909,0010-10-31 22:45:00,10,10,31,22,45,80,402,,,,Nuit sans éclairage public,Hors agglomération,Hors intersection,Pluie légère,Trois véhicules et plus - en chaîne,,,,,,,,,,,3,1,1,2.0,4.0
201000024910,0010-12-23 17:00:00,10,12,23,17,0,80,454,,,,Nuit sans éclairage public,Hors agglomération,Hors intersection,Neige / grêle,Trois véhicules et plus - collisions multiples,,,,,,,,,,,3,1,1,4.0,5.0
201000024911,0010-12-24 22:15:00,10,12,24,22,15,80,435,,,,Nuit sans éclairage public,Hors agglomération,Hors intersection,Neige / grêle,Autre collision,,,,,,,,,,,3,1,1,4.0,6.0
201000024912,0010-10-14 08:15:00,10,10,14,8,15,290,95,,48.46248,-4.35292,Plein jour,Hors agglomération,Hors intersection,Normale,Deux véhicules - arrière,,,,,,,,,,,1,1,1,1.0,2.0
201000024913,0010-03-27 15:45:00,10,3,27,15,45,440,98,,,,Plein jour,Hors agglomération,Hors intersection,Normale,Deux véhicules - arrière,,,,,,,,,,,1,1,1,1.0,2.0
201000024914,0010-07-11 07:00:00,10,7,11,7,0,440,98,,,,Crépuscule ou aube,Hors agglomération,Hors intersection,Normale,Deux véhicules - frontale,,,,,,,,,,,2,1,1,1.0,1.0
201000024915,0010-09-08 19:30:00,10,9,8,19,30,440,152,,,,Plein jour,Hors agglomération,Hors intersection,Normale,Autre collision,,,,,,,,,,,1,1,1,1.0,6.0
201000024916,0010-11-15 03:45:00,10,11,15,3,45,440,217,,,,Nuit sans éclairage public,Hors agglomération,Hors intersection,Pluie légère,Autre collision,,,,,,,,,,,3,1,1,2.0,6.0
201000024917,0010-12-12 06:00:00,10,12,12,6,0,440,217,,,,Nuit sans éclairage public,Hors agglomération,Autre intersection,Temps couvert,Deux véhicules - côté,,,,,,,,,,,3,1,9,8.0,3.0
201000024918,0010-02-19 13:00:00,10,2,19,13,0,220,206,,48.535,-2.972,Plein jour,Hors agglomération,Hors intersection,Temps couvert,Deux véhicules - arrière,,,,,,,,,,,1,1,1,8.0,2.0
201000024919,0010-05-09 04:30:00,10,5,9,4,30,220,251,,,,Nuit sans éclairage public,Hors agglomération,Hors intersection,Normale,Sans collision,,,,,,,,,,,3,1,1,1.0,7.0
201000024920,0010-06-16 05:30:00,10,6,16,5,30,220,187,,48.529,-2.75,Crépuscule ou aube,Hors agglomération,Hors intersection,Normale,Deux véhicules - arrière,,,,,,,,,,,2,1,1,1.0,2.0
201000024921,0010-07-22 15:15:00,10,7,22,15,15,220,4,LE QUINQUIS,48.6541,-3.333,Plein jour,Hors agglomération,Hors intersection,Temps couvert,Sans collision,,,,,,,,,,,1,1,1,8.0,7.0
201000024922,0010-08-24 10:00:00,10,8,24,10,0,220,182,LISCINEUC,48.52879,-2.90648,Plein jour,Hors agglomération,Hors intersection,Normale,Sans collision,,,,,,,,,,,1,1,1,1.0,7.0
201000024923,0010-09-15 15:00:00,10,9,15,15,0,220,187,LES RAMPES,48.54563,-2.79121,Plein jour,Hors agglomération,Hors intersection,Normale,Trois véhicules et plus - en chaîne,,,,,,,,,,,1,1,1,1.0,4.0
201000024924,0010-11-25 10:15:00,10,11,25,10,15,220,164,,,,Plein jour,Hors agglomération,Hors intersection,Temps éblouissant,Trois véhicules et plus - collisions multiples,,,,,,,,,,,1,1,1,7.0,5.0
201000024925,0010-01-29 18:15:00,10,1,29,18,15,140,596,,49.0462,-0.78473,Crépuscule ou aube,Hors agglomération,Hors intersection,Pluie légère,Deux véhicules - arrière,,,,,,,,,,,2,1,1,2.0,2.0
201000024926,0010-03-23 04:45:00,10,3,23,4,45,140,120,,,,Nuit sans éclairage public,Hors agglomération,Hors intersection,Normale,Trois véhicules et plus - collisions multiples,,,,,,,,,,,3,1,1,1.0,5.0
201000024927,0010-06-01 01:00:00,10,6,1,1,0,140,636,,,,Nuit sans éclairage public,Hors agglomération,Hors intersection,Normale,Deux véhicules - frontale,,,,,,,,,,,3,1,1,1.0,1.0
201000024928,0010-07-13 12:30:00,10,7,13,12,30,140,188,,,,Plein jour,Hors agglomération,Hors intersection,Normale,Sans collision,,,,,,,,,,,1,1,1,1.0,7.0
201000024929,0010-03-13 06:30:00,10,3,13,6,30,140,513,,48.952,-1.024,Nuit sans éclairage public,Hors agglomération,Hors intersection,Normale,Autre collision,,,,,,,,,,,3,1,1,1.0,6.0
201000024930,0010-03-20 02:30:00,10,3,20,2,30,500,25,,48.6837,-1.37388,Nuit sans éclairage public,Hors agglomération,Hors intersection,Pluie forte,Autre collision,,,,,,,,,,,3,1,1,3.0,6.0
201000024931,0010-05-30 06:30:00,10,5,30,6,30,140,513,,,,Nuit sans éclairage public,Hors agglomération,Hors intersection,Autre,Sans collision,,,,,,,,,,,3,1,1,9.0,7.0
201000024932,0010-07-13 15:30:00,10,7,13,15,30,500,616,,48.6729,-1.37284,Plein jour,Hors agglomération,Hors intersection,Normale,Autre collision,,,,,,,,,,,1,1,1,1.0,6.0
201000024933,0010-08-16 17:00:00,10,8,16,17,0,500,448,,48.5851,-1.32852,Plein jour,Hors agglomération,Hors intersection,Normale,Sans collision,,,,,,,,,,,1,1,1,1.0,7.0
201000024934,0010-08-20 20:45:00,10,8,20,20,45,500,48,,48.8734,-1.16549,Plein jour,Hors agglomération,Hors intersection,Normale,Deux véhicules - arrière,,,,,,,,,,,1,1,1,1.0,2.0
201000024935,0010-08-31 05:45:00,10,8,31,5,45,500,291,,48.892,-1.13147,Nuit sans éclairage public,Hors agglomération,Hors intersection,Normale,Trois véhicules et plus - collisions multiples,,,,,,,,,,,3,1,1,1.0,5.0
201000024936,0010-09-21 13:30:00,10,9,21,13,30,500,543,,48.6458,-1.34625,Plein jour,Hors agglomération,Hors intersection,Normale,Deux véhicules - frontale,,,,,,,,,,,1,1,1,1.0,1.0
201000024937,0010-09-28 20:00:00,10,9,28,20,0,500,71,,48.7436,-1.28713,Crépuscule ou aube,Hors agglomération,Hors intersection,Normale,Deux véhicules - arrière,,,,,,,,,,,2,1,1,1.0,2.0
201000024938,0010-01-08 15:45:00,10,1,8,15,45,500,341,,49.4876,-1.39941,Plein jour,Hors agglomération,Hors intersection,Neige / grêle,Deux véhicules - frontale,,,,,,,,,,,1,1,1,4.0,1.0
201000024939,0010-05-12 11:45:00,10,5,12,11,45,500,461,,49.4963,-1.42938,Plein jour,Hors agglomération,Hors intersection,Normale,Sans collision,,,,,,,,,,,1,1,1,1.0,7.0
201000024940,0010-05-25 08:00:00,10,5,25,8,0,500,461,,49.4933,-1.41195,Plein jour,Hors agglomération,Hors intersection,Normale,Sans collision,,,,,,,,,,,1,1,1,1.0,7.0
201000024941,0010-07-07 13:00:00,10,7,7,13,0,500,485,,49.3046,-1.20416,Plein jour,Hors agglomération,Hors intersection,Normale,Trois véhicules et plus - en chaîne,,,,,,,,,,,1,1,1,1.0,4.0
201000024942,0010-09-01 19:15:00,10,9,1,19,15,500,175,,49.4827,-1.39056,Plein jour,Hors agglomération,Hors intersection,Normale,Sans collision,,,,,,,,,,,1,1,1,1.0,7.0
201000024943,0010-09-13 07:15:00,10,9,13,7,15,500,498,,49.5268,-1.5134,Nuit sans éclairage public,Hors agglomération,Hors intersection,Normale,Deux véhicules - arrière,,,,,,,,,,,3,1,1,1.0,2.0
201000024944,0010-10-01 22:15:00,10,10,1,22,15,500,87,,49.5613,-1.56757,Nuit sans éclairage public,Hors agglomération,Hors intersection,Pluie légère,Sans collision,,,,,,,,,,,3,1,1,2.0,7.0
201000024945,0010-01-02 09:50:00,10,1,2,9,50,180,279,"2, ROOSEVELT ( RUE THEOD",47.2234,2.06801,Plein jour,En agglomération,Hors intersection,Normale,Autre collision,,,,,,,,,,,1,2,1,1.0,6.0
201000024946,0010-01-02 21:50:00,10,1,2,21,50,180,279,MERIGOT (RUE LEO ),47.227,2.05314,Nuit avec éclairage allumé,En agglomération,Hors intersection,Normale,Autre collision,,,,,,,,,,,5,2,1,1.0,6.0
201000024947,0010-01-06 19:10:00,10,1,6,19,10,180,279,MARCEL (RUE ETI)/DOLET,47.2165,2.10351,Nuit avec éclairage allumé,En agglomération,Intersection en T,Normale,Deux véhicules - côté,,,,,,,,,,,5,2,3,1.0,3.0
201000024948,0010-01-13 18:25:00,10,1,13,18,25,180,279,"32, HUIT MAI 1945 (RUE D",47.2276,2.07611,Nuit avec éclairage allumé,En agglomération,Hors intersection,Normale,Deux véhicules - frontale,,,,,,,,,,,5,2,1,1.0,1.0
201000024949,0010-01-15 19:10:00,10,1,15,19,10,180,279,"126, VAILLANT (AVENUE ED",47.2396,2.06073,Nuit avec éclairage allumé,En agglomération,Hors intersection,Normale,Deux véhicules - côté,,,,,,,,,,,5,2,1,1.0,3.0
201000024950,0010-01-23 18:00:00,10,1,23,18,0,180,279,MITTERRAND ( RUE FRANCOI,47.2199,2.06069,Nuit avec éclairage allumé,En agglomération,Hors intersection,Normale,Deux véhicules - frontale,,,,,,,,,,,5,2,1,1.0,1.0
201000024951,0010-03-01 08:00:00,10,3,1,8,0,180,279,"56, MOUTON (RUE DU )",47.2303,2.08689,Plein jour,En agglomération,Intersection en X,Normale,Deux véhicules - côté,,,,,,,,,,,1,2,2,1.0,3.0
201000024952,0010-03-04 07:45:00,10,3,4,7,45,180,279,BRISSON APRES PONT SNCF,47.2273,2.06125,Plein jour,En agglomération,Hors intersection,Normale,Deux véhicules - arrière,,,,,,,,,,,1,2,1,1.0,2.0
201000024953,0010-03-05 17:50:00,10,3,5,17,50,180,279,"12, BRISSON AVANT PONT S",47.2267,2.06129,Plein jour,En agglomération,Hors intersection,Normale,Autre collision,,,,,,,,,,,1,2,1,1.0,6.0
201000024954,0010-03-04 12:50:00,10,3,4,12,50,180,279,63 VAILLANT (AV EDOUARD,47.2343,2.06094,Plein jour,En agglomération,Hors intersection,Normale,Deux véhicules - côté,,,,,,,,,,,1,2,1,1.0,3.0