accident_id,datetime,annee,mois,jour,heure,minute,departement,commune_insee,adresse,latitude,longitude,luminosite,agglomeration,intersection,meteo,collision,nb_vehicules,nb_usagers,nb_indemnes,nb_tues,nb_blesses_hosp,nb_blesses_legers,age_cond_1,age_cond_2,veh_type_cond_1,veh_type_cond_2,lum_code,agg_code,int_code,atm_code,col_code
201000024955,0010-04-01 18:45:00,10,4,1,18,45,180,279,NEUVY (ROUTE DE),47.2436,2.08526,Plein jour,Hors agglomération,Hors intersection,Normale,Autre collision,,,,,,,,,,,1,1,1,1.0,6.0
201000024956,0010-04-02 13:45:00,10,4,2,13,45,180,279,VOLTAIRE ( RUE /GAUCHERI,47.2214,2.06772,Plein jour,En agglomération,Intersection en T,Pluie légère,Deux véhicules - côté,,,,,,,,,,,1,2,3,2.0,3.0
201000024957,0010-04-06 16:15:00,10,4,6,16,15,180,279,",STE FRANCAISE (RUE/VOUT",47.2264,2.0567,Plein jour,En agglomération,Intersection en X,Normale,Sans collision,,,,,,,,,,,1,2,2,1.0,7.0
201000024958,0010-04-22 18:20:00,10,4,22,18,20,180,279,BRINAY (RTE DE)/DUMONT,47.2059,2.07037,Plein jour,En agglomération,Intersection en T,Normale,Sans collision,,,,,,,,,,,1,2,3,1.0,7.0
201000024959,0010-04-23 12:50:00,10,4,23,12,50,180,279,BRINAY (ROUTE DE),47.2008,2.0808,Plein jour,En agglomération,Intersection en X,Normale,Deux véhicules - arrière,,,,,,,,,,,1,2,2,1.0,2.0
201000024960,0010-05-04 08:10:00,10,5,4,8,10,180,279,RANCANNEES (CHEM)/ NOUES,47.2124,2.0405,Plein jour,En agglomération,Intersection en T,Normale,Deux véhicules - côté,,,,,,,,,,,1,2,3,1.0,3.0
201000024961,0010-05-05 10:35:00,10,5,5,10,35,180,279,"13, BRISSON AVANT PONT S",47.2273,2.06125,Plein jour,En agglomération,Hors intersection,Temps couvert,Autre collision,,,,,,,,,,,1,2,1,8.0,6.0
201000024962,0010-05-11 01:00:00,10,5,11,1,0,180,279,"138, MARCEL (RUE ETIENNE",47.2158,2.10556,Nuit avec éclairage allumé,En agglomération,Hors intersection,Normale,Autre collision,,,,,,,,,,,5,2,1,1.0,6.0
201000024963,0010-05-13 23:15:00,10,5,13,23,15,180,279,"30, PROUDHON (RUE ET PAS",47.2321,2.04823,Nuit avec éclairage allumé,En agglomération,Hors intersection,Normale,Autre collision,,,,,,,,,,,5,2,1,1.0,6.0
201000024964,0010-05-14 14:40:00,10,5,14,14,40,180,279,", PONTS ( RUE DES)/VALMY",47.219,2.06658,Plein jour,En agglomération,Intersection en T,Normale,Deux véhicules - côté,,,,,,,,,,,1,2,3,1.0,3.0
201000024965,0010-05-15 11:04:00,10,5,15,11,4,180,279,AV  14 JUILLET/TRAMWAYS,47.2145,2.0645,Plein jour,En agglomération,Intersection en T,Normale,Deux véhicules - frontale,,,,,,,,,,,1,2,3,1.0,1.0
201000024966,0010-05-19 17:27:00,10,5,19,17,27,180,279,"40, DEBOURNOU (RUE )",47.2218,2.06123,Plein jour,En agglomération,Hors intersection,Normale,Autre collision,,,,,,,,,,,1,2,1,1.0,6.0
201000024967,0010-05-22 16:35:00,10,5,22,16,35,180,279,14 JUILLET (AV)/BALZAC,47.2123,2.06357,Plein jour,En agglomération,Hors intersection,Normale,Deux véhicules - arrière,,,,,,,,,,,1,2,1,1.0,2.0
201000024968,0010-05-26 16:45:00,10,5,26,16,45,180,279,"33,MERIGOT (RUE LEO )",47.2272,2.05273,Plein jour,En agglomération,Hors intersection,Pluie légère,Autre collision,,,,,,,,,,,1,2,1,2.0,6.0
201000024969,0010-05-29 22:35:00,10,5,29,22,35,180,279,DEBOURNOU (RUE )/11 NOV,47.2222,2.06168,Nuit avec éclairage allumé,En agglomération,Intersection en T,Pluie légère,Sans collision,,,,,,,,,,,5,2,3,2.0,7.0
201000024970,0010-06-08 08:30:00,10,6,8,8,30,180,279,RIBAUD ( RUE)/HURVOY,47.2287,2.06501,Plein jour,En agglomération,Intersection en T,Normale,Deux véhicules - côté,,,,,,,,,,,1,2,3,1.0,3.0
201000024971,0010-06-13 05:00:00,10,6,13,5,0,180,279,94 RUE HENRI BARBUSSE,47.2386,2.06576,Nuit avec éclairage allumé,En agglomération,Giratoire,Normale,Autre collision,,,,,,,,,,,5,2,6,1.0,6.0
201000024972,0010-06-18 17:30:00,10,6,18,17,30,180,279,"51, HUIT MAI 1945 (RUE D",47.2322,2.08189,Plein jour,En agglomération,Intersection en T,Normale,Deux véhicules - côté,,,,,,,,,,,1,2,3,1.0,3.0
201000024973,0010-06-19 15:00:00,10,6,19,15,0,180,279,"13, GAUCHERIE (RUE-IMPAS",47.2215,2.06595,Plein jour,En agglomération,Hors intersection,Normale,Autre collision,,,,,,,,,,,1,2,1,1.0,6.0
201000024974,0010-06-23 13:55:00,10,6,23,13,55,180,279,BRIAND (RUE ET PLACE ARI,47.2218,2.06723,Plein jour,En agglomération,Hors intersection,Normale,Autre collision,,,,,,,,,,,1,2,1,1.0,6.0
201000024975,0010-06-24 20:50:00,10,6,24,20,50,180,279,"61, PASTEUR ( RUE )",47.2189,2.09076,Plein jour,En agglomération,Hors intersection,Normale,Autre collision,,,,,,,,,,,1,2,1,1.0,6.0
201000024976,0010-06-27 19:10:00,10,6,27,19,10,180,279,"15, CROT A FOULON (CHEMI",47.2305,2.06328,Plein jour,En agglomération,Hors intersection,Normale,Autre collision,,,,,,,,,,,1,2,1,1.0,6.0
201000024977,0010-07-01 09:50:00,10,7,1,9,50,180,279,REPUBLIQUE (AV )FOCH,47.2225,2.0674,Plein jour,En agglomération,Intersection en X,Normale,Deux véhicules - côté,,,,,,,,,,,1,2,2,1.0,3.0
201000024978,0010-07-02 17:45:00,10,7,2,17,45,180,279,BRINAY (RTE DE)/J. BREL,47.1992,2.08514,Plein jour,En agglomération,Intersection en X,Normale,Deux véhicules - côté,,,,,,,,,,,1,2,2,1.0,3.0
201000024979,0010-07-05 14:00:00,10,7,5,14,0,180,279,NIVET/SOUVENIR FRANCAIS,47.2232,2.07325,Plein jour,En agglomération,Intersection en X,Normale,Deux véhicules - frontale,,,,,,,,,,,1,2,2,1.0,1.0
201000024980,0010-07-06 19:35:00,10,7,6,19,35,180,279,PONTS ( RUE)/RUE VALMY,47.219,2.06658,Plein jour,En agglomération,Intersection en X,Normale,Deux véhicules - côté,,,,,,,,,,,1,2,2,1.0,3.0
201000024981,0010-07-08 14:40:00,10,7,8,14,40,180,279,"6, BARON (RUE BLANCHE)",47.2224,2.06592,Plein jour,En agglomération,Hors intersection,Normale,Sans collision,,,,,,,,,,,1,2,1,1.0,7.0
201000024982,0010-07-12 06:00:00,10,7,12,6,0,180,279,PRADAT ( RUE ALPHONSE ),47.2213,2.04585,Nuit sans éclairage public,En agglomération,Hors intersection,Pluie forte,Sans collision,,,,,,,,,,,3,2,1,3.0,7.0
201000024983,0010-07-10 14:50:00,10,7,10,14,50,180,279,"1, SEMARD ( RUE PIERRE )",47.2248,2.06219,Plein jour,En agglomération,Autre intersection,Normale,Autre collision,,,,,,,,,,,1,2,9,1.0,6.0
201000024984,0010-07-15 17:35:00,10,7,15,17,35,180,279,MARCEL (RUE ETIENNE),47.2175,2.10006,Plein jour,En agglomération,Intersection en X,Normale,Deux véhicules - côté,,,,,,,,,,,1,2,2,1.0,3.0
201000024985,0010-07-18 15:25:00,10,7,18,15,25,180,279,SEMARD ( RUE P. )/GARE,47.2259,2.05985,Plein jour,En agglomération,Place,Normale,Deux véhicules - côté,,,,,,,,,,,1,2,7,1.0,3.0
201000024986,0010-07-21 18:05:00,10,7,21,18,5,180,279,SEMARD ( RUE PIERRE ),47.2258,2.06005,Plein jour,En agglomération,Hors intersection,Pluie légère,Deux véhicules - arrière,,,,,,,,,,,1,2,1,2.0,2.0
201000024987,0010-07-21 19:40:00,10,7,21,19,40,180,279,BRINAY (ROUTE DE),47.1979,2.09187,Plein jour,Hors agglomération,Hors intersection,Pluie légère,Deux véhicules - côté,,,,,,,,,,,1,1,1,2.0,3.0
201000024988,0010-07-22 13:10:00,10,7,22,13,10,180,279,"13, BASSIN (QUAI DU)",47.2196,2.07227,Plein jour,En agglomération,Hors intersection,Normale,Autre collision,,,,,,,,,,,1,2,1,1.0,6.0
201000024989,0010-08-14 18:25:00,10,8,14,18,25,180,279,CENTRE COMMERCIAL CARREF,47.2373,2.08927,Plein jour,En agglomération,Intersection en X,Normale,Deux véhicules - côté,,,,,,,,,,,1,2,2,1.0,3.0
201000024990,0010-08-22 10:10:00,10,8,22,10,10,180,279,JUILLET (AVENUE DU 14),47.2155,2.0649,Plein jour,En agglomération,Hors intersection,Autre,Sans collision,,,,,,,,,,,1,2,1,9.0,7.0
201000024991,0010-08-26 18:20:00,10,8,26,18,20,180,279,BOURGES (ROUTE DE),,,Plein jour,Hors agglomération,Hors intersection,Autre,Deux véhicules - arrière,,,,,,,,,,,1,1,1,9.0,2.0
201000024992,0010-08-27 11:05:00,10,8,27,11,5,180,279,BRINAY (RTE )/RUE J.BREL,47.1992,2.08514,Plein jour,En agglomération,Intersection en T,Normale,Deux véhicules - arrière,,,,,,,,,,,1,2,3,1.0,2.0
201000024993,0010-09-04 21:35:00,10,9,4,21,35,180,279,LIBERTE (BOULEVARD DE LA,47.2269,2.0662,Nuit avec éclairage allumé,En agglomération,Hors intersection,Normale,Sans collision,,,,,,,,,,,5,2,1,1.0,7.0
201000024994,0010-09-06 11:20:00,10,9,6,11,20,180,279,GOURDON/P. SEMARD,47.2248,2.06246,Plein jour,En agglomération,Intersection à plus de 4 branches,Temps couvert,Deux véhicules - côté,,,,,,,,,,,1,2,5,8.0,3.0
201000024995,0010-09-10 09:00:00,10,9,10,9,0,180,279,JUILLET (AVENUE DU 14),47.2155,2.06488,Plein jour,En agglomération,Intersection en X,Normale,Autre collision,,,,,,,,,,,1,2,2,1.0,6.0
201000024996,0010-09-23 12:15:00,10,9,23,12,15,180,279,BRISSON APRES PONT SNCF,47.2295,2.06117,Plein jour,En agglomération,Autre intersection,Normale,Deux véhicules - côté,,,,,,,,,,,1,2,9,1.0,3.0
201000024997,0010-09-24 12:50:00,10,9,24,12,50,180,279,MERIGOT (RUE LEO ),47.2283,2.05159,Plein jour,En agglomération,Hors intersection,Temps couvert,Deux véhicules - côté,,,,,,,,,,,1,2,1,8.0,3.0
201000024998,0010-10-04 12:30:00,10,10,4,12,30,180,279,MAC NAB ( RUE ),47.2235,2.06495,Plein jour,En agglomération,Hors intersection,Pluie légère,Autre collision,,,,,,,,,,,1,2,1,2.0,6.0
201000024999,0010-10-08 15:30:00,10,10,8,15,30,180,279,BARON (RUE BLANCHE),47.2213,2.06507,Plein jour,En agglomération,Hors intersection,Normale,Autre collision,,,,,,,,,,,1,2,1,1.0,6.0
201000025000,0010-10-19 18:20:00,10,10,19,18,20,180,279,"49, MERIGOT (RUE LEO )",47.227,2.05442,Crépuscule ou aube,En agglomération,Hors intersection,Pluie légère,Sans collision,,,,,,,,,,,2,2,1,2.0,7.0
201000025001,0010-10-22 09:45:00,10,10,22,9,45,180,279,"23, 11 NOVEMBRE 1918 (RU",47.2211,2.06445,Plein jour,En agglomération,Hors intersection,Normale,Autre collision,,,,,,,,,,,1,2,1,1.0,6.0
201000025002,0010-11-01 03:05:00,10,11,1,3,5,180,279,"00, FOECY (ROUTE DE)",,,Nuit avec éclairage allumé,En agglomération,Autre intersection,Pluie légère,Autre collision,,,,,,,,,,,5,2,9,2.0,6.0
201000025003,0010-11-02 15:25:00,10,11,2,15,25,180,279,BOURGES (ROUTE DE),47.2142,2.12255,Plein jour,Hors agglomération,Autre intersection,Pluie légère,Autre collision,,,,,,,,,,,1,1,9,2.0,6.0
201000025004,0010-11-06 13:55:00,10,11,6,13,55,180,279,"90, NIVET ( RUE ETIENNE",47.22,2.09003,Plein jour,En agglomération,Hors intersection,Normale,Deux véhicules - arrière,,,,,,,,,,,1,2,1,1.0,2.0
201000025005,0010-11-09 18:05:00,10,11,9,18,5,180,279,JAURES (RUE JEAN ),47.2325,2.04009,Nuit sans éclairage public,En agglomération,Hors intersection,Pluie légère,Autre collision,,,,,,,,,,,3,2,1,2.0,6.0
201000025006,0010-11-11 16:30:00,10,11,11,16,30,180,279,PERI (PLACE GABRIEL),47.2245,2.06294,Plein jour,En agglomération,Place,Pluie légère,Deux véhicules - côté,,,,,,,,,,,1,2,7,2.0,3.0
201000025007,0010-11-18 17:05:00,10,11,18,17,5,180,279,"41 BIS, HURVOY (RUE CHAR",47.2279,2.06728,Plein jour,En agglomération,Hors intersection,Pluie légère,Deux véhicules - arrière,,,,,,,,,,,1,2,1,2.0,2.0
201000025008,0010-11-25 19:40:00,10,11,25,19,40,180,279,BARBUSSE RUE HENRI),47.2363,2.06494,Nuit avec éclairage allumé,En agglomération,Intersection en T,Pluie légère,Deux véhicules - côté,,,,,,,,,,,5,2,3,2.0,3.0
201000025009,0010-11-27 17:50:00,10,11,27,17,50,180,279,LABOURBE (AVANT RTE DE P,47.2306,2.05898,Nuit avec éclairage non allumé,En agglomération,Hors intersection,Normale,Sans collision,,,,,,,,,,,4,2,1,1.0,7.0
201000025010,0010-12-08 18:45:00,10,12,8,18,45,180,279,DE TASSIGNY/ST EXUPERY,47.2066,2.06889,Nuit avec éclairage allumé,En agglomération,Intersection en X,Pluie légère,Deux véhicules - côté,,,,,,,,,,,5,2,2,2.0,3.0
201000025011,0010-12-09 04:55:00,10,12,9,4,55,180,279,BOURGES (ROUTE DE),47.2171,2.10085,Nuit avec éclairage allumé,En agglomération,Hors intersection,Autre,Autre collision,,,,,,,,,,,5,2,1,9.0,6.0
201000025012,0010-12-12 10:50:00,10,12,12,10,50,180,279,BELLON (ROUTE DE) APRES,47.213,2.07505,Plein jour,En agglomération,Hors intersection,Normale,Sans collision,,,,,,,,,,,1,2,1,1.0,7.0
201000025013,0010-03-31 14:45:00,10,3,31,14,45,720,58,,47.97,0.277,Plein jour,Hors agglomération,Autre intersection,Normale,Deux véhicules - côté,,,,,,,,,,,1,1,9,1.0,3.0
201000025014,0010-04-18 12:45:00,10,4,18,12,45,720,231,Rue abel tirand,47.94,0.36,Plein jour,En agglomération,Autre intersection,Normale,Sans collision,,,,,,,,,,,1,2,9,1.0,7.0
201000025015,0010-04-30 19:00:00,10,4,30,19,0,720,299,,47.869,0.355,Plein jour,Hors agglomération,Hors intersection,Normale,Sans collision,,,,,,,,,,,1,1,1,1.0,7.0
201000025016,0010-05-02 14:45:00,10,5,2,14,45,720,124,4 rue moulière,47.832,0.284,Plein jour,En agglomération,Hors intersection,Normale,Autre collision,,,,,,,,,,,1,2,1,1.0,6.0
201000025017,0010-05-17 19:15:00,10,5,17,19,15,720,8,50 avenue Nationale,,,Plein jour,En agglomération,Hors intersection,Normale,Deux véhicules - frontale,,,,,,,,,,,1,2,1,1.0,1.0
201000025018,0010-05-18 03:45:00,10,5,18,3,45,720,58,,,,Nuit sans éclairage public,Hors agglomération,Hors intersection,Normale,Sans collision,,,,,,,,,,,3,1,1,1.0,7.0
201000025019,0010-05-21 16:45:00,10,5,21,16,45,720,124,,47.835,0.265,Plein jour,Hors agglomération,Hors intersection,Normale,Deux véhicules - côté,,,,,,,,,,,1,1,1,1.0,3.0
201000025020,0010-06-11 18:30:00,10,6,11,18,30,720,124,Rond-point de la déchett,47.82,0.279,Plein jour,En agglomération,Giratoire,Normale,Deux véhicules - côté,,,,,,,,,,,1,2,6,1.0,3.0
201000025021,0010-06-20 13:30:00,10,6,20,13,30,720,58,38 Route de Bois Martin,47.982,0.277,Plein jour,En agglomération,Hors intersection,Normale,Autre collision,,,,,,,,,,,1,2,1,1.0,6.0
201000025022,0010-06-24 20:45:00,10,6,24,20,45,720,299,,47.87,0.402,Plein jour,Hors agglomération,Intersection en X,Normale,Deux véhicules - frontale,,,,,,,,,,,1,1,2,1.0,1.0
201000025023,0010-07-01 14:30:00,10,7,1,14,30,720,8,,,,Plein jour,Hors agglomération,Hors intersection,Normale,Deux véhicules - arrière,,,,,,,,,,,1,1,1,1.0,2.0
201000025024,0010-06-30 17:30:00,10,6,30,17,30,720,231,,47.943,0.344,Plein jour,Hors agglomération,Hors intersection,Normale,Deux véhicules - côté,,,,,,,,,,,1,1,1,1.0,3.0
201000025025,0010-07-09 18:15:00,10,7,9,18,15,720,155,,47.86,0.2,Plein jour,Hors agglomération,Hors intersection,Normale,Trois véhicules et plus - collisions multiples,,,,,,,,,,,1,1,1,1.0,5.0
201000025026,0010-07-10 15:30:00,10,7,10,15,30,720,260,,47.956,0.257,Plein jour,Hors agglomération,Hors intersection,Normale,Deux véhicules - côté,,,,,,,,,,,1,1,1,1.0,3.0
201000025027,0010-08-18 14:15:00,10,8,18,14,15,720,155,,47.898,0.244,Plein jour,Hors agglomération,Hors intersection,Normale,Deux véhicules - côté,,,,,,,,,,,1,1,1,1.0,3.0
201000025028,0010-08-19 17:00:00,10,8,19,17,0,720,213,Rue de Bönen,47.918,0.247,Plein jour,En agglomération,Hors intersection,Normale,Deux véhicules - côté,,,,,,,,,,,1,2,1,1.0,3.0
201000025029,0010-08-31 18:15:00,10,8,31,18,15,720,8,rue François  Monier,47.944,0.19,Plein jour,En agglomération,Hors intersection,Normale,Deux véhicules - côté,,,,,,,,,,,1,2,1,1.0,3.0
201000025030,0010-09-03 10:45:00,10,9,3,10,45,720,8,,47.925,0.217,Plein jour,Hors agglomération,Intersection en X,Normale,Deux véhicules - côté,,,,,,,,,,,1,1,2,1.0,3.0
201000025031,0010-09-05 18:30:00,10,9,5,18,30,720,8,,47.923,0.182,Plein jour,En agglomération,Hors intersection,Normale,Deux véhicules - arrière,,,,,,,,,,,1,2,1,1.0,2.0
201000025032,0010-09-07 20:30:00,10,9,7,20,30,720,124,,47.833,0.278,Plein jour,En agglomération,Hors intersection,Temps couvert,Deux véhicules - côté,,,,,,,,,,,1,2,1,8.0,3.0
201000025033,0010-09-14 19:30:00,10,9,14,19,30,720,350,Rue de l'avenir,47.895,0.275,Plein jour,En agglomération,Giratoire,Normale,Deux véhicules - frontale,,,,,,,,,,,1,2,6,1.0,1.0
201000025034,0010-10-29 17:15:00,10,10,29,17,15,720,200,,47.95,0.183,Plein jour,Hors agglomération,Hors intersection,Normale,Deux véhicules - arrière,,,,,,,,,,,1,1,1,1.0,2.0
201000025035,0010-11-18 08:45:00,10,11,18,8,45,720,200,,47.916,0.174,Plein jour,Hors agglomération,Hors intersection,Normale,Deux véhicules - frontale,,,,,,,,,,,1,1,1,1.0,1.0
201000025036,0010-12-25 16:30:00,10,12,25,16,30,720,350,26 RUE DE BEL AIR,,,Plein jour,En agglomération,Hors intersection,Normale,Sans collision,,,,,,,,,,,1,2,1,1.0,7.0
201000025037,0010-03-11 11:00:00,10,3,11,11,0,830,19,,,,Plein jour,Hors agglomération,Hors intersection,Normale,Sans collision,,,,,,,,,,,1,1,1,1.0,7.0
201000025038,0010-03-28 00:30:00,10,3,28,0,30,830,19,Boulevard du Levant,,,Nuit avec éclairage allumé,En agglomération,Hors intersection,Autre,Sans collision,,,,,,,,,,,5,2,1,9.0,7.0
201000025039,0010-05-11 11:45:00,10,5,11,11,45,830,19,,,,Plein jour,Hors agglomération,Giratoire,Normale,Deux véhicules - frontale,,,,,,,,,,,1,1,6,1.0,1.0
201000025040,0010-05-10 11:15:00,10,5,10,11,15,830,70,,,,Plein jour,Hors agglomération,Hors intersection,Normale,Deux véhicules - côté,,,,,,,,,,,1,1,1,1.0,3.0
201000025041,0010-06-03 01:00:00,10,6,3,1,0,830,19,,,,Nuit sans éclairage public,Hors agglomération,Hors intersection,Normale,Autre collision,,,,,,,,,,,3,1,1,1.0,6.0
201000025042,0010-06-17 11:15:00,10,6,17,11,15,830,19,,,,Plein jour,Hors agglomération,Hors intersection,Normale,Deux véhicules - côté,,,,,,,,,,,1,1,1,1.0,3.0
201000025043,0010-06-19 08:15:00,10,6,19,8,15,830,19,325 train des pignes,,,Plein jour,En agglomération,Hors intersection,Normale,Deux véhicules - côté,,,,,,,,,,,1,2,1,1.0,3.0
201000025044,0010-06-24 20:00:00,10,6,24,20,0,830,70,Quai Bapistin Pins,,,Plein jour,En agglomération,Hors intersection,Temps éblouissant,Autre collision,,,,,,,,,,,1,2,1,7.0,6.0
201000025045,0010-06-29 13:45:00,10,6,29,13,45,830,70,avenue de provence,,,Plein jour,En agglomération,Intersection en T,Normale,Deux véhicules - côté,,,,,,,,,,,1,2,3,1.0,3.0
201000025046,0010-07-05 09:00:00,10,7,5,9,0,830,70,,,,Plein jour,En agglomération,Hors intersection,Normale,Deux véhicules - côté,,,,,,,,,,,1,2,1,1.0,3.0
201000025047,0010-07-07 12:00:00,10,7,7,12,0,830,19,AVENUE VINCENT AURIOL,,,Plein jour,En agglomération,Hors intersection,Normale,Deux véhicules - arrière,,,,,,,,,,,1,2,1,1.0,2.0
201000025048,0010-07-16 11:45:00,10,7,16,11,45,830,70,D559 Avenue du Cap Nègre,,,Plein jour,En agglomération,Hors intersection,Normale,Deux véhicules - arrière,,,,,,,,,,,1,2,1,1.0,2.0
201000025049,0010-07-17 18:15:00,10,7,17,18,15,830,70,,,,Plein jour,Hors agglomération,Hors intersection,Normale,Deux véhicules - frontale,,,,,,,,,,,1,1,1,1.0,1.0
201000025050,0010-08-06 09:30:00,10,8,6,9,30,830,70,,,,Plein jour,Hors agglomération,Hors intersection,Normale,Deux véhicules - frontale,,,,,,,,,,,1,1,1,1.0,1.0
201000025051,0010-08-13 16:45:00,10,8,13,16,45,830,70,av cap nègre cavalière,,,Plein jour,En agglomération,Hors intersection,Normale,Trois véhicules et plus - collisions multiples,,,,,,,,,,,1,2,1,1.0,5.0
201000025052,0010-08-16 16:30:00,10,8,16,16,30,830,70,,,,Plein jour,Hors agglomération,Hors intersection,Normale,Trois véhicules et plus - collisions multiples,,,,,,,,,,,1,1,1,1.0,5.0
201000025053,0010-09-13 08:45:00,10,9,13,8,45,830,19,Boulevard URANUS,,,Crépuscule ou aube,En agglomération,Hors intersection,Temps éblouissant,Deux véhicules - frontale,,,,,,,,,,,2,2,1,7.0,1.0
201000025054,0010-09-23 11:15:00,10,9,23,11,15,830,19,,,,Plein jour,Hors agglomération,Hors intersection,Normale,Deux véhicules - frontale,,,,,,,,,,,1,1,1,1.0,1.0
201000025055,0010-10-14 17:00:00,10,10,14,17,0,830,19,,,,Plein jour,Hors agglomération,Hors intersection,Temps éblouissant,Deux véhicules - côté,,,,,,,,,,,1,1,1,7.0,3.0
201000025056,0010-10-24 05:30:00,10,10,24,5,30,830,70,Quai baptistin PIN,,,Nuit avec éclairage allumé,En agglomération,Hors intersection,Normale,Autre collision,,,,,,,,,,,5,2,1,1.0,6.0
201000025057,0010-10-27 17:00:00,10,10,27,17,0,830,19,avenue lou mistraou,,,Plein jour,En agglomération,Hors intersection,Normale,Deux véhicules - côté,,,,,,,,,,,1,2,1,1.0,3.0
201000025058,0010-10-29 14:30:00,10,10,29,14,30,830,19,AVENUE LOU MISTRAOU,,,Plein jour,En agglomération,Hors intersection,Normale,Deux véhicules - frontale,,,,,,,,,,,1,2,1,1.0,1.0
201000025059,0010-12-07 17:45:00,10,12,7,17,45,830,19,route  de bénat,,,Nuit avec éclairage allumé,En agglomération,Hors intersection,Normale,Deux véhicules - frontale,,,,,,,,,,,5,2,1,1.0,1.0
201000025060,0010-12-22 22:15:00,10,12,22,22,15,830,70,,,,Nuit avec éclairage allumé,En agglomération,Hors intersection,Temps couvert,Deux véhicules - frontale,,,,,,,,,,,5,2,1,8.0,1.0
201000025061,0010-09-27 16:45:00,10,9,27,16,45,910,86,CD31,48.609,2.39,Plein jour,En agglomération,Hors intersection,Normale,Deux véhicules - côté,,,,,,,,,,,1,2,1,1.0,3.0
201000025062,0010-10-13 20:15:00,10,10,13,20,15,910,648,D 133,,,Nuit sans éclairage public,En agglomération,Hors intersection,Normale,Deux véhicules - arrière,,,,,,,,,,,3,2,1,1.0,2.0
201000025063,0010-01-02 11:05:00,10,1,2,11,5,190,31,"29, GERMAIN (BOULEVARD D",45.15735,1.52378,Plein jour,En agglomération,Hors intersection,Normale,Autre collision,,,,,,,,,,,1,2,1,1.0,6.0
201000025064,0010-01-08 07:55:00,10,1,8,7,55,190,31,RIVET (AVENUE JEAN CHARL,45.14676,1.48262,Crépuscule ou aube,En agglomération,Giratoire,Normale,Deux véhicules - arrière,,,,,,,,,,,2,2,6,1.0,2.0
201000025065,0010-01-08 17:40:00,10,1,8,17,40,190,31,"81 ter, SEMARD (AVENUE P",45.15516,1.51531,Crépuscule ou aube,En agglomération,Hors intersection,Normale,Autre collision,,,,,,,,,,,2,2,1,1.0,6.0
201000025066,0010-01-09 12:00:00,10,1,9,12,0,190,31,LAVOISIER (RUE),45.15124,1.51446,Plein jour,En agglomération,Intersection en X,Neige / grêle,Sans collision,,,,,,,,,,,1,2,2,4.0,7.0
201000025067,0010-01-15 01:40:00,10,1,15,1,40,190,31,"6, MIRABEAU (BOULEVARD)",45.1634,1.52234,Nuit avec éclairage allumé,En agglomération,Hors intersection,Pluie légère,Sans collision,,,,,,,,,,,5,2,1,2.0,7.0
201000025068,0010-01-17 18:00:00,10,1,17,18,0,190,31,"25, LAGRANGE (RUE)",45.15619,1.52678,Nuit avec éclairage allumé,En agglomération,Hors intersection,Normale,Sans collision,,,,,,,,,,,5,2,1,1.0,7.0
201000025069,0010-01-20 20:15:00,10,1,20,20,15,190,31,DE JOUVENEL (BOULEVARD H,45.16068,1.52317,Nuit avec éclairage allumé,En agglomération,Intersection en X,Pluie légère,Deux véhicules - côté,,,,,,,,,,,5,2,2,2.0,3.0
201000025070,0010-01-23 19:00:00,10,1,23,19,0,190,31,COURTELINE (RUE),45.15476,1.55332,Crépuscule ou aube,En agglomération,Intersection en X,Normale,Deux véhicules - côté,,,,,,,,,,,2,2,2,1.0,3.0
201000025071,0010-01-23 20:50:00,10,1,23,20,50,190,31,"125, HUIT MAI 1945 (AVEN",45.16336,1.55029,Nuit avec éclairage allumé,En agglomération,Hors intersection,Normale,Autre collision,,,,,,,,,,,5,2,1,1.0,6.0
201000025072,0010-01-24 19:40:00,10,1,24,19,40,190,31,"85, RIBOT (AVENUE)",45.16469,1.51136,Nuit avec éclairage allumé,En agglomération,Hors intersection,Pluie légère,Sans collision,,,,,,,,,,,5,2,1,2.0,7.0
201000025073,0010-01-25 02:00:00,10,1,25,2,0,190,31,QUATORZE JUILLET (AVENUE,45.16252,1.53273,Nuit avec éclairage allumé,En agglomération,Intersection en X,Normale,Deux véhicules - arrière,,,,,,,,,,,5,2,2,1.0,2.0
201000025074,0010-01-25 12:40:00,10,1,25,12,40,190,31,"35, MAILLARD (AVENUE)",45.16607,1.54132,Plein jour,En agglomération,Hors intersection,Normale,Deux véhicules - arrière,,,,,,,,,,,1,2,1,1.0,2.0
201000025075,0010-01-25 13:40:00,10,1,25,13,40,190,31,"29, QUINTEL (RUE GERMAIN",45.14702,1.5133,Plein jour,En agglomération,Hors intersection,Normale,Sans collision,,,,,,,,,,,1,2,1,1.0,7.0
201000025076,0010-01-27 11:08:00,10,1,27,11,8,190,31,ZOLA (AVENUE EMILE),45.15652,1.52698,Plein jour,En agglomération,Intersection en X,Normale,Deux véhicules - côté,,,,,,,,,,,1,2,2,1.0,3.0
201000025077,0010-01-29 17:35:00,10,1,29,17,35,190,31,MALRAUX (AVENUE ANDRE),45.16464,1.49768,Crépuscule ou aube,En agglomération,Intersection en T,Pluie légère,Deux véhicules - côté,,,,,,,,,,,2,2,3,2.0,3.0