accident_id,datetime,annee,mois,jour,heure,minute,departement,commune_insee,adresse,latitude,longitude,luminosite,agglomeration,intersection,meteo,collision,nb_vehicules,nb_usagers,nb_indemnes,nb_tues,nb_blesses_hosp,nb_blesses_legers,age_cond_1,age_cond_2,veh_type_cond_1,veh_type_cond_2,lum_code,agg_code,int_code,atm_code,col_code
201000025314,0010-02-13 18:05:00,10,2,13,18,5,210,166,ANTOINE DE SAINT EXUPERY,47.2964,5.00733,Nuit avec éclairage non allumé,En agglomération,Intersection en T,Normale,Trois véhicules et plus - collisions multiples,,,,,,,,,,,4,2,3,1.0,5.0
201000025315,0010-02-14 20:41:00,10,2,14,20,41,210,231,FRANCOIS POMPON/LEGROS,47.3341,5.02113,Nuit avec éclairage allumé,En agglomération,Hors intersection,Normale,Deux véhicules - arrière,,,,,,,,,,,5,2,1,1.0,2.0
201000025316,0010-02-15 08:50:00,10,2,15,8,50,210,231,GEORGES POMPIDOU (VOIE),47.3374,5.07125,Plein jour,Hors agglomération,Hors intersection,Normale,Deux véhicules - arrière,,,,,,,,,,,1,1,1,1.0,2.0
201000025317,0010-02-16 07:31:00,10,2,16,7,31,210,231,UNIVERSITE (DE L') (BOUL,47.3128,5.05095,Plein jour,En agglomération,Intersection en T,Normale,Autre collision,,,,,,,,,,,1,2,3,1.0,6.0
201000025318,0010-02-18 07:32:00,10,2,18,7,32,210,231,COTE D'OR (DE LA) (RUE),47.3337,5.0368,Plein jour,En agglomération,Intersection en X,Normale,Deux véhicules - côté,,,,,,,,,,,1,2,2,1.0,3.0
201000025319,0010-02-19 08:56:00,10,2,19,8,56,210,231,MARTYRS DE LA RESISTANCE,47.3343,5.06209,Plein jour,En agglomération,Intersection en T,Pluie légère,Deux véhicules - côté,,,,,,,,,,,1,2,3,2.0,3.0
201000025320,0010-02-19 09:43:00,10,2,19,9,43,210,166,"16, MARSANNAY (DE) (RUE)",47.2924,5.00932,Plein jour,En agglomération,Hors intersection,Normale,Deux véhicules - arrière,,,,,,,,,,,1,2,1,1.0,2.0
201000025321,0010-02-22 17:35:00,10,2,22,17,35,210,231,"69 B, DEVOSGE (RUE)",47.3271,5.04261,Plein jour,En agglomération,Hors intersection,Normale,Deux véhicules - arrière,,,,,,,,,,,1,2,1,1.0,2.0
201000025322,0010-02-24 07:58:00,10,2,24,7,58,210,231,"3, GAUTHEY (QUAI)",47.3118,5.02777,Plein jour,En agglomération,Hors intersection,Temps couvert,Deux véhicules - côté,,,,,,,,,,,1,2,1,8.0,3.0
201000025323,0010-02-24 17:17:00,10,2,24,17,17,210,166,122 A (CD),47.2814,5.0167,Plein jour,En agglomération,Giratoire,Normale,Deux véhicules - côté,,,,,,,,,,,1,2,6,1.0,3.0
201000025324,0010-02-25 20:57:00,10,2,25,20,57,210,231,GEORGES POMPIDOU (VOIE),47.2939,5.06317,Nuit avec éclairage allumé,En agglomération,Hors intersection,Pluie forte,Autre collision,,,,,,,,,,,5,2,1,3.0,6.0
201000025325,0010-02-26 16:02:00,10,2,26,16,2,210,231,"18, JEAN JAURES (AVENUE)",47.312,5.02724,Plein jour,En agglomération,Intersection en X,Normale,Autre collision,,,,,,,,,,,1,2,2,1.0,6.0
201000025326,0010-02-26 17:43:00,10,2,26,17,43,210,231,26EME DRAGONS (RUE),47.3347,5.04887,Plein jour,En agglomération,Intersection en X,Normale,Deux véhicules - côté,,,,,,,,,,,1,2,2,1.0,3.0
201000025327,0010-02-27 18:22:00,10,2,27,18,22,210,231,"139, JEAN JAURES (AVENUE",47.3028,5.02198,Nuit avec éclairage allumé,En agglomération,Intersection en T,Pluie légère,Deux véhicules - côté,,,,,,,,,,,5,2,3,2.0,3.0
201000025328,0010-03-01 14:00:00,10,3,1,14,0,210,231,WILSON (PLACE),47.3162,5.04422,Plein jour,En agglomération,Place,Normale,Deux véhicules - côté,,,,,,,,,,,1,2,7,1.0,3.0
201000025329,0010-03-01 17:37:00,10,3,1,17,37,210,231,"53, AUXONNE (D') (RUE)",47.3149,5.04686,Plein jour,En agglomération,Hors intersection,Normale,Deux véhicules - arrière,,,,,,,,,,,1,2,1,1.0,2.0
201000025330,0010-03-02 17:27:00,10,3,2,17,27,210,231,"200, AUXONNE (D') (RUE)",47.3054,5.06099,Crépuscule ou aube,En agglomération,Intersection en T,Normale,Deux véhicules - arrière,,,,,,,,,,,2,2,3,1.0,2.0
201000025331,0010-03-02 19:07:00,10,3,2,19,7,210,166,ROLAND CARRAZ (AVENUE),47.2924,5.0157,Nuit avec éclairage allumé,En agglomération,Intersection en X,Normale,Deux véhicules - frontale,,,,,,,,,,,5,2,2,1.0,1.0
201000025332,0010-03-03 09:30:00,10,3,3,9,30,210,231,MARECHAL GALLIENI (BOULE,47.3396,5.04438,Plein jour,En agglomération,Intersection en X,Normale,Deux véhicules - arrière,,,,,,,,,,,1,2,2,1.0,2.0
201000025333,0010-03-04 10:28:00,10,3,4,10,28,210,231,JEAN JAURES (AVENUE),47.312,5.02724,Plein jour,En agglomération,Intersection en Y,Normale,Deux véhicules - arrière,,,,,,,,,,,1,2,4,1.0,2.0
201000025334,0010-03-05 20:35:00,10,3,5,20,35,210,231,GUSTAVE EIFFEL (AVENUE),47.3135,5.01388,Nuit avec éclairage allumé,En agglomération,Intersection en X,Normale,Deux véhicules - frontale,,,,,,,,,,,5,2,2,1.0,1.0
201000025335,0010-03-06 03:24:00,10,3,6,3,24,210,223,TROYES (DE) (ROUTE),47.3776,4.94722,Nuit sans éclairage public,Hors agglomération,Hors intersection,Normale,Deux véhicules - frontale,,,,,,,,,,,3,1,1,1.0,1.0
201000025336,0010-03-08 15:39:00,10,3,8,15,39,210,231,SULLY  (RUE),47.315,5.08312,Plein jour,En agglomération,Intersection en X,Normale,Deux véhicules - arrière,,,,,,,,,,,1,2,2,1.0,2.0
201000025337,0010-03-09 08:58:00,10,3,9,8,58,210,231,"7, CHATEAU (DU) (RUE)",47.3231,5.03711,Plein jour,En agglomération,Hors intersection,Normale,Autre collision,,,,,,,,,,,1,2,1,1.0,6.0
201000025338,0010-03-09 13:52:00,10,3,9,13,52,210,231,EDGAR FAURE (RUE),47.3099,5.07221,Plein jour,En agglomération,Intersection en T,Normale,Autre collision,,,,,,,,,,,1,2,3,1.0,6.0
201000025339,0010-03-12 12:26:00,10,3,12,12,26,210,231,"43, STAND (DU) (AVENUE)",47.3199,5.06383,Plein jour,En agglomération,Intersection en X,Normale,Deux véhicules - côté,,,,,,,,,,,1,2,2,1.0,3.0
201000025340,0010-03-12 20:59:00,10,3,12,20,59,210,231,"1, RAYMOND POINCARE (AVE",47.3288,5.05832,Nuit avec éclairage allumé,En agglomération,Intersection en X,Normale,Autre collision,,,,,,,,,,,5,2,2,1.0,6.0
201000025341,0010-03-13 12:19:00,10,3,13,12,19,210,231,"49, PREFECTURE (DE LA) (",47.3245,5.04231,Plein jour,En agglomération,Hors intersection,Normale,Deux véhicules - arrière,,,,,,,,,,,1,2,1,1.0,2.0
201000025342,0010-03-15 16:48:00,10,3,15,16,48,210,231,WILSON / GEN DE GAULLE,47.3158,5.04271,Plein jour,En agglomération,Place,Normale,Deux véhicules - arrière,,,,,,,,,,,1,2,7,1.0,2.0
201000025343,0010-03-15 20:35:00,10,3,15,20,35,210,231,"1, KIR ENCEINTE CHS CHAR",,,Crépuscule ou aube,En agglomération,Intersection en T,Normale,Autre collision,,,,,,,,,,,2,2,3,1.0,6.0
201000025344,0010-03-15 22:57:00,10,3,15,22,57,210,231,"51, LIBERTE (DE LA) (RUE",47.3221,5.03795,Nuit avec éclairage allumé,En agglomération,Intersection en X,Normale,Deux véhicules - frontale,,,,,,,,,,,5,2,2,1.0,1.0
201000025345,0010-03-18 07:59:00,10,3,18,7,59,210,231,"16, MIRANDE (DE) (RUE)",47.3188,5.04995,Plein jour,En agglomération,Hors intersection,Normale,Autre collision,,,,,,,,,,,1,2,1,1.0,6.0
201000025346,0010-03-18 19:32:00,10,3,18,19,32,210,231,PETIT CITEAUX (DU) (RUE),47.3142,5.03315,Plein jour,En agglomération,Intersection en X,Normale,Deux véhicules - frontale,,,,,,,,,,,1,2,2,1.0,1.0
201000025347,0010-03-19 15:09:00,10,3,19,15,9,210,231,"2, GODRANS (DES) (RUE)",47.3254,5.03905,Plein jour,En agglomération,Place,Normale,Autre collision,,,,,,,,,,,1,2,7,1.0,6.0
201000025348,0010-03-20 11:08:00,10,3,20,11,8,210,355,PREVOTS (DES) (RUE),47.2869,5.06326,Plein jour,En agglomération,Giratoire,Normale,Autre collision,,,,,,,,,,,1,2,6,1.0,6.0
201000025349,0010-03-21 06:28:00,10,3,21,6,28,210,231,GEORGES POMPIDOU (VOIE),47.3107,5.07857,Crépuscule ou aube,En agglomération,Hors intersection,Normale,Autre collision,,,,,,,,,,,2,2,1,1.0,6.0
201000025350,0010-03-22 07:45:00,10,3,22,7,45,210,231,"72, MIRANDE (DE) (RUE)",47.3175,5.05921,Plein jour,En agglomération,Hors intersection,Normale,Trois véhicules et plus - en chaîne,,,,,,,,,,,1,2,1,1.0,4.0
201000025351,0010-03-22 07:48:00,10,3,22,7,48,210,231,"15, ALBERT PREMIER (AVEN",47.3225,5.02285,Plein jour,En agglomération,Intersection en Y,Normale,Deux véhicules - frontale,,,,,,,,,,,1,2,4,1.0,1.0
201000025352,0010-03-22 13:55:00,10,3,22,13,55,210,166,SOLIDARITE/122A,47.2858,5.01855,Plein jour,En agglomération,Giratoire,Normale,Deux véhicules - arrière,,,,,,,,,,,1,2,6,1.0,2.0
201000025353,0010-03-23 08:51:00,10,3,23,8,51,210,166,"54, EDOUARD BRANLY (BOUL",47.296,5.00429,Plein jour,En agglomération,Hors intersection,Normale,Trois véhicules et plus - en chaîne,,,,,,,,,,,1,2,1,1.0,4.0
201000025354,0010-03-23 17:58:00,10,3,23,17,58,210,231,ALBERT 1ER/ PASSAGE VINC,47.3225,5.02641,Plein jour,En agglomération,Hors intersection,Normale,Autre collision,,,,,,,,,,,1,2,1,1.0,6.0
201000025355,0010-03-24 06:32:00,10,3,24,6,32,210,231,ALBERT PREMIER (AVENUE),47.3225,5.01147,Plein jour,En agglomération,Intersection en X,Normale,Deux véhicules - côté,,,,,,,,,,,1,2,2,1.0,3.0
201000025356,0010-03-26 08:12:00,10,3,26,8,12,210,231,"165, GUSTAVE EIFFEL (AVE",47.3124,5.00776,Plein jour,En agglomération,Intersection en T,Pluie légère,Trois véhicules et plus - en chaîne,,,,,,,,,,,1,2,3,2.0,4.0
201000025357,0010-03-26 17:39:00,10,3,26,17,39,210,231,BOURROCHES (DES) (BOULEV,47.3095,5.01644,Plein jour,En agglomération,Intersection en X,Normale,Deux véhicules - côté,,,,,,,,,,,1,2,2,1.0,3.0
201000025358,0010-03-26 18:02:00,10,3,26,18,2,210,231,CHENOVE (DE) (RUE),47.3085,5.02376,Plein jour,En agglomération,Intersection en X,Normale,Deux véhicules - côté,,,,,,,,,,,1,2,2,1.0,3.0
201000025359,0010-03-26 18:22:00,10,3,26,18,22,210,231,JEAN DE CIREY SORT PARK,47.3266,5.04912,Crépuscule ou aube,En agglomération,Hors intersection,Pluie légère,Deux véhicules - côté,,,,,,,,,,,2,2,1,2.0,3.0
201000025360,0010-03-30 14:16:00,10,3,30,14,16,210,231,"23, CONDORCET (RUE)",47.3203,5.0337,Plein jour,En agglomération,Hors intersection,Pluie légère,Autre collision,,,,,,,,,,,1,2,1,2.0,6.0
201000025361,0010-03-31 07:57:00,10,3,31,7,57,210,231,"30, MARCEAU (RUE)",47.3292,5.04691,Plein jour,En agglomération,Hors intersection,Normale,Deux véhicules - côté,,,,,,,,,,,1,2,1,1.0,3.0
201000025362,0010-04-01 08:41:00,10,4,1,8,41,210,231,ROBERT SCHUMANN (BOULEVA,47.3057,5.04858,Plein jour,En agglomération,Intersection en X,Normale,Trois véhicules et plus - en chaîne,,,,,,,,,,,1,2,2,1.0,4.0
201000025363,0010-04-01 10:01:00,10,4,1,10,1,210,231,UNIVERSITE (DE L') (BOUL,47.3133,5.05331,Plein jour,En agglomération,Intersection en X,Normale,Deux véhicules - côté,,,,,,,,,,,1,2,2,1.0,3.0
201000025364,0010-04-02 08:53:00,10,4,2,8,53,210,231,ALEMBERT (D') (RUE),47.33,5.06041,Plein jour,En agglomération,Hors intersection,Normale,Autre collision,,,,,,,,,,,1,2,1,1.0,6.0
201000025365,0010-04-02 15:35:00,10,4,2,15,35,210,231,GEORGES POMPIDOU (VOIE),47.2933,5.06242,Plein jour,En agglomération,Hors intersection,Normale,Deux véhicules - arrière,,,,,,,,,,,1,2,1,1.0,2.0
201000025366,0010-04-02 22:57:00,10,4,2,22,57,210,231,PREMIER CONSUL (DU) (AVE,47.3272,5.00566,Nuit avec éclairage allumé,En agglomération,Hors intersection,Pluie légère,Deux véhicules - frontale,,,,,,,,,,,5,2,1,2.0,1.0
201000025367,0010-04-03 17:46:00,10,4,3,17,46,210,231,"4, PONT DES TANNERIES (D",47.3148,5.03111,Plein jour,En agglomération,Intersection en T,Pluie forte,Deux véhicules - arrière,,,,,,,,,,,1,2,3,3.0,2.0
201000025368,0010-04-04 22:59:00,10,4,4,22,59,210,231,"1, FONTAINE (DE) (RUE)",47.3274,5.02886,Nuit avec éclairage allumé,En agglomération,Hors intersection,Normale,Deux véhicules - arrière,,,,,,,,,,,5,2,1,1.0,2.0
201000025369,0010-04-06 15:31:00,10,4,6,15,31,210,231,"81, LIBERTE (DE LA) (RUE",47.3218,5.03955,Plein jour,En agglomération,Hors intersection,Normale,Autre collision,,,,,,,,,,,1,2,1,1.0,6.0
201000025370,0010-04-15 14:00:00,10,4,15,14,0,210,231,JEAN JAURES (AVENUE),47.3005,5.02067,Plein jour,En agglomération,Intersection en X,Normale,Deux véhicules - côté,,,,,,,,,,,1,2,2,1.0,3.0
201000025371,0010-04-15 17:06:00,10,4,15,17,6,210,278,AHUY (D') (ROUTE),47.3557,5.03476,Plein jour,En agglomération,Giratoire,Normale,Deux véhicules - arrière,,,,,,,,,,,1,2,6,1.0,2.0
201000025372,0010-04-15 22:15:00,10,4,15,22,15,210,231,"121, DRAPEAU (DU) (AVENU",47.342,5.04466,Nuit avec éclairage allumé,En agglomération,Intersection en T,Normale,Deux véhicules - côté,,,,,,,,,,,5,2,3,1.0,3.0
201000025373,0010-04-16 14:15:00,10,4,16,14,15,210,231,"1, ERNEST BAILLY (RUE)",47.3059,5.0467,Plein jour,En agglomération,Intersection en T,Normale,Deux véhicules - frontale,,,,,,,,,,,1,2,3,1.0,1.0
201000025374,0010-04-19 16:30:00,10,4,19,16,30,210,231,PONT DES TANNERIES (DU),47.315,5.03025,Plein jour,En agglomération,Place,Normale,Deux véhicules - côté,,,,,,,,,,,1,2,7,1.0,3.0
201000025375,0010-04-23 18:03:00,10,4,23,18,3,210,231,"32, LAC (DU) (AVENUE)",47.3206,5.00355,Plein jour,En agglomération,Hors intersection,Normale,Autre collision,,,,,,,,,,,1,2,1,1.0,6.0
201000025376,0010-04-27 07:49:00,10,4,27,7,49,210,231,CHEVREUL (RUE),47.3089,5.03773,Plein jour,En agglomération,Intersection en X,Normale,Deux véhicules - arrière,,,,,,,,,,,1,2,2,1.0,2.0
201000025377,0010-04-27 08:06:00,10,4,27,8,6,210,231,"9 TER, VOLTAIRE (BOULEVA",47.3187,5.05154,Plein jour,En agglomération,Intersection en X,Normale,Deux véhicules - arrière,,,,,,,,,,,1,2,2,1.0,2.0
201000025378,0010-04-27 17:06:00,10,4,27,17,6,210,617,"45, TROYES (DE) (BOULEVA",47.3369,5.01216,Plein jour,En agglomération,Hors intersection,Normale,Autre collision,,,,,,,,,,,1,2,1,1.0,6.0
201000025379,0010-04-27 17:37:00,10,4,27,17,37,210,231,"23, LANGRES (DE) (AVENUE",47.3439,5.04486,Plein jour,En agglomération,Hors intersection,Normale,Deux véhicules - côté,,,,,,,,,,,1,2,1,1.0,3.0
201000025380,0010-04-28 07:37:00,10,4,28,7,37,210,231,MIRANDE (DE) (RUE),47.3172,5.06539,Plein jour,En agglomération,Intersection en X,Normale,Autre collision,,,,,,,,,,,1,2,2,1.0,6.0
201000025381,0010-04-28 13:12:00,10,4,28,13,12,210,231,PARC (DU) (COURS),47.3059,5.04737,Plein jour,En agglomération,Intersection en X,Normale,Deux véhicules - frontale,,,,,,,,,,,1,2,2,1.0,1.0
201000025382,0010-04-29 15:47:00,10,4,29,15,47,210,231,LUCIEN JUY (RUE),47.3154,5.01333,Plein jour,En agglomération,Intersection en T,Normale,Deux véhicules - arrière,,,,,,,,,,,1,2,3,1.0,2.0
201000025383,0010-04-29 20:16:00,10,4,29,20,16,210,231,"49, DEVOSGE (RUE)",47.3267,5.03946,Crépuscule ou aube,En agglomération,Hors intersection,Normale,Deux véhicules - arrière,,,,,,,,,,,2,2,1,1.0,2.0
201000025384,0010-05-01 10:59:00,10,5,1,10,59,210,231,GENERAL DE GAULLE (COURS,47.3152,5.04342,Plein jour,En agglomération,Place,Normale,Autre collision,,,,,,,,,,,1,2,7,1.0,6.0
201000025385,0010-05-03 11:03:00,10,5,3,11,3,210,231,SOISSONS (DE) (RUE),47.3244,5.04218,Plein jour,En agglomération,Intersection en T,Normale,Autre collision,,,,,,,,,,,1,2,3,1.0,6.0
201000025386,0010-05-03 14:20:00,10,5,3,14,20,210,231,"4, LAC (DU) (AVENUE)",47.3162,5.00729,Plein jour,En agglomération,Hors intersection,Normale,Autre collision,,,,,,,,,,,1,2,1,1.0,6.0
201000025387,0010-05-04 13:54:00,10,5,4,13,54,210,231,"109, CORCELLES (DE) (ROU",47.3078,4.98788,Plein jour,En agglomération,Hors intersection,Normale,Deux véhicules - arrière,,,,,,,,,,,1,2,1,1.0,2.0
201000025388,0010-05-05 11:06:00,10,5,5,11,6,210,231,GRESILLES (DES) (AVENUE),47.3319,5.06662,Plein jour,En agglomération,Place,Pluie légère,Autre collision,,,,,,,,,,,1,2,7,2.0,6.0
201000025389,0010-05-07 14:43:00,10,5,7,14,43,210,231,JOUVENCE (DE) (RUE),47.3342,5.0395,Plein jour,En agglomération,Intersection en X,Normale,Autre collision,,,,,,,,,,,1,2,2,1.0,6.0
201000025390,0010-05-07 23:25:00,10,5,7,23,25,210,231,CHABOT CHARNY (RUE),47.3186,5.04335,Nuit avec éclairage allumé,En agglomération,Intersection en X,Normale,Deux véhicules - frontale,,,,,,,,,,,5,2,2,1.0,1.0
201000025391,0010-05-08 13:28:00,10,5,8,13,28,210,231,GENERAL RUFFEY (PLACE),47.3228,5.06524,Plein jour,En agglomération,Place,Temps couvert,Deux véhicules - arrière,,,,,,,,,,,1,2,7,8.0,2.0
201000025392,0010-05-09 00:39:00,10,5,9,0,39,210,231,DEVOSGE (RUE),47.3265,5.03834,Nuit avec éclairage allumé,En agglomération,Place,Normale,Deux véhicules - arrière,,,,,,,,,,,5,2,7,1.0,2.0
201000025393,0010-05-10 17:42:00,10,5,10,17,42,210,231,"87, LONGVIC (DE) (RUE)",47.3087,5.04862,Plein jour,En agglomération,Intersection en T,Normale,Deux véhicules - frontale,,,,,,,,,,,1,2,3,1.0,1.0
201000025394,0010-05-11 11:16:00,10,5,11,11,16,210,231,"54, CHAPITRE (DU) (RUE)",47.3093,5.013,Plein jour,En agglomération,Hors intersection,Pluie légère,Autre collision,,,,,,,,,,,1,2,1,2.0,6.0
201000025395,0010-05-11 22:12:00,10,5,11,22,12,210,231,SEVIGNE (DE) (BOULEVARD),47.3228,5.03131,Nuit avec éclairage allumé,En agglomération,Intersection en X,Normale,Autre collision,,,,,,,,,,,5,2,2,1.0,6.0
201000025396,0010-05-12 10:04:00,10,5,12,10,4,210,231,PIERRE DE COUBERTIN (RUE,47.315,5.08312,Plein jour,En agglomération,Intersection en X,Normale,Deux véhicules - côté,,,,,,,,,,,1,2,2,1.0,3.0
201000025397,0010-05-12 17:37:00,10,5,12,17,37,210,231,"5, TRANSVAAL (DU) (RUE)",47.3154,5.04236,Plein jour,En agglomération,Place,Normale,Deux véhicules - arrière,,,,,,,,,,,1,2,7,1.0,2.0
201000025398,0010-05-14 17:49:00,10,5,14,17,49,210,166,ROLAND CARRAZ (AVENUE),47.2879,5.01266,Plein jour,En agglomération,Intersection en X,Temps couvert,Trois véhicules et plus - collisions multiples,,,,,,,,,,,1,2,2,8.0,5.0
201000025399,0010-05-16 20:20:00,10,5,16,20,20,210,231,"26, FELIX TISSERAND (RUE",47.305,5.04463,Plein jour,En agglomération,Intersection en T,Normale,Deux véhicules - côté,,,,,,,,,,,1,2,3,1.0,3.0
201000025400,0010-05-19 14:33:00,10,5,19,14,33,210,231,"2, BOURGES (DE) (RUE)",47.3208,5.00501,Plein jour,En agglomération,Hors intersection,Normale,Autre collision,,,,,,,,,,,1,2,1,1.0,6.0
201000025401,0010-05-19 15:15:00,10,5,19,15,15,210,231,JEANNE D'ARC (BOULEVARD),47.3223,5.06525,Plein jour,En agglomération,Intersection en X,Normale,Deux véhicules - arrière,,,,,,,,,,,1,2,2,1.0,2.0
201000025402,0010-05-20 10:40:00,10,5,20,10,40,210,231,"103, LONGVIC (DE) (RUE)",47.3073,5.04904,Plein jour,En agglomération,Intersection en X,Normale,Deux véhicules - côté,,,,,,,,,,,1,2,2,1.0,3.0
201000025403,0010-05-20 11:54:00,10,5,20,11,54,210,231,"70, MIRANDE (DE) (RUE)",47.3175,5.05896,Plein jour,En agglomération,Hors intersection,Normale,Autre collision,,,,,,,,,,,1,2,1,1.0,6.0
201000025404,0010-05-21 11:42:00,10,5,21,11,42,210,231,MARECHAL GALLIENI (BOULE,47.3397,5.04202,Plein jour,En agglomération,Intersection en X,Normale,Deux véhicules - côté,,,,,,,,,,,1,2,2,1.0,3.0
201000025405,0010-05-21 17:02:00,10,5,21,17,2,210,231,"125, VICTOR HUGO (AVENUE",47.3323,5.01874,Plein jour,En agglomération,Hors intersection,Normale,Autre collision,,,,,,,,,,,1,2,1,1.0,6.0
201000025406,0010-05-22 14:14:00,10,5,22,14,14,210,231,DEVOSGE (RUE),47.3266,5.03914,Plein jour,En agglomération,Hors intersection,Normale,Deux véhicules - arrière,,,,,,,,,,,1,2,1,1.0,2.0
201000025407,0010-05-25 23:00:00,10,5,25,23,0,210,231,EUGENE GUILLAUME (RUE),47.3266,5.03078,Nuit avec éclairage allumé,En agglomération,Intersection en X,Pluie légère,Deux véhicules - côté,,,,,,,,,,,5,2,2,2.0,3.0
201000025408,0010-05-26 07:47:00,10,5,26,7,47,210,231,BRUGES (DE) (RUE),47.3473,5.04305,Plein jour,En agglomération,Intersection en X,Pluie légère,Deux véhicules - côté,,,,,,,,,,,1,2,2,2.0,3.0
201000025409,0010-05-26 08:08:00,10,5,26,8,8,210,231,"9, MARCEAU (RUE)",47.328,5.04538,Plein jour,En agglomération,Intersection en T,Pluie légère,Autre collision,,,,,,,,,,,1,2,3,2.0,6.0
201000025410,0010-05-26 12:26:00,10,5,26,12,26,210,231,ROUEN (DE) (RUE),47.3308,5.033,Plein jour,En agglomération,Intersection en X,Normale,Deux véhicules - côté,,,,,,,,,,,1,2,2,1.0,3.0
201000025411,0010-05-26 18:15:00,10,5,26,18,15,210,231,SEVIGNE (DE) (BOULEVARD),47.3228,5.03131,Plein jour,En agglomération,Intersection en X,Normale,Autre collision,,,,,,,,,,,1,2,2,1.0,6.0
201000025412,0010-05-26 21:25:00,10,5,26,21,25,210,231,SULLY  (RUE),47.3172,5.06539,Nuit avec éclairage allumé,En agglomération,Intersection en X,Pluie forte,Deux véhicules - côté,,,,,,,,,,,5,2,2,3.0,3.0
201000025413,0010-05-29 10:08:00,10,5,29,10,8,210,166,SOLIDARITE (DE LA) (ROND,47.2863,5.01833,Plein jour,En agglomération,Giratoire,Normale,Deux véhicules - côté,,,,,,,,,,,1,2,6,1.0,3.0
201000025414,0010-05-29 12:09:00,10,5,29,12,9,210,231,DOM PLANCHER (RUE),47.3439,5.0487,Plein jour,En agglomération,Intersection en T,Normale,Deux véhicules - côté,,,,,,,,,,,1,2,3,1.0,3.0
201000025415,0010-05-31 07:56:00,10,5,31,7,56,210,231,"18, ROBERT SCHUMANN (BOU",47.3054,5.05326,Plein jour,En agglomération,Hors intersection,Normale,Deux véhicules - arrière,,,,,,,,,,,1,2,1,1.0,2.0
201000025416,0010-06-02 18:10:00,10,6,2,18,10,210,231,"13, GODRANS (DES) (RUE)",47.3245,5.03888,Plein jour,En agglomération,Hors intersection,Normale,Autre collision,,,,,,,,,,,1,2,1,1.0,6.0
201000025417,0010-06-03 07:58:00,10,6,3,7,58,210,231,CHAIGNOT (DU) (RUE),47.3182,5.03594,Plein jour,En agglomération,Intersection en X,Normale,Trois véhicules et plus - en chaîne,,,,,,,,,,,1,2,2,1.0,4.0
201000025418,0010-06-03 20:20:00,10,6,3,20,20,210,231,"2, CLAUS SLUTER (RUE)",47.3271,5.04552,Plein jour,En agglomération,Hors intersection,Normale,Autre collision,,,,,,,,,,,1,2,1,1.0,6.0
201000025419,0010-06-04 14:56:00,10,6,4,14,56,210,231,"1, EZ PENOTTES (RUE)",,,Plein jour,En agglomération,Hors intersection,Normale,Deux véhicules - frontale,,,,,,,,,,,1,2,1,1.0,1.0
201000025420,0010-06-05 13:53:00,10,6,5,13,53,210,231,VALENDONS (DES) (BOULEVA,,,Plein jour,En agglomération,Hors intersection,Normale,Autre collision,,,,,,,,,,,1,2,1,1.0,6.0
201000025421,0010-06-06 20:05:00,10,6,6,20,5,210,231,TRANSVAAL (DU) (RUE),47.3153,5.03488,Plein jour,En agglomération,Intersection en T,Temps couvert,Deux véhicules - côté,,,,,,,,,,,1,2,3,8.0,3.0
201000025422,0010-06-10 17:52:00,10,6,10,17,52,210,231,BERANGER (RUE),47.3404,5.04937,Plein jour,En agglomération,Intersection en X,Normale,Deux véhicules - côté,,,,,,,,,,,1,2,2,1.0,3.0
201000025423,0010-06-11 09:14:00,10,6,11,9,14,210,231,LONGEPIERRE (RUE),47.3219,5.04354,Plein jour,En agglomération,Intersection en X,Normale,Deux véhicules - côté,,,,,,,,,,,1,2,2,1.0,3.0
201000025424,0010-06-11 12:43:00,10,6,11,12,43,210,231,PERRIERES (DES) (RUE),47.3244,5.02787,Plein jour,En agglomération,Intersection en Y,Normale,Deux véhicules - côté,,,,,,,,,,,1,2,4,1.0,3.0
201000025425,0010-06-10 18:33:00,10,6,10,18,33,210,231,ALBERT PREMIER (AVENUE),47.3224,5.01831,Plein jour,En agglomération,Intersection en X,Normale,Trois véhicules et plus - en chaîne,,,,,,,,,,,1,2,2,1.0,4.0
201000025426,0010-06-14 08:42:00,10,6,14,8,42,210,231,"26, CHABOT CHARNY (RUE)",47.32,5.04312,Plein jour,En agglomération,Intersection en T,Pluie légère,Deux véhicules - arrière,,,,,,,,,,,1,2,3,2.0,2.0
201000025427,0010-06-15 08:08:00,10,6,15,8,8,210,355,JOHN KENNEDY (AVENUE),,,Plein jour,En agglomération,Intersection en Y,Pluie forte,Deux véhicules - côté,,,,,,,,,,,1,2,4,3.0,3.0
201000025428,0010-06-16 13:24:00,10,6,16,13,24,210,231,"48, PREFECTURE (DE LA) (",47.3248,5.04245,Plein jour,En agglomération,Hors intersection,Temps couvert,Autre collision,,,,,,,,,,,1,2,1,8.0,6.0
201000025429,0010-06-18 07:46:00,10,6,18,7,46,210,231,GENERAL TOUZET DU VIGIER,47.3515,5.03925,Plein jour,En agglomération,Intersection en T,Normale,Deux véhicules - arrière,,,,,,,,,,,1,2,3,1.0,2.0
201000025430,0010-06-18 22:17:00,10,6,18,22,17,210,231,MARTYRS DE LA RESISTANCE,47.3354,5.06048,Nuit avec éclairage allumé,En agglomération,Intersection en T,Normale,Deux véhicules - côté,,,,,,,,,,,5,2,3,1.0,3.0
201000025431,0010-06-19 16:52:00,10,6,19,16,52,210,231,"95 B, MARECHAL LYAUTEY (",47.3276,5.06755,Plein jour,En agglomération,Intersection en T,Normale,Deux véhicules - côté,,,,,,,,,,,1,2,3,1.0,3.0