accident_id,datetime,annee,mois,jour,heure,minute,departement,commune_insee,adresse,latitude,longitude,luminosite,agglomeration,intersection,meteo,collision,nb_vehicules,nb_usagers,nb_indemnes,nb_tues,nb_blesses_hosp,nb_blesses_legers,age_cond_1,age_cond_2,veh_type_cond_1,veh_type_cond_2,lum_code,agg_code,int_code,atm_code,col_code
201000025552,0010-05-31 16:45:00,10,5,31,16,45,420,308,Intersection RD07 - RD76,45.44727,4.58365,Plein jour,En agglomération,Hors intersection,Normale,Deux véhicules - côté,,,,,,,,,,,1,2,1,1.0,3.0
201000025553,0010-06-26 20:00:00,10,6,26,20,0,420,307,,45.54682,4.66768,Plein jour,Hors agglomération,Hors intersection,Normale,Autre collision,,,,,,,,,,,1,1,1,1.0,6.0
201000025554,0010-09-05 18:30:00,10,9,5,18,30,420,308,,45.44336,4.62494,Plein jour,Hors agglomération,Hors intersection,Normale,Deux véhicules - côté,,,,,,,,,,,1,1,1,1.0,3.0
201000025555,0010-01-30 17:15:00,10,1,30,17,15,220,50,RUE TIPHAINE RAGUENEL,48.4483,-2.04654,Plein jour,En agglomération,Hors intersection,Normale,Deux véhicules - arrière,,,,,,,,,,,1,2,1,1.0,2.0
201000025556,0010-03-08 16:10:00,10,3,8,16,10,220,50,23 RUE CARNOT,48.4565,-2.05163,Plein jour,En agglomération,Hors intersection,Normale,Autre collision,,,,,,,,,,,1,2,1,1.0,6.0
201000025557,0010-04-09 11:40:00,10,4,9,11,40,220,50,15 PLACE DU 11 Novembre,48.45635,-2.05379,Plein jour,En agglomération,Passage à niveau,Normale,Autre collision,,,,,,,,,,,1,2,8,1.0,6.0
201000025558,0010-04-23 23:00:00,10,4,23,23,0,220,50,RUE CHATEAUBRIAND/JAURES,48.44813,-2.04671,Nuit avec éclairage allumé,En agglomération,Intersection en X,Normale,Deux véhicules - côté,,,,,,,,,,,5,2,2,1.0,3.0
201000025559,0010-05-01 17:00:00,10,5,1,17,0,220,50,22 RUE DU CHATEAU,48.45071,-2.04407,Plein jour,En agglomération,Hors intersection,Normale,Deux véhicules - arrière,,,,,,,,,,,1,2,1,1.0,2.0
201000025560,0010-05-07 23:35:00,10,5,7,23,35,220,50,"1, PLACE DES CHAMPS CLOS",48.45233,-2.04458,Nuit avec éclairage allumé,En agglomération,Hors intersection,Normale,Deux véhicules - côté,,,,,,,,,,,5,2,1,1.0,3.0
201000025561,0010-05-13 20:35:00,10,5,13,20,35,220,50,EXMOUTH (BOULEVARD),,,Plein jour,En agglomération,Intersection en T,Normale,Autre collision,,,,,,,,,,,1,2,3,1.0,6.0
201000025562,0010-05-28 07:00:00,10,5,28,7,0,220,50,"1, BREST (RUE)",,,Plein jour,En agglomération,Intersection en X,Normale,Deux véhicules - côté,,,,,,,,,,,1,2,2,1.0,3.0
201000025563,0010-06-01 10:15:00,10,6,1,10,15,220,50,"7, FERRONNERIE (RUE DE L",,,Plein jour,En agglomération,Hors intersection,Pluie légère,Autre collision,,,,,,,,,,,1,2,1,2.0,6.0
201000025564,0010-05-27 16:45:00,10,5,27,16,45,220,50,"48, MARCHIX (RUE)",,,Plein jour,En agglomération,Autre intersection,Normale,Autre collision,,,,,,,,,,,1,2,9,1.0,6.0
201000025565,0010-06-04 09:20:00,10,6,4,9,20,220,50,ROUTE DE DINARD,48.46015,-2.04855,Plein jour,En agglomération,Intersection en Y,Normale,Deux véhicules - arrière,,,,,,,,,,,1,2,4,1.0,2.0
201000025566,0010-07-29 17:50:00,10,7,29,17,50,220,50,"17, RUE DU QUAI DE DINAN",48.45751,-2.03781,Plein jour,En agglomération,Hors intersection,Normale,Autre collision,,,,,,,,,,,1,2,1,1.0,6.0
201000025567,0010-07-30 23:40:00,10,7,30,23,40,220,50,RUES BREST/EGAULT  NOES,48.45297,-2.05663,Nuit avec éclairage allumé,En agglomération,Intersection en X,Normale,Deux véhicules - côté,,,,,,,,,,,5,2,2,1.0,3.0
201000025568,0010-08-30 09:20:00,10,8,30,9,20,220,50,RUE DE BREST,48.4522,-2.06073,Plein jour,En agglomération,Giratoire,Normale,Sans collision,,,,,,,,,,,1,2,6,1.0,7.0
201000025569,0010-09-03 16:49:00,10,9,3,16,49,220,50,"1, DUCLOS (PLACE)",,,Plein jour,En agglomération,Hors intersection,Normale,Autre collision,,,,,,,,,,,1,2,1,1.0,6.0
201000025570,0010-09-17 10:45:00,10,9,17,10,45,220,50,10è d'ARTILLERIE/CASSIN,48.45437,-2.0625,Plein jour,En agglomération,Giratoire,Pluie légère,Deux véhicules - côté,,,,,,,,,,,1,2,6,2.0,3.0
201000025571,0010-09-21 15:00:00,10,9,21,15,0,220,50,R BREST/GEISTDOERFER,48.45386,-2.05172,Plein jour,En agglomération,Intersection à plus de 4 branches,Normale,Deux véhicules - arrière,,,,,,,,,,,1,2,5,1.0,2.0
201000025572,0010-10-08 16:40:00,10,10,8,16,40,220,50,"28, RUE DE LA GARAYE",48.45566,-2.04552,Plein jour,En agglomération,Hors intersection,Normale,Autre collision,,,,,,,,,,,1,2,1,1.0,6.0
201000025573,0010-10-18 16:05:00,10,10,18,16,5,220,50,R Xème ARTILLERIE/CASSIN,48.45431,-2.06217,Plein jour,En agglomération,Giratoire,Normale,Deux véhicules - côté,,,,,,,,,,,1,2,6,1.0,3.0
201000025574,0010-10-29 13:45:00,10,10,29,13,45,220,50,"35, RUE DU QUAI DE DINAN",48.4582,-2.03735,Plein jour,En agglomération,Hors intersection,Normale,Sans collision,,,,,,,,,,,1,2,1,1.0,7.0
201000025575,0010-11-19 10:48:00,10,11,19,10,48,220,50,"17, ROUAIRIES (RUE DES)",48.4542,-2.05026,Plein jour,En agglomération,Intersection en T,Normale,Autre collision,,,,,,,,,,,1,2,3,1.0,6.0
201000025576,0010-11-30 07:55:00,10,11,30,7,55,220,50,RUES CORBIERE/CARADEUC,48.44822,-2.04921,Crépuscule ou aube,En agglomération,Intersection en X,Autre,Deux véhicules - côté,,,,,,,,,,,2,2,2,9.0,3.0
201000025577,0010-11-28 18:15:00,10,11,28,18,15,220,50,31 RUE DE L'ECOLE,48.45518,-2.04332,Nuit avec éclairage allumé,En agglomération,Hors intersection,Temps couvert,Autre collision,,,,,,,,,,,5,2,1,8.0,6.0
201000025578,0010-12-31 04:43:00,10,12,31,4,43,220,113,Rte TREGASTEL/KER AR FAO,48.76509,-3.47761,Nuit sans éclairage public,Hors agglomération,Intersection en X,Pluie légère,Deux véhicules - côté,,,,,,,,,,,3,1,2,2.0,3.0
201000025579,0010-01-16 19:15:00,10,1,16,19,15,220,113,PLOUBEZRE (RUE DE),48.72313,-3.46011,Nuit avec éclairage allumé,En agglomération,Hors intersection,Normale,Autre collision,,,,,,,,,,,5,2,1,1.0,6.0
201000025580,0010-02-19 06:00:00,10,2,19,6,0,220,113,PARK NEVEZ (AVENUE DE),,,Nuit avec éclairage allumé,En agglomération,Hors intersection,Neige / grêle,Autre collision,,,,,,,,,,,5,2,1,4.0,6.0
201000025581,0010-02-21 01:00:00,10,2,21,1,0,220,113,TREBEURDEN (ROUTE DE),,,Nuit sans éclairage public,Hors agglomération,Hors intersection,Autre,Sans collision,,,,,,,,,,,3,1,1,9.0,7.0
201000025582,0010-03-22 16:45:00,10,3,22,16,45,220,113,", MORAND (RUE JOSEPH)",,,Plein jour,En agglomération,Hors intersection,Normale,Autre collision,,,,,,,,,,,1,2,1,1.0,6.0
201000025583,0010-04-22 22:40:00,10,4,22,22,40,220,113,MENDES FRANCE (BOULEVARD,,,Nuit sans éclairage public,Hors agglomération,Hors intersection,Normale,Deux véhicules - frontale,,,,,,,,,,,3,1,1,1.0,1.0
201000025584,0010-05-14 16:20:00,10,5,14,16,20,220,113,AIGUILLON (QUAI D'),,,Plein jour,En agglomération,Hors intersection,Normale,Autre collision,,,,,,,,,,,1,2,1,1.0,6.0
201000025585,0010-06-09 07:55:00,10,6,9,7,55,220,113,DE BROGLIE (RUE DE),,,Plein jour,Hors agglomération,Giratoire,Normale,Deux véhicules - côté,,,,,,,,,,,1,1,6,1.0,3.0
201000025586,0010-06-21 08:00:00,10,6,21,8,0,220,113,RENAN (AVENUE ERNEST),,,Plein jour,En agglomération,Hors intersection,Normale,Sans collision,,,,,,,,,,,1,2,1,1.0,7.0
201000025587,0010-06-25 15:28:00,10,6,25,15,28,220,113,8 Av Général DE GAULLE,48.72982,-3.46044,Plein jour,En agglomération,Hors intersection,Normale,Deux véhicules - arrière,,,,,,,,,,,1,2,1,1.0,2.0
201000025588,0010-07-04 17:30:00,10,7,4,17,30,220,113,JEANNE D'ARC/Y.PERON,48.73301,-3.45874,Plein jour,En agglomération,Intersection en Y,Normale,Sans collision,,,,,,,,,,,1,2,4,1.0,7.0
201000025589,0010-07-29 23:05:00,10,7,29,23,5,220,113,TREGUIER (ROUTE DE),,,Nuit sans éclairage public,Hors agglomération,Intersection en T,Normale,Deux véhicules - côté,,,,,,,,,,,3,1,3,1.0,3.0
201000025590,0010-07-27 17:45:00,10,7,27,17,45,220,113,ARMOR (BOULEVARD D'),,,Plein jour,En agglomération,Hors intersection,Normale,Trois véhicules et plus - en chaîne,,,,,,,,,,,1,2,1,1.0,4.0
201000025591,0010-08-07 18:25:00,10,8,7,18,25,220,113,Rte PERROS/ZA KERINGANT,48.76227,-3.45197,Plein jour,Hors agglomération,Intersection en X,Normale,Deux véhicules - côté,,,,,,,,,,,1,1,2,1.0,3.0
201000025592,0010-07-11 02:10:00,10,7,11,2,10,220,113,GUINGAMP (ROUTE DE),,,Nuit sans éclairage public,Hors agglomération,Hors intersection,Normale,Sans collision,,,,,,,,,,,3,1,1,1.0,7.0
201000025593,0010-08-31 17:40:00,10,8,31,17,40,220,113,GARZENNEC,48.76705,-3.43173,Plein jour,Hors agglomération,Intersection en T,Normale,Deux véhicules - frontale,,,,,,,,,,,1,1,3,1.0,1.0
201000025594,0010-08-29 10:30:00,10,8,29,10,30,220,113,TREBEURDEN (ROUTE DE),,,Plein jour,En agglomération,Intersection en T,Normale,Deux véhicules - côté,,,,,,,,,,,1,2,3,1.0,3.0
201000025595,0010-09-04 11:35:00,10,9,4,11,35,220,113,AERODROME (RUE DE L'),,,Plein jour,En agglomération,Intersection en X,Normale,Deux véhicules - frontale,,,,,,,,,,,1,2,2,1.0,1.0
201000025596,0010-09-20 12:40:00,10,9,20,12,40,220,113,Bd M. FRANCE/FOCH,48.7314,-3.46503,Plein jour,En agglomération,Giratoire,Normale,Deux véhicules - côté,,,,,,,,,,,1,2,6,1.0,3.0
201000025597,0010-10-11 15:40:00,10,10,11,15,40,220,113,BIENFAISANCE (RUE DE LA),,,Plein jour,En agglomération,Hors intersection,Normale,Sans collision,,,,,,,,,,,1,2,1,1.0,7.0
201000025598,0010-10-09 11:25:00,10,10,9,11,25,220,113,R.D.767,,,Plein jour,Hors agglomération,Hors intersection,Normale,Autre collision,,,,,,,,,,,1,1,1,1.0,6.0
201000025599,0010-10-24 15:30:00,10,10,24,15,30,220,113,PONT AR STANG,48.73925,-3.42989,Plein jour,Hors agglomération,Hors intersection,Pluie légère,Deux véhicules - côté,,,,,,,,,,,1,1,1,2.0,3.0
201000025600,0010-10-07 16:20:00,10,10,7,16,20,220,113,RUE DE VIARMES,48.73239,-3.46215,Plein jour,En agglomération,Hors intersection,Normale,Autre collision,,,,,,,,,,,1,2,1,1.0,6.0
201000025601,0010-10-25 18:10:00,10,10,25,18,10,220,113,"24, SAINT MARC (RUE DE)",,,Plein jour,En agglomération,Hors intersection,Pluie légère,Deux véhicules - arrière,,,,,,,,,,,1,2,1,2.0,2.0
201000025602,0010-11-02 16:35:00,10,11,2,16,35,220,113,Bd MENDES FRANCE,48.72812,-3.47678,Plein jour,En agglomération,Hors intersection,Normale,Autre collision,,,,,,,,,,,1,2,1,1.0,6.0
201000025603,0010-11-26 13:15:00,10,11,26,13,15,220,113,Avenue de la Résistance,48.73957,-3.46585,Plein jour,En agglomération,Hors intersection,Normale,Deux véhicules - arrière,,,,,,,,,,,1,2,1,1.0,2.0
201000025604,0010-12-07 13:35:00,10,12,7,13,35,220,113,"24, PLOUBEZRE (ROUTE DE)",48.72302,-3.46014,Plein jour,En agglomération,Hors intersection,Normale,Deux véhicules - arrière,,,,,,,,,,,1,2,1,1.0,2.0
201000025605,0010-12-15 17:10:00,10,12,15,17,10,220,113,MENDES FRANCE/KERBITOUS,48.73039,-3.46876,Crépuscule ou aube,En agglomération,Intersection en X,Temps couvert,Deux véhicules - côté,,,,,,,,,,,2,2,2,8.0,3.0
201000025606,0010-01-04 15:15:00,10,1,4,15,15,220,278,AVENUE DE FRANCE,48.491,-2.72252,Plein jour,Hors agglomération,Hors intersection,Normale,Sans collision,,,,,,,,,,,1,1,1,1.0,7.0
201000025607,0010-01-04 16:54:00,10,1,4,16,54,220,278,BD DE LA VILLE JOUHA,48.5097,-2.78305,Plein jour,En agglomération,Hors intersection,Normale,Deux véhicules - arrière,,,,,,,,,,,1,2,1,1.0,2.0
201000025608,0010-01-04 08:53:00,10,1,4,8,53,220,278,31 RUE DE CORNOUAILLE,48.5167,-2.78873,Plein jour,En agglomération,Hors intersection,Normale,Autre collision,,,,,,,,,,,1,2,1,1.0,6.0
201000025609,0010-01-06 11:55:00,10,1,6,11,55,220,360,RD 700,48.4644,-2.77953,Plein jour,Hors agglomération,Hors intersection,Neige / grêle,Deux véhicules - côté,,,,,,,,,,,1,1,1,4.0,3.0
201000025610,0010-01-14 12:40:00,10,1,14,12,40,220,360,RUES M. JUIN/G. LECLERC,48.4908,-2.73284,Plein jour,En agglomération,Giratoire,Normale,Sans collision,,,,,,,,,,,1,2,6,1.0,7.0
201000025611,0010-01-16 15:55:00,10,1,16,15,55,220,278,RUE G. APOLLINAIRE,48.4988,-2.74399,Plein jour,En agglomération,Hors intersection,Pluie légère,Autre collision,,,,,,,,,,,1,2,1,2.0,6.0
201000025612,0010-01-18 08:20:00,10,1,18,8,20,220,215,28 RUE DE LA VICTOIRE,48.5014,-2.7808,Crépuscule ou aube,En agglomération,Hors intersection,Autre,Sans collision,,,,,,,,,,,2,2,1,9.0,7.0
201000025613,0010-01-18 10:30:00,10,1,18,10,30,220,278,RUE HENRI BECQUEREL,48.4998,-2.75092,Plein jour,En agglomération,Hors intersection,Normale,Deux véhicules - arrière,,,,,,,,,,,1,2,1,1.0,2.0
201000025614,0010-01-19 18:40:00,10,1,19,18,40,220,106,RUE DE LA LANDELLE,48.4916,-2.71952,Nuit avec éclairage allumé,Hors agglomération,Hors intersection,Normale,Deux véhicules - arrière,,,,,,,,,,,5,1,1,1.0,2.0
201000025615,0010-01-20 16:40:00,10,1,20,16,40,220,278,36 RUE LUZEL,48.5064,-2.77337,Plein jour,En agglomération,Hors intersection,Normale,Autre collision,,,,,,,,,,,1,2,1,1.0,6.0
201000025616,0010-01-24 17:20:00,10,1,24,17,20,220,215,RUE DU FROS,48.502,-2.80157,Plein jour,En agglomération,Hors intersection,Normale,Sans collision,,,,,,,,,,,1,2,1,1.0,7.0
201000025617,0010-01-28 10:50:00,10,1,28,10,50,220,278,138 P.BERT/VILLE BOUGAUL,48.5031,-2.75385,Plein jour,En agglomération,Intersection en X,Normale,Autre collision,,,,,,,,,,,1,2,2,1.0,6.0
201000025618,0010-01-28 20:10:00,10,1,28,20,10,220,106,RN12,48.483,-2.69795,Nuit avec éclairage allumé,Hors agglomération,Hors intersection,Normale,Sans collision,,,,,,,,,,,5,1,1,1.0,7.0
201000025619,0010-01-29 16:35:00,10,1,29,16,35,220,278,43 BD CLEMENCEAU,48.5078,-2.76046,Plein jour,En agglomération,Hors intersection,Normale,Deux véhicules - arrière,,,,,,,,,,,1,2,1,1.0,2.0
201000025620,0010-01-31 01:40:00,10,1,31,1,40,220,215,BRETELLE DES CHATELETS,48.4619,-2.78235,Nuit sans éclairage public,Hors agglomération,Hors intersection,Autre,Sans collision,,,,,,,,,,,3,1,1,9.0,7.0
201000025621,0010-02-01 07:55:00,10,2,1,7,55,220,278,Pl St MICHEL/LAMENAIS,48.51586,-2.7569,Crépuscule ou aube,En agglomération,Intersection en X,Autre,Autre collision,,,,,,,,,,,2,2,2,9.0,6.0
201000025622,0010-02-01 10:00:00,10,2,1,10,0,220,215,RUE FUTUR (Tertre MOTTE),48.48214,-2.80004,Plein jour,Hors agglomération,Hors intersection,Autre,Sans collision,,,,,,,,,,,1,1,1,9.0,7.0
201000025623,0010-02-03 08:55:00,10,2,3,8,55,220,278,RUE DU LEGUE,48.52279,-2.75351,Plein jour,Hors agglomération,Hors intersection,Normale,Sans collision,,,,,,,,,,,1,1,1,1.0,7.0
201000025624,0010-02-03 19:55:00,10,2,3,19,55,220,106,26 RUE DE RENNES,48.49347,-2.71083,Nuit avec éclairage allumé,En agglomération,Hors intersection,Normale,Sans collision,,,,,,,,,,,5,2,1,1.0,7.0
201000025625,0010-02-03 23:45:00,10,2,3,23,45,220,278,59 RUE DES LIGNERIES,48.52497,-2.73376,Nuit avec éclairage allumé,Hors agglomération,Hors intersection,Normale,Sans collision,,,,,,,,,,,5,1,1,1.0,7.0
201000025626,0010-02-05 15:25:00,10,2,5,15,25,220,278,R Vx SEMINAIRE/GOURIEN,48.50984,-2.767,Plein jour,En agglomération,Intersection en T,Normale,Autre collision,,,,,,,,,,,1,2,3,1.0,6.0
201000025627,0010-02-05 19:50:00,10,2,5,19,50,220,360,RD 700,48.49288,-2.76261,Nuit avec éclairage allumé,Hors agglomération,Giratoire,Pluie forte,Sans collision,,,,,,,,,,,5,1,6,3.0,7.0
201000025628,0010-02-06 19:05:00,10,2,6,19,5,220,278,Bd Waldeck Rousseau,48.50894,-2.75786,Nuit avec éclairage allumé,En agglomération,Hors intersection,Normale,Deux véhicules - arrière,,,,,,,,,,,5,2,1,1.0,2.0
201000025629,0010-02-06 19:55:00,10,2,6,19,55,220,278,RUE DU 71ème RI,48.5111,-2.76114,Nuit avec éclairage allumé,En agglomération,Hors intersection,Normale,Sans collision,,,,,,,,,,,5,2,1,1.0,7.0
201000025630,0010-02-10 12:45:00,10,2,10,12,45,220,215,Rue de la Gde VILLEMAIN,48.48013,-2.82383,Plein jour,Hors agglomération,Hors intersection,Neige / grêle,Deux véhicules - côté,,,,,,,,,,,1,1,1,4.0,3.0
201000025631,0010-02-12 10:35:00,10,2,12,10,35,220,360,Rd PT BLEU PLURIEL/STADE,48.488,-2.74013,Plein jour,En agglomération,Giratoire,Normale,Deux véhicules - côté,,,,,,,,,,,1,2,6,1.0,3.0
201000025632,0010-02-12 16:40:00,10,2,12,16,40,220,278,"23, RUE MANSART",48.51818,-2.77575,Plein jour,En agglomération,Hors intersection,Normale,Sans collision,,,,,,,,,,,1,2,1,1.0,7.0
201000025633,0010-02-12 17:00:00,10,2,12,17,0,220,278,123 RUE DE GOUEDIC,48.50736,-2.75097,Plein jour,En agglomération,Hors intersection,Normale,Deux véhicules - arrière,,,,,,,,,,,1,2,1,1.0,2.0
201000025634,0010-02-15 07:20:00,10,2,15,7,20,220,278,RUE DU TERTRE AUX LIEVRE,48.50947,-2.75471,Crépuscule ou aube,En agglomération,Hors intersection,Normale,Autre collision,,,,,,,,,,,2,2,1,1.0,6.0
201000025635,0010-02-19 17:45:00,10,2,19,17,45,220,215,R. Gde VILLEMAIN/SENSIE,48.47982,-2.82401,Plein jour,Hors agglomération,Intersection en Y,Normale,Deux véhicules - frontale,,,,,,,,,,,1,1,4,1.0,1.0
201000025636,0010-02-19 17:55:00,10,2,19,17,55,220,278,R BECQUEREL/PEGUY,48.49763,-2.74821,Plein jour,En agglomération,Giratoire,Normale,Deux véhicules - côté,,,,,,,,,,,1,2,6,1.0,3.0
201000025637,0010-02-19 19:40:00,10,2,19,19,40,220,278,Rues COURBET/Dr CHARCOT,48.52133,-2.7284,Nuit avec éclairage allumé,En agglomération,Intersection en X,Normale,Deux véhicules - frontale,,,,,,,,,,,5,2,2,1.0,1.0
201000025638,0010-02-20 12:40:00,10,2,20,12,40,220,106,RUE DES GREVES,48.50008,-2.69232,Plein jour,Hors agglomération,Hors intersection,Normale,Deux véhicules - côté,,,,,,,,,,,1,1,1,1.0,3.0
201000025639,0010-02-24 07:55:00,10,2,24,7,55,220,106,29 RUE DES MADIERES,48.49368,-2.69523,Crépuscule ou aube,En agglomération,Intersection en T,Normale,Deux véhicules - côté,,,,,,,,,,,2,2,3,1.0,3.0
201000025640,0010-02-25 08:55:00,10,2,25,8,55,220,278,RUE H. BECQUEREL,48.4977,-2.74828,Plein jour,En agglomération,Giratoire,Normale,Deux véhicules - côté,,,,,,,,,,,1,2,6,1.0,3.0
201000025641,0010-02-25 18:25:00,10,2,25,18,25,220,360,Rd Pt BREZILLET/MAUPASSA,48.49387,-2.76298,Plein jour,Hors agglomération,Giratoire,Normale,Trois véhicules et plus - en chaîne,,,,,,,,,,,1,1,6,1.0,4.0
201000025642,0010-03-01 08:25:00,10,3,1,8,25,220,278,Bd Robert SCHUMAN,48.51041,-2.78347,Plein jour,En agglomération,Giratoire,Autre,Sans collision,,,,,,,,,,,1,2,6,9.0,7.0
201000025643,0010-03-03 13:40:00,10,3,3,13,40,220,360,RUE DES CHATELETS,48.46121,-2.78373,Plein jour,Hors agglomération,Giratoire,Normale,Sans collision,,,,,,,,,,,1,1,6,1.0,7.0
201000025644,0010-03-06 01:20:00,10,3,6,1,20,220,278,11 rue de BREST,48.51215,-2.76725,Nuit avec éclairage allumé,En agglomération,Hors intersection,Normale,Sans collision,,,,,,,,,,,5,2,1,1.0,7.0
201000025645,0010-03-10 18:30:00,10,3,10,18,30,220,278,RUE BALZAC,48.51412,-2.74526,Plein jour,En agglomération,Hors intersection,Normale,Autre collision,,,,,,,,,,,1,2,1,1.0,6.0
201000025646,0010-03-11 07:40:00,10,3,11,7,40,220,278,RUE PROUSTBretl CD700,48.49685,-2.7511,Crépuscule ou aube,En agglomération,Intersection en T,Normale,Deux véhicules - côté,,,,,,,,,,,2,2,3,1.0,3.0
201000025647,0010-03-11 18:15:00,10,3,11,18,15,220,278,RUE DES GALLOIS,48.49568,-2.74544,Plein jour,En agglomération,Hors intersection,Normale,Sans collision,,,,,,,,,,,1,2,1,1.0,7.0
201000025648,0010-03-14 18:20:00,10,3,14,18,20,220,278,RUE LOUIS JOUVET,48.50272,-2.75576,Plein jour,En agglomération,Hors intersection,Normale,Autre collision,,,,,,,,,,,1,2,1,1.0,6.0
201000025649,0010-03-13 19:00:00,10,3,13,19,0,220,106,RUE DE RENNES,48.49282,-2.70857,Plein jour,En agglomération,Giratoire,Normale,Deux véhicules - côté,,,,,,,,,,,1,2,6,1.0,3.0
201000025650,0010-03-19 15:25:00,10,3,19,15,25,220,215,RUE DES QUARTIERS/VERGER,48.49479,-2.79641,Plein jour,En agglomération,Intersection en X,Normale,Deux véhicules - arrière,,,,,,,,,,,1,2,2,1.0,2.0
201000025651,0010-03-23 19:45:00,10,3,23,19,45,220,278,RUE JULES VALLES,48.50095,-2.74515,Crépuscule ou aube,En agglomération,Hors intersection,Normale,Sans collision,,,,,,,,,,,2,2,1,1.0,7.0
201000025652,0010-03-24 15:05:00,10,3,24,15,5,220,215,54 RUE DES VILLES MOISAN,48.49721,-2.7734,Plein jour,En agglomération,Hors intersection,Normale,Autre collision,,,,,,,,,,,1,2,1,1.0,6.0
201000025653,0010-03-25 08:25:00,10,3,25,8,25,220,278,RN 12 CHAPTAL,48.50413,-2.73158,Plein jour,Hors agglomération,Hors intersection,Pluie légère,Trois véhicules et plus - en chaîne,,,,,,,,,,,1,1,1,2.0,4.0
201000025654,0010-03-30 01:15:00,10,3,30,1,15,220,215,RUE DE ST BARTHELEMY,48.51682,-2.80911,Nuit avec éclairage non allumé,En agglomération,Hors intersection,Normale,Sans collision,,,,,,,,,,,4,2,1,1.0,7.0
201000025655,0010-03-30 11:55:00,10,3,30,11,55,220,278,PARK GOUEDIC/R GOUEDIC,48.5103,-2.75626,Plein jour,En agglomération,Intersection en T,Normale,Deux véhicules - côté,,,,,,,,,,,1,2,3,1.0,3.0
201000025656,0010-03-30 12:25:00,10,3,30,12,25,220,360,RN 12,48.49442,-2.72382,Plein jour,Hors agglomération,Hors intersection,Pluie légère,Sans collision,,,,,,,,,,,1,1,1,2.0,7.0
201000025657,0010-03-31 12:20:00,10,3,31,12,20,220,215,RUE DU CARPONT,48.50108,-2.77953,Plein jour,En agglomération,Giratoire,Normale,Deux véhicules - côté,,,,,,,,,,,1,2,6,1.0,3.0
201000025658,0010-04-04 17:20:00,10,4,4,17,20,220,278,11 RUE ABBE FLEURY,48.51746,-2.75915,Plein jour,En agglomération,Hors intersection,Normale,Autre collision,,,,,,,,,,,1,2,1,1.0,6.0
201000025659,0010-04-05 09:30:00,10,4,5,9,30,220,278,RUE E ROSTAND/MEHEUST,48.51641,-2.73496,Plein jour,En agglomération,Intersection en T,Normale,Deux véhicules - côté,,,,,,,,,,,1,2,3,1.0,3.0
201000025660,0010-04-05 18:10:00,10,4,5,18,10,220,278,"16, MANSART",48.51828,-2.77589,Plein jour,En agglomération,Intersection en T,Normale,Deux véhicules - côté,,,,,,,,,,,1,2,3,1.0,3.0
201000025661,0010-04-07 08:35:00,10,4,7,8,35,220,215,R VILLES MOISAN/PREE,48.49519,-2.77589,Plein jour,Hors agglomération,Intersection en Y,Normale,Deux véhicules - côté,,,,,,,,,,,1,1,4,1.0,3.0
201000025662,0010-04-07 20:05:00,10,4,7,20,5,220,278,7 RUE Edmond ROSTAND,48.51371,-2.73748,Crépuscule ou aube,En agglomération,Hors intersection,Normale,Deux véhicules - côté,,,,,,,,,,,2,2,1,1.0,3.0
201000025663,0010-04-10 18:08:00,10,4,10,18,8,220,215,Rue PONT PIERRE/DOUETS,48.50661,-2.81223,Plein jour,En agglomération,Giratoire,Normale,Deux véhicules - côté,,,,,,,,,,,1,2,6,1.0,3.0
201000025664,0010-04-11 19:40:00,10,4,11,19,40,220,278,"52, PENTHIEVRE (DE)",,,Plein jour,En agglomération,Hors intersection,Normale,Sans collision,,,,,,,,,,,1,2,1,1.0,7.0
201000025665,0010-04-13 17:15:00,10,4,13,17,15,220,360,RN 12,48.48288,-2.69608,Plein jour,Hors agglomération,Hors intersection,Normale,Deux véhicules - côté,,,,,,,,,,,1,1,1,1.0,3.0
201000025666,0010-04-15 16:20:00,10,4,15,16,20,220,215,RUE DU 14 Juillet 1789,48.50112,-2.78026,Plein jour,En agglomération,Giratoire,Normale,Deux véhicules - côté,,,,,,,,,,,1,2,6,1.0,3.0
201000025667,0010-04-17 03:00:00,10,4,17,3,0,220,278,RUE COLBERT,48.51749,-2.77016,Nuit avec éclairage allumé,En agglomération,Hors intersection,Normale,Sans collision,,,,,,,,,,,5,2,1,1.0,7.0
201000025668,0010-04-18 03:40:00,10,4,18,3,40,220,278,H BECQUEREL/Rd PT GALLOI,48.49717,-2.74762,Nuit avec éclairage allumé,En agglomération,Giratoire,Normale,Sans collision,,,,,,,,,,,5,2,6,1.0,7.0
201000025669,0010-04-23 16:35:00,10,4,23,16,35,220,215,RUE DU PONT NOIR,48.4898,-2.84238,Plein jour,Hors agglomération,Hors intersection,Normale,Sans collision,,,,,,,,,,,1,1,1,1.0,7.0
201000025670,0010-05-02 12:05:00,10,5,2,12,5,220,215,RUE JEAN ROSTAND,48.48273,-2.79344,Plein jour,Hors agglomération,Giratoire,Normale,Deux véhicules - côté,,,,,,,,,,,1,1,6,1.0,3.0
201000025671,0010-05-03 16:25:00,10,5,3,16,25,220,278,2 RUE LYCEENS MARTYRS,48.51239,-2.76223,Plein jour,En agglomération,Hors intersection,Normale,Deux véhicules - arrière,,,,,,,,,,,1,2,1,1.0,2.0
201000025672,0010-05-03 18:30:00,10,5,3,18,30,220,360,Rond Point BREZILLET,48.49394,-2.76292,Plein jour,Hors agglomération,Giratoire,Normale,Trois véhicules et plus - collisions multiples,,,,,,,,,,,1,1,6,1.0,5.0
201000025673,0010-05-08 00:01:00,10,5,8,0,1,220,215,RUE MERLET/DU PLAN,48.49123,-2.80667,Nuit avec éclairage allumé,En agglomération,Intersection en Y,Normale,Deux véhicules - côté,,,,,,,,,,,5,2,4,1.0,3.0