accident_id,datetime,annee,mois,jour,heure,minute,departement,commune_insee,adresse,latitude,longitude,luminosite,agglomeration,intersection,meteo,collision,nb_vehicules,nb_usagers,nb_indemnes,nb_tues,nb_blesses_hosp,nb_blesses_legers,age_cond_1,age_cond_2,veh_type_cond_1,veh_type_cond_2,lum_code,agg_code,int_code,atm_code,col_code
201000025674,0010-05-10 17:45:00,10,5,10,17,45,220,278,62 Bd CHARNER,48.50857,-2.77044,Plein jour,En agglomération,Hors intersection,Normale,Autre collision,,,,,,,,,,,1,2,1,1.0,6.0
201000025675,0010-05-11 21:40:00,10,5,11,21,40,220,215,RUE DES QUARTIERS/ROSES,48.49735,-2.79014,Crépuscule ou aube,En agglomération,Intersection en X,Normale,Deux véhicules - côté,,,,,,,,,,,2,2,2,1.0,3.0
201000025676,0010-05-12 08:35:00,10,5,12,8,35,220,215,41 RUE DE BEAUCEMAINE,48.47917,-2.80885,Plein jour,Hors agglomération,Hors intersection,Normale,Sans collision,,,,,,,,,,,1,1,1,1.0,7.0
201000025677,0010-05-14 20:05:00,10,5,14,20,5,220,278,RUE DES FRERES MERLIN,48.5142,-2.76266,Plein jour,En agglomération,Hors intersection,Normale,Sans collision,,,,,,,,,,,1,2,1,1.0,7.0
201000025678,0010-05-15 12:40:00,10,5,15,12,40,220,278,"16,RUE DES PROMENADES",48.51328,-2.75834,Plein jour,En agglomération,Hors intersection,Normale,Autre collision,,,,,,,,,,,1,2,1,1.0,6.0
201000025679,0010-05-18 07:35:00,10,5,18,7,35,220,106,RN 12,48.495,-2.72381,Plein jour,Hors agglomération,Hors intersection,Normale,Deux véhicules - côté,,,,,,,,,,,1,1,1,1.0,3.0
201000025680,0010-05-20 17:55:00,10,5,20,17,55,220,215,RUE PONT NOIR/BESSIN,48.48961,-2.81676,Plein jour,En agglomération,Intersection en X,Normale,Deux véhicules - arrière,,,,,,,,,,,1,2,2,1.0,2.0
201000025681,0010-05-20 19:10:00,10,5,20,19,10,220,278,AVENUE CORNEILLE,48.51211,-2.75114,Plein jour,En agglomération,Hors intersection,Normale,Deux véhicules - arrière,,,,,,,,,,,1,2,1,1.0,2.0
201000025682,0010-05-21 14:55:00,10,5,21,14,55,220,106,RUE JULES VERNE,48.49654,-2.72769,Plein jour,Hors agglomération,Hors intersection,Normale,Autre collision,,,,,,,,,,,1,1,1,1.0,6.0
201000025683,0010-05-22 04:25:00,10,5,22,4,25,220,215,RUE QUARTIERS/Crx FICHET,48.49477,-2.79642,Nuit avec éclairage allumé,En agglomération,Intersection en X,Normale,Deux véhicules - côté,,,,,,,,,,,5,2,2,1.0,3.0
201000025684,0010-05-23 00:15:00,10,5,23,0,15,220,278,Place louis Guilloux,48.515,-2.76457,Nuit avec éclairage allumé,En agglomération,Hors intersection,Normale,Autre collision,,,,,,,,,,,5,2,1,1.0,6.0
201000025685,0010-05-23 15:03:00,10,5,23,15,3,220,278,RUE DE PARIS,48.50325,-2.73926,Plein jour,En agglomération,Intersection en T,Normale,Deux véhicules - côté,,,,,,,,,,,1,2,3,1.0,3.0
201000025686,0010-05-24 11:05:00,10,5,24,11,5,220,278,113 RUE JULES FERRY,48.50074,-2.76988,Plein jour,En agglomération,Hors intersection,Normale,Sans collision,,,,,,,,,,,1,2,1,1.0,7.0
201000025687,0010-05-25 17:15:00,10,5,25,17,15,220,278,Pl ST THERESE/RAHUEL,48.50691,-2.7503,Plein jour,En agglomération,Intersection en T,Normale,Autre collision,,,,,,,,,,,1,2,3,1.0,6.0
201000025688,0010-05-26 15:05:00,10,5,26,15,5,220,278,Rd PT des GALLOIS,48.49707,-2.74711,Plein jour,En agglomération,Giratoire,Pluie légère,Deux véhicules - côté,,,,,,,,,,,1,2,6,2.0,3.0
201000025689,0010-05-26 16:55:00,10,5,26,16,55,220,278,RUE DU 71ème RI,48.51156,-2.76446,Plein jour,En agglomération,Hors intersection,Pluie légère,Sans collision,,,,,,,,,,,1,2,1,2.0,7.0
201000025690,0010-05-27 19:15:00,10,5,27,19,15,220,106,CHEMIN DES NOUETTES,48.51875,-2.71548,Plein jour,Hors agglomération,Hors intersection,Normale,Sans collision,,,,,,,,,,,1,1,1,1.0,7.0
201000025691,0010-05-30 01:35:00,10,5,30,1,35,220,278,Av LIBERATION/DUGUESCLIN,48.51148,-2.75799,Nuit avec éclairage allumé,En agglomération,Intersection en X,Normale,Deux véhicules - côté,,,,,,,,,,,5,2,2,1.0,3.0
201000025692,0010-06-01 14:20:00,10,6,1,14,20,220,278,Bd LAENNEC,48.51152,-2.77479,Plein jour,En agglomération,Hors intersection,Pluie forte,Sans collision,,,,,,,,,,,1,2,1,3.0,7.0
201000025693,0010-06-01 22:40:00,10,6,1,22,40,220,360,2 RUE D'OUESSANT,48.48206,-2.74625,Nuit avec éclairage allumé,En agglomération,Intersection en Y,Normale,Sans collision,,,,,,,,,,,5,2,4,1.0,7.0
201000025694,0010-06-03 16:15:00,10,6,3,16,15,220,278,Rd Pt CROIX MATHIAS,48.50871,-2.77129,Plein jour,En agglomération,Hors intersection,Normale,Autre collision,,,,,,,,,,,1,2,1,1.0,6.0
201000025695,0010-06-04 08:06:00,10,6,4,8,6,220,278,16 RUE DU PARC,48.51506,-2.77018,Plein jour,En agglomération,Hors intersection,Normale,Autre collision,,,,,,,,,,,1,2,1,1.0,6.0
201000025696,0010-06-07 16:55:00,10,6,7,16,55,220,278,1 RUE DE CORNOUAILLE,48.51903,-2.79158,Plein jour,En agglomération,Hors intersection,Normale,Deux véhicules - côté,,,,,,,,,,,1,2,1,1.0,3.0
201000025697,0010-06-08 11:05:00,10,6,8,11,5,220,278,Bd ST JEAN BAPTIST SALLE,48.51925,-2.73721,Plein jour,En agglomération,Hors intersection,Normale,Sans collision,,,,,,,,,,,1,2,1,1.0,7.0
201000025698,0010-06-08 15:35:00,10,6,8,15,35,220,215,22 RUE DU GRIMOLET,48.48612,-2.79591,Plein jour,En agglomération,Hors intersection,Normale,Sans collision,,,,,,,,,,,1,2,1,1.0,7.0
201000025699,0010-06-08 18:20:00,10,6,8,18,20,220,278,32 Bd CHARNER,48.50824,-2.76655,Plein jour,En agglomération,Hors intersection,Normale,Autre collision,,,,,,,,,,,1,2,1,1.0,6.0
201000025700,0010-06-09 08:55:00,10,6,9,8,55,220,278,Pl CITE/1Rue SOLIDARITE,48.51388,-2.7401,Plein jour,En agglomération,Hors intersection,Normale,Deux véhicules - côté,,,,,,,,,,,1,2,1,1.0,3.0
201000025701,0010-06-09 12:10:00,10,6,9,12,10,220,278,RUE CHAPTAL,48.5064,-2.73235,Plein jour,En agglomération,Hors intersection,Pluie légère,Deux véhicules - arrière,,,,,,,,,,,1,2,1,2.0,2.0
201000025702,0010-06-09 17:40:00,10,6,9,17,40,220,360,RUE VALLEES/LA LANDE,48.4789,-2.7093,Plein jour,Hors agglomération,Intersection en T,Pluie forte,Deux véhicules - côté,,,,,,,,,,,1,1,3,3.0,3.0
201000025703,0010-06-10 17:03:00,10,6,10,17,3,220,278,21 Bd CHARNER,48.50852,-2.77007,Plein jour,En agglomération,Hors intersection,Pluie forte,Autre collision,,,,,,,,,,,1,2,1,3.0,6.0
201000025704,0010-06-15 17:50:00,10,6,15,17,50,220,106,RUE LAENNEC,48.49432,-2.72499,Plein jour,En agglomération,Hors intersection,Normale,Deux véhicules - arrière,,,,,,,,,,,1,2,1,1.0,2.0
201000025705,0010-06-17 12:05:00,10,6,17,12,5,220,360,RUE G. MAUPASSANT,48.49392,-2.76304,Plein jour,Hors agglomération,Hors intersection,Normale,Deux véhicules - arrière,,,,,,,,,,,1,1,1,1.0,2.0
201000025706,0010-06-22 19:10:00,10,6,22,19,10,220,278,Rue R GAUTHIER/V GUEURY,48.49036,-2.75321,Plein jour,En agglomération,Intersection en T,Normale,Deux véhicules - côté,,,,,,,,,,,1,2,3,1.0,3.0
201000025707,0010-06-23 12:45:00,10,6,23,12,45,220,278,RUE ST BARBE,48.51217,-2.76116,Plein jour,En agglomération,Hors intersection,Normale,Sans collision,,,,,,,,,,,1,2,1,1.0,7.0
201000025708,0010-06-25 12:55:00,10,6,25,12,55,220,360,RUES VERDUN/PETIT BOIS,48.48388,-2.71973,Plein jour,En agglomération,Giratoire,Normale,Trois véhicules et plus - collisions multiples,,,,,,,,,,,1,2,6,1.0,5.0
201000025709,0010-06-26 00:10:00,10,6,26,0,10,220,278,37 rue A. LE BRAZ,48.51891,-2.75541,Nuit avec éclairage allumé,En agglomération,Hors intersection,Normale,Sans collision,,,,,,,,,,,5,2,1,1.0,7.0
201000025710,0010-07-03 17:35:00,10,7,3,17,35,220,278,Bd de la Mer,48.51949,-2.74722,Plein jour,En agglomération,Hors intersection,Normale,Sans collision,,,,,,,,,,,1,2,1,1.0,7.0
201000025711,0010-07-02 18:25:00,10,7,2,18,25,220,278,RUE PROSPER MERIMEE,48.49455,-2.75301,Plein jour,En agglomération,Hors intersection,Normale,Sans collision,,,,,,,,,,,1,2,1,1.0,7.0
201000025712,0010-07-02 12:15:00,10,7,2,12,15,220,215,RUE DE LA VICTOIRE,48.50181,-2.78105,Plein jour,En agglomération,Hors intersection,Normale,Sans collision,,,,,,,,,,,1,2,1,1.0,7.0
201000025713,0010-07-08 10:55:00,10,7,8,10,55,220,278,R Dr RAHUEL/LAFAYETTE,48.50645,-2.74781,Plein jour,En agglomération,Intersection en T,Normale,Deux véhicules - côté,,,,,,,,,,,1,2,3,1.0,3.0
201000025714,0010-07-09 15:30:00,10,7,9,15,30,220,278,Avenue d'Armorique,48.51397,-2.79059,Plein jour,En agglomération,Hors intersection,Normale,Sans collision,,,,,,,,,,,1,2,1,1.0,7.0
201000025715,0010-07-14 16:40:00,10,7,14,16,40,220,278,RUE G. APOLLINAIRE,48.49717,-2.74703,Plein jour,En agglomération,Hors intersection,Normale,Autre collision,,,,,,,,,,,1,2,1,1.0,6.0
201000025716,0010-07-15 19:05:00,10,7,15,19,5,220,278,Avenue Corneille,48.51196,-2.74526,Plein jour,En agglomération,Hors intersection,Normale,Deux véhicules - arrière,,,,,,,,,,,1,2,1,1.0,2.0
201000025717,0010-07-24 15:50:00,10,7,24,15,50,220,106,RN 12,48.50122,-2.72822,Plein jour,En agglomération,Hors intersection,Normale,Deux véhicules - arrière,,,,,,,,,,,1,2,1,1.0,2.0
201000025718,0010-07-24 16:45:00,10,7,24,16,45,220,278,RUE AMPERE,48.50521,-2.73435,Plein jour,En agglomération,Giratoire,Normale,Deux véhicules - arrière,,,,,,,,,,,1,2,6,1.0,2.0
201000025719,0010-07-21 20:10:00,10,7,21,20,10,220,360,"0, GUYNEMER (RUE DU DR)",48.49408,-2.73858,Plein jour,En agglomération,Hors intersection,Normale,Sans collision,,,,,,,,,,,1,2,1,1.0,7.0
201000025720,0010-07-29 21:30:00,10,7,29,21,30,220,106,RUE DE BREST,48.50068,-2.72952,Crépuscule ou aube,En agglomération,Hors intersection,Normale,Sans collision,,,,,,,,,,,2,2,1,1.0,7.0
201000025721,0010-07-29 22:10:00,10,7,29,22,10,220,106,RUE DE BREST,48.50068,-2.72948,Nuit avec éclairage allumé,En agglomération,Hors intersection,Normale,Sans collision,,,,,,,,,,,5,2,1,1.0,7.0
201000025722,0010-07-29 22:30:00,10,7,29,22,30,220,106,3 rue des GREVES,48.49073,-2.68219,Nuit avec éclairage allumé,En agglomération,Hors intersection,Normale,Sans collision,,,,,,,,,,,5,2,1,1.0,7.0
201000025723,0010-08-04 14:35:00,10,8,4,14,35,220,215,RUE DE MERLET,48.48963,-2.81677,Plein jour,Hors agglomération,Intersection en X,Normale,Deux véhicules - côté,,,,,,,,,,,1,1,2,1.0,3.0
201000025724,0010-08-11 19:00:00,10,8,11,19,0,220,278,92 RUE LA FAYETTE,48.51154,-2.74527,Plein jour,En agglomération,Hors intersection,Normale,Autre collision,,,,,,,,,,,1,2,1,1.0,6.0
201000025725,0010-08-14 23:40:00,10,8,14,23,40,220,360,Rd Pt de Brezillet,48.49349,-2.76155,Nuit avec éclairage allumé,En agglomération,Giratoire,Normale,Deux véhicules - côté,,,,,,,,,,,5,2,6,1.0,3.0
201000025726,0010-08-17 14:00:00,10,8,17,14,0,220,278,85 RUE DE GOUEDEIC,48.50866,-2.75339,Plein jour,En agglomération,Hors intersection,Normale,Autre collision,,,,,,,,,,,1,2,1,1.0,6.0
201000025727,0010-08-17 21:05:00,10,8,17,21,5,220,278,RUES T RIBOT/G EIFFEL,48.51735,-2.7784,Plein jour,En agglomération,Intersection en X,Normale,Deux véhicules - côté,,,,,,,,,,,1,2,2,1.0,3.0
201000025728,0010-08-23 15:00:00,10,8,23,15,0,220,278,Av CORNEILLE (côté Pair),48.51196,-2.74504,Plein jour,En agglomération,Intersection en X,Normale,Deux véhicules - côté,,,,,,,,,,,1,2,2,1.0,3.0
201000025729,0010-08-23 15:10:00,10,8,23,15,10,220,360,Rd Pt Brezillet,48.4939,-2.76301,Plein jour,Hors agglomération,Giratoire,Normale,Deux véhicules - arrière,,,,,,,,,,,1,1,6,1.0,2.0
201000025730,0010-08-26 16:00:00,10,8,26,16,0,220,215,RUE Guy DE MAUPASSANT,48.4974,-2.77039,Plein jour,En agglomération,Hors intersection,Temps couvert,Sans collision,,,,,,,,,,,1,2,1,8.0,7.0
201000025731,0010-08-26 20:15:00,10,8,26,20,15,220,360,RD 700,48.49296,-2.76261,Plein jour,Hors agglomération,Hors intersection,Temps couvert,Sans collision,,,,,,,,,,,1,1,1,8.0,7.0
201000025732,0010-08-29 15:00:00,10,8,29,15,0,220,278,RUE MONGE/PARIS,48.50256,-2.73795,Plein jour,En agglomération,Intersection en X,Normale,Deux véhicules - côté,,,,,,,,,,,1,2,2,1.0,3.0
201000025733,0010-09-01 05:50:00,10,9,1,5,50,220,278,R RAHUEL/RABELAIS,48.50567,-2.74511,Nuit avec éclairage allumé,En agglomération,Intersection en X,Normale,Deux véhicules - côté,,,,,,,,,,,5,2,2,1.0,3.0
201000025734,0010-09-02 12:05:00,10,9,2,12,5,220,278,RUE ABBE GARNIER,48.5053,-2.76166,Plein jour,En agglomération,Intersection en T,Normale,Deux véhicules - côté,,,,,,,,,,,1,2,3,1.0,3.0
201000025735,0010-09-03 13:20:00,10,9,3,13,20,220,278,Av des PROMENADES,48.51468,-2.75691,Plein jour,En agglomération,Giratoire,Normale,Autre collision,,,,,,,,,,,1,2,6,1.0,6.0
201000025736,0010-09-04 16:10:00,10,9,4,16,10,220,278,RueVieille Côte de GOUET,48.52138,-2.76465,Plein jour,En agglomération,Hors intersection,Normale,Autre collision,,,,,,,,,,,1,2,1,1.0,6.0
201000025737,0010-09-07 13:40:00,10,9,7,13,40,220,278,RUE DE GOUEDIC,48.51043,-2.75642,Plein jour,En agglomération,Hors intersection,Normale,Deux véhicules - arrière,,,,,,,,,,,1,2,1,1.0,2.0
201000025738,0010-09-07 15:55:00,10,9,7,15,55,220,278,RUE BALZAC,48.51407,-2.74613,Plein jour,En agglomération,Hors intersection,Pluie forte,Deux véhicules - arrière,,,,,,,,,,,1,2,1,3.0,2.0
201000025739,0010-09-07 16:55:00,10,9,7,16,55,220,278,R J NICOLAS/DUCLOS,48.51501,-2.77945,Plein jour,En agglomération,Giratoire,Pluie légère,Deux véhicules - côté,,,,,,,,,,,1,2,6,2.0,3.0
201000025740,0010-09-09 22:30:00,10,9,9,22,30,220,215,RUE 14 JUILLET/TERTRE,48.4991,-2.7845,Nuit avec éclairage allumé,En agglomération,Intersection en T,Normale,Autre collision,,,,,,,,,,,5,2,3,1.0,6.0
201000025741,0010-09-16 12:50:00,10,9,16,12,50,220,215,RUE DU GOELO,48.48875,-2.78504,Plein jour,En agglomération,Intersection en T,Normale,Sans collision,,,,,,,,,,,1,2,3,1.0,7.0
201000025742,0010-09-18 18:15:00,10,9,18,18,15,220,278,18 RUE JEAN JAURES,48.50345,-2.76551,Plein jour,En agglomération,Hors intersection,Normale,Deux véhicules - arrière,,,,,,,,,,,1,2,1,1.0,2.0
201000025743,0010-09-16 17:00:00,10,9,16,17,0,220,106,RN 12,48.48769,-2.71927,Plein jour,Hors agglomération,Hors intersection,Normale,Deux véhicules - arrière,,,,,,,,,,,1,1,1,1.0,2.0
201000025744,0010-09-11 03:15:00,10,9,11,3,15,220,278,6 RUE ST BENOIT,48.51496,-2.75818,Nuit avec éclairage allumé,En agglomération,Hors intersection,Normale,Sans collision,,,,,,,,,,,5,2,1,1.0,7.0
201000025745,0010-09-25 12:10:00,10,9,25,12,10,220,215,RUE DU CALVAIRE,48.49191,-2.79183,Plein jour,En agglomération,Intersection en T,Normale,Deux véhicules - frontale,,,,,,,,,,,1,2,3,1.0,1.0
201000025746,0010-09-24 19:00:00,10,9,24,19,0,220,278,Avenue G POMPIDOU,48.50982,-2.73909,Plein jour,En agglomération,Hors intersection,Normale,Trois véhicules et plus - en chaîne,,,,,,,,,,,1,2,1,1.0,4.0
201000025747,0010-09-27 16:55:00,10,9,27,16,55,220,278,RUE CHARLES PRADAL,48.4985,-2.75267,Plein jour,En agglomération,Intersection en T,Normale,Deux véhicules - côté,,,,,,,,,,,1,2,3,1.0,3.0
201000025748,0010-10-02 11:45:00,10,10,2,11,45,220,278,Bd WALDECK ROUSSEAU,48.51033,-2.75675,Plein jour,En agglomération,Hors intersection,Pluie légère,Deux véhicules - arrière,,,,,,,,,,,1,2,1,2.0,2.0
201000025749,0010-10-01 14:30:00,10,10,1,14,30,220,278,12 RUE LUZEL,48.50668,-2.77278,Plein jour,En agglomération,Hors intersection,Pluie légère,Deux véhicules - arrière,,,,,,,,,,,1,2,1,2.0,2.0
201000025750,0010-10-01 17:00:00,10,10,1,17,0,220,278,Bd SEVIGNE,48.51208,-2.75731,Plein jour,En agglomération,Giratoire,Pluie légère,Sans collision,,,,,,,,,,,1,2,6,2.0,7.0
201000025751,0010-10-16 13:40:00,10,10,16,13,40,220,278,RUE AMIRAL COURBET,48.52128,-2.72923,Plein jour,En agglomération,Hors intersection,Normale,Sans collision,,,,,,,,,,,1,2,1,1.0,7.0
201000025752,0010-10-19 13:00:00,10,10,19,13,0,220,278,Bd CLEMENCEAU,48.50686,-2.76088,Plein jour,En agglomération,Hors intersection,Normale,Autre collision,,,,,,,,,,,1,2,1,1.0,6.0
201000025753,0010-10-20 10:00:00,10,10,20,10,0,220,278,49 RUE E. ROSTAND,48.5145,-2.73662,Plein jour,En agglomération,Hors intersection,Normale,Deux véhicules - arrière,,,,,,,,,,,1,2,1,1.0,2.0
201000025754,0010-10-21 13:51:00,10,10,21,13,51,220,278,Rd Pt ABERYSTWYTH,48.49822,-2.75273,Plein jour,En agglomération,Giratoire,Normale,Deux véhicules - arrière,,,,,,,,,,,1,2,6,1.0,2.0
201000025755,0010-10-24 11:35:00,10,10,24,11,35,220,215,RUE DU PONT DES ISLES,48.51827,-2.81372,Plein jour,Hors agglomération,Hors intersection,Normale,Sans collision,,,,,,,,,,,1,1,1,1.0,7.0
201000025756,0010-10-25 09:55:00,10,10,25,9,55,220,278,Bd CHARNER,48.50807,-2.76557,Plein jour,En agglomération,Hors intersection,Normale,Deux véhicules - côté,,,,,,,,,,,1,2,1,1.0,3.0
201000025757,0010-11-03 07:00:00,10,11,3,7,0,220,278,RUES GOUEDIC/LIBERATION,48.51147,-2.75794,Crépuscule ou aube,En agglomération,Intersection en T,Normale,Deux véhicules - côté,,,,,,,,,,,2,2,3,1.0,3.0
201000025758,0010-11-05 17:30:00,10,11,5,17,30,220,278,Bd Edouard PRIGENT,48.51007,-2.78152,Plein jour,En agglomération,Hors intersection,Normale,Autre collision,,,,,,,,,,,1,2,1,1.0,6.0
201000025759,0010-11-08 13:00:00,10,11,8,13,0,220,278,Bd HOCHE/P. LE FLEM,48.50522,-2.76969,Plein jour,En agglomération,Intersection en X,Temps éblouissant,Deux véhicules - côté,,,,,,,,,,,1,2,2,7.0,3.0
201000025760,0010-11-08 11:55:00,10,11,8,11,55,220,278,Av FRANCE  Bretelle Cent,48.51188,-2.74134,Plein jour,En agglomération,Hors intersection,Pluie légère,Sans collision,,,,,,,,,,,1,2,1,2.0,7.0
201000025761,0010-11-08 16:30:00,10,11,8,16,30,220,278,36 RUE HENRI WALLON,48.51281,-2.73901,Plein jour,En agglomération,Hors intersection,Normale,Deux véhicules - côté,,,,,,,,,,,1,2,1,1.0,3.0
201000025762,0010-11-09 19:10:00,10,11,9,19,10,220,278,Bd SEVIGNE,48.51278,-2.75541,Nuit avec éclairage allumé,En agglomération,Hors intersection,Pluie légère,Autre collision,,,,,,,,,,,5,2,1,2.0,6.0
201000025763,0010-11-10 01:00:00,10,11,10,1,0,220,360,"0, SAINT-BRIEUC (AVENUE",48.47413,-2.72103,Nuit sans éclairage public,Hors agglomération,Hors intersection,Pluie légère,Sans collision,,,,,,,,,,,3,1,1,2.0,7.0
201000025764,0010-11-11 13:35:00,10,11,11,13,35,220,360,RUE MARC SEGUIN,48.49317,-2.72816,Plein jour,En agglomération,Giratoire,Pluie légère,Deux véhicules - frontale,,,,,,,,,,,1,2,6,2.0,1.0
201000025765,0010-11-13 10:40:00,10,11,13,10,40,220,278,RUE AMPERE,48.50528,-2.73424,Plein jour,En agglomération,Giratoire,Pluie forte,Deux véhicules - côté,,,,,,,,,,,1,2,6,3.0,3.0
201000025766,0010-11-15 13:50:00,10,11,15,13,50,220,278,Bd Clémenceau,48.51104,-2.75915,Plein jour,En agglomération,Giratoire,Normale,Deux véhicules - côté,,,,,,,,,,,1,2,6,1.0,3.0
201000025767,0010-11-17 18:30:00,10,11,17,18,30,220,106,RN 12,48.48332,-2.70046,Nuit sans éclairage public,Hors agglomération,Hors intersection,Normale,Deux véhicules - arrière,,,,,,,,,,,3,1,1,1.0,2.0
201000025768,0010-11-18 17:30:00,10,11,18,17,30,220,215,RUE PIERRE DE COUBERTIN,48.49461,-2.76249,Plein jour,Hors agglomération,Hors intersection,Normale,Trois véhicules et plus - collisions multiples,,,,,,,,,,,1,1,1,1.0,5.0
201000025769,0010-11-18 17:00:00,10,11,18,17,0,220,278,RUE DE PARIS,48.50551,-2.74475,Crépuscule ou aube,En agglomération,Intersection en T,Normale,Deux véhicules - côté,,,,,,,,,,,2,2,3,1.0,3.0
201000025770,0010-11-21 00:25:00,10,11,21,0,25,220,278,Avenue G. POMPIDOU,48.51199,-2.74168,Nuit avec éclairage allumé,Hors agglomération,Hors intersection,Normale,Sans collision,,,,,,,,,,,5,1,1,1.0,7.0
201000025771,0010-11-19 16:10:00,10,11,19,16,10,220,215,RUE DU PONT NOIR,48.48704,-2.82804,Plein jour,Hors agglomération,Hors intersection,Normale,Sans collision,,,,,,,,,,,1,1,1,1.0,7.0
201000025772,0010-11-17 18:40:00,10,11,17,18,40,220,215,RUE DE GRANDE VILLEMAIN,48.4801,-2.82387,Nuit sans éclairage public,Hors agglomération,Hors intersection,Pluie légère,Sans collision,,,,,,,,,,,3,1,1,2.0,7.0
201000025773,0010-11-18 20:30:00,10,11,18,20,30,220,278,RUE DE L'EUROPE,48.51528,-2.74295,Nuit sans éclairage public,En agglomération,Hors intersection,Normale,Deux véhicules - frontale,,,,,,,,,,,3,2,1,1.0,1.0
201000025774,0010-11-22 18:50:00,10,11,22,18,50,220,278,RUE DU DR RAHUEL,48.50724,-2.75073,Nuit avec éclairage allumé,En agglomération,Hors intersection,Pluie légère,Autre collision,,,,,,,,,,,5,2,1,2.0,6.0
201000025775,0010-11-26 14:35:00,10,11,26,14,35,220,278,Bd CLEMENCEAU,48.51063,-2.75922,Plein jour,En agglomération,Giratoire,Temps éblouissant,Autre collision,,,,,,,,,,,1,2,6,7.0,6.0
201000025776,0010-11-28 18:05:00,10,11,28,18,5,220,215,Rue Pierre de Coubertin,48.49866,-2.76489,Nuit avec éclairage allumé,En agglomération,Hors intersection,Normale,Autre collision,,,,,,,,,,,5,2,1,1.0,6.0
201000025777,0010-11-29 07:25:00,10,11,29,7,25,220,215,RUE VILLE MOISAN/Bretell,48.4982,-2.77246,Crépuscule ou aube,En agglomération,Giratoire,Temps couvert,Deux véhicules - côté,,,,,,,,,,,2,2,6,8.0,3.0
201000025778,0010-12-07 12:30:00,10,12,7,12,30,220,278,Rd Pt PABLO NERUDA,48.51926,-2.79154,Plein jour,En agglomération,Giratoire,Normale,Deux véhicules - côté,,,,,,,,,,,1,2,6,1.0,3.0
201000025779,0010-12-10 05:05:00,10,12,10,5,5,220,360,RD 700,48.48327,-2.7655,Nuit sans éclairage public,Hors agglomération,Hors intersection,Normale,Deux véhicules - arrière,,,,,,,,,,,3,1,1,1.0,2.0
201000025780,0010-12-13 11:55:00,10,12,13,11,55,220,360,RUE SAMBRE ET MEUSE,48.47043,-2.76944,Plein jour,Hors agglomération,Hors intersection,Normale,Sans collision,,,,,,,,,,,1,1,1,1.0,7.0
201000025781,0010-12-14 09:10:00,10,12,14,9,10,220,278,Rd Pt PABLO NERUDA,48.51916,-2.7918,Plein jour,En agglomération,Giratoire,Autre,Sans collision,,,,,,,,,,,1,2,6,9.0,7.0
201000025782,0010-12-14 11:00:00,10,12,14,11,0,220,360,14 RUE DES ROCHERS,48.47036,-2.75165,Plein jour,Hors agglomération,Hors intersection,Normale,Sans collision,,,,,,,,,,,1,1,1,1.0,7.0
201000025783,0010-12-16 17:10:00,10,12,16,17,10,220,278,RUE DE GOUEDIC,48.51024,-2.75619,Plein jour,En agglomération,Hors intersection,Normale,Autre collision,,,,,,,,,,,1,2,1,1.0,6.0
201000025784,0010-12-18 18:40:00,10,12,18,18,40,220,215,RUE DE MERLET,48.49036,-2.80978,Nuit sans éclairage public,Hors agglomération,Hors intersection,Autre,Sans collision,,,,,,,,,,,3,1,1,9.0,7.0
201000025785,0010-12-19 18:55:00,10,12,19,18,55,220,278,R PONT CHAPET/TREGUEUX,48.50361,-2.76221,Nuit avec éclairage allumé,En agglomération,Giratoire,Normale,Deux véhicules - côté,,,,,,,,,,,5,2,6,1.0,3.0
201000025786,0010-12-20 08:55:00,10,12,20,8,55,220,278,Bd HAREL DE LA NOE,48.52165,-2.7506,Plein jour,En agglomération,Hors intersection,Autre,Sans collision,,,,,,,,,,,1,2,1,9.0,7.0
201000025787,0010-12-20 09:10:00,10,12,20,9,10,220,215,2 RUE DES QUARTIERS,48.49484,-2.79631,Plein jour,En agglomération,Intersection en X,Autre,Sans collision,,,,,,,,,,,1,2,2,9.0,7.0
201000025788,0010-12-20 09:15:00,10,12,20,9,15,220,278,RUE DE TREGUEUX,48.50021,-2.7565,Plein jour,En agglomération,Hors intersection,Autre,Sans collision,,,,,,,,,,,1,2,1,9.0,7.0
201000025789,0010-12-22 02:15:00,10,12,22,2,15,220,278,RUE DE BREST,48.51358,-2.76911,Nuit avec éclairage allumé,En agglomération,Hors intersection,Normale,Sans collision,,,,,,,,,,,5,2,1,1.0,7.0
201000025790,0010-11-29 18:15:00,10,11,29,18,15,220,278,ROCHE GAUTIER/ABERYSWYTH,48.49751,-2.75266,Crépuscule ou aube,En agglomération,Giratoire,Normale,Autre collision,,,,,,,,,,,2,2,6,1.0,6.0
201000025791,0010-12-26 18:00:00,10,12,26,18,0,220,215,RUES Gde METAIRIE/VERGER,48.49478,-2.79643,Plein jour,En agglomération,Intersection en X,Normale,Deux véhicules - frontale,,,,,,,,,,,1,2,2,1.0,1.0
201000025792,0010-12-26 21:05:00,10,12,26,21,5,220,278,Avenue CORNEILLE,48.51202,-2.74622,Nuit avec éclairage allumé,En agglomération,Hors intersection,Normale,Sans collision,,,,,,,,,,,5,2,1,1.0,7.0
201000025793,0010-12-28 00:15:00,10,12,28,0,15,220,278,9 CORNEILLE côté impair,48.51225,-2.75175,Nuit avec éclairage allumé,En agglomération,Intersection en Y,Pluie forte,Deux véhicules - côté,,,,,,,,,,,5,2,4,3.0,3.0
201000025794,0010-12-29 18:40:00,10,12,29,18,40,220,278,9 Bd CHARNER,48.50833,-2.76856,Nuit avec éclairage allumé,En agglomération,Hors intersection,Pluie légère,Deux véhicules - côté,,,,,,,,,,,5,2,1,2.0,3.0