accident_id,datetime,annee,mois,jour,heure,minute,departement,commune_insee,adresse,latitude,longitude,luminosite,agglomeration,intersection,meteo,collision,nb_vehicules,nb_usagers,nb_indemnes,nb_tues,nb_blesses_hosp,nb_blesses_legers,age_cond_1,age_cond_2,veh_type_cond_1,veh_type_cond_2,lum_code,agg_code,int_code,atm_code,col_code
201000025795,0010-12-30 16:40:00,10,12,30,16,40,220,278,RUE ABBE GARNIER,48.5058,-2.76138,Plein jour,En agglomération,Hors intersection,Normale,Deux véhicules - côté,,,,,,,,,,,1,2,1,1.0,3.0
201000025796,0010-01-15 16:50:00,10,1,15,16,50,230,96,"1, CORNEILLE (RUE PIERRE",,,Plein jour,En agglomération,Hors intersection,Normale,Sans collision,,,,,,,,,,,1,2,1,1.0,7.0
201000025797,0010-02-18 10:40:00,10,2,18,10,40,230,96,"13, BONNYAUD (PLACE)",,,Plein jour,En agglomération,Hors intersection,Normale,Autre collision,,,,,,,,,,,1,2,1,1.0,6.0
201000025798,0010-03-02 10:52:00,10,3,2,10,52,230,96,CASSIN (AVENUE RENE),,,Plein jour,En agglomération,Hors intersection,Normale,Deux véhicules - arrière,,,,,,,,,,,1,2,1,1.0,2.0
201000025799,0010-05-13 16:15:00,10,5,13,16,15,230,96,940 (ROUTE DEPARTEMENTAL,,,Plein jour,Hors agglomération,Hors intersection,Normale,Sans collision,,,,,,,,,,,1,1,1,1.0,7.0
201000025800,0010-05-14 16:45:00,10,5,14,16,45,230,96,CARNOT (BOULEVARD),,,Plein jour,En agglomération,Hors intersection,Normale,Autre collision,,,,,,,,,,,1,2,1,1.0,6.0
201000025801,0010-05-19 17:50:00,10,5,19,17,50,230,96,"30, STALINGRAD (RUE DE)",,,Plein jour,En agglomération,Hors intersection,Normale,Deux véhicules - côté,,,,,,,,,,,1,2,1,1.0,3.0
201000025802,0010-06-20 04:20:00,10,6,20,4,20,230,96,"0, LECLERC (RUE DU MAREC",,,Nuit avec éclairage allumé,En agglomération,Hors intersection,Normale,Sans collision,,,,,,,,,,,5,2,1,1.0,7.0
201000025803,0010-06-28 08:35:00,10,6,28,8,35,230,96,"37, BONNYAUD (PLACE)",,,Plein jour,En agglomération,Hors intersection,Normale,Autre collision,,,,,,,,,,,1,2,1,1.0,6.0
201000025804,0010-06-30 16:45:00,10,6,30,16,45,230,96,ROUTE DE MASFOREAU,,,Plein jour,Hors agglomération,Hors intersection,Autre,Sans collision,,,,,,,,,,,1,1,1,9.0,7.0
201000025805,0010-07-05 10:00:00,10,7,5,10,0,230,96,"27, CARNOT (BOULEVARD)",,,Plein jour,En agglomération,Hors intersection,Normale,Deux véhicules - côté,,,,,,,,,,,1,2,1,1.0,3.0
201000025806,0010-07-15 15:20:00,10,7,15,15,20,230,96,CASSIN (AVENUE RENE),,,Plein jour,En agglomération,Hors intersection,Normale,Deux véhicules - côté,,,,,,,,,,,1,2,1,1.0,3.0
201000025807,0010-07-18 15:30:00,10,7,18,15,30,230,96,GUILLON ( RUE ALEXANDRE),,,Plein jour,En agglomération,Hors intersection,Normale,Deux véhicules - arrière,,,,,,,,,,,1,2,1,1.0,2.0
201000025808,0010-09-23 13:30:00,10,9,23,13,30,230,96,"37, CHER DU PRAT (ROUTE",,,Plein jour,En agglomération,Hors intersection,Normale,Deux véhicules - côté,,,,,,,,,,,1,2,1,1.0,3.0
201000025809,0010-10-08 21:25:00,10,10,8,21,25,230,96,"15, CARNOT (BOULEVARD)",,,Nuit avec éclairage allumé,En agglomération,Hors intersection,Normale,Autre collision,,,,,,,,,,,5,2,1,1.0,6.0
201000025810,0010-10-20 16:05:00,10,10,20,16,5,230,96,"43, CASSIN (AVENUE RENE)",,,Plein jour,Hors agglomération,Hors intersection,Normale,Autre collision,,,,,,,,,,,1,1,1,1.0,6.0
201000025811,0010-03-20 12:30:00,10,3,20,12,30,330,389,résidence belli via,,,Plein jour,En agglomération,Hors intersection,Pluie légère,Autre collision,,,,,,,,,,,1,2,1,2.0,6.0
201000025812,0010-04-27 16:00:00,10,4,27,16,0,330,184,,45.172,-0.543,Plein jour,Hors agglomération,Intersection en X,Normale,Deux véhicules - arrière,,,,,,,,,,,1,1,2,1.0,2.0
201000025813,0010-06-26 15:00:00,10,6,26,15,0,330,351,,45.218,-0.491,Plein jour,Hors agglomération,Hors intersection,Normale,Sans collision,,,,,,,,,,,1,1,1,1.0,7.0
201000025814,0010-06-26 17:45:00,10,6,26,17,45,330,159,,45.227,-0.572,Plein jour,En agglomération,Hors intersection,Normale,Deux véhicules - frontale,,,,,,,,,,,1,2,1,1.0,1.0
201000025815,0010-06-26 17:15:00,10,6,26,17,15,330,326,,45.363,-0.573,Plein jour,Hors agglomération,Hors intersection,Normale,Deux véhicules - côté,,,,,,,,,,,1,1,1,1.0,3.0
201000025816,0010-07-06 18:45:00,10,7,6,18,45,330,267,,45.267,-0.542,Plein jour,Hors agglomération,Hors intersection,Normale,Sans collision,,,,,,,,,,,1,1,1,1.0,7.0
201000025817,0010-08-11 17:45:00,10,8,11,17,45,330,6,,45.21,-0.65,Plein jour,Hors agglomération,Hors intersection,Pluie légère,Deux véhicules - frontale,,,,,,,,,,,1,1,1,2.0,1.0
201000025818,0010-01-05 19:30:00,10,1,5,19,30,240,181,,44.77,0.442,Nuit sans éclairage public,Hors agglomération,Hors intersection,Normale,Sans collision,,,,,,,,,,,3,1,1,1.0,7.0
201000025819,0010-01-14 21:30:00,10,1,14,21,30,240,267,,,,Nuit sans éclairage public,Hors agglomération,Hors intersection,Normale,Sans collision,,,,,,,,,,,3,1,1,1.0,7.0
201000025820,0010-02-28 17:30:00,10,2,28,17,30,240,433,,44.726,0.425,Plein jour,Hors agglomération,Hors intersection,Normale,Autre collision,,,,,,,,,,,1,1,1,1.0,6.0
201000025821,0010-03-18 17:30:00,10,3,18,17,30,240,374,D19,44.798,0.599,Plein jour,En agglomération,Intersection en X,Normale,Deux véhicules - côté,,,,,,,,,,,1,2,2,1.0,3.0
201000025822,0010-03-29 18:00:00,10,3,29,18,0,240,349,,,,Plein jour,Hors agglomération,Hors intersection,Pluie forte,Autre collision,,,,,,,,,,,1,1,1,3.0,6.0
201000025823,0010-04-04 17:00:00,10,4,4,17,0,240,167,La Galinière,,,Plein jour,En agglomération,Hors intersection,Normale,Sans collision,,,,,,,,,,,1,2,1,1.0,7.0
201000025824,0010-05-14 18:00:00,10,5,14,18,0,240,132,,44.787,0.559,Plein jour,Hors agglomération,Hors intersection,Normale,Sans collision,,,,,,,,,,,1,1,1,1.0,7.0
201000025825,0010-05-20 12:30:00,10,5,20,12,30,240,357,,44.8,0.458,Plein jour,Hors agglomération,Hors intersection,Normale,Sans collision,,,,,,,,,,,1,1,1,1.0,7.0
201000025826,0010-05-31 09:00:00,10,5,31,9,0,240,274,,44.805,0.466,Plein jour,Hors agglomération,Hors intersection,Normale,Autre collision,,,,,,,,,,,1,1,1,1.0,6.0
201000025827,0010-06-07 17:15:00,10,6,7,17,15,240,45,,44.72,0.638,Plein jour,Hors agglomération,Hors intersection,Normale,Autre collision,,,,,,,,,,,1,1,1,1.0,6.0
201000025828,0010-06-13 17:00:00,10,6,13,17,0,240,167,BOULEVARD NATIONAL RD933,44.668,0.401,Plein jour,En agglomération,Hors intersection,Normale,Deux véhicules - frontale,,,,,,,,,,,1,2,1,1.0,1.0
201000025829,0010-06-15 21:00:00,10,6,15,21,0,240,349,,44.822,0.303,Crépuscule ou aube,Hors agglomération,Hors intersection,Pluie forte,Autre collision,,,,,,,,,,,2,1,1,3.0,6.0
201000025830,0010-06-23 15:15:00,10,6,23,15,15,240,523,,44.791,0.323,Plein jour,Hors agglomération,Hors intersection,Normale,Autre collision,,,,,,,,,,,1,1,1,1.0,6.0
201000025831,0010-07-13 22:00:00,10,7,13,22,0,240,276,,44.776,0.3,Nuit sans éclairage public,Hors agglomération,Hors intersection,Normale,Deux véhicules - frontale,,,,,,,,,,,3,1,1,1.0,1.0
201000025832,0010-08-06 17:30:00,10,8,6,17,30,240,276,,44.769,0.323,Plein jour,Hors agglomération,Hors intersection,Normale,Sans collision,,,,,,,,,,,1,1,1,1.0,7.0
201000025833,0010-08-13 12:00:00,10,8,13,12,0,240,331,,44.786,0.41,Plein jour,Hors agglomération,Hors intersection,Normale,Autre collision,,,,,,,,,,,1,1,1,1.0,6.0
201000025834,0010-09-08 09:00:00,10,9,8,9,0,240,126,,,,Plein jour,Hors agglomération,Hors intersection,Pluie légère,Deux véhicules - frontale,,,,,,,,,,,1,1,1,2.0,1.0
201000025835,0010-09-12 20:30:00,10,9,12,20,30,240,274,,,,Nuit sans éclairage public,Hors agglomération,Hors intersection,Normale,Autre collision,,,,,,,,,,,3,1,1,1.0,6.0
201000025836,0010-10-28 11:15:00,10,10,28,11,15,240,276,,,,Plein jour,Hors agglomération,Hors intersection,Brouillard / fumée,Autre collision,,,,,,,,,,,1,1,1,5.0,6.0
201000025837,0010-11-18 15:15:00,10,11,18,15,15,240,536,,,,Plein jour,Hors agglomération,Hors intersection,Temps couvert,Deux véhicules - frontale,,,,,,,,,,,1,1,1,8.0,1.0
201000025838,0010-11-21 06:30:00,10,11,21,6,30,240,167,,,,Nuit sans éclairage public,Hors agglomération,Hors intersection,Temps couvert,Autre collision,,,,,,,,,,,3,1,1,8.0,6.0
201000025839,0010-11-27 11:45:00,10,11,27,11,45,240,167,RUE DE LA GALINIERE,,,Plein jour,En agglomération,Hors intersection,Neige / grêle,Deux véhicules - côté,,,,,,,,,,,1,2,1,4.0,3.0
201000025840,0010-12-09 16:00:00,10,12,9,16,0,240,167,LIEU DIT BLIS,,,Plein jour,En agglomération,Hors intersection,Temps éblouissant,Deux véhicules - frontale,,,,,,,,,,,1,2,1,7.0,1.0
201000025841,0010-04-12 14:15:00,10,4,12,14,15,820,160,,44.155,0.964,Plein jour,Hors agglomération,Hors intersection,Normale,Deux véhicules - côté,,,,,,,,,,,1,1,1,1.0,3.0
201000025842,0010-04-24 20:45:00,10,4,24,20,45,820,186,cours de verdun face n15,,,Nuit avec éclairage allumé,En agglomération,Hors intersection,Normale,Autre collision,,,,,,,,,,,5,2,1,1.0,6.0
201000025843,0010-05-18 14:15:00,10,5,18,14,15,820,186,"Cité ""La Garenne""'",,,Plein jour,En agglomération,Hors intersection,Normale,Autre collision,,,,,,,,,,,1,2,1,1.0,6.0
201000025844,0010-06-12 10:45:00,10,6,12,10,45,820,73,,,,Plein jour,Hors agglomération,Hors intersection,Normale,Deux véhicules - arrière,,,,,,,,,,,1,1,1,1.0,2.0
201000025845,0010-09-04 01:45:00,10,9,4,1,45,820,49,,,,Nuit sans éclairage public,Hors agglomération,Hors intersection,Normale,Autre collision,,,,,,,,,,,3,1,1,1.0,6.0
201000025846,0010-05-27 19:00:00,10,5,27,19,0,860,77,,,,Plein jour,Hors agglomération,Hors intersection,Normale,Autre collision,,,,,,,,,,,1,1,1,1.0,6.0
201000025847,0010-07-14 08:45:00,10,7,14,8,45,860,131,,,,Plein jour,Hors agglomération,Hors intersection,Normale,Autre collision,,,,,,,,,,,1,1,1,1.0,6.0
201000025848,0010-08-30 15:00:00,10,8,30,15,0,860,140,14 chantegros,46.39,0.72,Plein jour,En agglomération,Hors intersection,Normale,Autre collision,,,,,,,,,,,1,2,1,1.0,6.0
201000025849,0010-10-22 13:45:00,10,10,22,13,45,860,140,,,,Plein jour,Hors agglomération,Hors intersection,Normale,Sans collision,,,,,,,,,,,1,1,1,1.0,7.0
201000025850,0010-02-23 08:45:00,10,2,23,8,45,180,272,,47.2709,2.73566,Plein jour,Hors agglomération,Intersection en X,Autre,Deux véhicules - côté,,,,,,,,,,,1,1,2,9.0,3.0
201000025851,0010-03-05 15:00:00,10,3,5,15,0,180,22,,47.4886,2.61868,Plein jour,Hors agglomération,Hors intersection,Normale,Autre collision,,,,,,,,,,,1,1,1,1.0,6.0
201000025852,0010-04-16 18:45:00,10,4,16,18,45,180,269,,47.4547,2.62388,Plein jour,Hors agglomération,Hors intersection,Normale,Sans collision,,,,,,,,,,,1,1,1,1.0,7.0
201000025853,0010-05-13 06:15:00,10,5,13,6,15,180,262,,47.3,2.87577,Crépuscule ou aube,Hors agglomération,Hors intersection,Normale,Autre collision,,,,,,,,,,,2,1,1,1.0,6.0
201000025854,0010-06-10 17:30:00,10,6,10,17,30,180,259,,47.4612,2.68806,Plein jour,Hors agglomération,Hors intersection,Pluie forte,Deux véhicules - frontale,,,,,,,,,,,1,1,1,3.0,1.0
201000025855,0010-07-08 18:00:00,10,7,8,18,0,180,20,,47.4074,2.87912,Plein jour,Hors agglomération,Intersection en X,Normale,Deux véhicules - côté,,,,,,,,,,,1,1,2,1.0,3.0
201000025856,0010-07-14 05:15:00,10,7,14,5,15,180,233,AVENUE DE LA RÉSISTANCE,47.3351,2.85786,Crépuscule ou aube,En agglomération,Hors intersection,Normale,Autre collision,,,,,,,,,,,2,2,1,1.0,6.0
201000025857,0010-07-19 19:00:00,10,7,19,19,0,180,272,,47.2608,2.7012,Plein jour,Hors agglomération,Hors intersection,Normale,Sans collision,,,,,,,,,,,1,1,1,1.0,7.0
201000025858,0010-09-12 18:30:00,10,9,12,18,30,180,259,,47.4616,2.6905,Plein jour,Hors agglomération,Hors intersection,Normale,Trois véhicules et plus - collisions multiples,,,,,,,,,,,1,1,1,1.0,5.0
201000025859,0010-10-26 20:00:00,10,10,26,20,0,180,246,"D13, ROUTE DU PUITSFORT",47.4422,2.80855,Plein jour,En agglomération,Hors intersection,Normale,Sans collision,,,,,,,,,,,1,2,1,1.0,7.0
201000025860,0010-02-15 10:45:00,10,2,15,10,45,370,228,,47.2852,0.14411,Plein jour,Hors agglomération,Hors intersection,Normale,Deux véhicules - arrière,,,,,,,,,,,1,1,1,1.0,2.0
201000025861,0010-03-15 10:30:00,10,3,15,10,30,370,72,RUE ANATOLE FRANCE,,,Plein jour,En agglomération,Hors intersection,Normale,Autre collision,,,,,,,,,,,1,2,1,1.0,6.0
201000025862,0010-04-05 12:45:00,10,4,5,12,45,370,193,,47.2821,0.21835,Plein jour,Hors agglomération,Hors intersection,Normale,Autre collision,,,,,,,,,,,1,1,1,1.0,6.0
201000025863,0010-05-03 20:15:00,10,5,3,20,15,370,202,,47.1275,0.19244,Plein jour,Hors agglomération,Hors intersection,Normale,Deux véhicules - côté,,,,,,,,,,,1,1,1,1.0,3.0
201000025864,0010-05-06 08:00:00,10,5,6,8,0,370,11,,,,Plein jour,Hors agglomération,Hors intersection,Normale,Deux véhicules - frontale,,,,,,,,,,,1,1,1,1.0,1.0
201000025865,0010-05-11 11:30:00,10,5,11,11,30,370,72,LE GRAND CARROI,47.1797,0.26177,Plein jour,En agglomération,Hors intersection,Normale,Deux véhicules - côté,,,,,,,,,,,1,2,1,1.0,3.0
201000025866,0010-06-03 12:30:00,10,6,3,12,30,370,72,RUE DE LA ROCHE FAUCON,,,Plein jour,En agglomération,Hors intersection,Normale,Deux véhicules - frontale,,,,,,,,,,,1,2,1,1.0,1.0
201000025867,0010-08-20 18:30:00,10,8,20,18,30,370,72,80 QUAI JEANNE D'ARC -,47.1652,0.24292,Plein jour,En agglomération,Hors intersection,Normale,Autre collision,,,,,,,,,,,1,2,1,1.0,6.0
201000025868,0010-09-11 11:15:00,10,9,11,11,15,370,31,CARREFOUR D 635 ET D 501,,,Plein jour,En agglomération,Intersection en X,Normale,Deux véhicules - côté,,,,,,,,,,,1,2,2,1.0,3.0
201000025869,0010-09-18 11:15:00,10,9,18,11,15,370,202,,47.1803,0.2682,Plein jour,Hors agglomération,Hors intersection,Normale,Deux véhicules - côté,,,,,,,,,,,1,1,1,1.0,3.0
201000025870,0010-09-30 20:30:00,10,9,30,20,30,370,24,,47.2924,0.19711,Nuit sans éclairage public,Hors agglomération,Hors intersection,Normale,Deux véhicules - arrière,,,,,,,,,,,3,1,1,1.0,2.0
201000025871,0010-11-05 20:00:00,10,11,5,20,0,370,72,AVENUE FRANÇOIS MITERAND,,,Nuit avec éclairage allumé,En agglomération,Hors intersection,Normale,Sans collision,,,,,,,,,,,5,2,1,1.0,7.0
201000025872,0010-11-08 18:30:00,10,11,8,18,30,370,220,,,,Nuit sans éclairage public,Hors agglomération,Hors intersection,Pluie légère,Deux véhicules - frontale,,,,,,,,,,,3,1,1,2.0,1.0
201000025873,0010-12-01 06:45:00,10,12,1,6,45,370,22,RUE D ISORÉ,,,Nuit avec éclairage allumé,En agglomération,Hors intersection,Normale,Autre collision,,,,,,,,,,,5,2,1,1.0,6.0
201000025874,0010-12-17 19:45:00,10,12,17,19,45,370,248,,,,Nuit sans éclairage public,Hors agglomération,Hors intersection,Pluie légère,Deux véhicules - frontale,,,,,,,,,,,3,1,1,2.0,1.0
201000025875,0010-01-08 16:30:00,10,1,8,16,30,10,4,RUE DE VAREILLE,,,Plein jour,En agglomération,Hors intersection,Neige / grêle,Deux véhicules - arrière,,,,,,,,,,,1,2,1,4.0,2.0
201000025876,0010-01-07 10:15:00,10,1,7,10,15,10,4,RUE AIME VINGTRINIER,,,Plein jour,En agglomération,Hors intersection,Normale,Autre collision,,,,,,,,,,,1,2,1,1.0,6.0
201000025877,0010-01-18 06:45:00,10,1,18,6,45,10,4,rue Aristide BRIAND,45.962,5.352,Nuit avec éclairage allumé,En agglomération,Hors intersection,Normale,Deux véhicules - côté,,,,,,,,,,,5,2,1,1.0,3.0
201000025878,0010-01-19 23:45:00,10,1,19,23,45,10,384,,,,Nuit sans éclairage public,Hors agglomération,Hors intersection,Autre,Autre collision,,,,,,,,,,,3,1,1,9.0,6.0
201000025879,0010-01-25 18:00:00,10,1,25,18,0,10,202,,,,Nuit sans éclairage public,Hors agglomération,Hors intersection,Normale,Deux véhicules - arrière,,,,,,,,,,,3,1,1,1.0,2.0
201000025880,0010-02-17 18:45:00,10,2,17,18,45,10,7,PK3 - RD 12A,,,Nuit sans éclairage public,En agglomération,Hors intersection,Normale,Deux véhicules - frontale,,,,,,,,,,,3,2,1,1.0,1.0
201000025881,0010-03-17 13:15:00,10,3,17,13,15,10,7,,,,Plein jour,Hors agglomération,Hors intersection,Normale,Deux véhicules - frontale,,,,,,,,,,,1,1,1,1.0,1.0
201000025882,0010-04-14 07:45:00,10,4,14,7,45,10,224,,45.787,5.199,Crépuscule ou aube,Hors agglomération,Hors intersection,Brouillard / fumée,Deux véhicules - côté,,,,,,,,,,,2,1,1,5.0,3.0
201000025883,0010-05-13 18:15:00,10,5,13,18,15,10,386,,45.889,5.348,Plein jour,Hors agglomération,Giratoire,Normale,Deux véhicules - frontale,,,,,,,,,,,1,1,6,1.0,1.0
201000025884,0010-06-20 11:30:00,10,6,20,11,30,10,224,,,,Crépuscule ou aube,Hors agglomération,Hors intersection,Normale,Autre collision,,,,,,,,,,,2,1,1,1.0,6.0
201000025885,0010-06-22 17:00:00,10,6,22,17,0,10,224,,,,Plein jour,Hors agglomération,Hors intersection,Temps éblouissant,Autre collision,,,,,,,,,,,1,1,1,7.0,6.0
201000025886,0010-06-21 21:15:00,10,6,21,21,15,10,213,163 rue de la gare,,,Plein jour,En agglomération,Hors intersection,Normale,Autre collision,,,,,,,,,,,1,2,1,1.0,6.0
201000025887,0010-06-30 23:45:00,10,6,30,23,45,10,4,3 rue Amédé Bonnet,,,Nuit avec éclairage allumé,En agglomération,Hors intersection,Normale,Deux véhicules - frontale,,,,,,,,,,,5,2,1,1.0,1.0
201000025888,0010-07-03 18:15:00,10,7,3,18,15,10,47,,,,Plein jour,Hors agglomération,Hors intersection,Temps éblouissant,Trois véhicules et plus - collisions multiples,,,,,,,,,,,1,1,1,7.0,5.0
201000025889,0010-07-08 16:45:00,10,7,8,16,45,10,47,,,,Plein jour,Hors agglomération,Hors intersection,Normale,Trois véhicules et plus - collisions multiples,,,,,,,,,,,1,1,1,1.0,5.0
201000025890,0010-07-21 12:15:00,10,7,21,12,15,10,366,D40,,,Plein jour,En agglomération,Hors intersection,Normale,Deux véhicules - côté,,,,,,,,,,,1,2,1,1.0,3.0
201000025891,0010-07-26 18:00:00,10,7,26,18,0,10,4,Avenue Roger Salengro,45.96,5.34,Plein jour,En agglomération,Hors intersection,Normale,Deux véhicules - côté,,,,,,,,,,,1,2,1,1.0,3.0
201000025892,0010-07-29 22:15:00,10,7,29,22,15,10,47,route de Chazey,,,Nuit sans éclairage public,En agglomération,Hors intersection,Normale,Deux véhicules - arrière,,,,,,,,,,,3,2,1,1.0,2.0
201000025893,0010-08-08 05:45:00,10,8,8,5,45,10,8,,,,Nuit sans éclairage public,Hors agglomération,Hors intersection,Normale,Autre collision,,,,,,,,,,,3,1,1,1.0,6.0
201000025894,0010-09-21 01:15:00,10,9,21,1,15,10,345,,,,Nuit sans éclairage public,Hors agglomération,Hors intersection,Normale,Sans collision,,,,,,,,,,,3,1,1,1.0,7.0
201000025895,0010-10-01 07:30:00,10,10,1,7,30,10,390,,,,Crépuscule ou aube,Hors agglomération,Autre intersection,Brouillard / fumée,Deux véhicules - côté,,,,,,,,,,,2,1,9,5.0,3.0
201000025896,0010-10-09 21:45:00,10,10,9,21,45,10,41,croisement D77A et D5,,,Nuit avec éclairage allumé,En agglomération,Hors intersection,Normale,Autre collision,,,,,,,,,,,5,2,1,1.0,6.0
201000025897,0010-10-11 08:30:00,10,10,11,8,30,10,4,,,,Plein jour,Hors agglomération,Hors intersection,Normale,Deux véhicules - frontale,,,,,,,,,,,1,1,1,1.0,1.0
201000025898,0010-11-05 14:00:00,10,11,5,14,0,10,8,,,,Plein jour,Hors agglomération,Hors intersection,Normale,Deux véhicules - côté,,,,,,,,,,,1,1,1,1.0,3.0
201000025899,0010-12-13 06:45:00,10,12,13,6,45,10,202,,,,Nuit avec éclairage allumé,Hors agglomération,Hors intersection,Neige / grêle,Deux véhicules - côté,,,,,,,,,,,5,1,1,4.0,3.0
201000025900,0010-12-31 02:30:00,10,12,31,2,30,10,7,Coutelieu,,,Nuit avec éclairage allumé,En agglomération,Hors intersection,Normale,Autre collision,,,,,,,,,,,5,2,1,1.0,6.0
201000025901,0010-09-09 19:45:00,10,9,9,19,45,260,326,,44.342,4.807,Plein jour,Hors agglomération,Hors intersection,Normale,Deux véhicules - côté,,,,,,,,,,,1,1,1,1.0,3.0
201000025902,0010-09-15 22:30:00,10,9,15,22,30,260,93,,44.386,4.798,Nuit sans éclairage public,Hors agglomération,Hors intersection,Normale,Autre collision,,,,,,,,,,,3,1,1,1.0,6.0
201000025903,0010-09-18 05:30:00,10,9,18,5,30,260,324,,,,Nuit sans éclairage public,Hors agglomération,Hors intersection,Normale,Sans collision,,,,,,,,,,,3,1,1,1.0,7.0
201000025904,0010-11-15 15:00:00,10,11,15,15,0,260,324,,44.352,4.74,Plein jour,Hors agglomération,Hors intersection,Pluie légère,Trois véhicules et plus - collisions multiples,,,,,,,,,,,1,1,1,2.0,5.0
201000025905,0010-04-27 09:45:00,10,4,27,9,45,380,261,ROUTE DE LYON,,,Plein jour,En agglomération,Hors intersection,Normale,Autre collision,,,,,,,,,,,1,2,1,1.0,6.0
201000025906,0010-06-01 17:15:00,10,6,1,17,15,380,543,D1075/ROUTE DU BOUCHAGE,45.6471,5.49095,Plein jour,En agglomération,Hors intersection,Normale,Deux véhicules - côté,,,,,,,,,,,1,2,1,1.0,3.0
201000025907,0010-06-03 10:30:00,10,6,3,10,30,380,261,RUE FRANÇOIS PERRIN,45.685,5.459,Plein jour,En agglomération,Hors intersection,Normale,Deux véhicules - frontale,,,,,,,,,,,1,2,1,1.0,1.0
201000025908,0010-07-08 22:00:00,10,7,8,22,0,380,261,,,,Nuit sans éclairage public,Hors agglomération,Hors intersection,Normale,Autre collision,,,,,,,,,,,3,1,1,1.0,6.0
201000025909,0010-08-04 19:30:00,10,8,4,19,30,380,297,,45.688,5.451,Plein jour,Hors agglomération,Intersection en T,Normale,Deux véhicules - côté,,,,,,,,,,,1,1,3,1.0,3.0
201000025910,0010-09-26 06:00:00,10,9,26,6,0,380,12,CARREFOUR D592 / D1516,45.5874,5.60681,Nuit avec éclairage allumé,En agglomération,Intersection en T,Normale,Autre collision,,,,,,,,,,,5,2,3,1.0,6.0
201000025911,0010-10-06 14:45:00,10,10,6,14,45,380,261,ROUTE D'ARGENT,45.676,5.484,Plein jour,En agglomération,Hors intersection,Normale,Deux véhicules - arrière,,,,,,,,,,,1,2,1,1.0,2.0
201000025912,0010-10-31 11:45:00,10,10,31,11,45,380,50,,45.673,5.544,Plein jour,Hors agglomération,Hors intersection,Pluie légère,Autre collision,,,,,,,,,,,1,1,1,2.0,6.0
201000025913,0010-11-11 16:00:00,10,11,11,16,0,380,22,AVENUE PERRIOLAT,,,Plein jour,En agglomération,Hors intersection,Normale,Deux véhicules - côté,,,,,,,,,,,1,2,1,1.0,3.0
201000025914,0010-02-10 22:15:00,10,2,10,22,15,570,214,,,,Nuit sans éclairage public,Hors agglomération,Hors intersection,Normale,Sans collision,,,,,,,,,,,3,1,1,1.0,7.0
201000025915,0010-03-07 18:00:00,10,3,7,18,0,570,323,rue de la mine,,,Plein jour,En agglomération,Hors intersection,Normale,Autre collision,,,,,,,,,,,1,2,1,1.0,6.0
201000025916,0010-04-10 16:15:00,10,4,10,16,15,570,194,,49.41,6.105,Plein jour,Hors agglomération,Hors intersection,Normale,Autre collision,,,,,,,,,,,1,1,1,1.0,6.0
201000025917,0010-09-08 19:45:00,10,9,8,19,45,570,323,,49.403,6.159,Crépuscule ou aube,En agglomération,Hors intersection,Pluie légère,Deux véhicules - frontale,,,,,,,,,,,2,2,1,2.0,1.0
201000025918,0010-01-15 19:35:00,10,1,15,19,35,240,37,"69, PASTEUR (AVENUE)",,,Nuit avec éclairage allumé,En agglomération,Hors intersection,Normale,Deux véhicules - côté,,,,,,,,,,,5,2,1,1.0,3.0
201000025919,0010-02-06 20:10:00,10,2,6,20,10,240,37,"31, GUILBEAUD (RUE)",,,Nuit sans éclairage public,En agglomération,Hors intersection,Pluie légère,Autre collision,,,,,,,,,,,3,2,1,2.0,6.0
201000025920,0010-02-15 06:09:00,10,2,15,6,9,240,37,RD 936,,,Nuit sans éclairage public,Hors agglomération,Hors intersection,Autre,Autre collision,,,,,,,,,,,3,1,1,9.0,6.0
201000025921,0010-03-24 20:20:00,10,3,24,20,20,240,37,RD 32,,,Nuit avec éclairage allumé,En agglomération,Intersection en T,Normale,Deux véhicules - côté,,,,,,,,,,,5,2,3,1.0,3.0
201000025922,0010-03-25 16:15:00,10,3,25,16,15,240,37,ENTREPOT (BOULEVARD DE L,,,Plein jour,En agglomération,Intersection en T,Pluie forte,Deux véhicules - côté,,,,,,,,,,,1,2,3,3.0,3.0
201000025923,0010-04-01 10:45:00,10,4,1,10,45,240,37,"35, DE GAULLE (AVENUE DU",,,Plein jour,En agglomération,Hors intersection,Normale,Autre collision,,,,,,,,,,,1,2,1,1.0,6.0
201000025924,0010-05-10 15:30:00,10,5,10,15,30,240,37,"0, RD 32",,,Plein jour,Hors agglomération,Hors intersection,Normale,Autre collision,,,,,,,,,,,1,1,1,1.0,6.0
201000025925,0010-06-07 23:00:00,10,6,7,23,0,240,145,ROQUE (AVENUE  DE LA),,,Nuit avec éclairage allumé,Hors agglomération,Hors intersection,Normale,Autre collision,,,,,,,,,,,5,1,1,1.0,6.0
201000025926,0010-06-04 22:00:00,10,6,4,22,0,240,37,DUGUESCLIN (RUE),,,Nuit avec éclairage allumé,En agglomération,Intersection en X,Normale,Deux véhicules - côté,,,,,,,,,,,5,2,2,1.0,3.0