accident_id,datetime,annee,mois,jour,heure,minute,departement,commune_insee,adresse,latitude,longitude,luminosite,agglomeration,intersection,meteo,collision,nb_vehicules,nb_usagers,nb_indemnes,nb_tues,nb_blesses_hosp,nb_blesses_legers,age_cond_1,age_cond_2,veh_type_cond_1,veh_type_cond_2,lum_code,agg_code,int_code,atm_code,col_code
201000026055,0010-02-24 11:15:00,10,2,24,11,15,250,388,HERICOURT (ROUTE D'),,,Plein jour,En agglomération,Hors intersection,Normale,Autre collision,,,,,,,,,,,1,2,1,1.0,6.0
201000026056,0010-02-01 17:00:00,10,2,1,17,0,250,388,CHABAUD-LATOUR (AVENUE),,,Plein jour,En agglomération,Hors intersection,Neige / grêle,Autre collision,,,,,,,,,,,1,2,1,4.0,6.0
201000026057,0010-02-15 13:50:00,10,2,15,13,50,250,580,OEHMICHEN (RUE),,,Plein jour,En agglomération,Hors intersection,Normale,Deux véhicules - arrière,,,,,,,,,,,1,2,1,1.0,2.0
201000026058,0010-02-27 13:45:00,10,2,27,13,45,250,580,"03, BOILLOT (RUE GEORGES",,,Plein jour,En agglomération,Hors intersection,Normale,Autre collision,,,,,,,,,,,1,2,1,1.0,6.0
201000026059,0010-03-23 15:30:00,10,3,23,15,30,250,31,DUVERNOY (RUE DU DOCTEUR,,,Plein jour,En agglomération,Hors intersection,Normale,Autre collision,,,,,,,,,,,1,2,1,1.0,6.0
201000026060,0010-04-01 06:35:00,10,4,1,6,35,250,31,"59, GRANDE RUE",,,Crépuscule ou aube,En agglomération,Hors intersection,Normale,Sans collision,,,,,,,,,,,2,2,1,1.0,7.0
201000026061,0010-04-01 13:25:00,10,4,1,13,25,250,388,"11, FONTAINE (RUE JEAN D",,,Plein jour,En agglomération,Hors intersection,Normale,Autre collision,,,,,,,,,,,1,2,1,1.0,6.0
201000026062,0010-04-02 14:00:00,10,4,2,14,0,250,388,GAUGUIN (RUE PAUL),,,Plein jour,En agglomération,Hors intersection,Normale,Deux véhicules - côté,,,,,,,,,,,1,2,1,1.0,3.0
201000026063,0010-04-02 15:30:00,10,4,2,15,30,250,388,BETHONCOURT (ROUTE DE ),,,Plein jour,En agglomération,Hors intersection,Normale,Autre collision,,,,,,,,,,,1,2,1,1.0,6.0
201000026064,0010-04-06 20:45:00,10,4,6,20,45,250,388,"02, MOZART (RUE)",,,Nuit avec éclairage allumé,En agglomération,Hors intersection,Normale,Deux véhicules - côté,,,,,,,,,,,5,2,1,1.0,3.0
201000026065,0010-04-13 17:45:00,10,4,13,17,45,250,230,"5, AUDINCOURT (RUE D')",,,Plein jour,En agglomération,Hors intersection,Normale,Deux véhicules - frontale,,,,,,,,,,,1,2,1,1.0,1.0
201000026066,0010-04-19 12:30:00,10,4,19,12,30,250,388,"105, BESANCON (FAUBOURG",,,Plein jour,En agglomération,Hors intersection,Normale,Deux véhicules - côté,,,,,,,,,,,1,2,1,1.0,3.0
201000026067,0010-04-21 08:20:00,10,4,21,8,20,250,388,HOLLANDE (RUE DE LA PETI,,,Plein jour,En agglomération,Intersection en T,Normale,Deux véhicules - frontale,,,,,,,,,,,1,2,3,1.0,1.0
201000026068,0010-04-22 14:30:00,10,4,22,14,30,250,388,BLOCH (RUE ARMAND),,,Plein jour,En agglomération,Hors intersection,Normale,Sans collision,,,,,,,,,,,1,2,1,1.0,7.0
201000026069,0010-06-01 15:50:00,10,6,1,15,50,250,31,REVOLUTION DE 1789 AVENU,,,Plein jour,En agglomération,Hors intersection,Normale,Sans collision,,,,,,,,,,,1,2,1,1.0,7.0
201000026070,0010-06-03 17:40:00,10,6,3,17,40,250,388,"1, TOUSSAIN (RUE PIERRE)",,,Plein jour,En agglomération,Hors intersection,Normale,Deux véhicules - côté,,,,,,,,,,,1,2,1,1.0,3.0
201000026071,0010-06-10 18:30:00,10,6,10,18,30,250,388,CHAMP DU CERF (RUE DU),,,Plein jour,En agglomération,Hors intersection,Normale,Trois véhicules et plus - collisions multiples,,,,,,,,,,,1,2,1,1.0,5.0
201000026072,0010-06-10 17:50:00,10,6,10,17,50,250,388,LUDWIGSBURG (ROND POINT,,,Plein jour,En agglomération,Giratoire,Normale,Deux véhicules - côté,,,,,,,,,,,1,2,6,1.0,3.0
201000026073,0010-06-19 21:45:00,10,6,19,21,45,250,31,FORGES (PLACE DES),,,Nuit avec éclairage allumé,En agglomération,Giratoire,Normale,Autre collision,,,,,,,,,,,5,2,6,1.0,6.0
201000026074,0010-06-20 03:40:00,10,6,20,3,40,250,230,SOCHAUX (RUE DE),,,Nuit avec éclairage allumé,En agglomération,Hors intersection,Normale,Sans collision,,,,,,,,,,,5,2,1,1.0,7.0
201000026075,0010-06-23 10:40:00,10,6,23,10,40,250,580,NATETRE (RUE DE),,,Plein jour,En agglomération,Hors intersection,Normale,Sans collision,,,,,,,,,,,1,2,1,1.0,7.0
201000026076,0010-06-29 17:17:00,10,6,29,17,17,250,388,COMBE AUX BICHES (RUE DE,,,Plein jour,En agglomération,Intersection en X,Normale,Deux véhicules - frontale,,,,,,,,,,,1,2,2,1.0,1.0
201000026077,0010-06-25 18:15:00,10,6,25,18,15,250,230,", GOUDEY (RUE PHILIPPE)",,,Plein jour,En agglomération,Hors intersection,Normale,Sans collision,,,,,,,,,,,1,2,1,1.0,7.0
201000026078,0010-06-30 19:29:00,10,6,30,19,29,250,580,GEROME (ALLEE JEAN-LEON),,,Plein jour,En agglomération,Autre intersection,Normale,Autre collision,,,,,,,,,,,1,2,9,1.0,6.0
201000026079,0010-07-07 14:10:00,10,7,7,14,10,250,547,AVENUE LECLERC,,,Plein jour,En agglomération,Hors intersection,Normale,Sans collision,,,,,,,,,,,1,2,1,1.0,7.0
201000026080,0010-07-15 16:20:00,10,7,15,16,20,250,31,SELONCOURT (RUE DE),,,Plein jour,En agglomération,Intersection en T,Normale,Deux véhicules - côté,,,,,,,,,,,1,2,3,1.0,3.0
201000026081,0010-07-30 02:20:00,10,7,30,2,20,250,230,"13, MINES (RUE DES)",,,Nuit avec éclairage allumé,En agglomération,Hors intersection,Normale,Sans collision,,,,,,,,,,,5,2,1,1.0,7.0
201000026082,0010-09-09 08:28:00,10,9,9,8,28,250,388,LUDWIGSBURG (AVENUE DE),,,Plein jour,En agglomération,Hors intersection,Normale,Sans collision,,,,,,,,,,,1,2,1,1.0,7.0
201000026083,0010-09-10 15:48:00,10,9,10,15,48,250,580,VILLEDIEU (RUE),,,Plein jour,En agglomération,Hors intersection,Normale,Autre collision,,,,,,,,,,,1,2,1,1.0,6.0
201000026084,0010-09-21 17:15:00,10,9,21,17,15,250,388,RAVEL (RUE MAURICE),,,Plein jour,En agglomération,Hors intersection,Normale,Sans collision,,,,,,,,,,,1,2,1,1.0,7.0
201000026085,0010-09-25 14:25:00,10,9,25,14,25,250,31,DASLE (RUE DE),,,Plein jour,Hors agglomération,Hors intersection,Normale,Deux véhicules - côté,,,,,,,,,,,1,1,1,1.0,3.0
201000026086,0010-09-26 13:25:00,10,9,26,13,25,250,31,REVOLUTION DE 1789 AVENU,,,Plein jour,En agglomération,Hors intersection,Normale,Deux véhicules - arrière,,,,,,,,,,,1,2,1,1.0,2.0
201000026087,0010-10-05 07:30:00,10,10,5,7,30,250,547,RUE DU STADE,,,Nuit avec éclairage allumé,En agglomération,Hors intersection,Temps couvert,Autre collision,,,,,,,,,,,5,2,1,8.0,6.0
201000026088,0010-10-27 14:58:00,10,10,27,14,58,250,31,"44, GRANDE RUE",,,Plein jour,En agglomération,Autre intersection,Temps éblouissant,Autre collision,,,,,,,,,,,1,2,9,7.0,6.0
201000026089,0010-10-22 16:00:00,10,10,22,16,0,250,31,Pont François MITTERAND,,,Plein jour,En agglomération,Hors intersection,Normale,Autre collision,,,,,,,,,,,1,2,1,1.0,6.0
201000026090,0010-10-28 12:14:00,10,10,28,12,14,250,230,SOCHAUX (RUE DE),,,Plein jour,En agglomération,Giratoire,Normale,Deux véhicules - côté,,,,,,,,,,,1,2,6,1.0,3.0
201000026091,0010-11-14 22:05:00,10,11,14,22,5,250,580,MATHAY (RUE DE),,,Nuit avec éclairage allumé,En agglomération,Hors intersection,Pluie légère,Sans collision,,,,,,,,,,,5,2,1,2.0,7.0
201000026092,0010-11-15 13:30:00,10,11,15,13,30,250,31,VALENTIGNEY (RUE DE),,,Plein jour,En agglomération,Hors intersection,Normale,Sans collision,,,,,,,,,,,1,2,1,1.0,7.0
201000026093,0010-12-06 18:25:00,10,12,6,18,25,250,31,"06, GRANDE RUE",,,Nuit avec éclairage allumé,En agglomération,Hors intersection,Pluie légère,Sans collision,,,,,,,,,,,5,2,1,2.0,7.0
201000026094,0010-12-09 06:21:00,10,12,9,6,21,250,388,HELVETIE (ROND POINT),,,Nuit avec éclairage allumé,En agglomération,Giratoire,Normale,Deux véhicules - côté,,,,,,,,,,,5,2,6,1.0,3.0
201000026095,0010-12-11 17:00:00,10,12,11,17,0,250,31,"58, SELONCOURT (RUE DE)",,,Nuit avec éclairage allumé,En agglomération,Autre intersection,Normale,Deux véhicules - côté,,,,,,,,,,,5,2,9,1.0,3.0
201000026096,0010-06-10 07:45:00,10,6,10,7,45,250,31,"27, SELONCOURT (RUE DE)",,,Plein jour,En agglomération,Hors intersection,Normale,Autre collision,,,,,,,,,,,1,2,1,1.0,6.0
201000026097,0010-01-17 12:25:00,10,1,17,12,25,250,462,ETRACHES LES,,,Plein jour,Hors agglomération,Hors intersection,Neige / grêle,Deux véhicules - frontale,,,,,,,,,,,1,1,1,4.0,1.0
201000026098,0010-01-20 09:00:00,10,1,20,9,0,250,462,ECORCES DES,,,Plein jour,En agglomération,Hors intersection,Normale,Autre collision,,,,,,,,,,,1,2,1,1.0,6.0
201000026099,0010-01-30 10:54:00,10,1,30,10,54,250,462,ROCADE G.POMPIDOU (DU 25,,,Plein jour,Hors agglomération,Hors intersection,Neige / grêle,Deux véhicules - arrière,,,,,,,,,,,1,1,1,4.0,2.0
201000026100,0010-03-22 07:32:00,10,3,22,7,32,250,462,"16, ARMEE DE L'EST (AVEN",,,Plein jour,En agglomération,Hors intersection,Brouillard / fumée,Deux véhicules - côté,,,,,,,,,,,1,2,1,5.0,3.0
201000026101,0010-04-26 14:45:00,10,4,26,14,45,250,204,R-N 57.,,,Plein jour,Hors agglomération,Giratoire,Normale,Deux véhicules - côté,,,,,,,,,,,1,1,6,1.0,3.0
201000026102,0010-05-25 22:09:00,10,5,25,22,9,250,462,LAVAUX DES (DU 26 A LA F,,,Nuit sans éclairage public,Hors agglomération,Hors intersection,Normale,Autre collision,,,,,,,,,,,3,1,1,1.0,6.0
201000026103,0010-06-04 08:40:00,10,6,4,8,40,250,462,SALINS DE (DU 64 A LA FI,,,Plein jour,En agglomération,Intersection en T,Normale,Deux véhicules - côté,,,,,,,,,,,1,2,3,1.0,3.0
201000026104,0010-06-07 18:15:00,10,6,7,18,15,250,204,Route Départementale 437,,,Plein jour,Hors agglomération,Hors intersection,Normale,Sans collision,,,,,,,,,,,1,1,1,1.0,7.0
201000026105,0010-06-26 11:26:00,10,6,26,11,26,250,462,FAURE EDGAR,,,Plein jour,En agglomération,Intersection en Y,Normale,Deux véhicules - frontale,,,,,,,,,,,1,2,4,1.0,1.0
201000026106,0010-01-03 19:00:00,10,1,3,19,0,840,99,,,,Nuit sans éclairage public,Hors agglomération,Hors intersection,Temps couvert,Autre collision,,,,,,,,,,,3,1,1,8.0,6.0
201000026107,0010-01-23 14:45:00,10,1,23,14,45,840,38,,,,Plein jour,Hors agglomération,Hors intersection,Normale,Trois véhicules et plus - collisions multiples,,,,,,,,,,,1,1,1,1.0,5.0
201000026108,0010-04-24 00:15:00,10,4,24,0,15,840,99,,,,Nuit sans éclairage public,Hors agglomération,Hors intersection,Normale,Sans collision,,,,,,,,,,,3,1,1,1.0,7.0
201000026109,0010-06-14 09:00:00,10,6,14,9,0,840,86,,,,Plein jour,Hors agglomération,Hors intersection,Normale,Deux véhicules - côté,,,,,,,,,,,1,1,1,1.0,3.0
201000026110,0010-07-03 10:30:00,10,7,3,10,30,840,86,,,,Plein jour,Hors agglomération,Hors intersection,Normale,Deux véhicules - côté,,,,,,,,,,,1,1,1,1.0,3.0
201000026111,0010-07-04 06:00:00,10,7,4,6,0,840,71,,,,Crépuscule ou aube,Hors agglomération,Hors intersection,Normale,Autre collision,,,,,,,,,,,2,1,1,1.0,6.0
201000026112,0010-07-31 18:45:00,10,7,31,18,45,840,99,,,,Plein jour,Hors agglomération,Hors intersection,Normale,Deux véhicules - frontale,,,,,,,,,,,1,1,1,1.0,1.0
201000026113,0010-08-07 17:00:00,10,8,7,17,0,840,62,,,,Plein jour,Hors agglomération,Hors intersection,Normale,Deux véhicules - frontale,,,,,,,,,,,1,1,1,1.0,1.0
201000026114,0010-08-20 08:00:00,10,8,20,8,0,840,62,,,,Plein jour,Hors agglomération,Hors intersection,Temps couvert,Autre collision,,,,,,,,,,,1,1,1,8.0,6.0
201000026115,0010-08-24 12:45:00,10,8,24,12,45,840,62,,,,Plein jour,Hors agglomération,Intersection en X,Normale,Deux véhicules - côté,,,,,,,,,,,1,1,2,1.0,3.0
201000026116,0010-09-08 20:30:00,10,9,8,20,30,840,38,,,,Crépuscule ou aube,Hors agglomération,Hors intersection,Normale,Sans collision,,,,,,,,,,,2,1,1,1.0,7.0
201000026117,0010-09-12 14:45:00,10,9,12,14,45,840,38,,,,Plein jour,Hors agglomération,Hors intersection,Normale,Deux véhicules - arrière,,,,,,,,,,,1,1,1,1.0,2.0
201000026118,0010-10-03 11:30:00,10,10,3,11,30,840,99,,,,Plein jour,Hors agglomération,Intersection en T,Normale,Deux véhicules - côté,,,,,,,,,,,1,1,3,1.0,3.0
201000026119,0010-11-24 18:00:00,10,11,24,18,0,840,38,Avenue de la canebière,,,Nuit avec éclairage allumé,En agglomération,Hors intersection,Normale,Autre collision,,,,,,,,,,,5,2,1,1.0,6.0
201000026120,0010-12-29 15:15:00,10,12,29,15,15,840,71,,,,Plein jour,Hors agglomération,Hors intersection,Normale,Deux véhicules - frontale,,,,,,,,,,,1,1,1,1.0,1.0
201000026121,0010-02-08 20:30:00,10,2,8,20,30,590,82,,50.99,2.404,Nuit sans éclairage public,Hors agglomération,Hors intersection,Temps couvert,Deux véhicules - frontale,,,,,,,,,,,3,1,1,8.0,1.0
201000026122,0010-03-08 08:30:00,10,3,8,8,30,590,162,,50.904,2.395,Plein jour,Hors agglomération,Hors intersection,Normale,Deux véhicules - frontale,,,,,,,,,,,1,1,1,1.0,1.0
201000026123,0010-03-20 15:00:00,10,3,20,15,0,590,162,,50.912,2.39,Plein jour,Hors agglomération,Hors intersection,Normale,Sans collision,,,,,,,,,,,1,1,1,1.0,7.0
201000026124,0010-04-03 18:00:00,10,4,3,18,0,590,579,,,,Plein jour,Hors agglomération,Hors intersection,Normale,Autre collision,,,,,,,,,,,1,1,1,1.0,6.0
201000026125,0010-04-26 11:15:00,10,4,26,11,15,590,319,CD 3 /  CD 72,50.977,2.441,Plein jour,En agglomération,Giratoire,Normale,Deux véhicules - côté,,,,,,,,,,,1,2,6,1.0,3.0
201000026126,0010-05-27 08:30:00,10,5,27,8,30,590,570,CD916,50.966,2.434,Plein jour,En agglomération,Hors intersection,Normale,Deux véhicules - arrière,,,,,,,,,,,1,2,1,1.0,2.0
201000026127,0010-06-18 11:15:00,10,6,18,11,15,590,657,,50.933,2.508,Plein jour,Hors agglomération,Intersection en X,Normale,Deux véhicules - côté,,,,,,,,,,,1,1,2,1.0,3.0
201000026128,0010-07-20 13:15:00,10,7,20,13,15,590,16,Carrefour D3 / D52,50.97,2.347,Plein jour,En agglomération,Intersection en X,Normale,Deux véhicules - côté,,,,,,,,,,,1,2,2,1.0,3.0
201000026129,0010-08-19 16:00:00,10,8,19,16,0,590,579,,50.942,2.375,Plein jour,Hors agglomération,Hors intersection,Normale,Deux véhicules - côté,,,,,,,,,,,1,1,1,1.0,3.0
201000026130,0010-09-18 09:30:00,10,9,18,9,30,590,67,rue du port,,,Plein jour,En agglomération,Hors intersection,Normale,Deux véhicules - frontale,,,,,,,,,,,1,2,1,1.0,1.0
201000026131,0010-10-12 15:15:00,10,10,12,15,15,590,162,RD,50.92,2.384,Plein jour,Hors agglomération,Hors intersection,Normale,Autre collision,,,,,,,,,,,1,1,1,1.0,6.0
201000026132,0010-12-24 19:45:00,10,12,24,19,45,590,319,RD,50.929,2.444,Nuit sans éclairage public,Hors agglomération,Hors intersection,Temps couvert,Deux véhicules - frontale,,,,,,,,,,,3,1,1,8.0,1.0
201000026133,0010-01-04 23:30:00,10,1,4,23,30,620,261,boulevard labrasse,,,Nuit avec éclairage allumé,En agglomération,Giratoire,Normale,Autre collision,,,,,,,,,,,5,2,6,1.0,6.0
201000026134,0010-01-05 06:15:00,10,1,5,6,15,620,571,CD 940 route d'Etaples,,,Nuit avec éclairage allumé,En agglomération,Hors intersection,Normale,Deux véhicules - arrière,,,,,,,,,,,5,2,1,1.0,2.0
201000026135,0010-03-12 14:30:00,10,3,12,14,30,620,571,avenue du boulonnais,50.469,1.578,Plein jour,En agglomération,Hors intersection,Normale,Deux véhicules - frontale,,,,,,,,,,,1,2,1,1.0,1.0
201000026136,0010-04-03 17:15:00,10,4,3,17,15,620,261,rue de saint quentin,50.486,1.582,Plein jour,En agglomération,Hors intersection,Normale,Deux véhicules - côté,,,,,,,,,,,1,2,1,1.0,3.0
201000026137,0010-04-24 17:15:00,10,4,24,17,15,620,261,rue Maxence Van Der Meer,,,Plein jour,En agglomération,Hors intersection,Normale,Autre collision,,,,,,,,,,,1,2,1,1.0,6.0
201000026138,0010-05-03 14:30:00,10,5,3,14,30,620,571,avenue des sapins,50.469,1.578,Plein jour,En agglomération,Hors intersection,Normale,Deux véhicules - côté,,,,,,,,,,,1,2,1,1.0,3.0
201000026139,0010-07-16 10:15:00,10,7,16,10,15,620,571,CD940 1385 rue BIBLOCQ,,,Plein jour,En agglomération,Hors intersection,Normale,Deux véhicules - frontale,,,,,,,,,,,1,2,1,1.0,1.0
201000026140,0010-07-23 22:30:00,10,7,23,22,30,620,571,Rue camille DELACROIX,50.46,1.607,Nuit avec éclairage allumé,En agglomération,Hors intersection,Normale,Autre collision,,,,,,,,,,,5,2,1,1.0,6.0
201000026141,0010-08-20 11:15:00,10,8,20,11,15,620,16,,,,Plein jour,Hors agglomération,Hors intersection,Normale,Deux véhicules - frontale,,,,,,,,,,,1,1,1,1.0,1.0
201000026142,0010-09-07 08:45:00,10,9,7,8,45,620,261,boulevard de france,,,Plein jour,En agglomération,Hors intersection,Normale,Deux véhicules - côté,,,,,,,,,,,1,2,1,1.0,3.0
201000026143,0010-10-12 18:00:00,10,10,12,18,0,620,849,,,,Plein jour,Hors agglomération,Intersection en X,Normale,Deux véhicules - frontale,,,,,,,,,,,1,1,2,1.0,1.0
201000026144,0010-12-16 07:30:00,10,12,16,7,30,620,571,rue Auguste Biblocq,50.46,1.615,Nuit avec éclairage allumé,En agglomération,Hors intersection,Pluie légère,Autre collision,,,,,,,,,,,5,2,1,2.0,6.0
201000026145,0010-12-22 08:00:00,10,12,22,8,0,620,571,,,,Nuit avec éclairage allumé,En agglomération,Hors intersection,Autre,Deux véhicules - frontale,,,,,,,,,,,5,2,1,9.0,1.0
201000026146,0010-04-06 20:00:00,10,4,6,20,0,590,653,8 rue raymond poincaré,50.577,2.943,Plein jour,En agglomération,Hors intersection,Normale,Sans collision,,,,,,,,,,,1,2,1,1.0,7.0
201000026147,0010-04-20 13:15:00,10,4,20,13,15,590,278,,,,Plein jour,Hors agglomération,Hors intersection,Normale,Deux véhicules - frontale,,,,,,,,,,,1,1,1,1.0,1.0
201000026148,0010-05-17 18:30:00,10,5,17,18,30,590,653,rue de Lille,50.578,2.937,Plein jour,En agglomération,Passage à niveau,Normale,Autre collision,,,,,,,,,,,1,2,8,1.0,6.0
201000026149,0010-09-16 12:15:00,10,9,16,12,15,590,487,rue du bas,50.63,2.903,Plein jour,En agglomération,Hors intersection,Normale,Deux véhicules - côté,,,,,,,,,,,1,2,1,1.0,3.0
201000026150,0010-09-22 17:15:00,10,9,22,17,15,590,653,RUE ROGER SALENGRO,50.576,2.939,Plein jour,En agglomération,Hors intersection,Normale,Deux véhicules - frontale,,,,,,,,,,,1,2,1,1.0,1.0
201000026151,0010-10-12 14:00:00,10,10,12,14,0,590,278,Pasteur / Zola,,,Plein jour,En agglomération,Hors intersection,Normale,Deux véhicules - frontale,,,,,,,,,,,1,2,1,1.0,1.0
201000026152,0010-10-28 12:00:00,10,10,28,12,0,590,553,rue faidherbe,50.59,2.972,Plein jour,En agglomération,Hors intersection,Normale,Deux véhicules - frontale,,,,,,,,,,,1,2,1,1.0,1.0
201000026153,0010-01-15 06:00:00,10,1,15,6,0,740,213,,45.913,6.085,Nuit sans éclairage public,Hors agglomération,Hors intersection,Normale,Deux véhicules - frontale,,,,,,,,,,,3,1,1,1.0,1.0
201000026154,0010-01-21 18:15:00,10,1,21,18,15,740,272,,,,Nuit avec éclairage allumé,Hors agglomération,Hors intersection,Brouillard / fumée,Deux véhicules - frontale,,,,,,,,,,,5,1,1,5.0,1.0
201000026155,0010-04-25 21:15:00,10,4,25,21,15,740,112,,,,Nuit avec éclairage allumé,Hors agglomération,Hors intersection,Normale,Deux véhicules - frontale,,,,,,,,,,,5,1,1,1.0,1.0
201000026156,0010-05-23 20:45:00,10,5,23,20,45,740,217,,,,Nuit avec éclairage non allumé,Hors agglomération,Hors intersection,Normale,Autre collision,,,,,,,,,,,4,1,1,1.0,6.0
201000026157,0010-05-29 10:00:00,10,5,29,10,0,740,179,,,,Plein jour,Hors agglomération,Hors intersection,Normale,Deux véhicules - côté,,,,,,,,,,,1,1,1,1.0,3.0
201000026158,0010-07-01 10:30:00,10,7,1,10,30,740,112,,,,Plein jour,Hors agglomération,Autre intersection,Normale,Deux véhicules - arrière,,,,,,,,,,,1,1,9,1.0,2.0
201000026159,0010-07-14 04:00:00,10,7,14,4,0,740,112,,,,Nuit avec éclairage allumé,Hors agglomération,Hors intersection,Normale,Deux véhicules - frontale,,,,,,,,,,,5,1,1,1.0,1.0
201000026160,0010-07-23 13:00:00,10,7,23,13,0,740,217,,,,Plein jour,Hors agglomération,Hors intersection,Pluie légère,Deux véhicules - frontale,,,,,,,,,,,1,1,1,2.0,1.0
201000026161,0010-08-09 22:15:00,10,8,9,22,15,740,179,LA HAUTE COMBE,,,Nuit sans éclairage public,Hors agglomération,Hors intersection,Normale,Deux véhicules - frontale,,,,,,,,,,,3,1,1,1.0,1.0
201000026162,0010-08-10 05:30:00,10,8,10,5,30,740,26,rue de Paris,,,Nuit avec éclairage allumé,En agglomération,Intersection en T,Normale,Deux véhicules - côté,,,,,,,,,,,5,2,3,1.0,3.0
201000026163,0010-09-03 14:30:00,10,9,3,14,30,740,217,Lieu dit Les burgondes,,,Plein jour,En agglomération,Hors intersection,Normale,Deux véhicules - côté,,,,,,,,,,,1,2,1,1.0,3.0
201000026164,0010-09-09 06:30:00,10,9,9,6,30,740,76,,,,Crépuscule ou aube,Hors agglomération,Intersection en T,Normale,Deux véhicules - frontale,,,,,,,,,,,2,1,3,1.0,1.0
201000026165,0010-09-11 16:00:00,10,9,11,16,0,740,182,"3, allée des praz",,,Plein jour,En agglomération,Place,Normale,Autre collision,,,,,,,,,,,1,2,7,1.0,6.0
201000026166,0010-10-03 18:30:00,10,10,3,18,30,740,182,"43, rue de l'aérodrome",,,Plein jour,En agglomération,Hors intersection,Normale,Autre collision,,,,,,,,,,,1,2,1,1.0,6.0
201000026167,0010-10-04 17:15:00,10,10,4,17,15,740,19,,,,Plein jour,Hors agglomération,Hors intersection,Pluie forte,Deux véhicules - frontale,,,,,,,,,,,1,1,1,3.0,1.0
201000026168,0010-10-19 12:30:00,10,10,19,12,30,740,272,route d'EPAGNY,45.94,6.069,Plein jour,En agglomération,Autre intersection,Temps couvert,Deux véhicules - côté,,,,,,,,,,,1,2,9,8.0,3.0
201000026169,0010-10-23 15:45:00,10,10,23,15,45,740,19,,,,Plein jour,Hors agglomération,Giratoire,Normale,Trois véhicules et plus - collisions multiples,,,,,,,,,,,1,1,6,1.0,5.0
201000026170,0010-12-11 08:15:00,10,12,11,8,15,740,182,40 Route de Frangy,,,Plein jour,En agglomération,Giratoire,Normale,Autre collision,,,,,,,,,,,1,2,6,1.0,6.0
201000026171,0010-01-10 07:45:00,10,1,10,7,45,10,33,,,,Plein jour,Hors agglomération,Hors intersection,Neige / grêle,Deux véhicules - frontale,,,,,,,,,,,1,1,1,4.0,1.0
201000026172,0010-03-17 19:30:00,10,3,17,19,30,10,91,,,,Nuit sans éclairage public,Hors agglomération,Autre intersection,Normale,Deux véhicules - côté,,,,,,,,,,,3,1,9,1.0,3.0
201000026173,0010-03-29 19:00:00,10,3,29,19,0,10,91,,,,Plein jour,Hors agglomération,Hors intersection,Normale,Deux véhicules - frontale,,,,,,,,,,,1,1,1,1.0,1.0
201000026174,0010-04-14 16:45:00,10,4,14,16,45,10,33,,,,Plein jour,Hors agglomération,Hors intersection,Normale,Deux véhicules - frontale,,,,,,,,,,,1,1,1,1.0,1.0
201000026175,0010-04-15 16:45:00,10,4,15,16,45,10,91,rue des étournelles,,,Plein jour,En agglomération,Autre intersection,Pluie légère,Autre collision,,,,,,,,,,,1,2,9,2.0,6.0
201000026176,0010-05-23 18:30:00,10,5,23,18,30,10,91,,,,Plein jour,Hors agglomération,Hors intersection,Normale,Autre collision,,,,,,,,,,,1,1,1,1.0,6.0
201000026177,0010-09-30 09:00:00,10,9,30,9,0,10,33,rue Saint Exupéry,,,Plein jour,En agglomération,Hors intersection,Normale,Autre collision,,,,,,,,,,,1,2,1,1.0,6.0
201000026178,0010-11-13 11:45:00,10,11,13,11,45,10,33,Rue Centrale,,,Plein jour,En agglomération,Hors intersection,Normale,Autre collision,,,,,,,,,,,1,2,1,1.0,6.0
201000026179,0010-12-23 14:00:00,10,12,23,14,0,260,198,26198,,,Plein jour,En agglomération,Hors intersection,Pluie légère,Deux véhicules - arrière,,,,,,,,,,,1,2,1,2.0,2.0
201000026180,0010-01-07 16:50:00,10,1,7,16,50,260,198,26198,44.553,4.7751,Plein jour,En agglomération,Hors intersection,Normale,Autre collision,,,,,,,,,,,1,2,1,1.0,6.0
201000026181,0010-01-07 07:25:00,10,1,7,7,25,260,198,26198,44.5604,4.7348,Nuit avec éclairage allumé,En agglomération,Intersection en X,Normale,Autre collision,,,,,,,,,,,5,2,2,1.0,6.0
201000026182,0010-01-21 07:35:00,10,1,21,7,35,260,198,JAURES (AVENUE JEAN),44.5514,4.7479,Plein jour,En agglomération,Hors intersection,Normale,Autre collision,,,,,,,,,,,1,2,1,1.0,6.0
201000026183,0010-02-08 09:10:00,10,2,8,9,10,260,198,PINEL (RUE DU DOCTEUR),44.5561,4.7326,Plein jour,En agglomération,Hors intersection,Normale,Deux véhicules - côté,,,,,,,,,,,1,2,1,1.0,3.0
201000026184,0010-02-05 17:30:00,10,2,5,17,30,260,198,RUE LOCATELLI,44.545,4.7454,Plein jour,En agglomération,Hors intersection,Normale,Autre collision,,,,,,,,,,,1,2,1,1.0,6.0
201000026185,0010-01-24 18:40:00,10,1,24,18,40,260,198,79 avenue Jean Jaures,44.5472,4.7468,Nuit avec éclairage allumé,En agglomération,Hors intersection,Normale,Deux véhicules - arrière,,,,,,,,,,,5,2,1,1.0,2.0
201000026186,0010-02-09 17:10:00,10,2,9,17,10,260,198,", DE GAULLE (BOULEVARD G",44.5583,4.7468,Crépuscule ou aube,En agglomération,Hors intersection,Pluie légère,Autre collision,,,,,,,,,,,2,2,1,2.0,6.0