accident_id,datetime,annee,mois,jour,heure,minute,departement,commune_insee,adresse,latitude,longitude,luminosite,agglomeration,intersection,meteo,collision,nb_vehicules,nb_usagers,nb_indemnes,nb_tues,nb_blesses_hosp,nb_blesses_legers,age_cond_1,age_cond_2,veh_type_cond_1,veh_type_cond_2,lum_code,agg_code,int_code,atm_code,col_code
201000026311,0010-01-18 18:50:00,10,1,18,18,50,260,58,"sans, RESISTANCE AVENUE",44.9602,4.8783,Nuit avec éclairage allumé,En agglomération,Intersection en X,Normale,Sans collision,,,,,,,,,,,5,2,2,1.0,7.0
201000026312,0010-01-20 15:05:00,10,1,20,15,5,260,362,"sans, STRASBOURG RUE DE",44.9271,4.8998,Plein jour,En agglomération,Intersection en X,Normale,Deux véhicules - côté,,,,,,,,,,,1,2,2,1.0,3.0
201000026313,0010-01-24 04:17:00,10,1,24,4,17,260,57,L.A.C.R.A DN532,,,Nuit sans éclairage public,Hors agglomération,Hors intersection,Normale,Sans collision,,,,,,,,,,,3,1,1,1.0,7.0
201000026314,0010-01-17 12:15:00,10,1,17,12,15,260,362,"face au 13, FAURE AVENUE",44.9317,4.8952,Plein jour,En agglomération,Hors intersection,Temps couvert,Autre collision,,,,,,,,,,,1,2,1,8.0,6.0
201000026315,0010-02-04 18:25:00,10,2,4,18,25,260,362,"sans n, MONTELIER ROUTE",44.9382,4.9339,Crépuscule ou aube,Hors agglomération,Hors intersection,Normale,Deux véhicules - côté,,,,,,,,,,,2,1,1,1.0,3.0
201000026316,0010-02-06 18:20:00,10,2,6,18,20,260,362,"sans, SANTY AVENUE DOCTE",44.9178,4.9078,Crépuscule ou aube,En agglomération,Hors intersection,Pluie légère,Autre collision,,,,,,,,,,,2,2,1,2.0,6.0
201000026317,0010-02-17 13:45:00,10,2,17,13,45,260,362,"SANS N, FAVENTINES RUE",44.9208,4.9083,Plein jour,En agglomération,Intersection en T,Normale,Deux véhicules - côté,,,,,,,,,,,1,2,3,1.0,3.0
201000026318,0010-02-22 16:00:00,10,2,22,16,0,260,58,"SANS, PASTEUR RUE",44.9515,4.9015,Plein jour,En agglomération,Intersection en T,Normale,Deux véhicules - côté,,,,,,,,,,,1,2,3,1.0,3.0
201000026319,0010-03-01 13:55:00,10,3,1,13,55,260,362,"9, CHALAMET RUE HENRI",44.9297,4.8935,Plein jour,En agglomération,Hors intersection,Normale,Deux véhicules - arrière,,,,,,,,,,,1,2,1,1.0,2.0
201000026320,0010-03-03 12:20:00,10,3,3,12,20,260,362,"sans, CHABEUIL ROUTE DE",44.9231,4.9319,Plein jour,En agglomération,Hors intersection,Pluie légère,Deux véhicules - arrière,,,,,,,,,,,1,2,1,2.0,2.0
201000026321,0010-03-05 17:50:00,10,3,5,17,50,260,362,"sans, CHABEUIL ROUTE DE",44.9244,4.9279,Plein jour,En agglomération,Intersection en T,Normale,Deux véhicules - côté,,,,,,,,,,,1,2,3,1.0,3.0
201000026322,0010-03-07 15:25:00,10,3,7,15,25,260,58,"sans, GAY-LUSSAC RUE",44.9431,4.8927,Plein jour,En agglomération,Intersection en T,Neige / grêle,Deux véhicules - côté,,,,,,,,,,,1,2,3,4.0,3.0
201000026323,0010-03-10 19:35:00,10,3,10,19,35,260,4,RN 532,,,Crépuscule ou aube,Hors agglomération,Hors intersection,Normale,Deux véhicules - côté,,,,,,,,,,,2,1,1,1.0,3.0
201000026324,0010-03-11 15:55:00,10,3,11,15,55,260,362,"sans, KENNEDY BD JOHN FI",44.9396,4.9159,Plein jour,En agglomération,Giratoire,Normale,Deux véhicules - côté,,,,,,,,,,,1,2,6,1.0,3.0
201000026325,0010-03-12 13:20:00,10,3,12,13,20,260,362,"SANS N, HUGO AVENUE VICT",44.9187,4.8855,Plein jour,En agglomération,Intersection en T,Normale,Deux véhicules - côté,,,,,,,,,,,1,2,3,1.0,3.0
201000026326,0010-03-17 22:15:00,10,3,17,22,15,260,58,"sans, JAURES AVENUE JEAN",44.928,4.9062,Nuit avec éclairage allumé,En agglomération,Hors intersection,Normale,Deux véhicules - côté,,,,,,,,,,,5,2,1,1.0,3.0
201000026327,0010-03-15 06:30:00,10,3,15,6,30,260,362,"SANS N, PROVENCE AVENUE",,,Nuit avec éclairage non allumé,En agglomération,Intersection en Y,Normale,Deux véhicules - côté,,,,,,,,,,,4,2,4,1.0,3.0
201000026328,0010-03-19 13:20:00,10,3,19,13,20,260,362,"SANS, AUREATS AVENUE DES",44.8877,4.8856,Plein jour,En agglomération,Hors intersection,Normale,Deux véhicules - frontale,,,,,,,,,,,1,2,1,1.0,1.0
201000026329,0010-03-19 16:30:00,10,3,19,16,30,260,58,L.A.C.R.A RN7 (BLV),,,Plein jour,Hors agglomération,Hors intersection,Normale,Deux véhicules - côté,,,,,,,,,,,1,1,1,1.0,3.0
201000026330,0010-03-22 10:15:00,10,3,22,10,15,260,362,"sans n, ALGOUD  PLACE JU",44.9147,4.8805,Plein jour,En agglomération,Intersection en X,Normale,Deux véhicules - côté,,,,,,,,,,,1,2,2,1.0,3.0
201000026331,0010-03-23 08:00:00,10,3,23,8,0,260,362,"sans n, FAVENTINES RUE",44.9258,4.9022,Plein jour,En agglomération,Hors intersection,Normale,Deux véhicules - arrière,,,,,,,,,,,1,2,1,1.0,2.0
201000026332,0010-03-25 20:50:00,10,3,25,20,50,260,58,"sans, BERGER RUE LOUIS",44.9618,4.885,Nuit avec éclairage allumé,En agglomération,Intersection en T,Normale,Deux véhicules - côté,,,,,,,,,,,5,2,3,1.0,3.0
201000026333,0010-03-30 12:25:00,10,3,30,12,25,260,58,"SANS, SELLAM RUE CECILE",44.9619,4.8809,Plein jour,En agglomération,Intersection en T,Normale,Autre collision,,,,,,,,,,,1,2,3,1.0,6.0
201000026334,0010-03-31 19:20:00,10,3,31,19,20,260,362,"374, HUGO AVENUE VICTOR",44.9131,4.8846,Plein jour,En agglomération,Hors intersection,Normale,Deux véhicules - arrière,,,,,,,,,,,1,2,1,1.0,2.0
201000026335,0010-04-01 01:20:00,10,4,1,1,20,260,362,"pr46.100, L.A.C.R.A  RN",,,Nuit sans éclairage public,Hors agglomération,Hors intersection,Normale,Deux véhicules - arrière,,,,,,,,,,,3,1,1,1.0,2.0
201000026336,0010-04-01 09:40:00,10,4,1,9,40,260,252,"sans, JAURES RUE JEAN",44.8791,7.878,Plein jour,En agglomération,Intersection en T,Normale,Deux véhicules - côté,,,,,,,,,,,1,2,3,1.0,3.0
201000026337,0010-04-03 15:45:00,10,4,3,15,45,260,58,"sans, BASTIE RUE MARYSE",44.9618,4.885,Plein jour,En agglomération,Intersection en T,Normale,Deux véhicules - côté,,,,,,,,,,,1,2,3,1.0,3.0
201000026338,0010-04-03 19:30:00,10,4,3,19,30,260,58,"sans, CARMATS OUEST ROUT",44.9722,4.8844,Plein jour,Hors agglomération,Intersection en T,Normale,Deux véhicules - côté,,,,,,,,,,,1,1,3,1.0,3.0
201000026339,0010-04-07 07:25:00,10,4,7,7,25,260,58,"sans, ROUTE DE PONT D IS",44.9741,4.8838,Plein jour,Hors agglomération,Hors intersection,Normale,Deux véhicules - côté,,,,,,,,,,,1,1,1,1.0,3.0
201000026340,0010-04-04 11:52:00,10,4,4,11,52,260,362,"sana n, PROVENCE AVENUE",44.9128,4.8781,Plein jour,En agglomération,Intersection en X,Normale,Deux véhicules - côté,,,,,,,,,,,1,2,2,1.0,3.0
201000026341,0010-04-08 09:00:00,10,4,8,9,0,260,362,"45+700, L.A.C.R.A  RN 7",,,Plein jour,Hors agglomération,Hors intersection,Pluie légère,Trois véhicules et plus - en chaîne,,,,,,,,,,,1,1,1,2.0,4.0
201000026342,0010-04-07 14:30:00,10,4,7,14,30,260,362,"SANS, ROOSEVELT BOULEVAR",44.9265,4.9176,Plein jour,En agglomération,Intersection en X,Pluie forte,Deux véhicules - côté,,,,,,,,,,,1,2,2,3.0,3.0
201000026343,0010-04-10 19:00:00,10,4,10,19,0,260,362,"35, FAURE AVENUE FELIX (",44.9307,4.8949,Plein jour,En agglomération,Hors intersection,Normale,Deux véhicules - côté,,,,,,,,,,,1,2,1,1.0,3.0
201000026344,0010-04-14 07:50:00,10,4,14,7,50,260,362,"37, BERT RUE PAUL",44.9244,4.8928,Plein jour,En agglomération,Hors intersection,Normale,Deux véhicules - côté,,,,,,,,,,,1,2,1,1.0,3.0
201000026345,0010-04-14 15:50:00,10,4,14,15,50,260,362,"sans n, PAPIN RUE DENIS",44.9293,4.894,Plein jour,En agglomération,Hors intersection,Normale,Autre collision,,,,,,,,,,,1,2,1,1.0,6.0
201000026346,0010-04-15 11:45:00,10,4,15,11,45,260,252,"sans, RN7 DEVIATION DE P",,,Plein jour,En agglomération,Intersection en X,Normale,Deux véhicules - côté,,,,,,,,,,,1,2,2,1.0,3.0
201000026347,0010-04-16 16:30:00,10,4,16,16,30,260,362,"face au 28, SEMARD AVENU",44.9282,4.8923,Plein jour,En agglomération,Hors intersection,Normale,Autre collision,,,,,,,,,,,1,2,1,1.0,6.0
201000026348,0010-04-18 05:28:00,10,4,18,5,28,260,362,"sans, MONTPLAISIR RUE",44.9347,4.9073,Nuit avec éclairage allumé,En agglomération,Intersection en T,Normale,Deux véhicules - côté,,,,,,,,,,,5,2,3,1.0,3.0
201000026349,0010-04-18 20:10:00,10,4,18,20,10,260,362,"SANS, FAVENTINES RUE",44.9169,4.91,Crépuscule ou aube,En agglomération,Hors intersection,Normale,Sans collision,,,,,,,,,,,2,2,1,1.0,7.0
201000026350,0010-05-02 05:35:00,10,5,2,5,35,260,362,"92, VERDUN AVENUE (204)",44.9384,4.9004,Nuit avec éclairage allumé,En agglomération,Hors intersection,Pluie légère,Sans collision,,,,,,,,,,,5,2,1,2.0,7.0
201000026351,0010-05-07 18:10:00,10,5,7,18,10,260,58,"sans, BASTIE RUE MARYSE",44.9618,4.885,Plein jour,En agglomération,Intersection en T,Normale,Deux véhicules - côté,,,,,,,,,,,1,2,3,1.0,3.0
201000026352,0010-05-10 16:45:00,10,5,10,16,45,260,362,"SANS, ROMANS AVENUE DE (",44.9387,4.914,Plein jour,En agglomération,Hors intersection,Normale,Autre collision,,,,,,,,,,,1,2,1,1.0,6.0
201000026353,0010-05-14 06:00:00,10,5,14,6,0,260,362,L.A.C.R.A  RN 7 (101),,,Nuit sans éclairage public,Hors agglomération,Hors intersection,Normale,Sans collision,,,,,,,,,,,3,1,1,1.0,7.0
201000026354,0010-05-18 12:10:00,10,5,18,12,10,260,362,"sans n, GOURNIER  CHEMIN",44.9342,4.9364,Plein jour,Hors agglomération,Intersection en X,Normale,Deux véhicules - côté,,,,,,,,,,,1,1,2,1.0,3.0
201000026355,0010-05-18 18:30:00,10,5,18,18,30,260,362,"sans n, BAUDELAIRE RUE C",44.9101,4.8815,Plein jour,En agglomération,Intersection en Y,Normale,Deux véhicules - arrière,,,,,,,,,,,1,2,4,1.0,2.0
201000026356,0010-05-19 19:00:00,10,5,19,19,0,260,362,"SANS, CHURCHILL BOULEVAR",44.9321,4.9185,Plein jour,En agglomération,Intersection en T,Normale,Sans collision,,,,,,,,,,,1,2,3,1.0,7.0
201000026357,0010-05-21 21:40:00,10,5,21,21,40,260,362,"SANS N, BEAUVALLON ROUTE",,,Nuit avec éclairage allumé,En agglomération,Intersection en X,Normale,Deux véhicules - côté,,,,,,,,,,,5,2,2,1.0,3.0
201000026358,0010-06-02 16:50:00,10,6,2,16,50,260,58,"sans n, JAURES AVENUE JE",44.9388,4.8961,Plein jour,En agglomération,Intersection en Y,Normale,Deux véhicules - arrière,,,,,,,,,,,1,2,4,1.0,2.0
201000026359,0010-06-05 14:05:00,10,6,5,14,5,260,362,"sans, FAURE AVENUE MAURI",44.9189,4.8836,Plein jour,En agglomération,Hors intersection,Normale,Deux véhicules - côté,,,,,,,,,,,1,2,1,1.0,3.0
201000026360,0010-06-07 18:30:00,10,6,7,18,30,260,362,"SANS, CHANTECOURIOL RUE",44.9008,4.879,Plein jour,En agglomération,Intersection en T,Normale,Deux véhicules - côté,,,,,,,,,,,1,2,3,1.0,3.0
201000026361,0010-06-10 18:10:00,10,6,10,18,10,260,252,"SANS N, PASTEUR RUE",44.8698,4.8778,Plein jour,En agglomération,Hors intersection,Normale,Autre collision,,,,,,,,,,,1,2,1,1.0,6.0
201000026362,0010-06-11 15:26:00,10,6,11,15,26,260,362,"SANS N°, FAVENTINES RUE",44.9222,4.9068,Plein jour,En agglomération,Intersection en X,Pluie légère,Deux véhicules - côté,,,,,,,,,,,1,2,2,2.0,3.0
201000026363,0010-06-13 22:30:00,10,6,13,22,30,260,362,L.A.C.R.A (RN 1532),,,Nuit sans éclairage public,Hors agglomération,Hors intersection,Normale,Trois véhicules et plus - collisions multiples,,,,,,,,,,,3,1,1,1.0,5.0
201000026364,0010-06-15 09:02:00,10,6,15,9,2,260,58,"SANS N, L.A.C.R.A RN7 (B",,,Plein jour,Hors agglomération,Hors intersection,Pluie légère,Sans collision,,,,,,,,,,,1,1,1,2.0,7.0
201000026365,0010-06-16 20:00:00,10,6,16,20,0,260,362,"sans n, FOUCAULD RUE DU",44.9245,4.9098,Plein jour,En agglomération,Intersection en X,Normale,Deux véhicules - côté,,,,,,,,,,,1,2,2,1.0,3.0
201000026366,0010-06-17 13:25:00,10,6,17,13,25,260,252,"SANS, BEAUVALLON ROUTE",44.8706,4.8809,Plein jour,En agglomération,Intersection en X,Normale,Deux véhicules - côté,,,,,,,,,,,1,2,2,1.0,3.0
201000026367,0010-06-25 11:55:00,10,6,25,11,55,260,58,"SANS N, AV  MARC URTIN",44.9427,4.8948,Plein jour,En agglomération,Giratoire,Normale,Autre collision,,,,,,,,,,,1,2,6,1.0,6.0
201000026368,0010-06-25 13:50:00,10,6,25,13,50,260,362,"sans, BEAUVALLON ROUTE",,,Plein jour,En agglomération,Hors intersection,Normale,Deux véhicules - arrière,,,,,,,,,,,1,2,1,1.0,2.0
201000026369,0010-06-25 18:30:00,10,6,25,18,30,260,362,"face au 49, PAPIN RUE DE",44.9274,4.8924,Plein jour,En agglomération,Intersection en T,Normale,Autre collision,,,,,,,,,,,1,2,3,1.0,6.0
201000026370,0010-06-26 17:45:00,10,6,26,17,45,260,58,"SANS N, URTIN AVENUE MAR",44.9441,4.8951,Plein jour,En agglomération,Hors intersection,Normale,Deux véhicules - côté,,,,,,,,,,,1,2,1,1.0,3.0
201000026371,0010-07-02 23:40:00,10,7,2,23,40,260,58,"barrage, LA ROCHE DE GLU",,,Nuit sans éclairage public,Hors agglomération,Hors intersection,Normale,Sans collision,,,,,,,,,,,3,1,1,1.0,7.0
201000026372,0010-07-03 23:40:00,10,7,3,23,40,260,362,"SANS N, AMPERE RUE ANDRE",44.5544,4.5329,Nuit avec éclairage allumé,En agglomération,Intersection en T,Normale,Deux véhicules - côté,,,,,,,,,,,5,2,3,1.0,3.0
201000026373,0010-07-06 20:35:00,10,7,6,20,35,260,362,"sans n, CARNOT AVENUE SA",44.9324,4.8957,Plein jour,En agglomération,Intersection en T,Normale,Deux véhicules - côté,,,,,,,,,,,1,2,3,1.0,3.0
201000026374,0010-07-07 20:40:00,10,7,7,20,40,260,362,"SANS N, CHABEUIL AVENUE",44.9272,4.915,Plein jour,En agglomération,Intersection en T,Normale,Deux véhicules - côté,,,,,,,,,,,1,2,3,1.0,3.0
201000026375,0010-07-16 09:20:00,10,7,16,9,20,260,362,"sans n, QUATRE SEPTEMBRE",44.9268,4.9044,Plein jour,En agglomération,Intersection en T,Normale,Autre collision,,,,,,,,,,,1,2,3,1.0,6.0
201000026376,0010-07-16 13:00:00,10,7,16,13,0,260,362,"SANS N, BONNET RUE GEORG",44.9365,4.9181,Plein jour,En agglomération,Intersection en T,Normale,Deux véhicules - arrière,,,,,,,,,,,1,2,3,1.0,2.0
201000026377,0010-07-17 23:20:00,10,7,17,23,20,260,362,"155, HUGO AVENUE VICTOR",44.9233,4.8874,Nuit avec éclairage allumé,En agglomération,Hors intersection,Normale,Deux véhicules - côté,,,,,,,,,,,5,2,1,1.0,3.0
201000026378,0010-07-22 12:45:00,10,7,22,12,45,260,58,CHABANNERIES RUE,44.959,4.8841,Plein jour,En agglomération,Hors intersection,Normale,Deux véhicules - côté,,,,,,,,,,,1,2,1,1.0,3.0
201000026379,0010-07-22 19:05:00,10,7,22,19,5,260,362,"53, VERDUN AVENUE DE (30",44.9387,4.9016,Plein jour,En agglomération,Hors intersection,Normale,Deux véhicules - arrière,,,,,,,,,,,1,2,1,1.0,2.0
201000026380,0010-07-24 10:05:00,10,7,24,10,5,260,58,"SANS, ILE ADAM RUE DE L'",44.5655,4.5328,Plein jour,En agglomération,Intersection en T,Normale,Deux véhicules - côté,,,,,,,,,,,1,2,3,1.0,3.0
201000026381,0010-07-24 15:40:00,10,7,24,15,40,260,58,"sans, ROUTE DE PONT D IS",,,Plein jour,Hors agglomération,Hors intersection,Normale,Trois véhicules et plus - collisions multiples,,,,,,,,,,,1,1,1,1.0,5.0
201000026382,0010-07-27 21:50:00,10,7,27,21,50,260,58,"SANS, RD 2007 N",44.9445,1.8875,Nuit avec éclairage allumé,En agglomération,Hors intersection,Normale,Deux véhicules - arrière,,,,,,,,,,,5,2,1,1.0,2.0
201000026383,0010-07-31 15:05:00,10,7,31,15,5,260,362,L.A.C.R.A (RN 1532),,,Plein jour,Hors agglomération,Hors intersection,Normale,Sans collision,,,,,,,,,,,1,1,1,1.0,7.0
201000026384,0010-08-05 00:10:00,10,8,5,0,10,260,362,L.A.C.R.A (RN 532),,,Nuit sans éclairage public,Hors agglomération,Hors intersection,Normale,Sans collision,,,,,,,,,,,3,1,1,1.0,7.0
201000026385,0010-08-09 14:35:00,10,8,9,14,35,260,58,"SANS, GAY-LUSSAC RUE",44.9429,4.8928,Plein jour,En agglomération,Hors intersection,Normale,Deux véhicules - arrière,,,,,,,,,,,1,2,1,1.0,2.0
201000026386,0010-08-14 08:00:00,10,8,14,8,0,260,362,"SANS, PAPIN RUE DENIS (3",44.9222,4.891,Plein jour,En agglomération,Giratoire,Normale,Deux véhicules - côté,,,,,,,,,,,1,2,6,1.0,3.0
201000026387,0010-08-17 19:25:00,10,8,17,19,25,260,252,"12, JAURES RUE JEAN",44.8783,4.8778,Plein jour,En agglomération,Hors intersection,Normale,Deux véhicules - arrière,,,,,,,,,,,1,2,1,1.0,2.0
201000026388,0010-08-19 21:20:00,10,8,19,21,20,260,58,,,,Crépuscule ou aube,Hors agglomération,Hors intersection,Normale,Autre collision,,,,,,,,,,,2,1,1,1.0,6.0
201000026389,0010-08-20 16:15:00,10,8,20,16,15,260,362,"CASINO, PROVENCE AVENUE",44.9072,4.8795,Plein jour,En agglomération,Hors intersection,Normale,Autre collision,,,,,,,,,,,1,2,1,1.0,6.0
201000026390,0010-08-23 17:40:00,10,8,23,17,40,260,362,"38, GAULLE BOULEVARD DU",44.9302,4.8943,Plein jour,En agglomération,Intersection en X,Normale,Deux véhicules - côté,,,,,,,,,,,1,2,2,1.0,3.0
201000026391,0010-08-27 18:25:00,10,8,27,18,25,260,362,CHABEUIL AVENUE DE (102),44.9303,4.9051,Plein jour,En agglomération,Intersection en T,Normale,Autre collision,,,,,,,,,,,1,2,3,1.0,6.0
201000026392,0010-08-28 11:10:00,10,8,28,11,10,260,362,,,,Plein jour,Hors agglomération,Hors intersection,Normale,Trois véhicules et plus - collisions multiples,,,,,,,,,,,1,1,1,1.0,5.0
201000026393,0010-08-29 16:10:00,10,8,29,16,10,260,58,"sans, VALENTIN CHEMIN DU",44.9477,4.8956,Plein jour,En agglomération,Intersection en X,Normale,Deux véhicules - côté,,,,,,,,,,,1,2,2,1.0,3.0
201000026394,0010-08-31 14:05:00,10,8,31,14,5,260,362,,,,Plein jour,Hors agglomération,Hors intersection,Normale,Deux véhicules - côté,,,,,,,,,,,1,1,1,1.0,3.0
201000026395,0010-09-02 19:10:00,10,9,2,19,10,260,362,"sans, CARNOT AVENUE SADI",,,Plein jour,En agglomération,Intersection en T,Pluie légère,Deux véhicules - côté,,,,,,,,,,,1,2,3,2.0,3.0
201000026396,0010-09-03 18:40:00,10,9,3,18,40,260,362,"sans, BAUDIN RUE ALPHONS",44.9327,4.8986,Plein jour,En agglomération,Giratoire,Normale,Deux véhicules - arrière,,,,,,,,,,,1,2,6,1.0,2.0
201000026397,0010-09-06 07:10:00,10,9,6,7,10,260,362,"ROND POINT, PONT DES ANG",,,Crépuscule ou aube,En agglomération,Giratoire,Normale,Deux véhicules - côté,,,,,,,,,,,2,2,6,1.0,3.0
201000026398,0010-09-07 14:30:00,10,9,7,14,30,260,58,"BUFALLO, RD2007",,,Plein jour,En agglomération,Intersection en X,Pluie légère,Deux véhicules - arrière,,,,,,,,,,,1,2,2,2.0,2.0
201000026399,0010-09-08 06:15:00,10,9,8,6,15,260,362,"sans, ALPES RUE DES",44.9261,4.9014,Crépuscule ou aube,En agglomération,Hors intersection,Normale,Autre collision,,,,,,,,,,,2,2,1,1.0,6.0
201000026400,0010-09-11 15:55:00,10,9,11,15,55,260,252,"SANS N, JAURES RUE JEAN",,,Plein jour,En agglomération,Intersection en X,Normale,Deux véhicules - arrière,,,,,,,,,,,1,2,2,1.0,2.0
201000026401,0010-09-12 16:20:00,10,9,12,16,20,260,362,"sans, PONT DES ANGLAIS A",44.894,4.8712,Plein jour,En agglomération,Hors intersection,Normale,Deux véhicules - frontale,,,,,,,,,,,1,2,1,1.0,1.0
201000026402,0010-09-10 08:30:00,10,9,10,8,30,260,58,"sans N, CHATEAUNEUF SUR",,,Plein jour,Hors agglomération,Intersection en X,Normale,Deux véhicules - côté,,,,,,,,,,,1,1,2,1.0,3.0
201000026403,0010-09-16 20:50:00,10,9,16,20,50,260,362,"pk451698, L.A.C.R.A. (RN",,,Nuit sans éclairage public,Hors agglomération,Hors intersection,Pluie légère,Sans collision,,,,,,,,,,,3,1,1,2.0,7.0
201000026404,0010-09-17 19:25:00,10,9,17,19,25,260,362,"sans n, CREST ROUTE DE",,,Plein jour,Hors agglomération,Hors intersection,Normale,Deux véhicules - côté,,,,,,,,,,,1,1,1,1.0,3.0
201000026405,0010-09-24 20:45:00,10,9,24,20,45,260,362,L.A.C.R.A (RN 532),,,Nuit sans éclairage public,Hors agglomération,Hors intersection,Normale,Sans collision,,,,,,,,,,,3,1,1,1.0,7.0
201000026406,0010-09-27 01:40:00,10,9,27,1,40,260,362,"sans n, MONTELIER ROUTE",,,Nuit sans éclairage public,Hors agglomération,Hors intersection,Normale,Sans collision,,,,,,,,,,,3,1,1,1.0,7.0
201000026407,0010-09-29 03:00:00,10,9,29,3,0,260,362,"150, MONTELIER ROUTE DE",44.9377,4.9237,Nuit sans éclairage public,Hors agglomération,Hors intersection,Normale,Sans collision,,,,,,,,,,,3,1,1,1.0,7.0
201000026408,0010-10-03 05:00:00,10,10,3,5,0,260,362,"sans, PROVENCE AVENUE DE",,,Nuit avec éclairage allumé,En agglomération,Hors intersection,Normale,Sans collision,,,,,,,,,,,5,2,1,1.0,7.0
201000026409,0010-10-14 15:05:00,10,10,14,15,5,260,58,"sans, ROUTE DE PONT D IS",,,Plein jour,Hors agglomération,Intersection en X,Normale,Deux véhicules - côté,,,,,,,,,,,1,1,2,1.0,3.0
201000026410,0010-10-04 17:30:00,10,10,4,17,30,260,362,"sans n, ROMANS AVENUE DE",44.9331,4.906,Plein jour,En agglomération,Intersection en T,Pluie légère,Deux véhicules - frontale,,,,,,,,,,,1,2,3,2.0,1.0
201000026411,0010-10-04 20:30:00,10,10,4,20,30,260,362,26362,,,Nuit sans éclairage public,Hors agglomération,Hors intersection,Normale,Deux véhicules - arrière,,,,,,,,,,,3,1,1,1.0,2.0
201000026412,0010-10-11 00:10:00,10,10,11,0,10,260,362,"54, GRAND CHARRAN AVENUE",44.9243,4.9104,Nuit avec éclairage allumé,En agglomération,Hors intersection,Normale,Deux véhicules - arrière,,,,,,,,,,,5,2,1,1.0,2.0
201000026413,0010-10-12 07:20:00,10,10,12,7,20,260,58,"sans, ROUTE DE PONT D IS",,,Plein jour,Hors agglomération,Hors intersection,Normale,Deux véhicules - arrière,,,,,,,,,,,1,1,1,1.0,2.0
201000026414,0010-10-11 09:20:00,10,10,11,9,20,260,362,"sans, COLOMBIER RUE DU",44.9129,4.8985,Plein jour,En agglomération,Intersection en X,Pluie légère,Deux véhicules - arrière,,,,,,,,,,,1,2,2,2.0,2.0
201000026415,0010-10-15 13:10:00,10,10,15,13,10,260,362,26362,44.9187,4.8755,Plein jour,En agglomération,Hors intersection,Pluie légère,Deux véhicules - côté,,,,,,,,,,,1,2,1,2.0,3.0
201000026416,0010-10-19 11:40:00,10,10,19,11,40,260,362,26362,44.9366,4.9184,Plein jour,En agglomération,Intersection en X,Pluie légère,Deux véhicules - côté,,,,,,,,,,,1,2,2,2.0,3.0
201000026417,0010-10-25 06:45:00,10,10,25,6,45,260,362,"sans n, CHABEUIL AVENUE",44.9253,4.9234,Plein jour,En agglomération,Intersection en T,Vent fort / tempête,Deux véhicules - côté,,,,,,,,,,,1,2,3,6.0,3.0
201000026418,0010-10-26 19:00:00,10,10,26,19,0,260,362,26362,44.9269,4.8893,Nuit avec éclairage allumé,En agglomération,Intersection en T,Normale,Deux véhicules - côté,,,,,,,,,,,5,2,3,1.0,3.0
201000026419,0010-10-26 22:15:00,10,10,26,22,15,260,362,26362,44.8929,4.8807,Nuit avec éclairage allumé,En agglomération,Intersection en T,Normale,Deux véhicules - côté,,,,,,,,,,,5,2,3,1.0,3.0
201000026420,0010-10-27 15:50:00,10,10,27,15,50,260,58,26058,44.9402,4.8904,Plein jour,En agglomération,Hors intersection,Normale,Autre collision,,,,,,,,,,,1,2,1,1.0,6.0
201000026421,0010-11-03 18:25:00,10,11,3,18,25,260,58,26058,44.9477,4.8956,Crépuscule ou aube,En agglomération,Intersection en X,Normale,Deux véhicules - côté,,,,,,,,,,,2,2,2,1.0,3.0
201000026422,0010-11-05 12:05:00,10,11,5,12,5,260,252,"6, JAURES RUE JEAN",44.88,4.8782,Plein jour,En agglomération,Autre intersection,Normale,Deux véhicules - côté,,,,,,,,,,,1,2,9,1.0,3.0
201000026423,0010-11-09 07:25:00,10,11,9,7,25,260,362,L.A.C.R.A  RN 7 (101),,,Plein jour,Hors agglomération,Hors intersection,Normale,Deux véhicules - côté,,,,,,,,,,,1,1,1,1.0,3.0
201000026424,0010-11-12 18:00:00,10,11,12,18,0,260,362,"SANS N, FAVENTINES RUE",44.9212,4.9082,Nuit avec éclairage allumé,En agglomération,Intersection en T,Normale,Deux véhicules - côté,,,,,,,,,,,5,2,3,1.0,3.0
201000026425,0010-11-13 19:25:00,10,11,13,19,25,260,362,"sans n, PAPIN RUE DENIS",44.9209,4.8904,Nuit avec éclairage allumé,En agglomération,Intersection en T,Normale,Deux véhicules - côté,,,,,,,,,,,5,2,3,1.0,3.0
201000026426,0010-11-17 14:30:00,10,11,17,14,30,260,58,26058,44.9396,4.8934,Plein jour,En agglomération,Intersection en T,Normale,Deux véhicules - côté,,,,,,,,,,,1,2,3,1.0,3.0
201000026427,0010-11-17 14:00:00,10,11,17,14,0,260,58,26058,44.9477,4.88957,Plein jour,En agglomération,Intersection en X,Normale,Deux véhicules - côté,,,,,,,,,,,1,2,2,1.0,3.0
201000026428,0010-11-19 13:30:00,10,11,19,13,30,260,362,"262, FAVENTINES RUE",44.9184,4.9085,Plein jour,En agglomération,Hors intersection,Pluie légère,Autre collision,,,,,,,,,,,1,2,1,2.0,6.0
201000026429,0010-11-19 10:00:00,10,11,19,10,0,260,362,"sans n, MONTELEGER ROUTE",44.904,4.911,Plein jour,En agglomération,Giratoire,Normale,Deux véhicules - frontale,,,,,,,,,,,1,2,6,1.0,1.0
201000026430,0010-11-20 21:35:00,10,11,20,21,35,260,362,"71, CARNOT AVENUE SADI",44.934,4.897,Nuit avec éclairage allumé,En agglomération,Intersection en X,Pluie légère,Deux véhicules - frontale,,,,,,,,,,,5,2,2,2.0,1.0