accident_id,datetime,annee,mois,jour,heure,minute,departement,commune_insee,adresse,latitude,longitude,luminosite,agglomeration,intersection,meteo,collision,nb_vehicules,nb_usagers,nb_indemnes,nb_tues,nb_blesses_hosp,nb_blesses_legers,age_cond_1,age_cond_2,veh_type_cond_1,veh_type_cond_2,lum_code,agg_code,int_code,atm_code,col_code
201000026431,0010-11-20 20:55:00,10,11,20,20,55,260,362,"sans, ISLE RUE DE L'",44.9295,4.9049,Nuit avec éclairage allumé,En agglomération,Intersection en X,Normale,Deux véhicules - côté,,,,,,,,,,,5,2,2,1.0,3.0
201000026432,0010-11-20 16:30:00,10,11,20,16,30,260,58,"32, THANARON QUAI",44.9374,4.89,Plein jour,En agglomération,Hors intersection,Pluie légère,Deux véhicules - côté,,,,,,,,,,,1,2,1,2.0,3.0
201000026433,0010-11-20 19:40:00,10,11,20,19,40,260,58,"sans, CHATEAUNEUF SUR IS",44.9605,4.8906,Nuit sans éclairage public,Hors agglomération,Intersection en T,Pluie forte,Trois véhicules et plus - collisions multiples,,,,,,,,,,,3,1,3,3.0,5.0
201000026434,0010-11-24 10:50:00,10,11,24,10,50,260,362,"3, PERRIN RUE JEAN (103)",44.939,4.9238,Plein jour,En agglomération,Hors intersection,Normale,Deux véhicules - frontale,,,,,,,,,,,1,2,1,1.0,1.0
201000026435,0010-11-29 20:54:00,10,11,29,20,54,260,362,ROMANS AVENUE DE (103),44.9349,4.908,Nuit avec éclairage allumé,En agglomération,Intersection en Y,Normale,Deux véhicules - frontale,,,,,,,,,,,5,2,4,1.0,1.0
201000026436,0010-12-07 08:50:00,10,12,7,8,50,260,362,26362,44.9326,4.8958,Plein jour,En agglomération,Hors intersection,Normale,Deux véhicules - côté,,,,,,,,,,,1,2,1,1.0,3.0
201000026437,0010-12-03 12:35:00,10,12,3,12,35,260,362,26362,44.9345,4.9067,Plein jour,En agglomération,Hors intersection,Normale,Autre collision,,,,,,,,,,,1,2,1,1.0,6.0
201000026438,0010-12-08 14:08:00,10,12,8,14,8,260,362,26362,44.9375,4.9124,Plein jour,En agglomération,Hors intersection,Normale,Deux véhicules - côté,,,,,,,,,,,1,2,1,1.0,3.0
201000026439,0010-12-10 12:40:00,10,12,10,12,40,260,58,26058,44.9668,4.8748,Plein jour,Hors agglomération,Hors intersection,Normale,Sans collision,,,,,,,,,,,1,1,1,1.0,7.0
201000026440,0010-12-10 17:30:00,10,12,10,17,30,260,58,26058,44.9509,4.8918,Nuit avec éclairage allumé,En agglomération,Hors intersection,Normale,Deux véhicules - côté,,,,,,,,,,,5,2,1,1.0,3.0
201000026441,0010-12-10 19:03:00,10,12,10,19,3,260,58,26058,,,Nuit avec éclairage allumé,En agglomération,Hors intersection,Normale,Trois véhicules et plus - en chaîne,,,,,,,,,,,5,2,1,1.0,4.0
201000026442,0010-12-11 17:50:00,10,12,11,17,50,260,58,26058,,,Nuit avec éclairage allumé,En agglomération,Intersection en X,Normale,Deux véhicules - côté,,,,,,,,,,,5,2,2,1.0,3.0
201000026443,0010-12-12 11:45:00,10,12,12,11,45,260,58,26058,44.9377,4.8966,Plein jour,En agglomération,Giratoire,Normale,Deux véhicules - côté,,,,,,,,,,,1,2,6,1.0,3.0
201000026444,0010-12-13 17:35:00,10,12,13,17,35,260,252,26252,,,Nuit avec éclairage allumé,En agglomération,Hors intersection,Normale,Autre collision,,,,,,,,,,,5,2,1,1.0,6.0
201000026445,0010-12-17 09:40:00,10,12,17,9,40,260,362,26362,44.9295,4.9049,Plein jour,En agglomération,Intersection en X,Normale,Deux véhicules - frontale,,,,,,,,,,,1,2,2,1.0,1.0
201000026446,0010-12-17 09:45:00,10,12,17,9,45,260,362,26362,,,Plein jour,En agglomération,Hors intersection,Normale,Deux véhicules - arrière,,,,,,,,,,,1,2,1,1.0,2.0
201000026447,0010-12-21 09:35:00,10,12,21,9,35,260,362,26362,44.9277,4.9277,Plein jour,En agglomération,Intersection en T,Normale,Deux véhicules - côté,,,,,,,,,,,1,2,3,1.0,3.0
201000026448,0010-12-29 11:35:00,10,12,29,11,35,260,252,26252,44.8759,4.8771,Plein jour,En agglomération,Hors intersection,Normale,Deux véhicules - frontale,,,,,,,,,,,1,2,1,1.0,1.0
201000026449,0010-12-31 13:50:00,10,12,31,13,50,260,362,26362,44.9082,4.9197,Plein jour,En agglomération,Intersection en T,Normale,Deux véhicules - frontale,,,,,,,,,,,1,2,3,1.0,1.0
201000026450,0010-01-14 10:00:00,10,1,14,10,0,840,39,4 av de la République,44.089,4.885,Plein jour,En agglomération,Hors intersection,Normale,Autre collision,,,,,,,,,,,1,2,1,1.0,6.0
201000026451,0010-02-25 16:45:00,10,2,25,16,45,840,27,,,,Plein jour,Hors agglomération,Hors intersection,Normale,Deux véhicules - côté,,,,,,,,,,,1,1,1,1.0,3.0
201000026452,0010-03-28 16:30:00,10,3,28,16,30,840,39,Rd pt Av Gal Leclerc,,,Plein jour,En agglomération,Giratoire,Normale,Autre collision,,,,,,,,,,,1,2,6,1.0,6.0
201000026453,0010-05-27 16:30:00,10,5,27,16,30,840,39,route de chateauneuf,,,Plein jour,En agglomération,Hors intersection,Normale,Deux véhicules - frontale,,,,,,,,,,,1,2,1,1.0,1.0
201000026454,0010-05-29 21:15:00,10,5,29,21,15,840,39,,,,Plein jour,Hors agglomération,Hors intersection,Normale,Deux véhicules - côté,,,,,,,,,,,1,1,1,1.0,3.0
201000026455,0010-06-02 16:45:00,10,6,2,16,45,840,27,,,,Plein jour,Hors agglomération,Hors intersection,Normale,Deux véhicules - arrière,,,,,,,,,,,1,1,1,1.0,2.0
201000026456,0010-07-20 18:00:00,10,7,20,18,0,840,37,,44.072,4.789,Plein jour,Hors agglomération,Hors intersection,Normale,Deux véhicules - frontale,,,,,,,,,,,1,1,1,1.0,1.0
201000026457,0010-07-28 17:30:00,10,7,28,17,30,840,37,Av pierre de Luxembourg,44.061,4.833,Plein jour,En agglomération,Hors intersection,Normale,Autre collision,,,,,,,,,,,1,2,1,1.0,6.0
201000026458,0010-08-15 23:30:00,10,8,15,23,30,840,37,,,,Nuit sans éclairage public,Hors agglomération,Hors intersection,Normale,Deux véhicules - côté,,,,,,,,,,,3,1,1,1.0,3.0
201000026459,0010-09-15 17:45:00,10,9,15,17,45,840,39,,,,Plein jour,Hors agglomération,Hors intersection,Normale,Deux véhicules - arrière,,,,,,,,,,,1,1,1,1.0,2.0
201000026460,0010-09-20 03:15:00,10,9,20,3,15,840,39,,,,Nuit sans éclairage public,Hors agglomération,Hors intersection,Normale,Sans collision,,,,,,,,,,,3,1,1,1.0,7.0
201000026461,0010-10-11 14:15:00,10,10,11,14,15,840,39,,44.087,4.881,Plein jour,Hors agglomération,Hors intersection,Normale,Deux véhicules - côté,,,,,,,,,,,1,1,1,1.0,3.0
201000026462,0010-01-21 07:45:00,10,1,21,7,45,380,239,ROUTE DES BETHANIES,45.333,5.57,Crépuscule ou aube,En agglomération,Hors intersection,Temps couvert,Autre collision,,,,,,,,,,,2,2,1,8.0,6.0
201000026463,0010-03-07 17:45:00,10,3,7,17,45,380,84,,45.3415,5.53025,Plein jour,Hors agglomération,Hors intersection,Neige / grêle,Deux véhicules - côté,,,,,,,,,,,1,1,1,4.0,3.0
201000026464,0010-03-19 10:00:00,10,3,19,10,0,380,84,D12,45.3465,5.51755,Plein jour,En agglomération,Hors intersection,Normale,Deux véhicules - côté,,,,,,,,,,,1,2,1,1.0,3.0
201000026465,0010-04-24 01:30:00,10,4,24,1,30,380,400,154  AVENUE GASTON BONNA,45.3451,5.57097,Nuit avec éclairage allumé,En agglomération,Hors intersection,Normale,Deux véhicules - frontale,,,,,,,,,,,5,2,1,1.0,1.0
201000026466,0010-05-18 17:30:00,10,5,18,17,30,380,105,,45.41,5.55,Plein jour,Hors agglomération,Hors intersection,Normale,Deux véhicules - côté,,,,,,,,,,,1,1,1,1.0,3.0
201000026467,0010-06-20 12:15:00,10,6,20,12,15,380,566,,,,Plein jour,Hors agglomération,Hors intersection,Normale,Deux véhicules - côté,,,,,,,,,,,1,1,1,1.0,3.0
201000026468,0010-08-07 11:45:00,10,8,7,11,45,380,270,ROUTE DE LA COURBATIÈRE,45.39,5.532,Plein jour,En agglomération,Hors intersection,Normale,Deux véhicules - frontale,,,,,,,,,,,1,2,1,1.0,1.0
201000026469,0010-08-07 18:15:00,10,8,7,18,15,380,332,,45.344,5.488,Plein jour,Hors agglomération,Hors intersection,Normale,Autre collision,,,,,,,,,,,1,1,1,1.0,6.0
201000026470,0010-09-04 20:45:00,10,9,4,20,45,380,239,CH DE LA VIOLETTE,45.33,5.55712,Crépuscule ou aube,En agglomération,Intersection en T,Normale,Deux véhicules - frontale,,,,,,,,,,,2,2,3,1.0,1.0
201000026471,0010-09-07 07:00:00,10,9,7,7,0,380,239,,45.34,5.55,Crépuscule ou aube,Hors agglomération,Hors intersection,Pluie légère,Deux véhicules - arrière,,,,,,,,,,,2,1,1,2.0,2.0
201000026472,0010-09-18 03:40:00,10,9,18,3,40,380,332,,45.4357,5.5648,Nuit sans éclairage public,Hors agglomération,Hors intersection,Normale,Autre collision,,,,,,,,,,,3,1,1,1.0,6.0
201000026473,0010-10-12 19:30:00,10,10,12,19,30,380,239,,45.328,5.592,Nuit sans éclairage public,Hors agglomération,Hors intersection,Normale,Sans collision,,,,,,,,,,,3,1,1,1.0,7.0
201000026474,0010-10-20 11:30:00,10,10,20,11,30,380,133,ROUTE DE GRENOBLE - RD75,45.3614,5.59884,Plein jour,En agglomération,Passage à niveau,Normale,Autre collision,,,,,,,,,,,1,2,8,1.0,6.0
201000026475,0010-11-06 20:45:00,10,11,6,20,45,380,239,42 RTE GRENOBLE RD1085,45.322,5.602,Nuit avec éclairage non allumé,En agglomération,Hors intersection,Normale,Deux véhicules - frontale,,,,,,,,,,,4,2,1,1.0,1.0
201000026476,0010-11-11 02:30:00,10,11,11,2,30,380,133,RTE DE GRENOBLE,45.3566,5.59955,Nuit avec éclairage allumé,En agglomération,Hors intersection,Pluie légère,Deux véhicules - arrière,,,,,,,,,,,5,2,1,2.0,2.0
201000026477,0010-12-16 17:00:00,10,12,16,17,0,380,332,,45.3441,5.49113,Plein jour,Hors agglomération,Hors intersection,Normale,Trois véhicules et plus - collisions multiples,,,,,,,,,,,1,1,1,1.0,5.0
201000026478,0010-01-22 10:00:00,10,1,22,10,0,410,136,,47.7171,1.48204,Plein jour,Hors agglomération,Hors intersection,Normale,Autre collision,,,,,,,,,,,1,1,1,1.0,6.0
201000026479,0010-01-27 08:30:00,10,1,27,8,30,410,206,,47.6239,1.34515,Plein jour,Hors agglomération,Hors intersection,Temps couvert,Sans collision,,,,,,,,,,,1,1,1,8.0,7.0
201000026480,0010-04-01 04:30:00,10,4,1,4,30,410,208,,47.5788,1.06402,Nuit sans éclairage public,Hors agglomération,Hors intersection,Normale,Autre collision,,,,,,,,,,,3,1,1,1.0,6.0
201000026481,0010-04-05 06:45:00,10,4,5,6,45,410,93,,47.6086,1.1294,Crépuscule ou aube,Hors agglomération,Hors intersection,Normale,Deux véhicules - arrière,,,,,,,,,,,2,1,1,1.0,2.0
201000026482,0010-04-05 18:00:00,10,4,5,18,0,410,47,,47.6084,1.12879,Plein jour,Hors agglomération,Hors intersection,Normale,Trois véhicules et plus - en chaîne,,,,,,,,,,,1,1,1,1.0,4.0
201000026483,0010-04-15 14:30:00,10,4,15,14,30,410,288,,47.6458,1.36698,Plein jour,Hors agglomération,Hors intersection,Normale,Deux véhicules - frontale,,,,,,,,,,,1,1,1,1.0,1.0
201000026484,0010-04-30 21:45:00,10,4,30,21,45,410,206,,47.6519,1.3748,Nuit sans éclairage public,Hors agglomération,Hors intersection,Normale,Deux véhicules - arrière,,,,,,,,,,,3,1,1,1.0,2.0
201000026485,0010-05-05 17:45:00,10,5,5,17,45,410,91,,47.6166,1.28222,Plein jour,Hors agglomération,Hors intersection,Temps couvert,Deux véhicules - arrière,,,,,,,,,,,1,1,1,8.0,2.0
201000026486,0010-06-01 14:45:00,10,6,1,14,45,410,206,,47.6429,1.36378,Plein jour,Hors agglomération,Hors intersection,Normale,Deux véhicules - frontale,,,,,,,,,,,1,1,1,1.0,1.0
201000026487,0010-06-07 21:15:00,10,6,7,21,15,410,18,,47.6206,1.33801,Nuit sans éclairage public,Hors agglomération,Hors intersection,Normale,Sans collision,,,,,,,,,,,3,1,1,1.0,7.0
201000026488,0010-06-23 06:30:00,10,6,23,6,30,410,206,,47.6485,1.37048,Crépuscule ou aube,Hors agglomération,Hors intersection,Normale,Autre collision,,,,,,,,,,,2,1,1,1.0,6.0
201000026489,0010-06-25 14:30:00,10,6,25,14,30,410,223,,47.6168,1.21207,Plein jour,Hors agglomération,Hors intersection,Normale,Trois véhicules et plus - collisions multiples,,,,,,,,,,,1,1,1,1.0,5.0
201000026490,0010-07-20 14:30:00,10,7,20,14,30,410,288,,47.6576,1.38122,Plein jour,Hors agglomération,Hors intersection,Normale,Sans collision,,,,,,,,,,,1,1,1,1.0,7.0
201000026491,0010-08-02 03:30:00,10,8,2,3,30,410,223,,47.6196,1.23449,Nuit sans éclairage public,Hors agglomération,Hors intersection,Normale,Deux véhicules - arrière,,,,,,,,,,,3,1,1,1.0,2.0
201000026492,0010-08-16 14:30:00,10,8,16,14,30,410,252,,47.6847,1.418,Plein jour,Hors agglomération,Hors intersection,Normale,Autre collision,,,,,,,,,,,1,1,1,1.0,6.0
201000026493,0010-08-16 15:15:00,10,8,16,15,15,410,39,,47.7098,1.46216,Plein jour,Hors agglomération,Hors intersection,Normale,Autre collision,,,,,,,,,,,1,1,1,1.0,6.0
201000026494,0010-09-18 06:15:00,10,9,18,6,15,410,288,,47.6505,1.37308,Nuit sans éclairage public,Hors agglomération,Hors intersection,Normale,Sans collision,,,,,,,,,,,3,1,1,1.0,7.0
201000026495,0010-09-23 17:15:00,10,9,23,17,15,410,47,,47.609,1.13067,Plein jour,Hors agglomération,Hors intersection,Normale,Trois véhicules et plus - collisions multiples,,,,,,,,,,,1,1,1,1.0,5.0
201000026496,0010-09-26 16:45:00,10,9,26,16,45,410,47,,47.6291,1.35211,Plein jour,Hors agglomération,Hors intersection,Normale,Autre collision,,,,,,,,,,,1,1,1,1.0,6.0
201000026497,0010-11-02 11:45:00,10,11,2,11,45,410,208,,47.5816,1.0692,Plein jour,Hors agglomération,Hors intersection,Normale,Deux véhicules - côté,,,,,,,,,,,1,1,1,1.0,3.0
201000026498,0010-12-23 02:00:00,10,12,23,2,0,410,223,,47.6192,1.2479,Nuit sans éclairage public,Hors agglomération,Hors intersection,Autre,Autre collision,,,,,,,,,,,3,1,1,9.0,6.0
201000026499,0010-01-15 14:45:00,10,1,15,14,45,270,229,"13, MENDES FRANCE (RUE P",49.0313,1.15186,Plein jour,En agglomération,Hors intersection,Normale,Deux véhicules - côté,,,,,,,,,,,1,2,1,1.0,3.0
201000026500,0010-01-26 15:45:00,10,1,26,15,45,270,229,"25,AVE DU MARÉCHAL FOCH",49.0232,1.14169,Plein jour,En agglomération,Hors intersection,Normale,Deux véhicules - arrière,,,,,,,,,,,1,2,1,1.0,2.0
201000026501,0010-02-04 16:20:00,10,2,4,16,20,270,229,61 BOULEVARD GAMBETTA,49.0193,1.15117,Plein jour,En agglomération,Hors intersection,Normale,Autre collision,,,,,,,,,,,1,2,1,1.0,6.0
201000026502,0010-02-24 18:10:00,10,2,24,18,10,270,229,90 RUE JEAN MOULIN,49.0097,1.15188,Nuit sans éclairage public,En agglomération,Hors intersection,Pluie légère,Autre collision,,,,,,,,,,,3,2,1,2.0,6.0
201000026503,0010-02-24 18:20:00,10,2,24,18,20,270,229,11 AVENU ARISTIDE BRIAND,49.0214,1.13702,Nuit sans éclairage public,En agglomération,Hors intersection,Normale,Deux véhicules - arrière,,,,,,,,,,,3,2,1,1.0,2.0
201000026504,0010-03-06 08:30:00,10,3,6,8,30,270,229,"0, GRAND CARREFOUR (PLAC",49.0272,1.14955,Plein jour,En agglomération,Place,Normale,Autre collision,,,,,,,,,,,1,2,7,1.0,6.0
201000026505,0010-03-07 00:01:00,10,3,7,0,1,270,229,"0, VERNON (RUE DE)",49.0247,1.16782,Nuit avec éclairage allumé,En agglomération,Autre intersection,Normale,Deux véhicules - côté,,,,,,,,,,,5,2,9,1.0,3.0
201000026506,0010-03-12 03:30:00,10,3,12,3,30,270,229,NATIONALE 13 (ROUTE),49.0247,1.11614,Nuit sans éclairage public,Hors agglomération,Hors intersection,Normale,Sans collision,,,,,,,,,,,3,1,1,1.0,7.0
201000026507,0010-03-12 11:25:00,10,3,12,11,25,270,299,"95, BRIAND (AVENUE ARIST",49.045,1.16104,Plein jour,En agglomération,Hors intersection,Normale,Deux véhicules - arrière,,,,,,,,,,,1,2,1,1.0,2.0
201000026508,0010-04-16 17:10:00,10,4,16,17,10,270,229,"136, ORLEANS (RUE D')",49.0025,1.15228,Plein jour,En agglomération,Hors intersection,Normale,Trois véhicules et plus - collisions multiples,,,,,,,,,,,1,2,1,1.0,5.0
201000026509,0010-04-26 07:00:00,10,4,26,7,0,270,229,RUE GEORGES POLITZER,49.0036,1.11631,Plein jour,Hors agglomération,Hors intersection,Normale,Deux véhicules - frontale,,,,,,,,,,,1,1,1,1.0,1.0
201000026510,0010-04-29 13:25:00,10,4,29,13,25,270,229,"31, RUE JEAN MOULIN",49.0125,1.1524,Plein jour,En agglomération,Hors intersection,Normale,Autre collision,,,,,,,,,,,1,2,1,1.0,6.0
201000026511,0010-05-07 10:25:00,10,5,7,10,25,270,229,BOULEVA QUATORZE JUILLET,49.011,1.16794,Plein jour,En agglomération,Hors intersection,Normale,Deux véhicules - côté,,,,,,,,,,,1,2,1,1.0,3.0
201000026512,0010-05-11 07:50:00,10,5,11,7,50,270,229,"1186, RUE DE COCHEREL",49.0173,1.18561,Plein jour,En agglomération,Hors intersection,Normale,Autre collision,,,,,,,,,,,1,2,1,1.0,6.0
201000026513,0010-05-19 22:25:00,10,5,19,22,25,270,229,5 RUSSELSHEIM G VALLEREY,49.007,1.16176,Nuit avec éclairage allumé,En agglomération,Intersection en T,Normale,Deux véhicules - côté,,,,,,,,,,,5,2,3,1.0,3.0
201000026514,0010-05-23 02:25:00,10,5,23,2,25,270,229,"60, PAUL (RUE MARCEL)",49.0289,1.16153,Nuit sans éclairage public,En agglomération,Hors intersection,Normale,Sans collision,,,,,,,,,,,3,2,1,1.0,7.0
201000026515,0010-06-02 08:45:00,10,6,2,8,45,270,229,"05, HORLOGE (RUE DE L')",49.0269,1.14972,Plein jour,En agglomération,Hors intersection,Normale,Autre collision,,,,,,,,,,,1,2,1,1.0,6.0
201000026516,0010-06-02 09:05:00,10,6,2,9,5,270,229,"7,R. F ET I JOLIOT CURIE",49.0097,1.16139,Plein jour,En agglomération,Hors intersection,Normale,Autre collision,,,,,,,,,,,1,2,1,1.0,6.0
201000026517,0010-06-15 17:10:00,10,6,15,17,10,270,229,"13, RUE JEAN MOULIN",49.0146,1.15241,Plein jour,En agglomération,Hors intersection,Normale,Autre collision,,,,,,,,,,,1,2,1,1.0,6.0
201000026518,0010-07-11 00:55:00,10,7,11,0,55,270,229,62AV.BRIAND R ST GERMAIN,49.0174,1.1238,Nuit avec éclairage allumé,En agglomération,Intersection en T,Normale,Deux véhicules - côté,,,,,,,,,,,5,2,3,1.0,3.0
201000026519,0010-08-07 18:40:00,10,8,7,18,40,270,229,BD 14 JUILLET R RUSSELSH,,,Plein jour,En agglomération,Intersection en T,Normale,Deux véhicules - côté,,,,,,,,,,,1,2,3,1.0,3.0
201000026520,0010-08-15 19:35:00,10,8,15,19,35,270,229,"0, POLITZER (RUE GEORGES",49.0012,1.12325,Plein jour,En agglomération,Hors intersection,Normale,Deux véhicules - frontale,,,,,,,,,,,1,2,1,1.0,1.0
201000026521,0010-09-04 18:05:00,10,9,4,18,5,270,229,"1, CHEMINOTS (RUE DES)",49.0103,1.15237,Plein jour,En agglomération,Hors intersection,Normale,Autre collision,,,,,,,,,,,1,2,1,1.0,6.0
201000026522,0010-09-21 08:35:00,10,9,21,8,35,270,229,COCHEREL R JACQUES MONOD,49.0203,1.18216,Plein jour,En agglomération,Giratoire,Normale,Deux véhicules - côté,,,,,,,,,,,1,2,6,1.0,3.0
201000026523,0010-09-21 10:30:00,10,9,21,10,30,270,229,"45, BOTTOLIER (RUE)",49.015,1.16046,Plein jour,En agglomération,Hors intersection,Normale,Autre collision,,,,,,,,,,,1,2,1,1.0,6.0
201000026524,0010-09-26 22:30:00,10,9,26,22,30,270,299,"24, BRIAND (AVENUE ARIST",49.0395,1.15813,Nuit avec éclairage allumé,En agglomération,Hors intersection,Normale,Sans collision,,,,,,,,,,,5,2,1,1.0,7.0
201000026525,0010-11-06 23:10:00,10,11,6,23,10,270,229,RUE GEORGES POLITZER,49.0012,1.12316,Nuit sans éclairage public,En agglomération,Hors intersection,Pluie légère,Autre collision,,,,,,,,,,,3,2,1,2.0,6.0
201000026526,0010-11-10 17:50:00,10,11,10,17,50,270,299,"185, BRIAND (AVENUE ARIS",49.0553,1.16745,Crépuscule ou aube,En agglomération,Hors intersection,Normale,Deux véhicules - arrière,,,,,,,,,,,2,2,1,1.0,2.0
201000026527,0010-11-12 20:05:00,10,11,12,20,5,270,229,"61, DR OURSEL 2R HORLOGE",49.0271,1.14944,Nuit avec éclairage allumé,En agglomération,Intersection en X,Normale,Autre collision,,,,,,,,,,,5,2,2,1.0,6.0
201000026528,0010-11-16 18:50:00,10,11,16,18,50,270,229,"30, JOSEPHINE (RUE)",49.0242,1.14452,Nuit avec éclairage allumé,En agglomération,Autre intersection,Normale,Autre collision,,,,,,,,,,,5,2,9,1.0,6.0
201000026529,0010-11-22 19:25:00,10,11,22,19,25,270,229,VERNON (RUE DE),49.0268,1.16651,Nuit avec éclairage allumé,En agglomération,Autre intersection,Normale,Deux véhicules - côté,,,,,,,,,,,5,2,9,1.0,3.0
201000026530,0010-11-29 19:15:00,10,11,29,19,15,270,229,", CONCHES (ROUTE DE)",49.0141,1.1061,Nuit sans éclairage public,En agglomération,Hors intersection,Normale,Autre collision,,,,,,,,,,,3,2,1,1.0,6.0
201000026531,0010-11-30 11:15:00,10,11,30,11,15,270,229,BD JANIN CORBEAU SOUPIRS,49.0249,1.15227,Plein jour,En agglomération,Intersection en T,Normale,Autre collision,,,,,,,,,,,1,2,3,1.0,6.0
201000026532,0010-12-06 17:40:00,10,12,6,17,40,270,229,"1, RUSSELSHEIM (RUE DE)",49.0071,1.16186,Nuit avec éclairage allumé,En agglomération,Hors intersection,Normale,Autre collision,,,,,,,,,,,5,2,1,1.0,6.0
201000026533,0010-04-07 07:45:00,10,4,7,7,45,350,353,rue de Montfort,,,Plein jour,En agglomération,Hors intersection,Normale,Autre collision,,,,,,,,,,,1,2,1,1.0,6.0
201000026534,0010-01-02 03:40:00,10,1,2,3,40,270,701,,49.2668,1.20299,Nuit avec éclairage allumé,En agglomération,Giratoire,Normale,Deux véhicules - arrière,,,,,,,,,,,5,2,6,1.0,2.0
201000026535,0010-01-20 12:10:00,10,1,20,12,10,270,351,"12, FRINGALE (RUE DE LA)",49.2347,1.17057,Plein jour,En agglomération,Hors intersection,Pluie légère,Deux véhicules - côté,,,,,,,,,,,1,2,1,2.0,3.0
201000026536,0010-01-21 08:05:00,10,1,21,8,5,270,375,1 VOIE TABARLY R ST JEAN,49.2093,1.18008,Plein jour,En agglomération,Giratoire,Normale,Deux véhicules - frontale,,,,,,,,,,,1,2,6,1.0,1.0
201000026537,0010-04-08 11:45:00,10,4,8,11,45,270,701,CH BLANCHE  RTE SABLONS,49.2664,1.21062,Plein jour,En agglomération,Intersection en X,Normale,Deux véhicules - côté,,,,,,,,,,,1,2,2,1.0,3.0
201000026538,0010-04-22 15:45:00,10,4,22,15,45,270,701,CHAUSSEE D'ANDELLE CD110,49.2838,1.22316,Plein jour,Hors agglomération,Intersection en T,Normale,Autre collision,,,,,,,,,,,1,1,3,1.0,6.0
201000026539,0010-05-01 04:45:00,10,5,1,4,45,270,375,AV CHURCHILL &MITTERRAND,49.2233,1.1674,Nuit avec éclairage allumé,En agglomération,Intersection en X,Normale,Deux véhicules - côté,,,,,,,,,,,5,2,2,1.0,3.0
201000026540,0010-05-06 09:50:00,10,5,6,9,50,270,701,RUE GRANDE,49.2717,1.21412,Plein jour,En agglomération,Place,Normale,Autre collision,,,,,,,,,,,1,2,7,1.0,6.0
201000026541,0010-05-14 18:50:00,10,5,14,18,50,270,375,52 R RAVINE PETT FRONTIN,49.2072,1.15784,Plein jour,En agglomération,Intersection en T,Normale,Autre collision,,,,,,,,,,,1,2,3,1.0,6.0
201000026542,0010-05-15 12:50:00,10,5,15,12,50,270,701,RTE DES FALAISES MAILLOU,49.2613,1.19857,Plein jour,En agglomération,Intersection en X,Normale,Autre collision,,,,,,,,,,,1,2,2,1.0,6.0
201000026543,0010-06-09 09:35:00,10,6,9,9,35,270,701,AV DES MÉTIERS RUE FORET,49.2374,1.17132,Plein jour,En agglomération,Intersection en X,Temps couvert,Deux véhicules - frontale,,,,,,,,,,,1,2,2,8.0,1.0
201000026544,0010-06-19 07:30:00,10,6,19,7,30,270,701,RD6015,49.2377,1.20231,Plein jour,Hors agglomération,Hors intersection,Pluie légère,Sans collision,,,,,,,,,,,1,1,1,2.0,7.0
201000026545,0010-06-30 02:50:00,10,6,30,2,50,270,375,LECLERC (AVENUE DU ML),49.2084,1.15477,Nuit avec éclairage allumé,En agglomération,Hors intersection,Normale,Sans collision,,,,,,,,,,,5,2,1,1.0,7.0
201000026546,0010-07-02 06:20:00,10,7,2,6,20,270,701,D6015.BRETELLE DE SORTIE,49.2517,1.18471,Crépuscule ou aube,En agglomération,Hors intersection,Normale,Sans collision,,,,,,,,,,,2,2,1,1.0,7.0
201000026547,0010-07-03 22:40:00,10,7,3,22,40,270,701,"0,.ANDELLE (CHAUSSEE D')",49.2883,1.2194,Crépuscule ou aube,Hors agglomération,Hors intersection,Normale,Sans collision,,,,,,,,,,,2,1,1,1.0,7.0
201000026548,0010-07-13 15:45:00,10,7,13,15,45,270,375,ROUTE DE HAYE MALHERBE,49.2166,1.11865,Plein jour,Hors agglomération,Hors intersection,Normale,Sans collision,,,,,,,,,,,1,1,1,1.0,7.0
201000026549,0010-07-16 04:50:00,10,7,16,4,50,270,375,ROUTE DE HAYE MALHERBE,49.2119,1.14908,Nuit sans éclairage public,En agglomération,Hors intersection,Normale,Sans collision,,,,,,,,,,,3,2,1,1.0,7.0
201000026550,0010-07-18 17:40:00,10,7,18,17,40,270,528,CH.VILLAGE CHANT OISEAUX,49.2632,1.20855,Plein jour,En agglomération,Intersection en X,Normale,Deux véhicules - frontale,,,,,,,,,,,1,2,2,1.0,1.0
201000026551,0010-07-20 14:10:00,10,7,20,14,10,270,701,RTE DES FALAISES.MAILLOU,49.2613,1.19857,Plein jour,En agglomération,Intersection en X,Normale,Trois véhicules et plus - en chaîne,,,,,,,,,,,1,2,2,1.0,4.0
201000026552,0010-07-28 19:20:00,10,7,28,19,20,270,375,ROUTE DE PARIS.,49.2035,1.1978,Plein jour,Hors agglomération,Hors intersection,Normale,Sans collision,,,,,,,,,,,1,1,1,1.0,7.0
201000026553,0010-08-18 05:00:00,10,8,18,5,0,270,701,,49.252,1.18465,Nuit sans éclairage public,Hors agglomération,Intersection en Y,Normale,Deux véhicules - côté,,,,,,,,,,,3,1,4,1.0,3.0
201000026554,0010-09-21 18:00:00,10,9,21,18,0,270,375,BEAULIEU (RUE DE),49.2097,1.16264,Plein jour,En agglomération,Intersection en Y,Normale,Autre collision,,,,,,,,,,,1,2,4,1.0,6.0