accident_id,datetime,annee,mois,jour,heure,minute,departement,commune_insee,adresse,latitude,longitude,luminosite,agglomeration,intersection,meteo,collision,nb_vehicules,nb_usagers,nb_indemnes,nb_tues,nb_blesses_hosp,nb_blesses_legers,age_cond_1,age_cond_2,veh_type_cond_1,veh_type_cond_2,lum_code,agg_code,int_code,atm_code,col_code
201000026555,0010-10-01 17:35:00,10,10,1,17,35,270,375,AV HENRI DUNANT  RIVETTE,49.2072,1.16962,Plein jour,En agglomération,Intersection en T,Pluie forte,Deux véhicules - frontale,,,,,,,,,,,1,2,3,3.0,1.0
201000026556,0010-10-12 08:45:00,10,10,12,8,45,270,375,L'HERMINIER (RUE DU COMM,49.2203,1.16652,Plein jour,En agglomération,Autre intersection,Normale,Deux véhicules - côté,,,,,,,,,,,1,2,9,1.0,3.0
201000026557,0010-10-27 17:55:00,10,10,27,17,55,270,375,ALAIN BOMBARD (RUE),49.2147,1.18753,Plein jour,En agglomération,Hors intersection,Normale,Deux véhicules - frontale,,,,,,,,,,,1,2,1,1.0,1.0
201000026558,0010-10-30 05:20:00,10,10,30,5,20,270,701,RD6015,49.2554,1.17225,Nuit sans éclairage public,Hors agglomération,Hors intersection,Normale,Sans collision,,,,,,,,,,,3,1,1,1.0,7.0
201000026559,0010-10-30 08:40:00,10,10,30,8,40,270,375,VOIE ERIC TABARLY,49.2099,1.18019,Crépuscule ou aube,En agglomération,Hors intersection,Normale,Deux véhicules - frontale,,,,,,,,,,,2,2,1,1.0,1.0
201000026560,0010-11-27 12:50:00,10,11,27,12,50,270,375,RD133,49.2049,1.13788,Plein jour,Hors agglomération,Hors intersection,Normale,Sans collision,,,,,,,,,,,1,1,1,1.0,7.0
201000026561,0010-12-08 09:05:00,10,12,8,9,5,270,701,CH LERY  FALAISES A LACS,49.2669,1.2203,Plein jour,En agglomération,Hors intersection,Normale,Autre collision,,,,,,,,,,,1,2,1,1.0,6.0
201000026562,0010-12-12 16:00:00,10,12,12,16,0,270,701,RD77,49.2761,1.20145,Plein jour,Hors agglomération,Intersection en T,Normale,Deux véhicules - côté,,,,,,,,,,,1,1,3,1.0,3.0
201000026563,0010-05-08 08:00:00,10,5,8,8,0,140,98,,,,Plein jour,Hors agglomération,Autre intersection,Normale,Autre collision,,,,,,,,,,,1,1,9,1.0,6.0
201000026564,0010-05-16 19:00:00,10,5,16,19,0,140,214,,,,Plein jour,Hors agglomération,Hors intersection,Normale,Deux véhicules - côté,,,,,,,,,,,1,1,1,1.0,3.0
201000026565,0010-06-28 18:15:00,10,6,28,18,15,140,436,,,,Plein jour,Hors agglomération,Hors intersection,Normale,Deux véhicules - arrière,,,,,,,,,,,1,1,1,1.0,2.0
201000026566,0010-08-03 18:15:00,10,8,3,18,15,140,281,,49.335,-0.891,Plein jour,Hors agglomération,Hors intersection,Normale,Autre collision,,,,,,,,,,,1,1,1,1.0,6.0
201000026567,0010-12-16 07:15:00,10,12,16,7,15,140,235,,,,Nuit sans éclairage public,Hors agglomération,Hors intersection,Pluie légère,Autre collision,,,,,,,,,,,3,1,1,2.0,6.0
201000026568,0010-06-26 15:00:00,10,6,26,15,0,60,137,,,,Plein jour,Hors agglomération,Hors intersection,Normale,Deux véhicules - côté,,,,,,,,,,,1,1,1,1.0,3.0
201000026569,0010-08-16 21:15:00,10,8,16,21,15,60,26,,,,Nuit sans éclairage public,Hors agglomération,Hors intersection,Normale,Autre collision,,,,,,,,,,,3,1,1,1.0,6.0
201000026570,0010-08-24 00:30:00,10,8,24,0,30,60,118,,,,Nuit sans éclairage public,Hors agglomération,Hors intersection,Normale,Deux véhicules - frontale,,,,,,,,,,,3,1,1,1.0,1.0
201000026571,0010-10-27 19:15:00,10,10,27,19,15,60,95,,,,Nuit sans éclairage public,Hors agglomération,Hors intersection,Normale,Deux véhicules - frontale,,,,,,,,,,,3,1,1,1.0,1.0
201000026572,0010-10-14 19:30:00,10,10,14,19,30,60,140,face n° 2522 RD2562,,,Nuit avec éclairage allumé,En agglomération,Hors intersection,Normale,Deux véhicules - côté,,,,,,,,,,,5,2,1,1.0,3.0
201000026573,0010-01-21 18:50:00,10,1,21,18,50,270,562,PRES (RUE DES),49.1037,1.45409,Crépuscule ou aube,En agglomération,Hors intersection,Normale,Autre collision,,,,,,,,,,,2,2,1,1.0,6.0
201000026574,0010-01-30 10:00:00,10,1,30,10,0,270,681,"25,RUE DE LA RENAISSANCE",49.0821,1.47809,Plein jour,En agglomération,Hors intersection,Temps couvert,Deux véhicules - frontale,,,,,,,,,,,1,2,1,8.0,1.0
201000026575,0010-02-03 12:10:00,10,2,3,12,10,270,681,R TANNEURS RUE DU SOLEIL,49.092,1.48388,Plein jour,En agglomération,Intersection en T,Normale,Autre collision,,,,,,,,,,,1,2,3,1.0,6.0
201000026576,0010-03-20 00:55:00,10,3,20,0,55,270,681,MAGNY (ROUTE DE),49.0997,1.50431,Nuit sans éclairage public,En agglomération,Hors intersection,Pluie légère,Autre collision,,,,,,,,,,,3,2,1,2.0,6.0
201000026577,0010-04-24 15:15:00,10,4,24,15,15,270,562,RTE DE ROUEN  R DES PRES,49.1056,1.45722,Plein jour,En agglomération,Intersection en T,Normale,Autre collision,,,,,,,,,,,1,2,3,1.0,6.0
201000026578,0010-03-26 07:25:00,10,3,26,7,25,270,681,RTE DE MAGNY QUEUE D HAY,49.0991,1.50171,Plein jour,Hors agglomération,Hors intersection,Temps couvert,Sans collision,,,,,,,,,,,1,1,1,8.0,7.0
201000026579,0010-01-18 06:30:00,10,1,18,6,30,270,681,BD JULIEN DEVOS  R  PARC,49.0873,1.47339,Nuit avec éclairage allumé,En agglomération,Intersection en T,Normale,Autre collision,,,,,,,,,,,5,2,3,1.0,6.0
201000026580,0010-03-12 17:00:00,10,3,12,17,0,270,562,LAGRANGE (RUE LEO),49.1034,1.44872,Plein jour,En agglomération,Hors intersection,Normale,Autre collision,,,,,,,,,,,1,2,1,1.0,6.0
201000026581,0010-08-07 00:50:00,10,8,7,0,50,270,681,RTE GISORS R 3 CAILLOUX,49.1051,1.4864,Nuit avec éclairage allumé,En agglomération,Intersection en T,Normale,Autre collision,,,,,,,,,,,5,2,3,1.0,6.0
201000026582,0010-04-11 14:20:00,10,4,11,14,20,270,681,21 POTERIE R RENAISSANCE,49.0805,1.48364,Plein jour,En agglomération,Intersection en T,Normale,Deux véhicules - côté,,,,,,,,,,,1,2,3,1.0,3.0
201000026583,0010-09-16 19:05:00,10,9,16,19,5,270,562,REANVILLE (CHEMIN DE),49.0967,1.44034,Plein jour,En agglomération,Hors intersection,Normale,Deux véhicules - arrière,,,,,,,,,,,1,2,1,1.0,2.0
201000026584,0010-09-18 18:15:00,10,9,18,18,15,270,681,10 BD ISAMBARD MG CARREF,49.0903,1.47187,Plein jour,En agglomération,Autre intersection,Normale,Autre collision,,,,,,,,,,,1,2,9,1.0,6.0
201000026585,0010-05-18 16:50:00,10,5,18,16,50,270,681,"04,  RUE JEAN OURRY",49.0884,1.46017,Plein jour,En agglomération,Hors intersection,Normale,Autre collision,,,,,,,,,,,1,2,1,1.0,6.0
201000026586,0010-10-20 07:50:00,10,10,20,7,50,270,681,"91, AVENUE ILE DE FRANCE",49.0799,1.50484,Nuit avec éclairage allumé,En agglomération,Hors intersection,Temps couvert,Deux véhicules - côté,,,,,,,,,,,5,2,1,8.0,3.0
201000026587,0010-09-20 17:55:00,10,9,20,17,55,270,554,"107, CHEMIN LATERAL",49.1111,1.45227,Plein jour,En agglomération,Hors intersection,Normale,Autre collision,,,,,,,,,,,1,2,1,1.0,6.0
201000026588,0010-05-20 15:20:00,10,5,20,15,20,270,562,D 64,49.0941,1.45786,Plein jour,En agglomération,Intersection en T,Normale,Deux véhicules - côté,,,,,,,,,,,1,2,3,1.0,3.0
201000026589,0010-11-28 16:00:00,10,11,28,16,0,270,681,20 ROUTE DE MAGNY RD 313,49.0961,1.52321,Plein jour,Hors agglomération,Hors intersection,Temps couvert,Deux véhicules - arrière,,,,,,,,,,,1,1,1,8.0,2.0
201000026590,0010-09-23 18:40:00,10,9,23,18,40,270,681,AV MAL FOCH BD ISAMBARD,49.0927,1.47093,Plein jour,En agglomération,Giratoire,Normale,Deux véhicules - côté,,,,,,,,,,,1,2,6,1.0,3.0
201000026591,0010-03-07 00:01:00,10,3,7,0,1,170,142,,,,Nuit sans éclairage public,Hors agglomération,Hors intersection,Normale,Autre collision,,,,,,,,,,,3,1,1,1.0,6.0
201000026592,0010-03-29 19:00:00,10,3,29,19,0,170,407,rue du clos des merles 1,,,Plein jour,En agglomération,Hors intersection,Normale,Deux véhicules - frontale,,,,,,,,,,,1,2,1,1.0,1.0
201000026593,0010-04-15 00:15:00,10,4,15,0,15,170,300,,,,Nuit avec éclairage allumé,Hors agglomération,Hors intersection,Normale,Sans collision,,,,,,,,,,,5,1,1,1.0,7.0
201000026594,0010-04-25 01:00:00,10,4,25,1,0,170,142,,,,Nuit sans éclairage public,Hors agglomération,Autre intersection,Normale,Deux véhicules - arrière,,,,,,,,,,,3,1,9,1.0,2.0
201000026595,0010-05-01 04:00:00,10,5,1,4,0,170,142,rue jacques Archambault,,,Nuit avec éclairage allumé,En agglomération,Hors intersection,Normale,Autre collision,,,,,,,,,,,5,2,1,1.0,6.0
201000026596,0010-06-24 17:15:00,10,6,24,17,15,170,190,rue beauséjour,,,Plein jour,En agglomération,Hors intersection,Normale,Deux véhicules - côté,,,,,,,,,,,1,2,1,1.0,3.0
201000026597,0010-11-05 18:45:00,10,11,5,18,45,170,407,,46.201,-1.04699,Nuit avec éclairage allumé,Hors agglomération,Hors intersection,Normale,Sans collision,,,,,,,,,,,5,1,1,1.0,7.0
201000026598,0010-04-16 19:00:00,10,4,16,19,0,910,665,9 RN 20,,,Plein jour,En agglomération,Hors intersection,Normale,Trois véhicules et plus - en chaîne,,,,,,,,,,,1,2,1,1.0,4.0
201000026599,0010-04-26 12:30:00,10,4,26,12,30,910,665,voie des postes,,,Plein jour,En agglomération,Hors intersection,Normale,Deux véhicules - frontale,,,,,,,,,,,1,2,1,1.0,1.0
201000026600,0010-06-24 06:45:00,10,6,24,6,45,910,666,Chemin des Coudrayes,,,Plein jour,En agglomération,Hors intersection,Normale,Deux véhicules - frontale,,,,,,,,,,,1,2,1,1.0,1.0
201000026601,0010-07-26 09:45:00,10,7,26,9,45,910,363,,,,Plein jour,Hors agglomération,Hors intersection,Normale,Deux véhicules - côté,,,,,,,,,,,1,1,1,1.0,3.0
201000026602,0010-10-14 18:45:00,10,10,14,18,45,910,665,RN 20,,,Nuit avec éclairage allumé,En agglomération,Hors intersection,Normale,Trois véhicules et plus - en chaîne,,,,,,,,,,,5,2,1,1.0,4.0
201000026603,0010-08-22 05:30:00,10,8,22,5,30,760,244,,49.718,1.414,Nuit sans éclairage public,Hors agglomération,Hors intersection,Normale,Autre collision,,,,,,,,,,,3,1,1,1.0,6.0
201000026604,0010-09-09 18:15:00,10,9,9,18,15,760,257,A28,49.879,1.567,Plein jour,Hors agglomération,Hors intersection,Normale,Deux véhicules - arrière,,,,,,,,,,,1,1,1,1.0,2.0
201000026605,0010-11-30 21:45:00,10,11,30,21,45,760,621,A 28,,,Nuit sans éclairage public,Hors agglomération,Hors intersection,Temps couvert,Deux véhicules - frontale,,,,,,,,,,,3,1,1,8.0,1.0
201000026606,0010-01-05 08:45:00,10,1,5,8,45,870,88,,45.6352,1.42723,Plein jour,Hors agglomération,Hors intersection,Autre,Autre collision,,,,,,,,,,,1,1,1,9.0,6.0
201000026607,0010-02-28 07:30:00,10,2,28,7,30,190,151,SENS PROVINCE - PARIS,45.10846,1.50783,Crépuscule ou aube,Hors agglomération,Hors intersection,Normale,Autre collision,,,,,,,,,,,2,1,1,1.0,6.0
201000026608,0010-07-12 18:00:00,10,7,12,18,0,190,129,sens PARIS - PROVINCE,45.53991,1.51111,Plein jour,Hors agglomération,Hors intersection,Normale,Deux véhicules - arrière,,,,,,,,,,,1,1,1,1.0,2.0
201000026609,0010-10-03 16:15:00,10,10,3,16,15,190,72,sens PARIS - PROVINCE,45.24804,1.53005,Plein jour,Hors agglomération,Hors intersection,Normale,Autre collision,,,,,,,,,,,1,1,1,1.0,6.0
201000026610,0010-06-03 07:30:00,10,6,3,7,30,590,304,"D39, rue nationale",,,Plein jour,En agglomération,Hors intersection,Normale,Deux véhicules - frontale,,,,,,,,,,,1,2,1,1.0,1.0
201000026611,0010-07-27 10:30:00,10,7,27,10,30,590,266,,,,Plein jour,Hors agglomération,Hors intersection,Pluie légère,Deux véhicules - frontale,,,,,,,,,,,1,1,1,2.0,1.0
201000026612,0010-01-05 07:45:00,10,1,5,7,45,280,85,"SANS, SEMARD (PLACE PIER",48.448,1.48148,Crépuscule ou aube,En agglomération,Place,Normale,Autre collision,,,,,,,,,,,2,2,7,1.0,6.0
201000026613,0010-01-06 18:05:00,10,1,6,18,5,280,85,"SANS, PICHARD (RUE JOSEP",48.4476,1.51744,Crépuscule ou aube,Hors agglomération,Hors intersection,Normale,Autre collision,,,,,,,,,,,2,1,1,1.0,6.0
201000026614,0010-01-13 15:30:00,10,1,13,15,30,280,220,"SANS, MARCEAU (RUE)",48.425,1.47971,Plein jour,En agglomération,Hors intersection,Normale,Deux véhicules - arrière,,,,,,,,,,,1,2,1,1.0,2.0
201000026615,0010-01-18 16:20:00,10,1,18,16,20,280,85,"52, SAINT CHERON (RUE)",48.4464,1.50678,Plein jour,En agglomération,Hors intersection,Normale,Autre collision,,,,,,,,,,,1,2,1,1.0,6.0
201000026616,0010-01-21 14:30:00,10,1,21,14,30,280,24,"SANS, RN 123",48.4162,1.46785,Plein jour,Hors agglomération,Hors intersection,Normale,Deux véhicules - arrière,,,,,,,,,,,1,1,1,1.0,2.0
201000026617,0010-01-22 08:05:00,10,1,22,8,5,280,220,AVENUE DE LA REPUBLIQUE,48.4294,1.47428,Plein jour,En agglomération,Hors intersection,Normale,Deux véhicules - côté,,,,,,,,,,,1,2,1,1.0,3.0
201000026618,0010-01-24 10:40:00,10,1,24,10,40,280,85,"SANS, DROUAISE (PLACE)",48.453,1.48816,Plein jour,En agglomération,Hors intersection,Normale,Deux véhicules - côté,,,,,,,,,,,1,2,1,1.0,3.0
201000026619,0010-01-25 08:00:00,10,1,25,8,0,280,85,"SANS, PEGUY (BOULEVARD C",48.4515,1.48602,Plein jour,En agglomération,Hors intersection,Normale,Deux véhicules - arrière,,,,,,,,,,,1,2,1,1.0,2.0
201000026620,0010-01-26 16:35:00,10,1,26,16,35,280,229,D105,48.4603,1.4614,Plein jour,Hors agglomération,Hors intersection,Normale,Deux véhicules - arrière,,,,,,,,,,,1,1,1,1.0,2.0
201000026621,0010-01-26 16:55:00,10,1,26,16,55,280,85,"SANS, FOCH (BOULEVARD DU",48.4478,1.49304,Plein jour,En agglomération,Hors intersection,Normale,Sans collision,,,,,,,,,,,1,2,1,1.0,7.0
201000026622,0010-01-27 15:15:00,10,1,27,15,15,280,85,"SANS, SEMARD (PLACE PIER",48.4487,1.48242,Plein jour,En agglomération,Hors intersection,Normale,Autre collision,,,,,,,,,,,1,2,1,1.0,6.0
201000026623,0010-01-27 17:05:00,10,1,27,17,5,280,85,"7, DESPORTES (RUE PHILIP",48.4402,1.47999,Plein jour,En agglomération,Hors intersection,Normale,Trois véhicules et plus - en chaîne,,,,,,,,,,,1,2,1,1.0,4.0
201000026624,0010-01-28 21:10:00,10,1,28,21,10,280,218,"144, REPUBLIQUE (RUE DE",48.4389,1.45826,Nuit avec éclairage allumé,En agglomération,Intersection en X,Normale,Deux véhicules - côté,,,,,,,,,,,5,2,2,1.0,3.0
201000026625,0010-01-30 10:00:00,10,1,30,10,0,280,229,"SANS, REPUBLIQUE (PLACE",48.4511,1.46346,Plein jour,En agglomération,Hors intersection,Normale,Deux véhicules - arrière,,,,,,,,,,,1,2,1,1.0,2.0
201000026626,0010-02-03 15:10:00,10,2,3,15,10,280,220,"SANS, LEPINE (FRANÇOIS)",48.4275,1.46372,Plein jour,En agglomération,Hors intersection,Normale,Autre collision,,,,,,,,,,,1,2,1,1.0,6.0
201000026627,0010-02-04 07:25:00,10,2,4,7,25,280,85,"SANS, DUGUE (RUE FERDINA",48.4422,1.47536,Crépuscule ou aube,En agglomération,Hors intersection,Normale,Sans collision,,,,,,,,,,,2,2,1,1.0,7.0
201000026628,0010-02-04 13:35:00,10,2,4,13,35,280,85,"SANS, ORLEANS (AVENUE D'",48.4334,1.50797,Plein jour,En agglomération,Hors intersection,Normale,Deux véhicules - côté,,,,,,,,,,,1,2,1,1.0,3.0
201000026629,0010-02-04 13:40:00,10,2,4,13,40,280,218,"22, EUROPE (AVENUE DE L'",48.4419,1.45131,Plein jour,En agglomération,Hors intersection,Normale,Sans collision,,,,,,,,,,,1,2,1,1.0,7.0
201000026630,0010-02-05 15:30:00,10,2,5,15,30,280,85,"SANS, MENDES FRANCE (RUE",48.4423,1.49442,Plein jour,En agglomération,Hors intersection,Normale,Sans collision,,,,,,,,,,,1,2,1,1.0,7.0
201000026631,0010-02-10 17:10:00,10,2,10,17,10,280,85,"SANS, CHEVARD (RUE VINCE",48.4334,1.50623,Plein jour,En agglomération,Hors intersection,Neige / grêle,Deux véhicules - côté,,,,,,,,,,,1,2,1,4.0,3.0
201000026632,0010-02-13 10:55:00,10,2,13,10,55,280,85,"SANS, PAIX (RUE DE LA)",48.4701,1.48108,Plein jour,En agglomération,Hors intersection,Normale,Deux véhicules - côté,,,,,,,,,,,1,2,1,1.0,3.0
201000026633,0010-02-16 14:05:00,10,2,16,14,5,280,218,"SANS, RN 123",48.4289,1.43251,Plein jour,En agglomération,Hors intersection,Normale,Sans collision,,,,,,,,,,,1,2,1,1.0,7.0
201000026634,0010-02-16 09:10:00,10,2,16,9,10,280,85,"SANS, LAUNAY (RUE DE)",48.4332,1.49428,Plein jour,En agglomération,Hors intersection,Temps couvert,Sans collision,,,,,,,,,,,1,2,1,8.0,7.0
201000026635,0010-02-16 14:05:00,10,2,16,14,5,280,218,"SANS, RN 123",48.4277,1.43344,Plein jour,En agglomération,Hors intersection,Temps couvert,Sans collision,,,,,,,,,,,1,2,1,8.0,7.0
201000026636,0010-02-16 16:55:00,10,2,16,16,55,280,85,"SANS, BRETIGNY (RUE DE)",48.4376,1.50546,Plein jour,En agglomération,Hors intersection,Temps couvert,Sans collision,,,,,,,,,,,1,2,1,8.0,7.0
201000026637,0010-02-17 06:35:00,10,2,17,6,35,280,220,"SANS, AVENUE DE LA REPUB",48.4247,1.47076,Crépuscule ou aube,En agglomération,Hors intersection,Temps couvert,Autre collision,,,,,,,,,,,2,2,1,8.0,6.0
201000026638,0010-02-20 21:20:00,10,2,20,21,20,280,218,"89, FOREAU (RUE FRANCOIS",48.4365,1.45762,Nuit avec éclairage allumé,En agglomération,Hors intersection,Normale,Sans collision,,,,,,,,,,,5,2,1,1.0,7.0
201000026639,0010-02-22 07:45:00,10,2,22,7,45,280,85,"SANS, LA GRAPPE (FAUBOUR",48.4432,1.49875,Plein jour,En agglomération,Hors intersection,Normale,Deux véhicules - arrière,,,,,,,,,,,1,2,1,1.0,2.0
201000026640,0010-02-23 09:25:00,10,2,23,9,25,280,220,"SANS, LEPINE (FRANÇOIS)",48.4289,1.46572,Plein jour,En agglomération,Hors intersection,Normale,Deux véhicules - côté,,,,,,,,,,,1,2,1,1.0,3.0
201000026641,0010-02-23 19:55:00,10,2,23,19,55,280,85,"SANS, LECLERC (RUE DU MA",48.4399,1.475,Nuit sans éclairage public,En agglomération,Hors intersection,Normale,Deux véhicules - côté,,,,,,,,,,,3,2,1,1.0,3.0
201000026642,0010-02-25 09:15:00,10,2,25,9,15,280,220,"SANS, PERRIN (RUE JEAN)",48.4176,1.45105,Plein jour,En agglomération,Hors intersection,Normale,Sans collision,,,,,,,,,,,1,2,1,1.0,7.0
201000026643,0010-02-28 17:10:00,10,2,28,17,10,280,70,"SANS, PIGEON VOYAGEUR (R",48.4644,1.5041,Plein jour,En agglomération,Hors intersection,Normale,Deux véhicules - côté,,,,,,,,,,,1,2,1,1.0,3.0
201000026644,0010-03-01 14:55:00,10,3,1,14,55,280,85,EPARS (PLACE DES),48.4439,1.48348,Plein jour,En agglomération,Hors intersection,Normale,Sans collision,,,,,,,,,,,1,2,1,1.0,7.0
201000026645,0010-03-04 10:05:00,10,3,4,10,5,280,229,"SANS, DUNANT (IMPASSE HE",48.4464,1.46583,Plein jour,En agglomération,Hors intersection,Normale,Deux véhicules - côté,,,,,,,,,,,1,2,1,1.0,3.0
201000026646,0010-03-04 19:55:00,10,3,4,19,55,280,209,"SANS, PAIX (AVENUE DE LA",48.4681,1.47983,Nuit avec éclairage allumé,En agglomération,Hors intersection,Normale,Deux véhicules - frontale,,,,,,,,,,,5,2,1,1.0,1.0
201000026647,0010-03-05 08:45:00,10,3,5,8,45,280,218,"SANS, RN 123",48.4289,1.43251,Plein jour,Hors agglomération,Hors intersection,Normale,Trois véhicules et plus - en chaîne,,,,,,,,,,,1,1,1,1.0,4.0
201000026648,0010-03-05 12:40:00,10,3,5,12,40,280,85,"SANS, FOCH (BOULEVARD DU",48.4483,1.49259,Plein jour,En agglomération,Hors intersection,Normale,Deux véhicules - frontale,,,,,,,,,,,1,2,1,1.0,1.0
201000026649,0010-03-12 11:45:00,10,3,12,11,45,280,209,"SANS, RN 154",48.4854,1.47622,Plein jour,En agglomération,Hors intersection,Normale,Deux véhicules - côté,,,,,,,,,,,1,2,1,1.0,3.0
201000026650,0010-03-13 02:05:00,10,3,13,2,5,280,85,"SANS, ARAGO (RUE FRANCOI",48.4301,1.51644,Nuit avec éclairage allumé,En agglomération,Hors intersection,Normale,Sans collision,,,,,,,,,,,5,2,1,1.0,7.0
201000026651,0010-03-17 16:55:00,10,3,17,16,55,280,85,"SANS, CASANOVA (RUE DANI",48.4459,1.48184,Plein jour,En agglomération,Hors intersection,Normale,Sans collision,,,,,,,,,,,1,2,1,1.0,7.0
201000026652,0010-03-18 12:00:00,10,3,18,12,0,280,85,"SANS, FELIBIEN (RUE)",48.4484,1.48256,Plein jour,En agglomération,Hors intersection,Normale,Deux véhicules - côté,,,,,,,,,,,1,2,1,1.0,3.0
201000026653,0010-03-18 18:30:00,10,3,18,18,30,280,85,"2, CHICHESTER (PLACE DE)",48.4481,1.48067,Plein jour,En agglomération,Hors intersection,Normale,Autre collision,,,,,,,,,,,1,2,1,1.0,6.0
201000026654,0010-03-30 06:10:00,10,3,30,6,10,280,220,"52, LEPINE (FRANÇOIS)",48.4274,1.46504,Nuit avec éclairage allumé,En agglomération,Hors intersection,Pluie légère,Sans collision,,,,,,,,,,,5,2,1,2.0,7.0
201000026655,0010-04-01 16:15:00,10,4,1,16,15,280,85,"SANS, MERMOZ (RUE JEAN)",48.4499,1.50713,Plein jour,En agglomération,Hors intersection,Normale,Deux véhicules - arrière,,,,,,,,,,,1,2,1,1.0,2.0
201000026656,0010-04-05 16:10:00,10,4,5,16,10,280,85,LAENNEC (AVENUE DU DOCTE,48.4457,1.52928,Plein jour,Hors agglomération,Hors intersection,Normale,Deux véhicules - arrière,,,,,,,,,,,1,1,1,1.0,2.0
201000026657,0010-04-06 09:50:00,10,4,6,9,50,280,85,"06, ALSACE LORRAINE (RUE",48.4521,1.48547,Plein jour,En agglomération,Hors intersection,Normale,Autre collision,,,,,,,,,,,1,2,1,1.0,6.0
201000026658,0010-04-06 17:55:00,10,4,6,17,55,280,229,ROSTAND (RUE JEAN),48.4468,1.44326,Plein jour,En agglomération,Hors intersection,Normale,Deux véhicules - arrière,,,,,,,,,,,1,2,1,1.0,2.0
201000026659,0010-04-08 15:20:00,10,4,8,15,20,280,85,GRANDES FILLES DIEU (RUE,48.452,1.49221,Plein jour,En agglomération,Hors intersection,Normale,Deux véhicules - frontale,,,,,,,,,,,1,2,1,1.0,1.0
201000026660,0010-04-08 16:30:00,10,4,8,16,30,280,110,ROUTE NATIONALE 123,48.4213,1.50952,Plein jour,Hors agglomération,Hors intersection,Normale,Deux véhicules - arrière,,,,,,,,,,,1,1,1,1.0,2.0
201000026661,0010-04-12 15:35:00,10,4,12,15,35,280,85,"SANS, MERMOZ (RUE JEAN)",48.4513,1.51427,Plein jour,En agglomération,Intersection en T,Normale,Deux véhicules - côté,,,,,,,,,,,1,2,3,1.0,3.0
201000026662,0010-04-14 07:20:00,10,4,14,7,20,280,70,"SANS, D823",48.4658,1.52628,Plein jour,En agglomération,Hors intersection,Normale,Autre collision,,,,,,,,,,,1,2,1,1.0,6.0
201000026663,0010-04-14 18:05:00,10,4,14,18,5,280,85,"SANS, DIX SEPT AOUT (RUE",48.4435,1.5108,Plein jour,En agglomération,Intersection en X,Normale,Deux véhicules - côté,,,,,,,,,,,1,2,2,1.0,3.0
201000026664,0010-04-15 13:40:00,10,4,15,13,40,280,85,CHANZY (RUE ET ROND POIN,48.4373,1.48463,Plein jour,En agglomération,Intersection en X,Normale,Autre collision,,,,,,,,,,,1,2,2,1.0,6.0
201000026665,0010-04-17 17:45:00,10,4,17,17,45,280,209,"SANS, BUTTE CELTIQUE (RU",48.4842,1.47494,Plein jour,En agglomération,Hors intersection,Normale,Trois véhicules et plus - collisions multiples,,,,,,,,,,,1,2,1,1.0,5.0
201000026666,0010-04-22 15:05:00,10,4,22,15,5,280,229,"SANS, D939",48.4549,1.45985,Plein jour,En agglomération,Hors intersection,Normale,Deux véhicules - arrière,,,,,,,,,,,1,2,1,1.0,2.0
201000026667,0010-04-23 15:20:00,10,4,23,15,20,280,209,"SANS, PAIX (AVENUE DE LA",48.4693,1.48046,Plein jour,En agglomération,Hors intersection,Normale,Deux véhicules - côté,,,,,,,,,,,1,2,1,1.0,3.0
201000026668,0010-04-27 19:45:00,10,4,27,19,45,280,85,MENDES FRANCE (RUE PIERR,48.4424,1.49428,Crépuscule ou aube,En agglomération,Hors intersection,Normale,Sans collision,,,,,,,,,,,2,2,1,1.0,7.0
201000026669,0010-04-28 18:35:00,10,4,28,18,35,280,218,"67, TOURAINE (CLOS DE)",48.4313,1.44609,Crépuscule ou aube,En agglomération,Hors intersection,Normale,Deux véhicules - arrière,,,,,,,,,,,2,2,1,1.0,2.0
201000026670,0010-04-29 18:25:00,10,4,29,18,25,280,218,"SANS, EUROPE (CARREFOUR",48.4376,1.45066,Plein jour,En agglomération,Hors intersection,Normale,Autre collision,,,,,,,,,,,1,2,1,1.0,6.0
201000026671,0010-05-02 15:05:00,10,5,2,15,5,280,220,"SANS, GUTEMBERG (RUE)",48.4271,1.46264,Plein jour,En agglomération,Hors intersection,Normale,Deux véhicules - arrière,,,,,,,,,,,1,2,1,1.0,2.0
201000026672,0010-05-03 19:35:00,10,5,3,19,35,280,85,"SANS, GRAND FAUBOURG (RU",48.444,1.4829,Crépuscule ou aube,En agglomération,Hors intersection,Pluie légère,Sans collision,,,,,,,,,,,2,2,1,2.0,7.0
201000026673,0010-05-05 05:30:00,10,5,5,5,30,280,85,"SANS, CHAVANNES (RUE DE)",48.4575,1.47633,Nuit sans éclairage public,En agglomération,Hors intersection,Normale,Sans collision,,,,,,,,,,,3,2,1,1.0,7.0
201000026674,0010-05-06 18:20:00,10,5,6,18,20,280,85,"88, DUNANT (RUE HENRY)",48.4351,1.47944,Crépuscule ou aube,En agglomération,Hors intersection,Normale,Trois véhicules et plus - en chaîne,,,,,,,,,,,2,2,1,1.0,4.0
201000026675,0010-05-07 15:25:00,10,5,7,15,25,280,229,RN 1154,48.4629,1.45657,Plein jour,En agglomération,Hors intersection,Normale,Deux véhicules - arrière,,,,,,,,,,,1,2,1,1.0,2.0
201000026676,0010-05-07 21:35:00,10,5,7,21,35,280,85,"SANS, CHASLES (BOULEVARD",48.4425,1.48644,Nuit avec éclairage allumé,En agglomération,Intersection en X,Normale,Deux véhicules - côté,,,,,,,,,,,5,2,2,1.0,3.0