accident_id,datetime,annee,mois,jour,heure,minute,departement,commune_insee,adresse,latitude,longitude,luminosite,agglomeration,intersection,meteo,collision,nb_vehicules,nb_usagers,nb_indemnes,nb_tues,nb_blesses_hosp,nb_blesses_legers,age_cond_1,age_cond_2,veh_type_cond_1,veh_type_cond_2,lum_code,agg_code,int_code,atm_code,col_code
201000026795,0010-11-29 10:30:00,10,11,29,10,30,280,85,VIOLETTE (BOULEVARD MAUR,48.4463,1.48367,Plein jour,En agglomération,Hors intersection,Neige / grêle,Sans collision,,,,,,,,,,,1,2,1,4.0,7.0
201000026796,0010-12-03 08:40:00,10,12,3,8,40,280,209,PAIX (AVENUE DE LA ),48.4748,1.48055,Plein jour,En agglomération,Intersection en Y,Normale,Deux véhicules - frontale,,,,,,,,,,,1,2,4,1.0,1.0
201000026797,0010-12-11 13:40:00,10,12,11,13,40,280,85,PROUST (AVENUE MARCEL),48.4523,1.5248,Plein jour,En agglomération,Hors intersection,Normale,Autre collision,,,,,,,,,,,1,2,1,1.0,6.0
201000026798,0010-12-14 07:58:00,10,12,14,7,58,280,85,"SANS, CLEMENCEAU (BOULEV",48.4478,1.49304,Crépuscule ou aube,En agglomération,Hors intersection,Normale,Autre collision,,,,,,,,,,,2,2,1,1.0,6.0
201000026799,0010-10-27 07:00:00,10,10,27,7,0,280,229,"SANS, RN 1154",48.452,1.4456,Crépuscule ou aube,Hors agglomération,Hors intersection,Normale,Deux véhicules - frontale,,,,,,,,,,,2,1,1,1.0,1.0
201000026800,0010-12-20 14:25:00,10,12,20,14,25,280,85,"SANS, CHATEAUDUN (RUE DE",48.4415,1.48673,Plein jour,En agglomération,Intersection en T,Neige / grêle,Deux véhicules - arrière,,,,,,,,,,,1,2,3,4.0,2.0
201000026801,0010-03-21 11:00:00,10,3,21,11,0,420,49,,46.15566,3.87767,Plein jour,Hors agglomération,Hors intersection,Normale,Sans collision,,,,,,,,,,,1,1,1,1.0,7.0
201000026802,0010-05-26 17:15:00,10,5,26,17,15,420,163,RN7,46.17663,3.86621,Plein jour,En agglomération,Hors intersection,Normale,Autre collision,,,,,,,,,,,1,2,1,1.0,6.0
201000026803,0010-05-27 10:15:00,10,5,27,10,15,420,203,,46.1024,3.82668,Plein jour,Hors agglomération,Hors intersection,Pluie légère,Sans collision,,,,,,,,,,,1,1,1,2.0,7.0
201000026804,0010-05-28 18:45:00,10,5,28,18,45,420,198,Chemin des Charmilles,46.00755,3.93838,Plein jour,En agglomération,Hors intersection,Normale,Deux véhicules - côté,,,,,,,,,,,1,2,1,1.0,3.0
201000026805,0010-07-29 19:00:00,10,7,29,19,0,420,231,,46.09968,3.98098,Plein jour,Hors agglomération,Hors intersection,Normale,Autre collision,,,,,,,,,,,1,1,1,1.0,6.0
201000026806,0010-08-09 21:45:00,10,8,9,21,45,420,231,,46.10976,3.96084,Nuit sans éclairage public,Hors agglomération,Hors intersection,Normale,Autre collision,,,,,,,,,,,3,1,1,1.0,6.0
201000026807,0010-08-11 17:45:00,10,8,11,17,45,420,3,Rue de Faîmes,46.10402,3.8963,Plein jour,En agglomération,Hors intersection,Normale,Autre collision,,,,,,,,,,,1,2,1,1.0,6.0
201000026808,0010-08-12 07:00:00,10,8,12,7,0,420,182,CD9 AXE RENAISON/ROANNE,46.05175,3.94274,Plein jour,En agglomération,Hors intersection,Normale,Sans collision,,,,,,,,,,,1,2,1,1.0,7.0
201000026809,0010-08-15 13:30:00,10,8,15,13,30,420,157,,46.11791,4.02731,Plein jour,Hors agglomération,Hors intersection,Normale,Autre collision,,,,,,,,,,,1,1,1,1.0,6.0
201000026810,0010-08-28 23:15:00,10,8,28,23,15,420,176,ROND POINT DE LA BUCHE,46.04736,3.9848,Nuit avec éclairage allumé,En agglomération,Giratoire,Normale,Sans collision,,,,,,,,,,,5,2,6,1.0,7.0
201000026811,0010-09-07 11:15:00,10,9,7,11,15,420,284,,46.09771,3.9851,Plein jour,Hors agglomération,Hors intersection,Normale,Deux véhicules - frontale,,,,,,,,,,,1,1,1,1.0,1.0
201000026812,0010-09-13 15:30:00,10,9,13,15,30,420,220,,46.12401,3.93353,Plein jour,Hors agglomération,Hors intersection,Normale,Trois véhicules et plus - collisions multiples,,,,,,,,,,,1,1,1,1.0,5.0
201000026813,0010-09-16 23:45:00,10,9,16,23,45,420,163,,46.18653,3.87278,Nuit sans éclairage public,Hors agglomération,Hors intersection,Normale,Deux véhicules - frontale,,,,,,,,,,,3,1,1,1.0,1.0
201000026814,0010-10-12 09:30:00,10,10,12,9,30,420,317,,46.25453,3.89639,Plein jour,Hors agglomération,Hors intersection,Normale,Autre collision,,,,,,,,,,,1,1,1,1.0,6.0
201000026815,0010-11-10 17:45:00,10,11,10,17,45,420,176,Allée des Bleuets,46.043,3.975,Nuit avec éclairage allumé,En agglomération,Hors intersection,Pluie légère,Deux véhicules - frontale,,,,,,,,,,,5,2,1,2.0,1.0
201000026816,0010-11-17 14:15:00,10,11,17,14,15,420,182,ROND POINT CD8/CD9,46.05179,3.9356,Plein jour,En agglomération,Giratoire,Normale,Sans collision,,,,,,,,,,,1,2,6,1.0,7.0
201000026817,0010-11-23 19:00:00,10,11,23,19,0,420,284,,46.08393,4.02395,Nuit avec éclairage allumé,Hors agglomération,Hors intersection,Autre,Deux véhicules - frontale,,,,,,,,,,,5,1,1,9.0,1.0
201000026818,0010-01-02 15:00:00,10,1,2,15,0,280,134,"16, KENNEDY (AVENUE DU P",48.731,1.37778,Plein jour,En agglomération,Hors intersection,Normale,Autre collision,,,,,,,,,,,1,2,1,1.0,6.0
201000026819,0010-01-18 11:35:00,10,1,18,11,35,280,134,LECLERC (AVENUE DU GENER,48.7423,1.38748,Plein jour,Hors agglomération,Intersection en Y,Normale,Deux véhicules - arrière,,,,,,,,,,,1,1,4,1.0,2.0
201000026820,0010-01-25 11:25:00,10,1,25,11,25,280,404,GARNAY (ROND POINT DE),48.8808,1.50793,Plein jour,En agglomération,Hors intersection,Normale,Deux véhicules - arrière,,,,,,,,,,,1,2,1,1.0,2.0
201000026821,0010-01-27 23:20:00,10,1,27,23,20,280,134,LONGS REAGES (RUE DES),48.7394,1.33486,Nuit avec éclairage allumé,En agglomération,Intersection en X,Normale,Autre collision,,,,,,,,,,,5,2,2,1.0,6.0
201000026822,0010-02-01 10:50:00,10,2,1,10,50,280,332,"9,",48.7378,1.41764,Plein jour,En agglomération,Hors intersection,Normale,Deux véhicules - frontale,,,,,,,,,,,1,2,1,1.0,1.0
201000026823,0010-02-01 17:45:00,10,2,1,17,45,280,134,MIET (RUE RENE),48.7462,1.34296,Nuit avec éclairage non allumé,En agglomération,Intersection en T,Normale,Deux véhicules - côté,,,,,,,,,,,4,2,3,1.0,3.0
201000026824,0010-02-05 12:50:00,10,2,5,12,50,280,404,ROCADE SUD,48.7194,1.38167,Plein jour,Hors agglomération,Hors intersection,Normale,Deux véhicules - frontale,,,,,,,,,,,1,1,1,1.0,1.0
201000026825,0010-02-05 20:40:00,10,2,5,20,40,280,404,RD 928 (ROUTE DE CHATEAU,48.7145,1.36196,Plein jour,Hors agglomération,Hors intersection,Normale,Deux véhicules - arrière,,,,,,,,,,,1,1,1,1.0,2.0
201000026826,0010-02-06 16:45:00,10,2,6,16,45,280,98,RN 12 (PONT),48.7455,1.39353,Plein jour,Hors agglomération,Hors intersection,Normale,Sans collision,,,,,,,,,,,1,1,1,1.0,7.0
201000026827,0010-02-10 17:15:00,10,2,10,17,15,280,404,NUISEMENT (CHEMIN DE),48.7158,1.37398,Plein jour,En agglomération,Intersection en T,Normale,Deux véhicules - côté,,,,,,,,,,,1,2,3,1.0,3.0
201000026828,0010-02-18 16:25:00,10,2,18,16,25,280,134,DUNANT (RUE HENRI),48.7374,1.39002,Plein jour,En agglomération,Hors intersection,Pluie légère,Deux véhicules - arrière,,,,,,,,,,,1,2,1,2.0,2.0
201000026829,0010-02-25 11:15:00,10,2,25,11,15,280,134,OSMEAUX (RUE DES),48.7463,1.38628,Plein jour,En agglomération,Hors intersection,Pluie légère,Deux véhicules - arrière,,,,,,,,,,,1,2,1,2.0,2.0
201000026830,0010-03-02 11:50:00,10,3,2,11,50,280,134,RN 12 (ZONE COMMERCIALE),48.7465,1.35417,Plein jour,Hors agglomération,Hors intersection,Normale,Deux véhicules - côté,,,,,,,,,,,1,1,1,1.0,3.0
201000026831,0010-03-07 17:30:00,10,3,7,17,30,280,404,PRESSOIR (RUE DU),48.6847,1.36898,Plein jour,Hors agglomération,Hors intersection,Normale,Deux véhicules - côté,,,,,,,,,,,1,1,1,1.0,3.0
201000026832,0010-03-09 15:25:00,10,3,9,15,25,280,134,FERMAINCOURT (ROUTE DE),48.7476,1.38399,Plein jour,En agglomération,Hors intersection,Normale,Deux véhicules - côté,,,,,,,,,,,1,2,1,1.0,3.0
201000026833,0010-03-17 09:35:00,10,3,17,9,35,280,134,ROCADE EST,48.7352,1.38534,Plein jour,Hors agglomération,Hors intersection,Normale,Deux véhicules - arrière,,,,,,,,,,,1,1,1,1.0,2.0
201000026834,0010-03-24 09:10:00,10,3,24,9,10,280,134,GAULTS (RUE DES),48.7361,1.3717,Plein jour,En agglomération,Intersection en X,Normale,Deux véhicules - côté,,,,,,,,,,,1,2,2,1.0,3.0
201000026835,0010-03-24 19:45:00,10,3,24,19,45,280,134,GARENNE (RUE DE LA),48.7484,1.36348,Nuit avec éclairage allumé,En agglomération,Intersection en X,Normale,Deux véhicules - côté,,,,,,,,,,,5,2,2,1.0,3.0
201000026836,0010-03-26 17:00:00,10,3,26,17,0,280,134,KENNEDY (AVENUE DU PRESI,48.7312,1.37725,Plein jour,Hors agglomération,Hors intersection,Normale,Trois véhicules et plus - en chaîne,,,,,,,,,,,1,1,1,1.0,4.0
201000026837,0010-04-01 19:15:00,10,4,1,19,15,280,134,"26, MOULIN (AVENUE JEAN)",48.7301,1.37317,Plein jour,En agglomération,Hors intersection,Normale,Deux véhicules - frontale,,,,,,,,,,,1,2,1,1.0,1.0
201000026838,0010-04-02 22:45:00,10,4,2,22,45,280,404,MARTIN LUTHER KING (RUE),48.7198,1.34282,Nuit avec éclairage allumé,En agglomération,Hors intersection,Normale,Autre collision,,,,,,,,,,,5,2,1,1.0,6.0
201000026839,0010-04-16 18:50:00,10,4,16,18,50,280,134,RN 12 (ARCHE DU GAZON),48.7428,1.32289,Plein jour,Hors agglomération,Intersection en T,Normale,Deux véhicules - côté,,,,,,,,,,,1,1,3,1.0,3.0
201000026840,0010-04-17 15:35:00,10,4,17,15,35,280,134,"133, LECLERC (AVENUE DU",48.7386,1.38407,Plein jour,En agglomération,Hors intersection,Normale,Trois véhicules et plus - en chaîne,,,,,,,,,,,1,2,1,1.0,4.0
201000026841,0010-04-19 13:45:00,10,4,19,13,45,280,134,ROCADE EST,48.7216,1.38436,Plein jour,Hors agglomération,Hors intersection,Normale,Sans collision,,,,,,,,,,,1,1,1,1.0,7.0
201000026842,0010-04-21 20:30:00,10,4,21,20,30,280,404,INDUSTRIE (BLD DE L'),48.7115,1.36251,Plein jour,En agglomération,Hors intersection,Normale,Sans collision,,,,,,,,,,,1,2,1,1.0,7.0
201000026843,0010-04-27 14:10:00,10,4,27,14,10,280,134,HENRI IV (BD),48.7439,1.35619,Plein jour,En agglomération,Intersection en X,Normale,Deux véhicules - côté,,,,,,,,,,,1,2,2,1.0,3.0
201000026844,0010-04-27 18:20:00,10,4,27,18,20,280,404,"51, TORCAY (RUE DE)",48.7236,1.36323,Plein jour,En agglomération,Hors intersection,Normale,Autre collision,,,,,,,,,,,1,2,1,1.0,6.0
201000026845,0010-05-05 14:15:00,10,5,5,14,15,280,404,"80, DUPONT (RUE ARMAND)",48.7184,1.36564,Plein jour,Hors agglomération,Hors intersection,Normale,Sans collision,,,,,,,,,,,1,1,1,1.0,7.0
201000026846,0010-05-07 13:10:00,10,5,7,13,10,280,134,LIEVRE D'OR (RUE DU),48.7356,1.38774,Plein jour,En agglomération,Hors intersection,Normale,Autre collision,,,,,,,,,,,1,2,1,1.0,6.0
201000026847,0010-05-08 10:40:00,10,5,8,10,40,280,134,FERMAINCOURT (ROUTE DE),48.7478,1.38434,Plein jour,Hors agglomération,Hors intersection,Normale,Sans collision,,,,,,,,,,,1,1,1,1.0,7.0
201000026848,0010-05-08 17:35:00,10,5,8,17,35,280,404,ALLAINVILLE (RUE D'),48.7166,1.33728,Plein jour,En agglomération,Hors intersection,Normale,Autre collision,,,,,,,,,,,1,2,1,1.0,6.0
201000026849,0010-05-12 07:50:00,10,5,12,7,50,280,134,KENNEDY (AVENUE DU PRESI,48.7298,1.38218,Plein jour,En agglomération,Hors intersection,Normale,Deux véhicules - arrière,,,,,,,,,,,1,2,1,1.0,2.0
201000026850,0010-05-22 16:40:00,10,5,22,16,40,280,404,ROCADE OUEST,48.7297,1.34358,Plein jour,Hors agglomération,Hors intersection,Normale,Sans collision,,,,,,,,,,,1,1,1,1.0,7.0
201000026851,0010-05-24 01:45:00,10,5,24,1,45,280,223,CIMETIERE,48.7193,1.41385,Nuit avec éclairage non allumé,En agglomération,Hors intersection,Normale,Sans collision,,,,,,,,,,,4,2,1,1.0,7.0
201000026852,0010-05-24 12:10:00,10,5,24,12,10,280,134,ROCADE EST,48.7362,1.38431,Plein jour,En agglomération,Hors intersection,Normale,Sans collision,,,,,,,,,,,1,2,1,1.0,7.0
201000026853,0010-05-25 18:15:00,10,5,25,18,15,280,134,D152 (VERT EN DROUAIS),48.7428,1.32289,Plein jour,Hors agglomération,Intersection en T,Normale,Deux véhicules - frontale,,,,,,,,,,,1,1,3,1.0,1.0
201000026854,0010-05-26 18:30:00,10,5,26,18,30,280,134,RN 12 (CARREFOUR DELISLE,48.7461,1.36592,Plein jour,En agglomération,Hors intersection,Normale,Deux véhicules - côté,,,,,,,,,,,1,2,1,1.0,3.0
201000026855,0010-05-28 21:35:00,10,5,28,21,35,280,404,ROCADE SUD,48.716,1.37383,Nuit avec éclairage allumé,Hors agglomération,Hors intersection,Normale,Autre collision,,,,,,,,,,,5,1,1,1.0,6.0
201000026856,0010-05-30 12:15:00,10,5,30,12,15,280,134,"42, BOIS SABOT (RUE DU)",48.7398,1.35468,Plein jour,En agglomération,Hors intersection,Normale,Deux véhicules - frontale,,,,,,,,,,,1,2,1,1.0,1.0
201000026857,0010-05-31 15:55:00,10,5,31,15,55,280,134,RN 12 (CARREFOUR DELISLE,48.7461,1.3653,Plein jour,En agglomération,Hors intersection,Normale,Deux véhicules - arrière,,,,,,,,,,,1,2,1,1.0,2.0
201000026858,0010-06-02 16:35:00,10,6,2,16,35,280,134,ROND POINT DU GENERAL LE,48.7423,1.38748,Plein jour,En agglomération,Giratoire,Normale,Deux véhicules - arrière,,,,,,,,,,,1,2,6,1.0,2.0
201000026859,0010-06-07 08:35:00,10,6,7,8,35,280,134,LECLERC (AVENUE DU GENER,48.7403,1.37807,Plein jour,En agglomération,Hors intersection,Normale,Trois véhicules et plus - en chaîne,,,,,,,,,,,1,2,1,1.0,4.0
201000026860,0010-06-07 11:45:00,10,6,7,11,45,280,134,RD 929,48.728,1.38898,Plein jour,Hors agglomération,Intersection en X,Normale,Deux véhicules - côté,,,,,,,,,,,1,1,2,1.0,3.0
201000026861,0010-06-10 09:25:00,10,6,10,9,25,280,404,ROCADE SUD,48.7165,1.37573,Plein jour,Hors agglomération,Hors intersection,Pluie forte,Deux véhicules - arrière,,,,,,,,,,,1,1,1,3.0,2.0
201000026862,0010-06-18 17:40:00,10,6,18,17,40,280,404,ROCADE SUD,48.7158,1.37255,Plein jour,Hors agglomération,Hors intersection,Normale,Deux véhicules - côté,,,,,,,,,,,1,1,1,1.0,3.0
201000026863,0010-06-22 12:10:00,10,6,22,12,10,280,134,MUZY (RUE DE),48.7721,1.3496,Plein jour,En agglomération,Hors intersection,Normale,Sans collision,,,,,,,,,,,1,2,1,1.0,7.0
201000026864,0010-06-24 20:00:00,10,6,24,20,0,280,134,ROND POINT MELSUNGEN,48.731,1.36425,Plein jour,En agglomération,Giratoire,Normale,Deux véhicules - arrière,,,,,,,,,,,1,2,6,1.0,2.0
201000026865,0010-06-30 17:15:00,10,6,30,17,15,280,134,ROND POINT DES CHATELETS,48.7454,1.39171,Plein jour,Hors agglomération,Giratoire,Normale,Deux véhicules - côté,,,,,,,,,,,1,1,6,1.0,3.0
201000026866,0010-07-02 03:05:00,10,7,2,3,5,280,404,REAGES (RUE DES LONGS),48.7406,1.33618,Nuit sans éclairage public,En agglomération,Hors intersection,Normale,Sans collision,,,,,,,,,,,3,2,1,1.0,7.0
201000026867,0010-07-02 17:35:00,10,7,2,17,35,280,134,ETHE VIRTON (RUE D),48.7464,1.38632,Plein jour,Hors agglomération,Intersection en Y,Normale,Deux véhicules - frontale,,,,,,,,,,,1,1,4,1.0,1.0
201000026868,0010-07-04 11:15:00,10,7,4,11,15,280,1,VALENSI (RUE CHRISTIAN),48.7817,1.4454,Plein jour,En agglomération,Hors intersection,Normale,Sans collision,,,,,,,,,,,1,2,1,1.0,7.0
201000026869,0010-07-13 11:30:00,10,7,13,11,30,280,134,"85, BOIS SABOT (RUE DU)",48.7392,1.35987,Plein jour,En agglomération,Hors intersection,Normale,Sans collision,,,,,,,,,,,1,2,1,1.0,7.0
201000026870,0010-07-19 09:00:00,10,7,19,9,0,280,134,RN 12 (CARREFOUR DELISLE,48.7461,1.36643,Plein jour,Hors agglomération,Hors intersection,Normale,Deux véhicules - arrière,,,,,,,,,,,1,1,1,1.0,2.0
201000026871,0010-07-20 09:30:00,10,7,20,9,30,280,404,BREZOLLES (ROUTE DE),48.729,1.32142,Plein jour,Hors agglomération,Hors intersection,Normale,Deux véhicules - frontale,,,,,,,,,,,1,1,1,1.0,1.0
201000026872,0010-07-26 16:30:00,10,7,26,16,30,280,404,8 MAI 1945 (ESPLANADE DU,,,Plein jour,En agglomération,Hors intersection,Normale,Autre collision,,,,,,,,,,,1,2,1,1.0,6.0
201000026873,0010-07-30 18:40:00,10,7,30,18,40,280,404,FRANCOIS MITTERAND (AVE),48.7137,1.36148,Plein jour,En agglomération,Intersection en X,Normale,Deux véhicules - côté,,,,,,,,,,,1,2,2,1.0,3.0
201000026874,0010-08-07 19:50:00,10,8,7,19,50,280,134,RN 12 (LES CHATELETS),48.7454,1.3915,Plein jour,En agglomération,Hors intersection,Pluie légère,Sans collision,,,,,,,,,,,1,2,1,2.0,7.0
201000026875,0010-08-08 14:15:00,10,8,8,14,15,280,223,BORNE BLANCHE (RUE DE LA,48.7203,1.52781,Plein jour,En agglomération,Hors intersection,Normale,Sans collision,,,,,,,,,,,1,2,1,1.0,7.0
201000026876,0010-08-14 18:50:00,10,8,14,18,50,280,134,ROCADE EST,48.7272,1.38849,Plein jour,Hors agglomération,Hors intersection,Normale,Deux véhicules - frontale,,,,,,,,,,,1,1,1,1.0,1.0
201000026877,0010-08-18 18:30:00,10,8,18,18,30,280,134,LECLERC (AVENUE DU GENER,48.7407,1.38322,Plein jour,En agglomération,Hors intersection,Normale,Deux véhicules - arrière,,,,,,,,,,,1,2,1,1.0,2.0
201000026878,0010-08-14 20:00:00,10,8,14,20,0,280,134,ROCADE EST,48.7265,1.38803,Plein jour,Hors agglomération,Hors intersection,Normale,Sans collision,,,,,,,,,,,1,1,1,1.0,7.0
201000026879,0010-08-30 10:45:00,10,8,30,10,45,280,134,MARCHEBEAUX (RUE DES),48.7392,1.38115,Plein jour,En agglomération,Hors intersection,Normale,Autre collision,,,,,,,,,,,1,2,1,1.0,6.0
201000026880,0010-09-02 20:00:00,10,9,2,20,0,280,134,MOULIN (AVENUE JEAN),48.7299,1.37263,Plein jour,En agglomération,Intersection en T,Normale,Deux véhicules - côté,,,,,,,,,,,1,2,3,1.0,3.0
201000026881,0010-09-04 15:50:00,10,9,4,15,50,280,134,VIOLETTE (RUE MAURICE),48.7364,1.36585,Plein jour,En agglomération,Hors intersection,Normale,Autre collision,,,,,,,,,,,1,2,1,1.0,6.0
201000026882,0010-09-06 11:00:00,10,9,6,11,0,280,134,"55, VIOLETTE (RUE MAURIC",48.7383,1.36676,Plein jour,En agglomération,Intersection en T,Normale,Autre collision,,,,,,,,,,,1,2,3,1.0,6.0
201000026883,0010-09-20 17:40:00,10,9,20,17,40,280,134,REVEILLON (RUE DU),48.7478,1.3884,Plein jour,En agglomération,Intersection en X,Normale,Deux véhicules - frontale,,,,,,,,,,,1,2,2,1.0,1.0
201000026884,0010-09-21 16:00:00,10,9,21,16,0,280,134,CAPUCINS (RUE DES),48.7383,1.37084,Plein jour,En agglomération,Hors intersection,Normale,Autre collision,,,,,,,,,,,1,2,1,1.0,6.0
201000026885,0010-09-22 17:40:00,10,9,22,17,40,280,134,PAS DE LOUP (RUE JULES),48.7492,1.35324,Plein jour,En agglomération,Hors intersection,Normale,Sans collision,,,,,,,,,,,1,2,1,1.0,7.0
201000026886,0010-09-22 12:15:00,10,9,22,12,15,280,134,BAS BUISSONS (RUE DES),48.7472,1.35205,Plein jour,En agglomération,Hors intersection,Normale,Sans collision,,,,,,,,,,,1,2,1,1.0,7.0
201000026887,0010-09-27 14:10:00,10,9,27,14,10,280,134,"44, KENNEDY (AVENUE DU P",48.7302,1.38022,Plein jour,En agglomération,Hors intersection,Normale,Deux véhicules - côté,,,,,,,,,,,1,2,1,1.0,3.0
201000026888,0010-09-30 17:05:00,10,9,30,17,5,280,134,"11, EUROPE (BOULEVARD DE",48.7389,1.34895,Plein jour,En agglomération,Hors intersection,Normale,Autre collision,,,,,,,,,,,1,2,1,1.0,6.0
201000026889,0010-10-04 15:20:00,10,10,4,15,20,280,404,RN 154,48.7073,1.37087,Plein jour,Hors agglomération,Hors intersection,Pluie forte,Trois véhicules et plus - collisions multiples,,,,,,,,,,,1,1,1,3.0,5.0
201000026890,0010-10-05 17:45:00,10,10,5,17,45,280,134,BATES (AVE DES),48.7423,1.34547,Plein jour,En agglomération,Hors intersection,Pluie légère,Deux véhicules - arrière,,,,,,,,,,,1,2,1,2.0,2.0
201000026891,0010-10-10 12:45:00,10,10,10,12,45,280,404,8 MAI 1945 (ESPLANADE DU,48.7203,1.35571,Plein jour,En agglomération,Hors intersection,Normale,Autre collision,,,,,,,,,,,1,2,1,1.0,6.0
201000026892,0010-10-11 11:50:00,10,10,11,11,50,280,134,"132, SAINT THIBAULT (RUE",48.7335,1.34904,Plein jour,En agglomération,Hors intersection,Normale,Deux véhicules - côté,,,,,,,,,,,1,2,1,1.0,3.0
201000026893,0010-10-13 17:35:00,10,10,13,17,35,280,134,LONGS REAGES (RUE DES),48.741,1.33634,Plein jour,En agglomération,Hors intersection,Normale,Deux véhicules - côté,,,,,,,,,,,1,2,1,1.0,3.0
201000026894,0010-10-14 13:50:00,10,10,14,13,50,280,134,RN 12 (LES CHATELETS),48.7464,1.39804,Plein jour,Hors agglomération,Hors intersection,Normale,Sans collision,,,,,,,,,,,1,1,1,1.0,7.0
201000026895,0010-10-14 17:45:00,10,10,14,17,45,280,134,FERMAINCOURT (ROUTE DE),48.7525,1.38981,Crépuscule ou aube,Hors agglomération,Hors intersection,Normale,Deux véhicules - frontale,,,,,,,,,,,2,1,1,1.0,1.0
201000026896,0010-10-22 15:55:00,10,10,22,15,55,280,134,KOUDOUGOU (RUE DE),48.7374,1.34517,Plein jour,En agglomération,Hors intersection,Normale,Deux véhicules - arrière,,,,,,,,,,,1,2,1,1.0,2.0
201000026897,0010-10-22 16:35:00,10,10,22,16,35,280,134,HENRI IV (BD),48.7443,1.35576,Plein jour,En agglomération,Intersection en T,Normale,Deux véhicules - côté,,,,,,,,,,,1,2,3,1.0,3.0
201000026898,0010-10-25 17:45:00,10,10,25,17,45,280,134,ROND POINT DU GENERAL LE,48.7421,1.38749,Crépuscule ou aube,En agglomération,Hors intersection,Normale,Autre collision,,,,,,,,,,,2,2,1,1.0,6.0
201000026899,0010-10-26 15:45:00,10,10,26,15,45,280,404,DE GAULLE (ROND POINT CH,,,Plein jour,Hors agglomération,Giratoire,Normale,Deux véhicules - côté,,,,,,,,,,,1,1,6,1.0,3.0
201000026900,0010-10-27 12:15:00,10,10,27,12,15,280,223,MONTDROUARD (COTE),48.7275,1.39039,Plein jour,Hors agglomération,Hors intersection,Normale,Sans collision,,,,,,,,,,,1,1,1,1.0,7.0
201000026901,0010-11-03 18:30:00,10,11,3,18,30,280,134,KENNEDY (AVENUE DU PRESI,48.7291,1.38609,Nuit avec éclairage allumé,En agglomération,Intersection en X,Normale,Deux véhicules - côté,,,,,,,,,,,5,2,2,1.0,3.0
201000026902,0010-11-07 13:30:00,10,11,7,13,30,280,404,ROCADE SUD,48.7191,1.38056,Plein jour,Hors agglomération,Hors intersection,Pluie légère,Autre collision,,,,,,,,,,,1,1,1,2.0,6.0
201000026903,0010-11-09 17:50:00,10,11,9,17,50,280,404,RN 154,48.7189,1.38003,Nuit sans éclairage public,Hors agglomération,Hors intersection,Pluie légère,Sans collision,,,,,,,,,,,3,1,1,2.0,7.0
201000026904,0010-11-13 18:40:00,10,11,13,18,40,280,404,RN 154,48.7164,1.37542,Nuit avec éclairage allumé,Hors agglomération,Hors intersection,Pluie forte,Deux véhicules - frontale,,,,,,,,,,,5,1,1,3.0,1.0
201000026905,0010-12-08 07:40:00,10,12,8,7,40,280,134,CHURCHILL (AVENUE WINSTO,48.7392,1.38554,Nuit avec éclairage allumé,En agglomération,Hors intersection,Normale,Deux véhicules - arrière,,,,,,,,,,,5,2,1,1.0,2.0
201000026906,0010-12-15 10:10:00,10,12,15,10,10,280,134,LONGS REAGES (RUE DES),48.74,1.33587,Plein jour,En agglomération,Hors intersection,Normale,Deux véhicules - côté,,,,,,,,,,,1,2,1,1.0,3.0
201000026907,0010-12-17 18:45:00,10,12,17,18,45,220,305,station total RN 12,48.27223,-2.17464,Nuit sans éclairage public,Hors agglomération,Hors intersection,Autre,Deux véhicules - arrière,,,,,,,,,,,3,1,1,9.0,2.0
201000026908,0010-12-30 16:00:00,10,12,30,16,0,290,302,,48.25713,-4.11446,Plein jour,Hors agglomération,Hors intersection,Normale,Deux véhicules - arrière,,,,,,,,,,,1,1,1,1.0,2.0
201000026909,0010-12-29 11:45:00,10,12,29,11,45,350,12,,,,Plein jour,Hors agglomération,Hors intersection,Normale,Trois véhicules et plus - collisions multiples,,,,,,,,,,,1,1,1,1.0,5.0
201000026910,0010-04-13 09:00:00,10,4,13,9,0,10,419,,,,Plein jour,Hors agglomération,Hors intersection,Normale,Autre collision,,,,,,,,,,,1,1,1,1.0,6.0
201000026911,0010-06-12 13:00:00,10,6,12,13,0,10,360,,,,Plein jour,Hors agglomération,Hors intersection,Normale,Deux véhicules - côté,,,,,,,,,,,1,1,1,1.0,3.0
201000026912,0010-07-05 08:30:00,10,7,5,8,30,10,288,,,,Plein jour,Hors agglomération,Hors intersection,Temps éblouissant,Deux véhicules - côté,,,,,,,,,,,1,1,1,7.0,3.0
201000026913,0010-08-09 20:45:00,10,8,9,20,45,10,354,,,,Plein jour,Hors agglomération,Autre intersection,Normale,Deux véhicules - côté,,,,,,,,,,,1,1,9,1.0,3.0
201000026914,0010-08-20 00:01:00,10,8,20,0,1,10,354,,,,Nuit avec éclairage allumé,Hors agglomération,Giratoire,Normale,Autre collision,,,,,,,,,,,5,1,6,1.0,6.0
201000026915,0010-10-29 09:45:00,10,10,29,9,45,10,419,153 rue d'Allemogne,,,Plein jour,En agglomération,Hors intersection,Normale,Autre collision,,,,,,,,,,,1,2,1,1.0,6.0
201000026916,0010-10-28 16:00:00,10,10,28,16,0,10,288,route de Lyon,,,Plein jour,En agglomération,Intersection en X,Normale,Deux véhicules - côté,,,,,,,,,,,1,2,2,1.0,3.0