accident_id,datetime,annee,mois,jour,heure,minute,departement,commune_insee,adresse,latitude,longitude,luminosite,agglomeration,intersection,meteo,collision,nb_vehicules,nb_usagers,nb_indemnes,nb_tues,nb_blesses_hosp,nb_blesses_legers,age_cond_1,age_cond_2,veh_type_cond_1,veh_type_cond_2,lum_code,agg_code,int_code,atm_code,col_code
201000026917,0010-12-03 18:45:00,10,12,3,18,45,10,109,,,,Crépuscule ou aube,Hors agglomération,Hors intersection,Neige / grêle,Deux véhicules - frontale,,,,,,,,,,,2,1,1,4.0,1.0
201000026918,0010-12-05 16:45:00,10,12,5,16,45,10,419,,,,Crépuscule ou aube,Hors agglomération,Hors intersection,Pluie légère,Deux véhicules - côté,,,,,,,,,,,2,1,1,2.0,3.0
201000026919,0010-04-18 14:30:00,10,4,18,14,30,540,428,39 RUE LA VALLÉE,,,Plein jour,En agglomération,Hors intersection,Normale,Autre collision,,,,,,,,,,,1,2,1,1.0,6.0
201000026920,0010-05-04 21:45:00,10,5,4,21,45,540,172,,49.4528,5.70584,Nuit sans éclairage public,Hors agglomération,Hors intersection,Normale,Autre collision,,,,,,,,,,,3,1,1,1.0,6.0
201000026921,0010-05-28 18:00:00,10,5,28,18,0,540,138,,49.5264,5.69126,Plein jour,Hors agglomération,Hors intersection,Normale,Autre collision,,,,,,,,,,,1,1,1,1.0,6.0
201000026922,0010-05-30 05:45:00,10,5,30,5,45,540,322,"RN43, HAMMEAU DE NOERS",49.43377,5.5818,Crépuscule ou aube,En agglomération,Hors intersection,Temps couvert,Sans collision,,,,,,,,,,,2,2,1,8.0,7.0
201000026923,0010-06-03 17:15:00,10,6,3,17,15,540,234,51 RUE JEANNE D'ARC,49.5378,5.6836,Plein jour,En agglomération,Hors intersection,Temps éblouissant,Deux véhicules - frontale,,,,,,,,,,,1,2,1,7.0,1.0
201000026924,0010-06-16 17:30:00,10,6,16,17,30,540,322,INT LIBÉRATION/PLATINERI,49.44124,5.61876,Plein jour,En agglomération,Intersection en T,Normale,Autre collision,,,,,,,,,,,1,2,3,1.0,6.0
201000026925,0010-07-01 21:00:00,10,7,1,21,0,540,476,,49.4484,5.48815,Nuit sans éclairage public,Hors agglomération,Hors intersection,Normale,Sans collision,,,,,,,,,,,3,1,1,1.0,7.0
201000026926,0010-07-08 20:30:00,10,7,8,20,30,540,322,,,,Plein jour,Hors agglomération,Hors intersection,Normale,Deux véhicules - frontale,,,,,,,,,,,1,1,1,1.0,1.0
201000026927,0010-07-11 20:15:00,10,7,11,20,15,540,582,,49.4672,5.54074,Plein jour,Hors agglomération,Hors intersection,Normale,Autre collision,,,,,,,,,,,1,1,1,1.0,6.0
201000026928,0010-08-03 19:15:00,10,8,3,19,15,540,314,,49.4977,5.74089,Plein jour,Hors agglomération,Hors intersection,Normale,Deux véhicules - frontale,,,,,,,,,,,1,1,1,1.0,1.0
201000026929,0010-08-05 13:45:00,10,8,5,13,45,540,172,3 RUE DES MOISSONNEURS,49.4436,5.69967,Plein jour,En agglomération,Hors intersection,Normale,Autre collision,,,,,,,,,,,1,2,1,1.0,6.0
201000026930,0010-08-18 11:20:00,10,8,18,11,20,540,322,,49.4305,5.5797,Plein jour,Hors agglomération,Hors intersection,Pluie légère,Sans collision,,,,,,,,,,,1,1,1,2.0,7.0
201000026931,0010-08-21 06:20:00,10,8,21,6,20,540,514,,,,Plein jour,Hors agglomération,Hors intersection,Normale,Sans collision,,,,,,,,,,,1,1,1,1.0,7.0
201000026932,0010-09-01 16:45:00,10,9,1,16,45,540,322,4 RUE PAUL DOUMER,,,Plein jour,En agglomération,Hors intersection,Normale,Deux véhicules - arrière,,,,,,,,,,,1,2,1,1.0,2.0
201000026933,0010-09-24 15:45:00,10,9,24,15,45,540,314,AVENUE DE LA LIBÉRATION,,,Plein jour,En agglomération,Hors intersection,Pluie légère,Sans collision,,,,,,,,,,,1,2,1,2.0,7.0
201000026934,0010-10-07 08:00:00,10,10,7,8,0,540,236,,,,Plein jour,Hors agglomération,Hors intersection,Temps éblouissant,Deux véhicules - arrière,,,,,,,,,,,1,1,1,7.0,2.0
201000026935,0010-11-05 14:00:00,10,11,5,14,0,540,137,rue de l'abattoir,,,Plein jour,En agglomération,Hors intersection,Normale,Sans collision,,,,,,,,,,,1,2,1,1.0,7.0
201000026936,0010-11-05 14:45:00,10,11,5,14,45,540,322,,,,Plein jour,En agglomération,Hors intersection,Normale,Deux véhicules - frontale,,,,,,,,,,,1,2,1,1.0,1.0
201000026937,0010-11-27 20:00:00,10,11,27,20,0,540,314,,,,Nuit sans éclairage public,Hors agglomération,Hors intersection,Normale,Autre collision,,,,,,,,,,,3,1,1,1.0,6.0
201000026938,0010-12-18 03:45:00,10,12,18,3,45,830,48,,43.18,6.55,Nuit sans éclairage public,Hors agglomération,Hors intersection,Normale,Sans collision,,,,,,,,,,,3,1,1,1.0,7.0
201000026939,0010-12-21 18:30:00,10,12,21,18,30,830,36,Avenue Pierre Rameil,,,Nuit avec éclairage allumé,En agglomération,Hors intersection,Pluie forte,Autre collision,,,,,,,,,,,5,2,1,3.0,6.0
201000026940,0010-12-26 10:45:00,10,12,26,10,45,830,48,BOULEVARD DE LA MER,43.324,6.925,Plein jour,En agglomération,Hors intersection,Temps couvert,Deux véhicules - frontale,,,,,,,,,,,1,2,1,8.0,1.0
201000026941,0010-07-09 23:00:00,10,7,9,23,0,210,244,SENS PARIS-LYON,47.3013,4.50333,Nuit sans éclairage public,Hors agglomération,Hors intersection,Normale,Deux véhicules - arrière,,,,,,,,,,,3,1,1,1.0,2.0
201000026942,0010-08-28 15:15:00,10,8,28,15,15,210,214,A6 SENS PARIS LYON,47.1915,4.66781,Plein jour,Hors agglomération,Hors intersection,Normale,Deux véhicules - côté,,,,,,,,,,,1,1,1,1.0,3.0
201000026943,0010-09-01 22:30:00,10,9,1,22,30,210,87,A6 LYON VERS PARIS,47.102,4.7181,Nuit sans éclairage public,Hors agglomération,Hors intersection,Normale,Autre collision,,,,,,,,,,,3,1,1,1.0,6.0
201000026944,0010-09-05 22:30:00,10,9,5,22,30,210,298,,47.321,4.49122,Nuit sans éclairage public,Hors agglomération,Hors intersection,Normale,Autre collision,,,,,,,,,,,3,1,1,1.0,6.0
201000026945,0010-09-11 13:45:00,10,9,11,13,45,210,676,,47.4541,4.2658,Plein jour,Hors agglomération,Hors intersection,Normale,Autre collision,,,,,,,,,,,1,1,1,1.0,6.0
201000026946,0010-12-25 23:59:00,10,12,25,23,59,210,282,,47.4734,4.21104,Nuit sans éclairage public,Hors agglomération,Hors intersection,Neige / grêle,Deux véhicules - arrière,,,,,,,,,,,3,1,1,4.0,2.0
201000026947,0010-01-02 14:50:00,10,1,2,14,50,290,19,"64, MONTAIGNE (DE 39 A 1",48.40368,-4.48041,Plein jour,En agglomération,Intersection en X,Normale,Autre collision,,,,,,,,,,,1,2,2,1.0,6.0
201000026948,0010-01-06 13:05:00,10,1,6,13,5,290,19,"., EUROPE (DE 58 A 166 E",48.40929,-4.48505,Plein jour,En agglomération,Intersection en X,Normale,Deux véhicules - côté,,,,,,,,,,,1,2,2,1.0,3.0
201000026949,0010-01-11 18:20:00,10,1,11,18,20,290,19,"., DIX HUIT JUIN 1940",48.3862,-4.50305,Crépuscule ou aube,En agglomération,Intersection en X,Normale,Deux véhicules - côté,,,,,,,,,,,2,2,2,1.0,3.0
201000026950,0010-01-14 14:45:00,10,1,14,14,45,290,19,"., EINSTEIN ALBERT",48.40913,-4.46281,Plein jour,En agglomération,Hors intersection,Normale,Autre collision,,,,,,,,,,,1,2,1,1.0,6.0
201000026951,0010-01-18 05:25:00,10,1,18,5,25,290,19,"., PEN AR CH'LEUZ",48.41505,-4.47949,Nuit avec éclairage allumé,En agglomération,Giratoire,Brouillard / fumée,Sans collision,,,,,,,,,,,5,2,6,5.0,7.0
201000026952,0010-01-19 16:10:00,10,1,19,16,10,290,19,"135, VERDUN (DE 53 A 199",48.39862,-4.45444,Plein jour,En agglomération,Intersection en X,Normale,Autre collision,,,,,,,,,,,1,2,2,1.0,6.0
201000026953,0010-01-24 16:05:00,10,1,24,16,5,290,19,"., FRANCE ANATOLE (DE 1",48.38291,-4.51066,Plein jour,En agglomération,Intersection en T,Normale,Deux véhicules - côté,,,,,,,,,,,1,2,3,1.0,3.0
201000026954,0010-01-26 12:10:00,10,1,26,12,10,290,19,BLUM LEON,48.40127,-4.48402,Plein jour,En agglomération,Hors intersection,Normale,Autre collision,,,,,,,,,,,1,2,1,1.0,6.0
201000026955,0010-01-27 17:00:00,10,1,27,17,0,290,19,"., TALLIN",48.38801,-4.52841,Plein jour,En agglomération,Hors intersection,Temps couvert,Deux véhicules - côté,,,,,,,,,,,1,2,1,8.0,3.0
201000026956,0010-01-29 08:05:00,10,1,29,8,5,290,19,"., TARENTE",48.4051,-4.51016,Nuit avec éclairage allumé,En agglomération,Hors intersection,Normale,Autre collision,,,,,,,,,,,5,2,1,1.0,6.0
201000026957,0010-01-28 12:10:00,10,1,28,12,10,290,19,"., LESVEN JULES (DE 1 A",48.41233,-4.49019,Plein jour,En agglomération,Hors intersection,Normale,Autre collision,,,,,,,,,,,1,2,1,1.0,6.0
201000026958,0010-01-29 17:30:00,10,1,29,17,30,290,19,"., SAINT MARC ROUTE DU V",48.39335,-4.44519,Plein jour,En agglomération,Hors intersection,Normale,Autre collision,,,,,,,,,,,1,2,1,1.0,6.0
201000026959,0010-01-29 22:20:00,10,1,29,22,20,290,19,"., BOUGUEN",48.40068,-4.49974,Nuit avec éclairage allumé,En agglomération,Hors intersection,Normale,Autre collision,,,,,,,,,,,5,2,1,1.0,6.0
201000026960,0010-01-31 02:52:00,10,1,31,2,52,290,19,"., FILIGER CHARLES",48.40239,-4.45666,Nuit sans éclairage public,En agglomération,Intersection en Y,Normale,Sans collision,,,,,,,,,,,3,2,4,1.0,7.0
201000026961,0010-02-10 13:25:00,10,2,10,13,25,290,19,"., KERTATUPAGE (ROND POI",48.40933,-4.4829,Plein jour,En agglomération,Giratoire,Normale,Trois véhicules et plus - en chaîne,,,,,,,,,,,1,2,6,1.0,4.0
201000026962,0010-02-11 12:20:00,10,2,11,12,20,290,19,"., EUROPE (DE 13 A 15)",48.41629,-4.46814,Plein jour,En agglomération,Intersection en X,Normale,Deux véhicules - côté,,,,,,,,,,,1,2,2,1.0,3.0
201000026963,0010-02-14 02:05:00,10,2,14,2,5,290,19,"., SALAUN PENQUER",48.38255,-4.48948,Nuit avec éclairage allumé,En agglomération,Hors intersection,Normale,Deux véhicules - frontale,,,,,,,,,,,5,2,1,1.0,1.0
201000026964,0010-02-18 12:05:00,10,2,18,12,5,290,19,"., KEROURIEN (DE 1 A 25",48.38324,-4.53128,Plein jour,En agglomération,Hors intersection,Normale,Deux véhicules - côté,,,,,,,,,,,1,2,1,1.0,3.0
201000026965,0010-02-21 06:21:00,10,2,21,6,21,290,19,"118, PARIS ( 33 ET 42 A",48.409,-4.45745,Nuit avec éclairage allumé,En agglomération,Intersection en T,Pluie forte,Autre collision,,,,,,,,,,,5,2,3,3.0,6.0
201000026966,0010-02-26 12:25:00,10,2,26,12,25,290,19,"., COLLET YVES (DE 1 A 2",48.39654,-4.47525,Plein jour,En agglomération,Intersection à plus de 4 branches,Normale,Deux véhicules - côté,,,,,,,,,,,1,2,5,1.0,3.0
201000026967,0010-03-05 19:15:00,10,3,5,19,15,290,19,"., LOTI PIERRE",48.41322,-4.49122,Crépuscule ou aube,En agglomération,Hors intersection,Normale,Deux véhicules - arrière,,,,,,,,,,,2,2,1,1.0,2.0
201000026968,0010-03-06 15:45:00,10,3,6,15,45,290,19,"., LOUPPE ALBERT (DE 1 A",48.40362,-4.4723,Plein jour,En agglomération,Intersection en T,Normale,Deux véhicules - côté,,,,,,,,,,,1,2,3,1.0,3.0
201000026969,0010-03-07 21:34:00,10,3,7,21,34,290,19,"., EUROPE (DE 58 A 166 E",48.41322,-4.49124,Nuit avec éclairage allumé,En agglomération,Intersection en X,Normale,Deux véhicules - côté,,,,,,,,,,,5,2,2,1.0,3.0
201000026970,0010-03-08 11:55:00,10,3,8,11,55,290,19,"., VALY HIR (DE 1 A 19 E",48.38557,-4.51655,Plein jour,En agglomération,Intersection en X,Normale,Deux véhicules - côté,,,,,,,,,,,1,2,2,1.0,3.0
201000026971,0010-03-09 17:30:00,10,3,9,17,30,290,19,"., LESSEPS FERDINAND DE",48.41859,-4.46063,Plein jour,En agglomération,Hors intersection,Normale,Deux véhicules - côté,,,,,,,,,,,1,2,1,1.0,3.0
201000026972,0010-03-10 14:05:00,10,3,10,14,5,290,19,"., PORTE (PLACE DE LA)",48.38425,-4.50249,Plein jour,En agglomération,Intersection en X,Autre,Deux véhicules - côté,,,,,,,,,,,1,2,2,9.0,3.0
201000026973,0010-03-10 16:10:00,10,3,10,16,10,290,19,"., DESFOSSES ROMAIN (AMI",48.42503,-4.48255,Plein jour,En agglomération,Giratoire,Normale,Deux véhicules - arrière,,,,,,,,,,,1,2,6,1.0,2.0
201000026974,0010-03-18 07:30:00,10,3,18,7,30,290,19,"., CHOISEUL",48.4082,-4.4871,Crépuscule ou aube,En agglomération,Intersection en X,Normale,Deux véhicules - côté,,,,,,,,,,,2,2,2,1.0,3.0
201000026975,0010-03-20 15:25:00,10,3,20,15,25,290,19,"., GLASGOW (DE 1 A 9 ET",48.3971,-4.48341,Plein jour,En agglomération,Hors intersection,Normale,Autre collision,,,,,,,,,,,1,2,1,1.0,6.0
201000026976,0010-03-21 16:45:00,10,3,21,16,45,290,19,"., KANT",48.3932,-4.51971,Plein jour,En agglomération,Hors intersection,Normale,Autre collision,,,,,,,,,,,1,2,1,1.0,6.0
201000026977,0010-03-25 08:55:00,10,3,25,8,55,290,19,"., SAINT VINCENT DE PAUL",48.41926,-4.48847,Plein jour,En agglomération,Hors intersection,Normale,Deux véhicules - arrière,,,,,,,,,,,1,2,1,1.0,2.0
201000026978,0010-03-26 19:20:00,10,3,26,19,20,290,19,"., KERVALLAN (ROUTE)",48.39271,-4.51304,Plein jour,En agglomération,Hors intersection,Normale,Deux véhicules - frontale,,,,,,,,,,,1,2,1,1.0,1.0
201000026979,0010-03-30 18:50:00,10,3,30,18,50,290,19,"., DUPLEIX",48.39301,-4.48442,Plein jour,En agglomération,Hors intersection,Normale,Autre collision,,,,,,,,,,,1,2,1,1.0,6.0
201000026980,0010-04-03 23:50:00,10,4,3,23,50,290,19,"., KERVERN AUGUSTE",48.40112,-4.489,Nuit avec éclairage allumé,En agglomération,Intersection en T,Normale,Deux véhicules - côté,,,,,,,,,,,5,2,3,1.0,3.0
201000026981,0010-04-09 13:00:00,10,4,9,13,0,290,19,"., MOULIN JEAN (DE 1 A 9",48.39175,-4.4959,Plein jour,En agglomération,Intersection en T,Normale,Deux véhicules - côté,,,,,,,,,,,1,2,3,1.0,3.0
201000026982,0010-04-13 09:00:00,10,4,13,9,0,290,19,"11, GILLOUX YVES (DE 1 A",48.4156,-4.48949,Plein jour,En agglomération,Hors intersection,Normale,Autre collision,,,,,,,,,,,1,2,1,1.0,6.0
201000026983,0010-04-15 13:45:00,10,4,15,13,45,290,19,"36, EUROPE (DE 37 A 47)",48.41322,-4.49122,Plein jour,En agglomération,Hors intersection,Normale,Autre collision,,,,,,,,,,,1,2,1,1.0,6.0
201000026984,0010-04-17 15:40:00,10,4,17,15,40,290,19,"., EUSEN VICTOR",48.37969,-4.53494,Plein jour,En agglomération,Intersection en X,Autre,Deux véhicules - arrière,,,,,,,,,,,1,2,2,9.0,2.0
201000026985,0010-04-18 14:00:00,10,4,18,14,0,290,19,"28, TARENTE",48.4051,-4.51016,Plein jour,En agglomération,Hors intersection,Normale,Autre collision,,,,,,,,,,,1,2,1,1.0,6.0
201000026986,0010-04-20 17:10:00,10,4,20,17,10,290,19,"., PREMIERE DFL (AVENUE)",48.37421,-4.55862,Plein jour,Hors agglomération,Hors intersection,Normale,Deux véhicules - côté,,,,,,,,,,,1,1,1,1.0,3.0
201000026987,0010-04-20 22:30:00,10,4,20,22,30,290,19,"., BLUM LEON",48.40567,-4.48471,Nuit avec éclairage allumé,En agglomération,Hors intersection,Normale,Autre collision,,,,,,,,,,,5,2,1,1.0,6.0
201000026988,0010-04-25 18:30:00,10,4,25,18,30,290,19,"., PEN AR CH'LEUZ",48.41472,-4.47949,Plein jour,En agglomération,Hors intersection,Normale,Trois véhicules et plus - en chaîne,,,,,,,,,,,1,2,1,1.0,4.0
201000026989,0010-04-25 19:40:00,10,4,25,19,40,290,19,"., PEN AR CH'LEUZ",48.41471,-4.47946,Plein jour,En agglomération,Hors intersection,Normale,Trois véhicules et plus - en chaîne,,,,,,,,,,,1,2,1,1.0,4.0
201000026990,0010-04-27 07:55:00,10,4,27,7,55,290,19,"37, SAINT VINCENT DE PAU",48.42063,-4.49255,Plein jour,En agglomération,Hors intersection,Normale,Autre collision,,,,,,,,,,,1,2,1,1.0,6.0
201000026991,0010-04-28 11:33:00,10,4,28,11,33,290,19,"., CLEMENCEAU GEORGES (D",48.39002,-4.48952,Plein jour,En agglomération,Intersection en X,Normale,Deux véhicules - côté,,,,,,,,,,,1,2,2,1.0,3.0
201000026992,0010-04-28 16:00:00,10,4,28,16,0,290,19,"., KANT",48.39322,-4.51976,Plein jour,En agglomération,Giratoire,Normale,Deux véhicules - côté,,,,,,,,,,,1,2,6,1.0,3.0
201000026993,0010-04-29 21:22:00,10,4,29,21,22,290,19,"., REVEILLERE AMIRAL (N°",48.38681,-4.48446,Plein jour,En agglomération,Intersection en X,Normale,Autre collision,,,,,,,,,,,1,2,2,1.0,6.0
201000026994,0010-05-03 14:40:00,10,5,3,14,40,290,19,"., PIDOUX LOUIS",48.39636,-4.46949,Plein jour,En agglomération,Intersection en X,Normale,Deux véhicules - côté,,,,,,,,,,,1,2,2,1.0,3.0
201000026995,0010-05-07 11:15:00,10,5,7,11,15,290,19,"., ROND POINT Dun Laogha",48.40196,-4.50242,Plein jour,En agglomération,Giratoire,Pluie légère,Deux véhicules - côté,,,,,,,,,,,1,2,6,2.0,3.0
201000026996,0010-05-08 18:10:00,10,5,8,18,10,290,19,"., CASABIANCA",48.37381,-4.53487,Plein jour,En agglomération,Intersection en X,Normale,Deux véhicules - côté,,,,,,,,,,,1,2,2,1.0,3.0
201000026997,0010-05-06 18:15:00,10,5,6,18,15,290,19,"37, SAINT VINCENT DE PAU",48.42039,-4.49186,Plein jour,En agglomération,Hors intersection,Normale,Autre collision,,,,,,,,,,,1,2,1,1.0,6.0
201000026998,0010-05-10 11:30:00,10,5,10,11,30,290,19,"., LE GORGEU (N°29 (TOTA",48.40195,-4.50241,Plein jour,En agglomération,Hors intersection,Normale,Autre collision,,,,,,,,,,,1,2,1,1.0,6.0
201000026999,0010-05-14 11:00:00,10,5,14,11,0,290,19,"., DUPUY DE LOME (DE 1 A",48.38888,-4.5099,Plein jour,En agglomération,Hors intersection,Pluie légère,Autre collision,,,,,,,,,,,1,2,1,2.0,6.0
201000027000,0010-05-18 07:40:00,10,5,18,7,40,290,19,"., EUROPE (DE 58 A 166 E",48.41008,-4.51428,Plein jour,En agglomération,Hors intersection,Normale,Deux véhicules - arrière,,,,,,,,,,,1,2,1,1.0,2.0
201000027001,0010-05-19 00:16:00,10,5,19,0,16,290,19,"., ROOSEVELT FRANKLIN (A",48.38253,-4.48944,Nuit sans éclairage public,En agglomération,Hors intersection,Normale,Autre collision,,,,,,,,,,,3,2,1,1.0,6.0
201000027002,0010-05-22 11:50:00,10,5,22,11,50,290,19,"., ROBESPIERRE (DE 33 A",48.41443,-4.49191,Plein jour,En agglomération,Hors intersection,Normale,Deux véhicules - arrière,,,,,,,,,,,1,2,1,1.0,2.0
201000027003,0010-05-21 18:00:00,10,5,21,18,0,290,19,"., MONTAIGNE (DE 1 A 37",48.40366,-4.48047,Plein jour,En agglomération,Intersection en X,Normale,Deux véhicules - côté,,,,,,,,,,,1,2,2,1.0,3.0
201000027004,0010-05-23 14:30:00,10,5,23,14,30,290,19,"., LESVEN JULES (DE 18 A",48.40528,-4.47805,Plein jour,En agglomération,Giratoire,Normale,Deux véhicules - côté,,,,,,,,,,,1,2,6,1.0,3.0
201000027005,0010-05-25 15:35:00,10,5,25,15,35,290,19,"., JAURES JEAN (DE 239 E",48.40252,-4.46703,Plein jour,En agglomération,Hors intersection,Normale,Autre collision,,,,,,,,,,,1,2,1,1.0,6.0
201000027006,0010-05-25 16:45:00,10,5,25,16,45,290,19,"., EUROPE (DE 58 A 166 E",48.41591,-4.47166,Plein jour,En agglomération,Hors intersection,Normale,Deux véhicules - côté,,,,,,,,,,,1,2,1,1.0,3.0
201000027007,0010-05-26 12:00:00,10,5,26,12,0,290,19,"., PRIGENT TANGUY (DE ME",48.39067,-4.53756,Plein jour,Hors agglomération,Giratoire,Normale,Deux véhicules - côté,,,,,,,,,,,1,1,6,1.0,3.0
201000027008,0010-05-30 12:15:00,10,5,30,12,15,290,19,"12, LANGUEDOC",48.40603,-4.51576,Plein jour,En agglomération,Hors intersection,Normale,Deux véhicules - frontale,,,,,,,,,,,1,2,1,1.0,1.0
201000027009,0010-05-31 17:25:00,10,5,31,17,25,290,19,"., FAURE GABRIEL",48.40956,-4.4994,Plein jour,En agglomération,Hors intersection,Normale,Autre collision,,,,,,,,,,,1,2,1,1.0,6.0
201000027010,0010-06-06 00:48:00,10,6,6,0,48,290,19,"., BLUM LEON",48.40748,-4.48505,Nuit avec éclairage allumé,En agglomération,Intersection en X,Normale,Deux véhicules - côté,,,,,,,,,,,5,2,2,1.0,3.0
201000027011,0010-06-09 15:15:00,10,6,9,15,15,290,19,"., SAINTE ANNE DU PORTZI",48.3615,-4.55795,Plein jour,En agglomération,Hors intersection,Normale,Deux véhicules - arrière,,,,,,,,,,,1,2,1,1.0,2.0
201000027012,0010-06-10 17:55:00,10,6,10,17,55,290,19,"., TALLIN",48.38897,-4.52291,Plein jour,En agglomération,Hors intersection,Pluie forte,Deux véhicules - arrière,,,,,,,,,,,1,2,1,3.0,2.0
201000027013,0010-06-10 18:00:00,10,6,10,18,0,290,19,"13, KERELIE",48.41056,-4.49322,Plein jour,En agglomération,Hors intersection,Pluie forte,Deux véhicules - côté,,,,,,,,,,,1,2,1,3.0,3.0
201000027014,0010-06-11 10:20:00,10,6,11,10,20,290,19,"., MADAGASCAR",48.38638,-4.47973,Plein jour,En agglomération,Intersection en T,Normale,Autre collision,,,,,,,,,,,1,2,3,1.0,6.0
201000027015,0010-06-11 12:15:00,10,6,11,12,15,290,19,"., LAMOTTE PICQUET (N° 2",48.39477,-4.49284,Plein jour,En agglomération,Hors intersection,Normale,Deux véhicules - arrière,,,,,,,,,,,1,2,1,1.0,2.0
201000027016,0010-06-14 10:10:00,10,6,14,10,10,290,19,"., KERMARIA (DE 1 A 31 E",48.41547,-4.49212,Plein jour,En agglomération,Hors intersection,Normale,Deux véhicules - côté,,,,,,,,,,,1,2,1,1.0,3.0
201000027017,0010-06-14 11:20:00,10,6,14,11,20,290,19,"., JAURES JEAN (DE 1 A 4",48.40057,-4.47017,Plein jour,En agglomération,Hors intersection,Normale,Autre collision,,,,,,,,,,,1,2,1,1.0,6.0
201000027018,0010-06-20 07:40:00,10,6,20,7,40,290,19,"192, LESVEN JULES (DE 60",48.41064,-4.48611,Plein jour,En agglomération,Hors intersection,Normale,Autre collision,,,,,,,,,,,1,2,1,1.0,6.0
201000027019,0010-06-20 22:50:00,10,6,20,22,50,290,19,"., PREMIERE DFL (AVENUE)",48.37324,-4.56138,Nuit sans éclairage public,En agglomération,Hors intersection,Normale,Deux véhicules - frontale,,,,,,,,,,,3,2,1,1.0,1.0
201000027020,0010-06-21 08:50:00,10,6,21,8,50,290,19,"., LE GORGEU (N°29 (TOTA",48.40076,-4.50016,Plein jour,En agglomération,Hors intersection,Temps éblouissant,Deux véhicules - frontale,,,,,,,,,,,1,2,1,7.0,1.0
201000027021,0010-06-25 11:55:00,10,6,25,11,55,290,19,"., DUPLEIX",48.39274,-4.48229,Plein jour,En agglomération,Intersection en X,Normale,Autre collision,,,,,,,,,,,1,2,2,1.0,6.0
201000027022,0010-06-28 16:50:00,10,6,28,16,50,290,19,"., COLLET YVES (DE 27 ET",48.39314,-4.47917,Plein jour,En agglomération,Giratoire,Normale,Autre collision,,,,,,,,,,,1,2,6,1.0,6.0
201000027023,0010-07-01 08:35:00,10,7,1,8,35,290,19,"36, GALLIENI GENERAL (DE",48.38936,-4.50864,Plein jour,En agglomération,Intersection en X,Normale,Deux véhicules - côté,,,,,,,,,,,1,2,2,1.0,3.0
201000027024,0010-07-07 08:20:00,10,7,7,8,20,290,19,LIBERATION,48.39707,-4.51711,Plein jour,En agglomération,Autre intersection,Normale,Deux véhicules - arrière,,,,,,,,,,,1,2,9,1.0,2.0
201000027025,0010-07-10 10:25:00,10,7,10,10,25,290,19,"11 BIS, CHEVREUL",48.4073,-4.49244,Plein jour,En agglomération,Hors intersection,Normale,Autre collision,,,,,,,,,,,1,2,1,1.0,6.0
201000027026,0010-07-11 02:39:00,10,7,11,2,39,290,19,".., MESDOUN",,,Nuit avec éclairage allumé,En agglomération,Hors intersection,Normale,Autre collision,,,,,,,,,,,5,2,1,1.0,6.0
201000027027,0010-07-10 15:15:00,10,7,10,15,15,290,19,"., EUROPE (DE 58 A 166 E",48.41895,-4.45236,Plein jour,En agglomération,Intersection en X,Normale,Deux véhicules - côté,,,,,,,,,,,1,2,2,1.0,3.0
201000027028,0010-07-10 11:30:00,10,7,10,11,30,290,19,"74, SEBASTOPOL",48.39964,-4.47026,Plein jour,En agglomération,Autre intersection,Normale,Autre collision,,,,,,,,,,,1,2,9,1.0,6.0
201000027029,0010-07-16 13:55:00,10,7,16,13,55,290,19,"., DUQUESNE (DE 1 A 11 E",48.38968,-4.49041,Plein jour,En agglomération,Intersection en X,Pluie légère,Autre collision,,,,,,,,,,,1,2,2,2.0,6.0
201000027030,0010-07-16 22:35:00,10,7,16,22,35,290,19,"., Edwige FEUILLERE",48.39147,-4.53434,Nuit avec éclairage allumé,En agglomération,Intersection en X,Normale,Deux véhicules - côté,,,,,,,,,,,5,2,2,1.0,3.0
201000027031,0010-07-19 16:15:00,10,7,19,16,15,290,19,RD 67,48.44915,-4.50353,Plein jour,En agglomération,Intersection en T,Normale,Trois véhicules et plus - collisions multiples,,,,,,,,,,,1,2,3,1.0,5.0
201000027032,0010-07-20 15:36:00,10,7,20,15,36,290,19,"., KERVEZENNEC",48.41851,-4.46244,Plein jour,En agglomération,Hors intersection,Pluie légère,Deux véhicules - côté,,,,,,,,,,,1,2,1,2.0,3.0
201000027033,0010-07-21 21:55:00,10,7,21,21,55,290,19,"31, MONTAIGNE (DE 1 A 37",48.40225,-4.48253,Plein jour,En agglomération,Intersection en T,Autre,Deux véhicules - côté,,,,,,,,,,,1,2,3,9.0,3.0
201000027034,0010-07-22 18:35:00,10,7,22,18,35,290,19,"., KEROURIEN (DE 1 A 25",48.38228,-4.54287,Plein jour,En agglomération,Hors intersection,Normale,Autre collision,,,,,,,,,,,1,2,1,1.0,6.0
201000027035,0010-07-23 10:30:00,10,7,23,10,30,290,19,"., ROUSSE EMILE",48.38637,-4.52834,Plein jour,En agglomération,Giratoire,Normale,Deux véhicules - arrière,,,,,,,,,,,1,2,6,1.0,2.0
201000027036,0010-07-24 11:55:00,10,7,24,11,55,290,19,"30, LE BRIS JEAN MARIE",48.38487,-4.48171,Plein jour,En agglomération,Hors intersection,Normale,Autre collision,,,,,,,,,,,1,2,1,1.0,6.0
201000027037,0010-07-24 18:25:00,10,7,24,18,25,290,19,"74, MONTAIGNE (DE 39 A 1",48.40395,-4.47994,Plein jour,En agglomération,Hors intersection,Pluie légère,Autre collision,,,,,,,,,,,1,2,1,2.0,6.0