accident_id,datetime,annee,mois,jour,heure,minute,departement,commune_insee,adresse,latitude,longitude,luminosite,agglomeration,intersection,meteo,collision,nb_vehicules,nb_usagers,nb_indemnes,nb_tues,nb_blesses_hosp,nb_blesses_legers,age_cond_1,age_cond_2,veh_type_cond_1,veh_type_cond_2,lum_code,agg_code,int_code,atm_code,col_code
201000027275,0010-06-22 03:15:00,10,6,22,3,15,290,232,"104, ROSPORDEN VIEILLE R",47.9875,-4.06091,Nuit avec éclairage allumé,Hors agglomération,Hors intersection,Normale,Autre collision,,,,,,,,,,,5,1,1,1.0,6.0
201000027276,0010-06-22 09:26:00,10,6,22,9,26,290,232,"61, PONT L'ABBE ROUTE DE",47.9877,-4.11986,Plein jour,En agglomération,Hors intersection,Normale,Autre collision,,,,,,,,,,,1,2,1,1.0,6.0
201000027277,0010-06-22 19:45:00,10,6,22,19,45,290,232,"., VOIE EXPRESS QUIMPER",48.00999,-4.0676,Plein jour,Hors agglomération,Hors intersection,Normale,Sans collision,,,,,,,,,,,1,1,1,1.0,7.0
201000027278,0010-06-24 19:30:00,10,6,24,19,30,290,232,"., KEREQUELLOU CHEMIN DE",47.95206,-4.07485,Plein jour,Hors agglomération,Hors intersection,Normale,Sans collision,,,,,,,,,,,1,1,1,1.0,7.0
201000027279,0010-06-28 16:10:00,10,6,28,16,10,290,232,"., VOIE EXPRESS QUIMPER",48.0203,-4.08236,Plein jour,Hors agglomération,Hors intersection,Normale,Autre collision,,,,,,,,,,,1,1,1,1.0,6.0
201000027280,0010-07-06 21:43:00,10,7,6,21,43,290,232,"., LOC' H  ROND POINT DU",48.01331,-4.07829,Plein jour,En agglomération,Giratoire,Normale,Deux véhicules - côté,,,,,,,,,,,1,2,6,1.0,3.0
201000027281,0010-07-08 17:07:00,10,7,8,17,7,290,232,"13, BLUM  LEON RUE",47.98836,-4.08705,Plein jour,En agglomération,Intersection en Y,Normale,Deux véhicules - arrière,,,,,,,,,,,1,2,4,1.0,2.0
201000027282,0010-07-11 17:35:00,10,7,11,17,35,290,232,"., BREST ROUTE DE",48.04695,-4.06922,Plein jour,Hors agglomération,Hors intersection,Normale,Sans collision,,,,,,,,,,,1,1,1,1.0,7.0
201000027283,0010-07-15 15:10:00,10,7,15,15,10,290,232,"179, BREST ROUTE DE",48.0175,-4.0832,Plein jour,En agglomération,Hors intersection,Normale,Autre collision,,,,,,,,,,,1,2,1,1.0,6.0
201000027284,0010-07-16 11:15:00,10,7,16,11,15,290,232,"., RUE LE DANTEC",47.97801,-4.10421,Plein jour,En agglomération,Hors intersection,Temps couvert,Deux véhicules - arrière,,,,,,,,,,,1,2,1,8.0,2.0
201000027285,0010-07-17 12:30:00,10,7,17,12,30,290,232,COAT OLIER CHEMIN DE,48.02483,-4.08627,Plein jour,Hors agglomération,Hors intersection,Normale,Deux véhicules - arrière,,,,,,,,,,,1,1,1,1.0,2.0
201000027286,0010-07-18 18:20:00,10,7,18,18,20,290,51,ROUTE d'ELLIANT,47.99421,-4.05415,Plein jour,Hors agglomération,Hors intersection,Normale,Sans collision,,,,,,,,,,,1,1,1,1.0,7.0
201000027287,0010-07-20 17:50:00,10,7,20,17,50,290,232,"27, KEREQUELLOU CHEMIN D",47.96457,-4.0625,Plein jour,Hors agglomération,Hors intersection,Pluie légère,Trois véhicules et plus - collisions multiples,,,,,,,,,,,1,1,1,2.0,5.0
201000027288,0010-07-21 15:45:00,10,7,21,15,45,290,232,VOIE EXPRESS QUIMPER - B,48.01421,-4.0743,Plein jour,Hors agglomération,Hors intersection,Normale,Autre collision,,,,,,,,,,,1,1,1,1.0,6.0
201000027289,0010-07-22 19:50:00,10,7,22,19,50,290,232,"24, MOULIN VERT RUE DU",48.00361,-4.11604,Plein jour,En agglomération,Intersection en T,Normale,Deux véhicules - côté,,,,,,,,,,,1,2,3,1.0,3.0
201000027290,0010-07-23 16:12:00,10,7,23,16,12,290,232,FRANCE BOULEVARD DE,47.98279,-4.12919,Plein jour,Hors agglomération,Hors intersection,Normale,Autre collision,,,,,,,,,,,1,1,1,1.0,6.0
201000027291,0010-07-25 10:51:00,10,7,25,10,51,290,232,"10, PARK MENEZ RUE DE",48.00581,-4.09941,Plein jour,En agglomération,Hors intersection,Pluie légère,Autre collision,,,,,,,,,,,1,2,1,2.0,6.0
201000027292,0010-08-01 06:10:00,10,8,1,6,10,290,232,"., MONTESQUIEU RUE",47.98489,-4.09945,Crépuscule ou aube,En agglomération,Intersection en T,Autre,Deux véhicules - arrière,,,,,,,,,,,2,2,3,9.0,2.0
201000027293,0010-08-04 16:20:00,10,8,4,16,20,290,232,BREST ROUTE DE,48.04555,-4.07104,Plein jour,En agglomération,Intersection en T,Normale,Autre collision,,,,,,,,,,,1,2,3,1.0,6.0
201000027294,0010-08-04 20:50:00,10,8,4,20,50,290,232,CAPRICORNE RUE DU,47.9885,-4.06648,Plein jour,En agglomération,Place,Normale,Autre collision,,,,,,,,,,,1,2,7,1.0,6.0
201000027295,0010-08-05 13:15:00,10,8,5,13,15,290,232,"72, FRANCE LIBRE  AVENUE",48.00913,-4.09619,Plein jour,En agglomération,Hors intersection,Normale,Autre collision,,,,,,,,,,,1,2,1,1.0,6.0
201000027296,0010-08-13 18:55:00,10,8,13,18,55,290,232,VOIE EXPRESS QUIMPER - B,,,Plein jour,Hors agglomération,Hors intersection,Normale,Sans collision,,,,,,,,,,,1,1,1,1.0,7.0
201000027297,0010-08-15 19:30:00,10,8,15,19,30,290,232,"21, CAUSSY PIERRE RUE",47.99046,-4.11414,Plein jour,En agglomération,Hors intersection,Normale,Sans collision,,,,,,,,,,,1,2,1,1.0,7.0
201000027298,0010-08-15 21:45:00,10,8,15,21,45,290,232,"290, BENODET ROUTE DE",47.97751,-4.09339,Nuit sans éclairage public,En agglomération,Intersection en T,Normale,Sans collision,,,,,,,,,,,3,2,3,1.0,7.0
201000027299,0010-08-15 23:20:00,10,8,15,23,20,290,232,"13, CHAPDELAINE MARIA RU",48.00254,-4.1003,Nuit avec éclairage allumé,En agglomération,Hors intersection,Normale,Sans collision,,,,,,,,,,,5,2,1,1.0,7.0
201000027300,0010-08-17 09:15:00,10,8,17,9,15,290,232,"44, FRANCE LIBRE  AVENUE",48.00788,-4.09671,Plein jour,En agglomération,Hors intersection,Temps couvert,Autre collision,,,,,,,,,,,1,2,1,8.0,6.0
201000027301,0010-08-25 07:50:00,10,8,25,7,50,290,232,"., LEBON PHILIPPE  ROND",47.99513,-4.07249,Plein jour,En agglomération,Giratoire,Normale,Deux véhicules - côté,,,,,,,,,,,1,2,6,1.0,3.0
201000027302,0010-08-25 21:00:00,10,8,25,21,0,290,51,"., ROUTE d'ELLIANT",47.99499,-4.05901,Plein jour,Hors agglomération,Hors intersection,Normale,Sans collision,,,,,,,,,,,1,1,1,1.0,7.0
201000027303,0010-08-26 16:20:00,10,8,26,16,20,290,232,"35, MANOIR RUE DU",48.0041,-4.10942,Plein jour,En agglomération,Hors intersection,Pluie légère,Autre collision,,,,,,,,,,,1,2,1,2.0,6.0
201000027304,0010-08-28 16:55:00,10,8,28,16,55,290,232,"., BOROSSI PAUL RUE",47.98805,-4.12053,Plein jour,En agglomération,Hors intersection,Normale,Deux véhicules - arrière,,,,,,,,,,,1,2,1,1.0,2.0
201000027305,0010-09-04 14:00:00,10,9,4,14,0,290,232,"6, PEN AR STANG RUE",47.99119,-4.10184,Plein jour,En agglomération,Hors intersection,Normale,Autre collision,,,,,,,,,,,1,2,1,1.0,6.0
201000027306,0010-09-06 19:44:00,10,9,6,19,44,290,232,"., PONT L'ABBE RUE DE",47.98988,-4.11866,Plein jour,En agglomération,Intersection en Y,Normale,Deux véhicules - arrière,,,,,,,,,,,1,2,4,1.0,2.0
201000027307,0010-09-07 01:25:00,10,9,7,1,25,290,51,Pen Carn Rond Point de,47.99416,-4.06923,Nuit sans éclairage public,Hors agglomération,Giratoire,Normale,Sans collision,,,,,,,,,,,3,1,6,1.0,7.0
201000027308,0010-09-08 20:40:00,10,9,8,20,40,290,51,BODEN RUE DU,47.9977,-4.03678,Plein jour,Hors agglomération,Hors intersection,Normale,Sans collision,,,,,,,,,,,1,1,1,1.0,7.0
201000027309,0010-09-14 09:15:00,10,9,14,9,15,290,232,"372, BENODET ROUTE DE",,,Plein jour,Hors agglomération,Hors intersection,Normale,Deux véhicules - arrière,,,,,,,,,,,1,1,1,1.0,2.0
201000027310,0010-09-15 12:45:00,10,9,15,12,45,290,232,"., DOUARNENEZ ROUTE DE",47.99927,-4.14272,Plein jour,En agglomération,Intersection en T,Normale,Deux véhicules - arrière,,,,,,,,,,,1,2,3,1.0,2.0
201000027311,0010-09-16 17:40:00,10,9,16,17,40,290,232,"119, TY BOS AVENUE DE",47.97119,-4.06413,Plein jour,En agglomération,Hors intersection,Normale,Deux véhicules - arrière,,,,,,,,,,,1,2,1,1.0,2.0
201000027312,0010-09-20 10:55:00,10,9,20,10,55,290,232,VOIE EXPRESS QUIMPER - B,48.00767,-4.06412,Plein jour,Hors agglomération,Hors intersection,Normale,Autre collision,,,,,,,,,,,1,1,1,1.0,6.0
201000027313,0010-09-23 12:50:00,10,9,23,12,50,290,232,"112, PONT L'ABBE RUE DE",47.98517,-4.12059,Plein jour,En agglomération,Hors intersection,Pluie légère,Autre collision,,,,,,,,,,,1,2,1,2.0,6.0
201000027314,0010-09-25 18:00:00,10,9,25,18,0,290,232,"., LE DEAN AIME JEAN RUE",47.99302,-4.09243,Plein jour,En agglomération,Intersection en T,Normale,Deux véhicules - côté,,,,,,,,,,,1,2,3,1.0,3.0
201000027315,0010-09-28 18:00:00,10,9,28,18,0,290,232,"108, CREAC' H GWEN BOULE",47.97298,-4.09636,Plein jour,En agglomération,Hors intersection,Normale,Deux véhicules - frontale,,,,,,,,,,,1,2,1,1.0,1.0
201000027316,0010-10-02 18:35:00,10,10,2,18,35,290,51,"., CORAY ROUTE DE",47.99423,-4.07049,Crépuscule ou aube,Hors agglomération,Hors intersection,Pluie forte,Sans collision,,,,,,,,,,,2,1,1,3.0,7.0
201000027317,0010-10-03 18:35:00,10,10,3,18,35,290,232,"., ERGUE ARMEL BOULEVARD",47.98892,-4.07465,Plein jour,En agglomération,Autre intersection,Pluie forte,Sans collision,,,,,,,,,,,1,2,9,3.0,7.0
201000027318,0010-10-04 10:30:00,10,10,4,10,30,290,232,"., JACOB MAX PONT",47.99365,-4.10626,Plein jour,En agglomération,Hors intersection,Normale,Autre collision,,,,,,,,,,,1,2,1,1.0,6.0
201000027319,0010-10-06 17:55:00,10,10,6,17,55,290,232,LE GUENNEC LOUIS BOULEVA,47.98029,-4.09932,Plein jour,En agglomération,Giratoire,Temps éblouissant,Autre collision,,,,,,,,,,,1,2,6,7.0,6.0
201000027320,0010-10-07 11:15:00,10,10,7,11,15,290,232,"., LUDUGRIS  ROND POINT",47.9799,-4.12219,Plein jour,En agglomération,Giratoire,Normale,Deux véhicules - côté,,,,,,,,,,,1,2,6,1.0,3.0
201000027321,0010-10-07 12:37:00,10,10,7,12,37,290,232,"., JUSTICES CHEMIN DES",47.99321,-4.11915,Plein jour,En agglomération,Hors intersection,Normale,Autre collision,,,,,,,,,,,1,2,1,1.0,6.0
201000027322,0010-10-11 17:10:00,10,10,11,17,10,290,232,"., KERUSTUM  ROND POINT",47.98048,-4.0939,Plein jour,En agglomération,Giratoire,Normale,Deux véhicules - côté,,,,,,,,,,,1,2,6,1.0,3.0
201000027323,0010-10-12 18:20:00,10,10,12,18,20,290,232,"., SAINT TUGDUAL RUE",47.97186,-4.08362,Plein jour,En agglomération,Intersection en T,Normale,Deux véhicules - côté,,,,,,,,,,,1,2,3,1.0,3.0
201000027324,0010-10-13 13:30:00,10,10,13,13,30,290,232,"6, PARC RUE DU",47.99487,-4.10346,Plein jour,En agglomération,Hors intersection,Normale,Deux véhicules - côté,,,,,,,,,,,1,2,1,1.0,3.0
201000027325,0010-10-14 08:09:00,10,10,14,8,9,290,232,"35, JUSTICES CHEMIN DES",47.99186,-4.1189,Crépuscule ou aube,En agglomération,Hors intersection,Normale,Autre collision,,,,,,,,,,,2,2,1,1.0,6.0
201000027326,0010-10-17 17:50:00,10,10,17,17,50,290,232,"291, VOIE ROMAINE LA",48.04158,-4.09182,Plein jour,Hors agglomération,Hors intersection,Normale,Sans collision,,,,,,,,,,,1,1,1,1.0,7.0
201000027327,0010-10-19 13:35:00,10,10,19,13,35,290,232,"., POHER RUE DU",47.98459,-4.11039,Plein jour,En agglomération,Hors intersection,Pluie légère,Sans collision,,,,,,,,,,,1,2,1,2.0,7.0
201000027328,0010-10-20 07:55:00,10,10,20,7,55,290,232,"100, LIBERATION AVENUE D",47.99256,-4.07936,Nuit sans éclairage public,En agglomération,Hors intersection,Normale,Autre collision,,,,,,,,,,,3,2,1,1.0,6.0
201000027329,0010-10-20 15:40:00,10,10,20,15,40,290,51,"., RUE DE LA PAPETERIE",48.0298,-4.02275,Plein jour,En agglomération,Hors intersection,Normale,Autre collision,,,,,,,,,,,1,2,1,1.0,6.0
201000027330,0010-10-23 06:13:00,10,10,23,6,13,290,51,SQUIVIDAN,48.01117,-4.05352,Crépuscule ou aube,Hors agglomération,Hors intersection,Autre,Sans collision,,,,,,,,,,,2,1,1,9.0,7.0
201000027331,0010-10-25 17:45:00,10,10,25,17,45,290,232,MADAME DE STAEL RUE,47.98407,-4.07295,Plein jour,En agglomération,Hors intersection,Normale,Deux véhicules - côté,,,,,,,,,,,1,2,1,1.0,3.0
201000027332,0010-10-29 18:09:00,10,10,29,18,9,290,232,"67, TY BOS AVENUE DE",47.97607,-4.0682,Crépuscule ou aube,En agglomération,Hors intersection,Pluie légère,Trois véhicules et plus - en chaîne,,,,,,,,,,,2,2,1,2.0,4.0
201000027333,0010-11-02 15:30:00,10,11,2,15,30,290,232,"., BENODET ROUTE DE",47.97745,-4.09337,Plein jour,En agglomération,Hors intersection,Normale,Deux véhicules - arrière,,,,,,,,,,,1,2,1,1.0,2.0
201000027334,0010-11-03 11:00:00,10,11,3,11,0,290,232,"., TOURELLE RUE DE LA",47.99086,-4.09832,Plein jour,En agglomération,Intersection en T,Pluie légère,Deux véhicules - côté,,,,,,,,,,,1,2,3,2.0,3.0
201000027335,0010-11-04 17:00:00,10,11,4,17,0,290,232,"., AMIRAL RONARC'H RUE",47.99411,-4.10709,Plein jour,En agglomération,Hors intersection,Normale,Autre collision,,,,,,,,,,,1,2,1,1.0,6.0
201000027336,0010-11-04 11:00:00,10,11,4,11,0,290,232,"25, JAURES JEAN  RUE",47.99373,-4.09948,Plein jour,En agglomération,Intersection en T,Autre,Autre collision,,,,,,,,,,,1,2,3,9.0,6.0
201000027337,0010-11-08 08:15:00,10,11,8,8,15,290,232,PONT L'ABBE ROUTE DE,47.98953,-4.11893,Plein jour,Hors agglomération,Hors intersection,Pluie forte,Deux véhicules - arrière,,,,,,,,,,,1,1,1,3.0,2.0
201000027338,0010-11-12 17:40:00,10,11,12,17,40,290,232,"., UNIVERSITE RUE DE L'",47.98095,-4.09659,Plein jour,En agglomération,Intersection en T,Normale,Sans collision,,,,,,,,,,,1,2,3,1.0,7.0
201000027339,0010-11-12 19:00:00,10,11,12,19,0,290,232,BOROSSI PAUL RUE,47.98806,-4.12037,Nuit avec éclairage allumé,En agglomération,Hors intersection,Pluie légère,Sans collision,,,,,,,,,,,5,2,1,2.0,7.0
201000027340,0010-11-14 08:25:00,10,11,14,8,25,290,232,"., FLANDRES DUNKERQUE 19",47.98012,4.08441,Plein jour,Hors agglomération,Hors intersection,Normale,Sans collision,,,,,,,,,,,1,1,1,1.0,7.0
201000027341,0010-11-15 16:30:00,10,11,15,16,30,290,232,"., MENDES FRANCE  PIERRE",47.9786,-4.12167,Plein jour,En agglomération,Intersection en T,Normale,Deux véhicules - côté,,,,,,,,,,,1,2,3,1.0,3.0
201000027342,0010-11-18 21:52:00,10,11,18,21,52,290,232,"., LOCMARIA ALLEE DE",47.98812,-4.11176,Plein jour,En agglomération,Intersection en X,Normale,Trois véhicules et plus - collisions multiples,,,,,,,,,,,1,2,2,1.0,5.0
201000027343,0010-11-23 12:30:00,10,11,23,12,30,290,232,"10, DOUVES RUE DES",47.99835,-4.10178,Plein jour,En agglomération,Hors intersection,Normale,Autre collision,,,,,,,,,,,1,2,1,1.0,6.0
201000027344,0010-11-24 08:03:00,10,11,24,8,3,290,232,"., POTIERS CHEMIN DES",47.98881,-4.08477,Crépuscule ou aube,En agglomération,Giratoire,Normale,Sans collision,,,,,,,,,,,2,2,6,1.0,7.0
201000027345,0010-11-25 08:00:00,10,11,25,8,0,290,232,"., VOIE EXPRESS QUIMPER",,,Crépuscule ou aube,Hors agglomération,Hors intersection,Normale,Autre collision,,,,,,,,,,,2,1,1,1.0,6.0
201000027346,0010-12-01 16:55:00,10,12,1,16,55,290,232,ROSPORDEN ROUTE DE,47.98947,-4.0634,Plein jour,Hors agglomération,Hors intersection,Normale,Deux véhicules - frontale,,,,,,,,,,,1,1,1,1.0,1.0
201000027347,0010-12-03 09:25:00,10,12,3,9,25,290,232,DUPLEIX BOULEVARD,47.99519,-4.09726,Plein jour,En agglomération,Intersection en X,Neige / grêle,Autre collision,,,,,,,,,,,1,2,2,4.0,6.0
201000027348,0010-12-05 10:00:00,10,12,5,10,0,290,232,"11, STANG BIHAN RUE DE",48.01096,-4.09884,Plein jour,En agglomération,Intersection en T,Pluie légère,Deux véhicules - côté,,,,,,,,,,,1,2,3,2.0,3.0
201000027349,0010-12-05 17:25:00,10,12,5,17,25,290,232,"41, LOC' H ROUTE DU",48.01394,-4.08794,Nuit avec éclairage allumé,En agglomération,Intersection en T,Normale,Deux véhicules - côté,,,,,,,,,,,5,2,3,1.0,3.0
201000027350,0010-12-03 20:30:00,10,12,3,20,30,290,232,"39, CORNIGUEL AVENUE DU",47.9758,-4.12083,Nuit avec éclairage allumé,En agglomération,Intersection en X,Autre,Deux véhicules - côté,,,,,,,,,,,5,2,2,9.0,3.0
201000027351,0010-12-11 06:48:00,10,12,11,6,48,290,232,"42, TOUR D'AUVERGNE RUE",47.9896,-4.08274,Nuit avec éclairage allumé,En agglomération,Hors intersection,Normale,Autre collision,,,,,,,,,,,5,2,1,1.0,6.0
201000027352,0010-12-11 23:55:00,10,12,11,23,55,290,232,"174, DOUARNENEZ ROUTE DE",47.999,-4.13466,Nuit avec éclairage allumé,En agglomération,Hors intersection,Normale,Sans collision,,,,,,,,,,,5,2,1,1.0,7.0
201000027353,0010-12-12 06:44:00,10,12,12,6,44,290,232,"37, TOUR D'AUVERGNE RUE",47.99197,-4.08362,Nuit avec éclairage allumé,En agglomération,Hors intersection,Normale,Deux véhicules - frontale,,,,,,,,,,,5,2,1,1.0,1.0
201000027354,0010-12-15 17:45:00,10,12,15,17,45,290,232,"., MORBIHAN AVENUE DU",47.97899,-4.06391,Nuit sans éclairage public,Hors agglomération,Hors intersection,Normale,Trois véhicules et plus - en chaîne,,,,,,,,,,,3,1,1,1.0,4.0
201000027355,0010-12-17 08:35:00,10,12,17,8,35,290,51,"., ROUTE d'ELLIANT",47.99436,-4.05045,Crépuscule ou aube,Hors agglomération,Hors intersection,Autre,Sans collision,,,,,,,,,,,2,1,1,9.0,7.0
201000027356,0010-12-18 05:30:00,10,12,18,5,30,290,232,"15, STANG BIHAN RUE DE",48.011,-4.0993,Nuit avec éclairage allumé,Hors agglomération,Hors intersection,Normale,Deux véhicules - arrière,,,,,,,,,,,5,1,1,1.0,2.0
201000027357,0010-12-18 11:29:00,10,12,18,11,29,290,232,"., VOIE EXPRESS QUIMPER",48.01207,-4.07205,Plein jour,Hors agglomération,Hors intersection,Normale,Deux véhicules - côté,,,,,,,,,,,1,1,1,1.0,3.0
201000027358,0010-12-18 20:00:00,10,12,18,20,0,290,232,"60, TY PONT AVENUE DE",48.0151,-4.1071,Nuit avec éclairage allumé,En agglomération,Hors intersection,Normale,Autre collision,,,,,,,,,,,5,2,1,1.0,6.0
201000027359,0010-12-20 18:25:00,10,12,20,18,25,290,232,"., MENDES FRANCE  PIERRE",47.978,-4.12289,Crépuscule ou aube,En agglomération,Intersection en T,Temps couvert,Sans collision,,,,,,,,,,,2,2,3,8.0,7.0
201000027360,0010-12-24 16:10:00,10,12,24,16,10,290,51,ROUTE d'ELLIANT,47.99431,-4.0529,Plein jour,Hors agglomération,Intersection en T,Normale,Deux véhicules - côté,,,,,,,,,,,1,1,3,1.0,3.0
201000027361,0010-12-25 15:50:00,10,12,25,15,50,290,232,BLUM  LEON RUE,47.98837,-4.08696,Plein jour,En agglomération,Giratoire,Normale,Sans collision,,,,,,,,,,,1,2,6,1.0,7.0
201000027362,0010-12-27 00:24:00,10,12,27,0,24,290,232,TY NAY ROUTE DE,48.01291,-4.09522,Nuit avec éclairage allumé,En agglomération,Hors intersection,Normale,Autre collision,,,,,,,,,,,5,2,1,1.0,6.0
201000027363,0010-12-27 09:00:00,10,12,27,9,0,290,232,TOUL SABLE  ROND POINT D,47.97329,-4.08759,Plein jour,En agglomération,Giratoire,Normale,Autre collision,,,,,,,,,,,1,2,6,1.0,6.0
201000027364,0010-01-04 06:20:00,10,1,4,6,20,300,7,"., BOISSIER DE SAUVAGE",,,Nuit avec éclairage allumé,En agglomération,Hors intersection,Pluie légère,Deux véhicules - côté,,,,,,,,,,,5,2,1,2.0,3.0
201000027365,0010-01-05 08:45:00,10,1,5,8,45,300,7,"46, AVEJAN (RUE D')",44.12242,4.07981,Plein jour,En agglomération,Hors intersection,Pluie légère,Autre collision,,,,,,,,,,,1,2,1,2.0,6.0
201000027366,0010-01-09 17:05:00,10,1,9,17,5,300,7,"., CARNOT (AVE)",,,Plein jour,En agglomération,Hors intersection,Normale,Autre collision,,,,,,,,,,,1,2,1,1.0,6.0
201000027367,0010-01-11 12:30:00,10,1,11,12,30,300,7,"., MONGE (AVENUE)",,,Plein jour,En agglomération,Hors intersection,Normale,Trois véhicules et plus - en chaîne,,,,,,,,,,,1,2,1,1.0,4.0
201000027368,0010-01-18 09:20:00,10,1,18,9,20,300,7,"., GAGARINE (AVE YOURI)",,,Plein jour,En agglomération,Hors intersection,Normale,Deux véhicules - arrière,,,,,,,,,,,1,2,1,1.0,2.0
201000027369,0010-01-29 13:45:00,10,1,29,13,45,300,7,"., SERRES (AVE OLIVIER D",,,Plein jour,En agglomération,Hors intersection,Normale,Autre collision,,,,,,,,,,,1,2,1,1.0,6.0
201000027370,0010-01-25 07:45:00,10,1,25,7,45,300,243,"874, ANDUZE (VIEILLE ROU",44.08911,4.0637,Plein jour,En agglomération,Hors intersection,Normale,Autre collision,,,,,,,,,,,1,2,1,1.0,6.0
201000027371,0010-01-25 09:30:00,10,1,25,9,30,300,7,"., FAUBOURG D'AUVERGNE (",44.12766,4.07892,Plein jour,En agglomération,Hors intersection,Normale,Autre collision,,,,,,,,,,,1,2,1,1.0,6.0
201000027372,0010-02-03 12:05:00,10,2,3,12,5,300,7,"420, SILHOL (MONTEE)",44.12765,4.09649,Plein jour,En agglomération,Intersection en X,Normale,Deux véhicules - côté,,,,,,,,,,,1,2,2,1.0,3.0
201000027373,0010-02-10 08:12:00,10,2,10,8,12,300,7,"., ALSACE (ROUTE D')",,,Plein jour,En agglomération,Hors intersection,Normale,Deux véhicules - frontale,,,,,,,,,,,1,2,1,1.0,1.0
201000027374,0010-02-13 17:10:00,10,2,13,17,10,300,7,"., SERRES (AVE OLIVIER D",,,Plein jour,En agglomération,Hors intersection,Normale,Autre collision,,,,,,,,,,,1,2,1,1.0,6.0
201000027375,0010-02-18 20:51:00,10,2,18,20,51,300,7,"., TALABOT (BOULEVARD)",,,Nuit avec éclairage allumé,En agglomération,Hors intersection,Normale,Deux véhicules - frontale,,,,,,,,,,,5,2,1,1.0,1.0
201000027376,0010-02-19 14:00:00,10,2,19,14,0,300,7,", JUIN (AVE DU MARECHAL)",,,Plein jour,En agglomération,Hors intersection,Normale,Deux véhicules - arrière,,,,,,,,,,,1,2,1,1.0,2.0
201000027377,0010-02-23 17:40:00,10,2,23,17,40,300,7,"9, GRABIEUX (QUAI DU)",44.1413,4.08771,Plein jour,En agglomération,Hors intersection,Normale,Sans collision,,,,,,,,,,,1,2,1,1.0,7.0
201000027378,0010-02-24 16:15:00,10,2,24,16,15,300,7,"., CHAPTAL ( QUAI MAX )",,,Plein jour,En agglomération,Hors intersection,Normale,Deux véhicules - côté,,,,,,,,,,,1,2,1,1.0,3.0
201000027379,0010-02-26 19:15:00,10,2,26,19,15,300,7,"., SAINT JEAN (PLACE)",44.12356,4.07671,Nuit avec éclairage allumé,En agglomération,Hors intersection,Normale,Autre collision,,,,,,,,,,,5,2,1,1.0,6.0
201000027380,0010-02-28 13:06:00,10,2,28,13,6,300,7,"., THOREZ (AVE MAURICE)",,,Plein jour,En agglomération,Hors intersection,Normale,Autre collision,,,,,,,,,,,1,2,1,1.0,6.0
201000027381,0010-03-11 08:20:00,10,3,11,8,20,300,243,"., ANDUZE (VIEILLE ROUTE",,,Plein jour,En agglomération,Hors intersection,Normale,Sans collision,,,,,,,,,,,1,2,1,1.0,7.0
201000027382,0010-03-17 17:00:00,10,3,17,17,0,300,7,"., LUMIERES (AVE DES FRE",44.14025,4.09115,Plein jour,En agglomération,Hors intersection,Normale,Deux véhicules - arrière,,,,,,,,,,,1,2,1,1.0,2.0
201000027383,0010-03-23 15:30:00,10,3,23,15,30,300,7,"3, MIRABEAU (RUE)",44.14883,4.08277,Plein jour,En agglomération,Hors intersection,Normale,Autre collision,,,,,,,,,,,1,2,1,1.0,6.0
201000027384,0010-03-25 08:15:00,10,3,25,8,15,300,243,CYPRES (MONTEE DES),,,Plein jour,En agglomération,Hors intersection,Pluie légère,Deux véhicules - arrière,,,,,,,,,,,1,2,1,2.0,2.0
201000027385,0010-03-25 10:20:00,10,3,25,10,20,300,7,"994, LUMIERES (AVE DES F",44.14018,4.10046,Plein jour,En agglomération,Hors intersection,Pluie légère,Deux véhicules - arrière,,,,,,,,,,,1,2,1,2.0,2.0
201000027386,0010-03-25 17:40:00,10,3,25,17,40,300,7,"., ALBERT 1ER (RUE)",,,Plein jour,En agglomération,Hors intersection,Pluie légère,Deux véhicules - arrière,,,,,,,,,,,1,2,1,2.0,2.0
201000027387,0010-03-28 22:00:00,10,3,28,22,0,300,7,"., ROUSSEAU (RUE JEAN-JA",,,Nuit avec éclairage allumé,En agglomération,Intersection en X,Normale,Deux véhicules - côté,,,,,,,,,,,5,2,2,1.0,3.0
201000027388,0010-03-31 17:25:00,10,3,31,17,25,300,7,"., DE GAULLE (AVE DU GEN",,,Plein jour,En agglomération,Giratoire,Normale,Deux véhicules - côté,,,,,,,,,,,1,2,6,1.0,3.0
201000027389,0010-04-01 16:35:00,10,4,1,16,35,300,7,"., MEJANNES (ANCIEN CHEM",44.11315,4.11082,Plein jour,En agglomération,Intersection en X,Normale,Deux véhicules - côté,,,,,,,,,,,1,2,2,1.0,3.0
201000027390,0010-04-02 17:34:00,10,4,2,17,34,300,7,"43, STALINGRAD (AVENUE D",,,Plein jour,En agglomération,Hors intersection,Normale,Deux véhicules - arrière,,,,,,,,,,,1,2,1,1.0,2.0
201000027391,0010-04-03 19:05:00,10,4,3,19,5,300,7,"1191, CYPRES (MONTEE DES",44.10173,4.08179,Plein jour,En agglomération,Hors intersection,Pluie forte,Trois véhicules et plus - en chaîne,,,,,,,,,,,1,2,1,3.0,4.0
201000027392,0010-04-05 21:25:00,10,4,5,21,25,300,7,"42, FAUBOURG D'AUVERGNE",44.12977,4.08002,Nuit avec éclairage allumé,En agglomération,Intersection en T,Normale,Deux véhicules - arrière,,,,,,,,,,,5,2,3,1.0,2.0
201000027393,0010-04-17 05:45:00,10,4,17,5,45,300,243,"., MONTPELLIER (ROUTE)",44.06253,4.08889,Nuit sans éclairage public,Hors agglomération,Hors intersection,Normale,Autre collision,,,,,,,,,,,3,1,1,1.0,6.0