accident_id,datetime,annee,mois,jour,heure,minute,departement,commune_insee,adresse,latitude,longitude,luminosite,agglomeration,intersection,meteo,collision,nb_vehicules,nb_usagers,nb_indemnes,nb_tues,nb_blesses_hosp,nb_blesses_legers,age_cond_1,age_cond_2,veh_type_cond_1,veh_type_cond_2,lum_code,agg_code,int_code,atm_code,col_code
201000027517,0010-12-14 14:00:00,10,12,14,14,0,300,7,"., HUIT MAI 1945 (QUAI D",,,Plein jour,En agglomération,Hors intersection,Normale,Autre collision,,,,,,,,,,,1,2,1,1.0,6.0
201000027518,0010-12-14 14:15:00,10,12,14,14,15,300,7,"4, MOULIN (GRAND' RUE JE",44.1253,4.07336,Plein jour,En agglomération,Hors intersection,Normale,Deux véhicules - côté,,,,,,,,,,,1,2,1,1.0,3.0
201000027519,0010-12-17 12:35:00,10,12,17,12,35,300,243,"., CAVE (CHEMIN DE LA)",44.08413,4.07247,Plein jour,En agglomération,Intersection en T,Normale,Deux véhicules - frontale,,,,,,,,,,,1,2,3,1.0,1.0
201000027520,0010-12-17 14:30:00,10,12,17,14,30,300,7,"., LUQUETTE (CHEMIN DE L",,,Plein jour,En agglomération,Hors intersection,Normale,Sans collision,,,,,,,,,,,1,2,1,1.0,7.0
201000027521,0010-12-17 18:50:00,10,12,17,18,50,300,7,"., CHENES (RUE DES)",,,Nuit avec éclairage allumé,En agglomération,Hors intersection,Normale,Autre collision,,,,,,,,,,,5,2,1,1.0,6.0
201000027522,0010-12-19 12:50:00,10,12,19,12,50,300,7,"., BAGNOLS (ROUTE DE)",,,Plein jour,En agglomération,Hors intersection,Pluie légère,Sans collision,,,,,,,,,,,1,2,1,2.0,7.0
201000027523,0010-12-21 10:00:00,10,12,21,10,0,300,243,"., CAMPELLO (AVENUE DE)",44.08129,4.07088,Plein jour,En agglomération,Intersection en X,Temps couvert,Deux véhicules - côté,,,,,,,,,,,1,2,2,8.0,3.0
201000027524,0010-02-05 20:15:00,10,2,5,20,15,300,28,"6086, ROUTE DE PONT SAIN",,,Nuit sans éclairage public,Hors agglomération,Hors intersection,Pluie légère,Autre collision,,,,,,,,,,,3,1,1,2.0,6.0
201000027525,0010-02-23 17:50:00,10,2,23,17,50,300,28,"6086, ROUTE DE NIMES",44.10413,4.60801,Plein jour,En agglomération,Hors intersection,Normale,Deux véhicules - côté,,,,,,,,,,,1,2,1,1.0,3.0
201000027526,0010-03-07 15:35:00,10,3,7,15,35,300,28,"RD360, CARMIGNAN (ROUTE",,,Plein jour,Hors agglomération,Hors intersection,Neige / grêle,Autre collision,,,,,,,,,,,1,1,1,4.0,6.0
201000027527,0010-03-10 13:30:00,10,3,10,13,30,300,28,"1, ALPHONSE DAUDET (AVEN",44.15524,4.61313,Plein jour,Hors agglomération,Hors intersection,Normale,Deux véhicules - arrière,,,,,,,,,,,1,1,1,1.0,2.0
201000027528,0010-03-15 10:30:00,10,3,15,10,30,300,28,"16, LACOMBE (BOULEVARD T",44.16312,4.6227,Plein jour,En agglomération,Hors intersection,Normale,Deux véhicules - arrière,,,,,,,,,,,1,2,1,1.0,2.0
201000027529,0010-04-14 10:35:00,10,4,14,10,35,300,28,"1, MAYRE (AVENUE DE LA)",44.15795,4.6235,Plein jour,En agglomération,Hors intersection,Normale,Deux véhicules - arrière,,,,,,,,,,,1,2,1,1.0,2.0
201000027530,0010-04-24 11:05:00,10,4,24,11,5,300,28,"9, LEON BLUM (AVENUE)",44.16117,4.61783,Plein jour,En agglomération,Hors intersection,Normale,Autre collision,,,,,,,,,,,1,2,1,1.0,6.0
201000027531,0010-06-01 14:00:00,10,6,1,14,0,300,28,"5, PLANTEVIN (RUE)",44.14672,4.61142,Plein jour,En agglomération,Hors intersection,Normale,Autre collision,,,,,,,,,,,1,2,1,1.0,6.0
201000027532,0010-07-02 10:50:00,10,7,2,10,50,300,28,86 ROUTE DE PONT SAIN,,,Plein jour,En agglomération,Hors intersection,Normale,Autre collision,,,,,,,,,,,1,2,1,1.0,6.0
201000027533,0010-07-09 21:15:00,10,7,9,21,15,300,28,PONT SAINT ESPRIT (ROUTE,,,Plein jour,Hors agglomération,Hors intersection,Normale,Trois véhicules et plus - en chaîne,,,,,,,,,,,1,1,1,1.0,4.0
201000027534,0010-07-11 23:40:00,10,7,11,23,40,300,28,LEON BLUM (AVENUE),44.16526,4.61936,Nuit avec éclairage allumé,En agglomération,Hors intersection,Normale,Autre collision,,,,,,,,,,,5,2,1,1.0,6.0
201000027535,0010-08-03 22:30:00,10,8,3,22,30,300,28,"24, MAYRE (AVENUE DE LA)",44.15651,4.62248,Nuit avec éclairage allumé,En agglomération,Hors intersection,Normale,Autre collision,,,,,,,,,,,5,2,1,1.0,6.0
201000027536,0010-08-12 09:50:00,10,8,12,9,50,300,28,JAURES (PLACE JEAN),,,Plein jour,En agglomération,Hors intersection,Normale,Autre collision,,,,,,,,,,,1,2,1,1.0,6.0
201000027537,0010-08-31 09:45:00,10,8,31,9,45,300,28,"1, PAUL LANGEVIN (AVENUE",44.16526,4.61952,Plein jour,En agglomération,Hors intersection,Normale,Autre collision,,,,,,,,,,,1,2,1,1.0,6.0
201000027538,0010-09-03 11:45:00,10,9,3,11,45,300,28,"6, ALES (ROUTE D')",44.1668,4.58746,Plein jour,Hors agglomération,Hors intersection,Normale,Autre collision,,,,,,,,,,,1,1,1,1.0,6.0
201000027539,0010-09-03 09:45:00,10,9,3,9,45,300,28,LEON BLUM (AVENUE),,,Plein jour,En agglomération,Hors intersection,Normale,Deux véhicules - côté,,,,,,,,,,,1,2,1,1.0,3.0
201000027540,0010-09-10 12:00:00,10,9,10,12,0,300,28,"6086, ROUTE DE PONT SAIN",,,Plein jour,Hors agglomération,Hors intersection,Normale,Trois véhicules et plus - en chaîne,,,,,,,,,,,1,1,1,1.0,4.0
201000027541,0010-10-01 13:55:00,10,10,1,13,55,300,28,"1, ALPHONSE DAUDET (AVEN",44.15435,4.61304,Plein jour,En agglomération,Hors intersection,Normale,Autre collision,,,,,,,,,,,1,2,1,1.0,6.0
201000027542,0010-10-03 11:40:00,10,10,3,11,40,300,28,"1, JAURES (PLACE JEAN)",44.16529,4.61926,Plein jour,En agglomération,Hors intersection,Normale,Autre collision,,,,,,,,,,,1,2,1,1.0,6.0
201000027543,0010-10-04 07:50:00,10,10,4,7,50,300,28,"3, CHARRIER (AVENUE)",44.16109,4.62534,Plein jour,En agglomération,Hors intersection,Normale,Autre collision,,,,,,,,,,,1,2,1,1.0,6.0
201000027544,0010-10-10 18:20:00,10,10,10,18,20,300,28,"6, ALES (ROUTE D')",44.16714,4.58407,Crépuscule ou aube,Hors agglomération,Hors intersection,Pluie légère,Autre collision,,,,,,,,,,,2,1,1,2.0,6.0
201000027545,0010-10-15 15:05:00,10,10,15,15,5,300,28,"573, VIGAN BRAQUET (AVEN",44.16094,4.61164,Plein jour,En agglomération,Hors intersection,Normale,Autre collision,,,,,,,,,,,1,2,1,1.0,6.0
201000027546,0010-10-23 17:50:00,10,10,23,17,50,300,28,"299, SAINT GERVAIS (ROUT",44.17741,4.61706,Plein jour,En agglomération,Hors intersection,Normale,Autre collision,,,,,,,,,,,1,2,1,1.0,6.0
201000027547,0010-11-06 14:30:00,10,11,6,14,30,300,28,EDGAR TAILHADES (ROND PO,44.15985,4.62535,Plein jour,En agglomération,Giratoire,Normale,Deux véhicules - arrière,,,,,,,,,,,1,2,6,1.0,2.0
201000027548,0010-11-08 10:00:00,10,11,8,10,0,300,28,"25, EUROPE (AVENUE DE L'",44.16883,4.61944,Plein jour,En agglomération,Hors intersection,Normale,Deux véhicules - côté,,,,,,,,,,,1,2,1,1.0,3.0
201000027549,0010-11-23 08:30:00,10,11,23,8,30,300,28,"6086, ROUTE DE NIMES",44.15429,4.61649,Plein jour,En agglomération,Intersection en T,Normale,Deux véhicules - côté,,,,,,,,,,,1,2,3,1.0,3.0
201000027550,0010-11-29 13:00:00,10,11,29,13,0,300,28,"6086, ROUTE DE PONT SAIN",44.17155,4.62013,Plein jour,En agglomération,Hors intersection,Normale,Autre collision,,,,,,,,,,,1,2,1,1.0,6.0
201000027551,0010-12-02 18:27:00,10,12,2,18,27,300,28,"1, BOSQUET (CHEMIN DU)",44.15495,4.6166,Nuit avec éclairage allumé,En agglomération,Autre intersection,Normale,Deux véhicules - côté,,,,,,,,,,,5,2,9,1.0,3.0
201000027552,0010-12-04 17:50:00,10,12,4,17,50,300,28,ROGER SALENGRO (AVENUE),44.16556,4.61641,Nuit avec éclairage allumé,En agglomération,Hors intersection,Normale,Autre collision,,,,,,,,,,,5,2,1,1.0,6.0
201000027553,0010-12-08 17:50:00,10,12,8,17,50,300,28,"D980, ROUTE DE SAINT GER",44.17916,4.60781,Nuit sans éclairage public,En agglomération,Intersection en T,Normale,Autre collision,,,,,,,,,,,3,2,3,1.0,6.0
201000027554,0010-12-17 12:35:00,10,12,17,12,35,300,28,ROUTE DE SAINT GERVAIS,,,Plein jour,Hors agglomération,Hors intersection,Normale,Autre collision,,,,,,,,,,,1,1,1,1.0,6.0
201000027555,0010-12-19 01:25:00,10,12,19,1,25,300,28,"6086, ROUTE DE PONT SAIN",,,Nuit sans éclairage public,Hors agglomération,Hors intersection,Normale,Autre collision,,,,,,,,,,,3,1,1,1.0,6.0
201000027556,0010-01-30 18:45:00,10,1,30,18,45,300,32,MARECHAL FOCH,43.80964,4.63859,Nuit avec éclairage allumé,En agglomération,Intersection en X,Normale,Deux véhicules - côté,,,,,,,,,,,5,2,2,1.0,3.0
201000027557,0010-03-03 14:25:00,10,3,3,14,25,300,32,"0, ROQUECOURBE (PORTE)",43.80977,4.64821,Plein jour,Hors agglomération,Intersection en X,Pluie légère,Deux véhicules - côté,,,,,,,,,,,1,1,2,2.0,3.0
201000027558,0010-03-07 17:10:00,10,3,7,17,10,300,32,PONT DE BEAUCAIRE,43.78736,4.65037,Plein jour,En agglomération,Hors intersection,Neige / grêle,Trois véhicules et plus - collisions multiples,,,,,,,,,,,1,2,1,4.0,5.0
201000027559,0010-03-15 20:00:00,10,3,15,20,0,300,32,SICARD (MONTEE DE),,,Nuit sans éclairage public,Hors agglomération,Hors intersection,Normale,Trois véhicules et plus - collisions multiples,,,,,,,,,,,3,1,1,1.0,5.0
201000027560,0010-03-21 17:00:00,10,3,21,17,0,300,32,"1, MARECHAL JOFFRE",,,Plein jour,En agglomération,Hors intersection,Normale,Autre collision,,,,,,,,,,,1,2,1,1.0,6.0
201000027561,0010-03-27 09:40:00,10,3,27,9,40,300,32,ROUTE DE NIMES (C.D.999),43.8185,4.61184,Plein jour,Hors agglomération,Giratoire,Normale,Deux véhicules - côté,,,,,,,,,,,1,1,6,1.0,3.0
201000027562,0010-04-19 06:15:00,10,4,19,6,15,300,32,ROUTE DE COMPS,43.93993,4.6212,Nuit sans éclairage public,Hors agglomération,Hors intersection,Normale,Sans collision,,,,,,,,,,,3,1,1,1.0,7.0
201000027563,0010-04-25 19:50:00,10,4,25,19,50,300,32,PONT DE CHARANCONE(chemi,,,Plein jour,Hors agglomération,Intersection en X,Normale,Deux véhicules - côté,,,,,,,,,,,1,1,2,1.0,3.0
201000027564,0010-05-04 07:00:00,10,5,4,7,0,300,32,"0, ROUTE DE FOURQUES",,,Nuit sans éclairage public,Hors agglomération,Intersection en X,Pluie forte,Deux véhicules - côté,,,,,,,,,,,3,1,2,3.0,3.0
201000027565,0010-05-21 19:00:00,10,5,21,19,0,300,32,PAIX (QUAI DE LA),43.80606,4.63748,Plein jour,En agglomération,Hors intersection,Normale,Autre collision,,,,,,,,,,,1,2,1,1.0,6.0
201000027566,0010-05-24 20:00:00,10,5,24,20,0,300,32,ROUTE DE BELLEGARDE (C.D,,,Plein jour,Hors agglomération,Hors intersection,Normale,Trois véhicules et plus - en chaîne,,,,,,,,,,,1,1,1,1.0,4.0
201000027567,0010-06-07 19:00:00,10,6,7,19,0,300,32,ROUTE DE FOURQUES,43.73822,4.61146,Plein jour,Hors agglomération,Intersection en T,Normale,Deux véhicules - côté,,,,,,,,,,,1,1,3,1.0,3.0
201000027568,0010-06-12 15:00:00,10,6,12,15,0,300,32,ROUTE DE FOURQUES,43.76305,4.61724,Plein jour,Hors agglomération,Intersection en X,Normale,Deux véhicules - côté,,,,,,,,,,,1,1,2,1.0,3.0
201000027569,0010-06-17 15:50:00,10,6,17,15,50,300,32,"23, MARECHAL JOFFRE",43.80971,4.64076,Plein jour,En agglomération,Hors intersection,Normale,Autre collision,,,,,,,,,,,1,2,1,1.0,6.0
201000027570,0010-07-04 07:00:00,10,7,4,7,0,300,32,BLANC (chemin),,,Plein jour,Hors agglomération,Hors intersection,Normale,Sans collision,,,,,,,,,,,1,1,1,1.0,7.0
201000027571,0010-07-04 11:45:00,10,7,4,11,45,300,32,ROUTE DE NIMES (C.D.999),,,Plein jour,En agglomération,Hors intersection,Normale,Deux véhicules - côté,,,,,,,,,,,1,2,1,1.0,3.0
201000027572,0010-07-17 11:00:00,10,7,17,11,0,300,32,PAIX (QUAI DE LA),,,Plein jour,En agglomération,Hors intersection,Normale,Deux véhicules - côté,,,,,,,,,,,1,2,1,1.0,3.0
201000027573,0010-07-25 12:10:00,10,7,25,12,10,300,32,ROUTE DE NIMES (C.D.999),,,Plein jour,Hors agglomération,Hors intersection,Normale,Deux véhicules - côté,,,,,,,,,,,1,1,1,1.0,3.0
201000027574,0010-08-20 05:15:00,10,8,20,5,15,300,32,ROUTE DE FOURQUES,,,Nuit sans éclairage public,En agglomération,Hors intersection,Temps couvert,Deux véhicules - côté,,,,,,,,,,,3,2,1,8.0,3.0
201000027575,0010-08-21 20:10:00,10,8,21,20,10,300,32,ROUTE DE FOURQUES,43.79853,4.6312,Crépuscule ou aube,Hors agglomération,Hors intersection,Normale,Sans collision,,,,,,,,,,,2,1,1,1.0,7.0
201000027576,0010-08-22 11:45:00,10,8,22,11,45,300,32,"11, MARECHAL FOCH",43.80806,4.63835,Plein jour,En agglomération,Hors intersection,Normale,Trois véhicules et plus - en chaîne,,,,,,,,,,,1,2,1,1.0,4.0
201000027577,0010-09-01 18:10:00,10,9,1,18,10,300,32,MARECHAL FOCH,43.80838,4.63839,Plein jour,En agglomération,Intersection en T,Normale,Deux véhicules - côté,,,,,,,,,,,1,2,3,1.0,3.0
201000027578,0010-10-03 06:00:00,10,10,3,6,0,300,32,ROUTE DE COMPS,43.81917,4.6291,Nuit sans éclairage public,Hors agglomération,Hors intersection,Normale,Sans collision,,,,,,,,,,,3,1,1,1.0,7.0
201000027579,0010-06-28 18:30:00,10,6,28,18,30,300,32,ROCADE (DPT90),43.79483,4.61097,Plein jour,Hors agglomération,Hors intersection,Normale,Sans collision,,,,,,,,,,,1,1,1,1.0,7.0
201000027580,0010-11-07 16:30:00,10,11,7,16,30,300,32,ROC DES MOURGUES (CH),,,Plein jour,Hors agglomération,Hors intersection,Normale,Sans collision,,,,,,,,,,,1,1,1,1.0,7.0
201000027581,0010-11-12 08:45:00,10,11,12,8,45,300,32,SICARD (MONTEE DE),,,Plein jour,Hors agglomération,Hors intersection,Normale,Deux véhicules - côté,,,,,,,,,,,1,1,1,1.0,3.0
201000027582,0010-11-29 13:05:00,10,11,29,13,5,300,32,SALONENQUE,,,Plein jour,En agglomération,Hors intersection,Normale,Autre collision,,,,,,,,,,,1,2,1,1.0,6.0
201000027583,0010-12-24 09:45:00,10,12,24,9,45,300,32,MILLIAIRES (ZONE COMMERC,,,Plein jour,En agglomération,Hors intersection,Normale,Autre collision,,,,,,,,,,,1,2,1,1.0,6.0
201000027584,0010-12-29 14:10:00,10,12,29,14,10,300,32,"1062, ROUTE DE FOURQUES",43.79434,4.6303,Plein jour,Hors agglomération,Hors intersection,Normale,Sans collision,,,,,,,,,,,1,1,1,1.0,7.0
201000027585,0010-01-02 16:43:00,10,1,2,16,43,300,189,CALMETTE (CHEMIN),43.8288,4.36588,Plein jour,En agglomération,Intersection en X,Normale,Deux véhicules - côté,,,,,,,,,,,1,2,2,1.0,3.0
201000027586,0010-01-02 22:12:00,10,1,2,22,12,300,189,BEAUCAIRE (ROUTE),43.83493,4.40976,Nuit avec éclairage allumé,En agglomération,Hors intersection,Normale,Sans collision,,,,,,,,,,,5,2,1,1.0,7.0
201000027587,0010-01-04 18:35:00,10,1,4,18,35,300,189,"13-15, MOULIN JEAN (RUE)",43.8447,4.39159,Nuit avec éclairage allumé,En agglomération,Hors intersection,Pluie légère,Sans collision,,,,,,,,,,,5,2,1,2.0,7.0
201000027588,0010-01-05 22:32:00,10,1,5,22,32,300,189,AVIGNON (ROUTE),43.84293,4.38145,Nuit avec éclairage allumé,En agglomération,Hors intersection,Normale,Autre collision,,,,,,,,,,,5,2,1,1.0,6.0
201000027589,0010-01-06 10:04:00,10,1,6,10,4,300,189,KAHN EMILE (RUE),43.82674,4.36597,Plein jour,En agglomération,Hors intersection,Normale,Autre collision,,,,,,,,,,,1,2,1,1.0,6.0
201000027590,0010-01-06 17:45:00,10,1,6,17,45,300,189,"590, BELLINI (RUE)",43.82798,4.33745,Nuit avec éclairage allumé,En agglomération,Hors intersection,Normale,Autre collision,,,,,,,,,,,5,2,1,1.0,6.0
201000027591,0010-01-07 07:05:00,10,1,7,7,5,300,189,MAURICE SCHUMAN (rue),43.81178,4.36652,Nuit avec éclairage allumé,En agglomération,Hors intersection,Normale,Autre collision,,,,,,,,,,,5,2,1,1.0,6.0
201000027592,0010-01-08 18:58:00,10,1,8,18,58,300,189,MONTPELLIER (ROUTE DE),43.8121,4.33154,Nuit sans éclairage public,En agglomération,Hors intersection,Neige / grêle,Deux véhicules - arrière,,,,,,,,,,,3,2,1,4.0,2.0
201000027593,0010-01-08 19:50:00,10,1,8,19,50,300,189,BRUXELLES (BOULEVARD),43.83404,4.36207,Nuit avec éclairage allumé,En agglomération,Hors intersection,Neige / grêle,Deux véhicules - arrière,,,,,,,,,,,5,2,1,4.0,2.0
201000027594,0010-01-10 15:52:00,10,1,10,15,52,300,189,ENCLOS GOUBERT (RUE OU I,43.83928,4.37942,Plein jour,En agglomération,Hors intersection,Normale,Sans collision,,,,,,,,,,,1,2,1,1.0,7.0
201000027595,0010-01-13 19:38:00,10,1,13,19,38,300,189,MONNET JEAN (COURS),43.81664,4.34852,Nuit sans éclairage public,En agglomération,Hors intersection,Normale,Deux véhicules - arrière,,,,,,,,,,,3,2,1,1.0,2.0
201000027596,0010-01-14 11:40:00,10,1,14,11,40,300,189,SEVERINE (IMPACE OU PLAC,43.8303,4.35273,Plein jour,En agglomération,Hors intersection,Pluie légère,Sans collision,,,,,,,,,,,1,2,1,2.0,7.0
201000027597,0010-01-14 15:50:00,10,1,14,15,50,300,189,D 135,43.77924,4.34099,Plein jour,Hors agglomération,Intersection en T,Pluie forte,Deux véhicules - frontale,,,,,,,,,,,1,1,3,3.0,1.0
201000027598,0010-01-14 17:45:00,10,1,14,17,45,300,189,MONTPELLIER (ROUTE DE),43.82681,4.37395,Plein jour,En agglomération,Hors intersection,Pluie forte,Deux véhicules - côté,,,,,,,,,,,1,2,1,3.0,3.0
201000027599,0010-01-14 19:10:00,10,1,14,19,10,300,189,GENERAC (ROUTE),,,Nuit sans éclairage public,Hors agglomération,Hors intersection,Pluie légère,Sans collision,,,,,,,,,,,3,1,1,2.0,7.0
201000027600,0010-01-15 12:31:00,10,1,15,12,31,300,189,TERRAUBE (RUE),43.83017,4.36434,Plein jour,En agglomération,Hors intersection,Normale,Sans collision,,,,,,,,,,,1,2,1,1.0,7.0
201000027601,0010-01-16 01:30:00,10,1,16,1,30,300,189,AVIGNON (ROUTE),43.85841,4.41727,Nuit sans éclairage public,En agglomération,Hors intersection,Normale,Sans collision,,,,,,,,,,,3,2,1,1.0,7.0
201000027602,0010-01-16 18:37:00,10,1,16,18,37,300,189,"296, MENDES FRANCE PIERR",43.82555,4.37789,Nuit avec éclairage allumé,En agglomération,Intersection en T,Pluie légère,Deux véhicules - côté,,,,,,,,,,,5,2,3,2.0,3.0
201000027603,0010-01-16 18:48:00,10,1,16,18,48,300,189,SAUVE (ROUTE),,,Nuit sans éclairage public,Hors agglomération,Hors intersection,Pluie légère,Sans collision,,,,,,,,,,,3,1,1,2.0,7.0
201000027604,0010-01-22 17:25:00,10,1,22,17,25,300,189,GAMBETTA (BD),43.84041,4.35814,Plein jour,En agglomération,Hors intersection,Normale,Sans collision,,,,,,,,,,,1,2,1,1.0,7.0
201000027605,0010-01-24 11:38:00,10,1,24,11,38,300,189,JOFFRE MARECHAL (AVENUE),43.81415,4.32067,Plein jour,En agglomération,Intersection en X,Normale,Deux véhicules - côté,,,,,,,,,,,1,2,2,1.0,3.0
201000027606,0010-01-24 12:53:00,10,1,24,12,53,300,189,TALABOT (BOULEVARD),43.83848,4.37243,Plein jour,En agglomération,Hors intersection,Normale,Deux véhicules - arrière,,,,,,,,,,,1,2,1,1.0,2.0
201000027607,0010-01-27 19:00:00,10,1,27,19,0,300,189,"74, TRIAIRE SERGENT (BOU",43.82579,4.35518,Nuit avec éclairage allumé,En agglomération,Hors intersection,Normale,Trois véhicules et plus - en chaîne,,,,,,,,,,,5,2,1,1.0,4.0
201000027608,0010-01-28 12:00:00,10,1,28,12,0,300,189,HOTEL DIEU (RUE),43.83363,4.35315,Plein jour,En agglomération,Intersection en X,Normale,Deux véhicules - côté,,,,,,,,,,,1,2,2,1.0,3.0
201000027609,0010-01-29 12:15:00,10,1,29,12,15,300,189,TALABOT (BOULEVARD),43.83561,4.36937,Plein jour,En agglomération,Hors intersection,Normale,Sans collision,,,,,,,,,,,1,2,1,1.0,7.0
201000027610,0010-01-29 16:55:00,10,1,29,16,55,300,189,HORLOGE (RUE),43.83843,4.35836,Plein jour,En agglomération,Hors intersection,Normale,Sans collision,,,,,,,,,,,1,2,1,1.0,7.0
201000027611,0010-03-25 17:50:00,10,3,25,17,50,300,189,"86, SAUVE (ROUTE)",43.83701,4.33975,Plein jour,Hors agglomération,Hors intersection,Pluie légère,Deux véhicules - frontale,,,,,,,,,,,1,1,1,2.0,1.0
201000027612,0010-01-31 07:47:00,10,1,31,7,47,300,189,BEAUCAIRE (ROUTE),43.83278,4.43028,Crépuscule ou aube,Hors agglomération,Hors intersection,Normale,Autre collision,,,,,,,,,,,2,1,1,1.0,6.0
201000027613,0010-02-01 15:13:00,10,2,1,15,13,300,189,MENARD (RUE),43.84218,4.35549,Plein jour,En agglomération,Intersection en X,Normale,Deux véhicules - côté,,,,,,,,,,,1,2,2,1.0,3.0
201000027614,0010-02-03 08:20:00,10,2,3,8,20,300,189,MAS DE VILLE,43.83285,4.38567,Plein jour,En agglomération,Intersection en T,Normale,Deux véhicules - côté,,,,,,,,,,,1,2,3,1.0,3.0
201000027615,0010-02-03 17:15:00,10,2,3,17,15,300,189,"00, ARTS (AVENUE)",43.82008,4.33638,Plein jour,En agglomération,Hors intersection,Normale,Deux véhicules - arrière,,,,,,,,,,,1,2,1,1.0,2.0
201000027616,0010-02-03 17:55:00,10,2,3,17,55,300,189,BOURDAN PIERRE (RUE),43.84351,4.38518,Plein jour,En agglomération,Intersection en X,Normale,Deux véhicules - côté,,,,,,,,,,,1,2,2,1.0,3.0
201000027617,0010-02-03 19:55:00,10,2,3,19,55,300,189,"7, GAMBETTA (BD)",43.84031,4.35749,Nuit avec éclairage allumé,En agglomération,Hors intersection,Normale,Sans collision,,,,,,,,,,,5,2,1,1.0,7.0
201000027618,0010-02-04 17:45:00,10,2,4,17,45,300,189,"000, REINETTE (RUE)",43.83341,4.36774,Nuit avec éclairage allumé,En agglomération,Intersection en T,Pluie légère,Deux véhicules - arrière,,,,,,,,,,,5,2,3,2.0,2.0
201000027619,0010-02-04 19:45:00,10,2,4,19,45,300,189,"248 Bis, ALES (ROUTE)",43.86699,4.32694,Nuit sans éclairage public,Hors agglomération,Hors intersection,Pluie légère,Autre collision,,,,,,,,,,,3,1,1,2.0,6.0
201000027620,0010-02-05 10:00:00,10,2,5,10,0,300,189,MITTERAND FRANCOIS (AVEN,43.80782,4.37112,Plein jour,Hors agglomération,Hors intersection,Pluie légère,Sans collision,,,,,,,,,,,1,1,1,2.0,7.0
201000027621,0010-02-05 17:00:00,10,2,5,17,0,300,189,BEAUCAIRE (ROUTE),43.8371,4.39227,Plein jour,Hors agglomération,Hors intersection,Normale,Sans collision,,,,,,,,,,,1,1,1,1.0,7.0
201000027622,0010-02-05 20:15:00,10,2,5,20,15,300,189,"000, ALLENDE SALVADOR (R",43.8239,4.38039,Nuit avec éclairage allumé,En agglomération,Intersection en X,Normale,Deux véhicules - côté,,,,,,,,,,,5,2,2,1.0,3.0
201000027623,0010-02-06 05:40:00,10,2,6,5,40,300,189,rond point franckfort d',43.82351,4.32789,Nuit avec éclairage allumé,En agglomération,Giratoire,Normale,Deux véhicules - côté,,,,,,,,,,,5,2,6,1.0,3.0
201000027624,0010-02-06 14:37:00,10,2,6,14,37,300,189,CLERISSEAU (RUE),43.84119,4.35664,Plein jour,En agglomération,Intersection en X,Normale,Deux véhicules - côté,,,,,,,,,,,1,2,2,1.0,3.0
201000027625,0010-02-08 05:03:00,10,2,8,5,3,300,189,MONTPELLIER (ROUTE DE),43.81118,4.33023,Nuit avec éclairage allumé,En agglomération,Intersection en X,Normale,Deux véhicules - frontale,,,,,,,,,,,5,2,2,1.0,1.0
201000027626,0010-02-08 23:30:00,10,2,8,23,30,300,189,ALLENDE SALVADOR (RUE),43.83301,4.3855,Nuit avec éclairage allumé,En agglomération,Hors intersection,Pluie forte,Deux véhicules - arrière,,,,,,,,,,,5,2,1,3.0,2.0
201000027627,0010-02-09 07:21:00,10,2,9,7,21,300,189,ALES (ROUTE),43.89779,4.28889,Crépuscule ou aube,Hors agglomération,Hors intersection,Pluie légère,Trois véhicules et plus - collisions multiples,,,,,,,,,,,2,1,1,2.0,5.0
201000027628,0010-02-09 14:41:00,10,2,9,14,41,300,189,FRANCAIS LIBRES (BD),43.83268,4.32221,Plein jour,En agglomération,Hors intersection,Pluie légère,Sans collision,,,,,,,,,,,1,2,1,2.0,7.0
201000027629,0010-02-10 09:03:00,10,2,10,9,3,300,189,"335, LIMITES (CHEMIN)",43.84959,4.3593,Plein jour,En agglomération,Hors intersection,Normale,Deux véhicules - arrière,,,,,,,,,,,1,2,1,1.0,2.0
201000027630,0010-02-10 17:44:00,10,2,10,17,44,300,189,CANAUX (CHEMIN),43.78371,4.35486,Plein jour,Hors agglomération,Hors intersection,Normale,Deux véhicules - arrière,,,,,,,,,,,1,1,1,1.0,2.0
201000027631,0010-02-11 09:50:00,10,2,11,9,50,300,189,BEAUCAIRE (ROUTE),43.83633,4.39419,Plein jour,En agglomération,Giratoire,Normale,Deux véhicules - côté,,,,,,,,,,,1,2,6,1.0,3.0
201000027632,0010-02-13 10:00:00,10,2,13,10,0,300,189,"000, TALABOT (BOULEVARD)",43.83635,4.37037,Plein jour,En agglomération,Hors intersection,Normale,Deux véhicules - côté,,,,,,,,,,,1,2,1,1.0,3.0
201000027633,0010-02-13 18:05:00,10,2,13,18,5,300,189,SAINT GILLES (RUE),43.82308,4.36429,Crépuscule ou aube,En agglomération,Intersection en X,Normale,Deux véhicules - frontale,,,,,,,,,,,2,2,2,1.0,1.0
201000027634,0010-02-15 18:27:00,10,2,15,18,27,300,189,DELON SOUBEYRAN (RUE),43.83536,4.35468,Nuit avec éclairage allumé,En agglomération,Intersection en X,Normale,Deux véhicules - côté,,,,,,,,,,,5,2,2,1.0,3.0
201000027635,0010-02-16 07:42:00,10,2,16,7,42,300,189,ANDUZE (ROUTE OU ANCIENN,,,Plein jour,Hors agglomération,Hors intersection,Pluie légère,Sans collision,,,,,,,,,,,1,1,1,2.0,7.0
201000027636,0010-02-16 14:10:00,10,2,16,14,10,300,189,"5, SULLY (RUE)",43.84156,4.37146,Plein jour,En agglomération,Hors intersection,Pluie légère,Deux véhicules - côté,,,,,,,,,,,1,2,1,2.0,3.0