accident_id,datetime,annee,mois,jour,heure,minute,departement,commune_insee,adresse,latitude,longitude,luminosite,agglomeration,intersection,meteo,collision,nb_vehicules,nb_usagers,nb_indemnes,nb_tues,nb_blesses_hosp,nb_blesses_legers,age_cond_1,age_cond_2,veh_type_cond_1,veh_type_cond_2,lum_code,agg_code,int_code,atm_code,col_code
201000027637,0010-02-18 04:23:00,10,2,18,4,23,300,189,ANCIENS COMBATTANTS D IN,,,Crépuscule ou aube,En agglomération,Hors intersection,Pluie légère,Autre collision,,,,,,,,,,,2,2,1,2.0,6.0
201000027638,0010-02-20 08:19:00,10,2,20,8,19,300,189,FOREZ (RUE),43.82329,4.36407,Plein jour,En agglomération,Intersection en T,Normale,Deux véhicules - arrière,,,,,,,,,,,1,2,3,1.0,2.0
201000027639,0010-02-22 12:07:00,10,2,22,12,7,300,189,BONS ENFANTS (RUE),43.84084,4.37105,Plein jour,En agglomération,Intersection en X,Autre,Deux véhicules - côté,,,,,,,,,,,1,2,2,9.0,3.0
201000027640,0010-02-22 19:16:00,10,2,22,19,16,300,189,ALLENDE SALVADOR (RUE),43.82685,4.37389,Nuit sans éclairage public,En agglomération,Hors intersection,Pluie légère,Deux véhicules - arrière,,,,,,,,,,,3,2,1,2.0,2.0
201000027641,0010-02-23 11:05:00,10,2,23,11,5,300,189,"313, PISSADOU (CHEMIN OU",43.84239,4.30942,Plein jour,En agglomération,Hors intersection,Normale,Sans collision,,,,,,,,,,,1,2,1,1.0,7.0
201000027642,0010-02-24 16:30:00,10,2,24,16,30,300,189,MITTERAND FRANCOIS (AVEN,43.80463,4.37292,Plein jour,Hors agglomération,Hors intersection,Normale,Deux véhicules - arrière,,,,,,,,,,,1,1,1,1.0,2.0
201000027643,0010-02-25 08:10:00,10,2,25,8,10,300,189,"105, LYAUTEY MARECHAL (A",43.81811,4.32181,Plein jour,En agglomération,Hors intersection,Normale,Autre collision,,,,,,,,,,,1,2,1,1.0,6.0
201000027644,0010-02-27 11:30:00,10,2,27,11,30,300,189,"1, BOUQUERIE (SQUARE)",43.84039,4.35669,Plein jour,En agglomération,Hors intersection,Normale,Autre collision,,,,,,,,,,,1,2,1,1.0,6.0
201000027645,0010-03-01 12:20:00,10,3,1,12,20,300,189,BOEGNER PASTEUR MARC (BO,43.82002,4.33593,Plein jour,Hors agglomération,Intersection en T,Normale,Deux véhicules - arrière,,,,,,,,,,,1,1,3,1.0,2.0
201000027646,0010-03-01 14:27:00,10,3,1,14,27,300,189,BONFA (RUE),43.84609,4.36234,Plein jour,En agglomération,Place,Normale,Sans collision,,,,,,,,,,,1,2,7,1.0,7.0
201000027647,0010-03-01 15:55:00,10,3,1,15,55,300,189,TRIAIRE SERGENT (BOULEVA,43.82953,4.36175,Plein jour,En agglomération,Hors intersection,Normale,Deux véhicules - arrière,,,,,,,,,,,1,2,1,1.0,2.0
201000027648,0010-03-02 08:15:00,10,3,2,8,15,300,189,TALABOT (BOULEVARD),43.83746,4.3716,Plein jour,En agglomération,Hors intersection,Normale,Deux véhicules - arrière,,,,,,,,,,,1,2,1,1.0,2.0
201000027649,0010-03-02 21:15:00,10,3,2,21,15,300,189,ALLENDE SALVADOR (RUE),43.83047,4.37994,Nuit avec éclairage allumé,En agglomération,Hors intersection,Normale,Deux véhicules - côté,,,,,,,,,,,5,2,1,1.0,3.0
201000027650,0010-03-03 07:10:00,10,3,3,7,10,300,189,BEAUCAIRE (ROUTE),43.83272,4.43132,Crépuscule ou aube,Hors agglomération,Hors intersection,Pluie forte,Autre collision,,,,,,,,,,,2,1,1,3.0,6.0
201000027651,0010-03-03 12:48:00,10,3,3,12,48,300,189,", CLERISSEAU (RUE)",43.84132,4.35745,Plein jour,En agglomération,Intersection en X,Pluie forte,Deux véhicules - côté,,,,,,,,,,,1,2,2,3.0,3.0
201000027652,0010-03-05 17:50:00,10,3,5,17,50,300,189,"112, UZES (ROUTE D')",43.85183,4.37678,Crépuscule ou aube,En agglomération,Intersection en T,Normale,Deux véhicules - côté,,,,,,,,,,,2,2,3,1.0,3.0
201000027653,0010-03-05 19:18:00,10,3,5,19,18,300,189,FRANCAIS LIBRES (BD),43.8314,4.32272,Nuit avec éclairage allumé,En agglomération,Hors intersection,Normale,Deux véhicules - arrière,,,,,,,,,,,5,2,1,1.0,2.0
201000027654,0010-03-06 22:20:00,10,3,6,22,20,300,189,TRIAIRE SERGENT (BOULEVA,43.8267,4.35688,Nuit avec éclairage allumé,En agglomération,Intersection en X,Normale,Deux véhicules - côté,,,,,,,,,,,5,2,2,1.0,3.0
201000027655,0010-04-27 18:11:00,10,4,27,18,11,300,189,ROBERT JEAN (PLACE),43.84017,4.36516,Plein jour,En agglomération,Hors intersection,Normale,Deux véhicules - arrière,,,,,,,,,,,1,2,1,1.0,2.0
201000027656,0010-03-11 07:55:00,10,3,11,7,55,300,189,"0000, SAUVE (ROUTE)",,,Plein jour,En agglomération,Hors intersection,Normale,Deux véhicules - arrière,,,,,,,,,,,1,2,1,1.0,2.0
201000027657,0010-03-12 16:20:00,10,3,12,16,20,300,189,HUGO VICTOR (BOULEVARD),43.83559,4.358,Plein jour,En agglomération,Hors intersection,Normale,Sans collision,,,,,,,,,,,1,2,1,1.0,7.0
201000027658,0010-03-13 10:26:00,10,3,13,10,26,300,189,"33, VERNE JULES (RUE)",43.84584,4.38017,Plein jour,En agglomération,Hors intersection,Normale,Deux véhicules - côté,,,,,,,,,,,1,2,1,1.0,3.0
201000027659,0010-03-13 12:31:00,10,3,13,12,31,300,189,"62, TRIAIRE SERGENT (BOU",43.8272,4.3576,Plein jour,En agglomération,Hors intersection,Normale,Deux véhicules - côté,,,,,,,,,,,1,2,1,1.0,3.0
201000027660,0010-03-13 20:51:00,10,3,13,20,51,300,189,DAUDET PROFESSEUR PIERRE,43.84493,4.38998,Nuit avec éclairage allumé,En agglomération,Hors intersection,Normale,Autre collision,,,,,,,,,,,5,2,1,1.0,6.0
201000027661,0010-03-15 15:25:00,10,3,15,15,25,300,189,SAINTE PERPETUE (RUE),43.83422,4.37182,Plein jour,En agglomération,Hors intersection,Normale,Deux véhicules - frontale,,,,,,,,,,,1,2,1,1.0,1.0
201000027662,0010-03-17 15:03:00,10,3,17,15,3,300,189,SAINT GILLES (ROUTE),43.76585,4.40552,Plein jour,Hors agglomération,Intersection en T,Normale,Trois véhicules et plus - collisions multiples,,,,,,,,,,,1,1,3,1.0,5.0
201000027663,0010-03-18 14:35:00,10,3,18,14,35,300,189,ANDUZE (ROUTE OU ANCIENN,43.87994,4.25655,Plein jour,En agglomération,Hors intersection,Normale,Deux véhicules - côté,,,,,,,,,,,1,2,1,1.0,3.0
201000027664,0010-03-19 19:35:00,10,3,19,19,35,300,189,"982, UZES (ROUTE D')",43.88483,4.37988,Nuit sans éclairage public,Hors agglomération,Hors intersection,Normale,Autre collision,,,,,,,,,,,3,1,1,1.0,6.0
201000027665,0010-03-23 18:05:00,10,3,23,18,5,300,189,"34, POMPIDOU GEORGES (AV",43.83473,4.34788,Plein jour,En agglomération,Hors intersection,Normale,Autre collision,,,,,,,,,,,1,2,1,1.0,6.0
201000027666,0010-03-24 17:15:00,10,3,24,17,15,300,189,"21, NOTRE DAME (RUE)",43.83706,4.36579,Plein jour,En agglomération,Hors intersection,Normale,Autre collision,,,,,,,,,,,1,2,1,1.0,6.0
201000027667,0010-03-28 19:20:00,10,3,28,19,20,300,189,ALES (ROUTE),43.89809,4.28879,Plein jour,Hors agglomération,Hors intersection,Normale,Sans collision,,,,,,,,,,,1,1,1,1.0,7.0
201000027668,0010-03-29 20:48:00,10,3,29,20,48,300,189,HUGO VICTOR (BOULEVARD),43.83524,4.35844,Nuit avec éclairage allumé,En agglomération,Hors intersection,Normale,Autre collision,,,,,,,,,,,5,2,1,1.0,6.0
201000027669,0010-03-30 07:57:00,10,3,30,7,57,300,189,"49, POMPIDOU GEORGES (AV",43.83647,4.34636,Plein jour,En agglomération,Hors intersection,Pluie légère,Autre collision,,,,,,,,,,,1,2,1,2.0,6.0
201000027670,0010-03-30 16:48:00,10,3,30,16,48,300,189,"152 B, SAUVE (ROUTE)",43.84099,4.31742,Plein jour,En agglomération,Hors intersection,Pluie légère,Deux véhicules - frontale,,,,,,,,,,,1,2,1,2.0,1.0
201000027671,0010-04-04 18:24:00,10,4,4,18,24,300,189,"3, ARNAVIEILLE (RUE)",43.82496,4.35201,Plein jour,En agglomération,Hors intersection,Normale,Autre collision,,,,,,,,,,,1,2,1,1.0,6.0
201000027672,0010-04-05 16:13:00,10,4,5,16,13,300,189,JAURES JEAN (BOULEVARD),43.82687,4.3531,Plein jour,En agglomération,Intersection en X,Normale,Autre collision,,,,,,,,,,,1,2,2,1.0,6.0
201000027673,0010-04-09 14:24:00,10,4,9,14,24,300,189,ROUMANILLE (RUE),43.82847,4.3539,Plein jour,En agglomération,Intersection en X,Normale,Deux véhicules - côté,,,,,,,,,,,1,2,2,1.0,3.0
201000027674,0010-04-08 03:45:00,10,4,8,3,45,300,189,"1156, MAS DE CHEYLON",43.80525,4.33644,Nuit sans éclairage public,Hors agglomération,Hors intersection,Normale,Autre collision,,,,,,,,,,,3,1,1,1.0,6.0
201000027675,0010-04-11 17:45:00,10,4,11,17,45,300,189,POULX (ROUTE DE),,,Plein jour,En agglomération,Hors intersection,Normale,Sans collision,,,,,,,,,,,1,2,1,1.0,7.0
201000027676,0010-04-12 14:23:00,10,4,12,14,23,300,189,KENNEDY (AVENUE),43.82083,4.32278,Plein jour,En agglomération,Hors intersection,Normale,Deux véhicules - côté,,,,,,,,,,,1,2,1,1.0,3.0
201000027677,0010-04-12 16:42:00,10,4,12,16,42,300,189,UTRILLO (RUE OU IMPASSE),,,Plein jour,En agglomération,Hors intersection,Normale,Deux véhicules - arrière,,,,,,,,,,,1,2,1,1.0,2.0
201000027678,0010-04-16 15:00:00,10,4,16,15,0,300,189,HAROUN TAZIEFF (ROND POI,43.83113,4.3814,Plein jour,En agglomération,Hors intersection,Normale,Deux véhicules - arrière,,,,,,,,,,,1,2,1,1.0,2.0
201000027679,0010-04-16 20:55:00,10,4,16,20,55,300,189,DAYAN GEORGES (AVENUE),43.8194,4.33826,Crépuscule ou aube,En agglomération,Hors intersection,Normale,Autre collision,,,,,,,,,,,2,2,1,1.0,6.0
201000027680,0010-04-17 03:19:00,10,4,17,3,19,300,189,"461, MAS DE ROULAN (CHEM",43.85378,4.36694,Nuit avec éclairage allumé,En agglomération,Hors intersection,Normale,Autre collision,,,,,,,,,,,5,2,1,1.0,6.0
201000027681,0010-04-19 16:16:00,10,4,19,16,16,300,189,"117, SAUVE (ROUTE)",43.83712,4.3307,Plein jour,En agglomération,Hors intersection,Normale,Deux véhicules - côté,,,,,,,,,,,1,2,1,1.0,3.0
201000027682,0010-04-20 10:00:00,10,4,20,10,0,300,189,POULX (ROUTE DE),48.89204,4.41885,Plein jour,Hors agglomération,Intersection en T,Normale,Autre collision,,,,,,,,,,,1,1,3,1.0,6.0
201000027683,0010-04-20 17:41:00,10,4,20,17,41,300,189,MAS DE VIGNOLLES (ALLEE,43.82222,4.36231,Plein jour,En agglomération,Hors intersection,Normale,Autre collision,,,,,,,,,,,1,2,1,1.0,6.0
201000027684,0010-04-21 14:12:00,10,4,21,14,12,300,189,"10, POMPIDOU GEORGES (AV",43.83273,4.34939,Plein jour,En agglomération,Hors intersection,Normale,Deux véhicules - côté,,,,,,,,,,,1,2,1,1.0,3.0
201000027685,0010-04-24 18:40:00,10,4,24,18,40,300,189,"982, JOLIOT CURIE (AVENU",43.81468,4.33497,Plein jour,En agglomération,Hors intersection,Normale,Autre collision,,,,,,,,,,,1,2,1,1.0,6.0
201000027686,0010-04-26 18:09:00,10,4,26,18,9,300,189,"4467, KENNEDY (AVENUE)",43.81379,4.30749,Plein jour,Hors agglomération,Hors intersection,Normale,Deux véhicules - arrière,,,,,,,,,,,1,1,1,1.0,2.0
201000027687,0010-04-30 18:25:00,10,4,30,18,25,300,189,ENCLOS REY (RUE),43.84082,4.36293,Plein jour,En agglomération,Hors intersection,Normale,Deux véhicules - frontale,,,,,,,,,,,1,2,1,1.0,1.0
201000027688,0010-05-01 18:33:00,10,5,1,18,33,300,189,ALES (ROUTE),43.90231,4.28391,Plein jour,Hors agglomération,Giratoire,Temps couvert,Deux véhicules - frontale,,,,,,,,,,,1,1,6,8.0,1.0
201000027689,0010-05-04 14:46:00,10,5,4,14,46,300,189,ALES (ROUTE),43.88348,4.30591,Plein jour,Hors agglomération,Hors intersection,Pluie forte,Deux véhicules - côté,,,,,,,,,,,1,1,1,3.0,3.0
201000027690,0010-05-06 12:45:00,10,5,6,12,45,300,189,BOEGNER PASTEUR MARC (BO,43.82003,4.33589,Plein jour,En agglomération,Giratoire,Normale,Deux véhicules - côté,,,,,,,,,,,1,2,6,1.0,3.0
201000027691,0010-05-11 19:51:00,10,5,11,19,51,300,189,"502, BRUNSWICK  (RUE)",43.84197,4.3878,Plein jour,En agglomération,Hors intersection,Normale,Autre collision,,,,,,,,,,,1,2,1,1.0,6.0
201000027692,0010-05-15 19:00:00,10,5,15,19,0,300,189,"17, FRAGONARD (PLACE)",43.8217,4.33178,Plein jour,En agglomération,Hors intersection,Normale,Autre collision,,,,,,,,,,,1,2,1,1.0,6.0
201000027693,0010-05-13 21:19:00,10,5,13,21,19,300,189,"65, CAPOUCHINE (CHEMIN)",43.81615,4.35315,Crépuscule ou aube,En agglomération,Hors intersection,Normale,Autre collision,,,,,,,,,,,2,2,1,1.0,6.0
201000027694,0010-05-14 07:10:00,10,5,14,7,10,300,189,MENDES FRANCE PIERRE (AV,,,Plein jour,En agglomération,Hors intersection,Normale,Sans collision,,,,,,,,,,,1,2,1,1.0,7.0
201000027695,0010-05-18 21:26:00,10,5,18,21,26,300,189,"40, GAMBETTA (BD)",43.84046,4.36001,Nuit avec éclairage allumé,En agglomération,Hors intersection,Normale,Trois véhicules et plus - collisions multiples,,,,,,,,,,,5,2,1,1.0,5.0
201000027696,0010-05-19 17:15:00,10,5,19,17,15,300,189,"11, CLOVIS (RUE)",43.82757,4.35578,Plein jour,En agglomération,Intersection en X,Normale,Deux véhicules - frontale,,,,,,,,,,,1,2,2,1.0,1.0
201000027697,0010-05-20 08:10:00,10,5,20,8,10,300,189,FOLCO DE BARONCELLI (RUE,43.84915,4.3642,Plein jour,En agglomération,Hors intersection,Normale,Deux véhicules - côté,,,,,,,,,,,1,2,1,1.0,3.0
201000027698,0010-05-22 08:09:00,10,5,22,8,9,300,189,SAUVE (ROUTE),43.85541,4.25082,Plein jour,Hors agglomération,Hors intersection,Normale,Deux véhicules - côté,,,,,,,,,,,1,1,1,1.0,3.0
201000027699,0010-05-22 14:25:00,10,5,22,14,25,300,189,"2050, SAINT GILLES (ROUT",43.80443,4.37304,Plein jour,Hors agglomération,Hors intersection,Normale,Deux véhicules - côté,,,,,,,,,,,1,1,1,1.0,3.0
201000027700,0010-05-26 18:00:00,10,5,26,18,0,300,189,"753, PARATONNERRE (CHEMI",43.85829,4.33009,Plein jour,Hors agglomération,Hors intersection,Normale,Autre collision,,,,,,,,,,,1,1,1,1.0,6.0
201000027701,0010-05-27 19:07:00,10,5,27,19,7,300,189,DHUODA (RUE),43.82672,4.35681,Plein jour,En agglomération,Intersection en X,Normale,Deux véhicules - côté,,,,,,,,,,,1,2,2,1.0,3.0
201000027702,0010-05-28 19:40:00,10,5,28,19,40,300,189,"6, THALES (RUE OU PLACE)",43.82891,4.3281,Plein jour,En agglomération,Hors intersection,Normale,Autre collision,,,,,,,,,,,1,2,1,1.0,6.0
201000027703,0010-05-28 20:18:00,10,5,28,20,18,300,189,BOEGNER PASTEUR MARC (BO,43.82079,4.33158,Plein jour,En agglomération,Hors intersection,Normale,Deux véhicules - côté,,,,,,,,,,,1,2,1,1.0,3.0
201000027704,0010-06-01 15:37:00,10,6,1,15,37,300,189,CLERISSEAU (RUE),43.84176,4.36041,Plein jour,En agglomération,Intersection en X,Normale,Deux véhicules - côté,,,,,,,,,,,1,2,2,1.0,3.0
201000027705,0010-06-03 12:41:00,10,6,3,12,41,300,189,"0000, BRICONNET (RUE)",43.83157,4.36188,Plein jour,En agglomération,Intersection en X,Normale,Deux véhicules - côté,,,,,,,,,,,1,2,2,1.0,3.0
201000027706,0010-06-04 08:25:00,10,6,4,8,25,300,189,JUSTICES VIEILLES (CHEMI,43.84751,4.38451,Plein jour,En agglomération,Intersection en X,Normale,Sans collision,,,,,,,,,,,1,2,2,1.0,7.0
201000027707,0010-06-04 14:44:00,10,6,4,14,44,300,189,GARNIER TONY (RUE),43.81513,4.34615,Plein jour,En agglomération,Hors intersection,Normale,Deux véhicules - frontale,,,,,,,,,,,1,2,1,1.0,1.0
201000027708,0010-06-06 18:14:00,10,6,6,18,14,300,189,"6699, SAUVE (ROUTE)",43.85016,4.28493,Plein jour,Hors agglomération,Hors intersection,Normale,Autre collision,,,,,,,,,,,1,1,1,1.0,6.0
201000027709,0010-06-07 17:00:00,10,6,7,17,0,300,189,KENNEDY (AVENUE),43.8313,4.34087,Plein jour,En agglomération,Hors intersection,Normale,Autre collision,,,,,,,,,,,1,2,1,1.0,6.0
201000027710,0010-06-07 18:32:00,10,6,7,18,32,300,189,MAS DE CHEYLON,43.80525,4.33644,Plein jour,Hors agglomération,Intersection en X,Normale,Trois véhicules et plus - en chaîne,,,,,,,,,,,1,1,2,1.0,4.0
201000027711,0010-06-12 09:56:00,10,6,12,9,56,300,189,"202, AVIGNON (ROUTE)",43.84468,4.38335,Plein jour,En agglomération,Hors intersection,Normale,Autre collision,,,,,,,,,,,1,2,1,1.0,6.0
201000027712,0010-06-16 11:18:00,10,6,16,11,18,300,189,"0000, BELLE CROIX (PLACE",43.83879,4.36141,Plein jour,En agglomération,Hors intersection,Normale,Autre collision,,,,,,,,,,,1,2,1,1.0,6.0
201000027713,0010-06-16 15:30:00,10,6,16,15,30,300,189,MAURICE SCHUMANN,43.81224,4.36877,Plein jour,En agglomération,Hors intersection,Normale,Deux véhicules - côté,,,,,,,,,,,1,2,1,1.0,3.0
201000027714,0010-06-19 20:39:00,10,6,19,20,39,300,189,"0000, AVIGNON (ROUTE)",43.84518,4.38398,Plein jour,En agglomération,Intersection en T,Normale,Deux véhicules - côté,,,,,,,,,,,1,2,3,1.0,3.0
201000027715,0010-06-20 01:46:00,10,6,20,1,46,300,189,SOMMIERES (ROUTE),43.8175,4.30135,Nuit sans éclairage public,Hors agglomération,Hors intersection,Normale,Deux véhicules - côté,,,,,,,,,,,3,1,1,1.0,3.0
201000027716,0010-06-21 17:09:00,10,6,21,17,9,300,189,"5, DHUODA (RUE)",43.8296,4.35329,Plein jour,En agglomération,Hors intersection,Normale,Deux véhicules - frontale,,,,,,,,,,,1,2,1,1.0,1.0
201000027717,0010-06-21 17:46:00,10,6,21,17,46,300,189,"1993, MARECHAL JUIN (BOU",43.81471,4.33498,Plein jour,En agglomération,Hors intersection,Normale,Autre collision,,,,,,,,,,,1,2,1,1.0,6.0
201000027718,0010-06-24 07:14:00,10,6,24,7,14,300,189,SAINT GILLES (ROUTE),43.80879,4.37216,Plein jour,Hors agglomération,Hors intersection,Normale,Deux véhicules - arrière,,,,,,,,,,,1,1,1,1.0,2.0
201000027719,0010-06-25 19:30:00,10,6,25,19,30,300,189,SAMARITAINE (RUE OU IMPA,43.8403,4.37919,Plein jour,En agglomération,Intersection en X,Normale,Deux véhicules - arrière,,,,,,,,,,,1,2,2,1.0,2.0
201000027720,0010-06-27 15:15:00,10,6,27,15,15,300,189,POMPIDOU GEORGES (AVENUE,43.83468,4.34772,Plein jour,En agglomération,Hors intersection,Normale,Deux véhicules - côté,,,,,,,,,,,1,2,1,1.0,3.0
201000027721,0010-06-28 16:11:00,10,6,28,16,11,300,189,ARENES (BOULEVARD),43.83387,4.35999,Plein jour,En agglomération,Hors intersection,Normale,Deux véhicules - arrière,,,,,,,,,,,1,2,1,1.0,2.0
201000027722,0010-06-29 20:08:00,10,6,29,20,8,300,189,"0000, KENNEDY (AVENUE)",,,Plein jour,En agglomération,Hors intersection,Normale,Deux véhicules - côté,,,,,,,,,,,1,2,1,1.0,3.0
201000027723,0010-06-30 08:19:00,10,6,30,8,19,300,189,"KILOMETRE DELTA, KM",43.81564,4.34085,Plein jour,En agglomération,Hors intersection,Normale,Deux véhicules - arrière,,,,,,,,,,,1,2,1,1.0,2.0
201000027724,0010-06-30 14:23:00,10,6,30,14,23,300,189,"141 bis, BEAUCAIRE (ROUT",43.83739,4.38371,Plein jour,En agglomération,Hors intersection,Normale,Deux véhicules - arrière,,,,,,,,,,,1,2,1,1.0,2.0
201000027725,0010-07-02 19:35:00,10,7,2,19,35,300,189,"747, MARECHAL JUIN (BOUL",43.82126,4.34769,Plein jour,En agglomération,Hors intersection,Normale,Trois véhicules et plus - en chaîne,,,,,,,,,,,1,2,1,1.0,4.0
201000027726,0010-07-03 18:20:00,10,7,3,18,20,300,189,"29, TALABOT (BOULEVARD)",43.837,4.37116,Plein jour,En agglomération,Hors intersection,Normale,Autre collision,,,,,,,,,,,1,2,1,1.0,6.0
201000027727,0010-07-05 10:23:00,10,7,5,10,23,300,189,"0000000000, DUSSAUD (AIR",43.83482,4.34822,Plein jour,En agglomération,Hors intersection,Normale,Deux véhicules - côté,,,,,,,,,,,1,2,1,1.0,3.0
201000027728,0010-07-07 11:36:00,10,7,7,11,36,300,189,"14, CAPOUCHINE (CHEMIN)",43.82194,4.35213,Plein jour,En agglomération,Hors intersection,Normale,Deux véhicules - côté,,,,,,,,,,,1,2,1,1.0,3.0
201000027729,0010-07-08 01:25:00,10,7,8,1,25,300,189,KENNEDY (AVENUE),,,Nuit avec éclairage allumé,En agglomération,Hors intersection,Normale,Autre collision,,,,,,,,,,,5,2,1,1.0,6.0
201000027730,0010-07-10 17:15:00,10,7,10,17,15,300,189,"0000, SAINT GILLES (RUE)",43.83198,4.35811,Plein jour,En agglomération,Intersection en X,Normale,Deux véhicules - côté,,,,,,,,,,,1,2,2,1.0,3.0
201000027731,0010-07-12 11:20:00,10,7,12,11,20,300,189,"0000, LASSERRE JEAN (AVE",43.82131,4.3561,Plein jour,En agglomération,Autre intersection,Normale,Autre collision,,,,,,,,,,,1,2,9,1.0,6.0
201000027732,0010-07-12 11:55:00,10,7,12,11,55,300,189,"000000, LAURIERS  (RUE)",,,Plein jour,En agglomération,Hors intersection,Normale,Autre collision,,,,,,,,,,,1,2,1,1.0,6.0
201000027733,0010-07-15 15:10:00,10,7,15,15,10,300,189,BOEGNER PASTEUR MARC (BO,43.81637,4.34029,Plein jour,En agglomération,Hors intersection,Normale,Deux véhicules - arrière,,,,,,,,,,,1,2,1,1.0,2.0
201000027734,0010-07-15 16:25:00,10,7,15,16,25,300,189,NICOT (RUE),43.84102,4.37099,Plein jour,En agglomération,Hors intersection,Normale,Deux véhicules - côté,,,,,,,,,,,1,2,1,1.0,3.0
201000027735,0010-07-16 14:00:00,10,7,16,14,0,300,189,"0000, COURBET AMIRAL (BO",43.83747,4.3629,Plein jour,En agglomération,Hors intersection,Normale,Autre collision,,,,,,,,,,,1,2,1,1.0,6.0
201000027736,0010-07-17 06:20:00,10,7,17,6,20,300,189,PAVLOV (AVENUE),43.81521,4.31356,Plein jour,En agglomération,Hors intersection,Normale,Autre collision,,,,,,,,,,,1,2,1,1.0,6.0
201000027737,0010-07-21 15:55:00,10,7,21,15,55,300,189,"0000, MONNET JEAN (COURS",43.81628,4.34858,Plein jour,En agglomération,Hors intersection,Normale,Autre collision,,,,,,,,,,,1,2,1,1.0,6.0
201000027738,0010-07-22 20:03:00,10,7,22,20,3,300,189,ARENES (BOULEVARD),43.83434,4.35917,Plein jour,En agglomération,Hors intersection,Normale,Autre collision,,,,,,,,,,,1,2,1,1.0,6.0
201000027739,0010-07-23 17:35:00,10,7,23,17,35,300,189,"0000, AQUITAINE (RUE)",43.8416,4.36307,Plein jour,En agglomération,Hors intersection,Normale,Deux véhicules - frontale,,,,,,,,,,,1,2,1,1.0,1.0
201000027740,0010-07-24 11:05:00,10,7,24,11,5,300,189,"80, BEAUCAIRE (RUE)",43.83791,4.37958,Plein jour,En agglomération,Hors intersection,Normale,Autre collision,,,,,,,,,,,1,2,1,1.0,6.0
201000027741,0010-07-24 13:15:00,10,7,24,13,15,300,189,PROUVE JEAN (AVENUE),43.81397,4.35119,Plein jour,En agglomération,Hors intersection,Normale,Deux véhicules - côté,,,,,,,,,,,1,2,1,1.0,3.0
201000027742,0010-07-27 17:20:00,10,7,27,17,20,300,189,ALLENDE SALVADOR (RUE),43.82723,4.37503,Plein jour,En agglomération,Hors intersection,Normale,Autre collision,,,,,,,,,,,1,2,1,1.0,6.0
201000027743,0010-07-29 05:45:00,10,7,29,5,45,300,189,BEAUCAIRE (ROUTE),43.83466,4.4113,Crépuscule ou aube,En agglomération,Hors intersection,Normale,Autre collision,,,,,,,,,,,2,2,1,1.0,6.0
201000027744,0010-07-29 09:35:00,10,7,29,9,35,300,189,"3, MONTAURY (RUE)",43.83465,4.34763,Plein jour,En agglomération,Hors intersection,Normale,Autre collision,,,,,,,,,,,1,2,1,1.0,6.0
201000027745,0010-07-29 19:14:00,10,7,29,19,14,300,189,"000, FAYOLLE MARECHAL (R",43.81654,4.32264,Plein jour,Hors agglomération,Hors intersection,Normale,Autre collision,,,,,,,,,,,1,1,1,1.0,6.0
201000027746,0010-08-28 15:15:00,10,8,28,15,15,300,189,"0000, ROUMANILLE (RUE)",43.82847,4.35389,Plein jour,En agglomération,Intersection en X,Normale,Deux véhicules - côté,,,,,,,,,,,1,2,2,1.0,3.0
201000027747,0010-08-03 10:30:00,10,8,3,10,30,300,189,"1, ECLUSE (PLACE OU RUE)",43.83731,4.36553,Plein jour,En agglomération,Hors intersection,Normale,Autre collision,,,,,,,,,,,1,2,1,1.0,6.0
201000027748,0010-08-03 22:55:00,10,8,3,22,55,300,189,JOLIOT CURIE (AVENUE),43.82771,4.3807,Nuit avec éclairage allumé,En agglomération,Hors intersection,Normale,Deux véhicules - arrière,,,,,,,,,,,5,2,1,1.0,2.0
201000027749,0010-08-27 15:35:00,10,8,27,15,35,300,189,"0000, PAPIN (RUE)",43.84207,4.3693,Plein jour,En agglomération,Intersection en X,Normale,Deux véhicules - côté,,,,,,,,,,,1,2,2,1.0,3.0
201000027750,0010-08-06 18:45:00,10,8,6,18,45,300,189,"0000000000, AVIGNON (ANC",43.84783,4.39596,Plein jour,En agglomération,Intersection en T,Normale,Autre collision,,,,,,,,,,,1,2,3,1.0,6.0
201000027751,0010-08-07 08:15:00,10,8,7,8,15,300,189,"0000000151, AVIGNON (ROU",43.84526,4.38298,Plein jour,En agglomération,Hors intersection,Normale,Autre collision,,,,,,,,,,,1,2,1,1.0,6.0
201000027752,0010-08-08 01:30:00,10,8,8,1,30,300,189,VICTOR PAUL EMILE  (ROND,43.81781,4.3475,Nuit avec éclairage allumé,En agglomération,Hors intersection,Normale,Autre collision,,,,,,,,,,,5,2,1,1.0,6.0
201000027753,0010-08-08 03:20:00,10,8,8,3,20,300,189,"0000000000, ALLENDE SALV",43.81784,4.34745,Nuit avec éclairage allumé,En agglomération,Hors intersection,Normale,Autre collision,,,,,,,,,,,5,2,1,1.0,6.0
201000027754,0010-08-08 11:25:00,10,8,8,11,25,300,189,"0000000000, NOTRE DAME (",43.83637,4.36367,Plein jour,En agglomération,Hors intersection,Normale,Autre collision,,,,,,,,,,,1,2,1,1.0,6.0
201000027755,0010-08-11 07:10:00,10,8,11,7,10,300,189,"0000000000, FRANCOIS 1ER",43.81177,4.36649,Crépuscule ou aube,En agglomération,Hors intersection,Normale,Autre collision,,,,,,,,,,,2,2,1,1.0,6.0
201000027756,0010-08-13 08:25:00,10,8,13,8,25,300,189,"0000, MARECHAL JUIN (BOU",43.82541,4.35237,Plein jour,En agglomération,Hors intersection,Normale,Autre collision,,,,,,,,,,,1,2,1,1.0,6.0