accident_id,datetime,annee,mois,jour,heure,minute,departement,commune_insee,adresse,latitude,longitude,luminosite,agglomeration,intersection,meteo,collision,nb_vehicules,nb_usagers,nb_indemnes,nb_tues,nb_blesses_hosp,nb_blesses_legers,age_cond_1,age_cond_2,veh_type_cond_1,veh_type_cond_2,lum_code,agg_code,int_code,atm_code,col_code
201000027876,0010-01-29 18:10:00,10,1,29,18,10,310,69,"203, GRENADE (ROUTE DE)",,,Nuit avec éclairage allumé,En agglomération,Giratoire,Pluie forte,Autre collision,,,,,,,,,,,5,2,6,3.0,6.0
201000027877,0010-02-02 08:10:00,10,2,2,8,10,310,69,"35, CARRIERE (RUE)",,,Plein jour,En agglomération,Hors intersection,Normale,Deux véhicules - arrière,,,,,,,,,,,1,2,1,1.0,2.0
201000027878,0010-02-14 10:50:00,10,2,14,10,50,310,69,"1, BUXTEHUDE (RD-PT)",,,Plein jour,En agglomération,Giratoire,Neige / grêle,Deux véhicules - côté,,,,,,,,,,,1,2,6,4.0,3.0
201000027879,0010-03-27 22:00:00,10,3,27,22,0,310,69,"face n9, PARC (AV DU)",,,Nuit avec éclairage allumé,En agglomération,Hors intersection,Normale,Deux véhicules - côté,,,,,,,,,,,5,2,1,1.0,3.0
201000027880,0010-04-09 16:55:00,10,4,9,16,55,310,69,"18, CORNEBARRIEU (AV DE)",,,Plein jour,En agglomération,Intersection en T,Normale,Trois véhicules et plus - collisions multiples,,,,,,,,,,,1,2,3,1.0,5.0
201000027881,0010-04-10 14:55:00,10,4,10,14,55,310,69,"1, GRENADE (ROUTE DE)",,,Plein jour,En agglomération,Giratoire,Normale,Deux véhicules - arrière,,,,,,,,,,,1,2,6,1.0,2.0
201000027882,0010-05-06 02:40:00,10,5,6,2,40,310,69,route departementale 902,,,Nuit avec éclairage allumé,Hors agglomération,Hors intersection,Normale,Sans collision,,,,,,,,,,,5,1,1,1.0,7.0
201000027883,0010-05-13 18:20:00,10,5,13,18,20,310,69,ECHANGEUR ST MICHEL (A62,,,Plein jour,Hors agglomération,Hors intersection,Pluie légère,Deux véhicules - côté,,,,,,,,,,,1,1,1,2.0,3.0
201000027884,0010-06-22 09:10:00,10,6,22,9,10,310,69,"., BRASSENS (PL GEORGES)",,,Plein jour,En agglomération,Intersection en Y,Normale,Sans collision,,,,,,,,,,,1,2,4,1.0,7.0
201000027885,0010-07-01 22:45:00,10,7,1,22,45,310,69,"1, FLAUBERT (RUE GUSTAVE",,,Nuit avec éclairage allumé,En agglomération,Giratoire,Normale,Deux véhicules - arrière,,,,,,,,,,,5,2,6,1.0,2.0
201000027886,0010-07-17 08:05:00,10,7,17,8,5,310,69,"8, MATISSE (RUE HENRI)",,,Plein jour,En agglomération,Intersection en T,Normale,Deux véhicules - côté,,,,,,,,,,,1,2,3,1.0,3.0
201000027887,0010-08-03 07:10:00,10,8,3,7,10,310,69,"., MARTIN (RUE HENRI)",,,Plein jour,En agglomération,Intersection en X,Normale,Deux véhicules - côté,,,,,,,,,,,1,2,2,1.0,3.0
201000027888,0010-08-31 15:13:00,10,8,31,15,13,310,69,CORNEBARRIEU (ROUTE DE),,,Plein jour,En agglomération,Hors intersection,Normale,Sans collision,,,,,,,,,,,1,2,1,1.0,7.0
201000027889,0010-09-22 08:15:00,10,9,22,8,15,310,69,TIERS ETAT (CH DU),,,Plein jour,En agglomération,Intersection en T,Normale,Sans collision,,,,,,,,,,,1,2,3,1.0,7.0
201000027890,0010-10-13 08:03:00,10,10,13,8,3,310,69,"., DEWOITINE (RD-PT EMIL",,,Crépuscule ou aube,En agglomération,Giratoire,Normale,Autre collision,,,,,,,,,,,2,2,6,1.0,6.0
201000027891,0010-01-29 07:04:00,10,1,29,7,4,310,149,"., BRUNAUD (AVENUE YVES)",,,Nuit avec éclairage allumé,En agglomération,Intersection en T,Normale,Deux véhicules - côté,,,,,,,,,,,5,2,3,1.0,3.0
201000027892,0010-02-11 06:20:00,10,2,11,6,20,310,149,"., CHASSE (CHEMIN DE LA)",,,Crépuscule ou aube,En agglomération,Hors intersection,Neige / grêle,Deux véhicules - frontale,,,,,,,,,,,2,2,1,4.0,1.0
201000027893,0010-02-22 08:30:00,10,2,22,8,30,310,149,"., TERRE D'ENVOL (ROND P",,,Plein jour,En agglomération,Giratoire,Normale,Autre collision,,,,,,,,,,,1,2,6,1.0,6.0
201000027894,0010-03-02 19:30:00,10,3,2,19,30,310,149,"., GILET (RUE)",,,Crépuscule ou aube,En agglomération,Hors intersection,Normale,Autre collision,,,,,,,,,,,2,2,1,1.0,6.0
201000027895,0010-03-09 09:49:00,10,3,9,9,49,310,149,RN124 SENS AUCH-TOULOUSE,,,Plein jour,Hors agglomération,Hors intersection,Normale,Autre collision,,,,,,,,,,,1,1,1,1.0,6.0
201000027896,0010-03-23 06:00:00,10,3,23,6,0,310,149,TOURNEFEUILLE (CHEMIN DE,,,Nuit avec éclairage allumé,Hors agglomération,Hors intersection,Normale,Deux véhicules - arrière,,,,,,,,,,,5,1,1,1.0,2.0
201000027897,0010-03-21 06:45:00,10,3,21,6,45,310,149,"., VALERY (BD PAUL)",,,Crépuscule ou aube,En agglomération,Hors intersection,Pluie légère,Autre collision,,,,,,,,,,,2,2,1,2.0,6.0
201000027898,0010-03-26 16:00:00,10,3,26,16,0,310,149,"., PIBRAC (BOULEVARD DE)",,,Plein jour,En agglomération,Intersection en X,Normale,Trois véhicules et plus - collisions multiples,,,,,,,,,,,1,2,2,1.0,5.0
201000027899,0010-04-30 08:00:00,10,4,30,8,0,310,149,"., CORPS-FRANC POMMIES (",,,Plein jour,En agglomération,Giratoire,Normale,Deux véhicules - côté,,,,,,,,,,,1,2,6,1.0,3.0
201000027900,0010-05-03 17:45:00,10,5,3,17,45,310,149,GASCOGNE (BOULEVARD DE),43.60845,3.45699,Plein jour,En agglomération,Hors intersection,Normale,Autre collision,,,,,,,,,,,1,2,1,1.0,6.0
201000027901,0010-05-18 15:30:00,10,5,18,15,30,310,149,"., PIC D'OSSAU (ALLEE DU",,,Plein jour,En agglomération,Autre intersection,Normale,Autre collision,,,,,,,,,,,1,2,9,1.0,6.0
201000027902,0010-06-02 10:06:00,10,6,2,10,6,310,149,"., AUCH (RUE D')",,,Plein jour,En agglomération,Intersection en T,Normale,Autre collision,,,,,,,,,,,1,2,3,1.0,6.0
201000027903,0010-06-04 14:00:00,10,6,4,14,0,310,149,"., PUJOUANE (CHEMIN DE L",,,Plein jour,En agglomération,Intersection en T,Normale,Trois véhicules et plus - collisions multiples,,,,,,,,,,,1,2,3,1.0,5.0
201000027904,0010-08-17 16:35:00,10,8,17,16,35,310,149,RN124 SENS TOULOUSE-AUCH,,,Plein jour,En agglomération,Hors intersection,Normale,Autre collision,,,,,,,,,,,1,2,1,1.0,6.0
201000027905,0010-09-03 12:20:00,10,9,3,12,20,310,555,"26, CHEMIN DE L ESPESSIE",,,Plein jour,En agglomération,Hors intersection,Normale,Deux véhicules - côté,,,,,,,,,,,1,2,1,1.0,3.0
201000027906,0010-09-03 17:50:00,10,9,3,17,50,310,149,GASCOGNE (BOULEVARD DE),,,Plein jour,En agglomération,Giratoire,Normale,Deux véhicules - côté,,,,,,,,,,,1,2,6,1.0,3.0
201000027907,0010-09-15 17:35:00,10,9,15,17,35,310,149,RN124 SENS TOULOUSE-AUCH,,,Plein jour,Hors agglomération,Hors intersection,Normale,Autre collision,,,,,,,,,,,1,1,1,1.0,6.0
201000027908,0010-10-15 17:50:00,10,10,15,17,50,310,149,"., TOURNEFEUILLE (ROUTE",,,Plein jour,En agglomération,Intersection en T,Normale,Autre collision,,,,,,,,,,,1,2,3,1.0,6.0
201000027909,0010-07-08 23:16:00,10,7,8,23,16,310,149,RN124 SENS AUCH-TOULOUSE,,,Nuit sans éclairage public,Hors agglomération,Hors intersection,Normale,Sans collision,,,,,,,,,,,3,1,1,1.0,7.0
201000027910,0010-07-24 04:53:00,10,7,24,4,53,310,149,RN124 SENS TOULOUSE-AUCH,43.60642,3.45699,Nuit sans éclairage public,Hors agglomération,Hors intersection,Normale,Autre collision,,,,,,,,,,,3,1,1,1.0,6.0
201000027911,0010-08-07 01:50:00,10,8,7,1,50,310,555,"179, BAYONNE (ROUTE DE )",,,Nuit avec éclairage allumé,En agglomération,Hors intersection,Normale,Autre collision,,,,,,,,,,,5,2,1,1.0,6.0
201000027912,0010-03-29 15:20:00,10,3,29,15,20,310,483,"44, FOCH (AVENUE DU MARE",,,Plein jour,En agglomération,Hors intersection,Normale,Autre collision,,,,,,,,,,,1,2,1,1.0,6.0
201000027913,0010-04-12 16:40:00,10,4,12,16,40,310,483,HERRIOT EDOUARD (RUE),,,Plein jour,En agglomération,Intersection en X,Normale,Deux véhicules - côté,,,,,,,,,,,1,2,2,1.0,3.0
201000027914,0010-05-01 22:08:00,10,5,1,22,8,310,565,D 8,,,Nuit sans éclairage public,Hors agglomération,Hors intersection,Autre,Autre collision,,,,,,,,,,,3,1,1,9.0,6.0
201000027915,0010-05-10 17:00:00,10,5,10,17,0,310,483,"11, GASCOGNE (ALLEE DE )",,,Plein jour,En agglomération,Hors intersection,Normale,Autre collision,,,,,,,,,,,1,2,1,1.0,6.0
201000027916,0010-06-03 17:30:00,10,6,3,17,30,310,483,D 5,,,Plein jour,Hors agglomération,Hors intersection,Normale,Deux véhicules - arrière,,,,,,,,,,,1,1,1,1.0,2.0
201000027917,0010-06-26 17:55:00,10,6,26,17,55,310,483,D 5,,,Plein jour,Hors agglomération,Hors intersection,Normale,Deux véhicules - frontale,,,,,,,,,,,1,1,1,1.0,1.0
201000027918,0010-07-27 16:20:00,10,7,27,16,20,310,483,D 5,,,Plein jour,En agglomération,Hors intersection,Normale,Deux véhicules - arrière,,,,,,,,,,,1,2,1,1.0,2.0
201000027919,0010-08-05 00:20:00,10,8,5,0,20,310,344,ASPET (ROUTE),,,Nuit avec éclairage allumé,En agglomération,Intersection en T,Normale,Autre collision,,,,,,,,,,,5,2,3,1.0,6.0
201000027920,0010-08-06 16:30:00,10,8,6,16,30,310,483,GASCOGNE (ALLEE DE ),,,Plein jour,En agglomération,Hors intersection,Normale,Sans collision,,,,,,,,,,,1,2,1,1.0,7.0
201000027921,0010-08-13 08:10:00,10,8,13,8,10,310,483,"1, ARRIEU ANSELME (AVENU",,,Plein jour,En agglomération,Intersection en X,Normale,Deux véhicules - côté,,,,,,,,,,,1,2,2,1.0,3.0
201000027922,0010-08-14 16:20:00,10,8,14,16,20,310,483,"13, ENCORE (BOULEVAR D')",,,Plein jour,En agglomération,Hors intersection,Normale,Deux véhicules - côté,,,,,,,,,,,1,2,1,1.0,3.0
201000027923,0010-08-19 19:20:00,10,8,19,19,20,310,483,D 5,,,Plein jour,Hors agglomération,Hors intersection,Normale,Deux véhicules - côté,,,,,,,,,,,1,1,1,1.0,3.0
201000027924,0010-09-03 13:10:00,10,9,3,13,10,310,483,"1716, D 5",,,Plein jour,Hors agglomération,Hors intersection,Normale,Sans collision,,,,,,,,,,,1,1,1,1.0,7.0
201000027925,0010-09-08 14:50:00,10,9,8,14,50,310,565,MURAILLETTES (RUE DES),,,Plein jour,En agglomération,Intersection en T,Normale,Deux véhicules - côté,,,,,,,,,,,1,2,3,1.0,3.0
201000027926,0010-09-19 10:10:00,10,9,19,10,10,310,565,VALENTINE (RUE DU BLEU D,,,Plein jour,En agglomération,Intersection en T,Normale,Deux véhicules - côté,,,,,,,,,,,1,2,3,1.0,3.0
201000027927,0010-10-09 16:10:00,10,10,9,16,10,310,483,"0, BOUERY ANDRE (AVENUE)",,,Plein jour,En agglomération,Intersection en T,Normale,Deux véhicules - arrière,,,,,,,,,,,1,2,3,1.0,2.0
201000027928,0010-10-10 11:50:00,10,10,10,11,50,310,483,LIBERATION (PLACE DE LA,,,Plein jour,En agglomération,Place,Pluie légère,Autre collision,,,,,,,,,,,1,2,7,2.0,6.0
201000027929,0010-10-27 09:45:00,10,10,27,9,45,310,483,BOULOGNE (AVENUE DE),,,Plein jour,En agglomération,Giratoire,Normale,Deux véhicules - côté,,,,,,,,,,,1,2,6,1.0,3.0
201000027930,0010-12-06 14:20:00,10,12,6,14,20,310,483,"6, TROUBADOURS DU COMMIN",,,Plein jour,En agglomération,Hors intersection,Normale,Deux véhicules - côté,,,,,,,,,,,1,2,1,1.0,3.0
201000027931,0010-12-06 17:15:00,10,12,6,17,15,310,483,GAMBETTA (BOULEVARD),,,Crépuscule ou aube,Hors agglomération,Hors intersection,Temps couvert,Deux véhicules - arrière,,,,,,,,,,,2,1,1,8.0,2.0
201000027932,0010-12-15 14:00:00,10,12,15,14,0,310,483,FRANCOIS MITTERAND ( AVE,,,Plein jour,En agglomération,Hors intersection,Normale,Autre collision,,,,,,,,,,,1,2,1,1.0,6.0
201000027933,0010-12-24 22:55:00,10,12,24,22,55,310,483,SOUMES (BOULEVARD DU),,,Nuit avec éclairage allumé,En agglomération,Intersection en T,Neige / grêle,Autre collision,,,,,,,,,,,5,2,3,4.0,6.0
201000027934,0010-12-27 14:00:00,10,12,27,14,0,310,483,GASCOGNE (ALLEE DE ),,,Plein jour,En agglomération,Giratoire,Normale,Deux véhicules - côté,,,,,,,,,,,1,2,6,1.0,3.0
201000027935,0010-12-27 11:30:00,10,12,27,11,30,310,483,"908, CAGIRE (AVENUE DU)",,,Plein jour,Hors agglomération,Hors intersection,Normale,Sans collision,,,,,,,,,,,1,1,1,1.0,7.0
201000027936,0010-01-01 07:25:00,10,1,1,7,25,310,555,"160, RTE D ALBI",43.6396,1.46577,Nuit avec éclairage allumé,En agglomération,Hors intersection,Pluie légère,Autre collision,,,,,,,,,,,5,2,1,2.0,6.0
201000027937,0010-01-01 15:45:00,10,1,1,15,45,310,555,RTE D AGDE,43.6274,1.4792,Plein jour,En agglomération,Hors intersection,Normale,Deux véhicules - arrière,,,,,,,,,,,1,2,1,1.0,2.0
201000027938,0010-01-02 13:45:00,10,1,2,13,45,310,555,VA007323 BORDELONGUE A64,43.5669,1.41764,Plein jour,Hors agglomération,Hors intersection,Normale,Autre collision,,,,,,,,,,,1,1,1,1.0,6.0
201000027939,0010-01-03 15:00:00,10,1,3,15,0,310,555,VA008432 LANGLADE A620 S,43.5699,1.4263,Plein jour,Hors agglomération,Hors intersection,Pluie légère,Autre collision,,,,,,,,,,,1,1,1,2.0,6.0
201000027940,0010-01-03 15:25:00,10,1,3,15,25,310,555,RTE DE LABEGE,43.5585,1.50328,Plein jour,En agglomération,Hors intersection,Pluie légère,Autre collision,,,,,,,,,,,1,2,1,2.0,6.0
201000027941,0010-01-04 07:45:00,10,1,4,7,45,310,555,AV DES ETATS UNIS,43.6617,1.41643,Nuit avec éclairage allumé,En agglomération,Hors intersection,Normale,Deux véhicules - côté,,,,,,,,,,,5,2,1,1.0,3.0
201000027942,0010-01-04 16:10:00,10,1,4,16,10,310,555,AV PAUL SEJOURNE/RUE AMI,43.6059,1.42816,Plein jour,En agglomération,Intersection en X,Normale,Deux véhicules - côté,,,,,,,,,,,1,2,2,1.0,3.0
201000027943,0010-01-02 16:10:00,10,1,2,16,10,310,555,AV LOUIS BAZERQUE,43.5809,1.3962,Plein jour,En agglomération,Hors intersection,Normale,Deux véhicules - arrière,,,,,,,,,,,1,2,1,1.0,2.0
201000027944,0010-01-05 22:15:00,10,1,5,22,15,310,555,AV JULES JULIEN/RUE DANT,43.5766,1.45096,Nuit avec éclairage allumé,En agglomération,Intersection en X,Normale,Deux véhicules - côté,,,,,,,,,,,5,2,2,1.0,3.0
201000027945,0010-01-06 14:10:00,10,1,6,14,10,310,555,RUE ROMIGUIERES/RUE MIRE,43.6047,1.44174,Plein jour,En agglomération,Intersection en T,Normale,Deux véhicules - arrière,,,,,,,,,,,1,2,3,1.0,2.0
201000027946,0010-01-06 16:30:00,10,1,6,16,30,310,555,AV DE L URSS/RUE ST GUIL,43.5818,1.44888,Plein jour,En agglomération,Intersection en T,Normale,Deux véhicules - côté,,,,,,,,,,,1,2,3,1.0,3.0
201000027947,0010-01-07 07:55:00,10,1,7,7,55,310,555,RUE HENRI DESBALS/RUE FI,43.5844,1.41557,Crépuscule ou aube,En agglomération,Intersection en X,Normale,Deux véhicules - côté,,,,,,,,,,,2,2,2,1.0,3.0
201000027948,0010-01-07 20:35:00,10,1,7,20,35,310,555,CHE DE FENOUILLET/CHE DE,43.6431,1.41572,Nuit avec éclairage allumé,En agglomération,Intersection en X,Pluie légère,Deux véhicules - frontale,,,,,,,,,,,5,2,2,2.0,1.0
201000027949,0010-01-10 12:50:00,10,1,10,12,50,310,555,RTE D ESPAGNE,43.5702,1.42465,Plein jour,En agglomération,Hors intersection,Normale,Sans collision,,,,,,,,,,,1,2,1,1.0,7.0
201000027950,0010-01-12 07:40:00,10,1,12,7,40,310,555,AV CRAMPEL,43.5845,1.45271,Crépuscule ou aube,En agglomération,Hors intersection,Normale,Autre collision,,,,,,,,,,,2,2,1,1.0,6.0
201000027951,0010-01-13 13:30:00,10,1,13,13,30,310,555,AV PAUL SEJOURNE/ALL DE,43.6075,1.42827,Plein jour,En agglomération,Intersection en X,Normale,Deux véhicules - côté,,,,,,,,,,,1,2,2,1.0,3.0
201000027952,0010-01-13 14:00:00,10,1,13,14,0,310,555,RUE DE L INDUSTRIE,43.6055,1.45115,Plein jour,En agglomération,Hors intersection,Normale,Autre collision,,,,,,,,,,,1,2,1,1.0,6.0
201000027953,0010-01-13 17:00:00,10,1,13,17,0,310,555,VA007379 BAYLAC  A624 SO,43.605,1.39674,Plein jour,Hors agglomération,Hors intersection,Normale,Deux véhicules - côté,,,,,,,,,,,1,1,1,1.0,3.0
201000027954,0010-01-13 18:40:00,10,1,13,18,40,310,555,ALL MAURICE SARRAUT,43.5936,1.42083,Nuit avec éclairage allumé,En agglomération,Hors intersection,Normale,Autre collision,,,,,,,,,,,5,2,1,1.0,6.0
201000027955,0010-01-14 07:25:00,10,1,14,7,25,310,555,AV DE LARDENNE,43.5903,1.3795,Nuit avec éclairage allumé,En agglomération,Hors intersection,Normale,Deux véhicules - arrière,,,,,,,,,,,5,2,1,1.0,2.0
201000027956,0010-01-14 08:30:00,10,1,14,8,30,310,555,RUE VESTREPAIN/RUE GAMEL,43.5885,1.42092,Plein jour,En agglomération,Intersection en Y,Normale,Trois véhicules et plus - collisions multiples,,,,,,,,,,,1,2,4,1.0,5.0
201000027957,0010-01-14 17:50:00,10,1,14,17,50,310,555,VA007553 A61,43.5842,1.49677,Nuit avec éclairage allumé,Hors agglomération,Hors intersection,Pluie forte,Trois véhicules et plus - en chaîne,,,,,,,,,,,5,1,1,3.0,4.0
201000027958,0010-01-14 18:00:00,10,1,14,18,0,310,555,PAS ALBERT CAMUS/CHE DE,43.5617,1.39488,Nuit avec éclairage allumé,En agglomération,Intersection à plus de 4 branches,Pluie forte,Autre collision,,,,,,,,,,,5,2,5,3.0,6.0
201000027959,0010-01-15 14:30:00,10,1,15,14,30,310,555,BD DES MINIMES,43.6156,1.44564,Plein jour,En agglomération,Hors intersection,Normale,Autre collision,,,,,,,,,,,1,2,1,1.0,6.0
201000027960,0010-01-16 18:55:00,10,1,16,18,55,310,555,RTE DE NARBONNE/RUE DU P,43.5708,1.45457,Nuit avec éclairage allumé,En agglomération,Intersection en T,Normale,Autre collision,,,,,,,,,,,5,2,3,1.0,6.0
201000027961,0010-01-16 22:40:00,10,1,16,22,40,310,555,PORT ST SAUVEUR/RUE SEEL,43.5972,1.45671,Nuit avec éclairage allumé,En agglomération,Intersection en T,Normale,Deux véhicules - côté,,,,,,,,,,,5,2,3,1.0,3.0
201000027962,0010-01-17 08:30:00,10,1,17,8,30,310,555,VA007554 LASBORDES A61 S,43.593,1.49369,Plein jour,Hors agglomération,Hors intersection,Normale,Autre collision,,,,,,,,,,,1,1,1,1.0,6.0
201000027963,0010-01-15 07:05:00,10,1,15,7,5,310,555,AV GEORGES POMPIDOU,43.6132,1.45985,Nuit avec éclairage allumé,En agglomération,Hors intersection,Normale,Deux véhicules - arrière,,,,,,,,,,,5,2,1,1.0,2.0
201000027964,0010-01-18 12:05:00,10,1,18,12,5,310,555,BD DEODATSEVERAC/RPT BOU,43.5852,1.42823,Plein jour,En agglomération,Giratoire,Normale,Autre collision,,,,,,,,,,,1,2,6,1.0,6.0
201000027965,0010-01-18 18:30:00,10,1,18,18,30,310,555,AV DE LARDENNE,43.5899,1.37386,Nuit avec éclairage allumé,En agglomération,Hors intersection,Normale,Trois véhicules et plus - collisions multiples,,,,,,,,,,,5,2,1,1.0,5.0
201000027966,0010-01-18 23:45:00,10,1,18,23,45,310,555,VA007331 A620,43.6137,1.4176,Nuit avec éclairage allumé,Hors agglomération,Hors intersection,Normale,Sans collision,,,,,,,,,,,5,1,1,1.0,7.0
201000027967,0010-01-22 03:00:00,10,1,22,3,0,310,555,AV DES ETATS UNIS/CHE DU,43.6569,1.42069,Nuit avec éclairage allumé,En agglomération,Intersection en T,Normale,Deux véhicules - côté,,,,,,,,,,,5,2,3,1.0,3.0
201000027968,0010-01-18 19:35:00,10,1,18,19,35,310,555,AV LATTRETASSIGNY/AV SEL,43.5774,1.43631,Nuit avec éclairage allumé,En agglomération,Intersection en X,Normale,Deux véhicules - côté,,,,,,,,,,,5,2,2,1.0,3.0
201000027969,0010-01-22 19:35:00,10,1,22,19,35,310,555,RUE DE LA FAOURETTE,43.5787,1.42047,Nuit avec éclairage allumé,En agglomération,Passage à niveau,Normale,Deux véhicules - côté,,,,,,,,,,,5,2,8,1.0,3.0
201000027970,0010-01-22 08:45:00,10,1,22,8,45,310,555,BD DE SUISSE,43.6191,1.42336,Plein jour,En agglomération,Hors intersection,Normale,Deux véhicules - arrière,,,,,,,,,,,1,2,1,1.0,2.0
201000027971,0010-01-23 17:00:00,10,1,23,17,0,310,555,AV DE L URSS,43.5841,1.44797,Plein jour,En agglomération,Hors intersection,Normale,Deux véhicules - côté,,,,,,,,,,,1,2,1,1.0,3.0
201000027972,0010-01-23 20:00:00,10,1,23,20,0,310,555,RUE MILHES/RUE TESTOU,43.6025,1.41477,Nuit avec éclairage allumé,En agglomération,Intersection en X,Normale,Deux véhicules - côté,,,,,,,,,,,5,2,2,1.0,3.0
201000027973,0010-01-24 03:10:00,10,1,24,3,10,310,555,ALL JULES GUESDE,43.5932,1.44487,Nuit avec éclairage allumé,En agglomération,Hors intersection,Normale,Sans collision,,,,,,,,,,,5,2,1,1.0,7.0
201000027974,0010-01-24 19:45:00,10,1,24,19,45,310,555,CHE DE CROIX BENITE/CHE,43.6579,1.43554,Nuit avec éclairage allumé,En agglomération,Intersection en T,Pluie légère,Deux véhicules - côté,,,,,,,,,,,5,2,3,2.0,3.0
201000027975,0010-01-25 19:30:00,10,1,25,19,30,310,555,AV ANTOINE DE ST EX,43.5838,1.47027,Nuit avec éclairage allumé,En agglomération,Giratoire,Normale,Deux véhicules - côté,,,,,,,,,,,5,2,6,1.0,3.0
201000027976,0010-01-26 08:45:00,10,1,26,8,45,310,555,AV SALVADOR DALI,43.6262,1.41061,Plein jour,En agglomération,Hors intersection,Normale,Deux véhicules - côté,,,,,,,,,,,1,2,1,1.0,3.0
201000027977,0010-01-26 10:00:00,10,1,26,10,0,310,555,CHE DU PRAT LONG,43.6249,1.42344,Plein jour,En agglomération,Hors intersection,Temps éblouissant,Autre collision,,,,,,,,,,,1,2,1,7.0,6.0
201000027978,0010-01-26 14:00:00,10,1,26,14,0,310,555,RUE L EYDOUX/RTE NARBONN,43.5714,1.45392,Plein jour,En agglomération,Intersection en X,Normale,Deux véhicules - côté,,,,,,,,,,,1,2,2,1.0,3.0
201000027979,0010-01-27 07:40:00,10,1,27,7,40,310,555,RTE DE LAUNAGUET,43.6583,1.43854,Crépuscule ou aube,En agglomération,Hors intersection,Normale,Autre collision,,,,,,,,,,,2,2,1,1.0,6.0
201000027980,0010-01-28 19:00:00,10,1,28,19,0,310,555,RTE DE REVEL/RUE ARMENTI,43.574,1.49116,Nuit avec éclairage allumé,En agglomération,Intersection en X,Normale,Autre collision,,,,,,,,,,,5,2,2,1.0,6.0
201000027981,0010-01-29 00:30:00,10,1,29,0,30,310,555,VA007418 PONT JUMEAUX A6,43.6124,1.41645,Nuit avec éclairage allumé,Hors agglomération,Hors intersection,Pluie légère,Deux véhicules - frontale,,,,,,,,,,,5,1,1,2.0,1.0
201000027982,0010-01-29 15:35:00,10,1,29,15,35,310,555,ALL CHARLES DE FITTE,43.5957,1.43234,Plein jour,En agglomération,Hors intersection,Normale,Deux véhicules - côté,,,,,,,,,,,1,2,1,1.0,3.0
201000027983,0010-01-30 00:50:00,10,1,30,0,50,310,555,VA007355 PURPAN A62,43.6078,1.41003,Nuit avec éclairage allumé,Hors agglomération,Hors intersection,Pluie légère,Deux véhicules - arrière,,,,,,,,,,,5,1,1,2.0,2.0
201000027984,0010-01-31 04:45:00,10,1,31,4,45,310,555,AV DE GRANDE BRETAGNE,43.6059,1.40171,Nuit avec éclairage allumé,En agglomération,Intersection en X,Normale,Deux véhicules - côté,,,,,,,,,,,5,2,2,1.0,3.0
201000027985,0010-01-30 21:00:00,10,1,30,21,0,310,555,RD901,43.6164,1.39266,Nuit avec éclairage allumé,Hors agglomération,Hors intersection,Normale,Autre collision,,,,,,,,,,,5,1,1,1.0,6.0
201000027986,0010-02-01 09:45:00,10,2,1,9,45,310,555,"., BD LAZARE CARNOT",,,Plein jour,En agglomération,Intersection en X,Temps éblouissant,Deux véhicules - côté,,,,,,,,,,,1,2,2,7.0,3.0
201000027987,0010-02-01 18:40:00,10,2,1,18,40,310,555,VA007456 SESQUIERES A620,,,Nuit avec éclairage allumé,Hors agglomération,Hors intersection,Normale,Deux véhicules - arrière,,,,,,,,,,,5,1,1,1.0,2.0
201000027988,0010-02-01 22:45:00,10,2,1,22,45,310,555,"999, RTE DE NARBONNE",,,Nuit avec éclairage allumé,En agglomération,Hors intersection,Normale,Deux véhicules - côté,,,,,,,,,,,5,2,1,1.0,3.0
201000027989,0010-02-01 15:20:00,10,2,1,15,20,310,555,"82, ALL JEAN JAURES",,,Plein jour,En agglomération,Hors intersection,Normale,Autre collision,,,,,,,,,,,1,2,1,1.0,6.0
201000027990,0010-01-29 12:10:00,10,1,29,12,10,310,555,AV LOUIS BAZERQUE,43.5806,1.39592,Plein jour,En agglomération,Hors intersection,Pluie légère,Autre collision,,,,,,,,,,,1,2,1,2.0,6.0
201000027991,0010-02-05 16:25:00,10,2,5,16,25,310,555,"23, RUE BUFFON",,,Plein jour,En agglomération,Hors intersection,Normale,Autre collision,,,,,,,,,,,1,2,1,1.0,6.0
201000027992,0010-02-08 11:10:00,10,2,8,11,10,310,555,"150, AV JEAN CHAUBET",,,Plein jour,En agglomération,Hors intersection,Normale,Autre collision,,,,,,,,,,,1,2,1,1.0,6.0
201000027993,0010-02-09 15:40:00,10,2,9,15,40,310,555,"999, AV DU MIRAIL",,,Plein jour,En agglomération,Hors intersection,Normale,Autre collision,,,,,,,,,,,1,2,1,1.0,6.0
201000027994,0010-02-10 07:15:00,10,2,10,7,15,310,555,VA007566 MONTAUDRAN A61,,,Crépuscule ou aube,Hors agglomération,Hors intersection,Temps couvert,Deux véhicules - arrière,,,,,,,,,,,2,1,1,8.0,2.0
201000027995,0010-02-10 13:20:00,10,2,10,13,20,310,555,"999, R-PT EDMOND LASSALL",,,Plein jour,En agglomération,Hors intersection,Normale,Sans collision,,,,,,,,,,,1,2,1,1.0,7.0
201000027996,0010-02-10 23:15:00,10,2,10,23,15,310,555,"308, AV DES ETATS UNIS",,,Nuit avec éclairage allumé,En agglomération,Hors intersection,Normale,Autre collision,,,,,,,,,,,5,2,1,1.0,6.0
201000027997,0010-02-11 10:00:00,10,2,11,10,0,310,555,"999, RUE ARISTIDE MAILLO",,,Plein jour,En agglomération,Hors intersection,Normale,Deux véhicules - frontale,,,,,,,,,,,1,2,1,1.0,1.0