accident_id,datetime,annee,mois,jour,heure,minute,departement,commune_insee,adresse,latitude,longitude,luminosite,agglomeration,intersection,meteo,collision,nb_vehicules,nb_usagers,nb_indemnes,nb_tues,nb_blesses_hosp,nb_blesses_legers,age_cond_1,age_cond_2,veh_type_cond_1,veh_type_cond_2,lum_code,agg_code,int_code,atm_code,col_code
201000028124,0010-04-24 18:40:00,10,4,24,18,40,310,555,"215, AV DE FRONTON",,,Plein jour,En agglomération,Hors intersection,Normale,Deux véhicules - arrière,,,,,,,,,,,1,2,1,1.0,2.0
201000028125,0010-04-25 03:20:00,10,4,25,3,20,310,555,"9999, BD DE LA GARE",,,Nuit avec éclairage allumé,En agglomération,Hors intersection,Normale,Trois véhicules et plus - collisions multiples,,,,,,,,,,,5,2,1,1.0,5.0
201000028126,0010-04-26 10:58:00,10,4,26,10,58,310,555,"3, AV DE LARDENNE",,,Plein jour,En agglomération,Intersection en T,Temps couvert,Deux véhicules - côté,,,,,,,,,,,1,2,3,8.0,3.0
201000028127,0010-04-26 11:40:00,10,4,26,11,40,310,555,"118, RTE DE NARBONNE",,,Plein jour,En agglomération,Hors intersection,Normale,Autre collision,,,,,,,,,,,1,2,1,1.0,6.0
201000028128,0010-04-24 11:45:00,10,4,24,11,45,310,555,"60, AV JULES JULIEN",,,Plein jour,En agglomération,Hors intersection,Normale,Trois véhicules et plus - en chaîne,,,,,,,,,,,1,2,1,1.0,4.0
201000028129,0010-04-27 07:00:00,10,4,27,7,0,310,555,"999, ALL DES DEMOISELLES",,,Plein jour,En agglomération,Intersection en T,Normale,Deux véhicules - côté,,,,,,,,,,,1,2,3,1.0,3.0
201000028130,0010-04-27 09:06:00,10,4,27,9,6,310,555,"43, RUE MATABIAU",,,Plein jour,En agglomération,Hors intersection,Normale,Autre collision,,,,,,,,,,,1,2,1,1.0,6.0
201000028131,0010-04-27 15:20:00,10,4,27,15,20,310,555,"57, BD DES RECOLLETS",,,Plein jour,En agglomération,Hors intersection,Normale,Deux véhicules - côté,,,,,,,,,,,1,2,1,1.0,3.0
201000028132,0010-04-27 17:20:00,10,4,27,17,20,310,555,"56, ALL JEAN JAURES",,,Plein jour,En agglomération,Hors intersection,Normale,Deux véhicules - côté,,,,,,,,,,,1,2,1,1.0,3.0
201000028133,0010-04-28 08:37:00,10,4,28,8,37,310,555,"999, AV JAMES CLERCK MAX",,,Plein jour,En agglomération,Intersection en T,Normale,Deux véhicules - côté,,,,,,,,,,,1,2,3,1.0,3.0
201000028134,0010-04-25 19:00:00,10,4,25,19,0,310,555,"235, RTE DE NARBONNE",,,Plein jour,En agglomération,Hors intersection,Normale,Deux véhicules - arrière,,,,,,,,,,,1,2,1,1.0,2.0
201000028135,0010-04-29 14:20:00,10,4,29,14,20,310,555,"104, AV DES MINIMES",,,Plein jour,En agglomération,Hors intersection,Normale,Autre collision,,,,,,,,,,,1,2,1,1.0,6.0
201000028136,0010-04-29 17:00:00,10,4,29,17,0,310,555,"108, RUE DU GENERAL BOUR",,,Plein jour,En agglomération,Hors intersection,Normale,Autre collision,,,,,,,,,,,1,2,1,1.0,6.0
201000028137,0010-04-30 03:45:00,10,4,30,3,45,310,555,"999, RUE LUCIEN SERVANTY",,,Nuit avec éclairage allumé,En agglomération,Hors intersection,Normale,Autre collision,,,,,,,,,,,5,2,1,1.0,6.0
201000028138,0010-05-01 05:45:00,10,5,1,5,45,310,555,VA007473 A62,,,Nuit sans éclairage public,Hors agglomération,Hors intersection,Normale,Trois véhicules et plus - collisions multiples,,,,,,,,,,,3,1,1,1.0,5.0
201000028139,0010-05-01 11:56:00,10,5,1,11,56,310,555,"999, BD DES MINIMES",,,Plein jour,En agglomération,Hors intersection,Normale,Autre collision,,,,,,,,,,,1,2,1,1.0,6.0
201000028140,0010-05-01 17:45:00,10,5,1,17,45,310,555,"999, RTE DE REVEL",,,Plein jour,En agglomération,Hors intersection,Pluie forte,Deux véhicules - côté,,,,,,,,,,,1,2,1,3.0,3.0
201000028141,0010-05-02 01:50:00,10,5,2,1,50,310,555,"999, BD LAZARE CARNOT",,,Nuit avec éclairage allumé,En agglomération,Intersection en Y,Normale,Deux véhicules - côté,,,,,,,,,,,5,2,4,1.0,3.0
201000028142,0010-05-02 13:04:00,10,5,2,13,4,310,555,"999, RUE DE PERIOLE",,,Plein jour,En agglomération,Intersection en T,Pluie légère,Deux véhicules - côté,,,,,,,,,,,1,2,3,2.0,3.0
201000028143,0010-05-02 18:43:00,10,5,2,18,43,310,555,"999, RPT M-MADELEINE FOU",,,Plein jour,En agglomération,Hors intersection,Normale,Deux véhicules - frontale,,,,,,,,,,,1,2,1,1.0,1.0
201000028144,0010-04-30 19:11:00,10,4,30,19,11,310,555,"14, AV DE FRONTON",,,Plein jour,En agglomération,Hors intersection,Normale,Autre collision,,,,,,,,,,,1,2,1,1.0,6.0
201000028145,0010-05-03 08:10:00,10,5,3,8,10,310,555,"22, CHE VIREBENT",,,Plein jour,En agglomération,Hors intersection,Normale,Deux véhicules - côté,,,,,,,,,,,1,2,1,1.0,3.0
201000028146,0010-05-02 06:20:00,10,5,2,6,20,310,555,VA007306 A64,,,Nuit avec éclairage allumé,Hors agglomération,Hors intersection,Normale,Autre collision,,,,,,,,,,,5,1,1,1.0,6.0
201000028147,0010-05-05 08:00:00,10,5,5,8,0,310,555,"999, AV DES ETATS UNIS",,,Plein jour,En agglomération,Hors intersection,Normale,Trois véhicules et plus - collisions multiples,,,,,,,,,,,1,2,1,1.0,5.0
201000028148,0010-05-06 02:05:00,10,5,6,2,5,310,555,"71, GRANDE RUE SAINT MIC",,,Nuit avec éclairage allumé,En agglomération,Hors intersection,Pluie forte,Autre collision,,,,,,,,,,,5,2,1,3.0,6.0
201000028149,0010-05-05 19:30:00,10,5,5,19,30,310,555,"999, BD GRIFFOUL DORVAL",,,Plein jour,En agglomération,Hors intersection,Pluie légère,Autre collision,,,,,,,,,,,1,2,1,2.0,6.0
201000028150,0010-05-05 12:30:00,10,5,5,12,30,310,555,"213, RTE DE LAUNAGUET",,,Plein jour,En agglomération,Hors intersection,Normale,Trois véhicules et plus - collisions multiples,,,,,,,,,,,1,2,1,1.0,5.0
201000028151,0010-05-06 19:45:00,10,5,6,19,45,310,555,"56, ALL JEAN JAURES",,,Plein jour,En agglomération,Hors intersection,Normale,Autre collision,,,,,,,,,,,1,2,1,1.0,6.0
201000028152,0010-05-08 20:25:00,10,5,8,20,25,310,555,"999, Rd Pt Firmin Pons",,,Plein jour,Hors agglomération,Giratoire,Normale,Deux véhicules - côté,,,,,,,,,,,1,1,6,1.0,3.0
201000028153,0010-05-08 22:00:00,10,5,8,22,0,310,555,RUE DE LA COLOMBETTE,,,Nuit avec éclairage allumé,En agglomération,Intersection en T,Pluie légère,Deux véhicules - côté,,,,,,,,,,,5,2,3,2.0,3.0
201000028154,0010-05-08 22:50:00,10,5,8,22,50,310,555,"21, AV JEAN RIEUX",,,Plein jour,En agglomération,Hors intersection,Normale,Deux véhicules - côté,,,,,,,,,,,1,2,1,1.0,3.0
201000028155,0010-05-10 08:10:00,10,5,10,8,10,310,555,"175, RUE HENRI DESBALS",,,Plein jour,En agglomération,Hors intersection,Normale,Autre collision,,,,,,,,,,,1,2,1,1.0,6.0
201000028156,0010-05-10 22:45:00,10,5,10,22,45,310,555,"999, RUE GEORGES VEDEL",,,Nuit avec éclairage allumé,En agglomération,Hors intersection,Pluie forte,Autre collision,,,,,,,,,,,5,2,1,3.0,6.0
201000028157,0010-05-11 16:20:00,10,5,11,16,20,310,555,"999, VA007456 SESQUIERES",,,Plein jour,En agglomération,Intersection en T,Normale,Deux véhicules - côté,,,,,,,,,,,1,2,3,1.0,3.0
201000028158,0010-05-11 18:00:00,10,5,11,18,0,310,555,VA007418 PONT JUMEAUX A6,,,Plein jour,Hors agglomération,Hors intersection,Normale,Deux véhicules - côté,,,,,,,,,,,1,1,1,1.0,3.0
201000028159,0010-05-12 16:47:00,10,5,12,16,47,310,555,"999, IMP TEYNIER",,,Plein jour,En agglomération,Hors intersection,Normale,Autre collision,,,,,,,,,,,1,2,1,1.0,6.0
201000028160,0010-05-12 12:15:00,10,5,12,12,15,310,555,"271, AV DE GRANDE BRETAG",,,Plein jour,En agglomération,Hors intersection,Normale,Deux véhicules - côté,,,,,,,,,,,1,2,1,1.0,3.0
201000028161,0010-05-12 23:10:00,10,5,12,23,10,310,555,"999, RUE GABRIEL PERI",,,Nuit avec éclairage allumé,En agglomération,Intersection en T,Normale,Deux véhicules - côté,,,,,,,,,,,5,2,3,1.0,3.0
201000028162,0010-05-12 20:35:00,10,5,12,20,35,310,555,"999, RUE VALENTIN",,,Crépuscule ou aube,En agglomération,Intersection en T,Normale,Deux véhicules - côté,,,,,,,,,,,2,2,3,1.0,3.0
201000028163,0010-05-13 04:00:00,10,5,13,4,0,310,555,"999, ALL JEAN JAURES",,,Nuit avec éclairage allumé,En agglomération,Hors intersection,Normale,Autre collision,,,,,,,,,,,5,2,1,1.0,6.0
201000028164,0010-05-14 06:45:00,10,5,14,6,45,310,555,"2, RUE DU POLE",,,Crépuscule ou aube,En agglomération,Intersection en T,Normale,Trois véhicules et plus - collisions multiples,,,,,,,,,,,2,2,3,1.0,5.0
201000028165,0010-05-14 15:10:00,10,5,14,15,10,310,555,"64, IMP DE LA GLACIERE",,,Plein jour,En agglomération,Hors intersection,Normale,Deux véhicules - arrière,,,,,,,,,,,1,2,1,1.0,2.0
201000028166,0010-05-15 13:30:00,10,5,15,13,30,310,555,"999, BD DE LA GARE",,,Plein jour,En agglomération,Intersection en T,Normale,Trois véhicules et plus - collisions multiples,,,,,,,,,,,1,2,3,1.0,5.0
201000028167,0010-05-13 02:30:00,10,5,13,2,30,310,555,"999, AV DE GRANDE BRETAG",,,Nuit avec éclairage allumé,En agglomération,Hors intersection,Pluie forte,Deux véhicules - arrière,,,,,,,,,,,5,2,1,3.0,2.0
201000028168,0010-05-17 21:20:00,10,5,17,21,20,310,555,"999, RUE DE BAYARD",,,Nuit avec éclairage allumé,En agglomération,Hors intersection,Normale,Autre collision,,,,,,,,,,,5,2,1,1.0,6.0
201000028169,0010-05-12 09:15:00,10,5,12,9,15,310,555,"999, RUE RAYMOND DE LA T",,,Plein jour,En agglomération,Hors intersection,Normale,Autre collision,,,,,,,,,,,1,2,1,1.0,6.0
201000028170,0010-05-18 07:50:00,10,5,18,7,50,310,555,"22, RUE BOUDEVILLE",,,Plein jour,En agglomération,Hors intersection,Normale,Deux véhicules - côté,,,,,,,,,,,1,2,1,1.0,3.0
201000028171,0010-05-18 19:15:00,10,5,18,19,15,310,555,"999, CHE DE LA BOURIETTE",,,Plein jour,En agglomération,Hors intersection,Normale,Autre collision,,,,,,,,,,,1,2,1,1.0,6.0
201000028172,0010-05-19 16:40:00,10,5,19,16,40,310,555,"999, BD DE STRASBOURG",,,Plein jour,En agglomération,Hors intersection,Normale,Autre collision,,,,,,,,,,,1,2,1,1.0,6.0
201000028173,0010-05-20 22:30:00,10,5,20,22,30,310,555,"61, AV DE LOMBEZ",,,Nuit avec éclairage allumé,En agglomération,Hors intersection,Normale,Autre collision,,,,,,,,,,,5,2,1,1.0,6.0
201000028174,0010-05-21 01:50:00,10,5,21,1,50,310,555,"999, RD PT JJ LAFFONT",,,Nuit avec éclairage allumé,En agglomération,Hors intersection,Normale,Autre collision,,,,,,,,,,,5,2,1,1.0,6.0
201000028175,0010-05-21 08:00:00,10,5,21,8,0,310,149,ECHANGEUR ST MARTIN (A62,,,Plein jour,Hors agglomération,Hors intersection,Normale,Autre collision,,,,,,,,,,,1,1,1,1.0,6.0
201000028176,0010-05-21 09:40:00,10,5,21,9,40,310,555,"999, RTE D ESPAGNE",,,Plein jour,En agglomération,Intersection en T,Normale,Deux véhicules - côté,,,,,,,,,,,1,2,3,1.0,3.0
201000028177,0010-05-21 17:40:00,10,5,21,17,40,310,555,"42, BD SILVIO TRENTIN",,,Plein jour,En agglomération,Hors intersection,Normale,Autre collision,,,,,,,,,,,1,2,1,1.0,6.0
201000028178,0010-05-21 19:45:00,10,5,21,19,45,310,555,"79, BD DE STRASBOURG",,,Plein jour,En agglomération,Hors intersection,Normale,Deux véhicules - côté,,,,,,,,,,,1,2,1,1.0,3.0
201000028179,0010-05-21 20:15:00,10,5,21,20,15,310,555,"17, AV DES COTEAUX",,,Plein jour,En agglomération,Hors intersection,Normale,Autre collision,,,,,,,,,,,1,2,1,1.0,6.0
201000028180,0010-05-27 08:50:00,10,5,27,8,50,310,555,VA007313 LE CHAPITRE A64,,,Plein jour,Hors agglomération,Hors intersection,Normale,Trois véhicules et plus - en chaîne,,,,,,,,,,,1,1,1,1.0,4.0
201000028181,0010-05-27 17:30:00,10,5,27,17,30,310,555,"999, PONT DE BLAGNAC",,,Plein jour,En agglomération,Hors intersection,Normale,Trois véhicules et plus - collisions multiples,,,,,,,,,,,1,2,1,1.0,5.0
201000028182,0010-05-27 19:09:00,10,5,27,19,9,310,555,"999, rd pt llante",,,Plein jour,En agglomération,Hors intersection,Normale,Deux véhicules - côté,,,,,,,,,,,1,2,1,1.0,3.0
201000028183,0010-05-27 08:00:00,10,5,27,8,0,310,555,"304, RTE DE REVEL",,,Plein jour,En agglomération,Hors intersection,Normale,Deux véhicules - côté,,,,,,,,,,,1,2,1,1.0,3.0
201000028184,0010-05-28 07:50:00,10,5,28,7,50,310,555,"., Rd Pt Firmin Pons",,,Plein jour,En agglomération,Hors intersection,Normale,Deux véhicules - côté,,,,,,,,,,,1,2,1,1.0,3.0
201000028185,0010-05-30 02:55:00,10,5,30,2,55,310,555,"999, BD LASCROSSES",,,Nuit avec éclairage allumé,En agglomération,Hors intersection,Normale,Autre collision,,,,,,,,,,,5,2,1,1.0,6.0
201000028186,0010-05-31 18:45:00,10,5,31,18,45,310,555,"999, RUE ALAIN LESAGE",,,Plein jour,En agglomération,Hors intersection,Normale,Deux véhicules - côté,,,,,,,,,,,1,2,1,1.0,3.0
201000028187,0010-06-02 11:00:00,10,6,2,11,0,310,555,"999, AV JEAN ZAY",,,Plein jour,En agglomération,Intersection en T,Normale,Deux véhicules - côté,,,,,,,,,,,1,2,3,1.0,3.0
201000028188,0010-05-27 15:30:00,10,5,27,15,30,310,555,"999, BD DE THIBAUD",,,Plein jour,En agglomération,Hors intersection,Normale,Deux véhicules - côté,,,,,,,,,,,1,2,1,1.0,3.0
201000028189,0010-06-03 18:20:00,10,6,3,18,20,310,555,"116, RUE DE CUGNAUX",,,Plein jour,En agglomération,Hors intersection,Normale,Autre collision,,,,,,,,,,,1,2,1,1.0,6.0
201000028190,0010-06-03 18:50:00,10,6,3,18,50,310,555,"188, RTE DE REVEL",,,Plein jour,En agglomération,Hors intersection,Normale,Trois véhicules et plus - collisions multiples,,,,,,,,,,,1,2,1,1.0,5.0
201000028191,0010-06-04 14:44:00,10,6,4,14,44,310,555,VA007473 A62,,,Plein jour,Hors agglomération,Hors intersection,Normale,Sans collision,,,,,,,,,,,1,1,1,1.0,7.0
201000028192,0010-06-04 11:40:00,10,6,4,11,40,310,555,"18, RUE JULES AMILHAU",,,Plein jour,En agglomération,Hors intersection,Normale,Deux véhicules - côté,,,,,,,,,,,1,2,1,1.0,3.0
201000028193,0010-06-05 00:58:00,10,6,5,0,58,310,555,"201, RTE DE LAUNAGUET",,,Nuit avec éclairage non allumé,En agglomération,Hors intersection,Normale,Deux véhicules - côté,,,,,,,,,,,4,2,1,1.0,3.0
201000028194,0010-06-06 00:05:00,10,6,6,0,5,310,555,"64, AV DE LARDENNE",,,Nuit avec éclairage allumé,En agglomération,Intersection en T,Normale,Deux véhicules - côté,,,,,,,,,,,5,2,3,1.0,3.0
201000028195,0010-06-06 18:50:00,10,6,6,18,50,310,555,"21, AV DES ETATS UNIS",,,Plein jour,En agglomération,Intersection en T,Normale,Deux véhicules - côté,,,,,,,,,,,1,2,3,1.0,3.0
201000028196,0010-06-02 09:30:00,10,6,2,9,30,310,555,"108, AV CRAMPEL",,,Plein jour,En agglomération,Intersection en T,Normale,Deux véhicules - côté,,,,,,,,,,,1,2,3,1.0,3.0
201000028197,0010-06-08 17:15:00,10,6,8,17,15,310,555,"172, AV DES ETATS UNIS",,,Plein jour,En agglomération,Hors intersection,Normale,Autre collision,,,,,,,,,,,1,2,1,1.0,6.0
201000028198,0010-06-09 16:40:00,10,6,9,16,40,310,555,RTE DE SEYSSES,,,Plein jour,En agglomération,Intersection en X,Normale,Deux véhicules - côté,,,,,,,,,,,1,2,2,1.0,3.0
201000028199,0010-06-09 17:10:00,10,6,9,17,10,310,555,"999, RTE DE NARBONNE",,,Plein jour,En agglomération,Hors intersection,Normale,Deux véhicules - côté,,,,,,,,,,,1,2,1,1.0,3.0
201000028200,0010-06-09 19:25:00,10,6,9,19,25,310,555,"999, CHE DES ETROITS",,,Plein jour,En agglomération,Hors intersection,Normale,Sans collision,,,,,,,,,,,1,2,1,1.0,7.0
201000028201,0010-06-04 11:05:00,10,6,4,11,5,310,555,"999, R-PT CHARLES FABRE",,,Plein jour,En agglomération,Hors intersection,Normale,Deux véhicules - côté,,,,,,,,,,,1,2,1,1.0,3.0
201000028202,0010-06-08 09:00:00,10,6,8,9,0,310,555,VA007331 A620,,,Plein jour,En agglomération,Hors intersection,Pluie légère,Deux véhicules - arrière,,,,,,,,,,,1,2,1,2.0,2.0
201000028203,0010-06-08 14:50:00,10,6,8,14,50,310,555,"135, AV DE RANGUEIL",,,Plein jour,En agglomération,Hors intersection,Normale,Deux véhicules - côté,,,,,,,,,,,1,2,1,1.0,3.0
201000028204,0010-06-10 15:50:00,10,6,10,15,50,310,555,"371, AV DES ETATS UNIS",,,Plein jour,En agglomération,Hors intersection,Normale,Autre collision,,,,,,,,,,,1,2,1,1.0,6.0
201000028205,0010-06-13 15:00:00,10,6,13,15,0,310,555,"999, AV DE FRONTON",,,Plein jour,En agglomération,Hors intersection,Normale,Deux véhicules - côté,,,,,,,,,,,1,2,1,1.0,3.0
201000028206,0010-05-14 03:35:00,10,5,14,3,35,310,555,"999, PL DU PONT NEUF",,,Nuit avec éclairage allumé,En agglomération,Hors intersection,Normale,Autre collision,,,,,,,,,,,5,2,1,1.0,6.0
201000028207,0010-06-14 22:30:00,10,6,14,22,30,310,555,"31, CHE DES MARAICHERS",,,Nuit avec éclairage allumé,En agglomération,Hors intersection,Pluie légère,Autre collision,,,,,,,,,,,5,2,1,2.0,6.0
201000028208,0010-06-14 22:00:00,10,6,14,22,0,310,555,"999, BD PIERRE SEMARD",,,Nuit avec éclairage allumé,En agglomération,Hors intersection,Pluie légère,Autre collision,,,,,,,,,,,5,2,1,2.0,6.0
201000028209,0010-06-15 23:29:00,10,6,15,23,29,310,555,"999, RP CAZAUX",,,Nuit avec éclairage allumé,En agglomération,Hors intersection,Normale,Autre collision,,,,,,,,,,,5,2,1,1.0,6.0
201000028210,0010-06-16 12:45:00,10,6,16,12,45,310,555,"999, CHE DU PRAT LONG",,,Plein jour,En agglomération,Intersection en X,Normale,Autre collision,,,,,,,,,,,1,2,2,1.0,6.0
201000028211,0010-06-17 17:40:00,10,6,17,17,40,310,555,"9999, CHE DES COURSES",,,Plein jour,En agglomération,Intersection en X,Normale,Deux véhicules - arrière,,,,,,,,,,,1,2,2,1.0,2.0
201000028212,0010-06-17 23:25:00,10,6,17,23,25,310,555,"16, BD DE STRASBOURG",,,Nuit avec éclairage allumé,En agglomération,Hors intersection,Normale,Sans collision,,,,,,,,,,,5,2,1,1.0,7.0
201000028213,0010-06-18 23:50:00,10,6,18,23,50,310,555,VA007553 A61,,,Nuit avec éclairage allumé,Hors agglomération,Hors intersection,Normale,Deux véhicules - côté,,,,,,,,,,,5,1,1,1.0,3.0
201000028214,0010-06-19 15:30:00,10,6,19,15,30,310,555,"999, RUE CHARLES GOUNOD",,,Plein jour,En agglomération,Intersection en X,Pluie légère,Deux véhicules - côté,,,,,,,,,,,1,2,2,2.0,3.0
201000028215,0010-06-19 17:40:00,10,6,19,17,40,310,555,VA007306 A64,,,Plein jour,Hors agglomération,Hors intersection,Pluie légère,Sans collision,,,,,,,,,,,1,1,1,2.0,7.0
201000028216,0010-06-19 18:30:00,10,6,19,18,30,310,555,VA007306 A64,,,Plein jour,Hors agglomération,Hors intersection,Normale,Sans collision,,,,,,,,,,,1,1,1,1.0,7.0
201000028217,0010-06-19 22:50:00,10,6,19,22,50,310,555,"999, AV DE LATTRE DE TAS",,,Nuit avec éclairage allumé,En agglomération,Hors intersection,Pluie forte,Deux véhicules - frontale,,,,,,,,,,,5,2,1,3.0,1.0
201000028218,0010-06-20 01:20:00,10,6,20,1,20,310,555,VA006964,,,Nuit avec éclairage allumé,Hors agglomération,Hors intersection,Normale,Sans collision,,,,,,,,,,,5,1,1,1.0,7.0
201000028219,0010-06-20 14:00:00,10,6,20,14,0,310,555,"999, CHE DE FENOUILLET",,,Plein jour,En agglomération,Hors intersection,Normale,Deux véhicules - frontale,,,,,,,,,,,1,2,1,1.0,1.0
201000028220,0010-06-22 01:05:00,10,6,22,1,5,310,555,"999, BD DES CRETES",,,Nuit sans éclairage public,En agglomération,Hors intersection,Normale,Sans collision,,,,,,,,,,,3,2,1,1.0,7.0
201000028221,0010-04-18 14:35:00,10,4,18,14,35,310,555,"70, AV DE GRANDE BRETAGN",,,Plein jour,En agglomération,Hors intersection,Normale,Sans collision,,,,,,,,,,,1,2,1,1.0,7.0
201000028222,0010-06-22 19:30:00,10,6,22,19,30,310,555,VA007331 A620,,,Plein jour,En agglomération,Hors intersection,Normale,Trois véhicules et plus - collisions multiples,,,,,,,,,,,1,2,1,1.0,5.0
201000028223,0010-06-22 21:20:00,10,6,22,21,20,310,555,"999, RUE DE LA COLOMBETT",,,Nuit avec éclairage non allumé,En agglomération,Intersection en T,Normale,Deux véhicules - côté,,,,,,,,,,,4,2,3,1.0,3.0
201000028224,0010-06-23 16:00:00,10,6,23,16,0,310,555,"7, BD D ARCOLE",,,Plein jour,En agglomération,Hors intersection,Normale,Deux véhicules - côté,,,,,,,,,,,1,2,1,1.0,3.0
201000028225,0010-06-23 18:20:00,10,6,23,18,20,310,555,"125, AV DE LARDENNE",,,Plein jour,En agglomération,Hors intersection,Normale,Deux véhicules - arrière,,,,,,,,,,,1,2,1,1.0,2.0
201000028226,0010-06-19 08:15:00,10,6,19,8,15,310,555,"1, RUE BERNARD MULE",,,Plein jour,En agglomération,Hors intersection,Normale,Autre collision,,,,,,,,,,,1,2,1,1.0,6.0
201000028227,0010-06-24 16:05:00,10,6,24,16,5,310,555,"999, RUE SAINTE PHILOMEN",,,Plein jour,En agglomération,Intersection en X,Normale,Deux véhicules - côté,,,,,,,,,,,1,2,2,1.0,3.0
201000028228,0010-06-24 12:00:00,10,6,24,12,0,310,555,"999, AV DES ETATS UNIS",,,Plein jour,En agglomération,Intersection en T,Normale,Deux véhicules - côté,,,,,,,,,,,1,2,3,1.0,3.0
201000028229,0010-06-24 15:04:00,10,6,24,15,4,310,555,VA007440 LES MINIMES A62,,,Plein jour,En agglomération,Hors intersection,Normale,Deux véhicules - arrière,,,,,,,,,,,1,2,1,1.0,2.0
201000028230,0010-06-25 14:20:00,10,6,25,14,20,310,555,"999, AV DES MINIMES",,,Plein jour,En agglomération,Hors intersection,Normale,Deux véhicules - arrière,,,,,,,,,,,1,2,1,1.0,2.0
201000028231,0010-06-25 16:10:00,10,6,25,16,10,310,555,"82, AV CRAMPEL",,,Plein jour,En agglomération,Hors intersection,Normale,Autre collision,,,,,,,,,,,1,2,1,1.0,6.0
201000028232,0010-06-26 17:18:00,10,6,26,17,18,310,555,"999, RTE D AGDE",,,Plein jour,En agglomération,Hors intersection,Normale,Deux véhicules - côté,,,,,,,,,,,1,2,1,1.0,3.0
201000028233,0010-06-26 04:00:00,10,6,26,4,0,310,555,"., RUE DE METZ",,,Nuit avec éclairage allumé,En agglomération,Hors intersection,Normale,Autre collision,,,,,,,,,,,5,2,1,1.0,6.0
201000028234,0010-06-27 06:00:00,10,6,27,6,0,310,555,"999, BD RICHARD WAGNER",,,Crépuscule ou aube,En agglomération,Hors intersection,Normale,Autre collision,,,,,,,,,,,2,2,1,1.0,6.0
201000028235,0010-06-28 13:15:00,10,6,28,13,15,310,555,VA007440 LES MINIMES A62,,,Plein jour,Hors agglomération,Hors intersection,Normale,Autre collision,,,,,,,,,,,1,1,1,1.0,6.0
201000028236,0010-06-29 18:30:00,10,6,29,18,30,310,555,VA007553 A61,,,Plein jour,En agglomération,Hors intersection,Normale,Trois véhicules et plus - en chaîne,,,,,,,,,,,1,2,1,1.0,4.0
201000028237,0010-07-02 08:45:00,10,7,2,8,45,310,555,"999, AV DU GENERAL EISEN",,,Plein jour,En agglomération,Hors intersection,Normale,Deux véhicules - arrière,,,,,,,,,,,1,2,1,1.0,2.0
201000028238,0010-07-02 13:30:00,10,7,2,13,30,310,555,"17, RUE SAINT ANTOINE DU",,,Plein jour,En agglomération,Hors intersection,Normale,Autre collision,,,,,,,,,,,1,2,1,1.0,6.0
201000028239,0010-07-03 00:05:00,10,7,3,0,5,310,555,"49, AV JEAN RIEUX",,,Nuit sans éclairage public,Hors agglomération,Hors intersection,Normale,Autre collision,,,,,,,,,,,3,1,1,1.0,6.0
201000028240,0010-07-06 20:02:00,10,7,6,20,2,310,555,"999, RUE PIERRE CAZENEUV",,,Plein jour,En agglomération,Hors intersection,Normale,Deux véhicules - côté,,,,,,,,,,,1,2,1,1.0,3.0
201000028241,0010-07-06 09:50:00,10,7,6,9,50,310,555,"5, BD D ARCOLE",,,Plein jour,Hors agglomération,Hors intersection,Normale,Deux véhicules - côté,,,,,,,,,,,1,1,1,1.0,3.0
201000028242,0010-07-06 17:50:00,10,7,6,17,50,310,555,"15, CHE DE GABARDIE",,,Plein jour,En agglomération,Hors intersection,Normale,Autre collision,,,,,,,,,,,1,2,1,1.0,6.0
201000028243,0010-07-06 21:00:00,10,7,6,21,0,310,555,"20, AV JEAN RIEUX",,,Plein jour,En agglomération,Hors intersection,Normale,Deux véhicules - côté,,,,,,,,,,,1,2,1,1.0,3.0
201000028244,0010-07-06 21:30:00,10,7,6,21,30,310,555,VA007331 A620,,,Plein jour,En agglomération,Hors intersection,Normale,Sans collision,,,,,,,,,,,1,2,1,1.0,7.0
201000028245,0010-07-06 22:50:00,10,7,6,22,50,310,555,"10, AV DES MINIMES",,,Nuit avec éclairage allumé,Hors agglomération,Hors intersection,Normale,Autre collision,,,,,,,,,,,5,1,1,1.0,6.0
201000028246,0010-07-05 19:55:00,10,7,5,19,55,310,555,"26, RUE DES ALOUETTES",,,Crépuscule ou aube,En agglomération,Hors intersection,Normale,Autre collision,,,,,,,,,,,2,2,1,1.0,6.0
201000028247,0010-07-08 08:52:00,10,7,8,8,52,310,555,"48, RUE SAINT ROCH",,,Plein jour,En agglomération,Hors intersection,Normale,Autre collision,,,,,,,,,,,1,2,1,1.0,6.0
201000028248,0010-07-08 17:20:00,10,7,8,17,20,310,555,"999, RTE DE NARBONNE",,,Plein jour,En agglomération,Intersection en T,Normale,Deux véhicules - côté,,,,,,,,,,,1,2,3,1.0,3.0
201000028249,0010-07-09 05:26:00,10,7,9,5,26,310,555,"36, BD DE STRASBOURG",,,Nuit avec éclairage allumé,En agglomération,Hors intersection,Normale,Deux véhicules - frontale,,,,,,,,,,,5,2,1,1.0,1.0
201000028250,0010-07-09 05:45:00,10,7,9,5,45,310,555,"999, ALL JULES GUESDE",,,Nuit avec éclairage allumé,En agglomération,Hors intersection,Normale,Deux véhicules - arrière,,,,,,,,,,,5,2,1,1.0,2.0