accident_id,datetime,annee,mois,jour,heure,minute,departement,commune_insee,adresse,latitude,longitude,luminosite,agglomeration,intersection,meteo,collision,nb_vehicules,nb_usagers,nb_indemnes,nb_tues,nb_blesses_hosp,nb_blesses_legers,age_cond_1,age_cond_2,veh_type_cond_1,veh_type_cond_2,lum_code,agg_code,int_code,atm_code,col_code
201000028251,0010-07-09 06:00:00,10,7,9,6,0,310,555,"999, RUE DU POLE",,,Crépuscule ou aube,En agglomération,Hors intersection,Normale,Deux véhicules - frontale,,,,,,,,,,,2,2,1,1.0,1.0
201000028252,0010-07-09 08:00:00,10,7,9,8,0,310,555,"28, AV DE L URSS",,,Plein jour,En agglomération,Hors intersection,Normale,Deux véhicules - côté,,,,,,,,,,,1,2,1,1.0,3.0
201000028253,0010-07-10 17:50:00,10,7,10,17,50,310,555,"23, ALL JEAN JAURES",,,Plein jour,En agglomération,Hors intersection,Normale,Deux véhicules - côté,,,,,,,,,,,1,2,1,1.0,3.0
201000028254,0010-07-13 20:30:00,10,7,13,20,30,310,555,"999, AV ANTOINE DE ST EX",,,Plein jour,En agglomération,Hors intersection,Normale,Autre collision,,,,,,,,,,,1,2,1,1.0,6.0
201000028255,0010-07-14 03:50:00,10,7,14,3,50,310,555,BD DES MINIMES,,,Nuit avec éclairage allumé,En agglomération,Intersection en X,Normale,Trois véhicules et plus - en chaîne,,,,,,,,,,,5,2,2,1.0,4.0
201000028256,0010-07-14 18:21:00,10,7,14,18,21,310,555,"388, RTE DE SAINT SIMON",,,Plein jour,En agglomération,Hors intersection,Normale,Deux véhicules - frontale,,,,,,,,,,,1,2,1,1.0,1.0
201000028257,0010-07-15 11:25:00,10,7,15,11,25,310,555,"999, BD D ARCOLE",,,Plein jour,En agglomération,Hors intersection,Normale,Deux véhicules - frontale,,,,,,,,,,,1,2,1,1.0,1.0
201000028258,0010-07-15 16:50:00,10,7,15,16,50,310,555,"63, RTE DE BAYONNE",,,Plein jour,En agglomération,Hors intersection,Normale,Deux véhicules - côté,,,,,,,,,,,1,2,1,1.0,3.0
201000028259,0010-07-15 19:00:00,10,7,15,19,0,310,555,"999, RUE DE L ILIADE",,,Plein jour,En agglomération,Hors intersection,Normale,Deux véhicules - côté,,,,,,,,,,,1,2,1,1.0,3.0
201000028260,0010-07-15 19:30:00,10,7,15,19,30,310,555,"999, RUE MATABIAU",,,Plein jour,En agglomération,Hors intersection,Normale,Deux véhicules - côté,,,,,,,,,,,1,2,1,1.0,3.0
201000028261,0010-07-16 09:20:00,10,7,16,9,20,310,555,"999, RUE BOILEAU",,,Plein jour,En agglomération,Hors intersection,Normale,Autre collision,,,,,,,,,,,1,2,1,1.0,6.0
201000028262,0010-07-16 12:30:00,10,7,16,12,30,310,555,"999, VA007539 LA ROSERAI",,,Plein jour,En agglomération,Hors intersection,Normale,Deux véhicules - arrière,,,,,,,,,,,1,2,1,1.0,2.0
201000028263,0010-07-18 07:10:00,10,7,18,7,10,310,555,"999, RUE ANDRE VASSEUR",,,Crépuscule ou aube,En agglomération,Hors intersection,Normale,Autre collision,,,,,,,,,,,2,2,1,1.0,6.0
201000028264,0010-07-18 18:00:00,10,7,18,18,0,310,555,"999, AV SALVADOR ALLENDE",,,Plein jour,En agglomération,Hors intersection,Normale,Autre collision,,,,,,,,,,,1,2,1,1.0,6.0
201000028265,0010-07-19 02:05:00,10,7,19,2,5,310,555,VA007440 LES MINIMES A62,,,Nuit avec éclairage allumé,Hors agglomération,Hors intersection,Normale,Autre collision,,,,,,,,,,,5,1,1,1.0,6.0
201000028266,0010-07-19 00:20:00,10,7,19,0,20,310,555,"999, RUE HENRI DESBALS",,,Nuit avec éclairage allumé,En agglomération,Hors intersection,Normale,Deux véhicules - côté,,,,,,,,,,,5,2,1,1.0,3.0
201000028267,0010-07-21 04:50:00,10,7,21,4,50,310,555,"146, AV DES ETATS UNIS",,,Nuit avec éclairage allumé,En agglomération,Hors intersection,Normale,Deux véhicules - côté,,,,,,,,,,,5,2,1,1.0,3.0
201000028268,0010-07-20 07:30:00,10,7,20,7,30,310,555,"999, RTE DE SAINT SIMON",,,Crépuscule ou aube,En agglomération,Intersection en T,Normale,Deux véhicules - côté,,,,,,,,,,,2,2,3,1.0,3.0
201000028269,0010-07-20 08:45:00,10,7,20,8,45,310,555,"2, AV DES MINIMES",,,Plein jour,En agglomération,Hors intersection,Normale,Autre collision,,,,,,,,,,,1,2,1,1.0,6.0
201000028270,0010-07-22 14:10:00,10,7,22,14,10,310,555,"999, AV DE LATTRE DE TAS",,,Plein jour,En agglomération,Hors intersection,Pluie légère,Deux véhicules - frontale,,,,,,,,,,,1,2,1,2.0,1.0
201000028271,0010-07-22 14:45:00,10,7,22,14,45,310,555,"6, AV DE LARDENNE",,,Plein jour,En agglomération,Hors intersection,Normale,Deux véhicules - côté,,,,,,,,,,,1,2,1,1.0,3.0
201000028272,0010-07-22 17:20:00,10,7,22,17,20,310,555,"999, RTE DE SEYSSES",,,Plein jour,En agglomération,Intersection en T,Normale,Deux véhicules - côté,,,,,,,,,,,1,2,3,1.0,3.0
201000028273,0010-07-22 23:10:00,10,7,22,23,10,310,555,"999, PL DU PONT NEUF",,,Nuit avec éclairage allumé,En agglomération,Intersection en X,Normale,Deux véhicules - côté,,,,,,,,,,,5,2,2,1.0,3.0
201000028274,0010-07-23 11:30:00,10,7,23,11,30,310,555,"273, AV DE MURET",,,Plein jour,En agglomération,Hors intersection,Normale,Deux véhicules - arrière,,,,,,,,,,,1,2,1,1.0,2.0
201000028275,0010-07-26 09:00:00,10,7,26,9,0,310,555,"11, AV DE LARRIEU",,,Plein jour,En agglomération,Intersection en X,Normale,Deux véhicules - côté,,,,,,,,,,,1,2,2,1.0,3.0
201000028276,0010-07-26 15:45:00,10,7,26,15,45,310,555,"999, AV DE FRONTON",,,Plein jour,En agglomération,Hors intersection,Normale,Deux véhicules - côté,,,,,,,,,,,1,2,1,1.0,3.0
201000028277,0010-07-27 13:30:00,10,7,27,13,30,310,555,"999, ALL JULES GUESDE",,,Plein jour,En agglomération,Hors intersection,Normale,Deux véhicules - arrière,,,,,,,,,,,1,2,1,1.0,2.0
201000028278,0010-07-27 19:20:00,10,7,27,19,20,310,555,VA007440 LES MINIMES A62,,,Plein jour,Hors agglomération,Hors intersection,Normale,Deux véhicules - côté,,,,,,,,,,,1,1,1,1.0,3.0
201000028279,0010-07-28 10:35:00,10,7,28,10,35,310,555,"36, RUE DU LANGUEDOC",,,Plein jour,En agglomération,Hors intersection,Normale,Autre collision,,,,,,,,,,,1,2,1,1.0,6.0
201000028280,0010-07-28 09:40:00,10,7,28,9,40,310,555,VA007418 PONT JUMEAUX A6,,,Plein jour,Hors agglomération,Hors intersection,Normale,Trois véhicules et plus - en chaîne,,,,,,,,,,,1,1,1,1.0,4.0
201000028281,0010-07-28 18:50:00,10,7,28,18,50,310,555,"44, BD LAZARE CARNOT",,,Plein jour,En agglomération,Hors intersection,Normale,Deux véhicules - côté,,,,,,,,,,,1,2,1,1.0,3.0
201000028282,0010-07-28 20:45:00,10,7,28,20,45,310,555,VA007306 A64,,,Plein jour,En agglomération,Hors intersection,Normale,Sans collision,,,,,,,,,,,1,2,1,1.0,7.0
201000028283,0010-07-29 07:50:00,10,7,29,7,50,310,555,VA007418 PONT JUMEAUX A6,,,Plein jour,Hors agglomération,Hors intersection,Normale,Deux véhicules - arrière,,,,,,,,,,,1,1,1,1.0,2.0
201000028284,0010-07-30 01:50:00,10,7,30,1,50,310,555,"23, ALL FORAIN FRANCOIS",,,Nuit avec éclairage allumé,En agglomération,Hors intersection,Normale,Autre collision,,,,,,,,,,,5,2,1,1.0,6.0
201000028285,0010-07-30 13:30:00,10,7,30,13,30,310,555,"90, RTE D ALBI",,,Plein jour,En agglomération,Hors intersection,Normale,Autre collision,,,,,,,,,,,1,2,1,1.0,6.0
201000028286,0010-07-31 18:20:00,10,7,31,18,20,310,555,"32, BD DES RECOLLETS",,,Plein jour,En agglomération,Hors intersection,Normale,Sans collision,,,,,,,,,,,1,2,1,1.0,7.0
201000028287,0010-08-01 01:30:00,10,8,1,1,30,310,555,"999, PORT SAINT ETIENNE",,,Nuit avec éclairage allumé,En agglomération,Hors intersection,Normale,Deux véhicules - arrière,,,,,,,,,,,5,2,1,1.0,2.0
201000028288,0010-08-07 08:30:00,10,8,7,8,30,310,555,"999, RTE D AGDE",,,Plein jour,En agglomération,Intersection en T,Normale,Trois véhicules et plus - collisions multiples,,,,,,,,,,,1,2,3,1.0,5.0
201000028289,0010-06-18 14:00:00,10,6,18,14,0,310,555,"999, AV FREDERIC ESTEBE",,,Plein jour,En agglomération,Intersection en T,Normale,Deux véhicules - arrière,,,,,,,,,,,1,2,3,1.0,2.0
201000028290,0010-08-11 00:01:00,10,8,11,0,1,310,555,"2, AV FREDERIC ESTEBE",,,Nuit avec éclairage allumé,En agglomération,Hors intersection,Normale,Sans collision,,,,,,,,,,,5,2,1,1.0,7.0
201000028291,0010-08-11 11:45:00,10,8,11,11,45,310,555,"115, GRANDE RUE SAINT MI",,,Plein jour,En agglomération,Hors intersection,Normale,Autre collision,,,,,,,,,,,1,2,1,1.0,6.0
201000028292,0010-08-11 16:02:00,10,8,11,16,2,310,555,"999, AV LOUIS ARISTE PAS",,,Plein jour,En agglomération,Intersection en X,Normale,Deux véhicules - arrière,,,,,,,,,,,1,2,2,1.0,2.0
201000028293,0010-08-11 17:35:00,10,8,11,17,35,310,555,", AV DES ETATS UNIS",,,Plein jour,En agglomération,Hors intersection,Normale,Trois véhicules et plus - en chaîne,,,,,,,,,,,1,2,1,1.0,4.0
201000028294,0010-08-13 00:20:00,10,8,13,0,20,310,555,"999, RUE PAUL VERLAINE",,,Nuit avec éclairage allumé,En agglomération,Intersection en X,Normale,Deux véhicules - côté,,,,,,,,,,,5,2,2,1.0,3.0
201000028295,0010-08-13 18:50:00,10,8,13,18,50,310,555,"265, RTE DE NARBONNE",,,Plein jour,En agglomération,Hors intersection,Normale,Deux véhicules - côté,,,,,,,,,,,1,2,1,1.0,3.0
201000028296,0010-08-14 22:20:00,10,8,14,22,20,310,555,"15, BD DE BONREPOS",,,Nuit avec éclairage allumé,En agglomération,Hors intersection,Normale,Autre collision,,,,,,,,,,,5,2,1,1.0,6.0
201000028297,0010-08-13 23:20:00,10,8,13,23,20,310,555,"1, RTE DE SEYSSES",,,Nuit avec éclairage allumé,En agglomération,Hors intersection,Normale,Sans collision,,,,,,,,,,,5,2,1,1.0,7.0
201000028298,0010-08-19 02:40:00,10,8,19,2,40,310,555,"999, RUE GEORGES VEDEL",,,Nuit avec éclairage allumé,En agglomération,Hors intersection,Normale,Sans collision,,,,,,,,,,,5,2,1,1.0,7.0
201000028299,0010-08-19 07:50:00,10,8,19,7,50,310,555,VA007331 A620,,,Plein jour,En agglomération,Hors intersection,Temps éblouissant,Sans collision,,,,,,,,,,,1,2,1,7.0,7.0
201000028300,0010-08-20 17:45:00,10,8,20,17,45,310,555,"92 bis, ALL DE BARCELONE",,,Plein jour,En agglomération,Hors intersection,Normale,Trois véhicules et plus - en chaîne,,,,,,,,,,,1,2,1,1.0,4.0
201000028301,0010-08-23 14:10:00,10,8,23,14,10,310,555,"999, AV DES ETATS UNIS",,,Plein jour,En agglomération,Hors intersection,Normale,Sans collision,,,,,,,,,,,1,2,1,1.0,7.0
201000028302,0010-08-24 15:30:00,10,8,24,15,30,310,555,BD LAZARE CARNOT,,,Plein jour,En agglomération,Intersection en T,Normale,Deux véhicules - côté,,,,,,,,,,,1,2,3,1.0,3.0
201000028303,0010-08-25 06:45:00,10,8,25,6,45,310,555,"999, RPT PIERRE BOURTHOU",,,Crépuscule ou aube,En agglomération,Giratoire,Normale,Deux véhicules - frontale,,,,,,,,,,,2,2,6,1.0,1.0
201000028304,0010-08-25 17:50:00,10,8,25,17,50,310,555,"999, AV DES ETATS UNIS",,,Plein jour,En agglomération,Giratoire,Pluie légère,Trois véhicules et plus - en chaîne,,,,,,,,,,,1,2,6,2.0,4.0
201000028305,0010-08-28 02:25:00,10,8,28,2,25,310,555,"110, QU DE TOUNIS",,,Nuit avec éclairage allumé,En agglomération,Hors intersection,Normale,Autre collision,,,,,,,,,,,5,2,1,1.0,6.0
201000028306,0010-08-28 04:55:00,10,8,28,4,55,310,555,"95, RUE DE LA COLOMBETTE",,,Nuit avec éclairage allumé,En agglomération,Hors intersection,Normale,Autre collision,,,,,,,,,,,5,2,1,1.0,6.0
201000028307,0010-08-31 17:45:00,10,8,31,17,45,310,555,"18, AV PAUL SEJOURNE",,,Plein jour,En agglomération,Hors intersection,Normale,Trois véhicules et plus - en chaîne,,,,,,,,,,,1,2,1,1.0,4.0
201000028308,0010-09-01 15:15:00,10,9,1,15,15,310,555,"999, AV DE GRANDE BRETAG",,,Plein jour,En agglomération,Hors intersection,Normale,Deux véhicules - côté,,,,,,,,,,,1,2,1,1.0,3.0
201000028309,0010-09-02 00:40:00,10,9,2,0,40,310,555,"19, BD DES MINIMES",,,Nuit avec éclairage allumé,En agglomération,Hors intersection,Normale,Autre collision,,,,,,,,,,,5,2,1,1.0,6.0
201000028310,0010-09-02 17:25:00,10,9,2,17,25,310,555,"63, RTE D ALBI",,,Plein jour,En agglomération,Hors intersection,Normale,Deux véhicules - côté,,,,,,,,,,,1,2,1,1.0,3.0
201000028311,0010-09-04 01:20:00,10,9,4,1,20,310,555,"999, PL DU CAPITOLE",,,Nuit avec éclairage allumé,En agglomération,Hors intersection,Normale,Autre collision,,,,,,,,,,,5,2,1,1.0,6.0
201000028312,0010-09-05 03:50:00,10,9,5,3,50,310,555,VA007622 RANGUEIL A620 S,,,Nuit avec éclairage allumé,Hors agglomération,Hors intersection,Pluie légère,Deux véhicules - frontale,,,,,,,,,,,5,1,1,2.0,1.0
201000028313,0010-09-05 04:30:00,10,9,5,4,30,310,555,"53, BD DE STRASBOURG",,,Nuit avec éclairage allumé,En agglomération,Hors intersection,Normale,Deux véhicules - arrière,,,,,,,,,,,5,2,1,1.0,2.0
201000028314,0010-09-05 16:25:00,10,9,5,16,25,310,555,"999, BD MATABIAU",,,Plein jour,En agglomération,Hors intersection,Normale,Deux véhicules - côté,,,,,,,,,,,1,2,1,1.0,3.0
201000028315,0010-08-29 18:50:00,10,8,29,18,50,310,555,BD DES RECOLLETS/BD DELA,43.5844,1.44784,Plein jour,En agglomération,Intersection en X,Normale,Deux véhicules - côté,,,,,,,,,,,1,2,2,1.0,3.0
201000028316,0010-09-06 10:27:00,10,9,6,10,27,310,555,"999, ALL DE GUYENNE",,,Plein jour,En agglomération,Hors intersection,Normale,Autre collision,,,,,,,,,,,1,2,1,1.0,6.0
201000028317,0010-09-07 08:10:00,10,9,7,8,10,310,555,"999, AV JULES JULIEN",,,Plein jour,En agglomération,Intersection en T,Normale,Deux véhicules - côté,,,,,,,,,,,1,2,3,1.0,3.0
201000028318,0010-09-07 18:20:00,10,9,7,18,20,310,555,"999, AV HONORE SERRES",,,Plein jour,En agglomération,Hors intersection,Normale,Autre collision,,,,,,,,,,,1,2,1,1.0,6.0
201000028319,0010-09-08 08:10:00,10,9,8,8,10,310,555,"47, AV DE RANGUEIL",,,Plein jour,En agglomération,Hors intersection,Normale,Autre collision,,,,,,,,,,,1,2,1,1.0,6.0
201000028320,0010-09-08 10:02:00,10,9,8,10,2,310,555,"999, BD GRIFFOUL DORVAL",,,Plein jour,En agglomération,Intersection en T,Normale,Deux véhicules - côté,,,,,,,,,,,1,2,3,1.0,3.0
201000028321,0010-09-08 14:40:00,10,9,8,14,40,310,555,VA007323 BORDELONGUE A64,,,Plein jour,Hors agglomération,Hors intersection,Normale,Deux véhicules - côté,,,,,,,,,,,1,1,1,1.0,3.0
201000028322,0010-09-06 17:00:00,10,9,6,17,0,310,555,"999, RTE DE NARBONNE",,,Plein jour,En agglomération,Intersection en T,Normale,Deux véhicules - côté,,,,,,,,,,,1,2,3,1.0,3.0
201000028323,0010-09-09 16:40:00,10,9,9,16,40,310,555,"115, RTE D ALBI",,,Plein jour,En agglomération,Intersection en T,Temps couvert,Deux véhicules - côté,,,,,,,,,,,1,2,3,8.0,3.0
201000028324,0010-09-09 17:55:00,10,9,9,17,55,310,555,VA007333 LA FAOURETTE A6,,,Plein jour,Hors agglomération,Hors intersection,Normale,Trois véhicules et plus - en chaîne,,,,,,,,,,,1,1,1,1.0,4.0
201000028325,0010-09-10 21:15:00,10,9,10,21,15,310,555,"999, CHE DE CROIX BENITE",,,Nuit avec éclairage allumé,En agglomération,Intersection en X,Normale,Deux véhicules - côté,,,,,,,,,,,5,2,2,1.0,3.0
201000028326,0010-09-10 08:55:00,10,9,10,8,55,310,555,"46, CHE DE LA FLAMBERE",,,Plein jour,En agglomération,Hors intersection,Normale,Deux véhicules - arrière,,,,,,,,,,,1,2,1,1.0,2.0
201000028327,0010-09-10 09:30:00,10,9,10,9,30,310,555,"999, AV DE LARDENNE",,,Plein jour,En agglomération,Hors intersection,Normale,Deux véhicules - arrière,,,,,,,,,,,1,2,1,1.0,2.0
201000028328,0010-09-13 12:45:00,10,9,13,12,45,310,555,"106, BD SILVIO TRENTIN",,,Plein jour,En agglomération,Hors intersection,Normale,Trois véhicules et plus - en chaîne,,,,,,,,,,,1,2,1,1.0,4.0
201000028329,0010-09-14 09:30:00,10,9,14,9,30,310,555,VA007500 CROIX DAURADE A,,,Plein jour,Hors agglomération,Hors intersection,Normale,Deux véhicules - côté,,,,,,,,,,,1,1,1,1.0,3.0
201000028330,0010-09-14 17:40:00,10,9,14,17,40,310,555,"64, ALL DE BELLEFONTAINE",,,Plein jour,En agglomération,Hors intersection,Normale,Autre collision,,,,,,,,,,,1,2,1,1.0,6.0
201000028331,0010-09-14 17:30:00,10,9,14,17,30,310,555,"999, BD ANDRE NETWILLER",,,Plein jour,En agglomération,Giratoire,Normale,Deux véhicules - côté,,,,,,,,,,,1,2,6,1.0,3.0
201000028332,0010-09-14 19:10:00,10,9,14,19,10,310,555,"999, BD PIERRE SEMARD",,,Plein jour,En agglomération,Hors intersection,Normale,Deux véhicules - côté,,,,,,,,,,,1,2,1,1.0,3.0
201000028333,0010-09-15 18:00:00,10,9,15,18,0,310,555,"., AV RAYMOND NAVES",,,Plein jour,En agglomération,Intersection en X,Normale,Autre collision,,,,,,,,,,,1,2,2,1.0,6.0
201000028334,0010-09-16 17:20:00,10,9,16,17,20,310,555,"999, BD DEODAT DE SEVERA",,,Plein jour,En agglomération,Intersection en X,Normale,Deux véhicules - côté,,,,,,,,,,,1,2,2,1.0,3.0
201000028335,0010-09-16 20:00:00,10,9,16,20,0,310,555,VA007440 LES MINIMES A62,,,Nuit avec éclairage allumé,Hors agglomération,Hors intersection,Normale,Deux véhicules - côté,,,,,,,,,,,5,1,1,1.0,3.0
201000028336,0010-09-16 21:50:00,10,9,16,21,50,310,555,VA007307 FRANCAZAL A64 S,,,Nuit avec éclairage allumé,Hors agglomération,Hors intersection,Normale,Autre collision,,,,,,,,,,,5,1,1,1.0,6.0
201000028337,0010-09-17 19:45:00,10,9,17,19,45,310,555,"80, AV DE GRANDE BRETAGN",,,Plein jour,En agglomération,Hors intersection,Normale,Deux véhicules - frontale,,,,,,,,,,,1,2,1,1.0,1.0
201000028338,0010-09-18 02:25:00,10,9,18,2,25,310,555,"999, RUE DU POLE",,,Nuit avec éclairage allumé,En agglomération,Autre intersection,Normale,Deux véhicules - frontale,,,,,,,,,,,5,2,9,1.0,1.0
201000028339,0010-09-18 02:30:00,10,9,18,2,30,310,555,"999, AV DES ETATS UNIS",,,Nuit avec éclairage allumé,En agglomération,Hors intersection,Normale,Sans collision,,,,,,,,,,,5,2,1,1.0,7.0
201000028340,0010-09-19 20:00:00,10,9,19,20,0,310,555,VA007306 A64,,,Crépuscule ou aube,En agglomération,Hors intersection,Normale,Trois véhicules et plus - en chaîne,,,,,,,,,,,2,2,1,1.0,4.0
201000028341,0010-09-20 09:00:00,10,9,20,9,0,310,555,"31, AV CAMILLE PUJOL",,,Plein jour,En agglomération,Hors intersection,Normale,Deux véhicules - côté,,,,,,,,,,,1,2,1,1.0,3.0
201000028342,0010-09-20 21:50:00,10,9,20,21,50,310,555,"999, GRANDE RUE SAINT MI",,,Nuit avec éclairage allumé,En agglomération,Hors intersection,Normale,Deux véhicules - frontale,,,,,,,,,,,5,2,1,1.0,1.0
201000028343,0010-09-21 18:04:00,10,9,21,18,4,310,555,"68, RUE SAINT ROCH",,,Plein jour,En agglomération,Hors intersection,Normale,Deux véhicules - frontale,,,,,,,,,,,1,2,1,1.0,1.0
201000028344,0010-09-22 10:50:00,10,9,22,10,50,310,555,"142, AV JEAN CHAUBET",,,Plein jour,En agglomération,Hors intersection,Normale,Deux véhicules - côté,,,,,,,,,,,1,2,1,1.0,3.0
201000028345,0010-09-22 11:50:00,10,9,22,11,50,310,555,"33, RUE DE REMUSAT",,,Plein jour,En agglomération,Hors intersection,Normale,Deux véhicules - côté,,,,,,,,,,,1,2,1,1.0,3.0
201000028346,0010-09-22 23:00:00,10,9,22,23,0,310,555,"999, BD LAZARE CARNOT",,,Nuit avec éclairage allumé,En agglomération,Hors intersection,Normale,Deux véhicules - côté,,,,,,,,,,,5,2,1,1.0,3.0
201000028347,0010-09-23 20:25:00,10,9,23,20,25,310,555,"9, BD ARMAND DUPORTAL",,,Nuit avec éclairage allumé,En agglomération,Hors intersection,Normale,Autre collision,,,,,,,,,,,5,2,1,1.0,6.0
201000028348,0010-09-23 18:23:00,10,9,23,18,23,310,555,VA007331 A620,,,Plein jour,En agglomération,Hors intersection,Normale,Deux véhicules - arrière,,,,,,,,,,,1,2,1,1.0,2.0
201000028349,0010-09-23 09:53:00,10,9,23,9,53,310,555,"999, AV DE CASSELARDIT",,,Plein jour,En agglomération,Hors intersection,Normale,Sans collision,,,,,,,,,,,1,2,1,1.0,7.0
201000028350,0010-09-27 17:25:00,10,9,27,17,25,310,555,"999, RTE D ESPAGNE",,,Nuit avec éclairage allumé,En agglomération,Hors intersection,Normale,Deux véhicules - arrière,,,,,,,,,,,5,2,1,1.0,2.0
201000028351,0010-09-28 07:30:00,10,9,28,7,30,310,555,"999, CHE COTES DE PECH D",,,Nuit avec éclairage allumé,En agglomération,Hors intersection,Normale,Deux véhicules - côté,,,,,,,,,,,5,2,1,1.0,3.0
201000028352,0010-09-29 01:40:00,10,9,29,1,40,310,555,"999, ALL DU PR CAMILLE S",,,Nuit avec éclairage allumé,En agglomération,Hors intersection,Normale,Autre collision,,,,,,,,,,,5,2,1,1.0,6.0
201000028353,0010-09-29 15:11:00,10,9,29,15,11,310,555,"., AV DE REYNERIE",,,Plein jour,En agglomération,Hors intersection,Normale,Sans collision,,,,,,,,,,,1,2,1,1.0,7.0
201000028354,0010-10-03 13:00:00,10,10,3,13,0,310,555,RUE DU PONT SAINT P,43.5989,1.43238,Plein jour,En agglomération,Intersection en X,Normale,Deux véhicules - côté,,,,,,,,,,,1,2,2,1.0,3.0
201000028355,0010-10-04 15:00:00,10,10,4,15,0,310,555,", AV DE LARDENNE",,,Plein jour,En agglomération,Hors intersection,Normale,Autre collision,,,,,,,,,,,1,2,1,1.0,6.0
201000028356,0010-10-04 16:30:00,10,10,4,16,30,310,555,"46, RUE MAURICE BECANNE",,,Plein jour,En agglomération,Intersection en T,Normale,Deux véhicules - côté,,,,,,,,,,,1,2,3,1.0,3.0
201000028357,0010-10-05 08:45:00,10,10,5,8,45,310,555,"123, RUE DE CUGNAUX",,,Plein jour,En agglomération,Hors intersection,Normale,Autre collision,,,,,,,,,,,1,2,1,1.0,6.0
201000028358,0010-10-05 18:15:00,10,10,5,18,15,310,555,"190, RTE DE LAUNAGUET",,,Plein jour,En agglomération,Intersection en T,Normale,Deux véhicules - côté,,,,,,,,,,,1,2,3,1.0,3.0
201000028359,0010-10-05 19:50:00,10,10,5,19,50,310,555,VA007331 A620,,,Crépuscule ou aube,En agglomération,Hors intersection,Normale,Deux véhicules - arrière,,,,,,,,,,,2,2,1,1.0,2.0
201000028360,0010-10-06 03:00:00,10,10,6,3,0,310,555,"., RUE CASTELLANE",,,Nuit avec éclairage allumé,Hors agglomération,Hors intersection,Normale,Autre collision,,,,,,,,,,,5,1,1,1.0,6.0
201000028361,0010-10-06 10:55:00,10,10,6,10,55,310,555,"999, ALL CHARLES DE FITT",,,Plein jour,En agglomération,Intersection en T,Normale,Autre collision,,,,,,,,,,,1,2,3,1.0,6.0
201000028362,0010-10-06 17:12:00,10,10,6,17,12,310,555,"102, ALL DE BARCELONE",,,Plein jour,En agglomération,Hors intersection,Normale,Deux véhicules - côté,,,,,,,,,,,1,2,1,1.0,3.0
201000028363,0010-10-06 17:30:00,10,10,6,17,30,310,555,VA007331 A620,,,Plein jour,En agglomération,Hors intersection,Normale,Trois véhicules et plus - en chaîne,,,,,,,,,,,1,2,1,1.0,4.0
201000028364,0010-10-06 17:40:00,10,10,6,17,40,310,555,"42, CHE DES IZARDS",,,Plein jour,En agglomération,Hors intersection,Normale,Autre collision,,,,,,,,,,,1,2,1,1.0,6.0
201000028365,0010-10-03 14:45:00,10,10,3,14,45,310,555,"999, AV DU GENERAL DE MO",,,Plein jour,En agglomération,Hors intersection,Normale,Deux véhicules - frontale,,,,,,,,,,,1,2,1,1.0,1.0
201000028366,0010-10-06 17:50:00,10,10,6,17,50,310,555,"7, DE PRESSENCE (Francis",,,Plein jour,En agglomération,Hors intersection,Normale,Autre collision,,,,,,,,,,,1,2,1,1.0,6.0
201000028367,0010-10-06 18:10:00,10,10,6,18,10,310,555,", ALL DE L EGLISE BONNEF",,,Plein jour,En agglomération,Hors intersection,Normale,Autre collision,,,,,,,,,,,1,2,1,1.0,6.0
201000028368,0010-10-05 19:50:00,10,10,5,19,50,310,555,"62, AV DE LARDENNE",,,Nuit avec éclairage allumé,En agglomération,Hors intersection,Normale,Deux véhicules - arrière,,,,,,,,,,,5,2,1,1.0,2.0
201000028369,0010-10-07 06:45:00,10,10,7,6,45,310,555,"121, RUE LOUIS PLANA",,,Nuit avec éclairage allumé,En agglomération,Hors intersection,Normale,Deux véhicules - arrière,,,,,,,,,,,5,2,1,1.0,2.0
201000028370,0010-10-10 20:15:00,10,10,10,20,15,310,555,"351, AV DES ETATS UNIS",,,Nuit avec éclairage allumé,En agglomération,Hors intersection,Pluie forte,Deux véhicules - arrière,,,,,,,,,,,5,2,1,3.0,2.0
201000028371,0010-10-08 08:10:00,10,10,8,8,10,310,555,VA007440 LES MINIMES A62,,,Plein jour,Hors agglomération,Hors intersection,Normale,Trois véhicules et plus - collisions multiples,,,,,,,,,,,1,1,1,1.0,5.0
201000028372,0010-10-08 08:00:00,10,10,8,8,0,310,555,"999, BD DES MINIMES",,,Plein jour,En agglomération,Hors intersection,Normale,Deux véhicules - côté,,,,,,,,,,,1,2,1,1.0,3.0
201000028373,0010-10-08 18:50:00,10,10,8,18,50,310,555,"65, CHE DE LA SALADE PON",,,Nuit avec éclairage allumé,En agglomération,Hors intersection,Normale,Deux véhicules - côté,,,,,,,,,,,5,2,1,1.0,3.0
201000028374,0010-10-06 15:55:00,10,10,6,15,55,310,555,VA007554 LASBORDES A61 S,,,Plein jour,Hors agglomération,Hors intersection,Normale,Deux véhicules - côté,,,,,,,,,,,1,1,1,1.0,3.0
201000028375,0010-10-07 08:45:00,10,10,7,8,45,310,555,"999, RUE PAUL BERNIES",,,Plein jour,En agglomération,Hors intersection,Normale,Deux véhicules - côté,,,,,,,,,,,1,2,1,1.0,3.0