accident_id,datetime,annee,mois,jour,heure,minute,departement,commune_insee,adresse,latitude,longitude,luminosite,agglomeration,intersection,meteo,collision,nb_vehicules,nb_usagers,nb_indemnes,nb_tues,nb_blesses_hosp,nb_blesses_legers,age_cond_1,age_cond_2,veh_type_cond_1,veh_type_cond_2,lum_code,agg_code,int_code,atm_code,col_code
201000028376,0010-10-13 07:35:00,10,10,13,7,35,310,555,VA007313 LE CHAPITRE A64,43.5518,1.40753,Crépuscule ou aube,Hors agglomération,Hors intersection,Normale,Trois véhicules et plus - collisions multiples,,,,,,,,,,,2,1,1,1.0,5.0
201000028377,0010-10-13 16:30:00,10,10,13,16,30,310,555,"999, BD LAZARE CARNOT",,,Plein jour,En agglomération,Hors intersection,Normale,Deux véhicules - côté,,,,,,,,,,,1,2,1,1.0,3.0
201000028378,0010-10-13 12:25:00,10,10,13,12,25,310,555,"88, RTE D ALBI",,,Plein jour,En agglomération,Hors intersection,Normale,Deux véhicules - côté,,,,,,,,,,,1,2,1,1.0,3.0
201000028379,0010-10-13 18:10:00,10,10,13,18,10,310,555,"66, BD DE STRASBOURG",,,Nuit avec éclairage allumé,En agglomération,Hors intersection,Normale,Deux véhicules - côté,,,,,,,,,,,5,2,1,1.0,3.0
201000028380,0010-10-14 08:10:00,10,10,14,8,10,310,555,VA007331 A620,,,Plein jour,En agglomération,Hors intersection,Normale,Deux véhicules - côté,,,,,,,,,,,1,2,1,1.0,3.0
201000028381,0010-10-14 09:00:00,10,10,14,9,0,310,555,"999, PORT SAINT ETIENNE",,,Plein jour,En agglomération,Hors intersection,Normale,Autre collision,,,,,,,,,,,1,2,1,1.0,6.0
201000028382,0010-10-15 17:25:00,10,10,15,17,25,310,555,"999, CHE DE NICOL",,,Plein jour,En agglomération,Hors intersection,Normale,Autre collision,,,,,,,,,,,1,2,1,1.0,6.0
201000028383,0010-10-15 13:50:00,10,10,15,13,50,310,555,"69, BD LAZARE CARNOT",,,Plein jour,En agglomération,Hors intersection,Normale,Deux véhicules - arrière,,,,,,,,,,,1,2,1,1.0,2.0
201000028384,0010-10-15 14:35:00,10,10,15,14,35,310,555,"., CHE DE DUROUX",,,Plein jour,En agglomération,Hors intersection,Normale,Deux véhicules - frontale,,,,,,,,,,,1,2,1,1.0,1.0
201000028385,0010-10-15 18:05:00,10,10,15,18,5,310,555,"999, RTE DE SAINT SIMON",,,Plein jour,En agglomération,Hors intersection,Normale,Deux véhicules - côté,,,,,,,,,,,1,2,1,1.0,3.0
201000028386,0010-10-16 02:20:00,10,10,16,2,20,310,555,"327, RTE DE SEYSSES",,,Nuit avec éclairage allumé,En agglomération,Hors intersection,Normale,Sans collision,,,,,,,,,,,5,2,1,1.0,7.0
201000028387,0010-10-16 07:45:00,10,10,16,7,45,310,555,VA007342 LA CEPIERE  A62,,,Plein jour,Hors agglomération,Hors intersection,Normale,Deux véhicules - côté,,,,,,,,,,,1,1,1,1.0,3.0
201000028388,0010-10-16 09:40:00,10,10,16,9,40,310,555,"999, ALL CHARLES DE FITT",,,Plein jour,En agglomération,Hors intersection,Normale,Autre collision,,,,,,,,,,,1,2,1,1.0,6.0
201000028389,0010-10-18 17:00:00,10,10,18,17,0,310,555,"120, AV FREDERIC ESTEBE",,,Plein jour,En agglomération,Hors intersection,Normale,Deux véhicules - arrière,,,,,,,,,,,1,2,1,1.0,2.0
201000028390,0010-10-12 19:50:00,10,10,12,19,50,310,555,"230, RTE DE REVEL",,,Nuit avec éclairage allumé,En agglomération,Hors intersection,Normale,Deux véhicules - côté,,,,,,,,,,,5,2,1,1.0,3.0
201000028391,0010-10-18 20:50:00,10,10,18,20,50,310,555,"999, ALL CHARLES DE FITT",,,Nuit avec éclairage allumé,En agglomération,Intersection en X,Normale,Sans collision,,,,,,,,,,,5,2,2,1.0,7.0
201000028392,0010-10-19 07:40:00,10,10,19,7,40,310,555,VA007539 LA ROSERAIE A61,,,Plein jour,Hors agglomération,Hors intersection,Normale,Trois véhicules et plus - en chaîne,,,,,,,,,,,1,1,1,1.0,4.0
201000028393,0010-10-19 18:30:00,10,10,19,18,30,310,555,"23, GRANDE RUE SAINT MIC",,,Nuit avec éclairage allumé,En agglomération,Hors intersection,Normale,Autre collision,,,,,,,,,,,5,2,1,1.0,6.0
201000028394,0010-10-19 08:05:00,10,10,19,8,5,310,555,"68, RUE SAINT ROCH",,,Crépuscule ou aube,En agglomération,Hors intersection,Normale,Deux véhicules - côté,,,,,,,,,,,2,2,1,1.0,3.0
201000028395,0010-10-19 19:40:00,10,10,19,19,40,310,555,"., BD PIERRE ET MARIE CU",,,Plein jour,En agglomération,Hors intersection,Normale,Deux véhicules - côté,,,,,,,,,,,1,2,1,1.0,3.0
201000028396,0010-10-14 17:30:00,10,10,14,17,30,310,555,"., RUE DE CUGNAUX",,,Plein jour,En agglomération,Autre intersection,Normale,Deux véhicules - frontale,,,,,,,,,,,1,2,9,1.0,1.0
201000028397,0010-10-20 08:50:00,10,10,20,8,50,310,555,"999, RTE DE SAINT SIMON",,,Plein jour,En agglomération,Intersection en T,Pluie légère,Deux véhicules - côté,,,,,,,,,,,1,2,3,2.0,3.0
201000028398,0010-10-20 10:50:00,10,10,20,10,50,310,555,"99, RUE LOUIS PLANA",,,Plein jour,En agglomération,Hors intersection,Pluie légère,Autre collision,,,,,,,,,,,1,2,1,2.0,6.0
201000028399,0010-10-20 18:00:00,10,10,20,18,0,310,555,"999, AV DE LARDENNE",,,Nuit avec éclairage allumé,En agglomération,Intersection en T,Normale,Deux véhicules - côté,,,,,,,,,,,5,2,3,1.0,3.0
201000028400,0010-10-21 04:25:00,10,10,21,4,25,310,555,"344, AV DE LARDENNE",,,Nuit avec éclairage allumé,En agglomération,Hors intersection,Normale,Sans collision,,,,,,,,,,,5,2,1,1.0,7.0
201000028401,0010-10-21 17:15:00,10,10,21,17,15,310,555,VA007566 MONTAUDRAN A61,,,Plein jour,Hors agglomération,Hors intersection,Normale,Deux véhicules - arrière,,,,,,,,,,,1,1,1,1.0,2.0
201000028402,0010-10-22 12:30:00,10,10,22,12,30,310,555,"97, AV ALBERT BEDOUCE",,,Plein jour,En agglomération,Hors intersection,Normale,Autre collision,,,,,,,,,,,1,2,1,1.0,6.0
201000028403,0010-10-23 21:14:00,10,10,23,21,14,310,555,VA007355 PURPAN A620 Sor,,,Nuit avec éclairage allumé,Hors agglomération,Hors intersection,Normale,Autre collision,,,,,,,,,,,5,1,1,1.0,6.0
201000028404,0010-10-22 11:30:00,10,10,22,11,30,310,555,"21, AV ETIENNE BILLIERES",,,Plein jour,En agglomération,Hors intersection,Normale,Deux véhicules - côté,,,,,,,,,,,1,2,1,1.0,3.0
201000028405,0010-10-22 17:24:00,10,10,22,17,24,310,555,"., RTE DE LAUNAGUET",,,Plein jour,En agglomération,Hors intersection,Normale,Deux véhicules - arrière,,,,,,,,,,,1,2,1,1.0,2.0
201000028406,0010-10-22 21:40:00,10,10,22,21,40,310,555,"29, RUE DES VOSGES",,,Nuit avec éclairage allumé,En agglomération,Hors intersection,Normale,Autre collision,,,,,,,,,,,5,2,1,1.0,6.0
201000028407,0010-10-23 18:40:00,10,10,23,18,40,310,555,"9999, CHE DE LA GLACIERE",,,Crépuscule ou aube,En agglomération,Hors intersection,Normale,Sans collision,,,,,,,,,,,2,2,1,1.0,7.0
201000028408,0010-10-24 03:20:00,10,10,24,3,20,310,555,VA007306 A64,,,Nuit avec éclairage allumé,Hors agglomération,Hors intersection,Normale,Autre collision,,,,,,,,,,,5,1,1,1.0,6.0
201000028409,0010-10-24 13:20:00,10,10,24,13,20,310,555,VA006964,,,Plein jour,Hors agglomération,Hors intersection,Pluie légère,Sans collision,,,,,,,,,,,1,1,1,2.0,7.0
201000028410,0010-10-24 19:30:00,10,10,24,19,30,310,555,"999, RUE DE BAYARD",,,Crépuscule ou aube,En agglomération,Hors intersection,Pluie légère,Deux véhicules - côté,,,,,,,,,,,2,2,1,2.0,3.0
201000028411,0010-10-15 19:30:00,10,10,15,19,30,310,555,"999, PONT SAINT MICHEL",,,Nuit avec éclairage allumé,En agglomération,Hors intersection,Normale,Deux véhicules - arrière,,,,,,,,,,,5,2,1,1.0,2.0
201000028412,0010-10-25 23:00:00,10,10,25,23,0,310,555,"., VA001490 A621",,,Nuit avec éclairage allumé,En agglomération,Hors intersection,Normale,Deux véhicules - frontale,,,,,,,,,,,5,2,1,1.0,1.0
201000028413,0010-10-26 07:00:00,10,10,26,7,0,310,555,"184, RTE DE REVEL",,,Nuit avec éclairage allumé,En agglomération,Hors intersection,Normale,Deux véhicules - côté,,,,,,,,,,,5,2,1,1.0,3.0
201000028414,0010-10-26 11:30:00,10,10,26,11,30,310,555,"999, BD DES RECOLLETS",,,Plein jour,En agglomération,Intersection en X,Normale,Autre collision,,,,,,,,,,,1,2,2,1.0,6.0
201000028415,0010-10-28 04:40:00,10,10,28,4,40,310,555,"999, ALL DE BARCELONE",,,Nuit avec éclairage allumé,En agglomération,Intersection en T,Normale,Deux véhicules - côté,,,,,,,,,,,5,2,3,1.0,3.0
201000028416,0010-10-29 16:20:00,10,10,29,16,20,310,555,"999, AV DES ETATS UNIS",,,Plein jour,En agglomération,Hors intersection,Normale,Deux véhicules - côté,,,,,,,,,,,1,2,1,1.0,3.0
201000028417,0010-10-30 14:15:00,10,10,30,14,15,310,555,"., AV YVES BRUNAUD",,,Plein jour,En agglomération,Hors intersection,Normale,Deux véhicules - arrière,,,,,,,,,,,1,2,1,1.0,2.0
201000028418,0010-10-30 17:10:00,10,10,30,17,10,310,555,"257, AV DE CASTRES",,,Plein jour,En agglomération,Hors intersection,Normale,Trois véhicules et plus - en chaîne,,,,,,,,,,,1,2,1,1.0,4.0
201000028419,0010-10-30 22:20:00,10,10,30,22,20,310,555,"39, AV JEAN CHAUBET",,,Nuit avec éclairage allumé,En agglomération,Hors intersection,Normale,Deux véhicules - côté,,,,,,,,,,,5,2,1,1.0,3.0
201000028420,0010-10-31 12:40:00,10,10,31,12,40,310,555,"62, AV DE LOMBEZ",,,Plein jour,En agglomération,Hors intersection,Normale,Deux véhicules - côté,,,,,,,,,,,1,2,1,1.0,3.0
201000028421,0010-10-31 22:15:00,10,10,31,22,15,310,555,VA007355 PURPAN A620 Sor,,,Nuit avec éclairage allumé,Hors agglomération,Hors intersection,Pluie légère,Autre collision,,,,,,,,,,,5,1,1,2.0,6.0
201000028422,0010-11-01 01:35:00,10,11,1,1,35,310,555,"999, RUE DU FAUBOURG BON",,,Nuit avec éclairage allumé,En agglomération,Hors intersection,Normale,Autre collision,,,,,,,,,,,5,2,1,1.0,6.0
201000028423,0010-11-01 08:50:00,10,11,1,8,50,310,555,VA007418 PONT JUMEAUX A6,,,Plein jour,Hors agglomération,Hors intersection,Pluie légère,Trois véhicules et plus - collisions multiples,,,,,,,,,,,1,1,1,2.0,5.0
201000028424,0010-11-02 09:00:00,10,11,2,9,0,310,555,"999, AV FREDERIC ESTEBE",,,Plein jour,En agglomération,Hors intersection,Normale,Deux véhicules - côté,,,,,,,,,,,1,2,1,1.0,3.0
201000028425,0010-11-02 11:40:00,10,11,2,11,40,310,555,"25, RUE DU REMPART MATAB",,,Plein jour,En agglomération,Hors intersection,Normale,Autre collision,,,,,,,,,,,1,2,1,1.0,6.0
201000028426,0010-11-02 15:20:00,10,11,2,15,20,310,555,"294, AV DE FRONTON",,,Plein jour,En agglomération,Hors intersection,Normale,Deux véhicules - arrière,,,,,,,,,,,1,2,1,1.0,2.0
201000028427,0010-11-03 03:00:00,10,11,3,3,0,310,555,"97, AV DE CASSELARDIT",,,Nuit avec éclairage allumé,En agglomération,Hors intersection,Normale,Autre collision,,,,,,,,,,,5,2,1,1.0,6.0
201000028428,0010-11-04 17:30:00,10,11,4,17,30,310,555,"999, BD DES MINIMES",,,Nuit avec éclairage allumé,En agglomération,Intersection en T,Normale,Deux véhicules - côté,,,,,,,,,,,5,2,3,1.0,3.0
201000028429,0010-11-04 19:00:00,10,11,4,19,0,310,555,VA007539 LA ROSERAIE A61,,,Nuit avec éclairage allumé,Hors agglomération,Hors intersection,Normale,Trois véhicules et plus - collisions multiples,,,,,,,,,,,5,1,1,1.0,5.0
201000028430,0010-11-04 20:45:00,10,11,4,20,45,310,555,"., PONT NEUF",,,Nuit avec éclairage allumé,En agglomération,Hors intersection,Normale,Deux véhicules - côté,,,,,,,,,,,5,2,1,1.0,3.0
201000028431,0010-10-30 11:10:00,10,10,30,11,10,310,555,"31, RUE DE LA FAOURETTE",,,Plein jour,En agglomération,Hors intersection,Normale,Deux véhicules - frontale,,,,,,,,,,,1,2,1,1.0,1.0
201000028432,0010-11-05 18:05:00,10,11,5,18,5,310,555,"., AV DE BIARRITZ",,,Nuit avec éclairage allumé,En agglomération,Intersection en T,Normale,Deux véhicules - côté,,,,,,,,,,,5,2,3,1.0,3.0
201000028433,0010-11-06 03:00:00,10,11,6,3,0,310,555,VA007331 A620,,,Nuit avec éclairage allumé,Hors agglomération,Hors intersection,Normale,Deux véhicules - côté,,,,,,,,,,,5,1,1,1.0,3.0
201000028434,0010-11-06 05:50:00,10,11,6,5,50,310,555,"275, AV DE LARDENNE",,,Plein jour,En agglomération,Hors intersection,Normale,Sans collision,,,,,,,,,,,1,2,1,1.0,7.0
201000028435,0010-11-08 08:45:00,10,11,8,8,45,310,555,", RTE D ESPAGNE",,,Plein jour,En agglomération,Hors intersection,Pluie légère,Deux véhicules - frontale,,,,,,,,,,,1,2,1,2.0,1.0
201000028436,0010-11-08 10:36:00,10,11,8,10,36,310,555,"26, BD LAZARE CARNOT",,,Plein jour,En agglomération,Hors intersection,Pluie légère,Autre collision,,,,,,,,,,,1,2,1,2.0,6.0
201000028437,0010-11-08 16:15:00,10,11,8,16,15,310,555,VA007331 A620,,,Plein jour,En agglomération,Hors intersection,Pluie forte,Sans collision,,,,,,,,,,,1,2,1,3.0,7.0
201000028438,0010-11-08 19:30:00,10,11,8,19,30,310,555,"101, RTE DE LABEGE",,,Nuit avec éclairage allumé,En agglomération,Hors intersection,Pluie légère,Autre collision,,,,,,,,,,,5,2,1,2.0,6.0
201000028439,0010-11-05 07:50:00,10,11,5,7,50,310,555,VA007473 A62,,,Plein jour,En agglomération,Hors intersection,Normale,Trois véhicules et plus - collisions multiples,,,,,,,,,,,1,2,1,1.0,5.0
201000028440,0010-11-12 09:00:00,10,11,12,9,0,310,555,"60, RTE DE SAINT SIMON",,,Plein jour,En agglomération,Hors intersection,Normale,Deux véhicules - côté,,,,,,,,,,,1,2,1,1.0,3.0
201000028441,0010-11-11 03:15:00,10,11,11,3,15,310,555,"25, AV DE LARDENNE",,,Nuit avec éclairage allumé,En agglomération,Hors intersection,Normale,Sans collision,,,,,,,,,,,5,2,1,1.0,7.0
201000028442,0010-11-11 22:00:00,10,11,11,22,0,310,555,"999, BD DEODAT DE SEVERA",,,Nuit avec éclairage allumé,En agglomération,Intersection en X,Normale,Deux véhicules - arrière,,,,,,,,,,,5,2,2,1.0,2.0
201000028443,0010-11-12 08:20:00,10,11,12,8,20,310,555,"999, RTE DE NARBONNE",,,Plein jour,En agglomération,Intersection en T,Pluie légère,Deux véhicules - côté,,,,,,,,,,,1,2,3,2.0,3.0
201000028444,0010-11-12 12:15:00,10,11,12,12,15,310,555,"64, RUE DU FAUBOURG BONN",,,Plein jour,En agglomération,Hors intersection,Normale,Autre collision,,,,,,,,,,,1,2,1,1.0,6.0
201000028445,0010-11-15 15:35:00,10,11,15,15,35,310,555,"999, RUE GASTON CAILLAVE",,,Plein jour,En agglomération,Intersection en T,Normale,Deux véhicules - côté,,,,,,,,,,,1,2,3,1.0,3.0
201000028446,0010-11-16 07:50:00,10,11,16,7,50,310,555,"93, RUE LOUIS PLANA",,,Plein jour,En agglomération,Hors intersection,Normale,Autre collision,,,,,,,,,,,1,2,1,1.0,6.0
201000028447,0010-11-16 11:47:00,10,11,16,11,47,310,555,"100, ALL DE BARCELONE",,,Plein jour,En agglomération,Hors intersection,Normale,Autre collision,,,,,,,,,,,1,2,1,1.0,6.0
201000028448,0010-11-16 17:37:00,10,11,16,17,37,310,555,VA007331 A620,,,Crépuscule ou aube,En agglomération,Hors intersection,Normale,Deux véhicules - arrière,,,,,,,,,,,2,2,1,1.0,2.0
201000028449,0010-11-17 18:20:00,10,11,17,18,20,310,555,"999, IMP NEGRENEYS",,,Nuit avec éclairage allumé,En agglomération,Intersection en T,Pluie légère,Deux véhicules - côté,,,,,,,,,,,5,2,3,2.0,3.0
201000028450,0010-11-17 21:00:00,10,11,17,21,0,310,555,"999, RUE ARAGO",,,Nuit avec éclairage allumé,En agglomération,Intersection en T,Pluie légère,Deux véhicules - côté,,,,,,,,,,,5,2,3,2.0,3.0
201000028451,0010-11-18 16:20:00,10,11,18,16,20,310,555,"11, GRANDE RUE SAINT MIC",,,Plein jour,En agglomération,Hors intersection,Normale,Autre collision,,,,,,,,,,,1,2,1,1.0,6.0
201000028452,0010-11-18 18:50:00,10,11,18,18,50,310,555,"., AV JEAN RIEUX",,,Nuit avec éclairage allumé,En agglomération,Intersection en T,Normale,Autre collision,,,,,,,,,,,5,2,3,1.0,6.0
201000028453,0010-11-18 06:25:00,10,11,18,6,25,310,555,VA007331 A620,,,Nuit avec éclairage allumé,Hors agglomération,Hors intersection,Normale,Trois véhicules et plus - collisions multiples,,,,,,,,,,,5,1,1,1.0,5.0
201000028454,0010-11-18 12:45:00,10,11,18,12,45,310,555,"99, ALL CHARLES DE FITTE",,,Plein jour,En agglomération,Intersection en T,Normale,Deux véhicules - arrière,,,,,,,,,,,1,2,3,1.0,2.0
201000028455,0010-11-20 01:10:00,10,11,20,1,10,310,555,"999, ALL DU PR CAMILLE S",,,Nuit avec éclairage allumé,En agglomération,Hors intersection,Normale,Autre collision,,,,,,,,,,,5,2,1,1.0,6.0
201000028456,0010-11-20 16:20:00,10,11,20,16,20,310,555,"999, RD PT JJ LAFFONT",,,Plein jour,En agglomération,Hors intersection,Normale,Autre collision,,,,,,,,,,,1,2,1,1.0,6.0
201000028457,0010-11-20 20:30:00,10,11,20,20,30,310,555,"999, RUE DU RHONE",,,Nuit avec éclairage allumé,En agglomération,Hors intersection,Normale,Autre collision,,,,,,,,,,,5,2,1,1.0,6.0
201000028458,0010-11-21 06:16:00,10,11,21,6,16,310,555,"225, RTE D ALBI",,,Nuit avec éclairage allumé,En agglomération,Hors intersection,Normale,Deux véhicules - côté,,,,,,,,,,,5,2,1,1.0,3.0
201000028459,0010-11-22 04:25:00,10,11,22,4,25,310,555,"999, ROND POINT JUSTIN B",,,Nuit avec éclairage allumé,En agglomération,Hors intersection,Pluie légère,Autre collision,,,,,,,,,,,5,2,1,2.0,6.0
201000028460,0010-11-22 07:55:00,10,11,22,7,55,310,555,"15, AV DU COLONEL ROCHE",,,Plein jour,En agglomération,Hors intersection,Normale,Deux véhicules - frontale,,,,,,,,,,,1,2,1,1.0,1.0
201000028461,0010-11-22 15:15:00,10,11,22,15,15,310,555,"999, AV LOUIS BAZERQUE",,,Plein jour,En agglomération,Hors intersection,Normale,Deux véhicules - arrière,,,,,,,,,,,1,2,1,1.0,2.0
201000028462,0010-11-23 17:30:00,10,11,23,17,30,310,555,VA007554 LASBORDES A61 S,,,Plein jour,Hors agglomération,Hors intersection,Normale,Deux véhicules - côté,,,,,,,,,,,1,1,1,1.0,3.0
201000028463,0010-11-23 19:30:00,10,11,23,19,30,310,555,VA002611,,,Nuit avec éclairage allumé,En agglomération,Hors intersection,Normale,Trois véhicules et plus - collisions multiples,,,,,,,,,,,5,2,1,1.0,5.0
201000028464,0010-11-24 13:00:00,10,11,24,13,0,310,555,"., RUE DU PONT GUILHEMER",,,Plein jour,En agglomération,Hors intersection,Normale,Deux véhicules - côté,,,,,,,,,,,1,2,1,1.0,3.0
201000028465,0010-11-25 20:20:00,10,11,25,20,20,310,555,VA002611,,,Nuit avec éclairage allumé,Hors agglomération,Hors intersection,Normale,Deux véhicules - côté,,,,,,,,,,,5,1,1,1.0,3.0
201000028466,0010-11-26 07:20:00,10,11,26,7,20,310,555,VA007306 A64,,,Nuit avec éclairage allumé,Hors agglomération,Hors intersection,Normale,Deux véhicules - arrière,,,,,,,,,,,5,1,1,1.0,2.0
201000028467,0010-11-27 03:30:00,10,11,27,3,30,310,555,"999, BD DE STRASBOURG",,,Nuit avec éclairage allumé,En agglomération,Hors intersection,Normale,Autre collision,,,,,,,,,,,5,2,1,1.0,6.0
201000028468,0010-11-23 18:50:00,10,11,23,18,50,310,555,"10, ALL DE BELLEFONTAINE",,,Nuit avec éclairage allumé,En agglomération,Hors intersection,Normale,Deux véhicules - arrière,,,,,,,,,,,5,2,1,1.0,2.0
201000028469,0010-11-26 13:00:00,10,11,26,13,0,310,555,"29, BD DE STRASBOURG",,,Plein jour,En agglomération,Hors intersection,Normale,Deux véhicules - arrière,,,,,,,,,,,1,2,1,1.0,2.0
201000028470,0010-11-26 21:06:00,10,11,26,21,6,310,555,"., PONT SAINT MICHEL",,,Nuit avec éclairage allumé,En agglomération,Hors intersection,Normale,Autre collision,,,,,,,,,,,5,2,1,1.0,6.0
201000028471,0010-11-26 21:10:00,10,11,26,21,10,310,555,"., RTE DE LAUNAGUET",,,Nuit avec éclairage allumé,En agglomération,Hors intersection,Normale,Deux véhicules - côté,,,,,,,,,,,5,2,1,1.0,3.0
201000028472,0010-11-28 20:50:00,10,11,28,20,50,310,555,"., R-PT DES FRANCAIS LIB",,,Plein jour,En agglomération,Giratoire,Normale,Deux véhicules - côté,,,,,,,,,,,1,2,6,1.0,3.0
201000028473,0010-11-29 06:40:00,10,11,29,6,40,310,555,VA007386 Fil Ariane A621,,,Nuit avec éclairage allumé,Hors agglomération,Hors intersection,Normale,Deux véhicules - arrière,,,,,,,,,,,5,1,1,1.0,2.0
201000028474,0010-11-29 08:25:00,10,11,29,8,25,310,555,"999, RUE DU FAUBOURG BON",,,Plein jour,En agglomération,Intersection en X,Normale,Deux véhicules - frontale,,,,,,,,,,,1,2,2,1.0,1.0
201000028475,0010-11-29 17:50:00,10,11,29,17,50,310,555,VA007644 EMPALOT A620 So,,,Nuit avec éclairage allumé,Hors agglomération,Hors intersection,Normale,Deux véhicules - côté,,,,,,,,,,,5,1,1,1.0,3.0
201000028476,0010-11-29 19:52:00,10,11,29,19,52,310,555,"., AV PAUL SEJOURNE",,,Nuit avec éclairage allumé,En agglomération,Hors intersection,Normale,Deux véhicules - frontale,,,,,,,,,,,5,2,1,1.0,1.0
201000028477,0010-12-01 10:15:00,10,12,1,10,15,310,555,"., CHE DES SILOS",,,Plein jour,En agglomération,Hors intersection,Normale,Deux véhicules - côté,,,,,,,,,,,1,2,1,1.0,3.0
201000028478,0010-12-01 13:10:00,10,12,1,13,10,310,555,"., RUE JACQUES GAMELIN",,,Plein jour,En agglomération,Giratoire,Normale,Deux véhicules - côté,,,,,,,,,,,1,2,6,1.0,3.0
201000028479,0010-12-01 19:39:00,10,12,1,19,39,310,555,"999, AV DU GENERAL EISEN",,,Nuit avec éclairage allumé,En agglomération,Intersection en X,Normale,Deux véhicules - frontale,,,,,,,,,,,5,2,2,1.0,1.0
201000028480,0010-12-02 18:35:00,10,12,2,18,35,310,555,"3, CHE DES ETROITS",,,Nuit avec éclairage allumé,En agglomération,Hors intersection,Normale,Deux véhicules - côté,,,,,,,,,,,5,2,1,1.0,3.0
201000028481,0010-12-02 19:10:00,10,12,2,19,10,310,555,VA001490 A621,,,Nuit avec éclairage allumé,En agglomération,Hors intersection,Normale,Trois véhicules et plus - en chaîne,,,,,,,,,,,5,2,1,1.0,4.0
201000028482,0010-12-03 11:40:00,10,12,3,11,40,310,555,"999, AV DE LA GLOIRE",,,Plein jour,En agglomération,Hors intersection,Normale,Deux véhicules - côté,,,,,,,,,,,1,2,1,1.0,3.0
201000028483,0010-12-03 19:20:00,10,12,3,19,20,310,555,AV DE LATTRE DE TASSIGNY,,,Nuit avec éclairage allumé,En agglomération,Hors intersection,Normale,Deux véhicules - arrière,,,,,,,,,,,5,2,1,1.0,2.0
201000028484,0010-12-04 15:40:00,10,12,4,15,40,310,555,"145, RUE HENRI DESBALS",,,Plein jour,En agglomération,Hors intersection,Normale,Autre collision,,,,,,,,,,,1,2,1,1.0,6.0
201000028485,0010-12-04 04:25:00,10,12,4,4,25,310,555,"999, AV DES ETATS UNIS",,,Nuit avec éclairage allumé,En agglomération,Hors intersection,Normale,Deux véhicules - côté,,,,,,,,,,,5,2,1,1.0,3.0
201000028486,0010-12-04 20:45:00,10,12,4,20,45,310,555,AV DE LATTRE DE TASSIGNY,,,Nuit avec éclairage allumé,En agglomération,Hors intersection,Normale,Deux véhicules - côté,,,,,,,,,,,5,2,1,1.0,3.0
201000028487,0010-12-05 15:15:00,10,12,5,15,15,310,555,"43, CHE MICHOUN",,,Plein jour,En agglomération,Hors intersection,Normale,Deux véhicules - côté,,,,,,,,,,,1,2,1,1.0,3.0
201000028488,0010-12-06 15:40:00,10,12,6,15,40,310,555,VA007553 A61,,,Plein jour,Hors agglomération,Hors intersection,Normale,Deux véhicules - côté,,,,,,,,,,,1,1,1,1.0,3.0
201000028489,0010-12-06 11:12:00,10,12,6,11,12,310,555,"999, rue vernes (jules)",,,Plein jour,En agglomération,Hors intersection,Normale,Autre collision,,,,,,,,,,,1,2,1,1.0,6.0
201000028490,0010-12-06 18:00:00,10,12,6,18,0,310,555,VA001490 A621,,,Nuit avec éclairage allumé,Hors agglomération,Hors intersection,Normale,Deux véhicules - arrière,,,,,,,,,,,5,1,1,1.0,2.0
201000028491,0010-12-06 18:20:00,10,12,6,18,20,310,555,"37, BD DE THIBAUD",,,Nuit avec éclairage allumé,En agglomération,Hors intersection,Normale,Autre collision,,,,,,,,,,,5,2,1,1.0,6.0
201000028492,0010-12-06 20:00:00,10,12,6,20,0,310,555,VA007518 A68,,,Nuit avec éclairage allumé,Hors agglomération,Hors intersection,Normale,Deux véhicules - arrière,,,,,,,,,,,5,1,1,1.0,2.0
201000028493,0010-12-07 08:40:00,10,12,7,8,40,310,555,"999, RUE DE L ABBE NAUDI",,,Plein jour,En agglomération,Intersection en T,Normale,Autre collision,,,,,,,,,,,1,2,3,1.0,6.0
201000028494,0010-12-08 07:30:00,10,12,8,7,30,310,555,"999, RUE DU PR JOSEPH AN",,,Nuit avec éclairage allumé,En agglomération,Hors intersection,Normale,Autre collision,,,,,,,,,,,5,2,1,1.0,6.0
201000028495,0010-12-08 10:45:00,10,12,8,10,45,310,555,"999, ALL FREDERIC MISTRA",,,Plein jour,En agglomération,Hors intersection,Normale,Deux véhicules - côté,,,,,,,,,,,1,2,1,1.0,3.0
201000028496,0010-12-08 15:00:00,10,12,8,15,0,310,555,"999, RUE ROLAND GARROS",,,Plein jour,En agglomération,Hors intersection,Normale,Deux véhicules - côté,,,,,,,,,,,1,2,1,1.0,3.0
201000028497,0010-12-06 17:40:00,10,12,6,17,40,310,555,"., RUE PAUL VERLAINE",,,Crépuscule ou aube,En agglomération,Hors intersection,Normale,Autre collision,,,,,,,,,,,2,2,1,1.0,6.0
201000028498,0010-12-10 18:43:00,10,12,10,18,43,310,555,"xxx, RUE LOUIS BONIN",,,Nuit avec éclairage allumé,Hors agglomération,Hors intersection,Normale,Autre collision,,,,,,,,,,,5,1,1,1.0,6.0
201000028499,0010-12-10 09:00:00,10,12,10,9,0,310,555,VA007331 A620,,,Plein jour,Hors agglomération,Hors intersection,Normale,Sans collision,,,,,,,,,,,1,1,1,1.0,7.0