accident_id,datetime,annee,mois,jour,heure,minute,departement,commune_insee,adresse,latitude,longitude,luminosite,agglomeration,intersection,meteo,collision,nb_vehicules,nb_usagers,nb_indemnes,nb_tues,nb_blesses_hosp,nb_blesses_legers,age_cond_1,age_cond_2,veh_type_cond_1,veh_type_cond_2,lum_code,agg_code,int_code,atm_code,col_code
201000028500,0010-12-13 18:30:00,10,12,13,18,30,310,555,"999, BD DE STRASBOURG",,,Nuit avec éclairage allumé,En agglomération,Intersection en X,Normale,Deux véhicules - frontale,,,,,,,,,,,5,2,2,1.0,1.0
201000028501,0010-12-10 18:40:00,10,12,10,18,40,310,555,VA007313 LE CHAPITRE A64,,,Nuit avec éclairage allumé,Hors agglomération,Hors intersection,Normale,Deux véhicules - arrière,,,,,,,,,,,5,1,1,1.0,2.0
201000028502,0010-12-11 06:50:00,10,12,11,6,50,310,555,"999, RUE DU POLE",,,Nuit avec éclairage allumé,En agglomération,Intersection en Y,Normale,Deux véhicules - côté,,,,,,,,,,,5,2,4,1.0,3.0
201000028503,0010-12-11 15:50:00,10,12,11,15,50,310,555,"170, RUE DE PERIOLE",,,Plein jour,En agglomération,Hors intersection,Normale,Deux véhicules - côté,,,,,,,,,,,1,2,1,1.0,3.0
201000028504,0010-12-11 21:55:00,10,12,11,21,55,310,555,VA007379 BAYLAC  A624 So,,,Nuit avec éclairage allumé,Hors agglomération,Hors intersection,Normale,Deux véhicules - arrière,,,,,,,,,,,5,1,1,1.0,2.0
201000028505,0010-12-12 00:45:00,10,12,12,0,45,310,555,"., BD DU MARECHAL JUIN",,,Nuit avec éclairage non allumé,En agglomération,Hors intersection,Normale,Deux véhicules - frontale,,,,,,,,,,,4,2,1,1.0,1.0
201000028506,0010-12-12 20:50:00,10,12,12,20,50,310,555,"999, RTE D ALBI",,,Nuit avec éclairage allumé,En agglomération,Hors intersection,Normale,Deux véhicules - côté,,,,,,,,,,,5,2,1,1.0,3.0
201000028507,0010-12-13 15:55:00,10,12,13,15,55,310,555,"41, CHE DES ETROITS",,,Plein jour,En agglomération,Hors intersection,Normale,Deux véhicules - arrière,,,,,,,,,,,1,2,1,1.0,2.0
201000028508,0010-12-13 17:45:00,10,12,13,17,45,310,555,"71, RUE PARGAMINIERES",,,Nuit avec éclairage allumé,En agglomération,Hors intersection,Normale,Autre collision,,,,,,,,,,,5,2,1,1.0,6.0
201000028509,0010-12-13 18:14:00,10,12,13,18,14,310,555,"104, RUE DE CUGNAUX",,,Nuit avec éclairage allumé,En agglomération,Hors intersection,Normale,Autre collision,,,,,,,,,,,5,2,1,1.0,6.0
201000028510,0010-12-14 07:50:00,10,12,14,7,50,310,555,"., AV LOUIS ARISTE PASSE",,,Plein jour,Hors agglomération,Giratoire,Normale,Deux véhicules - côté,,,,,,,,,,,1,1,6,1.0,3.0
201000028511,0010-12-14 08:45:00,10,12,14,8,45,310,555,"20, RUE LE DORMEUR",,,Plein jour,En agglomération,Hors intersection,Normale,Autre collision,,,,,,,,,,,1,2,1,1.0,6.0
201000028512,0010-12-14 09:10:00,10,12,14,9,10,310,555,"135, RTE D AGDE",,,Plein jour,En agglomération,Hors intersection,Normale,Autre collision,,,,,,,,,,,1,2,1,1.0,6.0
201000028513,0010-12-15 00:45:00,10,12,15,0,45,310,555,"104, QU DE TOUNIS",,,Nuit avec éclairage allumé,En agglomération,Hors intersection,Normale,Autre collision,,,,,,,,,,,5,2,1,1.0,6.0
201000028514,0010-12-15 08:30:00,10,12,15,8,30,310,555,VA007313 LE CHAPITRE A64,,,Plein jour,Hors agglomération,Hors intersection,Normale,Deux véhicules - arrière,,,,,,,,,,,1,1,1,1.0,2.0
201000028515,0010-12-15 12:20:00,10,12,15,12,20,310,555,"999, Rd Pt Firmin Pons",,,Plein jour,En agglomération,Hors intersection,Normale,Deux véhicules - côté,,,,,,,,,,,1,2,1,1.0,3.0
201000028516,0010-12-15 21:10:00,10,12,15,21,10,310,555,"., AV DU GENERAL EISENHO",,,Nuit avec éclairage allumé,En agglomération,Hors intersection,Normale,Autre collision,,,,,,,,,,,5,2,1,1.0,6.0
201000028517,0010-12-16 21:55:00,10,12,16,21,55,310,555,"87, AV DE LOMBEZ",,,Nuit avec éclairage allumé,En agglomération,Hors intersection,Normale,Autre collision,,,,,,,,,,,5,2,1,1.0,6.0
201000028518,0010-12-17 17:40:00,10,12,17,17,40,310,555,VA007418 PONT JUMEAUX A6,,,Nuit avec éclairage allumé,Hors agglomération,Hors intersection,Normale,Trois véhicules et plus - collisions multiples,,,,,,,,,,,5,1,1,1.0,5.0
201000028519,0010-12-17 14:00:00,10,12,17,14,0,310,555,"334, RTE DE SAINT SIMON",,,Plein jour,En agglomération,Hors intersection,Normale,Deux véhicules - arrière,,,,,,,,,,,1,2,1,1.0,2.0
201000028520,0010-12-17 15:15:00,10,12,17,15,15,310,555,"78, RTE DE NARBONNE",,,Plein jour,En agglomération,Hors intersection,Normale,Deux véhicules - frontale,,,,,,,,,,,1,2,1,1.0,1.0
201000028521,0010-12-17 16:45:00,10,12,17,16,45,310,555,"20, RTE DE REVEL",,,Plein jour,En agglomération,Hors intersection,Normale,Autre collision,,,,,,,,,,,1,2,1,1.0,6.0
201000028522,0010-12-17 19:15:00,10,12,17,19,15,310,555,"999, RUE DU BEARNAIS",,,Nuit avec éclairage allumé,En agglomération,Hors intersection,Normale,Deux véhicules - côté,,,,,,,,,,,5,2,1,1.0,3.0
201000028523,0010-12-18 12:45:00,10,12,18,12,45,310,555,"999, BD LAZARE CARNOT",,,Plein jour,En agglomération,Hors intersection,Normale,Deux véhicules - côté,,,,,,,,,,,1,2,1,1.0,3.0
201000028524,0010-12-19 05:40:00,10,12,19,5,40,310,555,VA007418 PONT JUMEAUX A6,,,Nuit avec éclairage allumé,En agglomération,Hors intersection,Normale,Sans collision,,,,,,,,,,,5,2,1,1.0,7.0
201000028525,0010-12-19 08:35:00,10,12,19,8,35,310,555,"999, CHE DES CANALETS",,,Plein jour,En agglomération,Hors intersection,Normale,Deux véhicules - frontale,,,,,,,,,,,1,2,1,1.0,1.0
201000028526,0010-12-19 18:15:00,10,12,19,18,15,310,555,"18, AV DES ETATS UNIS",,,Nuit avec éclairage allumé,En agglomération,Hors intersection,Normale,Sans collision,,,,,,,,,,,5,2,1,1.0,7.0
201000028527,0010-12-19 21:15:00,10,12,19,21,15,310,555,"118, RTE DE NARBONNE",,,Nuit avec éclairage allumé,En agglomération,Hors intersection,Normale,Deux véhicules - arrière,,,,,,,,,,,5,2,1,1.0,2.0
201000028528,0010-12-20 10:20:00,10,12,20,10,20,310,555,"36, AV M BOURGES MAUNOUR",,,Plein jour,En agglomération,Hors intersection,Normale,Autre collision,,,,,,,,,,,1,2,1,1.0,6.0
201000028529,0010-12-21 14:10:00,10,12,21,14,10,310,555,"999, RUE DE LA NIEVRE",,,Plein jour,En agglomération,Intersection en X,Normale,Deux véhicules - côté,,,,,,,,,,,1,2,2,1.0,3.0
201000028530,0010-12-22 14:15:00,10,12,22,14,15,310,555,"999, RTE D ESPAGNE",,,Plein jour,En agglomération,Intersection en T,Normale,Trois véhicules et plus - en chaîne,,,,,,,,,,,1,2,3,1.0,4.0
201000028531,0010-12-23 17:40:00,10,12,23,17,40,310,555,"., AV DE REYNERIE",,,Nuit avec éclairage allumé,En agglomération,Hors intersection,Pluie légère,Autre collision,,,,,,,,,,,5,2,1,2.0,6.0
201000028532,0010-12-24 04:50:00,10,12,24,4,50,310,555,"83, AV DES ETATS UNIS",,,Nuit avec éclairage allumé,En agglomération,Hors intersection,Neige / grêle,Autre collision,,,,,,,,,,,5,2,1,4.0,6.0
201000028533,0010-12-24 10:00:00,10,12,24,10,0,310,555,"999, AV HENRI BARBUSSE",,,Plein jour,En agglomération,Hors intersection,Normale,Autre collision,,,,,,,,,,,1,2,1,1.0,6.0
201000028534,0010-12-27 13:30:00,10,12,27,13,30,310,555,"999, RTE DE REVEL",,,Plein jour,En agglomération,Hors intersection,Normale,Deux véhicules - arrière,,,,,,,,,,,1,2,1,1.0,2.0
201000028535,0010-12-28 17:25:00,10,12,28,17,25,310,555,"4, BD DE STRASBOURG",,,Plein jour,En agglomération,Hors intersection,Normale,Deux véhicules - côté,,,,,,,,,,,1,2,1,1.0,3.0
201000028536,0010-12-28 14:50:00,10,12,28,14,50,310,555,", RUE DE GRASSE",,,Plein jour,En agglomération,Intersection en T,Normale,Autre collision,,,,,,,,,,,1,2,3,1.0,6.0
201000028537,0010-12-29 12:33:00,10,12,29,12,33,310,555,"999, ALL DE BELLEFONTAIN",,,Plein jour,En agglomération,Hors intersection,Normale,Autre collision,,,,,,,,,,,1,2,1,1.0,6.0
201000028538,0010-12-30 06:30:00,10,12,30,6,30,310,555,VA007355 PURPAN A620 Sor,,,Nuit avec éclairage allumé,Hors agglomération,Hors intersection,Normale,Trois véhicules et plus - collisions multiples,,,,,,,,,,,5,1,1,1.0,5.0
201000028539,0010-01-17 13:30:00,10,1,17,13,30,310,557,"178, RAMELET MOUNDI (CH",,,Plein jour,En agglomération,Hors intersection,Normale,Deux véhicules - côté,,,,,,,,,,,1,2,1,1.0,3.0
201000028540,0010-01-18 15:10:00,10,1,18,15,10,310,557,"5, GOUDOULI (RUE)",,,Plein jour,En agglomération,Hors intersection,Normale,Sans collision,,,,,,,,,,,1,2,1,1.0,7.0
201000028541,0010-01-21 11:15:00,10,1,21,11,15,310,557,"67, DOUMERGUE (RUE GASTO",,,Plein jour,En agglomération,Hors intersection,Temps couvert,Autre collision,,,,,,,,,,,1,2,1,8.0,6.0
201000028542,0010-01-22 08:15:00,10,1,22,8,15,310,557,"., MARQUISAT (AV DU)",,,Plein jour,En agglomération,Hors intersection,Normale,Deux véhicules - côté,,,,,,,,,,,1,2,1,1.0,3.0
201000028543,0010-03-17 08:30:00,10,3,17,8,30,310,557,"1, COUDRIERS (RUE DES)",43.58616,3.45699,Plein jour,En agglomération,Intersection en T,Normale,Deux véhicules - côté,,,,,,,,,,,1,2,3,1.0,3.0
201000028544,0010-03-18 23:45:00,10,3,18,23,45,310,557,"33, CHANDELIER (CH DU)",,,Nuit sans éclairage public,Hors agglomération,Hors intersection,Normale,Sans collision,,,,,,,,,,,3,1,1,1.0,7.0
201000028545,0010-04-05 16:00:00,10,4,5,16,0,310,557,"84, TARBES (ROUTE DE)",,,Plein jour,En agglomération,Hors intersection,Normale,Deux véhicules - arrière,,,,,,,,,,,1,2,1,1.0,2.0
201000028546,0010-04-16 19:55:00,10,4,16,19,55,310,557,"., GAY (BD JEAN)",,,Crépuscule ou aube,En agglomération,Giratoire,Normale,Deux véhicules - côté,,,,,,,,,,,2,2,6,1.0,3.0
201000028547,0010-04-29 08:00:00,10,4,29,8,0,310,557,"., ROITELETS (RUE DES)",,,Plein jour,En agglomération,Autre intersection,Normale,Deux véhicules - côté,,,,,,,,,,,1,2,9,1.0,3.0
201000028548,0010-05-19 07:20:00,10,5,19,7,20,310,557,"., LARRAMET (CH DE)",,,Plein jour,En agglomération,Intersection en T,Normale,Deux véhicules - côté,,,,,,,,,,,1,2,3,1.0,3.0
201000028549,0010-06-06 00:20:00,10,6,6,0,20,310,557,"15, AURIOL (BD VINCENT)",,,Nuit avec éclairage allumé,En agglomération,Giratoire,Normale,Sans collision,,,,,,,,,,,5,2,6,1.0,7.0
201000028550,0010-07-13 08:30:00,10,7,13,8,30,310,557,"120, ST PIERRE (CH)",,,Plein jour,En agglomération,Intersection en T,Normale,Deux véhicules - arrière,,,,,,,,,,,1,2,3,1.0,2.0
201000028551,0010-07-28 17:30:00,10,7,28,17,30,310,557,"., ST PIERRE (CH)",,,Plein jour,En agglomération,Intersection en Y,Normale,Deux véhicules - arrière,,,,,,,,,,,1,2,4,1.0,2.0
201000028552,0010-07-29 10:20:00,10,7,29,10,20,310,557,CHANDELIER (CH DU),,,Plein jour,Hors agglomération,Hors intersection,Normale,Autre collision,,,,,,,,,,,1,1,1,1.0,6.0
201000028553,0010-07-31 09:00:00,10,7,31,9,0,310,557,"49, DOUMERGUE (RUE GASTO",,,Plein jour,En agglomération,Giratoire,Normale,Deux véhicules - côté,,,,,,,,,,,1,2,6,1.0,3.0
201000028554,0010-08-15 00:40:00,10,8,15,0,40,310,557,LECLERC (AV DU MARECHAL),,,Nuit avec éclairage allumé,En agglomération,Intersection en T,Normale,Deux véhicules - côté,,,,,,,,,,,5,2,3,1.0,3.0
201000028555,0010-09-07 08:40:00,10,9,7,8,40,310,557,"3 bis, AURIOL (BD VINCEN",,,Plein jour,En agglomération,Hors intersection,Normale,Deux véhicules - côté,,,,,,,,,,,1,2,1,1.0,3.0
201000028556,0010-09-23 16:23:00,10,9,23,16,23,310,557,"126, TARBES (ROUTE DE)",,,Plein jour,Hors agglomération,Hors intersection,Normale,Deux véhicules - frontale,,,,,,,,,,,1,1,1,1.0,1.0
201000028557,0010-09-23 20:45:00,10,9,23,20,45,310,557,"., TARBES (ROUTE DE)",,,Nuit sans éclairage public,Hors agglomération,Intersection en T,Normale,Deux véhicules - côté,,,,,,,,,,,3,1,3,1.0,3.0
201000028558,0010-09-26 10:40:00,10,9,26,10,40,310,557,"., TARBES (ROUTE DE)",,,Plein jour,En agglomération,Hors intersection,Normale,Deux véhicules - côté,,,,,,,,,,,1,2,1,1.0,3.0
201000028559,0010-09-27 08:45:00,10,9,27,8,45,310,557,"38, AURIOL (BD VINCENT)",,,Plein jour,En agglomération,Hors intersection,Normale,Deux véhicules - côté,,,,,,,,,,,1,2,1,1.0,3.0
201000028560,0010-10-05 07:35:00,10,10,5,7,35,310,557,"13, TARBES (ROUTE DE)",,,Plein jour,Hors agglomération,Intersection en T,Normale,Deux véhicules - côté,,,,,,,,,,,1,1,3,1.0,3.0
201000028561,0010-10-06 09:00:00,10,10,6,9,0,310,557,"89, MONTEL (BD EUGENE)",,,Plein jour,En agglomération,Hors intersection,Normale,Autre collision,,,,,,,,,,,1,2,1,1.0,6.0
201000028562,0010-10-26 19:20:00,10,10,26,19,20,310,557,"., DE GAULLE (AV DU GENE",,,Nuit avec éclairage allumé,En agglomération,Hors intersection,Normale,Deux véhicules - arrière,,,,,,,,,,,5,2,1,1.0,2.0
201000028563,0010-10-27 08:30:00,10,10,27,8,30,310,557,"15, AURIOL (BD VINCENT)",,,Plein jour,En agglomération,Hors intersection,Normale,Deux véhicules - côté,,,,,,,,,,,1,2,1,1.0,3.0
201000028564,0010-11-18 15:05:00,10,11,18,15,5,310,557,"20, LARRAMET (CH DE)",,,Plein jour,Hors agglomération,Hors intersection,Normale,Deux véhicules - côté,,,,,,,,,,,1,1,1,1.0,3.0
201000028565,0010-11-25 14:55:00,10,11,25,14,55,310,557,DE GAULLE (AV DU GENERAL,,,Plein jour,En agglomération,Giratoire,Pluie forte,Deux véhicules - frontale,,,,,,,,,,,1,2,6,3.0,1.0
201000028566,0010-12-19 20:20:00,10,12,19,20,20,310,557,"., AURIOL (BD VINCENT)",,,Nuit avec éclairage allumé,En agglomération,Giratoire,Normale,Deux véhicules - côté,,,,,,,,,,,5,2,6,1.0,3.0
201000028567,0010-12-26 10:20:00,10,12,26,10,20,310,557,"67, DOUMERGUE (RUE GASTO",,,Plein jour,En agglomération,Hors intersection,Normale,Autre collision,,,,,,,,,,,1,2,1,1.0,6.0
201000028568,0010-01-16 13:00:00,10,1,16,13,0,320,13,CORPS FRANC POMMIES (AVE,43.6307,0.58106,Plein jour,En agglomération,Hors intersection,Normale,Deux véhicules - arrière,,,,,,,,,,,1,2,1,1.0,2.0
201000028569,0010-02-19 14:05:00,10,2,19,14,5,320,13,ROCADE (RN 124 OUEST),43.6624,0.5969,Plein jour,Hors agglomération,Hors intersection,Normale,Trois véhicules et plus - collisions multiples,,,,,,,,,,,1,1,1,1.0,5.0
201000028570,0010-03-06 15:03:00,10,3,6,15,3,320,13,GAOUERE (CHEMIN DE),43.6377,0.5795,Plein jour,Hors agglomération,Hors intersection,Normale,Sans collision,,,,,,,,,,,1,1,1,1.0,7.0
201000028571,0010-03-08 20:05:00,10,3,8,20,5,320,13,VIC (ROUTE DE),43.6526,0.54905,Nuit sans éclairage public,Hors agglomération,Hors intersection,Neige / grêle,Sans collision,,,,,,,,,,,3,1,1,4.0,7.0
201000028572,0010-03-08 21:45:00,10,3,8,21,45,320,13,ROCADE (RN 124 OUEST),43.6625,0.59698,Nuit sans éclairage public,Hors agglomération,Hors intersection,Brouillard / fumée,Sans collision,,,,,,,,,,,3,1,1,5.0,7.0
201000028573,0010-04-16 12:20:00,10,4,16,12,20,320,13,"86, MARNE (AVENUE DE LA)",43.6485,0.59385,Plein jour,En agglomération,Hors intersection,Normale,Deux véhicules - côté,,,,,,,,,,,1,2,1,1.0,3.0
201000028574,0010-05-12 17:00:00,10,5,12,17,0,320,13,DOCTEUR SAMALENS,43.6494,0.57945,Plein jour,En agglomération,Intersection en T,Temps couvert,Autre collision,,,,,,,,,,,1,2,3,8.0,6.0
201000028575,0010-05-28 10:25:00,10,5,28,10,25,320,13,TOULOUSE (ROUTE DE),43.6499,0.59875,Plein jour,En agglomération,Hors intersection,Normale,Deux véhicules - arrière,,,,,,,,,,,1,2,1,1.0,2.0
201000028576,0010-05-29 15:35:00,10,5,29,15,35,320,13,"20, PYRENEES (AVENUE DES",43.6369,0.58381,Plein jour,En agglomération,Hors intersection,Normale,Sans collision,,,,,,,,,,,1,2,1,1.0,7.0
201000028577,0010-05-29 18:30:00,10,5,29,18,30,320,13,SADI-CARNOT (BOULEVARD),43.6416,0.58606,Plein jour,En agglomération,Intersection en T,Normale,Sans collision,,,,,,,,,,,1,2,3,1.0,7.0
201000028578,0010-05-30 15:15:00,10,5,30,15,15,320,13,HUIT MAI (N°19),43.6518,0.58989,Plein jour,En agglomération,Hors intersection,Normale,Sans collision,,,,,,,,,,,1,2,1,1.0,7.0
201000028579,0010-06-05 15:45:00,10,6,5,15,45,320,13,BARRAN (ROUTE DE),43.6519,0.53097,Plein jour,Hors agglomération,Hors intersection,Normale,Trois véhicules et plus - en chaîne,,,,,,,,,,,1,1,1,1.0,4.0
201000028580,0010-06-25 15:30:00,10,6,25,15,30,320,13,"48, HUIT MAI",43.6565,0.59139,Plein jour,En agglomération,Hors intersection,Normale,Deux véhicules - côté,,,,,,,,,,,1,2,1,1.0,3.0
201000028581,0010-07-20 17:35:00,10,7,20,17,35,320,13,HOCHE (AVENUE),43.6471,0.58983,Plein jour,En agglomération,Hors intersection,Normale,Sans collision,,,,,,,,,,,1,2,1,1.0,7.0
201000028582,0010-07-23 12:05:00,10,7,23,12,5,320,13,BARRAN (ROUTE DE),43.6535,0.5368,Plein jour,Hors agglomération,Hors intersection,Normale,Deux véhicules - frontale,,,,,,,,,,,1,1,1,1.0,1.0
201000028583,0010-11-30 17:13:00,10,11,30,17,13,320,13,AV DE L'YSER,43.6484,0.59285,Plein jour,En agglomération,Hors intersection,Normale,Deux véhicules - côté,,,,,,,,,,,1,2,1,1.0,3.0
201000028584,0010-08-30 16:00:00,10,8,30,16,0,320,13,"7, ANDRE CAYATTE (RUE)",43.635,0.60215,Plein jour,Hors agglomération,Hors intersection,Normale,Sans collision,,,,,,,,,,,1,1,1,1.0,7.0
201000028585,0010-09-23 14:15:00,10,9,23,14,15,320,13,TOULOUSE (ROUTE DE),43.6497,0.59806,Plein jour,En agglomération,Intersection en T,Normale,Deux véhicules - côté,,,,,,,,,,,1,2,3,1.0,3.0
201000028586,0010-10-01 11:10:00,10,10,1,11,10,320,13,ROCADE (RN 124 EST),43.6624,0.59651,Plein jour,Hors agglomération,Hors intersection,Normale,Deux véhicules - côté,,,,,,,,,,,1,1,1,1.0,3.0
201000028587,0010-10-11 09:28:00,10,10,11,9,28,320,13,VIC (ROUTE DE),43.6618,0.53441,Plein jour,Hors agglomération,Hors intersection,Pluie forte,Deux véhicules - frontale,,,,,,,,,,,1,1,1,3.0,1.0
201000028588,0010-10-25 03:30:00,10,10,25,3,30,320,13,AGEN (ROUTE D'),43.6549,0.59615,Nuit avec éclairage allumé,En agglomération,Hors intersection,Pluie légère,Deux véhicules - côté,,,,,,,,,,,5,2,1,2.0,3.0
201000028589,0010-11-20 19:00:00,10,11,20,19,0,320,13,SADI-CARNOT (BOULEVARD),43.6437,0.58699,Nuit avec éclairage allumé,En agglomération,Intersection en X,Pluie légère,Deux véhicules - côté,,,,,,,,,,,5,2,2,2.0,3.0
201000028590,0010-11-21 20:15:00,10,11,21,20,15,320,13,YSER (AVENUE DE L'),43.6557,0.5966,Nuit avec éclairage allumé,En agglomération,Intersection en T,Pluie légère,Deux véhicules - côté,,,,,,,,,,,5,2,3,2.0,3.0
201000028591,0010-12-17 09:40:00,10,12,17,9,40,320,13,"52, SADI-CARNOT (BOULEVA",43.6426,0.58649,Plein jour,En agglomération,Hors intersection,Pluie forte,Deux véhicules - frontale,,,,,,,,,,,1,2,1,3.0,1.0
201000028592,0010-12-18 01:35:00,10,12,18,1,35,320,13,ROCADE (RN 124 EST),43.6602,0.63915,Nuit sans éclairage public,Hors agglomération,Hors intersection,Normale,Sans collision,,,,,,,,,,,3,1,1,1.0,7.0
201000028593,0010-12-24 18:10:00,10,12,24,18,10,320,13,"48, BOUBEE",43.6382,0.59433,Nuit sans éclairage public,En agglomération,Hors intersection,Pluie légère,Sans collision,,,,,,,,,,,3,2,1,2.0,7.0
201000028594,0010-01-13 16:10:00,10,1,13,16,10,330,529,"16, EIFFEL (RUE GUSTAVE)",,,Plein jour,En agglomération,Hors intersection,Temps éblouissant,Autre collision,,,,,,,,,,,1,2,1,7.0,6.0
201000028595,0010-01-21 18:15:00,10,1,21,18,15,330,9,"37, DEGANNE (BD) DU 01 A",,,Crépuscule ou aube,En agglomération,Intersection en X,Normale,Deux véhicules - côté,,,,,,,,,,,2,2,2,1.0,3.0
201000028596,0010-02-02 08:25:00,10,2,2,8,25,330,529,BISCAROSSE (AVE) DUNE VE,,,Plein jour,Hors agglomération,Hors intersection,Normale,Sans collision,,,,,,,,,,,1,1,1,1.0,7.0
201000028597,0010-02-16 07:45:00,10,2,16,7,45,330,9,"., LORENTZ-MONOD (ALL. D",,,Nuit avec éclairage allumé,En agglomération,Hors intersection,Normale,Autre collision,,,,,,,,,,,5,2,1,1.0,6.0
201000028598,0010-01-07 18:50:00,10,1,7,18,50,330,529,"., BISSERIE (AVE DE)",,,Crépuscule ou aube,En agglomération,Hors intersection,Normale,Deux véhicules - côté,,,,,,,,,,,2,2,1,1.0,3.0
201000028599,0010-02-13 15:00:00,10,2,13,15,0,330,529,"., CUREPIPE (BD DE) DU 0",,,Plein jour,En agglomération,Hors intersection,Normale,Autre collision,,,,,,,,,,,1,2,1,1.0,6.0
201000028600,0010-03-05 09:25:00,10,3,5,9,25,330,529,"1, CAZAUX (BD DE)",,,Plein jour,Hors agglomération,Hors intersection,Normale,Trois véhicules et plus - en chaîne,,,,,,,,,,,1,1,1,1.0,4.0
201000028601,0010-03-09 15:30:00,10,3,9,15,30,330,9,"8, TARTAS (CRS) DU 02 AU",,,Plein jour,En agglomération,Hors intersection,Normale,Deux véhicules - arrière,,,,,,,,,,,1,2,1,1.0,2.0
201000028602,0010-03-15 08:10:00,10,3,15,8,10,330,529,"., RD 112",,,Plein jour,Hors agglomération,Hors intersection,Normale,Sans collision,,,,,,,,,,,1,1,1,1.0,7.0
201000028603,0010-03-17 09:35:00,10,3,17,9,35,330,529,"., RD 1250 (Camicas - So",,,Plein jour,Hors agglomération,Hors intersection,Normale,Autre collision,,,,,,,,,,,1,1,1,1.0,6.0
201000028604,0010-04-09 11:06:00,10,4,9,11,6,330,9,"2, FARGES (AVE JEAN) DU",,,Plein jour,En agglomération,Hors intersection,Normale,Trois véhicules et plus - collisions multiples,,,,,,,,,,,1,2,1,1.0,5.0
201000028605,0010-04-11 18:40:00,10,4,11,18,40,330,529,"22, GUYNEMER (RUE)",,,Plein jour,En agglomération,Intersection en T,Normale,Deux véhicules - côté,,,,,,,,,,,1,2,3,1.0,3.0
201000028606,0010-04-02 08:55:00,10,4,2,8,55,330,529,"182, VULCAIN (RUE)",,,Plein jour,En agglomération,Hors intersection,Normale,Deux véhicules - arrière,,,,,,,,,,,1,2,1,1.0,2.0
201000028607,0010-04-13 16:50:00,10,4,13,16,50,330,9,"., ROOSEVELT (PL. F.D.)",,,Plein jour,En agglomération,Place,Normale,Autre collision,,,,,,,,,,,1,2,7,1.0,6.0
201000028608,0010-04-19 10:25:00,10,4,19,10,25,330,529,"., LIGNON (BD LOUIS)",,,Plein jour,En agglomération,Hors intersection,Normale,Deux véhicules - arrière,,,,,,,,,,,1,2,1,1.0,2.0
201000028609,0010-03-25 10:30:00,10,3,25,10,30,330,9,"102, DESBIEY (CRS) DU 98",,,Plein jour,En agglomération,Intersection en T,Normale,Deux véhicules - côté,,,,,,,,,,,1,2,3,1.0,3.0
201000028610,0010-04-28 22:20:00,10,4,28,22,20,330,529,"27, DUFAURE (RUE MARIE)",,,Nuit avec éclairage allumé,En agglomération,Hors intersection,Normale,Deux véhicules - arrière,,,,,,,,,,,5,2,1,1.0,2.0
201000028611,0010-04-29 11:14:00,10,4,29,11,14,330,529,RN 250 (BONNEVAL -LA HUM,,,Plein jour,Hors agglomération,Hors intersection,Normale,Trois véhicules et plus - collisions multiples,,,,,,,,,,,1,1,1,1.0,5.0
201000028612,0010-04-28 20:15:00,10,4,28,20,15,330,529,RD 1250 (Camicas - Sorti,,,Crépuscule ou aube,Hors agglomération,Hors intersection,Normale,Deux véhicules - côté,,,,,,,,,,,2,1,1,1.0,3.0
201000028613,0010-04-28 14:50:00,10,4,28,14,50,330,529,"3, SEMAPHORE (AVE DU)",,,Plein jour,En agglomération,Hors intersection,Normale,Autre collision,,,,,,,,,,,1,2,1,1.0,6.0
201000028614,0010-05-05 15:00:00,10,5,5,15,0,330,529,"48, LAGRUA (CH.)",,,Plein jour,En agglomération,Hors intersection,Normale,Deux véhicules - arrière,,,,,,,,,,,1,2,1,1.0,2.0
201000028615,0010-05-13 02:55:00,10,5,13,2,55,330,529,"80, LAGRUA (CH.)",,,Nuit avec éclairage allumé,En agglomération,Hors intersection,Normale,Autre collision,,,,,,,,,,,5,2,1,1.0,6.0
201000028616,0010-05-23 18:15:00,10,5,23,18,15,330,529,"., RD 112",,,Plein jour,Hors agglomération,Hors intersection,Normale,Trois véhicules et plus - collisions multiples,,,,,,,,,,,1,1,1,1.0,5.0
201000028617,0010-05-24 22:21:00,10,5,24,22,21,330,529,RN 250 (BONNEVAL -LA HUM,,,Nuit sans éclairage public,Hors agglomération,Hors intersection,Normale,Autre collision,,,,,,,,,,,3,1,1,1.0,6.0
201000028618,0010-05-27 13:20:00,10,5,27,13,20,330,9,"34, DEGANNE (BD) DU 34 E",,,Plein jour,En agglomération,Hors intersection,Normale,Autre collision,,,,,,,,,,,1,2,1,1.0,6.0
201000028619,0010-06-02 07:50:00,10,6,2,7,50,330,529,RN 250 (CAMICAS-OUSTALET,,,Crépuscule ou aube,Hors agglomération,Hors intersection,Normale,Deux véhicules - côté,,,,,,,,,,,2,1,1,1.0,3.0
201000028620,0010-06-02 18:45:00,10,6,2,18,45,330,9,"9, OCEAN (BD DE L'.)",,,Plein jour,En agglomération,Hors intersection,Normale,Autre collision,,,,,,,,,,,1,2,1,1.0,6.0
201000028621,0010-06-03 10:00:00,10,6,3,10,0,330,529,"2, DHEURLE (RUE HENRI)",,,Plein jour,En agglomération,Hors intersection,Normale,Deux véhicules - côté,,,,,,,,,,,1,2,1,1.0,3.0
201000028622,0010-06-13 02:40:00,10,6,13,2,40,330,529,"., BISCAROSSE (AVE) DUNE",,,Nuit sans éclairage public,Hors agglomération,Hors intersection,Normale,Trois véhicules et plus - collisions multiples,,,,,,,,,,,3,1,1,1.0,5.0