accident_id,datetime,annee,mois,jour,heure,minute,departement,commune_insee,adresse,latitude,longitude,luminosite,agglomeration,intersection,meteo,collision,nb_vehicules,nb_usagers,nb_indemnes,nb_tues,nb_blesses_hosp,nb_blesses_legers,age_cond_1,age_cond_2,veh_type_cond_1,veh_type_cond_2,lum_code,agg_code,int_code,atm_code,col_code
201000028623,0010-06-16 11:47:00,10,6,16,11,47,330,529,"72, LECLERC (AVE DU GAL)",,,Plein jour,En agglomération,Hors intersection,Normale,Deux véhicules - côté,,,,,,,,,,,1,2,1,1.0,3.0
201000028624,0010-06-21 13:00:00,10,6,21,13,0,330,529,"9, DESBIEY (RUE)",,,Plein jour,En agglomération,Hors intersection,Normale,Sans collision,,,,,,,,,,,1,2,1,1.0,7.0
201000028625,0010-07-04 16:20:00,10,7,4,16,20,330,529,BISCAROSSE (AVE) DUNE VE,,,Plein jour,Hors agglomération,Hors intersection,Normale,Autre collision,,,,,,,,,,,1,1,1,1.0,6.0
201000028626,0010-06-02 16:18:00,10,6,2,16,18,330,529,"31BIS, FAVRE (RUE JULES)",,,Plein jour,En agglomération,Intersection en T,Normale,Autre collision,,,,,,,,,,,1,2,3,1.0,6.0
201000028627,0010-07-09 15:20:00,10,7,9,15,20,330,529,PISTE 214,,,Plein jour,Hors agglomération,Hors intersection,Normale,Deux véhicules - frontale,,,,,,,,,,,1,1,1,1.0,1.0
201000028628,0010-07-03 02:15:00,10,7,3,2,15,330,9,"31, TILLEULS (ALL. DES)",,,Nuit avec éclairage allumé,En agglomération,Hors intersection,Pluie légère,Sans collision,,,,,,,,,,,5,2,1,2.0,7.0
201000028629,0010-07-08 08:20:00,10,7,8,8,20,330,529,"21, LECLERC (AVE DU GAL)",,,Plein jour,En agglomération,Hors intersection,Normale,Deux véhicules - arrière,,,,,,,,,,,1,2,1,1.0,2.0
201000028630,0010-07-13 15:45:00,10,7,13,15,45,330,9,"1, RHONE (ALL. CHARLES)",,,Plein jour,En agglomération,Intersection en X,Normale,Deux véhicules - côté,,,,,,,,,,,1,2,2,1.0,3.0
201000028631,0010-07-15 00:10:00,10,7,15,0,10,330,9,"27, LECLERC (BD DU MAL)",,,Nuit avec éclairage allumé,En agglomération,Intersection en T,Normale,Deux véhicules - côté,,,,,,,,,,,5,2,3,1.0,3.0
201000028632,0010-07-14 12:25:00,10,7,14,12,25,330,529,"., LIGNON (BD LOUIS)",,,Plein jour,Hors agglomération,Hors intersection,Normale,Sans collision,,,,,,,,,,,1,1,1,1.0,7.0
201000028633,0010-07-17 11:05:00,10,7,17,11,5,330,529,"., LAGRUA (CH.)",,,Plein jour,Hors agglomération,Hors intersection,Normale,Autre collision,,,,,,,,,,,1,1,1,1.0,6.0
201000028634,0010-07-18 01:05:00,10,7,18,1,5,330,529,"112, OCEAN (BD DE L')",,,Nuit avec éclairage allumé,En agglomération,Hors intersection,Normale,Autre collision,,,,,,,,,,,5,2,1,1.0,6.0
201000028635,0010-07-18 09:15:00,10,7,18,9,15,330,9,"., COMPAGNONS LIBERATION",,,Plein jour,En agglomération,Hors intersection,Normale,Autre collision,,,,,,,,,,,1,2,1,1.0,6.0
201000028636,0010-07-18 18:30:00,10,7,18,18,30,330,529,"., BISCAROSSE (AVE) DUNE",,,Plein jour,Hors agglomération,Hors intersection,Normale,Autre collision,,,,,,,,,,,1,1,1,1.0,6.0
201000028637,0010-07-27 17:18:00,10,7,27,17,18,330,529,"71, FIGUIER (RPT DU)",,,Plein jour,Hors agglomération,Hors intersection,Normale,Autre collision,,,,,,,,,,,1,1,1,1.0,6.0
201000028638,0010-07-29 18:00:00,10,7,29,18,0,330,529,"., LAGRUA (CH.)",,,Plein jour,En agglomération,Hors intersection,Normale,Autre collision,,,,,,,,,,,1,2,1,1.0,6.0
201000028639,0010-07-30 10:32:00,10,7,30,10,32,330,9,"23, MAUVEZIN (RUE)",,,Plein jour,En agglomération,Hors intersection,Normale,Autre collision,,,,,,,,,,,1,2,1,1.0,6.0
201000028640,0010-08-06 14:05:00,10,8,6,14,5,330,529,CAZAUX (BD DE),,,Plein jour,Hors agglomération,Hors intersection,Normale,Deux véhicules - frontale,,,,,,,,,,,1,1,1,1.0,1.0
201000028641,0010-08-04 12:26:00,10,8,4,12,26,330,529,"., MIQUELOTS (BD DES)",,,Plein jour,Hors agglomération,Hors intersection,Normale,Deux véhicules - côté,,,,,,,,,,,1,1,1,1.0,3.0
201000028642,0010-08-06 11:25:00,10,8,6,11,25,330,529,"., LECLERC (AVE DU GAL)",,,Plein jour,En agglomération,Hors intersection,Normale,Deux véhicules - arrière,,,,,,,,,,,1,2,1,1.0,2.0
201000028643,0010-08-07 10:05:00,10,8,7,10,5,330,529,"., COUTOUM (RUE DU)",,,Plein jour,En agglomération,Hors intersection,Normale,Deux véhicules - frontale,,,,,,,,,,,1,2,1,1.0,1.0
201000028644,0010-08-07 14:00:00,10,8,7,14,0,330,529,"., AERODROME (AVE DE L')",,,Plein jour,Hors agglomération,Hors intersection,Normale,Sans collision,,,,,,,,,,,1,1,1,1.0,7.0
201000028645,0010-08-09 18:20:00,10,8,9,18,20,330,529,"27, LAGRUA (CH.)",,,Plein jour,En agglomération,Hors intersection,Normale,Deux véhicules - côté,,,,,,,,,,,1,2,1,1.0,3.0
201000028646,0010-08-13 22:20:00,10,8,13,22,20,330,529,BISCAROSSE (AVE) DUNE VE,,,Nuit sans éclairage public,Hors agglomération,Hors intersection,Normale,Deux véhicules - arrière,,,,,,,,,,,3,1,1,1.0,2.0
201000028647,0010-08-17 17:00:00,10,8,17,17,0,330,529,"3, LECLERC (AVE DU GAL)",,,Plein jour,En agglomération,Hors intersection,Normale,Autre collision,,,,,,,,,,,1,2,1,1.0,6.0
201000028648,0010-08-17 12:10:00,10,8,17,12,10,330,9,"266, OCEAN (BD DE L'.)",,,Plein jour,En agglomération,Hors intersection,Normale,Autre collision,,,,,,,,,,,1,2,1,1.0,6.0
201000028649,0010-08-17 15:30:00,10,8,17,15,30,330,529,BISCAROSSE (AVE) DUNE VE,,,Plein jour,Hors agglomération,Hors intersection,Normale,Deux véhicules - frontale,,,,,,,,,,,1,1,1,1.0,1.0
201000028650,0010-08-11 09:35:00,10,8,11,9,35,330,529,"., CUREPIPE (BD DE) DU 0",,,Plein jour,En agglomération,Hors intersection,Normale,Autre collision,,,,,,,,,,,1,2,1,1.0,6.0
201000028651,0010-08-21 10:11:00,10,8,21,10,11,330,529,"51, OCEAN (BD DE L')",,,Plein jour,En agglomération,Hors intersection,Normale,Autre collision,,,,,,,,,,,1,2,1,1.0,6.0
201000028652,0010-08-22 18:55:00,10,8,22,18,55,330,529,"., RN 250 (BONNEVAL - LA",,,Plein jour,Hors agglomération,Hors intersection,Normale,Deux véhicules - arrière,,,,,,,,,,,1,1,1,1.0,2.0
201000028653,0010-08-21 15:58:00,10,8,21,15,58,330,529,"175, OCEAN (BD DE L')",,,Plein jour,En agglomération,Hors intersection,Normale,Deux véhicules - arrière,,,,,,,,,,,1,2,1,1.0,2.0
201000028654,0010-08-24 13:50:00,10,8,24,13,50,330,529,"., RD 1250 (Camicas - So",,,Plein jour,Hors agglomération,Hors intersection,Normale,Deux véhicules - frontale,,,,,,,,,,,1,1,1,1.0,1.0
201000028655,0010-08-26 19:00:00,10,8,26,19,0,330,529,"., BISCAROSSE (AVE) DUNE",,,Crépuscule ou aube,Hors agglomération,Hors intersection,Normale,Trois véhicules et plus - en chaîne,,,,,,,,,,,2,1,1,1.0,4.0
201000028656,0010-08-28 16:45:00,10,8,28,16,45,330,529,"., PAPIN (RUE DENIS)",,,Plein jour,Hors agglomération,Intersection en X,Normale,Deux véhicules - côté,,,,,,,,,,,1,1,2,1.0,3.0
201000028657,0010-08-30 16:22:00,10,8,30,16,22,330,9,"10, LIBERATION (AVE)",,,Plein jour,En agglomération,Hors intersection,Normale,Deux véhicules - arrière,,,,,,,,,,,1,2,1,1.0,2.0
201000028658,0010-09-04 12:15:00,10,9,4,12,15,330,529,"., FIGUIER (RPT DU)",,,Plein jour,En agglomération,Hors intersection,Normale,Deux véhicules - côté,,,,,,,,,,,1,2,1,1.0,3.0
201000028659,0010-09-09 12:55:00,10,9,9,12,55,330,529,"., GRAILLY (RUE JEAN DE)",,,Plein jour,En agglomération,Autre intersection,Normale,Autre collision,,,,,,,,,,,1,2,9,1.0,6.0
201000028660,0010-09-14 08:20:00,10,9,14,8,20,330,529,"101bis, DE GAULLE (AVE C",,,Plein jour,En agglomération,Hors intersection,Normale,Trois véhicules et plus - collisions multiples,,,,,,,,,,,1,2,1,1.0,5.0
201000028661,0010-09-17 23:20:00,10,9,17,23,20,330,9,"256, COTE D'ARGENT (BD)",,,Nuit avec éclairage allumé,En agglomération,Intersection en X,Normale,Deux véhicules - côté,,,,,,,,,,,5,2,2,1.0,3.0
201000028662,0010-09-23 16:20:00,10,9,23,16,20,330,529,"., PORTES DE L'OCEAN (BD",,,Plein jour,Hors agglomération,Hors intersection,Normale,Deux véhicules - côté,,,,,,,,,,,1,1,1,1.0,3.0
201000028663,0010-09-24 17:40:00,10,9,24,17,40,330,529,"., RD 1250 (Camicas - So",,,Plein jour,Hors agglomération,Hors intersection,Normale,Deux véhicules - frontale,,,,,,,,,,,1,1,1,1.0,1.0
201000028664,0010-09-30 14:20:00,10,9,30,14,20,330,529,"72, SAINT-EXUPERY (AVE)",,,Plein jour,En agglomération,Intersection en T,Normale,Deux véhicules - côté,,,,,,,,,,,1,2,3,1.0,3.0
201000028665,0010-10-01 11:40:00,10,10,1,11,40,330,529,"., MIQUELOTS (BD DES)",,,Plein jour,En agglomération,Intersection en T,Normale,Deux véhicules - côté,,,,,,,,,,,1,2,3,1.0,3.0
201000028666,0010-10-05 08:20:00,10,10,5,8,20,330,9,"., LORENTZ-MONOD (ALL. D",,,Plein jour,Hors agglomération,Hors intersection,Normale,Autre collision,,,,,,,,,,,1,1,1,1.0,6.0
201000028667,0010-05-15 21:05:00,10,5,15,21,5,330,9,"1, TARTAS (CRS) DU 01 ET",,,Plein jour,En agglomération,Hors intersection,Normale,Autre collision,,,,,,,,,,,1,2,1,1.0,6.0
201000028668,0010-05-15 22:05:00,10,5,15,22,5,330,529,"1, MIGREQUE (RUE DE LA)",,,Crépuscule ou aube,En agglomération,Hors intersection,Normale,Autre collision,,,,,,,,,,,2,2,1,1.0,6.0
201000028669,0010-10-16 11:30:00,10,10,16,11,30,330,529,BISCAROSSE (AVE) DUNE VE,,,Plein jour,Hors agglomération,Hors intersection,Pluie légère,Deux véhicules - frontale,,,,,,,,,,,1,1,1,2.0,1.0
201000028670,0010-10-23 18:45:00,10,10,23,18,45,330,529,RN 250 (OUSTALET - BONNE,,,Plein jour,Hors agglomération,Hors intersection,Normale,Trois véhicules et plus - collisions multiples,,,,,,,,,,,1,1,1,1.0,5.0
201000028671,0010-10-24 01:05:00,10,10,24,1,5,330,529,"257, OCEAN (BD DE L')",,,Nuit avec éclairage allumé,En agglomération,Hors intersection,Pluie légère,Sans collision,,,,,,,,,,,5,2,1,2.0,7.0
201000028672,0010-10-26 15:40:00,10,10,26,15,40,330,9,"4, LUSSAN (RUE THOMAS) D",,,Plein jour,En agglomération,Hors intersection,Normale,Autre collision,,,,,,,,,,,1,2,1,1.0,6.0
201000028673,0010-10-16 19:05:00,10,10,16,19,5,330,529,"., LAGRUA (CH.)",,,Crépuscule ou aube,Hors agglomération,Hors intersection,Normale,Deux véhicules - côté,,,,,,,,,,,2,1,1,1.0,3.0
201000028674,0010-11-04 18:35:00,10,11,4,18,35,330,529,"214, OCEAN (BD DE L')",,,Crépuscule ou aube,Hors agglomération,Hors intersection,Normale,Deux véhicules - côté,,,,,,,,,,,2,1,1,1.0,3.0
201000028675,0010-10-31 10:55:00,10,10,31,10,55,330,9,"45, LECLERC (BD DU MAL)",,,Plein jour,En agglomération,Hors intersection,Normale,Autre collision,,,,,,,,,,,1,2,1,1.0,6.0
201000028676,0010-11-14 16:55:00,10,11,14,16,55,330,529,"., FOCH (RUE DU MAL)",,,Plein jour,En agglomération,Intersection en X,Pluie légère,Deux véhicules - côté,,,,,,,,,,,1,2,2,2.0,3.0
201000028677,0010-11-15 15:10:00,10,11,15,15,10,330,9,"., LEGALLAIS (RUE FRANCO",,,Plein jour,En agglomération,Intersection en X,Normale,Autre collision,,,,,,,,,,,1,2,2,1.0,6.0
201000028678,0010-11-16 18:45:00,10,11,16,18,45,330,529,"7, LECLERC (AVE DU GAL)",,,Nuit avec éclairage allumé,En agglomération,Hors intersection,Pluie légère,Deux véhicules - côté,,,,,,,,,,,5,2,1,2.0,3.0
201000028679,0010-11-19 08:05:00,10,11,19,8,5,330,529,"1, GRAILLY (RUE JEAN DE)",,,Crépuscule ou aube,En agglomération,Giratoire,Normale,Deux véhicules - côté,,,,,,,,,,,2,2,6,1.0,3.0
201000028680,0010-12-02 18:00:00,10,12,2,18,0,330,9,"60, PLAGE (BD DE LA) DU",,,Crépuscule ou aube,En agglomération,Hors intersection,Pluie légère,Autre collision,,,,,,,,,,,2,2,1,2.0,6.0
201000028681,0010-12-02 19:15:00,10,12,2,19,15,330,529,"., TURPIN (RUE ETIENNE)",,,Nuit sans éclairage public,Hors agglomération,Hors intersection,Neige / grêle,Deux véhicules - arrière,,,,,,,,,,,3,1,1,4.0,2.0
201000028682,0010-06-15 10:50:00,10,6,15,10,50,330,529,"650, EUROPE (RUE DE L')",,,Plein jour,En agglomération,Hors intersection,Normale,Autre collision,,,,,,,,,,,1,2,1,1.0,6.0
201000028683,0010-12-13 19:50:00,10,12,13,19,50,330,529,"., RD 112",,,Nuit sans éclairage public,Hors agglomération,Hors intersection,Normale,Sans collision,,,,,,,,,,,3,1,1,1.0,7.0
201000028684,0010-12-10 10:05:00,10,12,10,10,5,330,529,"., LECLERC (AVE DU GAL)",,,Plein jour,En agglomération,Intersection en X,Normale,Deux véhicules - côté,,,,,,,,,,,1,2,2,1.0,3.0
201000028685,0010-06-26 16:50:00,10,6,26,16,50,330,9,"153, PLAGE (BD DE LA) DU",,,Plein jour,En agglomération,Hors intersection,Normale,Deux véhicules - côté,,,,,,,,,,,1,2,1,1.0,3.0
201000028686,0010-12-16 19:30:00,10,12,16,19,30,330,529,"., HUGO (RUE VICTOR)",,,Nuit avec éclairage allumé,En agglomération,Intersection en X,Pluie forte,Deux véhicules - côté,,,,,,,,,,,5,2,2,3.0,3.0
201000028687,0010-12-17 20:10:00,10,12,17,20,10,330,529,"., BISSERIE (AVE DE)",,,Nuit avec éclairage allumé,En agglomération,Intersection en X,Normale,Deux véhicules - côté,,,,,,,,,,,5,2,2,1.0,3.0
201000028688,0010-01-01 00:45:00,10,1,1,0,45,330,63,"10, RUE CROIX DE SEGUEY",,,Nuit avec éclairage allumé,En agglomération,Hors intersection,Pluie légère,Autre collision,,,,,,,,,,,5,2,1,2.0,6.0
201000028689,0010-01-01 03:25:00,10,1,1,3,25,330,63,RUE CAMILLE GODARD,,,Nuit avec éclairage allumé,En agglomération,Intersection à plus de 4 branches,Pluie légère,Deux véhicules - arrière,,,,,,,,,,,5,2,5,2.0,2.0
201000028690,0010-01-01 00:55:00,10,1,1,0,55,330,63,"44, QUAI RICHELIEU",,,Nuit avec éclairage allumé,En agglomération,Hors intersection,Pluie légère,Autre collision,,,,,,,,,,,5,2,1,2.0,6.0
201000028691,0010-01-03 20:39:00,10,1,3,20,39,330,63,BD PIERRE 1ER,,,Nuit avec éclairage allumé,En agglomération,Intersection en Y,Pluie légère,Deux véhicules - côté,,,,,,,,,,,5,2,4,2.0,3.0
201000028692,0010-12-31 22:20:00,10,12,31,22,20,330,63,QUAI RICHELIEU,,,Nuit avec éclairage allumé,En agglomération,Hors intersection,Normale,Autre collision,,,,,,,,,,,5,2,1,1.0,6.0
201000028693,0010-01-04 17:50:00,10,1,4,17,50,330,63,PCE DU MEDOC,,,Nuit avec éclairage allumé,En agglomération,Hors intersection,Normale,Autre collision,,,,,,,,,,,5,2,1,1.0,6.0
201000028694,0010-12-29 18:08:00,10,12,29,18,8,330,39,AVE DU MARECHAL LECLERC,,,Plein jour,En agglomération,Intersection en X,Normale,Autre collision,,,,,,,,,,,1,2,2,1.0,6.0
201000028695,0010-01-05 16:25:00,10,1,5,16,25,330,63,PCE TOURNY,,,Plein jour,En agglomération,Giratoire,Normale,Deux véhicules - côté,,,,,,,,,,,1,2,6,1.0,3.0
201000028696,0010-12-31 16:45:00,10,12,31,16,45,330,281,AVE MATOSINHOS,,,Plein jour,En agglomération,Intersection en X,Normale,Autre collision,,,,,,,,,,,1,2,2,1.0,6.0
201000028697,0010-12-29 20:45:00,10,12,29,20,45,330,550,"320, RTE DE TOULOUSE",,,Nuit avec éclairage allumé,En agglomération,Hors intersection,Normale,Autre collision,,,,,,,,,,,5,2,1,1.0,6.0
201000028698,0010-01-02 19:40:00,10,1,2,19,40,330,522,CRS GAMBETTA,,,Nuit avec éclairage allumé,En agglomération,Hors intersection,Pluie légère,Deux véhicules - côté,,,,,,,,,,,5,2,1,2.0,3.0
201000028699,0010-01-06 18:05:00,10,1,6,18,5,330,63,"130, CRS EDOUARD VAILLAN",,,Nuit avec éclairage allumé,En agglomération,Hors intersection,Pluie légère,Deux véhicules - côté,,,,,,,,,,,5,2,1,2.0,3.0
201000028700,0010-12-29 17:45:00,10,12,29,17,45,330,63,PONT DE PIERRE,,,Nuit avec éclairage allumé,En agglomération,Place,Normale,Deux véhicules - arrière,,,,,,,,,,,5,2,7,1.0,2.0
201000028701,0010-01-04 13:25:00,10,1,4,13,25,330,249,RUE MICHEL MONTAIGNE,,,Plein jour,En agglomération,Intersection en X,Temps couvert,Autre collision,,,,,,,,,,,1,2,2,8.0,6.0
201000028702,0010-01-07 23:00:00,10,1,7,23,0,330,63,CRS MARECHAL JUIN,,,Nuit avec éclairage allumé,En agglomération,Intersection en X,Normale,Deux véhicules - côté,,,,,,,,,,,5,2,2,1.0,3.0
201000028703,0010-01-07 07:50:00,10,1,7,7,50,330,63,"72, RUE PIERRE TREBOD",,,Plein jour,En agglomération,Hors intersection,Pluie légère,Autre collision,,,,,,,,,,,1,2,1,2.0,6.0
201000028704,0010-01-06 09:15:00,10,1,6,9,15,330,281,"85, ST MEDARD (AVE)",,,Plein jour,En agglomération,Hors intersection,Neige / grêle,Trois véhicules et plus - en chaîne,,,,,,,,,,,1,2,1,4.0,4.0
201000028705,0010-01-06 10:30:00,10,1,6,10,30,330,281,RUE JACQUES PREVERT,,,Plein jour,En agglomération,Hors intersection,Neige / grêle,Autre collision,,,,,,,,,,,1,2,1,4.0,6.0
201000028706,0010-01-08 17:55:00,10,1,8,17,55,330,249,AVE DE PARIS,,,Nuit avec éclairage allumé,En agglomération,Intersection en X,Normale,Autre collision,,,,,,,,,,,5,2,2,1.0,6.0
201000028707,0010-01-12 08:35:00,10,1,12,8,35,330,63,RUE CATROS,,,Plein jour,En agglomération,Intersection en X,Normale,Deux véhicules - côté,,,,,,,,,,,1,2,2,1.0,3.0
201000028708,0010-01-12 08:10:00,10,1,12,8,10,330,63,"66, CRS DE LA MARTINIQUE",,,Crépuscule ou aube,En agglomération,Hors intersection,Normale,Deux véhicules - côté,,,,,,,,,,,2,2,1,1.0,3.0
201000028709,0010-01-07 13:40:00,10,1,7,13,40,330,281,"30, RUE ISAAC NEWTON",,,Plein jour,En agglomération,Hors intersection,Normale,Trois véhicules et plus - collisions multiples,,,,,,,,,,,1,2,1,1.0,5.0
201000028710,0010-01-06 15:35:00,10,1,6,15,35,330,522,RUE BOURGES,,,Plein jour,En agglomération,Hors intersection,Temps couvert,Autre collision,,,,,,,,,,,1,2,1,8.0,6.0
201000028711,0010-01-08 21:35:00,10,1,8,21,35,330,318,"116, AVE DU DOCTEUR NANC",,,Nuit avec éclairage allumé,En agglomération,Hors intersection,Normale,Autre collision,,,,,,,,,,,5,2,1,1.0,6.0
201000028712,0010-01-09 20:45:00,10,1,9,20,45,330,318,AVE DE GRADIGNAN,,,Nuit avec éclairage allumé,En agglomération,Intersection en X,Normale,Deux véhicules - côté,,,,,,,,,,,5,2,2,1.0,3.0
201000028713,0010-01-08 04:55:00,10,1,8,4,55,330,550,RTE DE TOULOUSE,,,Nuit avec éclairage allumé,En agglomération,Intersection en X,Normale,Deux véhicules - côté,,,,,,,,,,,5,2,2,1.0,3.0
201000028714,0010-01-14 16:00:00,10,1,14,16,0,330,63,RUE DE LA CROIX BLANCHE,,,Plein jour,En agglomération,Intersection en T,Pluie légère,Autre collision,,,,,,,,,,,1,2,3,2.0,6.0
201000028715,0010-01-14 08:00:00,10,1,14,8,0,330,69,RUE JACQUES GERALD,,,Crépuscule ou aube,En agglomération,Intersection en X,Pluie légère,Deux véhicules - arrière,,,,,,,,,,,2,2,2,2.0,2.0
201000028716,0010-01-14 07:25:00,10,1,14,7,25,330,63,PCE DE STALINGRAD,,,Nuit avec éclairage allumé,En agglomération,Hors intersection,Pluie légère,Deux véhicules - arrière,,,,,,,,,,,5,2,1,2.0,2.0
201000028717,0010-01-15 03:50:00,10,1,15,3,50,330,63,QUAI DE PALUDATE,,,Nuit avec éclairage allumé,En agglomération,Intersection en T,Pluie légère,Deux véhicules - arrière,,,,,,,,,,,5,2,3,2.0,2.0
201000028718,0010-01-15 17:20:00,10,1,15,17,20,330,63,QUAI DE BRAZZA,,,Crépuscule ou aube,En agglomération,Hors intersection,Normale,Deux véhicules - côté,,,,,,,,,,,2,2,1,1.0,3.0
201000028719,0010-01-15 22:55:00,10,1,15,22,55,330,63,AVE MARCEL DASSAULT,,,Nuit avec éclairage allumé,En agglomération,Hors intersection,Normale,Autre collision,,,,,,,,,,,5,2,1,1.0,6.0
201000028720,0010-01-15 16:45:00,10,1,15,16,45,330,63,"32, AVE CARNOT CAUD",,,Plein jour,En agglomération,Hors intersection,Normale,Autre collision,,,,,,,,,,,1,2,1,1.0,6.0
201000028721,0010-01-16 14:25:00,10,1,16,14,25,330,63,RUE EDMOND MICHELET,,,Plein jour,En agglomération,Hors intersection,Pluie légère,Autre collision,,,,,,,,,,,1,2,1,2.0,6.0
201000028722,0010-01-15 17:15:00,10,1,15,17,15,330,63,"81, RUE FONDAUDEGE",,,Plein jour,En agglomération,Intersection en X,Normale,Deux véhicules - frontale,,,,,,,,,,,1,2,2,1.0,1.0
201000028723,0010-01-15 08:30:00,10,1,15,8,30,330,63,"39, CRS VICTOR HUGO",,,Crépuscule ou aube,En agglomération,Hors intersection,Normale,Trois véhicules et plus - collisions multiples,,,,,,,,,,,2,2,1,1.0,5.0
201000028724,0010-01-18 15:30:00,10,1,18,15,30,330,63,"19, CRS DE LA SOMME",,,Plein jour,En agglomération,Hors intersection,Normale,Autre collision,,,,,,,,,,,1,2,1,1.0,6.0
201000028725,0010-01-18 18:20:00,10,1,18,18,20,330,63,"51, RUE NAUJAC",,,Nuit avec éclairage allumé,En agglomération,Hors intersection,Normale,Autre collision,,,,,,,,,,,5,2,1,1.0,6.0
201000028726,0010-01-12 07:30:00,10,1,12,7,30,330,69,AVE DE TIVOLI,,,Nuit avec éclairage allumé,En agglomération,Intersection en Y,Normale,Deux véhicules - côté,,,,,,,,,,,5,2,4,1.0,3.0
201000028727,0010-01-18 15:40:00,10,1,18,15,40,330,63,AVE THIERS,,,Plein jour,En agglomération,Intersection en T,Normale,Deux véhicules - côté,,,,,,,,,,,1,2,3,1.0,3.0
201000028728,0010-01-18 12:30:00,10,1,18,12,30,330,63,RUE CHARLES CHAUMET CAUD,,,Plein jour,En agglomération,Intersection en T,Normale,Autre collision,,,,,,,,,,,1,2,3,1.0,6.0
201000028729,0010-01-08 08:25:00,10,1,8,8,25,330,69,CITE DES GIRONDINS,,,Plein jour,En agglomération,Intersection en X,Normale,Deux véhicules - côté,,,,,,,,,,,1,2,2,1.0,3.0
201000028730,0010-01-14 16:05:00,10,1,14,16,5,330,119,"209, AVE CARNOT",,,Plein jour,En agglomération,Hors intersection,Pluie forte,Deux véhicules - côté,,,,,,,,,,,1,2,1,3.0,3.0
201000028731,0010-01-15 19:35:00,10,1,15,19,35,330,119,AVE CARNOT,,,Nuit avec éclairage allumé,En agglomération,Hors intersection,Normale,Deux véhicules - arrière,,,,,,,,,,,5,2,1,1.0,2.0
201000028732,0010-01-12 10:00:00,10,1,12,10,0,330,39,RTE DE TOULOUSE,,,Plein jour,En agglomération,Intersection en X,Normale,Deux véhicules - côté,,,,,,,,,,,1,2,2,1.0,3.0
201000028733,0010-01-18 19:15:00,10,1,18,19,15,330,63,RUE DE LASEPPE,,,Nuit avec éclairage allumé,En agglomération,Intersection en X,Normale,Deux véhicules - côté,,,,,,,,,,,5,2,2,1.0,3.0
201000028734,0010-01-14 08:00:00,10,1,14,8,0,330,318,AVE ARAGO,,,Crépuscule ou aube,En agglomération,Intersection à plus de 4 branches,Normale,Deux véhicules - côté,,,,,,,,,,,2,2,5,1.0,3.0
201000028735,0010-01-12 15:00:00,10,1,12,15,0,330,281,AVE DE MAGUDAS,,,Plein jour,En agglomération,Giratoire,Pluie légère,Deux véhicules - côté,,,,,,,,,,,1,2,6,2.0,3.0
201000028736,0010-01-08 13:02:00,10,1,8,13,2,330,69,"60, AVE AUGUSTE FERRET",,,Plein jour,En agglomération,Hors intersection,Normale,Autre collision,,,,,,,,,,,1,2,1,1.0,6.0
201000028737,0010-01-18 18:20:00,10,1,18,18,20,330,63,BD PIERRE 1ER,,,Nuit avec éclairage allumé,En agglomération,Intersection en X,Normale,Deux véhicules - côté,,,,,,,,,,,5,2,2,1.0,3.0
201000028738,0010-01-14 09:15:00,10,1,14,9,15,330,281,"91, ALL DE MAGUDAS",,,Plein jour,En agglomération,Hors intersection,Normale,Deux véhicules - arrière,,,,,,,,,,,1,2,1,1.0,2.0
201000028739,0010-01-14 08:40:00,10,1,14,8,40,330,281,AVE MAL DE LATTRE DE TAS,,,Crépuscule ou aube,En agglomération,Intersection en X,Pluie légère,Autre collision,,,,,,,,,,,2,2,2,2.0,6.0
201000028740,0010-01-15 16:20:00,10,1,15,16,20,330,63,"139, RUE DE BETHMANN",,,Plein jour,En agglomération,Hors intersection,Normale,Autre collision,,,,,,,,,,,1,2,1,1.0,6.0
201000028741,0010-01-20 19:25:00,10,1,20,19,25,330,63,CRS DE LA LIBERATION,,,Nuit avec éclairage allumé,En agglomération,Intersection en X,Normale,Sans collision,,,,,,,,,,,5,2,2,1.0,7.0
201000028742,0010-01-20 18:10:00,10,1,20,18,10,330,63,"19, BD DU PDT FRANKLIN R",,,Nuit avec éclairage allumé,En agglomération,Hors intersection,Pluie légère,Trois véhicules et plus - en chaîne,,,,,,,,,,,5,2,1,2.0,4.0
201000028743,0010-01-19 09:30:00,10,1,19,9,30,330,318,AVE ROGER CHAUMET,,,Plein jour,En agglomération,Intersection à plus de 4 branches,Normale,Deux véhicules - côté,,,,,,,,,,,1,2,5,1.0,3.0
201000028744,0010-01-14 20:05:00,10,1,14,20,5,330,192,RTE DE CANEJAN,,,Nuit avec éclairage allumé,En agglomération,Intersection en T,Pluie légère,Deux véhicules - côté,,,,,,,,,,,5,2,3,2.0,3.0
201000028745,0010-01-18 07:30:00,10,1,18,7,30,330,318,RUE DE COMPOSTELLE,,,Nuit avec éclairage allumé,En agglomération,Intersection en X,Normale,Deux véhicules - côté,,,,,,,,,,,5,2,2,1.0,3.0
201000028746,0010-01-20 07:50:00,10,1,20,7,50,330,167,CHEM DE CAUMONT,,,Crépuscule ou aube,En agglomération,Intersection en T,Pluie légère,Autre collision,,,,,,,,,,,2,2,3,2.0,6.0
201000028747,0010-01-21 08:15:00,10,1,21,8,15,330,63,"276 Bis, RUE D'ORNANO",,,Crépuscule ou aube,En agglomération,Hors intersection,Normale,Autre collision,,,,,,,,,,,2,2,1,1.0,6.0
201000028748,0010-01-21 16:25:00,10,1,21,16,25,330,63,BD ANTOINE GAUTIER,,,Plein jour,En agglomération,Intersection en Y,Normale,Trois véhicules et plus - collisions multiples,,,,,,,,,,,1,2,4,1.0,5.0