accident_id,datetime,annee,mois,jour,heure,minute,departement,commune_insee,adresse,latitude,longitude,luminosite,agglomeration,intersection,meteo,collision,nb_vehicules,nb_usagers,nb_indemnes,nb_tues,nb_blesses_hosp,nb_blesses_legers,age_cond_1,age_cond_2,veh_type_cond_1,veh_type_cond_2,lum_code,agg_code,int_code,atm_code,col_code
201000028749,0010-01-24 08:15:00,10,1,24,8,15,330,39,PONT FRANCOIS MITTERRAND,,,Crépuscule ou aube,En agglomération,Hors intersection,Pluie légère,Autre collision,,,,,,,,,,,2,2,1,2.0,6.0
201000028750,0010-01-21 19:40:00,10,1,21,19,40,330,63,"50, RUE CROIX DE SEGUEY",,,Nuit avec éclairage allumé,En agglomération,Hors intersection,Normale,Deux véhicules - arrière,,,,,,,,,,,5,2,1,1.0,2.0
201000028751,0010-01-21 17:25:00,10,1,21,17,25,330,63,CRS VICTOR HUGO,,,Crépuscule ou aube,En agglomération,Intersection en Y,Normale,Deux véhicules - côté,,,,,,,,,,,2,2,4,1.0,3.0
201000028752,0010-01-23 19:30:00,10,1,23,19,30,330,63,CRS ARISTIDE BRIAND,,,Nuit avec éclairage allumé,En agglomération,Intersection en X,Pluie légère,Deux véhicules - côté,,,,,,,,,,,5,2,2,2.0,3.0
201000028753,0010-01-24 01:15:00,10,1,24,1,15,330,63,RTE DE TOULOUSE,,,Nuit avec éclairage allumé,En agglomération,Intersection à plus de 4 branches,Normale,Deux véhicules - côté,,,,,,,,,,,5,2,5,1.0,3.0
201000028754,0010-01-23 05:00:00,10,1,23,5,0,330,63,"29, RUE DE CHATEAUDUN",,,Nuit avec éclairage allumé,En agglomération,Hors intersection,Normale,Autre collision,,,,,,,,,,,5,2,1,1.0,6.0
201000028755,0010-01-25 13:40:00,10,1,25,13,40,330,63,AVE DU MAL DE LATTRE DE,,,Plein jour,En agglomération,Intersection en X,Normale,Deux véhicules - côté,,,,,,,,,,,1,2,2,1.0,3.0
201000028756,0010-01-20 12:50:00,10,1,20,12,50,330,39,RTE DE TOULOUSE,,,Plein jour,En agglomération,Intersection en T,Normale,Deux véhicules - côté,,,,,,,,,,,1,2,3,1.0,3.0
201000028757,0010-01-25 12:55:00,10,1,25,12,55,330,63,RUE LAROCHE,,,Plein jour,Hors agglomération,Intersection en X,Normale,Deux véhicules - côté,,,,,,,,,,,1,1,2,1.0,3.0
201000028758,0010-01-19 18:02:00,10,1,19,18,2,330,119,"21, RUE CAMILLE PELLETAN",,,Nuit avec éclairage allumé,En agglomération,Hors intersection,Pluie légère,Deux véhicules - côté,,,,,,,,,,,5,2,1,2.0,3.0
201000028759,0010-01-21 14:05:00,10,1,21,14,5,330,281,ALL DE MAGUDAS,,,Plein jour,En agglomération,Intersection en X,Normale,Deux véhicules - arrière,,,,,,,,,,,1,2,2,1.0,2.0
201000028760,0010-01-18 18:00:00,10,1,18,18,0,330,192,BD DE MALARTIC,,,Nuit avec éclairage allumé,En agglomération,Intersection en T,Normale,Deux véhicules - arrière,,,,,,,,,,,5,2,3,1.0,2.0
201000028761,0010-01-19 17:25:00,10,1,19,17,25,330,522,RTE DE TOULOUSE,,,Nuit avec éclairage allumé,En agglomération,Intersection en T,Pluie légère,Trois véhicules et plus - collisions multiples,,,,,,,,,,,5,2,3,2.0,5.0
201000028762,0010-01-13 18:00:00,10,1,13,18,0,330,281,"53, AVE BON AIR",,,Nuit avec éclairage allumé,En agglomération,Hors intersection,Normale,Deux véhicules - côté,,,,,,,,,,,5,2,1,1.0,3.0
201000028763,0010-01-26 07:40:00,10,1,26,7,40,330,63,ALL DU BOIS,,,Crépuscule ou aube,En agglomération,Hors intersection,Normale,Autre collision,,,,,,,,,,,2,2,1,1.0,6.0
201000028764,0010-01-26 07:35:00,10,1,26,7,35,330,63,AVE EMILE COUNORD,,,Nuit avec éclairage allumé,En agglomération,Hors intersection,Normale,Sans collision,,,,,,,,,,,5,2,1,1.0,7.0
201000028765,0010-01-26 10:32:00,10,1,26,10,32,330,63,RUE DE PESSAC,,,Plein jour,En agglomération,Intersection en X,Normale,Autre collision,,,,,,,,,,,1,2,2,1.0,6.0
201000028766,0010-01-19 15:15:00,10,1,19,15,15,330,75,AVE DE BIR HAKEIM,,,Plein jour,En agglomération,Intersection en T,Normale,Deux véhicules - côté,,,,,,,,,,,1,2,3,1.0,3.0
201000028767,0010-01-26 17:46:00,10,1,26,17,46,330,63,CRS DE VERDUN,,,Crépuscule ou aube,En agglomération,Hors intersection,Normale,Autre collision,,,,,,,,,,,2,2,1,1.0,6.0
201000028768,0010-01-15 09:00:00,10,1,15,9,0,330,75,CHEM DU REDUIT,,,Plein jour,En agglomération,Intersection en X,Brouillard / fumée,Deux véhicules - côté,,,,,,,,,,,1,2,2,5.0,3.0
201000028769,0010-01-19 12:20:00,10,1,19,12,20,330,63,AVE D'EYSINES CAUD,,,Plein jour,En agglomération,Hors intersection,Normale,Deux véhicules - côté,,,,,,,,,,,1,2,1,1.0,3.0
201000028770,0010-01-26 17:05:00,10,1,26,17,5,330,63,CRS DE L'YSER,,,Crépuscule ou aube,En agglomération,Intersection en X,Normale,Deux véhicules - côté,,,,,,,,,,,2,2,2,1.0,3.0
201000028771,0010-01-26 15:50:00,10,1,26,15,50,330,63,PRK RUE ROBERT SCHUMAN,,,Plein jour,En agglomération,Intersection en X,Normale,Sans collision,,,,,,,,,,,1,2,2,1.0,7.0
201000028772,0010-01-26 18:35:00,10,1,26,18,35,330,63,RUE GUILHOU CAUD,,,Nuit avec éclairage allumé,En agglomération,Hors intersection,Normale,Sans collision,,,,,,,,,,,5,2,1,1.0,7.0
201000028773,0010-01-27 08:50:00,10,1,27,8,50,330,63,"343, BD JEAN-JACQUES BOS",,,Plein jour,En agglomération,Hors intersection,Normale,Deux véhicules - côté,,,,,,,,,,,1,2,1,1.0,3.0
201000028774,0010-01-17 20:10:00,10,1,17,20,10,330,63,RUE PERINOT CAUD,,,Nuit avec éclairage allumé,En agglomération,Intersection en X,Normale,Deux véhicules - côté,,,,,,,,,,,5,2,2,1.0,3.0
201000028775,0010-01-23 21:15:00,10,1,23,21,15,330,281,AVE DE LA MARNE,,,Nuit avec éclairage allumé,En agglomération,Intersection à plus de 4 branches,Pluie légère,Deux véhicules - côté,,,,,,,,,,,5,2,5,2.0,3.0
201000028776,0010-01-28 10:05:00,10,1,28,10,5,330,63,RUE PAULIN,,,Plein jour,En agglomération,Intersection en T,Normale,Deux véhicules - côté,,,,,,,,,,,1,2,3,1.0,3.0
201000028777,0010-01-21 14:00:00,10,1,21,14,0,330,281,ALL DES MARAICHERS,,,Plein jour,En agglomération,Intersection en Y,Normale,Deux véhicules - côté,,,,,,,,,,,1,2,4,1.0,3.0
201000028778,0010-01-28 17:30:00,10,1,28,17,30,330,63,CRS VICTOR HUGO,,,Plein jour,En agglomération,Intersection en T,Pluie légère,Deux véhicules - côté,,,,,,,,,,,1,2,3,2.0,3.0
201000028779,0010-01-21 19:35:00,10,1,21,19,35,330,318,AVE DU BOURGAILH,,,Plein jour,En agglomération,Intersection en X,Normale,Deux véhicules - côté,,,,,,,,,,,1,2,2,1.0,3.0
201000028780,0010-01-28 15:20:00,10,1,28,15,20,330,63,CRS D'ALBRET,,,Plein jour,En agglomération,Intersection en X,Pluie légère,Deux véhicules - côté,,,,,,,,,,,1,2,2,2.0,3.0
201000028781,0010-01-22 18:37:00,10,1,22,18,37,330,281,AVE DU SOUVENIR,,,Nuit avec éclairage allumé,En agglomération,Giratoire,Normale,Deux véhicules - arrière,,,,,,,,,,,5,2,6,1.0,2.0
201000028782,0010-01-22 10:30:00,10,1,22,10,30,330,281,CHEM DE LA PRINCESSE,,,Plein jour,En agglomération,Giratoire,Normale,Deux véhicules - côté,,,,,,,,,,,1,2,6,1.0,3.0
201000028783,0010-01-22 11:06:00,10,1,22,11,6,330,75,AVE DES 4 PONTS,,,Plein jour,En agglomération,Hors intersection,Normale,Deux véhicules - côté,,,,,,,,,,,1,2,1,1.0,3.0
201000028784,0010-01-21 11:25:00,10,1,21,11,25,330,69,"183, AVE VICTOR HUGO",,,Plein jour,En agglomération,Hors intersection,Normale,Autre collision,,,,,,,,,,,1,2,1,1.0,6.0
201000028785,0010-01-26 08:20:00,10,1,26,8,20,330,281,"7, RUE ANDRE DOUSSE",,,Plein jour,En agglomération,Hors intersection,Normale,Sans collision,,,,,,,,,,,1,2,1,1.0,7.0
201000028786,0010-01-25 13:00:00,10,1,25,13,0,330,75,RUE PIERRE ET MARIE CURI,,,Plein jour,En agglomération,Giratoire,Normale,Deux véhicules - côté,,,,,,,,,,,1,2,6,1.0,3.0
201000028787,0010-01-26 16:55:00,10,1,26,16,55,330,318,AVE GABRIELE D'ANNUNZIO,,,Plein jour,En agglomération,Intersection en X,Normale,Deux véhicules - côté,,,,,,,,,,,1,2,2,1.0,3.0
201000028788,0010-01-30 07:44:00,10,1,30,7,44,330,63,CRS DE LA LIBERATION,,,Crépuscule ou aube,En agglomération,Intersection en X,Normale,Deux véhicules - côté,,,,,,,,,,,2,2,2,1.0,3.0
201000028789,0010-01-29 16:00:00,10,1,29,16,0,330,63,CRS VICTOR HUGO,,,Plein jour,En agglomération,Intersection en X,Pluie forte,Autre collision,,,,,,,,,,,1,2,2,3.0,6.0
201000028790,0010-01-29 19:20:00,10,1,29,19,20,330,63,"00, PRK AUCHAN",,,Nuit avec éclairage allumé,En agglomération,Intersection en X,Normale,Deux véhicules - côté,,,,,,,,,,,5,2,2,1.0,3.0
201000028791,0010-01-28 16:30:00,10,1,28,16,30,330,318,AVE JEAN JAURES,,,Plein jour,En agglomération,Intersection en T,Normale,Deux véhicules - côté,,,,,,,,,,,1,2,3,1.0,3.0
201000028792,0010-01-29 23:20:00,10,1,29,23,20,330,69,RUE POISSANT,,,Nuit avec éclairage allumé,En agglomération,Intersection en X,Normale,Deux véhicules - côté,,,,,,,,,,,5,2,2,1.0,3.0
201000028793,0010-02-01 17:40:00,10,2,1,17,40,330,119,"54, CRS DE VERDUN",,,Plein jour,En agglomération,Hors intersection,Normale,Autre collision,,,,,,,,,,,1,2,1,1.0,6.0
201000028794,0010-02-02 16:10:00,10,2,2,16,10,330,63,AVE CHARLES DE GAULLE CA,,,Plein jour,En agglomération,Hors intersection,Normale,Deux véhicules - côté,,,,,,,,,,,1,2,1,1.0,3.0
201000028795,0010-02-02 19:00:00,10,2,2,19,0,330,63,RUE DE BEGLES,,,Nuit avec éclairage allumé,En agglomération,Intersection en X,Normale,Deux véhicules - côté,,,,,,,,,,,5,2,2,1.0,3.0
201000028796,0010-02-02 16:20:00,10,2,2,16,20,330,63,BD ALFRED DANEY,,,Plein jour,En agglomération,Hors intersection,Normale,Deux véhicules - côté,,,,,,,,,,,1,2,1,1.0,3.0
201000028797,0010-01-22 17:00:00,10,1,22,17,0,330,550,"131, AVE DES PYRENEES",,,Plein jour,En agglomération,Hors intersection,Normale,Sans collision,,,,,,,,,,,1,2,1,1.0,7.0
201000028798,0010-02-04 08:50:00,10,2,4,8,50,330,63,RUE DE TAUZIA,,,Plein jour,En agglomération,Giratoire,Normale,Deux véhicules - côté,,,,,,,,,,,1,2,6,1.0,3.0
201000028799,0010-02-04 14:00:00,10,2,4,14,0,330,63,"122, BD MARECHAL LECLERC",,,Plein jour,En agglomération,Intersection en X,Normale,Deux véhicules - arrière,,,,,,,,,,,1,2,2,1.0,2.0
201000028800,0010-02-04 17:50:00,10,2,4,17,50,330,63,RUE FURTADO,,,Crépuscule ou aube,En agglomération,Hors intersection,Pluie légère,Autre collision,,,,,,,,,,,2,2,1,2.0,6.0
201000028801,0010-02-01 08:05:00,10,2,1,8,5,330,318,"20, AVE DE LA CHATAIGNER",,,Plein jour,En agglomération,Hors intersection,Normale,Autre collision,,,,,,,,,,,1,2,1,1.0,6.0
201000028802,0010-02-01 10:05:00,10,2,1,10,5,330,550,"70, RTE DE LEOGNAN",,,Plein jour,En agglomération,Giratoire,Normale,Autre collision,,,,,,,,,,,1,2,6,1.0,6.0
201000028803,0010-01-29 13:55:00,10,1,29,13,55,330,550,"20, RUE YVON MANSENCAL",,,Plein jour,En agglomération,Hors intersection,Pluie forte,Deux véhicules - arrière,,,,,,,,,,,1,2,1,3.0,2.0
201000028804,0010-01-30 18:40:00,10,1,30,18,40,330,192,"9, CRS DU GENERAL DE GAU",,,Nuit avec éclairage allumé,En agglomération,Hors intersection,Normale,Deux véhicules - côté,,,,,,,,,,,5,2,1,1.0,3.0
201000028805,0010-02-02 20:20:00,10,2,2,20,20,330,63,CRS DE LA MARNE,,,Nuit avec éclairage allumé,En agglomération,Intersection en X,Normale,Deux véhicules - côté,,,,,,,,,,,5,2,2,1.0,3.0
201000028806,0010-02-03 19:15:00,10,2,3,19,15,330,63,PONT DE PIERRE,,,Crépuscule ou aube,En agglomération,Hors intersection,Normale,Trois véhicules et plus - en chaîne,,,,,,,,,,,2,2,1,1.0,4.0
201000028807,0010-02-05 14:35:00,10,2,5,14,35,330,63,"204, CRS DU MEDOC",,,Plein jour,En agglomération,Hors intersection,Pluie légère,Deux véhicules - côté,,,,,,,,,,,1,2,1,2.0,3.0
201000028808,0010-02-01 10:50:00,10,2,1,10,50,330,522,CRS GAMBETTA,,,Plein jour,En agglomération,Intersection en T,Normale,Deux véhicules - arrière,,,,,,,,,,,1,2,3,1.0,2.0
201000028809,0010-02-05 09:30:00,10,2,5,9,30,330,63,"221, AVE EMILE COUNORD",,,Plein jour,En agglomération,Hors intersection,Pluie légère,Deux véhicules - arrière,,,,,,,,,,,1,2,1,2.0,2.0
201000028810,0010-02-05 15:30:00,10,2,5,15,30,330,63,"130, CRS EDOUARD VAILLAN",,,Plein jour,En agglomération,Hors intersection,Temps couvert,Deux véhicules - côté,,,,,,,,,,,1,2,1,8.0,3.0
201000028811,0010-02-05 18:10:00,10,2,5,18,10,330,63,RUE CHANTECRIT,,,Crépuscule ou aube,En agglomération,Intersection en X,Pluie forte,Deux véhicules - côté,,,,,,,,,,,2,2,2,3.0,3.0
201000028812,0010-02-05 21:20:00,10,2,5,21,20,330,63,RUE FONDAUDEGE,,,Nuit avec éclairage allumé,En agglomération,Intersection en X,Pluie forte,Deux véhicules - côté,,,,,,,,,,,5,2,2,3.0,3.0
201000028813,0010-02-06 17:45:00,10,2,6,17,45,330,63,"107, RUE AMEDEE SAINT-GE",,,Plein jour,En agglomération,Hors intersection,Pluie légère,Deux véhicules - frontale,,,,,,,,,,,1,2,1,2.0,1.0
201000028814,0010-02-07 17:30:00,10,2,7,17,30,330,63,RUE FONDAUDEGE,,,Plein jour,En agglomération,Intersection en X,Normale,Deux véhicules - côté,,,,,,,,,,,1,2,2,1.0,3.0
201000028815,0010-02-07 03:20:00,10,2,7,3,20,330,63,BD ALBERT 1ER,,,Nuit avec éclairage allumé,En agglomération,Intersection à plus de 4 branches,Normale,Deux véhicules - arrière,,,,,,,,,,,5,2,5,1.0,2.0
201000028816,0010-02-08 15:30:00,10,2,8,15,30,330,63,RUE PASTEUR CAUD,,,Plein jour,En agglomération,Intersection en X,Normale,Deux véhicules - côté,,,,,,,,,,,1,2,2,1.0,3.0
201000028817,0010-02-01 11:40:00,10,2,1,11,40,330,281,AVE PRESIDENT J.F. KENNE,,,Plein jour,En agglomération,Hors intersection,Normale,Trois véhicules et plus - collisions multiples,,,,,,,,,,,1,2,1,1.0,5.0
201000028818,0010-02-10 09:35:00,10,2,10,9,35,330,63,RUE DEVEAUX CAUD,,,Plein jour,En agglomération,Intersection en X,Normale,Autre collision,,,,,,,,,,,1,2,2,1.0,6.0
201000028819,0010-02-10 13:40:00,10,2,10,13,40,330,63,"02, QUAI DES QUEYRIES",,,Plein jour,En agglomération,Hors intersection,Normale,Autre collision,,,,,,,,,,,1,2,1,1.0,6.0
201000028820,0010-02-05 19:20:00,10,2,5,19,20,330,522,RUE PACARIS,,,Nuit avec éclairage allumé,En agglomération,Giratoire,Temps couvert,Autre collision,,,,,,,,,,,5,2,6,8.0,6.0
201000028821,0010-02-10 10:15:00,10,2,10,10,15,330,119,AVE RENE CASSAGNE,,,Plein jour,En agglomération,Giratoire,Normale,Autre collision,,,,,,,,,,,1,2,6,1.0,6.0
201000028822,0010-02-12 11:20:00,10,2,12,11,20,330,63,"13, CRS PORTAL",,,Plein jour,En agglomération,Hors intersection,Normale,Autre collision,,,,,,,,,,,1,2,1,1.0,6.0
201000028823,0010-02-10 22:45:00,10,2,10,22,45,330,318,AVE PIERRE WIEHN,,,Nuit avec éclairage allumé,En agglomération,Intersection à plus de 4 branches,Pluie légère,Sans collision,,,,,,,,,,,5,2,5,2.0,7.0
201000028824,0010-02-10 08:40:00,10,2,10,8,40,330,281,AVE DE L'ARGONNE,,,Plein jour,En agglomération,Hors intersection,Normale,Deux véhicules - côté,,,,,,,,,,,1,2,1,1.0,3.0
201000028825,0010-02-10 16:00:00,10,2,10,16,0,330,281,"166, AVE DE LA LIBERATIO",,,Plein jour,En agglomération,Hors intersection,Normale,Deux véhicules - arrière,,,,,,,,,,,1,2,1,1.0,2.0
201000028826,0010-02-12 19:30:00,10,2,12,19,30,330,119,RUE CAMILLE PELLETAN,,,Nuit avec éclairage allumé,En agglomération,Hors intersection,Normale,Autre collision,,,,,,,,,,,5,2,1,1.0,6.0
201000028827,0010-02-15 18:10:00,10,2,15,18,10,330,63,BD ANTOINE GAUTIER,,,Plein jour,En agglomération,Intersection en X,Normale,Trois véhicules et plus - collisions multiples,,,,,,,,,,,1,2,2,1.0,5.0
201000028828,0010-02-16 16:30:00,10,2,16,16,30,330,63,RUE LAGRAVEYRE CAUD,,,Plein jour,En agglomération,Intersection en T,Normale,Deux véhicules - côté,,,,,,,,,,,1,2,3,1.0,3.0
201000028829,0010-02-16 15:15:00,10,2,16,15,15,330,63,"72, RUE DE L'ECOLE NORMA",,,Plein jour,En agglomération,Hors intersection,Normale,Autre collision,,,,,,,,,,,1,2,1,1.0,6.0
201000028830,0010-02-16 17:00:00,10,2,16,17,0,330,63,CRS DE L'YSER,,,Plein jour,En agglomération,Hors intersection,Normale,Deux véhicules - frontale,,,,,,,,,,,1,2,1,1.0,1.0
201000028831,0010-02-16 10:45:00,10,2,16,10,45,330,63,AVE DES TROIS CARDINAUX,,,Plein jour,En agglomération,Hors intersection,Normale,Deux véhicules - arrière,,,,,,,,,,,1,2,1,1.0,2.0
201000028832,0010-02-14 15:30:00,10,2,14,15,30,330,63,BD ALFRED DANEY,,,Plein jour,En agglomération,Intersection en Y,Normale,Deux véhicules - arrière,,,,,,,,,,,1,2,4,1.0,2.0
201000028833,0010-02-16 10:50:00,10,2,16,10,50,330,63,QUAI DE BRAZZA,,,Plein jour,En agglomération,Intersection en X,Normale,Deux véhicules - côté,,,,,,,,,,,1,2,2,1.0,3.0
201000028834,0010-02-10 16:35:00,10,2,10,16,35,330,550,"44, AVE DES PYRENEES",,,Plein jour,En agglomération,Hors intersection,Normale,Trois véhicules et plus - collisions multiples,,,,,,,,,,,1,2,1,1.0,5.0
201000028835,0010-02-10 13:30:00,10,2,10,13,30,330,69,AVE DE TIVOLI,,,Plein jour,En agglomération,Intersection en X,Normale,Deux véhicules - côté,,,,,,,,,,,1,2,2,1.0,3.0
201000028836,0010-02-17 07:15:00,10,2,17,7,15,330,63,AVE D'EYSINES CAUD,,,Crépuscule ou aube,En agglomération,Intersection en T,Normale,Deux véhicules - côté,,,,,,,,,,,2,2,3,1.0,3.0
201000028837,0010-02-17 07:50:00,10,2,17,7,50,330,63,RUE PASTEUR CAUD,,,Plein jour,En agglomération,Intersection à plus de 4 branches,Normale,Deux véhicules - arrière,,,,,,,,,,,1,2,5,1.0,2.0
201000028838,0010-02-14 20:30:00,10,2,14,20,30,330,318,AVE DU PONT DE L'ORIENT,,,Nuit avec éclairage allumé,En agglomération,Intersection en X,Normale,Deux véhicules - côté,,,,,,,,,,,5,2,2,1.0,3.0
201000028839,0010-02-14 12:05:00,10,2,14,12,5,330,75,"59, RUE PIERRE ET MARIE",,,Plein jour,En agglomération,Hors intersection,Normale,Deux véhicules - côté,,,,,,,,,,,1,2,1,1.0,3.0
201000028840,0010-02-18 09:30:00,10,2,18,9,30,330,63,RUE LAVOISIER CAUD,,,Plein jour,En agglomération,Intersection en Y,Normale,Deux véhicules - côté,,,,,,,,,,,1,2,4,1.0,3.0
201000028841,0010-02-12 12:20:00,10,2,12,12,20,330,281,AVE PRESIDENT J.F. KENNE,,,Plein jour,En agglomération,Hors intersection,Normale,Trois véhicules et plus - collisions multiples,,,,,,,,,,,1,2,1,1.0,5.0
201000028842,0010-02-19 07:50:00,10,2,19,7,50,330,281,AVE BON AIR,,,Plein jour,En agglomération,Intersection en T,Normale,Autre collision,,,,,,,,,,,1,2,3,1.0,6.0
201000028843,0010-02-15 12:45:00,10,2,15,12,45,330,281,RUE EDGAR DEGAS,,,Plein jour,En agglomération,Intersection en T,Normale,Deux véhicules - côté,,,,,,,,,,,1,2,3,1.0,3.0
201000028844,0010-02-19 08:49:00,10,2,19,8,49,330,63,RUE FIEFFE,,,Plein jour,En agglomération,Intersection en X,Normale,Deux véhicules - côté,,,,,,,,,,,1,2,2,1.0,3.0
201000028845,0010-02-20 04:02:00,10,2,20,4,2,330,63,QUAI DES CHARTRONS,,,Nuit avec éclairage allumé,En agglomération,Hors intersection,Pluie légère,Deux véhicules - côté,,,,,,,,,,,5,2,1,2.0,3.0
201000028846,0010-02-19 14:30:00,10,2,19,14,30,330,63,PRK LEROY MERLIN,,,Plein jour,En agglomération,Hors intersection,Normale,Autre collision,,,,,,,,,,,1,2,1,1.0,6.0
201000028847,0010-02-20 02:20:00,10,2,20,2,20,330,63,BD DU PDT FRANKLIN ROOSE,,,Nuit avec éclairage allumé,En agglomération,Intersection à plus de 4 branches,Normale,Deux véhicules - arrière,,,,,,,,,,,5,2,5,1.0,2.0
201000028848,0010-02-19 17:00:00,10,2,19,17,0,330,63,"37, CRS ARISTIDE BRIAND",,,Plein jour,En agglomération,Hors intersection,Normale,Autre collision,,,,,,,,,,,1,2,1,1.0,6.0
201000028849,0010-02-22 14:00:00,10,2,22,14,0,330,63,RUE RAMONET,,,Plein jour,En agglomération,Intersection en X,Normale,Deux véhicules - côté,,,,,,,,,,,1,2,2,1.0,3.0
201000028850,0010-02-17 18:40:00,10,2,17,18,40,330,318,AVE BOUGNARD,,,Nuit avec éclairage non allumé,En agglomération,Hors intersection,Pluie légère,Autre collision,,,,,,,,,,,4,2,1,2.0,6.0
201000028851,0010-02-11 18:15:00,10,2,11,18,15,330,318,"79, AVE JEAN JAURES",,,Crépuscule ou aube,En agglomération,Hors intersection,Normale,Trois véhicules et plus - collisions multiples,,,,,,,,,,,2,2,1,1.0,5.0
201000028852,0010-02-22 23:45:00,10,2,22,23,45,330,550,RTE DE TOULOUSE,,,Nuit avec éclairage allumé,En agglomération,Hors intersection,Normale,Deux véhicules - frontale,,,,,,,,,,,5,2,1,1.0,1.0
201000028853,0010-02-23 13:05:00,10,2,23,13,5,330,63,RUE DE PESSAC,,,Plein jour,En agglomération,Intersection à plus de 4 branches,Normale,Deux véhicules - côté,,,,,,,,,,,1,2,5,1.0,3.0
201000028854,0010-02-23 14:49:00,10,2,23,14,49,330,63,BD GEORGES POMPIDOU,,,Plein jour,En agglomération,Hors intersection,Normale,Deux véhicules - arrière,,,,,,,,,,,1,2,1,1.0,2.0
201000028855,0010-02-17 20:55:00,10,2,17,20,55,330,119,RUE PETRUS RUBENS,,,Nuit avec éclairage allumé,En agglomération,Intersection en T,Pluie légère,Deux véhicules - côté,,,,,,,,,,,5,2,3,2.0,3.0
201000028856,0010-02-21 14:53:00,10,2,21,14,53,330,318,AVE DE MADRAN,,,Plein jour,En agglomération,Intersection en T,Pluie légère,Autre collision,,,,,,,,,,,1,2,3,2.0,6.0
201000028857,0010-02-23 16:10:00,10,2,23,16,10,330,249,"26, RUE LOUIS BEYDTS",,,Plein jour,En agglomération,Hors intersection,Normale,Deux véhicules - côté,,,,,,,,,,,1,2,1,1.0,3.0
201000028858,0010-02-25 09:30:00,10,2,25,9,30,330,63,CRS DU RACCORDEMENT,,,Plein jour,En agglomération,Intersection en X,Normale,Deux véhicules - côté,,,,,,,,,,,1,2,2,1.0,3.0
201000028859,0010-02-26 22:00:00,10,2,26,22,0,330,63,"115, RUE STEHELIN CAUD",,,Nuit avec éclairage allumé,En agglomération,Hors intersection,Normale,Autre collision,,,,,,,,,,,5,2,1,1.0,6.0
201000028860,0010-02-26 18:00:00,10,2,26,18,0,330,63,RUE GENERAL DE LARMINAT,,,Plein jour,En agglomération,Intersection en T,Normale,Deux véhicules - côté,,,,,,,,,,,1,2,3,1.0,3.0
201000028861,0010-02-28 22:30:00,10,2,28,22,30,330,318,"22, AVE JEAN MEYRAUD",,,Nuit avec éclairage allumé,En agglomération,Hors intersection,Normale,Autre collision,,,,,,,,,,,5,2,1,1.0,6.0
201000028862,0010-02-26 21:59:00,10,2,26,21,59,330,281,AVE DE LA MARNE,,,Nuit avec éclairage allumé,En agglomération,Intersection en T,Normale,Deux véhicules - côté,,,,,,,,,,,5,2,3,1.0,3.0
201000028863,0010-02-24 16:50:00,10,2,24,16,50,330,281,AVE DE LA MARNE,,,Plein jour,En agglomération,Hors intersection,Normale,Trois véhicules et plus - collisions multiples,,,,,,,,,,,1,2,1,1.0,5.0
201000028864,0010-03-01 19:20:00,10,3,1,19,20,330,75,AV DE VERDUN/AV LA MARNE,,,Nuit avec éclairage allumé,En agglomération,Intersection en T,Normale,Deux véhicules - côté,,,,,,,,,,,5,2,3,1.0,3.0
201000028865,0010-02-23 13:00:00,10,2,23,13,0,330,522,CRS MARECHAL GALLIENI,,,Plein jour,En agglomération,Intersection en T,Normale,Deux véhicules - côté,,,,,,,,,,,1,2,3,1.0,3.0
201000028866,0010-02-26 12:40:00,10,2,26,12,40,330,281,AVE MAL DE LATTRE DE TAS,,,Plein jour,En agglomération,Hors intersection,Pluie forte,Autre collision,,,,,,,,,,,1,2,1,3.0,6.0
201000028867,0010-02-26 05:00:00,10,2,26,5,0,330,119,AVE CARNOT,,,Nuit avec éclairage allumé,En agglomération,Hors intersection,Normale,Sans collision,,,,,,,,,,,5,2,1,1.0,7.0
201000028868,0010-02-28 18:50:00,10,2,28,18,50,330,281,RUE DE LARTIGUE,,,Crépuscule ou aube,En agglomération,Hors intersection,Normale,Deux véhicules - frontale,,,,,,,,,,,2,2,1,1.0,1.0
201000028869,0010-02-26 13:55:00,10,2,26,13,55,330,281,AVE MATOSINHOS,,,Plein jour,En agglomération,Intersection en Y,Pluie légère,Deux véhicules - côté,,,,,,,,,,,1,2,4,2.0,3.0
201000028870,0010-03-07 00:05:00,10,3,7,0,5,330,63,STALINGRAD A BIRHAKEIM,,,Nuit avec éclairage allumé,En agglomération,Hors intersection,Normale,Autre collision,,,,,,,,,,,5,2,1,1.0,6.0
201000028871,0010-03-05 05:55:00,10,3,5,5,55,330,63,BD PDT WILSON/R J.FERRY,,,Nuit avec éclairage allumé,En agglomération,Intersection en X,Normale,Deux véhicules - côté,,,,,,,,,,,5,2,2,1.0,3.0
201000028872,0010-03-05 16:00:00,10,3,5,16,0,330,63,CRS LIBERATION/BELFORT,,,Plein jour,En agglomération,Intersection en X,Normale,Autre collision,,,,,,,,,,,1,2,2,1.0,6.0
201000028873,0010-03-05 14:05:00,10,3,5,14,5,330,63,PRX PRK LEROY MERLIN,,,Plein jour,En agglomération,Hors intersection,Normale,Autre collision,,,,,,,,,,,1,2,1,1.0,6.0
201000028874,0010-03-03 08:25:00,10,3,3,8,25,330,249,GAROSSES/LIBERATION,,,Plein jour,En agglomération,Giratoire,Normale,Deux véhicules - arrière,,,,,,,,,,,1,2,6,1.0,2.0
201000028875,0010-03-06 17:15:00,10,3,6,17,15,330,63,VHA VENANT DE CHEMINADE,,,Plein jour,En agglomération,Intersection en X,Normale,Deux véhicules - côté,,,,,,,,,,,1,2,2,1.0,3.0
201000028876,0010-03-02 20:10:00,10,3,2,20,10,330,119,DR SCHWEITZER/A.BRIAND,,,Nuit avec éclairage allumé,En agglomération,Giratoire,Normale,Deux véhicules - côté,,,,,,,,,,,5,2,6,1.0,3.0