accident_id,datetime,annee,mois,jour,heure,minute,departement,commune_insee,adresse,latitude,longitude,luminosite,agglomeration,intersection,meteo,collision,nb_vehicules,nb_usagers,nb_indemnes,nb_tues,nb_blesses_hosp,nb_blesses_legers,age_cond_1,age_cond_2,veh_type_cond_1,veh_type_cond_2,lum_code,agg_code,int_code,atm_code,col_code
201000028877,0010-03-06 15:20:00,10,3,6,15,20,330,63,BD PDT WILSON/R COLMAR,,,Plein jour,En agglomération,Intersection en T,Normale,Deux véhicules - côté,,,,,,,,,,,1,2,3,1.0,3.0
201000028878,0010-03-08 17:30:00,10,3,8,17,30,330,39,R CH LA BARRE/IMP BARRE,,,Plein jour,En agglomération,Intersection en T,Normale,Deux véhicules - côté,,,,,,,,,,,1,2,3,1.0,3.0
201000028879,0010-03-08 06:00:00,10,3,8,6,0,330,63,Q CHARTRONS/CRS MEDOC,,,Nuit avec éclairage allumé,En agglomération,Intersection en T,Normale,Deux véhicules - arrière,,,,,,,,,,,5,2,3,1.0,2.0
201000028880,0010-03-09 18:00:00,10,3,9,18,0,330,63,45 ML JUIN - NOVOTEL,,,Plein jour,En agglomération,Hors intersection,Normale,Autre collision,,,,,,,,,,,1,2,1,1.0,6.0
201000028881,0010-03-09 16:20:00,10,3,9,16,20,330,63,CH DE GAULLE/F.MAURIAC,,,Plein jour,En agglomération,Intersection en T,Normale,Deux véhicules - côté,,,,,,,,,,,1,2,3,1.0,3.0
201000028882,0010-03-09 14:05:00,10,3,9,14,5,330,63,330/325 AVE THIERS,,,Plein jour,En agglomération,Hors intersection,Normale,Deux véhicules - arrière,,,,,,,,,,,1,2,1,1.0,2.0
201000028883,0010-02-26 17:15:00,10,2,26,17,15,330,522,AVE DE THOUARS,,,Plein jour,En agglomération,Intersection en T,Normale,Deux véhicules - côté,,,,,,,,,,,1,2,3,1.0,3.0
201000028884,0010-03-05 08:45:00,10,3,5,8,45,330,550,AV G.CLEMENCEAU/TRONQUET,,,Plein jour,En agglomération,Intersection en Y,Normale,Deux véhicules - arrière,,,,,,,,,,,1,2,4,1.0,2.0
201000028885,0010-03-03 17:45:00,10,3,3,17,45,330,281,PL CH. DE GAULLE/VERDUN,,,Crépuscule ou aube,En agglomération,Intersection en X,Pluie légère,Autre collision,,,,,,,,,,,2,2,2,2.0,6.0
201000028886,0010-03-03 13:45:00,10,3,3,13,45,330,281,38 R F.ARAGO -GRAVILLONS,,,Plein jour,En agglomération,Hors intersection,Normale,Autre collision,,,,,,,,,,,1,2,1,1.0,6.0
201000028887,0010-03-02 12:30:00,10,3,2,12,30,330,192,DES ERABLES/DES SAULES,,,Plein jour,En agglomération,Intersection en X,Normale,Deux véhicules - côté,,,,,,,,,,,1,2,2,1.0,3.0
201000028888,0010-03-02 08:57:00,10,3,2,8,57,330,522,R VERDEAU/R F.SEVENE,,,Plein jour,En agglomération,Intersection en T,Normale,Deux véhicules - côté,,,,,,,,,,,1,2,3,1.0,3.0
201000028889,0010-02-25 19:50:00,10,2,25,19,50,330,522,CRS DE LA LIBERATION,,,Nuit avec éclairage allumé,En agglomération,Intersection en T,Temps couvert,Deux véhicules - côté,,,,,,,,,,,5,2,3,8.0,3.0
201000028890,0010-03-10 10:20:00,10,3,10,10,20,330,63,R LACORNEE/CRS MAL JUIN,,,Plein jour,En agglomération,Intersection en T,Normale,Deux véhicules - côté,,,,,,,,,,,1,2,3,1.0,3.0
201000028891,0010-03-10 11:35:00,10,3,10,11,35,330,63,EYSINES/CDT CHARCOT,,,Plein jour,En agglomération,Intersection en X,Normale,Deux véhicules - côté,,,,,,,,,,,1,2,2,1.0,3.0
201000028892,0010-03-10 17:38:00,10,3,10,17,38,330,63,RUE LEO SAIGNAT,,,Plein jour,En agglomération,Hors intersection,Temps couvert,Deux véhicules - arrière,,,,,,,,,,,1,2,1,8.0,2.0
201000028893,0010-03-10 17:40:00,10,3,10,17,40,330,63,RUE PIERRE CHAREAU,,,Crépuscule ou aube,En agglomération,Intersection en X,Normale,Deux véhicules - arrière,,,,,,,,,,,2,2,2,1.0,2.0
201000028894,0010-03-10 19:10:00,10,3,10,19,10,330,63,FACE A N249 XAINTRAILLES,,,Nuit avec éclairage allumé,En agglomération,Hors intersection,Normale,Deux véhicules - côté,,,,,,,,,,,5,2,1,1.0,3.0
201000028895,0010-03-07 16:00:00,10,3,7,16,0,330,192,GL GAULLE/FAVARD,,,Plein jour,En agglomération,Intersection en T,Normale,Trois véhicules et plus - en chaîne,,,,,,,,,,,1,2,3,1.0,4.0
201000028896,0010-03-04 12:05:00,10,3,4,12,5,330,318,AV CALIFORNIE/GL LECLERC,,,Plein jour,En agglomération,Intersection en X,Normale,Autre collision,,,,,,,,,,,1,2,2,1.0,6.0
201000028897,0010-03-05 16:45:00,10,3,5,16,45,330,192,RUE ANATOLE FRANCE,,,Plein jour,En agglomération,Hors intersection,Normale,Deux véhicules - frontale,,,,,,,,,,,1,2,1,1.0,1.0
201000028898,0010-03-08 17:15:00,10,3,8,17,15,330,522,SUR PARKING,,,Plein jour,En agglomération,Hors intersection,Normale,Deux véhicules - côté,,,,,,,,,,,1,2,1,1.0,3.0
201000028899,0010-03-07 11:30:00,10,3,7,11,30,330,69,88 R R.POINCARE,,,Plein jour,En agglomération,Hors intersection,Normale,Autre collision,,,,,,,,,,,1,2,1,1.0,6.0
201000028900,0010-03-11 12:00:00,10,3,11,12,0,330,63,RUE JARDEL/ALL SERR,,,Plein jour,En agglomération,Intersection en X,Normale,Deux véhicules - côté,,,,,,,,,,,1,2,2,1.0,3.0
201000028901,0010-03-11 12:30:00,10,3,11,12,30,330,63,DESCHAMPS/VOIE ACCES PT,,,Plein jour,En agglomération,Intersection à plus de 4 branches,Normale,Deux véhicules - côté,,,,,,,,,,,1,2,5,1.0,3.0
201000028902,0010-03-11 18:30:00,10,3,11,18,30,330,63,"11, CRS DE LA MARNE",,,Plein jour,En agglomération,Hors intersection,Normale,Deux véhicules - côté,,,,,,,,,,,1,2,1,1.0,3.0
201000028903,0010-03-11 17:40:00,10,3,11,17,40,330,63,PDT WILSON/H.DEFFES,,,Plein jour,En agglomération,Intersection en T,Normale,Autre collision,,,,,,,,,,,1,2,3,1.0,6.0
201000028904,0010-03-13 05:30:00,10,3,13,5,30,330,63,DS IMP SUR Q.PALUDATE,,,Plein jour,En agglomération,Hors intersection,Normale,Autre collision,,,,,,,,,,,1,2,1,1.0,6.0
201000028905,0010-03-14 20:40:00,10,3,14,20,40,330,550,19 R ML  LAT DE TASSIGNY,,,Nuit avec éclairage allumé,En agglomération,Hors intersection,Normale,Trois véhicules et plus - collisions multiples,,,,,,,,,,,5,2,1,1.0,5.0
201000028906,0010-03-12 18:50:00,10,3,12,18,50,330,63,61 GEORGE V AVT GALLIENI,,,Plein jour,En agglomération,Hors intersection,Normale,Deux véhicules - côté,,,,,,,,,,,1,2,1,1.0,3.0
201000028907,0010-03-13 14:40:00,10,3,13,14,40,330,63,CRS DE L'ARGONNE/R BRIAN,,,Plein jour,En agglomération,Intersection à plus de 4 branches,Normale,Deux véhicules - côté,,,,,,,,,,,1,2,5,1.0,3.0
201000028908,0010-03-12 20:50:00,10,3,12,20,50,330,63,R DE BEGLES/R D'AUPERIE,,,Nuit avec éclairage allumé,En agglomération,Intersection en T,Normale,Deux véhicules - côté,,,,,,,,,,,5,2,3,1.0,3.0
201000028909,0010-03-12 16:25:00,10,3,12,16,25,330,63,GL LARMINAT/GAVINIES,,,Plein jour,En agglomération,Place,Normale,Autre collision,,,,,,,,,,,1,2,7,1.0,6.0
201000028910,0010-03-14 15:30:00,10,3,14,15,30,330,63,CASTEJA/ABBE DE L'EPEE,,,Plein jour,En agglomération,Intersection en X,Normale,Deux véhicules - côté,,,,,,,,,,,1,2,2,1.0,3.0
201000028911,0010-03-13 19:00:00,10,3,13,19,0,330,63,AVE DE NONTRASTE,,,Crépuscule ou aube,En agglomération,Hors intersection,Normale,Autre collision,,,,,,,,,,,2,2,1,1.0,6.0
201000028912,0010-03-13 10:50:00,10,3,13,10,50,330,63,P.L.LANDE/CURSOL,,,Plein jour,En agglomération,Intersection en X,Normale,Deux véhicules - frontale,,,,,,,,,,,1,2,2,1.0,1.0
201000028913,0010-03-15 18:15:00,10,3,15,18,15,330,63,LOUIS 18/ALL DE BRISTOL,,,Plein jour,En agglomération,Intersection en T,Normale,Deux véhicules - côté,,,,,,,,,,,1,2,3,1.0,3.0
201000028914,0010-03-03 18:10:00,10,3,3,18,10,330,522,STATION TRAM BETHANIE,,,Crépuscule ou aube,En agglomération,Intersection en Y,Pluie légère,Autre collision,,,,,,,,,,,2,2,4,2.0,6.0
201000028915,0010-03-16 09:10:00,10,3,16,9,10,330,63,"28, RUE CASTEJA",,,Plein jour,En agglomération,Hors intersection,Normale,Deux véhicules - côté,,,,,,,,,,,1,2,1,1.0,3.0
201000028916,0010-03-16 16:40:00,10,3,16,16,40,330,63,172 BD GODARD-PL AMPERE,,,Plein jour,En agglomération,Hors intersection,Normale,Autre collision,,,,,,,,,,,1,2,1,1.0,6.0
201000028917,0010-03-17 20:05:00,10,3,17,20,5,330,63,BD DU PRESIDENT WILSON,,,Nuit avec éclairage allumé,En agglomération,Intersection en X,Normale,Deux véhicules - côté,,,,,,,,,,,5,2,2,1.0,3.0
201000028918,0010-03-17 09:40:00,10,3,17,9,40,330,63,E.VAILLANT/CDT HAUTREUX,,,Plein jour,En agglomération,Intersection en T,Normale,Deux véhicules - côté,,,,,,,,,,,1,2,3,1.0,3.0
201000028919,0010-03-17 19:45:00,10,3,17,19,45,330,69,"3, AVE AUGUSTE FERRET",,,Nuit avec éclairage allumé,En agglomération,Hors intersection,Normale,Deux véhicules - frontale,,,,,,,,,,,5,2,1,1.0,1.0
201000028920,0010-03-16 20:15:00,10,3,16,20,15,330,63,CAUDERES/TAREGUA,,,Nuit avec éclairage allumé,En agglomération,Intersection en X,Normale,Deux véhicules - côté,,,,,,,,,,,5,2,2,1.0,3.0
201000028921,0010-03-10 06:55:00,10,3,10,6,55,330,192,HIPPODROME/L WEISS,,,Crépuscule ou aube,En agglomération,Hors intersection,Normale,Deux véhicules - côté,,,,,,,,,,,2,2,1,1.0,3.0
201000028922,0010-03-09 18:30:00,10,3,9,18,30,330,75,"28/30, AVE R. MANAUD",,,Plein jour,En agglomération,Hors intersection,Normale,Autre collision,,,,,,,,,,,1,2,1,1.0,6.0
201000028923,0010-03-09 13:55:00,10,3,9,13,55,330,69,AV DE TIVOLI/R DES ECUS,,,Plein jour,En agglomération,Intersection en X,Normale,Deux véhicules - côté,,,,,,,,,,,1,2,2,1.0,3.0
201000028924,0010-03-17 07:25:00,10,3,17,7,25,330,63,52 RUE DE TIVOLI,,,Plein jour,En agglomération,Hors intersection,Normale,Deux véhicules - côté,,,,,,,,,,,1,2,1,1.0,3.0
201000028925,0010-03-08 17:05:00,10,3,8,17,5,330,69,"82, R RAYMOND LAVIGNE",,,Plein jour,En agglomération,Hors intersection,Normale,Autre collision,,,,,,,,,,,1,2,1,1.0,6.0
201000028926,0010-03-18 09:00:00,10,3,18,9,0,330,63,SORTIE PRK PREFECTURE,,,Plein jour,En agglomération,Hors intersection,Normale,Deux véhicules - côté,,,,,,,,,,,1,2,1,1.0,3.0
201000028927,0010-03-17 15:10:00,10,3,17,15,10,330,249,PARKING,,,Plein jour,En agglomération,Hors intersection,Normale,Deux véhicules - côté,,,,,,,,,,,1,2,1,1.0,3.0
201000028928,0010-03-13 18:40:00,10,3,13,18,40,330,32,R C.JULLIAN/AV L.BLUM,,,Crépuscule ou aube,En agglomération,Intersection à plus de 4 branches,Normale,Deux véhicules - côté,,,,,,,,,,,2,2,5,1.0,3.0
201000028929,0010-03-21 06:03:00,10,3,21,6,3,330,63,PCE BIR HAKEIM,,,Nuit avec éclairage allumé,En agglomération,Hors intersection,Pluie légère,Autre collision,,,,,,,,,,,5,2,1,2.0,6.0
201000028930,0010-03-19 20:15:00,10,3,19,20,15,330,39,"254, BD J.J.BOSC",,,Nuit avec éclairage allumé,En agglomération,Hors intersection,Normale,Deux véhicules - côté,,,,,,,,,,,5,2,1,1.0,3.0
201000028931,0010-03-13 17:35:00,10,3,13,17,35,330,75,VL.A POTEAU ECLAIR N°26,,,Plein jour,En agglomération,Hors intersection,Normale,Deux véhicules - côté,,,,,,,,,,,1,2,1,1.0,3.0
201000028932,0010-03-15 08:45:00,10,3,15,8,45,330,249,JUSTE AP CAR 4 PAVILLONS,,,Plein jour,En agglomération,Hors intersection,Normale,Trois véhicules et plus - en chaîne,,,,,,,,,,,1,2,1,1.0,4.0
201000028933,0010-03-22 07:25:00,10,3,22,7,25,330,63,R ROSA BONHEUR/R E.RENAN,,,Plein jour,En agglomération,Intersection en X,Normale,Deux véhicules - côté,,,,,,,,,,,1,2,2,1.0,3.0
201000028934,0010-03-22 11:35:00,10,3,22,11,35,330,75,VIA MARTYRS RESISTANCE,,,Plein jour,En agglomération,Hors intersection,Normale,Autre collision,,,,,,,,,,,1,2,1,1.0,6.0
201000028935,0010-03-23 13:30:00,10,3,23,13,30,330,63,"172, R J.FERRY/HAZERA",,,Plein jour,En agglomération,Intersection en X,Normale,Deux véhicules - côté,,,,,,,,,,,1,2,2,1.0,3.0
201000028936,0010-03-19 07:55:00,10,3,19,7,55,330,281,RUE DU MINON/RUE HERGE,,,Plein jour,En agglomération,Intersection en T,Normale,Autre collision,,,,,,,,,,,1,2,3,1.0,6.0
201000028937,0010-03-17 19:40:00,10,3,17,19,40,330,69,RUE PASTEUR,,,Nuit avec éclairage allumé,En agglomération,Intersection en X,Normale,Deux véhicules - côté,,,,,,,,,,,5,2,2,1.0,3.0
201000028938,0010-03-16 09:15:00,10,3,16,9,15,330,192,PL B.ROUMEGOUX,,,Plein jour,En agglomération,Hors intersection,Normale,Deux véhicules - côté,,,,,,,,,,,1,2,1,1.0,3.0
201000028939,0010-03-17 16:30:00,10,3,17,16,30,330,318,CHATEAU EAU/J.JAURES,,,Plein jour,En agglomération,Intersection en T,Normale,Deux véhicules - côté,,,,,,,,,,,1,2,3,1.0,3.0
201000028940,0010-03-19 16:00:00,10,3,19,16,0,330,318,DRNANCEL PENARD/PIN VERT,,,Plein jour,En agglomération,Intersection à plus de 4 branches,Pluie légère,Deux véhicules - côté,,,,,,,,,,,1,2,5,2.0,3.0
201000028941,0010-03-19 18:20:00,10,3,19,18,20,330,119,L.MONDAUT/R.CASSAGNE,,,Plein jour,En agglomération,Intersection en T,Normale,Deux véhicules - arrière,,,,,,,,,,,1,2,3,1.0,2.0
201000028942,0010-03-23 19:25:00,10,3,23,19,25,330,63,"83, CRS DE LA MARNE",,,Plein jour,En agglomération,Hors intersection,Normale,Autre collision,,,,,,,,,,,1,2,1,1.0,6.0
201000028943,0010-03-24 14:45:00,10,3,24,14,45,330,63,"9, RUE DE CURSOL",,,Plein jour,En agglomération,Hors intersection,Normale,Deux véhicules - côté,,,,,,,,,,,1,2,1,1.0,3.0
201000028944,0010-03-18 09:30:00,10,3,18,9,30,330,522,COTE BORDEAUX N°29BIS,,,Plein jour,En agglomération,Intersection en T,Normale,Deux véhicules - côté,,,,,,,,,,,1,2,3,1.0,3.0
201000028945,0010-03-24 19:52:00,10,3,24,19,52,330,63,AVE DE LABARDE,,,Nuit avec éclairage allumé,En agglomération,Hors intersection,Normale,Deux véhicules - côté,,,,,,,,,,,5,2,1,1.0,3.0
201000028946,0010-03-24 09:35:00,10,3,24,9,35,330,167,7 COTE DE MONREPOS,,,Plein jour,En agglomération,Hors intersection,Normale,Deux véhicules - côté,,,,,,,,,,,1,2,1,1.0,3.0
201000028947,0010-03-25 10:05:00,10,3,25,10,5,330,63,Q CHARTRONS/PRV CHARTRON,,,Plein jour,En agglomération,Intersection en T,Normale,Autre collision,,,,,,,,,,,1,2,3,1.0,6.0
201000028948,0010-03-25 20:05:00,10,3,25,20,5,330,281,AV CHUT AP PONT ROCADE,,,Nuit avec éclairage allumé,En agglomération,Hors intersection,Pluie légère,Deux véhicules - frontale,,,,,,,,,,,5,2,1,2.0,1.0
201000028949,0010-03-25 10:35:00,10,3,25,10,35,330,63,AV L. BARTHOU/L'EGLISE,,,Plein jour,En agglomération,Intersection en T,Normale,Deux véhicules - arrière,,,,,,,,,,,1,2,3,1.0,2.0
201000028950,0010-03-27 17:45:00,10,3,27,17,45,330,63,RUE GONDALMA CAUD,,,Plein jour,En agglomération,Intersection en X,Normale,Deux véhicules - côté,,,,,,,,,,,1,2,2,1.0,3.0
201000028951,0010-03-25 19:38:00,10,3,25,19,38,330,63,Q STE- CROIX/Q PALUDATE,,,Nuit avec éclairage allumé,En agglomération,Intersection à plus de 4 branches,Pluie légère,Deux véhicules - côté,,,,,,,,,,,5,2,5,2.0,3.0
201000028952,0010-03-28 01:20:00,10,3,28,1,20,330,63,PL BIR HAKEIM/SALINIERES,,,Nuit avec éclairage allumé,En agglomération,Intersection en T,Pluie légère,Deux véhicules - côté,,,,,,,,,,,5,2,3,2.0,3.0
201000028953,0010-03-26 16:35:00,10,3,26,16,35,330,63,111/109 CRS MAL GALLIENI,,,Plein jour,En agglomération,Hors intersection,Normale,Deux véhicules - côté,,,,,,,,,,,1,2,1,1.0,3.0
201000028954,0010-03-25 10:20:00,10,3,25,10,20,330,249,PIMPIN/ROUQUEY,,,Plein jour,En agglomération,Intersection en Y,Normale,Autre collision,,,,,,,,,,,1,2,4,1.0,6.0
201000028955,0010-03-29 07:00:00,10,3,29,7,0,330,63,R VILLEDIEU/R DONISSAN,,,Crépuscule ou aube,En agglomération,Intersection en X,Normale,Deux véhicules - arrière,,,,,,,,,,,2,2,2,1.0,2.0
201000028956,0010-03-19 12:00:00,10,3,19,12,0,330,522,CRS GAMBETTA/M.BERTHELOT,,,Plein jour,En agglomération,Intersection en T,Normale,Deux véhicules - côté,,,,,,,,,,,1,2,3,1.0,3.0
201000028957,0010-03-24 18:05:00,10,3,24,18,5,330,281,"80, AVE DE LA SOMME",,,Plein jour,En agglomération,Hors intersection,Pluie légère,Deux véhicules - côté,,,,,,,,,,,1,2,1,2.0,3.0
201000028958,0010-03-21 18:00:00,10,3,21,18,0,330,63,BOCAGE/EYSINES,,,Plein jour,En agglomération,Intersection en X,Normale,Deux véhicules - côté,,,,,,,,,,,1,2,2,1.0,3.0
201000028959,0010-03-22 15:45:00,10,3,22,15,45,330,192,CRS GAL GAULLE/ROCHEFORT,,,Plein jour,En agglomération,Intersection en T,Normale,Deux véhicules - arrière,,,,,,,,,,,1,2,3,1.0,2.0
201000028960,0010-03-22 09:20:00,10,3,22,9,20,330,119,ACCES CCIAL/MORLETTE,,,Plein jour,En agglomération,Hors intersection,Normale,Deux véhicules - côté,,,,,,,,,,,1,2,1,1.0,3.0
201000028961,0010-03-24 12:00:00,10,3,24,12,0,330,281,L'ARGONNE/CHN PAS CHAUX,,,Plein jour,En agglomération,Intersection en T,Normale,Trois véhicules et plus - collisions multiples,,,,,,,,,,,1,2,3,1.0,5.0
201000028962,0010-03-26 23:30:00,10,3,26,23,30,330,318,AV PT L'ORIENT/DE NOES,,,Nuit avec éclairage allumé,En agglomération,Intersection en X,Normale,Autre collision,,,,,,,,,,,5,2,2,1.0,6.0
201000028963,0010-03-28 20:23:00,10,3,28,20,23,330,281,JARD/VERDUN,,,Nuit avec éclairage allumé,En agglomération,Intersection en X,Normale,Deux véhicules - frontale,,,,,,,,,,,5,2,2,1.0,1.0
201000028964,0010-03-30 14:30:00,10,3,30,14,30,330,63,"133, BD J.J. BOSC",,,Plein jour,En agglomération,Hors intersection,Pluie légère,Deux véhicules - arrière,,,,,,,,,,,1,2,1,2.0,2.0
201000028965,0010-03-26 17:35:00,10,3,26,17,35,330,318,HT LEVEQUE/R.CLAVE,,,Plein jour,En agglomération,Intersection en X,Normale,Deux véhicules - côté,,,,,,,,,,,1,2,2,1.0,3.0
201000028966,0010-03-28 03:05:00,10,3,28,3,5,330,39,B VENANT DE L.PALLIERE,,,Nuit avec éclairage allumé,En agglomération,Intersection en X,Pluie légère,Deux véhicules - côté,,,,,,,,,,,5,2,2,2.0,3.0
201000028967,0010-03-26 15:07:00,10,3,26,15,7,330,69,AV TIVOLI/R H.GROSSARD,,,Plein jour,En agglomération,Intersection en X,Normale,Deux véhicules - côté,,,,,,,,,,,1,2,2,1.0,3.0
201000028968,0010-04-02 02:05:00,10,4,2,2,5,330,192,RUE DU BOURDILLAT,,,Nuit avec éclairage allumé,En agglomération,Hors intersection,Normale,Sans collision,,,,,,,,,,,5,2,1,1.0,7.0
201000028969,0010-03-26 18:15:00,10,3,26,18,15,330,69,V.HUGO/AUSONE,,,Plein jour,En agglomération,Giratoire,Normale,Trois véhicules et plus - en chaîne,,,,,,,,,,,1,2,6,1.0,4.0
201000028970,0010-03-26 21:55:00,10,3,26,21,55,330,522,UNIVERSITE/VOIE TRAM,,,Nuit avec éclairage allumé,En agglomération,Giratoire,Pluie légère,Deux véhicules - côté,,,,,,,,,,,5,2,6,2.0,3.0
201000028971,0010-03-30 15:45:00,10,3,30,15,45,330,39,"173, CRS VICTOR HUGO",,,Plein jour,En agglomération,Hors intersection,Vent fort / tempête,Deux véhicules - arrière,,,,,,,,,,,1,2,1,6.0,2.0
201000028972,0010-04-01 10:10:00,10,4,1,10,10,330,63,RUE DE LA BENAUGE,,,Plein jour,En agglomération,Intersection en X,Normale,Deux véhicules - côté,,,,,,,,,,,1,2,2,1.0,3.0
201000028973,0010-04-01 08:09:00,10,4,1,8,9,330,63,AVE THIERS,,,Plein jour,En agglomération,Hors intersection,Pluie légère,Autre collision,,,,,,,,,,,1,2,1,2.0,6.0
201000028974,0010-04-03 01:00:00,10,4,3,1,0,330,63,"39, CRS VICTOR HUGO",,,Nuit avec éclairage allumé,En agglomération,Intersection en T,Pluie forte,Autre collision,,,,,,,,,,,5,2,3,3.0,6.0
201000028975,0010-04-04 06:10:00,10,4,4,6,10,330,522,AVE ROUL,,,Nuit avec éclairage allumé,En agglomération,Intersection en T,Normale,Deux véhicules - côté,,,,,,,,,,,5,2,3,1.0,3.0
201000028976,0010-04-03 01:20:00,10,4,3,1,20,330,63,BD DU PRESIDENT WILSON,,,Nuit avec éclairage allumé,En agglomération,Intersection en X,Pluie légère,Autre collision,,,,,,,,,,,5,2,2,2.0,6.0
201000028977,0010-04-05 03:55:00,10,4,5,3,55,330,63,BD PIERRE 1ER,,,Nuit avec éclairage allumé,En agglomération,Intersection en X,Normale,Deux véhicules - côté,,,,,,,,,,,5,2,2,1.0,3.0
201000028978,0010-04-04 03:44:00,10,4,4,3,44,330,63,RUE PLANTEROSE,,,Nuit avec éclairage allumé,En agglomération,Hors intersection,Normale,Autre collision,,,,,,,,,,,5,2,1,1.0,6.0
201000028979,0010-04-03 00:01:00,10,4,3,0,1,330,63,RUE DU JARDIN PUBLIC,,,Nuit avec éclairage allumé,En agglomération,Intersection en X,Normale,Autre collision,,,,,,,,,,,5,2,2,1.0,6.0
201000028980,0010-04-03 00:01:00,10,4,3,0,1,330,63,RUE MATHIEU,,,Nuit avec éclairage allumé,En agglomération,Intersection en X,Normale,Deux véhicules - côté,,,,,,,,,,,5,2,2,1.0,3.0
201000028981,0010-04-06 16:25:00,10,4,6,16,25,330,63,"173, BD DU PRESIDENT WIL",,,Plein jour,En agglomération,Hors intersection,Normale,Deux véhicules - arrière,,,,,,,,,,,1,2,1,1.0,2.0
201000028982,0010-04-06 14:25:00,10,4,6,14,25,330,63,RUE DONISSAN,,,Plein jour,En agglomération,Intersection en X,Normale,Deux véhicules - côté,,,,,,,,,,,1,2,2,1.0,3.0
201000028983,0010-04-01 19:35:00,10,4,1,19,35,330,167,RUE JULES GUESDE,,,Plein jour,En agglomération,Intersection en X,Normale,Autre collision,,,,,,,,,,,1,2,2,1.0,6.0
201000028984,0010-04-06 16:25:00,10,4,6,16,25,330,63,"219, AVE THIERS",,,Plein jour,En agglomération,Hors intersection,Normale,Autre collision,,,,,,,,,,,1,2,1,1.0,6.0
201000028985,0010-04-06 13:00:00,10,4,6,13,0,330,63,QUAI DE BRAZZA,,,Plein jour,En agglomération,Intersection en X,Normale,Deux véhicules - côté,,,,,,,,,,,1,2,2,1.0,3.0
201000028986,0010-04-07 12:10:00,10,4,7,12,10,330,63,BD GODARD,,,Plein jour,En agglomération,Intersection en X,Pluie légère,Deux véhicules - côté,,,,,,,,,,,1,2,2,2.0,3.0
201000028987,0010-04-07 13:00:00,10,4,7,13,0,330,63,"200, CRS SAINT LOUIS",,,Plein jour,En agglomération,Hors intersection,Normale,Autre collision,,,,,,,,,,,1,2,1,1.0,6.0
201000028988,0010-04-08 10:45:00,10,4,8,10,45,330,63,"44, RUE CAPDEVILLE",,,Plein jour,En agglomération,Hors intersection,Normale,Autre collision,,,,,,,,,,,1,2,1,1.0,6.0
201000028989,0010-04-02 12:35:00,10,4,2,12,35,330,281,AVE DE MAGUDAS,,,Plein jour,En agglomération,Hors intersection,Normale,Trois véhicules et plus - collisions multiples,,,,,,,,,,,1,2,1,1.0,5.0
201000028990,0010-04-08 09:05:00,10,4,8,9,5,330,63,CRS SAINT LOUIS,,,Plein jour,En agglomération,Intersection en X,Normale,Deux véhicules - côté,,,,,,,,,,,1,2,2,1.0,3.0
201000028991,0010-04-01 21:00:00,10,4,1,21,0,330,522,"108, RUE FREDERIC SEVENE",,,Nuit avec éclairage allumé,En agglomération,Hors intersection,Normale,Sans collision,,,,,,,,,,,5,2,1,1.0,7.0
201000028992,0010-04-04 14:55:00,10,4,4,14,55,330,69,AVE DE LA LIBERATION-CH.,,,Plein jour,En agglomération,Intersection en Y,Pluie légère,Deux véhicules - côté,,,,,,,,,,,1,2,4,2.0,3.0
201000028993,0010-04-08 16:30:00,10,4,8,16,30,330,63,AVE DE LA REPUBLIQUE CAU,,,Plein jour,En agglomération,Intersection en X,Normale,Deux véhicules - arrière,,,,,,,,,,,1,2,2,1.0,2.0
201000028994,0010-04-06 14:35:00,10,4,6,14,35,330,281,"387, AVE DE VERDUN",,,Plein jour,En agglomération,Hors intersection,Normale,Deux véhicules - côté,,,,,,,,,,,1,2,1,1.0,3.0
201000028995,0010-04-01 14:10:00,10,4,1,14,10,330,281,AVE ROLAND GARROS,,,Plein jour,En agglomération,Hors intersection,Temps couvert,Trois véhicules et plus - en chaîne,,,,,,,,,,,1,2,1,8.0,4.0
201000028996,0010-04-11 11:20:00,10,4,11,11,20,330,63,CRS DU RACCORDEMENT,,,Plein jour,En agglomération,Intersection en X,Normale,Deux véhicules - côté,,,,,,,,,,,1,2,2,1.0,3.0
201000028997,0010-04-11 17:50:00,10,4,11,17,50,330,550,RTE DE LEOGNAN,,,Plein jour,En agglomération,Giratoire,Normale,Trois véhicules et plus - collisions multiples,,,,,,,,,,,1,2,6,1.0,5.0
201000028998,0010-04-11 17:00:00,10,4,11,17,0,330,63,AVE DE MERIGNAC CAUD,,,Plein jour,En agglomération,Intersection en X,Normale,Deux véhicules - arrière,,,,,,,,,,,1,2,2,1.0,2.0
201000028999,0010-04-09 22:20:00,10,4,9,22,20,330,69,RUE ALEXIS CAPELLE,,,Nuit avec éclairage allumé,En agglomération,Intersection en X,Normale,Deux véhicules - côté,,,,,,,,,,,5,2,2,1.0,3.0
201000029000,0010-04-10 08:05:00,10,4,10,8,5,330,522,"107, CRS MARECHAL GALLIE",,,Plein jour,En agglomération,Hors intersection,Normale,Autre collision,,,,,,,,,,,1,2,1,1.0,6.0
201000029001,0010-04-11 18:00:00,10,4,11,18,0,330,63,RUE DE CURSOL,,,Plein jour,En agglomération,Intersection à plus de 4 branches,Normale,Deux véhicules - côté,,,,,,,,,,,1,2,5,1.0,3.0
201000029002,0010-04-07 18:45:00,10,4,7,18,45,330,522,RUE FRANCOIS RABELAIS,,,Plein jour,En agglomération,Intersection en Y,Normale,Autre collision,,,,,,,,,,,1,2,4,1.0,6.0
201000029003,0010-04-07 10:35:00,10,4,7,10,35,330,522,RUE CALIXTE CAMELLE,,,Plein jour,En agglomération,Intersection en X,Normale,Deux véhicules - côté,,,,,,,,,,,1,2,2,1.0,3.0
201000029004,0010-04-06 11:20:00,10,4,6,11,20,330,39,RUE SIMONE DE BEAUVOIR,,,Plein jour,En agglomération,Intersection en X,Normale,Deux véhicules - côté,,,,,,,,,,,1,2,2,1.0,3.0