accident_id,datetime,annee,mois,jour,heure,minute,departement,commune_insee,adresse,latitude,longitude,luminosite,agglomeration,intersection,meteo,collision,nb_vehicules,nb_usagers,nb_indemnes,nb_tues,nb_blesses_hosp,nb_blesses_legers,age_cond_1,age_cond_2,veh_type_cond_1,veh_type_cond_2,lum_code,agg_code,int_code,atm_code,col_code
201000029267,0010-06-23 12:15:00,10,6,23,12,15,330,281,AVE DU TRUC,,,Plein jour,En agglomération,Intersection en X,Normale,Autre collision,,,,,,,,,,,1,2,2,1.0,6.0
201000029268,0010-06-28 17:56:00,10,6,28,17,56,330,63,RUE DU PETIT CARDINAL,,,Plein jour,En agglomération,Intersection en Y,Normale,Trois véhicules et plus - en chaîne,,,,,,,,,,,1,2,4,1.0,4.0
201000029269,0010-06-29 17:40:00,10,6,29,17,40,330,63,"237, RUE DE PESSAC",,,Plein jour,En agglomération,Intersection en T,Normale,Autre collision,,,,,,,,,,,1,2,3,1.0,6.0
201000029270,0010-06-23 16:15:00,10,6,23,16,15,330,281,RUE RAOUL AMAT,,,Plein jour,En agglomération,Intersection en Y,Normale,Deux véhicules - côté,,,,,,,,,,,1,2,4,1.0,3.0
201000029271,0010-06-24 11:20:00,10,6,24,11,20,330,281,AVE CHAPELLE SAINTE- BER,,,Plein jour,En agglomération,Intersection en X,Normale,Deux véhicules - côté,,,,,,,,,,,1,2,2,1.0,3.0
201000029272,0010-06-22 19:58:00,10,6,22,19,58,330,281,AVE DE FONCASTEL,,,Plein jour,En agglomération,Intersection en X,Normale,Deux véhicules - côté,,,,,,,,,,,1,2,2,1.0,3.0
201000029273,0010-06-23 12:50:00,10,6,23,12,50,330,75,AVE DE LA JALLE NOIRE,,,Plein jour,En agglomération,Intersection en Y,Normale,Deux véhicules - arrière,,,,,,,,,,,1,2,4,1.0,2.0
201000029274,0010-06-26 13:15:00,10,6,26,13,15,330,318,RUE DU PLATEAU DE NOES,,,Plein jour,En agglomération,Intersection en X,Normale,Deux véhicules - côté,,,,,,,,,,,1,2,2,1.0,3.0
201000029275,0010-06-24 09:07:00,10,6,24,9,7,330,522,"55, RUE PACARIS",,,Plein jour,En agglomération,Hors intersection,Normale,Deux véhicules - côté,,,,,,,,,,,1,2,1,1.0,3.0
201000029276,0010-06-28 11:25:00,10,6,28,11,25,330,63,"337, AVE D'ARES CAUD",,,Plein jour,En agglomération,Hors intersection,Normale,Deux véhicules - côté,,,,,,,,,,,1,2,1,1.0,3.0
201000029277,0010-06-30 20:00:00,10,6,30,20,0,330,63,CRS DE LA SOMME,,,Plein jour,En agglomération,Intersection en T,Normale,Deux véhicules - côté,,,,,,,,,,,1,2,3,1.0,3.0
201000029278,0010-07-01 06:55:00,10,7,1,6,55,330,63,BD DES FRERES MOGA,,,Crépuscule ou aube,En agglomération,Hors intersection,Normale,Deux véhicules - arrière,,,,,,,,,,,2,2,1,1.0,2.0
201000029279,0010-07-01 10:25:00,10,7,1,10,25,330,63,RUE PAUL CAMELLE,,,Plein jour,En agglomération,Intersection en X,Normale,Deux véhicules - côté,,,,,,,,,,,1,2,2,1.0,3.0
201000029280,0010-07-01 13:50:00,10,7,1,13,50,330,63,"145, CRS DU MEDOC",,,Plein jour,En agglomération,Hors intersection,Normale,Deux véhicules - côté,,,,,,,,,,,1,2,1,1.0,3.0
201000029281,0010-07-04 01:30:00,10,7,4,1,30,330,63,RUE GUILLAUME LEBLANC,,,Nuit avec éclairage allumé,En agglomération,Intersection en X,Normale,Autre collision,,,,,,,,,,,5,2,2,1.0,6.0
201000029282,0010-07-01 19:45:00,10,7,1,19,45,330,63,"75, AVE THIERS",,,Plein jour,En agglomération,Hors intersection,Normale,Deux véhicules - côté,,,,,,,,,,,1,2,1,1.0,3.0
201000029283,0010-06-28 08:10:00,10,6,28,8,10,330,39,RUE DENFERT-ROCHEREAU,,,Plein jour,En agglomération,Intersection en T,Normale,Autre collision,,,,,,,,,,,1,2,3,1.0,6.0
201000029284,0010-07-02 17:50:00,10,7,2,17,50,330,63,"130, CRS EDOUARD VAILLAN",,,Plein jour,En agglomération,Hors intersection,Pluie légère,Deux véhicules - côté,,,,,,,,,,,1,2,1,2.0,3.0
201000029285,0010-07-04 18:00:00,10,7,4,18,0,330,63,"41, QUAI DE BACALAN",,,Plein jour,En agglomération,Hors intersection,Normale,Deux véhicules - côté,,,,,,,,,,,1,2,1,1.0,3.0
201000029286,0010-06-28 09:10:00,10,6,28,9,10,330,522,"152, RTE DE TOULOUSE",,,Plein jour,En agglomération,Hors intersection,Normale,Autre collision,,,,,,,,,,,1,2,1,1.0,6.0
201000029287,0010-06-28 08:50:00,10,6,28,8,50,330,75,"423, RTE DU MEDOC",,,Plein jour,En agglomération,Hors intersection,Normale,Autre collision,,,,,,,,,,,1,2,1,1.0,6.0
201000029288,0010-07-04 06:20:00,10,7,4,6,20,330,63,BD ANTOINE GAUTIER,,,Plein jour,En agglomération,Intersection en X,Normale,Deux véhicules - côté,,,,,,,,,,,1,2,2,1.0,3.0
201000029289,0010-07-05 17:30:00,10,7,5,17,30,330,63,RUE CLAUDE BONNIER,,,Plein jour,En agglomération,Hors intersection,Normale,Sans collision,,,,,,,,,,,1,2,1,1.0,7.0
201000029290,0010-07-01 06:30:00,10,7,1,6,30,330,318,AVE SAINTE MARIE,,,Plein jour,En agglomération,Intersection en X,Normale,Deux véhicules - côté,,,,,,,,,,,1,2,2,1.0,3.0
201000029291,0010-06-30 07:25:00,10,6,30,7,25,330,281,AVE DE L'ALOUETTE,,,Plein jour,En agglomération,Intersection en T,Normale,Deux véhicules - côté,,,,,,,,,,,1,2,3,1.0,3.0
201000029292,0010-06-29 16:15:00,10,6,29,16,15,330,281,AVE MAL DE LATTRE DE TAS,,,Plein jour,En agglomération,Giratoire,Normale,Autre collision,,,,,,,,,,,1,2,6,1.0,6.0
201000029293,0010-06-29 21:33:00,10,6,29,21,33,330,39,"295, RTE DE TOULOUSE",,,Plein jour,En agglomération,Hors intersection,Normale,Deux véhicules - arrière,,,,,,,,,,,1,2,1,1.0,2.0
201000029294,0010-06-30 11:45:00,10,6,30,11,45,330,281,"97, AVE DU BOURGAILH",,,Plein jour,En agglomération,Hors intersection,Normale,Trois véhicules et plus - en chaîne,,,,,,,,,,,1,2,1,1.0,4.0
201000029295,0010-07-06 19:45:00,10,7,6,19,45,330,63,BD ALIENOR D'AQUITAINE,,,Plein jour,En agglomération,Intersection en T,Normale,Trois véhicules et plus - en chaîne,,,,,,,,,,,1,2,3,1.0,4.0
201000029296,0010-07-06 18:00:00,10,7,6,18,0,330,63,QUAI LOUIS XVIII,,,Plein jour,En agglomération,Intersection en T,Normale,Autre collision,,,,,,,,,,,1,2,3,1.0,6.0
201000029297,0010-07-06 16:00:00,10,7,6,16,0,330,281,AVE DE L'YSER,,,Plein jour,En agglomération,Giratoire,Normale,Sans collision,,,,,,,,,,,1,2,6,1.0,7.0
201000029298,0010-07-07 16:00:00,10,7,7,16,0,330,63,AVE DU MAL DE LATTRE DE,,,Plein jour,En agglomération,Hors intersection,Normale,Autre collision,,,,,,,,,,,1,2,1,1.0,6.0
201000029299,0010-07-08 03:00:00,10,7,8,3,0,330,63,PCE BIR HAKEIM,,,Nuit avec éclairage allumé,En agglomération,Hors intersection,Normale,Sans collision,,,,,,,,,,,5,2,1,1.0,7.0
201000029300,0010-07-07 15:40:00,10,7,7,15,40,330,318,AVE RAYMOND BOIVIN,,,Plein jour,En agglomération,Intersection en X,Normale,Deux véhicules - côté,,,,,,,,,,,1,2,2,1.0,3.0
201000029301,0010-07-07 10:25:00,10,7,7,10,25,330,63,QUAI DE BACALAN,,,Plein jour,En agglomération,Intersection en T,Normale,Deux véhicules - côté,,,,,,,,,,,1,2,3,1.0,3.0
201000029302,0010-07-01 12:10:00,10,7,1,12,10,330,522,RUE GUTTENBERG,,,Plein jour,En agglomération,Intersection en X,Normale,Deux véhicules - côté,,,,,,,,,,,1,2,2,1.0,3.0
201000029303,0010-07-03 05:40:00,10,7,3,5,40,330,69,"101, AVE VICTOR HUGO",,,Nuit avec éclairage allumé,En agglomération,Hors intersection,Normale,Autre collision,,,,,,,,,,,5,2,1,1.0,6.0
201000029304,0010-07-04 20:15:00,10,7,4,20,15,330,192,"351, CRS DU GENERAL DE G",,,Plein jour,En agglomération,Hors intersection,Normale,Deux véhicules - côté,,,,,,,,,,,1,2,1,1.0,3.0
201000029305,0010-07-06 16:20:00,10,7,6,16,20,330,318,"169, AVE DU HAUT LEVEQUE",,,Plein jour,En agglomération,Hors intersection,Normale,Deux véhicules - côté,,,,,,,,,,,1,2,1,1.0,3.0
201000029306,0010-07-04 18:50:00,10,7,4,18,50,330,318,RUE CURIE,,,Plein jour,En agglomération,Intersection en T,Normale,Deux véhicules - côté,,,,,,,,,,,1,2,3,1.0,3.0
201000029307,0010-06-30 08:52:00,10,6,30,8,52,330,318,AVE DE BEUTRE,,,Plein jour,En agglomération,Intersection en T,Normale,Deux véhicules - côté,,,,,,,,,,,1,2,3,1.0,3.0
201000029308,0010-07-02 19:50:00,10,7,2,19,50,330,32,AVE JEAN JAURES,,,Plein jour,En agglomération,Intersection en X,Normale,Deux véhicules - côté,,,,,,,,,,,1,2,2,1.0,3.0
201000029309,0010-07-08 19:25:00,10,7,8,19,25,330,63,QUAI LOUIS XVIII,,,Plein jour,En agglomération,Hors intersection,Normale,Deux véhicules - côté,,,,,,,,,,,1,2,1,1.0,3.0
201000029310,0010-07-08 11:33:00,10,7,8,11,33,330,63,RUE DE LA COURSE,,,Plein jour,En agglomération,Intersection en T,Normale,Deux véhicules - arrière,,,,,,,,,,,1,2,3,1.0,2.0
201000029311,0010-07-08 12:00:00,10,7,8,12,0,330,63,"137, BD MARECHAL LECLERC",,,Plein jour,En agglomération,Hors intersection,Normale,Deux véhicules - arrière,,,,,,,,,,,1,2,1,1.0,2.0
201000029312,0010-06-29 17:30:00,10,6,29,17,30,330,192,"28, CRS DU GENERAL DE GA",,,Plein jour,En agglomération,Hors intersection,Normale,Deux véhicules - côté,,,,,,,,,,,1,2,1,1.0,3.0
201000029313,0010-07-02 11:05:00,10,7,2,11,5,330,522,RUE JEAN JAURES,,,Plein jour,En agglomération,Intersection en X,Normale,Deux véhicules - côté,,,,,,,,,,,1,2,2,1.0,3.0
201000029314,0010-07-03 06:00:00,10,7,3,6,0,330,281,AVE MARCEL DASSAULT,,,Crépuscule ou aube,En agglomération,Giratoire,Normale,Deux véhicules - frontale,,,,,,,,,,,2,2,6,1.0,1.0
201000029315,0010-07-05 18:40:00,10,7,5,18,40,330,119,RUE PAULINE KERGOMARD,,,Plein jour,En agglomération,Intersection en T,Normale,Deux véhicules - côté,,,,,,,,,,,1,2,3,1.0,3.0
201000029316,0010-07-08 09:25:00,10,7,8,9,25,330,63,RUE GENERAL DE LARMINAT,,,Plein jour,En agglomération,Intersection en Y,Normale,Autre collision,,,,,,,,,,,1,2,4,1.0,6.0
201000029317,0010-07-10 10:00:00,10,7,10,10,0,330,63,CRS DE LA SOMME,,,Plein jour,En agglomération,Intersection en X,Normale,Deux véhicules - côté,,,,,,,,,,,1,2,2,1.0,3.0
201000029318,0010-07-10 19:30:00,10,7,10,19,30,330,63,QUAI DES CHARTRONS,,,Plein jour,En agglomération,Hors intersection,Normale,Sans collision,,,,,,,,,,,1,2,1,1.0,7.0
201000029319,0010-07-05 17:20:00,10,7,5,17,20,330,281,RUE ALPHONSE DAUDET,,,Plein jour,En agglomération,Intersection en X,Normale,Trois véhicules et plus - en chaîne,,,,,,,,,,,1,2,2,1.0,4.0
201000029320,0010-07-10 09:40:00,10,7,10,9,40,330,63,BD ALFRED DANEY,,,Plein jour,En agglomération,Hors intersection,Normale,Autre collision,,,,,,,,,,,1,2,1,1.0,6.0
201000029321,0010-07-09 23:54:00,10,7,9,23,54,330,63,"61, CRS DE VERDUN",,,Nuit avec éclairage allumé,En agglomération,Hors intersection,Normale,Deux véhicules - côté,,,,,,,,,,,5,2,1,1.0,3.0
201000029322,0010-07-09 23:00:00,10,7,9,23,0,330,63,RUE DE LA BENAUGE,,,Nuit avec éclairage allumé,En agglomération,Intersection en T,Normale,Deux véhicules - arrière,,,,,,,,,,,5,2,3,1.0,2.0
201000029323,0010-07-06 08:05:00,10,7,6,8,5,330,69,"138, AVE DE LA LIBERATIO",,,Plein jour,En agglomération,Hors intersection,Normale,Autre collision,,,,,,,,,,,1,2,1,1.0,6.0
201000029324,0010-07-11 11:40:00,10,7,11,11,40,330,63,CRS DU MARECHAL GALLIENI,,,Plein jour,En agglomération,Intersection en X,Normale,Deux véhicules - côté,,,,,,,,,,,1,2,2,1.0,3.0
201000029325,0010-07-12 17:55:00,10,7,12,17,55,330,63,RUE BEAUFLEURY,,,Plein jour,En agglomération,Intersection en T,Normale,Deux véhicules - côté,,,,,,,,,,,1,2,3,1.0,3.0
201000029326,0010-07-10 17:40:00,10,7,10,17,40,330,119,"10, AVE JEAN JAURES",,,Plein jour,En agglomération,Hors intersection,Normale,Trois véhicules et plus - en chaîne,,,,,,,,,,,1,2,1,1.0,4.0
201000029327,0010-07-14 16:20:00,10,7,14,16,20,330,63,PRK AUCHAN,,,Plein jour,En agglomération,Hors intersection,Normale,Autre collision,,,,,,,,,,,1,2,1,1.0,6.0
201000029328,0010-07-06 16:55:00,10,7,6,16,55,330,192,ECHANGEUR N 16,,,Plein jour,En agglomération,Intersection en Y,Normale,Deux véhicules - côté,,,,,,,,,,,1,2,4,1.0,3.0
201000029329,0010-07-08 08:40:00,10,7,8,8,40,330,522,RUE PAUL VERLAINE,,,Plein jour,En agglomération,Intersection en X,Normale,Deux véhicules - côté,,,,,,,,,,,1,2,2,1.0,3.0
201000029330,0010-07-12 15:35:00,10,7,12,15,35,330,550,RUE VICTOR JARA,,,Plein jour,En agglomération,Intersection en T,Normale,Deux véhicules - côté,,,,,,,,,,,1,2,3,1.0,3.0
201000029331,0010-07-18 08:20:00,10,7,18,8,20,330,63,RUE FONFREDE,,,Plein jour,En agglomération,Intersection en X,Normale,Deux véhicules - côté,,,,,,,,,,,1,2,2,1.0,3.0
201000029332,0010-07-16 23:00:00,10,7,16,23,0,330,63,RUE LACHASSAIGNE,,,Nuit avec éclairage allumé,En agglomération,Intersection en X,Normale,Deux véhicules - côté,,,,,,,,,,,5,2,2,1.0,3.0
201000029333,0010-07-17 17:35:00,10,7,17,17,35,330,63,RUE RODE,,,Plein jour,En agglomération,Intersection en T,Normale,Autre collision,,,,,,,,,,,1,2,3,1.0,6.0
201000029334,0010-07-18 06:15:00,10,7,18,6,15,330,63,"10-16, RUE ULYSSE GAYON",,,Crépuscule ou aube,En agglomération,Hors intersection,Normale,Autre collision,,,,,,,,,,,2,2,1,1.0,6.0
201000029335,0010-07-19 20:18:00,10,7,19,20,18,330,63,"79, QUAI DES CHARTRONS",,,Plein jour,En agglomération,Hors intersection,Normale,Autre collision,,,,,,,,,,,1,2,1,1.0,6.0
201000029336,0010-07-19 06:00:00,10,7,19,6,0,330,63,RUE JEAN GABRIEL DOMERGU,,,Crépuscule ou aube,En agglomération,Hors intersection,Normale,Autre collision,,,,,,,,,,,2,2,1,1.0,6.0
201000029337,0010-07-09 20:45:00,10,7,9,20,45,330,522,CRS GAMBETTA,,,Plein jour,En agglomération,Intersection en T,Normale,Deux véhicules - côté,,,,,,,,,,,1,2,3,1.0,3.0
201000029338,0010-07-06 19:00:00,10,7,6,19,0,330,550,RUE JEAN LECOINTE,,,Plein jour,En agglomération,Intersection en Y,Normale,Deux véhicules - côté,,,,,,,,,,,1,2,4,1.0,3.0
201000029339,0010-07-20 17:30:00,10,7,20,17,30,330,63,BD JEAN-JACQUES BOSC,,,Plein jour,En agglomération,Intersection en X,Normale,Deux véhicules - côté,,,,,,,,,,,1,2,2,1.0,3.0
201000029340,0010-07-20 19:15:00,10,7,20,19,15,330,63,RUE CONRAD GAUSSEN,,,Plein jour,En agglomération,Intersection à plus de 4 branches,Normale,Deux véhicules - côté,,,,,,,,,,,1,2,5,1.0,3.0
201000029341,0010-07-20 22:10:00,10,7,20,22,10,330,63,BD DU PDT FRANKLIN ROOSE,,,Crépuscule ou aube,En agglomération,Intersection à plus de 4 branches,Normale,Deux véhicules - côté,,,,,,,,,,,2,2,5,1.0,3.0
201000029342,0010-07-21 01:00:00,10,7,21,1,0,330,63,RUE DE TAUZIA,,,Nuit avec éclairage allumé,En agglomération,Intersection en T,Normale,Sans collision,,,,,,,,,,,5,2,3,1.0,7.0
201000029343,0010-07-20 07:50:00,10,7,20,7,50,330,63,"262, BD DU PRESIDENT WIL",,,Plein jour,En agglomération,Hors intersection,Normale,Deux véhicules - côté,,,,,,,,,,,1,2,1,1.0,3.0
201000029344,0010-07-15 00:45:00,10,7,15,0,45,330,69,RUE RAYMOND LAVIGNE,,,Nuit avec éclairage allumé,En agglomération,Intersection en T,Normale,Deux véhicules - côté,,,,,,,,,,,5,2,3,1.0,3.0
201000029345,0010-07-13 12:50:00,10,7,13,12,50,330,281,AVE DE LA LIBERATION,,,Plein jour,En agglomération,Intersection en X,Normale,Deux véhicules - côté,,,,,,,,,,,1,2,2,1.0,3.0
201000029346,0010-07-18 07:10:00,10,7,18,7,10,330,550,chemin de Montignac,,,Plein jour,En agglomération,Giratoire,Normale,Autre collision,,,,,,,,,,,1,2,6,1.0,6.0
201000029347,0010-07-21 13:05:00,10,7,21,13,5,330,63,AVE EMILE COUNORD,,,Plein jour,En agglomération,Giratoire,Normale,Trois véhicules et plus - collisions multiples,,,,,,,,,,,1,2,6,1.0,5.0
201000029348,0010-07-21 13:30:00,10,7,21,13,30,330,63,RUE CAMILLE GODARD,,,Plein jour,En agglomération,Intersection en X,Pluie légère,Deux véhicules - côté,,,,,,,,,,,1,2,2,2.0,3.0
201000029349,0010-07-21 23:15:00,10,7,21,23,15,330,63,CRS DE LA SOMME,,,Nuit avec éclairage allumé,En agglomération,Intersection en T,Temps couvert,Autre collision,,,,,,,,,,,5,2,3,8.0,6.0
201000029350,0010-07-16 16:30:00,10,7,16,16,30,330,281,RUE ROBERT BALLION,,,Plein jour,En agglomération,Hors intersection,Normale,Deux véhicules - côté,,,,,,,,,,,1,2,1,1.0,3.0
201000029351,0010-07-16 01:45:00,10,7,16,1,45,330,522,RUE PIERRE RENAUDEL,,,Nuit avec éclairage allumé,En agglomération,Giratoire,Normale,Autre collision,,,,,,,,,,,5,2,6,1.0,6.0
201000029352,0010-07-14 19:20:00,10,7,14,19,20,330,318,RUE DE L'HORLOGE,,,Plein jour,En agglomération,Intersection en T,Normale,Deux véhicules - côté,,,,,,,,,,,1,2,3,1.0,3.0
201000029353,0010-07-17 18:15:00,10,7,17,18,15,330,39,PARKING RIVE D'ARCINS,,,Plein jour,En agglomération,Hors intersection,Normale,Sans collision,,,,,,,,,,,1,2,1,1.0,7.0
201000029354,0010-07-25 02:30:00,10,7,25,2,30,330,63,"166, BD GEORGE V",,,Nuit avec éclairage allumé,En agglomération,Hors intersection,Normale,Autre collision,,,,,,,,,,,5,2,1,1.0,6.0
201000029355,0010-07-24 14:00:00,10,7,24,14,0,330,63,QUAI DESCHAMPS,,,Plein jour,En agglomération,Intersection en T,Normale,Trois véhicules et plus - collisions multiples,,,,,,,,,,,1,2,3,1.0,5.0
201000029356,0010-07-23 12:15:00,10,7,23,12,15,330,63,"115, AVE LOUIS BARTHOU C",,,Plein jour,En agglomération,Hors intersection,Pluie forte,Deux véhicules - arrière,,,,,,,,,,,1,2,1,3.0,2.0
201000029357,0010-07-23 08:05:00,10,7,23,8,5,330,63,BD ALIENOR D'AQUITAINE,,,Plein jour,En agglomération,Hors intersection,Normale,Trois véhicules et plus - collisions multiples,,,,,,,,,,,1,2,1,1.0,5.0
201000029358,0010-07-16 17:00:00,10,7,16,17,0,330,39,RUE DES FRERES MOGA,,,Plein jour,En agglomération,Hors intersection,Normale,Autre collision,,,,,,,,,,,1,2,1,1.0,6.0
201000029359,0010-07-19 17:25:00,10,7,19,17,25,330,550,AVE DU MARECHAL LECLERC,,,Plein jour,En agglomération,Intersection en X,Normale,Deux véhicules - côté,,,,,,,,,,,1,2,2,1.0,3.0
201000029360,0010-07-21 10:12:00,10,7,21,10,12,330,522,CRS GAMBETTA,,,Plein jour,En agglomération,Intersection en X,Pluie légère,Autre collision,,,,,,,,,,,1,2,2,2.0,6.0
201000029361,0010-07-23 16:35:00,10,7,23,16,35,330,63,RUE LEYTEIRE,,,Plein jour,En agglomération,Intersection en X,Normale,Deux véhicules - côté,,,,,,,,,,,1,2,2,1.0,3.0
201000029362,0010-07-23 06:15:00,10,7,23,6,15,330,63,RUE CHARLES DOMERCQ,,,Crépuscule ou aube,En agglomération,Intersection en X,Normale,Deux véhicules - côté,,,,,,,,,,,2,2,2,1.0,3.0
201000029363,0010-07-20 17:50:00,10,7,20,17,50,330,75,AVE CHARLES DE GAULLE,,,Plein jour,En agglomération,Intersection en Y,Normale,Deux véhicules - côté,,,,,,,,,,,1,2,4,1.0,3.0
201000029364,0010-07-23 15:05:00,10,7,23,15,5,330,249,RUE FRANCOIS RABELAIS,,,Plein jour,En agglomération,Intersection en T,Normale,Deux véhicules - côté,,,,,,,,,,,1,2,3,1.0,3.0
201000029365,0010-07-21 16:45:00,10,7,21,16,45,330,63,"208, AVE D'ARES CAUD",,,Plein jour,En agglomération,Hors intersection,Normale,Autre collision,,,,,,,,,,,1,2,1,1.0,6.0
201000029366,0010-07-28 13:50:00,10,7,28,13,50,330,63,RUE DU PALAIS GALLIEN,,,Plein jour,En agglomération,Intersection en X,Normale,Deux véhicules - côté,,,,,,,,,,,1,2,2,1.0,3.0
201000029367,0010-07-21 09:50:00,10,7,21,9,50,330,63,CRS DU MARECHAL GALLIENI,,,Plein jour,En agglomération,Intersection en T,Pluie légère,Autre collision,,,,,,,,,,,1,2,3,2.0,6.0
201000029368,0010-07-29 16:25:00,10,7,29,16,25,330,63,"38, RUE GODARD CAUD",,,Plein jour,En agglomération,Hors intersection,Normale,Sans collision,,,,,,,,,,,1,2,1,1.0,7.0
201000029369,0010-07-26 17:20:00,10,7,26,17,20,330,550,AVE PIERRE PROUDHON,,,Plein jour,En agglomération,Intersection en X,Normale,Deux véhicules - arrière,,,,,,,,,,,1,2,2,1.0,2.0
201000029370,0010-07-27 14:20:00,10,7,27,14,20,330,119,BD ENTRE DEUX MERS,,,Plein jour,En agglomération,Giratoire,Normale,Deux véhicules - côté,,,,,,,,,,,1,2,6,1.0,3.0
201000029371,0010-07-29 21:20:00,10,7,29,21,20,330,63,AVE DU MAL DE LATTRE DE,,,Plein jour,En agglomération,Intersection en X,Normale,Deux véhicules - arrière,,,,,,,,,,,1,2,2,1.0,2.0
201000029372,0010-07-20 18:05:00,10,7,20,18,5,330,63,"258, CRS DU MARECHAL GAL",,,Plein jour,En agglomération,Hors intersection,Normale,Deux véhicules - frontale,,,,,,,,,,,1,2,1,1.0,1.0
201000029373,0010-07-14 22:10:00,10,7,14,22,10,330,39,RUE ALEXIS LABRO,,,Nuit avec éclairage allumé,En agglomération,Hors intersection,Normale,Autre collision,,,,,,,,,,,5,2,1,1.0,6.0
201000029374,0010-07-29 17:35:00,10,7,29,17,35,330,63,CRS VICTOR HUGO,,,Plein jour,En agglomération,Intersection en T,Normale,Deux véhicules - côté,,,,,,,,,,,1,2,3,1.0,3.0
201000029375,0010-08-01 01:25:00,10,8,1,1,25,330,63,"199, RUE JUDAIQUE",,,Nuit avec éclairage allumé,En agglomération,Hors intersection,Normale,Autre collision,,,,,,,,,,,5,2,1,1.0,6.0
201000029376,0010-07-30 17:45:00,10,7,30,17,45,330,63,"17, BD ALFRED DANEY",,,Plein jour,En agglomération,Hors intersection,Normale,Deux véhicules - côté,,,,,,,,,,,1,2,1,1.0,3.0
201000029377,0010-07-30 23:03:00,10,7,30,23,3,330,63,RUE DE BEGLES,,,Nuit avec éclairage allumé,En agglomération,Intersection en T,Normale,Sans collision,,,,,,,,,,,5,2,3,1.0,7.0
201000029378,0010-07-29 21:31:00,10,7,29,21,31,330,249,COTE DE LA GARONNE,,,Plein jour,En agglomération,Hors intersection,Normale,Sans collision,,,,,,,,,,,1,2,1,1.0,7.0
201000029379,0010-08-03 22:45:00,10,8,3,22,45,330,63,"125, CRS VICTOR HUGO",,,Nuit avec éclairage allumé,En agglomération,Hors intersection,Normale,Sans collision,,,,,,,,,,,5,2,1,1.0,7.0
201000029380,0010-08-03 22:20:00,10,8,3,22,20,330,63,"12, AVE LOUIS BARTHOU CA",,,Nuit avec éclairage allumé,En agglomération,Intersection en T,Normale,Deux véhicules - arrière,,,,,,,,,,,5,2,3,1.0,2.0
201000029381,0010-08-03 14:00:00,10,8,3,14,0,330,281,"105, AVE DE L'ARGONNE",,,Plein jour,En agglomération,Hors intersection,Normale,Autre collision,,,,,,,,,,,1,2,1,1.0,6.0
201000029382,0010-08-03 14:50:00,10,8,3,14,50,330,63,CRS DU MEDOC,,,Plein jour,En agglomération,Intersection en T,Normale,Deux véhicules - côté,,,,,,,,,,,1,2,3,1.0,3.0
201000029383,0010-07-27 08:45:00,10,7,27,8,45,330,75,RUE DE FIEUSAL,,,Plein jour,En agglomération,Intersection à plus de 4 branches,Normale,Deux véhicules - frontale,,,,,,,,,,,1,2,5,1.0,1.0
201000029384,0010-07-29 12:00:00,10,7,29,12,0,330,63,PCE DE LATULE,,,Plein jour,En agglomération,Giratoire,Normale,Deux véhicules - côté,,,,,,,,,,,1,2,6,1.0,3.0
201000029385,0010-08-04 23:00:00,10,8,4,23,0,330,63,RUE BRASCASSAT,,,Nuit avec éclairage allumé,En agglomération,Intersection en X,Normale,Deux véhicules - côté,,,,,,,,,,,5,2,2,1.0,3.0
201000029386,0010-08-04 08:40:00,10,8,4,8,40,330,63,RUE DE LASEPPE,,,Plein jour,En agglomération,Intersection en T,Pluie légère,Deux véhicules - côté,,,,,,,,,,,1,2,3,2.0,3.0
201000029387,0010-07-30 20:25:00,10,7,30,20,25,330,318,"65, AVE PASTEUR",,,Plein jour,En agglomération,Hors intersection,Normale,Autre collision,,,,,,,,,,,1,2,1,1.0,6.0
201000029388,0010-07-31 09:10:00,10,7,31,9,10,330,522,"46, AVE MARECHAL LECLERC",,,Plein jour,En agglomération,Hors intersection,Normale,Deux véhicules - côté,,,,,,,,,,,1,2,1,1.0,3.0
201000029389,0010-08-04 12:13:00,10,8,4,12,13,330,63,"96, QUAI DE PALUDATE",,,Plein jour,En agglomération,Hors intersection,Normale,Sans collision,,,,,,,,,,,1,2,1,1.0,7.0
201000029390,0010-07-31 15:15:00,10,7,31,15,15,330,318,AVE DU GENERAL LECLERC,,,Plein jour,En agglomération,Intersection en X,Normale,Deux véhicules - arrière,,,,,,,,,,,1,2,2,1.0,2.0
201000029391,0010-08-08 07:20:00,10,8,8,7,20,330,63,PONT EN U,,,Crépuscule ou aube,En agglomération,Hors intersection,Normale,Autre collision,,,,,,,,,,,2,2,1,1.0,6.0
201000029392,0010-08-08 13:20:00,10,8,8,13,20,330,63,RUE PIERRE LOTI,,,Plein jour,En agglomération,Intersection en Y,Normale,Deux véhicules - côté,,,,,,,,,,,1,2,4,1.0,3.0
201000029393,0010-08-06 22:30:00,10,8,6,22,30,330,63,QUAI DE LA SOUYS,,,Nuit avec éclairage allumé,En agglomération,Hors intersection,Normale,Deux véhicules - frontale,,,,,,,,,,,5,2,1,1.0,1.0
201000029394,0010-08-07 16:00:00,10,8,7,16,0,330,63,CRS GEORGES CLEMENCEAU,,,Plein jour,En agglomération,Intersection en X,Normale,Deux véhicules - côté,,,,,,,,,,,1,2,2,1.0,3.0
201000029395,0010-08-09 20:20:00,10,8,9,20,20,330,63,"200, RUE FONDAUDEGE",,,Plein jour,En agglomération,Hors intersection,Normale,Deux véhicules - côté,,,,,,,,,,,1,2,1,1.0,3.0
201000029396,0010-08-06 20:30:00,10,8,6,20,30,330,63,RUE MILLIERE,,,Plein jour,En agglomération,Intersection en X,Normale,Trois véhicules et plus - collisions multiples,,,,,,,,,,,1,2,2,1.0,5.0
201000029397,0010-08-09 18:20:00,10,8,9,18,20,330,63,PCE GAMBETTA,,,Plein jour,En agglomération,Hors intersection,Normale,Autre collision,,,,,,,,,,,1,2,1,1.0,6.0