accident_id,datetime,annee,mois,jour,heure,minute,departement,commune_insee,adresse,latitude,longitude,luminosite,agglomeration,intersection,meteo,collision,nb_vehicules,nb_usagers,nb_indemnes,nb_tues,nb_blesses_hosp,nb_blesses_legers,age_cond_1,age_cond_2,veh_type_cond_1,veh_type_cond_2,lum_code,agg_code,int_code,atm_code,col_code
201000029398,0010-08-08 12:34:00,10,8,8,12,34,330,318,RUE PAULIN DE NOLE,,,Plein jour,En agglomération,Hors intersection,Normale,Deux véhicules - arrière,,,,,,,,,,,1,2,1,1.0,2.0
201000029399,0010-08-10 20:25:00,10,8,10,20,25,330,63,CRS DE LA LIBERATION,,,Plein jour,En agglomération,Intersection en X,Normale,Deux véhicules - côté,,,,,,,,,,,1,2,2,1.0,3.0
201000029400,0010-08-04 11:15:00,10,8,4,11,15,330,63,"16, RUE DE L'HERMITAGE C",,,Plein jour,En agglomération,Hors intersection,Pluie légère,Deux véhicules - frontale,,,,,,,,,,,1,2,1,2.0,1.0
201000029401,0010-08-11 00:45:00,10,8,11,0,45,330,63,RUE PROFESSEUR ANDRE LAM,,,Nuit avec éclairage allumé,En agglomération,Hors intersection,Normale,Sans collision,,,,,,,,,,,5,2,1,1.0,7.0
201000029402,0010-08-07 14:10:00,10,8,7,14,10,330,318,"117, AVE PASTEUR",,,Plein jour,En agglomération,Hors intersection,Normale,Deux véhicules - arrière,,,,,,,,,,,1,2,1,1.0,2.0
201000029403,0010-08-08 20:16:00,10,8,8,20,16,330,318,AVE ROBERT CLAVE,,,Plein jour,En agglomération,Intersection en X,Normale,Deux véhicules - frontale,,,,,,,,,,,1,2,2,1.0,1.0
201000029404,0010-08-08 15:25:00,10,8,8,15,25,330,281,"62, RUE DU JARD",,,Plein jour,En agglomération,Hors intersection,Normale,Autre collision,,,,,,,,,,,1,2,1,1.0,6.0
201000029405,0010-08-08 17:25:00,10,8,8,17,25,330,281,AVE PRESIDENT J.F. KENNE,,,Plein jour,En agglomération,Hors intersection,Normale,Deux véhicules - arrière,,,,,,,,,,,1,2,1,1.0,2.0
201000029406,0010-08-12 11:15:00,10,8,12,11,15,330,63,RUE EDMOND MICHELET,,,Plein jour,En agglomération,Intersection en X,Normale,Deux véhicules - côté,,,,,,,,,,,1,2,2,1.0,3.0
201000029407,0010-08-11 18:20:00,10,8,11,18,20,330,119,AVE RENE CASSAGNE,,,Plein jour,En agglomération,Intersection en T,Pluie légère,Deux véhicules - frontale,,,,,,,,,,,1,2,3,2.0,1.0
201000029408,0010-08-10 20:55:00,10,8,10,20,55,330,318,AVE ROBERT CLAVE,,,Plein jour,En agglomération,Intersection en T,Pluie légère,Autre collision,,,,,,,,,,,1,2,3,2.0,6.0
201000029409,0010-08-06 08:10:00,10,8,6,8,10,330,318,"70BIS, AVE JEAN JAURES",,,Plein jour,En agglomération,Hors intersection,Normale,Deux véhicules - côté,,,,,,,,,,,1,2,1,1.0,3.0
201000029410,0010-08-14 05:00:00,10,8,14,5,0,330,63,CRS DU MARECHAL GALLIENI,,,Nuit avec éclairage allumé,En agglomération,Intersection en X,Normale,Autre collision,,,,,,,,,,,5,2,2,1.0,6.0
201000029411,0010-08-15 17:35:00,10,8,15,17,35,330,63,RUE DE PESSAC,,,Plein jour,En agglomération,Intersection en T,Normale,Deux véhicules - côté,,,,,,,,,,,1,2,3,1.0,3.0
201000029412,0010-08-11 10:10:00,10,8,11,10,10,330,281,AVE DE LA LIBERATION,,,Plein jour,En agglomération,Intersection en T,Normale,Deux véhicules - côté,,,,,,,,,,,1,2,3,1.0,3.0
201000029413,0010-08-07 09:15:00,10,8,7,9,15,330,39,"47, PASS DEYSSON",,,Plein jour,En agglomération,Hors intersection,Normale,Autre collision,,,,,,,,,,,1,2,1,1.0,6.0
201000029414,0010-08-16 21:25:00,10,8,16,21,25,330,63,BD ALBERT 1ER,,,Nuit avec éclairage allumé,En agglomération,Intersection en T,Normale,Deux véhicules - côté,,,,,,,,,,,5,2,3,1.0,3.0
201000029415,0010-08-18 02:20:00,10,8,18,2,20,330,63,"10, QUAI DE PALUDATE",,,Nuit avec éclairage allumé,En agglomération,Hors intersection,Normale,Sans collision,,,,,,,,,,,5,2,1,1.0,7.0
201000029416,0010-08-17 12:25:00,10,8,17,12,25,330,63,ALL DE BRISTOL,,,Plein jour,En agglomération,Intersection en T,Normale,Deux véhicules - côté,,,,,,,,,,,1,2,3,1.0,3.0
201000029417,0010-08-19 00:10:00,10,8,19,0,10,330,63,"06, CRS MARC NOUAUX",,,Nuit avec éclairage non allumé,En agglomération,Hors intersection,Normale,Autre collision,,,,,,,,,,,4,2,1,1.0,6.0
201000029418,0010-08-18 08:55:00,10,8,18,8,55,330,249,VOIE D'ACCES CENTRE COMM,,,Plein jour,En agglomération,Intersection en X,Pluie légère,Deux véhicules - côté,,,,,,,,,,,1,2,2,2.0,3.0
201000029419,0010-08-12 12:25:00,10,8,12,12,25,330,281,AVE MARCEL DASSAULT,,,Plein jour,En agglomération,Hors intersection,Normale,Trois véhicules et plus - collisions multiples,,,,,,,,,,,1,2,1,1.0,5.0
201000029420,0010-08-19 14:55:00,10,8,19,14,55,330,63,RUE DU GNRAL GUSTAVE F,,,Plein jour,En agglomération,Intersection à plus de 4 branches,Normale,Deux véhicules - côté,,,,,,,,,,,1,2,5,1.0,3.0
201000029421,0010-08-18 19:03:00,10,8,18,19,3,330,63,RUE DE NUITS,,,Plein jour,En agglomération,Intersection en T,Normale,Autre collision,,,,,,,,,,,1,2,3,1.0,6.0
201000029422,0010-08-18 18:40:00,10,8,18,18,40,330,63,CRS D'ALBRET,,,Plein jour,En agglomération,Intersection à plus de 4 branches,Normale,Deux véhicules - côté,,,,,,,,,,,1,2,5,1.0,3.0
201000029423,0010-08-19 12:00:00,10,8,19,12,0,330,63,RUE DES FRERES PORTMANN,,,Plein jour,En agglomération,Hors intersection,Normale,Deux véhicules - arrière,,,,,,,,,,,1,2,1,1.0,2.0
201000029424,0010-08-21 12:03:00,10,8,21,12,3,330,63,"101, AVE THIERS",,,Plein jour,En agglomération,Hors intersection,Normale,Deux véhicules - arrière,,,,,,,,,,,1,2,1,1.0,2.0
201000029425,0010-08-20 15:50:00,10,8,20,15,50,330,63,RUE DU GRAND MAURIAN,,,Plein jour,En agglomération,Intersection en X,Normale,Deux véhicules - côté,,,,,,,,,,,1,2,2,1.0,3.0
201000029426,0010-08-20 14:15:00,10,8,20,14,15,330,63,RUE EUGENE JACQUET,,,Plein jour,En agglomération,Hors intersection,Normale,Deux véhicules - frontale,,,,,,,,,,,1,2,1,1.0,1.0
201000029427,0010-08-20 17:30:00,10,8,20,17,30,330,63,CRS DE L'ARGONNE,,,Plein jour,En agglomération,Intersection en X,Normale,Deux véhicules - côté,,,,,,,,,,,1,2,2,1.0,3.0
201000029428,0010-08-25 18:30:00,10,8,25,18,30,330,63,"17, RTE DE TOULOUSE",,,Plein jour,En agglomération,Hors intersection,Normale,Deux véhicules - côté,,,,,,,,,,,1,2,1,1.0,3.0
201000029429,0010-08-22 01:30:00,10,8,22,1,30,330,63,AVE MARCEL DASSAULT,,,Nuit avec éclairage allumé,En agglomération,Hors intersection,Normale,Autre collision,,,,,,,,,,,5,2,1,1.0,6.0
201000029430,0010-08-20 15:30:00,10,8,20,15,30,330,63,BD DU PRESIDENT WILSON,,,Plein jour,En agglomération,Intersection en X,Normale,Deux véhicules - côté,,,,,,,,,,,1,2,2,1.0,3.0
201000029431,0010-08-20 08:15:00,10,8,20,8,15,330,119,AVE JEAN ZAY,,,Plein jour,En agglomération,Intersection en X,Normale,Deux véhicules - côté,,,,,,,,,,,1,2,2,1.0,3.0
201000029432,0010-08-20 15:25:00,10,8,20,15,25,330,167,"71, AVE PASTEUR",,,Plein jour,En agglomération,Hors intersection,Normale,Deux véhicules - arrière,,,,,,,,,,,1,2,1,1.0,2.0
201000029433,0010-08-23 17:31:00,10,8,23,17,31,330,249,AVE DE LA LIBERATION,,,Plein jour,En agglomération,Giratoire,Normale,Deux véhicules - côté,,,,,,,,,,,1,2,6,1.0,3.0
201000029434,0010-08-22 00:15:00,10,8,22,0,15,330,318,"12 bis, ALL DU HAUT LEVE",,,Nuit avec éclairage allumé,En agglomération,Hors intersection,Normale,Autre collision,,,,,,,,,,,5,2,1,1.0,6.0
201000029435,0010-08-21 12:20:00,10,8,21,12,20,330,39,"242, RTE DE TOULOUSE",,,Plein jour,En agglomération,Intersection en T,Normale,Autre collision,,,,,,,,,,,1,2,3,1.0,6.0
201000029436,0010-08-20 03:00:00,10,8,20,3,0,330,318,AVE DU DOCTEUR NANCEL PE,,,Nuit avec éclairage allumé,En agglomération,Hors intersection,Normale,Autre collision,,,,,,,,,,,5,2,1,1.0,6.0
201000029437,0010-08-24 20:05:00,10,8,24,20,5,330,63,"50, AVE DE LA REPUBLIQUE",,,Plein jour,En agglomération,Intersection en X,Normale,Deux véhicules - côté,,,,,,,,,,,1,2,2,1.0,3.0
201000029438,0010-08-24 16:00:00,10,8,24,16,0,330,167,COTE DE MONREPOS,,,Plein jour,En agglomération,Intersection en T,Normale,Deux véhicules - arrière,,,,,,,,,,,1,2,3,1.0,2.0
201000029439,0010-08-23 12:30:00,10,8,23,12,30,330,63,BD DU PRESIDENT WILSON,,,Plein jour,En agglomération,Intersection en X,Normale,Deux véhicules - côté,,,,,,,,,,,1,2,2,1.0,3.0
201000029440,0010-08-24 20:15:00,10,8,24,20,15,330,63,AVE DE NONTRASTE,,,Plein jour,En agglomération,Hors intersection,Normale,Deux véhicules - arrière,,,,,,,,,,,1,2,1,1.0,2.0
201000029441,0010-08-26 09:35:00,10,8,26,9,35,330,63,PONT DE PIERRE,,,Plein jour,En agglomération,Hors intersection,Normale,Trois véhicules et plus - en chaîne,,,,,,,,,,,1,2,1,1.0,4.0
201000029442,0010-08-24 11:50:00,10,8,24,11,50,330,550,RTE DE LEOGNAN,,,Plein jour,En agglomération,Giratoire,Normale,Deux véhicules - côté,,,,,,,,,,,1,2,6,1.0,3.0
201000029443,0010-08-29 05:50:00,10,8,29,5,50,330,63,AVE THIERS,,,Nuit avec éclairage allumé,En agglomération,Hors intersection,Normale,Deux véhicules - côté,,,,,,,,,,,5,2,1,1.0,3.0
201000029444,0010-08-27 18:20:00,10,8,27,18,20,330,63,"71, CRS ARISTIDE BRIAND",,,Plein jour,En agglomération,Intersection en T,Normale,Deux véhicules - côté,,,,,,,,,,,1,2,3,1.0,3.0
201000029445,0010-08-28 19:00:00,10,8,28,19,0,330,249,AVE DE LA GARDETTE,,,Plein jour,En agglomération,Hors intersection,Normale,Deux véhicules - côté,,,,,,,,,,,1,2,1,1.0,3.0
201000029446,0010-08-28 23:45:00,10,8,28,23,45,330,281,RUE JULES MICHELET,,,Nuit avec éclairage allumé,En agglomération,Intersection en Y,Normale,Deux véhicules - côté,,,,,,,,,,,5,2,4,1.0,3.0
201000029447,0010-08-31 22:30:00,10,8,31,22,30,330,63,RUE SAINTE- CATHERINE,,,Nuit avec éclairage allumé,En agglomération,Intersection en X,Normale,Deux véhicules - côté,,,,,,,,,,,5,2,2,1.0,3.0
201000029448,0010-08-26 21:20:00,10,8,26,21,20,330,318,ALL DES TULIPES,,,Nuit avec éclairage allumé,En agglomération,Intersection en X,Normale,Deux véhicules - côté,,,,,,,,,,,5,2,2,1.0,3.0
201000029449,0010-08-29 15:15:00,10,8,29,15,15,330,318,"24, AVE DES PROVINCES",,,Plein jour,En agglomération,Hors intersection,Normale,Autre collision,,,,,,,,,,,1,2,1,1.0,6.0
201000029450,0010-08-31 16:15:00,10,8,31,16,15,330,63,CRS VICTOR HUGO,,,Plein jour,En agglomération,Intersection en T,Normale,Deux véhicules - côté,,,,,,,,,,,1,2,3,1.0,3.0
201000029451,0010-08-24 20:15:00,10,8,24,20,15,330,281,AVE DE LA SOMME,,,Crépuscule ou aube,En agglomération,Intersection en X,Normale,Deux véhicules - côté,,,,,,,,,,,2,2,2,1.0,3.0
201000029452,0010-09-01 23:50:00,10,9,1,23,50,330,63,BD ANTOINE GAUTIER,,,Nuit avec éclairage allumé,En agglomération,Intersection en X,Normale,Trois véhicules et plus - collisions multiples,,,,,,,,,,,5,2,2,1.0,5.0
201000029453,0010-09-02 12:00:00,10,9,2,12,0,330,63,"243, AVE DE LA REPUBLIQU",,,Plein jour,En agglomération,Intersection en T,Normale,Deux véhicules - arrière,,,,,,,,,,,1,2,3,1.0,2.0
201000029454,0010-08-27 21:45:00,10,8,27,21,45,330,192,"181, RUE SAINT-FRANCOIS",,,Nuit avec éclairage allumé,En agglomération,Hors intersection,Normale,Sans collision,,,,,,,,,,,5,2,1,1.0,7.0
201000029455,0010-08-27 10:00:00,10,8,27,10,0,330,75,AVE CONRAD GAUSSENS,,,Plein jour,En agglomération,Intersection en T,Normale,Deux véhicules - arrière,,,,,,,,,,,1,2,3,1.0,2.0
201000029456,0010-08-28 16:50:00,10,8,28,16,50,330,39,RUE LEON GAMBETTA,,,Plein jour,En agglomération,Intersection en X,Normale,Deux véhicules - côté,,,,,,,,,,,1,2,2,1.0,3.0
201000029457,0010-08-31 20:59:00,10,8,31,20,59,330,119,BD ENTRE DEUX MERS,,,Nuit avec éclairage allumé,En agglomération,Intersection en Y,Normale,Deux véhicules - côté,,,,,,,,,,,5,2,4,1.0,3.0
201000029458,0010-08-30 08:10:00,10,8,30,8,10,330,281,"225, AVE MARCEL DASSAULT",,,Plein jour,Hors agglomération,Hors intersection,Temps éblouissant,Deux véhicules - côté,,,,,,,,,,,1,1,1,7.0,3.0
201000029459,0010-09-03 07:00:00,10,9,3,7,0,330,63,CRS VICTOR HUGO,,,Crépuscule ou aube,En agglomération,Intersection en T,Normale,Deux véhicules - côté,,,,,,,,,,,2,2,3,1.0,3.0
201000029460,0010-09-03 11:40:00,10,9,3,11,40,330,63,"69, BD PIERRE 1ER",,,Plein jour,En agglomération,Intersection en X,Normale,Deux véhicules - côté,,,,,,,,,,,1,2,2,1.0,3.0
201000029461,0010-09-05 09:45:00,10,9,5,9,45,330,63,CRS VICTOR HUGO,,,Plein jour,En agglomération,Intersection en Y,Normale,Deux véhicules - côté,,,,,,,,,,,1,2,4,1.0,3.0
201000029462,0010-09-03 22:09:00,10,9,3,22,9,330,63,BD GODARD,,,Nuit avec éclairage allumé,En agglomération,Place,Normale,Deux véhicules - côté,,,,,,,,,,,5,2,7,1.0,3.0
201000029463,0010-09-04 17:55:00,10,9,4,17,55,330,63,CRS VICTOR HUGO,,,Plein jour,En agglomération,Intersection en T,Normale,Deux véhicules - côté,,,,,,,,,,,1,2,3,1.0,3.0
201000029464,0010-09-07 07:35:00,10,9,7,7,35,330,63,RUE DU GNRAL GUSTAVE F,,,Plein jour,En agglomération,Intersection en T,Pluie légère,Deux véhicules - côté,,,,,,,,,,,1,2,3,2.0,3.0
201000029465,0010-08-31 08:25:00,10,8,31,8,25,330,75,CHEM DU REDUIT,,,Plein jour,En agglomération,Intersection en X,Normale,Deux véhicules - côté,,,,,,,,,,,1,2,2,1.0,3.0
201000029466,0010-08-30 13:40:00,10,8,30,13,40,330,281,RUE ALPHONSE DAUDET,,,Plein jour,En agglomération,Intersection en Y,Normale,Deux véhicules - côté,,,,,,,,,,,1,2,4,1.0,3.0
201000029467,0010-09-07 00:45:00,10,9,7,0,45,330,63,RUE ABBE DE L'EPEE,,,Nuit avec éclairage allumé,En agglomération,Intersection en X,Pluie légère,Deux véhicules - côté,,,,,,,,,,,5,2,2,2.0,3.0
201000029468,0010-09-06 14:30:00,10,9,6,14,30,330,63,RUE JULES FERRY CAUD,,,Plein jour,En agglomération,Intersection en X,Normale,Deux véhicules - arrière,,,,,,,,,,,1,2,2,1.0,2.0
201000029469,0010-09-06 13:20:00,10,9,6,13,20,330,63,BD ALIENOR D'AQUITAINE,,,Plein jour,En agglomération,Intersection en X,Normale,Deux véhicules - arrière,,,,,,,,,,,1,2,2,1.0,2.0
201000029470,0010-09-06 08:50:00,10,9,6,8,50,330,63,"103, RUE FRANCOIS DE SOU",,,Plein jour,En agglomération,Hors intersection,Normale,Autre collision,,,,,,,,,,,1,2,1,1.0,6.0
201000029471,0010-08-31 17:05:00,10,8,31,17,5,330,318,AVE DU BOURGAILH,,,Plein jour,En agglomération,Intersection en X,Normale,Deux véhicules - frontale,,,,,,,,,,,1,2,2,1.0,1.0
201000029472,0010-08-31 13:55:00,10,8,31,13,55,330,39,"4, RUE MARCEL CACHIN",,,Plein jour,En agglomération,Intersection en T,Normale,Autre collision,,,,,,,,,,,1,2,3,1.0,6.0
201000029473,0010-09-02 18:15:00,10,9,2,18,15,330,318,"157, AVE DU DOCTEUR NANC",,,Plein jour,En agglomération,Hors intersection,Normale,Deux véhicules - côté,,,,,,,,,,,1,2,1,1.0,3.0
201000029474,0010-09-05 19:20:00,10,9,5,19,20,330,63,BD LUDOVIC TRARIEUX,,,Plein jour,En agglomération,Intersection en X,Normale,Deux véhicules - côté,,,,,,,,,,,1,2,2,1.0,3.0
201000029475,0010-09-07 17:40:00,10,9,7,17,40,330,63,RUE DE BELFORT,,,Plein jour,En agglomération,Intersection en Y,Normale,Trois véhicules et plus - collisions multiples,,,,,,,,,,,1,2,4,1.0,5.0
201000029476,0010-09-07 08:55:00,10,9,7,8,55,330,63,AVE LOUIS BARTHOU CAUD,,,Plein jour,En agglomération,Intersection en Y,Pluie légère,Sans collision,,,,,,,,,,,1,2,4,2.0,7.0
201000029477,0010-09-07 23:00:00,10,9,7,23,0,330,63,RUE DU COMMANDANT CHARCO,,,Nuit avec éclairage allumé,En agglomération,Intersection en T,Pluie légère,Autre collision,,,,,,,,,,,5,2,3,2.0,6.0
201000029478,0010-09-07 07:55:00,10,9,7,7,55,330,63,RUE HERON,,,Plein jour,En agglomération,Intersection en X,Normale,Autre collision,,,,,,,,,,,1,2,2,1.0,6.0
201000029479,0010-09-08 20:50:00,10,9,8,20,50,330,63,"81, BD GEORGES POMPIDOU",,,Nuit avec éclairage allumé,En agglomération,Intersection en T,Pluie forte,Autre collision,,,,,,,,,,,5,2,3,3.0,6.0
201000029480,0010-09-09 10:10:00,10,9,9,10,10,330,63,"37, CRS VICTOR HUGO",,,Plein jour,En agglomération,Intersection en T,Normale,Autre collision,,,,,,,,,,,1,2,3,1.0,6.0
201000029481,0010-09-09 08:40:00,10,9,9,8,40,330,63,RUE GENERAL DE LARMINAT,,,Plein jour,En agglomération,Intersection en X,Normale,Deux véhicules - arrière,,,,,,,,,,,1,2,2,1.0,2.0
201000029482,0010-09-09 06:40:00,10,9,9,6,40,330,63,RUE GALIN,,,Crépuscule ou aube,En agglomération,Hors intersection,Pluie légère,Autre collision,,,,,,,,,,,2,2,1,2.0,6.0
201000029483,0010-09-04 21:30:00,10,9,4,21,30,330,522,AVE DE THOUARS,,,Nuit avec éclairage allumé,En agglomération,Intersection en T,Normale,Deux véhicules - arrière,,,,,,,,,,,5,2,3,1.0,2.0
201000029484,0010-09-03 20:45:00,10,9,3,20,45,330,281,"11, AVE HENRI BARBUSSE",,,Crépuscule ou aube,En agglomération,Intersection en X,Normale,Deux véhicules - côté,,,,,,,,,,,2,2,2,1.0,3.0
201000029485,0010-09-04 17:25:00,10,9,4,17,25,330,39,RUE LEON GAMBETTA,,,Plein jour,En agglomération,Intersection en X,Normale,Sans collision,,,,,,,,,,,1,2,2,1.0,7.0
201000029486,0010-09-08 20:40:00,10,9,8,20,40,330,63,RUE THIAC,,,Nuit avec éclairage allumé,En agglomération,Intersection en X,Temps couvert,Deux véhicules - côté,,,,,,,,,,,5,2,2,8.0,3.0
201000029487,0010-09-10 01:45:00,10,9,10,1,45,330,63,CRS PORTAL,,,Nuit avec éclairage allumé,En agglomération,Intersection en T,Normale,Sans collision,,,,,,,,,,,5,2,3,1.0,7.0
201000029488,0010-09-05 22:40:00,10,9,5,22,40,330,192,"176, RTE DE LEOGNAN",,,Nuit avec éclairage allumé,En agglomération,Hors intersection,Normale,Autre collision,,,,,,,,,,,5,2,1,1.0,6.0
201000029489,0010-08-31 08:30:00,10,8,31,8,30,330,318,"55, AVE DU GENERAL LECLE",,,Plein jour,En agglomération,Hors intersection,Normale,Sans collision,,,,,,,,,,,1,2,1,1.0,7.0
201000029490,0010-09-06 17:25:00,10,9,6,17,25,330,550,"419, CHEM DE LEYSOTTE",,,Plein jour,En agglomération,Hors intersection,Normale,Autre collision,,,,,,,,,,,1,2,1,1.0,6.0
201000029491,0010-09-03 20:00:00,10,9,3,20,0,330,281,AVE BON AIR,,,Plein jour,En agglomération,Giratoire,Normale,Deux véhicules - arrière,,,,,,,,,,,1,2,6,1.0,2.0
201000029492,0010-09-07 09:55:00,10,9,7,9,55,330,39,"52, RUE LEON GAMBETTA",,,Plein jour,En agglomération,Hors intersection,Normale,Deux véhicules - arrière,,,,,,,,,,,1,2,1,1.0,2.0
201000029493,0010-09-05 21:05:00,10,9,5,21,5,330,318,AVE ROBERT CLAVE,,,Nuit avec éclairage allumé,En agglomération,Intersection en T,Normale,Sans collision,,,,,,,,,,,5,2,3,1.0,7.0
201000029494,0010-09-05 05:16:00,10,9,5,5,16,330,69,"90, AVE DE LA LIBERATION",,,Nuit avec éclairage allumé,En agglomération,Hors intersection,Normale,Autre collision,,,,,,,,,,,5,2,1,1.0,6.0
201000029495,0010-09-12 19:55:00,10,9,12,19,55,330,63,CRS CHARLES BRICAUD,,,Crépuscule ou aube,En agglomération,Intersection en T,Normale,Deux véhicules - arrière,,,,,,,,,,,2,2,3,1.0,2.0
201000029496,0010-09-11 07:20:00,10,9,11,7,20,330,63,"170, AVE DE LA REPUBLIQU",,,Plein jour,En agglomération,Hors intersection,Normale,Autre collision,,,,,,,,,,,1,2,1,1.0,6.0
201000029497,0010-09-10 13:20:00,10,9,10,13,20,330,63,RUE DES TERRES DE BORDE,,,Plein jour,En agglomération,Intersection en T,Normale,Deux véhicules - côté,,,,,,,,,,,1,2,3,1.0,3.0
201000029498,0010-09-11 18:55:00,10,9,11,18,55,330,63,RUE CROIX DE SEGUEY,,,Plein jour,En agglomération,Intersection en X,Normale,Deux véhicules - côté,,,,,,,,,,,1,2,2,1.0,3.0
201000029499,0010-09-10 10:00:00,10,9,10,10,0,330,63,"141, RUE DE PESSAC",,,Plein jour,En agglomération,Hors intersection,Normale,Deux véhicules - frontale,,,,,,,,,,,1,2,1,1.0,1.0
201000029500,0010-09-07 08:40:00,10,9,7,8,40,330,281,AVE DE VERDUN,,,Plein jour,En agglomération,Intersection en Y,Pluie légère,Deux véhicules - côté,,,,,,,,,,,1,2,4,2.0,3.0
201000029501,0010-09-13 08:15:00,10,9,13,8,15,330,63,"104, BD DU PRESIDENT WIL",,,Plein jour,En agglomération,Intersection en X,Normale,Autre collision,,,,,,,,,,,1,2,2,1.0,6.0
201000029502,0010-09-07 16:55:00,10,9,7,16,55,330,550,"99, CHEM DE LEYSOTTE",,,Plein jour,En agglomération,Intersection en X,Normale,Deux véhicules - arrière,,,,,,,,,,,1,2,2,1.0,2.0
201000029503,0010-09-09 17:35:00,10,9,9,17,35,330,318,"50 bis, AVE DU GENERAL L",,,Plein jour,En agglomération,Hors intersection,Normale,Autre collision,,,,,,,,,,,1,2,1,1.0,6.0
201000029504,0010-09-06 12:15:00,10,9,6,12,15,330,318,"164, AVE DU HAUT LEVEQUE",,,Plein jour,En agglomération,Hors intersection,Normale,Deux véhicules - côté,,,,,,,,,,,1,2,1,1.0,3.0
201000029505,0010-09-10 12:10:00,10,9,10,12,10,330,63,BRIENNE 'Place du marché,,,Plein jour,En agglomération,Hors intersection,Normale,Sans collision,,,,,,,,,,,1,2,1,1.0,7.0
201000029506,0010-09-13 10:05:00,10,9,13,10,5,330,63,RUE DESFOURNIEL,,,Plein jour,En agglomération,Intersection en X,Normale,Deux véhicules - côté,,,,,,,,,,,1,2,2,1.0,3.0
201000029507,0010-09-14 15:00:00,10,9,14,15,0,330,63,CRS DE VERDUN,,,Plein jour,En agglomération,Intersection en T,Normale,Deux véhicules - frontale,,,,,,,,,,,1,2,3,1.0,1.0
201000029508,0010-08-26 08:50:00,10,8,26,8,50,330,39,RUE LEON GAMBETTA,,,Plein jour,En agglomération,Intersection en X,Normale,Autre collision,,,,,,,,,,,1,2,2,1.0,6.0
201000029509,0010-09-13 14:35:00,10,9,13,14,35,330,167,ALL DE LA GABARRE,,,Plein jour,En agglomération,Intersection en T,Normale,Deux véhicules - arrière,,,,,,,,,,,1,2,3,1.0,2.0
201000029510,0010-09-10 13:50:00,10,9,10,13,50,330,318,RUE CHARLES PEGUY,,,Plein jour,En agglomération,Intersection en X,Normale,Deux véhicules - côté,,,,,,,,,,,1,2,2,1.0,3.0
201000029511,0010-09-14 09:10:00,10,9,14,9,10,330,167,"8, RUE CORNEILLE",,,Plein jour,En agglomération,Hors intersection,Normale,Sans collision,,,,,,,,,,,1,2,1,1.0,7.0
201000029512,0010-09-10 21:30:00,10,9,10,21,30,330,318,Entrée Parking GEANT CAS,,,Nuit avec éclairage allumé,En agglomération,Hors intersection,Normale,Autre collision,,,,,,,,,,,5,2,1,1.0,6.0
201000029513,0010-09-15 13:15:00,10,9,15,13,15,330,63,"19, PCE DU MARCHE DES CH",,,Plein jour,En agglomération,Hors intersection,Normale,Sans collision,,,,,,,,,,,1,2,1,1.0,7.0
201000029514,0010-09-05 06:40:00,10,9,5,6,40,330,522,"93, CRS MARECHAL GALLIEN",,,Nuit avec éclairage allumé,En agglomération,Hors intersection,Normale,Sans collision,,,,,,,,,,,5,2,1,1.0,7.0
201000029515,0010-09-10 17:15:00,10,9,10,17,15,330,281,CHEM DE POUCHON,,,Plein jour,En agglomération,Intersection en X,Normale,Deux véhicules - côté,,,,,,,,,,,1,2,2,1.0,3.0
201000029516,0010-09-10 21:45:00,10,9,10,21,45,330,281,"10, AVE MARCEL DASSAULT",,,Nuit avec éclairage allumé,En agglomération,Hors intersection,Normale,Sans collision,,,,,,,,,,,5,2,1,1.0,7.0
201000029517,0010-09-11 15:00:00,10,9,11,15,0,330,281,MERIGNAC (AVENUE DE),,,Plein jour,En agglomération,Intersection en T,Normale,Deux véhicules - arrière,,,,,,,,,,,1,2,3,1.0,2.0
201000029518,0010-09-15 10:30:00,10,9,15,10,30,330,63,"7, RUE DU BOCAGE CAUD",,,Plein jour,En agglomération,Intersection en T,Normale,Deux véhicules - frontale,,,,,,,,,,,1,2,3,1.0,1.0
201000029519,0010-09-15 16:20:00,10,9,15,16,20,330,63,CRS VICTOR HUGO,,,Plein jour,En agglomération,Intersection en T,Normale,Deux véhicules - côté,,,,,,,,,,,1,2,3,1.0,3.0
201000029520,0010-09-16 17:35:00,10,9,16,17,35,330,63,"4, RUE RAYMOND LAVIGNE",,,Plein jour,En agglomération,Hors intersection,Normale,Autre collision,,,,,,,,,,,1,2,1,1.0,6.0
201000029521,0010-09-10 08:00:00,10,9,10,8,0,330,69,"242, AVE VICTOR HUGO",,,Plein jour,En agglomération,Intersection en Y,Normale,Sans collision,,,,,,,,,,,1,2,4,1.0,7.0
201000029522,0010-09-14 18:16:00,10,9,14,18,16,330,167,VOIE PENETRANTE EST,,,Plein jour,En agglomération,Hors intersection,Normale,Deux véhicules - arrière,,,,,,,,,,,1,2,1,1.0,2.0
201000029523,0010-09-16 17:30:00,10,9,16,17,30,330,249,"24, QUAI NUMA SENSINE",,,Plein jour,En agglomération,Hors intersection,Normale,Deux véhicules - côté,,,,,,,,,,,1,2,1,1.0,3.0
201000029524,0010-09-14 19:05:00,10,9,14,19,5,330,550,AVE DES PYRENEES,,,Plein jour,En agglomération,Intersection en X,Normale,Deux véhicules - côté,,,,,,,,,,,1,2,2,1.0,3.0
201000029525,0010-09-20 08:55:00,10,9,20,8,55,330,63,BD DES FRERES MOGA,,,Plein jour,En agglomération,Hors intersection,Normale,Sans collision,,,,,,,,,,,1,2,1,1.0,7.0
201000029526,0010-09-13 16:40:00,10,9,13,16,40,330,522,"335, CRS DE LA LIBERATIO",,,Plein jour,En agglomération,Hors intersection,Normale,Deux véhicules - côté,,,,,,,,,,,1,2,1,1.0,3.0