accident_id,datetime,annee,mois,jour,heure,minute,departement,commune_insee,adresse,latitude,longitude,luminosite,agglomeration,intersection,meteo,collision,nb_vehicules,nb_usagers,nb_indemnes,nb_tues,nb_blesses_hosp,nb_blesses_legers,age_cond_1,age_cond_2,veh_type_cond_1,veh_type_cond_2,lum_code,agg_code,int_code,atm_code,col_code
201000029527,0010-09-10 18:40:00,10,9,10,18,40,330,39,RUE LOUIS ELOI,,,Plein jour,En agglomération,Intersection en X,Normale,Deux véhicules - côté,,,,,,,,,,,1,2,2,1.0,3.0
201000029528,0010-09-14 18:55:00,10,9,14,18,55,330,39,RUE DES MIMOSAS,,,Plein jour,En agglomération,Intersection en T,Normale,Deux véhicules - côté,,,,,,,,,,,1,2,3,1.0,3.0
201000029529,0010-09-22 07:50:00,10,9,22,7,50,330,63,"41, RUE FONDAUDEGE",,,Plein jour,En agglomération,Hors intersection,Normale,Autre collision,,,,,,,,,,,1,2,1,1.0,6.0
201000029530,0010-09-22 16:45:00,10,9,22,16,45,330,63,"343, CRS DE LA SOMME",,,Plein jour,En agglomération,Hors intersection,Normale,Deux véhicules - arrière,,,,,,,,,,,1,2,1,1.0,2.0
201000029531,0010-09-22 19:10:00,10,9,22,19,10,330,63,"114-118, AVE CHARLES DE",,,Plein jour,En agglomération,Hors intersection,Normale,Trois véhicules et plus - en chaîne,,,,,,,,,,,1,2,1,1.0,4.0
201000029532,0010-09-21 19:00:00,10,9,21,19,0,330,63,AVE DU DOCTEUR SCHINAZI,,,Plein jour,En agglomération,Intersection en T,Normale,Deux véhicules - côté,,,,,,,,,,,1,2,3,1.0,3.0
201000029533,0010-09-14 12:30:00,10,9,14,12,30,330,281,CHEM DE LA PRINCESSE,,,Plein jour,En agglomération,Intersection en X,Normale,Deux véhicules - côté,,,,,,,,,,,1,2,2,1.0,3.0
201000029534,0010-09-24 00:45:00,10,9,24,0,45,330,63,"172, RUE DESSE",,,Nuit avec éclairage allumé,En agglomération,Intersection en X,Normale,Deux véhicules - côté,,,,,,,,,,,5,2,2,1.0,3.0
201000029535,0010-09-23 12:20:00,10,9,23,12,20,330,63,CRS DE L'YSER,,,Plein jour,En agglomération,Intersection en T,Normale,Deux véhicules - côté,,,,,,,,,,,1,2,3,1.0,3.0
201000029536,0010-09-17 11:45:00,10,9,17,11,45,330,32,AVE DE LA SOMME,,,Plein jour,En agglomération,Giratoire,Normale,Deux véhicules - côté,,,,,,,,,,,1,2,6,1.0,3.0
201000029537,0010-09-17 18:00:00,10,9,17,18,0,330,318,AVE CAMILLE JULLIAN,,,Plein jour,En agglomération,Intersection en X,Normale,Sans collision,,,,,,,,,,,1,2,2,1.0,7.0
201000029538,0010-09-18 00:30:00,10,9,18,0,30,330,318,AVE DU HAUT LEVEQUE,,,Nuit avec éclairage allumé,En agglomération,Autre intersection,Normale,Autre collision,,,,,,,,,,,5,2,9,1.0,6.0
201000029539,0010-09-16 06:45:00,10,9,16,6,45,330,550,RUE MAURICE UTRILLO,,,Nuit avec éclairage allumé,En agglomération,Intersection en T,Pluie légère,Deux véhicules - côté,,,,,,,,,,,5,2,3,2.0,3.0
201000029540,0010-09-15 16:35:00,10,9,15,16,35,330,281,AVE FRANCOIS MITTERRAND,,,Plein jour,En agglomération,Intersection en X,Normale,Trois véhicules et plus - en chaîne,,,,,,,,,,,1,2,2,1.0,4.0
201000029541,0010-09-17 20:10:00,10,9,17,20,10,330,63,"158, BD DU PDT FRANKLIN",,,Crépuscule ou aube,En agglomération,Hors intersection,Normale,Deux véhicules - côté,,,,,,,,,,,2,2,1,1.0,3.0
201000029542,0010-09-20 08:30:00,10,9,20,8,30,330,39,"124, AVE DU PROFESSEUR B",,,Plein jour,En agglomération,Hors intersection,Normale,Deux véhicules - côté,,,,,,,,,,,1,2,1,1.0,3.0
201000029543,0010-09-21 17:25:00,10,9,21,17,25,330,119,"87, AVE JEAN JAURES",,,Plein jour,En agglomération,Intersection en Y,Normale,Trois véhicules et plus - en chaîne,,,,,,,,,,,1,2,4,1.0,4.0
201000029544,0010-09-21 09:50:00,10,9,21,9,50,330,63,QUAI DESCHAMPS,,,Plein jour,En agglomération,Intersection en T,Normale,Deux véhicules - côté,,,,,,,,,,,1,2,3,1.0,3.0
201000029545,0010-09-17 08:40:00,10,9,17,8,40,330,63,ALL DU BOIS,,,Plein jour,En agglomération,Giratoire,Normale,Deux véhicules - côté,,,,,,,,,,,1,2,6,1.0,3.0
201000029546,0010-09-20 00:26:00,10,9,20,0,26,330,75,"07, RUE DES CRESSONNIERE",,,Nuit avec éclairage allumé,En agglomération,Hors intersection,Normale,Autre collision,,,,,,,,,,,5,2,1,1.0,6.0
201000029547,0010-09-21 08:05:00,10,9,21,8,5,330,281,AVE DE BELFORT,,,Plein jour,En agglomération,Hors intersection,Normale,Sans collision,,,,,,,,,,,1,2,1,1.0,7.0
201000029548,0010-09-26 15:30:00,10,9,26,15,30,330,63,CRS DE LA MARNE,,,Plein jour,En agglomération,Hors intersection,Normale,Deux véhicules - côté,,,,,,,,,,,1,2,1,1.0,3.0
201000029549,0010-09-24 21:40:00,10,9,24,21,40,330,63,CRS D'ALBRET,,,Nuit avec éclairage allumé,En agglomération,Intersection en X,Normale,Deux véhicules - côté,,,,,,,,,,,5,2,2,1.0,3.0
201000029550,0010-09-25 23:45:00,10,9,25,23,45,330,63,RUE DES TROIS CONILS,,,Nuit avec éclairage allumé,En agglomération,Intersection en X,Temps couvert,Sans collision,,,,,,,,,,,5,2,2,8.0,7.0
201000029551,0010-09-22 19:20:00,10,9,22,19,20,330,39,CHEM CHATRY,,,Plein jour,En agglomération,Intersection en T,Normale,Deux véhicules - côté,,,,,,,,,,,1,2,3,1.0,3.0
201000029552,0010-09-21 16:10:00,10,9,21,16,10,330,318,"33, AVE JEAN JAURES",,,Plein jour,En agglomération,Hors intersection,Normale,Deux véhicules - arrière,,,,,,,,,,,1,2,1,1.0,2.0
201000029553,0010-09-21 13:45:00,10,9,21,13,45,330,318,AVE MAL DE LATTRE DE TAS,,,Plein jour,En agglomération,Hors intersection,Normale,Deux véhicules - côté,,,,,,,,,,,1,2,1,1.0,3.0
201000029554,0010-09-24 07:49:00,10,9,24,7,49,330,63,RUE GONDALMA CAUD,,,Crépuscule ou aube,En agglomération,Intersection en X,Temps couvert,Deux véhicules - côté,,,,,,,,,,,2,2,2,8.0,3.0
201000029555,0010-09-24 19:25:00,10,9,24,19,25,330,63,"202, CRS BALGUERIE STUTT",,,Plein jour,En agglomération,Intersection en T,Normale,Deux véhicules - arrière,,,,,,,,,,,1,2,3,1.0,2.0
201000029556,0010-09-22 09:10:00,10,9,22,9,10,330,318,ALL SALVADOR ALLENDE,,,Plein jour,En agglomération,Intersection en X,Normale,Trois véhicules et plus - collisions multiples,,,,,,,,,,,1,2,2,1.0,5.0
201000029557,0010-09-27 15:40:00,10,9,27,15,40,330,63,RUE JENNY LEPREUX,,,Plein jour,En agglomération,Intersection en X,Normale,Sans collision,,,,,,,,,,,1,2,2,1.0,7.0
201000029558,0010-09-24 20:50:00,10,9,24,20,50,330,281,AVE DE BELFORT,,,Crépuscule ou aube,En agglomération,Intersection en X,Pluie légère,Deux véhicules - côté,,,,,,,,,,,2,2,2,2.0,3.0
201000029559,0010-09-25 20:00:00,10,9,25,20,0,330,281,"253, AVE DES EYQUEMS",,,Nuit avec éclairage allumé,En agglomération,Hors intersection,Normale,Deux véhicules - côté,,,,,,,,,,,5,2,1,1.0,3.0
201000029560,0010-09-25 19:20:00,10,9,25,19,20,330,281,AVE FRANCOIS MITTERRAND,,,Plein jour,En agglomération,Hors intersection,Normale,Trois véhicules et plus - en chaîne,,,,,,,,,,,1,2,1,1.0,4.0
201000029561,0010-09-24 21:55:00,10,9,24,21,55,330,318,AVE BOUGNARD,,,Nuit avec éclairage allumé,En agglomération,Hors intersection,Normale,Autre collision,,,,,,,,,,,5,2,1,1.0,6.0
201000029562,0010-09-28 08:15:00,10,9,28,8,15,330,63,CRS DE LA MARTINIQUE,,,Plein jour,En agglomération,Intersection en X,Normale,Deux véhicules - côté,,,,,,,,,,,1,2,2,1.0,3.0
201000029563,0010-09-21 17:35:00,10,9,21,17,35,330,281,RUE DE BEAUDESERT,,,Plein jour,En agglomération,Giratoire,Normale,Deux véhicules - côté,,,,,,,,,,,1,2,6,1.0,3.0
201000029564,0010-09-28 16:50:00,10,9,28,16,50,330,63,ALL ALEXANDRE DUMAS,,,Plein jour,En agglomération,Intersection en X,Normale,Deux véhicules - côté,,,,,,,,,,,1,2,2,1.0,3.0
201000029565,0010-09-28 17:30:00,10,9,28,17,30,330,63,CRS DU MARECHAL GALLIENI,,,Plein jour,En agglomération,Intersection en X,Normale,Deux véhicules - côté,,,,,,,,,,,1,2,2,1.0,3.0
201000029566,0010-09-25 16:05:00,10,9,25,16,5,330,167,"89, AVE PASTEUR",,,Plein jour,En agglomération,Hors intersection,Normale,Deux véhicules - côté,,,,,,,,,,,1,2,1,1.0,3.0
201000029567,0010-09-29 13:35:00,10,9,29,13,35,330,63,RUE FRERE,,,Plein jour,En agglomération,Intersection à plus de 4 branches,Normale,Deux véhicules - côté,,,,,,,,,,,1,2,5,1.0,3.0
201000029568,0010-09-24 15:15:00,10,9,24,15,15,330,39,AVE LUCIEN LEROUSSEAU,,,Plein jour,En agglomération,Intersection en T,Pluie légère,Deux véhicules - côté,,,,,,,,,,,1,2,3,2.0,3.0
201000029569,0010-09-28 10:55:00,10,9,28,10,55,330,167,AVE PASTEUR,,,Plein jour,En agglomération,Giratoire,Normale,Deux véhicules - arrière,,,,,,,,,,,1,2,6,1.0,2.0
201000029570,0010-09-24 16:10:00,10,9,24,16,10,330,281,AVE DE MAGUDAS,,,Plein jour,En agglomération,Giratoire,Normale,Deux véhicules - arrière,,,,,,,,,,,1,2,6,1.0,2.0
201000029571,0010-09-28 10:45:00,10,9,28,10,45,330,550,"111, RTE DE LEOGNAN",,,Plein jour,En agglomération,Hors intersection,Normale,Deux véhicules - côté,,,,,,,,,,,1,2,1,1.0,3.0
201000029572,0010-10-03 15:40:00,10,10,3,15,40,330,63,RUE GRAMONT,,,Plein jour,En agglomération,Intersection en T,Normale,Deux véhicules - côté,,,,,,,,,,,1,2,3,1.0,3.0
201000029573,0010-10-03 03:00:00,10,10,3,3,0,330,63,CRS DE LA MARNE,,,Nuit avec éclairage allumé,En agglomération,Intersection en T,Normale,Autre collision,,,,,,,,,,,5,2,3,1.0,6.0
201000029574,0010-10-02 19:05:00,10,10,2,19,5,330,63,CRS VICTOR HUGO,,,Plein jour,En agglomération,Intersection en T,Normale,Deux véhicules - côté,,,,,,,,,,,1,2,3,1.0,3.0
201000029575,0010-10-02 13:30:00,10,10,2,13,30,330,63,"218, CRS DE L'ARGONNE",,,Plein jour,En agglomération,Hors intersection,Normale,Deux véhicules - arrière,,,,,,,,,,,1,2,1,1.0,2.0
201000029576,0010-10-01 12:02:00,10,10,1,12,2,330,63,"20, RUE RAYMOND POINCARE",,,Plein jour,En agglomération,Hors intersection,Normale,Autre collision,,,,,,,,,,,1,2,1,1.0,6.0
201000029577,0010-10-02 02:05:00,10,10,2,2,5,330,63,"45, RUE DE TIVOLI",,,Nuit avec éclairage allumé,En agglomération,Hors intersection,Normale,Autre collision,,,,,,,,,,,5,2,1,1.0,6.0
201000029578,0010-09-30 17:25:00,10,9,30,17,25,330,119,RUE CAMILLE PELLETAN,,,Plein jour,En agglomération,Intersection en Y,Normale,Autre collision,,,,,,,,,,,1,2,4,1.0,6.0
201000029579,0010-10-02 01:30:00,10,10,2,1,30,330,281,"61, AVE DE BELLEVUE",,,Nuit avec éclairage allumé,En agglomération,Hors intersection,Normale,Autre collision,,,,,,,,,,,5,2,1,1.0,6.0
201000029580,0010-09-28 09:05:00,10,9,28,9,5,330,75,AVE CHARLES DE GAULLE,,,Plein jour,En agglomération,Intersection en T,Normale,Deux véhicules - côté,,,,,,,,,,,1,2,3,1.0,3.0
201000029581,0010-10-04 07:40:00,10,10,4,7,40,330,63,AVE DU GENERAL LECLERC C,,,Crépuscule ou aube,En agglomération,Intersection en X,Normale,Deux véhicules - côté,,,,,,,,,,,2,2,2,1.0,3.0
201000029582,0010-09-28 16:05:00,10,9,28,16,5,330,281,AVE RENE CASSIN,,,Plein jour,En agglomération,Intersection en Y,Normale,Deux véhicules - côté,,,,,,,,,,,1,2,4,1.0,3.0
201000029583,0010-09-28 17:10:00,10,9,28,17,10,330,63,CRS DE L'YSER,,,Plein jour,En agglomération,Intersection en X,Normale,Deux véhicules - côté,,,,,,,,,,,1,2,2,1.0,3.0
201000029584,0010-10-01 09:15:00,10,10,1,9,15,330,167,AVE PASTEUR,,,Plein jour,En agglomération,Hors intersection,Normale,Deux véhicules - arrière,,,,,,,,,,,1,2,1,1.0,2.0
201000029585,0010-10-02 12:10:00,10,10,2,12,10,330,167,ROC ROCADE RIVE DROITE,,,Plein jour,En agglomération,Giratoire,Normale,Deux véhicules - côté,,,,,,,,,,,1,2,6,1.0,3.0
201000029586,0010-09-29 16:10:00,10,9,29,16,10,330,522,RUE FRANCOIS RABELAIS,,,Plein jour,En agglomération,Hors intersection,Normale,Deux véhicules - côté,,,,,,,,,,,1,2,1,1.0,3.0
201000029587,0010-10-04 21:15:00,10,10,4,21,15,330,63,"123, QUAI DE BRAZZA",,,Nuit avec éclairage allumé,En agglomération,Hors intersection,Pluie légère,Autre collision,,,,,,,,,,,5,2,1,2.0,6.0
201000029588,0010-09-29 07:30:00,10,9,29,7,30,330,522,"257, RTE DE TOULOUSE",,,Crépuscule ou aube,En agglomération,Hors intersection,Normale,Deux véhicules - côté,,,,,,,,,,,2,2,1,1.0,3.0
201000029589,0010-09-28 07:32:00,10,9,28,7,32,330,522,"160, RUE DE SUZON",,,Plein jour,En agglomération,Intersection en X,Normale,Sans collision,,,,,,,,,,,1,2,2,1.0,7.0
201000029590,0010-09-28 22:00:00,10,9,28,22,0,330,192,CRS DU GENERAL DE GAULLE,,,Nuit avec éclairage allumé,En agglomération,Intersection en T,Normale,Deux véhicules - côté,,,,,,,,,,,5,2,3,1.0,3.0
201000029591,0010-10-05 07:15:00,10,10,5,7,15,330,63,"98, RUE DE PESSAC",,,Crépuscule ou aube,En agglomération,Hors intersection,Normale,Deux véhicules - côté,,,,,,,,,,,2,2,1,1.0,3.0
201000029592,0010-10-01 19:25:00,10,10,1,19,25,330,318,AVE DES PRES DE TOCTOUCA,,,Plein jour,En agglomération,Intersection en T,Normale,Deux véhicules - côté,,,,,,,,,,,1,2,3,1.0,3.0
201000029593,0010-10-05 09:00:00,10,10,5,9,0,330,63,RUE LUCIEN FAURE,,,Plein jour,En agglomération,Intersection en X,Normale,Trois véhicules et plus - en chaîne,,,,,,,,,,,1,2,2,1.0,4.0
201000029594,0010-10-06 16:00:00,10,10,6,16,0,330,63,RUE DE LA PELOUSE DE DOU,,,Plein jour,En agglomération,Intersection en T,Normale,Deux véhicules - côté,,,,,,,,,,,1,2,3,1.0,3.0
201000029595,0010-10-06 22:30:00,10,10,6,22,30,330,63,"122, CRS DE VERDUN",,,Nuit avec éclairage allumé,En agglomération,Intersection en X,Normale,Autre collision,,,,,,,,,,,5,2,2,1.0,6.0
201000029596,0010-10-10 01:45:00,10,10,10,1,45,330,63,BD DES FRERES MOGA,,,Nuit avec éclairage allumé,En agglomération,Hors intersection,Pluie légère,Deux véhicules - côté,,,,,,,,,,,5,2,1,2.0,3.0
201000029597,0010-10-04 19:10:00,10,10,4,19,10,330,550,AVE DES PYRENEES,,,Crépuscule ou aube,En agglomération,Intersection en T,Pluie légère,Deux véhicules - côté,,,,,,,,,,,2,2,3,2.0,3.0
201000029598,0010-10-07 08:20:00,10,10,7,8,20,330,63,RUE DE LA BENAUGE,,,Plein jour,En agglomération,Intersection en T,Normale,Deux véhicules - côté,,,,,,,,,,,1,2,3,1.0,3.0
201000029599,0010-10-07 07:55:00,10,10,7,7,55,330,63,"80, RUE ABBE DE L'EPEE",,,Crépuscule ou aube,En agglomération,Hors intersection,Normale,Deux véhicules - côté,,,,,,,,,,,2,2,1,1.0,3.0
201000029600,0010-10-04 21:07:00,10,10,4,21,7,330,318,"171, AVE DU DOCTEUR NANC",,,Nuit avec éclairage allumé,En agglomération,Hors intersection,Pluie légère,Sans collision,,,,,,,,,,,5,2,1,2.0,7.0
201000029601,0010-10-04 17:05:00,10,10,4,17,5,330,119,AVE DU PDT VINCENT AURIO,,,Plein jour,En agglomération,Intersection en X,Pluie légère,Deux véhicules - côté,,,,,,,,,,,1,2,2,2.0,3.0
201000029602,0010-10-04 08:40:00,10,10,4,8,40,330,281,"15, RUE THALES",,,Plein jour,En agglomération,Hors intersection,Pluie légère,Deux véhicules - côté,,,,,,,,,,,1,2,1,2.0,3.0
201000029603,0010-10-03 22:05:00,10,10,3,22,5,330,281,AVE MARCEL DASSAULT,,,Nuit avec éclairage allumé,En agglomération,Intersection en X,Pluie légère,Deux véhicules - côté,,,,,,,,,,,5,2,2,2.0,3.0
201000029604,0010-10-01 14:19:00,10,10,1,14,19,330,192,AVE FAVARD,,,Plein jour,En agglomération,Hors intersection,Normale,Deux véhicules - côté,,,,,,,,,,,1,2,1,1.0,3.0
201000029605,0010-10-07 12:45:00,10,10,7,12,45,330,63,RUE WUSTENBERG,,,Plein jour,En agglomération,Intersection en X,Normale,Autre collision,,,,,,,,,,,1,2,2,1.0,6.0
201000029606,0010-10-07 15:25:00,10,10,7,15,25,330,63,AVE D'EYSINES CAUD,,,Plein jour,En agglomération,Intersection en X,Normale,Deux véhicules - côté,,,,,,,,,,,1,2,2,1.0,3.0
201000029607,0010-10-07 14:35:00,10,10,7,14,35,330,69,"22, AVE DE LA LIBERATION",,,Plein jour,En agglomération,Hors intersection,Normale,Deux véhicules - côté,,,,,,,,,,,1,2,1,1.0,3.0
201000029608,0010-10-09 17:05:00,10,10,9,17,5,330,63,"3, RUE ROSA BONHEUR",,,Plein jour,En agglomération,Intersection en T,Normale,Sans collision,,,,,,,,,,,1,2,3,1.0,7.0
201000029609,0010-10-08 14:30:00,10,10,8,14,30,330,63,BD GODARD,,,Plein jour,En agglomération,Intersection en T,Normale,Autre collision,,,,,,,,,,,1,2,3,1.0,6.0
201000029610,0010-10-08 21:05:00,10,10,8,21,5,330,39,RTE DE TOULOUSE,,,Plein jour,En agglomération,Intersection en X,Normale,Deux véhicules - côté,,,,,,,,,,,1,2,2,1.0,3.0
201000029611,0010-10-06 15:50:00,10,10,6,15,50,330,249,"45, AVE DE PARIS",,,Plein jour,En agglomération,Hors intersection,Normale,Deux véhicules - côté,,,,,,,,,,,1,2,1,1.0,3.0
201000029612,0010-10-02 16:40:00,10,10,2,16,40,330,69,RUE COUDOL,,,Plein jour,En agglomération,Intersection en X,Normale,Deux véhicules - côté,,,,,,,,,,,1,2,2,1.0,3.0
201000029613,0010-10-08 17:55:00,10,10,8,17,55,330,63,BD ALBERT BRANDENBURG,,,Plein jour,En agglomération,Giratoire,Normale,Deux véhicules - côté,,,,,,,,,,,1,2,6,1.0,3.0
201000029614,0010-10-06 18:45:00,10,10,6,18,45,330,39,"125, CRS VICTOR HUGO",,,Plein jour,En agglomération,Hors intersection,Normale,Deux véhicules - côté,,,,,,,,,,,1,2,1,1.0,3.0
201000029615,0010-10-06 13:15:00,10,10,6,13,15,330,318,AVE PASTEUR,,,Plein jour,En agglomération,Intersection en X,Normale,Deux véhicules - côté,,,,,,,,,,,1,2,2,1.0,3.0
201000029616,0010-10-06 10:55:00,10,10,6,10,55,330,550,RTE DE TOULOUSE,,,Plein jour,En agglomération,Intersection en X,Normale,Deux véhicules - côté,,,,,,,,,,,1,2,2,1.0,3.0
201000029617,0010-09-29 17:05:00,10,9,29,17,5,330,192,"28, CRS DU GENERAL DE GA",,,Plein jour,En agglomération,Hors intersection,Normale,Deux véhicules - côté,,,,,,,,,,,1,2,1,1.0,3.0
201000029618,0010-10-06 08:25:00,10,10,6,8,25,330,318,"30, AVE DU PONT DE L'ORI",,,Plein jour,En agglomération,Hors intersection,Normale,Deux véhicules - frontale,,,,,,,,,,,1,2,1,1.0,1.0
201000029619,0010-10-05 09:45:00,10,10,5,9,45,330,522,RUE DU GENERAL CHANZY,,,Plein jour,En agglomération,Intersection en X,Normale,Deux véhicules - côté,,,,,,,,,,,1,2,2,1.0,3.0
201000029620,0010-10-08 13:55:00,10,10,8,13,55,330,32,RUE EMILE ZOLA,,,Plein jour,En agglomération,Intersection en T,Normale,Deux véhicules - côté,,,,,,,,,,,1,2,3,1.0,3.0
201000029621,0010-10-08 07:49:00,10,10,8,7,49,330,32,QUAI DE VIAL,,,Plein jour,En agglomération,Hors intersection,Normale,Deux véhicules - côté,,,,,,,,,,,1,2,1,1.0,3.0
201000029622,0010-10-11 12:55:00,10,10,11,12,55,330,63,"11, BD PIERRE 1ER",,,Plein jour,En agglomération,Intersection en T,Normale,Sans collision,,,,,,,,,,,1,2,3,1.0,7.0
201000029623,0010-10-11 17:50:00,10,10,11,17,50,330,63,RUE FERNAND AUDEGUIL,,,Plein jour,En agglomération,Intersection en X,Normale,Deux véhicules - côté,,,,,,,,,,,1,2,2,1.0,3.0
201000029624,0010-10-12 14:28:00,10,10,12,14,28,330,63,RUE DU CHATEAU D'EAU,,,Plein jour,En agglomération,Intersection en X,Normale,Deux véhicules - côté,,,,,,,,,,,1,2,2,1.0,3.0
201000029625,0010-10-12 16:15:00,10,10,12,16,15,330,63,RUE VERGNIAUD,,,Plein jour,En agglomération,Intersection en X,Normale,Deux véhicules - côté,,,,,,,,,,,1,2,2,1.0,3.0
201000029626,0010-10-12 08:15:00,10,10,12,8,15,330,63,RUE ARMAND LAMARQUE,,,Plein jour,En agglomération,Intersection en T,Normale,Deux véhicules - arrière,,,,,,,,,,,1,2,3,1.0,2.0
201000029627,0010-10-12 10:55:00,10,10,12,10,55,330,39,"218, RTE DE TOULOUSE",,,Plein jour,En agglomération,Intersection en T,Normale,Trois véhicules et plus - en chaîne,,,,,,,,,,,1,2,3,1.0,4.0
201000029628,0010-10-13 09:25:00,10,10,13,9,25,330,318,VOIE DU TRAMWAY,,,Plein jour,En agglomération,Intersection en X,Normale,Deux véhicules - côté,,,,,,,,,,,1,2,2,1.0,3.0
201000029629,0010-10-13 13:30:00,10,10,13,13,30,330,63,RUE GEORGES BOUBES,,,Plein jour,En agglomération,Intersection à plus de 4 branches,Normale,Deux véhicules - côté,,,,,,,,,,,1,2,5,1.0,3.0
201000029630,0010-10-13 12:45:00,10,10,13,12,45,330,63,BD ALFRED DANEY,,,Plein jour,En agglomération,Intersection en X,Normale,Deux véhicules - côté,,,,,,,,,,,1,2,2,1.0,3.0
201000029631,0010-10-09 17:15:00,10,10,9,17,15,330,281,RUE DES TROIS ETOILES,,,Plein jour,En agglomération,Intersection en T,Normale,Deux véhicules - côté,,,,,,,,,,,1,2,3,1.0,3.0
201000029632,0010-10-13 17:08:00,10,10,13,17,8,330,69,RUE PASTEUR,,,Plein jour,En agglomération,Intersection en X,Normale,Deux véhicules - côté,,,,,,,,,,,1,2,2,1.0,3.0
201000029633,0010-10-13 18:50:00,10,10,13,18,50,330,63,CRS VICTOR HUGO,,,Plein jour,En agglomération,Intersection en Y,Normale,Deux véhicules - côté,,,,,,,,,,,1,2,4,1.0,3.0
201000029634,0010-10-11 10:00:00,10,10,11,10,0,330,39,RTE DE TOULOUSE,,,Plein jour,En agglomération,Hors intersection,Normale,Deux véhicules - côté,,,,,,,,,,,1,2,1,1.0,3.0
201000029635,0010-10-13 08:50:00,10,10,13,8,50,330,249,AVE DE LA RESISTANCE,,,Plein jour,En agglomération,Giratoire,Normale,Autre collision,,,,,,,,,,,1,2,6,1.0,6.0
201000029636,0010-10-12 18:20:00,10,10,12,18,20,330,281,"7, RUE GUTENBERG",,,Plein jour,En agglomération,Hors intersection,Normale,Deux véhicules - arrière,,,,,,,,,,,1,2,1,1.0,2.0
201000029637,0010-10-11 17:55:00,10,10,11,17,55,330,39,"178, CRS VICTOR HUGO",,,Plein jour,En agglomération,Giratoire,Normale,Deux véhicules - arrière,,,,,,,,,,,1,2,6,1.0,2.0
201000029638,0010-10-13 19:40:00,10,10,13,19,40,330,63,"204, CRS DU MEDOC",,,Nuit avec éclairage allumé,En agglomération,Hors intersection,Normale,Deux véhicules - arrière,,,,,,,,,,,5,2,1,1.0,2.0
201000029639,0010-10-14 16:00:00,10,10,14,16,0,330,63,PCE PEY BERLAND,,,Plein jour,En agglomération,Intersection en Y,Normale,Autre collision,,,,,,,,,,,1,2,4,1.0,6.0
201000029640,0010-10-15 03:30:00,10,10,15,3,30,330,63,QUAI DE PALUDATE,,,Nuit avec éclairage allumé,En agglomération,Hors intersection,Normale,Autre collision,,,,,,,,,,,5,2,1,1.0,6.0
201000029641,0010-10-15 09:10:00,10,10,15,9,10,330,63,RUE ABBE DE L'EPEE,,,Plein jour,En agglomération,Intersection en X,Normale,Deux véhicules - côté,,,,,,,,,,,1,2,2,1.0,3.0
201000029642,0010-10-15 08:40:00,10,10,15,8,40,330,63,RUE GUYART,,,Plein jour,En agglomération,Intersection en T,Normale,Deux véhicules - côté,,,,,,,,,,,1,2,3,1.0,3.0
201000029643,0010-10-15 07:45:00,10,10,15,7,45,330,63,"10, RUE DE L'EGLISE CAUD",,,Crépuscule ou aube,En agglomération,Hors intersection,Normale,Sans collision,,,,,,,,,,,2,2,1,1.0,7.0
201000029644,0010-10-15 18:50:00,10,10,15,18,50,330,63,"56, CRS VICTOR HUGO",,,Crépuscule ou aube,En agglomération,Hors intersection,Normale,Sans collision,,,,,,,,,,,2,2,1,1.0,7.0
201000029645,0010-10-16 15:50:00,10,10,16,15,50,330,63,"71, CRS DE L'YSER",,,Plein jour,En agglomération,Hors intersection,Normale,Deux véhicules - côté,,,,,,,,,,,1,2,1,1.0,3.0
201000029646,0010-10-18 20:45:00,10,10,18,20,45,330,63,"38, RTE DE TOULOUSE",,,Nuit avec éclairage allumé,En agglomération,Intersection en T,Normale,Autre collision,,,,,,,,,,,5,2,3,1.0,6.0
201000029647,0010-10-18 19:55:00,10,10,18,19,55,330,63,RUE FONDAUDEGE,,,Nuit avec éclairage allumé,En agglomération,Intersection en Y,Normale,Deux véhicules - côté,,,,,,,,,,,5,2,4,1.0,3.0
201000029648,0010-10-19 15:20:00,10,10,19,15,20,330,63,"25, PCE DE LA VICTOIRE",,,Plein jour,En agglomération,Place,Normale,Sans collision,,,,,,,,,,,1,2,7,1.0,7.0
201000029649,0010-10-19 18:00:00,10,10,19,18,0,330,63,QUAI DES CHARTRONS,,,Plein jour,En agglomération,Hors intersection,Normale,Sans collision,,,,,,,,,,,1,2,1,1.0,7.0
201000029650,0010-10-12 17:10:00,10,10,12,17,10,330,281,"1, AVE DU CHATEAU D'EAU",,,Plein jour,En agglomération,Intersection en X,Normale,Deux véhicules - côté,,,,,,,,,,,1,2,2,1.0,3.0
201000029651,0010-10-13 18:40:00,10,10,13,18,40,330,281,AVE BON AIR,,,Plein jour,En agglomération,Intersection en X,Normale,Deux véhicules - côté,,,,,,,,,,,1,2,2,1.0,3.0
201000029652,0010-10-20 12:05:00,10,10,20,12,5,330,63,"253, AVE DE LA REPUBLIQU",,,Plein jour,En agglomération,Hors intersection,Normale,Sans collision,,,,,,,,,,,1,2,1,1.0,7.0
201000029653,0010-10-20 20:45:00,10,10,20,20,45,330,63,RTE DE TOULOUSE,,,Nuit avec éclairage allumé,En agglomération,Intersection en X,Temps couvert,Deux véhicules - côté,,,,,,,,,,,5,2,2,8.0,3.0
201000029654,0010-10-21 03:31:00,10,10,21,3,31,330,63,PONT DE PIERRE,,,Nuit avec éclairage allumé,En agglomération,Place,Normale,Sans collision,,,,,,,,,,,5,2,7,1.0,7.0
201000029655,0010-10-21 13:15:00,10,10,21,13,15,330,63,"23, RUE FRANCOIS DE SOUR",,,Plein jour,En agglomération,Hors intersection,Normale,Autre collision,,,,,,,,,,,1,2,1,1.0,6.0
201000029656,0010-10-18 17:00:00,10,10,18,17,0,330,249,AVE DE LA LIBERATION,,,Plein jour,En agglomération,Intersection en T,Normale,Sans collision,,,,,,,,,,,1,2,3,1.0,7.0