accident_id,datetime,annee,mois,jour,heure,minute,departement,commune_insee,adresse,latitude,longitude,luminosite,agglomeration,intersection,meteo,collision,nb_vehicules,nb_usagers,nb_indemnes,nb_tues,nb_blesses_hosp,nb_blesses_legers,age_cond_1,age_cond_2,veh_type_cond_1,veh_type_cond_2,lum_code,agg_code,int_code,atm_code,col_code
201000030030,0010-09-01 12:25:00,10,9,1,12,25,340,32,"2, BESSEDE CHANOINE (RUE",43.34178,3.25241,Plein jour,En agglomération,Hors intersection,Normale,Sans collision,,,,,,,,,,,1,2,1,1.0,7.0
201000030031,0010-09-03 17:25:00,10,9,3,17,25,340,32,RD 14,43.34382,3.19615,Plein jour,En agglomération,Hors intersection,Normale,Sans collision,,,,,,,,,,,1,2,1,1.0,7.0
201000030032,0010-09-03 16:00:00,10,9,3,16,0,340,32,"60, RIQUET PIERRE PAUL (",43.34042,3.21788,Plein jour,En agglomération,Hors intersection,Normale,Autre collision,,,,,,,,,,,1,2,1,1.0,6.0
201000030033,0010-09-04 03:00:00,10,9,4,3,0,340,32,ROUTE DE PEZENAS,43.35922,3.2458,Nuit sans éclairage public,Hors agglomération,Hors intersection,Normale,Sans collision,,,,,,,,,,,3,1,1,1.0,7.0
201000030034,0010-09-04 17:45:00,10,9,4,17,45,340,336,Rt pt de la Méditerranée,43.32131,3.29201,Plein jour,En agglomération,Giratoire,Normale,Autre collision,,,,,,,,,,,1,2,6,1.0,6.0
201000030035,0010-09-11 13:45:00,10,9,11,13,45,340,32,GALINIER HENRI (AV),43.34068,3.18932,Plein jour,En agglomération,Hors intersection,Normale,Autre collision,,,,,,,,,,,1,2,1,1.0,6.0
201000030036,0010-09-11 19:00:00,10,9,11,19,0,340,32,"2, FOCH MARECHAL FERDINA",43.34505,3.21543,Plein jour,En agglomération,Hors intersection,Normale,Autre collision,,,,,,,,,,,1,2,1,1.0,6.0
201000030037,0010-09-15 12:30:00,10,9,15,12,30,340,32,GAUSSELET (CARREFOUR DU),43.33896,3.23682,Plein jour,En agglomération,Hors intersection,Normale,Sans collision,,,,,,,,,,,1,2,1,1.0,7.0
201000030038,0010-09-14 13:30:00,10,9,14,13,30,340,32,CLEMENCEAU GEORGES (AVEN,43.34807,3.21957,Plein jour,En agglomération,Hors intersection,Normale,Sans collision,,,,,,,,,,,1,2,1,1.0,7.0
201000030039,0010-09-18 10:15:00,10,9,18,10,15,340,32,MARTYRS DE LA RESISTANCE,43.34267,3.23324,Plein jour,En agglomération,Hors intersection,Normale,Sans collision,,,,,,,,,,,1,2,1,1.0,7.0
201000030040,0010-09-18 09:30:00,10,9,18,9,30,340,32,PONT NEUF (RUE DU),43.33824,3.20818,Plein jour,En agglomération,Hors intersection,Normale,Deux véhicules - côté,,,,,,,,,,,1,2,1,1.0,3.0
201000030041,0010-09-22 13:15:00,10,9,22,13,15,340,336,MEDITERRANEE (AVENUE DE,43.33705,3.27755,Plein jour,Hors agglomération,Hors intersection,Normale,Trois véhicules et plus - en chaîne,,,,,,,,,,,1,1,1,1.0,4.0
201000030042,0010-09-29 14:45:00,10,9,29,14,45,340,32,RD 612,43.34283,3.26184,Crépuscule ou aube,En agglomération,Hors intersection,Normale,Autre collision,,,,,,,,,,,2,2,1,1.0,6.0
201000030043,0010-10-01 22:20:00,10,10,1,22,20,340,336,"35, BEREGOVOY (AVENUE PI",43.32139,3.273,Nuit avec éclairage allumé,En agglomération,Hors intersection,Normale,Deux véhicules - côté,,,,,,,,,,,5,2,1,1.0,3.0
201000030044,0010-10-02 17:45:00,10,10,2,17,45,340,32,AMILAKVARI LT.COLONEL DI,43.34149,3.25621,Plein jour,Hors agglomération,Hors intersection,Normale,Sans collision,,,,,,,,,,,1,1,1,1.0,7.0
201000030045,0010-10-04 05:45:00,10,10,4,5,45,340,32,GAMBETTA (AV),43.33897,3.21719,Plein jour,En agglomération,Hors intersection,Normale,Sans collision,,,,,,,,,,,1,2,1,1.0,7.0
201000030046,0010-10-06 15:35:00,10,10,6,15,35,340,32,WILSON PRESIDENT (AV DU),43.33506,3.22776,Plein jour,En agglomération,Hors intersection,Normale,Autre collision,,,,,,,,,,,1,2,1,1.0,6.0
201000030047,0010-10-06 19:15:00,10,10,6,19,15,340,32,ROUTE DE NARBONNE (RN 11,43.32754,3.19249,Crépuscule ou aube,Hors agglomération,Autre intersection,Normale,Deux véhicules - côté,,,,,,,,,,,2,1,9,1.0,3.0
201000030048,0010-10-07 14:35:00,10,10,7,14,35,340,32,"11, 22 AOUT 1944 (AVENUE",43.34396,3.22052,Plein jour,En agglomération,Hors intersection,Normale,Autre collision,,,,,,,,,,,1,2,1,1.0,6.0
201000030049,0010-10-09 01:15:00,10,10,9,1,15,340,32,WILSON PRESIDENT (AV DU),43.33506,3.22776,Nuit avec éclairage allumé,En agglomération,Hors intersection,Normale,Sans collision,,,,,,,,,,,5,2,1,1.0,7.0
201000030050,0010-10-11 15:00:00,10,10,11,15,0,340,32,"68, GENEVE (BD DE)",43.33875,3.22795,Plein jour,En agglomération,Hors intersection,Pluie légère,Sans collision,,,,,,,,,,,1,2,1,2.0,7.0
201000030051,0010-10-10 16:45:00,10,10,10,16,45,340,32,NARBONNE (ROUTE DE),43.32747,3.19244,Plein jour,En agglomération,Hors intersection,Normale,Sans collision,,,,,,,,,,,1,2,1,1.0,7.0
201000030052,0010-06-27 14:00:00,10,6,27,14,0,340,32,"02, CANAL (RUE DU)",,,Plein jour,En agglomération,Hors intersection,Normale,Deux véhicules - frontale,,,,,,,,,,,1,2,1,1.0,1.0
201000030053,0010-06-28 14:10:00,10,6,28,14,10,340,32,DOCTEURS CAUSSE (ROND-PO,,,Plein jour,En agglomération,Giratoire,Normale,Sans collision,,,,,,,,,,,1,2,6,1.0,7.0
201000030054,0010-10-15 21:00:00,10,10,15,21,0,340,32,VERDIER PIERRE (AV),43.34537,3.23817,Nuit avec éclairage allumé,En agglomération,Hors intersection,Normale,Sans collision,,,,,,,,,,,5,2,1,1.0,7.0
201000030055,0010-10-16 19:45:00,10,10,16,19,45,340,32,"62, VERDIER PIERRE (AV)",43.34547,3.23878,Crépuscule ou aube,En agglomération,Hors intersection,Normale,Autre collision,,,,,,,,,,,2,2,1,1.0,6.0
201000030056,0010-10-20 15:20:00,10,10,20,15,20,340,32,"NR, PERREAL ERNEST (BD)",43.34415,3.22964,Plein jour,En agglomération,Hors intersection,Temps éblouissant,Sans collision,,,,,,,,,,,1,2,1,7.0,7.0
201000030057,0010-10-20 15:45:00,10,10,20,15,45,340,32,NARBONNE (ROUTE DE),43.33571,3.19997,Plein jour,Hors agglomération,Hors intersection,Normale,Sans collision,,,,,,,,,,,1,1,1,1.0,7.0
201000030058,0010-10-21 17:10:00,10,10,21,17,10,340,32,"NR, TOURVENTOUSE (BOULEV",43.34222,3.20885,Plein jour,Hors agglomération,Hors intersection,Autre,Sans collision,,,,,,,,,,,1,1,1,9.0,7.0
201000030059,0010-10-31 03:00:00,10,10,31,3,0,340,336,"46, BEREGOVOY (AVENUE PI",43.32251,3.26804,Nuit avec éclairage allumé,En agglomération,Hors intersection,Normale,Sans collision,,,,,,,,,,,5,2,1,1.0,7.0
201000030060,0010-10-31 21:00:00,10,10,31,21,0,340,32,MOULIN JEAN (AV),,,Nuit avec éclairage allumé,En agglomération,Hors intersection,Normale,Sans collision,,,,,,,,,,,5,2,1,1.0,7.0
201000030061,0010-11-02 18:00:00,10,11,2,18,0,340,32,PUITS DES ARENES (RUE DU,,,Plein jour,En agglomération,Intersection en T,Normale,Autre collision,,,,,,,,,,,1,2,3,1.0,6.0
201000030062,0010-11-03 13:20:00,10,11,3,13,20,340,32,MALAFOSSE PIERRE (BD),,,Plein jour,En agglomération,Giratoire,Normale,Autre collision,,,,,,,,,,,1,2,6,1.0,6.0
201000030063,0010-11-16 15:50:00,10,11,16,15,50,340,32,"45, MOULIN JEAN (AV)",,,Plein jour,En agglomération,Intersection en T,Normale,Deux véhicules - côté,,,,,,,,,,,1,2,3,1.0,3.0
201000030064,0010-11-22 21:10:00,10,11,22,21,10,340,32,CORNEILHAN (RUE DE),,,Nuit avec éclairage allumé,En agglomération,Hors intersection,Normale,Sans collision,,,,,,,,,,,5,2,1,1.0,7.0
201000030065,0010-11-20 13:45:00,10,11,20,13,45,340,32,"26, ANGLETERRE (BD D')",,,Plein jour,En agglomération,Hors intersection,Pluie légère,Trois véhicules et plus - en chaîne,,,,,,,,,,,1,2,1,2.0,4.0
201000030066,0010-11-21 12:15:00,10,11,21,12,15,340,32,BRANLY EDOUARD (RUE),,,Plein jour,En agglomération,Hors intersection,Normale,Autre collision,,,,,,,,,,,1,2,1,1.0,6.0
201000030067,0010-11-23 14:20:00,10,11,23,14,20,340,32,HEILBRONN (BD D'),,,Crépuscule ou aube,En agglomération,Hors intersection,Normale,Autre collision,,,,,,,,,,,2,2,1,1.0,6.0
201000030068,0010-11-26 17:30:00,10,11,26,17,30,340,32,ROUTE DEPARTEMENTALE 612,,,Plein jour,Hors agglomération,Hors intersection,Normale,Sans collision,,,,,,,,,,,1,1,1,1.0,7.0
201000030069,0010-11-26 20:45:00,10,11,26,20,45,340,32,NOGUERES HENRI (RD POINT,,,Nuit avec éclairage allumé,En agglomération,Hors intersection,Normale,Deux véhicules - côté,,,,,,,,,,,5,2,1,1.0,3.0
201000030070,0010-11-29 11:00:00,10,11,29,11,0,340,32,PONT VIEUX (AVENUE DU),,,Plein jour,En agglomération,Hors intersection,Normale,Sans collision,,,,,,,,,,,1,2,1,1.0,7.0
201000030071,0010-11-29 09:15:00,10,11,29,9,15,340,32,RD.28,,,Plein jour,Hors agglomération,Hors intersection,Normale,Sans collision,,,,,,,,,,,1,1,1,1.0,7.0
201000030072,0010-11-29 17:34:00,10,11,29,17,34,340,32,LECLERC MARECHAL (BD),,,Crépuscule ou aube,En agglomération,Hors intersection,Normale,Autre collision,,,,,,,,,,,2,2,1,1.0,6.0
201000030073,0010-12-02 09:30:00,10,12,2,9,30,340,32,BOUIN JEAN (BD),,,Plein jour,En agglomération,Hors intersection,Normale,Sans collision,,,,,,,,,,,1,2,1,1.0,7.0
201000030074,0010-12-02 18:20:00,10,12,2,18,20,340,32,GAUTHIER THEOPHILE (RUE),,,Nuit avec éclairage allumé,En agglomération,Intersection en T,Normale,Deux véhicules - côté,,,,,,,,,,,5,2,3,1.0,3.0
201000030075,0010-12-05 00:45:00,10,12,5,0,45,340,32,WILSON PRESIDENT (AV DU),,,Nuit avec éclairage allumé,En agglomération,Hors intersection,Normale,Sans collision,,,,,,,,,,,5,2,1,1.0,7.0
201000030076,0010-12-05 19:25:00,10,12,5,19,25,340,32,CR.113,,,Nuit avec éclairage allumé,En agglomération,Hors intersection,Normale,Sans collision,,,,,,,,,,,5,2,1,1.0,7.0
201000030077,0010-12-08 12:45:00,10,12,8,12,45,340,32,MALBOSC LOUIS (RUE),,,Plein jour,En agglomération,Intersection en T,Normale,Deux véhicules - côté,,,,,,,,,,,1,2,3,1.0,3.0
201000030078,0010-12-10 12:10:00,10,12,10,12,10,340,32,"25, FOCH MARECHAL FERDIN",,,Plein jour,En agglomération,Hors intersection,Normale,Sans collision,,,,,,,,,,,1,2,1,1.0,7.0
201000030079,0010-12-10 20:00:00,10,12,10,20,0,340,32,RD.64,,,Nuit avec éclairage allumé,Hors agglomération,Hors intersection,Normale,Sans collision,,,,,,,,,,,5,1,1,1.0,7.0
201000030080,0010-12-18 12:00:00,10,12,18,12,0,340,32,KLEBER JEAN BAPTISTE (RU,,,Plein jour,En agglomération,Hors intersection,Normale,Autre collision,,,,,,,,,,,1,2,1,1.0,6.0
201000030081,0010-01-24 16:40:00,10,1,24,16,40,340,32,"39, LIBERTE (BD DE LA)",43.34052,3.2226,Plein jour,En agglomération,Hors intersection,Pluie légère,Autre collision,,,,,,,,,,,1,2,1,2.0,6.0
201000030082,0010-03-19 22:40:00,10,3,19,22,40,340,32,RD.37E,43.30857,3.21025,Nuit sans éclairage public,Hors agglomération,Intersection en T,Normale,Sans collision,,,,,,,,,,,3,1,3,1.0,7.0
201000030083,0010-03-27 17:10:00,10,3,27,17,10,340,32,"31, RIQUET PIERRE PAUL (",43.34264,3.21716,Plein jour,En agglomération,Hors intersection,Normale,Autre collision,,,,,,,,,,,1,2,1,1.0,6.0
201000030084,0010-05-11 12:10:00,10,5,11,12,10,340,32,"42, ALBERTINI AUGUSTE (A",43.3492,3.23593,Plein jour,En agglomération,Hors intersection,Normale,Autre collision,,,,,,,,,,,1,2,1,1.0,6.0
201000030085,0010-05-29 20:50:00,10,5,29,20,50,340,32,RD.19,43.36963,3.18679,Plein jour,Hors agglomération,Hors intersection,Normale,Deux véhicules - frontale,,,,,,,,,,,1,1,1,1.0,1.0
201000030086,0010-06-02 01:50:00,10,6,2,1,50,340,32,ROUTE DE VILLENEUVE (RD6,43.33116,3.23842,Nuit sans éclairage public,Hors agglomération,Hors intersection,Normale,Deux véhicules - frontale,,,,,,,,,,,3,1,1,1.0,1.0
201000030087,0010-06-05 22:15:00,10,6,5,22,15,340,32,VERDUN (BD DE),,,Nuit avec éclairage allumé,En agglomération,Intersection en T,Normale,Autre collision,,,,,,,,,,,5,2,3,1.0,6.0
201000030088,0010-06-16 16:05:00,10,6,16,16,5,340,32,RN.113 - 9 (BEZIERS-NARB,,,Plein jour,Hors agglomération,Hors intersection,Normale,Deux véhicules - côté,,,,,,,,,,,1,1,1,1.0,3.0
201000030089,0010-07-04 11:30:00,10,7,4,11,30,340,32,RIQUET PIERRE PAUL (RUE),43.34448,3.21305,Plein jour,En agglomération,Hors intersection,Normale,Autre collision,,,,,,,,,,,1,2,1,1.0,6.0
201000030090,0010-07-19 22:54:00,10,7,19,22,54,340,32,FOUR A CHAUX (BD DU),43.34713,3.21048,Nuit avec éclairage allumé,En agglomération,Hors intersection,Normale,Autre collision,,,,,,,,,,,5,2,1,1.0,6.0
201000030091,0010-07-22 21:45:00,10,7,22,21,45,340,336,"16, BEREGOVOY (AVENUE PI",43.32312,3.26504,Nuit avec éclairage allumé,En agglomération,Hors intersection,Normale,Deux véhicules - côté,,,,,,,,,,,5,2,1,1.0,3.0
201000030092,0010-07-24 15:40:00,10,7,24,15,40,340,336,"03, BEREGOVOY (AVENUE PI",,,Plein jour,En agglomération,Hors intersection,Normale,Deux véhicules - côté,,,,,,,,,,,1,2,1,1.0,3.0
201000030093,0010-08-03 08:45:00,10,8,3,8,45,340,32,BADIE VINCENT (RD POINT),43.34816,3.25254,Plein jour,En agglomération,Intersection à plus de 4 branches,Normale,Deux véhicules - côté,,,,,,,,,,,1,2,5,1.0,3.0
201000030094,0010-08-06 02:50:00,10,8,6,2,50,340,32,RD.37E,43.31448,3.31204,Nuit sans éclairage public,Hors agglomération,Hors intersection,Normale,Autre collision,,,,,,,,,,,3,1,1,1.0,6.0
201000030095,0010-08-07 15:00:00,10,8,7,15,0,340,32,"60, NARBONNE (ROUTE DE)",43.33706,3.20291,Plein jour,En agglomération,Hors intersection,Normale,Deux véhicules - côté,,,,,,,,,,,1,2,1,1.0,3.0
201000030096,0010-08-12 01:45:00,10,8,12,1,45,340,32,"NR, FOCH MARECHAL FERDIN",43.35099,3.21934,Nuit avec éclairage allumé,En agglomération,Intersection en X,Normale,Deux véhicules - côté,,,,,,,,,,,5,2,2,1.0,3.0
201000030097,0010-08-12 15:50:00,10,8,12,15,50,340,32,BOBILLOT SERGENT (RUE DU,43.34981,3.22023,Plein jour,En agglomération,Intersection en X,Normale,Deux véhicules - côté,,,,,,,,,,,1,2,2,1.0,3.0
201000030098,0010-08-20 16:00:00,10,8,20,16,0,340,32,ROUTE DEPARTEMENTALE NR.,,,Plein jour,Hors agglomération,Hors intersection,Normale,Deux véhicules - côté,,,,,,,,,,,1,1,1,1.0,3.0
201000030099,0010-08-25 18:55:00,10,8,25,18,55,340,32,ALBERTINI AUGUSTE (AVENU,43.34955,3.23649,Plein jour,En agglomération,Hors intersection,Normale,Deux véhicules - arrière,,,,,,,,,,,1,2,1,1.0,2.0
201000030100,0010-08-27 11:05:00,10,8,27,11,5,340,32,CLEMENCEAU GEORGES (AVEN,,,Plein jour,En agglomération,Hors intersection,Normale,Autre collision,,,,,,,,,,,1,2,1,1.0,6.0
201000030101,0010-09-01 09:50:00,10,9,1,9,50,340,32,RD 154,43.37995,3.20255,Plein jour,Hors agglomération,Autre intersection,Normale,Deux véhicules - arrière,,,,,,,,,,,1,1,9,1.0,2.0
201000030102,0010-09-11 18:05:00,10,9,11,18,5,340,73,DEUX PONTS (RUE DES),43.32452,3.3058,Plein jour,En agglomération,Hors intersection,Normale,Autre collision,,,,,,,,,,,1,2,1,1.0,6.0
201000030103,0010-09-15 13:50:00,10,9,15,13,50,340,32,"8, CLEMENCEAU GEORGES (A",43.34618,3.21711,Plein jour,En agglomération,Hors intersection,Normale,Autre collision,,,,,,,,,,,1,2,1,1.0,6.0
201000030104,0010-09-29 18:30:00,10,9,29,18,30,340,336,RD 612 - Accès A9/A75,43.33209,3.28648,Plein jour,Hors agglomération,Giratoire,Normale,Deux véhicules - arrière,,,,,,,,,,,1,1,6,1.0,2.0
201000030105,0010-10-09 17:30:00,10,10,9,17,30,340,32,BEDARIEUX (ROUTE DE),,,Plein jour,En agglomération,Hors intersection,Temps couvert,Autre collision,,,,,,,,,,,1,2,1,8.0,6.0
201000030106,0010-10-13 17:55:00,10,10,13,17,55,340,32,RN.113 - 9 (BEZIERS-PEZE,43.36444,3.26232,Plein jour,Hors agglomération,Hors intersection,Normale,Trois véhicules et plus - collisions multiples,,,,,,,,,,,1,1,1,1.0,5.0
201000030107,0010-11-06 02:10:00,10,11,6,2,10,340,32,"NR, ROUTE DEPARTEMENTALE",,,Nuit sans éclairage public,Hors agglomération,Giratoire,Brouillard / fumée,Sans collision,,,,,,,,,,,3,1,6,5.0,7.0
201000030108,0010-11-25 16:35:00,10,11,25,16,35,340,32,ROUTE DEPARTEMENTALE 612,,,Plein jour,Hors agglomération,Hors intersection,Normale,Deux véhicules - frontale,,,,,,,,,,,1,1,1,1.0,1.0
201000030109,0010-12-19 04:15:00,10,12,19,4,15,340,32,RD.909,,,Nuit sans éclairage public,Hors agglomération,Hors intersection,Pluie légère,Sans collision,,,,,,,,,,,3,1,1,2.0,7.0
201000030110,0010-01-03 05:30:00,10,1,3,5,30,340,172,"24, GRAND SAINT JEAN (RU",43.60455,3.87714,Nuit avec éclairage allumé,En agglomération,Hors intersection,Normale,Deux véhicules - arrière,,,,,,,,,,,5,2,1,1.0,2.0
201000030111,0010-01-03 17:15:00,10,1,3,17,15,340,172,"60, FLAHAULT (AVENUE CHA",43.6237,3.86237,Crépuscule ou aube,En agglomération,Hors intersection,Normale,Deux véhicules - frontale,,,,,,,,,,,2,2,1,1.0,1.0
201000030112,0010-01-04 05:30:00,10,1,4,5,30,340,172,MOULARES (CHEMIN DE,43.5992,3.89389,Nuit avec éclairage allumé,En agglomération,Intersection en X,Pluie légère,Deux véhicules - côté,,,,,,,,,,,5,2,2,2.0,3.0
201000030113,0010-01-04 15:00:00,10,1,4,15,0,340,172,"1351, POMPIGNANE (AVENUE",43.61813,3.89724,Plein jour,En agglomération,Hors intersection,Pluie légère,Autre collision,,,,,,,,,,,1,2,1,2.0,6.0
201000030114,0010-01-04 18:04:00,10,1,4,18,4,340,172,"sans, LIBERTE (AVENUE DE",43.60967,3.83721,Nuit sans éclairage public,En agglomération,Intersection en Y,Pluie légère,Trois véhicules et plus - en chaîne,,,,,,,,,,,3,2,4,2.0,4.0
201000030115,0010-01-04 22:40:00,10,1,4,22,40,340,172,"sans, SOULAS (AVENUE DU",43.62516,3.85086,Nuit avec éclairage allumé,En agglomération,Hors intersection,Pluie légère,Sans collision,,,,,,,,,,,5,2,1,2.0,7.0
201000030116,0010-01-05 08:15:00,10,1,5,8,15,340,172,"13, RONDELET (PLACE)",43.60432,3.87494,Crépuscule ou aube,En agglomération,Hors intersection,Pluie légère,Autre collision,,,,,,,,,,,2,2,1,2.0,6.0
201000030117,0010-01-06 15:00:00,10,1,6,15,0,340,172,FIGAIRASSE (RUE DE LA),43.60415,3.85828,Plein jour,En agglomération,Intersection en X,Normale,Deux véhicules - côté,,,,,,,,,,,1,2,2,1.0,3.0
201000030118,0010-01-07 16:25:00,10,1,7,16,25,340,172,"0, PALAVAS D986 (ROUTE D",43.58825,3.89211,Plein jour,Hors agglomération,Hors intersection,Temps couvert,Sans collision,,,,,,,,,,,1,1,1,8.0,7.0
201000030119,0010-01-03 20:30:00,10,1,3,20,30,340,172,"., MOULINS (AVENUE DES",43.63373,3.84337,Nuit avec éclairage allumé,En agglomération,Intersection en X,Pluie légère,Deux véhicules - côté,,,,,,,,,,,5,2,2,2.0,3.0
201000030120,0010-01-10 01:00:00,10,1,10,1,0,340,172,"sans, RAVAZ (AVENUE DU P",43.62006,3.85118,Nuit avec éclairage allumé,En agglomération,Intersection en X,Normale,Deux véhicules - côté,,,,,,,,,,,5,2,2,1.0,3.0
201000030121,0010-01-10 14:50:00,10,1,10,14,50,340,172,"sans, LIBERTE (AVENUE DE",43.61744,3.81956,Plein jour,En agglomération,Hors intersection,Normale,Autre collision,,,,,,,,,,,1,2,1,1.0,6.0
201000030122,0010-01-11 15:15:00,10,1,11,15,15,340,172,GRASSET (AVENUE DU PROFE,43.62159,3.86866,Plein jour,En agglomération,Intersection en X,Normale,Deux véhicules - côté,,,,,,,,,,,1,2,2,1.0,3.0
201000030123,0010-01-12 08:00:00,10,1,12,8,0,340,172,"., RIMBAUD (RUE PAUL)",43.61867,3.84646,Plein jour,En agglomération,Hors intersection,Normale,Autre collision,,,,,,,,,,,1,2,1,1.0,6.0
201000030124,0010-01-12 09:15:00,10,1,12,9,15,340,172,APPEL DU 18 JUIN (ROND-P,43.63646,3.83114,Plein jour,En agglomération,Giratoire,Normale,Deux véhicules - côté,,,,,,,,,,,1,2,6,1.0,3.0
201000030125,0010-01-12 18:10:00,10,1,12,18,10,340,172,TOULOUSE (AVENUE DE,43.59739,3.86428,Nuit avec éclairage non allumé,En agglomération,Intersection en X,Normale,Autre collision,,,,,,,,,,,4,2,2,1.0,6.0
201000030126,0010-01-14 09:15:00,10,1,14,9,15,340,172,NERUDA (AVENUE PABLO),43.61901,3.8216,Plein jour,En agglomération,Hors intersection,Pluie forte,Deux véhicules - côté,,,,,,,,,,,1,2,1,3.0,3.0
201000030127,0010-01-15 08:11:00,10,1,15,8,11,340,172,MONDIAL 98 (AVENUE DU),43.60332,3.90591,Plein jour,En agglomération,Hors intersection,Normale,Autre collision,,,,,,,,,,,1,2,1,1.0,6.0
201000030128,0010-01-15 09:40:00,10,1,15,9,40,340,172,"0, PRES D'ARENES (ROND-P",43.58954,3.8899,Plein jour,En agglomération,Hors intersection,Normale,Deux véhicules - côté,,,,,,,,,,,1,2,1,1.0,3.0
201000030129,0010-01-18 08:30:00,10,1,18,8,30,340,172,"Sans, CARRIEU (RUE MARIU",43.61654,3.84087,Plein jour,En agglomération,Intersection en X,Normale,Autre collision,,,,,,,,,,,1,2,2,1.0,6.0
201000030130,0010-01-18 11:50:00,10,1,18,11,50,340,172,"99, PALAVAS (AVENUE DE)",43.59351,3.8893,Plein jour,En agglomération,Hors intersection,Normale,Autre collision,,,,,,,,,,,1,2,1,1.0,6.0
201000030131,0010-01-18 17:00:00,10,1,18,17,0,340,172,FLAHAULT (AVENUE CHARLES,43.62437,3.86278,Plein jour,En agglomération,Intersection en X,Normale,Autre collision,,,,,,,,,,,1,2,2,1.0,6.0
201000030132,0010-01-19 09:10:00,10,1,19,9,10,340,129,PALAVAS D986 (ROUTE DE),43.58594,3.89529,Plein jour,Hors agglomération,Hors intersection,Normale,Trois véhicules et plus - collisions multiples,,,,,,,,,,,1,1,1,1.0,5.0
201000030133,0010-01-20 19:25:00,10,1,20,19,25,340,270,"0, GENNEVAUX (ROND-POINT",43.59244,3.8202,Nuit sans éclairage public,Hors agglomération,Hors intersection,Temps couvert,Deux véhicules - côté,,,,,,,,,,,3,1,1,8.0,3.0
201000030134,0010-01-20 17:45:00,10,1,20,17,45,340,172,"0, FABRE DE MORLHON (BOU",43.59152,3.87897,Nuit avec éclairage allumé,En agglomération,Hors intersection,Temps couvert,Sans collision,,,,,,,,,,,5,2,1,8.0,7.0
201000030135,0010-01-21 09:05:00,10,1,21,9,5,340,172,"0, EUROPE (AVENUE DE L')",43.63254,3.8225,Plein jour,En agglomération,Hors intersection,Normale,Sans collision,,,,,,,,,,,1,2,1,1.0,7.0
201000030136,0010-01-21 18:40:00,10,1,21,18,40,340,172,"sans, LIBERTE (AVENUE DE",43.61141,3.82872,Nuit avec éclairage allumé,En agglomération,Intersection en X,Normale,Autre collision,,,,,,,,,,,5,2,2,1.0,6.0
201000030137,0010-01-22 08:50:00,10,1,22,8,50,340,172,"0, PAVELET (AVENUE DU CO",43.5799,3.86867,Plein jour,En agglomération,Hors intersection,Normale,Deux véhicules - arrière,,,,,,,,,,,1,2,1,1.0,2.0
201000030138,0010-01-23 12:45:00,10,1,23,12,45,340,172,POMPIGNANE (AVENUE DE LA,43.60988,3.88889,Plein jour,En agglomération,Intersection en T,Normale,Trois véhicules et plus - collisions multiples,,,,,,,,,,,1,2,3,1.0,5.0
201000030139,0010-01-23 17:45:00,10,1,23,17,45,340,129,D132,43.57094,3.88383,Crépuscule ou aube,Hors agglomération,Hors intersection,Normale,Autre collision,,,,,,,,,,,2,1,1,1.0,6.0
201000030140,0010-01-24 00:40:00,10,1,24,0,40,340,172,LAVERUNE (ROUTE DE,43.59687,3.83837,Nuit avec éclairage allumé,En agglomération,Hors intersection,Normale,Deux véhicules - arrière,,,,,,,,,,,5,2,1,1.0,2.0
201000030141,0010-01-25 06:10:00,10,1,25,6,10,340,129,D116,43.57307,3.87643,Crépuscule ou aube,Hors agglomération,Autre intersection,Pluie légère,Autre collision,,,,,,,,,,,2,1,9,2.0,6.0
201000030142,0010-01-26 09:05:00,10,1,26,9,5,340,172,FAUBOURG FIGUEROLLES (RU,43.60543,3.86079,Plein jour,En agglomération,Intersection en T,Normale,Deux véhicules - côté,,,,,,,,,,,1,2,3,1.0,3.0
201000030143,0010-01-26 10:15:00,10,1,26,10,15,340,172,CLEMENCEAU (AVENUE GEORG,43.60272,3.87096,Plein jour,En agglomération,Intersection en X,Normale,Deux véhicules - côté,,,,,,,,,,,1,2,2,1.0,3.0
201000030144,0010-01-26 08:50:00,10,1,26,8,50,340,172,PILORY (RUE DU),43.61722,3.82309,Plein jour,En agglomération,Hors intersection,Temps éblouissant,Deux véhicules - frontale,,,,,,,,,,,1,2,1,7.0,1.0
201000030145,0010-01-27 14:15:00,10,1,27,14,15,340,172,"360, JUSTICE DE CASTELNA",43.6269,3.87393,Plein jour,En agglomération,Hors intersection,Normale,Deux véhicules - frontale,,,,,,,,,,,1,2,1,1.0,1.0
201000030146,0010-01-27 14:10:00,10,1,27,14,10,340,172,"89, PALAVAS (AVENUE DE)",43.59466,3.88861,Plein jour,En agglomération,Hors intersection,Normale,Autre collision,,,,,,,,,,,1,2,1,1.0,6.0
201000030147,0010-01-29 04:45:00,10,1,29,4,45,340,172,MONDIAL 98 (AVENUE DU),43.60343,3.91035,Nuit avec éclairage allumé,En agglomération,Hors intersection,Normale,Autre collision,,,,,,,,,,,5,2,1,1.0,6.0
201000030148,0010-01-29 09:06:00,10,1,29,9,6,340,172,"sans, TOULOUSE (AVENUE D",43.59347,3.85998,Plein jour,En agglomération,Intersection en T,Normale,Deux véhicules - frontale,,,,,,,,,,,1,2,3,1.0,1.0
201000030149,0010-01-29 15:00:00,10,1,29,15,0,340,172,BASTION VENTADOUR (RUE D,43.60918,3.88648,Plein jour,En agglomération,Hors intersection,Normale,Autre collision,,,,,,,,,,,1,2,1,1.0,6.0