accident_id,datetime,annee,mois,jour,heure,minute,departement,commune_insee,adresse,latitude,longitude,luminosite,agglomeration,intersection,meteo,collision,nb_vehicules,nb_usagers,nb_indemnes,nb_tues,nb_blesses_hosp,nb_blesses_legers,age_cond_1,age_cond_2,veh_type_cond_1,veh_type_cond_2,lum_code,agg_code,int_code,atm_code,col_code
201000030150,0010-01-29 20:30:00,10,1,29,20,30,340,129,CINSAULT (RUE DU),43.58795,3.9221,Nuit avec éclairage allumé,En agglomération,Giratoire,Normale,Deux véhicules - côté,,,,,,,,,,,5,2,6,1.0,3.0
201000030151,0010-01-30 03:55:00,10,1,30,3,55,340,129,D116,43.5608,3.86651,Nuit sans éclairage public,Hors agglomération,Hors intersection,Normale,Sans collision,,,,,,,,,,,3,1,1,1.0,7.0
201000030152,0010-01-30 23:10:00,10,1,30,23,10,340,172,"sans, EUROPE (AVENUE DE",43.62024,3.81796,Nuit avec éclairage allumé,En agglomération,Hors intersection,Normale,Sans collision,,,,,,,,,,,5,2,1,1.0,7.0
201000030153,0010-01-31 01:20:00,10,1,31,1,20,340,172,VERT-BOIS (AVENUE DU),43.639,3.8732,Nuit avec éclairage allumé,En agglomération,Hors intersection,Normale,Deux véhicules - frontale,,,,,,,,,,,5,2,1,1.0,1.0
201000030154,0010-01-31 11:45:00,10,1,31,11,45,340,172,LIBERTE (AVENUE DE LA,43.60687,3.86418,Plein jour,En agglomération,Hors intersection,Normale,Deux véhicules - arrière,,,,,,,,,,,1,2,1,1.0,2.0
201000030155,0010-01-31 03:35:00,10,1,31,3,35,340,172,"sans, JOUHAUX (AVENUE LE",43.60268,3.81989,Nuit sans éclairage public,Hors agglomération,Hors intersection,Normale,Sans collision,,,,,,,,,,,3,1,1,1.0,7.0
201000030156,0010-02-01 08:15:00,10,2,1,8,15,340,172,SAINT LOUIS (RUE),43.61104,3.86669,Plein jour,En agglomération,Intersection en X,Normale,Deux véhicules - côté,,,,,,,,,,,1,2,2,1.0,3.0
201000030157,0010-02-01 15:35:00,10,2,1,15,35,340,172,"240, GARRATS (AVENUE DES",43.61196,3.83878,Plein jour,En agglomération,Hors intersection,Normale,Sans collision,,,,,,,,,,,1,2,1,1.0,7.0
201000030158,0010-02-02 17:25:00,10,2,2,17,25,340,172,"., MOULINS (AVENUE DES",43.63402,3.84351,Plein jour,En agglomération,Hors intersection,Normale,Deux véhicules - arrière,,,,,,,,,,,1,2,1,1.0,2.0
201000030159,0010-02-02 11:30:00,10,2,2,11,30,340,172,"0, PONT JUVENAL (AVENUE",43.6059,3.89393,Plein jour,En agglomération,Intersection en X,Normale,Deux véhicules - côté,,,,,,,,,,,1,2,2,1.0,3.0
201000030160,0010-02-03 14:35:00,10,2,3,14,35,340,172,"18, FAUBOURG ST DENIS",43.60533,3.875,Plein jour,En agglomération,Hors intersection,Normale,Autre collision,,,,,,,,,,,1,2,1,1.0,6.0
201000030161,0010-02-03 19:20:00,10,2,3,19,20,340,172,ECOLE D'AGRICULTURE-GABR,43.61539,3.85632,Nuit avec éclairage allumé,En agglomération,Hors intersection,Normale,Autre collision,,,,,,,,,,,5,2,1,1.0,6.0
201000030162,0010-02-04 12:05:00,10,2,4,12,5,340,172,"., STRASBOURG (BOULEVARD",,,Plein jour,En agglomération,Hors intersection,Temps couvert,Deux véhicules - côté,,,,,,,,,,,1,2,1,8.0,3.0
201000030163,0010-02-05 11:30:00,10,2,5,11,30,340,172,"sans, JOUHAUX (AVENUE LE",,,Plein jour,Hors agglomération,Hors intersection,Temps couvert,Autre collision,,,,,,,,,,,1,1,1,8.0,6.0
201000030164,0010-02-05 12:45:00,10,2,5,12,45,340,172,BRINGUIER (AVENUE PAUL),43.61571,3.84036,Plein jour,En agglomération,Hors intersection,Normale,Autre collision,,,,,,,,,,,1,2,1,1.0,6.0
201000030165,0010-02-06 04:40:00,10,2,6,4,40,340,172,1408 MER (AVENUE DE LA),43.5924,3.90707,Nuit avec éclairage non allumé,En agglomération,Hors intersection,Normale,Deux véhicules - frontale,,,,,,,,,,,4,2,1,1.0,1.0
201000030166,0010-02-03 08:55:00,10,2,3,8,55,340,172,"6 bis, MERCI (RUE DE LA)",43.61003,3.87133,Plein jour,En agglomération,Hors intersection,Normale,Deux véhicules - côté,,,,,,,,,,,1,2,1,1.0,3.0
201000030167,0010-02-07 13:58:00,10,2,7,13,58,340,172,"0, PAVELET (AVENUE DU Co",43.58035,3.86763,Plein jour,En agglomération,Hors intersection,Normale,Sans collision,,,,,,,,,,,1,2,1,1.0,7.0
201000030168,0010-02-09 09:30:00,10,2,9,9,30,340,172,MENDES FRANCE (AVENUE,43.61014,3.90386,Plein jour,En agglomération,Hors intersection,Pluie forte,Trois véhicules et plus - en chaîne,,,,,,,,,,,1,2,1,3.0,4.0
201000030169,0010-02-09 12:24:00,10,2,9,12,24,340,172,FLAHAULT (AVENUE CHAR,43.62436,3.86189,Plein jour,En agglomération,Intersection en X,Pluie forte,Sans collision,,,,,,,,,,,1,2,2,3.0,7.0
201000030170,0010-02-09 12:45:00,10,2,9,12,45,340,172,"., PUECH VILLA (RUE DE)",43.55076,3.89441,Plein jour,En agglomération,Hors intersection,Pluie légère,Autre collision,,,,,,,,,,,1,2,1,2.0,6.0
201000030171,0010-02-09 18:44:00,10,2,9,18,44,340,172,GANGES (ROUTE DE,43.68283,3.84561,Crépuscule ou aube,En agglomération,Hors intersection,Pluie légère,Autre collision,,,,,,,,,,,2,2,1,2.0,6.0
201000030172,0010-02-10 09:40:00,10,2,10,9,40,340,172,575 PARGUEL (AVENUE ABB,43.63725,3.85978,Plein jour,En agglomération,Intersection en T,Normale,Deux véhicules - arrière,,,,,,,,,,,1,2,3,1.0,2.0
201000030173,0010-02-10 17:15:00,10,2,10,17,15,340,172,NERUDA  (AVENUE PABLO),43.61545,3.82069,Plein jour,En agglomération,Hors intersection,Vent fort / tempête,Deux véhicules - côté,,,,,,,,,,,1,2,1,6.0,3.0
201000030174,0010-02-11 23:50:00,10,2,11,23,50,340,172,SALENGRO  (PLACE ROGER),43.60725,3.86713,Nuit avec éclairage allumé,En agglomération,Hors intersection,Normale,Deux véhicules - côté,,,,,,,,,,,5,2,1,1.0,3.0
201000030175,0010-02-12 10:45:00,10,2,12,10,45,340,172,JOUHAUX  (AVENUE LEON),43.60761,3.82121,Plein jour,En agglomération,Autre intersection,Normale,Sans collision,,,,,,,,,,,1,2,9,1.0,7.0
201000030176,0010-02-15 09:45:00,10,2,15,9,45,340,172,192 CHENAIE (RUE DE LA),43.63527,3.87139,Plein jour,En agglomération,Hors intersection,Normale,Sans collision,,,,,,,,,,,1,2,1,1.0,7.0
201000030177,0010-02-15 18:30:00,10,2,15,18,30,340,172,ALCO (ROND POINT D'),43.62353,3.83378,Crépuscule ou aube,En agglomération,Hors intersection,Normale,Autre collision,,,,,,,,,,,2,2,1,1.0,6.0
201000030178,0010-02-16 08:00:00,10,2,16,8,0,340,172,121 PORTALIERE DES MASQ,43.61499,3.86617,Crépuscule ou aube,En agglomération,Hors intersection,Pluie légère,Autre collision,,,,,,,,,,,2,2,1,2.0,6.0
201000030179,0010-02-16 11:50:00,10,2,16,11,50,340,172,GALOIS (ROND-POINT EV,43.60883,3.91352,Plein jour,En agglomération,Giratoire,Pluie légère,Deux véhicules - arrière,,,,,,,,,,,1,2,6,2.0,2.0
201000030180,0010-02-17 12:15:00,10,2,17,12,15,340,172,"55, DOMITIENNE (VOIE)",43.62113,3.85834,Plein jour,En agglomération,Hors intersection,Pluie forte,Deux véhicules - frontale,,,,,,,,,,,1,2,1,3.0,1.0
201000030181,0010-02-18 12:15:00,10,2,18,12,15,340,172,AURIOL  (AVENUE VINCENT),43.64201,3.84746,Plein jour,En agglomération,Hors intersection,Normale,Deux véhicules - frontale,,,,,,,,,,,1,2,1,1.0,1.0
201000030182,0010-02-15 11:35:00,10,2,15,11,35,340,172,PONT DE LAVERUNE (RUE,43.60638,3.837,Plein jour,En agglomération,Intersection en X,Normale,Deux véhicules - côté,,,,,,,,,,,1,2,2,1.0,3.0
201000030183,0010-02-19 10:00:00,10,2,19,10,0,340,172,EUROPE (AVENUE DE L'),43.62949,3.82234,Plein jour,En agglomération,Intersection en X,Pluie forte,Autre collision,,,,,,,,,,,1,2,2,3.0,6.0
201000030184,0010-02-20 13:30:00,10,2,20,13,30,340,172,"., LIBERTE (AVENUE DE LA",43.60486,3.86497,Plein jour,En agglomération,Hors intersection,Normale,Deux véhicules - arrière,,,,,,,,,,,1,2,1,1.0,2.0
201000030185,0010-02-20 16:50:00,10,2,20,16,50,340,172,LEPIC (AVENUE),43.60129,3.86411,Plein jour,En agglomération,Intersection en T,Normale,Deux véhicules - côté,,,,,,,,,,,1,2,3,1.0,3.0
201000030186,0010-02-21 00:30:00,10,2,21,0,30,340,172,"sans,  CASTELNAU JUSTICE",43.62691,3.86993,Nuit avec éclairage allumé,En agglomération,Place,Normale,Deux véhicules - côté,,,,,,,,,,,5,2,7,1.0,3.0
201000030187,0010-02-21 20:05:00,10,2,21,20,5,340,172,MARCHAND (RUE DU COLO,43.62159,3.86866,Nuit avec éclairage allumé,En agglomération,Intersection en T,Normale,Deux véhicules - arrière,,,,,,,,,,,5,2,3,1.0,2.0
201000030188,0010-02-22 13:00:00,10,2,22,13,0,340,172,COLOMB PLACE CHRISTOPHE,43.60538,3.89874,Plein jour,En agglomération,Giratoire,Pluie légère,Autre collision,,,,,,,,,,,1,2,6,2.0,6.0
201000030189,0010-02-22 18:15:00,10,2,22,18,15,340,172,"641, GIRAUD AVENUE DU D",43.63396,3.84893,Crépuscule ou aube,En agglomération,Hors intersection,Temps couvert,Deux véhicules - côté,,,,,,,,,,,2,2,1,8.0,3.0
201000030190,0010-03-03 07:20:00,10,3,3,7,20,340,172,ASSAS (AVENUE D'),43.61293,3.86746,Nuit avec éclairage allumé,En agglomération,Intersection en X,Pluie forte,Deux véhicules - côté,,,,,,,,,,,5,2,2,3.0,3.0
201000030191,0010-02-23 09:34:00,10,2,23,9,34,340,172,MAURIN  AVENUE DE,43.59012,3.87315,Plein jour,En agglomération,Hors intersection,Temps couvert,Autre collision,,,,,,,,,,,1,2,1,8.0,6.0
201000030192,0010-02-24 19:10:00,10,2,24,19,10,340,172,"0, JUSTICE DE CASTELNAU",43.62687,3.88961,Nuit avec éclairage allumé,En agglomération,Intersection en X,Normale,Deux véhicules - frontale,,,,,,,,,,,5,2,2,1.0,1.0
201000030193,0010-02-25 19:13:00,10,2,25,19,13,340,172,"184, LIEGE (RUE DE)",43.62414,3.81339,Nuit avec éclairage allumé,En agglomération,Hors intersection,Normale,Sans collision,,,,,,,,,,,5,2,1,1.0,7.0
201000030194,0010-02-25 18:05:00,10,2,25,18,5,340,172,"696, SORBES (RUE DE LAS",43.61528,3.85547,Crépuscule ou aube,En agglomération,Hors intersection,Normale,Autre collision,,,,,,,,,,,2,2,1,1.0,6.0
201000030195,0010-02-26 14:40:00,10,2,26,14,40,340,172,GOSSEC (RUE FRANCOIS-JOS,43.57513,3.85629,Plein jour,En agglomération,Hors intersection,Normale,Deux véhicules - arrière,,,,,,,,,,,1,2,1,1.0,2.0
201000030196,0010-02-27 04:20:00,10,2,27,4,20,340,172,sans LIBERTE (AVENUE DE,43.61394,3.82228,Nuit avec éclairage allumé,En agglomération,Hors intersection,Normale,Sans collision,,,,,,,,,,,5,2,1,1.0,7.0
201000030197,0010-02-27 06:47:00,10,2,27,6,47,340,172,"355, SABATIER D'ESPEYRAN",43.6261,3.86556,Plein jour,En agglomération,Hors intersection,Normale,Deux véhicules - arrière,,,,,,,,,,,1,2,1,1.0,2.0
201000030198,0010-02-27 09:53:00,10,2,27,9,53,340,172,"515, ANTIGONE (BOULEVARD",43.60907,3.88915,Plein jour,En agglomération,Hors intersection,Normale,Deux véhicules - arrière,,,,,,,,,,,1,2,1,1.0,2.0
201000030199,0010-02-27 16:30:00,10,2,27,16,30,340,172,MONTASINOS (RUE DE,43.6259,3.88219,Plein jour,En agglomération,Intersection en X,Pluie légère,Deux véhicules - côté,,,,,,,,,,,1,2,2,2.0,3.0
201000030200,0010-03-01 06:40:00,10,3,1,6,40,340,172,VANIERES (AVENUE DE),43.5966,3.84496,Crépuscule ou aube,En agglomération,Intersection en X,Normale,Deux véhicules - côté,,,,,,,,,,,2,2,2,1.0,3.0
201000030201,0010-03-01 13:30:00,10,3,1,13,30,340,172,COROT (PLACE),43.6182,3.84455,Plein jour,En agglomération,Place,Normale,Deux véhicules - côté,,,,,,,,,,,1,2,7,1.0,3.0
201000030202,0010-03-01 19:45:00,10,3,1,19,45,340,172,CLEMENTVILLE (RUE DE),43.61425,3.85112,Nuit avec éclairage allumé,En agglomération,Intersection en X,Normale,Autre collision,,,,,,,,,,,5,2,2,1.0,6.0
201000030203,0010-03-02 11:00:00,10,3,2,11,0,340,172,"113, PRES D'ARENES (AVEN",43.59509,3.87827,Plein jour,En agglomération,Hors intersection,Normale,Autre collision,,,,,,,,,,,1,2,1,1.0,6.0
201000030204,0010-03-02 17:30:00,10,3,2,17,30,340,129,"0, MONTPELLIER (AVENUE D",43.56828,3.90386,Plein jour,En agglomération,Hors intersection,Normale,Deux véhicules - arrière,,,,,,,,,,,1,2,1,1.0,2.0
201000030205,0010-03-04 09:00:00,10,3,4,9,0,340,172,"0, CASTELLE (RUE DE LA)",43.57809,3.8688,Plein jour,En agglomération,Intersection en T,Temps couvert,Deux véhicules - côté,,,,,,,,,,,1,2,3,8.0,3.0
201000030206,0010-03-05 17:20:00,10,3,5,17,20,340,129,"Sans, PALAVAS D986 (ROUT",43.57574,3.89734,Plein jour,Hors agglomération,Hors intersection,Vent fort / tempête,Autre collision,,,,,,,,,,,1,1,1,6.0,6.0
201000030207,0010-03-05 17:45:00,10,3,5,17,45,340,198,"sans, VALADIER (RUE PIER",43.56758,3.94995,Plein jour,En agglomération,Hors intersection,Normale,Deux véhicules - côté,,,,,,,,,,,1,2,1,1.0,3.0
201000030208,0010-03-05 21:20:00,10,3,5,21,20,340,172,"400, MOULINS (AVENUE DES",43.63703,3.84505,Nuit avec éclairage allumé,En agglomération,Intersection en T,Normale,Deux véhicules - arrière,,,,,,,,,,,5,2,3,1.0,2.0
201000030209,0010-03-01 17:47:00,10,3,1,17,47,340,172,EUROPE (AVENUE DE L'),43.6215,3.81877,Plein jour,En agglomération,Intersection en T,Normale,Deux véhicules - côté,,,,,,,,,,,1,2,3,1.0,3.0
201000030210,0010-03-06 23:30:00,10,3,6,23,30,340,172,BLUM (RUE LEON),43.60894,3.89077,Nuit avec éclairage allumé,En agglomération,Intersection en X,Normale,Trois véhicules et plus - collisions multiples,,,,,,,,,,,5,2,2,1.0,5.0
201000030211,0010-03-09 18:30:00,10,3,9,18,30,340,198,"2076, PAGNOL (AVENUE MAR",43.5541,3.96735,Plein jour,En agglomération,Intersection en T,Normale,Deux véhicules - frontale,,,,,,,,,,,1,2,3,1.0,1.0
201000030212,0010-03-10 11:25:00,10,3,10,11,25,340,172,"67, MICHEL (RUE LOUISE)",43.62005,3.90113,Plein jour,En agglomération,Hors intersection,Normale,Sans collision,,,,,,,,,,,1,2,1,1.0,7.0
201000030213,0010-03-12 09:34:00,10,3,12,9,34,340,172,"., BROUSSONNET (RUE AUGU",43.61578,3.87238,Plein jour,En agglomération,Intersection en T,Normale,Deux véhicules - côté,,,,,,,,,,,1,2,3,1.0,3.0
201000030214,0010-03-12 11:40:00,10,3,12,11,40,340,172,"135, LODEVE (AVENUE DE",43.6146,3.83557,Plein jour,En agglomération,Hors intersection,Normale,Autre collision,,,,,,,,,,,1,2,1,1.0,6.0
201000030215,0010-03-12 15:20:00,10,3,12,15,20,340,172,"100, JEANBRAU (AVENUE DU",43.63474,3.86736,Plein jour,En agglomération,Hors intersection,Normale,Deux véhicules - arrière,,,,,,,,,,,1,2,1,1.0,2.0
201000030216,0010-03-13 00:50:00,10,3,13,0,50,340,172,"190, MOULARES (CHEMIN DE",43.60317,3.89366,Nuit avec éclairage allumé,En agglomération,Hors intersection,Normale,Autre collision,,,,,,,,,,,5,2,1,1.0,6.0
201000030217,0010-03-12 20:00:00,10,3,12,20,0,340,172,LIBERTE (AVENUE DE LA,43.60331,3.86622,Nuit avec éclairage non allumé,En agglomération,Hors intersection,Normale,Trois véhicules et plus - collisions multiples,,,,,,,,,,,4,2,1,1.0,5.0
201000030218,0010-03-13 11:50:00,10,3,13,11,50,340,172,LAVERUNE (ROUTE DE,43.60125,3.84894,Plein jour,En agglomération,Hors intersection,Normale,Deux véhicules - arrière,,,,,,,,,,,1,2,1,1.0,2.0
201000030219,0010-03-14 16:40:00,10,3,14,16,40,340,172,"133, BOIRARGUES (AVENUE",43.60469,3.89951,Plein jour,En agglomération,Hors intersection,Normale,Sans collision,,,,,,,,,,,1,2,1,1.0,7.0
201000030220,0010-03-15 13:40:00,10,3,15,13,40,340,172,"0, TOULOUSE (AVENUE DE",43.59525,3.86209,Plein jour,En agglomération,Intersection en T,Normale,Deux véhicules - côté,,,,,,,,,,,1,2,3,1.0,3.0
201000030221,0010-03-16 13:42:00,10,3,16,13,42,340,172,FAUBOURG FIGUEROLLES (RU,43.6057,3.86132,Plein jour,En agglomération,Hors intersection,Normale,Autre collision,,,,,,,,,,,1,2,1,1.0,6.0
201000030222,0010-03-17 01:25:00,10,3,17,1,25,340,172,BERTHELOT (BOULEVARD),43.59973,3.87559,Nuit avec éclairage allumé,En agglomération,Intersection en X,Normale,Sans collision,,,,,,,,,,,5,2,2,1.0,7.0
201000030223,0010-03-16 12:00:00,10,3,16,12,0,340,172,"840, MOULARES (CHEMIN DE",43.59848,3.8934,Plein jour,En agglomération,Hors intersection,Normale,Deux véhicules - côté,,,,,,,,,,,1,2,1,1.0,3.0
201000030224,0010-03-17 15:43:00,10,3,17,15,43,340,172,"112, VILLENEUVE-ANGOULEM",43.59862,3.8726,Plein jour,En agglomération,Hors intersection,Normale,Deux véhicules - côté,,,,,,,,,,,1,2,1,1.0,3.0
201000030225,0010-03-17 15:15:00,10,3,17,15,15,340,172,"sans, BRET (ROND POINT P",43.5762,3.87376,Plein jour,En agglomération,Hors intersection,Normale,Autre collision,,,,,,,,,,,1,2,1,1.0,6.0
201000030226,0010-03-18 11:40:00,10,3,18,11,40,340,172,BROUSSONNET (RUE AUGUSTE,43.61578,3.87238,Plein jour,En agglomération,Intersection en T,Normale,Deux véhicules - côté,,,,,,,,,,,1,2,3,1.0,3.0
201000030227,0010-03-18 21:30:00,10,3,18,21,30,340,172,"673, POMPIGNANE (AVENUE",43.61212,3.89826,Nuit avec éclairage allumé,En agglomération,Intersection en T,Normale,Deux véhicules - côté,,,,,,,,,,,5,2,3,1.0,3.0
201000030228,0010-03-19 13:00:00,10,3,19,13,0,340,172,"11, LEDRU-ROLLIN (BOULEV",43.6088,3.87307,Plein jour,En agglomération,Hors intersection,Normale,Autre collision,,,,,,,,,,,1,2,1,1.0,6.0
201000030229,0010-03-19 17:15:00,10,3,19,17,15,340,129,EUROPE (AVENUE DE L'),43.47179,3.90922,Plein jour,En agglomération,Hors intersection,Temps couvert,Deux véhicules - côté,,,,,,,,,,,1,2,1,8.0,3.0
201000030230,0010-03-19 14:30:00,10,3,19,14,30,340,172,"1, ESCOUTADOU (RUE DE L'",43.60125,3.85168,Plein jour,En agglomération,Hors intersection,Normale,Deux véhicules - arrière,,,,,,,,,,,1,2,1,1.0,2.0
201000030231,0010-03-19 13:30:00,10,3,19,13,30,340,172,"8, ARAUCARIAS (RUE DES)",43.61596,3.83707,Plein jour,En agglomération,Hors intersection,Normale,Autre collision,,,,,,,,,,,1,2,1,1.0,6.0
201000030232,0010-03-19 14:15:00,10,3,19,14,15,340,172,"218, LODEVE (AVENUE DE",43.6146,3.83558,Plein jour,En agglomération,Hors intersection,Normale,Deux véhicules - arrière,,,,,,,,,,,1,2,1,1.0,2.0
201000030233,0010-03-19 20:00:00,10,3,19,20,0,340,172,TOULOUSE (AVENUE DE,43.5975,3.86416,Nuit avec éclairage non allumé,En agglomération,Intersection en X,Normale,Deux véhicules - côté,,,,,,,,,,,4,2,2,1.0,3.0
201000030234,0010-03-20 10:25:00,10,3,20,10,25,340,198,D21  ROUTE DE CARNON,43.57858,3.93398,Plein jour,En agglomération,Hors intersection,Normale,Autre collision,,,,,,,,,,,1,2,1,1.0,6.0
201000030235,0010-03-24 17:45:00,10,3,24,17,45,340,172,MONTELS-EGLISE (RUE DE),43.58025,3.88057,Plein jour,En agglomération,Hors intersection,Normale,Deux véhicules - côté,,,,,,,,,,,1,2,1,1.0,3.0
201000030236,0010-03-25 17:15:00,10,3,25,17,15,340,172,MER (AVENUE DE LA),43.60455,3.89956,Plein jour,En agglomération,Hors intersection,Pluie légère,Deux véhicules - côté,,,,,,,,,,,1,2,1,2.0,3.0
201000030237,0010-03-26 10:00:00,10,3,26,10,0,340,172,"325, BLAYAC (RUE DU PROF",43.62302,3.83164,Plein jour,En agglomération,Hors intersection,Normale,Deux véhicules - côté,,,,,,,,,,,1,2,1,1.0,3.0
201000030238,0010-03-26 11:45:00,10,3,26,11,45,340,172,"5, PLAN DU PARC (RUE DU)",43.60592,3.87571,Plein jour,En agglomération,Hors intersection,Normale,Autre collision,,,,,,,,,,,1,2,1,1.0,6.0
201000030239,0010-03-27 01:10:00,10,3,27,1,10,340,172,MENDES FRANCE (AVENUE PR,43.60711,3.92039,Nuit avec éclairage allumé,Hors agglomération,Hors intersection,Normale,Deux véhicules - côté,,,,,,,,,,,5,1,1,1.0,3.0
201000030240,0010-03-27 13:00:00,10,3,27,13,0,340,129,"0, PALAVAS D986 (ROUTE D",43.56496,3.89453,Plein jour,Hors agglomération,Hors intersection,Vent fort / tempête,Sans collision,,,,,,,,,,,1,1,1,6.0,7.0
201000030241,0010-03-27 13:35:00,10,3,27,13,35,340,172,"451, AGATHOIS (RUE DE L'",43.63127,3.82433,Plein jour,En agglomération,Hors intersection,Normale,Sans collision,,,,,,,,,,,1,2,1,1.0,7.0
201000030242,0010-03-27 17:00:00,10,3,27,17,0,340,172,"0, PRIMEVERES (RUE DES)",43.59784,3.88126,Plein jour,En agglomération,Intersection en X,Normale,Deux véhicules - côté,,,,,,,,,,,1,2,2,1.0,3.0
201000030243,0010-03-29 13:30:00,10,3,29,13,30,340,172,"., GARRATS (AVENUE DES)",43.61037,3.83913,Plein jour,En agglomération,Hors intersection,Normale,Deux véhicules - côté,,,,,,,,,,,1,2,1,1.0,3.0
201000030244,0010-03-29 17:00:00,10,3,29,17,0,340,172,"1041, RIMBAUD (RUE",43.61744,3.83791,Plein jour,En agglomération,Hors intersection,Normale,Autre collision,,,,,,,,,,,1,2,1,1.0,6.0
201000030245,0010-03-29 23:23:00,10,3,29,23,23,340,172,"SANS, SAINT LOUIS (RUE)",43.61071,3.8666,Nuit avec éclairage allumé,En agglomération,Intersection en X,Normale,Deux véhicules - côté,,,,,,,,,,,5,2,2,1.0,3.0
201000030246,0010-03-30 19:10:00,10,3,30,19,10,340,172,"8, HUGO (BOULEVARD VICTO",43.60653,3.87786,Plein jour,En agglomération,Intersection en T,Normale,Autre collision,,,,,,,,,,,1,2,3,1.0,6.0
201000030247,0010-03-31 08:20:00,10,3,31,8,20,340,172,"22, HOSPICES (RUE DES)",43.62581,3.86569,Plein jour,En agglomération,Hors intersection,Normale,Deux véhicules - côté,,,,,,,,,,,1,2,1,1.0,3.0
201000030248,0010-03-31 10:40:00,10,3,31,10,40,340,172,"., ROME (RUE DU PERE CYP",43.60132,3.84873,Plein jour,En agglomération,Hors intersection,Normale,Autre collision,,,,,,,,,,,1,2,1,1.0,6.0
201000030249,0010-03-31 12:20:00,10,3,31,12,20,340,172,BLANC (BOULEVARD LOUIS),43.6148,3.87872,Plein jour,En agglomération,Hors intersection,Normale,Autre collision,,,,,,,,,,,1,2,1,1.0,6.0
201000030250,0010-04-01 18:30:00,10,4,1,18,30,340,172,"0, MONSIEUR TESTE (AV)",43.61068,3.83055,Plein jour,En agglomération,Intersection en T,Normale,Deux véhicules - côté,,,,,,,,,,,1,2,3,1.0,3.0
201000030251,0010-04-03 11:00:00,10,4,3,11,0,340,172,ALGER (RUE D'),43.60454,3.87767,Plein jour,En agglomération,Hors intersection,Temps couvert,Sans collision,,,,,,,,,,,1,2,1,8.0,7.0
201000030252,0010-04-03 20:51:00,10,4,3,20,51,340,129,Route de Carnon,43.58328,3.92413,Nuit avec éclairage allumé,Hors agglomération,Hors intersection,Normale,Deux véhicules - arrière,,,,,,,,,,,5,1,1,1.0,2.0
201000030253,0010-04-05 12:05:00,10,4,5,12,5,340,172,POMPIGNANE (AVENUE DE LA,43.61883,3.89741,Plein jour,En agglomération,Hors intersection,Normale,Deux véhicules - arrière,,,,,,,,,,,1,2,1,1.0,2.0
201000030254,0010-04-05 12:45:00,10,4,5,12,45,340,172,"71, FABRE DE MORLHON (BO",43.58893,3.88927,Plein jour,En agglomération,Autre intersection,Normale,Trois véhicules et plus - collisions multiples,,,,,,,,,,,1,2,9,1.0,5.0
201000030255,0010-04-06 17:45:00,10,4,6,17,45,340,172,RENOUVIER (BOULEVARD),43.60479,3.86751,Plein jour,En agglomération,Intersection en T,Normale,Trois véhicules et plus - collisions multiples,,,,,,,,,,,1,2,3,1.0,5.0
201000030256,0010-04-08 09:30:00,10,4,8,9,30,340,172,CLEMENCEAU (AVENUE GEORG,43.60296,3.87098,Plein jour,En agglomération,Intersection en X,Temps couvert,Sans collision,,,,,,,,,,,1,2,2,8.0,7.0
201000030257,0010-04-08 17:40:00,10,4,8,17,40,340,172,"0, STRASBOURG (PLACE DE)",43.60295,3.88047,Plein jour,En agglomération,Hors intersection,Temps couvert,Deux véhicules - côté,,,,,,,,,,,1,2,1,8.0,3.0
201000030258,0010-04-08 21:40:00,10,4,8,21,40,340,172,"6, HUGO (BOULEVARD VICTO",43.60647,3.87784,Nuit avec éclairage allumé,En agglomération,Hors intersection,Normale,Deux véhicules - arrière,,,,,,,,,,,5,2,1,1.0,2.0
201000030259,0010-04-09 08:30:00,10,4,9,8,30,340,172,"16, SAINT VINCENT DE PAU",43.62207,3.87411,Plein jour,En agglomération,Intersection en T,Normale,Deux véhicules - côté,,,,,,,,,,,1,2,3,1.0,3.0
201000030260,0010-04-10 06:45:00,10,4,10,6,45,340,172,"0, FLANDRES-DUNKERQUE (P",43.59043,3.85552,Nuit avec éclairage allumé,En agglomération,Hors intersection,Normale,Sans collision,,,,,,,,,,,5,2,1,1.0,7.0
201000030261,0010-04-11 12:30:00,10,4,11,12,30,340,172,"14, RONDELET (RUE)",43.60345,3.87458,Plein jour,En agglomération,Hors intersection,Normale,Autre collision,,,,,,,,,,,1,2,1,1.0,6.0
201000030262,0010-04-12 16:00:00,10,4,12,16,0,340,172,SUBSTANTION (RUE DE),43.61655,3.88367,Plein jour,En agglomération,Intersection en X,Normale,Trois véhicules et plus - collisions multiples,,,,,,,,,,,1,2,2,1.0,5.0
201000030263,0010-04-13 08:15:00,10,4,13,8,15,340,172,"26, CLEMENTVILLE (RUE DE",43.61319,3.85302,Plein jour,En agglomération,Autre intersection,Normale,Autre collision,,,,,,,,,,,1,2,9,1.0,6.0
201000030264,0010-04-10 09:50:00,10,4,10,9,50,340,172,"0, POSEIDON (RUE)",43.60754,3.89389,Plein jour,En agglomération,Hors intersection,Normale,Sans collision,,,,,,,,,,,1,2,1,1.0,7.0
201000030265,0010-04-13 16:35:00,10,4,13,16,35,340,172,ORIENT (BOULEVARD D'),43.60353,3.88927,Plein jour,En agglomération,Hors intersection,Normale,Sans collision,,,,,,,,,,,1,2,1,1.0,7.0
201000030266,0010-04-14 09:10:00,10,4,14,9,10,340,172,SAINT DENIS (PLACE),43.60539,3.87501,Plein jour,En agglomération,Hors intersection,Normale,Autre collision,,,,,,,,,,,1,2,1,1.0,6.0