accident_id,datetime,annee,mois,jour,heure,minute,departement,commune_insee,adresse,latitude,longitude,luminosite,agglomeration,intersection,meteo,collision,nb_vehicules,nb_usagers,nb_indemnes,nb_tues,nb_blesses_hosp,nb_blesses_legers,age_cond_1,age_cond_2,veh_type_cond_1,veh_type_cond_2,lum_code,agg_code,int_code,atm_code,col_code
201000030267,0010-04-14 12:45:00,10,4,14,12,45,340,172,MICHEL (RUE ERNEST),43.60174,3.87392,Plein jour,En agglomération,Intersection en X,Normale,Autre collision,,,,,,,,,,,1,2,2,1.0,6.0
201000030268,0010-04-15 12:50:00,10,4,15,12,50,340,172,"., BLANC (BOULEVARD LOUI",43.61482,3.87769,Plein jour,En agglomération,Intersection en T,Normale,Deux véhicules - côté,,,,,,,,,,,1,2,3,1.0,3.0
201000030269,0010-04-15 16:30:00,10,4,15,16,30,340,172,"., LIBERTE (AVENUE DE LA",43.60917,3.85739,Plein jour,En agglomération,Hors intersection,Normale,Trois véhicules et plus - en chaîne,,,,,,,,,,,1,2,1,1.0,4.0
201000030270,0010-04-14 18:44:00,10,4,14,18,44,340,172,"46, RENOUVIER (BOULEVARD",43.60212,3.86827,Plein jour,En agglomération,Hors intersection,Normale,Trois véhicules et plus - en chaîne,,,,,,,,,,,1,2,1,1.0,4.0
201000030271,0010-04-17 01:00:00,10,4,17,1,0,340,172,Bv. Pénélope,43.60345,3.91343,Nuit avec éclairage allumé,En agglomération,Autre intersection,Normale,Deux véhicules - côté,,,,,,,,,,,5,2,9,1.0,3.0
201000030272,0010-04-17 21:00:00,10,4,17,21,0,340,172,Av de Toulouse,43.59742,3.86422,Nuit avec éclairage allumé,En agglomération,Intersection en X,Normale,Deux véhicules - arrière,,,,,,,,,,,5,2,2,1.0,2.0
201000030273,0010-04-19 03:45:00,10,4,19,3,45,340,172,Av. des Garrats,43.60938,3.83853,Nuit avec éclairage allumé,En agglomération,Hors intersection,Normale,Autre collision,,,,,,,,,,,5,2,1,1.0,6.0
201000030274,0010-04-19 12:30:00,10,4,19,12,30,340,198,PAGNOL (AVENUE MARCEL),43.55308,3.96824,Plein jour,En agglomération,Intersection en T,Normale,Deux véhicules - frontale,,,,,,,,,,,1,2,3,1.0,1.0
201000030275,0010-04-19 16:00:00,10,4,19,16,0,340,172,Av. de la Mer,43.59544,3.90507,Plein jour,Hors agglomération,Hors intersection,Normale,Deux véhicules - côté,,,,,,,,,,,1,1,1,1.0,3.0
201000030276,0010-04-19 17:55:00,10,4,19,17,55,340,172,"0, POMPIGNANE (AVENUE DE",43.61948,3.89743,Plein jour,En agglomération,Intersection en T,Normale,Deux véhicules - côté,,,,,,,,,,,1,2,3,1.0,3.0
201000030277,0010-04-22 17:47:00,10,4,22,17,47,340,172,"sans, LIBERTE (AVENUE DE",43.61148,3.82796,Plein jour,En agglomération,Hors intersection,Normale,Trois véhicules et plus - collisions multiples,,,,,,,,,,,1,2,1,1.0,5.0
201000030278,0010-04-23 09:30:00,10,4,23,9,30,340,198,"100, MAGELLAN (RUE FERNA",43.55716,3.95112,Plein jour,En agglomération,Hors intersection,Pluie légère,Autre collision,,,,,,,,,,,1,2,1,2.0,6.0
201000030279,0010-04-23 16:30:00,10,4,23,16,30,340,129,MONTEIL EGLISE (RUE),43.57992,3.87994,Plein jour,En agglomération,Hors intersection,Normale,Deux véhicules - côté,,,,,,,,,,,1,2,1,1.0,3.0
201000030280,0010-04-24 04:30:00,10,4,24,4,30,340,172,"sans, CAPITAN (RUE LOUIS",43.59615,3.83536,Nuit avec éclairage allumé,En agglomération,Intersection en T,Normale,Autre collision,,,,,,,,,,,5,2,3,1.0,6.0
201000030281,0010-04-24 14:45:00,10,4,24,14,45,340,172,GRAMMONT (DOMAINE DE),43.61374,3.93009,Plein jour,En agglomération,Autre intersection,Normale,Deux véhicules - côté,,,,,,,,,,,1,2,9,1.0,3.0
201000030282,0010-04-24 18:00:00,10,4,24,18,0,340,172,PENELOPE (BOULEVARD),43.60178,3.91809,Plein jour,En agglomération,Hors intersection,Normale,Autre collision,,,,,,,,,,,1,2,1,1.0,6.0
201000030283,0010-04-25 09:30:00,10,4,25,9,30,340,172,PALAVAS (AVENUE DE),43.60105,3.88474,Plein jour,En agglomération,Intersection en X,Normale,Deux véhicules - frontale,,,,,,,,,,,1,2,2,1.0,1.0
201000030284,0010-04-26 11:05:00,10,4,26,11,5,340,129,D986 - Rte de Palavas,43.57529,3.89709,Plein jour,En agglomération,Hors intersection,Normale,Deux véhicules - côté,,,,,,,,,,,1,2,1,1.0,3.0
201000030285,0010-04-26 11:00:00,10,4,26,11,0,340,172,"15, VIEUSSENS (BOULEVARD",,,Plein jour,En agglomération,Hors intersection,Normale,Autre collision,,,,,,,,,,,1,2,1,1.0,6.0
201000030286,0010-04-26 15:05:00,10,4,26,15,5,340,172,5 Av. Charles Flahault,43.61883,3.86603,Plein jour,En agglomération,Hors intersection,Normale,Deux véhicules - côté,,,,,,,,,,,1,2,1,1.0,3.0
201000030287,0010-04-27 08:45:00,10,4,27,8,45,340,172,Av. du Père Soulas,43.63067,3.84285,Plein jour,En agglomération,Hors intersection,Normale,Deux véhicules - côté,,,,,,,,,,,1,2,1,1.0,3.0
201000030288,0010-04-27 08:10:00,10,4,27,8,10,340,172,"0, MASSENA (AVENUE)",43.60946,3.84691,Plein jour,En agglomération,Hors intersection,Normale,Sans collision,,,,,,,,,,,1,2,1,1.0,7.0
201000030289,0010-04-27 18:45:00,10,4,27,18,45,340,172,SALAISON (RUE DE),43.62179,3.9013,Plein jour,En agglomération,Hors intersection,Normale,Sans collision,,,,,,,,,,,1,2,1,1.0,7.0
201000030290,0010-04-27 11:45:00,10,4,27,11,45,340,172,Rue de la Madeleine,43.58053,3.85862,Plein jour,En agglomération,Hors intersection,Normale,Sans collision,,,,,,,,,,,1,2,1,1.0,7.0
201000030291,0010-04-28 07:50:00,10,4,28,7,50,340,129,"0, BRET (ROND POINT L)",43.57667,3.87435,Plein jour,Hors agglomération,Hors intersection,Normale,Deux véhicules - côté,,,,,,,,,,,1,1,1,1.0,3.0
201000030292,0010-04-28 23:43:00,10,4,28,23,43,340,172,"SANS, CAPITAINE PIERRE P",43.60913,3.89912,Nuit avec éclairage allumé,En agglomération,Intersection en T,Normale,Autre collision,,,,,,,,,,,5,2,3,1.0,6.0
201000030293,0010-04-29 01:40:00,10,4,29,1,40,340,172,"sans, LIBERTE (AVENUE DE",43.61134,3.82862,Nuit avec éclairage allumé,En agglomération,Intersection en X,Normale,Deux véhicules - frontale,,,,,,,,,,,5,2,2,1.0,1.0
201000030294,0010-04-29 17:40:00,10,4,29,17,40,340,172,LONDRES (CARREFOUR DE),43.60253,3.9164,Plein jour,En agglomération,Hors intersection,Normale,Autre collision,,,,,,,,,,,1,2,1,1.0,6.0
201000030295,0010-04-29 20:55:00,10,4,29,20,55,340,172,BLUM (RUE LEON),43.60903,3.89067,Nuit avec éclairage allumé,En agglomération,Intersection en X,Normale,Deux véhicules - côté,,,,,,,,,,,5,2,2,1.0,3.0
201000030296,0010-04-30 14:45:00,10,4,30,14,45,340,172,"805, MONTFERRAND VAL DE",43.63654,3.8736,Plein jour,En agglomération,Hors intersection,Normale,Deux véhicules - côté,,,,,,,,,,,1,2,1,1.0,3.0
201000030297,0010-05-01 11:15:00,10,5,1,11,15,340,172,LIBERTE (AVENUE DE LA,43.59709,3.8758,Plein jour,En agglomération,Hors intersection,Normale,Deux véhicules - arrière,,,,,,,,,,,1,2,1,1.0,2.0
201000030298,0010-05-03 09:00:00,10,5,3,9,0,340,172,"0, HUGO (BOULEVARD VICTO",43.60624,3.8774,Plein jour,En agglomération,Hors intersection,Normale,Deux véhicules - arrière,,,,,,,,,,,1,2,1,1.0,2.0
201000030299,0010-05-03 10:15:00,10,5,3,10,15,340,172,"33, ECOLE D'AGRICULTURE-",43.615,3.85679,Plein jour,En agglomération,Hors intersection,Normale,Deux véhicules - côté,,,,,,,,,,,1,2,1,1.0,3.0
201000030300,0010-05-04 19:50:00,10,5,4,19,50,340,172,"sans, MENDES FRANCE (AVE",43.60823,3.92718,Crépuscule ou aube,Hors agglomération,Hors intersection,Pluie légère,Autre collision,,,,,,,,,,,2,1,1,2.0,6.0
201000030301,0010-05-05 13:00:00,10,5,5,13,0,340,172,"., LYRE (ROND-POINT DE L",43.64128,3.84705,Plein jour,En agglomération,Giratoire,Temps couvert,Deux véhicules - côté,,,,,,,,,,,1,2,6,8.0,3.0
201000030302,0010-05-05 13:20:00,10,5,5,13,20,340,172,"., BLAYAC (RUE DU PROFES",43.62309,3.83182,Plein jour,En agglomération,Hors intersection,Normale,Deux véhicules - frontale,,,,,,,,,,,1,2,1,1.0,1.0
201000030303,0010-05-06 15:00:00,10,5,6,15,0,340,172,TOULOUSE (AVENUE DE,43.59733,3.86419,Plein jour,En agglomération,Intersection en X,Normale,Autre collision,,,,,,,,,,,1,2,2,1.0,6.0
201000030304,0010-05-07 02:05:00,10,5,7,2,5,340,129,CARNON (ROUTE DE  D21),43.58122,3.92869,Nuit sans éclairage public,Hors agglomération,Hors intersection,Normale,Sans collision,,,,,,,,,,,3,1,1,1.0,7.0
201000030305,0010-05-07 09:15:00,10,5,7,9,15,340,172,FLAHAULT (AVENUE CHARLES,43.61987,3.86523,Plein jour,En agglomération,Intersection en T,Normale,Deux véhicules - côté,,,,,,,,,,,1,2,3,1.0,3.0
201000030306,0010-05-09 05:50:00,10,5,9,5,50,340,129,"0, D116",43.56079,3.86648,Nuit sans éclairage public,Hors agglomération,Hors intersection,Temps couvert,Sans collision,,,,,,,,,,,3,1,1,8.0,7.0
201000030307,0010-05-10 12:05:00,10,5,10,12,5,340,172,"0, MONTEIL EGLISE (RUE)",43.57774,3.87564,Plein jour,En agglomération,Hors intersection,Normale,Deux véhicules - côté,,,,,,,,,,,1,2,1,1.0,3.0
201000030308,0010-05-10 18:45:00,10,5,10,18,45,340,172,JUSTICE DE CASTELNAU (AV,43.62726,3.8916,Plein jour,En agglomération,Hors intersection,Normale,Deux véhicules - frontale,,,,,,,,,,,1,2,1,1.0,1.0
201000030309,0010-05-11 17:20:00,10,5,11,17,20,340,129,"., PALAVAS D986 (ROUTE D",43.58598,3.89546,Plein jour,Hors agglomération,Hors intersection,Normale,Deux véhicules - arrière,,,,,,,,,,,1,1,1,1.0,2.0
201000030310,0010-05-12 13:00:00,10,5,12,13,0,340,172,"5, PAS DU LOUP (RUE DU",43.60099,3.85004,Plein jour,En agglomération,Hors intersection,Normale,Deux véhicules - arrière,,,,,,,,,,,1,2,1,1.0,2.0
201000030311,0010-05-12 17:20:00,10,5,12,17,20,340,172,GIBERT (PLACE AUGUSTE),43.60505,3.88077,Plein jour,En agglomération,Place,Normale,Deux véhicules - arrière,,,,,,,,,,,1,2,7,1.0,2.0
201000030312,0010-05-13 11:20:00,10,5,13,11,20,340,172,"934, MARELS (RUE DES)",43.61866,3.92099,Plein jour,En agglomération,Intersection en T,Normale,Autre collision,,,,,,,,,,,1,2,3,1.0,6.0
201000030313,0010-05-14 17:30:00,10,5,14,17,30,340,116,"63, CADUCEE (RUE DU)",43.64279,3.83497,Plein jour,En agglomération,Hors intersection,Pluie légère,Deux véhicules - côté,,,,,,,,,,,1,2,1,2.0,3.0
201000030314,0010-05-14 22:50:00,10,5,14,22,50,340,172,"sans, LAVERUNE (ROUTE DE",43.60417,3.85832,Nuit avec éclairage allumé,En agglomération,Intersection en X,Normale,Deux véhicules - frontale,,,,,,,,,,,5,2,2,1.0,1.0
201000030315,0010-05-16 17:15:00,10,5,16,17,15,340,172,"12, ARCEAUX (BOULEVARD D",43.61178,3.86584,Plein jour,En agglomération,Hors intersection,Normale,Autre collision,,,,,,,,,,,1,2,1,1.0,6.0
201000030316,0010-05-17 12:25:00,10,5,17,12,25,340,172,"sans, VANIERES (AVENUE D",43.59259,3.85222,Plein jour,En agglomération,Hors intersection,Normale,Deux véhicules - arrière,,,,,,,,,,,1,2,1,1.0,2.0
201000030317,0010-05-18 09:11:00,10,5,18,9,11,340,129,"., CARNON (ROUTE DE  D21",43.58442,3.92233,Plein jour,Hors agglomération,Hors intersection,Normale,Deux véhicules - arrière,,,,,,,,,,,1,1,1,1.0,2.0
201000030318,0010-05-19 12:15:00,10,5,19,12,15,340,172,LIBERTE (AVENUE DE LA,43.6101,3.83537,Plein jour,En agglomération,Hors intersection,Normale,Deux véhicules - frontale,,,,,,,,,,,1,2,1,1.0,1.0
201000030319,0010-05-20 07:15:00,10,5,20,7,15,340,172,BLAYAC (RUE DU PROFESSEU,43.62371,3.82979,Plein jour,En agglomération,Autre intersection,Normale,Deux véhicules - arrière,,,,,,,,,,,1,2,9,1.0,2.0
201000030320,0010-05-21 17:45:00,10,5,21,17,45,340,172,DEZEUZE (RUE FRANCOIS),,,Plein jour,En agglomération,Intersection en X,Normale,Deux véhicules - côté,,,,,,,,,,,1,2,2,1.0,3.0
201000030321,0010-05-21 10:40:00,10,5,21,10,40,340,172,"0, EUROPE (AVENUE DE L')",43.6269,3.82188,Plein jour,En agglomération,Intersection en X,Normale,Deux véhicules - côté,,,,,,,,,,,1,2,2,1.0,3.0
201000030322,0010-05-22 04:45:00,10,5,22,4,45,340,172,"153, SAINT CHARLES (AVEN",43.61745,3.87118,Nuit avec éclairage allumé,En agglomération,Hors intersection,Normale,Sans collision,,,,,,,,,,,5,2,1,1.0,7.0
201000030323,0010-05-22 09:54:00,10,5,22,9,54,340,172,"0, FOCH (RUE)",43.61082,3.8775,Plein jour,En agglomération,Hors intersection,Normale,Sans collision,,,,,,,,,,,1,2,1,1.0,7.0
201000030324,0010-05-22 17:50:00,10,5,22,17,50,340,172,"103, FAUBOURG DU COURREA",43.60835,3.8709,Plein jour,En agglomération,Hors intersection,Normale,Deux véhicules - arrière,,,,,,,,,,,1,2,1,1.0,2.0
201000030325,0010-05-23 07:00:00,10,5,23,7,0,340,172,ERNEST HEMINGWAY (AVENUE,43.63702,3.83199,Crépuscule ou aube,En agglomération,Hors intersection,Normale,Sans collision,,,,,,,,,,,2,2,1,1.0,7.0
201000030326,0010-05-24 13:45:00,10,5,24,13,45,340,129,PALAVAS D986 (ROUTE DE),43.54157,3.89691,Plein jour,En agglomération,Hors intersection,Normale,Deux véhicules - arrière,,,,,,,,,,,1,2,1,1.0,2.0
201000030327,0010-05-25 13:00:00,10,5,25,13,0,340,172,RIMBAUD (RUE PAUL),43.6163,3.83555,Plein jour,En agglomération,Hors intersection,Normale,Sans collision,,,,,,,,,,,1,2,1,1.0,7.0
201000030328,0010-05-25 17:20:00,10,5,25,17,20,340,172,"0, MADELEINE (RUE DE LA)",43.58249,3.86108,Plein jour,En agglomération,Hors intersection,Normale,Deux véhicules - côté,,,,,,,,,,,1,2,1,1.0,3.0
201000030329,0010-05-27 13:30:00,10,5,27,13,30,340,172,"26, BOLOGNE (RUE DE)",43.63058,3.82003,Plein jour,En agglomération,Hors intersection,Normale,Autre collision,,,,,,,,,,,1,2,1,1.0,6.0
201000030330,0010-05-27 18:30:00,10,5,27,18,30,340,172,GAMBETTA (COURS),43.60759,3.86984,Plein jour,En agglomération,Hors intersection,Normale,Deux véhicules - côté,,,,,,,,,,,1,2,1,1.0,3.0
201000030331,0010-05-27 19:35:00,10,5,27,19,35,340,172,"sans, TESTE MONSIEUR DE",43.60642,3.8371,Plein jour,En agglomération,Hors intersection,Normale,Deux véhicules - frontale,,,,,,,,,,,1,2,1,1.0,1.0
201000030332,0010-05-28 14:05:00,10,5,28,14,5,340,129,BRET (ROND-POINT PAUL-LO,43.57621,3.87364,Plein jour,En agglomération,Giratoire,Normale,Deux véhicules - côté,,,,,,,,,,,1,2,6,1.0,3.0
201000030333,0010-05-28 20:05:00,10,5,28,20,5,340,172,"274, VIEILLE POSTE (RUE",43.61783,3.91228,Plein jour,En agglomération,Hors intersection,Normale,Deux véhicules - frontale,,,,,,,,,,,1,2,1,1.0,1.0
201000030334,0010-05-29 10:20:00,10,5,29,10,20,340,172,"sans, EUROPE (AVENUE DE",43.62451,3.82056,Plein jour,En agglomération,Intersection en T,Normale,Deux véhicules - côté,,,,,,,,,,,1,2,3,1.0,3.0
201000030335,0010-05-29 17:15:00,10,5,29,17,15,340,172,GENES (RUE DE),43.64073,3.81386,Plein jour,En agglomération,Hors intersection,Normale,Deux véhicules - frontale,,,,,,,,,,,1,2,1,1.0,1.0
201000030336,0010-05-30 22:30:00,10,5,30,22,30,340,172,"sans, FABRE DE MORLHON (",,,Nuit avec éclairage allumé,En agglomération,Hors intersection,Normale,Sans collision,,,,,,,,,,,5,2,1,1.0,7.0
201000030337,0010-05-31 09:00:00,10,5,31,9,0,340,172,EUROPE (AVENUE DE L'),43.64185,3.81968,Plein jour,En agglomération,Hors intersection,Normale,Autre collision,,,,,,,,,,,1,2,1,1.0,6.0
201000030338,0010-05-31 19:00:00,10,5,31,19,0,340,172,"0, VIEILLE POSTE (RUE DE",43.61501,3.90818,Plein jour,En agglomération,Intersection en T,Normale,Deux véhicules - frontale,,,,,,,,,,,1,2,3,1.0,1.0
201000030339,0010-06-02 07:00:00,10,6,2,7,0,340,172,"0, INDUSTRIE (RUE DE L')",43.5854,3.88209,Plein jour,En agglomération,Intersection en X,Normale,Autre collision,,,,,,,,,,,1,2,2,1.0,6.0
201000030340,0010-06-02 16:54:00,10,6,2,16,54,340,172,"sans, PAVELET (AVENUE DU",43.57965,3.86929,Plein jour,En agglomération,Hors intersection,Normale,Deux véhicules - arrière,,,,,,,,,,,1,2,1,1.0,2.0
201000030341,0010-06-03 18:40:00,10,6,3,18,40,340,172,"2211, SOULAS (AVENUE DU",43.62843,3.84577,Plein jour,En agglomération,Hors intersection,Normale,Deux véhicules - côté,,,,,,,,,,,1,2,1,1.0,3.0
201000030342,0010-06-04 18:10:00,10,6,4,18,10,340,172,PALAVAS (AVENUE DE),43.59083,3.89023,Plein jour,En agglomération,Hors intersection,Normale,Autre collision,,,,,,,,,,,1,2,1,1.0,6.0
201000030343,0010-06-05 15:00:00,10,6,5,15,0,340,172,"938, SOULAS (AVENUE DU P",43.62099,3.85721,Plein jour,En agglomération,Hors intersection,Normale,Deux véhicules - arrière,,,,,,,,,,,1,2,1,1.0,2.0
201000030344,0010-06-07 17:30:00,10,6,7,17,30,340,198,D66  VOIE RAPIDE,43.60659,3.93344,Plein jour,Hors agglomération,Hors intersection,Normale,Sans collision,,,,,,,,,,,1,1,1,1.0,7.0
201000030345,0010-06-08 13:10:00,10,6,8,13,10,340,172,"0, EUROPE (AVENUE DE L')",43.62017,3.81796,Plein jour,En agglomération,Hors intersection,Temps couvert,Sans collision,,,,,,,,,,,1,2,1,8.0,7.0
201000030346,0010-06-08 12:10:00,10,6,8,12,10,340,172,"0, ROME (AVENUE DE)",43.64269,3.8203,Plein jour,En agglomération,Intersection en T,Normale,Sans collision,,,,,,,,,,,1,2,3,1.0,7.0
201000030347,0010-06-09 08:35:00,10,6,9,8,35,340,129,"0, BOIRARGUES (AVENUE DE",43.34785,3.55038,Plein jour,Hors agglomération,Hors intersection,Temps couvert,Sans collision,,,,,,,,,,,1,1,1,8.0,7.0
201000030348,0010-06-09 18:00:00,10,6,9,18,0,340,172,RIMBAUD (RUE PAUL),43.61833,3.84274,Plein jour,En agglomération,Hors intersection,Normale,Deux véhicules - côté,,,,,,,,,,,1,2,1,1.0,3.0
201000030349,0010-06-10 09:30:00,10,6,10,9,30,340,172,SAINT LAZARE (AVENUE DE),43.37159,3.53197,Plein jour,En agglomération,Intersection en T,Temps couvert,Sans collision,,,,,,,,,,,1,2,3,8.0,7.0
201000030350,0010-06-10 13:10:00,10,6,10,13,10,340,172,SAINT LOUIS (RUE),43.3666,3.51997,Plein jour,En agglomération,Intersection en X,Pluie légère,Deux véhicules - côté,,,,,,,,,,,1,2,2,2.0,3.0
201000030351,0010-06-11 03:20:00,10,6,11,3,20,340,172,PUECH VILLA (RUE DE),43.64144,3.83489,Nuit avec éclairage allumé,En agglomération,Hors intersection,Normale,Sans collision,,,,,,,,,,,5,2,1,1.0,7.0
201000030352,0010-06-11 12:30:00,10,6,11,12,30,340,172,"34, GAMBETTA (COURS)",43.60612,3.8728,Plein jour,En agglomération,Hors intersection,Temps couvert,Autre collision,,,,,,,,,,,1,2,1,8.0,6.0
201000030353,0010-06-11 13:55:00,10,6,11,13,55,340,172,RHODES (RUE DE),43.3652,3.53808,Plein jour,En agglomération,Hors intersection,Pluie légère,Sans collision,,,,,,,,,,,1,2,1,2.0,7.0
201000030354,0010-06-11 19:15:00,10,6,11,19,15,340,129,D132,43.34342,3.53659,Plein jour,En agglomération,Hors intersection,Normale,Autre collision,,,,,,,,,,,1,2,1,1.0,6.0
201000030355,0010-06-11 20:00:00,10,6,11,20,0,340,172,LIBERTE (AVENUE DE LA,43.6091,3.85875,Plein jour,En agglomération,Hors intersection,Temps couvert,Autre collision,,,,,,,,,,,1,2,1,8.0,6.0
201000030356,0010-06-03 10:00:00,10,6,3,10,0,340,172,"33, ECOLE D'AGRICULTURE-",43.61483,3.85712,Plein jour,En agglomération,Hors intersection,Normale,Deux véhicules - côté,,,,,,,,,,,1,2,1,1.0,3.0
201000030357,0010-06-13 18:15:00,10,6,13,18,15,340,172,"0, NIMES (AVENUE DE)",43.3716,3.53277,Plein jour,En agglomération,Intersection en T,Temps couvert,Deux véhicules - côté,,,,,,,,,,,1,2,3,8.0,3.0
201000030358,0010-06-12 14:40:00,10,6,12,14,40,340,172,"4, BAUMES (RUE)",43.36643,3.52044,Plein jour,En agglomération,Hors intersection,Normale,Autre collision,,,,,,,,,,,1,2,1,1.0,6.0
201000030359,0010-06-14 17:45:00,10,6,14,17,45,340,172,PONT DE LATTES (RUE DU),43.60456,3.88351,Plein jour,En agglomération,Hors intersection,Temps couvert,Autre collision,,,,,,,,,,,1,2,1,8.0,6.0
201000030360,0010-06-14 20:20:00,10,6,14,20,20,340,172,HUIT MAI 1945 (PLACE DU),43.36063,3.5209,Plein jour,En agglomération,Intersection en X,Normale,Deux véhicules - côté,,,,,,,,,,,1,2,2,1.0,3.0
201000030361,0010-06-14 09:20:00,10,6,14,9,20,340,172,"0, SAINT LOUIS (RUE)",43.3621,3.51997,Plein jour,En agglomération,Intersection en X,Temps couvert,Deux véhicules - côté,,,,,,,,,,,1,2,2,8.0,3.0
201000030362,0010-06-15 10:25:00,10,6,15,10,25,340,172,"62, ECOLE D'AGRICULTURE-",43.36922,3.51391,Plein jour,En agglomération,Hors intersection,Pluie légère,Deux véhicules - arrière,,,,,,,,,,,1,2,1,2.0,2.0
201000030363,0010-06-15 15:45:00,10,6,15,15,45,340,129,D116,43.33745,3.52043,Plein jour,En agglomération,Hors intersection,Normale,Autre collision,,,,,,,,,,,1,2,1,1.0,6.0
201000030364,0010-06-15 22:10:00,10,6,15,22,10,340,172,"SANS, LODEVE (AVENUE DE",43.61046,3.85704,Nuit avec éclairage allumé,En agglomération,Hors intersection,Pluie légère,Autre collision,,,,,,,,,,,5,2,1,2.0,6.0
201000030365,0010-06-16 19:15:00,10,6,16,19,15,340,129,EUROPE (PLACE DE L'),43.34267,3.54297,Plein jour,En agglomération,Hors intersection,Normale,Deux véhicules - côté,,,,,,,,,,,1,2,1,1.0,3.0
201000030366,0010-06-17 13:15:00,10,6,17,13,15,340,129,FONTVIN ROND POINT DE LA,43.34569,3.54729,Plein jour,En agglomération,Hors intersection,Normale,Autre collision,,,,,,,,,,,1,2,1,1.0,6.0
201000030367,0010-06-20 13:30:00,10,6,20,13,30,340,172,"24, ARAUCARIAS (RUE DES)",43.36931,3.50308,Plein jour,En agglomération,Hors intersection,Normale,Autre collision,,,,,,,,,,,1,2,1,1.0,6.0
201000030368,0010-06-21 13:00:00,10,6,21,13,0,340,172,MONTPELLIER (AVENUE MARI,43.36052,3.53866,Plein jour,En agglomération,Hors intersection,Normale,Autre collision,,,,,,,,,,,1,2,1,1.0,6.0
201000030369,0010-06-22 19:45:00,10,6,22,19,45,340,172,"31, CHASSEURS (RUE DES)",43.36152,3.51355,Plein jour,En agglomération,Hors intersection,Normale,Deux véhicules - côté,,,,,,,,,,,1,2,1,1.0,3.0
201000030370,0010-06-22 22:30:00,10,6,22,22,30,340,172,"45, ESCULAPE (RUE)",43.62189,3.85324,Nuit avec éclairage allumé,En agglomération,Hors intersection,Normale,Deux véhicules - côté,,,,,,,,,,,5,2,1,1.0,3.0
201000030371,0010-06-23 02:15:00,10,6,23,2,15,340,172,"SANS, MENDES FRANCE (AVE",43.60895,3.91132,Nuit avec éclairage allumé,En agglomération,Hors intersection,Normale,Autre collision,,,,,,,,,,,5,2,1,1.0,6.0
201000030372,0010-06-23 15:30:00,10,6,23,15,30,340,172,BOUSCHET DE BERNARD (PLA,43.36361,3.52038,Plein jour,En agglomération,Intersection en X,Normale,Deux véhicules - côté,,,,,,,,,,,1,2,2,1.0,3.0
201000030373,0010-06-24 14:50:00,10,6,24,14,50,340,172,"113, CHAMPLAIN (AVENUE S",43.3642,3.5341,Plein jour,En agglomération,Hors intersection,Normale,Sans collision,,,,,,,,,,,1,2,1,1.0,7.0
201000030374,0010-06-24 17:35:00,10,6,24,17,35,340,129,"0, D132",43.33607,3.55435,Plein jour,Hors agglomération,Hors intersection,Normale,Deux véhicules - côté,,,,,,,,,,,1,1,1,1.0,3.0
201000030375,0010-06-25 03:20:00,10,6,25,3,20,340,172,"481, LODEVE (AVENUE DE",43.61408,3.83791,Nuit avec éclairage allumé,En agglomération,Hors intersection,Normale,Sans collision,,,,,,,,,,,5,2,1,1.0,7.0
201000030376,0010-06-26 20:10:00,10,6,26,20,10,340,129,"sans, PALAVAS D986 (ROUT",43.5672,3.89465,Plein jour,Hors agglomération,Hors intersection,Normale,Sans collision,,,,,,,,,,,1,1,1,1.0,7.0
201000030377,0010-06-27 04:00:00,10,6,27,4,0,340,172,"SANS, TOULOUSE (AVENUE D",43.35844,3.5185,Nuit avec éclairage allumé,En agglomération,Intersection en X,Normale,Deux véhicules - côté,,,,,,,,,,,5,2,2,1.0,3.0
201000030378,0010-06-28 03:15:00,10,6,28,3,15,340,172,"1218, SOULAS (AVENUE DU",43.3735,3.51252,Nuit avec éclairage allumé,En agglomération,Hors intersection,Normale,Autre collision,,,,,,,,,,,5,2,1,1.0,6.0
201000030379,0010-06-29 17:45:00,10,6,29,17,45,340,172,"2650, MAURIN (AVENUE DE",43.34863,3.5236,Plein jour,En agglomération,Hors intersection,Normale,Deux véhicules - côté,,,,,,,,,,,1,2,1,1.0,3.0
201000030380,0010-07-01 08:15:00,10,7,1,8,15,340,172,88   GAMBETTA (COURS),43.60901,3.86718,Plein jour,En agglomération,Hors intersection,Normale,Autre collision,,,,,,,,,,,1,2,1,1.0,6.0
201000030381,0010-07-01 15:10:00,10,7,1,15,10,340,172,"1125, MOULARES (CHEMIN D",,,Plein jour,En agglomération,Hors intersection,Normale,Sans collision,,,,,,,,,,,1,2,1,1.0,7.0
201000030382,0010-07-02 17:15:00,10,7,2,17,15,340,172,"38,  CHATEAU D'O (AVENUE",43.37092,3.50647,Plein jour,En agglomération,Hors intersection,Normale,Sans collision,,,,,,,,,,,1,2,1,1.0,7.0
201000030383,0010-07-02 09:00:00,10,7,2,9,0,340,129,D21 E1,43.34567,3.56038,Plein jour,Hors agglomération,Hors intersection,Normale,Deux véhicules - côté,,,,,,,,,,,1,1,1,1.0,3.0
201000030384,0010-07-03 17:15:00,10,7,3,17,15,340,172,PLACE FLANDRES-DUNKERQUE,43.59052,3.8571,Plein jour,En agglomération,Giratoire,Normale,Deux véhicules - arrière,,,,,,,,,,,1,2,6,1.0,2.0
201000030385,0010-07-04 04:45:00,10,7,4,4,45,340,172,PAVELET (AVENUE DU COLON,43.58229,3.86337,Nuit avec éclairage allumé,En agglomération,Hors intersection,Normale,Autre collision,,,,,,,,,,,5,2,1,1.0,6.0