accident_id,datetime,annee,mois,jour,heure,minute,departement,commune_insee,adresse,latitude,longitude,luminosite,agglomeration,intersection,meteo,collision,nb_vehicules,nb_usagers,nb_indemnes,nb_tues,nb_blesses_hosp,nb_blesses_legers,age_cond_1,age_cond_2,veh_type_cond_1,veh_type_cond_2,lum_code,agg_code,int_code,atm_code,col_code
201000030856,0010-03-06 14:57:00,10,3,6,14,57,350,281,"00, CLAUDEL (COURS CAMIL",,,Plein jour,En agglomération,Hors intersection,Normale,Sans collision,,,,,,,,,,,1,2,1,1.0,7.0
201000030857,0010-03-07 06:40:00,10,3,7,6,40,350,278,"00, RD 82",,,Nuit sans éclairage public,Hors agglomération,Hors intersection,Normale,Sans collision,,,,,,,,,,,3,1,1,1.0,7.0
201000030858,0010-03-08 17:30:00,10,3,8,17,30,350,238,"32, CHATILLON (DE)",,,Plein jour,En agglomération,Intersection en T,Normale,Deux véhicules - côté,,,,,,,,,,,1,2,3,1.0,3.0
201000030859,0010-03-08 18:00:00,10,3,8,18,0,350,238,"205, SAINTE-FOIX (LIEU-D",,,Plein jour,En agglomération,Hors intersection,Temps éblouissant,Autre collision,,,,,,,,,,,1,2,1,7.0,6.0
201000030860,0010-03-08 19:03:00,10,3,8,19,3,350,238,"00, FREVILLE (AVENUE HEN",,,Plein jour,En agglomération,Giratoire,Normale,Deux véhicules - arrière,,,,,,,,,,,1,2,6,1.0,2.0
201000030861,0010-03-09 09:00:00,10,3,9,9,0,350,238,"00, ROCADE 8-9",,,Plein jour,Hors agglomération,Hors intersection,Normale,Trois véhicules et plus - en chaîne,,,,,,,,,,,1,1,1,1.0,4.0
201000030862,0010-03-09 20:10:00,10,3,9,20,10,350,238,"00, PORTUGAL (BD DU)",,,Nuit avec éclairage allumé,En agglomération,Intersection en X,Normale,Deux véhicules - côté,,,,,,,,,,,5,2,2,1.0,3.0
201000030863,0010-03-09 08:07:00,10,3,9,8,7,350,238,"00, BUTTES DE COESMES (A",,,Plein jour,En agglomération,Hors intersection,Normale,Sans collision,,,,,,,,,,,1,2,1,1.0,7.0
201000030864,0010-03-10 07:45:00,10,3,10,7,45,350,238,"00, PATTON (AVENUE DU GE",,,Plein jour,En agglomération,Intersection en X,Normale,Autre collision,,,,,,,,,,,1,2,2,1.0,6.0
201000030865,0010-03-10 08:05:00,10,3,10,8,5,350,238,"19, PREVALAYE (QUAI DE L",,,Plein jour,En agglomération,Intersection en T,Normale,Autre collision,,,,,,,,,,,1,2,3,1.0,6.0
201000030866,0010-03-10 23:35:00,10,3,10,23,35,350,278,"00, RD 29",,,Nuit sans éclairage public,Hors agglomération,Hors intersection,Normale,Sans collision,,,,,,,,,,,3,1,1,1.0,7.0
201000030867,0010-03-11 09:00:00,10,3,11,9,0,350,238,"147, POTTIER (EUGENE)",,,Plein jour,En agglomération,Hors intersection,Normale,Autre collision,,,,,,,,,,,1,2,1,1.0,6.0
201000030868,0010-03-13 10:00:00,10,3,13,10,0,350,238,"20/22, SAINT-HELIER",,,Plein jour,En agglomération,Intersection en X,Temps éblouissant,Deux véhicules - côté,,,,,,,,,,,1,2,2,7.0,3.0
201000030869,0010-03-13 17:30:00,10,3,13,17,30,350,238,"47, ALMA (DE L')",,,Plein jour,En agglomération,Hors intersection,Normale,Autre collision,,,,,,,,,,,1,2,1,1.0,6.0
201000030870,0010-03-14 05:10:00,10,3,14,5,10,350,281,"00, PORTE DE ST NAZAIRE",,,Nuit sans éclairage public,En agglomération,Intersection en Y,Normale,Sans collision,,,,,,,,,,,3,2,4,1.0,7.0
201000030871,0010-03-15 12:15:00,10,3,15,12,15,350,238,"122, ANTRAIN (D') DE 43",,,Plein jour,En agglomération,Intersection en Y,Normale,Autre collision,,,,,,,,,,,1,2,4,1.0,6.0
201000030872,0010-03-15 13:45:00,10,3,15,13,45,350,238,"120 bis, ALMA (DE L')",,,Plein jour,En agglomération,Hors intersection,Normale,Trois véhicules et plus - en chaîne,,,,,,,,,,,1,2,1,1.0,4.0
201000030873,0010-03-15 14:35:00,10,3,15,14,35,350,238,"00, BERNARD (CLAUDE)",,,Plein jour,En agglomération,Intersection en X,Normale,Deux véhicules - côté,,,,,,,,,,,1,2,2,1.0,3.0
201000030874,0010-03-15 07:55:00,10,3,15,7,55,350,281,"43, TEMPLE-DE-BLOSNE (RU",,,Plein jour,En agglomération,Autre intersection,Normale,Deux véhicules - côté,,,,,,,,,,,1,2,9,1.0,3.0
201000030875,0010-03-16 11:10:00,10,3,16,11,10,350,238,"00, FEVAL (PAUL)",,,Plein jour,En agglomération,Hors intersection,Normale,Autre collision,,,,,,,,,,,1,2,1,1.0,6.0
201000030876,0010-03-17 10:10:00,10,3,17,10,10,350,238,"14, MAGINOT (AVENUE SERG",,,Plein jour,En agglomération,Hors intersection,Temps éblouissant,Deux véhicules - côté,,,,,,,,,,,1,2,1,7.0,3.0
201000030877,0010-03-17 11:40:00,10,3,17,11,40,350,238,"16, LIBERTE (BD DE LA)",,,Plein jour,En agglomération,Intersection en X,Normale,Deux véhicules - arrière,,,,,,,,,,,1,2,2,1.0,2.0
201000030878,0010-03-18 12:10:00,10,3,18,12,10,350,238,"00, BREQUIGNY (DE)",,,Plein jour,En agglomération,Autre intersection,Normale,Deux véhicules - arrière,,,,,,,,,,,1,2,9,1.0,2.0
201000030879,0010-03-19 13:50:00,10,3,19,13,50,350,281,"00, DODIN (AVENUE ROGER)",,,Plein jour,En agglomération,Giratoire,Normale,Deux véhicules - arrière,,,,,,,,,,,1,2,6,1.0,2.0
201000030880,0010-03-20 23:05:00,10,3,20,23,5,350,238,"00, LIBERTE (BD DE LA)",,,Nuit avec éclairage allumé,En agglomération,Intersection en X,Normale,Deux véhicules - côté,,,,,,,,,,,5,2,2,1.0,3.0
201000030881,0010-03-21 00:50:00,10,3,21,0,50,350,238,"00, JANVIER (AVENUE JEAN",,,Nuit avec éclairage allumé,En agglomération,Intersection en X,Normale,Autre collision,,,,,,,,,,,5,2,2,1.0,6.0
201000030882,0010-03-21 12:30:00,10,3,21,12,30,350,238,"00, VAU SAINT-GERMAIN (D",,,Plein jour,En agglomération,Intersection en X,Normale,Deux véhicules - côté,,,,,,,,,,,1,2,2,1.0,3.0
201000030883,0010-03-22 16:05:00,10,3,22,16,5,350,238,"00, SAINT-CAST (QUAI)",,,Plein jour,En agglomération,Hors intersection,Normale,Sans collision,,,,,,,,,,,1,2,1,1.0,7.0
201000030884,0010-03-22 19:25:00,10,3,22,19,25,350,238,"00, BEAUMONT (BD DE)",,,Nuit avec éclairage allumé,En agglomération,Autre intersection,Normale,Deux véhicules - côté,,,,,,,,,,,5,2,9,1.0,3.0
201000030885,0010-03-23 12:25:00,10,3,23,12,25,350,238,"00, CRESTON (RENE-YVES)",,,Plein jour,En agglomération,Intersection en T,Normale,Autre collision,,,,,,,,,,,1,2,3,1.0,6.0
201000030886,0010-03-24 10:15:00,10,3,24,10,15,350,238,"00, TOURAUDAIS (AVENUE D",,,Plein jour,En agglomération,Autre intersection,Pluie légère,Deux véhicules - côté,,,,,,,,,,,1,2,9,2.0,3.0
201000030887,0010-03-24 13:45:00,10,3,24,13,45,350,238,"00, ROCADE 8-9",,,Plein jour,Hors agglomération,Hors intersection,Normale,Deux véhicules - côté,,,,,,,,,,,1,1,1,1.0,3.0
201000030888,0010-03-24 14:45:00,10,3,24,14,45,350,238,"00, ROCADE 7-8",,,Plein jour,Hors agglomération,Autre intersection,Temps couvert,Deux véhicules - côté,,,,,,,,,,,1,1,9,8.0,3.0
201000030889,0010-03-25 08:49:00,10,3,25,8,49,350,281,"17, PILATE (RUE DE LA)",,,Plein jour,En agglomération,Hors intersection,Pluie légère,Autre collision,,,,,,,,,,,1,2,1,2.0,6.0
201000030890,0010-03-25 10:50:00,10,3,25,10,50,350,238,VOLTAIRE (BD),,,Plein jour,En agglomération,Intersection en T,Normale,Autre collision,,,,,,,,,,,1,2,3,1.0,6.0
201000030891,0010-03-26 15:20:00,10,3,26,15,20,350,238,"00, PORTE DE BREST",,,Plein jour,Hors agglomération,Autre intersection,Normale,Deux véhicules - arrière,,,,,,,,,,,1,1,9,1.0,2.0
201000030892,0010-03-27 01:50:00,10,3,27,1,50,350,238,"00, PORTUGAL (BD DU)",,,Nuit avec éclairage allumé,En agglomération,Intersection en X,Pluie légère,Sans collision,,,,,,,,,,,5,2,2,2.0,7.0
201000030893,0010-04-03 09:25:00,10,4,3,9,25,350,238,FOUGÈRES/METZ,48.1218,-1.66273,Plein jour,En agglomération,Intersection en X,Normale,Deux véhicules - arrière,,,,,,,,,,,1,2,2,1.0,2.0
201000030894,0010-04-06 11:05:00,10,4,6,11,5,350,238,3 SQUARE DES GRISONS,48.087,-1.66186,Plein jour,En agglomération,Hors intersection,Normale,Autre collision,,,,,,,,,,,1,2,1,1.0,6.0
201000030895,0010-04-06 14:05:00,10,4,6,14,5,350,238,6 PLACE SAINT-GERMAIN,48.1108,-1.67597,Plein jour,En agglomération,Hors intersection,Normale,Autre collision,,,,,,,,,,,1,2,1,1.0,6.0
201000030896,0010-04-06 22:25:00,10,4,6,22,25,350,238,SAINT-HÉLIER/J.JANVIER,48.1079,-1.67353,Nuit avec éclairage allumé,En agglomération,Intersection en X,Normale,Deux véhicules - côté,,,,,,,,,,,5,2,2,1.0,3.0
201000030897,0010-04-09 03:10:00,10,4,9,3,10,350,238,SQUARE L.ARMAND,48.1037,-1.66239,Nuit sans éclairage public,En agglomération,Hors intersection,Normale,Autre collision,,,,,,,,,,,3,2,1,1.0,6.0
201000030898,0010-04-09 10:00:00,10,4,9,10,0,350,238,AVENUE DE ROCHESTER,48.1277,-1.655,Plein jour,En agglomération,Hors intersection,Normale,Deux véhicules - côté,,,,,,,,,,,1,2,1,1.0,3.0
201000030899,0010-04-09 11:00:00,10,4,9,11,0,350,55,"00, LOGES (RUE DES)",,,Plein jour,En agglomération,Hors intersection,Normale,Trois véhicules et plus - en chaîne,,,,,,,,,,,1,2,1,1.0,4.0
201000030900,0010-04-09 22:30:00,10,4,9,22,30,350,238,A.GUÉRIN/STRASBOURG,48.1099,-1.65549,Nuit avec éclairage allumé,En agglomération,Intersection en X,Normale,Deux véhicules - côté,,,,,,,,,,,5,2,2,1.0,3.0
201000030901,0010-04-10 06:50:00,10,4,10,6,50,350,238,CH^TEAUBRIANT/PASTEUR,48.1102,-1.67414,Plein jour,En agglomération,Intersection en X,Normale,Sans collision,,,,,,,,,,,1,2,2,1.0,7.0
201000030902,0010-04-10 13:10:00,10,4,10,13,10,350,238,RUE E.TURQUETY,48.1051,-1.69482,Plein jour,En agglomération,Hors intersection,Normale,Deux véhicules - côté,,,,,,,,,,,1,2,1,1.0,3.0
201000030903,0010-04-15 12:30:00,10,4,15,12,30,350,238,21 COURS KENNEDY,48.1214,-1.70935,Plein jour,En agglomération,Hors intersection,Normale,Autre collision,,,,,,,,,,,1,2,1,1.0,6.0
201000030904,0010-04-15 22:15:00,10,4,15,22,15,350,238,PORTE DE BREST,48.1217,-1.71973,Nuit avec éclairage non allumé,En agglomération,Intersection en Y,Normale,Autre collision,,,,,,,,,,,4,2,4,1.0,6.0
201000030905,0010-04-16 00:35:00,10,4,16,0,35,350,278,"00, RN 137",,,Nuit sans éclairage public,Hors agglomération,Hors intersection,Normale,Sans collision,,,,,,,,,,,3,1,1,1.0,7.0
201000030906,0010-04-16 09:15:00,10,4,16,9,15,350,55,"00, RD 463",,,Plein jour,En agglomération,Intersection en Y,Normale,Autre collision,,,,,,,,,,,1,2,4,1.0,6.0
201000030907,0010-04-17 06:25:00,10,4,17,6,25,350,238,AVENUE DU BOIS LABBÉ,48.1255,-1.70309,Crépuscule ou aube,En agglomération,Hors intersection,Normale,Sans collision,,,,,,,,,,,2,2,1,1.0,7.0
201000030908,0010-04-19 16:00:00,10,4,19,16,0,350,238,SAINT-HÉLIER/LAËNNEC,48.1057,-1.66601,Plein jour,En agglomération,Intersection à plus de 4 branches,Normale,Deux véhicules - côté,,,,,,,,,,,1,2,5,1.0,3.0
201000030909,0010-04-20 21:15:00,10,4,20,21,15,350,238,CHEMIN RURAL N°72,48.092,-1.74227,Nuit sans éclairage public,En agglomération,Hors intersection,Normale,Deux véhicules - frontale,,,,,,,,,,,3,2,1,1.0,1.0
201000030910,0010-04-20 13:50:00,10,4,20,13,50,350,238,RUE DES VEYETTES,,,Plein jour,En agglomération,Hors intersection,Normale,Autre collision,,,,,,,,,,,1,2,1,1.0,6.0
201000030911,0010-04-21 19:00:00,10,4,21,19,0,350,55,"00, RD 463",,,Plein jour,En agglomération,Intersection en Y,Normale,Deux véhicules - arrière,,,,,,,,,,,1,2,4,1.0,2.0
201000030912,0010-04-24 17:58:00,10,4,24,17,58,350,238,8 QUAI ROBINOT DE SAINT-,48.1052,-1.7181,Plein jour,En agglomération,Hors intersection,Normale,Sans collision,,,,,,,,,,,1,2,1,1.0,7.0
201000030913,0010-04-25 00:25:00,10,4,25,0,25,350,238,69 BD DE LA TOUR D'AUVER,48.1026,-1.68432,Nuit avec éclairage allumé,En agglomération,Hors intersection,Normale,Autre collision,,,,,,,,,,,5,2,1,1.0,6.0
201000030914,0010-04-25 22:00:00,10,4,25,22,0,350,238,57 BOULEVARD DE VITRÉ,48.1186,-1.64973,Nuit avec éclairage allumé,En agglomération,Hors intersection,Normale,Deux véhicules - arrière,,,,,,,,,,,5,2,1,1.0,2.0
201000030915,0010-04-26 21:55:00,10,4,26,21,55,350,278,,,,Nuit sans éclairage public,En agglomération,Autre intersection,Normale,Deux véhicules - arrière,,,,,,,,,,,3,2,9,1.0,2.0
201000030916,0010-04-27 15:45:00,10,4,27,15,45,350,238,PORTE DE BRÉQUIGNY,48.084,-1.69874,Plein jour,En agglomération,Intersection à plus de 4 branches,Normale,Deux véhicules - arrière,,,,,,,,,,,1,2,5,1.0,2.0
201000030917,0010-04-29 10:55:00,10,4,29,10,55,350,238,RUE T.MALMANCHE,48.1289,-1.63434,Plein jour,En agglomération,Hors intersection,Normale,Deux véhicules - côté,,,,,,,,,,,1,2,1,1.0,3.0
201000030918,0010-04-30 17:10:00,10,4,30,17,10,350,238,LA TOUR D'AUVERGNE/PUITS,48.1055,-1.68454,Plein jour,En agglomération,Intersection en X,Normale,Deux véhicules - côté,,,,,,,,,,,1,2,2,1.0,3.0
201000030919,0010-04-30 18:20:00,10,4,30,18,20,350,238,245 RUE DE SAINT MALO,48.1313,-1.69026,Plein jour,En agglomération,Hors intersection,Normale,Deux véhicules - côté,,,,,,,,,,,1,2,1,1.0,3.0
201000030920,0010-05-01 23:30:00,10,5,1,23,30,350,238,H.FRÉVILLE/UKRAINE,48.0837,-1.67516,Nuit avec éclairage allumé,En agglomération,Intersection en X,Pluie légère,Deux véhicules - côté,,,,,,,,,,,5,2,2,2.0,3.0
201000030921,0010-05-02 03:50:00,10,5,2,3,50,350,238,CHEMIN RURAL N° 72 DU MO,48.0919,-1.74322,Nuit sans éclairage public,En agglomération,Hors intersection,Pluie légère,Autre collision,,,,,,,,,,,3,2,1,2.0,6.0
201000030922,0010-05-03 01:29:00,10,5,3,1,29,350,238,85 BOULEVARD G.CLÉMENCEA,48.094,-1.67828,Nuit avec éclairage allumé,En agglomération,Hors intersection,Normale,Sans collision,,,,,,,,,,,5,2,1,1.0,7.0
201000030923,0010-05-03 18:15:00,10,5,3,18,15,350,238,SAINT-HÉLIER/P.MARTIN,48.1035,-1.66269,Plein jour,En agglomération,Intersection en X,Normale,Deux véhicules - côté,,,,,,,,,,,1,2,2,1.0,3.0
201000030924,0010-05-04 07:30:00,10,5,4,7,30,350,238,CHEMIN RURAL N°72 DU MOU,48.0919,-1.74322,Plein jour,En agglomération,Hors intersection,Normale,Trois véhicules et plus - collisions multiples,,,,,,,,,,,1,2,1,1.0,5.0
201000030925,0010-05-04 08:30:00,10,5,4,8,30,350,278,"00, RN 137",,,Plein jour,En agglomération,Hors intersection,Normale,Trois véhicules et plus - en chaîne,,,,,,,,,,,1,2,1,1.0,4.0
201000030926,0010-05-04 14:35:00,10,5,4,14,35,350,238,"00, RN 137",,,Plein jour,En agglomération,Autre intersection,Normale,Deux véhicules - arrière,,,,,,,,,,,1,2,9,1.0,2.0
201000030927,0010-05-06 12:10:00,10,5,6,12,10,350,238,21 RUE SÉINT-HÉLIER,48.107,-1.67098,Plein jour,En agglomération,Hors intersection,Normale,Deux véhicules - côté,,,,,,,,,,,1,2,1,1.0,3.0
201000030928,0010-05-06 13:18:00,10,5,6,13,18,350,238,280 RUE DE FOUGÈRES,48.1292,-1.6447,Plein jour,En agglomération,Hors intersection,Normale,Sans collision,,,,,,,,,,,1,2,1,1.0,7.0
201000030929,0010-05-07 00:30:00,10,5,7,0,30,350,238,13 RUE D'ANTRAIN,48.1153,-1.67908,Nuit avec éclairage allumé,En agglomération,Hors intersection,Normale,Autre collision,,,,,,,,,,,5,2,1,1.0,6.0
201000030930,0010-05-07 19:50:00,10,5,7,19,50,350,238,YSER/H.FRÉVILLE,48.0921,-1.67485,Plein jour,En agglomération,Intersection en X,Normale,Deux véhicules - côté,,,,,,,,,,,1,2,2,1.0,3.0
201000030931,0010-05-07 20:30:00,10,5,7,20,30,350,238,51 BOULEVARD VOLTAIRE,48.1051,-1.69796,Plein jour,En agglomération,Hors intersection,Normale,Autre collision,,,,,,,,,,,1,2,1,1.0,6.0
201000030932,0010-05-09 16:40:00,10,5,9,16,40,350,238,21 BOULEVARD DU COLOMBIE,48.1024,-1.67955,Plein jour,En agglomération,Hors intersection,Normale,Deux véhicules - côté,,,,,,,,,,,1,2,1,1.0,3.0
201000030933,0010-05-09 20:20:00,10,5,9,20,20,350,281,"00, RD 837",,,Plein jour,En agglomération,Intersection en X,Normale,Deux véhicules - arrière,,,,,,,,,,,1,2,2,1.0,2.0
201000030934,0010-05-10 07:55:00,10,5,10,7,55,350,281,"00, TEMPLE-DE-BLOSNE (RU",,,Plein jour,En agglomération,Giratoire,Pluie légère,Deux véhicules - arrière,,,,,,,,,,,1,2,6,2.0,2.0
201000030935,0010-05-10 11:09:00,10,5,10,11,9,350,238,L.VOLCLAIR/R.CHEVRIER,48.0884,-1.66918,Plein jour,En agglomération,Intersection en X,Normale,Deux véhicules - côté,,,,,,,,,,,1,2,2,1.0,3.0
201000030936,0010-05-10 17:00:00,10,5,10,17,0,350,238,G.HERVÉ/CHÂTILLON,48.0906,-1.67215,Plein jour,En agglomération,Intersection en X,Pluie forte,Deux véhicules - côté,,,,,,,,,,,1,2,2,3.0,3.0
201000030937,0010-05-11 10:00:00,10,5,11,10,0,350,238,P.HENRY/HUET,48.1224,-1.70037,Plein jour,En agglomération,Intersection en T,Temps couvert,Deux véhicules - côté,,,,,,,,,,,1,2,3,8.0,3.0
201000030938,0010-05-13 14:20:00,10,5,13,14,20,350,238,SAINT-HÉLIER/M.ALIZON,48.1069,-1.67061,Plein jour,En agglomération,Intersection en X,Normale,Deux véhicules - côté,,,,,,,,,,,1,2,2,1.0,3.0
201000030939,0010-05-14 22:30:00,10,5,14,22,30,350,238,159 AVENUE DU GAL LECLER,48.1147,-1.65462,Nuit avec éclairage allumé,En agglomération,Hors intersection,Normale,Autre collision,,,,,,,,,,,5,2,1,1.0,6.0
201000030940,0010-05-15 11:00:00,10,5,15,11,0,350,278,"00, RD 82",,,Plein jour,Hors agglomération,Hors intersection,Normale,Sans collision,,,,,,,,,,,1,1,1,1.0,7.0
201000030941,0010-05-16 11:10:00,10,5,16,11,10,350,238,RUE DE L'ALMA,48.1028,-1.6766,Plein jour,En agglomération,Hors intersection,Normale,Deux véhicules - côté,,,,,,,,,,,1,2,1,1.0,3.0
201000030942,0010-05-17 08:40:00,10,5,17,8,40,350,238,11 RUE VANEAU,48.1095,-1.69286,Plein jour,En agglomération,Hors intersection,Normale,Deux véhicules - côté,,,,,,,,,,,1,2,1,1.0,3.0
201000030943,0010-05-18 15:53:00,10,5,18,15,53,350,238,ROCADE OUEST INTÉRIEURE,48.106,-1.71702,Plein jour,En agglomération,Hors intersection,Normale,Sans collision,,,,,,,,,,,1,2,1,1.0,7.0
201000030944,0010-05-19 17:35:00,10,5,19,17,35,350,281,"256, NANTES (RUE DE)",,,Plein jour,En agglomération,Hors intersection,Normale,Autre collision,,,,,,,,,,,1,2,1,1.0,6.0
201000030945,0010-05-20 09:40:00,10,5,20,9,40,350,238,BIGOT DE PREAMENEU/GLAIS,48.0956,-1.66782,Plein jour,En agglomération,Intersection en T,Normale,Autre collision,,,,,,,,,,,1,2,3,1.0,6.0
201000030946,0010-05-20 19:15:00,10,5,20,19,15,350,238,LIBERTÉ/NEMOURS,48.1074,-1.68037,Plein jour,En agglomération,Intersection en X,Normale,Deux véhicules - côté,,,,,,,,,,,1,2,2,1.0,3.0
201000030947,0010-05-21 05:40:00,10,5,21,5,40,350,281,"00, NANTES (RUE DE)",,,Nuit avec éclairage allumé,En agglomération,Intersection en X,Normale,Deux véhicules - côté,,,,,,,,,,,5,2,2,1.0,3.0
201000030948,0010-05-21 08:40:00,10,5,21,8,40,350,238,19 BOULEVARD E.COMBES,48.0935,-1.66945,Plein jour,En agglomération,Hors intersection,Normale,Sans collision,,,,,,,,,,,1,2,1,1.0,7.0
201000030949,0010-05-21 16:30:00,10,5,21,16,30,350,238,69 RUE DANTON,48.1187,-1.65171,Plein jour,En agglomération,Hors intersection,Normale,Autre collision,,,,,,,,,,,1,2,1,1.0,6.0
201000030950,0010-05-21 18:25:00,10,5,21,18,25,350,238,"00, RN136",,,Plein jour,Hors agglomération,Autre intersection,Normale,Deux véhicules - arrière,,,,,,,,,,,1,1,9,1.0,2.0
201000030951,0010-05-23 03:25:00,10,5,23,3,25,350,238,LOUIS D'OR/DINAN,48.1131,-1.6855,Nuit avec éclairage allumé,En agglomération,Intersection en T,Normale,Autre collision,,,,,,,,,,,5,2,3,1.0,6.0
201000030952,0010-05-23 06:00:00,10,5,23,6,0,350,238,ALMA/G.CLÉMENCEAU,48.0938,-1.67446,Plein jour,En agglomération,Intersection en X,Normale,Deux véhicules - côté,,,,,,,,,,,1,2,2,1.0,3.0
201000030953,0010-05-23 11:45:00,10,5,23,11,45,350,281,"00, RD 177",,,Plein jour,Hors agglomération,Intersection en T,Normale,Deux véhicules - côté,,,,,,,,,,,1,1,3,1.0,3.0
201000030954,0010-05-24 17:15:00,10,5,24,17,15,350,238,BREST/PÈRE LEBRET,48.1133,-1.69621,Plein jour,En agglomération,Intersection en T,Normale,Deux véhicules - côté,,,,,,,,,,,1,2,3,1.0,3.0
201000030955,0010-05-25 00:01:00,10,5,25,0,1,350,238,CHEMIN R. DE BRON,48.0939,-1.72451,Nuit sans éclairage public,En agglomération,Hors intersection,Normale,Autre collision,,,,,,,,,,,3,2,1,1.0,6.0
201000030956,0010-05-26 11:10:00,10,5,26,11,10,350,238,"00, NATIONALE",,,Plein jour,En agglomération,Hors intersection,Normale,Sans collision,,,,,,,,,,,1,2,1,1.0,7.0
201000030957,0010-05-26 14:45:00,10,5,26,14,45,350,238,RUE DE NEMOURS,48.1096,-1.68019,Plein jour,En agglomération,Hors intersection,Normale,Autre collision,,,,,,,,,,,1,2,1,1.0,6.0
201000030958,0010-05-26 18:15:00,10,5,26,18,15,350,238,BOULEVARD DES HAUTES OUR,48.0875,-1.64805,Plein jour,En agglomération,Hors intersection,Normale,Sans collision,,,,,,,,,,,1,2,1,1.0,7.0
201000030959,0010-05-26 20:30:00,10,5,26,20,30,350,278,"00, PORTE DE ST MALO",,,Plein jour,Hors agglomération,Autre intersection,Pluie légère,Sans collision,,,,,,,,,,,1,1,9,2.0,7.0
201000030960,0010-05-27 07:30:00,10,5,27,7,30,350,238,9 AVENUE DU CUCILLÉ,48.1285,-1.6987,Plein jour,En agglomération,Hors intersection,Pluie forte,Deux véhicules - arrière,,,,,,,,,,,1,2,1,3.0,2.0
201000030961,0010-05-27 12:25:00,10,5,27,12,25,350,238,J.MONNET/M.GÉRARD,48.0877,-1.63929,Plein jour,En agglomération,Intersection en T,Normale,Autre collision,,,,,,,,,,,1,2,3,1.0,6.0
201000030962,0010-05-27 19:45:00,10,5,27,19,45,350,238,LIBERTÉ/CARMES,48.1074,-1.67607,Plein jour,En agglomération,Intersection en T,Temps couvert,Autre collision,,,,,,,,,,,1,2,3,8.0,6.0
201000030963,0010-05-27 13:50:00,10,5,27,13,50,350,238,PLACE MAL FOCH,48.1102,-1.68531,Plein jour,En agglomération,Hors intersection,Normale,Autre collision,,,,,,,,,,,1,2,1,1.0,6.0
201000030964,0010-05-28 18:35:00,10,5,28,18,35,350,238,44 BOULEVARD DE CHÉZY,48.1197,-1.68352,Plein jour,En agglomération,Hors intersection,Normale,Deux véhicules - arrière,,,,,,,,,,,1,2,1,1.0,2.0
201000030965,0010-05-30 13:00:00,10,5,30,13,0,350,238,M.SEMBAT/ALMA,48.0945,-1.67457,Plein jour,En agglomération,Intersection en X,Normale,Deux véhicules - côté,,,,,,,,,,,1,2,2,1.0,3.0
201000030966,0010-05-31 08:00:00,10,5,31,8,0,350,238,O.MIRBEAU/RIAVAL,48.0973,-1.66258,Plein jour,En agglomération,Intersection en T,Pluie légère,Deux véhicules - côté,,,,,,,,,,,1,2,3,2.0,3.0
201000030967,0010-05-31 17:25:00,10,5,31,17,25,350,55,"00, BONNIN ANDRE (AVENUE",,,Plein jour,En agglomération,Giratoire,Normale,Deux véhicules - arrière,,,,,,,,,,,1,2,6,1.0,2.0
201000030968,0010-06-01 18:50:00,10,6,1,18,50,350,238,BIGOT DE PREAMENEU/J.CAR,48.098,-1.66687,Plein jour,En agglomération,Intersection en X,Temps couvert,Deux véhicules - côté,,,,,,,,,,,1,2,2,8.0,3.0
201000030969,0010-06-03 12:40:00,10,6,3,12,40,350,238,TRINITÉ/MONNAIE,48.1122,-1.68334,Plein jour,En agglomération,Intersection en T,Normale,Autre collision,,,,,,,,,,,1,2,3,1.0,6.0
201000030970,0010-06-03 23:30:00,10,6,3,23,30,350,238,VOLTAIRE/T.CONNECTE,48.1051,-1.69593,Nuit avec éclairage allumé,En agglomération,Intersection en T,Normale,Deux véhicules - côté,,,,,,,,,,,5,2,3,1.0,3.0
201000030971,0010-06-04 09:35:00,10,6,4,9,35,350,238,59 RUE CHAMPION DE CICÉ,48.1016,-1.70854,Plein jour,En agglomération,Hors intersection,Normale,Deux véhicules - côté,,,,,,,,,,,1,2,1,1.0,3.0
201000030972,0010-06-05 04:50:00,10,6,5,4,50,350,278,"03, FILAUX (RUE ABBE)",,,Nuit avec éclairage allumé,En agglomération,Intersection en Y,Normale,Autre collision,,,,,,,,,,,5,2,4,1.0,6.0
201000030973,0010-06-05 14:11:00,10,6,5,14,11,350,238,AVENUE DE ROCHESTER,48.1282,-1.662,Plein jour,En agglomération,Hors intersection,Normale,Autre collision,,,,,,,,,,,1,2,1,1.0,6.0
201000030974,0010-06-06 19:32:00,10,6,6,19,32,350,238,204 AVENUE G.PATTON,48.127,-1.66514,Plein jour,En agglomération,Hors intersection,Normale,Autre collision,,,,,,,,,,,1,2,1,1.0,6.0
201000030975,0010-06-10 10:10:00,10,6,10,10,10,350,238,8 RUE MAX JACOB,48.1105,-1.70884,Plein jour,En agglomération,Hors intersection,Temps couvert,Deux véhicules - côté,,,,,,,,,,,1,2,1,8.0,3.0
201000030976,0010-06-10 17:35:00,10,6,10,17,35,350,238,SAINT HÉLIER/M.ALIZON,48.1069,-1.67061,Plein jour,En agglomération,Intersection en X,Temps couvert,Deux véhicules - côté,,,,,,,,,,,1,2,2,8.0,3.0
201000030977,0010-06-11 11:15:00,10,6,11,11,15,350,238,"02, BRASSENS (PROMENADE",,,Plein jour,En agglomération,Hors intersection,Normale,Sans collision,,,,,,,,,,,1,2,1,1.0,7.0
201000030978,0010-06-11 23:00:00,10,6,11,23,0,350,238,2 BIS RUE DE CHÂTEAUGIRO,48.1017,-1.6593,Nuit avec éclairage allumé,En agglomération,Hors intersection,Normale,Autre collision,,,,,,,,,,,5,2,1,1.0,6.0
201000030979,0010-06-12 18:15:00,10,6,12,18,15,350,281,"00, PORTE DE ST NAZAIRE",,,Plein jour,En agglomération,Intersection à plus de 4 branches,Normale,Deux véhicules - côté,,,,,,,,,,,1,2,5,1.0,3.0