accident_id,datetime,annee,mois,jour,heure,minute,departement,commune_insee,adresse,latitude,longitude,luminosite,agglomeration,intersection,meteo,collision,nb_vehicules,nb_usagers,nb_indemnes,nb_tues,nb_blesses_hosp,nb_blesses_legers,age_cond_1,age_cond_2,veh_type_cond_1,veh_type_cond_2,lum_code,agg_code,int_code,atm_code,col_code
201000031342,0010-02-21 20:15:00,10,2,21,20,15,360,159,48 AVLAFORET/RUE30/08/44,46.7641,1.71842,Nuit avec éclairage allumé,En agglomération,Intersection en X,Pluie légère,Sans collision,,,,,,,,,,,5,2,2,2.0,7.0
201000031343,0010-09-10 11:30:00,10,9,10,11,30,360,44,BD B PASCAL/RUE VERLAINE,46.7995,1.71443,Plein jour,En agglomération,Intersection en X,Normale,Deux véhicules - côté,,,,,,,,,,,1,2,2,1.0,3.0
201000031344,0010-10-10 13:00:00,10,10,10,13,0,360,202,254 AVENUE DE TOURS,46.8214,1.66341,Plein jour,En agglomération,Hors intersection,Normale,Autre collision,,,,,,,,,,,1,2,1,1.0,6.0
201000031345,0010-02-26 05:00:00,10,2,26,5,0,360,44,14 BOULEVARD D'ANVAUX,46.8064,1.73171,Nuit avec éclairage allumé,En agglomération,Hors intersection,Pluie légère,Deux véhicules - côté,,,,,,,,,,,5,2,1,2.0,3.0
201000031346,0010-02-26 21:30:00,10,2,26,21,30,360,202,ANCIENNE ROUTE DE TOURS,,,Nuit sans éclairage public,Hors agglomération,Hors intersection,Normale,Autre collision,,,,,,,,,,,3,1,1,1.0,6.0
201000031347,0010-02-27 15:35:00,10,2,27,15,35,360,202,AVENUE D'OCCITANIE,,,Plein jour,Hors agglomération,Hors intersection,Pluie légère,Deux véhicules - arrière,,,,,,,,,,,1,1,1,2.0,2.0
201000031348,0010-02-27 17:25:00,10,2,27,17,25,360,63,R P LA MARTINERIE/RD925,46.8204,1.73602,Plein jour,En agglomération,Giratoire,Normale,Sans collision,,,,,,,,,,,1,2,6,1.0,7.0
201000031349,0010-10-22 08:30:00,10,10,22,8,30,360,44,AV LA CHATRE/RUE TIVOLI,46.8094,1.70337,Plein jour,En agglomération,Intersection en X,Normale,Deux véhicules - côté,,,,,,,,,,,1,2,2,1.0,3.0
201000031350,0010-10-26 18:05:00,10,10,26,18,5,360,44,PLACE LAFAYETTE,46.8133,1.69682,Plein jour,En agglomération,Hors intersection,Normale,Autre collision,,,,,,,,,,,1,2,1,1.0,6.0
201000031351,0010-10-29 11:50:00,10,10,29,11,50,360,44,RD920/AV P FRANCOEUR,46.788,1.70369,Plein jour,En agglomération,Intersection en X,Normale,Deux véhicules - côté,,,,,,,,,,,1,2,2,1.0,3.0
201000031352,0010-06-17 08:00:00,10,6,17,8,0,360,63,PLACE REPUBLIQUE/AV DE G,46.82667,1.70113,Plein jour,En agglomération,Intersection en T,Pluie forte,Autre collision,,,,,,,,,,,1,2,3,3.0,6.0
201000031353,0010-03-06 19:43:00,10,3,6,19,43,360,44,27  REPUBLI/AV DE GAULLE,46.8092,1.68975,Nuit avec éclairage allumé,En agglomération,Intersection en X,Normale,Deux véhicules - frontale,,,,,,,,,,,5,2,2,1.0,1.0
201000031354,0010-03-08 12:20:00,10,3,8,12,20,360,202,"ROND POINT DIT ""LAPEYRE""",46.7887,1.65987,Plein jour,En agglomération,Giratoire,Normale,Deux véhicules - arrière,,,,,,,,,,,1,2,6,1.0,2.0
201000031355,0010-12-06 10:45:00,10,12,6,10,45,360,44,187 AVENUE DES MARINS,46.8082,1.67804,Plein jour,En agglomération,Hors intersection,Pluie légère,Autre collision,,,,,,,,,,,1,2,1,2.0,6.0
201000031356,0010-12-10 17:20:00,10,12,10,17,20,360,44,RD920/ROUTE DE VELLES,46.7887,1.69131,Nuit avec éclairage non allumé,En agglomération,Intersection en X,Normale,Deux véhicules - côté,,,,,,,,,,,4,2,2,1.0,3.0
201000031357,0010-12-14 19:00:00,10,12,14,19,0,360,63,CHATEAU D'EAU/ RUETHOREZ,46.8282,1.71138,Nuit avec éclairage allumé,En agglomération,Intersection en T,Normale,Deux véhicules - frontale,,,,,,,,,,,5,2,3,1.0,1.0
201000031358,0010-03-10 08:20:00,10,3,10,8,20,360,159,R CANTINIER/RTE BRAUDERI,46.7897,1.72179,Plein jour,En agglomération,Intersection en T,Autre,Deux véhicules - côté,,,,,,,,,,,1,2,3,9.0,3.0
201000031359,0010-03-10 08:40:00,10,3,10,8,40,360,44,RPT DESCHIZEAU,46.81,1.68738,Plein jour,En agglomération,Hors intersection,Neige / grêle,Autre collision,,,,,,,,,,,1,2,1,4.0,6.0
201000031360,0010-03-15 12:13:00,10,3,15,12,13,360,44,30 ALLEE DE TOLIERE,46.8189,1.72154,Plein jour,En agglomération,Hors intersection,Normale,Sans collision,,,,,,,,,,,1,2,1,1.0,7.0
201000031361,0010-03-18 14:50:00,10,3,18,14,50,360,159,RT MONTLUCON/AL DU FORUM,46.7938,1.73605,Plein jour,En agglomération,Intersection en X,Normale,Deux véhicules - côté,,,,,,,,,,,1,2,2,1.0,3.0
201000031362,0010-03-23 10:50:00,10,3,23,10,50,360,44,RTE VELLES/RD920,46.78882,1.69151,Plein jour,En agglomération,Intersection en X,Normale,Deux véhicules - frontale,,,,,,,,,,,1,2,2,1.0,1.0
201000031363,0010-03-26 16:10:00,10,3,26,16,10,360,159,ROUTE DEPARTEMENTALE 990,46.7276,1.73346,Plein jour,Hors agglomération,Hors intersection,Pluie légère,Trois véhicules et plus - collisions multiples,,,,,,,,,,,1,1,1,2.0,5.0
201000031364,0010-03-26 16:48:00,10,3,26,16,48,360,44,18 AV DU PONT NEUF,46.8159,1.68467,Plein jour,En agglomération,Hors intersection,Normale,Deux véhicules - côté,,,,,,,,,,,1,2,1,1.0,3.0
201000031365,0010-04-02 13:45:00,10,4,2,13,45,360,202,2 ROUTE DE CHATELLERAULT,46.798,1.63851,Plein jour,Hors agglomération,Hors intersection,Pluie légère,Sans collision,,,,,,,,,,,1,1,1,2.0,7.0
201000031366,0010-04-03 19:45:00,10,4,3,19,45,360,44,RUE CAZALA/AVE LEMOINE,46.8126,1.69696,Plein jour,En agglomération,Giratoire,Normale,Deux véhicules - côté,,,,,,,,,,,1,2,6,1.0,3.0
201000031367,0010-04-05 17:18:00,10,4,5,17,18,360,202,ROUTE DE CHATELLERAULT,,,Plein jour,En agglomération,Hors intersection,Normale,Deux véhicules - arrière,,,,,,,,,,,1,2,1,1.0,2.0
201000031368,0010-04-07 14:20:00,10,4,7,14,20,360,159,O ROUTE DE VARENNE,,,Plein jour,Hors agglomération,Hors intersection,Normale,Sans collision,,,,,,,,,,,1,1,1,1.0,7.0
201000031369,0010-04-11 12:00:00,10,4,11,12,0,360,202,RUE DES ECHARBEAUX,,,Plein jour,En agglomération,Hors intersection,Normale,Sans collision,,,,,,,,,,,1,2,1,1.0,7.0
201000031370,0010-04-12 19:44:00,10,4,12,19,44,360,44,86 AVENUE DE GAULLE,46.809,1.69023,Plein jour,En agglomération,Hors intersection,Normale,Deux véhicules - arrière,,,,,,,,,,,1,2,1,1.0,2.0
201000031371,0010-04-13 18:40:00,10,4,13,18,40,360,44,0 AV DE TOURS,,,Plein jour,Hors agglomération,Hors intersection,Normale,Trois véhicules et plus - en chaîne,,,,,,,,,,,1,1,1,1.0,4.0
201000031372,0010-04-14 10:00:00,10,4,14,10,0,360,44,216 AVENUE DE VERDUN,46.7987,1.69808,Plein jour,En agglomération,Hors intersection,Normale,Autre collision,,,,,,,,,,,1,2,1,1.0,6.0
201000031373,0010-04-26 12:25:00,10,4,26,12,25,360,44,AV DE VERDUN/RUE STEVENS,46.7889,1.70266,Plein jour,En agglomération,Intersection en T,Normale,Deux véhicules - côté,,,,,,,,,,,1,2,3,1.0,3.0
201000031374,0010-04-28 18:05:00,10,4,28,18,5,360,202,AVENUE D'OCCITANIE,,,Plein jour,En agglomération,Hors intersection,Normale,Trois véhicules et plus - en chaîne,,,,,,,,,,,1,2,1,1.0,4.0
201000031375,0010-04-29 10:15:00,10,4,29,10,15,360,44,0 PLACE GAMBETTA,,,Plein jour,En agglomération,Hors intersection,Normale,Autre collision,,,,,,,,,,,1,2,1,1.0,6.0
201000031376,0010-04-29 10:30:00,10,4,29,10,30,360,44,0 AVENUE D'ARGENTON,,,Plein jour,En agglomération,Hors intersection,Normale,Deux véhicules - côté,,,,,,,,,,,1,2,1,1.0,3.0
201000031377,0010-05-01 11:30:00,10,5,1,11,30,360,63,AV DU GENERAL DE GAULLE,,,Plein jour,En agglomération,Hors intersection,Normale,Trois véhicules et plus - en chaîne,,,,,,,,,,,1,2,1,1.0,4.0
201000031378,0010-05-05 08:00:00,10,5,5,8,0,360,44,35 RUEDELACROIX/AL BIZET,46.8034,1.70784,Plein jour,Hors agglomération,Intersection en T,Pluie légère,Deux véhicules - côté,,,,,,,,,,,1,1,3,2.0,3.0
201000031379,0010-05-09 12:08:00,10,5,9,12,8,360,44,31 RUE P L COURRIER,46.8089,1.69179,Plein jour,En agglomération,Hors intersection,Normale,Deux véhicules - côté,,,,,,,,,,,1,2,1,1.0,3.0
201000031380,0010-05-17 17:55:00,10,5,17,17,55,360,44,32 RUE DE BOURGOGNE,46.8044,1.68157,Plein jour,En agglomération,Hors intersection,Normale,Deux véhicules - côté,,,,,,,,,,,1,2,1,1.0,3.0
201000031381,0010-05-18 04:20:00,10,5,18,4,20,360,63,AVDE GAULLE/RUEDES ENTES,46.832,1.70285,Nuit avec éclairage allumé,En agglomération,Hors intersection,Normale,Autre collision,,,,,,,,,,,5,2,1,1.0,6.0
201000031382,0010-05-19 11:00:00,10,5,19,11,0,360,44,AVFRANCOEUR/RTE DE VELLE,46.788,1.70353,Plein jour,Hors agglomération,Hors intersection,Normale,Deux véhicules - arrière,,,,,,,,,,,1,1,1,1.0,2.0
201000031383,0010-05-20 12:40:00,10,5,20,12,40,360,44,AV LEMOINE/RP CAZALA,46.8142,1.69664,Plein jour,En agglomération,Giratoire,Normale,Deux véhicules - côté,,,,,,,,,,,1,2,6,1.0,3.0
201000031384,0010-05-23 21:00:00,10,5,23,21,0,360,63,AV DE GAULLE/RUE JAURES,46.8259,1.70012,Nuit avec éclairage allumé,En agglomération,Intersection en X,Normale,Deux véhicules - arrière,,,,,,,,,,,5,2,2,1.0,2.0
201000031385,0010-05-29 21:00:00,10,5,29,21,0,360,202,RUE DE VON,,,Nuit sans éclairage public,Hors agglomération,Hors intersection,Pluie légère,Deux véhicules - frontale,,,,,,,,,,,3,1,1,2.0,1.0
201000031386,0010-06-01 17:30:00,10,6,1,17,30,360,44,RUE8/5/1945/RUE CONCORDE,46.8042,1.70098,Plein jour,En agglomération,Intersection en X,Normale,Autre collision,,,,,,,,,,,1,2,2,1.0,6.0
201000031387,0010-06-14 13:00:00,10,6,14,13,0,360,44,RD 920/AVENUE KENNEDY,46.7887,1.69131,Plein jour,En agglomération,Intersection en X,Normale,Deux véhicules - côté,,,,,,,,,,,1,2,2,1.0,3.0
201000031388,0010-06-16 17:40:00,10,6,16,17,40,360,44,BDMOULIN NEUF/RBELLERIVE,46.8189,1.68711,Plein jour,En agglomération,Intersection en X,Pluie forte,Trois véhicules et plus - collisions multiples,,,,,,,,,,,1,2,2,3.0,5.0
201000031389,0010-06-17 12:20:00,10,6,17,12,20,360,44,RP DESCHIZEAUX/AV MARINS,46.8102,1.6873,Plein jour,En agglomération,Giratoire,Normale,Deux véhicules - arrière,,,,,,,,,,,1,2,6,1.0,2.0
201000031390,0010-06-23 16:50:00,10,6,23,16,50,360,44,RUE FONTAINE ST GERMAIN,46.822,1.69922,Plein jour,En agglomération,Autre intersection,Normale,Deux véhicules - côté,,,,,,,,,,,1,2,9,1.0,3.0
201000031391,0010-06-25 17:30:00,10,6,25,17,30,360,44,11ALTALLEYRAND/ALVINCENN,46.8084,1.67141,Plein jour,En agglomération,Intersection en T,Normale,Deux véhicules - côté,,,,,,,,,,,1,2,3,1.0,3.0
201000031392,0010-06-30 12:20:00,10,6,30,12,20,360,202,13 RUE DE VILLERS,46.8132,1.63245,Plein jour,En agglomération,Hors intersection,Normale,Deux véhicules - côté,,,,,,,,,,,1,2,1,1.0,3.0
201000031393,0010-07-05 19:40:00,10,7,5,19,40,360,159,ROUTE DE VELLES,,,Plein jour,Hors agglomération,Hors intersection,Normale,Sans collision,,,,,,,,,,,1,1,1,1.0,7.0
201000031394,0010-07-08 18:20:00,10,7,8,18,20,360,44,BD G SAND/RUE LA COUTURE,46.8071,1.68654,Plein jour,En agglomération,Intersection en X,Normale,Trois véhicules et plus - collisions multiples,,,,,,,,,,,1,2,2,1.0,5.0
201000031395,0010-07-12 18:55:00,10,7,12,18,55,360,44,RPMONTAIGNE/RUE INGRAINS,46.7932,1.71132,Plein jour,En agglomération,Giratoire,Normale,Deux véhicules - côté,,,,,,,,,,,1,2,6,1.0,3.0
201000031396,0010-07-15 14:45:00,10,7,15,14,45,360,202,BOULEVARD DU FRANC,46.7783,1.64678,Plein jour,Hors agglomération,Hors intersection,Normale,Autre collision,,,,,,,,,,,1,1,1,1.0,6.0
201000031397,0010-07-15 20:10:00,10,7,15,20,10,360,44,25 RUE SAINT LUC,46.8123,1.69787,Plein jour,En agglomération,Hors intersection,Normale,Autre collision,,,,,,,,,,,1,2,1,1.0,6.0
201000031398,0010-07-18 12:25:00,10,7,18,12,25,360,202,ROUTE DEPARTEMENTALE 67,46.7993,1.63234,Plein jour,Hors agglomération,Hors intersection,Normale,Sans collision,,,,,,,,,,,1,1,1,1.0,7.0
201000031399,0010-07-22 11:36:00,10,7,22,11,36,360,44,50 AVENUE MARCEL LEMOINE,46.8169,1.69695,Plein jour,En agglomération,Hors intersection,Normale,Deux véhicules - arrière,,,,,,,,,,,1,2,1,1.0,2.0
201000031400,0010-07-26 18:00:00,10,7,26,18,0,360,44,42 ALLEE DES ALOUETTES,,,Plein jour,En agglomération,Hors intersection,Normale,Sans collision,,,,,,,,,,,1,2,1,1.0,7.0
201000031401,0010-07-28 12:45:00,10,7,28,12,45,360,44,BDCROIXNORMAND/R RASPAIL,46.8042,1.69174,Plein jour,En agglomération,Intersection en X,Normale,Deux véhicules - côté,,,,,,,,,,,1,2,2,1.0,3.0
201000031402,0010-07-28 13:55:00,10,7,28,13,55,360,159,ROUTE DU PETIT EPOT,,,Plein jour,Hors agglomération,Hors intersection,Normale,Sans collision,,,,,,,,,,,1,1,1,1.0,7.0
201000031403,0010-07-29 15:55:00,10,7,29,15,55,360,44,101 RUE GRANDE,46.8127,1.69225,Plein jour,En agglomération,Hors intersection,Normale,Sans collision,,,,,,,,,,,1,2,1,1.0,7.0
201000031404,0010-07-30 12:05:00,10,7,30,12,5,360,159,ROUTE DE VELLES,,,Plein jour,Hors agglomération,Hors intersection,Normale,Sans collision,,,,,,,,,,,1,1,1,1.0,7.0
201000031405,0010-07-30 17:39:00,10,7,30,17,39,360,63,172 AV GENERAL DE GAULLE,46.8383,1.70566,Plein jour,En agglomération,Hors intersection,Normale,Sans collision,,,,,,,,,,,1,2,1,1.0,7.0
201000031406,0010-08-02 18:02:00,10,8,2,18,2,360,159,12 ALLEE DU FORUM,46.7938,1.73408,Plein jour,En agglomération,Hors intersection,Normale,Autre collision,,,,,,,,,,,1,2,1,1.0,6.0
201000031407,0010-08-04 14:15:00,10,8,4,14,15,360,44,148 AV MARCEL LEMOINE,46.8214,1.6975,Plein jour,En agglomération,Hors intersection,Normale,Deux véhicules - côté,,,,,,,,,,,1,2,1,1.0,3.0
201000031408,0010-08-13 17:42:00,10,8,13,17,42,360,44,RTE VELLES/AV J KENNEDY,46.7887,1.69131,Plein jour,En agglomération,Intersection en X,Normale,Deux véhicules - arrière,,,,,,,,,,,1,2,2,1.0,2.0
201000031409,0010-08-22 22:20:00,10,8,22,22,20,360,44,AV DU CHATEAU/BERNARDET,46.8181,1.69497,Nuit avec éclairage allumé,En agglomération,Hors intersection,Normale,Autre collision,,,,,,,,,,,5,2,1,1.0,6.0
201000031410,0010-08-27 18:05:00,10,8,27,18,5,360,44,14 AV BLOIS/68 AV TOURS,46.8172,1.68465,Plein jour,En agglomération,Intersection en X,Normale,Sans collision,,,,,,,,,,,1,2,2,1.0,7.0
201000031411,0010-08-27 19:40:00,10,8,27,19,40,360,44,189 AV D'ARGENTON,46.7974,1.66759,Plein jour,En agglomération,Hors intersection,Temps couvert,Autre collision,,,,,,,,,,,1,2,1,8.0,6.0
201000031412,0010-08-28 15:50:00,10,8,28,15,50,360,202,69 AVENUE D'OCCITANIE,46.7852,1.65669,Plein jour,En agglomération,Hors intersection,Normale,Trois véhicules et plus - en chaîne,,,,,,,,,,,1,2,1,1.0,4.0
201000031413,0010-09-03 16:30:00,10,9,3,16,30,360,202,ANCIENNE ROUTE DE TOURS,46.8266,1.63845,Plein jour,Hors agglomération,Hors intersection,Normale,Deux véhicules - arrière,,,,,,,,,,,1,1,1,1.0,2.0
201000031414,0010-09-06 16:38:00,10,9,6,16,38,360,202,99 AVENUE D'OCCITANIE,46.7804,1.65256,Plein jour,En agglomération,Hors intersection,Normale,Trois véhicules et plus - en chaîne,,,,,,,,,,,1,2,1,1.0,4.0
201000031415,0010-09-08 09:56:00,10,9,8,9,56,360,202,AVENUE D'OCCITANIE,,,Plein jour,En agglomération,Hors intersection,Normale,Trois véhicules et plus - en chaîne,,,,,,,,,,,1,2,1,1.0,4.0
201000031416,0010-09-09 17:11:00,10,9,9,17,11,360,44,2 RUE DE INGRAINS,46.7962,1.71591,Plein jour,En agglomération,Hors intersection,Normale,Deux véhicules - frontale,,,,,,,,,,,1,2,1,1.0,1.0
201000031417,0010-09-12 22:00:00,10,9,12,22,0,360,63,ROND POINT DE BLOIS,46.8423,1.67328,Nuit avec éclairage allumé,Hors agglomération,Giratoire,Normale,Deux véhicules - côté,,,,,,,,,,,5,1,6,1.0,3.0
201000031418,0010-09-14 18:15:00,10,9,14,18,15,360,44,GIRATOIRE MONTAIGNE,46.7917,1.71204,Plein jour,En agglomération,Giratoire,Normale,Deux véhicules - arrière,,,,,,,,,,,1,2,6,1.0,2.0
201000031419,0010-09-20 12:30:00,10,9,20,12,30,360,44,169 AVENUE DE LA CHATRE,46.8055,1.71186,Plein jour,Hors agglomération,Hors intersection,Normale,Deux véhicules - arrière,,,,,,,,,,,1,1,1,1.0,2.0
201000031420,0010-09-23 07:50:00,10,9,23,7,50,360,44,31 RUE BERNARD NAUDIN,46.8,1.69011,Plein jour,En agglomération,Hors intersection,Normale,Autre collision,,,,,,,,,,,1,2,1,1.0,6.0
201000031421,0010-09-24 13:31:00,10,9,24,13,31,360,44,AVENUE F MITTERRAND,,,Plein jour,En agglomération,Hors intersection,Normale,Deux véhicules - arrière,,,,,,,,,,,1,2,1,1.0,2.0
201000031422,0010-09-29 07:15:00,10,9,29,7,15,360,159,62 AVENUE DE LA FORET,46.7658,1.71727,Crépuscule ou aube,En agglomération,Hors intersection,Normale,Trois véhicules et plus - collisions multiples,,,,,,,,,,,2,2,1,1.0,5.0
201000031423,0010-09-29 09:00:00,10,9,29,9,0,360,44,AVENUE DE LA CHATRE,46.81,1.70235,Plein jour,En agglomération,Hors intersection,Pluie légère,Deux véhicules - arrière,,,,,,,,,,,1,2,1,2.0,2.0
201000031424,0010-10-01 19:10:00,10,10,1,19,10,360,44,2 RUE PIERRE LOTI,46.7995,1.70449,Plein jour,En agglomération,Hors intersection,Temps couvert,Autre collision,,,,,,,,,,,1,2,1,8.0,6.0
201000031425,0010-10-05 09:15:00,10,10,5,9,15,360,44,RUE INDRE/DESC DE VILLE,46.813,1.68871,Plein jour,En agglomération,Intersection en X,Pluie légère,Deux véhicules - côté,,,,,,,,,,,1,2,2,2.0,3.0
201000031426,0010-10-06 19:37:00,10,10,6,19,37,360,44,68 AV P DE COUBERTIN,46.8029,1.71939,Nuit avec éclairage allumé,En agglomération,Hors intersection,Normale,Deux véhicules - côté,,,,,,,,,,,5,2,1,1.0,3.0
201000031427,0010-10-09 15:30:00,10,10,9,15,30,360,202,79 AVENUE D'OCCITANIE,46.7842,1.65583,Plein jour,Hors agglomération,Hors intersection,Normale,Deux véhicules - arrière,,,,,,,,,,,1,1,1,1.0,2.0
201000031428,0010-10-11 12:50:00,10,10,11,12,50,360,44,37 RUE ALBERT CAMUS,46.8,1.71282,Plein jour,En agglomération,Hors intersection,Normale,Deux véhicules - frontale,,,,,,,,,,,1,2,1,1.0,1.0
201000031429,0010-10-13 16:00:00,10,10,13,16,0,360,44,RP AVENUE BERNARD LOUVET,46.8028,1.70394,Plein jour,En agglomération,Hors intersection,Normale,Autre collision,,,,,,,,,,,1,2,1,1.0,6.0
201000031430,0010-10-16 19:09:00,10,10,16,19,9,360,44,25 RUE ERNEST NIVET,46.8185,1.70673,Nuit avec éclairage allumé,En agglomération,Hors intersection,Pluie légère,Sans collision,,,,,,,,,,,5,2,1,2.0,7.0
201000031431,0010-10-17 13:50:00,10,10,17,13,50,360,44,BD CROIX NORM/BD RASPAIL,46.8042,1.69172,Plein jour,En agglomération,Intersection en X,Temps couvert,Deux véhicules - côté,,,,,,,,,,,1,2,2,8.0,3.0
201000031432,0010-10-20 12:30:00,10,10,20,12,30,360,44,AV G DUCHATEAU/AVLEMOINE,46.8181,1.69689,Plein jour,En agglomération,Giratoire,Normale,Deux véhicules - arrière,,,,,,,,,,,1,2,6,1.0,2.0
201000031433,0010-10-24 08:55:00,10,10,24,8,55,360,44,121 AV JOHN KENNEDY,46.7989,1.69234,Plein jour,En agglomération,Hors intersection,Pluie légère,Sans collision,,,,,,,,,,,1,2,1,2.0,7.0
201000031434,0010-10-26 08:10:00,10,10,26,8,10,360,44,AL  GARENNE/AV COUBERTIN,46.8054,1.72236,Plein jour,En agglomération,Intersection en T,Normale,Deux véhicules - côté,,,,,,,,,,,1,2,3,1.0,3.0
201000031435,0010-10-26 10:46:00,10,10,26,10,46,360,44,27 RUE LEDRU ROLLIN,46.8117,1.69593,Plein jour,En agglomération,Hors intersection,Normale,Sans collision,,,,,,,,,,,1,2,1,1.0,7.0
201000031436,0010-10-31 19:00:00,10,10,31,19,0,360,159,ROUTE DEPARTEMENTALE 943,46.7887,1.7471,Nuit sans éclairage public,Hors agglomération,Hors intersection,Normale,Autre collision,,,,,,,,,,,3,1,1,1.0,6.0
201000031437,0010-11-05 16:50:00,10,11,5,16,50,360,44,203 AVENUE DE VERDUN,46.799,1.69796,Plein jour,En agglomération,Hors intersection,Normale,Deux véhicules - arrière,,,,,,,,,,,1,2,1,1.0,2.0
201000031438,0010-11-06 20:15:00,10,11,6,20,15,360,202,CENTRE EQUESTRE,46.7714,1.66167,Nuit sans éclairage public,Hors agglomération,Hors intersection,Normale,Sans collision,,,,,,,,,,,3,1,1,1.0,7.0
201000031439,0010-11-08 17:00:00,10,11,8,17,0,360,44,206 RUE DU 3EME RAC,46.821,1.71893,Plein jour,En agglomération,Hors intersection,Temps couvert,Autre collision,,,,,,,,,,,1,2,1,8.0,6.0
201000031440,0010-11-09 10:35:00,10,11,9,10,35,360,44,35 AV FRANCOIS MITTERAND,46.8112,1.68273,Plein jour,En agglomération,Hors intersection,Temps couvert,Deux véhicules - côté,,,,,,,,,,,1,2,1,8.0,3.0
201000031441,0010-11-09 16:45:00,10,11,9,16,45,360,44,27 BOULEVARD ST DENIS,46.8151,1.70826,Plein jour,En agglomération,Hors intersection,Temps couvert,Sans collision,,,,,,,,,,,1,2,1,8.0,7.0
201000031442,0010-11-10 17:50:00,10,11,10,17,50,360,44,204 AV JOHN KENNEDY,46.7897,1.69126,Crépuscule ou aube,En agglomération,Hors intersection,Normale,Trois véhicules et plus - en chaîne,,,,,,,,,,,2,2,1,1.0,4.0
201000031443,0010-11-10 20:55:00,10,11,10,20,55,360,44,65 AVENUE MARCEL LEMOINE,46.8203,1.69726,Nuit sans éclairage public,En agglomération,Hors intersection,Normale,Sans collision,,,,,,,,,,,3,2,1,1.0,7.0
201000031444,0010-11-12 15:28:00,10,11,12,15,28,360,159,113 ROUTE DE VARENNES,46.787,1.75001,Plein jour,Hors agglomération,Hors intersection,Temps couvert,Deux véhicules - frontale,,,,,,,,,,,1,1,1,8.0,1.0
201000031445,0010-11-16 16:00:00,10,11,16,16,0,360,44,42  AV MARCEL LEMOINE,46.8164,1.69687,Plein jour,En agglomération,Hors intersection,Normale,Deux véhicules - arrière,,,,,,,,,,,1,2,1,1.0,2.0
201000031446,0010-11-19 10:04:00,10,11,19,10,4,360,44,12 RUE BOURDALOUE,46.8077,1.69079,Plein jour,En agglomération,Hors intersection,Pluie légère,Sans collision,,,,,,,,,,,1,2,1,2.0,7.0
201000031447,0010-11-19 12:15:00,10,11,19,12,15,360,44,169 AVENUE DE LA CHATRE,46.8054,1.71181,Plein jour,En agglomération,Hors intersection,Normale,Autre collision,,,,,,,,,,,1,2,1,1.0,6.0
201000031448,0010-11-21 16:30:00,10,11,21,16,30,360,44,18 ALLEE  DE FRONTENAC,46.8004,1.7102,Plein jour,En agglomération,Hors intersection,Normale,Sans collision,,,,,,,,,,,1,2,1,1.0,7.0
201000031449,0010-11-25 16:30:00,10,11,25,16,30,360,44,RUE BOURDILLON,46.8105,1.70034,Plein jour,En agglomération,Hors intersection,Temps couvert,Deux véhicules - arrière,,,,,,,,,,,1,2,1,8.0,2.0
201000031450,0010-12-06 07:00:00,10,12,6,7,0,360,44,ROUTE DEPARTEMENTALE 920,46.7937,1.7178,Nuit avec éclairage allumé,Hors agglomération,Hors intersection,Temps couvert,Deux véhicules - arrière,,,,,,,,,,,5,1,1,8.0,2.0
201000031451,0010-12-08 18:00:00,10,12,8,18,0,360,44,COMBANAIRE/AL DES GENETS,46.802,1.71357,Nuit avec éclairage allumé,En agglomération,Intersection en T,Pluie légère,Deux véhicules - côté,,,,,,,,,,,5,2,3,2.0,3.0
201000031452,0010-12-11 00:05:00,10,12,11,0,5,360,44,AVENUE GEDEON DU CHATEAU,46.8179,1.69193,Nuit avec éclairage allumé,En agglomération,Hors intersection,Normale,Deux véhicules - côté,,,,,,,,,,,5,2,1,1.0,3.0
201000031453,0010-12-11 05:30:00,10,12,11,5,30,360,44,60 BIS AV DE LA CHATRE,46.8086,1.70513,Nuit avec éclairage non allumé,En agglomération,Hors intersection,Normale,Sans collision,,,,,,,,,,,4,2,1,1.0,7.0
201000031454,0010-12-11 14:55:00,10,12,11,14,55,360,202,AVENUE DE LA FORET,46.7721,1.65563,Plein jour,Hors agglomération,Hors intersection,Normale,Deux véhicules - frontale,,,,,,,,,,,1,1,1,1.0,1.0
201000031455,0010-12-12 11:17:00,10,12,12,11,17,360,63,185 ROUTE D'ISSOUDUN,46.8316,1.71561,Plein jour,En agglomération,Autre intersection,Pluie légère,Sans collision,,,,,,,,,,,1,2,9,2.0,7.0
201000031456,0010-12-12 12:15:00,10,12,12,12,15,360,202,AVENUE DE TOURS,46.82,1.67024,Plein jour,En agglomération,Hors intersection,Normale,Deux véhicules - arrière,,,,,,,,,,,1,2,1,1.0,2.0
201000031457,0010-12-17 13:39:00,10,12,17,13,39,360,44,AV STPIERRE/AV AMBULANCE,46.8076,1.68076,Plein jour,En agglomération,Intersection en T,Temps éblouissant,Sans collision,,,,,,,,,,,1,2,3,7.0,7.0
201000031458,0010-12-19 21:20:00,10,12,19,21,20,360,44,92 RUE DE NOTZ,46.8016,1.68602,Nuit avec éclairage allumé,En agglomération,Hors intersection,Normale,Sans collision,,,,,,,,,,,5,2,1,1.0,7.0
201000031459,0010-12-23 19:05:00,10,12,23,19,5,360,63,RD920 - RP LA MARTINERIE,46.8204,1.73602,Nuit sans éclairage public,Hors agglomération,Giratoire,Pluie légère,Trois véhicules et plus - collisions multiples,,,,,,,,,,,3,1,6,2.0,5.0
201000031460,0010-12-24 10:41:00,10,12,24,10,41,360,44,RD920/AV PAT FRANCOEUR,46.788,1.70369,Plein jour,Hors agglomération,Intersection en X,Pluie légère,Sans collision,,,,,,,,,,,1,1,2,2.0,7.0
201000031461,0010-12-29 18:22:00,10,12,29,18,22,360,202,ROUTE DE GIREUGNE,46.7718,1.65745,Nuit sans éclairage public,Hors agglomération,Hors intersection,Autre,Sans collision,,,,,,,,,,,3,1,1,9.0,7.0