accident_id,datetime,annee,mois,jour,heure,minute,departement,commune_insee,adresse,latitude,longitude,luminosite,agglomeration,intersection,meteo,collision,nb_vehicules,nb_usagers,nb_indemnes,nb_tues,nb_blesses_hosp,nb_blesses_legers,age_cond_1,age_cond_2,veh_type_cond_1,veh_type_cond_2,lum_code,agg_code,int_code,atm_code,col_code
201000031462,0010-12-31 10:11:00,10,12,31,10,11,360,44,56 BD DU MOULIN NEUF,46.8198,1.68524,Plein jour,En agglomération,Hors intersection,Pluie légère,Autre collision,,,,,,,,,,,1,2,1,2.0,6.0
201000031463,0010-12-31 13:07:00,10,12,31,13,7,360,44,BDMOULINNEUF/R VAUGIRARD,46.82,1.68451,Plein jour,En agglomération,Giratoire,Normale,Deux véhicules - côté,,,,,,,,,,,1,2,6,1.0,3.0
201000031464,0010-01-07 12:50:00,10,1,7,12,50,370,261,PONT AUX OIES (RUE DU),47.3731,0.667,Plein jour,Hors agglomération,Hors intersection,Normale,Autre collision,,,,,,,,,,,1,1,1,1.0,6.0
201000031465,0010-01-09 11:40:00,10,1,9,11,40,370,214,BLOT (RUE LOUIS),47.4064,0.66241,Plein jour,En agglomération,Hors intersection,Autre,Sans collision,,,,,,,,,,,1,2,1,9.0,7.0
201000031466,0010-01-12 13:50:00,10,1,12,13,50,370,261,NAPOLEON (PONT),47.3988,0.68497,Plein jour,En agglomération,Hors intersection,Normale,Deux véhicules - arrière,,,,,,,,,,,1,2,1,1.0,2.0
201000031467,0010-01-13 17:15:00,10,1,13,17,15,370,261,DASSAULT (AVENUE MARCEL),47.3635,0.67944,Plein jour,En agglomération,Giratoire,Normale,Deux véhicules - côté,,,,,,,,,,,1,2,6,1.0,3.0
201000031468,0010-01-15 08:00:00,10,1,15,8,0,370,233,GRANGE QUILLET (RUE DE L,47.3832,0.72696,Crépuscule ou aube,En agglomération,Hors intersection,Normale,Deux véhicules - côté,,,,,,,,,,,2,2,1,1.0,3.0
201000031469,0010-01-15 05:00:00,10,1,15,5,0,370,261,DANIEL MAYER,47.4174,0.6877,Nuit avec éclairage allumé,En agglomération,Hors intersection,Normale,Sans collision,,,,,,,,,,,5,2,1,1.0,7.0
201000031470,0010-01-18 16:00:00,10,1,18,16,0,370,261,PALLU (RUE ETIENNE),47.3912,0.68714,Plein jour,En agglomération,Hors intersection,Normale,Deux véhicules - arrière,,,,,,,,,,,1,2,1,1.0,2.0
201000031471,0010-01-18 18:25:00,10,1,18,18,25,370,261,MARCEAU (RUE),47.3912,0.68575,Nuit avec éclairage allumé,En agglomération,Hors intersection,Normale,Sans collision,,,,,,,,,,,5,2,1,1.0,7.0
201000031472,0010-01-19 17:30:00,10,1,19,17,30,370,261,DOUETS (RUE DES),47.4339,0.68554,Plein jour,En agglomération,Hors intersection,Normale,Autre collision,,,,,,,,,,,1,2,1,1.0,6.0
201000031473,0010-01-07 15:40:00,10,1,7,15,40,370,261,"117, TRANCHEE (AVENUE DE",47.4065,0.6817,Plein jour,En agglomération,Hors intersection,Normale,Deux véhicules - côté,,,,,,,,,,,1,2,1,1.0,3.0
201000031474,0010-01-18 07:17:00,10,1,18,7,17,370,261,MILAN (AVENUE DE),47.3691,0.71266,Crépuscule ou aube,En agglomération,Intersection en T,Normale,Deux véhicules - côté,,,,,,,,,,,2,2,3,1.0,3.0
201000031475,0010-03-08 10:44:00,10,3,8,10,44,370,261,WAGNER (BOULEVARD RICHAR,47.3741,0.70277,Plein jour,En agglomération,Intersection en T,Normale,Deux véhicules - arrière,,,,,,,,,,,1,2,3,1.0,2.0
201000031476,0010-07-09 15:15:00,10,7,9,15,15,370,261,HEURTELOUP (BOULEVARD),47.3913,0.69662,Plein jour,En agglomération,Hors intersection,Normale,Autre collision,,,,,,,,,,,1,2,1,1.0,6.0
201000031477,0010-01-10 18:40:00,10,1,10,18,40,370,261,ROTONDE (ROND-POINT DE L,47.3817,0.70647,Crépuscule ou aube,En agglomération,Giratoire,Pluie légère,Autre collision,,,,,,,,,,,2,2,6,2.0,6.0
201000031478,0010-01-22 16:18:00,10,1,22,16,18,370,261,SANITAS (RUE DU),47.3781,0.70138,Plein jour,En agglomération,Hors intersection,Normale,Autre collision,,,,,,,,,,,1,2,1,1.0,6.0
201000031479,0010-01-29 18:53:00,10,1,29,18,53,370,261,VAILLANT (RUE EDOUARD),47.3874,0.69808,Crépuscule ou aube,En agglomération,Hors intersection,Pluie légère,Autre collision,,,,,,,,,,,2,2,1,2.0,6.0
201000031480,0010-01-29 15:04:00,10,1,29,15,4,370,195,SAINTE ANNE (PLACE),47.3924,0.6716,Plein jour,En agglomération,Hors intersection,Normale,Autre collision,,,,,,,,,,,1,2,1,1.0,6.0
201000031481,0010-01-29 13:03:00,10,1,29,13,3,370,261,ROTONDE (ROND-POINT DE L,47.381,0.70621,Plein jour,En agglomération,Giratoire,Normale,Deux véhicules - arrière,,,,,,,,,,,1,2,6,1.0,2.0
201000031482,0010-01-16 20:40:00,10,1,16,20,40,370,261,"120, TRANCHEE (AVENUE DE",47.4067,0.68169,Crépuscule ou aube,En agglomération,Hors intersection,Normale,Trois véhicules et plus - en chaîne,,,,,,,,,,,2,2,1,1.0,4.0
201000031483,0010-01-05 18:00:00,10,1,5,18,0,370,214,CHARCENAY (RUE DE),47.4051,0.6462,Crépuscule ou aube,En agglomération,Hors intersection,Normale,Deux véhicules - frontale,,,,,,,,,,,2,2,1,1.0,1.0
201000031484,0010-01-11 14:59:00,10,1,11,14,59,370,261,CHURCHILL (BOULEVARD WIN,47.3726,0.68772,Plein jour,En agglomération,Hors intersection,Normale,Deux véhicules - arrière,,,,,,,,,,,1,2,1,1.0,2.0
201000031485,0010-01-12 08:14:00,10,1,12,8,14,370,261,DANIEL MAYER,47.4168,0.70049,Crépuscule ou aube,En agglomération,Intersection en X,Normale,Deux véhicules - côté,,,,,,,,,,,2,2,2,1.0,3.0
201000031486,0010-01-18 08:12:00,10,1,18,8,12,370,261,ZOLA (RUE EMILE),47.3917,0.68132,Crépuscule ou aube,En agglomération,Intersection en T,Normale,Deux véhicules - côté,,,,,,,,,,,2,2,3,1.0,3.0
201000031487,0010-01-08 15:20:00,10,1,8,15,20,370,261,HALLES (RUE DES),47.3933,0.6831,Plein jour,En agglomération,Hors intersection,Normale,Autre collision,,,,,,,,,,,1,2,1,1.0,6.0
201000031488,0010-02-14 20:40:00,10,2,14,20,40,370,233,"01, AUDENET (RUE MARTIN)",47.3871,0.71048,Nuit avec éclairage allumé,En agglomération,Intersection en X,Temps couvert,Deux véhicules - côté,,,,,,,,,,,5,2,2,8.0,3.0
201000031489,0010-01-05 09:15:00,10,1,5,9,15,370,261,"31, SAVONNIERES (ROUTE D",47.3673,0.65835,Plein jour,En agglomération,Intersection en T,Temps couvert,Deux véhicules - arrière,,,,,,,,,,,1,2,3,8.0,2.0
201000031490,0010-02-19 13:15:00,10,2,19,13,15,370,261,NATIONALE (RUE),47.3957,0.68645,Plein jour,En agglomération,Hors intersection,Normale,Sans collision,,,,,,,,,,,1,2,1,1.0,7.0
201000031491,0010-02-19 14:05:00,10,2,19,14,5,370,261,EUROPE (AVENUE DE L'),47.4237,0.69111,Plein jour,En agglomération,Autre intersection,Normale,Deux véhicules - côté,,,,,,,,,,,1,2,9,1.0,3.0
201000031492,0010-01-08 18:05:00,10,1,8,18,5,370,261,STENDHAL (AVENUE),47.3678,0.70579,Crépuscule ou aube,En agglomération,Hors intersection,Normale,Autre collision,,,,,,,,,,,2,2,1,1.0,6.0
201000031493,0010-01-16 11:18:00,10,1,16,11,18,370,261,MARCEAU (RUE),47.3936,0.68486,Plein jour,En agglomération,Hors intersection,Normale,Autre collision,,,,,,,,,,,1,2,1,1.0,6.0
201000031494,0010-01-29 07:53:00,10,1,29,7,53,370,261,MARCHANT DU PLESSIS (BOU,47.3864,0.68039,Crépuscule ou aube,En agglomération,Hors intersection,Normale,Autre collision,,,,,,,,,,,2,2,1,1.0,6.0
201000031495,0010-01-15 20:45:00,10,1,15,20,45,370,261,VICTOIRE (RUE DE LA),47.394,0.68512,Nuit avec éclairage allumé,En agglomération,Intersection en T,Normale,Deux véhicules - côté,,,,,,,,,,,5,2,3,1.0,3.0
201000031496,0010-02-01 21:00:00,10,2,1,21,0,370,261,MONNET (BOULEVARD),47.3791,0.66785,Nuit avec éclairage allumé,En agglomération,Giratoire,Normale,Sans collision,,,,,,,,,,,5,2,6,1.0,7.0
201000031497,0010-02-02 21:05:00,10,2,2,21,5,370,261,GRAMMONT (AVENUE DE),47.3796,0.69301,Nuit avec éclairage allumé,En agglomération,Giratoire,Pluie légère,Sans collision,,,,,,,,,,,5,2,6,2.0,7.0
201000031498,0010-02-07 21:45:00,10,2,7,21,45,370,122,JAURES (BOULEVARD JEAN),47.3488,0.66516,Nuit avec éclairage allumé,En agglomération,Intersection en X,Normale,Deux véhicules - frontale,,,,,,,,,,,5,2,2,1.0,1.0
201000031499,0010-03-06 22:10:00,10,3,6,22,10,370,122,"22, PONT VOLANT (RUE DU)",47.3599,0.67007,Nuit avec éclairage allumé,En agglomération,Hors intersection,Temps couvert,Autre collision,,,,,,,,,,,5,2,1,8.0,6.0
201000031500,0010-03-31 21:07:00,10,3,31,21,7,370,261,RN 76 - ROUTE DE ST AVER,47.3949,0.72144,Nuit avec éclairage allumé,En agglomération,Intersection en T,Normale,Deux véhicules - côté,,,,,,,,,,,5,2,3,1.0,3.0
201000031501,0010-03-31 21:55:00,10,3,31,21,55,370,122,JAURES (BOULEVARD JEAN),47.3902,0.68863,Crépuscule ou aube,En agglomération,Intersection en X,Normale,Deux véhicules - frontale,,,,,,,,,,,2,2,2,1.0,1.0
201000031502,0010-04-03 20:45:00,10,4,3,20,45,370,195,PERIPHERIQUE OUEST,47.373,0.65339,Nuit sans éclairage public,En agglomération,Hors intersection,Pluie légère,Autre collision,,,,,,,,,,,3,2,1,2.0,6.0
201000031503,0010-01-19 17:30:00,10,1,19,17,30,370,261,RENAULT (RUE DU GAL),47.3797,0.6712,Crépuscule ou aube,En agglomération,Hors intersection,Normale,Autre collision,,,,,,,,,,,2,2,1,1.0,6.0
201000031504,0010-02-05 17:05:00,10,2,5,17,5,370,122,"., TOURMALINE (RUE DE LA",47.361,0.64422,Plein jour,En agglomération,Giratoire,Normale,Deux véhicules - côté,,,,,,,,,,,1,2,6,1.0,3.0
201000031505,0010-02-05 18:30:00,10,2,5,18,30,370,261,"16, CROIX PASQUIER (RUE)",47.41,0.68932,Nuit avec éclairage allumé,En agglomération,Hors intersection,Normale,Deux véhicules - côté,,,,,,,,,,,5,2,1,1.0,3.0
201000031506,0010-02-06 14:30:00,10,2,6,14,30,370,261,"., NATIONALE (RUE)",47.3817,0.6924,Plein jour,En agglomération,Hors intersection,Normale,Autre collision,,,,,,,,,,,1,2,1,1.0,6.0
201000031507,0010-01-30 19:05:00,10,1,30,19,5,370,261,GARNIER (RUE CHARLES),47.3669,0.70802,Plein jour,En agglomération,Hors intersection,Normale,Autre collision,,,,,,,,,,,1,2,1,1.0,6.0
201000031508,0010-02-11 14:50:00,10,2,11,14,50,370,261,COLOMBIER (RUE),47.415,0.70158,Plein jour,En agglomération,Giratoire,Normale,Sans collision,,,,,,,,,,,1,2,6,1.0,7.0
201000031509,0010-02-12 20:35:00,10,2,12,20,35,370,122,RD 37,47.3409,0.65541,Nuit sans éclairage public,Hors agglomération,Hors intersection,Normale,Sans collision,,,,,,,,,,,3,1,1,1.0,7.0
201000031510,0010-02-13 09:55:00,10,2,13,9,55,370,261,"., MAGINOT (AV. ANDRE)",47.4108,0.68322,Plein jour,En agglomération,Hors intersection,Normale,Deux véhicules - arrière,,,,,,,,,,,1,2,1,1.0,2.0
201000031511,0010-02-17 13:00:00,10,2,17,13,0,370,122,ROUTE DEPARTEMENTALE 86,47.3335,0.66441,Plein jour,En agglomération,Hors intersection,Pluie légère,Deux véhicules - arrière,,,,,,,,,,,1,2,1,2.0,2.0
201000031512,0010-02-17 13:40:00,10,2,17,13,40,370,122,BOULEVARD PERIPHERIQUE N,,,Plein jour,Hors agglomération,Hors intersection,Pluie légère,Sans collision,,,,,,,,,,,1,1,1,2.0,7.0
201000031513,0010-02-19 11:15:00,10,2,19,11,15,370,214,MAISONS BLANCHES (QUAI D,47.3953,0.65495,Plein jour,En agglomération,Hors intersection,Normale,Sans collision,,,,,,,,,,,1,2,1,1.0,7.0
201000031514,0010-02-23 17:25:00,10,2,23,17,25,370,261,"50, HUARD (RUE ERNEST)",47.4064,0.68633,Plein jour,En agglomération,Intersection en T,Normale,Deux véhicules - côté,,,,,,,,,,,1,2,3,1.0,3.0
201000031515,0010-02-20 11:15:00,10,2,20,11,15,370,261,MAGINOT (AV. ANDRE),47.4205,0.69452,Plein jour,En agglomération,Hors intersection,Pluie légère,Sans collision,,,,,,,,,,,1,2,1,2.0,7.0
201000031516,0010-03-01 17:40:00,10,3,1,17,40,370,122,JAURES (BOULEVARD JEAN),47.3483,0.66112,Plein jour,En agglomération,Hors intersection,Pluie légère,Deux véhicules - arrière,,,,,,,,,,,1,2,1,2.0,2.0
201000031517,0010-03-02 14:55:00,10,3,2,14,55,370,261,"152, GIRAUDEAU (RUE)",47.3823,0.67698,Plein jour,En agglomération,Hors intersection,Normale,Deux véhicules - arrière,,,,,,,,,,,1,2,1,1.0,2.0
201000031518,0010-03-02 17:40:00,10,3,2,17,40,370,261,EUROPE (AVENUE DE L'),,,Plein jour,En agglomération,Intersection en X,Normale,Deux véhicules - côté,,,,,,,,,,,1,2,2,1.0,3.0
201000031519,0010-03-03 12:05:00,10,3,3,12,5,370,261,"., TRANCHEE (AVENUE DE L",47.4042,0.68292,Plein jour,En agglomération,Hors intersection,Normale,Trois véhicules et plus - en chaîne,,,,,,,,,,,1,2,1,1.0,4.0
201000031520,0010-03-09 12:15:00,10,3,9,12,15,370,261,"., HEURTELOUP (BOULEVARD",47.3913,0.69649,Plein jour,En agglomération,Hors intersection,Normale,Trois véhicules et plus - collisions multiples,,,,,,,,,,,1,2,1,1.0,5.0
201000031521,0010-12-30 06:21:00,10,12,30,6,21,370,208,SABOTERIE (RUE DE LA),47.3485,0.74209,Nuit avec éclairage allumé,En agglomération,Hors intersection,Normale,Deux véhicules - côté,,,,,,,,,,,5,2,1,1.0,3.0
201000031522,0010-12-22 18:40:00,10,12,22,18,40,370,261,STENDHAL (AVENUE),47.3687,0.71214,Nuit avec éclairage allumé,En agglomération,Hors intersection,Pluie forte,Autre collision,,,,,,,,,,,5,2,1,3.0,6.0
201000031523,0010-12-28 13:39:00,10,12,28,13,39,370,261,WALVEIN (RUE),47.3837,0.67218,Plein jour,En agglomération,Intersection en X,Temps couvert,Deux véhicules - côté,,,,,,,,,,,1,2,2,8.0,3.0
201000031524,0010-12-29 16:25:00,10,12,29,16,25,370,261,"16, GRAMMONT (AVENUE DE)",47.3878,0.68963,Crépuscule ou aube,En agglomération,Hors intersection,Normale,Autre collision,,,,,,,,,,,2,2,1,1.0,6.0
201000031525,0010-01-07 11:50:00,10,1,7,11,50,370,261,VICTOIRE (RUE DE LA),47.3917,0.68132,Plein jour,En agglomération,Hors intersection,Normale,Autre collision,,,,,,,,,,,1,2,1,1.0,6.0
201000031526,0010-01-22 09:32:00,10,1,22,9,32,370,208,CORMERY (RUE DE),47.3511,0.75986,Plein jour,En agglomération,Hors intersection,Normale,Deux véhicules - frontale,,,,,,,,,,,1,2,1,1.0,1.0
201000031527,0010-02-02 15:15:00,10,2,2,15,15,370,261,COTY (RUE DU PRESIDENT),47.4093,0.68381,Plein jour,En agglomération,Intersection en X,Normale,Deux véhicules - côté,,,,,,,,,,,1,2,2,1.0,3.0
201000031528,0010-02-08 17:51:00,10,2,8,17,51,370,233,"12, AUBRIERE (RUE DE L')",47.396,0.72488,Plein jour,En agglomération,Hors intersection,Normale,Deux véhicules - côté,,,,,,,,,,,1,2,1,1.0,3.0
201000031529,0010-02-03 10:47:00,10,2,3,10,47,370,261,WAGNER (BOULEVARD RICHAR,47.3744,0.70504,Plein jour,En agglomération,Hors intersection,Normale,Deux véhicules - arrière,,,,,,,,,,,1,2,1,1.0,2.0
201000031530,0010-02-03 07:25:00,10,2,3,7,25,370,208,RN 76 - ROUTE DE ST AVER,47.3689,0.74402,Nuit sans éclairage public,En agglomération,Hors intersection,Normale,Autre collision,,,,,,,,,,,3,2,1,1.0,6.0
201000031531,0010-02-15 08:40:00,10,2,15,8,40,370,261,PONT CHER (AVENUE DE),47.3701,0.67668,Plein jour,En agglomération,Hors intersection,Pluie légère,Autre collision,,,,,,,,,,,1,2,1,2.0,6.0
201000031532,0010-03-10 13:05:00,10,3,10,13,5,370,261,VICTOIRE (RUE DE LA),,,Plein jour,En agglomération,Hors intersection,Normale,Sans collision,,,,,,,,,,,1,2,1,1.0,7.0
201000031533,0010-03-09 13:45:00,10,3,9,13,45,370,261,"56, SUEDE (RUE DE)",47.4334,0.68829,Plein jour,En agglomération,Hors intersection,Normale,Deux véhicules - arrière,,,,,,,,,,,1,2,1,1.0,2.0
201000031534,0010-02-08 18:40:00,10,2,8,18,40,370,261,BROGLIE (RUE LOUIS VICTO,47.4263,0.70629,Crépuscule ou aube,En agglomération,Hors intersection,Normale,Autre collision,,,,,,,,,,,2,2,1,1.0,6.0
201000031535,0010-03-12 08:50:00,10,3,12,8,50,370,261,WAGNER (BOULEVARD RICHAR,47.3744,0.7052,Plein jour,En agglomération,Hors intersection,Normale,Deux véhicules - arrière,,,,,,,,,,,1,2,1,1.0,2.0
201000031536,0010-03-10 16:22:00,10,3,10,16,22,370,261,THIERS (BOULEVARD),47.3824,0.67849,Plein jour,En agglomération,Intersection en X,Normale,Deux véhicules - côté,,,,,,,,,,,1,2,2,1.0,3.0
201000031537,0010-03-18 07:50:00,10,3,18,7,50,370,261,PONT VOLANT (RUE DU),47.3674,0.67576,Plein jour,En agglomération,Hors intersection,Normale,Deux véhicules - côté,,,,,,,,,,,1,2,1,1.0,3.0
201000031538,0010-03-15 17:34:00,10,3,15,17,34,370,122,ROUTE DE SAVONNIERES,47.3624,0.62275,Plein jour,Hors agglomération,Hors intersection,Temps couvert,Deux véhicules - arrière,,,,,,,,,,,1,1,1,8.0,2.0
201000031539,0010-03-27 13:50:00,10,3,27,13,50,370,214,MURIER (RUE DU),47.4226,0.66275,Plein jour,En agglomération,Hors intersection,Normale,Deux véhicules - frontale,,,,,,,,,,,1,2,1,1.0,1.0
201000031540,0010-01-19 08:12:00,10,1,19,8,12,370,261,SUEDE (RUE DE),47.434,0.68968,Crépuscule ou aube,En agglomération,Hors intersection,Normale,Deux véhicules - arrière,,,,,,,,,,,2,2,1,1.0,2.0
201000031541,0010-01-25 06:52:00,10,1,25,6,52,370,261,TRANCHEE (AVENUE DE LA),,,Crépuscule ou aube,En agglomération,Hors intersection,Normale,Deux véhicules - côté,,,,,,,,,,,2,2,1,1.0,3.0
201000031542,0010-03-08 08:40:00,10,3,8,8,40,370,122,JUIN (RUE DU MARECHAL),47.3437,0.66338,Plein jour,En agglomération,Hors intersection,Normale,Deux véhicules - arrière,,,,,,,,,,,1,2,1,1.0,2.0
201000031543,0010-03-16 12:25:00,10,3,16,12,25,370,261,"75, TRANCHEE (AVENUE DE",47.4069,0.68182,Plein jour,En agglomération,Hors intersection,Normale,Trois véhicules et plus - collisions multiples,,,,,,,,,,,1,2,1,1.0,5.0
201000031544,0010-03-26 13:45:00,10,3,26,13,45,370,233,LOIRE (QUAI DE LA),,,Plein jour,En agglomération,Hors intersection,Pluie légère,Deux véhicules - frontale,,,,,,,,,,,1,2,1,2.0,1.0
201000031545,0010-03-26 13:45:00,10,3,26,13,45,370,122,"03, BORDEAUX (AVENUE DE)",47.3595,0.69743,Plein jour,En agglomération,Hors intersection,Pluie légère,Autre collision,,,,,,,,,,,1,2,1,2.0,6.0
201000031546,0010-03-26 16:55:00,10,3,26,16,55,370,122,MORIER (RUE DU),47.3505,0.65893,Plein jour,En agglomération,Hors intersection,Normale,Autre collision,,,,,,,,,,,1,2,1,1.0,6.0
201000031547,0010-03-31 19:50:00,10,3,31,19,50,370,261,"24, MARCEAU (RUE)",47.3919,0.68561,Plein jour,En agglomération,Intersection en X,Normale,Deux véhicules - côté,,,,,,,,,,,1,2,2,1.0,3.0
201000031548,0010-04-12 13:00:00,10,4,12,13,0,370,261,"., DOUETS (RUE DES)",47.4265,0.68825,Plein jour,En agglomération,Intersection en T,Normale,Deux véhicules - côté,,,,,,,,,,,1,2,3,1.0,3.0
201000031549,0010-04-12 17:00:00,10,4,12,17,0,370,261,"., BEDEL (RUE MAURICE)",47.3772,0.70344,Plein jour,En agglomération,Hors intersection,Normale,Deux véhicules - côté,,,,,,,,,,,1,2,1,1.0,3.0
201000031550,0010-04-13 17:55:00,10,4,13,17,55,370,122,"., TAILHAR (RUE DU)",47.3545,0.67681,Plein jour,En agglomération,Hors intersection,Normale,Deux véhicules - arrière,,,,,,,,,,,1,2,1,1.0,2.0
201000031551,0010-04-20 08:40:00,10,4,20,8,40,370,261,"56, SUEDE (RUE DE)",47.4349,0.69182,Plein jour,En agglomération,Hors intersection,Normale,Deux véhicules - arrière,,,,,,,,,,,1,2,1,1.0,2.0
201000031552,0010-04-20 10:20:00,10,4,20,10,20,370,261,PORTILLON (QUAI DE),47.3984,0.6707,Plein jour,Hors agglomération,Hors intersection,Normale,Autre collision,,,,,,,,,,,1,1,1,1.0,6.0
201000031553,0010-03-03 08:50:00,10,3,3,8,50,370,261,NATIONALE (RUE),47.3919,0.68804,Plein jour,En agglomération,Hors intersection,Normale,Sans collision,,,,,,,,,,,1,2,1,1.0,7.0
201000031554,0010-04-27 06:40:00,10,4,27,6,40,370,208,"., GRANDMONT (RUE DE)",,,Crépuscule ou aube,En agglomération,Intersection en X,Normale,Deux véhicules - côté,,,,,,,,,,,2,2,2,1.0,3.0
201000031555,0010-03-13 14:40:00,10,3,13,14,40,370,261,BERANGER (BOULEVARD),47.3891,0.68115,Plein jour,En agglomération,Hors intersection,Normale,Autre collision,,,,,,,,,,,1,2,1,1.0,6.0
201000031556,0010-05-03 06:15:00,10,5,3,6,15,370,233,"., COLOMBIER (RUE DU)",47.3859,0.75558,Crépuscule ou aube,En agglomération,Intersection en T,Normale,Deux véhicules - côté,,,,,,,,,,,2,2,3,1.0,3.0
201000031557,0010-05-03 09:30:00,10,5,3,9,30,370,214,"., CHOISILLE (RUE DE LA)",,,Plein jour,Hors agglomération,Hors intersection,Normale,Deux véhicules - arrière,,,,,,,,,,,1,1,1,1.0,2.0
201000031558,0010-05-07 18:05:00,10,5,7,18,5,370,122,"., LESCOT (RUE PIERRE)",,,Plein jour,En agglomération,Hors intersection,Normale,Autre collision,,,,,,,,,,,1,2,1,1.0,6.0
201000031559,0010-05-26 16:00:00,10,5,26,16,0,370,195,"., GEVRIOUX (CHEMIN DE)",47.3853,0.62884,Plein jour,Hors agglomération,Hors intersection,Normale,Autre collision,,,,,,,,,,,1,1,1,1.0,6.0
201000031560,0010-05-18 18:15:00,10,5,18,18,15,370,261,"., ELYSEE (RUE DE L')",,,Plein jour,En agglomération,Hors intersection,Normale,Sans collision,,,,,,,,,,,1,2,1,1.0,7.0
201000031561,0010-05-19 13:50:00,10,5,19,13,50,370,261,GRAMMONT (AVENUE DE),47.3829,0.69139,Plein jour,En agglomération,Intersection en T,Normale,Autre collision,,,,,,,,,,,1,2,3,1.0,6.0
201000031562,0010-05-19 17:35:00,10,5,19,17,35,370,122,"., PAPIN (RUE DENIS)",,,Plein jour,En agglomération,Hors intersection,Normale,Deux véhicules - côté,,,,,,,,,,,1,2,1,1.0,3.0
201000031563,0010-05-20 07:40:00,10,5,20,7,40,370,261,"., REMPART (RUE DU)",47.3893,0.70275,Plein jour,En agglomération,Intersection en X,Normale,Autre collision,,,,,,,,,,,1,2,2,1.0,6.0
201000031564,0010-05-20 08:20:00,10,5,20,8,20,370,261,"., HEURTELOUP (BOULEVARD",47.3907,0.69203,Plein jour,En agglomération,Intersection en X,Normale,Deux véhicules - côté,,,,,,,,,,,1,2,2,1.0,3.0
201000031565,0010-05-21 08:15:00,10,5,21,8,15,370,261,MIRABEAU (PONT),47.3975,0.69938,Plein jour,En agglomération,Intersection en T,Normale,Sans collision,,,,,,,,,,,1,2,3,1.0,7.0
201000031566,0010-05-21 12:40:00,10,5,21,12,40,370,261,ROUGET DE L'ISLE (RUE),,,Plein jour,En agglomération,Hors intersection,Normale,Deux véhicules - côté,,,,,,,,,,,1,2,1,1.0,3.0
201000031567,0010-05-25 19:00:00,10,5,25,19,0,370,261,"., MALINES (RUE DE)",47.4224,0.68351,Plein jour,En agglomération,Intersection en X,Normale,Deux véhicules - côté,,,,,,,,,,,1,2,2,1.0,3.0
201000031568,0010-06-07 08:25:00,10,6,7,8,25,370,261,"., SEBASTOPOL (RUE)",47.3894,0.68288,Plein jour,En agglomération,Intersection en X,Normale,Autre collision,,,,,,,,,,,1,2,2,1.0,6.0
201000031569,0010-06-08 11:00:00,10,6,8,11,0,370,122,"., GARNIER (RUE CHARLES)",47.3412,0.66388,Plein jour,En agglomération,Intersection en T,Normale,Deux véhicules - côté,,,,,,,,,,,1,2,3,1.0,3.0
201000031570,0010-06-12 14:10:00,10,6,12,14,10,370,208,"., LAC (AVENUE DU)",47.3685,0.72542,Plein jour,En agglomération,Intersection en X,Normale,Deux véhicules - côté,,,,,,,,,,,1,2,2,1.0,3.0
201000031571,0010-06-18 13:50:00,10,6,18,13,50,370,122,"., GAY LUSSAC (RUE)",47.3773,0.69083,Plein jour,En agglomération,Hors intersection,Normale,Autre collision,,,,,,,,,,,1,2,1,1.0,6.0
201000031572,0010-06-20 10:10:00,10,6,20,10,10,370,261,"., PROUDHON (AVENUE)",47.3949,0.67235,Plein jour,Hors agglomération,Hors intersection,Normale,Autre collision,,,,,,,,,,,1,1,1,1.0,6.0
201000031573,0010-06-23 15:10:00,10,6,23,15,10,370,261,"., FRANCE (PLACE ANATOLE",47.3964,0.68483,Plein jour,En agglomération,Intersection en X,Normale,Autre collision,,,,,,,,,,,1,2,2,1.0,6.0
201000031574,0010-01-25 06:53:00,10,1,25,6,53,370,261,PARCAY (RUE DE),47.4098,0.71798,Crépuscule ou aube,Hors agglomération,Hors intersection,Normale,Autre collision,,,,,,,,,,,2,1,1,1.0,6.0
201000031575,0010-02-04 19:45:00,10,2,4,19,45,370,261,SAINT SAUVEUR (PONT),47.3727,0.67778,Crépuscule ou aube,En agglomération,Giratoire,Normale,Deux véhicules - côté,,,,,,,,,,,2,2,6,1.0,3.0
201000031576,0010-02-06 12:43:00,10,2,6,12,43,370,122,RD 37 SORTIE NORD,47.3481,0.64534,Plein jour,Hors agglomération,Hors intersection,Pluie légère,Autre collision,,,,,,,,,,,1,1,1,2.0,6.0
201000031577,0010-02-11 07:46:00,10,2,11,7,46,370,261,MAGINOT (AV. ANDRE),47.4102,0.68268,Crépuscule ou aube,En agglomération,Hors intersection,Neige / grêle,Autre collision,,,,,,,,,,,2,2,1,4.0,6.0
201000031578,0010-02-11 08:13:00,10,2,11,8,13,370,195,VERNE (RUE JULES),47.3755,0.60895,Crépuscule ou aube,En agglomération,Hors intersection,Autre,Deux véhicules - frontale,,,,,,,,,,,2,2,1,9.0,1.0
201000031579,0010-02-11 09:05:00,10,2,11,9,5,370,261,ROUGET DE L'ISLE (RUE),47.3911,0.6819,Plein jour,En agglomération,Hors intersection,Normale,Autre collision,,,,,,,,,,,1,2,1,1.0,6.0
201000031580,0010-02-11 09:31:00,10,2,11,9,31,370,261,PAS NOTRE-DAME (RUE DU),,,Plein jour,En agglomération,Hors intersection,Neige / grêle,Trois véhicules et plus - en chaîne,,,,,,,,,,,1,2,1,4.0,4.0
201000031581,0010-02-12 06:11:00,10,2,12,6,11,370,261,TRANCHEE (AVENUE DE LA),47.407,0.6814,Crépuscule ou aube,En agglomération,Hors intersection,Autre,Autre collision,,,,,,,,,,,2,2,1,9.0,6.0