accident_id,datetime,annee,mois,jour,heure,minute,departement,commune_insee,adresse,latitude,longitude,luminosite,agglomeration,intersection,meteo,collision,nb_vehicules,nb_usagers,nb_indemnes,nb_tues,nb_blesses_hosp,nb_blesses_legers,age_cond_1,age_cond_2,veh_type_cond_1,veh_type_cond_2,lum_code,agg_code,int_code,atm_code,col_code
201000031825,0010-09-22 07:50:00,10,9,22,7,50,370,261,ANCIENNE RN 10,,,Plein jour,En agglomération,Hors intersection,Normale,Deux véhicules - côté,,,,,,,,,,,1,2,1,1.0,3.0
201000031826,0010-09-21 08:30:00,10,9,21,8,30,370,261,DASSAULT (AVENUE MARCEL),47.3639,0.67752,Plein jour,En agglomération,Hors intersection,Normale,Autre collision,,,,,,,,,,,1,2,1,1.0,6.0
201000031827,0010-02-20 13:15:00,10,2,20,13,15,370,261,RD 976 - RTE DE ST AVER,47.3646,0.70869,Plein jour,En agglomération,Intersection en X,Normale,Deux véhicules - côté,,,,,,,,,,,1,2,2,1.0,3.0
201000031828,0010-01-21 16:58:00,10,1,21,16,58,370,214,MAISONS BLANCHES (QUAI D,,,Plein jour,En agglomération,Hors intersection,Normale,Deux véhicules - frontale,,,,,,,,,,,1,2,1,1.0,1.0
201000031829,0010-01-17 10:25:00,10,1,17,10,25,370,261,HEURTELOUP (BOULEVARD),47.3907,0.69019,Plein jour,En agglomération,Intersection en X,Normale,Deux véhicules - côté,,,,,,,,,,,1,2,2,1.0,3.0
201000031830,0010-02-01 17:15:00,10,2,1,17,15,370,195,"77, MAIRIE (RUE DE LA)",47.3903,0.66441,Plein jour,En agglomération,Hors intersection,Normale,Deux véhicules - côté,,,,,,,,,,,1,2,1,1.0,3.0
201000031831,0010-09-06 07:50:00,10,9,6,7,50,370,208,"21, ROCHEPINARD (RUE DE)",47.3677,0.72618,Plein jour,En agglomération,Hors intersection,Pluie légère,Sans collision,,,,,,,,,,,1,2,1,2.0,7.0
201000031832,0010-09-06 07:50:00,10,9,6,7,50,370,261,"., BORDIERS (RUE DES)",,,Crépuscule ou aube,Hors agglomération,Hors intersection,Pluie légère,Sans collision,,,,,,,,,,,2,1,1,2.0,7.0
201000031833,0010-09-06 09:05:00,10,9,6,9,5,370,261,"., MONNET (BOULEVARD)",47.3784,0.67056,Plein jour,En agglomération,Hors intersection,Normale,Deux véhicules - frontale,,,,,,,,,,,1,2,1,1.0,1.0
201000031834,0010-09-09 13:00:00,10,9,9,13,0,370,261,"., RONSARD (RUE)",,,Plein jour,En agglomération,Hors intersection,Normale,Sans collision,,,,,,,,,,,1,2,1,1.0,7.0
201000031835,0010-09-12 06:15:00,10,9,12,6,15,370,208,LAC (AVENUE DU),,,Nuit avec éclairage allumé,Hors agglomération,Hors intersection,Normale,Sans collision,,,,,,,,,,,5,1,1,1.0,7.0
201000031836,0010-09-15 13:00:00,10,9,15,13,0,370,261,SAINT SAUVEUR (PONT),47.3722,0.67792,Plein jour,En agglomération,Hors intersection,Pluie légère,Deux véhicules - arrière,,,,,,,,,,,1,2,1,2.0,2.0
201000031837,0010-09-15 17:00:00,10,9,15,17,0,370,261,NIESSEL (AVENUE DU GENER,47.3679,0.69977,Plein jour,En agglomération,Hors intersection,Pluie légère,Deux véhicules - côté,,,,,,,,,,,1,2,1,2.0,3.0
201000031838,0010-09-16 20:25:00,10,9,16,20,25,370,261,"15 BIS, PORTILLON (QUAI",47.4008,0.68201,Nuit avec éclairage allumé,En agglomération,Hors intersection,Normale,Deux véhicules - côté,,,,,,,,,,,5,2,1,1.0,3.0
201000031839,0010-09-21 15:00:00,10,9,21,15,0,370,261,POMPIDOU (AVENUE GEORGES,,,Plein jour,En agglomération,Hors intersection,Normale,Sans collision,,,,,,,,,,,1,2,1,1.0,7.0
201000031840,0010-09-21 17:30:00,10,9,21,17,30,370,261,CAULAINCOURT (RUE),,,Plein jour,En agglomération,Hors intersection,Normale,Autre collision,,,,,,,,,,,1,2,1,1.0,6.0
201000031841,0010-09-22 18:25:00,10,9,22,18,25,370,261,TANNEURS (RUE DES),47.3961,0.68225,Crépuscule ou aube,En agglomération,Hors intersection,Normale,Autre collision,,,,,,,,,,,2,2,1,1.0,6.0
201000031842,0010-09-23 07:50:00,10,9,23,7,50,370,261,"7, JOULIN (RUE LEON)",47.374,0.68655,Plein jour,En agglomération,Intersection en X,Normale,Deux véhicules - côté,,,,,,,,,,,1,2,2,1.0,3.0
201000031843,0010-09-24 12:50:00,10,9,24,12,50,370,261,MALRAUX (QUAI ANDRE),47.3974,0.70206,Plein jour,En agglomération,Hors intersection,Normale,Deux véhicules - arrière,,,,,,,,,,,1,2,1,1.0,2.0
201000031844,0010-09-28 16:00:00,10,9,28,16,0,370,261,"., JUIN (BOULEVARD DU MA",,,Plein jour,Hors agglomération,Hors intersection,Normale,Deux véhicules - arrière,,,,,,,,,,,1,1,1,1.0,2.0
201000031845,0010-09-28 19:00:00,10,9,28,19,0,370,261,"., CALAIS (RUE DE)",,,Plein jour,En agglomération,Intersection en X,Normale,Deux véhicules - côté,,,,,,,,,,,1,2,2,1.0,3.0
201000031846,0010-09-30 09:35:00,10,9,30,9,35,370,261,"11, VAILLANT (RUE EDOUAR",47.3898,0.69475,Plein jour,En agglomération,Hors intersection,Pluie légère,Deux véhicules - arrière,,,,,,,,,,,1,2,1,2.0,2.0
201000031847,0010-10-03 15:15:00,10,10,3,15,15,370,261,"., VEDRINES (RUE)",47.4271,0.70474,Plein jour,En agglomération,Hors intersection,Normale,Autre collision,,,,,,,,,,,1,2,1,1.0,6.0
201000031848,0010-10-04 17:15:00,10,10,4,17,15,370,261,"200, GRAMMONT (AVENUE DE",47.3748,0.69483,Plein jour,En agglomération,Hors intersection,Normale,Trois véhicules et plus - collisions multiples,,,,,,,,,,,1,2,1,1.0,5.0
201000031849,0010-10-04 20:40:00,10,10,4,20,40,370,261,"., GIRAUDEAU (RUE)",47.3827,0.67694,Nuit avec éclairage allumé,En agglomération,Intersection en T,Pluie légère,Autre collision,,,,,,,,,,,5,2,3,2.0,6.0
201000031850,0010-08-24 13:53:00,10,8,24,13,53,370,261,HEURTELOUP (BOULEVARD),47.3948,0.70431,Plein jour,En agglomération,Giratoire,Normale,Deux véhicules - côté,,,,,,,,,,,1,2,6,1.0,3.0
201000031851,0010-08-24 16:25:00,10,8,24,16,25,370,261,BERANGER (BOULEVARD),47.3889,0.6793,Plein jour,En agglomération,Intersection en X,Normale,Deux véhicules - côté,,,,,,,,,,,1,2,2,1.0,3.0
201000031852,0010-08-30 19:30:00,10,8,30,19,30,370,122,CHINON (BOULEVARD DE),47.352,0.68653,Plein jour,En agglomération,Intersection en X,Normale,Deux véhicules - côté,,,,,,,,,,,1,2,2,1.0,3.0
201000031853,0010-09-05 15:30:00,10,9,5,15,30,370,261,DANIEL MAYER,,,Plein jour,En agglomération,Hors intersection,Normale,Deux véhicules - côté,,,,,,,,,,,1,2,1,1.0,3.0
201000031854,0010-09-01 10:50:00,10,9,1,10,50,370,261,MIRABEAU (PONT),47.3992,0.70009,Plein jour,En agglomération,Hors intersection,Normale,Deux véhicules - côté,,,,,,,,,,,1,2,1,1.0,3.0
201000031855,0010-09-07 12:15:00,10,9,7,12,15,370,261,"116, RONSARD (RUE)",47.4223,0.70564,Plein jour,En agglomération,Hors intersection,Normale,Deux véhicules - frontale,,,,,,,,,,,1,2,1,1.0,1.0
201000031856,0010-09-07 11:00:00,10,9,7,11,0,370,261,RENAULT (RUE DU GAL),47.3798,0.67845,Plein jour,En agglomération,Intersection en T,Normale,Deux véhicules - côté,,,,,,,,,,,1,2,3,1.0,3.0
201000031857,0010-10-18 17:45:00,10,10,18,17,45,370,261,JUIN (BOULEVARD DU MAREC,,,Plein jour,En agglomération,Hors intersection,Normale,Trois véhicules et plus - en chaîne,,,,,,,,,,,1,2,1,1.0,4.0
201000031858,0010-10-23 20:00:00,10,10,23,20,0,370,261,DASSAULT (AVENUE MARCEL),47.3641,0.68405,Nuit sans éclairage public,En agglomération,Giratoire,Normale,Sans collision,,,,,,,,,,,3,2,6,1.0,7.0
201000031859,0010-10-23 18:50:00,10,10,23,18,50,370,261,"67, REPUBLIQUE (AVENUE D",47.4124,0.6961,Nuit avec éclairage non allumé,En agglomération,Hors intersection,Pluie légère,Autre collision,,,,,,,,,,,4,2,1,2.0,6.0
201000031860,0010-09-30 16:07:00,10,9,30,16,7,370,261,"11, LILLE (RUE DE)",47.4216,0.68558,Plein jour,En agglomération,Hors intersection,Normale,Deux véhicules - côté,,,,,,,,,,,1,2,1,1.0,3.0
201000031861,0010-10-05 13:21:00,10,10,5,13,21,370,122,"01, CHAUMETTE (RUE DE LA",47.3578,0.64892,Plein jour,En agglomération,Intersection en X,Pluie légère,Autre collision,,,,,,,,,,,1,2,2,2.0,6.0
201000031862,0010-10-06 15:52:00,10,10,6,15,52,370,261,PILORGET (PLACE),47.412,0.68485,Plein jour,En agglomération,Intersection à plus de 4 branches,Normale,Autre collision,,,,,,,,,,,1,2,5,1.0,6.0
201000031863,0010-10-26 07:20:00,10,10,26,7,20,370,261,TRIBUT (RUE MARCEL),47.3893,0.70257,Nuit avec éclairage allumé,En agglomération,Intersection en X,Normale,Deux véhicules - côté,,,,,,,,,,,5,2,2,1.0,3.0
201000031864,0010-10-20 05:05:00,10,10,20,5,5,370,233,DUCLOS (AVENUE JACQUES),47.381,0.74435,Nuit sans éclairage public,Hors agglomération,Intersection en T,Normale,Deux véhicules - côté,,,,,,,,,,,3,1,3,1.0,3.0
201000031865,0010-11-04 17:35:00,10,11,4,17,35,370,208,GRANDMONT (RUE DE),47.3645,0.70805,Plein jour,En agglomération,Hors intersection,Normale,Deux véhicules - arrière,,,,,,,,,,,1,2,1,1.0,2.0
201000031866,0010-10-12 18:40:00,10,10,12,18,40,370,261,JEMMAPES (RUE),,,Plein jour,En agglomération,Giratoire,Normale,Autre collision,,,,,,,,,,,1,2,6,1.0,6.0
201000031867,0010-11-06 09:58:00,10,11,6,9,58,370,261,CROIX PASQUIER (RUE),47.4093,0.6898,Plein jour,En agglomération,Intersection en T,Normale,Deux véhicules - côté,,,,,,,,,,,1,2,3,1.0,3.0
201000031868,0010-11-12 07:46:00,10,11,12,7,46,370,261,COMPAGNONS D'EMMAUS (AVE,47.4302,0.70464,Plein jour,En agglomération,Giratoire,Normale,Deux véhicules - côté,,,,,,,,,,,1,2,6,1.0,3.0
201000031869,0010-07-29 20:20:00,10,7,29,20,20,370,233,GRAND COUR (RUE DE LA),,,Plein jour,En agglomération,Intersection en X,Normale,Autre collision,,,,,,,,,,,1,2,2,1.0,6.0
201000031870,0010-07-31 08:52:00,10,7,31,8,52,370,261,ROND POINT EMMAUS,47.4302,0.70464,Plein jour,En agglomération,Giratoire,Normale,Autre collision,,,,,,,,,,,1,2,6,1.0,6.0
201000031871,0010-08-12 17:39:00,10,8,12,17,39,370,261,EUROPE (AVENUE DE L'),,,Plein jour,En agglomération,Hors intersection,Normale,Autre collision,,,,,,,,,,,1,2,1,1.0,6.0
201000031872,0010-08-13 05:45:00,10,8,13,5,45,370,214,LANDE (RUE DE LA),47.4188,0.66528,Crépuscule ou aube,En agglomération,Hors intersection,Normale,Sans collision,,,,,,,,,,,2,2,1,1.0,7.0
201000031873,0010-03-05 04:20:00,10,3,5,4,20,370,261,"157, GRAMMONT (AVENUE DE",47.3786,0.69306,Nuit avec éclairage allumé,En agglomération,Hors intersection,Normale,Autre collision,,,,,,,,,,,5,2,1,1.0,6.0
201000031874,0010-09-28 08:30:00,10,9,28,8,30,370,261,DANIEL MAYER,,,Plein jour,En agglomération,Hors intersection,Normale,Trois véhicules et plus - en chaîne,,,,,,,,,,,1,2,1,1.0,4.0
201000031875,0010-10-03 10:20:00,10,10,3,10,20,370,261,POMPIDOU (AVENUE GEORGES,47.3948,0.70427,Plein jour,En agglomération,Giratoire,Normale,Deux véhicules - côté,,,,,,,,,,,1,2,6,1.0,3.0
201000031876,0010-10-04 07:45:00,10,10,4,7,45,370,233,AUDENET (RUE MARTIN),47.3871,0.71064,Plein jour,En agglomération,Intersection en X,Normale,Deux véhicules - frontale,,,,,,,,,,,1,2,2,1.0,1.0
201000031877,0010-10-04 21:02:00,10,10,4,21,2,370,122,BOULEVARD PERIPHERIQUE N,,,Plein jour,Hors agglomération,Hors intersection,Normale,Autre collision,,,,,,,,,,,1,1,1,1.0,6.0
201000031878,0010-10-07 19:45:00,10,10,7,19,45,370,208,"28, GRANGES GALANT (RUE",47.3708,0.71769,Crépuscule ou aube,En agglomération,Hors intersection,Normale,Deux véhicules - côté,,,,,,,,,,,2,2,1,1.0,3.0
201000031879,0010-10-13 16:30:00,10,10,13,16,30,370,261,"12, CURIE (RUE PIERRE ET",47.4296,0.6806,Plein jour,En agglomération,Hors intersection,Normale,Deux véhicules - côté,,,,,,,,,,,1,2,1,1.0,3.0
201000031880,0010-10-13 20:23:00,10,10,13,20,23,370,261,ALOUETTE (AVENUE),47.3629,0.69813,Nuit avec éclairage allumé,En agglomération,Hors intersection,Normale,Deux véhicules - arrière,,,,,,,,,,,5,2,1,1.0,2.0
201000031881,0010-10-15 08:50:00,10,10,15,8,50,370,261,ALOUETTE (AVENUE),47.363,0.698,Plein jour,En agglomération,Hors intersection,Normale,Deux véhicules - arrière,,,,,,,,,,,1,2,1,1.0,2.0
201000031882,0010-10-19 16:30:00,10,10,19,16,30,370,261,MAGINOT (AV. ANDRE),47.4214,0.69543,Plein jour,En agglomération,Hors intersection,Normale,Deux véhicules - arrière,,,,,,,,,,,1,2,1,1.0,2.0
201000031883,0010-10-21 07:50:00,10,10,21,7,50,370,261,MIRABEAU (PONT),47.3992,0.70009,Plein jour,En agglomération,Hors intersection,Normale,Deux véhicules - arrière,,,,,,,,,,,1,2,1,1.0,2.0
201000031884,0010-10-26 16:45:00,10,10,26,16,45,370,214,DE GAULLE (BD CHARLES),47.4129,0.67238,Plein jour,En agglomération,Intersection en X,Normale,Deux véhicules - arrière,,,,,,,,,,,1,2,2,1.0,2.0
201000031885,0010-10-27 08:30:00,10,10,27,8,30,370,261,VAILLANT (RUE EDOUARD),47.3897,0.69489,Plein jour,En agglomération,Hors intersection,Normale,Deux véhicules - arrière,,,,,,,,,,,1,2,1,1.0,2.0
201000031886,0010-11-02 08:55:00,10,11,2,8,55,370,233,LENINE (AVENUE),47.3912,0.73044,Plein jour,En agglomération,Intersection en X,Normale,Deux véhicules - côté,,,,,,,,,,,1,2,2,1.0,3.0
201000031887,0010-11-06 18:55:00,10,11,6,18,55,370,261,MAGINOT (AV. ANDRE),,,Nuit avec éclairage allumé,En agglomération,Autre intersection,Pluie légère,Deux véhicules - côté,,,,,,,,,,,5,2,9,2.0,3.0
201000031888,0010-11-07 16:40:00,10,11,7,16,40,370,122,PERIPHERIQUE N585,,,Plein jour,Hors agglomération,Hors intersection,Pluie légère,Autre collision,,,,,,,,,,,1,1,1,2.0,6.0
201000031889,0010-11-08 09:15:00,10,11,8,9,15,370,214,VOISIN (BOULEVARD ANDRE-,47.4309,0.67153,Plein jour,En agglomération,Hors intersection,Pluie légère,Deux véhicules - arrière,,,,,,,,,,,1,2,1,2.0,2.0
201000031890,0010-11-07 18:00:00,10,11,7,18,0,370,261,"73, EUROPE (AVENUE DE L'",47.4238,0.69601,Crépuscule ou aube,En agglomération,Hors intersection,Normale,Sans collision,,,,,,,,,,,2,2,1,1.0,7.0
201000031891,0010-11-09 08:50:00,10,11,9,8,50,370,122,RD 37 SORTIE NORD,47.3419,0.64801,Plein jour,Hors agglomération,Hors intersection,Pluie légère,Sans collision,,,,,,,,,,,1,1,1,2.0,7.0
201000031892,0010-11-12 18:30:00,10,11,12,18,30,370,122,RD 37 SORTIE NORD,47.3397,0.66658,Nuit avec éclairage allumé,Hors agglomération,Hors intersection,Pluie légère,Sans collision,,,,,,,,,,,5,1,1,2.0,7.0
201000031893,0010-11-24 16:10:00,10,11,24,16,10,370,261,GALPIN THIOU (RUE),47.384,0.69352,Plein jour,En agglomération,Hors intersection,Normale,Sans collision,,,,,,,,,,,1,2,1,1.0,7.0
201000031894,0010-09-25 15:45:00,10,9,25,15,45,370,233,LOIRE (LEVEE DE LA),47.3972,0.72712,Plein jour,Hors agglomération,Hors intersection,Normale,Sans collision,,,,,,,,,,,1,1,1,1.0,7.0
201000031895,0010-10-09 16:55:00,10,10,9,16,55,370,261,"29, GRAND-MARCHE (RUE DU",47.3941,0.68043,Plein jour,En agglomération,Hors intersection,Normale,Autre collision,,,,,,,,,,,1,2,1,1.0,6.0
201000031896,0010-10-09 18:14:00,10,10,9,18,14,370,195,"5, SAINTE ANNE (PLACE)",47.3906,0.66568,Plein jour,En agglomération,Hors intersection,Normale,Autre collision,,,,,,,,,,,1,2,1,1.0,6.0
201000031897,0010-10-09 19:15:00,10,10,9,19,15,370,261,RABELAIS (PLACE),47.3845,0.67677,Nuit avec éclairage allumé,En agglomération,Intersection en X,Normale,Deux véhicules - côté,,,,,,,,,,,5,2,2,1.0,3.0
201000031898,0010-10-22 16:25:00,10,10,22,16,25,370,261,"., JUIN (BOULEVARD DU MA",47.4059,0.70301,Plein jour,En agglomération,Hors intersection,Normale,Deux véhicules - arrière,,,,,,,,,,,1,2,1,1.0,2.0
201000031899,0010-10-24 10:30:00,10,10,24,10,30,370,261,"., MAGINOT (AV. ANDRE)",,,Plein jour,En agglomération,Hors intersection,Normale,Deux véhicules - arrière,,,,,,,,,,,1,2,1,1.0,2.0
201000031900,0010-11-02 13:00:00,10,11,2,13,0,370,214,"., REPUBLIQUE (AVENUE DE",47.4051,0.67262,Plein jour,En agglomération,Intersection en X,Pluie légère,Deux véhicules - côté,,,,,,,,,,,1,2,2,2.0,3.0
201000031901,0010-11-02 13:55:00,10,11,2,13,55,370,261,"., VAILLANT (RUE EDOUARD",,,Plein jour,En agglomération,Hors intersection,Pluie légère,Deux véhicules - arrière,,,,,,,,,,,1,2,1,2.0,2.0
201000031902,0010-11-02 15:55:00,10,11,2,15,55,370,261,"., NIESSEL (AVENUE DU GE",47.367,0.70031,Plein jour,En agglomération,Intersection en T,Pluie légère,Deux véhicules - côté,,,,,,,,,,,1,2,3,2.0,3.0
201000031903,0010-11-03 17:00:00,10,11,3,17,0,370,261,"., WAGNER (BOULEVARD RIC",47.3742,0.70392,Nuit avec éclairage allumé,En agglomération,Hors intersection,Temps éblouissant,Deux véhicules - arrière,,,,,,,,,,,5,2,1,7.0,2.0
201000031904,0010-11-02 17:50:00,10,11,2,17,50,370,261,"., WAGNER (BOULEVARD RIC",47.3741,0.70098,Nuit avec éclairage allumé,En agglomération,Hors intersection,Pluie légère,Sans collision,,,,,,,,,,,5,2,1,2.0,7.0
201000031905,0010-11-04 09:15:00,10,11,4,9,15,370,122,"., RD 37",47.3665,0.65322,Plein jour,Hors agglomération,Hors intersection,Pluie légère,Autre collision,,,,,,,,,,,1,1,1,2.0,6.0
201000031906,0010-11-08 15:20:00,10,11,8,15,20,370,261,"., MARCEAU (RUE)",47.3912,0.68602,Plein jour,En agglomération,Intersection en X,Temps éblouissant,Autre collision,,,,,,,,,,,1,2,2,7.0,6.0
201000031907,0010-11-09 18:45:00,10,11,9,18,45,370,261,NOBEL (ROND-POINT ALFRED,47.4199,0.69396,Nuit avec éclairage allumé,En agglomération,Hors intersection,Pluie légère,Deux véhicules - arrière,,,,,,,,,,,5,2,1,2.0,2.0
201000031908,0010-11-09 20:15:00,10,11,9,20,15,370,261,SANITAS (PONT DU),,,Nuit avec éclairage allumé,En agglomération,Hors intersection,Pluie légère,Deux véhicules - arrière,,,,,,,,,,,5,2,1,2.0,2.0
201000031909,0010-11-11 11:10:00,10,11,11,11,10,370,122,ROUTE DEPARTEMENTALE 86,47.3335,0.66441,Plein jour,En agglomération,Hors intersection,Pluie légère,Deux véhicules - côté,,,,,,,,,,,1,2,1,2.0,3.0
201000031910,0010-11-14 17:45:00,10,11,14,17,45,370,122,"32, PONT VOLANT (RUE DU)",47.36,0.67028,Nuit avec éclairage non allumé,En agglomération,Hors intersection,Normale,Deux véhicules - arrière,,,,,,,,,,,4,2,1,1.0,2.0
201000031911,0010-11-22 08:35:00,10,11,22,8,35,370,261,"., REPUBLIQUE (AVENUE DE",,,Crépuscule ou aube,En agglomération,Intersection en X,Pluie légère,Autre collision,,,,,,,,,,,2,2,2,2.0,6.0
201000031912,0010-11-27 19:30:00,10,11,27,19,30,370,208,LARCAY (RUE DE),47.3684,0.76378,Nuit avec éclairage non allumé,Hors agglomération,Hors intersection,Normale,Deux véhicules - arrière,,,,,,,,,,,4,1,1,1.0,2.0
201000031913,0010-11-27 20:10:00,10,11,27,20,10,370,261,"., ARSONVAL (AVENUE ARSE",47.3555,0.69938,Nuit avec éclairage allumé,En agglomération,Intersection en T,Normale,Autre collision,,,,,,,,,,,5,2,3,1.0,6.0
201000031914,0010-12-08 18:20:00,10,12,8,18,20,370,261,"20, DASSAULT (AVENUE MAR",47.3641,0.68391,Nuit avec éclairage allumé,Hors agglomération,Hors intersection,Pluie légère,Autre collision,,,,,,,,,,,5,1,1,2.0,6.0
201000031915,0010-12-08 19:40:00,10,12,8,19,40,370,261,"., PROUDHON (AVENUE)",47.3951,0.67362,Nuit avec éclairage allumé,En agglomération,Hors intersection,Pluie légère,Deux véhicules - arrière,,,,,,,,,,,5,2,1,2.0,2.0
201000031916,0010-12-14 12:50:00,10,12,14,12,50,370,261,VERDUN (CARREFOUR DE),,,Plein jour,En agglomération,Giratoire,Normale,Deux véhicules - côté,,,,,,,,,,,1,2,6,1.0,3.0
201000031917,0010-12-20 13:35:00,10,12,20,13,35,370,261,"38, GRAMMONT (AVENUE DE)",47.3843,0.69109,Plein jour,En agglomération,Intersection en X,Normale,Deux véhicules - côté,,,,,,,,,,,1,2,2,1.0,3.0
201000031918,0010-10-09 00:10:00,10,10,9,0,10,370,261,DESMOULINS (PASSAGE CAMI,47.386,0.70158,Nuit avec éclairage allumé,En agglomération,Hors intersection,Normale,Deux véhicules - côté,,,,,,,,,,,5,2,1,1.0,3.0
201000031919,0010-10-16 22:00:00,10,10,16,22,0,370,261,ESTIENNE (AVENUE DU GENE,47.4143,0.69348,Nuit avec éclairage allumé,En agglomération,Hors intersection,Temps couvert,Sans collision,,,,,,,,,,,5,2,1,8.0,7.0
201000031920,0010-10-19 21:00:00,10,10,19,21,0,370,261,ENTRAIGUES (RUE D'),47.386,0.67505,Nuit avec éclairage allumé,En agglomération,Intersection en X,Temps couvert,Deux véhicules - côté,,,,,,,,,,,5,2,2,8.0,3.0
201000031921,0010-10-23 02:30:00,10,10,23,2,30,370,208,"223,225, CORMERY (RUE DE",,,Nuit avec éclairage allumé,En agglomération,Hors intersection,Normale,Autre collision,,,,,,,,,,,5,2,1,1.0,6.0
201000031922,0010-11-02 23:40:00,10,11,2,23,40,370,261,PROUDHON (AVENUE),47.3944,0.66827,Nuit sans éclairage public,En agglomération,Hors intersection,Temps couvert,Autre collision,,,,,,,,,,,3,2,1,8.0,6.0
201000031923,0010-11-06 00:15:00,10,11,6,0,15,370,261,PROUDHON (AVENUE),47.3947,0.67107,Nuit avec éclairage allumé,En agglomération,Intersection en T,Normale,Deux véhicules - côté,,,,,,,,,,,5,2,3,1.0,3.0
201000031924,0010-11-06 21:40:00,10,11,6,21,40,370,261,"45, DE GAULLE (AVENUE DU",47.3812,0.70205,Nuit avec éclairage allumé,En agglomération,Hors intersection,Pluie légère,Deux véhicules - arrière,,,,,,,,,,,5,2,1,2.0,2.0
201000031925,0010-11-14 01:45:00,10,11,14,1,45,370,261,"86, COMMERCE (RUE DU)",47.3964,0.68483,Nuit avec éclairage allumé,En agglomération,Hors intersection,Temps couvert,Autre collision,,,,,,,,,,,5,2,1,8.0,6.0
201000031926,0010-11-19 20:35:00,10,11,19,20,35,370,208,"2, CHESNE (RUE DU)",,,Nuit avec éclairage allumé,En agglomération,Hors intersection,Normale,Autre collision,,,,,,,,,,,5,2,1,1.0,6.0
201000031927,0010-11-30 21:00:00,10,11,30,21,0,370,233,"86, DUCLOS (AVENUE JACQU",47.381,0.73358,Nuit avec éclairage allumé,En agglomération,Hors intersection,Temps couvert,Deux véhicules - côté,,,,,,,,,,,5,2,1,8.0,3.0
201000031928,0010-12-01 23:20:00,10,12,1,23,20,370,233,DUCLOS (AVENUE JACQUES),,,Nuit avec éclairage allumé,En agglomération,Hors intersection,Temps couvert,Deux véhicules - côté,,,,,,,,,,,5,2,1,8.0,3.0
201000031929,0010-12-12 00:25:00,10,12,12,0,25,370,122,PONT VOLANT (RUE DU),47.3662,0.67528,Nuit avec éclairage allumé,En agglomération,Hors intersection,Normale,Autre collision,,,,,,,,,,,5,2,1,1.0,6.0
201000031930,0010-12-16 03:10:00,10,12,16,3,10,370,261,CHEVALLIER (RUE AUGUSTE),,,Nuit avec éclairage allumé,En agglomération,Hors intersection,Normale,Autre collision,,,,,,,,,,,5,2,1,1.0,6.0
201000031931,0010-12-14 08:32:00,10,12,14,8,32,370,214,"., AMBOISE (RUE D')",,,Plein jour,En agglomération,Hors intersection,Temps couvert,Deux véhicules - frontale,,,,,,,,,,,1,2,1,8.0,1.0
201000031932,0010-03-11 22:15:00,10,3,11,22,15,370,195,PERIPHERIQUE OUEST,47.3873,0.64788,Nuit sans éclairage public,Hors agglomération,Intersection en Y,Normale,Autre collision,,,,,,,,,,,3,1,4,1.0,6.0
201000031933,0010-12-01 13:40:00,10,12,1,13,40,370,195,RD 37,47.3743,0.65274,Plein jour,Hors agglomération,Hors intersection,Normale,Deux véhicules - côté,,,,,,,,,,,1,1,1,1.0,3.0
201000031934,0010-12-07 15:00:00,10,12,7,15,0,370,261,GRAMMONT (AVENUE DE),47.3882,0.68943,Plein jour,En agglomération,Intersection en X,Pluie légère,Deux véhicules - côté,,,,,,,,,,,1,2,2,2.0,3.0
201000031935,0010-12-07 17:40:00,10,12,7,17,40,370,122,"114, JAURES (BOULEVARD J",47.3476,0.65655,Nuit avec éclairage allumé,En agglomération,Hors intersection,Pluie légère,Sans collision,,,,,,,,,,,5,2,1,2.0,7.0
201000031936,0010-12-09 08:45:00,10,12,9,8,45,370,261,CHURCHILL (BOULEVARD WIN,,,Plein jour,En agglomération,Hors intersection,Normale,Trois véhicules et plus - collisions multiples,,,,,,,,,,,1,2,1,1.0,5.0
201000031937,0010-12-18 18:20:00,10,12,18,18,20,370,261,NIESSEL (AVENUE DU GENER,47.3657,0.70008,Nuit avec éclairage allumé,En agglomération,Intersection en X,Pluie légère,Deux véhicules - frontale,,,,,,,,,,,5,2,2,2.0,1.0
201000031938,0010-12-20 04:53:00,10,12,20,4,53,370,122,JAURES (BOULEVARD JEAN),47.3495,0.67294,Nuit avec éclairage allumé,En agglomération,Hors intersection,Pluie forte,Autre collision,,,,,,,,,,,5,2,1,3.0,6.0
201000031939,0010-09-10 20:56:00,10,9,10,20,56,370,122,ROTIERE (RUE DE LA),47.3475,0.66326,Crépuscule ou aube,En agglomération,Hors intersection,Normale,Sans collision,,,,,,,,,,,2,2,1,1.0,7.0
201000031940,0010-11-18 07:15:00,10,11,18,7,15,370,261,"224, GRAMMONT (AVENUE DE",47.3742,0.6951,Nuit avec éclairage allumé,En agglomération,Hors intersection,Normale,Autre collision,,,,,,,,,,,5,2,1,1.0,6.0
201000031941,0010-11-11 14:45:00,10,11,11,14,45,370,261,WAGNER (BOULEVARD RICHAR,47.3756,0.71001,Plein jour,En agglomération,Hors intersection,Pluie légère,Deux véhicules - arrière,,,,,,,,,,,1,2,1,2.0,2.0
201000031942,0010-11-12 12:30:00,10,11,12,12,30,370,261,GANCE (BOULEVARD ABEL),,,Plein jour,En agglomération,Hors intersection,Pluie légère,Autre collision,,,,,,,,,,,1,2,1,2.0,6.0
201000031943,0010-11-13 06:42:00,10,11,13,6,42,370,261,DANIEL MAYER,,,Nuit avec éclairage allumé,En agglomération,Intersection en X,Normale,Deux véhicules - frontale,,,,,,,,,,,5,2,2,1.0,1.0