accident_id,datetime,annee,mois,jour,heure,minute,departement,commune_insee,adresse,latitude,longitude,luminosite,agglomeration,intersection,meteo,collision,nb_vehicules,nb_usagers,nb_indemnes,nb_tues,nb_blesses_hosp,nb_blesses_legers,age_cond_1,age_cond_2,veh_type_cond_1,veh_type_cond_2,lum_code,agg_code,int_code,atm_code,col_code
201000031944,0010-11-11 16:45:00,10,11,11,16,45,370,261,PROUDHON (AVENUE),47.395,0.67311,Plein jour,En agglomération,Hors intersection,Normale,Autre collision,,,,,,,,,,,1,2,1,1.0,6.0
201000031945,0010-11-28 14:25:00,10,11,28,14,25,370,261,TOURCOING (RUE DE),,,Plein jour,En agglomération,Intersection en X,Normale,Deux véhicules - côté,,,,,,,,,,,1,2,2,1.0,3.0
201000031946,0010-11-25 07:41:00,10,11,25,7,41,370,261,ENTRAIGUES (RUE D'),47.3843,0.66603,Nuit avec éclairage allumé,En agglomération,Intersection en X,Pluie forte,Autre collision,,,,,,,,,,,5,2,2,3.0,6.0
201000031947,0010-11-25 08:15:00,10,11,25,8,15,370,261,SAVONNIERES (ROUTE DE),47.3675,0.65256,Crépuscule ou aube,Hors agglomération,Intersection en T,Pluie forte,Deux véhicules - côté,,,,,,,,,,,2,1,3,3.0,3.0
201000031948,0010-11-16 14:05:00,10,11,16,14,5,370,233,FARGES (AVENUE YVES),47.3873,0.74641,Plein jour,Hors agglomération,Intersection en T,Normale,Deux véhicules - côté,,,,,,,,,,,1,1,3,1.0,3.0
201000031949,0010-11-29 19:32:00,10,11,29,19,32,370,122,DE GAULLE (AVENUE DU GEN,47.3809,0.69932,Nuit avec éclairage allumé,En agglomération,Hors intersection,Normale,Autre collision,,,,,,,,,,,5,2,1,1.0,6.0
201000031950,0010-11-30 07:55:00,10,11,30,7,55,370,261,TONNELLE (BOULEVARD),,,Plein jour,En agglomération,Hors intersection,Normale,Autre collision,,,,,,,,,,,1,2,1,1.0,6.0
201000031951,0010-12-04 14:30:00,10,12,4,14,30,370,261,NOBEL (ROND-POINT ALFRED,47.4265,0.70155,Plein jour,En agglomération,Hors intersection,Normale,Deux véhicules - arrière,,,,,,,,,,,1,2,1,1.0,2.0
201000031952,0010-12-06 11:51:00,10,12,6,11,51,370,261,"61, NATIONALE (RUE)",47.3938,0.68721,Plein jour,En agglomération,Hors intersection,Normale,Autre collision,,,,,,,,,,,1,2,1,1.0,6.0
201000031953,0010-12-10 18:50:00,10,12,10,18,50,370,261,"119, VAILLANT (RUE EDOUA",47.3806,0.70743,Nuit avec éclairage allumé,En agglomération,Hors intersection,Normale,Autre collision,,,,,,,,,,,5,2,1,1.0,6.0
201000031954,0010-12-06 12:03:00,10,12,6,12,3,370,261,STENDHAL (AVENUE),47.368,0.7059,Plein jour,En agglomération,Hors intersection,Temps couvert,Deux véhicules - côté,,,,,,,,,,,1,2,1,8.0,3.0
201000031955,0010-11-25 05:15:00,10,11,25,5,15,370,261,"64, WAGNER (BOULEVARD RI",47.3743,0.70072,Nuit avec éclairage allumé,En agglomération,Hors intersection,Normale,Deux véhicules - arrière,,,,,,,,,,,5,2,1,1.0,2.0
201000031956,0010-12-16 20:36:00,10,12,16,20,36,370,208,GRANGES GALANT (RUE DES),47.3689,0.71894,Nuit avec éclairage allumé,En agglomération,Intersection en T,Temps couvert,Deux véhicules - côté,,,,,,,,,,,5,2,3,8.0,3.0
201000031957,0010-12-11 16:45:00,10,12,11,16,45,370,195,COUVENT DES MINIMES,47.3819,0.65548,Plein jour,En agglomération,Hors intersection,Pluie légère,Autre collision,,,,,,,,,,,1,2,1,2.0,6.0
201000031958,0010-01-12 07:36:00,10,1,12,7,36,370,261,MANS (AVENUE DU),47.4093,0.68022,Crépuscule ou aube,Hors agglomération,Hors intersection,Normale,Autre collision,,,,,,,,,,,2,1,1,1.0,6.0
201000031959,0010-12-05 15:00:00,10,12,5,15,0,370,214,GAGNERIE (RUE DE LA),47.4288,0.64216,Plein jour,En agglomération,Hors intersection,Pluie légère,Autre collision,,,,,,,,,,,1,2,1,2.0,6.0
201000031960,0010-01-13 18:30:00,10,1,13,18,30,370,122,RD 37 SORTIE N MICHELIN,47.3511,0.64577,Crépuscule ou aube,Hors agglomération,Autre intersection,Normale,Deux véhicules - arrière,,,,,,,,,,,2,1,9,1.0,2.0
201000031961,0010-01-19 20:36:00,10,1,19,20,36,370,261,MALRAUX (QUAI ANDRE),,,Nuit sans éclairage public,En agglomération,Intersection en T,Normale,Deux véhicules - côté,,,,,,,,,,,3,2,3,1.0,3.0
201000031962,0010-01-25 08:13:00,10,1,25,8,13,370,261,MIRABEAU (RUE),47.3966,0.69963,Crépuscule ou aube,En agglomération,Hors intersection,Normale,Autre collision,,,,,,,,,,,2,2,1,1.0,6.0
201000031963,0010-02-12 18:25:00,10,2,12,18,25,370,122,ROUTE DE NARBONNE,47.3307,0.6587,Nuit avec éclairage allumé,En agglomération,Giratoire,Normale,Deux véhicules - côté,,,,,,,,,,,5,2,6,1.0,3.0
201000031964,0010-10-01 18:45:00,10,10,1,18,45,370,261,PROUDHON (AVENUE),47.3945,0.6689,Crépuscule ou aube,En agglomération,Hors intersection,Normale,Sans collision,,,,,,,,,,,2,2,1,1.0,7.0
201000031965,0010-10-04 12:55:00,10,10,4,12,55,370,261,RD 37 À TOURS ?,,,Plein jour,Hors agglomération,Hors intersection,Normale,Autre collision,,,,,,,,,,,1,1,1,1.0,6.0
201000031966,0010-10-06 07:15:00,10,10,6,7,15,370,261,PROUDHON (AVENUE),47.3952,0.67433,Crépuscule ou aube,En agglomération,Hors intersection,Normale,Sans collision,,,,,,,,,,,2,2,1,1.0,7.0
201000031967,0010-10-12 17:25:00,10,10,12,17,25,370,261,BOYER (RUE LEON),47.3896,0.67462,Crépuscule ou aube,En agglomération,Hors intersection,Normale,Deux véhicules - arrière,,,,,,,,,,,2,2,1,1.0,2.0
201000031968,0010-10-12 20:07:00,10,10,12,20,7,370,261,MONGE (AVENUE),,,Crépuscule ou aube,En agglomération,Hors intersection,Normale,Sans collision,,,,,,,,,,,2,2,1,1.0,7.0
201000031969,0010-10-18 13:42:00,10,10,18,13,42,370,261,VICTOIRE (RUE DE LA),47.3947,0.6776,Plein jour,En agglomération,Hors intersection,Normale,Autre collision,,,,,,,,,,,1,2,1,1.0,6.0
201000031970,0010-10-19 11:30:00,10,10,19,11,30,370,261,DE LATTRE DE TASSIGNY (B,47.3833,0.69629,Plein jour,En agglomération,Place,Normale,Autre collision,,,,,,,,,,,1,2,7,1.0,6.0
201000031971,0010-10-22 08:59:00,10,10,22,8,59,370,122,CARROIR FOUCHET (RUE),47.3338,0.65374,Plein jour,En agglomération,Hors intersection,Normale,Autre collision,,,,,,,,,,,1,2,1,1.0,6.0
201000031972,0010-10-22 12:20:00,10,10,22,12,20,370,122,BONDONNIERE (RUE DE),47.3558,0.69684,Plein jour,En agglomération,Hors intersection,Normale,Autre collision,,,,,,,,,,,1,2,1,1.0,6.0
201000031973,0010-10-23 22:17:00,10,10,23,22,17,370,261,RD 37,,,Crépuscule ou aube,Hors agglomération,Hors intersection,Normale,Autre collision,,,,,,,,,,,2,1,1,1.0,6.0
201000031974,0010-10-23 20:01:00,10,10,23,20,1,370,261,PROUDHON (AVENUE),47.3952,0.67464,Crépuscule ou aube,En agglomération,Hors intersection,Normale,Sans collision,,,,,,,,,,,2,2,1,1.0,7.0
201000031975,0010-10-26 20:10:00,10,10,26,20,10,370,122,BONDONNIERE (RUE DE),47.3553,0.69618,Nuit avec éclairage allumé,En agglomération,Hors intersection,Normale,Deux véhicules - arrière,,,,,,,,,,,5,2,1,1.0,2.0
201000031976,0010-10-31 12:15:00,10,10,31,12,15,370,122,GUILLOTIERE,,,Plein jour,Hors agglomération,Intersection en X,Normale,Autre collision,,,,,,,,,,,1,1,2,1.0,6.0
201000031977,0010-10-29 18:21:00,10,10,29,18,21,370,122,RENAN (RUE ERNEST),,,Crépuscule ou aube,En agglomération,Hors intersection,Normale,Autre collision,,,,,,,,,,,2,2,1,1.0,6.0
201000031978,0010-12-17 17:00:00,10,12,17,17,0,370,261,JAURES (PLACE JEAN),47.3903,0.68847,Plein jour,En agglomération,Hors intersection,Normale,Sans collision,,,,,,,,,,,1,2,1,1.0,7.0
201000031979,0010-12-20 17:45:00,10,12,20,17,45,370,233,BALZAC (RUE HONORE DE),,,Crépuscule ou aube,En agglomération,Intersection en X,Normale,Deux véhicules - côté,,,,,,,,,,,2,2,2,1.0,3.0
201000031980,0010-12-30 17:45:00,10,12,30,17,45,370,214,LOIRE (QUAI DE LA),,,Nuit avec éclairage allumé,En agglomération,Hors intersection,Normale,Autre collision,,,,,,,,,,,5,2,1,1.0,6.0
201000031981,0010-12-27 19:34:00,10,12,27,19,34,370,122,CHINON (BOULEVARD DE),47.3546,0.69534,Nuit avec éclairage allumé,En agglomération,Intersection en X,Normale,Deux véhicules - côté,,,,,,,,,,,5,2,2,1.0,3.0
201000031982,0010-12-27 19:40:00,10,12,27,19,40,370,233,DUCLOS (AVENUE JACQUES),,,Nuit avec éclairage allumé,En agglomération,Hors intersection,Normale,Deux véhicules - côté,,,,,,,,,,,5,2,1,1.0,3.0
201000031983,0010-03-21 16:35:00,10,3,21,16,35,370,261,"6, POUSSIN (RUE NICOLAS)",,,Plein jour,En agglomération,Hors intersection,Normale,Autre collision,,,,,,,,,,,1,2,1,1.0,6.0
201000031984,0010-10-23 14:35:00,10,10,23,14,35,370,261,JAURES (PLACE JEAN),47.3901,0.6886,Plein jour,En agglomération,Hors intersection,Normale,Deux véhicules - côté,,,,,,,,,,,1,2,1,1.0,3.0
201000031985,0010-11-15 18:30:00,10,11,15,18,30,370,122,ROTIERE (RUE DE LA),47.3468,0.65989,Nuit avec éclairage non allumé,En agglomération,Hors intersection,Normale,Sans collision,,,,,,,,,,,4,2,1,1.0,7.0
201000031986,0010-11-11 17:15:00,10,11,11,17,15,370,122,CHINON (BOULEVARD DE),,,Crépuscule ou aube,En agglomération,Intersection en T,Normale,Autre collision,,,,,,,,,,,2,2,3,1.0,6.0
201000031987,0010-11-09 12:23:00,10,11,9,12,23,370,261,PROUDHON (AVENUE),47.3945,0.66955,Plein jour,En agglomération,Hors intersection,Autre,Sans collision,,,,,,,,,,,1,2,1,9.0,7.0
201000031988,0010-11-09 19:15:00,10,11,9,19,15,370,122,REPUBLIQUE (AVENUE DE LA,,,Nuit avec éclairage allumé,En agglomération,Hors intersection,Normale,Autre collision,,,,,,,,,,,5,2,1,1.0,6.0
201000031989,0010-11-05 16:22:00,10,11,5,16,22,370,122,TOURMALINE (RUE DE LA),47.3635,0.65047,Plein jour,En agglomération,Giratoire,Normale,Deux véhicules - côté,,,,,,,,,,,1,2,6,1.0,3.0
201000031990,0010-11-05 20:18:00,10,11,5,20,18,370,233,BALZAC (RUE HONORE DE),47.3897,0.71546,Nuit avec éclairage allumé,En agglomération,Intersection en X,Normale,Autre collision,,,,,,,,,,,5,2,2,1.0,6.0
201000031991,0010-11-06 18:33:00,10,11,6,18,33,370,261,PROUDHON (AVENUE),47.3953,0.67464,Nuit avec éclairage allumé,En agglomération,Hors intersection,Normale,Sans collision,,,,,,,,,,,5,2,1,1.0,7.0
201000031992,0010-11-04 12:53:00,10,11,4,12,53,370,261,WATT (AVENUE JAMES),47.3647,0.68032,Plein jour,En agglomération,Hors intersection,Normale,Autre collision,,,,,,,,,,,1,2,1,1.0,6.0
201000031993,0010-11-25 07:47:00,10,11,25,7,47,370,122,RD 86,47.3351,0.6646,Crépuscule ou aube,Hors agglomération,Hors intersection,Normale,Deux véhicules - arrière,,,,,,,,,,,2,1,1,1.0,2.0
201000031994,0010-11-23 17:59:00,10,11,23,17,59,370,261,MALRAUX (QUAI ANDRE),47.3976,0.6963,Crépuscule ou aube,En agglomération,Hors intersection,Normale,Trois véhicules et plus - en chaîne,,,,,,,,,,,2,2,1,1.0,4.0
201000031995,0010-11-19 08:15:00,10,11,19,8,15,370,122,JUIN (RUE DU MARECHAL),47.3464,0.66573,Crépuscule ou aube,En agglomération,Intersection en T,Normale,Deux véhicules - côté,,,,,,,,,,,2,2,3,1.0,3.0
201000031996,0010-11-18 10:14:00,10,11,18,10,14,370,214,PORTILLON (QUAI),47.4003,0.6788,Plein jour,En agglomération,Hors intersection,Normale,Autre collision,,,,,,,,,,,1,2,1,1.0,6.0
201000031997,0010-12-10 16:10:00,10,12,10,16,10,370,122,MALRAUX (ALLEE),47.3494,0.6453,Plein jour,En agglomération,Hors intersection,Normale,Sans collision,,,,,,,,,,,1,2,1,1.0,7.0
201000031998,0010-12-11 01:30:00,10,12,11,1,30,370,122,TELLIER (RUE CHARLES),,,Nuit avec éclairage allumé,En agglomération,Hors intersection,Normale,Autre collision,,,,,,,,,,,5,2,1,1.0,6.0
201000031999,0010-12-15 08:00:00,10,12,15,8,0,370,122,JUIN (RUE DU MARECHAL),47.3465,0.66562,Crépuscule ou aube,En agglomération,Hors intersection,Normale,Autre collision,,,,,,,,,,,2,2,1,1.0,6.0
201000032000,0010-12-06 13:35:00,10,12,6,13,35,370,261,DANEMARK (AVENUE DU),,,Plein jour,En agglomération,Hors intersection,Normale,Autre collision,,,,,,,,,,,1,2,1,1.0,6.0
201000032001,0010-03-04 10:30:00,10,3,4,10,30,370,214,VOISIN (BOULEVARD ANDRE-,,,Plein jour,En agglomération,Intersection en Y,Normale,Sans collision,,,,,,,,,,,1,2,4,1.0,7.0
201000032002,0010-03-27 12:10:00,10,3,27,12,10,370,261,PONT CHER (AVENUE DE),47.3716,0.67742,Plein jour,En agglomération,Intersection en T,Normale,Autre collision,,,,,,,,,,,1,2,3,1.0,6.0
201000032003,0010-04-05 16:30:00,10,4,5,16,30,370,261,"102, GRAMMONT (AVENUE DE",47.3808,0.69247,Plein jour,En agglomération,Hors intersection,Normale,Deux véhicules - arrière,,,,,,,,,,,1,2,1,1.0,2.0
201000032004,0010-03-14 19:50:00,10,3,14,19,50,370,261,GAL DE GAULLE/GUILLAUMET,47.3814,0.70534,Plein jour,En agglomération,Intersection en T,Normale,Sans collision,,,,,,,,,,,1,2,3,1.0,7.0
201000032005,0010-03-03 19:10:00,10,3,3,19,10,370,261,TONNELLE (BOULEVARD),,,Plein jour,En agglomération,Hors intersection,Normale,Autre collision,,,,,,,,,,,1,2,1,1.0,6.0
201000032006,0010-04-28 18:20:00,10,4,28,18,20,370,233,LENGLEN (ALLEE SUZANNE),,,Plein jour,En agglomération,Hors intersection,Normale,Autre collision,,,,,,,,,,,1,2,1,1.0,6.0
201000032007,0010-04-30 15:26:00,10,4,30,15,26,370,122,"., EIFFEL (RUE GUSTAVE)",47.3577,0.6471,Plein jour,En agglomération,Giratoire,Normale,Deux véhicules - côté,,,,,,,,,,,1,2,6,1.0,3.0
201000032008,0010-05-02 23:40:00,10,5,2,23,40,370,261,EIFFEL (AVENUE GUSTAVE),47.4284,0.69664,Nuit avec éclairage allumé,En agglomération,Giratoire,Temps couvert,Autre collision,,,,,,,,,,,5,2,6,8.0,6.0
201000032009,0010-05-04 18:25:00,10,5,4,18,25,370,261,RD 37,,,Plein jour,Hors agglomération,Hors intersection,Normale,Deux véhicules - arrière,,,,,,,,,,,1,1,1,1.0,2.0
201000032010,0010-05-05 21:25:00,10,5,5,21,25,370,122,"81, JAURES (BOULEVARD JE",47.3513,0.68146,Nuit avec éclairage allumé,En agglomération,Intersection en X,Normale,Deux véhicules - côté,,,,,,,,,,,5,2,2,1.0,3.0
201000032011,0010-03-30 10:30:00,10,3,30,10,30,370,261,HALLES (RUE DES),47.3926,0.68072,Plein jour,En agglomération,Intersection en X,Normale,Deux véhicules - côté,,,,,,,,,,,1,2,2,1.0,3.0
201000032012,0010-04-17 09:20:00,10,4,17,9,20,370,261,"16, ROBERT (RUE CAMILLE)",47.4096,0.71089,Plein jour,En agglomération,Hors intersection,Normale,Sans collision,,,,,,,,,,,1,2,1,1.0,7.0
201000032013,0010-03-23 15:09:00,10,3,23,15,9,370,261,NEUVE (PLACE),,,Plein jour,En agglomération,Place,Normale,Autre collision,,,,,,,,,,,1,2,7,1.0,6.0
201000032014,0010-05-07 21:10:00,10,5,7,21,10,370,195,PLESSIS (RUE DU),,,Crépuscule ou aube,En agglomération,Intersection en X,Normale,Deux véhicules - côté,,,,,,,,,,,2,2,2,1.0,3.0
201000032015,0010-05-12 18:00:00,10,5,12,18,0,370,233,"146, STALINGRAD (AVENUE)",47.3829,0.72106,Plein jour,En agglomération,Hors intersection,Normale,Deux véhicules - côté,,,,,,,,,,,1,2,1,1.0,3.0
201000032016,0010-06-09 17:55:00,10,6,9,17,55,370,122,BOULEVARD PERIPHERIQUE N,,,Plein jour,Hors agglomération,Intersection en T,Normale,Deux véhicules - arrière,,,,,,,,,,,1,1,3,1.0,2.0
201000032017,0010-06-23 18:10:00,10,6,23,18,10,370,261,"126, BERANGER (BOULEVARD",47.3885,0.67702,Plein jour,En agglomération,Hors intersection,Normale,Autre collision,,,,,,,,,,,1,2,1,1.0,6.0
201000032018,0010-06-22 16:52:00,10,6,22,16,52,370,261,HOSPITALITE (RUE DE L'),47.3888,0.67125,Plein jour,En agglomération,Hors intersection,Normale,Deux véhicules - côté,,,,,,,,,,,1,2,1,1.0,3.0
201000032019,0010-07-07 09:00:00,10,7,7,9,0,370,208,LAC (AVENUE DU),47.367,0.72036,Plein jour,Hors agglomération,Intersection en X,Normale,Deux véhicules - côté,,,,,,,,,,,1,1,2,1.0,3.0
201000032020,0010-07-13 13:50:00,10,7,13,13,50,370,122,BEAULIEU (RUE DE),47.362,0.66323,Plein jour,Hors agglomération,Intersection en T,Normale,Deux véhicules - côté,,,,,,,,,,,1,1,3,1.0,3.0
201000032021,0010-07-25 02:35:00,10,7,25,2,35,370,208,"35, NOUVEAU BOIS (RUE DU",47.357,0.7527,Nuit avec éclairage allumé,En agglomération,Hors intersection,Normale,Sans collision,,,,,,,,,,,5,2,1,1.0,7.0
201000032022,0010-08-10 23:50:00,10,8,10,23,50,370,261,SAVONNIERES (ROUTE DE),47.3673,0.65411,Nuit sans éclairage public,En agglomération,Hors intersection,Temps couvert,Deux véhicules - côté,,,,,,,,,,,3,2,1,8.0,3.0
201000032023,0010-08-26 13:58:00,10,8,26,13,58,370,122,BRETONNIERES (BOULEVARD,,,Plein jour,Hors agglomération,Hors intersection,Normale,Deux véhicules - frontale,,,,,,,,,,,1,1,1,1.0,1.0
201000032024,0010-09-10 13:20:00,10,9,10,13,20,370,195,"26, SAINTE ANNE (PLACE)",47.3821,0.64101,Plein jour,En agglomération,Hors intersection,Normale,Autre collision,,,,,,,,,,,1,2,1,1.0,6.0
201000032025,0010-09-01 14:15:00,10,9,1,14,15,370,233,RABATERIE (RUE DE LA),47.3922,0.72507,Plein jour,En agglomération,Intersection en X,Normale,Deux véhicules - côté,,,,,,,,,,,1,2,2,1.0,3.0
201000032026,0010-08-03 16:30:00,10,8,3,16,30,370,214,"43, ENGERAND (RUE ROLAND",47.4079,0.67495,Plein jour,En agglomération,Hors intersection,Normale,Autre collision,,,,,,,,,,,1,2,1,1.0,6.0
201000032027,0010-09-09 13:10:00,10,9,9,13,10,370,261,THIERS (BOULEVARD),47.3811,0.68518,Plein jour,En agglomération,Intersection en T,Normale,Deux véhicules - côté,,,,,,,,,,,1,2,3,1.0,3.0
201000032028,0010-09-03 17:25:00,10,9,3,17,25,370,261,HUGO (RUE VICTOR),47.3855,0.67245,Plein jour,En agglomération,Intersection en X,Normale,Deux véhicules - côté,,,,,,,,,,,1,2,2,1.0,3.0
201000032029,0010-09-13 12:36:00,10,9,13,12,36,370,261,RD 37,47.3585,0.64563,Plein jour,Hors agglomération,Autre intersection,Normale,Deux véhicules - côté,,,,,,,,,,,1,1,9,1.0,3.0
201000032030,0010-09-10 23:20:00,10,9,10,23,20,370,261,PASCAL (RUE BLAISE),,,Nuit avec éclairage allumé,En agglomération,Intersection en X,Normale,Deux véhicules - côté,,,,,,,,,,,5,2,2,1.0,3.0
201000032031,0010-08-19 06:55:00,10,8,19,6,55,370,214,PORTILLON (QUAI),47.3976,0.66737,Plein jour,En agglomération,Giratoire,Normale,Deux véhicules - côté,,,,,,,,,,,1,2,6,1.0,3.0
201000032032,0010-09-15 13:30:00,10,9,15,13,30,370,261,"253, GRAMMONT (AVENUE DE",47.3732,0.69539,Plein jour,En agglomération,Hors intersection,Pluie légère,Autre collision,,,,,,,,,,,1,2,1,2.0,6.0
201000032033,0010-09-19 02:35:00,10,9,19,2,35,370,261,TANNEURS (RUE DES),47.3963,0.6838,Nuit avec éclairage allumé,En agglomération,Giratoire,Normale,Deux véhicules - côté,,,,,,,,,,,5,2,6,1.0,3.0
201000032034,0010-09-20 15:40:00,10,9,20,15,40,370,261,"203, DOUETS (RUE DES)",47.4365,0.68371,Plein jour,En agglomération,Hors intersection,Normale,Deux véhicules - côté,,,,,,,,,,,1,2,1,1.0,3.0
201000032035,0010-07-16 10:35:00,10,7,16,10,35,370,261,PROUDHON (AVENUE),47.3953,0.67514,Plein jour,En agglomération,Intersection en X,Normale,Deux véhicules - côté,,,,,,,,,,,1,2,2,1.0,3.0
201000032036,0010-08-05 20:00:00,10,8,5,20,0,370,261,GRAMMONT (AVENUE DE),47.3738,0.69524,Plein jour,En agglomération,Intersection en X,Normale,Deux véhicules - côté,,,,,,,,,,,1,2,2,1.0,3.0
201000032037,0010-08-25 21:30:00,10,8,25,21,30,370,261,FRANCE (PLACE ANATOLE)/,47.3965,0.6861,Nuit avec éclairage allumé,En agglomération,Intersection en X,Normale,Sans collision,,,,,,,,,,,5,2,2,1.0,7.0
201000032038,0010-08-18 19:10:00,10,8,18,19,10,370,261,GRAMMONT (AVENUE DE),47.3637,0.69939,Plein jour,En agglomération,Giratoire,Normale,Deux véhicules - frontale,,,,,,,,,,,1,2,6,1.0,1.0
201000032039,0010-09-24 15:00:00,10,9,24,15,0,370,261,HEURTELOUP (BOULEVARD),,,Plein jour,En agglomération,Hors intersection,Temps couvert,Autre collision,,,,,,,,,,,1,2,1,8.0,6.0
201000032040,0010-09-24 11:00:00,10,9,24,11,0,370,261,"6, BERANGER (BOULEVARD)",47.3901,0.68797,Plein jour,En agglomération,Hors intersection,Normale,Autre collision,,,,,,,,,,,1,2,1,1.0,6.0
201000032041,0010-09-08 08:35:00,10,9,8,8,35,370,208,"126, CANGE (RUE DE)",47.3657,0.75249,Plein jour,En agglomération,Intersection en T,Pluie légère,Deux véhicules - côté,,,,,,,,,,,1,2,3,2.0,3.0
201000032042,0010-09-23 13:30:00,10,9,23,13,30,370,214,"30, PORTILLON (QUAI)",,,Plein jour,En agglomération,Hors intersection,Normale,Autre collision,,,,,,,,,,,1,2,1,1.0,6.0
201000032043,0010-10-17 14:10:00,10,10,17,14,10,370,261,COMPAGNONS D'EMMAUS (AVE,47.4319,0.69934,Plein jour,En agglomération,Hors intersection,Normale,Deux véhicules - arrière,,,,,,,,,,,1,2,1,1.0,2.0
201000032044,0010-10-08 14:10:00,10,10,8,14,10,370,261,"235, GRAMMONT (AVENUE DE",,,Plein jour,En agglomération,Hors intersection,Normale,Autre collision,,,,,,,,,,,1,2,1,1.0,6.0
201000032045,0010-10-14 13:35:00,10,10,14,13,35,370,261,DEUX LIONS (RUE DES),47.3613,0.6845,Plein jour,En agglomération,Hors intersection,Normale,Autre collision,,,,,,,,,,,1,2,1,1.0,6.0
201000032046,0010-10-01 18:15:00,10,10,1,18,15,370,261,"45, MARMOUTIER (QUAI DE)",,,Plein jour,Hors agglomération,Hors intersection,Pluie légère,Deux véhicules - côté,,,,,,,,,,,1,1,1,2.0,3.0
201000032047,0010-10-20 15:20:00,10,10,20,15,20,370,261,"5/7, GARNIER (RUE CHARLE",47.3677,0.70923,Plein jour,En agglomération,Hors intersection,Normale,Deux véhicules - côté,,,,,,,,,,,1,2,1,1.0,3.0
201000032048,0010-10-30 21:20:00,10,10,30,21,20,370,261,MAGINOT (AV. ANDRE),,,Nuit avec éclairage allumé,En agglomération,Hors intersection,Temps couvert,Deux véhicules - arrière,,,,,,,,,,,5,2,1,8.0,2.0
201000032049,0010-11-01 13:00:00,10,11,1,13,0,370,261,DUBLINEAU (RUE),47.3895,0.6977,Plein jour,En agglomération,Intersection en X,Normale,Deux véhicules - côté,,,,,,,,,,,1,2,2,1.0,3.0
201000032050,0010-10-20 18:10:00,10,10,20,18,10,370,233,"40, DUCLOS (AVENUE JACQU",,,Plein jour,En agglomération,Hors intersection,Normale,Deux véhicules - côté,,,,,,,,,,,1,2,1,1.0,3.0
201000032051,0010-11-10 19:05:00,10,11,10,19,5,370,261,HEURTELOUP (BOULEVARD),47.3919,0.69993,Nuit avec éclairage allumé,En agglomération,Hors intersection,Normale,Trois véhicules et plus - en chaîne,,,,,,,,,,,5,2,1,1.0,4.0
201000032052,0010-11-12 12:25:00,10,11,12,12,25,370,261,ROUTE DE SAVONNIERES,,,Plein jour,En agglomération,Intersection en T,Normale,Trois véhicules et plus - en chaîne,,,,,,,,,,,1,2,3,1.0,4.0
201000032053,0010-11-21 12:25:00,10,11,21,12,25,370,261,"25, ZOLA (RUE EMILE)",,,Plein jour,En agglomération,Intersection en X,Normale,Autre collision,,,,,,,,,,,1,2,2,1.0,6.0
201000032054,0010-11-27 08:40:00,10,11,27,8,40,370,261,", MAGINOT (AV. ANDRE)",47.4098,0.68225,Plein jour,En agglomération,Intersection en X,Normale,Deux véhicules - frontale,,,,,,,,,,,1,2,2,1.0,1.0
201000032055,0010-11-25 17:40:00,10,11,25,17,40,370,261,WEDELLS (RUE JEANNE),,,Nuit avec éclairage allumé,En agglomération,Hors intersection,Pluie forte,Sans collision,,,,,,,,,,,5,2,1,3.0,7.0
201000032056,0010-12-06 13:15:00,10,12,6,13,15,370,261,GANCE (BOULEVARD ABEL),,,Plein jour,Hors agglomération,Giratoire,Normale,Sans collision,,,,,,,,,,,1,1,6,1.0,7.0
201000032057,0010-12-04 17:15:00,10,12,4,17,15,370,261,STENDHAL (AVENUE),,,Nuit sans éclairage public,En agglomération,Hors intersection,Normale,Deux véhicules - côté,,,,,,,,,,,3,2,1,1.0,3.0
201000032058,0010-10-18 16:45:00,10,10,18,16,45,370,261,"220, GRAMMONT (AVENUE DE",47.3745,0.69497,Plein jour,En agglomération,Hors intersection,Normale,Autre collision,,,,,,,,,,,1,2,1,1.0,6.0
201000032059,0010-12-11 21:55:00,10,12,11,21,55,370,261,"247, MAGINOT (AV. ANDRE)",47.4249,0.69966,Nuit avec éclairage allumé,En agglomération,Hors intersection,Normale,Deux véhicules - arrière,,,,,,,,,,,5,2,1,1.0,2.0
201000032060,0010-12-09 08:55:00,10,12,9,8,55,370,261,THIERS (BOULEVARD),47.3814,0.68299,Plein jour,En agglomération,Intersection en X,Autre,Autre collision,,,,,,,,,,,1,2,2,9.0,6.0
201000032061,0010-12-28 21:30:00,10,12,28,21,30,370,261,"12, BOYER (RUE LEON)",47.3928,0.67228,Nuit avec éclairage non allumé,En agglomération,Intersection en X,Temps couvert,Deux véhicules - côté,,,,,,,,,,,4,2,2,8.0,3.0
201000032062,0010-01-04 15:05:00,10,1,4,15,5,380,53,RTE GRENOBLE-BVD JJ ROUS,45.5842,5.28742,Plein jour,En agglomération,Intersection en T,Neige / grêle,Trois véhicules et plus - collisions multiples,,,,,,,,,,,1,2,3,4.0,5.0
201000032063,0010-02-02 17:00:00,10,2,2,17,0,380,348,CH ROSIERE AV CANTINIERE,45.5936,5.295,Plein jour,Hors agglomération,Intersection en Y,Temps couvert,Autre collision,,,,,,,,,,,1,1,4,8.0,6.0
201000032064,0010-02-27 00:30:00,10,2,27,0,30,380,53,"24, GRENOBLE (ROUTE DE)",45.5841,5.28814,Nuit avec éclairage allumé,En agglomération,Hors intersection,Normale,Autre collision,,,,,,,,,,,5,2,1,1.0,6.0