accident_id,datetime,annee,mois,jour,heure,minute,departement,commune_insee,adresse,latitude,longitude,luminosite,agglomeration,intersection,meteo,collision,nb_vehicules,nb_usagers,nb_indemnes,nb_tues,nb_blesses_hosp,nb_blesses_legers,age_cond_1,age_cond_2,veh_type_cond_1,veh_type_cond_2,lum_code,agg_code,int_code,atm_code,col_code
201000032188,0010-09-25 22:20:00,10,9,25,22,20,380,185,CRS J JAURÈS-,45.1881,5.71907,Nuit avec éclairage allumé,En agglomération,Intersection en X,Pluie légère,Deux véhicules - côté,,,,,,,,,,,5,2,2,2.0,3.0
201000032189,0010-09-29 17:20:00,10,9,29,17,20,380,185,"74, RUE LÉON JOUHAUX",45.1773,5.74298,Plein jour,En agglomération,Intersection en X,Normale,Autre collision,,,,,,,,,,,1,2,2,1.0,6.0
201000032190,0010-09-30 07:10:00,10,9,30,7,10,380,185,"87, RUE GÉNÉRAL MANGIN",45.1625,5.71242,Plein jour,En agglomération,Hors intersection,Normale,Deux véhicules - côté,,,,,,,,,,,1,2,1,1.0,3.0
201000032191,0010-10-02 07:00:00,10,10,2,7,0,380,382,99 VOIE NON IDENTIFIEE,45.2207,5.67291,Crépuscule ou aube,Hors agglomération,Hors intersection,Normale,Deux véhicules - arrière,,,,,,,,,,,2,1,1,1.0,2.0
201000032192,0010-10-07 15:50:00,10,10,7,15,50,380,185,AV VIALLET - R DOC MAZET,45.1913,5.72206,Plein jour,En agglomération,Intersection en X,Normale,Autre collision,,,,,,,,,,,1,2,2,1.0,6.0
201000032193,0010-10-07 18:00:00,10,10,7,18,0,380,185,R REYNIER-AV BEAUMARCHAI,45.1677,5.70453,Plein jour,En agglomération,Intersection en T,Normale,Deux véhicules - côté,,,,,,,,,,,1,2,3,1.0,3.0
201000032194,0010-10-10 11:00:00,10,10,10,11,0,380,185,"45, RUE GÉNÉRAL FERRIÉ",45.1763,5.72465,Plein jour,En agglomération,Intersection en T,Normale,Autre collision,,,,,,,,,,,1,2,3,1.0,6.0
201000032195,0010-10-12 12:45:00,10,10,12,12,45,380,185,"3, BVD MARÉCHAL JOFFRE",45.184,5.73215,Plein jour,En agglomération,Hors intersection,Normale,Autre collision,,,,,,,,,,,1,2,1,1.0,6.0
201000032196,0010-10-21 07:35:00,10,10,21,7,35,380,169,"7, AVE ARISTIDE BRIAND",45.1891,5.6996,Plein jour,En agglomération,Hors intersection,Normale,Autre collision,,,,,,,,,,,1,2,1,1.0,6.0
201000032197,0010-10-24 19:10:00,10,10,24,19,10,380,185,"00, RUE MALLIFAUD",,,Plein jour,En agglomération,Hors intersection,Pluie forte,Autre collision,,,,,,,,,,,1,2,1,3.0,6.0
201000032198,0010-10-25 11:00:00,10,10,25,11,0,380,185,BVD D BLEUS- AV J PERROT,45.1837,5.73356,Plein jour,En agglomération,Intersection en X,Normale,Autre collision,,,,,,,,,,,1,2,2,1.0,6.0
201000032199,0010-10-27 16:30:00,10,10,27,16,30,380,185,"194, COURS DE LA LIBÉRAT",45.1636,5.71079,Plein jour,En agglomération,Hors intersection,Normale,Deux véhicules - côté,,,,,,,,,,,1,2,1,1.0,3.0
201000032200,0010-10-28 08:00:00,10,10,28,8,0,380,185,"15, AVENUE JEAN PERROT",45.182,5.73439,Plein jour,En agglomération,Hors intersection,Normale,Autre collision,,,,,,,,,,,1,2,1,1.0,6.0
201000032201,0010-10-28 09:25:00,10,10,28,9,25,380,185,"46, BOULEVARD JOSEPH VAL",45.1801,5.70815,Plein jour,En agglomération,Hors intersection,Normale,Autre collision,,,,,,,,,,,1,2,1,1.0,6.0
201000032202,0010-11-04 17:00:00,10,11,4,17,0,380,185,AVE PERROT- RUE VALLIN,45.1708,5.73971,Plein jour,En agglomération,Intersection en T,Normale,Autre collision,,,,,,,,,,,1,2,3,1.0,6.0
201000032203,0010-11-04 18:30:00,10,11,4,18,30,380,421,"0, AVENUE GABRIEL PÉRI",,,Nuit avec éclairage allumé,En agglomération,Intersection en X,Normale,Deux véhicules - côté,,,,,,,,,,,5,2,2,1.0,3.0
201000032204,0010-11-06 13:55:00,10,11,6,13,55,380,185,"0, RUE AIMÉ PUPIN",45.1859,5.7615,Plein jour,En agglomération,Intersection en X,Normale,Deux véhicules - côté,,,,,,,,,,,1,2,2,1.0,3.0
201000032205,0010-11-06 14:55:00,10,11,6,14,55,380,151,"40, AVENUE DE GRUGLIASCO",45.1493,5.72068,Plein jour,En agglomération,Hors intersection,Normale,Deux véhicules - côté,,,,,,,,,,,1,2,1,1.0,3.0
201000032206,0010-11-06 16:00:00,10,11,6,16,0,380,185,"57, BOULEVARD CLEMENCEAU",45.1828,5.73656,Plein jour,En agglomération,Hors intersection,Normale,Autre collision,,,,,,,,,,,1,2,1,1.0,6.0
201000032207,0010-11-09 16:20:00,10,11,9,16,20,380,421,"0, AVENUE GABRIEL PÉRI",,,Plein jour,En agglomération,Hors intersection,Pluie légère,Autre collision,,,,,,,,,,,1,2,1,2.0,6.0
201000032208,0010-11-10 18:40:00,10,11,10,18,40,380,421,"0, AVENUE MARCEL CACHIN",,,Nuit avec éclairage allumé,En agglomération,Hors intersection,Pluie légère,Deux véhicules - côté,,,,,,,,,,,5,2,1,2.0,3.0
201000032209,0010-11-11 05:45:00,10,11,11,5,45,380,421,ROCADE SUD,45.1834,5.77991,Nuit sans éclairage public,Hors agglomération,Hors intersection,Pluie légère,Autre collision,,,,,,,,,,,3,1,1,2.0,6.0
201000032210,0010-11-18 00:50:00,10,11,18,0,50,380,185,"00, QUAI CREQUI",45.1925,5.72166,Nuit avec éclairage allumé,En agglomération,Intersection en Y,Pluie légère,Deux véhicules - côté,,,,,,,,,,,5,2,4,2.0,3.0
201000032211,0010-11-24 21:30:00,10,11,24,21,30,380,185,CRS LIBÉRAT-AVE VERLAINE,45.1644,5.71102,Nuit avec éclairage allumé,En agglomération,Intersection en X,Normale,Deux véhicules - côté,,,,,,,,,,,5,2,2,1.0,3.0
201000032212,0010-11-25 11:05:00,10,11,25,11,5,380,185,"15, RUE D'ALEMBERT",45.1893,5.71124,Plein jour,En agglomération,Hors intersection,Normale,Autre collision,,,,,,,,,,,1,2,1,1.0,6.0
201000032213,0010-11-26 09:10:00,10,11,26,9,10,380,185,BVD JOFFRE-RUE NARVIK,45.1823,5.72756,Plein jour,En agglomération,Intersection en T,Neige / grêle,Autre collision,,,,,,,,,,,1,2,3,4.0,6.0
201000032214,0010-11-26 17:45:00,10,11,26,17,45,380,185,RUE BERGÈS-RUE PINAL,45.1911,5.71863,Nuit avec éclairage allumé,En agglomération,Intersection en T,Normale,Autre collision,,,,,,,,,,,5,2,3,1.0,6.0
201000032215,0010-12-04 14:30:00,10,12,4,14,30,380,151,"00, RUE DE COMBOIRE",,,Plein jour,En agglomération,Hors intersection,Normale,Deux véhicules - arrière,,,,,,,,,,,1,2,1,1.0,2.0
201000032216,0010-12-06 15:10:00,10,12,6,15,10,380,185,BVD REY - PL VICTOR HUGO,45.1889,5.72558,Plein jour,En agglomération,Hors intersection,Normale,Autre collision,,,,,,,,,,,1,2,1,1.0,6.0
201000032217,0010-12-11 21:45:00,10,12,11,21,45,380,185,99 VOIE NON IDENTIFIEE,45.1981,5.70062,Nuit avec éclairage allumé,Hors agglomération,Hors intersection,Normale,Deux véhicules - côté,,,,,,,,,,,5,1,1,1.0,3.0
201000032218,0010-12-11 13:15:00,10,12,11,13,15,380,185,"18, RUE LAKANAL",45.186,5.7229,Plein jour,En agglomération,Hors intersection,Normale,Autre collision,,,,,,,,,,,1,2,1,1.0,6.0
201000032219,0010-12-13 09:15:00,10,12,13,9,15,380,185,RUE FLANDRIN-AVE PERI,45.188,5.74608,Plein jour,En agglomération,Intersection en X,Normale,Autre collision,,,,,,,,,,,1,2,2,1.0,6.0
201000032220,0010-12-13 12:15:00,10,12,13,12,15,380,185,"36, AVE LA BRUYÈRE",45.1666,5.73264,Plein jour,En agglomération,Hors intersection,Normale,Autre collision,,,,,,,,,,,1,2,1,1.0,6.0
201000032221,0010-12-19 11:30:00,10,12,19,11,30,380,185,R EAUX CLAIRE-R GUYNEMER,45.1766,5.7094,Plein jour,En agglomération,Intersection en X,Pluie légère,Deux véhicules - côté,,,,,,,,,,,1,2,2,2.0,3.0
201000032222,0010-12-20 11:45:00,10,12,20,11,45,380,151,"0, RUE GABRIEL DIDIER",,,Plein jour,En agglomération,Hors intersection,Pluie légère,Autre collision,,,,,,,,,,,1,2,1,2.0,6.0
201000032223,0010-12-20 20:00:00,10,12,20,20,0,380,185,AVE PERROT- AVE 1ER BELG,45.1822,5.73433,Nuit avec éclairage allumé,En agglomération,Intersection en X,Pluie légère,Deux véhicules - côté,,,,,,,,,,,5,2,2,2.0,3.0
201000032224,0010-12-22 21:00:00,10,12,22,21,0,380,185,A 480,45.1596,5.70148,Nuit sans éclairage public,Hors agglomération,Autre intersection,Normale,Autre collision,,,,,,,,,,,3,1,9,1.0,6.0
201000032225,0010-12-27 07:25:00,10,12,27,7,25,380,185,CRS J JAURÈS-R CHORIER,45.1861,5.71839,Crépuscule ou aube,En agglomération,Intersection en X,Pluie légère,Autre collision,,,,,,,,,,,2,2,2,2.0,6.0
201000032226,0010-12-27 18:45:00,10,12,27,18,45,380,185,AVE MALHERBE-EGLISE,45.1704,5.73805,Nuit avec éclairage allumé,En agglomération,Hors intersection,Pluie légère,Deux véhicules - arrière,,,,,,,,,,,5,2,1,2.0,2.0
201000032227,0010-12-29 11:20:00,10,12,29,11,20,380,185,99 VOIE NON IDENTIFIEE,45.1673,5.70183,Plein jour,En agglomération,Hors intersection,Normale,Deux véhicules - arrière,,,,,,,,,,,1,2,1,1.0,2.0
201000032228,0010-12-29 12:50:00,10,12,29,12,50,380,169,R ARGENTIÈRE-R MANHES,45.2012,5.67445,Plein jour,En agglomération,Intersection en T,Normale,Deux véhicules - côté,,,,,,,,,,,1,2,3,1.0,3.0
201000032229,0010-01-14 17:15:00,10,1,14,17,15,380,544,VICTOR FAUGIER(RUE),,,Plein jour,En agglomération,Hors intersection,Normale,Autre collision,,,,,,,,,,,1,2,1,1.0,6.0
201000032230,0010-02-09 07:45:00,10,2,9,7,45,380,544,"27, VICTOR HUGO(RUE)",45.5246,4.8766,Plein jour,En agglomération,Intersection en Y,Neige / grêle,Autre collision,,,,,,,,,,,1,2,4,4.0,6.0
201000032231,0010-03-20 14:34:00,10,3,20,14,34,380,544,"48, BRILLIER(COUR)",,,Plein jour,En agglomération,Hors intersection,Normale,Autre collision,,,,,,,,,,,1,2,1,1.0,6.0
201000032232,0010-03-29 10:23:00,10,3,29,10,23,380,544,"1, VERDUN(COUR DE)",,,Plein jour,En agglomération,Autre intersection,Normale,Autre collision,,,,,,,,,,,1,2,9,1.0,6.0
201000032233,0010-04-14 14:23:00,10,4,14,14,23,380,544,ASIATICUS(BD),,,Plein jour,En agglomération,Hors intersection,Normale,Autre collision,,,,,,,,,,,1,2,1,1.0,6.0
201000032234,0010-04-23 18:00:00,10,4,23,18,0,380,544,"17, MALISSOL(MONTEE DE)",,,Plein jour,En agglomération,Autre intersection,Normale,Autre collision,,,,,,,,,,,1,2,9,1.0,6.0
201000032235,0010-04-28 12:16:00,10,4,28,12,16,380,544,CD 41,,,Plein jour,En agglomération,Hors intersection,Normale,Autre collision,,,,,,,,,,,1,2,1,1.0,6.0
201000032236,0010-05-04 14:00:00,10,5,4,14,0,380,544,"48, BRILLIER(COUR)",,,Plein jour,En agglomération,Hors intersection,Pluie légère,Autre collision,,,,,,,,,,,1,2,1,2.0,6.0
201000032237,0010-06-02 12:29:00,10,6,2,12,29,380,318,"17, PLAN ET DE LA FEYLA(",,,Plein jour,En agglomération,Hors intersection,Normale,Autre collision,,,,,,,,,,,1,2,1,1.0,6.0
201000032238,0010-07-07 18:50:00,10,7,7,18,50,380,544,"12, VERDUN(COUR DE)",,,Plein jour,En agglomération,Hors intersection,Normale,Deux véhicules - côté,,,,,,,,,,,1,2,1,1.0,3.0
201000032239,0010-07-28 15:37:00,10,7,28,15,37,380,318,ZA REMOULON,45.5384,4.9126,Plein jour,Hors agglomération,Intersection en T,Normale,Deux véhicules - frontale,,,,,,,,,,,1,1,3,1.0,1.0
201000032240,0010-08-26 11:25:00,10,8,26,11,25,380,544,"20, BERTHELOT(AV)",45.5388,4.87158,Plein jour,En agglomération,Hors intersection,Normale,Autre collision,,,,,,,,,,,1,2,1,1.0,6.0
201000032241,0010-10-06 14:29:00,10,10,6,14,29,380,544,"40, CD 41",,,Plein jour,Hors agglomération,Hors intersection,Normale,Autre collision,,,,,,,,,,,1,1,1,1.0,6.0
201000032242,0010-12-12 02:15:00,10,12,12,2,15,380,544,"127, GENERAL LECLERC(AV)",,,Nuit avec éclairage allumé,En agglomération,Hors intersection,Normale,Deux véhicules - côté,,,,,,,,,,,5,2,1,1.0,3.0
201000032243,0010-12-19 10:25:00,10,12,19,10,25,380,544,"44, MIREMONT(PLACE DE)",45.5244,4.87412,Plein jour,En agglomération,Hors intersection,Normale,Autre collision,,,,,,,,,,,1,2,1,1.0,6.0
201000032244,0010-12-28 13:50:00,10,12,28,13,50,380,544,JEAN JAURES(QUAI),45.5273,4.87256,Plein jour,En agglomération,Intersection en T,Autre,Deux véhicules - côté,,,,,,,,,,,1,2,3,9.0,3.0
201000032245,0010-01-05 16:30:00,10,1,5,16,30,380,563,PATINIERE (AVENUE DE LA),,,Plein jour,En agglomération,Intersection en Y,Normale,Deux véhicules - côté,,,,,,,,,,,1,2,4,1.0,3.0
201000032246,0010-01-05 18:00:00,10,1,5,18,0,380,563,"0, SERMORENS (RUE)",,,Nuit avec éclairage allumé,En agglomération,Intersection en T,Normale,Autre collision,,,,,,,,,,,5,2,3,1.0,6.0
201000032247,0010-03-24 18:00:00,10,3,24,18,0,380,563,"46, FAUBOURG SERMORENS (",,,Plein jour,En agglomération,Hors intersection,Normale,Deux véhicules - frontale,,,,,,,,,,,1,2,1,1.0,1.0
201000032248,0010-03-29 17:42:00,10,3,29,17,42,380,563,"0, FRIER (AVENUE G.)",,,Plein jour,En agglomération,Hors intersection,Normale,Autre collision,,,,,,,,,,,1,2,1,1.0,6.0
201000032249,0010-04-17 18:19:00,10,4,17,18,19,380,563,"51, HUIT-MAI 1945 (AVENU",,,Plein jour,En agglomération,Hors intersection,Normale,Deux véhicules - côté,,,,,,,,,,,1,2,1,1.0,3.0
201000032250,0010-04-29 17:20:00,10,4,29,17,20,380,563,"0, EXPILLY (RUE)",,,Plein jour,En agglomération,Intersection en X,Normale,Autre collision,,,,,,,,,,,1,2,2,1.0,6.0
201000032251,0010-05-27 15:05:00,10,5,27,15,5,380,563,"60, PAVIOT (AVENUE DE)",,,Plein jour,En agglomération,Hors intersection,Normale,Deux véhicules - côté,,,,,,,,,,,1,2,1,1.0,3.0
201000032252,0010-06-16 12:50:00,10,6,16,12,50,380,563,"1, TEZIER (AVENUE R.)",,,Plein jour,En agglomération,Place,Normale,Autre collision,,,,,,,,,,,1,2,7,1.0,6.0
201000032253,0010-07-03 16:15:00,10,7,3,16,15,380,563,"0, BECQUART-CASTELBON (C",,,Plein jour,Hors agglomération,Hors intersection,Normale,Deux véhicules - arrière,,,,,,,,,,,1,1,1,1.0,2.0
201000032254,0010-07-04 23:55:00,10,7,4,23,55,380,563,CAMPALOUD (BOULEVARD DU),,,Nuit avec éclairage allumé,En agglomération,Intersection en X,Normale,Deux véhicules - côté,,,,,,,,,,,5,2,2,1.0,3.0
201000032255,0010-09-14 17:50:00,10,9,14,17,50,380,563,"0, VALOIS (AVENUE DU DR)",,,Plein jour,En agglomération,Hors intersection,Normale,Deux véhicules - côté,,,,,,,,,,,1,2,1,1.0,3.0
201000032256,0010-09-18 10:45:00,10,9,18,10,45,380,563,"0, VAUCANSON (RUE)",,,Plein jour,En agglomération,Hors intersection,Pluie légère,Autre collision,,,,,,,,,,,1,2,1,2.0,6.0
201000032257,0010-11-03 16:50:00,10,11,3,16,50,380,563,"1, HUIT-MAI 1945 (AVENUE",,,Plein jour,En agglomération,Autre intersection,Normale,Sans collision,,,,,,,,,,,1,2,9,1.0,7.0
201000032258,0010-11-05 19:10:00,10,11,5,19,10,380,563,ROCADE OUEST,,,Plein jour,Hors agglomération,Hors intersection,Normale,Deux véhicules - côté,,,,,,,,,,,1,1,1,1.0,3.0
201000032259,0010-11-06 18:22:00,10,11,6,18,22,380,563,ROCADE OUEST,,,Nuit sans éclairage public,Hors agglomération,Hors intersection,Normale,Deux véhicules - côté,,,,,,,,,,,3,1,1,1.0,3.0
201000032260,0010-11-06 19:39:00,10,11,6,19,39,380,563,"1, SAGE (RUE R.)",,,Nuit avec éclairage allumé,En agglomération,Intersection en X,Normale,Deux véhicules - côté,,,,,,,,,,,5,2,2,1.0,3.0
201000032261,0010-11-12 07:35:00,10,11,12,7,35,380,563,"0, ST BRUNO (PLACE)",,,Crépuscule ou aube,En agglomération,Hors intersection,Pluie légère,Autre collision,,,,,,,,,,,2,2,1,2.0,6.0
201000032262,0010-11-27 12:30:00,10,11,27,12,30,380,563,"1, PATINIERE (AVENUE DE",,,Plein jour,Hors agglomération,Hors intersection,Temps couvert,Deux véhicules - côté,,,,,,,,,,,1,1,1,8.0,3.0
201000032263,0010-12-09 08:50:00,10,12,9,8,50,380,563,"1, KENNEDY (AVENUE J.)",,,Plein jour,En agglomération,Hors intersection,Pluie légère,Autre collision,,,,,,,,,,,1,2,1,2.0,6.0
201000032264,0010-12-11 12:30:00,10,12,11,12,30,380,563,"39, CAMPALOUD (BOULEVARD",,,Plein jour,En agglomération,Hors intersection,Normale,Deux véhicules - frontale,,,,,,,,,,,1,2,1,1.0,1.0
201000032265,0010-12-13 17:49:00,10,12,13,17,49,380,563,"1, BRUNERIE (AVENUE DE L",,,Nuit sans éclairage public,En agglomération,Hors intersection,Normale,Autre collision,,,,,,,,,,,3,2,1,1.0,6.0
201000032266,0010-12-14 10:00:00,10,12,14,10,0,380,563,"0, STENDHAL (RUE)",,,Plein jour,En agglomération,Hors intersection,Normale,Autre collision,,,,,,,,,,,1,2,1,1.0,6.0
201000032267,0010-12-22 11:25:00,10,12,22,11,25,380,563,"1, BRUNERIE (AVENUE DE L",,,Plein jour,En agglomération,Hors intersection,Normale,Deux véhicules - arrière,,,,,,,,,,,1,2,1,1.0,2.0
201000032268,0010-12-28 21:55:00,10,12,28,21,55,380,563,"0, REPUBLIQUE (BOULEVARD",,,Nuit avec éclairage allumé,En agglomération,Intersection en T,Normale,Autre collision,,,,,,,,,,,5,2,3,1.0,6.0
201000032269,0010-01-08 12:20:00,10,1,8,12,20,390,198,"0, MACEDONIO MELLONI (RU",,,Plein jour,En agglomération,Intersection en T,Normale,Autre collision,,,,,,,,,,,1,2,3,1.0,6.0
201000032270,0010-02-12 18:50:00,10,2,12,18,50,390,198,"98, DUHAMEL (AVENUE JACQ",,,Nuit avec éclairage allumé,En agglomération,Intersection en X,Normale,Autre collision,,,,,,,,,,,5,2,2,1.0,6.0
201000032271,0010-03-05 20:09:00,10,3,5,20,9,390,198,"80, WILSON (BOULEVARD DU",,,Nuit avec éclairage allumé,En agglomération,Hors intersection,Normale,Deux véhicules - côté,,,,,,,,,,,5,2,1,1.0,3.0
201000032272,0010-04-01 08:35:00,10,4,1,8,35,390,198,"170, DUHAMEL (AVENUE JAC",,,Plein jour,En agglomération,Hors intersection,Temps couvert,Autre collision,,,,,,,,,,,1,2,1,8.0,6.0
201000032273,0010-04-10 19:15:00,10,4,10,19,15,390,198,"28, JOUHAUX (AVENUE LEON",,,Plein jour,En agglomération,Intersection en T,Normale,Deux véhicules - côté,,,,,,,,,,,1,2,3,1.0,3.0
201000032274,0010-04-23 12:30:00,10,4,23,12,30,390,198,"82, EISENHOWER (AVENUE D",,,Plein jour,En agglomération,Hors intersection,Normale,Deux véhicules - côté,,,,,,,,,,,1,2,1,1.0,3.0
201000032275,0010-07-01 11:45:00,10,7,1,11,45,390,198,"0, MARIN LA MESLEE (RUE)",,,Plein jour,En agglomération,Hors intersection,Temps éblouissant,Sans collision,,,,,,,,,,,1,2,1,7.0,7.0
201000032276,0010-07-18 16:55:00,10,7,18,16,55,390,198,"0, BETHOUART (RUE DU GEN",,,Plein jour,En agglomération,Intersection en T,Temps éblouissant,Deux véhicules - côté,,,,,,,,,,,1,2,3,7.0,3.0
201000032277,0010-07-31 08:15:00,10,7,31,8,15,390,198,"0, MACHARD (RUE JULES)",,,Plein jour,En agglomération,Intersection en X,Normale,Deux véhicules - côté,,,,,,,,,,,1,2,2,1.0,3.0
201000032278,0010-10-04 15:50:00,10,10,4,15,50,390,198,"0, PRES BUFFARD (ALLEE D",,,Plein jour,En agglomération,Hors intersection,Vent fort / tempête,Autre collision,,,,,,,,,,,1,2,1,6.0,6.0
201000032279,0010-10-22 20:30:00,10,10,22,20,30,390,198,"0, EISENHOWER (AVENUE DU",,,Nuit avec éclairage allumé,En agglomération,Giratoire,Normale,Deux véhicules - côté,,,,,,,,,,,5,2,6,1.0,3.0
201000032280,0010-11-08 17:05:00,10,11,8,17,5,390,198,"48, WILSON (BOULEVARD DU",,,Nuit avec éclairage allumé,En agglomération,Place,Pluie forte,Sans collision,,,,,,,,,,,5,2,7,3.0,7.0
201000032281,0010-11-15 09:05:00,10,11,15,9,5,390,198,"33, CHAMPVANS (ROUTE DE)",,,Plein jour,Hors agglomération,Hors intersection,Pluie forte,Autre collision,,,,,,,,,,,1,1,1,3.0,6.0
201000032282,0010-05-14 18:30:00,10,5,14,18,30,390,300,"0, ROCHETTES (RUE DES)",,,Plein jour,En agglomération,Autre intersection,Normale,Deux véhicules - côté,,,,,,,,,,,1,2,9,1.0,3.0
201000032283,0010-05-22 17:14:00,10,5,22,17,14,390,300,SAINT DESIRE (RUE) N° PA,,,Plein jour,En agglomération,Autre intersection,Normale,Deux véhicules - côté,,,,,,,,,,,1,2,9,1.0,3.0
201000032284,0010-06-12 09:45:00,10,6,12,9,45,390,300,"1, 19 MARS 1962 (RUE DU)",,,Plein jour,En agglomération,Autre intersection,Normale,Deux véhicules - arrière,,,,,,,,,,,1,2,9,1.0,2.0
201000032285,0010-07-08 13:45:00,10,7,8,13,45,390,411,"0, CHAMPAGNOLE (ROUTE DE",,,Plein jour,En agglomération,Hors intersection,Normale,Deux véhicules - frontale,,,,,,,,,,,1,2,1,1.0,1.0
201000032286,0010-07-20 22:50:00,10,7,20,22,50,390,300,"140, PASCAL (RUE BLAISE)",,,Nuit sans éclairage public,Hors agglomération,Hors intersection,Normale,Autre collision,,,,,,,,,,,3,1,1,1.0,6.0
201000032287,0010-09-22 09:45:00,10,9,22,9,45,390,300,"50, MONTENAY (CHEMIN DE)",,,Plein jour,En agglomération,Hors intersection,Normale,Autre collision,,,,,,,,,,,1,2,1,1.0,6.0
201000032288,0010-10-03 05:24:00,10,10,3,5,24,390,362,"0, ZONE ARTISANALE DES T",,,Nuit sans éclairage public,Hors agglomération,Hors intersection,Normale,Autre collision,,,,,,,,,,,3,1,1,1.0,6.0
201000032289,0010-10-12 15:30:00,10,10,12,15,30,390,362,"0, CD470",,,Plein jour,Hors agglomération,Autre intersection,Normale,Deux véhicules - côté,,,,,,,,,,,1,1,9,1.0,3.0
201000032290,0010-10-13 18:10:00,10,10,13,18,10,390,300,"460, OFFENBOURG (AVENUE",,,Crépuscule ou aube,En agglomération,Hors intersection,Normale,Deux véhicules - côté,,,,,,,,,,,2,2,1,1.0,3.0
201000032291,0010-11-09 13:14:00,10,11,9,13,14,390,300,"0, MONOT (RUE EMILE) N°",,,Plein jour,En agglomération,Hors intersection,Normale,Autre collision,,,,,,,,,,,1,2,1,1.0,6.0
201000032292,0010-11-01 05:52:00,10,11,1,5,52,390,362,"17, MONIN (RUE FRANCOIS)",,,Nuit avec éclairage allumé,En agglomération,Hors intersection,Normale,Autre collision,,,,,,,,,,,5,2,1,1.0,6.0
201000032293,0010-11-09 17:40:00,10,11,9,17,40,390,411,"320, CONLIEGE (ROUTE DE)",,,Nuit sans éclairage public,En agglomération,Hors intersection,Pluie légère,Autre collision,,,,,,,,,,,3,2,1,2.0,6.0
201000032294,0010-11-22 17:45:00,10,11,22,17,45,390,362,"1, SOMMIER (RUE)",,,Nuit sans éclairage public,En agglomération,Autre intersection,Autre,Autre collision,,,,,,,,,,,3,2,9,9.0,6.0
201000032295,0010-01-25 08:50:00,10,1,25,8,50,400,279,RESISTANCE (AVE DE LA),,,Plein jour,En agglomération,Intersection en T,Normale,Deux véhicules - côté,,,,,,,,,,,1,2,3,1.0,3.0
201000032296,0010-01-27 18:20:00,10,1,27,18,20,400,279,MINIERES (ROUTE DES) RD,,,Crépuscule ou aube,Hors agglomération,Hors intersection,Normale,Sans collision,,,,,,,,,,,2,1,1,1.0,7.0
201000032297,0010-02-02 20:22:00,10,2,2,20,22,400,88,Av St Vt de Paul,,,Nuit avec éclairage allumé,En agglomération,Hors intersection,Normale,Deux véhicules - frontale,,,,,,,,,,,5,2,1,1.0,1.0
201000032298,0010-02-07 00:50:00,10,2,7,0,50,400,88,CLEMENCEAU (Av GEORGES),,,Nuit avec éclairage allumé,En agglomération,Hors intersection,Normale,Deux véhicules - côté,,,,,,,,,,,5,2,1,1.0,3.0
201000032299,0010-02-28 00:30:00,10,2,28,0,30,400,88,CLEMENCEAU (RUE GEORGES),,,Nuit avec éclairage allumé,En agglomération,Hors intersection,Normale,Deux véhicules - arrière,,,,,,,,,,,5,2,1,1.0,2.0
201000032300,0010-03-05 15:00:00,10,3,5,15,0,400,279,MINIERES (ROUTE DES),,,Plein jour,Hors agglomération,Hors intersection,Normale,Deux véhicules - côté,,,,,,,,,,,1,1,1,1.0,3.0
201000032301,0010-03-15 15:30:00,10,3,15,15,30,400,279,HALAGE (ROUTE DU),,,Plein jour,Hors agglomération,Hors intersection,Normale,Deux véhicules - côté,,,,,,,,,,,1,1,1,1.0,3.0
201000032302,0010-04-20 12:14:00,10,4,20,12,14,400,279,CD 129 - ROUTE DE MONT D,,,Plein jour,Hors agglomération,Intersection en T,Normale,Deux véhicules - frontale,,,,,,,,,,,1,1,3,1.0,1.0
201000032303,0010-05-10 18:05:00,10,5,10,18,5,400,88,MANOIR (BOULEVARD YVES D,,,Plein jour,En agglomération,Hors intersection,Normale,Autre collision,,,,,,,,,,,1,2,1,1.0,6.0
201000032304,0010-05-21 17:35:00,10,5,21,17,35,400,88,PEYREHORADE (ROUTE DE),,,Plein jour,En agglomération,Intersection en T,Normale,Deux véhicules - côté,,,,,,,,,,,1,2,3,1.0,3.0
201000032305,0010-06-10 18:10:00,10,6,10,18,10,400,279,LACS DES (AVENUE),,,Plein jour,Hors agglomération,Hors intersection,Normale,Trois véhicules et plus - collisions multiples,,,,,,,,,,,1,1,1,1.0,5.0
201000032306,0010-07-02 09:40:00,10,7,2,9,40,400,88,MANOIR (BOULEVARD YVES D,,,Plein jour,En agglomération,Intersection en T,Normale,Deux véhicules - côté,,,,,,,,,,,1,2,3,1.0,3.0
201000032307,0010-07-13 15:20:00,10,7,13,15,20,400,279,RESISTANCE (AVE DE LA),,,Plein jour,En agglomération,Hors intersection,Normale,Deux véhicules - arrière,,,,,,,,,,,1,2,1,1.0,2.0
201000032308,0010-08-15 07:40:00,10,8,15,7,40,400,88,"146-148, SAINT-VINCENT D",,,Plein jour,En agglomération,Hors intersection,Pluie légère,Autre collision,,,,,,,,,,,1,2,1,2.0,6.0
201000032309,0010-08-10 11:25:00,10,8,10,11,25,400,88,LORRIN (BOULEVARD CLAUDE,,,Plein jour,En agglomération,Autre intersection,Normale,Autre collision,,,,,,,,,,,1,2,9,1.0,6.0
201000032310,0010-10-23 18:15:00,10,10,23,18,15,400,88,CHAULET (RUE GEORGES),,,Plein jour,En agglomération,Intersection en T,Normale,Deux véhicules - côté,,,,,,,,,,,1,2,3,1.0,3.0
201000032311,0010-10-25 07:55:00,10,10,25,7,55,400,88,CLEMENCEAU (RUE GEORGES),,,Crépuscule ou aube,En agglomération,Intersection en X,Pluie légère,Autre collision,,,,,,,,,,,2,2,2,2.0,6.0