accident_id,datetime,annee,mois,jour,heure,minute,departement,commune_insee,adresse,latitude,longitude,luminosite,agglomeration,intersection,meteo,collision,nb_vehicules,nb_usagers,nb_indemnes,nb_tues,nb_blesses_hosp,nb_blesses_legers,age_cond_1,age_cond_2,veh_type_cond_1,veh_type_cond_2,lum_code,agg_code,int_code,atm_code,col_code
201000032312,0010-10-29 10:30:00,10,10,29,10,30,400,279,PENTERANTE EST,,,Plein jour,Hors agglomération,Hors intersection,Normale,Sans collision,,,,,,,,,,,1,1,1,1.0,7.0
201000032313,0010-10-29 08:15:00,10,10,29,8,15,400,279,PENETRANTE OUEST,,,Plein jour,Hors agglomération,Hors intersection,Normale,Deux véhicules - arrière,,,,,,,,,,,1,1,1,1.0,2.0
201000032314,0010-11-03 17:20:00,10,11,3,17,20,400,88,TUILERIES (AVENUE DES),,,Plein jour,En agglomération,Intersection en T,Normale,Deux véhicules - côté,,,,,,,,,,,1,2,3,1.0,3.0
201000032315,0010-11-08 07:56:00,10,11,8,7,56,400,88,SABLAR (AVENUE DU),,,Crépuscule ou aube,En agglomération,Giratoire,Pluie légère,Deux véhicules - côté,,,,,,,,,,,2,2,6,2.0,3.0
201000032316,0010-01-24 22:05:00,10,1,24,22,5,400,192,"25, MAINGUY (BD YVES)",,,Nuit avec éclairage allumé,En agglomération,Intersection en X,Normale,Deux véhicules - côté,,,,,,,,,,,5,2,2,1.0,3.0
201000032317,0010-02-13 23:00:00,10,2,13,23,0,400,192,SAINT MÉDARD (BD),,,Nuit avec éclairage allumé,En agglomération,Intersection en T,Normale,Deux véhicules - frontale,,,,,,,,,,,5,2,3,1.0,1.0
201000032318,0010-02-18 08:20:00,10,2,18,8,20,400,281,CORPS FRANC POMMIES (AV,,,Plein jour,En agglomération,Intersection en T,Normale,Deux véhicules - côté,,,,,,,,,,,1,2,3,1.0,3.0
201000032319,0010-02-21 18:45:00,10,2,21,18,45,400,192,Allées henri farbos,,,Crépuscule ou aube,En agglomération,Hors intersection,Autre,Deux véhicules - arrière,,,,,,,,,,,2,2,1,9.0,2.0
201000032320,0010-02-26 18:10:00,10,2,26,18,10,400,192,JUIN (V DU MARECHAL),,,Plein jour,En agglomération,Hors intersection,Normale,Deux véhicules - côté,,,,,,,,,,,1,2,1,1.0,3.0
201000032321,0010-03-06 17:45:00,10,3,6,17,45,400,192,CANENX (AV DE) R.D. 53,,,Plein jour,Hors agglomération,Hors intersection,Normale,Sans collision,,,,,,,,,,,1,1,1,1.0,7.0
201000032322,0010-03-12 09:10:00,10,3,12,9,10,400,192,THERESE CLAVE,,,Plein jour,En agglomération,Intersection en T,Normale,Deux véhicules - frontale,,,,,,,,,,,1,2,3,1.0,1.0
201000032323,0010-03-26 15:06:00,10,3,26,15,6,400,192,"400, av col Rozanoff",,,Plein jour,En agglomération,Intersection en T,Normale,Autre collision,,,,,,,,,,,1,2,3,1.0,6.0
201000032324,0010-03-31 15:20:00,10,3,31,15,20,400,192,"160, CLEMENCEAU (AV GEOR",,,Plein jour,En agglomération,Hors intersection,Normale,Deux véhicules - côté,,,,,,,,,,,1,2,1,1.0,3.0
201000032325,0010-04-12 16:45:00,10,4,12,16,45,400,192,"279, NONÈRES (AV DE)",,,Plein jour,En agglomération,Hors intersection,Normale,Deux véhicules - côté,,,,,,,,,,,1,2,1,1.0,3.0
201000032326,0010-04-12 19:25:00,10,4,12,19,25,400,192,PLACE SAINT LOUIS,,,Plein jour,En agglomération,Intersection en X,Normale,Deux véhicules - côté,,,,,,,,,,,1,2,2,1.0,3.0
201000032327,0010-04-23 20:00:00,10,4,23,20,0,400,281,avenue de saint sever,,,Crépuscule ou aube,En agglomération,Hors intersection,Pluie légère,Deux véhicules - arrière,,,,,,,,,,,2,2,1,2.0,2.0
201000032328,0010-04-26 17:25:00,10,4,26,17,25,400,192,"0, VILLENEUVE (AV DE)",,,Plein jour,En agglomération,Hors intersection,Normale,Deux véhicules - arrière,,,,,,,,,,,1,2,1,1.0,2.0
201000032329,0010-05-04 19:00:00,10,5,4,19,0,400,192,"352, JUIN (V DU MARECHAL",,,Plein jour,En agglomération,Hors intersection,Pluie légère,Trois véhicules et plus - en chaîne,,,,,,,,,,,1,2,1,2.0,4.0
201000032330,0010-05-12 12:20:00,10,5,12,12,20,400,192,"358, HOUGA (AV DU)",,,Plein jour,En agglomération,Hors intersection,Normale,Deux véhicules - arrière,,,,,,,,,,,1,2,1,1.0,2.0
201000032331,0010-05-14 19:25:00,10,5,14,19,25,400,192,"0, HOUGA (AV DU)",,,Plein jour,Hors agglomération,Intersection en X,Pluie légère,Deux véhicules - côté,,,,,,,,,,,1,1,2,2.0,3.0
201000032332,0010-05-26 18:05:00,10,5,26,18,5,400,192,"273, CLEMENCEAU (AV GEOR",,,Plein jour,En agglomération,Autre intersection,Normale,Autre collision,,,,,,,,,,,1,2,9,1.0,6.0
201000032333,0010-05-27 15:55:00,10,5,27,15,55,400,192,PINS (AV DES GRANDS),,,Plein jour,Hors agglomération,Autre intersection,Normale,Trois véhicules et plus - en chaîne,,,,,,,,,,,1,1,9,1.0,4.0
201000032334,0010-06-13 06:11:00,10,6,13,6,11,400,192,"20, BARBE D'OR (AV DE)",,,Crépuscule ou aube,En agglomération,Hors intersection,Normale,Sans collision,,,,,,,,,,,2,2,1,1.0,7.0
201000032335,0010-06-19 14:10:00,10,6,19,14,10,400,192,NATIONALE (RUE),,,Plein jour,En agglomération,Intersection en T,Normale,Autre collision,,,,,,,,,,,1,2,3,1.0,6.0
201000032336,0010-06-22 17:40:00,10,6,22,17,40,400,192,ROZANOFF(AV DU COL. K.W.,,,Plein jour,En agglomération,Hors intersection,Normale,Deux véhicules - côté,,,,,,,,,,,1,2,1,1.0,3.0
201000032337,0010-06-23 10:50:00,10,6,23,10,50,400,281,"0, ROCADE SUD (RD 932 E)",,,Plein jour,Hors agglomération,Hors intersection,Normale,Deux véhicules - arrière,,,,,,,,,,,1,1,1,1.0,2.0
201000032338,0010-07-13 19:10:00,10,7,13,19,10,400,281,ROCADE SUD (RD824),,,Plein jour,Hors agglomération,Hors intersection,Normale,Deux véhicules - arrière,,,,,,,,,,,1,1,1,1.0,2.0
201000032339,0010-08-20 12:35:00,10,8,20,12,35,400,192,"830, av du m. foch",,,Plein jour,En agglomération,Hors intersection,Normale,Deux véhicules - côté,,,,,,,,,,,1,2,1,1.0,3.0
201000032340,0010-09-16 10:05:00,10,9,16,10,5,400,192,"0, VERT (BD DU CHEMIN)",,,Plein jour,En agglomération,Intersection en X,Pluie légère,Deux véhicules - côté,,,,,,,,,,,1,2,2,2.0,3.0
201000032341,0010-09-17 14:00:00,10,9,17,14,0,400,192,"0, KENNEDY (AV DU PRESID",,,Plein jour,En agglomération,Intersection en X,Normale,Deux véhicules - côté,,,,,,,,,,,1,2,2,1.0,3.0
201000032342,0010-09-20 14:45:00,10,9,20,14,45,400,192,"0, SAINT PIERRE (RUE DE)",,,Plein jour,En agglomération,Hors intersection,Normale,Deux véhicules - frontale,,,,,,,,,,,1,2,1,1.0,1.0
201000032343,0010-09-24 20:05:00,10,9,24,20,5,400,281,PILLS (RUE JACQUES),,,Crépuscule ou aube,En agglomération,Intersection en Y,Pluie légère,Deux véhicules - côté,,,,,,,,,,,2,2,4,2.0,3.0
201000032344,0010-09-29 08:45:00,10,9,29,8,45,400,192,FOCH (AV DU MARECHAL),,,Plein jour,En agglomération,Hors intersection,Normale,Deux véhicules - côté,,,,,,,,,,,1,2,1,1.0,3.0
201000032345,0010-09-29 09:55:00,10,9,29,9,55,400,192,"0, HOUN (AV DE LA)",,,Plein jour,Hors agglomération,Intersection en T,Normale,Deux véhicules - côté,,,,,,,,,,,1,1,3,1.0,3.0
201000032346,0010-10-01 14:48:00,10,10,1,14,48,400,281,SABDE (AV GEORGES),,,Plein jour,En agglomération,Intersection en T,Normale,Deux véhicules - côté,,,,,,,,,,,1,2,3,1.0,3.0
201000032347,0010-10-06 19:00:00,10,10,6,19,0,400,192,MAI 1945  (RUE DU 8),,,Plein jour,En agglomération,Intersection en T,Normale,Deux véhicules - arrière,,,,,,,,,,,1,2,3,1.0,2.0
201000032348,0010-10-07 09:20:00,10,10,7,9,20,400,192,"0, REPUBLIQUE (BD DE LA)",,,Plein jour,En agglomération,Hors intersection,Normale,Deux véhicules - côté,,,,,,,,,,,1,2,1,1.0,3.0
201000032349,0010-10-14 10:06:00,10,10,14,10,6,400,281,"0, KENNEDY (AV DU PDT. J",,,Plein jour,En agglomération,Place,Normale,Autre collision,,,,,,,,,,,1,2,7,1.0,6.0
201000032350,0010-10-15 17:30:00,10,10,15,17,30,400,192,"0, ROZANOFF(AV DU COL. K",,,Plein jour,En agglomération,Intersection en T,Normale,Trois véhicules et plus - en chaîne,,,,,,,,,,,1,2,3,1.0,4.0
201000032351,0010-10-22 19:02:00,10,10,22,19,2,400,192,"29, AURIOL (AV DU PRESID",,,Plein jour,En agglomération,Hors intersection,Normale,Autre collision,,,,,,,,,,,1,2,1,1.0,6.0
201000032352,0010-11-03 09:50:00,10,11,3,9,50,400,192,ROCADE EST (RD 932 E),,,Plein jour,Hors agglomération,Intersection en T,Pluie légère,Deux véhicules - côté,,,,,,,,,,,1,1,3,2.0,3.0
201000032353,0010-11-10 15:15:00,10,11,10,15,15,400,192,"8, LACOSTE (BD JEAN)",,,Plein jour,En agglomération,Hors intersection,Pluie légère,Autre collision,,,,,,,,,,,1,2,1,2.0,6.0
201000032354,0010-11-26 07:40:00,10,11,26,7,40,400,281,"0, SAINT-SEVER (AV DE)",,,Nuit avec éclairage allumé,En agglomération,Intersection en T,Brouillard / fumée,Deux véhicules - côté,,,,,,,,,,,5,2,3,5.0,3.0
201000032355,0010-12-09 20:10:00,10,12,9,20,10,400,192,"0, RÉGIMENT D'INFANTERIE",,,Nuit avec éclairage allumé,En agglomération,Intersection en T,Normale,Deux véhicules - côté,,,,,,,,,,,5,2,3,1.0,3.0
201000032356,0010-12-14 12:20:00,10,12,14,12,20,400,192,"0, DUPARC (RUE HENRI)",,,Plein jour,En agglomération,Intersection en X,Normale,Deux véhicules - côté,,,,,,,,,,,1,2,2,1.0,3.0
201000032357,0010-01-05 18:06:00,10,1,5,18,6,410,18,PINCONNIERE (AVENUE DE L,,,Plein jour,En agglomération,Hors intersection,Normale,Autre collision,,,,,,,,,,,1,2,1,1.0,6.0
201000032358,0010-01-11 21:50:00,10,1,11,21,50,410,18,RD200,47.6168,1.32874,Nuit sans éclairage public,Hors agglomération,Hors intersection,Normale,Sans collision,,,,,,,,,,,3,1,1,1.0,7.0
201000032359,0010-01-15 20:32:00,10,1,15,20,32,410,212,PATTE D'OIE (ROND POINT),47.5615,1.37295,Nuit avec éclairage allumé,En agglomération,Giratoire,Normale,Deux véhicules - côté,,,,,,,,,,,5,2,6,1.0,3.0
201000032360,0010-01-24 19:05:00,10,1,24,19,5,410,18,D 766,47.5819,1.30052,Nuit sans éclairage public,En agglomération,Hors intersection,Normale,Deux véhicules - arrière,,,,,,,,,,,3,2,1,1.0,2.0
201000032361,0010-01-25 19:13:00,10,1,25,19,13,410,18,WILSON (AVENUE DU PRESID,47.5816,1.34276,Nuit avec éclairage allumé,En agglomération,Hors intersection,Normale,Autre collision,,,,,,,,,,,5,2,1,1.0,6.0
201000032362,0010-01-29 16:38:00,10,1,29,16,38,410,18,INDUSTRIE (BOULEVARD DE,,,Plein jour,En agglomération,Hors intersection,Pluie légère,Deux véhicules - arrière,,,,,,,,,,,1,2,1,2.0,2.0
201000032363,0010-02-08 16:30:00,10,2,8,16,30,410,18,MEDICIS (ROND POINT),47.5847,1.31836,Plein jour,En agglomération,Giratoire,Normale,Deux véhicules - côté,,,,,,,,,,,1,2,6,1.0,3.0
201000032364,0010-02-10 12:00:00,10,2,10,12,0,410,18,LECLERC (AVENUE DU MAREC,,,Plein jour,En agglomération,Hors intersection,Normale,Sans collision,,,,,,,,,,,1,2,1,1.0,7.0
201000032365,0010-02-10 16:25:00,10,2,10,16,25,410,18,RD200,47.6152,1.30669,Plein jour,Hors agglomération,Hors intersection,Normale,Deux véhicules - côté,,,,,,,,,,,1,1,1,1.0,3.0
201000032366,0010-02-18 12:15:00,10,2,18,12,15,410,18,LATHAM (RUE) N° PAIRS DU,,,Plein jour,En agglomération,Intersection en X,Normale,Deux véhicules - côté,,,,,,,,,,,1,2,2,1.0,3.0
201000032367,0010-02-20 15:31:00,10,2,20,15,31,410,212,PATTE D'OIE (ROND POINT),47.5604,1.37316,Plein jour,En agglomération,Hors intersection,Normale,Deux véhicules - arrière,,,,,,,,,,,1,2,1,1.0,2.0
201000032368,0010-02-22 11:55:00,10,2,22,11,55,410,18,"3, BOURG NEUF (RUE DU)",,,Plein jour,En agglomération,Hors intersection,Normale,Deux véhicules - arrière,,,,,,,,,,,1,2,1,1.0,2.0
201000032369,0010-02-25 11:55:00,10,2,25,11,55,410,18,LEWES (RUE DE),,,Plein jour,En agglomération,Hors intersection,Pluie forte,Autre collision,,,,,,,,,,,1,2,1,3.0,6.0
201000032370,0010-02-24 12:30:00,10,2,24,12,30,410,18,CHATEAUDUN (AVENUE DE),,,Plein jour,En agglomération,Hors intersection,Normale,Deux véhicules - côté,,,,,,,,,,,1,2,1,1.0,3.0
201000032371,0010-02-26 15:50:00,10,2,26,15,50,410,18,"5, LAIGRET (AVENUE DU DO",,,Plein jour,En agglomération,Hors intersection,Normale,Deux véhicules - côté,,,,,,,,,,,1,2,1,1.0,3.0
201000032372,0010-03-01 07:45:00,10,3,1,7,45,410,18,"29, MAUNOURY (AVENUE DU",,,Plein jour,En agglomération,Hors intersection,Normale,Autre collision,,,,,,,,,,,1,2,1,1.0,6.0
201000032373,0010-03-04 21:00:00,10,3,4,21,0,410,18,RONSARD (RUE PIERRE DE),,,Nuit avec éclairage allumé,En agglomération,Intersection en X,Normale,Deux véhicules - côté,,,,,,,,,,,5,2,2,1.0,3.0
201000032374,0010-03-06 09:55:00,10,3,6,9,55,410,212,"38, SULLY (RUE)",,,Plein jour,En agglomération,Hors intersection,Normale,Autre collision,,,,,,,,,,,1,2,1,1.0,6.0
201000032375,0010-03-08 13:45:00,10,3,8,13,45,410,18,FRANCIADE (RUE),,,Plein jour,En agglomération,Hors intersection,Normale,Deux véhicules - frontale,,,,,,,,,,,1,2,1,1.0,1.0
201000032376,0010-03-12 10:56:00,10,3,12,10,56,410,18,BEGON (RUE MICHEL )  SAU,,,Plein jour,En agglomération,Intersection en T,Normale,Deux véhicules - côté,,,,,,,,,,,1,2,3,1.0,3.0
201000032377,0010-03-15 17:35:00,10,3,15,17,35,410,18,DUPRE (RUE),,,Plein jour,En agglomération,Hors intersection,Normale,Autre collision,,,,,,,,,,,1,2,1,1.0,6.0
201000032378,0010-03-16 05:25:00,10,3,16,5,25,410,18,D174,47.5948,1.35287,Nuit sans éclairage public,En agglomération,Hors intersection,Normale,Sans collision,,,,,,,,,,,3,2,1,1.0,7.0
201000032379,0010-03-19 08:50:00,10,3,19,8,50,410,18,"15, HAUTES GRANGES (RUE",,,Plein jour,En agglomération,Hors intersection,Normale,Autre collision,,,,,,,,,,,1,2,1,1.0,6.0
201000032380,0010-03-20 11:30:00,10,3,20,11,30,410,18,GALLOIS (RUE),,,Plein jour,En agglomération,Hors intersection,Pluie légère,Deux véhicules - arrière,,,,,,,,,,,1,2,1,2.0,2.0
201000032381,0010-03-26 15:15:00,10,3,26,15,15,410,18,NAU (RUE ROBERT),,,Plein jour,En agglomération,Intersection en X,Normale,Deux véhicules - côté,,,,,,,,,,,1,2,2,1.0,3.0
201000032382,0010-03-30 09:25:00,10,3,30,9,25,410,18,"01, INDUSTRIE (BOULEVARD",,,Plein jour,En agglomération,Hors intersection,Normale,Autre collision,,,,,,,,,,,1,2,1,1.0,6.0
201000032383,0010-03-30 17:50:00,10,3,30,17,50,410,47,"07, RD 2152",,,Plein jour,En agglomération,Hors intersection,Normale,Deux véhicules - côté,,,,,,,,,,,1,2,1,1.0,3.0
201000032384,0010-04-11 19:30:00,10,4,11,19,30,410,18,CURIE (RUE PIERRE ET MAR,,,Plein jour,En agglomération,Intersection en T,Normale,Deux véhicules - côté,,,,,,,,,,,1,2,3,1.0,3.0
201000032385,0010-04-12 17:07:00,10,4,12,17,7,410,18,VERDUN (AVENUE DE),47.5928,1.34532,Plein jour,En agglomération,Hors intersection,Normale,Deux véhicules - arrière,,,,,,,,,,,1,2,1,1.0,2.0
201000032386,0010-04-12 11:45:00,10,4,12,11,45,410,18,GUTEMBERG (RUE),,,Plein jour,En agglomération,Hors intersection,Normale,Deux véhicules - frontale,,,,,,,,,,,1,2,1,1.0,1.0
201000032387,0010-04-12 19:30:00,10,4,12,19,30,410,18,LIBERATION (CARREFOUR DE,47.584,1.33906,Plein jour,En agglomération,Intersection en X,Normale,Trois véhicules et plus - en chaîne,,,,,,,,,,,1,2,2,1.0,4.0
201000032388,0010-04-13 11:39:00,10,4,13,11,39,410,18,BOULLE (RUE ANDRE),,,Plein jour,En agglomération,Hors intersection,Normale,Deux véhicules - arrière,,,,,,,,,,,1,2,1,1.0,2.0
201000032389,0010-04-14 11:30:00,10,4,14,11,30,410,18,"05, PONT DU GAST (RUE DU",,,Plein jour,En agglomération,Autre intersection,Normale,Autre collision,,,,,,,,,,,1,2,9,1.0,6.0
201000032390,0010-04-14 17:05:00,10,4,14,17,5,410,18,"36, FONTAINE (RUE JEAN D",,,Plein jour,En agglomération,Hors intersection,Normale,Autre collision,,,,,,,,,,,1,2,1,1.0,6.0
201000032391,0010-04-22 18:40:00,10,4,22,18,40,410,18,BEGON (RUE MICHEL)  N° I,,,Plein jour,En agglomération,Intersection en T,Normale,Deux véhicules - côté,,,,,,,,,,,1,2,3,1.0,3.0
201000032392,0010-04-26 20:40:00,10,4,26,20,40,410,18,"12, INDUSTRIE (BOULEVARD",,,Plein jour,En agglomération,Hors intersection,Normale,Deux véhicules - côté,,,,,,,,,,,1,2,1,1.0,3.0
201000032393,0010-04-27 15:09:00,10,4,27,15,9,410,47,LES GRÉBEAUX,,,Plein jour,Hors agglomération,Hors intersection,Normale,Deux véhicules - côté,,,,,,,,,,,1,1,1,1.0,3.0
201000032394,0010-04-29 11:50:00,10,4,29,11,50,410,18,"941, METAIRIES (RUE DES)",,,Plein jour,En agglomération,Hors intersection,Normale,Sans collision,,,,,,,,,,,1,2,1,1.0,7.0
201000032395,0010-05-04 16:25:00,10,5,4,16,25,410,18,FRANCE (AVENUE DE)  1,,,Plein jour,En agglomération,Intersection en T,Normale,Deux véhicules - côté,,,,,,,,,,,1,2,3,1.0,3.0
201000032396,0010-05-06 15:15:00,10,5,6,15,15,410,18,WILSON (AVENUE DU PRESID,47.5828,1.34089,Plein jour,En agglomération,Hors intersection,Normale,Sans collision,,,,,,,,,,,1,2,1,1.0,7.0
201000032397,0010-05-05 17:30:00,10,5,5,17,30,410,18,"68, BEGON (RUE MICHEL )",,,Plein jour,En agglomération,Hors intersection,Normale,Autre collision,,,,,,,,,,,1,2,1,1.0,6.0
201000032398,0010-05-14 01:35:00,10,5,14,1,35,410,18,MEDICIS (ROND POINT),,,Nuit avec éclairage allumé,En agglomération,Giratoire,Normale,Autre collision,,,,,,,,,,,5,2,6,1.0,6.0
201000032399,0010-05-19 20:34:00,10,5,19,20,34,410,18,RD 952,47.5462,1.28746,Plein jour,Hors agglomération,Hors intersection,Temps éblouissant,Deux véhicules - frontale,,,,,,,,,,,1,1,1,7.0,1.0
201000032400,0010-05-20 08:30:00,10,5,20,8,30,410,212,PATTE D'OIE (ROND POINT),47.5615,1.37295,Plein jour,En agglomération,Giratoire,Normale,Deux véhicules - côté,,,,,,,,,,,1,2,6,1.0,3.0
201000032401,0010-05-20 18:45:00,10,5,20,18,45,410,212,PATTE D'OIE (ROND POINT),47.5615,1.37295,Plein jour,En agglomération,Giratoire,Normale,Deux véhicules - arrière,,,,,,,,,,,1,2,6,1.0,2.0
201000032402,0010-05-21 13:45:00,10,5,21,13,45,410,18,GUTEMBERG (RUE),,,Plein jour,En agglomération,Hors intersection,Normale,Deux véhicules - arrière,,,,,,,,,,,1,2,1,1.0,2.0
201000032403,0010-05-21 17:15:00,10,5,21,17,15,410,18,"61, METAIRIES (RUE DES)",,,Plein jour,En agglomération,Hors intersection,Normale,Autre collision,,,,,,,,,,,1,2,1,1.0,6.0
201000032404,0010-05-24 19:50:00,10,5,24,19,50,410,18,ANGE  (RUE MICHEL),,,Plein jour,En agglomération,Intersection en X,Normale,Deux véhicules - côté,,,,,,,,,,,1,2,2,1.0,3.0
201000032405,0010-05-25 07:36:00,10,5,25,7,36,410,18,RIFFAULT (BD EUGENE),,,Plein jour,En agglomération,Hors intersection,Normale,Deux véhicules - frontale,,,,,,,,,,,1,2,1,1.0,1.0
201000032406,0010-05-26 12:17:00,10,5,26,12,17,410,18,D174,47.5955,1.35199,Plein jour,En agglomération,Hors intersection,Normale,Deux véhicules - arrière,,,,,,,,,,,1,2,1,1.0,2.0
201000032407,0010-05-21 15:40:00,10,5,21,15,40,410,47,RD 2152,47.606,1.35293,Plein jour,En agglomération,Hors intersection,Normale,Deux véhicules - arrière,,,,,,,,,,,1,2,1,1.0,2.0
201000032408,0010-06-04 14:55:00,10,6,4,14,55,410,18,VILLEBOIS-MAREUIL (QUAI),,,Plein jour,En agglomération,Hors intersection,Normale,Deux véhicules - arrière,,,,,,,,,,,1,2,1,1.0,2.0
201000032409,0010-06-08 17:48:00,10,6,8,17,48,410,212,NATIONALE (ROUTE),47.573,1.35545,Plein jour,En agglomération,Intersection en X,Normale,Deux véhicules - côté,,,,,,,,,,,1,2,2,1.0,3.0
201000032410,0010-06-15 20:00:00,10,6,15,20,0,410,18,DUGAY-TROUIN (RUE)  N° I,,,Plein jour,En agglomération,Hors intersection,Normale,Deux véhicules - arrière,,,,,,,,,,,1,2,1,1.0,2.0
201000032411,0010-06-11 12:48:00,10,6,11,12,48,410,18,CABOCHON (RUE DE),,,Plein jour,En agglomération,Hors intersection,Normale,Deux véhicules - côté,,,,,,,,,,,1,2,1,1.0,3.0
201000032412,0010-06-13 13:30:00,10,6,13,13,30,410,18,GENTIL (BOULEVARD RENE),47.5894,1.35196,Plein jour,Hors agglomération,Intersection en X,Normale,Deux véhicules - côté,,,,,,,,,,,1,1,2,1.0,3.0
201000032413,0010-06-10 22:35:00,10,6,10,22,35,410,18,CHATEAUDUN (AVENUE DE),,,Nuit avec éclairage allumé,En agglomération,Intersection en X,Normale,Deux véhicules - côté,,,,,,,,,,,5,2,2,1.0,3.0
201000032414,0010-06-20 05:55:00,10,6,20,5,55,410,18,BALZAC  (RUE HONORE DE),,,Crépuscule ou aube,En agglomération,Hors intersection,Normale,Autre collision,,,,,,,,,,,2,2,1,1.0,6.0
201000032415,0010-06-19 21:10:00,10,6,19,21,10,410,18,"14, BESNARD (QUAI ULYSSE",47.5701,1.30836,Plein jour,En agglomération,Hors intersection,Normale,Autre collision,,,,,,,,,,,1,2,1,1.0,6.0
201000032416,0010-06-20 17:08:00,10,6,20,17,8,410,18,MEDICIS (ROND POINT),47.5847,1.31836,Plein jour,En agglomération,Giratoire,Normale,Deux véhicules - côté,,,,,,,,,,,1,2,6,1.0,3.0
201000032417,0010-06-21 14:30:00,10,6,21,14,30,410,212,RD 923,47.5615,1.37295,Plein jour,Hors agglomération,Giratoire,Normale,Deux véhicules - côté,,,,,,,,,,,1,1,6,1.0,3.0
201000032418,0010-06-22 14:55:00,10,6,22,14,55,410,18,BOUT DES HAIES (CHEMIN D,,,Plein jour,En agglomération,Hors intersection,Normale,Deux véhicules - côté,,,,,,,,,,,1,2,1,1.0,3.0
201000032419,0010-06-25 14:12:00,10,6,25,14,12,410,47,RD 2152,47.6158,1.36432,Plein jour,En agglomération,Autre intersection,Normale,Autre collision,,,,,,,,,,,1,2,9,1.0,6.0
201000032420,0010-06-27 18:35:00,10,6,27,18,35,410,18,COULANGES (ALLEE DE),,,Plein jour,Hors agglomération,Hors intersection,Normale,Autre collision,,,,,,,,,,,1,1,1,1.0,6.0
201000032421,0010-06-26 03:35:00,10,6,26,3,35,410,18,DEBRE (ROBERT),,,Nuit sans éclairage public,En agglomération,Hors intersection,Normale,Deux véhicules - côté,,,,,,,,,,,3,2,1,1.0,3.0
201000032422,0010-06-26 00:35:00,10,6,26,0,35,410,18,D 766,47.5819,1.2932,Nuit sans éclairage public,Hors agglomération,Hors intersection,Normale,Sans collision,,,,,,,,,,,3,1,1,1.0,7.0
201000032423,0010-06-30 11:25:00,10,6,30,11,25,410,18,BOURG NEUF (RUE DU),,,Plein jour,En agglomération,Hors intersection,Normale,Sans collision,,,,,,,,,,,1,2,1,1.0,7.0
201000032424,0010-06-30 12:13:00,10,6,30,12,13,410,18,GAMBETTA (AVENUE),,,Plein jour,En agglomération,Hors intersection,Normale,Deux véhicules - côté,,,,,,,,,,,1,2,1,1.0,3.0
201000032425,0010-07-01 17:45:00,10,7,1,17,45,410,18,RD200,47.615,1.33316,Plein jour,Hors agglomération,Hors intersection,Normale,Trois véhicules et plus - en chaîne,,,,,,,,,,,1,1,1,1.0,4.0
201000032426,0010-07-06 07:50:00,10,7,6,7,50,410,18,DILLARD (RUE VICTOR),,,Plein jour,En agglomération,Intersection en T,Normale,Deux véhicules - côté,,,,,,,,,,,1,2,3,1.0,3.0
201000032427,0010-07-07 18:37:00,10,7,7,18,37,410,18,D 956,47.5586,1.37336,Plein jour,Hors agglomération,Hors intersection,Normale,Deux véhicules - arrière,,,,,,,,,,,1,1,1,1.0,2.0
201000032428,0010-07-08 08:50:00,10,7,8,8,50,410,18,GENTIL (BOULEVARD RENE),47.5894,1.35196,Plein jour,Hors agglomération,Intersection en T,Normale,Deux véhicules - côté,,,,,,,,,,,1,1,3,1.0,3.0
201000032429,0010-07-14 10:10:00,10,7,14,10,10,410,18,SAUSSAYE (QUAI DE LA),47.5846,1.33434,Plein jour,En agglomération,Hors intersection,Pluie légère,Deux véhicules - côté,,,,,,,,,,,1,2,1,2.0,3.0
201000032430,0010-07-15 17:55:00,10,7,15,17,55,410,18,MOULIN (RUE JEAN),,,Plein jour,En agglomération,Hors intersection,Normale,Autre collision,,,,,,,,,,,1,2,1,1.0,6.0
201000032431,0010-07-20 12:00:00,10,7,20,12,0,410,18,RD 952,47.5462,1.28746,Plein jour,Hors agglomération,Hors intersection,Normale,Deux véhicules - frontale,,,,,,,,,,,1,1,1,1.0,1.0
201000032432,0010-07-20 15:35:00,10,7,20,15,35,410,18,BRIAND (QUAI ARISTIDE),,,Plein jour,En agglomération,Intersection en T,Normale,Deux véhicules - côté,,,,,,,,,,,1,2,3,1.0,3.0
201000032433,0010-07-24 18:50:00,10,7,24,18,50,410,18,PIGELEE (RUE) N° PAIRS,,,Plein jour,En agglomération,Hors intersection,Normale,Autre collision,,,,,,,,,,,1,2,1,1.0,6.0
201000032434,0010-07-25 22:50:00,10,7,25,22,50,410,212,RD 923,47.5615,1.37657,Nuit sans éclairage public,Hors agglomération,Hors intersection,Normale,Sans collision,,,,,,,,,,,3,1,1,1.0,7.0
201000032435,0010-07-26 20:20:00,10,7,26,20,20,410,18,"34, COLOMB (RUE CHRISTOP",,,Plein jour,En agglomération,Hors intersection,Normale,Autre collision,,,,,,,,,,,1,2,1,1.0,6.0
201000032436,0010-07-28 18:39:00,10,7,28,18,39,410,212,PATTE D'OIE (ROND POINT),47.5615,1.37295,Plein jour,En agglomération,Giratoire,Normale,Trois véhicules et plus - collisions multiples,,,,,,,,,,,1,2,6,1.0,5.0
201000032437,0010-07-31 11:45:00,10,7,31,11,45,410,18,PONT JACQUES GABRIEL,47.5841,1.33899,Plein jour,En agglomération,Hors intersection,Normale,Autre collision,,,,,,,,,,,1,2,1,1.0,6.0
201000032438,0010-08-16 15:06:00,10,8,16,15,6,410,47,EX RN 152,47.6066,1.35357,Plein jour,En agglomération,Hors intersection,Normale,Sans collision,,,,,,,,,,,1,2,1,1.0,7.0