accident_id,datetime,annee,mois,jour,heure,minute,departement,commune_insee,adresse,latitude,longitude,luminosite,agglomeration,intersection,meteo,collision,nb_vehicules,nb_usagers,nb_indemnes,nb_tues,nb_blesses_hosp,nb_blesses_legers,age_cond_1,age_cond_2,veh_type_cond_1,veh_type_cond_2,lum_code,agg_code,int_code,atm_code,col_code
201000032439,0010-08-16 17:55:00,10,8,16,17,55,410,18,FRANCE (AVENUE DE)  1,,,Plein jour,En agglomération,Intersection en X,Normale,Trois véhicules et plus - collisions multiples,,,,,,,,,,,1,2,2,1.0,5.0
201000032440,0010-08-06 13:45:00,10,8,6,13,45,410,47,RD 2152,47.6048,1.3515,Plein jour,En agglomération,Intersection en X,Normale,Autre collision,,,,,,,,,,,1,2,2,1.0,6.0
201000032441,0010-08-06 18:20:00,10,8,6,18,20,410,18,"5, INDUSTRIE (BOULEVARD",,,Plein jour,En agglomération,Hors intersection,Normale,Trois véhicules et plus - en chaîne,,,,,,,,,,,1,2,1,1.0,4.0
201000032442,0010-08-06 22:30:00,10,8,6,22,30,410,18,"65, CHATEAU-RENAULT (ROU",,,Nuit avec éclairage allumé,En agglomération,Hors intersection,Normale,Sans collision,,,,,,,,,,,5,2,1,1.0,7.0
201000032443,0010-08-07 16:00:00,10,8,7,16,0,410,18,BUTTE (AVENUE DE LA),,,Plein jour,En agglomération,Hors intersection,Normale,Deux véhicules - côté,,,,,,,,,,,1,2,1,1.0,3.0
201000032444,0010-08-08 15:00:00,10,8,8,15,0,410,18,ALLIES (RUE DES),,,Plein jour,En agglomération,Hors intersection,Normale,Autre collision,,,,,,,,,,,1,2,1,1.0,6.0
201000032445,0010-08-21 21:45:00,10,8,21,21,45,410,18,ALBERT 1ER (RUE),,,Nuit avec éclairage allumé,En agglomération,Hors intersection,Normale,Sans collision,,,,,,,,,,,5,2,1,1.0,7.0
201000032446,0010-08-21 20:55:00,10,8,21,20,55,410,18,"50, RENARDIERE (RUE DE L",,,Crépuscule ou aube,En agglomération,Hors intersection,Normale,Deux véhicules - côté,,,,,,,,,,,2,2,1,1.0,3.0
201000032447,0010-08-23 19:52:00,10,8,23,19,52,410,18,VILLERBON (ROUTE DE),,,Plein jour,Hors agglomération,Hors intersection,Normale,Sans collision,,,,,,,,,,,1,1,1,1.0,7.0
201000032448,0010-08-23 20:06:00,10,8,23,20,6,410,18,CITES UNIES (ROND POINT),47.61,1.33929,Plein jour,En agglomération,Giratoire,Normale,Sans collision,,,,,,,,,,,1,2,6,1.0,7.0
201000032449,0010-08-30 12:20:00,10,8,30,12,20,410,18,"6-8, GARENNE (RUE DE LA)",,,Plein jour,En agglomération,Hors intersection,Normale,Deux véhicules - arrière,,,,,,,,,,,1,2,1,1.0,2.0
201000032450,0010-09-01 14:00:00,10,9,1,14,0,410,18,"161, CHATEAUDUN (AVENUE",,,Plein jour,En agglomération,Hors intersection,Normale,Deux véhicules - arrière,,,,,,,,,,,1,2,1,1.0,2.0
201000032451,0010-09-03 15:00:00,10,9,3,15,0,410,18,SCHUMAN (AVENUE ROBERT),,,Plein jour,En agglomération,Hors intersection,Normale,Deux véhicules - côté,,,,,,,,,,,1,2,1,1.0,3.0
201000032452,0010-09-11 22:50:00,10,9,11,22,50,410,18,QUINIERE (RUE DE LA),,,Nuit avec éclairage allumé,En agglomération,Hors intersection,Normale,Autre collision,,,,,,,,,,,5,2,1,1.0,6.0
201000032453,0010-09-14 12:13:00,10,9,14,12,13,410,18,VERDUN (AVENUE DE),47.5945,1.34693,Plein jour,En agglomération,Hors intersection,Normale,Deux véhicules - arrière,,,,,,,,,,,1,2,1,1.0,2.0
201000032454,0010-09-12 10:05:00,10,9,12,10,5,410,18,GAMBETTA (AVENUE),,,Plein jour,En agglomération,Hors intersection,Pluie légère,Autre collision,,,,,,,,,,,1,2,1,2.0,6.0
201000032455,0010-09-13 17:14:00,10,9,13,17,14,410,18,D174,47.5875,1.36241,Plein jour,En agglomération,Hors intersection,Normale,Trois véhicules et plus - collisions multiples,,,,,,,,,,,1,2,1,1.0,5.0
201000032456,0010-09-13 17:24:00,10,9,13,17,24,410,18,FRANCE (AVENUE DE)  1,,,Plein jour,En agglomération,Intersection en X,Normale,Deux véhicules - côté,,,,,,,,,,,1,2,2,1.0,3.0
201000032457,0010-09-15 13:04:00,10,9,15,13,4,410,18,"56, BEGON (RUE MICHEL )",,,Plein jour,En agglomération,Hors intersection,Pluie légère,Sans collision,,,,,,,,,,,1,2,1,2.0,7.0
201000032458,0010-09-19 01:00:00,10,9,19,1,0,410,47,POSTE (RUE DE LA),,,Nuit avec éclairage allumé,En agglomération,Intersection en X,Normale,Deux véhicules - frontale,,,,,,,,,,,5,2,2,1.0,1.0
201000032459,0010-09-20 13:46:00,10,9,20,13,46,410,18,"110, BOURG NEUF (RUE DU)",,,Plein jour,En agglomération,Hors intersection,Normale,Deux véhicules - côté,,,,,,,,,,,1,2,1,1.0,3.0
201000032460,0010-09-23 09:05:00,10,9,23,9,5,410,47,RD 2152,47.6034,1.34998,Plein jour,En agglomération,Hors intersection,Normale,Deux véhicules - arrière,,,,,,,,,,,1,2,1,1.0,2.0
201000032461,0010-09-23 13:16:00,10,9,23,13,16,410,18,CABOCHON (RUE DE),,,Plein jour,En agglomération,Intersection en X,Normale,Deux véhicules - côté,,,,,,,,,,,1,2,2,1.0,3.0
201000032462,0010-09-23 16:50:00,10,9,23,16,50,410,18,MARE (RUE DE LA),,,Plein jour,En agglomération,Hors intersection,Normale,Sans collision,,,,,,,,,,,1,2,1,1.0,7.0
201000032463,0010-09-24 16:33:00,10,9,24,16,33,410,18,TILLEULS (RUE DES),,,Plein jour,En agglomération,Hors intersection,Pluie légère,Autre collision,,,,,,,,,,,1,2,1,2.0,6.0
201000032464,0010-09-25 17:08:00,10,9,25,17,8,410,18,GENTIL (BOULEVARD RENE),47.5894,1.35196,Plein jour,En agglomération,Intersection en T,Normale,Deux véhicules - côté,,,,,,,,,,,1,2,3,1.0,3.0
201000032465,0010-09-30 13:28:00,10,9,30,13,28,410,18,BESNARD (QUAI ULYSSE),47.578,1.32101,Plein jour,En agglomération,Intersection en X,Normale,Deux véhicules - côté,,,,,,,,,,,1,2,2,1.0,3.0
201000032466,0010-09-30 10:59:00,10,9,30,10,59,410,18,BEAUMARCHAIS (RUE),,,Plein jour,Hors agglomération,Hors intersection,Normale,Autre collision,,,,,,,,,,,1,1,1,1.0,6.0
201000032467,0010-10-03 18:35:00,10,10,3,18,35,410,18,"16, WALDSHUT (RUE DE)",,,Crépuscule ou aube,En agglomération,Hors intersection,Temps couvert,Deux véhicules - frontale,,,,,,,,,,,2,2,1,8.0,1.0
201000032468,0010-10-06 18:02:00,10,10,6,18,2,410,18,PHILIPPE (RUE LOUIS-JOSE,,,Plein jour,En agglomération,Hors intersection,Normale,Sans collision,,,,,,,,,,,1,2,1,1.0,7.0
201000032469,0010-10-07 17:37:00,10,10,7,17,37,410,18,DUGAY-TROUIN (RUE)  N° I,,,Plein jour,En agglomération,Hors intersection,Normale,Autre collision,,,,,,,,,,,1,2,1,1.0,6.0
201000032470,0010-10-07 14:55:00,10,10,7,14,55,410,212,NATIONALE (ROUTE),47.5729,1.35567,Plein jour,En agglomération,Hors intersection,Normale,Autre collision,,,,,,,,,,,1,2,1,1.0,6.0
201000032471,0010-10-10 18:25:00,10,10,10,18,25,410,18,CABOCHON (RUE DE),,,Plein jour,En agglomération,Intersection en X,Normale,Deux véhicules - côté,,,,,,,,,,,1,2,2,1.0,3.0
201000032472,0010-10-12 17:32:00,10,10,12,17,32,410,18,PAPIN (RUE DENIS),,,Plein jour,En agglomération,Hors intersection,Normale,Deux véhicules - côté,,,,,,,,,,,1,2,1,1.0,3.0
201000032473,0010-10-12 18:30:00,10,10,12,18,30,410,18,SCHUMAN (ALLEE ROBERT),,,Plein jour,En agglomération,Hors intersection,Normale,Deux véhicules - côté,,,,,,,,,,,1,2,1,1.0,3.0
201000032474,0010-10-11 14:37:00,10,10,11,14,37,410,18,FONTAINE (RUE JEAN DE LA,,,Plein jour,En agglomération,Intersection en X,Normale,Deux véhicules - côté,,,,,,,,,,,1,2,2,1.0,3.0
201000032475,0010-10-14 17:44:00,10,10,14,17,44,410,212,NATIONALE (ROUTE),47.567,1.3644,Plein jour,En agglomération,Hors intersection,Normale,Deux véhicules - arrière,,,,,,,,,,,1,2,1,1.0,2.0
201000032476,0010-10-14 17:53:00,10,10,14,17,53,410,18,SAINT-JEAN (QUAI),47.5894,1.34124,Plein jour,En agglomération,Hors intersection,Normale,Trois véhicules et plus - en chaîne,,,,,,,,,,,1,2,1,1.0,4.0
201000032477,0010-10-16 09:35:00,10,10,16,9,35,410,18,WILSON (AVENUE DU PRESID,47.5814,1.34309,Plein jour,En agglomération,Intersection en X,Pluie légère,Deux véhicules - côté,,,,,,,,,,,1,2,2,2.0,3.0
201000032478,0010-10-18 13:20:00,10,10,18,13,20,410,18,VENDOME (AVENUE DE),,,Plein jour,En agglomération,Hors intersection,Normale,Deux véhicules - arrière,,,,,,,,,,,1,2,1,1.0,2.0
201000032479,0010-10-18 17:25:00,10,10,18,17,25,410,18,D174,47.5936,1.35447,Plein jour,En agglomération,Hors intersection,Normale,Trois véhicules et plus - en chaîne,,,,,,,,,,,1,2,1,1.0,4.0
201000032480,0010-10-19 19:55:00,10,10,19,19,55,410,18,D174,47.5866,1.36326,Nuit avec éclairage non allumé,En agglomération,Hors intersection,Pluie forte,Autre collision,,,,,,,,,,,4,2,1,3.0,6.0
201000032481,0010-10-19 21:25:00,10,10,19,21,25,410,18,SCHUMAN (AVENUE ROBERT),,,Nuit avec éclairage allumé,En agglomération,Hors intersection,Pluie légère,Autre collision,,,,,,,,,,,5,2,1,2.0,6.0
201000032482,0010-10-20 16:15:00,10,10,20,16,15,410,18,INDUSTRIE (BOULEVARD DE,,,Plein jour,En agglomération,Hors intersection,Normale,Trois véhicules et plus - en chaîne,,,,,,,,,,,1,2,1,1.0,4.0
201000032483,0010-10-20 17:45:00,10,10,20,17,45,410,18,FOCH (VENUE DU MARECHAL),,,Plein jour,En agglomération,Hors intersection,Normale,Deux véhicules - arrière,,,,,,,,,,,1,2,1,1.0,2.0
201000032484,0010-10-23 18:33:00,10,10,23,18,33,410,47,"6, PONTIERES (RUE DES)",,,Crépuscule ou aube,En agglomération,Hors intersection,Normale,Sans collision,,,,,,,,,,,2,2,1,1.0,7.0
201000032485,0010-10-28 17:25:00,10,10,28,17,25,410,18,GENTIL (BOULEVARD RENE),47.5905,1.35583,Plein jour,En agglomération,Hors intersection,Normale,Deux véhicules - côté,,,,,,,,,,,1,2,1,1.0,3.0
201000032486,0010-10-28 19:03:00,10,10,28,19,3,410,18,WILSON (AVENUE DU PRESID,47.5816,1.34276,Crépuscule ou aube,En agglomération,Hors intersection,Normale,Sans collision,,,,,,,,,,,2,2,1,1.0,7.0
201000032487,0010-10-28 17:09:00,10,10,28,17,9,410,47,RD 2152,47.6082,1.35536,Plein jour,En agglomération,Hors intersection,Normale,Deux véhicules - frontale,,,,,,,,,,,1,2,1,1.0,1.0
201000032488,0010-10-30 15:44:00,10,10,30,15,44,410,212,D 956,47.5604,1.37316,Plein jour,Hors agglomération,Hors intersection,Normale,Trois véhicules et plus - en chaîne,,,,,,,,,,,1,1,1,1.0,4.0
201000032489,0010-10-30 21:35:00,10,10,30,21,35,410,18,AUGE (BOULEVARD MARC ET,47.5691,1.33676,Nuit sans éclairage public,En agglomération,Hors intersection,Normale,Sans collision,,,,,,,,,,,3,2,1,1.0,7.0
201000032490,0010-11-05 13:48:00,10,11,5,13,48,410,18,"84, CHATEAUDUN (AVENUE D",,,Plein jour,En agglomération,Hors intersection,Normale,Autre collision,,,,,,,,,,,1,2,1,1.0,6.0
201000032491,0010-11-07 15:25:00,10,11,7,15,25,410,212,ROUTE DEPARTEMENTALE 765,47.5609,1.37394,Plein jour,Hors agglomération,Hors intersection,Pluie légère,Deux véhicules - côté,,,,,,,,,,,1,1,1,2.0,3.0
201000032492,0010-11-09 18:20:00,10,11,9,18,20,410,18,D174,47.5837,1.36536,Nuit avec éclairage non allumé,Hors agglomération,Hors intersection,Temps couvert,Autre collision,,,,,,,,,,,4,1,1,8.0,6.0
201000032493,0010-11-09 18:25:00,10,11,9,18,25,410,18,DUGAY-TROUIN (RUE)  N° I,,,Nuit avec éclairage allumé,En agglomération,Hors intersection,Temps couvert,Autre collision,,,,,,,,,,,5,2,1,8.0,6.0
201000032494,0010-11-14 12:40:00,10,11,14,12,40,410,18,VENDOME (AVENUE DE),,,Plein jour,En agglomération,Hors intersection,Pluie légère,Sans collision,,,,,,,,,,,1,2,1,2.0,7.0
201000032495,0010-11-16 19:26:00,10,11,16,19,26,410,18,"6, VILLEBOIS-MAREUIL (QU",,,Nuit avec éclairage allumé,En agglomération,Hors intersection,Normale,Autre collision,,,,,,,,,,,5,2,1,1.0,6.0
201000032496,0010-11-23 12:25:00,10,11,23,12,25,410,18,VENDOME (AVENUE DE),,,Plein jour,En agglomération,Intersection en X,Normale,Deux véhicules - côté,,,,,,,,,,,1,2,2,1.0,3.0
201000032497,0010-11-23 18:00:00,10,11,23,18,0,410,47,DEBRE (ROBERT),,,Nuit avec éclairage allumé,En agglomération,Hors intersection,Normale,Deux véhicules - côté,,,,,,,,,,,5,2,1,1.0,3.0
201000032498,0010-11-26 19:20:00,10,11,26,19,20,410,18,RD200,47.6147,1.33357,Nuit avec éclairage allumé,Hors agglomération,Hors intersection,Normale,Deux véhicules - arrière,,,,,,,,,,,5,1,1,1.0,2.0
201000032499,0010-11-25 07:45:00,10,11,25,7,45,410,18,"3, LE PALLEC (LOUIS JEAN",,,Nuit avec éclairage allumé,En agglomération,Hors intersection,Pluie légère,Trois véhicules et plus - en chaîne,,,,,,,,,,,5,2,1,2.0,4.0
201000032500,0010-11-25 16:00:00,10,11,25,16,0,410,18,RD 952,47.5722,1.31087,Plein jour,En agglomération,Hors intersection,Normale,Trois véhicules et plus - collisions multiples,,,,,,,,,,,1,2,1,1.0,5.0
201000032501,0010-11-25 16:40:00,10,11,25,16,40,410,18,CHATEAUDUN (AVENUE DE),,,Plein jour,En agglomération,Intersection en T,Normale,Deux véhicules - côté,,,,,,,,,,,1,2,3,1.0,3.0
201000032502,0010-11-30 16:30:00,10,11,30,16,30,410,18,HUGO (PLACE VICTOR),,,Plein jour,En agglomération,Place,Temps couvert,Autre collision,,,,,,,,,,,1,2,7,8.0,6.0
201000032503,0010-12-07 13:35:00,10,12,7,13,35,410,18,BROSSELETTE (AVENUE PIER,,,Plein jour,En agglomération,Intersection en T,Pluie légère,Deux véhicules - côté,,,,,,,,,,,1,2,3,2.0,3.0
201000032504,0010-12-07 12:12:00,10,12,7,12,12,410,18,D174,47.5969,1.35045,Plein jour,Hors agglomération,Hors intersection,Pluie légère,Deux véhicules - côté,,,,,,,,,,,1,1,1,2.0,3.0
201000032505,0010-12-09 14:55:00,10,12,9,14,55,410,18,CHATEAUDUN (AVENUE DE),,,Plein jour,En agglomération,Intersection en T,Normale,Deux véhicules - côté,,,,,,,,,,,1,2,3,1.0,3.0
201000032506,0010-12-10 18:45:00,10,12,10,18,45,410,18,CABOCHON (RUE DE),,,Nuit avec éclairage allumé,En agglomération,Intersection en X,Normale,Deux véhicules - frontale,,,,,,,,,,,5,2,2,1.0,1.0
201000032507,0010-12-13 18:20:00,10,12,13,18,20,410,47,DEBRE (ROBERT),,,Nuit avec éclairage allumé,En agglomération,Autre intersection,Normale,Deux véhicules - frontale,,,,,,,,,,,5,2,9,1.0,1.0
201000032508,0010-12-15 08:05:00,10,12,15,8,5,410,18,BEGON (RUE MICHEL )  SAU,,,Plein jour,En agglomération,Hors intersection,Normale,Autre collision,,,,,,,,,,,1,2,1,1.0,6.0
201000032509,0010-12-20 15:10:00,10,12,20,15,10,410,18,"20, RIFFAULT (RUE EUGENE",,,Plein jour,En agglomération,Hors intersection,Normale,Autre collision,,,,,,,,,,,1,2,1,1.0,6.0
201000032510,0010-12-22 15:04:00,10,12,22,15,4,410,212,D 956,47.56,1.37326,Plein jour,Hors agglomération,Hors intersection,Pluie forte,Deux véhicules - arrière,,,,,,,,,,,1,1,1,3.0,2.0
201000032511,0010-12-22 17:31:00,10,12,22,17,31,410,18,28 JANVIER (RUE DU),,,Nuit avec éclairage non allumé,En agglomération,Hors intersection,Pluie forte,Autre collision,,,,,,,,,,,4,2,1,3.0,6.0
201000032512,0010-12-22 21:05:00,10,12,22,21,5,410,18,THIERRY (RUE AUGUSTIN),,,Nuit avec éclairage allumé,En agglomération,Hors intersection,Pluie forte,Deux véhicules - frontale,,,,,,,,,,,5,2,1,3.0,1.0
201000032513,0010-12-24 15:00:00,10,12,24,15,0,410,18,GALLOIS (RUE),,,Plein jour,En agglomération,Hors intersection,Neige / grêle,Autre collision,,,,,,,,,,,1,2,1,4.0,6.0
201000032514,0010-12-28 19:44:00,10,12,28,19,44,410,18,VENDOME (AVENUE DE),,,Plein jour,En agglomération,Hors intersection,Normale,Deux véhicules - côté,,,,,,,,,,,1,2,1,1.0,3.0
201000032515,0010-12-29 15:05:00,10,12,29,15,5,410,18,COULANGES (ALLEE DE),,,Plein jour,En agglomération,Hors intersection,Normale,Deux véhicules - frontale,,,,,,,,,,,1,2,1,1.0,1.0
201000032516,0010-01-04 11:00:00,10,1,4,11,0,410,194,ORLEANS (ROUTE D'),47.3841,1.738,Plein jour,Hors agglomération,Hors intersection,Normale,Sans collision,,,,,,,,,,,1,1,1,1.0,7.0
201000032517,0010-03-19 17:30:00,10,3,19,17,30,410,194,"., SALBRIS (AVENUE DE)",,,Plein jour,En agglomération,Intersection en X,Temps couvert,Deux véhicules - frontale,,,,,,,,,,,1,2,2,8.0,1.0
201000032518,0010-03-26 15:05:00,10,3,26,15,5,410,194,"65, SAINT ROCH (FAUBOURG",,,Plein jour,En agglomération,Hors intersection,Temps couvert,Deux véhicules - côté,,,,,,,,,,,1,2,1,8.0,3.0
201000032519,0010-05-15 23:25:00,10,5,15,23,25,410,194,"., DEUX SEPTEMBRE 44 (AL",,,Nuit avec éclairage allumé,En agglomération,Hors intersection,Normale,Autre collision,,,,,,,,,,,5,2,1,1.0,6.0
201000032520,0010-05-26 18:40:00,10,5,26,18,40,410,194,"18, CAPUCINS (RUE DES)",,,Plein jour,En agglomération,Hors intersection,Normale,Deux véhicules - frontale,,,,,,,,,,,1,2,1,1.0,1.0
201000032521,0010-08-19 18:45:00,10,8,19,18,45,410,194,"., CAPUCINS (RUE DES)",,,Plein jour,En agglomération,Intersection en X,Normale,Deux véhicules - côté,,,,,,,,,,,1,2,2,1.0,3.0
201000032522,0010-09-18 19:15:00,10,9,18,19,15,410,194,"57, CHEMINETS (RUE DES)",,,Plein jour,En agglomération,Hors intersection,Normale,Deux véhicules - côté,,,,,,,,,,,1,2,1,1.0,3.0
201000032523,0010-11-25 16:40:00,10,11,25,16,40,410,194,THEILLAY (ROUTE DE),47.3546,1.77586,Plein jour,Hors agglomération,Hors intersection,Normale,Autre collision,,,,,,,,,,,1,1,1,1.0,6.0
201000032524,0010-11-25 17:55:00,10,11,25,17,55,410,194,"9, PARIS (AVENUE DE)",,,Nuit avec éclairage allumé,En agglomération,Hors intersection,Neige / grêle,Autre collision,,,,,,,,,,,5,2,1,4.0,6.0
201000032525,0010-11-26 19:30:00,10,11,26,19,30,410,194,"31, SAINT ROCH (FAUBOURG",,,Nuit avec éclairage allumé,En agglomération,Hors intersection,Normale,Deux véhicules - frontale,,,,,,,,,,,5,2,1,1.0,1.0
201000032526,0010-12-09 10:20:00,10,12,9,10,20,410,194,"28, MARECHAL DELATTRE DE",,,Plein jour,En agglomération,Hors intersection,Normale,Autre collision,,,,,,,,,,,1,2,1,1.0,6.0
201000032527,0010-12-10 13:45:00,10,12,10,13,45,410,194,"8, ORLEANS (FAUBOURG D')",,,Plein jour,En agglomération,Hors intersection,Normale,Sans collision,,,,,,,,,,,1,2,1,1.0,7.0
201000032528,0010-12-11 05:50:00,10,12,11,5,50,410,194,"38, JOSEPH GAVEAU (RUE)",,,Nuit avec éclairage allumé,En agglomération,Hors intersection,Temps couvert,Sans collision,,,,,,,,,,,5,2,1,8.0,7.0
201000032529,0010-12-16 17:35:00,10,12,16,17,35,410,194,"63, VILLEFRANCHE (AVENUE",,,Nuit avec éclairage allumé,En agglomération,Hors intersection,Pluie légère,Deux véhicules - frontale,,,,,,,,,,,5,2,1,2.0,1.0
201000032530,0010-01-12 08:34:00,10,1,12,8,34,410,269,"., KENNEDY (BOULEVARD DU",,,Crépuscule ou aube,En agglomération,Intersection en X,Normale,Sans collision,,,,,,,,,,,2,2,2,1.0,7.0
201000032531,0010-01-31 18:00:00,10,1,31,18,0,410,269,PARIS (ROUTE DE),,,Plein jour,En agglomération,Intersection à plus de 4 branches,Normale,Deux véhicules - côté,,,,,,,,,,,1,2,5,1.0,3.0
201000032532,0010-02-05 21:10:00,10,2,5,21,10,410,269,"., BOURBON (RUE ANTOINE",,,Nuit avec éclairage allumé,En agglomération,Hors intersection,Normale,Deux véhicules - arrière,,,,,,,,,,,5,2,1,1.0,2.0
201000032533,0010-02-19 17:30:00,10,2,19,17,30,410,269,"25, GREVE (RUE DE LA)",,,Plein jour,En agglomération,Hors intersection,Normale,Deux véhicules - arrière,,,,,,,,,,,1,2,1,1.0,2.0
201000032534,0010-02-22 13:38:00,10,2,22,13,38,410,269,POTERIE (RUE),,,Plein jour,En agglomération,Intersection en T,Normale,Deux véhicules - côté,,,,,,,,,,,1,2,3,1.0,3.0
201000032535,0010-02-24 20:50:00,10,2,24,20,50,410,226,PARIS (ROUTE DE),47.8042,1.07108,Nuit avec éclairage allumé,En agglomération,Intersection à plus de 4 branches,Normale,Deux véhicules - côté,,,,,,,,,,,5,2,5,1.0,3.0
201000032536,0010-03-07 17:37:00,10,3,7,17,37,410,269,"., MANS (ROUTE DU)",47.8044,1.03516,Plein jour,En agglomération,Intersection en X,Normale,Deux véhicules - côté,,,,,,,,,,,1,2,2,1.0,3.0
201000032537,0010-03-17 18:55:00,10,3,17,18,55,410,269,MANS (ROUTE DU),47.8111,1.02552,Plein jour,Hors agglomération,Hors intersection,Normale,Deux véhicules - frontale,,,,,,,,,,,1,1,1,1.0,1.0
201000032538,0010-03-29 07:49:00,10,3,29,7,49,410,269,"42, MOULIN (AV JEAN) (SE",,,Plein jour,En agglomération,Hors intersection,Normale,Sans collision,,,,,,,,,,,1,2,1,1.0,7.0
201000032539,0010-04-09 14:00:00,10,4,9,14,0,410,269,"., KENNEDY (BOULEVARD DU",,,Plein jour,En agglomération,Intersection en X,Normale,Sans collision,,,,,,,,,,,1,2,2,1.0,7.0
201000032540,0010-04-11 19:00:00,10,4,11,19,0,410,269,"., BELLEVUE (RUE DE)",,,Plein jour,En agglomération,Intersection en T,Normale,Deux véhicules - côté,,,,,,,,,,,1,2,3,1.0,3.0
201000032541,0010-04-17 20:55:00,10,4,17,20,55,410,226,"., ADER (RUE CLEMENT)",,,Plein jour,Hors agglomération,Hors intersection,Normale,Deux véhicules - côté,,,,,,,,,,,1,1,1,1.0,3.0
201000032542,0010-04-30 18:00:00,10,4,30,18,0,410,269,"205, SAINT BIENHEURE (FA",47.7943,1.09932,Plein jour,Hors agglomération,Hors intersection,Normale,Sans collision,,,,,,,,,,,1,1,1,1.0,7.0
201000032543,0010-05-02 12:00:00,10,5,2,12,0,410,226,PARIS (ROUTE DE),47.8108,1.07385,Plein jour,En agglomération,Intersection à plus de 4 branches,Normale,Deux véhicules - côté,,,,,,,,,,,1,2,5,1.0,3.0
201000032544,0010-05-17 07:35:00,10,5,17,7,35,410,158,"., ROUTE DEPARTEMENTALE",47.7817,1.02197,Plein jour,Hors agglomération,Hors intersection,Normale,Sans collision,,,,,,,,,,,1,1,1,1.0,7.0
201000032545,0010-06-05 03:30:00,10,6,5,3,30,410,226,"., PARIS (ROUTE DE)",47.806,1.07181,Nuit avec éclairage allumé,En agglomération,Hors intersection,Normale,Trois véhicules et plus - en chaîne,,,,,,,,,,,5,2,1,1.0,4.0
201000032546,0010-06-05 15:25:00,10,6,5,15,25,410,269,"., LUBIDET (RUE DE)",,,Plein jour,En agglomération,Hors intersection,Normale,Trois véhicules et plus - collisions multiples,,,,,,,,,,,1,2,1,1.0,5.0
201000032547,0010-06-17 14:40:00,10,6,17,14,40,410,269,"02, REPUBLIQUE (PLACE DE",,,Plein jour,En agglomération,Intersection en X,Normale,Autre collision,,,,,,,,,,,1,2,2,1.0,6.0
201000032548,0010-06-23 18:45:00,10,6,23,18,45,410,269,"., MARTEL (RUE GEOFFROY)",,,Plein jour,En agglomération,Hors intersection,Normale,Sans collision,,,,,,,,,,,1,2,1,1.0,7.0
201000032549,0010-07-21 08:35:00,10,7,21,8,35,410,269,"15BIS, MOULIN (AV JEAN)",,,Plein jour,En agglomération,Hors intersection,Normale,Sans collision,,,,,,,,,,,1,2,1,1.0,7.0
201000032550,0010-07-25 20:15:00,10,7,25,20,15,410,269,"10, FRANCE (RUE ANATOLE)",,,Plein jour,En agglomération,Hors intersection,Normale,Sans collision,,,,,,,,,,,1,2,1,1.0,7.0
201000032551,0010-08-04 17:25:00,10,8,4,17,25,410,226,"14, SAINT EXUPERY (AVENU",,,Plein jour,En agglomération,Hors intersection,Normale,Deux véhicules - côté,,,,,,,,,,,1,2,1,1.0,3.0
201000032552,0010-08-14 22:39:00,10,8,14,22,39,410,269,"55, ROI HENRI (RUE DU)",,,Nuit avec éclairage allumé,En agglomération,Hors intersection,Normale,Autre collision,,,,,,,,,,,5,2,1,1.0,6.0
201000032553,0010-08-18 05:00:00,10,8,18,5,0,410,3,BEAUGENCY (ROUTE DE),47.7943,1.09932,Nuit sans éclairage public,Hors agglomération,Hors intersection,Normale,Sans collision,,,,,,,,,,,3,1,1,1.0,7.0
201000032554,0010-09-12 06:00:00,10,9,12,6,0,410,226,PARIS (ROUTE DE),,,Nuit avec éclairage allumé,En agglomération,Intersection à plus de 4 branches,Normale,Deux véhicules - côté,,,,,,,,,,,5,2,5,1.0,3.0
201000032555,0010-09-10 09:00:00,10,9,10,9,0,410,269,"40, MOULIN (AV JEAN) (SE",,,Plein jour,En agglomération,Hors intersection,Normale,Deux véhicules - côté,,,,,,,,,,,1,2,1,1.0,3.0
201000032556,0010-09-24 07:50:00,10,9,24,7,50,410,269,"., FRANCE (RUE ANATOLE)",,,Plein jour,En agglomération,Intersection en T,Pluie légère,Deux véhicules - côté,,,,,,,,,,,1,2,3,2.0,3.0
201000032557,0010-10-04 11:25:00,10,10,4,11,25,410,269,PARIS (ROUTE DE),47.8042,1.07108,Plein jour,En agglomération,Intersection à plus de 4 branches,Normale,Deux véhicules - côté,,,,,,,,,,,1,2,5,1.0,3.0
201000032558,0010-10-09 11:30:00,10,10,9,11,30,410,226,PARIS (ROUTE DE),47.8042,1.07108,Plein jour,En agglomération,Intersection à plus de 4 branches,Normale,Deux véhicules - côté,,,,,,,,,,,1,2,5,1.0,3.0
201000032559,0010-10-31 03:20:00,10,10,31,3,20,410,269,"06, FERME (RUE)",,,Nuit avec éclairage allumé,En agglomération,Hors intersection,Normale,Autre collision,,,,,,,,,,,5,2,1,1.0,6.0
201000032560,0010-11-05 08:07:00,10,11,5,8,7,410,269,"., KENNEDY (BOULEVARD DU",,,Plein jour,En agglomération,Intersection en X,Normale,Autre collision,,,,,,,,,,,1,2,2,1.0,6.0
201000032561,0010-11-09 15:00:00,10,11,9,15,0,410,269,"24, LECLERC (MAIL DU MAR",,,Plein jour,En agglomération,Hors intersection,Normale,Sans collision,,,,,,,,,,,1,2,1,1.0,7.0
201000032562,0010-11-10 16:40:00,10,11,10,16,40,410,269,"05, VERDUN (AVENUE DE)",,,Plein jour,En agglomération,Hors intersection,Normale,Deux véhicules - côté,,,,,,,,,,,1,2,1,1.0,3.0