accident_id,datetime,annee,mois,jour,heure,minute,departement,commune_insee,adresse,latitude,longitude,luminosite,agglomeration,intersection,meteo,collision,nb_vehicules,nb_usagers,nb_indemnes,nb_tues,nb_blesses_hosp,nb_blesses_legers,age_cond_1,age_cond_2,veh_type_cond_1,veh_type_cond_2,lum_code,agg_code,int_code,atm_code,col_code
201000032563,0010-11-30 10:00:00,10,11,30,10,0,410,269,"., CHASSEURS (RUE DU 20E",,,Plein jour,En agglomération,Intersection en X,Normale,Deux véhicules - côté,,,,,,,,,,,1,2,2,1.0,3.0
201000032564,0010-01-06 12:30:00,10,1,6,12,30,420,95,"17 BIS, GRILLET (CHEMIN",45.4027,4.28903,Plein jour,En agglomération,Hors intersection,Neige / grêle,Deux véhicules - frontale,,,,,,,,,,,1,2,1,4.0,1.0
201000032565,0010-01-11 12:40:00,10,1,11,12,40,420,183,"44 BIS, PONS (RUE JEAN-M",45.39933,4.37353,Plein jour,En agglomération,Hors intersection,Temps couvert,Autre collision,,,,,,,,,,,1,2,1,8.0,6.0
201000032566,0010-01-23 05:50:00,10,1,23,5,50,420,316,CD 3,45.40083,4.25589,Nuit sans éclairage public,Hors agglomération,Hors intersection,Autre,Autre collision,,,,,,,,,,,3,1,1,9.0,6.0
201000032567,0010-01-27 18:35:00,10,1,27,18,35,420,99,CD 25,45.37818,4.272,Nuit avec éclairage allumé,En agglomération,Hors intersection,Normale,Deux véhicules - côté,,,,,,,,,,,5,2,1,1.0,3.0
201000032568,0010-02-06 16:45:00,10,2,6,16,45,420,183,RD  88,45.40122,4.35611,Plein jour,En agglomération,Hors intersection,Normale,Autre collision,,,,,,,,,,,1,2,1,1.0,6.0
201000032569,0010-02-08 15:20:00,10,2,8,15,20,420,44,RD 88-2,45.39846,4.33457,Plein jour,En agglomération,Hors intersection,Temps couvert,Autre collision,,,,,,,,,,,1,2,1,8.0,6.0
201000032570,0010-03-18 17:35:00,10,3,18,17,35,420,95,CD 3,45.40001,4.29079,Plein jour,En agglomération,Hors intersection,Normale,Deux véhicules - côté,,,,,,,,,,,1,2,1,1.0,3.0
201000032571,0010-03-15 17:05:00,10,3,15,17,5,420,44,RD 88-2,45.39756,4.32807,Plein jour,En agglomération,Hors intersection,Normale,Autre collision,,,,,,,,,,,1,2,1,1.0,6.0
201000032572,0010-03-23 09:10:00,10,3,23,9,10,420,44,RD 88,45.40012,4.35338,Plein jour,En agglomération,Intersection en T,Normale,Deux véhicules - côté,,,,,,,,,,,1,2,3,1.0,3.0
201000032573,0010-04-04 18:15:00,10,4,4,18,15,420,44,CD 33,45.39051,4.36962,Plein jour,Hors agglomération,Hors intersection,Pluie légère,Sans collision,,,,,,,,,,,1,1,1,2.0,7.0
201000032574,0010-04-10 15:15:00,10,4,10,15,15,420,183,"1, RASPAIL (PLACE)",45.40316,4.36573,Plein jour,En agglomération,Hors intersection,Normale,Autre collision,,,,,,,,,,,1,2,1,1.0,6.0
201000032575,0010-04-18 16:45:00,10,4,18,16,45,420,44,RD 10-1,45.38441,4.30658,Plein jour,Hors agglomération,Hors intersection,Normale,Autre collision,,,,,,,,,,,1,1,1,1.0,6.0
201000032576,0010-04-22 19:00:00,10,4,22,19,0,420,95,RD 88,45.39587,4.32005,Plein jour,En agglomération,Hors intersection,Normale,Deux véhicules - arrière,,,,,,,,,,,1,2,1,1.0,2.0
201000032577,0010-04-24 22:50:00,10,4,24,22,50,420,44,RD 88,45.39351,4.29768,Nuit avec éclairage allumé,En agglomération,Hors intersection,Normale,Deux véhicules - côté,,,,,,,,,,,5,2,1,1.0,3.0
201000032578,0010-04-27 08:00:00,10,4,27,8,0,420,183,RD  88,45.40596,4.36736,Plein jour,En agglomération,Hors intersection,Normale,Deux véhicules - côté,,,,,,,,,,,1,2,1,1.0,3.0
201000032579,0010-04-27 10:30:00,10,4,27,10,30,420,44,RD 10,45.4135,4.3004,Plein jour,Hors agglomération,Hors intersection,Normale,Deux véhicules - côté,,,,,,,,,,,1,1,1,1.0,3.0
201000032580,0010-04-27 19:50:00,10,4,27,19,50,420,44,RD 88,45.39779,4.34632,Plein jour,En agglomération,Hors intersection,Normale,Deux véhicules - côté,,,,,,,,,,,1,2,1,1.0,3.0
201000032581,0010-04-11 13:30:00,10,4,11,13,30,420,44,RD 88,45.39762,4.33171,Plein jour,En agglomération,Hors intersection,Normale,Deux véhicules - arrière,,,,,,,,,,,1,2,1,1.0,2.0
201000032582,0010-05-04 13:50:00,10,5,4,13,50,420,183,CD 3088 (CONTOURNEMENT),45.41274,4.37177,Plein jour,En agglomération,Hors intersection,Pluie légère,Deux véhicules - frontale,,,,,,,,,,,1,2,1,2.0,1.0
201000032583,0010-05-05 15:40:00,10,5,5,15,40,420,183,RD  88,45.40208,4.35871,Plein jour,En agglomération,Intersection en T,Pluie forte,Trois véhicules et plus - collisions multiples,,,,,,,,,,,1,2,3,3.0,5.0
201000032584,0010-04-30 17:45:00,10,4,30,17,45,420,44,"1, DE GAULLE (RUE CHARLE",45.3961,4.32189,Plein jour,En agglomération,Hors intersection,Normale,Deux véhicules - arrière,,,,,,,,,,,1,2,1,1.0,2.0
201000032585,0010-05-10 17:30:00,10,5,10,17,30,420,44,RD 88,45.3936,4.29853,Plein jour,En agglomération,Hors intersection,Normale,Deux véhicules - côté,,,,,,,,,,,1,2,1,1.0,3.0
201000032586,0010-05-20 16:20:00,10,5,20,16,20,420,316,61 rue Roger Salengro,45.40607,4.25601,Plein jour,En agglomération,Hors intersection,Normale,Deux véhicules - côté,,,,,,,,,,,1,2,1,1.0,3.0
201000032587,0010-06-04 14:00:00,10,6,4,14,0,420,270,CD 108,45.39609,4.2316,Plein jour,Hors agglomération,Hors intersection,Normale,Deux véhicules - arrière,,,,,,,,,,,1,1,1,1.0,2.0
201000032588,0010-06-09 19:15:00,10,6,9,19,15,420,44,"1, ECOLES (RUE DES)",45.39474,4.30203,Plein jour,En agglomération,Intersection en T,Normale,Deux véhicules - côté,,,,,,,,,,,1,2,3,1.0,3.0
201000032589,0010-06-12 15:30:00,10,6,12,15,30,420,44,R D 10,45.40567,4.33041,Plein jour,Hors agglomération,Hors intersection,Normale,Sans collision,,,,,,,,,,,1,1,1,1.0,7.0
201000032590,0010-06-18 07:30:00,10,6,18,7,30,420,44,"16, MICHELET (RUE JULES)",45.3964,4.33079,Plein jour,En agglomération,Hors intersection,Normale,Autre collision,,,,,,,,,,,1,2,1,1.0,6.0
201000032591,0010-06-24 13:30:00,10,6,24,13,30,420,270,"1, PEPINIERES (ALLEE DES",45.39277,4.23593,Plein jour,En agglomération,Hors intersection,Normale,Autre collision,,,,,,,,,,,1,2,1,1.0,6.0
201000032592,0010-06-23 16:00:00,10,6,23,16,0,420,183,"22 BIS, JAURES (RUEE JEA",45.40038,4.35898,Plein jour,En agglomération,Hors intersection,Normale,Autre collision,,,,,,,,,,,1,2,1,1.0,6.0
201000032593,0010-07-23 11:40:00,10,7,23,11,40,420,95,"1, BARGE (CHEMIN DE LA)",45.3979,4.29418,Plein jour,En agglomération,Hors intersection,Normale,Autre collision,,,,,,,,,,,1,2,1,1.0,6.0
201000032594,0010-08-04 19:20:00,10,8,4,19,20,420,44,RD 88,45.39896,4.33983,Plein jour,En agglomération,Hors intersection,Normale,Deux véhicules - frontale,,,,,,,,,,,1,2,1,1.0,1.0
201000032595,0010-07-18 13:25:00,10,7,18,13,25,420,44,RD 88,45.39475,4.30852,Plein jour,En agglomération,Hors intersection,Normale,Autre collision,,,,,,,,,,,1,2,1,1.0,6.0
201000032596,0010-07-29 14:50:00,10,7,29,14,50,420,316,"14, HOLTZER (RUE)",45.39503,4.26694,Plein jour,En agglomération,Intersection en T,Normale,Deux véhicules - côté,,,,,,,,,,,1,2,3,1.0,3.0
201000032597,0010-08-09 16:25:00,10,8,9,16,25,420,44,RD 88-2,45.39723,4.32409,Plein jour,En agglomération,Hors intersection,Normale,Autre collision,,,,,,,,,,,1,2,1,1.0,6.0
201000032598,0010-08-11 11:15:00,10,8,11,11,15,420,95,"1, PORTAFAIX (CHEMIN DE)",45.366,4.27045,Plein jour,En agglomération,Hors intersection,Normale,Autre collision,,,,,,,,,,,1,2,1,1.0,6.0
201000032599,0010-08-11 16:05:00,10,8,11,16,5,420,316,CD 25,45.41099,4.28161,Plein jour,Hors agglomération,Hors intersection,Normale,Autre collision,,,,,,,,,,,1,1,1,1.0,6.0
201000032600,0010-08-12 15:50:00,10,8,12,15,50,420,95,"4, DUCHENE (RUE)",45.38951,4.28417,Plein jour,En agglomération,Hors intersection,Normale,Deux véhicules - arrière,,,,,,,,,,,1,2,1,1.0,2.0
201000032601,0010-07-06 16:50:00,10,7,6,16,50,420,183,RD  88,45.40365,4.36608,Plein jour,En agglomération,Hors intersection,Normale,Autre collision,,,,,,,,,,,1,2,1,1.0,6.0
201000032602,0010-08-16 15:20:00,10,8,16,15,20,420,95,"9, CALMETTE (RUE DU PROF",45.39336,4.29223,Plein jour,En agglomération,Hors intersection,Normale,Autre collision,,,,,,,,,,,1,2,1,1.0,6.0
201000032603,0010-08-29 19:00:00,10,8,29,19,0,420,44,RD 88,45.39529,4.31369,Plein jour,En agglomération,Hors intersection,Normale,Deux véhicules - côté,,,,,,,,,,,1,2,1,1.0,3.0
201000032604,0010-09-05 13:15:00,10,9,5,13,15,420,31,CD 3,45.40855,4.24659,Plein jour,En agglomération,Hors intersection,Normale,Deux véhicules - côté,,,,,,,,,,,1,2,1,1.0,3.0
201000032605,0010-09-18 05:00:00,10,9,18,5,0,420,270,CD 108,45.39594,4.22625,Nuit avec éclairage allumé,En agglomération,Hors intersection,Normale,Deux véhicules - frontale,,,,,,,,,,,5,2,1,1.0,1.0
201000032606,0010-09-29 17:30:00,10,9,29,17,30,420,31,CD 108,45.41449,4.23615,Plein jour,Hors agglomération,Hors intersection,Normale,Sans collision,,,,,,,,,,,1,1,1,1.0,7.0
201000032607,0010-10-06 10:15:00,10,10,6,10,15,420,95,"1, VIMORE (RUE)",45.38715,4.282,Plein jour,En agglomération,Hors intersection,Normale,Deux véhicules - frontale,,,,,,,,,,,1,2,1,1.0,1.0
201000032608,0010-10-07 18:25:00,10,10,7,18,25,420,44,"25, URFE (RUE HONORE D')",45.39447,4.34555,Plein jour,En agglomération,Hors intersection,Normale,Deux véhicules - arrière,,,,,,,,,,,1,2,1,1.0,2.0
201000032609,0010-11-03 14:00:00,10,11,3,14,0,420,95,CD 500,45.39111,4.29098,Plein jour,En agglomération,Intersection en T,Normale,Deux véhicules - côté,,,,,,,,,,,1,2,3,1.0,3.0
201000032610,0010-11-12 22:15:00,10,11,12,22,15,420,95,"26, ROCHEREAU (RUE DENFE",45.39016,4.29076,Nuit avec éclairage allumé,En agglomération,Intersection en X,Normale,Deux véhicules - côté,,,,,,,,,,,5,2,2,1.0,3.0
201000032611,0010-11-30 15:30:00,10,11,30,15,30,420,95,CD 3,45.3928,4.2902,Plein jour,En agglomération,Hors intersection,Neige / grêle,Deux véhicules - arrière,,,,,,,,,,,1,2,1,4.0,2.0
201000032612,0010-12-04 14:40:00,10,12,4,14,40,420,95,"1, SAINT-CHARLES (BOULEV",45.38859,4.28019,Plein jour,En agglomération,Giratoire,Normale,Deux véhicules - côté,,,,,,,,,,,1,2,6,1.0,3.0
201000032613,0010-12-18 15:15:00,10,12,18,15,15,420,44,RD 88,45.39348,4.29778,Plein jour,En agglomération,Hors intersection,Normale,Autre collision,,,,,,,,,,,1,2,1,1.0,6.0
201000032614,0010-01-23 17:25:00,10,1,23,17,25,420,147,"1, BERNARD (ALLEE AUGUST",45.59495,4.08396,Plein jour,En agglomération,Intersection en T,Temps couvert,Autre collision,,,,,,,,,,,1,2,3,8.0,6.0
201000032615,0010-02-23 21:15:00,10,2,23,21,15,420,147,"04, PLEUVEY (AVENUE DE)",45.59493,4.08394,Nuit avec éclairage allumé,En agglomération,Giratoire,Pluie légère,Autre collision,,,,,,,,,,,5,2,6,2.0,6.0
201000032616,0010-02-26 18:55:00,10,2,26,18,55,420,147,"6, BEAUREGARD (RUE DE)",45.61019,4.05996,Crépuscule ou aube,En agglomération,Hors intersection,Normale,Autre collision,,,,,,,,,,,2,2,1,1.0,6.0
201000032617,0010-02-04 08:40:00,10,2,4,8,40,420,147,"1, CHARLES DE GAULLE (AV",45.61179,4.0677,Plein jour,En agglomération,Giratoire,Autre,Deux véhicules - côté,,,,,,,,,,,1,2,6,9.0,3.0
201000032618,0010-03-30 16:15:00,10,3,30,16,15,420,147,"1, CARNOT (BOULEVARD)",45.60767,4.06808,Plein jour,En agglomération,Intersection en T,Normale,Deux véhicules - arrière,,,,,,,,,,,1,2,3,1.0,2.0
201000032619,0010-04-27 08:45:00,10,4,27,8,45,420,147,PRES LACROIX (RUE DES),,,Plein jour,En agglomération,Hors intersection,Normale,Autre collision,,,,,,,,,,,1,2,1,1.0,6.0
201000032620,0010-04-27 11:30:00,10,4,27,11,30,420,299,D496,45.6126,4.10623,Plein jour,Hors agglomération,Hors intersection,Normale,Deux véhicules - côté,,,,,,,,,,,1,1,1,1.0,3.0
201000032621,0010-05-10 13:40:00,10,5,10,13,40,420,299,R.D.204,45.60105,4.09333,Plein jour,Hors agglomération,Giratoire,Normale,Deux véhicules - arrière,,,,,,,,,,,1,1,6,1.0,2.0
201000032622,0010-05-10 15:30:00,10,5,10,15,30,420,299,RD 60,,,Plein jour,Hors agglomération,Hors intersection,Normale,Sans collision,,,,,,,,,,,1,1,1,1.0,7.0
201000032623,0010-05-15 11:30:00,10,5,15,11,30,420,147,"11, LACHEZE (BOULEVARD)",45.60523,4.06515,Plein jour,En agglomération,Hors intersection,Normale,Autre collision,,,,,,,,,,,1,2,1,1.0,6.0
201000032624,0010-05-05 12:25:00,10,5,5,12,25,420,299,", FEURS (RUE DE)",45.61142,4.06794,Plein jour,En agglomération,Giratoire,Pluie légère,Deux véhicules - côté,,,,,,,,,,,1,2,6,2.0,3.0
201000032625,0010-06-04 14:30:00,10,6,4,14,30,420,147,GRANGES (AVENUE DES),45.60529,4.06513,Plein jour,En agglomération,Hors intersection,Normale,Deux véhicules - côté,,,,,,,,,,,1,2,1,1.0,3.0
201000032626,0010-06-25 12:15:00,10,6,25,12,15,420,147,"22, CARNOT (BOULEVARD)",45.60767,4.06813,Plein jour,En agglomération,Intersection en X,Normale,Deux véhicules - côté,,,,,,,,,,,1,2,2,1.0,3.0
201000032627,0010-07-06 18:00:00,10,7,6,18,0,420,299,D496,45.60758,4.0682,Plein jour,Hors agglomération,Hors intersection,Normale,Sans collision,,,,,,,,,,,1,1,1,1.0,7.0
201000032628,0010-07-16 09:20:00,10,7,16,9,20,420,147,PRECIEUX (ROUTE DE),45.59893,4.10484,Plein jour,Hors agglomération,Intersection en T,Normale,Deux véhicules - côté,,,,,,,,,,,1,1,3,1.0,3.0
201000032629,0010-08-15 18:05:00,10,8,15,18,5,420,299,R.D.204,45.6109,4.08866,Plein jour,Hors agglomération,Hors intersection,Normale,Deux véhicules - frontale,,,,,,,,,,,1,1,1,1.0,1.0
201000032630,0010-09-24 14:30:00,10,9,24,14,30,420,147,LIBERATION  (AVENUE),45.60213,4.07,Plein jour,En agglomération,Intersection en T,Temps couvert,Sans collision,,,,,,,,,,,1,2,3,8.0,7.0
201000032631,0010-10-05 09:40:00,10,10,5,9,40,420,299,R.D.204,45.61348,4.0731,Plein jour,Hors agglomération,Hors intersection,Pluie légère,Deux véhicules - côté,,,,,,,,,,,1,1,1,2.0,3.0
201000032632,0010-10-09 18:40:00,10,10,9,18,40,420,147,"28, MONET (RUE CLAUDE)",45.61378,4.05187,Plein jour,En agglomération,Intersection en X,Normale,Deux véhicules - côté,,,,,,,,,,,1,2,2,1.0,3.0
201000032633,0010-11-09 18:05:00,10,11,9,18,5,420,299,"0, LYON (RUE DE )",45.61345,4.07312,Nuit avec éclairage allumé,En agglomération,Giratoire,Pluie légère,Deux véhicules - côté,,,,,,,,,,,5,2,6,2.0,3.0
201000032634,0010-12-02 08:55:00,10,12,2,8,55,420,147,"24, PREFECTURE (BOULEVAR",45.60859,4.06208,Plein jour,En agglomération,Hors intersection,Normale,Autre collision,,,,,,,,,,,1,2,1,1.0,6.0
201000032635,0010-01-21 10:45:00,10,1,21,10,45,420,186,"5, rue Dorian",45.53025,4.62337,Plein jour,En agglomération,Hors intersection,Normale,Autre collision,,,,,,,,,,,1,2,1,1.0,6.0
201000032636,0010-02-08 12:05:00,10,2,8,12,5,420,123,"10, DURAFOUR RUE ANTOINE",45.51014,4.57601,Plein jour,En agglomération,Hors intersection,Normale,Autre collision,,,,,,,,,,,1,2,1,1.0,6.0
201000032637,0010-03-04 19:30:00,10,3,4,19,30,420,186,"12, BURLAT ROUTE DE",45.53297,4.60428,Nuit avec éclairage allumé,En agglomération,Hors intersection,Normale,Sans collision,,,,,,,,,,,5,2,1,1.0,7.0
201000032638,0010-03-24 12:10:00,10,3,24,12,10,420,186,"31, BUISSON RUE FERDINAN",45.52354,4.61644,Plein jour,En agglomération,Hors intersection,Normale,Autre collision,,,,,,,,,,,1,2,1,1.0,6.0
201000032639,0010-03-27 16:15:00,10,3,27,16,15,420,259,"2, SAINTE CATHERINE ROUT",45.5664,4.57532,Plein jour,Hors agglomération,Hors intersection,Pluie légère,Sans collision,,,,,,,,,,,1,1,1,2.0,7.0
201000032640,0010-04-01 22:20:00,10,4,1,22,20,420,186,Rue Edouard VAILLANT,45.52381,4.60553,Nuit avec éclairage allumé,En agglomération,Hors intersection,Normale,Deux véhicules - frontale,,,,,,,,,,,5,2,1,1.0,1.0
201000032641,0010-03-15 11:15:00,10,3,15,11,15,420,186,"6, GAMBETTA COURS",45.52976,4.62111,Plein jour,En agglomération,Hors intersection,Normale,Autre collision,,,,,,,,,,,1,2,1,1.0,6.0
201000032642,0010-04-23 09:25:00,10,4,23,9,25,420,186,"1, VERDUN COURS DE",45.52852,4.61578,Plein jour,En agglomération,Hors intersection,Normale,Autre collision,,,,,,,,,,,1,2,1,1.0,6.0
201000032643,0010-05-06 16:10:00,10,5,6,16,10,420,186,"11, GRANGE BURLAT RUE DE",45.5319,4.60647,Plein jour,En agglomération,Hors intersection,Normale,Autre collision,,,,,,,,,,,1,2,1,1.0,6.0
201000032644,0010-05-22 16:50:00,10,5,22,16,50,420,225,"116, DUREZE ROUTE DE LA",45.52187,4.5914,Plein jour,En agglomération,Hors intersection,Normale,Deux véhicules - frontale,,,,,,,,,,,1,2,1,1.0,1.0
201000032645,0010-07-10 13:30:00,10,7,10,13,30,420,186,"33, JUIN AVENUE DU MAREC",45.53185,4.62567,Plein jour,En agglomération,Intersection en X,Normale,Deux véhicules - côté,,,,,,,,,,,1,2,2,1.0,3.0
201000032646,0010-06-24 16:30:00,10,6,24,16,30,420,186,"24, JUIN AVENUE DU MAREC",45.53329,4.63073,Plein jour,En agglomération,Hors intersection,Normale,Autre collision,,,,,,,,,,,1,2,1,1.0,6.0
201000032647,0010-09-13 20:00:00,10,9,13,20,0,420,186,"1, NOVEMBRE COURS DU 11",45.52761,4.61384,Crépuscule ou aube,En agglomération,Intersection en T,Normale,Deux véhicules - côté,,,,,,,,,,,2,2,3,1.0,3.0
201000032648,0010-09-14 17:25:00,10,9,14,17,25,420,123,"1, D 88",45.51717,4.59192,Plein jour,Hors agglomération,Intersection en T,Normale,Deux véhicules - côté,,,,,,,,,,,1,1,3,1.0,3.0
201000032649,0010-09-23 17:05:00,10,9,23,17,5,420,123,"2, ASSAILLY RUE D'",45.50968,4.57406,Plein jour,En agglomération,Hors intersection,Normale,Deux véhicules - côté,,,,,,,,,,,1,2,1,1.0,3.0
201000032650,0010-09-20 18:10:00,10,9,20,18,10,420,225,"253, GARDE ROUTE DE LA",45.54611,4.57058,Plein jour,En agglomération,Hors intersection,Normale,Deux véhicules - frontale,,,,,,,,,,,1,2,1,1.0,1.0
201000032651,0010-10-05 16:55:00,10,10,5,16,55,420,186,"20, FARNAY ROUTE DE",45.52144,4.6091,Plein jour,En agglomération,Hors intersection,Normale,Autre collision,,,,,,,,,,,1,2,1,1.0,6.0
201000032652,0010-11-19 18:00:00,10,11,19,18,0,420,186,"1, D 88",45.5193,4.5946,Crépuscule ou aube,Hors agglomération,Hors intersection,Normale,Deux véhicules - frontale,,,,,,,,,,,2,1,1,1.0,1.0
201000032653,0010-11-13 15:30:00,10,11,13,15,30,420,186,"16, JUIN AVENUE DU MAREC",45.53314,4.63019,Plein jour,En agglomération,Hors intersection,Normale,Deux véhicules - côté,,,,,,,,,,,1,2,1,1.0,3.0
201000032654,0010-12-07 20:30:00,10,12,7,20,30,420,103,"35, MAIRIE 02 RUE JEAN J",45.50717,4.57147,Nuit avec éclairage allumé,En agglomération,Hors intersection,Normale,Deux véhicules - côté,,,,,,,,,,,5,2,1,1.0,3.0
201000032655,0010-01-27 12:15:00,10,1,27,12,15,420,184,"20, SAINT-ANDRE (RUE DE)",46.03598,4.04291,Plein jour,En agglomération,Hors intersection,Normale,Deux véhicules - arrière,,,,,,,,,,,1,2,1,1.0,2.0
201000032656,0010-01-12 17:45:00,10,1,12,17,45,420,187,"20, VOLTAIRE (RUE)",46.03462,4.07361,Nuit avec éclairage allumé,En agglomération,Hors intersection,Normale,Deux véhicules - côté,,,,,,,,,,,5,2,1,1.0,3.0
201000032657,0010-01-15 04:00:00,10,1,15,4,0,420,187,"1, HOTEL DE VILLE (PLACE",46.03483,4.07293,Nuit avec éclairage allumé,En agglomération,Hors intersection,Normale,Autre collision,,,,,,,,,,,5,2,1,1.0,6.0
201000032658,0010-01-15 19:55:00,10,1,15,19,55,420,127,BRIENNON (RT DE),46.0934,4.07665,Nuit sans éclairage public,Hors agglomération,Hors intersection,Normale,Autre collision,,,,,,,,,,,3,1,1,1.0,6.0
201000032659,0010-01-18 07:50:00,10,1,18,7,50,420,127,"29, GLYCINES (RUE DES)",46.08482,4.06869,Plein jour,En agglomération,Hors intersection,Normale,Deux véhicules - côté,,,,,,,,,,,1,2,1,1.0,3.0
201000032660,0010-01-18 09:20:00,10,1,18,9,20,420,187,HERMINIER (QUAI DU COMMA,46.03394,4.07806,Plein jour,En agglomération,Hors intersection,Normale,Deux véhicules - arrière,,,,,,,,,,,1,2,1,1.0,2.0
201000032661,0010-01-21 16:10:00,10,1,21,16,10,420,187,"21, PROMENADES POPULLE (",46.03697,4.06532,Plein jour,En agglomération,Hors intersection,Normale,Deux véhicules - arrière,,,,,,,,,,,1,2,1,1.0,2.0
201000032662,0010-01-24 17:40:00,10,1,24,17,40,420,187,"1, NANCY (BD de )",46.05771,4.0854,Nuit avec éclairage allumé,En agglomération,Intersection en Y,Normale,Deux véhicules - côté,,,,,,,,,,,5,2,4,1.0,3.0
201000032663,0010-01-13 18:30:00,10,1,13,18,30,420,187,"1, NOELAS (Rue)",46.03865,4.06838,Nuit avec éclairage allumé,Hors agglomération,Giratoire,Normale,Deux véhicules - côté,,,,,,,,,,,5,1,6,1.0,3.0
201000032664,0010-01-28 16:45:00,10,1,28,16,45,420,127,"1, CORNEILLE PIERRE (RUE",46.07121,4.066,Plein jour,En agglomération,Intersection en T,Neige / grêle,Deux véhicules - arrière,,,,,,,,,,,1,2,3,4.0,2.0
201000032665,0010-02-01 09:50:00,10,2,1,9,50,420,71,"1, MOULIN (RUE JEAN)",46.02275,4.0884,Plein jour,En agglomération,Intersection en T,Normale,Autre collision,,,,,,,,,,,1,2,3,1.0,6.0
201000032666,0010-02-01 18:00:00,10,2,1,18,0,420,187,"20, DOURDEIN (RUE AUGUST",46.04136,4.05546,Plein jour,En agglomération,Intersection en T,Normale,Deux véhicules - côté,,,,,,,,,,,1,2,3,1.0,3.0
201000032667,0010-02-05 18:00:00,10,2,5,18,0,420,184,"20, SAINT-ROMAIN (RUE DE",46.04245,4.04882,Plein jour,En agglomération,Intersection en T,Normale,Deux véhicules - côté,,,,,,,,,,,1,2,3,1.0,3.0
201000032668,0010-02-08 14:20:00,10,2,8,14,20,420,71,"35, DE GAULLE (BOULEVARD",46.01392,4.09647,Plein jour,En agglomération,Hors intersection,Normale,Deux véhicules - côté,,,,,,,,,,,1,2,1,1.0,3.0
201000032669,0010-02-16 08:15:00,10,2,16,8,15,420,184,"158, RONDET MICHEL (RUE)",46.05576,4.04401,Plein jour,En agglomération,Hors intersection,Normale,Sans collision,,,,,,,,,,,1,2,1,1.0,7.0
201000032670,0010-02-18 18:15:00,10,2,18,18,15,420,187,151 PARIS (AVENUE DE),46.05004,4.06796,Plein jour,En agglomération,Hors intersection,Normale,Deux véhicules - côté,,,,,,,,,,,1,2,1,1.0,3.0
201000032671,0010-02-20 00:40:00,10,2,20,0,40,420,71,"71, LIBERATION (AVENUE D",46.02775,4.0849,Nuit avec éclairage allumé,En agglomération,Hors intersection,Normale,Sans collision,,,,,,,,,,,5,2,1,1.0,7.0
201000032672,0010-02-22 04:55:00,10,2,22,4,55,420,170,R.D 504,46.0349,4.10231,Nuit sans éclairage public,Hors agglomération,Giratoire,Normale,Deux véhicules - côté,,,,,,,,,,,3,1,6,1.0,3.0
201000032673,0010-02-24 06:45:00,10,2,24,6,45,420,187,"1, PALISSY (BOULEVARD BE",46.04466,4.08018,Plein jour,En agglomération,Intersection à plus de 4 branches,Normale,Deux véhicules - côté,,,,,,,,,,,1,2,5,1.0,3.0
201000032674,0010-02-24 17:00:00,10,2,24,17,0,420,187,"20, MATEL (RUE DE )",46.04998,4.09009,Plein jour,En agglomération,Intersection en X,Normale,Deux véhicules - côté,,,,,,,,,,,1,2,2,1.0,3.0
201000032675,0010-02-20 18:15:00,10,2,20,18,15,420,127,"20, FONTAINE JEAN  (RUE",46.06531,4.07132,Crépuscule ou aube,En agglomération,Giratoire,Normale,Deux véhicules - arrière,,,,,,,,,,,2,2,6,1.0,2.0
201000032676,0010-02-26 18:10:00,10,2,26,18,10,420,187,"20, REIMS (BOULEVARD DE)",46.0599,4.07625,Plein jour,En agglomération,Giratoire,Normale,Deux véhicules - côté,,,,,,,,,,,1,2,6,1.0,3.0
201000032677,0010-02-26 18:50:00,10,2,26,18,50,420,187,"20, BARON DU MARAIS (BOU",46.04382,4.0678,Nuit avec éclairage allumé,En agglomération,Intersection à plus de 4 branches,Normale,Deux véhicules - côté,,,,,,,,,,,5,2,5,1.0,3.0
201000032678,0010-03-09 08:00:00,10,3,9,8,0,420,187,"10, RHIN ET DANUBE (RUE)",46.06039,4.08825,Plein jour,En agglomération,Hors intersection,Normale,Autre collision,,,,,,,,,,,1,2,1,1.0,6.0
201000032679,0010-03-12 04:00:00,10,3,12,4,0,420,187,"12, MOLIERE (RUE)",46.03355,4.07322,Nuit avec éclairage allumé,En agglomération,Hors intersection,Normale,Deux véhicules - frontale,,,,,,,,,,,5,2,1,1.0,1.0
201000032680,0010-03-10 18:10:00,10,3,10,18,10,420,187,"15, ROUSSEAU (RUE JEAN J",46.03781,4.05522,Plein jour,En agglomération,Intersection en X,Normale,Deux véhicules - côté,,,,,,,,,,,1,2,2,1.0,3.0
201000032681,0010-03-16 08:35:00,10,3,16,8,35,420,187,"20, VIES VIEILLES (RUE D",46.03693,4.07718,Plein jour,En agglomération,Intersection à plus de 4 branches,Normale,Deux véhicules - côté,,,,,,,,,,,1,2,5,1.0,3.0
201000032682,0010-03-19 13:35:00,10,3,19,13,35,420,187,"20, RENAISON (QUAI DU)",46.03069,4.06768,Plein jour,En agglomération,Intersection en T,Normale,Deux véhicules - côté,,,,,,,,,,,1,2,3,1.0,3.0
201000032683,0010-03-24 18:00:00,10,3,24,18,0,420,71,LIBERATION (AVENUE DE LA,46.01461,4.09305,Plein jour,En agglomération,Hors intersection,Normale,Deux véhicules - arrière,,,,,,,,,,,1,2,1,1.0,2.0
201000032684,0010-03-25 19:00:00,10,3,25,19,0,420,187,"5, BASCH ( RUE VICTOR)",46.03537,4.07223,Plein jour,En agglomération,Intersection en T,Normale,Deux véhicules - côté,,,,,,,,,,,1,2,3,1.0,3.0