accident_id,datetime,annee,mois,jour,heure,minute,departement,commune_insee,adresse,latitude,longitude,luminosite,agglomeration,intersection,meteo,collision,nb_vehicules,nb_usagers,nb_indemnes,nb_tues,nb_blesses_hosp,nb_blesses_legers,age_cond_1,age_cond_2,veh_type_cond_1,veh_type_cond_2,lum_code,agg_code,int_code,atm_code,col_code
201000032685,0010-03-26 14:45:00,10,3,26,14,45,420,187,"12, PROMENADES POPULLE (",46.03678,4.06674,Plein jour,En agglomération,Hors intersection,Normale,Autre collision,,,,,,,,,,,1,2,1,1.0,6.0
201000032686,0010-04-01 08:30:00,10,4,1,8,30,420,187,"2, MERMOZ (RUE JEAN)",46.03494,4.05851,Plein jour,En agglomération,Hors intersection,Normale,Autre collision,,,,,,,,,,,1,2,1,1.0,6.0
201000032687,0010-04-02 11:50:00,10,4,2,11,50,420,170,"20, R.D 504",46.04098,4.15318,Plein jour,Hors agglomération,Hors intersection,Normale,Sans collision,,,,,,,,,,,1,1,1,1.0,7.0
201000032688,0010-04-02 23:10:00,10,4,2,23,10,420,187,"14, GAMBETTA (AVENUE)",46.03936,4.06898,Nuit avec éclairage allumé,En agglomération,Hors intersection,Normale,Sans collision,,,,,,,,,,,5,2,1,1.0,7.0
201000032689,0010-04-07 13:45:00,10,4,7,13,45,420,187,"43, CARNOT (AVENUE)",46.04184,4.06998,Plein jour,En agglomération,Hors intersection,Normale,Trois véhicules et plus - en chaîne,,,,,,,,,,,1,2,1,1.0,4.0
201000032690,0010-04-08 08:30:00,10,4,8,8,30,420,187,BRIENNON (ROUTE DE ),46.05861,4.07443,Plein jour,En agglomération,Intersection en T,Normale,Deux véhicules - côté,,,,,,,,,,,1,2,3,1.0,3.0
201000032691,0010-04-09 16:15:00,10,4,9,16,15,420,187,EST (ROCADE),46.05006,4.08452,Plein jour,En agglomération,Hors intersection,Normale,Deux véhicules - arrière,,,,,,,,,,,1,2,1,1.0,2.0
201000032692,0010-04-10 14:00:00,10,4,10,14,0,420,71,"13, LIBERATION (AVENUE D",46.03064,4.08289,Plein jour,En agglomération,Hors intersection,Normale,Autre collision,,,,,,,,,,,1,2,1,1.0,6.0
201000032693,0010-04-13 21:30:00,10,4,13,21,30,420,187,PERI (PLACE GABRIEL),46.02876,4.06679,Nuit avec éclairage allumé,En agglomération,Hors intersection,Normale,Sans collision,,,,,,,,,,,5,2,1,1.0,7.0
201000032694,0010-04-24 19:10:00,10,4,24,19,10,420,184,FOCH MARECHAL (RUE),46.0398,4.05212,Plein jour,En agglomération,Intersection en X,Normale,Deux véhicules - côté,,,,,,,,,,,1,2,2,1.0,3.0
201000032695,0010-04-25 15:50:00,10,4,25,15,50,420,187,"14, BRANLY (RUE EDOUARD",46.04908,4.08181,Plein jour,En agglomération,Hors intersection,Normale,Sans collision,,,,,,,,,,,1,2,1,1.0,7.0
201000032696,0010-04-17 17:15:00,10,4,17,17,15,420,187,"12, ROCHE (RUE ALEXANDRE",46.04083,4.07252,Plein jour,En agglomération,Hors intersection,Normale,Deux véhicules - côté,,,,,,,,,,,1,2,1,1.0,3.0
201000032697,0010-04-18 09:00:00,10,4,18,9,0,420,187,"8, PASTEUR (RUE LOUIS)",46.0379,4.05531,Plein jour,En agglomération,Intersection en T,Normale,Deux véhicules - côté,,,,,,,,,,,1,2,3,1.0,3.0
201000032698,0010-04-22 11:50:00,10,4,22,11,50,420,127,"10, VICTOR  HUGO (RUE)",46.0656,4.06819,Plein jour,En agglomération,Hors intersection,Normale,Deux véhicules - côté,,,,,,,,,,,1,2,1,1.0,3.0
201000032699,0010-04-22 16:30:00,10,4,22,16,30,420,184,"5, NOBILE  (CHEMIN DE)",46.04975,4.0213,Plein jour,En agglomération,Intersection en T,Normale,Deux véhicules - frontale,,,,,,,,,,,1,2,3,1.0,1.0
201000032700,0010-04-27 15:30:00,10,4,27,15,30,420,187,"20, CADORE (RUE DE )",,,Plein jour,En agglomération,Hors intersection,Normale,Deux véhicules - côté,,,,,,,,,,,1,2,1,1.0,3.0
201000032701,0010-04-27 20:05:00,10,4,27,20,5,420,127,Route nationale 7,46.07889,4.05199,Plein jour,Hors agglomération,Hors intersection,Normale,Autre collision,,,,,,,,,,,1,1,1,1.0,6.0
201000032702,0010-04-28 11:50:00,10,4,28,11,50,420,184,"20, MICHEL LOUISE  (RUE)",46.0492,4.05199,Plein jour,En agglomération,Giratoire,Normale,Deux véhicules - côté,,,,,,,,,,,1,2,6,1.0,3.0
201000032703,0010-04-29 17:50:00,10,4,29,17,50,420,184,FOCH MARECHAL (RUE),46.03991,4.03657,Plein jour,En agglomération,Hors intersection,Normale,Trois véhicules et plus - collisions multiples,,,,,,,,,,,1,2,1,1.0,5.0
201000032704,0010-05-04 02:40:00,10,5,4,2,40,420,187,"5, CIMETIERE (BOULEVARD",46.04976,4.07064,Nuit avec éclairage allumé,En agglomération,Hors intersection,Normale,Sans collision,,,,,,,,,,,5,2,1,1.0,7.0
201000032705,0010-05-04 14:10:00,10,5,4,14,10,420,187,"10, PHENIX (PLACE DU)",46.03604,4.06393,Plein jour,En agglomération,Hors intersection,Pluie légère,Sans collision,,,,,,,,,,,1,2,1,2.0,7.0
201000032706,0010-05-05 13:02:00,10,5,5,13,2,420,187,"20, LIBERTE ( BOULEVARD",46.04511,4.08734,Plein jour,En agglomération,Hors intersection,Pluie forte,Deux véhicules - côté,,,,,,,,,,,1,2,1,3.0,3.0
201000032707,0010-05-04 21:00:00,10,5,4,21,0,420,187,"20, BELGIQUE (BOULEVARD",46.04533,4.07721,Crépuscule ou aube,En agglomération,Hors intersection,Normale,Deux véhicules - arrière,,,,,,,,,,,2,2,1,1.0,2.0
201000032708,0010-05-07 12:15:00,10,5,7,12,15,420,127,DE GAULLE (AVENUE CHARLE,46.08087,4.06676,Plein jour,En agglomération,Hors intersection,Normale,Deux véhicules - arrière,,,,,,,,,,,1,2,1,1.0,2.0
201000032709,0010-05-10 07:30:00,10,5,10,7,30,420,184,OUEST  (BD),46.04761,4.05056,Plein jour,En agglomération,Hors intersection,Pluie légère,Autre collision,,,,,,,,,,,1,2,1,2.0,6.0
201000032710,0010-05-10 17:20:00,10,5,10,17,20,420,71,"15, GALLET (BOULEVARD CH",46.02573,4.09309,Plein jour,En agglomération,Hors intersection,Normale,Autre collision,,,,,,,,,,,1,2,1,1.0,6.0
201000032711,0010-05-12 12:20:00,10,5,12,12,20,420,187,"35, WILSON (RUE DU PRESI",46.05479,4.09149,Plein jour,En agglomération,Hors intersection,Normale,Autre collision,,,,,,,,,,,1,2,1,1.0,6.0
201000032712,0010-05-13 10:20:00,10,5,13,10,20,420,170,LES GRAVIERES (LIEU DIT),46.06807,4.12197,Plein jour,Hors agglomération,Intersection en T,Normale,Deux véhicules - côté,,,,,,,,,,,1,1,3,1.0,3.0
201000032713,0010-05-15 15:30:00,10,5,15,15,30,420,170,R.D 504,46.03922,4.14381,Plein jour,Hors agglomération,Hors intersection,Normale,Sans collision,,,,,,,,,,,1,1,1,1.0,7.0
201000032714,0010-05-19 14:20:00,10,5,19,14,20,420,184,FOCH MARECHAL (RUE),46.0397,4.03793,Plein jour,En agglomération,Intersection en X,Normale,Trois véhicules et plus - collisions multiples,,,,,,,,,,,1,2,2,1.0,5.0
201000032715,0010-05-24 16:00:00,10,5,24,16,0,420,187,"15, FOLLEREAU (RUE RAOUL",46.03192,4.07575,Plein jour,En agglomération,Intersection en X,Normale,Deux véhicules - côté,,,,,,,,,,,1,2,2,1.0,3.0
201000032716,0010-05-22 18:30:00,10,5,22,18,30,420,127,MUSSET  RD 207 (RUE ALFR,46.06266,4.06221,Plein jour,En agglomération,Giratoire,Normale,Deux véhicules - côté,,,,,,,,,,,1,2,6,1.0,3.0
201000032717,0010-05-22 10:45:00,10,5,22,10,45,420,187,"20, AUGE (RUE JOANNY)",46.03569,4.05233,Plein jour,En agglomération,Intersection en X,Normale,Autre collision,,,,,,,,,,,1,2,2,1.0,6.0
201000032718,0010-05-27 04:50:00,10,5,27,4,50,420,187,"20, SEMARD (RUE PIERRE )",46.04089,4.06088,Nuit avec éclairage allumé,En agglomération,Hors intersection,Normale,Deux véhicules - arrière,,,,,,,,,,,5,2,1,1.0,2.0
201000032719,0010-05-27 07:40:00,10,5,27,7,40,420,187,"20, DOURDEIN (RUE AUGUST",46.04045,4.05346,Plein jour,En agglomération,Intersection en X,Normale,Deux véhicules - côté,,,,,,,,,,,1,2,2,1.0,3.0
201000032720,0010-05-27 17:30:00,10,5,27,17,30,420,187,CHARLIEU (RUE DE ),46.04877,4.08286,Plein jour,En agglomération,Hors intersection,Normale,Trois véhicules et plus - collisions multiples,,,,,,,,,,,1,2,1,1.0,5.0
201000032721,0010-05-28 12:00:00,10,5,28,12,0,420,187,"10, VOLTAIRE (RUE)",46.03473,4.07238,Plein jour,En agglomération,Hors intersection,Normale,Autre collision,,,,,,,,,,,1,2,1,1.0,6.0
201000032722,0010-05-31 08:20:00,10,5,31,8,20,420,187,"1 bis, JANIN (RUE JULES",46.03773,4.05982,Plein jour,En agglomération,Hors intersection,Normale,Autre collision,,,,,,,,,,,1,2,1,1.0,6.0
201000032723,0010-06-06 04:00:00,10,6,6,4,0,420,187,"65, LYON (AVENUE DE)",46.04129,4.0742,Nuit avec éclairage allumé,En agglomération,Hors intersection,Normale,Deux véhicules - arrière,,,,,,,,,,,5,2,1,1.0,2.0
201000032724,0010-06-06 21:50:00,10,6,6,21,50,420,187,"44, BUISSON (RUE FERDINA",46.036,4.0584,Nuit avec éclairage allumé,En agglomération,Intersection en T,Normale,Deux véhicules - côté,,,,,,,,,,,5,2,3,1.0,3.0
201000032725,0010-06-07 16:50:00,10,6,7,16,50,420,187,"20, FONTENILLE (RUE)",46.04065,4.07531,Plein jour,En agglomération,Intersection en X,Normale,Deux véhicules - côté,,,,,,,,,,,1,2,2,1.0,3.0
201000032726,0010-06-10 08:45:00,10,6,10,8,45,420,127,"20, CHARLES DE GAULLE(AV",46.07625,4.06663,Plein jour,Hors agglomération,Hors intersection,Normale,Deux véhicules - côté,,,,,,,,,,,1,1,1,1.0,3.0
201000032727,0010-06-12 15:35:00,10,6,12,15,35,420,187,"20, PROMENADES POPULLE(P",46.03604,4.06393,Plein jour,En agglomération,Giratoire,Normale,Deux véhicules - côté,,,,,,,,,,,1,2,6,1.0,3.0
201000032728,0010-06-12 13:45:00,10,6,12,13,45,420,187,"20, PROMENADES POPULLE(P",46.03684,4.06578,Plein jour,En agglomération,Giratoire,Normale,Deux véhicules - côté,,,,,,,,,,,1,2,6,1.0,3.0
201000032729,0010-06-11 20:05:00,10,6,11,20,5,420,187,"1, RENAN (RUE ERNEST)",46.04082,4.05867,Plein jour,En agglomération,Intersection en T,Normale,Deux véhicules - côté,,,,,,,,,,,1,2,3,1.0,3.0
201000032730,0010-06-14 10:00:00,10,6,14,10,0,420,127,BRIENNON (RT DE),,,Plein jour,En agglomération,Giratoire,Normale,Deux véhicules - côté,,,,,,,,,,,1,2,6,1.0,3.0
201000032731,0010-06-14 15:04:00,10,6,14,15,4,420,187,"26, CLEMENT (BOULEVARD J",46.03938,4.07971,Plein jour,En agglomération,Hors intersection,Normale,Autre collision,,,,,,,,,,,1,2,1,1.0,6.0
201000032732,0010-06-15 07:20:00,10,6,15,7,20,420,187,AUGE (RUE JOANNY),46.03569,4.05233,Plein jour,En agglomération,Intersection en X,Pluie légère,Deux véhicules - côté,,,,,,,,,,,1,2,2,2.0,3.0
201000032733,0010-06-15 14:10:00,10,6,15,14,10,420,187,"20, BERT (RUE PAUL)",46.04126,4.06801,Plein jour,En agglomération,Hors intersection,Pluie légère,Sans collision,,,,,,,,,,,1,2,1,2.0,7.0
201000032734,0010-06-15 16:40:00,10,6,15,16,40,420,187,"20, THOMAS (RUE ALBERT)",46.04605,4.07463,Plein jour,En agglomération,Intersection en X,Pluie légère,Deux véhicules - côté,,,,,,,,,,,1,2,2,2.0,3.0
201000032735,0010-06-17 19:30:00,10,6,17,19,30,420,187,"33, REPUBLIQUE (COUR DE",46.03924,4.06388,Plein jour,En agglomération,Hors intersection,Normale,Deux véhicules - arrière,,,,,,,,,,,1,2,1,1.0,2.0
201000032736,0010-06-22 09:50:00,10,6,22,9,50,420,71,"125, LIBERATION (AVENUE",46.02468,4.0869,Plein jour,En agglomération,Hors intersection,Normale,Autre collision,,,,,,,,,,,1,2,1,1.0,6.0
201000032737,0010-06-29 08:25:00,10,6,29,8,25,420,184,"1, MARCLET (RUE)",46.02705,4.04002,Plein jour,En agglomération,Intersection en T,Normale,Deux véhicules - côté,,,,,,,,,,,1,2,3,1.0,3.0
201000032738,0010-07-01 22:30:00,10,7,1,22,30,420,71,"20, BELGES (BOULEVARD DE",46.02477,4.09016,Nuit avec éclairage allumé,En agglomération,Intersection en X,Normale,Deux véhicules - côté,,,,,,,,,,,5,2,2,1.0,3.0
201000032739,0010-06-21 15:45:00,10,6,21,15,45,420,187,"30, VILLEMONTAIS (RUE DE",46.02488,4.05801,Plein jour,En agglomération,Hors intersection,Normale,Deux véhicules - arrière,,,,,,,,,,,1,2,1,1.0,2.0
201000032740,0010-07-07 11:20:00,10,7,7,11,20,420,71,"20, PARMENTIER (RUE ANTO",,,Plein jour,En agglomération,Hors intersection,Normale,Deux véhicules - côté,,,,,,,,,,,1,2,1,1.0,3.0
201000032741,0010-07-11 03:45:00,10,7,11,3,45,420,187,"20, CIMETIERE (BOULEVARD",46.05002,4.0709,Nuit avec éclairage allumé,En agglomération,Hors intersection,Normale,Sans collision,,,,,,,,,,,5,2,1,1.0,7.0
201000032742,0010-07-11 14:41:00,10,7,11,14,41,420,187,"36, BRANLY (RUE EDOUARD",46.04975,4.08,Plein jour,En agglomération,Hors intersection,Normale,Deux véhicules - frontale,,,,,,,,,,,1,2,1,1.0,1.0
201000032743,0010-07-10 05:15:00,10,7,10,5,15,420,170,"20, R.D 504",46.03732,4.11921,Crépuscule ou aube,Hors agglomération,Hors intersection,Normale,Autre collision,,,,,,,,,,,2,1,1,1.0,6.0
201000032744,0010-07-09 20:35:00,10,7,9,20,35,420,127,BRIENNON (RT DE),46.1078,4.07702,Plein jour,Hors agglomération,Hors intersection,Normale,Deux véhicules - côté,,,,,,,,,,,1,1,1,1.0,3.0
201000032745,0010-07-17 17:30:00,10,7,17,17,30,420,127,BRIENNON (RT DE),46.11676,4.07565,Plein jour,Hors agglomération,Hors intersection,Normale,Deux véhicules - arrière,,,,,,,,,,,1,1,1,1.0,2.0
201000032746,0010-07-21 17:35:00,10,7,21,17,35,420,127,MUSSET  RD 207 (AVENUE A,46.06428,4.05534,Plein jour,En agglomération,Hors intersection,Normale,Autre collision,,,,,,,,,,,1,2,1,1.0,6.0
201000032747,0010-07-21 17:00:00,10,7,21,17,0,420,187,"1, PLASSE (RUE GEORGES)",46.03046,4.06266,Plein jour,En agglomération,Intersection en X,Normale,Autre collision,,,,,,,,,,,1,2,2,1.0,6.0
201000032748,0010-08-01 12:15:00,10,8,1,12,15,420,187,"75, MATEL (RUE DE )",46.05329,4.093,Plein jour,En agglomération,Hors intersection,Normale,Deux véhicules - côté,,,,,,,,,,,1,2,1,1.0,3.0
201000032749,0010-08-05 15:55:00,10,8,5,15,55,420,71,"20, FRANCE (RUE ANATOLE)",46.03107,4.08664,Plein jour,En agglomération,Intersection en X,Normale,Deux véhicules - côté,,,,,,,,,,,1,2,2,1.0,3.0
201000032750,0010-08-05 22:45:00,10,8,5,22,45,420,184,GAULLE CHARLES DE (AVENU,46.05427,4.06419,Nuit avec éclairage allumé,En agglomération,Intersection en X,Normale,Deux véhicules - côté,,,,,,,,,,,5,2,2,1.0,3.0
201000032751,0010-08-17 15:55:00,10,8,17,15,55,420,71,CARNOT (RUE),46.03173,4.08242,Plein jour,En agglomération,Intersection à plus de 4 branches,Normale,Deux véhicules - côté,,,,,,,,,,,1,2,5,1.0,3.0
201000032752,0010-08-17 16:45:00,10,8,17,16,45,420,127,"20, FONTAINE JEAN  (RUE",46.06538,4.07125,Plein jour,En agglomération,Hors intersection,Normale,Autre collision,,,,,,,,,,,1,2,1,1.0,6.0
201000032753,0010-08-18 15:15:00,10,8,18,15,15,420,187,LYON (AVENUE DE),46.04202,4.07331,Plein jour,En agglomération,Hors intersection,Pluie légère,Deux véhicules - côté,,,,,,,,,,,1,2,1,2.0,3.0
201000032754,0010-08-21 16:25:00,10,8,21,16,25,420,187,"8, ECOLIERS (RUE DES )",46.05919,4.09004,Plein jour,En agglomération,Hors intersection,Normale,Deux véhicules - côté,,,,,,,,,,,1,2,1,1.0,3.0
201000032755,0010-08-23 10:50:00,10,8,23,10,50,420,187,"20, CLEMENT (BOULEVARD J",46.04017,4.08026,Plein jour,En agglomération,Intersection en X,Normale,Deux véhicules - côté,,,,,,,,,,,1,2,2,1.0,3.0
201000032756,0010-08-27 02:05:00,10,8,27,2,5,420,71,"20, LIBERATION (AVENUE D",46.0288,4.08443,Nuit avec éclairage allumé,En agglomération,Intersection en X,Normale,Deux véhicules - côté,,,,,,,,,,,5,2,2,1.0,3.0
201000032757,0010-08-30 15:30:00,10,8,30,15,30,420,187,LYON (AVENUE DE),46.03716,4.07726,Plein jour,En agglomération,Hors intersection,Normale,Deux véhicules - arrière,,,,,,,,,,,1,2,1,1.0,2.0
201000032758,0010-09-06 11:00:00,10,9,6,11,0,420,187,"7, NOELAS (Rue)",46.03652,4.06799,Plein jour,En agglomération,Hors intersection,Normale,Deux véhicules - arrière,,,,,,,,,,,1,2,1,1.0,2.0
201000032759,0010-09-09 18:15:00,10,9,9,18,15,420,187,"15, MACE (RUE JEAN)",46.0385,4.07528,Plein jour,En agglomération,Intersection en T,Normale,Autre collision,,,,,,,,,,,1,2,3,1.0,6.0
201000032760,0010-09-10 08:35:00,10,9,10,8,35,420,187,"142, MULSANT (RUE)",46.03973,4.05375,Plein jour,En agglomération,Hors intersection,Normale,Autre collision,,,,,,,,,,,1,2,1,1.0,6.0
201000032761,0010-09-13 14:40:00,10,9,13,14,40,420,71,"20, LIBERATION (AVENUE D",46.02348,4.08742,Plein jour,En agglomération,Intersection en X,Normale,Deux véhicules - frontale,,,,,,,,,,,1,2,2,1.0,1.0
201000032762,0010-09-13 16:30:00,10,9,13,16,30,420,127,"1, ARTISANAT  ( RUE DE L",46.06898,4.04941,Plein jour,En agglomération,Hors intersection,Normale,Deux véhicules - côté,,,,,,,,,,,1,2,1,1.0,3.0
201000032763,0010-09-07 11:00:00,10,9,7,11,0,420,187,"37, CLEMENT (BOULEVARD J",46.04008,4.08019,Plein jour,En agglomération,Hors intersection,Normale,Autre collision,,,,,,,,,,,1,2,1,1.0,6.0
201000032764,0010-09-16 16:40:00,10,9,16,16,40,420,127,"20, BRANLY (RUE)",46.06341,4.05152,Plein jour,En agglomération,Intersection en X,Normale,Deux véhicules - côté,,,,,,,,,,,1,2,2,1.0,3.0
201000032765,0010-09-17 03:40:00,10,9,17,3,40,420,187,"20, PRESSENSE (RUE FRANC",46.05419,4.09082,Nuit avec éclairage allumé,En agglomération,Intersection en X,Normale,Deux véhicules - côté,,,,,,,,,,,5,2,2,1.0,3.0
201000032766,0010-09-20 08:45:00,10,9,20,8,45,420,187,LYON (AVENUE DE),46.03357,4.07806,Plein jour,En agglomération,Giratoire,Normale,Deux véhicules - côté,,,,,,,,,,,1,2,6,1.0,3.0
201000032767,0010-09-20 11:00:00,10,9,20,11,0,420,187,"30, CIMETIERE (BOULEVARD",46.04975,4.07063,Plein jour,En agglomération,Intersection en T,Normale,Trois véhicules et plus - collisions multiples,,,,,,,,,,,1,2,3,1.0,5.0
201000032768,0010-09-22 07:55:00,10,9,22,7,55,420,187,"20, SAMPAIX  (RUE LUCIEN",46.02916,4.05307,Plein jour,En agglomération,Hors intersection,Normale,Autre collision,,,,,,,,,,,1,2,1,1.0,6.0
201000032769,0010-09-22 18:00:00,10,9,22,18,0,420,170,"20, R.D 504",,,Plein jour,En agglomération,Hors intersection,Normale,Autre collision,,,,,,,,,,,1,2,1,1.0,6.0
201000032770,0010-09-25 22:30:00,10,9,25,22,30,420,71,"30, LIBERATION (AVENUE D",46.02963,4.08389,Nuit avec éclairage non allumé,En agglomération,Intersection en X,Normale,Deux véhicules - côté,,,,,,,,,,,4,2,2,1.0,3.0
201000032771,0010-09-28 12:30:00,10,9,28,12,30,420,127,BRIENNON (RT DE),46.06631,4.07411,Plein jour,En agglomération,Hors intersection,Normale,Deux véhicules - arrière,,,,,,,,,,,1,2,1,1.0,2.0
201000032772,0010-09-29 15:30:00,10,9,29,15,30,420,71,"1, FRANCE (RUE ANATOLE)",46.03118,4.08664,Plein jour,En agglomération,Intersection en T,Normale,Deux véhicules - côté,,,,,,,,,,,1,2,3,1.0,3.0
201000032773,0010-10-05 13:35:00,10,10,5,13,35,420,184,"274, GALLIENI JOSEPH (AV",46.04511,4.05532,Plein jour,En agglomération,Hors intersection,Normale,Autre collision,,,,,,,,,,,1,2,1,1.0,6.0
201000032774,0010-10-06 16:15:00,10,10,6,16,15,420,127,MUSSET  RD 207 (RUE ALFR,46.06073,4.05947,Plein jour,En agglomération,Intersection en X,Pluie légère,Deux véhicules - côté,,,,,,,,,,,1,2,2,2.0,3.0
201000032775,0010-10-07 13:30:00,10,10,7,13,30,420,71,"37, FRANCE (RUE ANATOLE)",46.03092,4.08704,Plein jour,En agglomération,Hors intersection,Normale,Autre collision,,,,,,,,,,,1,2,1,1.0,6.0
201000032776,0010-10-08 17:45:00,10,10,8,17,45,420,187,FERRY (BOULEVARD JULES ),46.03202,4.06827,Plein jour,En agglomération,Giratoire,Normale,Deux véhicules - arrière,,,,,,,,,,,1,2,6,1.0,2.0
201000032777,0010-10-14 07:55:00,10,10,14,7,55,420,71,"11, LECLERC (QUAI DU GEN",,,Plein jour,En agglomération,Intersection en T,Normale,Deux véhicules - côté,,,,,,,,,,,1,2,3,1.0,3.0
201000032778,0010-10-14 08:15:00,10,10,14,8,15,420,71,"5, CARNOT (RUE)",46.0311,4.08535,Plein jour,En agglomération,Hors intersection,Normale,Autre collision,,,,,,,,,,,1,2,1,1.0,6.0
201000032779,0010-10-16 10:10:00,10,10,16,10,10,420,187,"30, MARENGO (RUE)",46.03657,4.07556,Plein jour,En agglomération,Hors intersection,Pluie forte,Autre collision,,,,,,,,,,,1,2,1,3.0,6.0
201000032780,0010-10-17 15:50:00,10,10,17,15,50,420,187,"30, VILLEMONTAIS (RUE DE",46.02536,4.05818,Plein jour,En agglomération,Hors intersection,Normale,Autre collision,,,,,,,,,,,1,2,1,1.0,6.0
201000032781,0010-10-18 06:55:00,10,10,18,6,55,420,187,"1, FOLLEREAU (RUE RAOUL)",46.03252,4.07182,Nuit avec éclairage allumé,En agglomération,Giratoire,Normale,Autre collision,,,,,,,,,,,5,2,6,1.0,6.0
201000032782,0010-10-18 12:25:00,10,10,18,12,25,420,187,"1, LAKANAL (RUE JOSEPH)",46.03041,4.06175,Plein jour,En agglomération,Intersection en T,Normale,Deux véhicules - côté,,,,,,,,,,,1,2,3,1.0,3.0
201000032783,0010-10-18 17:10:00,10,10,18,17,10,420,127,"20, DE GAULLE (AVENUE CH",46.08365,4.07219,Plein jour,En agglomération,Hors intersection,Normale,Autre collision,,,,,,,,,,,1,2,1,1.0,6.0
201000032784,0010-10-20 12:10:00,10,10,20,12,10,420,127,"20, BRANLY (RUE)",46.06342,4.0513,Plein jour,En agglomération,Intersection en X,Normale,Deux véhicules - côté,,,,,,,,,,,1,2,2,1.0,3.0
201000032785,0010-10-21 12:25:00,10,10,21,12,25,420,187,LYON (AVENUE DE),46.04182,4.07319,Plein jour,En agglomération,Intersection à plus de 4 branches,Normale,Autre collision,,,,,,,,,,,1,2,5,1.0,6.0
201000032786,0010-10-21 17:20:00,10,10,21,17,20,420,187,"1, RENAISON (LEVEE DU)",46.03016,4.07529,Plein jour,En agglomération,Hors intersection,Normale,Deux véhicules - arrière,,,,,,,,,,,1,2,1,1.0,2.0
201000032787,0010-10-31 19:35:00,10,10,31,19,35,420,184,"38, OUEST  (BD)",46.05016,4.06377,Nuit avec éclairage non allumé,En agglomération,Hors intersection,Pluie forte,Autre collision,,,,,,,,,,,4,2,1,3.0,6.0
201000032788,0010-11-05 18:00:00,10,11,5,18,0,420,187,LYON (AVENUE DE),46.03449,4.07709,Plein jour,En agglomération,Intersection en T,Normale,Deux véhicules - arrière,,,,,,,,,,,1,2,3,1.0,2.0
201000032789,0010-10-22 22:00:00,10,10,22,22,0,420,187,"20, MARENGO (RUE)",46.03728,4.07556,Nuit avec éclairage allumé,En agglomération,Intersection en X,Normale,Deux véhicules - côté,,,,,,,,,,,5,2,2,1.0,3.0
201000032790,0010-10-23 19:10:00,10,10,23,19,10,420,187,"20, BARON DU MARAIS (BOU",46.04354,4.06775,Nuit avec éclairage allumé,En agglomération,Intersection à plus de 4 branches,Normale,Deux véhicules - côté,,,,,,,,,,,5,2,5,1.0,3.0
201000032791,0010-10-24 17:20:00,10,10,24,17,20,420,127,"20, VICTOR  HUGO (RUE)",46.05994,4.0716,Plein jour,En agglomération,Intersection en T,Pluie légère,Deux véhicules - côté,,,,,,,,,,,1,2,3,2.0,3.0
201000032792,0010-10-26 17:25:00,10,10,26,17,25,420,184,"20, OUEST  (BD)",46.04779,4.05215,Plein jour,En agglomération,Giratoire,Normale,Autre collision,,,,,,,,,,,1,2,6,1.0,6.0
201000032793,0010-10-28 10:45:00,10,10,28,10,45,420,71,"6, LIBERATION (AVENUE DE",46.03158,4.08267,Plein jour,En agglomération,Hors intersection,Normale,Autre collision,,,,,,,,,,,1,2,1,1.0,6.0
201000032794,0010-11-04 05:50:00,10,11,4,5,50,420,187,"20, CLEMENT (BOULEVARD J",46.04626,4.085,Crépuscule ou aube,En agglomération,Intersection en X,Normale,Deux véhicules - côté,,,,,,,,,,,2,2,2,1.0,3.0
201000032795,0010-11-11 07:55:00,10,11,11,7,55,420,184,"527, MOULIN   JEAN  (RUE",46.05664,4.05768,Crépuscule ou aube,En agglomération,Hors intersection,Normale,Autre collision,,,,,,,,,,,2,2,1,1.0,6.0
201000032796,0010-11-11 14:45:00,10,11,11,14,45,420,127,BRIENNON (RT DE),46.07972,4.07315,Plein jour,En agglomération,Hors intersection,Normale,Deux véhicules - côté,,,,,,,,,,,1,2,1,1.0,3.0
201000032797,0010-11-11 16:55:00,10,11,11,16,55,420,71,"50, REPUBLIQUE (AVENUE D",46.02648,4.09158,Plein jour,En agglomération,Hors intersection,Normale,Autre collision,,,,,,,,,,,1,2,1,1.0,6.0
201000032798,0010-11-13 16:05:00,10,11,13,16,5,420,187,"20, DESROCHE (RUE HENRI)",46.03173,4.04824,Plein jour,En agglomération,Intersection en T,Normale,Deux véhicules - côté,,,,,,,,,,,1,2,3,1.0,3.0
201000032799,0010-11-17 17:05:00,10,11,17,17,5,420,187,"51, SEMARD (RUE PIERRE )",46.04535,4.05959,Plein jour,En agglomération,Intersection en T,Normale,Deux véhicules - côté,,,,,,,,,,,1,2,3,1.0,3.0
201000032800,0010-11-14 18:30:00,10,11,14,18,30,420,187,"1, SALENGRO (RUE ROGER)",46.03702,4.07688,Nuit avec éclairage allumé,En agglomération,Intersection à plus de 4 branches,Normale,Deux véhicules - arrière,,,,,,,,,,,5,2,5,1.0,2.0
201000032801,0010-11-23 18:45:00,10,11,23,18,45,420,127,"261, BRIENNON (RT DE)",46.07465,4.07307,Nuit avec éclairage allumé,En agglomération,Hors intersection,Normale,Autre collision,,,,,,,,,,,5,2,1,1.0,6.0
201000032802,0010-11-23 17:00:00,10,11,23,17,0,420,127,"35, MUSSET  RD 207 (RUE",46.06375,4.05707,Crépuscule ou aube,En agglomération,Hors intersection,Pluie légère,Deux véhicules - arrière,,,,,,,,,,,2,2,1,2.0,2.0