accident_id,datetime,annee,mois,jour,heure,minute,departement,commune_insee,adresse,latitude,longitude,luminosite,agglomeration,intersection,meteo,collision,nb_vehicules,nb_usagers,nb_indemnes,nb_tues,nb_blesses_hosp,nb_blesses_legers,age_cond_1,age_cond_2,veh_type_cond_1,veh_type_cond_2,lum_code,agg_code,int_code,atm_code,col_code
201000032920,0010-04-17 20:43:00,10,4,17,20,43,420,218,"67 Ter, FAURIEL (COURS)",45.42616,4.40595,Nuit avec éclairage allumé,En agglomération,Intersection en T,Normale,Deux véhicules - côté,,,,,,,,,,,5,2,3,1.0,3.0
201000032921,0010-04-18 11:50:00,10,4,18,11,50,420,218,"84, POURCEL ALEXANDRE A",45.4235,4.39304,Plein jour,En agglomération,Intersection en T,Normale,Deux véhicules - arrière,,,,,,,,,,,1,2,3,1.0,2.0
201000032922,0010-04-18 18:10:00,10,4,18,18,10,420,218,"55, SOULIE LOUIS",45.44709,4.40137,Plein jour,En agglomération,Hors intersection,Normale,Autre collision,,,,,,,,,,,1,2,1,1.0,6.0
201000032923,0010-04-19 07:40:00,10,4,19,7,40,420,218,JANIN JULES (BD) JUSQU'A,45.447,4.38552,Plein jour,En agglomération,Intersection en T,Normale,Autre collision,,,,,,,,,,,1,2,3,1.0,6.0
201000032924,0010-04-19 12:30:00,10,4,19,12,30,420,218,"1, JACQUARD (PLACE)",45.44234,4.38234,Plein jour,En agglomération,Hors intersection,Normale,Autre collision,,,,,,,,,,,1,2,1,1.0,6.0
201000032925,0010-04-22 13:32:00,10,4,22,13,32,420,189,Rond point de Dourdel,45.44381,4.34495,Plein jour,Hors agglomération,Giratoire,Normale,Deux véhicules - côté,,,,,,,,,,,1,1,6,1.0,3.0
201000032926,0010-04-22 17:51:00,10,4,22,17,51,420,218,"1, BOIS DU",45.43568,4.39297,Plein jour,En agglomération,Hors intersection,Normale,Trois véhicules et plus - collisions multiples,,,,,,,,,,,1,2,1,1.0,5.0
201000032927,0010-04-23 17:29:00,10,4,23,17,29,420,218,FRANCHET D'ESPEREY M. A,45.44116,4.37416,Plein jour,En agglomération,Intersection en T,Normale,Deux véhicules - côté,,,,,,,,,,,1,2,3,1.0,3.0
201000032928,0010-04-23 18:34:00,10,4,23,18,34,420,305,"2, STADE",45.47995,4.43504,Plein jour,En agglomération,Intersection en X,Normale,Deux véhicules - arrière,,,,,,,,,,,1,2,2,1.0,2.0
201000032929,0010-04-23 20:56:00,10,4,23,20,56,420,218,"96, FRAISSINETTE ALEXAND",45.41751,4.41467,Nuit avec éclairage allumé,En agglomération,Intersection en X,Normale,Deux véhicules - côté,,,,,,,,,,,5,2,2,1.0,3.0
201000032930,0010-04-24 14:33:00,10,4,24,14,33,420,223,departementale 3,45.43352,4.34856,Plein jour,Hors agglomération,Hors intersection,Normale,Deux véhicules - arrière,,,,,,,,,,,1,1,1,1.0,2.0
201000032931,0010-04-24 18:20:00,10,4,24,18,20,420,189,Départementale 3,45.43404,4.30422,Plein jour,En agglomération,Autre intersection,Normale,Deux véhicules - côté,,,,,,,,,,,1,2,9,1.0,3.0
201000032932,0010-04-28 12:57:00,10,4,28,12,57,420,218,"169, DURAFOUR ANTOINE A",45.42265,4.39643,Plein jour,En agglomération,Intersection en X,Normale,Autre collision,,,,,,,,,,,1,2,2,1.0,6.0
201000032933,0010-04-28 13:50:00,10,4,28,13,50,420,218,"01, NADAUD GUSTAVE (COUR",45.43664,4.39405,Plein jour,En agglomération,Intersection en X,Normale,Autre collision,,,,,,,,,,,1,2,2,1.0,6.0
201000032934,0010-04-28 13:58:00,10,4,28,13,58,420,218,"2, REVOLLIER J-FRANCOIS",45.45399,4.38178,Plein jour,En agglomération,Hors intersection,Normale,Deux véhicules - côté,,,,,,,,,,,1,2,1,1.0,3.0
201000032935,0010-04-29 15:00:00,10,4,29,15,0,420,218,"24, VIRGILE",45.42277,4.39644,Plein jour,En agglomération,Hors intersection,Normale,Deux véhicules - frontale,,,,,,,,,,,1,2,1,1.0,1.0
201000032936,0010-04-29 17:20:00,10,4,29,17,20,420,218,"07, MERLIN DOCTEUR FERNA",45.46316,4.40688,Plein jour,En agglomération,Hors intersection,Normale,Deux véhicules - arrière,,,,,,,,,,,1,2,1,1.0,2.0
201000032937,0010-04-30 13:40:00,10,4,30,13,40,420,218,"5, VOLPETTE PERE (DU)",45.46707,4.39641,Plein jour,En agglomération,Intersection en T,Normale,Deux véhicules - frontale,,,,,,,,,,,1,2,3,1.0,1.0
201000032938,0010-05-04 20:21:00,10,5,4,20,21,420,218,"27, POURCEL ALEXANDRE A",45.42387,4.39574,Crépuscule ou aube,En agglomération,Intersection en X,Pluie légère,Deux véhicules - frontale,,,,,,,,,,,2,2,2,2.0,1.0
201000032939,0010-05-06 15:10:00,10,5,6,15,10,420,275,"14, MENDES FRANCE PIERRE",45.47125,4.37338,Plein jour,En agglomération,Intersection en X,Normale,Deux véhicules - côté,,,,,,,,,,,1,2,2,1.0,3.0
201000032940,0010-05-08 09:45:00,10,5,8,9,45,420,218,"37, RONDET MICHEL A PART",45.43792,4.3826,Plein jour,En agglomération,Intersection en T,Normale,Autre collision,,,,,,,,,,,1,2,3,1.0,6.0
201000032941,0010-05-11 14:55:00,10,5,11,14,55,420,218,ROYET,45.44468,4.38832,Plein jour,En agglomération,Intersection en T,Temps couvert,Deux véhicules - côté,,,,,,,,,,,1,2,3,8.0,3.0
201000032942,0010-05-14 17:00:00,10,5,14,17,0,420,275,MENDES FRANCE PIERRE (AV,,,Plein jour,En agglomération,Intersection en X,Pluie légère,Autre collision,,,,,,,,,,,1,2,2,2.0,6.0
201000032943,0010-05-12 17:00:00,10,5,12,17,0,420,275,MENDES FRANCE PIERRE (AV,45.47146,4.37355,Plein jour,En agglomération,Intersection en X,Pluie légère,Autre collision,,,,,,,,,,,1,2,2,2.0,6.0
201000032944,0010-05-14 15:55:00,10,5,14,15,55,420,218,HUIT MAI 1945 (BOULEVARD,45.45055,4.40195,Plein jour,En agglomération,Intersection en X,Pluie légère,Deux véhicules - côté,,,,,,,,,,,1,2,2,2.0,3.0
201000032945,0010-05-14 15:52:00,10,5,14,15,52,420,218,"35, FAURIAT (BOULEVARD)",45.44484,4.4076,Plein jour,En agglomération,Intersection en X,Pluie légère,Trois véhicules et plus - en chaîne,,,,,,,,,,,1,2,2,2.0,4.0
201000032946,0010-05-16 06:33:00,10,5,16,6,33,420,305,D3,45.47634,4.4111,Crépuscule ou aube,Hors agglomération,Hors intersection,Normale,Deux véhicules - frontale,,,,,,,,,,,2,1,1,1.0,1.0
201000032947,0010-05-18 11:51:00,10,5,18,11,51,420,218,GRAND GONNET JUSQU'AUX N,45.44333,4.38399,Plein jour,En agglomération,Intersection en T,Normale,Autre collision,,,,,,,,,,,1,2,3,1.0,6.0
201000032948,0010-05-20 19:15:00,10,5,20,19,15,420,218,"51, TIBLIER VERNE",45.44888,4.40126,Plein jour,En agglomération,Hors intersection,Normale,Autre collision,,,,,,,,,,,1,2,1,1.0,6.0
201000032949,0010-05-21 05:10:00,10,5,21,5,10,420,218,"121, RICHELANDIERE (DE L",45.43458,4.41508,Nuit avec éclairage allumé,En agglomération,Hors intersection,Normale,Autre collision,,,,,,,,,,,5,2,1,1.0,6.0
201000032950,0010-05-21 21:55:00,10,5,21,21,55,420,218,"11, MAREY COLONEL",45.44529,4.40211,Nuit avec éclairage allumé,En agglomération,Hors intersection,Normale,Autre collision,,,,,,,,,,,5,2,1,1.0,6.0
201000032951,0010-05-22 01:20:00,10,5,22,1,20,420,305,RN 498,45.47736,4.40986,Nuit avec éclairage allumé,Hors agglomération,Hors intersection,Normale,Deux véhicules - côté,,,,,,,,,,,5,1,1,1.0,3.0
201000032952,0010-05-22 15:12:00,10,5,22,15,12,420,218,CHOLAT CHARLES,45.46491,4.3988,Plein jour,En agglomération,Intersection en X,Normale,Deux véhicules - côté,,,,,,,,,,,1,2,2,1.0,3.0
201000032953,0010-05-24 11:20:00,10,5,24,11,20,420,218,Départementale,45.4162,4.30066,Plein jour,Hors agglomération,Intersection en X,Normale,Deux véhicules - côté,,,,,,,,,,,1,1,2,1.0,3.0
201000032954,0010-05-24 12:50:00,10,5,24,12,50,420,305,"30, REPUBLIQUE",45.48281,4.4353,Plein jour,En agglomération,Intersection en T,Normale,Deux véhicules - côté,,,,,,,,,,,1,2,3,1.0,3.0
201000032955,0010-05-25 16:20:00,10,5,25,16,20,420,218,"110, CROZET BOUSSINGAULT",45.41622,4.41057,Plein jour,En agglomération,Intersection en T,Normale,Autre collision,,,,,,,,,,,1,2,3,1.0,6.0
201000032956,0010-05-26 12:45:00,10,5,26,12,45,420,218,"32, JANIN JULES (BD) JUS",45.44835,4.38998,Plein jour,En agglomération,Hors intersection,Normale,Autre collision,,,,,,,,,,,1,2,1,1.0,6.0
201000032957,0010-05-26 15:50:00,10,5,26,15,50,420,218,"84, FAURIEL (COURS)",45.42759,4.40085,Plein jour,En agglomération,Hors intersection,Pluie légère,Autre collision,,,,,,,,,,,1,2,1,2.0,6.0
201000032958,0010-05-26 17:00:00,10,5,26,17,0,420,218,MONT MOUCHET,45.44186,4.42935,Plein jour,En agglomération,Intersection en X,Pluie légère,Deux véhicules - arrière,,,,,,,,,,,1,2,2,2.0,2.0
201000032959,0010-05-27 08:50:00,10,5,27,8,50,420,218,"15, MONTAIGNE",45.45643,4.37725,Plein jour,En agglomération,Hors intersection,Normale,Autre collision,,,,,,,,,,,1,2,1,1.0,6.0
201000032960,0010-05-27 13:20:00,10,5,27,13,20,420,330,ROCADE OUEST,45.468,4.34413,Plein jour,Hors agglomération,Intersection en T,Normale,Deux véhicules - arrière,,,,,,,,,,,1,1,3,1.0,2.0
201000032961,0010-05-29 09:28:00,10,5,29,9,28,420,218,"3, DELAROA CLAUDE JUSQU'",45.43123,4.38759,Plein jour,En agglomération,Hors intersection,Normale,Autre collision,,,,,,,,,,,1,2,1,1.0,6.0
201000032962,0010-06-01 08:50:00,10,6,1,8,50,420,218,MIMARD ETIENNE JUSQU'AUX,45.43659,4.39404,Plein jour,En agglomération,Intersection en X,Normale,Deux véhicules - arrière,,,,,,,,,,,1,2,2,1.0,2.0
201000032963,0010-06-01 20:38:00,10,6,1,20,38,420,218,"67, ROUGET DE L'ISLE A P",45.44641,4.38656,Plein jour,En agglomération,Hors intersection,Normale,Deux véhicules - côté,,,,,,,,,,,1,2,1,1.0,3.0
201000032964,0010-06-03 16:46:00,10,6,3,16,46,420,218,"11, TERRENOIRE (DE) JUSQ",45.42932,4.40992,Plein jour,En agglomération,Hors intersection,Temps couvert,Autre collision,,,,,,,,,,,1,2,1,8.0,6.0
201000032965,0010-06-03 18:15:00,10,6,3,18,15,420,218,"69, POMPIDOU GEORGES (BO",45.46558,4.41134,Plein jour,En agglomération,Intersection en T,Normale,Deux véhicules - côté,,,,,,,,,,,1,2,3,1.0,3.0
201000032966,0010-06-04 15:50:00,10,6,4,15,50,420,218,"6, VIRGILE",45.41555,4.41156,Plein jour,En agglomération,Hors intersection,Normale,Autre collision,,,,,,,,,,,1,2,1,1.0,6.0
201000032967,0010-06-06 20:19:00,10,6,6,20,19,420,218,"114, ACIERIES (DES)",45.46018,4.39641,Plein jour,En agglomération,Intersection en X,Temps couvert,Deux véhicules - côté,,,,,,,,,,,1,2,2,8.0,3.0
201000032968,0010-06-06 18:49:00,10,6,6,18,49,420,218,"ignoré, MULLER DES DOCTE",45.45053,4.39861,Plein jour,En agglomération,Hors intersection,Pluie légère,Deux véhicules - arrière,,,,,,,,,,,1,2,1,2.0,2.0
201000032969,0010-06-06 21:10:00,10,6,6,21,10,420,218,"14, BERT PAUL A PARTIR N",45.44187,4.38366,Plein jour,En agglomération,Intersection en X,Pluie forte,Deux véhicules - côté,,,,,,,,,,,1,2,2,3.0,3.0
201000032970,0010-06-08 23:00:00,10,6,8,23,0,420,218,"16, PLATEAU DES GLIERES",45.44045,4.40105,Nuit sans éclairage public,En agglomération,Hors intersection,Normale,Autre collision,,,,,,,,,,,3,2,1,1.0,6.0
201000032971,0010-06-09 16:07:00,10,6,9,16,7,420,218,"18, FOURNEYRON (PLACE)",45.43934,4.39653,Plein jour,En agglomération,Intersection en X,Normale,Autre collision,,,,,,,,,,,1,2,2,1.0,6.0
201000032972,0010-06-10 18:20:00,10,6,10,18,20,420,218,"90, RICHELANDIERE DES N°",45.43672,4.40846,Plein jour,En agglomération,Intersection en T,Pluie légère,Deux véhicules - frontale,,,,,,,,,,,1,2,3,2.0,1.0
201000032973,0010-06-12 08:46:00,10,6,12,8,46,420,189,GRUNER,45.43964,4.32924,Plein jour,En agglomération,Intersection en X,Normale,Deux véhicules - côté,,,,,,,,,,,1,2,2,1.0,3.0
201000032974,0010-06-12 10:34:00,10,6,12,10,34,420,218,"11, CONVENTION (DE LA)",45.42532,4.4078,Plein jour,En agglomération,Hors intersection,Normale,Autre collision,,,,,,,,,,,1,2,1,1.0,6.0
201000032975,0010-06-13 18:19:00,10,6,13,18,19,420,189,"1, BERGSON (BOULEVARD)",45.43382,4.3366,Plein jour,En agglomération,Giratoire,Normale,Deux véhicules - arrière,,,,,,,,,,,1,2,6,1.0,2.0
201000032976,0010-06-13 12:25:00,10,6,13,12,25,420,218,DORNE MARIE JOSEPH,45.4224,4.39806,Plein jour,En agglomération,Intersection en X,Normale,Autre collision,,,,,,,,,,,1,2,2,1.0,6.0
201000032977,0010-06-17 15:20:00,10,6,17,15,20,420,218,ROCHETTES (DES) JUSQU'AU,45.44198,4.42254,Plein jour,En agglomération,Intersection en T,Pluie légère,Deux véhicules - côté,,,,,,,,,,,1,2,3,2.0,3.0
201000032978,0010-06-17 17:30:00,10,6,17,17,30,420,218,BERNARD MARTIN,,,Plein jour,En agglomération,Hors intersection,Normale,Autre collision,,,,,,,,,,,1,2,1,1.0,6.0
201000032979,0010-06-21 09:39:00,10,6,21,9,39,420,218,"12, JACQUARD (PLACE)",45.44201,4.38251,Plein jour,En agglomération,Hors intersection,Temps couvert,Autre collision,,,,,,,,,,,1,2,1,8.0,6.0
201000032980,0010-06-22 10:37:00,10,6,22,10,37,420,218,"18, FRANCHET D'ESPEREY M",45.44075,4.37464,Plein jour,En agglomération,Intersection en X,Normale,Deux véhicules - côté,,,,,,,,,,,1,2,2,1.0,3.0
201000032981,0010-06-19 12:50:00,10,6,19,12,50,420,218,"40, PALLUAT DE BESSET JU",45.44303,4.37669,Plein jour,Hors agglomération,Intersection en T,Normale,Deux véhicules - côté,,,,,,,,,,,1,1,3,1.0,3.0
201000032982,0010-06-24 16:50:00,10,6,24,16,50,420,218,FRAISSINETTE ALEXANDRE (,45.41903,4.41148,Plein jour,En agglomération,Intersection en T,Normale,Deux véhicules - côté,,,,,,,,,,,1,2,3,1.0,3.0
201000032983,0010-06-25 18:15:00,10,6,25,18,15,420,218,"10, NADAUD GUSTAVE (COUR",45.43549,4.39464,Plein jour,En agglomération,Hors intersection,Normale,Autre collision,,,,,,,,,,,1,2,1,1.0,6.0
201000032984,0010-06-28 14:50:00,10,6,28,14,50,420,189,C D 3 - 2,45.43275,4.32685,Plein jour,En agglomération,Hors intersection,Normale,Autre collision,,,,,,,,,,,1,2,1,1.0,6.0
201000032985,0010-06-30 07:25:00,10,6,30,7,25,420,218,VILLAS (DES),45.43351,4.41377,Plein jour,En agglomération,Intersection en T,Normale,Autre collision,,,,,,,,,,,1,2,3,1.0,6.0
201000032986,0010-06-30 20:23:00,10,6,30,20,23,420,218,"4, MALON BENOIT",45.44259,4.38221,Plein jour,En agglomération,Intersection en X,Normale,Sans collision,,,,,,,,,,,1,2,2,1.0,7.0
201000032987,0010-07-02 19:39:00,10,7,2,19,39,420,218,"16, NORMANDIE NIEMEN A P",45.43777,4.40885,Plein jour,En agglomération,Hors intersection,Normale,Deux véhicules - arrière,,,,,,,,,,,1,2,1,1.0,2.0
201000032988,0010-07-03 19:30:00,10,7,3,19,30,420,218,"34, BEAUBRUN",45.43387,4.38196,Plein jour,En agglomération,Hors intersection,Normale,Autre collision,,,,,,,,,,,1,2,1,1.0,6.0
201000032989,0010-07-05 18:10:00,10,7,5,18,10,420,305,"23, HUGO VICTOR",45.48099,4.43476,Plein jour,En agglomération,Intersection en X,Normale,Autre collision,,,,,,,,,,,1,2,2,1.0,6.0
201000032990,0010-07-07 15:47:00,10,7,7,15,47,420,218,"02, CLERMONT EMILE",45.41915,4.40664,Plein jour,En agglomération,Intersection en T,Normale,Autre collision,,,,,,,,,,,1,2,3,1.0,6.0
201000032991,0010-07-06 07:50:00,10,7,6,7,50,420,218,AMPERE,,,Plein jour,En agglomération,Hors intersection,Normale,Deux véhicules - côté,,,,,,,,,,,1,2,1,1.0,3.0
201000032992,0010-07-12 16:50:00,10,7,12,16,50,420,218,THOISY DU PERE DE,45.42453,4.36678,Plein jour,En agglomération,Hors intersection,Pluie légère,Deux véhicules - frontale,,,,,,,,,,,1,2,1,2.0,1.0
201000032993,0010-07-14 23:50:00,10,7,14,23,50,420,218,BARRALON PIERRE,45.44256,4.38213,Nuit avec éclairage allumé,En agglomération,Intersection en X,Normale,Deux véhicules - côté,,,,,,,,,,,5,2,2,1.0,3.0
201000032994,0010-07-16 12:00:00,10,7,16,12,0,420,218,"1, KRUMNOW FREDO (BOULEV",45.43949,4.37867,Plein jour,En agglomération,Intersection en X,Normale,Deux véhicules - frontale,,,,,,,,,,,1,2,2,1.0,1.0
201000032995,0010-07-19 15:15:00,10,7,19,15,15,420,218,"35, FRANCHET D'ESPEREY M",45.44096,4.37054,Plein jour,En agglomération,Autre intersection,Normale,Deux véhicules - côté,,,,,,,,,,,1,2,9,1.0,3.0
201000032996,0010-07-18 19:30:00,10,7,18,19,30,420,218,DESCHANEL EMILE A PARTIR,45.43276,4.36815,Plein jour,En agglomération,Hors intersection,Normale,Autre collision,,,,,,,,,,,1,2,1,1.0,6.0
201000032997,0010-07-22 09:30:00,10,7,22,9,30,420,218,ROCADE OUEST,45.42312,4.36705,Plein jour,Hors agglomération,Hors intersection,Pluie légère,Autre collision,,,,,,,,,,,1,1,1,2.0,6.0
201000032998,0010-07-20 14:50:00,10,7,20,14,50,420,218,"70, ROCHE DU GEAI (DE LA",45.44049,4.36572,Plein jour,En agglomération,Intersection en X,Normale,Deux véhicules - côté,,,,,,,,,,,1,2,2,1.0,3.0
201000032999,0010-07-25 05:53:00,10,7,25,5,53,420,218,"27, NIEPCE NICEPHORE A P",45.41177,4.40683,Nuit sans éclairage public,En agglomération,Hors intersection,Normale,Autre collision,,,,,,,,,,,3,2,1,1.0,6.0
201000033000,0010-07-25 17:42:00,10,7,25,17,42,420,218,FRACHON BENOIT,45.44649,4.36745,Plein jour,En agglomération,Intersection en X,Normale,Deux véhicules - côté,,,,,,,,,,,1,2,2,1.0,3.0
201000033001,0010-07-25 21:30:00,10,7,25,21,30,420,218,VERNEY CARRON CLAUDE,45.46357,4.38232,Nuit avec éclairage allumé,En agglomération,Intersection en X,Normale,Deux véhicules - côté,,,,,,,,,,,5,2,2,1.0,3.0
201000033002,0010-07-27 19:20:00,10,7,27,19,20,420,218,"22, MULLER DES DOCTEURS",45.44731,4.39801,Plein jour,En agglomération,Hors intersection,Normale,Autre collision,,,,,,,,,,,1,2,1,1.0,6.0
201000033003,0010-07-29 15:40:00,10,7,29,15,40,420,218,"ignore, DUNKERQUE (DE) A",45.41563,4.40655,Plein jour,En agglomération,Hors intersection,Normale,Deux véhicules - frontale,,,,,,,,,,,1,2,1,1.0,1.0
201000033004,0010-08-03 07:45:00,10,8,3,7,45,420,218,KRUMNOW FREDO (BOULEVARD,45.44168,4.379,Plein jour,En agglomération,Intersection en X,Temps couvert,Autre collision,,,,,,,,,,,1,2,2,8.0,6.0
201000033005,0010-08-06 01:55:00,10,8,6,1,55,420,218,"83, NIEPCE NICEPHORE A P",45.40898,4.41139,Nuit avec éclairage allumé,En agglomération,Hors intersection,Normale,Autre collision,,,,,,,,,,,5,2,1,1.0,6.0
201000033006,0010-08-06 05:45:00,10,8,6,5,45,420,218,ROSTAND JEAN,45.45909,4.4247,Crépuscule ou aube,Hors agglomération,Intersection en T,Normale,Deux véhicules - frontale,,,,,,,,,,,2,1,3,1.0,1.0
201000033007,0010-08-06 10:40:00,10,8,6,10,40,420,218,"3, PRAIRE",45.44174,4.38521,Plein jour,En agglomération,Hors intersection,Normale,Autre collision,,,,,,,,,,,1,2,1,1.0,6.0
201000033008,0010-08-13 07:47:00,10,8,13,7,47,420,218,GOUNOD CHARLES,45.47124,4.40308,Plein jour,En agglomération,Hors intersection,Normale,Autre collision,,,,,,,,,,,1,2,1,1.0,6.0
201000033009,0010-08-12 11:30:00,10,8,12,11,30,420,218,"46, ONZE NOVEMBRE A PART",45.42652,4.39078,Plein jour,En agglomération,Hors intersection,Normale,Autre collision,,,,,,,,,,,1,2,1,1.0,6.0
201000033010,0010-07-17 18:30:00,10,7,17,18,30,420,218,"23, TALAUDIERE (DE LA) A",45.45437,4.41185,Plein jour,En agglomération,Intersection en X,Normale,Deux véhicules - côté,,,,,,,,,,,1,2,2,1.0,3.0
201000033011,0010-08-25 13:44:00,10,8,25,13,44,420,218,C.C. MONTHIEU,45.44021,4.42313,Plein jour,En agglomération,Hors intersection,Normale,Deux véhicules - côté,,,,,,,,,,,1,2,1,1.0,3.0
201000033012,0010-08-25 20:06:00,10,8,25,20,6,420,223,"1, ROUTE DE TREMOLIN",45.43672,4.36041,Crépuscule ou aube,Hors agglomération,Hors intersection,Normale,Autre collision,,,,,,,,,,,2,1,1,1.0,6.0
201000033013,0010-08-26 11:50:00,10,8,26,11,50,420,218,"97, VALBENOITE (BD) JUSQ",45.42445,4.39726,Plein jour,En agglomération,Hors intersection,Normale,Autre collision,,,,,,,,,,,1,2,1,1.0,6.0
201000033014,0010-08-29 11:19:00,10,8,29,11,19,420,218,"14, FAURIAT (BOULEVARD)",45.44864,4.40341,Plein jour,En agglomération,Intersection en T,Normale,Autre collision,,,,,,,,,,,1,2,3,1.0,6.0
201000033015,0010-08-30 14:27:00,10,8,30,14,27,420,218,"6, MIMARD ETIENNE JUSQU'",45.43575,4.3936,Plein jour,En agglomération,Hors intersection,Normale,Trois véhicules et plus - collisions multiples,,,,,,,,,,,1,2,1,1.0,5.0
201000033016,0010-08-31 13:00:00,10,8,31,13,0,420,218,HUSS JEAN,45.45257,4.41522,Plein jour,En agglomération,Intersection en T,Normale,Deux véhicules - côté,,,,,,,,,,,1,2,3,1.0,3.0
201000033017,0010-09-06 07:55:00,10,9,6,7,55,420,218,BARROUIN,45.45354,4.39071,Plein jour,En agglomération,Intersection en X,Normale,Deux véhicules - côté,,,,,,,,,,,1,2,2,1.0,3.0
201000033018,0010-09-06 16:25:00,10,9,6,16,25,420,218,MIMARD ETIENNE JUSQU'AUX,45.43654,4.39402,Plein jour,En agglomération,Intersection en X,Normale,Autre collision,,,,,,,,,,,1,2,2,1.0,6.0
201000033019,0010-09-10 00:07:00,10,9,10,0,7,420,218,"04, JANIN JULES (BD) JUS",45.4474,4.38634,Nuit avec éclairage allumé,En agglomération,Hors intersection,Temps couvert,Autre collision,,,,,,,,,,,5,2,1,8.0,6.0
201000033020,0010-09-10 20:27:00,10,9,10,20,27,420,218,"22, MUSSET ALFRED DE (BD",45.44261,4.37925,Nuit avec éclairage allumé,En agglomération,Intersection en X,Normale,Deux véhicules - côté,,,,,,,,,,,5,2,2,1.0,3.0
201000033021,0010-09-14 16:10:00,10,9,14,16,10,420,218,MUSSET ALFRED DE (BD) A,45.44343,4.37924,Plein jour,En agglomération,Hors intersection,Normale,Deux véhicules - arrière,,,,,,,,,,,1,2,1,1.0,2.0
201000033022,0010-09-15 13:45:00,10,9,15,13,45,420,218,MONTAT (DE LA) A PARTIR,45.44334,4.41354,Plein jour,En agglomération,Hors intersection,Normale,Sans collision,,,,,,,,,,,1,2,1,1.0,7.0
201000033023,0010-09-16 17:15:00,10,9,16,17,15,420,218,"28, JANIN JULES (BD) JUS",45.44832,4.38951,Plein jour,En agglomération,Hors intersection,Pluie légère,Deux véhicules - arrière,,,,,,,,,,,1,2,1,2.0,2.0
201000033024,0010-09-20 09:00:00,10,9,20,9,0,420,218,VIAL JEAN HIPPOLYTE (PLA,45.43623,4.43744,Plein jour,En agglomération,Intersection en T,Normale,Deux véhicules - côté,,,,,,,,,,,1,2,3,1.0,3.0
201000033025,0010-09-17 16:10:00,10,9,17,16,10,420,237,RIVOIRE (LIEU DIT),45.45217,4.45271,Plein jour,En agglomération,Hors intersection,Normale,Deux véhicules - arrière,,,,,,,,,,,1,2,1,1.0,2.0
201000033026,0010-09-20 20:35:00,10,9,20,20,35,420,218,TERRENOIRE (DE) A PARTIR,45.43273,4.41504,Crépuscule ou aube,En agglomération,Intersection en T,Normale,Deux véhicules - côté,,,,,,,,,,,2,2,3,1.0,3.0
201000033027,0010-09-17 06:21:00,10,9,17,6,21,420,218,"13, GRIS DE LIN (DU)",45.44074,4.39969,Nuit avec éclairage allumé,En agglomération,Intersection en X,Normale,Trois véhicules et plus - collisions multiples,,,,,,,,,,,5,2,2,1.0,5.0
201000033028,0010-09-21 12:54:00,10,9,21,12,54,420,218,"1, REBOUR CHARLES",45.4276,4.3984,Plein jour,En agglomération,Intersection en X,Normale,Deux véhicules - côté,,,,,,,,,,,1,2,2,1.0,3.0
201000033029,0010-09-21 16:10:00,10,9,21,16,10,420,218,"70, PAROT JEAN A PARTIR",45.42623,4.42141,Plein jour,En agglomération,Hors intersection,Normale,Autre collision,,,,,,,,,,,1,2,1,1.0,6.0
201000033030,0010-09-24 12:23:00,10,9,24,12,23,420,237,"53, HUGO (VICTOR)",45.44727,4.43455,Plein jour,En agglomération,Hors intersection,Pluie légère,Autre collision,,,,,,,,,,,1,2,1,2.0,6.0
201000033031,0010-09-24 19:00:00,10,9,24,19,0,420,218,"13, CUVIER",45.42847,4.39299,Plein jour,En agglomération,Intersection en T,Normale,Deux véhicules - frontale,,,,,,,,,,,1,2,3,1.0,1.0
201000033032,0010-09-23 23:25:00,10,9,23,23,25,420,189,"36, BRAILLE LOUIS (BOULE",45.41495,4.30186,Nuit sans éclairage public,Hors agglomération,Hors intersection,Pluie légère,Sans collision,,,,,,,,,,,3,1,1,2.0,7.0
201000033033,0010-09-26 10:43:00,10,9,26,10,43,420,218,"83, VIVALDI ANTONIO (BOU",45.4737,4.39671,Plein jour,En agglomération,Intersection en T,Normale,Deux véhicules - côté,,,,,,,,,,,1,2,3,1.0,3.0
201000033034,0010-09-27 12:16:00,10,9,27,12,16,420,218,"15, PALLUAT DE BESSET JU",45.44304,4.37662,Plein jour,En agglomération,Intersection en X,Normale,Deux véhicules - côté,,,,,,,,,,,1,2,2,1.0,3.0
201000033035,0010-09-27 15:12:00,10,9,27,15,12,420,218,"sans, CHOLAT CHARLES",45.46487,4.3988,Plein jour,En agglomération,Intersection à plus de 4 branches,Pluie légère,Deux véhicules - côté,,,,,,,,,,,1,2,5,2.0,3.0
201000033036,0010-09-30 13:10:00,10,9,30,13,10,420,330,"1, THIERS",45.47028,4.36372,Plein jour,En agglomération,Intersection en Y,Pluie légère,Deux véhicules - frontale,,,,,,,,,,,1,2,4,2.0,1.0
201000033037,0010-09-30 16:30:00,10,9,30,16,30,420,218,"13, GRIS DE LIN (DU)",45.4408,4.39962,Plein jour,En agglomération,Intersection en X,Normale,Trois véhicules et plus - collisions multiples,,,,,,,,,,,1,2,2,1.0,5.0
201000033038,0010-09-30 22:04:00,10,9,30,22,4,420,218,"19, TALAUDIERE (DE LA) J",,,Nuit avec éclairage non allumé,En agglomération,Intersection en X,Autre,Deux véhicules - côté,,,,,,,,,,,4,2,2,9.0,3.0