accident_id,datetime,annee,mois,jour,heure,minute,departement,commune_insee,adresse,latitude,longitude,luminosite,agglomeration,intersection,meteo,collision,nb_vehicules,nb_usagers,nb_indemnes,nb_tues,nb_blesses_hosp,nb_blesses_legers,age_cond_1,age_cond_2,veh_type_cond_1,veh_type_cond_2,lum_code,agg_code,int_code,atm_code,col_code
201000033160,0010-12-08 07:50:00,10,12,8,7,50,430,157,"23, ST-LOUIS (BD)",,,Plein jour,En agglomération,Hors intersection,Normale,Autre collision,,,,,,,,,,,1,2,1,1.0,6.0
201000033161,0010-02-11 09:30:00,10,2,11,9,30,430,157,"1, FARIGOULE (rue PIERRE",,,Plein jour,En agglomération,Hors intersection,Temps couvert,Autre collision,,,,,,,,,,,1,2,1,8.0,6.0
201000033162,0010-01-06 13:40:00,10,1,6,13,40,440,55,"1, JUIN 1940 ( PLACE DU",,,Plein jour,En agglomération,Hors intersection,Normale,Autre collision,,,,,,,,,,,1,2,1,1.0,6.0
201000033163,0010-01-12 17:15:00,10,1,12,17,15,440,135,"1, GARE ( PLACE DE LA )",,,Plein jour,En agglomération,Giratoire,Normale,Deux véhicules - côté,,,,,,,,,,,1,2,6,1.0,3.0
201000033164,0010-01-10 04:45:00,10,1,10,4,45,440,55,"1, CLEMENCEAU ( AVENUE G",,,Nuit avec éclairage allumé,En agglomération,Intersection en X,Normale,Autre collision,,,,,,,,,,,5,2,2,1.0,6.0
201000033165,0010-01-23 01:55:00,10,1,23,1,55,440,132,"14, BONNE SOURCE (AVENUE",,,Nuit avec éclairage allumé,En agglomération,Hors intersection,Normale,Autre collision,,,,,,,,,,,5,2,1,1.0,6.0
201000033166,0010-02-08 10:50:00,10,2,8,10,50,440,135,KISSLEGG ( BOULEVARD DE,,,Plein jour,En agglomération,Hors intersection,Normale,Deux véhicules - côté,,,,,,,,,,,1,2,1,1.0,3.0
201000033167,0010-02-23 17:50:00,10,2,23,17,50,440,132,"1, BECQUEREL (AVENUE DES",,,Plein jour,En agglomération,Giratoire,Normale,Deux véhicules - côté,,,,,,,,,,,1,2,6,1.0,3.0
201000033168,0010-02-27 07:00:00,10,2,27,7,0,440,132,"84, BONNE SOURCE (AVENUE",,,Nuit avec éclairage allumé,En agglomération,Hors intersection,Normale,Autre collision,,,,,,,,,,,5,2,1,1.0,6.0
201000033169,0010-03-23 03:50:00,10,3,23,3,50,440,55,"19, BARRIRE ( ESPLANADE",,,Nuit avec éclairage allumé,En agglomération,Hors intersection,Normale,Autre collision,,,,,,,,,,,5,2,1,1.0,6.0
201000033170,0010-03-23 17:25:00,10,3,23,17,25,440,132,"30, REPUBLIQUE (BOULEVAR",,,Plein jour,En agglomération,Hors intersection,Normale,Autre collision,,,,,,,,,,,1,2,1,1.0,6.0
201000033171,0010-03-25 08:55:00,10,3,25,8,55,440,132,BAULOIS (AVENUE DU),,,Plein jour,En agglomération,Intersection en T,Normale,Deux véhicules - côté,,,,,,,,,,,1,2,3,1.0,3.0
201000033172,0010-03-29 01:20:00,10,3,29,1,20,440,55,MÉSORÉ ( CHEMIN DE ),,,Nuit sans éclairage public,En agglomération,Hors intersection,Normale,Sans collision,,,,,,,,,,,3,2,1,1.0,7.0
201000033173,0010-04-01 13:50:00,10,4,1,13,50,440,55,"1, CHEVREL ( BOULEVARD D",,,Plein jour,En agglomération,Hors intersection,Normale,Sans collision,,,,,,,,,,,1,2,1,1.0,7.0
201000033174,0010-04-04 12:20:00,10,4,4,12,20,440,55,"12, GUYNEMER ( AVENUE GE",,,Plein jour,En agglomération,Intersection en X,Normale,Deux véhicules - côté,,,,,,,,,,,1,2,2,1.0,3.0
201000033175,0010-04-07 11:30:00,10,4,7,11,30,440,132,"134, GAULLE (AVENUE DU G",,,Plein jour,En agglomération,Intersection en X,Normale,Deux véhicules - côté,,,,,,,,,,,1,2,2,1.0,3.0
201000033176,0010-04-11 13:25:00,10,4,11,13,25,440,55,"07, PLÉADES ( ALLÉE DES",,,Plein jour,En agglomération,Intersection en T,Normale,Deux véhicules - côté,,,,,,,,,,,1,2,3,1.0,3.0
201000033177,0010-04-18 16:00:00,10,4,18,16,0,440,135,KISSLEGG ( BOULEVARD DE,,,Plein jour,En agglomération,Hors intersection,Normale,Deux véhicules - arrière,,,,,,,,,,,1,2,1,1.0,2.0
201000033178,0010-04-19 20:22:00,10,4,19,20,22,440,55,JUBINE ( ROUTE DE LA ),,,Plein jour,Hors agglomération,Hors intersection,Normale,Sans collision,,,,,,,,,,,1,1,1,1.0,7.0
201000033179,0010-04-20 14:50:00,10,4,20,14,50,440,55,"82, OCÉAN ( BOULEVARD DE",,,Plein jour,En agglomération,Hors intersection,Normale,Autre collision,,,,,,,,,,,1,2,1,1.0,6.0
201000033180,0010-04-21 23:00:00,10,4,21,23,0,440,55,"sans, NEYMAN ( AVENUE JE",,,Nuit avec éclairage allumé,En agglomération,Hors intersection,Normale,Sans collision,,,,,,,,,,,5,2,1,1.0,7.0
201000033181,0010-04-23 21:55:00,10,4,23,21,55,440,55,BERTHO ( RUE HENRI ),,,Nuit avec éclairage allumé,Hors agglomération,Intersection en Y,Normale,Deux véhicules - côté,,,,,,,,,,,5,1,4,1.0,3.0
201000033182,0010-04-27 11:15:00,10,4,27,11,15,440,55,"1, ANDRÉ ( ESPLANADE FRA",,,Plein jour,En agglomération,Hors intersection,Normale,Deux véhicules - côté,,,,,,,,,,,1,2,1,1.0,3.0
201000033183,0010-05-04 13:12:00,10,5,4,13,12,440,55,"1, OCÉAN ( BOULEVARD DE",,,Plein jour,En agglomération,Giratoire,Normale,Deux véhicules - côté,,,,,,,,,,,1,2,6,1.0,3.0
201000033184,0010-05-07 14:45:00,10,5,7,14,45,440,55,DARLU ( BOULEVARD ),,,Plein jour,En agglomération,Hors intersection,Normale,Autre collision,,,,,,,,,,,1,2,1,1.0,6.0
201000033185,0010-05-04 16:50:00,10,5,4,16,50,440,132,YOLANDE (AVENUE,,,Plein jour,En agglomération,Intersection en X,Normale,Deux véhicules - côté,,,,,,,,,,,1,2,2,1.0,3.0
201000033186,0010-05-11 15:20:00,10,5,11,15,20,440,132,"30, REPUBLIQUE (PLACE DE",,,Plein jour,En agglomération,Hors intersection,Normale,Autre collision,,,,,,,,,,,1,2,1,1.0,6.0
201000033187,0010-05-11 18:50:00,10,5,11,18,50,440,55,"14, NÉRAC ( ROUTE DE )",,,Plein jour,En agglomération,Hors intersection,Normale,Deux véhicules - côté,,,,,,,,,,,1,2,1,1.0,3.0
201000033188,0010-05-15 00:10:00,10,5,15,0,10,440,55,"125, LATTRE DE TASSIGNY",,,Nuit avec éclairage allumé,En agglomération,Intersection en T,Normale,Deux véhicules - côté,,,,,,,,,,,5,2,3,1.0,3.0
201000033189,0010-05-23 19:05:00,10,5,23,19,5,440,55,DUBOIS ( BOULEVARD DU DO,,,Plein jour,En agglomération,Hors intersection,Normale,Autre collision,,,,,,,,,,,1,2,1,1.0,6.0
201000033190,0010-05-27 09:20:00,10,5,27,9,20,440,55,"1, KER RIVAUD ( ROUTE DE",,,Plein jour,En agglomération,Hors intersection,Normale,Deux véhicules - arrière,,,,,,,,,,,1,2,1,1.0,2.0
201000033191,0010-05-26 19:40:00,10,5,26,19,40,440,132,"3, GUERANDE (ROUTE DE)",,,Crépuscule ou aube,En agglomération,Intersection en X,Temps éblouissant,Deux véhicules - côté,,,,,,,,,,,2,2,2,7.0,3.0
201000033192,0010-06-04 20:25:00,10,6,4,20,25,440,55,SAINT ANDRE DES EAUX (RO,,,Plein jour,Hors agglomération,Hors intersection,Normale,Sans collision,,,,,,,,,,,1,1,1,1.0,7.0
201000033193,0010-06-05 17:00:00,10,6,5,17,0,440,132,D 92 G,,,Plein jour,Hors agglomération,Hors intersection,Normale,Sans collision,,,,,,,,,,,1,1,1,1.0,7.0
201000033194,0010-06-06 02:35:00,10,6,6,2,35,440,55,"1, SUSER ( AVENUE )",,,Nuit avec éclairage allumé,En agglomération,Intersection en T,Normale,Sans collision,,,,,,,,,,,5,2,3,1.0,7.0
201000033195,0010-06-08 15:00:00,10,6,8,15,0,440,55,"28, BOUTROUX ( AVENUE JE",,,Plein jour,Hors agglomération,Hors intersection,Normale,Sans collision,,,,,,,,,,,1,1,1,1.0,7.0
201000033196,0010-06-10 00:05:00,10,6,10,0,5,440,132,"1, POINCARE (AVENUE)",,,Nuit avec éclairage allumé,En agglomération,Hors intersection,Normale,Autre collision,,,,,,,,,,,5,2,1,1.0,6.0
201000033197,0010-06-11 18:05:00,10,6,11,18,5,440,55,RD 213,,,Plein jour,Hors agglomération,Hors intersection,Normale,Sans collision,,,,,,,,,,,1,1,1,1.0,7.0
201000033198,0010-06-14 17:40:00,10,6,14,17,40,440,132,"158, OCEANIDES (BOULEVAR",,,Plein jour,En agglomération,Hors intersection,Normale,Autre collision,,,,,,,,,,,1,2,1,1.0,6.0
201000033199,0010-06-16 00:45:00,10,6,16,0,45,440,132,"22, BONNE SOURCE (AVENUE",,,Nuit avec éclairage allumé,En agglomération,Hors intersection,Normale,Autre collision,,,,,,,,,,,5,2,1,1.0,6.0
201000033200,0010-06-20 07:00:00,10,6,20,7,0,440,55,SAINT ANDRE DES EAUX (RO,,,Plein jour,Hors agglomération,Hors intersection,Normale,Sans collision,,,,,,,,,,,1,1,1,1.0,7.0
201000033201,0010-06-22 16:35:00,10,6,22,16,35,440,55,"15, SOHIER ( AVENUE JEAN",,,Plein jour,En agglomération,Hors intersection,Normale,Trois véhicules et plus - en chaîne,,,,,,,,,,,1,2,1,1.0,4.0
201000033202,0010-06-29 10:55:00,10,6,29,10,55,440,55,ANDRÉ ( ESPLANADE FRANÇO,,,Plein jour,En agglomération,Hors intersection,Normale,Autre collision,,,,,,,,,,,1,2,1,1.0,6.0
201000033203,0010-07-03 11:27:00,10,7,3,11,27,440,55,DARLU ( BOULEVARD ),,,Plein jour,En agglomération,Intersection en T,Normale,Deux véhicules - côté,,,,,,,,,,,1,2,3,1.0,3.0
201000033204,0010-07-05 14:50:00,10,7,5,14,50,440,55,"1, PARC LASSALLE ( AVENU",,,Plein jour,En agglomération,Intersection en X,Normale,Deux véhicules - côté,,,,,,,,,,,1,2,2,1.0,3.0
201000033205,0010-07-05 22:35:00,10,7,5,22,35,440,132,"1A, MOUETTES (AVENUE DES",,,Crépuscule ou aube,En agglomération,Hors intersection,Normale,Sans collision,,,,,,,,,,,2,2,1,1.0,7.0
201000033206,0010-07-07 18:10:00,10,7,7,18,10,440,55,"98, OCÉAN ( BOULEVARD DE",,,Plein jour,En agglomération,Hors intersection,Normale,Deux véhicules - côté,,,,,,,,,,,1,2,1,1.0,3.0
201000033207,0010-07-08 15:10:00,10,7,8,15,10,440,55,"93, MORANDAIS ( AVENUE G",,,Plein jour,En agglomération,Intersection en X,Normale,Deux véhicules - côté,,,,,,,,,,,1,2,2,1.0,3.0
201000033208,0010-07-08 18:25:00,10,7,8,18,25,440,55,"02, SAPHIRS ( AVENUE DES",,,Plein jour,En agglomération,Intersection en X,Normale,Deux véhicules - côté,,,,,,,,,,,1,2,2,1.0,3.0
201000033209,0010-07-10 15:30:00,10,7,10,15,30,440,132,OCEANIDES (BOULEVARD DES,,,Plein jour,En agglomération,Hors intersection,Normale,Autre collision,,,,,,,,,,,1,2,1,1.0,6.0
201000033210,0010-07-12 11:00:00,10,7,12,11,0,440,55,"39, CLEMENCEAU ( AVENUE",,,Plein jour,En agglomération,Hors intersection,Normale,Autre collision,,,,,,,,,,,1,2,1,1.0,6.0
201000033211,0010-07-14 03:00:00,10,7,14,3,0,440,132,FOCH (PLACE),,,Nuit avec éclairage allumé,En agglomération,Giratoire,Normale,Autre collision,,,,,,,,,,,5,2,6,1.0,6.0
201000033212,0010-07-14 11:10:00,10,7,14,11,10,440,132,"36, LITTORAL (AVENUE DU)",,,Plein jour,En agglomération,Hors intersection,Temps couvert,Trois véhicules et plus - collisions multiples,,,,,,,,,,,1,2,1,8.0,5.0
201000033213,0010-07-16 08:50:00,10,7,16,8,50,440,55,"1, CHEVREL ( BOULEVARD D",,,Plein jour,En agglomération,Giratoire,Normale,Sans collision,,,,,,,,,,,1,2,6,1.0,7.0
201000033214,0010-07-18 15:35:00,10,7,18,15,35,440,55,"1, SAPHIRS ( AVENUE DES",,,Plein jour,En agglomération,Intersection en X,Normale,Deux véhicules - côté,,,,,,,,,,,1,2,2,1.0,3.0
201000033215,0010-07-18 15:15:00,10,7,18,15,15,440,132,GAULLE (AVENUE DU GÉNÉRA,,,Plein jour,En agglomération,Autre intersection,Normale,Deux véhicules - côté,,,,,,,,,,,1,2,9,1.0,3.0
201000033216,0010-07-20 20:05:00,10,7,20,20,5,440,55,"4, DUBOIS ( BOULEVARD DU",,,Plein jour,En agglomération,Passage à niveau,Temps éblouissant,Autre collision,,,,,,,,,,,1,2,8,7.0,6.0
201000033217,0010-07-22 21:30:00,10,7,22,21,30,440,55,"25, FORT ( BOULEVARD DE",,,Plein jour,En agglomération,Hors intersection,Normale,Autre collision,,,,,,,,,,,1,2,1,1.0,6.0
201000033218,0010-07-22 15:40:00,10,7,22,15,40,440,55,"229, LATTRE DE TASSIGNY",,,Plein jour,En agglomération,Hors intersection,Normale,Deux véhicules - arrière,,,,,,,,,,,1,2,1,1.0,2.0
201000033219,0010-07-23 15:40:00,10,7,23,15,40,440,55,BERTHO ( RUE HENRI ),,,Plein jour,Hors agglomération,Intersection en T,Normale,Deux véhicules - côté,,,,,,,,,,,1,1,3,1.0,3.0
201000033220,0010-07-29 18:35:00,10,7,29,18,35,440,132,"1, MER (AVENUE DE LA)",,,Plein jour,En agglomération,Intersection en X,Normale,Deux véhicules - côté,,,,,,,,,,,1,2,2,1.0,3.0
201000033221,0010-07-30 03:50:00,10,7,30,3,50,440,55,"130, ONDINES ( AVENUE DE",,,Nuit avec éclairage allumé,En agglomération,Hors intersection,Normale,Deux véhicules - frontale,,,,,,,,,,,5,2,1,1.0,1.0
201000033222,0010-07-31 21:20:00,10,7,31,21,20,440,55,"40, CLEMENCEAU ( AVENUE",,,Crépuscule ou aube,En agglomération,Hors intersection,Normale,Autre collision,,,,,,,,,,,2,2,1,1.0,6.0
201000033223,0010-08-11 10:30:00,10,8,11,10,30,440,135,"03, LABÉGO ( BOULEVARD D",,,Plein jour,En agglomération,Hors intersection,Normale,Deux véhicules - côté,,,,,,,,,,,1,2,1,1.0,3.0
201000033224,0010-08-12 02:50:00,10,8,12,2,50,440,55,"467, SAINT ANDRE DES EAU",,,Nuit sans éclairage public,Hors agglomération,Hors intersection,Normale,Sans collision,,,,,,,,,,,3,1,1,1.0,7.0
201000033225,0010-08-18 18:50:00,10,8,18,18,50,440,132,"04, BLEUETS (AVENUE DES)",,,Plein jour,En agglomération,Intersection en T,Normale,Autre collision,,,,,,,,,,,1,2,3,1.0,6.0
201000033226,0010-08-20 09:44:00,10,8,20,9,44,440,55,"35, OCÉAN ( BOULEVARD DE",,,Plein jour,En agglomération,Hors intersection,Normale,Deux véhicules - arrière,,,,,,,,,,,1,2,1,1.0,2.0
201000033227,0010-08-21 17:40:00,10,8,21,17,40,440,132,"31, LITTORAL (AVENUE DU)",,,Plein jour,En agglomération,Intersection en T,Normale,Deux véhicules - frontale,,,,,,,,,,,1,2,3,1.0,1.0
201000033228,0010-08-25 16:15:00,10,8,25,16,15,440,55,PILIER ( AVENUE DU ),,,Plein jour,En agglomération,Intersection en Y,Pluie légère,Autre collision,,,,,,,,,,,1,2,4,2.0,6.0
201000033229,0010-08-27 19:35:00,10,8,27,19,35,440,55,"N.S., CHEVREL ( BOULEVAR",,,Plein jour,En agglomération,Hors intersection,Normale,Deux véhicules - frontale,,,,,,,,,,,1,2,1,1.0,1.0
201000033230,0010-08-31 15:50:00,10,8,31,15,50,440,55,"32, ANDRÉ ( ESPLANADE FR",,,Plein jour,En agglomération,Hors intersection,Normale,Deux véhicules - côté,,,,,,,,,,,1,2,1,1.0,3.0
201000033231,0010-09-08 12:30:00,10,9,8,12,30,440,55,"N.S., ROND POINT",,,Plein jour,En agglomération,Giratoire,Normale,Deux véhicules - côté,,,,,,,,,,,1,2,6,1.0,3.0
201000033232,0010-09-08 19:20:00,10,9,8,19,20,440,55,"NS, PLORMEL ( AVENUE DE",,,Plein jour,En agglomération,Intersection en X,Normale,Deux véhicules - côté,,,,,,,,,,,1,2,2,1.0,3.0
201000033233,0010-09-11 12:00:00,10,9,11,12,0,440,55,BENOIT ( ESPLANADE ),,,Plein jour,En agglomération,Hors intersection,Normale,Autre collision,,,,,,,,,,,1,2,1,1.0,6.0
201000033234,0010-09-11 22:20:00,10,9,11,22,20,440,55,"NS, VICTOIRE ( PLACE DE",,,Nuit avec éclairage allumé,En agglomération,Intersection en X,Normale,Deux véhicules - côté,,,,,,,,,,,5,2,2,1.0,3.0
201000033235,0010-09-12 11:20:00,10,9,12,11,20,440,55,CLOS COLIN ( ROND-POINT,,,Plein jour,En agglomération,Giratoire,Normale,Deux véhicules - côté,,,,,,,,,,,1,2,6,1.0,3.0
201000033236,0010-09-13 11:15:00,10,9,13,11,15,440,55,PALMIERS ( PLACE DES ),,,Plein jour,En agglomération,Hors intersection,Normale,Autre collision,,,,,,,,,,,1,2,1,1.0,6.0
201000033237,0010-09-14 08:52:00,10,9,14,8,52,440,55,"283, LATTRE DE TASSIGNY",,,Plein jour,En agglomération,Hors intersection,Normale,Autre collision,,,,,,,,,,,1,2,1,1.0,6.0
201000033238,0010-09-16 12:25:00,10,9,16,12,25,440,135,"22, OCÉAN ( AVENUE DE L'",,,Plein jour,En agglomération,Intersection en T,Normale,Deux véhicules - côté,,,,,,,,,,,1,2,3,1.0,3.0
201000033239,0010-09-16 16:00:00,10,9,16,16,0,440,135,LLANTWIT-MAJOR ( AVENUE,,,Plein jour,En agglomération,Hors intersection,Normale,Deux véhicules - côté,,,,,,,,,,,1,2,1,1.0,3.0
201000033240,0010-09-17 08:15:00,10,9,17,8,15,440,132,"95, SAINT SEBASTIEN (AVE",,,Plein jour,En agglomération,Hors intersection,Normale,Deux véhicules - arrière,,,,,,,,,,,1,2,1,1.0,2.0
201000033241,0010-09-18 18:45:00,10,9,18,18,45,440,55,BOIS D'AMOUR ( AVENUE DU,,,Plein jour,En agglomération,Hors intersection,Normale,Deux véhicules - arrière,,,,,,,,,,,1,2,1,1.0,2.0
201000033242,0010-09-18 13:12:00,10,9,18,13,12,440,55,RD 213,,,Plein jour,Hors agglomération,Hors intersection,Normale,Sans collision,,,,,,,,,,,1,1,1,1.0,7.0
201000033243,0010-09-19 08:50:00,10,9,19,8,50,440,55,"NS, PALMIERS ( PLACE DES",,,Plein jour,En agglomération,Giratoire,Normale,Autre collision,,,,,,,,,,,1,2,6,1.0,6.0
201000033244,0010-09-21 15:30:00,10,9,21,15,30,440,55,LILAS ( AVENUE DES ),,,Plein jour,En agglomération,Autre intersection,Normale,Deux véhicules - côté,,,,,,,,,,,1,2,9,1.0,3.0
201000033245,0010-09-21 18:45:00,10,9,21,18,45,440,55,"43bis, MERMOZ ( AVENUE J",,,Plein jour,En agglomération,Hors intersection,Temps éblouissant,Deux véhicules - côté,,,,,,,,,,,1,2,1,7.0,3.0
201000033246,0010-09-24 15:55:00,10,9,24,15,55,440,55,"25, DARLU ( BOULEVARD )",,,Plein jour,En agglomération,Intersection en T,Temps couvert,Deux véhicules - côté,,,,,,,,,,,1,2,3,8.0,3.0
201000033247,0010-10-05 22:00:00,10,10,5,22,0,440,55,RD 213,,,Nuit sans éclairage public,Hors agglomération,Hors intersection,Normale,Autre collision,,,,,,,,,,,3,1,1,1.0,6.0
201000033248,0010-10-14 07:55:00,10,10,14,7,55,440,132,SAINT NAZAIRE (BOULEVARD,,,Nuit sans éclairage public,Hors agglomération,Hors intersection,Normale,Deux véhicules - arrière,,,,,,,,,,,3,1,1,1.0,2.0
201000033249,0010-10-16 18:25:00,10,10,16,18,25,440,55,PASTEUR ( AVENUE LOUIS ),,,Plein jour,En agglomération,Intersection en X,Temps éblouissant,Deux véhicules - côté,,,,,,,,,,,1,2,2,7.0,3.0
201000033250,0010-11-04 08:35:00,10,11,4,8,35,440,55,"1, SOURCES ( ALLÉE DES )",,,Plein jour,En agglomération,Hors intersection,Normale,Deux véhicules - côté,,,,,,,,,,,1,2,1,1.0,3.0
201000033251,0010-11-12 22:20:00,10,11,12,22,20,440,132,"NS, GAULLE (AVENUE DU GÉ",,,Nuit avec éclairage allumé,En agglomération,Intersection en T,Normale,Deux véhicules - côté,,,,,,,,,,,5,2,3,1.0,3.0
201000033252,0010-11-14 23:50:00,10,11,14,23,50,440,55,"30, FORT ( BOULEVARD DE",,,Nuit avec éclairage allumé,En agglomération,Hors intersection,Temps couvert,Autre collision,,,,,,,,,,,5,2,1,8.0,6.0
201000033253,0010-11-27 14:05:00,10,11,27,14,5,440,55,"10, BERLIOZ ( AVENUE HEC",,,Plein jour,En agglomération,Intersection en T,Normale,Deux véhicules - arrière,,,,,,,,,,,1,2,3,1.0,2.0
201000033254,0010-12-03 15:15:00,10,12,3,15,15,440,132,"154, OCEANIDES (BOULEVAR",,,Plein jour,En agglomération,Hors intersection,Normale,Deux véhicules - côté,,,,,,,,,,,1,2,1,1.0,3.0
201000033255,0010-12-07 12:30:00,10,12,7,12,30,440,132,"21bis, BAULOIS (AVENUE D",,,Plein jour,En agglomération,Hors intersection,Pluie légère,Deux véhicules - arrière,,,,,,,,,,,1,2,1,2.0,2.0
201000033256,0010-12-09 20:10:00,10,12,9,20,10,440,132,"16, LITTORAL (AVENUE DU)",,,Nuit avec éclairage allumé,En agglomération,Hors intersection,Normale,Autre collision,,,,,,,,,,,5,2,1,1.0,6.0
201000033257,0010-12-14 17:15:00,10,12,14,17,15,440,55,"14, HENNECART ( BOULEVAR",,,Plein jour,En agglomération,Hors intersection,Normale,Autre collision,,,,,,,,,,,1,2,1,1.0,6.0
201000033258,0010-12-22 11:50:00,10,12,22,11,50,440,55,"NS, CHEVREL ( BOULEVARD",,,Plein jour,En agglomération,Giratoire,Normale,Deux véhicules - côté,,,,,,,,,,,1,2,6,1.0,3.0
201000033259,0010-12-28 18:35:00,10,12,28,18,35,440,132,"NS, LITTORAL (AVENUE DU)",,,Nuit avec éclairage allumé,En agglomération,Hors intersection,Normale,Autre collision,,,,,,,,,,,5,2,1,1.0,6.0
201000033260,0010-01-04 21:40:00,10,1,4,21,40,440,109,"00, ROUTE DE LA JONELIER",,,Nuit avec éclairage allumé,En agglomération,Hors intersection,Normale,Autre collision,,,,,,,,,,,5,2,1,1.0,6.0
201000033261,0010-02-03 09:30:00,10,2,3,9,30,440,109,"41, ROUTE DE VANNES",,,Plein jour,En agglomération,Hors intersection,Temps couvert,Deux véhicules - arrière,,,,,,,,,,,1,2,1,8.0,2.0
201000033262,0010-01-04 08:30:00,10,1,4,8,30,440,162,PERIPHERIQUE INTERIEUR,,,Plein jour,Hors agglomération,Hors intersection,Normale,Trois véhicules et plus - en chaîne,,,,,,,,,,,1,1,1,1.0,4.0
201000033263,0010-01-06 15:55:00,10,1,6,15,55,440,109,"Néant, BD MARTYRS N. DE",,,Plein jour,En agglomération,Hors intersection,Normale,Autre collision,,,,,,,,,,,1,2,1,1.0,6.0
201000033264,0010-01-06 15:50:00,10,1,6,15,50,440,109,"., IMPASSE JOSEPH MARIE",,,Plein jour,En agglomération,Hors intersection,Normale,Deux véhicules - côté,,,,,,,,,,,1,2,1,1.0,3.0
201000033265,0010-01-06 18:00:00,10,1,6,18,0,440,109,BOULEVARD JOSEPH BOURCY,,,Nuit sans éclairage public,En agglomération,Hors intersection,Pluie légère,Autre collision,,,,,,,,,,,3,2,1,2.0,6.0
201000033266,0010-01-07 16:45:00,10,1,7,16,45,440,109,BOULEVARD DU MASSACRE,,,Plein jour,En agglomération,Intersection en T,Normale,Autre collision,,,,,,,,,,,1,2,3,1.0,6.0
201000033267,0010-01-08 16:00:00,10,1,8,16,0,440,109,"14, RUE DU BALLET",,,Plein jour,En agglomération,Hors intersection,Normale,Deux véhicules - côté,,,,,,,,,,,1,2,1,1.0,3.0
201000033268,0010-01-18 12:15:00,10,1,18,12,15,440,109,RUE DANTON,,,Plein jour,En agglomération,Giratoire,Normale,Deux véhicules - côté,,,,,,,,,,,1,2,6,1.0,3.0
201000033269,0010-01-08 15:15:00,10,1,8,15,15,440,143,"1, AVENUE DE LA IVEME RE",,,Plein jour,En agglomération,Hors intersection,Normale,Autre collision,,,,,,,,,,,1,2,1,1.0,6.0
201000033270,0010-01-08 17:10:00,10,1,8,17,10,440,190,"20, RUE DE LA SAVARIERE",,,Plein jour,En agglomération,Hors intersection,Normale,Autre collision,,,,,,,,,,,1,2,1,1.0,6.0
201000033271,0010-01-14 08:30:00,10,1,14,8,30,440,109,"35, BOULEVARD GASTON SER",,,Crépuscule ou aube,Hors agglomération,Hors intersection,Pluie légère,Autre collision,,,,,,,,,,,2,1,1,2.0,6.0
201000033272,0010-01-06 17:50:00,10,1,6,17,50,440,109,"6, RUE DE LA MELINIERE",,,Crépuscule ou aube,En agglomération,Hors intersection,Neige / grêle,Autre collision,,,,,,,,,,,2,2,1,4.0,6.0
201000033273,0010-01-16 18:30:00,10,1,16,18,30,440,109,"1, RUE ESNOUL DES CHATEL",,,Nuit avec éclairage allumé,En agglomération,Hors intersection,Pluie légère,Autre collision,,,,,,,,,,,5,2,1,2.0,6.0
201000033274,0010-01-15 22:00:00,10,1,15,22,0,440,109,";, BOULEVARD DE SARREBRU",,,Nuit avec éclairage allumé,En agglomération,Hors intersection,Normale,Deux véhicules - frontale,,,,,,,,,,,5,2,1,1.0,1.0
201000033275,0010-01-16 21:55:00,10,1,16,21,55,440,109,"., QUAI DE LA FOSSE",,,Nuit avec éclairage allumé,Hors agglomération,Intersection en T,Temps couvert,Deux véhicules - côté,,,,,,,,,,,5,1,3,8.0,3.0
201000033276,0010-01-17 17:55:00,10,1,17,17,55,440,109,"10, BOULEVARD DES AMERIC",,,Crépuscule ou aube,En agglomération,Hors intersection,Normale,Autre collision,,,,,,,,,,,2,2,1,1.0,6.0
201000033277,0010-01-15 23:45:00,10,1,15,23,45,440,162,"1, RD 107",,,Nuit sans éclairage public,Hors agglomération,Hors intersection,Normale,Deux véhicules - côté,,,,,,,,,,,3,1,1,1.0,3.0
201000033278,0010-01-20 09:00:00,10,1,20,9,0,440,162,PERIPHERIQUE EXTERIEUR,,,Plein jour,Hors agglomération,Hors intersection,Brouillard / fumée,Trois véhicules et plus - en chaîne,,,,,,,,,,,1,1,1,5.0,4.0
201000033279,0010-01-20 15:45:00,10,1,20,15,45,440,162,"1, BOULEVARD WINSTON CHU",,,Plein jour,En agglomération,Intersection en X,Pluie légère,Deux véhicules - côté,,,,,,,,,,,1,2,2,2.0,3.0
201000033280,0010-01-20 10:00:00,10,1,20,10,0,440,26,PERIPHERIQUE EST,,,Plein jour,Hors agglomération,Hors intersection,Normale,Trois véhicules et plus - collisions multiples,,,,,,,,,,,1,1,1,1.0,5.0
201000033281,0010-01-21 16:23:00,10,1,21,16,23,440,190,"1, RUE DES GARENNES",,,Plein jour,En agglomération,Hors intersection,Normale,Autre collision,,,,,,,,,,,1,2,1,1.0,6.0
201000033282,0010-01-20 17:55:00,10,1,20,17,55,440,162,BOULEVARD SALVADOR ALLEN,,,Crépuscule ou aube,En agglomération,Hors intersection,Normale,Trois véhicules et plus - en chaîne,,,,,,,,,,,2,2,1,1.0,4.0
201000033283,0010-01-23 09:40:00,10,1,23,9,40,440,162,PERIPHERIQUE EXTERIEUR,,,Plein jour,Hors agglomération,Hors intersection,Pluie légère,Deux véhicules - arrière,,,,,,,,,,,1,1,1,2.0,2.0
201000033284,0010-01-23 22:35:00,10,1,23,22,35,440,109,"00, RUE PAUL BELLAMY",,,Nuit avec éclairage allumé,En agglomération,Giratoire,Autre,Deux véhicules - côté,,,,,,,,,,,5,2,6,9.0,3.0
201000033285,0010-01-25 14:25:00,10,1,25,14,25,440,162,"1, GIRATOIRE DE LA PORTE",,,Plein jour,Hors agglomération,Hors intersection,Pluie légère,Deux véhicules - arrière,,,,,,,,,,,1,1,1,2.0,2.0
201000033286,0010-01-21 14:30:00,10,1,21,14,30,440,162,"1, RUE DES MAGNOLIERS",,,Plein jour,En agglomération,Intersection en X,Normale,Deux véhicules - côté,,,,,,,,,,,1,2,2,1.0,3.0