accident_id,datetime,annee,mois,jour,heure,minute,departement,commune_insee,adresse,latitude,longitude,luminosite,agglomeration,intersection,meteo,collision,nb_vehicules,nb_usagers,nb_indemnes,nb_tues,nb_blesses_hosp,nb_blesses_legers,age_cond_1,age_cond_2,veh_type_cond_1,veh_type_cond_2,lum_code,agg_code,int_code,atm_code,col_code
201000034155,0010-12-30 15:15:00,10,12,30,15,15,470,27,"110, RD 236",,,Plein jour,En agglomération,Giratoire,Normale,Deux véhicules - côté,,,,,,,,,,,1,2,6,1.0,3.0
201000034156,0010-03-25 16:25:00,10,3,25,16,25,480,95,"2, BOURILLON (BOULEVARD",44.51616,3.4991,Plein jour,En agglomération,Hors intersection,Temps couvert,Autre collision,,,,,,,,,,,1,2,1,8.0,6.0
201000034157,0010-05-17 15:19:00,10,5,17,15,19,480,95,"04, BELLEVUE (RUE)",44.52331,3.508,Plein jour,En agglomération,Hors intersection,Normale,Autre collision,,,,,,,,,,,1,2,1,1.0,6.0
201000034158,0010-07-06 09:50:00,10,7,6,9,50,480,95,"0, CHALIER (RUE HUGONNET",,,Plein jour,En agglomération,Hors intersection,Normale,Autre collision,,,,,,,,,,,1,2,1,1.0,6.0
201000034159,0010-07-18 16:00:00,10,7,18,16,0,480,95,"0, TERRES BLEUES (RUE DE",,,Plein jour,En agglomération,Intersection en Y,Normale,Deux véhicules - côté,,,,,,,,,,,1,2,4,1.0,3.0
201000034160,0010-08-04 18:40:00,10,8,4,18,40,480,95,BRITEXTE (BOULEVARD),,,Plein jour,En agglomération,Hors intersection,Normale,Deux véhicules - arrière,,,,,,,,,,,1,2,1,1.0,2.0
201000034161,0010-09-13 16:10:00,10,9,13,16,10,480,95,"7, FONTANILLES (RUE DE)",44.52132,3.51525,Plein jour,En agglomération,Hors intersection,Normale,Sans collision,,,,,,,,,,,1,2,1,1.0,7.0
201000034162,0010-10-31 11:00:00,10,10,31,11,0,480,95,RD 50,44.54193,3.45752,Plein jour,Hors agglomération,Hors intersection,Pluie légère,Sans collision,,,,,,,,,,,1,1,1,2.0,7.0
201000034163,0010-01-03 22:30:00,10,1,3,22,30,490,7,"0, FREMUR",47.453,-0.56547,Nuit avec éclairage allumé,En agglomération,Intersection en X,Normale,Deux véhicules - côté,,,,,,,,,,,5,2,2,1.0,3.0
201000034164,0010-01-04 13:00:00,10,1,4,13,0,490,7,"0, GUICHARD",47.459,-0.54716,Plein jour,En agglomération,Intersection en X,Normale,Deux véhicules - côté,,,,,,,,,,,1,2,2,1.0,3.0
201000034165,0010-01-04 11:25:00,10,1,4,11,25,490,7,"0, PROUDHON",47.4624,-0.60262,Plein jour,En agglomération,Hors intersection,Normale,Sans collision,,,,,,,,,,,1,2,1,1.0,7.0
201000034166,0010-01-05 15:44:00,10,1,5,15,44,490,7,PETIT VERGER,47.4855,-0.52519,Plein jour,En agglomération,Hors intersection,Normale,Deux véhicules - arrière,,,,,,,,,,,1,2,1,1.0,2.0
201000034167,0010-01-05 20:25:00,10,1,5,20,25,490,267,"191, ANGERS ROUTE",47.4703,-0.51566,Nuit avec éclairage allumé,Hors agglomération,Hors intersection,Normale,Autre collision,,,,,,,,,,,5,1,1,1.0,6.0
201000034168,0010-01-09 15:50:00,10,1,9,15,50,490,7,"0, BAUMETTE PROMENADE",47.4541,-0.57724,Plein jour,En agglomération,Hors intersection,Normale,Sans collision,,,,,,,,,,,1,2,1,1.0,7.0
201000034169,0010-01-09 16:15:00,10,1,9,16,15,490,7,"0, GRAND MONTREJEAU",47.4687,-0.52753,Plein jour,En agglomération,Hors intersection,Normale,Autre collision,,,,,,,,,,,1,2,1,1.0,6.0
201000034170,0010-01-08 07:53:00,10,1,8,7,53,490,7,"0, ATLANTIQUE  AVENUE DE",47.4657,-0.56874,Crépuscule ou aube,En agglomération,Hors intersection,Normale,Trois véhicules et plus - collisions multiples,,,,,,,,,,,2,2,1,1.0,5.0
201000034171,0010-01-11 17:58:00,10,1,11,17,58,490,7,"0, ROI RENE BOULEVARD",47.4677,-0.55628,Plein jour,En agglomération,Hors intersection,Normale,Deux véhicules - arrière,,,,,,,,,,,1,2,1,1.0,2.0
201000034172,0010-01-12 16:25:00,10,1,12,16,25,490,353,DAUTEL BOULEVARD,,,Plein jour,En agglomération,Hors intersection,Neige / grêle,Autre collision,,,,,,,,,,,1,2,1,4.0,6.0
201000034173,0010-01-13 18:00:00,10,1,13,18,0,490,7,"0, LORRAINE PLACE",47.4702,-0.54696,Nuit avec éclairage allumé,En agglomération,Intersection en T,Pluie légère,Sans collision,,,,,,,,,,,5,2,3,2.0,7.0
201000034174,0010-01-12 08:52:00,10,1,12,8,52,490,7,"0, PLACE FRANÇOIS MITTER",47.4771,-0.55282,Plein jour,En agglomération,Intersection en X,Normale,Sans collision,,,,,,,,,,,1,2,2,1.0,7.0
201000034175,0010-01-12 19:25:00,10,1,12,19,25,490,246,"32, LAMARTINE",47.4362,-0.48687,Nuit avec éclairage allumé,En agglomération,Hors intersection,Autre,Sans collision,,,,,,,,,,,5,2,1,9.0,7.0
201000034176,0010-01-12 07:30:00,10,1,12,7,30,490,7,"0, BIRGE BOULEVARD",47.4714,-0.5191,Crépuscule ou aube,En agglomération,Intersection en T,Normale,Sans collision,,,,,,,,,,,2,2,3,1.0,7.0
201000034177,0010-01-14 16:50:00,10,1,14,16,50,490,7,"8, VERNE",47.4467,-0.56263,Plein jour,En agglomération,Hors intersection,Normale,Sans collision,,,,,,,,,,,1,2,1,1.0,7.0
201000034178,0010-01-13 19:20:00,10,1,13,19,20,490,7,"0, CARNOT",47.4745,-0.5468,Nuit avec éclairage allumé,En agglomération,Intersection en X,Normale,Deux véhicules - frontale,,,,,,,,,,,5,2,2,1.0,1.0
201000034179,0010-01-15 15:15:00,10,1,15,15,15,490,7,"0, BEAUSSIER BOULEVARD",47.4718,-0.59999,Plein jour,En agglomération,Intersection en X,Normale,Deux véhicules - côté,,,,,,,,,,,1,2,2,1.0,3.0
201000034180,0010-01-17 20:25:00,10,1,17,20,25,490,7,"0, RAMON BOULEVARD",47.4872,-0.54021,Crépuscule ou aube,En agglomération,Hors intersection,Normale,Sans collision,,,,,,,,,,,2,2,1,1.0,7.0
201000034181,0010-01-18 23:00:00,10,1,18,23,0,490,7,"0, CHAUVAT BOULEVARD",47.453,-0.56547,Nuit avec éclairage allumé,En agglomération,Intersection en X,Normale,Deux véhicules - côté,,,,,,,,,,,5,2,2,1.0,3.0
201000034182,0010-01-19 07:55:00,10,1,19,7,55,490,7,"0, CONTADES AVENUE",47.4636,-0.55395,Nuit avec éclairage allumé,En agglomération,Intersection en X,Normale,Sans collision,,,,,,,,,,,5,2,2,1.0,7.0
201000034183,0010-01-21 13:40:00,10,1,21,13,40,490,267,"0, CHAMPFLEUR",47.4769,-0.5071,Plein jour,En agglomération,Giratoire,Normale,Deux véhicules - côté,,,,,,,,,,,1,2,6,1.0,3.0
201000034184,0010-01-21 18:11:00,10,1,21,18,11,490,7,"0, ACADEMIE PLACE",47.468,-0.55906,Nuit avec éclairage allumé,En agglomération,Hors intersection,Normale,Sans collision,,,,,,,,,,,5,2,1,1.0,7.0
201000034185,0010-01-21 15:08:00,10,1,21,15,8,490,267,"0, RD 347",47.473,-0.464,Plein jour,Hors agglomération,Hors intersection,Normale,Sans collision,,,,,,,,,,,1,1,1,1.0,7.0
201000034186,0010-01-25 08:58:00,10,1,25,8,58,490,7,"0, ATLANTIQUE  AVENUE DE",47.4694,-0.5978,Plein jour,En agglomération,Hors intersection,Normale,Deux véhicules - côté,,,,,,,,,,,1,2,1,1.0,3.0
201000034187,0010-01-27 20:00:00,10,1,27,20,0,490,7,"0, HAUT PRESSOIR PASSAGE",47.4532,-0.53822,Nuit avec éclairage allumé,En agglomération,Intersection en T,Normale,Deux véhicules - arrière,,,,,,,,,,,5,2,3,1.0,2.0
201000034188,0010-01-26 17:40:00,10,1,26,17,40,490,7,"0, BICHON PLACE",47.4782,-0.56508,Plein jour,En agglomération,Hors intersection,Normale,Deux véhicules - arrière,,,,,,,,,,,1,2,1,1.0,2.0
201000034189,0010-01-29 17:00:00,10,1,29,17,0,490,246,"3, PASTEUR",47.4194,-0.52349,Crépuscule ou aube,En agglomération,Hors intersection,Pluie légère,Autre collision,,,,,,,,,,,2,2,1,2.0,6.0
201000034190,0010-01-30 13:00:00,10,1,30,13,0,490,7,"35,226, VOIE DES BERGES",47.4775,-0.5539,Plein jour,En agglomération,Hors intersection,Normale,Deux véhicules - arrière,,,,,,,,,,,1,2,1,1.0,2.0
201000034191,0010-01-31 18:36:00,10,1,31,18,36,490,7,DAVIERS BOULEVARD,47.4794,-0.55881,Nuit avec éclairage allumé,En agglomération,Place,Normale,Sans collision,,,,,,,,,,,5,2,7,1.0,7.0
201000034192,0010-02-04 06:50:00,10,2,4,6,50,490,7,"0, MOULIN BOULEVARD",47.4923,-0.55314,Plein jour,En agglomération,Hors intersection,Normale,Sans collision,,,,,,,,,,,1,2,1,1.0,7.0
201000034193,0010-02-03 19:21:00,10,2,3,19,21,490,7,"106, SAINT JACQUES",47.4738,-0.5757,Nuit avec éclairage allumé,En agglomération,Hors intersection,Normale,Sans collision,,,,,,,,,,,5,2,1,1.0,7.0
201000034194,0010-02-02 16:58:00,10,2,2,16,58,490,7,"0, BEAUREPAIRE",47.4745,-0.56049,Plein jour,En agglomération,Hors intersection,Normale,Autre collision,,,,,,,,,,,1,2,1,1.0,6.0
201000034195,0010-01-31 01:55:00,10,1,31,1,55,490,7,"0, ROI RENE BOULEVARD",47.4686,-0.55864,Nuit avec éclairage allumé,En agglomération,Giratoire,Normale,Trois véhicules et plus - collisions multiples,,,,,,,,,,,5,2,6,1.0,5.0
201000034196,0010-02-06 07:34:00,10,2,6,7,34,490,246,"0, A87N",47.419,-0.50507,Crépuscule ou aube,Hors agglomération,Hors intersection,Pluie légère,Sans collision,,,,,,,,,,,2,1,1,2.0,7.0
201000034197,0010-02-02 18:25:00,10,2,2,18,25,490,7,"51, FOCH BOULEVARD",47.467,-0.55227,Crépuscule ou aube,En agglomération,Hors intersection,Temps couvert,Autre collision,,,,,,,,,,,2,2,1,8.0,6.0
201000034198,0010-02-09 07:59:00,10,2,9,7,59,490,7,"0, ATLANTIQUE  AVENUE DE",47.4695,-0.59514,Crépuscule ou aube,En agglomération,Hors intersection,Normale,Deux véhicules - arrière,,,,,,,,,,,2,2,1,1.0,2.0
201000034199,0010-02-09 10:48:00,10,2,9,10,48,490,7,"24, ANJOU",47.4657,-0.55608,Plein jour,En agglomération,Hors intersection,Normale,Sans collision,,,,,,,,,,,1,2,1,1.0,7.0
201000034200,0010-02-09 14:25:00,10,2,9,14,25,490,7,"0, MARCEAU",47.4672,-0.55913,Plein jour,En agglomération,Hors intersection,Normale,Sans collision,,,,,,,,,,,1,2,1,1.0,7.0
201000034201,0010-02-09 20:27:00,10,2,9,20,27,490,7,"117, LIZE",47.4887,-0.56999,Nuit avec éclairage allumé,En agglomération,Hors intersection,Temps couvert,Autre collision,,,,,,,,,,,5,2,1,8.0,6.0
201000034202,0010-02-10 17:05:00,10,2,10,17,5,490,7,"47, GUITTON",47.4734,-0.54634,Plein jour,En agglomération,Hors intersection,Normale,Deux véhicules - côté,,,,,,,,,,,1,2,1,1.0,3.0
201000034203,0010-02-10 18:06:00,10,2,10,18,6,490,7,"0, SAINTE CROIX PLACE",47.4702,-0.55393,Plein jour,En agglomération,Intersection en Y,Normale,Sans collision,,,,,,,,,,,1,2,4,1.0,7.0
201000034204,0010-02-11 18:10:00,10,2,11,18,10,490,246,"0, A87N",47.4421,-0.51264,Crépuscule ou aube,Hors agglomération,Hors intersection,Normale,Sans collision,,,,,,,,,,,2,1,1,1.0,7.0
201000034205,0010-02-14 16:13:00,10,2,14,16,13,490,353,"0, CAMUS",47.4518,-0.50776,Plein jour,En agglomération,Intersection en X,Normale,Deux véhicules - côté,,,,,,,,,,,1,2,2,1.0,3.0
201000034206,0010-02-12 14:30:00,10,2,12,14,30,490,353,"0, SEMARD",47.448,-0.46263,Plein jour,En agglomération,Hors intersection,Normale,Sans collision,,,,,,,,,,,1,2,1,1.0,7.0
201000034207,0010-02-17 18:56:00,10,2,17,18,56,490,7,"0, BRESSIGNY",47.4653,-0.54532,Nuit sans éclairage public,En agglomération,Intersection en X,Normale,Deux véhicules - frontale,,,,,,,,,,,3,2,2,1.0,1.0
201000034208,0010-02-16 18:20:00,10,2,16,18,20,490,246,"0, GALLIENI AVENUE",47.4344,-0.52645,Crépuscule ou aube,En agglomération,Intersection en X,Normale,Deux véhicules - côté,,,,,,,,,,,2,2,2,1.0,3.0
201000034209,0010-02-18 08:10:00,10,2,18,8,10,490,353,ROUTE D'ANDARD-PR APPROX,47.4455,-0.46943,Plein jour,Hors agglomération,Hors intersection,Normale,Deux véhicules - côté,,,,,,,,,,,1,1,1,1.0,3.0
201000034210,0010-02-19 08:17:00,10,2,19,8,17,490,353,"0, CURIE PIERRE ET MARIE",47.4559,-0.50173,Plein jour,En agglomération,Hors intersection,Normale,Trois véhicules et plus - collisions multiples,,,,,,,,,,,1,2,1,1.0,5.0
201000034211,0010-02-18 07:30:00,10,2,18,7,30,490,267,"0, CRESSONNIERE",47.4731,-0.49321,Crépuscule ou aube,En agglomération,Hors intersection,Normale,Autre collision,,,,,,,,,,,2,2,1,1.0,6.0
201000034212,0010-02-19 10:27:00,10,2,19,10,27,490,7,"0, BESSONEAU",47.4714,-0.54692,Plein jour,En agglomération,Hors intersection,Normale,Deux véhicules - arrière,,,,,,,,,,,1,2,1,1.0,2.0
201000034213,0010-02-20 23:55:00,10,2,20,23,55,490,7,"0, RN 260",47.4462,-0.51934,Nuit avec éclairage allumé,En agglomération,Hors intersection,Normale,Autre collision,,,,,,,,,,,5,2,1,1.0,6.0
201000034214,0010-02-21 19:00:00,10,2,21,19,0,490,267,"0, JAUDETTE",47.4667,-0.49093,Nuit avec éclairage allumé,En agglomération,Intersection en X,Normale,Deux véhicules - frontale,,,,,,,,,,,5,2,2,1.0,1.0
201000034215,0010-02-23 04:43:00,10,2,23,4,43,490,7,"20, BESNADIERE",47.4785,-0.54554,Nuit avec éclairage allumé,En agglomération,Hors intersection,Temps couvert,Autre collision,,,,,,,,,,,5,2,1,8.0,6.0
201000034216,0010-02-23 16:04:00,10,2,23,16,4,490,7,"0, ATLANTIQUE  AVENUE DE",47.4647,-0.57476,Plein jour,En agglomération,Hors intersection,Pluie légère,Autre collision,,,,,,,,,,,1,2,1,2.0,6.0
201000034217,0010-02-24 16:05:00,10,2,24,16,5,490,7,"0, ARENES",47.468,-0.54885,Plein jour,En agglomération,Hors intersection,Normale,Deux véhicules - côté,,,,,,,,,,,1,2,1,1.0,3.0
201000034218,0010-02-27 15:15:00,10,2,27,15,15,490,7,"0, DUNANT BOULEVARD",47.4834,-0.52675,Plein jour,En agglomération,Intersection en X,Normale,Deux véhicules - côté,,,,,,,,,,,1,2,2,1.0,3.0
201000034219,0010-02-27 13:17:00,10,2,27,13,17,490,7,"0, BELLE BEILLE",47.4696,-0.60203,Plein jour,En agglomération,Hors intersection,Normale,Sans collision,,,,,,,,,,,1,2,1,1.0,7.0
201000034220,0010-02-26 11:10:00,10,2,26,11,10,490,7,"0, LECOMBRE",47.4637,-0.51954,Plein jour,En agglomération,Intersection en X,Normale,Deux véhicules - arrière,,,,,,,,,,,1,2,2,1.0,2.0
201000034221,0010-03-02 08:40:00,10,3,2,8,40,490,7,"0, ONZE NOVEMBRE 1918 AV",47.4704,-0.54735,Plein jour,En agglomération,Hors intersection,Normale,Deux véhicules - frontale,,,,,,,,,,,1,2,1,1.0,1.0
201000034222,0010-03-02 19:54:00,10,3,2,19,54,490,15,"0, SCHWEITZER RUE ALBERT",47.501,-0.58876,Nuit avec éclairage allumé,En agglomération,Intersection en X,Normale,Deux véhicules - côté,,,,,,,,,,,5,2,2,1.0,3.0
201000034223,0010-03-05 17:29:00,10,3,5,17,29,490,7,"36, BATAILLE",47.4559,-0.55548,Plein jour,En agglomération,Hors intersection,Normale,Deux véhicules - frontale,,,,,,,,,,,1,2,1,1.0,1.0
201000034224,0010-03-07 01:30:00,10,3,7,1,30,490,246,"0, A87N",47.4422,-0.51269,Nuit avec éclairage allumé,Hors agglomération,Hors intersection,Normale,Deux véhicules - arrière,,,,,,,,,,,5,1,1,1.0,2.0
201000034225,0010-03-09 18:59:00,10,3,9,18,59,490,7,"0, BEAUREPAIRE",47.4744,-0.56024,Nuit avec éclairage allumé,En agglomération,Intersection en X,Normale,Deux véhicules - côté,,,,,,,,,,,5,2,2,1.0,3.0
201000034226,0010-03-11 08:40:00,10,3,11,8,40,490,246,A87N,47.4472,-0.5152,Plein jour,Hors agglomération,Hors intersection,Normale,Deux véhicules - arrière,,,,,,,,,,,1,1,1,1.0,2.0
201000034227,0010-03-12 18:04:00,10,3,12,18,4,490,7,"0, PORT",47.466,-0.54359,Plein jour,En agglomération,Intersection en Y,Normale,Deux véhicules - arrière,,,,,,,,,,,1,2,4,1.0,2.0
201000034228,0010-03-13 01:24:00,10,3,13,1,24,490,7,"0, CARNOT",47.4746,-0.5469,Nuit avec éclairage non allumé,En agglomération,Intersection en X,Normale,Autre collision,,,,,,,,,,,4,2,2,1.0,6.0
201000034229,0010-03-12 18:20:00,10,3,12,18,20,490,7,"0, JOXE AVENUE",47.4823,-0.54282,Plein jour,En agglomération,Intersection en X,Normale,Deux véhicules - côté,,,,,,,,,,,1,2,2,1.0,3.0
201000034230,0010-03-15 07:37:00,10,3,15,7,37,490,7,"0, COUBERTIN BOULEVARD",47.4633,-0.53208,Plein jour,En agglomération,Hors intersection,Normale,Sans collision,,,,,,,,,,,1,2,1,1.0,7.0
201000034231,0010-03-15 07:59:00,10,3,15,7,59,490,246,"15, CHAUVIN AVENUE",47.4327,-0.53258,Plein jour,En agglomération,Hors intersection,Normale,Deux véhicules - côté,,,,,,,,,,,1,2,1,1.0,3.0
201000034232,0010-03-16 20:01:00,10,3,16,20,1,490,7,LARREY,47.481,-0.5542,Plein jour,En agglomération,Hors intersection,Normale,Deux véhicules - côté,,,,,,,,,,,1,2,1,1.0,3.0
201000034233,0010-03-16 18:13:00,10,3,16,18,13,490,267,"87, A87N",47.4717,-0.5096,Plein jour,Hors agglomération,Hors intersection,Normale,Trois véhicules et plus - collisions multiples,,,,,,,,,,,1,1,1,1.0,5.0
201000034234,0010-03-18 07:53:00,10,3,18,7,53,490,246,"0, GALLIENI AVENUE",47.4348,-0.52476,Plein jour,En agglomération,Hors intersection,Normale,Sans collision,,,,,,,,,,,1,2,1,1.0,7.0
201000034235,0010-03-20 09:40:00,10,3,20,9,40,490,7,BARANGE BOULEVARD,47.4587,-0.57312,Nuit avec éclairage allumé,Hors agglomération,Hors intersection,Normale,Autre collision,,,,,,,,,,,5,1,1,1.0,6.0
201000034236,0010-03-21 06:10:00,10,3,21,6,10,490,246,PETIT POUILLE CHEMIN ET,47.4318,-0.5321,Crépuscule ou aube,En agglomération,Hors intersection,Normale,Autre collision,,,,,,,,,,,2,2,1,1.0,6.0
201000034237,0010-03-21 17:25:00,10,3,21,17,25,490,7,TROIS PAROISSES CHEMIN,47.442,-0.5391,Plein jour,En agglomération,Hors intersection,Normale,Autre collision,,,,,,,,,,,1,2,1,1.0,6.0
201000034238,0010-03-19 16:50:00,10,3,19,16,50,490,7,MONPLAISIR BOULEVARD,47.4906,-0.52633,Plein jour,En agglomération,Hors intersection,Pluie légère,Deux véhicules - côté,,,,,,,,,,,1,2,1,2.0,3.0
201000034239,0010-03-19 09:26:00,10,3,19,9,26,490,7,CAMUS BOULEVARD,47.4844,-0.57592,Plein jour,En agglomération,Hors intersection,Normale,Deux véhicules - arrière,,,,,,,,,,,1,2,1,1.0,2.0
201000034240,0010-03-19 15:16:00,10,3,19,15,16,490,7,VOLNEY,47.4648,-0.54909,Plein jour,En agglomération,Giratoire,Pluie légère,Deux véhicules - côté,,,,,,,,,,,1,2,6,2.0,3.0
201000034241,0010-03-20 19:24:00,10,3,20,19,24,490,7,CHALOUERE,47.4801,-0.54004,Crépuscule ou aube,En agglomération,Hors intersection,Pluie légère,Deux véhicules - côté,,,,,,,,,,,2,2,1,2.0,3.0
201000034242,0010-03-22 16:59:00,10,3,22,16,59,490,7,"0, LECOMBRE",47.4625,-0.51976,Plein jour,En agglomération,Hors intersection,Normale,Deux véhicules - côté,,,,,,,,,,,1,2,1,1.0,3.0
201000034243,0010-03-24 19:33:00,10,3,24,19,33,490,246,"39, PASTEUR",47.4148,-0.52314,Nuit avec éclairage allumé,En agglomération,Intersection en Y,Pluie légère,Deux véhicules - côté,,,,,,,,,,,5,2,4,2.0,3.0
201000034244,0010-03-24 17:27:00,10,3,24,17,27,490,246,"0, PONT DUMNACUS LIEU DI",47.4213,-0.52362,Plein jour,En agglomération,Hors intersection,Pluie légère,Deux véhicules - arrière,,,,,,,,,,,1,2,1,2.0,2.0
201000034245,0010-03-23 19:26:00,10,3,23,19,26,490,7,"0, RONCERAY BOULEVARD",47.4751,-0.55924,Nuit avec éclairage allumé,En agglomération,Intersection en X,Normale,Sans collision,,,,,,,,,,,5,2,2,1.0,7.0
201000034246,0010-03-23 10:40:00,10,3,23,10,40,490,246,"17, HUGO VICTOR RUE",47.4322,-0.5289,Plein jour,En agglomération,Hors intersection,Normale,Sans collision,,,,,,,,,,,1,2,1,1.0,7.0
201000034247,0010-03-26 00:15:00,10,3,26,0,15,490,353,"120, PASTEUR",47.4456,-0.46875,Nuit avec éclairage allumé,En agglomération,Hors intersection,Normale,Sans collision,,,,,,,,,,,5,2,1,1.0,7.0
201000034248,0010-03-25 09:00:00,10,3,25,9,0,490,7,"0, ATLANTIQUE  AVENUE DE",47.4646,-0.57411,Plein jour,Hors agglomération,Hors intersection,Normale,Trois véhicules et plus - en chaîne,,,,,,,,,,,1,1,1,1.0,4.0
201000034249,0010-03-27 09:00:00,10,3,27,9,0,490,7,"0, CHALOUERE",47.4791,-0.5425,Plein jour,En agglomération,Hors intersection,Normale,Sans collision,,,,,,,,,,,1,2,1,1.0,7.0
201000034250,0010-03-26 17:45:00,10,3,26,17,45,490,7,"0, DE LATTRE DE TASSIGNY",47.454,-0.54192,Plein jour,En agglomération,Hors intersection,Normale,Trois véhicules et plus - en chaîne,,,,,,,,,,,1,2,1,1.0,4.0
201000034251,0010-03-26 17:30:00,10,3,26,17,30,490,246,A87N,47.4346,-0.50844,Plein jour,Hors agglomération,Hors intersection,Normale,Trois véhicules et plus - en chaîne,,,,,,,,,,,1,1,1,1.0,4.0
201000034252,0010-03-26 16:45:00,10,3,26,16,45,490,7,"19, SAINT LEONARD",47.4647,-0.54099,Plein jour,En agglomération,Hors intersection,Normale,Deux véhicules - arrière,,,,,,,,,,,1,2,1,1.0,2.0
201000034253,0010-03-26 08:13:00,10,3,26,8,13,490,15,"0, RD 122",47.4949,-0.60338,Plein jour,En agglomération,Intersection en Y,Normale,Trois véhicules et plus - collisions multiples,,,,,,,,,,,1,2,4,1.0,5.0
201000034254,0010-04-02 23:44:00,10,4,2,23,44,490,7,RABELAIS,47.4613,-0.54672,Nuit avec éclairage allumé,En agglomération,Hors intersection,Pluie légère,Deux véhicules - côté,,,,,,,,,,,5,2,1,2.0,3.0
201000034255,0010-04-02 07:28:00,10,4,2,7,28,490,7,CANTENAY EPINARD ROUTE,47.5031,-0.5668,Crépuscule ou aube,En agglomération,Hors intersection,Normale,Deux véhicules - côté,,,,,,,,,,,2,2,1,1.0,3.0
201000034256,0010-04-03 17:27:00,10,4,3,17,27,490,7,"0, BRIOLLAY ROUTE",47.4873,-0.53223,Plein jour,En agglomération,Intersection en T,Normale,Deux véhicules - côté,,,,,,,,,,,1,2,3,1.0,3.0
201000034257,0010-04-05 05:50:00,10,4,5,5,50,490,267,"2, CHANTERIE",47.4736,-0.49575,Crépuscule ou aube,Hors agglomération,Hors intersection,Normale,Autre collision,,,,,,,,,,,2,1,1,1.0,6.0
201000034258,0010-04-06 14:00:00,10,4,6,14,0,490,7,"0, MILLOT BOULEVARD JACQ",47.4576,-0.53308,Plein jour,En agglomération,Intersection en X,Normale,Deux véhicules - arrière,,,,,,,,,,,1,2,2,1.0,2.0
201000034259,0010-04-07 17:40:00,10,4,7,17,40,490,7,"0, BAUMETTE PROMENADE",47.454,-0.57776,Plein jour,En agglomération,Hors intersection,Normale,Deux véhicules - arrière,,,,,,,,,,,1,2,1,1.0,2.0
201000034260,0010-04-07 16:45:00,10,4,7,16,45,490,246,"0, MAISONS ROUGES CHEMIN",47.4371,-0.51443,Plein jour,En agglomération,Giratoire,Normale,Deux véhicules - arrière,,,,,,,,,,,1,2,6,1.0,2.0
201000034261,0010-04-07 08:50:00,10,4,7,8,50,490,7,"82, CHAUMIN BOULEVARD",47.4503,-0.55525,Plein jour,En agglomération,Hors intersection,Normale,Deux véhicules - arrière,,,,,,,,,,,1,2,1,1.0,2.0
201000034262,0010-04-08 17:00:00,10,4,8,17,0,490,267,"31, TAILLANDERIE",47.4694,-0.49916,Plein jour,En agglomération,Hors intersection,Normale,Deux véhicules - côté,,,,,,,,,,,1,2,1,1.0,3.0
201000034263,0010-04-10 20:45:00,10,4,10,20,45,490,7,DAGUENET,47.4747,-0.52917,Nuit avec éclairage allumé,En agglomération,Intersection en X,Normale,Deux véhicules - côté,,,,,,,,,,,5,2,2,1.0,3.0
201000034264,0010-04-09 12:50:00,10,4,9,12,50,490,7,"20, DEUX CROIX BOULEVARD",47.477,-0.52825,Plein jour,En agglomération,Hors intersection,Normale,Autre collision,,,,,,,,,,,1,2,1,1.0,6.0
201000034265,0010-04-04 18:23:00,10,4,4,18,23,490,7,"2,  LAFAYETTE PLACE",47.4627,-0.55453,Plein jour,En agglomération,Hors intersection,Normale,Autre collision,,,,,,,,,,,1,2,1,1.0,6.0
201000034266,0010-04-05 12:05:00,10,4,5,12,5,490,7,"76, PLANTAGENET",47.4711,-0.55342,Plein jour,En agglomération,Hors intersection,Normale,Sans collision,,,,,,,,,,,1,2,1,1.0,7.0
201000034267,0010-04-12 23:37:00,10,4,12,23,37,490,7,"12, BARRA PASSAGE ET RUE",47.4866,-0.56347,Nuit avec éclairage allumé,En agglomération,Intersection en X,Normale,Deux véhicules - côté,,,,,,,,,,,5,2,2,1.0,3.0
201000034268,0010-04-15 03:45:00,10,4,15,3,45,490,7,"12, DAGUENET",47.4749,-0.52417,Nuit avec éclairage allumé,En agglomération,Hors intersection,Normale,Deux véhicules - frontale,,,,,,,,,,,5,2,1,1.0,1.0
201000034269,0010-04-14 17:44:00,10,4,14,17,44,490,267,"20, MALMOUCHE RUE ET CHE",47.4693,-0.51881,Plein jour,Hors agglomération,Hors intersection,Normale,Autre collision,,,,,,,,,,,1,1,1,1.0,6.0
201000034270,0010-04-16 12:20:00,10,4,16,12,20,490,7,"86, PASTEUR AVENUE",,,Plein jour,En agglomération,Hors intersection,Normale,Deux véhicules - côté,,,,,,,,,,,1,2,1,1.0,3.0
201000034271,0010-04-16 17:15:00,10,4,16,17,15,490,267,"0, GESLIN",47.4793,-0.51414,Plein jour,En agglomération,Intersection en T,Normale,Deux véhicules - frontale,,,,,,,,,,,1,2,3,1.0,1.0
201000034272,0010-04-19 18:37:00,10,4,19,18,37,490,7,"0, COUBERTIN BOULEVARD",47.4606,-0.53265,Plein jour,En agglomération,Intersection en T,Normale,Deux véhicules - côté,,,,,,,,,,,1,2,3,1.0,3.0
201000034273,0010-04-19 12:00:00,10,4,19,12,0,490,7,VOIE DES BERGES,47.4689,-0.56477,Plein jour,En agglomération,Hors intersection,Normale,Deux véhicules - arrière,,,,,,,,,,,1,2,1,1.0,2.0
201000034274,0010-04-20 17:40:00,10,4,20,17,40,490,7,"188, SAUMUROISE IMPASSE",47.4536,-0.52666,Plein jour,En agglomération,Hors intersection,Normale,Deux véhicules - arrière,,,,,,,,,,,1,2,1,1.0,2.0
201000034275,0010-04-20 19:22:00,10,4,20,19,22,490,246,"65, GLARDIERE CHEMIN",47.4445,-0.51666,Plein jour,En agglomération,Hors intersection,Normale,Sans collision,,,,,,,,,,,1,2,1,1.0,7.0