accident_id,datetime,annee,mois,jour,heure,minute,departement,commune_insee,adresse,latitude,longitude,luminosite,agglomeration,intersection,meteo,collision,nb_vehicules,nb_usagers,nb_indemnes,nb_tues,nb_blesses_hosp,nb_blesses_legers,age_cond_1,age_cond_2,veh_type_cond_1,veh_type_cond_2,lum_code,agg_code,int_code,atm_code,col_code
201000035241,0010-04-17 17:05:00,10,4,17,17,5,520,121,RD 65 A,48.1167,5.12098,Plein jour,Hors agglomération,Hors intersection,Normale,Autre collision,,,,,,,,,,,1,1,1,1.0,6.0
201000035242,0010-05-04 17:10:00,10,5,4,17,10,520,125,"0, LYCEE (RUE DU)",48.1051,5.17075,Plein jour,Hors agglomération,Hors intersection,Normale,Sans collision,,,,,,,,,,,1,1,1,1.0,7.0
201000035243,0010-05-25 09:30:00,10,5,25,9,30,520,121,"0, MARECHAL JUIN (BOULEV",48.0993,5.15331,Plein jour,En agglomération,Intersection en X,Normale,Deux véhicules - côté,,,,,,,,,,,1,2,2,1.0,3.0
201000035244,0010-06-07 16:00:00,10,6,7,16,0,520,121,"02, FARADAY (RUE)",48.0918,5.13889,Plein jour,En agglomération,Hors intersection,Normale,Autre collision,,,,,,,,,,,1,2,1,1.0,6.0
201000035245,0010-06-07 18:17:00,10,6,7,18,17,520,121,"0, 21EME RIC (RUE DU)",48.1101,5.1362,Plein jour,En agglomération,Hors intersection,Normale,Autre collision,,,,,,,,,,,1,2,1,1.0,6.0
201000035246,0010-06-10 16:35:00,10,6,10,16,35,520,121,"0, RD 619",,,Plein jour,En agglomération,Intersection en T,Pluie légère,Deux véhicules - côté,,,,,,,,,,,1,2,3,2.0,3.0
201000035247,0010-06-13 09:50:00,10,6,13,9,50,520,121,"0, ROBESPIERRE (RUE)",,,Plein jour,En agglomération,Intersection en X,Normale,Deux véhicules - côté,,,,,,,,,,,1,2,2,1.0,3.0
201000035248,0010-07-15 10:20:00,10,7,15,10,20,520,121,2 RUE DE BROTTES,48.082,5.12787,Plein jour,En agglomération,Hors intersection,Normale,Deux véhicules - côté,,,,,,,,,,,1,2,1,1.0,3.0
201000035249,0010-07-22 16:20:00,10,7,22,16,20,520,121,"1, TREFOUSSE (RUE JULES)",48.1098,5.14107,Plein jour,En agglomération,Intersection en T,Normale,Autre collision,,,,,,,,,,,1,2,3,1.0,6.0
201000035250,0010-07-24 16:25:00,10,7,24,16,25,520,121,"1, 21EME R.I. (RUE DU)",48.111,5.13525,Plein jour,En agglomération,Giratoire,Normale,Autre collision,,,,,,,,,,,1,2,6,1.0,6.0
201000035251,0010-09-07 12:06:00,10,9,7,12,6,520,121,"7, CAMUS (RUE ALBERT)",48.0985,5.15244,Plein jour,En agglomération,Hors intersection,Normale,Autre collision,,,,,,,,,,,1,2,1,1.0,6.0
201000035252,0010-09-10 16:30:00,10,9,10,16,30,520,121,RD 674,48.1297,5.19415,Plein jour,Hors agglomération,Intersection en T,Normale,Deux véhicules - côté,,,,,,,,,,,1,1,3,1.0,3.0
201000035253,0010-10-02 14:39:00,10,10,2,14,39,520,121,0  ROBESPIERRE (PASSAGE),48.1049,5.12903,Plein jour,En agglomération,Hors intersection,Normale,Autre collision,,,,,,,,,,,1,2,1,1.0,6.0
201000035254,0010-10-23 02:40:00,10,10,23,2,40,520,121,RD  619,48.1202,5.1303,Nuit avec éclairage allumé,Hors agglomération,Hors intersection,Normale,Autre collision,,,,,,,,,,,5,1,1,1.0,6.0
201000035255,0010-12-01 17:30:00,10,12,1,17,30,520,121,RN 67,48.1318,5.10816,Nuit sans éclairage public,Hors agglomération,Hors intersection,Normale,Sans collision,,,,,,,,,,,3,1,1,1.0,7.0
201000035256,0010-03-04 16:40:00,10,3,4,16,40,520,448,"N07, ENTREVAN (BOULEVARD",48.6418,4.97827,Plein jour,En agglomération,Hors intersection,Normale,Sans collision,,,,,,,,,,,1,2,1,1.0,7.0
201000035257,0010-03-18 15:25:00,10,3,18,15,25,520,45,"83, MOUGEOT (RUE DENIS)",48.6513,4.97381,Plein jour,En agglomération,Hors intersection,Normale,Deux véhicules - côté,,,,,,,,,,,1,2,1,1.0,3.0
201000035258,0010-04-01 11:45:00,10,4,1,11,45,520,448,"50, LATTRE DE TASSIGNY (",48.6369,4.9507,Plein jour,En agglomération,Hors intersection,Pluie légère,Autre collision,,,,,,,,,,,1,2,1,2.0,6.0
201000035259,0010-04-13 14:00:00,10,4,13,14,0,520,448,"19, DUNANT (BOULEVARD HE",48.6447,4.96927,Plein jour,En agglomération,Hors intersection,Normale,Sans collision,,,,,,,,,,,1,2,1,1.0,7.0
201000035260,0010-04-16 08:00:00,10,4,16,8,0,520,448,"4, TAMBOURINE (RUE DE LA",48.6443,4.94045,Plein jour,En agglomération,Hors intersection,Normale,Sans collision,,,,,,,,,,,1,2,1,1.0,7.0
201000035261,0010-05-26 18:05:00,10,5,26,18,5,520,45,"1, BAR LE DUC (ROUTE DE)",48.6508,4.96093,Plein jour,En agglomération,Hors intersection,Normale,Sans collision,,,,,,,,,,,1,2,1,1.0,7.0
201000035262,0010-06-05 08:25:00,10,6,5,8,25,520,448,"42, GAULLE (PLACE DU GEN",48.6366,4.9557,Plein jour,En agglomération,Giratoire,Normale,Deux véhicules - côté,,,,,,,,,,,1,2,6,1.0,3.0
201000035263,0010-06-05 14:25:00,10,6,5,14,25,520,448,"29, SARRAIL (AVENUE DU G",48.6448,4.95377,Plein jour,En agglomération,Hors intersection,Normale,Deux véhicules - côté,,,,,,,,,,,1,2,1,1.0,3.0
201000035264,0010-06-05 16:30:00,10,6,5,16,30,520,448,"1, DUNANT (BOULEVARD HEN",48.6437,4.97286,Plein jour,En agglomération,Hors intersection,Normale,Autre collision,,,,,,,,,,,1,2,1,1.0,6.0
201000035265,0010-06-09 10:35:00,10,6,9,10,35,520,448,"1, HUGO (AVENUE VICTOR)",48.6387,4.9598,Plein jour,En agglomération,Hors intersection,Normale,Autre collision,,,,,,,,,,,1,2,1,1.0,6.0
201000035266,0010-06-12 11:00:00,10,6,12,11,0,520,448,"94, MUSSET (RUE ALFRED D",48.6349,4.92003,Plein jour,En agglomération,Hors intersection,Normale,Deux véhicules - côté,,,,,,,,,,,1,2,1,1.0,3.0
201000035267,0010-06-15 17:15:00,10,6,15,17,15,520,448,"10, HUGO (AVENUE VICTOR)",48.6376,4.95739,Plein jour,En agglomération,Hors intersection,Normale,Autre collision,,,,,,,,,,,1,2,1,1.0,6.0
201000035268,0010-06-20 01:25:00,10,6,20,1,25,520,448,"1, BASCH (RUE VICTOR)",48.6186,4.92421,Nuit avec éclairage allumé,En agglomération,Autre intersection,Normale,Deux véhicules - côté,,,,,,,,,,,5,2,9,1.0,3.0
201000035269,0010-06-24 12:20:00,10,6,24,12,20,520,448,"20, BEREGOVOY (AVENUE PI",48.6297,4.98761,Plein jour,En agglomération,Hors intersection,Normale,Deux véhicules - arrière,,,,,,,,,,,1,2,1,1.0,2.0
201000035270,0010-06-30 18:00:00,10,6,30,18,0,520,448,"1, LOUBERT (AVENUE DE)",48.6476,4.96266,Plein jour,En agglomération,Hors intersection,Normale,Autre collision,,,,,,,,,,,1,2,1,1.0,6.0
201000035271,0010-07-11 11:25:00,10,7,11,11,25,520,534,SAINT DIZIER (ROUTE DE),48.6601,4.90837,Plein jour,Hors agglomération,Hors intersection,Normale,Deux véhicules - côté,,,,,,,,,,,1,1,1,1.0,3.0
201000035272,0010-07-23 19:25:00,10,7,23,19,25,520,448,"30, LAMARTINE (RUE)",48.6406,4.95309,Plein jour,En agglomération,Hors intersection,Pluie forte,Autre collision,,,,,,,,,,,1,2,1,3.0,6.0
201000035273,0010-08-13 14:55:00,10,8,13,14,55,520,448,"01, BLUM (RUE LEON)",48.6445,4.96472,Plein jour,En agglomération,Hors intersection,Normale,Deux véhicules - frontale,,,,,,,,,,,1,2,1,1.0,1.0
201000035274,0010-09-18 16:20:00,10,9,18,16,20,520,448,"20, JAURES (RUE JEAN) PA",48.6364,4.94275,Plein jour,En agglomération,Hors intersection,Normale,Autre collision,,,,,,,,,,,1,2,1,1.0,6.0
201000035275,0010-10-09 17:50:00,10,10,9,17,50,520,448,"15, FRACHON (AVENUE BENO",48.644,4.9599,Plein jour,En agglomération,Hors intersection,Normale,Autre collision,,,,,,,,,,,1,2,1,1.0,6.0
201000035276,0010-10-14 11:45:00,10,10,14,11,45,520,448,2 MICHEL (ALLEE LOUISE),48.6457,4.96735,Plein jour,En agglomération,Hors intersection,Normale,Autre collision,,,,,,,,,,,1,2,1,1.0,6.0
201000035277,0010-10-23 16:15:00,10,10,23,16,15,520,448,"16, ALLENDE (BOULEVARD S",48.6452,4.97253,Plein jour,En agglomération,Hors intersection,Temps couvert,Deux véhicules - frontale,,,,,,,,,,,1,2,1,8.0,1.0
201000035278,0010-11-17 17:50:00,10,11,17,17,50,520,448,24/26 TIMBAUD (AVENUE J,48.6247,4.97143,Crépuscule ou aube,En agglomération,Intersection en X,Normale,Deux véhicules - frontale,,,,,,,,,,,2,2,2,1.0,1.0
201000035279,0010-12-05 07:10:00,10,12,5,7,10,520,448,"58, SALENGRO (AVENUE ROG",48.6414,4.91639,Nuit avec éclairage allumé,En agglomération,Hors intersection,Autre,Sans collision,,,,,,,,,,,5,2,1,9.0,7.0
201000035280,0010-12-18 14:12:00,10,12,18,14,12,520,448,"25, CLEFMONTS (RUE DES)",48.6343,4.97756,Plein jour,En agglomération,Hors intersection,Autre,Deux véhicules - côté,,,,,,,,,,,1,2,1,9.0,3.0
201000035281,0010-12-24 17:10:00,10,12,24,17,10,520,448,27 JOINVILLE (ROUTE DE),48.6275,4.96879,Nuit avec éclairage allumé,En agglomération,Hors intersection,Neige / grêle,Deux véhicules - côté,,,,,,,,,,,5,2,1,4.0,3.0
201000035282,0010-02-02 10:10:00,10,2,2,10,10,530,130,RD 112,,,Plein jour,Hors agglomération,Hors intersection,Normale,Sans collision,,,,,,,,,,,1,1,1,1.0,7.0
201000035283,0010-02-17 14:00:00,10,2,17,14,0,530,34,"SANS, PREFET ( CHEMIN DU",,,Plein jour,Hors agglomération,Hors intersection,Normale,Deux véhicules - frontale,,,,,,,,,,,1,1,1,1.0,1.0
201000035284,0010-02-25 10:50:00,10,2,25,10,50,530,130,"76, DE GAULLE ( RUE DU G",,,Plein jour,En agglomération,Hors intersection,Pluie forte,Autre collision,,,,,,,,,,,1,2,1,3.0,6.0
201000035285,0010-03-08 13:10:00,10,3,8,13,10,530,130,"SANS, PILLERIE ( RUE DE",,,Plein jour,En agglomération,Intersection en T,Normale,Sans collision,,,,,,,,,,,1,2,3,1.0,7.0
201000035286,0010-03-17 18:25:00,10,3,17,18,25,530,130,HUISSERIE ( ROUTE DE L',,,Plein jour,Hors agglomération,Intersection en X,Normale,Deux véhicules - côté,,,,,,,,,,,1,1,2,1.0,3.0
201000035287,0010-03-30 18:40:00,10,3,30,18,40,530,130,"29, KELLERMANN ( BOULEVA",,,Plein jour,En agglomération,Hors intersection,Normale,Sans collision,,,,,,,,,,,1,2,1,1.0,7.0
201000035288,0010-04-02 09:20:00,10,4,2,9,20,530,130,TOURS ( ROUTE DE ),,,Plein jour,Hors agglomération,Intersection en X,Temps couvert,Deux véhicules - côté,,,,,,,,,,,1,1,2,8.0,3.0
201000035289,0010-04-02 15:20:00,10,4,2,15,20,530,130,"0, SOUCHU SERVINIERE ( R",,,Plein jour,En agglomération,Hors intersection,Normale,Autre collision,,,,,,,,,,,1,2,1,1.0,6.0
201000035290,0010-04-04 11:10:00,10,4,4,11,10,530,130,"279, BRETAGNE ( AVENUE D",,,Plein jour,En agglomération,Hors intersection,Normale,Autre collision,,,,,,,,,,,1,2,1,1.0,6.0
201000035291,0010-04-13 18:00:00,10,4,13,18,0,530,130,"SANS, BRETAGNE ( RUE DE",,,Plein jour,En agglomération,Hors intersection,Normale,Deux véhicules - arrière,,,,,,,,,,,1,2,1,1.0,2.0
201000035292,0010-05-10 08:40:00,10,5,10,8,40,530,130,"SANS, PARIS ( RUE DE )",,,Plein jour,En agglomération,Intersection en T,Pluie légère,Autre collision,,,,,,,,,,,1,2,3,2.0,6.0
201000035293,0010-05-21 19:10:00,10,5,21,19,10,530,130,"SANS, RN 162",,,Plein jour,Hors agglomération,Hors intersection,Normale,Deux véhicules - côté,,,,,,,,,,,1,1,1,1.0,3.0
201000035294,0010-06-13 18:50:00,10,6,13,18,50,530,54,RD 31 VERS LAVAL,,,Plein jour,Hors agglomération,Hors intersection,Normale,Deux véhicules - frontale,,,,,,,,,,,1,1,1,1.0,1.0
201000035295,0010-06-10 09:00:00,10,6,10,9,0,530,130,"SANS, BOZEES ( CHEMIN DE",,,Plein jour,Hors agglomération,Hors intersection,Pluie légère,Autre collision,,,,,,,,,,,1,1,1,2.0,6.0
201000035296,0010-07-09 21:00:00,10,7,9,21,0,530,130,"sans, COUBERTIN ( AVENUE",,,Plein jour,En agglomération,Hors intersection,Normale,Autre collision,,,,,,,,,,,1,2,1,1.0,6.0
201000035297,0010-07-31 19:05:00,10,7,31,19,5,530,54,"SANS, EINSTEIN ( RUE ALB",,,Plein jour,En agglomération,Hors intersection,Normale,Deux véhicules - arrière,,,,,,,,,,,1,2,1,1.0,2.0
201000035298,0010-08-04 17:50:00,10,8,4,17,50,530,54,"0, MATEI ( RUE CONSTANTI",,,Plein jour,En agglomération,Intersection en X,Normale,Deux véhicules - côté,,,,,,,,,,,1,2,2,1.0,3.0
201000035299,0010-08-31 18:00:00,10,8,31,18,0,530,201,"12, LIBERATION ( AVENUE",,,Plein jour,En agglomération,Hors intersection,Normale,Autre collision,,,,,,,,,,,1,2,1,1.0,6.0
201000035300,0010-10-08 18:50:00,10,10,8,18,50,530,130,"91, COUBERTIN ( AVENUE P",,,Plein jour,En agglomération,Hors intersection,Normale,Deux véhicules - côté,,,,,,,,,,,1,2,1,1.0,3.0
201000035301,0010-10-27 14:55:00,10,10,27,14,55,530,130,FOCH ( SQUARE ),,,Plein jour,En agglomération,Hors intersection,Normale,Autre collision,,,,,,,,,,,1,2,1,1.0,6.0
201000035302,0010-11-10 20:00:00,10,11,10,20,0,530,130,"202, TOURS ( AVENUE DE )",,,Nuit avec éclairage allumé,En agglomération,Hors intersection,Normale,Sans collision,,,,,,,,,,,5,2,1,1.0,7.0
201000035303,0010-12-11 04:40:00,10,12,11,4,40,530,54,"0, RD 254",,,Nuit sans éclairage public,Hors agglomération,Hors intersection,Normale,Sans collision,,,,,,,,,,,3,1,1,1.0,7.0
201000035304,0010-12-24 08:45:00,10,12,24,8,45,530,130,TRAPPISTINES ( BOULEVARD,,,Crépuscule ou aube,En agglomération,Hors intersection,Pluie légère,Autre collision,,,,,,,,,,,2,2,1,2.0,6.0
201000035305,0010-03-10 18:00:00,10,3,10,18,0,540,280,"150, COMMERCE (RUE DU)",,,Nuit avec éclairage allumé,En agglomération,Intersection en T,Normale,Deux véhicules - côté,,,,,,,,,,,5,2,3,1.0,3.0
201000035306,0010-05-07 11:06:00,10,5,7,11,6,540,99,146 (RD),49.2643,5.92457,Plein jour,Hors agglomération,Hors intersection,Temps couvert,Deux véhicules - frontale,,,,,,,,,,,1,1,1,8.0,1.0
201000035307,0010-04-26 09:53:00,10,4,26,9,53,540,263,"1, JEAN MOULIN (RUE)",,,Plein jour,En agglomération,Hors intersection,Normale,Sans collision,,,,,,,,,,,1,2,1,1.0,7.0
201000035308,0010-06-04 20:58:00,10,6,4,20,58,540,280,RUE DE FRANCHEPRE,,,Plein jour,En agglomération,Hors intersection,Normale,Deux véhicules - côté,,,,,,,,,,,1,2,1,1.0,3.0
201000035309,0010-06-14 15:45:00,10,6,14,15,45,540,341,,,,Plein jour,En agglomération,Hors intersection,Normale,Deux véhicules - côté,,,,,,,,,,,1,2,1,1.0,3.0
201000035310,0010-06-14 17:30:00,10,6,14,17,30,540,280,RUE FRANCHEPRE/GARE,49.2275,6.01697,Plein jour,En agglomération,Intersection en T,Normale,Deux véhicules - côté,,,,,,,,,,,1,2,3,1.0,3.0
201000035311,0010-07-25 02:20:00,10,7,25,2,20,540,99,RUE GAMBETTA,,,Nuit avec éclairage allumé,En agglomération,Hors intersection,Normale,Sans collision,,,,,,,,,,,5,2,1,1.0,7.0
201000035312,0010-08-06 23:21:00,10,8,6,23,21,540,99,"1, EUROPE (RUE DE L')",,,Nuit avec éclairage allumé,En agglomération,Hors intersection,Normale,Deux véhicules - frontale,,,,,,,,,,,5,2,1,1.0,1.0
201000035313,0010-10-07 20:15:00,10,10,7,20,15,540,263,"14, COLONEL FABIEN (RUE",,,Nuit avec éclairage allumé,En agglomération,Hors intersection,Normale,Sans collision,,,,,,,,,,,5,2,1,1.0,7.0
201000035314,0010-10-29 18:55:00,10,10,29,18,55,540,263,COMMUNE DE PARIS (RUE DE,,,Nuit avec éclairage allumé,En agglomération,Hors intersection,Normale,Deux véhicules - frontale,,,,,,,,,,,5,2,1,1.0,1.0
201000035315,0010-11-16 19:00:00,10,11,16,19,0,540,263,"69, REPUBLIQUE (AVENUE D",,,Nuit avec éclairage allumé,En agglomération,Hors intersection,Temps couvert,Deux véhicules - côté,,,,,,,,,,,5,2,1,8.0,3.0
201000035316,0010-01-29 16:40:00,10,1,29,16,40,540,253,DEPARTEMENTALE 613,,,Plein jour,Hors agglomération,Intersection en T,Neige / grêle,Deux véhicules - côté,,,,,,,,,,,1,1,3,4.0,3.0
201000035317,0010-02-13 09:45:00,10,2,13,9,45,540,542,BEL AIR (RUE DE),,,Plein jour,En agglomération,Intersection en T,Autre,Deux véhicules - côté,,,,,,,,,,,1,2,3,9.0,3.0
201000035318,0010-02-26 10:45:00,10,2,26,10,45,540,51,DEPARTEMENTALE 13,49.1681,5.95889,Plein jour,Hors agglomération,Hors intersection,Pluie forte,Deux véhicules - frontale,,,,,,,,,,,1,1,1,3.0,1.0
201000035319,0010-10-19 08:09:00,10,10,19,8,9,540,273,"35, PATTON (AVENUE)",,,Crépuscule ou aube,En agglomération,Hors intersection,Pluie légère,Autre collision,,,,,,,,,,,2,2,1,2.0,6.0
201000035320,0010-10-23 12:50:00,10,10,23,12,50,540,273,PATTON (AVENUE),,,Plein jour,En agglomération,Intersection en T,Normale,Deux véhicules - côté,,,,,,,,,,,1,2,3,1.0,3.0
201000035321,0010-11-04 17:00:00,10,11,4,17,0,540,273,"2, TUILERIE (RUE DE LA)",,,Plein jour,En agglomération,Hors intersection,Normale,Autre collision,,,,,,,,,,,1,2,1,1.0,6.0
201000035322,0010-11-25 11:50:00,10,11,25,11,50,540,542,DEPARTEMENTALE 613,,,Plein jour,Hors agglomération,Intersection en T,Normale,Trois véhicules et plus - collisions multiples,,,,,,,,,,,1,1,3,1.0,5.0
201000035323,0010-04-13 18:45:00,10,4,13,18,45,540,159,"74, ROSIERES (AVENUE DE)",48.6077,6.35231,Plein jour,En agglomération,Intersection en X,Normale,Deux véhicules - côté,,,,,,,,,,,1,2,2,1.0,3.0
201000035324,0010-04-28 21:00:00,10,4,28,21,0,540,159,"25, CHAMPS FLEURY (RUE D",,,Plein jour,En agglomération,Intersection en T,Normale,Deux véhicules - côté,,,,,,,,,,,1,2,3,1.0,3.0
201000035325,0010-06-25 15:10:00,10,6,25,15,10,540,549,"1, PERI (RUE GABRIEL)",,,Plein jour,En agglomération,Intersection en T,Normale,Deux véhicules - côté,,,,,,,,,,,1,2,3,1.0,3.0
201000035326,0010-09-01 13:35:00,10,9,1,13,35,540,159,DÉPARTEMENTALE 400,,,Plein jour,Hors agglomération,Hors intersection,Normale,Sans collision,,,,,,,,,,,1,1,1,1.0,7.0
201000035327,0010-10-22 17:00:00,10,10,22,17,0,540,159,"56, BLAINVILLE (RUE DE)",,,Plein jour,En agglomération,Intersection en T,Normale,Trois véhicules et plus - collisions multiples,,,,,,,,,,,1,2,3,1.0,5.0
201000035328,0010-11-27 15:10:00,10,11,27,15,10,540,323,"26, LEGENDRE (RUE)",,,Plein jour,En agglomération,Hors intersection,Normale,Autre collision,,,,,,,,,,,1,2,1,1.0,6.0
201000035329,0010-04-11 12:55:00,10,4,11,12,55,540,323,"1, EUROPE (RUE DE L')",,,Plein jour,En agglomération,Hors intersection,Pluie légère,Deux véhicules - frontale,,,,,,,,,,,1,2,1,2.0,1.0
201000035330,0010-04-10 18:00:00,10,4,10,18,0,540,382,EUROPE (AVENUE DE L'),,,Plein jour,En agglomération,Hors intersection,Normale,Deux véhicules - arrière,,,,,,,,,,,1,2,1,1.0,2.0
201000035331,0010-04-19 21:00:00,10,4,19,21,0,540,382,GARE (AVENUE DE LA),,,Crépuscule ou aube,En agglomération,Hors intersection,Normale,Sans collision,,,,,,,,,,,2,2,1,1.0,7.0
201000035332,0010-04-02 14:30:00,10,4,2,14,30,540,323,"18, MERCY (RUE)",,,Plein jour,En agglomération,Hors intersection,Normale,Autre collision,,,,,,,,,,,1,2,1,1.0,6.0
201000035333,0010-07-14 10:10:00,10,7,14,10,10,540,382,FORET (RUE DE LA),,,Plein jour,En agglomération,Intersection en X,Normale,Deux véhicules - côté,,,,,,,,,,,1,2,2,1.0,3.0
201000035334,0010-07-22 20:45:00,10,7,22,20,45,540,323,"1, RAYMOND POINCARE (AVE",,,Crépuscule ou aube,En agglomération,Hors intersection,Normale,Deux véhicules - côté,,,,,,,,,,,2,2,1,1.0,3.0
201000035335,0010-07-23 13:45:00,10,7,23,13,45,540,367,VOIE RAPIDE (R.N. 52),49.5033,5.78907,Plein jour,Hors agglomération,Hors intersection,Pluie forte,Deux véhicules - frontale,,,,,,,,,,,1,1,1,3.0,1.0
201000035336,0010-08-18 10:40:00,10,8,18,10,40,540,323,METZ (RUE DE),,,Plein jour,En agglomération,Hors intersection,Normale,Autre collision,,,,,,,,,,,1,2,1,1.0,6.0
201000035337,0010-10-11 18:10:00,10,10,11,18,10,540,323,"132, METZ (RUE DE)",,,Crépuscule ou aube,En agglomération,Hors intersection,Normale,Autre collision,,,,,,,,,,,2,2,1,1.0,6.0
201000035338,0010-09-11 05:00:00,10,9,11,5,0,540,451,GALE AU DRY (RUE DE LA),49.4994,5.75547,Nuit avec éclairage allumé,En agglomération,Hors intersection,Normale,Sans collision,,,,,,,,,,,5,2,1,1.0,7.0
201000035339,0010-10-07 09:55:00,10,10,7,9,55,540,382,EUROPE (AVENUE DE L'),,,Plein jour,En agglomération,Giratoire,Normale,Sans collision,,,,,,,,,,,1,2,6,1.0,7.0
201000035340,0010-09-26 18:15:00,10,9,26,18,15,540,493,"49, GRAND RUE",,,Crépuscule ou aube,En agglomération,Hors intersection,Normale,Autre collision,,,,,,,,,,,2,2,1,1.0,6.0
201000035341,0010-12-14 09:00:00,10,12,14,9,0,540,382,LONGWY (ROUTE DE),,,Plein jour,En agglomération,Hors intersection,Normale,Autre collision,,,,,,,,,,,1,2,1,1.0,6.0
201000035342,0010-01-28 17:00:00,10,1,28,17,0,540,329,"0, AVENUE DU GENERAL DE",,,Crépuscule ou aube,En agglomération,Intersection en T,Normale,Deux véhicules - côté,,,,,,,,,,,2,2,3,1.0,3.0
201000035343,0010-03-12 05:50:00,10,3,12,5,50,540,329,"0, AVENUE DU 30° GROUPE",,,Nuit avec éclairage allumé,En agglomération,Intersection en T,Brouillard / fumée,Deux véhicules - frontale,,,,,,,,,,,5,2,3,5.0,1.0
201000035344,0010-06-20 18:00:00,10,6,20,18,0,540,116,"1, RUE JEAN MERMOZ",,,Plein jour,En agglomération,Intersection en T,Temps couvert,Deux véhicules - côté,,,,,,,,,,,1,2,3,8.0,3.0
201000035345,0010-07-06 16:30:00,10,7,6,16,30,540,329,RUE DE LA TOUR BLANCHE,,,Plein jour,En agglomération,Giratoire,Normale,Deux véhicules - côté,,,,,,,,,,,1,2,6,1.0,3.0
201000035346,0010-09-17 12:44:00,10,9,17,12,44,540,329,"50, AVENUE VOLTAIRE",48.5921,6.50969,Plein jour,En agglomération,Hors intersection,Normale,Deux véhicules - frontale,,,,,,,,,,,1,2,1,1.0,1.0
201000035347,0010-09-16 14:20:00,10,9,16,14,20,540,329,"6, RUE DES JONQUILLES",,,Plein jour,En agglomération,Hors intersection,Normale,Deux véhicules - frontale,,,,,,,,,,,1,2,1,1.0,1.0
201000035348,0010-10-01 15:07:00,10,10,1,15,7,540,329,1 RUE DE LA POLOGNE,,,Plein jour,En agglomération,Hors intersection,Normale,Deux véhicules - frontale,,,,,,,,,,,1,2,1,1.0,1.0
201000035349,0010-11-06 18:50:00,10,11,6,18,50,540,329,RUE CHANZY,,,Nuit avec éclairage allumé,En agglomération,Hors intersection,Pluie forte,Autre collision,,,,,,,,,,,5,2,1,3.0,6.0
201000035350,0010-01-02 10:45:00,10,1,2,10,45,540,395,"34, SAINT NICOLAS (RUE R",,,Plein jour,En agglomération,Intersection en X,Temps éblouissant,Autre collision,,,,,,,,,,,1,2,2,7.0,6.0
201000035351,0010-01-02 23:40:00,10,1,2,23,40,540,395,"1, MOTHE (RUE DE LA)",,,Nuit avec éclairage allumé,En agglomération,Hors intersection,Pluie légère,Deux véhicules - côté,,,,,,,,,,,5,2,1,2.0,3.0
201000035352,0010-01-04 02:00:00,10,1,4,2,0,540,395,"274, BOUFFLERS (AV. DE 7",,,Nuit avec éclairage allumé,En agglomération,Hors intersection,Normale,Autre collision,,,,,,,,,,,5,2,1,1.0,6.0
201000035353,0010-01-04 07:00:00,10,1,4,7,0,540,395,"325, LIBERATION (AVENUE",,,Nuit avec éclairage allumé,Hors agglomération,Hors intersection,Normale,Deux véhicules - frontale,,,,,,,,,,,5,1,1,1.0,1.0
201000035354,0010-01-04 08:10:00,10,1,4,8,10,540,339,"1, GRANDE ALLEE",,,Plein jour,En agglomération,Intersection en T,Normale,Autre collision,,,,,,,,,,,1,2,3,1.0,6.0
201000035355,0010-01-04 14:10:00,10,1,4,14,10,540,526,"1, MILLENAIRE (BOULEVARD",,,Plein jour,En agglomération,Hors intersection,Normale,Deux véhicules - arrière,,,,,,,,,,,1,2,1,1.0,2.0
201000035356,0010-01-04 18:40:00,10,1,4,18,40,540,304,"174, BOUFFLERS (AV DE 33",,,Nuit avec éclairage allumé,En agglomération,Hors intersection,Normale,Deux véhicules - frontale,,,,,,,,,,,5,2,1,1.0,1.0
201000035357,0010-01-05 07:40:00,10,1,5,7,40,540,357,"1, DE GAULLE (AVENUE DU",,,Nuit sans éclairage public,Hors agglomération,Intersection en X,Neige / grêle,Deux véhicules - côté,,,,,,,,,,,3,1,2,4.0,3.0
201000035358,0010-01-05 08:30:00,10,1,5,8,30,540,395,CHARLES V (BOULEVARD),,,Plein jour,En agglomération,Intersection en T,Normale,Deux véhicules - côté,,,,,,,,,,,1,2,3,1.0,3.0
201000035359,0010-01-05 12:50:00,10,1,5,12,50,540,357,"15, SEILLE (RUE DE LA)",,,Plein jour,En agglomération,Intersection en Y,Normale,Deux véhicules - côté,,,,,,,,,,,1,2,4,1.0,3.0
201000035360,0010-01-05 13:55:00,10,1,5,13,55,540,395,"72, KELLER (RUE CHARLES)",,,Plein jour,En agglomération,Hors intersection,Normale,Autre collision,,,,,,,,,,,1,2,1,1.0,6.0
201000035361,0010-01-05 18:40:00,10,1,5,18,40,540,328,"1, RD 570",,,Nuit sans éclairage public,Hors agglomération,Hors intersection,Autre,Deux véhicules - côté,,,,,,,,,,,3,1,1,9.0,3.0
201000035362,0010-01-05 19:10:00,10,1,5,19,10,540,578,"1, FORET DE HAYE (AVENUE",,,Nuit avec éclairage allumé,Hors agglomération,Hors intersection,Normale,Deux véhicules - arrière,,,,,,,,,,,5,1,1,1.0,2.0
201000035363,0010-01-06 08:30:00,10,1,6,8,30,540,547,"1, MALINES (RUE DE)",,,Plein jour,En agglomération,Intersection en T,Normale,Deux véhicules - arrière,,,,,,,,,,,1,2,3,1.0,2.0
201000035364,0010-01-07 15:20:00,10,1,7,15,20,540,395,"0, LOBAU (BOULEVARD)",,,Plein jour,En agglomération,Hors intersection,Normale,Autre collision,,,,,,,,,,,1,2,1,1.0,6.0