accident_id,datetime,annee,mois,jour,heure,minute,departement,commune_insee,adresse,latitude,longitude,luminosite,agglomeration,intersection,meteo,collision,nb_vehicules,nb_usagers,nb_indemnes,nb_tues,nb_blesses_hosp,nb_blesses_legers,age_cond_1,age_cond_2,veh_type_cond_1,veh_type_cond_2,lum_code,agg_code,int_code,atm_code,col_code
201000035617,0010-08-28 21:00:00,10,8,28,21,0,540,395,"1, NABECOR (RUE DE)",,,Crépuscule ou aube,En agglomération,Intersection en X,Normale,Deux véhicules - côté,,,,,,,,,,,2,2,2,1.0,3.0
201000035618,0010-08-30 14:15:00,10,8,30,14,15,540,547,VELODROME (CARREFOUR DU),,,Plein jour,En agglomération,Hors intersection,Normale,Autre collision,,,,,,,,,,,1,2,1,1.0,6.0
201000035619,0010-08-30 12:37:00,10,8,30,12,37,540,395,"1, SENN (RUE DU RECTEUR)",,,Plein jour,En agglomération,Intersection en X,Normale,Deux véhicules - côté,,,,,,,,,,,1,2,2,1.0,3.0
201000035620,0010-08-30 20:45:00,10,8,30,20,45,540,357,"90, METZ (ROUTE DE)",,,Nuit avec éclairage allumé,En agglomération,Hors intersection,Pluie légère,Deux véhicules - frontale,,,,,,,,,,,5,2,1,2.0,1.0
201000035621,0010-08-31 15:30:00,10,8,31,15,30,540,395,"0, TOMBLAINE (RUE DE)",,,Plein jour,En agglomération,Hors intersection,Normale,Deux véhicules - arrière,,,,,,,,,,,1,2,1,1.0,2.0
201000035622,0010-08-31 15:35:00,10,8,31,15,35,540,495,"1, LORRAINE (RUE DE)",,,Plein jour,En agglomération,Intersection en X,Normale,Deux véhicules - côté,,,,,,,,,,,1,2,2,1.0,3.0
201000035623,0010-08-31 17:00:00,10,8,31,17,0,540,395,"3, ARC (RUE JEANNE D' N°",,,Plein jour,En agglomération,Intersection en X,Normale,Autre collision,,,,,,,,,,,1,2,2,1.0,6.0
201000035624,0010-09-01 16:55:00,10,9,1,16,55,540,395,"47, BERTIN (RUE EMILE)",,,Plein jour,En agglomération,Hors intersection,Temps éblouissant,Deux véhicules - arrière,,,,,,,,,,,1,2,1,7.0,2.0
201000035625,0010-09-01 19:05:00,10,9,1,19,5,540,328,"1, GARE (RUE DE LA)",,,Plein jour,En agglomération,Intersection en X,Normale,Autre collision,,,,,,,,,,,1,2,2,1.0,6.0
201000035626,0010-09-01 19:45:00,10,9,1,19,45,540,357,"8, METZ (ROUTE DE)",,,Crépuscule ou aube,En agglomération,Intersection en X,Normale,Deux véhicules - frontale,,,,,,,,,,,2,2,2,1.0,1.0
201000035627,0010-09-03 14:15:00,10,9,3,14,15,540,395,"0, SAINT JULIEN (RUE)",,,Plein jour,En agglomération,Hors intersection,Normale,Autre collision,,,,,,,,,,,1,2,1,1.0,6.0
201000035628,0010-09-02 13:50:00,10,9,2,13,50,540,184,"137, FOCH (AVENUE)",,,Plein jour,En agglomération,Hors intersection,Normale,Deux véhicules - frontale,,,,,,,,,,,1,2,1,1.0,1.0
201000035629,0010-09-02 14:45:00,10,9,2,14,45,540,304,BOIS GRONEE (AVENUE DU),,,Plein jour,Hors agglomération,Hors intersection,Normale,Sans collision,,,,,,,,,,,1,1,1,1.0,7.0
201000035630,0010-09-03 18:30:00,10,9,3,18,30,540,395,"2, JARDINIERS (RUE DES N",,,Plein jour,En agglomération,Autre intersection,Normale,Autre collision,,,,,,,,,,,1,2,9,1.0,6.0
201000035631,0010-09-04 09:55:00,10,9,4,9,55,540,526,"0, JAURES (BOULEVARD JEA",,,Plein jour,En agglomération,Hors intersection,Normale,Sans collision,,,,,,,,,,,1,2,1,1.0,7.0
201000035632,0010-09-04 14:30:00,10,9,4,14,30,540,395,"1, MON DESERT (RUE)",,,Plein jour,En agglomération,Intersection en T,Normale,Deux véhicules - arrière,,,,,,,,,,,1,2,3,1.0,2.0
201000035633,0010-09-05 16:50:00,10,9,5,16,50,540,395,", STRASBOURG (AVENUE DE)",,,Plein jour,En agglomération,Intersection en T,Normale,Deux véhicules - frontale,,,,,,,,,,,1,2,3,1.0,1.0
201000035634,0010-09-06 09:10:00,10,9,6,9,10,540,395,"48, CLEMENCEAU (BD GEORG",,,Plein jour,En agglomération,Hors intersection,Normale,Trois véhicules et plus - en chaîne,,,,,,,,,,,1,2,1,1.0,4.0
201000035635,0010-09-06 09:45:00,10,9,6,9,45,540,395,"0, LIBERATION (AVENUE DE",,,Plein jour,En agglomération,Hors intersection,Normale,Autre collision,,,,,,,,,,,1,2,1,1.0,6.0
201000035636,0010-09-06 12:10:00,10,9,6,12,10,540,395,"15, MOLITOR (RUE)",,,Plein jour,En agglomération,Hors intersection,Normale,Deux véhicules - arrière,,,,,,,,,,,1,2,1,1.0,2.0
201000035637,0010-09-07 18:20:00,10,9,7,18,20,540,395,LEOPOLD (COURS),,,Plein jour,En agglomération,Hors intersection,Pluie forte,Autre collision,,,,,,,,,,,1,2,1,3.0,6.0
201000035638,0010-09-07 18:38:00,10,9,7,18,38,540,547,"91, LECLERC (AV. DU GENE",,,Plein jour,En agglomération,Hors intersection,Pluie légère,Sans collision,,,,,,,,,,,1,2,1,2.0,7.0
201000035639,0010-09-08 13:45:00,10,9,8,13,45,540,328,"0, PASTEUR (RUE LOUIS)",,,Plein jour,En agglomération,Hors intersection,Normale,Deux véhicules - arrière,,,,,,,,,,,1,2,1,1.0,2.0
201000035640,0010-09-08 14:10:00,10,9,8,14,10,540,395,"1, TOMBLAINE (RUE DE)",,,Plein jour,En agglomération,Intersection en X,Normale,Autre collision,,,,,,,,,,,1,2,2,1.0,6.0
201000035641,0010-09-09 14:35:00,10,9,9,14,35,540,395,"01, MOLITOR (RUE)",,,Plein jour,En agglomération,Hors intersection,Normale,Autre collision,,,,,,,,,,,1,2,1,1.0,6.0
201000035642,0010-09-09 06:25:00,10,9,9,6,25,540,395,"0, ARMEE PATTON (RUE DE",,,Nuit avec éclairage allumé,En agglomération,Place,Normale,Deux véhicules - côté,,,,,,,,,,,5,2,7,1.0,3.0
201000035643,0010-09-09 14:00:00,10,9,9,14,0,540,395,"21, SAVERNE (RUE DE)",,,Plein jour,En agglomération,Hors intersection,Temps couvert,Sans collision,,,,,,,,,,,1,2,1,8.0,7.0
201000035644,0010-09-09 16:00:00,10,9,9,16,0,540,395,"1, ARC (RUE JEANNE D') N",,,Plein jour,En agglomération,Intersection en X,Pluie légère,Autre collision,,,,,,,,,,,1,2,2,2.0,6.0
201000035645,0010-09-11 12:40:00,10,9,11,12,40,540,339,"154, LECLERC (AVENUE ET",48.7217,6.18027,Plein jour,En agglomération,Intersection en T,Normale,Deux véhicules - frontale,,,,,,,,,,,1,2,3,1.0,1.0
201000035646,0010-09-11 14:20:00,10,9,11,14,20,540,395,"1, GRANDVILLE (RUE)",,,Plein jour,En agglomération,Intersection en X,Temps éblouissant,Deux véhicules - côté,,,,,,,,,,,1,2,2,7.0,3.0
201000035647,0010-09-11 15:20:00,10,9,11,15,20,540,498,"17, RD 674",,,Plein jour,En agglomération,Hors intersection,Autre,Trois véhicules et plus - en chaîne,,,,,,,,,,,1,2,1,9.0,4.0
201000035648,0010-09-12 11:30:00,10,9,12,11,30,540,328,"0, RD 570",,,Plein jour,En agglomération,Intersection en T,Normale,Deux véhicules - arrière,,,,,,,,,,,1,2,3,1.0,2.0
201000035649,0010-09-13 12:05:00,10,9,13,12,5,540,304,"1, BARROIS (RUE DU)",,,Plein jour,En agglomération,Intersection en T,Normale,Deux véhicules - arrière,,,,,,,,,,,1,2,3,1.0,2.0
201000035650,0010-09-14 09:30:00,10,9,14,9,30,540,395,"10, ALBERT 1ER  (BD)",,,Plein jour,En agglomération,Hors intersection,Temps couvert,Deux véhicules - arrière,,,,,,,,,,,1,2,1,8.0,2.0
201000035651,0010-09-14 11:40:00,10,9,14,11,40,540,395,"10, FOCH (AVENUE 2 A 16/",,,Plein jour,En agglomération,Hors intersection,Normale,Autre collision,,,,,,,,,,,1,2,1,1.0,6.0
201000035652,0010-09-15 09:50:00,10,9,15,9,50,540,395,"43, FOCH (AVENUE 2 A 16/",,,Plein jour,En agglomération,Intersection en X,Pluie légère,Deux véhicules - côté,,,,,,,,,,,1,2,2,2.0,3.0
201000035653,0010-09-16 07:50:00,10,9,16,7,50,540,395,"1, FABRIQUES (RUE DES)",,,Plein jour,En agglomération,Intersection en X,Normale,Deux véhicules - côté,,,,,,,,,,,1,2,2,1.0,3.0
201000035654,0010-09-16 13:05:00,10,9,16,13,5,540,482,"103, FOCH (RUE DU MARECH",,,Plein jour,En agglomération,Intersection en X,Normale,Autre collision,,,,,,,,,,,1,2,2,1.0,6.0
201000035655,0010-09-18 13:10:00,10,9,18,13,10,540,395,"136, COLLINE (RUE DE LA)",,,Plein jour,En agglomération,Hors intersection,Normale,Autre collision,,,,,,,,,,,1,2,1,1.0,6.0
201000035656,0010-09-18 15:50:00,10,9,18,15,50,540,395,"1, CARNOT (PLACE)",,,Plein jour,En agglomération,Intersection en T,Normale,Deux véhicules - arrière,,,,,,,,,,,1,2,3,1.0,2.0
201000035657,0010-09-19 16:00:00,10,9,19,16,0,540,395,"17, JAURES (BOULEVARD JE",,,Plein jour,En agglomération,Hors intersection,Normale,Trois véhicules et plus - en chaîne,,,,,,,,,,,1,2,1,1.0,4.0
201000035658,0010-09-19 18:50:00,10,9,19,18,50,540,304,"1, RESISTANCE (AV. DE LA",,,Plein jour,En agglomération,Intersection en X,Normale,Deux véhicules - côté,,,,,,,,,,,1,2,2,1.0,3.0
201000035659,0010-09-20 07:50:00,10,9,20,7,50,540,395,"66, ARC (RUE JEANNE D' N",,,Plein jour,En agglomération,Intersection en X,Normale,Autre collision,,,,,,,,,,,1,2,2,1.0,6.0
201000035660,0010-09-20 14:00:00,10,9,20,14,0,540,395,"54, DE LATTRE DE TASSIGN",,,Plein jour,En agglomération,Hors intersection,Normale,Deux véhicules - arrière,,,,,,,,,,,1,2,1,1.0,2.0
201000035661,0010-09-21 11:45:00,10,9,21,11,45,540,482,"26, HUET (RUE JOSEPH))",,,Plein jour,En agglomération,Hors intersection,Normale,Autre collision,,,,,,,,,,,1,2,1,1.0,6.0
201000035662,0010-09-21 16:45:00,10,9,21,16,45,540,395,"1, LOBAU (BOULEVARD)",,,Plein jour,En agglomération,Hors intersection,Normale,Deux véhicules - arrière,,,,,,,,,,,1,2,1,1.0,2.0
201000035663,0010-09-22 12:20:00,10,9,22,12,20,540,395,"1, CHARLES V (BOULEVARD)",,,Plein jour,En agglomération,Intersection en T,Normale,Deux véhicules - côté,,,,,,,,,,,1,2,3,1.0,3.0
201000035664,0010-09-22 20:15:00,10,9,22,20,15,540,395,AUSTRASIE (BOULEVARD),,,Nuit avec éclairage allumé,En agglomération,Intersection en X,Normale,Deux véhicules - côté,,,,,,,,,,,5,2,2,1.0,3.0
201000035665,0010-09-23 18:15:00,10,9,23,18,15,540,395,"0, FRANCE (AVENUE ANATOL",,,Crépuscule ou aube,En agglomération,Intersection en T,Normale,Autre collision,,,,,,,,,,,2,2,3,1.0,6.0
201000035666,0010-09-24 22:05:00,10,9,24,22,5,540,304,"56, HARDEVAL (RUE D')",,,Nuit avec éclairage allumé,En agglomération,Hors intersection,Normale,Trois véhicules et plus - collisions multiples,,,,,,,,,,,5,2,1,1.0,5.0
201000035667,0010-09-27 09:40:00,10,9,27,9,40,540,547,"0, ARC (AVENUE JEANNE D'",,,Plein jour,En agglomération,Intersection en T,Autre,Deux véhicules - côté,,,,,,,,,,,1,2,3,9.0,3.0
201000035668,0010-09-27 18:40:00,10,9,27,18,40,540,395,"15, RAUGRAFF (RUE)",,,Plein jour,Hors agglomération,Hors intersection,Normale,Deux véhicules - côté,,,,,,,,,,,1,1,1,1.0,3.0
201000035669,0010-09-23 18:30:00,10,9,23,18,30,540,395,"1, MON DESERT (RUE)",,,Plein jour,En agglomération,Hors intersection,Normale,Autre collision,,,,,,,,,,,1,2,1,1.0,6.0
201000035670,0010-09-29 14:55:00,10,9,29,14,55,540,526,MILLENAIRE (ROND POINT A,48.68348,6.2214,Plein jour,Hors agglomération,Giratoire,Normale,Deux véhicules - côté,,,,,,,,,,,1,1,6,1.0,3.0
201000035671,0010-09-30 16:30:00,10,9,30,16,30,540,395,"0, MOUILLERON (RUE GABRI",,,Plein jour,En agglomération,Hors intersection,Autre,Deux véhicules - arrière,,,,,,,,,,,1,2,1,9.0,2.0
201000035672,0010-09-30 17:48:00,10,9,30,17,48,540,547,"1, EUROPE (BOULEVARD DE",,,Plein jour,En agglomération,Giratoire,Pluie légère,Autre collision,,,,,,,,,,,1,2,6,2.0,6.0
201000035673,0010-10-01 14:55:00,10,10,1,14,55,540,395,"125, MON DESERT (RUE)",,,Plein jour,En agglomération,Intersection en X,Normale,Deux véhicules - côté,,,,,,,,,,,1,2,2,1.0,3.0
201000035674,0010-10-01 17:40:00,10,10,1,17,40,540,304,"6, MOSELLE (RUE DE LA)",,,Plein jour,En agglomération,Hors intersection,Normale,Autre collision,,,,,,,,,,,1,2,1,1.0,6.0
201000035675,0010-10-02 15:50:00,10,10,2,15,50,540,328,"0, GENOBOIS (AVENUE DE)",,,Plein jour,En agglomération,Intersection en T,Normale,Deux véhicules - côté,,,,,,,,,,,1,2,3,1.0,3.0
201000035676,0010-10-03 05:40:00,10,10,3,5,40,540,339,LION D'OR (RUE DU),,,Nuit avec éclairage allumé,En agglomération,Hors intersection,Normale,Autre collision,,,,,,,,,,,5,2,1,1.0,6.0
201000035677,0010-10-03 16:30:00,10,10,3,16,30,540,304,"1, RESISTANCE (AV. DE LA",,,Plein jour,En agglomération,Intersection en X,Normale,Deux véhicules - côté,,,,,,,,,,,1,2,2,1.0,3.0
201000035678,0010-10-04 05:15:00,10,10,4,5,15,540,304,RESISTANCE (AV. DE LA -P,,,Nuit avec éclairage allumé,En agglomération,Intersection en X,Normale,Deux véhicules - côté,,,,,,,,,,,5,2,2,1.0,3.0
201000035679,0010-10-04 09:00:00,10,10,4,9,0,540,395,"497, LIBERATION (AVENUE",,,Plein jour,En agglomération,Hors intersection,Normale,Deux véhicules - côté,,,,,,,,,,,1,2,1,1.0,3.0
201000035680,0010-10-14 18:14:00,10,10,14,18,14,540,395,"1, FAURE (RUE FELIX)",,,Plein jour,En agglomération,Intersection en T,Normale,Deux véhicules - côté,,,,,,,,,,,1,2,3,1.0,3.0
201000035681,0010-10-04 18:45:00,10,10,4,18,45,540,547,"1, EUROPE (BOULEVARD DE",,,Plein jour,En agglomération,Hors intersection,Normale,Deux véhicules - côté,,,,,,,,,,,1,2,1,1.0,3.0
201000035682,0010-10-05 18:25:00,10,10,5,18,25,540,395,"0, COLLIGNON (Avenue et",,,Plein jour,En agglomération,Hors intersection,Normale,Trois véhicules et plus - collisions multiples,,,,,,,,,,,1,2,1,1.0,5.0
201000035683,0010-10-06 07:09:00,10,10,6,7,9,540,395,"1, LORRAIN (QUAI CLAUDE",,,Crépuscule ou aube,En agglomération,Intersection en X,Normale,Deux véhicules - côté,,,,,,,,,,,2,2,2,1.0,3.0
201000035684,0010-10-07 11:25:00,10,10,7,11,25,540,395,"5, BONSECOURS (RUE DE)",,,Plein jour,En agglomération,Hors intersection,Normale,Trois véhicules et plus - en chaîne,,,,,,,,,,,1,2,1,1.0,4.0
201000035685,0010-10-07 16:20:00,10,10,7,16,20,540,547,"0, LECLERC (AV. DU GENER",,,Plein jour,En agglomération,Hors intersection,Normale,Autre collision,,,,,,,,,,,1,2,1,1.0,6.0
201000035686,0010-10-07 17:40:00,10,10,7,17,40,540,357,"94, REPUBLIQUE (RUE DE L",,,Plein jour,En agglomération,Hors intersection,Normale,Trois véhicules et plus - collisions multiples,,,,,,,,,,,1,2,1,1.0,5.0
201000035687,0010-10-07 17:20:00,10,10,7,17,20,540,395,MILLENAIRE (PONT DU),,,Crépuscule ou aube,Hors agglomération,Hors intersection,Normale,Deux véhicules - arrière,,,,,,,,,,,2,1,1,1.0,2.0
201000035688,0010-10-01 16:00:00,10,10,1,16,0,540,395,"1, CALLOT (RUE)",,,Plein jour,En agglomération,Hors intersection,Normale,Autre collision,,,,,,,,,,,1,2,1,1.0,6.0
201000035689,0010-10-08 20:05:00,10,10,8,20,5,540,395,"0, MIHE (RUE JEAN)",,,Crépuscule ou aube,En agglomération,Hors intersection,Normale,Autre collision,,,,,,,,,,,2,2,1,1.0,6.0
201000035690,0010-10-09 11:30:00,10,10,9,11,30,540,328,"1, PAPIN (RUE DENIS)",,,Plein jour,En agglomération,Hors intersection,Normale,Deux véhicules - frontale,,,,,,,,,,,1,2,1,1.0,1.0
201000035691,0010-10-10 05:25:00,10,10,10,5,25,540,328,"0, FLEVILLE (ROUTE DE)",,,Nuit avec éclairage allumé,Hors agglomération,Hors intersection,Brouillard / fumée,Sans collision,,,,,,,,,,,5,1,1,5.0,7.0
201000035692,0010-10-10 16:20:00,10,10,10,16,20,540,265,"19, CHAVIGNY (RUE DE)",,,Plein jour,En agglomération,Intersection en X,Temps éblouissant,Deux véhicules - côté,,,,,,,,,,,1,2,2,7.0,3.0
201000035693,0010-10-11 13:10:00,10,10,11,13,10,540,395,"115, LIBERATION (AVENUE",,,Plein jour,En agglomération,Hors intersection,Normale,Deux véhicules - arrière,,,,,,,,,,,1,2,1,1.0,2.0
201000035694,0010-10-11 16:30:00,10,10,11,16,30,540,395,ARC (RUE JEANNE D' N°1 A,,,Plein jour,En agglomération,Intersection en X,Normale,Sans collision,,,,,,,,,,,1,2,2,1.0,7.0
201000035695,0010-10-11 18:57:00,10,10,11,18,57,540,547,BOURGOGNE (AVENUE DE),,,Nuit avec éclairage allumé,En agglomération,Hors intersection,Normale,Deux véhicules - côté,,,,,,,,,,,5,2,1,1.0,3.0
201000035696,0010-10-12 10:35:00,10,10,12,10,35,540,395,"17, RAVINELLE (RUE DE LA",,,Plein jour,En agglomération,Hors intersection,Temps éblouissant,Autre collision,,,,,,,,,,,1,2,1,7.0,6.0
201000035697,0010-10-12 11:58:00,10,10,12,11,58,540,304,"1, LIBERATION (AVENUE DE",,,Plein jour,En agglomération,Intersection en T,Normale,Deux véhicules - côté,,,,,,,,,,,1,2,3,1.0,3.0
201000035698,0010-10-12 12:15:00,10,10,12,12,15,540,395,"189, LIBERATION (AVENUE",,,Plein jour,En agglomération,Hors intersection,Normale,Deux véhicules - arrière,,,,,,,,,,,1,2,1,1.0,2.0
201000035699,0010-10-12 18:15:00,10,10,12,18,15,540,184,"0, BRIGACHTAL (AVENUE DE",,,Plein jour,En agglomération,Intersection en X,Normale,Autre collision,,,,,,,,,,,1,2,2,1.0,6.0
201000035700,0010-10-13 08:00:00,10,10,13,8,0,540,395,"1, SAINT JULIEN (RUE)",,,Plein jour,En agglomération,Intersection en X,Normale,Autre collision,,,,,,,,,,,1,2,2,1.0,6.0
201000035701,0010-10-13 16:40:00,10,10,13,16,40,540,357,REPUBLIQUE (RUE DE LA),,,Plein jour,Hors agglomération,Intersection en X,Normale,Deux véhicules - côté,,,,,,,,,,,1,1,2,1.0,3.0
201000035702,0010-10-14 12:05:00,10,10,14,12,5,540,395,"3, JOFFRE (BOULEVARD)",,,Plein jour,En agglomération,Hors intersection,Normale,Autre collision,,,,,,,,,,,1,2,1,1.0,6.0
201000035703,0010-10-14 12:00:00,10,10,14,12,0,540,395,BOUFFLERS (AV. DE 74 A 3,,,Plein jour,En agglomération,Intersection en Y,Normale,Deux véhicules - arrière,,,,,,,,,,,1,2,4,1.0,2.0
201000035704,0010-10-14 13:50:00,10,10,14,13,50,540,395,"256, ARC (RUE JEANNE D'",,,Plein jour,En agglomération,Intersection en T,Autre,Sans collision,,,,,,,,,,,1,2,3,9.0,7.0
201000035705,0010-10-14 17:25:00,10,10,14,17,25,540,339,"1, DRIANT (RUE DU COLONE",,,Plein jour,En agglomération,Intersection en T,Normale,Trois véhicules et plus - collisions multiples,,,,,,,,,,,1,2,3,1.0,5.0
201000035706,0010-10-14 22:25:00,10,10,14,22,25,540,395,"0, SCHERBECK (Rue Jean)",,,Nuit avec éclairage allumé,En agglomération,Intersection en X,Normale,Deux véhicules - frontale,,,,,,,,,,,5,2,2,1.0,1.0
201000035707,0010-10-15 17:35:00,10,10,15,17,35,540,257,"1, SONGEUR (RUE LEON)",,,Plein jour,En agglomération,Intersection en X,Normale,Trois véhicules et plus - collisions multiples,,,,,,,,,,,1,2,2,1.0,5.0
201000035708,0010-10-15 19:25:00,10,10,15,19,25,540,395,"262, ARC (RUE JEANNE D'",,,Nuit avec éclairage allumé,En agglomération,Hors intersection,Normale,Deux véhicules - côté,,,,,,,,,,,5,2,1,1.0,3.0
201000035709,0010-10-15 21:15:00,10,10,15,21,15,540,395,VISITATION (RUE DE LA),,,Nuit avec éclairage allumé,En agglomération,Intersection en X,Normale,Deux véhicules - côté,,,,,,,,,,,5,2,2,1.0,3.0
201000035710,0010-10-16 10:50:00,10,10,16,10,50,540,395,"0, PINCHARD (AVENUE - OM",,,Plein jour,En agglomération,Hors intersection,Pluie légère,Autre collision,,,,,,,,,,,1,2,1,2.0,6.0
201000035711,0010-10-16 23:15:00,10,10,16,23,15,540,495,RD 674,,,Nuit avec éclairage allumé,Hors agglomération,Giratoire,Pluie légère,Sans collision,,,,,,,,,,,5,1,6,2.0,7.0
201000035712,0010-10-16 12:10:00,10,10,16,12,10,540,357,"151, METZ (ROUTE DE)",,,Plein jour,En agglomération,Hors intersection,Normale,Deux véhicules - arrière,,,,,,,,,,,1,2,1,1.0,2.0
201000035713,0010-10-17 11:15:00,10,10,17,11,15,540,395,"1, LIBERATION (AVENUE DE",,,Plein jour,En agglomération,Intersection en X,Normale,Deux véhicules - côté,,,,,,,,,,,1,2,2,1.0,3.0
201000035714,0010-10-17 12:40:00,10,10,17,12,40,540,526,"0, FRATERNITE (RUE DE LA",,,Plein jour,En agglomération,Intersection en X,Normale,Deux véhicules - arrière,,,,,,,,,,,1,2,2,1.0,2.0
201000035715,0010-10-18 20:40:00,10,10,18,20,40,540,578,"13, AIGUILLETTES  (BD 5",,,Nuit avec éclairage allumé,En agglomération,Hors intersection,Normale,Autre collision,,,,,,,,,,,5,2,1,1.0,6.0
201000035716,0010-10-19 07:30:00,10,10,19,7,30,540,395,"1, PROUVE (RUE VICTOR)",,,Crépuscule ou aube,En agglomération,Intersection en X,Pluie légère,Deux véhicules - arrière,,,,,,,,,,,2,2,2,2.0,2.0
201000035717,0010-10-19 07:45:00,10,10,19,7,45,540,395,"215, BOUFFLERS (AV. DE 7",,,Crépuscule ou aube,En agglomération,Hors intersection,Pluie légère,Deux véhicules - côté,,,,,,,,,,,2,2,1,2.0,3.0
201000035718,0010-10-19 16:45:00,10,10,19,16,45,540,547,"0, LUXEMBOURG (RUE DU)",,,Plein jour,En agglomération,Hors intersection,Pluie forte,Autre collision,,,,,,,,,,,1,2,1,3.0,6.0
201000035719,0010-10-20 07:50:00,10,10,20,7,50,540,395,"209, LIBERATION (AVENUE",,,Crépuscule ou aube,En agglomération,Hors intersection,Pluie légère,Deux véhicules - arrière,,,,,,,,,,,2,2,1,2.0,2.0
201000035720,0010-10-21 15:50:00,10,10,21,15,50,540,439,SEICHAMPS (RUE DE),,,Plein jour,En agglomération,Intersection en X,Normale,Deux véhicules - côté,,,,,,,,,,,1,2,2,1.0,3.0
201000035721,0010-10-21 09:15:00,10,10,21,9,15,540,274,"0, DE GAULLE (AVENUE DU",,,Plein jour,En agglomération,Hors intersection,Normale,Sans collision,,,,,,,,,,,1,2,1,1.0,7.0
201000035722,0010-10-21 19:20:00,10,10,21,19,20,540,328,"0, RD 570",,,Plein jour,En agglomération,Intersection en T,Autre,Deux véhicules - côté,,,,,,,,,,,1,2,3,9.0,3.0
201000035723,0010-10-21 11:40:00,10,10,21,11,40,540,395,"1, LIONNOIS (RUE)",,,Plein jour,En agglomération,Intersection en T,Normale,Autre collision,,,,,,,,,,,1,2,3,1.0,6.0
201000035724,0010-10-26 18:15:00,10,10,26,18,15,540,304,"0, MOSELOTTE (RUE DE LA)",,,Nuit avec éclairage allumé,En agglomération,Intersection en T,Normale,Deux véhicules - arrière,,,,,,,,,,,5,2,3,1.0,2.0
201000035725,0010-10-27 16:25:00,10,10,27,16,25,540,395,"86, LOBAU (BOULEVARD)",,,Plein jour,En agglomération,Hors intersection,Normale,Autre collision,,,,,,,,,,,1,2,1,1.0,6.0
201000035726,0010-10-28 11:29:00,10,10,28,11,29,540,395,"02, QUATRE EGLISES (RUE",,,Plein jour,En agglomération,Hors intersection,Autre,Deux véhicules - côté,,,,,,,,,,,1,2,1,9.0,3.0
201000035727,0010-10-30 10:00:00,10,10,30,10,0,540,300,"0, PATTON (RUE DU GENERA",,,Plein jour,En agglomération,Intersection en T,Normale,Autre collision,,,,,,,,,,,1,2,3,1.0,6.0
201000035728,0010-10-30 15:05:00,10,10,30,15,5,540,395,"74, LAXOU (RUE DE)",,,Plein jour,En agglomération,Intersection en X,Normale,Deux véhicules - arrière,,,,,,,,,,,1,2,2,1.0,2.0
201000035729,0010-10-30 22:25:00,10,10,30,22,25,540,482,"1, MARTIN (ALLEE JEAN)",,,Nuit avec éclairage allumé,En agglomération,Intersection en T,Pluie légère,Deux véhicules - côté,,,,,,,,,,,5,2,3,2.0,3.0
201000035730,0010-11-02 12:55:00,10,11,2,12,55,540,578,"0, SAINTE GENEVIEVE (RUE",,,Plein jour,En agglomération,Intersection en T,Normale,Deux véhicules - côté,,,,,,,,,,,1,2,3,1.0,3.0
201000035731,0010-11-04 09:45:00,10,11,4,9,45,540,547,BARTHOU (BD LOUIS),,,Plein jour,En agglomération,Intersection en X,Pluie légère,Trois véhicules et plus - collisions multiples,,,,,,,,,,,1,2,2,2.0,5.0
201000035732,0010-11-05 11:30:00,10,11,5,11,30,540,357,", REPUBLIQUE (RUE DE LA)",,,Plein jour,En agglomération,Intersection en Y,Normale,Autre collision,,,,,,,,,,,1,2,4,1.0,6.0
201000035733,0010-11-06 12:50:00,10,11,6,12,50,540,304,"0, EUROPE (AVENUE DE L')",,,Plein jour,En agglomération,Hors intersection,Pluie légère,Autre collision,,,,,,,,,,,1,2,1,2.0,6.0
201000035734,0010-11-07 05:30:00,10,11,7,5,30,540,395,"9, LOBAU (BOULEVARD)",,,Nuit avec éclairage allumé,En agglomération,Hors intersection,Pluie légère,Deux véhicules - arrière,,,,,,,,,,,5,2,1,2.0,2.0
201000035735,0010-11-08 18:00:00,10,11,8,18,0,540,304,"0, SAPINIERE (RUE DE LA)",,,Nuit avec éclairage allumé,En agglomération,Hors intersection,Pluie légère,Deux véhicules - côté,,,,,,,,,,,5,2,1,2.0,3.0
201000035736,0010-11-08 16:50:00,10,11,8,16,50,540,395,"1, LIBERATION (AVENUE DE",,,Crépuscule ou aube,En agglomération,Hors intersection,Pluie légère,Deux véhicules - côté,,,,,,,,,,,2,2,1,2.0,3.0
201000035737,0010-11-09 18:00:00,10,11,9,18,0,540,304,EUROPE (AVENUE DE L'),,,Nuit avec éclairage allumé,En agglomération,Hors intersection,Pluie légère,Autre collision,,,,,,,,,,,5,2,1,2.0,6.0
201000035738,0010-11-09 18:45:00,10,11,9,18,45,540,547,VELODROME (CARREFOUR DU),,,Nuit avec éclairage allumé,En agglomération,Intersection en X,Pluie légère,Deux véhicules - côté,,,,,,,,,,,5,2,2,2.0,3.0
201000035739,0010-11-09 17:30:00,10,11,9,17,30,540,357,"0, DE GAULLE (AVENUE DU",,,Nuit sans éclairage public,En agglomération,Intersection en T,Pluie légère,Deux véhicules - côté,,,,,,,,,,,3,2,3,2.0,3.0
201000035740,0010-11-10 10:20:00,10,11,10,10,20,540,395,"30, VINGT SIXIEME R.I. (",,,Nuit avec éclairage allumé,En agglomération,Hors intersection,Pluie légère,Deux véhicules - côté,,,,,,,,,,,5,2,1,2.0,3.0
201000035741,0010-11-12 17:50:00,10,11,12,17,50,540,578,BAUDRICOURT (BD DE),,,Nuit avec éclairage allumé,En agglomération,Intersection en X,Pluie légère,Autre collision,,,,,,,,,,,5,2,2,2.0,6.0