accident_id,datetime,annee,mois,jour,heure,minute,departement,commune_insee,adresse,latitude,longitude,luminosite,agglomeration,intersection,meteo,collision,nb_vehicules,nb_usagers,nb_indemnes,nb_tues,nb_blesses_hosp,nb_blesses_legers,age_cond_1,age_cond_2,veh_type_cond_1,veh_type_cond_2,lum_code,agg_code,int_code,atm_code,col_code
201000035742,0010-11-12 15:20:00,10,11,12,15,20,540,395,"15, RAUGRAFF (RUE)",,,Plein jour,En agglomération,Hors intersection,Pluie légère,Autre collision,,,,,,,,,,,1,2,1,2.0,6.0
201000035743,0010-11-13 17:55:00,10,11,13,17,55,540,395,"130, SAINT DIZIER (RUE 8",,,Crépuscule ou aube,En agglomération,Intersection en X,Normale,Autre collision,,,,,,,,,,,2,2,2,1.0,6.0
201000035744,0010-11-13 19:08:00,10,11,13,19,8,540,184,BRIGACHTAL (AVENUE DE),,,Nuit avec éclairage allumé,En agglomération,Giratoire,Normale,Deux véhicules - arrière,,,,,,,,,,,5,2,6,1.0,2.0
201000035745,0010-11-15 17:34:00,10,11,15,17,34,540,547,"205, LECLERC (AVENUE DU",,,Nuit avec éclairage allumé,En agglomération,Hors intersection,Normale,Autre collision,,,,,,,,,,,5,2,1,1.0,6.0
201000035746,0010-11-15 17:58:00,10,11,15,17,58,540,547,"0, BARTHOU (BD LOUIS)",,,Nuit avec éclairage allumé,En agglomération,Hors intersection,Pluie légère,Deux véhicules - arrière,,,,,,,,,,,5,2,1,2.0,2.0
201000035747,0010-11-16 20:20:00,10,11,16,20,20,540,395,"22, PIXERECOURT (RUE GUI",,,Nuit avec éclairage allumé,En agglomération,Intersection en T,Normale,Deux véhicules - arrière,,,,,,,,,,,5,2,3,1.0,2.0
201000035748,0010-11-17 14:15:00,10,11,17,14,15,540,184,"0, BRIGACHTAL (AVENUE DE",,,Plein jour,En agglomération,Hors intersection,Normale,Autre collision,,,,,,,,,,,1,2,1,1.0,6.0
201000035749,0010-11-19 06:05:00,10,11,19,6,5,540,328,"1411, CURIE (IMPASSE PIE",,,Nuit avec éclairage allumé,En agglomération,Hors intersection,Pluie légère,Autre collision,,,,,,,,,,,5,2,1,2.0,6.0
201000035750,0010-11-19 10:15:00,10,11,19,10,15,540,395,"16, FOCH (AVENUE 2 A 16/",,,Plein jour,En agglomération,Intersection en T,Pluie légère,Autre collision,,,,,,,,,,,1,2,3,2.0,6.0
201000035751,0010-11-19 11:15:00,10,11,19,11,15,540,274,"52, REPUBLIQUE (RUE DE L",,,Plein jour,En agglomération,Intersection en T,Pluie légère,Deux véhicules - arrière,,,,,,,,,,,1,2,3,2.0,2.0
201000035752,0010-11-19 12:50:00,10,11,19,12,50,540,395,"119, STRASBOURG (AVENUE",,,Plein jour,En agglomération,Hors intersection,Pluie légère,Autre collision,,,,,,,,,,,1,2,1,2.0,6.0
201000035753,0010-11-19 18:15:00,10,11,19,18,15,540,482,"12, MOZART (RUE)",,,Nuit avec éclairage allumé,En agglomération,Intersection en T,Normale,Deux véhicules - côté,,,,,,,,,,,5,2,3,1.0,3.0
201000035754,0010-11-20 19:10:00,10,11,20,19,10,540,357,"0, RD 30",,,Nuit avec éclairage allumé,En agglomération,Intersection en T,Normale,Deux véhicules - frontale,,,,,,,,,,,5,2,3,1.0,1.0
201000035755,0010-11-19 17:35:00,10,11,19,17,35,540,395,MOTHE (RUE DE LA),,,Nuit avec éclairage allumé,En agglomération,Intersection en X,Normale,Deux véhicules - arrière,,,,,,,,,,,5,2,2,1.0,2.0
201000035756,0010-11-20 19:50:00,10,11,20,19,50,540,547,"23, BRIAND (RUE ARISTIDE",,,Nuit avec éclairage allumé,En agglomération,Intersection en T,Normale,Deux véhicules - arrière,,,,,,,,,,,5,2,3,1.0,2.0
201000035757,0010-11-22 17:30:00,10,11,22,17,30,540,395,"0, AUSTRASIE (BOULEVARD)",,,Nuit avec éclairage allumé,En agglomération,Intersection en X,Pluie légère,Autre collision,,,,,,,,,,,5,2,2,2.0,6.0
201000035758,0010-11-23 17:10:00,10,11,23,17,10,540,304,"0, SAPINIERE (RUE DE LA)",,,Nuit avec éclairage allumé,En agglomération,Intersection en X,Pluie légère,Deux véhicules - côté,,,,,,,,,,,5,2,2,2.0,3.0
201000035759,0010-11-24 18:57:00,10,11,24,18,57,540,395,"259, BOUFFLERS (AV. DE 7",,,Nuit avec éclairage allumé,En agglomération,Intersection en T,Normale,Autre collision,,,,,,,,,,,5,2,3,1.0,6.0
201000035760,0010-11-25 13:15:00,10,11,25,13,15,540,274,"3, REPUBLIQUE (RUE DE LA",,,Plein jour,En agglomération,Intersection en T,Neige / grêle,Autre collision,,,,,,,,,,,1,2,3,4.0,6.0
201000035761,0010-11-29 18:50:00,10,11,29,18,50,540,395,AUSTRASIE (BOULEVARD),,,Nuit avec éclairage allumé,En agglomération,Intersection en X,Normale,Deux véhicules - côté,,,,,,,,,,,5,2,2,1.0,3.0
201000035762,0010-11-29 09:20:00,10,11,29,9,20,540,395,"4, FOLLER (RUE)",,,Nuit avec éclairage allumé,En agglomération,Hors intersection,Normale,Deux véhicules - arrière,,,,,,,,,,,5,2,1,1.0,2.0
201000035763,0010-11-29 09:30:00,10,11,29,9,30,540,395,"47, BOUFFLERS (AVENUE) D",,,Plein jour,En agglomération,Intersection en X,Neige / grêle,Autre collision,,,,,,,,,,,1,2,2,4.0,6.0
201000035764,0010-11-29 18:46:00,10,11,29,18,46,540,395,"0, LIAISON A 330 / RD 2B",,,Nuit avec éclairage allumé,En agglomération,Hors intersection,Neige / grêle,Deux véhicules - arrière,,,,,,,,,,,5,2,1,4.0,2.0
201000035765,0010-12-01 13:40:00,10,12,1,13,40,540,304,"0, MOSELLE (RUE DE LA)",,,Plein jour,En agglomération,Intersection en T,Autre,Deux véhicules - côté,,,,,,,,,,,1,2,3,9.0,3.0
201000035766,0010-12-01 17:15:00,10,12,1,17,15,540,274,"0, DE GAULLE (AVENUE DU",,,Nuit avec éclairage allumé,En agglomération,Hors intersection,Neige / grêle,Sans collision,,,,,,,,,,,5,2,1,4.0,7.0
201000035767,0010-12-01 18:30:00,10,12,1,18,30,540,184,"0, BRIGACHTAL (AVENUE DE",,,Nuit avec éclairage allumé,En agglomération,Hors intersection,Temps couvert,Trois véhicules et plus - en chaîne,,,,,,,,,,,5,2,1,8.0,4.0
201000035768,0010-12-02 13:10:00,10,12,2,13,10,540,395,"0, Marcel BROT (Rond-Poi",,,Plein jour,En agglomération,Giratoire,Normale,Deux véhicules - arrière,,,,,,,,,,,1,2,6,1.0,2.0
201000035769,0010-12-02 19:10:00,10,12,2,19,10,540,395,JAURES (BOULEVARD JEAN),,,Nuit avec éclairage allumé,En agglomération,Hors intersection,Normale,Trois véhicules et plus - en chaîne,,,,,,,,,,,5,2,1,1.0,4.0
201000035770,0010-12-04 16:55:00,10,12,4,16,55,540,328,"1, BON CURE (AVENUE DU)",,,Crépuscule ou aube,En agglomération,Hors intersection,Autre,Autre collision,,,,,,,,,,,2,2,1,9.0,6.0
201000035771,0010-12-06 07:50:00,10,12,6,7,50,540,395,"1, GAMBETTA (RUE)",,,Plein jour,En agglomération,Intersection en X,Neige / grêle,Deux véhicules - côté,,,,,,,,,,,1,2,2,4.0,3.0
201000035772,0010-12-07 10:05:00,10,12,7,10,5,540,526,MILLENAIRE (BOULEVARD DU,,,Plein jour,En agglomération,Hors intersection,Normale,Deux véhicules - arrière,,,,,,,,,,,1,2,1,1.0,2.0
201000035773,0010-12-07 09:40:00,10,12,7,9,40,540,395,"18, BERGAMOTE (RUE DE LA",,,Plein jour,En agglomération,Hors intersection,Neige / grêle,Autre collision,,,,,,,,,,,1,2,1,4.0,6.0
201000035774,0010-12-08 17:10:00,10,12,8,17,10,540,184,"0, SAULXURES (AVENUE DE)",,,Nuit avec éclairage allumé,En agglomération,Hors intersection,Pluie forte,Autre collision,,,,,,,,,,,5,2,1,3.0,6.0
201000035775,0010-12-08 17:50:00,10,12,8,17,50,540,328,"0, FERRI DE LUDRE (PLACE",,,Nuit avec éclairage allumé,En agglomération,Hors intersection,Pluie forte,Autre collision,,,,,,,,,,,5,2,1,3.0,6.0
201000035776,0010-12-08 01:50:00,10,12,8,1,50,540,395,"0, SAINT GEORGES (RUE)",,,Nuit avec éclairage allumé,En agglomération,Intersection en X,Normale,Deux véhicules - côté,,,,,,,,,,,5,2,2,1.0,3.0
201000035777,0010-12-09 10:18:00,10,12,9,10,18,540,395,"23, DIEUZE (RUE DE)",,,Plein jour,En agglomération,Hors intersection,Normale,Autre collision,,,,,,,,,,,1,2,1,1.0,6.0
201000035778,0010-12-09 21:10:00,10,12,9,21,10,540,395,"8, AMERVAL  (RUE D')",,,Nuit avec éclairage allumé,En agglomération,Intersection en X,Normale,Deux véhicules - côté,,,,,,,,,,,5,2,2,1.0,3.0
201000035779,0010-12-11 23:00:00,10,12,11,23,0,540,395,"0, SAINT DIZIER (RUE 82",,,Nuit avec éclairage allumé,En agglomération,Hors intersection,Pluie légère,Deux véhicules - arrière,,,,,,,,,,,5,2,1,2.0,2.0
201000035780,0010-12-10 18:15:00,10,12,10,18,15,540,395,"70, PLACIEUX (RUE DU)",,,Nuit avec éclairage allumé,En agglomération,Hors intersection,Pluie légère,Deux véhicules - côté,,,,,,,,,,,5,2,1,2.0,3.0
201000035781,0010-12-12 18:45:00,10,12,12,18,45,540,395,"24, LA SALLE (RUE DE)",,,Nuit avec éclairage allumé,En agglomération,Hors intersection,Pluie légère,Deux véhicules - frontale,,,,,,,,,,,5,2,1,2.0,1.0
201000035782,0010-12-13 08:55:00,10,12,13,8,55,540,395,PINCHARD (AVENUE - OMBEL,,,Plein jour,En agglomération,Intersection en X,Normale,Trois véhicules et plus - collisions multiples,,,,,,,,,,,1,2,2,1.0,5.0
201000035783,0010-12-17 19:55:00,10,12,17,19,55,540,578,AIGUILLETTES  (BD 5A A 1,,,Nuit avec éclairage allumé,En agglomération,Intersection en X,Pluie légère,Autre collision,,,,,,,,,,,5,2,2,2.0,6.0
201000035784,0010-12-23 19:30:00,10,12,23,19,30,540,395,"143, HAUSSONVILLE (BD D'",,,Nuit avec éclairage allumé,En agglomération,Hors intersection,Pluie légère,Autre collision,,,,,,,,,,,5,2,1,2.0,6.0
201000035785,0010-12-24 15:40:00,10,12,24,15,40,540,547,LUDWIGSHAFEN (RUE DE),,,Plein jour,En agglomération,Intersection en T,Neige / grêle,Deux véhicules - côté,,,,,,,,,,,1,2,3,4.0,3.0
201000035786,0010-12-26 16:05:00,10,12,26,16,5,540,395,SELLIER (RUE),,,Plein jour,En agglomération,Hors intersection,Neige / grêle,Deux véhicules - arrière,,,,,,,,,,,1,2,1,4.0,2.0
201000035787,0010-12-30 23:04:00,10,12,30,23,4,540,274,"10, REPUBLIQUE (RUE DE L",,,Nuit avec éclairage allumé,En agglomération,Hors intersection,Autre,Autre collision,,,,,,,,,,,5,2,1,9.0,6.0
201000035788,0010-12-31 10:10:00,10,12,31,10,10,540,395,"0, STRASBOURG (AVENUE DE",,,Plein jour,En agglomération,Intersection en X,Autre,Autre collision,,,,,,,,,,,1,2,2,9.0,6.0
201000035789,0010-01-20 18:30:00,10,1,20,18,30,540,431,MONTRICHARD (CHEMIN DE),,,Nuit avec éclairage allumé,En agglomération,Hors intersection,Neige / grêle,Deux véhicules - frontale,,,,,,,,,,,5,2,1,4.0,1.0
201000035790,0010-05-02 00:25:00,10,5,2,0,25,540,332,"45, SONGEUR ( RUE ALFRED",,,Nuit avec éclairage allumé,En agglomération,Hors intersection,Normale,Sans collision,,,,,,,,,,,5,2,1,1.0,7.0
201000035791,0010-07-11 19:00:00,10,7,11,19,0,540,332,"26, GÉNÉRAL DE GAULLE (",,,Plein jour,En agglomération,Intersection en T,Normale,Deux véhicules - côté,,,,,,,,,,,1,2,3,1.0,3.0
201000035792,0010-11-03 17:45:00,10,11,3,17,45,540,431,ETATS-UNIS (AVENUE DES),,,Nuit avec éclairage allumé,En agglomération,Autre intersection,Pluie légère,Deux véhicules - côté,,,,,,,,,,,5,2,9,2.0,3.0
201000035793,0010-11-06 09:20:00,10,11,6,9,20,540,431,RD 657 CHAMPEY,,,Plein jour,Hors agglomération,Intersection en T,Normale,Deux véhicules - côté,,,,,,,,,,,1,1,3,1.0,3.0
201000035794,0010-12-08 07:45:00,10,12,8,7,45,540,431,"1, RD 657 CHAMPEY",,,Nuit sans éclairage public,Hors agglomération,Hors intersection,Pluie forte,Deux véhicules - côté,,,,,,,,,,,3,1,1,3.0,3.0
201000035795,0010-12-08 18:00:00,10,12,8,18,0,540,431,"1, LILAS (RUE DES)",,,Nuit avec éclairage allumé,En agglomération,Intersection en X,Pluie forte,Deux véhicules - côté,,,,,,,,,,,5,2,2,3.0,3.0
201000035796,0010-12-27 22:15:00,10,12,27,22,15,540,431,GELOT (PONT),,,Nuit avec éclairage allumé,En agglomération,Hors intersection,Neige / grêle,Autre collision,,,,,,,,,,,5,2,1,4.0,6.0
201000035797,0010-01-28 15:10:00,10,1,28,15,10,540,528,ALBERT 1ER,,,Plein jour,En agglomération,Hors intersection,Normale,Deux véhicules - frontale,,,,,,,,,,,1,2,1,1.0,1.0
201000035798,0010-01-28 10:10:00,10,1,28,10,10,540,174,"1292, ROUTE DE PARIS",,,Plein jour,En agglomération,Hors intersection,Autre,Deux véhicules - côté,,,,,,,,,,,1,2,1,9.0,3.0
201000035799,0010-01-30 15:50:00,10,1,30,15,50,540,167,FOCH (AVENUE),,,Plein jour,En agglomération,Intersection en X,Normale,Trois véhicules et plus - en chaîne,,,,,,,,,,,1,2,2,1.0,4.0
201000035800,0010-02-06 16:45:00,10,2,6,16,45,540,167,RD909,48.6709,5.93351,Plein jour,Hors agglomération,Intersection en T,Normale,Deux véhicules - côté,,,,,,,,,,,1,1,3,1.0,3.0
201000035801,0010-02-07 11:15:00,10,2,7,11,15,540,528,BIGEARD (AVENUE),,,Plein jour,En agglomération,Autre intersection,Normale,Deux véhicules - côté,,,,,,,,,,,1,2,9,1.0,3.0
201000035802,0010-02-21 03:05:00,10,2,21,3,5,540,528,GENERAL PATTON (AVENUE),,,Nuit avec éclairage allumé,En agglomération,Intersection en T,Normale,Autre collision,,,,,,,,,,,5,2,3,1.0,6.0
201000035803,0010-03-05 19:05:00,10,3,5,19,5,540,528,VAUBAN,,,Nuit avec éclairage allumé,En agglomération,Hors intersection,Normale,Autre collision,,,,,,,,,,,5,2,1,1.0,6.0
201000035804,0010-03-06 19:30:00,10,3,6,19,30,540,528,GENERAL BIGEARD (AVENUE),,,Nuit avec éclairage allumé,En agglomération,Intersection en T,Normale,Deux véhicules - côté,,,,,,,,,,,5,2,3,1.0,3.0
201000035805,0010-04-21 21:30:00,10,4,21,21,30,540,167,FOCH (AVENUE),48.6711,5.90599,Nuit avec éclairage allumé,En agglomération,Intersection en X,Normale,Deux véhicules - côté,,,,,,,,,,,5,2,2,1.0,3.0
201000035806,0010-04-24 14:00:00,10,4,24,14,0,540,528,RD960,48.6497,5.87004,Plein jour,Hors agglomération,Hors intersection,Normale,Autre collision,,,,,,,,,,,1,1,1,1.0,6.0
201000035807,0010-04-24 13:05:00,10,4,24,13,5,540,528,VAUBAN,,,Plein jour,En agglomération,Hors intersection,Normale,Autre collision,,,,,,,,,,,1,2,1,1.0,6.0
201000035808,0010-06-08 18:10:00,10,6,8,18,10,540,528,PIERRE HARDIE,,,Plein jour,En agglomération,Intersection en X,Normale,Deux véhicules - côté,,,,,,,,,,,1,2,2,1.0,3.0
201000035809,0010-06-11 21:00:00,10,6,11,21,0,540,528,JUDEE,,,Plein jour,En agglomération,Intersection en X,Normale,Deux véhicules - côté,,,,,,,,,,,1,2,2,1.0,3.0
201000035810,0010-06-21 18:05:00,10,6,21,18,5,540,528,"67, COLONEL PECHOT (AVEN",,,Plein jour,En agglomération,Hors intersection,Normale,Deux véhicules - arrière,,,,,,,,,,,1,2,1,1.0,2.0
201000035811,0010-06-25 08:05:00,10,6,25,8,5,540,528,KENNEDY (AVENUE PRESIDEN,,,Plein jour,En agglomération,Intersection en T,Normale,Deux véhicules - côté,,,,,,,,,,,1,2,3,1.0,3.0
201000035812,0010-07-21 07:40:00,10,7,21,7,40,540,167,RD400,,,Plein jour,Hors agglomération,Hors intersection,Normale,Autre collision,,,,,,,,,,,1,1,1,1.0,6.0
201000035813,0010-08-18 13:25:00,10,8,18,13,25,540,528,GENERAL BIGEARD (AVENUE),,,Plein jour,En agglomération,Hors intersection,Normale,Deux véhicules - côté,,,,,,,,,,,1,2,1,1.0,3.0
201000035814,0010-09-08 07:10:00,10,9,8,7,10,540,528,D611,,,Crépuscule ou aube,En agglomération,Hors intersection,Temps couvert,Deux véhicules - côté,,,,,,,,,,,2,2,1,8.0,3.0
201000035815,0010-09-23 17:40:00,10,9,23,17,40,540,174,MARECHAL JOFFRE (AVENUE),48.6697,5.86588,Plein jour,En agglomération,Hors intersection,Normale,Deux véhicules - côté,,,,,,,,,,,1,2,1,1.0,3.0
201000035816,0010-09-26 15:15:00,10,9,26,15,15,540,528,FRANCOIS BADOT,,,Plein jour,En agglomération,Intersection en T,Pluie légère,Deux véhicules - côté,,,,,,,,,,,1,2,3,2.0,3.0
201000035817,0010-10-05 19:25:00,10,10,5,19,25,540,528,RD674,,,Nuit avec éclairage allumé,Hors agglomération,Autre intersection,Normale,Deux véhicules - côté,,,,,,,,,,,5,1,9,1.0,3.0
201000035818,0010-10-21 11:30:00,10,10,21,11,30,540,528,ALBERT DENIS,,,Plein jour,En agglomération,Intersection en Y,Normale,Deux véhicules - côté,,,,,,,,,,,1,2,4,1.0,3.0
201000035819,0010-10-26 11:20:00,10,10,26,11,20,540,167,FOCH (AVENUE),,,Plein jour,En agglomération,Intersection en T,Normale,Deux véhicules - côté,,,,,,,,,,,1,2,3,1.0,3.0
201000035820,0010-11-15 18:05:00,10,11,15,18,5,540,528,"4, VERDUN",,,Nuit avec éclairage allumé,En agglomération,Hors intersection,Pluie légère,Autre collision,,,,,,,,,,,5,2,1,2.0,6.0
201000035821,0010-11-26 17:10:00,10,11,26,17,10,540,528,"12, REPUBLIQUE",,,Nuit avec éclairage allumé,En agglomération,Intersection en X,Normale,Autre collision,,,,,,,,,,,5,2,2,1.0,6.0
201000035822,0010-12-08 15:15:00,10,12,8,15,15,540,528,D611,,,Plein jour,En agglomération,Hors intersection,Pluie forte,Autre collision,,,,,,,,,,,1,2,1,3.0,6.0
201000035823,0010-12-18 15:25:00,10,12,18,15,25,540,528,RD400,,,Plein jour,En agglomération,Intersection à plus de 4 branches,Temps couvert,Deux véhicules - côté,,,,,,,,,,,1,2,5,8.0,3.0
201000035824,0010-12-28 10:25:00,10,12,28,10,25,540,149,DEPARTEMENTAL 521 (ROUTE,,,Plein jour,Hors agglomération,Intersection en X,Neige / grêle,Deux véhicules - arrière,,,,,,,,,,,1,1,2,4.0,2.0
201000035825,0010-12-11 11:45:00,10,12,11,11,45,540,149,NATIONALE 52 (ROUTE),,,Plein jour,Hors agglomération,Hors intersection,Neige / grêle,Sans collision,,,,,,,,,,,1,1,1,4.0,7.0
201000035826,0010-04-02 07:20:00,10,4,2,7,20,540,270,D26 (CHEMIN DEPARTEMENTA,49.4762,5.88611,Crépuscule ou aube,Hors agglomération,Hors intersection,Temps couvert,Autre collision,,,,,,,,,,,2,1,1,8.0,6.0
201000035827,0010-04-14 07:40:00,10,4,14,7,40,540,580,"30, CHENES (RUE DES)",,,Crépuscule ou aube,En agglomération,Hors intersection,Normale,Deux véhicules - côté,,,,,,,,,,,2,2,1,1.0,3.0
201000035828,0010-08-20 20:27:00,10,8,20,20,27,540,580,VERDUN (RUE DE),,,Crépuscule ou aube,En agglomération,Intersection en Y,Normale,Autre collision,,,,,,,,,,,2,2,4,1.0,6.0
201000035829,0010-10-09 23:05:00,10,10,9,23,5,540,270,"64, FOCH (AVENUE DU MARE",,,Nuit avec éclairage allumé,En agglomération,Hors intersection,Normale,Deux véhicules - côté,,,,,,,,,,,5,2,1,1.0,3.0
201000035830,0010-10-18 06:15:00,10,10,18,6,15,540,580,"32, VALLES JULES (RUE)",,,Nuit avec éclairage allumé,En agglomération,Hors intersection,Normale,Deux véhicules - côté,,,,,,,,,,,5,2,1,1.0,3.0
201000035831,0010-11-06 19:15:00,10,11,6,19,15,540,149,"5, NATIONALE (ROUTE)",,,Nuit avec éclairage allumé,En agglomération,Intersection en X,Pluie légère,Sans collision,,,,,,,,,,,5,2,2,2.0,7.0
201000035832,0010-11-16 07:50:00,10,11,16,7,50,540,580,"2, LEBRUN ALBERT (RUE)",,,Plein jour,En agglomération,Hors intersection,Normale,Sans collision,,,,,,,,,,,1,2,1,1.0,7.0
201000035833,0010-11-18 13:30:00,10,11,18,13,30,540,575,DEPARTEMENTAL 17 (CHEMIN,,,Plein jour,Hors agglomération,Hors intersection,Pluie légère,Deux véhicules - frontale,,,,,,,,,,,1,1,1,2.0,1.0
201000035834,0010-11-29 16:45:00,10,11,29,16,45,540,575,NATIONALE 52 (ROUTE),,,Crépuscule ou aube,Hors agglomération,Hors intersection,Neige / grêle,Deux véhicules - arrière,,,,,,,,,,,2,1,1,4.0,2.0
201000035835,0010-01-26 16:30:00,10,1,26,16,30,540,580,"92, GAMBETTA (RUE)",,,Crépuscule ou aube,En agglomération,Hors intersection,Neige / grêle,Deux véhicules - côté,,,,,,,,,,,2,2,1,4.0,3.0
201000035836,0010-01-07 11:25:00,10,1,7,11,25,550,29,"28, GAMBETTA ( AVENUE )",48.766,5.16999,Plein jour,En agglomération,Hors intersection,Neige / grêle,Autre collision,,,,,,,,,,,1,2,1,4.0,6.0
201000035837,0010-01-21 07:55:00,10,1,21,7,55,550,29,MARIZIER ( BOULEVARD ),48.77879,5.16746,Plein jour,En agglomération,Hors intersection,Pluie légère,Autre collision,,,,,,,,,,,1,2,1,2.0,6.0
201000035838,0010-01-26 18:15:00,10,1,26,18,15,550,29,"10, ARDENNES ( BOULEVARD",48.78103,5.16645,Nuit avec éclairage allumé,En agglomération,Hors intersection,Normale,Autre collision,,,,,,,,,,,5,2,1,1.0,6.0
201000035839,0010-01-27 09:50:00,10,1,27,9,50,550,29,"15, CHATEAU ( AVENUE DU",48.77152,5.15829,Plein jour,En agglomération,Hors intersection,Normale,Autre collision,,,,,,,,,,,1,2,1,1.0,6.0
201000035840,0010-03-08 15:30:00,10,3,8,15,30,550,29,"0, ROMAINS ( RUE DES )",48.77571,5.16376,Plein jour,En agglomération,Hors intersection,Normale,Autre collision,,,,,,,,,,,1,2,1,1.0,6.0
201000035841,0010-03-10 10:55:00,10,3,10,10,55,550,302,RN135,48.7528,5.19599,Plein jour,Hors agglomération,Hors intersection,Normale,Autre collision,,,,,,,,,,,1,1,1,1.0,6.0
201000035842,0010-03-10 11:20:00,10,3,10,11,20,550,186,BAR ( RUE DE ),48.7876,5.13747,Plein jour,Hors agglomération,Intersection en T,Normale,Deux véhicules - côté,,,,,,,,,,,1,1,3,1.0,3.0
201000035843,0010-03-23 11:25:00,10,3,23,11,25,550,29,"63, ROCHELLE ( BOULEVARD",48.77148,5.16406,Plein jour,En agglomération,Hors intersection,Normale,Autre collision,,,,,,,,,,,1,2,1,1.0,6.0
201000035844,0010-04-01 08:10:00,10,4,1,8,10,550,29,pont Saint Jean,48.77051,5.16655,Plein jour,En agglomération,Intersection en X,Normale,Autre collision,,,,,,,,,,,1,2,2,1.0,6.0
201000035845,0010-04-03 11:00:00,10,4,3,11,0,550,29,"31, BRADFER ( RUE ERNEST",48.77001,5.16954,Plein jour,En agglomération,Intersection en T,Pluie légère,Deux véhicules - côté,,,,,,,,,,,1,2,3,2.0,3.0
201000035846,0010-04-09 16:35:00,10,4,9,16,35,550,302,D180,48.74511,5.19645,Plein jour,Hors agglomération,Hors intersection,Normale,Sans collision,,,,,,,,,,,1,1,1,1.0,7.0
201000035847,0010-04-24 15:55:00,10,4,24,15,55,550,29,rue de VEEL,48.77343,5.155,Plein jour,En agglomération,Intersection en T,Normale,Deux véhicules - côté,,,,,,,,,,,1,2,3,1.0,3.0
201000035848,0010-04-25 15:50:00,10,4,25,15,50,550,29,RD VOIE SACREE,48.7812,5.1895,Plein jour,Hors agglomération,Hors intersection,Normale,Sans collision,,,,,,,,,,,1,1,1,1.0,7.0
201000035849,0010-04-29 23:50:00,10,4,29,23,50,550,29,RD 152,48.75223,5.15335,Nuit sans éclairage public,Hors agglomération,Hors intersection,Pluie forte,Autre collision,,,,,,,,,,,3,1,1,3.0,6.0
201000035850,0010-05-28 11:05:00,10,5,28,11,5,550,29,"13, VERDUN ( RUE DE )",48.77178,5.17056,Plein jour,En agglomération,Hors intersection,Normale,Deux véhicules - côté,,,,,,,,,,,1,2,1,1.0,3.0
201000035851,0010-06-23 14:40:00,10,6,23,14,40,550,29,FLANDRES ( BOULEVARD DES,48.78032,5.16752,Plein jour,En agglomération,Hors intersection,Normale,Deux véhicules - arrière,,,,,,,,,,,1,2,1,1.0,2.0
201000035852,0010-08-14 05:15:00,10,8,14,5,15,550,476,PONT DAMMARIE (ROUTE DU),48.75765,5.18247,Nuit avec éclairage allumé,En agglomération,Hors intersection,Normale,Autre collision,,,,,,,,,,,5,2,1,1.0,6.0
201000035853,0010-08-27 15:50:00,10,8,27,15,50,550,29,VOIE SACREE,48.78084,5.18824,Plein jour,Hors agglomération,Hors intersection,Normale,Deux véhicules - arrière,,,,,,,,,,,1,1,1,1.0,2.0
201000035854,0010-08-31 13:25:00,10,8,31,13,25,550,29,"79, BRADFER ( RUE ERNEST",48.76546,5.17775,Plein jour,En agglomération,Hors intersection,Normale,Deux véhicules - arrière,,,,,,,,,,,1,2,1,1.0,2.0
201000035855,0010-09-03 10:50:00,10,9,3,10,50,550,29,"24, HUGO ( QUAI VICTOR )",48.77264,5.16385,Plein jour,En agglomération,Hors intersection,Normale,Autre collision,,,,,,,,,,,1,2,1,1.0,6.0
201000035856,0010-09-16 22:15:00,10,9,16,22,15,550,29,"15, CHATEAU ( AVENUE DU",48.77157,5.15817,Nuit avec éclairage allumé,En agglomération,Hors intersection,Normale,Autre collision,,,,,,,,,,,5,2,1,1.0,6.0
201000035857,0010-10-03 10:45:00,10,10,3,10,45,550,29,RD 635,48.76049,5.14287,Plein jour,Hors agglomération,Intersection en T,Normale,Deux véhicules - côté,,,,,,,,,,,1,1,3,1.0,3.0
201000035858,0010-10-05 12:25:00,10,10,5,12,25,550,29,BRADFER ( RUE ERNEST ),48.76662,5.17628,Plein jour,En agglomération,Intersection en T,Normale,Deux véhicules - frontale,,,,,,,,,,,1,2,3,1.0,1.0
201000035859,0010-10-06 15:00:00,10,10,6,15,0,550,29,BRADFER ( RUE ERNEST ),48.76662,5.17628,Plein jour,En agglomération,Intersection en T,Normale,Deux véhicules - côté,,,,,,,,,,,1,2,3,1.0,3.0
201000035860,0010-10-07 11:02:00,10,10,7,11,2,550,29,VEEL ( RUE DE ),48.76902,5.15599,Plein jour,En agglomération,Intersection en T,Normale,Deux véhicules - côté,,,,,,,,,,,1,2,3,1.0,3.0
201000035861,0010-10-08 17:35:00,10,10,8,17,35,550,29,ROUTE DE BEHONNE CD 116,48.78428,5.1616,Plein jour,En agglomération,Hors intersection,Normale,Trois véhicules et plus - collisions multiples,,,,,,,,,,,1,2,1,1.0,5.0
201000035862,0010-10-09 09:40:00,10,10,9,9,40,550,29,AVENUE DE LA GRANDE TERR,48.76133,5.18815,Plein jour,En agglomération,Intersection en T,Normale,Deux véhicules - côté,,,,,,,,,,,1,2,3,1.0,3.0
201000035863,0010-10-14 17:45:00,10,10,14,17,45,550,186,LIBERATION ( AVENUE DE L,48.79789,5.12278,Plein jour,En agglomération,Hors intersection,Normale,Deux véhicules - côté,,,,,,,,,,,1,2,1,1.0,3.0
201000035864,0010-11-05 17:40:00,10,11,5,17,40,550,29,RD 152,48.74451,5.15317,Nuit sans éclairage public,Hors agglomération,Hors intersection,Pluie légère,Autre collision,,,,,,,,,,,3,1,1,2.0,6.0