accident_id,datetime,annee,mois,jour,heure,minute,departement,commune_insee,adresse,latitude,longitude,luminosite,agglomeration,intersection,meteo,collision,nb_vehicules,nb_usagers,nb_indemnes,nb_tues,nb_blesses_hosp,nb_blesses_legers,age_cond_1,age_cond_2,veh_type_cond_1,veh_type_cond_2,lum_code,agg_code,int_code,atm_code,col_code
201000035865,0010-11-21 13:25:00,10,11,21,13,25,550,186,"8, STADE ( RUE DU )",48.79267,5.1234,Plein jour,En agglomération,Hors intersection,Normale,Deux véhicules - frontale,,,,,,,,,,,1,2,1,1.0,1.0
201000035866,0010-12-04 18:55:00,10,12,4,18,55,550,186,BEGARENNE ( RUE DE ),48.78774,5.13001,Nuit avec éclairage allumé,En agglomération,Hors intersection,Neige / grêle,Autre collision,,,,,,,,,,,5,2,1,4.0,6.0
201000035867,0010-01-08 11:40:00,10,1,8,11,40,550,545,BRACHIEUL ( DU ),49.15788,5.38793,Plein jour,En agglomération,Intersection en X,Normale,Autre collision,,,,,,,,,,,1,2,2,1.0,6.0
201000035868,0010-02-04 19:10:00,10,2,4,19,10,550,545,"31, MIRIBEL ( AVENUE )",49.16771,5.39072,Nuit sans éclairage public,En agglomération,Hors intersection,Normale,Autre collision,,,,,,,,,,,3,2,1,1.0,6.0
201000035869,0010-04-10 17:35:00,10,4,10,17,35,550,545,ARGONNE ( ROUTE DE L' ),49.144,5.33643,Plein jour,Hors agglomération,Hors intersection,Normale,Autre collision,,,,,,,,,,,1,1,1,1.0,6.0
201000035870,0010-05-02 13:50:00,10,5,2,13,50,550,545,"0, VOIE SACREE",49.16023,5.36762,Plein jour,En agglomération,Intersection en Y,Pluie légère,Deux véhicules - côté,,,,,,,,,,,1,2,4,2.0,3.0
201000035871,0010-05-07 17:10:00,10,5,7,17,10,550,545,"24, ANTHOUARD  ( D' )",,,Plein jour,En agglomération,Hors intersection,Normale,Deux véhicules - côté,,,,,,,,,,,1,2,1,1.0,3.0
201000035872,0010-05-07 18:35:00,10,5,7,18,35,550,545,DIEU DU TRICE ( ALLEE DU,49.15206,5.38896,Plein jour,En agglomération,Intersection en X,Normale,Deux véhicules - côté,,,,,,,,,,,1,2,2,1.0,3.0
201000035873,0010-05-08 12:15:00,10,5,8,12,15,550,545,RESIDENCE DU PARC (DE LA,49.14753,5.38737,Plein jour,En agglomération,Hors intersection,Normale,Deux véhicules - frontale,,,,,,,,,,,1,2,1,1.0,1.0
201000035874,0010-06-04 11:15:00,10,6,4,11,15,550,545,"13, GARIBALDI ( AVENUE )",49.16493,5.38272,Plein jour,En agglomération,Hors intersection,Normale,Autre collision,,,,,,,,,,,1,2,1,1.0,6.0
201000035875,0010-07-06 12:05:00,10,7,6,12,5,550,545,place des Onze Sièges,49.15799,5.39548,Plein jour,En agglomération,Giratoire,Normale,Deux véhicules - côté,,,,,,,,,,,1,2,6,1.0,3.0
201000035876,0010-08-02 09:00:00,10,8,2,9,0,550,545,COLONEL DRIANT ( RUE ),49.0,5.0,Plein jour,En agglomération,Hors intersection,Normale,Autre collision,,,,,,,,,,,1,2,1,1.0,6.0
201000035877,0010-09-10 19:50:00,10,9,10,19,50,550,505,"24, CHEMINOTS (DES )",49.17012,5.36136,Plein jour,En agglomération,Hors intersection,Normale,Autre collision,,,,,,,,,,,1,2,1,1.0,6.0
201000035878,0010-10-22 21:10:00,10,10,22,21,10,550,545,EUROPE ( BOULEVARD DE L',,,Nuit sans éclairage public,En agglomération,Hors intersection,Normale,Deux véhicules - frontale,,,,,,,,,,,3,2,1,1.0,1.0
201000035879,0010-10-25 09:40:00,10,10,25,9,40,550,236,CARREFOUR DE L'EUROPE,,,Plein jour,En agglomération,Giratoire,Normale,Sans collision,,,,,,,,,,,1,2,6,1.0,7.0
201000035880,0010-11-05 15:30:00,10,11,5,15,30,550,545,ALSACE-LORRAINE  (AVENUE,,,Plein jour,En agglomération,Hors intersection,Normale,Sans collision,,,,,,,,,,,1,2,1,1.0,7.0
201000035881,0010-11-05 17:40:00,10,11,5,17,40,550,505,"94, PIERRE GOUBET ET JEA",49.16577,5.3606,Crépuscule ou aube,En agglomération,Intersection en T,Normale,Deux véhicules - arrière,,,,,,,,,,,2,2,3,1.0,2.0
201000035882,0010-11-09 08:20:00,10,11,9,8,20,550,545,PIERRE DEMATHIEU,,,Crépuscule ou aube,En agglomération,Giratoire,Pluie légère,Deux véhicules - côté,,,,,,,,,,,2,2,6,2.0,3.0
201000035883,0010-11-25 17:00:00,10,11,25,17,0,550,545,PAUL LINTIER (RUE),49.14561,5.41107,Crépuscule ou aube,En agglomération,Hors intersection,Normale,Deux véhicules - frontale,,,,,,,,,,,2,2,1,1.0,1.0
201000035884,0010-11-26 17:50:00,10,11,26,17,50,550,545,PARIS ( AVENUE DE ),49.15756,5.36417,Nuit avec éclairage allumé,En agglomération,Hors intersection,Pluie légère,Autre collision,,,,,,,,,,,5,2,1,2.0,6.0
201000035885,0010-12-12 06:05:00,10,12,12,6,5,550,545,"30, POINCARE (DU PRESIDE",49.15849,5.38694,Nuit avec éclairage allumé,En agglomération,Hors intersection,Normale,Autre collision,,,,,,,,,,,5,2,1,1.0,6.0
201000035886,0010-12-22 17:25:00,10,12,22,17,25,550,545,"12, TRENTIEME CORPS ( AV",49.16745,5.40039,Crépuscule ou aube,En agglomération,Hors intersection,Pluie légère,Autre collision,,,,,,,,,,,2,2,1,2.0,6.0
201000035887,0010-01-01 12:40:00,10,1,1,12,40,560,121,"., LANVEUR ( ET PL. DE )",47.74304,-3.38903,Plein jour,En agglomération,Hors intersection,Normale,Sans collision,,,,,,,,,,,1,2,1,1.0,7.0
201000035888,0010-01-01 18:59:00,10,1,1,18,59,560,121,"., COSMAO-DUMANOIR ( BD",47.75331,-3.37213,Nuit avec éclairage allumé,En agglomération,Hors intersection,Normale,Sans collision,,,,,,,,,,,5,2,1,1.0,7.0
201000035889,0010-01-02 17:35:00,10,1,2,17,35,560,121,"58, PERRIERE ( AV DE LA",47.7322,-3.36379,Crépuscule ou aube,En agglomération,Intersection en X,Normale,Deux véhicules - côté,,,,,,,,,,,2,2,2,1.0,3.0
201000035890,0010-01-04 07:45:00,10,1,4,7,45,560,121,"46, CHAIGNEAU (RUE)",47.75689,-3.3553,Crépuscule ou aube,En agglomération,Hors intersection,Normale,Deux véhicules - côté,,,,,,,,,,,2,2,1,1.0,3.0
201000035891,0010-01-04 17:00:00,10,1,4,17,0,560,83,"13, ALLENDE ( AV. PRES.",47.80332,-3.26415,Plein jour,En agglomération,Hors intersection,Normale,Sans collision,,,,,,,,,,,1,2,1,1.0,7.0
201000035892,0010-01-04 04:55:00,10,1,4,4,55,560,83,"., VILLENEUVE ST-CARADEC",47.82224,-3.28251,Nuit sans éclairage public,Hors agglomération,Hors intersection,Normale,Sans collision,,,,,,,,,,,3,1,1,1.0,7.0
201000035893,0010-01-11 12:40:00,10,1,11,12,40,560,98,"13, ZAY (RUE  JEAN )",47.76666,-3.3399,Plein jour,En agglomération,Hors intersection,Normale,Sans collision,,,,,,,,,,,1,2,1,1.0,7.0
201000035894,0010-01-12 10:35:00,10,1,12,10,35,560,98,"165, JAURES (RUE  JEAN )",47.7682,-3.35372,Plein jour,En agglomération,Hors intersection,Pluie légère,Sans collision,,,,,,,,,,,1,2,1,2.0,7.0
201000035895,0010-01-12 11:42:00,10,1,12,11,42,560,162,"., SCHUMAN (RUE ROBERT)",47.73813,-3.43141,Plein jour,En agglomération,Giratoire,Pluie légère,Deux véhicules - côté,,,,,,,,,,,1,2,6,2.0,3.0
201000035896,0010-01-13 10:19:00,10,1,13,10,19,560,98,"., MOQUET ( AV. GUY )",47.76417,-3.35057,Plein jour,En agglomération,Hors intersection,Normale,Sans collision,,,,,,,,,,,1,2,1,1.0,7.0
201000035897,0010-01-13 18:55:00,10,1,13,18,55,560,121,"17, CARNEL (PONT)",47.73955,-3.36796,Nuit avec éclairage allumé,En agglomération,Intersection en X,Normale,Sans collision,,,,,,,,,,,5,2,2,1.0,7.0
201000035898,0010-01-14 20:15:00,10,1,14,20,15,560,121,"42, SIMON (RUE  JULES )",47.75776,-3.36735,Nuit avec éclairage allumé,En agglomération,Hors intersection,Normale,Sans collision,,,,,,,,,,,5,2,1,1.0,7.0
201000035899,0010-01-15 17:50:00,10,1,15,17,50,560,121,"63, MONISTROL (RUE)",47.73599,-3.38348,Plein jour,En agglomération,Hors intersection,Normale,Sans collision,,,,,,,,,,,1,2,1,1.0,7.0
201000035900,0010-01-16 23:50:00,10,1,16,23,50,560,121,"4, FRANCE ( AVE ANATOLE",47.7474,-3.36556,Nuit avec éclairage allumé,En agglomération,Hors intersection,Normale,Sans collision,,,,,,,,,,,5,2,1,1.0,7.0
201000035901,0010-01-17 19:15:00,10,1,17,19,15,560,121,"5, BEAUVAIS (RUE)",47.756,-3.36488,Nuit avec éclairage allumé,En agglomération,Hors intersection,Normale,Deux véhicules - arrière,,,,,,,,,,,5,2,1,1.0,2.0
201000035902,0010-01-18 18:36:00,10,1,18,18,36,560,98,"131, JAURES (RUE  JEAN )",47.76699,-3.35581,Nuit avec éclairage allumé,En agglomération,Hors intersection,Normale,Sans collision,,,,,,,,,,,5,2,1,1.0,7.0
201000035903,0010-01-19 10:40:00,10,1,19,10,40,560,121,"36, PLOEMEUR ( ET IMP DE",47.75906,-3.38964,Plein jour,En agglomération,Hors intersection,Normale,Sans collision,,,,,,,,,,,1,2,1,1.0,7.0
201000035904,0010-01-19 18:00:00,10,1,19,18,0,560,98,"1, MOLENE (RUE  DE )",47.7697,-3.35406,Crépuscule ou aube,En agglomération,Hors intersection,Normale,Sans collision,,,,,,,,,,,2,2,1,1.0,7.0
201000035905,0010-01-21 14:45:00,10,1,21,14,45,560,121,"., COSMAO-DUMANOIR ( BD",47.7546,-3.36299,Plein jour,En agglomération,Hors intersection,Normale,Sans collision,,,,,,,,,,,1,2,1,1.0,7.0
201000035906,0010-01-23 20:50:00,10,1,23,20,50,560,121,"., KERFONTANIOU (RUE  DE",47.74351,-3.37493,Nuit avec éclairage allumé,En agglomération,Intersection en X,Normale,Deux véhicules - côté,,,,,,,,,,,5,2,2,1.0,3.0
201000035907,0010-01-28 13:20:00,10,1,28,13,20,560,121,"1, GARROS (RUE  ROLAND )",47.74217,-3.38521,Plein jour,En agglomération,Hors intersection,Normale,Sans collision,,,,,,,,,,,1,2,1,1.0,7.0
201000035908,0010-01-29 17:51:00,10,1,29,17,51,560,121,"36, CHAIGNEAU (RUE)",47.75534,-3.35838,Plein jour,En agglomération,Hors intersection,Normale,Deux véhicules - arrière,,,,,,,,,,,1,2,1,1.0,2.0
201000035909,0010-02-02 14:20:00,10,2,2,14,20,560,162,"., KERSCOUET",47.71084,-3.43698,Plein jour,Hors agglomération,Hors intersection,Normale,Sans collision,,,,,,,,,,,1,1,1,1.0,7.0
201000035910,0010-02-05 09:15:00,10,2,5,9,15,560,83,"., TABARLY (RUE  ERIC )",47.80079,-3.27734,Plein jour,En agglomération,Hors intersection,Temps couvert,Sans collision,,,,,,,,,,,1,2,1,8.0,7.0
201000035911,0010-02-05 12:30:00,10,2,5,12,30,560,121,"., LAENNEC ( BD )",47.75818,-3.36201,Plein jour,En agglomération,Hors intersection,Temps couvert,Sans collision,,,,,,,,,,,1,2,1,8.0,7.0
201000035912,0010-02-06 16:35:00,10,2,6,16,35,560,83,"., HOPITAL ( RD-POINT DE",47.80442,-3.2733,Plein jour,En agglomération,Hors intersection,Normale,Sans collision,,,,,,,,,,,1,2,1,1.0,7.0
201000035913,0010-02-07 18:11:00,10,2,7,18,11,560,107,Rue Général de Gaulle,47.70522,-3.38429,Plein jour,En agglomération,Hors intersection,Normale,Sans collision,,,,,,,,,,,1,2,1,1.0,7.0
201000035914,0010-02-08 09:50:00,10,2,8,9,50,560,121,"145, BELGIQUE (RUE  DE )",47.76088,-3.38557,Plein jour,En agglomération,Hors intersection,Normale,Deux véhicules - arrière,,,,,,,,,,,1,2,1,1.0,2.0
201000035915,0010-02-10 21:25:00,10,2,10,21,25,560,83,"113, VAILLANT ( AV. EDOU",47.822,-3.25088,Nuit avec éclairage allumé,En agglomération,Hors intersection,Normale,Sans collision,,,,,,,,,,,5,2,1,1.0,7.0
201000035916,0010-02-12 08:30:00,10,2,12,8,30,560,83,"8, LIBERATION ( AV. DE L",47.80417,-3.27823,Plein jour,En agglomération,Hors intersection,Normale,Sans collision,,,,,,,,,,,1,2,1,1.0,7.0
201000035917,0010-02-14 19:50:00,10,2,14,19,50,560,83,D 145,,,Nuit avec éclairage allumé,En agglomération,Intersection en T,Normale,Deux véhicules - côté,,,,,,,,,,,5,2,3,1.0,3.0
201000035918,0010-02-16 09:30:00,10,2,16,9,30,560,98,"56, JAURES (RUE  JEAN )",47.76515,-3.35864,Plein jour,En agglomération,Hors intersection,Normale,Deux véhicules - arrière,,,,,,,,,,,1,2,1,1.0,2.0
201000035919,0010-02-17 16:01:00,10,2,17,16,1,560,83,"113, LOCHRIST ( ROUTE DE",47.81466,-3.259,Plein jour,En agglomération,Hors intersection,Normale,Deux véhicules - arrière,,,,,,,,,,,1,2,1,1.0,2.0
201000035920,0010-02-17 19:50:00,10,2,17,19,50,560,162,"., KERHOAT",47.76193,-3.41987,Nuit avec éclairage allumé,En agglomération,Hors intersection,Normale,Sans collision,,,,,,,,,,,5,2,1,1.0,7.0
201000035921,0010-02-20 16:00:00,10,2,20,16,0,560,98,"80, KESLER-DEVILLERS ( A",47.76727,-3.34013,Plein jour,En agglomération,Hors intersection,Normale,Deux véhicules - côté,,,,,,,,,,,1,2,1,1.0,3.0
201000035922,0010-02-21 06:30:00,10,2,21,6,30,560,121,"., LECLERC ( BD GENERAL",47.74894,-3.36571,Crépuscule ou aube,En agglomération,Intersection en X,Normale,Deux véhicules - côté,,,,,,,,,,,2,2,2,1.0,3.0
201000035923,0010-02-23 17:00:00,10,2,23,17,0,560,162,"8, KERVAM (RUE DE)",47.73576,-3.42758,Plein jour,En agglomération,Hors intersection,Normale,Autre collision,,,,,,,,,,,1,2,1,1.0,6.0
201000035924,0010-02-26 09:40:00,10,2,26,9,40,560,121,", KERVENANEC (RUE  DE )",47.73669,-3.39369,Plein jour,En agglomération,Hors intersection,Normale,Sans collision,,,,,,,,,,,1,2,1,1.0,7.0
201000035925,0010-02-27 02:15:00,10,2,27,2,15,560,98,SAINT-CHRISTOPHE ( PONT,47.76191,-3.3634,Nuit avec éclairage allumé,En agglomération,Hors intersection,Vent fort / tempête,Sans collision,,,,,,,,,,,5,2,1,6.0,7.0
201000035926,0010-03-03 13:10:00,10,3,3,13,10,560,162,"., 152 (ROUTE DEPARTEMEN",47.70984,-3.43761,Plein jour,En agglomération,Hors intersection,Normale,Sans collision,,,,,,,,,,,1,2,1,1.0,7.0
201000035927,0010-03-05 08:00:00,10,3,5,8,0,560,121,"., COSMAO-DUMANOIR ( BD",47.75437,-3.36593,Plein jour,En agglomération,Hors intersection,Normale,Deux véhicules - arrière,,,,,,,,,,,1,2,1,1.0,2.0
201000035928,0010-03-05 18:17:00,10,3,5,18,17,560,98,"23, MARAT (IMP JEAN PAUL",47.77022,-3.33744,Plein jour,En agglomération,Hors intersection,Normale,Sans collision,,,,,,,,,,,1,2,1,1.0,7.0
201000035929,0010-03-06 07:00:00,10,3,6,7,0,560,83,"121, LOCHRIST ( ROUTE DE",47.81533,-3.2584,Crépuscule ou aube,Hors agglomération,Hors intersection,Normale,Sans collision,,,,,,,,,,,2,1,1,1.0,7.0
201000035930,0010-03-07 13:30:00,10,3,7,13,30,560,98,"., SEMBAT ( ET IMP. MARC",47.76225,-3.34504,Plein jour,En agglomération,Hors intersection,Normale,Sans collision,,,,,,,,,,,1,2,1,1.0,7.0
201000035931,0010-03-08 08:34:00,10,3,8,8,34,560,121,"., PHILIPPE (RUE  PIERRE",47.76302,-3.38609,Plein jour,En agglomération,Intersection en X,Normale,Deux véhicules - côté,,,,,,,,,,,1,2,2,1.0,3.0
201000035932,0010-03-10 11:26:00,10,3,10,11,26,560,162,"., SAINT BIEUZY (RUE DE)",47.73447,-3.42961,Plein jour,En agglomération,Hors intersection,Normale,Sans collision,,,,,,,,,,,1,2,1,1.0,7.0
201000035933,0010-03-10 17:05:00,10,3,10,17,5,560,121,"178, BELGIQUE (RUE  DE )",47.76131,-3.38718,Plein jour,En agglomération,Hors intersection,Normale,Sans collision,,,,,,,,,,,1,2,1,1.0,7.0
201000035934,0010-03-12 00:05:00,10,3,12,0,5,560,98,"., ZEDE (RUE  GUSTAVE )",47.77633,-3.35079,Nuit avec éclairage allumé,En agglomération,Hors intersection,Normale,Sans collision,,,,,,,,,,,5,2,1,1.0,7.0
201000035935,0010-03-15 21:15:00,10,3,15,21,15,560,83,"26, FOCH ( PL. MARECHAL",47.80526,-3.27446,Nuit avec éclairage allumé,En agglomération,Hors intersection,Normale,Sans collision,,,,,,,,,,,5,2,1,1.0,7.0
201000035936,0010-03-17 08:25:00,10,3,17,8,25,560,121,"., BOLLARDIERE (RUE  GEN",47.75265,-3.39123,Plein jour,En agglomération,Hors intersection,Normale,Deux véhicules - côté,,,,,,,,,,,1,2,1,1.0,3.0
201000035937,0010-03-19 12:15:00,10,3,19,12,15,560,121,"., TESTE (RUE  DU CDT )",47.75475,-3.36159,Plein jour,En agglomération,Intersection en X,Normale,Deux véhicules - côté,,,,,,,,,,,1,2,2,1.0,3.0
201000035938,0010-03-19 16:10:00,10,3,19,16,10,560,98,"., KESLER DEVILLIERS (HL",47.76867,-3.34496,Plein jour,En agglomération,Intersection en X,Normale,Sans collision,,,,,,,,,,,1,2,2,1.0,7.0
201000035939,0010-03-20 08:52:00,10,3,20,8,52,560,83,"., VILLENEUVE PARCO ( ET",47.79077,-3.27651,Plein jour,En agglomération,Hors intersection,Normale,Sans collision,,,,,,,,,,,1,2,1,1.0,7.0
201000035940,0010-03-21 10:47:00,10,3,21,10,47,560,83,"., FERRY ( ET IMP. JULES",47.80269,-3.28673,Plein jour,En agglomération,Hors intersection,Normale,Sans collision,,,,,,,,,,,1,2,1,1.0,7.0
201000035941,0010-03-21 17:56:00,10,3,21,17,56,560,121,"29, VITTON (RUE  ROGER D",47.76809,-3.38008,Plein jour,En agglomération,Hors intersection,Normale,Sans collision,,,,,,,,,,,1,2,1,1.0,7.0
201000035942,0010-03-23 07:50:00,10,3,23,7,50,560,121,"., ORADOUR SUR GLANE ( B",47.75767,-3.37154,Plein jour,En agglomération,Hors intersection,Normale,Deux véhicules - frontale,,,,,,,,,,,1,2,1,1.0,1.0
201000035943,0010-03-26 23:00:00,10,3,26,23,0,560,162,"., DUPUY DE LOME (RUE)",47.74321,-3.40151,Nuit avec éclairage allumé,En agglomération,Hors intersection,Pluie légère,Autre collision,,,,,,,,,,,5,2,1,2.0,6.0
201000035944,0010-03-29 18:00:00,10,3,29,18,0,560,83,ROUTE NATIONALE  165,,,Plein jour,Hors agglomération,Hors intersection,Normale,Deux véhicules - frontale,,,,,,,,,,,1,1,1,1.0,1.0
201000035945,0010-03-31 16:27:00,10,3,31,16,27,560,98,"., KESLER DEVILLIERS (HL",47.76714,-3.3397,Plein jour,En agglomération,Giratoire,Normale,Deux véhicules - côté,,,,,,,,,,,1,2,6,1.0,3.0
201000035946,0010-04-01 13:00:00,10,4,1,13,0,560,83,"., DE GAULLE ( PL. DU GE",47.80477,-3.27614,Plein jour,En agglomération,Hors intersection,Normale,Sans collision,,,,,,,,,,,1,2,1,1.0,7.0
201000035947,0010-04-01 22:00:00,10,4,1,22,0,560,162,"., SAINTE  ANNE (RUE)",47.73921,-3.41657,Nuit avec éclairage allumé,En agglomération,Hors intersection,Pluie légère,Sans collision,,,,,,,,,,,5,2,1,2.0,7.0
201000035948,0010-04-02 09:22:00,10,4,2,9,22,560,121,"58, BEAUVAIS (RUE)",47.75639,-3.36959,Plein jour,En agglomération,Hors intersection,Normale,Deux véhicules - côté,,,,,,,,,,,1,2,1,1.0,3.0
201000035949,0010-04-02 18:56:00,10,4,2,18,56,560,83,ROUTE NATIONALE  165,,,Plein jour,Hors agglomération,Hors intersection,Normale,Trois véhicules et plus - en chaîne,,,,,,,,,,,1,1,1,1.0,4.0
201000035950,0010-04-03 09:20:00,10,4,3,9,20,560,121,"., ZOLA ( ET IMP. EMILE",47.75656,-3.3727,Plein jour,En agglomération,Intersection en X,Normale,Deux véhicules - côté,,,,,,,,,,,1,2,2,1.0,3.0
201000035951,0010-04-03 15:00:00,10,4,3,15,0,560,107,"., LE PORT (ROGER BOULEV",47.72675,-3.38368,Plein jour,En agglomération,Hors intersection,Normale,Deux véhicules - arrière,,,,,,,,,,,1,2,1,1.0,2.0
201000035952,0010-04-04 15:12:00,10,4,4,15,12,560,162,"20, KERLORET (ROUTE DE)",47.72278,-3.44185,Plein jour,En agglomération,Hors intersection,Normale,Sans collision,,,,,,,,,,,1,2,1,1.0,7.0
201000035953,0010-04-06 07:58:00,10,4,6,7,58,560,121,"., DE GAULLE ( AVE DU GE",47.74128,-3.3729,Plein jour,En agglomération,Giratoire,Normale,Deux véhicules - côté,,,,,,,,,,,1,2,6,1.0,3.0
201000035954,0010-04-08 17:15:00,10,4,8,17,15,560,98,"., NORMANDIE NIEMEN ( BD",47.76201,-3.35581,Plein jour,En agglomération,Intersection en X,Normale,Deux véhicules - frontale,,,,,,,,,,,1,2,2,1.0,1.0
201000035955,0010-04-09 13:45:00,10,4,9,13,45,560,121,"144, BELGIQUE (RUE  DE )",47.7606,-3.38481,Plein jour,En agglomération,Hors intersection,Normale,Deux véhicules - côté,,,,,,,,,,,1,2,1,1.0,3.0
201000035956,0010-04-09 14:59:00,10,4,9,14,59,560,98,"., GAGARINE (RUE  YOURI",47.77433,-3.33999,Plein jour,En agglomération,Giratoire,Normale,Deux véhicules - côté,,,,,,,,,,,1,2,6,1.0,3.0
201000035957,0010-04-12 20:55:00,10,4,12,20,55,560,162,"., KERYADO (RUE DE)",47.74473,-3.40049,Nuit avec éclairage allumé,En agglomération,Hors intersection,Normale,Sans collision,,,,,,,,,,,5,2,1,1.0,7.0
201000035958,0010-04-15 15:45:00,10,4,15,15,45,560,121,"56, BELGIQUE (RUE  DE )",47.75901,-3.37911,Plein jour,En agglomération,Hors intersection,Normale,Sans collision,,,,,,,,,,,1,2,1,1.0,7.0
201000035959,0010-04-15 20:15:00,10,4,15,20,15,560,121,"1, KERFORN (RUE ET PLACE",47.75398,-3.38336,Crépuscule ou aube,En agglomération,Hors intersection,Normale,Deux véhicules - arrière,,,,,,,,,,,2,2,1,1.0,2.0
201000035960,0010-04-16 17:51:00,10,4,16,17,51,560,121,"158, BELGIQUE (RUE  DE )",47.76081,-3.38542,Plein jour,En agglomération,Intersection en X,Normale,Deux véhicules - côté,,,,,,,,,,,1,2,2,1.0,3.0
201000035961,0010-04-17 15:04:00,10,4,17,15,4,560,121,"., MERVILLE (RUE  JEAN D",47.74415,-3.3797,Plein jour,En agglomération,Intersection en X,Normale,Deux véhicules - côté,,,,,,,,,,,1,2,2,1.0,3.0
201000035962,0010-04-20 11:35:00,10,4,20,11,35,560,121,keryvaland (RUE),47.7427,-3.37943,Plein jour,En agglomération,Intersection en X,Normale,Sans collision,,,,,,,,,,,1,2,2,1.0,7.0
201000035963,0010-04-21 15:00:00,10,4,21,15,0,560,121,"., BLUM ( BD LEON )",47.75136,-3.37162,Plein jour,En agglomération,Giratoire,Normale,Deux véhicules - côté,,,,,,,,,,,1,2,6,1.0,3.0
201000035964,0010-04-29 08:47:00,10,4,29,8,47,560,98,LANN-SEVELIN (ROND POINT,47.77762,-3.34401,Plein jour,Hors agglomération,Hors intersection,Temps couvert,Sans collision,,,,,,,,,,,1,1,1,8.0,7.0
201000035965,0010-05-01 23:25:00,10,5,1,23,25,560,83,"., LIBERTE (RUE  DE LA )",47.81069,-3.27355,Nuit avec éclairage allumé,En agglomération,Intersection en T,Normale,Deux véhicules - frontale,,,,,,,,,,,5,2,3,1.0,1.0
201000035966,0010-05-03 05:57:00,10,5,3,5,57,560,162,"., ROUTE DEPARTEMENTALE",47.76293,-3.4246,Nuit sans éclairage public,Hors agglomération,Hors intersection,Normale,Sans collision,,,,,,,,,,,3,1,1,1.0,7.0
201000035967,0010-05-06 12:10:00,10,5,6,12,10,560,98,"., BILLOUX ( AV. FRANCOI",47.76468,-3.35117,Plein jour,En agglomération,Intersection en T,Normale,Deux véhicules - côté,,,,,,,,,,,1,2,3,1.0,3.0
201000035968,0010-05-06 21:50:00,10,5,6,21,50,560,121,"38, CHAZELLES ( COURS LO",47.75376,-3.36233,Nuit avec éclairage allumé,En agglomération,Hors intersection,Pluie forte,Sans collision,,,,,,,,,,,5,2,1,3.0,7.0
201000035969,0010-05-07 08:46:00,10,5,7,8,46,560,98,"128, JAURES (RUE  JEAN )",47.76778,-3.3544,Plein jour,En agglomération,Hors intersection,Normale,Autre collision,,,,,,,,,,,1,2,1,1.0,6.0
201000035970,0010-05-10 08:03:00,10,5,10,8,3,560,162,"., KOENIG (R-P DU GENERA",47.73568,-3.41888,Plein jour,En agglomération,Hors intersection,Normale,Sans collision,,,,,,,,,,,1,2,1,1.0,7.0
201000035971,0010-05-14 22:50:00,10,5,14,22,50,560,107,"36, PHARE (RUE DU PETIT)",47.71688,-3.3746,Nuit avec éclairage allumé,En agglomération,Hors intersection,Normale,Sans collision,,,,,,,,,,,5,2,1,1.0,7.0
201000035972,0010-05-16 14:03:00,10,5,16,14,3,560,162,"5, CHATEAU D'EAU (RUE DU",47.75248,-3.39791,Plein jour,En agglomération,Hors intersection,Normale,Sans collision,,,,,,,,,,,1,2,1,1.0,7.0
201000035973,0010-05-19 11:15:00,10,5,19,11,15,560,83,"185, JOFFRE (RUE  DU MAR",47.81027,-3.26579,Plein jour,En agglomération,Hors intersection,Normale,Sans collision,,,,,,,,,,,1,2,1,1.0,7.0
201000035974,0010-05-20 16:15:00,10,5,20,16,15,560,121,"47, MULLER ( DU COLONEL",47.76322,-3.39375,Plein jour,En agglomération,Hors intersection,Normale,Deux véhicules - frontale,,,,,,,,,,,1,2,1,1.0,1.0
201000035975,0010-05-21 13:40:00,10,5,21,13,40,560,121,"9, NORMANDIE ( BD ET IMP",47.7597,-3.36685,Plein jour,En agglomération,Hors intersection,Normale,Deux véhicules - arrière,,,,,,,,,,,1,2,1,1.0,2.0
201000035976,0010-05-22 16:56:00,10,5,22,16,56,560,121,"., JOFFRE ( BD MARECHAL",47.75132,-3.36545,Plein jour,En agglomération,Hors intersection,Normale,Deux véhicules - arrière,,,,,,,,,,,1,2,1,1.0,2.0
201000035977,0010-05-23 15:29:00,10,5,23,15,29,560,98,"22, PRAT ER MOR (AVENUE)",47.76882,-3.3588,Plein jour,En agglomération,Hors intersection,Normale,Sans collision,,,,,,,,,,,1,2,1,1.0,7.0
201000035978,0010-05-25 12:20:00,10,5,25,12,20,560,121,"., PATRIE (RUE DE LA )",47.74756,-3.36251,Plein jour,En agglomération,Intersection en X,Normale,Deux véhicules - côté,,,,,,,,,,,1,2,2,1.0,3.0
201000035979,0010-05-28 12:50:00,10,5,28,12,50,560,121,"., PIAF (RUE  EDITH )",47.75801,-3.38985,Plein jour,En agglomération,Place,Normale,Deux véhicules - côté,,,,,,,,,,,1,2,7,1.0,3.0
201000035980,0010-05-29 15:30:00,10,5,29,15,30,560,121,"., BLUM ( BD LEON )",47.74675,-3.37764,Plein jour,En agglomération,Intersection en X,Normale,Deux véhicules - côté,,,,,,,,,,,1,2,2,1.0,3.0
201000035981,0010-05-30 11:13:00,10,5,30,11,13,560,162,"., ROUTE DEPARTEMENTALE",,,Plein jour,Hors agglomération,Intersection en X,Normale,Deux véhicules - côté,,,,,,,,,,,1,1,2,1.0,3.0
201000035982,0010-05-30 16:17:00,10,5,30,16,17,560,162,"., SAVOIE (AVENUE DE)",47.73011,-3.43523,Plein jour,En agglomération,Giratoire,Normale,Deux véhicules - côté,,,,,,,,,,,1,2,6,1.0,3.0