accident_id,datetime,annee,mois,jour,heure,minute,departement,commune_insee,adresse,latitude,longitude,luminosite,agglomeration,intersection,meteo,collision,nb_vehicules,nb_usagers,nb_indemnes,nb_tues,nb_blesses_hosp,nb_blesses_legers,age_cond_1,age_cond_2,veh_type_cond_1,veh_type_cond_2,lum_code,agg_code,int_code,atm_code,col_code
201000035983,0010-05-31 12:00:00,10,5,31,12,0,560,121,"57, LANVEUR ( ET PL. DE",47.74344,-3.38994,Plein jour,En agglomération,Hors intersection,Normale,Sans collision,,,,,,,,,,,1,2,1,1.0,7.0
201000035984,0010-06-01 02:27:00,10,6,1,2,27,560,98,"., GUERN (RUE DE LA)",47.77388,-3.33785,Nuit avec éclairage allumé,En agglomération,Hors intersection,Normale,Sans collision,,,,,,,,,,,5,2,1,1.0,7.0
201000035985,0010-06-01 08:16:00,10,6,1,8,16,560,121,"., FRANCE ( AVE ANATOLE",47.74703,-3.36606,Plein jour,En agglomération,Hors intersection,Normale,Sans collision,,,,,,,,,,,1,2,1,1.0,7.0
201000035986,0010-06-01 10:00:00,10,6,1,10,0,560,121,"., KEROLAY (RUE  DE )",47.73963,-3.37409,Plein jour,En agglomération,Intersection en X,Normale,Deux véhicules - côté,,,,,,,,,,,1,2,2,1.0,3.0
201000035987,0010-06-02 17:45:00,10,6,2,17,45,560,98,"., BOLLARDIERE (RUE  GEN",47.77799,-3.34138,Plein jour,En agglomération,Hors intersection,Normale,Deux véhicules - côté,,,,,,,,,,,1,2,1,1.0,3.0
201000035988,0010-06-02 23:20:00,10,6,2,23,20,560,98,"., LANN-SEVELIN (ROND PO",47.77755,-3.34464,Nuit avec éclairage allumé,En agglomération,Giratoire,Normale,Sans collision,,,,,,,,,,,5,2,6,1.0,7.0
201000035989,0010-06-03 07:45:00,10,6,3,7,45,560,162,"., FORT BLOQUE (ROUTE DU",47.73686,-3.43662,Plein jour,En agglomération,Giratoire,Normale,Deux véhicules - côté,,,,,,,,,,,1,2,6,1.0,3.0
201000035990,0010-06-04 11:53:00,10,6,4,11,53,560,98,"., MAURIAC (RUE  FRANCOI",47.76526,-3.34845,Plein jour,En agglomération,Hors intersection,Normale,Sans collision,,,,,,,,,,,1,2,1,1.0,7.0
201000035991,0010-06-07 17:30:00,10,6,7,17,30,560,162,"40, QUEVEN (ROUTE DE)",47.74267,-3.42431,Plein jour,En agglomération,Hors intersection,Pluie légère,Deux véhicules - arrière,,,,,,,,,,,1,2,1,2.0,2.0
201000035992,0010-06-07 18:30:00,10,6,7,18,30,560,98,"184, JAURES (RUE  JEAN )",47.76543,-3.34521,Plein jour,En agglomération,Hors intersection,Pluie légère,Deux véhicules - arrière,,,,,,,,,,,1,2,1,2.0,2.0
201000035993,0010-06-10 17:25:00,10,6,10,17,25,560,162,"., QUEHELLO LE FLOCH",47.72537,-3.4346,Plein jour,En agglomération,Hors intersection,Pluie légère,Sans collision,,,,,,,,,,,1,2,1,2.0,7.0
201000035994,0010-06-10 16:17:00,10,6,10,16,17,560,121,"., MONISTROL (RUE)",47.73268,-3.38588,Plein jour,En agglomération,Intersection en X,Pluie légère,Deux véhicules - côté,,,,,,,,,,,1,2,2,2.0,3.0
201000035995,0010-06-11 09:44:00,10,6,11,9,44,560,98,"., MITTERAND ( AV. FRANC",47.76642,-3.3346,Plein jour,En agglomération,Intersection en X,Normale,Deux véhicules - côté,,,,,,,,,,,1,2,2,1.0,3.0
201000035996,0010-06-13 02:40:00,10,6,13,2,40,560,121,"., ESVELIN (RUE  MAITRE",47.74506,-3.36337,Nuit avec éclairage allumé,En agglomération,Hors intersection,Normale,Sans collision,,,,,,,,,,,5,2,1,1.0,7.0
201000035997,0010-06-11 18:24:00,10,6,11,18,24,560,162,"., JEAN  XXIII (AVENUE P",47.73562,-3.43541,Plein jour,En agglomération,Intersection en X,Normale,Deux véhicules - côté,,,,,,,,,,,1,2,2,1.0,3.0
201000035998,0010-06-13 21:15:00,10,6,13,21,15,560,98,"01, BILLOUX ( AV. FRANCO",47.76738,-3.35481,Plein jour,En agglomération,Hors intersection,Normale,Sans collision,,,,,,,,,,,1,2,1,1.0,7.0
201000035999,0010-06-14 08:04:00,10,6,14,8,4,560,121,"., KERVARIC (RUE  DE )",47.74683,-3.3859,Plein jour,En agglomération,Intersection en T,Normale,Deux véhicules - côté,,,,,,,,,,,1,2,3,1.0,3.0
201000036000,0010-06-14 08:04:00,10,6,14,8,4,560,83,"., TY MOR (RUE  DU )",47.79726,-3.27836,Plein jour,En agglomération,Hors intersection,Normale,Deux véhicules - arrière,,,,,,,,,,,1,2,1,1.0,2.0
201000036001,0010-06-16 19:17:00,10,6,16,19,17,560,121,"06, NORMANDIE ( BD ET IM",47.75947,-3.36735,Plein jour,En agglomération,Hors intersection,Normale,Deux véhicules - arrière,,,,,,,,,,,1,2,1,1.0,2.0
201000036002,0010-06-21 12:25:00,10,6,21,12,25,560,121,"5, ROUGET DE LISLE (RUE",47.7541,-3.39619,Plein jour,En agglomération,Hors intersection,Normale,Autre collision,,,,,,,,,,,1,2,1,1.0,6.0
201000036003,0010-06-29 17:16:00,10,6,29,17,16,560,121,"., DE GAULLE ( AVE DU GE",47.74131,-3.37312,Plein jour,En agglomération,Giratoire,Normale,Deux véhicules - côté,,,,,,,,,,,1,2,6,1.0,3.0
201000036004,0010-06-29 19:20:00,10,6,29,19,20,560,121,"., DE GAULLE ( AVE DU GE",47.74125,-3.37295,Plein jour,En agglomération,Giratoire,Normale,Deux véhicules - côté,,,,,,,,,,,1,2,6,1.0,3.0
201000036005,0010-07-02 14:45:00,10,7,2,14,45,560,121,"86, DE GAULLE ( AVE DU G",47.74043,-3.37594,Plein jour,En agglomération,Hors intersection,Pluie légère,Sans collision,,,,,,,,,,,1,2,1,2.0,7.0
201000036006,0010-07-03 18:08:00,10,7,3,18,8,560,121,"., MONISTROL (RUE)",47.73649,-3.38288,Plein jour,En agglomération,Giratoire,Normale,Deux véhicules - côté,,,,,,,,,,,1,2,6,1.0,3.0
201000036007,0010-07-03 19:34:00,10,7,3,19,34,560,98,"80, KESLER-DEVILLERS ( A",47.76766,-3.34127,Plein jour,En agglomération,Hors intersection,Temps éblouissant,Deux véhicules - côté,,,,,,,,,,,1,2,1,7.0,3.0
201000036008,0010-07-06 07:53:00,10,7,6,7,53,560,121,"., KERVARIC (RUE  DE )",47.74656,-3.38737,Plein jour,En agglomération,Giratoire,Normale,Deux véhicules - côté,,,,,,,,,,,1,2,6,1.0,3.0
201000036009,0010-07-06 10:29:00,10,7,6,10,29,560,121,"14, CHAZELLES ( COURS LO",47.75545,-3.36332,Plein jour,En agglomération,Hors intersection,Normale,Autre collision,,,,,,,,,,,1,2,1,1.0,6.0
201000036010,0010-07-07 18:00:00,10,7,7,18,0,560,98,RN 165 (PATINOIRE),,,Plein jour,Hors agglomération,Hors intersection,Normale,Sans collision,,,,,,,,,,,1,1,1,1.0,7.0
201000036011,0010-07-07 18:15:00,10,7,7,18,15,560,83,"., REPUBLIQUE ( AVE DE L",47.8014,-3.2819,Plein jour,En agglomération,Hors intersection,Normale,Trois véhicules et plus - en chaîne,,,,,,,,,,,1,2,1,1.0,4.0
201000036012,0010-07-10 02:45:00,10,7,10,2,45,560,83,"121, FOCH ( PL. MARECHAL",47.80551,-3.27625,Nuit avec éclairage allumé,En agglomération,Hors intersection,Normale,Sans collision,,,,,,,,,,,5,2,1,1.0,7.0
201000036013,0010-07-12 21:30:00,10,7,12,21,30,560,121,"47, KERGUILLETTE (RUE  D",47.76467,-3.39175,Plein jour,En agglomération,Hors intersection,Pluie légère,Autre collision,,,,,,,,,,,1,2,1,2.0,6.0
201000036014,0010-07-13 18:25:00,10,7,13,18,25,560,162,"., PLOEMEUR (RUE DE)",47.73319,-3.49762,Plein jour,En agglomération,Giratoire,Normale,Autre collision,,,,,,,,,,,1,2,6,1.0,6.0
201000036015,0010-07-14 23:25:00,10,7,14,23,25,560,107,"., KENNEDY (AVENUE DU PR",47.70989,-3.38453,Nuit avec éclairage allumé,En agglomération,Hors intersection,Pluie forte,Sans collision,,,,,,,,,,,5,2,1,3.0,7.0
201000036016,0010-07-16 09:00:00,10,7,16,9,0,560,121,"206, BELGIQUE (RUE  DE )",47.7617,-3.38883,Plein jour,En agglomération,Hors intersection,Normale,Sans collision,,,,,,,,,,,1,2,1,1.0,7.0
201000036017,0010-07-17 19:29:00,10,7,17,19,29,560,121,"100, GUIEYSSE (RUE  PAUL",47.75767,-3.3736,Plein jour,En agglomération,Hors intersection,Normale,Deux véhicules - arrière,,,,,,,,,,,1,2,1,1.0,2.0
201000036018,0010-07-18 08:45:00,10,7,18,8,45,560,121,"24, KERGUILLETTE (RUE  D",47.76388,-3.39455,Plein jour,En agglomération,Hors intersection,Normale,Sans collision,,,,,,,,,,,1,2,1,1.0,7.0
201000036019,0010-07-18 12:12:00,10,7,18,12,12,560,107,"., ROUTE DEPARTEMENTALE",,,Plein jour,En agglomération,Hors intersection,Normale,Deux véhicules - côté,,,,,,,,,,,1,2,1,1.0,3.0
201000036020,0010-07-19 19:05:00,10,7,19,19,5,560,121,"., MULLER ( DU COLONEL J",47.76454,-3.39799,Crépuscule ou aube,En agglomération,Intersection en T,Normale,Sans collision,,,,,,,,,,,2,2,3,1.0,7.0
201000036021,0010-07-22 18:10:00,10,7,22,18,10,560,98,"., DJIBAOU (RUE  JEAN-MA",47.77696,-3.35614,Plein jour,En agglomération,Hors intersection,Normale,Deux véhicules - côté,,,,,,,,,,,1,2,1,1.0,3.0
201000036022,0010-07-24 01:40:00,10,7,24,1,40,560,121,"9, CHAIGNEAU (RUE)",47.75418,-3.36064,Nuit sans éclairage public,En agglomération,Hors intersection,Normale,Sans collision,,,,,,,,,,,3,2,1,1.0,7.0
201000036023,0010-07-24 15:01:00,10,7,24,15,1,560,107,"3, KENNEDY (AVENUE DU PR",47.71024,-3.38473,Plein jour,En agglomération,Hors intersection,Normale,Sans collision,,,,,,,,,,,1,2,1,1.0,7.0
201000036024,0010-07-25 18:00:00,10,7,25,18,0,560,107,"3, MOULIN (RUE DU VIEUX)",47.71574,-3.38795,Plein jour,En agglomération,Hors intersection,Normale,Sans collision,,,,,,,,,,,1,2,1,1.0,7.0
201000036025,0010-07-26 12:01:00,10,7,26,12,1,560,162,"., PENESCLUZ",47.75,-3.41289,Plein jour,Hors agglomération,Hors intersection,Normale,Sans collision,,,,,,,,,,,1,1,1,1.0,7.0
201000036026,0010-07-27 18:52:00,10,7,27,18,52,560,162,"3, PASCAL (RUE BLAISE)",47.73384,-3.43666,Plein jour,En agglomération,Hors intersection,Normale,Sans collision,,,,,,,,,,,1,2,1,1.0,7.0
201000036027,0010-08-02 20:10:00,10,8,2,20,10,560,121,"20, GUILLEMOT (RUE  ARMA",47.74545,-3.38969,Crépuscule ou aube,En agglomération,Hors intersection,Normale,Deux véhicules - arrière,,,,,,,,,,,2,2,1,1.0,2.0
201000036028,0010-08-05 18:19:00,10,8,5,18,19,560,98,"., DJIBAOU (RUE  JEAN-MA",47.77691,-3.3567,Plein jour,En agglomération,Hors intersection,Normale,Deux véhicules - côté,,,,,,,,,,,1,2,1,1.0,3.0
201000036029,0010-08-06 14:55:00,10,8,6,14,55,560,107,"., ROUTE DEPARTEMENTALE",47.71774,-3.3838,Plein jour,En agglomération,Intersection en X,Normale,Deux véhicules - côté,,,,,,,,,,,1,2,2,1.0,3.0
201000036030,0010-08-08 05:20:00,10,8,8,5,20,560,121,"52, JAURES ( AVE JEAN )",47.74523,-3.37319,Nuit avec éclairage allumé,En agglomération,Intersection en T,Normale,Autre collision,,,,,,,,,,,5,2,3,1.0,6.0
201000036031,0010-08-08 10:45:00,10,8,8,10,45,560,121,"., COURNET ( RUE  FREDER",47.75743,-3.3611,Crépuscule ou aube,En agglomération,Intersection en X,Normale,Deux véhicules - côté,,,,,,,,,,,2,2,2,1.0,3.0
201000036032,0010-08-09 06:20:00,10,8,9,6,20,560,98,"., NERUDA (AVENUE  PABLO",47.76601,-3.32902,Nuit avec éclairage allumé,En agglomération,Giratoire,Normale,Deux véhicules - côté,,,,,,,,,,,5,2,6,1.0,3.0
201000036033,0010-08-12 10:23:00,10,8,12,10,23,560,98,"32, SEMBAT ( ET IMP. MAR",47.76181,-3.34665,Plein jour,En agglomération,Hors intersection,Normale,Sans collision,,,,,,,,,,,1,2,1,1.0,7.0
201000036034,0010-08-13 18:04:00,10,8,13,18,4,560,121,"15, LAGARDE (RUE  J. )",47.74282,-3.35824,Plein jour,En agglomération,Hors intersection,Normale,Sans collision,,,,,,,,,,,1,2,1,1.0,7.0
201000036035,0010-08-14 17:40:00,10,8,14,17,40,560,121,RN 465 (DESSERTE PORTUAI,47.73665,-3.37697,Plein jour,En agglomération,Hors intersection,Normale,Deux véhicules - frontale,,,,,,,,,,,1,2,1,1.0,1.0
201000036036,0010-08-16 03:05:00,10,8,16,3,5,560,121,"40, GUIEYSSE (RUE  PAUL",47.75731,-3.36869,Nuit avec éclairage allumé,En agglomération,Intersection en X,Normale,Deux véhicules - côté,,,,,,,,,,,5,2,2,1.0,3.0
201000036037,0010-08-20 14:10:00,10,8,20,14,10,560,107,"., KERMELO (PONT)",47.72687,-3.38381,Plein jour,En agglomération,Giratoire,Normale,Deux véhicules - côté,,,,,,,,,,,1,2,6,1.0,3.0
201000036038,0010-08-20 19:50:00,10,8,20,19,50,560,83,"., CACHIN (RUE  MARCEL )",47.80635,-3.26234,Plein jour,En agglomération,Intersection en X,Normale,Deux véhicules - côté,,,,,,,,,,,1,2,2,1.0,3.0
201000036039,0010-08-23 10:50:00,10,8,23,10,50,560,98,"., BLUM (RUE LEON)",47.75898,-3.33661,Plein jour,En agglomération,Intersection en T,Normale,Autre collision,,,,,,,,,,,1,2,3,1.0,6.0
201000036040,0010-08-23 17:24:00,10,8,23,17,24,560,121,"15, LECLERC ( BD GENERAL",47.74828,-3.36515,Plein jour,En agglomération,Hors intersection,Normale,Deux véhicules - arrière,,,,,,,,,,,1,2,1,1.0,2.0
201000036041,0010-08-25 16:55:00,10,8,25,16,55,560,83,"., BALZAC (RUE  HONORE D",47.813,-3.25381,Plein jour,En agglomération,Intersection en X,Pluie légère,Autre collision,,,,,,,,,,,1,2,2,2.0,6.0
201000036042,0010-08-26 14:20:00,10,8,26,14,20,560,83,ROUTE NATIONALE  165,,,Plein jour,Hors agglomération,Hors intersection,Pluie légère,Deux véhicules - arrière,,,,,,,,,,,1,1,1,2.0,2.0
201000036043,0010-08-26 17:52:00,10,8,26,17,52,560,107,ROUTE DEPARTEMENTALE 29,,,Plein jour,Hors agglomération,Intersection en Y,Pluie légère,Deux véhicules - côté,,,,,,,,,,,1,1,4,2.0,3.0
201000036044,0010-08-30 16:00:00,10,8,30,16,0,560,83,JAURES ( AV. JEAN ),47.80145,-3.28226,Plein jour,En agglomération,Hors intersection,Normale,Deux véhicules - arrière,,,,,,,,,,,1,2,1,1.0,2.0
201000036045,0010-08-31 11:52:00,10,8,31,11,52,560,162,"., KERLIN-BASTARD",47.7552,-3.42051,Plein jour,En agglomération,Hors intersection,Normale,Deux véhicules - frontale,,,,,,,,,,,1,2,1,1.0,1.0
201000036046,0010-08-31 14:05:00,10,8,31,14,5,560,162,"., LAITERIE (CHEMIN DE L",47.7321,-3.41636,Plein jour,En agglomération,Intersection en X,Normale,Deux véhicules - côté,,,,,,,,,,,1,2,2,1.0,3.0
201000036047,0010-08-31 15:24:00,10,8,31,15,24,560,121,"., LOTE (RUE  RENE )",47.77171,-3.40381,Plein jour,En agglomération,Hors intersection,Normale,Sans collision,,,,,,,,,,,1,2,1,1.0,7.0
201000036048,0010-08-31 21:55:00,10,8,31,21,55,560,98,"., COUBERTIN (RUE  PIERR",47.76591,-3.3443,Nuit avec éclairage allumé,En agglomération,Hors intersection,Normale,Deux véhicules - côté,,,,,,,,,,,5,2,1,1.0,3.0
201000036049,0010-09-01 11:20:00,10,9,1,11,20,560,121,"., DUNANT (RUE  HENRI )",47.75079,-3.376,Plein jour,En agglomération,Intersection en X,Normale,Deux véhicules - côté,,,,,,,,,,,1,2,2,1.0,3.0
201000036050,0010-09-01 17:16:00,10,9,1,17,16,560,83,"13, PERI (RUE  GABRIEL )",47.8087,-3.27524,Plein jour,En agglomération,Hors intersection,Normale,Deux véhicules - arrière,,,,,,,,,,,1,2,1,1.0,2.0
201000036051,0010-09-01 18:45:00,10,9,1,18,45,560,83,"., LUMIERE ( AV. DES FRE",47.79953,-3.25981,Plein jour,En agglomération,Hors intersection,Normale,Sans collision,,,,,,,,,,,1,2,1,1.0,7.0
201000036052,0010-09-02 08:35:00,10,9,2,8,35,560,162,"19, SAINTE  ANNE (RUE)",47.7367,-3.42535,Plein jour,En agglomération,Hors intersection,Normale,Autre collision,,,,,,,,,,,1,2,1,1.0,6.0
201000036053,0010-09-02 20:45:00,10,9,2,20,45,560,83,"., KERPOTENCE (RUE  DE )",47.8147,-3.24311,Crépuscule ou aube,En agglomération,Hors intersection,Normale,Sans collision,,,,,,,,,,,2,2,1,1.0,7.0
201000036054,0010-09-03 08:16:00,10,9,3,8,16,560,121,"., BOLLARDIERE (RUE  GEN",47.75583,-3.39142,Plein jour,En agglomération,Hors intersection,Normale,Sans collision,,,,,,,,,,,1,2,1,1.0,7.0
201000036055,0010-09-03 08:30:00,10,9,3,8,30,560,121,"31, JAURES ( AVE JEAN )",47.74522,-3.37351,Plein jour,En agglomération,Hors intersection,Normale,Sans collision,,,,,,,,,,,1,2,1,1.0,7.0
201000036056,0010-09-03 11:35:00,10,9,3,11,35,560,107,"., 185 (ROUTE DEPARTEMEN",47.72298,-3.40955,Plein jour,Hors agglomération,Hors intersection,Normale,Deux véhicules - frontale,,,,,,,,,,,1,1,1,1.0,1.0
201000036057,0010-09-05 10:55:00,10,9,5,10,55,560,121,"11, FRANCOIS (RUE  PAUL",47.7421,-3.38817,Plein jour,En agglomération,Hors intersection,Normale,Autre collision,,,,,,,,,,,1,2,1,1.0,6.0
201000036058,0010-09-05 18:15:00,10,9,5,18,15,560,121,"., BLUM ( BD LEON )",47.74722,-3.37646,Plein jour,En agglomération,Intersection en X,Normale,Trois véhicules et plus - collisions multiples,,,,,,,,,,,1,2,2,1.0,5.0
201000036059,0010-09-07 17:20:00,10,9,7,17,20,560,121,"38, CHAZELLES ( COURS LO",47.75381,-3.36213,Plein jour,En agglomération,Intersection en X,Pluie forte,Deux véhicules - côté,,,,,,,,,,,1,2,2,3.0,3.0
201000036060,0010-09-08 12:33:00,10,9,8,12,33,560,83,"., BRIAND (RUE  ARISTIDE",47.79952,-3.28945,Plein jour,En agglomération,Hors intersection,Normale,Deux véhicules - arrière,,,,,,,,,,,1,2,1,1.0,2.0
201000036061,0010-09-09 14:46:00,10,9,9,14,46,560,121,"., TOULLEC (RUE  FRANCOI",47.7344,-3.37596,Plein jour,En agglomération,Hors intersection,Normale,Deux véhicules - arrière,,,,,,,,,,,1,2,1,1.0,2.0
201000036062,0010-09-10 05:00:00,10,9,10,5,0,560,121,"., CHAZELLES ( COURS LOU",47.75685,-3.36458,Nuit avec éclairage allumé,En agglomération,Hors intersection,Normale,Autre collision,,,,,,,,,,,5,2,1,1.0,6.0
201000036063,0010-09-10 08:17:00,10,9,10,8,17,560,98,"8, JAURES (RUE  JEAN )",47.76355,-3.36129,Plein jour,En agglomération,Hors intersection,Normale,Deux véhicules - côté,,,,,,,,,,,1,2,1,1.0,3.0
201000036064,0010-09-10 18:09:00,10,9,10,18,9,560,121,"2, HELIAS (RUE  PER JAKE",47.73588,-3.3805,Plein jour,En agglomération,Hors intersection,Normale,Sans collision,,,,,,,,,,,1,2,1,1.0,7.0
201000036065,0010-09-10 20:22:00,10,9,10,20,22,560,121,"68, KERGUILLETTE (RUE  D",47.76508,-3.39118,Plein jour,En agglomération,Hors intersection,Normale,Deux véhicules - arrière,,,,,,,,,,,1,2,1,1.0,2.0
201000036066,0010-09-12 15:45:00,10,9,12,15,45,560,98,BOL D'AIR (RUE DU),47.76334,-3.31528,Plein jour,En agglomération,Hors intersection,Normale,Deux véhicules - arrière,,,,,,,,,,,1,2,1,1.0,2.0
201000036067,0010-09-12 18:00:00,10,9,12,18,0,560,83,GARDELOUPE ( R-P DE LA ),47.80628,-3.25939,Plein jour,En agglomération,Intersection à plus de 4 branches,Normale,Sans collision,,,,,,,,,,,1,2,5,1.0,7.0
201000036068,0010-09-12 19:40:00,10,9,12,19,40,560,98,LANN-SEVELIN (ROND POINT,47.7782,-3.3451,Plein jour,Hors agglomération,Intersection à plus de 4 branches,Normale,Sans collision,,,,,,,,,,,1,1,5,1.0,7.0
201000036069,0010-09-12 16:45:00,10,9,12,16,45,560,83,"., BRUANT ( AV. ARISTIDE",47.80462,-3.25934,Plein jour,En agglomération,Hors intersection,Normale,Deux véhicules - arrière,,,,,,,,,,,1,2,1,1.0,2.0
201000036070,0010-09-13 13:00:00,10,9,13,13,0,560,98,PENHER (ROND POINT),47.76183,-3.34671,Plein jour,En agglomération,Giratoire,Normale,Sans collision,,,,,,,,,,,1,2,6,1.0,7.0
201000036071,0010-09-13 19:00:00,10,9,13,19,0,560,121,"6, CHAZELLES ( COURS LOU",47.75662,-3.364,Plein jour,En agglomération,Hors intersection,Normale,Autre collision,,,,,,,,,,,1,2,1,1.0,6.0
201000036072,0010-09-15 08:47:00,10,9,15,8,47,560,98,"75, CROIZAT ( AVE AMBROI",47.77488,-3.34641,Plein jour,En agglomération,Intersection en X,Pluie légère,Sans collision,,,,,,,,,,,1,2,2,2.0,7.0
201000036073,0010-09-15 17:43:00,10,9,15,17,43,560,121,BLANQUI (RUE  LOUIS),47.75358,-3.36452,Plein jour,En agglomération,Intersection en X,Normale,Deux véhicules - côté,,,,,,,,,,,1,2,2,1.0,3.0
201000036074,0010-09-15 18:40:00,10,9,15,18,40,560,121,BELLE-FONTAINE (RUE  DE,47.74307,-3.36586,Plein jour,En agglomération,Intersection en X,Normale,Deux véhicules - côté,,,,,,,,,,,1,2,2,1.0,3.0
201000036075,0010-09-16 17:35:00,10,9,16,17,35,560,121,"., COSMAO-DUMANOIR ( BD",47.75401,-3.36738,Plein jour,En agglomération,Hors intersection,Normale,Sans collision,,,,,,,,,,,1,2,1,1.0,7.0
201000036076,0010-09-17 18:19:00,10,9,17,18,19,560,83,RN 165,,,Plein jour,Hors agglomération,Hors intersection,Normale,Trois véhicules et plus - en chaîne,,,,,,,,,,,1,1,1,1.0,4.0
201000036077,0010-09-18 14:20:00,10,9,18,14,20,560,98,"., KESLER-DEVILLERS ( AV",47.76726,-3.33959,Plein jour,En agglomération,Intersection en X,Normale,Deux véhicules - côté,,,,,,,,,,,1,2,2,1.0,3.0
201000036078,0010-09-23 18:58:00,10,9,23,18,58,560,121,"43, KERGUILLETTE (RUE  D",47.76453,-3.39237,Plein jour,En agglomération,Intersection en X,Normale,Sans collision,,,,,,,,,,,1,2,2,1.0,7.0
201000036079,0010-09-24 09:05:00,10,9,24,9,5,560,162,"., KERDUELLIC",47.73836,-3.44341,Plein jour,Hors agglomération,Hors intersection,Temps éblouissant,Sans collision,,,,,,,,,,,1,1,1,7.0,7.0
201000036080,0010-09-24 16:15:00,10,9,24,16,15,560,121,"14, FRANCE ( AVE ANATOLE",47.74757,-3.36529,Plein jour,En agglomération,Hors intersection,Normale,Sans collision,,,,,,,,,,,1,2,1,1.0,7.0
201000036081,0010-09-25 17:13:00,10,9,25,17,13,560,121,"., LE BRAZ ( PL. ANATOLE",47.74885,-3.36,Plein jour,En agglomération,Hors intersection,Normale,Sans collision,,,,,,,,,,,1,2,1,1.0,7.0
201000036082,0010-09-25 17:10:00,10,9,25,17,10,560,121,ROUTE DEPARTEMENTALE 465,47.74884,-3.36,Plein jour,En agglomération,Hors intersection,Normale,Sans collision,,,,,,,,,,,1,2,1,1.0,7.0
201000036083,0010-09-26 07:45:00,10,9,26,7,45,560,83,BOUETIEZ ( ET IMP. DU ),47.80514,-3.24745,Nuit sans éclairage public,En agglomération,Hors intersection,Normale,Autre collision,,,,,,,,,,,3,2,1,1.0,6.0
201000036084,0010-09-28 16:47:00,10,9,28,16,47,560,98,"112, JAURES (RUE  JEAN )",47.76681,-3.35582,Plein jour,En agglomération,Hors intersection,Normale,Autre collision,,,,,,,,,,,1,2,1,1.0,6.0
201000036085,0010-10-02 18:02:00,10,10,2,18,2,560,98,"., GUERN (RUE DE LA)",47.77194,-3.33719,Plein jour,En agglomération,Intersection en X,Pluie forte,Deux véhicules - côté,,,,,,,,,,,1,2,2,3.0,3.0
201000036086,0010-10-02 18:25:00,10,10,2,18,25,560,98,"., MOQUET ( AV. GUY )",47.76383,-3.35084,Plein jour,En agglomération,Hors intersection,Pluie forte,Autre collision,,,,,,,,,,,1,2,1,3.0,6.0
201000036087,0010-10-03 00:35:00,10,10,3,0,35,560,121,"., NORMANDIE ( BD ET IMP",47.75777,-3.37156,Nuit avec éclairage allumé,En agglomération,Hors intersection,Normale,Deux véhicules - frontale,,,,,,,,,,,5,2,1,1.0,1.0
201000036088,0010-10-03 16:29:00,10,10,3,16,29,560,162,"., PINS (RUE DES)",47.73539,-3.43261,Plein jour,En agglomération,Intersection en X,Pluie forte,Deux véhicules - côté,,,,,,,,,,,1,2,2,3.0,3.0
201000036089,0010-10-05 18:45:00,10,10,5,18,45,560,83,"., LIBERATION ( AV. DE L",,,Plein jour,En agglomération,Hors intersection,Normale,Sans collision,,,,,,,,,,,1,2,1,1.0,7.0
201000036090,0010-10-08 07:55:00,10,10,8,7,55,560,83,PORT LOUIS ( ROUTE),,,Plein jour,Hors agglomération,Intersection en X,Normale,Deux véhicules - frontale,,,,,,,,,,,1,1,2,1.0,1.0
201000036091,0010-10-08 11:10:00,10,10,8,11,10,560,121,"87, COSMAO-DUMANOIR ( BD",47.75314,-3.3752,Plein jour,En agglomération,Hors intersection,Normale,Deux véhicules - arrière,,,,,,,,,,,1,2,1,1.0,2.0
201000036092,0010-10-08 13:20:00,10,10,8,13,20,560,98,"., KESLER-DEVILLERS ( AV",47.76719,-3.3395,Plein jour,En agglomération,Intersection en X,Normale,Deux véhicules - côté,,,,,,,,,,,1,2,2,1.0,3.0
201000036093,0010-10-09 23:55:00,10,10,9,23,55,560,121,LAENNEC ( BD ),47.75853,-3.35896,Nuit avec éclairage allumé,En agglomération,Intersection en T,Pluie légère,Deux véhicules - côté,,,,,,,,,,,5,2,3,2.0,3.0
201000036094,0010-10-10 11:02:00,10,10,10,11,2,560,98,"66, KESLER-DEVILLERS ( A",47.76808,-3.34284,Plein jour,En agglomération,Hors intersection,Normale,Autre collision,,,,,,,,,,,1,2,1,1.0,6.0
201000036095,0010-10-10 19:06:00,10,10,10,19,6,560,162,"., KERVAM",47.7176,-3.42283,Crépuscule ou aube,En agglomération,Hors intersection,Normale,Autre collision,,,,,,,,,,,2,2,1,1.0,6.0
201000036096,0010-10-11 11:19:00,10,10,11,11,19,560,121,ORADOUR SUR GLANE ( BD D,47.75357,-3.37106,Plein jour,En agglomération,Hors intersection,Normale,Sans collision,,,,,,,,,,,1,2,1,1.0,7.0
201000036097,0010-10-03 16:20:00,10,10,3,16,20,560,107,"., ROUTE DEPARTEMENTALE",,,Plein jour,En agglomération,Intersection en X,Normale,Trois véhicules et plus - en chaîne,,,,,,,,,,,1,2,2,1.0,4.0
201000036098,0010-10-12 13:55:00,10,10,12,13,55,560,121,"117, BLUM ( BD LEON )",47.7457,-3.38068,Plein jour,En agglomération,Hors intersection,Normale,Autre collision,,,,,,,,,,,1,2,1,1.0,6.0
201000036099,0010-10-12 17:35:00,10,10,12,17,35,560,121,"., VERNE (RUE  JULES )",47.74645,-3.37361,Plein jour,En agglomération,Intersection en X,Normale,Deux véhicules - côté,,,,,,,,,,,1,2,2,1.0,3.0
201000036100,0010-10-12 23:40:00,10,10,12,23,40,560,83,"156, VAILLANT ( AV. EDOU",47.82401,-3.24907,Nuit avec éclairage allumé,En agglomération,Hors intersection,Normale,Autre collision,,,,,,,,,,,5,2,1,1.0,6.0