accident_id,datetime,annee,mois,jour,heure,minute,departement,commune_insee,adresse,latitude,longitude,luminosite,agglomeration,intersection,meteo,collision,nb_vehicules,nb_usagers,nb_indemnes,nb_tues,nb_blesses_hosp,nb_blesses_legers,age_cond_1,age_cond_2,veh_type_cond_1,veh_type_cond_2,lum_code,agg_code,int_code,atm_code,col_code
201000036217,0010-10-12 18:30:00,10,10,12,18,30,560,260,"., LEHELEC(RUE)",47.65609,-2.75974,Plein jour,En agglomération,Hors intersection,Normale,Trois véhicules et plus - en chaîne,,,,,,,,,,,1,2,1,1.0,4.0
201000036218,0010-10-17 18:00:00,10,10,17,18,0,560,260,"., GUILLAUDOT(BOULEVARD",47.66702,-2.74557,Plein jour,En agglomération,Intersection en T,Normale,Deux véhicules - côté,,,,,,,,,,,1,2,3,1.0,3.0
201000036219,0010-10-25 15:05:00,10,10,25,15,5,560,260,"., POMPIDOU(AVENUE GEORG",47.66815,-2.77079,Plein jour,En agglomération,Hors intersection,Normale,Deux véhicules - côté,,,,,,,,,,,1,2,1,1.0,3.0
201000036220,0010-11-02 15:40:00,10,11,2,15,40,560,260,"4, MARCHAIS(PLACE MAURIC",47.65844,-2.75983,Plein jour,En agglomération,Intersection en T,Normale,Deux véhicules - côté,,,,,,,,,,,1,2,3,1.0,3.0
201000036221,0010-11-04 09:30:00,10,11,4,9,30,560,260,RD 767 / SENS-VANNES/LOC,,,Plein jour,En agglomération,Hors intersection,Normale,Deux véhicules - frontale,,,,,,,,,,,1,2,1,1.0,1.0
201000036222,0010-11-05 18:34:00,10,11,5,18,34,560,260,"., CHURCHILL(RUE WINSTON",47.64354,-2.77115,Crépuscule ou aube,En agglomération,Intersection en T,Normale,Autre collision,,,,,,,,,,,2,2,3,1.0,6.0
201000036223,0010-11-08 18:35:00,10,11,8,18,35,560,260,"., LUSCANEN(GIRATOIRE DE",47.66195,-2.79505,Nuit avec éclairage allumé,En agglomération,Giratoire,Pluie légère,Deux véhicules - côté,,,,,,,,,,,5,2,6,2.0,3.0
201000036224,0010-11-20 20:45:00,10,11,20,20,45,560,260,"., PONTIVY(BOULEVARD DE)",47.67081,-2.77057,Nuit avec éclairage allumé,En agglomération,Hors intersection,Normale,Deux véhicules - arrière,,,,,,,,,,,5,2,1,1.0,2.0
201000036225,0010-11-20 18:10:00,10,11,20,18,10,560,260,"60, DELESTRAINT(AVENUE D",47.65612,-2.73932,Nuit avec éclairage allumé,En agglomération,Hors intersection,Normale,Deux véhicules - frontale,,,,,,,,,,,5,2,1,1.0,1.0
201000036226,0010-11-23 10:25:00,10,11,23,10,25,560,260,"114, PAIX(BLD DE LA) 41",47.65939,-2.75504,Plein jour,En agglomération,Intersection en T,Normale,Deux véhicules - côté,,,,,,,,,,,1,2,3,1.0,3.0
201000036227,0010-12-01 18:15:00,10,12,1,18,15,560,260,"37, CHURCHILL(RUE WINSTO",47.64478,-2.77107,Nuit avec éclairage allumé,En agglomération,Hors intersection,Neige / grêle,Autre collision,,,,,,,,,,,5,2,1,4.0,6.0
201000036228,0010-12-05 17:55:00,10,12,5,17,55,560,260,"., LIZIEC(GIRATOIRE DU)",47.66372,-2.72664,Nuit avec éclairage allumé,En agglomération,Giratoire,Pluie légère,Deux véhicules - côté,,,,,,,,,,,5,2,6,2.0,3.0
201000036229,0010-12-10 23:25:00,10,12,10,23,25,560,260,"74, WEYGAND(RUE DU GENER",47.66059,-2.72173,Nuit avec éclairage allumé,En agglomération,Intersection en T,Normale,Autre collision,,,,,,,,,,,5,2,3,1.0,6.0
201000036230,0010-12-09 10:15:00,10,12,9,10,15,560,260,R.D. 779(ROUTE DEPLESCOP,,,Plein jour,En agglomération,Hors intersection,Normale,Autre collision,,,,,,,,,,,1,2,1,1.0,6.0
201000036231,0010-12-09 17:40:00,10,12,9,17,40,560,260,"2, LIBERATION(PLACE DE L",47.65645,-2.76006,Nuit sans éclairage public,En agglomération,Hors intersection,Normale,Autre collision,,,,,,,,,,,3,2,1,1.0,6.0
201000036232,0010-12-18 21:30:00,10,12,18,21,30,560,260,RN 165 -SENS LORIENT / N,,,Nuit sans éclairage public,En agglomération,Hors intersection,Normale,Deux véhicules - arrière,,,,,,,,,,,3,2,1,1.0,2.0
201000036233,0010-12-17 19:00:00,10,12,17,19,0,560,260,"., BERNUS(RUE DE)",47.65444,-2.76847,Nuit avec éclairage allumé,En agglomération,Intersection en T,Temps couvert,Deux véhicules - côté,,,,,,,,,,,5,2,3,8.0,3.0
201000036234,0010-01-06 15:20:00,10,1,6,15,20,560,164,"., Docteur LEONCE FRANCO",47.66258,-2.79647,Plein jour,En agglomération,Hors intersection,Normale,Autre collision,,,,,,,,,,,1,2,1,1.0,6.0
201000036235,0010-01-14 04:55:00,10,1,14,4,55,560,260,"., GILLOT DE KERARDEN(RU",47.64914,-2.77047,Nuit avec éclairage allumé,En agglomération,Intersection en T,Temps couvert,Deux véhicules - frontale,,,,,,,,,,,5,2,3,8.0,1.0
201000036236,0010-01-17 11:30:00,10,1,17,11,30,560,260,"., LUSCANEN(GIRATOIRE DE",47.66211,-2.79428,Plein jour,En agglomération,Giratoire,Normale,Deux véhicules - côté,,,,,,,,,,,1,2,6,1.0,3.0
201000036237,0010-01-25 17:50:00,10,1,25,17,50,560,260,RN 165 -SENS NANTES / LO,,,Nuit sans éclairage public,En agglomération,Hors intersection,Normale,Deux véhicules - arrière,,,,,,,,,,,3,2,1,1.0,2.0
201000036238,0010-01-30 14:25:00,10,1,30,14,25,560,260,"., MARNE(AVENUE DE LA) M",47.66105,-2.79464,Plein jour,En agglomération,Hors intersection,Normale,Autre collision,,,,,,,,,,,1,2,1,1.0,6.0
201000036239,0010-02-06 17:25:00,10,2,6,17,25,560,260,"., BOUCICAUT(RUE ARISTID",47.66747,-2.79508,Plein jour,En agglomération,Hors intersection,Normale,Deux véhicules - frontale,,,,,,,,,,,1,2,1,1.0,1.0
201000036240,0010-02-26 18:20:00,10,2,26,18,20,560,260,"., KERLANN(GIRATOIRE DE)",47.66004,-2.78989,Plein jour,En agglomération,Intersection en T,Normale,Autre collision,,,,,,,,,,,1,2,3,1.0,6.0
201000036241,0010-03-03 12:30:00,10,3,3,12,30,560,260,"., REPUBLIQUE(PLACE DE L",47.65642,-2.76086,Plein jour,En agglomération,Hors intersection,Normale,Autre collision,,,,,,,,,,,1,2,1,1.0,6.0
201000036242,0010-03-06 16:55:00,10,3,6,16,55,560,260,"., RENAUDOT(THEOPHRASTE)",47.66047,-2.79,Plein jour,En agglomération,Hors intersection,Normale,Autre collision,,,,,,,,,,,1,2,1,1.0,6.0
201000036243,0010-03-19 17:20:00,10,3,19,17,20,560,260,"., PAIX(BLD DE LA) 41 A",47.6656,-2.74994,Plein jour,En agglomération,Hors intersection,Normale,Autre collision,,,,,,,,,,,1,2,1,1.0,6.0
201000036244,0010-04-25 18:10:00,10,4,25,18,10,560,260,"., LE DRESSAY(RUE FERDIN",47.65354,-2.75736,Plein jour,En agglomération,Hors intersection,Normale,Deux véhicules - côté,,,,,,,,,,,1,2,1,1.0,3.0
201000036245,0010-05-10 20:10:00,10,5,10,20,10,560,260,"., WILSON(AVENUE)",47.66418,-2.75572,Plein jour,En agglomération,Giratoire,Temps couvert,Autre collision,,,,,,,,,,,1,2,6,8.0,6.0
201000036246,0010-05-17 12:00:00,10,5,17,12,0,560,260,"., POMPIDOU(GIRATOIRE)",47.66614,-2.77064,Plein jour,En agglomération,Giratoire,Normale,Deux véhicules - côté,,,,,,,,,,,1,2,6,1.0,3.0
201000036247,0010-06-03 17:25:00,10,6,3,17,25,560,260,"37, HERRIOT(AVENUE EDOUA",47.65616,-2.74311,Plein jour,En agglomération,Hors intersection,Normale,Trois véhicules et plus - en chaîne,,,,,,,,,,,1,2,1,1.0,4.0
201000036248,0010-06-06 22:20:00,10,6,6,22,20,560,260,"21, MARNE(AVENUE DE LA)",47.65943,-2.77726,Nuit avec éclairage allumé,En agglomération,Hors intersection,Normale,Autre collision,,,,,,,,,,,5,2,1,1.0,6.0
201000036249,0010-06-08 12:15:00,10,6,8,12,15,560,260,"03, THIERS(RUE)",47.65419,-2.7595,Plein jour,En agglomération,Hors intersection,Normale,Autre collision,,,,,,,,,,,1,2,1,1.0,6.0
201000036250,0010-06-28 13:50:00,10,6,28,13,50,560,260,"., KERDREL(RUE AUDREN DE",47.66252,-2.75267,Plein jour,En agglomération,Hors intersection,Normale,Deux véhicules - arrière,,,,,,,,,,,1,2,1,1.0,2.0
201000036251,0010-06-28 17:50:00,10,6,28,17,50,560,260,"., BERNUS(RUE DE)",47.65346,-2.76913,Plein jour,En agglomération,Intersection en X,Normale,Deux véhicules - côté,,,,,,,,,,,1,2,2,1.0,3.0
201000036252,0010-07-17 15:50:00,10,7,17,15,50,560,260,"., CLISCOUET(GIRATOIRE)",47.64193,-2.76641,Plein jour,En agglomération,Giratoire,Normale,Deux véhicules - côté,,,,,,,,,,,1,2,6,1.0,3.0
201000036253,0010-07-25 21:20:00,10,7,25,21,20,560,260,"., TROIS ROIS(GIRATOIRE",47.68367,-2.76647,Plein jour,En agglomération,Giratoire,Normale,Autre collision,,,,,,,,,,,1,2,6,1.0,6.0
201000036254,0010-07-30 22:25:00,10,7,30,22,25,560,260,"., PASTEUR(RUE)",47.65508,-2.76452,Nuit avec éclairage allumé,En agglomération,Intersection en T,Normale,Deux véhicules - côté,,,,,,,,,,,5,2,3,1.0,3.0
201000036255,0010-08-06 06:40:00,10,8,6,6,40,560,260,"., KERGRAIN(GIRATOIRE DE",47.66564,-2.79461,Crépuscule ou aube,En agglomération,Giratoire,Normale,Deux véhicules - côté,,,,,,,,,,,2,2,6,1.0,3.0
201000036256,0010-09-10 18:15:00,10,9,10,18,15,560,260,"., PONTIVY(BOULEVARD DE)",47.67208,-2.77215,Plein jour,En agglomération,Hors intersection,Normale,Trois véhicules et plus - en chaîne,,,,,,,,,,,1,2,1,1.0,4.0
201000036257,0010-09-15 15:40:00,10,9,15,15,40,560,260,"., LE BARTZ(RUE GUILLAUM",47.64679,-2.77897,Plein jour,En agglomération,Hors intersection,Normale,Deux véhicules - côté,,,,,,,,,,,1,2,1,1.0,3.0
201000036258,0010-09-23 19:30:00,10,9,23,19,30,560,260,POMPIDOU(AVENUE GEORGES),47.6635,-2.76519,Crépuscule ou aube,En agglomération,Intersection en X,Pluie légère,Deux véhicules - arrière,,,,,,,,,,,2,2,2,2.0,2.0
201000036259,0010-10-06 16:40:00,10,10,6,16,40,560,260,"62, ALBERT 1ER (RUE)",47.64768,-2.76421,Plein jour,En agglomération,Hors intersection,Normale,Autre collision,,,,,,,,,,,1,2,1,1.0,6.0
201000036260,0010-10-07 16:40:00,10,10,7,16,40,560,260,", MONSABERT(BOULEVARD DU",47.65977,-2.7811,Plein jour,En agglomération,Giratoire,Normale,Autre collision,,,,,,,,,,,1,2,6,1.0,6.0
201000036261,0010-10-12 11:30:00,10,10,12,11,30,560,260,"., LIBERATION(PLACE DE L",47.659,-2.76374,Plein jour,En agglomération,Hors intersection,Normale,Autre collision,,,,,,,,,,,1,2,1,1.0,6.0
201000036262,0010-10-13 12:15:00,10,10,13,12,15,560,260,"36, HERRIOT(AVENUE EDOUA",47.65611,-2.74309,Plein jour,En agglomération,Hors intersection,Normale,Trois véhicules et plus - en chaîne,,,,,,,,,,,1,2,1,1.0,4.0
201000036263,0010-10-16 11:40:00,10,10,16,11,40,560,260,"., RONARC'H(RUE DE L'AMI",47.63992,-2.76954,Plein jour,En agglomération,Giratoire,Normale,Deux véhicules - côté,,,,,,,,,,,1,2,6,1.0,3.0
201000036264,0010-10-23 20:20:00,10,10,23,20,20,560,260,"., LE PONTOIS(RUE ALEXAN",47.65437,-2.75725,Nuit avec éclairage allumé,En agglomération,Intersection en Y,Normale,Deux véhicules - côté,,,,,,,,,,,5,2,4,1.0,3.0
201000036265,0010-11-05 19:10:00,10,11,5,19,10,560,260,"., RENNES (Route de)",47.66976,-2.72506,Nuit avec éclairage allumé,En agglomération,Autre intersection,Normale,Trois véhicules et plus - collisions multiples,,,,,,,,,,,5,2,9,1.0,5.0
201000036266,0010-11-13 15:20:00,10,11,13,15,20,560,260,"., GAMBETTA(PLACE)",47.65429,-2.75786,Plein jour,En agglomération,Autre intersection,Pluie forte,Autre collision,,,,,,,,,,,1,2,9,3.0,6.0
201000036267,0010-12-17 22:55:00,10,12,17,22,55,560,260,"., LUSCANEN(GIRATOIRE DE",47.66136,-2.79394,Nuit avec éclairage allumé,En agglomération,Giratoire,Normale,Autre collision,,,,,,,,,,,5,2,6,1.0,6.0
201000036268,0010-03-01 19:45:00,10,3,1,19,45,570,660,CENTRE (RUE DU ),,,Nuit avec éclairage allumé,En agglomération,Intersection en T,Normale,Deux véhicules - frontale,,,,,,,,,,,5,2,3,1.0,1.0
201000036269,0010-04-28 19:10:00,10,4,28,19,10,570,227,PRINCIPALE(RUE),,,Plein jour,En agglomération,Intersection en T,Normale,Trois véhicules et plus - en chaîne,,,,,,,,,,,1,2,3,1.0,4.0
201000036270,0010-03-26 19:00:00,10,3,26,19,0,570,537,PRINCIPALE (RUE),,,Plein jour,En agglomération,Intersection en T,Normale,Deux véhicules - côté,,,,,,,,,,,1,2,3,1.0,3.0
201000036271,0010-06-04 08:40:00,10,6,4,8,40,570,227,"1,NATIONALE(RUE)R.DE LA",,,Plein jour,En agglomération,Intersection en T,Normale,Autre collision,,,,,,,,,,,1,2,3,1.0,6.0
201000036272,0010-06-12 15:30:00,10,6,12,15,30,570,227,"12, ALMA (PLACE DE L')",,,Plein jour,En agglomération,Hors intersection,Normale,Autre collision,,,,,,,,,,,1,2,1,1.0,6.0
201000036273,0010-08-14 15:02:00,10,8,14,15,2,570,660,"87, NATIONALE(RUE)LIMITE",,,Plein jour,En agglomération,Hors intersection,Normale,Deux véhicules - côté,,,,,,,,,,,1,2,1,1.0,3.0
201000036274,0010-08-17 12:55:00,10,8,17,12,55,570,227,"36, SPICHEREN(AVENUE DE)",,,Plein jour,En agglomération,Intersection en X,Pluie légère,Deux véhicules - côté,,,,,,,,,,,1,2,2,2.0,3.0
201000036275,0010-08-24 15:10:00,10,8,24,15,10,570,227,ST REMY(AV.)R.DE LA CHAP,,,Plein jour,En agglomération,Hors intersection,Normale,Autre collision,,,,,,,,,,,1,2,1,1.0,6.0
201000036276,0010-08-26 19:30:00,10,8,26,19,30,570,227,"54, VERDUN (RUE )N° 2 AU",,,Crépuscule ou aube,En agglomération,Hors intersection,Normale,Autre collision,,,,,,,,,,,2,2,1,1.0,6.0
201000036277,0010-12-21 15:50:00,10,12,21,15,50,570,227,ST REMY(AV.)R.DE LA CHAP,,,Plein jour,En agglomération,Hors intersection,Pluie légère,Autre collision,,,,,,,,,,,1,2,1,2.0,6.0
201000036278,0010-03-11 15:10:00,10,3,11,15,10,570,240,"15, HOUILLERES (RUE)",,,Plein jour,En agglomération,Hors intersection,Normale,Autre collision,,,,,,,,,,,1,2,1,1.0,6.0
201000036279,0010-08-21 07:25:00,10,8,21,7,25,570,332,"74, RN 3  - RUE NATIONAL",,,Crépuscule ou aube,En agglomération,Hors intersection,Temps couvert,Trois véhicules et plus - collisions multiples,,,,,,,,,,,2,2,1,8.0,5.0
201000036280,0010-09-03 15:45:00,10,9,3,15,45,570,240,CD 26,,,Plein jour,En agglomération,Hors intersection,Normale,Deux véhicules - côté,,,,,,,,,,,1,2,1,1.0,3.0
201000036281,0010-09-17 15:55:00,10,9,17,15,55,570,240,ROSSELLE (RUE DE LA),,,Plein jour,En agglomération,Hors intersection,Normale,Deux véhicules - côté,,,,,,,,,,,1,2,1,1.0,3.0
201000036282,0010-12-19 19:00:00,10,12,19,19,0,570,240,CD 26,,,Nuit sans éclairage public,Hors agglomération,Hors intersection,Neige / grêle,Deux véhicules - frontale,,,,,,,,,,,3,1,1,4.0,1.0
201000036283,0010-12-21 12:25:00,10,12,21,12,25,570,332,RN 3  - RUE NATIONALE,,,Plein jour,Hors agglomération,Hors intersection,Pluie légère,Deux véhicules - frontale,,,,,,,,,,,1,1,1,2.0,1.0
201000036284,0010-02-01 16:35:00,10,2,1,16,35,570,283,"18, GARE (RUE DE LA)",,,Plein jour,En agglomération,Hors intersection,Neige / grêle,Autre collision,,,,,,,,,,,1,2,1,4.0,6.0
201000036285,0010-02-24 18:05:00,10,2,24,18,5,570,19,"19, PRINCIPALE (RUE)",,,Nuit avec éclairage allumé,En agglomération,Hors intersection,Pluie légère,Autre collision,,,,,,,,,,,5,2,1,2.0,6.0
201000036286,0010-03-04 07:55:00,10,3,4,7,55,570,19,"2, ROUSSEAU (RUE JEAN -J",,,Plein jour,En agglomération,Intersection en X,Normale,Deux véhicules - côté,,,,,,,,,,,1,2,2,1.0,3.0
201000036287,0010-03-25 17:35:00,10,3,25,17,35,570,143,"132b, JOFFRE (RUE)",,,Plein jour,En agglomération,Intersection en Y,Normale,Deux véhicules - côté,,,,,,,,,,,1,2,4,1.0,3.0
201000036288,0010-03-25 16:20:00,10,3,25,16,20,570,283,"1, VERDUN (RUE DE)",49.25139,6.16728,Plein jour,En agglomération,Giratoire,Normale,Deux véhicules - arrière,,,,,,,,,,,1,2,6,1.0,2.0
201000036289,0010-04-20 14:30:00,10,4,20,14,30,570,591,"23 A, MONDON (RUE)",,,Plein jour,En agglomération,Hors intersection,Normale,Sans collision,,,,,,,,,,,1,2,1,1.0,7.0
201000036290,0010-05-17 19:45:00,10,5,17,19,45,570,283,"40, PASTEUR (RUE LOUIS)",49.2485,6.16708,Plein jour,En agglomération,Intersection en X,Pluie légère,Deux véhicules - côté,,,,,,,,,,,1,2,2,2.0,3.0
201000036291,0010-05-23 13:40:00,10,5,23,13,40,570,597,"33b, GRAND'RUE",,,Plein jour,En agglomération,Hors intersection,Temps éblouissant,Deux véhicules - côté,,,,,,,,,,,1,2,1,7.0,3.0
201000036292,0010-05-22 19:25:00,10,5,22,19,25,570,19,"2, MONTAUBAN (RUE)",,,Plein jour,En agglomération,Hors intersection,Normale,Deux véhicules - côté,,,,,,,,,,,1,2,1,1.0,3.0
201000036293,0010-06-11 19:25:00,10,6,11,19,25,570,597,"190, HENNEQUIN (RUE)",,,Plein jour,En agglomération,Hors intersection,Normale,Autre collision,,,,,,,,,,,1,2,1,1.0,6.0
201000036294,0010-07-01 09:00:00,10,7,1,9,0,570,283,"10, GARE (RUE DE LA)",,,Plein jour,En agglomération,Hors intersection,Normale,Autre collision,,,,,,,,,,,1,2,1,1.0,6.0
201000036295,0010-08-10 17:30:00,10,8,10,17,30,570,19,CD8,,,Plein jour,Hors agglomération,Hors intersection,Normale,Deux véhicules - côté,,,,,,,,,,,1,1,1,1.0,3.0
201000036296,0010-07-26 13:35:00,10,7,26,13,35,570,591,RN 52,,,Plein jour,Hors agglomération,Hors intersection,Pluie légère,Autre collision,,,,,,,,,,,1,1,1,2.0,6.0
201000036297,0010-07-26 13:40:00,10,7,26,13,40,570,591,RN 52,,,Plein jour,Hors agglomération,Hors intersection,Pluie légère,Deux véhicules - arrière,,,,,,,,,,,1,1,1,2.0,2.0
201000036298,0010-07-26 17:15:00,10,7,26,17,15,570,283,"8, PASTEUR (RUE LOUIS)",,,Plein jour,En agglomération,Hors intersection,Normale,Deux véhicules - côté,,,,,,,,,,,1,2,1,1.0,3.0
201000036299,0010-08-03 17:55:00,10,8,3,17,55,570,19,CD181,,,Plein jour,Hors agglomération,Hors intersection,Normale,Deux véhicules - arrière,,,,,,,,,,,1,1,1,1.0,2.0
201000036300,0010-08-10 08:10:00,10,8,10,8,10,570,19,"44, CLEMENCEAU (RUE)",,,Plein jour,En agglomération,Intersection en X,Normale,Deux véhicules - côté,,,,,,,,,,,1,2,2,1.0,3.0
201000036301,0010-10-09 17:20:00,10,10,9,17,20,570,491,FRANCHEPRE (RUE),,,Plein jour,Hors agglomération,Hors intersection,Normale,Sans collision,,,,,,,,,,,1,1,1,1.0,7.0
201000036302,0010-09-13 07:50:00,10,9,13,7,50,570,143,"88, FOCH (RUE)",,,Plein jour,En agglomération,Hors intersection,Normale,Deux véhicules - côté,,,,,,,,,,,1,2,1,1.0,3.0
201000036303,0010-10-11 10:00:00,10,10,11,10,0,570,491,"18, THOREZ (AVENUE MAURI",,,Plein jour,En agglomération,Hors intersection,Temps éblouissant,Autre collision,,,,,,,,,,,1,2,1,7.0,6.0
201000036304,0010-10-14 17:30:00,10,10,14,17,30,570,19,"1, LYAUTEY (RUE DU MAREC",49.25549,6.1431,Plein jour,En agglomération,Intersection en X,Normale,Deux véhicules - côté,,,,,,,,,,,1,2,2,1.0,3.0
201000036305,0010-10-17 02:15:00,10,10,17,2,15,570,19,ROMAINS (RUE DES),,,Nuit avec éclairage allumé,En agglomération,Intersection en X,Normale,Deux véhicules - côté,,,,,,,,,,,5,2,2,1.0,3.0
201000036306,0010-10-23 23:45:00,10,10,23,23,45,570,19,CD8 PassPe(9.9 2.10 7.9),,,Nuit sans éclairage public,Hors agglomération,Hors intersection,Pluie légère,Deux véhicules - frontale,,,,,,,,,,,3,1,1,2.0,1.0
201000036307,0010-11-13 00:15:00,10,11,13,0,15,570,19,RD 47 (PK 1.400),,,Nuit avec éclairage allumé,En agglomération,Hors intersection,Normale,Sans collision,,,,,,,,,,,5,2,1,1.0,7.0
201000036308,0010-11-06 19:50:00,10,11,6,19,50,570,491,AVENIR (RUE DE L'),,,Nuit avec éclairage allumé,En agglomération,Giratoire,Pluie légère,Trois véhicules et plus - en chaîne,,,,,,,,,,,5,2,6,2.0,4.0
201000036309,0010-11-12 17:05:00,10,11,12,17,5,570,283,"14, PASTEUR (RUE LOUIS)",,,Nuit avec éclairage allumé,En agglomération,Hors intersection,Pluie légère,Autre collision,,,,,,,,,,,5,2,1,2.0,6.0
201000036310,0010-12-01 14:00:00,10,12,1,14,0,570,19,CD8,,,Plein jour,Hors agglomération,Hors intersection,Normale,Deux véhicules - frontale,,,,,,,,,,,1,1,1,1.0,1.0
201000036311,0010-11-12 16:35:00,10,11,12,16,35,570,283,CHIRAC (ROND POINT JACQU,,,Crépuscule ou aube,Hors agglomération,Giratoire,Pluie légère,Deux véhicules - frontale,,,,,,,,,,,2,1,6,2.0,1.0
201000036312,0010-12-15 16:35:00,10,12,15,16,35,570,143,"118, JOFFRE (RUE)",,,Crépuscule ou aube,En agglomération,Hors intersection,Pluie légère,Autre collision,,,,,,,,,,,2,2,1,2.0,6.0
201000036313,0010-01-04 17:05:00,10,1,4,17,5,570,463,"64, PLANTIERES (AVENUE D",,,Nuit avec éclairage allumé,En agglomération,Hors intersection,Normale,Deux véhicules - côté,,,,,,,,,,,5,2,1,1.0,3.0
201000036314,0010-01-05 13:45:00,10,1,5,13,45,570,463,"00, ROBERT SEROT (BOULEV",,,Plein jour,En agglomération,Intersection en X,Normale,Autre collision,,,,,,,,,,,1,2,2,1.0,6.0
201000036315,0010-01-10 21:30:00,10,1,10,21,30,570,49,"00, HENRI II (AVENUE )",,,Nuit avec éclairage allumé,En agglomération,Intersection en T,Normale,Deux véhicules - arrière,,,,,,,,,,,5,2,3,1.0,2.0
201000036316,0010-01-14 22:40:00,10,1,14,22,40,570,463,"00, SAINT PIERRE (RUE )",,,Nuit avec éclairage allumé,En agglomération,Giratoire,Normale,Autre collision,,,,,,,,,,,5,2,6,1.0,6.0
201000036317,0010-01-15 17:35:00,10,1,15,17,35,570,463,"00, GEORGES CLEMENCEAU (",,,Nuit avec éclairage allumé,En agglomération,Intersection en T,Temps couvert,Autre collision,,,,,,,,,,,5,2,3,8.0,6.0
201000036318,0010-01-16 18:00:00,10,1,16,18,0,570,487,"00, JOUY (ROUTE DE )",,,Nuit avec éclairage allumé,En agglomération,Giratoire,Temps couvert,Autre collision,,,,,,,,,,,5,2,6,8.0,6.0
201000036319,0010-01-17 19:45:00,10,1,17,19,45,570,463,", ARENES (RUE AUX)",,,Nuit avec éclairage allumé,En agglomération,Intersection en Y,Normale,Deux véhicules - frontale,,,,,,,,,,,5,2,4,1.0,1.0
201000036320,0010-01-18 08:15:00,10,1,18,8,15,570,463,STOXEY (RUE DU ),,,Plein jour,En agglomération,Hors intersection,Normale,Autre collision,,,,,,,,,,,1,2,1,1.0,6.0
201000036321,0010-01-18 08:15:00,10,1,18,8,15,570,463,"23, BELLE ISLE (RUE )",,,Nuit avec éclairage allumé,En agglomération,Intersection en T,Normale,Autre collision,,,,,,,,,,,5,2,3,1.0,6.0
201000036322,0010-01-20 01:30:00,10,1,20,1,30,570,751,"68, MARECHAL FOCH (RUE )",,,Nuit avec éclairage allumé,En agglomération,Intersection en T,Normale,Autre collision,,,,,,,,,,,5,2,3,1.0,6.0
201000036323,0010-01-22 10:20:00,10,1,22,10,20,570,463,"53, GENERAL METMAN",,,Plein jour,En agglomération,Hors intersection,Pluie légère,Autre collision,,,,,,,,,,,1,2,1,2.0,6.0
201000036324,0010-01-28 00:02:00,10,1,28,0,2,570,487,"00, RD 157 d",,,Nuit sans éclairage public,Hors agglomération,Hors intersection,Normale,Autre collision,,,,,,,,,,,3,1,1,1.0,6.0
201000036325,0010-01-28 13:30:00,10,1,28,13,30,570,463,"00, FALOGNE (RUE DE LA )",,,Plein jour,En agglomération,Hors intersection,Normale,Autre collision,,,,,,,,,,,1,2,1,1.0,6.0
201000036326,0010-02-03 20:50:00,10,2,3,20,50,570,463,"000, SENTE A MY (RUE )",,,Nuit avec éclairage allumé,En agglomération,Intersection en X,Pluie légère,Deux véhicules - côté,,,,,,,,,,,5,2,2,2.0,3.0
201000036327,0010-02-09 17:10:00,10,2,9,17,10,570,463,"000, BELLE ISLE (RUE )",,,Crépuscule ou aube,En agglomération,Intersection en X,Normale,Deux véhicules - côté,,,,,,,,,,,2,2,2,1.0,3.0
201000036328,0010-02-16 08:35:00,10,2,16,8,35,570,751,"2, MARCUS (RUE )",,,Plein jour,En agglomération,Giratoire,Temps éblouissant,Autre collision,,,,,,,,,,,1,2,6,7.0,6.0
201000036329,0010-02-18 18:30:00,10,2,18,18,30,570,463,SENTE A MY (RUE ),,,Nuit avec éclairage allumé,En agglomération,Intersection en X,Normale,Deux véhicules - côté,,,,,,,,,,,5,2,2,1.0,3.0
201000036330,0010-02-20 13:15:00,10,2,20,13,15,570,487,"00, RD 157B",,,Plein jour,En agglomération,Intersection en T,Pluie légère,Deux véhicules - arrière,,,,,,,,,,,1,2,3,2.0,2.0
201000036331,0010-02-27 14:45:00,10,2,27,14,45,570,463,"40, SENTE A MY (RUE )",,,Plein jour,En agglomération,Hors intersection,Normale,Deux véhicules - côté,,,,,,,,,,,1,2,1,1.0,3.0
201000036332,0010-03-01 13:30:00,10,3,1,13,30,570,463,"3, PLANTIERES (AVENUE DE",,,Plein jour,En agglomération,Hors intersection,Normale,Deux véhicules - côté,,,,,,,,,,,1,2,1,1.0,3.0
201000036333,0010-03-02 13:40:00,10,3,2,13,40,570,463,"93, LORRY (ROUTE DE )",,,Plein jour,En agglomération,Hors intersection,Normale,Deux véhicules - côté,,,,,,,,,,,1,2,1,1.0,3.0
201000036334,0010-03-04 16:50:00,10,3,4,16,50,570,463,"0, GEORGES DUCROCQ (RUE",,,Plein jour,En agglomération,Intersection en X,Normale,Autre collision,,,,,,,,,,,1,2,2,1.0,6.0
201000036335,0010-03-05 19:05:00,10,3,5,19,5,570,463,"12, NICOLAS JUNG (RUE",,,Nuit avec éclairage allumé,En agglomération,Hors intersection,Normale,Deux véhicules - côté,,,,,,,,,,,5,2,1,1.0,3.0
201000036336,0010-03-17 18:30:00,10,3,17,18,30,570,463,"00, GENERAL DE GAULLE (P",,,Plein jour,En agglomération,Hors intersection,Normale,Autre collision,,,,,,,,,,,1,2,1,1.0,6.0
201000036337,0010-03-22 17:45:00,10,3,22,17,45,570,463,"00, XAVIER ROUSSEL (RUE",,,Plein jour,En agglomération,Hors intersection,Normale,Deux véhicules - côté,,,,,,,,,,,1,2,1,1.0,3.0