accident_id,datetime,annee,mois,jour,heure,minute,departement,commune_insee,adresse,latitude,longitude,luminosite,agglomeration,intersection,meteo,collision,nb_vehicules,nb_usagers,nb_indemnes,nb_tues,nb_blesses_hosp,nb_blesses_legers,age_cond_1,age_cond_2,veh_type_cond_1,veh_type_cond_2,lum_code,agg_code,int_code,atm_code,col_code
201000036718,0010-06-23 20:05:00,10,6,23,20,5,590,143,NATIONALE  ( ROUTE),,,Plein jour,Hors agglomération,Intersection en T,Temps éblouissant,Deux véhicules - frontale,,,,,,,,,,,1,1,3,7.0,1.0
201000036719,0010-06-24 19:05:00,10,6,24,19,5,590,317,"67, BRUNE  (RUE)",,,Plein jour,En agglomération,Intersection en T,Normale,Deux véhicules - côté,,,,,,,,,,,1,2,3,1.0,3.0
201000036720,0010-07-05 14:40:00,10,7,5,14,40,590,17,RESISTANTS (RUE DES ),,,Plein jour,En agglomération,Hors intersection,Normale,Trois véhicules et plus - en chaîne,,,,,,,,,,,1,2,1,1.0,4.0
201000036721,0010-07-22 20:30:00,10,7,22,20,30,590,431,HOUCKE (AVENUE JULES),,,Plein jour,Hors agglomération,Hors intersection,Normale,Sans collision,,,,,,,,,,,1,1,1,1.0,7.0
201000036722,0010-08-02 15:00:00,10,8,2,15,0,590,431,PAVE FRUIT (RUE DU),,,Plein jour,En agglomération,Intersection en T,Pluie légère,Deux véhicules - côté,,,,,,,,,,,1,2,3,2.0,3.0
201000036723,0010-08-09 18:30:00,10,8,9,18,30,590,17,"16, FUSILLES (RUE DES )",,,Plein jour,En agglomération,Hors intersection,Normale,Autre collision,,,,,,,,,,,1,2,1,1.0,6.0
201000036724,0010-08-13 10:15:00,10,8,13,10,15,590,17,FUSILLES (RUE DES ),,,Plein jour,En agglomération,Intersection en X,Normale,Deux véhicules - frontale,,,,,,,,,,,1,2,2,1.0,1.0
201000036725,0010-08-24 18:05:00,10,8,24,18,5,590,431,"1, SOURCES (RUE DES) RES",,,Plein jour,En agglomération,Autre intersection,Normale,Deux véhicules - frontale,,,,,,,,,,,1,2,9,1.0,1.0
201000036726,0010-07-30 14:00:00,10,7,30,14,0,590,17,"12, MESSINES (RUE DE )",,,Plein jour,En agglomération,Hors intersection,Normale,Deux véhicules - arrière,,,,,,,,,,,1,2,1,1.0,2.0
201000036727,0010-09-08 05:45:00,10,9,8,5,45,590,431,HOUCKE (AVENUE JULES),,,Plein jour,Hors agglomération,Hors intersection,Pluie forte,Deux véhicules - côté,,,,,,,,,,,1,1,1,3.0,3.0
201000036728,0010-09-11 14:30:00,10,9,11,14,30,590,431,ARMENTIERES  (RUE D' ),,,Plein jour,En agglomération,Autre intersection,Normale,Autre collision,,,,,,,,,,,1,2,9,1.0,6.0
201000036729,0010-09-06 12:30:00,10,9,6,12,30,590,17,"01, DEPORTES (RUE DES)",,,Plein jour,En agglomération,Hors intersection,Normale,Deux véhicules - côté,,,,,,,,,,,1,2,1,1.0,3.0
201000036730,0010-09-17 10:45:00,10,9,17,10,45,590,431,"527, ARMENTIERES  (RUE D",,,Plein jour,En agglomération,Hors intersection,Normale,Deux véhicules - côté,,,,,,,,,,,1,2,1,1.0,3.0
201000036731,0010-09-19 09:30:00,10,9,19,9,30,590,17,"160, LEBLEU (RUE JULES )",,,Plein jour,En agglomération,Intersection en T,Pluie légère,Deux véhicules - côté,,,,,,,,,,,1,2,3,2.0,3.0
201000036732,0010-09-21 13:15:00,10,9,21,13,15,590,143,"224, NATIONALE  ( ROUTE)",,,Plein jour,En agglomération,Hors intersection,Normale,Deux véhicules - côté,,,,,,,,,,,1,2,1,1.0,3.0
201000036733,0010-09-28 13:20:00,10,9,28,13,20,590,17,"34, JAURES (RUE JEAN )",,,Plein jour,En agglomération,Hors intersection,Normale,Autre collision,,,,,,,,,,,1,2,1,1.0,6.0
201000036734,0010-09-30 07:00:00,10,9,30,7,0,590,17,LECLERC (RUE DU GENERAL,,,Nuit avec éclairage allumé,En agglomération,Giratoire,Normale,Deux véhicules - arrière,,,,,,,,,,,5,2,6,1.0,2.0
201000036735,0010-09-27 15:35:00,10,9,27,15,35,590,17,BEAUVAIS (QUAI DE),,,Plein jour,En agglomération,Intersection en T,Normale,Deux véhicules - côté,,,,,,,,,,,1,2,3,1.0,3.0
201000036736,0010-09-22 15:45:00,10,9,22,15,45,590,431,EPINETTE (RUE DE L' ),,,Plein jour,Hors agglomération,Hors intersection,Normale,Deux véhicules - frontale,,,,,,,,,,,1,1,1,1.0,1.0
201000036737,0010-10-08 08:40:00,10,10,8,8,40,590,17,GUESDE  (PLACE JULES),,,Plein jour,En agglomération,Giratoire,Normale,Autre collision,,,,,,,,,,,1,2,6,1.0,6.0
201000036738,0010-10-11 13:45:00,10,10,11,13,45,590,17,RESISTANTS (RUE DES ),,,Plein jour,En agglomération,Giratoire,Normale,Sans collision,,,,,,,,,,,1,2,6,1.0,7.0
201000036739,0010-10-30 19:15:00,10,10,30,19,15,590,143,"29, HUMEZ (RUE CHARLES )",,,Nuit avec éclairage allumé,En agglomération,Hors intersection,Normale,Autre collision,,,,,,,,,,,5,2,1,1.0,6.0
201000036740,0010-11-01 10:00:00,10,11,1,10,0,590,143,MARLE (RUE DE LA ),,,Plein jour,En agglomération,Hors intersection,Normale,Sans collision,,,,,,,,,,,1,2,1,1.0,7.0
201000036741,0010-10-28 09:30:00,10,10,28,9,30,590,143,"6, RENOIR (RUE AUGUSTE )",,,Plein jour,En agglomération,Autre intersection,Normale,Autre collision,,,,,,,,,,,1,2,9,1.0,6.0
201000036742,0010-11-04 18:10:00,10,11,4,18,10,590,17,BLUM  (AVENUE LEON),,,Nuit avec éclairage allumé,En agglomération,Hors intersection,Normale,Deux véhicules - côté,,,,,,,,,,,5,2,1,1.0,3.0
201000036743,0010-11-06 12:00:00,10,11,6,12,0,590,17,DEPORTES (RUE DES),,,Plein jour,En agglomération,Hors intersection,Normale,Autre collision,,,,,,,,,,,1,2,1,1.0,6.0
201000036744,0010-10-19 13:15:00,10,10,19,13,15,590,317,"85, HUGO  (RUE VICTOR)",,,Plein jour,En agglomération,Hors intersection,Normale,Deux véhicules - arrière,,,,,,,,,,,1,2,1,1.0,2.0
201000036745,0010-11-10 10:50:00,10,11,10,10,50,590,431,HOUCKE (AVENUE JULES),,,Plein jour,Hors agglomération,Intersection en T,Pluie forte,Deux véhicules - côté,,,,,,,,,,,1,1,3,3.0,3.0
201000036746,0010-11-23 17:00:00,10,11,23,17,0,590,143,"58, MARLE (RUE DE LA )",,,Nuit avec éclairage allumé,En agglomération,Intersection en X,Pluie légère,Autre collision,,,,,,,,,,,5,2,2,2.0,6.0
201000036747,0010-11-24 12:25:00,10,11,24,12,25,590,17,DUNKERQUE (RUE DE),,,Plein jour,En agglomération,Intersection en T,Normale,Autre collision,,,,,,,,,,,1,2,3,1.0,6.0
201000036748,0010-11-25 13:20:00,10,11,25,13,20,590,17,NATIONALE (RUE),,,Plein jour,En agglomération,Intersection en X,Pluie légère,Deux véhicules - côté,,,,,,,,,,,1,2,2,2.0,3.0
201000036749,0010-11-17 08:58:00,10,11,17,8,58,590,17,"93, LEBLEU (RUE JULES )",,,Plein jour,En agglomération,Hors intersection,Autre,Autre collision,,,,,,,,,,,1,2,1,9.0,6.0
201000036750,0010-11-28 18:05:00,10,11,28,18,5,590,431,HOUCKE (AVENUE JULES),,,Nuit avec éclairage allumé,Hors agglomération,Hors intersection,Normale,Trois véhicules et plus - en chaîne,,,,,,,,,,,5,1,1,1.0,4.0
201000036751,0010-11-30 18:40:00,10,11,30,18,40,590,17,"82, FERRY (RUE JULES)",,,Nuit avec éclairage allumé,En agglomération,Hors intersection,Normale,Autre collision,,,,,,,,,,,5,2,1,1.0,6.0
201000036752,0010-12-03 18:45:00,10,12,3,18,45,590,17,"46, LILLE (RUE DE )",,,Nuit avec éclairage allumé,En agglomération,Hors intersection,Neige / grêle,Autre collision,,,,,,,,,,,5,2,1,4.0,6.0
201000036753,0010-12-08 18:00:00,10,12,8,18,0,590,317,BRUNE  (RUE),,,Nuit avec éclairage allumé,En agglomération,Intersection en T,Normale,Deux véhicules - côté,,,,,,,,,,,5,2,3,1.0,3.0
201000036754,0010-12-14 13:40:00,10,12,14,13,40,590,431,EPINETTE (RUE DE L' ),,,Plein jour,Hors agglomération,Intersection en T,Neige / grêle,Trois véhicules et plus - collisions multiples,,,,,,,,,,,1,1,3,4.0,5.0
201000036755,0010-12-29 03:50:00,10,12,29,3,50,590,431,HOUCKE (AVENUE JULES),,,Nuit avec éclairage allumé,En agglomération,Hors intersection,Pluie légère,Sans collision,,,,,,,,,,,5,2,1,2.0,7.0
201000036756,0010-01-25 09:30:00,10,1,25,9,30,590,33,JEAN JACQUES ROUSSEAU (R,,,Plein jour,En agglomération,Intersection en T,Temps couvert,Deux véhicules - arrière,,,,,,,,,,,1,2,3,8.0,2.0
201000036757,0010-03-08 11:40:00,10,3,8,11,40,590,33,"76, MAUBEUGE (RUE DE)",,,Plein jour,En agglomération,Hors intersection,Normale,Deux véhicules - côté,,,,,,,,,,,1,2,1,1.0,3.0
201000036758,0010-05-02 18:45:00,10,5,2,18,45,590,467,8 MAI 1945 (RUE DU),,,Plein jour,En agglomération,Hors intersection,Normale,Autre collision,,,,,,,,,,,1,2,1,1.0,6.0
201000036759,0010-05-19 17:45:00,10,5,19,17,45,590,41,"18, MAUBEUGE (RUE DE)",,,Plein jour,En agglomération,Hors intersection,Normale,Trois véhicules et plus - en chaîne,,,,,,,,,,,1,2,1,1.0,4.0
201000036760,0010-06-04 16:30:00,10,6,4,16,30,590,467,"84, GRAND RUE",,,Plein jour,En agglomération,Hors intersection,Temps éblouissant,Trois véhicules et plus - collisions multiples,,,,,,,,,,,1,2,1,7.0,5.0
201000036761,0010-07-03 13:25:00,10,7,3,13,25,590,33,"1, BRUNEHAUT (CHAUSSEE)",,,Plein jour,Hors agglomération,Intersection en X,Pluie forte,Trois véhicules et plus - collisions multiples,,,,,,,,,,,1,1,2,3.0,5.0
201000036762,0010-10-13 14:25:00,10,10,13,14,25,590,344,"0, EMILE BRASSELET (RUE)",,,Plein jour,En agglomération,Intersection en X,Normale,Deux véhicules - côté,,,,,,,,,,,1,2,2,1.0,3.0
201000036763,0010-11-07 20:30:00,10,11,7,20,30,590,467,"225, BAVAY (ROUTE DE)",,,Nuit avec éclairage allumé,En agglomération,Hors intersection,Normale,Sans collision,,,,,,,,,,,5,2,1,1.0,7.0
201000036764,0010-11-13 17:50:00,10,11,13,17,50,590,33,"12, HOTEL DE VILLE",,,Nuit avec éclairage allumé,En agglomération,Hors intersection,Pluie forte,Sans collision,,,,,,,,,,,5,2,1,3.0,7.0
201000036765,0010-02-15 16:55:00,10,2,15,16,55,590,43,"1847, LOCRE (ROUTE DE)",,,Plein jour,Hors agglomération,Autre intersection,Neige / grêle,Deux véhicules - côté,,,,,,,,,,,1,1,9,4.0,3.0
201000036766,0010-08-01 19:25:00,10,8,1,19,25,590,43,"RD 933, LILLE (ROUTE DE)",,,Plein jour,Hors agglomération,Hors intersection,Normale,Deux véhicules - côté,,,,,,,,,,,1,1,1,1.0,3.0
201000036767,0010-10-02 02:25:00,10,10,2,2,25,590,43,"2095, LILLE (RUE DE) S2",,,Nuit avec éclairage allumé,Hors agglomération,Hors intersection,Pluie légère,Autre collision,,,,,,,,,,,5,1,1,2.0,6.0
201000036768,0010-10-31 14:25:00,10,10,31,14,25,590,43,"16, OCCIDENT (RUE)",,,Plein jour,En agglomération,Hors intersection,Normale,Autre collision,,,,,,,,,,,1,2,1,1.0,6.0
201000036769,0010-11-08 10:50:00,10,11,8,10,50,590,43,"3152, LILLE (ROUTE DE)",,,Plein jour,Hors agglomération,Hors intersection,Normale,Deux véhicules - arrière,,,,,,,,,,,1,1,1,1.0,2.0
201000036770,0010-01-10 21:00:00,10,1,10,21,0,590,122,LIBERTE (BOULEVARD DE LA,,,Nuit avec éclairage allumé,En agglomération,Hors intersection,Normale,Sans collision,,,,,,,,,,,5,2,1,1.0,7.0
201000036771,0010-01-29 19:30:00,10,1,29,19,30,590,122,LANDRECIES (RUE DES),,,Nuit avec éclairage allumé,En agglomération,Giratoire,Temps couvert,Autre collision,,,,,,,,,,,5,2,6,8.0,6.0
201000036772,0010-01-25 19:00:00,10,1,25,19,0,590,122,"89, SAINT DRUON (RUE)",,,Nuit avec éclairage allumé,En agglomération,Hors intersection,Normale,Sans collision,,,,,,,,,,,5,2,1,1.0,7.0
201000036773,0010-02-08 18:25:00,10,2,8,18,25,590,428,LILLE (RUE DE),,,Nuit avec éclairage allumé,En agglomération,Hors intersection,Normale,Autre collision,,,,,,,,,,,5,2,1,1.0,6.0
201000036774,0010-03-18 11:50:00,10,3,18,11,50,590,122,"56, SAINT ROCH (ALLEE)",,,Plein jour,En agglomération,Hors intersection,Normale,Autre collision,,,,,,,,,,,1,2,1,1.0,6.0
201000036775,0010-04-15 12:05:00,10,4,15,12,5,590,122,QUESNOY (AVENUE DU),,,Plein jour,En agglomération,Intersection en X,Normale,Deux véhicules - côté,,,,,,,,,,,1,2,2,1.0,3.0
201000036776,0010-04-25 19:15:00,10,4,25,19,15,590,428,HUIT MAI 1945 (RUE DU),,,Plein jour,En agglomération,Hors intersection,Normale,Deux véhicules - côté,,,,,,,,,,,1,2,1,1.0,3.0
201000036777,0010-07-08 07:40:00,10,7,8,7,40,590,122,"10, BEZIN (BOULEVARD PAU",,,Plein jour,En agglomération,Hors intersection,Normale,Deux véhicules - côté,,,,,,,,,,,1,2,1,1.0,3.0
201000036778,0010-07-15 11:50:00,10,7,15,11,50,590,122,"3, PONT ROUGE (RUE DU)",,,Plein jour,En agglomération,Hors intersection,Normale,Deux véhicules - frontale,,,,,,,,,,,1,2,1,1.0,1.0
201000036779,0010-08-11 20:18:00,10,8,11,20,18,590,122,ARTOIS (RUE DU COMTE D'),,,Plein jour,En agglomération,Intersection en T,Normale,Deux véhicules - côté,,,,,,,,,,,1,2,3,1.0,3.0
201000036780,0010-09-19 03:50:00,10,9,19,3,50,590,122,"10, DOCKS (RUE DES)",,,Nuit avec éclairage allumé,En agglomération,Intersection en X,Normale,Deux véhicules - côté,,,,,,,,,,,5,2,2,1.0,3.0
201000036781,0010-10-25 16:00:00,10,10,25,16,0,590,122,"380, PARIS (AVENUE DE)",,,Plein jour,En agglomération,Hors intersection,Normale,Autre collision,,,,,,,,,,,1,2,1,1.0,6.0
201000036782,0010-11-17 11:55:00,10,11,17,11,55,590,122,"28, SOLESMES (RUE DE)",,,Plein jour,En agglomération,Hors intersection,Normale,Deux véhicules - côté,,,,,,,,,,,1,2,1,1.0,3.0
201000036783,0010-12-07 19:35:00,10,12,7,19,35,590,244,MARECHAL FOCH (RUE DU),,,Nuit sans éclairage public,Hors agglomération,Hors intersection,Temps couvert,Deux véhicules - frontale,,,,,,,,,,,3,1,1,8.0,1.0
201000036784,0010-02-06 15:00:00,10,2,6,15,0,590,253,"262, ZOLA (RUE EMILE )",,,Plein jour,En agglomération,Hors intersection,Normale,Deux véhicules - côté,,,,,,,,,,,1,2,1,1.0,3.0
201000036785,0010-02-13 03:25:00,10,2,13,3,25,590,153,"0, C.D. 935 (NOUVEAU )",,,Nuit avec éclairage allumé,Hors agglomération,Hors intersection,Autre,Autre collision,,,,,,,,,,,5,1,1,9.0,6.0
201000036786,0010-02-16 15:10:00,10,2,16,15,10,590,153,"0, CAVALERIE (RUE DE LA",,,Plein jour,En agglomération,Intersection en X,Normale,Sans collision,,,,,,,,,,,1,2,2,1.0,7.0
201000036787,0010-03-07 15:40:00,10,3,7,15,40,590,153,"0, BERNISSART (ROUTE DE",,,Plein jour,En agglomération,Intersection en Y,Normale,Autre collision,,,,,,,,,,,1,2,4,1.0,6.0
201000036788,0010-03-12 21:00:00,10,3,12,21,0,590,616,"0, HUGO (RUE VICTOR )",,,Nuit avec éclairage allumé,En agglomération,Intersection en X,Normale,Deux véhicules - côté,,,,,,,,,,,5,2,2,1.0,3.0
201000036789,0010-03-26 19:55:00,10,3,26,19,55,590,616,"0, BAY (RUE AUGUSTIN )",,,Nuit avec éclairage allumé,En agglomération,Autre intersection,Normale,Deux véhicules - côté,,,,,,,,,,,5,2,9,1.0,3.0
201000036790,0010-04-22 19:55:00,10,4,22,19,55,590,153,"227, BONSECOURS (ROUTE D",,,Plein jour,En agglomération,Hors intersection,Normale,Sans collision,,,,,,,,,,,1,2,1,1.0,7.0
201000036791,0010-06-29 11:45:00,10,6,29,11,45,590,153,"131, BONSECOURS (ROUTE D",,,Plein jour,En agglomération,Hors intersection,Temps éblouissant,Deux véhicules - côté,,,,,,,,,,,1,2,1,7.0,3.0
201000036792,0010-01-06 15:50:00,10,1,6,15,50,590,172,"197, VILLARS (R.)",,,Plein jour,En agglomération,Autre intersection,Temps couvert,Autre collision,,,,,,,,,,,1,2,9,8.0,6.0
201000036793,0010-01-19 09:00:00,10,1,19,9,0,590,172,"., TRARIEUX (R. LUDOVIC)",,,Plein jour,En agglomération,Intersection en X,Temps couvert,Autre collision,,,,,,,,,,,1,2,2,8.0,6.0
201000036794,0010-01-14 13:30:00,10,1,14,13,30,590,297,"., DURRE (R. HENRI)",,,Plein jour,En agglomération,Hors intersection,Normale,Autre collision,,,,,,,,,,,1,2,1,1.0,6.0
201000036795,0010-03-06 15:50:00,10,3,6,15,50,590,172,"55, VILLARS (R.)",,,Plein jour,En agglomération,Hors intersection,Normale,Autre collision,,,,,,,,,,,1,2,1,1.0,6.0
201000036796,0010-03-11 13:00:00,10,3,11,13,0,590,179,"., CURIE (AV. JOLIOT)",,,Plein jour,En agglomération,Intersection en T,Normale,Deux véhicules - côté,,,,,,,,,,,1,2,3,1.0,3.0
201000036797,0010-04-19 20:12:00,10,4,19,20,12,590,172,VERDUN (BD),,,Plein jour,En agglomération,Hors intersection,Normale,Deux véhicules - frontale,,,,,,,,,,,1,2,1,1.0,1.0
201000036798,0010-04-30 09:20:00,10,4,30,9,20,590,205,"39, SEMBAT (R. MARCEL)",,,Plein jour,En agglomération,Hors intersection,Normale,Deux véhicules - côté,,,,,,,,,,,1,2,1,1.0,3.0
201000036799,0010-05-19 17:15:00,10,5,19,17,15,590,2,"13, GUESDE (R. JULES)",,,Plein jour,En agglomération,Hors intersection,Normale,Deux véhicules - côté,,,,,,,,,,,1,2,1,1.0,3.0
201000036800,0010-05-14 13:00:00,10,5,14,13,0,590,172,"., MAI 1945 (BD DU 8)",,,Plein jour,En agglomération,Hors intersection,Normale,Deux véhicules - frontale,,,,,,,,,,,1,2,1,1.0,1.0
201000036801,0010-06-17 08:10:00,10,6,17,8,10,590,172,"., VERDUN (BD)",,,Plein jour,En agglomération,Autre intersection,Normale,Deux véhicules - frontale,,,,,,,,,,,1,2,9,1.0,1.0
201000036802,0010-06-16 16:00:00,10,6,16,16,0,590,172,"., DESANDROUINS (R.)",,,Plein jour,En agglomération,Autre intersection,Normale,Autre collision,,,,,,,,,,,1,2,9,1.0,6.0
201000036803,0010-06-30 19:05:00,10,6,30,19,5,590,314,"., rue Léon Gambetta",,,Plein jour,En agglomération,Intersection en T,Normale,Autre collision,,,,,,,,,,,1,2,3,1.0,6.0
201000036804,0010-07-28 20:15:00,10,7,28,20,15,590,172,OISY (RTE),,,Plein jour,En agglomération,Hors intersection,Normale,Autre collision,,,,,,,,,,,1,2,1,1.0,6.0
201000036805,0010-09-30 12:00:00,10,9,30,12,0,590,172,"., MAI 1945 (BD DU 8)",,,Plein jour,En agglomération,Hors intersection,Normale,Autre collision,,,,,,,,,,,1,2,1,1.0,6.0
201000036806,0010-10-18 20:00:00,10,10,18,20,0,590,632,JAURES (R. JEAN),,,Nuit avec éclairage allumé,En agglomération,Hors intersection,Pluie légère,Autre collision,,,,,,,,,,,5,2,1,2.0,6.0
201000036807,0010-10-30 15:35:00,10,10,30,15,35,590,2,ZOLA (R. EMILE),,,Plein jour,En agglomération,Hors intersection,Normale,Deux véhicules - arrière,,,,,,,,,,,1,2,1,1.0,2.0
201000036808,0010-11-18 17:10:00,10,11,18,17,10,590,632,DURRE (R. HENRI),,,Crépuscule ou aube,En agglomération,Hors intersection,Normale,Autre collision,,,,,,,,,,,2,2,1,1.0,6.0
201000036809,0010-11-12 17:45:00,10,11,12,17,45,590,172,", BRUNET (R. ARTHUR)",,,Nuit avec éclairage allumé,En agglomération,Hors intersection,Pluie légère,Autre collision,,,,,,,,,,,5,2,1,2.0,6.0
201000036810,0010-09-04 20:35:00,10,9,4,20,35,590,172,", TRARIEUX (R. LUDOVIC)",,,Crépuscule ou aube,En agglomération,Autre intersection,Normale,Deux véhicules - côté,,,,,,,,,,,2,2,9,1.0,3.0
201000036811,0010-01-12 17:00:00,10,1,12,17,0,590,178,SAINT JEAN (RUE),,,Crépuscule ou aube,En agglomération,Hors intersection,Normale,Autre collision,,,,,,,,,,,2,2,1,1.0,6.0
201000036812,0010-01-10 23:40:00,10,1,10,23,40,590,489,SEMBAT (RUE MARCEL),,,Nuit avec éclairage allumé,En agglomération,Hors intersection,Temps couvert,Autre collision,,,,,,,,,,,5,2,1,8.0,6.0
201000036813,0010-01-06 12:05:00,10,1,6,12,5,590,178,BETHUNE (RUE DE),,,Plein jour,En agglomération,Giratoire,Normale,Deux véhicules - côté,,,,,,,,,,,1,2,6,1.0,3.0
201000036814,0010-01-21 18:30:00,10,1,21,18,30,590,178,DELEBECQUE (BOULEVARD),,,Nuit avec éclairage allumé,En agglomération,Hors intersection,Temps couvert,Autre collision,,,,,,,,,,,5,2,1,8.0,6.0
201000036815,0010-01-17 11:55:00,10,1,17,11,55,590,569,GAMBETTA (RUE),,,Plein jour,En agglomération,Hors intersection,Temps éblouissant,Autre collision,,,,,,,,,,,1,2,1,7.0,6.0
201000036816,0010-01-24 19:30:00,10,1,24,19,30,590,486,D917,,,Nuit sans éclairage public,Hors agglomération,Hors intersection,Normale,Deux véhicules - côté,,,,,,,,,,,3,1,1,1.0,3.0
201000036817,0010-02-21 16:10:00,10,2,21,16,10,590,178,DEFOREST (RUE),,,Plein jour,En agglomération,Intersection en X,Normale,Deux véhicules - côté,,,,,,,,,,,1,2,2,1.0,3.0
201000036818,0010-01-31 21:20:00,10,1,31,21,20,590,170,POILUS (AVENUE DES),,,Nuit avec éclairage allumé,En agglomération,Hors intersection,Autre,Autre collision,,,,,,,,,,,5,2,1,9.0,6.0
201000036819,0010-01-31 21:20:00,10,1,31,21,20,590,178,CUINCY (RUE DE),,,Nuit avec éclairage allumé,En agglomération,Hors intersection,Normale,Sans collision,,,,,,,,,,,5,2,1,1.0,7.0
201000036820,0010-02-06 12:15:00,10,2,6,12,15,590,178,SAINT SULPICE (RUE),,,Plein jour,En agglomération,Giratoire,Normale,Deux véhicules - côté,,,,,,,,,,,1,2,6,1.0,3.0
201000036821,0010-03-09 14:55:00,10,3,9,14,55,590,329,"80, REPUBLIQUE (RUE DE L",,,Plein jour,En agglomération,Hors intersection,Normale,Deux véhicules - côté,,,,,,,,,,,1,2,1,1.0,3.0
201000036822,0010-03-22 08:20:00,10,3,22,8,20,590,654,FERRY (RUE JULES),,,Plein jour,En agglomération,Hors intersection,Normale,Autre collision,,,,,,,,,,,1,2,1,1.0,6.0
201000036823,0010-03-22 07:40:00,10,3,22,7,40,590,569,MARTEL (RUE DES FRERES A,,,Plein jour,En agglomération,Intersection en Y,Normale,Deux véhicules - côté,,,,,,,,,,,1,2,4,1.0,3.0
201000036824,0010-03-22 19:40:00,10,3,22,19,40,590,276,LANVIN (RUE M.),,,Nuit sans éclairage public,Hors agglomération,Hors intersection,Pluie légère,Autre collision,,,,,,,,,,,3,1,1,2.0,6.0
201000036825,0010-03-03 20:00:00,10,3,3,20,0,590,178,"39, DEPRET (RUE ABEL)",,,Nuit avec éclairage allumé,En agglomération,Hors intersection,Normale,Autre collision,,,,,,,,,,,5,2,1,1.0,6.0
201000036826,0010-03-04 15:50:00,10,3,4,15,50,590,329,"9, MACART (RESIDENCE ALE",,,Plein jour,En agglomération,Hors intersection,Normale,Autre collision,,,,,,,,,,,1,2,1,1.0,6.0
201000036827,0010-03-06 21:40:00,10,3,6,21,40,590,211,RD 425,,,Nuit sans éclairage public,Hors agglomération,Hors intersection,Normale,Deux véhicules - arrière,,,,,,,,,,,3,1,1,1.0,2.0
201000036828,0010-04-07 20:05:00,10,4,7,20,5,590,170,LANNOY (RUE SUZANNE),,,Nuit avec éclairage allumé,En agglomération,Hors intersection,Normale,Deux véhicules - arrière,,,,,,,,,,,5,2,1,1.0,2.0
201000036829,0010-03-31 16:00:00,10,3,31,16,0,590,329,GAMBETTA (RUE LEON),,,Plein jour,En agglomération,Hors intersection,Normale,Deux véhicules - côté,,,,,,,,,,,1,2,1,1.0,3.0
201000036830,0010-04-12 14:45:00,10,4,12,14,45,590,569,R.D 500,,,Plein jour,Hors agglomération,Hors intersection,Normale,Trois véhicules et plus - collisions multiples,,,,,,,,,,,1,1,1,1.0,5.0
201000036831,0010-03-12 17:10:00,10,3,12,17,10,590,569,"380, PORTE DE FER (RUE D",,,Plein jour,En agglomération,Hors intersection,Normale,Deux véhicules - côté,,,,,,,,,,,1,2,1,1.0,3.0
201000036832,0010-04-18 11:40:00,10,4,18,11,40,590,178,PASTEUR (BOULEVARD),,,Plein jour,En agglomération,Hors intersection,Normale,Autre collision,,,,,,,,,,,1,2,1,1.0,6.0
201000036833,0010-03-27 09:30:00,10,3,27,9,30,590,234,RD643 (LE VILLERS),,,Plein jour,Hors agglomération,Hors intersection,Normale,Deux véhicules - côté,,,,,,,,,,,1,1,1,1.0,3.0
201000036834,0010-03-31 14:40:00,10,3,31,14,40,590,178,FAIDHERBE (BOULEVARD),,,Plein jour,En agglomération,Hors intersection,Pluie légère,Deux véhicules - côté,,,,,,,,,,,1,2,1,2.0,3.0
201000036835,0010-05-01 09:50:00,10,5,1,9,50,590,178,"144, JAURES (RUE JEAN)",,,Plein jour,En agglomération,Hors intersection,Normale,Autre collision,,,,,,,,,,,1,2,1,1.0,6.0
201000036836,0010-05-20 17:10:00,10,5,20,17,10,590,178,CUVELLE (RUE FRANCOIS),,,Plein jour,En agglomération,Hors intersection,Normale,Autre collision,,,,,,,,,,,1,2,1,1.0,6.0
201000036837,0010-05-22 15:20:00,10,5,22,15,20,590,178,SAINT JACQUES (RUE),,,Plein jour,En agglomération,Hors intersection,Normale,Autre collision,,,,,,,,,,,1,2,1,1.0,6.0
201000036838,0010-06-15 11:35:00,10,6,15,11,35,590,178,REPUBLIQUE (BOULEVARD DE,,,Plein jour,En agglomération,Hors intersection,Normale,Autre collision,,,,,,,,,,,1,2,1,1.0,6.0
201000036839,0010-05-30 16:20:00,10,5,30,16,20,590,178,"144, SARAZIN (RUE GEORGE",,,Plein jour,En agglomération,Hors intersection,Normale,Autre collision,,,,,,,,,,,1,2,1,1.0,6.0
201000036840,0010-07-10 12:00:00,10,7,10,12,0,590,178,"202, HAYEZ (BOULEVARD PA",,,Plein jour,En agglomération,Hors intersection,Normale,Autre collision,,,,,,,,,,,1,2,1,1.0,6.0
201000036841,0010-07-16 15:40:00,10,7,16,15,40,590,178,"413, TRANNOIS (RUE DES)",,,Plein jour,En agglomération,Hors intersection,Normale,Autre collision,,,,,,,,,,,1,2,1,1.0,6.0
201000036842,0010-07-22 16:10:00,10,7,22,16,10,590,239,RD 938,,,Plein jour,En agglomération,Intersection en X,Normale,Deux véhicules - côté,,,,,,,,,,,1,2,2,1.0,3.0
201000036843,0010-08-26 21:10:00,10,8,26,21,10,590,329,R.D 643,,,Nuit avec éclairage allumé,En agglomération,Hors intersection,Normale,Deux véhicules - côté,,,,,,,,,,,5,2,1,1.0,3.0
201000036844,0010-08-16 16:45:00,10,8,16,16,45,590,165,CARNOT (RUE SADI),,,Plein jour,En agglomération,Hors intersection,Pluie forte,Deux véhicules - côté,,,,,,,,,,,1,2,1,3.0,3.0
201000036845,0010-10-02 19:50:00,10,10,2,19,50,590,28,FERRER (RUE FRANCISCO),,,Nuit avec éclairage allumé,En agglomération,Intersection en T,Normale,Deux véhicules - côté,,,,,,,,,,,5,2,3,1.0,3.0