accident_id,datetime,annee,mois,jour,heure,minute,departement,commune_insee,adresse,latitude,longitude,luminosite,agglomeration,intersection,meteo,collision,nb_vehicules,nb_usagers,nb_indemnes,nb_tues,nb_blesses_hosp,nb_blesses_legers,age_cond_1,age_cond_2,veh_type_cond_1,veh_type_cond_2,lum_code,agg_code,int_code,atm_code,col_code
201000037100,0010-03-23 06:30:00,10,3,23,6,30,590,350,"00, CORDONNIER RUE DENIS",,,Nuit avec éclairage allumé,En agglomération,Intersection en T,Normale,Autre collision,,,,,,,,,,,5,2,3,1.0,6.0
201000037101,0010-03-27 14:00:00,10,3,27,14,0,590,378,"712, REPUBLIQUE AV DE LA",,,Plein jour,En agglomération,Hors intersection,Normale,Autre collision,,,,,,,,,,,1,2,1,1.0,6.0
201000037102,0010-03-27 18:45:00,10,3,27,18,45,590,350,"29, JACQUET EUGENE RUE N",,,Plein jour,En agglomération,Hors intersection,Normale,Autre collision,,,,,,,,,,,1,2,1,1.0,6.0
201000037103,0010-03-27 22:05:00,10,3,27,22,5,590,286,"108, DAME RUE DU GENERAL",,,Nuit avec éclairage allumé,En agglomération,Hors intersection,Normale,Autre collision,,,,,,,,,,,5,2,1,1.0,6.0
201000037104,0010-03-29 07:45:00,10,3,29,7,45,590,350,BASSE RUE,,,Plein jour,En agglomération,Intersection en X,Pluie légère,Deux véhicules - côté,,,,,,,,,,,1,2,2,2.0,3.0
201000037105,0010-03-29 15:15:00,10,3,29,15,15,590,350,TENREMONDE RUE N°IMPAIRS,,,Plein jour,En agglomération,Intersection en X,Normale,Autre collision,,,,,,,,,,,1,2,2,1.0,6.0
201000037106,0010-03-31 07:50:00,10,3,31,7,50,590,350,"91, ISLY RUE",,,Crépuscule ou aube,En agglomération,Hors intersection,Normale,Autre collision,,,,,,,,,,,2,2,1,1.0,6.0
201000037107,0010-04-01 17:45:00,10,4,1,17,45,590,350,"sans objet, STRASBOURG B",,,Plein jour,En agglomération,Hors intersection,Normale,Autre collision,,,,,,,,,,,1,2,1,1.0,6.0
201000037108,0010-04-02 23:55:00,10,4,2,23,55,590,350,"61, SAINT AMAND RUE",,,Nuit avec éclairage allumé,En agglomération,Intersection en Y,Pluie légère,Autre collision,,,,,,,,,,,5,2,4,2.0,6.0
201000037109,0010-04-03 22:10:00,10,4,3,22,10,590,507,LAVOISIER RUE,,,Nuit avec éclairage allumé,En agglomération,Hors intersection,Normale,Deux véhicules - frontale,,,,,,,,,,,5,2,1,1.0,1.0
201000037110,0010-04-03 00:20:00,10,4,3,0,20,590,350,"314, SOLFERINO RUE N°208",,,Nuit avec éclairage allumé,En agglomération,Hors intersection,Normale,Autre collision,,,,,,,,,,,5,2,1,1.0,6.0
201000037111,0010-04-05 16:30:00,10,4,5,16,30,590,350,ESPLANADE FACADE,,,Plein jour,Hors agglomération,Hors intersection,Normale,Deux véhicules - côté,,,,,,,,,,,1,1,1,1.0,3.0
201000037112,0010-04-06 14:30:00,10,4,6,14,30,590,350,"28, CHANZY RUE",,,Plein jour,En agglomération,Hors intersection,Normale,Autre collision,,,,,,,,,,,1,2,1,1.0,6.0
201000037113,0010-04-06 17:30:00,10,4,6,17,30,590,350,"11, TREVISE RUE",,,Plein jour,En agglomération,Hors intersection,Normale,Autre collision,,,,,,,,,,,1,2,1,1.0,6.0
201000037114,0010-04-06 15:50:00,10,4,6,15,50,590,220,"99 bis, HAUBOURDIN RUE D",,,Plein jour,En agglomération,Hors intersection,Normale,Autre collision,,,,,,,,,,,1,2,1,1.0,6.0
201000037115,0010-04-06 15:30:00,10,4,6,15,30,590,560,AVELIN ROUTE D,,,Plein jour,En agglomération,Hors intersection,Normale,Deux véhicules - côté,,,,,,,,,,,1,2,1,1.0,3.0
201000037116,0010-04-06 09:10:00,10,4,6,9,10,590,350,"60, JACQUEMART GIELEE RU",,,Plein jour,Hors agglomération,Hors intersection,Normale,Deux véhicules - arrière,,,,,,,,,,,1,1,1,1.0,2.0
201000037117,0010-04-03 08:40:00,10,4,3,8,40,590,527,"00, CORNEILLE RUE",,,Crépuscule ou aube,En agglomération,Intersection en X,Pluie légère,Autre collision,,,,,,,,,,,2,2,2,2.0,6.0
201000037118,0010-04-08 14:15:00,10,4,8,14,15,590,368,POMPIDOU G. RUE DU PDT.1,,,Plein jour,En agglomération,Intersection en X,Pluie légère,Deux véhicules - côté,,,,,,,,,,,1,2,2,2.0,3.0
201000037119,0010-04-09 10:00:00,10,4,9,10,0,590,378,"64, PASTEUR RUE",,,Plein jour,En agglomération,Intersection en Y,Normale,Autre collision,,,,,,,,,,,1,2,4,1.0,6.0
201000037120,0010-04-09 17:30:00,10,4,9,17,30,590,527,DE LATTRE TASSIGNY.AV  N,,,Plein jour,En agglomération,Hors intersection,Normale,Autre collision,,,,,,,,,,,1,2,1,1.0,6.0
201000037121,0010-04-09 23:30:00,10,4,9,23,30,590,360,FOCH RUE DU MARECHAL,,,Nuit avec éclairage allumé,En agglomération,Intersection en T,Normale,Deux véhicules - côté,,,,,,,,,,,5,2,3,1.0,3.0
201000037122,0010-04-10 17:10:00,10,4,10,17,10,590,560,INDUSTRIE RUE DE L,,,Plein jour,En agglomération,Hors intersection,Normale,Deux véhicules - arrière,,,,,,,,,,,1,2,1,1.0,2.0
201000037123,0010-04-13 05:50:00,10,4,13,5,50,590,9,"00, JAURES JEAN RUE DU 1",,,Nuit avec éclairage allumé,En agglomération,Intersection en T,Normale,Autre collision,,,,,,,,,,,5,2,3,1.0,6.0
201000037124,0010-04-12 08:45:00,10,4,12,8,45,590,9,"01, GUESDE JULES RUE",,,Plein jour,En agglomération,Hors intersection,Normale,Deux véhicules - arrière,,,,,,,,,,,1,2,1,1.0,2.0
201000037125,0010-04-13 19:10:00,10,4,13,19,10,590,378,"13bis, BERLIOZ HECTOR RU",,,Plein jour,En agglomération,Intersection en T,Normale,Autre collision,,,,,,,,,,,1,2,3,1.0,6.0
201000037126,0010-04-13 20:15:00,10,4,13,20,15,590,378,NATIONALE RUE,,,Plein jour,En agglomération,Hors intersection,Normale,Deux véhicules - arrière,,,,,,,,,,,1,2,1,1.0,2.0
201000037127,0010-04-13 22:30:00,10,4,13,22,30,590,350,"253, LEEDS BOULEVARD",,,Nuit avec éclairage allumé,En agglomération,Hors intersection,Normale,Trois véhicules et plus - en chaîne,,,,,,,,,,,5,2,1,1.0,4.0
201000037128,0010-04-14 09:05:00,10,4,14,9,5,590,350,JOUHAUX LEON PONT,,,Plein jour,En agglomération,Hors intersection,Normale,Deux véhicules - côté,,,,,,,,,,,1,2,1,1.0,3.0
201000037129,0010-04-14 17:00:00,10,4,14,17,0,590,368,"226 bis, DE GAULLE RUE D",,,Plein jour,En agglomération,Intersection en X,Normale,Autre collision,,,,,,,,,,,1,2,2,1.0,6.0
201000037130,0010-04-17 15:15:00,10,4,17,15,15,590,350,CITE UNIES BOULEVARD DES,,,Plein jour,En agglomération,Hors intersection,Normale,Deux véhicules - côté,,,,,,,,,,,1,2,1,1.0,3.0
201000037131,0010-04-16 12:15:00,10,4,16,12,15,590,368,"170-172, SALENGRO ROGER",,,Plein jour,En agglomération,Hors intersection,Normale,Autre collision,,,,,,,,,,,1,2,1,1.0,6.0
201000037132,0010-04-15 18:30:00,10,4,15,18,30,590,350,"sans objet, JEMMAPES RUE",,,Plein jour,En agglomération,Intersection en X,Normale,Deux véhicules - côté,,,,,,,,,,,1,2,2,1.0,3.0
201000037133,0010-04-18 17:20:00,10,4,18,17,20,590,636,"Abbé Pierre, rue",,,Plein jour,En agglomération,Hors intersection,Normale,Deux véhicules - arrière,,,,,,,,,,,1,2,1,1.0,2.0
201000037134,0010-04-19 16:10:00,10,4,19,16,10,590,350,NATIONALE RUE N°2 A 178B,,,Plein jour,En agglomération,Intersection en T,Normale,Deux véhicules - côté,,,,,,,,,,,1,2,3,1.0,3.0
201000037135,0010-04-14 16:40:00,10,4,14,16,40,590,350,"SANS OBJET, SORTIE RN 35",,,Plein jour,Hors agglomération,Hors intersection,Normale,Deux véhicules - côté,,,,,,,,,,,1,1,1,1.0,3.0
201000037136,0010-04-21 07:00:00,10,4,21,7,0,590,350,STRASBOURG BOULEVARD,,,Plein jour,En agglomération,Hors intersection,Normale,Autre collision,,,,,,,,,,,1,2,1,1.0,6.0
201000037137,0010-04-22 08:10:00,10,4,22,8,10,590,328,"001, HIPPODROME AV DE L",,,Plein jour,En agglomération,Intersection en X,Normale,Autre collision,,,,,,,,,,,1,2,2,1.0,6.0
201000037138,0010-04-21 13:10:00,10,4,21,13,10,590,350,"115, FAUBOURG DE DOUAI N",,,Plein jour,En agglomération,Hors intersection,Normale,Autre collision,,,,,,,,,,,1,2,1,1.0,6.0
201000037139,0010-04-23 06:50:00,10,4,23,6,50,590,343,BRIZON PIERRE RUE,,,Plein jour,En agglomération,Hors intersection,Normale,Deux véhicules - côté,,,,,,,,,,,1,2,1,1.0,3.0
201000037140,0010-04-23 07:50:00,10,4,23,7,50,590,410,ROUSSEAU JEAN JACQUES RU,,,Plein jour,En agglomération,Intersection en X,Normale,Autre collision,,,,,,,,,,,1,2,2,1.0,6.0
201000037141,0010-04-23 15:00:00,10,4,23,15,0,590,350,"144, FAUBOURG DE ROUBAIX",,,Plein jour,Hors agglomération,Hors intersection,Normale,Deux véhicules - côté,,,,,,,,,,,1,1,1,1.0,3.0
201000037142,0010-04-23 17:20:00,10,4,23,17,20,590,350,"00, HUGO VICTOR RUE",,,Plein jour,En agglomération,Intersection en X,Normale,Autre collision,,,,,,,,,,,1,2,2,1.0,6.0
201000037143,0010-04-23 18:10:00,10,4,23,18,10,590,378,REPUBLIQUE AV DE LA ( N°,,,Plein jour,En agglomération,Hors intersection,Normale,Autre collision,,,,,,,,,,,1,2,1,1.0,6.0
201000037144,0010-04-24 19:05:00,10,4,24,19,5,590,350,"00, ARC RUE JEANNE D",,,Plein jour,En agglomération,Intersection en T,Normale,Deux véhicules - arrière,,,,,,,,,,,1,2,3,1.0,2.0
201000037145,0010-04-16 19:10:00,10,4,16,19,10,590,220,"51, KLEBER RUE    N°IMPA",,,Plein jour,En agglomération,Intersection en T,Normale,Deux véhicules - côté,,,,,,,,,,,1,2,3,1.0,3.0
201000037146,0010-04-25 21:15:00,10,4,25,21,15,590,350,NATIONALE RUE N°2 A 178B,,,Nuit avec éclairage allumé,En agglomération,Hors intersection,Normale,Autre collision,,,,,,,,,,,5,2,1,1.0,6.0
201000037147,0010-04-27 08:50:00,10,4,27,8,50,590,9,"001, FLANDRE AVENUEE DE",,,Plein jour,En agglomération,Intersection en X,Normale,Deux véhicules - côté,,,,,,,,,,,1,2,2,1.0,3.0
201000037148,0010-04-27 09:00:00,10,4,27,9,0,590,9,FLANDRE AVENUEE DE,,,Plein jour,En agglomération,Hors intersection,Normale,Autre collision,,,,,,,,,,,1,2,1,1.0,6.0
201000037149,0010-04-27 16:35:00,10,4,27,16,35,590,350,VERTE RUE,,,Plein jour,En agglomération,Hors intersection,Normale,Autre collision,,,,,,,,,,,1,2,1,1.0,6.0
201000037150,0010-04-28 15:00:00,10,4,28,15,0,590,410,DE GAULLE RUE DU GENERAL,,,Plein jour,En agglomération,Hors intersection,Normale,Autre collision,,,,,,,,,,,1,2,1,1.0,6.0
201000037151,0010-04-29 03:50:00,10,4,29,3,50,590,648,"3, JAURES JEAN RUE",,,Nuit avec éclairage allumé,En agglomération,Hors intersection,Normale,Autre collision,,,,,,,,,,,5,2,1,1.0,6.0
201000037152,0010-04-29 17:45:00,10,4,29,17,45,590,350,"36, DORMOY MARX AVENUE",,,Plein jour,En agglomération,Hors intersection,Normale,Autre collision,,,,,,,,,,,1,2,1,1.0,6.0
201000037153,0010-04-29 19:30:00,10,4,29,19,30,590,350,"58, CAMBRAI RUE DE N°PAI",,,Plein jour,En agglomération,Hors intersection,Normale,Autre collision,,,,,,,,,,,1,2,1,1.0,6.0
201000037154,0010-05-01 13:40:00,10,5,1,13,40,590,286,LHERMITTE FIDELE RUE,,,Plein jour,En agglomération,Intersection en X,Normale,Autre collision,,,,,,,,,,,1,2,2,1.0,6.0
201000037155,0010-05-01 14:45:00,10,5,1,14,45,590,410,"11, SCHUMAN ROBERT AVENU",,,Plein jour,En agglomération,Intersection en T,Normale,Deux véhicules - côté,,,,,,,,,,,1,2,3,1.0,3.0
201000037156,0010-05-02 17:15:00,10,5,2,17,15,590,350,FAUBOURG D'ARRAS RUE,,,Plein jour,En agglomération,Intersection en T,Normale,Autre collision,,,,,,,,,,,1,2,3,1.0,6.0
201000037157,0010-05-02 18:10:00,10,5,2,18,10,590,350,"48, FAUBOURG DE BETHUNE",,,Plein jour,En agglomération,Hors intersection,Normale,Autre collision,,,,,,,,,,,1,2,1,1.0,6.0
201000037158,0010-05-02 20:30:00,10,5,2,20,30,590,410,SCHUMAN ROBERT AVENUE,,,Plein jour,En agglomération,Hors intersection,Normale,Autre collision,,,,,,,,,,,1,2,1,1.0,6.0
201000037159,0010-05-03 17:40:00,10,5,3,17,40,590,328,VIEILLE RUE,,,Plein jour,En agglomération,Hors intersection,Normale,Autre collision,,,,,,,,,,,1,2,1,1.0,6.0
201000037160,0010-05-04 17:20:00,10,5,4,17,20,590,378,"54, DUCROCQ JEAN BAPTIST",,,Plein jour,En agglomération,Hors intersection,Normale,Autre collision,,,,,,,,,,,1,2,1,1.0,6.0
201000037161,0010-05-03 16:10:00,10,5,3,16,10,590,350,LEGRAND PIERRE RUE,,,Plein jour,En agglomération,Intersection en T,Pluie légère,Autre collision,,,,,,,,,,,1,2,3,2.0,6.0
201000037162,0010-05-05 21:30:00,10,5,5,21,30,590,9,OUEST BOULEVARD DE L,,,Crépuscule ou aube,En agglomération,Intersection en X,Normale,Deux véhicules - côté,,,,,,,,,,,2,2,2,1.0,3.0
201000037163,0010-05-06 21:25:00,10,5,6,21,25,590,286,"92, SALENGRO ROGER AVENU",,,Nuit avec éclairage allumé,En agglomération,Hors intersection,Normale,Autre collision,,,,,,,,,,,5,2,1,1.0,6.0
201000037164,0010-05-08 23:45:00,10,5,8,23,45,590,378,"00, FOCH AVENUE N°2-130",,,Nuit avec éclairage allumé,En agglomération,Intersection en T,Normale,Autre collision,,,,,,,,,,,5,2,3,1.0,6.0
201000037165,0010-05-08 18:30:00,10,5,8,18,30,590,350,PORT RUE N°2 A 88-1 A 47,,,Plein jour,En agglomération,Intersection en X,Normale,Deux véhicules - côté,,,,,,,,,,,1,2,2,1.0,3.0
201000037166,0010-05-08 20:25:00,10,5,8,20,25,590,527,"001, LECLERC RUE DU GENE",,,Plein jour,En agglomération,Hors intersection,Normale,Autre collision,,,,,,,,,,,1,2,1,1.0,6.0
201000037167,0010-05-10 19:20:00,10,5,10,19,20,590,378,"551, REPUBLIQUE AV DE LA",,,Plein jour,En agglomération,Hors intersection,Normale,Deux véhicules - frontale,,,,,,,,,,,1,2,1,1.0,1.0
201000037168,0010-05-11 13:20:00,10,5,11,13,20,590,368,"63, PASTEUR RUE",,,Plein jour,En agglomération,Hors intersection,Normale,Autre collision,,,,,,,,,,,1,2,1,1.0,6.0
201000037169,0010-05-12 12:10:00,10,5,12,12,10,590,350,"00, MARGUERITOIS CHEMIN",,,Plein jour,En agglomération,Intersection en T,Normale,Autre collision,,,,,,,,,,,1,2,3,1.0,6.0
201000037170,0010-05-13 10:20:00,10,5,13,10,20,590,350,FAUBOURG D'ARRAS RUE,,,Plein jour,En agglomération,Intersection en T,Normale,Deux véhicules - côté,,,,,,,,,,,1,2,3,1.0,3.0
201000037171,0010-05-14 13:00:00,10,5,14,13,0,590,343,"001, AEROPORT ROUTE DE L",,,Plein jour,En agglomération,Hors intersection,Normale,Deux véhicules - côté,,,,,,,,,,,1,2,1,1.0,3.0
201000037172,0010-05-16 16:15:00,10,5,16,16,15,590,9,BOIS AVENUE DU PONT DE,,,Plein jour,En agglomération,Hors intersection,Normale,Autre collision,,,,,,,,,,,1,2,1,1.0,6.0
201000037173,0010-05-13 03:55:00,10,5,13,3,55,590,350,"13, DANEL LEONARD RUE",,,Nuit avec éclairage allumé,En agglomération,Hors intersection,Normale,Autre collision,,,,,,,,,,,5,2,1,1.0,6.0
201000037174,0010-05-17 16:45:00,10,5,17,16,45,590,350,FOCH AVENUE,,,Plein jour,En agglomération,Intersection en X,Normale,Deux véhicules - côté,,,,,,,,,,,1,2,2,1.0,3.0
201000037175,0010-05-17 13:50:00,10,5,17,13,50,590,350,"90, METZ BOULEVARD",,,Plein jour,En agglomération,Intersection en X,Normale,Deux véhicules - côté,,,,,,,,,,,1,2,2,1.0,3.0
201000037176,0010-05-15 19:00:00,10,5,15,19,0,590,350,PERRIN JEAN RUE,,,Plein jour,Hors agglomération,Hors intersection,Normale,Autre collision,,,,,,,,,,,1,1,1,1.0,6.0
201000037177,0010-05-20 17:10:00,10,5,20,17,10,590,328,"10, ROSTAND EDMOND RUE",,,Plein jour,En agglomération,Hors intersection,Normale,Autre collision,,,,,,,,,,,1,2,1,1.0,6.0
201000037178,0010-05-21 00:45:00,10,5,21,0,45,590,507,CARNOT SADI RUE,,,Nuit avec éclairage allumé,En agglomération,Hors intersection,Normale,Autre collision,,,,,,,,,,,5,2,1,1.0,6.0
201000037179,0010-05-22 05:40:00,10,5,22,5,40,590,368,DE COUBERTIN PIERRE  BOU,,,Crépuscule ou aube,En agglomération,Hors intersection,Normale,Trois véhicules et plus - collisions multiples,,,,,,,,,,,2,2,1,1.0,5.0
201000037180,0010-05-21 20:30:00,10,5,21,20,30,590,9,SAINT GHISLAIN ROND POIN,,,Plein jour,En agglomération,Giratoire,Normale,Deux véhicules - côté,,,,,,,,,,,1,2,6,1.0,3.0
201000037181,0010-05-22 20:15:00,10,5,22,20,15,590,350,"50, BLUM LEON RUE",,,Plein jour,En agglomération,Hors intersection,Normale,Autre collision,,,,,,,,,,,1,2,1,1.0,6.0
201000037182,0010-05-07 09:00:00,10,5,7,9,0,590,350,"00, REPUBLIQUE AVENUE DE",,,Plein jour,En agglomération,Hors intersection,Normale,Deux véhicules - arrière,,,,,,,,,,,1,2,1,1.0,2.0
201000037183,0010-05-25 14:00:00,10,5,25,14,0,590,350,"10, SOLIER JEAN RUE DU",,,Plein jour,En agglomération,Hors intersection,Normale,Autre collision,,,,,,,,,,,1,2,1,1.0,6.0
201000037184,0010-05-22 11:30:00,10,5,22,11,30,590,636,BONDUES RUE DE,,,Plein jour,En agglomération,Hors intersection,Normale,Autre collision,,,,,,,,,,,1,2,1,1.0,6.0
201000037185,0010-05-27 14:15:00,10,5,27,14,15,590,378,QUESNE RUE DU,,,Plein jour,En agglomération,Hors intersection,Normale,Autre collision,,,,,,,,,,,1,2,1,1.0,6.0
201000037186,0010-05-28 10:00:00,10,5,28,10,0,590,350,"02, BIGO DANEL BOULEVARD",,,Plein jour,En agglomération,Hors intersection,Normale,Autre collision,,,,,,,,,,,1,2,1,1.0,6.0
201000037187,0010-05-28 21:15:00,10,5,28,21,15,590,9,"00, TOURNAI BOULEVARD DE",,,Nuit avec éclairage allumé,En agglomération,Intersection en X,Normale,Autre collision,,,,,,,,,,,5,2,2,1.0,6.0
201000037188,0010-05-28 13:50:00,10,5,28,13,50,590,9,"00, APPERT NICOLAS RUE",,,Plein jour,En agglomération,Intersection en X,Normale,Autre collision,,,,,,,,,,,1,2,2,1.0,6.0
201000037189,0010-05-28 13:50:00,10,5,28,13,50,590,328,"81, LIBERTE AVENUE DE LA",,,Plein jour,En agglomération,Hors intersection,Normale,Autre collision,,,,,,,,,,,1,2,1,1.0,6.0
201000037190,0010-05-30 14:50:00,10,5,30,14,50,590,378,BERLIOZ HECTOR RUE,,,Plein jour,En agglomération,Hors intersection,Normale,Autre collision,,,,,,,,,,,1,2,1,1.0,6.0
201000037191,0010-05-28 16:20:00,10,5,28,16,20,590,350,CARREL ARMAND RUE,,,Plein jour,En agglomération,Hors intersection,Normale,Deux véhicules - côté,,,,,,,,,,,1,2,1,1.0,3.0
201000037192,0010-05-31 04:20:00,10,5,31,4,20,590,507,"334, JAURES JEAN AVENUE.",,,Nuit avec éclairage allumé,En agglomération,Hors intersection,Normale,Autre collision,,,,,,,,,,,5,2,1,1.0,6.0
201000037193,0010-05-31 17:30:00,10,5,31,17,30,590,527,"89, LECLERC RUE DU GENER",,,Plein jour,En agglomération,Hors intersection,Normale,Autre collision,,,,,,,,,,,1,2,1,1.0,6.0
201000037194,0010-05-31 13:15:00,10,5,31,13,15,590,350,"7, LANNOY RUE",,,Plein jour,En agglomération,Hors intersection,Normale,Deux véhicules - arrière,,,,,,,,,,,1,2,1,1.0,2.0
201000037195,0010-06-01 10:45:00,10,6,1,10,45,590,328,"001, CLOUET FELIX PLACE",,,Plein jour,En agglomération,Hors intersection,Normale,Autre collision,,,,,,,,,,,1,2,1,1.0,6.0
201000037196,0010-06-01 07:40:00,10,6,1,7,40,590,350,"76, DANEL LEONARD RUE",,,Plein jour,En agglomération,Intersection en X,Normale,Deux véhicules - côté,,,,,,,,,,,1,2,2,1.0,3.0
201000037197,0010-06-01 18:00:00,10,6,1,18,0,590,9,"001, FUSILLES RUE DES DU",,,Plein jour,En agglomération,Intersection en T,Normale,Deux véhicules - côté,,,,,,,,,,,1,2,3,1.0,3.0
201000037198,0010-06-02 00:05:00,10,6,2,0,5,590,350,"10, LEBLANC NICOLAS RUE",,,Nuit avec éclairage allumé,En agglomération,Hors intersection,Pluie légère,Autre collision,,,,,,,,,,,5,2,1,2.0,6.0
201000037199,0010-06-02 09:30:00,10,6,2,9,30,590,350,VERDUN BVD N°  RESTE,,,Plein jour,En agglomération,Hors intersection,Normale,Deux véhicules - arrière,,,,,,,,,,,1,2,1,1.0,2.0
201000037200,0010-06-02 19:40:00,10,6,2,19,40,590,9,8 MAI 1945 RUE DU A PART,,,Plein jour,En agglomération,Hors intersection,Normale,Autre collision,,,,,,,,,,,1,2,1,1.0,6.0
201000037201,0010-05-29 14:25:00,10,5,29,14,25,590,648,CLEMENCEAU RUE,,,Plein jour,En agglomération,Intersection en X,Normale,Trois véhicules et plus - collisions multiples,,,,,,,,,,,1,2,2,1.0,5.0
201000037202,0010-06-03 14:00:00,10,6,3,14,0,590,386,"00, LALAU RUE",,,Plein jour,En agglomération,Intersection en X,Normale,Autre collision,,,,,,,,,,,1,2,2,1.0,6.0
201000037203,0010-06-03 22:00:00,10,6,3,22,0,590,350,SOLFERINO RUE N°1 A 159,,,Nuit avec éclairage allumé,En agglomération,Intersection en X,Normale,Deux véhicules - côté,,,,,,,,,,,5,2,2,1.0,3.0
201000037204,0010-06-03 21:30:00,10,6,3,21,30,590,9,"345, FUSILLES RUE DES DU",,,Crépuscule ou aube,En agglomération,Hors intersection,Normale,Deux véhicules - arrière,,,,,,,,,,,2,2,1,1.0,2.0
201000037205,0010-06-05 20:10:00,10,6,5,20,10,590,350,"00, CANONNIERS RUE DES",,,Plein jour,En agglomération,Intersection en X,Normale,Autre collision,,,,,,,,,,,1,2,2,1.0,6.0
201000037206,0010-06-05 18:00:00,10,6,5,18,0,590,350,"5, URBANISTES RUE",,,Plein jour,En agglomération,Autre intersection,Normale,Autre collision,,,,,,,,,,,1,2,9,1.0,6.0
201000037207,0010-06-05 19:20:00,10,6,5,19,20,590,350,"00, METZ BOULEVARD",,,Plein jour,En agglomération,Hors intersection,Normale,Autre collision,,,,,,,,,,,1,2,1,1.0,6.0
201000037208,0010-06-05 14:05:00,10,6,5,14,5,590,350,LIBERTE BOULEVARD N°1 A,,,Plein jour,En agglomération,Hors intersection,Normale,Autre collision,,,,,,,,,,,1,2,1,1.0,6.0
201000037209,0010-06-04 21:30:00,10,6,4,21,30,590,350,"00, JACQUART",,,Nuit avec éclairage allumé,En agglomération,Intersection en T,Normale,Autre collision,,,,,,,,,,,5,2,3,1.0,6.0
201000037210,0010-06-04 15:05:00,10,6,4,15,5,590,350,"48, FAIDHERBE RUE",,,Plein jour,En agglomération,Hors intersection,Normale,Autre collision,,,,,,,,,,,1,2,1,1.0,6.0
201000037211,0010-06-05 00:50:00,10,6,5,0,50,590,350,LANNOY RUE,,,Nuit avec éclairage allumé,En agglomération,Hors intersection,Normale,Autre collision,,,,,,,,,,,5,2,1,1.0,6.0
201000037212,0010-06-07 18:10:00,10,6,7,18,10,590,9,"00, BIZET GEORGES BOULEV",,,Plein jour,En agglomération,Hors intersection,Normale,Autre collision,,,,,,,,,,,1,2,1,1.0,6.0
201000037213,0010-06-08 08:30:00,10,6,8,8,30,590,360,"1, SCHUMAN ROBERT RUE",,,Plein jour,En agglomération,Hors intersection,Normale,Autre collision,,,,,,,,,,,1,2,1,1.0,6.0
201000037214,0010-06-08 09:05:00,10,6,8,9,5,590,360,"00, EPINETTE RUE DE L",,,Plein jour,En agglomération,Intersection en X,Normale,Autre collision,,,,,,,,,,,1,2,2,1.0,6.0
201000037215,0010-06-08 11:45:00,10,6,8,11,45,590,350,"113, DOUAI RUE",,,Plein jour,En agglomération,Hors intersection,Normale,Deux véhicules - côté,,,,,,,,,,,1,2,1,1.0,3.0
201000037216,0010-06-02 17:50:00,10,6,2,17,50,590,378,"00, DE GAULLE RUE DU GEN",,,Plein jour,En agglomération,Intersection en T,Normale,Autre collision,,,,,,,,,,,1,2,3,1.0,6.0
201000037217,0010-06-10 11:55:00,10,6,10,11,55,590,9,"001, DOUMER PAUL RUE DU",,,Plein jour,En agglomération,Giratoire,Normale,Deux véhicules - arrière,,,,,,,,,,,1,2,6,1.0,2.0
201000037218,0010-06-10 17:20:00,10,6,10,17,20,590,356,PHALECQUE RUE DE LA,,,Plein jour,En agglomération,Hors intersection,Pluie forte,Deux véhicules - côté,,,,,,,,,,,1,2,1,3.0,3.0
201000037219,0010-06-10 18:00:00,10,6,10,18,0,590,220,"001, HAUBOURDIN RUE D",,,Plein jour,En agglomération,Intersection en T,Normale,Deux véhicules - côté,,,,,,,,,,,1,2,3,1.0,3.0
201000037220,0010-06-10 14:20:00,10,6,10,14,20,590,196,"001, FLEUR D ECOSSE RUE",,,Plein jour,Hors agglomération,Hors intersection,Pluie forte,Autre collision,,,,,,,,,,,1,1,1,3.0,6.0
201000037221,0010-06-12 09:55:00,10,6,12,9,55,590,9,CENTRE COMMERCIAL V2,,,Plein jour,En agglomération,Intersection en T,Normale,Deux véhicules - côté,,,,,,,,,,,1,2,3,1.0,3.0
201000037222,0010-06-12 20:45:00,10,6,12,20,45,590,9,"00, CHAMPOLLION AVENUE",,,Nuit avec éclairage allumé,En agglomération,Intersection en X,Normale,Autre collision,,,,,,,,,,,5,2,2,1.0,6.0
201000037223,0010-06-11 13:30:00,10,6,11,13,30,590,350,BEETHOVEN AVENUE,,,Plein jour,En agglomération,Hors intersection,Normale,Deux véhicules - arrière,,,,,,,,,,,1,2,1,1.0,2.0
201000037224,0010-06-14 12:40:00,10,6,14,12,40,590,350,LAMBRET OSCAR AVENUE,,,Plein jour,En agglomération,Intersection en T,Normale,Deux véhicules - côté,,,,,,,,,,,1,2,3,1.0,3.0
201000037225,0010-06-14 23:50:00,10,6,14,23,50,590,9,"001, BREUCQ BOULEVARD DU",,,Nuit avec éclairage allumé,En agglomération,Intersection en X,Normale,Deux véhicules - côté,,,,,,,,,,,5,2,2,1.0,3.0
201000037226,0010-06-14 20:40:00,10,6,14,20,40,590,368,"27, SALENGRO ROGER RUE",,,Plein jour,En agglomération,Intersection en T,Normale,Deux véhicules - côté,,,,,,,,,,,1,2,3,1.0,3.0
201000037227,0010-06-14 17:45:00,10,6,14,17,45,590,378,"125, ERMITAGE RUE DE L",,,Plein jour,En agglomération,Hors intersection,Normale,Deux véhicules - côté,,,,,,,,,,,1,2,1,1.0,3.0
201000037228,0010-06-16 09:40:00,10,6,16,9,40,590,350,TOURNAI PONT DE,,,Plein jour,En agglomération,Hors intersection,Normale,Deux véhicules - côté,,,,,,,,,,,1,2,1,1.0,3.0