accident_id,datetime,annee,mois,jour,heure,minute,departement,commune_insee,adresse,latitude,longitude,luminosite,agglomeration,intersection,meteo,collision,nb_vehicules,nb_usagers,nb_indemnes,nb_tues,nb_blesses_hosp,nb_blesses_legers,age_cond_1,age_cond_2,veh_type_cond_1,veh_type_cond_2,lum_code,agg_code,int_code,atm_code,col_code
201000037360,0010-09-13 13:20:00,10,9,13,13,20,590,350,"22, ABELARD RUE",,,Plein jour,En agglomération,Hors intersection,Normale,Autre collision,,,,,,,,,,,1,2,1,1.0,6.0
201000037361,0010-09-15 02:35:00,10,9,15,2,35,590,9,JAURES JEAN RUE    N°101,,,Nuit avec éclairage allumé,En agglomération,Hors intersection,Pluie légère,Autre collision,,,,,,,,,,,5,2,1,2.0,6.0
201000037362,0010-09-14 18:00:00,10,9,14,18,0,590,378,REPUBLIQUE AV DE LA (N°8,,,Plein jour,En agglomération,Intersection en T,Normale,Deux véhicules - côté,,,,,,,,,,,1,2,3,1.0,3.0
201000037363,0010-09-15 21:00:00,10,9,15,21,0,590,350,GAMBETTA LEON RUE,,,Nuit avec éclairage allumé,En agglomération,Intersection en X,Normale,Deux véhicules - frontale,,,,,,,,,,,5,2,2,1.0,1.0
201000037364,0010-09-14 11:30:00,10,9,14,11,30,590,386,"150, YPRES RUE D",,,Plein jour,En agglomération,Hors intersection,Normale,Deux véhicules - arrière,,,,,,,,,,,1,2,1,1.0,2.0
201000037365,0010-09-15 11:30:00,10,9,15,11,30,590,9,DE VALMY BOULEVARD,,,Plein jour,En agglomération,Hors intersection,Normale,Deux véhicules - côté,,,,,,,,,,,1,2,1,1.0,3.0
201000037366,0010-09-15 08:00:00,10,9,15,8,0,590,220,CHEMIN ROUGE,,,Plein jour,En agglomération,Intersection en X,Normale,Autre collision,,,,,,,,,,,1,2,2,1.0,6.0
201000037367,0010-09-17 01:48:00,10,9,17,1,48,590,350,"001, CD 651 (sortie St M",,,Nuit avec éclairage allumé,En agglomération,Hors intersection,Normale,Autre collision,,,,,,,,,,,5,2,1,1.0,6.0
201000037368,0010-09-17 01:00:00,10,9,17,1,0,590,410,LAVOISIER LAURENT RUE,,,Nuit avec éclairage allumé,En agglomération,Intersection en X,Normale,Autre collision,,,,,,,,,,,5,2,2,1.0,6.0
201000037369,0010-09-16 19:50:00,10,9,16,19,50,590,378,"111, PERI GABRIEL RUE",,,Nuit avec éclairage allumé,En agglomération,Hors intersection,Normale,Deux véhicules - arrière,,,,,,,,,,,5,2,1,1.0,2.0
201000037370,0010-09-16 17:40:00,10,9,16,17,40,590,350,JOUHAUX LEON AVENUE N°,,,Plein jour,En agglomération,Hors intersection,Normale,Deux véhicules - côté,,,,,,,,,,,1,2,1,1.0,3.0
201000037371,0010-09-16 08:15:00,10,9,16,8,15,590,350,"467, DUNKERQUE AVENUE",,,Plein jour,En agglomération,Intersection en T,Normale,Autre collision,,,,,,,,,,,1,2,3,1.0,6.0
201000037372,0010-09-17 08:00:00,10,9,17,8,0,590,410,NAPOLEON 1ER BOULEVARD,,,Plein jour,En agglomération,Hors intersection,Normale,Autre collision,,,,,,,,,,,1,2,1,1.0,6.0
201000037373,0010-09-17 07:50:00,10,9,17,7,50,590,350,"239, FAUBOURG DE ROUBAIX",,,Plein jour,En agglomération,Hors intersection,Normale,Autre collision,,,,,,,,,,,1,2,1,1.0,6.0
201000037374,0010-09-16 16:30:00,10,9,16,16,30,590,368,"291, DE GAULLE RUE DU GE",,,Plein jour,En agglomération,Hors intersection,Normale,Autre collision,,,,,,,,,,,1,2,1,1.0,6.0
201000037375,0010-09-18 00:25:00,10,9,18,0,25,590,350,DE COUBERTIN PIERRE BOUL,,,Nuit avec éclairage allumé,En agglomération,Hors intersection,Normale,Trois véhicules et plus - en chaîne,,,,,,,,,,,5,2,1,1.0,4.0
201000037376,0010-09-19 23:15:00,10,9,19,23,15,590,350,"00, TURENNE RUE",,,Nuit avec éclairage allumé,En agglomération,Intersection en T,Normale,Autre collision,,,,,,,,,,,5,2,3,1.0,6.0
201000037377,0010-09-18 13:30:00,10,9,18,13,30,590,350,"174, POSTES RUE N° RESTE",,,Plein jour,En agglomération,Hors intersection,Normale,Deux véhicules - côté,,,,,,,,,,,1,2,1,1.0,3.0
201000037378,0010-09-20 15:20:00,10,9,20,15,20,590,350,"77, MONTEBELLO BOULEVARD",,,Plein jour,En agglomération,Hors intersection,Normale,Autre collision,,,,,,,,,,,1,2,1,1.0,6.0
201000037379,0010-09-20 18:00:00,10,9,20,18,0,590,378,"1001, REPUBLIQUE AV DE L",,,Plein jour,En agglomération,Hors intersection,Normale,Trois véhicules et plus - collisions multiples,,,,,,,,,,,1,2,1,1.0,5.0
201000037380,0010-09-20 18:20:00,10,9,20,18,20,590,378,"677, REPUBLIQUE AV DE LA",,,Plein jour,En agglomération,Hors intersection,Normale,Autre collision,,,,,,,,,,,1,2,1,1.0,6.0
201000037381,0010-09-21 11:20:00,10,9,21,11,20,590,350,"186, NATIONALE RUE N°RES",,,Plein jour,En agglomération,Intersection en X,Normale,Deux véhicules - côté,,,,,,,,,,,1,2,2,1.0,3.0
201000037382,0010-09-21 10:00:00,10,9,21,10,0,590,9,"202, JAURES JEAN RUE",,,Plein jour,En agglomération,Hors intersection,Normale,Autre collision,,,,,,,,,,,1,2,1,1.0,6.0
201000037383,0010-09-22 09:20:00,10,9,22,9,20,590,360,MICHEL RUE DU CAPITAINE,,,Plein jour,En agglomération,Intersection en X,Normale,Deux véhicules - côté,,,,,,,,,,,1,2,2,1.0,3.0
201000037384,0010-09-23 16:45:00,10,9,23,16,45,590,378,"17, CLEMENCEAU BLVD (N°1",,,Plein jour,En agglomération,Hors intersection,Normale,Deux véhicules - arrière,,,,,,,,,,,1,2,1,1.0,2.0
201000037385,0010-09-24 23:50:00,10,9,24,23,50,590,350,ARTOIS RUE D N°83 A FIN-,,,Nuit avec éclairage allumé,En agglomération,Intersection en X,Normale,Deux véhicules - côté,,,,,,,,,,,5,2,2,1.0,3.0
201000037386,0010-09-25 06:50:00,10,9,25,6,50,590,378,"980, REPUBLIQUE AV DE LA",,,Crépuscule ou aube,En agglomération,Hors intersection,Pluie légère,Autre collision,,,,,,,,,,,2,2,1,2.0,6.0
201000037387,0010-09-28 16:10:00,10,9,28,16,10,590,350,"25 TER, LEBAS JEAN BAPTI",,,Plein jour,En agglomération,Hors intersection,Normale,Deux véhicules - côté,,,,,,,,,,,1,2,1,1.0,3.0
201000037388,0010-09-28 11:10:00,10,9,28,11,10,590,350,"00, DE LA PHALECQUE  EUG",,,Plein jour,En agglomération,Intersection en T,Normale,Autre collision,,,,,,,,,,,1,2,3,1.0,6.0
201000037389,0010-09-30 09:00:00,10,9,30,9,0,590,328,"22, B.N.P (DELECAUX RUE",,,Plein jour,En agglomération,Hors intersection,Normale,Autre collision,,,,,,,,,,,1,2,1,1.0,6.0
201000037390,0010-09-30 18:30:00,10,9,30,18,30,590,9,"0, JAURES JEAN RUE    N°",,,Plein jour,En agglomération,Hors intersection,Normale,Autre collision,,,,,,,,,,,1,2,1,1.0,6.0
201000037391,0010-09-30 20:50:00,10,9,30,20,50,590,343,"87, DELORY GUSTAVE RUE",,,Nuit avec éclairage allumé,En agglomération,Hors intersection,Normale,Autre collision,,,,,,,,,,,5,2,1,1.0,6.0
201000037392,0010-10-02 05:00:00,10,10,2,5,0,590,636,"190, YPRES RUE D",,,Nuit avec éclairage allumé,En agglomération,Intersection en X,Pluie forte,Autre collision,,,,,,,,,,,5,2,2,3.0,6.0
201000037393,0010-10-01 08:45:00,10,10,1,8,45,590,560,"00, AVELIN ROUTE D",,,Plein jour,En agglomération,Hors intersection,Normale,Autre collision,,,,,,,,,,,1,2,1,1.0,6.0
201000037394,0010-10-02 10:05:00,10,10,2,10,5,590,378,"001, CLEMENCEAU BLVD (N°",,,Plein jour,En agglomération,Hors intersection,Pluie légère,Sans collision,,,,,,,,,,,1,2,1,2.0,7.0
201000037395,0010-10-02 16:00:00,10,10,2,16,0,590,378,REPUBLIQUE AV DE LA (N°9,,,Plein jour,En agglomération,Intersection en T,Normale,Autre collision,,,,,,,,,,,1,2,3,1.0,6.0
201000037396,0010-10-03 08:05:00,10,10,3,8,5,590,350,"001, CD 651 (sortie St M",,,Plein jour,En agglomération,Hors intersection,Pluie légère,Autre collision,,,,,,,,,,,1,2,1,2.0,6.0
201000037397,0010-10-03 12:45:00,10,10,3,12,45,590,368,"54, DE GAULLE RUE DU GEN",,,Plein jour,En agglomération,Hors intersection,Normale,Deux véhicules - côté,,,,,,,,,,,1,2,1,1.0,3.0
201000037398,0010-10-04 18:15:00,10,10,4,18,15,590,220,KLEBER RUE,,,Plein jour,En agglomération,Hors intersection,Normale,Deux véhicules - frontale,,,,,,,,,,,1,2,1,1.0,1.0
201000037399,0010-10-06 00:10:00,10,10,6,0,10,590,328,"209, HIPPODROME AV",,,Nuit avec éclairage allumé,En agglomération,Hors intersection,Pluie légère,Autre collision,,,,,,,,,,,5,2,1,2.0,6.0
201000037400,0010-10-05 18:00:00,10,10,5,18,0,590,350,LIBERTE BVD N°2 A 90-51,,,Plein jour,En agglomération,Intersection en X,Normale,Autre collision,,,,,,,,,,,1,2,2,1.0,6.0
201000037401,0010-10-07 14:00:00,10,10,7,14,0,590,343,"Porte D, AEROPORT ROUTE",,,Plein jour,Hors agglomération,Hors intersection,Normale,Autre collision,,,,,,,,,,,1,1,1,1.0,6.0
201000037402,0010-10-08 08:40:00,10,10,8,8,40,590,328,"00, BONTE AUGUSTE RUE",,,Plein jour,En agglomération,Hors intersection,Normale,Autre collision,,,,,,,,,,,1,2,1,1.0,6.0
201000037403,0010-10-07 20:30:00,10,10,7,20,30,590,507,LAVOISIER RUE,,,Nuit avec éclairage allumé,En agglomération,Hors intersection,Temps couvert,Deux véhicules - côté,,,,,,,,,,,5,2,1,8.0,3.0
201000037404,0010-10-09 02:00:00,10,10,9,2,0,590,378,"65, GUESDE JULES RUE",,,Nuit avec éclairage allumé,En agglomération,Hors intersection,Normale,Autre collision,,,,,,,,,,,5,2,1,1.0,6.0
201000037405,0010-10-09 11:40:00,10,10,9,11,40,590,378,"137, FOCH AVENUE N°1-137",,,Plein jour,En agglomération,Hors intersection,Normale,Deux véhicules - côté,,,,,,,,,,,1,2,1,1.0,3.0
201000037406,0010-10-09 15:20:00,10,10,9,15,20,590,343,TILLEULS RUE DES 2,,,Plein jour,En agglomération,Intersection en X,Normale,Deux véhicules - côté,,,,,,,,,,,1,2,2,1.0,3.0
201000037407,0010-10-09 19:45:00,10,10,9,19,45,590,636,"68, LECLERCQ RUE DU GENE",,,Crépuscule ou aube,En agglomération,Hors intersection,Normale,Autre collision,,,,,,,,,,,2,2,1,1.0,6.0
201000037408,0010-10-09 22:15:00,10,10,9,22,15,590,560,"001, BOUVRY ROGER RUE",,,Nuit avec éclairage allumé,En agglomération,Hors intersection,Normale,Deux véhicules - arrière,,,,,,,,,,,5,2,1,1.0,2.0
201000037409,0010-10-10 07:30:00,10,10,10,7,30,590,350,"00, DE COUBERTIN PIERRE",,,Crépuscule ou aube,En agglomération,Intersection en X,Normale,Autre collision,,,,,,,,,,,2,2,2,1.0,6.0
201000037410,0010-10-10 17:05:00,10,10,10,17,5,590,350,"61, HUGO VICTOR  BVD N°2",,,Plein jour,En agglomération,Hors intersection,Normale,Autre collision,,,,,,,,,,,1,2,1,1.0,6.0
201000037411,0010-10-10 22:05:00,10,10,10,22,5,590,368,"00, REPUBLIQUE AVENUE DE",,,Nuit avec éclairage allumé,En agglomération,Hors intersection,Normale,Autre collision,,,,,,,,,,,5,2,1,1.0,6.0
201000037412,0010-10-12 10:25:00,10,10,12,10,25,590,328,"26, B.N.P (DELECAUX RUE",,,Plein jour,En agglomération,Hors intersection,Normale,Deux véhicules - côté,,,,,,,,,,,1,2,1,1.0,3.0
201000037413,0010-10-11 19:00:00,10,10,11,19,0,590,350,"001, PERENCHIES RUE DE",,,Crépuscule ou aube,En agglomération,Intersection en X,Normale,Deux véhicules - côté,,,,,,,,,,,2,2,2,1.0,3.0
201000037414,0010-10-12 14:30:00,10,10,12,14,30,590,410,"00, COTY RENE AVENUE",,,Plein jour,En agglomération,Hors intersection,Normale,Autre collision,,,,,,,,,,,1,2,1,1.0,6.0
201000037415,0010-10-13 12:30:00,10,10,13,12,30,590,378,LECLERC PLACE DU GENERAL,,,Plein jour,En agglomération,Hors intersection,Normale,Autre collision,,,,,,,,,,,1,2,1,1.0,6.0
201000037416,0010-09-18 00:20:00,10,9,18,0,20,590,350,ROTONDE AVENUE DE LA,,,Nuit avec éclairage allumé,En agglomération,Hors intersection,Normale,Autre collision,,,,,,,,,,,5,2,1,1.0,6.0
201000037417,0010-10-08 17:05:00,10,10,8,17,5,590,566,"CALMETTE, RUE DU Dr",,,Plein jour,En agglomération,Hors intersection,Normale,Deux véhicules - côté,,,,,,,,,,,1,2,1,1.0,3.0
201000037418,0010-10-14 08:30:00,10,10,14,8,30,590,368,"253, DE GAULLE RUE DU GE",,,Plein jour,En agglomération,Hors intersection,Normale,Autre collision,,,,,,,,,,,1,2,1,1.0,6.0
201000037419,0010-10-14 08:45:00,10,10,14,8,45,590,350,LIBERTE BVD N°147 A FIN-,,,Plein jour,En agglomération,Hors intersection,Normale,Autre collision,,,,,,,,,,,1,2,1,1.0,6.0
201000037420,0010-10-14 15:30:00,10,10,14,15,30,590,356,LILLE RUE DE,,,Plein jour,En agglomération,Intersection en T,Temps couvert,Deux véhicules - côté,,,,,,,,,,,1,2,3,8.0,3.0
201000037421,0010-10-14 20:45:00,10,10,14,20,45,590,350,CHURCHILL WINSTON RUE,,,Nuit avec éclairage allumé,En agglomération,Intersection en X,Normale,Autre collision,,,,,,,,,,,5,2,2,1.0,6.0
201000037422,0010-10-16 12:15:00,10,10,16,12,15,590,527,"15, SCHUMAN",,,Plein jour,En agglomération,Hors intersection,Pluie légère,Autre collision,,,,,,,,,,,1,2,1,2.0,6.0
201000037423,0010-10-16 15:00:00,10,10,16,15,0,590,378,"00, FOCH AVENUE N°1-137",,,Plein jour,En agglomération,Hors intersection,Normale,Autre collision,,,,,,,,,,,1,2,1,1.0,6.0
201000037424,0010-10-17 12:35:00,10,10,17,12,35,590,346,LEZENNES BOULEVARD DE,,,Plein jour,En agglomération,Hors intersection,Normale,Deux véhicules - côté,,,,,,,,,,,1,2,1,1.0,3.0
201000037425,0010-10-17 17:45:00,10,10,17,17,45,590,378,BONPAIN RUE DE L'ABBE,,,Crépuscule ou aube,En agglomération,Intersection en T,Normale,Deux véhicules - côté,,,,,,,,,,,2,2,3,1.0,3.0
201000037426,0010-10-17 19:35:00,10,10,17,19,35,590,410,"00, ACACIAS AVENUE DES",,,Nuit avec éclairage allumé,En agglomération,Intersection en X,Normale,Autre collision,,,,,,,,,,,5,2,2,1.0,6.0
201000037427,0010-10-18 15:15:00,10,10,18,15,15,590,343,DOUAI RUE DE,,,Plein jour,En agglomération,Hors intersection,Normale,Deux véhicules - côté,,,,,,,,,,,1,2,1,1.0,3.0
201000037428,0010-10-18 15:15:00,10,10,18,15,15,590,350,"52, FAUBOURG DES POSTES",,,Plein jour,En agglomération,Intersection en X,Normale,Deux véhicules - côté,,,,,,,,,,,1,2,2,1.0,3.0
201000037429,0010-10-18 16:05:00,10,10,18,16,5,590,9,"204, JAURES JEAN RUE",,,Plein jour,En agglomération,Hors intersection,Normale,Deux véhicules - frontale,,,,,,,,,,,1,2,1,1.0,1.0
201000037430,0010-10-12 11:10:00,10,10,12,11,10,590,410,SCHUMAN ROBERT AVENUE,,,Plein jour,En agglomération,Intersection en T,Normale,Deux véhicules - côté,,,,,,,,,,,1,2,3,1.0,3.0
201000037431,0010-10-13 14:25:00,10,10,13,14,25,590,350,L.P FIVES,,,Plein jour,En agglomération,Hors intersection,Normale,Deux véhicules - côté,,,,,,,,,,,1,2,1,1.0,3.0
201000037432,0010-10-19 13:45:00,10,10,19,13,45,590,350,"14, SAINT AMAND RUE",,,Plein jour,En agglomération,Intersection en T,Normale,Deux véhicules - côté,,,,,,,,,,,1,2,3,1.0,3.0
201000037433,0010-10-19 13:30:00,10,10,19,13,30,590,350,LAGUESSE RUE,,,Plein jour,En agglomération,Hors intersection,Pluie légère,Deux véhicules - côté,,,,,,,,,,,1,2,1,2.0,3.0
201000037434,0010-10-19 16:30:00,10,10,19,16,30,590,9,"00, FERRY JULES RUE",,,Plein jour,En agglomération,Intersection en X,Normale,Autre collision,,,,,,,,,,,1,2,2,1.0,6.0
201000037435,0010-10-19 16:40:00,10,10,19,16,40,590,350,"164, FAUBOURG D'ARRAS RU",,,Plein jour,En agglomération,Hors intersection,Normale,Autre collision,,,,,,,,,,,1,2,1,1.0,6.0
201000037436,0010-10-16 17:00:00,10,10,16,17,0,590,350,"433, DUNKERQUE AVENUE DE",,,Plein jour,En agglomération,Hors intersection,Normale,Autre collision,,,,,,,,,,,1,2,1,1.0,6.0
201000037437,0010-10-10 17:35:00,10,10,10,17,35,590,350,"001, GAND RUE",,,Plein jour,En agglomération,Intersection en X,Normale,Deux véhicules - côté,,,,,,,,,,,1,2,2,1.0,3.0
201000037438,0010-10-19 21:05:00,10,10,19,21,5,590,350,"315, SOLFERINO RUE N°208",,,Nuit avec éclairage allumé,En agglomération,Intersection en X,Normale,Deux véhicules - côté,,,,,,,,,,,5,2,2,1.0,3.0
201000037439,0010-10-20 06:40:00,10,10,20,6,40,590,368,"02, SALENGRO ROGER",,,Crépuscule ou aube,En agglomération,Hors intersection,Pluie légère,Autre collision,,,,,,,,,,,2,2,1,2.0,6.0
201000037440,0010-10-20 12:00:00,10,10,20,12,0,590,350,"40, LAFARGUE PAUL RUE",,,Plein jour,En agglomération,Intersection en X,Pluie légère,Deux véhicules - côté,,,,,,,,,,,1,2,2,2.0,3.0
201000037441,0010-10-20 14:10:00,10,10,20,14,10,590,350,LIBERTE BD N°2 A 90-51,,,Plein jour,En agglomération,Intersection en X,Normale,Deux véhicules - côté,,,,,,,,,,,1,2,2,1.0,3.0
201000037442,0010-10-20 15:15:00,10,10,20,15,15,590,350,DOUAI RUE,,,Plein jour,En agglomération,Intersection en Y,Normale,Autre collision,,,,,,,,,,,1,2,4,1.0,6.0
201000037443,0010-10-20 16:20:00,10,10,20,16,20,590,286,POTIE AUGUSTE RUE,,,Plein jour,En agglomération,Hors intersection,Normale,Deux véhicules - côté,,,,,,,,,,,1,2,1,1.0,3.0
201000037444,0010-10-20 18:10:00,10,10,20,18,10,590,350,FBG DE DOUAI N°1-81,,,Plein jour,En agglomération,Intersection en X,Normale,Autre collision,,,,,,,,,,,1,2,2,1.0,6.0
201000037445,0010-10-21 19:00:00,10,10,21,19,0,590,328,PONT ROYAL Rue,,,Nuit avec éclairage allumé,En agglomération,Hors intersection,Normale,Deux véhicules - côté,,,,,,,,,,,5,2,1,1.0,3.0
201000037446,0010-10-21 12:55:00,10,10,21,12,55,590,368,VAUBAN PLACE,,,Plein jour,En agglomération,Hors intersection,Normale,Autre collision,,,,,,,,,,,1,2,1,1.0,6.0
201000037447,0010-10-22 19:00:00,10,10,22,19,0,590,378,"99, NATIONALE RUE",,,Nuit avec éclairage non allumé,En agglomération,Hors intersection,Normale,Deux véhicules - arrière,,,,,,,,,,,4,2,1,1.0,2.0
201000037448,0010-10-23 11:45:00,10,10,23,11,45,590,9,FUSILLES RUE DES DU N° 2,,,Plein jour,En agglomération,Hors intersection,Normale,Autre collision,,,,,,,,,,,1,2,1,1.0,6.0
201000037449,0010-10-23 17:00:00,10,10,23,17,0,590,9,"001, BOIS AVENUE DU PONT",,,Plein jour,En agglomération,Intersection en T,Normale,Deux véhicules - côté,,,,,,,,,,,1,2,3,1.0,3.0
201000037450,0010-10-23 18:10:00,10,10,23,18,10,590,350,"13, ALSACE BOULEVARD D",,,Crépuscule ou aube,En agglomération,Intersection en X,Normale,Deux véhicules - côté,,,,,,,,,,,2,2,2,1.0,3.0
201000037451,0010-10-24 05:10:00,10,10,24,5,10,590,378,"988, REPUBLIQUE AV DE LA",,,Nuit avec éclairage allumé,En agglomération,Hors intersection,Normale,Autre collision,,,,,,,,,,,5,2,1,1.0,6.0
201000037452,0010-10-24 14:55:00,10,10,24,14,55,590,410,"34, SCHUMAN ROBERT AVENU",,,Plein jour,En agglomération,Hors intersection,Normale,Autre collision,,,,,,,,,,,1,2,1,1.0,6.0
201000037453,0010-10-24 21:30:00,10,10,24,21,30,590,9,MONS BLD DE,,,Nuit avec éclairage allumé,En agglomération,Hors intersection,Pluie légère,Autre collision,,,,,,,,,,,5,2,1,2.0,6.0
201000037454,0010-10-25 07:30:00,10,10,25,7,30,590,507,ST VENANT CHARLES RUE,,,Crépuscule ou aube,En agglomération,Intersection en X,Pluie légère,Autre collision,,,,,,,,,,,2,2,2,2.0,6.0
201000037455,0010-10-25 17:10:00,10,10,25,17,10,590,350,"83, ARRAS RUE",,,Plein jour,En agglomération,Hors intersection,Normale,Autre collision,,,,,,,,,,,1,2,1,1.0,6.0
201000037456,0010-10-26 18:15:00,10,10,26,18,15,590,350,"137, DUNKERQUE AVE",,,Nuit avec éclairage allumé,En agglomération,Hors intersection,Normale,Deux véhicules - côté,,,,,,,,,,,5,2,1,1.0,3.0
201000037457,0010-10-26 21:00:00,10,10,26,21,0,590,350,"139, ARBRISSEAU RUE DE L",,,Nuit avec éclairage allumé,En agglomération,Hors intersection,Normale,Autre collision,,,,,,,,,,,5,2,1,1.0,6.0
201000037458,0010-10-02 18:40:00,10,10,2,18,40,590,360,GUESDE JULES RUE,,,Nuit avec éclairage allumé,En agglomération,Hors intersection,Normale,Autre collision,,,,,,,,,,,5,2,1,1.0,6.0
201000037459,0010-10-28 00:25:00,10,10,28,0,25,590,368,"001, DE GAULLE RUE DU GE",,,Nuit avec éclairage allumé,En agglomération,Hors intersection,Normale,Deux véhicules - côté,,,,,,,,,,,5,2,1,1.0,3.0
201000037460,0010-10-28 13:00:00,10,10,28,13,0,590,350,"54, HUGO VICTOR rue",,,Plein jour,En agglomération,Hors intersection,Normale,Autre collision,,,,,,,,,,,1,2,1,1.0,6.0
201000037461,0010-10-28 12:25:00,10,10,28,12,25,590,410,NAPOLEON 1ER BVD,,,Plein jour,En agglomération,Intersection en X,Normale,Deux véhicules - côté,,,,,,,,,,,1,2,2,1.0,3.0
201000037462,0010-10-29 09:00:00,10,10,29,9,0,590,350,LIBERTE BVD N°147 A FIN-,,,Plein jour,En agglomération,Hors intersection,Normale,Sans collision,,,,,,,,,,,1,2,1,1.0,7.0
201000037463,0010-10-29 20:45:00,10,10,29,20,45,590,378,BERLIOZ HECTOR RUE,,,Nuit avec éclairage allumé,En agglomération,Hors intersection,Normale,Autre collision,,,,,,,,,,,5,2,1,1.0,6.0
201000037464,0010-10-31 06:00:00,10,10,31,6,0,590,378,"113, NATIONALE RUE",,,Nuit avec éclairage allumé,En agglomération,Hors intersection,Pluie légère,Autre collision,,,,,,,,,,,5,2,1,2.0,6.0
201000037465,0010-10-31 16:50:00,10,10,31,16,50,590,350,"247, FAUBOURG DE ROUBAIX",,,Plein jour,En agglomération,Hors intersection,Normale,Deux véhicules - côté,,,,,,,,,,,1,2,1,1.0,3.0
201000037466,0010-11-01 15:45:00,10,11,1,15,45,590,350,"54, FONTENOY RUE",,,Plein jour,En agglomération,Intersection en X,Pluie légère,Deux véhicules - côté,,,,,,,,,,,1,2,2,2.0,3.0
201000037467,0010-11-02 23:50:00,10,11,2,23,50,590,350,"00, VAUBAN BOULEVARD N°2",,,Nuit avec éclairage allumé,Hors agglomération,Intersection en X,Normale,Autre collision,,,,,,,,,,,5,1,2,1.0,6.0
201000037468,0010-11-03 08:20:00,10,11,3,8,20,590,350,DUNKERQUE AVENUE DE,,,Plein jour,En agglomération,Intersection en X,Pluie légère,Deux véhicules - côté,,,,,,,,,,,1,2,2,2.0,3.0
201000037469,0010-11-03 13:55:00,10,11,3,13,55,590,350,"56, ESPLANADE FACADE",,,Plein jour,En agglomération,Hors intersection,Normale,Autre collision,,,,,,,,,,,1,2,1,1.0,6.0
201000037470,0010-11-03 20:30:00,10,11,3,20,30,590,350,"166, CARREL ARMAND RUE",,,Nuit avec éclairage allumé,En agglomération,Hors intersection,Normale,Autre collision,,,,,,,,,,,5,2,1,1.0,6.0
201000037471,0010-11-04 08:35:00,10,11,4,8,35,590,350,"117 bis, FBG DES POSTES",,,Plein jour,En agglomération,Hors intersection,Normale,Autre collision,,,,,,,,,,,1,2,1,1.0,6.0
201000037472,0010-11-05 00:50:00,10,11,5,0,50,590,350,"7, BEETHOVEN AVENUE",,,Nuit avec éclairage allumé,En agglomération,Hors intersection,Normale,Autre collision,,,,,,,,,,,5,2,1,1.0,6.0
201000037473,0010-11-05 08:15:00,10,11,5,8,15,590,378,DOUMER PAUL Place,,,Plein jour,En agglomération,Intersection en X,Normale,Autre collision,,,,,,,,,,,1,2,2,1.0,6.0
201000037474,0010-11-05 16:55:00,10,11,5,16,55,590,328,", REPUBLIQUE PLACE DE LA",,,Plein jour,En agglomération,Hors intersection,Normale,Autre collision,,,,,,,,,,,1,2,1,1.0,6.0
201000037475,0010-11-06 04:50:00,10,11,6,4,50,590,350,RIHOUR PLACE,,,Nuit avec éclairage allumé,En agglomération,Hors intersection,Pluie forte,Autre collision,,,,,,,,,,,5,2,1,3.0,6.0
201000037476,0010-11-05 14:50:00,10,11,5,14,50,590,378,rue de Menin,,,Plein jour,En agglomération,Intersection en T,Normale,Autre collision,,,,,,,,,,,1,2,3,1.0,6.0
201000037477,0010-11-06 12:15:00,10,11,6,12,15,590,350,"50, LEBLANC NICOLAS RUE",,,Plein jour,En agglomération,Hors intersection,Normale,Autre collision,,,,,,,,,,,1,2,1,1.0,6.0
201000037478,0010-11-05 17:20:00,10,11,5,17,20,590,350,"303, SOLFERINO RUE",,,Crépuscule ou aube,En agglomération,Hors intersection,Pluie légère,Deux véhicules - côté,,,,,,,,,,,2,2,1,2.0,3.0
201000037479,0010-10-15 11:30:00,10,10,15,11,30,590,9,CHAMPOLLION AVENUE,,,Plein jour,En agglomération,Hors intersection,Normale,Autre collision,,,,,,,,,,,1,2,1,1.0,6.0
201000037480,0010-11-08 10:00:00,10,11,8,10,0,590,350,ESPLANADE FACADE,,,Plein jour,En agglomération,Hors intersection,Normale,Autre collision,,,,,,,,,,,1,2,1,1.0,6.0
201000037481,0010-10-22 12:15:00,10,10,22,12,15,590,350,CHATEAU D'ISENGHEIN RUE,,,Plein jour,En agglomération,Hors intersection,Normale,Autre collision,,,,,,,,,,,1,2,1,1.0,6.0
201000037482,0010-11-08 15:00:00,10,11,8,15,0,590,350,"20, CHATILLON GAUTHIER R",,,Plein jour,En agglomération,Hors intersection,Pluie forte,Autre collision,,,,,,,,,,,1,2,1,3.0,6.0
201000037483,0010-11-08 18:10:00,10,11,8,18,10,590,410,"00, NAPOLEON 1ER BOULEVA",,,Crépuscule ou aube,En agglomération,Intersection en X,Pluie légère,Autre collision,,,,,,,,,,,2,2,2,2.0,6.0
201000037484,0010-11-08 17:05:00,10,11,8,17,5,590,9,JAURES JEAN N°76,,,Nuit avec éclairage allumé,En agglomération,Hors intersection,Pluie légère,Deux véhicules - arrière,,,,,,,,,,,5,2,1,2.0,2.0
201000037485,0010-11-08 18:20:00,10,11,8,18,20,590,527,NORD OUEST VOIE INTERCOM,,,Nuit avec éclairage allumé,En agglomération,Intersection en X,Pluie légère,Autre collision,,,,,,,,,,,5,2,2,2.0,6.0
201000037486,0010-11-07 12:30:00,10,11,7,12,30,590,585,"00, DE GAULLE RUE DU GEN",,,Plein jour,En agglomération,Intersection en T,Normale,Autre collision,,,,,,,,,,,1,2,3,1.0,6.0