accident_id,datetime,annee,mois,jour,heure,minute,departement,commune_insee,adresse,latitude,longitude,luminosite,agglomeration,intersection,meteo,collision,nb_vehicules,nb_usagers,nb_indemnes,nb_tues,nb_blesses_hosp,nb_blesses_legers,age_cond_1,age_cond_2,veh_type_cond_1,veh_type_cond_2,lum_code,agg_code,int_code,atm_code,col_code
201000037612,0010-02-10 18:30:00,10,2,10,18,30,590,512,CARETTE (RUE HENRI),,,Nuit avec éclairage allumé,Hors agglomération,Intersection en X,Neige / grêle,Deux véhicules - arrière,,,,,,,,,,,5,1,2,4.0,2.0
201000037613,0010-02-07 11:00:00,10,2,7,11,0,590,512,GAMBETTA ( BOULEVARD),,,Plein jour,Hors agglomération,Hors intersection,Normale,Autre collision,,,,,,,,,,,1,1,1,1.0,6.0
201000037614,0010-02-10 09:00:00,10,2,10,9,0,590,646,MONS EN BAROEUL (RUE DE),,,Plein jour,Hors agglomération,Intersection en Y,Neige / grêle,Autre collision,,,,,,,,,,,1,1,4,4.0,6.0
201000037615,0010-02-10 09:20:00,10,2,10,9,20,590,512,PARABOLES (AVENUE DES),,,Plein jour,Hors agglomération,Hors intersection,Neige / grêle,Autre collision,,,,,,,,,,,1,1,1,4.0,6.0
201000037616,0010-02-19 11:40:00,10,2,19,11,40,590,512,FOSSE AUX CHENES  (AVENU,,,Plein jour,Hors agglomération,Intersection en X,Normale,Deux véhicules - côté,,,,,,,,,,,1,1,2,1.0,3.0
201000037617,0010-02-18 17:00:00,10,2,18,17,0,590,512,LEBAS (AVENUE JEAN),,,Plein jour,Hors agglomération,Hors intersection,Normale,Deux véhicules - côté,,,,,,,,,,,1,1,1,1.0,3.0
201000037618,0010-02-17 18:25:00,10,2,17,18,25,590,512,ARMENTIERES (BOULEVARD D,,,Nuit avec éclairage allumé,Hors agglomération,Intersection en T,Normale,Deux véhicules - arrière,,,,,,,,,,,5,1,3,1.0,2.0
201000037619,0010-02-19 16:30:00,10,2,19,16,30,590,512,EPEULE  (RUE DE L'),,,Plein jour,Hors agglomération,Hors intersection,Normale,Autre collision,,,,,,,,,,,1,1,1,1.0,6.0
201000037620,0010-02-18 23:45:00,10,2,18,23,45,590,650,EGALITE (BOULEVARD DE L',,,Nuit avec éclairage allumé,Hors agglomération,Hors intersection,Normale,Autre collision,,,,,,,,,,,5,1,1,1.0,6.0
201000037621,0010-02-24 15:10:00,10,2,24,15,10,590,512,ESPIERRE (RUE DE L'),,,Plein jour,Hors agglomération,Hors intersection,Normale,Autre collision,,,,,,,,,,,1,1,1,1.0,6.0
201000037622,0010-02-20 18:10:00,10,2,20,18,10,590,512,JAURES (AVENUE JEAN),,,Crépuscule ou aube,Hors agglomération,Intersection en X,Normale,Deux véhicules - côté,,,,,,,,,,,2,1,2,1.0,3.0
201000037623,0010-02-24 12:40:00,10,2,24,12,40,590,512,SALENGRO (AVENUE ROGER),,,Plein jour,Hors agglomération,Hors intersection,Normale,Autre collision,,,,,,,,,,,1,1,1,1.0,6.0
201000037624,0010-02-23 18:00:00,10,2,23,18,0,590,512,NATIONS UNIES (AVENUE DE,,,Nuit avec éclairage non allumé,Hors agglomération,Intersection en T,Pluie légère,Deux véhicules - côté,,,,,,,,,,,4,1,3,2.0,3.0
201000037625,0010-02-27 14:50:00,10,2,27,14,50,590,512,CHEMIN NEUF  (RUE DU),,,Plein jour,Hors agglomération,Hors intersection,Normale,Autre collision,,,,,,,,,,,1,1,1,1.0,6.0
201000037626,0010-02-27 19:00:00,10,2,27,19,0,590,339,CD 700,,,Nuit avec éclairage allumé,Hors agglomération,Giratoire,Pluie légère,Deux véhicules - côté,,,,,,,,,,,5,1,6,2.0,3.0
201000037627,0010-02-26 14:00:00,10,2,26,14,0,590,367,CAVROIS (RUE),,,Plein jour,Hors agglomération,Hors intersection,Normale,Deux véhicules - frontale,,,,,,,,,,,1,1,1,1.0,1.0
201000037628,0010-03-01 07:30:00,10,3,1,7,30,590,512,MOTTE (AVENUE ALFRED),,,Nuit avec éclairage allumé,Hors agglomération,Hors intersection,Normale,Autre collision,,,,,,,,,,,5,1,1,1.0,6.0
201000037629,0010-03-01 07:15:00,10,3,1,7,15,590,512,MARLOT (RUE LEON),,,Nuit avec éclairage allumé,Hors agglomération,Hors intersection,Normale,Autre collision,,,,,,,,,,,5,1,1,1.0,6.0
201000037630,0010-02-09 13:00:00,10,2,9,13,0,590,163,BRIQUETERIE (RUE DE LA),,,Plein jour,Hors agglomération,Intersection en T,Normale,Deux véhicules - côté,,,,,,,,,,,1,1,3,1.0,3.0
201000037631,0010-02-28 13:30:00,10,2,28,13,30,590,598,ROUBAIX (RUE DE),,,Plein jour,Hors agglomération,Intersection en Y,Pluie légère,Autre collision,,,,,,,,,,,1,1,4,2.0,6.0
201000037632,0010-02-25 19:20:00,10,2,25,19,20,590,512,VERDUN (AVENUE DE),,,Nuit avec éclairage allumé,Hors agglomération,Hors intersection,Normale,Autre collision,,,,,,,,,,,5,1,1,1.0,6.0
201000037633,0010-03-02 08:20:00,10,3,2,8,20,590,512,GUESDE (RUE JULES),,,Crépuscule ou aube,Hors agglomération,Intersection en T,Normale,Autre collision,,,,,,,,,,,2,1,3,1.0,6.0
201000037634,0010-03-02 12:00:00,10,3,2,12,0,590,512,HOMMELET (RUE DE L'),,,Plein jour,Hors agglomération,Intersection en T,Normale,Autre collision,,,,,,,,,,,1,1,3,1.0,6.0
201000037635,0010-02-26 17:00:00,10,2,26,17,0,590,650,POTTEAU (CARRIERE),,,Plein jour,Hors agglomération,Hors intersection,Normale,Autre collision,,,,,,,,,,,1,1,1,1.0,6.0
201000037636,0010-03-04 07:10:00,10,3,4,7,10,590,650,MERIAUX (RUE FRANCOIS),,,Plein jour,Hors agglomération,Hors intersection,Normale,Autre collision,,,,,,,,,,,1,1,1,1.0,6.0
201000037637,0010-03-04 13:40:00,10,3,4,13,40,590,512,MOTTE (RUE PIERRE),,,Plein jour,Hors agglomération,Intersection en T,Normale,Deux véhicules - frontale,,,,,,,,,,,1,1,3,1.0,1.0
201000037638,0010-02-20 13:00:00,10,2,20,13,0,590,512,LA LAINIERE (RUE DE),,,Plein jour,Hors agglomération,Intersection en T,Normale,Autre collision,,,,,,,,,,,1,1,3,1.0,6.0
201000037639,0010-03-03 14:55:00,10,3,3,14,55,590,512,BLUM (RUELEON),,,Plein jour,Hors agglomération,Intersection en T,Normale,Deux véhicules - côté,,,,,,,,,,,1,1,3,1.0,3.0
201000037640,0010-12-21 17:15:00,10,12,21,17,15,590,646,LEJEUNE (RUE LOUIS),,,Crépuscule ou aube,En agglomération,Hors intersection,Neige / grêle,Autre collision,,,,,,,,,,,2,2,1,4.0,6.0
201000037641,0010-12-22 18:50:00,10,12,22,18,50,590,512,DE GAULLE (BOULEVARD DU,,,Nuit avec éclairage allumé,En agglomération,Intersection en X,Normale,Deux véhicules - côté,,,,,,,,,,,5,2,2,1.0,3.0
201000037642,0010-12-28 11:45:00,10,12,28,11,45,590,299,CD 700,,,Plein jour,Hors agglomération,Hors intersection,Pluie légère,Deux véhicules - arrière,,,,,,,,,,,1,1,1,2.0,2.0
201000037643,0010-03-18 15:00:00,10,3,18,15,0,590,512,LE NOTRE (AVENUE),,,Plein jour,Hors agglomération,Hors intersection,Normale,Deux véhicules - côté,,,,,,,,,,,1,1,1,1.0,3.0
201000037644,0010-03-13 18:35:00,10,3,13,18,35,590,512,SAINT ANTOINE (RUE),,,Plein jour,Hors agglomération,Intersection en X,Normale,Deux véhicules - frontale,,,,,,,,,,,1,1,2,1.0,1.0
201000037645,0010-03-10 20:30:00,10,3,10,20,30,590,512,BEAUREWAERT (RUE DE),,,Nuit avec éclairage allumé,Hors agglomération,Hors intersection,Normale,Autre collision,,,,,,,,,,,5,1,1,1.0,6.0
201000037646,0010-03-14 13:30:00,10,3,14,13,30,590,512,DARBO (RUE),,,Plein jour,Hors agglomération,Intersection en T,Normale,Deux véhicules - côté,,,,,,,,,,,1,1,3,1.0,3.0
201000037647,0010-03-16 14:30:00,10,3,16,14,30,590,650,JAURES (RUE JEAN),,,Plein jour,Hors agglomération,Hors intersection,Normale,Deux véhicules - arrière,,,,,,,,,,,1,1,1,1.0,2.0
201000037648,0010-03-10 16:30:00,10,3,10,16,30,590,332,REMY (RUE DES TROIS FRER,,,Plein jour,Hors agglomération,Intersection en T,Normale,Autre collision,,,,,,,,,,,1,1,3,1.0,6.0
201000037649,0010-03-23 03:55:00,10,3,23,3,55,590,512,MOTTE (AVENUE ALFRED),,,Nuit avec éclairage allumé,Hors agglomération,Intersection en T,Normale,Deux véhicules - frontale,,,,,,,,,,,5,1,3,1.0,1.0
201000037650,0010-03-26 23:55:00,10,3,26,23,55,590,512,LILLE ( RUE DE),,,Nuit avec éclairage allumé,Hors agglomération,Intersection en X,Pluie légère,Autre collision,,,,,,,,,,,5,1,2,2.0,6.0
201000037651,0010-03-22 08:10:00,10,3,22,8,10,590,512,GAMBETTA ( BOULEVARD),,,Plein jour,Hors agglomération,Hors intersection,Normale,Deux véhicules - côté,,,,,,,,,,,1,1,1,1.0,3.0
201000037652,0010-03-20 11:20:00,10,3,20,11,20,590,367,LECLERC (RUE DU GENERAL),,,Plein jour,Hors agglomération,Hors intersection,Normale,Autre collision,,,,,,,,,,,1,1,1,1.0,6.0
201000037653,0010-03-21 02:25:00,10,3,21,2,25,590,512,SALENGRO  (AVENUE ROGER),,,Nuit avec éclairage allumé,Hors agglomération,Intersection en T,Normale,Autre collision,,,,,,,,,,,5,1,3,1.0,6.0
201000037654,0010-04-05 16:30:00,10,4,5,16,30,590,512,MICHELET (RUE JULES),,,Plein jour,Hors agglomération,Intersection en X,Normale,Deux véhicules - côté,,,,,,,,,,,1,1,2,1.0,3.0
201000037655,0010-03-31 20:25:00,10,3,31,20,25,590,512,MAZAGRAN (RUE),,,Nuit avec éclairage non allumé,En agglomération,Intersection en T,Pluie légère,Deux véhicules - frontale,,,,,,,,,,,4,2,3,2.0,1.0
201000037656,0010-03-31 12:30:00,10,3,31,12,30,590,339,LECLERC (RUE DU MARECHAL,,,Plein jour,Hors agglomération,Hors intersection,Normale,Autre collision,,,,,,,,,,,1,1,1,1.0,6.0
201000037657,0010-03-30 20:55:00,10,3,30,20,55,590,163,GARE (RUE DE LA),,,Nuit avec éclairage allumé,En agglomération,Hors intersection,Normale,Deux véhicules - côté,,,,,,,,,,,5,2,1,1.0,3.0
201000037658,0010-03-29 06:30:00,10,3,29,6,30,590,512,SALENGRO  (AVENUE ROGER),,,Nuit avec éclairage allumé,En agglomération,Intersection en X,Pluie légère,Deux véhicules - frontale,,,,,,,,,,,5,2,2,2.0,1.0
201000037659,0010-04-06 12:40:00,10,4,6,12,40,590,512,EPEULE  (RUE DE L'),,,Plein jour,En agglomération,Intersection en X,Normale,Deux véhicules - côté,,,,,,,,,,,1,2,2,1.0,3.0
201000037660,0010-04-06 17:00:00,10,4,6,17,0,590,646,JAURES (RUE JEAN),,,Plein jour,Hors agglomération,Giratoire,Normale,Deux véhicules - côté,,,,,,,,,,,1,1,6,1.0,3.0
201000037661,0010-04-08 18:10:00,10,4,8,18,10,590,512,COGGHE (RUE REMY),,,Plein jour,En agglomération,Intersection en T,Normale,Autre collision,,,,,,,,,,,1,2,3,1.0,6.0
201000037662,0010-04-17 20:40:00,10,4,17,20,40,590,512,AVELGHEM (RUE D'),,,Plein jour,En agglomération,Hors intersection,Normale,Autre collision,,,,,,,,,,,1,2,1,1.0,6.0
201000037663,0010-04-19 11:40:00,10,4,19,11,40,590,512,LACORDAIRE,,,Plein jour,En agglomération,Hors intersection,Normale,Deux véhicules - arrière,,,,,,,,,,,1,2,1,1.0,2.0
201000037664,0010-04-19 16:20:00,10,4,19,16,20,590,512,FOSSE AUX CHENES  (AVENU,,,Plein jour,En agglomération,Hors intersection,Normale,Deux véhicules - frontale,,,,,,,,,,,1,2,1,1.0,1.0
201000037665,0010-04-19 18:55:00,10,4,19,18,55,590,512,CONFERENCE (RUE DE LA),,,Plein jour,Hors agglomération,Intersection en T,Normale,Deux véhicules - côté,,,,,,,,,,,1,1,3,1.0,3.0
201000037666,0010-04-07 16:05:00,10,4,7,16,5,590,650,EGALITE (BOULEVARD DE L',,,Plein jour,Hors agglomération,Hors intersection,Normale,Autre collision,,,,,,,,,,,1,1,1,1.0,6.0
201000037667,0010-04-09 08:50:00,10,4,9,8,50,590,163,JAURES (RUE JEAN),,,Plein jour,Hors agglomération,Intersection en T,Normale,Autre collision,,,,,,,,,,,1,1,3,1.0,6.0
201000037668,0010-04-20 17:55:00,10,4,20,17,55,590,512,NATIONS UNIES (AVENUE DE,,,Plein jour,Hors agglomération,Intersection en T,Normale,Deux véhicules - côté,,,,,,,,,,,1,1,3,1.0,3.0
201000037669,0010-04-24 15:15:00,10,4,24,15,15,590,512,MOTTE (AVENUE ALFRED),,,Plein jour,En agglomération,Intersection en T,Normale,Deux véhicules - frontale,,,,,,,,,,,1,2,3,1.0,1.0
201000037670,0010-04-20 12:40:00,10,4,20,12,40,590,650,UNION (RUE DE L'),,,Plein jour,En agglomération,Intersection en T,Normale,Deux véhicules - arrière,,,,,,,,,,,1,2,3,1.0,2.0
201000037671,0010-04-21 11:45:00,10,4,21,11,45,590,512,JAURES (AVENUE JEAN),,,Plein jour,En agglomération,Hors intersection,Normale,Autre collision,,,,,,,,,,,1,2,1,1.0,6.0
201000037672,0010-04-30 20:15:00,10,4,30,20,15,590,512,EPEULE  (RUE DE L'),,,Plein jour,En agglomération,Hors intersection,Normale,Autre collision,,,,,,,,,,,1,2,1,1.0,6.0
201000037673,0010-05-03 13:55:00,10,5,3,13,55,590,512,BASSE MASURE (RUE DE LA),,,Plein jour,En agglomération,Intersection en T,Pluie légère,Autre collision,,,,,,,,,,,1,2,3,2.0,6.0
201000037674,0010-04-30 12:00:00,10,4,30,12,0,590,512,TOURCOING (RUE DE),,,Plein jour,En agglomération,Intersection en T,Normale,Deux véhicules - côté,,,,,,,,,,,1,2,3,1.0,3.0
201000037675,0010-04-22 19:00:00,10,4,22,19,0,590,367,GUESDE (RUE JULES),,,Plein jour,En agglomération,Intersection en T,Normale,Autre collision,,,,,,,,,,,1,2,3,1.0,6.0
201000037676,0010-05-04 20:05:00,10,5,4,20,5,590,646,FLANDRE (AVENUE DE),,,Nuit avec éclairage non allumé,En agglomération,Hors intersection,Normale,Deux véhicules - arrière,,,,,,,,,,,4,2,1,1.0,2.0
201000037677,0010-05-01 15:55:00,10,5,1,15,55,590,650,BACH (RUE JEAN SEBASTIEN,,,Plein jour,En agglomération,Hors intersection,Normale,Autre collision,,,,,,,,,,,1,2,1,1.0,6.0
201000037678,0010-05-01 21:00:00,10,5,1,21,0,590,650,UNION (RUE DE L'),,,Nuit avec éclairage allumé,En agglomération,Intersection en X,Normale,Deux véhicules - frontale,,,,,,,,,,,5,2,2,1.0,1.0
201000037679,0010-05-03 07:55:00,10,5,3,7,55,590,163,JAURES (RUE JEAN),,,Nuit avec éclairage non allumé,En agglomération,Intersection en T,Normale,Deux véhicules - arrière,,,,,,,,,,,4,2,3,1.0,2.0
201000037680,0010-05-03 16:10:00,10,5,3,16,10,590,512,NATIONS UNIES (AVENUE DE,,,Plein jour,En agglomération,Intersection en T,Pluie légère,Deux véhicules - arrière,,,,,,,,,,,1,2,3,2.0,2.0
201000037681,0010-05-12 07:00:00,10,5,12,7,0,590,512,METZ (BOULEVARD DE),,,Nuit avec éclairage non allumé,En agglomération,Intersection en X,Pluie légère,Autre collision,,,,,,,,,,,4,2,2,2.0,6.0
201000037682,0010-05-15 18:40:00,10,5,15,18,40,590,512,CASSEL (RUE DE),,,Plein jour,En agglomération,Hors intersection,Normale,Autre collision,,,,,,,,,,,1,2,1,1.0,6.0
201000037683,0010-05-06 16:40:00,10,5,6,16,40,590,299,VALLEE (RUE DE LA),,,Plein jour,En agglomération,Hors intersection,Normale,Autre collision,,,,,,,,,,,1,2,1,1.0,6.0
201000037684,0010-05-11 14:30:00,10,5,11,14,30,590,163,GARE (RUE DE LA),,,Plein jour,En agglomération,Intersection en T,Normale,Deux véhicules - côté,,,,,,,,,,,1,2,3,1.0,3.0
201000037685,0010-04-12 13:30:00,10,4,12,13,30,590,367,GUESDE (RUE JULES),,,Plein jour,En agglomération,Intersection en T,Normale,Autre collision,,,,,,,,,,,1,2,3,1.0,6.0
201000037686,0010-04-15 11:20:00,10,4,15,11,20,590,650,MONT A LEUX,,,Plein jour,En agglomération,Hors intersection,Normale,Trois véhicules et plus - collisions multiples,,,,,,,,,,,1,2,1,1.0,5.0
201000037687,0010-04-03 20:10:00,10,4,3,20,10,590,650,LIBERTE (BOULEVARD DE LA,,,Nuit avec éclairage non allumé,En agglomération,Intersection en T,Normale,Deux véhicules - arrière,,,,,,,,,,,4,2,3,1.0,2.0
201000037688,0010-04-16 20:40:00,10,4,16,20,40,590,512,LIMITE (RUE DE LA),,,Crépuscule ou aube,En agglomération,Hors intersection,Normale,Deux véhicules - frontale,,,,,,,,,,,2,2,1,1.0,1.0
201000037689,0010-04-17 11:15:00,10,4,17,11,15,590,163,VAILLANT (AVENUE EDOUARD,,,Plein jour,En agglomération,Hors intersection,Normale,Deux véhicules - côté,,,,,,,,,,,1,2,1,1.0,3.0
201000037690,0010-04-20 18:20:00,10,4,20,18,20,590,367,SALENGRO (RUE ROGER),,,Plein jour,En agglomération,Intersection en T,Normale,Autre collision,,,,,,,,,,,1,2,3,1.0,6.0
201000037691,0010-04-17 10:20:00,10,4,17,10,20,590,163,Rue du Pont,,,Plein jour,En agglomération,Hors intersection,Normale,Deux véhicules - frontale,,,,,,,,,,,1,2,1,1.0,1.0
201000037692,0010-04-22 18:15:00,10,4,22,18,15,590,163,DE GAULLE (AVENUE DU GEN,,,Plein jour,En agglomération,Intersection en T,Normale,Autre collision,,,,,,,,,,,1,2,3,1.0,6.0
201000037693,0010-04-22 07:55:00,10,4,22,7,55,590,512,SEPT PONTS (RUE DES),,,Plein jour,En agglomération,Hors intersection,Normale,Autre collision,,,,,,,,,,,1,2,1,1.0,6.0
201000037694,0010-04-22 13:55:00,10,4,22,13,55,590,512,LEBAS (AVENUE JEAN),,,Plein jour,En agglomération,Intersection en X,Normale,Autre collision,,,,,,,,,,,1,2,2,1.0,6.0
201000037695,0010-04-23 13:20:00,10,4,23,13,20,590,512,GUESDE (RUE JULES),,,Plein jour,En agglomération,Hors intersection,Normale,Autre collision,,,,,,,,,,,1,2,1,1.0,6.0
201000037696,0010-04-23 07:55:00,10,4,23,7,55,590,512,SEPT PONTS (RUE DES),,,Plein jour,En agglomération,Hors intersection,Normale,Autre collision,,,,,,,,,,,1,2,1,1.0,6.0
201000037697,0010-04-25 19:10:00,10,4,25,19,10,590,650,JOUHAUX (BOULEVARD LEON),,,Plein jour,En agglomération,Hors intersection,Normale,Deux véhicules - frontale,,,,,,,,,,,1,2,1,1.0,1.0
201000037698,0010-04-28 09:00:00,10,4,28,9,0,590,512,DELORY  (AVENUE GUSTAVE),,,Plein jour,En agglomération,Giratoire,Normale,Deux véhicules - côté,,,,,,,,,,,1,2,6,1.0,3.0
201000037699,0010-04-29 16:45:00,10,4,29,16,45,590,650,PATRIOTES (RUE DES),,,Plein jour,En agglomération,Intersection en X,Normale,Autre collision,,,,,,,,,,,1,2,2,1.0,6.0
201000037700,0010-04-30 17:05:00,10,4,30,17,5,590,367,DE GAULLE (SQUARE CHARLE,,,Plein jour,En agglomération,Intersection en T,Normale,Autre collision,,,,,,,,,,,1,2,3,1.0,6.0
201000037701,0010-05-08 16:00:00,10,5,8,16,0,590,512,GAMBETTA ( BOULEVARD),,,Plein jour,En agglomération,Hors intersection,Normale,Autre collision,,,,,,,,,,,1,2,1,1.0,6.0
201000037702,0010-05-13 18:20:00,10,5,13,18,20,590,650,WAGNER (RUE RICHARD),,,Plein jour,En agglomération,Intersection en X,Normale,Deux véhicules - côté,,,,,,,,,,,1,2,2,1.0,3.0
201000037703,0010-05-17 15:30:00,10,5,17,15,30,590,650,TOUL (RUE DE),,,Plein jour,En agglomération,Intersection en X,Normale,Deux véhicules - côté,,,,,,,,,,,1,2,2,1.0,3.0
201000037704,0010-05-23 17:40:00,10,5,23,17,40,590,512,PHILIPPEVILLE (RUE DE),,,Plein jour,En agglomération,Intersection en X,Normale,Deux véhicules - côté,,,,,,,,,,,1,2,2,1.0,3.0
201000037705,0010-05-28 12:35:00,10,5,28,12,35,590,512,DUNKERQUE (QUAI DE),,,Plein jour,En agglomération,Intersection en X,Normale,Deux véhicules - arrière,,,,,,,,,,,1,2,2,1.0,2.0
201000037706,0010-05-31 12:20:00,10,5,31,12,20,590,646,TRIEZ (RUE DU),,,Plein jour,En agglomération,Hors intersection,Normale,Deux véhicules - frontale,,,,,,,,,,,1,2,1,1.0,1.0
201000037707,0010-05-31 08:05:00,10,5,31,8,5,590,512,BELFORT (BOULEVARD DE),,,Plein jour,En agglomération,Hors intersection,Normale,Autre collision,,,,,,,,,,,1,2,1,1.0,6.0
201000037708,0010-05-19 19:00:00,10,5,19,19,0,590,650,BLUM (RUE LEON),,,Plein jour,En agglomération,Hors intersection,Normale,Autre collision,,,,,,,,,,,1,2,1,1.0,6.0
201000037709,0010-05-19 18:50:00,10,5,19,18,50,590,512,BELFORT (BOULEVARD DE),,,Plein jour,En agglomération,Place,Normale,Autre collision,,,,,,,,,,,1,2,7,1.0,6.0
201000037710,0010-05-20 17:25:00,10,5,20,17,25,590,650,DELCROIX (IMPASSE),,,Plein jour,En agglomération,Intersection en T,Normale,Autre collision,,,,,,,,,,,1,2,3,1.0,6.0
201000037711,0010-05-21 16:10:00,10,5,21,16,10,590,512,METZ (BOULEVARD DE),,,Plein jour,En agglomération,Hors intersection,Normale,Trois véhicules et plus - collisions multiples,,,,,,,,,,,1,2,1,1.0,5.0
201000037712,0010-05-24 14:50:00,10,5,24,14,50,590,163,DELESCLUSE (RUE JEAN BAP,,,Plein jour,En agglomération,Intersection en T,Normale,Deux véhicules - côté,,,,,,,,,,,1,2,3,1.0,3.0
201000037713,0010-05-28 07:20:00,10,5,28,7,20,590,512,GAMBETTA ( BOULEVARD),,,Plein jour,En agglomération,Hors intersection,Normale,Autre collision,,,,,,,,,,,1,2,1,1.0,6.0
201000037714,0010-05-29 23:10:00,10,5,29,23,10,590,512,METZ (BOULEVARD DE),,,Nuit avec éclairage allumé,En agglomération,Hors intersection,Normale,Autre collision,,,,,,,,,,,5,2,1,1.0,6.0
201000037715,0010-07-02 23:20:00,10,7,2,23,20,590,299,CLEMENCEAU (BOULEVARD),,,Nuit avec éclairage allumé,En agglomération,Hors intersection,Normale,Autre collision,,,,,,,,,,,5,2,1,1.0,6.0
201000037716,0010-05-29 10:25:00,10,5,29,10,25,590,163,BARBUSSE (RUE HENRI),,,Plein jour,En agglomération,Hors intersection,Normale,Deux véhicules - arrière,,,,,,,,,,,1,2,1,1.0,2.0
201000037717,0010-05-29 07:20:00,10,5,29,7,20,590,299,CLEMENCEAU (BOULEVARD),,,Plein jour,En agglomération,Hors intersection,Normale,Autre collision,,,,,,,,,,,1,2,1,1.0,6.0
201000037718,0010-05-28 21:20:00,10,5,28,21,20,590,332,TOURNAI (RUE DE),,,Nuit avec éclairage allumé,En agglomération,Intersection en X,Normale,Deux véhicules - côté,,,,,,,,,,,5,2,2,1.0,3.0
201000037719,0010-05-28 16:20:00,10,5,28,16,20,590,512,ISLY (RUE D'),,,Plein jour,En agglomération,Hors intersection,Normale,Autre collision,,,,,,,,,,,1,2,1,1.0,6.0
201000037720,0010-05-29 14:55:00,10,5,29,14,55,590,650,CASTERMANT (RUE CHARLES),,,Plein jour,En agglomération,Hors intersection,Normale,Deux véhicules - côté,,,,,,,,,,,1,2,1,1.0,3.0
201000037721,0010-06-04 20:45:00,10,6,4,20,45,590,512,MOTTE (AVENUE ALFRED),,,Nuit avec éclairage non allumé,En agglomération,Intersection en X,Normale,Autre collision,,,,,,,,,,,4,2,2,1.0,6.0
201000037722,0010-06-04 15:05:00,10,6,4,15,5,590,512,CATEAU (BOULEVARD DU),,,Plein jour,En agglomération,Intersection en Y,Normale,Deux véhicules - frontale,,,,,,,,,,,1,2,4,1.0,1.0
201000037723,0010-06-01 07:50:00,10,6,1,7,50,590,512,FOURMIES (BOULEVARD DE),,,Plein jour,En agglomération,Intersection en X,Normale,Trois véhicules et plus - en chaîne,,,,,,,,,,,1,2,2,1.0,4.0
201000037724,0010-06-07 07:40:00,10,6,7,7,40,590,650,VOLTAIRE (RUE),,,Plein jour,En agglomération,Intersection en T,Normale,Deux véhicules - côté,,,,,,,,,,,1,2,3,1.0,3.0
201000037725,0010-06-06 06:45:00,10,6,6,6,45,590,299,TRIBONNERIE (RUE DE LA),,,Nuit avec éclairage non allumé,En agglomération,Hors intersection,Normale,Deux véhicules - frontale,,,,,,,,,,,4,2,1,1.0,1.0
201000037726,0010-06-01 18:45:00,10,6,1,18,45,590,512,BRAME (AVENUE JULES),,,Plein jour,En agglomération,Hors intersection,Normale,Autre collision,,,,,,,,,,,1,2,1,1.0,6.0
201000037727,0010-06-02 13:00:00,10,6,2,13,0,590,163,GARE (PLACE DE LA),,,Plein jour,En agglomération,Hors intersection,Normale,Deux véhicules - arrière,,,,,,,,,,,1,2,1,1.0,2.0
201000037728,0010-06-01 20:10:00,10,6,1,20,10,590,512,INDUSTRIE (RUE DE L'),,,Plein jour,En agglomération,Hors intersection,Normale,Autre collision,,,,,,,,,,,1,2,1,1.0,6.0
201000037729,0010-05-23 19:50:00,10,5,23,19,50,590,512,VERDUN (AVENUE DE),,,Plein jour,Hors agglomération,Hors intersection,Normale,Deux véhicules - côté,,,,,,,,,,,1,1,1,1.0,3.0
201000037730,0010-06-07 13:40:00,10,6,7,13,40,590,512,CARNOT (PLACE),,,Plein jour,En agglomération,Intersection en T,Normale,Autre collision,,,,,,,,,,,1,2,3,1.0,6.0
201000037731,0010-06-03 11:50:00,10,6,3,11,50,590,512,LECLERC (BOULEVARD DU GE,,,Plein jour,En agglomération,Hors intersection,Normale,Autre collision,,,,,,,,,,,1,2,1,1.0,6.0
201000037732,0010-06-04 09:50:00,10,6,4,9,50,590,512,COLMAR (BOULEVARD DE),,,Plein jour,En agglomération,Intersection en T,Normale,Deux véhicules - arrière,,,,,,,,,,,1,2,3,1.0,2.0
201000037733,0010-06-04 09:40:00,10,6,4,9,40,590,650,ECOLES (RUE DES),,,Plein jour,En agglomération,Hors intersection,Normale,Autre collision,,,,,,,,,,,1,2,1,1.0,6.0
201000037734,0010-06-05 20:00:00,10,6,5,20,0,590,299,DE GAULLE (AVENUE CHARLE,,,Plein jour,En agglomération,Hors intersection,Normale,Autre collision,,,,,,,,,,,1,2,1,1.0,6.0
201000037735,0010-06-09 15:00:00,10,6,9,15,0,590,646,GRAND COTTIGNIES (AVENUE,,,Plein jour,Hors agglomération,Hors intersection,Normale,Deux véhicules - côté,,,,,,,,,,,1,1,1,1.0,3.0
201000037736,0010-06-09 13:50:00,10,6,9,13,50,590,646,GRAND COTTIGNIES (AVENUE,,,Plein jour,En agglomération,Hors intersection,Normale,Deux véhicules - côté,,,,,,,,,,,1,2,1,1.0,3.0
201000037737,0010-06-09 18:10:00,10,6,9,18,10,590,512,MULHOUSE (BOULEVARD DE),,,Plein jour,En agglomération,Intersection en X,Normale,Deux véhicules - frontale,,,,,,,,,,,1,2,2,1.0,1.0
201000037738,0010-06-09 11:30:00,10,6,9,11,30,590,512,FRESNOY (RUE DU),,,Plein jour,En agglomération,Intersection en T,Normale,Deux véhicules - frontale,,,,,,,,,,,1,2,3,1.0,1.0
201000037739,0010-06-13 17:30:00,10,6,13,17,30,590,512,MONTGOLFIER (RUE),,,Plein jour,En agglomération,Hors intersection,Normale,Deux véhicules - arrière,,,,,,,,,,,1,2,1,1.0,2.0
201000037740,0010-06-11 11:40:00,10,6,11,11,40,590,163,MICHEL (RUE LOUISE),,,Plein jour,En agglomération,Intersection en T,Normale,Deux véhicules - côté,,,,,,,,,,,1,2,3,1.0,3.0