accident_id,datetime,annee,mois,jour,heure,minute,departement,commune_insee,adresse,latitude,longitude,luminosite,agglomeration,intersection,meteo,collision,nb_vehicules,nb_usagers,nb_indemnes,nb_tues,nb_blesses_hosp,nb_blesses_legers,age_cond_1,age_cond_2,veh_type_cond_1,veh_type_cond_2,lum_code,agg_code,int_code,atm_code,col_code
201000037872,0010-10-25 11:00:00,10,10,25,11,0,590,650,LIBERTE (BOULEVARD DE LA,,,Plein jour,En agglomération,Intersection en X,Pluie légère,Deux véhicules - arrière,,,,,,,,,,,1,2,2,2.0,2.0
201000037873,0010-10-30 19:20:00,10,10,30,19,20,590,512,ARTS (RUE DES),,,Nuit avec éclairage allumé,En agglomération,Hors intersection,Normale,Autre collision,,,,,,,,,,,5,2,1,1.0,6.0
201000037874,0010-10-28 14:00:00,10,10,28,14,0,590,512,COLLEGE (RUE DU),,,Plein jour,En agglomération,Intersection en X,Normale,Deux véhicules - côté,,,,,,,,,,,1,2,2,1.0,3.0
201000037875,0010-11-02 09:00:00,10,11,2,9,0,590,512,QUINT (RUE CHARLES),,,Plein jour,En agglomération,Hors intersection,Pluie légère,Autre collision,,,,,,,,,,,1,2,1,2.0,6.0
201000037876,0010-11-10 22:35:00,10,11,10,22,35,590,512,LALANDE (RUE),,,Nuit avec éclairage allumé,En agglomération,Intersection en X,Pluie légère,Deux véhicules - côté,,,,,,,,,,,5,2,2,2.0,3.0
201000037877,0010-11-05 12:15:00,10,11,5,12,15,590,512,GUESDE (RUE JULES),,,Plein jour,En agglomération,Intersection en X,Normale,Deux véhicules - côté,,,,,,,,,,,1,2,2,1.0,3.0
201000037878,0010-11-13 16:00:00,10,11,13,16,0,590,512,NATIONS UNIES (AVENUE DE,,,Crépuscule ou aube,En agglomération,Intersection en Y,Normale,Trois véhicules et plus - collisions multiples,,,,,,,,,,,2,2,4,1.0,5.0
201000037879,0010-11-18 17:30:00,10,11,18,17,30,590,512,ARMENTIERES (BOULEVARD D,,,Nuit avec éclairage allumé,En agglomération,Hors intersection,Normale,Deux véhicules - frontale,,,,,,,,,,,5,2,1,1.0,1.0
201000037880,0010-11-23 15:55:00,10,11,23,15,55,590,163,LEBAS (RUE JEAN BAPTISTE,,,Plein jour,En agglomération,Hors intersection,Pluie légère,Deux véhicules - côté,,,,,,,,,,,1,2,1,2.0,3.0
201000037881,0010-11-15 17:30:00,10,11,15,17,30,590,512,DELORY (AVENUE GUSTAVE),,,Crépuscule ou aube,En agglomération,Hors intersection,Normale,Deux véhicules - côté,,,,,,,,,,,2,2,1,1.0,3.0
201000037882,0010-11-03 17:10:00,10,11,3,17,10,590,367,PROGRES (RUE DU),,,Crépuscule ou aube,En agglomération,Hors intersection,Normale,Autre collision,,,,,,,,,,,2,2,1,1.0,6.0
201000037883,0010-12-13 17:00:00,10,12,13,17,0,590,512,COLLEGE (RUE DU),,,Crépuscule ou aube,En agglomération,Hors intersection,Normale,Autre collision,,,,,,,,,,,2,2,1,1.0,6.0
201000037884,0010-11-06 16:55:00,10,11,6,16,55,590,512,LYON (BOULEVARD DE),,,Plein jour,En agglomération,Intersection en X,Normale,Trois véhicules et plus - en chaîne,,,,,,,,,,,1,2,2,1.0,4.0
201000037885,0010-11-25 19:45:00,10,11,25,19,45,590,650,"89, FAIDHERBE (RUE)",,,Nuit avec éclairage allumé,En agglomération,Hors intersection,Neige / grêle,Trois véhicules et plus - collisions multiples,,,,,,,,,,,5,2,1,4.0,5.0
201000037886,0010-11-08 18:15:00,10,11,8,18,15,590,367,LECLERC (RUE DU GENERAL),,,Nuit avec éclairage allumé,En agglomération,Intersection en X,Pluie légère,Deux véhicules - côté,,,,,,,,,,,5,2,2,2.0,3.0
201000037887,0010-11-11 14:20:00,10,11,11,14,20,590,646,FLANDRE (AVENUE DE),,,Plein jour,En agglomération,Intersection en X,Pluie forte,Deux véhicules - côté,,,,,,,,,,,1,2,2,3.0,3.0
201000037888,0010-11-12 11:20:00,10,11,12,11,20,590,646,FLANDRE (AVENUE DE),,,Plein jour,En agglomération,Intersection en X,Normale,Autre collision,,,,,,,,,,,1,2,2,1.0,6.0
201000037889,0010-11-13 13:45:00,10,11,13,13,45,590,650,LABOUREUR (SQUARE DU),,,Plein jour,En agglomération,Intersection en T,Pluie légère,Deux véhicules - arrière,,,,,,,,,,,1,2,3,2.0,2.0
201000037890,0010-11-15 07:55:00,10,11,15,7,55,590,646,MARNE (AVENUE DE LA),,,Crépuscule ou aube,En agglomération,Intersection en T,Normale,Autre collision,,,,,,,,,,,2,2,3,1.0,6.0
201000037891,0010-11-19 22:00:00,10,11,19,22,0,590,646,GARE (PLACE DE LA),,,Nuit avec éclairage non allumé,En agglomération,Giratoire,Normale,Deux véhicules - côté,,,,,,,,,,,4,2,6,1.0,3.0
201000037892,0010-11-22 07:30:00,10,11,22,7,30,590,512,"245, PIERRE DE ROUBAIX (",,,Crépuscule ou aube,En agglomération,Hors intersection,Normale,Autre collision,,,,,,,,,,,2,2,1,1.0,6.0
201000037893,0010-11-23 07:50:00,10,11,23,7,50,590,512,"181, LEERS (RUE DE)",,,Crépuscule ou aube,En agglomération,Hors intersection,Normale,Deux véhicules - frontale,,,,,,,,,,,2,2,1,1.0,1.0
201000037894,0010-11-24 17:45:00,10,11,24,17,45,590,512,REPUBLIQUE (BOULEVARD DE,,,Plein jour,En agglomération,Hors intersection,Normale,Autre collision,,,,,,,,,,,1,2,1,1.0,6.0
201000037895,0010-11-26 09:20:00,10,11,26,9,20,590,646,"31, MARNE (AVENUE DE LA)",,,Plein jour,En agglomération,Hors intersection,Normale,Deux véhicules - côté,,,,,,,,,,,1,2,1,1.0,3.0
201000037896,0010-11-30 10:30:00,10,11,30,10,30,590,646,"26, FLANDRE (AVENUE DE)",,,Plein jour,En agglomération,Hors intersection,Pluie légère,Deux véhicules - côté,,,,,,,,,,,1,2,1,2.0,3.0
201000037897,0010-12-10 16:20:00,10,12,10,16,20,590,512,JOUFFROY (RUE),,,Plein jour,En agglomération,Intersection en X,Normale,Autre collision,,,,,,,,,,,1,2,2,1.0,6.0
201000037898,0010-12-01 10:45:00,10,12,1,10,45,590,512,SALENGRO (AVENUE ROGER),,,Plein jour,En agglomération,Intersection en X,Neige / grêle,Deux véhicules - côté,,,,,,,,,,,1,2,2,4.0,3.0
201000037899,0010-12-04 20:50:00,10,12,4,20,50,590,512,BEAUREPAIRE (BOULEVARD),,,Crépuscule ou aube,Hors agglomération,Giratoire,Neige / grêle,Deux véhicules - côté,,,,,,,,,,,2,1,6,4.0,3.0
201000037900,0010-12-07 14:00:00,10,12,7,14,0,590,512,FOURIER (AVENUE CHARLES),,,Plein jour,En agglomération,Hors intersection,Normale,Autre collision,,,,,,,,,,,1,2,1,1.0,6.0
201000037901,0010-12-07 17:35:00,10,12,7,17,35,590,512,GUESDE (RUE JULES),,,Nuit avec éclairage allumé,Hors agglomération,Hors intersection,Normale,Autre collision,,,,,,,,,,,5,1,1,1.0,6.0
201000037902,0010-12-09 13:35:00,10,12,9,13,35,590,650,LEBAS (RUE JEAN BAPTISTE,,,Plein jour,En agglomération,Intersection en X,Normale,Deux véhicules - côté,,,,,,,,,,,1,2,2,1.0,3.0
201000037903,0010-12-09 09:50:00,10,12,9,9,50,590,299,"101, LECLERC (RUE DU GEN",,,Plein jour,En agglomération,Hors intersection,Normale,Deux véhicules - frontale,,,,,,,,,,,1,2,1,1.0,1.0
201000037904,0010-12-09 20:15:00,10,12,9,20,15,590,512,"104, JAURES (AVENUE JEAN",,,Nuit avec éclairage allumé,En agglomération,Hors intersection,Neige / grêle,Deux véhicules - arrière,,,,,,,,,,,5,2,1,4.0,2.0
201000037905,0010-12-09 18:45:00,10,12,9,18,45,590,650,BASANOS (RUE DES),,,Nuit avec éclairage allumé,En agglomération,Intersection en X,Normale,Autre collision,,,,,,,,,,,5,2,2,1.0,6.0
201000037906,0010-12-11 08:00:00,10,12,11,8,0,590,299,CD 700,,,Crépuscule ou aube,Hors agglomération,Hors intersection,Normale,Sans collision,,,,,,,,,,,2,1,1,1.0,7.0
201000037907,0010-12-06 18:30:00,10,12,6,18,30,590,646,GRAND COTTIGNIES (AVENUE,,,Crépuscule ou aube,En agglomération,Hors intersection,Normale,Autre collision,,,,,,,,,,,2,2,1,1.0,6.0
201000037908,0010-12-18 21:30:00,10,12,18,21,30,590,512,"303, GRANDE RUE",,,Nuit avec éclairage allumé,En agglomération,Autre intersection,Neige / grêle,Deux véhicules - frontale,,,,,,,,,,,5,2,9,4.0,1.0
201000037909,0010-12-27 16:30:00,10,12,27,16,30,590,299,PINAY (AVENUE ANTOINE),,,Crépuscule ou aube,En agglomération,Hors intersection,Neige / grêle,Deux véhicules - frontale,,,,,,,,,,,2,2,1,4.0,1.0
201000037910,0010-12-23 09:00:00,10,12,23,9,0,590,512,MONNET (RUE JEAN),,,Plein jour,Hors agglomération,Intersection en X,Normale,Autre collision,,,,,,,,,,,1,1,2,1.0,6.0
201000037911,0010-12-27 09:50:00,10,12,27,9,50,590,512,"43ter, COTTAGES (AVENUE",,,Plein jour,En agglomération,Hors intersection,Temps couvert,Autre collision,,,,,,,,,,,1,2,1,8.0,6.0
201000037912,0010-12-28 13:30:00,10,12,28,13,30,590,646,"151, DELETTE (RUE EMILE)",,,Plein jour,Hors agglomération,Intersection en T,Autre,Deux véhicules - arrière,,,,,,,,,,,1,1,3,9.0,2.0
201000037913,0010-12-28 13:30:00,10,12,28,13,30,590,512,MOTTE (AVENUE ALFRED),,,Plein jour,En agglomération,Intersection à plus de 4 branches,Temps couvert,Deux véhicules - côté,,,,,,,,,,,1,2,5,8.0,3.0
201000037914,0010-02-03 09:10:00,10,2,3,9,10,590,526,"40, AV DU CLOS",,,Plein jour,En agglomération,Autre intersection,Pluie légère,Autre collision,,,,,,,,,,,1,2,9,2.0,6.0
201000037915,0010-06-23 06:20:00,10,6,23,6,20,590,526,"908, RTE DE ROUBAIX",,,Plein jour,En agglomération,Hors intersection,Normale,Autre collision,,,,,,,,,,,1,2,1,1.0,6.0
201000037916,0010-07-18 11:15:00,10,7,18,11,15,590,526,ROCADE NORD(JUSQ CROISEM,,,Plein jour,En agglomération,Intersection en T,Normale,Deux véhicules - côté,,,,,,,,,,,1,2,3,1.0,3.0
201000037917,0010-09-13 18:00:00,10,9,13,18,0,590,284,"102, JULES GUESDE",,,Plein jour,En agglomération,Hors intersection,Normale,Autre collision,,,,,,,,,,,1,2,1,1.0,6.0
201000037918,0010-10-10 16:00:00,10,10,10,16,0,590,526,"64, D'ORCHIES",,,Plein jour,En agglomération,Intersection en T,Normale,Deux véhicules - frontale,,,,,,,,,,,1,2,3,1.0,1.0
201000037919,0010-10-20 19:30:00,10,10,20,19,30,590,526,"203, HENRI DURRE",,,Nuit avec éclairage allumé,En agglomération,Hors intersection,Normale,Autre collision,,,,,,,,,,,5,2,1,1.0,6.0
201000037920,0010-02-21 15:15:00,10,2,21,15,15,590,456,"0, GABRIEL PERI(RUE)",,,Plein jour,Hors agglomération,Intersection en T,Temps couvert,Autre collision,,,,,,,,,,,1,1,3,8.0,6.0
201000037921,0010-03-10 16:00:00,10,3,10,16,0,590,227,"7, DANIELE CASANOVA(RUE)",,,Plein jour,En agglomération,Intersection en Y,Normale,Deux véhicules - arrière,,,,,,,,,,,1,2,4,1.0,2.0
201000037922,0010-05-14 12:00:00,10,5,14,12,0,590,456,"9, JULES GUESDE(RUE)",,,Plein jour,En agglomération,Hors intersection,Normale,Autre collision,,,,,,,,,,,1,2,1,1.0,6.0
201000037923,0010-06-14 18:45:00,10,6,14,18,45,590,375,", SOMAIN(ROUTE) CD957",,,Plein jour,Hors agglomération,Intersection en X,Temps couvert,Deux véhicules - côté,,,,,,,,,,,1,1,2,8.0,3.0
201000037924,0010-07-02 10:05:00,10,7,2,10,5,590,574,"62, ANTOINE MERCIER(RUE)",,,Plein jour,En agglomération,Hors intersection,Normale,Deux véhicules - arrière,,,,,,,,,,,1,2,1,1.0,2.0
201000037925,0010-07-06 12:50:00,10,7,6,12,50,590,637,"1125, JEAN JAURES(RUE)",,,Plein jour,En agglomération,Hors intersection,Normale,Autre collision,,,,,,,,,,,1,2,1,1.0,6.0
201000037926,0010-07-06 14:25:00,10,7,6,14,25,590,574,"901, WILSON(RUE)",,,Plein jour,En agglomération,Hors intersection,Normale,Deux véhicules - côté,,,,,,,,,,,1,2,1,1.0,3.0
201000037927,0010-11-06 16:15:00,10,11,6,16,15,590,456,"31, CHAMBERYRUE",,,Crépuscule ou aube,En agglomération,Intersection en X,Normale,Deux véhicules - côté,,,,,,,,,,,2,2,2,1.0,3.0
201000037928,0010-12-14 13:10:00,10,12,14,13,10,590,574,"72, JOSEPH BOULIEZ(RUE)",,,Plein jour,En agglomération,Hors intersection,Normale,Autre collision,,,,,,,,,,,1,2,1,1.0,6.0
201000037929,0010-12-16 18:15:00,10,12,16,18,15,590,414,"0, ROLAND HUET(AVENUE)",,,Nuit avec éclairage allumé,En agglomération,Hors intersection,Pluie forte,Autre collision,,,,,,,,,,,5,2,1,3.0,6.0
201000037930,0010-01-01 05:00:00,10,1,1,5,0,590,279,"143, NEUVILLE (ROUTE DE)",,,Nuit avec éclairage allumé,En agglomération,Hors intersection,Normale,Sans collision,,,,,,,,,,,5,2,1,1.0,7.0
201000037931,0010-02-05 07:35:00,10,2,5,7,35,590,599,GUERRE (RUE FIN DE LA),,,Nuit avec éclairage allumé,En agglomération,Hors intersection,Pluie légère,Autre collision,,,,,,,,,,,5,2,1,2.0,6.0
201000037932,0010-02-12 08:10:00,10,2,12,8,10,590,426,RECKEM (RUE DE),,,Plein jour,En agglomération,Hors intersection,Autre,Autre collision,,,,,,,,,,,1,2,1,9.0,6.0
201000037933,0010-02-20 15:00:00,10,2,20,15,0,590,599,DEWYN (RUE DU DOCTEUR),,,Plein jour,En agglomération,Intersection en X,Normale,Deux véhicules - côté,,,,,,,,,,,1,2,2,1.0,3.0
201000037934,0010-02-20 20:25:00,10,2,20,20,25,590,599,FIVES (RUE DE),,,Nuit avec éclairage allumé,En agglomération,Intersection en X,Normale,Deux véhicules - côté,,,,,,,,,,,5,2,2,1.0,3.0
201000037935,0010-02-21 17:45:00,10,2,21,17,45,590,352,WATTINES (RUE DE),,,Plein jour,En agglomération,Giratoire,Normale,Deux véhicules - côté,,,,,,,,,,,1,2,6,1.0,3.0
201000037936,0010-02-25 19:50:00,10,2,25,19,50,590,599,FAIDHERBE (RUE ),,,Nuit avec éclairage allumé,En agglomération,Intersection en X,Pluie légère,Autre collision,,,,,,,,,,,5,2,2,2.0,6.0
201000037937,0010-02-26 10:15:00,10,2,26,10,15,590,599,"277, GAND (RUE DE)",,,Plein jour,En agglomération,Hors intersection,Pluie légère,Autre collision,,,,,,,,,,,1,2,1,2.0,6.0
201000037938,0010-03-02 17:55:00,10,3,2,17,55,590,90,VIGNE (DOMAINE DE LA),,,Plein jour,En agglomération,Intersection en X,Normale,Deux véhicules - côté,,,,,,,,,,,1,2,2,1.0,3.0
201000037939,0010-03-06 19:20:00,10,3,6,19,20,590,599,"105, POUTRAINS (RUE DES)",,,Nuit avec éclairage allumé,En agglomération,Hors intersection,Normale,Autre collision,,,,,,,,,,,5,2,1,1.0,6.0
201000037940,0010-03-10 18:30:00,10,3,10,18,30,590,90,SIX (ABBE)29A41,,,Crépuscule ou aube,En agglomération,Giratoire,Normale,Deux véhicules - côté,,,,,,,,,,,2,2,6,1.0,3.0
201000037941,0010-03-02 09:15:00,10,3,2,9,15,590,599,"27, TIBERGHIEN (RUE SIMO",,,Plein jour,En agglomération,Hors intersection,Normale,Autre collision,,,,,,,,,,,1,2,1,1.0,6.0
201000037942,0010-03-15 18:10:00,10,3,15,18,10,590,599,PARIS (RUE DE),,,Crépuscule ou aube,En agglomération,Hors intersection,Normale,Autre collision,,,,,,,,,,,2,2,1,1.0,6.0
201000037943,0010-03-18 10:25:00,10,3,18,10,25,590,599,"105, NATIONALE (RUE)",,,Plein jour,En agglomération,Intersection en X,Normale,Deux véhicules - côté,,,,,,,,,,,1,2,2,1.0,3.0
201000037944,0010-03-19 16:00:00,10,3,19,16,0,590,599,"115, BRUN PAIN (RUE DU)",,,Plein jour,En agglomération,Autre intersection,Normale,Autre collision,,,,,,,,,,,1,2,9,1.0,6.0
201000037945,0010-03-24 18:20:00,10,3,24,18,20,590,426,HALLUIN (RUE D'),,,Plein jour,En agglomération,Intersection en T,Normale,Deux véhicules - côté,,,,,,,,,,,1,2,3,1.0,3.0
201000037946,0010-03-25 18:20:00,10,3,25,18,20,590,426,TOURCOING (RUE DE),,,Plein jour,En agglomération,Intersection en X,Normale,Deux véhicules - côté,,,,,,,,,,,1,2,2,1.0,3.0
201000037947,0010-04-08 17:45:00,10,4,8,17,45,590,426,VERTUQUET (RUE DU),,,Plein jour,En agglomération,Hors intersection,Normale,Deux véhicules - frontale,,,,,,,,,,,1,2,1,1.0,1.0
201000037948,0010-04-09 13:00:00,10,4,9,13,0,590,599,"54, BOURGOGNE (RUE DE LA",,,Plein jour,En agglomération,Hors intersection,Normale,Deux véhicules - arrière,,,,,,,,,,,1,2,1,1.0,2.0
201000037949,0010-04-09 15:25:00,10,4,9,15,25,590,279,LILLE (RUE DE),,,Plein jour,En agglomération,Hors intersection,Normale,Deux véhicules - côté,,,,,,,,,,,1,2,1,1.0,3.0
201000037950,0010-04-20 10:40:00,10,4,20,10,40,590,599,"93, WATT (CHAUSSEE)",,,Plein jour,En agglomération,Hors intersection,Normale,Autre collision,,,,,,,,,,,1,2,1,1.0,6.0
201000037951,0010-04-20 18:50:00,10,4,20,18,50,590,599,CALVAIRE (RUE DU),,,Plein jour,En agglomération,Hors intersection,Normale,Autre collision,,,,,,,,,,,1,2,1,1.0,6.0
201000037952,0010-04-22 13:25:00,10,4,22,13,25,590,599,"608, TOURCOING (RUE DE)",,,Plein jour,En agglomération,Hors intersection,Normale,Deux véhicules - côté,,,,,,,,,,,1,2,1,1.0,3.0
201000037953,0010-04-23 04:35:00,10,4,23,4,35,590,279,LEMIRE (RUE DE L'ABBE),,,Nuit avec éclairage allumé,En agglomération,Hors intersection,Normale,Autre collision,,,,,,,,,,,5,2,1,1.0,6.0
201000037954,0010-04-26 10:30:00,10,4,26,10,30,590,90,GAULLE (AVENUE DU GENERA,,,Plein jour,En agglomération,Hors intersection,Normale,Autre collision,,,,,,,,,,,1,2,1,1.0,6.0
201000037955,0010-04-28 18:30:00,10,4,28,18,30,590,90,"1332, GAULLE (AVENUE DU",,,Plein jour,En agglomération,Hors intersection,Normale,Deux véhicules - côté,,,,,,,,,,,1,2,1,1.0,3.0
201000037956,0010-05-02 23:40:00,10,5,2,23,40,590,599,", BEAU SEJOUR (SENTIER D",,,Nuit avec éclairage allumé,En agglomération,Giratoire,Normale,Autre collision,,,,,,,,,,,5,2,6,1.0,6.0
201000037957,0010-05-07 13:30:00,10,5,7,13,30,590,656,PERI (RUE GABRIEL),,,Plein jour,En agglomération,Intersection en X,Normale,Deux véhicules - frontale,,,,,,,,,,,1,2,2,1.0,1.0
201000037958,0010-05-14 06:25:00,10,5,14,6,25,590,599,THOMAS (PLACE ALBERT),,,Crépuscule ou aube,En agglomération,Hors intersection,Normale,Sans collision,,,,,,,,,,,2,2,1,1.0,7.0
201000037959,0010-05-21 13:20:00,10,5,21,13,20,590,279,"197, LYS (RUE DE LA)",,,Plein jour,En agglomération,Intersection en T,Normale,Deux véhicules - côté,,,,,,,,,,,1,2,3,1.0,3.0
201000037960,0010-05-22 11:20:00,10,5,22,11,20,590,656,"., INDUSTRIE (RUE DE L')",,,Plein jour,En agglomération,Intersection en T,Normale,Deux véhicules - côté,,,,,,,,,,,1,2,3,1.0,3.0
201000037961,0010-05-24 17:10:00,10,5,24,17,10,590,599,LATTE (RUE DE LA),,,Plein jour,En agglomération,Intersection en T,Normale,Autre collision,,,,,,,,,,,1,2,3,1.0,6.0
201000037962,0010-05-25 17:10:00,10,5,25,17,10,590,279,"69, LILLE (RUE DE)",,,Plein jour,En agglomération,Hors intersection,Normale,Autre collision,,,,,,,,,,,1,2,1,1.0,6.0
201000037963,0010-05-26 19:00:00,10,5,26,19,0,590,599,CANAL (RUE DU),,,Plein jour,En agglomération,Hors intersection,Pluie légère,Sans collision,,,,,,,,,,,1,2,1,2.0,7.0
201000037964,0010-06-04 09:15:00,10,6,4,9,15,590,421,"72, MIRABEAU (RUE)",,,Plein jour,En agglomération,Hors intersection,Normale,Autre collision,,,,,,,,,,,1,2,1,1.0,6.0
201000037965,0010-06-04 14:00:00,10,6,4,14,0,590,599,YSER (RUE DE L'),,,Plein jour,En agglomération,Hors intersection,Normale,Deux véhicules - côté,,,,,,,,,,,1,2,1,1.0,3.0
201000037966,0010-05-21 14:10:00,10,5,21,14,10,590,599,HUGO (RUE VICTOR),,,Plein jour,En agglomération,Intersection en X,Normale,Deux véhicules - côté,,,,,,,,,,,1,2,2,1.0,3.0
201000037967,0010-06-10 10:10:00,10,6,10,10,10,590,508,LILLE (RUE DE)MENIN A 8,,,Plein jour,En agglomération,Hors intersection,Normale,Deux véhicules - arrière,,,,,,,,,,,1,2,1,1.0,2.0
201000037968,0010-06-14 03:20:00,10,6,14,3,20,590,599,FOREST (CHAUSSEE FERNAND,,,Nuit avec éclairage allumé,En agglomération,Hors intersection,Normale,Autre collision,,,,,,,,,,,5,2,1,1.0,6.0
201000037969,0010-06-18 18:38:00,10,6,18,18,38,590,599,"18, GAND (RUE DE)",,,Plein jour,En agglomération,Hors intersection,Pluie légère,Autre collision,,,,,,,,,,,1,2,1,2.0,6.0
201000037970,0010-06-20 20:50:00,10,6,20,20,50,590,152,"95, WERWICQ (RUE DE)",,,Crépuscule ou aube,En agglomération,Hors intersection,Normale,Autre collision,,,,,,,,,,,2,2,1,1.0,6.0
201000037971,0010-06-25 12:30:00,10,6,25,12,30,590,599,"35, MULHOUSE (RUE DE)",,,Plein jour,En agglomération,Hors intersection,Normale,Autre collision,,,,,,,,,,,1,2,1,1.0,6.0
201000037972,0010-06-29 08:45:00,10,6,29,8,45,590,599,MOUVAUX (RUE DE),,,Plein jour,En agglomération,Hors intersection,Temps éblouissant,Autre collision,,,,,,,,,,,1,2,1,7.0,6.0
201000037973,0010-06-29 15:45:00,10,6,29,15,45,590,421,"429, TOURCOING (RUE DE)",,,Plein jour,En agglomération,Intersection en Y,Normale,Deux véhicules - côté,,,,,,,,,,,1,2,4,1.0,3.0
201000037974,0010-06-30 11:30:00,10,6,30,11,30,590,599,"92, PHALEMPINS (RUE DES)",,,Plein jour,En agglomération,Hors intersection,Normale,Autre collision,,,,,,,,,,,1,2,1,1.0,6.0
201000037975,0010-06-29 19:00:00,10,6,29,19,0,590,599,"3, TASSIGNY (PLACE MAREC",,,Plein jour,En agglomération,Place,Normale,Autre collision,,,,,,,,,,,1,2,7,1.0,6.0
201000037976,0010-07-06 14:40:00,10,7,6,14,40,590,421,RAVENNES (RUE DES),,,Plein jour,En agglomération,Intersection en Y,Normale,Deux véhicules - frontale,,,,,,,,,,,1,2,4,1.0,1.0
201000037977,0010-07-07 22:40:00,10,7,7,22,40,590,279,"24, BALZAC (RUE HONORE D",,,Plein jour,En agglomération,Hors intersection,Normale,Deux véhicules - côté,,,,,,,,,,,1,2,1,1.0,3.0
201000037978,0010-07-08 19:00:00,10,7,8,19,0,590,599,FOREST (CHAUSSEE FERNAND,,,Plein jour,En agglomération,Intersection en X,Normale,Deux véhicules - côté,,,,,,,,,,,1,2,2,1.0,3.0
201000037979,0010-07-16 22:40:00,10,7,16,22,40,590,279,"29, LILLE (RUE DE)",,,Crépuscule ou aube,En agglomération,Intersection en T,Normale,Deux véhicules - côté,,,,,,,,,,,2,2,3,1.0,3.0
201000037980,0010-07-19 18:50:00,10,7,19,18,50,590,279,NEUVILLE (ROUTE DE),,,Plein jour,En agglomération,Intersection en Y,Normale,Deux véhicules - côté,,,,,,,,,,,1,2,4,1.0,3.0
201000037981,0010-07-23 17:00:00,10,7,23,17,0,590,599,"70, MARENGO (RUE)",,,Plein jour,En agglomération,Hors intersection,Normale,Autre collision,,,,,,,,,,,1,2,1,1.0,6.0
201000037982,0010-07-24 12:00:00,10,7,24,12,0,590,599,PAPIN (CHAUSSEE DENIS),,,Plein jour,En agglomération,Hors intersection,Normale,Deux véhicules - côté,,,,,,,,,,,1,2,1,1.0,3.0
201000037983,0010-07-25 01:40:00,10,7,25,1,40,590,599,"61, MALCENSE (RUE DE LA)",,,Nuit avec éclairage allumé,En agglomération,Hors intersection,Normale,Autre collision,,,,,,,,,,,5,2,1,1.0,6.0
201000037984,0010-07-27 11:45:00,10,7,27,11,45,590,508,LILLE (RUE DE)LATERALE A,,,Plein jour,En agglomération,Intersection en T,Pluie légère,Deux véhicules - côté,,,,,,,,,,,1,2,3,2.0,3.0
201000037985,0010-08-03 14:25:00,10,8,3,14,25,590,421,MARNE (BOULEVARD DE LA),,,Plein jour,En agglomération,Hors intersection,Normale,Trois véhicules et plus - en chaîne,,,,,,,,,,,1,2,1,1.0,4.0
201000037986,0010-08-10 09:00:00,10,8,10,9,0,590,421,DURIEZ (RUE PAUL),,,Plein jour,En agglomération,Hors intersection,Normale,Autre collision,,,,,,,,,,,1,2,1,1.0,6.0
201000037987,0010-08-11 20:00:00,10,8,11,20,0,590,599,"62, SCHWEITZER (RUE DU D",,,Plein jour,En agglomération,Intersection en T,Normale,Deux véhicules - frontale,,,,,,,,,,,1,2,3,1.0,1.0
201000037988,0010-08-12 12:30:00,10,8,12,12,30,590,599,"43, GAND (RUE DE)",,,Plein jour,En agglomération,Hors intersection,Normale,Deux véhicules - côté,,,,,,,,,,,1,2,1,1.0,3.0
201000037989,0010-08-13 19:45:00,10,8,13,19,45,590,599,"111, ALSACE (RUE D')",,,Plein jour,En agglomération,Hors intersection,Normale,Autre collision,,,,,,,,,,,1,2,1,1.0,6.0
201000037990,0010-08-20 11:35:00,10,8,20,11,35,590,421,"490, TOURCOING (RUE DE)",,,Plein jour,En agglomération,Intersection en T,Normale,Deux véhicules - côté,,,,,,,,,,,1,2,3,1.0,3.0
201000037991,0010-08-24 13:15:00,10,8,24,13,15,590,90,PERRIN (AVENUE JEAN),,,Plein jour,En agglomération,Hors intersection,Normale,Deux véhicules - arrière,,,,,,,,,,,1,2,1,1.0,2.0
201000037992,0010-08-28 16:30:00,10,8,28,16,30,590,599,ROUGE (RUE DE LA CROIX),,,Plein jour,En agglomération,Intersection en T,Normale,Deux véhicules - côté,,,,,,,,,,,1,2,3,1.0,3.0
201000037993,0010-09-02 10:55:00,10,9,2,10,55,590,421,"123, BART (RUE JEAN)",,,Plein jour,En agglomération,Hors intersection,Normale,Autre collision,,,,,,,,,,,1,2,1,1.0,6.0
201000037994,0010-09-03 12:25:00,10,9,3,12,25,590,599,"1, BERTHELOT (CHAUSSEE M",,,Plein jour,En agglomération,Hors intersection,Normale,Sans collision,,,,,,,,,,,1,2,1,1.0,7.0
201000037995,0010-09-05 20:55:00,10,9,5,20,55,590,352,VISCOURT (RUE),,,Plein jour,En agglomération,Hors intersection,Normale,Autre collision,,,,,,,,,,,1,2,1,1.0,6.0
201000037996,0010-09-06 01:45:00,10,9,6,1,45,590,508,"117, DRONCKAERT (RUE DU)",,,Nuit avec éclairage allumé,En agglomération,Hors intersection,Normale,Autre collision,,,,,,,,,,,5,2,1,1.0,6.0
201000037997,0010-09-07 15:30:00,10,9,7,15,30,590,279,"47, LILLE (RUE DE)",,,Plein jour,En agglomération,Hors intersection,Normale,Autre collision,,,,,,,,,,,1,2,1,1.0,6.0
201000037998,0010-09-09 17:40:00,10,9,9,17,40,590,599,"V A VIS 79, HENAUX (RUE",,,Plein jour,En agglomération,Hors intersection,Normale,Deux véhicules - côté,,,,,,,,,,,1,2,1,1.0,3.0
201000037999,0010-09-09 18:45:00,10,9,9,18,45,590,599,"73, ORIONS (RUE DES)",,,Plein jour,En agglomération,Autre intersection,Normale,Autre collision,,,,,,,,,,,1,2,9,1.0,6.0