accident_id,datetime,annee,mois,jour,heure,minute,departement,commune_insee,adresse,latitude,longitude,luminosite,agglomeration,intersection,meteo,collision,nb_vehicules,nb_usagers,nb_indemnes,nb_tues,nb_blesses_hosp,nb_blesses_legers,age_cond_1,age_cond_2,veh_type_cond_1,veh_type_cond_2,lum_code,agg_code,int_code,atm_code,col_code
201000038000,0010-09-14 13:40:00,10,9,14,13,40,590,352,GAVRE (CHEMIN),,,Plein jour,En agglomération,Intersection en X,Normale,Trois véhicules et plus - collisions multiples,,,,,,,,,,,1,2,2,1.0,5.0
201000038001,0010-09-15 19:15:00,10,9,15,19,15,590,599,"42, CALVAIRE (RUE DU)",,,Plein jour,En agglomération,Hors intersection,Normale,Autre collision,,,,,,,,,,,1,2,1,1.0,6.0
201000038002,0010-09-16 12:50:00,10,9,16,12,50,590,599,"134, GAND (RUE DE)",,,Plein jour,En agglomération,Intersection en T,Pluie légère,Deux véhicules - arrière,,,,,,,,,,,1,2,3,2.0,2.0
201000038003,0010-09-20 10:30:00,10,9,20,10,30,590,599,"187, GAMBETTA (BOULEVARD",,,Plein jour,En agglomération,Intersection en T,Temps éblouissant,Autre collision,,,,,,,,,,,1,2,3,7.0,6.0
201000038004,0010-09-20 15:00:00,10,9,20,15,0,590,599,MARNE (AVENUE DE LA),,,Plein jour,En agglomération,Hors intersection,Normale,Autre collision,,,,,,,,,,,1,2,1,1.0,6.0
201000038005,0010-09-21 23:00:00,10,9,21,23,0,590,599,", PARIS (RUE DE)",,,Nuit avec éclairage allumé,En agglomération,Intersection en X,Normale,Deux véhicules - côté,,,,,,,,,,,5,2,2,1.0,3.0
201000038006,0010-09-23 18:10:00,10,9,23,18,10,590,599,FAIDHERBE (RUE ),,,Plein jour,En agglomération,Hors intersection,Normale,Trois véhicules et plus - en chaîne,,,,,,,,,,,1,2,1,1.0,4.0
201000038007,0010-09-23 16:30:00,10,9,23,16,30,590,599,BRUN PAIN (RUE DU),,,Plein jour,En agglomération,Hors intersection,Normale,Autre collision,,,,,,,,,,,1,2,1,1.0,6.0
201000038008,0010-09-29 08:10:00,10,9,29,8,10,590,599,"126, ANVERS (RUE D')",,,Plein jour,En agglomération,Hors intersection,Normale,Autre collision,,,,,,,,,,,1,2,1,1.0,6.0
201000038009,0010-10-01 21:00:00,10,10,1,21,0,590,599,TOSSEE (rue de la),,,Nuit avec éclairage allumé,En agglomération,Hors intersection,Pluie forte,Deux véhicules - frontale,,,,,,,,,,,5,2,1,3.0,1.0
201000038010,0010-10-04 13:50:00,10,10,4,13,50,590,152,"02, LINSELLES (RUE DE)",,,Plein jour,En agglomération,Hors intersection,Normale,Sans collision,,,,,,,,,,,1,2,1,1.0,7.0
201000038011,0010-10-05 15:20:00,10,10,5,15,20,590,599,CHOCQUEEL (RUE WINOC),,,Plein jour,En agglomération,Intersection en X,Normale,Deux véhicules - côté,,,,,,,,,,,1,2,2,1.0,3.0
201000038012,0010-10-08 09:20:00,10,10,8,9,20,590,599,"109, TOSSEE (RUE DE LA)",,,Plein jour,En agglomération,Hors intersection,Normale,Deux véhicules - côté,,,,,,,,,,,1,2,1,1.0,3.0
201000038013,0010-10-09 05:35:00,10,10,9,5,35,590,279,LYS (rue de la ),,,Nuit avec éclairage allumé,En agglomération,Intersection en T,Normale,Deux véhicules - côté,,,,,,,,,,,5,2,3,1.0,3.0
201000038014,0010-10-09 18:00:00,10,10,9,18,0,590,599,", WATT (CHAUSSEE)",,,Plein jour,En agglomération,Hors intersection,Normale,Autre collision,,,,,,,,,,,1,2,1,1.0,6.0
201000038015,0010-10-10 15:20:00,10,10,10,15,20,590,279,"987, LINSELLES (ROUTE DE",,,Plein jour,Hors agglomération,Hors intersection,Normale,Sans collision,,,,,,,,,,,1,1,1,1.0,7.0
201000038016,0010-10-13 07:55:00,10,10,13,7,55,590,90,GAULLE (AVENUE DU GENERA,,,Plein jour,En agglomération,Hors intersection,Normale,Autre collision,,,,,,,,,,,1,2,1,1.0,6.0
201000038017,0010-10-18 21:00:00,10,10,18,21,0,590,426,voie de raccordement,,,Nuit sans éclairage public,Hors agglomération,Intersection en X,Normale,Deux véhicules - côté,,,,,,,,,,,3,1,2,1.0,3.0
201000038018,0010-10-23 19:40:00,10,10,23,19,40,590,279,LINSELLES (ROUTE DE),,,Nuit avec éclairage allumé,En agglomération,Giratoire,Pluie légère,Deux véhicules - arrière,,,,,,,,,,,5,2,6,2.0,2.0
201000038019,0010-10-23 20:40:00,10,10,23,20,40,590,279,LINSELLES ROUTE DE,,,Nuit sans éclairage public,En agglomération,Hors intersection,Pluie légère,Deux véhicules - arrière,,,,,,,,,,,3,2,1,2.0,2.0
201000038020,0010-11-04 15:30:00,10,11,4,15,30,590,599,", URSULINES (RUE DES)",,,Plein jour,En agglomération,Intersection en T,Autre,Autre collision,,,,,,,,,,,1,2,3,9.0,6.0
201000038021,0010-11-09 13:45:00,10,11,9,13,45,590,421,ROUBAIX RUE DE,,,Plein jour,En agglomération,Intersection en X,Pluie légère,Deux véhicules - frontale,,,,,,,,,,,1,2,2,2.0,1.0
201000038022,0010-11-09 17:00:00,10,11,9,17,0,590,90,BEAU SEJOUR CHEMIN DU,,,Nuit avec éclairage allumé,Hors agglomération,Giratoire,Pluie légère,Deux véhicules - côté,,,,,,,,,,,5,1,6,2.0,3.0
201000038023,0010-11-09 17:25:00,10,11,9,17,25,590,599,HALLUIN (BOULEVARD D'),,,Nuit avec éclairage allumé,En agglomération,Intersection en X,Pluie légère,Autre collision,,,,,,,,,,,5,2,2,2.0,6.0
201000038024,0010-10-25 21:15:00,10,10,25,21,15,590,599,"22, FRESNOY (RUE DU)",,,Nuit avec éclairage allumé,En agglomération,Hors intersection,Temps couvert,Sans collision,,,,,,,,,,,5,2,1,8.0,7.0
201000038025,0010-11-16 15:15:00,10,11,16,15,15,590,279,NOLLET (RUE MARTHE),,,Plein jour,En agglomération,Hors intersection,Brouillard / fumée,Autre collision,,,,,,,,,,,1,2,1,5.0,6.0
201000038026,0010-11-20 17:35:00,10,11,20,17,35,590,599,"36, MOUVAUX (RUE DE)",,,Nuit avec éclairage allumé,En agglomération,Hors intersection,Normale,Deux véhicules - côté,,,,,,,,,,,5,2,1,1.0,3.0
201000038027,0010-11-21 02:25:00,10,11,21,2,25,590,599,"105, MARLIERE RUE DE LA",,,Nuit avec éclairage allumé,En agglomération,Autre intersection,Normale,Autre collision,,,,,,,,,,,5,2,9,1.0,6.0
201000038028,0010-11-26 17:30:00,10,11,26,17,30,590,599,"40, MOUVAUX (RUE DE)",,,Nuit avec éclairage allumé,En agglomération,Hors intersection,Pluie légère,Autre collision,,,,,,,,,,,5,2,1,2.0,6.0
201000038029,0010-12-06 20:15:00,10,12,6,20,15,590,90,GAULLE (AVENUE DU GENERA,,,Nuit avec éclairage allumé,En agglomération,Hors intersection,Autre,Sans collision,,,,,,,,,,,5,2,1,9.0,7.0
201000038030,0010-12-11 07:30:00,10,12,11,7,30,590,599,"292, GAMBETTA (BOULEVARD",,,Crépuscule ou aube,En agglomération,Hors intersection,Normale,Autre collision,,,,,,,,,,,2,2,1,1.0,6.0
201000038031,0010-12-11 08:35:00,10,12,11,8,35,590,599,INGRES RUE,,,Crépuscule ou aube,En agglomération,Intersection en T,Normale,Sans collision,,,,,,,,,,,2,2,3,1.0,7.0
201000038032,0010-12-11 17:10:00,10,12,11,17,10,590,599,"165, GAND RUE DE",,,Nuit avec éclairage allumé,En agglomération,Hors intersection,Normale,Autre collision,,,,,,,,,,,5,2,1,1.0,6.0
201000038033,0010-12-10 11:30:00,10,12,10,11,30,590,606,"14, VAUBAN AVENUE",,,Plein jour,En agglomération,Hors intersection,Normale,Autre collision,,,,,,,,,,,1,2,1,1.0,6.0
201000038034,0010-12-18 01:55:00,10,12,18,1,55,590,544,RD 935 N,,,Nuit sans éclairage public,En agglomération,Hors intersection,Neige / grêle,Deux véhicules - frontale,,,,,,,,,,,3,2,1,4.0,1.0
201000038035,0010-01-03 16:10:00,10,1,3,16,10,590,459,"00, A23 sens Valencienne",,,Plein jour,Hors agglomération,Hors intersection,Normale,Trois véhicules et plus - en chaîne,,,,,,,,,,,1,1,1,1.0,4.0
201000038036,0010-01-08 11:55:00,10,1,8,11,55,590,112,"38, JAURES (RUE JEAN)",,,Plein jour,En agglomération,Hors intersection,Normale,Autre collision,,,,,,,,,,,1,2,1,1.0,6.0
201000038037,0010-01-08 20:15:00,10,1,8,20,15,590,491,CORBEAU (RUE),,,Nuit avec éclairage allumé,En agglomération,Hors intersection,Normale,Autre collision,,,,,,,,,,,5,2,1,1.0,6.0
201000038038,0010-07-07 18:20:00,10,7,7,18,20,590,544,"00, RD 75",,,Plein jour,En agglomération,Intersection en X,Normale,Autre collision,,,,,,,,,,,1,2,2,1.0,6.0
201000038039,0010-01-09 20:50:00,10,1,9,20,50,590,447,RD 935 N,,,Nuit avec éclairage allumé,Hors agglomération,Hors intersection,Temps couvert,Autre collision,,,,,,,,,,,5,1,1,8.0,6.0
201000038040,0010-10-09 09:35:00,10,10,9,9,35,590,606,"0, QUAI DES MINES",,,Plein jour,En agglomération,Intersection en X,Normale,Deux véhicules - côté,,,,,,,,,,,1,2,2,1.0,3.0
201000038041,0010-12-05 18:15:00,10,12,5,18,15,590,491,"222, DURRE RUE HENRI",,,Nuit avec éclairage allumé,En agglomération,Hors intersection,Normale,Autre collision,,,,,,,,,,,5,2,1,1.0,6.0
201000038042,0010-12-18 15:00:00,10,12,18,15,0,590,14,"88, BEAULIEUX (RUE DU SO",,,Plein jour,En agglomération,Hors intersection,Neige / grêle,Deux véhicules - frontale,,,,,,,,,,,1,2,1,4.0,1.0
201000038043,0010-11-16 08:10:00,10,11,16,8,10,590,606,"0, POMPIDOU (AVENUE GEOR",,,Plein jour,En agglomération,Hors intersection,Normale,Trois véhicules et plus - en chaîne,,,,,,,,,,,1,2,1,1.0,4.0
201000038044,0010-01-18 12:45:00,10,1,18,12,45,590,606,"32, ST-AMAND (AVENUE DE)",,,Plein jour,En agglomération,Hors intersection,Normale,Sans collision,,,,,,,,,,,1,2,1,1.0,7.0
201000038045,0010-01-28 12:10:00,10,1,28,12,10,590,606,MAGALOTTI (RUE),,,Plein jour,En agglomération,Hors intersection,Temps couvert,Autre collision,,,,,,,,,,,1,2,1,8.0,6.0
201000038046,0010-01-28 19:35:00,10,1,28,19,35,590,491,DUSART (RUE LEOPOLD),,,Nuit avec éclairage allumé,Hors agglomération,Hors intersection,Normale,Deux véhicules - frontale,,,,,,,,,,,5,1,1,1.0,1.0
201000038047,0010-01-30 18:35:00,10,1,30,18,35,590,606,HARPIGNIES (BOULEVARD HE,,,Nuit avec éclairage allumé,En agglomération,Intersection en X,Normale,Autre collision,,,,,,,,,,,5,2,2,1.0,6.0
201000038048,0010-02-01 13:15:00,10,2,1,13,15,590,112,"87, ZOLA (RUE EMILE)",,,Plein jour,En agglomération,Hors intersection,Normale,Deux véhicules - côté,,,,,,,,,,,1,2,1,1.0,3.0
201000038049,0010-02-09 14:00:00,10,2,9,14,0,590,112,"145, JAURES (RUE JEAN)",,,Plein jour,En agglomération,Hors intersection,Normale,Autre collision,,,,,,,,,,,1,2,1,1.0,6.0
201000038050,0010-02-20 05:30:00,10,2,20,5,30,590,112,"57, HUGO (RUE VICTOR)",,,Nuit avec éclairage non allumé,En agglomération,Hors intersection,Normale,Deux véhicules - arrière,,,,,,,,,,,4,2,1,1.0,2.0
201000038051,0010-02-19 15:10:00,10,2,19,15,10,590,14,MATHIEU (RUE PIERRE),,,Plein jour,En agglomération,Intersection en X,Normale,Deux véhicules - côté,,,,,,,,,,,1,2,2,1.0,3.0
201000038052,0010-02-18 10:50:00,10,2,18,10,50,590,14,PAIX (RUE DE LA),,,Plein jour,En agglomération,Intersection en T,Normale,Autre collision,,,,,,,,,,,1,2,3,1.0,6.0
201000038053,0010-01-30 20:10:00,10,1,30,20,10,590,79,"25, ONZE NOVEMBRE (PLACE",,,Nuit avec éclairage allumé,En agglomération,Intersection en T,Normale,Autre collision,,,,,,,,,,,5,2,3,1.0,6.0
201000038054,0010-02-28 22:15:00,10,2,28,22,15,590,447,"133, JAURES (RUE JEAN)",,,Nuit avec éclairage allumé,En agglomération,Intersection en T,Normale,Deux véhicules - frontale,,,,,,,,,,,5,2,3,1.0,1.0
201000038055,0010-02-14 10:00:00,10,2,14,10,0,590,484,"43, VALERIANI (RUE)",,,Plein jour,En agglomération,Hors intersection,Normale,Autre collision,,,,,,,,,,,1,2,1,1.0,6.0
201000038056,0010-03-07 22:00:00,10,3,7,22,0,590,459,MITTERAND (François rue),,,Plein jour,En agglomération,Hors intersection,Normale,Deux véhicules - frontale,,,,,,,,,,,1,2,1,1.0,1.0
201000038057,0010-03-07 15:35:00,10,3,7,15,35,590,14,", JAURES (RUE JEAN)",,,Plein jour,En agglomération,Hors intersection,Normale,Autre collision,,,,,,,,,,,1,2,1,1.0,6.0
201000038058,0010-03-06 10:00:00,10,3,6,10,0,590,557,"11, WUILLONS (CHEMIN DES",,,Plein jour,En agglomération,Hors intersection,Normale,Autre collision,,,,,,,,,,,1,2,1,1.0,6.0
201000038059,0010-03-17 14:00:00,10,3,17,14,0,590,484,"67, MERMOZ (RUE JEAN)",,,Plein jour,En agglomération,Hors intersection,Normale,Autre collision,,,,,,,,,,,1,2,1,1.0,6.0
201000038060,0010-03-17 21:00:00,10,3,17,21,0,590,544,"161, JAURES (RUE JEAN)",,,Nuit avec éclairage allumé,En agglomération,Intersection en T,Normale,Autre collision,,,,,,,,,,,5,2,3,1.0,6.0
201000038061,0010-03-15 06:55:00,10,3,15,6,55,590,606,LOMPREZ (RUE),,,Plein jour,En agglomération,Hors intersection,Normale,Deux véhicules - côté,,,,,,,,,,,1,2,1,1.0,3.0
201000038062,0010-01-27 13:50:00,10,1,27,13,50,590,207,"110, JAURES (RUE JEAN)",,,Plein jour,En agglomération,Hors intersection,Normale,Deux véhicules - côté,,,,,,,,,,,1,2,1,1.0,3.0
201000038063,0010-03-10 17:10:00,10,3,10,17,10,590,491,", SALENGRO (RUE ROGER)",,,Plein jour,En agglomération,Intersection en T,Normale,Autre collision,,,,,,,,,,,1,2,3,1.0,6.0
201000038064,0010-02-27 18:20:00,10,2,27,18,20,590,14,"41, DURRE (RUE HENRI)",,,Nuit avec éclairage allumé,En agglomération,Hors intersection,Pluie légère,Autre collision,,,,,,,,,,,5,2,1,2.0,6.0
201000038065,0010-03-31 22:30:00,10,3,31,22,30,590,606,"140, DENAIN (AVENUE DE)",,,Nuit avec éclairage allumé,En agglomération,Hors intersection,Normale,Deux véhicules - arrière,,,,,,,,,,,5,2,1,1.0,2.0
201000038066,0010-04-09 16:30:00,10,4,9,16,30,590,544,"22, BARBUSSE (RUE HENRI)",,,Plein jour,En agglomération,Hors intersection,Normale,Autre collision,,,,,,,,,,,1,2,1,1.0,6.0
201000038067,0010-03-26 22:30:00,10,3,26,22,30,590,479,RD 50,,,Nuit sans éclairage public,Hors agglomération,Hors intersection,Pluie légère,Autre collision,,,,,,,,,,,3,1,1,2.0,6.0
201000038068,0010-03-18 19:15:00,10,3,18,19,15,590,606,"32, CONDE (AVENUE DE)",,,Nuit avec éclairage allumé,En agglomération,Hors intersection,Normale,Deux véhicules - côté,,,,,,,,,,,5,2,1,1.0,3.0
201000038069,0010-04-16 16:20:00,10,4,16,16,20,590,207,RD 935 N,,,Plein jour,En agglomération,Intersection en T,Normale,Autre collision,,,,,,,,,,,1,2,3,1.0,6.0
201000038070,0010-04-21 13:30:00,10,4,21,13,30,590,606,MILHOMME (RUE),,,Plein jour,En agglomération,Intersection en X,Normale,Deux véhicules - côté,,,,,,,,,,,1,2,2,1.0,3.0
201000038071,0010-04-24 20:00:00,10,4,24,20,0,590,606,"24, INTENDANCE (RUE DE L",,,Plein jour,En agglomération,Hors intersection,Normale,Autre collision,,,,,,,,,,,1,2,1,1.0,6.0
201000038072,0010-04-06 11:45:00,10,4,6,11,45,590,14,CITE PROPRE (voie dite),,,Plein jour,En agglomération,Intersection en X,Normale,Autre collision,,,,,,,,,,,1,2,2,1.0,6.0
201000038073,0010-04-30 19:05:00,10,4,30,19,5,590,369,"24C, FRANCE (RUE ANATOLE",,,Plein jour,En agglomération,Hors intersection,Normale,Autre collision,,,,,,,,,,,1,2,1,1.0,6.0
201000038074,0010-04-23 17:00:00,10,4,23,17,0,590,606,DENTELLIERES (AVENUE DES,,,Plein jour,En agglomération,Hors intersection,Normale,Deux véhicules - côté,,,,,,,,,,,1,2,1,1.0,3.0
201000038075,0010-04-29 17:00:00,10,4,29,17,0,590,606,VILLARS (PONT),,,Plein jour,En agglomération,Hors intersection,Normale,Deux véhicules - arrière,,,,,,,,,,,1,2,1,1.0,2.0
201000038076,0010-05-10 17:30:00,10,5,10,17,30,590,14,"176, JAURES (RUE JEAN)",,,Plein jour,En agglomération,Hors intersection,Normale,Deux véhicules - côté,,,,,,,,,,,1,2,1,1.0,3.0
201000038077,0010-05-15 14:30:00,10,5,15,14,30,590,606,POMPIDOU (AVENUE GEORGES,,,Plein jour,Hors agglomération,Hors intersection,Normale,Trois véhicules et plus - en chaîne,,,,,,,,,,,1,1,1,1.0,4.0
201000038078,0010-03-03 16:10:00,10,3,3,16,10,590,606,"53, ST-AMAND (AVENUE DE)",,,Plein jour,En agglomération,Hors intersection,Normale,Deux véhicules - arrière,,,,,,,,,,,1,2,1,1.0,2.0
201000038079,0010-05-04 15:50:00,10,5,4,15,50,590,564,Sortie A2 Station Total,,,Plein jour,Hors agglomération,Intersection en Y,Normale,Deux véhicules - côté,,,,,,,,,,,1,1,4,1.0,3.0
201000038080,0010-05-20 21:00:00,10,5,20,21,0,590,606,LOMPREZ (RUE),,,Crépuscule ou aube,En agglomération,Intersection en X,Normale,Autre collision,,,,,,,,,,,2,2,2,1.0,6.0
201000038081,0010-05-25 14:00:00,10,5,25,14,0,590,606,BEAUNEVEU (BOULEVARD),,,Plein jour,En agglomération,Intersection en T,Normale,Deux véhicules - côté,,,,,,,,,,,1,2,3,1.0,3.0
201000038082,0010-05-27 16:15:00,10,5,27,16,15,590,14,REPUBLIQUE (SQUARE DE LA,,,Plein jour,En agglomération,Intersection en T,Normale,Deux véhicules - côté,,,,,,,,,,,1,2,3,1.0,3.0
201000038083,0010-06-01 16:00:00,10,6,1,16,0,590,606,"222, LOMPREZ (RUE)",,,Plein jour,En agglomération,Hors intersection,Normale,Autre collision,,,,,,,,,,,1,2,1,1.0,6.0
201000038084,0010-04-30 16:15:00,10,4,30,16,15,590,544,RD 75,,,Plein jour,Hors agglomération,Intersection en X,Normale,Deux véhicules - côté,,,,,,,,,,,1,1,2,1.0,3.0
201000038085,0010-05-01 18:15:00,10,5,1,18,15,590,369,PATURETTES (AVENUE DES),,,Plein jour,En agglomération,Intersection en X,Normale,Deux véhicules - arrière,,,,,,,,,,,1,2,2,1.0,2.0
201000038086,0010-04-13 17:10:00,10,4,13,17,10,590,447,JAURES (RUE JEAN),,,Plein jour,En agglomération,Intersection en X,Normale,Deux véhicules - côté,,,,,,,,,,,1,2,2,1.0,3.0
201000038087,0010-06-05 01:20:00,10,6,5,1,20,590,484,NEUMANS (RUE GILLES),,,Nuit avec éclairage allumé,En agglomération,Intersection en X,Normale,Deux véhicules - côté,,,,,,,,,,,5,2,2,1.0,3.0
201000038088,0010-06-09 17:50:00,10,6,9,17,50,590,459,"00, 19 MARS 1962",,,Plein jour,En agglomération,Intersection en T,Pluie forte,Deux véhicules - côté,,,,,,,,,,,1,2,3,3.0,3.0
201000038089,0010-05-29 12:20:00,10,5,29,12,20,590,606,"08, INCAS (RUE DES)",,,Plein jour,En agglomération,Hors intersection,Normale,Deux véhicules - côté,,,,,,,,,,,1,2,1,1.0,3.0
201000038090,0010-06-05 08:20:00,10,6,5,8,20,590,606,MACAREZ (RUE ERNEST),,,Plein jour,En agglomération,Hors intersection,Normale,Autre collision,,,,,,,,,,,1,2,1,1.0,6.0
201000038091,0010-03-21 07:40:00,10,3,21,7,40,590,447,"155, JAURES (RUE JEAN)",,,Crépuscule ou aube,En agglomération,Hors intersection,Normale,Deux véhicules - arrière,,,,,,,,,,,2,2,1,1.0,2.0
201000038092,0010-06-09 14:05:00,10,6,9,14,5,590,32,PONT (RUE DU),,,Plein jour,En agglomération,Intersection en X,Normale,Deux véhicules - côté,,,,,,,,,,,1,2,2,1.0,3.0
201000038093,0010-06-01 09:05:00,10,6,1,9,5,590,32,MATISSE (AVENUE HENRI),,,Plein jour,En agglomération,Hors intersection,Normale,Deux véhicules - côté,,,,,,,,,,,1,2,1,1.0,3.0
201000038094,0010-05-17 17:15:00,10,5,17,17,15,590,112,"435, JAURES (RUE JEAN)",,,Plein jour,En agglomération,Hors intersection,Normale,Deux véhicules - côté,,,,,,,,,,,1,2,1,1.0,3.0
201000038095,0010-06-11 22:45:00,10,6,11,22,45,590,515,"1, PRISE D'EAU (LIEU-DIT",,,Nuit avec éclairage allumé,En agglomération,Hors intersection,Normale,Autre collision,,,,,,,,,,,5,2,1,1.0,6.0
201000038096,0010-06-10 18:10:00,10,6,10,18,10,590,606,"19, ARMES (PLACE D')",,,Plein jour,En agglomération,Hors intersection,Normale,Autre collision,,,,,,,,,,,1,2,1,1.0,6.0
201000038097,0010-06-16 21:15:00,10,6,16,21,15,590,14,"64, BEAULIEUX (RUE DU SO",,,Crépuscule ou aube,En agglomération,Hors intersection,Normale,Autre collision,,,,,,,,,,,2,2,1,1.0,6.0
201000038098,0010-06-09 17:00:00,10,6,9,17,0,590,491,"227, DURRE (RUE HENRI)",,,Plein jour,En agglomération,Hors intersection,Normale,Autre collision,,,,,,,,,,,1,2,1,1.0,6.0
201000038099,0010-06-19 15:45:00,10,6,19,15,45,590,207,"110, JAURES (RUE JEAN)",,,Plein jour,En agglomération,Hors intersection,Normale,Deux véhicules - arrière,,,,,,,,,,,1,2,1,1.0,2.0
201000038100,0010-04-01 06:50:00,10,4,1,6,50,590,383,RD 75,,,Crépuscule ou aube,En agglomération,Intersection en X,Pluie forte,Deux véhicules - côté,,,,,,,,,,,2,2,2,3.0,3.0
201000038101,0010-06-02 16:30:00,10,6,2,16,30,590,606,"22, LIEGE (AVENUE DE)",,,Plein jour,En agglomération,Hors intersection,Normale,Autre collision,,,,,,,,,,,1,2,1,1.0,6.0
201000038102,0010-06-18 15:40:00,10,6,18,15,40,590,484,"11, QUESNOY (RUE DU)",,,Plein jour,En agglomération,Hors intersection,Normale,Deux véhicules - côté,,,,,,,,,,,1,2,1,1.0,3.0
201000038103,0010-05-20 17:00:00,10,5,20,17,0,590,14,"54, FRANCE (AVENUE ANATO",,,Plein jour,En agglomération,Hors intersection,Normale,Deux véhicules - côté,,,,,,,,,,,1,2,1,1.0,3.0
201000038104,0010-06-26 13:35:00,10,6,26,13,35,590,606,"26, AMSTERDAM (AVENUE D'",,,Plein jour,En agglomération,Hors intersection,Normale,Autre collision,,,,,,,,,,,1,2,1,1.0,6.0
201000038105,0010-06-23 23:40:00,10,6,23,23,40,590,544,"00, RD 935 N",,,Nuit sans éclairage public,Hors agglomération,Hors intersection,Normale,Autre collision,,,,,,,,,,,3,1,1,1.0,6.0
201000038106,0010-07-20 13:40:00,10,7,20,13,40,590,606,"100, BOURGEOIS (CHEMIN D",,,Plein jour,En agglomération,Intersection en T,Normale,Deux véhicules - arrière,,,,,,,,,,,1,2,3,1.0,2.0
201000038107,0010-07-30 20:00:00,10,7,30,20,0,590,112,"283, JAURES (RUE JEAN)",,,Plein jour,En agglomération,Hors intersection,Normale,Autre collision,,,,,,,,,,,1,2,1,1.0,6.0
201000038108,0010-08-01 11:20:00,10,8,1,11,20,590,79,"00, MORTUAIRE (RUE GEORG",,,Plein jour,En agglomération,Intersection en T,Normale,Autre collision,,,,,,,,,,,1,2,3,1.0,6.0
201000038109,0010-06-11 17:45:00,10,6,11,17,45,590,383,"174, BARBUSSE (AVENUE HE",,,Plein jour,En agglomération,Hors intersection,Normale,Autre collision,,,,,,,,,,,1,2,1,1.0,6.0
201000038110,0010-06-21 08:15:00,10,6,21,8,15,590,14,ANZIN (CROIX D'),,,Plein jour,En agglomération,Giratoire,Normale,Deux véhicules - côté,,,,,,,,,,,1,2,6,1.0,3.0
201000038111,0010-06-22 08:45:00,10,6,22,8,45,590,491,"00, DURRE (RUE HENRI)",,,Plein jour,En agglomération,Hors intersection,Normale,Autre collision,,,,,,,,,,,1,2,1,1.0,6.0
201000038112,0010-07-08 14:20:00,10,7,8,14,20,590,207,"00, CIMETIERE (RUE DU VI",,,Plein jour,En agglomération,Intersection en X,Normale,Deux véhicules - côté,,,,,,,,,,,1,2,2,1.0,3.0
201000038113,0010-07-21 22:10:00,10,7,21,22,10,590,606,"00, HARPIGNIES (BOULEVAR",,,Nuit avec éclairage allumé,En agglomération,Hors intersection,Pluie légère,Autre collision,,,,,,,,,,,5,2,1,2.0,6.0
201000038114,0010-07-02 09:45:00,10,7,2,9,45,590,606,BOURGEOIS (CHEMIN DES),,,Plein jour,En agglomération,Intersection en T,Normale,Autre collision,,,,,,,,,,,1,2,3,1.0,6.0
201000038115,0010-07-09 17:05:00,10,7,9,17,5,590,606,"00, MAGALOTTI (RUE)",,,Plein jour,En agglomération,Giratoire,Autre,Deux véhicules - côté,,,,,,,,,,,1,2,6,9.0,3.0
201000038116,0010-07-10 08:25:00,10,7,10,8,25,590,544,"1387, ROLEUR (RUE DU)",,,Plein jour,En agglomération,Hors intersection,Normale,Deux véhicules - côté,,,,,,,,,,,1,2,1,1.0,3.0
201000038117,0010-07-13 17:00:00,10,7,13,17,0,590,544,"00, EUROPE (AVENUE DE L'",,,Plein jour,En agglomération,Hors intersection,Normale,Autre collision,,,,,,,,,,,1,2,1,1.0,6.0
201000038118,0010-07-08 17:10:00,10,7,8,17,10,590,14,"0,0, ANZIN (CROIX D')",,,Plein jour,En agglomération,Giratoire,Normale,Deux véhicules - côté,,,,,,,,,,,1,2,6,1.0,3.0
201000038119,0010-07-13 08:50:00,10,7,13,8,50,590,606,"00, DESANDROUIN (AV) - S",,,Plein jour,En agglomération,Hors intersection,Normale,Deux véhicules - côté,,,,,,,,,,,1,2,1,1.0,3.0
201000038120,0010-07-09 16:45:00,10,7,9,16,45,590,383,"46, BARBUSSE (AVENUE HEN",,,Plein jour,En agglomération,Hors intersection,Normale,Autre collision,,,,,,,,,,,1,2,1,1.0,6.0
201000038121,0010-07-28 14:05:00,10,7,28,14,5,590,613,"00, RD 935 N",,,Plein jour,Hors agglomération,Hors intersection,Normale,Deux véhicules - arrière,,,,,,,,,,,1,1,1,1.0,2.0
201000038122,0010-08-06 16:00:00,10,8,6,16,0,590,447,"00, ZONE INDUSTRIELLE N°",,,Plein jour,Hors agglomération,Hors intersection,Normale,Autre collision,,,,,,,,,,,1,1,1,1.0,6.0
201000038123,0010-08-10 00:50:00,10,8,10,0,50,590,479,"15, FERRY (RUE JULES)",,,Nuit avec éclairage allumé,En agglomération,Hors intersection,Normale,Autre collision,,,,,,,,,,,5,2,1,1.0,6.0
201000038124,0010-08-11 10:30:00,10,8,11,10,30,590,459,"527, LELEU (rue Yves)",,,Plein jour,En agglomération,Hors intersection,Normale,Deux véhicules - frontale,,,,,,,,,,,1,2,1,1.0,1.0
201000038125,0010-08-11 10:15:00,10,8,11,10,15,590,564,"330, DELORY (RUE GUSTAVE",,,Plein jour,En agglomération,Hors intersection,Normale,Autre collision,,,,,,,,,,,1,2,1,1.0,6.0
201000038126,0010-08-05 17:10:00,10,8,5,17,10,590,491,"370, DURRE (RUE HENRI)",,,Plein jour,En agglomération,Hors intersection,Normale,Autre collision,,,,,,,,,,,1,2,1,1.0,6.0