accident_id,datetime,annee,mois,jour,heure,minute,departement,commune_insee,adresse,latitude,longitude,luminosite,agglomeration,intersection,meteo,collision,nb_vehicules,nb_usagers,nb_indemnes,nb_tues,nb_blesses_hosp,nb_blesses_legers,age_cond_1,age_cond_2,veh_type_cond_1,veh_type_cond_2,lum_code,agg_code,int_code,atm_code,col_code
201000038127,0010-09-01 19:00:00,10,9,1,19,0,590,79,"29, ONZE NOVEMBRE (PLACE",,,Plein jour,En agglomération,Hors intersection,Normale,Autre collision,,,,,,,,,,,1,2,1,1.0,6.0
201000038128,0010-09-09 19:57:00,10,9,9,19,57,590,484,"25, JAURES (AVENUE JEAN)",,,Crépuscule ou aube,En agglomération,Hors intersection,Normale,Deux véhicules - frontale,,,,,,,,,,,2,2,1,1.0,1.0
201000038129,0010-09-10 19:15:00,10,9,10,19,15,590,14,"10, VAILLANT (RUE EDOUAR",,,Plein jour,En agglomération,Hors intersection,Normale,Autre collision,,,,,,,,,,,1,2,1,1.0,6.0
201000038130,0010-09-20 14:25:00,10,9,20,14,25,590,606,"0.00, LIEGE (AVENUE DE)",,,Plein jour,En agglomération,Hors intersection,Normale,Deux véhicules - côté,,,,,,,,,,,1,2,1,1.0,3.0
201000038131,0010-07-30 17:25:00,10,7,30,17,25,590,79,"115, MICHEL (RUE GUSTAVE",,,Plein jour,En agglomération,Hors intersection,Normale,Deux véhicules - côté,,,,,,,,,,,1,2,1,1.0,3.0
201000038132,0010-08-31 20:20:00,10,8,31,20,20,590,14,"27, FRANCE (AVENUE ANATO",,,Plein jour,En agglomération,Passage à niveau,Normale,Trois véhicules et plus - en chaîne,,,,,,,,,,,1,2,8,1.0,4.0
201000038133,0010-09-05 18:55:00,10,9,5,18,55,590,207,"118, JAURES (RUE JEAN)",,,Plein jour,En agglomération,Hors intersection,Normale,Autre collision,,,,,,,,,,,1,2,1,1.0,6.0
201000038134,0010-10-02 03:05:00,10,10,2,3,5,590,606,"39, DENAIN (AVENUE DE)",,,Nuit avec éclairage allumé,En agglomération,Intersection en T,Normale,Autre collision,,,,,,,,,,,5,2,3,1.0,6.0
201000038135,0010-09-24 09:20:00,10,9,24,9,20,590,479,"24, JAURES (AVENUE JEAN)",,,Plein jour,En agglomération,Hors intersection,Normale,Autre collision,,,,,,,,,,,1,2,1,1.0,6.0
201000038136,0010-09-01 17:00:00,10,9,1,17,0,590,383,"0.00, DIX NEUF MARS 1962",,,Plein jour,En agglomération,Hors intersection,Normale,Deux véhicules - côté,,,,,,,,,,,1,2,1,1.0,3.0
201000038137,0010-10-03 01:35:00,10,10,3,1,35,590,606,"36, VAUBAN (AVENUE)",,,Nuit avec éclairage allumé,En agglomération,Hors intersection,Normale,Autre collision,,,,,,,,,,,5,2,1,1.0,6.0
201000038138,0010-09-03 18:00:00,10,9,3,18,0,590,447,"0.00, PARMENTIER (RUE)",,,Plein jour,Hors agglomération,Hors intersection,Normale,Deux véhicules - arrière,,,,,,,,,,,1,1,1,1.0,2.0
201000038139,0010-10-06 17:35:00,10,10,6,17,35,590,606,"0.00, SALY (BOULEVARD)",,,Plein jour,En agglomération,Hors intersection,Normale,Trois véhicules et plus - en chaîne,,,,,,,,,,,1,2,1,1.0,4.0
201000038140,0010-08-13 09:45:00,10,8,13,9,45,590,14,"55, HUGO (RUE VICTOR)",,,Plein jour,En agglomération,Hors intersection,Normale,Autre collision,,,,,,,,,,,1,2,1,1.0,6.0
201000038141,0010-09-30 12:25:00,10,9,30,12,25,590,606,"0.00, TARGETTE (RUE DE L",,,Plein jour,En agglomération,Hors intersection,Normale,Deux véhicules - côté,,,,,,,,,,,1,2,1,1.0,3.0
201000038142,0010-09-30 18:25:00,10,9,30,18,25,590,606,"71, WATTEAU (BOULEVARD)",,,Plein jour,En agglomération,Hors intersection,Normale,Deux véhicules - côté,,,,,,,,,,,1,2,1,1.0,3.0
201000038143,0010-10-08 18:55:00,10,10,8,18,55,590,606,"203, DENAIN (AVENUE DE)",,,Plein jour,En agglomération,Hors intersection,Normale,Deux véhicules - arrière,,,,,,,,,,,1,2,1,1.0,2.0
201000038144,0010-10-14 07:50:00,10,10,14,7,50,590,606,"0.00, DAMPIERRE (AVENUE)",,,Crépuscule ou aube,En agglomération,Hors intersection,Normale,Deux véhicules - côté,,,,,,,,,,,2,2,1,1.0,3.0
201000038145,0010-10-19 18:15:00,10,10,19,18,15,590,544,"193, JAURES (RUE JEAN)",,,Nuit avec éclairage allumé,En agglomération,Hors intersection,Normale,Autre collision,,,,,,,,,,,5,2,1,1.0,6.0
201000038146,0010-10-22 16:05:00,10,10,22,16,5,590,14,"106, FRANCE (AVENUE ANAT",,,Plein jour,En agglomération,Hors intersection,Normale,Autre collision,,,,,,,,,,,1,2,1,1.0,6.0
201000038147,0010-10-31 03:45:00,10,10,31,3,45,590,14,"3, MOYAUX (RUE)",,,Nuit avec éclairage allumé,En agglomération,Hors intersection,Normale,Autre collision,,,,,,,,,,,5,2,1,1.0,6.0
201000038148,0010-10-13 13:50:00,10,10,13,13,50,590,606,"0,00, DESANDROUIN (AV) -",,,Plein jour,En agglomération,Hors intersection,Normale,Deux véhicules - arrière,,,,,,,,,,,1,2,1,1.0,2.0
201000038149,0010-10-20 15:15:00,10,10,20,15,15,590,606,"0,00, VILLARS (PONT)",,,Plein jour,En agglomération,Hors intersection,Normale,Autre collision,,,,,,,,,,,1,2,1,1.0,6.0
201000038150,0010-09-27 17:05:00,10,9,27,17,5,590,606,"0,00, HORNE (AVENUE GENE",,,Plein jour,En agglomération,Hors intersection,Normale,Deux véhicules - côté,,,,,,,,,,,1,2,1,1.0,3.0
201000038151,0010-10-30 21:15:00,10,10,30,21,15,590,613,"0, RD 50",,,Nuit sans éclairage public,Hors agglomération,Hors intersection,Normale,Autre collision,,,,,,,,,,,3,1,1,1.0,6.0
201000038152,0010-10-27 18:35:00,10,10,27,18,35,590,79,"185, JAURES RUE JEAN",,,Nuit avec éclairage allumé,En agglomération,Hors intersection,Normale,Autre collision,,,,,,,,,,,5,2,1,1.0,6.0
201000038153,0010-11-15 22:10:00,10,11,15,22,10,590,606,"0, LOMPREZ (RUE)",,,Nuit avec éclairage allumé,En agglomération,Hors intersection,Pluie légère,Autre collision,,,,,,,,,,,5,2,1,2.0,6.0
201000038154,0010-11-04 08:30:00,10,11,4,8,30,590,475,"4, GARE (RUE DE LA)",,,Plein jour,En agglomération,Hors intersection,Normale,Deux véhicules - frontale,,,,,,,,,,,1,2,1,1.0,1.0
201000038155,0010-11-03 06:55:00,10,11,3,6,55,590,564,"0,00, RN 30",,,Crépuscule ou aube,Hors agglomération,Hors intersection,Normale,Deux véhicules - côté,,,,,,,,,,,2,1,1,1.0,3.0
201000038156,0010-11-09 18:45:00,10,11,9,18,45,590,479,"221, JAURES (AVENUE JEAN",,,Nuit avec éclairage allumé,En agglomération,Hors intersection,Normale,Deux véhicules - côté,,,,,,,,,,,5,2,1,1.0,3.0
201000038157,0010-11-15 00:30:00,10,11,15,0,30,590,603,"0, RD 59",,,Nuit avec éclairage allumé,En agglomération,Hors intersection,Normale,Autre collision,,,,,,,,,,,5,2,1,1.0,6.0
201000038158,0010-11-09 18:25:00,10,11,9,18,25,590,447,"360, JAURES (RUE JEAN)",,,Crépuscule ou aube,En agglomération,Hors intersection,Pluie forte,Autre collision,,,,,,,,,,,2,2,1,3.0,6.0
201000038159,0010-11-10 17:55:00,10,11,10,17,55,590,606,"0, REIMS (AVENUE DE)",,,Nuit avec éclairage allumé,En agglomération,Intersection en T,Normale,Deux véhicules - côté,,,,,,,,,,,5,2,3,1.0,3.0
201000038160,0010-11-16 17:30:00,10,11,16,17,30,590,14,"325, FRANCE (AVENUE ANAT",,,Crépuscule ou aube,En agglomération,Hors intersection,Brouillard / fumée,Autre collision,,,,,,,,,,,2,2,1,5.0,6.0
201000038161,0010-10-09 12:15:00,10,10,9,12,15,590,606,"0.0, DUPONCHEL (RUE)",,,Plein jour,En agglomération,Intersection en T,Normale,Autre collision,,,,,,,,,,,1,2,3,1.0,6.0
201000038162,0010-12-11 01:30:00,10,12,11,1,30,590,606,"0, PARIS (RUE DU FAUBOUR",,,Nuit avec éclairage allumé,En agglomération,Hors intersection,Normale,Deux véhicules - frontale,,,,,,,,,,,5,2,1,1.0,1.0
201000038163,0010-12-09 19:10:00,10,12,9,19,10,590,491,"379, DURRE RUE HENRI",,,Nuit avec éclairage allumé,En agglomération,Hors intersection,Normale,Autre collision,,,,,,,,,,,5,2,1,1.0,6.0
201000038164,0010-12-14 11:00:00,10,12,14,11,0,590,491,DURRE (RUE HENRI),,,Plein jour,En agglomération,Hors intersection,Normale,Autre collision,,,,,,,,,,,1,2,1,1.0,6.0
201000038165,0010-12-08 18:45:00,10,12,8,18,45,590,112,"389, JAURES RUE JEAN",,,Nuit avec éclairage allumé,En agglomération,Hors intersection,Autre,Autre collision,,,,,,,,,,,5,2,1,9.0,6.0
201000038166,0010-01-21 15:15:00,10,1,21,15,15,600,57,"9, JEANNE D'ARC (RUE)",,,Plein jour,En agglomération,Hors intersection,Normale,Autre collision,,,,,,,,,,,1,2,1,1.0,6.0
201000038167,0010-01-29 08:20:00,10,1,29,8,20,600,57,SAINT JUST EN CHAUSSEE (,,,Crépuscule ou aube,En agglomération,Intersection en X,Pluie légère,Deux véhicules - côté,,,,,,,,,,,2,2,2,2.0,3.0
201000038168,0010-02-16 13:50:00,10,2,16,13,50,600,57,EUROPE (AVENUE DE L'),,,Plein jour,En agglomération,Hors intersection,Normale,Autre collision,,,,,,,,,,,1,2,1,1.0,6.0
201000038169,0010-03-10 13:02:00,10,3,10,13,2,600,57,ROUEN (ROUTE DE),,,Plein jour,En agglomération,Hors intersection,Normale,Autre collision,,,,,,,,,,,1,2,1,1.0,6.0
201000038170,0010-05-01 00:45:00,10,5,1,0,45,600,57,FAUBOURG SAINT JEAN (RUE,,,Nuit sans éclairage public,En agglomération,Hors intersection,Normale,Sans collision,,,,,,,,,,,3,2,1,1.0,7.0
201000038171,0010-05-09 07:00:00,10,5,9,7,0,600,57,VILLERS SAINT LUCIEN (RU,,,Plein jour,Hors agglomération,Hors intersection,Normale,Sans collision,,,,,,,,,,,1,1,1,1.0,7.0
201000038172,0010-05-22 23:35:00,10,5,22,23,35,600,57,KENNEDY J.F. (AV) > RUE,,,Nuit sans éclairage public,En agglomération,Hors intersection,Normale,Deux véhicules - côté,,,,,,,,,,,3,2,1,1.0,3.0
201000038173,0010-07-29 11:20:00,10,7,29,11,20,600,57,JEAN DE LIGNIERES (RUE),,,Plein jour,En agglomération,Hors intersection,Normale,Autre collision,,,,,,,,,,,1,2,1,1.0,6.0
201000038174,0010-08-05 23:05:00,10,8,5,23,5,600,57,DE GAULLE GENERAL (BOULE,,,Nuit avec éclairage allumé,En agglomération,Hors intersection,Normale,Autre collision,,,,,,,,,,,5,2,1,1.0,6.0
201000038175,0010-08-30 11:50:00,10,8,30,11,50,600,57,"88, SAVIGNIES (RUE DE) A",,,Plein jour,En agglomération,Intersection en T,Normale,Deux véhicules - côté,,,,,,,,,,,1,2,3,1.0,3.0
201000038176,0010-09-06 17:10:00,10,9,6,17,10,600,57,"3, SENECHAL VEUVE (RUE)",,,Plein jour,En agglomération,Hors intersection,Normale,Autre collision,,,,,,,,,,,1,2,1,1.0,6.0
201000038177,0010-10-05 12:10:00,10,10,5,12,10,600,57,"31, ASSAUT (BOULEVARD DE",,,Plein jour,En agglomération,Hors intersection,Normale,Deux véhicules - côté,,,,,,,,,,,1,2,1,1.0,3.0
201000038178,0010-10-07 13:50:00,10,10,7,13,50,600,57,Chemin noir,,,Plein jour,En agglomération,Hors intersection,Normale,Autre collision,,,,,,,,,,,1,2,1,1.0,6.0
201000038179,0010-10-24 11:30:00,10,10,24,11,30,600,57,RD 901,,,Plein jour,Hors agglomération,Hors intersection,Autre,Sans collision,,,,,,,,,,,1,1,1,9.0,7.0
201000038180,0010-11-02 13:55:00,10,11,2,13,55,600,57,DASSAULT MARCEL (IMPAIR),,,Plein jour,En agglomération,Hors intersection,Normale,Autre collision,,,,,,,,,,,1,2,1,1.0,6.0
201000038181,0010-11-08 11:30:00,10,11,8,11,30,600,57,"1, JEAN ROSTAND (AVENUE)",,,Plein jour,En agglomération,Hors intersection,Normale,Autre collision,,,,,,,,,,,1,2,1,1.0,6.0
201000038182,0010-01-04 13:00:00,10,1,4,13,0,600,159,ANCIEN HOPITAL (Place de,,,Plein jour,En agglomération,Giratoire,Temps éblouissant,Autre collision,,,,,,,,,,,1,2,6,7.0,6.0
201000038183,0010-01-18 20:20:00,10,1,18,20,20,600,159,"5 BIS, SABLONS (DES)",,,Nuit avec éclairage allumé,En agglomération,Hors intersection,Normale,Deux véhicules - côté,,,,,,,,,,,5,2,1,1.0,3.0
201000038184,0010-01-26 10:30:00,10,1,26,10,30,600,159,"05, NOTRE DAME DE BON SE",,,Plein jour,En agglomération,Intersection en X,Normale,Deux véhicules - arrière,,,,,,,,,,,1,2,2,1.0,2.0
201000038185,0010-02-20 15:20:00,10,2,20,15,20,600,159,"23, SAINT-LAZARE",,,Plein jour,En agglomération,Intersection en T,Normale,Deux véhicules - côté,,,,,,,,,,,1,2,3,1.0,3.0
201000038186,0010-02-22 17:40:00,10,2,22,17,40,600,159,DANIELOU (RP-GUY),,,Plein jour,En agglomération,Giratoire,Normale,Deux véhicules - côté,,,,,,,,,,,1,2,6,1.0,3.0
201000038187,0010-02-25 18:15:00,10,2,25,18,15,600,159,"24, SOUS-PREFECTURE (DE",,,Plein jour,En agglomération,Intersection en T,Normale,Deux véhicules - côté,,,,,,,,,,,1,2,3,1.0,3.0
201000038188,0010-03-06 10:40:00,10,3,6,10,40,600,665,Rue des métiers,,,Plein jour,Hors agglomération,Hors intersection,Normale,Deux véhicules - côté,,,,,,,,,,,1,1,1,1.0,3.0
201000038189,0010-03-09 14:50:00,10,3,9,14,50,600,382,"117, BUTIN (AV. OCTAVE)",,,Plein jour,En agglomération,Hors intersection,Normale,Deux véhicules - côté,,,,,,,,,,,1,2,1,1.0,3.0
201000038190,0010-03-11 13:25:00,10,3,11,13,25,600,159,"33, GUYNEMER (COURS)",,,Plein jour,En agglomération,Hors intersection,Normale,Autre collision,,,,,,,,,,,1,2,1,1.0,6.0
201000038191,0010-03-13 22:00:00,10,3,13,22,0,600,665,LECLERC,,,Nuit avec éclairage allumé,Hors agglomération,Hors intersection,Normale,Autre collision,,,,,,,,,,,5,1,1,1.0,6.0
201000038192,0010-03-15 15:25:00,10,3,15,15,25,600,159,CURIE (AV. PIERRE ET MAR,,,Plein jour,En agglomération,Intersection en X,Normale,Deux véhicules - arrière,,,,,,,,,,,1,2,2,1.0,2.0
201000038193,0010-03-15 14:00:00,10,3,15,14,0,600,159,WEYGAND (AV. DU GENERAL),,,Plein jour,En agglomération,Intersection en X,Normale,Deux véhicules - côté,,,,,,,,,,,1,2,2,1.0,3.0
201000038194,0010-03-22 17:25:00,10,3,22,17,25,600,159,"15, ETATS-UNIS (BOULEVAR",,,Plein jour,En agglomération,Hors intersection,Normale,Autre collision,,,,,,,,,,,1,2,1,1.0,6.0
201000038195,0010-03-19 19:15:00,10,3,19,19,15,600,159,RD 932 A,,,Crépuscule ou aube,Hors agglomération,Hors intersection,Normale,Autre collision,,,,,,,,,,,2,1,1,1.0,6.0
201000038196,0010-03-23 18:05:00,10,3,23,18,5,600,159,RN 131,,,Plein jour,Hors agglomération,Hors intersection,Normale,Sans collision,,,,,,,,,,,1,1,1,1.0,7.0
201000038197,0010-04-22 13:10:00,10,4,22,13,10,600,159,"136, ETATS-UNIS (BOULEVA",,,Plein jour,En agglomération,Intersection en T,Normale,Trois véhicules et plus - en chaîne,,,,,,,,,,,1,2,3,1.0,4.0
201000038198,0010-04-22 14:05:00,10,4,22,14,5,600,159,"08, SAINT-JACQUES (PLACE",,,Plein jour,En agglomération,Place,Normale,Autre collision,,,,,,,,,,,1,2,7,1.0,6.0
201000038199,0010-04-22 17:50:00,10,4,22,17,50,600,382,"1059, REPUBLIQUE (DE LA)",,,Plein jour,En agglomération,Place,Normale,Deux véhicules - côté,,,,,,,,,,,1,2,7,1.0,3.0
201000038200,0010-04-23 17:35:00,10,4,23,17,35,600,382,"309, POINCARE (AV. RAYMO",,,Plein jour,En agglomération,Hors intersection,Normale,Deux véhicules - côté,,,,,,,,,,,1,2,1,1.0,3.0
201000038201,0010-05-14 17:25:00,10,5,14,17,25,600,159,D 973,,,Plein jour,Hors agglomération,Hors intersection,Normale,Deux véhicules - arrière,,,,,,,,,,,1,1,1,1.0,2.0
201000038202,0010-05-17 15:00:00,10,5,17,15,0,600,159,"06, CLAUX (FRANCOIS)",,,Plein jour,En agglomération,Hors intersection,Normale,Autre collision,,,,,,,,,,,1,2,1,1.0,6.0
201000038203,0010-05-18 08:20:00,10,5,18,8,20,600,159,VERMANDOIS (AV. DU),,,Plein jour,Hors agglomération,Hors intersection,Normale,Autre collision,,,,,,,,,,,1,1,1,1.0,6.0
201000038204,0010-05-12 13:55:00,10,5,12,13,55,600,159,25E- R.G.A. (AV. DU),,,Plein jour,Hors agglomération,Hors intersection,Normale,Trois véhicules et plus - collisions multiples,,,,,,,,,,,1,1,1,1.0,5.0
201000038205,0010-05-20 15:00:00,10,5,20,15,0,600,159,MERCIERES (CARREFOUR DE),,,Plein jour,Hors agglomération,Giratoire,Normale,Deux véhicules - arrière,,,,,,,,,,,1,1,6,1.0,2.0
201000038206,0010-06-13 05:15:00,10,6,13,5,15,600,159,"01, SOISSONS (DE)",,,Crépuscule ou aube,En agglomération,Place,Normale,Autre collision,,,,,,,,,,,2,2,7,1.0,6.0
201000038207,0010-06-11 09:35:00,10,6,11,9,35,600,159,ABBAYE (CARREFOUR DE L'),,,Plein jour,Hors agglomération,Giratoire,Normale,Deux véhicules - arrière,,,,,,,,,,,1,1,6,1.0,2.0
201000038208,0010-06-22 09:10:00,10,6,22,9,10,600,382,"110, BUTIN (AV. OCTAVE)",,,Plein jour,En agglomération,Hors intersection,Normale,Autre collision,,,,,,,,,,,1,2,1,1.0,6.0
201000038209,0010-06-23 18:35:00,10,6,23,18,35,600,159,"01, DU PALAIS (PL)",,,Plein jour,En agglomération,Hors intersection,Normale,Sans collision,,,,,,,,,,,1,2,1,1.0,7.0
201000038210,0010-06-19 13:20:00,10,6,19,13,20,600,159,DELATTRE DE TASSIGNY (AV,,,Plein jour,En agglomération,Intersection en T,Normale,Deux véhicules - côté,,,,,,,,,,,1,2,3,1.0,3.0
201000038211,0010-06-29 18:40:00,10,6,29,18,40,600,665,1 ère ARMEE (Boulevard d,,,Plein jour,En agglomération,Place,Normale,Autre collision,,,,,,,,,,,1,2,7,1.0,6.0
201000038212,0010-07-18 19:00:00,10,7,18,19,0,600,159,RN 1031,,,Plein jour,Hors agglomération,Hors intersection,Normale,Sans collision,,,,,,,,,,,1,1,1,1.0,7.0
201000038213,0010-08-12 15:20:00,10,8,12,15,20,600,382,POINCARE (AV. RAYMOND),,,Plein jour,En agglomération,Hors intersection,Normale,Deux véhicules - arrière,,,,,,,,,,,1,2,1,1.0,2.0
201000038214,0010-09-01 13:50:00,10,9,1,13,50,600,159,NATIONS-UNIS (CARREFOUR,,,Plein jour,En agglomération,Giratoire,Normale,Deux véhicules - côté,,,,,,,,,,,1,2,6,1.0,3.0
201000038215,0010-09-01 17:20:00,10,9,1,17,20,600,159,MONGE (GASPARD),,,Plein jour,Hors agglomération,Hors intersection,Normale,Autre collision,,,,,,,,,,,1,1,1,1.0,6.0
201000038216,0010-09-13 09:55:00,10,9,13,9,55,600,159,"36, GAMBETTA (BD)",,,Plein jour,En agglomération,Hors intersection,Normale,Autre collision,,,,,,,,,,,1,2,1,1.0,6.0
201000038217,0010-09-17 18:55:00,10,9,17,18,55,600,159,"11, LUMIERE (DES FRERES)",,,Plein jour,En agglomération,Hors intersection,Temps éblouissant,Deux véhicules - côté,,,,,,,,,,,1,2,1,7.0,3.0
201000038218,0010-09-23 13:00:00,10,9,23,13,0,600,325,Avenue Jean Moulin,,,Plein jour,Hors agglomération,Giratoire,Normale,Deux véhicules - arrière,,,,,,,,,,,1,1,6,1.0,2.0
201000038219,0010-09-25 15:50:00,10,9,25,15,50,600,159,"17/19, CHANGE (PLACE DU)",,,Plein jour,En agglomération,Hors intersection,Normale,Autre collision,,,,,,,,,,,1,2,1,1.0,6.0
201000038220,0010-10-02 15:40:00,10,10,2,15,40,600,159,Route Nationale 31,,,Plein jour,Hors agglomération,Hors intersection,Pluie légère,Sans collision,,,,,,,,,,,1,1,1,2.0,7.0
201000038221,0010-10-08 16:20:00,10,10,8,16,20,600,159,"30, AUSTERLITZ (D')",,,Plein jour,En agglomération,Hors intersection,Normale,Autre collision,,,,,,,,,,,1,2,1,1.0,6.0
201000038222,0010-10-15 07:30:00,10,10,15,7,30,600,159,"139, PARIS (DE)",,,Crépuscule ou aube,En agglomération,Hors intersection,Normale,Autre collision,,,,,,,,,,,2,2,1,1.0,6.0
201000038223,0010-10-30 18:55:00,10,10,30,18,55,600,159,SAINT-JOSEPH,,,Nuit avec éclairage allumé,En agglomération,Hors intersection,Normale,Autre collision,,,,,,,,,,,5,2,1,1.0,6.0
201000038224,0010-11-03 10:40:00,10,11,3,10,40,600,159,"33, GUYNEMER (COURS)",,,Plein jour,En agglomération,Hors intersection,Normale,Autre collision,,,,,,,,,,,1,2,1,1.0,6.0
201000038225,0010-11-05 14:20:00,10,11,5,14,20,600,159,25E- R.G.A. (AV. DU),,,Plein jour,Hors agglomération,Hors intersection,Normale,Autre collision,,,,,,,,,,,1,1,1,1.0,6.0
201000038226,0010-11-16 14:30:00,10,11,16,14,30,600,159,LEBESGUE (PHILEAS),,,Plein jour,En agglomération,Hors intersection,Brouillard / fumée,Autre collision,,,,,,,,,,,1,2,1,5.0,6.0
201000038227,0010-11-16 09:10:00,10,11,16,9,10,600,665,RN 1031,,,Plein jour,Hors agglomération,Hors intersection,Brouillard / fumée,Deux véhicules - arrière,,,,,,,,,,,1,1,1,5.0,2.0
201000038228,0010-11-27 17:55:00,10,11,27,17,55,600,665,RN 1031,,,Crépuscule ou aube,Hors agglomération,Hors intersection,Autre,Trois véhicules et plus - en chaîne,,,,,,,,,,,2,1,1,9.0,4.0
201000038229,0010-12-11 17:05:00,10,12,11,17,5,600,382,POINCARE (AV. RAYMOND),,,Plein jour,En agglomération,Intersection en T,Normale,Deux véhicules - côté,,,,,,,,,,,1,2,3,1.0,3.0
201000038230,0010-12-11 17:05:00,10,12,11,17,5,600,159,D 973,,,Plein jour,Hors agglomération,Hors intersection,Normale,Deux véhicules - frontale,,,,,,,,,,,1,1,1,1.0,1.0
201000038231,0010-01-07 08:40:00,10,1,7,8,40,600,463,"89, GAMBETTA (RUE)",,,Plein jour,En agglomération,Hors intersection,Temps couvert,Sans collision,,,,,,,,,,,1,2,1,8.0,7.0
201000038232,0010-01-17 23:55:00,10,1,17,23,55,600,175,"5, MAUPASSANT (RUE GUY D",,,Nuit avec éclairage allumé,En agglomération,Hors intersection,Normale,Sans collision,,,,,,,,,,,5,2,1,1.0,7.0
201000038233,0010-01-21 16:20:00,10,1,21,16,20,600,684,"26, MORTEFONTAINE (RUE)",,,Plein jour,En agglomération,Hors intersection,Normale,Deux véhicules - arrière,,,,,,,,,,,1,2,1,1.0,2.0
201000038234,0010-01-24 18:25:00,10,1,24,18,25,600,175,RD 201_PONT DE L'OISE_AP,,,Nuit sans éclairage public,Hors agglomération,Hors intersection,Normale,Deux véhicules - frontale,,,,,,,,,,,3,1,1,1.0,1.0
201000038235,0010-01-24 01:25:00,10,1,24,1,25,600,175,RN 16_PONT RN 330_PONT Z,,,Nuit sans éclairage public,Hors agglomération,Hors intersection,Normale,Deux véhicules - arrière,,,,,,,,,,,3,1,1,1.0,2.0
201000038236,0010-02-27 11:40:00,10,2,27,11,40,600,175,GAMBETTA (RUE),,,Crépuscule ou aube,En agglomération,Hors intersection,Normale,Sans collision,,,,,,,,,,,2,2,1,1.0,7.0
201000038237,0010-03-05 10:40:00,10,3,5,10,40,600,601,NERVAL (RUE GERARD DE),,,Plein jour,En agglomération,Intersection en T,Normale,Deux véhicules - côté,,,,,,,,,,,1,2,3,1.0,3.0
201000038238,0010-04-29 16:55:00,10,4,29,16,55,600,463,HERRIOT (RUE EDOUARD),,,Plein jour,En agglomération,Hors intersection,Normale,Sans collision,,,,,,,,,,,1,2,1,1.0,7.0
201000038239,0010-04-30 18:15:00,10,4,30,18,15,600,601,JAURES (RUE JEAN),,,Plein jour,En agglomération,Hors intersection,Normale,Trois véhicules et plus - collisions multiples,,,,,,,,,,,1,2,1,1.0,5.0
201000038240,0010-05-05 14:10:00,10,5,5,14,10,600,175,REPUBLIQUE (RUE DE LA),,,Plein jour,En agglomération,Hors intersection,Normale,Autre collision,,,,,,,,,,,1,2,1,1.0,6.0
201000038241,0010-05-19 08:20:00,10,5,19,8,20,600,463,RD 200_CARREFOUR FAIDHER,,,Plein jour,Hors agglomération,Hors intersection,Normale,Autre collision,,,,,,,,,,,1,1,1,1.0,6.0
201000038242,0010-05-21 22:00:00,10,5,21,22,0,600,175,JAURES (RUE JEAN),,,Nuit avec éclairage allumé,En agglomération,Intersection en T,Normale,Trois véhicules et plus - collisions multiples,,,,,,,,,,,5,2,3,1.0,5.0
201000038243,0010-05-22 14:25:00,10,5,22,14,25,600,175,DUNANT (RUE HENRI),,,Plein jour,En agglomération,Intersection en X,Normale,Deux véhicules - côté,,,,,,,,,,,1,2,2,1.0,3.0
201000038244,0010-05-30 18:30:00,10,5,30,18,30,600,414,HUGO (RUE VICTOR),,,Plein jour,En agglomération,Hors intersection,Normale,Autre collision,,,,,,,,,,,1,2,1,1.0,6.0
201000038245,0010-06-02 14:25:00,10,6,2,14,25,600,463,GAMBETTA (RUE),,,Plein jour,En agglomération,Autre intersection,Normale,Deux véhicules - arrière,,,,,,,,,,,1,2,9,1.0,2.0
201000038246,0010-06-05 23:40:00,10,6,5,23,40,600,175,MOULIN A VENT (AVENUE DU,,,Nuit avec éclairage allumé,En agglomération,Hors intersection,Normale,Autre collision,,,,,,,,,,,5,2,1,1.0,6.0
201000038247,0010-06-08 17:10:00,10,6,8,17,10,600,684,BRIAND (RUE ARISTIDE)_NO,,,Plein jour,En agglomération,Hors intersection,Normale,Deux véhicules - côté,,,,,,,,,,,1,2,1,1.0,3.0
201000038248,0010-06-28 16:05:00,10,6,28,16,5,600,175,GAMBETTA (RUE),,,Plein jour,En agglomération,Giratoire,Normale,Deux véhicules - côté,,,,,,,,,,,1,2,6,1.0,3.0
201000038249,0010-08-15 17:00:00,10,8,15,17,0,600,414,ZOLA (RUE EMILE),,,Plein jour,En agglomération,Hors intersection,Pluie légère,Deux véhicules - frontale,,,,,,,,,,,1,2,1,2.0,1.0
201000038250,0010-11-06 14:20:00,10,11,6,14,20,600,175,"640, TREMBLAY (AVENUE DU",,,Plein jour,En agglomération,Intersection en T,Pluie légère,Autre collision,,,,,,,,,,,1,2,3,2.0,6.0
201000038251,0010-06-06 22:00:00,10,6,6,22,0,600,463,EUROPE (AVENUE DE L'),,,Nuit avec éclairage allumé,En agglomération,Hors intersection,Normale,Deux véhicules - frontale,,,,,,,,,,,5,2,1,1.0,1.0
201000038252,0010-06-05 14:15:00,10,6,5,14,15,600,175,GENERAL DE GAULLE (PLACE,,,Plein jour,En agglomération,Hors intersection,Normale,Autre collision,,,,,,,,,,,1,2,1,1.0,6.0
201000038253,0010-07-06 08:00:00,10,7,6,8,0,600,175,RD200,,,Plein jour,En agglomération,Hors intersection,Normale,Trois véhicules et plus - collisions multiples,,,,,,,,,,,1,2,1,1.0,5.0
201000038254,0010-08-09 14:50:00,10,8,9,14,50,600,175,"12, REPUBLIQUE (RUE DE L",,,Plein jour,En agglomération,Hors intersection,Normale,Autre collision,,,,,,,,,,,1,2,1,1.0,6.0
201000038255,0010-08-24 12:24:00,10,8,24,12,24,600,175,BELLEVUE (ALLEE),,,Plein jour,En agglomération,Hors intersection,Normale,Deux véhicules - frontale,,,,,,,,,,,1,2,1,1.0,1.0