accident_id,datetime,annee,mois,jour,heure,minute,departement,commune_insee,adresse,latitude,longitude,luminosite,agglomeration,intersection,meteo,collision,nb_vehicules,nb_usagers,nb_indemnes,nb_tues,nb_blesses_hosp,nb_blesses_legers,age_cond_1,age_cond_2,veh_type_cond_1,veh_type_cond_2,lum_code,agg_code,int_code,atm_code,col_code
201000038256,0010-09-06 16:05:00,10,9,6,16,5,600,175,RD 200,,,Plein jour,Hors agglomération,Hors intersection,Pluie légère,Deux véhicules - frontale,,,,,,,,,,,1,1,1,2.0,1.0
201000038257,0010-09-17 02:45:00,10,9,17,2,45,600,175,RD 200,,,Nuit avec éclairage allumé,Hors agglomération,Hors intersection,Normale,Sans collision,,,,,,,,,,,5,1,1,1.0,7.0
201000038258,0010-09-12 17:35:00,10,9,12,17,35,600,463,FAIDHERBE (RUE),,,Plein jour,En agglomération,Hors intersection,Normale,Deux véhicules - côté,,,,,,,,,,,1,2,1,1.0,3.0
201000038259,0010-09-25 18:20:00,10,9,25,18,20,600,414,CROIZAT (AVENUE AMBROISE,,,Plein jour,En agglomération,Hors intersection,Normale,Sans collision,,,,,,,,,,,1,2,1,1.0,7.0
201000038260,0010-09-24 20:55:00,10,9,24,20,55,600,463,SAINT-EXUPERY (RUE DE),,,Nuit sans éclairage public,En agglomération,Autre intersection,Pluie légère,Autre collision,,,,,,,,,,,3,2,9,2.0,6.0
201000038261,0010-10-02 15:30:00,10,10,2,15,30,600,414,ROLLAND (RUE ROMAIN),,,Plein jour,En agglomération,Intersection en T,Pluie légère,Deux véhicules - côté,,,,,,,,,,,1,2,3,2.0,3.0
201000038262,0010-10-02 15:00:00,10,10,2,15,0,600,175,"65, BOURSIER (RUE)",,,Plein jour,En agglomération,Hors intersection,Pluie légère,Autre collision,,,,,,,,,,,1,2,1,2.0,6.0
201000038263,0010-10-30 01:05:00,10,10,30,1,5,600,463,RD 200,,,Nuit sans éclairage public,Hors agglomération,Hors intersection,Pluie légère,Deux véhicules - arrière,,,,,,,,,,,3,1,1,2.0,2.0
201000038264,0010-11-10 12:55:00,10,11,10,12,55,600,463,SEMARD (RUE PIERRE)_EST,,,Plein jour,En agglomération,Hors intersection,Pluie légère,Autre collision,,,,,,,,,,,1,2,1,2.0,6.0
201000038265,0010-11-17 19:00:00,10,11,17,19,0,600,175,ALLENDE (BOULEVARD SALVA,,,Nuit avec éclairage allumé,En agglomération,Intersection en T,Normale,Autre collision,,,,,,,,,,,5,2,3,1.0,6.0
201000038266,0010-11-14 18:30:00,10,11,14,18,30,600,175,RD1016_SORTIE,,,Nuit avec éclairage allumé,Hors agglomération,Hors intersection,Normale,Deux véhicules - arrière,,,,,,,,,,,5,1,1,1.0,2.0
201000038267,0010-02-10 07:50:00,10,2,10,7,50,610,1,"38, AV RHIN ET DANUBE",48.4179,0.09942,Plein jour,En agglomération,Hors intersection,Temps couvert,Deux véhicules - côté,,,,,,,,,,,1,2,1,8.0,3.0
201000038268,0010-03-07 19:15:00,10,3,7,19,15,610,1,BD COLBERT X RUE BREBIET,48.4343,0.07617,Crépuscule ou aube,En agglomération,Intersection en T,Normale,Deux véhicules - côté,,,,,,,,,,,2,2,3,1.0,3.0
201000038269,0010-03-08 11:25:00,10,3,8,11,25,610,1,RUE CAZAULT X BAILLEUL,,,Plein jour,En agglomération,Intersection en X,Normale,Deux véhicules - côté,,,,,,,,,,,1,2,2,1.0,3.0
201000038270,0010-03-23 07:45:00,10,3,23,7,45,610,1,RUE CL BERNARD X CURIE,,,Plein jour,En agglomération,Giratoire,Temps couvert,Deux véhicules - côté,,,,,,,,,,,1,2,6,8.0,3.0
201000038271,0010-03-25 12:55:00,10,3,25,12,55,610,1,RUE CL BERNARD X CURIE,,,Plein jour,En agglomération,Giratoire,Temps couvert,Deux véhicules - côté,,,,,,,,,,,1,2,6,8.0,3.0
201000038272,0010-03-28 05:10:00,10,3,28,5,10,610,117,"21, ALPES MANCELLES",,,Nuit avec éclairage allumé,En agglomération,Hors intersection,Normale,Deux véhicules - côté,,,,,,,,,,,5,2,1,1.0,3.0
201000038273,0010-03-28 20:05:00,10,3,28,20,5,610,1,CHEMIN HT ECLAIR X COROT,,,Nuit avec éclairage allumé,En agglomération,Intersection en T,Normale,Sans collision,,,,,,,,,,,5,2,3,1.0,7.0
201000038274,0010-04-17 15:30:00,10,4,17,15,30,610,1,KOUTIALA X VILLENEUVE,48.4278,0.07494,Plein jour,En agglomération,Intersection en X,Normale,Deux véhicules - côté,,,,,,,,,,,1,2,2,1.0,3.0
201000038275,0010-05-25 13:15:00,10,5,25,13,15,610,143,CH MAURE X LAZARE CARNOT,,,Plein jour,En agglomération,Intersection en X,Normale,Sans collision,,,,,,,,,,,1,2,2,1.0,7.0
201000038276,0010-05-31 08:30:00,10,5,31,8,30,610,117,RUE BEAUSEJOUR,48.4303,0.05333,Plein jour,En agglomération,Hors intersection,Normale,Deux véhicules - côté,,,,,,,,,,,1,2,1,1.0,3.0
201000038277,0010-06-06 21:35:00,10,6,6,21,35,610,117,33 RUE D'ALENCON,48.4357,0.04842,Crépuscule ou aube,En agglomération,Hors intersection,Normale,Deux véhicules - frontale,,,,,,,,,,,2,2,1,1.0,1.0
201000038278,0010-06-19 23:55:00,10,6,19,23,55,610,1,137 RUE CAZAULT,,,Nuit avec éclairage allumé,En agglomération,Hors intersection,Normale,Sans collision,,,,,,,,,,,5,2,1,1.0,7.0
201000038279,0010-07-05 16:00:00,10,7,5,16,0,610,1,PLACE DE GAULLE,48.4341,0.09364,Plein jour,En agglomération,Giratoire,Normale,Deux véhicules - côté,,,,,,,,,,,1,2,6,1.0,3.0
201000038280,0010-07-17 19:00:00,10,7,17,19,0,610,1,KOUTIALA  X VILLENEUVE,48.4278,0.07494,Plein jour,En agglomération,Intersection en X,Normale,Deux véhicules - côté,,,,,,,,,,,1,2,2,1.0,3.0
201000038281,0010-07-19 08:45:00,10,7,19,8,45,610,497,,48.4742,0.10533,Plein jour,Hors agglomération,Hors intersection,Normale,Trois véhicules et plus - en chaîne,,,,,,,,,,,1,1,1,1.0,4.0
201000038282,0010-08-21 14:20:00,10,8,21,14,20,610,1,"6, RUE DEMEES",48.4331,0.09435,Plein jour,En agglomération,Hors intersection,Normale,Autre collision,,,,,,,,,,,1,2,1,1.0,6.0
201000038283,0010-08-25 14:50:00,10,8,25,14,50,610,1,"149, BD REPUBLIQUE",48.4232,0.08961,Plein jour,En agglomération,Giratoire,Normale,Deux véhicules - côté,,,,,,,,,,,1,2,6,1.0,3.0
201000038284,0010-09-17 00:15:00,10,9,17,0,15,610,1,LOUIS PASTEUR X MEZEN,,,Nuit avec éclairage allumé,En agglomération,Intersection en X,Normale,Deux véhicules - côté,,,,,,,,,,,5,2,2,1.0,3.0
201000038285,0010-09-16 17:45:00,10,9,16,17,45,610,1,BD REPUBLIQUE X SENATORE,48.4258,0.09194,Plein jour,En agglomération,Intersection en X,Normale,Deux véhicules - côté,,,,,,,,,,,1,2,2,1.0,3.0
201000038286,0010-09-29 20:45:00,10,9,29,20,45,610,497,,48.4555,0.10541,Nuit sans éclairage public,Hors agglomération,Intersection en T,Normale,Deux véhicules - côté,,,,,,,,,,,3,1,3,1.0,3.0
201000038287,0010-10-07 16:20:00,10,10,7,16,20,610,1,"92, AV. GENERAL LECLERC",48.4201,0.08963,Plein jour,En agglomération,Hors intersection,Normale,Deux véhicules - côté,,,,,,,,,,,1,2,1,1.0,3.0
201000038288,0010-10-21 12:35:00,10,10,21,12,35,610,143,CHEMIN DE LA CORNEILLERE,,,Plein jour,Hors agglomération,Hors intersection,Normale,Sans collision,,,,,,,,,,,1,1,1,1.0,7.0
201000038289,0010-11-02 12:30:00,10,11,2,12,30,610,1,LUTHER KING  X GUERAME,,,Plein jour,En agglomération,Intersection en X,Autre,Deux véhicules - côté,,,,,,,,,,,1,2,2,9.0,3.0
201000038290,0010-10-29 19:55:00,10,10,29,19,55,610,1,LUTHER KING X HERTRE,,,Nuit avec éclairage allumé,En agglomération,Intersection en X,Normale,Autre collision,,,,,,,,,,,5,2,2,1.0,6.0
201000038291,0010-11-10 18:00:00,10,11,10,18,0,610,1,"37, RUE DU MANS",,,Nuit avec éclairage allumé,En agglomération,Hors intersection,Normale,Autre collision,,,,,,,,,,,5,2,1,1.0,6.0
201000038292,0010-11-13 23:30:00,10,11,13,23,30,610,1,"20, LIEUTENANT TIROUFLET",,,Nuit avec éclairage allumé,En agglomération,Hors intersection,Pluie forte,Deux véhicules - frontale,,,,,,,,,,,5,2,1,3.0,1.0
201000038293,0010-11-17 19:25:00,10,11,17,19,25,610,397,"69, RUE GENERAL LECLERC",48.4223,0.06616,Nuit avec éclairage allumé,En agglomération,Hors intersection,Pluie légère,Deux véhicules - frontale,,,,,,,,,,,5,2,1,2.0,1.0
201000038294,0010-11-22 22:00:00,10,11,22,22,0,610,117,PARKING MAGASIN CARREFOU,,,Nuit avec éclairage allumé,En agglomération,Hors intersection,Normale,Autre collision,,,,,,,,,,,5,2,1,1.0,6.0
201000038295,0010-11-23 08:15:00,10,11,23,8,15,610,1,"57, RUE LAZARE CARNOT",,,Crépuscule ou aube,En agglomération,Hors intersection,Normale,Deux véhicules - côté,,,,,,,,,,,2,2,1,1.0,3.0
201000038296,0010-11-24 14:50:00,10,11,24,14,50,610,1,RUE CERISE X TIROUFLET,,,Plein jour,En agglomération,Giratoire,Normale,Deux véhicules - côté,,,,,,,,,,,1,2,6,1.0,3.0
201000038297,0010-12-14 16:30:00,10,12,14,16,30,610,1,QUAKENBRUCK X VERDUN,48.4365,0.09929,Plein jour,En agglomération,Intersection en Y,Temps éblouissant,Autre collision,,,,,,,,,,,1,2,4,7.0,6.0
201000038298,0010-12-21 18:50:00,10,12,21,18,50,610,1,RUE CERISE X CURIE,,,Crépuscule ou aube,En agglomération,Intersection en X,Normale,Deux véhicules - côté,,,,,,,,,,,2,2,2,1.0,3.0
201000038299,0010-12-22 14:50:00,10,12,22,14,50,610,117,RD 112  MAGASIN CARREFOU,48.434,0.06029,Plein jour,En agglomération,Intersection en T,Normale,Deux véhicules - côté,,,,,,,,,,,1,2,3,1.0,3.0
201000038300,0010-02-15 08:10:00,10,2,15,8,10,610,6,ROCADE,48.7485,-0.02697,Plein jour,En agglomération,Intersection en X,Normale,Autre collision,,,,,,,,,,,1,2,2,1.0,6.0
201000038301,0010-03-08 12:25:00,10,3,8,12,25,610,6,BOULEVARD EXPANSION,48.7253,-0.01428,Plein jour,En agglomération,Hors intersection,Normale,Autre collision,,,,,,,,,,,1,2,1,1.0,6.0
201000038302,0010-06-13 13:35:00,10,6,13,13,35,610,6,RTE FALAISE  X BERLIOZ,48.7494,-0.02819,Plein jour,En agglomération,Intersection en T,Normale,Deux véhicules - côté,,,,,,,,,,,1,2,3,1.0,3.0
201000038303,0010-06-16 17:10:00,10,6,16,17,10,610,6,RUE DES ANCIENS LAVOIRS,,,Plein jour,En agglomération,Intersection en T,Normale,Deux véhicules - côté,,,,,,,,,,,1,2,3,1.0,3.0
201000038304,0010-07-09 09:40:00,10,7,9,9,40,610,6,"2, RUE PIERRE BEREGOVOY",48.7491,-0.01433,Plein jour,En agglomération,Hors intersection,Normale,Autre collision,,,,,,,,,,,1,2,1,1.0,6.0
201000038305,0010-08-06 14:45:00,10,8,6,14,45,610,6,RTE FALAISE X RUE BERLIO,48.7471,-0.03123,Plein jour,En agglomération,Giratoire,Normale,Deux véhicules - arrière,,,,,,,,,,,1,2,6,1.0,2.0
201000038306,0010-08-31 12:20:00,10,8,31,12,20,610,6,"89, RUE REPUBLIQUE",,,Plein jour,En agglomération,Hors intersection,Normale,Deux véhicules - côté,,,,,,,,,,,1,2,1,1.0,3.0
201000038307,0010-09-09 14:00:00,10,9,9,14,0,610,6,REPUBLIQUE X VENELLE,,,Plein jour,En agglomération,Intersection en T,Normale,Deux véhicules - côté,,,,,,,,,,,1,2,3,1.0,3.0
201000038308,0010-11-19 07:45:00,10,11,19,7,45,610,6,"25, RUE DU COMMERCE",,,Crépuscule ou aube,En agglomération,Hors intersection,Brouillard / fumée,Autre collision,,,,,,,,,,,2,2,1,5.0,6.0
201000038309,0010-11-27 14:55:00,10,11,27,14,55,610,6,"71, RUE ARISTIDE BRIAND",,,Plein jour,En agglomération,Hors intersection,Temps couvert,Autre collision,,,,,,,,,,,1,2,1,8.0,6.0
201000038310,0010-11-30 13:20:00,10,11,30,13,20,610,6,"2, BEREGOVOY (RUE PIERRE",,,Plein jour,En agglomération,Hors intersection,Normale,Autre collision,,,,,,,,,,,1,2,1,1.0,6.0
201000038311,0010-03-19 19:20:00,10,3,19,19,20,610,169,"39, RUE CHAMP DE FOIRE",48.7484,-0.5607,Nuit avec éclairage allumé,En agglomération,Hors intersection,Pluie légère,Autre collision,,,,,,,,,,,5,2,1,2.0,6.0
201000038312,0010-05-04 08:20:00,10,5,4,8,20,610,169,"02, RUE DU PONT FERON",,,Plein jour,En agglomération,Hors intersection,Normale,Autre collision,,,,,,,,,,,1,2,1,1.0,6.0
201000038313,0010-06-19 18:00:00,10,6,19,18,0,610,169,RUE 6 JUIN X DESRIVIERES,,,Plein jour,En agglomération,Intersection en X,Normale,Autre collision,,,,,,,,,,,1,2,2,1.0,6.0
201000038314,0010-01-03 13:20:00,10,1,3,13,20,620,41,"49, RUE DE L' EGALITE",,,Plein jour,En agglomération,Hors intersection,Temps éblouissant,Autre collision,,,,,,,,,,,1,2,1,7.0,6.0
201000038315,0010-02-15 11:00:00,10,2,15,11,0,620,41,"40, CARNOT (BD)",,,Plein jour,En agglomération,Hors intersection,Normale,Deux véhicules - côté,,,,,,,,,,,1,2,1,1.0,3.0
201000038316,0010-02-28 00:50:00,10,2,28,0,50,620,764,RN 425,,,Nuit sans éclairage public,Hors agglomération,Hors intersection,Normale,Autre collision,,,,,,,,,,,3,1,1,1.0,6.0
201000038317,0010-03-01 07:55:00,10,3,1,7,55,620,41,"0, DE GAULLE ( BVD DU GA",,,Plein jour,En agglomération,Hors intersection,Normale,Autre collision,,,,,,,,,,,1,2,1,1.0,6.0
201000038318,0010-03-04 17:05:00,10,3,4,17,5,620,41,"24, BLD FAIDHERBE",,,Plein jour,En agglomération,Intersection en Y,Normale,Deux véhicules - arrière,,,,,,,,,,,1,2,4,1.0,2.0
201000038319,0010-03-17 20:10:00,10,3,17,20,10,620,41,"96, KENNEDY ( AV. JOHN )",,,Nuit avec éclairage allumé,En agglomération,Hors intersection,Normale,Deux véhicules - côté,,,,,,,,,,,5,2,1,1.0,3.0
201000038320,0010-03-28 07:55:00,10,3,28,7,55,620,41,"0, ST MICHEL",,,Plein jour,En agglomération,Intersection en X,Normale,Deux véhicules - côté,,,,,,,,,,,1,2,2,1.0,3.0
201000038321,0010-04-13 15:05:00,10,4,13,15,5,620,744,ROND POINT DE SAINTE CAT,,,Plein jour,Hors agglomération,Giratoire,Normale,Autre collision,,,,,,,,,,,1,1,6,1.0,6.0
201000038322,0010-04-16 07:45:00,10,4,16,7,45,620,99,D 60,,,Plein jour,Hors agglomération,Intersection en T,Normale,Deux véhicules - arrière,,,,,,,,,,,1,1,3,1.0,2.0
201000038323,0010-05-02 18:05:00,10,5,2,18,5,620,41,"0, STE CLAIRE",,,Plein jour,En agglomération,Intersection en T,Normale,Autre collision,,,,,,,,,,,1,2,3,1.0,6.0
201000038324,0010-05-18 17:55:00,10,5,18,17,55,620,41,"91, CAMBRAI (DE)",,,Plein jour,En agglomération,Hors intersection,Normale,Autre collision,,,,,,,,,,,1,2,1,1.0,6.0
201000038325,0010-05-22 18:40:00,10,5,22,18,40,620,41,D' ACHICOURT,,,Plein jour,Hors agglomération,Intersection en X,Normale,Deux véhicules - côté,,,,,,,,,,,1,1,2,1.0,3.0
201000038326,0010-05-25 13:35:00,10,5,25,13,35,620,4,"12, PASTEUR",,,Plein jour,En agglomération,Hors intersection,Normale,Deux véhicules - côté,,,,,,,,,,,1,2,1,1.0,3.0
201000038327,0010-05-26 12:20:00,10,5,26,12,20,620,41,"2, VAUBAN ( BOULEVARD )",,,Plein jour,En agglomération,Hors intersection,Normale,Autre collision,,,,,,,,,,,1,2,1,1.0,6.0
201000038328,0010-06-03 20:25:00,10,6,3,20,25,620,764,RD 917,,,Plein jour,Hors agglomération,Hors intersection,Normale,Deux véhicules - côté,,,,,,,,,,,1,1,1,1.0,3.0
201000038329,0010-06-08 21:45:00,10,6,8,21,45,620,41,"0, WINSTON CHURCHILL (AV",,,Crépuscule ou aube,En agglomération,Hors intersection,Normale,Autre collision,,,,,,,,,,,2,2,1,1.0,6.0
201000038330,0010-06-12 10:40:00,10,6,12,10,40,620,41,"7, Rue Yitzhak Rabin",,,Plein jour,En agglomération,Hors intersection,Normale,Autre collision,,,,,,,,,,,1,2,1,1.0,6.0
201000038331,0010-06-16 08:50:00,10,6,16,8,50,620,41,"25, DOUMER (PAUL)",,,Plein jour,En agglomération,Intersection en T,Normale,Deux véhicules - côté,,,,,,,,,,,1,2,3,1.0,3.0
201000038332,0010-06-18 09:05:00,10,6,18,9,5,620,41,"52, FAIDHERBE ( BD )",,,Plein jour,En agglomération,Intersection en X,Normale,Autre collision,,,,,,,,,,,1,2,2,1.0,6.0
201000038333,0010-06-29 14:15:00,10,6,29,14,15,620,764,RD 950,,,Plein jour,Hors agglomération,Intersection en Y,Normale,Sans collision,,,,,,,,,,,1,1,4,1.0,7.0
201000038334,0010-07-21 14:05:00,10,7,21,14,5,620,41,"7, LECLERC ( AV. DU MARE",,,Plein jour,En agglomération,Intersection en T,Normale,Deux véhicules - frontale,,,,,,,,,,,1,2,3,1.0,1.0
201000038335,0010-08-27 11:05:00,10,8,27,11,5,620,41,"1, AMPERE",,,Plein jour,En agglomération,Hors intersection,Pluie légère,Deux véhicules - côté,,,,,,,,,,,1,2,1,2.0,3.0
201000038336,0010-08-27 16:40:00,10,8,27,16,40,620,4,"0, PASTEUR",,,Plein jour,En agglomération,Intersection en X,Normale,Deux véhicules - côté,,,,,,,,,,,1,2,2,1.0,3.0
201000038337,0010-09-08 13:05:00,10,9,8,13,5,620,41,"24, BLD FAIDHERBE",,,Plein jour,En agglomération,Hors intersection,Pluie forte,Deux véhicules - côté,,,,,,,,,,,1,2,1,3.0,3.0
201000038338,0010-09-10 21:05:00,10,9,10,21,5,620,4,D 60,,,Crépuscule ou aube,Hors agglomération,Intersection en X,Normale,Deux véhicules - côté,,,,,,,,,,,2,1,2,1.0,3.0
201000038339,0010-09-11 11:30:00,10,9,11,11,30,620,41,"60, MEAULENS",,,Plein jour,En agglomération,Hors intersection,Normale,Autre collision,,,,,,,,,,,1,2,1,1.0,6.0
201000038340,0010-10-10 23:50:00,10,10,10,23,50,620,41,"0, DAMBRINE",,,Nuit avec éclairage allumé,En agglomération,Intersection en X,Normale,Deux véhicules - côté,,,,,,,,,,,5,2,2,1.0,3.0
201000038341,0010-10-16 14:20:00,10,10,16,14,20,620,4,"0, PASTEUR",,,Plein jour,En agglomération,Intersection en X,Normale,Deux véhicules - côté,,,,,,,,,,,1,2,2,1.0,3.0
201000038342,0010-11-06 19:55:00,10,11,6,19,55,620,744,D 63,,,Nuit sans éclairage public,Hors agglomération,Hors intersection,Pluie légère,Deux véhicules - côté,,,,,,,,,,,3,1,1,2.0,3.0
201000038343,0010-11-12 23:15:00,10,11,12,23,15,620,4,"0, RUE ERNEST RENAN",,,Nuit avec éclairage allumé,En agglomération,Intersection à plus de 4 branches,Pluie forte,Deux véhicules - côté,,,,,,,,,,,5,2,5,3.0,3.0
201000038344,0010-11-12 20:15:00,10,11,12,20,15,620,41,"0, RUE PIERRE BEREGOVOY",,,Nuit avec éclairage allumé,Hors agglomération,Hors intersection,Pluie légère,Autre collision,,,,,,,,,,,5,1,1,2.0,6.0
201000038345,0010-11-23 18:45:00,10,11,23,18,45,620,764,"15, ANATOLE FRANCE",,,Nuit avec éclairage allumé,En agglomération,Hors intersection,Normale,Autre collision,,,,,,,,,,,5,2,1,1.0,6.0
201000038346,0010-11-29 16:50:00,10,11,29,16,50,620,263,"0, RUE D' ARRAS",,,Crépuscule ou aube,En agglomération,Giratoire,Normale,Deux véhicules - arrière,,,,,,,,,,,2,2,6,1.0,2.0
201000038347,0010-11-30 17:35:00,10,11,30,17,35,620,41,"0, CRESPEL (BD)",,,Nuit sans éclairage public,En agglomération,Intersection en T,Normale,Deux véhicules - côté,,,,,,,,,,,3,2,3,1.0,3.0
201000038348,0010-12-11 10:40:00,10,12,11,10,40,620,48,PAIX (BOULEVARD DE LA),,,Plein jour,En agglomération,Intersection en Y,Autre,Deux véhicules - côté,,,,,,,,,,,1,2,4,9.0,3.0
201000038349,0010-01-07 18:05:00,10,1,7,18,5,620,48,"46, EVRARD (FLORENT) AVA",,,Crépuscule ou aube,En agglomération,Hors intersection,Neige / grêle,Autre collision,,,,,,,,,,,2,2,1,4.0,6.0
201000038350,0010-01-18 19:10:00,10,1,18,19,10,620,48,"42, SALENGRO (ROGER) AVA",,,Nuit avec éclairage allumé,En agglomération,Hors intersection,Normale,Deux véhicules - frontale,,,,,,,,,,,5,2,1,1.0,1.0
201000038351,0010-02-15 19:00:00,10,2,15,19,0,620,48,"38, SALENGRO (ROGER) AVA",,,Nuit avec éclairage allumé,En agglomération,Hors intersection,Temps couvert,Autre collision,,,,,,,,,,,5,2,1,8.0,6.0
201000038352,0010-02-17 22:40:00,10,2,17,22,40,620,532,BRUYEZ (JEAN),,,Nuit avec éclairage allumé,Hors agglomération,Hors intersection,Temps couvert,Sans collision,,,,,,,,,,,5,1,1,8.0,7.0
201000038353,0010-02-20 21:15:00,10,2,20,21,15,620,188,ROUTE DEPARTEMENTALE 183,,,Nuit avec éclairage allumé,Hors agglomération,Hors intersection,Neige / grêle,Autre collision,,,,,,,,,,,5,1,1,4.0,6.0
201000038354,0010-02-19 21:30:00,10,2,19,21,30,620,516,ROUTE NATIONALE 43,,,Nuit sans éclairage public,Hors agglomération,Hors intersection,Normale,Trois véhicules et plus - collisions multiples,,,,,,,,,,,3,1,1,1.0,5.0
201000038355,0010-02-27 22:20:00,10,2,27,22,20,620,516,PERNES,,,Nuit avec éclairage allumé,En agglomération,Passage à niveau,Normale,Deux véhicules - côté,,,,,,,,,,,5,2,8,1.0,3.0
201000038356,0010-06-07 21:20:00,10,6,7,21,20,620,516,"63, PRINCIPALE",,,Plein jour,En agglomération,Hors intersection,Normale,Deux véhicules - côté,,,,,,,,,,,1,2,1,1.0,3.0
201000038357,0010-06-29 05:05:00,10,6,29,5,5,620,48,"222, SALENGRO (ROGER) AV",,,Crépuscule ou aube,En agglomération,Intersection en T,Normale,Autre collision,,,,,,,,,,,2,2,3,1.0,6.0
201000038358,0010-06-26 09:50:00,10,6,26,9,50,620,48,LAMENDIN (ARTHUR),,,Plein jour,En agglomération,Intersection en T,Normale,Deux véhicules - côté,,,,,,,,,,,1,2,3,1.0,3.0
201000038359,0010-07-28 23:00:00,10,7,28,23,0,620,516,"1, SAINT VENANT",,,Nuit avec éclairage allumé,En agglomération,Intersection en T,Pluie légère,Autre collision,,,,,,,,,,,5,2,3,2.0,6.0
201000038360,0010-08-11 20:25:00,10,8,11,20,25,620,48,EUROPE (DE L'),,,Plein jour,En agglomération,Hors intersection,Normale,Autre collision,,,,,,,,,,,1,2,1,1.0,6.0
201000038361,0010-08-26 12:15:00,10,8,26,12,15,620,516,PRINCIPALE-MANQUEVILLE,,,Plein jour,Hors agglomération,Autre intersection,Normale,Sans collision,,,,,,,,,,,1,1,9,1.0,7.0
201000038362,0010-09-22 10:30:00,10,9,22,10,30,620,48,CD 183 E,,,Plein jour,En agglomération,Giratoire,Normale,Deux véhicules - côté,,,,,,,,,,,1,2,6,1.0,3.0
201000038363,0010-12-05 17:00:00,10,12,5,17,0,620,516,COMMERCE,,,Crépuscule ou aube,En agglomération,Intersection en T,Temps couvert,Deux véhicules - côté,,,,,,,,,,,2,2,3,8.0,3.0
201000038364,0010-01-03 20:45:00,10,1,3,20,45,620,277,CD 40 E,,,Nuit sans éclairage public,Hors agglomération,Hors intersection,Normale,Autre collision,,,,,,,,,,,3,1,1,1.0,6.0
201000038365,0010-01-06 19:10:00,10,1,6,19,10,620,65,DEVIATION CD 40,,,Nuit sans éclairage public,Hors agglomération,Hors intersection,Neige / grêle,Autre collision,,,,,,,,,,,3,1,1,4.0,6.0
201000038366,0010-01-17 11:50:00,10,1,17,11,50,620,65,BASTILLE,,,Plein jour,En agglomération,Intersection en Y,Normale,Deux véhicules - côté,,,,,,,,,,,1,2,4,1.0,3.0
201000038367,0010-01-20 14:00:00,10,1,20,14,0,620,724,"000, D 46",,,Plein jour,En agglomération,Intersection en X,Normale,Deux véhicules - côté,,,,,,,,,,,1,2,2,1.0,3.0
201000038368,0010-01-23 19:50:00,10,1,23,19,50,620,724,FOSSE DEUX ( BOULEVARD),,,Nuit avec éclairage allumé,En agglomération,Intersection en X,Pluie forte,Autre collision,,,,,,,,,,,5,2,2,3.0,6.0
201000038369,0010-02-01 08:45:00,10,2,1,8,45,620,724,"00, USINES (BOULEVARD DE",,,Plein jour,En agglomération,Intersection en T,Normale,Trois véhicules et plus - collisions multiples,,,,,,,,,,,1,2,3,1.0,5.0
201000038370,0010-02-25 09:50:00,10,2,25,9,50,620,277,CD 40 E,,,Plein jour,Hors agglomération,Hors intersection,Normale,Autre collision,,,,,,,,,,,1,1,1,1.0,6.0
201000038371,0010-02-26 12:45:00,10,2,26,12,45,620,277,"179, ARRAS",,,Plein jour,En agglomération,Hors intersection,Normale,Autre collision,,,,,,,,,,,1,2,1,1.0,6.0
201000038372,0010-03-15 17:10:00,10,3,15,17,10,620,724,"1, HUIT MAI",,,Plein jour,En agglomération,Hors intersection,Normale,Autre collision,,,,,,,,,,,1,2,1,1.0,6.0
201000038373,0010-04-09 19:13:00,10,4,9,19,13,620,65,"1, FRANCE (BOULEVARD ANA",,,Plein jour,En agglomération,Hors intersection,Normale,Autre collision,,,,,,,,,,,1,2,1,1.0,6.0
201000038374,0010-04-11 14:33:00,10,4,11,14,33,620,65,"37, SEMARD PIERRE",,,Plein jour,En agglomération,Hors intersection,Normale,Sans collision,,,,,,,,,,,1,2,1,1.0,7.0
201000038375,0010-04-16 18:20:00,10,4,16,18,20,620,570,MOUSSERON (JULES),,,Plein jour,En agglomération,Hors intersection,Normale,Sans collision,,,,,,,,,,,1,2,1,1.0,7.0
201000038376,0010-05-20 10:55:00,10,5,20,10,55,620,65,"2, RESISTANT POLONAIS (D",,,Plein jour,En agglomération,Hors intersection,Normale,Sans collision,,,,,,,,,,,1,2,1,1.0,7.0
201000038377,0010-05-23 09:20:00,10,5,23,9,20,620,570,FLOHA (AVENUE DE ),,,Plein jour,En agglomération,Intersection en T,Normale,Deux véhicules - côté,,,,,,,,,,,1,2,3,1.0,3.0
201000038378,0010-06-15 10:15:00,10,6,15,10,15,620,570,"54, AUDRAN",,,Plein jour,En agglomération,Hors intersection,Normale,Deux véhicules - côté,,,,,,,,,,,1,2,1,1.0,3.0
201000038379,0010-07-02 13:45:00,10,7,2,13,45,620,65,"109, BROSSOLETTE",,,Plein jour,En agglomération,Hors intersection,Normale,Autre collision,,,,,,,,,,,1,2,1,1.0,6.0
201000038380,0010-07-08 11:30:00,10,7,8,11,30,620,65,SEMARD PIERRE,,,Plein jour,En agglomération,Intersection en X,Normale,Autre collision,,,,,,,,,,,1,2,2,1.0,6.0
201000038381,0010-07-30 18:10:00,10,7,30,18,10,620,724,"176, BARBUSSE",,,Plein jour,En agglomération,Hors intersection,Normale,Deux véhicules - côté,,,,,,,,,,,1,2,1,1.0,3.0
201000038382,0010-07-30 20:15:00,10,7,30,20,15,620,570,PETIT CHEMIN VERT,,,Plein jour,En agglomération,Hors intersection,Normale,Deux véhicules - frontale,,,,,,,,,,,1,2,1,1.0,1.0
201000038383,0010-08-08 21:30:00,10,8,8,21,30,620,570,"97, SIMON (PIERRE)",,,Crépuscule ou aube,En agglomération,Hors intersection,Normale,Autre collision,,,,,,,,,,,2,2,1,1.0,6.0