accident_id,datetime,annee,mois,jour,heure,minute,departement,commune_insee,adresse,latitude,longitude,luminosite,agglomeration,intersection,meteo,collision,nb_vehicules,nb_usagers,nb_indemnes,nb_tues,nb_blesses_hosp,nb_blesses_legers,age_cond_1,age_cond_2,veh_type_cond_1,veh_type_cond_2,lum_code,agg_code,int_code,atm_code,col_code
201000038514,0010-11-18 18:10:00,10,11,18,18,10,620,193,CURIE (BOULEVARD),,,Nuit avec éclairage allumé,En agglomération,Intersection en X,Normale,Deux véhicules - frontale,,,,,,,,,,,5,2,2,1.0,1.0
201000038515,0010-11-29 18:55:00,10,11,29,18,55,620,239,FRANCAISE (CHEMIN DE LA),,,Nuit sans éclairage public,Hors agglomération,Hors intersection,Neige / grêle,Autre collision,,,,,,,,,,,3,1,1,4.0,6.0
201000038516,0010-12-07 08:00:00,10,12,7,8,0,620,193,"122, MOLLIEN",,,Crépuscule ou aube,En agglomération,Hors intersection,Normale,Autre collision,,,,,,,,,,,2,2,1,1.0,6.0
201000038517,0010-12-13 07:55:00,10,12,13,7,55,620,193,HUIT MAI (BOULEVARD DU),,,Crépuscule ou aube,En agglomération,Hors intersection,Normale,Autre collision,,,,,,,,,,,2,2,1,1.0,6.0
201000038518,0010-12-13 07:30:00,10,12,13,7,30,620,193,VALENCIENNES,,,Nuit avec éclairage allumé,En agglomération,Intersection en X,Normale,Deux véhicules - côté,,,,,,,,,,,5,2,2,1.0,3.0
201000038519,0010-12-15 14:30:00,10,12,15,14,30,620,193,GUYNEMER (AVENUE G.),,,Plein jour,En agglomération,Intersection en X,Normale,Deux véhicules - côté,,,,,,,,,,,1,2,2,1.0,3.0
201000038520,0010-12-20 17:35:00,10,12,20,17,35,620,193,ISAAC (RUE A.),,,Crépuscule ou aube,En agglomération,Hors intersection,Neige / grêle,Autre collision,,,,,,,,,,,2,2,1,4.0,6.0
201000038521,0010-12-17 11:30:00,10,12,17,11,30,620,193,NORMANDIE NIEMEN,,,Plein jour,En agglomération,Intersection en T,Normale,Deux véhicules - frontale,,,,,,,,,,,1,2,3,1.0,1.0
201000038522,0010-12-23 12:10:00,10,12,23,12,10,620,193,EUROPE (Boulevard de),,,Plein jour,Hors agglomération,Hors intersection,Pluie légère,Deux véhicules - frontale,,,,,,,,,,,1,1,1,2.0,1.0
201000038523,0010-01-09 19:50:00,10,1,9,19,50,620,215,"sans, RD917",,,Nuit avec éclairage non allumé,Hors agglomération,Hors intersection,Normale,Autre collision,,,,,,,,,,,4,1,1,1.0,6.0
201000038524,0010-01-15 15:50:00,10,1,15,15,50,620,33,"59, LILLE (RTE DE)",,,Plein jour,En agglomération,Hors intersection,Normale,Deux véhicules - arrière,,,,,,,,,,,1,2,1,1.0,2.0
201000038525,0010-01-23 11:20:00,10,1,23,11,20,620,215,"sans, ZOLA (R EMILE)",,,Plein jour,En agglomération,Hors intersection,Pluie légère,Autre collision,,,,,,,,,,,1,2,1,2.0,6.0
201000038526,0010-02-03 21:45:00,10,2,3,21,45,620,250,"46, TILLOY (R MAURICE)",,,Nuit avec éclairage allumé,En agglomération,Hors intersection,Normale,Autre collision,,,,,,,,,,,5,2,1,1.0,6.0
201000038527,0010-02-02 16:50:00,10,2,2,16,50,620,413,"sans, FOSSE (AV. DE LA)",,,Crépuscule ou aube,En agglomération,Hors intersection,Pluie forte,Autre collision,,,,,,,,,,,2,2,1,3.0,6.0
201000038528,0010-02-03 07:30:00,10,2,3,7,30,620,215,"sans, RD917",,,Plein jour,En agglomération,Hors intersection,Pluie légère,Deux véhicules - côté,,,,,,,,,,,1,2,1,2.0,3.0
201000038529,0010-02-05 14:10:00,10,2,5,14,10,620,250,"SANS, BRIQUET (R RAOUL )",,,Plein jour,En agglomération,Hors intersection,Normale,Autre collision,,,,,,,,,,,1,2,1,1.0,6.0
201000038530,0010-02-07 11:30:00,10,2,7,11,30,620,666,"sans, DE GAULLE (R DU GA",,,Plein jour,En agglomération,Hors intersection,Normale,Autre collision,,,,,,,,,,,1,2,1,1.0,6.0
201000038531,0010-02-17 11:40:00,10,2,17,11,40,620,413,"48, BARBUSSE (AV.)",,,Plein jour,En agglomération,Hors intersection,Temps couvert,Autre collision,,,,,,,,,,,1,2,1,8.0,6.0
201000038532,0010-02-19 20:30:00,10,2,19,20,30,620,907,"sans, D917",,,Nuit avec éclairage non allumé,Hors agglomération,Hors intersection,Normale,Trois véhicules et plus - collisions multiples,,,,,,,,,,,4,1,1,1.0,5.0
201000038533,0010-02-20 19:50:00,10,2,20,19,50,620,413,"sans, PLACE (GRAND)",,,Nuit avec éclairage allumé,En agglomération,Hors intersection,Pluie légère,Autre collision,,,,,,,,,,,5,2,1,2.0,6.0
201000038534,0010-02-22 16:50:00,10,2,22,16,50,620,250,"4, PASTEUR (R LOUIS)",,,Plein jour,En agglomération,Hors intersection,Pluie légère,Deux véhicules - côté,,,,,,,,,,,1,2,1,2.0,3.0
201000038535,0010-02-27 19:25:00,10,2,27,19,25,620,413,RD917,,,Plein jour,Hors agglomération,Hors intersection,Normale,Deux véhicules - frontale,,,,,,,,,,,1,1,1,1.0,1.0
201000038536,0010-02-24 15:50:00,10,2,24,15,50,620,250,"sans, BRIQUET (R RAOUL )",,,Plein jour,En agglomération,Hors intersection,Normale,Autre collision,,,,,,,,,,,1,2,1,1.0,6.0
201000038537,0010-02-27 19:15:00,10,2,27,19,15,620,215,"sans, RD 160",,,Nuit avec éclairage non allumé,En agglomération,Hors intersection,Pluie légère,Autre collision,,,,,,,,,,,4,2,1,2.0,6.0
201000038538,0010-03-17 13:10:00,10,3,17,13,10,620,637,"sans, FUSILLES (R DES 80",,,Plein jour,En agglomération,Hors intersection,Temps éblouissant,Autre collision,,,,,,,,,,,1,2,1,7.0,6.0
201000038539,0010-04-10 20:55:00,10,4,10,20,55,620,666,"sans, DEMARET (R)",,,Nuit avec éclairage allumé,En agglomération,Intersection en X,Normale,Deux véhicules - côté,,,,,,,,,,,5,2,2,1.0,3.0
201000038540,0010-04-05 16:00:00,10,4,5,16,0,620,413,"76, STALINGRAD (R DE)",,,Plein jour,En agglomération,Hors intersection,Normale,Autre collision,,,,,,,,,,,1,2,1,1.0,6.0
201000038541,0010-04-18 06:50:00,10,4,18,6,50,620,413,"sans, 2° VOIE (CHE. DE L",,,Plein jour,En agglomération,Intersection en T,Normale,Deux véhicules - côté,,,,,,,,,,,1,2,3,1.0,3.0
201000038542,0010-04-13 12:20:00,10,4,13,12,20,620,637,ZOLA (R EMILE),,,Plein jour,En agglomération,Hors intersection,Normale,Deux véhicules - frontale,,,,,,,,,,,1,2,1,1.0,1.0
201000038543,0010-04-24 16:35:00,10,4,24,16,35,620,413,"sans, COLMAR (AV. DE)",,,Plein jour,En agglomération,Intersection en X,Normale,Deux véhicules - côté,,,,,,,,,,,1,2,2,1.0,3.0
201000038544,0010-04-27 18:25:00,10,4,27,18,25,620,250,"sans, PASTEUR (R LOUIS)",,,Plein jour,En agglomération,Intersection en T,Normale,Deux véhicules - côté,,,,,,,,,,,1,2,3,1.0,3.0
201000038545,0010-04-21 18:45:00,10,4,21,18,45,620,250,"sans, 919(D)",,,Plein jour,En agglomération,Hors intersection,Normale,Autre collision,,,,,,,,,,,1,2,1,1.0,6.0
201000038546,0010-05-04 17:10:00,10,5,4,17,10,620,215,"sans, RD917",,,Plein jour,En agglomération,Hors intersection,Normale,Deux véhicules - côté,,,,,,,,,,,1,2,1,1.0,3.0
201000038547,0010-05-19 14:30:00,10,5,19,14,30,620,250,"27, TILLOY (R MAURICE)",,,Plein jour,En agglomération,Hors intersection,Normale,Deux véhicules - arrière,,,,,,,,,,,1,2,1,1.0,2.0
201000038548,0010-05-19 13:15:00,10,5,19,13,15,620,907,"sans, FAISANDERIE (ALL D",,,Plein jour,En agglomération,Intersection en X,Normale,Deux véhicules - côté,,,,,,,,,,,1,2,2,1.0,3.0
201000038549,0010-05-18 16:40:00,10,5,18,16,40,620,215,"sans, PLACHEZ (R EDOUARD",,,Plein jour,En agglomération,Intersection en X,Normale,Deux véhicules - côté,,,,,,,,,,,1,2,2,1.0,3.0
201000038550,0010-05-31 04:05:00,10,5,31,4,5,620,33,"sans, MATTEI (R JOSEPH)",,,Plein jour,En agglomération,Hors intersection,Normale,Deux véhicules - frontale,,,,,,,,,,,1,2,1,1.0,1.0
201000038551,0010-05-20 12:45:00,10,5,20,12,45,620,907,"sans, R.D.306",,,Plein jour,Hors agglomération,Hors intersection,Normale,Deux véhicules - arrière,,,,,,,,,,,1,1,1,1.0,2.0
201000038552,0010-05-27 07:00:00,10,5,27,7,0,620,215,"sans, RD917",,,Plein jour,Hors agglomération,Hors intersection,Normale,Deux véhicules - arrière,,,,,,,,,,,1,1,1,1.0,2.0
201000038553,0010-06-08 14:50:00,10,6,8,14,50,620,637,"sans, PASTEUR (R)",,,Plein jour,En agglomération,Intersection en T,Normale,Deux véhicules - côté,,,,,,,,,,,1,2,3,1.0,3.0
201000038554,0010-05-17 21:00:00,10,5,17,21,0,620,637,"36, PASTEUR (R)",,,Nuit avec éclairage allumé,En agglomération,Hors intersection,Normale,Autre collision,,,,,,,,,,,5,2,1,1.0,6.0
201000038555,0010-06-15 17:20:00,10,6,15,17,20,620,413,"sans, LENS (RTE DE)",,,Plein jour,En agglomération,Hors intersection,Normale,Deux véhicules - côté,,,,,,,,,,,1,2,1,1.0,3.0
201000038556,0010-06-18 22:10:00,10,6,18,22,10,620,250,"sans, 919(D)",,,Nuit avec éclairage allumé,Hors agglomération,Hors intersection,Normale,Deux véhicules - côté,,,,,,,,,,,5,1,1,1.0,3.0
201000038557,0010-06-19 15:50:00,10,6,19,15,50,620,215,QUINET (R CYPRIEN),,,Plein jour,En agglomération,Hors intersection,Normale,Deux véhicules - côté,,,,,,,,,,,1,2,1,1.0,3.0
201000038558,0010-06-19 11:15:00,10,6,19,11,15,620,413,"sans, GROSSE BORNE (CHE.",,,Plein jour,Hors agglomération,Hors intersection,Pluie légère,Deux véhicules - côté,,,,,,,,,,,1,1,1,2.0,3.0
201000038559,0010-06-11 16:00:00,10,6,11,16,0,620,33,"SANS, MATTEI (R JOSEPH)",,,Plein jour,En agglomération,Intersection en X,Normale,Deux véhicules - côté,,,,,,,,,,,1,2,2,1.0,3.0
201000038560,0010-06-22 00:05:00,10,6,22,0,5,620,215,"sans, RD917",,,Nuit avec éclairage allumé,En agglomération,Hors intersection,Normale,Autre collision,,,,,,,,,,,5,2,1,1.0,6.0
201000038561,0010-06-26 01:20:00,10,6,26,1,20,620,413,"69, DEBARGE (R CHARLES)",,,Nuit avec éclairage allumé,En agglomération,Hors intersection,Normale,Autre collision,,,,,,,,,,,5,2,1,1.0,6.0
201000038562,0010-06-28 12:15:00,10,6,28,12,15,620,215,"sans, VIEUX CHATEAU (R D",,,Plein jour,En agglomération,Hors intersection,Normale,Deux véhicules - arrière,,,,,,,,,,,1,2,1,1.0,2.0
201000038563,0010-07-01 06:45:00,10,7,1,6,45,620,215,"sans, TELLIER( rue Charl",,,Plein jour,En agglomération,Intersection en X,Normale,Deux véhicules - côté,,,,,,,,,,,1,2,2,1.0,3.0
201000038564,0010-07-01 18:25:00,10,7,1,18,25,620,215,"sans, RD919",,,Plein jour,Hors agglomération,Hors intersection,Normale,Deux véhicules - côté,,,,,,,,,,,1,1,1,1.0,3.0
201000038565,0010-07-05 20:54:00,10,7,5,20,54,620,413,BARBUSSE (AV.),,,Plein jour,En agglomération,Intersection en X,Normale,Autre collision,,,,,,,,,,,1,2,2,1.0,6.0
201000038566,0010-06-29 09:45:00,10,6,29,9,45,620,637,"sans, RD306",,,Plein jour,Hors agglomération,Hors intersection,Normale,Sans collision,,,,,,,,,,,1,1,1,1.0,7.0
201000038567,0010-07-10 01:25:00,10,7,10,1,25,620,907,"sans, DARCHICOURT (AV FE",,,Nuit avec éclairage allumé,En agglomération,Hors intersection,Normale,Autre collision,,,,,,,,,,,5,2,1,1.0,6.0
201000038568,0010-07-09 20:55:00,10,7,9,20,55,620,413,"2, BAR LE DUC (R DE)",,,Plein jour,En agglomération,Hors intersection,Normale,Autre collision,,,,,,,,,,,1,2,1,1.0,6.0
201000038569,0010-07-08 22:35:00,10,7,8,22,35,620,215,"65, VERT (Rue du chemin",,,Nuit avec éclairage allumé,En agglomération,Hors intersection,Normale,Sans collision,,,,,,,,,,,5,2,1,1.0,7.0
201000038570,0010-07-09 23:25:00,10,7,9,23,25,620,250,"sans, BOUCHEZ (RURE)",,,Nuit avec éclairage allumé,En agglomération,Giratoire,Normale,Deux véhicules - côté,,,,,,,,,,,5,2,6,1.0,3.0
201000038571,0010-07-09 18:15:00,10,7,9,18,15,620,250,"15, LAMENDIN (R ARTHUR)",,,Plein jour,En agglomération,Hors intersection,Normale,Deux véhicules - côté,,,,,,,,,,,1,2,1,1.0,3.0
201000038572,0010-07-16 23:15:00,10,7,16,23,15,620,907,"sans, SZAREK (R LOUIS)",,,Nuit avec éclairage allumé,En agglomération,Hors intersection,Normale,Autre collision,,,,,,,,,,,5,2,1,1.0,6.0
201000038573,0010-07-23 10:00:00,10,7,23,10,0,620,413,"sans, LENS (RTE DE)",,,Plein jour,En agglomération,Intersection en T,Pluie légère,Autre collision,,,,,,,,,,,1,2,3,2.0,6.0
201000038574,0010-07-16 19:15:00,10,7,16,19,15,620,907,"sans, QUINET (R CYPRIEN)",,,Plein jour,En agglomération,Hors intersection,Normale,Autre collision,,,,,,,,,,,1,2,1,1.0,6.0
201000038575,0010-08-19 19:20:00,10,8,19,19,20,620,250,"44, FUSILLES (R DES)",,,Plein jour,En agglomération,Hors intersection,Normale,Deux véhicules - frontale,,,,,,,,,,,1,2,1,1.0,1.0
201000038576,0010-08-25 17:20:00,10,8,25,17,20,620,250,"16, PASTEUR (R LOUIS)",,,Plein jour,En agglomération,Hors intersection,Pluie légère,Autre collision,,,,,,,,,,,1,2,1,2.0,6.0
201000038577,0010-08-29 21:28:00,10,8,29,21,28,620,413,"183, VALOIS (CHE.)",,,Nuit avec éclairage allumé,Hors agglomération,Hors intersection,Normale,Autre collision,,,,,,,,,,,5,1,1,1.0,6.0
201000038578,0010-08-26 16:30:00,10,8,26,16,30,620,907,"sans, DELATTRE (R FRANCO",,,Plein jour,En agglomération,Hors intersection,Normale,Deux véhicules - frontale,,,,,,,,,,,1,2,1,1.0,1.0
201000038579,0010-08-14 16:10:00,10,8,14,16,10,620,413,"13, LAURENT (R JEAN BAPT",,,Plein jour,En agglomération,Hors intersection,Normale,Autre collision,,,,,,,,,,,1,2,1,1.0,6.0
201000038580,0010-09-01 15:50:00,10,9,1,15,50,620,413,"33 bis, ONZE NOVEMBRE (R",,,Plein jour,En agglomération,Hors intersection,Normale,Autre collision,,,,,,,,,,,1,2,1,1.0,6.0
201000038581,0010-09-02 16:55:00,10,9,2,16,55,620,250,"sans, BRIQUET (R RAOUL )",,,Plein jour,En agglomération,Hors intersection,Normale,Deux véhicules - côté,,,,,,,,,,,1,2,1,1.0,3.0
201000038582,0010-09-07 21:50:00,10,9,7,21,50,620,250,"23, LEPOIVRE (BD. ANDRE)",,,Nuit avec éclairage allumé,En agglomération,Intersection en X,Normale,Autre collision,,,,,,,,,,,5,2,2,1.0,6.0
201000038583,0010-09-07 21:20:00,10,9,7,21,20,620,215,"191, FOCH (R DU MARECHAL",,,Nuit avec éclairage allumé,En agglomération,Hors intersection,Normale,Sans collision,,,,,,,,,,,5,2,1,1.0,7.0
201000038584,0010-09-12 16:55:00,10,9,12,16,55,620,215,"10, BUQUEUX (R)",,,Plein jour,En agglomération,Hors intersection,Normale,Autre collision,,,,,,,,,,,1,2,1,1.0,6.0
201000038585,0010-09-07 12:15:00,10,9,7,12,15,620,215,"sans, MONTAIGNE (AV. MIC",,,Plein jour,En agglomération,Hors intersection,Normale,Deux véhicules - côté,,,,,,,,,,,1,2,1,1.0,3.0
201000038586,0010-09-13 22:15:00,10,9,13,22,15,620,666,"sans, DE GAULLE (R DU GA",,,Nuit avec éclairage allumé,En agglomération,Intersection en T,Normale,Deux véhicules - côté,,,,,,,,,,,5,2,3,1.0,3.0
201000038587,0010-09-13 10:05:00,10,9,13,10,5,620,907,"8, DARCHICOURT (AV FERNA",,,Plein jour,En agglomération,Hors intersection,Normale,Autre collision,,,,,,,,,,,1,2,1,1.0,6.0
201000038588,0010-09-20 19:00:00,10,9,20,19,0,620,413,"91, FUSILLES (R DES)",,,Nuit avec éclairage allumé,En agglomération,Hors intersection,Normale,Deux véhicules - côté,,,,,,,,,,,5,2,1,1.0,3.0
201000038589,0010-09-10 18:15:00,10,9,10,18,15,620,413,"sans, FUSILLES (R DES)",,,Plein jour,En agglomération,Hors intersection,Normale,Autre collision,,,,,,,,,,,1,2,1,1.0,6.0
201000038590,0010-09-17 17:00:00,10,9,17,17,0,620,637,"sans, PANTIGNY (R FERNAN",,,Plein jour,En agglomération,Hors intersection,Normale,Autre collision,,,,,,,,,,,1,2,1,1.0,6.0
201000038591,0010-09-10 15:00:00,10,9,10,15,0,620,215,"sans, POSTES (CHEMIN  DE",,,Plein jour,En agglomération,Intersection en T,Normale,Deux véhicules - côté,,,,,,,,,,,1,2,3,1.0,3.0
201000038592,0010-09-28 06:50:00,10,9,28,6,50,620,215,"65, QUINET (R CYPRIEN)",,,Plein jour,En agglomération,Hors intersection,Normale,Autre collision,,,,,,,,,,,1,2,1,1.0,6.0
201000038593,0010-10-25 19:20:00,10,10,25,19,20,620,215,"sans, MOULIN (R  JEAN)",,,Nuit avec éclairage allumé,En agglomération,Hors intersection,Temps couvert,Deux véhicules - côté,,,,,,,,,,,5,2,1,8.0,3.0
201000038594,0010-10-21 17:15:00,10,10,21,17,15,620,413,"sans, DEBARGE (R CHARLES",,,Plein jour,En agglomération,Intersection en X,Normale,Deux véhicules - côté,,,,,,,,,,,1,2,2,1.0,3.0
201000038595,0010-10-23 21:30:00,10,10,23,21,30,620,637,"27, ROUSSEAU (R JEAN JAC",,,Nuit avec éclairage allumé,En agglomération,Hors intersection,Normale,Deux véhicules - côté,,,,,,,,,,,5,2,1,1.0,3.0
201000038596,0010-10-27 07:30:00,10,10,27,7,30,620,215,"63, FOCH (R DU MARECHAL)",,,Nuit avec éclairage allumé,En agglomération,Hors intersection,Normale,Deux véhicules - côté,,,,,,,,,,,5,2,1,1.0,3.0
201000038597,0010-11-10 08:45:00,10,11,10,8,45,620,215,"sans, HUGO (R VICTOR )",,,Plein jour,En agglomération,Intersection en T,Pluie légère,Deux véhicules - côté,,,,,,,,,,,1,2,3,2.0,3.0
201000038598,0010-11-12 09:30:00,10,11,12,9,30,620,215,"31, VERT (Rue du chemin",,,Plein jour,En agglomération,Hors intersection,Normale,Deux véhicules - frontale,,,,,,,,,,,1,2,1,1.0,1.0
201000038599,0010-10-27 19:50:00,10,10,27,19,50,620,413,"18, ARDENNES (R DES)",,,Crépuscule ou aube,En agglomération,Hors intersection,Pluie légère,Autre collision,,,,,,,,,,,2,2,1,2.0,6.0
201000038600,0010-11-17 17:40:00,10,11,17,17,40,620,413,"sans, LENS (RTE DE)",,,Nuit avec éclairage allumé,En agglomération,Hors intersection,Normale,Autre collision,,,,,,,,,,,5,2,1,1.0,6.0
201000038601,0010-11-19 23:24:00,10,11,19,23,24,620,666,"137, DE GAULLE (R DU GAL",,,Nuit avec éclairage allumé,En agglomération,Hors intersection,Normale,Autre collision,,,,,,,,,,,5,2,1,1.0,6.0
201000038602,0010-11-28 00:02:00,10,11,28,0,2,620,33,"34, KLEBER ROLLE (R )",,,Nuit avec éclairage allumé,En agglomération,Hors intersection,Autre,Autre collision,,,,,,,,,,,5,2,1,9.0,6.0
201000038603,0010-11-24 18:20:00,10,11,24,18,20,620,215,"sans, COURRIERES (RTE DE",,,Nuit avec éclairage allumé,En agglomération,Hors intersection,Normale,Deux véhicules - arrière,,,,,,,,,,,5,2,1,1.0,2.0
201000038604,0010-12-10 14:00:00,10,12,10,14,0,620,413,"sans, POLIGNY (R DE)",,,Plein jour,En agglomération,Intersection en X,Normale,Deux véhicules - côté,,,,,,,,,,,1,2,2,1.0,3.0
201000038605,0010-12-20 09:00:00,10,12,20,9,0,620,250,OIGNIES (RTE D' ),,,Plein jour,Hors agglomération,Hors intersection,Neige / grêle,Autre collision,,,,,,,,,,,1,1,1,4.0,6.0
201000038606,0010-12-13 17:15:00,10,12,13,17,15,620,215,COURRIERES (RTE DE),,,Crépuscule ou aube,En agglomération,Hors intersection,Normale,Deux véhicules - côté,,,,,,,,,,,2,2,1,1.0,3.0
201000038607,0010-12-09 12:15:00,10,12,9,12,15,620,637,"sans, SEMBAT (R MARCEL)",,,Plein jour,En agglomération,Hors intersection,Normale,Deux véhicules - arrière,,,,,,,,,,,1,2,1,1.0,2.0
201000038608,0010-12-14 12:25:00,10,12,14,12,25,620,33,"sans, LILLE (RTE DE)",,,Plein jour,Hors agglomération,Hors intersection,Temps couvert,Autre collision,,,,,,,,,,,1,1,1,8.0,6.0
201000038609,0010-12-06 10:20:00,10,12,6,10,20,620,427,"0, DOLET (R ETIENNE )",,,Plein jour,En agglomération,Hors intersection,Temps couvert,Autre collision,,,,,,,,,,,1,2,1,8.0,6.0
201000038610,0010-01-03 17:00:00,10,1,3,17,0,620,624,"0, REPUBLIQUE (AVE DE LA",,,Crépuscule ou aube,En agglomération,Intersection en T,Neige / grêle,Deux véhicules - côté,,,,,,,,,,,2,2,3,4.0,3.0
201000038611,0010-12-11 21:00:00,10,12,11,21,0,620,427,"0, COURRIERES (RTE DE)",,,Nuit avec éclairage allumé,Hors agglomération,Autre intersection,Normale,Deux véhicules - côté,,,,,,,,,,,5,1,9,1.0,3.0
201000038612,0010-12-31 20:05:00,10,12,31,20,5,620,427,"360, HARNES (R D')",,,Crépuscule ou aube,En agglomération,Hors intersection,Temps couvert,Deux véhicules - côté,,,,,,,,,,,2,2,1,8.0,3.0
201000038613,0010-10-22 01:50:00,10,10,22,1,50,620,587,"0, PARC (R DU)",,,Nuit sans éclairage public,En agglomération,Hors intersection,Normale,Autre collision,,,,,,,,,,,3,2,1,1.0,6.0
201000038614,0010-02-05 18:00:00,10,2,5,18,0,620,624,"57, HUGO (R VICTOR)",,,Plein jour,En agglomération,Intersection en T,Normale,Deux véhicules - côté,,,,,,,,,,,1,2,3,1.0,3.0
201000038615,0010-02-09 17:10:00,10,2,9,17,10,620,624,"35, HUGO (R VICTOR)",,,Plein jour,En agglomération,Hors intersection,Normale,Autre collision,,,,,,,,,,,1,2,1,1.0,6.0
201000038616,0010-01-31 07:50:00,10,1,31,7,50,620,427,"0, DELRUE (BD DES FRERES",,,Crépuscule ou aube,En agglomération,Intersection en X,Temps couvert,Deux véhicules - côté,,,,,,,,,,,2,2,2,8.0,3.0
201000038617,0010-03-02 10:50:00,10,3,2,10,50,620,497,"60, CARNOT (R LAZARE)",,,Plein jour,En agglomération,Hors intersection,Normale,Autre collision,,,,,,,,,,,1,2,1,1.0,6.0
201000038618,0010-03-27 12:41:00,10,3,27,12,41,620,274,"0, ZI DELTA 3",,,Plein jour,Hors agglomération,Hors intersection,Normale,Sans collision,,,,,,,,,,,1,1,1,1.0,7.0
201000038619,0010-03-23 18:15:00,10,3,23,18,15,620,427,"0, DIX NEUF MARS (R DU)",,,Plein jour,En agglomération,Giratoire,Normale,Deux véhicules - côté,,,,,,,,,,,1,2,6,1.0,3.0
201000038620,0010-03-25 22:15:00,10,3,25,22,15,620,497,"20, EGALITE (R DE L')",,,Nuit avec éclairage allumé,En agglomération,Hors intersection,Normale,Autre collision,,,,,,,,,,,5,2,1,1.0,6.0
201000038621,0010-03-29 14:10:00,10,3,29,14,10,620,427,"0, DEPORTES (AV. DES )",,,Plein jour,En agglomération,Intersection en X,Normale,Deux véhicules - côté,,,,,,,,,,,1,2,2,1.0,3.0
201000038622,0010-04-11 22:10:00,10,4,11,22,10,620,249,"29, BUISSON (R FERDINAND",,,Nuit avec éclairage allumé,En agglomération,Hors intersection,Normale,Autre collision,,,,,,,,,,,5,2,1,1.0,6.0
201000038623,0010-04-09 20:10:00,10,4,9,20,10,620,274,"0, ZI DELTA 3",,,Crépuscule ou aube,Hors agglomération,Hors intersection,Normale,Autre collision,,,,,,,,,,,2,1,1,1.0,6.0
201000038624,0010-03-30 16:30:00,10,3,30,16,30,620,133,"0, REPUBLIQUE (AV. DE LA",,,Plein jour,En agglomération,Giratoire,Normale,Deux véhicules - côté,,,,,,,,,,,1,2,6,1.0,3.0
201000038625,0010-03-31 19:00:00,10,3,31,19,0,620,351,"0, BRIAND (R ARISTIDE)",,,Plein jour,En agglomération,Hors intersection,Normale,Deux véhicules - frontale,,,,,,,,,,,1,2,1,1.0,1.0
201000038626,0010-04-02 09:40:00,10,4,2,9,40,620,587,"0, CHEMIN DEPARTEMENTAL",,,Plein jour,Hors agglomération,Autre intersection,Normale,Deux véhicules - côté,,,,,,,,,,,1,1,9,1.0,3.0
201000038627,0010-04-09 22:10:00,10,4,9,22,10,620,497,LAGRANGE (R LEO),,,Nuit avec éclairage allumé,Hors agglomération,Autre intersection,Normale,Deux véhicules - arrière,,,,,,,,,,,5,1,9,1.0,2.0
201000038628,0010-04-25 18:40:00,10,4,25,18,40,620,624,"47, EGALITE (R DE L')",,,Plein jour,Hors agglomération,Hors intersection,Normale,Autre collision,,,,,,,,,,,1,1,1,1.0,6.0
201000038629,0010-04-04 10:45:00,10,4,4,10,45,620,249,"0, PARKING INTERMARCHE",,,Plein jour,En agglomération,Autre intersection,Normale,Autre collision,,,,,,,,,,,1,2,9,1.0,6.0
201000038630,0010-04-15 20:20:00,10,4,15,20,20,620,249,"0, RENAN (R ERNEST)",,,Plein jour,En agglomération,Autre intersection,Normale,Deux véhicules - frontale,,,,,,,,,,,1,2,9,1.0,1.0
201000038631,0010-05-19 19:00:00,10,5,19,19,0,620,427,"264, ALLENDE (BD DU PRES",,,Plein jour,En agglomération,Hors intersection,Normale,Deux véhicules - côté,,,,,,,,,,,1,2,1,1.0,3.0
201000038632,0010-05-13 17:35:00,10,5,13,17,35,620,427,"0, BORD DES EAUX (CHE. D",,,Plein jour,Hors agglomération,Autre intersection,Normale,Deux véhicules - côté,,,,,,,,,,,1,1,9,1.0,3.0
201000038633,0010-04-19 18:00:00,10,4,19,18,0,620,587,"0, CHEMIN DEPARTEMENTAL",,,Plein jour,Hors agglomération,Autre intersection,Normale,Deux véhicules - côté,,,,,,,,,,,1,1,9,1.0,3.0
201000038634,0010-06-05 23:20:00,10,6,5,23,20,620,427,"nr, JUIN (BVD DU MAL)",,,Nuit avec éclairage allumé,En agglomération,Hors intersection,Normale,Autre collision,,,,,,,,,,,5,2,1,1.0,6.0
201000038635,0010-05-23 22:05:00,10,5,23,22,5,620,497,EGALITE (R DE L'),,,Crépuscule ou aube,En agglomération,Autre intersection,Normale,Deux véhicules - côté,,,,,,,,,,,2,2,9,1.0,3.0
201000038636,0010-05-06 04:40:00,10,5,6,4,40,620,351,"198, LECLERC (R DU MAREC",,,Crépuscule ou aube,En agglomération,Hors intersection,Normale,Deux véhicules - frontale,,,,,,,,,,,2,2,1,1.0,1.0
201000038637,0010-05-23 14:55:00,10,5,23,14,55,620,497,"37, KLEBER (R )",,,Plein jour,En agglomération,Intersection en T,Normale,Deux véhicules - côté,,,,,,,,,,,1,2,3,1.0,3.0
201000038638,0010-06-01 15:55:00,10,6,1,15,55,620,249,"71, FUSILLES (R DES)",,,Plein jour,En agglomération,Hors intersection,Normale,Autre collision,,,,,,,,,,,1,2,1,1.0,6.0
201000038639,0010-06-11 20:45:00,10,6,11,20,45,620,351,"36, SALENGRO (R ROGER )",,,Plein jour,En agglomération,Hors intersection,Normale,Deux véhicules - côté,,,,,,,,,,,1,2,1,1.0,3.0