accident_id,datetime,annee,mois,jour,heure,minute,departement,commune_insee,adresse,latitude,longitude,luminosite,agglomeration,intersection,meteo,collision,nb_vehicules,nb_usagers,nb_indemnes,nb_tues,nb_blesses_hosp,nb_blesses_legers,age_cond_1,age_cond_2,veh_type_cond_1,veh_type_cond_2,lum_code,agg_code,int_code,atm_code,col_code
201000038640,0010-07-10 14:15:00,10,7,10,14,15,620,427,"0, avenue willy brandt",,,Plein jour,En agglomération,Autre intersection,Normale,Autre collision,,,,,,,,,,,1,2,9,1.0,6.0
201000038641,0010-07-11 12:40:00,10,7,11,12,40,620,427,"390, DOURGES (R DE)",,,Plein jour,En agglomération,Hors intersection,Normale,Deux véhicules - arrière,,,,,,,,,,,1,2,1,1.0,2.0
201000038642,0010-06-02 15:10:00,10,6,2,15,10,620,427,"0, FUSILLES (AV.)",,,Plein jour,En agglomération,Hors intersection,Normale,Autre collision,,,,,,,,,,,1,2,1,1.0,6.0
201000038643,0010-06-02 17:00:00,10,6,2,17,0,620,587,"0, MOULIN (BD JEAN)",,,Plein jour,En agglomération,Intersection en T,Normale,Deux véhicules - frontale,,,,,,,,,,,1,2,3,1.0,1.0
201000038644,0010-07-27 20:00:00,10,7,27,20,0,620,321,"476, CORNUAULT (CITE)",,,Plein jour,En agglomération,Hors intersection,Normale,Deux véhicules - frontale,,,,,,,,,,,1,2,1,1.0,1.0
201000038645,0010-07-16 22:40:00,10,7,16,22,40,620,624,REPUBLIQUE (AVE DE LA ),,,Nuit avec éclairage allumé,En agglomération,Autre intersection,Normale,Deux véhicules - côté,,,,,,,,,,,5,2,9,1.0,3.0
201000038646,0010-07-18 23:55:00,10,7,18,23,55,620,274,"26, PUITS (CHE. DU)",,,Nuit avec éclairage allumé,En agglomération,Hors intersection,Normale,Deux véhicules - frontale,,,,,,,,,,,5,2,1,1.0,1.0
201000038647,0010-08-01 20:00:00,10,8,1,20,0,620,427,"1769, BUISSE (CHE. DE LA",,,Plein jour,En agglomération,Hors intersection,Normale,Sans collision,,,,,,,,,,,1,2,1,1.0,7.0
201000038648,0010-08-02 15:40:00,10,8,2,15,40,620,587,MOULIN (BD JEAN ),,,Plein jour,En agglomération,Hors intersection,Pluie forte,Autre collision,,,,,,,,,,,1,2,1,3.0,6.0
201000038649,0010-08-23 19:25:00,10,8,23,19,25,620,133,"0, FUSILLES (R )",,,Plein jour,En agglomération,Intersection en T,Normale,Deux véhicules - côté,,,,,,,,,,,1,2,3,1.0,3.0
201000038650,0010-09-12 02:20:00,10,9,12,2,20,620,497,"53, EGALITE (R DE L')",,,Nuit avec éclairage allumé,En agglomération,Hors intersection,Normale,Autre collision,,,,,,,,,,,5,2,1,1.0,6.0
201000038651,0010-08-03 09:00:00,10,8,3,9,0,620,587,"0, FABIEN (R DU COL)",,,Plein jour,En agglomération,Intersection en T,Normale,Deux véhicules - frontale,,,,,,,,,,,1,2,3,1.0,1.0
201000038652,0010-09-11 15:15:00,10,9,11,15,15,620,427,COURRIERES (RTE DE),,,Plein jour,Hors agglomération,Hors intersection,Normale,Autre collision,,,,,,,,,,,1,1,1,1.0,6.0
201000038653,0010-08-21 19:05:00,10,8,21,19,5,620,133,"0, OUSSEKINE (R MALIK)",,,Plein jour,En agglomération,Intersection en X,Normale,Deux véhicules - côté,,,,,,,,,,,1,2,2,1.0,3.0
201000038654,0010-09-19 11:25:00,10,9,19,11,25,620,133,"0, OUSSEKINE (R MALIK)",,,Plein jour,En agglomération,Hors intersection,Normale,Deux véhicules - côté,,,,,,,,,,,1,2,1,1.0,3.0
201000038655,0010-09-24 15:00:00,10,9,24,15,0,620,427,"239, SAINT MARTIN (R )",,,Plein jour,En agglomération,Hors intersection,Pluie légère,Autre collision,,,,,,,,,,,1,2,1,2.0,6.0
201000038656,0010-10-27 15:40:00,10,10,27,15,40,620,133,"124, REPUBLIQUE (AV. DE",,,Plein jour,En agglomération,Hors intersection,Pluie légère,Autre collision,,,,,,,,,,,1,2,1,2.0,6.0
201000038657,0010-12-15 20:15:00,10,12,15,20,15,620,427,"0, FENELON (R )",,,Nuit sans éclairage public,En agglomération,Intersection en T,Normale,Autre collision,,,,,,,,,,,3,2,3,1.0,6.0
201000038658,0010-11-23 07:35:00,10,11,23,7,35,620,587,CHEMIN DEPARTEMENTAL 46,,,Nuit sans éclairage public,Hors agglomération,Autre intersection,Normale,Deux véhicules - côté,,,,,,,,,,,3,1,9,1.0,3.0
201000038659,0010-12-15 16:40:00,10,12,15,16,40,620,133,FOSSE 10 (AV. DE LA),,,Crépuscule ou aube,En agglomération,Intersection en T,Normale,Autre collision,,,,,,,,,,,2,2,3,1.0,6.0
201000038660,0010-12-23 17:15:00,10,12,23,17,15,620,427,"0, CD 40 E",,,Nuit sans éclairage public,Hors agglomération,Hors intersection,Neige / grêle,Trois véhicules et plus - collisions multiples,,,,,,,,,,,3,1,1,4.0,5.0
201000038661,0010-12-12 12:00:00,10,12,12,12,0,620,771,"SANS, EVRARD (R FLORENT)",,,Plein jour,En agglomération,Hors intersection,Normale,Deux véhicules - frontale,,,,,,,,,,,1,2,1,1.0,1.0
201000038662,0010-01-22 18:00:00,10,1,22,18,0,620,498,"228, BETHUNE (RTE DE)",,,Crépuscule ou aube,En agglomération,Hors intersection,Normale,Autre collision,,,,,,,,,,,2,2,1,1.0,6.0
201000038663,0010-01-03 23:40:00,10,1,3,23,40,620,771,"32, SEVERINE (R)",,,Nuit avec éclairage allumé,En agglomération,Hors intersection,Neige / grêle,Sans collision,,,,,,,,,,,5,2,1,4.0,7.0
201000038664,0010-01-27 21:10:00,10,1,27,21,10,620,498,"SANS, ARRAS (RTE  D')",,,Nuit avec éclairage allumé,En agglomération,Hors intersection,Pluie légère,Autre collision,,,,,,,,,,,5,2,1,2.0,6.0
201000038665,0010-01-28 14:00:00,10,1,28,14,0,620,498,"199, BETHUNE (RTE DE)",,,Plein jour,En agglomération,Intersection en T,Normale,Deux véhicules - côté,,,,,,,,,,,1,2,3,1.0,3.0
201000038666,0010-02-05 08:20:00,10,2,5,8,20,620,498,"SANS, ALAIN (R)",,,Crépuscule ou aube,En agglomération,Hors intersection,Pluie légère,Autre collision,,,,,,,,,,,2,2,1,2.0,6.0
201000038667,0010-02-18 20:20:00,10,2,18,20,20,620,895,"SANS, DEPARTEMENTALE 165",,,Nuit sans éclairage public,Hors agglomération,Intersection en T,Normale,Deux véhicules - côté,,,,,,,,,,,3,1,3,1.0,3.0
201000038668,0010-02-18 17:15:00,10,2,18,17,15,620,895,"05, BASLY (R EMILE)",,,Plein jour,En agglomération,Hors intersection,Normale,Autre collision,,,,,,,,,,,1,2,1,1.0,6.0
201000038669,0010-02-02 09:55:00,10,2,2,9,55,620,771,"15, GUESDE (R JULES)",,,Plein jour,En agglomération,Hors intersection,Pluie légère,Autre collision,,,,,,,,,,,1,2,1,2.0,6.0
201000038670,0010-02-24 14:00:00,10,2,24,14,0,620,498,"274, BERT (R PAUL)",,,Plein jour,En agglomération,Intersection en T,Normale,Deux véhicules - côté,,,,,,,,,,,1,2,3,1.0,3.0
201000038671,0010-03-05 18:45:00,10,3,5,18,45,620,498,"sans, ALAIN (R)",,,Plein jour,En agglomération,Intersection en X,Normale,Deux véhicules - côté,,,,,,,,,,,1,2,2,1.0,3.0
201000038672,0010-03-19 19:35:00,10,3,19,19,35,620,842,"SANS, D 947",,,Nuit avec éclairage non allumé,Hors agglomération,Hors intersection,Pluie légère,Autre collision,,,,,,,,,,,4,1,1,2.0,6.0
201000038673,0010-03-11 08:45:00,10,3,11,8,45,620,842,"SANS, DEGREAUX (R LEON)",,,Plein jour,En agglomération,Hors intersection,Normale,Deux véhicules - frontale,,,,,,,,,,,1,2,1,1.0,1.0
201000038674,0010-04-08 15:45:00,10,4,8,15,45,620,842,RN 47,,,Plein jour,Hors agglomération,Hors intersection,Normale,Sans collision,,,,,,,,,,,1,1,1,1.0,7.0
201000038675,0010-03-22 19:40:00,10,3,22,19,40,620,523,"sans, LENS (R DE)",,,Crépuscule ou aube,En agglomération,Hors intersection,Normale,Deux véhicules - frontale,,,,,,,,,,,2,2,1,1.0,1.0
201000038676,0010-04-12 12:00:00,10,4,12,12,0,620,771,"69, VAILLANT (R EDOUARD)",,,Plein jour,En agglomération,Hors intersection,Normale,Autre collision,,,,,,,,,,,1,2,1,1.0,6.0
201000038677,0010-04-08 08:20:00,10,4,8,8,20,620,842,"sans, HUIT MAI (R DU)",,,Plein jour,En agglomération,Hors intersection,Pluie légère,Autre collision,,,,,,,,,,,1,2,1,2.0,6.0
201000038678,0010-04-09 18:55:00,10,4,9,18,55,620,498,"34, CHAPLAIN (R)",,,Plein jour,En agglomération,Hors intersection,Normale,Autre collision,,,,,,,,,,,1,2,1,1.0,6.0
201000038679,0010-04-18 12:20:00,10,4,18,12,20,620,523,"sans, HARNES (RTE D')",,,Plein jour,En agglomération,Hors intersection,Normale,Autre collision,,,,,,,,,,,1,2,1,1.0,6.0
201000038680,0010-04-30 15:10:00,10,4,30,15,10,620,498,"SANS, LILLE (RTE DE)  RN",,,Plein jour,En agglomération,Hors intersection,Normale,Deux véhicules - arrière,,,,,,,,,,,1,2,1,1.0,2.0
201000038681,0010-05-14 22:00:00,10,5,14,22,0,620,523,"33, DEVOUGES (R GEORGES)",,,Nuit avec éclairage allumé,En agglomération,Hors intersection,Normale,Autre collision,,,,,,,,,,,5,2,1,1.0,6.0
201000038682,0010-03-23 12:00:00,10,3,23,12,0,620,771,"sans, ONZE NOVEMBRE (R D",,,Plein jour,En agglomération,Hors intersection,Normale,Autre collision,,,,,,,,,,,1,2,1,1.0,6.0
201000038683,0010-05-01 22:00:00,10,5,1,22,0,620,498,"SANS, BETHUNE (RTE DE)",,,Nuit avec éclairage allumé,En agglomération,Intersection en T,Normale,Deux véhicules - côté,,,,,,,,,,,5,2,3,1.0,3.0
201000038684,0010-05-20 11:20:00,10,5,20,11,20,620,218,"80, FRONTIGNAN (R DE)",,,Plein jour,En agglomération,Hors intersection,Normale,Autre collision,,,,,,,,,,,1,2,1,1.0,6.0
201000038685,0010-05-27 08:45:00,10,5,27,8,45,620,498,"sans, ELUARD (R PAUL)",,,Plein jour,En agglomération,Hors intersection,Normale,Autre collision,,,,,,,,,,,1,2,1,1.0,6.0
201000038686,0010-06-04 12:15:00,10,6,4,12,15,620,498,"sans, ARIEL (PAV)",,,Plein jour,En agglomération,Hors intersection,Normale,Autre collision,,,,,,,,,,,1,2,1,1.0,6.0
201000038687,0010-04-15 14:00:00,10,4,15,14,0,620,464,"sans, BASSEE (RTE DE LA)",,,Plein jour,En agglomération,Hors intersection,Normale,Autre collision,,,,,,,,,,,1,2,1,1.0,6.0
201000038688,0010-05-26 14:15:00,10,5,26,14,15,620,498,"sans, BETHUNE (RTE DE)",,,Plein jour,En agglomération,Intersection en T,Normale,Trois véhicules et plus - collisions multiples,,,,,,,,,,,1,2,3,1.0,5.0
201000038689,0010-06-11 07:10:00,10,6,11,7,10,620,498,"sans, ARAGO (R )",,,Plein jour,En agglomération,Intersection en T,Normale,Sans collision,,,,,,,,,,,1,2,3,1.0,7.0
201000038690,0010-06-07 22:45:00,10,6,7,22,45,620,107,"SANS, PASTEUR (R )",,,Nuit avec éclairage allumé,En agglomération,Hors intersection,Normale,Deux véhicules - frontale,,,,,,,,,,,5,2,1,1.0,1.0
201000038691,0010-06-11 23:15:00,10,6,11,23,15,620,842,"SANS, WINGLES (RTE DE)",,,Nuit avec éclairage allumé,En agglomération,Intersection en T,Normale,Deux véhicules - côté,,,,,,,,,,,5,2,3,1.0,3.0
201000038692,0010-06-03 14:30:00,10,6,3,14,30,620,498,"SANS, ANDERSEN (R HANS)",,,Plein jour,En agglomération,Hors intersection,Normale,Autre collision,,,,,,,,,,,1,2,1,1.0,6.0
201000038693,0010-05-24 22:00:00,10,5,24,22,0,620,498,"SANS, MAES (AV. ALFRED )",,,Nuit avec éclairage allumé,En agglomération,Intersection en T,Normale,Deux véhicules - côté,,,,,,,,,,,5,2,3,1.0,3.0
201000038694,0010-06-16 16:20:00,10,6,16,16,20,620,498,"27, LANOY (R RENE)",,,Plein jour,En agglomération,Hors intersection,Normale,Autre collision,,,,,,,,,,,1,2,1,1.0,6.0
201000038695,0010-06-30 18:00:00,10,6,30,18,0,620,842,RN 47,,,Plein jour,Hors agglomération,Hors intersection,Normale,Autre collision,,,,,,,,,,,1,1,1,1.0,6.0
201000038696,0010-07-10 20:35:00,10,7,10,20,35,620,895,"48, ROLLAND (R ROMAIN)",,,Plein jour,En agglomération,Hors intersection,Normale,Deux véhicules - arrière,,,,,,,,,,,1,2,1,1.0,2.0
201000038697,0010-06-27 01:15:00,10,6,27,1,15,620,498,"150, BETHUNE (RTE DE)",,,Nuit avec éclairage allumé,En agglomération,Hors intersection,Normale,Autre collision,,,,,,,,,,,5,2,1,1.0,6.0
201000038698,0010-07-07 17:10:00,10,7,7,17,10,620,498,"sans, CANTIN (R DU)",,,Plein jour,En agglomération,Hors intersection,Normale,Autre collision,,,,,,,,,,,1,2,1,1.0,6.0
201000038699,0010-07-22 15:05:00,10,7,22,15,5,620,842,"SANS, BETHUNE A DOUAI (C",,,Plein jour,En agglomération,Intersection en T,Normale,Deux véhicules - côté,,,,,,,,,,,1,2,3,1.0,3.0
201000038700,0010-07-28 15:40:00,10,7,28,15,40,620,498,"sans, FOSSE 11 (AV. DE L",,,Plein jour,En agglomération,Intersection en T,Normale,Deux véhicules - côté,,,,,,,,,,,1,2,3,1.0,3.0
201000038701,0010-08-02 20:00:00,10,8,2,20,0,620,107,"15, HUGO (R VICTOR)",,,Plein jour,En agglomération,Hors intersection,Temps couvert,Sans collision,,,,,,,,,,,1,2,1,8.0,7.0
201000038702,0010-08-04 06:10:00,10,8,4,6,10,620,218,"SANS, Départementale 262",,,Plein jour,En agglomération,Hors intersection,Normale,Autre collision,,,,,,,,,,,1,2,1,1.0,6.0
201000038703,0010-08-03 19:30:00,10,8,3,19,30,620,771,"00, LENS (R DE)",,,Plein jour,En agglomération,Intersection en X,Normale,Deux véhicules - côté,,,,,,,,,,,1,2,2,1.0,3.0
201000038704,0010-08-13 20:00:00,10,8,13,20,0,620,771,"sans, DOLET (R ETIENNE)",,,Crépuscule ou aube,En agglomération,Hors intersection,Normale,Autre collision,,,,,,,,,,,2,2,1,1.0,6.0
201000038705,0010-08-27 14:40:00,10,8,27,14,40,620,498,"79, LETIENNE (R JEAN)",,,Plein jour,En agglomération,Hors intersection,Normale,Autre collision,,,,,,,,,,,1,2,1,1.0,6.0
201000038706,0010-08-31 10:25:00,10,8,31,10,25,620,771,"sans, BEUGNET (R CASIMIR",,,Plein jour,En agglomération,Hors intersection,Normale,Autre collision,,,,,,,,,,,1,2,1,1.0,6.0
201000038707,0010-09-09 18:30:00,10,9,9,18,30,620,464,"42, RAYERE (R DE LA)",,,Plein jour,En agglomération,Hors intersection,Normale,Trois véhicules et plus - en chaîne,,,,,,,,,,,1,2,1,1.0,4.0
201000038708,0010-08-25 16:00:00,10,8,25,16,0,620,498,"20, QUATRE SEPTEMBRE (AV",,,Plein jour,En agglomération,Hors intersection,Normale,Autre collision,,,,,,,,,,,1,2,1,1.0,6.0
201000038709,0010-09-09 11:25:00,10,9,9,11,25,620,498,"sans, MAES (AV. ALFRED )",,,Plein jour,En agglomération,Intersection en X,Normale,Deux véhicules - côté,,,,,,,,,,,1,2,2,1.0,3.0
201000038710,0010-09-22 16:55:00,10,9,22,16,55,620,218,"SANS, CARVIN (R DE)",,,Plein jour,En agglomération,Intersection en X,Temps éblouissant,Deux véhicules - côté,,,,,,,,,,,1,2,2,7.0,3.0
201000038711,0010-09-28 12:40:00,10,9,28,12,40,620,895,"56, COUPIGNIES (R DE LA)",,,Plein jour,En agglomération,Intersection en T,Normale,Deux véhicules - côté,,,,,,,,,,,1,2,3,1.0,3.0
201000038712,0010-10-02 14:35:00,10,10,2,14,35,620,498,"SANS, SAUVAGE (R FREDERI",,,Plein jour,En agglomération,Intersection en X,Pluie légère,Deux véhicules - côté,,,,,,,,,,,1,2,2,2.0,3.0
201000038713,0010-10-06 08:30:00,10,10,6,8,30,620,771,"SANS, SEVERINE (R)",,,Plein jour,En agglomération,Hors intersection,Autre,Autre collision,,,,,,,,,,,1,2,1,9.0,6.0
201000038714,0010-10-08 11:00:00,10,10,8,11,0,620,218,"SANS, COURTAIGNE (R DE)",,,Plein jour,En agglomération,Intersection en X,Normale,Deux véhicules - côté,,,,,,,,,,,1,2,2,1.0,3.0
201000038715,0010-10-20 21:00:00,10,10,20,21,0,620,498,"239, MAES (AV. ALFRED )",,,Nuit avec éclairage allumé,En agglomération,Hors intersection,Normale,Deux véhicules - arrière,,,,,,,,,,,5,2,1,1.0,2.0
201000038716,0010-10-22 08:20:00,10,10,22,8,20,620,498,"151, ARTOIS (R D')",,,Plein jour,En agglomération,Hors intersection,Normale,Autre collision,,,,,,,,,,,1,2,1,1.0,6.0
201000038717,0010-10-29 19:00:00,10,10,29,19,0,620,842,"147, REPUBLIQUE (BD DE L",,,Crépuscule ou aube,En agglomération,Hors intersection,Normale,Deux véhicules - arrière,,,,,,,,,,,2,2,1,1.0,2.0
201000038718,0010-10-12 10:50:00,10,10,12,10,50,620,771,"sans, LANNION (R DE)",,,Plein jour,En agglomération,Intersection en X,Normale,Sans collision,,,,,,,,,,,1,2,2,1.0,7.0
201000038719,0010-10-29 15:30:00,10,10,29,15,30,620,573,"18, GARE (CITE DE LA)",,,Plein jour,En agglomération,Hors intersection,Normale,Autre collision,,,,,,,,,,,1,2,1,1.0,6.0
201000038720,0010-11-18 07:45:00,10,11,18,7,45,620,895,"sans, EVRARD (R FLORENT)",,,Crépuscule ou aube,En agglomération,Hors intersection,Normale,Autre collision,,,,,,,,,,,2,2,1,1.0,6.0
201000038721,0010-11-19 17:30:00,10,11,19,17,30,620,464,"236, SALENGRO (R ROGER)",,,Nuit avec éclairage allumé,En agglomération,Hors intersection,Normale,Autre collision,,,,,,,,,,,5,2,1,1.0,6.0
201000038722,0010-11-17 22:30:00,10,11,17,22,30,620,771,"sans, VAILLANT (R EDOUAR",,,Nuit avec éclairage allumé,En agglomération,Intersection en X,Normale,Deux véhicules - côté,,,,,,,,,,,5,2,2,1.0,3.0
201000038723,0010-12-11 06:10:00,10,12,11,6,10,620,523,"sans, LILLE (RTE DE)",,,Crépuscule ou aube,En agglomération,Hors intersection,Normale,Autre collision,,,,,,,,,,,2,2,1,1.0,6.0
201000038724,0010-01-05 15:30:00,10,1,5,15,30,620,510,"., MUSSET (R ALBERT DE)",,,Plein jour,En agglomération,Hors intersection,Autre,Autre collision,,,,,,,,,,,1,2,1,9.0,6.0
201000038725,0010-12-14 11:40:00,10,12,14,11,40,620,510,"., ZAC DE L AN 2000",,,Plein jour,En agglomération,Hors intersection,Normale,Deux véhicules - arrière,,,,,,,,,,,1,2,1,1.0,2.0
201000038726,0010-01-19 17:35:00,10,1,19,17,35,620,32,"., SALENGRO (R ROGER)",,,Crépuscule ou aube,En agglomération,Hors intersection,Normale,Autre collision,,,,,,,,,,,2,2,1,1.0,6.0
201000038727,0010-01-25 16:05:00,10,1,25,16,5,620,186,"., VERNE (R JULES)",,,Plein jour,En agglomération,Hors intersection,Normale,Autre collision,,,,,,,,,,,1,2,1,1.0,6.0
201000038728,0010-02-21 15:00:00,10,2,21,15,0,620,510,"., MONTGOLFIER (R)",,,Plein jour,En agglomération,Intersection en X,Normale,Deux véhicules - frontale,,,,,,,,,,,1,2,2,1.0,1.0
201000038729,0010-02-18 12:25:00,10,2,18,12,25,620,510,"., CD58",,,Plein jour,Hors agglomération,Hors intersection,Normale,Autre collision,,,,,,,,,,,1,1,1,1.0,6.0
201000038730,0010-03-13 14:50:00,10,3,13,14,50,620,563,"., RN43",,,Plein jour,En agglomération,Hors intersection,Normale,Deux véhicules - côté,,,,,,,,,,,1,2,1,1.0,3.0
201000038731,0010-02-28 03:50:00,10,2,28,3,50,620,510,"., JAURES (AV JEAN )",,,Nuit avec éclairage allumé,Hors agglomération,Hors intersection,Normale,Autre collision,,,,,,,,,,,5,1,1,1.0,6.0
201000038732,0010-03-07 18:25:00,10,3,7,18,25,620,386,"., BEUGNET (R CASIMIR)",,,Plein jour,En agglomération,Hors intersection,Normale,Autre collision,,,,,,,,,,,1,2,1,1.0,6.0
201000038733,0010-03-17 23:55:00,10,3,17,23,55,620,510,"., FERRY (R JULES)",,,Nuit avec éclairage allumé,En agglomération,Hors intersection,Normale,Autre collision,,,,,,,,,,,5,2,1,1.0,6.0
201000038734,0010-03-19 07:53:00,10,3,19,7,53,620,510,"., JAURES (AV JEAN )",,,Plein jour,En agglomération,Intersection en X,Normale,Deux véhicules - côté,,,,,,,,,,,1,2,2,1.0,3.0
201000038735,0010-03-31 13:50:00,10,3,31,13,50,620,510,"., THIERS (R)",,,Plein jour,En agglomération,Hors intersection,Normale,Deux véhicules - côté,,,,,,,,,,,1,2,1,1.0,3.0
201000038736,0010-04-01 18:10:00,10,4,1,18,10,620,510,"., MARQUAGE (CHE DU)",,,Plein jour,En agglomération,Hors intersection,Normale,Deux véhicules - côté,,,,,,,,,,,1,2,1,1.0,3.0
201000038737,0010-04-24 10:45:00,10,4,24,10,45,620,186,"89, BEUGNET (R CASIMIR)",,,Plein jour,En agglomération,Hors intersection,Normale,Deux véhicules - côté,,,,,,,,,,,1,2,1,1.0,3.0
201000038738,0010-04-25 17:12:00,10,4,25,17,12,620,510,"107, ZOLA (R EMILE )",,,Plein jour,En agglomération,Hors intersection,Normale,Autre collision,,,,,,,,,,,1,2,1,1.0,6.0
201000038739,0010-05-15 01:45:00,10,5,15,1,45,620,510,CD58,,,Nuit avec éclairage allumé,Hors agglomération,Hors intersection,Normale,Sans collision,,,,,,,,,,,5,1,1,1.0,7.0
201000038740,0010-05-15 20:25:00,10,5,15,20,25,620,563,"., ECOLES (R DES)",,,Plein jour,En agglomération,Hors intersection,Normale,Autre collision,,,,,,,,,,,1,2,1,1.0,6.0
201000038741,0010-05-22 01:10:00,10,5,22,1,10,620,563,"., HUGO (R VICTOR)",,,Nuit avec éclairage allumé,En agglomération,Hors intersection,Normale,Autre collision,,,,,,,,,,,5,2,1,1.0,6.0
201000038742,0010-05-04 19:35:00,10,5,4,19,35,620,186,"17, BEUGNET (R CASIMIR)",,,Plein jour,En agglomération,Hors intersection,Normale,Autre collision,,,,,,,,,,,1,2,1,1.0,6.0
201000038743,0010-05-23 00:40:00,10,5,23,0,40,620,510,CD58,,,Nuit avec éclairage allumé,Hors agglomération,Hors intersection,Normale,Deux véhicules - frontale,,,,,,,,,,,5,1,1,1.0,1.0
201000038744,0010-05-31 17:07:00,10,5,31,17,7,620,510,"144, DEFERNEZ (R JEAN BA",,,Plein jour,En agglomération,Intersection en X,Normale,Deux véhicules - côté,,,,,,,,,,,1,2,2,1.0,3.0
201000038745,0010-05-22 23:40:00,10,5,22,23,40,620,19,"., RD 301",,,Nuit avec éclairage allumé,Hors agglomération,Hors intersection,Normale,Sans collision,,,,,,,,,,,5,1,1,1.0,7.0
201000038746,0010-06-03 13:40:00,10,6,3,13,40,620,510,"., AMPERE (R)",,,Plein jour,En agglomération,Hors intersection,Normale,Autre collision,,,,,,,,,,,1,2,1,1.0,6.0
201000038747,0010-04-15 18:25:00,10,4,15,18,25,620,510,"30, ARTOIS (R D')",,,Plein jour,En agglomération,Hors intersection,Normale,Sans collision,,,,,,,,,,,1,2,1,1.0,7.0
201000038748,0010-06-17 07:25:00,10,6,17,7,25,620,186,"., SCHWEITZER ( R DU DOC",,,Plein jour,En agglomération,Hors intersection,Normale,Deux véhicules - côté,,,,,,,,,,,1,2,1,1.0,3.0
201000038749,0010-06-21 17:40:00,10,6,21,17,40,620,186,"., LOIRE (BD DE LA)",,,Plein jour,En agglomération,Intersection en X,Normale,Deux véhicules - côté,,,,,,,,,,,1,2,2,1.0,3.0
201000038750,0010-06-29 17:20:00,10,6,29,17,20,620,186,"., MONNIER (R LEON)",,,Plein jour,En agglomération,Hors intersection,Normale,Deux véhicules - côté,,,,,,,,,,,1,2,1,1.0,3.0
201000038751,0010-06-24 11:15:00,10,6,24,11,15,620,510,"30, ROUTIERS (CHE. DES)",,,Plein jour,En agglomération,Hors intersection,Normale,Sans collision,,,,,,,,,,,1,2,1,1.0,7.0
201000038752,0010-07-01 12:32:00,10,7,1,12,32,620,510,"., FERRY (R JULES)",,,Plein jour,En agglomération,Hors intersection,Normale,Autre collision,,,,,,,,,,,1,2,1,1.0,6.0
201000038753,0010-07-04 10:20:00,10,7,4,10,20,620,510,"., DEFERNEZ (R JEAN BAPT",,,Plein jour,En agglomération,Hors intersection,Normale,Autre collision,,,,,,,,,,,1,2,1,1.0,6.0
201000038754,0010-07-04 20:30:00,10,7,4,20,30,620,386,"50, LAMENDIN (R ARTHUR)",,,Plein jour,En agglomération,Hors intersection,Normale,Autre collision,,,,,,,,,,,1,2,1,1.0,6.0
201000038755,0010-07-03 11:00:00,10,7,3,11,0,620,528,"190, SUPERVIELLE (R )",,,Plein jour,En agglomération,Hors intersection,Normale,Deux véhicules - côté,,,,,,,,,,,1,2,1,1.0,3.0
201000038756,0010-07-17 14:25:00,10,7,17,14,25,620,186,"44, GARONNE (R DE LA )",,,Plein jour,En agglomération,Hors intersection,Normale,Deux véhicules - côté,,,,,,,,,,,1,2,1,1.0,3.0
201000038757,0010-08-05 17:00:00,10,8,5,17,0,620,510,"., DELEBECQUE (R GERMAIN",,,Plein jour,En agglomération,Hors intersection,Normale,Autre collision,,,,,,,,,,,1,2,1,1.0,6.0
201000038758,0010-08-14 15:40:00,10,8,14,15,40,620,563,"35, DUTOUQUET (R )",,,Plein jour,En agglomération,Hors intersection,Normale,Deux véhicules - côté,,,,,,,,,,,1,2,1,1.0,3.0
201000038759,0010-07-10 05:15:00,10,7,10,5,15,620,563,"., SOLDATS (CHE DES)",,,Crépuscule ou aube,En agglomération,Hors intersection,Normale,Sans collision,,,,,,,,,,,2,2,1,1.0,7.0
201000038760,0010-07-28 17:55:00,10,7,28,17,55,620,528,"., SUPERVIELLE (R )",,,Plein jour,En agglomération,Hors intersection,Normale,Deux véhicules - côté,,,,,,,,,,,1,2,1,1.0,3.0
201000038761,0010-08-17 07:45:00,10,8,17,7,45,620,19,"., BETHUNE (R DE)",,,Plein jour,En agglomération,Intersection en X,Normale,Trois véhicules et plus - collisions multiples,,,,,,,,,,,1,2,2,1.0,5.0
201000038762,0010-08-20 14:55:00,10,8,20,14,55,620,528,"., LANNES (R)",,,Plein jour,Hors agglomération,Intersection en X,Normale,Deux véhicules - côté,,,,,,,,,,,1,1,2,1.0,3.0
201000038763,0010-08-20 18:05:00,10,8,20,18,5,620,386,"., LAMENDIN (R ARTHUR)",,,Plein jour,En agglomération,Hors intersection,Normale,Trois véhicules et plus - en chaîne,,,,,,,,,,,1,2,1,1.0,4.0
201000038764,0010-08-19 14:10:00,10,8,19,14,10,620,510,"., MONTGOLFIER (R)",,,Plein jour,En agglomération,Hors intersection,Normale,Autre collision,,,,,,,,,,,1,2,1,1.0,6.0
201000038765,0010-08-07 03:40:00,10,8,7,3,40,620,19,"., BETHUNE (R DE)",,,Nuit avec éclairage allumé,En agglomération,Hors intersection,Normale,Sans collision,,,,,,,,,,,5,2,1,1.0,7.0
201000038766,0010-09-03 17:15:00,10,9,3,17,15,620,510,"., SULLY (R MAXIMILIEN)",,,Plein jour,En agglomération,Hors intersection,Normale,Sans collision,,,,,,,,,,,1,2,1,1.0,7.0
201000038767,0010-09-27 13:33:00,10,9,27,13,33,620,528,"., BETHUNE (RTE DE)",,,Plein jour,En agglomération,Hors intersection,Normale,Deux véhicules - côté,,,,,,,,,,,1,2,1,1.0,3.0