accident_id,datetime,annee,mois,jour,heure,minute,departement,commune_insee,adresse,latitude,longitude,luminosite,agglomeration,intersection,meteo,collision,nb_vehicules,nb_usagers,nb_indemnes,nb_tues,nb_blesses_hosp,nb_blesses_legers,age_cond_1,age_cond_2,veh_type_cond_1,veh_type_cond_2,lum_code,agg_code,int_code,atm_code,col_code
201000038768,0010-09-02 21:50:00,10,9,2,21,50,620,32,"., SOUCHEZ (RTE DE)",,,Crépuscule ou aube,En agglomération,Hors intersection,Normale,Autre collision,,,,,,,,,,,2,2,1,1.0,6.0
201000038769,0010-09-10 01:30:00,10,9,10,1,30,620,19,"., ARRAS (R D')",,,Nuit avec éclairage allumé,Hors agglomération,Hors intersection,Normale,Autre collision,,,,,,,,,,,5,1,1,1.0,6.0
201000038770,0010-09-19 02:40:00,10,9,19,2,40,620,19,"., BETHUNE (R DE)",,,Nuit avec éclairage allumé,En agglomération,Hors intersection,Normale,Sans collision,,,,,,,,,,,5,2,1,1.0,7.0
201000038771,0010-10-17 13:30:00,10,10,17,13,30,620,291,"., SALENGRO (R ROGER)",,,Plein jour,Hors agglomération,Intersection en X,Normale,Deux véhicules - frontale,,,,,,,,,,,1,1,2,1.0,1.0
201000038772,0010-10-15 20:35:00,10,10,15,20,35,620,510,"., MONTGOLFIER (R)",,,Crépuscule ou aube,En agglomération,Hors intersection,Normale,Deux véhicules - frontale,,,,,,,,,,,2,2,1,1.0,1.0
201000038773,0010-10-21 08:50:00,10,10,21,8,50,620,186,"., BEUGNET (R CASIMIR)",,,Plein jour,En agglomération,Hors intersection,Normale,Sans collision,,,,,,,,,,,1,2,1,1.0,7.0
201000038774,0010-10-23 00:35:00,10,10,23,0,35,620,186,"., SALENGRO (R ROGER)",,,Nuit avec éclairage allumé,En agglomération,Hors intersection,Normale,Deux véhicules - côté,,,,,,,,,,,5,2,1,1.0,3.0
201000038775,0010-10-29 19:45:00,10,10,29,19,45,620,510,"123, JAURES (AV JEAN )",,,Plein jour,En agglomération,Hors intersection,Normale,Deux véhicules - frontale,,,,,,,,,,,1,2,1,1.0,1.0
201000038776,0010-10-11 13:05:00,10,10,11,13,5,620,510,"., ROBESPIERRE (R MAXIMI",,,Plein jour,En agglomération,Hors intersection,Normale,Deux véhicules - côté,,,,,,,,,,,1,2,1,1.0,3.0
201000038777,0010-10-23 04:30:00,10,10,23,4,30,620,528,"17, MANIEZ (R ALEXANDRE)",,,Crépuscule ou aube,En agglomération,Hors intersection,Normale,Autre collision,,,,,,,,,,,2,2,1,1.0,6.0
201000038778,0010-11-03 12:48:00,10,11,3,12,48,620,528,"., SALENGRO (R ROGER)",,,Plein jour,En agglomération,Hors intersection,Normale,Autre collision,,,,,,,,,,,1,2,1,1.0,6.0
201000038779,0010-11-14 01:20:00,10,11,14,1,20,620,510,"17, DERNONCOURT (R HENRI",,,Nuit avec éclairage allumé,En agglomération,Hors intersection,Pluie forte,Autre collision,,,,,,,,,,,5,2,1,3.0,6.0
201000038780,0010-12-22 20:15:00,10,12,22,20,15,620,563,"., VERMELLES (R DE)",,,Crépuscule ou aube,En agglomération,Hors intersection,Normale,Deux véhicules - frontale,,,,,,,,,,,2,2,1,1.0,1.0
201000038781,0010-12-03 17:14:00,10,12,3,17,14,620,528,"., CHEMINEE (CHE DE LA)",,,Plein jour,Hors agglomération,Hors intersection,Neige / grêle,Deux véhicules - frontale,,,,,,,,,,,1,1,1,4.0,1.0
201000038782,0010-03-16 01:50:00,10,3,16,1,50,620,197,"40, BEUGNET ( RUE CASIMI",,,Nuit avec éclairage allumé,En agglomération,Hors intersection,Normale,Autre collision,,,,,,,,,,,5,2,1,1.0,6.0
201000038783,0010-04-01 17:00:00,10,4,1,17,0,620,224,RD 943,,,Plein jour,Hors agglomération,Hors intersection,Normale,Deux véhicules - frontale,,,,,,,,,,,1,1,1,1.0,1.0
201000038784,0010-06-19 20:00:00,10,6,19,20,0,620,224,"180, PRINCIPALE (RUE)",,,Plein jour,En agglomération,Intersection en T,Normale,Sans collision,,,,,,,,,,,1,2,3,1.0,7.0
201000038785,0010-07-22 15:50:00,10,7,22,15,50,620,194,PAIX ( BOULEVARD DE LA ),,,Plein jour,En agglomération,Giratoire,Normale,Deux véhicules - arrière,,,,,,,,,,,1,2,6,1.0,2.0
201000038786,0010-08-15 15:45:00,10,8,15,15,45,620,555,PERNES ( CHEMIN DE ),,,Plein jour,En agglomération,Hors intersection,Pluie légère,Sans collision,,,,,,,,,,,1,2,1,2.0,7.0
201000038787,0010-09-07 02:10:00,10,9,7,2,10,620,23,"2, LOZINGHEM (RUE DE )",,,Nuit avec éclairage allumé,En agglomération,Hors intersection,Temps couvert,Autre collision,,,,,,,,,,,5,2,1,8.0,6.0
201000038788,0010-09-13 10:45:00,10,9,13,10,45,620,555,"30, PASTEUR ( RUE LOUIS",,,Plein jour,En agglomération,Hors intersection,Normale,Autre collision,,,,,,,,,,,1,2,1,1.0,6.0
201000038789,0010-09-14 11:40:00,10,9,14,11,40,620,555,PAUL VAILLANT COUTURIER,,,Plein jour,En agglomération,Hors intersection,Normale,Deux véhicules - arrière,,,,,,,,,,,1,2,1,1.0,2.0
201000038790,0010-12-14 20:40:00,10,12,14,20,40,620,224,RD 943,,,Nuit avec éclairage allumé,En agglomération,Autre intersection,Autre,Trois véhicules et plus - en chaîne,,,,,,,,,,,5,2,9,9.0,4.0
201000038791,0010-02-12 06:35:00,10,2,12,6,35,620,540,RD 301 (ROCADE MINIERE),,,Nuit sans éclairage public,Hors agglomération,Hors intersection,Autre,Deux véhicules - frontale,,,,,,,,,,,3,1,1,9.0,1.0
201000038792,0010-04-24 19:55:00,10,4,24,19,55,620,617,"342, ROUTE NATIONALE (CD",,,Plein jour,En agglomération,Hors intersection,Normale,Trois véhicules et plus - collisions multiples,,,,,,,,,,,1,2,1,1.0,5.0
201000038793,0010-05-29 16:35:00,10,5,29,16,35,620,83,"101, VERSAILLES (RUE DE)",,,Plein jour,En agglomération,Hors intersection,Temps éblouissant,Autre collision,,,,,,,,,,,1,2,1,7.0,6.0
201000038794,0010-06-25 19:00:00,10,6,25,19,0,620,617,"25, JAURES (RUE JEAN)",,,Plein jour,En agglomération,Hors intersection,Normale,Deux véhicules - côté,,,,,,,,,,,1,2,1,1.0,3.0
201000038795,0010-07-02 17:20:00,10,7,2,17,20,620,737,CORNEILLE (RUE),,,Plein jour,En agglomération,Intersection en T,Normale,Deux véhicules - côté,,,,,,,,,,,1,2,3,1.0,3.0
201000038796,0010-09-04 18:20:00,10,9,4,18,20,620,737,RD 301 (ROCADE MINIERE),,,Plein jour,Hors agglomération,Hors intersection,Normale,Trois véhicules et plus - collisions multiples,,,,,,,,,,,1,1,1,1.0,5.0
201000038797,0010-11-04 22:00:00,10,11,4,22,0,620,737,DE GAULLE (BOULEVARD DU,,,Nuit avec éclairage allumé,En agglomération,Intersection en X,Normale,Deux véhicules - côté,,,,,,,,,,,5,2,2,1.0,3.0
201000038798,0010-11-18 14:35:00,10,11,18,14,35,620,737,"17, CLEMENCEAU (BOULEVAR",,,Plein jour,En agglomération,Hors intersection,Normale,Autre collision,,,,,,,,,,,1,2,1,1.0,6.0
201000038799,0010-12-04 17:45:00,10,12,4,17,45,620,617,"185, ROUTE NATIONALE (CD",,,Nuit avec éclairage allumé,En agglomération,Intersection en T,Neige / grêle,Deux véhicules - arrière,,,,,,,,,,,5,2,3,4.0,2.0
201000038800,0010-12-28 10:45:00,10,12,28,10,45,620,83,RD 301 (ROCADE MINIERE),,,Plein jour,Hors agglomération,Hors intersection,Autre,Autre collision,,,,,,,,,,,1,1,1,9.0,6.0
201000038801,0010-12-29 19:00:00,10,12,29,19,0,620,727,"0,00000000, D 188",,,Nuit avec éclairage allumé,Hors agglomération,Giratoire,Normale,Deux véhicules - côté,,,,,,,,,,,5,1,6,1.0,3.0
201000038802,0010-08-27 22:00:00,10,8,27,22,0,620,617,"0000000000, ROUTE NATION",,,Nuit sans éclairage public,Hors agglomération,Hors intersection,Normale,Sans collision,,,,,,,,,,,3,1,1,1.0,7.0
201000038803,0010-02-19 19:05:00,10,2,19,19,5,620,40,"65, DE GAULLE (AVE CHARL",,,Nuit avec éclairage allumé,En agglomération,Hors intersection,Normale,Autre collision,,,,,,,,,,,5,2,1,1.0,6.0
201000038804,0010-02-14 18:49:00,10,2,14,18,49,620,40,"19, DANVERS (RUE ADRIEN.",,,Nuit avec éclairage allumé,En agglomération,Hors intersection,Normale,Autre collision,,,,,,,,,,,5,2,1,1.0,6.0
201000038805,0010-04-13 23:30:00,10,4,13,23,30,620,765,"D928, SAINT MOMELIN (ROU",,,Nuit sans éclairage public,Hors agglomération,Hors intersection,Normale,Autre collision,,,,,,,,,,,3,1,1,1.0,6.0
201000038806,0010-05-11 01:47:00,10,5,11,1,47,620,765,SAINT MOMELIN (ROUTE DE.,,,Nuit sans éclairage public,Hors agglomération,Hors intersection,Normale,Autre collision,,,,,,,,,,,3,1,1,1.0,6.0
201000038807,0010-04-09 14:03:00,10,4,9,14,3,620,40,MITTERAND (AVE FRANCOIS.,,,Plein jour,En agglomération,Hors intersection,Normale,Deux véhicules - côté,,,,,,,,,,,1,2,1,1.0,3.0
201000038808,0010-05-31 16:55:00,10,5,31,16,55,620,40,ROCADE (DEVIATION D'ARQU,,,Plein jour,Hors agglomération,Hors intersection,Normale,Trois véhicules et plus - en chaîne,,,,,,,,,,,1,1,1,1.0,4.0
201000038809,0010-05-13 08:45:00,10,5,13,8,45,620,765,"41, CLAIRMARAIS (ROUTE D",,,Plein jour,En agglomération,Intersection en T,Normale,Deux véhicules - côté,,,,,,,,,,,1,2,3,1.0,3.0
201000038810,0010-06-14 06:15:00,10,6,14,6,15,620,525,WISQUES (ROUTE DE.......,,,Plein jour,En agglomération,Hors intersection,Normale,Autre collision,,,,,,,,,,,1,2,1,1.0,6.0
201000038811,0010-07-06 17:45:00,10,7,6,17,45,620,765,"22, COMMERCE (QUAI DU...",,,Plein jour,En agglomération,Hors intersection,Normale,Autre collision,,,,,,,,,,,1,2,1,1.0,6.0
201000038812,0010-09-08 15:05:00,10,9,8,15,5,620,525,FRAIS FONDS ( AVENUE DES,,,Plein jour,En agglomération,Hors intersection,Pluie légère,Autre collision,,,,,,,,,,,1,2,1,2.0,6.0
201000038813,0010-09-22 16:35:00,10,9,22,16,35,620,757,"1, CALAIS (RUE DE .....1",,,Plein jour,En agglomération,Hors intersection,Normale,Autre collision,,,,,,,,,,,1,2,1,1.0,6.0
201000038814,0010-10-04 09:55:00,10,10,4,9,55,620,765,STRASBOURG (BD.... 57 A,,,Plein jour,En agglomération,Hors intersection,Normale,Autre collision,,,,,,,,,,,1,2,1,1.0,6.0
201000038815,0010-09-29 12:05:00,10,9,29,12,5,620,765,"10, NOEL (RUE LOUIS.....",,,Plein jour,En agglomération,Hors intersection,Normale,Autre collision,,,,,,,,,,,1,2,1,1.0,6.0
201000038816,0010-11-06 00:35:00,10,11,6,0,35,620,40,RN.42,,,Nuit avec éclairage allumé,Hors agglomération,Giratoire,Pluie légère,Deux véhicules - frontale,,,,,,,,,,,5,1,6,2.0,1.0
201000038817,0010-11-21 18:00:00,10,11,21,18,0,620,139,CD 77,,,Nuit sans éclairage public,Hors agglomération,Hors intersection,Normale,Deux véhicules - frontale,,,,,,,,,,,3,1,1,1.0,1.0
201000038818,0010-11-19 07:05:00,10,11,19,7,5,620,757,RD 942,,,Nuit sans éclairage public,Hors agglomération,Giratoire,Normale,Deux véhicules - côté,,,,,,,,,,,3,1,6,1.0,3.0
201000038819,0010-12-06 18:25:00,10,12,6,18,25,620,40,"23, MENDES FRANCE (AVE P",,,Nuit avec éclairage allumé,En agglomération,Hors intersection,Temps couvert,Autre collision,,,,,,,,,,,5,2,1,8.0,6.0
201000038820,0010-01-13 08:30:00,10,1,13,8,30,620,826,"2, PICARDIE (AVENUE DE)",,,Crépuscule ou aube,En agglomération,Hors intersection,Neige / grêle,Deux véhicules - côté,,,,,,,,,,,2,2,1,4.0,3.0
201000038821,0010-03-20 06:47:00,10,3,20,6,47,620,826,"1, GENERAL DE GAULLE (AV",,,Nuit avec éclairage allumé,En agglomération,Hors intersection,Normale,Sans collision,,,,,,,,,,,5,2,1,1.0,7.0
201000038822,0010-05-28 10:20:00,10,5,28,10,20,620,826,"Clairière, PICARDIE (AVE",,,Plein jour,En agglomération,Intersection en X,Normale,Deux véhicules - côté,,,,,,,,,,,1,2,2,1.0,3.0
201000038823,0010-08-22 06:10:00,10,8,22,6,10,620,826,"7, GENERAL DE GAULLE (AV",,,Crépuscule ou aube,En agglomération,Hors intersection,Normale,Autre collision,,,,,,,,,,,2,2,1,1.0,6.0
201000038824,0010-11-13 14:45:00,10,11,13,14,45,620,826,"1, HIPPODROME (AVENUE DE",,,Plein jour,En agglomération,Giratoire,Pluie forte,Deux véhicules - côté,,,,,,,,,,,1,2,6,3.0,3.0
201000038825,0010-01-02 18:50:00,10,1,2,18,50,630,14,"., PRE LONG (RUE DE)",,,Nuit avec éclairage allumé,En agglomération,Hors intersection,Pluie légère,Autre collision,,,,,,,,,,,5,2,1,2.0,6.0
201000038826,0010-01-06 08:45:00,10,1,6,8,45,630,14,"., CAMPUS DES CEZEAUX",,,Plein jour,En agglomération,Hors intersection,Neige / grêle,Autre collision,,,,,,,,,,,1,2,1,4.0,6.0
201000038827,0010-01-08 11:25:00,10,1,8,11,25,630,32,"., ROMAGNAT (ROUTE DE)",,,Plein jour,En agglomération,Hors intersection,Pluie légère,Autre collision,,,,,,,,,,,1,2,1,2.0,6.0
201000038828,0010-01-10 18:00:00,10,1,10,18,0,630,32,"., EUROPE (AVENUE DE L')",,,Crépuscule ou aube,En agglomération,Hors intersection,Neige / grêle,Autre collision,,,,,,,,,,,2,2,1,4.0,6.0
201000038829,0010-01-12 16:30:00,10,1,12,16,30,630,113,"8, SABLON (COURS)",,,Plein jour,En agglomération,Hors intersection,Neige / grêle,Autre collision,,,,,,,,,,,1,2,1,4.0,6.0
201000038830,0010-01-12 19:45:00,10,1,12,19,45,630,14,"168, MOULIN (AVENUE JEAN",,,Nuit avec éclairage allumé,En agglomération,Hors intersection,Autre,Autre collision,,,,,,,,,,,5,2,1,9.0,6.0
201000038831,0010-01-13 12:10:00,10,1,13,12,10,630,14,"64, ROUSSILLON (AVENUE D",,,Plein jour,En agglomération,Hors intersection,Temps couvert,Deux véhicules - arrière,,,,,,,,,,,1,2,1,8.0,2.0
201000038832,0010-01-14 10:45:00,10,1,14,10,45,630,113,"., CARMES DECHAUX (PLACE",,,Plein jour,En agglomération,Hors intersection,Pluie légère,Autre collision,,,,,,,,,,,1,2,1,2.0,6.0
201000038833,0010-01-14 17:30:00,10,1,14,17,30,630,113,"., DUMAS (BD J.BAPTISTE)",,,Crépuscule ou aube,En agglomération,Hors intersection,Pluie légère,Autre collision,,,,,,,,,,,2,2,1,2.0,6.0
201000038834,0010-01-15 05:00:00,10,1,15,5,0,630,113,"63-65, LAFAYETTE (BD)",,,Nuit avec éclairage allumé,Hors agglomération,Intersection en X,Normale,Autre collision,,,,,,,,,,,5,1,2,1.0,6.0
201000038835,0010-01-15 16:50:00,10,1,15,16,50,630,113,"1, CHANELLES (RUE DES)",,,Plein jour,En agglomération,Hors intersection,Temps couvert,Deux véhicules - côté,,,,,,,,,,,1,2,1,8.0,3.0
201000038836,0010-01-17 19:10:00,10,1,17,19,10,630,113,"., FLAUBERT (BD GUSTAVE)",,,Crépuscule ou aube,En agglomération,Hors intersection,Normale,Autre collision,,,,,,,,,,,2,2,1,1.0,6.0
201000038837,0010-01-18 12:45:00,10,1,18,12,45,630,14,"., MOULIN (AVENUE JEAN)",,,Plein jour,En agglomération,Hors intersection,Autre,Autre collision,,,,,,,,,,,1,2,1,9.0,6.0
201000038838,0010-01-21 12:00:00,10,1,21,12,0,630,113,LIBERATION (AVENUE DE LA,,,Plein jour,En agglomération,Hors intersection,Normale,Autre collision,,,,,,,,,,,1,2,1,1.0,6.0
201000038839,0010-01-19 15:35:00,10,1,19,15,35,630,113,"1, GUYNEMER (RUE)",,,Plein jour,En agglomération,Hors intersection,Normale,Deux véhicules - côté,,,,,,,,,,,1,2,1,1.0,3.0
201000038840,0010-01-20 07:10:00,10,1,20,7,10,630,113,"., FONTGIEVE (RUE)",,,Crépuscule ou aube,En agglomération,Hors intersection,Normale,Autre collision,,,,,,,,,,,2,2,1,1.0,6.0
201000038841,0010-01-21 11:30:00,10,1,21,11,30,630,113,"., LAGARLAYE (RUE DE)",,,Plein jour,En agglomération,Hors intersection,Normale,Autre collision,,,,,,,,,,,1,2,1,1.0,6.0
201000038842,0010-01-22 18:05:00,10,1,22,18,5,630,113,"., MOULIN (BD JEAN)",,,Nuit avec éclairage non allumé,En agglomération,Intersection en X,Normale,Autre collision,,,,,,,,,,,4,2,2,1.0,6.0
201000038843,0010-01-22 10:05:00,10,1,22,10,5,630,113,"16B, SABLON (COURS)",,,Plein jour,En agglomération,Hors intersection,Normale,Deux véhicules - côté,,,,,,,,,,,1,2,1,1.0,3.0
201000038844,0010-01-22 11:00:00,10,1,22,11,0,630,113,"., LAVOISIERS (BD)",,,Plein jour,En agglomération,Hors intersection,Normale,Autre collision,,,,,,,,,,,1,2,1,1.0,6.0
201000038845,0010-01-23 06:30:00,10,1,23,6,30,630,113,"., PASTEUR (BD)",,,Nuit avec éclairage non allumé,En agglomération,Hors intersection,Normale,Autre collision,,,,,,,,,,,4,2,1,1.0,6.0
201000038846,0010-01-23 14:59:00,10,1,23,14,59,630,14,"., CHAMPVOISIN (RUE)",,,Plein jour,En agglomération,Giratoire,Normale,Autre collision,,,,,,,,,,,1,2,6,1.0,6.0
201000038847,0010-01-24 02:45:00,10,1,24,2,45,630,32,D2089,,,Nuit sans éclairage public,Hors agglomération,Hors intersection,Normale,Sans collision,,,,,,,,,,,3,1,1,1.0,7.0
201000038848,0010-01-24 18:15:00,10,1,24,18,15,630,113,"., COHENDY (RUE DR)",,,Nuit avec éclairage allumé,En agglomération,Hors intersection,Pluie légère,Autre collision,,,,,,,,,,,5,2,1,2.0,6.0
201000038849,0010-01-27 07:15:00,10,1,27,7,15,630,113,"., SCHUMAN (BD ROBERT)",,,Nuit avec éclairage allumé,En agglomération,Hors intersection,Normale,Autre collision,,,,,,,,,,,5,2,1,1.0,6.0
201000038850,0010-01-27 14:40:00,10,1,27,14,40,630,113,"26bis, ETATS-UNIS (AVENU",,,Plein jour,En agglomération,Hors intersection,Normale,Autre collision,,,,,,,,,,,1,2,1,1.0,6.0
201000038851,0010-01-27 16:15:00,10,1,27,16,15,630,113,"., JAURES (BD JEAN)",,,Plein jour,En agglomération,Hors intersection,Normale,Autre collision,,,,,,,,,,,1,2,1,1.0,6.0
201000038852,0010-01-27 13:55:00,10,1,27,13,55,630,113,"., BRUGIERE (BD AMBROISE",,,Plein jour,En agglomération,Hors intersection,Normale,Autre collision,,,,,,,,,,,1,2,1,1.0,6.0
201000038853,0010-01-28 20:35:00,10,1,28,20,35,630,113,"., JAURES (BD JEAN)",,,Nuit avec éclairage allumé,En agglomération,Hors intersection,Pluie légère,Autre collision,,,,,,,,,,,5,2,1,2.0,6.0
201000038854,0010-01-29 00:45:00,10,1,29,0,45,630,113,"1, CRISTAL (AVENUE ERNES",,,Nuit avec éclairage allumé,Hors agglomération,Intersection en T,Normale,Deux véhicules - côté,,,,,,,,,,,5,1,3,1.0,3.0
201000038855,0010-01-29 12:15:00,10,1,29,12,15,630,113,"65, BREZET (AVENUE)",,,Plein jour,En agglomération,Hors intersection,Normale,Autre collision,,,,,,,,,,,1,2,1,1.0,6.0
201000038856,0010-02-01 08:00:00,10,2,1,8,0,630,113,"., SABLON (COURS)",,,Crépuscule ou aube,En agglomération,Hors intersection,Normale,Autre collision,,,,,,,,,,,2,2,1,1.0,6.0
201000038857,0010-02-02 18:20:00,10,2,2,18,20,630,113,"., CRISTAL (AVENUE ERNES",,,Nuit avec éclairage allumé,En agglomération,Hors intersection,Normale,Autre collision,,,,,,,,,,,5,2,1,1.0,6.0
201000038858,0010-02-04 14:40:00,10,2,4,14,40,630,113,"1, KENNEDY (BD J.F.)",,,Plein jour,En agglomération,Hors intersection,Normale,Deux véhicules - côté,,,,,,,,,,,1,2,1,1.0,3.0
201000038859,0010-02-04 18:15:00,10,2,4,18,15,630,113,"., BEAUMARCHAIS (RUE)",,,Crépuscule ou aube,En agglomération,Hors intersection,Normale,Autre collision,,,,,,,,,,,2,2,1,1.0,6.0
201000038860,0010-02-04 18:30:00,10,2,4,18,30,630,32,"., EUROPE (AVENUE DE L')",,,Nuit avec éclairage allumé,En agglomération,Hors intersection,Normale,Autre collision,,,,,,,,,,,5,2,1,1.0,6.0
201000038861,0010-02-06 22:10:00,10,2,6,22,10,630,113,"1, FLAUBERT (BD GUSTAVE)",,,Nuit avec éclairage allumé,En agglomération,Hors intersection,Normale,Deux véhicules - côté,,,,,,,,,,,5,2,1,1.0,3.0
201000038862,0010-02-07 05:25:00,10,2,7,5,25,630,113,"., COTE BLATIN (BD)",,,Nuit avec éclairage allumé,En agglomération,Intersection en X,Pluie légère,Deux véhicules - côté,,,,,,,,,,,5,2,2,2.0,3.0
201000038863,0010-02-05 15:10:00,10,2,5,15,10,630,113,"., KENNEDY (BD J.F.)",,,Plein jour,En agglomération,Hors intersection,Normale,Sans collision,,,,,,,,,,,1,2,1,1.0,7.0
201000038864,0010-02-11 13:10:00,10,2,11,13,10,630,113,"., CHARTOIRE (BD LOUIS)",,,Plein jour,En agglomération,Hors intersection,Neige / grêle,Sans collision,,,,,,,,,,,1,2,1,4.0,7.0
201000038865,0010-02-16 08:40:00,10,2,16,8,40,630,32,", D2089",,,Plein jour,En agglomération,Hors intersection,Normale,Autre collision,,,,,,,,,,,1,2,1,1.0,6.0
201000038866,0010-02-18 18:40:00,10,2,18,18,40,630,75,"114, ROYAT (AVENUE DE)",,,Nuit avec éclairage allumé,En agglomération,Hors intersection,Normale,Autre collision,,,,,,,,,,,5,2,1,1.0,6.0
201000038867,0010-02-18 20:00:00,10,2,18,20,0,630,113,"., AGRICULTURE (AVENUE D",,,Nuit avec éclairage allumé,En agglomération,Hors intersection,Normale,Autre collision,,,,,,,,,,,5,2,1,1.0,6.0
201000038868,0010-02-19 08:20:00,10,2,19,8,20,630,113,"., UNION SOVIETIQUE (AVE",,,Plein jour,En agglomération,Hors intersection,Pluie légère,Autre collision,,,,,,,,,,,1,2,1,2.0,6.0
201000038869,0010-02-22 06:20:00,10,2,22,6,20,630,113,"23, MARGERIDE (AVENUE DE",,,Nuit avec éclairage allumé,En agglomération,Hors intersection,Normale,Autre collision,,,,,,,,,,,5,2,1,1.0,6.0
201000038870,0010-02-22 16:35:00,10,2,22,16,35,630,14,"28, NOELLET (AVENUE JEAN",,,Plein jour,En agglomération,Hors intersection,Normale,Deux véhicules - arrière,,,,,,,,,,,1,2,1,1.0,2.0
201000038871,0010-02-22 20:20:00,10,2,22,20,20,630,113,"., SUGNY (PLACE)",,,Crépuscule ou aube,En agglomération,Hors intersection,Autre,Autre collision,,,,,,,,,,,2,2,1,9.0,6.0
201000038872,0010-02-26 10:00:00,10,2,26,10,0,630,113,"74, ORADOU (RUE DE L')",,,Plein jour,En agglomération,Hors intersection,Normale,Autre collision,,,,,,,,,,,1,2,1,1.0,6.0
201000038873,0010-02-26 15:10:00,10,2,26,15,10,630,113,"1, LAMARTINE (RUE)",,,Plein jour,En agglomération,Intersection en X,Normale,Deux véhicules - côté,,,,,,,,,,,1,2,2,1.0,3.0
201000038874,0010-02-27 14:00:00,10,2,27,14,0,630,75,"12, CHAMPREAL (RUE DE)",,,Plein jour,En agglomération,Hors intersection,Normale,Autre collision,,,,,,,,,,,1,2,1,1.0,6.0
201000038875,0010-02-28 06:20:00,10,2,28,6,20,630,70,D798,,,Nuit avec éclairage allumé,Hors agglomération,Hors intersection,Normale,Sans collision,,,,,,,,,,,5,1,1,1.0,7.0
201000038876,0010-02-28 12:05:00,10,2,28,12,5,630,113,"., FLAUBERT (BD GUSTAVE)",,,Plein jour,En agglomération,Hors intersection,Normale,Autre collision,,,,,,,,,,,1,2,1,1.0,6.0
201000038877,0010-02-28 12:30:00,10,2,28,12,30,630,113,"1, FLAUBERT (BD GUSTAVE)",,,Plein jour,En agglomération,Hors intersection,Normale,Deux véhicules - côté,,,,,,,,,,,1,2,1,1.0,3.0
201000038878,0010-03-02 14:08:00,10,3,2,14,8,630,113,"32, REPUBLIQUE (AVENUE D",,,Plein jour,En agglomération,Hors intersection,Normale,Autre collision,,,,,,,,,,,1,2,1,1.0,6.0
201000038879,0010-03-03 07:50:00,10,3,3,7,50,630,113,"., BINGEN (BD JACQUES)",,,Crépuscule ou aube,En agglomération,Hors intersection,Normale,Autre collision,,,,,,,,,,,2,2,1,1.0,6.0
201000038880,0010-03-03 16:20:00,10,3,3,16,20,630,75,"18, BERT (AVENUE PAUL)",,,Plein jour,En agglomération,Hors intersection,Normale,Autre collision,,,,,,,,,,,1,2,1,1.0,6.0
201000038881,0010-03-03 17:00:00,10,3,3,17,0,630,113,"1, D769",,,Plein jour,Hors agglomération,Hors intersection,Pluie légère,Deux véhicules - côté,,,,,,,,,,,1,1,1,2.0,3.0
201000038882,0010-03-03 18:56:00,10,3,3,18,56,630,14,"., DE GAULLE (AVENUE CHA",,,Nuit avec éclairage allumé,En agglomération,Hors intersection,Pluie légère,Autre collision,,,,,,,,,,,5,2,1,2.0,6.0
201000038883,0010-03-04 13:10:00,10,3,4,13,10,630,113,"., UNION SOVIETIQUE (AVE",,,Plein jour,En agglomération,Hors intersection,Normale,Autre collision,,,,,,,,,,,1,2,1,1.0,6.0
201000038884,0010-03-05 17:55:00,10,3,5,17,55,630,113,"., REPUBLIQUE (AVENUE DE",,,Plein jour,En agglomération,Hors intersection,Normale,Autre collision,,,,,,,,,,,1,2,1,1.0,6.0
201000038885,0010-03-05 12:00:00,10,3,5,12,0,630,113,"9, ROMAGNAT (RUE DE)",,,Plein jour,En agglomération,Hors intersection,Normale,Autre collision,,,,,,,,,,,1,2,1,1.0,6.0
201000038886,0010-03-08 09:06:00,10,3,8,9,6,630,113,"., MEUNIERS (RUE DES)",,,Plein jour,En agglomération,Intersection en X,Normale,Autre collision,,,,,,,,,,,1,2,2,1.0,6.0
201000038887,0010-03-08 10:20:00,10,3,8,10,20,630,113,"., CLEMENTEL (BD ETIENNE",,,Plein jour,Hors agglomération,Hors intersection,Normale,Autre collision,,,,,,,,,,,1,1,1,1.0,6.0
201000038888,0010-03-08 11:00:00,10,3,8,11,0,630,113,"., PASTEUR (BD)",,,Plein jour,En agglomération,Intersection en X,Normale,Autre collision,,,,,,,,,,,1,2,2,1.0,6.0
201000038889,0010-03-08 18:15:00,10,3,8,18,15,630,113,"1, FLAUBERT (BD GUSTAVE)",,,Plein jour,En agglomération,Hors intersection,Normale,Deux véhicules - côté,,,,,,,,,,,1,2,1,1.0,3.0
201000038890,0010-03-09 06:43:00,10,3,9,6,43,630,113,"73, DIOMEDE (RUE PAUL)",,,Nuit avec éclairage allumé,En agglomération,Hors intersection,Normale,Autre collision,,,,,,,,,,,5,2,1,1.0,6.0
201000038891,0010-03-09 00:40:00,10,3,9,0,40,630,113,"., VINCI (AVENUE LEONARD",,,Nuit avec éclairage allumé,En agglomération,Hors intersection,Normale,Autre collision,,,,,,,,,,,5,2,1,1.0,6.0
201000038892,0010-03-10 10:30:00,10,3,10,10,30,630,113,"24, SAINTE ROSE (RUE)",,,Plein jour,En agglomération,Hors intersection,Normale,Autre collision,,,,,,,,,,,1,2,1,1.0,6.0
201000038893,0010-03-10 15:35:00,10,3,10,15,35,630,113,"., FLEURY (BD)",,,Plein jour,En agglomération,Hors intersection,Normale,Autre collision,,,,,,,,,,,1,2,1,1.0,6.0