accident_id,datetime,annee,mois,jour,heure,minute,departement,commune_insee,adresse,latitude,longitude,luminosite,agglomeration,intersection,meteo,collision,nb_vehicules,nb_usagers,nb_indemnes,nb_tues,nb_blesses_hosp,nb_blesses_legers,age_cond_1,age_cond_2,veh_type_cond_1,veh_type_cond_2,lum_code,agg_code,int_code,atm_code,col_code
201000038894,0010-03-11 18:30:00,10,3,11,18,30,630,113,"1, LAGARLAYE (RUE DE)",,,Plein jour,En agglomération,Hors intersection,Normale,Trois véhicules et plus - en chaîne,,,,,,,,,,,1,2,1,1.0,4.0
201000038895,0010-03-12 07:39:00,10,3,12,7,39,630,113,"., CHANCROLE (RUE DE)",,,Plein jour,En agglomération,Hors intersection,Normale,Autre collision,,,,,,,,,,,1,2,1,1.0,6.0
201000038896,0010-03-12 17:40:00,10,3,12,17,40,630,113,"., MITTERRAND (BD FRANCO",,,Plein jour,En agglomération,Hors intersection,Normale,Autre collision,,,,,,,,,,,1,2,1,1.0,6.0
201000038897,0010-03-13 13:15:00,10,3,13,13,15,630,14,"., CRISTAL (AVENUE ERNES",,,Plein jour,En agglomération,Hors intersection,Normale,Sans collision,,,,,,,,,,,1,2,1,1.0,7.0
201000038898,0010-03-15 19:30:00,10,3,15,19,30,630,113,"., DAGUERRE (RUE)",,,Plein jour,En agglomération,Intersection en X,Normale,Autre collision,,,,,,,,,,,1,2,2,1.0,6.0
201000038899,0010-03-15 16:30:00,10,3,15,16,30,630,75,"62, ROYAT (AVENUE DE)",,,Plein jour,En agglomération,Hors intersection,Normale,Autre collision,,,,,,,,,,,1,2,1,1.0,6.0
201000038900,0010-03-15 17:05:00,10,3,15,17,5,630,113,"82bis, REPUBLIQUE (AVENU",,,Plein jour,En agglomération,Hors intersection,Normale,Trois véhicules et plus - en chaîne,,,,,,,,,,,1,2,1,1.0,4.0
201000038901,0010-03-16 18:30:00,10,3,16,18,30,630,113,"., JAUDE PLACE DE)",,,Plein jour,En agglomération,Hors intersection,Normale,Autre collision,,,,,,,,,,,1,2,1,1.0,6.0
201000038902,0010-03-16 21:50:00,10,3,16,21,50,630,113,"., MOULIN (BD JEAN)",,,Nuit avec éclairage allumé,En agglomération,Hors intersection,Normale,Autre collision,,,,,,,,,,,5,2,1,1.0,6.0
201000038903,0010-03-17 15:50:00,10,3,17,15,50,630,113,"1, POMPIDOU (BD GEORGES)",,,Plein jour,Hors agglomération,Hors intersection,Normale,Deux véhicules - arrière,,,,,,,,,,,1,1,1,1.0,2.0
201000038904,0010-03-17 12:35:00,10,3,17,12,35,630,113,"., BLERIOT (AVENUE LOUIS",,,Plein jour,En agglomération,Hors intersection,Normale,Autre collision,,,,,,,,,,,1,2,1,1.0,6.0
201000038905,0010-03-18 07:26:00,10,3,18,7,26,630,113,"78 BIS, MICHELIN (AVENUE",,,Plein jour,En agglomération,Hors intersection,Normale,Autre collision,,,,,,,,,,,1,2,1,1.0,6.0
201000038906,0010-03-18 08:10:00,10,3,18,8,10,630,113,"58, SAINT JEAN (BD)",,,Plein jour,En agglomération,Hors intersection,Normale,Autre collision,,,,,,,,,,,1,2,1,1.0,6.0
201000038907,0010-03-20 06:00:00,10,3,20,6,0,630,113,"., FONTAINE DU LARGE (RU",,,Nuit avec éclairage allumé,En agglomération,Hors intersection,Normale,Deux véhicules - côté,,,,,,,,,,,5,2,1,1.0,3.0
201000038908,0010-03-19 12:30:00,10,3,19,12,30,630,113,"., CHARME (RUE DE LA)",,,Plein jour,En agglomération,Hors intersection,Normale,Autre collision,,,,,,,,,,,1,2,1,1.0,6.0
201000038909,0010-03-22 12:50:00,10,3,22,12,50,630,113,"., JAURES (BD JEAN)",,,Plein jour,En agglomération,Intersection en X,Normale,Autre collision,,,,,,,,,,,1,2,2,1.0,6.0
201000038910,0010-03-22 21:40:00,10,3,22,21,40,630,113,"1, GANTIERE (RUE DE LA)",,,Nuit avec éclairage allumé,En agglomération,Hors intersection,Normale,Deux véhicules - côté,,,,,,,,,,,5,2,1,1.0,3.0
201000038911,0010-03-23 07:38:00,10,3,23,7,38,630,113,"79, LIMOUSIN (AVENUE DU)",,,Plein jour,En agglomération,Hors intersection,Normale,Autre collision,,,,,,,,,,,1,2,1,1.0,6.0
201000038912,0010-03-23 08:50:00,10,3,23,8,50,630,113,"., AURIOL (BOULEBARD VIN",,,Plein jour,En agglomération,Hors intersection,Normale,Autre collision,,,,,,,,,,,1,2,1,1.0,6.0
201000038913,0010-03-24 09:55:00,10,3,24,9,55,630,113,SAINT JEAN (BD),,,Plein jour,En agglomération,Hors intersection,Normale,Autre collision,,,,,,,,,,,1,2,1,1.0,6.0
201000038914,0010-03-25 09:05:00,10,3,25,9,5,630,113,"1, FRANCE (RUE ANATOLE)",,,Plein jour,En agglomération,Intersection en T,Normale,Trois véhicules et plus - collisions multiples,,,,,,,,,,,1,2,3,1.0,5.0
201000038915,0010-03-26 15:30:00,10,3,26,15,30,630,113,"., MITTERRAND (BD FRANCO",,,Plein jour,En agglomération,Intersection en X,Normale,Autre collision,,,,,,,,,,,1,2,2,1.0,6.0
201000038916,0010-03-26 15:50:00,10,3,26,15,50,630,113,"., JOFFRE (RUE DU MAL)",,,Plein jour,En agglomération,Hors intersection,Pluie légère,Deux véhicules - côté,,,,,,,,,,,1,2,1,2.0,3.0
201000038917,0010-03-26 15:50:00,10,3,26,15,50,630,113,"1, CARNOT (AVENUE)",,,Plein jour,En agglomération,Hors intersection,Normale,Deux véhicules - côté,,,,,,,,,,,1,2,1,1.0,3.0
201000038918,0010-03-27 16:35:00,10,3,27,16,35,630,113,"8, MARRONNIERS (ALLEE DE",,,Plein jour,En agglomération,Hors intersection,Pluie légère,Autre collision,,,,,,,,,,,1,2,1,2.0,6.0
201000038919,0010-04-01 11:42:00,10,4,1,11,42,630,113,"., ESTIENNE (RUE PIERRE)",,,Plein jour,En agglomération,Hors intersection,Normale,Autre collision,,,,,,,,,,,1,2,1,1.0,6.0
201000038920,0010-04-02 13:15:00,10,4,2,13,15,630,113,"., PUY DE DOME (AVENUE D",,,Plein jour,En agglomération,Hors intersection,Normale,Autre collision,,,,,,,,,,,1,2,1,1.0,6.0
201000038921,0010-04-03 10:20:00,10,4,3,10,20,630,113,"., TORPILLEUR SIROCCO (R",,,Plein jour,En agglomération,Hors intersection,Normale,Autre collision,,,,,,,,,,,1,2,1,1.0,6.0
201000038922,0010-04-03 12:20:00,10,4,3,12,20,630,113,"., POURCHON (BD MAURICE)",,,Plein jour,En agglomération,Intersection en X,Normale,Autre collision,,,,,,,,,,,1,2,2,1.0,6.0
201000038923,0010-04-05 13:10:00,10,4,5,13,10,630,113,"., COTE BLATIN (BD)",,,Plein jour,En agglomération,Intersection en X,Normale,Autre collision,,,,,,,,,,,1,2,2,1.0,6.0
201000038924,0010-04-05 16:15:00,10,4,5,16,15,630,113,"., MEUNIERS (RUE DES)",,,Plein jour,En agglomération,Hors intersection,Normale,Autre collision,,,,,,,,,,,1,2,1,1.0,6.0
201000038925,0010-04-03 13:50:00,10,4,3,13,50,630,113,"1, MONTLOSIER (RUE)",,,Plein jour,En agglomération,Hors intersection,Normale,Deux véhicules - côté,,,,,,,,,,,1,2,1,1.0,3.0
201000038926,0010-04-07 11:15:00,10,4,7,11,15,630,113,"., KESSLER (RUE)",,,Plein jour,En agglomération,Intersection en X,Normale,Autre collision,,,,,,,,,,,1,2,2,1.0,6.0
201000038927,0010-04-07 12:20:00,10,4,7,12,20,630,113,"130, LAFAYETTE (BD)",,,Plein jour,En agglomération,Hors intersection,Normale,Autre collision,,,,,,,,,,,1,2,1,1.0,6.0
201000038928,0010-04-07 15:15:00,10,4,7,15,15,630,113,"1, BENNETT (RUE GORDON)",,,Plein jour,En agglomération,Giratoire,Normale,Deux véhicules - côté,,,,,,,,,,,1,2,6,1.0,3.0
201000038929,0010-04-08 07:00:00,10,4,8,7,0,630,113,"., COTE BLATIN (BD)",,,Crépuscule ou aube,En agglomération,Intersection en X,Normale,Autre collision,,,,,,,,,,,2,2,2,1.0,6.0
201000038930,0010-04-08 08:50:00,10,4,8,8,50,630,113,"., BINGEN (BD JACQUES)",,,Plein jour,En agglomération,Hors intersection,Normale,Autre collision,,,,,,,,,,,1,2,1,1.0,6.0
201000038931,0010-04-08 19:15:00,10,4,8,19,15,630,113,"., JULIEN (AVENUE)",,,Plein jour,En agglomération,Intersection en X,Normale,Autre collision,,,,,,,,,,,1,2,2,1.0,6.0
201000038932,0010-04-09 08:25:00,10,4,9,8,25,630,113,"., JULIEN (AVENUE)",,,Plein jour,En agglomération,Intersection en X,Normale,Autre collision,,,,,,,,,,,1,2,2,1.0,6.0
201000038933,0010-04-12 12:50:00,10,4,12,12,50,630,14,"., GERGOVIE (RUE DE)",,,Plein jour,En agglomération,Hors intersection,Normale,Autre collision,,,,,,,,,,,1,2,1,1.0,6.0
201000038934,0010-04-14 14:50:00,10,4,14,14,50,630,113,"., QUINET (BD EDGAR)",,,Plein jour,En agglomération,Hors intersection,Normale,Autre collision,,,,,,,,,,,1,2,1,1.0,6.0
201000038935,0010-04-16 15:45:00,10,4,16,15,45,630,113,VERNE (RUE JULES),,,Plein jour,En agglomération,Intersection en X,Normale,Autre collision,,,,,,,,,,,1,2,2,1.0,6.0
201000038936,0010-04-16 15:50:00,10,4,16,15,50,630,113,"1, MOULIN (BD JEAN)",,,Plein jour,En agglomération,Hors intersection,Normale,Sans collision,,,,,,,,,,,1,2,1,1.0,7.0
201000038937,0010-04-16 16:50:00,10,4,16,16,50,630,113,"., FLAUBERT (BD GUSTAVE)",,,Plein jour,En agglomération,Hors intersection,Normale,Autre collision,,,,,,,,,,,1,2,1,1.0,6.0
201000038938,0010-04-16 23:20:00,10,4,16,23,20,630,113,"90, MERMOZ (AVENUE JEAN)",,,Nuit avec éclairage allumé,En agglomération,Hors intersection,Normale,Autre collision,,,,,,,,,,,5,2,1,1.0,6.0
201000038939,0010-04-17 15:45:00,10,4,17,15,45,630,113,"1, REPUBLIQUE (AVENUE DE",,,Plein jour,En agglomération,Hors intersection,Normale,Autre collision,,,,,,,,,,,1,2,1,1.0,6.0
201000038940,0010-04-18 17:10:00,10,4,18,17,10,630,113,"63, BLATIN (RUE)",,,Plein jour,En agglomération,Hors intersection,Normale,Autre collision,,,,,,,,,,,1,2,1,1.0,6.0
201000038941,0010-04-18 19:45:00,10,4,18,19,45,630,113,"66, BERTHELOT (BOULEVARD",,,Plein jour,En agglomération,Hors intersection,Normale,Autre collision,,,,,,,,,,,1,2,1,1.0,6.0
201000038942,0010-04-19 15:10:00,10,4,19,15,10,630,113,D769,,,Plein jour,Hors agglomération,Hors intersection,Normale,Deux véhicules - arrière,,,,,,,,,,,1,1,1,1.0,2.0
201000038943,0010-04-19 17:30:00,10,4,19,17,30,630,113,"., DURTOL (RUE DE)",,,Plein jour,En agglomération,Hors intersection,Normale,Autre collision,,,,,,,,,,,1,2,1,1.0,6.0
201000038944,0010-04-20 13:10:00,10,4,20,13,10,630,113,"., BLERIOT (AVENUE LOUIS",,,Plein jour,Hors agglomération,Intersection en T,Normale,Autre collision,,,,,,,,,,,1,1,3,1.0,6.0
201000038945,0010-04-21 13:20:00,10,4,21,13,20,630,113,CARMES DECHAUX (PLACE),,,Plein jour,En agglomération,Intersection à plus de 4 branches,Normale,Autre collision,,,,,,,,,,,1,2,5,1.0,6.0
201000038946,0010-04-21 09:50:00,10,4,21,9,50,630,113,"1, LEDRU (RUE)",,,Plein jour,En agglomération,Intersection en X,Normale,Deux véhicules - côté,,,,,,,,,,,1,2,2,1.0,3.0
201000038947,0010-04-21 11:55:00,10,4,21,11,55,630,75,"41, GAMBETTA (BOULEVARD)",,,Plein jour,En agglomération,Hors intersection,Normale,Autre collision,,,,,,,,,,,1,2,1,1.0,6.0
201000038948,0010-04-22 17:30:00,10,4,22,17,30,630,113,DURAND (RUE GILLES),,,Plein jour,En agglomération,Intersection en X,Normale,Deux véhicules - côté,,,,,,,,,,,1,2,2,1.0,3.0
201000038949,0010-04-22 18:00:00,10,4,22,18,0,630,113,"17, BONNABAUD (RUE)",,,Plein jour,En agglomération,Hors intersection,Normale,Autre collision,,,,,,,,,,,1,2,1,1.0,6.0
201000038950,0010-04-23 16:35:00,10,4,23,16,35,630,14,"22, COURNON (AVENUE DE)",,,Plein jour,En agglomération,Hors intersection,Normale,Autre collision,,,,,,,,,,,1,2,1,1.0,6.0
201000038951,0010-04-23 16:50:00,10,4,23,16,50,630,14,"115TER, COURNON (AVENUE",,,Plein jour,En agglomération,Hors intersection,Normale,Trois véhicules et plus - en chaîne,,,,,,,,,,,1,2,1,1.0,4.0
201000038952,0010-04-24 09:25:00,10,4,24,9,25,630,113,"., CYPRES (RUE DES)",,,Plein jour,En agglomération,Intersection en T,Normale,Autre collision,,,,,,,,,,,1,2,3,1.0,6.0
201000038953,0010-04-25 10:30:00,10,4,25,10,30,630,113,"., PLATS (RUE DES)",,,Plein jour,En agglomération,Hors intersection,Normale,Autre collision,,,,,,,,,,,1,2,1,1.0,6.0
201000038954,0010-04-25 12:45:00,10,4,25,12,45,630,113,"., SCHUMAN (BD ROBERT)",,,Plein jour,En agglomération,Giratoire,Normale,Autre collision,,,,,,,,,,,1,2,6,1.0,6.0
201000038955,0010-04-25 15:55:00,10,4,25,15,55,630,113,"75, BLUM (AVENUE LEON)",,,Plein jour,En agglomération,Hors intersection,Normale,Autre collision,,,,,,,,,,,1,2,1,1.0,6.0
201000038956,0010-04-26 04:50:00,10,4,26,4,50,630,113,"1, BREZET (AVENUE)",,,Nuit avec éclairage allumé,Hors agglomération,Hors intersection,Normale,Sans collision,,,,,,,,,,,5,1,1,1.0,7.0
201000038957,0010-04-28 07:00:00,10,4,28,7,0,630,113,"74, JAURES (BD JEAN)",,,Plein jour,En agglomération,Hors intersection,Normale,Autre collision,,,,,,,,,,,1,2,1,1.0,6.0
201000038958,0010-04-28 09:20:00,10,4,28,9,20,630,113,"., FOREST (AVENUE FERNAN",,,Plein jour,En agglomération,Hors intersection,Normale,Deux véhicules - arrière,,,,,,,,,,,1,2,1,1.0,2.0
201000038959,0010-04-29 04:00:00,10,4,29,4,0,630,113,"213, CLEMENTEL (BD ETIEN",,,Nuit avec éclairage allumé,En agglomération,Hors intersection,Normale,Autre collision,,,,,,,,,,,5,2,1,1.0,6.0
201000038960,0010-04-26 18:30:00,10,4,26,18,30,630,75,"., EUROPE (CARREFOUR DE",,,Plein jour,En agglomération,Hors intersection,Normale,Autre collision,,,,,,,,,,,1,2,1,1.0,6.0
201000038961,0010-04-30 01:50:00,10,4,30,1,50,630,113,"., ROOSEVELT (AVENUE FRA",,,Nuit avec éclairage allumé,En agglomération,Hors intersection,Normale,Autre collision,,,,,,,,,,,5,2,1,1.0,6.0
201000038962,0010-04-30 03:15:00,10,4,30,3,15,630,113,"12, LAVOISIERS (BD)",,,Nuit avec éclairage allumé,En agglomération,Hors intersection,Normale,Autre collision,,,,,,,,,,,5,2,1,1.0,6.0
201000038963,0010-04-30 08:55:00,10,4,30,8,55,630,113,"06, TRUDAINE (BD)",,,Plein jour,En agglomération,Hors intersection,Pluie légère,Autre collision,,,,,,,,,,,1,2,1,2.0,6.0
201000038964,0010-04-30 14:10:00,10,4,30,14,10,630,113,"., MERMOZ (AVENUE JEAN)",,,Plein jour,En agglomération,Hors intersection,Normale,Autre collision,,,,,,,,,,,1,2,1,1.0,6.0
201000038965,0010-05-01 14:40:00,10,5,1,14,40,630,113,"1, CROIX LEONARDOUX (RUE",,,Plein jour,En agglomération,Hors intersection,Normale,Autre collision,,,,,,,,,,,1,2,1,1.0,6.0
201000038966,0010-05-01 18:13:00,10,5,1,18,13,630,113,"15, FONTAINE DU BAC (RUE",,,Plein jour,En agglomération,Hors intersection,Pluie légère,Autre collision,,,,,,,,,,,1,2,1,2.0,6.0
201000038967,0010-05-03 08:45:00,10,5,3,8,45,630,113,"185, CLEMENTEL (BD ETIEN",,,Plein jour,En agglomération,Hors intersection,Normale,Autre collision,,,,,,,,,,,1,2,1,1.0,6.0
201000038968,0010-05-03 19:20:00,10,5,3,19,20,630,14,"., CRISTAL (AVENUE ERNES",,,Plein jour,En agglomération,Hors intersection,Pluie légère,Autre collision,,,,,,,,,,,1,2,1,2.0,6.0
201000038969,0010-05-04 13:25:00,10,5,4,13,25,630,113,"32, REPUBLIQUE (AVENUE D",,,Plein jour,Hors agglomération,Hors intersection,Pluie légère,Autre collision,,,,,,,,,,,1,1,1,2.0,6.0
201000038970,0010-05-05 21:20:00,10,5,5,21,20,630,113,"10, CORDELIERS (RUE DES)",,,Nuit avec éclairage allumé,En agglomération,Hors intersection,Pluie forte,Autre collision,,,,,,,,,,,5,2,1,3.0,6.0
201000038971,0010-05-10 11:30:00,10,5,10,11,30,630,113,"., FLAUBERT (BD GUSTAVE)",,,Plein jour,En agglomération,Giratoire,Normale,Autre collision,,,,,,,,,,,1,2,6,1.0,6.0
201000038972,0010-05-10 17:00:00,10,5,10,17,0,630,14,"., DE GAULLE (AVENUE CHA",,,Plein jour,En agglomération,Hors intersection,Normale,Autre collision,,,,,,,,,,,1,2,1,1.0,6.0
201000038973,0010-05-11 06:00:00,10,5,11,6,0,630,113,"., AURIOL (BOULEBARD VIN",,,Nuit avec éclairage allumé,En agglomération,Hors intersection,Pluie forte,Autre collision,,,,,,,,,,,5,2,1,3.0,6.0
201000038974,0010-05-14 09:25:00,10,5,14,9,25,630,113,"1, FLAMENG (RUE)",,,Plein jour,En agglomération,Intersection en T,Normale,Autre collision,,,,,,,,,,,1,2,3,1.0,6.0
201000038975,0010-05-15 06:04:00,10,5,15,6,4,630,75,"13 BIS, PASTEUR (AVENUE)",,,Crépuscule ou aube,En agglomération,Intersection en X,Normale,Autre collision,,,,,,,,,,,2,2,2,1.0,6.0
201000038976,0010-05-17 09:20:00,10,5,17,9,20,630,75,"5 TER, GALOUBIES (RUE DE",,,Plein jour,En agglomération,Hors intersection,Normale,Autre collision,,,,,,,,,,,1,2,1,1.0,6.0
201000038977,0010-05-17 07:20:00,10,5,17,7,20,630,113,"., GROLIERE (RUE DE LA)",,,Plein jour,En agglomération,Hors intersection,Normale,Autre collision,,,,,,,,,,,1,2,1,1.0,6.0
201000038978,0010-05-17 17:30:00,10,5,17,17,30,630,113,"., CRISTAL (AVENUE ERNES",,,Plein jour,En agglomération,Hors intersection,Normale,Autre collision,,,,,,,,,,,1,2,1,1.0,6.0
201000038979,0010-05-18 11:10:00,10,5,18,11,10,630,113,"., CHATEAU DES VERGNES (",,,Plein jour,En agglomération,Hors intersection,Normale,Autre collision,,,,,,,,,,,1,2,1,1.0,6.0
201000038980,0010-05-18 18:00:00,10,5,18,18,0,630,113,"., RESSORT (RUE DU)",,,Plein jour,En agglomération,Hors intersection,Normale,Autre collision,,,,,,,,,,,1,2,1,1.0,6.0
201000038981,0010-05-18 20:15:00,10,5,18,20,15,630,113,"., CLEMENTEL (BD ETIENNE",,,Plein jour,En agglomération,Hors intersection,Normale,Autre collision,,,,,,,,,,,1,2,1,1.0,6.0
201000038982,0010-05-19 19:25:00,10,5,19,19,25,630,113,"., CHURCHILL (BD WINSTON",,,Plein jour,En agglomération,Hors intersection,Normale,Autre collision,,,,,,,,,,,1,2,1,1.0,6.0
201000038983,0010-05-19 21:30:00,10,5,19,21,30,630,113,MERMOZ (AVENUE JEAN),,,Nuit avec éclairage allumé,En agglomération,Intersection en X,Normale,Autre collision,,,,,,,,,,,5,2,2,1.0,6.0
201000038984,0010-05-20 22:30:00,10,5,20,22,30,630,113,"09, BERNARD (BOULEVARD C",,,Nuit avec éclairage allumé,En agglomération,Hors intersection,Normale,Autre collision,,,,,,,,,,,5,2,1,1.0,6.0
201000038985,0010-05-21 14:30:00,10,5,21,14,30,630,113,"68, PUY DE DOME (AVENUE",,,Plein jour,En agglomération,Hors intersection,Normale,Autre collision,,,,,,,,,,,1,2,1,1.0,6.0
201000038986,0010-05-22 14:15:00,10,5,22,14,15,630,113,"162, LAFAYETTE (BD)",,,Plein jour,En agglomération,Hors intersection,Normale,Sans collision,,,,,,,,,,,1,2,1,1.0,7.0
201000038987,0010-05-22 15:40:00,10,5,22,15,40,630,14,"., ROUSSILLON (AVENUE DU",,,Plein jour,En agglomération,Autre intersection,Normale,Autre collision,,,,,,,,,,,1,2,9,1.0,6.0
201000038988,0010-05-22 18:57:00,10,5,22,18,57,630,113,"23, VERLAINE (RUE)",,,Plein jour,En agglomération,Hors intersection,Normale,Autre collision,,,,,,,,,,,1,2,1,1.0,6.0
201000038989,0010-05-22 19:10:00,10,5,22,19,10,630,113,"1, FLAUBERT (BD GUSTAVE)",,,Plein jour,En agglomération,Hors intersection,Normale,Deux véhicules - côté,,,,,,,,,,,1,2,1,1.0,3.0
201000038990,0010-05-23 19:58:00,10,5,23,19,58,630,113,"., COTE BLATIN (BD)",,,Plein jour,En agglomération,Intersection en X,Normale,Autre collision,,,,,,,,,,,1,2,2,1.0,6.0
201000038991,0010-05-23 00:15:00,10,5,23,0,15,630,113,"28, FONTGIEVE (RUE)",,,Nuit avec éclairage allumé,En agglomération,Hors intersection,Normale,Autre collision,,,,,,,,,,,5,2,1,1.0,6.0
201000038992,0010-05-26 18:30:00,10,5,26,18,30,630,113,GAGARINE (RUE YOURI),,,Plein jour,En agglomération,Hors intersection,Normale,Autre collision,,,,,,,,,,,1,2,1,1.0,6.0
201000038993,0010-05-27 14:30:00,10,5,27,14,30,630,14,"35, COURNON (AVENUE DE)",,,Plein jour,En agglomération,Hors intersection,Normale,Deux véhicules - arrière,,,,,,,,,,,1,2,1,1.0,2.0
201000038994,0010-05-27 14:44:00,10,5,27,14,44,630,113,"15, CARNOT (AVENUE)",,,Plein jour,En agglomération,Hors intersection,Normale,Autre collision,,,,,,,,,,,1,2,1,1.0,6.0
201000038995,0010-05-30 14:15:00,10,5,30,14,15,630,14,"42, NOELLET (AVENUE JEAN",,,Plein jour,En agglomération,Hors intersection,Normale,Autre collision,,,,,,,,,,,1,2,1,1.0,6.0
201000038996,0010-05-30 16:20:00,10,5,30,16,20,630,113,MARGERIDE (AVENUE DE LA),,,Plein jour,En agglomération,Hors intersection,Normale,Autre collision,,,,,,,,,,,1,2,1,1.0,6.0
201000038997,0010-05-28 13:30:00,10,5,28,13,30,630,14,"., GREVENMACHER (RUE DE)",,,Plein jour,En agglomération,Hors intersection,Normale,Autre collision,,,,,,,,,,,1,2,1,1.0,6.0
201000038998,0010-05-28 17:10:00,10,5,28,17,10,630,113,"., ESPAGNE (PLACE D')",,,Plein jour,Hors agglomération,Hors intersection,Normale,Autre collision,,,,,,,,,,,1,1,1,1.0,6.0
201000038999,0010-05-28 18:30:00,10,5,28,18,30,630,14,"46, COURNON (AVENUE DE)",,,Plein jour,En agglomération,Hors intersection,Normale,Deux véhicules - côté,,,,,,,,,,,1,2,1,1.0,3.0
201000039000,0010-05-28 19:25:00,10,5,28,19,25,630,113,"., AGUESSEAU (RUE D')",,,Plein jour,En agglomération,Hors intersection,Normale,Autre collision,,,,,,,,,,,1,2,1,1.0,6.0
201000039001,0010-05-29 11:45:00,10,5,29,11,45,630,113,"., MOULIN (BD JEAN)",,,Plein jour,En agglomération,Hors intersection,Normale,Autre collision,,,,,,,,,,,1,2,1,1.0,6.0
201000039002,0010-05-31 12:05:00,10,5,31,12,5,630,113,"34 bis, CHATEAUDUN (RUE",,,Plein jour,En agglomération,Hors intersection,Normale,Autre collision,,,,,,,,,,,1,2,1,1.0,6.0
201000039003,0010-05-31 14:50:00,10,5,31,14,50,630,113,"39, FLAUBERT (BD GUSTAVE",,,Plein jour,En agglomération,Hors intersection,Normale,Autre collision,,,,,,,,,,,1,2,1,1.0,6.0
201000039004,0010-05-31 21:00:00,10,5,31,21,0,630,113,"., CARTOUCHERIE (RUE DE",,,Crépuscule ou aube,En agglomération,Hors intersection,Normale,Autre collision,,,,,,,,,,,2,2,1,1.0,6.0
201000039005,0010-05-31 23:05:00,10,5,31,23,5,630,32,"., EUROPE (AVENUE DE L')",,,Nuit avec éclairage allumé,En agglomération,Hors intersection,Normale,Autre collision,,,,,,,,,,,5,2,1,1.0,6.0
201000039006,0010-06-01 10:09:00,10,6,1,10,9,630,113,"., BRUGIERE (BD AMBROISE",,,Plein jour,En agglomération,Intersection en X,Normale,Autre collision,,,,,,,,,,,1,2,2,1.0,6.0
201000039007,0010-06-01 10:50:00,10,6,1,10,50,630,113,"5, PLANCHETTES (RUE DES)",,,Plein jour,En agglomération,Hors intersection,Normale,Autre collision,,,,,,,,,,,1,2,1,1.0,6.0
201000039008,0010-06-01 16:15:00,10,6,1,16,15,630,70,"., ROYAT (ROUTE DE)",,,Plein jour,En agglomération,Hors intersection,Normale,Autre collision,,,,,,,,,,,1,2,1,1.0,6.0
201000039009,0010-06-02 15:10:00,10,6,2,15,10,630,113,"., KLEBER (RUE)",,,Plein jour,En agglomération,Intersection en X,Normale,Autre collision,,,,,,,,,,,1,2,2,1.0,6.0
201000039010,0010-06-03 17:20:00,10,6,3,17,20,630,113,"., COUTHON (AVENUE GEORG",,,Plein jour,En agglomération,Hors intersection,Normale,Autre collision,,,,,,,,,,,1,2,1,1.0,6.0
201000039011,0010-06-04 11:00:00,10,6,4,11,0,630,113,"., JOUHAUX (BD LEON)",,,Plein jour,En agglomération,Hors intersection,Normale,Deux véhicules - arrière,,,,,,,,,,,1,2,1,1.0,2.0
201000039012,0010-06-04 18:55:00,10,6,4,18,55,630,113,"., TORPILLEUR SIROCCO (R",,,Plein jour,En agglomération,Intersection en X,Normale,Autre collision,,,,,,,,,,,1,2,2,1.0,6.0
201000039013,0010-06-05 17:20:00,10,6,5,17,20,630,113,"1, POMPIDOU (BD GEORGES)",,,Plein jour,Hors agglomération,Hors intersection,Normale,Deux véhicules - arrière,,,,,,,,,,,1,1,1,1.0,2.0
201000039014,0010-06-06 13:50:00,10,6,6,13,50,630,113,"., CLEMENTEL (BD ETIENNE",,,Plein jour,En agglomération,Hors intersection,Normale,Autre collision,,,,,,,,,,,1,2,1,1.0,6.0
201000039015,0010-06-07 17:55:00,10,6,7,17,55,630,32,"., ROMAGNAT (ROUTE DE)",,,Plein jour,En agglomération,Hors intersection,Normale,Autre collision,,,,,,,,,,,1,2,1,1.0,6.0
201000039016,0010-06-08 20:45:00,10,6,8,20,45,630,113,"147 bis, ORADOU (RUE DE",,,Crépuscule ou aube,En agglomération,Hors intersection,Normale,Autre collision,,,,,,,,,,,2,2,1,1.0,6.0
201000039017,0010-06-10 15:42:00,10,6,10,15,42,630,113,"19, BRUGIERE (BD AMBROIS",,,Plein jour,En agglomération,Hors intersection,Normale,Autre collision,,,,,,,,,,,1,2,1,1.0,6.0
201000039018,0010-06-10 20:40:00,10,6,10,20,40,630,75,"110, THERMALE (AVENUE)",,,Plein jour,En agglomération,Hors intersection,Normale,Autre collision,,,,,,,,,,,1,2,1,1.0,6.0
201000039019,0010-06-12 12:54:00,10,6,12,12,54,630,113,"., BEAUPEYRAS (RUE DE)",,,Plein jour,En agglomération,Hors intersection,Normale,Autre collision,,,,,,,,,,,1,2,1,1.0,6.0
201000039020,0010-06-14 19:40:00,10,6,14,19,40,630,113,"17, COUBERTIN (RUE PIERR",,,Plein jour,En agglomération,Hors intersection,Normale,Autre collision,,,,,,,,,,,1,2,1,1.0,6.0
201000039021,0010-06-15 17:15:00,10,6,15,17,15,630,113,"66, UNION SOVIETIQUE (AV",,,Plein jour,En agglomération,Hors intersection,Pluie légère,Deux véhicules - arrière,,,,,,,,,,,1,2,1,2.0,2.0
201000039022,0010-06-15 17:50:00,10,6,15,17,50,630,113,"., CHATEAU DES VERGNES (",,,Plein jour,En agglomération,Hors intersection,Pluie légère,Autre collision,,,,,,,,,,,1,2,1,2.0,6.0
201000039023,0010-06-17 20:30:00,10,6,17,20,30,630,113,"., MONTLOSIER (RUE)",,,Plein jour,En agglomération,Hors intersection,Normale,Autre collision,,,,,,,,,,,1,2,1,1.0,6.0