accident_id,datetime,annee,mois,jour,heure,minute,departement,commune_insee,adresse,latitude,longitude,luminosite,agglomeration,intersection,meteo,collision,nb_vehicules,nb_usagers,nb_indemnes,nb_tues,nb_blesses_hosp,nb_blesses_legers,age_cond_1,age_cond_2,veh_type_cond_1,veh_type_cond_2,lum_code,agg_code,int_code,atm_code,col_code
201000039024,0010-06-18 14:40:00,10,6,18,14,40,630,113,"., JOFFRE (RUE DU MAL)",,,Plein jour,En agglomération,Hors intersection,Pluie légère,Autre collision,,,,,,,,,,,1,2,1,2.0,6.0
201000039025,0010-06-18 23:20:00,10,6,18,23,20,630,113,"., SCHUMAN (BD ROBERT)",,,Nuit avec éclairage allumé,En agglomération,Hors intersection,Normale,Autre collision,,,,,,,,,,,5,2,1,1.0,6.0
201000039026,0010-06-21 08:30:00,10,6,21,8,30,630,113,"1, SABLON (COURS)",,,Plein jour,En agglomération,Hors intersection,Normale,Sans collision,,,,,,,,,,,1,2,1,1.0,7.0
201000039027,0010-06-21 13:30:00,10,6,21,13,30,630,113,"59, BREZET (AVENUE)",,,Plein jour,En agglomération,Hors intersection,Normale,Autre collision,,,,,,,,,,,1,2,1,1.0,6.0
201000039028,0010-06-22 04:50:00,10,6,22,4,50,630,113,DELILLE (PLACE),,,Nuit avec éclairage allumé,En agglomération,Hors intersection,Normale,Autre collision,,,,,,,,,,,5,2,1,1.0,6.0
201000039029,0010-06-22 07:45:00,10,6,22,7,45,630,113,"76, CLEMENTEL (BD ETIENN",,,Plein jour,En agglomération,Hors intersection,Normale,Trois véhicules et plus - en chaîne,,,,,,,,,,,1,2,1,1.0,4.0
201000039030,0010-06-22 16:50:00,10,6,22,16,50,630,113,"45, ORADOU (RUE DE L')",,,Plein jour,En agglomération,Hors intersection,Normale,Autre collision,,,,,,,,,,,1,2,1,1.0,6.0
201000039031,0010-06-23 10:45:00,10,6,23,10,45,630,113,CHANTERANNE (RUE DE),,,Plein jour,En agglomération,Hors intersection,Normale,Autre collision,,,,,,,,,,,1,2,1,1.0,6.0
201000039032,0010-06-24 12:25:00,10,6,24,12,25,630,113,"1, UNION SOVIETIQUE (AVE",,,Plein jour,En agglomération,Hors intersection,Normale,Deux véhicules - côté,,,,,,,,,,,1,2,1,1.0,3.0
201000039033,0010-06-24 14:50:00,10,6,24,14,50,630,75,"87 BIS, ROYAT (AVENUE DE",,,Plein jour,Hors agglomération,Hors intersection,Normale,Autre collision,,,,,,,,,,,1,1,1,1.0,6.0
201000039034,0010-06-26 01:10:00,10,6,26,1,10,630,113,"173, CLEMENTEL (BD ETIEN",,,Nuit avec éclairage allumé,En agglomération,Hors intersection,Normale,Autre collision,,,,,,,,,,,5,2,1,1.0,6.0
201000039035,0010-06-26 11:40:00,10,6,26,11,40,630,308,"., PARADIS (AVENUE DU)",,,Plein jour,En agglomération,Hors intersection,Normale,Autre collision,,,,,,,,,,,1,2,1,1.0,6.0
201000039036,0010-06-26 11:10:00,10,6,26,11,10,630,75,"1, CHAMPREAL (RUE DE)",,,Plein jour,En agglomération,Intersection en X,Normale,Deux véhicules - côté,,,,,,,,,,,1,2,2,1.0,3.0
201000039037,0010-06-29 12:20:00,10,6,29,12,20,630,75,BERTHELOT (BOULEVARD),,,Plein jour,En agglomération,Hors intersection,Normale,Autre collision,,,,,,,,,,,1,2,1,1.0,6.0
201000039038,0010-06-29 23:30:00,10,6,29,23,30,630,113,"12, LIBERTE (PLACE DE LA",,,Nuit avec éclairage allumé,En agglomération,Autre intersection,Normale,Autre collision,,,,,,,,,,,5,2,9,1.0,6.0
201000039039,0010-06-30 11:05:00,10,6,30,11,5,630,113,"., CHANTERANNE (RUE DE)",,,Crépuscule ou aube,En agglomération,Intersection en X,Normale,Autre collision,,,,,,,,,,,2,2,2,1.0,6.0
201000039040,0010-06-30 19:00:00,10,6,30,19,0,630,14,"38, COURNON (AVENUE DE)",,,Plein jour,En agglomération,Hors intersection,Normale,Deux véhicules - côté,,,,,,,,,,,1,2,1,1.0,3.0
201000039041,0010-07-02 19:35:00,10,7,2,19,35,630,113,"., CHAMPFLEURI (RUE DE)",,,Plein jour,En agglomération,Intersection en T,Normale,Autre collision,,,,,,,,,,,1,2,3,1.0,6.0
201000039042,0010-07-06 07:35:00,10,7,6,7,35,630,113,"., GRANDE BRETAGNE (AVEN",,,Plein jour,En agglomération,Hors intersection,Normale,Autre collision,,,,,,,,,,,1,2,1,1.0,6.0
201000039043,0010-07-06 14:09:00,10,7,6,14,9,630,32,"., POURLIAT (ROND-POINT",,,Plein jour,En agglomération,Hors intersection,Normale,Autre collision,,,,,,,,,,,1,2,1,1.0,6.0
201000039044,0010-07-06 18:12:00,10,7,6,18,12,630,113,"., CLAUDIUS (CHAUSSEE)",,,Plein jour,En agglomération,Hors intersection,Normale,Autre collision,,,,,,,,,,,1,2,1,1.0,6.0
201000039045,0010-07-06 22:50:00,10,7,6,22,50,630,113,"., JULIEN (AVENUE)",,,Nuit sans éclairage public,En agglomération,Hors intersection,Normale,Autre collision,,,,,,,,,,,3,2,1,1.0,6.0
201000039046,0010-07-08 02:00:00,10,7,8,2,0,630,113,"., CLEMENTEL (BD ETIENNE",,,Nuit sans éclairage public,En agglomération,Hors intersection,Normale,Autre collision,,,,,,,,,,,3,2,1,1.0,6.0
201000039047,0010-07-08 07:50:00,10,7,8,7,50,630,113,"., CARMES DECHAUX (PLACE",,,Plein jour,En agglomération,Intersection à plus de 4 branches,Normale,Autre collision,,,,,,,,,,,1,2,5,1.0,6.0
201000039048,0010-07-08 12:38:00,10,7,8,12,38,630,113,"20, PUY DE DOME (AVENUE",,,Plein jour,En agglomération,Hors intersection,Normale,Autre collision,,,,,,,,,,,1,2,1,1.0,6.0
201000039049,0010-07-08 11:40:00,10,7,8,11,40,630,113,"., CRISTAL (AVENUE ERNES",,,Plein jour,En agglomération,Hors intersection,Normale,Autre collision,,,,,,,,,,,1,2,1,1.0,6.0
201000039050,0010-07-09 13:30:00,10,7,9,13,30,630,113,"., FLAUBERT (BD GUSTAVE)",,,Plein jour,En agglomération,Intersection en X,Normale,Autre collision,,,,,,,,,,,1,2,2,1.0,6.0
201000039051,0010-07-09 11:20:00,10,7,9,11,20,630,113,"., VENERABLE (RUE PIERRE",,,Plein jour,En agglomération,Intersection en X,Normale,Autre collision,,,,,,,,,,,1,2,2,1.0,6.0
201000039052,0010-07-13 12:00:00,10,7,13,12,0,630,113,"40, BESSE (RUE GEORGES)",,,Plein jour,En agglomération,Hors intersection,Normale,Autre collision,,,,,,,,,,,1,2,1,1.0,6.0
201000039053,0010-07-13 16:55:00,10,7,13,16,55,630,113,"., TORPILLEUR SIROCCO (R",,,Plein jour,En agglomération,Hors intersection,Normale,Autre collision,,,,,,,,,,,1,2,1,1.0,6.0
201000039054,0010-07-16 17:25:00,10,7,16,17,25,630,113,"., PASTEUR (BD)",,,Plein jour,En agglomération,Hors intersection,Normale,Autre collision,,,,,,,,,,,1,2,1,1.0,6.0
201000039055,0010-07-16 20:15:00,10,7,16,20,15,630,113,"., BELLOY (RUE DU)",,,Plein jour,En agglomération,Hors intersection,Normale,Autre collision,,,,,,,,,,,1,2,1,1.0,6.0
201000039056,0010-07-19 08:35:00,10,7,19,8,35,630,113,"112, ORADOU (RUE DE L')",,,Plein jour,En agglomération,Hors intersection,Normale,Autre collision,,,,,,,,,,,1,2,1,1.0,6.0
201000039057,0010-07-20 07:55:00,10,7,20,7,55,630,113,"18, POCHET LAGAYE (BD PA",,,Plein jour,En agglomération,Hors intersection,Normale,Autre collision,,,,,,,,,,,1,2,1,1.0,6.0
201000039058,0010-07-20 14:35:00,10,7,20,14,35,630,113,"., VERNE (RUE JULES)",,,Plein jour,En agglomération,Hors intersection,Normale,Deux véhicules - arrière,,,,,,,,,,,1,2,1,1.0,2.0
201000039059,0010-07-21 06:10:00,10,7,21,6,10,630,113,"5, LAFAYETTE (BD)",,,Crépuscule ou aube,En agglomération,Hors intersection,Normale,Sans collision,,,,,,,,,,,2,2,1,1.0,7.0
201000039060,0010-07-21 11:50:00,10,7,21,11,50,630,113,"., SAINT ESPRIT (RUE)",,,Plein jour,En agglomération,Hors intersection,Normale,Autre collision,,,,,,,,,,,1,2,1,1.0,6.0
201000039061,0010-07-24 23:25:00,10,7,24,23,25,630,113,"., REPUBLIQUE (AVENUE DE",,,Nuit avec éclairage allumé,En agglomération,Hors intersection,Normale,Autre collision,,,,,,,,,,,5,2,1,1.0,6.0
201000039062,0010-07-25 20:30:00,10,7,25,20,30,630,113,"., CHARCOT (BD)",,,Plein jour,En agglomération,Intersection en X,Normale,Autre collision,,,,,,,,,,,1,2,2,1.0,6.0
201000039063,0010-07-27 16:00:00,10,7,27,16,0,630,113,"., FLAUBERT (BD GUSTAVE)",,,Plein jour,En agglomération,Hors intersection,Normale,Deux véhicules - arrière,,,,,,,,,,,1,2,1,1.0,2.0
201000039064,0010-07-29 06:50:00,10,7,29,6,50,630,113,"1, FONTAINE DU BAC (CARR",,,Plein jour,En agglomération,Hors intersection,Normale,Deux véhicules - côté,,,,,,,,,,,1,2,1,1.0,3.0
201000039065,0010-07-30 04:53:00,10,7,30,4,53,630,113,"158, BLUM (AVENUE LEON)",,,Nuit avec éclairage allumé,En agglomération,Hors intersection,Normale,Autre collision,,,,,,,,,,,5,2,1,1.0,6.0
201000039066,0010-07-30 15:00:00,10,7,30,15,0,630,113,"1, RESSORT (RUE DU)",,,Plein jour,En agglomération,Hors intersection,Normale,Deux véhicules - frontale,,,,,,,,,,,1,2,1,1.0,1.0
201000039067,0010-07-31 01:30:00,10,7,31,1,30,630,113,"., FLAUBERT (BD GUSTAVE)",,,Nuit avec éclairage allumé,En agglomération,Hors intersection,Normale,Deux véhicules - arrière,,,,,,,,,,,5,2,1,1.0,2.0
201000039068,0010-08-02 12:20:00,10,8,2,12,20,630,308,"1, PUY DE DOME (AVENUE D",,,Plein jour,Hors agglomération,Hors intersection,Temps couvert,Trois véhicules et plus - collisions multiples,,,,,,,,,,,1,1,1,8.0,5.0
201000039069,0010-08-02 23:02:00,10,8,2,23,2,630,113,"01, CHATEAUBRIAND (RUE)",,,Nuit avec éclairage allumé,En agglomération,Giratoire,Normale,Autre collision,,,,,,,,,,,5,2,6,1.0,6.0
201000039070,0010-08-02 23:15:00,10,8,2,23,15,630,113,"., SOUS LES VIGNES (RUE)",,,Nuit avec éclairage allumé,En agglomération,Hors intersection,Pluie légère,Autre collision,,,,,,,,,,,5,2,1,2.0,6.0
201000039071,0010-08-02 20:20:00,10,8,2,20,20,630,113,"1, FONTAINE DU BAC (CARR",,,Plein jour,En agglomération,Hors intersection,Normale,Deux véhicules - côté,,,,,,,,,,,1,2,1,1.0,3.0
201000039072,0010-08-01 19:00:00,10,8,1,19,0,630,113,"., CLEMENTEL (BD ETIENNE",,,Plein jour,En agglomération,Hors intersection,Pluie forte,Autre collision,,,,,,,,,,,1,2,1,3.0,6.0
201000039073,0010-08-04 17:47:00,10,8,4,17,47,630,113,"., SUGNY (PLACE)",,,Plein jour,En agglomération,Hors intersection,Normale,Autre collision,,,,,,,,,,,1,2,1,1.0,6.0
201000039074,0010-08-05 11:45:00,10,8,5,11,45,630,113,"., DESAIX (BD)",,,Plein jour,En agglomération,Hors intersection,Normale,Autre collision,,,,,,,,,,,1,2,1,1.0,6.0
201000039075,0010-08-05 16:40:00,10,8,5,16,40,630,70,"3, BELVEDERE (AVENUE DU)",,,Plein jour,En agglomération,Hors intersection,Normale,Sans collision,,,,,,,,,,,1,2,1,1.0,7.0
201000039076,0010-08-05 18:15:00,10,8,5,18,15,630,113,"., BRIAND (BD ARISTIDE)",,,Plein jour,En agglomération,Intersection en X,Normale,Autre collision,,,,,,,,,,,1,2,2,1.0,6.0
201000039077,0010-08-06 12:50:00,10,8,6,12,50,630,113,"1, NIEL (RUE)",,,Plein jour,En agglomération,Hors intersection,Normale,Deux véhicules - arrière,,,,,,,,,,,1,2,1,1.0,2.0
201000039078,0010-08-09 16:08:00,10,8,9,16,8,630,113,"145, LAFAYETTE (BD)",,,Plein jour,En agglomération,Intersection en T,Normale,Autre collision,,,,,,,,,,,1,2,3,1.0,6.0
201000039079,0010-08-10 07:35:00,10,8,10,7,35,630,113,"., MITTERRAND (BD FRANCO",,,Plein jour,En agglomération,Hors intersection,Normale,Autre collision,,,,,,,,,,,1,2,1,1.0,6.0
201000039080,0010-08-10 16:20:00,10,8,10,16,20,630,113,"1, QUINET (BD EDGAR)",,,Plein jour,En agglomération,Hors intersection,Normale,Deux véhicules - côté,,,,,,,,,,,1,2,1,1.0,3.0
201000039081,0010-08-10 17:44:00,10,8,10,17,44,630,113,"., JAURES (BD JEAN)",,,Plein jour,En agglomération,Intersection en T,Normale,Autre collision,,,,,,,,,,,1,2,3,1.0,6.0
201000039082,0010-08-11 01:17:00,10,8,11,1,17,630,113,"349, CLEMENTEL (BD ETIEN",,,Nuit avec éclairage non allumé,Hors agglomération,Hors intersection,Normale,Autre collision,,,,,,,,,,,4,1,1,1.0,6.0
201000039083,0010-08-11 12:10:00,10,8,11,12,10,630,113,"1, PREVOST (RUE ABBE)",,,Plein jour,En agglomération,Intersection en X,Normale,Trois véhicules et plus - collisions multiples,,,,,,,,,,,1,2,2,1.0,5.0
201000039084,0010-08-14 00:05:00,10,8,14,0,5,630,113,"., REPUBLIQUE (AVENUE DE",,,Nuit avec éclairage allumé,En agglomération,Intersection en X,Normale,Autre collision,,,,,,,,,,,5,2,2,1.0,6.0
201000039085,0010-08-15 12:30:00,10,8,15,12,30,630,113,"84, CLEMENTEL (BD ETIENN",,,Plein jour,En agglomération,Hors intersection,Temps couvert,Trois véhicules et plus - en chaîne,,,,,,,,,,,1,2,1,8.0,4.0
201000039086,0010-08-17 16:30:00,10,8,17,16,30,630,113,"21bis, PONT NATUREL (RUE",,,Plein jour,En agglomération,Intersection en X,Normale,Autre collision,,,,,,,,,,,1,2,2,1.0,6.0
201000039087,0010-08-24 02:20:00,10,8,24,2,20,630,14,MARGERIDE (AVENUE DE LA),,,Nuit avec éclairage non allumé,En agglomération,Hors intersection,Normale,Sans collision,,,,,,,,,,,4,2,1,1.0,7.0
201000039088,0010-08-23 15:00:00,10,8,23,15,0,630,113,"8, BESSE (RUE GEORGES)",,,Plein jour,En agglomération,Hors intersection,Normale,Trois véhicules et plus - collisions multiples,,,,,,,,,,,1,2,1,1.0,5.0
201000039089,0010-08-25 14:45:00,10,8,25,14,45,630,113,"., GAILLARD (PLACE GILBE",,,Plein jour,En agglomération,Intersection en X,Normale,Autre collision,,,,,,,,,,,1,2,2,1.0,6.0
201000039090,0010-08-25 18:30:00,10,8,25,18,30,630,113,"23, TRUDAINE (BD)",,,Plein jour,En agglomération,Hors intersection,Normale,Sans collision,,,,,,,,,,,1,2,1,1.0,7.0
201000039091,0010-08-25 10:00:00,10,8,25,10,0,630,113,"., BREZET (AVENUE)",,,Plein jour,Hors agglomération,Hors intersection,Normale,Autre collision,,,,,,,,,,,1,1,1,1.0,6.0
201000039092,0010-08-26 18:05:00,10,8,26,18,5,630,113,"60, REPUBLIQUE (AVENUE D",,,Plein jour,En agglomération,Hors intersection,Normale,Autre collision,,,,,,,,,,,1,2,1,1.0,6.0
201000039093,0010-08-27 23:35:00,10,8,27,23,35,630,113,"1, BLERIOT (AVENUE LOUIS",,,Nuit avec éclairage allumé,En agglomération,Hors intersection,Normale,Deux véhicules - arrière,,,,,,,,,,,5,2,1,1.0,2.0
201000039094,0010-08-28 18:00:00,10,8,28,18,0,630,113,"., BREZET (AVENUE)",,,Plein jour,En agglomération,Hors intersection,Normale,Autre collision,,,,,,,,,,,1,2,1,1.0,6.0
201000039095,0010-08-31 06:45:00,10,8,31,6,45,630,113,"., AURIOL (BOULEBARD VIN",,,Nuit avec éclairage allumé,En agglomération,Hors intersection,Normale,Autre collision,,,,,,,,,,,5,2,1,1.0,6.0
201000039096,0010-08-31 07:35:00,10,8,31,7,35,630,14,"., RAMACLES (PLACE DES)",,,Plein jour,En agglomération,Hors intersection,Pluie légère,Autre collision,,,,,,,,,,,1,2,1,2.0,6.0
201000039097,0010-09-02 07:50:00,10,9,2,7,50,630,32,"1, RD 2089",,,Plein jour,Hors agglomération,Hors intersection,Normale,Autre collision,,,,,,,,,,,1,1,1,1.0,6.0
201000039098,0010-09-02 13:00:00,10,9,2,13,0,630,113,"03, PELISSIER (RUE)",,,Plein jour,En agglomération,Hors intersection,Normale,Autre collision,,,,,,,,,,,1,2,1,1.0,6.0
201000039099,0010-09-02 14:40:00,10,9,2,14,40,630,113,"., CARMES DECHAUX (PLACE",,,Plein jour,En agglomération,Hors intersection,Normale,Deux véhicules - arrière,,,,,,,,,,,1,2,1,1.0,2.0
201000039100,0010-09-02 17:35:00,10,9,2,17,35,630,14,MARGERIDE (AVENUE DE LA),,,Plein jour,En agglomération,Intersection en T,Normale,Autre collision,,,,,,,,,,,1,2,3,1.0,6.0
201000039101,0010-09-02 19:50:00,10,9,2,19,50,630,113,"4, DURAND (RUE GILLES)",,,Plein jour,En agglomération,Hors intersection,Normale,Autre collision,,,,,,,,,,,1,2,1,1.0,6.0
201000039102,0010-09-02 21:25:00,10,9,2,21,25,630,113,"., DORMOY (AVENUE MARX)",,,Nuit avec éclairage non allumé,En agglomération,Hors intersection,Normale,Autre collision,,,,,,,,,,,4,2,1,1.0,6.0
201000039103,0010-09-03 13:45:00,10,9,3,13,45,630,113,"44, REPUBLIQUE (AVENUE D",,,Plein jour,En agglomération,Hors intersection,Normale,Autre collision,,,,,,,,,,,1,2,1,1.0,6.0
201000039104,0010-09-03 18:48:00,10,9,3,18,48,630,113,GUYNEMER (RUE),,,Plein jour,En agglomération,Intersection en X,Normale,Autre collision,,,,,,,,,,,1,2,2,1.0,6.0
201000039105,0010-09-04 10:20:00,10,9,4,10,20,630,113,"214, CLEMENTEL (BD ETIEN",,,Plein jour,En agglomération,Hors intersection,Normale,Deux véhicules - arrière,,,,,,,,,,,1,2,1,1.0,2.0
201000039106,0010-09-05 19:40:00,10,9,5,19,40,630,113,"., RESSORT (RUE DU)",,,Plein jour,En agglomération,Intersection en T,Normale,Autre collision,,,,,,,,,,,1,2,3,1.0,6.0
201000039107,0010-09-06 08:00:00,10,9,6,8,0,630,113,"., CHARRAS (AVENUE)",,,Plein jour,En agglomération,Hors intersection,Normale,Autre collision,,,,,,,,,,,1,2,1,1.0,6.0
201000039108,0010-09-07 07:45:00,10,9,7,7,45,630,75,"7, ROYAT (AVENUE DE)",,,Crépuscule ou aube,Hors agglomération,Hors intersection,Pluie légère,Autre collision,,,,,,,,,,,2,1,1,2.0,6.0
201000039109,0010-09-07 17:04:00,10,9,7,17,4,630,113,"., MAYER (BD DANIEL)",,,Plein jour,En agglomération,Intersection en X,Normale,Autre collision,,,,,,,,,,,1,2,2,1.0,6.0
201000039110,0010-09-08 12:13:00,10,9,8,12,13,630,113,"., RASSAT (RUE DU)",,,Plein jour,En agglomération,Hors intersection,Normale,Autre collision,,,,,,,,,,,1,2,1,1.0,6.0
201000039111,0010-09-08 17:50:00,10,9,8,17,50,630,14,"., ROUSSILLON (AVENUE DU",,,Plein jour,En agglomération,Hors intersection,Normale,Autre collision,,,,,,,,,,,1,2,1,1.0,6.0
201000039112,0010-09-09 09:15:00,10,9,9,9,15,630,113,"., BLUM (AVENUE LEON)",,,Plein jour,En agglomération,Intersection en X,Normale,Autre collision,,,,,,,,,,,1,2,2,1.0,6.0
201000039113,0010-09-10 06:54:00,10,9,10,6,54,630,113,"., QUINET (BD EDGAR)",,,Plein jour,En agglomération,Intersection en X,Normale,Autre collision,,,,,,,,,,,1,2,2,1.0,6.0
201000039114,0010-09-10 14:00:00,10,9,10,14,0,630,113,"62 bis, LAVOISIERS (BD)",,,Plein jour,En agglomération,Hors intersection,Normale,Autre collision,,,,,,,,,,,1,2,1,1.0,6.0
201000039115,0010-09-10 20:15:00,10,9,10,20,15,630,75,"6, DESCARTES (RUE)",,,Plein jour,En agglomération,Hors intersection,Normale,Autre collision,,,,,,,,,,,1,2,1,1.0,6.0
201000039116,0010-09-10 11:00:00,10,9,10,11,0,630,75,THERMES (AVENUE DES),,,Plein jour,En agglomération,Hors intersection,Normale,Autre collision,,,,,,,,,,,1,2,1,1.0,6.0
201000039117,0010-09-14 12:23:00,10,9,14,12,23,630,113,"17, AGRICULTURE (AVENUE",,,Plein jour,En agglomération,Hors intersection,Normale,Autre collision,,,,,,,,,,,1,2,1,1.0,6.0
201000039118,0010-09-14 21:10:00,10,9,14,21,10,630,113,"1, DUMAS (BD J.BAPTISTE)",,,Nuit avec éclairage allumé,En agglomération,Intersection en T,Normale,Deux véhicules - côté,,,,,,,,,,,5,2,3,1.0,3.0
201000039119,0010-09-15 13:25:00,10,9,15,13,25,630,113,"47, ITALIE (AVENUE DE L'",,,Plein jour,En agglomération,Hors intersection,Normale,Autre collision,,,,,,,,,,,1,2,1,1.0,6.0
201000039120,0010-09-15 17:40:00,10,9,15,17,40,630,14,"., MOULIN (AVENUE JEAN)",,,Plein jour,En agglomération,Hors intersection,Normale,Autre collision,,,,,,,,,,,1,2,1,1.0,6.0
201000039121,0010-09-17 08:54:00,10,9,17,8,54,630,113,"13, VERNE (RUE JULES)",,,Plein jour,En agglomération,Hors intersection,Normale,Autre collision,,,,,,,,,,,1,2,1,1.0,6.0
201000039122,0010-09-17 15:30:00,10,9,17,15,30,630,14,"10, FOISSES (RUE DES)",,,Plein jour,En agglomération,Hors intersection,Normale,Deux véhicules - frontale,,,,,,,,,,,1,2,1,1.0,1.0
201000039123,0010-09-18 11:45:00,10,9,18,11,45,630,113,"., ROUVIER (RUE)",,,Plein jour,En agglomération,Hors intersection,Normale,Autre collision,,,,,,,,,,,1,2,1,1.0,6.0
201000039124,0010-09-18 20:15:00,10,9,18,20,15,630,113,"., CLEMENTEL (BD ETIENNE",,,Crépuscule ou aube,En agglomération,Hors intersection,Normale,Autre collision,,,,,,,,,,,2,2,1,1.0,6.0
201000039125,0010-09-19 10:00:00,10,9,19,10,0,630,75,"12, DUCLAUX (BOULEVARD)",,,Plein jour,En agglomération,Hors intersection,Normale,Autre collision,,,,,,,,,,,1,2,1,1.0,6.0
201000039126,0010-09-19 19:14:00,10,9,19,19,14,630,14,"3, MOULIN (AVENUE JEAN)",,,Plein jour,En agglomération,Hors intersection,Normale,Autre collision,,,,,,,,,,,1,2,1,1.0,6.0
201000039127,0010-09-21 09:40:00,10,9,21,9,40,630,113,"64, avenue Julien",,,Plein jour,En agglomération,Hors intersection,Normale,Sans collision,,,,,,,,,,,1,2,1,1.0,7.0
201000039128,0010-09-21 10:45:00,10,9,21,10,45,630,113,ORADOU (RUE DE L'),,,Plein jour,En agglomération,Hors intersection,Normale,Autre collision,,,,,,,,,,,1,2,1,1.0,6.0
201000039129,0010-09-21 13:20:00,10,9,21,13,20,630,113,"., POURCHON (BD MAURICE)",,,Plein jour,En agglomération,Hors intersection,Normale,Autre collision,,,,,,,,,,,1,2,1,1.0,6.0
201000039130,0010-09-21 20:37:00,10,9,21,20,37,630,113,", CLEMENTEL (BD ETIENNE)",,,Nuit avec éclairage non allumé,Hors agglomération,Hors intersection,Normale,Autre collision,,,,,,,,,,,4,1,1,1.0,6.0
201000039131,0010-09-23 23:15:00,10,9,23,23,15,630,32,"., EUROPE (AVENUE DE L')",,,Nuit avec éclairage allumé,En agglomération,Hors intersection,Pluie légère,Autre collision,,,,,,,,,,,5,2,1,2.0,6.0
201000039132,0010-09-23 14:20:00,10,9,23,14,20,630,113,"1, PREVOST (RUE ABBE)",,,Plein jour,En agglomération,Intersection en T,Normale,Deux véhicules - côté,,,,,,,,,,,1,2,3,1.0,3.0
201000039133,0010-09-23 17:56:00,10,9,23,17,56,630,113,"., AURIOL (BOULEBARD VIN",,,Plein jour,En agglomération,Hors intersection,Normale,Autre collision,,,,,,,,,,,1,2,1,1.0,6.0
201000039134,0010-09-23 22:50:00,10,9,23,22,50,630,113,"., JAURES (BD JEAN)",,,Nuit avec éclairage allumé,En agglomération,Hors intersection,Normale,Autre collision,,,,,,,,,,,5,2,1,1.0,6.0
201000039135,0010-09-24 20:00:00,10,9,24,20,0,630,113,"., MONTALEMBERT (RUE)",,,Crépuscule ou aube,En agglomération,Hors intersection,Normale,Autre collision,,,,,,,,,,,2,2,1,1.0,6.0
201000039136,0010-09-26 16:59:00,10,9,26,16,59,630,113,QUINET (BD EDGAR),,,Plein jour,En agglomération,Hors intersection,Pluie légère,Autre collision,,,,,,,,,,,1,2,1,2.0,6.0
201000039137,0010-09-26 17:05:00,10,9,26,17,5,630,113,"1, JOUHAUX (BD LEON)",,,Plein jour,En agglomération,Hors intersection,Normale,Deux véhicules - frontale,,,,,,,,,,,1,2,1,1.0,1.0
201000039138,0010-09-26 20:21:00,10,9,26,20,21,630,113,"., POURCHON (BD MAURICE)",,,Nuit avec éclairage allumé,En agglomération,Giratoire,Normale,Autre collision,,,,,,,,,,,5,2,6,1.0,6.0
201000039139,0010-09-25 10:30:00,10,9,25,10,30,630,113,"., MONTLOSIER (RUE)",,,Plein jour,En agglomération,Hors intersection,Normale,Autre collision,,,,,,,,,,,1,2,1,1.0,6.0
201000039140,0010-09-21 16:20:00,10,9,21,16,20,630,113,"., JOUHAUX (BD LEON)",,,Plein jour,En agglomération,Hors intersection,Normale,Autre collision,,,,,,,,,,,1,2,1,1.0,6.0
201000039141,0010-09-29 13:25:00,10,9,29,13,25,630,113,"., ORADOU (RUE DE L')",,,Plein jour,En agglomération,Hors intersection,Normale,Autre collision,,,,,,,,,,,1,2,1,1.0,6.0
201000039142,0010-09-30 11:45:00,10,9,30,11,45,630,113,"., JAURES (BD JEAN)",,,Plein jour,En agglomération,Autre intersection,Normale,Autre collision,,,,,,,,,,,1,2,9,1.0,6.0
201000039143,0010-09-30 19:20:00,10,9,30,19,20,630,113,"., LAVOISIERS (BD)",,,Plein jour,Hors agglomération,Hors intersection,Normale,Autre collision,,,,,,,,,,,1,1,1,1.0,6.0
201000039144,0010-09-30 19:15:00,10,9,30,19,15,630,113,"4, AURIOL (BOULEBARD VIN",,,Plein jour,Hors agglomération,Hors intersection,Normale,Deux véhicules - côté,,,,,,,,,,,1,1,1,1.0,3.0
201000039145,0010-10-01 11:06:00,10,10,1,11,6,630,113,"., CHARME (RUE DE LA)",,,Plein jour,En agglomération,Intersection en T,Normale,Autre collision,,,,,,,,,,,1,2,3,1.0,6.0
201000039146,0010-10-01 16:00:00,10,10,1,16,0,630,32,"., N2089",,,Plein jour,En agglomération,Hors intersection,Normale,Autre collision,,,,,,,,,,,1,2,1,1.0,6.0
201000039147,0010-10-02 19:15:00,10,10,2,19,15,630,70,"75, MARROU (AVENUE JEAN-",,,Crépuscule ou aube,En agglomération,Hors intersection,Normale,Autre collision,,,,,,,,,,,2,2,1,1.0,6.0
201000039148,0010-10-02 21:54:00,10,10,2,21,54,630,14,"., MARGERIDE (AVENUE DE",,,Nuit avec éclairage allumé,En agglomération,Hors intersection,Normale,Autre collision,,,,,,,,,,,5,2,1,1.0,6.0
201000039149,0010-10-03 00:55:00,10,10,3,0,55,630,113,"1, COUBERTIN (RUE PIERRE",,,Nuit avec éclairage allumé,En agglomération,Hors intersection,Normale,Deux véhicules - côté,,,,,,,,,,,5,2,1,1.0,3.0
201000039150,0010-10-04 12:37:00,10,10,4,12,37,630,113,"., MERMOZ (AVENUE JEAN)",,,Plein jour,En agglomération,Hors intersection,Pluie légère,Autre collision,,,,,,,,,,,1,2,1,2.0,6.0
201000039151,0010-10-05 08:00:00,10,10,5,8,0,630,113,"4, TRUDAINE (BD)",,,Plein jour,En agglomération,Hors intersection,Normale,Autre collision,,,,,,,,,,,1,2,1,1.0,6.0
201000039152,0010-10-05 08:15:00,10,10,5,8,15,630,113,"., MARGERIDE (AVENUE DE",,,Plein jour,En agglomération,Hors intersection,Normale,Sans collision,,,,,,,,,,,1,2,1,1.0,7.0