accident_id,datetime,annee,mois,jour,heure,minute,departement,commune_insee,adresse,latitude,longitude,luminosite,agglomeration,intersection,meteo,collision,nb_vehicules,nb_usagers,nb_indemnes,nb_tues,nb_blesses_hosp,nb_blesses_legers,age_cond_1,age_cond_2,veh_type_cond_1,veh_type_cond_2,lum_code,agg_code,int_code,atm_code,col_code
201000039402,0010-08-15 18:55:00,10,8,15,18,55,640,102,AVENUE HENRI DE NAVARRE,43.5079,-1.44488,Plein jour,En agglomération,Hors intersection,Pluie légère,Deux véhicules - côté,,,,,,,,,,,1,2,1,2.0,3.0
201000039403,0010-08-17 12:00:00,10,8,17,12,0,640,102,RUE MARECHAL KOENIG,43.4856,-1.49164,Plein jour,En agglomération,Hors intersection,Normale,Autre collision,,,,,,,,,,,1,2,1,1.0,6.0
201000039404,0010-08-17 17:16:00,10,8,17,17,16,640,102,AVENUE DU BOURROUA,43.4957,-1.4522,Plein jour,En agglomération,Hors intersection,Normale,Autre collision,,,,,,,,,,,1,2,1,1.0,6.0
201000039405,0010-08-21 20:35:00,10,8,21,20,35,640,140,AV CHARLES DE GAULLE,43.528,-1.47436,Plein jour,En agglomération,Hors intersection,Normale,Deux véhicules - côté,,,,,,,,,,,1,2,1,1.0,3.0
201000039406,0010-08-27 22:02:00,10,8,27,22,2,640,102,RUE DU BASTION ROYAL,43.4861,-1.47361,Nuit avec éclairage allumé,En agglomération,Giratoire,Normale,Sans collision,,,,,,,,,,,5,2,6,1.0,7.0
201000039407,0010-08-30 14:30:00,10,8,30,14,30,640,102,AV DU CAPIT RESPLANDY,43.4842,-1.44726,Plein jour,En agglomération,Giratoire,Normale,Deux véhicules - côté,,,,,,,,,,,1,2,6,1.0,3.0
201000039408,0010-08-31 08:15:00,10,8,31,8,15,640,102,AVENUE JEAN DARRIGRAND,43.4788,-1.49065,Plein jour,En agglomération,Hors intersection,Normale,Deux véhicules - frontale,,,,,,,,,,,1,2,1,1.0,1.0
201000039409,0010-08-31 11:34:00,10,8,31,11,34,640,24,RUE DES PONTOTS,43.4939,-1.4978,Plein jour,En agglomération,Intersection en X,Normale,Deux véhicules - côté,,,,,,,,,,,1,2,2,1.0,3.0
201000039410,0010-08-31 21:46:00,10,8,31,21,46,640,102,BD D'ARITXAGUE/MAYLIE,43.4905,-1.49387,Nuit avec éclairage allumé,En agglomération,Autre intersection,Normale,Deux véhicules - côté,,,,,,,,,,,5,2,9,1.0,3.0
201000039411,0010-09-07 10:50:00,10,9,7,10,50,640,102,"2,BD ALSACE LORRAINE",43.4951,-1.46961,Plein jour,En agglomération,Hors intersection,Temps couvert,Sans collision,,,,,,,,,,,1,2,1,8.0,7.0
201000039412,0010-09-14 19:40:00,10,9,14,19,40,640,24,43 RUE DU BOIS BELIN,43.4926,-1.52072,Plein jour,En agglomération,Hors intersection,Normale,Autre collision,,,,,,,,,,,1,2,1,1.0,6.0
201000039413,0010-09-19 15:05:00,10,9,19,15,5,640,24,AV JEAN LEON LAPORTE,43.487,-1.50107,Plein jour,En agglomération,Hors intersection,Normale,Sans collision,,,,,,,,,,,1,2,1,1.0,7.0
201000039414,0010-09-20 14:10:00,10,9,20,14,10,640,102,RUE DES LISSES/MARENGO,43.4907,-1.47151,Plein jour,Hors agglomération,Intersection en X,Normale,Deux véhicules - frontale,,,,,,,,,,,1,1,2,1.0,1.0
201000039415,0010-09-21 12:10:00,10,9,21,12,10,640,102,"59, BD ALSACE LORRAINE",43.4924,-1.46507,Plein jour,En agglomération,Intersection en X,Normale,Deux véhicules - côté,,,,,,,,,,,1,2,2,1.0,3.0
201000039416,0010-09-29 11:30:00,10,9,29,11,30,640,102,06 CHEMIN DE LASSEGUETTE,43.4801,-1.47853,Plein jour,En agglomération,Hors intersection,Normale,Autre collision,,,,,,,,,,,1,2,1,1.0,6.0
201000039417,0010-10-02 17:06:00,10,10,2,17,6,640,102,CHEMIN DES BARTHES,43.4928,-1.49542,Plein jour,En agglomération,Intersection en Y,Normale,Deux véhicules - côté,,,,,,,,,,,1,2,4,1.0,3.0
201000039418,0010-10-03 11:50:00,10,10,3,11,50,640,24,18 RUE DU PASTISSE,43.4897,-1.50953,Plein jour,En agglomération,Hors intersection,Normale,Sans collision,,,,,,,,,,,1,2,1,1.0,7.0
201000039419,0010-10-09 22:00:00,10,10,9,22,0,640,102,30 RUE PANNECAU,43.4898,-1.47311,Nuit avec éclairage allumé,En agglomération,Hors intersection,Pluie légère,Sans collision,,,,,,,,,,,5,2,1,2.0,7.0
201000039420,0010-10-13 18:30:00,10,10,13,18,30,640,102,28 CHEMIN CAZENAVE,43.5102,-1.4349,Plein jour,En agglomération,Hors intersection,Normale,Deux véhicules - frontale,,,,,,,,,,,1,2,1,1.0,1.0
201000039421,0010-10-19 10:10:00,10,10,19,10,10,640,102,19 AV HUIT MAI 1945,43.4747,-1.48492,Plein jour,En agglomération,Hors intersection,Temps éblouissant,Sans collision,,,,,,,,,,,1,2,1,7.0,7.0
201000039422,0010-10-22 18:20:00,10,10,22,18,20,640,24,61 AVENUE DE BAYONNE,43.4827,-1.5043,Plein jour,En agglomération,Hors intersection,Normale,Deux véhicules - côté,,,,,,,,,,,1,2,1,1.0,3.0
201000039423,0010-10-23 14:30:00,10,10,23,14,30,640,24,"4, ROUTE DE PITOYS",43.4643,-1.50173,Plein jour,En agglomération,Hors intersection,Normale,Deux véhicules - côté,,,,,,,,,,,1,2,1,1.0,3.0
201000039424,0010-10-25 11:03:00,10,10,25,11,3,640,102,ROND POINT PIECE NOYEE,43.4994,-1.48145,Plein jour,En agglomération,Hors intersection,Normale,Autre collision,,,,,,,,,,,1,2,1,1.0,6.0
201000039425,0010-10-29 13:00:00,10,10,29,13,0,640,24,RUE DE HAUSQUETTE/LARREB,43.4922,-1.51113,Plein jour,En agglomération,Intersection en T,Normale,Autre collision,,,,,,,,,,,1,2,3,1.0,6.0
201000039426,0010-11-03 17:30:00,10,11,3,17,30,640,24,101 PROME. DE LA BARRE,43.5069,-1.52356,Plein jour,En agglomération,Hors intersection,Normale,Autre collision,,,,,,,,,,,1,2,1,1.0,6.0
201000039427,0010-11-06 14:38:00,10,11,6,14,38,640,24,"34, RUE  DE  MILLET",43.5019,-1.51539,Plein jour,En agglomération,Intersection à plus de 4 branches,Normale,Deux véhicules - frontale,,,,,,,,,,,1,2,5,1.0,1.0
201000039428,0010-11-07 22:20:00,10,11,7,22,20,640,102,CHEMIN DE SAINT ETIENNE,43.5001,-1.45973,Nuit avec éclairage allumé,En agglomération,Hors intersection,Pluie légère,Sans collision,,,,,,,,,,,5,2,1,2.0,7.0
201000039429,0010-11-12 15:00:00,10,11,12,15,0,640,102,RUE DU 49 EME REGIMENT,43.493,-1.47766,Plein jour,En agglomération,Intersection en X,Normale,Deux véhicules - côté,,,,,,,,,,,1,2,2,1.0,3.0
201000039430,0010-11-12 22:00:00,10,11,12,22,0,640,102,AV LOUIS DE FOIX/LAHARIE,43.5044,-1.46746,Nuit avec éclairage allumé,En agglomération,Intersection en X,Normale,Deux véhicules - côté,,,,,,,,,,,5,2,2,1.0,3.0
201000039431,0010-11-18 11:00:00,10,11,18,11,0,640,140,ZA DU BAZE,43.5243,-1.49344,Plein jour,En agglomération,Hors intersection,Pluie légère,Trois véhicules et plus - collisions multiples,,,,,,,,,,,1,2,1,2.0,5.0
201000039432,0010-11-18 16:12:00,10,11,18,16,12,640,24,22 ROUTE DE PITOYS,43.4636,-1.5118,Plein jour,En agglomération,Hors intersection,Pluie légère,Trois véhicules et plus - en chaîne,,,,,,,,,,,1,2,1,2.0,4.0
201000039433,0010-11-18 18:35:00,10,11,18,18,35,640,24,BD DU BAB/LAROCHEFOUCAUD,43.4874,-1.53647,Nuit avec éclairage allumé,En agglomération,Intersection en X,Temps couvert,Deux véhicules - arrière,,,,,,,,,,,5,2,2,8.0,2.0
201000039434,0010-11-22 09:35:00,10,11,22,9,35,640,102,75 RUE MAUBEC,43.4993,-1.46716,Plein jour,En agglomération,Hors intersection,Temps couvert,Sans collision,,,,,,,,,,,1,2,1,8.0,7.0
201000039435,0010-11-23 08:05:00,10,11,23,8,5,640,24,06 AV LAROCHEFOUCAULD,43.4885,-1.53086,Nuit avec éclairage allumé,En agglomération,Hors intersection,Pluie légère,Autre collision,,,,,,,,,,,5,2,1,2.0,6.0
201000039436,0010-11-24 20:20:00,10,11,24,20,20,640,102,8 AV MARECHAL SOULT,43.5028,-1.4631,Nuit avec éclairage allumé,En agglomération,Hors intersection,Pluie légère,Sans collision,,,,,,,,,,,5,2,1,2.0,7.0
201000039437,0010-11-29 08:10:00,10,11,29,8,10,640,102,RUE TOUR DE SAULT,43.4883,-1.47736,Nuit avec éclairage allumé,En agglomération,Hors intersection,Neige / grêle,Sans collision,,,,,,,,,,,5,2,1,4.0,7.0
201000039438,0010-11-29 16:23:00,10,11,29,16,23,640,102,AV ALLEES PAULMY/HARISPE,43.4941,-1.47939,Plein jour,En agglomération,Hors intersection,Normale,Deux véhicules - côté,,,,,,,,,,,1,2,1,1.0,3.0
201000039439,0010-11-29 19:42:00,10,11,29,19,42,640,24,AV DES DAUPHINS/GASCONS,43.5001,-1.54196,Nuit avec éclairage allumé,En agglomération,Intersection en T,Normale,Deux véhicules - côté,,,,,,,,,,,5,2,3,1.0,3.0
201000039440,0010-11-30 16:19:00,10,11,30,16,19,640,102,26 CHEMIN DE TROUILLET,43.4961,-1.44298,Plein jour,En agglomération,Hors intersection,Temps couvert,Deux véhicules - côté,,,,,,,,,,,1,2,1,8.0,3.0
201000039441,0010-12-06 00:20:00,10,12,6,0,20,640,102,ROND POINT PONT GRENET,43.497,-1.48321,Nuit avec éclairage allumé,En agglomération,Hors intersection,Pluie légère,Sans collision,,,,,,,,,,,5,2,1,2.0,7.0
201000039442,0010-12-06 21:15:00,10,12,6,21,15,640,102,"46, AV MARECHAL FOCH",43.4943,-1.48371,Nuit avec éclairage allumé,En agglomération,Intersection en T,Normale,Deux véhicules - frontale,,,,,,,,,,,5,2,3,1.0,1.0
201000039443,0010-12-08 15:25:00,10,12,8,15,25,640,102,"2, ALLEES BOUFFLERS",43.4916,-1.4694,Plein jour,En agglomération,Intersection en T,Normale,Autre collision,,,,,,,,,,,1,2,3,1.0,6.0
201000039444,0010-12-09 15:45:00,10,12,9,15,45,640,102,AV DU PRISSE,43.481,-1.45852,Plein jour,En agglomération,Hors intersection,Temps couvert,Sans collision,,,,,,,,,,,1,2,1,8.0,7.0
201000039445,0010-12-13 18:04:00,10,12,13,18,4,640,102,AVENUE LOUIS DE FOIX,43.5044,-1.46746,Nuit avec éclairage allumé,En agglomération,Intersection en X,Normale,Deux véhicules - côté,,,,,,,,,,,5,2,2,1.0,3.0
201000039446,0010-12-17 01:50:00,10,12,17,1,50,640,102,AV DU POLO/AV URSUYA,43.479,-1.49846,Nuit avec éclairage allumé,En agglomération,Intersection en X,Pluie légère,Sans collision,,,,,,,,,,,5,2,2,2.0,7.0
201000039447,0010-12-21 18:35:00,10,12,21,18,35,640,24,AVENUE D'ESPAGNE,43.4765,-1.52636,Nuit avec éclairage allumé,En agglomération,Intersection en T,Pluie légère,Deux véhicules - côté,,,,,,,,,,,5,2,3,2.0,3.0
201000039448,0010-12-22 18:35:00,10,12,22,18,35,640,102,RUE GEORGES BERGES,43.496,-1.48778,Nuit avec éclairage allumé,En agglomération,Hors intersection,Pluie légère,Sans collision,,,,,,,,,,,5,2,1,2.0,7.0
201000039449,0010-12-23 14:40:00,10,12,23,14,40,640,102,03 BD ALSACE LORRAINE,43.495,-1.46931,Plein jour,En agglomération,Hors intersection,Pluie légère,Sans collision,,,,,,,,,,,1,2,1,2.0,7.0
201000039450,0010-12-23 20:00:00,10,12,23,20,0,640,102,RUE BERNEDE/RUE THIERS,43.4934,-1.47572,Nuit avec éclairage allumé,En agglomération,Intersection en X,Pluie légère,Deux véhicules - côté,,,,,,,,,,,5,2,2,2.0,3.0
201000039451,0010-12-24 12:10:00,10,12,24,12,10,640,24,BD DU BAB/LAROCHEFOUCAUL,43.4874,-1.53637,Plein jour,En agglomération,Intersection en X,Pluie légère,Deux véhicules - arrière,,,,,,,,,,,1,2,2,2.0,2.0
201000039452,0010-12-30 12:12:00,10,12,30,12,12,640,102,"18,BD  ALSACE LORRAINE",43.4945,-1.46821,Plein jour,Hors agglomération,Hors intersection,Normale,Autre collision,,,,,,,,,,,1,1,1,1.0,6.0
201000039453,0010-12-31 16:15:00,10,12,31,16,15,640,24,AVENUE D' ESPAGNE,43.4675,-1.54003,Plein jour,En agglomération,Intersection en T,Normale,Sans collision,,,,,,,,,,,1,2,3,1.0,7.0
201000039454,0010-01-11 18:30:00,10,1,11,18,30,640,122,BD MARCEL DASSAULT,43.4632,-1.54443,Crépuscule ou aube,En agglomération,Hors intersection,Normale,Deux véhicules - côté,,,,,,,,,,,2,2,1,1.0,3.0
201000039455,0010-01-22 22:05:00,10,1,22,22,5,640,122,"14, AV REINE NATHALIE",43.4843,-1.54731,Nuit avec éclairage allumé,En agglomération,Hors intersection,Normale,Sans collision,,,,,,,,,,,5,2,1,1.0,7.0
201000039456,0010-01-24 17:05:00,10,1,24,17,5,640,122,"37, RUE GAMBETTA",43.4804,-1.5635,Plein jour,En agglomération,Hors intersection,Temps couvert,Deux véhicules - arrière,,,,,,,,,,,1,2,1,8.0,2.0
201000039457,0010-01-25 07:50:00,10,1,25,7,50,640,122,"42 BIS,AV DE LA MARNE",43.4842,-1.54932,Crépuscule ou aube,En agglomération,Hors intersection,Normale,Deux véhicules - côté,,,,,,,,,,,2,2,1,1.0,3.0
201000039458,0010-02-24 17:05:00,10,2,24,17,5,640,122,"37, RUE GAMBETTA",43.4801,-1.56372,Plein jour,En agglomération,Hors intersection,Temps couvert,Autre collision,,,,,,,,,,,1,2,1,8.0,6.0
201000039459,0010-03-01 18:25:00,10,3,1,18,25,640,125,RUE URDELARUN/OYHARA,43.428,-1.5866,Plein jour,En agglomération,Hors intersection,Normale,Deux véhicules - côté,,,,,,,,,,,1,2,1,1.0,3.0
201000039460,0010-03-07 13:40:00,10,3,7,13,40,640,122,"21, RUE DE L'ESTAGNAS",43.4843,-1.54198,Plein jour,En agglomération,Hors intersection,Normale,Deux véhicules - côté,,,,,,,,,,,1,2,1,1.0,3.0
201000039461,0010-03-16 08:15:00,10,3,16,8,15,640,122,AVENUE LAHOUZE/AV MARNE,43.4808,-1.54534,Plein jour,En agglomération,Hors intersection,Temps éblouissant,Autre collision,,,,,,,,,,,1,2,1,7.0,6.0
201000039462,0010-03-20 13:00:00,10,3,20,13,0,640,125,RD 810,43.4324,-1.59643,Plein jour,En agglomération,Hors intersection,Normale,Deux véhicules - côté,,,,,,,,,,,1,2,1,1.0,3.0
201000039463,0010-03-26 01:50:00,10,3,26,1,50,640,122,AVENUE DE LA MILADY,43.4612,-1.57089,Nuit avec éclairage allumé,En agglomération,Hors intersection,Normale,Autre collision,,,,,,,,,,,5,2,1,1.0,6.0
201000039464,0010-03-29 23:15:00,10,3,29,23,15,640,122,BD DU BAB/AV D'ANGLET,43.4873,-1.53658,Nuit avec éclairage allumé,En agglomération,Hors intersection,Pluie légère,Deux véhicules - côté,,,,,,,,,,,5,2,1,2.0,3.0
201000039465,0010-04-01 08:40:00,10,4,1,8,40,640,125,AVENUE D'ESPAGNE,43.4308,-1.59873,Plein jour,En agglomération,Hors intersection,Pluie légère,Deux véhicules - côté,,,,,,,,,,,1,2,1,2.0,3.0
201000039466,0010-04-02 16:30:00,10,4,2,16,30,640,122,"126, AV-IMP PIOCHE",43.4689,-1.55647,Plein jour,En agglomération,Hors intersection,Normale,Autre collision,,,,,,,,,,,1,2,1,1.0,6.0
201000039467,0010-04-14 15:20:00,10,4,14,15,20,640,125,RD 810,43.4508,-1.56493,Plein jour,En agglomération,Intersection en T,Normale,Deux véhicules - côté,,,,,,,,,,,1,2,3,1.0,3.0
201000039468,0010-04-16 17:30:00,10,4,16,17,30,640,122,RUE ERNEST FOURNEAU,43.4801,-1.5605,Plein jour,En agglomération,Hors intersection,Normale,Autre collision,,,,,,,,,,,1,2,1,1.0,6.0
201000039469,0010-04-22 13:00:00,10,4,22,13,0,640,122,AV-IMPASSE GRAMMONT,43.4757,-1.55287,Plein jour,En agglomération,Hors intersection,Pluie légère,Deux véhicules - côté,,,,,,,,,,,1,2,1,2.0,3.0
201000039470,0010-04-23 09:30:00,10,4,23,9,30,640,122,RUE LOUIS BARTHOU,43.4829,-1.55809,Plein jour,En agglomération,Hors intersection,Pluie légère,Deux véhicules - arrière,,,,,,,,,,,1,2,1,2.0,2.0
201000039471,0010-04-24 15:50:00,10,4,24,15,50,640,122,BD MARECHAL  LECLERC,43.483,-1.56463,Plein jour,En agglomération,Hors intersection,Normale,Deux véhicules - côté,,,,,,,,,,,1,2,1,1.0,3.0
201000039472,0010-04-26 10:30:00,10,4,26,10,30,640,122,RUE JEAN JAURES/FRERES,43.478,-1.55853,Plein jour,En agglomération,Hors intersection,Normale,Deux véhicules - côté,,,,,,,,,,,1,2,1,1.0,3.0
201000039473,0010-04-27 15:05:00,10,4,27,15,5,640,122,44 AV PRESIDENT KENNEDY,43.472,-1.55556,Plein jour,En agglomération,Hors intersection,Normale,Deux véhicules - côté,,,,,,,,,,,1,2,1,1.0,3.0
201000039474,0010-04-30 17:55:00,10,4,30,17,55,640,122,AV KENNEDY/DORZIAT,43.4612,-1.54941,Plein jour,En agglomération,Intersection en T,Normale,Deux véhicules - côté,,,,,,,,,,,1,2,3,1.0,3.0
201000039475,0010-05-01 12:00:00,10,5,1,12,0,640,122,BD DE CASCAILS,43.4747,-1.54546,Plein jour,En agglomération,Giratoire,Normale,Deux véhicules - arrière,,,,,,,,,,,1,2,6,1.0,2.0
201000039476,0010-05-02 12:35:00,10,5,2,12,35,640,125,RD 810,43.4475,-1.57434,Plein jour,En agglomération,Hors intersection,Normale,Deux véhicules - côté,,,,,,,,,,,1,2,1,1.0,3.0
201000039477,0010-05-02 18:15:00,10,5,2,18,15,640,122,9 AV MARECHAL FOCH,43.4805,-1.55874,Plein jour,En agglomération,Hors intersection,Normale,Autre collision,,,,,,,,,,,1,2,1,1.0,6.0
201000039478,0010-05-10 19:29:00,10,5,10,19,29,640,125,BAYONNE (AVENUE DE),,,Plein jour,En agglomération,Hors intersection,Normale,Deux véhicules - arrière,,,,,,,,,,,1,2,1,1.0,2.0
201000039479,0010-05-11 10:40:00,10,5,11,10,40,640,122,17 AV KENNEDY,,,Plein jour,En agglomération,Hors intersection,Normale,Autre collision,,,,,,,,,,,1,2,1,1.0,6.0
201000039480,0010-05-14 11:20:00,10,5,14,11,20,640,122,14 AV MARECHAL FOCH,43.4811,-1.55903,Plein jour,En agglomération,Hors intersection,Normale,Autre collision,,,,,,,,,,,1,2,1,1.0,6.0
201000039481,0010-05-15 10:20:00,10,5,15,10,20,640,122,RUE  ANDRE BORDE,43.4719,-1.53832,Plein jour,En agglomération,Hors intersection,Normale,Deux véhicules - arrière,,,,,,,,,,,1,2,1,1.0,2.0
201000039482,0010-06-02 17:20:00,10,6,2,17,20,640,122,PETITES SOEURS DES PAUVR,43.481,-1.5489,Plein jour,En agglomération,Hors intersection,Normale,Autre collision,,,,,,,,,,,1,2,1,1.0,6.0
201000039483,0010-06-03 12:30:00,10,6,3,12,30,640,122,BOULEVARD BAB,43.4874,-1.5364,Plein jour,En agglomération,Hors intersection,Normale,Trois véhicules et plus - collisions multiples,,,,,,,,,,,1,2,1,1.0,5.0
201000039484,0010-06-09 17:15:00,10,6,9,17,15,640,122,"9,  RUE HARISPE",43.474,-1.56487,Plein jour,En agglomération,Hors intersection,Normale,Autre collision,,,,,,,,,,,1,2,1,1.0,6.0
201000039485,0010-06-10 15:20:00,10,6,10,15,20,640,122,"140, AVENUE KENNEDY",43.4641,-1.55224,Plein jour,En agglomération,Hors intersection,Normale,Autre collision,,,,,,,,,,,1,2,1,1.0,6.0
201000039486,0010-06-11 13:20:00,10,6,11,13,20,640,122,10 GEORGES CLEMENCEAU,43.4822,-1.56055,Plein jour,En agglomération,Hors intersection,Normale,Autre collision,,,,,,,,,,,1,2,1,1.0,6.0
201000039487,0010-06-18 18:20:00,10,6,18,18,20,640,122,AVENUE BEAURIVAGE,43.4755,-1.56619,Plein jour,En agglomération,Hors intersection,Normale,Deux véhicules - côté,,,,,,,,,,,1,2,1,1.0,3.0
201000039488,0010-06-18 19:10:00,10,6,18,19,10,640,122,ROND POINT DE L EUROPE,43.4809,-1.54089,Plein jour,En agglomération,Giratoire,Normale,Deux véhicules - côté,,,,,,,,,,,1,2,6,1.0,3.0
201000039489,0010-06-19 23:00:00,10,6,19,23,0,640,122,BD MARECHAL LECLERC,43.4832,-1.56702,Nuit avec éclairage allumé,En agglomération,Hors intersection,Normale,Autre collision,,,,,,,,,,,5,2,1,1.0,6.0
201000039490,0010-06-20 04:25:00,10,6,20,4,25,640,122,BD DASSAULT MARCEL,43.465,-1.54255,Nuit avec éclairage allumé,En agglomération,Hors intersection,Normale,Sans collision,,,,,,,,,,,5,2,1,1.0,7.0
201000039491,0010-06-24 09:50:00,10,6,24,9,50,640,122,66 AVENUE KENNEDY,43.4701,-1.55524,Plein jour,En agglomération,Hors intersection,Normale,Autre collision,,,,,,,,,,,1,2,1,1.0,6.0
201000039492,0010-06-24 18:15:00,10,6,24,18,15,640,122,42 AVENUE KENNEDY,43.4712,-1.5554,Plein jour,En agglomération,Hors intersection,Normale,Deux véhicules - côté,,,,,,,,,,,1,2,1,1.0,3.0
201000039493,0010-06-24 23:16:00,10,6,24,23,16,640,125,RUE DE L' ETAPE,43.4493,-1.57643,Nuit avec éclairage allumé,En agglomération,Hors intersection,Normale,Deux véhicules - arrière,,,,,,,,,,,5,2,1,1.0,2.0
201000039494,0010-06-25 11:25:00,10,6,25,11,25,640,122,"3,  AVENUE- BEAURIVAGE",43.4769,-1.56554,Plein jour,En agglomération,Hors intersection,Normale,Deux véhicules - côté,,,,,,,,,,,1,2,1,1.0,3.0
201000039495,0010-06-27 04:45:00,10,6,27,4,45,640,122,RUE GAMBETTA/FONTAINE,43.4804,-1.56354,Nuit avec éclairage non allumé,En agglomération,Intersection en X,Normale,Deux véhicules - côté,,,,,,,,,,,4,2,2,1.0,3.0
201000039496,0010-06-29 09:05:00,10,6,29,9,5,640,122,AV KENNEDY/AV FOCH,43.4747,-1.55739,Plein jour,En agglomération,Intersection en X,Normale,Trois véhicules et plus - collisions multiples,,,,,,,,,,,1,2,2,1.0,5.0
201000039497,0010-07-02 18:00:00,10,7,2,18,0,640,122,BD  PRINCE DE GALLES,43.4783,-1.56665,Plein jour,En agglomération,Hors intersection,Normale,Deux véhicules - côté,,,,,,,,,,,1,2,1,1.0,3.0
201000039498,0010-07-06 14:40:00,10,7,6,14,40,640,122,66 AVENUE DE VERDUN,43.4822,-1.5504,Plein jour,En agglomération,Hors intersection,Normale,Deux véhicules - côté,,,,,,,,,,,1,2,1,1.0,3.0
201000039499,0010-07-06 14:30:00,10,7,6,14,30,640,122,AVENUE DU SABAOU,43.4741,-1.54569,Plein jour,En agglomération,Hors intersection,Normale,Deux véhicules - côté,,,,,,,,,,,1,2,1,1.0,3.0
201000039500,0010-07-06 18:20:00,10,7,6,18,20,640,125,AVENUE DU PLATEAU,43.4449,-1.58392,Plein jour,En agglomération,Hors intersection,Normale,Deux véhicules - côté,,,,,,,,,,,1,2,1,1.0,3.0
201000039501,0010-07-08 15:50:00,10,7,8,15,50,640,122,RUE FRANCIS JAMMES,43.4621,-1.55438,Plein jour,En agglomération,Hors intersection,Normale,Deux véhicules - côté,,,,,,,,,,,1,2,1,1.0,3.0
201000039502,0010-07-11 20:50:00,10,7,11,20,50,640,122,RUE LARRALDE,43.4815,-1.55835,Plein jour,En agglomération,Intersection en X,Normale,Deux véhicules - côté,,,,,,,,,,,1,2,2,1.0,3.0
201000039503,0010-07-19 09:40:00,10,7,19,9,40,640,122,80 AVENUE DE LA MARNE,43.4815,-1.54238,Plein jour,En agglomération,Hors intersection,Normale,Deux véhicules - côté,,,,,,,,,,,1,2,1,1.0,3.0
201000039504,0010-07-19 14:15:00,10,7,19,14,15,640,122,RUE DU HELDER,43.4811,-1.55746,Plein jour,En agglomération,Intersection en T,Normale,Deux véhicules - côté,,,,,,,,,,,1,2,3,1.0,3.0
201000039505,0010-07-24 19:40:00,10,7,24,19,40,640,122,AV KENNEDY/PRUNUS,43.4726,-1.55582,Plein jour,En agglomération,Hors intersection,Normale,Deux véhicules - côté,,,,,,,,,,,1,2,1,1.0,3.0
201000039506,0010-07-26 09:00:00,10,7,26,9,0,640,122,"08, AV EDOUARD VII",43.4829,-1.55878,Plein jour,En agglomération,Hors intersection,Normale,Deux véhicules - côté,,,,,,,,,,,1,2,1,1.0,3.0
201000039507,0010-07-26 15:50:00,10,7,26,15,50,640,122,AV-IMP GRAMMONT,43.4759,-1.5525,Plein jour,En agglomération,Hors intersection,Normale,Deux véhicules - côté,,,,,,,,,,,1,2,1,1.0,3.0
201000039508,0010-07-27 00:40:00,10,7,27,0,40,640,122,ROND POINT DU MOUSSE,43.4675,-1.54003,Nuit avec éclairage allumé,En agglomération,Giratoire,Normale,Sans collision,,,,,,,,,,,5,2,6,1.0,7.0
201000039509,0010-07-27 19:00:00,10,7,27,19,0,640,122,ROCHER DE LA VIERGE,43.4834,-1.56831,Plein jour,En agglomération,Hors intersection,Normale,Autre collision,,,,,,,,,,,1,2,1,1.0,6.0
201000039510,0010-07-29 16:20:00,10,7,29,16,20,640,122,AV DU SABAOU/AV MIGRON,43.4744,-1.55036,Plein jour,En agglomération,Hors intersection,Normale,Deux véhicules - côté,,,,,,,,,,,1,2,1,1.0,3.0
201000039511,0010-07-30 23:30:00,10,7,30,23,30,640,122,AVENUE DE VERDUN,43.4809,-1.54533,Nuit avec éclairage allumé,En agglomération,Intersection en X,Normale,Deux véhicules - côté,,,,,,,,,,,5,2,2,1.0,3.0
201000039512,0010-08-01 19:40:00,10,8,1,19,40,640,122,"2 BIS,RUE PRINGLE",43.4817,-1.55135,Plein jour,En agglomération,Hors intersection,Pluie légère,Deux véhicules - arrière,,,,,,,,,,,1,2,1,2.0,2.0
201000039513,0010-08-02 12:00:00,10,8,2,12,0,640,125,RUE MUNDUNSTENE/RUE GARE,43.4313,-1.59756,Plein jour,En agglomération,Hors intersection,Normale,Deux véhicules - côté,,,,,,,,,,,1,2,1,1.0,3.0
201000039514,0010-08-05 17:40:00,10,8,5,17,40,640,125,AVENUE DU PLATEAU,43.4454,-1.58348,Plein jour,En agglomération,Hors intersection,Normale,Sans collision,,,,,,,,,,,1,2,1,1.0,7.0
201000039515,0010-08-07 16:10:00,10,8,7,16,10,640,122,9 AV MARECHAL FOCH,43.4805,-1.5587,Plein jour,En agglomération,Hors intersection,Normale,Autre collision,,,,,,,,,,,1,2,1,1.0,6.0
201000039516,0010-08-08 03:05:00,10,8,8,3,5,640,122,AVENUE DE VERDUN/PRINGLE,43.4822,-1.55107,Nuit avec éclairage allumé,En agglomération,Intersection en T,Normale,Deux véhicules - côté,,,,,,,,,,,5,2,3,1.0,3.0
201000039517,0010-08-09 22:15:00,10,8,9,22,15,640,125,AV D' ESPAGNE/M. PIERRE,43.4304,-1.59938,Nuit avec éclairage allumé,En agglomération,Hors intersection,Normale,Deux véhicules - frontale,,,,,,,,,,,5,2,1,1.0,1.0
201000039518,0010-08-10 18:35:00,10,8,10,18,35,640,122,"14,AV DE L'IMPERATRICE",43.4868,-1.55517,Plein jour,En agglomération,Hors intersection,Normale,Deux véhicules - côté,,,,,,,,,,,1,2,1,1.0,3.0
201000039519,0010-08-11 20:40:00,10,8,11,20,40,640,125,13 AVENUE CHABADENIA,43.4379,-1.58965,Plein jour,En agglomération,Hors intersection,Normale,Deux véhicules - côté,,,,,,,,,,,1,2,1,1.0,3.0
201000039520,0010-08-11 22:15:00,10,8,11,22,15,640,125,AV ATHERBEA/RUE GARE,43.4314,-1.59783,Nuit avec éclairage allumé,En agglomération,Hors intersection,Normale,Deux véhicules - côté,,,,,,,,,,,5,2,1,1.0,3.0