accident_id,datetime,annee,mois,jour,heure,minute,departement,commune_insee,adresse,latitude,longitude,luminosite,agglomeration,intersection,meteo,collision,nb_vehicules,nb_usagers,nb_indemnes,nb_tues,nb_blesses_hosp,nb_blesses_legers,age_cond_1,age_cond_2,veh_type_cond_1,veh_type_cond_2,lum_code,agg_code,int_code,atm_code,col_code
201000039521,0010-09-01 12:30:00,10,9,1,12,30,640,122,RUE LAVIGERIE/SARASATE,43.4881,-1.55257,Plein jour,En agglomération,Hors intersection,Normale,Deux véhicules - côté,,,,,,,,,,,1,2,1,1.0,3.0
201000039522,0010-09-02 16:20:00,10,9,2,16,20,640,122,86 AVENUE KENNEDY,43.4674,-1.5544,Plein jour,En agglomération,Hors intersection,Normale,Deux véhicules - arrière,,,,,,,,,,,1,2,1,1.0,2.0
201000039523,0010-09-05 12:45:00,10,9,5,12,45,640,125,AVENUE DE BIARRITZ,43.4543,-1.57363,Plein jour,En agglomération,Hors intersection,Normale,Deux véhicules - côté,,,,,,,,,,,1,2,1,1.0,3.0
201000039524,0010-09-10 21:10:00,10,9,10,21,10,640,122,RUE DU PREFET DOUX,43.4825,-1.56696,Nuit avec éclairage allumé,En agglomération,Hors intersection,Normale,Autre collision,,,,,,,,,,,5,2,1,1.0,6.0
201000039525,0010-09-15 21:45:00,10,9,15,21,45,640,122,64 AV MARECHAL FOCH,43.4747,-1.55738,Nuit avec éclairage allumé,En agglomération,Autre intersection,Normale,Deux véhicules - côté,,,,,,,,,,,5,2,9,1.0,3.0
201000039526,0010-09-16 08:50:00,10,9,16,8,50,640,122,RUE LARREPUNTE/DUPRAT,43.4715,-1.55644,Plein jour,En agglomération,Intersection en X,Pluie légère,Deux véhicules - côté,,,,,,,,,,,1,2,2,2.0,3.0
201000039527,0010-09-18 17:30:00,10,9,18,17,30,640,122,AV MAL FOCH/RUE GASCOGNE,43.4806,-1.55874,Plein jour,En agglomération,Hors intersection,Normale,Deux véhicules - côté,,,,,,,,,,,1,2,1,1.0,3.0
201000039528,0010-09-19 13:25:00,10,9,19,13,25,640,122,ALLEE DU MOURA,43.4597,-1.54623,Plein jour,En agglomération,Hors intersection,Normale,Autre collision,,,,,,,,,,,1,2,1,1.0,6.0
201000039529,0010-09-23 12:55:00,10,9,23,12,55,640,122,34 AV KENNEDY,43.4726,-1.5558,Plein jour,En agglomération,Hors intersection,Normale,Deux véhicules - côté,,,,,,,,,,,1,2,1,1.0,3.0
201000039530,0010-09-26 16:35:00,10,9,26,16,35,640,122,"31, AV KENNEDY",43.4722,-1.55563,Plein jour,En agglomération,Hors intersection,Normale,Deux véhicules - côté,,,,,,,,,,,1,2,1,1.0,3.0
201000039531,0010-09-27 13:35:00,10,9,27,13,35,640,122,AV MAL JOFFRE/AV CARNOT,43.4793,-1.55866,Plein jour,En agglomération,Giratoire,Normale,Deux véhicules - côté,,,,,,,,,,,1,2,6,1.0,3.0
201000039532,0010-09-28 08:55:00,10,9,28,8,55,640,122,AV DE VERDUN/AV SERRANO,43.4815,-1.54727,Plein jour,En agglomération,Intersection en T,Normale,Deux véhicules - côté,,,,,,,,,,,1,2,3,1.0,3.0
201000039533,0010-09-29 15:10:00,10,9,29,15,10,640,122,AV PASTEUR/AV SABAOU,43.4744,-1.55037,Plein jour,En agglomération,Intersection en X,Normale,Deux véhicules - côté,,,,,,,,,,,1,2,2,1.0,3.0
201000039534,0010-10-08 11:20:00,10,10,8,11,20,640,125,RUE CONTRESTA/SOURCE ROY,43.4457,-1.57635,Plein jour,En agglomération,Hors intersection,Normale,Deux véhicules - côté,,,,,,,,,,,1,2,1,1.0,3.0
201000039535,0010-10-10 15:55:00,10,10,10,15,55,640,122,86 AVENUE DE LA MARNE,43.4813,-1.54184,Plein jour,En agglomération,Hors intersection,Pluie forte,Autre collision,,,,,,,,,,,1,2,1,3.0,6.0
201000039536,0010-10-11 09:00:00,10,10,11,9,0,640,122,BD STE MADELEINE/TRUBERT,43.4885,-1.5438,Plein jour,En agglomération,Hors intersection,Temps couvert,Deux véhicules - côté,,,,,,,,,,,1,2,1,8.0,3.0
201000039537,0010-10-18 17:40:00,10,10,18,17,40,640,122,RD 810,43.4718,-1.53585,Plein jour,En agglomération,Intersection en T,Normale,Deux véhicules - côté,,,,,,,,,,,1,2,3,1.0,3.0
201000039538,0010-10-19 08:50:00,10,10,19,8,50,640,125,AVENUE ATHERBEA,43.4313,-1.59786,Plein jour,En agglomération,Hors intersection,Normale,Deux véhicules - côté,,,,,,,,,,,1,2,1,1.0,3.0
201000039539,0010-10-20 10:10:00,10,10,20,10,10,640,122,RUE DU PRADOT,43.4611,-1.55709,Plein jour,En agglomération,Hors intersection,Normale,Deux véhicules - frontale,,,,,,,,,,,1,2,1,1.0,1.0
201000039540,0010-10-21 19:50:00,10,10,21,19,50,640,122,4  RUE  FRANCIS JAMMES,43.4621,-1.55374,Nuit avec éclairage allumé,En agglomération,Hors intersection,Normale,Deux véhicules - côté,,,,,,,,,,,5,2,1,1.0,3.0
201000039541,0010-10-29 14:40:00,10,10,29,14,40,640,122,"56, AV KENNEDY",43.4703,-1.55524,Plein jour,En agglomération,Hors intersection,Normale,Trois véhicules et plus - en chaîne,,,,,,,,,,,1,2,1,1.0,4.0
201000039542,0010-10-29 19:40:00,10,10,29,19,40,640,122,"6, RUE LUIS MARIANO",43.4586,-1.54712,Crépuscule ou aube,En agglomération,Hors intersection,Pluie légère,Autre collision,,,,,,,,,,,2,2,1,2.0,6.0
201000039543,0010-11-02 15:30:00,10,11,2,15,30,640,122,RUE BORDE ANDRE,43.4719,-1.53808,Plein jour,En agglomération,Hors intersection,Normale,Autre collision,,,,,,,,,,,1,2,1,1.0,6.0
201000039544,0010-11-08 11:50:00,10,11,8,11,50,640,122,160 AV DE LA  MILADY,43.459,-1.57225,Plein jour,En agglomération,Hors intersection,Pluie légère,Deux véhicules - côté,,,,,,,,,,,1,2,1,2.0,3.0
201000039545,0010-11-12 14:40:00,10,11,12,14,40,640,125,AVENUE DE BAYONNE,43.4508,-1.56493,Plein jour,En agglomération,Intersection en T,Normale,Deux véhicules - côté,,,,,,,,,,,1,2,3,1.0,3.0
201000039546,0010-11-16 12:45:00,10,11,16,12,45,640,125,D810/CHEMIN MOULIOS,43.444,-1.58471,Plein jour,En agglomération,Hors intersection,Pluie forte,Deux véhicules - côté,,,,,,,,,,,1,2,1,3.0,3.0
201000039547,0010-11-19 14:30:00,10,11,19,14,30,640,122,1 AV KENNEDY,43.4747,-1.55739,Plein jour,En agglomération,Hors intersection,Normale,Deux véhicules - côté,,,,,,,,,,,1,2,1,1.0,3.0
201000039548,0010-11-20 19:10:00,10,11,20,19,10,640,122,51 AVENUE DE VERDUN,43.4819,-1.55382,Nuit avec éclairage allumé,En agglomération,Intersection en X,Pluie légère,Deux véhicules - frontale,,,,,,,,,,,5,2,2,2.0,1.0
201000039549,0010-11-21 10:15:00,10,11,21,10,15,640,122,ROND POINT DE L EUROPE,43.4811,-1.54106,Plein jour,En agglomération,Giratoire,Pluie légère,Deux véhicules - côté,,,,,,,,,,,1,2,6,2.0,3.0
201000039550,0010-11-24 16:30:00,10,11,24,16,30,640,122,AV V. HUGO/C. LACOMBE,43.4801,-1.56192,Crépuscule ou aube,En agglomération,Intersection en X,Pluie légère,Deux véhicules - côté,,,,,,,,,,,2,2,2,2.0,3.0
201000039551,0010-11-26 14:30:00,10,11,26,14,30,640,122,CARREFOUR HELIANTHE,43.4772,-1.56547,Plein jour,En agglomération,Giratoire,Temps éblouissant,Autre collision,,,,,,,,,,,1,2,6,7.0,6.0
201000039552,0010-11-29 12:25:00,10,11,29,12,25,640,122,120 AVENUE DE VERDUN,43.4807,-1.5446,Plein jour,En agglomération,Hors intersection,Temps couvert,Deux véhicules - côté,,,,,,,,,,,1,2,1,8.0,3.0
201000039553,0010-12-01 17:30:00,10,12,1,17,30,640,122,BD DE CASCAILS,43.4745,-1.54542,Nuit avec éclairage allumé,En agglomération,Hors intersection,Pluie forte,Trois véhicules et plus - en chaîne,,,,,,,,,,,5,2,1,3.0,4.0
201000039554,0010-12-12 14:40:00,10,12,12,14,40,640,122,AVENUE- BEAURIVAGE,43.4759,-1.56605,Plein jour,En agglomération,Hors intersection,Normale,Deux véhicules - côté,,,,,,,,,,,1,2,1,1.0,3.0
201000039555,0010-12-13 08:00:00,10,12,13,8,0,640,122,"28, AV REINE NATHALIE",43.4834,-1.54637,Crépuscule ou aube,En agglomération,Hors intersection,Normale,Autre collision,,,,,,,,,,,2,2,1,1.0,6.0
201000039556,0010-12-17 07:30:00,10,12,17,7,30,640,122,33 RUE DE SALON,43.4662,-1.55523,Nuit avec éclairage allumé,En agglomération,Hors intersection,Pluie légère,Deux véhicules - frontale,,,,,,,,,,,5,2,1,2.0,1.0
201000039557,0010-12-19 18:30:00,10,12,19,18,30,640,125,AV DE CUMBA/CONTRESTA,43.4468,-1.57873,Nuit avec éclairage allumé,En agglomération,Hors intersection,Normale,Autre collision,,,,,,,,,,,5,2,1,1.0,6.0
201000039558,0010-12-24 08:30:00,10,12,24,8,30,640,122,44 AVENUE COULAOUN,43.4753,-1.53789,Plein jour,En agglomération,Hors intersection,Neige / grêle,Deux véhicules - côté,,,,,,,,,,,1,2,1,4.0,3.0
201000039559,0010-01-01 05:25:00,10,1,1,5,25,640,348,AV JOSEPH MARIE JACQUARD,43.3112,-0.42166,Nuit avec éclairage allumé,En agglomération,Hors intersection,Normale,Autre collision,,,,,,,,,,,5,2,1,1.0,6.0
201000039560,0010-01-07 12:45:00,10,1,7,12,45,640,445,"0, BD TOURASSE",,,Plein jour,En agglomération,Hors intersection,Pluie légère,Deux véhicules - arrière,,,,,,,,,,,1,2,1,2.0,2.0
201000039561,0010-01-07 17:35:00,10,1,7,17,35,640,445,"47, BOULEVARD TOURASSE",43.3108,-0.34861,Plein jour,En agglomération,Hors intersection,Normale,Trois véhicules et plus - en chaîne,,,,,,,,,,,1,2,1,1.0,4.0
201000039562,0010-01-07 20:15:00,10,1,7,20,15,640,445,AVENUE DE L'UNIVERSITE,43.3114,-0.36338,Nuit avec éclairage allumé,En agglomération,Giratoire,Pluie légère,Deux véhicules - côté,,,,,,,,,,,5,2,6,2.0,3.0
201000039563,0010-01-08 18:35:00,10,1,8,18,35,640,129,ROUTE DE BAYONNE/CAPLANE,43.2989,-0.39041,Nuit avec éclairage non allumé,En agglomération,Hors intersection,Normale,Sans collision,,,,,,,,,,,4,2,1,1.0,7.0
201000039564,0010-01-09 16:00:00,10,1,9,16,0,640,445,"54, AV DE BUROS",43.3107,-0.35191,Plein jour,En agglomération,Hors intersection,Normale,Autre collision,,,,,,,,,,,1,2,1,1.0,6.0
201000039565,0010-01-11 07:55:00,10,1,11,7,55,640,445,RUE B.CAMBOT/RUE BREMONT,43.3057,-0.37035,Crépuscule ou aube,En agglomération,Intersection en X,Normale,Deux véhicules - côté,,,,,,,,,,,2,2,2,1.0,3.0
201000039566,0010-01-12 20:45:00,10,1,12,20,45,640,445,AV ALFRED NOBEL/BD PAIX,43.3114,-0.32329,Nuit avec éclairage allumé,En agglomération,Intersection en T,Pluie légère,Deux véhicules - côté,,,,,,,,,,,5,2,3,2.0,3.0
201000039567,0010-01-13 09:15:00,10,1,13,9,15,640,445,"0,RUE DES FRERES CAMORS",,,Plein jour,En agglomération,Hors intersection,Normale,Deux véhicules - arrière,,,,,,,,,,,1,2,1,1.0,2.0
201000039568,0010-01-13 14:05:00,10,1,13,14,5,640,445,AV FOUCHET/LEON BERARD,43.3131,-0.36902,Plein jour,En agglomération,Giratoire,Normale,Deux véhicules - côté,,,,,,,,,,,1,2,6,1.0,3.0
201000039569,0010-01-13 18:45:00,10,1,13,18,45,640,445,COURS LEON BERARD,43.3157,-0.37323,Plein jour,En agglomération,Hors intersection,Normale,Autre collision,,,,,,,,,,,1,2,1,1.0,6.0
201000039570,0010-01-13 18:50:00,10,1,13,18,50,640,445,"46, AVENUE DU LOUP",43.3105,-0.35666,Plein jour,En agglomération,Hors intersection,Normale,Autre collision,,,,,,,,,,,1,2,1,1.0,6.0
201000039571,0010-01-13 20:20:00,10,1,13,20,20,640,445,AV COPERNIC/AV DES LILAS,43.3244,-0.33858,Nuit avec éclairage allumé,En agglomération,Intersection en X,Normale,Deux véhicules - côté,,,,,,,,,,,5,2,2,1.0,3.0
201000039572,0010-01-14 18:35:00,10,1,14,18,35,640,445,"87, AV JEAN MERMOZ",43.3125,-0.37745,Nuit avec éclairage allumé,En agglomération,Hors intersection,Pluie légère,Autre collision,,,,,,,,,,,5,2,1,2.0,6.0
201000039573,0010-01-14 19:15:00,10,1,14,19,15,640,445,84 AV DIDIER DAURAT,43.3336,-0.37976,Nuit avec éclairage allumé,En agglomération,Hors intersection,Pluie légère,Sans collision,,,,,,,,,,,5,2,1,2.0,7.0
201000039574,0010-01-15 22:15:00,10,1,15,22,15,640,445,8 RUE LOUIS SALLENAVE,43.3126,-0.36215,Nuit avec éclairage allumé,En agglomération,Hors intersection,Normale,Autre collision,,,,,,,,,,,5,2,1,1.0,6.0
201000039575,0010-01-15 18:55:00,10,1,15,18,55,640,445,"18,  RENE MOUCOUCHOTTE",43.3049,-0.3277,Nuit avec éclairage allumé,En agglomération,Hors intersection,Normale,Autre collision,,,,,,,,,,,5,2,1,1.0,6.0
201000039576,0010-01-15 17:40:00,10,1,15,17,40,640,445,15 AV SAN CARLOS,43.298,-0.35741,Plein jour,En agglomération,Hors intersection,Normale,Autre collision,,,,,,,,,,,1,2,1,1.0,6.0
201000039577,0010-01-16 18:35:00,10,1,16,18,35,640,445,RUE CARRERE/RUE LAUSSAT,43.3026,-0.371,Nuit avec éclairage non allumé,En agglomération,Intersection en T,Pluie forte,Autre collision,,,,,,,,,,,4,2,3,3.0,6.0
201000039578,0010-01-17 21:20:00,10,1,17,21,20,640,348,RUE REBEQUE/RUE SOUVENIR,43.3171,-0.4192,Nuit avec éclairage allumé,En agglomération,Intersection en T,Normale,Deux véhicules - côté,,,,,,,,,,,5,2,3,1.0,3.0
201000039579,0010-01-19 07:35:00,10,1,19,7,35,640,335,"100, AV DE TARBES",43.3306,-0.4039,Nuit avec éclairage allumé,En agglomération,Hors intersection,Normale,Deux véhicules - côté,,,,,,,,,,,5,2,1,1.0,3.0
201000039580,0010-01-19 16:05:00,10,1,19,16,5,640,132,66 RUE G. CLEMENCEAU,43.2875,-0.35174,Plein jour,En agglomération,Hors intersection,Normale,Deux véhicules - arrière,,,,,,,,,,,1,2,1,1.0,2.0
201000039581,0010-01-22 07:45:00,10,1,22,7,45,640,445,150 AV ALFRED NOBEL,43.3203,-0.30506,Crépuscule ou aube,En agglomération,Hors intersection,Normale,Autre collision,,,,,,,,,,,2,2,1,1.0,6.0
201000039582,0010-01-22 10:05:00,10,1,22,10,5,640,445,22 RUE D' ETIGNY,43.296,-0.37867,Plein jour,En agglomération,Intersection en X,Normale,Autre collision,,,,,,,,,,,1,2,2,1.0,6.0
201000039583,0010-01-22 16:45:00,10,1,22,16,45,640,445,"8, COURS BOSQUET",43.2981,-0.36486,Plein jour,En agglomération,Hors intersection,Normale,Deux véhicules - côté,,,,,,,,,,,1,2,1,1.0,3.0
201000039584,0010-01-22 20:05:00,10,1,22,20,5,640,445,222 AV  JEAN MERMOZ,43.3199,-0.37885,Nuit avec éclairage allumé,En agglomération,Hors intersection,Normale,Autre collision,,,,,,,,,,,5,2,1,1.0,6.0
201000039585,0010-01-25 17:05:00,10,1,25,17,5,640,445,"25,AV JEAN MERMOZ",43.3075,-0.37652,Plein jour,En agglomération,Hors intersection,Normale,Deux véhicules - côté,,,,,,,,,,,1,2,1,1.0,3.0
201000039586,0010-01-26 09:15:00,10,1,26,9,15,640,445,AV DE L'EUROPE,43.33,-0.35531,Plein jour,En agglomération,Hors intersection,Normale,Deux véhicules - frontale,,,,,,,,,,,1,2,1,1.0,1.0
201000039587,0010-01-27 18:40:00,10,1,27,18,40,640,445,RUE DU QUATORZE JUILLET,43.2944,-0.37719,Nuit avec éclairage allumé,En agglomération,Intersection en T,Normale,Deux véhicules - côté,,,,,,,,,,,5,2,3,1.0,3.0
201000039588,0010-01-28 08:05:00,10,1,28,8,5,640,445,BD DE LA PAIX/BD LABEDA,43.3211,-0.35711,Plein jour,En agglomération,Intersection en X,Normale,Autre collision,,,,,,,,,,,1,2,2,1.0,6.0
201000039589,0010-01-28 14:00:00,10,1,28,14,0,640,445,47 RUE  MONTPENSIER,43.3027,-0.37454,Plein jour,En agglomération,Intersection en X,Normale,Autre collision,,,,,,,,,,,1,2,2,1.0,6.0
201000039590,0010-01-28 17:10:00,10,1,28,17,10,640,445,"2, AV DE MONTARDON",43.3089,-0.3764,Plein jour,En agglomération,Hors intersection,Normale,Autre collision,,,,,,,,,,,1,2,1,1.0,6.0
201000039591,0010-01-29 07:40:00,10,1,29,7,40,640,445,BD DU CAMI SALIE/ BUROS,43.3266,-0.34172,Nuit avec éclairage allumé,En agglomération,Intersection en T,Pluie légère,Deux véhicules - côté,,,,,,,,,,,5,2,3,2.0,3.0
201000039592,0010-01-29 17:35:00,10,1,29,17,35,640,445,49 AV DE LA RESISTANCE,43.3048,-0.37611,Crépuscule ou aube,En agglomération,Hors intersection,Pluie forte,Autre collision,,,,,,,,,,,2,2,1,3.0,6.0
201000039593,0010-01-29 18:55:00,10,1,29,18,55,640,445,"6, RUE DU 14 JUILLET",43.2925,-0.37814,Nuit avec éclairage allumé,En agglomération,Hors intersection,Pluie forte,Deux véhicules - côté,,,,,,,,,,,5,2,1,3.0,3.0
201000039594,0010-01-29 19:35:00,10,1,29,19,35,640,445,100  AV DE MONTARDON,43.3214,-0.37058,Nuit avec éclairage allumé,En agglomération,Hors intersection,Pluie forte,Deux véhicules - côté,,,,,,,,,,,5,2,1,3.0,3.0
201000039595,0010-01-29 19:25:00,10,1,29,19,25,640,132,"0, D100",43.2846,-0.34628,Nuit avec éclairage non allumé,En agglomération,Hors intersection,Pluie forte,Autre collision,,,,,,,,,,,4,2,1,3.0,6.0
201000039596,0010-01-30 21:00:00,10,1,30,21,0,640,445,188 BOULEVARD DE LA PAIX,43.3199,-0.35037,Nuit avec éclairage allumé,En agglomération,Hors intersection,Pluie forte,Deux véhicules - côté,,,,,,,,,,,5,2,1,3.0,3.0
201000039597,0010-02-01 16:40:00,10,2,1,16,40,640,445,BD LUCIEN FAVRE,43.3189,-0.36226,Plein jour,En agglomération,Hors intersection,Normale,Autre collision,,,,,,,,,,,1,2,1,1.0,6.0
201000039598,0010-02-01 16:35:00,10,2,1,16,35,640,445,RUE CARBONNIERES/ LILAS,43.3049,-0.35234,Plein jour,En agglomération,Intersection en T,Normale,Deux véhicules - côté,,,,,,,,,,,1,2,3,1.0,3.0
201000039599,0010-02-02 14:10:00,10,2,2,14,10,640,445,BD PYRENEES/E. BOURNAC,43.2942,-0.36291,Plein jour,En agglomération,Hors intersection,Normale,Autre collision,,,,,,,,,,,1,2,1,1.0,6.0
201000039600,0010-02-07 11:00:00,10,2,7,11,0,640,445,RUE DU 14 JUILLET/GELOS,43.2902,-0.37927,Plein jour,En agglomération,Intersection en X,Normale,Deux véhicules - côté,,,,,,,,,,,1,2,2,1.0,3.0
201000039601,0010-02-03 18:20:00,10,2,3,18,20,640,445,"215, AV DE BUROS",43.3323,-0.33439,Nuit avec éclairage allumé,En agglomération,Intersection en T,Normale,Trois véhicules et plus - collisions multiples,,,,,,,,,,,5,2,3,1.0,5.0
201000039602,0010-02-08 14:10:00,10,2,8,14,10,640,445,3 PLACE ALBERT 1ER,43.2994,-0.37261,Plein jour,En agglomération,Hors intersection,Normale,Autre collision,,,,,,,,,,,1,2,1,1.0,6.0
201000039603,0010-02-12 11:17:00,10,2,12,11,17,640,445,53 BOULEVARD TOURASSE,43.3109,-0.34964,Plein jour,Hors agglomération,Hors intersection,Normale,Autre collision,,,,,,,,,,,1,1,1,1.0,6.0
201000039604,0010-02-12 21:30:00,10,2,12,21,30,640,284,"1, LOUIS DARAN",43.2901,-0.384,Nuit avec éclairage allumé,En agglomération,Giratoire,Normale,Deux véhicules - côté,,,,,,,,,,,5,2,6,1.0,3.0
201000039605,0010-02-13 17:15:00,10,2,13,17,15,640,335,ROND POINT HOURQUIE,43.3362,-0.43457,Plein jour,En agglomération,Giratoire,Normale,Deux véhicules - côté,,,,,,,,,,,1,2,6,1.0,3.0
201000039606,0010-02-15 07:10:00,10,2,15,7,10,640,373,42  AV GENERAL DE GAULLE,43.2788,-0.35469,Crépuscule ou aube,En agglomération,Hors intersection,Normale,Autre collision,,,,,,,,,,,2,2,1,1.0,6.0
201000039607,0010-02-15 17:40:00,10,2,15,17,40,640,284,"5, AVENUE D'OSSAU",43.2918,-0.39066,Plein jour,En agglomération,Hors intersection,Normale,Autre collision,,,,,,,,,,,1,2,1,1.0,6.0
201000039608,0010-02-16 19:25:00,10,2,16,19,25,640,132,"0, D100",43.2875,-0.33293,Nuit sans éclairage public,Hors agglomération,Hors intersection,Normale,Deux véhicules - frontale,,,,,,,,,,,3,1,1,1.0,1.0
201000039609,0010-02-18 09:55:00,10,2,18,9,55,640,445,"1, RUE BORDENAVE D ABERE",43.2954,-0.37388,Plein jour,En agglomération,Hors intersection,Normale,Autre collision,,,,,,,,,,,1,2,1,1.0,6.0
201000039610,0010-02-19 11:25:00,10,2,19,11,25,640,445,7 AV JEAN MERMOZ,43.3063,-0.37638,Plein jour,En agglomération,Hors intersection,Pluie légère,Autre collision,,,,,,,,,,,1,2,1,2.0,6.0
201000039611,0010-02-19 14:05:00,10,2,19,14,5,640,373,D100 (LECLERC),43.2785,-0.36009,Plein jour,Hors agglomération,Giratoire,Normale,Deux véhicules - arrière,,,,,,,,,,,1,1,6,1.0,2.0
201000039612,0010-02-19 17:25:00,10,2,19,17,25,640,445,44 RUE BERLIOZ,43.3158,-0.34464,Plein jour,En agglomération,Giratoire,Normale,Deux véhicules - côté,,,,,,,,,,,1,2,6,1.0,3.0
201000039613,0010-02-25 05:38:00,10,2,25,5,38,640,129,"7, AVENUE DU BEZIOU",43.3048,-0.38007,Nuit avec éclairage allumé,En agglomération,Hors intersection,Normale,Deux véhicules - arrière,,,,,,,,,,,5,2,1,1.0,2.0
201000039614,0010-02-25 13:15:00,10,2,25,13,15,640,445,"68, ALLEES DE MORLAAS",43.3033,-0.35227,Plein jour,En agglomération,Hors intersection,Normale,Deux véhicules - côté,,,,,,,,,,,1,2,1,1.0,3.0
201000039615,0010-02-25 20:30:00,10,2,25,20,30,640,445,29 RUE BAYARD,43.297,-0.37806,Nuit sans éclairage public,En agglomération,Hors intersection,Normale,Autre collision,,,,,,,,,,,3,2,1,1.0,6.0
201000039616,0010-03-02 09:50:00,10,3,2,9,50,640,445,ALLÉE CONDORCET/BOURBON,43.3185,-0.36032,Plein jour,En agglomération,Giratoire,Normale,Autre collision,,,,,,,,,,,1,2,6,1.0,6.0
201000039617,0010-03-02 12:45:00,10,3,2,12,45,640,348,BD DE L'EUROPE,43.3207,-0.39175,Plein jour,En agglomération,Giratoire,Normale,Autre collision,,,,,,,,,,,1,2,6,1.0,6.0
201000039618,0010-03-02 11:00:00,10,3,2,11,0,640,335,"0, SAINTE-CATHERINE",43.3273,-0.43915,Plein jour,En agglomération,Giratoire,Normale,Autre collision,,,,,,,,,,,1,2,6,1.0,6.0
201000039619,0010-03-02 12:15:00,10,3,2,12,15,640,445,BD RENE MOUCHOTTE,,,Plein jour,En agglomération,Hors intersection,Normale,Deux véhicules - arrière,,,,,,,,,,,1,2,1,1.0,2.0
201000039620,0010-03-04 23:40:00,10,3,4,23,40,640,445,COMBATTANTS D' INDOCHINE,43.3179,-0.37843,Nuit avec éclairage allumé,En agglomération,Giratoire,Normale,Deux véhicules - côté,,,,,,,,,,,5,2,6,1.0,3.0
201000039621,0010-03-07 20:40:00,10,3,7,20,40,640,445,"94, AVENUE DE BUROS",43.3154,-0.34869,Nuit avec éclairage allumé,En agglomération,Hors intersection,Normale,Autre collision,,,,,,,,,,,5,2,1,1.0,6.0
201000039622,0010-03-08 10:20:00,10,3,8,10,20,640,445,RUE BOURBAKI/RUE SEGURA,43.3027,-0.37454,Plein jour,En agglomération,Intersection en T,Normale,Deux véhicules - arrière,,,,,,,,,,,1,2,3,1.0,2.0
201000039623,0010-03-09 15:40:00,10,3,9,15,40,640,445,RUE JULES FERRY/BD FAVRE,43.319,-0.36405,Plein jour,En agglomération,Intersection en X,Normale,Deux véhicules - côté,,,,,,,,,,,1,2,2,1.0,3.0
201000039624,0010-03-11 07:30:00,10,3,11,7,30,640,445,37 RUE MONTPENSIER,43.3014,-0.37343,Plein jour,En agglomération,Hors intersection,Normale,Deux véhicules - côté,,,,,,,,,,,1,2,1,1.0,3.0
201000039625,0010-03-13 13:15:00,10,3,13,13,15,640,445,"0, COMDT RENE MOUCHOTTE",43.3045,-0.32619,Plein jour,En agglomération,Hors intersection,Normale,Deux véhicules - côté,,,,,,,,,,,1,2,1,1.0,3.0
201000039626,0010-03-13 15:25:00,10,3,13,15,25,640,445,220 AV JEAN MERMOZ,43.3198,-0.37882,Plein jour,En agglomération,Hors intersection,Normale,Deux véhicules - côté,,,,,,,,,,,1,2,1,1.0,3.0
201000039627,0010-03-13 18:10:00,10,3,13,18,10,640,445,COURS LYAUTEY/SARAGOSSE,43.3087,-0.36411,Plein jour,En agglomération,Hors intersection,Normale,Deux véhicules - côté,,,,,,,,,,,1,2,1,1.0,3.0
201000039628,0010-03-15 10:50:00,10,3,15,10,50,640,269,"28, ROUTES DE TARBES",43.2987,-0.30517,Plein jour,En agglomération,Hors intersection,Normale,Trois véhicules et plus - collisions multiples,,,,,,,,,,,1,2,1,1.0,5.0
201000039629,0010-03-15 13:35:00,10,3,15,13,35,640,348,103 BD DE GAULLE,43.3131,-0.41634,Plein jour,En agglomération,Hors intersection,Normale,Deux véhicules - côté,,,,,,,,,,,1,2,1,1.0,3.0
201000039630,0010-03-16 10:15:00,10,3,16,10,15,640,445,AV DU LOUP/BD TOURASSE,43.3113,-0.35642,Plein jour,En agglomération,Hors intersection,Normale,Deux véhicules - côté,,,,,,,,,,,1,2,1,1.0,3.0
201000039631,0010-03-16 22:15:00,10,3,16,22,15,640,445,RUE MARCEL BARTHE/GLOXIN,43.291,-0.38177,Nuit avec éclairage allumé,En agglomération,Hors intersection,Normale,Deux véhicules - côté,,,,,,,,,,,5,2,1,1.0,3.0
201000039632,0010-03-20 20:03:00,10,3,20,20,3,640,445,01-03 BDALSACE LORRAINE,43.3018,-0.35849,Nuit avec éclairage allumé,En agglomération,Hors intersection,Normale,Autre collision,,,,,,,,,,,5,2,1,1.0,6.0
201000039633,0010-03-23 08:00:00,10,3,23,8,0,640,445,CRS LEON BERARD/MONTARDO,43.3165,-0.37484,Plein jour,En agglomération,Hors intersection,Normale,Deux véhicules - côté,,,,,,,,,,,1,2,1,1.0,3.0
201000039634,0010-03-24 08:05:00,10,3,24,8,5,640,445,126 AV DE MONTARDON,43.3251,-0.36898,Plein jour,En agglomération,Hors intersection,Normale,Deux véhicules - côté,,,,,,,,,,,1,2,1,1.0,3.0
201000039635,0010-03-24 12:40:00,10,3,24,12,40,640,445,RP  VICTOR SCHOELCHER,43.321,-0.35897,Plein jour,En agglomération,Giratoire,Normale,Deux véhicules - arrière,,,,,,,,,,,1,2,6,1.0,2.0
201000039636,0010-03-25 17:40:00,10,3,25,17,40,640,445,119 AVENUE DU LOUP,43.32,-0.34822,Plein jour,En agglomération,Hors intersection,Normale,Autre collision,,,,,,,,,,,1,2,1,1.0,6.0
201000039637,0010-03-27 11:50:00,10,3,27,11,50,640,445,9 AVENUE JEAN MERMOZ,43.3064,-0.3764,Plein jour,En agglomération,Hors intersection,Pluie légère,Autre collision,,,,,,,,,,,1,2,1,2.0,6.0
201000039638,0010-03-29 08:20:00,10,3,29,8,20,640,132,AVENUE ALBERT 1ER,,,Plein jour,En agglomération,Hors intersection,Normale,Deux véhicules - arrière,,,,,,,,,,,1,2,1,1.0,2.0
201000039639,0010-04-05 14:10:00,10,4,5,14,10,640,445,"67, AV JEAN MERMOZ",43.3111,-0.37717,Plein jour,En agglomération,Hors intersection,Normale,Autre collision,,,,,,,,,,,1,2,1,1.0,6.0