accident_id,datetime,annee,mois,jour,heure,minute,departement,commune_insee,adresse,latitude,longitude,luminosite,agglomeration,intersection,meteo,collision,nb_vehicules,nb_usagers,nb_indemnes,nb_tues,nb_blesses_hosp,nb_blesses_legers,age_cond_1,age_cond_2,veh_type_cond_1,veh_type_cond_2,lum_code,agg_code,int_code,atm_code,col_code
201000039760,0010-08-28 07:45:00,10,8,28,7,45,640,445,"9, 18EME REGIMENT D'INFA",43.2967,-0.38001,Plein jour,En agglomération,Hors intersection,Normale,Autre collision,,,,,,,,,,,1,2,1,1.0,6.0
201000039761,0010-08-28 16:50:00,10,8,28,16,50,640,445,377 BD DE LA PAIX,43.324,-0.37541,Plein jour,En agglomération,Hors intersection,Normale,Autre collision,,,,,,,,,,,1,2,1,1.0,6.0
201000039762,0010-09-02 18:45:00,10,9,2,18,45,640,269,30 ROUTE DE TARBES,43.2987,-0.3054,Plein jour,Hors agglomération,Autre intersection,Normale,Deux véhicules - côté,,,,,,,,,,,1,1,9,1.0,3.0
201000039763,0010-08-31 19:40:00,10,8,31,19,40,640,445,"47, BD ALSACE LORRAINE",43.3041,-0.36656,Plein jour,En agglomération,Hors intersection,Normale,Autre collision,,,,,,,,,,,1,2,1,1.0,6.0
201000039764,0010-09-04 08:05:00,10,9,4,8,5,640,445,AV JEAN BIRAY,43.2924,-0.37011,Plein jour,En agglomération,Hors intersection,Normale,Autre collision,,,,,,,,,,,1,2,1,1.0,6.0
201000039765,0010-09-04 12:30:00,10,9,4,12,30,640,445,RUE DU DOCTEUR SIMIAN,43.2992,-0.36835,Plein jour,En agglomération,Hors intersection,Normale,Autre collision,,,,,,,,,,,1,2,1,1.0,6.0
201000039766,0010-09-04 17:25:00,10,9,4,17,25,640,132,AV CORPS FRANC POMMIES,43.3043,-0.31784,Plein jour,En agglomération,Hors intersection,Normale,Deux véhicules - côté,,,,,,,,,,,1,2,1,1.0,3.0
201000039767,0010-09-06 07:50:00,10,9,6,7,50,640,445,AV DU BEZIOU/BD HERRIOT,43.3044,-0.37992,Plein jour,En agglomération,Intersection en X,Pluie légère,Deux véhicules - côté,,,,,,,,,,,1,2,2,2.0,3.0
201000039768,0010-09-07 11:13:00,10,9,7,11,13,640,445,3 BD ALSACE LORRAINE,43.3019,-0.35883,Plein jour,En agglomération,Hors intersection,Pluie légère,Trois véhicules et plus - en chaîne,,,,,,,,,,,1,2,1,2.0,4.0
201000039769,0010-09-07 16:15:00,10,9,7,16,15,640,129,"57, ROUTE DE BAYONNE",43.304,-0.39978,Plein jour,En agglomération,Hors intersection,Normale,Deux véhicules - côté,,,,,,,,,,,1,2,1,1.0,3.0
201000039770,0010-09-07 16:25:00,10,9,7,16,25,640,445,5 AV GENERAL DE GAULLE,43.3023,-0.35392,Plein jour,En agglomération,Hors intersection,Normale,Deux véhicules - côté,,,,,,,,,,,1,2,1,1.0,3.0
201000039771,0010-09-08 16:05:00,10,9,8,16,5,640,129,"123, AV JEAN MERMOZ",43.3156,-0.37804,Plein jour,En agglomération,Hors intersection,Normale,Autre collision,,,,,,,,,,,1,2,1,1.0,6.0
201000039772,0010-09-08 17:45:00,10,9,8,17,45,640,445,61 AV  MARECHAL LECLERC,43.3036,-0.34715,Plein jour,En agglomération,Hors intersection,Normale,Deux véhicules - arrière,,,,,,,,,,,1,2,1,1.0,2.0
201000039773,0010-09-09 10:37:00,10,9,9,10,37,640,445,72 BD ALSACE LORRAINE,43.3048,-0.37026,Plein jour,En agglomération,Hors intersection,Normale,Deux véhicules - arrière,,,,,,,,,,,1,2,1,1.0,2.0
201000039774,0010-09-09 17:48:00,10,9,9,17,48,640,335,"58, ROUTE DE TARBES",43.3315,-0.41328,Plein jour,En agglomération,Hors intersection,Pluie légère,Deux véhicules - arrière,,,,,,,,,,,1,2,1,2.0,2.0
201000039775,0010-09-11 13:15:00,10,9,11,13,15,640,348,AV DU GRAND PRIX,43.3224,-0.38586,Plein jour,En agglomération,Hors intersection,Normale,Deux véhicules - côté,,,,,,,,,,,1,2,1,1.0,3.0
201000039776,0010-09-10 14:30:00,10,9,10,14,30,640,445,BD ALSACE LORRAINE,43.3041,-0.36699,Plein jour,En agglomération,Intersection en T,Normale,Deux véhicules - côté,,,,,,,,,,,1,2,3,1.0,3.0
201000039777,0010-09-10 14:35:00,10,9,10,14,35,640,445,"12BIS, GENERAL DE GAULLE",43.3018,-0.35647,Plein jour,En agglomération,Hors intersection,Normale,Deux véhicules - arrière,,,,,,,,,,,1,2,1,1.0,2.0
201000039778,0010-09-10 15:00:00,10,9,10,15,0,640,445,20 AV GENERAL DE GAULLE,43.3016,-0.3573,Plein jour,En agglomération,Intersection en T,Normale,Deux véhicules - côté,,,,,,,,,,,1,2,3,1.0,3.0
201000039779,0010-09-10 18:00:00,10,9,10,18,0,640,335,CHENIN LASBOURDETTES,43.3361,-0.41957,Plein jour,En agglomération,Hors intersection,Normale,Deux véhicules - frontale,,,,,,,,,,,1,2,1,1.0,1.0
201000039780,0010-09-10 20:20:00,10,9,10,20,20,640,445,"69, AV DES LILAS",43.3082,-0.34557,Crépuscule ou aube,En agglomération,Hors intersection,Normale,Autre collision,,,,,,,,,,,2,2,1,1.0,6.0
201000039781,0010-09-11 14:25:00,10,9,11,14,25,640,348,"1, ALLÉES DES ANCOLIES",43.3189,-0.41911,Plein jour,En agglomération,Hors intersection,Normale,Autre collision,,,,,,,,,,,1,2,1,1.0,6.0
201000039782,0010-09-12 04:50:00,10,9,12,4,50,640,445,117 AV ALFRED NOBEL,43.3134,-0.31909,Nuit avec éclairage allumé,En agglomération,Hors intersection,Normale,Autre collision,,,,,,,,,,,5,2,1,1.0,6.0
201000039783,0010-09-16 08:30:00,10,9,16,8,30,640,445,BD LUCIEN FAVRE/J.FERRY,43.319,-0.36408,Plein jour,En agglomération,Intersection en T,Normale,Deux véhicules - côté,,,,,,,,,,,1,2,3,1.0,3.0
201000039784,0010-09-16 18:35:00,10,9,16,18,35,640,445,AV DES LILAS/R.CASSAGNE,43.3049,-0.35233,Crépuscule ou aube,En agglomération,Intersection en T,Normale,Deux véhicules - côté,,,,,,,,,,,2,2,3,1.0,3.0
201000039785,0010-09-17 12:50:00,10,9,17,12,50,640,445,"0, ERIC TABARLY",43.3188,-0.35985,Plein jour,En agglomération,Giratoire,Pluie légère,Deux véhicules - côté,,,,,,,,,,,1,2,6,2.0,3.0
201000039786,0010-09-17 14:35:00,10,9,17,14,35,640,445,AV DIDIER DAURAT/ARMAGNA,43.3259,-0.37961,Plein jour,En agglomération,Intersection en T,Pluie légère,Deux véhicules - côté,,,,,,,,,,,1,2,3,2.0,3.0
201000039787,0010-09-18 17:50:00,10,9,18,17,50,640,445,RUE BOURBAKI/RUE VIARD,43.3028,-0.37353,Plein jour,En agglomération,Intersection en T,Normale,Deux véhicules - côté,,,,,,,,,,,1,2,3,1.0,3.0
201000039788,0010-09-19 19:00:00,10,9,19,19,0,640,445,AV RHIN ET DANUBE,43.3092,-0.36751,Plein jour,En agglomération,Hors intersection,Normale,Autre collision,,,,,,,,,,,1,2,1,1.0,6.0
201000039789,0010-09-20 17:15:00,10,9,20,17,15,640,445,222 AV JEAN MERMOZ,43.3193,-0.37873,Plein jour,En agglomération,Hors intersection,Normale,Deux véhicules - côté,,,,,,,,,,,1,2,1,1.0,3.0
201000039790,0010-09-21 23:00:00,10,9,21,23,0,640,445,AV BEZIOU/CHATEAU D'ESTE,43.3075,-0.38016,Nuit avec éclairage allumé,En agglomération,Intersection en T,Normale,Deux véhicules - côté,,,,,,,,,,,5,2,3,1.0,3.0
201000039791,0010-09-22 14:20:00,10,9,22,14,20,640,445,37 RUE  MONTPENSIER,43.3013,-0.37334,Plein jour,En agglomération,Intersection en T,Normale,Autre collision,,,,,,,,,,,1,2,3,1.0,6.0
201000039792,0010-09-24 09:34:00,10,9,24,9,34,640,445,JEAN JACQUES DE MONAIX,43.3035,-0.35704,Plein jour,En agglomération,Intersection en T,Pluie légère,Autre collision,,,,,,,,,,,1,2,3,2.0,6.0
201000039793,0010-09-26 20:00:00,10,9,26,20,0,640,445,25 AV DU LOUP,43.3063,-0.35669,Crépuscule ou aube,En agglomération,Hors intersection,Normale,Autre collision,,,,,,,,,,,2,2,1,1.0,6.0
201000039794,0010-09-27 09:30:00,10,9,27,9,30,640,445,RUE NOGUE/MONTPENSIER,43.2993,-0.37133,Plein jour,En agglomération,Intersection en T,Normale,Deux véhicules - côté,,,,,,,,,,,1,2,3,1.0,3.0
201000039795,0010-09-28 07:00:00,10,9,28,7,0,640,445,AV DU BEARN/AV TRESPOEY,43.299,-0.35522,Crépuscule ou aube,En agglomération,Hors intersection,Normale,Deux véhicules - arrière,,,,,,,,,,,2,2,1,1.0,2.0
201000039796,0010-09-28 19:05:00,10,9,28,19,5,640,373,DÉPARTEMENTALE 100,43.2774,-0.36236,Plein jour,En agglomération,Hors intersection,Normale,Deux véhicules - côté,,,,,,,,,,,1,2,1,1.0,3.0
201000039797,0010-09-29 11:20:00,10,9,29,11,20,640,445,109 AV JEAN MERMOZ,43.3141,-0.37775,Plein jour,En agglomération,Hors intersection,Normale,Deux véhicules - frontale,,,,,,,,,,,1,2,1,1.0,1.0
201000039798,0010-09-29 15:10:00,10,9,29,15,10,640,445,126 AV COPERNIC,43.3246,-0.34405,Plein jour,En agglomération,Intersection en X,Normale,Deux véhicules - côté,,,,,,,,,,,1,2,2,1.0,3.0
201000039799,0010-10-01 18:20:00,10,10,1,18,20,640,237,VALLEE HEUREUSE,43.2794,-0.37561,Plein jour,En agglomération,Hors intersection,Normale,Deux véhicules - côté,,,,,,,,,,,1,2,1,1.0,3.0
201000039800,0010-10-01 19:40:00,10,10,1,19,40,640,445,15 RUE LATAPIE,43.2955,-0.3674,Nuit avec éclairage allumé,En agglomération,Hors intersection,Normale,Deux véhicules - arrière,,,,,,,,,,,5,2,1,1.0,2.0
201000039801,0010-09-30 07:45:00,10,9,30,7,45,640,445,AV JEAN MERMOZ/AV TRIANO,43.3104,-0.37709,Crépuscule ou aube,En agglomération,Intersection en T,Pluie légère,Deux véhicules - côté,,,,,,,,,,,2,2,3,2.0,3.0
201000039802,0010-10-05 12:10:00,10,10,5,12,10,640,269,AV DU BEARN/AV DU CAMP,43.3002,-0.29985,Plein jour,En agglomération,Intersection en X,Normale,Deux véhicules - côté,,,,,,,,,,,1,2,2,1.0,3.0
201000039803,0010-10-06 17:55:00,10,10,6,17,55,640,348,MARTYRS DU PONT LONG/AST,43.3447,-0.37991,Plein jour,En agglomération,Intersection en T,Normale,Deux véhicules - côté,,,,,,,,,,,1,2,3,1.0,3.0
201000039804,0010-10-07 08:07:00,10,10,7,8,7,640,445,4 COURS LEON BERARD,43.3134,-0.36934,Plein jour,En agglomération,Hors intersection,Normale,Deux véhicules - arrière,,,,,,,,,,,1,2,1,1.0,2.0
201000039805,0010-10-08 07:40:00,10,10,8,7,40,640,445,BD HAUTERIVE/BOURBON,43.3248,-0.35748,Plein jour,En agglomération,Intersection en X,Normale,Deux véhicules - côté,,,,,,,,,,,1,2,2,1.0,3.0
201000039806,0010-10-08 08:40:00,10,10,8,8,40,640,445,BD HAUTERIVE-NG,,,Plein jour,En agglomération,Hors intersection,Normale,Deux véhicules - côté,,,,,,,,,,,1,2,1,1.0,3.0
201000039807,0010-10-08 16:10:00,10,10,8,16,10,640,445,"2, ALLEES DE MORLAAS",43.3079,-0.33965,Plein jour,En agglomération,Hors intersection,Normale,Autre collision,,,,,,,,,,,1,2,1,1.0,6.0
201000039808,0010-10-08 17:30:00,10,10,8,17,30,640,269,2 RUE DU BOURG,43.2895,-0.31199,Plein jour,En agglomération,Hors intersection,Normale,Deux véhicules - frontale,,,,,,,,,,,1,2,1,1.0,1.0
201000039809,0010-10-09 12:50:00,10,10,9,12,50,640,445,FACE 18 RENE MOUCHOTTE,43.305,-0.32787,Plein jour,En agglomération,Hors intersection,Normale,Autre collision,,,,,,,,,,,1,2,1,1.0,6.0
201000039810,0010-10-11 12:15:00,10,10,11,12,15,640,269,RUE DU CAMP/PEYREBLANQUE,43.2981,-0.30291,Plein jour,En agglomération,Intersection en T,Normale,Deux véhicules - côté,,,,,,,,,,,1,2,3,1.0,3.0
201000039811,0010-10-11 16:10:00,10,10,11,16,10,640,445,21 RUE SERVIEZ,43.2968,-0.37155,Plein jour,En agglomération,Hors intersection,Normale,Autre collision,,,,,,,,,,,1,2,1,1.0,6.0
201000039812,0010-10-11 20:45:00,10,10,11,20,45,640,445,AV PIERRE ANGO/BD PAIX,43.3222,-0.36689,Nuit avec éclairage allumé,En agglomération,Intersection en T,Normale,Deux véhicules - côté,,,,,,,,,,,5,2,3,1.0,3.0
201000039813,0010-10-12 12:50:00,10,10,12,12,50,640,129,AV PHOEBUS/RUE FORSTER,43.2994,-0.38604,Plein jour,En agglomération,Intersection en T,Normale,Deux véhicules - côté,,,,,,,,,,,1,2,3,1.0,3.0
201000039814,0010-10-12 19:00:00,10,10,12,19,0,640,445,2 AV DE LA  RESISTANCE,43.3005,-0.37522,Plein jour,En agglomération,Hors intersection,Normale,Autre collision,,,,,,,,,,,1,2,1,1.0,6.0
201000039815,0010-10-13 12:15:00,10,10,13,12,15,640,445,45 RUE DU 14 JUILLET,43.2903,-0.37914,Plein jour,En agglomération,Hors intersection,Normale,Deux véhicules - côté,,,,,,,,,,,1,2,1,1.0,3.0
201000039816,0010-10-14 08:05:00,10,10,14,8,5,640,445,17 AV FOUCHET,43.3137,-0.37214,Plein jour,En agglomération,Hors intersection,Normale,Autre collision,,,,,,,,,,,1,2,1,1.0,6.0
201000039817,0010-10-15 06:50:00,10,10,15,6,50,640,445,ROND POINT DE LA COMMUNE,43.311,-0.36286,Nuit avec éclairage allumé,En agglomération,Hors intersection,Normale,Autre collision,,,,,,,,,,,5,2,1,1.0,6.0
201000039818,0010-10-15 11:10:00,10,10,15,11,10,640,445,RUE MARCA/RUE ETIGNY,43.2963,-0.37637,Plein jour,En agglomération,Hors intersection,Normale,Deux véhicules - arrière,,,,,,,,,,,1,2,1,1.0,2.0
201000039819,0010-10-18 14:40:00,10,10,18,14,40,640,445,29 RUE CARNOT,43.3007,-0.36959,Plein jour,En agglomération,Hors intersection,Normale,Trois véhicules et plus - en chaîne,,,,,,,,,,,1,2,1,1.0,4.0
201000039820,0010-10-18 16:10:00,10,10,18,16,10,640,445,BD OLOF PALME,43.3396,-0.37756,Plein jour,Hors agglomération,Hors intersection,Normale,Deux véhicules - arrière,,,,,,,,,,,1,1,1,1.0,2.0
201000039821,0010-10-19 20:45:00,10,10,19,20,45,640,445,AV BEZIOU/RUE BOYRIE,43.3034,-0.37966,Plein jour,En agglomération,Intersection en T,Normale,Deux véhicules - côté,,,,,,,,,,,1,2,3,1.0,3.0
201000039822,0010-10-19 18:05:00,10,10,19,18,5,640,445,JEAN JACQUES DE MONAIX,43.3035,-0.3571,Plein jour,En agglomération,Intersection en T,Normale,Deux véhicules - côté,,,,,,,,,,,1,2,3,1.0,3.0
201000039823,0010-10-20 16:10:00,10,10,20,16,10,640,129,13 AV DU CHATEAU D'ESTE,43.3078,-0.37853,Plein jour,En agglomération,Hors intersection,Normale,Deux véhicules - côté,,,,,,,,,,,1,2,1,1.0,3.0
201000039824,0010-10-21 07:55:00,10,10,21,7,55,640,348,"28, RUE JOLIOT CURRIE",43.3074,-0.42536,Nuit avec éclairage allumé,En agglomération,Hors intersection,Normale,Deux véhicules - côté,,,,,,,,,,,5,2,1,1.0,3.0
201000039825,0010-10-21 07:40:00,10,10,21,7,40,640,445,76 RUE D' ETIGNY,43.2962,-0.38331,Nuit avec éclairage allumé,En agglomération,Hors intersection,Normale,Autre collision,,,,,,,,,,,5,2,1,1.0,6.0
201000039826,0010-10-22 08:10:00,10,10,22,8,10,640,445,2 RUE CARNOT,43.2988,-0.37053,Plein jour,En agglomération,Hors intersection,Normale,Autre collision,,,,,,,,,,,1,2,1,1.0,6.0
201000039827,0010-10-21 09:20:00,10,10,21,9,20,640,445,BD EDOUARD HERRIOT,43.305,-0.37848,Plein jour,En agglomération,Hors intersection,Normale,Autre collision,,,,,,,,,,,1,2,1,1.0,6.0
201000039828,0010-10-21 11:40:00,10,10,21,11,40,640,445,"49, RUE DE PORTET",43.3226,-0.34637,Plein jour,En agglomération,Hors intersection,Normale,Autre collision,,,,,,,,,,,1,2,1,1.0,6.0
201000039829,0010-10-21 20:40:00,10,10,21,20,40,640,445,AV SARAGOSSE/AV BUROS,43.307,-0.35331,Nuit avec éclairage allumé,En agglomération,Intersection en T,Normale,Deux véhicules - arrière,,,,,,,,,,,5,2,3,1.0,2.0
201000039830,0010-10-22 18:15:00,10,10,22,18,15,640,269,RP CAME MARTY,43.2864,-0.34061,Plein jour,En agglomération,Hors intersection,Normale,Autre collision,,,,,,,,,,,1,2,1,1.0,6.0
201000039831,0010-10-22 19:45:00,10,10,22,19,45,640,129,"7, ROUTE DE BAYONNE",43.2998,-0.39202,Plein jour,En agglomération,Hors intersection,Normale,Deux véhicules - côté,,,,,,,,,,,1,2,1,1.0,3.0
201000039832,0010-10-23 12:50:00,10,10,23,12,50,640,445,"4, AV DIDIER DAURAT",43.3248,-0.37959,Plein jour,En agglomération,Hors intersection,Normale,Deux véhicules - côté,,,,,,,,,,,1,2,1,1.0,3.0
201000039833,0010-10-23 16:00:00,10,10,23,16,0,640,445,6 AV DE GELOS,43.2902,-0.37914,Plein jour,En agglomération,Intersection en T,Normale,Deux véhicules - côté,,,,,,,,,,,1,2,3,1.0,3.0
201000039834,0010-10-25 17:35:00,10,10,25,17,35,640,129,6 AV BELLEVUE,43.312,-0.3893,Plein jour,En agglomération,Hors intersection,Normale,Trois véhicules et plus - collisions multiples,,,,,,,,,,,1,2,1,1.0,5.0
201000039835,0010-10-27 14:25:00,10,10,27,14,25,640,335,"4, RUE JEAN JAURES",43.3172,-0.42968,Plein jour,En agglomération,Hors intersection,Normale,Deux véhicules - côté,,,,,,,,,,,1,2,1,1.0,3.0
201000039836,0010-10-27 17:10:00,10,10,27,17,10,640,269,"15, ROUTE DE TARBES",43.301,-0.31324,Plein jour,Hors agglomération,Hors intersection,Normale,Deux véhicules - arrière,,,,,,,,,,,1,1,1,1.0,2.0
201000039837,0010-10-27 18:00:00,10,10,27,18,0,640,445,AV DE L'EUROPE,43.3289,-0.34677,Plein jour,Hors agglomération,Hors intersection,Normale,Deux véhicules - frontale,,,,,,,,,,,1,1,1,1.0,1.0
201000039838,0010-10-28 15:10:00,10,10,28,15,10,640,445,12 AV GASTON LACOSTE,43.2926,-0.3631,Plein jour,En agglomération,Hors intersection,Normale,Deux véhicules - côté,,,,,,,,,,,1,2,1,1.0,3.0
201000039839,0010-10-29 17:23:00,10,10,29,17,23,640,335,ROUTE S. DE NAVAILLES,43.3413,-0.43377,Plein jour,Hors agglomération,Hors intersection,Normale,Deux véhicules - côté,,,,,,,,,,,1,1,1,1.0,3.0
201000039840,0010-10-31 23:50:00,10,10,31,23,50,640,445,PASTEUR ALPHONSE CADIER,43.3069,-0.36088,Nuit avec éclairage allumé,En agglomération,Hors intersection,Pluie légère,Deux véhicules - côté,,,,,,,,,,,5,2,1,2.0,3.0
201000039841,0010-11-01 20:00:00,10,11,1,20,0,640,445,PAUL ET HENRI COURTEAULT,43.3104,-0.35987,Nuit avec éclairage allumé,En agglomération,Hors intersection,Pluie légère,Autre collision,,,,,,,,,,,5,2,1,2.0,6.0
201000039842,0010-11-01 20:50:00,10,11,1,20,50,640,445,25 RUE JEAN REVEIL,43.3013,-0.36676,Nuit avec éclairage allumé,En agglomération,Intersection en T,Normale,Deux véhicules - côté,,,,,,,,,,,5,2,3,1.0,3.0
201000039843,0010-11-02 11:25:00,10,11,2,11,25,640,237,6 RUE BEAUSEJOUR,43.2809,-0.36287,Plein jour,En agglomération,Hors intersection,Normale,Deux véhicules - côté,,,,,,,,,,,1,2,1,1.0,3.0
201000039844,0010-11-02 17:25:00,10,11,2,17,25,640,445,MARTYRS DU PONT LONG,43.3484,-0.37995,Crépuscule ou aube,En agglomération,Hors intersection,Normale,Deux véhicules - côté,,,,,,,,,,,2,2,1,1.0,3.0
201000039845,0010-11-03 07:35:00,10,11,3,7,35,640,445,39 AV DU LOUP,43.3074,-0.35659,Crépuscule ou aube,En agglomération,Hors intersection,Pluie légère,Deux véhicules - côté,,,,,,,,,,,2,2,1,2.0,3.0
201000039846,0010-11-03 11:40:00,10,11,3,11,40,640,445,RUE GABARD/RUE CASTAING,43.3054,-0.36462,Plein jour,En agglomération,Intersection en Y,Normale,Deux véhicules - côté,,,,,,,,,,,1,2,4,1.0,3.0
201000039847,0010-11-03 16:20:00,10,11,3,16,20,640,445,30 RUE DE LIEGE,43.2987,-0.37488,Plein jour,En agglomération,Hors intersection,Normale,Deux véhicules - arrière,,,,,,,,,,,1,2,1,1.0,2.0
201000039848,0010-11-03 17:00:00,10,11,3,17,0,640,348,15 RUE D'ARISTE,43.3216,-0.41854,Plein jour,En agglomération,Hors intersection,Normale,Autre collision,,,,,,,,,,,1,2,1,1.0,6.0
201000039849,0010-11-04 17:15:00,10,11,4,17,15,640,237,640 AV VALLEE HEUREUSE,43.2287,-0.36664,Plein jour,Hors agglomération,Hors intersection,Normale,Deux véhicules - arrière,,,,,,,,,,,1,1,1,1.0,2.0
201000039850,0010-11-05 18:00:00,10,11,5,18,0,640,335,87 BD DE L'EUROPE,43.3313,-0.44975,Nuit avec éclairage allumé,En agglomération,Hors intersection,Normale,Deux véhicules - arrière,,,,,,,,,,,5,2,1,1.0,2.0
201000039851,0010-11-08 19:05:00,10,11,8,19,5,640,445,BD TOURASSE/AV LOCA,43.3111,-0.35426,Nuit avec éclairage allumé,En agglomération,Intersection en T,Pluie forte,Deux véhicules - côté,,,,,,,,,,,5,2,3,3.0,3.0
201000039852,0010-11-08 09:15:00,10,11,8,9,15,640,445,PLACE DE VERDUN,43.2992,-0.37557,Plein jour,En agglomération,Hors intersection,Pluie légère,Deux véhicules - côté,,,,,,,,,,,1,2,1,2.0,3.0
201000039853,0010-11-08 19:00:00,10,11,8,19,0,640,129,RUE BARON D'ESTE/ST JOHN,43.3066,-0.39641,Nuit avec éclairage allumé,En agglomération,Hors intersection,Pluie légère,Autre collision,,,,,,,,,,,5,2,1,2.0,6.0
201000039854,0010-11-09 13:40:00,10,11,9,13,40,640,445,85 AV MARECHAL LECLERC,43.3026,-0.3521,Plein jour,En agglomération,Intersection en T,Normale,Deux véhicules - côté,,,,,,,,,,,1,2,3,1.0,3.0
201000039855,0010-11-10 09:40:00,10,11,10,9,40,640,269,D938,43.2945,-0.32182,Plein jour,En agglomération,Hors intersection,Pluie forte,Autre collision,,,,,,,,,,,1,2,1,3.0,6.0
201000039856,0010-11-10 10:35:00,10,11,10,10,35,640,445,CAT. DE BOURBON/TABARLY,43.3192,-0.36008,Plein jour,En agglomération,Hors intersection,Pluie forte,Deux véhicules - arrière,,,,,,,,,,,1,2,1,3.0,2.0
201000039857,0010-11-10 15:45:00,10,11,10,15,45,640,445,5 AV DUFAU,43.3052,-0.36801,Plein jour,En agglomération,Hors intersection,Pluie légère,Autre collision,,,,,,,,,,,1,2,1,2.0,6.0
201000039858,0010-11-12 11:55:00,10,11,12,11,55,640,269,D817/CHEMIN DE LAPEYRADE,43.306,-0.30825,Plein jour,En agglomération,Hors intersection,Normale,Autre collision,,,,,,,,,,,1,2,1,1.0,6.0
201000039859,0010-11-13 10:10:00,10,11,13,10,10,640,237,AV PASTEUR/RD100,43.2799,-0.3805,Plein jour,En agglomération,Giratoire,Normale,Autre collision,,,,,,,,,,,1,2,6,1.0,6.0
201000039860,0010-11-15 11:20:00,10,11,15,11,20,640,445,9 RUE DES FRERES CAMORS,43.3121,-0.36875,Plein jour,En agglomération,Hors intersection,Normale,Deux véhicules - arrière,,,,,,,,,,,1,2,1,1.0,2.0
201000039861,0010-11-15 12:00:00,10,11,15,12,0,640,445,ALLEE CONDORCET/MITTON,43.3161,-0.36135,Plein jour,En agglomération,Hors intersection,Normale,Deux véhicules - côté,,,,,,,,,,,1,2,1,1.0,3.0
201000039862,0010-11-15 18:05:00,10,11,15,18,5,640,445,"1, CATHERINE DE BOURBON",43.321,-0.35917,Nuit avec éclairage allumé,En agglomération,Autre intersection,Pluie forte,Autre collision,,,,,,,,,,,5,2,9,3.0,6.0
201000039863,0010-11-17 13:45:00,10,11,17,13,45,640,445,11 AV  DES ETATS UNIS,43.3009,-0.35803,Plein jour,En agglomération,Hors intersection,Pluie légère,Autre collision,,,,,,,,,,,1,2,1,2.0,6.0
201000039864,0010-11-17 16:00:00,10,11,17,16,0,640,445,8 PLACE DE LA REPUBLIQUE,43.2998,-0.36931,Plein jour,En agglomération,Hors intersection,Pluie légère,Autre collision,,,,,,,,,,,1,2,1,2.0,6.0
201000039865,0010-11-17 18:50:00,10,11,17,18,50,640,445,BD DE LA PAIX/LILAS,43.3164,-0.33959,Nuit avec éclairage allumé,En agglomération,Hors intersection,Pluie forte,Deux véhicules - côté,,,,,,,,,,,5,2,1,3.0,3.0
201000039866,0010-11-18 12:15:00,10,11,18,12,15,640,335,NG-1085  AV DE L'OUSSE,43.3412,-0.4337,Plein jour,En agglomération,Hors intersection,Pluie légère,Sans collision,,,,,,,,,,,1,2,1,2.0,7.0
201000039867,0010-11-18 17:05:00,10,11,18,17,5,640,445,42  RUE DE LIEGE,43.3,-0.37511,Crépuscule ou aube,En agglomération,Hors intersection,Pluie légère,Deux véhicules - arrière,,,,,,,,,,,2,2,1,2.0,2.0
201000039868,0010-11-18 20:15:00,10,11,18,20,15,640,445,40 BD ALSACE LORRAINE,43.3036,-0.36498,Nuit avec éclairage allumé,En agglomération,Hors intersection,Pluie légère,Autre collision,,,,,,,,,,,5,2,1,2.0,6.0
201000039869,0010-11-19 14:00:00,10,11,19,14,0,640,445,10 RUE FRERES CAMORS,43.3112,-0.36897,Plein jour,En agglomération,Hors intersection,Normale,Autre collision,,,,,,,,,,,1,2,1,1.0,6.0
201000039870,0010-11-20 19:50:00,10,11,20,19,50,640,445,56 BD TOURASSE,43.3109,-0.3494,Nuit avec éclairage allumé,En agglomération,Hors intersection,Normale,Deux véhicules - frontale,,,,,,,,,,,5,2,1,1.0,1.0
201000039871,0010-11-22 14:50:00,10,11,22,14,50,640,445,RUE GASSIOT/RUE MOUROT,43.2983,-0.37138,Plein jour,En agglomération,Intersection en T,Normale,Autre collision,,,,,,,,,,,1,2,3,1.0,6.0
201000039872,0010-11-22 18:45:00,10,11,22,18,45,640,445,AV MONTARDON/OUSSERE,43.3287,-0.36759,Nuit avec éclairage allumé,En agglomération,Intersection en T,Pluie forte,Deux véhicules - côté,,,,,,,,,,,5,2,3,3.0,3.0
201000039873,0010-11-23 18:00:00,10,11,23,18,0,640,284,70 AV RAUSKI,43.2764,-0.38848,Nuit avec éclairage allumé,En agglomération,Hors intersection,Pluie légère,Deux véhicules - arrière,,,,,,,,,,,5,2,1,2.0,2.0
201000039874,0010-11-24 18:15:00,10,11,24,18,15,640,445,69 AV DES LILAS,43.3082,-0.34558,Nuit avec éclairage non allumé,En agglomération,Hors intersection,Normale,Autre collision,,,,,,,,,,,4,2,1,1.0,6.0
201000039875,0010-11-25 17:20:00,10,11,25,17,20,640,129,ROUTE DE BAYONNE/SARRAN,43.3011,-0.39444,Plein jour,En agglomération,Intersection en T,Normale,Deux véhicules - côté,,,,,,,,,,,1,2,3,1.0,3.0
201000039876,0010-11-25 13:05:00,10,11,25,13,5,640,445,56 BD JEAN SARRAIL,43.3085,-0.37386,Plein jour,En agglomération,Hors intersection,Normale,Deux véhicules - côté,,,,,,,,,,,1,2,1,1.0,3.0
201000039877,0010-11-26 09:00:00,10,11,26,9,0,640,445,36 COURS LYAUTEY,43.3087,-0.36406,Plein jour,En agglomération,Hors intersection,Normale,Deux véhicules - côté,,,,,,,,,,,1,2,1,1.0,3.0
201000039878,0010-11-26 10:50:00,10,11,26,10,50,640,445,17 RUE JEAN REVEIL,43.3011,-0.36634,Plein jour,En agglomération,Hors intersection,Pluie légère,Deux véhicules - côté,,,,,,,,,,,1,2,1,2.0,3.0