accident_id,datetime,annee,mois,jour,heure,minute,departement,commune_insee,adresse,latitude,longitude,luminosite,agglomeration,intersection,meteo,collision,nb_vehicules,nb_usagers,nb_indemnes,nb_tues,nb_blesses_hosp,nb_blesses_legers,age_cond_1,age_cond_2,veh_type_cond_1,veh_type_cond_2,lum_code,agg_code,int_code,atm_code,col_code
201000040121,0010-10-31 20:55:00,10,10,31,20,55,650,286,SAINT-JEAN (QUAI),,,Nuit avec éclairage allumé,En agglomération,Hors intersection,Pluie forte,Sans collision,,,,,,,,,,,5,2,1,3.0,7.0
201000040122,0010-11-15 12:30:00,10,11,15,12,30,650,286,"1, MOULIN (AVENUE JEAN)",,,Plein jour,En agglomération,Hors intersection,Normale,Deux véhicules - arrière,,,,,,,,,,,1,2,1,1.0,2.0
201000040123,0010-11-20 18:40:00,10,11,20,18,40,650,286,"13, PARADIS (AVENUE DU)",,,Nuit avec éclairage allumé,En agglomération,Hors intersection,Pluie légère,Autre collision,,,,,,,,,,,5,2,1,2.0,6.0
201000040124,0010-12-05 07:15:00,10,12,5,7,15,650,286,"6, BEGUERE (AVENUE ANTOI",,,Nuit avec éclairage allumé,En agglomération,Hors intersection,Pluie légère,Deux véhicules - frontale,,,,,,,,,,,5,2,1,2.0,1.0
201000040125,0010-12-11 10:35:00,10,12,11,10,35,650,286,"01, BAGNERES (RUE DE)",,,Plein jour,En agglomération,Hors intersection,Normale,Sans collision,,,,,,,,,,,1,2,1,1.0,7.0
201000040126,0010-01-02 13:45:00,10,1,2,13,45,650,417,"17, MITTERRAND (AVENUE F",,,Plein jour,En agglomération,Intersection en T,Normale,Deux véhicules - côté,,,,,,,,,,,1,2,3,1.0,3.0
201000040127,0010-01-04 21:40:00,10,1,4,21,40,650,417,"., MITTERRAND (AVENUE FR",,,Nuit avec éclairage allumé,En agglomération,Hors intersection,Pluie légère,Deux véhicules - arrière,,,,,,,,,,,5,2,1,2.0,2.0
201000040128,0010-01-05 07:10:00,10,1,5,7,10,650,440,"., CORPS FRANC POMMIES (",,,Nuit avec éclairage allumé,En agglomération,Intersection en T,Pluie légère,Autre collision,,,,,,,,,,,5,2,3,2.0,6.0
201000040129,0010-01-05 18:30:00,10,1,5,18,30,650,100,"., SEMARD (RUE PIERRE)",,,Nuit avec éclairage allumé,En agglomération,Hors intersection,Normale,Autre collision,,,,,,,,,,,5,2,1,1.0,6.0
201000040130,0010-01-06 08:00:00,10,1,6,8,0,650,440,"., DELACROIX (BD EUGENE)",,,Crépuscule ou aube,En agglomération,Hors intersection,Autre,Deux véhicules - côté,,,,,,,,,,,2,2,1,9.0,3.0
201000040131,0010-01-07 14:00:00,10,1,7,14,0,650,251,"5 bis, PYRENEES (RUE DES",,,Plein jour,En agglomération,Hors intersection,Pluie légère,Deux véhicules - frontale,,,,,,,,,,,1,2,1,2.0,1.0
201000040132,0010-01-13 12:40:00,10,1,13,12,40,650,440,"., MARTINET (BOULEVARD D",,,Plein jour,En agglomération,Intersection en Y,Pluie légère,Deux véhicules - côté,,,,,,,,,,,1,2,4,2.0,3.0
201000040133,0010-01-13 19:35:00,10,1,13,19,35,650,440,"38, LARREY (RUE)",,,Nuit avec éclairage allumé,En agglomération,Hors intersection,Pluie forte,Deux véhicules - arrière,,,,,,,,,,,5,2,1,3.0,2.0
201000040134,0010-01-14 15:55:00,10,1,14,15,55,650,417,"., LEVERRE (RUE)",,,Plein jour,En agglomération,Hors intersection,Pluie forte,Autre collision,,,,,,,,,,,1,2,1,3.0,6.0
201000040135,0010-01-15 18:40:00,10,1,15,18,40,650,440,"22, CRONSTADT (RUE DE)",,,Nuit avec éclairage allumé,En agglomération,Giratoire,Normale,Autre collision,,,,,,,,,,,5,2,6,1.0,6.0
201000040136,0010-01-23 11:50:00,10,1,23,11,50,650,226,"., CENTRE COMMERCIAL DU",,,Plein jour,Hors agglomération,Autre intersection,Normale,Deux véhicules - côté,,,,,,,,,,,1,1,9,1.0,3.0
201000040137,0010-01-27 10:05:00,10,1,27,10,5,650,440,"., SEPTEMBRE (RUE DU IV)",,,Plein jour,En agglomération,Intersection en T,Normale,Deux véhicules - côté,,,,,,,,,,,1,2,3,1.0,3.0
201000040138,0010-01-27 18:50:00,10,1,27,18,50,650,417,"., SPORTS (AVENUE DES)",,,Nuit avec éclairage allumé,En agglomération,Intersection en T,Normale,Trois véhicules et plus - en chaîne,,,,,,,,,,,5,2,3,1.0,4.0
201000040139,0010-02-01 11:50:00,10,2,1,11,50,650,440,"., SEDE (RUE DE LA)",,,Plein jour,En agglomération,Intersection en X,Pluie légère,Autre collision,,,,,,,,,,,1,2,2,2.0,6.0
201000040140,0010-02-10 12:10:00,10,2,10,12,10,650,100,"13, BORDEAUX (ROUTE DE)",,,Plein jour,Hors agglomération,Giratoire,Normale,Trois véhicules et plus - en chaîne,,,,,,,,,,,1,1,6,1.0,4.0
201000040141,0010-02-11 17:30:00,10,2,11,17,30,650,440,"., LECLERC (ALLEES GENER",,,Plein jour,En agglomération,Intersection en X,Normale,Autre collision,,,,,,,,,,,1,2,2,1.0,6.0
201000040142,0010-02-13 16:00:00,10,2,13,16,0,650,440,"35, MARQUES (RUE FRANCOI",,,Plein jour,En agglomération,Hors intersection,Normale,Deux véhicules - arrière,,,,,,,,,,,1,2,1,1.0,2.0
201000040143,0010-02-16 08:20:00,10,2,16,8,20,650,440,"., VIGNEMALE (RUE DU)",,,Plein jour,En agglomération,Intersection en T,Normale,Deux véhicules - côté,,,,,,,,,,,1,2,3,1.0,3.0
201000040144,0010-02-19 14:50:00,10,2,19,14,50,650,440,"31, FOULD (AVENUE)",,,Plein jour,En agglomération,Hors intersection,Normale,Autre collision,,,,,,,,,,,1,2,1,1.0,6.0
201000040145,0010-02-20 04:05:00,10,2,20,4,5,650,440,RN21,,,Nuit avec éclairage allumé,En agglomération,Giratoire,Pluie légère,Autre collision,,,,,,,,,,,5,2,6,2.0,6.0
201000040146,0010-02-24 10:00:00,10,2,24,10,0,650,440,"2 bis, GONNES (RUE DE)",,,Plein jour,En agglomération,Hors intersection,Normale,Deux véhicules - côté,,,,,,,,,,,1,2,1,1.0,3.0
201000040147,0010-02-27 21:55:00,10,2,27,21,55,650,226,"., PAU (ROUTE DE)",,,Nuit sans éclairage public,Hors agglomération,Hors intersection,Normale,Autre collision,,,,,,,,,,,3,1,1,1.0,6.0
201000040148,0010-03-01 17:50:00,10,3,1,17,50,650,440,"34, MARNE (AVENUE DE LA)",,,Plein jour,En agglomération,Intersection en X,Normale,Autre collision,,,,,,,,,,,1,2,2,1.0,6.0
201000040149,0010-03-04 13:05:00,10,3,4,13,5,650,433,"., BREYER (RUE ANDRE)",,,Plein jour,En agglomération,Intersection en T,Normale,Deux véhicules - côté,,,,,,,,,,,1,2,3,1.0,3.0
201000040150,0010-03-06 21:15:00,10,3,6,21,15,650,226,DEPARTEMENTALE 64 (ROUTE,,,Nuit sans éclairage public,Hors agglomération,Hors intersection,Normale,Sans collision,,,,,,,,,,,3,1,1,1.0,7.0
201000040151,0010-03-09 17:40:00,10,3,9,17,40,650,440,"., GAUTIER (RUE THEOPHIL",,,Plein jour,En agglomération,Intersection en X,Normale,Deux véhicules - côté,,,,,,,,,,,1,2,2,1.0,3.0
201000040152,0010-03-10 18:30:00,10,3,10,18,30,650,100,"9, BORDEAUX (ROUTE DE) C",,,Plein jour,En agglomération,Intersection en T,Normale,Deux véhicules - côté,,,,,,,,,,,1,2,3,1.0,3.0
201000040153,0010-03-13 21:15:00,10,3,13,21,15,650,100,"39, SEMARD (RUE PIERRE)",,,Nuit avec éclairage allumé,En agglomération,Hors intersection,Normale,Sans collision,,,,,,,,,,,5,2,1,1.0,7.0
201000040154,0010-03-14 00:01:00,10,3,14,0,1,650,226,"20, PAU (ROUTE DE)",,,Nuit sans éclairage public,Hors agglomération,Hors intersection,Normale,Autre collision,,,,,,,,,,,3,1,1,1.0,6.0
201000040155,0010-03-15 21:00:00,10,3,15,21,0,650,417,"12, MITTERRAND (AVENUE F",,,Nuit avec éclairage allumé,En agglomération,Intersection en T,Normale,Trois véhicules et plus - collisions multiples,,,,,,,,,,,5,2,3,1.0,5.0
201000040156,0010-03-18 17:55:00,10,3,18,17,55,650,440,"50, CORPS FRANC POMMIES",,,Plein jour,En agglomération,Intersection en T,Normale,Deux véhicules - arrière,,,,,,,,,,,1,2,3,1.0,2.0
201000040157,0010-03-19 21:35:00,10,3,19,21,35,650,440,"., BRIAND (AVENUE ARISTI",,,Nuit avec éclairage allumé,En agglomération,Intersection en X,Normale,Deux véhicules - côté,,,,,,,,,,,5,2,2,1.0,3.0
201000040158,0010-04-06 15:30:00,10,4,6,15,30,650,47,"., NOVEMBRE (RUE DU XI)",,,Plein jour,En agglomération,Intersection en T,Normale,Autre collision,,,,,,,,,,,1,2,3,1.0,6.0
201000040159,0010-04-12 17:35:00,10,4,12,17,35,650,440,"., FROGE (RUE ANSELME)",,,Plein jour,En agglomération,Intersection en X,Normale,Deux véhicules - frontale,,,,,,,,,,,1,2,2,1.0,1.0
201000040160,0010-04-14 11:05:00,10,4,14,11,5,650,440,"17, LARREY (RUE)",,,Plein jour,En agglomération,Hors intersection,Normale,Autre collision,,,,,,,,,,,1,2,1,1.0,6.0
201000040161,0010-04-15 19:00:00,10,4,15,19,0,650,440,"43, MASSEY (RUE)",,,Plein jour,En agglomération,Hors intersection,Normale,Deux véhicules - côté,,,,,,,,,,,1,2,1,1.0,3.0
201000040162,0010-04-17 16:20:00,10,4,17,16,20,650,440,"., VERDUN (PLACE DE)",,,Plein jour,En agglomération,Hors intersection,Normale,Deux véhicules - arrière,,,,,,,,,,,1,2,1,1.0,2.0
201000040163,0010-04-21 15:25:00,10,4,21,15,25,650,440,"., LARCHER (RUE JEAN)",,,Plein jour,En agglomération,Intersection en X,Normale,Autre collision,,,,,,,,,,,1,2,2,1.0,6.0
201000040164,0010-04-21 16:50:00,10,4,21,16,50,650,440,"3, FOCH (RUE DU MARECHAL",,,Plein jour,En agglomération,Intersection en T,Normale,Autre collision,,,,,,,,,,,1,2,3,1.0,6.0
201000040165,0010-04-27 17:40:00,10,4,27,17,40,650,440,"23,0090, DEBUSSY (BOULEV",,,Plein jour,En agglomération,Intersection en X,Normale,Deux véhicules - côté,,,,,,,,,,,1,2,2,1.0,3.0
201000040166,0010-04-27 19:10:00,10,4,27,19,10,650,440,KLEBER (RUE),,,Plein jour,En agglomération,Hors intersection,Normale,Deux véhicules - côté,,,,,,,,,,,1,2,1,1.0,3.0
201000040167,0010-05-04 11:20:00,10,5,4,11,20,650,440,"., MARTINET (BOULEVARD D",,,Plein jour,En agglomération,Intersection en T,Pluie forte,Deux véhicules - côté,,,,,,,,,,,1,2,3,3.0,3.0
201000040168,0010-05-25 15:50:00,10,5,25,15,50,650,440,VOSGES (AVENUE DES),,,Plein jour,En agglomération,Intersection en T,Normale,Deux véhicules - côté,,,,,,,,,,,1,2,3,1.0,3.0
201000040169,0010-05-29 18:40:00,10,5,29,18,40,650,440,"65, ARDENNES (BOULEVARD",,,Plein jour,En agglomération,Intersection en T,Normale,Deux véhicules - côté,,,,,,,,,,,1,2,3,1.0,3.0
201000040170,0010-06-11 08:50:00,10,6,11,8,50,650,331,"., JUILLAN (ROUTE DE)",,,Plein jour,Hors agglomération,Hors intersection,Normale,Autre collision,,,,,,,,,,,1,1,1,1.0,6.0
201000040171,0010-06-16 15:05:00,10,6,16,15,5,650,440,"., REGIMENT DE BIGORRE (",,,Plein jour,En agglomération,Intersection en X,Normale,Deux véhicules - côté,,,,,,,,,,,1,2,2,1.0,3.0
201000040172,0010-06-19 01:55:00,10,6,19,1,55,650,440,"., BILLIERES (AVENUE MAR",,,Nuit avec éclairage allumé,En agglomération,Hors intersection,Pluie légère,Autre collision,,,,,,,,,,,5,2,1,2.0,6.0
201000040173,0010-06-22 17:50:00,10,6,22,17,50,650,433,"2, MAUMUS (RUE JEAN)",,,Plein jour,En agglomération,Hors intersection,Normale,Autre collision,,,,,,,,,,,1,2,1,1.0,6.0
201000040174,0010-06-24 21:50:00,10,6,24,21,50,650,440,"24, MASSEY (RUE)",,,Plein jour,En agglomération,Intersection en X,Normale,Autre collision,,,,,,,,,,,1,2,2,1.0,6.0
201000040175,0010-06-25 07:50:00,10,6,25,7,50,650,440,"5, SAINT-FRAI (RUE MARIE",,,Plein jour,En agglomération,Hors intersection,Normale,Autre collision,,,,,,,,,,,1,2,1,1.0,6.0
201000040176,0010-07-04 01:20:00,10,7,4,1,20,650,433,"., LIBERATION (AVENUE DE",,,Nuit avec éclairage allumé,En agglomération,Intersection en X,Pluie légère,Autre collision,,,,,,,,,,,5,2,2,2.0,6.0
201000040177,0010-07-08 18:45:00,10,7,8,18,45,650,47,"132, NOVEMBRE (RUE DU XI",,,Plein jour,En agglomération,Hors intersection,Normale,Deux véhicules - frontale,,,,,,,,,,,1,2,1,1.0,1.0
201000040178,0010-07-10 20:50:00,10,7,10,20,50,650,440,"27, SAINT-EXUPERY (AVENU",,,Crépuscule ou aube,En agglomération,Intersection en T,Normale,Autre collision,,,,,,,,,,,2,2,3,1.0,6.0
201000040179,0010-07-11 01:00:00,10,7,11,1,0,650,440,"., MASSEY (RUE)",,,Nuit avec éclairage allumé,En agglomération,Intersection en X,Normale,Deux véhicules - côté,,,,,,,,,,,5,2,2,1.0,3.0
201000040180,0010-07-15 17:30:00,10,7,15,17,30,650,440,"63, MOULIN (BOULEVARD JE",,,Plein jour,En agglomération,Giratoire,Normale,Deux véhicules - frontale,,,,,,,,,,,1,2,6,1.0,1.0
201000040181,0010-07-18 23:25:00,10,7,18,23,25,650,417,"., REPUBLIQUE (RUE DE LA",,,Nuit sans éclairage public,Hors agglomération,Hors intersection,Normale,Sans collision,,,,,,,,,,,3,1,1,1.0,7.0
201000040182,0010-07-22 17:40:00,10,7,22,17,40,650,440,"1, CLEMENCEAU (RUE GEORG",,,Plein jour,En agglomération,Place,Normale,Autre collision,,,,,,,,,,,1,2,7,1.0,6.0
201000040183,0010-07-23 14:25:00,10,7,23,14,25,650,440,MAI 1945 (BOULEVARD DU 0,,,Plein jour,En agglomération,Giratoire,Normale,Deux véhicules - arrière,,,,,,,,,,,1,2,6,1.0,2.0
201000040184,0010-07-26 19:50:00,10,7,26,19,50,650,440,"25, FOCH (RUE DU MARECHA",,,Plein jour,En agglomération,Intersection en X,Normale,Deux véhicules - côté,,,,,,,,,,,1,2,2,1.0,3.0
201000040185,0010-07-27 12:05:00,10,7,27,12,5,650,100,"., BORDEAUX (ROUTE DE) C",,,Plein jour,Hors agglomération,Hors intersection,Normale,Trois véhicules et plus - en chaîne,,,,,,,,,,,1,1,1,1.0,4.0
201000040186,0010-07-27 13:05:00,10,7,27,13,5,650,226,"., HERRAN (RUE DU)",,,Plein jour,En agglomération,Intersection en X,Normale,Autre collision,,,,,,,,,,,1,2,2,1.0,6.0
201000040187,0010-07-27 14:15:00,10,7,27,14,15,650,100,ADOUR (CHEMIN DE L'),,,Plein jour,Hors agglomération,Hors intersection,Normale,Deux véhicules - frontale,,,,,,,,,,,1,1,1,1.0,1.0
201000040188,0010-07-27 16:50:00,10,7,27,16,50,650,440,"., UNIVERSITE (ROND POIN",,,Plein jour,En agglomération,Giratoire,Normale,Deux véhicules - côté,,,,,,,,,,,1,2,6,1.0,3.0
201000040189,0010-07-28 10:20:00,10,7,28,10,20,650,47,"., SALLES (RUE EMILE)",,,Plein jour,En agglomération,Intersection en T,Normale,Deux véhicules - côté,,,,,,,,,,,1,2,3,1.0,3.0
201000040190,0010-07-30 15:30:00,10,7,30,15,30,650,440,"., MERMOZ (AVENUE JEAN)",,,Plein jour,En agglomération,Intersection en T,Normale,Deux véhicules - côté,,,,,,,,,,,1,2,3,1.0,3.0
201000040191,0010-08-04 12:30:00,10,8,4,12,30,650,440,TARBES/1 AV.BERT.BARRERE,43.2344,0.07274,Plein jour,En agglomération,Hors intersection,Normale,Autre collision,,,,,,,,,,,1,2,1,1.0,6.0
201000040192,0010-08-04 12:35:00,10,8,4,12,35,650,440,"., TORNE (RUE ABBE)",,,Plein jour,En agglomération,Intersection en X,Normale,Deux véhicules - côté,,,,,,,,,,,1,2,2,1.0,3.0
201000040193,0010-08-05 21:35:00,10,8,5,21,35,650,440,"., ECHEZ (BOULEVARD DE L",,,Plein jour,En agglomération,Hors intersection,Normale,Autre collision,,,,,,,,,,,1,2,1,1.0,6.0
201000040194,0010-08-13 11:55:00,10,8,13,11,55,650,440,"., HIPPODROME (CHEMIN DE",,,Plein jour,En agglomération,Intersection en T,Normale,Deux véhicules - arrière,,,,,,,,,,,1,2,3,1.0,2.0
201000040195,0010-08-16 09:20:00,10,8,16,9,20,650,440,"., DESAIX (RUE)",,,Plein jour,En agglomération,Intersection en X,Normale,Deux véhicules - côté,,,,,,,,,,,1,2,2,1.0,3.0
201000040196,0010-08-16 09:25:00,10,8,16,9,25,650,417,"., DALLAS (RUE EDOUARD)",,,Plein jour,En agglomération,Hors intersection,Normale,Deux véhicules - arrière,,,,,,,,,,,1,2,1,1.0,2.0
201000040197,0010-08-19 10:35:00,10,8,19,10,35,650,440,"16, FOIRAIL (PLACE DU)",,,Plein jour,En agglomération,Hors intersection,Normale,Autre collision,,,,,,,,,,,1,2,1,1.0,6.0
201000040198,0010-08-19 20:50:00,10,8,19,20,50,650,440,"., DAUPHINE (RUE DU)",,,Crépuscule ou aube,En agglomération,Intersection en X,Normale,Deux véhicules - côté,,,,,,,,,,,2,2,2,1.0,3.0
201000040199,0010-08-20 15:05:00,10,8,20,15,5,650,47,"3, HUGO (RUE VICTOR)",,,Plein jour,En agglomération,Hors intersection,Normale,Deux véhicules - arrière,,,,,,,,,,,1,2,1,1.0,2.0
201000040200,0010-08-24 04:35:00,10,8,24,4,35,650,417,"67, MITTERRAND (AVENUE F",,,Nuit avec éclairage allumé,En agglomération,Hors intersection,Normale,Autre collision,,,,,,,,,,,5,2,1,1.0,6.0
201000040201,0010-08-26 08:00:00,10,8,26,8,0,650,440,"5, VOSGES (AVENUE DES)",,,Plein jour,En agglomération,Hors intersection,Normale,Deux véhicules - côté,,,,,,,,,,,1,2,1,1.0,3.0
201000040202,0010-09-01 15:15:00,10,9,1,15,15,650,440,TARBES/BD LACAUSSADE,43.2361,0.05509,Plein jour,En agglomération,Intersection à plus de 4 branches,Normale,Deux véhicules - côté,,,,,,,,,,,1,2,5,1.0,3.0
201000040203,0010-09-06 10:20:00,10,9,6,10,20,650,440,"2, CERDAGNE (RUE DE LA)",,,Plein jour,En agglomération,Intersection en X,Normale,Autre collision,,,,,,,,,,,1,2,2,1.0,6.0
201000040204,0010-09-07 12:50:00,10,9,7,12,50,650,440,"102, MARQUES (RUE FRANCO",,,Plein jour,En agglomération,Hors intersection,Normale,Deux véhicules - côté,,,,,,,,,,,1,2,1,1.0,3.0
201000040205,0010-09-09 09:45:00,10,9,9,9,45,650,47,"., NOVEMBRE (RUE DU XI)",,,Plein jour,En agglomération,Intersection en T,Normale,Deux véhicules - côté,,,,,,,,,,,1,2,3,1.0,3.0
201000040206,0010-09-10 06:00:00,10,9,10,6,0,650,331,"., LOURDES (AVENUE DE)",,,Nuit avec éclairage allumé,En agglomération,Hors intersection,Normale,Deux véhicules - côté,,,,,,,,,,,5,2,1,1.0,3.0
201000040207,0010-09-10 17:10:00,10,9,10,17,10,650,440,"33, CULTIVATEURS (RUE DE",,,Plein jour,En agglomération,Intersection en X,Normale,Trois véhicules et plus - collisions multiples,,,,,,,,,,,1,2,2,1.0,5.0
201000040208,0010-09-09 08:40:00,10,9,9,8,40,650,440,"6, PELLET (RUE JEAN)",,,Plein jour,En agglomération,Intersection en X,Normale,Autre collision,,,,,,,,,,,1,2,2,1.0,6.0
201000040209,0010-09-15 10:05:00,10,9,15,10,5,650,440,"40, JOFFRE (AVENUE DU MA",,,Plein jour,En agglomération,Intersection en T,Normale,Autre collision,,,,,,,,,,,1,2,3,1.0,6.0
201000040210,0010-09-15 14:00:00,10,9,15,14,0,650,440,"., FORGES (AVENUE DES)",,,Plein jour,En agglomération,Intersection en T,Normale,Sans collision,,,,,,,,,,,1,2,3,1.0,7.0
201000040211,0010-09-19 18:10:00,10,9,19,18,10,650,440,"., BRIAND (AVENUE ARISTI",,,Plein jour,En agglomération,Intersection en T,Normale,Trois véhicules et plus - collisions multiples,,,,,,,,,,,1,2,3,1.0,5.0
201000040212,0010-09-20 21:45:00,10,9,20,21,45,650,440,"26,  DESTARAC (RUE ROBER",,,Nuit avec éclairage allumé,En agglomération,Hors intersection,Normale,Deux véhicules - côté,,,,,,,,,,,5,2,1,1.0,3.0
201000040213,0010-09-22 10:10:00,10,9,22,10,10,650,440,"16, DALLOZ (RUE LEON)",,,Plein jour,En agglomération,Intersection en X,Normale,Autre collision,,,,,,,,,,,1,2,2,1.0,6.0
201000040214,0010-09-23 15:20:00,10,9,23,15,20,650,440,"7, LASSALLE (RUE GEORGES",,,Plein jour,En agglomération,Intersection en Y,Normale,Deux véhicules - côté,,,,,,,,,,,1,2,4,1.0,3.0
201000040215,0010-09-27 17:15:00,10,9,27,17,15,650,440,"., CORPS FRANC POMMIES (",,,Plein jour,En agglomération,Intersection en T,Normale,Deux véhicules - côté,,,,,,,,,,,1,2,3,1.0,3.0
201000040216,0010-09-30 09:05:00,10,9,30,9,5,650,440,"14, BREYER (RUE ANDRE)",,,Plein jour,En agglomération,Hors intersection,Pluie légère,Deux véhicules - côté,,,,,,,,,,,1,2,1,2.0,3.0
201000040217,0010-09-30 13:10:00,10,9,30,13,10,650,440,"., CRONSTADT (RUE DE)",,,Plein jour,En agglomération,Intersection en Y,Normale,Deux véhicules - côté,,,,,,,,,,,1,2,4,1.0,3.0
201000040218,0010-10-04 15:00:00,10,10,4,15,0,650,226,"., DEPARTEMENTALE 64 (RO",,,Plein jour,Hors agglomération,Giratoire,Normale,Deux véhicules - frontale,,,,,,,,,,,1,1,6,1.0,1.0
201000040219,0010-10-07 23:30:00,10,10,7,23,30,650,251,"36, MARECHAL FOCH (RUE D",,,Nuit avec éclairage allumé,En agglomération,Hors intersection,Normale,Deux véhicules - frontale,,,,,,,,,,,5,2,1,1.0,1.0
201000040220,0010-10-08 08:00:00,10,10,8,8,0,650,440,DEBUSSY (BOULEVARD CLAUD,,,Plein jour,En agglomération,Intersection en X,Normale,Deux véhicules - arrière,,,,,,,,,,,1,2,2,1.0,2.0
201000040221,0010-10-08 14:10:00,10,10,8,14,10,650,440,"6 D, ADOUR (QUAI DE L')",,,Plein jour,En agglomération,Hors intersection,Normale,Deux véhicules - côté,,,,,,,,,,,1,2,1,1.0,3.0
201000040222,0010-10-09 11:10:00,10,10,9,11,10,650,331,"25, LOURDES (AVENUE DE)",,,Plein jour,En agglomération,Hors intersection,Normale,Deux véhicules - côté,,,,,,,,,,,1,2,1,1.0,3.0
201000040223,0010-10-15 01:40:00,10,10,15,1,40,650,440,"71, CORPS FRANC POMMIES",,,Nuit avec éclairage allumé,En agglomération,Hors intersection,Normale,Autre collision,,,,,,,,,,,5,2,1,1.0,6.0
201000040224,0010-10-18 22:15:00,10,10,18,22,15,650,440,"., JOFFRE (AVENUE DU MAR",,,Plein jour,En agglomération,Intersection en T,Normale,Deux véhicules - frontale,,,,,,,,,,,1,2,3,1.0,1.0
201000040225,0010-10-21 08:50:00,10,10,21,8,50,650,440,"10, SAINT-EXUPERY (AVENU",,,Plein jour,En agglomération,Hors intersection,Normale,Autre collision,,,,,,,,,,,1,2,1,1.0,6.0
201000040226,0010-10-22 15:15:00,10,10,22,15,15,650,440,"8, MARNE (AVENUE DE LA)",,,Plein jour,En agglomération,Intersection en X,Normale,Autre collision,,,,,,,,,,,1,2,2,1.0,6.0
201000040227,0010-10-23 11:50:00,10,10,23,11,50,650,417,"., MITTERRAND (AVENUE FR",,,Plein jour,En agglomération,Hors intersection,Normale,Deux véhicules - arrière,,,,,,,,,,,1,2,1,1.0,2.0
201000040228,0010-10-24 11:30:00,10,10,24,11,30,650,226,"., PAU (ROUTE DE)",,,Plein jour,Hors agglomération,Hors intersection,Pluie légère,Autre collision,,,,,,,,,,,1,1,1,2.0,6.0
201000040229,0010-10-25 10:50:00,10,10,25,10,50,650,226,PAU (ROUTE DE),,,Plein jour,Hors agglomération,Hors intersection,Normale,Deux véhicules - côté,,,,,,,,,,,1,1,1,1.0,3.0
201000040230,0010-10-26 21:00:00,10,10,26,21,0,650,417,"128, MITTERRAND (AVENUE",,,Nuit avec éclairage allumé,En agglomération,Giratoire,Normale,Sans collision,,,,,,,,,,,5,2,6,1.0,7.0
201000040231,0010-10-27 12:00:00,10,10,27,12,0,650,440,"., ROSTAND (RUE JEAN)",,,Plein jour,En agglomération,Intersection en T,Normale,Deux véhicules - côté,,,,,,,,,,,1,2,3,1.0,3.0
201000040232,0010-10-29 06:50:00,10,10,29,6,50,650,440,"97, REGIMENT DE BIGORRE",,,Crépuscule ou aube,En agglomération,Intersection en T,Normale,Deux véhicules - côté,,,,,,,,,,,2,2,3,1.0,3.0
201000040233,0010-11-01 22:45:00,10,11,1,22,45,650,440,"28, PRADEAU (PROMENADE D",,,Nuit avec éclairage allumé,En agglomération,Intersection en X,Pluie forte,Deux véhicules - arrière,,,,,,,,,,,5,2,2,3.0,2.0
201000040234,0010-11-03 21:15:00,10,11,3,21,15,650,440,"9, SEPTEMBRE (RUE DU IV)",,,Nuit avec éclairage allumé,En agglomération,Hors intersection,Normale,Deux véhicules - côté,,,,,,,,,,,5,2,1,1.0,3.0
201000040235,0010-11-07 12:20:00,10,11,7,12,20,650,440,"4, DEBUSSY (BOULEVARD CL",,,Plein jour,En agglomération,Hors intersection,Pluie légère,Autre collision,,,,,,,,,,,1,2,1,2.0,6.0
201000040236,0010-11-15 17:50:00,10,11,15,17,50,650,440,"22, CRONSTADT (RUE DE)",,,Nuit avec éclairage allumé,En agglomération,Giratoire,Pluie forte,Autre collision,,,,,,,,,,,5,2,6,3.0,6.0
201000040237,0010-11-16 23:20:00,10,11,16,23,20,650,226,"., DEPARTEMENTALE 94 (RO",,,Nuit avec éclairage allumé,En agglomération,Intersection en T,Normale,Deux véhicules - côté,,,,,,,,,,,5,2,3,1.0,3.0
201000040238,0010-11-22 17:45:00,10,11,22,17,45,650,440,"., SAINT-EXUPERY (AVENUE",,,Nuit avec éclairage allumé,En agglomération,Intersection en X,Pluie légère,Deux véhicules - côté,,,,,,,,,,,5,2,2,2.0,3.0
201000040239,0010-11-24 17:40:00,10,11,24,17,40,650,433,"5, BARBUSSE (AVENUE HENR",,,Crépuscule ou aube,En agglomération,Hors intersection,Normale,Deux véhicules - arrière,,,,,,,,,,,2,2,1,1.0,2.0
201000040240,0010-11-26 09:00:00,10,11,26,9,0,650,440,"., MARCADIEU (PLACE)",,,Plein jour,En agglomération,Hors intersection,Normale,Autre collision,,,,,,,,,,,1,2,1,1.0,6.0
201000040241,0010-11-29 09:30:00,10,11,29,9,30,650,440,"., ROND-POINT REFFYE",,,Plein jour,En agglomération,Giratoire,Normale,Deux véhicules - côté,,,,,,,,,,,1,2,6,1.0,3.0
201000040242,0010-11-30 11:50:00,10,11,30,11,50,650,440,"., RENAUDET (BOULEVARD P",,,Plein jour,En agglomération,Intersection en X,Normale,Deux véhicules - frontale,,,,,,,,,,,1,2,2,1.0,1.0
201000040243,0010-12-03 18:10:00,10,12,3,18,10,650,440,"., MASSEY (RUE)",,,Nuit avec éclairage allumé,En agglomération,Intersection en X,Pluie légère,Deux véhicules - côté,,,,,,,,,,,5,2,2,2.0,3.0
201000040244,0010-12-03 23:45:00,10,12,3,23,45,650,100,SEMARD (RUE PIERRE),,,Nuit avec éclairage allumé,En agglomération,Intersection en X,Pluie légère,Deux véhicules - côté,,,,,,,,,,,5,2,2,2.0,3.0
201000040245,0010-12-05 21:10:00,10,12,5,21,10,650,440,"., MARCADIEU (PLACE)",,,Nuit avec éclairage allumé,En agglomération,Place,Pluie légère,Deux véhicules - côté,,,,,,,,,,,5,2,7,2.0,3.0