accident_id,datetime,annee,mois,jour,heure,minute,departement,commune_insee,adresse,latitude,longitude,luminosite,agglomeration,intersection,meteo,collision,nb_vehicules,nb_usagers,nb_indemnes,nb_tues,nb_blesses_hosp,nb_blesses_legers,age_cond_1,age_cond_2,veh_type_cond_1,veh_type_cond_2,lum_code,agg_code,int_code,atm_code,col_code
201000040246,0010-12-08 18:15:00,10,12,8,18,15,650,226,"., TRAVERSE (RUE DE LA)",,,Nuit sans éclairage public,Hors agglomération,Intersection en T,Normale,Deux véhicules - frontale,,,,,,,,,,,3,1,3,1.0,1.0
201000040247,0010-12-10 15:00:00,10,12,10,15,0,650,331,LOURDES (AVENUE DE),,,Plein jour,Hors agglomération,Hors intersection,Normale,Deux véhicules - frontale,,,,,,,,,,,1,1,1,1.0,1.0
201000040248,0010-12-10 16:40:00,10,12,10,16,40,650,331,"21, LOURDES (AVENUE DE)",,,Plein jour,En agglomération,Hors intersection,Normale,Trois véhicules et plus - collisions multiples,,,,,,,,,,,1,2,1,1.0,5.0
201000040249,0010-12-11 11:10:00,10,12,11,11,10,650,440,"., MICHELET (RUE)",,,Plein jour,En agglomération,Intersection en X,Normale,Autre collision,,,,,,,,,,,1,2,2,1.0,6.0
201000040250,0010-12-14 19:45:00,10,12,14,19,45,650,226,PAU (ROUTE DE),,,Nuit sans éclairage public,Hors agglomération,Hors intersection,Normale,Deux véhicules - frontale,,,,,,,,,,,3,1,1,1.0,1.0
201000040251,0010-12-20 16:25:00,10,12,20,16,25,650,47,"., NOVEMBRE (RUE DU XI)",,,Plein jour,En agglomération,Intersection en X,Normale,Deux véhicules - frontale,,,,,,,,,,,1,2,2,1.0,1.0
201000040252,0010-12-21 15:20:00,10,12,21,15,20,650,440,"., CORPS FRANC POMMIES (",,,Plein jour,En agglomération,Intersection en T,Normale,Autre collision,,,,,,,,,,,1,2,3,1.0,6.0
201000040253,0010-12-21 16:35:00,10,12,21,16,35,650,440,DEBUSSY (BOULEVARD CLAUD,,,Plein jour,En agglomération,Hors intersection,Normale,Autre collision,,,,,,,,,,,1,2,1,1.0,6.0
201000040254,0010-12-24 14:25:00,10,12,24,14,25,650,417,"58, SPORTS (AVENUE DES)",,,Plein jour,En agglomération,Intersection en T,Normale,Deux véhicules - côté,,,,,,,,,,,1,2,3,1.0,3.0
201000040255,0010-12-27 18:30:00,10,12,27,18,30,650,251,"., PARKING GEANT CASINO",,,Nuit avec éclairage allumé,Hors agglomération,Hors intersection,Normale,Deux véhicules - côté,,,,,,,,,,,5,1,1,1.0,3.0
201000040256,0010-01-08 12:29:00,10,1,8,12,29,660,136,HIRONDELLES (DES),42.71276,2.88585,Plein jour,En agglomération,Hors intersection,Normale,Deux véhicules - côté,,,,,,,,,,,1,2,1,1.0,3.0
201000040257,0010-01-09 18:00:00,10,1,9,18,0,660,136,VAUBAN (QUAI SEBASTIEN),42.70118,2.89298,Crépuscule ou aube,En agglomération,Hors intersection,Vent fort / tempête,Autre collision,,,,,,,,,,,2,2,1,6.0,6.0
201000040258,0010-01-11 18:30:00,10,1,11,18,30,660,136,"102, SALANQUE (AVENUE DE",42.72539,2.89208,Nuit sans éclairage public,En agglomération,Hors intersection,Normale,Deux véhicules - côté,,,,,,,,,,,3,2,1,1.0,3.0
201000040259,0010-01-14 18:00:00,10,1,14,18,0,660,136,JOFFRE (AVENUE DU MARECH,42.70436,2.89262,Crépuscule ou aube,En agglomération,Hors intersection,Pluie forte,Autre collision,,,,,,,,,,,2,2,1,3.0,6.0
201000040260,0010-01-15 15:30:00,10,1,15,15,30,660,136,Départementale  617,,,Plein jour,Hors agglomération,Hors intersection,Normale,Deux véhicules - arrière,,,,,,,,,,,1,1,1,1.0,2.0
201000040261,0010-01-08 18:10:00,10,1,8,18,10,660,136,RAPHAEL,42.68883,2.89508,Nuit avec éclairage allumé,En agglomération,Hors intersection,Normale,Autre collision,,,,,,,,,,,5,2,1,1.0,6.0
201000040262,0010-01-15 19:15:00,10,1,15,19,15,660,136,ARGELES SUR MER AVENUE D,42.68121,2.91068,Nuit avec éclairage allumé,En agglomération,Hors intersection,Normale,Deux véhicules - arrière,,,,,,,,,,,5,2,1,1.0,2.0
201000040263,0010-01-15 20:40:00,10,1,15,20,40,660,136,BLANC AVENUE ROSETTE,42.69867,2.90496,Nuit avec éclairage allumé,En agglomération,Hors intersection,Normale,Autre collision,,,,,,,,,,,5,2,1,1.0,6.0
201000040264,0010-01-21 07:40:00,10,1,21,7,40,660,136,MERMOZ (AVENUE JEAN),42.69618,2.90628,Plein jour,En agglomération,Hors intersection,Normale,Deux véhicules - côté,,,,,,,,,,,1,2,1,1.0,3.0
201000040265,0010-01-25 10:15:00,10,1,25,10,15,660,136,Bd KOENING,42.6869,2.90227,Plein jour,En agglomération,Intersection en X,Normale,Autre collision,,,,,,,,,,,1,2,2,1.0,6.0
201000040266,0010-01-28 18:20:00,10,1,28,18,20,660,136,"., AUGUSTINS DES",42.69735,2.89269,Nuit avec éclairage allumé,En agglomération,Hors intersection,Normale,Autre collision,,,,,,,,,,,5,2,1,1.0,6.0
201000040267,0010-02-04 19:18:00,10,2,4,19,18,660,136,MAS-BRESSON (CHEMIN DU),42.66366,2.86779,Nuit sans éclairage public,Hors agglomération,Hors intersection,Pluie légère,Deux véhicules - frontale,,,,,,,,,,,3,1,1,2.0,1.0
201000040268,0010-02-02 18:40:00,10,2,2,18,40,660,136,"., BARRES MAURICE",42.6977,2.91049,Nuit avec éclairage allumé,En agglomération,Intersection en X,Normale,Deux véhicules - côté,,,,,,,,,,,5,2,2,1.0,3.0
201000040269,0010-02-10 13:40:00,10,2,10,13,40,660,136,"7, WILSON (BOULEVARD THO",42.70188,2.89566,Plein jour,En agglomération,Hors intersection,Normale,Autre collision,,,,,,,,,,,1,2,1,1.0,6.0
201000040270,0010-02-10 09:31:00,10,2,10,9,31,660,136,"., BRIAND BOULEVARD ARIS",42.69284,2.89987,Plein jour,En agglomération,Hors intersection,Normale,Deux véhicules - côté,,,,,,,,,,,1,2,1,1.0,3.0
201000040271,0010-02-11 15:25:00,10,2,11,15,25,660,136,"1, GIONO (AVENUE JEAN)",42.66817,2.91086,Plein jour,En agglomération,Intersection en T,Temps couvert,Deux véhicules - côté,,,,,,,,,,,1,2,3,8.0,3.0
201000040272,0010-02-14 05:40:00,10,2,14,5,40,660,136,"4, MERCADER (BOULEVARD F",42.69467,2.88926,Nuit avec éclairage allumé,En agglomération,Hors intersection,Normale,Autre collision,,,,,,,,,,,5,2,1,1.0,6.0
201000040273,0010-02-16 18:26:00,10,2,16,18,26,660,136,JUIN (AVENUE DU MARECHAL,42.68742,2.9006,Crépuscule ou aube,En agglomération,Intersection en X,Pluie forte,Deux véhicules - frontale,,,,,,,,,,,2,2,2,3.0,1.0
201000040274,0010-02-12 18:35:00,10,2,12,18,35,660,136,"125, JOFFRE (AVENUE DU M",42.71155,2.88987,Crépuscule ou aube,En agglomération,Hors intersection,Normale,Deux véhicules - côté,,,,,,,,,,,2,2,1,1.0,3.0
201000040275,0010-02-12 16:55:00,10,2,12,16,55,660,136,"., COTE DES CARMES",42.69679,2.89994,Plein jour,En agglomération,Hors intersection,Normale,Autre collision,,,,,,,,,,,1,2,1,1.0,6.0
201000040276,0010-02-13 18:35:00,10,2,13,18,35,660,136,ARCADES (RD POINT),42.67422,2.88837,Plein jour,En agglomération,Hors intersection,Normale,Deux véhicules - arrière,,,,,,,,,,,1,2,1,1.0,2.0
201000040277,0010-02-22 19:25:00,10,2,22,19,25,660,136,"122, PALAIS-DES-EXPO (AV",42.70655,2.89884,Nuit sans éclairage public,En agglomération,Hors intersection,Normale,Deux véhicules - arrière,,,,,,,,,,,3,2,1,1.0,2.0
201000040278,0010-03-02 16:45:00,10,3,2,16,45,660,136,MICHELET (BOULEVARD EDMO,,,Plein jour,Hors agglomération,Hors intersection,Normale,Deux véhicules - côté,,,,,,,,,,,1,1,1,1.0,3.0
201000040279,0010-03-03 18:20:00,10,3,3,18,20,660,136,ESCARGUEL (COURS LAZARE),42.70016,2.88653,Nuit avec éclairage allumé,En agglomération,Hors intersection,Pluie forte,Autre collision,,,,,,,,,,,5,2,1,3.0,6.0
201000040280,0010-03-03 14:33:00,10,3,3,14,33,660,136,NOBEL (QUAI ALFRED),42.69731,2.88773,Plein jour,En agglomération,Hors intersection,Pluie forte,Deux véhicules - côté,,,,,,,,,,,1,2,1,3.0,3.0
201000040281,0010-03-02 17:50:00,10,3,2,17,50,660,136,PALAIS-DES-EXPO (AVENUE,42.70723,2.90083,Plein jour,En agglomération,Hors intersection,Normale,Deux véhicules - côté,,,,,,,,,,,1,2,1,1.0,3.0
201000040282,0010-03-04 13:45:00,10,3,4,13,45,660,136,"24, TORREILLES (AV DU DO",42.69312,2.87254,Plein jour,En agglomération,Hors intersection,Normale,Deux véhicules - côté,,,,,,,,,,,1,2,1,1.0,3.0
201000040283,0010-03-06 21:00:00,10,3,6,21,0,660,136,R D 900,,,Nuit sans éclairage public,Hors agglomération,Hors intersection,Normale,Autre collision,,,,,,,,,,,3,1,1,1.0,6.0
201000040284,0010-03-05 12:45:00,10,3,5,12,45,660,136,VELASQUEZ (DIEGO),42.72667,2.89196,Plein jour,En agglomération,Hors intersection,Normale,Deux véhicules - côté,,,,,,,,,,,1,2,1,1.0,3.0
201000040285,0010-03-11 11:45:00,10,3,11,11,45,660,136,MICHELET (BOULEVARD EDMO,,,Plein jour,Hors agglomération,Hors intersection,Normale,Deux véhicules - côté,,,,,,,,,,,1,1,1,1.0,3.0
201000040286,0010-03-17 22:00:00,10,3,17,22,0,660,136,"74, JULIEN PANCHOT (AVEN",42.6914,2.88246,Nuit avec éclairage allumé,En agglomération,Hors intersection,Normale,Autre collision,,,,,,,,,,,5,2,1,1.0,6.0
201000040287,0010-03-21 20:30:00,10,3,21,20,30,660,136,"180, JOFFRE (AVENUE DU M",42.71408,2.88885,Nuit avec éclairage allumé,En agglomération,Hors intersection,Normale,Deux véhicules - arrière,,,,,,,,,,,5,2,1,1.0,2.0
201000040288,0010-03-22 15:54:00,10,3,22,15,54,660,136,"24, CLEMENCEAU (BOULEVAR",42.70066,2.89095,Plein jour,En agglomération,Hors intersection,Temps couvert,Autre collision,,,,,,,,,,,1,2,1,8.0,6.0
201000040289,0010-03-22 17:10:00,10,3,22,17,10,660,136,"15, REMBRANDT",42.72983,2.89082,Plein jour,En agglomération,Hors intersection,Temps couvert,Autre collision,,,,,,,,,,,1,2,1,8.0,6.0
201000040290,0010-03-22 17:16:00,10,3,22,17,16,660,136,R D 900,,,Plein jour,Hors agglomération,Hors intersection,Normale,Deux véhicules - arrière,,,,,,,,,,,1,1,1,1.0,2.0
201000040291,0010-03-23 12:25:00,10,3,23,12,25,660,136,Départementale 1,,,Plein jour,Hors agglomération,Hors intersection,Normale,Deux véhicules - côté,,,,,,,,,,,1,1,1,1.0,3.0
201000040292,0010-03-23 14:10:00,10,3,23,14,10,660,136,"., SALANQUE (AVENUE DE)",42.72766,2.90497,Plein jour,En agglomération,Hors intersection,Normale,Deux véhicules - arrière,,,,,,,,,,,1,2,1,1.0,2.0
201000040293,0010-03-23 17:25:00,10,3,23,17,25,660,136,"43, POINCARE (BOULEVARD",42.69133,2.89668,Plein jour,En agglomération,Hors intersection,Normale,Deux véhicules - côté,,,,,,,,,,,1,2,1,1.0,3.0
201000040294,0010-03-24 11:30:00,10,3,24,11,30,660,136,"., PAL (JOSEPH)",42.69292,2.89988,Plein jour,En agglomération,Hors intersection,Normale,Autre collision,,,,,,,,,,,1,2,1,1.0,6.0
201000040295,0010-03-25 19:30:00,10,3,25,19,30,660,136,"face N°33, GAUGUIN (AVEN",42.71489,2.89417,Crépuscule ou aube,En agglomération,Hors intersection,Normale,Autre collision,,,,,,,,,,,2,2,1,1.0,6.0
201000040296,0010-03-31 12:20:00,10,3,31,12,20,660,136,R D 900,,,Plein jour,Hors agglomération,Hors intersection,Normale,Deux véhicules - côté,,,,,,,,,,,1,1,1,1.0,3.0
201000040297,0010-04-01 08:15:00,10,4,1,8,15,660,136,POU-DE-LES-COULOBRES (CH,42.66552,2.9204,Plein jour,Hors agglomération,Hors intersection,Normale,Autre collision,,,,,,,,,,,1,1,1,1.0,6.0
201000040298,0010-04-02 14:18:00,10,4,2,14,18,660,136,FRANCE (BOULEVARD ANATOL,42.69768,2.90418,Plein jour,En agglomération,Hors intersection,Normale,Deux véhicules - côté,,,,,,,,,,,1,2,1,1.0,3.0
201000040299,0010-04-05 15:28:00,10,4,5,15,28,660,136,RUDE (FRANCOIS),42.70244,2.88335,Plein jour,En agglomération,Hors intersection,Normale,Autre collision,,,,,,,,,,,1,2,1,1.0,6.0
201000040300,0010-04-03 12:06:00,10,4,3,12,6,660,136,"., JOFFRE (AVENUE DU MAR",42.71277,2.88929,Plein jour,En agglomération,Hors intersection,Normale,Deux véhicules - frontale,,,,,,,,,,,1,2,1,1.0,1.0
201000040301,0010-04-07 21:40:00,10,4,7,21,40,660,136,BRIAND BOULEVARD ARISTID,42.69529,2.90223,Nuit avec éclairage allumé,En agglomération,Hors intersection,Normale,Autre collision,,,,,,,,,,,5,2,1,1.0,6.0
201000040302,0010-04-09 16:25:00,10,4,9,16,25,660,136,"., CAMBRES AVENUE PIERRE",42.69117,2.89866,Plein jour,En agglomération,Hors intersection,Normale,Deux véhicules - côté,,,,,,,,,,,1,2,1,1.0,3.0
201000040303,0010-04-09 17:50:00,10,4,9,17,50,660,136,";, CARSALADE-DU-PONT(AVE",42.69055,2.89902,Plein jour,En agglomération,Hors intersection,Normale,Deux véhicules - côté,,,,,,,,,,,1,2,1,1.0,3.0
201000040304,0010-04-12 19:50:00,10,4,12,19,50,660,136,Etang Long (Chemin),42.74168,2.89632,Plein jour,Hors agglomération,Intersection en X,Normale,Deux véhicules - côté,,,,,,,,,,,1,1,2,1.0,3.0
201000040305,0010-04-13 12:25:00,10,4,13,12,25,660,136,"3, CERDAGNE (DE)",42.69371,2.88512,Plein jour,En agglomération,Hors intersection,Normale,Autre collision,,,,,,,,,,,1,2,1,1.0,6.0
201000040306,0010-04-09 14:45:00,10,4,9,14,45,660,136,"01, FUSTERIE (DE LA)",42.69777,2.89538,Plein jour,En agglomération,Hors intersection,Normale,Autre collision,,,,,,,,,,,1,2,1,1.0,6.0
201000040307,0010-04-14 16:15:00,10,4,14,16,15,660,136,VICTOIRE (PLACE DE LA),42.70083,2.89393,Plein jour,En agglomération,Hors intersection,Normale,Autre collision,,,,,,,,,,,1,2,1,1.0,6.0
201000040308,0010-04-15 14:25:00,10,4,15,14,25,660,136,MICHELET (BOULEVARD EDMO,,,Plein jour,Hors agglomération,Hors intersection,Normale,Trois véhicules et plus - en chaîne,,,,,,,,,,,1,1,1,1.0,4.0
201000040309,0010-04-16 17:40:00,10,4,16,17,40,660,136,VIELLEDENT (JEAN),42.69559,2.90017,Plein jour,En agglomération,Hors intersection,Normale,Deux véhicules - arrière,,,,,,,,,,,1,2,1,1.0,2.0
201000040310,0010-04-17 09:50:00,10,4,17,9,50,660,136,Départementale 914,,,Plein jour,Hors agglomération,Hors intersection,Normale,Trois véhicules et plus - en chaîne,,,,,,,,,,,1,1,1,1.0,4.0
201000040311,0010-04-18 09:50:00,10,4,18,9,50,660,136,"1 bis, PAIX (DE LA)",42.69132,2.88688,Plein jour,En agglomération,Hors intersection,Normale,Autre collision,,,,,,,,,,,1,2,1,1.0,6.0
201000040312,0010-04-20 15:50:00,10,4,20,15,50,660,136,"., GUYNEMER (AVENUE GEOR",42.69488,2.89502,Plein jour,En agglomération,Hors intersection,Normale,Autre collision,,,,,,,,,,,1,2,1,1.0,6.0
201000040313,0010-04-20 14:55:00,10,4,20,14,55,660,136,"., JACQUES 1ER",42.69068,2.90472,Plein jour,En agglomération,Hors intersection,Normale,Autre collision,,,,,,,,,,,1,2,1,1.0,6.0
201000040314,0010-04-18 15:25:00,10,4,18,15,25,660,136,"53, BRIAND BOULEVARD ARI",42.69445,2.90143,Plein jour,En agglomération,Hors intersection,Normale,Deux véhicules - côté,,,,,,,,,,,1,2,1,1.0,3.0
201000040315,0010-04-22 14:30:00,10,4,22,14,30,660,136,"., PANCHOT (AVENUE JULIE",42.68627,2.86888,Plein jour,En agglomération,Hors intersection,Normale,Deux véhicules - frontale,,,,,,,,,,,1,2,1,1.0,1.0
201000040316,0010-04-24 15:45:00,10,4,24,15,45,660,136,"., ARGELES SUR MER AVENU",42.68397,2.90904,Plein jour,En agglomération,Hors intersection,Normale,Deux véhicules - arrière,,,,,,,,,,,1,2,1,1.0,2.0
201000040317,0010-04-26 16:00:00,10,4,26,16,0,660,136,";, SAUVY (ALFRED)",42.6799,2.89777,Plein jour,En agglomération,Hors intersection,Normale,Deux véhicules - arrière,,,,,,,,,,,1,2,1,1.0,2.0
201000040318,0010-04-29 20:20:00,10,4,29,20,20,660,136,R D 900,,,Crépuscule ou aube,Hors agglomération,Hors intersection,Normale,Sans collision,,,,,,,,,,,2,1,1,1.0,7.0
201000040319,0010-05-05 19:45:00,10,5,5,19,45,660,136,"., WILSON (BOULEVARD THO",42.70156,2.89413,Plein jour,En agglomération,Hors intersection,Normale,Deux véhicules - côté,,,,,,,,,,,1,2,1,1.0,3.0
201000040320,0010-05-05 21:05:00,10,5,5,21,5,660,136,"., DOUMER (AVENUE DU PRE",42.6949,2.88462,Nuit sans éclairage public,En agglomération,Intersection en X,Normale,Deux véhicules - côté,,,,,,,,,,,3,2,2,1.0,3.0
201000040321,0010-05-10 12:20:00,10,5,10,12,20,660,136,FOMENT DE LA SARDANE (BO,42.68324,2.90587,Plein jour,En agglomération,Hors intersection,Normale,Autre collision,,,,,,,,,,,1,2,1,1.0,6.0
201000040322,0010-05-11 22:20:00,10,5,11,22,20,660,136,"1, BRIAND BOULEVARD ARIS",42.69667,2.90355,Nuit avec éclairage allumé,En agglomération,Hors intersection,Normale,Autre collision,,,,,,,,,,,5,2,1,1.0,6.0
201000040323,0010-05-11 11:50:00,10,5,11,11,50,660,136,PORT-VENDRES (DE),42.68048,2.90937,Plein jour,En agglomération,Hors intersection,Temps couvert,Autre collision,,,,,,,,,,,1,2,1,8.0,6.0
201000040324,0010-05-13 20:25:00,10,5,13,20,25,660,136,"., GAUGUIN (AVENUE PAUL)",42.72459,2.88913,Plein jour,En agglomération,Hors intersection,Normale,Deux véhicules - arrière,,,,,,,,,,,1,2,1,1.0,2.0
201000040325,0010-05-16 12:45:00,10,5,16,12,45,660,136,";, PALAIS-DES-EXPO (AVEN",42.70785,2.9024,Plein jour,En agglomération,Hors intersection,Vent fort / tempête,Trois véhicules et plus - en chaîne,,,,,,,,,,,1,2,1,6.0,4.0
201000040326,0010-05-17 09:30:00,10,5,17,9,30,660,136,AERODROME AVENUE DE L'(C,42.72626,2.88014,Plein jour,Hors agglomération,Hors intersection,Normale,Deux véhicules - frontale,,,,,,,,,,,1,1,1,1.0,1.0
201000040327,0010-05-15 02:30:00,10,5,15,2,30,660,136,HORTOLA (COMES DAMIEN),42.68553,2.90144,Nuit avec éclairage allumé,En agglomération,Intersection en X,Normale,Autre collision,,,,,,,,,,,5,2,2,1.0,6.0
201000040328,0010-05-23 21:45:00,10,5,23,21,45,660,136,";, CAMBRES AVENUE PIERRE",42.69071,2.90134,Nuit avec éclairage allumé,En agglomération,Intersection en X,Normale,Deux véhicules - côté,,,,,,,,,,,5,2,2,1.0,3.0
201000040329,0010-05-26 17:40:00,10,5,26,17,40,660,136,Départementale 914,42.67334,2.88889,Plein jour,En agglomération,Hors intersection,Normale,Deux véhicules - côté,,,,,,,,,,,1,2,1,1.0,3.0
201000040330,0010-05-28 13:45:00,10,5,28,13,45,660,136,"10, MERCADER (BOULEVARD",42.69445,2.88955,Plein jour,En agglomération,Hors intersection,Normale,Deux véhicules - arrière,,,,,,,,,,,1,2,1,1.0,2.0
201000040331,0010-05-28 18:10:00,10,5,28,18,10,660,136,"., WALDECK-ROUSSEAU (REN",42.69377,2.90282,Plein jour,En agglomération,Intersection en X,Normale,Deux véhicules - côté,,,,,,,,,,,1,2,2,1.0,3.0
201000040332,0010-05-29 00:55:00,10,5,29,0,55,660,136,"., KENNEDY (BD JOHN-FITZ",42.69055,2.90132,Nuit avec éclairage allumé,En agglomération,Hors intersection,Normale,Deux véhicules - côté,,,,,,,,,,,5,2,1,1.0,3.0
201000040333,0010-05-29 11:45:00,10,5,29,11,45,660,136,ESPLANADES (PLACE DES),42.69627,2.89829,Plein jour,En agglomération,Hors intersection,Normale,Autre collision,,,,,,,,,,,1,2,1,1.0,6.0
201000040334,0010-05-31 08:10:00,10,5,31,8,10,660,136,"39, KENNEDY (BD JOHN-FIT",42.68762,2.90568,Plein jour,En agglomération,Hors intersection,Normale,Autre collision,,,,,,,,,,,1,2,1,1.0,6.0
201000040335,0010-06-01 07:35:00,10,6,1,7,35,660,136,"., RIBERE (HENRI)",42.69403,2.88143,Plein jour,En agglomération,Intersection en X,Normale,Deux véhicules - côté,,,,,,,,,,,1,2,2,1.0,3.0
201000040336,0010-06-02 18:15:00,10,6,2,18,15,660,136,ROCA (PAUL),42.71414,2.89335,Plein jour,En agglomération,Hors intersection,Normale,Autre collision,,,,,,,,,,,1,2,1,1.0,6.0
201000040337,0010-06-03 07:55:00,10,6,3,7,55,660,136,"2555, JULIEN PANCHOT (AV",42.68658,2.86919,Plein jour,En agglomération,Hors intersection,Normale,Deux véhicules - côté,,,,,,,,,,,1,2,1,1.0,3.0
201000040338,0010-06-04 14:25:00,10,6,4,14,25,660,136,"., CATALOGNE (PLACE DE)",42.69827,2.88884,Plein jour,En agglomération,Hors intersection,Normale,Sans collision,,,,,,,,,,,1,2,1,1.0,7.0
201000040339,0010-06-04 08:00:00,10,6,4,8,0,660,136,R D 900,42.69748,2.86435,Plein jour,Hors agglomération,Hors intersection,Normale,Trois véhicules et plus - en chaîne,,,,,,,,,,,1,1,1,1.0,4.0
201000040340,0010-05-26 20:30:00,10,5,26,20,30,660,136,R D 900,,,Crépuscule ou aube,Hors agglomération,Hors intersection,Normale,Sans collision,,,,,,,,,,,2,1,1,1.0,7.0
201000040341,0010-06-04 18:14:00,10,6,4,18,14,660,136,"., LASSUS (COURS MARIE-L",42.69903,2.90613,Plein jour,En agglomération,Intersection en X,Normale,Deux véhicules - côté,,,,,,,,,,,1,2,2,1.0,3.0
201000040342,0010-06-05 07:00:00,10,6,5,7,0,660,136,"., BIOT JEAN BAPTISTE",42.73513,2.89757,Plein jour,En agglomération,Hors intersection,Normale,Deux véhicules - côté,,,,,,,,,,,1,2,1,1.0,3.0
201000040343,0010-06-06 21:35:00,10,6,6,21,35,660,136,FRANCE LIBRE (BOULEVARD,42.70484,2.89968,Crépuscule ou aube,En agglomération,Hors intersection,Normale,Deux véhicules - côté,,,,,,,,,,,2,2,1,1.0,3.0
201000040344,0010-06-11 14:30:00,10,6,11,14,30,660,136,"., LASSUS (COURS MARIE-L",42.70121,2.90302,Plein jour,En agglomération,Hors intersection,Normale,Deux véhicules - côté,,,,,,,,,,,1,2,1,1.0,3.0
201000040345,0010-06-13 10:25:00,10,6,13,10,25,660,136,"09, VERTEFEUILLE (RAMBLA",42.68505,2.90352,Plein jour,En agglomération,Hors intersection,Normale,Autre collision,,,,,,,,,,,1,2,1,1.0,6.0
201000040346,0010-06-07 18:00:00,10,6,7,18,0,660,136,";, MANALT (CELESTIN)",42.69967,2.90255,Plein jour,En agglomération,Intersection en T,Normale,Deux véhicules - côté,,,,,,,,,,,1,2,3,1.0,3.0
201000040347,0010-06-14 12:20:00,10,6,14,12,20,660,136,"3750, JULIEN PANCHOT (AV",42.68658,2.86919,Plein jour,Hors agglomération,Hors intersection,Temps couvert,Deux véhicules - côté,,,,,,,,,,,1,1,1,8.0,3.0
201000040348,0010-06-14 16:00:00,10,6,14,16,0,660,136,PERP-A-VIL-DE-LA-RAHO-PA,,,Plein jour,Hors agglomération,Hors intersection,Pluie légère,Deux véhicules - frontale,,,,,,,,,,,1,1,1,2.0,1.0
201000040349,0010-06-13 00:10:00,10,6,13,0,10,660,136,R D 900,,,Nuit sans éclairage public,Hors agglomération,Hors intersection,Normale,Autre collision,,,,,,,,,,,3,1,1,1.0,6.0
201000040350,0010-06-18 01:05:00,10,6,18,1,5,660,136,"38, POINCARE (BOULEVARD",42.69139,2.89585,Nuit avec éclairage non allumé,En agglomération,Hors intersection,Normale,Autre collision,,,,,,,,,,,4,2,1,1.0,6.0
201000040351,0010-06-19 13:55:00,10,6,19,13,55,660,136,BAZY DU COMMANDANT,42.69182,2.88838,Plein jour,En agglomération,Intersection en X,Vent fort / tempête,Autre collision,,,,,,,,,,,1,2,2,6.0,6.0
201000040352,0010-06-27 18:02:00,10,6,27,18,2,660,136,"., AUGUSTINS DES",42.69764,2.89471,Plein jour,En agglomération,Hors intersection,Normale,Autre collision,,,,,,,,,,,1,2,1,1.0,6.0
201000040353,0010-06-28 18:40:00,10,6,28,18,40,660,136,"., JOFFRE (AVENUE DU MAR",42.71217,2.88953,Plein jour,En agglomération,Hors intersection,Normale,Deux véhicules - côté,,,,,,,,,,,1,2,1,1.0,3.0
201000040354,0010-06-29 12:30:00,10,6,29,12,30,660,136,SAINT CHARLES (ROCADE),,,Plein jour,En agglomération,Hors intersection,Normale,Deux véhicules - côté,,,,,,,,,,,1,2,1,1.0,3.0
201000040355,0010-07-01 04:55:00,10,7,1,4,55,660,136,ESPAGNE (ROUTE D'),,,Nuit avec éclairage allumé,Hors agglomération,Hors intersection,Normale,Sans collision,,,,,,,,,,,5,1,1,1.0,7.0
201000040356,0010-07-01 14:50:00,10,7,1,14,50,660,136,"., Départementale 914",,,Plein jour,En agglomération,Hors intersection,Normale,Deux véhicules - arrière,,,,,,,,,,,1,2,1,1.0,2.0
201000040357,0010-07-01 15:00:00,10,7,1,15,0,660,136,"., BART JEAN",42.7126,2.89371,Plein jour,En agglomération,Intersection en X,Normale,Deux véhicules - côté,,,,,,,,,,,1,2,2,1.0,3.0
201000040358,0010-07-03 10:20:00,10,7,3,10,20,660,136,"176, ANCIEN CHEMIN DE BO",42.7209,2.91422,Plein jour,En agglomération,Hors intersection,Normale,Autre collision,,,,,,,,,,,1,2,1,1.0,6.0
201000040359,0010-07-02 23:50:00,10,7,2,23,50,660,136,"., TORREILLES (AV DU DOC",42.6943,2.87244,Nuit avec éclairage allumé,En agglomération,Intersection en X,Normale,Deux véhicules - côté,,,,,,,,,,,5,2,2,1.0,3.0
201000040360,0010-07-07 14:35:00,10,7,7,14,35,660,136,"49, LECLERC (AVENUE DU G",42.70062,2.8882,Plein jour,En agglomération,Hors intersection,Normale,Deux véhicules - côté,,,,,,,,,,,1,2,1,1.0,3.0
201000040361,0010-07-27 09:20:00,10,7,27,9,20,660,136,"07, WILSON (BOULEVARD TH",42.70185,2.89553,Plein jour,En agglomération,Hors intersection,Normale,Autre collision,,,,,,,,,,,1,2,1,1.0,6.0
201000040362,0010-07-30 03:10:00,10,7,30,3,10,660,136,"., LECLERC (AVENUE DU GE",42.70089,2.88906,Nuit avec éclairage allumé,En agglomération,Hors intersection,Normale,Deux véhicules - côté,,,,,,,,,,,5,2,1,1.0,3.0
201000040363,0010-07-31 18:50:00,10,7,31,18,50,660,136,TORREILLES (AV DU DOCTEU,42.6889,2.87368,Plein jour,En agglomération,Hors intersection,Normale,Autre collision,,,,,,,,,,,1,2,1,1.0,6.0
201000040364,0010-08-01 21:10:00,10,8,1,21,10,660,136,DIAZ (NARCISSE VIRGILE),42.71755,2.88931,Crépuscule ou aube,En agglomération,Intersection en X,Pluie forte,Deux véhicules - côté,,,,,,,,,,,2,2,2,3.0,3.0