accident_id,datetime,annee,mois,jour,heure,minute,departement,commune_insee,adresse,latitude,longitude,luminosite,agglomeration,intersection,meteo,collision,nb_vehicules,nb_usagers,nb_indemnes,nb_tues,nb_blesses_hosp,nb_blesses_legers,age_cond_1,age_cond_2,veh_type_cond_1,veh_type_cond_2,lum_code,agg_code,int_code,atm_code,col_code
201000040365,0010-08-07 12:49:00,10,8,7,12,49,660,136,"., BOUSSIRON AVENUE SIMO",42.69701,2.92908,Plein jour,En agglomération,Hors intersection,Normale,Deux véhicules - frontale,,,,,,,,,,,1,2,1,1.0,1.0
201000040366,0010-08-01 20:55:00,10,8,1,20,55,660,136,SALANQUE (AVENUE DE),,,Plein jour,Hors agglomération,Hors intersection,Normale,Deux véhicules - arrière,,,,,,,,,,,1,1,1,1.0,2.0
201000040367,0010-08-06 09:20:00,10,8,6,9,20,660,136,"., JULIEN PANCHOT (AVENU",42.69013,2.87976,Plein jour,En agglomération,Hors intersection,Normale,Trois véhicules et plus - collisions multiples,,,,,,,,,,,1,2,1,1.0,5.0
201000040368,0010-08-09 15:00:00,10,8,9,15,0,660,136,"., R D 900",42.70125,2.88652,Plein jour,Hors agglomération,Hors intersection,Normale,Trois véhicules et plus - en chaîne,,,,,,,,,,,1,1,1,1.0,4.0
201000040369,0010-08-09 17:50:00,10,8,9,17,50,660,136,"16, CAMBRES AVENUE PIERR",42.69108,2.90013,Plein jour,En agglomération,Hors intersection,Normale,Deux véhicules - côté,,,,,,,,,,,1,2,1,1.0,3.0
201000040370,0010-08-10 12:30:00,10,8,10,12,30,660,136,"., DELCROS (ELIE)",42.70196,2.89754,Plein jour,En agglomération,Hors intersection,Normale,Autre collision,,,,,,,,,,,1,2,1,1.0,6.0
201000040371,0010-08-10 19:25:00,10,8,10,19,25,660,136,GRAPPES (DES),42.68518,2.88148,Plein jour,En agglomération,Intersection en X,Normale,Deux véhicules - côté,,,,,,,,,,,1,2,2,1.0,3.0
201000040372,0010-08-11 15:30:00,10,8,11,15,30,660,136,R D 900,,,Plein jour,Hors agglomération,Hors intersection,Normale,Trois véhicules et plus - collisions multiples,,,,,,,,,,,1,1,1,1.0,5.0
201000040373,0010-08-11 21:50:00,10,8,11,21,50,660,136,PYRENEES (BOULEVARD DES),42.69476,2.88916,Nuit avec éclairage allumé,En agglomération,Intersection en X,Normale,Deux véhicules - côté,,,,,,,,,,,5,2,2,1.0,3.0
201000040374,0010-08-10 19:45:00,10,8,10,19,45,660,136,"294, ARGELES SUR MER AVE",42.68301,2.90962,Plein jour,En agglomération,Hors intersection,Normale,Deux véhicules - arrière,,,,,,,,,,,1,2,1,1.0,2.0
201000040375,0010-08-09 14:00:00,10,8,9,14,0,660,136,"2, ALDUY (Paul)",42.68097,2.90266,Plein jour,En agglomération,Hors intersection,Normale,Deux véhicules - frontale,,,,,,,,,,,1,2,1,1.0,1.0
201000040376,0010-08-13 22:20:00,10,8,13,22,20,660,136,"., NEGUEBOUS (CHEMIN DE)",42.71528,2.87315,Nuit sans éclairage public,Hors agglomération,Hors intersection,Normale,Deux véhicules - arrière,,,,,,,,,,,3,1,1,1.0,2.0
201000040377,0010-08-19 14:00:00,10,8,19,14,0,660,136,"., LILAS",42.68467,2.88146,Plein jour,En agglomération,Intersection en X,Normale,Deux véhicules - côté,,,,,,,,,,,1,2,2,1.0,3.0
201000040378,0010-08-21 09:29:00,10,8,21,9,29,660,136,"1450, JULIEN PANCHOT (AV",42.68745,2.87136,Plein jour,Hors agglomération,Hors intersection,Normale,Deux véhicules - côté,,,,,,,,,,,1,1,1,1.0,3.0
201000040379,0010-08-23 07:00:00,10,8,23,7,0,660,136,"., ROUDAYRE (AVENUE EMIL",42.70884,2.89857,Plein jour,En agglomération,Hors intersection,Normale,Deux véhicules - frontale,,,,,,,,,,,1,2,1,1.0,1.0
201000040380,0010-08-26 05:00:00,10,8,26,5,0,660,136,Départementale  617,,,Nuit sans éclairage public,Hors agglomération,Hors intersection,Normale,Deux véhicules - arrière,,,,,,,,,,,3,1,1,1.0,2.0
201000040381,0010-08-27 22:40:00,10,8,27,22,40,660,136,GUYNEMER (AVENUE GEORGES,42.693,2.90468,Nuit avec éclairage allumé,En agglomération,Hors intersection,Normale,Deux véhicules - côté,,,,,,,,,,,5,2,1,1.0,3.0
201000040382,0010-08-31 02:45:00,10,8,31,2,45,660,136,POINCARE (BOULEVARD HENR,42.69115,2.89868,Nuit avec éclairage allumé,En agglomération,Intersection en X,Normale,Deux véhicules - côté,,,,,,,,,,,5,2,2,1.0,3.0
201000040383,0010-08-31 09:25:00,10,8,31,9,25,660,136,"44, VIGNES (DES)",42.70561,2.88536,Plein jour,En agglomération,Hors intersection,Normale,Autre collision,,,,,,,,,,,1,2,1,1.0,6.0
201000040384,0010-08-31 17:00:00,10,8,31,17,0,660,136,"25, PALMAROLE (COURS FRA",42.70314,2.89781,Plein jour,En agglomération,Hors intersection,Normale,Deux véhicules - côté,,,,,,,,,,,1,2,1,1.0,3.0
201000040385,0010-09-01 15:30:00,10,9,1,15,30,660,136,"., BANYULS SUR MER AVENU",42.67721,2.90773,Plein jour,En agglomération,Hors intersection,Normale,Deux véhicules - côté,,,,,,,,,,,1,2,1,1.0,3.0
201000040386,0010-09-01 15:15:00,10,9,1,15,15,660,136,"., BRIAND BOULEVARD ARIS",42.69411,2.90108,Plein jour,En agglomération,Hors intersection,Normale,Deux véhicules - côté,,,,,,,,,,,1,2,1,1.0,3.0
201000040387,0010-09-03 14:00:00,10,9,3,14,0,660,136,"., CHEFDEBIEN (FERNAND D",42.68601,2.88506,Plein jour,En agglomération,Hors intersection,Normale,Deux véhicules - côté,,,,,,,,,,,1,2,1,1.0,3.0
201000040388,0010-09-03 10:00:00,10,9,3,10,0,660,136,ARGELES SUR MER AVENUE D,42.67998,2.91133,Plein jour,Hors agglomération,Hors intersection,Normale,Deux véhicules - arrière,,,,,,,,,,,1,1,1,1.0,2.0
201000040389,0010-09-06 16:15:00,10,9,6,16,15,660,136,AERODROME AVENUE DE L'(C,42.72195,2.88497,Plein jour,En agglomération,Intersection en X,Pluie légère,Deux véhicules - côté,,,,,,,,,,,1,2,2,2.0,3.0
201000040390,0010-09-07 14:45:00,10,9,7,14,45,660,136,"., POINCARE (BOULEVARD H",42.69131,2.8965,Plein jour,En agglomération,Hors intersection,Normale,Deux véhicules - côté,,,,,,,,,,,1,2,1,1.0,3.0
201000040391,0010-09-04 17:15:00,10,9,4,17,15,660,136,"., ARGELES SUR MER AVENU",42.68153,2.91052,Plein jour,En agglomération,Hors intersection,Normale,Deux véhicules - arrière,,,,,,,,,,,1,2,1,1.0,2.0
201000040392,0010-09-09 15:30:00,10,9,9,15,30,660,136,AERODROME AVENUE DE L'(C,42.72203,2.88492,Plein jour,En agglomération,Intersection en X,Normale,Deux véhicules - côté,,,,,,,,,,,1,2,2,1.0,3.0
201000040393,0010-09-12 16:05:00,10,9,12,16,5,660,136,LUMIERE (FRERES),42.70993,2.89263,Plein jour,En agglomération,Intersection en T,Normale,Deux véhicules - côté,,,,,,,,,,,1,2,3,1.0,3.0
201000040394,0010-09-13 11:45:00,10,9,13,11,45,660,136,CHEFDEBIEN (FERNAND DE),42.68817,2.88612,Plein jour,En agglomération,Hors intersection,Normale,Autre collision,,,,,,,,,,,1,2,1,1.0,6.0
201000040395,0010-09-16 08:50:00,10,9,16,8,50,660,136,Av. Rous,42.69987,2.88495,Plein jour,En agglomération,Hors intersection,Normale,Autre collision,,,,,,,,,,,1,2,1,1.0,6.0
201000040396,0010-09-17 18:00:00,10,9,17,18,0,660,136,VIGNES (CHEMIN DES),42.73764,2.89267,Plein jour,En agglomération,Intersection en X,Normale,Deux véhicules - côté,,,,,,,,,,,1,2,2,1.0,3.0
201000040397,0010-09-20 17:30:00,10,9,20,17,30,660,136,";, DALBIEZ (AVENUE VICTO",42.68648,2.882,Plein jour,En agglomération,Intersection en X,Normale,Deux véhicules - côté,,,,,,,,,,,1,2,2,1.0,3.0
201000040398,0010-09-20 17:30:00,10,9,20,17,30,660,136,"., DALBIEZ (AVENUE VICTO",42.68583,2.88209,Plein jour,En agglomération,Hors intersection,Normale,Autre collision,,,,,,,,,,,1,2,1,1.0,6.0
201000040399,0010-09-23 20:48:00,10,9,23,20,48,660,136,ARGELES SUR MER AVENUE D,42.68424,2.90889,Nuit avec éclairage allumé,En agglomération,Hors intersection,Normale,Deux véhicules - côté,,,,,,,,,,,5,2,1,1.0,3.0
201000040400,0010-09-16 09:25:00,10,9,16,9,25,660,136,ESPAGNE (ROUTE D'),42.68834,2.89492,Plein jour,En agglomération,Hors intersection,Normale,Autre collision,,,,,,,,,,,1,2,1,1.0,6.0
201000040401,0010-09-30 10:50:00,10,9,30,10,50,660,136,"., GRAPPES (DES)",42.68523,2.88097,Plein jour,En agglomération,Intersection en T,Normale,Deux véhicules - côté,,,,,,,,,,,1,2,3,1.0,3.0
201000040402,0010-10-03 06:55:00,10,10,3,6,55,660,136,FRANCE LIBRE (BOULEVARD,42.70733,2.90932,Nuit avec éclairage allumé,En agglomération,Hors intersection,Normale,Autre collision,,,,,,,,,,,5,2,1,1.0,6.0
201000040403,0010-10-02 02:05:00,10,10,2,2,5,660,136,"955, JULIEN PANCHOT (AVE",42.68744,2.87635,Nuit avec éclairage allumé,En agglomération,Hors intersection,Normale,Autre collision,,,,,,,,,,,5,2,1,1.0,6.0
201000040404,0010-10-04 20:10:00,10,10,4,20,10,660,136,Départementale  617,,,Nuit sans éclairage public,Hors agglomération,Hors intersection,Normale,Trois véhicules et plus - en chaîne,,,,,,,,,,,3,1,1,1.0,4.0
201000040405,0010-09-27 19:50:00,10,9,27,19,50,660,136,"., VIELLEDENT (JEAN)",42.69491,2.90103,Crépuscule ou aube,En agglomération,Hors intersection,Normale,Deux véhicules - arrière,,,,,,,,,,,2,2,1,1.0,2.0
201000040406,0010-10-05 15:16:00,10,10,5,15,16,660,136,R D 900,42.67382,2.88755,Plein jour,Hors agglomération,Hors intersection,Normale,Autre collision,,,,,,,,,,,1,1,1,1.0,6.0
201000040407,0010-10-06 17:40:00,10,10,6,17,40,660,136,"., GAULLE (AVENUE GENERA",42.69811,2.8866,Plein jour,En agglomération,Hors intersection,Normale,Autre collision,,,,,,,,,,,1,2,1,1.0,6.0
201000040408,0010-10-05 11:30:00,10,10,5,11,30,660,136,"96, JOFFRE (AVENUE DU MA",42.71035,2.89034,Plein jour,En agglomération,Hors intersection,Normale,Deux véhicules - côté,,,,,,,,,,,1,2,1,1.0,3.0
201000040409,0010-10-07 18:00:00,10,10,7,18,0,660,136,"., JOFFRE (AVENUE DU MAR",42.71133,2.88996,Plein jour,En agglomération,Hors intersection,Normale,Deux véhicules - frontale,,,,,,,,,,,1,2,1,1.0,1.0
201000040410,0010-10-08 19:14:00,10,10,8,19,14,660,136,"., LECLERC (AVENUE DU GE",42.69529,2.90224,Nuit avec éclairage allumé,En agglomération,Hors intersection,Normale,Deux véhicules - côté,,,,,,,,,,,5,2,1,1.0,3.0
201000040411,0010-10-10 19:00:00,10,10,10,19,0,660,136,PALAIS-DES-EXPO (AVENUE,42.70576,2.89632,Crépuscule ou aube,En agglomération,Hors intersection,Pluie légère,Autre collision,,,,,,,,,,,2,2,1,2.0,6.0
201000040412,0010-10-11 07:05:00,10,10,11,7,5,660,136,"., BOURRAT BOULEVARD JEA",42.70108,2.9013,Nuit avec éclairage allumé,En agglomération,Intersection en X,Pluie forte,Deux véhicules - côté,,,,,,,,,,,5,2,2,3.0,3.0
201000040413,0010-10-14 12:30:00,10,10,14,12,30,660,136,", QUATRE-SEPTEMBRE (DU)",42.69893,2.89113,Plein jour,En agglomération,Hors intersection,Normale,Autre collision,,,,,,,,,,,1,2,1,1.0,6.0
201000040414,0010-10-17 00:40:00,10,10,17,0,40,660,136,"62, MERCADER (BOULEVARD",42.69264,2.8919,Nuit avec éclairage allumé,En agglomération,Hors intersection,Normale,Trois véhicules et plus - collisions multiples,,,,,,,,,,,5,2,1,1.0,5.0
201000040415,0010-10-07 21:25:00,10,10,7,21,25,660,136,BRIAND BOULEVARD ARISTID,42.69528,2.90229,Nuit avec éclairage allumé,En agglomération,Intersection en X,Normale,Deux véhicules - côté,,,,,,,,,,,5,2,2,1.0,3.0
201000040416,0010-10-15 14:20:00,10,10,15,14,20,660,136,"., LANGUEDOC (AVENUE DU",42.72397,2.88703,Plein jour,En agglomération,Hors intersection,Normale,Autre collision,,,,,,,,,,,1,2,1,1.0,6.0
201000040417,0010-10-20 18:45:00,10,10,20,18,45,660,136,";, VIDAL (PIERRE)",42.72241,2.88085,Crépuscule ou aube,En agglomération,Intersection en X,Normale,Deux véhicules - côté,,,,,,,,,,,2,2,2,1.0,3.0
201000040418,0010-10-21 16:40:00,10,10,21,16,40,660,136,"2480, JULIEN PANCHOT (AV",42.68656,2.8689,Plein jour,En agglomération,Hors intersection,Normale,Deux véhicules - côté,,,,,,,,,,,1,2,1,1.0,3.0
201000040419,0010-10-26 07:50:00,10,10,26,7,50,660,136,"24, LECLERC (AVENUE DU G",42.70175,2.89103,Crépuscule ou aube,En agglomération,Hors intersection,Vent fort / tempête,Autre collision,,,,,,,,,,,2,2,1,6.0,6.0
201000040420,0010-11-03 08:25:00,10,11,3,8,25,660,136,"., CARSALADE-DU-PONT(AVE",42.68966,2.89956,Plein jour,En agglomération,Hors intersection,Normale,Deux véhicules - côté,,,,,,,,,,,1,2,1,1.0,3.0
201000040421,0010-11-05 11:08:00,10,11,5,11,8,660,136,ANSALDI ALEXANDRE,42.68647,2.91369,Plein jour,En agglomération,Hors intersection,Normale,Deux véhicules - côté,,,,,,,,,,,1,2,1,1.0,3.0
201000040422,0010-11-04 17:25:00,10,11,4,17,25,660,136,"., MERMOZ (AVENUE JEAN)",42.69485,2.91153,Plein jour,En agglomération,Hors intersection,Normale,Autre collision,,,,,,,,,,,1,2,1,1.0,6.0
201000040423,0010-11-09 15:40:00,10,11,9,15,40,660,136,Espace Politkovskaia,42.71277,2.88369,Plein jour,En agglomération,Hors intersection,Normale,Deux véhicules - frontale,,,,,,,,,,,1,2,1,1.0,1.0
201000040424,0010-11-09 17:40:00,10,11,9,17,40,660,136,"70, GAULLE (AVENUE GENER",42.69785,2.88578,Nuit avec éclairage allumé,En agglomération,Hors intersection,Normale,Trois véhicules et plus - en chaîne,,,,,,,,,,,5,2,1,1.0,4.0
201000040425,0010-11-12 10:45:00,10,11,12,10,45,660,136,"2, CARRERE (THOMAS)",42.6865,2.90143,Plein jour,En agglomération,Hors intersection,Normale,Autre collision,,,,,,,,,,,1,2,1,1.0,6.0
201000040426,0010-11-12 18:25:00,10,11,12,18,25,660,136,"., BARRES MAURICE",42.69777,2.90799,Nuit avec éclairage allumé,En agglomération,Intersection en X,Normale,Deux véhicules - frontale,,,,,,,,,,,5,2,2,1.0,1.0
201000040427,0010-11-13 12:40:00,10,11,13,12,40,660,136,PALAIS-DES-EXPO (AVENUE,42.70761,2.90179,Plein jour,En agglomération,Hors intersection,Normale,Deux véhicules - côté,,,,,,,,,,,1,2,1,1.0,3.0
201000040428,0010-11-14 16:55:00,10,11,14,16,55,660,136,R D 900,,,Crépuscule ou aube,Hors agglomération,Hors intersection,Normale,Deux véhicules - arrière,,,,,,,,,,,2,1,1,1.0,2.0
201000040429,0010-11-13 17:35:00,10,11,13,17,35,660,136,"21 BIS, CLEMENCEAU (BOUL",42.70044,2.89037,Crépuscule ou aube,En agglomération,Hors intersection,Normale,Deux véhicules - côté,,,,,,,,,,,2,2,1,1.0,3.0
201000040430,0010-11-16 07:10:00,10,11,16,7,10,660,136,"., MERCADER (BOULEVARD F",42.69364,2.89048,Crépuscule ou aube,En agglomération,Hors intersection,Normale,Deux véhicules - arrière,,,,,,,,,,,2,2,1,1.0,2.0
201000040431,0010-11-16 08:00:00,10,11,16,8,0,660,136,"., FAUCEILLE (CHEMIN DE",42.67202,2.90497,Plein jour,En agglomération,Hors intersection,Normale,Deux véhicules - côté,,,,,,,,,,,1,2,1,1.0,3.0
201000040432,0010-11-16 08:30:00,10,11,16,8,30,660,136,"., FOMENT DE LA SARDANE",42.68355,2.90555,Plein jour,En agglomération,Hors intersection,Normale,Autre collision,,,,,,,,,,,1,2,1,1.0,6.0
201000040433,0010-11-19 04:25:00,10,11,19,4,25,660,136,Départementale  617,,,Nuit sans éclairage public,Hors agglomération,Hors intersection,Normale,Autre collision,,,,,,,,,,,3,1,1,1.0,6.0
201000040434,0010-11-19 17:58:00,10,11,19,17,58,660,136,"., SALANQUE (AVENUE DE)",42.72444,2.891,Crépuscule ou aube,En agglomération,Hors intersection,Normale,Deux véhicules - côté,,,,,,,,,,,2,2,1,1.0,3.0
201000040435,0010-11-02 16:30:00,10,11,2,16,30,660,136,"12 bis, CANIGOU AVENUE D",42.68903,2.87938,Plein jour,En agglomération,Hors intersection,Normale,Autre collision,,,,,,,,,,,1,2,1,1.0,6.0
201000040436,0010-11-22 20:48:00,10,11,22,20,48,660,136,"., FOCH (MARECHAL)",42.69485,2.88907,Nuit avec éclairage allumé,En agglomération,Intersection en X,Normale,Deux véhicules - côté,,,,,,,,,,,5,2,2,1.0,3.0
201000040437,0010-11-23 11:25:00,10,11,23,11,25,660,136,"., FRANCE (BOULEVARD ANA",42.69684,2.90365,Plein jour,En agglomération,Hors intersection,Normale,Autre collision,,,,,,,,,,,1,2,1,1.0,6.0
201000040438,0010-12-01 12:50:00,10,12,1,12,50,660,136,"27, LAVERAN ALPHONSE",42.70701,2.88569,Plein jour,En agglomération,Hors intersection,Pluie légère,Deux véhicules - frontale,,,,,,,,,,,1,2,1,2.0,1.0
201000040439,0010-12-01 12:20:00,10,12,1,12,20,660,136,FRANCE LIBRE (BOULEVARD,42.70701,2.90606,Plein jour,Hors agglomération,Hors intersection,Pluie légère,Trois véhicules et plus - en chaîne,,,,,,,,,,,1,1,1,2.0,4.0
201000040440,0010-11-30 17:25:00,10,11,30,17,25,660,136,"15, ALBERT MARCELLIN",42.69034,2.89171,Crépuscule ou aube,En agglomération,Hors intersection,Pluie légère,Autre collision,,,,,,,,,,,2,2,1,2.0,6.0
201000040441,0010-12-03 11:00:00,10,12,3,11,0,660,136,R D 900,42.70934,2.8767,Plein jour,Hors agglomération,Hors intersection,Normale,Autre collision,,,,,,,,,,,1,1,1,1.0,6.0
201000040442,0010-12-02 13:40:00,10,12,2,13,40,660,136,"13, POINCARE (BOULEVARD",42.69148,2.8946,Plein jour,En agglomération,Hors intersection,Normale,Deux véhicules - côté,,,,,,,,,,,1,2,1,1.0,3.0
201000040443,0010-12-02 18:00:00,10,12,2,18,0,660,136,"42, JOFFRE (AVENUE DU MA",42.70719,2.89157,Nuit avec éclairage allumé,En agglomération,Hors intersection,Pluie légère,Trois véhicules et plus - en chaîne,,,,,,,,,,,5,2,1,2.0,4.0
201000040444,0010-12-02 19:40:00,10,12,2,19,40,660,136,"2130, LANGUEDOC (AVENUE",42.7454,2.89347,Nuit avec éclairage allumé,En agglomération,Hors intersection,Normale,Autre collision,,,,,,,,,,,5,2,1,1.0,6.0
201000040445,0010-12-03 19:00:00,10,12,3,19,0,660,136,"., BALEARES ROND POINT E",42.68859,2.8951,Nuit avec éclairage allumé,En agglomération,Giratoire,Normale,Deux véhicules - côté,,,,,,,,,,,5,2,6,1.0,3.0
201000040446,0010-12-04 19:40:00,10,12,4,19,40,660,136,"., ABBADIE HENRI",42.70347,2.87673,Nuit avec éclairage allumé,En agglomération,Hors intersection,Normale,Deux véhicules - frontale,,,,,,,,,,,5,2,1,1.0,1.0
201000040447,0010-12-06 12:10:00,10,12,6,12,10,660,136,DALBIEZ (AVENUE VICTOR),42.68653,2.88187,Plein jour,En agglomération,Hors intersection,Normale,Deux véhicules - côté,,,,,,,,,,,1,2,1,1.0,3.0
201000040448,0010-12-06 15:25:00,10,12,6,15,25,660,136,";, AVENUE DE ROME",42.68137,2.85513,Plein jour,En agglomération,Hors intersection,Normale,Deux véhicules - arrière,,,,,,,,,,,1,2,1,1.0,2.0
201000040449,0010-12-05 14:40:00,10,12,5,14,40,660,136,VALETTE (FREDERIC),,,Plein jour,En agglomération,Hors intersection,Normale,Autre collision,,,,,,,,,,,1,2,1,1.0,6.0
201000040450,0010-12-09 18:00:00,10,12,9,18,0,660,136,";, BALEARES ROND POINT E",42.68876,2.89497,Crépuscule ou aube,En agglomération,Hors intersection,Normale,Autre collision,,,,,,,,,,,2,2,1,1.0,6.0
201000040451,0010-12-11 17:50:00,10,12,11,17,50,660,136,DESNOYE (BOULEVARD DR. J,42.71091,2.88462,Crépuscule ou aube,En agglomération,Hors intersection,Normale,Autre collision,,,,,,,,,,,2,2,1,1.0,6.0
201000040452,0010-12-11 12:15:00,10,12,11,12,15,660,136,ARGELES SUR MER AVENUE D,42.68421,2.90889,Plein jour,En agglomération,Hors intersection,Normale,Deux véhicules - côté,,,,,,,,,,,1,2,1,1.0,3.0
201000040453,0010-12-11 10:15:00,10,12,11,10,15,660,136,"., VELODROME (DU)",42.69328,2.90176,Plein jour,En agglomération,Hors intersection,Normale,Autre collision,,,,,,,,,,,1,2,1,1.0,6.0
201000040454,0010-12-14 14:00:00,10,12,14,14,0,660,136,GAULLE (AVENUE GENERAL D,42.6981,2.88654,Plein jour,En agglomération,Intersection en X,Normale,Deux véhicules - côté,,,,,,,,,,,1,2,2,1.0,3.0
201000040455,0010-12-09 08:05:00,10,12,9,8,5,660,136,JOFFRE (AVENUE DU MARECH,42.71621,2.88793,Plein jour,En agglomération,Hors intersection,Normale,Deux véhicules - côté,,,,,,,,,,,1,2,1,1.0,3.0
201000040456,0010-12-22 07:50:00,10,12,22,7,50,660,136,"., GUITER (JEAN)",42.69564,2.87639,Crépuscule ou aube,En agglomération,Hors intersection,Normale,Autre collision,,,,,,,,,,,2,2,1,1.0,6.0
201000040457,0010-12-09 08:00:00,10,12,9,8,0,660,136,PRADES (AVENUE DE),42.69036,2.83552,Plein jour,En agglomération,Intersection en T,Normale,Deux véhicules - côté,,,,,,,,,,,1,2,3,1.0,3.0
201000040458,0010-12-24 16:05:00,10,12,24,16,5,660,136,"255, LANGUEDOC (AVENUE D",42.73739,2.89098,Plein jour,En agglomération,Hors intersection,Vent fort / tempête,Trois véhicules et plus - en chaîne,,,,,,,,,,,1,2,1,6.0,4.0
201000040459,0010-01-04 18:02:00,10,1,4,18,2,670,180,PV,,,Nuit sans éclairage public,Hors agglomération,Hors intersection,Normale,Trois véhicules et plus - collisions multiples,,,,,,,,,,,3,1,1,1.0,5.0
201000040460,0010-02-01 14:00:00,10,2,1,14,0,670,180,"PV, 35 RUE CHATEAU FIAT",,,Plein jour,En agglomération,Hors intersection,Neige / grêle,Deux véhicules - frontale,,,,,,,,,,,1,2,1,4.0,1.0
201000040461,0010-02-12 10:20:00,10,2,12,10,20,670,180,"PV, ROUTE DE BISCHWILLER",,,Plein jour,Hors agglomération,Hors intersection,Neige / grêle,Deux véhicules - frontale,,,,,,,,,,,1,1,1,4.0,1.0
201000040462,0010-03-07 03:52:00,10,3,7,3,52,670,180,"SPV, ROUTE DE SCHIRRHEIN",,,Nuit sans éclairage public,Hors agglomération,Hors intersection,Normale,Autre collision,,,,,,,,,,,3,1,1,1.0,6.0
201000040463,0010-03-22 17:00:00,10,3,22,17,0,670,180,"PV,INT.RTE WOERTH/DENSCH",,,Plein jour,Hors agglomération,Hors intersection,Normale,Trois véhicules et plus - en chaîne,,,,,,,,,,,1,1,1,1.0,4.0
201000040464,0010-03-29 09:30:00,10,3,29,9,30,670,180,"PV, PLACE ROBERT SCHUMAN",,,Plein jour,Hors agglomération,Giratoire,Pluie légère,Autre collision,,,,,,,,,,,1,1,6,2.0,6.0
201000040465,0010-04-22 19:20:00,10,4,22,19,20,670,180,"PV, LIEU DIT HARTHOUSE",,,Plein jour,Hors agglomération,Hors intersection,Normale,Autre collision,,,,,,,,,,,1,1,1,1.0,6.0
201000040466,0010-04-25 00:35:00,10,4,25,0,35,670,180,"PV, ROUTE DE STRASBOURG",,,Nuit avec éclairage allumé,En agglomération,Hors intersection,Normale,Autre collision,,,,,,,,,,,5,2,1,1.0,6.0
201000040467,0010-05-19 16:45:00,10,5,19,16,45,670,180,"PV, ROUTE DE MARIENTHAL",,,Plein jour,En agglomération,Hors intersection,Pluie légère,Autre collision,,,,,,,,,,,1,2,1,2.0,6.0
201000040468,0010-05-25 06:20:00,10,5,25,6,20,670,180,"PV, ROUTE DE BITCHE",,,Plein jour,En agglomération,Hors intersection,Normale,Deux véhicules - côté,,,,,,,,,,,1,2,1,1.0,3.0
201000040469,0010-05-29 20:00:00,10,5,29,20,0,670,180,"PV, RUE DU MOULIN NEUF",,,Plein jour,En agglomération,Hors intersection,Normale,Deux véhicules - frontale,,,,,,,,,,,1,2,1,1.0,1.0
201000040470,0010-05-28 19:01:00,10,5,28,19,1,670,180,"PV,25RTE DE WINTERSHOUSE",,,Plein jour,En agglomération,Hors intersection,Normale,Autre collision,,,,,,,,,,,1,2,1,1.0,6.0
201000040471,0010-06-06 18:15:00,10,6,6,18,15,670,180,SPV,,,Plein jour,Hors agglomération,Hors intersection,Pluie forte,Sans collision,,,,,,,,,,,1,1,1,3.0,7.0
201000040472,0010-06-24 05:45:00,10,6,24,5,45,670,180,"PV, 30A ROUTE DE BITCHE",,,Crépuscule ou aube,En agglomération,Hors intersection,Normale,Deux véhicules - côté,,,,,,,,,,,2,2,1,1.0,3.0
201000040473,0010-06-28 16:05:00,10,6,28,16,5,670,180,"PV, ROUTE DE MARIENTHAL",,,Plein jour,En agglomération,Hors intersection,Normale,Deux véhicules - côté,,,,,,,,,,,1,2,1,1.0,3.0
201000040474,0010-07-13 20:30:00,10,7,13,20,30,670,180,SPV,,,Plein jour,Hors agglomération,Hors intersection,Normale,Sans collision,,,,,,,,,,,1,1,1,1.0,7.0
201000040475,0010-10-07 17:20:00,10,10,7,17,20,670,180,"PV, RUE DU COLONEL ANDRE",,,Plein jour,En agglomération,Intersection en X,Normale,Deux véhicules - côté,,,,,,,,,,,1,2,2,1.0,3.0
201000040476,0010-11-13 14:20:00,10,11,13,14,20,670,180,"PV, RUE MARE AUX CANARDS",,,Plein jour,En agglomération,Intersection en X,Normale,Deux véhicules - côté,,,,,,,,,,,1,2,2,1.0,3.0
201000040477,0010-11-27 08:30:00,10,11,27,8,30,670,180,PV,,,Plein jour,Hors agglomération,Hors intersection,Neige / grêle,Sans collision,,,,,,,,,,,1,1,1,4.0,7.0
201000040478,0010-11-30 14:50:00,10,11,30,14,50,670,180,"PV, 15 RTE DE STRASBOURG",,,Plein jour,En agglomération,Hors intersection,Neige / grêle,Deux véhicules - côté,,,,,,,,,,,1,2,1,4.0,3.0
201000040479,0010-12-21 05:55:00,10,12,21,5,55,670,180,"PV, ROUTE DE WOERTH",,,Nuit sans éclairage public,Hors agglomération,Hors intersection,Neige / grêle,Deux véhicules - frontale,,,,,,,,,,,3,1,1,4.0,1.0
201000040480,0010-02-23 13:30:00,10,2,23,13,30,670,462,"PV,ROUTE DE MARCKOLSHEIM",,,Plein jour,Hors agglomération,Hors intersection,Temps couvert,Deux véhicules - frontale,,,,,,,,,,,1,1,1,8.0,1.0
201000040481,0010-03-29 14:23:00,10,3,29,14,23,670,462,"PV, RN 83 NORD",,,Plein jour,Hors agglomération,Hors intersection,Normale,Deux véhicules - frontale,,,,,,,,,,,1,1,1,1.0,1.0
201000040482,0010-04-01 22:25:00,10,4,1,22,25,670,462,"PV, 1 CARREFOUR CHATEAUX",,,Nuit avec éclairage allumé,En agglomération,Intersection à plus de 4 branches,Normale,Deux véhicules - frontale,,,,,,,,,,,5,2,5,1.0,1.0