accident_id,datetime,annee,mois,jour,heure,minute,departement,commune_insee,adresse,latitude,longitude,luminosite,agglomeration,intersection,meteo,collision,nb_vehicules,nb_usagers,nb_indemnes,nb_tues,nb_blesses_hosp,nb_blesses_legers,age_cond_1,age_cond_2,veh_type_cond_1,veh_type_cond_2,lum_code,agg_code,int_code,atm_code,col_code
201000040483,0010-05-26 20:16:00,10,5,26,20,16,670,462,"PV, 1 RUE DU SAND",,,Plein jour,En agglomération,Intersection en T,Pluie légère,Deux véhicules - arrière,,,,,,,,,,,1,2,3,2.0,2.0
201000040484,0010-07-08 18:30:00,10,7,8,18,30,670,462,"PV, BOULEVARD VAUBAN",,,Plein jour,En agglomération,Intersection en X,Normale,Deux véhicules - côté,,,,,,,,,,,1,2,2,1.0,3.0
201000040485,0010-09-27 13:28:00,10,9,27,13,28,670,462,"PV, 1 AV.DR CH.HOUILLON",,,Plein jour,En agglomération,Intersection en X,Normale,Deux véhicules - côté,,,,,,,,,,,1,2,2,1.0,3.0
201000040486,0010-12-04 12:00:00,10,12,4,12,0,670,462,"SPV, ROUTE DE STRASBOURG",,,Plein jour,En agglomération,Hors intersection,Temps éblouissant,Autre collision,,,,,,,,,,,1,2,1,7.0,6.0
201000040487,0010-01-01 00:20:00,10,1,1,0,20,670,482,"SPV, PONT DE L'ABATTOIR",,,Nuit avec éclairage allumé,En agglomération,Hors intersection,Normale,Autre collision,,,,,,,,,,,5,2,1,1.0,6.0
201000040488,0010-01-03 09:30:00,10,1,3,9,30,670,447,"SPV, RUE DE LA MAIRIE",,,Plein jour,En agglomération,Hors intersection,Normale,Autre collision,,,,,,,,,,,1,2,1,1.0,6.0
201000040489,0010-01-04 09:45:00,10,1,4,9,45,670,447,"SPV, RUE DU PARC",,,Plein jour,En agglomération,Intersection en T,Temps couvert,Autre collision,,,,,,,,,,,1,2,3,8.0,6.0
201000040490,0010-01-05 09:00:00,10,1,5,9,0,670,482,"0, MOLIERE (AVENUE)",,,Plein jour,En agglomération,Intersection en Y,Normale,Deux véhicules - côté,,,,,,,,,,,1,2,4,1.0,3.0
201000040491,0010-01-05 13:50:00,10,1,5,13,50,670,482,"PV, RUE DU DOME",,,Plein jour,En agglomération,Intersection en X,Normale,Deux véhicules - côté,,,,,,,,,,,1,2,2,1.0,3.0
201000040492,0010-01-07 07:30:00,10,1,7,7,30,670,482,"SPV, RUE DU RIETH",,,Crépuscule ou aube,En agglomération,Intersection en Y,Neige / grêle,Trois véhicules et plus - collisions multiples,,,,,,,,,,,2,2,4,4.0,5.0
201000040493,0010-01-07 08:00:00,10,1,7,8,0,670,482,"SPV, ABBE DE L'EPEE",,,Plein jour,En agglomération,Intersection en T,Neige / grêle,Autre collision,,,,,,,,,,,1,2,3,4.0,6.0
201000040494,0010-01-09 18:15:00,10,1,9,18,15,670,482,"SPV, QUAI DES BATELIERS",,,Nuit avec éclairage allumé,En agglomération,Hors intersection,Neige / grêle,Deux véhicules - côté,,,,,,,,,,,5,2,1,4.0,3.0
201000040495,0010-01-10 03:05:00,10,1,10,3,5,670,482,"PV, RUE DE LAUSANNE",,,Nuit avec éclairage allumé,En agglomération,Intersection en T,Neige / grêle,Deux véhicules - côté,,,,,,,,,,,5,2,3,4.0,3.0
201000040496,0010-01-13 11:15:00,10,1,13,11,15,670,482,"SPV,63 R DE L'ENGELBREIT",,,Plein jour,En agglomération,Hors intersection,Temps couvert,Trois véhicules et plus - collisions multiples,,,,,,,,,,,1,2,1,8.0,5.0
201000040497,0010-01-19 05:15:00,10,1,19,5,15,670,482,"SPV, RUE DU PORT DU RHIN",,,Nuit avec éclairage allumé,En agglomération,Intersection en T,Brouillard / fumée,Deux véhicules - côté,,,,,,,,,,,5,2,3,5.0,3.0
201000040498,0010-01-15 08:09:00,10,1,15,8,9,670,482,"SPV, ROUTE DE SCHIRMECK",,,Plein jour,En agglomération,Hors intersection,Normale,Autre collision,,,,,,,,,,,1,2,1,1.0,6.0
201000040499,0010-01-18 02:45:00,10,1,18,2,45,670,482,"SPV, RUE ELLENHARDT",,,Nuit avec éclairage allumé,En agglomération,Intersection en T,Pluie légère,Autre collision,,,,,,,,,,,5,2,3,2.0,6.0
201000040500,0010-01-18 06:15:00,10,1,18,6,15,670,447,"SPV,AV. P. MENDES FRANCE",,,Nuit avec éclairage allumé,En agglomération,Hors intersection,Normale,Trois véhicules et plus - en chaîne,,,,,,,,,,,5,2,1,1.0,4.0
201000040501,0010-01-18 13:05:00,10,1,18,13,5,670,447,"0, ALFRED KASTLER (RUE)",,,Plein jour,En agglomération,Intersection en T,Normale,Deux véhicules - côté,,,,,,,,,,,1,2,3,1.0,3.0
201000040502,0010-01-19 12:30:00,10,1,19,12,30,670,482,"SPV, RUE D'ORBEY",,,Plein jour,En agglomération,Intersection en X,Temps couvert,Autre collision,,,,,,,,,,,1,2,2,8.0,6.0
201000040503,0010-01-20 07:10:00,10,1,20,7,10,670,482,"SPV, RUE DE LA ROCHELLE",,,Crépuscule ou aube,En agglomération,Hors intersection,Normale,Deux véhicules - frontale,,,,,,,,,,,2,2,1,1.0,1.0
201000040504,0010-01-20 14:50:00,10,1,20,14,50,670,447,"SPV,76RTE DE BISCHWILLER",,,Plein jour,En agglomération,Hors intersection,Normale,Autre collision,,,,,,,,,,,1,2,1,1.0,6.0
201000040505,0010-01-21 10:30:00,10,1,21,10,30,670,482,"PV, RUE GRANDES ARCADES",,,Plein jour,En agglomération,Hors intersection,Normale,Autre collision,,,,,,,,,,,1,2,1,1.0,6.0
201000040506,0010-01-23 16:10:00,10,1,23,16,10,670,482,"SPV, 34 RUE DE MOLSHEIM",,,Plein jour,En agglomération,Hors intersection,Normale,Autre collision,,,,,,,,,,,1,2,1,1.0,6.0
201000040507,0010-01-25 08:18:00,10,1,25,8,18,670,482,"SPV, ROUTE DU NEUHOF",,,Plein jour,En agglomération,Hors intersection,Pluie légère,Trois véhicules et plus - collisions multiples,,,,,,,,,,,1,2,1,2.0,5.0
201000040508,0010-01-26 08:40:00,10,1,26,8,40,670,482,"PV, RUE SAINT ERHARD",,,Plein jour,En agglomération,Intersection en X,Normale,Autre collision,,,,,,,,,,,1,2,2,1.0,6.0
201000040509,0010-01-26 17:25:00,10,1,26,17,25,670,482,"SPV, PLACE DE BORDEAUX",,,Nuit avec éclairage allumé,En agglomération,Hors intersection,Normale,Autre collision,,,,,,,,,,,5,2,1,1.0,6.0
201000040510,0010-01-28 06:00:00,10,1,28,6,0,670,482,"PV, RUE BOECKLIN",,,Crépuscule ou aube,En agglomération,Hors intersection,Neige / grêle,Deux véhicules - arrière,,,,,,,,,,,2,2,1,4.0,2.0
201000040511,0010-01-28 12:00:00,10,1,28,12,0,670,482,"SPV, 22 AV F. MITTERRAND",,,Plein jour,En agglomération,Hors intersection,Neige / grêle,Autre collision,,,,,,,,,,,1,2,1,4.0,6.0
201000040512,0010-01-28 21:30:00,10,1,28,21,30,670,43,"SPV, AVENUE DE PERIGUEUX",,,Nuit avec éclairage allumé,En agglomération,Hors intersection,Normale,Autre collision,,,,,,,,,,,5,2,1,1.0,6.0
201000040513,0010-01-31 01:30:00,10,1,31,1,30,670,482,"SPV, 4 RUE DE LUBECK",,,Nuit avec éclairage allumé,En agglomération,Hors intersection,Neige / grêle,Deux véhicules - côté,,,,,,,,,,,5,2,1,4.0,3.0
201000040514,0010-02-01 09:10:00,10,2,1,9,10,670,218,"PV, RUE LIXENBUHL",,,Plein jour,En agglomération,Intersection en X,Temps couvert,Autre collision,,,,,,,,,,,1,2,2,8.0,6.0
201000040515,0010-02-04 18:15:00,10,2,4,18,15,670,482,"SPV, 3 RUE OHMACHT",,,Nuit avec éclairage allumé,En agglomération,Hors intersection,Normale,Autre collision,,,,,,,,,,,5,2,1,1.0,6.0
201000040516,0010-02-05 13:20:00,10,2,5,13,20,670,482,"SPV, 17 BLD MARNE",,,Plein jour,En agglomération,Hors intersection,Pluie légère,Autre collision,,,,,,,,,,,1,2,1,2.0,6.0
201000040517,0010-02-05 17:10:00,10,2,5,17,10,670,482,"PV, AVENUE FORET NOIRE",,,Nuit avec éclairage allumé,En agglomération,Intersection en X,Pluie légère,Autre collision,,,,,,,,,,,5,2,2,2.0,6.0
201000040518,0010-02-05 18:10:00,10,2,5,18,10,670,482,"PV, AVENUE FORET NOIRE",,,Nuit avec éclairage allumé,Hors agglomération,Hors intersection,Autre,Autre collision,,,,,,,,,,,5,1,1,9.0,6.0
201000040519,0010-02-05 21:15:00,10,2,5,21,15,670,482,"SPV,QUAI FUST. COULANGES",,,Nuit avec éclairage allumé,En agglomération,Hors intersection,Normale,Autre collision,,,,,,,,,,,5,2,1,1.0,6.0
201000040520,0010-02-07 16:10:00,10,2,7,16,10,670,482,"SPV, 221 AVENUE COLMAR",,,Plein jour,En agglomération,Intersection en X,Normale,Deux véhicules - côté,,,,,,,,,,,1,2,2,1.0,3.0
201000040521,0010-02-12 18:45:00,10,2,12,18,45,670,482,"SPV, RTE DE LA WANTZENAU",,,Nuit avec éclairage allumé,En agglomération,Hors intersection,Normale,Autre collision,,,,,,,,,,,5,2,1,1.0,6.0
201000040522,0010-02-16 16:50:00,10,2,16,16,50,670,218,"PV, 100 ROUTE D'ESCHAU",,,Plein jour,En agglomération,Hors intersection,Normale,Deux véhicules - côté,,,,,,,,,,,1,2,1,1.0,3.0
201000040523,0010-02-16 18:40:00,10,2,16,18,40,670,482,"SPV, 15 AV. DE NORMANDIE",,,Nuit avec éclairage allumé,En agglomération,Hors intersection,Normale,Autre collision,,,,,,,,,,,5,2,1,1.0,6.0
201000040524,0010-02-19 11:10:00,10,2,19,11,10,670,218,"PV,ANGLE R.VIGNES/SCHWEI",,,Plein jour,En agglomération,Intersection en X,Pluie forte,Deux véhicules - côté,,,,,,,,,,,1,2,2,3.0,3.0
201000040525,0010-02-19 13:00:00,10,2,19,13,0,670,482,"SPV,R.GENERAL OFFENSTEIN",,,Plein jour,En agglomération,Hors intersection,Pluie légère,Deux véhicules - côté,,,,,,,,,,,1,2,1,2.0,3.0
201000040526,0010-02-20 12:48:00,10,2,20,12,48,670,218,"SPV,59 RTE DE STRASBOURG",,,Plein jour,En agglomération,Hors intersection,Normale,Deux véhicules - côté,,,,,,,,,,,1,2,1,1.0,3.0
201000040527,0010-02-21 04:15:00,10,2,21,4,15,670,482,"SPV, RUE DE LA GANZAU",,,Nuit avec éclairage allumé,En agglomération,Hors intersection,Normale,Autre collision,,,,,,,,,,,5,2,1,1.0,6.0
201000040528,0010-02-21 22:00:00,10,2,21,22,0,670,218,"PV, RUE VINCENT SCOTTO",,,Nuit avec éclairage allumé,En agglomération,Intersection en X,Normale,Autre collision,,,,,,,,,,,5,2,2,1.0,6.0
201000040529,0010-02-22 17:45:00,10,2,22,17,45,670,447,"PV, RUE DE VENDENHEIM",,,Plein jour,En agglomération,Intersection en X,Normale,Autre collision,,,,,,,,,,,1,2,2,1.0,6.0
201000040530,0010-02-24 10:10:00,10,2,24,10,10,670,482,"SPV, 73 RTE DES ROMAINS",,,Plein jour,En agglomération,Hors intersection,Pluie légère,Autre collision,,,,,,,,,,,1,2,1,2.0,6.0
201000040531,0010-02-24 12:05:00,10,2,24,12,5,670,482,"SPV, AVENUE DANTE",,,Plein jour,En agglomération,Intersection en T,Normale,Deux véhicules - côté,,,,,,,,,,,1,2,3,1.0,3.0
201000040532,0010-02-24 17:10:00,10,2,24,17,10,670,482,"SPV, AV. FR. MITTERRAND",,,Plein jour,En agglomération,Hors intersection,Normale,Trois véhicules et plus - en chaîne,,,,,,,,,,,1,2,1,1.0,4.0
201000040533,0010-02-25 08:40:00,10,2,25,8,40,670,482,"SPV, RUE DES JARDINIERS",,,Plein jour,En agglomération,Intersection en X,Normale,Deux véhicules - côté,,,,,,,,,,,1,2,2,1.0,3.0
201000040534,0010-02-26 12:00:00,10,2,26,12,0,670,447,"PV, RUE D'ERSTEIN",,,Plein jour,En agglomération,Hors intersection,Pluie légère,Autre collision,,,,,,,,,,,1,2,1,2.0,6.0
201000040535,0010-02-26 17:20:00,10,2,26,17,20,670,218,"PV, AVENUE ANDRE MALRAUX",,,Plein jour,En agglomération,Intersection en T,Normale,Autre collision,,,,,,,,,,,1,2,3,1.0,6.0
201000040536,0010-02-26 19:40:00,10,2,26,19,40,670,482,"SPV, RUE DE PROVENCE",,,Nuit avec éclairage allumé,En agglomération,Hors intersection,Normale,Autre collision,,,,,,,,,,,5,2,1,1.0,6.0
201000040537,0010-02-27 15:30:00,10,2,27,15,30,670,482,"PV, 3 QUAI DU GAL KOENIG",,,Plein jour,En agglomération,Hors intersection,Normale,Deux véhicules - côté,,,,,,,,,,,1,2,1,1.0,3.0
201000040538,0010-02-28 18:05:00,10,2,28,18,5,670,447,"SPV, 5 RUE DE BRETAGNE",,,Crépuscule ou aube,En agglomération,Hors intersection,Vent fort / tempête,Autre collision,,,,,,,,,,,2,2,1,6.0,6.0
201000040539,0010-03-01 12:00:00,10,3,1,12,0,670,482,"SPV, 8 QUAI FINKWILLER",,,Plein jour,En agglomération,Hors intersection,Normale,Autre collision,,,,,,,,,,,1,2,1,1.0,6.0
201000040540,0010-03-01 15:00:00,10,3,1,15,0,670,482,"SPV, PONT PHARIO",,,Plein jour,En agglomération,Intersection en X,Normale,Deux véhicules - côté,,,,,,,,,,,1,2,2,1.0,3.0
201000040541,0010-03-01 16:40:00,10,3,1,16,40,670,204,"SPV,RUE DES TROIS MAIRES",,,Plein jour,En agglomération,Hors intersection,Normale,Autre collision,,,,,,,,,,,1,2,1,1.0,6.0
201000040542,0010-03-02 07:20:00,10,3,2,7,20,670,482,"SPV, QUAI DES ALPES",,,Crépuscule ou aube,En agglomération,Hors intersection,Pluie légère,Autre collision,,,,,,,,,,,2,2,1,2.0,6.0
201000040543,0010-03-02 08:05:00,10,3,2,8,5,670,482,"PV, RUE DU MARCHE GARE",,,Plein jour,En agglomération,Intersection en X,Pluie légère,Deux véhicules - côté,,,,,,,,,,,1,2,2,2.0,3.0
201000040544,0010-03-02 12:40:00,10,3,2,12,40,670,447,"SPV, 26 RUE DU DONON",,,Plein jour,En agglomération,Intersection en X,Normale,Deux véhicules - côté,,,,,,,,,,,1,2,2,1.0,3.0
201000040545,0010-03-02 13:20:00,10,3,2,13,20,670,482,"SPV, RUE DE BISCHWILLER",,,Plein jour,En agglomération,Intersection en X,Temps couvert,Deux véhicules - côté,,,,,,,,,,,1,2,2,8.0,3.0
201000040546,0010-03-02 20:07:00,10,3,2,20,7,670,482,"SPV,61 ROUTE DU POLYGONE",,,Nuit avec éclairage allumé,En agglomération,Intersection en T,Normale,Autre collision,,,,,,,,,,,5,2,3,1.0,6.0
201000040547,0010-03-03 10:30:00,10,3,3,10,30,670,482,"SPV, QUAI JACOUTOT",,,Plein jour,En agglomération,Intersection en T,Normale,Deux véhicules - frontale,,,,,,,,,,,1,2,3,1.0,1.0
201000040548,0010-03-03 15:30:00,10,3,3,15,30,670,482,"SPV,3B RTE OBERHAUSBERG.",,,Plein jour,En agglomération,Hors intersection,Normale,Autre collision,,,,,,,,,,,1,2,1,1.0,6.0
201000040549,0010-03-03 16:30:00,10,3,3,16,30,670,482,"SPV, BLD DE LA VICTOIRE",,,Plein jour,En agglomération,Intersection en T,Normale,Deux véhicules - côté,,,,,,,,,,,1,2,3,1.0,3.0
201000040550,0010-03-04 07:35:00,10,3,4,7,35,670,482,"SPV, AVENUE DES VOSGES",,,Plein jour,En agglomération,Hors intersection,Normale,Deux véhicules - arrière,,,,,,,,,,,1,2,1,1.0,2.0
201000040551,0010-03-04 08:00:00,10,3,4,8,0,670,482,"PV,RTE RHIN EXRN4 PR46.7",,,Plein jour,En agglomération,Hors intersection,Normale,Trois véhicules et plus - en chaîne,,,,,,,,,,,1,2,1,1.0,4.0
201000040552,0010-03-05 07:35:00,10,3,5,7,35,670,482,"SPV, RUE DE L'ILL",,,Plein jour,En agglomération,Hors intersection,Normale,Autre collision,,,,,,,,,,,1,2,1,1.0,6.0
201000040553,0010-03-05 12:30:00,10,3,5,12,30,670,482,"SPV, 2 RUE LAUTH",,,Plein jour,En agglomération,Hors intersection,Normale,Autre collision,,,,,,,,,,,1,2,1,1.0,6.0
201000040554,0010-03-08 21:15:00,10,3,8,21,15,670,482,"SPV, 2 BLD DE LA MARNE",,,Nuit avec éclairage allumé,En agglomération,Hors intersection,Normale,Autre collision,,,,,,,,,,,5,2,1,1.0,6.0
201000040555,0010-03-07 09:30:00,10,3,7,9,30,670,482,"SPV,RTE D'OBERHAUSBERGEN",,,Plein jour,En agglomération,Intersection en X,Normale,Autre collision,,,,,,,,,,,1,2,2,1.0,6.0
201000040556,0010-03-08 08:40:00,10,3,8,8,40,670,482,"SPV, 4 RUE DE LONDRES",,,Plein jour,En agglomération,Hors intersection,Normale,Autre collision,,,,,,,,,,,1,2,1,1.0,6.0
201000040557,0010-03-08 09:55:00,10,3,8,9,55,670,482,"PV, RUE SAINT ERHARD",,,Plein jour,En agglomération,Passage à niveau,Normale,Autre collision,,,,,,,,,,,1,2,8,1.0,6.0
201000040558,0010-03-08 14:15:00,10,3,8,14,15,670,482,"SPV, 16 RUE LEICESTER",,,Plein jour,En agglomération,Hors intersection,Normale,Deux véhicules - frontale,,,,,,,,,,,1,2,1,1.0,1.0
201000040559,0010-03-08 21:50:00,10,3,8,21,50,670,482,"PV,ROUTES ROMAINS/COMTES",,,Nuit avec éclairage allumé,En agglomération,Intersection en T,Normale,Deux véhicules - arrière,,,,,,,,,,,5,2,3,1.0,2.0
201000040560,0010-03-09 05:20:00,10,3,9,5,20,670,482,"PV, ROUTE DE SCHIRMECK",,,Nuit avec éclairage allumé,En agglomération,Intersection en X,Normale,Autre collision,,,,,,,,,,,5,2,2,1.0,6.0
201000040561,0010-03-09 08:20:00,10,3,9,8,20,670,482,"SPV,314 RTE LA WANTZENAU",,,Plein jour,En agglomération,Hors intersection,Normale,Autre collision,,,,,,,,,,,1,2,1,1.0,6.0
201000040562,0010-03-09 18:00:00,10,3,9,18,0,670,482,"PV, RUE DES CAVALIERS",,,Plein jour,En agglomération,Hors intersection,Normale,Autre collision,,,,,,,,,,,1,2,1,1.0,6.0
201000040563,0010-03-10 09:30:00,10,3,10,9,30,670,447,"SPV, 17 AV. DE L'EUROPE",,,Plein jour,En agglomération,Hors intersection,Vent fort / tempête,Autre collision,,,,,,,,,,,1,2,1,6.0,6.0
201000040564,0010-03-10 20:10:00,10,3,10,20,10,670,43,"PV, ROUTE DE BISCHWILLER",,,Nuit avec éclairage allumé,En agglomération,Hors intersection,Normale,Deux véhicules - côté,,,,,,,,,,,5,2,1,1.0,3.0
201000040565,0010-03-11 08:00:00,10,3,11,8,0,670,482,"SPV,RUE DES ARQUEBUSIERS",,,Plein jour,En agglomération,Intersection en T,Neige / grêle,Autre collision,,,,,,,,,,,1,2,3,4.0,6.0
201000040566,0010-03-11 09:30:00,10,3,11,9,30,670,482,"SPV, 21 RUE 1ERE ARMEE",,,Plein jour,En agglomération,Hors intersection,Neige / grêle,Autre collision,,,,,,,,,,,1,2,1,4.0,6.0
201000040567,0010-03-12 15:40:00,10,3,12,15,40,670,482,"SPV, 78 RTE DE SCHIRMECK",,,Plein jour,En agglomération,Hors intersection,Normale,Sans collision,,,,,,,,,,,1,2,1,1.0,7.0
201000040568,0010-03-15 08:45:00,10,3,15,8,45,670,482,"SPV, RUE DE LA THUMENAU",,,Plein jour,En agglomération,Intersection en X,Pluie légère,Deux véhicules - côté,,,,,,,,,,,1,2,2,2.0,3.0
201000040569,0010-03-17 08:30:00,10,3,17,8,30,670,482,"SPV, BLD PIERRE PFLIMLIN",,,Plein jour,En agglomération,Intersection en X,Pluie légère,Deux véhicules - côté,,,,,,,,,,,1,2,2,2.0,3.0
201000040570,0010-03-16 16:10:00,10,3,16,16,10,670,218,"SPV, ROUTE DE STRASBOURG",,,Plein jour,En agglomération,Hors intersection,Normale,Autre collision,,,,,,,,,,,1,2,1,1.0,6.0
201000040571,0010-03-16 17:31:00,10,3,16,17,31,670,482,"PV, QUAI FUSTEL DE COUL.",,,Plein jour,En agglomération,Intersection en X,Normale,Autre collision,,,,,,,,,,,1,2,2,1.0,6.0
201000040572,0010-03-17 08:35:00,10,3,17,8,35,670,447,"PV, AVENUE HERRENSCHMIDT",,,Plein jour,En agglomération,Intersection en X,Normale,Deux véhicules - côté,,,,,,,,,,,1,2,2,1.0,3.0
201000040573,0010-03-17 19:54:00,10,3,17,19,54,670,482,"SPV,RD-PT PIERRE MEND.FR",,,Nuit avec éclairage allumé,En agglomération,Intersection en X,Normale,Deux véhicules - côté,,,,,,,,,,,5,2,2,1.0,3.0
201000040574,0010-03-19 13:35:00,10,3,19,13,35,670,482,"SPV, RUE PAUL DOPF",,,Plein jour,En agglomération,Hors intersection,Normale,Trois véhicules et plus - collisions multiples,,,,,,,,,,,1,2,1,1.0,5.0
201000040575,0010-03-19 16:15:00,10,3,19,16,15,670,218,"SPV, ROUTE DE STRASBOURG",,,Plein jour,En agglomération,Intersection en X,Normale,Deux véhicules - côté,,,,,,,,,,,1,2,2,1.0,3.0
201000040576,0010-03-19 17:30:00,10,3,19,17,30,670,482,"SPV,12 RUE DES ORPHELINS",,,Plein jour,En agglomération,Hors intersection,Normale,Autre collision,,,,,,,,,,,1,2,1,1.0,6.0
201000040577,0010-03-21 04:30:00,10,3,21,4,30,670,482,"PV,INTER.RTE RHIN/LANDSB",,,Nuit avec éclairage allumé,En agglomération,Intersection en X,Pluie légère,Deux véhicules - côté,,,,,,,,,,,5,2,2,2.0,3.0
201000040578,0010-03-22 08:40:00,10,3,22,8,40,670,482,"SPV, RTE DE LA WANTZENAU",,,Plein jour,En agglomération,Intersection en T,Normale,Deux véhicules - côté,,,,,,,,,,,1,2,3,1.0,3.0
201000040579,0010-03-23 17:30:00,10,3,23,17,30,670,482,"SPV, RUE MONTAGNE VERTE",,,Plein jour,En agglomération,Hors intersection,Normale,Trois véhicules et plus - en chaîne,,,,,,,,,,,1,2,1,1.0,4.0
201000040580,0010-03-23 19:55:00,10,3,23,19,55,670,218,"SPV, RTE ALFRED KASTLER",,,Crépuscule ou aube,En agglomération,Hors intersection,Normale,Trois véhicules et plus - collisions multiples,,,,,,,,,,,2,2,1,1.0,5.0
201000040581,0010-03-23 22:55:00,10,3,23,22,55,670,218,"SPV, QUAI DE L'ABREUVOIR",,,Nuit avec éclairage allumé,En agglomération,Hors intersection,Normale,Autre collision,,,,,,,,,,,5,2,1,1.0,6.0
201000040582,0010-03-24 14:45:00,10,3,24,14,45,670,218,"SPV, ROUTE DE STRASBOURG",,,Plein jour,En agglomération,Intersection en X,Normale,Autre collision,,,,,,,,,,,1,2,2,1.0,6.0
201000040583,0010-03-25 09:10:00,10,3,25,9,10,670,482,"SPV, RUE DE L'INDRE",,,Plein jour,En agglomération,Hors intersection,Normale,Deux véhicules - côté,,,,,,,,,,,1,2,1,1.0,3.0
201000040584,0010-03-24 11:30:00,10,3,24,11,30,670,482,"SPV, RUE HUMANN",,,Plein jour,En agglomération,Intersection en X,Normale,Deux véhicules - côté,,,,,,,,,,,1,2,2,1.0,3.0
201000040585,0010-03-26 16:25:00,10,3,26,16,25,670,482,"SPV, ROUTE DE SCHIRMECK",,,Plein jour,En agglomération,Intersection en X,Pluie légère,Deux véhicules - côté,,,,,,,,,,,1,2,2,2.0,3.0
201000040586,0010-03-26 17:30:00,10,3,26,17,30,670,218,"PV,RUE ALBERT SCHWEITZER",,,Plein jour,En agglomération,Intersection en T,Normale,Autre collision,,,,,,,,,,,1,2,3,1.0,6.0
201000040587,0010-03-26 19:45:00,10,3,26,19,45,670,447,"SPV, RUE DE WISSEMBOURG",,,Nuit avec éclairage allumé,En agglomération,Intersection en X,Pluie légère,Deux véhicules - côté,,,,,,,,,,,5,2,2,2.0,3.0
201000040588,0010-03-26 20:20:00,10,3,26,20,20,670,218,"SPV, RUE DES VIGNES",,,Nuit avec éclairage allumé,En agglomération,Intersection en T,Pluie légère,Deux véhicules - côté,,,,,,,,,,,5,2,3,2.0,3.0
201000040589,0010-03-27 11:55:00,10,3,27,11,55,670,218,"SPV,ROUTE DU FORT UHRICH",,,Plein jour,Hors agglomération,Hors intersection,Normale,Deux véhicules - côté,,,,,,,,,,,1,1,1,1.0,3.0
201000040590,0010-03-27 20:10:00,10,3,27,20,10,670,482,"SPV, RUE DU PORT DU RHIN",,,Nuit avec éclairage allumé,En agglomération,Hors intersection,Normale,Deux véhicules - frontale,,,,,,,,,,,5,2,1,1.0,1.0
201000040591,0010-03-28 10:35:00,10,3,28,10,35,670,482,"SPV, RUE D'ANKARA",,,Plein jour,En agglomération,Intersection en X,Temps couvert,Deux véhicules - côté,,,,,,,,,,,1,2,2,8.0,3.0
201000040592,0010-03-28 20:50:00,10,3,28,20,50,670,482,"SPV, RUE DU DOUBS",,,Nuit avec éclairage allumé,En agglomération,Intersection en T,Normale,Deux véhicules - côté,,,,,,,,,,,5,2,3,1.0,3.0
201000040593,0010-03-30 09:20:00,10,3,30,9,20,670,482,"PV, INTER.RTE RHIN/HAVRE",,,Plein jour,En agglomération,Intersection en X,Normale,Deux véhicules - côté,,,,,,,,,,,1,2,2,1.0,3.0
201000040594,0010-03-30 15:00:00,10,3,30,15,0,670,482,"SPV, AVENUE DE COLMAR",,,Plein jour,En agglomération,Intersection en X,Normale,Deux véhicules - côté,,,,,,,,,,,1,2,2,1.0,3.0
201000040595,0010-03-30 22:20:00,10,3,30,22,20,670,218,"SPV, ROUTE DE LYON",,,Nuit avec éclairage allumé,En agglomération,Hors intersection,Normale,Autre collision,,,,,,,,,,,5,2,1,1.0,6.0
201000040596,0010-03-31 17:20:00,10,3,31,17,20,670,218,"SPV, ROUTE DU RHIN",,,Plein jour,En agglomération,Hors intersection,Pluie légère,Deux véhicules - arrière,,,,,,,,,,,1,2,1,2.0,2.0
201000040597,0010-04-01 08:40:00,10,4,1,8,40,670,267,"SPV,108 R. MARECHAL FOCH",,,Plein jour,En agglomération,Hors intersection,Normale,Autre collision,,,,,,,,,,,1,2,1,1.0,6.0
201000040598,0010-04-02 04:25:00,10,4,2,4,25,670,482,"SPV, RUE GEORGES WODLI",,,Nuit avec éclairage allumé,En agglomération,Hors intersection,Normale,Sans collision,,,,,,,,,,,5,2,1,1.0,7.0
201000040599,0010-04-03 14:05:00,10,4,3,14,5,670,482,"SPV,RUE DE KOENIGSHOFFEN",,,Plein jour,En agglomération,Intersection à plus de 4 branches,Normale,Autre collision,,,,,,,,,,,1,2,5,1.0,6.0
201000040600,0010-04-06 08:30:00,10,4,6,8,30,670,482,"SPV, RUE BALDNER",,,Plein jour,En agglomération,Intersection en T,Normale,Autre collision,,,,,,,,,,,1,2,3,1.0,6.0
201000040601,0010-04-06 09:50:00,10,4,6,9,50,670,482,"SPV, BRET.AUTOROUTE A350",,,Plein jour,Hors agglomération,Hors intersection,Normale,Deux véhicules - côté,,,,,,,,,,,1,1,1,1.0,3.0
201000040602,0010-04-06 18:15:00,10,4,6,18,15,670,482,"PV, RUE DU DOUBS",,,Plein jour,En agglomération,Hors intersection,Normale,Autre collision,,,,,,,,,,,1,2,1,1.0,6.0
201000040603,0010-04-06 21:35:00,10,4,6,21,35,670,218,"PV, RUE LIXENBUHL",,,Nuit avec éclairage allumé,En agglomération,Hors intersection,Normale,Autre collision,,,,,,,,,,,5,2,1,1.0,6.0
201000040604,0010-04-07 10:15:00,10,4,7,10,15,670,482,"SPV, PLACE DE L'ETOILE",,,Plein jour,En agglomération,Hors intersection,Normale,Deux véhicules - arrière,,,,,,,,,,,1,2,1,1.0,2.0
201000040605,0010-04-07 18:55:00,10,4,7,18,55,670,482,"SPV, 9 RUE LAVOISIER",,,Plein jour,En agglomération,Hors intersection,Normale,Autre collision,,,,,,,,,,,1,2,1,1.0,6.0
201000040606,0010-04-08 17:15:00,10,4,8,17,15,670,482,"SPV, QUAI JACQUES STURM",,,Plein jour,En agglomération,Hors intersection,Temps couvert,Deux véhicules - côté,,,,,,,,,,,1,2,1,8.0,3.0
201000040607,0010-04-09 08:25:00,10,4,9,8,25,670,482,"SPV, 60 RUE HOCHFELDEN",,,Plein jour,En agglomération,Hors intersection,Normale,Deux véhicules - côté,,,,,,,,,,,1,2,1,1.0,3.0