accident_id,datetime,annee,mois,jour,heure,minute,departement,commune_insee,adresse,latitude,longitude,luminosite,agglomeration,intersection,meteo,collision,nb_vehicules,nb_usagers,nb_indemnes,nb_tues,nb_blesses_hosp,nb_blesses_legers,age_cond_1,age_cond_2,veh_type_cond_1,veh_type_cond_2,lum_code,agg_code,int_code,atm_code,col_code
201000040608,0010-04-09 09:30:00,10,4,9,9,30,670,482,"SPV, RUE EDMOND MICHELET",,,Plein jour,En agglomération,Intersection en X,Normale,Deux véhicules - côté,,,,,,,,,,,1,2,2,1.0,3.0
201000040609,0010-04-09 16:00:00,10,4,9,16,0,670,482,"PV, ROUTE DU RHIN",,,Plein jour,En agglomération,Hors intersection,Normale,Trois véhicules et plus - en chaîne,,,,,,,,,,,1,2,1,1.0,4.0
201000040610,0010-04-09 17:30:00,10,4,9,17,30,670,482,"SPV,41 R.MART.SCHONGAUER",,,Plein jour,Hors agglomération,Hors intersection,Normale,Autre collision,,,,,,,,,,,1,1,1,1.0,6.0
201000040611,0010-04-13 12:30:00,10,4,13,12,30,670,447,"SPV,ROUTE DE BISCHWILLER",,,Plein jour,En agglomération,Hors intersection,Pluie légère,Deux véhicules - côté,,,,,,,,,,,1,2,1,2.0,3.0
201000040612,0010-04-13 16:50:00,10,4,13,16,50,670,482,"SPV,273 AVENUE DE COLMAR",,,Plein jour,En agglomération,Hors intersection,Normale,Autre collision,,,,,,,,,,,1,2,1,1.0,6.0
201000040613,0010-04-13 14:50:00,10,4,13,14,50,670,482,"SPV, R.FAUBOURG NATIONAL",,,Plein jour,En agglomération,Hors intersection,Normale,Autre collision,,,,,,,,,,,1,2,1,1.0,6.0
201000040614,0010-04-14 16:45:00,10,4,14,16,45,670,447,"PV, RUE DE TURENNE",,,Plein jour,En agglomération,Hors intersection,Normale,Deux véhicules - côté,,,,,,,,,,,1,2,1,1.0,3.0
201000040615,0010-04-14 17:15:00,10,4,14,17,15,670,482,"PV,2 R.SAINTE MARGUERITE",,,Plein jour,En agglomération,Hors intersection,Normale,Autre collision,,,,,,,,,,,1,2,1,1.0,6.0
201000040616,0010-04-15 11:50:00,10,4,15,11,50,670,482,"PV,RD-PT P.MENDES FRANCE",,,Plein jour,En agglomération,Hors intersection,Normale,Deux véhicules - côté,,,,,,,,,,,1,2,1,1.0,3.0
201000040617,0010-04-15 19:00:00,10,4,15,19,0,670,365,"SPV, RUE GENERAL LECLERC",,,Plein jour,En agglomération,Intersection en X,Normale,Autre collision,,,,,,,,,,,1,2,2,1.0,6.0
201000040618,0010-04-15 20:40:00,10,4,15,20,40,670,482,"PV, BOULEVARD VICTOIRE",,,Nuit avec éclairage allumé,En agglomération,Intersection en X,Normale,Deux véhicules - côté,,,,,,,,,,,5,2,2,1.0,3.0
201000040619,0010-04-17 11:00:00,10,4,17,11,0,670,482,"SPV, RUE PREMIERE ARMEE",,,Plein jour,En agglomération,Intersection en T,Normale,Deux véhicules - côté,,,,,,,,,,,1,2,3,1.0,3.0
201000040620,0010-04-17 12:40:00,10,4,17,12,40,670,482,"SPV, ROUTE WANTZENAU",,,Plein jour,En agglomération,Hors intersection,Normale,Autre collision,,,,,,,,,,,1,2,1,1.0,6.0
201000040621,0010-04-18 03:20:00,10,4,18,3,20,670,482,"PV, ROUTE OBERHAUSBERGEN",,,Nuit avec éclairage allumé,En agglomération,Intersection en X,Normale,Autre collision,,,,,,,,,,,5,2,2,1.0,6.0
201000040622,0010-04-18 06:30:00,10,4,18,6,30,670,482,"PV, RUE DU MARCHE GARE",,,Crépuscule ou aube,En agglomération,Hors intersection,Normale,Autre collision,,,,,,,,,,,2,2,1,1.0,6.0
201000040623,0010-04-18 14:00:00,10,4,18,14,0,670,204,"SPV,RUE DE LA REPUBLIQUE",,,Plein jour,En agglomération,Intersection en Y,Normale,Autre collision,,,,,,,,,,,1,2,4,1.0,6.0
201000040624,0010-04-18 17:10:00,10,4,18,17,10,670,482,"PV, 57 ROUTE DU NEUHOF",,,Plein jour,En agglomération,Hors intersection,Normale,Autre collision,,,,,,,,,,,1,2,1,1.0,6.0
201000040625,0010-04-19 17:30:00,10,4,19,17,30,670,482,"SPV, RUE SAINT URBAIN",,,Plein jour,En agglomération,Hors intersection,Pluie légère,Deux véhicules - côté,,,,,,,,,,,1,2,1,2.0,3.0
201000040626,0010-04-21 14:05:00,10,4,21,14,5,670,482,"SPV, BOULEVARD D'ANVERS",,,Plein jour,En agglomération,Hors intersection,Normale,Deux véhicules - côté,,,,,,,,,,,1,2,1,1.0,3.0
201000040627,0010-04-21 14:20:00,10,4,21,14,20,670,482,"SPV, RUE KUHN",,,Plein jour,En agglomération,Intersection en T,Normale,Deux véhicules - côté,,,,,,,,,,,1,2,3,1.0,3.0
201000040628,0010-04-21 16:47:00,10,4,21,16,47,670,447,"SPV, R.GENERAL DE GAULLE",,,Plein jour,En agglomération,Hors intersection,Normale,Deux véhicules - côté,,,,,,,,,,,1,2,1,1.0,3.0
201000040629,0010-04-22 19:45:00,10,4,22,19,45,670,482,"SPV, PLACE DE BORDEAUX",,,Plein jour,En agglomération,Hors intersection,Normale,Autre collision,,,,,,,,,,,1,2,1,1.0,6.0
201000040630,0010-04-23 09:40:00,10,4,23,9,40,670,482,"PV, RUE JACQUES PEIROTES",,,Plein jour,En agglomération,Intersection en T,Normale,Autre collision,,,,,,,,,,,1,2,3,1.0,6.0
201000040631,0010-04-25 17:25:00,10,4,25,17,25,670,482,"SPV,45 ROUTE DES ROMAINS",,,Plein jour,En agglomération,Hors intersection,Normale,Autre collision,,,,,,,,,,,1,2,1,1.0,6.0
201000040632,0010-04-27 11:30:00,10,4,27,11,30,670,482,"SPV, RUE OBERLIN",,,Plein jour,En agglomération,Intersection en X,Normale,Deux véhicules - côté,,,,,,,,,,,1,2,2,1.0,3.0
201000040633,0010-04-27 17:25:00,10,4,27,17,25,670,482,"PV, PONT VAUBAN",,,Plein jour,En agglomération,Hors intersection,Normale,Autre collision,,,,,,,,,,,1,2,1,1.0,6.0
201000040634,0010-04-27 18:40:00,10,4,27,18,40,670,482,"SPV,RUE DU MARSCHALLHOFF",,,Plein jour,En agglomération,Hors intersection,Normale,Autre collision,,,,,,,,,,,1,2,1,1.0,6.0
201000040635,0010-04-28 11:30:00,10,4,28,11,30,670,482,"SPV, PONT JOSEPH BECK",,,Plein jour,En agglomération,Hors intersection,Normale,Autre collision,,,,,,,,,,,1,2,1,1.0,6.0
201000040636,0010-04-28 13:30:00,10,4,28,13,30,670,218,"SPV,ROUTE ALFRED KASTLER",,,Plein jour,En agglomération,Hors intersection,Normale,Deux véhicules - côté,,,,,,,,,,,1,2,1,1.0,3.0
201000040637,0010-04-28 20:40:00,10,4,28,20,40,670,482,"SPV,3 PL.SEBASTIEN BRANT",,,Crépuscule ou aube,En agglomération,Intersection en X,Normale,Deux véhicules - côté,,,,,,,,,,,2,2,2,1.0,3.0
201000040638,0010-04-29 18:10:00,10,4,29,18,10,670,482,"SPV, AVENUE DES VOSGES",,,Plein jour,En agglomération,Intersection en Y,Normale,Autre collision,,,,,,,,,,,1,2,4,1.0,6.0
201000040639,0010-04-30 13:50:00,10,4,30,13,50,670,482,"0, ALPES (QUAI DES)",,,Plein jour,En agglomération,Hors intersection,Normale,Autre collision,,,,,,,,,,,1,2,1,1.0,6.0
201000040640,0010-04-30 18:20:00,10,4,30,18,20,670,482,"0, NANCY (BOULEVARD DE)",,,Plein jour,En agglomération,Intersection en X,Normale,Deux véhicules - côté,,,,,,,,,,,1,2,2,1.0,3.0
201000040641,0010-04-30 21:30:00,10,4,30,21,30,670,482,"63, ROMAINS (ROUTE DES)",,,Nuit avec éclairage allumé,En agglomération,Hors intersection,Pluie légère,Autre collision,,,,,,,,,,,5,2,1,2.0,6.0
201000040642,0010-05-02 12:15:00,10,5,2,12,15,670,218,"PV, ROUTE DU FORT UHRICH",,,Plein jour,En agglomération,Intersection en X,Normale,Deux véhicules - arrière,,,,,,,,,,,1,2,2,1.0,2.0
201000040643,0010-05-03 07:40:00,10,5,3,7,40,670,43,"PV, ROUTE DE BRUMATH",,,Plein jour,En agglomération,Intersection en T,Temps couvert,Deux véhicules - côté,,,,,,,,,,,1,2,3,8.0,3.0
201000040644,0010-05-03 07:45:00,10,5,3,7,45,670,365,"SPV, RUE DU 23 NOVEMBRE",,,Plein jour,En agglomération,Intersection en T,Temps couvert,Deux véhicules - arrière,,,,,,,,,,,1,2,3,8.0,2.0
201000040645,0010-05-05 18:00:00,10,5,5,18,0,670,482,"SPV, PLACE ANDRE MAUROIS",,,Plein jour,En agglomération,Hors intersection,Normale,Deux véhicules - côté,,,,,,,,,,,1,2,1,1.0,3.0
201000040646,0010-05-05 18:45:00,10,5,5,18,45,670,482,"PV, QUAI DES ALPES",,,Plein jour,En agglomération,Intersection en X,Normale,Autre collision,,,,,,,,,,,1,2,2,1.0,6.0
201000040647,0010-05-06 18:00:00,10,5,6,18,0,670,218,"SPV, 8 RUE DE LA SAONE",,,Plein jour,En agglomération,Hors intersection,Pluie forte,Autre collision,,,,,,,,,,,1,2,1,3.0,6.0
201000040648,0010-05-07 00:26:00,10,5,7,0,26,670,482,"PV, PONT FRERES MATTHIS",,,Nuit avec éclairage allumé,En agglomération,Hors intersection,Pluie légère,Autre collision,,,,,,,,,,,5,2,1,2.0,6.0
201000040649,0010-05-08 13:30:00,10,5,8,13,30,670,482,"PV, AV. ARISTIDE BRIAND",,,Plein jour,En agglomération,Hors intersection,Normale,Autre collision,,,,,,,,,,,1,2,1,1.0,6.0
201000040650,0010-05-09 15:00:00,10,5,9,15,0,670,482,"PV,INT.QUAI BELGES/KASTL",,,Plein jour,En agglomération,Intersection en X,Pluie légère,Deux véhicules - côté,,,,,,,,,,,1,2,2,2.0,3.0
201000040651,0010-05-09 21:50:00,10,5,9,21,50,670,482,"SPV, AVENUE DE COLMAR",,,Nuit avec éclairage allumé,En agglomération,Intersection en T,Pluie légère,Deux véhicules - côté,,,,,,,,,,,5,2,3,2.0,3.0
201000040652,0010-05-08 13:25:00,10,5,8,13,25,670,482,"SPV, ROUTE DU RHIN",,,Plein jour,En agglomération,Hors intersection,Normale,Deux véhicules - arrière,,,,,,,,,,,1,2,1,1.0,2.0
201000040653,0010-05-10 17:10:00,10,5,10,17,10,670,482,"SPV, RUE TRAJAN",,,Plein jour,En agglomération,Intersection en X,Normale,Deux véhicules - côté,,,,,,,,,,,1,2,2,1.0,3.0
201000040654,0010-05-12 13:25:00,10,5,12,13,25,670,482,"SPV,BLD PRESIDENT WILSON",,,Plein jour,En agglomération,Intersection en X,Normale,Deux véhicules - arrière,,,,,,,,,,,1,2,2,1.0,2.0
201000040655,0010-05-12 17:00:00,10,5,12,17,0,670,482,"SPV, 16 ALLEE ROBERTSAU",,,Plein jour,En agglomération,Hors intersection,Normale,Autre collision,,,,,,,,,,,1,2,1,1.0,6.0
201000040656,0010-05-13 11:20:00,10,5,13,11,20,670,482,"SPV, ROUTE DU NEUHOF",,,Plein jour,En agglomération,Intersection en X,Normale,Deux véhicules - côté,,,,,,,,,,,1,2,2,1.0,3.0
201000040657,0010-05-14 12:30:00,10,5,14,12,30,670,482,"SPV, PLACE CLEMENT",,,Plein jour,En agglomération,Intersection en X,Normale,Deux véhicules - frontale,,,,,,,,,,,1,2,2,1.0,1.0
201000040658,0010-05-14 19:25:00,10,5,14,19,25,670,482,"PV,51 RUE GENERAL CONRAD",,,Crépuscule ou aube,En agglomération,Hors intersection,Normale,Autre collision,,,,,,,,,,,2,2,1,1.0,6.0
201000040659,0010-05-16 20:55:00,10,5,16,20,55,670,482,"SPV, PLACE DE HAGUENAU",,,Crépuscule ou aube,En agglomération,Hors intersection,Normale,Deux véhicules - arrière,,,,,,,,,,,2,2,1,1.0,2.0
201000040660,0010-05-17 11:45:00,10,5,17,11,45,670,482,"SPV,139 AVENUE DE COLMAR",,,Plein jour,En agglomération,Hors intersection,Normale,Autre collision,,,,,,,,,,,1,2,1,1.0,6.0
201000040661,0010-05-17 17:00:00,10,5,17,17,0,670,482,"SPV, RUE MONTAGNE VERTE",,,Plein jour,En agglomération,Hors intersection,Normale,Trois véhicules et plus - en chaîne,,,,,,,,,,,1,2,1,1.0,4.0
201000040662,0010-05-17 17:45:00,10,5,17,17,45,670,43,"SPV,ROUTE DE BISCHWILLER",,,Plein jour,En agglomération,Intersection en X,Normale,Autre collision,,,,,,,,,,,1,2,2,1.0,6.0
201000040663,0010-05-18 14:00:00,10,5,18,14,0,670,482,"SPV, RUE DU TRAVAIL",,,Plein jour,En agglomération,Intersection en X,Normale,Deux véhicules - arrière,,,,,,,,,,,1,2,2,1.0,2.0
201000040664,0010-05-18 17:00:00,10,5,18,17,0,670,482,"PV, ESPLANADE",,,Plein jour,En agglomération,Hors intersection,Normale,Deux véhicules - frontale,,,,,,,,,,,1,2,1,1.0,1.0
201000040665,0010-05-18 18:00:00,10,5,18,18,0,670,482,"SPV, RUE DU PETIT MARAIS",,,Plein jour,En agglomération,Hors intersection,Normale,Autre collision,,,,,,,,,,,1,2,1,1.0,6.0
201000040666,0010-05-18 19:30:00,10,5,18,19,30,670,482,"SPV, CHEMIN DOERNELBRUCK",,,Plein jour,En agglomération,Hors intersection,Normale,Deux véhicules - côté,,,,,,,,,,,1,2,1,1.0,3.0
201000040667,0010-05-18 20:00:00,10,5,18,20,0,670,482,"PV, RUE DE KOENIGSHOFFEN",,,Plein jour,En agglomération,Hors intersection,Normale,Autre collision,,,,,,,,,,,1,2,1,1.0,6.0
201000040668,0010-05-19 09:30:00,10,5,19,9,30,670,43,"SPV, AVENUE DE PERIGUEUX",,,Plein jour,En agglomération,Intersection en X,Normale,Sans collision,,,,,,,,,,,1,2,2,1.0,7.0
201000040669,0010-05-19 19:30:00,10,5,19,19,30,670,482,"SPV,ALLEE DU SCHLUTHFELD",,,Plein jour,En agglomération,Intersection en T,Pluie légère,Deux véhicules - côté,,,,,,,,,,,1,2,3,2.0,3.0
201000040670,0010-05-20 17:00:00,10,5,20,17,0,670,482,"PV, ROUTE DE L'HOPITAL",,,Plein jour,En agglomération,Intersection en X,Pluie légère,Deux véhicules - côté,,,,,,,,,,,1,2,2,2.0,3.0
201000040671,0010-05-20 19:35:00,10,5,20,19,35,670,482,"SPV, 1 RUE DU DOUBS",,,Plein jour,En agglomération,Hors intersection,Normale,Trois véhicules et plus - en chaîne,,,,,,,,,,,1,2,1,1.0,4.0
201000040672,0010-05-21 08:00:00,10,5,21,8,0,670,482,"SPV, ALLEE ROBERTSAU",,,Plein jour,En agglomération,Hors intersection,Normale,Deux véhicules - côté,,,,,,,,,,,1,2,1,1.0,3.0
201000040673,0010-05-21 08:10:00,10,5,21,8,10,670,482,"SPV, PLACE CATHEDRALE",,,Plein jour,En agglomération,Hors intersection,Temps couvert,Autre collision,,,,,,,,,,,1,2,1,8.0,6.0
201000040674,0010-05-21 08:55:00,10,5,21,8,55,670,447,"SPV, 110 RTE BISCHWILLER",,,Plein jour,En agglomération,Hors intersection,Pluie légère,Autre collision,,,,,,,,,,,1,2,1,2.0,6.0
201000040675,0010-05-21 12:15:00,10,5,21,12,15,670,482,"SPV, R.MARTIN SCHONGAUER",,,Plein jour,En agglomération,Intersection en X,Normale,Deux véhicules - côté,,,,,,,,,,,1,2,2,1.0,3.0
201000040676,0010-05-22 04:10:00,10,5,22,4,10,670,447,"PV, RUE DU MARAIS",,,Nuit avec éclairage allumé,En agglomération,Hors intersection,Normale,Sans collision,,,,,,,,,,,5,2,1,1.0,7.0
201000040677,0010-05-22 10:27:00,10,5,22,10,27,670,482,"PV, AVENUE DES VOSGES",,,Plein jour,En agglomération,Intersection à plus de 4 branches,Normale,Autre collision,,,,,,,,,,,1,2,5,1.0,6.0
201000040678,0010-05-22 16:05:00,10,5,22,16,5,670,482,"PV, 12 BOULEVARD BALZAC",,,Plein jour,En agglomération,Hors intersection,Normale,Autre collision,,,,,,,,,,,1,2,1,1.0,6.0
201000040679,0010-05-22 21:00:00,10,5,22,21,0,670,482,"SPV,R.MARTIN SCHONGAUER",,,Nuit avec éclairage allumé,En agglomération,Intersection en T,Normale,Autre collision,,,,,,,,,,,5,2,3,1.0,6.0
201000040680,0010-05-24 11:30:00,10,5,24,11,30,670,482,"SPV, ROUTE DU RHIN",,,Plein jour,En agglomération,Hors intersection,Normale,Deux véhicules - arrière,,,,,,,,,,,1,2,1,1.0,2.0
201000040681,0010-05-25 18:45:00,10,5,25,18,45,670,447,"SPV, AV.P.MENDES FRANCE",,,Plein jour,En agglomération,Hors intersection,Normale,Autre collision,,,,,,,,,,,1,2,1,1.0,6.0
201000040682,0010-05-26 15:25:00,10,5,26,15,25,670,447,"SPV,AV.2E DIVISION BLIND",,,Plein jour,En agglomération,Hors intersection,Pluie légère,Deux véhicules - frontale,,,,,,,,,,,1,2,1,2.0,1.0
201000040683,0010-05-26 17:20:00,10,5,26,17,20,670,482,"SPV, ROUTE DE L 'HOPITAL",,,Plein jour,En agglomération,Intersection en X,Pluie forte,Autre collision,,,,,,,,,,,1,2,2,3.0,6.0
201000040684,0010-05-26 18:20:00,10,5,26,18,20,670,482,"SPV,7 BOULEVARD LEBLOIS",,,Plein jour,En agglomération,Hors intersection,Pluie légère,Autre collision,,,,,,,,,,,1,2,1,2.0,6.0
201000040685,0010-05-26 22:00:00,10,5,26,22,0,670,482,"SPV, 2 RUE D'ALTKIRCH",,,Nuit avec éclairage allumé,En agglomération,Hors intersection,Pluie légère,Deux véhicules - côté,,,,,,,,,,,5,2,1,2.0,3.0
201000040686,0010-05-27 15:40:00,10,5,27,15,40,670,482,"SPV, AVENUE DANTE",,,Plein jour,En agglomération,Hors intersection,Normale,Deux véhicules - arrière,,,,,,,,,,,1,2,1,1.0,2.0
201000040687,0010-05-28 06:20:00,10,5,28,6,20,670,482,"SPV, ROUTE DU RHIN",,,Crépuscule ou aube,En agglomération,Intersection en Y,Normale,Deux véhicules - côté,,,,,,,,,,,2,2,4,1.0,3.0
201000040688,0010-05-28 21:45:00,10,5,28,21,45,670,482,"SPV,35 AVENUE DES VOSGES",,,Nuit avec éclairage allumé,En agglomération,Hors intersection,Normale,Deux véhicules - arrière,,,,,,,,,,,5,2,1,1.0,2.0
201000040689,0010-05-29 05:23:00,10,5,29,5,23,670,482,"PV,RTE OBER./R.STUTZHEIM",,,Crépuscule ou aube,En agglomération,Intersection en X,Normale,Deux véhicules - côté,,,,,,,,,,,2,2,2,1.0,3.0
201000040690,0010-05-29 14:00:00,10,5,29,14,0,670,482,"SPV, PORTE DE L HOPITAL",,,Plein jour,En agglomération,Intersection en X,Normale,Deux véhicules - côté,,,,,,,,,,,1,2,2,1.0,3.0
201000040691,0010-05-29 21:20:00,10,5,29,21,20,670,482,"PV, RUE DE PROVENCE",,,Crépuscule ou aube,En agglomération,Hors intersection,Normale,Autre collision,,,,,,,,,,,2,2,1,1.0,6.0
201000040692,0010-05-30 15:44:00,10,5,30,15,44,670,482,"PV,37 QUAI DES BATELIERS",,,Plein jour,En agglomération,Hors intersection,Normale,Deux véhicules - frontale,,,,,,,,,,,1,2,1,1.0,1.0
201000040693,0010-06-01 09:05:00,10,6,1,9,5,670,482,"SPV, AVENUE D'ALSACE",,,Plein jour,En agglomération,Hors intersection,Normale,Deux véhicules - côté,,,,,,,,,,,1,2,1,1.0,3.0
201000040694,0010-06-01 12:15:00,10,6,1,12,15,670,482,"SPV, 50 AV.FORET NOIRE",,,Plein jour,En agglomération,Hors intersection,Normale,Deux véhicules - arrière,,,,,,,,,,,1,2,1,1.0,2.0
201000040695,0010-06-02 18:40:00,10,6,2,18,40,670,482,"SPV, 40 ROUTE FEDERATION",,,Plein jour,En agglomération,Hors intersection,Normale,Deux véhicules - côté,,,,,,,,,,,1,2,1,1.0,3.0
201000040696,0010-06-04 07:30:00,10,6,4,7,30,670,482,"SPV, RUE DE MOLSHEIM",,,Plein jour,En agglomération,Hors intersection,Normale,Deux véhicules - côté,,,,,,,,,,,1,2,1,1.0,3.0
201000040697,0010-06-04 14:20:00,10,6,4,14,20,670,482,"SPV, 20 QUAI DES BELGES",,,Plein jour,En agglomération,Hors intersection,Normale,Deux véhicules - arrière,,,,,,,,,,,1,2,1,1.0,2.0
201000040698,0010-06-04 09:40:00,10,6,4,9,40,670,482,"PV, 12 PLACE DE LA GARE",,,Plein jour,En agglomération,Hors intersection,Normale,Autre collision,,,,,,,,,,,1,2,1,1.0,6.0
201000040699,0010-06-04 16:40:00,10,6,4,16,40,670,482,"PV, RUE DE SOLIGNAC",,,Plein jour,En agglomération,Intersection en X,Normale,Autre collision,,,,,,,,,,,1,2,2,1.0,6.0
201000040700,0010-06-04 18:00:00,10,6,4,18,0,670,482,"SPV, ROUTE DU RHIN",,,Plein jour,En agglomération,Hors intersection,Normale,Autre collision,,,,,,,,,,,1,2,1,1.0,6.0
201000040701,0010-06-04 20:15:00,10,6,4,20,15,670,482,"SPV,RUE DE LA 1ERE ARMEE",,,Plein jour,En agglomération,Intersection en X,Normale,Autre collision,,,,,,,,,,,1,2,2,1.0,6.0
201000040702,0010-06-05 14:20:00,10,6,5,14,20,670,482,"SPV,14 RUE DE LIEPVRETTE",,,Plein jour,En agglomération,Hors intersection,Normale,Autre collision,,,,,,,,,,,1,2,1,1.0,6.0
201000040703,0010-06-05 19:45:00,10,6,5,19,45,670,482,"PV, 89 RUE MELANIE",,,Plein jour,En agglomération,Hors intersection,Normale,Deux véhicules - frontale,,,,,,,,,,,1,2,1,1.0,1.0
201000040704,0010-06-05 19:50:00,10,6,5,19,50,670,218,"PV, ROUTE DE FORT UHRICH",,,Plein jour,En agglomération,Intersection en X,Normale,Autre collision,,,,,,,,,,,1,2,2,1.0,6.0
201000040705,0010-06-05 19:50:00,10,6,5,19,50,670,482,"3, MELANIE (RUE)",,,Plein jour,En agglomération,Hors intersection,Normale,Deux véhicules - côté,,,,,,,,,,,1,2,1,1.0,3.0
201000040706,0010-06-05 19:55:00,10,6,5,19,55,670,447,"0, GENERAL DE GAULLE (RO",,,Plein jour,En agglomération,Hors intersection,Normale,Deux véhicules - arrière,,,,,,,,,,,1,2,1,1.0,2.0
201000040707,0010-06-07 09:10:00,10,6,7,9,10,670,204,"SPV, RUE DU CHENE",,,Plein jour,En agglomération,Hors intersection,Normale,Deux véhicules - arrière,,,,,,,,,,,1,2,1,1.0,2.0
201000040708,0010-06-05 20:20:00,10,6,5,20,20,670,482,"0, PRESIDENT WILSON (BOU",,,Plein jour,En agglomération,Intersection à plus de 4 branches,Normale,Autre collision,,,,,,,,,,,1,2,5,1.0,6.0
201000040709,0010-06-05 23:00:00,10,6,5,23,0,670,482,"SPV, 85 PLAINE BOUCHERS",,,Nuit avec éclairage allumé,En agglomération,Hors intersection,Normale,Autre collision,,,,,,,,,,,5,2,1,1.0,6.0
201000040710,0010-06-07 10:30:00,10,6,7,10,30,670,482,"SPV, 94 RTE LA WANTZENAU",,,Plein jour,En agglomération,Hors intersection,Normale,Autre collision,,,,,,,,,,,1,2,1,1.0,6.0
201000040711,0010-06-07 12:10:00,10,6,7,12,10,670,482,"SPV, 8 BOULEVARD DE METZ",,,Plein jour,En agglomération,Hors intersection,Normale,Deux véhicules - côté,,,,,,,,,,,1,2,1,1.0,3.0
201000040712,0010-06-07 16:21:00,10,6,7,16,21,670,482,"SPV, QUAI DES BELGES",,,Plein jour,En agglomération,Hors intersection,Normale,Deux véhicules - côté,,,,,,,,,,,1,2,1,1.0,3.0
201000040713,0010-06-08 11:15:00,10,6,8,11,15,670,482,"SPV, 5 RUE SALLUSTE",,,Plein jour,En agglomération,Hors intersection,Normale,Deux véhicules - côté,,,,,,,,,,,1,2,1,1.0,3.0
201000040714,0010-06-08 18:00:00,10,6,8,18,0,670,482,"SPV, RUE DU TRAVAIL",,,Plein jour,En agglomération,Hors intersection,Normale,Trois véhicules et plus - en chaîne,,,,,,,,,,,1,2,1,1.0,4.0
201000040715,0010-06-09 15:35:00,10,6,9,15,35,670,482,"SPV, ROUTE DU NEUHOF",,,Plein jour,Hors agglomération,Intersection en X,Normale,Deux véhicules - côté,,,,,,,,,,,1,1,2,1.0,3.0
201000040716,0010-06-09 09:40:00,10,6,9,9,40,670,482,"PV, BOULEVARD DE DRESDE",,,Plein jour,En agglomération,Hors intersection,Normale,Trois véhicules et plus - en chaîne,,,,,,,,,,,1,2,1,1.0,4.0
201000040717,0010-06-11 12:00:00,10,6,11,12,0,670,482,"SPV, 205 AV. DE COLMAR",,,Plein jour,En agglomération,Hors intersection,Normale,Deux véhicules - côté,,,,,,,,,,,1,2,1,1.0,3.0
201000040718,0010-06-11 17:05:00,10,6,11,17,5,670,482,"SPV, AVENUE FORET NOIRE",,,Plein jour,En agglomération,Intersection en X,Normale,Deux véhicules - côté,,,,,,,,,,,1,2,2,1.0,3.0
201000040719,0010-06-12 10:35:00,10,6,12,10,35,670,482,"PV, RUE DE LA GROSSAU",,,Plein jour,En agglomération,Intersection en X,Normale,Deux véhicules - côté,,,,,,,,,,,1,2,2,1.0,3.0
201000040720,0010-06-12 12:25:00,10,6,12,12,25,670,482,"SPV, AVENUE DES VOSGES",,,Plein jour,En agglomération,Intersection en X,Normale,Autre collision,,,,,,,,,,,1,2,2,1.0,6.0
201000040721,0010-06-12 15:25:00,10,6,12,15,25,670,447,"SPV, 8 RUE DES CONTADES",,,Plein jour,En agglomération,Hors intersection,Normale,Autre collision,,,,,,,,,,,1,2,1,1.0,6.0
201000040722,0010-06-13 11:30:00,10,6,13,11,30,670,482,"SPV,R.FRANCOIS-X.RICHTER",,,Plein jour,Hors agglomération,Intersection en X,Normale,Autre collision,,,,,,,,,,,1,1,2,1.0,6.0
201000040723,0010-06-15 07:55:00,10,6,15,7,55,670,482,"PV,13 RUE DU CHEMIN BLEU",,,Plein jour,En agglomération,Hors intersection,Normale,Autre collision,,,,,,,,,,,1,2,1,1.0,6.0
201000040724,0010-06-15 07:58:00,10,6,15,7,58,670,482,"PV, RUE DAVID RICHARD",,,Plein jour,En agglomération,Hors intersection,Normale,Autre collision,,,,,,,,,,,1,2,1,1.0,6.0
201000040725,0010-06-16 11:50:00,10,6,16,11,50,670,447,"SPV,17 R. DE LA GLACIERE",,,Plein jour,En agglomération,Hors intersection,Normale,Autre collision,,,,,,,,,,,1,2,1,1.0,6.0
201000040726,0010-06-16 15:35:00,10,6,16,15,35,670,482,"SPV,24 R. DU 22 NOVEMBRE",,,Plein jour,En agglomération,Hors intersection,Normale,Autre collision,,,,,,,,,,,1,2,1,1.0,6.0
201000040727,0010-06-16 17:50:00,10,6,16,17,50,670,267,"SPV, RUE D'ECKBOLSHEIM",,,Plein jour,En agglomération,Intersection en T,Normale,Deux véhicules - côté,,,,,,,,,,,1,2,3,1.0,3.0
201000040728,0010-06-17 00:05:00,10,6,17,0,5,670,482,"SPV, RUE MARCEL PROUST",,,Nuit avec éclairage allumé,En agglomération,Hors intersection,Pluie légère,Autre collision,,,,,,,,,,,5,2,1,2.0,6.0
201000040729,0010-06-17 14:15:00,10,6,17,14,15,670,482,"SPV,25 BOULEVARD DE LYON",,,Plein jour,En agglomération,Hors intersection,Normale,Sans collision,,,,,,,,,,,1,2,1,1.0,7.0
201000040730,0010-06-18 07:25:00,10,6,18,7,25,670,482,"SPV, QUAI MAIRE DIETRICH",,,Plein jour,En agglomération,Intersection en X,Temps couvert,Deux véhicules - côté,,,,,,,,,,,1,2,2,8.0,3.0
201000040731,0010-06-18 13:45:00,10,6,18,13,45,670,482,"SPV, RUE DE L'OBERELSAU",,,Plein jour,En agglomération,Intersection en X,Normale,Deux véhicules - côté,,,,,,,,,,,1,2,2,1.0,3.0
201000040732,0010-06-18 17:00:00,10,6,18,17,0,670,482,"PV, 136 RTE DES ROMAINS",,,Plein jour,En agglomération,Intersection en T,Normale,Deux véhicules - côté,,,,,,,,,,,1,2,3,1.0,3.0
201000040733,0010-06-18 18:20:00,10,6,18,18,20,670,43,"SPV,R.GEORGES ROSSDEUTCH",,,Plein jour,En agglomération,Hors intersection,Normale,Autre collision,,,,,,,,,,,1,2,1,1.0,6.0
201000040734,0010-06-19 01:15:00,10,6,19,1,15,670,482,"SPV, RUE DU RHIN TORTU",,,Nuit avec éclairage allumé,En agglomération,Intersection en X,Normale,Deux véhicules - côté,,,,,,,,,,,5,2,2,1.0,3.0
201000040735,0010-06-19 20:10:00,10,6,19,20,10,670,482,"SPV, RUE DE HAUTEFORT",,,Plein jour,En agglomération,Hors intersection,Normale,Deux véhicules - côté,,,,,,,,,,,1,2,1,1.0,3.0