accident_id,datetime,annee,mois,jour,heure,minute,departement,commune_insee,adresse,latitude,longitude,luminosite,agglomeration,intersection,meteo,collision,nb_vehicules,nb_usagers,nb_indemnes,nb_tues,nb_blesses_hosp,nb_blesses_legers,age_cond_1,age_cond_2,veh_type_cond_1,veh_type_cond_2,lum_code,agg_code,int_code,atm_code,col_code
201000040736,0010-06-21 07:40:00,10,6,21,7,40,670,482,"SPV, PLACE DE HAGUENAU",,,Plein jour,En agglomération,Intersection à plus de 4 branches,Normale,Deux véhicules - côté,,,,,,,,,,,1,2,5,1.0,3.0
201000040737,0010-06-21 07:35:00,10,6,21,7,35,670,482,"SPV, 206 RTE DES ROMAINS",,,Plein jour,En agglomération,Hors intersection,Normale,Deux véhicules - côté,,,,,,,,,,,1,2,1,1.0,3.0
201000040738,0010-06-22 16:50:00,10,6,22,16,50,670,447,"PV, 3 RUE DE BERNE",,,Plein jour,En agglomération,Intersection en T,Normale,Deux véhicules - arrière,,,,,,,,,,,1,2,3,1.0,2.0
201000040739,0010-06-22 17:45:00,10,6,22,17,45,670,43,"SPV, RUE GENERAL LECLERC",,,Plein jour,En agglomération,Giratoire,Normale,Deux véhicules - côté,,,,,,,,,,,1,2,6,1.0,3.0
201000040740,0010-06-22 20:30:00,10,6,22,20,30,670,218,"SPV, RUE DES VIGNES",,,Plein jour,En agglomération,Hors intersection,Normale,Deux véhicules - côté,,,,,,,,,,,1,2,1,1.0,3.0
201000040741,0010-06-23 14:45:00,10,6,23,14,45,670,482,"SPV, AVENUE LEON DACHEUX",,,Plein jour,En agglomération,Intersection en X,Normale,Deux véhicules - côté,,,,,,,,,,,1,2,2,1.0,3.0
201000040742,0010-06-23 15:50:00,10,6,23,15,50,670,447,"SPV,AV.PIERRE MENDES FR",,,Plein jour,Hors agglomération,Hors intersection,Normale,Autre collision,,,,,,,,,,,1,1,1,1.0,6.0
201000040743,0010-06-23 18:45:00,10,6,23,18,45,670,218,"SPV, RUE DES VIGNES",,,Plein jour,En agglomération,Intersection en X,Normale,Deux véhicules - côté,,,,,,,,,,,1,2,2,1.0,3.0
201000040744,0010-06-23 19:20:00,10,6,23,19,20,670,482,"SPV, RUE IGNACE PLEYEL",,,Plein jour,En agglomération,Intersection en X,Normale,Deux véhicules - côté,,,,,,,,,,,1,2,2,1.0,3.0
201000040745,0010-06-24 07:25:00,10,6,24,7,25,670,218,"SPV, 1 RUE DU TRAVAIL",,,Plein jour,En agglomération,Hors intersection,Normale,Deux véhicules - côté,,,,,,,,,,,1,2,1,1.0,3.0
201000040746,0010-06-24 09:20:00,10,6,24,9,20,670,482,"SPV, BOULEVARD DE LYON",,,Plein jour,En agglomération,Intersection en X,Normale,Sans collision,,,,,,,,,,,1,2,2,1.0,7.0
201000040747,0010-06-24 15:50:00,10,6,24,15,50,670,482,"PV, RUE DES CANONNIERS",,,Plein jour,En agglomération,Hors intersection,Normale,Autre collision,,,,,,,,,,,1,2,1,1.0,6.0
201000040748,0010-06-25 09:00:00,10,6,25,9,0,670,482,"SPV, 6 AV.GEN.DE GAULLE",,,Plein jour,En agglomération,Hors intersection,Normale,Deux véhicules - côté,,,,,,,,,,,1,2,1,1.0,3.0
201000040749,0010-06-25 09:35:00,10,6,25,9,35,670,218,"SPV, ROUTE DE STRASBOURG",,,Plein jour,En agglomération,Hors intersection,Normale,Deux véhicules - côté,,,,,,,,,,,1,2,1,1.0,3.0
201000040750,0010-06-25 15:00:00,10,6,25,15,0,670,482,"PV, ALLEE DES COMTES",,,Plein jour,En agglomération,Hors intersection,Normale,Sans collision,,,,,,,,,,,1,2,1,1.0,7.0
201000040751,0010-06-25 13:35:00,10,6,25,13,35,670,482,"SPV,AV.GENERAL DE GAULLE",,,Plein jour,En agglomération,Intersection en X,Normale,Deux véhicules - côté,,,,,,,,,,,1,2,2,1.0,3.0
201000040752,0010-06-25 22:20:00,10,6,25,22,20,670,482,"SPV, RUE DES CAVALIERS",,,Nuit sans éclairage public,En agglomération,Hors intersection,Normale,Sans collision,,,,,,,,,,,3,2,1,1.0,7.0
201000040753,0010-06-27 01:25:00,10,6,27,1,25,670,365,"PV,ALLEE PIERRE PFLIMLIN",,,Nuit avec éclairage allumé,En agglomération,Hors intersection,Normale,Sans collision,,,,,,,,,,,5,2,1,1.0,7.0
201000040754,0010-06-27 22:55:00,10,6,27,22,55,670,482,"PV, QUAI GENERAL KOENIG",,,Nuit avec éclairage allumé,En agglomération,Hors intersection,Normale,Deux véhicules - arrière,,,,,,,,,,,5,2,1,1.0,2.0
201000040755,0010-06-28 17:15:00,10,6,28,17,15,670,482,"SPV, QUAI FUST.COULANGES",,,Plein jour,En agglomération,Hors intersection,Normale,Autre collision,,,,,,,,,,,1,2,1,1.0,6.0
201000040756,0010-06-29 12:21:00,10,6,29,12,21,670,482,"PV, PLACE D'ATHENES",,,Plein jour,En agglomération,Intersection en X,Normale,Deux véhicules - côté,,,,,,,,,,,1,2,2,1.0,3.0
201000040757,0010-06-29 06:00:00,10,6,29,6,0,670,365,"SPV, RUE PASTEUR",,,Plein jour,En agglomération,Intersection en T,Normale,Deux véhicules - côté,,,,,,,,,,,1,2,3,1.0,3.0
201000040758,0010-06-29 13:50:00,10,6,29,13,50,670,482,"SPV,13 RUE DES ORPHELINS",,,Plein jour,En agglomération,Hors intersection,Normale,Autre collision,,,,,,,,,,,1,2,1,1.0,6.0
201000040759,0010-06-29 21:10:00,10,6,29,21,10,670,482,"SPV, RUE DE L 'INDRE",,,Crépuscule ou aube,En agglomération,Intersection en X,Pluie légère,Autre collision,,,,,,,,,,,2,2,2,2.0,6.0
201000040760,0010-06-30 13:40:00,10,6,30,13,40,670,267,"SPV, RUE DE LA GARE",,,Plein jour,En agglomération,Intersection en X,Normale,Deux véhicules - côté,,,,,,,,,,,1,2,2,1.0,3.0
201000040761,0010-06-30 14:15:00,10,6,30,14,15,670,482,"SPV, RUE D'OSTWALD",,,Plein jour,En agglomération,Intersection en T,Normale,Deux véhicules - côté,,,,,,,,,,,1,2,3,1.0,3.0
201000040762,0010-06-30 14:50:00,10,6,30,14,50,670,447,"PV,RTE GENERAL DE GAULLE",,,Plein jour,En agglomération,Hors intersection,Normale,Deux véhicules - côté,,,,,,,,,,,1,2,1,1.0,3.0
201000040763,0010-06-30 19:20:00,10,6,30,19,20,670,482,"SPV, R.MATHIAS GRUNEWALD",,,Plein jour,En agglomération,Hors intersection,Normale,Autre collision,,,,,,,,,,,1,2,1,1.0,6.0
201000040764,0010-07-01 08:15:00,10,7,1,8,15,670,482,"SPV,3 BLD PRESID. WILSON",,,Plein jour,En agglomération,Hors intersection,Normale,Autre collision,,,,,,,,,,,1,2,1,1.0,6.0
201000040765,0010-07-01 11:00:00,10,7,1,11,0,670,482,"SPV, 42B RTE D'ALTENHEIM",,,Plein jour,En agglomération,Hors intersection,Normale,Autre collision,,,,,,,,,,,1,2,1,1.0,6.0
201000040766,0010-07-01 16:20:00,10,7,1,16,20,670,218,"SPV, RUE SEBASTIEN BRANT",,,Plein jour,En agglomération,Intersection en T,Normale,Deux véhicules - côté,,,,,,,,,,,1,2,3,1.0,3.0
201000040767,0010-07-02 21:30:00,10,7,2,21,30,670,482,"SPV,2 R.RAOUL CLAINCHARD",,,Nuit avec éclairage allumé,En agglomération,Intersection en T,Normale,Autre collision,,,,,,,,,,,5,2,3,1.0,6.0
201000040768,0010-07-02 10:00:00,10,7,2,10,0,670,482,"PV, AV.GENERAL DE GAULLE",,,Plein jour,En agglomération,Intersection en T,Temps éblouissant,Deux véhicules - côté,,,,,,,,,,,1,2,3,7.0,3.0
201000040769,0010-07-02 11:20:00,10,7,2,11,20,670,482,"SPV, RUE DES DUCS",,,Plein jour,En agglomération,Intersection en X,Normale,Deux véhicules - côté,,,,,,,,,,,1,2,2,1.0,3.0
201000040770,0010-07-02 17:00:00,10,7,2,17,0,670,482,"SPV, RUE FRITZ KIEFFER",,,Plein jour,En agglomération,Intersection en X,Normale,Deux véhicules - côté,,,,,,,,,,,1,2,2,1.0,3.0
201000040771,0010-07-02 23:55:00,10,7,2,23,55,670,482,"PV,BVD CLEMENCEAU/PHALSB",,,Nuit avec éclairage allumé,En agglomération,Intersection en X,Normale,Autre collision,,,,,,,,,,,5,2,2,1.0,6.0
201000040772,0010-07-04 18:20:00,10,7,4,18,20,670,482,"SPV, RUE DE DAHLENHEIM",,,Plein jour,En agglomération,Intersection en T,Normale,Deux véhicules - côté,,,,,,,,,,,1,2,3,1.0,3.0
201000040773,0010-07-05 13:10:00,10,7,5,13,10,670,482,"SPV, ROUTE DU RHIN",,,Plein jour,En agglomération,Hors intersection,Normale,Deux véhicules - arrière,,,,,,,,,,,1,2,1,1.0,2.0
201000040774,0010-07-06 10:45:00,10,7,6,10,45,670,43,"SPV,50 ROUTE BISCHWILLER",,,Plein jour,En agglomération,Autre intersection,Normale,Autre collision,,,,,,,,,,,1,2,9,1.0,6.0
201000040775,0010-07-06 11:30:00,10,7,6,11,30,670,218,"PV, ROUTE ALFRED KASTLER",,,Plein jour,En agglomération,Intersection en T,Normale,Autre collision,,,,,,,,,,,1,2,3,1.0,6.0
201000040776,0010-07-06 16:50:00,10,7,6,16,50,670,482,"SPV,R.GENERAL OFFENSTEIN",,,Plein jour,En agglomération,Intersection en T,Normale,Autre collision,,,,,,,,,,,1,2,3,1.0,6.0
201000040777,0010-07-06 18:00:00,10,7,6,18,0,670,43,"PV, AVENUE DE PERIGUEUX",,,Plein jour,En agglomération,Intersection en T,Normale,Deux véhicules - côté,,,,,,,,,,,1,2,3,1.0,3.0
201000040778,0010-07-07 11:55:00,10,7,7,11,55,670,482,"SPV,47A R.FOSSE TANNEURS",,,Plein jour,En agglomération,Hors intersection,Normale,Deux véhicules - côté,,,,,,,,,,,1,2,1,1.0,3.0
201000040779,0010-07-07 13:20:00,10,7,7,13,20,670,482,"SPV, PLACE DE HAGUENAU",,,Plein jour,En agglomération,Intersection en T,Normale,Deux véhicules - côté,,,,,,,,,,,1,2,3,1.0,3.0
201000040780,0010-07-07 18:55:00,10,7,7,18,55,670,482,"SPV, RUE JULES VERNE",,,Plein jour,En agglomération,Intersection en X,Normale,Autre collision,,,,,,,,,,,1,2,2,1.0,6.0
201000040781,0010-07-07 19:00:00,10,7,7,19,0,670,447,"SPV,ROUTE DE BISCHWILLER",,,Plein jour,En agglomération,Hors intersection,Normale,Deux véhicules - arrière,,,,,,,,,,,1,2,1,1.0,2.0
201000040782,0010-07-08 15:00:00,10,7,8,15,0,670,482,"PV, 139 ROUTE WANTZENAU",,,Plein jour,En agglomération,Hors intersection,Normale,Sans collision,,,,,,,,,,,1,2,1,1.0,7.0
201000040783,0010-07-10 01:05:00,10,7,10,1,5,670,482,"SPV, ROUTE D'ALTENHEIM",,,Nuit avec éclairage allumé,En agglomération,Intersection en T,Normale,Deux véhicules - côté,,,,,,,,,,,5,2,3,1.0,3.0
201000040784,0010-07-09 16:00:00,10,7,9,16,0,670,482,"SPV, RUE BECQUEREL",,,Plein jour,En agglomération,Intersection en T,Normale,Deux véhicules - côté,,,,,,,,,,,1,2,3,1.0,3.0
201000040785,0010-07-09 20:45:00,10,7,9,20,45,670,482,"SPV, ROUTE DU PETIT RHIN",,,Plein jour,En agglomération,Hors intersection,Normale,Sans collision,,,,,,,,,,,1,2,1,1.0,7.0
201000040786,0010-07-10 03:30:00,10,7,10,3,30,670,482,"SPV, RUE D'URMATT",,,Nuit avec éclairage allumé,En agglomération,Intersection en T,Normale,Deux véhicules - côté,,,,,,,,,,,5,2,3,1.0,3.0
201000040787,0010-07-10 09:25:00,10,7,10,9,25,670,218,"SPV,ROUTE ALFRED KASTLER",,,Plein jour,En agglomération,Hors intersection,Normale,Sans collision,,,,,,,,,,,1,2,1,1.0,7.0
201000040788,0010-07-10 20:10:00,10,7,10,20,10,670,204,"SPV, RUE DE LA FONTAINE",,,Plein jour,En agglomération,Intersection en X,Normale,Deux véhicules - côté,,,,,,,,,,,1,2,2,1.0,3.0
201000040789,0010-07-10 23:00:00,10,7,10,23,0,670,482,"SPV,20RUE DU RHIN TORTU",,,Nuit avec éclairage allumé,En agglomération,Hors intersection,Pluie forte,Sans collision,,,,,,,,,,,5,2,1,3.0,7.0
201000040790,0010-07-11 15:40:00,10,7,11,15,40,670,482,"PV, 25 RUE AMPERE",,,Plein jour,En agglomération,Hors intersection,Normale,Autre collision,,,,,,,,,,,1,2,1,1.0,6.0
201000040791,0010-07-12 07:10:00,10,7,12,7,10,670,482,"PV,56 RUE DE RIBEAUVILLE",,,Plein jour,En agglomération,Hors intersection,Normale,Deux véhicules - côté,,,,,,,,,,,1,2,1,1.0,3.0
201000040792,0010-07-12 11:40:00,10,7,12,11,40,670,365,"SPV, RUE GENERAL LECLERC",,,Plein jour,En agglomération,Intersection en T,Normale,Deux véhicules - côté,,,,,,,,,,,1,2,3,1.0,3.0
201000040793,0010-07-13 16:25:00,10,7,13,16,25,670,482,"SPV,RTE MITTELHAUSBERGEN",,,Plein jour,En agglomération,Intersection en T,Normale,Sans collision,,,,,,,,,,,1,2,3,1.0,7.0
201000040794,0010-07-13 19:35:00,10,7,13,19,35,670,447,"SPV,ROUTE GEN. DE GAULLE",,,Plein jour,En agglomération,Intersection en X,Normale,Deux véhicules - côté,,,,,,,,,,,1,2,2,1.0,3.0
201000040795,0010-07-14 23:40:00,10,7,14,23,40,670,482,"SPV, AVENUE DES VOSGES",,,Nuit avec éclairage allumé,En agglomération,Intersection en X,Normale,Deux véhicules - côté,,,,,,,,,,,5,2,2,1.0,3.0
201000040796,0010-07-16 19:55:00,10,7,16,19,55,670,482,"SPV, RUE DE MUTZIG",,,Plein jour,En agglomération,Intersection en T,Normale,Deux véhicules - côté,,,,,,,,,,,1,2,3,1.0,3.0
201000040797,0010-07-18 21:50:00,10,7,18,21,50,670,482,"SPV, CANAL MARNE AU RHIN",,,Plein jour,En agglomération,Hors intersection,Normale,Sans collision,,,,,,,,,,,1,2,1,1.0,7.0
201000040798,0010-07-18 05:15:00,10,7,18,5,15,670,482,"SPV, QUAI JACOUTOT",,,Crépuscule ou aube,En agglomération,Intersection en X,Normale,Deux véhicules - côté,,,,,,,,,,,2,2,2,1.0,3.0
201000040799,0010-07-19 14:45:00,10,7,19,14,45,670,482,"SPV,BLD PRESIDENT WILSON",,,Plein jour,En agglomération,Intersection à plus de 4 branches,Normale,Deux véhicules - côté,,,,,,,,,,,1,2,5,1.0,3.0
201000040800,0010-07-19 16:47:00,10,7,19,16,47,670,482,"SPV,RUE BASSIN INDUSTRIE",,,Plein jour,En agglomération,Intersection en X,Normale,Autre collision,,,,,,,,,,,1,2,2,1.0,6.0
201000040801,0010-07-20 11:50:00,10,7,20,11,50,670,482,"25, GENERAL DE GAULLE (A",,,Plein jour,En agglomération,Hors intersection,Normale,Autre collision,,,,,,,,,,,1,2,1,1.0,6.0
201000040802,0010-07-21 09:15:00,10,7,21,9,15,670,482,"SPV, QUAI MAIRE DIETRICH",,,Plein jour,En agglomération,Hors intersection,Normale,Deux véhicules - arrière,,,,,,,,,,,1,2,1,1.0,2.0
201000040803,0010-07-21 16:00:00,10,7,21,16,0,670,447,"PV, 34 RTE GEN.DE GAULLE",,,Plein jour,En agglomération,Hors intersection,Normale,Deux véhicules - côté,,,,,,,,,,,1,2,1,1.0,3.0
201000040804,0010-07-21 19:35:00,10,7,21,19,35,670,482,OBERHAUSBERGEN (ROUTE D,,,Plein jour,En agglomération,Intersection en X,Normale,Deux véhicules - arrière,,,,,,,,,,,1,2,2,1.0,2.0
201000040805,0010-07-21 23:55:00,10,7,21,23,55,670,482,EUROPE (AVENUE DE L ),,,Nuit avec éclairage allumé,En agglomération,Hors intersection,Temps couvert,Deux véhicules - arrière,,,,,,,,,,,5,2,1,8.0,2.0
201000040806,0010-07-22 14:25:00,10,7,22,14,25,670,482,"PV, 9 BLD DE LA MARNE",,,Plein jour,En agglomération,Hors intersection,Pluie légère,Autre collision,,,,,,,,,,,1,2,1,2.0,6.0
201000040807,0010-07-23 12:00:00,10,7,23,12,0,670,482,"SPV, AVENUE DES VOSGES",,,Plein jour,En agglomération,Intersection en X,Normale,Autre collision,,,,,,,,,,,1,2,2,1.0,6.0
201000040808,0010-07-23 16:40:00,10,7,23,16,40,670,447,"SPV, AV.PIERRE MENDES FR",,,Plein jour,En agglomération,Intersection en T,Temps couvert,Deux véhicules - arrière,,,,,,,,,,,1,2,3,8.0,2.0
201000040809,0010-07-23 19:00:00,10,7,23,19,0,670,482,"PV, QUAI SAINT ETIENNE",,,Crépuscule ou aube,En agglomération,Intersection en X,Pluie légère,Deux véhicules - côté,,,,,,,,,,,2,2,2,2.0,3.0
201000040810,0010-07-28 13:00:00,10,7,28,13,0,670,43,"SPV, RUE GEORGES BURGER",,,Plein jour,En agglomération,Hors intersection,Pluie légère,Autre collision,,,,,,,,,,,1,2,1,2.0,6.0
201000040811,0010-07-28 13:30:00,10,7,28,13,30,670,218,"SPV, RTE DU FORT UHRICH",,,Plein jour,En agglomération,Hors intersection,Pluie légère,Sans collision,,,,,,,,,,,1,2,1,2.0,7.0
201000040812,0010-07-28 20:25:00,10,7,28,20,25,670,482,"SPV, AVENUE DE COLMAR",,,Plein jour,En agglomération,Intersection en X,Normale,Deux véhicules - côté,,,,,,,,,,,1,2,2,1.0,3.0
201000040813,0010-07-29 16:48:00,10,7,29,16,48,670,482,"SPV, RUE SAINT MICHEL",,,Plein jour,En agglomération,Hors intersection,Normale,Autre collision,,,,,,,,,,,1,2,1,1.0,6.0
201000040814,0010-07-29 16:40:00,10,7,29,16,40,670,482,"SPV, ROUTE DE L'HOPITAL",,,Plein jour,En agglomération,Hors intersection,Normale,Deux véhicules - arrière,,,,,,,,,,,1,2,1,1.0,2.0
201000040815,0010-07-30 18:10:00,10,7,30,18,10,670,482,"SPV, ABBE DE L'EPEE",,,Plein jour,En agglomération,Hors intersection,Pluie légère,Autre collision,,,,,,,,,,,1,2,1,2.0,6.0
201000040816,0010-07-31 12:40:00,10,7,31,12,40,670,482,"PV,ALLEE DE LA ROBERTSAU",,,Plein jour,En agglomération,Intersection en X,Normale,Autre collision,,,,,,,,,,,1,2,2,1.0,6.0
201000040817,0010-07-31 17:25:00,10,7,31,17,25,670,482,"SPV, 3 RUE DE BOERSCH",,,Plein jour,En agglomération,Intersection en X,Normale,Deux véhicules - côté,,,,,,,,,,,1,2,2,1.0,3.0
201000040818,0010-07-31 19:45:00,10,7,31,19,45,670,482,"SPV, 12 QUAI DES BELGES",,,Plein jour,En agglomération,Hors intersection,Normale,Autre collision,,,,,,,,,,,1,2,1,1.0,6.0
201000040819,0010-07-31 23:25:00,10,7,31,23,25,670,482,"SPV, ALLEE DES DEPORTES",,,Nuit avec éclairage allumé,En agglomération,Intersection en X,Normale,Deux véhicules - côté,,,,,,,,,,,5,2,2,1.0,3.0
201000040820,0010-08-03 10:15:00,10,8,3,10,15,670,482,"PV, QUAI DES ALPES",,,Plein jour,En agglomération,Intersection en X,Normale,Deux véhicules - frontale,,,,,,,,,,,1,2,2,1.0,1.0
201000040821,0010-08-07 09:50:00,10,8,7,9,50,670,43,"SPV, 26 RUE DU NOYER",,,Plein jour,En agglomération,Hors intersection,Normale,Autre collision,,,,,,,,,,,1,2,1,1.0,6.0
201000040822,0010-08-09 16:00:00,10,8,9,16,0,670,267,"PV,R.MAR.FOCH/AV.SCHUMAN",,,Plein jour,En agglomération,Intersection en X,Normale,Autre collision,,,,,,,,,,,1,2,2,1.0,6.0
201000040823,0010-08-10 18:20:00,10,8,10,18,20,670,482,"SPV, RUE HUMANN",,,Plein jour,En agglomération,Intersection en T,Normale,Deux véhicules - côté,,,,,,,,,,,1,2,3,1.0,3.0
201000040824,0010-08-10 22:40:00,10,8,10,22,40,670,447,"SPV, RUE D'ERSTEIN",,,Nuit avec éclairage allumé,En agglomération,Intersection en T,Normale,Autre collision,,,,,,,,,,,5,2,3,1.0,6.0
201000040825,0010-08-11 23:30:00,10,8,11,23,30,670,482,"SPV, RUE MONTAGNE VERTE",,,Nuit avec éclairage allumé,En agglomération,Hors intersection,Pluie légère,Deux véhicules - côté,,,,,,,,,,,5,2,1,2.0,3.0
201000040826,0010-08-13 18:05:00,10,8,13,18,5,670,447,"SPV, RUE LATTRE TASSIGNY",,,Plein jour,En agglomération,Intersection en T,Normale,Deux véhicules - côté,,,,,,,,,,,1,2,3,1.0,3.0
201000040827,0010-08-13 19:00:00,10,8,13,19,0,670,482,"PV, 169 RTE LA WANTZENAU",,,Plein jour,En agglomération,Hors intersection,Normale,Autre collision,,,,,,,,,,,1,2,1,1.0,6.0
201000040828,0010-08-13 19:45:00,10,8,13,19,45,670,482,"SPV, RUE DE RHINAU",,,Plein jour,En agglomération,Intersection en X,Normale,Autre collision,,,,,,,,,,,1,2,2,1.0,6.0
201000040829,0010-08-17 07:50:00,10,8,17,7,50,670,447,"SPV, RUE DES MALTERIES",,,Plein jour,En agglomération,Hors intersection,Normale,Deux véhicules - frontale,,,,,,,,,,,1,2,1,1.0,1.0
201000040830,0010-08-17 15:00:00,10,8,17,15,0,670,482,"SPV, RUE DU MARCHE GARE",,,Plein jour,En agglomération,Intersection en T,Pluie légère,Deux véhicules - arrière,,,,,,,,,,,1,2,3,2.0,2.0
201000040831,0010-08-18 11:50:00,10,8,18,11,50,670,365,"27, STAEGEL (RUE)",,,Plein jour,En agglomération,Hors intersection,Pluie légère,Autre collision,,,,,,,,,,,1,2,1,2.0,6.0
201000040832,0010-08-18 12:10:00,10,8,18,12,10,670,482,TAULER (BOULEVARD),,,Plein jour,En agglomération,Intersection en X,Pluie légère,Autre collision,,,,,,,,,,,1,2,2,2.0,6.0
201000040833,0010-08-19 18:20:00,10,8,19,18,20,670,482,"SPV, RUE DE L'ENGELBREIT",,,Plein jour,En agglomération,Hors intersection,Normale,Autre collision,,,,,,,,,,,1,2,1,1.0,6.0
201000040834,0010-08-19 18:30:00,10,8,19,18,30,670,267,"SPV, RUE DES HIRONDELLES",,,Plein jour,En agglomération,Hors intersection,Normale,Autre collision,,,,,,,,,,,1,2,1,1.0,6.0
201000040835,0010-08-19 23:05:00,10,8,19,23,5,670,482,"SPV, RUE AUGUSTE BRION",,,Nuit avec éclairage allumé,En agglomération,Intersection en T,Normale,Autre collision,,,,,,,,,,,5,2,3,1.0,6.0
201000040836,0010-08-20 07:30:00,10,8,20,7,30,670,482,"PV, RUE DU HAVRE",,,Plein jour,En agglomération,Hors intersection,Normale,Deux véhicules - côté,,,,,,,,,,,1,2,1,1.0,3.0
201000040837,0010-08-20 13:10:00,10,8,20,13,10,670,482,"SPV, RTE DE LA WANTZENAU",,,Plein jour,En agglomération,Intersection en X,Normale,Deux véhicules - côté,,,,,,,,,,,1,2,2,1.0,3.0
201000040838,0010-08-20 16:00:00,10,8,20,16,0,670,482,"SPV, RUE DE SOLIGNAC",,,Plein jour,En agglomération,Hors intersection,Normale,Autre collision,,,,,,,,,,,1,2,1,1.0,6.0
201000040839,0010-08-20 21:30:00,10,8,20,21,30,670,482,"SPV, R.COMMANDT FRANCOIS",,,Nuit avec éclairage allumé,En agglomération,Intersection en T,Normale,Deux véhicules - côté,,,,,,,,,,,5,2,3,1.0,3.0
201000040840,0010-08-22 13:30:00,10,8,22,13,30,670,482,"PV, 1 RUE DE ROTHAU",,,Plein jour,En agglomération,Intersection en T,Normale,Deux véhicules - côté,,,,,,,,,,,1,2,3,1.0,3.0
201000040841,0010-08-24 00:01:00,10,8,24,0,1,670,447,"SPV, RUE DU MARAIS",,,Nuit avec éclairage allumé,En agglomération,Intersection en T,Normale,Autre collision,,,,,,,,,,,5,2,3,1.0,6.0
201000040842,0010-08-24 09:45:00,10,8,24,9,45,670,482,"SPV, RUE MASSENET",,,Plein jour,En agglomération,Intersection en T,Pluie forte,Autre collision,,,,,,,,,,,1,2,3,3.0,6.0
201000040843,0010-08-25 03:40:00,10,8,25,3,40,670,482,"SPV, AVENUE DES VOSGES",,,Nuit avec éclairage allumé,En agglomération,Intersection en X,Normale,Autre collision,,,,,,,,,,,5,2,2,1.0,6.0
201000040844,0010-08-25 18:15:00,10,8,25,18,15,670,482,"SPV, RUE DES HALLES",,,Plein jour,En agglomération,Intersection en Y,Normale,Autre collision,,,,,,,,,,,1,2,4,1.0,6.0
201000040845,0010-08-26 08:50:00,10,8,26,8,50,670,482,"SPV, AVENUE DES VOSGES",,,Plein jour,En agglomération,Intersection en T,Normale,Deux véhicules - côté,,,,,,,,,,,1,2,3,1.0,3.0
201000040846,0010-08-26 19:16:00,10,8,26,19,16,670,218,"SPV, RUE FIN DE BANLIEUE",,,Plein jour,En agglomération,Intersection en T,Normale,Deux véhicules - côté,,,,,,,,,,,1,2,3,1.0,3.0
201000040847,0010-08-27 13:20:00,10,8,27,13,20,670,218,"SPV, ROUTE DE STRASBOURG",,,Plein jour,En agglomération,Hors intersection,Normale,Autre collision,,,,,,,,,,,1,2,1,1.0,6.0
201000040848,0010-08-27 14:55:00,10,8,27,14,55,670,482,"SPV, ROUTE DU RHIN",,,Plein jour,En agglomération,Hors intersection,Normale,Trois véhicules et plus - collisions multiples,,,,,,,,,,,1,2,1,1.0,5.0
201000040849,0010-08-28 16:00:00,10,8,28,16,0,670,447,"SPV,36 RTE GEN.DE GAULLE",,,Plein jour,Hors agglomération,Hors intersection,Pluie légère,Deux véhicules - côté,,,,,,,,,,,1,1,1,2.0,3.0
201000040850,0010-08-28 19:00:00,10,8,28,19,0,670,482,"PV, 129 RTE DE SCHIRMECK",,,Plein jour,En agglomération,Hors intersection,Normale,Autre collision,,,,,,,,,,,1,2,1,1.0,6.0
201000040851,0010-08-29 16:05:00,10,8,29,16,5,670,365,"SPV,RUE DU MARECHAL FOCH",,,Plein jour,En agglomération,Intersection en T,Pluie forte,Autre collision,,,,,,,,,,,1,2,3,3.0,6.0
201000040852,0010-08-30 09:35:00,10,8,30,9,35,670,218,"SPV, 36 AV.JEAN JAURES",,,Plein jour,En agglomération,Hors intersection,Normale,Autre collision,,,,,,,,,,,1,2,1,1.0,6.0
201000040853,0010-08-30 16:10:00,10,8,30,16,10,670,482,"SPV, BLD PRESID.POINCARE",,,Plein jour,En agglomération,Intersection en X,Normale,Deux véhicules - côté,,,,,,,,,,,1,2,2,1.0,3.0
201000040854,0010-09-01 18:45:00,10,9,1,18,45,670,204,"SPV, 70 RUE REPUBLIQUE",,,Plein jour,En agglomération,Hors intersection,Normale,Deux véhicules - côté,,,,,,,,,,,1,2,1,1.0,3.0
201000040855,0010-09-02 13:00:00,10,9,2,13,0,670,482,"SPV, RUE DE BALE",,,Plein jour,En agglomération,Intersection en X,Normale,Deux véhicules - côté,,,,,,,,,,,1,2,2,1.0,3.0
201000040856,0010-09-03 17:10:00,10,9,3,17,10,670,482,"SPV, ROUTE DU RHIN",,,Plein jour,En agglomération,Intersection en X,Normale,Deux véhicules - côté,,,,,,,,,,,1,2,2,1.0,3.0
201000040857,0010-09-04 12:05:00,10,9,4,12,5,670,482,"SPV, ROUTE DU RHIN",,,Plein jour,En agglomération,Intersection en T,Normale,Trois véhicules et plus - collisions multiples,,,,,,,,,,,1,2,3,1.0,5.0
201000040858,0010-09-04 20:50:00,10,9,4,20,50,670,482,"SPV, RUE DU SCHNOKELOCH",,,Nuit avec éclairage non allumé,En agglomération,Hors intersection,Normale,Deux véhicules - côté,,,,,,,,,,,4,2,1,1.0,3.0
201000040859,0010-09-05 04:51:00,10,9,5,4,51,670,482,"SPV, 178 bis RTE ROMAINS",,,Nuit avec éclairage allumé,En agglomération,Hors intersection,Normale,Deux véhicules - côté,,,,,,,,,,,5,2,1,1.0,3.0
201000040860,0010-09-05 17:45:00,10,9,5,17,45,670,43,"SPV, 2bis RTE DE BRUMATH",,,Plein jour,En agglomération,Intersection en X,Normale,Deux véhicules - côté,,,,,,,,,,,1,2,2,1.0,3.0
201000040861,0010-09-06 07:50:00,10,9,6,7,50,670,204,"SPV,5 RUE DE LA FONTAINE",,,Plein jour,En agglomération,Hors intersection,Normale,Deux véhicules - arrière,,,,,,,,,,,1,2,1,1.0,2.0
201000040862,0010-09-06 18:15:00,10,9,6,18,15,670,482,"PV, AVENUE DE COLMAR",,,Plein jour,En agglomération,Intersection en X,Normale,Autre collision,,,,,,,,,,,1,2,2,1.0,6.0