accident_id,datetime,annee,mois,jour,heure,minute,departement,commune_insee,adresse,latitude,longitude,luminosite,agglomeration,intersection,meteo,collision,nb_vehicules,nb_usagers,nb_indemnes,nb_tues,nb_blesses_hosp,nb_blesses_legers,age_cond_1,age_cond_2,veh_type_cond_1,veh_type_cond_2,lum_code,agg_code,int_code,atm_code,col_code
201000041107,0010-10-27 13:47:00,10,10,27,13,47,680,66,"27, PREISS (RUE JACQUES)",48.07665,7.34985,Plein jour,En agglomération,Intersection en X,Normale,Deux véhicules - côté,,,,,,,,,,,1,2,2,1.0,3.0
201000041108,0010-11-02 18:45:00,10,11,2,18,45,680,66,"9, SCHUMANN (RUE)",48.08054,7.33526,Nuit avec éclairage allumé,En agglomération,Hors intersection,Normale,Autre collision,,,,,,,,,,,5,2,1,1.0,6.0
201000041109,0010-10-29 08:50:00,10,10,29,8,50,680,66,"5, GARE (RUE DE LA)",48.0761,7.34951,Plein jour,En agglomération,Hors intersection,Normale,Autre collision,,,,,,,,,,,1,2,1,1.0,6.0
201000041110,0010-11-14 06:10:00,10,11,14,6,10,680,66,"14, STANISLAS (RUE)",48.07853,7.35282,Nuit avec éclairage allumé,En agglomération,Hors intersection,Normale,Autre collision,,,,,,,,,,,5,2,1,1.0,6.0
201000041111,0010-12-02 12:25:00,10,12,2,12,25,680,66,", BRIAND (RUE ARISTIDE)",48.0674,7.35235,Plein jour,En agglomération,Intersection en X,Neige / grêle,Deux véhicules - côté,,,,,,,,,,,1,2,2,4.0,3.0
201000041112,0010-12-03 14:30:00,10,12,3,14,30,680,66,"4, BOIS FLEURI (RUE DU )",48.06623,7.36304,Plein jour,En agglomération,Hors intersection,Neige / grêle,Deux véhicules - côté,,,,,,,,,,,1,2,1,4.0,3.0
201000041113,0010-12-22 15:55:00,10,12,22,15,55,680,66,NEUF BRISACH (ROUTE DE),48.08029,7.3817,Plein jour,En agglomération,Giratoire,Normale,Deux véhicules - côté,,,,,,,,,,,1,2,6,1.0,3.0
201000041114,0010-01-23 20:55:00,10,1,23,20,55,680,112,"26, COLMAR (ROUTE DE)",47.90683,7.21801,Nuit avec éclairage allumé,En agglomération,Hors intersection,Normale,Autre collision,,,,,,,,,,,5,2,1,1.0,6.0
201000041115,0010-03-23 19:45:00,10,3,23,19,45,680,112,"61, DECK, Théodore (rue)",47.90605,7.21082,Nuit avec éclairage allumé,En agglomération,Hors intersection,Normale,Deux véhicules - arrière,,,,,,,,,,,5,2,1,1.0,2.0
201000041116,0010-05-27 13:35:00,10,5,27,13,35,680,112,"02, CHANOINES (RUE DES)",47.90633,7.21311,Plein jour,En agglomération,Intersection en T,Normale,Deux véhicules - côté,,,,,,,,,,,1,2,3,1.0,3.0
201000041117,0010-05-27 17:35:00,10,5,27,17,35,680,112,"1, TUILERIES (RUE DES)",47.70223,7.2152,Plein jour,En agglomération,Intersection en T,Normale,Deux véhicules - côté,,,,,,,,,,,1,2,3,1.0,3.0
201000041118,0010-07-31 11:42:00,10,7,31,11,42,680,112,"4, GARE (RUE DE LA)",47.90707,7.21691,Plein jour,En agglomération,Intersection en X,Normale,Deux véhicules - côté,,,,,,,,,,,1,2,2,1.0,3.0
201000041119,0010-08-11 17:50:00,10,8,11,17,50,680,112,HUIT MAI 1945 (RUE DU),47.90936,7.21339,Plein jour,En agglomération,Intersection en X,Temps couvert,Autre collision,,,,,,,,,,,1,2,2,8.0,6.0
201000041120,0010-09-28 14:40:00,10,9,28,14,40,680,112,"11, COLMAR (ROUTE DE)",47.90438,7.22189,Plein jour,En agglomération,Hors intersection,Normale,Deux véhicules - arrière,,,,,,,,,,,1,2,1,1.0,2.0
201000041121,0010-10-26 13:45:00,10,10,26,13,45,680,112,CHASSEURS ALPINS (AVENUE,47.90525,7.21665,Plein jour,En agglomération,Intersection en X,Normale,Deux véhicules - côté,,,,,,,,,,,1,2,2,1.0,3.0
201000041122,0010-11-26 14:45:00,10,11,26,14,45,680,112,FERRY,47.90068,7.22866,Plein jour,En agglomération,Hors intersection,Temps couvert,Autre collision,,,,,,,,,,,1,2,1,8.0,6.0
201000041123,0010-11-26 17:30:00,10,11,26,17,30,680,112,"32, EGLISE (RUE DE L')",47.91129,7.20987,Nuit avec éclairage allumé,En agglomération,Intersection en T,Pluie légère,Autre collision,,,,,,,,,,,5,2,3,2.0,6.0
201000041124,0010-01-12 05:47:00,10,1,12,5,47,680,224,THANN (RUE DE),47.75229,7.30341,Nuit avec éclairage allumé,En agglomération,Giratoire,Temps couvert,Deux véhicules - côté,,,,,,,,,,,5,2,6,8.0,3.0
201000041125,0010-01-19 15:15:00,10,1,19,15,15,680,224,"40, SCHOEN (RUE ANNA)",47.75724,7.32534,Plein jour,En agglomération,Intersection en X,Brouillard / fumée,Deux véhicules - côté,,,,,,,,,,,1,2,2,5.0,3.0
201000041126,0010-01-19 07:49:00,10,1,19,7,49,680,224,MARNE (BOULEVARD DE LA),47.74568,7.32433,Plein jour,En agglomération,Hors intersection,Normale,Autre collision,,,,,,,,,,,1,2,1,1.0,6.0
201000041127,0010-01-21 12:10:00,10,1,21,12,10,680,256,"146, RICHWILLER (RUE DE)",47.77204,7.30213,Plein jour,En agglomération,Hors intersection,Normale,Autre collision,,,,,,,,,,,1,2,1,1.0,6.0
201000041128,0010-01-18 13:20:00,10,1,18,13,20,680,224,WILSON (RUE),47.7456,7.34137,Plein jour,En agglomération,Intersection en Y,Normale,Autre collision,,,,,,,,,,,1,2,4,1.0,6.0
201000041129,0010-01-25 17:45:00,10,1,25,17,45,680,224,"3, EHRMANN (RUE JULES)",47.74244,7.33928,Nuit avec éclairage allumé,En agglomération,Hors intersection,Normale,Autre collision,,,,,,,,,,,5,2,1,1.0,6.0
201000041130,0010-01-21 11:34:00,10,1,21,11,34,680,224,"5, LOISY (RUE DU LIEUTEN",47.7561,7.3425,Plein jour,En agglomération,Hors intersection,Normale,Deux véhicules - côté,,,,,,,,,,,1,2,1,1.0,3.0
201000041131,0010-01-24 02:33:00,10,1,24,2,33,680,224,REGIMENT DE TRANSMISSION,47.76248,7.35823,Nuit avec éclairage allumé,En agglomération,Giratoire,Normale,Sans collision,,,,,,,,,,,5,2,6,1.0,7.0
201000041132,0010-01-05 12:08:00,10,1,5,12,8,680,256,"**, RICHWILLER (RUE DE)",47.76861,7.30444,Plein jour,En agglomération,Intersection en T,Normale,Deux véhicules - côté,,,,,,,,,,,1,2,3,1.0,3.0
201000041133,0010-01-21 13:47:00,10,1,21,13,47,680,224,"72, BRIAND (AVENUE ARIST",47.74855,7.32431,Plein jour,En agglomération,Hors intersection,Normale,Autre collision,,,,,,,,,,,1,2,1,1.0,6.0
201000041134,0010-01-31 01:30:00,10,1,31,1,30,680,224,"40, STALINGRAD (RUE DE)",47.50046,7.34571,Nuit avec éclairage allumé,En agglomération,Intersection en X,Neige / grêle,Deux véhicules - côté,,,,,,,,,,,5,2,2,4.0,3.0
201000041135,0010-01-31 04:45:00,10,1,31,4,45,680,271,ZIMMERSHEIM (RUE DE),47.73641,7.36691,Nuit avec éclairage allumé,Hors agglomération,Hors intersection,Neige / grêle,Autre collision,,,,,,,,,,,5,1,1,4.0,6.0
201000041136,0010-01-31 18:15:00,10,1,31,18,15,680,224,TOULOUSE (RUE DE),47.75864,7.33518,Nuit avec éclairage allumé,En agglomération,Hors intersection,Temps couvert,Autre collision,,,,,,,,,,,5,2,1,8.0,6.0
201000041137,0010-02-02 07:00:00,10,2,2,7,0,680,224,"A 178, AUTOROUTE A 36",47.77121,7.34556,Nuit sans éclairage public,Hors agglomération,Hors intersection,Neige / grêle,Trois véhicules et plus - collisions multiples,,,,,,,,,,,3,1,1,4.0,5.0
201000041138,0010-01-29 19:00:00,10,1,29,19,0,680,224,"10, TULIPES (RUE DES)",47.73298,7.34138,Nuit avec éclairage allumé,En agglomération,Intersection en T,Neige / grêle,Deux véhicules - arrière,,,,,,,,,,,5,2,3,4.0,2.0
201000041139,0010-01-18 09:48:00,10,1,18,9,48,680,224,"48, FRANCISCAINS (RUE DE",47.74818,7.33594,Plein jour,En agglomération,Hors intersection,Normale,Autre collision,,,,,,,,,,,1,2,1,1.0,6.0
201000041140,0010-02-08 08:55:00,10,2,8,8,55,680,224,"9, BOSQUETS (RUE DES)",47.77902,7.33608,Plein jour,En agglomération,Intersection en T,Normale,Deux véhicules - arrière,,,,,,,,,,,1,2,3,1.0,2.0
201000041141,0010-02-08 08:35:00,10,2,8,8,35,680,224,"13, JUIN (AVENUE ALPHONS",47.75414,7.35354,Nuit avec éclairage allumé,En agglomération,Intersection en T,Normale,Deux véhicules - frontale,,,,,,,,,,,5,2,3,1.0,1.0
201000041142,0010-02-08 19:45:00,10,2,8,19,45,680,224,"151, KINGERSHEIM (RUE DE",47.77694,7.32893,Nuit avec éclairage allumé,En agglomération,Hors intersection,Normale,Autre collision,,,,,,,,,,,5,2,1,1.0,6.0
201000041143,0010-02-09 15:50:00,10,2,9,15,50,680,224,"89, BALE (RUE DE)",47.74794,7.34812,Plein jour,En agglomération,Hors intersection,Normale,Autre collision,,,,,,,,,,,1,2,1,1.0,6.0
201000041144,0010-02-23 22:26:00,10,2,23,22,26,680,224,"154, VAUBAN (RUE)",47.76158,7.34625,Nuit avec éclairage allumé,En agglomération,Hors intersection,Pluie forte,Autre collision,,,,,,,,,,,5,2,1,3.0,6.0
201000041145,0010-03-05 18:42:00,10,3,5,18,42,680,224,BRUNSTATT (RUE DE),47.73766,7.31818,Nuit avec éclairage allumé,En agglomération,Hors intersection,Normale,Autre collision,,,,,,,,,,,5,2,1,1.0,6.0
201000041146,0010-03-07 07:15:00,10,3,7,7,15,680,224,ILE NAPOLEON (RUE DE L'),47.75667,7.36238,Plein jour,En agglomération,Hors intersection,Autre,Autre collision,,,,,,,,,,,1,2,1,9.0,6.0
201000041147,0010-03-08 18:26:00,10,3,8,18,26,680,224,BELFORT (RUE DE),47.73901,7.29673,Plein jour,En agglomération,Intersection en T,Normale,Deux véhicules - côté,,,,,,,,,,,1,2,3,1.0,3.0
201000041148,0010-03-15 14:00:00,10,3,15,14,0,680,224,VOIE RAPIDE NORD SUD,47.76143,7.3527,Plein jour,Hors agglomération,Hors intersection,Pluie légère,Deux véhicules - arrière,,,,,,,,,,,1,1,1,2.0,2.0
201000041149,0010-02-26 22:10:00,10,2,26,22,10,680,56,ILLBERG (RUE DE L'),47.7273,7.30705,Nuit avec éclairage allumé,En agglomération,Hors intersection,Normale,Sans collision,,,,,,,,,,,5,2,1,1.0,7.0
201000041150,0010-03-18 15:30:00,10,3,18,15,30,680,224,THANN (RUE DE),47.74806,7.30896,Plein jour,En agglomération,Intersection en X,Normale,Deux véhicules - côté,,,,,,,,,,,1,2,2,1.0,3.0
201000041151,0010-03-23 19:05:00,10,3,23,19,5,680,224,"12, THIERSTEIN (RUE)",47.76056,7.32648,Nuit avec éclairage allumé,En agglomération,Intersection en X,Normale,Deux véhicules - côté,,,,,,,,,,,5,2,2,1.0,3.0
201000041152,0010-03-19 13:15:00,10,3,19,13,15,680,224,TARN (RUE DU),47.7516,7.30919,Plein jour,En agglomération,Intersection en T,Normale,Deux véhicules - côté,,,,,,,,,,,1,2,3,1.0,3.0
201000041153,0010-03-29 14:05:00,10,3,29,14,5,680,224,"9, FRANKLIN (RUE)",47.75345,7.33628,Plein jour,En agglomération,Hors intersection,Normale,Sans collision,,,,,,,,,,,1,2,1,1.0,7.0
201000041154,0010-03-31 11:15:00,10,3,31,11,15,680,224,"44, SCHUMAN (AVENUE ROBE",47.75311,7.34406,Plein jour,En agglomération,Intersection en T,Normale,Deux véhicules - côté,,,,,,,,,,,1,2,3,1.0,3.0
201000041155,0010-03-13 16:50:00,10,3,13,16,50,680,224,"26, SAINTE-CLAIRE (RUE)",47.74563,7.33383,Plein jour,En agglomération,Hors intersection,Normale,Autre collision,,,,,,,,,,,1,2,1,1.0,6.0
201000041156,0010-04-09 21:00:00,10,4,9,21,0,680,56,ASHE (RUE ARTHUR),47.71887,7.31101,Nuit sans éclairage public,Hors agglomération,Intersection en X,Normale,Deux véhicules - côté,,,,,,,,,,,3,1,2,1.0,3.0
201000041157,0010-04-01 08:50:00,10,4,1,8,50,680,271,"15, COLLEGE (RUE DU)",47.74254,7.36778,Plein jour,En agglomération,Hors intersection,Normale,Autre collision,,,,,,,,,,,1,2,1,1.0,6.0
201000041158,0010-04-12 16:25:00,10,4,12,16,25,680,224,"38, ROOSEVELT (BOULEVARD",47.75267,7.32882,Plein jour,En agglomération,Hors intersection,Normale,Autre collision,,,,,,,,,,,1,2,1,1.0,6.0
201000041159,0010-04-01 09:25:00,10,4,1,9,25,680,224,"125, SALENGRO (AVENUE RO",47.75385,7.35173,Plein jour,En agglomération,Hors intersection,Normale,Autre collision,,,,,,,,,,,1,2,1,1.0,6.0
201000041160,0010-04-11 17:00:00,10,4,11,17,0,680,224,EUROPE (BOULEVARD DE L'),47.75243,7.34651,Plein jour,En agglomération,Hors intersection,Normale,Trois véhicules et plus - en chaîne,,,,,,,,,,,1,2,1,1.0,4.0
201000041161,0010-04-11 08:35:00,10,4,11,8,35,680,224,", SOULTZ (RUE DE)",47.77346,7.32099,Plein jour,En agglomération,Intersection en X,Temps éblouissant,Deux véhicules - côté,,,,,,,,,,,1,2,2,7.0,3.0
201000041162,0010-04-28 17:45:00,10,4,28,17,45,680,224,AUTOROUTE A 36,47.7741,7.35717,Plein jour,Hors agglomération,Hors intersection,Normale,Deux véhicules - arrière,,,,,,,,,,,1,1,1,1.0,2.0
201000041163,0010-04-28 19:10:00,10,4,28,19,10,680,224,AUTOROUTE A 36,47.74767,7.27726,Plein jour,Hors agglomération,Hors intersection,Normale,Deux véhicules - arrière,,,,,,,,,,,1,1,1,1.0,2.0
201000041164,0010-04-29 16:10:00,10,4,29,16,10,680,224,"66, MANEGE (RUE DU)",47.73944,7.33321,Plein jour,En agglomération,Hors intersection,Normale,Autre collision,,,,,,,,,,,1,2,1,1.0,6.0
201000041165,0010-05-02 21:16:00,10,5,2,21,16,680,224,AUTOROUTE A 36,47.75589,7.29598,Nuit avec éclairage allumé,Hors agglomération,Hors intersection,Pluie forte,Autre collision,,,,,,,,,,,5,1,1,3.0,6.0
201000041166,0010-05-07 23:00:00,10,5,7,23,0,680,224,"57, SALENGRO (AVENUE ROG",47.751,7.34752,Nuit avec éclairage allumé,En agglomération,Intersection en X,Normale,Deux véhicules - côté,,,,,,,,,,,5,2,2,1.0,3.0
201000041167,0010-05-18 16:20:00,10,5,18,16,20,680,224,LAVOISIER (RUE),47.75012,7.32747,Plein jour,En agglomération,Hors intersection,Normale,Autre collision,,,,,,,,,,,1,2,1,1.0,6.0
201000041168,0010-04-01 14:05:00,10,4,1,14,5,680,224,VOIE RAPIDE OUEST,47.7381,7.28863,Plein jour,Hors agglomération,Hors intersection,Normale,Trois véhicules et plus - en chaîne,,,,,,,,,,,1,1,1,1.0,4.0
201000041169,0010-05-20 10:33:00,10,5,20,10,33,680,224,"25, SINNE (RUE DE LA)",47.74461,7.3369,Plein jour,En agglomération,Intersection en X,Normale,Autre collision,,,,,,,,,,,1,2,2,1.0,6.0
201000041170,0010-05-30 09:56:00,10,5,30,9,56,680,224,"75, NORDFELD (RUE DU)",47.75184,7.34779,Plein jour,En agglomération,Hors intersection,Normale,Autre collision,,,,,,,,,,,1,2,1,1.0,6.0
201000041171,0010-06-04 12:30:00,10,6,4,12,30,680,224,"3, LOISY (RUE DU LIEUTEN",47.75598,7.34265,Plein jour,En agglomération,Intersection en T,Normale,Autre collision,,,,,,,,,,,1,2,3,1.0,6.0
201000041172,0010-05-23 18:55:00,10,5,23,18,55,680,224,"152, EHRMANN (PONT JULES",47.74206,7.34066,Plein jour,En agglomération,Hors intersection,Normale,Deux véhicules - côté,,,,,,,,,,,1,2,1,1.0,3.0
201000041173,0010-06-04 18:50:00,10,6,4,18,50,680,271,"04, MULHOUSE (RUE DE)",47.74621,7.35826,Plein jour,En agglomération,Giratoire,Normale,Autre collision,,,,,,,,,,,1,2,6,1.0,6.0
201000041174,0010-06-09 16:20:00,10,6,9,16,20,680,224,"14, AIGLE (RUE DE L')",47.74857,7.32712,Plein jour,En agglomération,Intersection en X,Normale,Autre collision,,,,,,,,,,,1,2,2,1.0,6.0
201000041175,0010-06-07 18:59:00,10,6,7,18,59,680,224,"**, IMPRIMEURS (RUE DES)",47.75353,7.33193,Plein jour,En agglomération,Intersection en X,Normale,Deux véhicules - côté,,,,,,,,,,,1,2,2,1.0,3.0
201000041176,0010-06-22 13:50:00,10,6,22,13,50,680,224,"47, BUHLER (RUE)",47.75676,7.3393,Plein jour,En agglomération,Hors intersection,Normale,Autre collision,,,,,,,,,,,1,2,1,1.0,6.0
201000041177,0010-06-26 19:45:00,10,6,26,19,45,680,224,"139, BALE (RUE DE)",47.75091,7.35526,Plein jour,En agglomération,Hors intersection,Normale,Autre collision,,,,,,,,,,,1,2,1,1.0,6.0
201000041178,0010-06-25 07:05:00,10,6,25,7,5,680,224,KINGERSHEIM (RUE DE),47.77815,7.3287,Plein jour,En agglomération,Intersection en T,Temps éblouissant,Deux véhicules - côté,,,,,,,,,,,1,2,3,7.0,3.0
201000041179,0010-07-08 04:40:00,10,7,8,4,40,680,224,AUTOROUTE A 36,47.77341,7.34854,Crépuscule ou aube,Hors agglomération,Hors intersection,Normale,Autre collision,,,,,,,,,,,2,1,1,1.0,6.0
201000041180,0010-07-01 13:29:00,10,7,1,13,29,680,224,"59, FRANKLIN (RUE)",47.75039,7.33,Plein jour,En agglomération,Intersection en X,Normale,Deux véhicules - côté,,,,,,,,,,,1,2,2,1.0,3.0
201000041181,0010-09-21 14:05:00,10,9,21,14,5,680,224,"145, ILE NAPOLEON (RUE D",47.75921,7.36731,Plein jour,En agglomération,Hors intersection,Normale,Sans collision,,,,,,,,,,,1,2,1,1.0,7.0
201000041182,0010-07-08 09:30:00,10,7,8,9,30,680,224,HENNER (RUE JEAN-JACQUES,47.74397,7.3429,Plein jour,En agglomération,Hors intersection,Normale,Autre collision,,,,,,,,,,,1,2,1,1.0,6.0
201000041183,0010-07-12 16:45:00,10,7,12,16,45,680,271,"83, ZIMMERSHEIM (RUE DE)",47.73761,7.36363,Plein jour,En agglomération,Intersection en T,Vent fort / tempête,Autre collision,,,,,,,,,,,1,2,3,6.0,6.0
201000041184,0010-07-08 12:13:00,10,7,8,12,13,680,56,"200, DORNACH (RUE DE)",47.72992,7.32105,Plein jour,En agglomération,Hors intersection,Normale,Deux véhicules - arrière,,,,,,,,,,,1,2,1,1.0,2.0
201000041185,0010-08-18 16:50:00,10,8,18,16,50,680,224,"1, SAUSHEIM (RUE DE)",47.75287,7.35484,Plein jour,En agglomération,Intersection en Y,Normale,Autre collision,,,,,,,,,,,1,2,4,1.0,6.0
201000041186,0010-07-10 19:45:00,10,7,10,19,45,680,224,"61, VAUBAN (RUE)",47.75791,7.3409,Plein jour,En agglomération,Hors intersection,Normale,Autre collision,,,,,,,,,,,1,2,1,1.0,6.0
201000041187,0010-07-20 22:05:00,10,7,20,22,5,680,224,KINGERSHEIM (RUE DE),47.77417,7.32793,Nuit avec éclairage allumé,En agglomération,Intersection en T,Normale,Autre collision,,,,,,,,,,,5,2,3,1.0,6.0
201000041188,0010-07-27 17:50:00,10,7,27,17,50,680,224,"07, DOLLFUS (RUE ENGEL)",47.75023,7.33159,Plein jour,En agglomération,Hors intersection,Normale,Autre collision,,,,,,,,,,,1,2,1,1.0,6.0
201000041189,0010-08-03 10:00:00,10,8,3,10,0,680,224,RIEDISHEIM (PONT DE),47.74376,7.34666,Plein jour,En agglomération,Hors intersection,Normale,Deux véhicules - arrière,,,,,,,,,,,1,2,1,1.0,2.0
201000041190,0010-07-12 12:15:00,10,7,12,12,15,680,271,"1, ILE NAPOLEON (RUE DE",47.75869,7.36649,Plein jour,En agglomération,Giratoire,Normale,Deux véhicules - côté,,,,,,,,,,,1,2,6,1.0,3.0
201000041191,0010-08-14 14:40:00,10,8,14,14,40,680,224,VOIE RAPIDE OUEST,47.73306,7.2863,Plein jour,Hors agglomération,Hors intersection,Normale,Deux véhicules - côté,,,,,,,,,,,1,1,1,1.0,3.0
201000041192,0010-08-20 15:00:00,10,8,20,15,0,680,224,"46, KINGERSHEIM (RUE DE)",47.76891,7.32611,Plein jour,En agglomération,Hors intersection,Normale,Sans collision,,,,,,,,,,,1,2,1,1.0,7.0
201000041193,0010-08-22 18:45:00,10,8,22,18,45,680,224,"45, ABEILLES (RUE DES)",47.751,7.32131,Plein jour,En agglomération,Intersection en X,Normale,Autre collision,,,,,,,,,,,1,2,2,1.0,6.0
201000041194,0010-08-20 15:35:00,10,8,20,15,35,680,224,"8, MACHINES (RUE DES)",47.74767,7.30618,Plein jour,Hors agglomération,Hors intersection,Normale,Deux véhicules - frontale,,,,,,,,,,,1,1,1,1.0,1.0
201000041195,0010-09-10 14:23:00,10,9,10,14,23,680,224,MADELEINE (RUE),47.75321,7.31665,Plein jour,En agglomération,Intersection en T,Normale,Deux véhicules - côté,,,,,,,,,,,1,2,3,1.0,3.0
201000041196,0010-09-01 15:40:00,10,9,1,15,40,680,224,HARDT (RUE DE LA),47.75299,7.3558,Plein jour,En agglomération,Intersection en X,Normale,Deux véhicules - frontale,,,,,,,,,,,1,2,2,1.0,1.0
201000041197,0010-09-15 17:05:00,10,9,15,17,5,680,224,SCHOEN (RUE ANNA),47.75908,7.32343,Plein jour,En agglomération,Intersection en X,Normale,Autre collision,,,,,,,,,,,1,2,2,1.0,6.0
201000041198,0010-08-11 21:40:00,10,8,11,21,40,680,224,STOESSEL (BOULEVARD CHAR,47.74486,7.32807,Nuit avec éclairage allumé,En agglomération,Intersection en X,Normale,Deux véhicules - côté,,,,,,,,,,,5,2,2,1.0,3.0
201000041199,0010-09-20 14:40:00,10,9,20,14,40,680,224,"1, PARC (RUE DU)",47.74736,7.34426,Plein jour,En agglomération,Hors intersection,Normale,Autre collision,,,,,,,,,,,1,2,1,1.0,6.0
201000041200,0010-09-21 17:15:00,10,9,21,17,15,680,224,"13, TUNIS (RUE DE)",47.74801,7.3501,Plein jour,En agglomération,Hors intersection,Normale,Autre collision,,,,,,,,,,,1,2,1,1.0,6.0
201000041201,0010-09-23 10:46:00,10,9,23,10,46,680,224,"108, PFASTATT (RUE DE)",47.75054,7.31975,Plein jour,En agglomération,Intersection en T,Normale,Deux véhicules - arrière,,,,,,,,,,,1,2,3,1.0,2.0
201000041202,0010-09-25 10:45:00,10,9,25,10,45,680,224,"08, OURS (RUE DE L')",47.74693,7.32078,Plein jour,En agglomération,Hors intersection,Normale,Autre collision,,,,,,,,,,,1,2,1,1.0,6.0
201000041203,0010-09-27 14:00:00,10,9,27,14,0,680,224,", LAENNEC (AVENUE DU DOC",47.71847,7.34472,Plein jour,Hors agglomération,Hors intersection,Normale,Deux véhicules - frontale,,,,,,,,,,,1,1,1,1.0,1.0
201000041204,0010-09-30 18:30:00,10,9,30,18,30,680,224,"95, ALTKIRCH (AVENUE D')",47.73383,7.32779,Plein jour,En agglomération,Intersection en T,Pluie légère,Autre collision,,,,,,,,,,,1,2,3,2.0,6.0
201000041205,0010-09-30 21:15:00,10,9,30,21,15,680,224,"69, SALENGRO (AVENUE ROG",47.75189,7.34892,Nuit avec éclairage allumé,En agglomération,Intersection en T,Pluie forte,Deux véhicules - côté,,,,,,,,,,,5,2,3,3.0,3.0
201000041206,0010-10-01 21:00:00,10,10,1,21,0,680,224,ROMAINS (RUE DES),47.77775,7.33263,Nuit avec éclairage allumé,En agglomération,Hors intersection,Normale,Deux véhicules - frontale,,,,,,,,,,,5,2,1,1.0,1.0
201000041207,0010-10-01 21:45:00,10,10,1,21,45,680,224,"238, BELFORT (RUE DE)",47.73845,7.29528,Nuit avec éclairage allumé,En agglomération,Giratoire,Normale,Deux véhicules - côté,,,,,,,,,,,5,2,6,1.0,3.0
201000041208,0010-10-02 15:20:00,10,10,2,15,20,680,224,"55, NORDFELD (RUE DU)",47.75225,7.34716,Plein jour,En agglomération,Hors intersection,Normale,Autre collision,,,,,,,,,,,1,2,1,1.0,6.0
201000041209,0010-10-11 17:00:00,10,10,11,17,0,680,224,"140, ZU-RHEIN (RUE DU CH",47.74543,7.31098,Plein jour,En agglomération,Hors intersection,Normale,Deux véhicules - côté,,,,,,,,,,,1,2,1,1.0,3.0
201000041210,0010-10-11 17:35:00,10,10,11,17,35,680,271,"05, MULHOUSE (RUE DE)",47.74613,7.35834,Plein jour,En agglomération,Hors intersection,Normale,Autre collision,,,,,,,,,,,1,2,1,1.0,6.0
201000041211,0010-10-12 16:10:00,10,10,12,16,10,680,224,"19, WALLACH (BOULEVARD A",47.74245,7.31866,Plein jour,En agglomération,Hors intersection,Normale,Autre collision,,,,,,,,,,,1,2,1,1.0,6.0
201000041212,0010-10-14 18:40:00,10,10,14,18,40,680,256,AUTOROUTE A 36,47.7637,7.32154,Crépuscule ou aube,Hors agglomération,Hors intersection,Normale,Autre collision,,,,,,,,,,,2,1,1,1.0,6.0
201000041213,0010-10-26 17:05:00,10,10,26,17,5,680,224,THANN (RUE DE),47.50012,7.30566,Plein jour,En agglomération,Intersection en X,Normale,Deux véhicules - frontale,,,,,,,,,,,1,2,2,1.0,1.0
201000041214,0010-10-27 01:40:00,10,10,27,1,40,680,271,"1industrie, BALE (RUE DE",47.75632,7.37862,Nuit avec éclairage allumé,En agglomération,Hors intersection,Normale,Autre collision,,,,,,,,,,,5,2,1,1.0,6.0
201000041215,0010-10-27 11:00:00,10,10,27,11,0,680,224,"61, BOURTZ (RUE SEBASTIE",47.76597,7.31809,Plein jour,En agglomération,Intersection en T,Normale,Autre collision,,,,,,,,,,,1,2,3,1.0,6.0
201000041216,0010-10-24 02:35:00,10,10,24,2,35,680,224,"63, ILLZACH (RUE D')",47.75661,7.34399,Nuit avec éclairage allumé,En agglomération,Intersection en X,Normale,Deux véhicules - côté,,,,,,,,,,,5,2,2,1.0,3.0
201000041217,0010-11-01 16:05:00,10,11,1,16,5,680,224,"48, ALTKIRCH (AVENUE D')",47.73721,7.33445,Plein jour,En agglomération,Hors intersection,Normale,Autre collision,,,,,,,,,,,1,2,1,1.0,6.0
201000041218,0010-11-04 08:05:00,10,11,4,8,5,680,224,"5, MARTRE (RUE DE LA)",47.7606,7.34045,Plein jour,En agglomération,Hors intersection,Normale,Deux véhicules - arrière,,,,,,,,,,,1,2,1,1.0,2.0
201000041219,0010-11-14 15:30:00,10,11,14,15,30,680,224,CURIE (RUE PIERRE ET MAR,47.75123,7.33512,Plein jour,En agglomération,Intersection en T,Temps éblouissant,Autre collision,,,,,,,,,,,1,2,3,7.0,6.0
201000041220,0010-11-16 16:45:00,10,11,16,16,45,680,224,"119, SOULTZ (RUE DE)",47.7747,7.32031,Crépuscule ou aube,En agglomération,Hors intersection,Normale,Autre collision,,,,,,,,,,,2,2,1,1.0,6.0
201000041221,0010-11-17 13:15:00,10,11,17,13,15,680,224,"40, KATZ (ALLEE NATHAN)",47.75597,7.35052,Plein jour,En agglomération,Hors intersection,Normale,Deux véhicules - côté,,,,,,,,,,,1,2,1,1.0,3.0
201000041222,0010-11-20 11:55:00,10,11,20,11,55,680,224,AUTOROUTE A 36,47.7571,7.29648,Plein jour,Hors agglomération,Hors intersection,Temps couvert,Trois véhicules et plus - collisions multiples,,,,,,,,,,,1,1,1,8.0,5.0
201000041223,0010-11-12 21:40:00,10,11,12,21,40,680,224,"28, BRETAGNE (RUE DE)",47.7594,7.36201,Nuit avec éclairage allumé,En agglomération,Intersection en X,Normale,Deux véhicules - côté,,,,,,,,,,,5,2,2,1.0,3.0
201000041224,0010-11-23 08:50:00,10,11,23,8,50,680,224,"21, SCHUMAN (AVENUE ROBE",47.75234,7.34268,Plein jour,En agglomération,Intersection en T,Temps couvert,Autre collision,,,,,,,,,,,1,2,3,8.0,6.0