accident_id,datetime,annee,mois,jour,heure,minute,departement,commune_insee,adresse,latitude,longitude,luminosite,agglomeration,intersection,meteo,collision,nb_vehicules,nb_usagers,nb_indemnes,nb_tues,nb_blesses_hosp,nb_blesses_legers,age_cond_1,age_cond_2,veh_type_cond_1,veh_type_cond_2,lum_code,agg_code,int_code,atm_code,col_code
201000041349,0010-04-19 12:45:00,10,4,19,12,45,690,91,RUE DE LA PAIX,,,Plein jour,En agglomération,Hors intersection,Normale,Autre collision,,,,,,,,,,,1,2,1,1.0,6.0
201000041350,0010-04-23 11:45:00,10,4,23,11,45,690,96,AVENUE JEAN MOULIN,,,Plein jour,En agglomération,Hors intersection,Normale,Deux véhicules - côté,,,,,,,,,,,1,2,1,1.0,3.0
201000041351,0010-04-23 20:30:00,10,4,23,20,30,690,91,AVENUE GAGARINE,,,Crépuscule ou aube,En agglomération,Intersection en X,Normale,Deux véhicules - côté,,,,,,,,,,,2,2,2,1.0,3.0
201000041352,0010-04-28 08:00:00,10,4,28,8,0,690,91,"X, ROMAIN ROLLAND (RUE)",,,Plein jour,En agglomération,Intersection en X,Normale,Deux véhicules - côté,,,,,,,,,,,1,2,2,1.0,3.0
201000041353,0010-05-08 11:50:00,10,5,8,11,50,690,91,AVENUE GAGARINE,,,Plein jour,En agglomération,Hors intersection,Normale,Deux véhicules - arrière,,,,,,,,,,,1,2,1,1.0,2.0
201000041354,0010-05-05 12:00:00,10,5,5,12,0,690,91,LIEU DIT MANEVIEUX,,,Plein jour,Hors agglomération,Hors intersection,Normale,Autre collision,,,,,,,,,,,1,1,1,1.0,6.0
201000041355,0010-05-11 16:20:00,10,5,11,16,20,690,91,10 AVENUE GAGARINE,,,Plein jour,En agglomération,Hors intersection,Normale,Trois véhicules et plus - en chaîne,,,,,,,,,,,1,2,1,1.0,4.0
201000041356,0010-05-18 11:15:00,10,5,18,11,15,690,96,SABATIER (ANDRE) ( R ),,,Plein jour,En agglomération,Intersection en X,Normale,Deux véhicules - côté,,,,,,,,,,,1,2,2,1.0,3.0
201000041357,0010-05-21 16:35:00,10,5,21,16,35,690,91,"X, PAIX (DE LA) ( R )",,,Plein jour,En agglomération,Autre intersection,Normale,Deux véhicules - arrière,,,,,,,,,,,1,2,9,1.0,2.0
201000041358,0010-05-23 20:15:00,10,5,23,20,15,690,96,"8, FERRY (JULES) ( R )",,,Plein jour,En agglomération,Hors intersection,Normale,Autre collision,,,,,,,,,,,1,2,1,1.0,6.0
201000041359,0010-05-23 20:55:00,10,5,23,20,55,690,91,AVENUE GAGARINE,,,Plein jour,En agglomération,Intersection en X,Normale,Deux véhicules - côté,,,,,,,,,,,1,2,2,1.0,3.0
201000041360,0010-05-30 22:00:00,10,5,30,22,0,690,91,AVENUE GAGARINE,,,Nuit avec éclairage allumé,En agglomération,Intersection en X,Pluie légère,Deux véhicules - côté,,,,,,,,,,,5,2,2,2.0,3.0
201000041361,0010-06-15 07:30:00,10,6,15,7,30,690,91,"X, ANATOLE FRANCE (AV)",,,Plein jour,En agglomération,Intersection en T,Pluie légère,Deux véhicules - côté,,,,,,,,,,,1,2,3,2.0,3.0
201000041362,0010-06-20 16:30:00,10,6,20,16,30,690,91,ROUTE DE MORNANT,,,Plein jour,Hors agglomération,Hors intersection,Temps couvert,Sans collision,,,,,,,,,,,1,1,1,8.0,7.0
201000041363,0010-06-26 11:30:00,10,6,26,11,30,690,96,GAULLE (CHARLES DE) ( R,,,Plein jour,En agglomération,Hors intersection,Normale,Autre collision,,,,,,,,,,,1,2,1,1.0,6.0
201000041364,0010-06-30 15:30:00,10,6,30,15,30,690,91,ROUTE DE RIVE DE GIER,,,Plein jour,Hors agglomération,Hors intersection,Normale,Sans collision,,,,,,,,,,,1,1,1,1.0,7.0
201000041365,0010-07-07 18:50:00,10,7,7,18,50,690,91,"x, MARIE MAS ( R )",,,Plein jour,En agglomération,Hors intersection,Normale,Autre collision,,,,,,,,,,,1,2,1,1.0,6.0
201000041366,0010-07-18 14:40:00,10,7,18,14,40,690,96,"32, CHAROLAISE DES CHARM",,,Plein jour,En agglomération,Hors intersection,Normale,Autre collision,,,,,,,,,,,1,2,1,1.0,6.0
201000041367,0010-07-24 11:00:00,10,7,24,11,0,690,91,"11, MOULIN (DU) ( R )",,,Plein jour,En agglomération,Hors intersection,Normale,Autre collision,,,,,,,,,,,1,2,1,1.0,6.0
201000041368,0010-07-26 21:15:00,10,7,26,21,15,690,91,"6,  RUE ANNE FRANCK",,,Crépuscule ou aube,En agglomération,Hors intersection,Normale,Autre collision,,,,,,,,,,,2,2,1,1.0,6.0
201000041369,0010-07-27 12:35:00,10,7,27,12,35,690,91,"18,  EDOUARD IDOUX",,,Plein jour,En agglomération,Hors intersection,Temps couvert,Trois véhicules et plus - en chaîne,,,,,,,,,,,1,2,1,8.0,4.0
201000041370,0010-07-30 05:10:00,10,7,30,5,10,690,91,"x, PORT DU BIEF (PL)",,,Nuit avec éclairage allumé,En agglomération,Hors intersection,Normale,Deux véhicules - côté,,,,,,,,,,,5,2,1,1.0,3.0
201000041371,0010-08-06 20:50:00,10,8,6,20,50,690,96,"58, MOULIN (JEAN) (AV)",,,Plein jour,En agglomération,Hors intersection,Normale,Sans collision,,,,,,,,,,,1,2,1,1.0,7.0
201000041372,0010-08-22 12:47:00,10,8,22,12,47,690,91,"46, ANATOLE FRANCE (AV)",,,Plein jour,En agglomération,Hors intersection,Normale,Deux véhicules - côté,,,,,,,,,,,1,2,1,1.0,3.0
201000041373,0010-08-26 10:10:00,10,8,26,10,10,690,91,"x, JEAN LIGONNET ( R )",,,Plein jour,En agglomération,Intersection en X,Normale,Deux véhicules - frontale,,,,,,,,,,,1,2,2,1.0,1.0
201000041374,0010-08-27 11:45:00,10,8,27,11,45,690,91,"X, LENINE (AV)",,,Plein jour,En agglomération,Intersection en X,Normale,Deux véhicules - côté,,,,,,,,,,,1,2,2,1.0,3.0
201000041375,0010-09-03 20:00:00,10,9,3,20,0,690,96,"22, SABATIER (ANDRE) ( R",,,Plein jour,En agglomération,Hors intersection,Normale,Autre collision,,,,,,,,,,,1,2,1,1.0,6.0
201000041376,0010-09-09 08:25:00,10,9,9,8,25,690,91,"x, RIVE DE GIER (DE) (RT",,,Plein jour,Hors agglomération,Hors intersection,Normale,Deux véhicules - côté,,,,,,,,,,,1,1,1,1.0,3.0
201000041377,0010-09-14 08:00:00,10,9,14,8,0,690,91,"41, DOCTEUR ROUX (DU) (",,,Plein jour,En agglomération,Hors intersection,Normale,Deux véhicules - arrière,,,,,,,,,,,1,2,1,1.0,2.0
201000041378,0010-09-27 16:25:00,10,9,27,16,25,690,91,"27, JOSEPH LIAUTHAUD ( R",,,Plein jour,En agglomération,Intersection en X,Normale,Deux véhicules - frontale,,,,,,,,,,,1,2,2,1.0,1.0
201000041379,0010-10-01 11:10:00,10,10,1,11,10,690,91,"24, TUILERIES (DES) ( R",,,Plein jour,En agglomération,Intersection en T,Normale,Deux véhicules - côté,,,,,,,,,,,1,2,3,1.0,3.0
201000041380,0010-10-10 14:35:00,10,10,10,14,35,690,91,"x, ANATOLE FRANCE (AV)",,,Plein jour,En agglomération,Intersection à plus de 4 branches,Normale,Deux véhicules - côté,,,,,,,,,,,1,2,5,1.0,3.0
201000041381,0010-10-21 08:40:00,10,10,21,8,40,690,96,"76, SABATIER (ANDRE) ( R",45.6101,4.77823,Plein jour,En agglomération,Hors intersection,Normale,Trois véhicules et plus - collisions multiples,,,,,,,,,,,1,2,1,1.0,5.0
201000041382,0010-10-30 17:00:00,10,10,30,17,0,690,91,"216, RIVE DE GIER (DE) (",45.5761,4.71816,Plein jour,En agglomération,Hors intersection,Pluie légère,Sans collision,,,,,,,,,,,1,2,1,2.0,7.0
201000041383,0010-11-16 08:45:00,10,11,16,8,45,690,91,"x, JEAN BERRY  (PL)",,,Plein jour,En agglomération,Hors intersection,Normale,Autre collision,,,,,,,,,,,1,2,1,1.0,6.0
201000041384,0010-11-24 16:50:00,10,11,24,16,50,690,91,"56, MORNANT (DE) (RTE)",,,Plein jour,Hors agglomération,Hors intersection,Normale,Deux véhicules - frontale,,,,,,,,,,,1,1,1,1.0,1.0
201000041385,0010-12-06 18:25:00,10,12,6,18,25,690,91,"x, MANEVIEUX (LIEU D)",,,Nuit avec éclairage allumé,Hors agglomération,Hors intersection,Pluie légère,Autre collision,,,,,,,,,,,5,1,1,2.0,6.0
201000041386,0010-12-09 14:00:00,10,12,9,14,0,690,91,", VICTOR HUGO ( R )",,,Plein jour,En agglomération,Hors intersection,Normale,Autre collision,,,,,,,,,,,1,2,1,1.0,6.0
201000041387,0010-12-24 13:50:00,10,12,24,13,50,690,96,"56, BOUTEILLER ( R )",,,Plein jour,En agglomération,Hors intersection,Pluie légère,Deux véhicules - côté,,,,,,,,,,,1,2,1,2.0,3.0
201000041388,0010-01-04 07:20:00,10,1,4,7,20,690,149,"35, CADIERE (DE LA)",,,Crépuscule ou aube,En agglomération,Hors intersection,Neige / grêle,Trois véhicules et plus - collisions multiples,,,,,,,,,,,2,2,1,4.0,5.0
201000041389,0010-01-16 10:05:00,10,1,16,10,5,690,202,"03, VALIOUD",,,Plein jour,En agglomération,Hors intersection,Temps couvert,Deux véhicules - frontale,,,,,,,,,,,1,2,1,8.0,1.0
201000041390,0010-01-19 07:20:00,10,1,19,7,20,690,202,"67, VALIOUD",,,Nuit avec éclairage allumé,En agglomération,Hors intersection,Brouillard / fumée,Deux véhicules - arrière,,,,,,,,,,,5,2,1,5.0,2.0
201000041391,0010-01-26 18:00:00,10,1,26,18,0,690,149,"1, GRANDE RUE",,,Nuit avec éclairage allumé,En agglomération,Intersection en X,Normale,Deux véhicules - frontale,,,,,,,,,,,5,2,2,1.0,1.0
201000041392,0010-01-25 12:30:00,10,1,25,12,30,690,142,STEPHANE DECHANT,,,Plein jour,En agglomération,Intersection en X,Normale,Deux véhicules - côté,,,,,,,,,,,1,2,2,1.0,3.0
201000041393,0010-02-01 09:50:00,10,2,1,9,50,690,152,YVOURS (D'),,,Plein jour,En agglomération,Hors intersection,Normale,Trois véhicules et plus - en chaîne,,,,,,,,,,,1,2,1,1.0,4.0
201000041394,0010-02-03 20:25:00,10,2,3,20,25,690,202,MAURICE JARROSON,,,Nuit avec éclairage allumé,En agglomération,Intersection en X,Normale,Deux véhicules - côté,,,,,,,,,,,5,2,2,1.0,3.0
201000041395,0010-02-08 11:10:00,10,2,8,11,10,690,149,FRANCISQUE JOMARD,,,Plein jour,En agglomération,Hors intersection,Normale,Deux véhicules - arrière,,,,,,,,,,,1,2,1,1.0,2.0
201000041396,0010-02-18 18:00:00,10,2,18,18,0,690,152,"96, BD DE L'EUROPE",,,Plein jour,En agglomération,Hors intersection,Normale,Autre collision,,,,,,,,,,,1,2,1,1.0,6.0
201000041397,0010-02-27 18:45:00,10,2,27,18,45,690,149,"44, EMILE ZOLA",,,Nuit avec éclairage allumé,En agglomération,Hors intersection,Normale,Trois véhicules et plus - en chaîne,,,,,,,,,,,5,2,1,1.0,4.0
201000041398,0010-03-10 15:30:00,10,3,10,15,30,690,149,"51, CH DE LA GLACIÈRE",,,Plein jour,En agglomération,Hors intersection,Temps couvert,Autre collision,,,,,,,,,,,1,2,1,8.0,6.0
201000041399,0010-03-16 16:30:00,10,3,16,16,30,690,149,"42, JEAN JAURES",,,Plein jour,En agglomération,Hors intersection,Temps éblouissant,Sans collision,,,,,,,,,,,1,2,1,7.0,7.0
201000041400,0010-03-16 16:35:00,10,3,16,16,35,690,202,"51, PROVINCES (DES)",,,Plein jour,En agglomération,Hors intersection,Normale,Deux véhicules - côté,,,,,,,,,,,1,2,1,1.0,3.0
201000041401,0010-03-12 16:30:00,10,3,12,16,30,690,149,"21,  BD EMILE ZOLA",,,Plein jour,En agglomération,Hors intersection,Temps éblouissant,Autre collision,,,,,,,,,,,1,2,1,7.0,6.0
201000041402,0010-03-12 19:25:00,10,3,12,19,25,690,149,BD EMILE ZOLA,,,Nuit avec éclairage allumé,En agglomération,Intersection en T,Normale,Deux véhicules - côté,,,,,,,,,,,5,2,3,1.0,3.0
201000041403,0010-03-09 18:45:00,10,3,9,18,45,690,149,"273, GRANDE RUE",,,Nuit avec éclairage allumé,En agglomération,Hors intersection,Normale,Deux véhicules - côté,,,,,,,,,,,5,2,1,1.0,3.0
201000041404,0010-03-12 15:45:00,10,3,12,15,45,690,202,"13, RAZES (DES)",,,Plein jour,En agglomération,Hors intersection,Normale,Deux véhicules - frontale,,,,,,,,,,,1,2,1,1.0,1.0
201000041405,0010-03-31 23:55:00,10,3,31,23,55,690,149,GRANDE RUE,,,Nuit sans éclairage public,En agglomération,Intersection en X,Pluie légère,Deux véhicules - côté,,,,,,,,,,,3,2,2,2.0,3.0
201000041406,0010-04-02 16:15:00,10,4,2,16,15,690,152,MURIERS (DES),,,Plein jour,En agglomération,Hors intersection,Normale,Trois véhicules et plus - collisions multiples,,,,,,,,,,,1,2,1,1.0,5.0
201000041407,0010-03-23 21:20:00,10,3,23,21,20,690,152,CHEMIN DES MURIERS,,,Nuit avec éclairage allumé,En agglomération,Giratoire,Normale,Autre collision,,,,,,,,,,,5,2,6,1.0,6.0
201000041408,0010-03-26 20:40:00,10,3,26,20,40,690,202,"40, AQUEDUC DE BEAUNANT",,,Nuit avec éclairage allumé,En agglomération,Hors intersection,Pluie légère,Deux véhicules - côté,,,,,,,,,,,5,2,1,2.0,3.0
201000041409,0010-04-18 18:34:00,10,4,18,18,34,690,149,"12, JEAN JAURES",,,Plein jour,En agglomération,Hors intersection,Normale,Autre collision,,,,,,,,,,,1,2,1,1.0,6.0
201000041410,0010-04-20 16:30:00,10,4,20,16,30,690,149,"24, VOLTAIRE",,,Plein jour,En agglomération,Hors intersection,Normale,Autre collision,,,,,,,,,,,1,2,1,1.0,6.0
201000041411,0010-04-22 18:00:00,10,4,22,18,0,690,149,"63, GRANDE RUE",,,Plein jour,En agglomération,Hors intersection,Normale,Autre collision,,,,,,,,,,,1,2,1,1.0,6.0
201000041412,0010-04-27 18:30:00,10,4,27,18,30,690,202,PROVINCES (DES),,,Plein jour,En agglomération,Hors intersection,Normale,Deux véhicules - côté,,,,,,,,,,,1,2,1,1.0,3.0
201000041413,0010-05-04 21:30:00,10,5,4,21,30,690,152,"74 BIS, BD DE L'EUROPE",,,Nuit avec éclairage allumé,En agglomération,Hors intersection,Pluie forte,Deux véhicules - frontale,,,,,,,,,,,5,2,1,3.0,1.0
201000041414,0010-05-08 15:00:00,10,5,8,15,0,690,202,"87, AQUEDUC DE BEAUNANT",,,Plein jour,En agglomération,Intersection en Y,Normale,Autre collision,,,,,,,,,,,1,2,4,1.0,6.0
201000041415,0010-06-02 18:00:00,10,6,2,18,0,690,202,LIBERATION (DE LA),,,Plein jour,Hors agglomération,Intersection à plus de 4 branches,Normale,Trois véhicules et plus - en chaîne,,,,,,,,,,,1,1,5,1.0,4.0
201000041416,0010-06-15 15:25:00,10,6,15,15,25,690,149,"100, EMILE ZOLA",,,Plein jour,En agglomération,Hors intersection,Pluie légère,Deux véhicules - frontale,,,,,,,,,,,1,2,1,2.0,1.0
201000041417,0010-06-15 14:00:00,10,6,15,14,0,690,149,BOULEVARD DE L'EUROPE,,,Plein jour,En agglomération,Hors intersection,Pluie légère,Deux véhicules - côté,,,,,,,,,,,1,2,1,2.0,3.0
201000041418,0010-06-25 01:48:00,10,6,25,1,48,690,152,LONE (DE LA),,,Nuit sans éclairage public,Hors agglomération,Hors intersection,Normale,Deux véhicules - frontale,,,,,,,,,,,3,1,1,1.0,1.0
201000041419,0010-06-18 08:30:00,10,6,18,8,30,690,202,"X, LIBERATION (DE LA)",,,Plein jour,En agglomération,Intersection en T,Normale,Deux véhicules - côté,,,,,,,,,,,1,2,3,1.0,3.0
201000041420,0010-04-19 22:15:00,10,4,19,22,15,690,202,CHAPONOST (DE),,,Nuit avec éclairage allumé,En agglomération,Giratoire,Normale,Deux véhicules - côté,,,,,,,,,,,5,2,6,1.0,3.0
201000041421,0010-07-08 13:20:00,10,7,8,13,20,690,152,"X, MURIERS (DES)",,,Plein jour,En agglomération,Hors intersection,Normale,Deux véhicules - arrière,,,,,,,,,,,1,2,1,1.0,2.0
201000041422,0010-07-07 13:30:00,10,7,7,13,30,690,152,"25, MURIERS (DES)",,,Plein jour,En agglomération,Hors intersection,Normale,Deux véhicules - côté,,,,,,,,,,,1,2,1,1.0,3.0
201000041423,0010-06-29 11:20:00,10,6,29,11,20,690,149,GRANDE RUE,,,Plein jour,En agglomération,Intersection en Y,Normale,Autre collision,,,,,,,,,,,1,2,4,1.0,6.0
201000041424,0010-07-05 17:10:00,10,7,5,17,10,690,202,AVENUE PAUL DAILLY,,,Plein jour,En agglomération,Intersection en X,Normale,Deux véhicules - côté,,,,,,,,,,,1,2,2,1.0,3.0
201000041425,0010-07-01 14:45:00,10,7,1,14,45,690,149,"1, JEAN JAURES",,,Plein jour,En agglomération,Hors intersection,Temps éblouissant,Autre collision,,,,,,,,,,,1,2,1,7.0,6.0
201000041426,0010-07-21 17:27:00,10,7,21,17,27,690,152,HENRI BARBUSSE,,,Plein jour,En agglomération,Intersection en X,Normale,Deux véhicules - côté,,,,,,,,,,,1,2,2,1.0,3.0
201000041427,0010-07-30 06:55:00,10,7,30,6,55,690,149,"X, CAMILLE (DE LA)",,,Plein jour,En agglomération,Intersection en X,Normale,Deux véhicules - côté,,,,,,,,,,,1,2,2,1.0,3.0
201000041428,0010-07-28 09:52:00,10,7,28,9,52,690,202,"X, COMMANDANT CHARCOT (D",,,Plein jour,En agglomération,Intersection en T,Normale,Deux véhicules - frontale,,,,,,,,,,,1,2,3,1.0,1.0
201000041429,0010-08-01 20:50:00,10,8,1,20,50,690,149,"X, EMILE ZOLA",,,Plein jour,En agglomération,Intersection en T,Pluie légère,Deux véhicules - côté,,,,,,,,,,,1,2,3,2.0,3.0
201000041430,0010-08-03 17:43:00,10,8,3,17,43,690,149,"X, PIERRE SEMARD",,,Plein jour,En agglomération,Intersection en X,Normale,Deux véhicules - côté,,,,,,,,,,,1,2,2,1.0,3.0
201000041431,0010-08-04 16:55:00,10,8,4,16,55,690,202,CROIX BERTHET (DE LA),,,Plein jour,En agglomération,Intersection en T,Temps éblouissant,Deux véhicules - arrière,,,,,,,,,,,1,2,3,7.0,2.0
201000041432,0010-08-12 16:30:00,10,8,12,16,30,690,149,FRANCISQUE JOMARD,,,Plein jour,En agglomération,Intersection en X,Normale,Deux véhicules - côté,,,,,,,,,,,1,2,2,1.0,3.0
201000041433,0010-08-14 12:30:00,10,8,14,12,30,690,149,", MARCEAU",,,Plein jour,En agglomération,Intersection en X,Normale,Deux véhicules - frontale,,,,,,,,,,,1,2,2,1.0,1.0
201000041434,0010-08-11 18:56:00,10,8,11,18,56,690,142,GENERAL DE GAULLE,,,Plein jour,En agglomération,Hors intersection,Normale,Deux véhicules - arrière,,,,,,,,,,,1,2,1,1.0,2.0
201000041435,0010-08-19 13:35:00,10,8,19,13,35,690,202,PAUL DAILLY,,,Plein jour,En agglomération,Intersection en T,Normale,Deux véhicules - arrière,,,,,,,,,,,1,2,3,1.0,2.0
201000041436,0010-08-19 23:50:00,10,8,19,23,50,690,142,PIERRE VICTOR GALTIER,,,Nuit avec éclairage allumé,En agglomération,Autre intersection,Normale,Sans collision,,,,,,,,,,,5,2,9,1.0,7.0
201000041437,0010-08-20 22:40:00,10,8,20,22,40,690,149,"36, GRANDE RUE",,,Nuit avec éclairage allumé,En agglomération,Hors intersection,Normale,Deux véhicules - côté,,,,,,,,,,,5,2,1,1.0,3.0
201000041438,0010-08-23 15:20:00,10,8,23,15,20,690,149,EDOUARD VAILLANT,,,Plein jour,En agglomération,Intersection en X,Normale,Deux véhicules - côté,,,,,,,,,,,1,2,2,1.0,3.0
201000041439,0010-09-03 06:10:00,10,9,3,6,10,690,152,"X, JULES GUESDE",,,Nuit avec éclairage allumé,En agglomération,Intersection en X,Normale,Autre collision,,,,,,,,,,,5,2,2,1.0,6.0
201000041440,0010-09-01 11:30:00,10,9,1,11,30,690,142,"66, STEPHANE DECHANT",45.7262,4.81437,Plein jour,En agglomération,Hors intersection,Normale,Deux véhicules - arrière,,,,,,,,,,,1,2,1,1.0,2.0
201000041441,0010-09-07 09:15:00,10,9,7,9,15,690,202,"48, VALIOUD",45.7448,4.80877,Plein jour,En agglomération,Hors intersection,Pluie forte,Sans collision,,,,,,,,,,,1,2,1,3.0,7.0
201000041442,0010-09-07 16:55:00,10,9,7,16,55,690,152,"165, GRAND REVOYET (DU)",45.7028,4.80531,Plein jour,En agglomération,Hors intersection,Pluie forte,Autre collision,,,,,,,,,,,1,2,1,3.0,6.0
201000041443,0010-09-21 21:20:00,10,9,21,21,20,690,152,STATION D'EPURATION,45.6952,4.82601,Nuit avec éclairage allumé,En agglomération,Giratoire,Normale,Deux véhicules - côté,,,,,,,,,,,5,2,6,1.0,3.0
201000041444,0010-09-22 12:10:00,10,9,22,12,10,690,149,GRANDE RUE,45.7129,4.80426,Plein jour,En agglomération,Intersection en T,Normale,Sans collision,,,,,,,,,,,1,2,3,1.0,7.0
201000041445,0010-09-24 18:05:00,10,9,24,18,5,690,152,", EUROPE (DE L')",45.7066,4.82109,Plein jour,En agglomération,Intersection en X,Normale,Deux véhicules - arrière,,,,,,,,,,,1,2,2,1.0,2.0
201000041446,0010-09-27 17:15:00,10,9,27,17,15,690,149,FRANCISQUE JOMARD,45.7152,4.80023,Plein jour,En agglomération,Intersection en T,Temps couvert,Deux véhicules - côté,,,,,,,,,,,1,2,3,8.0,3.0
201000041447,0010-09-30 12:30:00,10,9,30,12,30,690,202,PAUL DAILLY,,,Plein jour,En agglomération,Hors intersection,Pluie légère,Autre collision,,,,,,,,,,,1,2,1,2.0,6.0
201000041448,0010-09-30 08:40:00,10,9,30,8,40,690,142,"3, GALTIER",45.7304,4.81137,Plein jour,En agglomération,Hors intersection,Temps couvert,Deux véhicules - frontale,,,,,,,,,,,1,2,1,8.0,1.0
201000041449,0010-09-30 11:15:00,10,9,30,11,15,690,149,"X, PIERRE SEMARD",45.7175,4.80963,Plein jour,En agglomération,Intersection en X,Normale,Autre collision,,,,,,,,,,,1,2,2,1.0,6.0
201000041450,0010-09-29 12:10:00,10,9,29,12,10,690,152,"41, EUROPE (DE L')",,,Plein jour,En agglomération,Hors intersection,Normale,Deux véhicules - côté,,,,,,,,,,,1,2,1,1.0,3.0
201000041451,0010-10-07 16:33:00,10,10,7,16,33,690,152,VOLTAIRE,,,Plein jour,En agglomération,Hors intersection,Normale,Deux véhicules - arrière,,,,,,,,,,,1,2,1,1.0,2.0
201000041452,0010-10-06 09:25:00,10,10,6,9,25,690,142,STEPHANE DECHANT,,,Plein jour,En agglomération,Intersection en Y,Normale,Deux véhicules - côté,,,,,,,,,,,1,2,4,1.0,3.0
201000041453,0010-10-09 12:30:00,10,10,9,12,30,690,202,"55, VALIOUD",,,Plein jour,En agglomération,Hors intersection,Normale,Deux véhicules - côté,,,,,,,,,,,1,2,1,1.0,3.0
201000041454,0010-10-09 23:45:00,10,10,9,23,45,690,149,"02 bis, JOHN ET ROBERT K",,,Nuit avec éclairage allumé,En agglomération,Hors intersection,Normale,Autre collision,,,,,,,,,,,5,2,1,1.0,6.0
201000041455,0010-10-15 09:13:00,10,10,15,9,13,690,202,CROIX DE PIVORT (DE LA),,,Plein jour,En agglomération,Autre intersection,Normale,Deux véhicules - côté,,,,,,,,,,,1,2,9,1.0,3.0
201000041456,0010-10-22 17:00:00,10,10,22,17,0,690,149,"162, GRANDE RUE",,,Plein jour,En agglomération,Hors intersection,Normale,Autre collision,,,,,,,,,,,1,2,1,1.0,6.0
201000041457,0010-11-01 20:20:00,10,11,1,20,20,690,149,PIERRE DUPONT,,,Nuit avec éclairage allumé,En agglomération,Intersection en X,Normale,Deux véhicules - côté,,,,,,,,,,,5,2,2,1.0,3.0
201000041458,0010-10-27 12:20:00,10,10,27,12,20,690,152,"63-65, EUROPE (DE L')",,,Plein jour,En agglomération,Hors intersection,Normale,Trois véhicules et plus - en chaîne,,,,,,,,,,,1,2,1,1.0,4.0
201000041459,0010-10-29 16:40:00,10,10,29,16,40,690,142,MULATIERE (DE LA),,,Plein jour,Hors agglomération,Hors intersection,Normale,Deux véhicules - arrière,,,,,,,,,,,1,1,1,1.0,2.0
201000041460,0010-11-04 18:40:00,10,11,4,18,40,690,149,"X, GLACIERE (DE LA)",,,Nuit avec éclairage allumé,En agglomération,Hors intersection,Normale,Autre collision,,,,,,,,,,,5,2,1,1.0,6.0
201000041461,0010-11-06 19:15:00,10,11,6,19,15,690,149,GRANDE RUE,,,Nuit avec éclairage allumé,En agglomération,Intersection en X,Normale,Autre collision,,,,,,,,,,,5,2,2,1.0,6.0
201000041462,0010-11-05 12:00:00,10,11,5,12,0,690,149,EUROPE (DE L'),,,Plein jour,En agglomération,Hors intersection,Temps couvert,Deux véhicules - côté,,,,,,,,,,,1,2,1,8.0,3.0
201000041463,0010-11-12 11:20:00,10,11,12,11,20,690,149,GRANDE RUE,,,Plein jour,En agglomération,Intersection en T,Normale,Deux véhicules - arrière,,,,,,,,,,,1,2,3,1.0,2.0
201000041464,0010-11-15 17:45:00,10,11,15,17,45,690,202,"45, MARECHAL FOCH (DU)",,,Nuit avec éclairage non allumé,En agglomération,Hors intersection,Pluie légère,Autre collision,,,,,,,,,,,4,2,1,2.0,6.0
201000041465,0010-11-10 18:26:00,10,11,10,18,26,690,202,"42, PROVINCES (DES)",,,Nuit avec éclairage allumé,En agglomération,Hors intersection,Normale,Autre collision,,,,,,,,,,,5,2,1,1.0,6.0
201000041466,0010-11-17 15:15:00,10,11,17,15,15,690,202,"37, PROVINCES (DES)",,,Plein jour,En agglomération,Hors intersection,Normale,Deux véhicules - arrière,,,,,,,,,,,1,2,1,1.0,2.0
201000041467,0010-11-25 18:55:00,10,11,25,18,55,690,202,"05, MARCEL ACHARD",,,Nuit avec éclairage allumé,En agglomération,Hors intersection,Pluie légère,Sans collision,,,,,,,,,,,5,2,1,2.0,7.0
201000041468,0010-11-13 19:25:00,10,11,13,19,25,690,202,XAVIER RICARD,,,Nuit avec éclairage allumé,En agglomération,Hors intersection,Normale,Autre collision,,,,,,,,,,,5,2,1,1.0,6.0
201000041469,0010-11-18 07:45:00,10,11,18,7,45,690,152,"17, MURIERS (DES)",,,Crépuscule ou aube,En agglomération,Intersection en T,Pluie légère,Autre collision,,,,,,,,,,,2,2,3,2.0,6.0
201000041470,0010-12-06 08:18:00,10,12,6,8,18,690,152,"T, HENRI BARBUSSE",,,Plein jour,En agglomération,Intersection en T,Pluie légère,Deux véhicules - côté,,,,,,,,,,,1,2,3,2.0,3.0
201000041471,0010-11-25 19:26:00,10,11,25,19,26,690,149,"77, EMILE ZOLA",,,Nuit sans éclairage public,En agglomération,Hors intersection,Pluie légère,Autre collision,,,,,,,,,,,3,2,1,2.0,6.0
201000041472,0010-11-10 15:25:00,10,11,10,15,25,690,152,EUROPE (DE L'),,,Plein jour,En agglomération,Intersection en X,Pluie légère,Deux véhicules - arrière,,,,,,,,,,,1,2,2,2.0,2.0
201000041473,0010-12-09 17:00:00,10,12,9,17,0,690,142,"A7, AUTOROUTE A7",,,Plein jour,Hors agglomération,Hors intersection,Normale,Deux véhicules - arrière,,,,,,,,,,,1,1,1,1.0,2.0
201000041474,0010-12-10 07:30:00,10,12,10,7,30,690,149,CAMILLE (DE LA),,,Nuit avec éclairage allumé,En agglomération,Intersection en T,Normale,Autre collision,,,,,,,,,,,5,2,3,1.0,6.0
201000041475,0010-11-29 20:10:00,10,11,29,20,10,690,202,MARECHAL FOCH (DU),45.7392,4.80619,Nuit avec éclairage allumé,En agglomération,Intersection en Y,Normale,Deux véhicules - côté,,,,,,,,,,,5,2,4,1.0,3.0