accident_id,datetime,annee,mois,jour,heure,minute,departement,commune_insee,adresse,latitude,longitude,luminosite,agglomeration,intersection,meteo,collision,nb_vehicules,nb_usagers,nb_indemnes,nb_tues,nb_blesses_hosp,nb_blesses_legers,age_cond_1,age_cond_2,veh_type_cond_1,veh_type_cond_2,lum_code,agg_code,int_code,atm_code,col_code
201000041602,0010-05-25 18:50:00,10,5,25,18,50,690,259,", RUE PRESIDENT SALVADOR",,,Plein jour,En agglomération,Intersection en X,Normale,Deux véhicules - frontale,,,,,,,,,,,1,2,2,1.0,1.0
201000041603,0010-05-26 17:30:00,10,5,26,17,30,690,259,"186, FRANCIS DE PRESSENS",,,Plein jour,En agglomération,Hors intersection,Pluie légère,Deux véhicules - côté,,,,,,,,,,,1,2,1,2.0,3.0
201000041604,0010-05-26 15:50:00,10,5,26,15,50,690,199,"0, JEAN JAURES",,,Plein jour,En agglomération,Hors intersection,Normale,Deux véhicules - arrière,,,,,,,,,,,1,2,1,1.0,2.0
201000041605,0010-05-28 08:30:00,10,5,28,8,30,690,259,"43, BOULEVARD LAURENT GE",,,Plein jour,En agglomération,Hors intersection,Normale,Autre collision,,,,,,,,,,,1,2,1,1.0,6.0
201000041606,0010-05-31 17:20:00,10,5,31,17,20,690,259,"1, AVENUE JEAN CAGNE",,,Plein jour,En agglomération,Intersection en X,Normale,Deux véhicules - côté,,,,,,,,,,,1,2,2,1.0,3.0
201000041607,0010-05-31 13:40:00,10,5,31,13,40,690,259,"39, PROFESSEUR ROUX (DU)",,,Plein jour,En agglomération,Hors intersection,Normale,Autre collision,,,,,,,,,,,1,2,1,1.0,6.0
201000041608,0010-06-04 17:40:00,10,6,4,17,40,690,259,"136, BOULEVARD IRENE JOL",,,Plein jour,En agglomération,Hors intersection,Normale,Trois véhicules et plus - collisions multiples,,,,,,,,,,,1,2,1,1.0,5.0
201000041609,0010-06-10 17:50:00,10,6,10,17,50,690,259,"0, RUE CHENE VELIN",,,Plein jour,En agglomération,Intersection en T,Normale,Deux véhicules - côté,,,,,,,,,,,1,2,3,1.0,3.0
201000041610,0010-06-05 18:40:00,10,6,5,18,40,690,259,"25, AVENUE JACQUES DUCLO",,,Plein jour,En agglomération,Hors intersection,Normale,Autre collision,,,,,,,,,,,1,2,1,1.0,6.0
201000041611,0010-06-14 08:15:00,10,6,14,8,15,690,259,"0, BOULEVARD DU DOCTEUR",,,Plein jour,En agglomération,Hors intersection,Normale,Trois véhicules et plus - en chaîne,,,,,,,,,,,1,2,1,1.0,4.0
201000041612,0010-06-17 23:00:00,10,6,17,23,0,690,259,PLACE LEON SUBLET,,,Nuit avec éclairage allumé,En agglomération,Hors intersection,Autre,Deux véhicules - arrière,,,,,,,,,,,5,2,1,9.0,2.0
201000041613,0010-06-20 17:00:00,10,6,20,17,0,690,259,"0, BOULEVARD AMBROISE CR",,,Plein jour,En agglomération,Hors intersection,Normale,Autre collision,,,,,,,,,,,1,2,1,1.0,6.0
201000041614,0010-06-21 15:30:00,10,6,21,15,30,690,199,"0, RUE MARCELLIN BERTHEL",,,Plein jour,En agglomération,Intersection en X,Normale,Deux véhicules - côté,,,,,,,,,,,1,2,2,1.0,3.0
201000041615,0010-06-22 07:00:00,10,6,22,7,0,690,259,"0, BOULEVARD DU DOCTEUR",,,Plein jour,En agglomération,Intersection en T,Normale,Deux véhicules - côté,,,,,,,,,,,1,2,3,1.0,3.0
201000041616,0010-06-18 16:10:00,10,6,18,16,10,690,259,"21, BOULEVARD LENINE",,,Plein jour,En agglomération,Hors intersection,Normale,Autre collision,,,,,,,,,,,1,2,1,1.0,6.0
201000041617,0010-06-25 10:00:00,10,6,25,10,0,690,259,BOULEVARD IRENE JOLIOT C,,,Plein jour,En agglomération,Intersection en X,Normale,Deux véhicules - côté,,,,,,,,,,,1,2,2,1.0,3.0
201000041618,0010-06-26 20:50:00,10,6,26,20,50,690,259,"0, RUE GEORGES LYVET",,,Plein jour,En agglomération,Intersection en T,Normale,Deux véhicules - côté,,,,,,,,,,,1,2,3,1.0,3.0
201000041619,0010-07-05 10:25:00,10,7,5,10,25,690,259,"5,  MARTYRS DE LA RESIST",,,Plein jour,En agglomération,Hors intersection,Normale,Deux véhicules - arrière,,,,,,,,,,,1,2,1,1.0,2.0
201000041620,0010-07-01 17:40:00,10,7,1,17,40,690,259,"199, FRANCIS DE PRESSENS",,,Plein jour,En agglomération,Hors intersection,Normale,Deux véhicules - arrière,,,,,,,,,,,1,2,1,1.0,2.0
201000041621,0010-07-06 08:50:00,10,7,6,8,50,690,199,"3, AVENUE GABRIEL PERI",,,Plein jour,En agglomération,Hors intersection,Normale,Deux véhicules - frontale,,,,,,,,,,,1,2,1,1.0,1.0
201000041622,0010-07-09 07:40:00,10,7,9,7,40,690,259,"0, RUE EUGENE PELOUX",,,Plein jour,En agglomération,Intersection en X,Normale,Deux véhicules - côté,,,,,,,,,,,1,2,2,1.0,3.0
201000041623,0010-07-11 19:50:00,10,7,11,19,50,690,259,", AVENUE PIERRE SEMARD",,,Plein jour,En agglomération,Intersection en X,Normale,Deux véhicules - frontale,,,,,,,,,,,1,2,2,1.0,1.0
201000041624,0010-07-16 16:40:00,10,7,16,16,40,690,259,BOULEVARD IRENE JOLIOT C,,,Plein jour,En agglomération,Hors intersection,Normale,Deux véhicules - côté,,,,,,,,,,,1,2,1,1.0,3.0
201000041625,0010-07-16 07:20:00,10,7,16,7,20,690,259,RUE CARNOT,,,Plein jour,En agglomération,Intersection en X,Temps couvert,Deux véhicules - côté,,,,,,,,,,,1,2,2,8.0,3.0
201000041626,0010-07-17 18:35:00,10,7,17,18,35,690,259,"38, RUE LEO LAGRANGE",,,Plein jour,En agglomération,Hors intersection,Normale,Deux véhicules - côté,,,,,,,,,,,1,2,1,1.0,3.0
201000041627,0010-07-19 19:00:00,10,7,19,19,0,690,259,BOULEVARD IRENE JOLIOT C,,,Plein jour,En agglomération,Autre intersection,Normale,Autre collision,,,,,,,,,,,1,2,9,1.0,6.0
201000041628,0010-07-21 17:40:00,10,7,21,17,40,690,199,"91, AVENUE JEAN JAURES",,,Plein jour,En agglomération,Hors intersection,Normale,Deux véhicules - côté,,,,,,,,,,,1,2,1,1.0,3.0
201000041629,0010-07-22 21:35:00,10,7,22,21,35,690,259,"1, BOULEVARD AMBROISE CR",,,Nuit avec éclairage non allumé,En agglomération,Hors intersection,Pluie légère,Autre collision,,,,,,,,,,,4,2,1,2.0,6.0
201000041630,0010-07-24 21:00:00,10,7,24,21,0,690,259,RUE DES MARTYRS DE LA RE,,,Crépuscule ou aube,En agglomération,Intersection en T,Normale,Autre collision,,,,,,,,,,,2,2,3,1.0,6.0
201000041631,0010-07-24 19:40:00,10,7,24,19,40,690,259,BOULEVARD PINEL,,,Plein jour,En agglomération,Intersection en X,Normale,Deux véhicules - côté,,,,,,,,,,,1,2,2,1.0,3.0
201000041632,0010-07-30 23:45:00,10,7,30,23,45,690,259,"0, BD AMBROISE CROIZAT",,,Nuit avec éclairage non allumé,En agglomération,Intersection en T,Normale,Deux véhicules - côté,,,,,,,,,,,4,2,3,1.0,3.0
201000041633,0010-07-25 20:30:00,10,7,25,20,30,690,259,AVENUE PIERRE COT,,,Plein jour,En agglomération,Giratoire,Normale,Deux véhicules - côté,,,,,,,,,,,1,2,6,1.0,3.0
201000041634,0010-07-02 09:10:00,10,7,2,9,10,690,259,"112, FRANCIS DE PRESSENS",,,Plein jour,En agglomération,Hors intersection,Normale,Deux véhicules - arrière,,,,,,,,,,,1,2,1,1.0,2.0
201000041635,0010-08-05 11:30:00,10,8,5,11,30,690,199,BOULEVARD YVES FARGE,,,Plein jour,En agglomération,Intersection en X,Normale,Deux véhicules - arrière,,,,,,,,,,,1,2,2,1.0,2.0
201000041636,0010-08-03 18:25:00,10,8,3,18,25,690,199,"0, RUE CARNOT",,,Plein jour,En agglomération,Intersection en X,Normale,Deux véhicules - côté,,,,,,,,,,,1,2,2,1.0,3.0
201000041637,0010-08-17 18:00:00,10,8,17,18,0,690,259,"0, AVENUE MAURICE THOREZ",,,Plein jour,En agglomération,Intersection en X,Normale,Deux véhicules - arrière,,,,,,,,,,,1,2,2,1.0,2.0
201000041638,0010-08-18 14:00:00,10,8,18,14,0,690,259,"0, RUE VLADIMIR KOMAROV",,,Plein jour,En agglomération,Intersection en T,Normale,Deux véhicules - côté,,,,,,,,,,,1,2,3,1.0,3.0
201000041639,0010-08-19 13:00:00,10,8,19,13,0,690,259,"48, BOULEVARD MARCEL SEM",,,Plein jour,En agglomération,Hors intersection,Normale,Deux véhicules - côté,,,,,,,,,,,1,2,1,1.0,3.0
201000041640,0010-08-22 23:20:00,10,8,22,23,20,690,199,"0, AVENUE GABRIEL PERI",,,Nuit avec éclairage allumé,En agglomération,Intersection en X,Normale,Deux véhicules - côté,,,,,,,,,,,5,2,2,1.0,3.0
201000041641,0010-08-18 10:00:00,10,8,18,10,0,690,259,AVENUE MARCEL HOUEL,,,Plein jour,En agglomération,Intersection à plus de 4 branches,Normale,Deux véhicules - côté,,,,,,,,,,,1,2,5,1.0,3.0
201000041642,0010-08-26 15:43:00,10,8,26,15,43,690,259,"6, RUE JEAN VILAR",,,Plein jour,En agglomération,Hors intersection,Normale,Autre collision,,,,,,,,,,,1,2,1,1.0,6.0
201000041643,0010-08-23 11:40:00,10,8,23,11,40,690,199,"6, AVENUE ALBERT THOMAS",,,Plein jour,En agglomération,Hors intersection,Normale,Autre collision,,,,,,,,,,,1,2,1,1.0,6.0
201000041644,0010-08-30 16:05:00,10,8,30,16,5,690,259,"46, AVENUE JULES GUESDE",,,Plein jour,En agglomération,Hors intersection,Normale,Deux véhicules - côté,,,,,,,,,,,1,2,1,1.0,3.0
201000041645,0010-09-01 07:50:00,10,9,1,7,50,690,199,"0, RUE CHARLES PLASSE",,,Plein jour,Hors agglomération,Hors intersection,Normale,Deux véhicules - frontale,,,,,,,,,,,1,1,1,1.0,1.0
201000041646,0010-09-02 16:00:00,10,9,2,16,0,690,259,"16, RUE ALBERT EINSTEIN",,,Plein jour,En agglomération,Hors intersection,Normale,Autre collision,,,,,,,,,,,1,2,1,1.0,6.0
201000041647,0010-09-08 20:10:00,10,9,8,20,10,690,259,RUE DE LA COMMUNE DE PAR,,,Crépuscule ou aube,En agglomération,Intersection en T,Normale,Deux véhicules - côté,,,,,,,,,,,2,2,3,1.0,3.0
201000041648,0010-09-14 18:35:00,10,9,14,18,35,690,259,"129, AVENUE FRANCIS DE P",,,Plein jour,En agglomération,Hors intersection,Normale,Deux véhicules - côté,,,,,,,,,,,1,2,1,1.0,3.0
201000041649,0010-09-14 04:45:00,10,9,14,4,45,690,259,BOULEVARD IRENE JOLIOT C,,,Nuit avec éclairage allumé,En agglomération,Giratoire,Normale,Autre collision,,,,,,,,,,,5,2,6,1.0,6.0
201000041650,0010-09-10 17:00:00,10,9,10,17,0,690,259,BOULEVARD YVES FARGE,,,Plein jour,En agglomération,Hors intersection,Normale,Sans collision,,,,,,,,,,,1,2,1,1.0,7.0
201000041651,0010-09-12 19:30:00,10,9,12,19,30,690,199,"0, RUE DE LA JACHERE",,,Plein jour,En agglomération,Intersection en T,Normale,Deux véhicules - frontale,,,,,,,,,,,1,2,3,1.0,1.0
201000041652,0010-09-17 20:22:00,10,9,17,20,22,690,199,"22, RUE DU LABOUR",,,Nuit avec éclairage allumé,En agglomération,Hors intersection,Normale,Deux véhicules - frontale,,,,,,,,,,,5,2,1,1.0,1.0
201000041653,0010-09-20 13:19:00,10,9,20,13,19,690,199,"1, CARNOT",,,Plein jour,En agglomération,Hors intersection,Normale,Deux véhicules - arrière,,,,,,,,,,,1,2,1,1.0,2.0
201000041654,0010-09-23 12:35:00,10,9,23,12,35,690,259,"0, RUE GEORGES LYVET",,,Plein jour,En agglomération,Hors intersection,Normale,Autre collision,,,,,,,,,,,1,2,1,1.0,6.0
201000041655,0010-09-22 20:00:00,10,9,22,20,0,690,259,"22, AVENUE JACQUES DUCLO",,,Crépuscule ou aube,En agglomération,Hors intersection,Normale,Sans collision,,,,,,,,,,,2,2,1,1.0,7.0
201000041656,0010-09-22 08:25:00,10,9,22,8,25,690,259,AVENUE CHARLES DE GAULLE,,,Plein jour,En agglomération,Hors intersection,Normale,Deux véhicules - arrière,,,,,,,,,,,1,2,1,1.0,2.0
201000041657,0010-09-28 22:00:00,10,9,28,22,0,690,199,"0, RUE PASTEUR",,,Nuit avec éclairage allumé,En agglomération,Intersection en X,Normale,Deux véhicules - côté,,,,,,,,,,,5,2,2,1.0,3.0
201000041658,0010-09-30 08:40:00,10,9,30,8,40,690,199,"0, RUE DE LA TANNERIE",,,Plein jour,En agglomération,Intersection en T,Normale,Deux véhicules - côté,,,,,,,,,,,1,2,3,1.0,3.0
201000041659,0010-10-07 14:10:00,10,10,7,14,10,690,199,"7, RUE DES PLATANES",45.7077,4.85411,Plein jour,En agglomération,Hors intersection,Normale,Autre collision,,,,,,,,,,,1,2,1,1.0,6.0
201000041660,0010-10-03 05:20:00,10,10,3,5,20,690,259,"10.11, BOULEVARD IRENE J",45.7244,4.87163,Nuit avec éclairage allumé,En agglomération,Giratoire,Vent fort / tempête,Autre collision,,,,,,,,,,,5,2,6,6.0,6.0
201000041661,0010-04-03 16:35:00,10,4,3,16,35,690,199,"5, CARNOT",,,Plein jour,En agglomération,Hors intersection,Normale,Deux véhicules - arrière,,,,,,,,,,,1,2,1,1.0,2.0
201000041662,0010-09-30 10:45:00,10,9,30,10,45,690,199,"16, ALLEE DE L ARSENAL",,,Plein jour,En agglomération,Hors intersection,Normale,Autre collision,,,,,,,,,,,1,2,1,1.0,6.0
201000041663,0010-10-08 17:45:00,10,10,8,17,45,690,259,"2, RUE DU MOULIN A VENT",,,Plein jour,En agglomération,Autre intersection,Normale,Autre collision,,,,,,,,,,,1,2,9,1.0,6.0
201000041664,0010-10-07 07:50:00,10,10,7,7,50,690,259,"109, AVENUE FRANCIS DE P",,,Plein jour,En agglomération,Hors intersection,Normale,Deux véhicules - arrière,,,,,,,,,,,1,2,1,1.0,2.0
201000041665,0010-10-15 11:59:00,10,10,15,11,59,690,199,"6, PLACE SALVADOR ALLEND",,,Plein jour,Hors agglomération,Hors intersection,Normale,Autre collision,,,,,,,,,,,1,1,1,1.0,6.0
201000041666,0010-10-07 11:45:00,10,10,7,11,45,690,259,BOULEVARD LAURENT BONNEV,,,Plein jour,En agglomération,Hors intersection,Normale,Deux véhicules - arrière,,,,,,,,,,,1,2,1,1.0,2.0
201000041667,0010-10-20 11:50:00,10,10,20,11,50,690,259,"0, AVENUE CHARLES DE GAU",,,Plein jour,En agglomération,Hors intersection,Pluie légère,Autre collision,,,,,,,,,,,1,2,1,2.0,6.0
201000041668,0010-10-20 22:55:00,10,10,20,22,55,690,259,"21, RUE GEORGES LYVET",45.6966,4.87334,Nuit avec éclairage allumé,En agglomération,Hors intersection,Normale,Autre collision,,,,,,,,,,,5,2,1,1.0,6.0
201000041669,0010-10-12 07:25:00,10,10,12,7,25,690,259,"183, AVENUE F DE PRESSEN",45.7159,4.87151,Crépuscule ou aube,En agglomération,Intersection en X,Autre,Deux véhicules - arrière,,,,,,,,,,,2,2,2,9.0,2.0
201000041670,0010-10-27 13:25:00,10,10,27,13,25,690,259,"37, RUE PRESIDENT EDOUAR",45.6949,4.87619,Plein jour,En agglomération,Hors intersection,Normale,Autre collision,,,,,,,,,,,1,2,1,1.0,6.0
201000041671,0010-11-04 06:45:00,10,11,4,6,45,690,199,"0, RUE DE BELLEVUE",45.6988,4.85734,Nuit avec éclairage allumé,En agglomération,Intersection en T,Normale,Deux véhicules - côté,,,,,,,,,,,5,2,3,1.0,3.0
201000041672,0010-11-10 13:05:00,10,11,10,13,5,690,259,"2 BIS, CHEMIN DU CHARREA",45.6991,4.89537,Plein jour,En agglomération,Intersection en T,Pluie légère,Deux véhicules - côté,,,,,,,,,,,1,2,3,2.0,3.0
201000041673,0010-11-09 19:15:00,10,11,9,19,15,690,259,"0, RUE ROMAIN ROLLAND",,,Nuit avec éclairage allumé,En agglomération,Intersection en X,Normale,Deux véhicules - frontale,,,,,,,,,,,5,2,2,1.0,1.0
201000041674,0010-11-10 12:55:00,10,11,10,12,55,690,259,"0, RUE DES MARTYRS DE LA",,,Plein jour,En agglomération,Intersection en T,Normale,Deux véhicules - côté,,,,,,,,,,,1,2,3,1.0,3.0
201000041675,0010-11-11 18:15:00,10,11,11,18,15,690,259,"61, BOULEVARD LENINE",,,Nuit avec éclairage allumé,En agglomération,Hors intersection,Normale,Autre collision,,,,,,,,,,,5,2,1,1.0,6.0
201000041676,0010-11-23 13:00:00,10,11,23,13,0,690,259,"0, RUE FRANCISQUE AYNARD",,,Plein jour,En agglomération,Intersection en X,Normale,Deux véhicules - côté,,,,,,,,,,,1,2,2,1.0,3.0
201000041677,0010-11-22 12:30:00,10,11,22,12,30,690,259,"237, ROUTE DE VIENNE",,,Plein jour,En agglomération,Hors intersection,Pluie légère,Autre collision,,,,,,,,,,,1,2,1,2.0,6.0
201000041678,0010-11-26 15:25:00,10,11,26,15,25,690,259,"0, RUE ERNEST RENAN",,,Plein jour,En agglomération,Intersection en X,Normale,Deux véhicules - côté,,,,,,,,,,,1,2,2,1.0,3.0
201000041679,0010-11-25 12:00:00,10,11,25,12,0,690,259,"136, BOULEVARD IRENE JOL",45.717,4.87717,Plein jour,En agglomération,Hors intersection,Pluie légère,Autre collision,,,,,,,,,,,1,2,1,2.0,6.0
201000041680,0010-11-26 07:55:00,10,11,26,7,55,690,259,"0, BOULEVARD AMBROISE CR",,,Plein jour,En agglomération,Intersection en T,Neige / grêle,Deux véhicules - côté,,,,,,,,,,,1,2,3,4.0,3.0
201000041681,0010-07-09 05:30:00,10,7,9,5,30,690,259,"94, BOULEVARD IRENE JOLI",,,Crépuscule ou aube,En agglomération,Hors intersection,Normale,Autre collision,,,,,,,,,,,2,2,1,1.0,6.0
201000041682,0010-11-26 13:00:00,10,11,26,13,0,690,259,"0, AVENUE FRANCIS DE PRE",,,Plein jour,En agglomération,Hors intersection,Normale,Deux véhicules - arrière,,,,,,,,,,,1,2,1,1.0,2.0
201000041683,0010-12-06 19:05:00,10,12,6,19,5,690,259,"136, B IRENE JOLIOT",45.717,4.87717,Nuit avec éclairage allumé,En agglomération,Hors intersection,Pluie forte,Deux véhicules - côté,,,,,,,,,,,5,2,1,3.0,3.0
201000041684,0010-12-07 14:00:00,10,12,7,14,0,690,259,"0, RUE ERNEST RENAN",45.7231,4.85679,Plein jour,En agglomération,Intersection en Y,Normale,Deux véhicules - côté,,,,,,,,,,,1,2,4,1.0,3.0
201000041685,0010-12-09 11:59:00,10,12,9,11,59,690,259,"0, BOULEVARD IRENE JOLIO",45.7116,4.88133,Plein jour,En agglomération,Intersection en Y,Normale,Deux véhicules - frontale,,,,,,,,,,,1,2,4,1.0,1.0
201000041686,0010-12-12 03:50:00,10,12,12,3,50,690,259,"352, AVENUE CHARLES DE G",45.7185,4.88955,Nuit avec éclairage allumé,En agglomération,Hors intersection,Normale,Autre collision,,,,,,,,,,,5,2,1,1.0,6.0
201000041687,0010-12-13 20:15:00,10,12,13,20,15,690,259,"0, AVENUE JEAN CAGNE",,,Nuit avec éclairage allumé,En agglomération,Intersection en X,Normale,Deux véhicules - côté,,,,,,,,,,,5,2,2,1.0,3.0
201000041688,0010-12-09 19:35:00,10,12,9,19,35,690,199,"8, RUE MATHIEU DUSSURGEY",,,Nuit avec éclairage non allumé,En agglomération,Autre intersection,Normale,Autre collision,,,,,,,,,,,4,2,9,1.0,6.0
201000041689,0010-12-21 10:10:00,10,12,21,10,10,690,259,"8, BOULEVARD IRENE JOLIO",45.7235,4.87206,Plein jour,En agglomération,Hors intersection,Normale,Autre collision,,,,,,,,,,,1,2,1,1.0,6.0
201000041690,0010-12-19 17:40:00,10,12,19,17,40,690,259,"0, BOULEVARD DE JODINO",45.6969,4.88753,Nuit avec éclairage allumé,En agglomération,Intersection en X,Normale,Autre collision,,,,,,,,,,,5,2,2,1.0,6.0
201000041691,0010-12-20 12:10:00,10,12,20,12,10,690,259,BOULEVARD AMBROISE CROIZ,45.7052,4.88747,Plein jour,En agglomération,Hors intersection,Normale,Autre collision,,,,,,,,,,,1,2,1,1.0,6.0
201000041692,0010-12-21 15:50:00,10,12,21,15,50,690,199,BOULEVARD LUCIEN SAMPAIX,,,Plein jour,En agglomération,Intersection en T,Pluie légère,Deux véhicules - côté,,,,,,,,,,,1,2,3,2.0,3.0
201000041693,0010-12-25 12:00:00,10,12,25,12,0,690,259,"68, BOULEVARD IRENE JOLI",,,Plein jour,En agglomération,Hors intersection,Temps couvert,Autre collision,,,,,,,,,,,1,2,1,8.0,6.0
201000041694,0010-12-24 16:00:00,10,12,24,16,0,690,199,"0, RUE MARCEL SEMBAT",,,Plein jour,En agglomération,Intersection en X,Normale,Deux véhicules - arrière,,,,,,,,,,,1,2,2,1.0,2.0
201000041695,0010-01-21 11:50:00,10,1,21,11,50,690,264,"124, RONCEVAUX R",,,Plein jour,En agglomération,Hors intersection,Normale,Autre collision,,,,,,,,,,,1,2,1,1.0,6.0
201000041696,0010-02-18 13:20:00,10,2,18,13,20,690,264,RUE AMPERE,,,Plein jour,En agglomération,Autre intersection,Normale,Deux véhicules - côté,,,,,,,,,,,1,2,9,1.0,3.0
201000041697,0010-03-24 15:15:00,10,3,24,15,15,690,13,"150, RUE LOUIS PLASSE",,,Plein jour,En agglomération,Intersection en X,Normale,Deux véhicules - côté,,,,,,,,,,,1,2,2,1.0,3.0
201000041698,0010-03-25 20:30:00,10,3,25,20,30,690,264,ROUTE DE BEAUREGARD,,,Nuit avec éclairage non allumé,En agglomération,Hors intersection,Normale,Autre collision,,,,,,,,,,,4,2,1,1.0,6.0
201000041699,0010-03-18 14:30:00,10,3,18,14,30,690,264,122 RUE SAVIGNY J.MICHEL,,,Plein jour,Hors agglomération,Intersection en X,Normale,Autre collision,,,,,,,,,,,1,1,2,1.0,6.0
201000041700,0010-04-20 14:00:00,10,4,20,14,0,690,264,"137, BD GAMBETTA",,,Plein jour,En agglomération,Hors intersection,Normale,Deux véhicules - arrière,,,,,,,,,,,1,2,1,1.0,2.0
201000041701,0010-04-28 17:25:00,10,4,28,17,25,690,13,ROUTE DE LONGSARD,,,Plein jour,En agglomération,Hors intersection,Normale,Sans collision,,,,,,,,,,,1,2,1,1.0,7.0
201000041702,0010-05-11 10:20:00,10,5,11,10,20,690,264,GARE PLACE DE LA,,,Plein jour,En agglomération,Hors intersection,Pluie forte,Sans collision,,,,,,,,,,,1,2,1,3.0,7.0
201000041703,0010-05-11 11:10:00,10,5,11,11,10,690,92,"530, TARARE (ROUTE DE)",,,Plein jour,En agglomération,Hors intersection,Pluie forte,Deux véhicules - côté,,,,,,,,,,,1,2,1,3.0,3.0
201000041704,0010-05-26 18:50:00,10,5,26,18,50,690,264,THIZY  RUE DE,,,Plein jour,En agglomération,Hors intersection,Normale,Autre collision,,,,,,,,,,,1,2,1,1.0,6.0
201000041705,0010-06-03 15:15:00,10,6,3,15,15,690,264,"10, RONCEVAUX R",,,Plein jour,En agglomération,Intersection en T,Normale,Autre collision,,,,,,,,,,,1,2,3,1.0,6.0
201000041706,0010-05-31 19:25:00,10,5,31,19,25,690,264,"99, LOUVET  PIERRE  R",,,Plein jour,En agglomération,Intersection en X,Normale,Deux véhicules - côté,,,,,,,,,,,1,2,2,1.0,3.0
201000041707,0010-06-14 10:20:00,10,6,14,10,20,690,264,127 ROUTE NATIONALE,,,Plein jour,En agglomération,Hors intersection,Normale,Sans collision,,,,,,,,,,,1,2,1,1.0,7.0
201000041708,0010-08-11 17:25:00,10,8,11,17,25,690,264,PASQUIER PIERRE  BD,,,Plein jour,En agglomération,Intersection en X,Normale,Deux véhicules - côté,,,,,,,,,,,1,2,2,1.0,3.0
201000041709,0010-09-11 17:25:00,10,9,11,17,25,690,264,FRANS ROUTE DE,,,Plein jour,En agglomération,Hors intersection,Normale,Deux véhicules - côté,,,,,,,,,,,1,2,1,1.0,3.0
201000041710,0010-09-19 03:00:00,10,9,19,3,0,690,115,"1516, ANSE (ROUTE D')",,,Nuit avec éclairage allumé,En agglomération,Hors intersection,Normale,Deux véhicules - arrière,,,,,,,,,,,5,2,1,1.0,2.0
201000041711,0010-09-20 14:15:00,10,9,20,14,15,690,264,BERTHIER  PIERRE   R,,,Plein jour,En agglomération,Intersection en X,Normale,Deux véhicules - côté,,,,,,,,,,,1,2,2,1.0,3.0
201000041712,0010-10-09 13:30:00,10,10,9,13,30,690,264,DUPONT PIERRE   R,,,Plein jour,En agglomération,Intersection en X,Normale,Deux véhicules - côté,,,,,,,,,,,1,2,2,1.0,3.0
201000041713,0010-08-19 18:00:00,10,8,19,18,0,690,264,GRANGE BLAZET,,,Plein jour,En agglomération,Hors intersection,Normale,Deux véhicules - côté,,,,,,,,,,,1,2,1,1.0,3.0
201000041714,0010-11-15 17:40:00,10,11,15,17,40,690,264,"199, BERNAND ETIENNE  BD",,,Nuit avec éclairage allumé,En agglomération,Intersection en X,Normale,Sans collision,,,,,,,,,,,5,2,2,1.0,7.0
201000041715,0010-01-07 08:00:00,10,1,7,8,0,690,266,"1, RUE PIERRE VOYANT",,,Plein jour,En agglomération,Intersection en T,Normale,Autre collision,,,,,,,,,,,1,2,3,1.0,6.0
201000041716,0010-01-07 08:15:00,10,1,7,8,15,690,266,"1, COURS EMILE ZOLA",,,Plein jour,En agglomération,Intersection en X,Normale,Autre collision,,,,,,,,,,,1,2,2,1.0,6.0
201000041717,0010-01-20 10:45:00,10,1,20,10,45,690,266,"1, RUE FRANCIS DE PRESSE",,,Plein jour,En agglomération,Intersection en T,Normale,Deux véhicules - côté,,,,,,,,,,,1,2,3,1.0,3.0
201000041718,0010-01-25 08:10:00,10,1,25,8,10,690,266,"1, RUE DEDIEU",,,Plein jour,En agglomération,Intersection en X,Normale,Autre collision,,,,,,,,,,,1,2,2,1.0,6.0
201000041719,0010-02-03 16:50:00,10,2,3,16,50,690,266,"109, COURS EMILE ZOLA",,,Plein jour,En agglomération,Intersection en X,Normale,Autre collision,,,,,,,,,,,1,2,2,1.0,6.0
201000041720,0010-02-24 09:55:00,10,2,24,9,55,690,266,"11,PL DES MAISONS NEUVES",,,Plein jour,En agglomération,Place,Normale,Autre collision,,,,,,,,,,,1,2,7,1.0,6.0
201000041721,0010-02-01 14:10:00,10,2,1,14,10,690,266,"1, RUE EDOUARD AYNARD",,,Plein jour,En agglomération,Intersection en T,Normale,Autre collision,,,,,,,,,,,1,2,3,1.0,6.0
201000041722,0010-02-09 14:30:00,10,2,9,14,30,690,266,"19, RUE PAUL VERLAINE",,,Plein jour,En agglomération,Intersection en X,Neige / grêle,Autre collision,,,,,,,,,,,1,2,2,4.0,6.0
201000041723,0010-02-10 17:55:00,10,2,10,17,55,690,266,"1, PLACE JULES GRANDCLEM",,,Plein jour,En agglomération,Intersection en X,Normale,Autre collision,,,,,,,,,,,1,2,2,1.0,6.0
201000041724,0010-02-26 20:00:00,10,2,26,20,0,690,266,BD DE LA BATAILLE DE STA,,,Nuit avec éclairage allumé,En agglomération,Hors intersection,Normale,Deux véhicules - côté,,,,,,,,,,,5,2,1,1.0,3.0
201000041725,0010-03-10 13:15:00,10,3,10,13,15,690,266,"1, RUE DES EMERAUDES",,,Plein jour,En agglomération,Hors intersection,Normale,Autre collision,,,,,,,,,,,1,2,1,1.0,6.0
201000041726,0010-02-23 11:15:00,10,2,23,11,15,690,266,"248, RUE LEON BLUM",,,Plein jour,En agglomération,Hors intersection,Pluie légère,Autre collision,,,,,,,,,,,1,2,1,2.0,6.0
201000041727,0010-02-01 08:20:00,10,2,1,8,20,690,266,"., BOULEVARD EUGENE REGU",,,Plein jour,En agglomération,Intersection en X,Normale,Autre collision,,,,,,,,,,,1,2,2,1.0,6.0
201000041728,0010-03-06 23:40:00,10,3,6,23,40,690,266,"1, COURS EMILE ZOLA",,,Nuit avec éclairage allumé,En agglomération,Intersection en X,Normale,Trois véhicules et plus - collisions multiples,,,,,,,,,,,5,2,2,1.0,5.0