accident_id,datetime,annee,mois,jour,heure,minute,departement,commune_insee,adresse,latitude,longitude,luminosite,agglomeration,intersection,meteo,collision,nb_vehicules,nb_usagers,nb_indemnes,nb_tues,nb_blesses_hosp,nb_blesses_legers,age_cond_1,age_cond_2,veh_type_cond_1,veh_type_cond_2,lum_code,agg_code,int_code,atm_code,col_code
201000041983,0010-06-13 06:50:00,10,6,13,6,50,710,475,ROUTE NATIONALE 80,,,Crépuscule ou aube,Hors agglomération,Intersection en X,Normale,Deux véhicules - côté,,,,,,,,,,,2,1,2,1.0,3.0
201000041984,0010-06-25 10:30:00,10,6,25,10,30,710,76,"1, DONEAU (RUE)",,,Plein jour,En agglomération,Hors intersection,Normale,Autre collision,,,,,,,,,,,1,2,1,1.0,6.0
201000041985,0010-07-01 09:05:00,10,7,1,9,5,710,475,ROGER GAUTHIER (RUE),,,Plein jour,En agglomération,Autre intersection,Normale,Autre collision,,,,,,,,,,,1,2,9,1.0,6.0
201000041986,0010-07-06 07:40:00,10,7,6,7,40,710,445,RN 80,,,Crépuscule ou aube,Hors agglomération,Autre intersection,Normale,Deux véhicules - côté,,,,,,,,,,,2,1,9,1.0,3.0
201000041987,0010-07-22 15:20:00,10,7,22,15,20,710,445,RN 80,,,Plein jour,Hors agglomération,Hors intersection,Normale,Trois véhicules et plus - collisions multiples,,,,,,,,,,,1,1,1,1.0,5.0
201000041988,0010-08-02 21:15:00,10,8,2,21,15,710,475,ROUTE NATIONALE 80,,,Crépuscule ou aube,Hors agglomération,Hors intersection,Pluie forte,Sans collision,,,,,,,,,,,2,1,1,3.0,7.0
201000041989,0010-08-09 13:15:00,10,8,9,13,15,710,76,GIRAUD (RUE GENERAL),,,Plein jour,En agglomération,Giratoire,Normale,Deux véhicules - côté,,,,,,,,,,,1,2,6,1.0,3.0
201000041990,0010-08-10 15:55:00,10,8,10,15,55,710,76,RICHARD (PONT),,,Plein jour,En agglomération,Hors intersection,Normale,Autre collision,,,,,,,,,,,1,2,1,1.0,6.0
201000041991,0010-08-21 15:20:00,10,8,21,15,20,710,475,DEPARTEMENTALE 977,,,Plein jour,Hors agglomération,Hors intersection,Normale,Deux véhicules - côté,,,,,,,,,,,1,1,1,1.0,3.0
201000041992,0010-08-22 15:15:00,10,8,22,15,15,710,76,"197, PARIS (AVENUE DE)",,,Plein jour,En agglomération,Hors intersection,Normale,Sans collision,,,,,,,,,,,1,2,1,1.0,7.0
201000041993,0010-08-27 15:30:00,10,8,27,15,30,710,76,SAINTE MARIE (QUAI),,,Plein jour,En agglomération,Intersection en T,Normale,Deux véhicules - côté,,,,,,,,,,,1,2,3,1.0,3.0
201000041994,0010-08-31 18:40:00,10,8,31,18,40,710,76,"35, BOURGOGNE ( RUE )",,,Crépuscule ou aube,En agglomération,Intersection en X,Normale,Deux véhicules - côté,,,,,,,,,,,2,2,2,1.0,3.0
201000041995,0010-09-17 10:00:00,10,9,17,10,0,710,475,ROUTE NATIONALE 6,,,Plein jour,Hors agglomération,Hors intersection,Normale,Autre collision,,,,,,,,,,,1,1,1,1.0,6.0
201000041996,0010-09-22 13:40:00,10,9,22,13,40,710,445,PHILIPPE FLATOT (RUE),,,Plein jour,En agglomération,Intersection en T,Normale,Deux véhicules - côté,,,,,,,,,,,1,2,3,1.0,3.0
201000041997,0010-09-23 07:20:00,10,9,23,7,20,710,475,GIVRY (ROUTE DE ),,,Crépuscule ou aube,En agglomération,Intersection en X,Normale,Trois véhicules et plus - en chaîne,,,,,,,,,,,2,2,2,1.0,4.0
201000041998,0010-09-28 17:02:00,10,9,28,17,2,710,475,ROCADE SUD,,,Plein jour,En agglomération,Hors intersection,Normale,Deux véhicules - arrière,,,,,,,,,,,1,2,1,1.0,2.0
201000041999,0010-09-30 16:15:00,10,9,30,16,15,710,76,REPUBLIQUE (PLACE DE LA,,,Plein jour,En agglomération,Autre intersection,Normale,Autre collision,,,,,,,,,,,1,2,9,1.0,6.0
201000042000,0010-10-03 19:25:00,10,10,3,19,25,710,76,PERRY (RUE CLAUDE),,,Plein jour,En agglomération,Intersection en T,Normale,Deux véhicules - côté,,,,,,,,,,,1,2,3,1.0,3.0
201000042001,0010-11-06 17:45:00,10,11,6,17,45,710,76,"7, REMPART SAINT PIERRE",,,Crépuscule ou aube,En agglomération,Intersection en T,Normale,Deux véhicules - côté,,,,,,,,,,,2,2,3,1.0,3.0
201000042002,0010-11-08 07:30:00,10,11,8,7,30,710,445,ORLANS (ROND POINT DES),,,Crépuscule ou aube,Hors agglomération,Autre intersection,Normale,Deux véhicules - côté,,,,,,,,,,,2,1,9,1.0,3.0
201000042003,0010-11-13 03:10:00,10,11,13,3,10,710,445,D673,,,Nuit sans éclairage public,Hors agglomération,Hors intersection,Normale,Autre collision,,,,,,,,,,,3,1,1,1.0,6.0
201000042004,0010-11-25 18:30:00,10,11,25,18,30,710,76,"1, LACAILLE D'ESSE (RUE)",,,Nuit avec éclairage allumé,En agglomération,Hors intersection,Pluie forte,Autre collision,,,,,,,,,,,5,2,1,3.0,6.0
201000042005,0010-11-29 07:40:00,10,11,29,7,40,710,445,73,,,Plein jour,Hors agglomération,Hors intersection,Normale,Trois véhicules et plus - en chaîne,,,,,,,,,,,1,1,1,1.0,4.0
201000042006,0010-11-29 09:15:00,10,11,29,9,15,710,445,73,,,Plein jour,Hors agglomération,Hors intersection,Normale,Trois véhicules et plus - collisions multiples,,,,,,,,,,,1,1,1,1.0,5.0
201000042007,0010-12-22 17:30:00,10,12,22,17,30,710,445,RENE CASSIN (RUE),,,Nuit avec éclairage allumé,En agglomération,Hors intersection,Pluie légère,Trois véhicules et plus - en chaîne,,,,,,,,,,,5,2,1,2.0,4.0
201000042008,0010-12-24 15:35:00,10,12,24,15,35,710,76,"4, GLORIETTE (RUE)",,,Plein jour,En agglomération,Hors intersection,Neige / grêle,Autre collision,,,,,,,,,,,1,2,1,4.0,6.0
201000042009,0010-12-28 13:40:00,10,12,28,13,40,710,445,CHALON (AVENUE DE ),,,Plein jour,Hors agglomération,Autre intersection,Normale,Deux véhicules - frontale,,,,,,,,,,,1,1,9,1.0,1.0
201000042010,0010-01-07 13:30:00,10,1,7,13,30,710,540,"., V.C 152  route bois m",,,Plein jour,Hors agglomération,Hors intersection,Temps couvert,Autre collision,,,,,,,,,,,1,1,1,8.0,6.0
201000042011,0010-01-18 06:30:00,10,1,18,6,30,710,153,8 MAI 1945 (CARREFOUR DU,,,Nuit avec éclairage allumé,En agglomération,Intersection en X,Brouillard / fumée,Deux véhicules - côté,,,,,,,,,,,5,2,2,5.0,3.0
201000042012,0010-01-20 14:35:00,10,1,20,14,35,710,153,HOCHE,,,Plein jour,En agglomération,Intersection en X,Pluie légère,Deux véhicules - côté,,,,,,,,,,,1,2,2,2.0,3.0
201000042013,0010-01-25 12:10:00,10,1,25,12,10,710,153,"., FELIX MARTIN (RUE)",,,Plein jour,En agglomération,Intersection en X,Normale,Deux véhicules - côté,,,,,,,,,,,1,2,2,1.0,3.0
201000042014,0010-01-28 18:35:00,10,1,28,18,35,710,153,"31, SAINT ANTOINE (BOULE",,,Nuit avec éclairage allumé,En agglomération,Hors intersection,Normale,Autre collision,,,,,,,,,,,5,2,1,1.0,6.0
201000042015,0010-02-08 13:40:00,10,2,8,13,40,710,153,"63 bis, FRANCE (RUE ANAT",,,Plein jour,En agglomération,Hors intersection,Normale,Deux véhicules - côté,,,,,,,,,,,1,2,1,1.0,3.0
201000042016,0010-02-09 20:00:00,10,2,9,20,0,710,153,DE GAULLE (PLACE CHARLES,,,Nuit avec éclairage allumé,En agglomération,Giratoire,Normale,Deux véhicules - côté,,,,,,,,,,,5,2,6,1.0,3.0
201000042017,0010-02-11 20:15:00,10,2,11,20,15,710,540,R.N.80,,,Nuit avec éclairage allumé,Hors agglomération,Hors intersection,Autre,Deux véhicules - frontale,,,,,,,,,,,5,1,1,9.0,1.0
201000042018,0010-02-19 18:15:00,10,2,19,18,15,710,153,MITTERRAND (AVENUE FRANC,,,Crépuscule ou aube,En agglomération,Hors intersection,Normale,Autre collision,,,,,,,,,,,2,2,1,1.0,6.0
201000042019,0010-02-22 11:15:00,10,2,22,11,15,710,59,"36, PESSELIERE (RUE DE L",,,Plein jour,En agglomération,Hors intersection,Normale,Autre collision,,,,,,,,,,,1,2,1,1.0,6.0
201000042020,0010-03-04 17:00:00,10,3,4,17,0,710,309,AUTUN (RUE D'),,,Plein jour,En agglomération,Intersection en X,Normale,Deux véhicules - arrière,,,,,,,,,,,1,2,2,1.0,2.0
201000042021,0010-03-05 17:30:00,10,3,5,17,30,710,540,"148, R.D 28",,,Crépuscule ou aube,En agglomération,Intersection en X,Normale,Deux véhicules - arrière,,,,,,,,,,,2,2,2,1.0,2.0
201000042022,0010-03-14 20:15:00,10,3,14,20,15,710,153,MARMAGNE (ROUTE DE),,,Nuit sans éclairage public,Hors agglomération,Hors intersection,Normale,Deux véhicules - arrière,,,,,,,,,,,3,1,1,1.0,2.0
201000042023,0010-03-14 16:45:00,10,3,14,16,45,710,153,"., ACACIAS (RUE DES) N°1",,,Plein jour,En agglomération,Hors intersection,Normale,Autre collision,,,,,,,,,,,1,2,1,1.0,6.0
201000042024,0010-03-16 11:55:00,10,3,16,11,55,710,153,"8, PUITS DES MOINEAUX (R",,,Plein jour,En agglomération,Hors intersection,Normale,Autre collision,,,,,,,,,,,1,2,1,1.0,6.0
201000042025,0010-03-16 16:00:00,10,3,16,16,0,710,540,R.N.80,,,Plein jour,Hors agglomération,Intersection en X,Normale,Deux véhicules - côté,,,,,,,,,,,1,1,2,1.0,3.0
201000042026,0010-03-21 14:30:00,10,3,21,14,30,710,59,R.D 290,,,Plein jour,Hors agglomération,Hors intersection,Normale,Autre collision,,,,,,,,,,,1,1,1,1.0,6.0
201000042027,0010-04-16 19:25:00,10,4,16,19,25,710,540,CHAMP CORDET (AVENUE DU),,,Plein jour,En agglomération,Hors intersection,Normale,Autre collision,,,,,,,,,,,1,2,1,1.0,6.0
201000042028,0010-04-21 17:20:00,10,4,21,17,20,710,540,Rond-Point du Vieux Saul,,,Plein jour,Hors agglomération,Giratoire,Normale,Deux véhicules - côté,,,,,,,,,,,1,1,6,1.0,3.0
201000042029,0010-05-06 12:05:00,10,5,6,12,5,710,309,"., CHAMP DE FOIRE (PLACE",,,Plein jour,En agglomération,Intersection en T,Pluie légère,Deux véhicules - côté,,,,,,,,,,,1,2,3,2.0,3.0
201000042030,0010-05-12 12:15:00,10,5,12,12,15,710,153,JAURES (RUE JEAN),,,Plein jour,En agglomération,Hors intersection,Pluie légère,Autre collision,,,,,,,,,,,1,2,1,2.0,6.0
201000042031,0010-05-22 06:35:00,10,5,22,6,35,710,153,"30, MERCUREY (RUE DE)",,,Plein jour,En agglomération,Intersection en X,Normale,Autre collision,,,,,,,,,,,1,2,2,1.0,6.0
201000042032,0010-05-20 18:05:00,10,5,20,18,5,710,153,EPINAC (ROUTE D'),,,Plein jour,En agglomération,Intersection en X,Normale,Trois véhicules et plus - collisions multiples,,,,,,,,,,,1,2,2,1.0,5.0
201000042033,0010-05-22 15:20:00,10,5,22,15,20,710,153,"., ABATTOIRS (boulevard",,,Plein jour,En agglomération,Intersection en X,Normale,Deux véhicules - côté,,,,,,,,,,,1,2,2,1.0,3.0
201000042034,0010-05-22 17:30:00,10,5,22,17,30,710,540,R.N.80,,,Plein jour,Hors agglomération,Intersection en X,Normale,Deux véhicules - arrière,,,,,,,,,,,1,1,2,1.0,2.0
201000042035,0010-06-26 19:10:00,10,6,26,19,10,710,59,COUCHES (ROUTE DE),,,Plein jour,En agglomération,Intersection en T,Normale,Deux véhicules - côté,,,,,,,,,,,1,2,3,1.0,3.0
201000042036,0010-06-26 18:15:00,10,6,26,18,15,710,153,"40, MARTYRS DE LA LIBERA",,,Plein jour,En agglomération,Hors intersection,Normale,Deux véhicules - côté,,,,,,,,,,,1,2,1,1.0,3.0
201000042037,0010-07-16 15:30:00,10,7,16,15,30,710,153,MARMAGNE (ROUTE DE),,,Plein jour,Hors agglomération,Intersection en X,Normale,Deux véhicules - côté,,,,,,,,,,,1,1,2,1.0,3.0
201000042038,0010-07-12 21:00:00,10,7,12,21,0,710,540,"., BAS DES CROTS (LE)",,,Plein jour,Hors agglomération,Hors intersection,Normale,Autre collision,,,,,,,,,,,1,1,1,1.0,6.0
201000042039,0010-08-02 20:35:00,10,8,2,20,35,710,153,MARMAGNE (ROUTE DE),,,Crépuscule ou aube,Hors agglomération,Intersection en X,Normale,Deux véhicules - côté,,,,,,,,,,,2,1,2,1.0,3.0
201000042040,0010-08-09 11:20:00,10,8,9,11,20,710,540,Rond-Point du Vieux Saul,,,Plein jour,En agglomération,Giratoire,Normale,Autre collision,,,,,,,,,,,1,2,6,1.0,6.0
201000042041,0010-08-10 16:30:00,10,8,10,16,30,710,153,"., FRANCE (RUE ANATOLE)",,,Plein jour,En agglomération,Intersection en X,Normale,Deux véhicules - côté,,,,,,,,,,,1,2,2,1.0,3.0
201000042042,0010-08-14 07:05:00,10,8,14,7,5,710,153,"2, HAVRE (RUE DU)",,,Plein jour,En agglomération,Intersection en T,Normale,Autre collision,,,,,,,,,,,1,2,3,1.0,6.0
201000042043,0010-08-19 19:30:00,10,8,19,19,30,710,540,";, HUIT MAI (AVENUE DU)",,,Plein jour,En agglomération,Autre intersection,Normale,Deux véhicules - côté,,,,,,,,,,,1,2,9,1.0,3.0
201000042044,0010-08-25 10:15:00,10,8,25,10,15,710,153,MARECHAL FOCH (RUE),,,Plein jour,En agglomération,Intersection en X,Normale,Deux véhicules - côté,,,,,,,,,,,1,2,2,1.0,3.0
201000042045,0010-08-28 11:30:00,10,8,28,11,30,710,153,"5, MARECHAL JOFFRE",,,Plein jour,En agglomération,Hors intersection,Normale,Deux véhicules - arrière,,,,,,,,,,,1,2,1,1.0,2.0
201000042046,0010-09-07 19:55:00,10,9,7,19,55,710,540,THIELLAY (LE)  RN.80,,,Nuit sans éclairage public,Hors agglomération,Autre intersection,Pluie forte,Trois véhicules et plus - collisions multiples,,,,,,,,,,,3,1,9,3.0,5.0
201000042047,0010-09-07 09:45:00,10,9,7,9,45,710,153,"10 bis, SAINT SERNIN (RO",,,Plein jour,Hors agglomération,Hors intersection,Pluie forte,Deux véhicules - frontale,,,,,,,,,,,1,1,1,3.0,1.0
201000042048,0010-09-16 09:15:00,10,9,16,9,15,710,153,JAURES (RUE JEAN),,,Plein jour,En agglomération,Autre intersection,Normale,Deux véhicules - côté,,,,,,,,,,,1,2,9,1.0,3.0
201000042049,0010-09-27 18:35:00,10,9,27,18,35,710,59,MONTVALTIN (RUE),,,Plein jour,En agglomération,Intersection en X,Temps couvert,Deux véhicules - frontale,,,,,,,,,,,1,2,2,8.0,1.0
201000042050,0010-10-02 21:10:00,10,10,2,21,10,710,59,CREUSOT (RUE DU),,,Nuit avec éclairage allumé,En agglomération,Intersection en X,Normale,Deux véhicules - côté,,,,,,,,,,,5,2,2,1.0,3.0
201000042051,0010-10-08 13:00:00,10,10,8,13,0,710,540,BOIS MOREY (LE),,,Plein jour,En agglomération,Autre intersection,Normale,Autre collision,,,,,,,,,,,1,2,9,1.0,6.0
201000042052,0010-10-28 10:15:00,10,10,28,10,15,710,540,R.N.80,,,Plein jour,En agglomération,Intersection en X,Normale,Autre collision,,,,,,,,,,,1,2,2,1.0,6.0
201000042053,0010-11-03 19:10:00,10,11,3,19,10,710,153,ABATTOIRS (RUE DES),,,Nuit avec éclairage allumé,En agglomération,Hors intersection,Normale,Autre collision,,,,,,,,,,,5,2,1,1.0,6.0
201000042054,0010-11-07 16:45:00,10,11,7,16,45,710,153,"13, NEVERS (RUE DE)",,,Crépuscule ou aube,En agglomération,Hors intersection,Pluie légère,Deux véhicules - côté,,,,,,,,,,,2,2,1,2.0,3.0
201000042055,0010-12-18 16:15:00,10,12,18,16,15,710,540,LE THEILLAY,,,Plein jour,En agglomération,Hors intersection,Normale,Deux véhicules - arrière,,,,,,,,,,,1,2,1,1.0,2.0
201000042056,0010-12-21 16:55:00,10,12,21,16,55,710,153,62 avenue Maréchal Foch,,,Crépuscule ou aube,En agglomération,Autre intersection,Pluie légère,Autre collision,,,,,,,,,,,2,2,9,2.0,6.0
201000042057,0010-02-01 07:50:00,10,2,1,7,50,710,270,"1, MISTRAL (RUE FREDERIC",,,Crépuscule ou aube,En agglomération,Hors intersection,Normale,Autre collision,,,,,,,,,,,2,2,1,1.0,6.0
201000042058,0010-02-12 15:00:00,10,2,12,15,0,710,270,EUROPE (CARREFOUR DE L'),,,Plein jour,En agglomération,Giratoire,Autre,Autre collision,,,,,,,,,,,1,2,6,9.0,6.0
201000042059,0010-02-28 16:20:00,10,2,28,16,20,710,270,EUROPE (RUE DE L'),,,Plein jour,En agglomération,Hors intersection,Normale,Autre collision,,,,,,,,,,,1,2,1,1.0,6.0
201000042060,0010-03-04 03:55:00,10,3,4,3,55,710,105,"1, LUMINAIRES (CHEMIN DE",,,Nuit sans éclairage public,Hors agglomération,Hors intersection,Normale,Autre collision,,,,,,,,,,,3,1,1,1.0,6.0
201000042061,0010-03-07 01:25:00,10,3,7,1,25,710,260,ALLEMANDS (ROUTE DES),,,Nuit avec éclairage allumé,En agglomération,Hors intersection,Normale,Autre collision,,,,,,,,,,,5,2,1,1.0,6.0
201000042062,0010-03-05 17:45:00,10,3,5,17,45,710,270,QUAI JEAN JAURES,,,Plein jour,En agglomération,Hors intersection,Normale,Autre collision,,,,,,,,,,,1,2,1,1.0,6.0
201000042063,0010-03-15 19:50:00,10,3,15,19,50,710,270,"5, PARIS (RUE DE)",,,Nuit avec éclairage allumé,En agglomération,Hors intersection,Normale,Deux véhicules - arrière,,,,,,,,,,,5,2,1,1.0,2.0
201000042064,0010-03-17 11:30:00,10,3,17,11,30,710,270,HERITAN (RUE DE L'),,,Plein jour,En agglomération,Autre intersection,Normale,Deux véhicules - côté,,,,,,,,,,,1,2,9,1.0,3.0
201000042065,0010-03-22 13:50:00,10,3,22,13,50,710,260,"1, Chemin de la Balme",,,Plein jour,Hors agglomération,Hors intersection,Normale,Autre collision,,,,,,,,,,,1,1,1,1.0,6.0
201000042066,0010-03-25 15:50:00,10,3,25,15,50,710,270,LIBERTE (RUE DE LA),,,Plein jour,En agglomération,Hors intersection,Normale,Autre collision,,,,,,,,,,,1,2,1,1.0,6.0
201000042067,0010-04-29 11:10:00,10,4,29,11,10,710,270,"1, NEUSTADT (RUE DE)",,,Plein jour,En agglomération,Hors intersection,Normale,Deux véhicules - côté,,,,,,,,,,,1,2,1,1.0,3.0
201000042068,0010-05-04 20:20:00,10,5,4,20,20,710,270,"1, PERRIERES ET DU 5EME",,,Plein jour,En agglomération,Hors intersection,Normale,Deux véhicules - côté,,,,,,,,,,,1,2,1,1.0,3.0
201000042069,0010-05-05 20:10:00,10,5,5,20,10,710,270,"1, CORPS EXPEDITIONNAIRE",,,Plein jour,En agglomération,Hors intersection,Normale,Autre collision,,,,,,,,,,,1,2,1,1.0,6.0
201000042070,0010-05-05 15:15:00,10,5,5,15,15,710,105,"1050, DAVAYE (ROUTE DE)",,,Plein jour,En agglomération,Hors intersection,Normale,Deux véhicules - frontale,,,,,,,,,,,1,2,1,1.0,1.0
201000042071,0010-05-07 11:55:00,10,5,7,11,55,710,270,HERRIOT (AVENUE EDOUARD),,,Plein jour,En agglomération,Hors intersection,Normale,Deux véhicules - arrière,,,,,,,,,,,1,2,1,1.0,2.0
201000042072,0010-05-12 14:50:00,10,5,12,14,50,710,270,JAURES QUAI,,,Plein jour,En agglomération,Hors intersection,Normale,Autre collision,,,,,,,,,,,1,2,1,1.0,6.0
201000042073,0010-07-01 17:10:00,10,7,1,17,10,710,270,"26, LYON (RUE DE)",,,Plein jour,En agglomération,Hors intersection,Normale,Trois véhicules et plus - en chaîne,,,,,,,,,,,1,2,1,1.0,4.0
201000042074,0010-07-03 02:45:00,10,7,3,2,45,710,497,"1, BOURG (RUE DU)",,,Nuit avec éclairage allumé,En agglomération,Hors intersection,Normale,Sans collision,,,,,,,,,,,5,2,1,1.0,7.0
201000042075,0010-07-05 07:40:00,10,7,5,7,40,710,105,"490, INTERSECTION CHEMIN",,,Plein jour,En agglomération,Intersection en X,Normale,Sans collision,,,,,,,,,,,1,2,2,1.0,7.0
201000042076,0010-06-29 10:30:00,10,6,29,10,30,710,270,HERITAN (RUE DE L'),,,Plein jour,En agglomération,Hors intersection,Normale,Autre collision,,,,,,,,,,,1,2,1,1.0,6.0
201000042077,0010-07-14 17:25:00,10,7,14,17,25,710,270,GAULLE (AVENUE DU GENERA,,,Plein jour,En agglomération,Hors intersection,Normale,Deux véhicules - arrière,,,,,,,,,,,1,2,1,1.0,2.0
201000042078,0010-07-15 17:45:00,10,7,15,17,45,710,497,"1, Rue de la Madone",,,Plein jour,En agglomération,Hors intersection,Normale,Autre collision,,,,,,,,,,,1,2,1,1.0,6.0
201000042079,0010-07-16 17:50:00,10,7,16,17,50,710,270,LYON (ROUTE DE),,,Plein jour,En agglomération,Hors intersection,Normale,Deux véhicules - frontale,,,,,,,,,,,1,2,1,1.0,1.0
201000042080,0010-07-27 21:10:00,10,7,27,21,10,710,270,Intersection Rocca/Hérit,,,Plein jour,En agglomération,Intersection en X,Normale,Deux véhicules - côté,,,,,,,,,,,1,2,2,1.0,3.0
201000042081,0010-07-28 14:40:00,10,7,28,14,40,710,270,"1, BARRE (PLACE DE LA)",,,Plein jour,En agglomération,Autre intersection,Normale,Autre collision,,,,,,,,,,,1,2,9,1.0,6.0
201000042082,0010-07-28 08:45:00,10,7,28,8,45,710,270,"1, Rue de la Rocade/rue",,,Plein jour,En agglomération,Intersection en X,Normale,Deux véhicules - côté,,,,,,,,,,,1,2,2,1.0,3.0
201000042083,0010-07-29 16:30:00,10,7,29,16,30,710,270,"1, BEAUJOLAIS (RUE DU)",,,Plein jour,En agglomération,Hors intersection,Normale,Autre collision,,,,,,,,,,,1,2,1,1.0,6.0
201000042084,0010-07-30 15:15:00,10,7,30,15,15,710,497,GENERAL DE GAULLE (BOULE,,,Plein jour,Hors agglomération,Hors intersection,Normale,Autre collision,,,,,,,,,,,1,1,1,1.0,6.0
201000042085,0010-08-01 03:10:00,10,8,1,3,10,710,270,PARIS (CARREFOUR DE),,,Nuit avec éclairage allumé,En agglomération,Autre intersection,Normale,Autre collision,,,,,,,,,,,5,2,9,1.0,6.0
201000042086,0010-08-20 22:20:00,10,8,20,22,20,710,270,BARRE (PLACE DE LA),,,Nuit avec éclairage allumé,En agglomération,Hors intersection,Normale,Deux véhicules - côté,,,,,,,,,,,5,2,1,1.0,3.0
201000042087,0010-08-21 02:35:00,10,8,21,2,35,710,105,CLUNY (ROUTE DE),,,Nuit avec éclairage allumé,En agglomération,Hors intersection,Normale,Autre collision,,,,,,,,,,,5,2,1,1.0,6.0
201000042088,0010-08-24 22:05:00,10,8,24,22,5,710,270,RN 6 CARREFOUR PIERRE ME,,,Nuit avec éclairage allumé,En agglomération,Hors intersection,Normale,Autre collision,,,,,,,,,,,5,2,1,1.0,6.0
201000042089,0010-08-26 21:20:00,10,8,26,21,20,710,270,"2, LIBERTE (BOULEVARD DE",,,Nuit avec éclairage allumé,En agglomération,Hors intersection,Normale,Autre collision,,,,,,,,,,,5,2,1,1.0,6.0
201000042090,0010-08-30 09:00:00,10,8,30,9,0,710,270,LOCHE Route des Allemand,,,Plein jour,En agglomération,Autre intersection,Normale,Deux véhicules - côté,,,,,,,,,,,1,2,9,1.0,3.0
201000042091,0010-09-09 17:45:00,10,9,9,17,45,710,270,"49, NEUF CLES (BOULEVARD",,,Plein jour,En agglomération,Hors intersection,Normale,Autre collision,,,,,,,,,,,1,2,1,1.0,6.0
201000042092,0010-09-11 22:50:00,10,9,11,22,50,710,270,LAMARTINE (QUAI),,,Nuit avec éclairage allumé,En agglomération,Intersection en X,Normale,Trois véhicules et plus - collisions multiples,,,,,,,,,,,5,2,2,1.0,5.0
201000042093,0010-09-19 13:50:00,10,9,19,13,50,710,270,"174, QUAI JEAN JAURES",,,Plein jour,En agglomération,Hors intersection,Normale,Autre collision,,,,,,,,,,,1,2,1,1.0,6.0
201000042094,0010-09-19 00:10:00,10,9,19,0,10,710,105,"38, AMROISE-PARE (RUE)",,,Nuit avec éclairage allumé,En agglomération,Hors intersection,Normale,Autre collision,,,,,,,,,,,5,2,1,1.0,6.0
201000042095,0010-10-06 16:35:00,10,10,6,16,35,710,270,"1, HERRIOT (AVENUE EDOUA",,,Plein jour,En agglomération,Hors intersection,Normale,Autre collision,,,,,,,,,,,1,2,1,1.0,6.0
201000042096,0010-10-10 12:45:00,10,10,10,12,45,710,511,SENNECE (ROUTE DE CHARB),,,Plein jour,Hors agglomération,Hors intersection,Normale,Deux véhicules - côté,,,,,,,,,,,1,1,1,1.0,3.0
201000042097,0010-11-19 17:15:00,10,11,19,17,15,710,270,"7, CURIE (AVENUE PIERRE",,,Nuit avec éclairage allumé,En agglomération,Hors intersection,Normale,Trois véhicules et plus - collisions multiples,,,,,,,,,,,5,2,1,1.0,5.0
201000042098,0010-12-02 17:25:00,10,12,2,17,25,710,270,Rue de Flacé Bd Perrière,,,Crépuscule ou aube,En agglomération,Intersection en X,Normale,Deux véhicules - côté,,,,,,,,,,,2,2,2,1.0,3.0
201000042099,0010-12-10 20:00:00,10,12,10,20,0,710,270,Av Maréchal Juin,,,Nuit avec éclairage allumé,En agglomération,Hors intersection,Normale,Deux véhicules - côté,,,,,,,,,,,5,2,1,1.0,3.0
201000042100,0010-12-16 12:15:00,10,12,16,12,15,710,270,"111, DUNANT (BOULEVARD H",,,Plein jour,En agglomération,Autre intersection,Normale,Deux véhicules - côté,,,,,,,,,,,1,2,9,1.0,3.0
201000042101,0010-01-29 13:55:00,10,1,29,13,55,710,486,"1, VERDUN (BOULEVARD DE)",,,Plein jour,En agglomération,Giratoire,Neige / grêle,Deux véhicules - côté,,,,,,,,,,,1,2,6,4.0,3.0
201000042102,0010-03-16 17:15:00,10,3,16,17,15,710,306,"2, PIERRE DE COUBERTIN (",,,Plein jour,En agglomération,Giratoire,Normale,Deux véhicules - côté,,,,,,,,,,,1,2,6,1.0,3.0
201000042103,0010-03-30 06:40:00,10,3,30,6,40,710,306,BRETELLE DE SORTIE LE MA,,,Crépuscule ou aube,En agglomération,Autre intersection,Normale,Sans collision,,,,,,,,,,,2,2,9,1.0,7.0
201000042104,0010-05-21 18:45:00,10,5,21,18,45,710,306,"7, LOGE (RUE DE LA)",,,Plein jour,En agglomération,Intersection en X,Normale,Deux véhicules - côté,,,,,,,,,,,1,2,2,1.0,3.0
201000042105,0010-06-01 17:20:00,10,6,1,17,20,710,306,"1, CHAUBUISSON (RUE DE)",,,Plein jour,En agglomération,Intersection en X,Normale,Deux véhicules - côté,,,,,,,,,,,1,2,2,1.0,3.0
201000042106,0010-06-10 14:35:00,10,6,10,14,35,710,40,MONTCENIS (ROUTE DE),,,Plein jour,Hors agglomération,Hors intersection,Normale,Deux véhicules - côté,,,,,,,,,,,1,1,1,1.0,3.0
201000042107,0010-06-29 11:50:00,10,6,29,11,50,710,306,"3, CLUNY (RUE DE)",,,Plein jour,En agglomération,Hors intersection,Normale,Deux véhicules - arrière,,,,,,,,,,,1,2,1,1.0,2.0
201000042108,0010-07-06 20:20:00,10,7,6,20,20,710,40,"12, JEAN MONNET (RUE)",,,Plein jour,En agglomération,Intersection en Y,Normale,Deux véhicules - frontale,,,,,,,,,,,1,2,4,1.0,1.0
201000042109,0010-07-15 17:30:00,10,7,15,17,30,710,486,"20, JEAN JAURES (AVENUE)",,,Plein jour,En agglomération,Hors intersection,Normale,Sans collision,,,,,,,,,,,1,2,1,1.0,7.0