accident_id,datetime,annee,mois,jour,heure,minute,departement,commune_insee,adresse,latitude,longitude,luminosite,agglomeration,intersection,meteo,collision,nb_vehicules,nb_usagers,nb_indemnes,nb_tues,nb_blesses_hosp,nb_blesses_legers,age_cond_1,age_cond_2,veh_type_cond_1,veh_type_cond_2,lum_code,agg_code,int_code,atm_code,col_code
201000042238,0010-09-02 06:50:00,10,9,2,6,50,720,181,MESSIAEN OLIVIER (AV) IM,,,Crépuscule ou aube,En agglomération,Intersection en X,Normale,Autre collision,,,,,,,,,,,2,2,2,1.0,6.0
201000042239,0010-09-02 15:40:00,10,9,2,15,40,720,181,"211, RHIN ET DANUBE (AV)",,,Plein jour,En agglomération,Hors intersection,Normale,Deux véhicules - côté,,,,,,,,,,,1,2,1,1.0,3.0
201000042240,0010-09-02 22:55:00,10,9,2,22,55,720,181,"26, BAZEILLES (RUE DE)",,,Nuit avec éclairage allumé,En agglomération,Hors intersection,Normale,Sans collision,,,,,,,,,,,5,2,1,1.0,7.0
201000042241,0010-09-03 00:20:00,10,9,3,0,20,720,181,CUGNOT NICOLAS (BD),,,Nuit avec éclairage allumé,En agglomération,Hors intersection,Normale,Sans collision,,,,,,,,,,,5,2,1,1.0,7.0
201000042242,0010-09-03 19:55:00,10,9,3,19,55,720,181,DEGRE (RTE),,,Plein jour,En agglomération,Hors intersection,Normale,Deux véhicules - côté,,,,,,,,,,,1,2,1,1.0,3.0
201000042243,0010-09-05 11:35:00,10,9,5,11,35,720,181,VIEUX LOUP (RUE DU),,,Plein jour,En agglomération,Intersection en T,Normale,Deux véhicules - côté,,,,,,,,,,,1,2,3,1.0,3.0
201000042244,0010-09-06 09:20:00,10,9,6,9,20,720,181,PATTON GENERAL RTE ST-AU,,,Plein jour,Hors agglomération,Hors intersection,Normale,Sans collision,,,,,,,,,,,1,1,1,1.0,7.0
201000042245,0010-09-07 16:15:00,10,9,7,16,15,720,181,ALENCON (RTE D'),,,Plein jour,En agglomération,Giratoire,Normale,Deux véhicules - côté,,,,,,,,,,,1,2,6,1.0,3.0
201000042246,0010-09-08 17:15:00,10,9,8,17,15,720,181,Enceinte circuit des 24h,,,Plein jour,En agglomération,Hors intersection,Normale,Autre collision,,,,,,,,,,,1,2,1,1.0,6.0
201000042247,0010-09-08 20:40:00,10,9,8,20,40,720,181,PIFFAULT PIERRE (AV) BES,,,Nuit avec éclairage allumé,En agglomération,Hors intersection,Pluie légère,Deux véhicules - côté,,,,,,,,,,,5,2,1,2.0,3.0
201000042248,0010-09-08 21:10:00,10,9,8,21,10,720,181,RHIN ET DANUBE (AV) N° P,,,Nuit avec éclairage allumé,En agglomération,Hors intersection,Pluie légère,Autre collision,,,,,,,,,,,5,2,1,2.0,6.0
201000042249,0010-09-09 07:00:00,10,9,9,7,0,720,181,TIRONNEAU ADRIEN (PL),,,Crépuscule ou aube,En agglomération,Giratoire,Normale,Deux véhicules - côté,,,,,,,,,,,2,2,6,1.0,3.0
201000042250,0010-09-09 15:50:00,10,9,9,15,50,720,181,ARENES (RUE DES),,,Plein jour,En agglomération,Intersection en X,Pluie légère,Deux véhicules - côté,,,,,,,,,,,1,2,2,2.0,3.0
201000042251,0010-09-10 08:15:00,10,9,10,8,15,720,181,PERRIN (PONT),,,Plein jour,En agglomération,Intersection en X,Normale,Autre collision,,,,,,,,,,,1,2,2,1.0,6.0
201000042252,0010-09-10 08:30:00,10,9,10,8,30,720,181,SUD EST DEVIATION RTE AN,,,Plein jour,Hors agglomération,Hors intersection,Normale,Deux véhicules - arrière,,,,,,,,,,,1,1,1,1.0,2.0
201000042253,0010-09-10 23:55:00,10,9,10,23,55,720,181,DURAND GEORGES (AV) N° I,,,Nuit avec éclairage allumé,En agglomération,Hors intersection,Normale,Trois véhicules et plus - collisions multiples,,,,,,,,,,,5,2,1,1.0,5.0
201000042254,0010-09-11 21:14:00,10,9,11,21,14,720,181,JAURES JEAN (AV) N° PAIR,,,Nuit avec éclairage allumé,En agglomération,Intersection en X,Normale,Deux véhicules - côté,,,,,,,,,,,5,2,2,1.0,3.0
201000042255,0010-09-12 15:00:00,10,9,12,15,0,720,181,"86, BOLLEE (AV) N° PAIRS",,,Plein jour,En agglomération,Hors intersection,Normale,Autre collision,,,,,,,,,,,1,2,1,1.0,6.0
201000042256,0010-09-14 17:25:00,10,9,14,17,25,720,181,DEMORIEUX (BD) ENTRE HUI,,,Plein jour,En agglomération,Hors intersection,Pluie légère,Deux véhicules - côté,,,,,,,,,,,1,2,1,2.0,3.0
201000042257,0010-09-15 17:20:00,10,9,15,17,20,720,181,MESSIAEN OLIVIER (AV) IM,,,Plein jour,En agglomération,Intersection en T,Normale,Deux véhicules - frontale,,,,,,,,,,,1,2,3,1.0,1.0
201000042258,0010-09-17 16:50:00,10,9,17,16,50,720,181,DURAND GEORGES (AV) N° I,,,Plein jour,En agglomération,Hors intersection,Normale,Deux véhicules - arrière,,,,,,,,,,,1,2,1,1.0,2.0
201000042259,0010-09-17 16:20:00,10,9,17,16,20,720,181,PANORAMA (RUE DU) N° IMP,,,Plein jour,En agglomération,Intersection en T,Normale,Deux véhicules - frontale,,,,,,,,,,,1,2,3,1.0,1.0
201000042260,0010-09-18 11:45:00,10,9,18,11,45,720,181,LEBOUC SERGENT (RUE) N°,,,Plein jour,En agglomération,Intersection en X,Normale,Trois véhicules et plus - collisions multiples,,,,,,,,,,,1,2,2,1.0,5.0
201000042261,0010-09-19 18:00:00,10,9,19,18,0,720,181,BOURG BELE (PONT DU),,,Plein jour,En agglomération,Hors intersection,Normale,Autre collision,,,,,,,,,,,1,2,1,1.0,6.0
201000042262,0010-09-20 07:40:00,10,9,20,7,40,720,181,MESSIAEN OLIVIER (AV) IM,,,Plein jour,En agglomération,Hors intersection,Normale,Autre collision,,,,,,,,,,,1,2,1,1.0,6.0
201000042263,0010-09-21 16:00:00,10,9,21,16,0,720,181,JAURES JEAN (AV) N° IMP,,,Plein jour,En agglomération,Intersection en T,Normale,Deux véhicules - côté,,,,,,,,,,,1,2,3,1.0,3.0
201000042264,0010-09-22 05:50:00,10,9,22,5,50,720,181,ARNAGE (RUE D') N° IMP 1,,,Plein jour,En agglomération,Intersection en T,Normale,Deux véhicules - côté,,,,,,,,,,,1,2,3,1.0,3.0
201000042265,0010-09-22 16:00:00,10,9,22,16,0,720,181,ZOLA EMILE (BD) N° IMP 6,,,Plein jour,En agglomération,Intersection en T,Normale,Deux véhicules - côté,,,,,,,,,,,1,2,3,1.0,3.0
201000042266,0010-09-25 16:05:00,10,9,25,16,5,720,181,"1, CYPRES (COUR DES)",,,Plein jour,En agglomération,Hors intersection,Normale,Autre collision,,,,,,,,,,,1,2,1,1.0,6.0
201000042267,0010-09-29 08:50:00,10,9,29,8,50,720,181,CORDELET LOUIS ( AV),,,Plein jour,En agglomération,Hors intersection,Normale,Autre collision,,,,,,,,,,,1,2,1,1.0,6.0
201000042268,0010-09-30 17:15:00,10,9,30,17,15,720,3,RATERIE (RUE DE LA),,,Plein jour,En agglomération,Hors intersection,Normale,Sans collision,,,,,,,,,,,1,2,1,1.0,7.0
201000042269,0010-10-01 13:40:00,10,10,1,13,40,720,181,MOZART (AV),,,Plein jour,En agglomération,Hors intersection,Pluie légère,Autre collision,,,,,,,,,,,1,2,1,2.0,6.0
201000042270,0010-10-02 15:25:00,10,10,2,15,25,720,181,PATTON GENERAL RTE ST-AU,,,Plein jour,Hors agglomération,Hors intersection,Pluie légère,Trois véhicules et plus - en chaîne,,,,,,,,,,,1,1,1,2.0,4.0
201000042271,0010-10-04 08:25:00,10,10,4,8,25,720,181,GENESLAY FELIX (AV) N° P,,,Plein jour,En agglomération,Hors intersection,Pluie légère,Autre collision,,,,,,,,,,,1,2,1,2.0,6.0
201000042272,0010-10-07 13:32:00,10,10,7,13,32,720,181,"22, BARBIER (RUE)",,,Plein jour,En agglomération,Hors intersection,Normale,Autre collision,,,,,,,,,,,1,2,1,1.0,6.0
201000042273,0010-10-07 18:30:00,10,10,7,18,30,720,181,ITALIENS (BD DES),,,Plein jour,Hors agglomération,Hors intersection,Normale,Deux véhicules - arrière,,,,,,,,,,,1,1,1,1.0,2.0
201000042274,0010-10-08 08:55:00,10,10,8,8,55,720,181,"164, PETITE-VITESSE (BD",,,Plein jour,En agglomération,Intersection en T,Normale,Deux véhicules - frontale,,,,,,,,,,,1,2,3,1.0,1.0
201000042275,0010-10-08 21:45:00,10,10,8,21,45,720,181,BOEUFS LE PETIT HOUX (CH,,,Nuit avec éclairage allumé,Hors agglomération,Hors intersection,Normale,Autre collision,,,,,,,,,,,5,1,1,1.0,6.0
201000042276,0010-10-08 23:25:00,10,10,8,23,25,720,181,"24, CONSTANTINE (RUE DE)",,,Nuit avec éclairage allumé,En agglomération,Hors intersection,Normale,Sans collision,,,,,,,,,,,5,2,1,1.0,7.0
201000042277,0010-10-11 16:43:00,10,10,11,16,43,720,181,"437, SABLE (RTE DE )",,,Plein jour,En agglomération,Hors intersection,Normale,Deux véhicules - arrière,,,,,,,,,,,1,2,1,1.0,2.0
201000042278,0010-10-12 19:15:00,10,10,12,19,15,720,181,LATTRE DE TASSIGNY MAREC,,,Crépuscule ou aube,Hors agglomération,Hors intersection,Normale,Sans collision,,,,,,,,,,,2,1,1,1.0,7.0
201000042279,0010-10-15 08:48:00,10,10,15,8,48,720,181,ESTIENNE D'ORVES (BD D'),,,Plein jour,Hors agglomération,Hors intersection,Normale,Trois véhicules et plus - en chaîne,,,,,,,,,,,1,1,1,1.0,4.0
201000042280,0010-10-15 17:40:00,10,10,15,17,40,720,181,"8, DURAND GEORGES (AV) N",,,Plein jour,En agglomération,Hors intersection,Normale,Autre collision,,,,,,,,,,,1,2,1,1.0,6.0
201000042281,0010-10-15 18:30:00,10,10,15,18,30,720,181,PATTON GENERAL RTE ST-AU,,,Plein jour,Hors agglomération,Hors intersection,Normale,Trois véhicules et plus - en chaîne,,,,,,,,,,,1,1,1,1.0,4.0
201000042282,0010-10-18 15:18:00,10,10,18,15,18,720,181,"1, DEBUSSY CLAUDE (AV)",,,Plein jour,En agglomération,Hors intersection,Normale,Deux véhicules - côté,,,,,,,,,,,1,2,1,1.0,3.0
201000042283,0010-10-19 18:50:00,10,10,19,18,50,720,181,"233, LIBERATION (AV DE L",,,Plein jour,En agglomération,Hors intersection,Normale,Deux véhicules - côté,,,,,,,,,,,1,2,1,1.0,3.0
201000042284,0010-10-20 08:20:00,10,10,20,8,20,720,181,"412, MAC JEAN (AV) N° PA",,,Crépuscule ou aube,En agglomération,Hors intersection,Normale,Trois véhicules et plus - en chaîne,,,,,,,,,,,2,2,1,1.0,4.0
201000042285,0010-10-21 06:05:00,10,10,21,6,5,720,181,Boulevard Henri FRENAY,,,Nuit sans éclairage public,Hors agglomération,Hors intersection,Normale,Deux véhicules - frontale,,,,,,,,,,,3,1,1,1.0,1.0
201000042286,0010-10-25 19:30:00,10,10,25,19,30,720,181,SUD EST DEVIATION  RT TO,,,Plein jour,Hors agglomération,Hors intersection,Normale,Deux véhicules - côté,,,,,,,,,,,1,1,1,1.0,3.0
201000042287,0010-10-27 14:15:00,10,10,27,14,15,720,181,JAURES CHURCHILL (ECHANG,,,Plein jour,En agglomération,Intersection en X,Normale,Deux véhicules - côté,,,,,,,,,,,1,2,2,1.0,3.0
201000042288,0010-10-28 09:55:00,10,10,28,9,55,720,181,LEFAUCHEUX PIERRE (BD),,,Plein jour,Hors agglomération,Hors intersection,Normale,Deux véhicules - arrière,,,,,,,,,,,1,1,1,1.0,2.0
201000042289,0010-10-30 23:07:00,10,10,30,23,7,720,181,"28, BANJAN (RUE) N° PAIR",,,Nuit avec éclairage allumé,En agglomération,Hors intersection,Normale,Sans collision,,,,,,,,,,,5,2,1,1.0,7.0
201000042290,0010-11-01 12:00:00,10,11,1,12,0,720,181,RHIN ET DANUBE (AV) N° I,,,Plein jour,En agglomération,Hors intersection,Normale,Autre collision,,,,,,,,,,,1,2,1,1.0,6.0
201000042291,0010-11-01 18:38:00,10,11,1,18,38,720,181,NATIONALE (RUE),,,Nuit avec éclairage allumé,En agglomération,Intersection en X,Normale,Deux véhicules - côté,,,,,,,,,,,5,2,2,1.0,3.0
201000042292,0010-11-02 06:44:00,10,11,2,6,44,720,181,CHAMP DE MARS (RUE DU),,,Nuit avec éclairage allumé,En agglomération,Hors intersection,Normale,Autre collision,,,,,,,,,,,5,2,1,1.0,6.0
201000042293,0010-11-02 09:03:00,10,11,2,9,3,720,181,"7, GRANDES COURBES (RUE",,,Plein jour,En agglomération,Hors intersection,Normale,Deux véhicules - côté,,,,,,,,,,,1,2,1,1.0,3.0
201000042294,0010-11-02 16:20:00,10,11,2,16,20,720,181,RUBILLARD AV N° IMP 1 A,,,Plein jour,En agglomération,Hors intersection,Pluie légère,Trois véhicules et plus - en chaîne,,,,,,,,,,,1,2,1,2.0,4.0
201000042295,0010-11-02 18:40:00,10,11,2,18,40,720,181,PAPIN DENIS (RUE),,,Nuit avec éclairage allumé,En agglomération,Intersection en T,Pluie légère,Deux véhicules - côté,,,,,,,,,,,5,2,3,2.0,3.0
201000042296,0010-11-04 13:23:00,10,11,4,13,23,720,181,PAVOINE PIERRE (RUE),,,Plein jour,En agglomération,Intersection en X,Normale,Deux véhicules - côté,,,,,,,,,,,1,2,2,1.0,3.0
201000042297,0010-11-06 17:00:00,10,11,6,17,0,720,181,CUGNOT NICOLAS (BD),,,Plein jour,En agglomération,Hors intersection,Pluie légère,Trois véhicules et plus - en chaîne,,,,,,,,,,,1,2,1,2.0,4.0
201000042298,0010-11-08 20:10:00,10,11,8,20,10,720,181,PATTON GENERAL RTE ST-AU,,,Nuit avec éclairage allumé,Hors agglomération,Hors intersection,Pluie légère,Sans collision,,,,,,,,,,,5,1,1,2.0,7.0
201000042299,0010-11-09 09:20:00,10,11,9,9,20,720,181,EDISON THOMAS (RUE),,,Plein jour,En agglomération,Hors intersection,Normale,Sans collision,,,,,,,,,,,1,2,1,1.0,7.0
201000042300,0010-11-09 15:30:00,10,11,9,15,30,720,181,ALENCON (RTE D'),,,Plein jour,En agglomération,Giratoire,Normale,Deux véhicules - côté,,,,,,,,,,,1,2,6,1.0,3.0
201000042301,0010-11-09 18:25:00,10,11,9,18,25,720,181,KLOTZ HENRI-PIERRE (AV),,,Nuit avec éclairage allumé,En agglomération,Hors intersection,Normale,Trois véhicules et plus - en chaîne,,,,,,,,,,,5,2,1,1.0,4.0
201000042302,0010-11-09 18:45:00,10,11,9,18,45,720,181,BLANC LOUIS (QUAI),,,Nuit avec éclairage allumé,En agglomération,Intersection en X,Normale,Deux véhicules - frontale,,,,,,,,,,,5,2,2,1.0,1.0
201000042303,0010-11-13 18:10:00,10,11,13,18,10,720,181,LAIGNE RUE DE N° IMP 1 A,,,Nuit avec éclairage allumé,En agglomération,Hors intersection,Pluie légère,Sans collision,,,,,,,,,,,5,2,1,2.0,7.0
201000042304,0010-11-14 15:10:00,10,11,14,15,10,720,181,FOUCAUDIERE (RUE),,,Plein jour,En agglomération,Hors intersection,Pluie légère,Deux véhicules - arrière,,,,,,,,,,,1,2,1,2.0,2.0
201000042305,0010-11-15 19:50:00,10,11,15,19,50,720,181,CHAMPION HENRI (RUE) N°,,,Nuit avec éclairage allumé,En agglomération,Giratoire,Normale,Deux véhicules - côté,,,,,,,,,,,5,2,6,1.0,3.0
201000042306,0010-11-17 15:45:00,10,11,17,15,45,720,181,GUEDOU PIERRE (ALLEE),,,Plein jour,En agglomération,Hors intersection,Pluie légère,Sans collision,,,,,,,,,,,1,2,1,2.0,7.0
201000042307,0010-11-18 18:05:00,10,11,18,18,5,720,181,PREMIERE DIVISION FRANCA,,,Nuit avec éclairage allumé,Hors agglomération,Hors intersection,Normale,Deux véhicules - arrière,,,,,,,,,,,5,1,1,1.0,2.0
201000042308,0010-11-20 16:20:00,10,11,20,16,20,720,181,BROUTELLE HONORE (RUE),,,Plein jour,En agglomération,Hors intersection,Normale,Autre collision,,,,,,,,,,,1,2,1,1.0,6.0
201000042309,0010-11-21 02:15:00,10,11,21,2,15,720,181,MONTOISE (RUE),,,Nuit avec éclairage allumé,En agglomération,Hors intersection,Normale,Deux véhicules - arrière,,,,,,,,,,,5,2,1,1.0,2.0
201000042310,0010-11-23 07:50:00,10,11,23,7,50,720,181,BOLLEE (AV) N° PAIRS 154,,,Nuit avec éclairage allumé,En agglomération,Intersection en T,Normale,Deux véhicules - côté,,,,,,,,,,,5,2,3,1.0,3.0
201000042311,0010-11-24 18:00:00,10,11,24,18,0,720,181,DEMORIEUX IMP DE ROCADE,,,Nuit avec éclairage allumé,En agglomération,Hors intersection,Normale,Trois véhicules et plus - en chaîne,,,,,,,,,,,5,2,1,1.0,4.0
201000042312,0010-11-26 19:00:00,10,11,26,19,0,720,181,LATTRE DE TASSIGNY MAREC,,,Nuit avec éclairage allumé,Hors agglomération,Hors intersection,Normale,Trois véhicules et plus - collisions multiples,,,,,,,,,,,5,1,1,1.0,5.0
201000042313,0010-11-26 22:45:00,10,11,26,22,45,720,181,CHAMPION HENRI (RUE) N°,,,Nuit avec éclairage allumé,En agglomération,Hors intersection,Normale,Deux véhicules - côté,,,,,,,,,,,5,2,1,1.0,3.0
201000042314,0010-11-27 03:00:00,10,11,27,3,0,720,181,"5, PAPIN DENIS (RUE)",,,Nuit avec éclairage allumé,En agglomération,Hors intersection,Normale,Deux véhicules - frontale,,,,,,,,,,,5,2,1,1.0,1.0
201000042315,0010-11-29 17:35:00,10,11,29,17,35,720,181,"35, BONNETABLE (RTE) N°",,,Nuit avec éclairage allumé,En agglomération,Hors intersection,Normale,Deux véhicules - côté,,,,,,,,,,,5,2,1,1.0,3.0
201000042316,0010-12-01 08:35:00,10,12,1,8,35,720,3,19 MARS 1962 (AV),,,Plein jour,En agglomération,Hors intersection,Autre,Sans collision,,,,,,,,,,,1,2,1,9.0,7.0
201000042317,0010-12-01 09:10:00,10,12,1,9,10,720,181,YSSOIR (PONT),,,Plein jour,En agglomération,Intersection en X,Normale,Autre collision,,,,,,,,,,,1,2,2,1.0,6.0
201000042318,0010-12-03 09:10:00,10,12,3,9,10,720,181,"22, BODEREAU JULIEN (RUE",,,Plein jour,En agglomération,Hors intersection,Normale,Autre collision,,,,,,,,,,,1,2,1,1.0,6.0
201000042319,0010-12-03 12:15:00,10,12,3,12,15,720,181,LAENNEC RENE (AV),,,Plein jour,En agglomération,Hors intersection,Normale,Deux véhicules - arrière,,,,,,,,,,,1,2,1,1.0,2.0
201000042320,0010-12-04 10:20:00,10,12,4,10,20,720,95,"36, CARNAC (RUE DE)",,,Plein jour,En agglomération,Hors intersection,Normale,Deux véhicules - côté,,,,,,,,,,,1,2,1,1.0,3.0
201000042321,0010-12-06 20:50:00,10,12,6,20,50,720,181,GAMBETTA (PONT),,,Nuit avec éclairage allumé,En agglomération,Intersection en X,Pluie légère,Autre collision,,,,,,,,,,,5,2,2,2.0,6.0
201000042322,0010-12-08 08:00:00,10,12,8,8,0,720,181,CARNOT (BD),,,Nuit avec éclairage allumé,En agglomération,Intersection en X,Pluie légère,Deux véhicules - côté,,,,,,,,,,,5,2,2,2.0,3.0
201000042323,0010-12-09 20:15:00,10,12,9,20,15,720,181,"56-58, LEFAUCHEUX PIERRE",,,Nuit avec éclairage allumé,Hors agglomération,Hors intersection,Normale,Deux véhicules - côté,,,,,,,,,,,5,1,1,1.0,3.0
201000042324,0010-12-12 18:05:00,10,12,12,18,5,720,3,SPAY (RTE DE),,,Nuit avec éclairage allumé,En agglomération,Hors intersection,Normale,Sans collision,,,,,,,,,,,5,2,1,1.0,7.0
201000042325,0010-12-13 08:15:00,10,12,13,8,15,720,3,SPAY (RTE DE),,,Plein jour,Hors agglomération,Hors intersection,Normale,Deux véhicules - côté,,,,,,,,,,,1,1,1,1.0,3.0
201000042326,0010-12-13 07:55:00,10,12,13,7,55,720,181,MAC JEAN (AV) N° PAIRS 3,,,Nuit avec éclairage allumé,En agglomération,Hors intersection,Normale,Deux véhicules - côté,,,,,,,,,,,5,2,1,1.0,3.0
201000042327,0010-12-13 14:40:00,10,12,13,14,40,720,181,"sans, COURBOULAY PAUL (R",,,Plein jour,En agglomération,Hors intersection,Normale,Autre collision,,,,,,,,,,,1,2,1,1.0,6.0
201000042328,0010-12-13 17:45:00,10,12,13,17,45,720,181,"212, LIBERATION (AV DE L",,,Nuit avec éclairage allumé,En agglomération,Hors intersection,Normale,Autre collision,,,,,,,,,,,5,2,1,1.0,6.0
201000042329,0010-12-13 22:40:00,10,12,13,22,40,720,181,ESTEREL (RUE DE L') N° I,,,Nuit avec éclairage allumé,En agglomération,Hors intersection,Normale,Sans collision,,,,,,,,,,,5,2,1,1.0,7.0
201000042330,0010-12-14 09:40:00,10,12,14,9,40,720,181,"234, JAURES JEAN (AV) N°",,,Plein jour,En agglomération,Hors intersection,Normale,Deux véhicules - arrière,,,,,,,,,,,1,2,1,1.0,2.0
201000042331,0010-12-14 17:05:00,10,12,14,17,5,720,181,BARBIER (RUE),,,Crépuscule ou aube,En agglomération,Intersection en X,Normale,Deux véhicules - côté,,,,,,,,,,,2,2,2,1.0,3.0
201000042332,0010-12-15 10:30:00,10,12,15,10,30,720,181,LYAUTEY MARECHAL (AV) N°,,,Plein jour,En agglomération,Intersection en X,Normale,Deux véhicules - côté,,,,,,,,,,,1,2,2,1.0,3.0
201000042333,0010-12-16 12:05:00,10,12,16,12,5,720,181,YSSOIR (PONT),,,Plein jour,En agglomération,Hors intersection,Normale,Deux véhicules - côté,,,,,,,,,,,1,2,1,1.0,3.0
201000042334,0010-12-17 08:35:00,10,12,17,8,35,720,181,"51, PIFFAULT PIERRE (AV)",,,Plein jour,En agglomération,Hors intersection,Normale,Deux véhicules - côté,,,,,,,,,,,1,2,1,1.0,3.0
201000042335,0010-12-17 14:30:00,10,12,17,14,30,720,181,"67, DIESEL RODOLPHE (RUE",,,Plein jour,En agglomération,Hors intersection,Normale,Autre collision,,,,,,,,,,,1,2,1,1.0,6.0
201000042336,0010-12-18 12:05:00,10,12,18,12,5,720,95,SAINT MICHEL (BD),,,Plein jour,En agglomération,Hors intersection,Pluie légère,Deux véhicules - côté,,,,,,,,,,,1,2,1,2.0,3.0
201000042337,0010-12-21 12:13:00,10,12,21,12,13,720,181,"71, BONNETABLE (RTE) N°",,,Plein jour,En agglomération,Hors intersection,Normale,Trois véhicules et plus - en chaîne,,,,,,,,,,,1,2,1,1.0,4.0
201000042338,0010-12-22 18:40:00,10,12,22,18,40,720,181,RUAUDIN (RUE) N° PAIRS 2,,,Nuit avec éclairage allumé,En agglomération,Hors intersection,Neige / grêle,Deux véhicules - côté,,,,,,,,,,,5,2,1,4.0,3.0
201000042339,0010-12-25 12:19:00,10,12,25,12,19,720,181,"sans, CUGNOT NICOLAS (BD",,,Plein jour,En agglomération,Hors intersection,Normale,Trois véhicules et plus - en chaîne,,,,,,,,,,,1,2,1,1.0,4.0
201000042340,0010-12-28 10:15:00,10,12,28,10,15,720,181,"20, GENESLAY FELIX (AV)",,,Plein jour,En agglomération,Hors intersection,Pluie légère,Autre collision,,,,,,,,,,,1,2,1,2.0,6.0
201000042341,0010-04-06 15:03:00,10,4,6,15,3,730,8,CASINO RUE DU,,,Plein jour,En agglomération,Intersection en T,Normale,Autre collision,,,,,,,,,,,1,2,3,1.0,6.0
201000042342,0010-04-28 10:28:00,10,4,28,10,28,730,8,"55, PETIT PORT  AVENUE D",,,Plein jour,En agglomération,Intersection en T,Normale,Deux véhicules - côté,,,,,,,,,,,1,2,3,1.0,3.0
201000042343,0010-06-04 09:45:00,10,6,4,9,45,730,8,BIOLLAY CHEMIN DU,,,Plein jour,En agglomération,Hors intersection,Normale,Autre collision,,,,,,,,,,,1,2,1,1.0,6.0
201000042344,0010-06-30 21:13:00,10,6,30,21,13,730,8,GOLF AVENUE DU,,,Plein jour,En agglomération,Intersection en T,Normale,Deux véhicules - côté,,,,,,,,,,,1,2,3,1.0,3.0
201000042345,0010-07-10 11:41:00,10,7,10,11,41,730,8,"44, SIMOND ST AVENUE",,,Plein jour,En agglomération,Hors intersection,Normale,Deux véhicules - arrière,,,,,,,,,,,1,2,1,1.0,2.0
201000042346,0010-07-28 11:46:00,10,7,28,11,46,730,8,LAC CARREFOUR DU,,,Plein jour,En agglomération,Giratoire,Normale,Deux véhicules - côté,,,,,,,,,,,1,2,6,1.0,3.0
201000042347,0010-08-13 09:12:00,10,8,13,9,12,730,8,VIBORGNE CHEMIN DE,,,Plein jour,En agglomération,Intersection en X,Normale,Deux véhicules - côté,,,,,,,,,,,1,2,2,1.0,3.0
201000042348,0010-10-01 12:55:00,10,10,1,12,55,730,8,"67, MARLIOZ AVENUE DE",,,Plein jour,En agglomération,Hors intersection,Normale,Deux véhicules - côté,,,,,,,,,,,1,2,1,1.0,3.0
201000042349,0010-12-14 08:55:00,10,12,14,8,55,730,8,HOPITAUX CARREFOUR DES,,,Plein jour,En agglomération,Giratoire,Normale,Deux véhicules - côté,,,,,,,,,,,1,2,6,1.0,3.0
201000042350,0010-01-18 21:53:00,10,1,18,21,53,730,11,"1, DE GAULLE (AV) GILLY",45.66232,6.36113,Nuit avec éclairage allumé,En agglomération,Passage à niveau,Normale,Autre collision,,,,,,,,,,,5,2,8,1.0,6.0
201000042351,0010-05-16 11:30:00,10,5,16,11,30,730,11,Voie sur berges (   RD 1,45.66986,6.39204,Plein jour,Hors agglomération,Hors intersection,Normale,Trois véhicules et plus - collisions multiples,,,,,,,,,,,1,1,1,1.0,5.0
201000042352,0010-07-03 00:45:00,10,7,3,0,45,730,11,BEAUFORT (ROUTE DE),,,Nuit sans éclairage public,Hors agglomération,Hors intersection,Normale,Autre collision,,,,,,,,,,,3,1,1,1.0,6.0
201000042353,0010-09-01 18:00:00,10,9,1,18,0,730,11,"0,00, BEAUFORT (ROUTE DE",45.68436,6.39993,Plein jour,Hors agglomération,Hors intersection,Normale,Deux véhicules - frontale,,,,,,,,,,,1,1,1,1.0,1.0
201000042354,0010-09-22 15:50:00,10,9,22,15,50,730,11,"34, REPUBLIQUE (RUE DE L",,,Plein jour,En agglomération,Intersection en X,Normale,Autre collision,,,,,,,,,,,1,2,2,1.0,6.0
201000042355,0010-10-07 06:08:00,10,10,7,6,8,730,11,Rue du commandant Dubois,45.66419,6.37762,Nuit sans éclairage public,En agglomération,Hors intersection,Normale,Autre collision,,,,,,,,,,,3,2,1,1.0,6.0
201000042356,0010-10-16 18:45:00,10,10,16,18,45,730,11,"111, DE GAULLE (AV) GILL",,,Nuit avec éclairage allumé,En agglomération,Autre intersection,Pluie légère,Deux véhicules - côté,,,,,,,,,,,5,2,9,2.0,3.0
201000042357,0010-01-15 07:35:00,10,1,15,7,35,730,65,Rue St-Antoine/Favre,,,Nuit avec éclairage allumé,En agglomération,Intersection en X,Normale,Autre collision,,,,,,,,,,,5,2,2,1.0,6.0
201000042358,0010-01-18 12:20:00,10,1,18,12,20,730,29,Rue St-Antoine/Favre,,,Plein jour,En agglomération,Hors intersection,Normale,Autre collision,,,,,,,,,,,1,2,1,1.0,6.0
201000042359,0010-01-19 09:35:00,10,1,19,9,35,730,65,LANDIERS (AVENUE DES),,,Plein jour,Hors agglomération,Passage à niveau,Normale,Deux véhicules - côté,,,,,,,,,,,1,1,8,1.0,3.0
201000042360,0010-03-17 10:15:00,10,3,17,10,15,730,65,Place du Stade,,,Plein jour,En agglomération,Giratoire,Normale,Deux véhicules - côté,,,,,,,,,,,1,2,6,1.0,3.0
201000042361,0010-04-07 21:05:00,10,4,7,21,5,730,65,Avenue de la Boisse,,,Nuit avec éclairage allumé,En agglomération,Hors intersection,Normale,Deux véhicules - arrière,,,,,,,,,,,5,2,1,1.0,2.0
201000042362,0010-04-19 20:01:00,10,4,19,20,1,730,65,Place Monge,,,Crépuscule ou aube,En agglomération,Giratoire,Normale,Autre collision,,,,,,,,,,,2,2,6,1.0,6.0