accident_id,datetime,annee,mois,jour,heure,minute,departement,commune_insee,adresse,latitude,longitude,luminosite,agglomeration,intersection,meteo,collision,nb_vehicules,nb_usagers,nb_indemnes,nb_tues,nb_blesses_hosp,nb_blesses_legers,age_cond_1,age_cond_2,veh_type_cond_1,veh_type_cond_2,lum_code,agg_code,int_code,atm_code,col_code
201000042363,0010-04-23 02:22:00,10,4,23,2,22,730,65,VOIE RAPIDE URBAINE,,,Nuit sans éclairage public,En agglomération,Hors intersection,Normale,Autre collision,,,,,,,,,,,3,2,1,1.0,6.0
201000042364,0010-04-22 16:50:00,10,4,22,16,50,730,87,AVENUE HENRY BORDEAUX,,,Plein jour,En agglomération,Passage à niveau,Normale,Autre collision,,,,,,,,,,,1,2,8,1.0,6.0
201000042365,0010-05-10 13:48:00,10,5,10,13,48,730,31,"11463, rte St-Saturnin",,,Plein jour,Hors agglomération,Hors intersection,Normale,Deux véhicules - côté,,,,,,,,,,,1,1,1,1.0,3.0
201000042366,0010-05-08 15:25:00,10,5,8,15,25,730,65,Rue du Bertillet,,,Plein jour,En agglomération,Hors intersection,Normale,Autre collision,,,,,,,,,,,1,2,1,1.0,6.0
201000042367,0010-05-11 09:50:00,10,5,11,9,50,730,65,Av. des Ducs de Savoie,,,Plein jour,En agglomération,Hors intersection,Normale,Autre collision,,,,,,,,,,,1,2,1,1.0,6.0
201000042368,0010-05-17 13:50:00,10,5,17,13,50,730,65,Avenue des Landiers,,,Plein jour,Hors agglomération,Hors intersection,Normale,Deux véhicules - côté,,,,,,,,,,,1,1,1,1.0,3.0
201000042369,0010-06-01 17:40:00,10,6,1,17,40,730,65,Av. du General Cartier,,,Plein jour,En agglomération,Hors intersection,Normale,Deux véhicules - frontale,,,,,,,,,,,1,2,1,1.0,1.0
201000042370,0010-06-11 10:48:00,10,6,11,10,48,730,65,VRU de Chambéry,,,Plein jour,Hors agglomération,Hors intersection,Normale,Autre collision,,,,,,,,,,,1,1,1,1.0,6.0
201000042371,0010-06-28 15:35:00,10,6,28,15,35,730,65,VRU,,,Plein jour,Hors agglomération,Hors intersection,Normale,Deux véhicules - arrière,,,,,,,,,,,1,1,1,1.0,2.0
201000042372,0010-06-25 15:35:00,10,6,25,15,35,730,31,VOIE RAPIDE URBAINE,,,Plein jour,Hors agglomération,Hors intersection,Normale,Deux véhicules - arrière,,,,,,,,,,,1,1,1,1.0,2.0
201000042373,0010-07-02 14:10:00,10,7,2,14,10,730,65,MONGE (PLACE),,,Plein jour,En agglomération,Giratoire,Normale,Autre collision,,,,,,,,,,,1,2,6,1.0,6.0
201000042374,0010-07-18 02:14:00,10,7,18,2,14,730,65,VOIE RAPIDE URBAINE,,,Nuit avec éclairage allumé,Hors agglomération,Hors intersection,Normale,Autre collision,,,,,,,,,,,5,1,1,1.0,6.0
201000042375,0010-08-22 23:49:00,10,8,22,23,49,730,222,Route de Monterminod,,,Nuit sans éclairage public,Hors agglomération,Hors intersection,Normale,Deux véhicules - frontale,,,,,,,,,,,3,1,1,1.0,1.0
201000042376,0010-10-26 18:03:00,10,10,26,18,3,730,29,,,,Plein jour,En agglomération,Hors intersection,Normale,Deux véhicules - frontale,,,,,,,,,,,1,2,1,1.0,1.0
201000042377,0010-10-26 18:10:00,10,10,26,18,10,730,29,,,,Plein jour,En agglomération,Hors intersection,Normale,Autre collision,,,,,,,,,,,1,2,1,1.0,6.0
201000042378,0010-11-04 06:00:00,10,11,4,6,0,730,87,BORDEAUX HENRY (AVENUE),,,Nuit avec éclairage allumé,En agglomération,Passage à niveau,Normale,Deux véhicules - côté,,,,,,,,,,,5,2,8,1.0,3.0
201000042379,0010-11-05 17:45:00,10,11,5,17,45,730,65,MONTS (BOULEVARD DES),,,Crépuscule ou aube,En agglomération,Hors intersection,Normale,Deux véhicules - frontale,,,,,,,,,,,2,2,1,1.0,1.0
201000042380,0010-11-08 16:55:00,10,11,8,16,55,730,31,TURIN (AVENUE DE),,,Plein jour,En agglomération,Hors intersection,Pluie forte,Autre collision,,,,,,,,,,,1,2,1,3.0,6.0
201000042381,0010-01-20 15:30:00,10,1,20,15,30,740,10,rue de l'Industrie,,,Plein jour,En agglomération,Hors intersection,Neige / grêle,Sans collision,,,,,,,,,,,1,2,1,4.0,7.0
201000042382,0010-01-28 14:20:00,10,1,28,14,20,740,10,22b r.la Paix/rG.Fichet,,,Plein jour,En agglomération,Intersection en X,Neige / grêle,Sans collision,,,,,,,,,,,1,2,2,4.0,7.0
201000042383,0010-01-29 22:39:00,10,1,29,22,39,740,10,8 rue H.Bordeaux,,,Nuit avec éclairage allumé,En agglomération,Hors intersection,Neige / grêle,Sans collision,,,,,,,,,,,5,2,1,4.0,7.0
201000042384,0010-03-13 13:40:00,10,3,13,13,40,740,10,"., ALBIGNY (AVE)",,,Plein jour,En agglomération,Hors intersection,Normale,Autre collision,,,,,,,,,,,1,2,1,1.0,6.0
201000042385,0010-04-14 20:30:00,10,4,14,20,30,740,10,"2, RUE DES JONQUILLES",,,Crépuscule ou aube,En agglomération,Hors intersection,Normale,Autre collision,,,,,,,,,,,2,2,1,1.0,6.0
201000042386,0010-04-12 16:30:00,10,4,12,16,30,740,10,19ONZIEME B.C.A. RUEdu,,,Plein jour,En agglomération,Hors intersection,Normale,Autre collision,,,,,,,,,,,1,2,1,1.0,6.0
201000042387,0010-04-24 23:35:00,10,4,24,23,35,740,10,ch.MAQUIS/FRANCE,,,Nuit avec éclairage allumé,En agglomération,Intersection en X,Normale,Deux véhicules - côté,,,,,,,,,,,5,2,2,1.0,3.0
201000042388,0010-05-06 19:30:00,10,5,6,19,30,740,10,15 MARQUISATS (AVENUE d,,,Plein jour,En agglomération,Hors intersection,Normale,Autre collision,,,,,,,,,,,1,2,1,1.0,6.0
201000042389,0010-05-16 03:15:00,10,5,16,3,15,740,10,"64, FIER (BOULEVARD DU))",,,Nuit avec éclairage allumé,En agglomération,Hors intersection,Normale,Autre collision,,,,,,,,,,,5,2,1,1.0,6.0
201000042390,0010-05-17 12:00:00,10,5,17,12,0,740,10,"., ROMAINS (PLACE DES)",,,Plein jour,En agglomération,Place,Normale,Autre collision,,,,,,,,,,,1,2,7,1.0,6.0
201000042391,0010-05-14 09:15:00,10,5,14,9,15,740,10,NOTRE-DAME RUE,,,Plein jour,En agglomération,Intersection en T,Normale,Autre collision,,,,,,,,,,,1,2,3,1.0,6.0
201000042392,0010-06-05 21:35:00,10,6,5,21,35,740,10,USINES (DES),,,Nuit avec éclairage allumé,En agglomération,Giratoire,Normale,Deux véhicules - côté,,,,,,,,,,,5,2,6,1.0,3.0
201000042393,0010-06-11 02:50:00,10,6,11,2,50,740,10,"33, GENEVE (AVENUE DE)(S",,,Nuit avec éclairage allumé,En agglomération,Hors intersection,Pluie légère,Autre collision,,,,,,,,,,,5,2,1,2.0,6.0
201000042394,0010-06-11 00:50:00,10,6,11,0,50,740,10,GAMBETTA/LES CLOCHES,,,Nuit avec éclairage allumé,En agglomération,Intersection à plus de 4 branches,Pluie légère,Deux véhicules - côté,,,,,,,,,,,5,2,5,2.0,3.0
201000042395,0010-06-23 11:55:00,10,6,23,11,55,740,10,"., ALBIGNY (AVE)",,,Plein jour,En agglomération,Intersection en T,Normale,Autre collision,,,,,,,,,,,1,2,3,1.0,6.0
201000042396,0010-06-27 12:05:00,10,6,27,12,5,740,10,"., GAMBETTA",,,Plein jour,En agglomération,Intersection en X,Normale,Deux véhicules - côté,,,,,,,,,,,1,2,2,1.0,3.0
201000042397,0010-07-04 06:50:00,10,7,4,6,50,740,93,"33, GERMAIN PERREARD (AV",,,Plein jour,En agglomération,Hors intersection,Normale,Autre collision,,,,,,,,,,,1,2,1,1.0,6.0
201000042398,0010-07-09 23:05:00,10,7,9,23,5,740,10,"1, rue du Travail",,,Nuit avec éclairage allumé,En agglomération,Hors intersection,Normale,Autre collision,,,,,,,,,,,5,2,1,1.0,6.0
201000042399,0010-07-19 18:30:00,10,7,19,18,30,740,10,"34, ILES (AVENUE DES)",,,Plein jour,En agglomération,Intersection en X,Normale,Deux véhicules - côté,,,,,,,,,,,1,2,2,1.0,3.0
201000042400,0010-07-23 20:00:00,10,7,23,20,0,740,10,"., GAMBETTA",,,Crépuscule ou aube,En agglomération,Giratoire,Normale,Autre collision,,,,,,,,,,,2,2,6,1.0,6.0
201000042401,0010-08-08 00:55:00,10,8,8,0,55,740,10,"18, FRANCE (AVENUE)(SECT",,,Nuit avec éclairage allumé,En agglomération,Hors intersection,Normale,Autre collision,,,,,,,,,,,5,2,1,1.0,6.0
201000042402,0010-08-10 08:20:00,10,8,10,8,20,740,10,REPUBLIQUE (DE LA),,,Plein jour,En agglomération,Intersection en T,Normale,Autre collision,,,,,,,,,,,1,2,3,1.0,6.0
201000042403,0010-08-11 13:35:00,10,8,11,13,35,740,93,LIBERATION/VERNAY,,,Plein jour,En agglomération,Intersection en T,Normale,Deux véhicules - côté,,,,,,,,,,,1,2,3,1.0,3.0
201000042404,0010-08-15 22:40:00,10,8,15,22,40,740,10,FINS SECTEUR 420,,,Nuit avec éclairage allumé,En agglomération,Intersection en T,Temps couvert,Deux véhicules - côté,,,,,,,,,,,5,2,3,8.0,3.0
201000042405,0010-08-17 15:25:00,10,8,17,15,25,740,10,MARECHAL LECLERC pro à,,,Plein jour,En agglomération,Intersection en T,Normale,Autre collision,,,,,,,,,,,1,2,3,1.0,6.0
201000042406,0010-08-31 21:40:00,10,8,31,21,40,740,10,7  ARAVIS,,,Nuit avec éclairage allumé,En agglomération,Hors intersection,Normale,Autre collision,,,,,,,,,,,5,2,1,1.0,6.0
201000042407,0010-08-31 18:20:00,10,8,31,18,20,740,10,"99, PERIMETRE (route du",,,Plein jour,En agglomération,Hors intersection,Normale,Autre collision,,,,,,,,,,,1,2,1,1.0,6.0
201000042408,0010-09-02 12:15:00,10,9,2,12,15,740,10,"., LUCIEN BOSCHETTI",,,Plein jour,En agglomération,Intersection en X,Normale,Autre collision,,,,,,,,,,,1,2,2,1.0,6.0
201000042409,0010-09-14 08:30:00,10,9,14,8,30,740,10,FIER (BOULEVARD DU)),,,Plein jour,En agglomération,Intersection en T,Normale,Deux véhicules - côté,,,,,,,,,,,1,2,3,1.0,3.0
201000042410,0010-09-18 04:50:00,10,9,18,4,50,740,93,rue du JOURDIL,,,Nuit avec éclairage allumé,En agglomération,Autre intersection,Normale,Autre collision,,,,,,,,,,,5,2,9,1.0,6.0
201000042411,0010-09-25 21:30:00,10,9,25,21,30,740,10,ROCADE (BOULEVARD DE LA),,,Nuit avec éclairage allumé,En agglomération,Intersection en T,Temps couvert,Deux véhicules - arrière,,,,,,,,,,,5,2,3,8.0,2.0
201000042412,0010-09-26 03:35:00,10,9,26,3,35,740,10,"55, FIER (BOULEVARD DU))",,,Nuit avec éclairage allumé,En agglomération,Hors intersection,Temps couvert,Autre collision,,,,,,,,,,,5,2,1,8.0,6.0
201000042413,0010-10-16 01:25:00,10,10,16,1,25,740,10,"., GENEVE (AVENUE DE)(SE",,,Nuit avec éclairage allumé,En agglomération,Intersection en T,Normale,Deux véhicules - côté,,,,,,,,,,,5,2,3,1.0,3.0
201000042414,0010-10-18 14:55:00,10,10,18,14,55,740,10,CRET DU MAURE AV.DU,,,Plein jour,En agglomération,Intersection en T,Normale,Deux véhicules - côté,,,,,,,,,,,1,2,3,1.0,3.0
201000042415,0010-11-11 21:35:00,10,11,11,21,35,740,10,"., INDUSTRIE (RUE DE L')",,,Nuit avec éclairage allumé,En agglomération,Intersection en T,Pluie forte,Deux véhicules - arrière,,,,,,,,,,,5,2,3,3.0,2.0
201000042416,0010-11-17 16:35:00,10,11,17,16,35,740,10,"32, PLAINE (AVENUE DE LA",,,Plein jour,En agglomération,Hors intersection,Normale,Autre collision,,,,,,,,,,,1,2,1,1.0,6.0
201000042417,0010-11-19 14:15:00,10,11,19,14,15,740,10,Brogny (AVE) (SECT 410),,,Plein jour,En agglomération,Giratoire,Normale,Autre collision,,,,,,,,,,,1,2,6,1.0,6.0
201000042418,0010-11-30 14:15:00,10,11,30,14,15,740,10,ALBIGNY (AVE),,,Plein jour,En agglomération,Intersection en T,Normale,Deux véhicules - côté,,,,,,,,,,,1,2,3,1.0,3.0
201000042419,0010-12-30 18:35:00,10,12,30,18,35,740,93,"., OUEST (BOULEVARD)",,,Nuit avec éclairage non allumé,En agglomération,Autre intersection,Normale,Autre collision,,,,,,,,,,,4,2,9,1.0,6.0
201000042420,0010-12-31 16:25:00,10,12,31,16,25,740,12,7 rue aristide briand,,,Plein jour,En agglomération,Hors intersection,Normale,Sans collision,,,,,,,,,,,1,2,1,1.0,7.0
201000042421,0010-01-29 18:15:00,10,1,29,18,15,740,298,157 route de Bonneville,,,Nuit avec éclairage allumé,En agglomération,Hors intersection,Normale,Sans collision,,,,,,,,,,,5,2,1,1.0,7.0
201000042422,0010-02-04 08:30:00,10,2,4,8,30,740,12,rue de geneve/rue saleve,,,Plein jour,En agglomération,Giratoire,Normale,Deux véhicules - côté,,,,,,,,,,,1,2,6,1.0,3.0
201000042423,0010-03-05 20:30:00,10,3,5,20,30,740,118,r.Industrie/ sortie A40,,,Nuit avec éclairage allumé,Hors agglomération,Autre intersection,Normale,Deux véhicules - côté,,,,,,,,,,,5,1,9,1.0,3.0
201000042424,0010-03-15 13:50:00,10,3,15,13,50,740,12,CHABLAIS (RUE DU),,,Plein jour,En agglomération,Intersection en T,Normale,Deux véhicules - frontale,,,,,,,,,,,1,2,3,1.0,1.0
201000042425,0010-03-29 08:45:00,10,3,29,8,45,740,12,AMOUREUX/COURRIARD,,,Plein jour,En agglomération,Intersection en X,Normale,Sans collision,,,,,,,,,,,1,2,2,1.0,7.0
201000042426,0010-03-31 00:45:00,10,3,31,0,45,740,133,L4INDUSTRIE/BOURNO,,,Nuit sans éclairage public,En agglomération,Hors intersection,Pluie légère,Deux véhicules - côté,,,,,,,,,,,3,2,1,2.0,3.0
201000042427,0010-04-13 13:55:00,10,4,13,13,55,740,133,REPUBLIQUE (COURS DE LA),,,Plein jour,En agglomération,Intersection en T,Normale,Deux véhicules - côté,,,,,,,,,,,1,2,3,1.0,3.0
201000042428,0010-04-15 14:50:00,10,4,15,14,50,740,12,RueBaron Loe / ruegeneve,,,Plein jour,En agglomération,Intersection en X,Normale,Sans collision,,,,,,,,,,,1,2,2,1.0,7.0
201000042429,0010-05-19 18:25:00,10,5,19,18,25,740,8,HELVITIE/BRIAND,,,Plein jour,En agglomération,Intersection en X,Normale,Autre collision,,,,,,,,,,,1,2,2,1.0,6.0
201000042430,0010-05-19 17:00:00,10,5,19,17,0,740,12,MERMOZ RUE JEAN),,,Plein jour,En agglomération,Hors intersection,Temps éblouissant,Deux véhicules - arrière,,,,,,,,,,,1,2,1,7.0,2.0
201000042431,0010-06-25 22:10:00,10,6,25,22,10,740,12,"23, ETREMBIERES (ROUTE D",,,Nuit avec éclairage allumé,En agglomération,Hors intersection,Normale,Deux véhicules - frontale,,,,,,,,,,,5,2,1,1.0,1.0
201000042432,0010-04-27 08:00:00,10,4,27,8,0,740,305,ESSERTS (CARREFOUR DES),,,Plein jour,En agglomération,Intersection en T,Normale,Deux véhicules - côté,,,,,,,,,,,1,2,3,1.0,3.0
201000042433,0010-06-05 17:20:00,10,6,5,17,20,740,298,"104, TANINGES (ROUTE DE",,,Plein jour,En agglomération,Hors intersection,Normale,Autre collision,,,,,,,,,,,1,2,1,1.0,6.0
201000042434,0010-09-03 17:40:00,10,9,3,17,40,740,8,GENEVE (RUE DE),,,Plein jour,En agglomération,Intersection en X,Normale,Deux véhicules - frontale,,,,,,,,,,,1,2,2,1.0,1.0
201000042435,0010-09-22 08:15:00,10,9,22,8,15,740,12,ARVE (QUAI D'),,,Plein jour,En agglomération,Giratoire,Normale,Autre collision,,,,,,,,,,,1,2,6,1.0,6.0
201000042436,0010-09-22 18:40:00,10,9,22,18,40,740,12,ARAVIS (RUE DES),,,Plein jour,En agglomération,Hors intersection,Normale,Autre collision,,,,,,,,,,,1,2,1,1.0,6.0
201000042437,0010-09-29 07:35:00,10,9,29,7,35,740,8,MARRONNIERS (RUE DES),,,Plein jour,En agglomération,Intersection en X,Normale,Autre collision,,,,,,,,,,,1,2,2,1.0,6.0
201000042438,0010-10-06 08:10:00,10,10,6,8,10,740,118,"889, SAINT-JULIEN (ROUTE",,,Plein jour,En agglomération,Hors intersection,Normale,Autre collision,,,,,,,,,,,1,2,1,1.0,6.0
201000042439,0010-11-12 07:45:00,10,11,12,7,45,740,118,DEPORTES (ROUTE DES ),,,Plein jour,En agglomération,Hors intersection,Pluie forte,Autre collision,,,,,,,,,,,1,2,1,3.0,6.0
201000042440,0010-04-20 06:30:00,10,4,20,6,30,740,243,Plat.aut.Bardonnex,,,Crépuscule ou aube,Hors agglomération,Hors intersection,Normale,Sans collision,,,,,,,,,,,2,1,1,1.0,7.0
201000042441,0010-01-04 11:25:00,10,1,4,11,25,740,281,118 bd corniche Sup,,,Plein jour,En agglomération,Hors intersection,Neige / grêle,Deux véhicules - frontale,,,,,,,,,,,1,2,1,4.0,1.0
201000042442,0010-01-20 17:25:00,10,1,20,17,25,740,281,"13, Bd Georges Andrier",,,Nuit avec éclairage allumé,En agglomération,Hors intersection,Neige / grêle,Sans collision,,,,,,,,,,,5,2,1,4.0,7.0
201000042443,0010-01-25 19:18:00,10,1,25,19,18,740,281,"17,chemin de ronde",,,Nuit avec éclairage allumé,En agglomération,Hors intersection,Normale,Deux véhicules - frontale,,,,,,,,,,,5,2,1,1.0,1.0
201000042444,0010-03-18 09:50:00,10,3,18,9,50,740,13,RD 1005,,,Plein jour,En agglomération,Hors intersection,Normale,Deux véhicules - frontale,,,,,,,,,,,1,2,1,1.0,1.0
201000042445,0010-04-09 16:10:00,10,4,9,16,10,740,281,"17, av Jules Ferry",,,Plein jour,En agglomération,Hors intersection,Normale,Deux véhicules - côté,,,,,,,,,,,1,2,1,1.0,3.0
201000042446,0010-04-26 14:20:00,10,4,26,14,20,740,281,GENEVRIERS (AVENUE DES),,,Plein jour,En agglomération,Hors intersection,Normale,Deux véhicules - côté,,,,,,,,,,,1,2,1,1.0,3.0
201000042447,0010-06-06 05:05:00,10,6,6,5,5,740,119,"16, NOAILLES (AVENUE ANN",,,Crépuscule ou aube,En agglomération,Hors intersection,Normale,Autre collision,,,,,,,,,,,2,2,1,1.0,6.0
201000042448,0010-05-02 13:20:00,10,5,2,13,20,740,281,COMMERCE (RUE DU),,,Plein jour,En agglomération,Intersection en X,Pluie légère,Deux véhicules - côté,,,,,,,,,,,1,2,2,2.0,3.0
201000042449,0010-05-22 18:20:00,10,5,22,18,20,740,13,GENEVE R.N 5 (ROUTE DE),,,Plein jour,En agglomération,Hors intersection,Normale,Deux véhicules - côté,,,,,,,,,,,1,2,1,1.0,3.0
201000042450,0010-06-25 17:43:00,10,6,25,17,43,740,119,"33, LARRINGES (AVENUE DE",,,Plein jour,En agglomération,Intersection en X,Normale,Deux véhicules - côté,,,,,,,,,,,1,2,2,1.0,3.0
201000042451,0010-07-13 20:50:00,10,7,13,20,50,740,281,DESSAIX (BOULEVARD DU GE,,,Plein jour,En agglomération,Intersection en X,Normale,Deux véhicules - côté,,,,,,,,,,,1,2,2,1.0,3.0
201000042452,0010-07-05 18:00:00,10,7,5,18,0,740,119,"03, LEGER (QUAI PAUL)  R",,,Plein jour,En agglomération,Hors intersection,Normale,Deux véhicules - arrière,,,,,,,,,,,1,2,1,1.0,2.0
201000042453,0010-08-22 13:55:00,10,8,22,13,55,740,281,"01, MORCY (CHEMIN DE)",,,Plein jour,En agglomération,Hors intersection,Normale,Deux véhicules - frontale,,,,,,,,,,,1,2,1,1.0,1.0
201000042454,0010-09-15 08:00:00,10,9,15,8,0,740,281,"17, FERRY (AV JULES) APR",,,Plein jour,En agglomération,Hors intersection,Normale,Autre collision,,,,,,,,,,,1,2,1,1.0,6.0
201000042455,0010-09-17 22:19:00,10,9,17,22,19,740,218,"1052, RIVE (AVENUE DE LA",,,Nuit sans éclairage public,En agglomération,Hors intersection,Normale,Deux véhicules - côté,,,,,,,,,,,3,2,1,1.0,3.0
201000042456,0010-09-17 22:50:00,10,9,17,22,50,740,13,GENEVE R.N 5 (ROUTE DE),,,Nuit avec éclairage allumé,En agglomération,Hors intersection,Normale,Deux véhicules - côté,,,,,,,,,,,5,2,1,1.0,3.0
201000042457,0010-09-23 22:20:00,10,9,23,22,20,740,281,DE GAULLE (AV DU GAL) JU,,,Nuit avec éclairage allumé,En agglomération,Intersection en T,Normale,Deux véhicules - côté,,,,,,,,,,,5,2,3,1.0,3.0
201000042458,0010-11-02 15:40:00,10,11,2,15,40,740,218,"252, RIVE (AVENUE DE LA)",,,Plein jour,En agglomération,Hors intersection,Normale,Autre collision,,,,,,,,,,,1,2,1,1.0,6.0
201000042459,0010-11-09 19:15:00,10,11,9,19,15,740,281,ARTS (place des arts),,,Nuit avec éclairage allumé,En agglomération,Giratoire,Normale,Deux véhicules - côté,,,,,,,,,,,5,2,6,1.0,3.0
201000042460,0010-01-04 17:35:00,10,1,4,17,35,760,384,RD 173 (LE PETIT NAVARIN,,,Nuit avec éclairage allumé,En agglomération,Giratoire,Normale,Deux véhicules - côté,,,,,,,,,,,5,2,6,1.0,3.0
201000042461,0010-03-28 17:55:00,10,3,28,17,55,760,384,"8angle rue, LIBERATION (",,,Plein jour,En agglomération,Intersection en T,Normale,Deux véhicules - frontale,,,,,,,,,,,1,2,3,1.0,1.0
201000042462,0010-04-01 18:20:00,10,4,1,18,20,760,576,D6015,,,Plein jour,Hors agglomération,Hors intersection,Normale,Trois véhicules et plus - collisions multiples,,,,,,,,,,,1,1,1,1.0,5.0
201000042463,0010-05-01 14:00:00,10,5,1,14,0,760,114,FAUQUET LEMAITRE PIERRE,,,Plein jour,En agglomération,Intersection en T,Normale,Deux véhicules - côté,,,,,,,,,,,1,2,3,1.0,3.0
201000042464,0010-05-15 10:53:00,10,5,15,10,53,760,384,"12, HUGO VICTOR (RUE)",,,Plein jour,En agglomération,Hors intersection,Normale,Autre collision,,,,,,,,,,,1,2,1,1.0,6.0
201000042465,0010-06-23 00:18:00,10,6,23,0,18,760,384,PETIT NAVARIN (LE),,,Nuit avec éclairage allumé,En agglomération,Giratoire,Normale,Sans collision,,,,,,,,,,,5,2,6,1.0,7.0
201000042466,0010-05-25 15:30:00,10,5,25,15,30,760,114,DEBRAY  LOUIS (AVENUE),,,Plein jour,En agglomération,Intersection en T,Normale,Autre collision,,,,,,,,,,,1,2,3,1.0,6.0
201000042467,0010-07-01 21:18:00,10,7,1,21,18,760,384,"17, ETANG (RUE DE L')",,,Plein jour,En agglomération,Intersection en T,Normale,Deux véhicules - côté,,,,,,,,,,,1,2,3,1.0,3.0
201000042468,0010-09-17 08:50:00,10,9,17,8,50,760,384,18 RUE VICTOR HUGO,49.51797,0.53788,Plein jour,En agglomération,Autre intersection,Temps éblouissant,Autre collision,,,,,,,,,,,1,2,9,7.0,6.0
201000042469,0010-11-06 10:00:00,10,11,6,10,0,760,114,DEBRAY  LOUIS (AVENUE),,,Plein jour,En agglomération,Giratoire,Pluie légère,Autre collision,,,,,,,,,,,1,2,6,2.0,6.0
201000042470,0010-11-08 17:35:00,10,11,8,17,35,760,114,"16, MARECHAL FOCH (AVENU",,,Nuit avec éclairage allumé,En agglomération,Hors intersection,Pluie légère,Autre collision,,,,,,,,,,,5,2,1,2.0,6.0
201000042471,0010-11-23 18:45:00,10,11,23,18,45,760,114,"19, FONTAINE MARTEL (RUE",,,Nuit avec éclairage allumé,En agglomération,Hors intersection,Pluie légère,Deux véhicules - frontale,,,,,,,,,,,5,2,1,2.0,1.0
201000042472,0010-01-02 15:50:00,10,1,2,15,50,760,217,RD 925,,,Plein jour,En agglomération,Hors intersection,Normale,Deux véhicules - arrière,,,,,,,,,,,1,2,1,1.0,2.0
201000042473,0010-01-14 15:20:00,10,1,14,15,20,760,26,RD 56,,,Plein jour,Hors agglomération,Hors intersection,Normale,Sans collision,,,,,,,,,,,1,1,1,1.0,7.0
201000042474,0010-01-18 10:35:00,10,1,18,10,35,760,217,"1, AVENUE JEAN JAURES",,,Plein jour,En agglomération,Hors intersection,Normale,Deux véhicules - arrière,,,,,,,,,,,1,2,1,1.0,2.0
201000042475,0010-01-26 07:45:00,10,1,26,7,45,760,217,AVENUE DES CANADIENS,,,Nuit avec éclairage allumé,En agglomération,Hors intersection,Normale,Deux véhicules - arrière,,,,,,,,,,,5,2,1,1.0,2.0
201000042476,0010-02-03 07:55:00,10,2,3,7,55,760,217,"1, ROND POINT INTERMARCH",,,Crépuscule ou aube,En agglomération,Hors intersection,Pluie forte,Deux véhicules - côté,,,,,,,,,,,2,2,1,3.0,3.0
201000042477,0010-02-05 18:05:00,10,2,5,18,5,760,217,"1, AVENUE JEAN JAURES",,,Nuit avec éclairage allumé,En agglomération,Hors intersection,Normale,Deux véhicules - côté,,,,,,,,,,,5,2,1,1.0,3.0
201000042478,0010-02-10 19:35:00,10,2,10,19,35,760,217,"1, DELESTRE (JACQUES)",,,Nuit avec éclairage allumé,En agglomération,Hors intersection,Neige / grêle,Deux véhicules - frontale,,,,,,,,,,,5,2,1,4.0,1.0
201000042479,0010-02-13 16:10:00,10,2,13,16,10,760,414,"1, FORET (ROUTE DE LA)",,,Plein jour,Hors agglomération,Hors intersection,Normale,Autre collision,,,,,,,,,,,1,1,1,1.0,6.0
201000042480,0010-02-13 18:10:00,10,2,13,18,10,760,545,"1, RIVIERE (CHEMIN DE LA",,,Plein jour,En agglomération,Hors intersection,Normale,Sans collision,,,,,,,,,,,1,2,1,1.0,7.0
201000042481,0010-02-23 12:25:00,10,2,23,12,25,760,217,RUE DES MARTYRS DE LA RE,,,Plein jour,Hors agglomération,Intersection en T,Pluie légère,Deux véhicules - côté,,,,,,,,,,,1,1,3,2.0,3.0
201000042482,0010-03-09 21:10:00,10,3,9,21,10,760,565,RN 27,,,Nuit avec éclairage allumé,Hors agglomération,Hors intersection,Normale,Deux véhicules - arrière,,,,,,,,,,,5,1,1,1.0,2.0
201000042483,0010-03-18 16:30:00,10,3,18,16,30,760,217,DE GAULLE (BOUVEVARD GEN,,,Plein jour,En agglomération,Hors intersection,Normale,Autre collision,,,,,,,,,,,1,2,1,1.0,6.0
201000042484,0010-03-26 17:00:00,10,3,26,17,0,760,217,"1, DELESTRE (JACQUES)",,,Plein jour,En agglomération,Hors intersection,Normale,Autre collision,,,,,,,,,,,1,2,1,1.0,6.0
201000042485,0010-04-03 13:50:00,10,4,3,13,50,760,26,RD 1,,,Plein jour,En agglomération,Giratoire,Pluie légère,Deux véhicules - côté,,,,,,,,,,,1,2,6,2.0,3.0
201000042486,0010-04-13 10:55:00,10,4,13,10,55,760,217,"3, FROMAGER (LOUIS) - LE",,,Plein jour,En agglomération,Hors intersection,Normale,Autre collision,,,,,,,,,,,1,2,1,1.0,6.0
201000042487,0010-04-18 14:40:00,10,4,18,14,40,760,324,RD 925,,,Plein jour,Hors agglomération,Hors intersection,Normale,Sans collision,,,,,,,,,,,1,1,1,1.0,7.0
201000042488,0010-04-24 19:20:00,10,4,24,19,20,760,217,"52, ALBERT LAMOTTE (RUE)",,,Plein jour,En agglomération,Hors intersection,Normale,Deux véhicules - côté,,,,,,,,,,,1,2,1,1.0,3.0
201000042489,0010-04-24 22:40:00,10,4,24,22,40,760,217,"1, DELESTRE (JACQUES)",,,Nuit avec éclairage allumé,En agglomération,Hors intersection,Normale,Sans collision,,,,,,,,,,,5,2,1,1.0,7.0
201000042490,0010-05-12 18:00:00,10,5,12,18,0,760,545,RD 154,,,Plein jour,Hors agglomération,Hors intersection,Normale,Deux véhicules - côté,,,,,,,,,,,1,1,1,1.0,3.0
201000042491,0010-05-14 10:00:00,10,5,14,10,0,760,217,ESCARPE (ROUTE DE L'),,,Plein jour,En agglomération,Hors intersection,Normale,Deux véhicules - côté,,,,,,,,,,,1,2,1,1.0,3.0