accident_id,datetime,annee,mois,jour,heure,minute,departement,commune_insee,adresse,latitude,longitude,luminosite,agglomeration,intersection,meteo,collision,nb_vehicules,nb_usagers,nb_indemnes,nb_tues,nb_blesses_hosp,nb_blesses_legers,age_cond_1,age_cond_2,veh_type_cond_1,veh_type_cond_2,lum_code,agg_code,int_code,atm_code,col_code
201000042872,0010-04-14 18:10:00,10,4,14,18,10,760,540,"64, RUE DE BAMMEVILLE.",,,Plein jour,En agglomération,Hors intersection,Normale,Autre collision,,,,,,,,,,,1,2,1,1.0,6.0
201000042873,0010-04-16 16:10:00,10,4,16,16,10,760,540,RN 28,,,Plein jour,Hors agglomération,Hors intersection,Normale,Deux véhicules - côté,,,,,,,,,,,1,1,1,1.0,3.0
201000042874,0010-04-15 17:35:00,10,4,15,17,35,760,540,"1, LESSEPS. BOULEVARD FE",,,Plein jour,En agglomération,Intersection en T,Normale,Deux véhicules - arrière,,,,,,,,,,,1,2,3,1.0,2.0
201000042875,0010-03-15 16:45:00,10,3,15,16,45,760,540,"1, DUPUIS. RUE ALBERT",,,Plein jour,En agglomération,Hors intersection,Normale,Deux véhicules - côté,,,,,,,,,,,1,2,1,1.0,3.0
201000042876,0010-04-26 22:15:00,10,4,26,22,15,760,322,VOIE RAPIDE SUD III,,,Nuit avec éclairage non allumé,Hors agglomération,Hors intersection,Normale,Deux véhicules - arrière,,,,,,,,,,,4,1,1,1.0,2.0
201000042877,0010-02-05 11:25:00,10,2,5,11,25,760,540,QUAI (HAUT) CORNEILLE.,,,Plein jour,En agglomération,Hors intersection,Normale,Autre collision,,,,,,,,,,,1,2,1,1.0,6.0
201000042878,0010-04-30 23:15:00,10,4,30,23,15,760,540,"1, CORNEILLE. PONT PIERR",,,Nuit avec éclairage allumé,En agglomération,Hors intersection,Normale,Deux véhicules - frontale,,,,,,,,,,,5,2,1,1.0,1.0
201000042879,0010-04-14 18:40:00,10,4,14,18,40,760,540,AVENUE JEAN RONDEAUX.,,,Plein jour,En agglomération,Hors intersection,Normale,Deux véhicules - côté,,,,,,,,,,,1,2,1,1.0,3.0
201000042880,0010-04-14 15:45:00,10,4,14,15,45,760,540,"01, BONSECOURS. ROUTE DE",,,Plein jour,En agglomération,Hors intersection,Normale,Sans collision,,,,,,,,,,,1,2,1,1.0,7.0
201000042881,0010-04-16 11:15:00,10,4,16,11,15,760,681,"1, GARIBALDI. RUE",,,Plein jour,En agglomération,Hors intersection,Normale,Autre collision,,,,,,,,,,,1,2,1,1.0,6.0
201000042882,0010-04-19 13:50:00,10,4,19,13,50,760,540,RN 28,,,Plein jour,En agglomération,Hors intersection,Normale,Sans collision,,,,,,,,,,,1,2,1,1.0,7.0
201000042883,0010-04-23 12:05:00,10,4,23,12,5,760,599,"1, MESNIL ESNARD. ROUTE",,,Plein jour,En agglomération,Hors intersection,Normale,Autre collision,,,,,,,,,,,1,2,1,1.0,6.0
201000042884,0010-04-26 08:30:00,10,4,26,8,30,760,429,"01, PARIS. ROUTE DE",,,Plein jour,Hors agglomération,Hors intersection,Normale,Deux véhicules - côté,,,,,,,,,,,1,1,1,1.0,3.0
201000042885,0010-04-27 14:45:00,10,4,27,14,45,760,540,"01, BOURSE. QUAI (HAUT)",,,Plein jour,En agglomération,Hors intersection,Autre,Deux véhicules - arrière,,,,,,,,,,,1,2,1,9.0,2.0
201000042886,0010-04-28 16:30:00,10,4,28,16,30,760,540,"01, BOURSE. QUAI (HAUT)",,,Plein jour,En agglomération,Hors intersection,Normale,Autre collision,,,,,,,,,,,1,2,1,1.0,6.0
201000042887,0010-04-15 11:30:00,10,4,15,11,30,760,108,"180, rue Jean Mermoz",,,Plein jour,Hors agglomération,Hors intersection,Normale,Autre collision,,,,,,,,,,,1,1,1,1.0,6.0
201000042888,0010-04-23 07:45:00,10,4,23,7,45,760,681,"1, 14 JUILLET. AVENUE DU",,,Plein jour,En agglomération,Intersection en T,Normale,Deux véhicules - côté,,,,,,,,,,,1,2,3,1.0,3.0
201000042889,0010-04-29 07:40:00,10,4,29,7,40,760,498,"24, SPINNEWEBER. RUE MAR",,,Plein jour,En agglomération,Hors intersection,Normale,Autre collision,,,,,,,,,,,1,2,1,1.0,6.0
201000042890,0010-04-23 08:20:00,10,4,23,8,20,760,540,"1, EUROPE. BOULEVARD DE",,,Plein jour,En agglomération,Hors intersection,Normale,Deux véhicules - côté,,,,,,,,,,,1,2,1,1.0,3.0
201000042891,0010-04-23 13:55:00,10,4,23,13,55,760,484,"1, GAULLE. AVENUE DU GEN",,,Plein jour,En agglomération,Hors intersection,Normale,Deux véhicules - côté,,,,,,,,,,,1,2,1,1.0,3.0
201000042892,0010-04-26 21:00:00,10,4,26,21,0,760,410,"1, YARD. RUE FRANCIS",,,Crépuscule ou aube,En agglomération,Hors intersection,Normale,Autre collision,,,,,,,,,,,2,2,1,1.0,6.0
201000042893,0010-04-28 11:10:00,10,4,28,11,10,760,681,"3, SALVA. RUE LEON",,,Plein jour,En agglomération,Hors intersection,Normale,Autre collision,,,,,,,,,,,1,2,1,1.0,6.0
201000042894,0010-05-08 01:10:00,10,5,8,1,10,760,498,"1, Voie rapide SUD III",,,Nuit sans éclairage public,En agglomération,Hors intersection,Normale,Deux véhicules - frontale,,,,,,,,,,,3,2,1,1.0,1.0
201000042895,0010-05-07 16:00:00,10,5,7,16,0,760,540,"29, BOULEVARD DE L'YSER",,,Plein jour,En agglomération,Hors intersection,Normale,Autre collision,,,,,,,,,,,1,2,1,1.0,6.0
201000042896,0010-03-07 13:00:00,10,3,7,13,0,760,498,"2, NERUDA. RUE PABLO",,,Plein jour,En agglomération,Hors intersection,Normale,Deux véhicules - côté,,,,,,,,,,,1,2,1,1.0,3.0
201000042897,0010-05-10 17:30:00,10,5,10,17,30,760,540,"1, PARIS. QUAI DE",,,Plein jour,En agglomération,Hors intersection,Normale,Deux véhicules - arrière,,,,,,,,,,,1,2,1,1.0,2.0
201000042898,0010-05-12 19:20:00,10,5,12,19,20,760,474,"1, FERRY. RUE JULES",,,Plein jour,En agglomération,Intersection en Y,Normale,Deux véhicules - côté,,,,,,,,,,,1,2,4,1.0,3.0
201000042899,0010-05-14 17:45:00,10,5,14,17,45,760,474,"1, LONGS VALLONS. RUE DE",,,Plein jour,En agglomération,Hors intersection,Normale,Autre collision,,,,,,,,,,,1,2,1,1.0,6.0
201000042900,0010-04-02 14:10:00,10,4,2,14,10,760,540,"1, EUROPE. BOULEVARD DE",,,Plein jour,En agglomération,Hors intersection,Pluie légère,Autre collision,,,,,,,,,,,1,2,1,2.0,6.0
201000042901,0010-04-09 17:35:00,10,4,9,17,35,760,540,"28, MARE DU PARC. RUE DE",,,Plein jour,En agglomération,Hors intersection,Normale,Autre collision,,,,,,,,,,,1,2,1,1.0,6.0
201000042902,0010-04-17 17:15:00,10,4,17,17,15,760,540,"1, LESSEPS. QUAI FERDINA",,,Plein jour,En agglomération,Hors intersection,Normale,Deux véhicules - arrière,,,,,,,,,,,1,2,1,1.0,2.0
201000042903,0010-04-26 11:40:00,10,4,26,11,40,760,451,"1, CD 43 (AVENUE DU BOIS",,,Plein jour,Hors agglomération,Hors intersection,Normale,Sans collision,,,,,,,,,,,1,1,1,1.0,7.0
201000042904,0010-05-19 01:35:00,10,5,19,1,35,760,540,"121, BIHOREL. RUE DE",,,Nuit avec éclairage allumé,En agglomération,Hors intersection,Normale,Sans collision,,,,,,,,,,,5,2,1,1.0,7.0
201000042905,0010-03-13 10:55:00,10,3,13,10,55,760,540,"83, CLEMENCEAU. COURS",,,Plein jour,Hors agglomération,Hors intersection,Normale,Sans collision,,,,,,,,,,,1,1,1,1.0,7.0
201000042906,0010-03-16 16:50:00,10,3,16,16,50,760,540,CAVELIER DE LA SALLE. QU,,,Plein jour,En agglomération,Hors intersection,Normale,Deux véhicules - côté,,,,,,,,,,,1,2,1,1.0,3.0
201000042907,0010-03-23 19:50:00,10,3,23,19,50,760,540,"1, RONDEAUX. AVENUE JEAN",,,Nuit avec éclairage allumé,En agglomération,Intersection en T,Normale,Deux véhicules - côté,,,,,,,,,,,5,2,3,1.0,3.0
201000042908,0010-03-25 14:10:00,10,3,25,14,10,760,212,"1, VERDUN. RUE DE",,,Plein jour,En agglomération,Hors intersection,Temps couvert,Autre collision,,,,,,,,,,,1,2,1,8.0,6.0
201000042909,0010-03-29 07:40:00,10,3,29,7,40,760,366,"FACE 63, BRIAND. RUE ARI",,,Plein jour,En agglomération,Hors intersection,Normale,Deux véhicules - côté,,,,,,,,,,,1,2,1,1.0,3.0
201000042910,0010-04-17 05:10:00,10,4,17,5,10,760,540,"10, CAVELIER DE LA SALLE",,,Nuit avec éclairage allumé,En agglomération,Hors intersection,Normale,Trois véhicules et plus - en chaîne,,,,,,,,,,,5,2,1,1.0,4.0
201000042911,0010-05-07 16:05:00,10,5,7,16,5,760,429,"92, ROUTE DE PARIS",,,Plein jour,En agglomération,Hors intersection,Normale,Deux véhicules - côté,,,,,,,,,,,1,2,1,1.0,3.0
201000042912,0010-05-19 13:10:00,10,5,19,13,10,760,484,"3082, CD 18 (ROUTE DES R",,,Plein jour,En agglomération,Hors intersection,Normale,Deux véhicules - frontale,,,,,,,,,,,1,2,1,1.0,1.0
201000042913,0010-05-13 15:20:00,10,5,13,15,20,760,540,"01, RUE DE LA REPUBLIQUE",,,Plein jour,En agglomération,Intersection en X,Normale,Trois véhicules et plus - collisions multiples,,,,,,,,,,,1,2,2,1.0,5.0
201000042914,0010-05-22 00:50:00,10,5,22,0,50,760,216,ROUTE DE DIEPPE,,,Nuit avec éclairage allumé,En agglomération,Hors intersection,Normale,Sans collision,,,,,,,,,,,5,2,1,1.0,7.0
201000042915,0010-05-27 13:10:00,10,5,27,13,10,760,540,"1001, PLACE SAINT MARC",,,Plein jour,En agglomération,Hors intersection,Normale,Autre collision,,,,,,,,,,,1,2,1,1.0,6.0
201000042916,0010-05-27 17:10:00,10,5,27,17,10,760,410,"07, DUCLAIR. ROUTE DE (C",,,Plein jour,En agglomération,Hors intersection,Normale,Autre collision,,,,,,,,,,,1,2,1,1.0,6.0
201000042917,0010-05-13 17:05:00,10,5,13,17,5,760,410,A 150,,,Plein jour,Hors agglomération,Hors intersection,Normale,Sans collision,,,,,,,,,,,1,1,1,1.0,7.0
201000042918,0010-05-14 19:40:00,10,5,14,19,40,760,319,"1, CD 13",,,Plein jour,Hors agglomération,Hors intersection,Normale,Sans collision,,,,,,,,,,,1,1,1,1.0,7.0
201000042919,0010-05-19 17:30:00,10,5,19,17,30,760,216,"304, DIEPPE. ROUTE DE (R",,,Plein jour,En agglomération,Hors intersection,Normale,Autre collision,,,,,,,,,,,1,2,1,1.0,6.0
201000042920,0010-05-26 12:50:00,10,5,26,12,50,760,157,A 150,,,Plein jour,Hors agglomération,Hors intersection,Temps couvert,Trois véhicules et plus - collisions multiples,,,,,,,,,,,1,1,1,8.0,5.0
201000042921,0010-06-09 18:00:00,10,6,9,18,0,760,540,"270, RUE LOUIS BLANC.",,,Plein jour,En agglomération,Hors intersection,Normale,Deux véhicules - arrière,,,,,,,,,,,1,2,1,1.0,2.0
201000042922,0010-06-13 20:05:00,10,6,13,20,5,760,216,"face n° 71, HEBERT. RUE",,,Plein jour,En agglomération,Hors intersection,Normale,Deux véhicules - côté,,,,,,,,,,,1,2,1,1.0,3.0
201000042923,0010-05-20 21:25:00,10,5,20,21,25,760,540,"1, ROUTE DE BONSECOURS.",,,Plein jour,En agglomération,Hors intersection,Normale,Trois véhicules et plus - en chaîne,,,,,,,,,,,1,2,1,1.0,4.0
201000042924,0010-05-24 20:25:00,10,5,24,20,25,760,681,"1, INDUSTRIEL. BOULEVARD",,,Plein jour,En agglomération,Hors intersection,Normale,Autre collision,,,,,,,,,,,1,2,1,1.0,6.0
201000042925,0010-05-27 11:30:00,10,5,27,11,30,760,322,"1, RAVEL. BOULEVARD MAUR",,,Plein jour,En agglomération,Hors intersection,Normale,Deux véhicules - côté,,,,,,,,,,,1,2,1,1.0,3.0
201000042926,0010-05-27 16:40:00,10,5,27,16,40,760,451,"1, TRONQUET. RUE DU",,,Plein jour,En agglomération,Hors intersection,Normale,Deux véhicules - arrière,,,,,,,,,,,1,2,1,1.0,2.0
201000042927,0010-05-29 11:15:00,10,5,29,11,15,760,540,"1, JOFFRE. PLACE",,,Plein jour,En agglomération,Hors intersection,Normale,Deux véhicules - côté,,,,,,,,,,,1,2,1,1.0,3.0
201000042928,0010-06-15 08:15:00,10,6,15,8,15,760,498,"1, 11 NOVEMBRE. BOULEVAR",,,Plein jour,En agglomération,Hors intersection,Normale,Deux véhicules - côté,,,,,,,,,,,1,2,1,1.0,3.0
201000042929,0010-06-22 00:20:00,10,6,22,0,20,760,540,"1, REPUBLIQUE. RUE DE LA",,,Nuit avec éclairage allumé,En agglomération,Hors intersection,Normale,Autre collision,,,,,,,,,,,5,2,1,1.0,6.0
201000042930,0010-04-09 12:40:00,10,4,9,12,40,760,157,"1, FLAUBERT. QUAI GUSTAV",,,Plein jour,En agglomération,Hors intersection,Normale,Autre collision,,,,,,,,,,,1,2,1,1.0,6.0
201000042931,0010-06-02 14:40:00,10,6,2,14,40,760,484,"1, ESSARTS. RUE DES",,,Plein jour,En agglomération,Hors intersection,Normale,Sans collision,,,,,,,,,,,1,2,1,1.0,7.0
201000042932,0010-06-04 12:15:00,10,6,4,12,15,760,498,"01, 11 NOVEMBRE. BOULEVA",,,Plein jour,En agglomération,Intersection en X,Normale,Deux véhicules - côté,,,,,,,,,,,1,2,2,1.0,3.0
201000042933,0010-06-09 09:35:00,10,6,9,9,35,760,540,"01, BONSECOURS. ROUTE DE",,,Plein jour,En agglomération,Hors intersection,Normale,Autre collision,,,,,,,,,,,1,2,1,1.0,6.0
201000042934,0010-06-12 17:00:00,10,6,12,17,0,760,540,"01, HAVRE. QUAI (HAUT) D",,,Plein jour,En agglomération,Hors intersection,Normale,Deux véhicules - côté,,,,,,,,,,,1,2,1,1.0,3.0
201000042935,0010-04-14 16:40:00,10,4,14,16,40,760,451,HOUPPEVILLE. ROUTE D',,,Plein jour,En agglomération,Hors intersection,Normale,Deux véhicules - arrière,,,,,,,,,,,1,2,1,1.0,2.0
201000042936,0010-06-28 21:15:00,10,6,28,21,15,760,429,"1, ROUTE DE DARNETAL.",,,Plein jour,En agglomération,Hors intersection,Normale,Autre collision,,,,,,,,,,,1,2,1,1.0,6.0
201000042937,0010-05-23 23:25:00,10,5,23,23,25,760,319,"1, LECLERC. AVENUE DU GE",,,Nuit avec éclairage allumé,En agglomération,Hors intersection,Normale,Sans collision,,,,,,,,,,,5,2,1,1.0,7.0
201000042938,0010-06-30 00:01:00,10,6,30,0,1,760,540,"1, SCHUMAN. RUE ROBERT",,,Nuit avec éclairage allumé,En agglomération,Hors intersection,Normale,Deux véhicules - côté,,,,,,,,,,,5,2,1,1.0,3.0
201000042939,0010-06-07 18:00:00,10,6,7,18,0,760,540,"1, CANADIENS. AVENUE DES",,,Plein jour,En agglomération,Intersection en T,Normale,Deux véhicules - frontale,,,,,,,,,,,1,2,3,1.0,1.0
201000042940,0010-06-09 07:55:00,10,6,9,7,55,760,575,"1, LENINE. BOULEVARD",,,Plein jour,En agglomération,Hors intersection,Normale,Deux véhicules - côté,,,,,,,,,,,1,2,1,1.0,3.0
201000042941,0010-06-14 03:40:00,10,6,14,3,40,760,540,"1, VERDUN. BOULEVARD DE",,,Nuit avec éclairage allumé,Hors agglomération,Hors intersection,Normale,Autre collision,,,,,,,,,,,5,1,1,1.0,6.0
201000042942,0010-06-16 08:25:00,10,6,16,8,25,760,451,"1, FOND DU VAL. ALLEE DU",,,Plein jour,En agglomération,Hors intersection,Normale,Trois véhicules et plus - en chaîne,,,,,,,,,,,1,2,1,1.0,4.0
201000042943,0010-06-18 14:00:00,10,6,18,14,0,760,681,"1, SALVA. RUE LEON",,,Plein jour,En agglomération,Intersection en T,Normale,Autre collision,,,,,,,,,,,1,2,3,1.0,6.0
201000042944,0010-06-26 23:00:00,10,6,26,23,0,760,540,"1, MONT RIBOUDET. AVENUE",,,Nuit avec éclairage allumé,En agglomération,Hors intersection,Normale,Autre collision,,,,,,,,,,,5,2,1,1.0,6.0
201000042945,0010-06-28 16:50:00,10,6,28,16,50,760,681,"1, BLUM. RUE LEON",,,Plein jour,En agglomération,Hors intersection,Normale,Deux véhicules - côté,,,,,,,,,,,1,2,1,1.0,3.0
201000042946,0010-06-01 04:50:00,10,6,1,4,50,760,497,"01, VOUTE. CHEMIN DE LA",,,Nuit avec éclairage allumé,En agglomération,Hors intersection,Normale,Sans collision,,,,,,,,,,,5,2,1,1.0,7.0
201000042947,0010-06-14 19:20:00,10,6,14,19,20,760,429,"164, ROUTE DE PARIS.",,,Plein jour,En agglomération,Hors intersection,Normale,Deux véhicules - côté,,,,,,,,,,,1,2,1,1.0,3.0
201000042948,0010-06-16 14:05:00,10,6,16,14,5,760,157,"01, ALLENDE. AVENUE DU P",,,Plein jour,En agglomération,Intersection en X,Normale,Deux véhicules - côté,,,,,,,,,,,1,2,2,1.0,3.0
201000042949,0010-06-19 09:05:00,10,6,19,9,5,760,540,"01, EUROPE. BOULEVARD DE",,,Plein jour,En agglomération,Hors intersection,Normale,Autre collision,,,,,,,,,,,1,2,1,1.0,6.0
201000042950,0010-06-19 08:15:00,10,6,19,8,15,760,322,"02, LACOURT. RUE ALBERT",,,Plein jour,En agglomération,Hors intersection,Normale,Deux véhicules - côté,,,,,,,,,,,1,2,1,1.0,3.0
201000042951,0010-06-22 07:20:00,10,6,22,7,20,760,216,"01, FONTENELLE. RUE DE",,,Plein jour,En agglomération,Hors intersection,Normale,Autre collision,,,,,,,,,,,1,2,1,1.0,6.0
201000042952,0010-06-23 20:50:00,10,6,23,20,50,760,540,"01, GRAND MARE. AVENUE D",,,Plein jour,En agglomération,Hors intersection,Normale,Sans collision,,,,,,,,,,,1,2,1,1.0,7.0
201000042953,0010-06-27 10:10:00,10,6,27,10,10,760,103,"17,RUE  BOIELDIEU.",,,Plein jour,En agglomération,Intersection en T,Normale,Deux véhicules - côté,,,,,,,,,,,1,2,3,1.0,3.0
201000042954,0010-06-28 11:10:00,10,6,28,11,10,760,540,"32, SAINT HILAIRE. RAMPE",,,Plein jour,En agglomération,Hors intersection,Normale,Deux véhicules - côté,,,,,,,,,,,1,2,1,1.0,3.0
201000042955,0010-06-30 02:20:00,10,6,30,2,20,760,157,BOULEVARD C. MONET.,,,Nuit sans éclairage public,Hors agglomération,Hors intersection,Normale,Sans collision,,,,,,,,,,,3,1,1,1.0,7.0
201000042956,0010-07-04 08:30:00,10,7,4,8,30,760,108,CHEMIN DE LA BRETEQUE.,,,Plein jour,En agglomération,Hors intersection,Normale,Sans collision,,,,,,,,,,,1,2,1,1.0,7.0
201000042957,0010-05-12 16:50:00,10,5,12,16,50,760,575,"1, GUYNEMER. RUE GEORGES",,,Plein jour,En agglomération,Hors intersection,Temps couvert,Autre collision,,,,,,,,,,,1,2,1,8.0,6.0
201000042958,0010-05-27 16:35:00,10,5,27,16,35,760,540,"1, CECILLE. RUE AMIRAL",,,Plein jour,En agglomération,Intersection en X,Normale,Deux véhicules - côté,,,,,,,,,,,1,2,2,1.0,3.0
201000042959,0010-07-10 15:30:00,10,7,10,15,30,760,575,AV. AMBROISE CROIZAT.,,,Plein jour,En agglomération,Hors intersection,Normale,Sans collision,,,,,,,,,,,1,2,1,1.0,7.0
201000042960,0010-05-28 16:10:00,10,5,28,16,10,760,540,BOULEVARD DE L'YSER,,,Plein jour,En agglomération,Intersection en X,Normale,Deux véhicules - frontale,,,,,,,,,,,1,2,2,1.0,1.0
201000042961,0010-07-07 04:25:00,10,7,7,4,25,760,319,"1, CD 13 (RUE DES ESSART",,,Nuit sans éclairage public,Hors agglomération,Hors intersection,Normale,Sans collision,,,,,,,,,,,3,1,1,1.0,7.0
201000042962,0010-07-05 12:55:00,10,7,5,12,55,760,157,"1, LECOEUR. RUE SAMUEL",,,Plein jour,En agglomération,Hors intersection,Normale,Deux véhicules - arrière,,,,,,,,,,,1,2,1,1.0,2.0
201000042963,0010-06-26 11:00:00,10,6,26,11,0,760,319,"3 TER, PTT (AVENUE JEAN",,,Plein jour,En agglomération,Hors intersection,Autre,Deux véhicules - frontale,,,,,,,,,,,1,2,1,9.0,1.0
201000042964,0010-06-02 05:30:00,10,6,2,5,30,760,484,"1, CD 18E",,,Nuit avec éclairage allumé,Hors agglomération,Giratoire,Pluie légère,Autre collision,,,,,,,,,,,5,1,6,2.0,6.0
201000042965,0010-06-04 12:30:00,10,6,4,12,30,760,540,A 150,,,Plein jour,Hors agglomération,Hors intersection,Normale,Deux véhicules - côté,,,,,,,,,,,1,1,1,1.0,3.0
201000042966,0010-06-06 01:45:00,10,6,6,1,45,760,540,"1, SAINT SEVER. RUE",,,Nuit avec éclairage allumé,En agglomération,Hors intersection,Normale,Sans collision,,,,,,,,,,,5,2,1,1.0,7.0
201000042967,0010-06-18 04:35:00,10,6,18,4,35,760,451,"1, BOIS DES DAMES. AVENU",,,Nuit sans éclairage public,En agglomération,Hors intersection,Normale,Sans collision,,,,,,,,,,,3,2,1,1.0,7.0
201000042968,0010-06-29 19:45:00,10,6,29,19,45,760,216,"194, DIEPPE. ROUTE DE (R",,,Plein jour,En agglomération,Hors intersection,Normale,Autre collision,,,,,,,,,,,1,2,1,1.0,6.0
201000042969,0010-07-08 19:40:00,10,7,8,19,40,760,322,"61, RUE DE LA REPUBLIQUE",,,Plein jour,En agglomération,Hors intersection,Normale,Autre collision,,,,,,,,,,,1,2,1,1.0,6.0
201000042970,0010-07-01 12:40:00,10,7,1,12,40,760,540,"1, RONDEAUX. AVENUE JEAN",,,Plein jour,En agglomération,Hors intersection,Normale,Deux véhicules - arrière,,,,,,,,,,,1,2,1,1.0,2.0
201000042971,0010-07-12 16:50:00,10,7,12,16,50,760,540,"1, RN 1338",,,Plein jour,En agglomération,Hors intersection,Normale,Deux véhicules - arrière,,,,,,,,,,,1,2,1,1.0,2.0
201000042972,0010-07-10 10:30:00,10,7,10,10,30,760,474,"1, DIEPPE. ROUTE DE (RN",,,Plein jour,En agglomération,Hors intersection,Normale,Autre collision,,,,,,,,,,,1,2,1,1.0,6.0
201000042973,0010-07-16 16:10:00,10,7,16,16,10,760,322,"01, ROOSEVELT. AVENUE FR",,,Plein jour,En agglomération,Hors intersection,Normale,Deux véhicules - côté,,,,,,,,,,,1,2,1,1.0,3.0
201000042974,0010-07-13 16:10:00,10,7,13,16,10,760,322,17 AV FRANKLIN ROOSEVELT,49.39775,1.05592,Plein jour,En agglomération,Hors intersection,Normale,Deux véhicules - côté,,,,,,,,,,,1,2,1,1.0,3.0
201000042975,0010-07-02 14:45:00,10,7,2,14,45,760,540,"01, EMMUREES. RUE DES",,,Plein jour,En agglomération,Hors intersection,Normale,Autre collision,,,,,,,,,,,1,2,1,1.0,6.0
201000042976,0010-07-03 21:15:00,10,7,3,21,15,760,540,"01, MOULIN. QUAI (HAUT)",,,Plein jour,En agglomération,Intersection en X,Normale,Deux véhicules - côté,,,,,,,,,,,1,2,2,1.0,3.0
201000042977,0010-07-11 19:15:00,10,7,11,19,15,760,457,"01, RD 64",,,Plein jour,Hors agglomération,Hors intersection,Normale,Sans collision,,,,,,,,,,,1,1,1,1.0,7.0
201000042978,0010-07-18 09:55:00,10,7,18,9,55,760,575,"1, GOUBERT. AVENUE OLIVI",,,Plein jour,En agglomération,Hors intersection,Normale,Sans collision,,,,,,,,,,,1,2,1,1.0,7.0
201000042979,0010-07-19 09:40:00,10,7,19,9,40,760,108,"01, HERBEUSE. RUE",,,Plein jour,En agglomération,Hors intersection,Normale,Deux véhicules - côté,,,,,,,,,,,1,2,1,1.0,3.0
201000042980,0010-07-12 16:30:00,10,7,12,16,30,760,322,VOIE RAPIDE SUD 3,,,Plein jour,En agglomération,Hors intersection,Normale,Sans collision,,,,,,,,,,,1,2,1,1.0,7.0
201000042981,0010-07-01 20:25:00,10,7,1,20,25,760,540,"41 bis, VERDUN. BOULEVAR",,,Plein jour,En agglomération,Hors intersection,Normale,Autre collision,,,,,,,,,,,1,2,1,1.0,6.0
201000042982,0010-07-21 18:55:00,10,7,21,18,55,760,212,"01, FLAUBERT. RUE GUSTAV",,,Plein jour,En agglomération,Hors intersection,Normale,Deux véhicules - côté,,,,,,,,,,,1,2,1,1.0,3.0
201000042983,0010-07-20 09:30:00,10,7,20,9,30,760,575,"1, VAL L'ABBE. RUE DU",,,Plein jour,En agglomération,Hors intersection,Normale,Autre collision,,,,,,,,,,,1,2,1,1.0,6.0
201000042984,0010-07-14 19:50:00,10,7,14,19,50,760,319,RN 138,,,Plein jour,Hors agglomération,Hors intersection,Pluie légère,Sans collision,,,,,,,,,,,1,1,1,2.0,7.0
201000042985,0010-07-21 15:00:00,10,7,21,15,0,760,498,"112, AVENUE JEAN JAURES.",,,Plein jour,En agglomération,Hors intersection,Pluie légère,Autre collision,,,,,,,,,,,1,2,1,2.0,6.0
201000042986,0010-07-22 20:35:00,10,7,22,20,35,760,540,"1, BRIAND. AVENUE ARISTI",,,Plein jour,En agglomération,Intersection en Y,Normale,Deux véhicules - côté,,,,,,,,,,,1,2,4,1.0,3.0
201000042987,0010-07-29 04:00:00,10,7,29,4,0,760,497,VOIE RAPIDE SUD III,,,Nuit sans éclairage public,Hors agglomération,Hors intersection,Normale,Sans collision,,,,,,,,,,,3,1,1,1.0,7.0
201000042988,0010-07-27 07:45:00,10,7,27,7,45,760,681,"1, 14 JUILLET. AVENUE DU",,,Plein jour,En agglomération,Hors intersection,Normale,Autre collision,,,,,,,,,,,1,2,1,1.0,6.0
201000042989,0010-08-05 22:20:00,10,8,5,22,20,760,216,"309, DIEPPE. ROUTE DE (R",,,Nuit avec éclairage allumé,En agglomération,Hors intersection,Normale,Sans collision,,,,,,,,,,,5,2,1,1.0,7.0
201000042990,0010-08-05 23:09:00,10,8,5,23,9,760,575,"1, CROIZAT. AVENUE AMBRO",,,Nuit avec éclairage allumé,En agglomération,Hors intersection,Normale,Deux véhicules - arrière,,,,,,,,,,,5,2,1,1.0,2.0
201000042991,0010-08-10 10:20:00,10,8,10,10,20,760,540,VIEUX MARCHE. PLACE DU,,,Plein jour,En agglomération,Hors intersection,Autre,Autre collision,,,,,,,,,,,1,2,1,9.0,6.0
201000042992,0010-08-13 13:30:00,10,8,13,13,30,760,540,"01, MATHILDE. PONT",,,Plein jour,En agglomération,Hors intersection,Pluie forte,Trois véhicules et plus - en chaîne,,,,,,,,,,,1,2,1,3.0,4.0
201000042993,0010-08-09 11:10:00,10,8,9,11,10,760,540,CAVELIER DE LA SALLE. QU,,,Plein jour,En agglomération,Hors intersection,Normale,Autre collision,,,,,,,,,,,1,2,1,1.0,6.0
201000042994,0010-08-16 19:00:00,10,8,16,19,0,760,540,MATHILDE. PONT,,,Plein jour,En agglomération,Hors intersection,Normale,Autre collision,,,,,,,,,,,1,2,1,1.0,6.0
201000042995,0010-08-13 17:30:00,10,8,13,17,30,760,575,44 AV. AMBROISE CROIZAT.,,,Plein jour,En agglomération,Intersection en T,Normale,Trois véhicules et plus - en chaîne,,,,,,,,,,,1,2,3,1.0,4.0
201000042996,0010-08-19 10:45:00,10,8,19,10,45,760,540,PLACE BERNARD BICHERAY.,,,Plein jour,En agglomération,Hors intersection,Normale,Deux véhicules - côté,,,,,,,,,,,1,2,1,1.0,3.0
201000042997,0010-08-22 17:15:00,10,8,22,17,15,760,540,"1, RAMEAU. RUE JEAN PHIL",,,Plein jour,En agglomération,Hors intersection,Normale,Sans collision,,,,,,,,,,,1,2,1,1.0,7.0
201000042998,0010-08-20 18:30:00,10,8,20,18,30,760,157,ROUTE DE SAHURS.,,,Plein jour,Hors agglomération,Hors intersection,Autre,Deux véhicules - frontale,,,,,,,,,,,1,1,1,9.0,1.0
201000042999,0010-07-26 16:45:00,10,7,26,16,45,760,498,"167, RUE DU P. KENNEDY.",,,Plein jour,En agglomération,Hors intersection,Normale,Autre collision,,,,,,,,,,,1,2,1,1.0,6.0