accident_id,datetime,annee,mois,jour,heure,minute,departement,commune_insee,adresse,latitude,longitude,luminosite,agglomeration,intersection,meteo,collision,nb_vehicules,nb_usagers,nb_indemnes,nb_tues,nb_blesses_hosp,nb_blesses_legers,age_cond_1,age_cond_2,veh_type_cond_1,veh_type_cond_2,lum_code,agg_code,int_code,atm_code,col_code
201000043375,0010-09-28 09:45:00,10,9,28,9,45,770,288,MEZEREAUX (RUE DES),,,Plein jour,En agglomération,Hors intersection,Normale,Autre collision,,,,,,,,,,,1,2,1,1.0,6.0
201000043376,0010-11-22 21:05:00,10,11,22,21,5,770,445,REGALLES (AVENUE DES),,,Nuit avec éclairage allumé,En agglomération,Giratoire,Normale,Deux véhicules - côté,,,,,,,,,,,5,2,6,1.0,3.0
201000043377,0010-10-06 19:00:00,10,10,6,19,0,770,269,D.408,,,Plein jour,Hors agglomération,Intersection en T,Normale,Deux véhicules - côté,,,,,,,,,,,1,1,3,1.0,3.0
201000043378,0010-10-08 08:00:00,10,10,8,8,0,770,306,D.471 - D.57,,,Plein jour,Hors agglomération,Intersection en X,Normale,Deux véhicules - côté,,,,,,,,,,,1,1,2,1.0,3.0
201000043379,0010-10-12 13:40:00,10,10,12,13,40,770,152,"487, ZOLA(AVENUE EMILE)",,,Plein jour,En agglomération,Hors intersection,Temps éblouissant,Autre collision,,,,,,,,,,,1,2,1,7.0,6.0
201000043380,0010-10-08 14:00:00,10,10,8,14,0,770,487,SAINTE GEMME (COTE),,,Plein jour,En agglomération,Autre intersection,Normale,Autre collision,,,,,,,,,,,1,2,9,1.0,6.0
201000043381,0010-10-25 15:55:00,10,10,25,15,55,770,288,FRETEAU DE PENY  (RUE DE,,,Plein jour,En agglomération,Autre intersection,Normale,Autre collision,,,,,,,,,,,1,2,9,1.0,6.0
201000043382,0010-12-29 18:30:00,10,12,29,18,30,770,495,D.306,,,Nuit sans éclairage public,Hors agglomération,Hors intersection,Normale,Trois véhicules et plus - en chaîne,,,,,,,,,,,3,1,1,1.0,4.0
201000043383,0010-11-08 06:35:00,10,11,8,6,35,770,152,BOURGOGNE(ROUTE DE),,,Nuit avec éclairage allumé,Hors agglomération,Intersection en X,Normale,Deux véhicules - côté,,,,,,,,,,,5,1,2,1.0,3.0
201000043384,0010-11-08 13:00:00,10,11,8,13,0,770,407,LIBERATION(RUE DE LA)- T,,,Plein jour,En agglomération,Hors intersection,Pluie forte,Sans collision,,,,,,,,,,,1,2,1,3.0,7.0
201000043385,0010-11-16 19:20:00,10,11,16,19,20,770,288,R.N 105 MELUN NORD,,,Nuit sans éclairage public,Hors agglomération,Hors intersection,Normale,Deux véhicules - frontale,,,,,,,,,,,3,1,1,1.0,1.0
201000043386,0010-11-19 13:35:00,10,11,19,13,35,770,152,"760, PRIEUR(AVENUE CHARL",,,Plein jour,En agglomération,Hors intersection,Temps couvert,Autre collision,,,,,,,,,,,1,2,1,8.0,6.0
201000043387,0010-10-13 20:40:00,10,10,13,20,40,770,294,EMILE RONNE (RUE),,,Nuit sans éclairage public,En agglomération,Intersection en X,Normale,Deux véhicules - frontale,,,,,,,,,,,3,2,2,1.0,1.0
201000043388,0010-01-28 07:20:00,10,1,28,7,20,770,427,ROYALE (RUE),,,Crépuscule ou aube,En agglomération,Hors intersection,Pluie légère,Autre collision,,,,,,,,,,,2,2,1,2.0,6.0
201000043389,0010-03-20 19:45:00,10,3,20,19,45,770,292,D. 404 (ROUTE),,,Nuit sans éclairage public,Hors agglomération,Hors intersection,Pluie légère,Deux véhicules - frontale,,,,,,,,,,,3,1,1,2.0,1.0
201000043390,0010-02-27 10:05:00,10,2,27,10,5,770,294,"0, PETIT VIVIER (RUE DU)",,,Plein jour,En agglomération,Intersection en X,Normale,Deux véhicules - côté,,,,,,,,,,,1,2,2,1.0,3.0
201000043391,0010-04-09 22:55:00,10,4,9,22,55,770,123,CD 212,,,Nuit sans éclairage public,Hors agglomération,Intersection en T,Normale,Deux véhicules - côté,,,,,,,,,,,3,1,3,1.0,3.0
201000043392,0010-03-21 19:45:00,10,3,21,19,45,770,123,CD 212,,,Nuit sans éclairage public,Hors agglomération,Hors intersection,Normale,Autre collision,,,,,,,,,,,3,1,1,1.0,6.0
201000043393,0010-04-20 17:35:00,10,4,20,17,35,770,294,JEAN BAPTISTE CLEMENT (A,,,Plein jour,En agglomération,Hors intersection,Normale,Deux véhicules - côté,,,,,,,,,,,1,2,1,1.0,3.0
201000043394,0010-04-15 17:25:00,10,4,15,17,25,770,294,RN 2,,,Plein jour,Hors agglomération,Hors intersection,Normale,Trois véhicules et plus - en chaîne,,,,,,,,,,,1,1,1,1.0,4.0
201000043395,0010-06-16 16:50:00,10,6,16,16,50,770,123,CD 212,,,Plein jour,Hors agglomération,Hors intersection,Normale,Deux véhicules - côté,,,,,,,,,,,1,1,1,1.0,3.0
201000043396,0010-06-29 08:40:00,10,6,29,8,40,770,291,CD 212,,,Plein jour,Hors agglomération,Giratoire,Normale,Deux véhicules - frontale,,,,,,,,,,,1,1,6,1.0,1.0
201000043397,0010-07-09 08:10:00,10,7,9,8,10,770,294,RN 2,,,Plein jour,Hors agglomération,Hors intersection,Normale,Deux véhicules - arrière,,,,,,,,,,,1,1,1,1.0,2.0
201000043398,0010-07-19 08:15:00,10,7,19,8,15,770,123,CD 212,,,Plein jour,Hors agglomération,Hors intersection,Normale,Deux véhicules - côté,,,,,,,,,,,1,1,1,1.0,3.0
201000043399,0010-06-29 10:40:00,10,6,29,10,40,770,123,RN2,,,Plein jour,Hors agglomération,Hors intersection,Normale,Trois véhicules et plus - en chaîne,,,,,,,,,,,1,1,1,1.0,4.0
201000043400,0010-05-28 06:30:00,10,5,28,6,30,770,294,SOLIDARITE (ROND POINT),,,Crépuscule ou aube,Hors agglomération,Hors intersection,Pluie légère,Deux véhicules - arrière,,,,,,,,,,,2,1,1,2.0,2.0
201000043401,0010-09-19 18:45:00,10,9,19,18,45,770,294,RN 2,,,Plein jour,Hors agglomération,Hors intersection,Normale,Trois véhicules et plus - collisions multiples,,,,,,,,,,,1,1,1,1.0,5.0
201000043402,0010-09-22 08:20:00,10,9,22,8,20,770,241,CD 404,,,Plein jour,En agglomération,Intersection en T,Normale,Trois véhicules et plus - collisions multiples,,,,,,,,,,,1,2,3,1.0,5.0
201000043403,0010-09-22 12:15:00,10,9,22,12,15,770,294,RN 2,,,Plein jour,Hors agglomération,Hors intersection,Normale,Deux véhicules - arrière,,,,,,,,,,,1,1,1,1.0,2.0
201000043404,0010-10-15 21:00:00,10,10,15,21,0,770,294,C.D. 84,,,Nuit avec éclairage allumé,Hors agglomération,Giratoire,Normale,Deux véhicules - côté,,,,,,,,,,,5,1,6,1.0,3.0
201000043405,0010-09-05 19:20:00,10,9,5,19,20,770,294,PARIS (RUE DE),,,Plein jour,En agglomération,Intersection en T,Normale,Deux véhicules - côté,,,,,,,,,,,1,2,3,1.0,3.0
201000043406,0010-11-05 20:10:00,10,11,5,20,10,770,123,RN2,,,Nuit sans éclairage public,Hors agglomération,Hors intersection,Normale,Deux véhicules - arrière,,,,,,,,,,,3,1,1,1.0,2.0
201000043407,0010-10-13 13:10:00,10,10,13,13,10,770,294,VILLEPARISIS (RUE),,,Plein jour,En agglomération,Hors intersection,Normale,Autre collision,,,,,,,,,,,1,2,1,1.0,6.0
201000043408,0010-12-22 10:30:00,10,12,22,10,30,770,294,C.D. 9,,,Plein jour,Hors agglomération,Intersection en X,Temps couvert,Deux véhicules - côté,,,,,,,,,,,1,1,2,8.0,3.0
201000043409,0010-01-06 12:55:00,10,1,6,12,55,770,67,MONTBREAU (ROUTE DE),,,Plein jour,En agglomération,Hors intersection,Neige / grêle,Deux véhicules - frontale,,,,,,,,,,,1,2,1,4.0,1.0
201000043410,0010-12-04 13:10:00,10,12,4,13,10,770,445,D. 50,,,Plein jour,En agglomération,Giratoire,Neige / grêle,Sans collision,,,,,,,,,,,1,2,6,4.0,7.0
201000043411,0010-12-06 07:00:00,10,12,6,7,0,770,122,ICARE(RUE D'),,,Nuit avec éclairage allumé,En agglomération,Hors intersection,Neige / grêle,Autre collision,,,,,,,,,,,5,2,1,4.0,6.0
201000043412,0010-01-09 03:00:00,10,1,9,3,0,770,251,MARE AUX PLANTARDS (ROND,,,Nuit avec éclairage allumé,Hors agglomération,Hors intersection,Neige / grêle,Autre collision,,,,,,,,,,,5,1,1,4.0,6.0
201000043413,0010-01-15 17:30:00,10,1,15,17,30,770,114,N4,,,Nuit sans éclairage public,Hors agglomération,Hors intersection,Temps couvert,Deux véhicules - arrière,,,,,,,,,,,3,1,1,8.0,2.0
201000043414,0010-01-25 18:10:00,10,1,25,18,10,770,251,PARIS (RUE DE),,,Nuit avec éclairage allumé,En agglomération,Hors intersection,Normale,Autre collision,,,,,,,,,,,5,2,1,1.0,6.0
201000043415,0010-02-05 20:39:00,10,2,5,20,39,770,53,"178, GENERAL LECLERC (RU",,,Nuit avec éclairage allumé,En agglomération,Intersection en X,Normale,Deux véhicules - côté,,,,,,,,,,,5,2,2,1.0,3.0
201000043416,0010-02-21 15:50:00,10,2,21,15,50,770,296,D402,,,Plein jour,Hors agglomération,Giratoire,Temps couvert,Sans collision,,,,,,,,,,,1,1,6,8.0,7.0
201000043417,0010-02-24 08:30:00,10,2,24,8,30,770,450,ROSES (RUE DES),,,Plein jour,Hors agglomération,Intersection en T,Temps couvert,Deux véhicules - frontale,,,,,,,,,,,1,1,3,8.0,1.0
201000043418,0010-03-11 16:45:00,10,3,11,16,45,770,296,D402,,,Plein jour,Hors agglomération,Hors intersection,Normale,Deux véhicules - côté,,,,,,,,,,,1,1,1,1.0,3.0
201000043419,0010-03-14 12:45:00,10,3,14,12,45,770,445,ROUTOIRES (AVENUE DES),,,Plein jour,En agglomération,Giratoire,Normale,Autre collision,,,,,,,,,,,1,2,6,1.0,6.0
201000043420,0010-03-15 20:40:00,10,3,15,20,40,770,67,D.82,,,Nuit avec éclairage allumé,En agglomération,Hors intersection,Normale,Deux véhicules - frontale,,,,,,,,,,,5,2,1,1.0,1.0
201000043421,0010-03-25 22:45:00,10,3,25,22,45,770,114,RD 216,,,Nuit sans éclairage public,Hors agglomération,Hors intersection,Temps couvert,Autre collision,,,,,,,,,,,3,1,1,8.0,6.0
201000043422,0010-04-10 17:30:00,10,4,10,17,30,770,114,"09, FRETEL (RUE)",,,Plein jour,En agglomération,Intersection en T,Normale,Autre collision,,,,,,,,,,,1,2,3,1.0,6.0
201000043423,0010-04-16 21:20:00,10,4,16,21,20,770,296,"116, ANDRE AMPERE (AVENU",,,Crépuscule ou aube,En agglomération,Hors intersection,Normale,Deux véhicules - frontale,,,,,,,,,,,2,2,1,1.0,1.0
201000043424,0010-04-25 13:05:00,10,4,25,13,5,770,445,LIBERATION (RUE DE LA),,,Plein jour,En agglomération,Hors intersection,Normale,Autre collision,,,,,,,,,,,1,2,1,1.0,6.0
201000043425,0010-05-07 19:45:00,10,5,7,19,45,770,114,D.471,,,Plein jour,Hors agglomération,Hors intersection,Normale,Deux véhicules - frontale,,,,,,,,,,,1,1,1,1.0,1.0
201000043426,0010-05-09 12:00:00,10,5,9,12,0,770,450,POINT DU JOUR (RUE DU),,,Plein jour,En agglomération,Intersection en T,Normale,Sans collision,,,,,,,,,,,1,2,3,1.0,7.0
201000043427,0010-05-19 19:00:00,10,5,19,19,0,770,251,PINS (RUE DES),,,Plein jour,En agglomération,Hors intersection,Normale,Autre collision,,,,,,,,,,,1,2,1,1.0,6.0
201000043428,0010-05-26 11:18:00,10,5,26,11,18,770,296,PHILIPPE BUR(AVENUE),,,Plein jour,En agglomération,Hors intersection,Normale,Deux véhicules - arrière,,,,,,,,,,,1,2,1,1.0,2.0
201000043429,0010-05-29 20:05:00,10,5,29,20,5,770,53,CHEVRY (ROUTE DE),,,Crépuscule ou aube,En agglomération,Hors intersection,Pluie légère,Deux véhicules - frontale,,,,,,,,,,,2,2,1,2.0,1.0
201000043430,0010-04-14 15:15:00,10,4,14,15,15,770,114,RD 216,,,Plein jour,Hors agglomération,Hors intersection,Normale,Sans collision,,,,,,,,,,,1,1,1,1.0,7.0
201000043431,0010-06-19 17:00:00,10,6,19,17,0,770,495,D.306,,,Plein jour,Hors agglomération,Hors intersection,Normale,Trois véhicules et plus - en chaîne,,,,,,,,,,,1,1,1,1.0,4.0
201000043432,0010-06-27 13:00:00,10,6,27,13,0,770,114,D.471,,,Plein jour,Hors agglomération,Hors intersection,Normale,Autre collision,,,,,,,,,,,1,1,1,1.0,6.0
201000043433,0010-06-30 18:45:00,10,6,30,18,45,770,251,D402,,,Plein jour,Hors agglomération,Hors intersection,Normale,Trois véhicules et plus - en chaîne,,,,,,,,,,,1,1,1,1.0,4.0
201000043434,0010-07-02 08:55:00,10,7,2,8,55,770,114,D471,,,Plein jour,Hors agglomération,Hors intersection,Normale,Deux véhicules - côté,,,,,,,,,,,1,1,1,1.0,3.0
201000043435,0010-07-10 07:30:00,10,7,10,7,30,770,114,D.471,,,Plein jour,Hors agglomération,Hors intersection,Normale,Sans collision,,,,,,,,,,,1,1,1,1.0,7.0
201000043436,0010-07-08 12:15:00,10,7,8,12,15,770,296,D 306,,,Plein jour,Hors agglomération,Hors intersection,Normale,Deux véhicules - arrière,,,,,,,,,,,1,1,1,1.0,2.0
201000043437,0010-07-08 12:00:00,10,7,8,12,0,770,495,"7, JOUARRE (RUE DE)",,,Plein jour,En agglomération,Hors intersection,Normale,Autre collision,,,,,,,,,,,1,2,1,1.0,6.0
201000043438,0010-07-30 16:35:00,10,7,30,16,35,770,67,D.346,,,Plein jour,Hors agglomération,Giratoire,Normale,Deux véhicules - côté,,,,,,,,,,,1,1,6,1.0,3.0
201000043439,0010-08-14 20:50:00,10,8,14,20,50,770,114,D471,,,Nuit sans éclairage public,Hors agglomération,Hors intersection,Normale,Autre collision,,,,,,,,,,,3,1,1,1.0,6.0
201000043440,0010-08-21 20:25:00,10,8,21,20,25,770,296,DENIS PAPIN (RUE),,,Plein jour,Hors agglomération,Hors intersection,Normale,Deux véhicules - frontale,,,,,,,,,,,1,1,1,1.0,1.0
201000043441,0010-08-26 20:55:00,10,8,26,20,55,770,114,N 4,,,Nuit sans éclairage public,Hors agglomération,Hors intersection,Pluie légère,Sans collision,,,,,,,,,,,3,1,1,2.0,7.0
201000043442,0010-08-31 17:00:00,10,8,31,17,0,770,445,D.50E,,,Plein jour,Hors agglomération,Hors intersection,Normale,Sans collision,,,,,,,,,,,1,1,1,1.0,7.0
201000043443,0010-08-30 17:20:00,10,8,30,17,20,770,53,RD 319,,,Plein jour,En agglomération,Hors intersection,Normale,Autre collision,,,,,,,,,,,1,2,1,1.0,6.0
201000043444,0010-09-03 11:55:00,10,9,3,11,55,770,122,"26, SOMMEVILLE(RUE)",,,Plein jour,En agglomération,Hors intersection,Normale,Autre collision,,,,,,,,,,,1,2,1,1.0,6.0
201000043445,0010-10-01 15:00:00,10,10,1,15,0,770,53,GENERAL LECLERC (RUE DU),,,Plein jour,Hors agglomération,Hors intersection,Normale,Trois véhicules et plus - en chaîne,,,,,,,,,,,1,1,1,1.0,4.0
201000043446,0010-09-28 09:40:00,10,9,28,9,40,770,114,CHARLES PATHE (RUE),,,Plein jour,En agglomération,Hors intersection,Normale,Autre collision,,,,,,,,,,,1,2,1,1.0,6.0
201000043447,0010-10-21 10:15:00,10,10,21,10,15,770,296,D402,,,Plein jour,Hors agglomération,Intersection en T,Normale,Deux véhicules - côté,,,,,,,,,,,1,1,3,1.0,3.0
201000043448,0010-10-28 07:10:00,10,10,28,7,10,770,296,D402,,,Nuit sans éclairage public,Hors agglomération,Hors intersection,Normale,Sans collision,,,,,,,,,,,3,1,1,1.0,7.0
201000043449,0010-11-03 02:45:00,10,11,3,2,45,770,251,PARIS (RUE DE),,,Nuit avec éclairage allumé,En agglomération,Intersection en X,Normale,Deux véhicules - côté,,,,,,,,,,,5,2,2,1.0,3.0
201000043450,0010-11-03 18:05:00,10,11,3,18,5,770,114,D471,,,Nuit sans éclairage public,Hors agglomération,Hors intersection,Normale,Deux véhicules - arrière,,,,,,,,,,,3,1,1,1.0,2.0
201000043451,0010-11-16 21:35:00,10,11,16,21,35,770,67,BOIS DES SAINTS PERES (R,,,Nuit avec éclairage allumé,En agglomération,Hors intersection,Brouillard / fumée,Autre collision,,,,,,,,,,,5,2,1,5.0,6.0
201000043452,0010-11-19 18:05:00,10,11,19,18,5,770,180,CLOS (CHEMIN DES),,,Nuit sans éclairage public,Hors agglomération,Hors intersection,Normale,Autre collision,,,,,,,,,,,3,1,1,1.0,6.0
201000043453,0010-11-19 11:19:00,10,11,19,11,19,770,53,GAUTHIER (PLACE),,,Plein jour,En agglomération,Place,Normale,Autre collision,,,,,,,,,,,1,2,7,1.0,6.0
201000043454,0010-11-23 18:30:00,10,11,23,18,30,770,122,QUINCY(AVENUE DE),,,Nuit avec éclairage allumé,En agglomération,Giratoire,Normale,Deux véhicules - frontale,,,,,,,,,,,5,2,6,1.0,1.0
201000043455,0010-11-24 10:10:00,10,11,24,10,10,770,67,MONIER (RUE CHARLES),,,Plein jour,En agglomération,Intersection en X,Normale,Deux véhicules - côté,,,,,,,,,,,1,2,2,1.0,3.0
201000043456,0010-11-25 19:20:00,10,11,25,19,20,770,296,JEAN JAURES (AVENUE),,,Nuit avec éclairage allumé,En agglomération,Intersection en X,Normale,Autre collision,,,,,,,,,,,5,2,2,1.0,6.0
201000043457,0010-11-25 17:25:00,10,11,25,17,25,770,114,"4, CHARLES PATHE (RUE)",,,Nuit sans éclairage public,En agglomération,Hors intersection,Normale,Trois véhicules et plus - en chaîne,,,,,,,,,,,3,2,1,1.0,4.0
201000043458,0010-11-26 16:10:00,10,11,26,16,10,770,495,D.306,,,Plein jour,En agglomération,Hors intersection,Pluie légère,Sans collision,,,,,,,,,,,1,2,1,2.0,7.0
201000043459,0010-12-08 08:00:00,10,12,8,8,0,770,251,PLATANES (AVENUE DES),,,Plein jour,En agglomération,Hors intersection,Pluie légère,Autre collision,,,,,,,,,,,1,2,1,2.0,6.0
201000043460,0010-12-17 17:00:00,10,12,17,17,0,770,296,"237, PIECES DE LUGNY (RU",,,Nuit sans éclairage public,En agglomération,Hors intersection,Normale,Autre collision,,,,,,,,,,,3,2,1,1.0,6.0
201000043461,0010-01-03 15:14:00,10,1,3,15,14,770,305,CONFLUENT (BOULEVARD DU),,,Plein jour,En agglomération,Hors intersection,Normale,Deux véhicules - frontale,,,,,,,,,,,1,2,1,1.0,1.0
201000043462,0010-01-12 18:20:00,10,1,12,18,20,770,305,ANCIENS COMBATTANTS D'AF,,,Nuit avec éclairage allumé,En agglomération,Giratoire,Pluie légère,Autre collision,,,,,,,,,,,5,2,6,2.0,6.0
201000043463,0010-02-04 06:20:00,10,2,4,6,20,770,482,"32, CANNES (ROUTE DE)",,,Nuit sans éclairage public,En agglomération,Hors intersection,Normale,Deux véhicules - arrière,,,,,,,,,,,3,2,1,1.0,2.0
201000043464,0010-02-20 18:35:00,10,2,20,18,35,770,409,FONTAINE FROIDE (RUE DE,,,Crépuscule ou aube,Hors agglomération,Hors intersection,Normale,Sans collision,,,,,,,,,,,2,1,1,1.0,7.0
201000043465,0010-04-06 17:20:00,10,4,6,17,20,770,305,SURVILLE (AVENUE DE),,,Plein jour,En agglomération,Hors intersection,Normale,Deux véhicules - côté,,,,,,,,,,,1,2,1,1.0,3.0
201000043466,0010-05-01 17:10:00,10,5,1,17,10,770,305,"21, LEFEBVRE (RUE DU MAR",,,Plein jour,En agglomération,Hors intersection,Normale,Sans collision,,,,,,,,,,,1,2,1,1.0,7.0
201000043467,0010-05-13 21:40:00,10,5,13,21,40,770,482,RN 6 (SECTEUR VARENNES),,,Nuit sans éclairage public,Hors agglomération,Hors intersection,Normale,Sans collision,,,,,,,,,,,3,1,1,1.0,7.0
201000043468,0010-06-16 17:10:00,10,6,16,17,10,770,172,RN 6,,,Plein jour,Hors agglomération,Intersection en X,Normale,Deux véhicules - côté,,,,,,,,,,,1,1,2,1.0,3.0
201000043469,0010-05-26 15:30:00,10,5,26,15,30,770,210,D210,,,Plein jour,Hors agglomération,Intersection en X,Normale,Deux véhicules - côté,,,,,,,,,,,1,1,2,1.0,3.0
201000043470,0010-07-19 07:55:00,10,7,19,7,55,770,305,GRANDE HAIE (RUE DE LA),,,Plein jour,En agglomération,Hors intersection,Temps éblouissant,Deux véhicules - côté,,,,,,,,,,,1,2,1,7.0,3.0
201000043471,0010-07-11 19:05:00,10,7,11,19,5,770,482,"93, GARE (RUE DE LA)",,,Plein jour,En agglomération,Intersection à plus de 4 branches,Normale,Sans collision,,,,,,,,,,,1,2,5,1.0,7.0
201000043472,0010-08-10 18:48:00,10,8,10,18,48,770,305,FRANCE (RUE ANATOLE),,,Plein jour,En agglomération,Intersection en T,Normale,Deux véhicules - côté,,,,,,,,,,,1,2,3,1.0,3.0
201000043473,0010-10-22 19:25:00,10,10,22,19,25,770,133,D 18,,,Nuit sans éclairage public,Hors agglomération,Hors intersection,Normale,Sans collision,,,,,,,,,,,3,1,1,1.0,7.0
201000043474,0010-12-17 17:25:00,10,12,17,17,25,770,133,D 18,,,Nuit sans éclairage public,Hors agglomération,Hors intersection,Temps couvert,Sans collision,,,,,,,,,,,3,1,1,8.0,7.0
201000043475,0010-06-01 16:20:00,10,6,1,16,20,770,494,MONTOIR (CHEMIN RURAL DU,,,Plein jour,Hors agglomération,Hors intersection,Normale,Deux véhicules - frontale,,,,,,,,,,,1,1,1,1.0,1.0
201000043476,0010-06-07 19:10:00,10,6,7,19,10,770,79,"10, SENS (RUE DE)",,,Plein jour,En agglomération,Hors intersection,Normale,Autre collision,,,,,,,,,,,1,2,1,1.0,6.0
201000043477,0010-06-08 16:07:00,10,6,8,16,7,770,170,CD 22,,,Plein jour,Hors agglomération,Hors intersection,Normale,Sans collision,,,,,,,,,,,1,1,1,1.0,7.0
201000043478,0010-07-19 10:35:00,10,7,19,10,35,770,79,COCTEAU JEAN (RUE),,,Plein jour,En agglomération,Hors intersection,Normale,Autre collision,,,,,,,,,,,1,2,1,1.0,6.0
201000043479,0010-09-03 17:40:00,10,9,3,17,40,770,316,D 104,,,Plein jour,Hors agglomération,Hors intersection,Normale,Autre collision,,,,,,,,,,,1,1,1,1.0,6.0
201000043480,0010-09-23 14:55:00,10,9,23,14,55,770,170,CD 22,,,Plein jour,Hors agglomération,Hors intersection,Temps couvert,Sans collision,,,,,,,,,,,1,1,1,8.0,7.0
201000043481,0010-10-08 19:55:00,10,10,8,19,55,770,419,GRANDE (RUE),,,Nuit avec éclairage allumé,En agglomération,Intersection en X,Normale,Deux véhicules - côté,,,,,,,,,,,5,2,2,1.0,3.0
201000043482,0010-10-14 14:25:00,10,10,14,14,25,770,316,PIERRE MORIN (RUE DE LA),,,Plein jour,En agglomération,Hors intersection,Normale,Deux véhicules - arrière,,,,,,,,,,,1,2,1,1.0,2.0
201000043483,0010-11-16 17:25:00,10,11,16,17,25,770,419,FONTAINE (DE LA),,,Nuit avec éclairage allumé,Hors agglomération,Hors intersection,Normale,Autre collision,,,,,,,,,,,5,1,1,1.0,6.0
201000043484,0010-01-10 12:00:00,10,1,10,12,0,770,458,"5, VARENNES (RUE DES)",,,Plein jour,En agglomération,Hors intersection,Temps couvert,Autre collision,,,,,,,,,,,1,2,1,8.0,6.0
201000043485,0010-01-24 00:05:00,10,1,24,0,5,770,333,DEPARTEMENTALE 607,,,Nuit avec éclairage allumé,Hors agglomération,Hors intersection,Normale,Deux véhicules - frontale,,,,,,,,,,,5,1,1,1.0,1.0
201000043486,0010-01-29 19:30:00,10,1,29,19,30,770,333,"12, CHAUDINS (RUE DES)",,,Nuit avec éclairage allumé,En agglomération,Hors intersection,Pluie légère,Autre collision,,,,,,,,,,,5,2,1,2.0,6.0
201000043487,0010-04-05 00:30:00,10,4,5,0,30,770,48,"201, LECLERC (RUE DU GEN",,,Nuit avec éclairage allumé,En agglomération,Hors intersection,Normale,Sans collision,,,,,,,,,,,5,2,1,1.0,7.0
201000043488,0010-05-15 03:10:00,10,5,15,3,10,770,458,"01, LAVOIR (RUE DU)",,,Nuit avec éclairage allumé,Hors agglomération,Hors intersection,Normale,Sans collision,,,,,,,,,,,5,1,1,1.0,7.0
201000043489,0010-05-16 20:30:00,10,5,16,20,30,770,16,GLANDELLE (ROUTE DE) RD.,,,Plein jour,Hors agglomération,Hors intersection,Normale,Deux véhicules - frontale,,,,,,,,,,,1,1,1,1.0,1.0
201000043490,0010-06-19 17:30:00,10,6,19,17,30,770,202,"07, route des Petits Boi",,,Plein jour,En agglomération,Hors intersection,Temps couvert,Autre collision,,,,,,,,,,,1,2,1,8.0,6.0
201000043491,0010-06-27 14:40:00,10,6,27,14,40,770,431,"02, VALLEE (RUE DE LA)",,,Plein jour,En agglomération,Hors intersection,Normale,Deux véhicules - côté,,,,,,,,,,,1,2,1,1.0,3.0
201000043492,0010-07-13 15:20:00,10,7,13,15,20,770,333,"39, LYON (AVENUE DE)RD 6",,,Plein jour,En agglomération,Hors intersection,Normale,Deux véhicules - côté,,,,,,,,,,,1,2,1,1.0,3.0
201000043493,0010-07-14 23:25:00,10,7,14,23,25,770,16,"74, GLANDELLE (ROUTE DE)",,,Nuit avec éclairage allumé,Hors agglomération,Hors intersection,Normale,Autre collision,,,,,,,,,,,5,1,1,1.0,6.0
201000043494,0010-07-28 17:30:00,10,7,28,17,30,770,431,BAGNEAUX (ROUTE DE) RD 4,,,Plein jour,En agglomération,Hors intersection,Normale,Deux véhicules - côté,,,,,,,,,,,1,2,1,1.0,3.0
201000043495,0010-07-30 03:05:00,10,7,30,3,5,770,156,"01, FROMONVILLE ( ROUTE",,,Nuit sans éclairage public,Hors agglomération,Hors intersection,Normale,Autre collision,,,,,,,,,,,3,1,1,1.0,6.0
201000043496,0010-08-14 15:20:00,10,8,14,15,20,770,458,"8 bis, MARECHAL LECLERC",,,Plein jour,En agglomération,Hors intersection,Normale,Trois véhicules et plus - collisions multiples,,,,,,,,,,,1,2,1,1.0,5.0
201000043497,0010-09-20 18:25:00,10,9,20,18,25,770,458,"01, CARRIERES (RUE DES)",,,Plein jour,En agglomération,Intersection en Y,Normale,Deux véhicules - côté,,,,,,,,,,,1,2,4,1.0,3.0
201000043498,0010-12-23 12:15:00,10,12,23,12,15,770,258,GEORGES GERSHWIN (COURS),,,Plein jour,En agglomération,Hors intersection,Neige / grêle,Deux véhicules - arrière,,,,,,,,,,,1,2,1,4.0,2.0
201000043499,0010-01-05 11:40:00,10,1,5,11,40,770,146,VIEILLES VIGNES (ROND-PO,,,Plein jour,En agglomération,Giratoire,Autre,Deux véhicules - côté,,,,,,,,,,,1,2,6,9.0,3.0
201000043500,0010-01-02 07:10:00,10,1,2,7,10,770,468,JACQUES PREVERT (AVENUE),,,Nuit avec éclairage allumé,En agglomération,Intersection en X,Normale,Deux véhicules - côté,,,,,,,,,,,5,2,2,1.0,3.0
201000043501,0010-01-13 16:25:00,10,1,13,16,25,770,337,"28, ROCHES (COURS DES)",,,Plein jour,En agglomération,Intersection en X,Normale,Autre collision,,,,,,,,,,,1,2,2,1.0,6.0
201000043502,0010-02-03 12:58:00,10,2,3,12,58,770,337,SALVADOR ALLENDE (BOULEV,,,Plein jour,En agglomération,Hors intersection,Normale,Autre collision,,,,,,,,,,,1,2,1,1.0,6.0
201000043503,0010-03-01 09:10:00,10,3,1,9,10,770,337,FERME (ALLEE DE LA),,,Plein jour,En agglomération,Giratoire,Temps éblouissant,Deux véhicules - arrière,,,,,,,,,,,1,2,6,7.0,2.0
201000043504,0010-03-26 18:13:00,10,3,26,18,13,770,83,LUZARD (COURS DU),,,Plein jour,En agglomération,Hors intersection,Normale,Deux véhicules - frontale,,,,,,,,,,,1,2,1,1.0,1.0