accident_id,datetime,annee,mois,jour,heure,minute,departement,commune_insee,adresse,latitude,longitude,luminosite,agglomeration,intersection,meteo,collision,nb_vehicules,nb_usagers,nb_indemnes,nb_tues,nb_blesses_hosp,nb_blesses_legers,age_cond_1,age_cond_2,veh_type_cond_1,veh_type_cond_2,lum_code,agg_code,int_code,atm_code,col_code
201000043877,0010-07-14 23:10:00,10,7,14,23,10,780,401,R COMTE ROBERT/BEAUVAIS,49.0068,1.90693,Nuit avec éclairage allumé,En agglomération,Intersection en T,Normale,Autre collision,,,,,,,,,,,5,2,3,1.0,6.0
201000043878,0010-08-05 18:30:00,10,8,5,18,30,780,440,R DES PERCLAIRS,48.9904,1.90271,Plein jour,En agglomération,Hors intersection,Normale,Deux véhicules - côté,,,,,,,,,,,1,2,1,1.0,3.0
201000043879,0010-08-21 09:45:00,10,8,21,9,45,780,299,RD PT ANCIENS COMBATTANT,49.0144,1.89919,Plein jour,En agglomération,Giratoire,Normale,Deux véhicules - côté,,,,,,,,,,,1,2,6,1.0,3.0
201000043880,0010-08-07 21:30:00,10,8,7,21,30,780,401,RTE DE PONTOISE,49.0108,1.91019,Plein jour,En agglomération,Hors intersection,Normale,Autre collision,,,,,,,,,,,1,2,1,1.0,6.0
201000043881,0010-08-07 19:15:00,10,8,7,19,15,780,261,R DE LA MONTCIENT/RD 913,49.019,1.89035,Plein jour,En agglomération,Giratoire,Pluie légère,Sans collision,,,,,,,,,,,1,2,6,2.0,7.0
201000043882,0010-08-23 05:30:00,10,8,23,5,30,780,29,BD DU COMMERCE/DIXMUDE,48.9756,1.84798,Nuit avec éclairage allumé,En agglomération,Intersection en X,Pluie légère,Deux véhicules - côté,,,,,,,,,,,5,2,2,2.0,3.0
201000043883,0010-06-20 21:50:00,10,6,20,21,50,780,440,PAUL DOUMER (RUE),,,Crépuscule ou aube,En agglomération,Intersection en X,Normale,Deux véhicules - côté,,,,,,,,,,,2,2,2,1.0,3.0
201000043884,0010-07-30 18:00:00,10,7,30,18,0,780,29,AV DE L'UNION/8 MAI,48.9613,1.85011,Plein jour,En agglomération,Intersection en T,Normale,Deux véhicules - arrière,,,,,,,,,,,1,2,3,1.0,2.0
201000043885,0010-09-05 16:30:00,10,9,5,16,30,780,227,"0, CD 922",,,Plein jour,En agglomération,Intersection en T,Normale,Deux véhicules - côté,,,,,,,,,,,1,2,3,1.0,3.0
201000043886,0010-08-31 19:30:00,10,8,31,19,30,780,440,ALL BALANCELLES/FREGATE,49.0,1.91811,Plein jour,En agglomération,Intersection en T,Normale,Deux véhicules - côté,,,,,,,,,,,1,2,3,1.0,3.0
201000043887,0010-09-01 19:30:00,10,9,1,19,30,780,29,"0, AVENUE DE L'UNION",,,Plein jour,En agglomération,Giratoire,Normale,Deux véhicules - côté,,,,,,,,,,,1,2,6,1.0,3.0
201000043888,0010-09-24 16:35:00,10,9,24,16,35,780,440,"0, VERNEUIL (ROUTE DE)",,,Plein jour,En agglomération,Intersection en T,Normale,Deux véhicules - côté,,,,,,,,,,,1,2,3,1.0,3.0
201000043889,0010-10-01 18:20:00,10,10,1,18,20,780,29,"0, COOPERATION (RUE DE L",,,Nuit avec éclairage allumé,En agglomération,Hors intersection,Pluie forte,Autre collision,,,,,,,,,,,5,2,1,3.0,6.0
201000043890,0010-06-20 07:40:00,10,6,20,7,40,780,440,AV DE LA RÉPUBLIQUE,48.9863,1.91856,Plein jour,En agglomération,Hors intersection,Normale,Autre collision,,,,,,,,,,,1,2,1,1.0,6.0
201000043891,0010-10-05 16:30:00,10,10,5,16,30,780,440,"0, PAUL RAOULT (AVENUE)",,,Plein jour,En agglomération,Hors intersection,Pluie légère,Trois véhicules et plus - en chaîne,,,,,,,,,,,1,2,1,2.0,4.0
201000043892,0010-07-11 15:10:00,10,7,11,15,10,780,299,RTE VEXIN/AV DES AULNES,49.0144,1.89919,Plein jour,Hors agglomération,Giratoire,Normale,Deux véhicules - côté,,,,,,,,,,,1,1,6,1.0,3.0
201000043893,0010-10-19 03:28:00,10,10,19,3,28,780,29,8 MAI 1945 (RUE DU),,,Nuit avec éclairage allumé,En agglomération,Hors intersection,Normale,Autre collision,,,,,,,,,,,5,2,1,1.0,6.0
201000043894,0010-10-25 18:20:00,10,10,25,18,20,780,403,"47, CHATEAUBRIAND (AVENU",,,Crépuscule ou aube,En agglomération,Hors intersection,Normale,Trois véhicules et plus - en chaîne,,,,,,,,,,,2,2,1,1.0,4.0
201000043895,0010-10-29 18:25:00,10,10,29,18,25,780,401,COTE DU PAVILLON (RUE DE,,,Plein jour,En agglomération,Intersection en T,Normale,Autre collision,,,,,,,,,,,1,2,3,1.0,6.0
201000043896,0010-10-26 16:30:00,10,10,26,16,30,780,440,"0, VERNEUIL (ROUTE DE)",,,Plein jour,En agglomération,Intersection en X,Normale,Trois véhicules et plus - en chaîne,,,,,,,,,,,1,2,2,1.0,4.0
201000043897,0010-11-06 06:20:00,10,11,6,6,20,780,440,"0, PAUL RAOULT (AVENUE)",,,Nuit avec éclairage allumé,En agglomération,Intersection en X,Normale,Deux véhicules - côté,,,,,,,,,,,5,2,2,1.0,3.0
201000043898,0010-11-07 23:10:00,10,11,7,23,10,780,440,RÉPUBLIQUE (RUE DE LA),,,Nuit avec éclairage allumé,En agglomération,Intersection en X,Normale,Autre collision,,,,,,,,,,,5,2,2,1.0,6.0
201000043899,0010-11-06 15:25:00,10,11,6,15,25,780,29,"0, COOPERATION (RUE DE L",,,Plein jour,En agglomération,Hors intersection,Pluie légère,Deux véhicules - côté,,,,,,,,,,,1,2,1,2.0,3.0
201000043900,0010-11-10 17:15:00,10,11,10,17,15,780,440,"1, GAMBETTA (RUE)",,,Plein jour,En agglomération,Hors intersection,Normale,Sans collision,,,,,,,,,,,1,2,1,1.0,7.0
201000043901,0010-11-18 05:45:00,10,11,18,5,45,780,440,"0, CD 14",,,Nuit avec éclairage allumé,En agglomération,Hors intersection,Normale,Autre collision,,,,,,,,,,,5,2,1,1.0,6.0
201000043902,0010-11-26 13:00:00,10,11,26,13,0,780,238,RENAULT (ROUTE DE),,,Plein jour,En agglomération,Hors intersection,Normale,Deux véhicules - arrière,,,,,,,,,,,1,2,1,1.0,2.0
201000043903,0010-12-01 08:55:00,10,12,1,8,55,780,401,"67, MARECHAL FOCH (RUE D",,,Plein jour,En agglomération,Hors intersection,Temps couvert,Autre collision,,,,,,,,,,,1,2,1,8.0,6.0
201000043904,0010-11-27 14:10:00,10,11,27,14,10,780,29,PALMIERS (RUE DES),,,Plein jour,En agglomération,Hors intersection,Normale,Deux véhicules - arrière,,,,,,,,,,,1,2,1,1.0,2.0
201000043905,0010-12-06 20:20:00,10,12,6,20,20,780,440,BOUAFLE (ROUTE DE),,,Nuit avec éclairage allumé,En agglomération,Hors intersection,Normale,Deux véhicules - arrière,,,,,,,,,,,5,2,1,1.0,2.0
201000043906,0010-12-07 12:40:00,10,12,7,12,40,780,227,", CD 922",,,Plein jour,Hors agglomération,Hors intersection,Neige / grêle,Trois véhicules et plus - en chaîne,,,,,,,,,,,1,1,1,4.0,4.0
201000043907,0010-12-09 15:22:00,10,12,9,15,22,780,401,AULNES (AVENUE DES),,,Plein jour,En agglomération,Hors intersection,Normale,Deux véhicules - arrière,,,,,,,,,,,1,2,1,1.0,2.0
201000043908,0010-12-09 16:15:00,10,12,9,16,15,780,440,"0, EUROPE (AVENUE DE L')",,,Plein jour,En agglomération,Hors intersection,Normale,Deux véhicules - arrière,,,,,,,,,,,1,2,1,1.0,2.0
201000043909,0010-12-10 16:10:00,10,12,10,16,10,780,401,ALBERT JOZON (RUE),,,Crépuscule ou aube,En agglomération,Place,Temps couvert,Deux véhicules - côté,,,,,,,,,,,2,2,7,8.0,3.0
201000043910,0010-12-12 13:40:00,10,12,12,13,40,780,638,"114, GENERAL DE GAULLE (",,,Plein jour,En agglomération,Hors intersection,Normale,Deux véhicules - côté,,,,,,,,,,,1,2,1,1.0,3.0
201000043911,0010-12-14 14:40:00,10,12,14,14,40,780,401,ALBERT JOZON (RUE),,,Plein jour,En agglomération,Hors intersection,Normale,Autre collision,,,,,,,,,,,1,2,1,1.0,6.0
201000043912,0010-12-09 16:33:00,10,12,9,16,33,780,401,GENERAL LECLERC (AVENUE,,,Nuit avec éclairage allumé,En agglomération,Hors intersection,Normale,Deux véhicules - arrière,,,,,,,,,,,5,2,1,1.0,2.0
201000043913,0010-12-11 18:15:00,10,12,11,18,15,780,29,SOURCES (RUE DES),,,Nuit avec éclairage allumé,En agglomération,Hors intersection,Pluie légère,Sans collision,,,,,,,,,,,5,2,1,2.0,7.0
201000043914,0010-12-16 18:15:00,10,12,16,18,15,780,29,QUARANTE SOUS (RUE DES),,,Nuit avec éclairage non allumé,En agglomération,Hors intersection,Pluie légère,Autre collision,,,,,,,,,,,4,2,1,2.0,6.0
201000043915,0010-12-23 15:45:00,10,12,23,15,45,780,29,PLAGE (BOULEVARD DE LA),,,Plein jour,En agglomération,Place,Neige / grêle,Deux véhicules - frontale,,,,,,,,,,,1,2,7,4.0,1.0
201000043916,0010-12-27 22:10:00,10,12,27,22,10,780,29,COOPERATION (RUE DE LA),,,Nuit avec éclairage allumé,En agglomération,Hors intersection,Pluie légère,Deux véhicules - frontale,,,,,,,,,,,5,2,1,2.0,1.0
201000043917,0010-12-28 09:10:00,10,12,28,9,10,780,638,D 922,,,Plein jour,Hors agglomération,Intersection en T,Temps couvert,Sans collision,,,,,,,,,,,1,1,3,8.0,7.0
201000043918,0010-12-28 17:40:00,10,12,28,17,40,780,29,AVENUE DE L'UNION,,,Nuit avec éclairage allumé,En agglomération,Hors intersection,Normale,Autre collision,,,,,,,,,,,5,2,1,1.0,6.0
201000043919,0010-12-29 12:30:00,10,12,29,12,30,780,238,CD 14,,,Plein jour,En agglomération,Hors intersection,Normale,Sans collision,,,,,,,,,,,1,2,1,1.0,7.0
201000043920,0010-12-28 12:45:00,10,12,28,12,45,780,490,DEUX PLATEAUX (ROUTE DES,,,Plein jour,En agglomération,Giratoire,Pluie légère,Deux véhicules - arrière,,,,,,,,,,,1,2,6,2.0,2.0
201000043921,0010-01-03 12:50:00,10,1,3,12,50,780,674,RD 98,48.8305,1.99745,Plein jour,En agglomération,Hors intersection,Normale,Trois véhicules et plus - en chaîne,,,,,,,,,,,1,2,1,1.0,4.0
201000043922,0010-12-30 16:30:00,10,12,30,16,30,780,165,"13, JOUET (RUE MAURICE)",,,Plein jour,En agglomération,Hors intersection,Normale,Sans collision,,,,,,,,,,,1,2,1,1.0,7.0
201000043923,0010-01-04 08:10:00,10,1,4,8,10,780,674,RD 11,48.8211,2.01346,Crépuscule ou aube,Hors agglomération,Hors intersection,Normale,Deux véhicules - arrière,,,,,,,,,,,2,1,1,1.0,2.0
201000043924,0010-01-06 12:25:00,10,1,6,12,25,780,490,6 AV DU GAL DE GAULLE,48.8238,1.95383,Plein jour,En agglomération,Hors intersection,Normale,Sans collision,,,,,,,,,,,1,2,1,1.0,7.0
201000043925,0010-01-28 15:30:00,10,1,28,15,30,780,165,AV H BARBUSSE/JAURES,48.829,1.98294,Plein jour,En agglomération,Intersection en X,Normale,Deux véhicules - côté,,,,,,,,,,,1,2,2,1.0,3.0
201000043926,0010-02-06 14:30:00,10,2,6,14,30,780,490,D 30,48.8018,1.96367,Plein jour,En agglomération,Hors intersection,Normale,Deux véhicules - arrière,,,,,,,,,,,1,2,1,1.0,2.0
201000043927,0010-02-06 20:50:00,10,2,6,20,50,780,165,RUE JULES FERRY,48.822,1.98899,Nuit avec éclairage allumé,En agglomération,Giratoire,Normale,Deux véhicules - côté,,,,,,,,,,,5,2,6,1.0,3.0
201000043928,0010-02-11 18:00:00,10,2,11,18,0,780,674,COTE DE PARIS  RD 12,48.8284,2.0227,Nuit sans éclairage public,Hors agglomération,Hors intersection,Neige / grêle,Deux véhicules - côté,,,,,,,,,,,3,1,1,4.0,3.0
201000043929,0010-02-12 15:55:00,10,2,12,15,55,780,165,"1, RUE JACQUES DUCLOS",48.8242,1.9752,Plein jour,En agglomération,Hors intersection,Normale,Deux véhicules - arrière,,,,,,,,,,,1,2,1,1.0,2.0
201000043930,0010-02-19 08:25:00,10,2,19,8,25,780,165,"1, RUE PABLO NERUDA",48.8219,1.97283,Plein jour,En agglomération,Hors intersection,Normale,Autre collision,,,,,,,,,,,1,2,1,1.0,6.0
201000043931,0010-02-20 17:15:00,10,2,20,17,15,780,490,AVENUE DE SAINT GERMAIN,48.8273,1.95985,Plein jour,En agglomération,Hors intersection,Normale,Trois véhicules et plus - en chaîne,,,,,,,,,,,1,2,1,1.0,4.0
201000043932,0010-02-18 20:35:00,10,2,18,20,35,780,490,AVENUE DE SAINT GERMAIN,48.8273,1.96512,Nuit avec éclairage allumé,En agglomération,Hors intersection,Normale,Trois véhicules et plus - en chaîne,,,,,,,,,,,5,2,1,1.0,4.0
201000043933,0010-02-22 15:00:00,10,2,22,15,0,780,490,"1, RUE HENRI BARBUSSE",48.8275,1.96687,Plein jour,En agglomération,Hors intersection,Normale,Autre collision,,,,,,,,,,,1,2,1,1.0,6.0
201000043934,0010-03-20 11:15:00,10,3,20,11,15,780,490,BOULEVARD LEON BLUM,48.8288,1.96384,Plein jour,En agglomération,Hors intersection,Pluie légère,Sans collision,,,,,,,,,,,1,2,1,2.0,7.0
201000043935,0010-03-29 08:05:00,10,3,29,8,5,780,674,CD 161,48.8367,2.03165,Plein jour,Hors agglomération,Hors intersection,Pluie légère,Sans collision,,,,,,,,,,,1,1,1,2.0,7.0
201000043936,0010-04-07 17:10:00,10,4,7,17,10,780,674,RD 98,48.8299,1.9954,Plein jour,En agglomération,Giratoire,Normale,Deux véhicules - côté,,,,,,,,,,,1,2,6,1.0,3.0
201000043937,0010-04-10 12:20:00,10,4,10,12,20,780,490,RTE DES DEUX PLATEAUX,48.8317,1.95777,Plein jour,En agglomération,Hors intersection,Normale,Deux véhicules - côté,,,,,,,,,,,1,2,1,1.0,3.0
201000043938,0010-04-12 14:10:00,10,4,12,14,10,780,165,R JEAN FALCONNIER,48.8241,1.98878,Plein jour,En agglomération,Intersection en X,Normale,Deux véhicules - côté,,,,,,,,,,,1,2,2,1.0,3.0
201000043939,0010-04-19 17:50:00,10,4,19,17,50,780,165,80 AV DE VERSAILLES,48.82,1.99925,Plein jour,En agglomération,Hors intersection,Normale,Autre collision,,,,,,,,,,,1,2,1,1.0,6.0
201000043940,0010-05-03 06:50:00,10,5,3,6,50,780,674,RD 161,48.8365,2.03047,Crépuscule ou aube,Hors agglomération,Hors intersection,Pluie légère,Sans collision,,,,,,,,,,,2,1,1,2.0,7.0
201000043941,0010-05-05 17:45:00,10,5,5,17,45,780,490,65 R FRANCIS CARCO,48.8265,1.96632,Plein jour,En agglomération,Hors intersection,Normale,Autre collision,,,,,,,,,,,1,2,1,1.0,6.0
201000043942,0010-05-13 18:00:00,10,5,13,18,0,780,165,AVENUE DE CHAVENAY,48.8317,1.9835,Plein jour,Hors agglomération,Hors intersection,Normale,Autre collision,,,,,,,,,,,1,1,1,1.0,6.0
201000043943,0010-05-20 16:20:00,10,5,20,16,20,780,490,"0, CD 30",,,Plein jour,En agglomération,Hors intersection,Normale,Deux véhicules - arrière,,,,,,,,,,,1,2,1,1.0,2.0
201000043944,0010-05-20 15:50:00,10,5,20,15,50,780,165,26 R DU GROS CAILLOU,48.8267,1.97696,Plein jour,En agglomération,Hors intersection,Normale,Autre collision,,,,,,,,,,,1,2,1,1.0,6.0
201000043945,0010-05-21 08:20:00,10,5,21,8,20,780,490,AV DES SABLONS,48.823,1.96045,Plein jour,En agglomération,Intersection en X,Normale,Deux véhicules - côté,,,,,,,,,,,1,2,2,1.0,3.0
201000043946,0010-05-22 18:10:00,10,5,22,18,10,780,165,AV HENRI BARBUSSE,48.8279,1.97382,Plein jour,En agglomération,Hors intersection,Normale,Deux véhicules - côté,,,,,,,,,,,1,2,1,1.0,3.0
201000043947,0010-05-29 18:05:00,10,5,29,18,5,780,490,1625 R DE BOISSIERE,48.8174,1.927,Plein jour,En agglomération,Hors intersection,Pluie légère,Deux véhicules - côté,,,,,,,,,,,1,2,1,2.0,3.0
201000043948,0010-06-09 08:05:00,10,6,9,8,5,780,490,AV DES SABLONS/BAUGES,48.8196,1.9605,Plein jour,En agglomération,Intersection en X,Temps couvert,Deux véhicules - côté,,,,,,,,,,,1,2,2,8.0,3.0
201000043949,0010-06-08 19:45:00,10,6,8,19,45,780,165,1 R JACQUES DUCLOS,48.8235,1.97587,Plein jour,En agglomération,Hors intersection,Normale,Deux véhicules - arrière,,,,,,,,,,,1,2,1,1.0,2.0
201000043950,0010-06-09 19:25:00,10,6,9,19,25,780,490,CHEMIN BLANC,48.8046,1.95173,Plein jour,En agglomération,Hors intersection,Pluie légère,Deux véhicules - frontale,,,,,,,,,,,1,2,1,2.0,1.0
201000043951,0010-06-12 11:45:00,10,6,12,11,45,780,165,PARKING CASTORAMA,48.8288,1.9741,Plein jour,En agglomération,Hors intersection,Normale,Deux véhicules - côté,,,,,,,,,,,1,2,1,1.0,3.0
201000043952,0010-06-12 15:50:00,10,6,12,15,50,780,165,AV HENRI BARBUSSE,48.8286,1.96961,Plein jour,Hors agglomération,Hors intersection,Normale,Deux véhicules - côté,,,,,,,,,,,1,1,1,1.0,3.0
201000043953,0010-06-17 16:30:00,10,6,17,16,30,780,490,CALMETTE (RUE),,,Plein jour,En agglomération,Intersection en X,Pluie légère,Sans collision,,,,,,,,,,,1,2,2,2.0,7.0
201000043954,0010-06-26 20:00:00,10,6,26,20,0,780,490,1 R DU CLOS,48.8208,1.93195,Plein jour,En agglomération,Hors intersection,Normale,Deux véhicules - côté,,,,,,,,,,,1,2,1,1.0,3.0
201000043955,0010-07-08 16:45:00,10,7,8,16,45,780,490,AV D'ARMORIQUE,48.7966,1.94623,Plein jour,Hors agglomération,Intersection en T,Normale,Deux véhicules - côté,,,,,,,,,,,1,1,3,1.0,3.0
201000043956,0010-07-08 10:15:00,10,7,8,10,15,780,674,RD 97,48.8418,2.00705,Plein jour,Hors agglomération,Hors intersection,Normale,Sans collision,,,,,,,,,,,1,1,1,1.0,7.0
201000043957,0010-07-19 17:40:00,10,7,19,17,40,780,165,ALL LANGLOIS/DES CHARMES,48.8188,1.98693,Plein jour,En agglomération,Intersection en X,Normale,Deux véhicules - côté,,,,,,,,,,,1,2,2,1.0,3.0
201000043958,0010-08-03 15:35:00,10,8,3,15,35,780,490,AV D'ARMORIQUE,48.7953,1.95459,Plein jour,Hors agglomération,Hors intersection,Normale,Autre collision,,,,,,,,,,,1,1,1,1.0,6.0
201000043959,0010-08-27 14:55:00,10,8,27,14,55,780,674,R FRANCINE/DES PIVOINES,48.8347,2.01061,Plein jour,En agglomération,Intersection en T,Normale,Deux véhicules - côté,,,,,,,,,,,1,2,3,1.0,3.0
201000043960,0010-09-05 18:45:00,10,9,5,18,45,780,490,"28, GARE (RUE DE LA)",,,Plein jour,En agglomération,Hors intersection,Normale,Trois véhicules et plus - collisions multiples,,,,,,,,,,,1,2,1,1.0,5.0
201000043961,0010-09-11 09:10:00,10,9,11,9,10,780,490,DIX NEUF MARS 62 ( AVENU,,,Plein jour,En agglomération,Hors intersection,Temps éblouissant,Autre collision,,,,,,,,,,,1,2,1,7.0,6.0
201000043962,0010-09-15 19:45:00,10,9,15,19,45,780,490,DE GAULLE (AVENUE DU GEN,,,Plein jour,En agglomération,Intersection en X,Normale,Deux véhicules - côté,,,,,,,,,,,1,2,2,1.0,3.0
201000043963,0010-09-22 18:00:00,10,9,22,18,0,780,490,CD 30,,,Plein jour,Hors agglomération,Hors intersection,Normale,Deux véhicules - arrière,,,,,,,,,,,1,1,1,1.0,2.0
201000043964,0010-10-03 09:20:00,10,10,3,9,20,780,674,"35, SAINT NOM LA BRETECH",,,Plein jour,Hors agglomération,Hors intersection,Normale,Sans collision,,,,,,,,,,,1,1,1,1.0,7.0
201000043965,0010-10-12 16:10:00,10,10,12,16,10,780,490,CURIE (RUE PIERRE),,,Plein jour,En agglomération,Intersection en T,Normale,Autre collision,,,,,,,,,,,1,2,3,1.0,6.0
201000043966,0010-10-19 05:15:00,10,10,19,5,15,780,490,DEUX PLATEAUX (ROUTE DES,,,Nuit avec éclairage allumé,En agglomération,Hors intersection,Normale,Sans collision,,,,,,,,,,,5,2,1,1.0,7.0
201000043967,0010-10-21 08:10:00,10,10,21,8,10,780,490,CALMETTE (RUE),,,Plein jour,En agglomération,Intersection en X,Pluie légère,Sans collision,,,,,,,,,,,1,2,2,2.0,7.0
201000043968,0010-10-24 16:30:00,10,10,24,16,30,780,165,"0, VIGNES (CHEMIN DES)",,,Plein jour,En agglomération,Hors intersection,Normale,Autre collision,,,,,,,,,,,1,2,1,1.0,6.0
201000043969,0010-11-07 17:40:00,10,11,7,17,40,780,165,VIGNES (CHEMIN DES),,,Nuit avec éclairage allumé,En agglomération,Hors intersection,Pluie légère,Sans collision,,,,,,,,,,,5,2,1,2.0,7.0
201000043970,0010-11-19 13:30:00,10,11,19,13,30,780,165,"50, BARBUSSE (AVENUE HEN",,,Plein jour,En agglomération,Intersection en T,Normale,Deux véhicules - côté,,,,,,,,,,,1,2,3,1.0,3.0
201000043971,0010-11-08 11:30:00,10,11,8,11,30,780,490,"833, REGNIER (RUE JULES)",,,Plein jour,En agglomération,Hors intersection,Pluie forte,Deux véhicules - frontale,,,,,,,,,,,1,2,1,3.0,1.0
201000043972,0010-11-21 17:30:00,10,11,21,17,30,780,165,BARBUSSE (AVENUE HENRY),,,Nuit avec éclairage allumé,En agglomération,Giratoire,Pluie légère,Autre collision,,,,,,,,,,,5,2,6,2.0,6.0
201000043973,0010-11-19 16:05:00,10,11,19,16,5,780,165,FALCONNIER (RUE JEAN),,,Plein jour,En agglomération,Giratoire,Normale,Deux véhicules - côté,,,,,,,,,,,1,2,6,1.0,3.0
201000043974,0010-12-16 08:03:00,10,12,16,8,3,780,674,GENERAL DE GAULLE (AVENU,,,Nuit avec éclairage allumé,En agglomération,Intersection en T,Pluie légère,Deux véhicules - côté,,,,,,,,,,,5,2,3,2.0,3.0
201000043975,0010-01-12 09:30:00,10,1,12,9,30,780,498,BD GAMBETTA,48.9302,2.04696,Plein jour,En agglomération,Hors intersection,Normale,Deux véhicules - arrière,,,,,,,,,,,1,2,1,1.0,2.0
201000043976,0010-01-19 11:30:00,10,1,19,11,30,780,123,AV DE L'HAUTIL,48.9489,2.0382,Plein jour,En agglomération,Intersection en T,Normale,Deux véhicules - arrière,,,,,,,,,,,1,2,3,1.0,2.0
201000043977,0010-01-29 05:05:00,10,1,29,5,5,780,498,18 BD ROBESPIERRE,48.9331,2.04559,Nuit avec éclairage allumé,En agglomération,Hors intersection,Normale,Deux véhicules - arrière,,,,,,,,,,,5,2,1,1.0,2.0
201000043978,0010-01-30 19:15:00,10,1,30,19,15,780,672,AV G CLEMENCEAU,48.9349,1.99956,Nuit avec éclairage allumé,En agglomération,Intersection en X,Normale,Deux véhicules - côté,,,,,,,,,,,5,2,2,1.0,3.0
201000043979,0010-01-01 18:45:00,10,1,1,18,45,780,643,BD DE L'EUROPE,48.9758,1.98521,Nuit avec éclairage allumé,En agglomération,Hors intersection,Normale,Autre collision,,,,,,,,,,,5,2,1,1.0,6.0
201000043980,0010-02-03 18:20:00,10,2,3,18,20,780,498,R GUSTAVE EIFFEL,48.9473,2.06368,Nuit avec éclairage allumé,En agglomération,Intersection en T,Normale,Autre collision,,,,,,,,,,,5,2,3,1.0,6.0
201000043981,0010-02-07 22:55:00,10,2,7,22,55,780,498,RUE SAINT SEBASTIEN,48.9371,2.05491,Nuit avec éclairage allumé,En agglomération,Intersection en X,Pluie légère,Deux véhicules - côté,,,,,,,,,,,5,2,2,2.0,3.0
201000043982,0010-01-04 16:50:00,10,1,4,16,50,780,642,RD 59/RD 154,48.9919,1.94215,Crépuscule ou aube,En agglomération,Intersection en T,Normale,Deux véhicules - côté,,,,,,,,,,,2,2,3,1.0,3.0
201000043983,0010-03-09 08:45:00,10,3,9,8,45,780,498,RUE DE LA GARE,48.9312,2.03894,Plein jour,En agglomération,Intersection en X,Normale,Deux véhicules - arrière,,,,,,,,,,,1,2,2,1.0,2.0
201000043984,0010-03-26 15:25:00,10,3,26,15,25,780,498,BD ROBESPIERRE,48.934,2.05314,Plein jour,En agglomération,Intersection en T,Normale,Autre collision,,,,,,,,,,,1,2,3,1.0,6.0
201000043985,0010-03-29 08:30:00,10,3,29,8,30,780,642,"9 BIS, RUE DES VIGNES",48.9786,1.97129,Plein jour,En agglomération,Hors intersection,Pluie légère,Deux véhicules - arrière,,,,,,,,,,,1,2,1,2.0,2.0
201000043986,0010-04-05 18:15:00,10,4,5,18,15,780,498,PLACE VERTE,48.9331,2.04395,Plein jour,En agglomération,Giratoire,Normale,Deux véhicules - côté,,,,,,,,,,,1,2,6,1.0,3.0
201000043987,0010-04-05 12:10:00,10,4,5,12,10,780,624,AVENUE DE POISSY,48.9537,2.02129,Plein jour,Hors agglomération,Hors intersection,Normale,Sans collision,,,,,,,,,,,1,1,1,1.0,7.0
201000043988,0010-04-09 15:30:00,10,4,9,15,30,780,498,AV BLANCHE DE CASTILLE,48.9257,2.03579,Plein jour,En agglomération,Intersection en X,Normale,Trois véhicules et plus - en chaîne,,,,,,,,,,,1,2,2,1.0,4.0
201000043989,0010-04-15 13:30:00,10,4,15,13,30,780,643,AV DE TRIEL,48.978,1.99615,Plein jour,En agglomération,Intersection en T,Normale,Deux véhicules - arrière,,,,,,,,,,,1,2,3,1.0,2.0
201000043990,0010-04-16 16:00:00,10,4,16,16,0,780,498,RD 190,48.9346,2.04169,Plein jour,En agglomération,Hors intersection,Normale,Autre collision,,,,,,,,,,,1,2,1,1.0,6.0
201000043991,0010-04-18 16:30:00,10,4,18,16,30,780,384,58 R DE VERNOUILLET,48.9628,1.99384,Plein jour,En agglomération,Hors intersection,Normale,Sans collision,,,,,,,,,,,1,2,1,1.0,7.0
201000043992,0010-04-27 20:30:00,10,4,27,20,30,780,498,RTE DE QUARANTE SOUS,48.9291,1.97929,Crépuscule ou aube,Hors agglomération,Hors intersection,Normale,Autre collision,,,,,,,,,,,2,1,1,1.0,6.0
201000043993,0010-04-12 21:30:00,10,4,12,21,30,780,624,R EUGENE SENET,48.9784,2.00111,Nuit avec éclairage allumé,En agglomération,Hors intersection,Normale,Sans collision,,,,,,,,,,,5,2,1,1.0,7.0
201000043994,0010-05-09 19:55:00,10,5,9,19,55,780,498,RUE SAINT LOUIS,48.9307,2.03867,Plein jour,En agglomération,Intersection en T,Normale,Deux véhicules - côté,,,,,,,,,,,1,2,3,1.0,3.0
201000043995,0010-05-10 10:10:00,10,5,10,10,10,780,498,BD DEVAUX,48.93,2.04399,Plein jour,En agglomération,Intersection en X,Normale,Autre collision,,,,,,,,,,,1,2,2,1.0,6.0
201000043996,0010-05-17 08:05:00,10,5,17,8,5,780,498,AV FOCH,48.9307,2.05213,Plein jour,En agglomération,Intersection en X,Normale,Autre collision,,,,,,,,,,,1,2,2,1.0,6.0
201000043997,0010-05-18 06:30:00,10,5,18,6,30,780,498,1 RUE DU STADE,48.9351,2.05818,Plein jour,En agglomération,Hors intersection,Normale,Autre collision,,,,,,,,,,,1,2,1,1.0,6.0
201000043998,0010-05-17 17:00:00,10,5,17,17,0,780,498,BD ROBESPIERRE,48.9351,2.05894,Plein jour,En agglomération,Intersection en X,Normale,Deux véhicules - côté,,,,,,,,,,,1,2,2,1.0,3.0
201000043999,0010-05-25 15:15:00,10,5,25,15,15,780,498,1 R DE MIGNEAUX,48.922,2.01727,Plein jour,En agglomération,Hors intersection,Normale,Deux véhicules - côté,,,,,,,,,,,1,2,1,1.0,3.0
201000044000,0010-06-04 19:45:00,10,6,4,19,45,780,642,BD MALRAUX/ABBE MASURE,48.9808,1.97308,Plein jour,En agglomération,Intersection en T,Normale,Trois véhicules et plus - en chaîne,,,,,,,,,,,1,2,3,1.0,4.0