accident_id,datetime,annee,mois,jour,heure,minute,departement,commune_insee,adresse,latitude,longitude,luminosite,agglomeration,intersection,meteo,collision,nb_vehicules,nb_usagers,nb_indemnes,nb_tues,nb_blesses_hosp,nb_blesses_legers,age_cond_1,age_cond_2,veh_type_cond_1,veh_type_cond_2,lum_code,agg_code,int_code,atm_code,col_code
201000044125,0010-11-10 18:15:00,10,11,10,18,15,780,220,RD 191,,,Crépuscule ou aube,Hors agglomération,Hors intersection,Pluie légère,Sans collision,,,,,,,,,,,2,1,1,2.0,7.0
201000044126,0010-11-25 09:10:00,10,11,25,9,10,780,220,RN 10,,,Plein jour,Hors agglomération,Hors intersection,Pluie légère,Sans collision,,,,,,,,,,,1,1,1,2.0,7.0
201000044127,0010-12-13 10:50:00,10,12,13,10,50,780,269,D 906,,,Plein jour,Hors agglomération,Intersection en T,Temps éblouissant,Deux véhicules - côté,,,,,,,,,,,1,1,3,7.0,3.0
201000044128,0010-01-27 21:05:00,10,1,27,21,5,780,73,RN 12,48.7986,2.00294,Nuit sans éclairage public,Hors agglomération,Intersection en Y,Temps couvert,Deux véhicules - arrière,,,,,,,,,,,3,1,4,8.0,2.0
201000044129,0010-02-09 08:35:00,10,2,9,8,35,780,242,"17, RUE SCHWEITZER",48.8114,2.05098,Crépuscule ou aube,En agglomération,Hors intersection,Pluie légère,Autre collision,,,,,,,,,,,2,2,1,2.0,6.0
201000044130,0010-02-07 11:50:00,10,2,7,11,50,780,242,RUE CESAR FRANCK,48.81,2.05091,Plein jour,En agglomération,Hors intersection,Pluie légère,Autre collision,,,,,,,,,,,1,2,1,2.0,6.0
201000044131,0010-02-01 08:00:00,10,2,1,8,0,780,242,2 SQUARE ARAGO,48.8147,2.05304,Nuit avec éclairage allumé,En agglomération,Hors intersection,Neige / grêle,Autre collision,,,,,,,,,,,5,2,1,4.0,6.0
201000044132,0010-03-04 17:30:00,10,3,4,17,30,780,242,R DESCARTES/SCHWEITZER,48.8108,2.05264,Plein jour,En agglomération,Intersection en X,Normale,Autre collision,,,,,,,,,,,1,2,2,1.0,6.0
201000044133,0010-04-21 09:05:00,10,4,21,9,5,780,73,R BAUDIN/BARBUSSE,48.7973,2.0324,Plein jour,En agglomération,Intersection en Y,Normale,Deux véhicules - arrière,,,,,,,,,,,1,2,4,1.0,2.0
201000044134,0010-06-08 19:45:00,10,6,8,19,45,780,545,R G PERI/J MACE,48.8053,2.0558,Plein jour,En agglomération,Intersection en T,Temps couvert,Deux véhicules - arrière,,,,,,,,,,,1,2,3,8.0,2.0
201000044135,0010-05-24 20:35:00,10,5,24,20,35,780,545,R LENINE/AV G PERI,48.8021,2.06135,Plein jour,En agglomération,Passage à niveau,Normale,Autre collision,,,,,,,,,,,1,2,8,1.0,6.0
201000044136,0010-05-28 15:55:00,10,5,28,15,55,780,545,AV P CURIE/PONT DREUX,48.7972,2.05777,Plein jour,En agglomération,Intersection en T,Normale,Trois véhicules et plus - en chaîne,,,,,,,,,,,1,2,3,1.0,4.0
201000044137,0010-06-28 11:15:00,10,6,28,11,15,780,545,AV J JAURES,48.8,2.06656,Plein jour,En agglomération,Hors intersection,Normale,Deux véhicules - arrière,,,,,,,,,,,1,2,1,1.0,2.0
201000044138,0010-05-26 16:35:00,10,5,26,16,35,780,73,AV FALAIZE/TURPAULT,48.8057,2.03562,Plein jour,En agglomération,Intersection en T,Pluie légère,Autre collision,,,,,,,,,,,1,2,3,2.0,6.0
201000044139,0010-05-24 16:45:00,10,5,24,16,45,780,545,R V SARDOU/A FRANCE,48.8031,2.06332,Plein jour,En agglomération,Intersection en T,Normale,Deux véhicules - côté,,,,,,,,,,,1,2,3,1.0,3.0
201000044140,0010-08-18 08:40:00,10,8,18,8,40,780,242,R MARRONNIERS/SABLES,48.8168,2.04135,Plein jour,En agglomération,Intersection en X,Temps couvert,Deux véhicules - côté,,,,,,,,,,,1,2,2,8.0,3.0
201000044141,0010-10-07 07:35:00,10,10,7,7,35,780,545,FABIEN (AVENUE COLONEL),,,Crépuscule ou aube,En agglomération,Hors intersection,Temps couvert,Deux véhicules - frontale,,,,,,,,,,,2,2,1,8.0,1.0
201000044142,0010-10-12 10:20:00,10,10,12,10,20,780,545,"face 27, JAURES (AVENUE",,,Plein jour,En agglomération,Intersection en T,Normale,Deux véhicules - côté,,,,,,,,,,,1,2,3,1.0,3.0
201000044143,0010-11-20 16:30:00,10,11,20,16,30,780,545,MANSART (RUE),,,Plein jour,En agglomération,Hors intersection,Temps couvert,Deux véhicules - côté,,,,,,,,,,,1,2,1,8.0,3.0
201000044144,0010-11-26 11:10:00,10,11,26,11,10,780,73,bretelle autoroute,,,Plein jour,Hors agglomération,Hors intersection,Normale,Autre collision,,,,,,,,,,,1,1,1,1.0,6.0
201000044145,0010-11-27 11:15:00,10,11,27,11,15,780,545,"10, CURIE (AVENUE PIERRE",,,Plein jour,En agglomération,Hors intersection,Normale,Autre collision,,,,,,,,,,,1,2,1,1.0,6.0
201000044146,0010-12-01 10:00:00,10,12,1,10,0,780,242,POINCARE (RUE),,,Plein jour,En agglomération,Hors intersection,Neige / grêle,Sans collision,,,,,,,,,,,1,2,1,4.0,7.0
201000044147,0010-12-12 01:20:00,10,12,12,1,20,780,551,RN 184,,,Nuit sans éclairage public,Hors agglomération,Intersection en X,Normale,Deux véhicules - côté,,,,,,,,,,,3,1,2,1.0,3.0
201000044148,0010-01-11 16:20:00,10,1,11,16,20,780,551,R THIERS,48.8972,2.09585,Plein jour,En agglomération,Hors intersection,Normale,Autre collision,,,,,,,,,,,1,2,1,1.0,6.0
201000044149,0010-01-20 13:00:00,10,1,20,13,0,780,551,R DE LA SURINTENDANCE,48.8972,2.09581,Plein jour,En agglomération,Hors intersection,Pluie légère,Autre collision,,,,,,,,,,,1,2,1,2.0,6.0
201000044150,0010-01-20 21:00:00,10,1,20,21,0,780,481,AV DE GAULLE,48.8893,2.10378,Nuit avec éclairage allumé,En agglomération,Intersection à plus de 4 branches,Normale,Deux véhicules - côté,,,,,,,,,,,5,2,5,1.0,3.0
201000044151,0010-02-21 18:30:00,10,2,21,18,30,780,551,RN 184,48.9029,2.07395,Crépuscule ou aube,Hors agglomération,Hors intersection,Normale,Autre collision,,,,,,,,,,,2,1,1,1.0,6.0
201000044152,0010-03-05 11:45:00,10,3,5,11,45,780,367,"18, RUE DU BELVEDERE",48.8818,2.07566,Plein jour,En agglomération,Intersection en T,Normale,Deux véhicules - côté,,,,,,,,,,,1,2,3,1.0,3.0
201000044153,0010-03-16 08:15:00,10,3,16,8,15,780,551,"9, RUE AMPERE",48.8999,2.07944,Plein jour,En agglomération,Hors intersection,Normale,Autre collision,,,,,,,,,,,1,2,1,1.0,6.0
201000044154,0010-04-02 13:30:00,10,4,2,13,30,780,481,AVENUE GENERAL LECLERC,48.8895,2.09905,Plein jour,En agglomération,Intersection en X,Pluie légère,Autre collision,,,,,,,,,,,1,2,2,2.0,6.0
201000044155,0010-04-08 11:55:00,10,4,8,11,55,780,551,PLACE DE LA VICTOIRE,48.8984,2.08921,Plein jour,En agglomération,Place,Normale,Autre collision,,,,,,,,,,,1,2,7,1.0,6.0
201000044156,0010-04-14 11:20:00,10,4,14,11,20,780,133,RTE DE MANTES,48.9097,2.03406,Plein jour,En agglomération,Hors intersection,Normale,Autre collision,,,,,,,,,,,1,2,1,1.0,6.0
201000044157,0010-04-26 17:00:00,10,4,26,17,0,780,481,AV LATTRE DE TASSIGNY,48.8979,2.10671,Plein jour,En agglomération,Hors intersection,Normale,Autre collision,,,,,,,,,,,1,2,1,1.0,6.0
201000044158,0010-05-05 08:00:00,10,5,5,8,0,780,551,RN 184,48.9124,2.07424,Plein jour,Hors agglomération,Intersection en T,Normale,Deux véhicules - côté,,,,,,,,,,,1,1,3,1.0,3.0
201000044159,0010-04-12 11:20:00,10,4,12,11,20,780,551,9 RUE ARMAGIS,48.8979,2.08603,Plein jour,En agglomération,Hors intersection,Normale,Autre collision,,,,,,,,,,,1,2,1,1.0,6.0
201000044160,0010-06-04 10:10:00,10,6,4,10,10,780,551,RN 13,48.9009,2.06354,Plein jour,En agglomération,Autre intersection,Normale,Deux véhicules - côté,,,,,,,,,,,1,2,9,1.0,3.0
201000044161,0010-06-22 11:13:00,10,6,22,11,13,780,551,R LEON DESOYER/D'ALGER,48.8997,2.08476,Plein jour,En agglomération,Intersection en T,Normale,Autre collision,,,,,,,,,,,1,2,3,1.0,6.0
201000044162,0010-06-30 20:30:00,10,6,30,20,30,780,481,QU BERTEAUX/R DESCOMBES,48.8969,2.10687,Plein jour,En agglomération,Intersection en T,Normale,Deux véhicules - côté,,,,,,,,,,,1,2,3,1.0,3.0
201000044163,0010-06-29 11:25:00,10,6,29,11,25,780,551,PLACE ET R DE MAREIL,48.8949,2.09014,Plein jour,En agglomération,Place,Normale,Autre collision,,,,,,,,,,,1,2,7,1.0,6.0
201000044164,0010-07-22 22:10:00,10,7,22,22,10,780,551,AV LATTRE DE TASSIGNY,48.8945,2.10047,Nuit avec éclairage allumé,En agglomération,Hors intersection,Normale,Deux véhicules - frontale,,,,,,,,,,,5,2,1,1.0,1.0
201000044165,0010-08-03 08:50:00,10,8,3,8,50,780,551,RN 13,48.8914,2.08331,Plein jour,Hors agglomération,Hors intersection,Normale,Autre collision,,,,,,,,,,,1,1,1,1.0,6.0
201000044166,0010-06-11 07:25:00,10,6,11,7,25,780,551,RN 184,48.9311,2.09321,Plein jour,En agglomération,Hors intersection,Temps couvert,Deux véhicules - côté,,,,,,,,,,,1,2,1,8.0,3.0
201000044167,0010-08-22 03:35:00,10,8,22,3,35,780,551,V.O.10,48.9332,2.07931,Nuit sans éclairage public,Hors agglomération,Hors intersection,Normale,Sans collision,,,,,,,,,,,3,1,1,1.0,7.0
201000044168,0010-08-23 12:15:00,10,8,23,12,15,780,551,16 R DE PONTOISE,48.8994,2.09345,Plein jour,En agglomération,Intersection en T,Normale,Autre collision,,,,,,,,,,,1,2,3,1.0,6.0
201000044169,0010-08-30 20:15:00,10,8,30,20,15,780,551,RD 308,48.9394,2.07602,Plein jour,Hors agglomération,Intersection en X,Normale,Deux véhicules - côté,,,,,,,,,,,1,1,2,1.0,3.0
201000044170,0010-08-30 23:30:00,10,8,30,23,30,780,551,RN 184,48.9551,2.09189,Nuit avec éclairage allumé,Hors agglomération,Hors intersection,Normale,Deux véhicules - côté,,,,,,,,,,,5,1,1,1.0,3.0
201000044171,0010-09-04 13:30:00,10,9,4,13,30,780,481,"1, MARECHAL DE LATTRE DE",,,Plein jour,En agglomération,Hors intersection,Normale,Deux véhicules - arrière,,,,,,,,,,,1,2,1,1.0,2.0
201000044172,0010-09-02 13:20:00,10,9,2,13,20,780,481,"10, CHARLES DE GAULLE (A",,,Plein jour,En agglomération,Hors intersection,Normale,Autre collision,,,,,,,,,,,1,2,1,1.0,6.0
201000044173,0010-09-21 11:30:00,10,9,21,11,30,780,551,RN 190,,,Plein jour,Hors agglomération,Hors intersection,Normale,Autre collision,,,,,,,,,,,1,1,1,1.0,6.0
201000044174,0010-10-06 07:30:00,10,10,6,7,30,780,133,"1, CD 113 (Route Départe",,,Nuit avec éclairage non allumé,Hors agglomération,Hors intersection,Normale,Trois véhicules et plus - en chaîne,,,,,,,,,,,4,1,1,1.0,4.0
201000044175,0010-10-10 13:00:00,10,10,10,13,0,780,551,"ignoré, POLOGNE (DE)",,,Plein jour,En agglomération,Hors intersection,Normale,Deux véhicules - côté,,,,,,,,,,,1,2,1,1.0,3.0
201000044176,0010-10-13 00:20:00,10,10,13,0,20,780,551,"ignoré, PARIS (DE)",,,Nuit avec éclairage allumé,En agglomération,Hors intersection,Normale,Autre collision,,,,,,,,,,,5,2,1,1.0,6.0
201000044177,0010-10-21 09:55:00,10,10,21,9,55,780,551,"106, FOCH (AVENUE DU MAR",,,Plein jour,En agglomération,Hors intersection,Normale,Autre collision,,,,,,,,,,,1,2,1,1.0,6.0
201000044178,0010-11-23 15:40:00,10,11,23,15,40,780,551,RN 184,,,Plein jour,Hors agglomération,Hors intersection,Normale,Autre collision,,,,,,,,,,,1,1,1,1.0,6.0
201000044179,0010-11-23 19:50:00,10,11,23,19,50,780,481,"48, GENERAL LECLERC (AVE",,,Nuit avec éclairage allumé,En agglomération,Hors intersection,Normale,Deux véhicules - côté,,,,,,,,,,,5,2,1,1.0,3.0
201000044180,0010-11-29 09:00:00,10,11,29,9,0,780,481,"ignoré, CARRIERES (ROUTE",,,Plein jour,En agglomération,Hors intersection,Normale,Autre collision,,,,,,,,,,,1,2,1,1.0,6.0
201000044181,0010-12-11 17:40:00,10,12,11,17,40,780,551,RN 190,,,Nuit avec éclairage non allumé,Hors agglomération,Hors intersection,Normale,Autre collision,,,,,,,,,,,4,1,1,1.0,6.0
201000044182,0010-01-29 10:30:00,10,1,29,10,30,780,586,R SAMBRE ET MEUSE,48.9347,2.1771,Plein jour,En agglomération,Intersection en T,Pluie légère,Deux véhicules - arrière,,,,,,,,,,,1,2,3,2.0,2.0
201000044183,0010-01-19 19:55:00,10,1,19,19,55,780,586,AV DE GAULLE/MAETERLINCK,48.9435,2.18751,Nuit avec éclairage allumé,En agglomération,Intersection en X,Normale,Deux véhicules - côté,,,,,,,,,,,5,2,2,1.0,3.0
201000044184,0010-01-28 18:35:00,10,1,28,18,35,780,586,BD HENRI BARBUSSE,48.9364,2.20008,Nuit avec éclairage allumé,En agglomération,Hors intersection,Pluie légère,Autre collision,,,,,,,,,,,5,2,1,2.0,6.0
201000044185,0010-02-07 14:40:00,10,2,7,14,40,780,586,AVENUE JEAN JAURES,48.9378,2.15661,Plein jour,En agglomération,Intersection en X,Normale,Deux véhicules - côté,,,,,,,,,,,1,2,2,1.0,3.0
201000044186,0010-02-15 08:55:00,10,2,15,8,55,780,586,"70, AVENUE CLEMENCEAU",48.9425,2.19425,Plein jour,En agglomération,Hors intersection,Normale,Autre collision,,,,,,,,,,,1,2,1,1.0,6.0
201000044187,0010-02-27 07:45:00,10,2,27,7,45,780,586,RUE GUY  DE MAUPASSANT,48.9468,2.17251,Plein jour,En agglomération,Intersection en X,Normale,Deux véhicules - côté,,,,,,,,,,,1,2,2,1.0,3.0
201000044188,0010-03-09 08:20:00,10,3,9,8,20,780,586,RUE RICHEBOURGS,48.9326,2.16926,Plein jour,En agglomération,Hors intersection,Normale,Deux véhicules - côté,,,,,,,,,,,1,2,1,1.0,3.0
201000044189,0010-03-13 13:40:00,10,3,13,13,40,780,586,AV GENERAL DE GAULLE,48.9435,2.18751,Plein jour,En agglomération,Intersection en T,Temps couvert,Deux véhicules - côté,,,,,,,,,,,1,2,3,8.0,3.0
201000044190,0010-03-05 16:15:00,10,3,5,16,15,780,586,RUE ANDRE MALRAUX,48.9431,2.20328,Plein jour,En agglomération,Intersection en Y,Normale,Autre collision,,,,,,,,,,,1,2,4,1.0,6.0
201000044191,0010-03-25 17:15:00,10,3,25,17,15,780,586,AVENUE MAURICE BERTEAUX,48.9428,2.16201,Plein jour,En agglomération,Intersection en T,Vent fort / tempête,Deux véhicules - côté,,,,,,,,,,,1,2,3,6.0,3.0
201000044192,0010-03-27 17:45:00,10,3,27,17,45,780,586,"04, RUE FERNAND LEGER",48.9449,2.18819,Crépuscule ou aube,En agglomération,Hors intersection,Normale,Deux véhicules - frontale,,,,,,,,,,,2,2,1,1.0,1.0
201000044193,0010-04-14 07:15:00,10,4,14,7,15,780,586,R DU BERRY,48.9462,2.20205,Plein jour,En agglomération,Intersection en T,Normale,Autre collision,,,,,,,,,,,1,2,3,1.0,6.0
201000044194,0010-04-17 11:30:00,10,4,17,11,30,780,586,8 AV REPUBLIQUE,48.9374,2.15616,Plein jour,En agglomération,Hors intersection,Normale,Autre collision,,,,,,,,,,,1,2,1,1.0,6.0
201000044195,0010-05-04 16:45:00,10,5,4,16,45,780,586,R PAUL BERT,48.9456,2.19896,Plein jour,En agglomération,Hors intersection,Normale,Autre collision,,,,,,,,,,,1,2,1,1.0,6.0
201000044196,0010-05-15 02:15:00,10,5,15,2,15,780,586,AVENUE BERTEAUX,48.9422,2.16296,Nuit avec éclairage allumé,En agglomération,Giratoire,Normale,Autre collision,,,,,,,,,,,5,2,6,1.0,6.0
201000044197,0010-06-10 00:10:00,10,6,10,0,10,780,586,198 R BERTEAUX,48.9367,2.17357,Nuit avec éclairage allumé,En agglomération,Hors intersection,Normale,Autre collision,,,,,,,,,,,5,2,1,1.0,6.0
201000044198,0010-06-03 19:45:00,10,6,3,19,45,780,586,AV TOBROUK/PARMENTIER,48.9304,2.16334,Plein jour,En agglomération,Intersection en T,Normale,Deux véhicules - côté,,,,,,,,,,,1,2,3,1.0,3.0
201000044199,0010-06-05 01:25:00,10,6,5,1,25,780,586,R FRANKLIN/VERDUN,48.9308,2.15571,Nuit avec éclairage allumé,En agglomération,Intersection en T,Normale,Deux véhicules - côté,,,,,,,,,,,5,2,3,1.0,3.0
201000044200,0010-06-16 06:35:00,10,6,16,6,35,780,586,AV CLEMENCEAU/ST EXUPERY,48.9425,2.19411,Plein jour,En agglomération,Giratoire,Normale,Deux véhicules - côté,,,,,,,,,,,1,2,6,1.0,3.0
201000044201,0010-06-30 18:00:00,10,6,30,18,0,780,586,AV MAURICE BERTEAUX,48.9444,2.1591,Plein jour,En agglomération,Hors intersection,Normale,Trois véhicules et plus - collisions multiples,,,,,,,,,,,1,2,1,1.0,5.0
201000044202,0010-07-04 00:15:00,10,7,4,0,15,780,586,R DE LA CROIX LION,48.9374,2.18616,Nuit avec éclairage allumé,En agglomération,Intersection en T,Normale,Deux véhicules - côté,,,,,,,,,,,5,2,3,1.0,3.0
201000044203,0010-07-01 15:40:00,10,7,1,15,40,780,586,88 AV REPUBLIQUE,48.9354,2.15354,Plein jour,En agglomération,Intersection en T,Normale,Autre collision,,,,,,,,,,,1,2,3,1.0,6.0
201000044204,0010-07-13 18:25:00,10,7,13,18,25,780,586,54 R GALILEE,48.9342,2.17072,Plein jour,En agglomération,Hors intersection,Normale,Autre collision,,,,,,,,,,,1,2,1,1.0,6.0
201000044205,0010-07-21 11:30:00,10,7,21,11,30,780,586,"face 52, SCHUMAN (ROBERT",,,Plein jour,En agglomération,Hors intersection,Normale,Deux véhicules - arrière,,,,,,,,,,,1,2,1,1.0,2.0
201000044206,0010-08-16 12:15:00,10,8,16,12,15,780,586,R J MERMOZ/MASSENET,48.9428,2.17025,Plein jour,En agglomération,Intersection en X,Pluie légère,Deux véhicules - côté,,,,,,,,,,,1,2,2,2.0,3.0
201000044207,0010-09-09 07:55:00,10,9,9,7,55,780,586,"6, PIERSON (HENRI)",,,Plein jour,En agglomération,Hors intersection,Normale,Deux véhicules - frontale,,,,,,,,,,,1,2,1,1.0,1.0
201000044208,0010-09-19 14:12:00,10,9,19,14,12,780,586,"125, BARBUSSE (HENRI)",,,Plein jour,En agglomération,Intersection en T,Normale,Deux véhicules - frontale,,,,,,,,,,,1,2,3,1.0,1.0
201000044209,0010-09-21 18:20:00,10,9,21,18,20,780,586,"29, SAINT-EXUPERY N°1 A",,,Plein jour,En agglomération,Hors intersection,Normale,Autre collision,,,,,,,,,,,1,2,1,1.0,6.0
201000044210,0010-09-29 13:25:00,10,9,29,13,25,780,586,"Néant, BOIS ROCHEFORT",,,Plein jour,En agglomération,Intersection en T,Normale,Deux véhicules - côté,,,,,,,,,,,1,2,3,1.0,3.0
201000044211,0010-09-27 14:30:00,10,9,27,14,30,780,586,"16, CLEMENCEAU (G.) N°1",,,Plein jour,En agglomération,Intersection en T,Normale,Deux véhicules - frontale,,,,,,,,,,,1,2,3,1.0,1.0
201000044212,0010-10-07 17:50:00,10,10,7,17,50,780,586,"9 bis, DE GAULLE (GENERA",,,Plein jour,En agglomération,Intersection en X,Normale,Deux véhicules - arrière,,,,,,,,,,,1,2,2,1.0,2.0
201000044213,0010-10-08 22:30:00,10,10,8,22,30,780,586,"Néant, NATIONALE (PLACE)",,,Nuit avec éclairage allumé,En agglomération,Hors intersection,Normale,Autre collision,,,,,,,,,,,5,2,1,1.0,6.0
201000044214,0010-10-31 02:40:00,10,10,31,2,40,780,586,"85, BOURQUARD (JEAN PIER",,,Nuit avec éclairage allumé,En agglomération,Intersection en T,Normale,Trois véhicules et plus - collisions multiples,,,,,,,,,,,5,2,3,1.0,5.0
201000044215,0010-11-03 19:35:00,10,11,3,19,35,780,586,"2 ter, PERI (GABRIEL)",,,Nuit avec éclairage non allumé,En agglomération,Hors intersection,Normale,Autre collision,,,,,,,,,,,4,2,1,1.0,6.0
201000044216,0010-11-05 14:50:00,10,11,5,14,50,780,586,"face 24, JAURES (AVENUE",,,Plein jour,En agglomération,Hors intersection,Normale,Autre collision,,,,,,,,,,,1,2,1,1.0,6.0
201000044217,0010-11-15 13:45:00,10,11,15,13,45,780,586,"170, BERTEAUX (MAURICE)",,,Plein jour,En agglomération,Intersection en X,Normale,Deux véhicules - côté,,,,,,,,,,,1,2,2,1.0,3.0
201000044218,0010-11-15 17:20:00,10,11,15,17,20,780,586,"Ignoré, BERTHELOT",,,Nuit avec éclairage allumé,Hors agglomération,Intersection en T,Normale,Autre collision,,,,,,,,,,,5,1,3,1.0,6.0
201000044219,0010-11-13 17:15:00,10,11,13,17,15,780,586,"neant, MERMOZ (JEAN)",,,Nuit avec éclairage allumé,En agglomération,Intersection en X,Pluie forte,Deux véhicules - côté,,,,,,,,,,,5,2,2,3.0,3.0
201000044220,0010-11-19 16:40:00,10,11,19,16,40,780,586,"Néant, SCHUMAN (ROBERT)",,,Plein jour,En agglomération,Intersection en T,Normale,Deux véhicules - côté,,,,,,,,,,,1,2,3,1.0,3.0
201000044221,0010-11-16 12:35:00,10,11,16,12,35,780,586,SAINT-EXUPERY N°52 A FIN,,,Plein jour,En agglomération,Giratoire,Normale,Deux véhicules - arrière,,,,,,,,,,,1,2,6,1.0,2.0
201000044222,0010-11-30 17:25:00,10,11,30,17,25,780,586,"126, PONTOISE",,,Nuit avec éclairage allumé,En agglomération,Hors intersection,Normale,Autre collision,,,,,,,,,,,5,2,1,1.0,6.0
201000044223,0010-12-03 20:15:00,10,12,3,20,15,780,586,"FACE 133, REPUBLIQUE (AV",,,Nuit avec éclairage allumé,En agglomération,Hors intersection,Normale,Autre collision,,,,,,,,,,,5,2,1,1.0,6.0
201000044224,0010-01-04 08:10:00,10,1,4,8,10,780,621,RN 10,48.781,2.02094,Crépuscule ou aube,Hors agglomération,Hors intersection,Normale,Deux véhicules - côté,,,,,,,,,,,2,1,1,1.0,3.0
201000044225,0010-01-22 19:10:00,10,1,22,19,10,780,621,RN 10,48.7756,1.99716,Nuit avec éclairage allumé,En agglomération,Hors intersection,Pluie légère,Trois véhicules et plus - en chaîne,,,,,,,,,,,5,2,1,2.0,4.0
201000044226,0010-02-06 01:40:00,10,2,6,1,40,780,621,NATIONALE 10   (ROUTE),48.7732,1.99284,Nuit avec éclairage allumé,En agglomération,Intersection en X,Pluie légère,Autre collision,,,,,,,,,,,5,2,2,2.0,6.0
201000044227,0010-02-07 07:00:00,10,2,7,7,0,780,621,RN 10,48.7774,2.00085,Nuit avec éclairage allumé,En agglomération,Hors intersection,Normale,Deux véhicules - côté,,,,,,,,,,,5,2,1,1.0,3.0
201000044228,0010-02-03 08:40:00,10,2,3,8,40,780,621,RN 10,48.7791,2.008,Plein jour,En agglomération,Hors intersection,Pluie légère,Trois véhicules et plus - en chaîne,,,,,,,,,,,1,2,1,2.0,4.0
201000044229,0010-02-10 10:30:00,10,2,10,10,30,780,621,AV VAILLANT COUTURIER,48.7774,2.00516,Plein jour,En agglomération,Intersection en T,Neige / grêle,Autre collision,,,,,,,,,,,1,2,3,4.0,6.0
201000044230,0010-05-15 17:10:00,10,5,15,17,10,780,621,AV POLITZER/FERMI,48.7634,1.97835,Plein jour,En agglomération,Intersection en X,Normale,Deux véhicules - côté,,,,,,,,,,,1,2,2,1.0,3.0
201000044231,0010-05-27 17:35:00,10,5,27,17,35,780,621,RN 10,48.7811,2.0205,Plein jour,Hors agglomération,Hors intersection,Pluie forte,Trois véhicules et plus - en chaîne,,,,,,,,,,,1,1,1,3.0,4.0
201000044232,0010-07-06 08:05:00,10,7,6,8,5,780,621,RN 10,48.7687,1.9813,Plein jour,Hors agglomération,Hors intersection,Normale,Deux véhicules - côté,,,,,,,,,,,1,1,1,1.0,3.0
201000044233,0010-07-22 15:00:00,10,7,22,15,0,780,621,51 AV POLITZER,48.7643,1.98081,Plein jour,En agglomération,Hors intersection,Normale,Deux véhicules - arrière,,,,,,,,,,,1,2,1,1.0,2.0
201000044234,0010-08-10 20:45:00,10,8,10,20,45,780,621,RN 10,48.7716,1.98874,Crépuscule ou aube,Hors agglomération,Hors intersection,Pluie légère,Autre collision,,,,,,,,,,,2,1,1,2.0,6.0
201000044235,0010-08-14 07:40:00,10,8,14,7,40,780,621,NATIONALE 10   (ROUTE),,,Plein jour,En agglomération,Hors intersection,Pluie légère,Trois véhicules et plus - en chaîne,,,,,,,,,,,1,2,1,2.0,4.0
201000044236,0010-08-26 11:55:00,10,8,26,11,55,780,621,R DE LA REPUBLIQUE,48.777,2.00007,Plein jour,En agglomération,Hors intersection,Normale,Autre collision,,,,,,,,,,,1,2,1,1.0,6.0
201000044237,0010-09-26 08:05:00,10,9,26,8,5,780,621,NATIONALE 10   (ROUTE),,,Crépuscule ou aube,En agglomération,Hors intersection,Pluie légère,Trois véhicules et plus - en chaîne,,,,,,,,,,,2,2,1,2.0,4.0
201000044238,0010-10-13 19:10:00,10,10,13,19,10,780,621,NATIONALE 10   (ROUTE),,,Nuit avec éclairage allumé,Hors agglomération,Hors intersection,Normale,Deux véhicules - arrière,,,,,,,,,,,5,1,1,1.0,2.0
201000044239,0010-10-06 12:35:00,10,10,6,12,35,780,621,DEPARTEMENTALE 912 (ROUT,,,Plein jour,En agglomération,Intersection en T,Normale,Autre collision,,,,,,,,,,,1,2,3,1.0,6.0
201000044240,0010-11-04 11:40:00,10,11,4,11,40,780,621,"33, PASTEUR MARTIN LUTHE",,,Plein jour,En agglomération,Hors intersection,Normale,Autre collision,,,,,,,,,,,1,2,1,1.0,6.0
201000044241,0010-12-17 22:15:00,10,12,17,22,15,780,621,LANGEVIN (RUE PAUL),,,Nuit avec éclairage allumé,En agglomération,Intersection en T,Neige / grêle,Deux véhicules - côté,,,,,,,,,,,5,2,3,4.0,3.0
201000044242,0010-12-28 09:40:00,10,12,28,9,40,780,621,RN 10 (NIVEAU ACCES MONT,,,Plein jour,En agglomération,Hors intersection,Neige / grêle,Sans collision,,,,,,,,,,,1,2,1,4.0,7.0
201000044243,0010-12-31 10:40:00,10,12,31,10,40,780,640,"2, EUROPE (AVENUE DE L')",,,Plein jour,En agglomération,Hors intersection,Temps couvert,Autre collision,,,,,,,,,,,1,2,1,8.0,6.0
201000044244,0010-01-08 07:45:00,10,1,8,7,45,780,686,46 R RIEUSSEC,48.8005,2.17106,Crépuscule ou aube,En agglomération,Hors intersection,Neige / grêle,Autre collision,,,,,,,,,,,2,2,1,4.0,6.0
201000044245,0010-01-14 08:50:00,10,1,14,8,50,780,640,CHE DE GISY,48.7754,2.21905,Crépuscule ou aube,Hors agglomération,Hors intersection,Temps couvert,Sans collision,,,,,,,,,,,2,1,1,8.0,7.0
201000044246,0010-01-14 09:10:00,10,1,14,9,10,780,640,23 AV LOUIS BREGUET,48.7813,2.18379,Crépuscule ou aube,En agglomération,Hors intersection,Brouillard / fumée,Sans collision,,,,,,,,,,,2,2,1,5.0,7.0
201000044247,0010-01-20 08:50:00,10,1,20,8,50,780,686,PLC LOUIS XIV,48.7987,2.15883,Crépuscule ou aube,En agglomération,Place,Pluie légère,Sans collision,,,,,,,,,,,2,2,7,2.0,7.0