accident_id,datetime,annee,mois,jour,heure,minute,departement,commune_insee,adresse,latitude,longitude,luminosite,agglomeration,intersection,meteo,collision,nb_vehicules,nb_usagers,nb_indemnes,nb_tues,nb_blesses_hosp,nb_blesses_legers,age_cond_1,age_cond_2,veh_type_cond_1,veh_type_cond_2,lum_code,agg_code,int_code,atm_code,col_code
201000044248,0010-01-22 05:50:00,10,1,22,5,50,780,322,R CHARLES DE GAULLE,48.7711,2.14735,Nuit sans éclairage public,En agglomération,Hors intersection,Brouillard / fumée,Sans collision,,,,,,,,,,,3,2,1,5.0,7.0
201000044249,0010-01-22 19:40:00,10,1,22,19,40,780,686,4 R RAPHAEL CORBY,48.801,2.16276,Nuit avec éclairage allumé,En agglomération,Hors intersection,Temps couvert,Autre collision,,,,,,,,,,,5,2,1,8.0,6.0
201000044250,0010-02-06 13:40:00,10,2,6,13,40,780,640,34 AV DE L' EUROPE,48.779,2.21249,Plein jour,En agglomération,Hors intersection,Pluie légère,Deux véhicules - côté,,,,,,,,,,,1,2,1,2.0,3.0
201000044251,0010-02-15 06:30:00,10,2,15,6,30,780,640,AVENUE LOUIS BREGUET,48.7799,2.19354,Nuit avec éclairage allumé,Hors agglomération,Hors intersection,Normale,Autre collision,,,,,,,,,,,5,1,1,1.0,6.0
201000044252,0010-02-19 19:10:00,10,2,19,19,10,780,322,R CHARLES DE GAULLE,48.7847,2.15471,Nuit avec éclairage allumé,En agglomération,Autre intersection,Normale,Deux véhicules - arrière,,,,,,,,,,,5,2,9,1.0,2.0
201000044253,0010-02-24 17:23:00,10,2,24,17,23,780,322,"74, RUE DE GAULLE",48.7698,2.14874,Plein jour,En agglomération,Hors intersection,Temps couvert,Autre collision,,,,,,,,,,,1,2,1,8.0,6.0
201000044254,0010-03-16 12:30:00,10,3,16,12,30,780,640,BRETELLE A86,48.781,2.17405,Plein jour,Hors agglomération,Hors intersection,Normale,Deux véhicules - côté,,,,,,,,,,,1,1,1,1.0,3.0
201000044255,0010-03-18 07:10:00,10,3,18,7,10,780,640,"02, CHEMIN DE GISY",48.7833,2.20595,Plein jour,Hors agglomération,Giratoire,Normale,Sans collision,,,,,,,,,,,1,1,6,1.0,7.0
201000044256,0010-03-22 12:35:00,10,3,22,12,35,780,686,150 AV DU GAL LECLERC,48.8038,2.16738,Plein jour,En agglomération,Hors intersection,Normale,Deux véhicules - côté,,,,,,,,,,,1,2,1,1.0,3.0
201000044257,0010-03-23 19:40:00,10,3,23,19,40,780,686,"104, R PAVE DE MEUDON",48.7984,2.16748,Nuit avec éclairage allumé,En agglomération,Hors intersection,Normale,Deux véhicules - arrière,,,,,,,,,,,5,2,1,1.0,2.0
201000044258,0010-03-25 18:55:00,10,3,25,18,55,780,640,AVENUE LOUIS BREGUET,48.7799,2.19947,Nuit avec éclairage allumé,En agglomération,Hors intersection,Normale,Deux véhicules - arrière,,,,,,,,,,,5,2,1,1.0,2.0
201000044259,0010-04-07 19:15:00,10,4,7,19,15,780,640,AV ROBERT WAGNER,,,Plein jour,En agglomération,Autre intersection,Normale,Deux véhicules - côté,,,,,,,,,,,1,2,9,1.0,3.0
201000044260,0010-03-31 17:45:00,10,3,31,17,45,780,686,80 BIS AV DU GAL LECLERC,48.804,2.17486,Plein jour,En agglomération,Hors intersection,Temps couvert,Autre collision,,,,,,,,,,,1,2,1,8.0,6.0
201000044261,0010-04-13 18:40:00,10,4,13,18,40,780,322,"5, LIBERATION (RUE DE LA",,,Plein jour,En agglomération,Hors intersection,Normale,Deux véhicules - côté,,,,,,,,,,,1,2,1,1.0,3.0
201000044262,0010-05-08 16:00:00,10,5,8,16,0,780,640,AV MORANE-SAULNIER,48.7843,2.21648,Plein jour,En agglomération,Autre intersection,Temps couvert,Deux véhicules - côté,,,,,,,,,,,1,2,9,8.0,3.0
201000044263,0010-05-03 08:00:00,10,5,3,8,0,780,322,R ETIENNE DE JOUY,48.7779,2.17919,Crépuscule ou aube,En agglomération,Giratoire,Normale,Sans collision,,,,,,,,,,,2,2,6,1.0,7.0
201000044264,0010-05-11 20:30:00,10,5,11,20,30,780,640,RUE DE LORRAINE,48.7844,2.17378,Plein jour,En agglomération,Intersection en X,Normale,Deux véhicules - côté,,,,,,,,,,,1,2,2,1.0,3.0
201000044265,0010-04-23 08:45:00,10,4,23,8,45,780,640,34 AV VILLACOUBLAY,48.7823,2.19793,Plein jour,En agglomération,Hors intersection,Normale,Autre collision,,,,,,,,,,,1,2,1,1.0,6.0
201000044266,0010-05-27 09:30:00,10,5,27,9,30,780,686,AV G BOISSIER/LAMARTINE,48.7999,2.17686,Plein jour,Hors agglomération,Intersection en T,Normale,Deux véhicules - côté,,,,,,,,,,,1,1,3,1.0,3.0
201000044267,0010-04-18 15:00:00,10,4,18,15,0,780,640,11 R MARCEL SEMBAT,48.7882,2.17918,Plein jour,En agglomération,Hors intersection,Normale,Deux véhicules - arrière,,,,,,,,,,,1,2,1,1.0,2.0
201000044268,0010-10-23 18:15:00,10,10,23,18,15,780,686,GENERAL LECLERC (AVENUE,,,Plein jour,En agglomération,Hors intersection,Normale,Deux véhicules - côté,,,,,,,,,,,1,2,1,1.0,3.0
201000044269,0010-09-06 22:00:00,10,9,6,22,0,780,640,MORANE-SAULNIER (AVENUE),,,Nuit avec éclairage allumé,En agglomération,Hors intersection,Pluie forte,Sans collision,,,,,,,,,,,5,2,1,3.0,7.0
201000044270,0010-08-27 11:45:00,10,8,27,11,45,780,686,AV LECLERC/R FOCH,48.802,2.16424,Plein jour,En agglomération,Intersection en T,Normale,Deux véhicules - côté,,,,,,,,,,,1,2,3,1.0,3.0
201000044271,0010-09-15 07:50:00,10,9,15,7,50,780,322,BIEVRES (ROUTE DE),,,Crépuscule ou aube,Hors agglomération,Intersection en T,Pluie légère,Deux véhicules - côté,,,,,,,,,,,2,1,3,2.0,3.0
201000044272,0010-09-18 18:20:00,10,9,18,18,20,780,640,"02, EUROPE (AVENUE DE L'",,,Plein jour,En agglomération,Hors intersection,Normale,Autre collision,,,,,,,,,,,1,2,1,1.0,6.0
201000044273,0010-06-25 19:20:00,10,6,25,19,20,780,640,R DE JOUY/R A PERDREAUX,48.7972,2.18291,Plein jour,En agglomération,Intersection en X,Normale,Deux véhicules - côté,,,,,,,,,,,1,2,2,1.0,3.0
201000044274,0010-08-22 10:55:00,10,8,22,10,55,780,322,AV JEAN JAURES/OBERKAMPF,48.7649,2.16809,Plein jour,En agglomération,Intersection en T,Normale,Deux véhicules - côté,,,,,,,,,,,1,2,3,1.0,3.0
201000044275,0010-06-16 22:00:00,10,6,16,22,0,780,322,RTE DES LOGES,48.7637,2.15992,Nuit avec éclairage allumé,En agglomération,Hors intersection,Temps couvert,Autre collision,,,,,,,,,,,5,2,1,8.0,6.0
201000044276,0010-06-30 09:50:00,10,6,30,9,50,780,686,238 AV GENERAL LECLERC,48.7993,2.15961,Plein jour,En agglomération,Hors intersection,Normale,Deux véhicules - côté,,,,,,,,,,,1,2,1,1.0,3.0
201000044277,0010-08-10 09:50:00,10,8,10,9,50,780,640,AV EUROPE (DECATHLON),48.7848,2.2191,Plein jour,En agglomération,Hors intersection,Normale,Sans collision,,,,,,,,,,,1,2,1,1.0,7.0
201000044278,0010-10-06 06:20:00,10,10,6,6,20,780,640,"ignoré, LOUIS GAUBERT (R",,,Nuit avec éclairage allumé,En agglomération,Intersection en T,Temps couvert,Deux véhicules - côté,,,,,,,,,,,5,2,3,8.0,3.0
201000044279,0010-10-21 07:48:00,10,10,21,7,48,780,322,ABEL NICOLLE (RUE),,,Plein jour,En agglomération,Hors intersection,Normale,Deux véhicules - arrière,,,,,,,,,,,1,2,1,1.0,2.0
201000044280,0010-07-31 06:15:00,10,7,31,6,15,780,322,COTE DU PARC DE DIANE,48.7572,2.19032,Crépuscule ou aube,En agglomération,Hors intersection,Normale,Autre collision,,,,,,,,,,,2,2,1,1.0,6.0
201000044281,0010-10-31 15:30:00,10,10,31,15,30,780,640,"Ignoré, HARLOW (AVENUE D",,,Plein jour,Hors agglomération,Hors intersection,Temps couvert,Sans collision,,,,,,,,,,,1,1,1,8.0,7.0
201000044282,0010-10-18 16:35:00,10,10,18,16,35,780,640,ROBERT WAGNER (AVENUE),,,Plein jour,En agglomération,Intersection en Y,Normale,Deux véhicules - côté,,,,,,,,,,,1,2,4,1.0,3.0
201000044283,0010-11-04 20:50:00,10,11,4,20,50,780,686,"52, GENERAL LECLERC (AVE",,,Nuit avec éclairage allumé,En agglomération,Hors intersection,Normale,Deux véhicules - frontale,,,,,,,,,,,5,2,1,1.0,1.0
201000044284,0010-11-22 14:10:00,10,11,22,14,10,780,640,DIETZENBACH (RUE DE),,,Plein jour,Hors agglomération,Intersection à plus de 4 branches,Normale,Deux véhicules - côté,,,,,,,,,,,1,1,5,1.0,3.0
201000044285,0010-07-16 12:10:00,10,7,16,12,10,780,640,19 AV MORANE SAULNIER,48.7855,2.21866,Plein jour,En agglomération,Hors intersection,Temps couvert,Autre collision,,,,,,,,,,,1,2,1,8.0,6.0
201000044286,0010-12-14 11:50:00,10,12,14,11,50,780,640,"Ignoré, CHARBONNIERS (CH",,,Plein jour,En agglomération,Hors intersection,Normale,Autre collision,,,,,,,,,,,1,2,1,1.0,6.0
201000044287,0010-12-30 20:50:00,10,12,30,20,50,780,646,MARCHE NOTRE DAME (PLACE,,,Nuit avec éclairage allumé,En agglomération,Place,Normale,Deux véhicules - côté,,,,,,,,,,,5,2,7,1.0,3.0
201000044288,0010-01-12 17:00:00,10,1,12,17,0,780,646,17 R DES TOURNELLES,48.798,2.12751,Plein jour,En agglomération,Hors intersection,Normale,Autre collision,,,,,,,,,,,1,2,1,1.0,6.0
201000044289,0010-01-14 14:10:00,10,1,14,14,10,780,158,R HIPPOLYTE DESLANDES,48.8274,2.12561,Plein jour,En agglomération,Giratoire,Normale,Autre collision,,,,,,,,,,,1,2,6,1.0,6.0
201000044290,0010-01-29 08:45:00,10,1,29,8,45,780,646,R MAL FOCH/MISSIONNAIRES,48.8123,2.13544,Plein jour,En agglomération,Intersection en T,Pluie légère,Autre collision,,,,,,,,,,,1,2,3,2.0,6.0
201000044291,0010-01-31 22:40:00,10,1,31,22,40,780,646,R DU G LECLERC/R SATORY,48.7997,2.12443,Nuit avec éclairage allumé,En agglomération,Intersection en X,Normale,Deux véhicules - côté,,,,,,,,,,,5,2,2,1.0,3.0
201000044292,0010-02-15 10:10:00,10,2,15,10,10,780,117,RUE LOUIS BLERIOT,48.7869,2.13308,Plein jour,En agglomération,Hors intersection,Normale,Deux véhicules - côté,,,,,,,,,,,1,2,1,1.0,3.0
201000044293,0010-03-04 16:30:00,10,3,4,16,30,780,646,BD ST ANTOINE,48.8153,2.12856,Plein jour,En agglomération,Giratoire,Normale,Deux véhicules - côté,,,,,,,,,,,1,2,6,1.0,3.0
201000044294,0010-03-07 13:40:00,10,3,7,13,40,780,646,AVENUE CLEMENT ADER,48.7914,2.11527,Plein jour,Hors agglomération,Hors intersection,Normale,Deux véhicules - côté,,,,,,,,,,,1,1,1,1.0,3.0
201000044295,0010-03-09 12:30:00,10,3,9,12,30,780,646,AVENUE DE PARIS,48.7985,2.14393,Plein jour,En agglomération,Intersection en T,Normale,Deux véhicules - arrière,,,,,,,,,,,1,2,3,1.0,2.0
201000044296,0010-03-05 14:00:00,10,3,5,14,0,780,646,AVENUE DE SCEAUX,48.8015,2.1257,Plein jour,En agglomération,Intersection en T,Normale,Deux véhicules - côté,,,,,,,,,,,1,2,3,1.0,3.0
201000044297,0010-03-10 09:00:00,10,3,10,9,0,780,646,RUE MARECHAL FOCH,48.8066,2.13202,Plein jour,En agglomération,Intersection en X,Normale,Autre collision,,,,,,,,,,,1,2,2,1.0,6.0
201000044298,0010-03-10 16:47:00,10,3,10,16,47,780,646,AVENUE DE PARIS,48.8018,2.13126,Plein jour,En agglomération,Hors intersection,Normale,Autre collision,,,,,,,,,,,1,2,1,1.0,6.0
201000044299,0010-03-20 07:00:00,10,3,20,7,0,780,646,AVENUE NEPVEU NORD,48.8045,2.12536,Nuit avec éclairage allumé,En agglomération,Hors intersection,Pluie forte,Autre collision,,,,,,,,,,,5,2,1,3.0,6.0
201000044300,0010-03-27 20:10:00,10,3,27,20,10,780,646,BOULEVARD DE LA REINE,48.8088,2.13334,Nuit avec éclairage allumé,En agglomération,Intersection en X,Normale,Deux véhicules - côté,,,,,,,,,,,5,2,2,1.0,3.0
201000044301,0010-03-22 21:00:00,10,3,22,21,0,780,646,BOULEVARD DE REPUBLIQUE,48.8065,2.14901,Nuit avec éclairage allumé,En agglomération,Intersection en X,Normale,Deux véhicules - frontale,,,,,,,,,,,5,2,2,1.0,1.0
201000044302,0010-04-01 16:15:00,10,4,1,16,15,780,646,AVENUE DE PARIS,48.8012,2.13359,Plein jour,En agglomération,Intersection en T,Normale,Deux véhicules - côté,,,,,,,,,,,1,2,3,1.0,3.0
201000044303,0010-04-09 19:00:00,10,4,9,19,0,780,646,R ANTOINE RICHARD,48.8085,2.15188,Plein jour,En agglomération,Hors intersection,Normale,Autre collision,,,,,,,,,,,1,2,1,1.0,6.0
201000044304,0010-04-12 12:45:00,10,4,12,12,45,780,646,36 AV DE PARIS,48.8006,2.13642,Plein jour,En agglomération,Hors intersection,Normale,Deux véhicules - côté,,,,,,,,,,,1,2,1,1.0,3.0
201000044305,0010-04-15 16:00:00,10,4,15,16,0,780,646,R MARECHAL FOCH,48.8089,2.13342,Plein jour,En agglomération,Intersection en X,Normale,Autre collision,,,,,,,,,,,1,2,2,1.0,6.0
201000044306,0010-04-14 16:15:00,10,4,14,16,15,780,646,AV GAL MANGIN/MAGENTA,48.8134,2.13952,Plein jour,En agglomération,Intersection en Y,Normale,Autre collision,,,,,,,,,,,1,2,4,1.0,6.0
201000044307,0010-04-15 07:45:00,10,4,15,7,45,780,646,R DES ETATS GENERAUX,48.8014,2.13167,Plein jour,En agglomération,Intersection en X,Normale,Deux véhicules - côté,,,,,,,,,,,1,2,2,1.0,3.0
201000044308,0010-04-25 17:50:00,10,4,25,17,50,780,646,"64-70, R DES CHANTIERS",48.793,2.14374,Plein jour,En agglomération,Hors intersection,Pluie légère,Autre collision,,,,,,,,,,,1,2,1,2.0,6.0
201000044309,0010-04-27 20:06:00,10,4,27,20,6,780,646,2 AV DE L EUROPE,48.8028,2.13003,Plein jour,En agglomération,Hors intersection,Normale,Autre collision,,,,,,,,,,,1,2,1,1.0,6.0
201000044310,0010-04-27 11:20:00,10,4,27,11,20,780,646,R SARRAULT/LAMARTINE,48.7932,2.14861,Plein jour,En agglomération,Intersection en X,Normale,Autre collision,,,,,,,,,,,1,2,2,1.0,6.0
201000044311,0010-05-11 15:20:00,10,5,11,15,20,780,646,5 R DE PORTE DE BUC,48.7979,2.14359,Plein jour,En agglomération,Hors intersection,Normale,Deux véhicules - côté,,,,,,,,,,,1,2,1,1.0,3.0
201000044312,0010-05-19 13:50:00,10,5,19,13,50,780,646,7 R DES RESERVOIRS,48.8068,2.12384,Plein jour,Hors agglomération,Hors intersection,Normale,Autre collision,,,,,,,,,,,1,1,1,1.0,6.0
201000044313,0010-05-11 00:06:00,10,5,11,0,6,780,646,R ETATS GENERAUX/LIMOGES,48.8004,2.1324,Nuit avec éclairage allumé,En agglomération,Intersection en T,Pluie légère,Deux véhicules - côté,,,,,,,,,,,5,2,3,2.0,3.0
201000044314,0010-05-15 23:15:00,10,5,15,23,15,780,646,"Néant, MARECHAL FOCH (RU",,,Nuit avec éclairage allumé,En agglomération,Intersection en X,Normale,Deux véhicules - côté,,,,,,,,,,,5,2,2,1.0,3.0
201000044315,0010-05-26 12:10:00,10,5,26,12,10,780,646,24 R SAINTE SOPHIE,48.8132,2.13391,Plein jour,En agglomération,Hors intersection,Normale,Autre collision,,,,,,,,,,,1,2,1,1.0,6.0
201000044316,0010-05-28 12:30:00,10,5,28,12,30,780,646,R ALBERT SARRAULT,48.7922,2.14695,Plein jour,En agglomération,Intersection en T,Normale,Deux véhicules - frontale,,,,,,,,,,,1,2,3,1.0,1.0
201000044317,0010-06-11 14:20:00,10,6,11,14,20,780,646,R CHP LAGARDE/RD PT VIEL,48.8025,2.15295,Plein jour,En agglomération,Giratoire,Normale,Deux véhicules - côté,,,,,,,,,,,1,2,6,1.0,3.0
201000044318,0010-06-15 19:15:00,10,6,15,19,15,780,646,RAMPE SAINT MARTIN,48.7893,2.12548,Plein jour,En agglomération,Hors intersection,Normale,Deux véhicules - frontale,,,,,,,,,,,1,2,1,1.0,1.0
201000044319,0010-06-16 23:50:00,10,6,16,23,50,780,646,RTE RUEIL/COMMERCE,48.8247,2.14113,Nuit avec éclairage allumé,En agglomération,Intersection en X,Normale,Deux véhicules - côté,,,,,,,,,,,5,2,2,1.0,3.0
201000044320,0010-06-18 19:35:00,10,6,18,19,35,780,646,12 AV DE PORCHEFONTAINE,48.7981,2.15352,Plein jour,En agglomération,Hors intersection,Normale,Autre collision,,,,,,,,,,,1,2,1,1.0,6.0
201000044321,0010-06-29 08:00:00,10,6,29,8,0,780,646,BD ST ANTOINE/R DE CELLE,48.8168,2.12458,Plein jour,En agglomération,Intersection en X,Normale,Deux véhicules - côté,,,,,,,,,,,1,2,2,1.0,3.0
201000044322,0010-07-06 14:25:00,10,7,6,14,25,780,646,AV PARIS/R CHAMP LAGARDE,48.7995,2.14054,Plein jour,En agglomération,Intersection en T,Normale,Deux véhicules - côté,,,,,,,,,,,1,2,3,1.0,3.0
201000044323,0010-07-08 01:30:00,10,7,8,1,30,780,158,RTE DE RUEIL/NORMANDIE,48.8221,2.13864,Nuit avec éclairage allumé,En agglomération,Intersection en T,Normale,Deux véhicules - côté,,,,,,,,,,,5,2,3,1.0,3.0
201000044324,0010-07-11 13:45:00,10,7,11,13,45,780,646,23 R DES RESERVOIRS,48.8088,2.12498,Plein jour,En agglomération,Hors intersection,Normale,Autre collision,,,,,,,,,,,1,2,1,1.0,6.0
201000044325,0010-07-12 07:30:00,10,7,12,7,30,780,646,R DE LA PAROISSE/R HOCHE,48.8075,2.12871,Crépuscule ou aube,En agglomération,Intersection en T,Pluie légère,Deux véhicules - côté,,,,,,,,,,,2,2,3,2.0,3.0
201000044326,0010-07-14 13:20:00,10,7,14,13,20,780,524,RD 307,48.8355,2.11181,Plein jour,Hors agglomération,Hors intersection,Pluie forte,Trois véhicules et plus - collisions multiples,,,,,,,,,,,1,1,1,3.0,5.0
201000044327,0010-07-22 11:45:00,10,7,22,11,45,780,646,AV PARIS/AV EUROPE,48.8023,2.12976,Plein jour,En agglomération,Intersection en X,Normale,Deux véhicules - côté,,,,,,,,,,,1,2,2,1.0,3.0
201000044328,0010-08-03 14:00:00,10,8,3,14,0,780,158,R VERNET,48.8286,2.12228,Plein jour,En agglomération,Intersection en T,Normale,Autre collision,,,,,,,,,,,1,2,3,1.0,6.0
201000044329,0010-08-19 16:45:00,10,8,19,16,45,780,158,5 AV DR SCHWEITZER,48.8271,2.11634,Plein jour,En agglomération,Hors intersection,Normale,Deux véhicules - côté,,,,,,,,,,,1,2,1,1.0,3.0
201000044330,0010-09-07 08:20:00,10,9,7,8,20,780,646,"62, ROYALE (RUE)",,,Plein jour,En agglomération,Hors intersection,Normale,Autre collision,,,,,,,,,,,1,2,1,1.0,6.0
201000044331,0010-09-07 11:50:00,10,9,7,11,50,780,646,"10, ERMITAGE (RUE DE L')",,,Plein jour,En agglomération,Hors intersection,Normale,Deux véhicules - côté,,,,,,,,,,,1,2,1,1.0,3.0
201000044332,0010-09-11 18:00:00,10,9,11,18,0,780,646,"4, SCEAUX (AVENUE DE)",,,Plein jour,En agglomération,Hors intersection,Normale,Trois véhicules et plus - collisions multiples,,,,,,,,,,,1,2,1,1.0,5.0
201000044333,0010-09-13 08:50:00,10,9,13,8,50,780,646,"19, PARIS (AVENUE DE)",,,Plein jour,En agglomération,Hors intersection,Normale,Deux véhicules - côté,,,,,,,,,,,1,2,1,1.0,3.0
201000044334,0010-09-15 13:50:00,10,9,15,13,50,780,646,PARIS (AVENUE DE),,,Plein jour,En agglomération,Intersection en X,Normale,Autre collision,,,,,,,,,,,1,2,2,1.0,6.0
201000044335,0010-09-15 08:50:00,10,9,15,8,50,780,646,"24, ROYALE (RUE)",,,Plein jour,En agglomération,Hors intersection,Pluie légère,Autre collision,,,,,,,,,,,1,2,1,2.0,6.0
201000044336,0010-09-16 10:35:00,10,9,16,10,35,780,646,PARC DE CLAGNY (RUE DU),,,Plein jour,En agglomération,Intersection en X,Normale,Deux véhicules - côté,,,,,,,,,,,1,2,2,1.0,3.0
201000044337,0010-09-17 17:30:00,10,9,17,17,30,780,646,ETATS GENERAUX (RUE DES),,,Plein jour,En agglomération,Intersection en T,Normale,Deux véhicules - côté,,,,,,,,,,,1,2,3,1.0,3.0
201000044338,0010-09-20 18:20:00,10,9,20,18,20,780,646,"NEANT, REMONT (RUE)",,,Plein jour,En agglomération,Intersection en T,Normale,Deux véhicules - côté,,,,,,,,,,,1,2,3,1.0,3.0
201000044339,0010-09-28 09:50:00,10,9,28,9,50,780,158,"Néant, BELLEVUE (AVENUE",,,Plein jour,En agglomération,Intersection en X,Normale,Deux véhicules - côté,,,,,,,,,,,1,2,2,1.0,3.0
201000044340,0010-09-30 20:40:00,10,9,30,20,40,780,646,", NEPVEU SUD (AVENUE)",,,Nuit avec éclairage allumé,En agglomération,Hors intersection,Normale,Autre collision,,,,,,,,,,,5,2,1,1.0,6.0
201000044341,0010-10-01 14:10:00,10,10,1,14,10,780,158,"87 BIS, VERSAILLES (RUE",,,Plein jour,En agglomération,Hors intersection,Normale,Deux véhicules - côté,,,,,,,,,,,1,2,1,1.0,3.0
201000044342,0010-10-06 15:50:00,10,10,6,15,50,780,158,"37, CARUEL DE ST MARTIN",,,Plein jour,En agglomération,Hors intersection,Normale,Autre collision,,,,,,,,,,,1,2,1,1.0,6.0
201000044343,0010-10-19 17:30:00,10,10,19,17,30,780,646,"néant, 8 Mai 1945 (Place",,,Plein jour,En agglomération,Intersection en T,Normale,Autre collision,,,,,,,,,,,1,2,3,1.0,6.0
201000044344,0010-10-14 18:10:00,10,10,14,18,10,780,646,"50, MARECHAL FOCH (RUE D",,,Plein jour,En agglomération,Hors intersection,Normale,Autre collision,,,,,,,,,,,1,2,1,1.0,6.0
201000044345,0010-08-29 20:05:00,10,8,29,20,5,780,646,AV ADER/MAL JUIN,48.7925,2.11795,Plein jour,En agglomération,Intersection en T,Normale,Deux véhicules - arrière,,,,,,,,,,,1,2,3,1.0,2.0
201000044346,0010-10-25 11:40:00,10,10,25,11,40,780,646,"8, PORCHEFONTAINE (AVENU",,,Plein jour,En agglomération,Hors intersection,Normale,Autre collision,,,,,,,,,,,1,2,1,1.0,6.0
201000044347,0010-10-26 14:05:00,10,10,26,14,5,780,646,"NEANT, MARCHE NOTRE DAME",,,Plein jour,En agglomération,Intersection à plus de 4 branches,Normale,Deux véhicules - arrière,,,,,,,,,,,1,2,5,1.0,2.0
201000044348,0010-10-29 01:10:00,10,10,29,1,10,780,524,ROUTE DE SAINT GERMAIN R,,,Nuit avec éclairage allumé,Hors agglomération,Hors intersection,Normale,Deux véhicules - côté,,,,,,,,,,,5,1,1,1.0,3.0
201000044349,0010-11-04 09:20:00,10,11,4,9,20,780,646,"60, SAINT CLOUD (AVENUE",,,Plein jour,En agglomération,Intersection en T,Normale,Autre collision,,,,,,,,,,,1,2,3,1.0,6.0
201000044350,0010-11-12 20:10:00,10,11,12,20,10,780,646,"neant, REPUBLIQUE (BOULE",,,Nuit avec éclairage allumé,En agglomération,Intersection en X,Autre,Deux véhicules - côté,,,,,,,,,,,5,2,2,9.0,3.0
201000044351,0010-11-05 18:00:00,10,11,5,18,0,780,158,SAINT GERMAIN (ROUTE DE),,,Nuit avec éclairage allumé,Hors agglomération,Hors intersection,Normale,Deux véhicules - arrière,,,,,,,,,,,5,1,1,1.0,2.0
201000044352,0010-11-08 18:05:00,10,11,8,18,5,780,646,"14, GENERAL LECLERC (RUE",,,Nuit avec éclairage allumé,En agglomération,Hors intersection,Pluie légère,Autre collision,,,,,,,,,,,5,2,1,2.0,6.0
201000044353,0010-11-10 18:00:00,10,11,10,18,0,780,646,"65, REPUBLIQUE (BOULEVAR",,,Nuit avec éclairage allumé,En agglomération,Hors intersection,Normale,Autre collision,,,,,,,,,,,5,2,1,1.0,6.0
201000044354,0010-11-14 17:00:00,10,11,14,17,0,780,646,"01, MARECHAL FOCH (RUE D",,,Crépuscule ou aube,En agglomération,Intersection en T,Normale,Autre collision,,,,,,,,,,,2,2,3,1.0,6.0
201000044355,0010-11-21 10:50:00,10,11,21,10,50,780,646,"41, ANGIVILLER (RUE D')",,,Plein jour,En agglomération,Hors intersection,Pluie légère,Autre collision,,,,,,,,,,,1,2,1,2.0,6.0
201000044356,0010-11-21 18:00:00,10,11,21,18,0,780,646,"15, CEINTURE (RUE DE LA)",,,Nuit avec éclairage allumé,En agglomération,Hors intersection,Pluie légère,Deux véhicules - arrière,,,,,,,,,,,5,2,1,2.0,2.0
201000044357,0010-11-29 16:15:00,10,11,29,16,15,780,646,"71, CHANTIERS (RUE DES)",,,Plein jour,En agglomération,Hors intersection,Normale,Autre collision,,,,,,,,,,,1,2,1,1.0,6.0
201000044358,0010-12-02 18:30:00,10,12,2,18,30,780,646,"21, MARECHAL FOCH (RUE D",,,Nuit avec éclairage allumé,En agglomération,Hors intersection,Neige / grêle,Autre collision,,,,,,,,,,,5,2,1,4.0,6.0
201000044359,0010-12-05 08:50:00,10,12,5,8,50,780,646,"néant, PORCHEFONTAINE (A",,,Plein jour,En agglomération,Intersection en T,Normale,Autre collision,,,,,,,,,,,1,2,3,1.0,6.0
201000044360,0010-12-03 12:30:00,10,12,3,12,30,780,158,"11, ERNEST PSICHARI (RUE",,,Plein jour,En agglomération,Intersection en T,Neige / grêle,Autre collision,,,,,,,,,,,1,2,3,4.0,6.0
201000044361,0010-12-12 18:25:00,10,12,12,18,25,780,646,YVES LE COZ RUE),,,Nuit avec éclairage allumé,En agglomération,Intersection en X,Normale,Deux véhicules - frontale,,,,,,,,,,,5,2,2,1.0,1.0
201000044362,0010-12-14 07:50:00,10,12,14,7,50,780,646,"20, CHANTIERS (RUE DES)",,,Nuit avec éclairage allumé,En agglomération,Hors intersection,Normale,Autre collision,,,,,,,,,,,5,2,1,1.0,6.0
201000044363,0010-12-18 16:20:00,10,12,18,16,20,780,646,"43, CHANTIERS (RUE DES)",,,Crépuscule ou aube,En agglomération,Hors intersection,Pluie légère,Deux véhicules - arrière,,,,,,,,,,,2,2,1,2.0,2.0
201000044364,0010-01-03 17:00:00,10,1,3,17,0,780,650,R DES MERLETTES,48.9035,2.12069,Nuit avec éclairage allumé,En agglomération,Intersection en T,Normale,Deux véhicules - côté,,,,,,,,,,,5,2,3,1.0,3.0
201000044365,0010-02-03 07:55:00,10,2,3,7,55,780,650,122 BD CARNOT,48.898,2.1143,Plein jour,En agglomération,Hors intersection,Normale,Autre collision,,,,,,,,,,,1,2,1,1.0,6.0
201000044366,0010-04-19 08:00:00,10,4,19,8,0,780,650,PLACE DE LA REPUBLIQUE,48.898,2.11413,Plein jour,En agglomération,Intersection à plus de 4 branches,Normale,Deux véhicules - côté,,,,,,,,,,,1,2,5,1.0,3.0
201000044367,0010-05-12 15:30:00,10,5,12,15,30,780,650,ROUTE DE CROISSY,48.8901,2.12437,Plein jour,En agglomération,Hors intersection,Normale,Deux véhicules - frontale,,,,,,,,,,,1,2,1,1.0,1.0
201000044368,0010-05-14 16:45:00,10,5,14,16,45,780,650,ROUTE DE MONTESSON,48.8987,2.11746,Plein jour,En agglomération,Intersection en X,Normale,Deux véhicules - côté,,,,,,,,,,,1,2,2,1.0,3.0
201000044369,0010-05-25 22:45:00,10,5,25,22,45,780,418,13 AV ARISTIDE BRIAND,48.9054,2.14573,Nuit avec éclairage allumé,En agglomération,Hors intersection,Normale,Deux véhicules - côté,,,,,,,,,,,5,2,1,1.0,3.0