accident_id,datetime,annee,mois,jour,heure,minute,departement,commune_insee,adresse,latitude,longitude,luminosite,agglomeration,intersection,meteo,collision,nb_vehicules,nb_usagers,nb_indemnes,nb_tues,nb_blesses_hosp,nb_blesses_legers,age_cond_1,age_cond_2,veh_type_cond_1,veh_type_cond_2,lum_code,agg_code,int_code,atm_code,col_code
201000044500,0010-01-04 15:30:00,10,1,4,15,30,800,674,RD929,,,Plein jour,Hors agglomération,Hors intersection,Normale,Deux véhicules - côté,,,,,,,,,,,1,1,1,1.0,3.0
201000044501,0010-01-06 19:35:00,10,1,6,19,35,800,21,"481, VERDUN (RUE DE )",,,Nuit avec éclairage allumé,En agglomération,Hors intersection,Normale,Deux véhicules - côté,,,,,,,,,,,5,2,1,1.0,3.0
201000044502,0010-01-06 15:05:00,10,1,6,15,5,800,21,"00, LUCIEN LECOINTE (RUE",,,Plein jour,En agglomération,Intersection en T,Normale,Deux véhicules - côté,,,,,,,,,,,1,2,3,1.0,3.0
201000044503,0010-12-30 17:00:00,10,12,30,17,0,800,21,"00, SAINT JACQUES (RUE)",,,Plein jour,En agglomération,Hors intersection,Normale,Autre collision,,,,,,,,,,,1,2,1,1.0,6.0
201000044504,0010-01-09 01:30:00,10,1,9,1,30,800,21,"00, OLIVIER DE SERRES (R",,,Nuit avec éclairage allumé,En agglomération,Intersection en X,Normale,Deux véhicules - arrière,,,,,,,,,,,5,2,2,1.0,2.0
201000044505,0010-01-08 07:40:00,10,1,8,7,40,800,21,"205, JULES BARNI (RUE)",,,Nuit avec éclairage allumé,En agglomération,Hors intersection,Normale,Autre collision,,,,,,,,,,,5,2,1,1.0,6.0
201000044506,0010-01-08 11:40:00,10,1,8,11,40,800,164,"12, PLACE GENERAL LECLER",,,Plein jour,En agglomération,Hors intersection,Normale,Autre collision,,,,,,,,,,,1,2,1,1.0,6.0
201000044507,0010-01-08 18:00:00,10,1,8,18,0,800,21,"46, LUCIEN FOURNIER (RUE",,,Plein jour,En agglomération,Hors intersection,Normale,Deux véhicules - frontale,,,,,,,,,,,1,2,1,1.0,1.0
201000044508,0010-01-08 15:35:00,10,1,8,15,35,800,21,"17c, WATTEAU (RUE)",,,Plein jour,En agglomération,Hors intersection,Temps couvert,Deux véhicules - côté,,,,,,,,,,,1,2,1,8.0,3.0
201000044509,0010-01-11 18:40:00,10,1,11,18,40,800,21,"00, MAIGNAN LARIVIERE (B",,,Nuit avec éclairage allumé,En agglomération,Hors intersection,Normale,Trois véhicules et plus - en chaîne,,,,,,,,,,,5,2,1,1.0,4.0
201000044510,0010-01-11 20:15:00,10,1,11,20,15,800,21,"00, VOGEL (PLACE)",,,Nuit avec éclairage allumé,En agglomération,Intersection en X,Normale,Deux véhicules - côté,,,,,,,,,,,5,2,2,1.0,3.0
201000044511,0010-01-11 18:15:00,10,1,11,18,15,800,21,"12, SERGENTS (RUE DES)",,,Nuit avec éclairage allumé,En agglomération,Hors intersection,Normale,Autre collision,,,,,,,,,,,5,2,1,1.0,6.0
201000044512,0010-01-12 08:10:00,10,1,12,8,10,800,674,"70, THUILLIER DELAMBRE (",,,Crépuscule ou aube,En agglomération,Intersection en T,Neige / grêle,Deux véhicules - côté,,,,,,,,,,,2,2,3,4.0,3.0
201000044513,0010-01-12 19:05:00,10,1,12,19,5,800,489,"00, VALENTIN DEBAILLY (R",,,Nuit avec éclairage allumé,En agglomération,Hors intersection,Normale,Autre collision,,,,,,,,,,,5,2,1,1.0,6.0
201000044514,0010-01-14 07:05:00,10,1,14,7,5,800,21,"00, POINTIN (RUE)",,,Nuit avec éclairage allumé,En agglomération,Intersection en X,Normale,Deux véhicules - côté,,,,,,,,,,,5,2,2,1.0,3.0
201000044515,0010-01-15 08:00:00,10,1,15,8,0,800,21,"00, EDOUARD LUCAS (RUE)",,,Nuit avec éclairage allumé,En agglomération,Hors intersection,Brouillard / fumée,Deux véhicules - côté,,,,,,,,,,,5,2,1,5.0,3.0
201000044516,0010-01-16 16:10:00,10,1,16,16,10,800,21,"336, SAINT MAURICE (RUE)",,,Plein jour,En agglomération,Intersection en T,Pluie forte,Deux véhicules - côté,,,,,,,,,,,1,2,3,3.0,3.0
201000044517,0010-01-18 19:45:00,10,1,18,19,45,800,21,"12, JULES BARNI (RUE)",,,Nuit avec éclairage allumé,En agglomération,Hors intersection,Normale,Deux véhicules - arrière,,,,,,,,,,,5,2,1,1.0,2.0
201000044518,0010-01-19 07:55:00,10,1,19,7,55,800,725,"93, ROUEN (ROUTE)",,,Crépuscule ou aube,En agglomération,Hors intersection,Normale,Deux véhicules - côté,,,,,,,,,,,2,2,1,1.0,3.0
201000044519,0010-01-19 22:40:00,10,1,19,22,40,800,131,RD935,,,Nuit avec éclairage allumé,Hors agglomération,Hors intersection,Brouillard / fumée,Sans collision,,,,,,,,,,,5,1,1,5.0,7.0
201000044520,0010-01-21 17:30:00,10,1,21,17,30,800,21,"00, VIGNACOURT (RUE DE)",,,Nuit avec éclairage allumé,En agglomération,Intersection en X,Normale,Trois véhicules et plus - collisions multiples,,,,,,,,,,,5,2,2,1.0,5.0
201000044521,0010-01-22 18:05:00,10,1,22,18,5,800,21,"243, QUATORZE JUILLET 17",,,Nuit avec éclairage allumé,En agglomération,Hors intersection,Normale,Autre collision,,,,,,,,,,,5,2,1,1.0,6.0
201000044522,0010-01-23 07:53:00,10,1,23,7,53,800,21,"00, GEORGES CLEMENCEAU (",,,Nuit avec éclairage allumé,En agglomération,Giratoire,Pluie légère,Deux véhicules - côté,,,,,,,,,,,5,2,6,2.0,3.0
201000044523,0010-01-24 14:50:00,10,1,24,14,50,800,21,"00, ROUBAIX (BOULEVARD D",,,Plein jour,En agglomération,Hors intersection,Pluie légère,Sans collision,,,,,,,,,,,1,2,1,2.0,7.0
201000044524,0010-01-20 18:30:00,10,1,20,18,30,800,752,RD935,,,Nuit avec éclairage allumé,Hors agglomération,Hors intersection,Pluie légère,Sans collision,,,,,,,,,,,5,1,1,2.0,7.0
201000044525,0010-01-25 08:10:00,10,1,25,8,10,800,21,"375, ABBEVILLE (RUE D')",,,Plein jour,En agglomération,Intersection en T,Pluie légère,Deux véhicules - côté,,,,,,,,,,,1,2,3,2.0,3.0
201000044526,0010-01-25 08:30:00,10,1,25,8,30,800,21,"00, ALSACE LORRAINE (BOU",,,Plein jour,En agglomération,Hors intersection,Normale,Deux véhicules - arrière,,,,,,,,,,,1,2,1,1.0,2.0
201000044527,0010-01-29 08:30:00,10,1,29,8,30,800,21,"48, SAINT ACHEUL (RUE)",,,Plein jour,En agglomération,Hors intersection,Pluie légère,Autre collision,,,,,,,,,,,1,2,1,2.0,6.0
201000044528,0010-02-02 18:45:00,10,2,2,18,45,800,21,"00, LEON GONTIER (PLACE)",,,Nuit avec éclairage allumé,En agglomération,Intersection en X,Pluie légère,Deux véhicules - côté,,,,,,,,,,,5,2,2,2.0,3.0
201000044529,0010-02-03 18:45:00,10,2,3,18,45,800,21,"00, CHAMP DE TIR (RUE DU",,,Nuit avec éclairage allumé,En agglomération,Hors intersection,Normale,Autre collision,,,,,,,,,,,5,2,1,1.0,6.0
201000044530,0010-02-05 11:25:00,10,2,5,11,25,800,21,"00, REPUBLIQUE (RUE DE L",,,Plein jour,En agglomération,Intersection en X,Normale,Deux véhicules - frontale,,,,,,,,,,,1,2,2,1.0,1.0
201000044531,0010-02-05 08:00:00,10,2,5,8,0,800,21,"00, COZETTE (RUE)",,,Plein jour,En agglomération,Intersection en X,Normale,Deux véhicules - arrière,,,,,,,,,,,1,2,2,1.0,2.0
201000044532,0010-02-04 17:30:00,10,2,4,17,30,800,21,"00, DOCTEUR LOUIS FAFET",,,Crépuscule ou aube,En agglomération,Hors intersection,Normale,Autre collision,,,,,,,,,,,2,2,1,1.0,6.0
201000044533,0010-02-05 15:25:00,10,2,5,15,25,800,21,"19, ROGER MARTIN DU GARD",,,Plein jour,En agglomération,Hors intersection,Normale,Autre collision,,,,,,,,,,,1,2,1,1.0,6.0
201000044534,0010-02-06 08:45:00,10,2,6,8,45,800,21,"221, SAVEUSE (RUE DE)",,,Plein jour,En agglomération,Hors intersection,Normale,Autre collision,,,,,,,,,,,1,2,1,1.0,6.0
201000044535,0010-02-04 19:00:00,10,2,4,19,0,800,21,"00, MARECHAL FOCH (PLACE",,,Nuit avec éclairage allumé,En agglomération,Hors intersection,Normale,Sans collision,,,,,,,,,,,5,2,1,1.0,7.0
201000044536,0010-02-09 14:20:00,10,2,9,14,20,800,164,ROCADE NORD EST RN 25,,,Plein jour,Hors agglomération,Hors intersection,Normale,Sans collision,,,,,,,,,,,1,1,1,1.0,7.0
201000044537,0010-02-11 11:25:00,10,2,11,11,25,800,21,"00, QUATORZE JUILLET 178",,,Plein jour,En agglomération,Giratoire,Neige / grêle,Deux véhicules - côté,,,,,,,,,,,1,2,6,4.0,3.0
201000044538,0010-02-10 09:15:00,10,2,10,9,15,800,21,"00, LE TITIEN (RUE)",,,Plein jour,En agglomération,Intersection en T,Neige / grêle,Deux véhicules - arrière,,,,,,,,,,,1,2,3,4.0,2.0
201000044539,0010-02-12 18:15:00,10,2,12,18,15,800,21,"00, JEAN MARC LAURENT (R",,,Nuit avec éclairage allumé,En agglomération,Intersection en T,Normale,Deux véhicules - côté,,,,,,,,,,,5,2,3,1.0,3.0
201000044540,0010-02-12 09:45:00,10,2,12,9,45,800,21,"00, MARECHAL FOCH (PLACE",,,Plein jour,En agglomération,Giratoire,Normale,Deux véhicules - côté,,,,,,,,,,,1,2,6,1.0,3.0
201000044541,0010-02-12 12:30:00,10,2,12,12,30,800,21,"00, PARMENTIER (PLACE)",,,Plein jour,En agglomération,Intersection à plus de 4 branches,Normale,Autre collision,,,,,,,,,,,1,2,5,1.0,6.0
201000044542,0010-02-12 08:20:00,10,2,12,8,20,800,21,"507, VERDUN (RUE DE )",,,Plein jour,En agglomération,Hors intersection,Normale,Deux véhicules - frontale,,,,,,,,,,,1,2,1,1.0,1.0
201000044543,0010-02-17 17:20:00,10,2,17,17,20,800,21,ROUBAIX (BOULEVARD DE ),,,Plein jour,En agglomération,Hors intersection,Normale,Sans collision,,,,,,,,,,,1,2,1,1.0,7.0
201000044544,0010-02-17 10:05:00,10,2,17,10,5,800,21,"229, ROUEN (RUE DE)",,,Plein jour,En agglomération,Hors intersection,Pluie légère,Autre collision,,,,,,,,,,,1,2,1,2.0,6.0
201000044545,0010-02-17 09:45:00,10,2,17,9,45,800,21,BD ALSACE LORRAINE,,,Plein jour,En agglomération,Hors intersection,Pluie légère,Trois véhicules et plus - collisions multiples,,,,,,,,,,,1,2,1,2.0,5.0
201000044546,0010-02-18 19:05:00,10,2,18,19,5,800,20,ALLONVILLE (ROUTE D'),,,Nuit sans éclairage public,Hors agglomération,Hors intersection,Pluie légère,Deux véhicules - frontale,,,,,,,,,,,3,1,1,2.0,1.0
201000044547,0010-02-23 19:50:00,10,2,23,19,50,800,489,"00, ANATOLE FRANCE (RUE)",,,Nuit avec éclairage allumé,En agglomération,Intersection en X,Pluie légère,Deux véhicules - côté,,,,,,,,,,,5,2,2,2.0,3.0
201000044548,0010-02-23 17:35:00,10,2,23,17,35,800,261,RD 1001,,,Plein jour,Hors agglomération,Hors intersection,Pluie légère,Trois véhicules et plus - en chaîne,,,,,,,,,,,1,1,1,2.0,4.0
201000044549,0010-02-22 07:25:00,10,2,22,7,25,800,21,"00, VAUX (RUE DE )",,,Crépuscule ou aube,En agglomération,Hors intersection,Normale,Deux véhicules - frontale,,,,,,,,,,,2,2,1,1.0,1.0
201000044550,0010-02-24 20:20:00,10,2,24,20,20,800,21,"00, RIOLAN (RUE)",,,Plein jour,En agglomération,Hors intersection,Pluie forte,Deux véhicules - arrière,,,,,,,,,,,1,2,1,3.0,2.0
201000044551,0010-02-27 19:50:00,10,2,27,19,50,800,21,"05, GUTENBERG (RUE)",,,Nuit avec éclairage allumé,En agglomération,Hors intersection,Normale,Sans collision,,,,,,,,,,,5,2,1,1.0,7.0
201000044552,0010-02-26 05:20:00,10,2,26,5,20,800,21,"00, GRAND MARAIS (RUE DU",,,Nuit avec éclairage allumé,En agglomération,Hors intersection,Pluie légère,Deux véhicules - frontale,,,,,,,,,,,5,2,1,2.0,1.0
201000044553,0010-03-01 08:55:00,10,3,1,8,55,800,21,"32, JEAN MARC LAURENT (R",,,Plein jour,En agglomération,Hors intersection,Normale,Autre collision,,,,,,,,,,,1,2,1,1.0,6.0
201000044554,0010-03-01 09:40:00,10,3,1,9,40,800,21,"327, JULES BARNI (RUE)",,,Plein jour,En agglomération,Hors intersection,Normale,Deux véhicules - arrière,,,,,,,,,,,1,2,1,1.0,2.0
201000044555,0010-03-07 14:20:00,10,3,7,14,20,800,21,"167, JULES FERRY (CHAUSS",,,Plein jour,En agglomération,Intersection en T,Normale,Deux véhicules - côté,,,,,,,,,,,1,2,3,1.0,3.0
201000044556,0010-03-07 10:10:00,10,3,7,10,10,800,21,"00, SAVEUSE (RUE DE)",,,Plein jour,En agglomération,Hors intersection,Normale,Deux véhicules - frontale,,,,,,,,,,,1,2,1,1.0,1.0
201000044557,0010-03-05 10:45:00,10,3,5,10,45,800,21,"316, SAINT MAURICE (RUE)",,,Plein jour,En agglomération,Hors intersection,Normale,Autre collision,,,,,,,,,,,1,2,1,1.0,6.0
201000044558,0010-03-05 21:50:00,10,3,5,21,50,800,21,"00, ANDRE DUROUCHEZ (RUE",,,Nuit avec éclairage non allumé,En agglomération,Hors intersection,Normale,Sans collision,,,,,,,,,,,4,2,1,1.0,7.0
201000044559,0010-03-04 12:57:00,10,3,4,12,57,800,21,"435, ABBEVILLE (RUE D')",,,Plein jour,En agglomération,Hors intersection,Normale,Deux véhicules - arrière,,,,,,,,,,,1,2,1,1.0,2.0
201000044560,0010-03-10 14:45:00,10,3,10,14,45,800,21,"00, ROUEN (RUE DE)",,,Plein jour,En agglomération,Hors intersection,Normale,Deux véhicules - arrière,,,,,,,,,,,1,2,1,1.0,2.0
201000044561,0010-03-12 12:00:00,10,3,12,12,0,800,21,"00, DUTHOIT (RUE)",,,Plein jour,En agglomération,Intersection en X,Normale,Deux véhicules - côté,,,,,,,,,,,1,2,2,1.0,3.0
201000044562,0010-03-12 18:15:00,10,3,12,18,15,800,261,,,,Plein jour,Hors agglomération,Hors intersection,Normale,Deux véhicules - arrière,,,,,,,,,,,1,1,1,1.0,2.0
201000044563,0010-03-11 12:20:00,10,3,11,12,20,800,21,"00, GEORGES CLEMENCEAU (",,,Plein jour,En agglomération,Giratoire,Normale,Deux véhicules - côté,,,,,,,,,,,1,2,6,1.0,3.0
201000044564,0010-03-16 14:50:00,10,3,16,14,50,800,21,"00, ROUBAIX (BOULEVARD D",,,Plein jour,En agglomération,Hors intersection,Normale,Autre collision,,,,,,,,,,,1,2,1,1.0,6.0
201000044565,0010-03-19 16:40:00,10,3,19,16,40,800,21,"00, EUROPE (AVENUE DE L'",,,Plein jour,En agglomération,Hors intersection,Normale,Autre collision,,,,,,,,,,,1,2,1,1.0,6.0
201000044566,0010-03-21 10:45:00,10,3,21,10,45,800,21,"00, ALSACE LORRAINE (BOU",,,Plein jour,En agglomération,Hors intersection,Normale,Trois véhicules et plus - en chaîne,,,,,,,,,,,1,2,1,1.0,4.0
201000044567,0010-03-20 15:30:00,10,3,20,15,30,800,674,GENERAL LECLERC (AVENUE,,,Plein jour,En agglomération,Hors intersection,Normale,Trois véhicules et plus - en chaîne,,,,,,,,,,,1,2,1,1.0,4.0
201000044568,0010-03-22 19:45:00,10,3,22,19,45,800,21,VULFRAN WARME (RUE),,,Nuit avec éclairage allumé,En agglomération,Intersection en T,Normale,Deux véhicules - côté,,,,,,,,,,,5,2,3,1.0,3.0
201000044569,0010-03-24 14:30:00,10,3,24,14,30,800,489,ROCADE NORD EST RN 25,,,Plein jour,Hors agglomération,Hors intersection,Normale,Sans collision,,,,,,,,,,,1,1,1,1.0,7.0
201000044570,0010-03-27 18:35:00,10,3,27,18,35,800,489,"00, VILLE IDEALE (AVENUE",,,Plein jour,En agglomération,Hors intersection,Normale,Autre collision,,,,,,,,,,,1,2,1,1.0,6.0
201000044571,0010-03-29 10:10:00,10,3,29,10,10,800,21,RN 25,,,Plein jour,Hors agglomération,Hors intersection,Normale,Sans collision,,,,,,,,,,,1,1,1,1.0,7.0
201000044572,0010-03-26 18:40:00,10,3,26,18,40,800,21,"00, DEUXIEME DB (RUE DE",,,Plein jour,En agglomération,Hors intersection,Normale,Trois véhicules et plus - collisions multiples,,,,,,,,,,,1,2,1,1.0,5.0
201000044573,0010-03-30 13:48:00,10,3,30,13,48,800,21,"00, LUCIEN LECOINTE (RUE",,,Plein jour,En agglomération,Hors intersection,Normale,Deux véhicules - arrière,,,,,,,,,,,1,2,1,1.0,2.0
201000044574,0010-03-30 19:50:00,10,3,30,19,50,800,725,"00, MOUTIERS (RUE DES)",,,Crépuscule ou aube,En agglomération,Hors intersection,Pluie légère,Autre collision,,,,,,,,,,,2,2,1,2.0,6.0
201000044575,0010-03-31 19:10:00,10,3,31,19,10,800,21,"104, JEAN JAURES (RUE)",,,Plein jour,En agglomération,Hors intersection,Pluie légère,Deux véhicules - côté,,,,,,,,,,,1,2,1,2.0,3.0
201000044576,0010-03-31 08:20:00,10,3,31,8,20,800,21,"34, HECQUET (RUE)",,,Plein jour,En agglomération,Hors intersection,Normale,Deux véhicules - côté,,,,,,,,,,,1,2,1,1.0,3.0
201000044577,0010-03-31 10:10:00,10,3,31,10,10,800,21,FEURRE (PLACE AU),,,Plein jour,En agglomération,Intersection en X,Normale,Autre collision,,,,,,,,,,,1,2,2,1.0,6.0
201000044578,0010-04-05 16:15:00,10,4,5,16,15,800,21,"00, HAUTE DES CHAMPS (RU",,,Plein jour,En agglomération,Intersection en T,Normale,Deux véhicules - côté,,,,,,,,,,,1,2,3,1.0,3.0
201000044579,0010-04-06 09:50:00,10,4,6,9,50,800,21,RUE VOCLIN,,,Plein jour,En agglomération,Hors intersection,Normale,Autre collision,,,,,,,,,,,1,2,1,1.0,6.0
201000044580,0010-04-06 15:05:00,10,4,6,15,5,800,21,"00, SOMME (QUAI DE LA)",,,Plein jour,En agglomération,Hors intersection,Normale,Autre collision,,,,,,,,,,,1,2,1,1.0,6.0
201000044581,0010-04-04 16:45:00,10,4,4,16,45,800,21,"142, JULES BARNI (RUE)",,,Plein jour,En agglomération,Hors intersection,Normale,Deux véhicules - côté,,,,,,,,,,,1,2,1,1.0,3.0
201000044582,0010-04-02 17:20:00,10,4,2,17,20,800,21,"294, BEAUVILLE CENTRE (B",,,Plein jour,En agglomération,Hors intersection,Normale,Sans collision,,,,,,,,,,,1,2,1,1.0,7.0
201000044583,0010-04-08 09:30:00,10,4,8,9,30,800,21,"440, ABBEVILLE (RUE D')",,,Plein jour,En agglomération,Hors intersection,Normale,Deux véhicules - côté,,,,,,,,,,,1,2,1,1.0,3.0
201000044584,0010-04-18 21:50:00,10,4,18,21,50,800,21,"00, ABBEVILLE (RUE D')",,,Nuit avec éclairage allumé,En agglomération,Hors intersection,Normale,Sans collision,,,,,,,,,,,5,2,1,1.0,7.0
201000044585,0010-04-16 19:50:00,10,4,16,19,50,800,21,"00, JEAN RACINE (RUE)",,,Plein jour,En agglomération,Intersection en T,Normale,Deux véhicules - côté,,,,,,,,,,,1,2,3,1.0,3.0
201000044586,0010-04-17 13:45:00,10,4,17,13,45,800,21,"00, ROUBAIX (BOULEVARD D",,,Plein jour,En agglomération,Hors intersection,Normale,Autre collision,,,,,,,,,,,1,2,1,1.0,6.0
201000044587,0010-04-18 20:20:00,10,4,18,20,20,800,21,"00, ABBEVILLE (RUE D')",,,Plein jour,En agglomération,Giratoire,Normale,Deux véhicules - côté,,,,,,,,,,,1,2,6,1.0,3.0
201000044588,0010-04-16 17:05:00,10,4,16,17,5,800,21,"167, JULES FERRY (CHAUSS",,,Plein jour,En agglomération,Intersection en T,Normale,Deux véhicules - côté,,,,,,,,,,,1,2,3,1.0,3.0
201000044589,0010-04-16 15:45:00,10,4,16,15,45,800,730,"00, PONT DE METZ (ROUTE",,,Plein jour,En agglomération,Hors intersection,Normale,Deux véhicules - arrière,,,,,,,,,,,1,2,1,1.0,2.0
201000044590,0010-04-15 15:30:00,10,4,15,15,30,800,21,"91, VIGNACOURT (RUE DE)",,,Plein jour,En agglomération,Hors intersection,Normale,Deux véhicules - arrière,,,,,,,,,,,1,2,1,1.0,2.0
201000044591,0010-04-14 14:00:00,10,4,14,14,0,800,21,"07, MOULIN (RUE DU)",,,Plein jour,En agglomération,Hors intersection,Normale,Deux véhicules - frontale,,,,,,,,,,,1,2,1,1.0,1.0
201000044592,0010-04-12 10:50:00,10,4,12,10,50,800,21,"00, LEON DUPONTREUE (RUE",,,Plein jour,En agglomération,Hors intersection,Normale,Autre collision,,,,,,,,,,,1,2,1,1.0,6.0
201000044593,0010-04-10 14:30:00,10,4,10,14,30,800,724,"36, JEAN CATELAS (RUE)",,,Plein jour,En agglomération,Hors intersection,Normale,Deux véhicules - arrière,,,,,,,,,,,1,2,1,1.0,2.0
201000044594,0010-04-26 12:45:00,10,4,26,12,45,800,21,ROCADE NORD RN 1,,,Plein jour,Hors agglomération,Hors intersection,Normale,Sans collision,,,,,,,,,,,1,1,1,1.0,7.0
201000044595,0010-04-26 12:10:00,10,4,26,12,10,800,21,"00, COLVERT",,,Plein jour,En agglomération,Hors intersection,Normale,Autre collision,,,,,,,,,,,1,2,1,1.0,6.0
201000044596,0010-04-19 14:05:00,10,4,19,14,5,800,21,RUE G. CLEMENCEAU,,,Plein jour,En agglomération,Giratoire,Normale,Deux véhicules - côté,,,,,,,,,,,1,2,6,1.0,3.0
201000044597,0010-04-19 14:50:00,10,4,19,14,50,800,725,"00, FACULTES (AVENUE DES",,,Plein jour,En agglomération,Hors intersection,Normale,Autre collision,,,,,,,,,,,1,2,1,1.0,6.0
201000044598,0010-04-20 13:50:00,10,4,20,13,50,800,21,"00, VOGEL (PLACE)",,,Plein jour,En agglomération,Intersection en T,Normale,Deux véhicules - côté,,,,,,,,,,,1,2,3,1.0,3.0
201000044599,0010-04-20 19:10:00,10,4,20,19,10,800,21,PLACE PARMENTIER,,,Plein jour,En agglomération,Hors intersection,Normale,Deux véhicules - côté,,,,,,,,,,,1,2,1,1.0,3.0
201000044600,0010-04-20 11:40:00,10,4,20,11,40,800,21,"00, ABBEVILLE (RUE D')",,,Plein jour,En agglomération,Giratoire,Normale,Deux véhicules - côté,,,,,,,,,,,1,2,6,1.0,3.0
201000044601,0010-04-20 20:50:00,10,4,20,20,50,800,674,"00, JEAN JACQUES ROUSSEA",,,Crépuscule ou aube,En agglomération,Giratoire,Normale,Autre collision,,,,,,,,,,,2,2,6,1.0,6.0
201000044602,0010-04-21 12:45:00,10,4,21,12,45,800,489,"00, MICHEL STROGOFF  (BO",,,Plein jour,En agglomération,Hors intersection,Normale,Deux véhicules - côté,,,,,,,,,,,1,2,1,1.0,3.0
201000044603,0010-04-23 23:40:00,10,4,23,23,40,800,21,RUE ABBEVILLE,,,Nuit avec éclairage allumé,En agglomération,Giratoire,Normale,Deux véhicules - côté,,,,,,,,,,,5,2,6,1.0,3.0
201000044604,0010-04-22 08:20:00,10,4,22,8,20,800,21,"00, ALEXANDRE DUMAS (RUE",,,Plein jour,En agglomération,Giratoire,Normale,Deux véhicules - côté,,,,,,,,,,,1,2,6,1.0,3.0
201000044605,0010-04-22 20:35:00,10,4,22,20,35,800,21,"00, JEAN MOULIN (RUE)",,,Nuit avec éclairage allumé,En agglomération,Intersection en X,Normale,Deux véhicules - côté,,,,,,,,,,,5,2,2,1.0,3.0
201000044606,0010-04-30 17:15:00,10,4,30,17,15,800,21,"180, JULES BARNI (RUE)",,,Plein jour,En agglomération,Hors intersection,Normale,Autre collision,,,,,,,,,,,1,2,1,1.0,6.0
201000044607,0010-05-01 20:50:00,10,5,1,20,50,800,21,"00, PARMENTIER (PLACE)",,,Nuit avec éclairage allumé,En agglomération,Intersection en X,Pluie légère,Deux véhicules - côté,,,,,,,,,,,5,2,2,2.0,3.0
201000044608,0010-04-29 08:15:00,10,4,29,8,15,800,21,"00, SAINT QUENTIN (BOULE",,,Plein jour,En agglomération,Hors intersection,Normale,Autre collision,,,,,,,,,,,1,2,1,1.0,6.0
201000044609,0010-04-29 07:10:00,10,4,29,7,10,800,21,"00, SAINT QUENTIN (BOULE",,,Plein jour,En agglomération,Intersection en X,Normale,Deux véhicules - arrière,,,,,,,,,,,1,2,2,1.0,2.0
201000044610,0010-04-27 12:00:00,10,4,27,12,0,800,21,"60, CASTILLE (RUE DE)",,,Plein jour,En agglomération,Hors intersection,Normale,Autre collision,,,,,,,,,,,1,2,1,1.0,6.0
201000044611,0010-04-29 19:50:00,10,4,29,19,50,800,21,"52, ABBAYE (RUE DE L')",,,Plein jour,En agglomération,Hors intersection,Normale,Deux véhicules - côté,,,,,,,,,,,1,2,1,1.0,3.0
201000044612,0010-05-02 18:25:00,10,5,2,18,25,800,21,LONGUEVILLE (PLACE),,,Plein jour,En agglomération,Intersection en X,Normale,Deux véhicules - côté,,,,,,,,,,,1,2,2,1.0,3.0
201000044613,0010-05-03 13:05:00,10,5,3,13,5,800,21,"133, EMILE LESOT (RUE)",,,Plein jour,En agglomération,Hors intersection,Normale,Deux véhicules - frontale,,,,,,,,,,,1,2,1,1.0,1.0
201000044614,0010-05-04 13:00:00,10,5,4,13,0,800,21,"00, TERRAL (RUE)",,,Plein jour,En agglomération,Intersection en T,Normale,Trois véhicules et plus - collisions multiples,,,,,,,,,,,1,2,3,1.0,5.0
201000044615,0010-05-06 12:18:00,10,5,6,12,18,800,21,"122, SAINT FUSCIEN (RUE)",,,Plein jour,En agglomération,Intersection en T,Normale,Deux véhicules - côté,,,,,,,,,,,1,2,3,1.0,3.0
201000044616,0010-05-10 19:45:00,10,5,10,19,45,800,21,", CHARLES DE FOUCAULD",,,Plein jour,En agglomération,Hors intersection,Normale,Deux véhicules - côté,,,,,,,,,,,1,2,1,1.0,3.0
201000044617,0010-05-10 16:00:00,10,5,10,16,0,800,21,"00, GEORGES POMPIDOU (AV",,,Plein jour,En agglomération,Intersection en T,Normale,Deux véhicules - côté,,,,,,,,,,,1,2,3,1.0,3.0
201000044618,0010-05-08 13:00:00,10,5,8,13,0,800,21,"00, GEORGES BEAUVAIS (RU",,,Plein jour,En agglomération,Intersection en X,Normale,Deux véhicules - côté,,,,,,,,,,,1,2,2,1.0,3.0
201000044619,0010-05-08 10:50:00,10,5,8,10,50,800,21,"00, ALPHONSE FIQUET (PLA",,,Plein jour,En agglomération,Hors intersection,Normale,Deux véhicules - côté,,,,,,,,,,,1,2,1,1.0,3.0
201000044620,0010-05-07 19:25:00,10,5,7,19,25,800,21,"00, CARREFOUR (ZONE COMM",,,Plein jour,En agglomération,Hors intersection,Normale,Deux véhicules - côté,,,,,,,,,,,1,2,1,1.0,3.0
201000044621,0010-05-13 03:50:00,10,5,13,3,50,800,21,265 RUE DE VERDUN,,,Nuit avec éclairage allumé,En agglomération,Hors intersection,Normale,Autre collision,,,,,,,,,,,5,2,1,1.0,6.0
201000044622,0010-05-15 14:00:00,10,5,15,14,0,800,21,"00, LESCOUVE (RUE)",,,Plein jour,En agglomération,Hors intersection,Normale,Sans collision,,,,,,,,,,,1,2,1,1.0,7.0
201000044623,0010-05-16 22:45:00,10,5,16,22,45,800,21,BOULEVARD FAIDHERBE,,,Nuit avec éclairage allumé,En agglomération,Intersection en X,Normale,Trois véhicules et plus - collisions multiples,,,,,,,,,,,5,2,2,1.0,5.0
201000044624,0010-05-12 12:10:00,10,5,12,12,10,800,21,"39, QUEBEC (RUE DE)",,,Plein jour,En agglomération,Hors intersection,Normale,Sans collision,,,,,,,,,,,1,2,1,1.0,7.0
201000044625,0010-05-12 17:05:00,10,5,12,17,5,800,21,"115, ALEXANDRE DUMAS",,,Plein jour,En agglomération,Hors intersection,Normale,Autre collision,,,,,,,,,,,1,2,1,1.0,6.0