accident_id,datetime,annee,mois,jour,heure,minute,departement,commune_insee,adresse,latitude,longitude,luminosite,agglomeration,intersection,meteo,collision,nb_vehicules,nb_usagers,nb_indemnes,nb_tues,nb_blesses_hosp,nb_blesses_legers,age_cond_1,age_cond_2,veh_type_cond_1,veh_type_cond_2,lum_code,agg_code,int_code,atm_code,col_code
201000044626,0010-05-12 18:30:00,10,5,12,18,30,800,21,"00, LOUIS RUFFEL (RUE)",,,Plein jour,En agglomération,Intersection en T,Normale,Deux véhicules - côté,,,,,,,,,,,1,2,3,1.0,3.0
201000044627,0010-05-18 18:15:00,10,5,18,18,15,800,21,"00, FAIDHERBE (BOULEVARD",,,Plein jour,En agglomération,Hors intersection,Normale,Deux véhicules - arrière,,,,,,,,,,,1,2,1,1.0,2.0
201000044628,0010-05-18 17:45:00,10,5,18,17,45,800,21,"267, ABBEVILLE (RUE D')",,,Plein jour,En agglomération,Hors intersection,Normale,Deux véhicules - côté,,,,,,,,,,,1,2,1,1.0,3.0
201000044629,0010-05-18 18:20:00,10,5,18,18,20,800,21,RUE SULLY,,,Plein jour,En agglomération,Hors intersection,Normale,Sans collision,,,,,,,,,,,1,2,1,1.0,7.0
201000044630,0010-05-18 08:45:00,10,5,18,8,45,800,632,"11, ROUEN (ROUTE DE)",,,Plein jour,En agglomération,Hors intersection,Normale,Trois véhicules et plus - en chaîne,,,,,,,,,,,1,2,1,1.0,4.0
201000044631,0010-05-19 14:30:00,10,5,19,14,30,800,21,"47, BARABAN (BOULEVARD)",,,Plein jour,En agglomération,Hors intersection,Normale,Deux véhicules - côté,,,,,,,,,,,1,2,1,1.0,3.0
201000044632,0010-05-19 16:59:00,10,5,19,16,59,800,21,"00, BEAUVAIS (RUE DE)",,,Plein jour,En agglomération,Hors intersection,Normale,Sans collision,,,,,,,,,,,1,2,1,1.0,7.0
201000044633,0010-05-19 18:40:00,10,5,19,18,40,800,21,rue des prés forêts,,,Plein jour,En agglomération,Intersection en X,Normale,Deux véhicules - frontale,,,,,,,,,,,1,2,2,1.0,1.0
201000044634,0010-05-20 18:10:00,10,5,20,18,10,800,256,RD 1235,,,Plein jour,Hors agglomération,Hors intersection,Normale,Deux véhicules - côté,,,,,,,,,,,1,1,1,1.0,3.0
201000044635,0010-05-23 11:15:00,10,5,23,11,15,800,21,ROCADE NORD RN 1,,,Plein jour,Hors agglomération,Hors intersection,Normale,Deux véhicules - arrière,,,,,,,,,,,1,1,1,1.0,2.0
201000044636,0010-05-22 19:05:00,10,5,22,19,5,800,674,"157, THUILLIER DELAMBRE",,,Plein jour,En agglomération,Intersection en T,Normale,Deux véhicules - côté,,,,,,,,,,,1,2,3,1.0,3.0
201000044637,0010-05-25 15:25:00,10,5,25,15,25,800,164,RUE PETIT MARIUS,,,Plein jour,En agglomération,Hors intersection,Normale,Sans collision,,,,,,,,,,,1,2,1,1.0,7.0
201000044638,0010-05-25 06:40:00,10,5,25,6,40,800,164,CORBIE (ROUTE),,,Plein jour,Hors agglomération,Hors intersection,Normale,Sans collision,,,,,,,,,,,1,1,1,1.0,7.0
201000044639,0010-05-27 12:10:00,10,5,27,12,10,800,21,"00, MILLEVOYE (RUE)",,,Plein jour,En agglomération,Intersection en X,Normale,Deux véhicules - côté,,,,,,,,,,,1,2,2,1.0,3.0
201000044640,0010-05-27 14:50:00,10,5,27,14,50,800,21,"03, METZ (RUE DE)",,,Plein jour,En agglomération,Hors intersection,Normale,Autre collision,,,,,,,,,,,1,2,1,1.0,6.0
201000044641,0010-05-29 01:15:00,10,5,29,1,15,800,702,,,,Nuit sans éclairage public,Hors agglomération,Hors intersection,Normale,Deux véhicules - arrière,,,,,,,,,,,3,1,1,1.0,2.0
201000044642,0010-05-31 00:10:00,10,5,31,0,10,800,164,CORBIE (ROUTE),,,Nuit sans éclairage public,Hors agglomération,Hors intersection,Normale,Autre collision,,,,,,,,,,,3,1,1,1.0,6.0
201000044643,0010-05-31 21:45:00,10,5,31,21,45,800,21,"00, SALVADOR ALLENDE (AV",,,Nuit avec éclairage allumé,En agglomération,Intersection en X,Normale,Deux véhicules - côté,,,,,,,,,,,5,2,2,1.0,3.0
201000044644,0010-05-28 08:10:00,10,5,28,8,10,800,256,"01, Rue Victor Hugo",,,Plein jour,En agglomération,Hors intersection,Normale,Autre collision,,,,,,,,,,,1,2,1,1.0,6.0
201000044645,0010-05-28 12:05:00,10,5,28,12,5,800,21,"62, SAINT LEU (RUE)",,,Plein jour,En agglomération,Hors intersection,Normale,Autre collision,,,,,,,,,,,1,2,1,1.0,6.0
201000044646,0010-05-30 06:00:00,10,5,30,6,0,800,632,"51, ROUEN (ROUTE DE)",,,Crépuscule ou aube,En agglomération,Hors intersection,Normale,Autre collision,,,,,,,,,,,2,2,1,1.0,6.0
201000044647,0010-05-30 19:50:00,10,5,30,19,50,800,21,16 rue EDOUARD GAND,,,Plein jour,En agglomération,Intersection en Y,Normale,Deux véhicules - frontale,,,,,,,,,,,1,2,4,1.0,1.0
201000044648,0010-06-01 17:45:00,10,6,1,17,45,800,21,"00, PAUL CLAUDEL (AVENUE",,,Plein jour,En agglomération,Intersection en X,Normale,Deux véhicules - côté,,,,,,,,,,,1,2,2,1.0,3.0
201000044649,0010-06-03 10:50:00,10,6,3,10,50,800,21,"38, LEO LAGRANGE (RUE)",,,Plein jour,En agglomération,Hors intersection,Normale,Deux véhicules - arrière,,,,,,,,,,,1,2,1,1.0,2.0
201000044650,0010-06-05 10:30:00,10,6,5,10,30,800,21,"08, MARCHE LANSELLES (RU",,,Plein jour,En agglomération,Hors intersection,Normale,Autre collision,,,,,,,,,,,1,2,1,1.0,6.0
201000044651,0010-06-06 15:55:00,10,6,6,15,55,800,21,PARMENTIER (PLACE),,,Plein jour,En agglomération,Hors intersection,Normale,Deux véhicules - côté,,,,,,,,,,,1,2,1,1.0,3.0
201000044652,0010-06-05 00:15:00,10,6,5,0,15,800,21,"30, VULFRAN WARME (RUE)",,,Nuit avec éclairage allumé,En agglomération,Intersection en T,Normale,Deux véhicules - côté,,,,,,,,,,,5,2,3,1.0,3.0
201000044653,0010-06-04 16:55:00,10,6,4,16,55,800,21,"00, PRES FORETS (RUE DES",,,Plein jour,En agglomération,Hors intersection,Normale,Trois véhicules et plus - en chaîne,,,,,,,,,,,1,2,1,1.0,4.0
201000044654,0010-06-08 08:25:00,10,6,8,8,25,800,21,"00, ANDRE DUROUCHEZ (RUE",,,Plein jour,En agglomération,Intersection en T,Pluie légère,Deux véhicules - côté,,,,,,,,,,,1,2,3,2.0,3.0
201000044655,0010-06-08 18:45:00,10,6,8,18,45,800,21,"00, ROUBAIX (BOULEVARD D",,,Plein jour,En agglomération,Hors intersection,Normale,Autre collision,,,,,,,,,,,1,2,1,1.0,6.0
201000044656,0010-06-11 13:20:00,10,6,11,13,20,800,21,"10, ROGER DUMOULIN (AVEN",,,Plein jour,En agglomération,Hors intersection,Normale,Deux véhicules - côté,,,,,,,,,,,1,2,1,1.0,3.0
201000044657,0010-06-10 19:20:00,10,6,10,19,20,800,21,"00, EUROPE (AVENUE DE L'",,,Plein jour,Hors agglomération,Hors intersection,Normale,Deux véhicules - côté,,,,,,,,,,,1,1,1,1.0,3.0
201000044658,0010-06-10 15:05:00,10,6,10,15,5,800,21,"76, GENERAL FOY (AVENUE",,,Plein jour,En agglomération,Intersection en T,Normale,Deux véhicules - côté,,,,,,,,,,,1,2,3,1.0,3.0
201000044659,0010-06-10 08:00:00,10,6,10,8,0,800,21,"00, HENRIETTE DUMUIN (RU",,,Plein jour,En agglomération,Intersection en X,Normale,Autre collision,,,,,,,,,,,1,2,2,1.0,6.0
201000044660,0010-06-10 21:10:00,10,6,10,21,10,800,21,"00, ALEXANDRE DUMAS (RUE",,,Crépuscule ou aube,En agglomération,Hors intersection,Normale,Deux véhicules - côté,,,,,,,,,,,2,2,1,1.0,3.0
201000044661,0010-06-09 16:20:00,10,6,9,16,20,800,21,"00, CHU NORD",,,Plein jour,En agglomération,Hors intersection,Normale,Deux véhicules - arrière,,,,,,,,,,,1,2,1,1.0,2.0
201000044662,0010-06-16 19:55:00,10,6,16,19,55,800,21,"00, CHARLES DE FOUCAULD",,,Plein jour,En agglomération,Intersection en X,Normale,Deux véhicules - côté,,,,,,,,,,,1,2,2,1.0,3.0
201000044663,0010-06-16 19:20:00,10,6,16,19,20,800,21,"153, LUCIEN LECOINTE (RU",,,Plein jour,En agglomération,Hors intersection,Normale,Autre collision,,,,,,,,,,,1,2,1,1.0,6.0
201000044664,0010-06-19 00:20:00,10,6,19,0,20,800,21,"00, LEON DUPONTREUE (RUE",,,Nuit avec éclairage allumé,En agglomération,Hors intersection,Normale,Deux véhicules - arrière,,,,,,,,,,,5,2,1,1.0,2.0
201000044665,0010-06-22 00:20:00,10,6,22,0,20,800,489,ROCADE NORD EST RN 25,,,Nuit avec éclairage allumé,Hors agglomération,Hors intersection,Normale,Sans collision,,,,,,,,,,,5,1,1,1.0,7.0
201000044666,0010-06-23 09:45:00,10,6,23,9,45,800,21,"00, LEO LAGRANGE (RUE)",,,Plein jour,En agglomération,Intersection en X,Normale,Deux véhicules - côté,,,,,,,,,,,1,2,2,1.0,3.0
201000044667,0010-06-18 11:05:00,10,6,18,11,5,800,489,"129, HENRI BARBUSSE (RUE",,,Plein jour,En agglomération,Hors intersection,Normale,Autre collision,,,,,,,,,,,1,2,1,1.0,6.0
201000044668,0010-06-18 22:35:00,10,6,18,22,35,800,21,"00, FEDERES (BOULEVARD D",,,Nuit avec éclairage allumé,En agglomération,Hors intersection,Normale,Sans collision,,,,,,,,,,,5,2,1,1.0,7.0
201000044669,0010-06-17 10:00:00,10,6,17,10,0,800,164,CORBIE (ROUTE),,,Plein jour,Hors agglomération,Intersection en T,Normale,Deux véhicules - côté,,,,,,,,,,,1,1,3,1.0,3.0
201000044670,0010-06-30 07:40:00,10,6,30,7,40,800,256,RD 1235,,,Plein jour,En agglomération,Hors intersection,Normale,Deux véhicules - côté,,,,,,,,,,,1,2,1,1.0,3.0
201000044671,0010-07-01 23:20:00,10,7,1,23,20,800,21,"00, QUATORZE JUILLET 178",,,Nuit avec éclairage allumé,En agglomération,Hors intersection,Normale,Autre collision,,,,,,,,,,,5,2,1,1.0,6.0
201000044672,0010-06-28 17:45:00,10,6,28,17,45,800,21,ROUBAIX (BOULEVARD DE ),,,Plein jour,En agglomération,Hors intersection,Normale,Sans collision,,,,,,,,,,,1,2,1,1.0,7.0
201000044673,0010-06-28 17:55:00,10,6,28,17,55,800,21,"00, CAGNY (RUE DE)",,,Plein jour,En agglomération,Hors intersection,Normale,Autre collision,,,,,,,,,,,1,2,1,1.0,6.0
201000044674,0010-06-25 14:00:00,10,6,25,14,0,800,21,"00, JULES FERRY (CHAUSSE",,,Plein jour,En agglomération,Hors intersection,Normale,Deux véhicules - côté,,,,,,,,,,,1,2,1,1.0,3.0
201000044675,0010-06-27 20:40:00,10,6,27,20,40,800,632,"00, ROUEN (ROUTE DE)",,,Plein jour,En agglomération,Hors intersection,Normale,Autre collision,,,,,,,,,,,1,2,1,1.0,6.0
201000044676,0010-06-25 16:20:00,10,6,25,16,20,800,21,"00, JULES FERRY (CHAUSSE",,,Plein jour,En agglomération,Hors intersection,Normale,Deux véhicules - côté,,,,,,,,,,,1,2,1,1.0,3.0
201000044677,0010-06-26 14:00:00,10,6,26,14,0,800,21,"00, FEDERES (BOULEVARD D",,,Plein jour,En agglomération,Hors intersection,Normale,Autre collision,,,,,,,,,,,1,2,1,1.0,6.0
201000044678,0010-06-26 14:20:00,10,6,26,14,20,800,21,DEFENSE PASSIVE (AVENUE,,,Plein jour,En agglomération,Hors intersection,Normale,Deux véhicules - côté,,,,,,,,,,,1,2,1,1.0,3.0
201000044679,0010-06-27 11:40:00,10,6,27,11,40,800,21,"00, LEO LAGRANGE (RUE)",,,Plein jour,En agglomération,Hors intersection,Normale,Autre collision,,,,,,,,,,,1,2,1,1.0,6.0
201000044680,0010-06-25 09:20:00,10,6,25,9,20,800,21,"10, SERGENTS (RUE DES)",,,Plein jour,En agglomération,Hors intersection,Normale,Autre collision,,,,,,,,,,,1,2,1,1.0,6.0
201000044681,0010-06-29 09:05:00,10,6,29,9,5,800,21,PORT D'AMONT,,,Plein jour,En agglomération,Intersection en X,Normale,Deux véhicules - côté,,,,,,,,,,,1,2,2,1.0,3.0
201000044682,0010-06-29 12:05:00,10,6,29,12,5,800,21,"00, PARIS (RUE DE)",,,Plein jour,En agglomération,Hors intersection,Normale,Autre collision,,,,,,,,,,,1,2,1,1.0,6.0
201000044683,0010-06-29 16:35:00,10,6,29,16,35,800,21,"00, VAUX (RUE DE )",,,Plein jour,En agglomération,Hors intersection,Normale,Deux véhicules - côté,,,,,,,,,,,1,2,1,1.0,3.0
201000044684,0010-07-07 17:48:00,10,7,7,17,48,800,21,rue condorcet,,,Plein jour,En agglomération,Hors intersection,Normale,Autre collision,,,,,,,,,,,1,2,1,1.0,6.0
201000044685,0010-07-02 15:55:00,10,7,2,15,55,800,724,"112, ROGER SALENGRO (RUE",,,Plein jour,En agglomération,Hors intersection,Pluie légère,Autre collision,,,,,,,,,,,1,2,1,2.0,6.0
201000044686,0010-07-02 16:10:00,10,7,2,16,10,800,21,"00, GEORGES POMPIDOU (AV",,,Plein jour,En agglomération,Hors intersection,Pluie légère,Deux véhicules - côté,,,,,,,,,,,1,2,1,2.0,3.0
201000044687,0010-07-11 16:00:00,10,7,11,16,0,800,21,AVENUE DE LA PAIX,,,Plein jour,En agglomération,Hors intersection,Normale,Deux véhicules - côté,,,,,,,,,,,1,2,1,1.0,3.0
201000044688,0010-07-08 15:30:00,10,7,8,15,30,800,21,"225, ROUEN (RUE DE)",,,Plein jour,En agglomération,Hors intersection,Normale,Deux véhicules - arrière,,,,,,,,,,,1,2,1,1.0,2.0
201000044689,0010-07-11 02:00:00,10,7,11,2,0,800,21,"00, CHATEAU MILAN (RUE D",,,Nuit avec éclairage allumé,En agglomération,Intersection en X,Normale,Deux véhicules - côté,,,,,,,,,,,5,2,2,1.0,3.0
201000044690,0010-07-03 15:10:00,10,7,3,15,10,800,261,"00, AMIENS (ROUTE D')",,,Plein jour,En agglomération,Hors intersection,Normale,Trois véhicules et plus - en chaîne,,,,,,,,,,,1,2,1,1.0,4.0
201000044691,0010-07-09 20:10:00,10,7,9,20,10,800,21,"00, JEAN MOULIN (RUE)",,,Plein jour,En agglomération,Intersection en X,Normale,Deux véhicules - côté,,,,,,,,,,,1,2,2,1.0,3.0
201000044692,0010-07-08 12:37:00,10,7,8,12,37,800,724,NORMANDIE (ROUTE DE) RD,,,Plein jour,Hors agglomération,Giratoire,Normale,Deux véhicules - côté,,,,,,,,,,,1,1,6,1.0,3.0
201000044693,0010-07-14 13:00:00,10,7,14,13,0,800,21,"00, VICTOR PAUCHET (PLAC",,,Plein jour,En agglomération,Intersection en X,Pluie forte,Deux véhicules - côté,,,,,,,,,,,1,2,2,3.0,3.0
201000044694,0010-07-15 16:15:00,10,7,15,16,15,800,21,"31, DEFENSE PASSIVE (AVE",,,Plein jour,En agglomération,Hors intersection,Normale,Autre collision,,,,,,,,,,,1,2,1,1.0,6.0
201000044695,0010-07-15 10:45:00,10,7,15,10,45,800,21,"00, CHAMP PILLARD (RUE D",,,Plein jour,Hors agglomération,Hors intersection,Normale,Deux véhicules - frontale,,,,,,,,,,,1,1,1,1.0,1.0
201000044696,0010-07-19 13:00:00,10,7,19,13,0,800,21,"00, GENERAL FRIANT (RUE",,,Plein jour,En agglomération,Hors intersection,Normale,Sans collision,,,,,,,,,,,1,2,1,1.0,7.0
201000044697,0010-07-18 20:10:00,10,7,18,20,10,800,21,"00, EMILE THUILLIEZ (SQU",,,Plein jour,En agglomération,Hors intersection,Normale,Deux véhicules - frontale,,,,,,,,,,,1,2,1,1.0,1.0
201000044698,0010-07-16 18:35:00,10,7,16,18,35,800,261,"00, AMIENS (ROUTE D')",,,Plein jour,En agglomération,Hors intersection,Normale,Deux véhicules - arrière,,,,,,,,,,,1,2,1,1.0,2.0
201000044699,0010-07-21 17:50:00,10,7,21,17,50,800,674,ROCADE NORD EST RN 25,,,Plein jour,Hors agglomération,Hors intersection,Pluie légère,Sans collision,,,,,,,,,,,1,1,1,2.0,7.0
201000044700,0010-07-20 20:40:00,10,7,20,20,40,800,489,"00, PIERRE SEMART (RUE)",,,Plein jour,Hors agglomération,Giratoire,Normale,Deux véhicules - côté,,,,,,,,,,,1,1,6,1.0,3.0
201000044701,0010-07-25 20:15:00,10,7,25,20,15,800,21,"655, ABBEVILLE (RUE D')",,,Plein jour,En agglomération,Giratoire,Normale,Deux véhicules - côté,,,,,,,,,,,1,2,6,1.0,3.0
201000044702,0010-07-27 08:20:00,10,7,27,8,20,800,21,"00, ALBERT 1ER (MAIL)",,,Plein jour,En agglomération,Hors intersection,Normale,Deux véhicules - côté,,,,,,,,,,,1,2,1,1.0,3.0
201000044703,0010-07-27 10:35:00,10,7,27,10,35,800,21,"00, PARMENTIER (PLACE)",,,Plein jour,En agglomération,Hors intersection,Normale,Autre collision,,,,,,,,,,,1,2,1,1.0,6.0
201000044704,0010-07-23 08:53:00,10,7,23,8,53,800,21,"22, COLONEL TEMPEZ (RUE)",,,Plein jour,En agglomération,Hors intersection,Normale,Autre collision,,,,,,,,,,,1,2,1,1.0,6.0
201000044705,0010-07-25 20:30:00,10,7,25,20,30,800,379,CHEMINS DES MARAIS,,,Plein jour,En agglomération,Hors intersection,Normale,Deux véhicules - frontale,,,,,,,,,,,1,2,1,1.0,1.0
201000044706,0010-07-31 14:55:00,10,7,31,14,55,800,24,DEPARTEMENTALE 412 (ROUT,,,Plein jour,Hors agglomération,Hors intersection,Normale,Deux véhicules - frontale,,,,,,,,,,,1,1,1,1.0,1.0
201000044707,0010-08-06 16:20:00,10,8,6,16,20,800,21,"17, CONDORCET (RUE)",,,Plein jour,En agglomération,Hors intersection,Normale,Autre collision,,,,,,,,,,,1,2,1,1.0,6.0
201000044708,0010-08-09 10:05:00,10,8,9,10,5,800,21,"05, LEON DEBOUVERIE (PLA",,,Plein jour,En agglomération,Hors intersection,Normale,Autre collision,,,,,,,,,,,1,2,1,1.0,6.0
201000044709,0010-08-06 16:53:00,10,8,6,16,53,800,21,"00, JEAN JAURES (RUE)",,,Plein jour,En agglomération,Intersection en T,Normale,Deux véhicules - côté,,,,,,,,,,,1,2,3,1.0,3.0
201000044710,0010-08-05 16:25:00,10,8,5,16,25,800,21,"501, QUATORZE JUILLET 17",,,Plein jour,En agglomération,Hors intersection,Normale,Deux véhicules - arrière,,,,,,,,,,,1,2,1,1.0,2.0
201000044711,0010-08-05 19:25:00,10,8,5,19,25,800,21,"00, BERANGER (RUE)",,,Plein jour,En agglomération,Intersection en T,Normale,Deux véhicules - côté,,,,,,,,,,,1,2,3,1.0,3.0
201000044712,0010-08-05 11:55:00,10,8,5,11,55,800,21,"62, OCTAVE TIERCE (RUE)",,,Plein jour,En agglomération,Hors intersection,Normale,Deux véhicules - côté,,,,,,,,,,,1,2,1,1.0,3.0
201000044713,0010-08-11 09:50:00,10,8,11,9,50,800,21,"00, FRANKLIN ROOSEVELT (",,,Plein jour,En agglomération,Giratoire,Pluie légère,Deux véhicules - côté,,,,,,,,,,,1,2,6,2.0,3.0
201000044714,0010-08-11 18:00:00,10,8,11,18,0,800,21,14 RUE LEO LAGRANGE,,,Plein jour,En agglomération,Hors intersection,Normale,Autre collision,,,,,,,,,,,1,2,1,1.0,6.0
201000044715,0010-08-12 14:50:00,10,8,12,14,50,800,21,"00, MILLEVOYE (RUE)",,,Plein jour,En agglomération,Intersection en X,Normale,Deux véhicules - côté,,,,,,,,,,,1,2,2,1.0,3.0
201000044716,0010-08-11 07:30:00,10,8,11,7,30,800,21,"00, ALEXANDRE DUMAS (RUE",,,Plein jour,En agglomération,Hors intersection,Normale,Autre collision,,,,,,,,,,,1,2,1,1.0,6.0
201000044717,0010-08-15 18:35:00,10,8,15,18,35,800,21,"00, FRANKLIN ROOSEVELT (",,,Plein jour,Hors agglomération,Hors intersection,Normale,Sans collision,,,,,,,,,,,1,1,1,1.0,7.0
201000044718,0010-08-26 16:25:00,10,8,26,16,25,800,21,"0, SAINT QUENTIN (BOULEV",,,Plein jour,En agglomération,Intersection en X,Pluie légère,Trois véhicules et plus - collisions multiples,,,,,,,,,,,1,2,2,2.0,5.0
201000044719,0010-08-21 11:50:00,10,8,21,11,50,800,21,"39, TROIS CAILLOUX (RUE",,,Plein jour,En agglomération,Hors intersection,Normale,Autre collision,,,,,,,,,,,1,2,1,1.0,6.0
201000044720,0010-08-22 12:50:00,10,8,22,12,50,800,21,"00, PIERRE ROLLIN (RUE)",,,Plein jour,En agglomération,Hors intersection,Normale,Deux véhicules - côté,,,,,,,,,,,1,2,1,1.0,3.0
201000044721,0010-08-27 11:45:00,10,8,27,11,45,800,21,"1, BARABAN (BOULEVARD)",,,Plein jour,En agglomération,Hors intersection,Normale,Autre collision,,,,,,,,,,,1,2,1,1.0,6.0
201000044722,0010-08-27 16:15:00,10,8,27,16,15,800,21,"00, EUROPE (AVENUE DE L'",,,Plein jour,En agglomération,Hors intersection,Pluie légère,Deux véhicules - arrière,,,,,,,,,,,1,2,1,2.0,2.0
201000044723,0010-08-29 12:10:00,10,8,29,12,10,800,21,"00, SALVADOR ALLENDE (AV",,,Plein jour,En agglomération,Intersection en X,Normale,Deux véhicules - côté,,,,,,,,,,,1,2,2,1.0,3.0
201000044724,0010-09-01 18:20:00,10,9,1,18,20,800,261,RD 1001,,,Plein jour,En agglomération,Hors intersection,Normale,Trois véhicules et plus - en chaîne,,,,,,,,,,,1,2,1,1.0,4.0
201000044725,0010-09-01 15:35:00,10,9,1,15,35,800,21,"1, COUPERIN (RUE)",,,Plein jour,En agglomération,Hors intersection,Normale,Autre collision,,,,,,,,,,,1,2,1,1.0,6.0
201000044726,0010-09-01 17:35:00,10,9,1,17,35,800,489,"13, GRACCHUS BABEUF (RUE",,,Plein jour,En agglomération,Intersection en T,Normale,Deux véhicules - frontale,,,,,,,,,,,1,2,3,1.0,1.0
201000044727,0010-09-02 15:40:00,10,9,2,15,40,800,164,"00, ROGER SALENGRO (RUE)",,,Plein jour,En agglomération,Hors intersection,Normale,Deux véhicules - côté,,,,,,,,,,,1,2,1,1.0,3.0
201000044728,0010-09-02 16:00:00,10,9,2,16,0,800,724,"25, CONTY (ROUTE DE)",,,Plein jour,En agglomération,Hors intersection,Normale,Deux véhicules - côté,,,,,,,,,,,1,2,1,1.0,3.0
201000044729,0010-09-04 18:25:00,10,9,4,18,25,800,632,"04, CHATEAU (RUE DU)",,,Plein jour,En agglomération,Hors intersection,Normale,Autre collision,,,,,,,,,,,1,2,1,1.0,6.0
201000044730,0010-09-03 16:55:00,10,9,3,16,55,800,21,"113, VIGNACOURT (RUE DE)",,,Plein jour,En agglomération,Hors intersection,Normale,Trois véhicules et plus - en chaîne,,,,,,,,,,,1,2,1,1.0,4.0
201000044731,0010-09-05 09:40:00,10,9,5,9,40,800,489,ROCADE NORD EST RN 25,,,Plein jour,Hors agglomération,Hors intersection,Normale,Sans collision,,,,,,,,,,,1,1,1,1.0,7.0
201000044732,0010-09-09 17:25:00,10,9,9,17,25,800,21,"00, LONDRES (AVENUE DE )",,,Plein jour,En agglomération,Intersection en X,Normale,Deux véhicules - côté,,,,,,,,,,,1,2,2,1.0,3.0
201000044733,0010-09-09 16:25:00,10,9,9,16,25,800,164,"00, CORBIE (ROUTE)",,,Plein jour,Hors agglomération,Hors intersection,Normale,Deux véhicules - côté,,,,,,,,,,,1,1,1,1.0,3.0
201000044734,0010-09-09 17:10:00,10,9,9,17,10,800,21,"00, AUSTRALIE (RUE D')",,,Plein jour,En agglomération,Hors intersection,Normale,Autre collision,,,,,,,,,,,1,2,1,1.0,6.0
201000044735,0010-09-08 16:50:00,10,9,8,16,50,800,725,"00, RD210",,,Plein jour,Hors agglomération,Hors intersection,Pluie légère,Trois véhicules et plus - collisions multiples,,,,,,,,,,,1,1,1,2.0,5.0
201000044736,0010-09-08 06:50:00,10,9,8,6,50,800,21,"00, GEORGES CLEMENCEAU (",,,Crépuscule ou aube,En agglomération,Giratoire,Pluie forte,Deux véhicules - côté,,,,,,,,,,,2,2,6,3.0,3.0
201000044737,0010-09-10 12:00:00,10,9,10,12,0,800,21,"00, SAINT MAURICE (RUE)",,,Plein jour,En agglomération,Intersection en X,Normale,Deux véhicules - côté,,,,,,,,,,,1,2,2,1.0,3.0
201000044738,0010-09-12 18:15:00,10,9,12,18,15,800,21,"02, LUCIEN LECOINTE (RUE",,,Plein jour,En agglomération,Hors intersection,Normale,Autre collision,,,,,,,,,,,1,2,1,1.0,6.0
201000044739,0010-09-20 08:40:00,10,9,20,8,40,800,21,"00, FRANKLIN ROOSEVELT (",,,Plein jour,En agglomération,Hors intersection,Normale,Deux véhicules - côté,,,,,,,,,,,1,2,1,1.0,3.0
201000044740,0010-09-17 15:45:00,10,9,17,15,45,800,21,"00, ALSACE LORRAINE (BOU",,,Plein jour,En agglomération,Hors intersection,Normale,Trois véhicules et plus - en chaîne,,,,,,,,,,,1,2,1,1.0,4.0
201000044741,0010-09-18 10:00:00,10,9,18,10,0,800,21,"00, GEORGES POMPIDOU (AV",,,Plein jour,En agglomération,Intersection en X,Normale,Deux véhicules - côté,,,,,,,,,,,1,2,2,1.0,3.0
201000044742,0010-09-19 21:20:00,10,9,19,21,20,800,21,"00, GENERAL LECLERC (RUE",,,Nuit avec éclairage allumé,En agglomération,Hors intersection,Normale,Deux véhicules - côté,,,,,,,,,,,5,2,1,1.0,3.0
201000044743,0010-09-16 13:55:00,10,9,16,13,55,800,256,"285,  LOUIS PASTEUR (AVE",,,Plein jour,En agglomération,Hors intersection,Normale,Deux véhicules - côté,,,,,,,,,,,1,2,1,1.0,3.0
201000044744,0010-09-16 20:55:00,10,9,16,20,55,800,21,"00, BELFORT (BOULEVARD D",,,Nuit avec éclairage allumé,En agglomération,Intersection en T,Normale,Deux véhicules - côté,,,,,,,,,,,5,2,3,1.0,3.0
201000044745,0010-09-15 17:15:00,10,9,15,17,15,800,21,"00, CHARLES DE FOUCAULD",,,Plein jour,En agglomération,Hors intersection,Normale,Autre collision,,,,,,,,,,,1,2,1,1.0,6.0
201000044746,0010-09-15 18:10:00,10,9,15,18,10,800,21,"00, GEORGES GUYNEMER (RU",,,Plein jour,En agglomération,Hors intersection,Normale,Autre collision,,,,,,,,,,,1,2,1,1.0,6.0
201000044747,0010-09-15 09:25:00,10,9,15,9,25,800,21,"00, ABBEVILLE (RUE D')",,,Plein jour,En agglomération,Hors intersection,Normale,Autre collision,,,,,,,,,,,1,2,1,1.0,6.0
201000044748,0010-09-27 15:50:00,10,9,27,15,50,800,21,"00, PARMENTIER (PLACE)",,,Plein jour,En agglomération,Intersection en X,Normale,Deux véhicules - côté,,,,,,,,,,,1,2,2,1.0,3.0
201000044749,0010-09-25 17:00:00,10,9,25,17,0,800,261,"00, AUCHAN (ZONE COMMERC",,,Plein jour,Hors agglomération,Hors intersection,Normale,Sans collision,,,,,,,,,,,1,1,1,1.0,7.0
201000044750,0010-09-27 08:35:00,10,9,27,8,35,800,21,"00, SAINT QUENTIN (BOULE",,,Plein jour,En agglomération,Hors intersection,Normale,Autre collision,,,,,,,,,,,1,2,1,1.0,6.0
201000044751,0010-09-24 22:00:00,10,9,24,22,0,800,21,"39, POULAINVILLE (RUE DE",,,Nuit avec éclairage allumé,En agglomération,Hors intersection,Pluie légère,Sans collision,,,,,,,,,,,5,2,1,2.0,7.0
201000044752,0010-09-24 16:30:00,10,9,24,16,30,800,21,ROCADE NORD RN 1,,,Plein jour,Hors agglomération,Hors intersection,Normale,Sans collision,,,,,,,,,,,1,1,1,1.0,7.0
201000044753,0010-09-23 18:30:00,10,9,23,18,30,800,21,"13, DEFENSE PASSIVE (AVE",,,Plein jour,En agglomération,Hors intersection,Normale,Autre collision,,,,,,,,,,,1,2,1,1.0,6.0
201000044754,0010-09-22 15:45:00,10,9,22,15,45,800,21,"00, ROUBAIX (BOULEVARD D",,,Plein jour,En agglomération,Hors intersection,Normale,Autre collision,,,,,,,,,,,1,2,1,1.0,6.0