accident_id,datetime,annee,mois,jour,heure,minute,departement,commune_insee,adresse,latitude,longitude,luminosite,agglomeration,intersection,meteo,collision,nb_vehicules,nb_usagers,nb_indemnes,nb_tues,nb_blesses_hosp,nb_blesses_legers,age_cond_1,age_cond_2,veh_type_cond_1,veh_type_cond_2,lum_code,agg_code,int_code,atm_code,col_code
201000044755,0010-09-30 09:50:00,10,9,30,9,50,800,21,"00, SAINT MAURICE (RUE)",,,Plein jour,En agglomération,Intersection en X,Normale,Deux véhicules - frontale,,,,,,,,,,,1,2,2,1.0,1.0
201000044756,0010-09-30 08:00:00,10,9,30,8,0,800,21,"00, DOCTEUR LOUIS FAFET",,,Plein jour,En agglomération,Intersection en T,Pluie légère,Deux véhicules - côté,,,,,,,,,,,1,2,3,2.0,3.0
201000044757,0010-09-28 16:30:00,10,9,28,16,30,800,632,"88, ROUEN (ROUTE DE)",,,Plein jour,En agglomération,Hors intersection,Normale,Autre collision,,,,,,,,,,,1,2,1,1.0,6.0
201000044758,0010-09-29 08:30:00,10,9,29,8,30,800,21,"75, LOUIS THUILLIER (RUE",,,Plein jour,En agglomération,Hors intersection,Normale,Deux véhicules - côté,,,,,,,,,,,1,2,1,1.0,3.0
201000044759,0010-10-03 19:55:00,10,10,3,19,55,800,21,"00, GENERAL FOY (AVENUE",,,Nuit avec éclairage allumé,En agglomération,Intersection en X,Normale,Deux véhicules - côté,,,,,,,,,,,5,2,2,1.0,3.0
201000044760,0010-10-06 17:45:00,10,10,6,17,45,800,21,"00, ALSACE LORRAINE (BOU",,,Plein jour,En agglomération,Hors intersection,Normale,Deux véhicules - arrière,,,,,,,,,,,1,2,1,1.0,2.0
201000044761,0010-10-10 06:45:00,10,10,10,6,45,800,21,"00, GRACE (AVENUE)",,,Nuit avec éclairage allumé,En agglomération,Hors intersection,Normale,Sans collision,,,,,,,,,,,5,2,1,1.0,7.0
201000044762,0010-10-12 10:45:00,10,10,12,10,45,800,489,RUE HENRI BARBUSSE,,,Plein jour,En agglomération,Hors intersection,Normale,Autre collision,,,,,,,,,,,1,2,1,1.0,6.0
201000044763,0010-10-12 20:00:00,10,10,12,20,0,800,21,"00, FAIDHERBE (BOULEVARD",,,Nuit avec éclairage allumé,En agglomération,Hors intersection,Normale,Deux véhicules - côté,,,,,,,,,,,5,2,1,1.0,3.0
201000044764,0010-10-12 08:50:00,10,10,12,8,50,800,21,"00, MASSENET (RUE)",,,Plein jour,En agglomération,Hors intersection,Normale,Deux véhicules - frontale,,,,,,,,,,,1,2,1,1.0,1.0
201000044765,0010-10-11 15:15:00,10,10,11,15,15,800,21,"00, ROUEN (RUE DE)",,,Plein jour,Hors agglomération,Hors intersection,Normale,Deux véhicules - côté,,,,,,,,,,,1,1,1,1.0,3.0
201000044766,0010-10-14 11:30:00,10,10,14,11,30,800,21,"00, CONDORCET (RUE)",,,Plein jour,En agglomération,Hors intersection,Normale,Deux véhicules - côté,,,,,,,,,,,1,2,1,1.0,3.0
201000044767,0010-10-16 20:20:00,10,10,16,20,20,800,21,RD 7,,,Plein jour,Hors agglomération,Hors intersection,Normale,Deux véhicules - frontale,,,,,,,,,,,1,1,1,1.0,1.0
201000044768,0010-10-16 19:15:00,10,10,16,19,15,800,21,"199, BAPAUME (BOULEVARD",,,Crépuscule ou aube,En agglomération,Hors intersection,Normale,Deux véhicules - côté,,,,,,,,,,,2,2,1,1.0,3.0
201000044769,0010-10-16 09:50:00,10,10,16,9,50,800,379,"00, MICHEL STROGOFF  (BO",,,Plein jour,En agglomération,Giratoire,Normale,Deux véhicules - côté,,,,,,,,,,,1,2,6,1.0,3.0
201000044770,0010-10-18 18:55:00,10,10,18,18,55,800,21,"00, LIBERATION (CARREFOU",,,Nuit avec éclairage allumé,En agglomération,Giratoire,Normale,Deux véhicules - côté,,,,,,,,,,,5,2,6,1.0,3.0
201000044771,0010-10-20 13:10:00,10,10,20,13,10,800,21,"00, ANDRE DUROUCHEZ (RUE",,,Plein jour,Hors agglomération,Hors intersection,Normale,Deux véhicules - côté,,,,,,,,,,,1,1,1,1.0,3.0
201000044772,0010-10-22 19:20:00,10,10,22,19,20,800,21,"00, CAGNY (RUE DE)",,,Nuit avec éclairage allumé,En agglomération,Intersection en X,Normale,Deux véhicules - côté,,,,,,,,,,,5,2,2,1.0,3.0
201000044773,0010-10-27 19:20:00,10,10,27,19,20,800,21,"41, GUTENBERG (RUE)",,,Nuit avec éclairage allumé,En agglomération,Hors intersection,Pluie légère,Sans collision,,,,,,,,,,,5,2,1,2.0,7.0
201000044774,0010-10-28 20:33:00,10,10,28,20,33,800,21,"00, PARMENTIER (PLACE)",,,Nuit avec éclairage allumé,En agglomération,Intersection en X,Normale,Deux véhicules - côté,,,,,,,,,,,5,2,2,1.0,3.0
201000044775,0010-10-29 07:50:00,10,10,29,7,50,800,21,"00, STRASBOURG (BOULEVAR",,,Nuit avec éclairage allumé,En agglomération,Hors intersection,Normale,Autre collision,,,,,,,,,,,5,2,1,1.0,6.0
201000044776,0010-10-30 14:15:00,10,10,30,14,15,800,21,"00, LEON GONTIER (PLACE)",,,Plein jour,En agglomération,Intersection en X,Normale,Deux véhicules - côté,,,,,,,,,,,1,2,2,1.0,3.0
201000044777,0010-11-01 13:45:00,10,11,1,13,45,800,21,"00, MARECHAL DE LATTRE D",,,Plein jour,En agglomération,Hors intersection,Normale,Deux véhicules - arrière,,,,,,,,,,,1,2,1,1.0,2.0
201000044778,0010-10-27 18:30:00,10,10,27,18,30,800,21,"435, SAINT FUSCIEN (RUE)",,,Crépuscule ou aube,En agglomération,Hors intersection,Normale,Deux véhicules - arrière,,,,,,,,,,,2,2,1,1.0,2.0
201000044779,0010-10-25 08:00:00,10,10,25,8,0,800,21,"00, SAINT PIERRE (CHAUSS",,,Crépuscule ou aube,En agglomération,Intersection en X,Normale,Deux véhicules - côté,,,,,,,,,,,2,2,2,1.0,3.0
201000044780,0010-10-25 20:00:00,10,10,25,20,0,800,21,"00, SAINT PIERRE (CHAUSS",,,Nuit avec éclairage allumé,En agglomération,Intersection en X,Normale,Deux véhicules - côté,,,,,,,,,,,5,2,2,1.0,3.0
201000044781,0010-10-22 17:00:00,10,10,22,17,0,800,21,"00, BELGIQUE (AVENUE DE)",,,Plein jour,En agglomération,Hors intersection,Normale,Deux véhicules - côté,,,,,,,,,,,1,2,1,1.0,3.0
201000044782,0010-10-22 17:10:00,10,10,22,17,10,800,21,"45, ROGER DUMOULIN (AVEN",,,Plein jour,En agglomération,Hors intersection,Normale,Deux véhicules - côté,,,,,,,,,,,1,2,1,1.0,3.0
201000044783,0010-11-02 13:50:00,10,11,2,13,50,800,21,"00, ROUEN (RUE DE)",,,Plein jour,En agglomération,Hors intersection,Normale,Trois véhicules et plus - collisions multiples,,,,,,,,,,,1,2,1,1.0,5.0
201000044784,0010-11-02 16:10:00,10,11,2,16,10,800,21,"00, JACQUES DUCLOS (CARR",,,Plein jour,En agglomération,Giratoire,Normale,Deux véhicules - côté,,,,,,,,,,,1,2,6,1.0,3.0
201000044785,0010-11-04 12:50:00,10,11,4,12,50,800,21,"00, POULAINVILLE (RUE DE",,,Plein jour,En agglomération,Intersection en T,Normale,Deux véhicules - côté,,,,,,,,,,,1,2,3,1.0,3.0
201000044786,0010-11-04 15:50:00,10,11,4,15,50,800,21,"00, LEON DUPONTREUE (RUE",,,Plein jour,En agglomération,Hors intersection,Normale,Deux véhicules - arrière,,,,,,,,,,,1,2,1,1.0,2.0
201000044787,0010-11-03 08:10:00,10,11,3,8,10,800,131,RD 167,,,Plein jour,Hors agglomération,Hors intersection,Pluie légère,Sans collision,,,,,,,,,,,1,1,1,2.0,7.0
201000044788,0010-11-06 22:00:00,10,11,6,22,0,800,21,"00, VIGNACOURT (RUE DE)",,,Nuit avec éclairage allumé,En agglomération,Intersection en X,Pluie légère,Deux véhicules - côté,,,,,,,,,,,5,2,2,2.0,3.0
201000044789,0010-11-08 14:10:00,10,11,8,14,10,800,21,"00, CAMBRESIS (RUE)",,,Plein jour,En agglomération,Hors intersection,Pluie légère,Autre collision,,,,,,,,,,,1,2,1,2.0,6.0
201000044790,0010-11-08 17:45:00,10,11,8,17,45,800,21,RN 25,,,Nuit avec éclairage allumé,Hors agglomération,Hors intersection,Pluie forte,Deux véhicules - arrière,,,,,,,,,,,5,1,1,3.0,2.0
201000044791,0010-11-08 19:10:00,10,11,8,19,10,800,21,"00, PRES FORETS (RUE DES",,,Nuit avec éclairage allumé,En agglomération,Intersection en X,Pluie légère,Deux véhicules - arrière,,,,,,,,,,,5,2,2,2.0,2.0
201000044792,0010-11-09 15:25:00,10,11,9,15,25,800,21,BRETELLE DE SORTIE 9025,,,Plein jour,Hors agglomération,Hors intersection,Pluie légère,Deux véhicules - arrière,,,,,,,,,,,1,1,1,2.0,2.0
201000044793,0010-11-13 20:00:00,10,11,13,20,0,800,21,"00, ROUBAIX (BOULEVARD D",,,Nuit avec éclairage allumé,Hors agglomération,Hors intersection,Pluie forte,Sans collision,,,,,,,,,,,5,1,1,3.0,7.0
201000044794,0010-11-11 04:25:00,10,11,11,4,25,800,21,"53, JEAN RACINE (RUE)",,,Nuit avec éclairage allumé,En agglomération,Hors intersection,Normale,Autre collision,,,,,,,,,,,5,2,1,1.0,6.0
201000044795,0010-11-10 17:15:00,10,11,10,17,15,800,379,"00, PHILEAS FOGG (AVENUE",,,Crépuscule ou aube,Hors agglomération,Hors intersection,Pluie légère,Deux véhicules - côté,,,,,,,,,,,2,1,1,2.0,3.0
201000044796,0010-11-10 15:20:00,10,11,10,15,20,800,21,"00, MAIGNAN LARIVIERE (B",,,Plein jour,En agglomération,Hors intersection,Normale,Autre collision,,,,,,,,,,,1,2,1,1.0,6.0
201000044797,0010-11-09 10:00:00,10,11,9,10,0,800,21,"00, DEUXIEME DB (RUE DE",,,Plein jour,En agglomération,Hors intersection,Pluie légère,Deux véhicules - arrière,,,,,,,,,,,1,2,1,2.0,2.0
201000044798,0010-11-09 17:55:00,10,11,9,17,55,800,21,"00, BICETRE (ALLEE DU)",,,Nuit avec éclairage allumé,En agglomération,Hors intersection,Pluie légère,Deux véhicules - arrière,,,,,,,,,,,5,2,1,2.0,2.0
201000044799,0010-11-09 18:50:00,10,11,9,18,50,800,21,"324, SAINT FUSCIEN (RUE)",,,Nuit avec éclairage allumé,En agglomération,Hors intersection,Pluie légère,Deux véhicules - arrière,,,,,,,,,,,5,2,1,2.0,2.0
201000044800,0010-11-09 21:15:00,10,11,9,21,15,800,21,"00, ALBERT CAMUS (RUE)",,,Nuit avec éclairage allumé,En agglomération,Hors intersection,Pluie légère,Sans collision,,,,,,,,,,,5,2,1,2.0,7.0
201000044801,0010-11-15 22:00:00,10,11,15,22,0,800,21,"00, PRES FORETS (RUE DES",,,Nuit avec éclairage allumé,En agglomération,Hors intersection,Normale,Sans collision,,,,,,,,,,,5,2,1,1.0,7.0
201000044802,0010-11-16 17:45:00,10,11,16,17,45,800,21,"00, VULFRAN WARME (RUE)",,,Nuit avec éclairage allumé,En agglomération,Hors intersection,Brouillard / fumée,Autre collision,,,,,,,,,,,5,2,1,5.0,6.0
201000044803,0010-11-17 17:20:00,10,11,17,17,20,800,21,"00, HIPPODROME (AVENUE D",,,Nuit avec éclairage allumé,En agglomération,Intersection en T,Normale,Deux véhicules - côté,,,,,,,,,,,5,2,3,1.0,3.0
201000044804,0010-11-21 01:20:00,10,11,21,1,20,800,21,"00, GENERAL FOY (AVENUE",,,Nuit avec éclairage allumé,En agglomération,Intersection en T,Normale,Deux véhicules - côté,,,,,,,,,,,5,2,3,1.0,3.0
201000044805,0010-11-18 07:40:00,10,11,18,7,40,800,674,"00, THUILLIER DELAMBRE (",,,Nuit avec éclairage allumé,En agglomération,Hors intersection,Pluie légère,Trois véhicules et plus - collisions multiples,,,,,,,,,,,5,2,1,2.0,5.0
201000044806,0010-11-19 00:30:00,10,11,19,0,30,800,21,"526, ABBEVILLE (RUE D')",,,Nuit avec éclairage allumé,En agglomération,Hors intersection,Normale,Sans collision,,,,,,,,,,,5,2,1,1.0,7.0
201000044807,0010-11-25 22:10:00,10,11,25,22,10,800,21,"35, DELPECH (RUE)",,,Nuit avec éclairage allumé,En agglomération,Hors intersection,Normale,Autre collision,,,,,,,,,,,5,2,1,1.0,6.0
201000044808,0010-11-25 17:30:00,10,11,25,17,30,800,21,"50, ELOI MOREL (RUE)",,,Nuit avec éclairage allumé,En agglomération,Hors intersection,Pluie légère,Autre collision,,,,,,,,,,,5,2,1,2.0,6.0
201000044809,0010-11-25 17:45:00,10,11,25,17,45,800,489,"00, HENRI BARBUSSE (RUE)",,,Nuit avec éclairage allumé,En agglomération,Hors intersection,Normale,Deux véhicules - frontale,,,,,,,,,,,5,2,1,1.0,1.0
201000044810,0010-11-26 17:05:00,10,11,26,17,5,800,21,"00, ALEXANDRE DUMAS (RUE",,,Nuit avec éclairage allumé,En agglomération,Intersection en T,Normale,Deux véhicules - côté,,,,,,,,,,,5,2,3,1.0,3.0
201000044811,0010-11-28 11:55:00,10,11,28,11,55,800,21,"00, MARECHAL FOCH (PLACE",,,Plein jour,En agglomération,Giratoire,Normale,Deux véhicules - côté,,,,,,,,,,,1,2,6,1.0,3.0
201000044812,0010-11-26 17:20:00,10,11,26,17,20,800,21,"00, ALBERT 1ER (MAIL)",,,Nuit avec éclairage allumé,En agglomération,Intersection en X,Normale,Deux véhicules - côté,,,,,,,,,,,5,2,2,1.0,3.0
201000044813,0010-11-26 13:30:00,10,11,26,13,30,800,21,"20, CARNOT (BOULEVARD)",,,Plein jour,En agglomération,Hors intersection,Normale,Deux véhicules - côté,,,,,,,,,,,1,2,1,1.0,3.0
201000044814,0010-11-26 08:00:00,10,11,26,8,0,800,21,RAINNEVILLE CD11  (ROUTE,,,Crépuscule ou aube,Hors agglomération,Hors intersection,Normale,Trois véhicules et plus - collisions multiples,,,,,,,,,,,2,1,1,1.0,5.0
201000044815,0010-11-24 16:00:00,10,11,24,16,0,800,725,RD210,,,Plein jour,Hors agglomération,Intersection en X,Normale,Autre collision,,,,,,,,,,,1,1,2,1.0,6.0
201000044816,0010-11-24 10:05:00,10,11,24,10,5,800,21,"00, ROGER DUMOULIN (AVEN",,,Plein jour,En agglomération,Hors intersection,Normale,Deux véhicules - arrière,,,,,,,,,,,1,2,1,1.0,2.0
201000044817,0010-11-24 09:10:00,10,11,24,9,10,800,21,"00, FRANKLIN ROOSEVELT (",,,Plein jour,En agglomération,Intersection en T,Normale,Deux véhicules - côté,,,,,,,,,,,1,2,3,1.0,3.0
201000044818,0010-11-29 16:30:00,10,11,29,16,30,800,21,"00, FEDERES (BOULEVARD D",,,Plein jour,En agglomération,Hors intersection,Normale,Autre collision,,,,,,,,,,,1,2,1,1.0,6.0
201000044819,0010-11-29 20:15:00,10,11,29,20,15,800,21,"00, FRANKLIN ROOSEVELT (",,,Nuit avec éclairage allumé,En agglomération,Intersection en X,Normale,Deux véhicules - côté,,,,,,,,,,,5,2,2,1.0,3.0
201000044820,0010-12-01 01:00:00,10,12,1,1,0,800,21,"85, SAINT FUSCIEN (RUE)",,,Nuit avec éclairage allumé,En agglomération,Hors intersection,Normale,Sans collision,,,,,,,,,,,5,2,1,1.0,7.0
201000044821,0010-12-01 17:35:00,10,12,1,17,35,800,21,"00, LEO LAGRANGE (RUE)",,,Plein jour,En agglomération,Hors intersection,Normale,Autre collision,,,,,,,,,,,1,2,1,1.0,6.0
201000044822,0010-11-30 13:05:00,10,11,30,13,5,800,21,"00, ABBEVILLE (RUE D')",,,Plein jour,En agglomération,Hors intersection,Normale,Autre collision,,,,,,,,,,,1,2,1,1.0,6.0
201000044823,0010-12-04 16:00:00,10,12,4,16,0,800,702,"00, DURY (ROUTE DE)",,,Plein jour,Hors agglomération,Hors intersection,Neige / grêle,Sans collision,,,,,,,,,,,1,1,1,4.0,7.0
201000044824,0010-12-08 10:20:00,10,12,8,10,20,800,21,"00, ASSAS (RUE D')",,,Plein jour,En agglomération,Hors intersection,Normale,Autre collision,,,,,,,,,,,1,2,1,1.0,6.0
201000044825,0010-12-07 07:20:00,10,12,7,7,20,800,21,"00, GENERAL DE GAULLE (A",,,Crépuscule ou aube,En agglomération,Hors intersection,Normale,Autre collision,,,,,,,,,,,2,2,1,1.0,6.0
201000044826,0010-12-07 17:00:00,10,12,7,17,0,800,164,"06, RUE GUY MOQUET",,,Nuit avec éclairage allumé,En agglomération,Hors intersection,Normale,Autre collision,,,,,,,,,,,5,2,1,1.0,6.0
201000044827,0010-12-07 18:00:00,10,12,7,18,0,800,21,"00, SAINT FUSCIEN (RUE)",,,Nuit avec éclairage allumé,En agglomération,Hors intersection,Normale,Autre collision,,,,,,,,,,,5,2,1,1.0,6.0
201000044828,0010-12-09 11:30:00,10,12,9,11,30,800,379,,,,Plein jour,En agglomération,Hors intersection,Normale,Trois véhicules et plus - collisions multiples,,,,,,,,,,,1,2,1,1.0,5.0
201000044829,0010-12-13 07:05:00,10,12,13,7,5,800,21,"96, ABBEVILLE (RUE D')",,,Nuit avec éclairage allumé,En agglomération,Hors intersection,Normale,Autre collision,,,,,,,,,,,5,2,1,1.0,6.0
201000044830,0010-12-13 07:50:00,10,12,13,7,50,800,632,"96, ROUEN (ROUTE DE)",,,Crépuscule ou aube,En agglomération,Hors intersection,Temps couvert,Deux véhicules - côté,,,,,,,,,,,2,2,1,8.0,3.0
201000044831,0010-12-13 11:00:00,10,12,13,11,0,800,21,"00, ANDRE CHENIER (RUE)",,,Plein jour,En agglomération,Intersection en X,Normale,Autre collision,,,,,,,,,,,1,2,2,1.0,6.0
201000044832,0010-12-13 07:50:00,10,12,13,7,50,800,489,"00, VICTOR HUGO (AVENUE)",,,Plein jour,En agglomération,Intersection en X,Normale,Deux véhicules - côté,,,,,,,,,,,1,2,2,1.0,3.0
201000044833,0010-12-11 01:55:00,10,12,11,1,55,800,21,ROCADE NORD EST RN 25,,,Nuit avec éclairage allumé,Hors agglomération,Hors intersection,Normale,Sans collision,,,,,,,,,,,5,1,1,1.0,7.0
201000044834,0010-12-15 08:30:00,10,12,15,8,30,800,21,"00, ALSACE LORRAINE (BOU",,,Plein jour,En agglomération,Intersection en X,Normale,Trois véhicules et plus - collisions multiples,,,,,,,,,,,1,2,2,1.0,5.0
201000044835,0010-12-14 08:30:00,10,12,14,8,30,800,21,"00, LAPOSTOLLE (RUE)",,,Plein jour,En agglomération,Hors intersection,Normale,Autre collision,,,,,,,,,,,1,2,1,1.0,6.0
201000044836,0010-12-20 15:40:00,10,12,20,15,40,800,21,ROCADE NORD RN 1,,,Plein jour,Hors agglomération,Hors intersection,Neige / grêle,Sans collision,,,,,,,,,,,1,1,1,4.0,7.0
201000044837,0010-12-16 17:25:00,10,12,16,17,25,800,21,"00, SAINT QUENTIN (BOULE",,,Nuit avec éclairage allumé,En agglomération,Hors intersection,Pluie légère,Autre collision,,,,,,,,,,,5,2,1,2.0,6.0
201000044838,0010-12-16 07:50:00,10,12,16,7,50,800,21,"00, EDOUARD LUCAS (RUE)",,,Nuit avec éclairage allumé,En agglomération,Hors intersection,Normale,Autre collision,,,,,,,,,,,5,2,1,1.0,6.0
201000044839,0010-12-23 11:10:00,10,12,23,11,10,800,725,"00, ALBERT CAMUS (RUE)",,,Plein jour,En agglomération,Hors intersection,Normale,Autre collision,,,,,,,,,,,1,2,1,1.0,6.0
201000044840,0010-12-22 13:30:00,10,12,22,13,30,800,164,CORBIE (ROUTE),,,Plein jour,Hors agglomération,Intersection en X,Normale,Deux véhicules - côté,,,,,,,,,,,1,1,2,1.0,3.0
201000044841,0010-12-22 19:45:00,10,12,22,19,45,800,21,"169, SAINT FUSCIEN (RUE)",,,Nuit avec éclairage allumé,En agglomération,Hors intersection,Normale,Sans collision,,,,,,,,,,,5,2,1,1.0,7.0
201000044842,0010-12-28 17:45:00,10,12,28,17,45,800,21,"18, GEORGES GUYNEMER (RU",,,Crépuscule ou aube,En agglomération,Hors intersection,Normale,Autre collision,,,,,,,,,,,2,2,1,1.0,6.0
201000044843,0010-02-09 07:15:00,10,2,9,7,15,810,4,CORDES (RTE DE),43.9505,2.127,Nuit avec éclairage allumé,En agglomération,Hors intersection,Normale,Deux véhicules - côté,,,,,,,,,,,5,2,1,1.0,3.0
201000044844,0010-02-10 16:40:00,10,2,10,16,40,810,4,"119, CANTEPAU (DE)",,,Plein jour,En agglomération,Hors intersection,Normale,Deux véhicules - frontale,,,,,,,,,,,1,2,1,1.0,1.0
201000044845,0010-02-28 19:10:00,10,2,28,19,10,810,4,ROCADE RN88 EST,43.9391,2.17075,Nuit avec éclairage allumé,Hors agglomération,Hors intersection,Normale,Deux véhicules - arrière,,,,,,,,,,,5,1,1,1.0,2.0
201000044846,0010-04-06 08:50:00,10,4,6,8,50,810,4,TERSSAC (DE),43.9254,2.09398,Plein jour,Hors agglomération,Hors intersection,Normale,Deux véhicules - arrière,,,,,,,,,,,1,1,1,1.0,2.0
201000044847,0010-05-12 08:20:00,10,5,12,8,20,810,4,RIEUX (AV JEAN),,,Plein jour,En agglomération,Intersection en T,Pluie légère,Deux véhicules - côté,,,,,,,,,,,1,2,3,2.0,3.0
201000044848,0010-07-08 15:30:00,10,7,8,15,30,810,4,VERDIER (FRANCOIS),43.9196,2.13476,Plein jour,En agglomération,Hors intersection,Normale,Deux véhicules - côté,,,,,,,,,,,1,2,1,1.0,3.0
201000044849,0010-07-13 16:25:00,10,7,13,16,25,810,4,FOCH (AV ET PASS MARECHA,,,Plein jour,En agglomération,Hors intersection,Normale,Deux véhicules - frontale,,,,,,,,,,,1,2,1,1.0,1.0
201000044850,0010-09-16 14:05:00,10,9,16,14,5,810,4,GERONE (AV DE),,,Plein jour,En agglomération,Intersection en X,Temps couvert,Deux véhicules - côté,,,,,,,,,,,1,2,2,8.0,3.0
201000044851,0010-10-21 17:40:00,10,10,21,17,40,810,4,CANTEPAU (DE),,,Plein jour,En agglomération,Hors intersection,Normale,Deux véhicules - côté,,,,,,,,,,,1,2,1,1.0,3.0
201000044852,0010-10-09 12:05:00,10,10,9,12,5,810,4,JARLARD (DE) DU N° 1 AU,,,Plein jour,En agglomération,Hors intersection,Normale,Autre collision,,,,,,,,,,,1,2,1,1.0,6.0
201000044853,0010-10-12 08:30:00,10,10,12,8,30,810,4,DEMBOURG (AV),,,Plein jour,En agglomération,Giratoire,Normale,Autre collision,,,,,,,,,,,1,2,6,1.0,6.0
201000044854,0010-05-12 14:30:00,10,5,12,14,30,810,60,ARAGO ( RUE ),,,Plein jour,En agglomération,Intersection en T,Normale,Autre collision,,,,,,,,,,,1,2,3,1.0,6.0
201000044855,0010-06-22 17:50:00,10,6,22,17,50,810,60,PETITARIE (RUE DE LA ),44.0716,2.16929,Plein jour,En agglomération,Intersection en Y,Normale,Deux véhicules - côté,,,,,,,,,,,1,2,4,1.0,3.0
201000044856,0010-03-05 21:25:00,10,3,5,21,25,810,65,"38, DE GAULLE RD 612 (AV",,,Nuit avec éclairage allumé,En agglomération,Intersection en T,Normale,Deux véhicules - côté,,,,,,,,,,,5,2,3,1.0,3.0
201000044857,0010-04-23 21:10:00,10,4,23,21,10,810,65,ROCADE SUD (ROC),43.6174,2.21184,Nuit sans éclairage public,Hors agglomération,Hors intersection,Normale,Deux véhicules - arrière,,,,,,,,,,,3,1,1,1.0,2.0
201000044858,0010-05-02 22:15:00,10,5,2,22,15,810,65,CLEMENCEAU (BD GEORGES),43.62,2.23386,Nuit avec éclairage allumé,En agglomération,Intersection en T,Pluie légère,Deux véhicules - côté,,,,,,,,,,,5,2,3,2.0,3.0
201000044859,0010-07-06 18:35:00,10,7,6,18,35,810,65,ROCADE SUD (ROC),43.5808,2.23237,Plein jour,Hors agglomération,Hors intersection,Temps éblouissant,Deux véhicules - frontale,,,,,,,,,,,1,1,1,7.0,1.0
201000044860,0010-09-22 15:30:00,10,9,22,15,30,810,65,"150, SIDOBRE RD 622 (AV.",43.6158,2.26869,Plein jour,En agglomération,Hors intersection,Normale,Autre collision,,,,,,,,,,,1,2,1,1.0,6.0
201000044861,0010-12-09 11:40:00,10,12,9,11,40,810,65,"09, LICES (BD. DES)",43.6051,2.2371,Plein jour,En agglomération,Hors intersection,Normale,Autre collision,,,,,,,,,,,1,2,1,1.0,6.0
201000044862,0010-02-01 13:45:00,10,2,1,13,45,810,105,GATIMEL,43.7571,1.9477,Plein jour,Hors agglomération,Hors intersection,Normale,Trois véhicules et plus - collisions multiples,,,,,,,,,,,1,1,1,1.0,5.0
201000044863,0010-05-04 16:30:00,10,5,4,16,30,810,105,"0, REPUBLIQUE (PLACE DE",,,Plein jour,En agglomération,Hors intersection,Pluie forte,Autre collision,,,,,,,,,,,1,2,1,3.0,6.0
201000044864,0010-05-25 10:30:00,10,5,25,10,30,810,105,BOUYSSOU (LE),43.739,2.02911,Plein jour,Hors agglomération,Hors intersection,Normale,Autre collision,,,,,,,,,,,1,1,1,1.0,6.0
201000044865,0010-07-12 18:40:00,10,7,12,18,40,810,105,REALMONT (ROUTE DE),43.766,2.02714,Plein jour,Hors agglomération,Hors intersection,Normale,Deux véhicules - côté,,,,,,,,,,,1,1,1,1.0,3.0
201000044866,0010-07-13 18:55:00,10,7,13,18,55,810,105,"29, GAMBETTA (AVENUE ET",,,Plein jour,En agglomération,Hors intersection,Temps éblouissant,Sans collision,,,,,,,,,,,1,2,1,7.0,7.0
201000044867,0010-08-15 15:30:00,10,8,15,15,30,810,105,"48, GENEVE (BOULEVARD DE",,,Plein jour,En agglomération,Hors intersection,Normale,Autre collision,,,,,,,,,,,1,2,1,1.0,6.0
201000044868,0010-08-18 18:20:00,10,8,18,18,20,810,105,"28, GAMBETTA (AVENUE ET",,,Plein jour,En agglomération,Hors intersection,Temps éblouissant,Autre collision,,,,,,,,,,,1,2,1,7.0,6.0
201000044869,0010-09-15 09:15:00,10,9,15,9,15,810,105,LEZIGNAC,43.7662,1.97209,Plein jour,Hors agglomération,Intersection en T,Normale,Deux véhicules - arrière,,,,,,,,,,,1,1,3,1.0,2.0
201000044870,0010-09-26 10:15:00,10,9,26,10,15,810,105,SAINT PAUL (ROUTE DE),43.7393,1.99567,Plein jour,Hors agglomération,Hors intersection,Normale,Sans collision,,,,,,,,,,,1,1,1,1.0,7.0
201000044871,0010-10-19 22:20:00,10,10,19,22,20,810,105,CASSE (BOULEVARD DE LA),,,Nuit avec éclairage allumé,En agglomération,Hors intersection,Normale,Autre collision,,,,,,,,,,,5,2,1,1.0,6.0
201000044872,0010-01-05 13:35:00,10,1,5,13,35,810,21,BRADFORD,,,Plein jour,En agglomération,Intersection en X,Pluie légère,Deux véhicules - côté,,,,,,,,,,,1,2,2,2.0,3.0
201000044873,0010-01-06 09:40:00,10,1,6,9,40,810,163,MIDI,,,Crépuscule ou aube,En agglomération,Hors intersection,Normale,Autre collision,,,,,,,,,,,2,2,1,1.0,6.0
201000044874,0010-02-17 19:40:00,10,2,17,19,40,810,163,"33, JUIN (MARECHAL)",43.5045,2.38008,Nuit avec éclairage allumé,En agglomération,Hors intersection,Pluie légère,Autre collision,,,,,,,,,,,5,2,1,2.0,6.0
201000044875,0010-04-09 17:00:00,10,4,9,17,0,810,21,"28, THORE",43.5092,2.37039,Plein jour,En agglomération,Hors intersection,Normale,Autre collision,,,,,,,,,,,1,2,1,1.0,6.0
201000044876,0010-05-08 13:50:00,10,5,8,13,50,810,163,"XXX, RESSE",,,Plein jour,En agglomération,Intersection en X,Normale,Deux véhicules - côté,,,,,,,,,,,1,2,2,1.0,3.0
201000044877,0010-05-20 12:00:00,10,5,20,12,0,810,163,"XXX, GALIBERT-PONS",,,Plein jour,En agglomération,Intersection en X,Normale,Deux véhicules - côté,,,,,,,,,,,1,2,2,1.0,3.0
201000044878,0010-05-26 07:45:00,10,5,26,7,45,810,21,CD 612,43.5091,2.34052,Plein jour,En agglomération,Giratoire,Normale,Deux véhicules - côté,,,,,,,,,,,1,2,6,1.0,3.0