accident_id,datetime,annee,mois,jour,heure,minute,departement,commune_insee,adresse,latitude,longitude,luminosite,agglomeration,intersection,meteo,collision,nb_vehicules,nb_usagers,nb_indemnes,nb_tues,nb_blesses_hosp,nb_blesses_legers,age_cond_1,age_cond_2,veh_type_cond_1,veh_type_cond_2,lum_code,agg_code,int_code,atm_code,col_code
201000045006,0010-06-19 12:15:00,10,6,19,12,15,830,50,"17, FOCH(BOULEVARD DU MA",,,Plein jour,En agglomération,Hors intersection,Normale,Autre collision,,,,,,,,,,,1,2,1,1.0,6.0
201000045007,0010-07-09 19:30:00,10,7,9,19,30,830,50,TUTTLINGEN(AVENUE DE),,,Plein jour,En agglomération,Hors intersection,Normale,Trois véhicules et plus - collisions multiples,,,,,,,,,,,1,2,1,1.0,5.0
201000045008,0010-07-24 18:30:00,10,7,24,18,30,830,50,"1, BLUM(BOULEVARD LEON)",,,Plein jour,En agglomération,Intersection en T,Normale,Deux véhicules - côté,,,,,,,,,,,1,2,3,1.0,3.0
201000045009,0010-08-03 08:40:00,10,8,3,8,40,830,50,"1, ANCIENS COMBATTANTS A",,,Plein jour,En agglomération,Hors intersection,Normale,Autre collision,,,,,,,,,,,1,2,1,1.0,6.0
201000045010,0010-08-19 00:10:00,10,8,19,0,10,830,141,"1, D 1555(SORTIE VILLAGE",,,Nuit avec éclairage allumé,En agglomération,Autre intersection,Normale,Deux véhicules - côté,,,,,,,,,,,5,2,9,1.0,3.0
201000045011,0010-08-20 13:00:00,10,8,20,13,0,830,50,RD 54,,,Plein jour,Hors agglomération,Intersection en T,Normale,Deux véhicules - frontale,,,,,,,,,,,1,1,3,1.0,1.0
201000045012,0010-09-13 23:05:00,10,9,13,23,5,830,50,"346, SAINT ESPRIT(CHEMIN",,,Nuit sans éclairage public,Hors agglomération,Hors intersection,Normale,Sans collision,,,,,,,,,,,3,1,1,1.0,7.0
201000045013,0010-09-19 17:55:00,10,9,19,17,55,830,50,"56, CARNOT(AVENUE LAZARE",,,Plein jour,En agglomération,Hors intersection,Normale,Trois véhicules et plus - collisions multiples,,,,,,,,,,,1,2,1,1.0,5.0
201000045014,0010-09-20 15:35:00,10,9,20,15,35,830,50,"153, ZOLA(RUE EMILE)",,,Plein jour,En agglomération,Intersection en X,Normale,Deux véhicules - côté,,,,,,,,,,,1,2,2,1.0,3.0
201000045015,0010-10-04 21:35:00,10,10,4,21,35,830,50,", LORGUES(ROUTE DE)",,,Nuit sans éclairage public,Hors agglomération,Hors intersection,Pluie légère,Autre collision,,,,,,,,,,,3,1,1,2.0,6.0
201000045016,0010-10-09 22:05:00,10,10,9,22,5,830,50,"744, GRASSE(AVENUE DE)",,,Nuit avec éclairage allumé,En agglomération,Hors intersection,Normale,Autre collision,,,,,,,,,,,5,2,1,1.0,6.0
201000045017,0010-09-29 10:50:00,10,9,29,10,50,830,50,CONDORCET(PLACE),,,Plein jour,En agglomération,Giratoire,Normale,Deux véhicules - côté,,,,,,,,,,,1,2,6,1.0,3.0
201000045018,0010-10-11 12:45:00,10,10,11,12,45,830,50,FERRY(AVENUE JULES),,,Plein jour,En agglomération,Giratoire,Pluie forte,Deux véhicules - côté,,,,,,,,,,,1,2,6,3.0,3.0
201000045019,0010-10-15 17:35:00,10,10,15,17,35,830,50,"165, PREMIERE ARMEE(AVEN",,,Plein jour,En agglomération,Hors intersection,Normale,Deux véhicules - arrière,,,,,,,,,,,1,2,1,1.0,2.0
201000045020,0010-10-30 14:10:00,10,10,30,14,10,830,50,"1, VIDAL (RUE HELENE)",,,Plein jour,En agglomération,Hors intersection,Normale,Autre collision,,,,,,,,,,,1,2,1,1.0,6.0
201000045021,0010-10-27 09:20:00,10,10,27,9,20,830,50,"1, CLEMENCEAU(BOULEVARD",,,Plein jour,En agglomération,Hors intersection,Temps éblouissant,Autre collision,,,,,,,,,,,1,2,1,7.0,6.0
201000045022,0010-12-17 16:40:00,10,12,17,16,40,830,50,D 54(VERS LA MOTTE),,,Plein jour,Hors agglomération,Hors intersection,Normale,Deux véhicules - frontale,,,,,,,,,,,1,1,1,1.0,1.0
201000045023,0010-12-21 10:35:00,10,12,21,10,35,830,50,"321, ANCIENS COMBATTANTS",,,Plein jour,En agglomération,Hors intersection,Pluie forte,Autre collision,,,,,,,,,,,1,2,1,3.0,6.0
201000045024,0010-12-11 11:37:00,10,12,11,11,37,830,118,"0, BOULEVARD DE LA BAUME",,,Plein jour,Hors agglomération,Hors intersection,Normale,Deux véhicules - côté,,,,,,,,,,,1,1,1,1.0,3.0
201000045025,0010-01-10 00:10:00,10,1,10,0,10,830,118,"0, RUE WALDECK-ROUSSEAU",,,Nuit avec éclairage allumé,En agglomération,Hors intersection,Normale,Autre collision,,,,,,,,,,,5,2,1,1.0,6.0
201000045026,0010-12-31 19:55:00,10,12,31,19,55,830,61,"0, BOULEVARD HECTOR BERL",,,Nuit avec éclairage allumé,En agglomération,Intersection en X,Normale,Deux véhicules - côté,,,,,,,,,,,5,2,2,1.0,3.0
201000045027,0010-01-08 18:20:00,10,1,8,18,20,830,118,"0, AVENUE DE VALESCURE",,,Nuit avec éclairage allumé,En agglomération,Hors intersection,Pluie légère,Autre collision,,,,,,,,,,,5,2,1,2.0,6.0
201000045028,0010-01-11 15:00:00,10,1,11,15,0,830,61,"0, RUE JOSEPH AUBENAS",,,Plein jour,En agglomération,Hors intersection,Normale,Autre collision,,,,,,,,,,,1,2,1,1.0,6.0
201000045029,0010-02-08 19:05:00,10,2,8,19,5,830,118,"552, AVENUE DE VALESCURE",,,Nuit avec éclairage allumé,En agglomération,Hors intersection,Normale,Autre collision,,,,,,,,,,,5,2,1,1.0,6.0
201000045030,0010-02-06 19:00:00,10,2,6,19,0,830,61,"0, RUE JEAN GIONO",,,Nuit avec éclairage allumé,En agglomération,Hors intersection,Normale,Deux véhicules - frontale,,,,,,,,,,,5,2,1,1.0,1.0
201000045031,0010-03-03 18:40:00,10,3,3,18,40,830,61,"0, AVENUE DE L'AGACHON",,,Nuit avec éclairage allumé,En agglomération,Hors intersection,Pluie légère,Autre collision,,,,,,,,,,,5,2,1,2.0,6.0
201000045032,0010-03-11 17:42:00,10,3,11,17,42,830,118,"0, AVENUE DES MIMOSAS",,,Plein jour,En agglomération,Hors intersection,Normale,Trois véhicules et plus - collisions multiples,,,,,,,,,,,1,2,1,1.0,5.0
201000045033,0010-03-02 15:25:00,10,3,2,15,25,830,61,"0, AVENUE DE L'ARGENS",,,Plein jour,En agglomération,Hors intersection,Normale,Autre collision,,,,,,,,,,,1,2,1,1.0,6.0
201000045034,0010-03-16 13:15:00,10,3,16,13,15,830,118,"0, ROUTE DE LA CORNICHE",,,Plein jour,Hors agglomération,Hors intersection,Normale,Deux véhicules - arrière,,,,,,,,,,,1,1,1,1.0,2.0
201000045035,0010-03-31 13:55:00,10,3,31,13,55,830,61,"752, AVENUE ANDRE LEOTAR",,,Plein jour,En agglomération,Hors intersection,Normale,Autre collision,,,,,,,,,,,1,2,1,1.0,6.0
201000045036,0010-03-09 17:54:00,10,3,9,17,54,830,118,"0, RUE ALBERT CAMATTE",,,Plein jour,En agglomération,Intersection en X,Normale,Autre collision,,,,,,,,,,,1,2,2,1.0,6.0
201000045037,0010-04-09 14:30:00,10,4,9,14,30,830,61,"0, D7",,,Plein jour,Hors agglomération,Hors intersection,Normale,Sans collision,,,,,,,,,,,1,1,1,1.0,7.0
201000045038,0010-04-10 08:05:00,10,4,10,8,5,830,61,"0, AVENUE DE L'EUROPE",,,Plein jour,En agglomération,Hors intersection,Normale,Deux véhicules - côté,,,,,,,,,,,1,2,1,1.0,3.0
201000045039,0010-04-13 15:00:00,10,4,13,15,0,830,118,"653, AVENUE DE VERDUN",,,Plein jour,En agglomération,Intersection en Y,Normale,Autre collision,,,,,,,,,,,1,2,4,1.0,6.0
201000045040,0010-03-26 15:00:00,10,3,26,15,0,830,61,"0, AVENUE DE L'AGACHON",,,Plein jour,Hors agglomération,Hors intersection,Normale,Deux véhicules - côté,,,,,,,,,,,1,1,1,1.0,3.0
201000045041,0010-03-04 16:10:00,10,3,4,16,10,830,61,"0, AVENUE EUGÈNE JOLY",,,Plein jour,En agglomération,Hors intersection,Normale,Deux véhicules - côté,,,,,,,,,,,1,2,1,1.0,3.0
201000045042,0010-04-22 16:25:00,10,4,22,16,25,830,118,"250, BOULEVARD JEAN MOUL",,,Plein jour,En agglomération,Hors intersection,Normale,Autre collision,,,,,,,,,,,1,2,1,1.0,6.0
201000045043,0010-04-30 03:35:00,10,4,30,3,35,830,61,"0, AVENUE DE PROVENCE",,,Nuit avec éclairage allumé,En agglomération,Hors intersection,Normale,Deux véhicules - arrière,,,,,,,,,,,5,2,1,1.0,2.0
201000045044,0010-04-19 14:15:00,10,4,19,14,15,830,61,"0, CD8",,,Plein jour,En agglomération,Hors intersection,Normale,Deux véhicules - côté,,,,,,,,,,,1,2,1,1.0,3.0
201000045045,0010-04-21 18:15:00,10,4,21,18,15,830,61,"0, AVENUE DE VERDUN",,,Plein jour,En agglomération,Hors intersection,Normale,Autre collision,,,,,,,,,,,1,2,1,1.0,6.0
201000045046,0010-05-16 17:00:00,10,5,16,17,0,830,61,"0, CD8",,,Plein jour,Hors agglomération,Intersection en T,Normale,Sans collision,,,,,,,,,,,1,1,3,1.0,7.0
201000045047,0010-05-14 04:50:00,10,5,14,4,50,830,61,"0, D100 A",,,Crépuscule ou aube,Hors agglomération,Hors intersection,Normale,Autre collision,,,,,,,,,,,2,1,1,1.0,6.0
201000045048,0010-05-19 23:00:00,10,5,19,23,0,830,118,"0, AVENUE RICHARD WAGNER",,,Nuit avec éclairage allumé,En agglomération,Intersection en Y,Normale,Sans collision,,,,,,,,,,,5,2,4,1.0,7.0
201000045049,0010-05-17 13:30:00,10,5,17,13,30,830,118,"0, RN98",,,Plein jour,Hors agglomération,Hors intersection,Normale,Deux véhicules - côté,,,,,,,,,,,1,1,1,1.0,3.0
201000045050,0010-05-31 15:15:00,10,5,31,15,15,830,61,"1145, RN98 ST AYGULF",,,Plein jour,En agglomération,Hors intersection,Normale,Deux véhicules - frontale,,,,,,,,,,,1,2,1,1.0,1.0
201000045051,0010-06-04 14:51:00,10,6,4,14,51,830,61,"1140, AVENUE DE PROVENCE",,,Plein jour,En agglomération,Hors intersection,Normale,Deux véhicules - côté,,,,,,,,,,,1,2,1,1.0,3.0
201000045052,0010-05-25 14:50:00,10,5,25,14,50,830,61,"0, CD8",,,Plein jour,Hors agglomération,Intersection en T,Normale,Deux véhicules - frontale,,,,,,,,,,,1,1,3,1.0,1.0
201000045053,0010-06-10 17:10:00,10,6,10,17,10,830,118,"0, BOULEVARD MARÉCHAL JU",,,Plein jour,En agglomération,Intersection en X,Normale,Deux véhicules - côté,,,,,,,,,,,1,2,2,1.0,3.0
201000045054,0010-05-02 10:24:00,10,5,2,10,24,830,61,"0, RUE DE LA MADELEINE",,,Plein jour,En agglomération,Hors intersection,Normale,Deux véhicules - arrière,,,,,,,,,,,1,2,1,1.0,2.0
201000045055,0010-06-18 15:50:00,10,6,18,15,50,830,118,"491, ROUTE DES GOLFS",,,Plein jour,En agglomération,Hors intersection,Normale,Deux véhicules - côté,,,,,,,,,,,1,2,1,1.0,3.0
201000045056,0010-06-20 09:15:00,10,6,20,9,15,830,61,"0, CD8",,,Plein jour,En agglomération,Hors intersection,Normale,Autre collision,,,,,,,,,,,1,2,1,1.0,6.0
201000045057,0010-05-10 17:20:00,10,5,10,17,20,830,61,"0, AVENUE DU HUIT MAI 19",,,Plein jour,En agglomération,Intersection en T,Normale,Deux véhicules - côté,,,,,,,,,,,1,2,3,1.0,3.0
201000045058,0010-05-04 16:24:00,10,5,4,16,24,830,118,"0, BOULEVARD CHRISTIAN L",,,Plein jour,En agglomération,Hors intersection,Normale,Trois véhicules et plus - collisions multiples,,,,,,,,,,,1,2,1,1.0,5.0
201000045059,0010-06-12 23:30:00,10,6,12,23,30,830,61,"0, RN98 ST AYGULF",43.24993,6.43644,Nuit avec éclairage allumé,En agglomération,Hors intersection,Normale,Deux véhicules - frontale,,,,,,,,,,,5,2,1,1.0,1.0
201000045060,0010-06-15 10:40:00,10,6,15,10,40,830,61,"0, AVENUE SALVARELLI",,,Plein jour,En agglomération,Hors intersection,Pluie forte,Autre collision,,,,,,,,,,,1,2,1,3.0,6.0
201000045061,0010-07-26 19:49:00,10,7,26,19,49,830,61,"0, AVENUE DE LATTRE DE T",,,Plein jour,En agglomération,Hors intersection,Normale,Autre collision,,,,,,,,,,,1,2,1,1.0,6.0
201000045062,0010-07-14 17:50:00,10,7,14,17,50,830,118,"149, PROMENADE RENÉ COTY",,,Plein jour,En agglomération,Hors intersection,Normale,Deux véhicules - arrière,,,,,,,,,,,1,2,1,1.0,2.0
201000045063,0010-07-28 08:42:00,10,7,28,8,42,830,61,"0, RUE DES MOULINS",,,Plein jour,En agglomération,Hors intersection,Temps éblouissant,Autre collision,,,,,,,,,,,1,2,1,7.0,6.0
201000045064,0010-08-01 16:05:00,10,8,1,16,5,830,118,"0, LES CALANQUES D'ANTHÉ",,,Plein jour,Hors agglomération,Hors intersection,Normale,Deux véhicules - côté,,,,,,,,,,,1,1,1,1.0,3.0
201000045065,0010-07-31 00:55:00,10,7,31,0,55,830,61,"720, BOULEVARD DE LA MER",,,Nuit avec éclairage allumé,En agglomération,Hors intersection,Normale,Autre collision,,,,,,,,,,,5,2,1,1.0,6.0
201000045066,0010-08-07 20:40:00,10,8,7,20,40,830,118,"1148, RN98",,,Crépuscule ou aube,Hors agglomération,Hors intersection,Normale,Autre collision,,,,,,,,,,,2,1,1,1.0,6.0
201000045067,0010-08-06 19:35:00,10,8,6,19,35,830,61,"2078, AVENUE DE LA CORNI",,,Plein jour,En agglomération,Hors intersection,Normale,Deux véhicules - arrière,,,,,,,,,,,1,2,1,1.0,2.0
201000045068,0010-08-04 06:40:00,10,8,4,6,40,830,118,"0, BOULEVARD EUGÈNE BRIE",,,Crépuscule ou aube,Hors agglomération,Hors intersection,Normale,Deux véhicules - frontale,,,,,,,,,,,2,1,1,1.0,1.0
201000045069,0010-06-29 22:25:00,10,6,29,22,25,830,61,"0, AVENUE VICTOR HUGO",,,Nuit avec éclairage allumé,En agglomération,Hors intersection,Normale,Deux véhicules - côté,,,,,,,,,,,5,2,1,1.0,3.0
201000045070,0010-08-10 00:15:00,10,8,10,0,15,830,61,"310, RUE MARÉCHAL GALLIE",,,Nuit avec éclairage allumé,En agglomération,Hors intersection,Normale,Autre collision,,,,,,,,,,,5,2,1,1.0,6.0
201000045071,0010-07-04 12:15:00,10,7,4,12,15,830,61,"0, RN7",,,Plein jour,Hors agglomération,Hors intersection,Normale,Deux véhicules - arrière,,,,,,,,,,,1,1,1,1.0,2.0
201000045072,0010-08-20 03:25:00,10,8,20,3,25,830,61,"166, BOULEVARD HONORÉ DE",,,Nuit avec éclairage allumé,En agglomération,Hors intersection,Normale,Sans collision,,,,,,,,,,,5,2,1,1.0,7.0
201000045073,0010-07-24 09:20:00,10,7,24,9,20,830,118,"0, CAP ESTÉREL",,,Plein jour,En agglomération,Autre intersection,Normale,Deux véhicules - frontale,,,,,,,,,,,1,2,9,1.0,1.0
201000045074,0010-08-20 21:05:00,10,8,20,21,5,830,61,"291, AVENUE GÉNÉRAL NORB",,,Nuit avec éclairage allumé,En agglomération,Intersection en X,Normale,Trois véhicules et plus - collisions multiples,,,,,,,,,,,5,2,2,1.0,5.0
201000045075,0010-08-27 03:20:00,10,8,27,3,20,830,118,"4446, ROUTE DE LA CORNIC",,,Nuit avec éclairage allumé,En agglomération,Hors intersection,Normale,Autre collision,,,,,,,,,,,5,2,1,1.0,6.0
201000045076,0010-08-22 12:37:00,10,8,22,12,37,830,118,"0, RN98",,,Plein jour,Hors agglomération,Hors intersection,Normale,Deux véhicules - arrière,,,,,,,,,,,1,1,1,1.0,2.0
201000045077,0010-08-19 10:00:00,10,8,19,10,0,830,118,"263, BOULEVARD THÉODORE",,,Plein jour,En agglomération,Hors intersection,Normale,Autre collision,,,,,,,,,,,1,2,1,1.0,6.0
201000045078,0010-09-11 10:30:00,10,9,11,10,30,830,118,"68, RN98",,,Plein jour,En agglomération,Hors intersection,Normale,Autre collision,,,,,,,,,,,1,2,1,1.0,6.0
201000045079,0010-09-21 21:48:00,10,9,21,21,48,830,61,"0, AVENUE DE L'AGACHON",,,Nuit avec éclairage allumé,En agglomération,Autre intersection,Normale,Deux véhicules - côté,,,,,,,,,,,5,2,9,1.0,3.0
201000045080,0010-09-30 16:05:00,10,9,30,16,5,830,118,"Face 4473, ROUTE DE LA C",,,Plein jour,En agglomération,Hors intersection,Normale,Deux véhicules - frontale,,,,,,,,,,,1,2,1,1.0,1.0
201000045081,0010-08-25 10:25:00,10,8,25,10,25,830,118,"1387, AVENUE DE VALESCUR",,,Plein jour,En agglomération,Hors intersection,Normale,Deux véhicules - côté,,,,,,,,,,,1,2,1,1.0,3.0
201000045082,0010-09-29 17:15:00,10,9,29,17,15,830,61,"0, PLACE AGRICOLA",,,Plein jour,En agglomération,Hors intersection,Normale,Deux véhicules - frontale,,,,,,,,,,,1,2,1,1.0,1.0
201000045083,0010-10-09 05:13:00,10,10,9,5,13,830,118,"0, BOULEVARD DE LA TRENT",,,Nuit avec éclairage allumé,Hors agglomération,Hors intersection,Autre,Autre collision,,,,,,,,,,,5,1,1,9.0,6.0
201000045084,0010-09-01 08:20:00,10,9,1,8,20,830,61,AVENUE ANDRE LEOTARD,,,Plein jour,En agglomération,Hors intersection,Normale,Deux véhicules - côté,,,,,,,,,,,1,2,1,1.0,3.0
201000045085,0010-09-02 14:00:00,10,9,2,14,0,830,61,"0, N98",,,Plein jour,Hors agglomération,Hors intersection,Normale,Autre collision,,,,,,,,,,,1,1,1,1.0,6.0
201000045086,0010-10-27 19:00:00,10,10,27,19,0,830,61,"0, RUE DU CAPITAINE BLAZ",,,Nuit avec éclairage allumé,En agglomération,Hors intersection,Normale,Autre collision,,,,,,,,,,,5,2,1,1.0,6.0
201000045087,0010-10-29 20:32:00,10,10,29,20,32,830,61,"0, AVENUE DE PROVENCE",,,Nuit avec éclairage allumé,En agglomération,Hors intersection,Normale,Deux véhicules - arrière,,,,,,,,,,,5,2,1,1.0,2.0
201000045088,0010-11-13 11:45:00,10,11,13,11,45,830,118,"168, AVENUE DE VALESCURE",,,Plein jour,En agglomération,Hors intersection,Normale,Autre collision,,,,,,,,,,,1,2,1,1.0,6.0
201000045089,0010-11-15 15:15:00,10,11,15,15,15,830,61,"0, RUE DU CAPITAINE BLAZ",,,Plein jour,En agglomération,Hors intersection,Pluie légère,Deux véhicules - côté,,,,,,,,,,,1,2,1,2.0,3.0
201000045090,0010-12-08 16:35:00,10,12,8,16,35,830,61,"0, AVENUE HENRI GIRAUD",,,Plein jour,En agglomération,Intersection en T,Temps couvert,Deux véhicules - côté,,,,,,,,,,,1,2,3,8.0,3.0
201000045091,0010-12-11 22:00:00,10,12,11,22,0,830,61,"0, RN98 ST AYGULF",,,Nuit avec éclairage allumé,En agglomération,Hors intersection,Normale,Deux véhicules - frontale,,,,,,,,,,,5,2,1,1.0,1.0
201000045092,0010-12-12 18:00:00,10,12,12,18,0,830,118,"85, BD DU CERCERON",,,Nuit avec éclairage allumé,En agglomération,Hors intersection,Normale,Autre collision,,,,,,,,,,,5,2,1,1.0,6.0
201000045093,0010-10-16 17:20:00,10,10,16,17,20,830,61,"0, RN7",,,Plein jour,Hors agglomération,Hors intersection,Normale,Autre collision,,,,,,,,,,,1,1,1,1.0,6.0
201000045094,0010-12-19 14:50:00,10,12,19,14,50,830,61,"0, AVENUE ANDRE LEOTARD",,,Plein jour,En agglomération,Hors intersection,Normale,Autre collision,,,,,,,,,,,1,2,1,1.0,6.0
201000045095,0010-01-08 17:10:00,10,1,8,17,10,830,69,"17, BROSSET (AVENUE 1ERE",,,Crépuscule ou aube,En agglomération,Hors intersection,Temps couvert,Autre collision,,,,,,,,,,,2,2,1,8.0,6.0
201000045096,0010-01-29 18:50:00,10,1,29,18,50,830,69,"565, ARBANAIS (AVENUE DE",,,Nuit avec éclairage non allumé,Hors agglomération,Hors intersection,Normale,Deux véhicules - frontale,,,,,,,,,,,4,1,1,1.0,1.0
201000045097,0010-02-12 05:10:00,10,2,12,5,10,830,69,"3087, ALMANARRE (ROUTE D",,,Nuit avec éclairage allumé,En agglomération,Hors intersection,Normale,Sans collision,,,,,,,,,,,5,2,1,1.0,7.0
201000045098,0010-02-15 09:50:00,10,2,15,9,50,830,69,ROUTE DEPARTEMENTALE 98,,,Plein jour,Hors agglomération,Hors intersection,Normale,Sans collision,,,,,,,,,,,1,1,1,1.0,7.0
201000045099,0010-02-21 05:05:00,10,2,21,5,5,830,69,"92, ROTTWEIL (AVENUE DE",,,Nuit avec éclairage allumé,En agglomération,Hors intersection,Normale,Autre collision,,,,,,,,,,,5,2,1,1.0,6.0
201000045100,0010-03-09 19:42:00,10,3,9,19,42,830,69,GIENS (ROUTE DE ),,,Nuit sans éclairage public,Hors agglomération,Hors intersection,Normale,Trois véhicules et plus - collisions multiples,,,,,,,,,,,3,1,1,1.0,5.0
201000045101,0010-03-04 06:45:00,10,3,4,6,45,830,69,"40, CAWELL (AVENUE EDITH",,,Nuit avec éclairage allumé,En agglomération,Hors intersection,Pluie légère,Autre collision,,,,,,,,,,,5,2,1,2.0,6.0
201000045102,0010-03-08 07:50:00,10,3,8,7,50,830,69,"NS, OLBIA  (VOIE)",,,Plein jour,En agglomération,Autre intersection,Normale,Autre collision,,,,,,,,,,,1,2,9,1.0,6.0
201000045103,0010-04-05 06:05:00,10,4,5,6,5,830,69,"NS, ROUTE DEPARTEMENTALE",,,Nuit sans éclairage public,Hors agglomération,Hors intersection,Vent fort / tempête,Deux véhicules - côté,,,,,,,,,,,3,1,1,6.0,3.0
201000045104,0010-04-13 22:40:00,10,4,13,22,40,830,69,BELLAGUET (ALLEE VICTOR,,,Nuit avec éclairage allumé,En agglomération,Hors intersection,Normale,Autre collision,,,,,,,,,,,5,2,1,1.0,6.0
201000045105,0010-04-09 23:50:00,10,4,9,23,50,830,69,"NS, BEAUREGARD (AV ANDRE",,,Nuit avec éclairage allumé,En agglomération,Hors intersection,Normale,Sans collision,,,,,,,,,,,5,2,1,1.0,7.0
201000045106,0010-04-22 09:15:00,10,4,22,9,15,830,69,TOULON RD 554 (ROUTE DE),,,Plein jour,En agglomération,Intersection en T,Normale,Deux véhicules - côté,,,,,,,,,,,1,2,3,1.0,3.0
201000045107,0010-04-08 09:10:00,10,4,8,9,10,830,69,SIMENON (RUE GEORGES),,,Plein jour,En agglomération,Hors intersection,Pluie forte,Autre collision,,,,,,,,,,,1,2,1,3.0,6.0
201000045108,0010-03-19 12:10:00,10,3,19,12,10,830,69,GIENS (ROUTE DE ),,,Plein jour,En agglomération,Hors intersection,Normale,Autre collision,,,,,,,,,,,1,2,1,1.0,6.0
201000045109,0010-02-08 19:35:00,10,2,8,19,35,830,69,"NS, FOCH (AVENUE MARECHA",,,Nuit avec éclairage allumé,En agglomération,Hors intersection,Pluie forte,Autre collision,,,,,,,,,,,5,2,1,3.0,6.0
201000045110,0010-05-01 18:30:00,10,5,1,18,30,830,69,GEOFFROY ST HILAIRE (AVE,,,Plein jour,En agglomération,Hors intersection,Normale,Autre collision,,,,,,,,,,,1,2,1,1.0,6.0
201000045111,0010-05-18 08:00:00,10,5,18,8,0,830,69,PIERREFEU (ROUTE DE) RD,,,Plein jour,Hors agglomération,Hors intersection,Normale,Trois véhicules et plus - collisions multiples,,,,,,,,,,,1,1,1,1.0,5.0
201000045112,0010-05-15 11:00:00,10,5,15,11,0,830,69,"1, MICHELET (RUE)",,,Plein jour,En agglomération,Intersection en X,Normale,Deux véhicules - côté,,,,,,,,,,,1,2,2,1.0,3.0
201000045113,0010-05-25 22:40:00,10,5,25,22,40,830,69,GIENS (ROUTE DE ),,,Nuit avec éclairage non allumé,Hors agglomération,Hors intersection,Normale,Deux véhicules - côté,,,,,,,,,,,4,1,1,1.0,3.0
201000045114,0010-05-27 10:00:00,10,5,27,10,0,830,69,"16, GODILLOT  ( AVENUE A",,,Plein jour,En agglomération,Hors intersection,Normale,Deux véhicules - côté,,,,,,,,,,,1,2,1,1.0,3.0
201000045115,0010-06-06 01:10:00,10,6,6,1,10,830,69,OLBIA  (VOIE),,,Nuit avec éclairage allumé,En agglomération,Hors intersection,Normale,Deux véhicules - côté,,,,,,,,,,,5,2,1,1.0,3.0
201000045116,0010-06-11 15:20:00,10,6,11,15,20,830,69,"829, LOUBES (ROUTE DES)",,,Plein jour,En agglomération,Hors intersection,Normale,Deux véhicules - arrière,,,,,,,,,,,1,2,1,1.0,2.0
201000045117,0010-06-27 19:10:00,10,6,27,19,10,830,69,"78, TOULON RD 554 (AVENU",,,Plein jour,En agglomération,Hors intersection,Normale,Autre collision,,,,,,,,,,,1,2,1,1.0,6.0
201000045118,0010-07-17 04:10:00,10,7,17,4,10,830,69,"403, SALINS ( ROUTE DES",,,Nuit sans éclairage public,Hors agglomération,Hors intersection,Normale,Sans collision,,,,,,,,,,,3,1,1,1.0,7.0
201000045119,0010-07-27 19:26:00,10,7,27,19,26,830,69,LECLERC (AVENUE MARECHAL,,,Plein jour,En agglomération,Intersection en T,Normale,Deux véhicules - côté,,,,,,,,,,,1,2,3,1.0,3.0
201000045120,0010-07-29 02:50:00,10,7,29,2,50,830,69,"664, AEROPORT (AVENUE DE",,,Nuit avec éclairage allumé,En agglomération,Hors intersection,Normale,Sans collision,,,,,,,,,,,5,2,1,1.0,7.0
201000045121,0010-08-05 12:30:00,10,8,5,12,30,830,69,CLOTIS (AVENUE JOSEPH),,,Plein jour,En agglomération,Hors intersection,Normale,Autre collision,,,,,,,,,,,1,2,1,1.0,6.0
201000045122,0010-07-10 17:40:00,10,7,10,17,40,830,69,"288, MARINE (BOULEVARD D",,,Plein jour,Hors agglomération,Hors intersection,Normale,Deux véhicules - côté,,,,,,,,,,,1,1,1,1.0,3.0
201000045123,0010-08-18 03:20:00,10,8,18,3,20,830,69,PIERREFEU (ROUTE DE) RD,,,Nuit sans éclairage public,Hors agglomération,Hors intersection,Normale,Sans collision,,,,,,,,,,,3,1,1,1.0,7.0
201000045124,0010-08-10 10:53:00,10,8,10,10,53,830,69,OLBIA  (VOIE),,,Plein jour,En agglomération,Hors intersection,Normale,Autre collision,,,,,,,,,,,1,2,1,1.0,6.0
201000045125,0010-07-20 22:35:00,10,7,20,22,35,830,69,"3369, ALMANARRE (ROUTE D",,,Nuit avec éclairage allumé,En agglomération,Hors intersection,Normale,Deux véhicules - arrière,,,,,,,,,,,5,2,1,1.0,2.0
201000045126,0010-09-14 21:10:00,10,9,14,21,10,830,69,GALINETTE ( RUE ),,,Nuit avec éclairage allumé,En agglomération,Hors intersection,Normale,Deux véhicules - côté,,,,,,,,,,,5,2,1,1.0,3.0
201000045127,0010-08-30 14:53:00,10,8,30,14,53,830,69,MADRAGUE (ROUTE DE LA),,,Plein jour,Hors agglomération,Intersection en T,Normale,Deux véhicules - côté,,,,,,,,,,,1,1,3,1.0,3.0
201000045128,0010-09-19 14:55:00,10,9,19,14,55,830,69,MARINE (BOULEVARD DE LA),,,Plein jour,En agglomération,Hors intersection,Normale,Deux véhicules - arrière,,,,,,,,,,,1,2,1,1.0,2.0
201000045129,0010-09-25 15:50:00,10,9,25,15,50,830,69,"14, BELLON (RUE DU SOLDA",,,Plein jour,En agglomération,Hors intersection,Normale,Deux véhicules - frontale,,,,,,,,,,,1,2,1,1.0,1.0
201000045130,0010-07-12 12:25:00,10,7,12,12,25,830,69,VERSIN (PLACE LOUIS),,,Plein jour,En agglomération,Giratoire,Normale,Autre collision,,,,,,,,,,,1,2,6,1.0,6.0
201000045131,0010-10-01 19:00:00,10,10,1,19,0,830,69,AEROPORT (AVENUE DE L'),,,Crépuscule ou aube,Hors agglomération,Hors intersection,Normale,Trois véhicules et plus - collisions multiples,,,,,,,,,,,2,1,1,1.0,5.0