accident_id,datetime,annee,mois,jour,heure,minute,departement,commune_insee,adresse,latitude,longitude,luminosite,agglomeration,intersection,meteo,collision,nb_vehicules,nb_usagers,nb_indemnes,nb_tues,nb_blesses_hosp,nb_blesses_legers,age_cond_1,age_cond_2,veh_type_cond_1,veh_type_cond_2,lum_code,agg_code,int_code,atm_code,col_code
201000045132,0010-10-01 13:00:00,10,10,1,13,0,830,69,OLBIA  (VOIE),,,Plein jour,En agglomération,Intersection en X,Normale,Deux véhicules - côté,,,,,,,,,,,1,2,2,1.0,3.0
201000045133,0010-11-10 09:30:00,10,11,10,9,30,830,69,"555, LOUBES (ROUTE DES)",,,Plein jour,En agglomération,Hors intersection,Normale,Trois véhicules et plus - collisions multiples,,,,,,,,,,,1,2,1,1.0,5.0
201000045134,0010-11-20 07:25:00,10,11,20,7,25,830,69,BROSSET (AVENUE 1ERE DIV,,,Crépuscule ou aube,En agglomération,Hors intersection,Pluie légère,Deux véhicules - côté,,,,,,,,,,,2,2,1,2.0,3.0
201000045135,0010-12-09 17:55:00,10,12,9,17,55,830,69,"26, BREST (RUE DE)",,,Nuit avec éclairage allumé,En agglomération,Hors intersection,Vent fort / tempête,Autre collision,,,,,,,,,,,5,2,1,6.0,6.0
201000045136,0010-02-03 12:10:00,10,2,3,12,10,830,123,"000, GARE (ROUTE)",,,Plein jour,En agglomération,Intersection en X,Normale,Autre collision,,,,,,,,,,,1,2,2,1.0,6.0
201000045137,0010-02-05 13:05:00,10,2,5,13,5,830,129,"557, ROUMAGNAN (CHEMIN D",,,Plein jour,En agglomération,Hors intersection,Normale,Deux véhicules - frontale,,,,,,,,,,,1,2,1,1.0,1.0
201000045138,0010-01-22 09:00:00,10,1,22,9,0,830,129,"000, DE GAULLE (PROMENAD",,,Plein jour,En agglomération,Hors intersection,Normale,Sans collision,,,,,,,,,,,1,2,1,1.0,7.0
201000045139,0010-02-07 01:55:00,10,2,7,1,55,830,129,"776, DE GAULLE (PROMENAD",,,Nuit avec éclairage allumé,En agglomération,Hors intersection,Normale,Deux véhicules - arrière,,,,,,,,,,,5,2,1,1.0,2.0
201000045140,0010-02-12 19:00:00,10,2,12,19,0,830,129,"0000, SAINT JEAN (CHEMIN",,,Nuit sans éclairage public,En agglomération,Hors intersection,Normale,Autre collision,,,,,,,,,,,3,2,1,1.0,6.0
201000045141,0010-03-02 23:38:00,10,3,2,23,38,830,129,"000, COUDOULIERE (LA)",,,Nuit avec éclairage allumé,En agglomération,Intersection en T,Normale,Deux véhicules - frontale,,,,,,,,,,,5,2,3,1.0,1.0
201000045142,0010-03-10 00:55:00,10,3,10,0,55,830,129,"000, AUDIBERT (RUE ET CH",,,Nuit avec éclairage allumé,En agglomération,Hors intersection,Normale,Sans collision,,,,,,,,,,,5,2,1,1.0,7.0
201000045143,0010-03-15 16:25:00,10,3,15,16,25,830,123,"37, JEAN JAURES (AVENUE)",,,Plein jour,En agglomération,Hors intersection,Normale,Deux véhicules - côté,,,,,,,,,,,1,2,1,1.0,3.0
201000045144,0010-03-20 19:16:00,10,3,20,19,16,830,123,"000, GARE (ROUTE)",,,Nuit sans éclairage public,En agglomération,Giratoire,Normale,Sans collision,,,,,,,,,,,3,2,6,1.0,7.0
201000045145,0010-04-07 15:15:00,10,4,7,15,15,830,123,"263, DEUXIEME SPAHIS (AV",,,Plein jour,En agglomération,Hors intersection,Normale,Autre collision,,,,,,,,,,,1,2,1,1.0,6.0
201000045146,0010-05-03 11:00:00,10,5,3,11,0,830,129,"206, DE GAULLE (PROMENAD",,,Plein jour,En agglomération,Hors intersection,Normale,Autre collision,,,,,,,,,,,1,2,1,1.0,6.0
201000045147,0010-05-12 08:40:00,10,5,12,8,40,830,129,"008, MER (AVENUE DE LA)",,,Plein jour,En agglomération,Giratoire,Normale,Deux véhicules - côté,,,,,,,,,,,1,2,6,1.0,3.0
201000045148,0010-05-20 08:35:00,10,5,20,8,35,830,129,"0000, CROS (CORNICHE DU)",,,Plein jour,En agglomération,Intersection en T,Normale,Deux véhicules - côté,,,,,,,,,,,1,2,3,1.0,3.0
201000045149,0010-05-20 19:00:00,10,5,20,19,0,830,123,"000, RESISTANCE (AV) N°",,,Plein jour,En agglomération,Hors intersection,Normale,Deux véhicules - arrière,,,,,,,,,,,1,2,1,1.0,2.0
201000045150,0010-05-26 07:50:00,10,5,26,7,50,830,123,BUGE (CHEMIN DE LA)N° PA,,,Plein jour,En agglomération,Giratoire,Temps éblouissant,Autre collision,,,,,,,,,,,1,2,6,7.0,6.0
201000045151,0010-05-26 16:10:00,10,5,26,16,10,830,9,"36, PONS (RUE)",,,Plein jour,En agglomération,Autre intersection,Normale,Autre collision,,,,,,,,,,,1,2,9,1.0,6.0
201000045152,0010-05-31 16:50:00,10,5,31,16,50,830,123,"000, TOULON (ANCIEN CHEM",,,Plein jour,En agglomération,Hors intersection,Normale,Autre collision,,,,,,,,,,,1,2,1,1.0,6.0
201000045153,0010-06-01 17:30:00,10,6,1,17,30,830,129,"000, FORT (MONTEE DU)",,,Plein jour,En agglomération,Hors intersection,Normale,Deux véhicules - frontale,,,,,,,,,,,1,2,1,1.0,1.0
201000045154,0010-06-06 00:55:00,10,6,6,0,55,830,129,"000, SOLVIOU (CORNICHE D",,,Nuit avec éclairage allumé,En agglomération,Hors intersection,Normale,Deux véhicules - côté,,,,,,,,,,,5,2,1,1.0,3.0
201000045155,0010-06-08 18:40:00,10,6,8,18,40,830,129,"000, LYCEE DE LA COUDOUL",,,Plein jour,En agglomération,Hors intersection,Normale,Autre collision,,,,,,,,,,,1,2,1,1.0,6.0
201000045156,0010-06-18 15:35:00,10,6,18,15,35,830,129,"000, DE LATTRE DE TASSIG",,,Plein jour,En agglomération,Hors intersection,Normale,Autre collision,,,,,,,,,,,1,2,1,1.0,6.0
201000045157,0010-06-17 19:30:00,10,6,17,19,30,830,9,"220 A 226, GRAVIERS (BD",,,Plein jour,En agglomération,Hors intersection,Normale,Deux véhicules - frontale,,,,,,,,,,,1,2,1,1.0,1.0
201000045158,0010-06-23 16:20:00,10,6,23,16,20,830,123,"000, LANGE (CHEMIN)",,,Plein jour,En agglomération,Hors intersection,Normale,Deux véhicules - arrière,,,,,,,,,,,1,2,1,1.0,2.0
201000045159,0010-06-27 18:30:00,10,6,27,18,30,830,129,"53, REPUBLIQUE (AVENUE D",,,Plein jour,En agglomération,Intersection en T,Normale,Deux véhicules - côté,,,,,,,,,,,1,2,3,1.0,3.0
201000045160,0010-07-02 16:30:00,10,7,2,16,30,830,129,"130, FONT DE FILLOL (RC",,,Plein jour,En agglomération,Hors intersection,Normale,Autre collision,,,,,,,,,,,1,2,1,1.0,6.0
201000045161,0010-06-28 12:35:00,10,6,28,12,35,830,123,"000, TOULON (ANCIEN CHEM",,,Plein jour,Hors agglomération,Hors intersection,Normale,Deux véhicules - côté,,,,,,,,,,,1,1,1,1.0,3.0
201000045162,0010-07-06 12:50:00,10,7,6,12,50,830,129,"1650, MER (AVENUE DE LA)",,,Plein jour,En agglomération,Hors intersection,Normale,Deux véhicules - arrière,,,,,,,,,,,1,2,1,1.0,2.0
201000045163,0010-07-12 23:20:00,10,7,12,23,20,830,129,"000, CABRY (BD DE)",,,Nuit avec éclairage allumé,En agglomération,Giratoire,Normale,Deux véhicules - côté,,,,,,,,,,,5,2,6,1.0,3.0
201000045164,0010-07-12 13:00:00,10,7,12,13,0,830,129,"000, DE GAULLE (PROMENAD",,,Plein jour,En agglomération,Hors intersection,Normale,Deux véhicules - arrière,,,,,,,,,,,1,2,1,1.0,2.0
201000045165,0010-07-17 07:15:00,10,7,17,7,15,830,129,"000, RAYNAUD (AVENUE JOS",,,Plein jour,En agglomération,Hors intersection,Temps éblouissant,Autre collision,,,,,,,,,,,1,2,1,7.0,6.0
201000045166,0010-07-27 20:20:00,10,7,27,20,20,830,123,"000, BANDOL (ROUTE)N° PA",,,Plein jour,Hors agglomération,Hors intersection,Normale,Trois véhicules et plus - collisions multiples,,,,,,,,,,,1,1,1,1.0,5.0
201000045167,0010-07-31 01:10:00,10,7,31,1,10,830,123,"4355, TOULON (ANCIEN CHE",,,Nuit sans éclairage public,En agglomération,Hors intersection,Normale,Trois véhicules et plus - collisions multiples,,,,,,,,,,,3,2,1,1.0,5.0
201000045168,0010-08-01 01:10:00,10,8,1,1,10,830,9,"000, MARSEILLE (BD DE)",,,Nuit avec éclairage allumé,En agglomération,Hors intersection,Normale,Sans collision,,,,,,,,,,,5,2,1,1.0,7.0
201000045169,0010-08-04 07:20:00,10,8,4,7,20,830,123,"000, TOULON (ANCIEN CHEM",,,Plein jour,En agglomération,Hors intersection,Normale,Autre collision,,,,,,,,,,,1,2,1,1.0,6.0
201000045170,0010-08-09 14:20:00,10,8,9,14,20,830,9,"203, PEYRIERE (BD DE)",,,Plein jour,En agglomération,Hors intersection,Normale,Autre collision,,,,,,,,,,,1,2,1,1.0,6.0
201000045171,0010-08-20 19:45:00,10,8,20,19,45,830,129,"355, SABLETTES (ROUTE DE",,,Plein jour,En agglomération,Hors intersection,Normale,Autre collision,,,,,,,,,,,1,2,1,1.0,6.0
201000045172,0010-08-21 09:15:00,10,8,21,9,15,830,123,"000, BUGE (CHEMIN DE LA)",,,Plein jour,En agglomération,Hors intersection,Normale,Autre collision,,,,,,,,,,,1,2,1,1.0,6.0
201000045173,0010-08-25 15:20:00,10,8,25,15,20,830,129,"1268, FORET (CHE DE LA)",,,Plein jour,En agglomération,Hors intersection,Normale,Deux véhicules - frontale,,,,,,,,,,,1,2,1,1.0,1.0
201000045174,0010-08-30 11:55:00,10,8,30,11,55,830,9,"2436, DEPARTEMENTALE 559",,,Plein jour,En agglomération,Hors intersection,Normale,Deux véhicules - arrière,,,,,,,,,,,1,2,1,1.0,2.0
201000045175,0010-09-09 09:00:00,10,9,9,9,0,830,123,"000, CHARLES DE GAULLE (",,,Plein jour,En agglomération,Hors intersection,Temps éblouissant,Autre collision,,,,,,,,,,,1,2,1,7.0,6.0
201000045176,0010-09-10 18:15:00,10,9,10,18,15,830,129,"000, CABRY (BD DE)",,,Plein jour,En agglomération,Intersection en T,Normale,Deux véhicules - côté,,,,,,,,,,,1,2,3,1.0,3.0
201000045177,0010-09-12 18:05:00,10,9,12,18,5,830,129,"000, PORT DE LA COUDOULI",,,Plein jour,En agglomération,Hors intersection,Normale,Autre collision,,,,,,,,,,,1,2,1,1.0,6.0
201000045178,0010-09-21 07:35:00,10,9,21,7,35,830,129,"2330, KENNEDY (AVENUE J.",,,Plein jour,En agglomération,Hors intersection,Normale,Trois véhicules et plus - collisions multiples,,,,,,,,,,,1,2,1,1.0,5.0
201000045179,0010-09-20 18:35:00,10,9,20,18,35,830,129,"000, KENNEDY (AVENUE J.)",,,Crépuscule ou aube,En agglomération,Autre intersection,Temps éblouissant,Deux véhicules - côté,,,,,,,,,,,2,2,9,7.0,3.0
201000045180,0010-09-23 12:20:00,10,9,23,12,20,830,123,"000, BUGE (CHEMIN DE LA)",,,Plein jour,En agglomération,Hors intersection,Normale,Deux véhicules - arrière,,,,,,,,,,,1,2,1,1.0,2.0
201000045181,0010-10-14 20:45:00,10,10,14,20,45,830,129,DE LATTRE DE TASSIGNY (A,,,Nuit avec éclairage allumé,En agglomération,Hors intersection,Normale,Deux véhicules - côté,,,,,,,,,,,5,2,1,1.0,3.0
201000045182,0010-10-12 08:50:00,10,10,12,8,50,830,123,"000, BANDOL (ROUTE)N° PA",,,Plein jour,Hors agglomération,Hors intersection,Normale,Deux véhicules - frontale,,,,,,,,,,,1,1,1,1.0,1.0
201000045183,0010-10-17 02:50:00,10,10,17,2,50,830,9,"550, LIBERATION (AVENUE",,,Nuit avec éclairage allumé,Hors agglomération,Hors intersection,Normale,Autre collision,,,,,,,,,,,5,1,1,1.0,6.0
201000045184,0010-10-21 13:05:00,10,10,21,13,5,830,129,"00, FONT DE FILLOL (RC E",,,Plein jour,En agglomération,Intersection en T,Normale,Deux véhicules - côté,,,,,,,,,,,1,2,3,1.0,3.0
201000045185,0010-10-19 08:30:00,10,10,19,8,30,830,123,"000, BUGE (CHEMIN DE LA)",,,Plein jour,En agglomération,Hors intersection,Normale,Autre collision,,,,,,,,,,,1,2,1,1.0,6.0
201000045186,0010-10-25 19:00:00,10,10,25,19,0,830,129,"321, CROS (CORNICHE DU)",,,Nuit avec éclairage allumé,En agglomération,Hors intersection,Normale,Autre collision,,,,,,,,,,,5,2,1,1.0,6.0
201000045187,0010-10-30 00:22:00,10,10,30,0,22,830,129,"301, JUIN MARECHAL (AV D",,,Nuit avec éclairage allumé,En agglomération,Hors intersection,Normale,Deux véhicules - côté,,,,,,,,,,,5,2,1,1.0,3.0
201000045188,0010-10-30 17:20:00,10,10,30,17,20,830,129,"000, SEVERIN SAURIN (RUE",,,Crépuscule ou aube,En agglomération,Hors intersection,Normale,Deux véhicules - frontale,,,,,,,,,,,2,2,1,1.0,1.0
201000045189,0010-11-02 18:35:00,10,11,2,18,35,830,129,"1347, MER (AVENUE DE LA)",,,Nuit avec éclairage allumé,En agglomération,Autre intersection,Normale,Deux véhicules - côté,,,,,,,,,,,5,2,9,1.0,3.0
201000045190,0010-11-05 18:00:00,10,11,5,18,0,830,123,"00, TOULON (ANCIEN CHEMI",,,Nuit avec éclairage allumé,En agglomération,Intersection en T,Normale,Deux véhicules - côté,,,,,,,,,,,5,2,3,1.0,3.0
201000045191,0010-10-25 23:20:00,10,10,25,23,20,830,129,"173 BIS, MIRONDIN (RUE D",,,Nuit avec éclairage allumé,En agglomération,Hors intersection,Normale,Deux véhicules - frontale,,,,,,,,,,,5,2,1,1.0,1.0
201000045192,0010-11-16 12:30:00,10,11,16,12,30,830,123,"000, CORNICHE DU SOLEIL",,,Plein jour,En agglomération,Intersection en T,Temps couvert,Deux véhicules - côté,,,,,,,,,,,1,2,3,8.0,3.0
201000045193,0010-11-19 09:50:00,10,11,19,9,50,830,129,"68, REPUBLIQUE (AVENUE D",,,Plein jour,En agglomération,Hors intersection,Normale,Autre collision,,,,,,,,,,,1,2,1,1.0,6.0
201000045194,0010-11-24 15:45:00,10,11,24,15,45,830,129,JUIN MARECHAL (AV DU),,,Plein jour,En agglomération,Hors intersection,Normale,Autre collision,,,,,,,,,,,1,2,1,1.0,6.0
201000045195,0010-12-02 10:45:00,10,12,2,10,45,830,9,"7, DE GAULLE (QUAI CHARL",,,Plein jour,En agglomération,Hors intersection,Normale,Autre collision,,,,,,,,,,,1,2,1,1.0,6.0
201000045196,0010-12-05 05:10:00,10,12,5,5,10,830,129,"534, KENNEDY (AVENUE J.)",,,Nuit avec éclairage allumé,En agglomération,Hors intersection,Normale,Autre collision,,,,,,,,,,,5,2,1,1.0,6.0
201000045197,0010-12-06 18:15:00,10,12,6,18,15,830,129,"000, PICAREAU (AVENUE VI",,,Nuit avec éclairage allumé,En agglomération,Hors intersection,Pluie légère,Autre collision,,,,,,,,,,,5,2,1,2.0,6.0
201000045198,0010-12-10 16:00:00,10,12,10,16,0,830,129,"000, TRAITE DE L'ELYSEE",,,Plein jour,En agglomération,Hors intersection,Normale,Autre collision,,,,,,,,,,,1,2,1,1.0,6.0
201000045199,0010-12-13 16:40:00,10,12,13,16,40,830,129,"000, FONT DE FILLOL (RC",,,Crépuscule ou aube,En agglomération,Intersection en X,Normale,Deux véhicules - côté,,,,,,,,,,,2,2,2,1.0,3.0
201000045200,0010-12-14 12:50:00,10,12,14,12,50,830,129,MER (AVENUE DE LA) N° PA,,,Plein jour,En agglomération,Hors intersection,Normale,Deux véhicules - frontale,,,,,,,,,,,1,2,1,1.0,1.0
201000045201,0010-12-17 17:45:00,10,12,17,17,45,830,129,"1742, MER (AVENUE DE LA)",,,Nuit avec éclairage allumé,En agglomération,Hors intersection,Normale,Deux véhicules - arrière,,,,,,,,,,,5,2,1,1.0,2.0
201000045202,0010-12-11 15:55:00,10,12,11,15,55,830,9,"53, DE GAULLE (QUAI CHAR",,,Plein jour,En agglomération,Hors intersection,Normale,Autre collision,,,,,,,,,,,1,2,1,1.0,6.0
201000045203,0010-12-23 13:50:00,10,12,23,13,50,830,129,"165, MER (AVENUE DE LA)",,,Plein jour,En agglomération,Intersection en X,Pluie forte,Deux véhicules - côté,,,,,,,,,,,1,2,2,3.0,3.0
201000045204,0010-12-30 18:35:00,10,12,30,18,35,830,129,"843, MER (AVENUE DE LA)",,,Nuit avec éclairage allumé,En agglomération,Hors intersection,Temps couvert,Autre collision,,,,,,,,,,,5,2,1,8.0,6.0
201000045205,0010-12-31 18:30:00,10,12,31,18,30,830,123,"296, RESISTANCE (AV) N°",,,Nuit avec éclairage allumé,En agglomération,Hors intersection,Normale,Sans collision,,,,,,,,,,,5,2,1,1.0,7.0
201000045206,0010-12-22 11:40:00,10,12,22,11,40,830,129,"000, ECOLES (BD DES)",,,Plein jour,En agglomération,Hors intersection,Normale,Autre collision,,,,,,,,,,,1,2,1,1.0,6.0
201000045207,0010-01-01 03:55:00,10,1,1,3,55,830,126,"80, JAURES (BD JEAN)",,,Nuit avec éclairage allumé,En agglomération,Hors intersection,Pluie légère,Autre collision,,,,,,,,,,,5,2,1,2.0,6.0
201000045208,0010-02-14 01:25:00,10,2,14,1,25,830,126,"541, FABRE A GAVET",,,Nuit avec éclairage allumé,En agglomération,Hors intersection,Normale,Autre collision,,,,,,,,,,,5,2,1,1.0,6.0
201000045209,0010-01-17 17:10:00,10,1,17,17,10,830,126,"619, PACHA (CORNICHE MIC",,,Plein jour,En agglomération,Hors intersection,Normale,Sans collision,,,,,,,,,,,1,2,1,1.0,7.0
201000045210,0010-01-20 11:55:00,10,1,20,11,55,830,126,Ytzhak RABIN - D63,,,Plein jour,En agglomération,Intersection en T,Normale,Deux véhicules - côté,,,,,,,,,,,1,2,3,1.0,3.0
201000045211,0010-01-23 15:05:00,10,1,23,15,5,830,126,"1, ROSTAND (BD JEAN)",,,Plein jour,En agglomération,Hors intersection,Normale,Deux véhicules - arrière,,,,,,,,,,,1,2,1,1.0,2.0
201000045212,0010-01-28 09:35:00,10,1,28,9,35,830,126,ARMEE FRANCAISE (AV DE L,,,Plein jour,En agglomération,Hors intersection,Normale,Autre collision,,,,,,,,,,,1,2,1,1.0,6.0
201000045213,0010-01-27 17:07:00,10,1,27,17,7,830,153,RESISTANTS (PLACE DES),,,Plein jour,En agglomération,Hors intersection,Normale,Autre collision,,,,,,,,,,,1,2,1,1.0,6.0
201000045214,0010-02-10 19:00:00,10,2,10,19,0,830,126,"1, BEAUCHE(ROND POINT DU",,,Nuit avec éclairage allumé,En agglomération,Giratoire,Normale,Autre collision,,,,,,,,,,,5,2,6,1.0,6.0
201000045215,0010-02-15 16:45:00,10,2,15,16,45,830,126,"1, EUROPE (BD DE L')",,,Plein jour,En agglomération,Intersection en X,Normale,Deux véhicules - côté,,,,,,,,,,,1,2,2,1.0,3.0
201000045216,0010-02-19 16:13:00,10,2,19,16,13,830,126,"2017, RENOIR (AV AUGUSTE",,,Plein jour,En agglomération,Hors intersection,Normale,Autre collision,,,,,,,,,,,1,2,1,1.0,6.0
201000045217,0010-02-22 09:45:00,10,2,22,9,45,830,126,ARNAUD (CHEMIN),,,Plein jour,En agglomération,Hors intersection,Pluie légère,Deux véhicules - arrière,,,,,,,,,,,1,2,1,2.0,2.0
201000045218,0010-03-02 16:25:00,10,3,2,16,25,830,126,Ytzhak RABIN - D63,,,Plein jour,En agglomération,Hors intersection,Normale,Autre collision,,,,,,,,,,,1,2,1,1.0,6.0
201000045219,0010-03-05 19:30:00,10,3,5,19,30,830,126,MISTRAL (AV FREDERIC),,,Nuit avec éclairage allumé,En agglomération,Hors intersection,Normale,Deux véhicules - côté,,,,,,,,,,,5,2,1,1.0,3.0
201000045220,0010-03-09 08:40:00,10,3,9,8,40,830,126,"1, PERI (QUAI GABRIEL)",,,Plein jour,En agglomération,Hors intersection,Temps couvert,Deux véhicules - arrière,,,,,,,,,,,1,2,1,8.0,2.0
201000045221,0010-03-24 08:55:00,10,3,24,8,55,830,126,ARMEE FRANCAISE (AV DE L,,,Plein jour,Hors agglomération,Hors intersection,Normale,Deux véhicules - côté,,,,,,,,,,,1,1,1,1.0,3.0
201000045222,0010-04-01 13:35:00,10,4,1,13,35,830,126,SAINT-EXUPERY (AV ANTOIN,,,Plein jour,En agglomération,Hors intersection,Normale,Deux véhicules - côté,,,,,,,,,,,1,2,1,1.0,3.0
201000045223,0010-04-04 18:20:00,10,4,4,18,20,830,126,"2399B, DE GAULLE (AV CHA",,,Plein jour,En agglomération,Hors intersection,Normale,Deux véhicules - arrière,,,,,,,,,,,1,2,1,1.0,2.0
201000045224,0010-04-06 17:05:00,10,4,6,17,5,830,126,Ytzhak RABIN - D63,,,Plein jour,En agglomération,Hors intersection,Normale,Deux véhicules - arrière,,,,,,,,,,,1,2,1,1.0,2.0
201000045225,0010-04-07 13:45:00,10,4,7,13,45,830,126,"1, EUROPE (BD DE L')",,,Plein jour,En agglomération,Hors intersection,Temps couvert,Autre collision,,,,,,,,,,,1,2,1,8.0,6.0
201000045226,0010-04-11 16:35:00,10,4,11,16,35,830,126,Ytzhak RABIN - D63,,,Plein jour,En agglomération,Hors intersection,Normale,Autre collision,,,,,,,,,,,1,2,1,1.0,6.0
201000045227,0010-04-13 22:55:00,10,4,13,22,55,830,153,C D 18,,,Nuit sans éclairage public,Hors agglomération,Hors intersection,Normale,Deux véhicules - frontale,,,,,,,,,,,3,1,1,1.0,1.0
201000045228,0010-04-14 22:40:00,10,4,14,22,40,830,126,ANCIENS COMBATANTS D'IND,,,Nuit avec éclairage allumé,En agglomération,Intersection à plus de 4 branches,Normale,Deux véhicules - côté,,,,,,,,,,,5,2,5,1.0,3.0
201000045229,0010-04-19 08:20:00,10,4,19,8,20,830,126,"25, MAZEN (AV DU DOCTEUR",,,Plein jour,En agglomération,Hors intersection,Normale,Deux véhicules - côté,,,,,,,,,,,1,2,1,1.0,3.0
201000045230,0010-04-20 13:00:00,10,4,20,13,0,830,126,Ytzhak RABIN - D63,,,Plein jour,En agglomération,Hors intersection,Normale,Deux véhicules - côté,,,,,,,,,,,1,2,1,1.0,3.0
201000045231,0010-04-21 02:00:00,10,4,21,2,0,830,126,ARMEE FRANCAISE (AV DE L,,,Nuit avec éclairage allumé,Hors agglomération,Hors intersection,Normale,Deux véhicules - frontale,,,,,,,,,,,5,1,1,1.0,1.0
201000045232,0010-04-23 15:20:00,10,4,23,15,20,830,153,"11, ARISTIDE BRIAND (QUA",,,Plein jour,En agglomération,Hors intersection,Pluie légère,Autre collision,,,,,,,,,,,1,2,1,2.0,6.0
201000045233,0010-01-15 11:25:00,10,1,15,11,25,830,126,ALLENDE (AV. SALVADOR),,,Plein jour,En agglomération,Hors intersection,Normale,Deux véhicules - arrière,,,,,,,,,,,1,2,1,1.0,2.0
201000045234,0010-05-04 07:35:00,10,5,4,7,35,830,126,"1, GIDE (AV CHARLES )",,,Plein jour,En agglomération,Hors intersection,Pluie forte,Autre collision,,,,,,,,,,,1,2,1,3.0,6.0
201000045235,0010-05-07 14:35:00,10,5,7,14,35,830,126,Ytzhak RABIN - D63,,,Plein jour,En agglomération,Hors intersection,Normale,Deux véhicules - côté,,,,,,,,,,,1,2,1,1.0,3.0
201000045236,0010-05-07 20:40:00,10,5,7,20,40,830,126,Ytzhak RABIN - D63,,,Nuit avec éclairage allumé,En agglomération,Intersection en T,Normale,Deux véhicules - frontale,,,,,,,,,,,5,2,3,1.0,1.0
201000045237,0010-05-10 13:45:00,10,5,10,13,45,830,126,"1, EUROPE (BD DE L')",,,Plein jour,En agglomération,Hors intersection,Normale,Autre collision,,,,,,,,,,,1,2,1,1.0,6.0
201000045238,0010-05-11 13:10:00,10,5,11,13,10,830,126,"355, DONICARDE (CHEMIN D",,,Plein jour,En agglomération,Intersection en T,Normale,Autre collision,,,,,,,,,,,1,2,3,1.0,6.0
201000045239,0010-05-14 16:35:00,10,5,14,16,35,830,126,"230, LAMARQUE (AV JEAN A",,,Plein jour,En agglomération,Hors intersection,Normale,Deux véhicules - côté,,,,,,,,,,,1,2,1,1.0,3.0
201000045240,0010-05-14 17:20:00,10,5,14,17,20,830,126,"184, FARLEDE (CHEMIN DE",,,Plein jour,En agglomération,Hors intersection,Normale,Deux véhicules - côté,,,,,,,,,,,1,2,1,1.0,3.0
201000045241,0010-05-22 10:50:00,10,5,22,10,50,830,126,DE GAULLE (AV CHARLES),,,Plein jour,En agglomération,Hors intersection,Normale,Deux véhicules - arrière,,,,,,,,,,,1,2,1,1.0,2.0
201000045242,0010-05-22 12:05:00,10,5,22,12,5,830,126,"17, CARMILLE ( AV DU GEN",,,Plein jour,En agglomération,Intersection en X,Normale,Deux véhicules - côté,,,,,,,,,,,1,2,2,1.0,3.0
201000045243,0010-05-26 00:46:00,10,5,26,0,46,830,153,C D 18,,,Nuit avec éclairage allumé,Hors agglomération,Hors intersection,Normale,Autre collision,,,,,,,,,,,5,1,1,1.0,6.0
201000045244,0010-05-26 11:30:00,10,5,26,11,30,830,126,JUIN (AV MARECHAL),,,Plein jour,En agglomération,Hors intersection,Normale,Deux véhicules - côté,,,,,,,,,,,1,2,1,1.0,3.0
201000045245,0010-05-27 10:30:00,10,5,27,10,30,830,126,PAUL (AV MARCEL),,,Plein jour,En agglomération,Intersection en X,Normale,Deux véhicules - côté,,,,,,,,,,,1,2,2,1.0,3.0
201000045246,0010-05-27 17:10:00,10,5,27,17,10,830,126,"1, QUATRE SEPTEMBRE (BD",,,Plein jour,En agglomération,Intersection en X,Normale,Deux véhicules - côté,,,,,,,,,,,1,2,2,1.0,3.0
201000045247,0010-05-27 17:48:00,10,5,27,17,48,830,126,Pablo Neruda,,,Plein jour,En agglomération,Giratoire,Normale,Deux véhicules - côté,,,,,,,,,,,1,2,6,1.0,3.0
201000045248,0010-05-30 13:40:00,10,5,30,13,40,830,126,"30, QUATRE SEPTEMBRE (BD",,,Plein jour,En agglomération,Hors intersection,Normale,Autre collision,,,,,,,,,,,1,2,1,1.0,6.0
201000045249,0010-05-30 06:30:00,10,5,30,6,30,830,126,"744, FABRE A GAVET",,,Plein jour,En agglomération,Hors intersection,Normale,Autre collision,,,,,,,,,,,1,2,1,1.0,6.0
201000045250,0010-06-03 17:45:00,10,6,3,17,45,830,126,ALLENDE (AV. SALVADOR),,,Plein jour,En agglomération,Intersection en T,Normale,Trois véhicules et plus - collisions multiples,,,,,,,,,,,1,2,3,1.0,5.0
201000045251,0010-06-05 11:20:00,10,6,5,11,20,830,126,"1, ALLENDE (AV. SALVADOR",,,Plein jour,En agglomération,Hors intersection,Normale,Deux véhicules - frontale,,,,,,,,,,,1,2,1,1.0,1.0
201000045252,0010-06-11 08:50:00,10,6,11,8,50,830,126,LA SEYNE A BASTIAN (CHEM,,,Plein jour,En agglomération,Intersection en T,Normale,Deux véhicules - côté,,,,,,,,,,,1,2,3,1.0,3.0
201000045253,0010-06-12 10:10:00,10,6,12,10,10,830,126,LA SEYNE A OLLIOULES (CH,,,Plein jour,En agglomération,Hors intersection,Normale,Trois véhicules et plus - en chaîne,,,,,,,,,,,1,2,1,1.0,4.0
201000045254,0010-06-12 20:10:00,10,6,12,20,10,830,126,LA SEYNE A OLLIOULES (CH,,,Plein jour,Hors agglomération,Hors intersection,Normale,Deux véhicules - côté,,,,,,,,,,,1,1,1,1.0,3.0
201000045255,0010-06-16 11:15:00,10,6,16,11,15,830,126,HUIT MAI 1945 ( CARREFOU,,,Plein jour,En agglomération,Hors intersection,Normale,Deux véhicules - arrière,,,,,,,,,,,1,2,1,1.0,2.0
201000045256,0010-06-16 17:00:00,10,6,16,17,0,830,126,"1, VERLAQUE (AV NOEL )",,,Plein jour,En agglomération,Hors intersection,Normale,Autre collision,,,,,,,,,,,1,2,1,1.0,6.0