accident_id,datetime,annee,mois,jour,heure,minute,departement,commune_insee,adresse,latitude,longitude,luminosite,agglomeration,intersection,meteo,collision,nb_vehicules,nb_usagers,nb_indemnes,nb_tues,nb_blesses_hosp,nb_blesses_legers,age_cond_1,age_cond_2,veh_type_cond_1,veh_type_cond_2,lum_code,agg_code,int_code,atm_code,col_code
201000045384,0010-04-18 19:55:00,10,4,18,19,55,830,137,BRIAND (AVE ARISTIDE PRO,,,Crépuscule ou aube,En agglomération,Hors intersection,Normale,Deux véhicules - arrière,,,,,,,,,,,2,2,1,1.0,2.0
201000045385,0010-04-20 12:25:00,10,4,20,12,25,830,137,"4, FRANCE (RUE ANATOLE)",,,Plein jour,En agglomération,Hors intersection,Normale,Autre collision,,,,,,,,,,,1,2,1,1.0,6.0
201000045386,0010-04-20 10:50:00,10,4,20,10,50,830,137,JUIN (AVE ALPHONSE),,,Plein jour,En agglomération,Hors intersection,Normale,Deux véhicules - côté,,,,,,,,,,,1,2,1,1.0,3.0
201000045387,0010-04-16 11:30:00,10,4,16,11,30,830,137,"98, REPUBLIQUE (AVE DE L",,,Plein jour,En agglomération,Hors intersection,Normale,Autre collision,,,,,,,,,,,1,2,1,1.0,6.0
201000045388,0010-04-24 14:10:00,10,4,24,14,10,830,137,ESCARTEFIGUE (CORNICHE D,,,Plein jour,En agglomération,Hors intersection,Normale,Autre collision,,,,,,,,,,,1,2,1,1.0,6.0
201000045389,0010-04-26 13:20:00,10,4,26,13,20,830,62,JAURES (AVENUE JEAN),,,Plein jour,En agglomération,Hors intersection,Normale,Autre collision,,,,,,,,,,,1,2,1,1.0,6.0
201000045390,0010-04-27 16:50:00,10,4,27,16,50,830,144,PICASSO (AVE PABLO),,,Plein jour,En agglomération,Intersection en X,Normale,Sans collision,,,,,,,,,,,1,2,2,1.0,7.0
201000045391,0010-04-23 09:55:00,10,4,23,9,55,830,137,ITALIE (PORTE D'),,,Plein jour,En agglomération,Hors intersection,Normale,Trois véhicules et plus - en chaîne,,,,,,,,,,,1,2,1,1.0,4.0
201000045392,0010-04-30 12:20:00,10,4,30,12,20,830,62,DRAGUIGNAN (AVENUE DE),,,Plein jour,En agglomération,Hors intersection,Normale,Deux véhicules - côté,,,,,,,,,,,1,2,1,1.0,3.0
201000045393,0010-04-30 15:50:00,10,4,30,15,50,830,137,LECLERC (AVE GENERAL),,,Plein jour,En agglomération,Hors intersection,Normale,Autre collision,,,,,,,,,,,1,2,1,1.0,6.0
201000045394,0010-05-05 09:05:00,10,5,5,9,5,830,144,TREMOLIERE (AVE),,,Plein jour,En agglomération,Autre intersection,Normale,Autre collision,,,,,,,,,,,1,2,9,1.0,6.0
201000045395,0010-05-06 15:00:00,10,5,6,15,0,830,137,"669, PICON (BD LOUIS)",,,Plein jour,En agglomération,Hors intersection,Normale,Autre collision,,,,,,,,,,,1,2,1,1.0,6.0
201000045396,0010-05-04 18:00:00,10,5,4,18,0,830,137,", MAZARIN (PLACE DU CARD",,,Plein jour,En agglomération,Intersection en T,Normale,Deux véhicules - côté,,,,,,,,,,,1,2,3,1.0,3.0
201000045397,0010-04-19 07:30:00,10,4,19,7,30,830,137,BLERIOT (AVE LOUIS),,,Plein jour,En agglomération,Hors intersection,Normale,Deux véhicules - arrière,,,,,,,,,,,1,2,1,1.0,2.0
201000045398,0010-04-22 19:10:00,10,4,22,19,10,830,137,"295, MIRASOULEOU (AVE /",,,Plein jour,En agglomération,Hors intersection,Normale,Deux véhicules - côté,,,,,,,,,,,1,2,1,1.0,3.0
201000045399,0010-04-29 18:30:00,10,4,29,18,30,830,137,GASQUET (AVE JOSEPH DE 1,,,Plein jour,En agglomération,Intersection en T,Normale,Deux véhicules - côté,,,,,,,,,,,1,2,3,1.0,3.0
201000045400,0010-05-06 14:30:00,10,5,6,14,30,830,137,"10, DEVOUCOUX (AVE ROGER",,,Plein jour,En agglomération,Hors intersection,Normale,Trois véhicules et plus - en chaîne,,,,,,,,,,,1,2,1,1.0,4.0
201000045401,0010-05-13 22:20:00,10,5,13,22,20,830,137,INFANTERIE DE MARINE (AV,,,Nuit avec éclairage allumé,En agglomération,Intersection en X,Normale,Deux véhicules - côté,,,,,,,,,,,5,2,2,1.0,3.0
201000045402,0010-04-29 07:50:00,10,4,29,7,50,830,137,ROOSEVELT (AVE FRANKLIN),,,Plein jour,En agglomération,Hors intersection,Normale,Deux véhicules - côté,,,,,,,,,,,1,2,1,1.0,3.0
201000045403,0010-05-11 07:08:00,10,5,11,7,8,830,137,15EME CORPS (AVE DU),,,Crépuscule ou aube,En agglomération,Intersection en T,Normale,Deux véhicules - côté,,,,,,,,,,,2,2,3,1.0,3.0
201000045404,0010-05-11 12:20:00,10,5,11,12,20,830,62,DRAGUIGNAN (AVENUE DE),,,Plein jour,En agglomération,Hors intersection,Pluie légère,Autre collision,,,,,,,,,,,1,2,1,2.0,6.0
201000045405,0010-05-12 17:45:00,10,5,12,17,45,830,62,"1290, DRAGUIGNAN (AVENUE",,,Plein jour,En agglomération,Hors intersection,Normale,Deux véhicules - côté,,,,,,,,,,,1,2,1,1.0,3.0
201000045406,0010-05-12 21:50:00,10,5,12,21,50,830,137,PICOT (AVE DU COLONEL),,,Nuit avec éclairage allumé,En agglomération,Hors intersection,Normale,Deux véhicules - côté,,,,,,,,,,,5,2,1,1.0,3.0
201000045407,0010-05-12 20:15:00,10,5,12,20,15,830,137,"1945, PICOT (AVE DU COLO",,,Crépuscule ou aube,En agglomération,Hors intersection,Temps couvert,Deux véhicules - arrière,,,,,,,,,,,2,2,1,8.0,2.0
201000045408,0010-05-17 10:00:00,10,5,17,10,0,830,62,GANCE (AVENUE ABEL),,,Plein jour,En agglomération,Intersection en X,Normale,Deux véhicules - arrière,,,,,,,,,,,1,2,2,1.0,2.0
201000045409,0010-05-15 11:30:00,10,5,15,11,30,830,90,"3500, GROS CERVEAU (ROUT",,,Plein jour,Hors agglomération,Hors intersection,Normale,Sans collision,,,,,,,,,,,1,1,1,1.0,7.0
201000045410,0010-04-05 22:33:00,10,4,5,22,33,830,137,LE BELLEGOU (AVE EDOUARD,,,Nuit sans éclairage public,En agglomération,Hors intersection,Normale,Autre collision,,,,,,,,,,,3,2,1,1.0,6.0
201000045411,0010-04-17 05:00:00,10,4,17,5,0,830,90,OLLIOULES (ROND POINT D',,,Nuit avec éclairage allumé,En agglomération,Hors intersection,Normale,Deux véhicules - côté,,,,,,,,,,,5,2,1,1.0,3.0
201000045412,0010-05-05 13:50:00,10,5,5,13,50,830,137,"428, JOFFRE (BD MARECHAL",,,Plein jour,En agglomération,Hors intersection,Normale,Autre collision,,,,,,,,,,,1,2,1,1.0,6.0
201000045413,0010-05-11 15:30:00,10,5,11,15,30,830,90,"1945, NATIONALE 8 (ROUTE",,,Plein jour,En agglomération,Autre intersection,Normale,Deux véhicules - côté,,,,,,,,,,,1,2,9,1.0,3.0
201000045414,0010-05-19 20:00:00,10,5,19,20,0,830,137,"248, LICES (AVE DES)",,,Plein jour,En agglomération,Autre intersection,Normale,Autre collision,,,,,,,,,,,1,2,9,1.0,6.0
201000045415,0010-05-21 21:15:00,10,5,21,21,15,830,137,"315, JOFFRE (BD MARECHAL",,,Nuit avec éclairage allumé,En agglomération,Hors intersection,Normale,Deux véhicules - côté,,,,,,,,,,,5,2,1,1.0,3.0
201000045416,0010-05-23 16:30:00,10,5,23,16,30,830,90,Route de MARSEILLE,,,Plein jour,Hors agglomération,Hors intersection,Normale,Deux véhicules - arrière,,,,,,,,,,,1,1,1,1.0,2.0
201000045417,0010-05-24 01:00:00,10,5,24,1,0,830,137,INFANTERIE DE MARINE (AV,,,Nuit avec éclairage allumé,En agglomération,Giratoire,Normale,Deux véhicules - côté,,,,,,,,,,,5,2,6,1.0,3.0
201000045418,0010-05-26 23:35:00,10,5,26,23,35,830,62,DELAGE (RUE MARC),,,Nuit avec éclairage allumé,En agglomération,Hors intersection,Normale,Deux véhicules - côté,,,,,,,,,,,5,2,1,1.0,3.0
201000045419,0010-05-27 18:00:00,10,5,27,18,0,830,137,"145, FONTAN (AVE DU DOCT",,,Plein jour,En agglomération,Intersection en X,Normale,Deux véhicules - côté,,,,,,,,,,,1,2,2,1.0,3.0
201000045420,0010-04-10 20:00:00,10,4,10,20,0,830,137,"334, REPUBLIQUE (AVE DE",,,Crépuscule ou aube,En agglomération,Hors intersection,Normale,Deux véhicules - côté,,,,,,,,,,,2,2,1,1.0,3.0
201000045421,0010-04-14 19:40:00,10,4,14,19,40,830,137,"38, PLAISANCE (CHEMIN DE",,,Nuit avec éclairage allumé,En agglomération,Hors intersection,Normale,Deux véhicules - frontale,,,,,,,,,,,5,2,1,1.0,1.0
201000045422,0010-04-24 17:25:00,10,4,24,17,25,830,137,MAYOL (STADE),,,Plein jour,En agglomération,Hors intersection,Normale,Sans collision,,,,,,,,,,,1,2,1,1.0,7.0
201000045423,0010-04-21 10:45:00,10,4,21,10,45,830,137,"1, JULIETTE (CHEMIN DE L",,,Plein jour,En agglomération,Hors intersection,Normale,Deux véhicules - côté,,,,,,,,,,,1,2,1,1.0,3.0
201000045424,0010-05-25 18:35:00,10,5,25,18,35,830,137,"220, PLAISANCE (ROUTE DE",,,Plein jour,En agglomération,Intersection en X,Normale,Deux véhicules - côté,,,,,,,,,,,1,2,2,1.0,3.0
201000045425,0010-05-31 16:55:00,10,5,31,16,55,830,137,3EME RGT DES TIRAILLEURS,,,Plein jour,En agglomération,Hors intersection,Normale,Autre collision,,,,,,,,,,,1,2,1,1.0,6.0
201000045426,0010-06-03 12:10:00,10,6,3,12,10,830,98,BROSSET (AVENUE DU GENER,,,Plein jour,En agglomération,Autre intersection,Normale,Deux véhicules - côté,,,,,,,,,,,1,2,9,1.0,3.0
201000045427,0010-06-08 23:20:00,10,6,8,23,20,830,98,"8, ROUSSEL (RUE LOUIS VA",,,Nuit sans éclairage public,En agglomération,Hors intersection,Normale,Sans collision,,,,,,,,,,,3,2,1,1.0,7.0
201000045428,0010-06-03 16:30:00,10,6,3,16,30,830,137,TIRAILLEURS SENEGALAIS (,,,Plein jour,En agglomération,Hors intersection,Normale,Trois véhicules et plus - en chaîne,,,,,,,,,,,1,2,1,1.0,4.0
201000045429,0010-06-07 22:40:00,10,6,7,22,40,830,137,HERRIOT (AVE EDOUARD),,,Nuit avec éclairage allumé,En agglomération,Hors intersection,Normale,Deux véhicules - côté,,,,,,,,,,,5,2,1,1.0,3.0
201000045430,0010-06-06 08:15:00,10,6,6,8,15,830,90,FAVEYROLLES (ROUTE DE),,,Plein jour,En agglomération,Intersection en T,Normale,Autre collision,,,,,,,,,,,1,2,3,1.0,6.0
201000045431,0010-06-08 18:15:00,10,6,8,18,15,830,90,MONNET (AVE JEAN),,,Plein jour,Hors agglomération,Hors intersection,Normale,Deux véhicules - côté,,,,,,,,,,,1,1,1,1.0,3.0
201000045432,0010-06-07 17:42:00,10,6,7,17,42,830,90,PEUPLIERS (IMP DES),,,Plein jour,En agglomération,Intersection en X,Normale,Autre collision,,,,,,,,,,,1,2,2,1.0,6.0
201000045433,0010-06-09 17:30:00,10,6,9,17,30,830,62,"0809, DRAGUIGNAN (AVENUE",,,Plein jour,En agglomération,Hors intersection,Normale,Deux véhicules - côté,,,,,,,,,,,1,2,1,1.0,3.0
201000045434,0010-06-12 12:20:00,10,6,12,12,20,830,137,"1542, ABEL (BD JEAN BAPT",,,Plein jour,En agglomération,Hors intersection,Normale,Trois véhicules et plus - collisions multiples,,,,,,,,,,,1,2,1,1.0,5.0
201000045435,0010-05-28 19:50:00,10,5,28,19,50,830,137,"2751, RESISTANCE (AVE /",,,Plein jour,En agglomération,Hors intersection,Normale,Deux véhicules - côté,,,,,,,,,,,1,2,1,1.0,3.0
201000045436,0010-06-22 06:00:00,10,6,22,6,0,830,137,PASTOUREAU (RUE HENRI),,,Crépuscule ou aube,En agglomération,Intersection en X,Normale,Deux véhicules - côté,,,,,,,,,,,2,2,2,1.0,3.0
201000045437,0010-05-30 12:05:00,10,5,30,12,5,830,137,CLEMENCEAU (BD GEORGES),,,Plein jour,En agglomération,Hors intersection,Normale,Autre collision,,,,,,,,,,,1,2,1,1.0,6.0
201000045438,0010-06-03 20:00:00,10,6,3,20,0,830,137,"349, 15EME CORPS (AVE DU",,,Plein jour,En agglomération,Hors intersection,Normale,Autre collision,,,,,,,,,,,1,2,1,1.0,6.0
201000045439,0010-06-05 10:40:00,10,6,5,10,40,830,137,LOUVOIS (BD),,,Plein jour,En agglomération,Hors intersection,Normale,Deux véhicules - arrière,,,,,,,,,,,1,2,1,1.0,2.0
201000045440,0010-06-18 21:00:00,10,6,18,21,0,830,90,MISTRAL (AVE FREDERIC),,,Plein jour,En agglomération,Intersection en X,Normale,Deux véhicules - arrière,,,,,,,,,,,1,2,2,1.0,2.0
201000045441,0010-06-16 16:05:00,10,6,16,16,5,830,137,"1628, GASQUET (AVE JOSEP",,,Plein jour,Hors agglomération,Hors intersection,Normale,Deux véhicules - côté,,,,,,,,,,,1,1,1,1.0,3.0
201000045442,0010-06-16 19:00:00,10,6,16,19,0,830,137,FLORENT (CHEMIN BARTHELE,,,Plein jour,En agglomération,Intersection en T,Normale,Deux véhicules - arrière,,,,,,,,,,,1,2,3,1.0,2.0
201000045443,0010-06-17 07:15:00,10,6,17,7,15,830,137,"359, FENELON (BD DR FRAN",,,Plein jour,En agglomération,Hors intersection,Normale,Deux véhicules - frontale,,,,,,,,,,,1,2,1,1.0,1.0
201000045444,0010-06-09 14:15:00,10,6,9,14,15,830,137,15EME CORPS (AVE DU),,,Plein jour,En agglomération,Hors intersection,Normale,Deux véhicules - arrière,,,,,,,,,,,1,2,1,1.0,2.0
201000045445,0010-06-22 17:00:00,10,6,22,17,0,830,137,BRIAND (AVE ARISTIDE DE,,,Plein jour,En agglomération,Hors intersection,Normale,Deux véhicules - côté,,,,,,,,,,,1,2,1,1.0,3.0
201000045446,0010-05-28 12:00:00,10,5,28,12,0,830,137,GASQUET (AVE JOSEPH DE 1,,,Plein jour,En agglomération,Hors intersection,Pluie légère,Deux véhicules - côté,,,,,,,,,,,1,2,1,2.0,3.0
201000045447,0010-06-21 17:10:00,10,6,21,17,10,830,137,"1219, BON RENCONTRE (RON",,,Plein jour,En agglomération,Hors intersection,Normale,Deux véhicules - frontale,,,,,,,,,,,1,2,1,1.0,1.0
201000045448,0010-06-24 16:45:00,10,6,24,16,45,830,137,LECLERC (AVE GENERAL),,,Plein jour,En agglomération,Intersection en T,Normale,Deux véhicules - côté,,,,,,,,,,,1,2,3,1.0,3.0
201000045449,0010-06-27 20:00:00,10,6,27,20,0,830,137,BRIAND (AVE ARISTIDE DE,,,Plein jour,En agglomération,Hors intersection,Normale,Trois véhicules et plus - collisions multiples,,,,,,,,,,,1,2,1,1.0,5.0
201000045450,0010-06-24 12:20:00,10,6,24,12,20,830,137,"291, ROOSEVELT (AVE FRAN",,,Plein jour,En agglomération,Hors intersection,Normale,Deux véhicules - côté,,,,,,,,,,,1,2,1,1.0,3.0
201000045451,0010-06-27 21:15:00,10,6,27,21,15,830,98,FOUX (CHEMIN DE LA),,,Nuit sans éclairage public,Hors agglomération,Hors intersection,Normale,Deux véhicules - frontale,,,,,,,,,,,3,1,1,1.0,1.0
201000045452,0010-06-28 13:45:00,10,6,28,13,45,830,137,SCARONNE (ROND POINT G.J,,,Plein jour,En agglomération,Giratoire,Normale,Deux véhicules - côté,,,,,,,,,,,1,2,6,1.0,3.0
201000045453,0010-06-28 22:30:00,10,6,28,22,30,830,137,MIRASOULEOU (AVE / ROND,,,Nuit sans éclairage public,En agglomération,Intersection en T,Normale,Deux véhicules - côté,,,,,,,,,,,3,2,3,1.0,3.0
201000045454,0010-06-29 09:45:00,10,6,29,9,45,830,137,"306, BAUME (CHEMIN DE LA",,,Plein jour,Hors agglomération,Hors intersection,Normale,Autre collision,,,,,,,,,,,1,1,1,1.0,6.0
201000045455,0010-06-29 11:15:00,10,6,29,11,15,830,137,"320, FAVIERES (CHEMIN DE",,,Plein jour,En agglomération,Hors intersection,Normale,Trois véhicules et plus - collisions multiples,,,,,,,,,,,1,2,1,1.0,5.0
201000045456,0010-05-07 22:39:00,10,5,7,22,39,830,137,"57, CUZIN (AVE FRANCOIS)",,,Nuit avec éclairage non allumé,En agglomération,Hors intersection,Normale,Deux véhicules - côté,,,,,,,,,,,4,2,1,1.0,3.0
201000045457,0010-07-05 18:35:00,10,7,5,18,35,830,144,SCHWEITZER (IMP DU DOCTE,,,Plein jour,En agglomération,Intersection en T,Normale,Autre collision,,,,,,,,,,,1,2,3,1.0,6.0
201000045458,0010-06-08 11:55:00,10,6,8,11,55,830,62,DORMOY (AVENUE MAX),,,Plein jour,En agglomération,Hors intersection,Normale,Autre collision,,,,,,,,,,,1,2,1,1.0,6.0
201000045459,0010-06-08 09:15:00,10,6,8,9,15,830,137,"434, 15EME CORPS (AVE DU",,,Plein jour,En agglomération,Hors intersection,Normale,Autre collision,,,,,,,,,,,1,2,1,1.0,6.0
201000045460,0010-06-23 19:45:00,10,6,23,19,45,830,137,GASQUET (AVE JOSEPH DE 1,,,Plein jour,En agglomération,Hors intersection,Normale,Deux véhicules - côté,,,,,,,,,,,1,2,1,1.0,3.0
201000045461,0010-06-28 22:15:00,10,6,28,22,15,830,137,FENELON (BD DR FRANCOIS),,,Crépuscule ou aube,En agglomération,Intersection en X,Normale,Deux véhicules - côté,,,,,,,,,,,2,2,2,1.0,3.0
201000045462,0010-06-25 12:20:00,10,6,25,12,20,830,137,PERRICHI (RUE EDOUARD),,,Plein jour,En agglomération,Intersection en T,Normale,Deux véhicules - côté,,,,,,,,,,,1,2,3,1.0,3.0
201000045463,0010-06-30 10:20:00,10,6,30,10,20,830,90,"772, MONNET (AVE JEAN)",,,Plein jour,Hors agglomération,Hors intersection,Normale,Deux véhicules - côté,,,,,,,,,,,1,1,1,1.0,3.0
201000045464,0010-07-03 18:40:00,10,7,3,18,40,830,137,BROSSET (BD GENERAL),,,Plein jour,En agglomération,Hors intersection,Normale,Deux véhicules - côté,,,,,,,,,,,1,2,1,1.0,3.0
201000045465,0010-07-01 08:35:00,10,7,1,8,35,830,137,PEYRE FERRY (RUE),,,Plein jour,En agglomération,Autre intersection,Normale,Autre collision,,,,,,,,,,,1,2,9,1.0,6.0
201000045466,0010-07-07 20:30:00,10,7,7,20,30,830,137,SINSE (QUAI DE LA),,,Plein jour,En agglomération,Hors intersection,Normale,Autre collision,,,,,,,,,,,1,2,1,1.0,6.0
201000045467,0010-07-08 12:00:00,10,7,8,12,0,830,144,LIBERATION (AVE DE LA),,,Plein jour,En agglomération,Intersection en T,Normale,Deux véhicules - côté,,,,,,,,,,,1,2,3,1.0,3.0
201000045468,0010-07-12 04:20:00,10,7,12,4,20,830,137,CD D559,,,Nuit avec éclairage allumé,En agglomération,Hors intersection,Normale,Deux véhicules - arrière,,,,,,,,,,,5,2,1,1.0,2.0
201000045469,0010-07-02 12:00:00,10,7,2,12,0,830,137,"3203, RESISTANCE (AVE /",,,Plein jour,En agglomération,Hors intersection,Normale,Deux véhicules - côté,,,,,,,,,,,1,2,1,1.0,3.0
201000045470,0010-07-05 15:15:00,10,7,5,15,15,830,144,VALGORA,,,Plein jour,En agglomération,Intersection en T,Normale,Deux véhicules - côté,,,,,,,,,,,1,2,3,1.0,3.0
201000045471,0010-07-05 16:55:00,10,7,5,16,55,830,137,JAUJARD (RUE AMIRAL),,,Plein jour,En agglomération,Hors intersection,Normale,Deux véhicules - côté,,,,,,,,,,,1,2,1,1.0,3.0
201000045472,0010-07-11 17:40:00,10,7,11,17,40,830,90,"373, NATIONALE 8 (ROUTE)",,,Plein jour,En agglomération,Hors intersection,Normale,Trois véhicules et plus - en chaîne,,,,,,,,,,,1,2,1,1.0,4.0
201000045473,0010-07-12 09:10:00,10,7,12,9,10,830,62,PLANTADES (CHEMIN DES),,,Plein jour,En agglomération,Intersection en T,Normale,Deux véhicules - frontale,,,,,,,,,,,1,2,3,1.0,1.0
201000045474,0010-07-15 15:15:00,10,7,15,15,15,830,137,REPUBLIQUE (AVE DE LA),,,Plein jour,En agglomération,Hors intersection,Normale,Autre collision,,,,,,,,,,,1,2,1,1.0,6.0
201000045475,0010-07-08 16:50:00,10,7,8,16,50,830,137,MICHELETC (BD JULES),,,Plein jour,En agglomération,Hors intersection,Normale,Deux véhicules - côté,,,,,,,,,,,1,2,1,1.0,3.0
201000045476,0010-07-14 13:40:00,10,7,14,13,40,830,137,PICON (BD LOUIS),,,Plein jour,En agglomération,Intersection en X,Normale,Deux véhicules - côté,,,,,,,,,,,1,2,2,1.0,3.0
201000045477,0010-07-20 20:15:00,10,7,20,20,15,830,137,FABIEN (AVE COLONEL),,,Crépuscule ou aube,En agglomération,Hors intersection,Normale,Autre collision,,,,,,,,,,,2,2,1,1.0,6.0
201000045478,0010-07-19 12:30:00,10,7,19,12,30,830,62,PREMIER (BAT.INF.DU PACI,,,Plein jour,En agglomération,Hors intersection,Normale,Deux véhicules - côté,,,,,,,,,,,1,2,1,1.0,3.0
201000045479,0010-07-20 12:45:00,10,7,20,12,45,830,137,HERRIOT (AVE EDOUARD),,,Plein jour,En agglomération,Hors intersection,Normale,Deux véhicules - arrière,,,,,,,,,,,1,2,1,1.0,2.0
201000045480,0010-07-15 20:15:00,10,7,15,20,15,830,137,ARMARIS (BD DES),,,Crépuscule ou aube,En agglomération,Intersection en T,Normale,Deux véhicules - côté,,,,,,,,,,,2,2,3,1.0,3.0
201000045481,0010-07-02 17:14:00,10,7,2,17,14,830,137,GUILLEMARD (RUE ROBERT),,,Plein jour,En agglomération,Hors intersection,Normale,Deux véhicules - arrière,,,,,,,,,,,1,2,1,1.0,2.0
201000045482,0010-07-12 09:20:00,10,7,12,9,20,830,137,"1, MORANDIN (RUE DU COMM",,,Plein jour,En agglomération,Hors intersection,Normale,Autre collision,,,,,,,,,,,1,2,1,1.0,6.0
201000045483,0010-07-12 19:45:00,10,7,12,19,45,830,90,SANARY (ROUTE DE),,,Plein jour,En agglomération,Autre intersection,Normale,Autre collision,,,,,,,,,,,1,2,9,1.0,6.0
201000045484,0010-07-15 17:00:00,10,7,15,17,0,830,137,PASTOUREAU (RUE HENRI),,,Plein jour,En agglomération,Hors intersection,Normale,Autre collision,,,,,,,,,,,1,2,1,1.0,6.0
201000045485,0010-07-21 18:00:00,10,7,21,18,0,830,137,RESISTANCE (AVE / IMP DE,,,Plein jour,En agglomération,Intersection en T,Normale,Deux véhicules - arrière,,,,,,,,,,,1,2,3,1.0,2.0
201000045486,0010-07-23 14:45:00,10,7,23,14,45,830,62,DRAGUIGNAN (AVENUE DE),,,Plein jour,Hors agglomération,Intersection en T,Normale,Autre collision,,,,,,,,,,,1,1,3,1.0,6.0
201000045487,0010-07-24 22:40:00,10,7,24,22,40,830,62,DE LATTRE DE TASSIGNY (A,,,Nuit avec éclairage allumé,En agglomération,Hors intersection,Normale,Deux véhicules - côté,,,,,,,,,,,5,2,1,1.0,3.0
201000045488,0010-07-26 14:00:00,10,7,26,14,0,830,137,PICOT (AVE DU COLONEL),,,Plein jour,En agglomération,Autre intersection,Normale,Deux véhicules - côté,,,,,,,,,,,1,2,9,1.0,3.0
201000045489,0010-07-28 19:15:00,10,7,28,19,15,830,137,"709, 15EME CORPS (AVE DU",,,Plein jour,En agglomération,Hors intersection,Normale,Autre collision,,,,,,,,,,,1,2,1,1.0,6.0
201000045490,0010-07-29 12:45:00,10,7,29,12,45,830,62,PREMIER (BAT.INF.DU PACI,,,Plein jour,En agglomération,Hors intersection,Normale,Deux véhicules - arrière,,,,,,,,,,,1,2,1,1.0,2.0
201000045491,0010-07-30 09:20:00,10,7,30,9,20,830,137,ARMEE D'AFRIQUE (ALLEE),,,Plein jour,En agglomération,Hors intersection,Normale,Deux véhicules - arrière,,,,,,,,,,,1,2,1,1.0,2.0
201000045492,0010-07-30 21:10:00,10,7,30,21,10,830,62,"809, DRAGUIGNAN (AVENUE",,,Crépuscule ou aube,En agglomération,Hors intersection,Normale,Autre collision,,,,,,,,,,,2,2,1,1.0,6.0
201000045493,0010-07-31 12:40:00,10,7,31,12,40,830,137,"601, 15EME CORPS (AVE DU",,,Plein jour,En agglomération,Hors intersection,Normale,Deux véhicules - arrière,,,,,,,,,,,1,2,1,1.0,2.0
201000045494,0010-07-31 17:45:00,10,7,31,17,45,830,137,ROOSEVELT (AVE FRANKLIN),,,Plein jour,En agglomération,Hors intersection,Normale,Deux véhicules - côté,,,,,,,,,,,1,2,1,1.0,3.0
201000045495,0010-08-02 12:15:00,10,8,2,12,15,830,137,DE GAULLE (CORNICHE GENE,,,Plein jour,En agglomération,Hors intersection,Normale,Autre collision,,,,,,,,,,,1,2,1,1.0,6.0
201000045496,0010-08-02 17:30:00,10,8,2,17,30,830,137,GUILLEMARD (RUE ROBERT),,,Plein jour,En agglomération,Hors intersection,Normale,Deux véhicules - côté,,,,,,,,,,,1,2,1,1.0,3.0
201000045497,0010-08-03 13:30:00,10,8,3,13,30,830,137,FOCH (AVE DU MARECHAL),,,Plein jour,En agglomération,Hors intersection,Normale,Deux véhicules - arrière,,,,,,,,,,,1,2,1,1.0,2.0
201000045498,0010-08-03 21:20:00,10,8,3,21,20,830,90,SANARY (ROUTE DE),,,Nuit avec éclairage allumé,Hors agglomération,Hors intersection,Normale,Deux véhicules - arrière,,,,,,,,,,,5,1,1,1.0,2.0
201000045499,0010-08-04 14:30:00,10,8,4,14,30,830,137,CD 46 (DEBUT TLN A ARTHE,,,Plein jour,Hors agglomération,Hors intersection,Normale,Deux véhicules - arrière,,,,,,,,,,,1,1,1,1.0,2.0
201000045500,0010-08-08 00:50:00,10,8,8,0,50,830,144,11 NOVEMBRE 1918 (AVE DU,,,Nuit avec éclairage allumé,Hors agglomération,Hors intersection,Normale,Deux véhicules - frontale,,,,,,,,,,,5,1,1,1.0,1.0
201000045501,0010-08-08 09:30:00,10,8,8,9,30,830,137,"455, MONTSERRAT (RUE / L",,,Plein jour,En agglomération,Intersection en T,Normale,Deux véhicules - côté,,,,,,,,,,,1,2,3,1.0,3.0
201000045502,0010-08-08 13:15:00,10,8,8,13,15,830,137,"312, GOURAUD (AVE GENERA",,,Plein jour,En agglomération,Hors intersection,Normale,Deux véhicules - côté,,,,,,,,,,,1,2,1,1.0,3.0
201000045503,0010-08-12 13:45:00,10,8,12,13,45,830,90,"170, GARE (ROUTE DE LA)",,,Plein jour,En agglomération,Hors intersection,Normale,Deux véhicules - frontale,,,,,,,,,,,1,2,1,1.0,1.0
201000045504,0010-08-12 12:30:00,10,8,12,12,30,830,62,SCHWEITZER,,,Plein jour,Hors agglomération,Intersection en X,Normale,Deux véhicules - côté,,,,,,,,,,,1,1,2,1.0,3.0
201000045505,0010-08-17 17:00:00,10,8,17,17,0,830,90,"413, CASSIN (RUE RENE)",,,Plein jour,En agglomération,Hors intersection,Normale,Deux véhicules - frontale,,,,,,,,,,,1,2,1,1.0,1.0
201000045506,0010-08-18 10:55:00,10,8,18,10,55,830,137,TIRAILLEURS SENEGALAIS (,,,Plein jour,En agglomération,Hors intersection,Normale,Deux véhicules - côté,,,,,,,,,,,1,2,1,1.0,3.0
201000045507,0010-08-15 12:03:00,10,8,15,12,3,830,137,CUZIN (AVE FRANCOIS),,,Plein jour,En agglomération,Place,Normale,Deux véhicules - côté,,,,,,,,,,,1,2,7,1.0,3.0
201000045508,0010-08-20 03:28:00,10,8,20,3,28,830,98,BROSSET (AVENUE DU GENER,,,Nuit avec éclairage allumé,En agglomération,Autre intersection,Normale,Autre collision,,,,,,,,,,,5,2,9,1.0,6.0
201000045509,0010-08-24 07:20:00,10,8,24,7,20,830,90,NATIONALE 8 (ROUTE),,,Plein jour,En agglomération,Hors intersection,Normale,Autre collision,,,,,,,,,,,1,2,1,1.0,6.0
201000045510,0010-07-24 09:15:00,10,7,24,9,15,830,137,CUZIN (AVE FRANCOIS),,,Plein jour,En agglomération,Hors intersection,Normale,Autre collision,,,,,,,,,,,1,2,1,1.0,6.0