accident_id,datetime,annee,mois,jour,heure,minute,departement,commune_insee,adresse,latitude,longitude,luminosite,agglomeration,intersection,meteo,collision,nb_vehicules,nb_usagers,nb_indemnes,nb_tues,nb_blesses_hosp,nb_blesses_legers,age_cond_1,age_cond_2,veh_type_cond_1,veh_type_cond_2,lum_code,agg_code,int_code,atm_code,col_code
201000045890,0010-11-23 18:04:00,10,11,23,18,4,860,66,"0, MITAUDERIE (CHEMIN DE",,,Nuit sans éclairage public,Hors agglomération,Hors intersection,Normale,Deux véhicules - arrière,,,,,,,,,,,3,1,1,1.0,2.0
201000045891,0010-11-26 18:20:00,10,11,26,18,20,860,66,"226, CHATEAUNEUF (GRANDE",,,Nuit avec éclairage allumé,En agglomération,Hors intersection,Normale,Autre collision,,,,,,,,,,,5,2,1,1.0,6.0
201000045892,0010-12-06 17:55:00,10,12,6,17,55,860,66,GEORGET (RUE EMILE),,,Nuit avec éclairage allumé,En agglomération,Hors intersection,Normale,Autre collision,,,,,,,,,,,5,2,1,1.0,6.0
201000045893,0010-01-02 19:00:00,10,1,2,19,0,860,194,NANTES (AVENUE DE),,,Nuit sans éclairage public,En agglomération,Intersection en X,Normale,Deux véhicules - côté,,,,,,,,,,,3,2,2,1.0,3.0
201000045894,0010-01-07 09:00:00,10,1,7,9,0,860,157,RN.147,,,Plein jour,Hors agglomération,Intersection en T,Temps couvert,Deux véhicules - côté,,,,,,,,,,,1,1,3,8.0,3.0
201000045895,0010-01-14 12:55:00,10,1,14,12,55,860,194,ROCADE OUEST (RN10),,,Plein jour,En agglomération,Intersection en X,Temps couvert,Deux véhicules - côté,,,,,,,,,,,1,2,2,8.0,3.0
201000045896,0010-01-15 21:30:00,10,1,15,21,30,860,133,POITIERS (AVENUE DE),,,Nuit sans éclairage public,Hors agglomération,Hors intersection,Normale,Autre collision,,,,,,,,,,,3,1,1,1.0,6.0
201000045897,0010-01-17 12:05:00,10,1,17,12,5,860,194,JOHN KENNEDY (AVENUE),,,Plein jour,En agglomération,Intersection en X,Normale,Deux véhicules - côté,,,,,,,,,,,1,2,2,1.0,3.0
201000045898,0010-01-19 08:45:00,10,1,19,8,45,860,194,"18, LIBERATION (AVENUE D",,,Plein jour,En agglomération,Hors intersection,Normale,Deux véhicules - côté,,,,,,,,,,,1,2,1,1.0,3.0
201000045899,0010-01-24 07:00:00,10,1,24,7,0,860,158,"65 bis, CENTRE (RUE DU)",,,Nuit avec éclairage allumé,En agglomération,Hors intersection,Pluie légère,Autre collision,,,,,,,,,,,5,2,1,2.0,6.0
201000045900,0010-01-24 18:25:00,10,1,24,18,25,860,194,"28, JEANNE D'ARC (BOULEV",,,Crépuscule ou aube,En agglomération,Hors intersection,Normale,Deux véhicules - frontale,,,,,,,,,,,2,2,1,1.0,1.0
201000045901,0010-01-27 17:20:00,10,1,27,17,20,860,194,FAUBOURG PONT NEUF (RUE,,,Plein jour,En agglomération,Intersection en T,Normale,Deux véhicules - côté,,,,,,,,,,,1,2,3,1.0,3.0
201000045902,0010-02-01 08:30:00,10,2,1,8,30,860,194,"4, JACQUES COEUR (AVENUE",,,Crépuscule ou aube,En agglomération,Giratoire,Normale,Autre collision,,,,,,,,,,,2,2,6,1.0,6.0
201000045903,0010-02-01 19:20:00,10,2,1,19,20,860,194,"., JEAN DE BERRY (PLACE)",,,Nuit avec éclairage allumé,En agglomération,Place,Normale,Deux véhicules - côté,,,,,,,,,,,5,2,7,1.0,3.0
201000045904,0010-02-04 10:40:00,10,2,4,10,40,860,194,"., ANDRE MALRAUX (VOIE)",,,Plein jour,En agglomération,Hors intersection,Normale,Autre collision,,,,,,,,,,,1,2,1,1.0,6.0
201000045905,0010-02-04 23:05:00,10,2,4,23,5,860,194,JEAN JAURES (RUE),,,Nuit avec éclairage allumé,En agglomération,Intersection en X,Normale,Deux véhicules - côté,,,,,,,,,,,5,2,2,1.0,3.0
201000045906,0010-02-09 09:15:00,10,2,9,9,15,860,194,"60, JEAN JAURES (RUE)",,,Plein jour,En agglomération,Hors intersection,Neige / grêle,Autre collision,,,,,,,,,,,1,2,1,4.0,6.0
201000045907,0010-02-09 09:45:00,10,2,9,9,45,860,214,11 NOVEMBRE (AVENUE DU),,,Plein jour,En agglomération,Intersection en T,Neige / grêle,Deux véhicules - côté,,,,,,,,,,,1,2,3,4.0,3.0
201000045908,0010-02-13 17:50:00,10,2,13,17,50,860,194,"., SCHEURER KESTNER (RUE",,,Plein jour,En agglomération,Intersection en T,Normale,Autre collision,,,,,,,,,,,1,2,3,1.0,6.0
201000045909,0010-02-15 08:05:00,10,2,15,8,5,860,157,"., RD 951",,,Plein jour,En agglomération,Intersection en X,Normale,Deux véhicules - arrière,,,,,,,,,,,1,2,2,1.0,2.0
201000045910,0010-02-15 17:30:00,10,2,15,17,30,860,194,"., GUILLAUME BOUCHET (RU",,,Plein jour,En agglomération,Giratoire,Normale,Autre collision,,,,,,,,,,,1,2,6,1.0,6.0
201000045911,0010-02-21 00:20:00,10,2,21,0,20,860,194,PARTHENAY (Rte de) (RD 3,,,Nuit avec éclairage allumé,Hors agglomération,Giratoire,Normale,Autre collision,,,,,,,,,,,5,1,6,1.0,6.0
201000045912,0010-02-19 17:50:00,10,2,19,17,50,860,194,"., JEAN JAURES (RUE)",,,Plein jour,En agglomération,Hors intersection,Normale,Autre collision,,,,,,,,,,,1,2,1,1.0,6.0
201000045913,0010-02-22 09:35:00,10,2,22,9,35,860,194,"14, CHARLETTERIE (RUE DE",,,Plein jour,En agglomération,Hors intersection,Normale,Sans collision,,,,,,,,,,,1,2,1,1.0,7.0
201000045914,0010-02-24 16:05:00,10,2,24,16,5,860,194,"., RECTEUR PINEAU (AVENU",,,Plein jour,En agglomération,Giratoire,Pluie légère,Deux véhicules - côté,,,,,,,,,,,1,2,6,2.0,3.0
201000045915,0010-02-24 16:20:00,10,2,24,16,20,860,194,"., JEAN JAURES (RUE)",,,Plein jour,En agglomération,Hors intersection,Normale,Autre collision,,,,,,,,,,,1,2,1,1.0,6.0
201000045916,0010-02-26 18:30:00,10,2,26,18,30,860,158,PARTHENAY (Rte de) RD 30,,,Crépuscule ou aube,En agglomération,Hors intersection,Normale,Deux véhicules - arrière,,,,,,,,,,,2,2,1,1.0,2.0
201000045917,0010-02-26 22:40:00,10,2,26,22,40,860,194,STADE (ROND POINT DU),,,Nuit avec éclairage allumé,En agglomération,Intersection en X,Normale,Deux véhicules - côté,,,,,,,,,,,5,2,2,1.0,3.0
201000045918,0010-02-27 11:15:00,10,2,27,11,15,860,194,"6, MAILLOCHON (RUE DE)",,,Plein jour,En agglomération,Hors intersection,Normale,Autre collision,,,,,,,,,,,1,2,1,1.0,6.0
201000045919,0010-03-02 19:10:00,10,3,2,19,10,860,157,"., BOIS JOLI (RUE DU )",,,Nuit sans éclairage public,Hors agglomération,Intersection en T,Normale,Deux véhicules - côté,,,,,,,,,,,3,1,3,1.0,3.0
201000045920,0010-03-04 08:25:00,10,3,4,8,25,860,41,HOTEL DE VILLE (RUE DE L,,,Plein jour,En agglomération,Intersection en T,Normale,Autre collision,,,,,,,,,,,1,2,3,1.0,6.0
201000045921,0010-03-04 09:00:00,10,3,4,9,0,860,157,"1465, RD 951",,,Plein jour,En agglomération,Hors intersection,Normale,Trois véhicules et plus - en chaîne,,,,,,,,,,,1,2,1,1.0,4.0
201000045922,0010-03-07 09:15:00,10,3,7,9,15,860,194,"155, NANTES (AVENUE DE)",,,Plein jour,En agglomération,Hors intersection,Normale,Deux véhicules - frontale,,,,,,,,,,,1,2,1,1.0,1.0
201000045923,0010-03-08 09:15:00,10,3,8,9,15,860,194,"21, GASTON HULIN (RUE)",,,Plein jour,En agglomération,Hors intersection,Temps éblouissant,Autre collision,,,,,,,,,,,1,2,1,7.0,6.0
201000045924,0010-03-10 22:50:00,10,3,10,22,50,860,41,RN 147 BUXEROLLES,,,Nuit sans éclairage public,Hors agglomération,Hors intersection,Normale,Autre collision,,,,,,,,,,,3,1,1,1.0,6.0
201000045925,0010-03-12 04:30:00,10,3,12,4,30,860,194,JACQUES COEUR (AVENUE),,,Nuit avec éclairage allumé,En agglomération,Giratoire,Normale,Deux véhicules - côté,,,,,,,,,,,5,2,6,1.0,3.0
201000045926,0010-03-15 11:40:00,10,3,15,11,40,860,194,ROCADE OUEST (RN10),,,Plein jour,En agglomération,Hors intersection,Normale,Deux véhicules - arrière,,,,,,,,,,,1,2,1,1.0,2.0
201000045927,0010-03-16 13:30:00,10,3,16,13,30,860,194,PRE DES ROSEES (RUE DU),,,Plein jour,En agglomération,Hors intersection,Normale,Deux véhicules - frontale,,,,,,,,,,,1,2,1,1.0,1.0
201000045928,0010-03-17 15:50:00,10,3,17,15,50,860,194,RN.10,,,Plein jour,Hors agglomération,Hors intersection,Normale,Deux véhicules - arrière,,,,,,,,,,,1,1,1,1.0,2.0
201000045929,0010-03-17 19:30:00,10,3,17,19,30,860,194,"155, FAUBOURG PONT NEUF",,,Crépuscule ou aube,En agglomération,Intersection en T,Normale,Deux véhicules - côté,,,,,,,,,,,2,2,3,1.0,3.0
201000045930,0010-03-18 20:10:00,10,3,18,20,10,860,194,"17, GRAND MAISON (RUE DE",,,Nuit avec éclairage allumé,En agglomération,Hors intersection,Normale,Deux véhicules - côté,,,,,,,,,,,5,2,1,1.0,3.0
201000045931,0010-03-20 09:40:00,10,3,20,9,40,860,157,A REGULARISER,,,Plein jour,En agglomération,Giratoire,Normale,Autre collision,,,,,,,,,,,1,2,6,1.0,6.0
201000045932,0010-03-27 00:45:00,10,3,27,0,45,860,194,"92, PLATEAU DES GLIERES",,,Nuit avec éclairage allumé,En agglomération,Hors intersection,Pluie forte,Autre collision,,,,,,,,,,,5,2,1,3.0,6.0
201000045933,0010-03-29 12:40:00,10,3,29,12,40,860,194,"46, CHASSEIGNE (BOULEVAR",,,Plein jour,En agglomération,Hors intersection,Normale,Deux véhicules - arrière,,,,,,,,,,,1,2,1,1.0,2.0
201000045934,0010-03-30 18:10:00,10,3,30,18,10,860,194,"177, NANTES (AVENUE DE)",,,Plein jour,En agglomération,Hors intersection,Normale,Deux véhicules - arrière,,,,,,,,,,,1,2,1,1.0,2.0
201000045935,0010-03-31 07:55:00,10,3,31,7,55,860,194,"169, FAUBOURG PONT NEUF",,,Plein jour,En agglomération,Hors intersection,Normale,Autre collision,,,,,,,,,,,1,2,1,1.0,6.0
201000045936,0010-03-31 11:20:00,10,3,31,11,20,860,194,"9, MARECHAL LECLERC (PLA",,,Plein jour,En agglomération,Hors intersection,Normale,Autre collision,,,,,,,,,,,1,2,1,1.0,6.0
201000045937,0010-04-04 06:55:00,10,4,4,6,55,860,194,ANATOLE FRANCE (BOULEVAR,,,Nuit avec éclairage allumé,En agglomération,Intersection en X,Normale,Deux véhicules - côté,,,,,,,,,,,5,2,2,1.0,3.0
201000045938,0010-04-04 11:55:00,10,4,4,11,55,860,214,"4, LORCH (AVENUE DE)",,,Plein jour,En agglomération,Hors intersection,Normale,Autre collision,,,,,,,,,,,1,2,1,1.0,6.0
201000045939,0010-04-06 08:40:00,10,4,6,8,40,860,194,"46, CHASSEIGNE (BOULEVAR",,,Plein jour,En agglomération,Hors intersection,Normale,Deux véhicules - arrière,,,,,,,,,,,1,2,1,1.0,2.0
201000045940,0010-04-08 21:16:00,10,4,8,21,16,860,194,Route Départementale 910,,,Nuit sans éclairage public,En agglomération,Hors intersection,Normale,Autre collision,,,,,,,,,,,3,2,1,1.0,6.0
201000045941,0010-04-12 18:15:00,10,4,12,18,15,860,214,ROCADE SUD EST (RD 162),,,Plein jour,En agglomération,Intersection en X,Normale,Deux véhicules - côté,,,,,,,,,,,1,2,2,1.0,3.0
201000045942,0010-04-13 18:10:00,10,4,13,18,10,860,194,"35, FAUBOURG PONT NEUF (",,,Plein jour,En agglomération,Intersection en X,Normale,Autre collision,,,,,,,,,,,1,2,2,1.0,6.0
201000045943,0010-04-14 16:45:00,10,4,14,16,45,860,194,"20, GRAND CERF (BOULEVAR",,,Plein jour,En agglomération,Hors intersection,Normale,Deux véhicules - côté,,,,,,,,,,,1,2,1,1.0,3.0
201000045944,0010-04-15 10:35:00,10,4,15,10,35,860,194,"., CLOUERE (RUE DE LA)",,,Plein jour,En agglomération,Intersection en T,Normale,Deux véhicules - côté,,,,,,,,,,,1,2,3,1.0,3.0
201000045945,0010-04-17 20:10:00,10,4,17,20,10,860,158,LOGE (AVENUE DE LA),,,Plein jour,En agglomération,Hors intersection,Normale,Deux véhicules - arrière,,,,,,,,,,,1,2,1,1.0,2.0
201000045946,0010-04-17 20:55:00,10,4,17,20,55,860,194,ROCADE OUEST (RN10),,,Crépuscule ou aube,En agglomération,Hors intersection,Normale,Autre collision,,,,,,,,,,,2,2,1,1.0,6.0
201000045947,0010-04-21 01:00:00,10,4,21,1,0,860,194,BONNES (ROUTE DE),,,Nuit sans éclairage public,Hors agglomération,Hors intersection,Normale,Deux véhicules - frontale,,,,,,,,,,,3,1,1,1.0,1.0
201000045948,0010-04-24 22:20:00,10,4,24,22,20,860,133,"., POITIERS (AVENUE DE)",,,Nuit avec éclairage allumé,En agglomération,Hors intersection,Normale,Autre collision,,,,,,,,,,,5,2,1,1.0,6.0
201000045949,0010-04-30 23:45:00,10,4,30,23,45,860,194,"., MARECHAL DE LATTRE DE",,,Nuit avec éclairage allumé,En agglomération,Intersection en T,Normale,Deux véhicules - côté,,,,,,,,,,,5,2,3,1.0,3.0
201000045950,0010-05-02 16:20:00,10,5,2,16,20,860,41,LESSART (LIEU DIT),,,Plein jour,En agglomération,Hors intersection,Normale,Deux véhicules - côté,,,,,,,,,,,1,2,1,1.0,3.0
201000045951,0010-05-04 18:35:00,10,5,4,18,35,860,194,"27, SOLFERINO (BOULEVARD",,,Plein jour,En agglomération,Hors intersection,Normale,Deux véhicules - côté,,,,,,,,,,,1,2,1,1.0,3.0
201000045952,0010-05-06 12:35:00,10,5,6,12,35,860,194,"., JACQUES COEUR (AVENUE",,,Plein jour,En agglomération,Intersection en X,Normale,Deux véhicules - côté,,,,,,,,,,,1,2,2,1.0,3.0
201000045953,0010-05-07 13:55:00,10,5,7,13,55,860,194,ROCADE EST (RD 162),,,Plein jour,En agglomération,Hors intersection,Normale,Sans collision,,,,,,,,,,,1,2,1,1.0,7.0
201000045954,0010-05-08 19:25:00,10,5,8,19,25,860,194,"186 bis, FAUBOURG PONT N",,,Plein jour,En agglomération,Hors intersection,Normale,Deux véhicules - arrière,,,,,,,,,,,1,2,1,1.0,2.0
201000045955,0010-05-11 08:55:00,10,5,11,8,55,860,194,"117, LIBERATION (AVENUE",,,Plein jour,En agglomération,Hors intersection,Normale,Deux véhicules - arrière,,,,,,,,,,,1,2,1,1.0,2.0
201000045956,0010-05-11 13:45:00,10,5,11,13,45,860,194,PARTHENAY (Rte de) (RD 3,,,Plein jour,Hors agglomération,Giratoire,Normale,Deux véhicules - côté,,,,,,,,,,,1,1,6,1.0,3.0
201000045957,0010-05-12 13:20:00,10,5,12,13,20,860,194,JEAN DE BERRY (PLACE),,,Plein jour,En agglomération,Giratoire,Normale,Deux véhicules - côté,,,,,,,,,,,1,2,6,1.0,3.0
201000045958,0010-05-16 19:50:00,10,5,16,19,50,860,194,"3 BIS, VICTOR HUGO (RUE)",,,Plein jour,En agglomération,Hors intersection,Normale,Deux véhicules - côté,,,,,,,,,,,1,2,1,1.0,3.0
201000045959,0010-05-19 19:55:00,10,5,19,19,55,860,194,PLAINE (RUE DE LA),,,Plein jour,En agglomération,Intersection en X,Normale,Deux véhicules - côté,,,,,,,,,,,1,2,2,1.0,3.0
201000045960,0010-05-20 17:10:00,10,5,20,17,10,860,194,"22, CARNOT (RUE)",,,Plein jour,En agglomération,Hors intersection,Normale,Autre collision,,,,,,,,,,,1,2,1,1.0,6.0
201000045961,0010-05-20 22:15:00,10,5,20,22,15,860,194,RN 147,,,Nuit sans éclairage public,Hors agglomération,Hors intersection,Normale,Deux véhicules - arrière,,,,,,,,,,,3,1,1,1.0,2.0
201000045962,0010-05-27 15:45:00,10,5,27,15,45,860,194,ALEXANDRE DUMAS (RUE),,,Plein jour,En agglomération,Intersection en T,Normale,Deux véhicules - côté,,,,,,,,,,,1,2,3,1.0,3.0
201000045963,0010-05-28 03:25:00,10,5,28,3,25,860,194,"92, PLATEAU DES GLIERES",,,Nuit avec éclairage allumé,En agglomération,Hors intersection,Normale,Autre collision,,,,,,,,,,,5,2,1,1.0,6.0
201000045964,0010-05-29 01:45:00,10,5,29,1,45,860,194,TISON (BOULEVARD),,,Nuit avec éclairage allumé,En agglomération,Intersection en T,Normale,Deux véhicules - côté,,,,,,,,,,,5,2,3,1.0,3.0
201000045965,0010-05-29 12:00:00,10,5,29,12,0,860,194,11 NOVEMBRE (AVENUE DU),,,Plein jour,En agglomération,Intersection en X,Normale,Deux véhicules - côté,,,,,,,,,,,1,2,2,1.0,3.0
201000045966,0010-05-29 23:35:00,10,5,29,23,35,860,194,"69, CORNET (RUE)",,,Nuit avec éclairage allumé,En agglomération,Hors intersection,Pluie légère,Sans collision,,,,,,,,,,,5,2,1,2.0,7.0
201000045967,0010-05-30 03:05:00,10,5,30,3,5,860,41,CHARLETTERIE (Chemin de,,,Nuit sans éclairage public,Hors agglomération,Hors intersection,Pluie légère,Autre collision,,,,,,,,,,,3,1,1,2.0,6.0
201000045968,0010-06-02 11:30:00,10,6,2,11,30,860,194,"., ""JEAN MOULIN DIT """"MA",,,Plein jour,En agglomération,Intersection en T,Normale,Deux véhicules - frontale,,,,,,,,,,,1,2,3,1.0,1.0
201000045969,0010-06-03 16:05:00,10,6,3,16,5,860,157,"., LILAS (RUE DES)",,,Plein jour,En agglomération,Intersection en T,Normale,Deux véhicules - frontale,,,,,,,,,,,1,2,3,1.0,1.0
201000045970,0010-06-09 11:25:00,10,6,9,11,25,860,194,ROCADE OUEST (RN10),,,Plein jour,En agglomération,Hors intersection,Normale,Deux véhicules - arrière,,,,,,,,,,,1,2,1,1.0,2.0
201000045971,0010-06-11 07:45:00,10,6,11,7,45,860,158,DIBBE (RUE DE LA),,,Plein jour,En agglomération,Intersection en T,Normale,Sans collision,,,,,,,,,,,1,2,3,1.0,7.0
201000045972,0010-06-11 21:10:00,10,6,11,21,10,860,158,RD 30,,,Nuit avec éclairage non allumé,En agglomération,Intersection en X,Pluie forte,Autre collision,,,,,,,,,,,4,2,2,3.0,6.0
201000045973,0010-06-12 23:10:00,10,6,12,23,10,860,214,11 NOVEMBRE (AVENUE DU),,,Nuit avec éclairage allumé,En agglomération,Intersection en X,Normale,Deux véhicules - côté,,,,,,,,,,,5,2,2,1.0,3.0
201000045974,0010-06-15 14:40:00,10,6,15,14,40,860,194,11 NOVEMBRE (AVENUE DU),,,Plein jour,En agglomération,Hors intersection,Normale,Deux véhicules - arrière,,,,,,,,,,,1,2,1,1.0,2.0
201000045975,0010-06-15 16:20:00,10,6,15,16,20,860,194,"53, PLATEAU DES GLIERES",,,Plein jour,En agglomération,Hors intersection,Normale,Deux véhicules - côté,,,,,,,,,,,1,2,1,1.0,3.0
201000045976,0010-06-16 14:30:00,10,6,16,14,30,860,194,"5, RHIN ET DANUBE (AVENU",,,Plein jour,En agglomération,Hors intersection,Normale,Deux véhicules - côté,,,,,,,,,,,1,2,1,1.0,3.0
201000045977,0010-06-17 09:35:00,10,6,17,9,35,860,194,"1, GEORGES BIZET (RUE)",,,Plein jour,En agglomération,Hors intersection,Normale,Autre collision,,,,,,,,,,,1,2,1,1.0,6.0
201000045978,0010-06-21 08:30:00,10,6,21,8,30,860,194,"40, JEAN JAURES (RUE)",,,Plein jour,En agglomération,Intersection en T,Normale,Sans collision,,,,,,,,,,,1,2,3,1.0,7.0
201000045979,0010-06-21 14:00:00,10,6,21,14,0,860,194,ANATOLE FRANCE (BOULEVAR,,,Plein jour,En agglomération,Intersection en X,Normale,Deux véhicules - côté,,,,,,,,,,,1,2,2,1.0,3.0
201000045980,0010-06-21 15:50:00,10,6,21,15,50,860,194,JOHN KENNEDY (AVENUE),,,Plein jour,En agglomération,Intersection en X,Normale,Deux véhicules - côté,,,,,,,,,,,1,2,2,1.0,3.0
201000045981,0010-06-25 17:30:00,10,6,25,17,30,860,194,"204, BIGNOUX (RUE DE)",,,Plein jour,En agglomération,Hors intersection,Normale,Autre collision,,,,,,,,,,,1,2,1,1.0,6.0
201000045982,0010-07-01 23:30:00,10,7,1,23,30,860,194,CALVAIRE (PLACE DU),,,Nuit avec éclairage allumé,En agglomération,Intersection en X,Normale,Deux véhicules - côté,,,,,,,,,,,5,2,2,1.0,3.0
201000045983,0010-07-06 10:20:00,10,7,6,10,20,860,41,"., LIBERTE (AVENUE DE LA",,,Plein jour,En agglomération,Hors intersection,Normale,Autre collision,,,,,,,,,,,1,2,1,1.0,6.0
201000045984,0010-07-06 20:25:00,10,7,6,20,25,860,194,GRAND RUE (RUE),,,Plein jour,En agglomération,Intersection en T,Pluie légère,Deux véhicules - côté,,,,,,,,,,,1,2,3,2.0,3.0
201000045985,0010-07-07 08:20:00,10,7,7,8,20,860,158,RD 910,,,Plein jour,En agglomération,Intersection en Y,Normale,Deux véhicules - côté,,,,,,,,,,,1,2,4,1.0,3.0
201000045986,0010-07-09 11:20:00,10,7,9,11,20,860,194,Route Départementale 910,,,Plein jour,En agglomération,Hors intersection,Normale,Deux véhicules - arrière,,,,,,,,,,,1,2,1,1.0,2.0
201000045987,0010-07-10 18:45:00,10,7,10,18,45,860,194,"3, 14 JUILLET 1789 (RUE",,,Plein jour,En agglomération,Hors intersection,Normale,Autre collision,,,,,,,,,,,1,2,1,1.0,6.0
201000045988,0010-07-10 22:55:00,10,7,10,22,55,860,214,ROCADE SUD EST (RD 162),,,Nuit sans éclairage public,Hors agglomération,Hors intersection,Normale,Sans collision,,,,,,,,,,,3,1,1,1.0,7.0
201000045989,0010-07-11 12:50:00,10,7,11,12,50,860,194,REVOLUTION (AVENUE DE LA,,,Plein jour,En agglomération,Intersection en T,Normale,Deux véhicules - côté,,,,,,,,,,,1,2,3,1.0,3.0
201000045990,0010-07-13 12:30:00,10,7,13,12,30,860,194,"316, GIBAUDERIE (RUE DE",,,Plein jour,En agglomération,Hors intersection,Normale,Autre collision,,,,,,,,,,,1,2,1,1.0,6.0
201000045991,0010-07-13 18:00:00,10,7,13,18,0,860,194,JEANNE D'ARC (BOULEVARD),,,Plein jour,En agglomération,Hors intersection,Normale,Autre collision,,,,,,,,,,,1,2,1,1.0,6.0
201000045992,0010-07-15 01:15:00,10,7,15,1,15,860,194,"34, TIERS ETAT (COURS DU",,,Nuit avec éclairage allumé,En agglomération,Giratoire,Normale,Sans collision,,,,,,,,,,,5,2,6,1.0,7.0
201000045993,0010-07-15 20:35:00,10,7,15,20,35,860,194,ROBERT SCHUMAN (AVENUE),,,Plein jour,En agglomération,Hors intersection,Normale,Sans collision,,,,,,,,,,,1,2,1,1.0,7.0
201000045994,0010-07-20 00:35:00,10,7,20,0,35,860,194,COLIGNY (BOULEVARD),,,Nuit avec éclairage allumé,En agglomération,Intersection en T,Normale,Autre collision,,,,,,,,,,,5,2,3,1.0,6.0
201000045995,0010-07-30 08:30:00,10,7,30,8,30,860,194,STADE (ROND POINT DU),,,Plein jour,En agglomération,Hors intersection,Normale,Deux véhicules - arrière,,,,,,,,,,,1,2,1,1.0,2.0
201000045996,0010-08-02 08:30:00,10,8,2,8,30,860,194,"28, JEANNE D'ARC (BOULEV",,,Plein jour,En agglomération,Hors intersection,Normale,Deux véhicules - côté,,,,,,,,,,,1,2,1,1.0,3.0
201000045997,0010-08-05 18:45:00,10,8,5,18,45,860,194,"., NANTES (AVENUE DE)",,,Plein jour,En agglomération,Intersection en X,Normale,Deux véhicules - côté,,,,,,,,,,,1,2,2,1.0,3.0
201000045998,0010-08-15 21:25:00,10,8,15,21,25,860,194,"., RECTEUR PINEAU (AVENU",,,Nuit avec éclairage allumé,En agglomération,Intersection en X,Normale,Deux véhicules - côté,,,,,,,,,,,5,2,2,1.0,3.0
201000045999,0010-08-24 16:45:00,10,8,24,16,45,860,41,ROUTE DE LESSART,,,Plein jour,Hors agglomération,Hors intersection,Normale,Autre collision,,,,,,,,,,,1,1,1,1.0,6.0
201000046000,0010-08-24 01:00:00,10,8,24,1,0,860,194,"79, LIBERATION (AVENUE D",,,Nuit avec éclairage allumé,En agglomération,Hors intersection,Normale,Deux véhicules - côté,,,,,,,,,,,5,2,1,1.0,3.0
201000046001,0010-08-25 17:40:00,10,8,25,17,40,860,194,JOHN KENNEDY (AVENUE),,,Plein jour,En agglomération,Hors intersection,Normale,Deux véhicules - arrière,,,,,,,,,,,1,2,1,1.0,2.0
201000046002,0010-08-31 14:25:00,10,8,31,14,25,860,88,GASSOUILLETTE (RUE DE LA,,,Plein jour,En agglomération,Hors intersection,Normale,Autre collision,,,,,,,,,,,1,2,1,1.0,6.0
201000046003,0010-09-01 16:40:00,10,9,1,16,40,860,194,JOHN KENNEDY (AVENUE),,,Plein jour,En agglomération,Hors intersection,Normale,Autre collision,,,,,,,,,,,1,2,1,1.0,6.0
201000046004,0010-09-02 10:00:00,10,9,2,10,0,860,194,JACQUES COEUR (AVENUE),,,Plein jour,En agglomération,Intersection en X,Normale,Deux véhicules - côté,,,,,,,,,,,1,2,2,1.0,3.0
201000046005,0010-09-02 14:15:00,10,9,2,14,15,860,194,11 NOVEMBRE (AVENUE DU),,,Plein jour,En agglomération,Intersection en X,Normale,Autre collision,,,,,,,,,,,1,2,2,1.0,6.0
201000046006,0010-09-05 10:30:00,10,9,5,10,30,860,194,"0, PONT ACHARD (BOULEVAR",,,Plein jour,En agglomération,Intersection en X,Normale,Autre collision,,,,,,,,,,,1,2,2,1.0,6.0
201000046007,0010-09-06 18:10:00,10,9,6,18,10,860,194,JOHN KENNEDY (AVENUE),,,Plein jour,En agglomération,Intersection en X,Normale,Deux véhicules - côté,,,,,,,,,,,1,2,2,1.0,3.0
201000046008,0010-09-07 13:10:00,10,9,7,13,10,860,194,RUE PRE DES ROSEES,,,Plein jour,En agglomération,Hors intersection,Normale,Deux véhicules - côté,,,,,,,,,,,1,2,1,1.0,3.0
201000046009,0010-09-09 07:55:00,10,9,9,7,55,860,27,BELLEVUE (ROUTE DE),,,Plein jour,En agglomération,Intersection en X,Normale,Deux véhicules - côté,,,,,,,,,,,1,2,2,1.0,3.0
201000046010,0010-09-11 17:10:00,10,9,11,17,10,860,194,ROND POINT DU STADE,,,Plein jour,En agglomération,Intersection en X,Normale,Deux véhicules - côté,,,,,,,,,,,1,2,2,1.0,3.0
201000046011,0010-09-12 21:05:00,10,9,12,21,5,860,194,PAILLERIE (RUE DE LA),,,Nuit avec éclairage allumé,En agglomération,Intersection en X,Normale,Deux véhicules - arrière,,,,,,,,,,,5,2,2,1.0,2.0
201000046012,0010-09-14 03:50:00,10,9,14,3,50,860,214,ROCADE SUD EST (RD 162),,,Nuit avec éclairage allumé,En agglomération,Intersection en X,Normale,Sans collision,,,,,,,,,,,5,2,2,1.0,7.0
201000046013,0010-09-15 07:55:00,10,9,15,7,55,860,194,RECTEUR PINEAU (AVENUE D,,,Plein jour,En agglomération,Intersection en X,Normale,Deux véhicules - côté,,,,,,,,,,,1,2,2,1.0,3.0
201000046014,0010-09-21 06:55:00,10,9,21,6,55,860,214,ROCADE SUD EST (RD 162),,,Crépuscule ou aube,En agglomération,Hors intersection,Normale,Deux véhicules - côté,,,,,,,,,,,2,2,1,1.0,3.0
201000046015,0010-09-22 21:45:00,10,9,22,21,45,860,194,ROCADE OUEST (RD 910),,,Nuit sans éclairage public,Hors agglomération,Hors intersection,Normale,Autre collision,,,,,,,,,,,3,1,1,1.0,6.0
201000046016,0010-09-23 15:00:00,10,9,23,15,0,860,194,JEAN DE BERRY (PLACE),,,Plein jour,En agglomération,Giratoire,Normale,Deux véhicules - côté,,,,,,,,,,,1,2,6,1.0,3.0
201000046017,0010-09-23 17:10:00,10,9,23,17,10,860,194,"., BONNEUIL MATOURS (ROU",,,Plein jour,En agglomération,Intersection en X,Normale,Deux véhicules - côté,,,,,,,,,,,1,2,2,1.0,3.0