accident_id,datetime,annee,mois,jour,heure,minute,departement,commune_insee,adresse,latitude,longitude,luminosite,agglomeration,intersection,meteo,collision,nb_vehicules,nb_usagers,nb_indemnes,nb_tues,nb_blesses_hosp,nb_blesses_legers,age_cond_1,age_cond_2,veh_type_cond_1,veh_type_cond_2,lum_code,agg_code,int_code,atm_code,col_code
201000046018,0010-09-25 20:25:00,10,9,25,20,25,860,194,"15, REVOLUTION (AVENUE D",,,Nuit avec éclairage allumé,En agglomération,Hors intersection,Normale,Deux véhicules - arrière,,,,,,,,,,,5,2,1,1.0,2.0
201000046019,0010-10-01 04:40:00,10,10,1,4,40,860,194,ROCADE OUEST (RD 910),,,Nuit sans éclairage public,Hors agglomération,Hors intersection,Normale,Autre collision,,,,,,,,,,,3,1,1,1.0,6.0
201000046020,0010-10-02 06:00:00,10,10,2,6,0,860,194,TISON (BOULEVARD),,,Nuit avec éclairage allumé,En agglomération,Hors intersection,Normale,Sans collision,,,,,,,,,,,5,2,1,1.0,7.0
201000046021,0010-10-03 19:50:00,10,10,3,19,50,860,194,"40, COURONNERIES (RUE DE",,,Crépuscule ou aube,En agglomération,Hors intersection,Pluie légère,Sans collision,,,,,,,,,,,2,2,1,2.0,7.0
201000046022,0010-10-04 13:45:00,10,10,4,13,45,860,194,DEUX COMMUNES (RUE DES),,,Plein jour,En agglomération,Hors intersection,Pluie légère,Autre collision,,,,,,,,,,,1,2,1,2.0,6.0
201000046023,0010-10-05 12:15:00,10,10,5,12,15,860,158,"14, MOULIN DE LIMBRE (RU",,,Plein jour,Hors agglomération,Hors intersection,Pluie légère,Autre collision,,,,,,,,,,,1,1,1,2.0,6.0
201000046024,0010-10-05 15:25:00,10,10,5,15,25,860,194,"14, HENRI DUNANT (RUE)",,,Plein jour,En agglomération,Hors intersection,Pluie légère,Deux véhicules - frontale,,,,,,,,,,,1,2,1,2.0,1.0
201000046025,0010-10-05 22:20:00,10,10,5,22,20,860,194,"., ANDRE MALRAUX (VOIE)",,,Nuit sans éclairage public,En agglomération,Hors intersection,Normale,Autre collision,,,,,,,,,,,3,2,1,1.0,6.0
201000046026,0010-10-06 17:20:00,10,10,6,17,20,860,194,ROCADE EST (RD 162),,,Plein jour,Hors agglomération,Hors intersection,Normale,Autre collision,,,,,,,,,,,1,1,1,1.0,6.0
201000046027,0010-10-07 07:10:00,10,10,7,7,10,860,194,ROCADE EST (RD 162),,,Crépuscule ou aube,En agglomération,Hors intersection,Normale,Deux véhicules - arrière,,,,,,,,,,,2,2,1,1.0,2.0
201000046028,0010-10-07 23:50:00,10,10,7,23,50,860,158,MOULINET (RUE DE),,,Nuit avec éclairage non allumé,Hors agglomération,Hors intersection,Normale,Autre collision,,,,,,,,,,,4,1,1,1.0,6.0
201000046029,0010-10-12 16:00:00,10,10,12,16,0,860,194,ROCADE OUEST (RD 910),,,Plein jour,En agglomération,Hors intersection,Normale,Deux véhicules - côté,,,,,,,,,,,1,2,1,1.0,3.0
201000046030,0010-10-12 17:00:00,10,10,12,17,0,860,194,11 NOVEMBRE (AVENUE DU),,,Plein jour,En agglomération,Hors intersection,Normale,Autre collision,,,,,,,,,,,1,2,1,1.0,6.0
201000046031,0010-10-12 23:50:00,10,10,12,23,50,860,41,"135, VINCENDERIE (RUE DE",,,Nuit avec éclairage allumé,En agglomération,Hors intersection,Normale,Autre collision,,,,,,,,,,,5,2,1,1.0,6.0
201000046032,0010-10-13 12:15:00,10,10,13,12,15,860,194,"68, JACQUES COEUR (AVENU",,,Plein jour,En agglomération,Intersection en T,Normale,Trois véhicules et plus - en chaîne,,,,,,,,,,,1,2,3,1.0,4.0
201000046033,0010-10-18 21:00:00,10,10,18,21,0,860,214,11 NOVEMBRE (AVENUE DU),,,Nuit avec éclairage allumé,En agglomération,Hors intersection,Normale,Deux véhicules - arrière,,,,,,,,,,,5,2,1,1.0,2.0
201000046034,0010-10-19 14:20:00,10,10,19,14,20,860,194,ANDRE MALRAUX (VOIE),,,Plein jour,En agglomération,Intersection en T,Normale,Deux véhicules - arrière,,,,,,,,,,,1,2,3,1.0,2.0
201000046035,0010-10-21 12:30:00,10,10,21,12,30,860,194,VICTOR SCHOELCHER (RUE),,,Plein jour,En agglomération,Hors intersection,Normale,Deux véhicules - côté,,,,,,,,,,,1,2,1,1.0,3.0
201000046036,0010-10-21 18:15:00,10,10,21,18,15,860,214,GENCAY (ROUTE DE),,,Plein jour,En agglomération,Intersection en X,Normale,Deux véhicules - côté,,,,,,,,,,,1,2,2,1.0,3.0
201000046037,0010-10-26 08:55:00,10,10,26,8,55,860,194,"., 14 JUILLET 1789 (RUE",,,Plein jour,En agglomération,Intersection en T,Normale,Deux véhicules - côté,,,,,,,,,,,1,2,3,1.0,3.0
201000046038,0010-10-26 11:00:00,10,10,26,11,0,860,41,ORMEAU (ROUTE DE L'),,,Plein jour,En agglomération,Giratoire,Normale,Deux véhicules - côté,,,,,,,,,,,1,2,6,1.0,3.0
201000046039,0010-10-31 20:55:00,10,10,31,20,55,860,194,"0, LAFAYETTE (AVENUE DE)",,,Nuit avec éclairage allumé,En agglomération,Intersection en T,Normale,Sans collision,,,,,,,,,,,5,2,3,1.0,7.0
201000046040,0010-11-03 12:20:00,10,11,3,12,20,860,194,JEAN JAURES (RUE),,,Plein jour,En agglomération,Intersection en X,Normale,Deux véhicules - côté,,,,,,,,,,,1,2,2,1.0,3.0
201000046041,0010-11-05 17:20:00,10,11,5,17,20,860,194,ROCADE EST (RD 162),,,Crépuscule ou aube,En agglomération,Intersection en Y,Normale,Deux véhicules - arrière,,,,,,,,,,,2,2,4,1.0,2.0
201000046042,0010-11-06 15:55:00,10,11,6,15,55,860,194,"56, EUROPE (AVENUE DE L'",,,Plein jour,En agglomération,Hors intersection,Normale,Deux véhicules - côté,,,,,,,,,,,1,2,1,1.0,3.0
201000046043,0010-11-07 07:55:00,10,11,7,7,55,860,194,"82, CORNET (RUE)",,,Crépuscule ou aube,En agglomération,Hors intersection,Normale,Autre collision,,,,,,,,,,,2,2,1,1.0,6.0
201000046044,0010-11-07 17:40:00,10,11,7,17,40,860,194,WINSTON CHURCHILL (AVENU,,,Nuit avec éclairage allumé,En agglomération,Intersection en X,Pluie légère,Deux véhicules - côté,,,,,,,,,,,5,2,2,2.0,3.0
201000046045,0010-11-09 23:50:00,10,11,9,23,50,860,214,ROCADE SUD EST (RD 162),,,Nuit sans éclairage public,En agglomération,Hors intersection,Pluie forte,Autre collision,,,,,,,,,,,3,2,1,3.0,6.0
201000046046,0010-11-10 08:50:00,10,11,10,8,50,860,194,CHAINE (RUE DE LA),,,Plein jour,En agglomération,Intersection en T,Normale,Deux véhicules - côté,,,,,,,,,,,1,2,3,1.0,3.0
201000046047,0010-11-12 12:05:00,10,11,12,12,5,860,214,ROCADE SUD EST (RD 162),,,Plein jour,En agglomération,Intersection en X,Pluie légère,Deux véhicules - arrière,,,,,,,,,,,1,2,2,2.0,2.0
201000046048,0010-11-12 11:30:00,10,11,12,11,30,860,214,GENCAY (ROUTE DE),,,Plein jour,Hors agglomération,Hors intersection,Pluie légère,Deux véhicules - frontale,,,,,,,,,,,1,1,1,2.0,1.0
201000046049,0010-11-13 18:45:00,10,11,13,18,45,860,194,"., 8 MAI 1945 (AVENUE DU",,,Nuit avec éclairage allumé,En agglomération,Intersection en X,Normale,Autre collision,,,,,,,,,,,5,2,2,1.0,6.0
201000046050,0010-11-15 12:00:00,10,11,15,12,0,860,194,"83, JEAN MERMOZ  (RUE)",,,Plein jour,En agglomération,Hors intersection,Normale,Sans collision,,,,,,,,,,,1,2,1,1.0,7.0
201000046051,0010-11-16 20:20:00,10,11,16,20,20,860,194,CHASSEIGNE (BOULEVARD),,,Nuit avec éclairage allumé,En agglomération,Intersection en T,Normale,Deux véhicules - côté,,,,,,,,,,,5,2,3,1.0,3.0
201000046052,0010-11-19 03:30:00,10,11,19,3,30,860,194,PONT ACHARD (BOULEVARD),,,Nuit avec éclairage allumé,En agglomération,Hors intersection,Pluie légère,Autre collision,,,,,,,,,,,5,2,1,2.0,6.0
201000046053,0010-11-23 22:10:00,10,11,23,22,10,860,194,"., 8 MAI 1945 (AVENUE DU",,,Nuit avec éclairage allumé,En agglomération,Intersection en Y,Normale,Deux véhicules - côté,,,,,,,,,,,5,2,4,1.0,3.0
201000046054,0010-11-24 20:35:00,10,11,24,20,35,860,158,RD 30,,,Nuit avec éclairage allumé,En agglomération,Hors intersection,Normale,Deux véhicules - arrière,,,,,,,,,,,5,2,1,1.0,2.0
201000046055,0010-11-25 16:45:00,10,11,25,16,45,860,194,"182, LIBERATION (AVENUE",,,Plein jour,En agglomération,Hors intersection,Normale,Autre collision,,,,,,,,,,,1,2,1,1.0,6.0
201000046056,0010-12-05 03:18:00,10,12,5,3,18,860,214,"25, MAUROC (RUE DE)",,,Nuit avec éclairage allumé,En agglomération,Hors intersection,Normale,Sans collision,,,,,,,,,,,5,2,1,1.0,7.0
201000046057,0010-12-04 00:30:00,10,12,4,0,30,860,194,"136, LIBERATION (AVENUE",,,Nuit avec éclairage allumé,En agglomération,Hors intersection,Normale,Deux véhicules - arrière,,,,,,,,,,,5,2,1,1.0,2.0
201000046058,0010-12-06 17:35:00,10,12,6,17,35,860,194,"31, RECTEUR PINEAU (AVEN",,,Nuit avec éclairage allumé,En agglomération,Hors intersection,Pluie légère,Autre collision,,,,,,,,,,,5,2,1,2.0,6.0
201000046059,0010-12-07 09:00:00,10,12,7,9,0,860,194,"., NORMANDIE NIEMEN (RUE",,,Plein jour,En agglomération,Intersection en X,Pluie légère,Deux véhicules - frontale,,,,,,,,,,,1,2,2,2.0,1.0
201000046060,0010-12-09 20:50:00,10,12,9,20,50,860,194,"., FAUBOURG PONT NEUF (R",,,Nuit avec éclairage allumé,En agglomération,Intersection en X,Normale,Deux véhicules - côté,,,,,,,,,,,5,2,2,1.0,3.0
201000046061,0010-12-10 13:35:00,10,12,10,13,35,860,194,ROCADE OUEST (RD 910),,,Plein jour,En agglomération,Hors intersection,Normale,Autre collision,,,,,,,,,,,1,2,1,1.0,6.0
201000046062,0010-12-13 03:05:00,10,12,13,3,5,860,41,RN 147 BUXEROLLES,,,Nuit sans éclairage public,Hors agglomération,Hors intersection,Normale,Sans collision,,,,,,,,,,,3,1,1,1.0,7.0
201000046063,0010-12-13 09:05:00,10,12,13,9,5,860,194,MARCHE NOTRE DAME (RUE D,,,Plein jour,En agglomération,Intersection en T,Normale,Deux véhicules - côté,,,,,,,,,,,1,2,3,1.0,3.0
201000046064,0010-12-17 21:35:00,10,12,17,21,35,860,214,ROCADE SUD EST (RD 162),,,Nuit avec éclairage allumé,En agglomération,Hors intersection,Normale,Autre collision,,,,,,,,,,,5,2,1,1.0,6.0
201000046065,0010-12-23 14:10:00,10,12,23,14,10,860,194,"16, JEANNE D'ARC (BOULEV",,,Plein jour,En agglomération,Hors intersection,Pluie légère,Autre collision,,,,,,,,,,,1,2,1,2.0,6.0
201000046066,0010-12-29 14:50:00,10,12,29,14,50,860,194,PAILLERIE (RUE DE LA),,,Plein jour,En agglomération,Intersection en X,Normale,Deux véhicules - côté,,,,,,,,,,,1,2,2,1.0,3.0
201000046067,0010-12-29 18:55:00,10,12,29,18,55,860,157,NOUAILLE (ROUTE DE),,,Nuit sans éclairage public,Hors agglomération,Intersection en T,Normale,Deux véhicules - côté,,,,,,,,,,,3,1,3,1.0,3.0
201000046068,0010-01-01 20:53:00,10,1,1,20,53,870,65,"48, LIBERATION (AVENUE D",45.813,1.33248,Nuit avec éclairage allumé,En agglomération,Intersection en T,Pluie légère,Deux véhicules - arrière,,,,,,,,,,,5,2,3,2.0,2.0
201000046069,0010-01-05 07:33:00,10,1,5,7,33,870,85,SCHUMAN (BOULEVARD ROBER,,,Plein jour,En agglomération,Hors intersection,Pluie légère,Deux véhicules - frontale,,,,,,,,,,,1,2,1,2.0,1.0
201000046070,0010-01-05 07:40:00,10,1,5,7,40,870,85,"106, RUE DE BELLAC",,,Plein jour,En agglomération,Intersection en T,Pluie légère,Deux véhicules - côté,,,,,,,,,,,1,2,3,2.0,3.0
201000046071,0010-01-05 10:05:00,10,1,5,10,5,870,65,"1, PORTES DE FEYTIAT (RU",,,Plein jour,En agglomération,Hors intersection,Pluie légère,Deux véhicules - arrière,,,,,,,,,,,1,2,1,2.0,2.0
201000046072,0010-01-05 10:00:00,10,1,5,10,0,870,114,"43, SARRE (FRANCOIS-)",,,Plein jour,En agglomération,Hors intersection,Pluie légère,Autre collision,,,,,,,,,,,1,2,1,2.0,6.0
201000046073,0010-01-06 09:33:00,10,1,6,9,33,870,85,"1, CROIX BUCHILIEN (RUE)",,,Plein jour,En agglomération,Hors intersection,Neige / grêle,Autre collision,,,,,,,,,,,1,2,1,4.0,6.0
201000046074,0010-01-06 19:44:00,10,1,6,19,44,870,75,D74,45.799,1.20365,Nuit sans éclairage public,Hors agglomération,Hors intersection,Normale,Autre collision,,,,,,,,,,,3,1,1,1.0,6.0
201000046075,0010-01-09 14:05:00,10,1,9,14,5,870,85,"1, BD PETITES CARMES",,,Plein jour,En agglomération,Hors intersection,Neige / grêle,Autre collision,,,,,,,,,,,1,2,1,4.0,6.0
201000046076,0010-01-11 14:50:00,10,1,11,14,50,870,85,DE LATTRE-DE-TASSIGNY,,,Plein jour,En agglomération,Intersection en T,Normale,Deux véhicules - côté,,,,,,,,,,,1,2,3,1.0,3.0
201000046077,0010-01-11 16:11:00,10,1,11,16,11,870,85,"50, FOUREST (RUE GEORGES",,,Plein jour,En agglomération,Hors intersection,Normale,Autre collision,,,,,,,,,,,1,2,1,1.0,6.0
201000046078,0010-01-11 14:44:00,10,1,11,14,44,870,85,RUE LOUVRIER DE LAJOLAIS,,,Plein jour,En agglomération,Hors intersection,Normale,Autre collision,,,,,,,,,,,1,2,1,1.0,6.0
201000046079,0010-01-12 14:30:00,10,1,12,14,30,870,85,ARCADES (BOULEVARD DES),,,Plein jour,En agglomération,Hors intersection,Normale,Autre collision,,,,,,,,,,,1,2,1,1.0,6.0
201000046080,0010-01-12 21:55:00,10,1,12,21,55,870,85,"1, GUE DE VERTHAMONT (RU",,,Nuit avec éclairage allumé,En agglomération,Hors intersection,Pluie forte,Autre collision,,,,,,,,,,,5,2,1,3.0,6.0
201000046081,0010-01-13 07:52:00,10,1,13,7,52,870,114,"2, FOREST - LIEU DIT",,,Plein jour,Hors agglomération,Hors intersection,Pluie légère,Autre collision,,,,,,,,,,,1,1,1,2.0,6.0
201000046082,0010-01-13 09:31:00,10,1,13,9,31,870,85,"1, MAISON DIEU (PLACE)",,,Plein jour,En agglomération,Giratoire,Pluie légère,Deux véhicules - côté,,,,,,,,,,,1,2,6,2.0,3.0
201000046083,0010-01-13 19:33:00,10,1,13,19,33,870,114,"43, VIGNES (DES)",,,Nuit avec éclairage allumé,En agglomération,Hors intersection,Normale,Deux véhicules - frontale,,,,,,,,,,,5,2,1,1.0,1.0
201000046084,0010-01-14 07:22:00,10,1,14,7,22,870,85,"5, FEYTIAT (RUE DE)",45.8255,1.27884,Nuit avec éclairage allumé,En agglomération,Intersection en T,Pluie légère,Deux véhicules - côté,,,,,,,,,,,5,2,3,2.0,3.0
201000046085,0010-01-16 17:44:00,10,1,16,17,44,870,50,"9, BUXEROLLES (ROUTE DE)",,,Nuit avec éclairage allumé,En agglomération,Hors intersection,Pluie forte,Deux véhicules - frontale,,,,,,,,,,,5,2,1,3.0,1.0
201000046086,0010-01-17 19:43:00,10,1,17,19,43,870,65,"0, GROSSE PIERRE (RUE DE",,,Nuit sans éclairage public,Hors agglomération,Hors intersection,Normale,Sans collision,,,,,,,,,,,3,1,1,1.0,7.0
201000046087,0010-01-18 07:55:00,10,1,18,7,55,870,85,"0, EUROPE (CARREFOUR DE",,,Nuit avec éclairage allumé,En agglomération,Hors intersection,Normale,Sans collision,,,,,,,,,,,5,2,1,1.0,7.0
201000046088,0010-01-21 03:03:00,10,1,21,3,3,870,85,SCHUMAN (BOULEVARD ROBER,,,Nuit avec éclairage allumé,En agglomération,Hors intersection,Normale,Autre collision,,,,,,,,,,,5,2,1,1.0,6.0
201000046089,0010-01-22 14:35:00,10,1,22,14,35,870,85,"1, MENDES FRANCE (RUE PI",,,Plein jour,En agglomération,Hors intersection,Normale,Autre collision,,,,,,,,,,,1,2,1,1.0,6.0
201000046090,0010-01-22 17:29:00,10,1,22,17,29,870,85,"48, BRIAND (RUE ARISTIDE",,,Plein jour,En agglomération,Intersection en T,Normale,Deux véhicules - côté,,,,,,,,,,,1,2,3,1.0,3.0
201000046091,0010-01-26 07:10:00,10,1,26,7,10,870,50,MONTIN (ROUTE DU),,,Nuit avec éclairage allumé,Hors agglomération,Intersection en X,Normale,Deux véhicules - côté,,,,,,,,,,,5,1,2,1.0,3.0
201000046092,0010-01-26 16:10:00,10,1,26,16,10,870,85,PALAIS (ROUTE DU),45.8478,1.29332,Plein jour,Hors agglomération,Hors intersection,Normale,Autre collision,,,,,,,,,,,1,1,1,1.0,6.0
201000046093,0010-01-28 08:05:00,10,1,28,8,5,870,85,SCHUMAN (BOULEVARD ROBER,,,Plein jour,Hors agglomération,Hors intersection,Neige / grêle,Trois véhicules et plus - collisions multiples,,,,,,,,,,,1,1,1,4.0,5.0
201000046094,0010-01-28 17:35:00,10,1,28,17,35,870,65,RD98,45.8012,1.34438,Crépuscule ou aube,Hors agglomération,Hors intersection,Neige / grêle,Autre collision,,,,,,,,,,,2,1,1,4.0,6.0
201000046095,0010-01-28 19:01:00,10,1,28,19,1,870,85,AUTOROUTE A20,,,Nuit avec éclairage allumé,Hors agglomération,Hors intersection,Pluie légère,Deux véhicules - côté,,,,,,,,,,,5,1,1,2.0,3.0
201000046096,0010-01-29 13:06:00,10,1,29,13,6,870,85,"1, SANTOS DUMONT (RUE)",,,Plein jour,En agglomération,Hors intersection,Pluie légère,Deux véhicules - côté,,,,,,,,,,,1,2,1,2.0,3.0
201000046097,0010-01-29 15:04:00,10,1,29,15,4,870,50,MONTIN (ROUTE DU),,,Plein jour,Hors agglomération,Intersection en X,Pluie légère,Deux véhicules - côté,,,,,,,,,,,1,1,2,2.0,3.0
201000046098,0010-01-29 19:48:00,10,1,29,19,48,870,65,"0, EUROPE (PLACE DE L')",,,Nuit avec éclairage allumé,En agglomération,Hors intersection,Normale,Autre collision,,,,,,,,,,,5,2,1,1.0,6.0
201000046099,0010-01-29 20:24:00,10,1,29,20,24,870,85,AUTOROUTE A20,,,Nuit sans éclairage public,Hors agglomération,Hors intersection,Pluie légère,Deux véhicules - arrière,,,,,,,,,,,3,1,1,2.0,2.0
201000046100,0010-01-29 20:35:00,10,1,29,20,35,870,85,"35, ROBERVAL (RUE GILDAS",,,Nuit avec éclairage allumé,En agglomération,Intersection en T,Pluie légère,Deux véhicules - côté,,,,,,,,,,,5,2,3,2.0,3.0
201000046101,0010-01-30 08:43:00,10,1,30,8,43,870,75,RD79,45.816,1.17397,Plein jour,En agglomération,Hors intersection,Temps couvert,Autre collision,,,,,,,,,,,1,2,1,8.0,6.0
201000046102,0010-02-01 18:41:00,10,2,1,18,41,870,85,"1, CARR. de l'EUROPE",,,Nuit avec éclairage allumé,En agglomération,Hors intersection,Normale,Deux véhicules - arrière,,,,,,,,,,,5,2,1,1.0,2.0
201000046103,0010-02-02 08:27:00,10,2,2,8,27,870,85,"9, VIGNE DE FER (RUE)",,,Plein jour,Hors agglomération,Intersection en X,Normale,Autre collision,,,,,,,,,,,1,1,2,1.0,6.0
201000046104,0010-02-03 08:16:00,10,2,3,8,16,870,114,BUISSON (ROUTE DU),,,Plein jour,Hors agglomération,Hors intersection,Normale,Deux véhicules - frontale,,,,,,,,,,,1,1,1,1.0,1.0
201000046105,0010-02-03 12:13:00,10,2,3,12,13,870,85,FOUGERAS (RUE DE),45.8667,1.29387,Plein jour,En agglomération,Hors intersection,Normale,Autre collision,,,,,,,,,,,1,2,1,1.0,6.0
201000046106,0010-02-03 22:27:00,10,2,3,22,27,870,85,RD39,45.9051,1.28072,Nuit avec éclairage non allumé,Hors agglomération,Hors intersection,Normale,Sans collision,,,,,,,,,,,4,1,1,1.0,7.0
201000046107,0010-02-04 07:29:00,10,2,4,7,29,870,85,FOUGERAS (RUE DE),45.8662,1.29327,Nuit avec éclairage allumé,En agglomération,Hors intersection,Normale,Autre collision,,,,,,,,,,,5,2,1,1.0,6.0
201000046108,0010-02-04 09:44:00,10,2,4,9,44,870,75,RN 21,45.7825,1.20103,Plein jour,Hors agglomération,Autre intersection,Normale,Deux véhicules - côté,,,,,,,,,,,1,1,9,1.0,3.0
201000046109,0010-02-05 10:15:00,10,2,5,10,15,870,85,SCHUMAN (BOULEVARD ROBER,,,Plein jour,En agglomération,Hors intersection,Normale,Deux véhicules - arrière,,,,,,,,,,,1,2,1,1.0,2.0
201000046110,0010-02-05 11:27:00,10,2,5,11,27,870,85,"0, MAISON DIEU (PLACE)",,,Plein jour,En agglomération,Intersection en X,Normale,Deux véhicules - côté,,,,,,,,,,,1,2,2,1.0,3.0
201000046111,0010-02-06 06:17:00,10,2,6,6,17,870,85,"34, MAS-BOUYOL  (CITE ET",,,Nuit avec éclairage allumé,En agglomération,Hors intersection,Pluie légère,Autre collision,,,,,,,,,,,5,2,1,2.0,6.0
201000046112,0010-02-08 06:55:00,10,2,8,6,55,870,85,ALLENDE (QUAI SALVADOR),45.8212,1.2629,Plein jour,En agglomération,Intersection en X,Normale,Deux véhicules - côté,,,,,,,,,,,1,2,2,1.0,3.0
201000046113,0010-02-08 11:21:00,10,2,8,11,21,870,50,"1, GORCEIX (RUE DE)",,,Plein jour,Hors agglomération,Hors intersection,Normale,Deux véhicules - frontale,,,,,,,,,,,1,1,1,1.0,1.0
201000046114,0010-02-09 15:26:00,10,2,9,15,26,870,85,"15, MANIGNE (PLACE)",,,Plein jour,En agglomération,Hors intersection,Normale,Autre collision,,,,,,,,,,,1,2,1,1.0,6.0
201000046115,0010-02-10 17:05:00,10,2,10,17,5,870,85,"11, LECLERC (AVENUE DU G",,,Plein jour,En agglomération,Hors intersection,Normale,Autre collision,,,,,,,,,,,1,2,1,1.0,6.0
201000046116,0010-02-11 07:28:00,10,2,11,7,28,870,85,PERRIN (RUE FRANCOIS),45.8224,1.21733,Plein jour,En agglomération,Autre intersection,Normale,Deux véhicules - côté,,,,,,,,,,,1,2,9,1.0,3.0
201000046117,0010-02-12 17:02:00,10,2,12,17,2,870,85,"5, LOUVRIER DE LAJOLAIS",,,Plein jour,En agglomération,Hors intersection,Normale,Autre collision,,,,,,,,,,,1,2,1,1.0,6.0
201000046118,0010-02-12 22:10:00,10,2,12,22,10,870,85,"32, LABUSSIERE (AVENUE E",,,Nuit avec éclairage allumé,En agglomération,Intersection en X,Normale,Deux véhicules - côté,,,,,,,,,,,5,2,2,1.0,3.0
201000046119,0010-02-17 13:28:00,10,2,17,13,28,870,85,"23, GAMBETTA (BOULEVARD)",,,Plein jour,En agglomération,Hors intersection,Pluie légère,Sans collision,,,,,,,,,,,1,2,1,2.0,7.0
201000046120,0010-02-18 13:49:00,10,2,18,13,49,870,85,"0, COUDERT (RUE DU)",,,Plein jour,Hors agglomération,Hors intersection,Normale,Autre collision,,,,,,,,,,,1,1,1,1.0,6.0
201000046121,0010-02-19 18:40:00,10,2,19,18,40,870,85,"35, BOILEAU (IMPASSE ET",,,Plein jour,En agglomération,Autre intersection,Normale,Deux véhicules - arrière,,,,,,,,,,,1,2,9,1.0,2.0
201000046122,0010-02-21 08:45:00,10,2,21,8,45,870,85,"137, BRIAND (RUE ARISTID",,,Plein jour,En agglomération,Hors intersection,Normale,Deux véhicules - frontale,,,,,,,,,,,1,2,1,1.0,1.0
201000046123,0010-02-23 14:57:00,10,2,23,14,57,870,85,SCHUMAN (BOULEVARD ROBER,,,Plein jour,En agglomération,Hors intersection,Normale,Trois véhicules et plus - en chaîne,,,,,,,,,,,1,2,1,1.0,4.0
201000046124,0010-02-23 17:33:00,10,2,23,17,33,870,85,BEAUBREUIL (AVENUE DE),,,Crépuscule ou aube,En agglomération,Hors intersection,Normale,Deux véhicules - arrière,,,,,,,,,,,2,2,1,1.0,2.0
201000046125,0010-02-24 07:03:00,10,2,24,7,3,870,114,"2, BASTIE (MARYSE-)",,,Plein jour,En agglomération,Hors intersection,Pluie légère,Autre collision,,,,,,,,,,,1,2,1,2.0,6.0
201000046126,0010-02-24 10:30:00,10,2,24,10,30,870,85,"5, BOUCHERIE (RUE DE LA)",,,Plein jour,En agglomération,Hors intersection,Normale,Autre collision,,,,,,,,,,,1,2,1,1.0,6.0
201000046127,0010-02-25 16:55:00,10,2,25,16,55,870,48,RD 32,45.7672,1.23155,Plein jour,Hors agglomération,Hors intersection,Pluie légère,Sans collision,,,,,,,,,,,1,1,1,2.0,7.0
201000046128,0010-02-25 18:40:00,10,2,25,18,40,870,65,RD 704,45.794,1.29533,Nuit avec éclairage allumé,En agglomération,Intersection en X,Pluie forte,Deux véhicules - côté,,,,,,,,,,,5,2,2,3.0,3.0
201000046129,0010-02-25 19:20:00,10,2,25,19,20,870,85,"2, GIFFARD (RUE HENRI)",,,Nuit avec éclairage allumé,En agglomération,Hors intersection,Pluie forte,Autre collision,,,,,,,,,,,5,2,1,3.0,6.0
201000046130,0010-02-27 22:31:00,10,2,27,22,31,870,85,"21, PERIN (BOULEVARD GEO",,,Nuit avec éclairage allumé,En agglomération,Hors intersection,Pluie légère,Autre collision,,,,,,,,,,,5,2,1,2.0,6.0
201000046131,0010-02-28 14:18:00,10,2,28,14,18,870,75,"13, REPUBLIQUE (AVENUE D",,,Plein jour,En agglomération,Hors intersection,Pluie légère,Autre collision,,,,,,,,,,,1,2,1,2.0,6.0
201000046132,0010-02-28 20:36:00,10,2,28,20,36,870,85,"32, LECLERC (AVENUE DU G",,,Nuit avec éclairage allumé,En agglomération,Hors intersection,Normale,Autre collision,,,,,,,,,,,5,2,1,1.0,6.0
201000046133,0010-03-01 11:21:00,10,3,1,11,21,870,85,"47, TOULOUSE (RUE DE)",,,Plein jour,En agglomération,Intersection en Y,Normale,Deux véhicules - côté,,,,,,,,,,,1,2,4,1.0,3.0
201000046134,0010-03-01 18:22:00,10,3,1,18,22,870,85,"20, BEAUBLANC (BOULEVARD",,,Nuit avec éclairage allumé,En agglomération,Intersection en T,Normale,Deux véhicules - côté,,,,,,,,,,,5,2,3,1.0,3.0
201000046135,0010-03-03 16:05:00,10,3,3,16,5,870,85,ALLENDE (QUAI SALVADOR),45.8175,1.25275,Plein jour,En agglomération,Hors intersection,Pluie légère,Autre collision,,,,,,,,,,,1,2,1,2.0,6.0
201000046136,0010-03-04 11:44:00,10,3,4,11,44,870,85,"56, TARRADE (AVENUE ADRI",,,Plein jour,En agglomération,Hors intersection,Normale,Deux véhicules - arrière,,,,,,,,,,,1,2,1,1.0,2.0
201000046137,0010-03-08 18:59:00,10,3,8,18,59,870,85,"1, BUGEAUD (COURS)",,,Plein jour,En agglomération,Hors intersection,Normale,Autre collision,,,,,,,,,,,1,2,1,1.0,6.0
201000046138,0010-03-10 08:06:00,10,3,10,8,6,870,85,BROGLIE (AVENUE LOUIS DE,,,Plein jour,En agglomération,Hors intersection,Neige / grêle,Autre collision,,,,,,,,,,,1,2,1,4.0,6.0
201000046139,0010-03-10 14:30:00,10,3,10,14,30,870,85,AUTOROUTE A20,45.8746,1.288,Plein jour,Hors agglomération,Hors intersection,Normale,Trois véhicules et plus - en chaîne,,,,,,,,,,,1,1,1,1.0,4.0
201000046140,0010-03-10 19:15:00,10,3,10,19,15,870,85,"19, COMTE (RUE AUGUSTE)",,,Crépuscule ou aube,En agglomération,Intersection en T,Normale,Deux véhicules - côté,,,,,,,,,,,2,2,3,1.0,3.0
201000046141,0010-03-10 20:15:00,10,3,10,20,15,870,85,"0, CITE (PLACE DE LA)",,,Nuit avec éclairage allumé,En agglomération,Intersection en X,Normale,Deux véhicules - côté,,,,,,,,,,,5,2,2,1.0,3.0