accident_id,datetime,annee,mois,jour,heure,minute,departement,commune_insee,adresse,latitude,longitude,luminosite,agglomeration,intersection,meteo,collision,nb_vehicules,nb_usagers,nb_indemnes,nb_tues,nb_blesses_hosp,nb_blesses_legers,age_cond_1,age_cond_2,veh_type_cond_1,veh_type_cond_2,lum_code,agg_code,int_code,atm_code,col_code
201000046142,0010-03-11 09:05:00,10,3,11,9,5,870,85,"0, BEAUBREUIL (PLACE DE)",,,Plein jour,En agglomération,Intersection en X,Normale,Deux véhicules - côté,,,,,,,,,,,1,2,2,1.0,3.0
201000046143,0010-03-12 09:52:00,10,3,12,9,52,870,85,FOUGERAS (RUE DE),45.8717,1.30043,Plein jour,En agglomération,Intersection en T,Normale,Deux véhicules - côté,,,,,,,,,,,1,2,3,1.0,3.0
201000046144,0010-03-12 14:25:00,10,3,12,14,25,870,85,BAUDIN (AVENUE) ( RN21),45.817,1.25161,Plein jour,En agglomération,Hors intersection,Normale,Deux véhicules - côté,,,,,,,,,,,1,2,1,1.0,3.0
201000046145,0010-03-12 14:45:00,10,3,12,14,45,870,85,"45, MAS-GIGOU (RUE DU)",,,Plein jour,En agglomération,Hors intersection,Normale,Trois véhicules et plus - collisions multiples,,,,,,,,,,,1,2,1,1.0,5.0
201000046146,0010-03-15 17:30:00,10,3,15,17,30,870,85,"40, BRASSERIE (RUE DE LA",,,Plein jour,En agglomération,Intersection en T,Normale,Deux véhicules - côté,,,,,,,,,,,1,2,3,1.0,3.0
201000046147,0010-03-16 03:16:00,10,3,16,3,16,870,65,AUTOROUTE A20,45.8165,1.29539,Nuit avec éclairage allumé,Hors agglomération,Hors intersection,Normale,Autre collision,,,,,,,,,,,5,1,1,1.0,6.0
201000046148,0010-03-16 15:35:00,10,3,16,15,35,870,85,"15, MATISSE (RUE HENRI)",,,Plein jour,En agglomération,Intersection en X,Normale,Deux véhicules - côté,,,,,,,,,,,1,2,2,1.0,3.0
201000046149,0010-03-16 17:40:00,10,3,16,17,40,870,85,"22, BROGLIE (AVENUE LOUI",,,Plein jour,En agglomération,Intersection en X,Normale,Deux véhicules - côté,,,,,,,,,,,1,2,2,1.0,3.0
201000046150,0010-03-17 07:30:00,10,3,17,7,30,870,85,"0, CHURCHILL WINSTON (PL",,,Plein jour,En agglomération,Hors intersection,Normale,Autre collision,,,,,,,,,,,1,2,1,1.0,6.0
201000046151,0010-03-18 10:35:00,10,3,18,10,35,870,85,"56, GAMBETTA (BOULEVARD)",,,Plein jour,En agglomération,Intersection en X,Normale,Autre collision,,,,,,,,,,,1,2,2,1.0,6.0
201000046152,0010-03-18 13:54:00,10,3,18,13,54,870,85,"44, COMTE (RUE AUGUSTE)",,,Plein jour,En agglomération,Hors intersection,Normale,Deux véhicules - arrière,,,,,,,,,,,1,2,1,1.0,2.0
201000046153,0010-03-18 17:35:00,10,3,18,17,35,870,85,"27, THOMAS (AVENUE ALBER",,,Plein jour,En agglomération,Hors intersection,Normale,Deux véhicules - côté,,,,,,,,,,,1,2,1,1.0,3.0
201000046154,0010-03-19 16:59:00,10,3,19,16,59,870,85,"2, COMTE (RUE AUGUSTE)",,,Plein jour,En agglomération,Hors intersection,Pluie légère,Deux véhicules - côté,,,,,,,,,,,1,2,1,2.0,3.0
201000046155,0010-03-19 20:39:00,10,3,19,20,39,870,85,VANTEAUX (BOULEVARD DE),,,Nuit avec éclairage non allumé,En agglomération,Hors intersection,Pluie légère,Autre collision,,,,,,,,,,,4,2,1,2.0,6.0
201000046156,0010-03-20 02:10:00,10,3,20,2,10,870,85,"46, DUMAS (AVENUE GEORGE",,,Nuit sans éclairage public,En agglomération,Hors intersection,Normale,Autre collision,,,,,,,,,,,3,2,1,1.0,6.0
201000046157,0010-03-20 03:32:00,10,3,20,3,32,870,85,VANTEAUX (BOULEVARD DE),,,Nuit avec éclairage allumé,En agglomération,Hors intersection,Normale,Autre collision,,,,,,,,,,,5,2,1,1.0,6.0
201000046158,0010-03-20 16:27:00,10,3,20,16,27,870,85,"11, PETINIAUD BEAUPEYRAT",,,Plein jour,En agglomération,Hors intersection,Pluie légère,Autre collision,,,,,,,,,,,1,2,1,2.0,6.0
201000046159,0010-03-22 13:35:00,10,3,22,13,35,870,85,"126, THOMAS (AVENUE ALBE",,,Plein jour,En agglomération,Hors intersection,Normale,Sans collision,,,,,,,,,,,1,2,1,1.0,7.0
201000046160,0010-03-22 16:20:00,10,3,22,16,20,870,85,"36, BEL AIR (BOULEVARD D",,,Plein jour,En agglomération,Hors intersection,Normale,Trois véhicules et plus - collisions multiples,,,,,,,,,,,1,2,1,1.0,5.0
201000046161,0010-03-22 20:50:00,10,3,22,20,50,870,113,"25, CARNOT (AVENUE SADI)",45.868,1.32864,Nuit avec éclairage allumé,En agglomération,Intersection en T,Normale,Deux véhicules - côté,,,,,,,,,,,5,2,3,1.0,3.0
201000046162,0010-03-24 08:45:00,10,3,24,8,45,870,85,REVOLUTION (PONT DE LA),45.8212,1.2629,Plein jour,En agglomération,Intersection en X,Normale,Deux véhicules - côté,,,,,,,,,,,1,2,2,1.0,3.0
201000046163,0010-03-24 14:24:00,10,3,24,14,24,870,85,"35, BLANC LOUIS (BOULEVA",,,Plein jour,En agglomération,Hors intersection,Normale,Autre collision,,,,,,,,,,,1,2,1,1.0,6.0
201000046164,0010-03-26 07:51:00,10,3,26,7,51,870,65,PONTEIX (AVENUE DU),,,Plein jour,En agglomération,Hors intersection,Normale,Deux véhicules - côté,,,,,,,,,,,1,2,1,1.0,3.0
201000046165,0010-03-26 12:41:00,10,3,26,12,41,870,65,RD 704,45.7981,1.29571,Plein jour,Hors agglomération,Autre intersection,Normale,Deux véhicules - côté,,,,,,,,,,,1,1,9,1.0,3.0
201000046166,0010-03-26 18:59:00,10,3,26,18,59,870,75,"0, ISLE (RUE D')",,,Plein jour,Hors agglomération,Intersection en T,Normale,Deux véhicules - côté,,,,,,,,,,,1,1,3,1.0,3.0
201000046167,0010-03-27 18:45:00,10,3,27,18,45,870,113,"0, GIRAUDOUX (AVENUE JEA",,,Plein jour,En agglomération,Autre intersection,Normale,Autre collision,,,,,,,,,,,1,2,9,1.0,6.0
201000046168,0010-03-29 14:06:00,10,3,29,14,6,870,85,"2, STALINGRAD (PLACE)",,,Plein jour,En agglomération,Hors intersection,Normale,Autre collision,,,,,,,,,,,1,2,1,1.0,6.0
201000046169,0010-03-29 18:08:00,10,3,29,18,8,870,50,RN520 (COUZEIX),45.8911,1.26054,Plein jour,Hors agglomération,Hors intersection,Normale,Trois véhicules et plus - en chaîne,,,,,,,,,,,1,1,1,1.0,4.0
201000046170,0010-03-29 17:30:00,10,3,29,17,30,870,85,SAMIE (RUE LEONARD),,,Plein jour,En agglomération,Intersection en T,Normale,Autre collision,,,,,,,,,,,1,2,3,1.0,6.0
201000046171,0010-03-29 19:02:00,10,3,29,19,2,870,85,"38, BRANTOME (RUE DE)",,,Plein jour,En agglomération,Autre intersection,Normale,Deux véhicules - côté,,,,,,,,,,,1,2,9,1.0,3.0
201000046172,0010-04-01 07:56:00,10,4,1,7,56,870,85,"4, GAY-LUSSAC (COURS)",,,Plein jour,En agglomération,Intersection en X,Normale,Autre collision,,,,,,,,,,,1,2,2,1.0,6.0
201000046173,0010-04-01 16:02:00,10,4,1,16,2,870,85,RN520,,,Plein jour,Hors agglomération,Hors intersection,Pluie légère,Deux véhicules - arrière,,,,,,,,,,,1,1,1,2.0,2.0
201000046174,0010-04-01 16:55:00,10,4,1,16,55,870,85,PORT DU NAVEIX (RUE DU),45.832,1.27374,Plein jour,En agglomération,Hors intersection,Pluie légère,Deux véhicules - arrière,,,,,,,,,,,1,2,1,2.0,2.0
201000046175,0010-04-02 23:26:00,10,4,2,23,26,870,85,"162, SAINT GENCE (RUE DE",,,Nuit avec éclairage allumé,En agglomération,Hors intersection,Normale,Autre collision,,,,,,,,,,,5,2,1,1.0,6.0
201000046176,0010-04-03 16:05:00,10,4,3,16,5,870,85,"19, DE GAULLE (AVENUE DU",,,Plein jour,En agglomération,Hors intersection,Pluie légère,Trois véhicules et plus - en chaîne,,,,,,,,,,,1,2,1,2.0,4.0
201000046177,0010-04-04 10:45:00,10,4,4,10,45,870,85,"103, BRIAND (RUE ARISTID",,,Plein jour,En agglomération,Hors intersection,Normale,Deux véhicules - arrière,,,,,,,,,,,1,2,1,1.0,2.0
201000046178,0010-04-05 06:08:00,10,4,5,6,8,870,85,"1, GELIN (RUE DANIEL)",,,Nuit avec éclairage allumé,En agglomération,Hors intersection,Normale,Autre collision,,,,,,,,,,,5,2,1,1.0,6.0
201000046179,0010-04-09 11:50:00,10,4,9,11,50,870,85,AUTOROUTE A20,45.8747,1.28799,Plein jour,Hors agglomération,Hors intersection,Normale,Autre collision,,,,,,,,,,,1,1,1,1.0,6.0
201000046180,0010-04-12 19:02:00,10,4,12,19,2,870,85,"60, PERRIN (RUE FRANCOIS",,,Plein jour,En agglomération,Intersection en X,Normale,Deux véhicules - côté,,,,,,,,,,,1,2,2,1.0,3.0
201000046181,0010-04-13 02:16:00,10,4,13,2,16,870,85,"32, VIGENAL (BOULEVARD D",,,Nuit avec éclairage allumé,En agglomération,Hors intersection,Normale,Autre collision,,,,,,,,,,,5,2,1,1.0,6.0
201000046182,0010-04-14 17:55:00,10,4,14,17,55,870,50,"35, COYOL (RUE DU)",,,Plein jour,En agglomération,Hors intersection,Normale,Autre collision,,,,,,,,,,,1,2,1,1.0,6.0
201000046183,0010-04-14 18:40:00,10,4,14,18,40,870,85,"9, CHURCHILL WINSTON (PL",,,Plein jour,En agglomération,Intersection en X,Normale,Autre collision,,,,,,,,,,,1,2,2,1.0,6.0
201000046184,0010-04-15 18:08:00,10,4,15,18,8,870,85,"3, HALEVY (RUE)",,,Plein jour,En agglomération,Hors intersection,Normale,Autre collision,,,,,,,,,,,1,2,1,1.0,6.0
201000046185,0010-04-18 12:31:00,10,4,18,12,31,870,85,AUTOROUTE A20,45.8224,1.28756,Plein jour,Hors agglomération,Hors intersection,Normale,Deux véhicules - arrière,,,,,,,,,,,1,1,1,1.0,2.0
201000046186,0010-04-18 15:45:00,10,4,18,15,45,870,85,"1, REVOLUTION (PONT DE L",,,Plein jour,En agglomération,Hors intersection,Normale,Autre collision,,,,,,,,,,,1,2,1,1.0,6.0
201000046187,0010-04-18 22:05:00,10,4,18,22,5,870,85,"0, ALLENDE (QUAI SALVADO",45.8212,1.2629,Nuit avec éclairage allumé,En agglomération,Intersection en X,Normale,Deux véhicules - côté,,,,,,,,,,,5,2,2,1.0,3.0
201000046188,0010-04-19 04:00:00,10,4,19,4,0,870,85,"1, FOUCAUD (AVENUE)",,,Nuit avec éclairage allumé,En agglomération,Hors intersection,Normale,Autre collision,,,,,,,,,,,5,2,1,1.0,6.0
201000046189,0010-04-19 17:00:00,10,4,19,17,0,870,85,"188, LECLERC (AVENUE DU",,,Plein jour,En agglomération,Autre intersection,Normale,Deux véhicules - côté,,,,,,,,,,,1,2,9,1.0,3.0
201000046190,0010-04-20 16:00:00,10,4,20,16,0,870,85,"2, STALINGRAD (PLACE)",,,Plein jour,En agglomération,Intersection en X,Normale,Deux véhicules - côté,,,,,,,,,,,1,2,2,1.0,3.0
201000046191,0010-04-20 17:35:00,10,4,20,17,35,870,85,"47, BD CLEMENCEAU",,,Plein jour,En agglomération,Intersection en X,Normale,Deux véhicules - côté,,,,,,,,,,,1,2,2,1.0,3.0
201000046192,0010-04-20 17:45:00,10,4,20,17,45,870,85,"148, GUE DE VERTHAMONT (",,,Plein jour,En agglomération,Hors intersection,Normale,Deux véhicules - arrière,,,,,,,,,,,1,2,1,1.0,2.0
201000046193,0010-04-20 20:29:00,10,4,20,20,29,870,85,"38, BOMBAL (RUE EUSEBE)",,,Plein jour,En agglomération,Hors intersection,Normale,Autre collision,,,,,,,,,,,1,2,1,1.0,6.0
201000046194,0010-04-21 00:05:00,10,4,21,0,5,870,85,"2, LIBERATION (AVENUE DE",,,Nuit avec éclairage allumé,En agglomération,Hors intersection,Normale,Autre collision,,,,,,,,,,,5,2,1,1.0,6.0
201000046195,0010-04-21 18:05:00,10,4,21,18,5,870,75,"42, PAQUERETTES (AVENUE",,,Plein jour,En agglomération,Intersection en T,Normale,Deux véhicules - côté,,,,,,,,,,,1,2,3,1.0,3.0
201000046196,0010-04-22 16:24:00,10,4,22,16,24,870,85,"27, CORDERIE (BOULEVARD",,,Plein jour,En agglomération,Hors intersection,Normale,Autre collision,,,,,,,,,,,1,2,1,1.0,6.0
201000046197,0010-04-24 20:20:00,10,4,24,20,20,870,85,"31, FENELON (RUE)",,,Plein jour,En agglomération,Hors intersection,Normale,Autre collision,,,,,,,,,,,1,2,1,1.0,6.0
201000046198,0010-04-25 16:32:00,10,4,25,16,32,870,85,"0, GEORGES GUINGOUIN(RUE",,,Plein jour,Hors agglomération,Hors intersection,Normale,Autre collision,,,,,,,,,,,1,1,1,1.0,6.0
201000046199,0010-04-26 13:58:00,10,4,26,13,58,870,85,"91, RANSON (RUE LOUIS CA",,,Plein jour,En agglomération,Intersection en X,Normale,Deux véhicules - côté,,,,,,,,,,,1,2,2,1.0,3.0
201000046200,0010-04-26 16:55:00,10,4,26,16,55,870,85,"9, GAMBETTA (BOULEVARD)",,,Plein jour,En agglomération,Hors intersection,Normale,Autre collision,,,,,,,,,,,1,2,1,1.0,6.0
201000046201,0010-04-27 08:13:00,10,4,27,8,13,870,85,BORIE (BOULEVARD DE LA),,,Plein jour,En agglomération,Intersection en X,Normale,Deux véhicules - côté,,,,,,,,,,,1,2,2,1.0,3.0
201000046202,0010-04-27 13:55:00,10,4,27,13,55,870,85,"118, MONTJOVIS (AVENUE)",,,Plein jour,En agglomération,Hors intersection,Normale,Trois véhicules et plus - en chaîne,,,,,,,,,,,1,2,1,1.0,4.0
201000046203,0010-04-27 16:59:00,10,4,27,16,59,870,85,"66, PERRIN (RUE FRANCOIS",,,Plein jour,En agglomération,Hors intersection,Normale,Deux véhicules - arrière,,,,,,,,,,,1,2,1,1.0,2.0
201000046204,0010-04-28 08:00:00,10,4,28,8,0,870,85,"100, LOCARNO (AVENUE)",,,Plein jour,En agglomération,Autre intersection,Normale,Deux véhicules - côté,,,,,,,,,,,1,2,9,1.0,3.0
201000046205,0010-04-28 17:47:00,10,4,28,17,47,870,85,ALLENDE (QUAI SALVADOR),45.8206,1.26185,Plein jour,En agglomération,Hors intersection,Normale,Deux véhicules - côté,,,,,,,,,,,1,2,1,1.0,3.0
201000046206,0010-04-29 12:47:00,10,4,29,12,47,870,85,"47, PERRIN (RUE FRANCOIS",,,Plein jour,En agglomération,Hors intersection,Normale,Trois véhicules et plus - collisions multiples,,,,,,,,,,,1,2,1,1.0,5.0
201000046207,0010-04-29 15:45:00,10,4,29,15,45,870,85,AUTOROUTE A20,45.92,1.29783,Plein jour,Hors agglomération,Hors intersection,Normale,Deux véhicules - arrière,,,,,,,,,,,1,1,1,1.0,2.0
201000046208,0010-04-29 20:18:00,10,4,29,20,18,870,85,"28, DELAGE (FIRMIN)",,,Plein jour,En agglomération,Hors intersection,Normale,Deux véhicules - frontale,,,,,,,,,,,1,2,1,1.0,1.0
201000046209,0010-04-30 09:29:00,10,4,30,9,29,870,75,"0, VC18 (RTE DE THIAS)",,,Plein jour,Hors agglomération,Hors intersection,Pluie légère,Deux véhicules - frontale,,,,,,,,,,,1,1,1,2.0,1.0
201000046210,0010-05-01 13:15:00,10,5,1,13,15,870,85,"13, VEDRINES (RUE)",,,Plein jour,En agglomération,Autre intersection,Normale,Deux véhicules - côté,,,,,,,,,,,1,2,9,1.0,3.0
201000046211,0010-05-04 09:40:00,10,5,4,9,40,870,85,"35, MONTJOVIS (AVENUE)",,,Plein jour,En agglomération,Hors intersection,Pluie légère,Autre collision,,,,,,,,,,,1,2,1,2.0,6.0
201000046212,0010-05-04 18:42:00,10,5,4,18,42,870,85,ESSARTS (RUE DES),45.896,1.30489,Plein jour,Hors agglomération,Hors intersection,Pluie légère,Deux véhicules - frontale,,,,,,,,,,,1,1,1,2.0,1.0
201000046213,0010-05-05 01:00:00,10,5,5,1,0,870,85,BEAUBLANC (BOULEVARD DE),,,Nuit avec éclairage allumé,En agglomération,Hors intersection,Pluie forte,Autre collision,,,,,,,,,,,5,2,1,3.0,6.0
201000046214,0010-05-05 11:20:00,10,5,5,11,20,870,85,"19, COMTE (RUE AUGUSTE)",,,Plein jour,En agglomération,Hors intersection,Normale,Deux véhicules - côté,,,,,,,,,,,1,2,1,1.0,3.0
201000046215,0010-05-06 10:46:00,10,5,6,10,46,870,85,AUTOROUTE A20,45.8702,1.28771,Plein jour,Hors agglomération,Hors intersection,Pluie légère,Autre collision,,,,,,,,,,,1,1,1,2.0,6.0
201000046216,0010-05-06 21:21:00,10,5,6,21,21,870,85,"21, HALEVY (RUE)",,,Nuit avec éclairage allumé,En agglomération,Hors intersection,Normale,Autre collision,,,,,,,,,,,5,2,1,1.0,6.0
201000046217,0010-05-08 16:41:00,10,5,8,16,41,870,85,"96, LABUSSIERE (AVENUE E",,,Plein jour,En agglomération,Intersection en T,Normale,Deux véhicules - côté,,,,,,,,,,,1,2,3,1.0,3.0
201000046218,0010-05-11 09:07:00,10,5,11,9,7,870,85,"404, TOULOUSE (RUE DE)",45.8033,1.29255,Plein jour,En agglomération,Hors intersection,Pluie légère,Autre collision,,,,,,,,,,,1,2,1,2.0,6.0
201000046219,0010-05-11 16:28:00,10,5,11,16,28,870,85,"95, PERRIN (RUE FRANCOIS",,,Plein jour,En agglomération,Hors intersection,Pluie légère,Autre collision,,,,,,,,,,,1,2,1,2.0,6.0
201000046220,0010-05-12 21:12:00,10,5,12,21,12,870,85,"28, GAY-LUSSAC (COURS)",,,Crépuscule ou aube,En agglomération,Intersection en X,Normale,Deux véhicules - côté,,,,,,,,,,,2,2,2,1.0,3.0
201000046221,0010-05-14 18:20:00,10,5,14,18,20,870,114,"12, PRESSEMANE (AVENUE A",45.8366,1.31987,Plein jour,Hors agglomération,Hors intersection,Normale,Autre collision,,,,,,,,,,,1,1,1,1.0,6.0
201000046222,0010-05-15 14:45:00,10,5,15,14,45,870,75,"31, VC13",,,Plein jour,Hors agglomération,Hors intersection,Normale,Deux véhicules - frontale,,,,,,,,,,,1,1,1,1.0,1.0
201000046223,0010-05-18 13:16:00,10,5,18,13,16,870,113,"14, GIRAUDOUX (AVENUE JE",,,Plein jour,En agglomération,Hors intersection,Normale,Deux véhicules - côté,,,,,,,,,,,1,2,1,1.0,3.0
201000046224,0010-05-19 18:46:00,10,5,19,18,46,870,85,"116, SABLARD (AVENUE DE)",,,Plein jour,En agglomération,Giratoire,Normale,Deux véhicules - côté,,,,,,,,,,,1,2,6,1.0,3.0
201000046225,0010-05-19 20:46:00,10,5,19,20,46,870,85,"45, CLEMENCEAU  (BOULEVA",,,Plein jour,En agglomération,Intersection en X,Normale,Deux véhicules - côté,,,,,,,,,,,1,2,2,1.0,3.0
201000046226,0010-05-20 19:50:00,10,5,20,19,50,870,85,VANTEAUX (BOULEVARD DE),,,Crépuscule ou aube,En agglomération,Hors intersection,Normale,Deux véhicules - côté,,,,,,,,,,,2,2,1,1.0,3.0
201000046227,0010-05-22 15:14:00,10,5,22,15,14,870,85,BEAUBLANC (BOULEVARD DE),,,Plein jour,En agglomération,Hors intersection,Normale,Trois véhicules et plus - en chaîne,,,,,,,,,,,1,2,1,1.0,4.0
201000046228,0010-05-24 14:22:00,10,5,24,14,22,870,85,"13, SEURAT (ALLEE)",,,Plein jour,En agglomération,Hors intersection,Normale,Deux véhicules - arrière,,,,,,,,,,,1,2,1,1.0,2.0
201000046229,0010-05-25 11:56:00,10,5,25,11,56,870,85,"30, BRIAND (RUE ARISTIDE",,,Plein jour,En agglomération,Hors intersection,Normale,Deux véhicules - arrière,,,,,,,,,,,1,2,1,1.0,2.0
201000046230,0010-05-26 17:00:00,10,5,26,17,0,870,85,"11, PETIT TOUR (RUE DU)",,,Plein jour,En agglomération,Intersection en T,Normale,Deux véhicules - côté,,,,,,,,,,,1,2,3,1.0,3.0
201000046231,0010-05-26 17:30:00,10,5,26,17,30,870,85,"178, PERRIN (RUE FRANCOI",,,Plein jour,En agglomération,Hors intersection,Normale,Deux véhicules - côté,,,,,,,,,,,1,2,1,1.0,3.0
201000046232,0010-05-27 09:51:00,10,5,27,9,51,870,50,RD947,45.8565,1.24532,Plein jour,Hors agglomération,Hors intersection,Pluie légère,Deux véhicules - frontale,,,,,,,,,,,1,1,1,2.0,1.0
201000046233,0010-05-30 17:19:00,10,5,30,17,19,870,85,"25TER, MAUVENDIERE (RUE",,,Plein jour,En agglomération,Hors intersection,Normale,Autre collision,,,,,,,,,,,1,2,1,1.0,6.0
201000046234,0010-05-30 19:13:00,10,5,30,19,13,870,65,RD 704,45.7981,1.29571,Plein jour,Hors agglomération,Intersection en T,Normale,Deux véhicules - côté,,,,,,,,,,,1,1,3,1.0,3.0
201000046235,0010-05-30 18:22:00,10,5,30,18,22,870,85,AUTOROUTE A20,45.7955,1.29899,Plein jour,Hors agglomération,Hors intersection,Normale,Autre collision,,,,,,,,,,,1,1,1,1.0,6.0
201000046236,0010-05-31 11:16:00,10,5,31,11,16,870,85,"22, CARNOT (BOULEVARD)",,,Plein jour,En agglomération,Hors intersection,Pluie légère,Autre collision,,,,,,,,,,,1,2,1,2.0,6.0
201000046237,0010-06-03 07:51:00,10,6,3,7,51,870,85,"7, GAGNANT (AVENUE JEAN)",,,Plein jour,En agglomération,Hors intersection,Normale,Trois véhicules et plus - en chaîne,,,,,,,,,,,1,2,1,1.0,4.0
201000046238,0010-06-03 14:48:00,10,6,3,14,48,870,85,"113, DUTREIX (RUE ARMAND",,,Plein jour,En agglomération,Intersection en X,Normale,Deux véhicules - côté,,,,,,,,,,,1,2,2,1.0,3.0
201000046239,0010-06-03 15:44:00,10,6,3,15,44,870,65,PONTEIX (AVENUE DU),,,Plein jour,En agglomération,Hors intersection,Normale,Deux véhicules - arrière,,,,,,,,,,,1,2,1,1.0,2.0
201000046240,0010-06-03 17:40:00,10,6,3,17,40,870,85,"26, VELODROME (RUE DU)",,,Plein jour,En agglomération,Giratoire,Normale,Deux véhicules - côté,,,,,,,,,,,1,2,6,1.0,3.0
201000046241,0010-06-03 21:33:00,10,6,3,21,33,870,85,"1, TOURNY (CARREFOUR)",,,Nuit avec éclairage allumé,En agglomération,Intersection en X,Normale,Deux véhicules - côté,,,,,,,,,,,5,2,2,1.0,3.0
201000046242,0010-06-04 08:47:00,10,6,4,8,47,870,114,"2, MONNET (AVENUE JEAN-)",,,Plein jour,En agglomération,Hors intersection,Normale,Deux véhicules - arrière,,,,,,,,,,,1,2,1,1.0,2.0
201000046243,0010-06-04 16:03:00,10,6,4,16,3,870,85,"66, RUCHOUX (AVENUE DES)",,,Plein jour,En agglomération,Hors intersection,Normale,Autre collision,,,,,,,,,,,1,2,1,1.0,6.0
201000046244,0010-06-04 17:32:00,10,6,4,17,32,870,113,"80, CLEMENCEAU (RUE GEOR",,,Plein jour,En agglomération,Hors intersection,Normale,Autre collision,,,,,,,,,,,1,2,1,1.0,6.0
201000046245,0010-06-04 18:16:00,10,6,4,18,16,870,65,PONTEIX (AVENUE DU),,,Plein jour,En agglomération,Hors intersection,Normale,Deux véhicules - arrière,,,,,,,,,,,1,2,1,1.0,2.0
201000046246,0010-06-05 07:47:00,10,6,5,7,47,870,85,"18, SABLARD (AVENUE DE)",,,Plein jour,En agglomération,Hors intersection,Normale,Sans collision,,,,,,,,,,,1,2,1,1.0,7.0
201000046247,0010-06-05 14:57:00,10,6,5,14,57,870,85,"110, LECLERC (AVENUE DU",,,Plein jour,En agglomération,Hors intersection,Normale,Deux véhicules - frontale,,,,,,,,,,,1,2,1,1.0,1.0
201000046248,0010-06-05 14:41:00,10,6,5,14,41,870,85,"60, LECLERC (AVENUE DU G",,,Plein jour,En agglomération,Hors intersection,Normale,Autre collision,,,,,,,,,,,1,2,1,1.0,6.0
201000046249,0010-06-06 14:11:00,10,6,6,14,11,870,85,AUTOROUTE A20,45.8529,1.27624,Plein jour,Hors agglomération,Hors intersection,Normale,Autre collision,,,,,,,,,,,1,1,1,1.0,6.0
201000046250,0010-06-08 07:50:00,10,6,8,7,50,870,50,D20,45.8924,1.17756,Plein jour,Hors agglomération,Intersection en Y,Pluie légère,Deux véhicules - arrière,,,,,,,,,,,1,1,4,2.0,2.0
201000046251,0010-06-09 04:03:00,10,6,9,4,3,870,85,"4, VIGNE DE FER (RUE)",,,Nuit avec éclairage allumé,En agglomération,Hors intersection,Pluie légère,Autre collision,,,,,,,,,,,5,2,1,2.0,6.0
201000046252,0010-06-10 16:15:00,10,6,10,16,15,870,85,"21, BARBUSSE (RUE HENRI)",,,Plein jour,En agglomération,Hors intersection,Pluie forte,Autre collision,,,,,,,,,,,1,2,1,3.0,6.0
201000046253,0010-06-10 14:20:00,10,6,10,14,20,870,85,AUTOROUTE A20,45.8817,1.29015,Plein jour,Hors agglomération,Hors intersection,Pluie forte,Autre collision,,,,,,,,,,,1,1,1,3.0,6.0
201000046254,0010-06-10 17:52:00,10,6,10,17,52,870,50,"0, VILLAGEAS (CHEMIN DU)",,,Plein jour,Hors agglomération,Hors intersection,Pluie forte,Autre collision,,,,,,,,,,,1,1,1,3.0,6.0
201000046255,0010-06-11 14:45:00,10,6,11,14,45,870,85,"4, FERRER (RUE FRANCISCO",,,Plein jour,En agglomération,Hors intersection,Normale,Deux véhicules - arrière,,,,,,,,,,,1,2,1,1.0,2.0
201000046256,0010-06-11 19:36:00,10,6,11,19,36,870,85,ALLENDE (QUAI SALVADOR),45.8176,1.2537,Plein jour,En agglomération,Hors intersection,Pluie forte,Autre collision,,,,,,,,,,,1,2,1,3.0,6.0
201000046257,0010-06-11 20:33:00,10,6,11,20,33,870,85,VANTEAUX (BOULEVARD DE),,,Plein jour,En agglomération,Intersection en X,Pluie légère,Deux véhicules - côté,,,,,,,,,,,1,2,2,2.0,3.0
201000046258,0010-06-12 09:02:00,10,6,12,9,2,870,114,"1, COMMERCE (PLACE DU)",,,Plein jour,En agglomération,Hors intersection,Normale,Autre collision,,,,,,,,,,,1,2,1,1.0,6.0
201000046259,0010-06-14 12:20:00,10,6,14,12,20,870,50,RN520 (COUZEIX),45.9015,1.23277,Plein jour,Hors agglomération,Hors intersection,Pluie légère,Deux véhicules - frontale,,,,,,,,,,,1,1,1,2.0,1.0
201000046260,0010-06-14 14:15:00,10,6,14,14,15,870,85,"26, PASSERELLE (RUE DE L",,,Plein jour,En agglomération,Hors intersection,Normale,Autre collision,,,,,,,,,,,1,2,1,1.0,6.0
201000046261,0010-06-16 08:45:00,10,6,16,8,45,870,75,RD79,45.8203,1.20513,Plein jour,Hors agglomération,Hors intersection,Pluie forte,Autre collision,,,,,,,,,,,1,1,1,3.0,6.0
201000046262,0010-06-16 08:04:00,10,6,16,8,4,870,85,POMPIDOU (AVENUE GEORGES,,,Plein jour,En agglomération,Hors intersection,Pluie forte,Sans collision,,,,,,,,,,,1,2,1,3.0,7.0
201000046263,0010-06-16 17:08:00,10,6,16,17,8,870,85,"3, RAMADIER (AVENUE DU P",,,Plein jour,En agglomération,Hors intersection,Pluie forte,Autre collision,,,,,,,,,,,1,2,1,3.0,6.0
201000046264,0010-06-16 18:52:00,10,6,16,18,52,870,85,AUTOROUTE A20,45.8579,1.28355,Plein jour,Hors agglomération,Hors intersection,Pluie légère,Deux véhicules - côté,,,,,,,,,,,1,1,1,2.0,3.0
201000046265,0010-06-18 10:57:00,10,6,18,10,57,870,85,"44, NORIAC (RUE JULES)",,,Plein jour,En agglomération,Hors intersection,Normale,Autre collision,,,,,,,,,,,1,2,1,1.0,6.0
201000046266,0010-06-18 13:14:00,10,6,18,13,14,870,85,"10, LARREY (AVENUE DOMIN",,,Plein jour,En agglomération,Hors intersection,Normale,Deux véhicules - côté,,,,,,,,,,,1,2,1,1.0,3.0
201000046267,0010-06-21 21:02:00,10,6,21,21,2,870,85,"22, SETO (RUE)",,,Plein jour,En agglomération,Hors intersection,Normale,Autre collision,,,,,,,,,,,1,2,1,1.0,6.0