accident_id,datetime,annee,mois,jour,heure,minute,departement,commune_insee,adresse,latitude,longitude,luminosite,agglomeration,intersection,meteo,collision,nb_vehicules,nb_usagers,nb_indemnes,nb_tues,nb_blesses_hosp,nb_blesses_legers,age_cond_1,age_cond_2,veh_type_cond_1,veh_type_cond_2,lum_code,agg_code,int_code,atm_code,col_code
201000046520,0010-12-24 15:54:00,10,12,24,15,54,870,85,AUTOROUTE A20,,,Plein jour,Hors agglomération,Hors intersection,Normale,Deux véhicules - arrière,,,,,,,,,,,1,1,1,1.0,2.0
201000046521,0010-12-24 20:27:00,10,12,24,20,27,870,85,"38, VIGENAL (BOULEVARD D",,,Nuit avec éclairage allumé,En agglomération,Hors intersection,Neige / grêle,Autre collision,,,,,,,,,,,5,2,1,4.0,6.0
201000046522,0010-12-26 08:11:00,10,12,26,8,11,870,85,FOUGERAS (RUE DE),,,Nuit avec éclairage allumé,En agglomération,Hors intersection,Normale,Autre collision,,,,,,,,,,,5,2,1,1.0,6.0
201000046523,0010-12-26 08:14:00,10,12,26,8,14,870,75,( RN21),,,Plein jour,Hors agglomération,Hors intersection,Normale,Autre collision,,,,,,,,,,,1,1,1,1.0,6.0
201000046524,0010-12-27 12:31:00,10,12,27,12,31,870,85,"52, HOCHE (RUE)",,,Plein jour,En agglomération,Intersection en X,Normale,Deux véhicules - côté,,,,,,,,,,,1,2,2,1.0,3.0
201000046525,0010-12-27 17:17:00,10,12,27,17,17,870,85,"2, BOURNAZEL (RUE HENRI",,,Plein jour,En agglomération,Hors intersection,Normale,Autre collision,,,,,,,,,,,1,2,1,1.0,6.0
201000046526,0010-12-29 08:05:00,10,12,29,8,5,870,50,"0, BASTIE (AVE MARYSE)",,,Plein jour,En agglomération,Hors intersection,Normale,Autre collision,,,,,,,,,,,1,2,1,1.0,6.0
201000046527,0010-12-29 19:30:00,10,12,29,19,30,870,85,"22, RUBEN (AVENUE ERNEST",,,Nuit avec éclairage allumé,En agglomération,Intersection en X,Pluie légère,Deux véhicules - côté,,,,,,,,,,,5,2,2,2.0,3.0
201000046528,0010-12-31 13:33:00,10,12,31,13,33,870,85,PORT DU NAVEIX (RUE DU),,,Plein jour,En agglomération,Hors intersection,Normale,Autre collision,,,,,,,,,,,1,2,1,1.0,6.0
201000046529,0010-01-14 14:15:00,10,1,14,14,15,880,160,BLANCK (AV.PIERRE-),48.2034,6.45829,Plein jour,En agglomération,Giratoire,Normale,Deux véhicules - côté,,,,,,,,,,,1,2,6,1.0,3.0
201000046530,0010-01-15 23:15:00,10,1,15,23,15,880,160,"29, NANCY (FG DE)",48.186,6.44133,Nuit avec éclairage allumé,En agglomération,Hors intersection,Normale,Autre collision,,,,,,,,,,,5,2,1,1.0,6.0
201000046531,0010-02-10 11:30:00,10,2,10,11,30,880,160,,48.1628,6.54356,Plein jour,Hors agglomération,Hors intersection,Temps couvert,Sans collision,,,,,,,,,,,1,1,1,8.0,7.0
201000046532,0010-01-29 16:30:00,10,1,29,16,30,880,209,", MOSELLE (RUE DE LA)",48.1934,6.44158,Plein jour,En agglomération,Intersection en X,Neige / grêle,Deux véhicules - côté,,,,,,,,,,,1,2,2,4.0,3.0
201000046533,0010-02-16 08:45:00,10,2,16,8,45,880,160,"0, BOEGNER (RUE DU PASTE",48.1729,6.44971,Plein jour,En agglomération,Intersection en X,Normale,Autre collision,,,,,,,,,,,1,2,2,1.0,6.0
201000046534,0010-02-28 06:05:00,10,2,28,6,5,880,209,JEAN-CHARLES PELLERIN (R,48.2038,6.4177,Nuit sans éclairage public,Hors agglomération,Hors intersection,Vent fort / tempête,Deux véhicules - frontale,,,,,,,,,,,3,1,1,6.0,1.0
201000046535,0010-03-02 21:05:00,10,3,2,21,5,880,160,RUE A. BRIAND/C.GELEE,48.173,6.45092,Nuit avec éclairage allumé,En agglomération,Intersection en X,Normale,Autre collision,,,,,,,,,,,5,2,2,1.0,6.0
201000046536,0010-03-04 07:10:00,10,3,4,7,10,880,160,"0, LEOPOLD (PONT)",48.1792,6.44668,Plein jour,En agglomération,Intersection en X,Normale,Sans collision,,,,,,,,,,,1,2,2,1.0,7.0
201000046537,0010-03-09 04:10:00,10,3,9,4,10,880,160,C.D. 11,48.1764,6.50349,Nuit sans éclairage public,Hors agglomération,Hors intersection,Normale,Sans collision,,,,,,,,,,,3,1,1,1.0,7.0
201000046538,0010-03-12 14:00:00,10,3,12,14,0,880,160,ALSACE (RUE D'),48.1727,6.44516,Plein jour,En agglomération,Hors intersection,Normale,Autre collision,,,,,,,,,,,1,2,1,1.0,6.0
201000046539,0010-03-22 09:30:00,10,3,22,9,30,880,209,"25, MOSELLE (RUE DE LA)",48.1938,6.44341,Plein jour,En agglomération,Intersection en X,Normale,Autre collision,,,,,,,,,,,1,2,2,1.0,6.0
201000046540,0010-03-29 08:35:00,10,3,29,8,35,880,209,MOSELLE (RUE DE LA),48.1934,6.44158,Plein jour,En agglomération,Intersection en X,Pluie légère,Deux véhicules - côté,,,,,,,,,,,1,2,2,2.0,3.0
201000046541,0010-04-08 09:20:00,10,4,8,9,20,880,160,"16, FRIESENHAUSER (RUE D",48.1749,6.45244,Plein jour,En agglomération,Intersection en T,Pluie légère,Deux véhicules - côté,,,,,,,,,,,1,2,3,2.0,3.0
201000046542,0010-04-23 15:50:00,10,4,23,15,50,880,209,LORRAINE (RUE DE),48.2083,6.44116,Plein jour,Hors agglomération,Hors intersection,Normale,Deux véhicules - arrière,,,,,,,,,,,1,1,1,1.0,2.0
201000046543,0010-04-28 07:05:00,10,4,28,7,5,880,160,"62, ALSACE (RUE D')",48.166,6.44715,Plein jour,En agglomération,Intersection en X,Normale,Deux véhicules - côté,,,,,,,,,,,1,2,2,1.0,3.0
201000046544,0010-04-29 16:20:00,10,4,29,16,20,880,160,"22, WILSON (RUE PRESIDEN",48.1699,6.44477,Plein jour,En agglomération,Intersection en T,Normale,Autre collision,,,,,,,,,,,1,2,3,1.0,6.0
201000046545,0010-05-11 20:00:00,10,5,11,20,0,880,160,"01, BARTHOU (RUE LOUIS-)",48.1896,6.44691,Plein jour,En agglomération,Hors intersection,Normale,Autre collision,,,,,,,,,,,1,2,1,1.0,6.0
201000046546,0010-05-17 10:30:00,10,5,17,10,30,880,160,"06, BARTHOU (RUE LOUIS-)",48.1902,6.44849,Plein jour,En agglomération,Hors intersection,Normale,Autre collision,,,,,,,,,,,1,2,1,1.0,6.0
201000046547,0010-05-27 17:45:00,10,5,27,17,45,880,209,"0, BOULAY (RUE)",48.1934,6.44158,Plein jour,En agglomération,Intersection en X,Pluie légère,Deux véhicules - côté,,,,,,,,,,,1,2,2,2.0,3.0
201000046548,0010-06-09 11:45:00,10,6,9,11,45,880,160,"12, GAULLE (AV. ET PL. G",48.1772,6.44245,Plein jour,En agglomération,Hors intersection,Normale,Autre collision,,,,,,,,,,,1,2,1,1.0,6.0
201000046549,0010-06-23 13:20:00,10,6,23,13,20,880,209,RUE DE LA CONVIVIALITE,48.1841,6.42646,Plein jour,En agglomération,Hors intersection,Normale,Autre collision,,,,,,,,,,,1,2,1,1.0,6.0
201000046550,0010-06-21 13:05:00,10,6,21,13,5,880,160,"0, VITU (RUE ANDRE-)",48.1772,6.44245,Plein jour,En agglomération,Hors intersection,Normale,Deux véhicules - frontale,,,,,,,,,,,1,2,1,1.0,1.0
201000046551,0010-06-27 04:05:00,10,6,27,4,5,880,87,"0, FORGES (RUE DES)",48.1773,6.4265,Nuit avec éclairage allumé,En agglomération,Hors intersection,Normale,Autre collision,,,,,,,,,,,5,2,1,1.0,6.0
201000046552,0010-07-16 07:10:00,10,7,16,7,10,880,160,"4, QUATRE VENTS (RUE DES",48.1352,6.44029,Plein jour,Hors agglomération,Hors intersection,Normale,Deux véhicules - côté,,,,,,,,,,,1,1,1,1.0,3.0
201000046553,0010-07-14 23:03:00,10,7,14,23,3,880,160,"50, ALSACE (RUE D')",48.1679,6.44528,Nuit avec éclairage allumé,En agglomération,Hors intersection,Pluie légère,Deux véhicules - frontale,,,,,,,,,,,5,2,1,2.0,1.0
201000046554,0010-07-15 19:20:00,10,7,15,19,20,880,160,SAINT-MICHEL (RUE),48.1764,6.45421,Plein jour,Hors agglomération,Hors intersection,Normale,Deux véhicules - arrière,,,,,,,,,,,1,1,1,1.0,2.0
201000046555,0010-07-08 20:50:00,10,7,8,20,50,880,160,"10, COTE-CABICHE (RUE DE",48.1857,6.43814,Plein jour,En agglomération,Hors intersection,Normale,Deux véhicules - arrière,,,,,,,,,,,1,2,1,1.0,2.0
201000046556,0010-07-11 12:15:00,10,7,11,12,15,880,160,"0, NANCY (FG DE)",48.1884,6.44289,Plein jour,En agglomération,Hors intersection,Normale,Deux véhicules - côté,,,,,,,,,,,1,2,1,1.0,3.0
201000046557,0010-07-02 10:05:00,10,7,2,10,5,880,160,"0, FERRY (RUE ABEL-)",48.1658,6.45545,Plein jour,En agglomération,Hors intersection,Normale,Sans collision,,,,,,,,,,,1,2,1,1.0,7.0
201000046558,0010-08-03 09:30:00,10,8,3,9,30,880,160,"21, JEUXEY (RTE DE)",48.1931,6.45302,Plein jour,En agglomération,Hors intersection,Normale,Deux véhicules - arrière,,,,,,,,,,,1,2,1,1.0,2.0
201000046559,0010-08-12 09:55:00,10,8,12,9,55,880,209,"0, MOSELLE (RUE DE LA)",48.1939,6.4471,Plein jour,En agglomération,Hors intersection,Normale,Autre collision,,,,,,,,,,,1,2,1,1.0,6.0
201000046560,0010-08-24 20:20:00,10,8,24,20,20,880,160,"31, REMIREMONT (RUE DE)",48.1584,6.45198,Plein jour,En agglomération,Hors intersection,Normale,Deux véhicules - frontale,,,,,,,,,,,1,2,1,1.0,1.0
201000046561,0010-08-22 04:55:00,10,8,22,4,55,880,160,"10 BIS, BARTHOU (RUE LOU",48.1906,6.44908,Nuit avec éclairage allumé,En agglomération,Hors intersection,Normale,Autre collision,,,,,,,,,,,5,2,1,1.0,6.0
201000046562,0010-08-30 07:45:00,10,8,30,7,45,880,160,"0, JEUXEY (RTE DE)",48.1937,6.45464,Plein jour,En agglomération,Intersection en X,Normale,Deux véhicules - côté,,,,,,,,,,,1,2,2,1.0,3.0
201000046563,0010-09-07 08:22:00,10,9,7,8,22,880,160,"38, DUTAC (AV.)",48.1837,6.44136,Plein jour,En agglomération,Hors intersection,Pluie légère,Autre collision,,,,,,,,,,,1,2,1,2.0,6.0
201000046564,0010-09-08 16:45:00,10,9,8,16,45,880,209,"59, BOULAY (RUE)",48.1936,6.44134,Plein jour,En agglomération,Hors intersection,Normale,Deux véhicules - arrière,,,,,,,,,,,1,2,1,1.0,2.0
201000046565,0010-09-15 12:53:00,10,9,15,12,53,880,160,"23, THIERS (RUE)",48.1703,6.45144,Plein jour,En agglomération,Hors intersection,Pluie légère,Deux véhicules - arrière,,,,,,,,,,,1,2,1,2.0,2.0
201000046566,0010-09-16 18:00:00,10,9,16,18,0,880,160,RUE JACQUES PRÉVERT,48.1901,6.45719,Plein jour,En agglomération,Intersection en X,Normale,Deux véhicules - côté,,,,,,,,,,,1,2,2,1.0,3.0
201000046567,0010-09-21 12:15:00,10,9,21,12,15,880,160,RUE DE LA CHIPOTTE,48.1771,6.44484,Plein jour,En agglomération,Hors intersection,Normale,Autre collision,,,,,,,,,,,1,2,1,1.0,6.0
201000046568,0010-09-25 08:49:00,10,9,25,8,49,880,160,"4, AVENUE DES CÊDRES",48.1837,6.45903,Plein jour,En agglomération,Hors intersection,Normale,Autre collision,,,,,,,,,,,1,2,1,1.0,6.0
201000046569,0010-10-31 15:14:00,10,10,31,15,14,880,160,"0, REPUBLIQUE (AV. ETPT",48.1844,6.4447,Plein jour,En agglomération,Hors intersection,Pluie légère,Autre collision,,,,,,,,,,,1,2,1,2.0,6.0
201000046570,0010-11-05 01:20:00,10,11,5,1,20,880,160,", CARPENTIER (VOIE PIERR",48.1798,6.45563,Nuit avec éclairage allumé,En agglomération,Hors intersection,Temps couvert,Sans collision,,,,,,,,,,,5,2,1,8.0,7.0
201000046571,0010-11-20 11:00:00,10,11,20,11,0,880,160,"0, JEUXEY (RTE DE)",48.1968,6.47014,Plein jour,Hors agglomération,Intersection en T,Normale,Deux véhicules - côté,,,,,,,,,,,1,1,3,1.0,3.0
201000046572,0010-12-10 15:05:00,10,12,10,15,5,880,160,"08, DOGNEVILLE (Q. DE)",48.1799,6.44076,Plein jour,En agglomération,Hors intersection,Pluie légère,Autre collision,,,,,,,,,,,1,2,1,2.0,6.0
201000046573,0010-11-27 14:00:00,10,11,27,14,0,880,209,"0, ZOLA (RUE EMILE-)",48.184,6.46735,Plein jour,En agglomération,Giratoire,Normale,Deux véhicules - côté,,,,,,,,,,,1,2,6,1.0,3.0
201000046574,0010-12-13 17:10:00,10,12,13,17,10,880,209,"58 A, LORRAINE/MARONNIER",48.2053,6.43947,Nuit avec éclairage allumé,En agglomération,Intersection en T,Normale,Deux véhicules - frontale,,,,,,,,,,,5,2,3,1.0,1.0
201000046575,0010-12-14 12:00:00,10,12,14,12,0,880,160,"05, JAURES (RUE JEAN-)",48.1777,6.44075,Plein jour,En agglomération,Hors intersection,Neige / grêle,Autre collision,,,,,,,,,,,1,2,1,4.0,6.0
201000046576,0010-12-16 08:10:00,10,12,16,8,10,880,160,ALLÉE DES CÈDRES,48.1843,6.46138,Plein jour,En agglomération,Hors intersection,Neige / grêle,Autre collision,,,,,,,,,,,1,2,1,4.0,6.0
201000046577,0010-12-08 15:25:00,10,12,8,15,25,880,160,"8, JEUXEY (RTE DE)",48.193,6.45263,Plein jour,En agglomération,Hors intersection,Pluie forte,Autre collision,,,,,,,,,,,1,2,1,3.0,6.0
201000046578,0010-01-05 10:30:00,10,1,5,10,30,880,383,"76 TER, BOULEVARD THIERS",48.0168,6.59584,Plein jour,En agglomération,Intersection en X,Normale,Autre collision,,,,,,,,,,,1,2,2,1.0,6.0
201000046579,0010-01-29 12:25:00,10,1,29,12,25,880,415,RN66,48.0068,6.6135,Plein jour,Hors agglomération,Hors intersection,Neige / grêle,Sans collision,,,,,,,,,,,1,1,1,4.0,7.0
201000046580,0010-03-18 13:10:00,10,3,18,13,10,880,429,"41, ROUTE DE RAON AUX BO",48.0297,6.56413,Plein jour,En agglomération,Hors intersection,Normale,Sans collision,,,,,,,,,,,1,2,1,1.0,7.0
201000046581,0010-04-18 17:00:00,10,4,18,17,0,880,429,"0, D 157",48.0023,6.55174,Plein jour,Hors agglomération,Intersection en T,Normale,Deux véhicules - côté,,,,,,,,,,,1,1,3,1.0,3.0
201000046582,0010-06-08 17:10:00,10,6,8,17,10,880,383,FD D'EPINAL/R DU CANTON,48.0191,6.58889,Plein jour,En agglomération,Intersection en T,Normale,Deux véhicules - côté,,,,,,,,,,,1,2,3,1.0,3.0
201000046583,0010-05-27 18:15:00,10,5,27,18,15,880,429,D 157,48.0159,6.56605,Plein jour,Hors agglomération,Hors intersection,Normale,Sans collision,,,,,,,,,,,1,1,1,1.0,7.0
201000046584,0010-06-27 01:45:00,10,6,27,1,45,880,383,"30, RUE DES VIEUX MOULIN",48.0204,6.59368,Nuit avec éclairage allumé,En agglomération,Hors intersection,Temps couvert,Sans collision,,,,,,,,,,,5,2,1,8.0,7.0
201000046585,0010-09-01 09:40:00,10,9,1,9,40,880,429,NIVEAU N 57 54+240,48.0414,6.58306,Plein jour,Hors agglomération,Hors intersection,Normale,Autre collision,,,,,,,,,,,1,1,1,1.0,6.0
201000046586,0010-10-12 18:10:00,10,10,12,18,10,880,462,"1, D 43",48.0132,6.70948,Plein jour,Hors agglomération,Hors intersection,Normale,Deux véhicules - frontale,,,,,,,,,,,1,1,1,1.0,1.0
201000046587,0010-10-23 15:45:00,10,10,23,15,45,880,383,"5, AVENUE JULIEN MELINE",48.0153,6.59725,Plein jour,En agglomération,Hors intersection,Temps éblouissant,Sans collision,,,,,,,,,,,1,2,1,7.0,7.0
201000046588,0010-11-03 21:15:00,10,11,3,21,15,880,429,"6, RD 157 RANFAING",48.0343,6.57751,Nuit avec éclairage allumé,En agglomération,Hors intersection,Pluie légère,Autre collision,,,,,,,,,,,5,2,1,2.0,6.0
201000046589,0010-01-16 21:23:00,10,1,16,21,23,880,413,"39, AVENUE DE VERDUN",48.2972,6.93485,Nuit avec éclairage allumé,En agglomération,Hors intersection,Pluie légère,Sans collision,,,,,,,,,,,5,2,1,2.0,7.0
201000046590,0010-05-06 12:05:00,10,5,6,12,5,880,413,"1, RUE BEREGOVOY",48.2818,6.95521,Plein jour,En agglomération,Intersection en X,Normale,Deux véhicules - côté,,,,,,,,,,,1,2,2,1.0,3.0
201000046591,0010-02-03 15:25:00,10,2,3,15,25,880,413,"9, AVENUE DE VERDUN",48.2939,6.94078,Plein jour,Hors agglomération,Hors intersection,Neige / grêle,Autre collision,,,,,,,,,,,1,1,1,4.0,6.0
201000046592,0010-02-04 05:10:00,10,2,4,5,10,880,413,RN 59,48.2865,6.9323,Nuit sans éclairage public,Hors agglomération,Hors intersection,Pluie légère,Sans collision,,,,,,,,,,,3,1,1,2.0,7.0
201000046593,0010-03-08 14:35:00,10,3,8,14,35,880,413,"1, ROUTE DE SAULCY",48.2756,6.96048,Plein jour,En agglomération,Intersection en T,Normale,Deux véhicules - frontale,,,,,,,,,,,1,2,3,1.0,1.0
201000046594,0010-03-10 09:09:00,10,3,10,9,9,880,413,"10, RUE STANISLAS",48.287,6.94857,Plein jour,En agglomération,Intersection en X,Normale,Autre collision,,,,,,,,,,,1,2,2,1.0,6.0
201000046595,0010-05-08 12:55:00,10,5,8,12,55,880,413,"42, RUE D'ALSACE",48.2823,6.95113,Plein jour,En agglomération,Intersection en X,Normale,Deux véhicules - côté,,,,,,,,,,,1,2,2,1.0,3.0
201000046596,0010-05-08 17:10:00,10,5,8,17,10,880,519,"859, GRAND RUE",48.3337,6.90027,Plein jour,En agglomération,Hors intersection,Normale,Deux véhicules - arrière,,,,,,,,,,,1,2,1,1.0,2.0
201000046597,0010-05-14 17:30:00,10,5,14,17,30,880,413,RN 59,48.2828,6.93476,Plein jour,Hors agglomération,Hors intersection,Normale,Deux véhicules - arrière,,,,,,,,,,,1,1,1,1.0,2.0
201000046598,0010-11-11 01:20:00,10,11,11,1,20,880,413,"37, RUE D'AMERIQUE",48.289,6.94527,Nuit avec éclairage allumé,En agglomération,Hors intersection,Normale,Autre collision,,,,,,,,,,,5,2,1,1.0,6.0
201000046599,0010-06-11 07:45:00,10,6,11,7,45,880,413,"16, ROUTE D'HERBAVILLE",48.2901,6.92455,Plein jour,En agglomération,Intersection en T,Pluie légère,Deux véhicules - arrière,,,,,,,,,,,1,2,3,2.0,2.0
201000046600,0010-07-09 22:35:00,10,7,9,22,35,880,428,"2068, ROUTE DE SAINT-DIE",48.3091,6.87209,Nuit avec éclairage allumé,En agglomération,Hors intersection,Normale,Sans collision,,,,,,,,,,,5,2,1,1.0,7.0
201000046601,0010-08-08 18:20:00,10,8,8,18,20,880,413,"1, AVENUE LEON GRANDJEAN",48.2905,6.93985,Plein jour,En agglomération,Hors intersection,Normale,Deux véhicules - côté,,,,,,,,,,,1,2,1,1.0,3.0
201000046602,0010-06-12 00:50:00,10,6,12,0,50,880,413,RUE DU 12ÉME RA,48.282,6.96741,Nuit avec éclairage allumé,En agglomération,Giratoire,Normale,Deux véhicules - côté,,,,,,,,,,,5,2,6,1.0,3.0
201000046603,0010-07-23 17:50:00,10,7,23,17,50,880,413,"9, AVENUE DU CIMETIÉRE M",48.2836,6.92151,Plein jour,En agglomération,Hors intersection,Normale,Autre collision,,,,,,,,,,,1,2,1,1.0,6.0
201000046604,0010-09-03 10:20:00,10,9,3,10,20,880,413,"27, RUE D'AMERIQUE",48.2889,6.94673,Plein jour,En agglomération,Hors intersection,Normale,Autre collision,,,,,,,,,,,1,2,1,1.0,6.0
201000046605,0010-09-14 18:40:00,10,9,14,18,40,880,413,"189, ROUTE D'EPÏNAL",48.2845,6.94043,Plein jour,En agglomération,Hors intersection,Normale,Deux véhicules - côté,,,,,,,,,,,1,2,1,1.0,3.0
201000046606,0010-09-17 21:10:00,10,9,17,21,10,880,413,RD 49,48.31389,6.96321,Nuit sans éclairage public,Hors agglomération,Hors intersection,Normale,Sans collision,,,,,,,,,,,3,1,1,1.0,7.0
201000046607,0010-10-04 17:15:00,10,10,4,17,15,880,413,"5, RUE DE LA BOLLE",48.2834,6.9469,Plein jour,En agglomération,Intersection en X,Normale,Autre collision,,,,,,,,,,,1,2,2,1.0,6.0
201000046608,0010-10-13 10:45:00,10,10,13,10,45,880,413,"1, AVENUE DE L'EGALITÉ",48.2875,6.93279,Plein jour,En agglomération,Hors intersection,Normale,Autre collision,,,,,,,,,,,1,2,1,1.0,6.0
201000046609,0010-11-09 11:35:00,10,11,9,11,35,880,413,RUE STANISLAS,48.287,6.94857,Plein jour,En agglomération,Intersection en X,Normale,Deux véhicules - frontale,,,,,,,,,,,1,2,2,1.0,1.0
201000046610,0010-12-01 13:20:00,10,12,1,13,20,880,413,"20, RUE D'AMERIQUE",48.2925,6.95772,Plein jour,En agglomération,Intersection en X,Neige / grêle,Trois véhicules et plus - collisions multiples,,,,,,,,,,,1,2,2,4.0,5.0
201000046611,0010-12-08 18:00:00,10,12,8,18,0,880,428,"1700, ROUTE DE SAINT-DIE",48.316,6.87439,Nuit sans éclairage public,En agglomération,Hors intersection,Pluie forte,Autre collision,,,,,,,,,,,3,2,1,3.0,6.0
201000046612,0010-12-16 20:50:00,10,12,16,20,50,880,413,"26, RUE DE LA BOLLE",48.284,6.95468,Nuit avec éclairage allumé,En agglomération,Hors intersection,Neige / grêle,Autre collision,,,,,,,,,,,5,2,1,4.0,6.0
201000046613,0010-10-20 17:15:00,10,10,20,17,15,890,24,"06, MOULIN DU PRESIDENT",,,Plein jour,En agglomération,Intersection en T,Normale,Deux véhicules - côté,,,,,,,,,,,1,2,3,1.0,3.0
201000046614,0010-01-15 12:40:00,10,1,15,12,40,890,24,"00, FOURNEAUX (RUE DES)",,,Plein jour,Hors agglomération,Hors intersection,Normale,Deux véhicules - arrière,,,,,,,,,,,1,1,1,1.0,2.0
201000046615,0010-01-22 08:45:00,10,1,22,8,45,890,24,"00, JEAN MERMOZ (AVENUE)",,,Plein jour,En agglomération,Intersection en X,Normale,Autre collision,,,,,,,,,,,1,2,2,1.0,6.0
201000046616,0010-01-23 14:30:00,10,1,23,14,30,890,24,"02, VALLAN (ROUTE DE) N°",,,Plein jour,En agglomération,Intersection en T,Normale,Autre collision,,,,,,,,,,,1,2,3,1.0,6.0
201000046617,0010-01-25 15:05:00,10,1,25,15,5,890,24,"00, GAMBETTA (AVENUE) N°",,,Plein jour,En agglomération,Intersection en X,Normale,Deux véhicules - arrière,,,,,,,,,,,1,2,2,1.0,2.0
201000046618,0010-12-10 07:50:00,10,12,10,7,50,890,24,,,,Nuit avec éclairage allumé,En agglomération,Hors intersection,Autre,Autre collision,,,,,,,,,,,5,2,1,9.0,6.0
201000046619,0010-12-14 18:15:00,10,12,14,18,15,890,24,JONCHES,,,Nuit avec éclairage allumé,En agglomération,Passage à niveau,Normale,Deux véhicules - arrière,,,,,,,,,,,5,2,8,1.0,2.0
201000046620,0010-02-04 05:45:00,10,2,4,5,45,890,24,"00, HAUSSMANN (AVENUE)",,,Nuit avec éclairage non allumé,En agglomération,Intersection en X,Pluie légère,Deux véhicules - côté,,,,,,,,,,,4,2,2,2.0,3.0
201000046621,0010-01-06 13:40:00,10,1,6,13,40,890,24,"00, TOUR D'AUVERGNE (RUE",,,Plein jour,En agglomération,Intersection en X,Neige / grêle,Deux véhicules - côté,,,,,,,,,,,1,2,2,4.0,3.0
201000046622,0010-03-01 08:50:00,10,3,1,8,50,890,346,"00, PAIX (AVENUE DE LA )",,,Plein jour,En agglomération,Intersection en T,Normale,Deux véhicules - côté,,,,,,,,,,,1,2,3,1.0,3.0
201000046623,0010-03-06 12:40:00,10,3,6,12,40,890,24,"00, VENOY (RUE DE)",,,Plein jour,Hors agglomération,Hors intersection,Normale,Deux véhicules - frontale,,,,,,,,,,,1,1,1,1.0,1.0
201000046624,0010-03-19 19:50:00,10,3,19,19,50,890,24,route de VAUX  Cap Vert,,,Nuit sans éclairage public,En agglomération,Hors intersection,Normale,Autre collision,,,,,,,,,,,3,2,1,1.0,6.0
201000046625,0010-04-03 15:50:00,10,4,3,15,50,890,24,"14, JEAN JAURES (AVENUE)",,,Plein jour,En agglomération,Hors intersection,Normale,Autre collision,,,,,,,,,,,1,2,1,1.0,6.0
201000046626,0010-04-14 18:00:00,10,4,14,18,0,890,24,"17, BOURNEIL (RUE DE) N°",,,Plein jour,En agglomération,Hors intersection,Normale,Autre collision,,,,,,,,,,,1,2,1,1.0,6.0
201000046627,0010-04-17 14:40:00,10,4,17,14,40,890,24,"00, Route départementale",,,Plein jour,Hors agglomération,Hors intersection,Normale,Deux véhicules - côté,,,,,,,,,,,1,1,1,1.0,3.0
201000046628,0010-04-23 16:00:00,10,4,23,16,0,890,24,"44, MONTARDOINS (RUE DES",,,Plein jour,En agglomération,Hors intersection,Normale,Deux véhicules - côté,,,,,,,,,,,1,2,1,1.0,3.0
201000046629,0010-04-23 18:05:00,10,4,23,18,5,890,24,GAMBETTA (AVENUE) N° IMP,,,Plein jour,En agglomération,Intersection en X,Normale,Deux véhicules - côté,,,,,,,,,,,1,2,2,1.0,3.0
201000046630,0010-05-28 13:45:00,10,5,28,13,45,890,24,"12, GAMBETTA (AVENUE) N°",,,Plein jour,En agglomération,Hors intersection,Normale,Deux véhicules - côté,,,,,,,,,,,1,2,1,1.0,3.0
201000046631,0010-05-29 15:00:00,10,5,29,15,0,890,24,"83, DENFERT ROCHEREAU (A",,,Plein jour,En agglomération,Intersection en X,Normale,Deux véhicules - arrière,,,,,,,,,,,1,2,2,1.0,2.0
201000046632,0010-06-02 07:45:00,10,6,2,7,45,890,24,"00, MONETEAU (ROUTE DE)",,,Plein jour,Hors agglomération,Hors intersection,Pluie légère,Trois véhicules et plus - en chaîne,,,,,,,,,,,1,1,1,2.0,4.0
201000046633,0010-06-18 11:15:00,10,6,18,11,15,890,24,"4, DAVOUT (BOULEVARD) N°",,,Plein jour,En agglomération,Intersection en X,Normale,Autre collision,,,,,,,,,,,1,2,2,1.0,6.0
201000046634,0010-05-23 11:20:00,10,5,23,11,20,890,24,"00, TOUCY (ROUTE DE)",,,Plein jour,En agglomération,Hors intersection,Normale,Autre collision,,,,,,,,,,,1,2,1,1.0,6.0
201000046635,0010-08-03 11:20:00,10,8,3,11,20,890,24,"09, MARINE (QUAI DE LA)",,,Plein jour,En agglomération,Hors intersection,Normale,Autre collision,,,,,,,,,,,1,2,1,1.0,6.0
201000046636,0010-08-06 21:55:00,10,8,6,21,55,890,24,"08, VICTOR HUGO (AVENUE)",,,Nuit avec éclairage non allumé,En agglomération,Hors intersection,Normale,Deux véhicules - frontale,,,,,,,,,,,4,2,1,1.0,1.0
201000046637,0010-08-08 16:25:00,10,8,8,16,25,890,24,"00, VAULABELLE (BOULEVAR",,,Plein jour,En agglomération,Intersection en T,Normale,Deux véhicules - côté,,,,,,,,,,,1,2,3,1.0,3.0
201000046638,0010-09-05 08:30:00,10,9,5,8,30,890,24,"00, R.N.6",,,Plein jour,Hors agglomération,Hors intersection,Normale,Deux véhicules - frontale,,,,,,,,,,,1,1,1,1.0,1.0
201000046639,0010-09-10 13:15:00,10,9,10,13,15,890,24,FAIDHERBE (RUE),,,Plein jour,En agglomération,Intersection en Y,Normale,Sans collision,,,,,,,,,,,1,2,4,1.0,7.0
201000046640,0010-10-08 16:10:00,10,10,8,16,10,890,24,"00, MONETEAU (ROUTE DE)",,,Plein jour,Hors agglomération,Hors intersection,Normale,Sans collision,,,,,,,,,,,1,1,1,1.0,7.0
201000046641,0010-10-23 03:30:00,10,10,23,3,30,890,24,"00, VALLAN (ROUTE DE) N°",,,Nuit sans éclairage public,Hors agglomération,Hors intersection,Normale,Sans collision,,,,,,,,,,,3,1,1,1.0,7.0