accident_id,datetime,annee,mois,jour,heure,minute,departement,commune_insee,adresse,latitude,longitude,luminosite,agglomeration,intersection,meteo,collision,nb_vehicules,nb_usagers,nb_indemnes,nb_tues,nb_blesses_hosp,nb_blesses_legers,age_cond_1,age_cond_2,veh_type_cond_1,veh_type_cond_2,lum_code,agg_code,int_code,atm_code,col_code
201000046642,0010-02-01 17:30:00,10,2,1,17,30,890,387,"0, D606",,,Plein jour,Hors agglomération,Hors intersection,Normale,Deux véhicules - frontale,,,,,,,,,,,1,1,1,1.0,1.0
201000046643,0010-02-04 13:15:00,10,2,4,13,15,890,387,"0, LECH WALESA (PLACE)",,,Plein jour,En agglomération,Autre intersection,Normale,Autre collision,,,,,,,,,,,1,2,9,1.0,6.0
201000046644,0010-03-01 17:00:00,10,3,1,17,0,890,387,"0, PEPINIERE (RUE DE LA)",,,Plein jour,En agglomération,Hors intersection,Normale,Deux véhicules - arrière,,,,,,,,,,,1,2,1,1.0,2.0
201000046645,0010-03-12 15:30:00,10,3,12,15,30,890,387,"0, ROUTE NATIONALE 6",,,Plein jour,Hors agglomération,Hors intersection,Normale,Sans collision,,,,,,,,,,,1,1,1,1.0,7.0
201000046646,0010-03-20 11:15:00,10,3,20,11,15,890,387,"0, VICTOR GUICHARD (RUE)",,,Plein jour,En agglomération,Intersection en X,Pluie légère,Deux véhicules - côté,,,,,,,,,,,1,2,2,2.0,3.0
201000046647,0010-03-19 16:05:00,10,3,19,16,5,890,387,"0, VICTOR GUICHARD (RUE)",,,Plein jour,En agglomération,Intersection en X,Normale,Autre collision,,,,,,,,,,,1,2,2,1.0,6.0
201000046648,0010-03-24 12:15:00,10,3,24,12,15,890,387,"0, GENERAL LECLERC (RUE",,,Plein jour,En agglomération,Hors intersection,Normale,Deux véhicules - arrière,,,,,,,,,,,1,2,1,1.0,2.0
201000046649,0010-04-05 11:20:00,10,4,5,11,20,890,387,"0, JEAN JAURES (PLACE)",,,Plein jour,En agglomération,Hors intersection,Normale,Autre collision,,,,,,,,,,,1,2,1,1.0,6.0
201000046650,0010-04-21 16:00:00,10,4,21,16,0,890,387,"0, MAXIME COURTIS (RUE)",,,Plein jour,En agglomération,Intersection en X,Normale,Autre collision,,,,,,,,,,,1,2,2,1.0,6.0
201000046651,0010-05-28 23:45:00,10,5,28,23,45,890,387,"0, D606",,,Nuit avec éclairage allumé,Hors agglomération,Hors intersection,Normale,Autre collision,,,,,,,,,,,5,1,1,1.0,6.0
201000046652,0010-06-01 11:40:00,10,6,1,11,40,890,387,"5, JULES VERNE (RUE)",,,Plein jour,En agglomération,Hors intersection,Normale,Autre collision,,,,,,,,,,,1,2,1,1.0,6.0
201000046653,0010-06-08 15:20:00,10,6,8,15,20,890,387,"0, FRANCS BOURGEOIS (RUE",,,Plein jour,En agglomération,Hors intersection,Normale,Sans collision,,,,,,,,,,,1,2,1,1.0,7.0
201000046654,0010-06-24 12:35:00,10,6,24,12,35,890,387,"0, EPEE (RUE DE L')",,,Plein jour,En agglomération,Hors intersection,Normale,Autre collision,,,,,,,,,,,1,2,1,1.0,6.0
201000046655,0010-06-24 19:35:00,10,6,24,19,35,890,287,"38, JEAN JAURES (AVENUE)",,,Plein jour,En agglomération,Intersection en T,Normale,Deux véhicules - côté,,,,,,,,,,,1,2,3,1.0,3.0
201000046656,0010-07-16 15:00:00,10,7,16,15,0,890,338,"0, JEAN JAURES (RUE)",,,Plein jour,En agglomération,Intersection en X,Normale,Deux véhicules - côté,,,,,,,,,,,1,2,2,1.0,3.0
201000046657,0010-07-23 15:35:00,10,7,23,15,35,890,387,"115, CHAMBERTRAND (RUE)",,,Plein jour,En agglomération,Intersection en X,Normale,Deux véhicules - côté,,,,,,,,,,,1,2,2,1.0,3.0
201000046658,0010-08-16 12:10:00,10,8,16,12,10,890,387,"0, VICTOR GUICHARD (RUE)",,,Plein jour,En agglomération,Intersection en X,Temps couvert,Deux véhicules - côté,,,,,,,,,,,1,2,2,8.0,3.0
201000046659,0010-09-07 09:40:00,10,9,7,9,40,890,387,"0, VICTOR GUICHARD (RUE)",,,Plein jour,En agglomération,Hors intersection,Normale,Deux véhicules - arrière,,,,,,,,,,,1,2,1,1.0,2.0
201000046660,0010-09-21 15:45:00,10,9,21,15,45,890,387,"46, VERDUN (BOULEVARD DE",,,Plein jour,En agglomération,Hors intersection,Normale,Autre collision,,,,,,,,,,,1,2,1,1.0,6.0
201000046661,0010-09-22 17:05:00,10,9,22,17,5,890,387,"0, LIBERTE (BOULEVARD DE",,,Plein jour,En agglomération,Intersection en X,Normale,Deux véhicules - côté,,,,,,,,,,,1,2,2,1.0,3.0
201000046662,0010-10-07 12:20:00,10,10,7,12,20,890,387,PONT DE SALCY,,,Plein jour,Hors agglomération,Hors intersection,Normale,Trois véhicules et plus - collisions multiples,,,,,,,,,,,1,1,1,1.0,5.0
201000046663,0010-10-09 17:00:00,10,10,9,17,0,890,387,"0, MANUTENTION (BOULEVAR",,,Plein jour,En agglomération,Hors intersection,Normale,Sans collision,,,,,,,,,,,1,2,1,1.0,7.0
201000046664,0010-10-08 19:40:00,10,10,8,19,40,890,387,VOULX (ROUTE DE),,,Plein jour,En agglomération,Hors intersection,Normale,Deux véhicules - côté,,,,,,,,,,,1,2,1,1.0,3.0
201000046665,0010-09-26 19:25:00,10,9,26,19,25,890,387,"0, LUCIEN CORNET (AVENUE",,,Nuit avec éclairage allumé,En agglomération,Hors intersection,Pluie légère,Autre collision,,,,,,,,,,,5,2,1,2.0,6.0
201000046666,0010-11-04 08:50:00,10,11,4,8,50,890,387,"0, HEROS (PLACE DES)",,,Plein jour,En agglomération,Hors intersection,Normale,Autre collision,,,,,,,,,,,1,2,1,1.0,6.0
201000046667,0010-11-08 11:55:00,10,11,8,11,55,890,387,"45, CHAMPS D'ALOUPS (RUE",,,Plein jour,En agglomération,Hors intersection,Pluie légère,Autre collision,,,,,,,,,,,1,2,1,2.0,6.0
201000046668,0010-12-09 18:00:00,10,12,9,18,0,890,287,"0, ARISTIDE BRIAND (RUE)",,,Plein jour,En agglomération,Hors intersection,Pluie légère,Autre collision,,,,,,,,,,,1,2,1,2.0,6.0
201000046669,0010-01-04 16:40:00,10,1,4,16,40,900,10,"51, JUIN (AVENUE DU MARE",,,Plein jour,En agglomération,Hors intersection,Temps couvert,Deux véhicules - côté,,,,,,,,,,,1,2,1,8.0,3.0
201000046670,0010-01-05 20:20:00,10,1,5,20,20,900,10,"63, VALDOIE (RUE DE)",,,Nuit avec éclairage allumé,En agglomération,Hors intersection,Neige / grêle,Deux véhicules - frontale,,,,,,,,,,,5,2,1,4.0,1.0
201000046671,0010-01-06 11:30:00,10,1,6,11,30,900,10,MONTBELIARD (FAUBOURG DE,,,Plein jour,En agglomération,Intersection en T,Pluie légère,Trois véhicules et plus - collisions multiples,,,,,,,,,,,1,2,3,2.0,5.0
201000046672,0010-01-06 17:37:00,10,1,6,17,37,900,10,JAURES (AVENUE JEAN) A 1,,,Nuit avec éclairage allumé,En agglomération,Intersection en T,Normale,Deux véhicules - côté,,,,,,,,,,,5,2,3,1.0,3.0
201000046673,0010-01-07 14:40:00,10,1,7,14,40,900,10,"8, ZAPOROJIE (RUE DE)",,,Plein jour,En agglomération,Hors intersection,Pluie légère,Sans collision,,,,,,,,,,,1,2,1,2.0,7.0
201000046674,0010-01-07 20:16:00,10,1,7,20,16,900,10,"1, ANCETRES (FAUBOURG DE",,,Nuit sans éclairage public,En agglomération,Hors intersection,Normale,Autre collision,,,,,,,,,,,3,2,1,1.0,6.0
201000046675,0010-01-13 13:30:00,10,1,13,13,30,900,99,"1, CD5",,,Plein jour,Hors agglomération,Hors intersection,Pluie légère,Deux véhicules - frontale,,,,,,,,,,,1,1,1,2.0,1.0
201000046676,0010-01-14 10:30:00,10,1,14,10,30,900,99,"1, R.D.24",,,Plein jour,En agglomération,Hors intersection,Neige / grêle,Autre collision,,,,,,,,,,,1,2,1,4.0,6.0
201000046677,0010-01-27 22:20:00,10,1,27,22,20,900,99,"87, TURENNE (RUE DE)",,,Nuit sans éclairage public,En agglomération,Hors intersection,Normale,Autre collision,,,,,,,,,,,3,2,1,1.0,6.0
201000046678,0010-01-28 16:40:00,10,1,28,16,40,900,75,"1, BRIAND (RUE ARISTIDE)",,,Plein jour,En agglomération,Hors intersection,Normale,Deux véhicules - côté,,,,,,,,,,,1,2,1,1.0,3.0
201000046679,0010-01-29 09:31:00,10,1,29,9,31,900,10,"8, ROUBAIX (PONT DE)",,,Plein jour,En agglomération,Hors intersection,Neige / grêle,Trois véhicules et plus - en chaîne,,,,,,,,,,,1,2,1,4.0,4.0
201000046680,0010-01-29 16:00:00,10,1,29,16,0,900,10,"166, JAURES (AVENUE JEAN",,,Plein jour,En agglomération,Hors intersection,Neige / grêle,Deux véhicules - arrière,,,,,,,,,,,1,2,1,4.0,2.0
201000046681,0010-01-29 16:37:00,10,1,29,16,37,900,10,"1, DE GAULLE (AVENUE DU",,,Plein jour,En agglomération,Autre intersection,Neige / grêle,Autre collision,,,,,,,,,,,1,2,9,4.0,6.0
201000046682,0010-02-01 09:10:00,10,2,1,9,10,900,10,KENNEDY (BOULEVARD),,,Plein jour,En agglomération,Intersection en T,Normale,Deux véhicules - côté,,,,,,,,,,,1,2,3,1.0,3.0
201000046683,0010-02-01 14:30:00,10,2,1,14,30,900,10,FRANCE BOULEVARD ANATOLE,,,Plein jour,En agglomération,Intersection en T,Neige / grêle,Deux véhicules - arrière,,,,,,,,,,,1,2,3,4.0,2.0
201000046684,0010-02-01 14:58:00,10,2,1,14,58,900,10,LECLERC (AVENUE),,,Plein jour,En agglomération,Hors intersection,Neige / grêle,Deux véhicules - arrière,,,,,,,,,,,1,2,1,4.0,2.0
201000046685,0010-02-16 17:53:00,10,2,16,17,53,900,10,"12, FERRETTE (RUE DE)",,,Plein jour,En agglomération,Hors intersection,Normale,Autre collision,,,,,,,,,,,1,2,1,1.0,6.0
201000046686,0010-02-25 19:00:00,10,2,25,19,0,900,10,"27, VOLTAIRE (RUE )",,,Nuit sans éclairage public,En agglomération,Hors intersection,Pluie forte,Autre collision,,,,,,,,,,,3,2,1,3.0,6.0
201000046687,0010-03-01 10:35:00,10,3,1,10,35,900,10,JAURES (AVENUE JEAN) A 1,,,Plein jour,En agglomération,Hors intersection,Normale,Autre collision,,,,,,,,,,,1,2,1,1.0,6.0
201000046688,0010-03-06 09:25:00,10,3,6,9,25,900,10,"1, FONTAINE (RUE JEAN DE",,,Plein jour,En agglomération,Intersection en T,Neige / grêle,Deux véhicules - frontale,,,,,,,,,,,1,2,3,4.0,1.0
201000046689,0010-03-07 05:50:00,10,3,7,5,50,900,39,DE GAULLE (RUE DU GENERA,,,Nuit avec éclairage allumé,En agglomération,Hors intersection,Autre,Sans collision,,,,,,,,,,,5,2,1,9.0,7.0
201000046690,0010-03-10 20:15:00,10,3,10,20,15,900,10,"32, BLUM (RUE LEON)",,,Nuit avec éclairage allumé,En agglomération,Giratoire,Normale,Deux véhicules - côté,,,,,,,,,,,5,2,6,1.0,3.0
201000046691,0010-03-11 16:25:00,10,3,11,16,25,900,10,"1, ZAPOROJIE (RUE DE)",,,Plein jour,En agglomération,Hors intersection,Neige / grêle,Deux véhicules - frontale,,,,,,,,,,,1,2,1,4.0,1.0
201000046692,0010-03-11 18:45:00,10,3,11,18,45,900,10,"15, LUMIERE (AVENUE DES",,,Nuit avec éclairage allumé,En agglomération,Hors intersection,Neige / grêle,Sans collision,,,,,,,,,,,5,2,1,4.0,7.0
201000046693,0010-03-15 09:05:00,10,3,15,9,5,900,10,"17, BRISACH (AVENUE DE)",,,Plein jour,En agglomération,Hors intersection,Normale,Autre collision,,,,,,,,,,,1,2,1,1.0,6.0
201000046694,0010-03-20 10:20:00,10,3,20,10,20,900,99,"29, CARNOT (RUE)",,,Plein jour,En agglomération,Hors intersection,Normale,Deux véhicules - côté,,,,,,,,,,,1,2,1,1.0,3.0
201000046695,0010-03-22 17:20:00,10,3,22,17,20,900,76,GRAND'RUE,,,Plein jour,En agglomération,Hors intersection,Normale,Autre collision,,,,,,,,,,,1,2,1,1.0,6.0
201000046696,0010-03-23 19:20:00,10,3,23,19,20,900,10,MONTBELIARD (FAUBOURG DE,,,Nuit avec éclairage allumé,En agglomération,Hors intersection,Normale,Trois véhicules et plus - en chaîne,,,,,,,,,,,5,2,1,1.0,4.0
201000046697,0010-03-24 14:20:00,10,3,24,14,20,900,32,"1, DE GAULLE (RUE DU GEN",,,Plein jour,Hors agglomération,Hors intersection,Normale,Trois véhicules et plus - en chaîne,,,,,,,,,,,1,1,1,1.0,4.0
201000046698,0010-03-26 12:30:00,10,3,26,12,30,900,76,GRAND'RUE,,,Plein jour,Hors agglomération,Hors intersection,Pluie légère,Deux véhicules - arrière,,,,,,,,,,,1,1,1,2.0,2.0
201000046699,0010-03-26 13:43:00,10,3,26,13,43,900,10,"11, MIELLET (AVENUE)",,,Plein jour,En agglomération,Intersection en X,Pluie légère,Deux véhicules - côté,,,,,,,,,,,1,2,2,2.0,3.0
201000046700,0010-03-27 14:56:00,10,3,27,14,56,900,99,"1, EHRET (RUE)",,,Plein jour,En agglomération,Hors intersection,Pluie légère,Deux véhicules - arrière,,,,,,,,,,,1,2,1,2.0,2.0
201000046701,0010-03-30 17:05:00,10,3,30,17,5,900,32,"28, LECLERC (RUE DU MARE",,,Plein jour,En agglomération,Hors intersection,Normale,Deux véhicules - côté,,,,,,,,,,,1,2,1,1.0,3.0
201000046702,0010-03-30 19:33:00,10,3,30,19,33,900,10,FRANCE BOULEVARD ANATOLE,,,Plein jour,En agglomération,Intersection en T,Normale,Deux véhicules - côté,,,,,,,,,,,1,2,3,1.0,3.0
201000046703,0010-04-03 15:55:00,10,4,3,15,55,900,10,"1, CARNOT (BOULEVARD)",,,Plein jour,En agglomération,Intersection en X,Normale,Autre collision,,,,,,,,,,,1,2,2,1.0,6.0
201000046704,0010-04-05 13:13:00,10,4,5,13,13,900,10,LAURENCIE (AVENUE CAPITA,,,Plein jour,En agglomération,Hors intersection,Normale,Deux véhicules - frontale,,,,,,,,,,,1,2,1,1.0,1.0
201000046705,0010-04-06 20:22:00,10,4,6,20,22,900,10,LAURENCIE (AVENUE CAPITA,,,Plein jour,En agglomération,Hors intersection,Normale,Deux véhicules - frontale,,,,,,,,,,,1,2,1,1.0,1.0
201000046706,0010-04-08 05:47:00,10,4,8,5,47,900,10,"., DUNANT (BOULEVARD HEN",,,Nuit avec éclairage allumé,En agglomération,Hors intersection,Normale,Deux véhicules - frontale,,,,,,,,,,,5,2,1,1.0,1.0
201000046707,0010-04-09 10:00:00,10,4,9,10,0,900,1,PRES (Z.A.C. DES),,,Plein jour,En agglomération,Giratoire,Normale,Deux véhicules - côté,,,,,,,,,,,1,2,6,1.0,3.0
201000046708,0010-04-12 12:05:00,10,4,12,12,5,900,10,"1, MOULIN (AVENUE JEAN)",,,Plein jour,En agglomération,Hors intersection,Normale,Deux véhicules - côté,,,,,,,,,,,1,2,1,1.0,3.0
201000046709,0010-04-17 13:00:00,10,4,17,13,0,900,10,"89, MOULIN (AVENUE JEAN)",,,Plein jour,En agglomération,Hors intersection,Normale,Sans collision,,,,,,,,,,,1,2,1,1.0,7.0
201000046710,0010-04-25 19:15:00,10,4,25,19,15,900,10,"13, THIERS (RUE)",,,Plein jour,En agglomération,Hors intersection,Normale,Autre collision,,,,,,,,,,,1,2,1,1.0,6.0
201000046711,0010-04-28 21:35:00,10,4,28,21,35,900,10,JAURES (AVENUE JEAN) A 1,,,Nuit avec éclairage allumé,En agglomération,Intersection en T,Normale,Deux véhicules - côté,,,,,,,,,,,5,2,3,1.0,3.0
201000046712,0010-04-29 15:19:00,10,4,29,15,19,900,10,"1, KENNEDY (BOULEVARD)",,,Plein jour,En agglomération,Hors intersection,Normale,Autre collision,,,,,,,,,,,1,2,1,1.0,6.0
201000046713,0010-04-29 21:49:00,10,4,29,21,49,900,10,"1, LYON (FAUBOURG DE)",,,Nuit avec éclairage allumé,En agglomération,Hors intersection,Normale,Sans collision,,,,,,,,,,,5,2,1,1.0,7.0
201000046714,0010-05-06 02:10:00,10,5,6,2,10,900,10,"12, VESOUL (RUE DE)",,,Nuit avec éclairage allumé,En agglomération,Hors intersection,Normale,Autre collision,,,,,,,,,,,5,2,1,1.0,6.0
201000046715,0010-05-06 09:20:00,10,5,6,9,20,900,10,FRANCE BOULEVARD ANATOLE,,,Plein jour,En agglomération,Intersection en X,Normale,Deux véhicules - côté,,,,,,,,,,,1,2,2,1.0,3.0
201000046716,0010-05-09 22:31:00,10,5,9,22,31,900,32,"1, R.D.47",,,Nuit avec éclairage allumé,Hors agglomération,Giratoire,Pluie forte,Deux véhicules - côté,,,,,,,,,,,5,1,6,3.0,3.0
201000046717,0010-05-11 11:16:00,10,5,11,11,16,900,10,"02, WISSEMBOURG (RUE DE)",,,Plein jour,En agglomération,Hors intersection,Normale,Autre collision,,,,,,,,,,,1,2,1,1.0,6.0
201000046718,0010-05-17 07:19:00,10,5,17,7,19,900,99,"1, ZOLA (RUE EMILE)",,,Plein jour,En agglomération,Intersection en T,Normale,Deux véhicules - côté,,,,,,,,,,,1,2,3,1.0,3.0
201000046719,0010-05-18 15:58:00,10,5,18,15,58,900,10,"27, GUILLAUME TELL (RUE)",,,Plein jour,En agglomération,Hors intersection,Normale,Autre collision,,,,,,,,,,,1,2,1,1.0,6.0
201000046720,0010-05-22 17:10:00,10,5,22,17,10,900,39,"17, DE LATTRE DE TASSIGN",,,Plein jour,En agglomération,Hors intersection,Normale,Autre collision,,,,,,,,,,,1,2,1,1.0,6.0
201000046721,0010-05-25 18:00:00,10,5,25,18,0,900,10,"1, DANJOUTIN (RUE DE)",,,Plein jour,En agglomération,Hors intersection,Normale,Deux véhicules - côté,,,,,,,,,,,1,2,1,1.0,3.0
201000046722,0010-05-25 18:45:00,10,5,25,18,45,900,10,"1, REPUBLIQUE (RUE DE LA",,,Plein jour,Hors agglomération,Hors intersection,Normale,Trois véhicules et plus - en chaîne,,,,,,,,,,,1,1,1,1.0,4.0
201000046723,0010-05-26 03:30:00,10,5,26,3,30,900,10,"1, STROLZ (RUE)",,,Nuit avec éclairage non allumé,En agglomération,Hors intersection,Normale,Autre collision,,,,,,,,,,,4,2,1,1.0,6.0
201000046724,0010-05-26 12:32:00,10,5,26,12,32,900,99,"1, PREMIER MAI (RUE DU)",,,Plein jour,En agglomération,Hors intersection,Normale,Sans collision,,,,,,,,,,,1,2,1,1.0,7.0
201000046725,0010-05-31 00:30:00,10,5,31,0,30,900,10,"4, CORNEILLE (RUE)",,,Nuit avec éclairage allumé,En agglomération,Hors intersection,Normale,Autre collision,,,,,,,,,,,5,2,1,1.0,6.0
201000046726,0010-06-01 11:00:00,10,6,1,11,0,900,99,"15, THOMAS (RUE ALBERT)",,,Plein jour,En agglomération,Hors intersection,Normale,Deux véhicules - côté,,,,,,,,,,,1,2,1,1.0,3.0
201000046727,0010-06-01 11:30:00,10,6,1,11,30,900,10,"1, DOREY (RUE)",,,Plein jour,En agglomération,Hors intersection,Normale,Autre collision,,,,,,,,,,,1,2,1,1.0,6.0
201000046728,0010-06-02 15:45:00,10,6,2,15,45,900,10,"1, ROUBAIX (RUE DE)",,,Plein jour,En agglomération,Intersection en X,Normale,Deux véhicules - côté,,,,,,,,,,,1,2,2,1.0,3.0
201000046729,0010-06-06 19:00:00,10,6,6,19,0,900,10,"12, MILITAIRE (QUAI)",,,Plein jour,En agglomération,Intersection en T,Pluie légère,Deux véhicules - côté,,,,,,,,,,,1,2,3,2.0,3.0
201000046730,0010-06-09 09:38:00,10,6,9,9,38,900,32,"1, BOSMONT (RUE DU)",,,Plein jour,En agglomération,Hors intersection,Normale,Deux véhicules - arrière,,,,,,,,,,,1,2,1,1.0,2.0
201000046731,0010-06-09 12:27:00,10,6,9,12,27,900,10,"6, SCHUMAN (PLACE)",,,Plein jour,En agglomération,Hors intersection,Normale,Autre collision,,,,,,,,,,,1,2,1,1.0,6.0
201000046732,0010-06-11 19:35:00,10,6,11,19,35,900,10,"72, ALTKIRCH (AVENUE)",,,Plein jour,En agglomération,Hors intersection,Normale,Deux véhicules - arrière,,,,,,,,,,,1,2,1,1.0,2.0
201000046733,0010-06-12 11:35:00,10,6,12,11,35,900,10,"21, ALBERT 1ER (RUE)",,,Plein jour,En agglomération,Hors intersection,Normale,Autre collision,,,,,,,,,,,1,2,1,1.0,6.0
201000046734,0010-06-23 08:34:00,10,6,23,8,34,900,10,"1, MONTBELIARD (FAUBOURG",,,Plein jour,En agglomération,Hors intersection,Normale,Autre collision,,,,,,,,,,,1,2,1,1.0,6.0
201000046735,0010-06-25 16:00:00,10,6,25,16,0,900,32,"6, CABLERIE (RUE DE LA)",,,Plein jour,En agglomération,Hors intersection,Normale,Deux véhicules - frontale,,,,,,,,,,,1,2,1,1.0,1.0
201000046736,0010-06-26 12:30:00,10,6,26,12,30,900,10,BESANCON (FAUBOURG DE),,,Plein jour,En agglomération,Hors intersection,Normale,Deux véhicules - côté,,,,,,,,,,,1,2,1,1.0,3.0
201000046737,0010-06-27 15:50:00,10,6,27,15,50,900,32,"1, R.D.23",,,Plein jour,En agglomération,Hors intersection,Normale,Sans collision,,,,,,,,,,,1,2,1,1.0,7.0
201000046738,0010-06-30 17:25:00,10,6,30,17,25,900,10,"1, LECLERC (AVENUE)",,,Plein jour,En agglomération,Intersection en T,Normale,Deux véhicules - côté,,,,,,,,,,,1,2,3,1.0,3.0
201000046739,0010-07-02 12:00:00,10,7,2,12,0,900,32,"1, VINGT ET UN NOVEMBRE",,,Plein jour,Hors agglomération,Hors intersection,Normale,Deux véhicules - arrière,,,,,,,,,,,1,1,1,1.0,2.0
201000046740,0010-07-04 13:58:00,10,7,4,13,58,900,10,"16, MICHELET (RUE)",,,Plein jour,En agglomération,Intersection en X,Normale,Deux véhicules - côté,,,,,,,,,,,1,2,2,1.0,3.0
201000046741,0010-07-06 20:15:00,10,7,6,20,15,900,10,"1, FOCH (AVENUE)",,,Plein jour,En agglomération,Hors intersection,Normale,Deux véhicules - arrière,,,,,,,,,,,1,2,1,1.0,2.0
201000046742,0010-07-07 16:08:00,10,7,7,16,8,900,10,TOULOUSE (RUE DE),,,Plein jour,En agglomération,Hors intersection,Normale,Autre collision,,,,,,,,,,,1,2,1,1.0,6.0
201000046743,0010-07-07 21:00:00,10,7,7,21,0,900,10,FOCH (AVENUE),,,Plein jour,En agglomération,Intersection en X,Normale,Autre collision,,,,,,,,,,,1,2,2,1.0,6.0
201000046744,0010-07-07 21:42:00,10,7,7,21,42,900,10,MILITAIRE (QUAI),,,Plein jour,En agglomération,Hors intersection,Normale,Autre collision,,,,,,,,,,,1,2,1,1.0,6.0
201000046745,0010-07-15 15:55:00,10,7,15,15,55,900,10,"23, FERRETTE (RUE DE)",,,Plein jour,En agglomération,Hors intersection,Normale,Autre collision,,,,,,,,,,,1,2,1,1.0,6.0
201000046746,0010-07-15 17:10:00,10,7,15,17,10,900,75,"1, COMMANDOS D'AFRIQUE (",,,Plein jour,En agglomération,Hors intersection,Normale,Deux véhicules - arrière,,,,,,,,,,,1,2,1,1.0,2.0
201000046747,0010-07-16 12:15:00,10,7,16,12,15,900,10,"17, GOLDSCHMITT (ALLEE)",,,Plein jour,En agglomération,Intersection en X,Normale,Deux véhicules - côté,,,,,,,,,,,1,2,2,1.0,3.0
201000046748,0010-07-16 14:22:00,10,7,16,14,22,900,32,"22 BIS, DE GAULLE (RUE D",,,Plein jour,En agglomération,Hors intersection,Normale,Deux véhicules - côté,,,,,,,,,,,1,2,1,1.0,3.0
201000046749,0010-07-17 09:16:00,10,7,17,9,16,900,29,"17, FROSSARD (RUE)",,,Plein jour,En agglomération,Hors intersection,Normale,Autre collision,,,,,,,,,,,1,2,1,1.0,6.0
201000046750,0010-07-17 11:05:00,10,7,17,11,5,900,10,"3, JOFFRE (BOULEVARD MAR",,,Plein jour,En agglomération,Intersection en X,Normale,Deux véhicules - côté,,,,,,,,,,,1,2,2,1.0,3.0
201000046751,0010-07-17 15:05:00,10,7,17,15,5,900,76,GRAND'RUE,,,Plein jour,En agglomération,Hors intersection,Normale,Deux véhicules - frontale,,,,,,,,,,,1,2,1,1.0,1.0
201000046752,0010-07-17 17:40:00,10,7,17,17,40,900,32,"1, REPUBLIQUE (RUE DE LA",,,Plein jour,En agglomération,Giratoire,Normale,Deux véhicules - côté,,,,,,,,,,,1,2,6,1.0,3.0
201000046753,0010-07-20 10:25:00,10,7,20,10,25,900,1,MONTBELIARD (ROUTE DE),,,Plein jour,En agglomération,Hors intersection,Normale,Autre collision,,,,,,,,,,,1,2,1,1.0,6.0
201000046754,0010-07-20 10:45:00,10,7,20,10,45,900,99,TURENNE (RUE DE),,,Plein jour,En agglomération,Hors intersection,Normale,Deux véhicules - frontale,,,,,,,,,,,1,2,1,1.0,1.0
201000046755,0010-07-28 10:55:00,10,7,28,10,55,900,10,MONTBELIARD (FAUBOURG DE,,,Plein jour,En agglomération,Intersection en X,Pluie forte,Deux véhicules - côté,,,,,,,,,,,1,2,2,3.0,3.0
201000046756,0010-07-31 18:00:00,10,7,31,18,0,900,10,"01, MOULIN (AVENUE JEAN)",,,Plein jour,En agglomération,Hors intersection,Normale,Deux véhicules - arrière,,,,,,,,,,,1,2,1,1.0,2.0
201000046757,0010-07-31 19:40:00,10,7,31,19,40,900,99,"1, ZOLA (RUE EMILE)",,,Plein jour,En agglomération,Intersection en X,Normale,Deux véhicules - côté,,,,,,,,,,,1,2,2,1.0,3.0
201000046758,0010-08-01 04:28:00,10,8,1,4,28,900,32,"1, CHARMEUSE (RUE DE LA)",,,Nuit avec éclairage allumé,Hors agglomération,Hors intersection,Normale,Sans collision,,,,,,,,,,,5,1,1,1.0,7.0
201000046759,0010-08-07 20:20:00,10,8,7,20,20,900,32,REPUBLIQUE (RUE DE LA),,,Plein jour,En agglomération,Hors intersection,Normale,Autre collision,,,,,,,,,,,1,2,1,1.0,6.0
201000046760,0010-08-09 15:50:00,10,8,9,15,50,900,32,"1, CHARMEUSE (RUE DE LA)",,,Plein jour,Hors agglomération,Hors intersection,Normale,Sans collision,,,,,,,,,,,1,1,1,1.0,7.0
201000046761,0010-08-12 09:10:00,10,8,12,9,10,900,10,"11, VERLAINE (RUE PAUL)",,,Plein jour,En agglomération,Intersection en X,Pluie légère,Autre collision,,,,,,,,,,,1,2,2,2.0,6.0
201000046762,0010-08-17 23:40:00,10,8,17,23,40,900,10,AS DE CARREAU (RUE DE L',,,Nuit avec éclairage allumé,En agglomération,Intersection en X,Pluie forte,Deux véhicules - côté,,,,,,,,,,,5,2,2,3.0,3.0
201000046763,0010-08-19 12:50:00,10,8,19,12,50,900,10,"03, LAURENCIE (AVENUE CA",,,Plein jour,En agglomération,Hors intersection,Normale,Deux véhicules - arrière,,,,,,,,,,,1,2,1,1.0,2.0
201000046764,0010-08-21 02:25:00,10,8,21,2,25,900,10,"1, KOECHLIN (RUE)",,,Nuit avec éclairage non allumé,En agglomération,Hors intersection,Normale,Sans collision,,,,,,,,,,,4,2,1,1.0,7.0
201000046765,0010-08-23 10:29:00,10,8,23,10,29,900,10,"16, ZAPOROJIE (RUE DE)",,,Plein jour,En agglomération,Hors intersection,Pluie forte,Sans collision,,,,,,,,,,,1,2,1,3.0,7.0
201000046766,0010-08-25 16:40:00,10,8,25,16,40,900,10,"108, JAURES (AVENUE JEAN",,,Plein jour,En agglomération,Hors intersection,Normale,Deux véhicules - côté,,,,,,,,,,,1,2,1,1.0,3.0
201000046767,0010-08-26 17:25:00,10,8,26,17,25,900,1,"1, BALLASTIERES (RUE DES",,,Plein jour,En agglomération,Hors intersection,Normale,Deux véhicules - frontale,,,,,,,,,,,1,2,1,1.0,1.0
201000046768,0010-08-26 21:10:00,10,8,26,21,10,900,10,"66, JAURES (AVENUE JEAN)",,,Nuit avec éclairage allumé,En agglomération,Hors intersection,Normale,Deux véhicules - côté,,,,,,,,,,,5,2,1,1.0,3.0
201000046769,0010-08-28 18:25:00,10,8,28,18,25,900,10,"172, JAURES (AVENUE JEAN",,,Plein jour,En agglomération,Hors intersection,Normale,Autre collision,,,,,,,,,,,1,2,1,1.0,6.0