accident_id,datetime,annee,mois,jour,heure,minute,departement,commune_insee,adresse,latitude,longitude,luminosite,agglomeration,intersection,meteo,collision,nb_vehicules,nb_usagers,nb_indemnes,nb_tues,nb_blesses_hosp,nb_blesses_legers,age_cond_1,age_cond_2,veh_type_cond_1,veh_type_cond_2,lum_code,agg_code,int_code,atm_code,col_code
201000046770,0010-08-30 13:40:00,10,8,30,13,40,900,76,"1, CD419",,,Plein jour,Hors agglomération,Hors intersection,Pluie forte,Deux véhicules - arrière,,,,,,,,,,,1,1,1,3.0,2.0
201000046771,0010-08-30 15:40:00,10,8,30,15,40,900,10,FRANCE BOULEVARD ANATOLE,,,Plein jour,En agglomération,Intersection en X,Pluie forte,Deux véhicules - côté,,,,,,,,,,,1,2,2,3.0,3.0
201000046772,0010-08-30 16:00:00,10,8,30,16,0,900,10,"02, AS DE CARREAU (RUE D",,,Plein jour,En agglomération,Hors intersection,Pluie légère,Deux véhicules - arrière,,,,,,,,,,,1,2,1,2.0,2.0
201000046773,0010-09-01 07:55:00,10,9,1,7,55,900,10,"1, RABIN (PLACE YITZHAK)",,,Plein jour,En agglomération,Intersection en X,Normale,Trois véhicules et plus - en chaîne,,,,,,,,,,,1,2,2,1.0,4.0
201000046774,0010-09-02 22:23:00,10,9,2,22,23,900,8,"23, ENGEL (RUE ALFRED)",,,Nuit avec éclairage allumé,En agglomération,Hors intersection,Normale,Deux véhicules - frontale,,,,,,,,,,,5,2,1,1.0,1.0
201000046775,0010-09-01 15:15:00,10,9,1,15,15,900,10,"1, KENNEDY (BOULEVARD)",,,Plein jour,En agglomération,Hors intersection,Normale,Deux véhicules - arrière,,,,,,,,,,,1,2,1,1.0,2.0
201000046776,0010-09-05 21:00:00,10,9,5,21,0,900,10,JAURES (AVENUE JEAN) A 1,,,Nuit avec éclairage non allumé,En agglomération,Intersection en T,Normale,Deux véhicules - côté,,,,,,,,,,,4,2,3,1.0,3.0
201000046777,0010-09-06 21:11:00,10,9,6,21,11,900,32,"16, ANDELNANS (RUE D')",,,Nuit avec éclairage allumé,En agglomération,Hors intersection,Normale,Deux véhicules - frontale,,,,,,,,,,,5,2,1,1.0,1.0
201000046778,0010-09-08 16:29:00,10,9,8,16,29,900,10,"1, MADAGASCAR (RUE DE)",,,Plein jour,En agglomération,Intersection en T,Normale,Autre collision,,,,,,,,,,,1,2,3,1.0,6.0
201000046779,0010-09-08 17:21:00,10,9,8,17,21,900,10,"1, ETOILE (RUE DE L')",,,Plein jour,En agglomération,Intersection en T,Normale,Autre collision,,,,,,,,,,,1,2,3,1.0,6.0
201000046780,0010-09-11 17:55:00,10,9,11,17,55,900,10,"1, DENFERT ROCHEREAU (RU",,,Plein jour,En agglomération,Hors intersection,Normale,Autre collision,,,,,,,,,,,1,2,1,1.0,6.0
201000046781,0010-09-11 11:10:00,10,9,11,11,10,900,10,JAURES (AVENUE JEAN) DE,,,Plein jour,En agglomération,Hors intersection,Normale,Trois véhicules et plus - en chaîne,,,,,,,,,,,1,2,1,1.0,4.0
201000046782,0010-09-13 14:10:00,10,9,13,14,10,900,10,"1, MARCHAL (RUE)",,,Plein jour,En agglomération,Intersection en T,Normale,Sans collision,,,,,,,,,,,1,2,3,1.0,7.0
201000046783,0010-09-14 12:05:00,10,9,14,12,5,900,10,RICHELIEU (PONT),,,Plein jour,En agglomération,Intersection en T,Normale,Autre collision,,,,,,,,,,,1,2,3,1.0,6.0
201000046784,0010-09-14 16:38:00,10,9,14,16,38,900,10,KENNEDY (BOULEVARD),,,Plein jour,En agglomération,Intersection en T,Normale,Autre collision,,,,,,,,,,,1,2,3,1.0,6.0
201000046785,0010-09-14 17:40:00,10,9,14,17,40,900,10,"1, REMPARTS (RUE SOUS LE",,,Plein jour,En agglomération,Intersection en T,Normale,Autre collision,,,,,,,,,,,1,2,3,1.0,6.0
201000046786,0010-09-17 17:10:00,10,9,17,17,10,900,75,BRIAND (RUE ARISTIDE),,,Plein jour,En agglomération,Intersection en T,Normale,Deux véhicules - frontale,,,,,,,,,,,1,2,3,1.0,1.0
201000046787,0010-09-20 11:55:00,10,9,20,11,55,900,10,PREMIERE ARMEE FRANCAISE,,,Plein jour,En agglomération,Hors intersection,Normale,Deux véhicules - côté,,,,,,,,,,,1,2,1,1.0,3.0
201000046788,0010-09-21 17:00:00,10,9,21,17,0,900,10,"21, DUNANT (BOULEVARD HE",,,Plein jour,En agglomération,Hors intersection,Normale,Deux véhicules - arrière,,,,,,,,,,,1,2,1,1.0,2.0
201000046789,0010-09-22 08:30:00,10,9,22,8,30,900,10,LAURENCIE (AVENUE CAPITA,,,Plein jour,En agglomération,Intersection en X,Normale,Deux véhicules - arrière,,,,,,,,,,,1,2,2,1.0,2.0
201000046790,0010-09-22 16:40:00,10,9,22,16,40,900,10,"3, rue des sciences et d",,,Plein jour,En agglomération,Hors intersection,Normale,Deux véhicules - arrière,,,,,,,,,,,1,2,1,1.0,2.0
201000046791,0010-09-24 10:45:00,10,9,24,10,45,900,10,"1, DE GAULLE (AVENUE DU",,,Plein jour,En agglomération,Autre intersection,Normale,Deux véhicules - côté,,,,,,,,,,,1,2,9,1.0,3.0
201000046792,0010-09-27 13:25:00,10,9,27,13,25,900,10,"6, SCHUMAN (PLACE)",,,Plein jour,En agglomération,Hors intersection,Normale,Autre collision,,,,,,,,,,,1,2,1,1.0,6.0
201000046793,0010-09-28 12:12:00,10,9,28,12,12,900,10,"1, PREMIERE ARMEE FRANCA",,,Plein jour,En agglomération,Hors intersection,Normale,Sans collision,,,,,,,,,,,1,2,1,1.0,7.0
201000046794,0010-09-30 07:10:00,10,9,30,7,10,900,10,"13, LAURENCIE (AVENUE CA",,,Crépuscule ou aube,En agglomération,Hors intersection,Normale,Trois véhicules et plus - collisions multiples,,,,,,,,,,,2,2,1,1.0,5.0
201000046795,0010-10-02 12:00:00,10,10,2,12,0,900,10,"1, VAUBAN (QUAI)",,,Plein jour,En agglomération,Intersection en X,Normale,Deux véhicules - frontale,,,,,,,,,,,1,2,2,1.0,1.0
201000046796,0010-10-02 19:54:00,10,10,2,19,54,900,10,"1, RENAUD DE BOURGOGNE (",,,Nuit avec éclairage allumé,En agglomération,Intersection en X,Normale,Deux véhicules - frontale,,,,,,,,,,,5,2,2,1.0,1.0
201000046797,0010-10-07 09:35:00,10,10,7,9,35,900,10,"1, CARNOT (BOULEVARD)",,,Plein jour,En agglomération,Intersection en X,Normale,Trois véhicules et plus - en chaîne,,,,,,,,,,,1,2,2,1.0,4.0
201000046798,0010-10-11 12:45:00,10,10,11,12,45,900,39,"1, DE GAULLE (RUE DU GEN",,,Plein jour,En agglomération,Hors intersection,Normale,Trois véhicules et plus - en chaîne,,,,,,,,,,,1,2,1,1.0,4.0
201000046799,0010-10-09 18:05:00,10,10,9,18,5,900,1,"1, ASSISE (HAMEAU DE L')",,,Plein jour,En agglomération,Hors intersection,Normale,Sans collision,,,,,,,,,,,1,2,1,1.0,7.0
201000046800,0010-10-10 11:50:00,10,10,10,11,50,900,32,D47A,,,Plein jour,En agglomération,Giratoire,Normale,Deux véhicules - côté,,,,,,,,,,,1,2,6,1.0,3.0
201000046801,0010-10-11 14:05:00,10,10,11,14,5,900,10,CLEMENCEAU (BOULEVARD),,,Plein jour,En agglomération,Hors intersection,Normale,Deux véhicules - côté,,,,,,,,,,,1,2,1,1.0,3.0
201000046802,0010-10-13 20:49:00,10,10,13,20,49,900,10,ANCETRES (FAUBOURG DES),,,Nuit avec éclairage allumé,En agglomération,Intersection en X,Normale,Deux véhicules - côté,,,,,,,,,,,5,2,2,1.0,3.0
201000046803,0010-10-14 14:30:00,10,10,14,14,30,900,10,"11, FONTAINE (RUE JEAN D",,,Plein jour,En agglomération,Hors intersection,Normale,Autre collision,,,,,,,,,,,1,2,1,1.0,6.0
201000046804,0010-10-15 20:13:00,10,10,15,20,13,900,10,"5, ALTKIRCH (AVENUE)",,,Nuit avec éclairage allumé,En agglomération,Intersection en T,Normale,Deux véhicules - côté,,,,,,,,,,,5,2,3,1.0,3.0
201000046805,0010-10-19 03:55:00,10,10,19,3,55,900,10,"3, KENNEDY (BOULEVARD)",,,Nuit avec éclairage allumé,En agglomération,Intersection en X,Normale,Deux véhicules - frontale,,,,,,,,,,,5,2,2,1.0,1.0
201000046806,0010-10-19 17:20:00,10,10,19,17,20,900,99,"1, ZOLA (RUE EMILE)",,,Plein jour,En agglomération,Intersection en T,Pluie légère,Deux véhicules - côté,,,,,,,,,,,1,2,3,2.0,3.0
201000046807,0010-10-20 14:20:00,10,10,20,14,20,900,10,JAURES (AVENUE JEAN) A 1,,,Plein jour,En agglomération,Intersection en T,Normale,Deux véhicules - côté,,,,,,,,,,,1,2,3,1.0,3.0
201000046808,0010-10-21 20:05:00,10,10,21,20,5,900,10,LECLERC (AVENUE),,,Nuit avec éclairage allumé,En agglomération,Intersection en X,Normale,Deux véhicules - côté,,,,,,,,,,,5,2,2,1.0,3.0
201000046809,0010-10-22 21:25:00,10,10,22,21,25,900,10,"62, JAURES (AVENUE JEAN)",,,Nuit avec éclairage allumé,En agglomération,Hors intersection,Temps couvert,Deux véhicules - arrière,,,,,,,,,,,5,2,1,8.0,2.0
201000046810,0010-10-23 12:00:00,10,10,23,12,0,900,10,"1, JAURES (AVENUE JEAN)",,,Plein jour,En agglomération,Hors intersection,Normale,Sans collision,,,,,,,,,,,1,2,1,1.0,7.0
201000046811,0010-10-27 06:59:00,10,10,27,6,59,900,75,"1, BRIAND (RUE ARISTIDE)",,,Nuit avec éclairage allumé,En agglomération,Giratoire,Normale,Deux véhicules - côté,,,,,,,,,,,5,2,6,1.0,3.0
201000046812,0010-10-28 18:25:00,10,10,28,18,25,900,10,"20, SAINT ANTOINE (RUE)",,,Crépuscule ou aube,En agglomération,Hors intersection,Normale,Autre collision,,,,,,,,,,,2,2,1,1.0,6.0
201000046813,0010-10-29 15:50:00,10,10,29,15,50,900,10,"1, JUIN (AVENUE DU MAREC",,,Plein jour,En agglomération,Intersection en X,Normale,Deux véhicules - côté,,,,,,,,,,,1,2,2,1.0,3.0
201000046814,0010-10-30 01:01:00,10,10,30,1,1,900,76,"1, ROSIERS (RUE DES)",,,Nuit sans éclairage public,En agglomération,Hors intersection,Normale,Autre collision,,,,,,,,,,,3,2,1,1.0,6.0
201000046815,0010-10-30 18:10:00,10,10,30,18,10,900,10,"1, MADAGASCAR (RUE DE)",,,Nuit avec éclairage allumé,En agglomération,Hors intersection,Normale,Deux véhicules - côté,,,,,,,,,,,5,2,1,1.0,3.0
201000046816,0010-10-30 20:15:00,10,10,30,20,15,900,8,BELFORT (RUE DE),,,Nuit sans éclairage public,En agglomération,Hors intersection,Pluie légère,Trois véhicules et plus - en chaîne,,,,,,,,,,,3,2,1,2.0,4.0
201000046817,0010-10-30 22:32:00,10,10,30,22,32,900,10,"125, JAURES (AVENUE JEAN",,,Nuit avec éclairage allumé,En agglomération,Hors intersection,Pluie légère,Deux véhicules - arrière,,,,,,,,,,,5,2,1,2.0,2.0
201000046818,0010-11-05 14:05:00,10,11,5,14,5,900,8,"27 A, GRAND'RUE",,,Plein jour,En agglomération,Hors intersection,Normale,Autre collision,,,,,,,,,,,1,2,1,1.0,6.0
201000046819,0010-11-08 17:25:00,10,11,8,17,25,900,10,"1, LECLERC (AVENUE)",,,Nuit avec éclairage non allumé,En agglomération,Hors intersection,Pluie légère,Autre collision,,,,,,,,,,,4,2,1,2.0,6.0
201000046820,0010-11-08 18:00:00,10,11,8,18,0,900,10,"1, RIBEAUVILLE (RUE DE)",,,Nuit avec éclairage allumé,En agglomération,Intersection en X,Pluie légère,Autre collision,,,,,,,,,,,5,2,2,2.0,6.0
201000046821,0010-11-10 10:30:00,10,11,10,10,30,900,10,JAURES (AVENUE JEAN) A 1,,,Plein jour,En agglomération,Hors intersection,Pluie légère,Deux véhicules - côté,,,,,,,,,,,1,2,1,2.0,3.0
201000046822,0010-11-10 16:55:00,10,11,10,16,55,900,10,"5, JUIN (AVENUE DU MAREC",,,Crépuscule ou aube,En agglomération,Intersection en X,Pluie forte,Deux véhicules - arrière,,,,,,,,,,,2,2,2,3.0,2.0
201000046823,0010-11-11 19:10:00,10,11,11,19,10,900,10,"1, VOLTAIRE (RUE )",,,Nuit avec éclairage allumé,En agglomération,Hors intersection,Pluie forte,Deux véhicules - côté,,,,,,,,,,,5,2,1,3.0,3.0
201000046824,0010-11-15 22:15:00,10,11,15,22,15,900,1,"1, MONTBELIARD (ROUTE DE",,,Nuit avec éclairage allumé,En agglomération,Hors intersection,Pluie légère,Autre collision,,,,,,,,,,,5,2,1,2.0,6.0
201000046825,0010-11-16 20:40:00,10,11,16,20,40,900,39,"1, DE GAULLE (RUE DU GEN",,,Nuit avec éclairage allumé,En agglomération,Hors intersection,Normale,Deux véhicules - côté,,,,,,,,,,,5,2,1,1.0,3.0
201000046826,0010-11-17 07:30:00,10,11,17,7,30,900,99,TURENNE (RUE DE),,,Plein jour,En agglomération,Hors intersection,Normale,Deux véhicules - frontale,,,,,,,,,,,1,2,1,1.0,1.0
201000046827,0010-11-18 23:20:00,10,11,18,23,20,900,10,"45, MULHOUSE (RUE DE)",,,Nuit avec éclairage allumé,En agglomération,Hors intersection,Normale,Autre collision,,,,,,,,,,,5,2,1,1.0,6.0
201000046828,0010-11-19 19:20:00,10,11,19,19,20,900,10,ALTKIRCH (AVENUE),,,Plein jour,En agglomération,Hors intersection,Normale,Autre collision,,,,,,,,,,,1,2,1,1.0,6.0
201000046829,0010-11-22 16:10:00,10,11,22,16,10,900,10,JAURES (AVENUE JEAN) A 1,,,Plein jour,En agglomération,Intersection en T,Pluie légère,Deux véhicules - côté,,,,,,,,,,,1,2,3,2.0,3.0
201000046830,0010-11-23 17:45:00,10,11,23,17,45,900,75,BRIAND (RUE ARISTIDE),,,Nuit avec éclairage allumé,En agglomération,Hors intersection,Normale,Autre collision,,,,,,,,,,,5,2,1,1.0,6.0
201000046831,0010-11-25 01:08:00,10,11,25,1,8,900,10,"2, VAUBAN (QUAI)",,,Nuit avec éclairage allumé,En agglomération,Intersection en X,Neige / grêle,Autre collision,,,,,,,,,,,5,2,2,4.0,6.0
201000046832,0010-11-27 12:00:00,10,11,27,12,0,900,10,"1, MARSEILLE (RUE DE)",,,Plein jour,En agglomération,Hors intersection,Neige / grêle,Autre collision,,,,,,,,,,,1,2,1,4.0,6.0
201000046833,0010-12-02 10:35:00,10,12,2,10,35,900,10,TURENNE (RUE DE),,,Plein jour,En agglomération,Intersection en T,Normale,Autre collision,,,,,,,,,,,1,2,3,1.0,6.0
201000046834,0010-12-04 14:25:00,10,12,4,14,25,900,99,"35, TURENNE (RUE DE)",,,Plein jour,En agglomération,Hors intersection,Normale,Autre collision,,,,,,,,,,,1,2,1,1.0,6.0
201000046835,0010-12-04 18:45:00,10,12,4,18,45,900,1,"1, MONTBELIARD (ROUTE DE",,,Nuit sans éclairage public,En agglomération,Hors intersection,Normale,Deux véhicules - arrière,,,,,,,,,,,3,2,1,1.0,2.0
201000046836,0010-12-06 10:00:00,10,12,6,10,0,900,10,"1, PASTEUR (RUE)",,,Plein jour,En agglomération,Intersection en T,Pluie légère,Deux véhicules - côté,,,,,,,,,,,1,2,3,2.0,3.0
201000046837,0010-12-11 11:39:00,10,12,11,11,39,900,75,"16, CERISIERS (RUE DES)",,,Plein jour,En agglomération,Hors intersection,Normale,Autre collision,,,,,,,,,,,1,2,1,1.0,6.0
201000046838,0010-12-12 04:45:00,10,12,12,4,45,900,10,KENNEDY (BOULEVARD),,,Nuit avec éclairage allumé,En agglomération,Hors intersection,Normale,Autre collision,,,,,,,,,,,5,2,1,1.0,6.0
201000046839,0010-12-13 13:22:00,10,12,13,13,22,900,10,"3, BLUM (RUE LEON)",,,Plein jour,En agglomération,Hors intersection,Normale,Autre collision,,,,,,,,,,,1,2,1,1.0,6.0
201000046840,0010-12-13 15:45:00,10,12,13,15,45,900,10,FRANCE BOULEVARD ANATOLE,,,Plein jour,En agglomération,Intersection en X,Normale,Deux véhicules - côté,,,,,,,,,,,1,2,2,1.0,3.0
201000046841,0010-12-15 23:00:00,10,12,15,23,0,900,10,"2, PONT NEUF (RUE DU)",,,Nuit avec éclairage allumé,En agglomération,Hors intersection,Neige / grêle,Autre collision,,,,,,,,,,,5,2,1,4.0,6.0
201000046842,0010-12-20 09:50:00,10,12,20,9,50,900,99,"18, CARNOT (RUE)",,,Plein jour,En agglomération,Hors intersection,Pluie légère,Sans collision,,,,,,,,,,,1,2,1,2.0,7.0
201000046843,0010-12-24 14:15:00,10,12,24,14,15,900,10,"19, ANCETRES (FAUBOURG D",,,Plein jour,En agglomération,Hors intersection,Neige / grêle,Deux véhicules - côté,,,,,,,,,,,1,2,1,4.0,3.0
201000046844,0010-12-27 16:05:00,10,12,27,16,5,900,10,KENNEDY (BOULEVARD),,,Plein jour,En agglomération,Intersection en X,Neige / grêle,Deux véhicules - côté,,,,,,,,,,,1,2,2,4.0,3.0
201000046845,0010-12-30 13:55:00,10,12,30,13,55,900,10,"1, CARNOT (BOULEVARD)",,,Plein jour,En agglomération,Hors intersection,Normale,Autre collision,,,,,,,,,,,1,2,1,1.0,6.0
201000046846,0010-01-29 14:30:00,10,1,29,14,30,910,552,"01, ALLENDE SALVADOR (AV",,,Plein jour,En agglomération,Hors intersection,Normale,Deux véhicules - côté,,,,,,,,,,,1,2,1,1.0,3.0
201000046847,0010-01-30 23:00:00,10,1,30,23,0,910,103,"1, CD 19",,,Nuit sans éclairage public,Hors agglomération,Hors intersection,Normale,Autre collision,,,,,,,,,,,3,1,1,1.0,6.0
201000046848,0010-01-30 23:00:00,10,1,30,23,0,910,425,"X, RN 20",,,Nuit avec éclairage allumé,En agglomération,Hors intersection,Normale,Trois véhicules et plus - en chaîne,,,,,,,,,,,5,2,1,1.0,4.0
201000046849,0010-02-01 19:10:00,10,2,1,19,10,910,425,"01, NATIONALE 20 (ROUTE)",,,Nuit avec éclairage allumé,En agglomération,Hors intersection,Normale,Autre collision,,,,,,,,,,,5,2,1,1.0,6.0
201000046850,0010-02-03 19:00:00,10,2,3,19,0,910,425,"01, RN 20",,,Nuit sans éclairage public,Hors agglomération,Hors intersection,Normale,Trois véhicules et plus - collisions multiples,,,,,,,,,,,3,1,1,1.0,5.0
201000046851,0010-02-05 22:30:00,10,2,5,22,30,910,425,"01, RN 20",,,Nuit avec éclairage allumé,Hors agglomération,Hors intersection,Normale,Deux véhicules - côté,,,,,,,,,,,5,1,1,1.0,3.0
201000046852,0010-02-10 12:30:00,10,2,10,12,30,910,339,"01, RN 20",,,Plein jour,Hors agglomération,Hors intersection,Neige / grêle,Trois véhicules et plus - en chaîne,,,,,,,,,,,1,1,1,4.0,4.0
201000046853,0010-02-10 17:00:00,10,2,10,17,0,910,21,HOCHE (AVENUE),,,Plein jour,En agglomération,Hors intersection,Normale,Autre collision,,,,,,,,,,,1,2,1,1.0,6.0
201000046854,0010-02-14 06:30:00,10,2,14,6,30,910,21,"42, HOCHE (AVENUE)",,,Nuit avec éclairage allumé,En agglomération,Hors intersection,Neige / grêle,Autre collision,,,,,,,,,,,5,2,1,4.0,6.0
201000046855,0010-01-14 08:00:00,10,1,14,8,0,910,347,"02, MESNIL (RUE DU)",,,Plein jour,En agglomération,Hors intersection,Normale,Deux véhicules - arrière,,,,,,,,,,,1,2,1,1.0,2.0
201000046856,0010-02-17 14:00:00,10,2,17,14,0,910,103,CD 19,,,Plein jour,Hors agglomération,Hors intersection,Normale,Sans collision,,,,,,,,,,,1,1,1,1.0,7.0
201000046857,0010-02-27 15:45:00,10,2,27,15,45,910,103,"78 bis, VALORGE (RUE DE)",,,Plein jour,En agglomération,Hors intersection,Normale,Autre collision,,,,,,,,,,,1,2,1,1.0,6.0
201000046858,0010-03-07 01:20:00,10,3,7,1,20,910,103,"01, CD 19",,,Nuit sans éclairage public,Hors agglomération,Hors intersection,Normale,Deux véhicules - arrière,,,,,,,,,,,3,1,1,1.0,2.0
201000046859,0010-03-16 07:15:00,10,3,16,7,15,910,425,"01, RN 20",,,Plein jour,Hors agglomération,Hors intersection,Normale,Trois véhicules et plus - collisions multiples,,,,,,,,,,,1,1,1,1.0,5.0
201000046860,0010-03-21 18:00:00,10,3,21,18,0,910,339,"01, HAUTS CHUPINS (CHEMI",,,Plein jour,En agglomération,Hors intersection,Normale,Autre collision,,,,,,,,,,,1,2,1,1.0,6.0
201000046861,0010-03-30 04:20:00,10,3,30,4,20,910,339,"01, DIVISION LECLERC (RU",,,Nuit sans éclairage public,Hors agglomération,Autre intersection,Normale,Deux véhicules - côté,,,,,,,,,,,3,1,9,1.0,3.0
201000046862,0010-04-05 15:55:00,10,4,5,15,55,910,552,"01, AULNAY (ROUTE D')",,,Plein jour,En agglomération,Hors intersection,Normale,Deux véhicules - côté,,,,,,,,,,,1,2,1,1.0,3.0
201000046863,0010-04-16 19:05:00,10,4,16,19,5,910,552,"01, NATIONALE 20 (ROUTE)",,,Plein jour,Hors agglomération,Hors intersection,Normale,Deux véhicules - arrière,,,,,,,,,,,1,1,1,1.0,2.0
201000046864,0010-04-29 16:30:00,10,4,29,16,30,910,21,"10, DIVISION LECLERC (AV",,,Plein jour,En agglomération,Hors intersection,Normale,Deux véhicules - côté,,,,,,,,,,,1,2,1,1.0,3.0
201000046865,0010-04-30 18:50:00,10,4,30,18,50,910,339,RN 20,,,Plein jour,Hors agglomération,Hors intersection,Normale,Deux véhicules - arrière,,,,,,,,,,,1,1,1,1.0,2.0
201000046866,0010-05-05 18:30:00,10,5,5,18,30,910,425,"54, RN 20",,,Plein jour,Hors agglomération,Hors intersection,Normale,Deux véhicules - arrière,,,,,,,,,,,1,1,1,1.0,2.0
201000046867,0010-05-07 17:00:00,10,5,7,17,0,910,347,TEMPLIERS (ROUTE DES),,,Plein jour,En agglomération,Intersection en X,Normale,Deux véhicules - frontale,,,,,,,,,,,1,2,2,1.0,1.0
201000046868,0010-05-12 10:20:00,10,5,12,10,20,910,339,RN 20,,,Plein jour,Hors agglomération,Hors intersection,Normale,Trois véhicules et plus - collisions multiples,,,,,,,,,,,1,1,1,1.0,5.0
201000046869,0010-05-12 15:05:00,10,5,12,15,5,910,21,"X, MARCHE (PLACE DU)",,,Plein jour,En agglomération,Hors intersection,Normale,Deux véhicules - côté,,,,,,,,,,,1,2,1,1.0,3.0
201000046870,0010-05-15 15:45:00,10,5,15,15,45,910,103,"40, ROZANOFF (AVENUE DU",,,Plein jour,En agglomération,Intersection en X,Normale,Deux véhicules - arrière,,,,,,,,,,,1,2,2,1.0,2.0
201000046871,0010-06-01 08:10:00,10,6,1,8,10,910,552,"X, RN 20",,,Plein jour,Hors agglomération,Hors intersection,Normale,Deux véhicules - côté,,,,,,,,,,,1,1,1,1.0,3.0
201000046872,0010-06-05 13:40:00,10,6,5,13,40,910,103,"X, FERTE ALAIS (CHEMIN",,,Plein jour,Hors agglomération,Hors intersection,Normale,Deux véhicules - frontale,,,,,,,,,,,1,1,1,1.0,1.0
201000046873,0010-06-09 14:30:00,10,6,9,14,30,910,21,"X, BROSSOLETTE PIERRE (B",,,Plein jour,En agglomération,Hors intersection,Pluie légère,Deux véhicules - arrière,,,,,,,,,,,1,2,1,2.0,2.0
201000046874,0010-06-21 13:38:00,10,6,21,13,38,910,103,"X, BLUM LEON (RUE)",,,Plein jour,En agglomération,Intersection en T,Normale,Deux véhicules - côté,,,,,,,,,,,1,2,3,1.0,3.0
201000046875,0010-06-24 13:40:00,10,6,24,13,40,910,339,RN 20,,,Plein jour,En agglomération,Hors intersection,Normale,Trois véhicules et plus - en chaîne,,,,,,,,,,,1,2,1,1.0,4.0
201000046876,0010-06-28 08:55:00,10,6,28,8,55,910,103,BRANLY EDOUARD (AVENUE),,,Plein jour,En agglomération,Intersection en X,Normale,Autre collision,,,,,,,,,,,1,2,2,1.0,6.0
201000046877,0010-06-28 15:15:00,10,6,28,15,15,910,21,"X, CROIX D'EGLY (RUE DE",,,Plein jour,En agglomération,Intersection en T,Normale,Deux véhicules - arrière,,,,,,,,,,,1,2,3,1.0,2.0
201000046878,0010-07-02 19:05:00,10,7,2,19,5,910,339,"34, DIVISION LECLERC (RU",,,Plein jour,En agglomération,Hors intersection,Normale,Autre collision,,,,,,,,,,,1,2,1,1.0,6.0
201000046879,0010-07-04 20:00:00,10,7,4,20,0,910,103,"X, ALLENDE SALVADOR (RUE",,,Plein jour,En agglomération,Hors intersection,Normale,Deux véhicules - côté,,,,,,,,,,,1,2,1,1.0,3.0
201000046880,0010-07-12 21:15:00,10,7,12,21,15,910,425,RN 20,,,Plein jour,En agglomération,Intersection en X,Normale,Deux véhicules - côté,,,,,,,,,,,1,2,2,1.0,3.0
201000046881,0010-07-13 19:55:00,10,7,13,19,55,910,347,MONTLHERY (ROUTE DE),,,Plein jour,En agglomération,Intersection en X,Normale,Deux véhicules - côté,,,,,,,,,,,1,2,2,1.0,3.0
201000046882,0010-07-13 22:15:00,10,7,13,22,15,910,103,"X, BLUM LEON (RUE)",,,Plein jour,En agglomération,Hors intersection,Normale,Deux véhicules - arrière,,,,,,,,,,,1,2,1,1.0,2.0
201000046883,0010-07-24 19:40:00,10,7,24,19,40,910,103,"X, MAISON NEUVE (AVENUE",,,Plein jour,En agglomération,Hors intersection,Normale,Deux véhicules - arrière,,,,,,,,,,,1,2,1,1.0,2.0
201000046884,0010-07-25 23:00:00,10,7,25,23,0,910,425,RN 20,,,Nuit avec éclairage allumé,En agglomération,Hors intersection,Normale,Trois véhicules et plus - collisions multiples,,,,,,,,,,,5,2,1,1.0,5.0
201000046885,0010-07-28 18:30:00,10,7,28,18,30,910,425,"X, BOURGUIGNONS (RUE DES",,,Plein jour,En agglomération,Hors intersection,Normale,Deux véhicules - côté,,,,,,,,,,,1,2,1,1.0,3.0
201000046886,0010-08-07 09:45:00,10,8,7,9,45,910,339,"X, DIVISION LECLERC (RUE",,,Plein jour,En agglomération,Hors intersection,Normale,Deux véhicules - côté,,,,,,,,,,,1,2,1,1.0,3.0
201000046887,0010-08-18 08:45:00,10,8,18,8,45,910,21,RN 20,,,Plein jour,En agglomération,Hors intersection,Normale,Deux véhicules - côté,,,,,,,,,,,1,2,1,1.0,3.0
201000046888,0010-08-19 18:20:00,10,8,19,18,20,910,347,20 R DE LORMOY,,,Plein jour,En agglomération,Hors intersection,Normale,Deux véhicules - frontale,,,,,,,,,,,1,2,1,1.0,1.0
201000046889,0010-08-20 15:30:00,10,8,20,15,30,910,457,"X, CD 19",,,Plein jour,Hors agglomération,Hors intersection,Normale,Trois véhicules et plus - collisions multiples,,,,,,,,,,,1,1,1,1.0,5.0
201000046890,0010-08-21 22:30:00,10,8,21,22,30,910,103,"X, LEUVILLE (RUE DE)",,,Nuit avec éclairage allumé,En agglomération,Hors intersection,Normale,Deux véhicules - frontale,,,,,,,,,,,5,2,1,1.0,1.0
201000046891,0010-08-23 06:50:00,10,8,23,6,50,910,425,RN 20,,,Plein jour,En agglomération,Hors intersection,Normale,Deux véhicules - arrière,,,,,,,,,,,1,2,1,1.0,2.0
201000046892,0010-08-26 19:00:00,10,8,26,19,0,910,103,"13, ALLENDE SALVADOR (RU",,,Plein jour,En agglomération,Hors intersection,Pluie légère,Deux véhicules - frontale,,,,,,,,,,,1,2,1,2.0,1.0
201000046893,0010-08-28 14:45:00,10,8,28,14,45,910,103,"X, CD 19",,,Plein jour,En agglomération,Hors intersection,Normale,Trois véhicules et plus - collisions multiples,,,,,,,,,,,1,2,1,1.0,5.0
201000046894,0010-08-29 22:00:00,10,8,29,22,0,910,339,TABOR (CHEMIN DE),,,Nuit avec éclairage allumé,En agglomération,Hors intersection,Normale,Deux véhicules - côté,,,,,,,,,,,5,2,1,1.0,3.0