accident_id,datetime,annee,mois,jour,heure,minute,departement,commune_insee,adresse,latitude,longitude,luminosite,agglomeration,intersection,meteo,collision,nb_vehicules,nb_usagers,nb_indemnes,nb_tues,nb_blesses_hosp,nb_blesses_legers,age_cond_1,age_cond_2,veh_type_cond_1,veh_type_cond_2,lum_code,agg_code,int_code,atm_code,col_code
201000047022,0010-07-29 20:30:00,10,7,29,20,30,910,174,FONTAINEBLEAU (BD),,,Plein jour,En agglomération,Hors intersection,Normale,Autre collision,,,,,,,,,,,1,2,1,1.0,6.0
201000047023,0010-08-19 08:55:00,10,8,19,8,55,910,174,"10, COMBES MARNES(BOULEV",,,Plein jour,En agglomération,Intersection en T,Normale,Deux véhicules - côté,,,,,,,,,,,1,2,3,1.0,3.0
201000047024,0010-09-10 09:50:00,10,9,10,9,50,910,174,"35, General Leclerc (rue",,,Plein jour,En agglomération,Hors intersection,Normale,Autre collision,,,,,,,,,,,1,2,1,1.0,6.0
201000047025,0010-09-11 11:15:00,10,9,11,11,15,910,174,"27, JEAN JAURES (BOULEVA",,,Plein jour,En agglomération,Hors intersection,Normale,Deux véhicules - arrière,,,,,,,,,,,1,2,1,1.0,2.0
201000047026,0010-08-23 12:18:00,10,8,23,12,18,910,174,"2, CARNOT(AVENUE)",,,Plein jour,En agglomération,Intersection en T,Pluie forte,Deux véhicules - côté,,,,,,,,,,,1,2,3,3.0,3.0
201000047027,0010-10-05 08:30:00,10,10,5,8,30,910,174,JOHN KENNEDY (BOULEVARD),,,Plein jour,En agglomération,Hors intersection,Pluie légère,Trois véhicules et plus - collisions multiples,,,,,,,,,,,1,2,1,2.0,5.0
201000047028,0010-11-03 17:45:00,10,11,3,17,45,910,174,"91, DUNANT ( BD HENRI)",,,Crépuscule ou aube,En agglomération,Hors intersection,Pluie légère,Deux véhicules - côté,,,,,,,,,,,2,2,1,2.0,3.0
201000047029,0010-10-11 18:00:00,10,10,11,18,0,910,174,"25, JOYEUX (RUE LOUIS)",,,Plein jour,En agglomération,Hors intersection,Normale,Autre collision,,,,,,,,,,,1,2,1,1.0,6.0
201000047030,0010-10-22 17:45:00,10,10,22,17,45,910,174,"2, PATTON (PONT)",,,Plein jour,En agglomération,Hors intersection,Normale,Autre collision,,,,,,,,,,,1,2,1,1.0,6.0
201000047031,0010-10-21 11:15:00,10,10,21,11,15,910,174,"45, DUNANT ( BD HENRI)",,,Plein jour,En agglomération,Intersection en T,Normale,Autre collision,,,,,,,,,,,1,2,3,1.0,6.0
201000047032,0010-09-30 13:20:00,10,9,30,13,20,910,174,COMBES MARNES(BOULEVARD),,,Plein jour,En agglomération,Intersection en T,Normale,Deux véhicules - côté,,,,,,,,,,,1,2,3,1.0,3.0
201000047033,0010-10-20 17:00:00,10,10,20,17,0,910,174,"131, JOHN KENNEDY (BOULE",,,Plein jour,En agglomération,Hors intersection,Normale,Autre collision,,,,,,,,,,,1,2,1,1.0,6.0
201000047034,0010-11-05 12:40:00,10,11,5,12,40,910,174,PARIS (RUE),,,Plein jour,En agglomération,Intersection en X,Normale,Deux véhicules - côté,,,,,,,,,,,1,2,2,1.0,3.0
201000047035,0010-11-07 19:10:00,10,11,7,19,10,910,174,COMBES MARNES(BOULEVARD),,,Nuit avec éclairage allumé,En agglomération,Hors intersection,Normale,Autre collision,,,,,,,,,,,5,2,1,1.0,6.0
201000047036,0010-09-29 07:10:00,10,9,29,7,10,910,174,ST SPIRE(RUE),,,Nuit avec éclairage allumé,Hors agglomération,Hors intersection,Normale,Autre collision,,,,,,,,,,,5,1,1,1.0,6.0
201000047037,0010-11-10 17:15:00,10,11,10,17,15,910,174,DUNANT ( BD HENRI),,,Crépuscule ou aube,En agglomération,Hors intersection,Normale,Autre collision,,,,,,,,,,,2,2,1,1.0,6.0
201000047038,0010-11-20 18:40:00,10,11,20,18,40,910,174,"28, WALDECK ROUSSEAU(RUE",,,Nuit avec éclairage allumé,En agglomération,Hors intersection,Normale,Deux véhicules - arrière,,,,,,,,,,,5,2,1,1.0,2.0
201000047039,0010-12-01 17:20:00,10,12,1,17,20,910,174,"144, PAPETERIE(RUE)",,,Nuit sans éclairage public,En agglomération,Hors intersection,Normale,Deux véhicules - côté,,,,,,,,,,,3,2,1,1.0,3.0
201000047040,0010-12-08 12:15:00,10,12,8,12,15,910,174,"4, PARIS (RUE)",,,Plein jour,En agglomération,Hors intersection,Normale,Deux véhicules - côté,,,,,,,,,,,1,2,1,1.0,3.0
201000047041,0010-12-03 09:45:00,10,12,3,9,45,910,174,JEAN COCTEAU (RUE),,,Plein jour,En agglomération,Giratoire,Normale,Deux véhicules - côté,,,,,,,,,,,1,2,6,1.0,3.0
201000047042,0010-12-03 10:00:00,10,12,3,10,0,910,174,"42, PARIS (RUE)",,,Plein jour,En agglomération,Hors intersection,Temps éblouissant,Autre collision,,,,,,,,,,,1,2,1,7.0,6.0
201000047043,0010-11-25 19:45:00,10,11,25,19,45,910,174,"00, DOCTEUR VIGNE(RUE DU",,,Nuit avec éclairage allumé,En agglomération,Hors intersection,Pluie légère,Autre collision,,,,,,,,,,,5,2,1,2.0,6.0
201000047044,0010-11-24 15:50:00,10,11,24,15,50,910,174,PARIS (RUE),,,Plein jour,En agglomération,Intersection en X,Temps couvert,Deux véhicules - côté,,,,,,,,,,,1,2,2,8.0,3.0
201000047045,0010-12-13 14:10:00,10,12,13,14,10,910,174,"76, FERAY ( rue )",,,Plein jour,En agglomération,Hors intersection,Pluie légère,Autre collision,,,,,,,,,,,1,2,1,2.0,6.0
201000047046,0010-01-12 13:13:00,10,1,12,13,13,910,201,EMILE FRUCHARD(AVENUE),,,Plein jour,En agglomération,Hors intersection,Normale,Deux véhicules - arrière,,,,,,,,,,,1,2,1,1.0,2.0
201000047047,0010-02-03 15:48:00,10,2,3,15,48,910,201,HENRI BARBUSSE(BOULEVARD,,,Plein jour,En agglomération,Hors intersection,Temps couvert,Autre collision,,,,,,,,,,,1,2,1,8.0,6.0
201000047048,0010-02-13 20:10:00,10,2,13,20,10,910,657,CONCORDE (AVENUE),,,Nuit avec éclairage allumé,En agglomération,Intersection en X,Normale,Deux véhicules - côté,,,,,,,,,,,5,2,2,1.0,3.0
201000047049,0010-01-02 19:25:00,10,1,2,19,25,910,201,REPUBLIQUE (PLACE DE LA),,,Nuit sans éclairage public,En agglomération,Hors intersection,Normale,Deux véhicules - arrière,,,,,,,,,,,3,2,1,1.0,2.0
201000047050,0010-01-14 19:50:00,10,1,14,19,50,910,201,EUGENE DELACROIX(AVENUE),,,Nuit sans éclairage public,En agglomération,Hors intersection,Normale,Autre collision,,,,,,,,,,,3,2,1,1.0,6.0
201000047051,0010-02-06 15:00:00,10,2,6,15,0,910,657,ROGER SALENGRO (RUE),,,Plein jour,En agglomération,Intersection en X,Normale,Deux véhicules - côté,,,,,,,,,,,1,2,2,1.0,3.0
201000047052,0010-02-09 21:55:00,10,2,9,21,55,910,201,EUGENE DELACROIX(AVENUE),,,Nuit avec éclairage allumé,En agglomération,Intersection en X,Normale,Deux véhicules - côté,,,,,,,,,,,5,2,2,1.0,3.0
201000047053,0010-03-17 17:15:00,10,3,17,17,15,910,657,ACCACIAS (RUE DES ),,,Plein jour,En agglomération,Intersection en X,Normale,Sans collision,,,,,,,,,,,1,2,2,1.0,7.0
201000047054,0010-03-11 15:15:00,10,3,11,15,15,910,657,HENRI CHARON (AVENUE),,,Plein jour,En agglomération,Intersection en X,Normale,Deux véhicules - côté,,,,,,,,,,,1,2,2,1.0,3.0
201000047055,0010-03-29 22:15:00,10,3,29,22,15,910,657,HENRI BARBUSSE (AVENUE),,,Nuit sans éclairage public,En agglomération,Intersection en X,Normale,Deux véhicules - côté,,,,,,,,,,,3,2,2,1.0,3.0
201000047056,0010-03-23 20:40:00,10,3,23,20,40,910,201,HENRI BARBUSSE(BOULEVARD,,,Nuit avec éclairage allumé,En agglomération,Hors intersection,Normale,Deux véhicules - arrière,,,,,,,,,,,5,2,1,1.0,2.0
201000047057,0010-03-28 19:55:00,10,3,28,19,55,910,201,HENRI BARBUSSE(BOULEVARD,,,Crépuscule ou aube,En agglomération,Intersection en T,Normale,Deux véhicules - côté,,,,,,,,,,,2,2,3,1.0,3.0
201000047058,0010-04-03 11:05:00,10,4,3,11,5,910,201,HENRI BARBUSSE(BOULEVARD,,,Plein jour,En agglomération,Hors intersection,Normale,Trois véhicules et plus - en chaîne,,,,,,,,,,,1,2,1,1.0,4.0
201000047059,0010-04-07 04:30:00,10,4,7,4,30,910,657,HENRI BARBUSSE (AVENUE),,,Nuit avec éclairage allumé,En agglomération,Intersection en X,Normale,Deux véhicules - côté,,,,,,,,,,,5,2,2,1.0,3.0
201000047060,0010-04-09 15:05:00,10,4,9,15,5,910,201,GENERAL DE GAULLE(BOULEV,,,Plein jour,En agglomération,Hors intersection,Normale,Deux véhicules - arrière,,,,,,,,,,,1,2,1,1.0,2.0
201000047061,0010-04-14 17:00:00,10,4,14,17,0,910,657,HENRI BARBUSSE (AVENUE),,,Plein jour,En agglomération,Hors intersection,Normale,Deux véhicules - arrière,,,,,,,,,,,1,2,1,1.0,2.0
201000047062,0010-04-15 17:45:00,10,4,15,17,45,910,201,HENRI BARBUSSE(BOULEVARD,,,Plein jour,En agglomération,Hors intersection,Normale,Sans collision,,,,,,,,,,,1,2,1,1.0,7.0
201000047063,0010-04-18 20:45:00,10,4,18,20,45,910,201,GABRIEL PERI(RUE),,,Nuit sans éclairage public,En agglomération,Intersection en X,Normale,Deux véhicules - côté,,,,,,,,,,,3,2,2,1.0,3.0
201000047064,0010-04-21 18:00:00,10,4,21,18,0,910,657,HENRI CHARON (AVENUE),,,Plein jour,En agglomération,Intersection en X,Normale,Deux véhicules - côté,,,,,,,,,,,1,2,2,1.0,3.0
201000047065,0010-04-22 18:30:00,10,4,22,18,30,910,657,CAMELIAS (RUE DES ),,,Plein jour,En agglomération,Intersection en X,Normale,Deux véhicules - côté,,,,,,,,,,,1,2,2,1.0,3.0
201000047066,0010-04-23 12:20:00,10,4,23,12,20,910,657,HENRI BARBUSSE (AVENUE),,,Plein jour,En agglomération,Hors intersection,Normale,Deux véhicules - arrière,,,,,,,,,,,1,2,1,1.0,2.0
201000047067,0010-04-28 10:40:00,10,4,28,10,40,910,201,GENERAL DE GAULLE(BOULEV,,,Plein jour,En agglomération,Intersection en X,Normale,Deux véhicules - côté,,,,,,,,,,,1,2,2,1.0,3.0
201000047068,0010-05-20 20:50:00,10,5,20,20,50,910,657,PRESIDENT ROBERT LAKOTA,,,Crépuscule ou aube,En agglomération,Hors intersection,Normale,Deux véhicules - arrière,,,,,,,,,,,2,2,1,1.0,2.0
201000047069,0010-05-26 19:10:00,10,5,26,19,10,910,201,HENRI BARBUSSE(BOULEVARD,,,Plein jour,En agglomération,Intersection en X,Normale,Deux véhicules - côté,,,,,,,,,,,1,2,2,1.0,3.0
201000047070,0010-06-07 08:00:00,10,6,7,8,0,910,657,GABRIEL PERI (RUE),,,Plein jour,En agglomération,Intersection en X,Normale,Deux véhicules - côté,,,,,,,,,,,1,2,2,1.0,3.0
201000047071,0010-06-21 12:15:00,10,6,21,12,15,910,657,GASTON GRINBAUM (RUE) CO,,,Plein jour,En agglomération,Intersection en X,Normale,Autre collision,,,,,,,,,,,1,2,2,1.0,6.0
201000047072,0010-06-16 19:05:00,10,6,16,19,5,910,657,CONCORDE (AVENUE),,,Plein jour,En agglomération,Hors intersection,Normale,Autre collision,,,,,,,,,,,1,2,1,1.0,6.0
201000047073,0010-06-28 12:50:00,10,6,28,12,50,910,201,JACQUELINE JEUNON(RUE),,,Plein jour,En agglomération,Intersection en X,Normale,Deux véhicules - côté,,,,,,,,,,,1,2,2,1.0,3.0
201000047074,0010-06-25 16:35:00,10,6,25,16,35,910,657,RAYMOND BALLET (RUE),,,Plein jour,En agglomération,Intersection en X,Normale,Deux véhicules - côté,,,,,,,,,,,1,2,2,1.0,3.0
201000047075,0010-06-03 18:50:00,10,6,3,18,50,910,201,HENRI BARBUSSE(BOULEVARD,,,Plein jour,En agglomération,Intersection en X,Normale,Autre collision,,,,,,,,,,,1,2,2,1.0,6.0
201000047076,0010-06-11 11:05:00,10,6,11,11,5,910,201,MAIGNAN(AVENUE),,,Plein jour,En agglomération,Intersection en X,Normale,Deux véhicules - côté,,,,,,,,,,,1,2,2,1.0,3.0
201000047077,0010-06-09 20:10:00,10,6,9,20,10,910,201,HENRI BARBUSSE(BOULEVARD,,,Plein jour,En agglomération,Hors intersection,Normale,Deux véhicules - frontale,,,,,,,,,,,1,2,1,1.0,1.0
201000047078,0010-06-11 18:05:00,10,6,11,18,5,910,201,HENRI BARBUSSE(BOULEVARD,,,Plein jour,En agglomération,Hors intersection,Normale,Deux véhicules - côté,,,,,,,,,,,1,2,1,1.0,3.0
201000047079,0010-05-30 13:05:00,10,5,30,13,5,910,201,HENRI BARBUSSE(BOULEVARD,,,Plein jour,En agglomération,Hors intersection,Normale,Deux véhicules - côté,,,,,,,,,,,1,2,1,1.0,3.0
201000047080,0010-07-06 16:30:00,10,7,6,16,30,910,201,PIERRE BROSSOLETTE (RUE),,,Plein jour,En agglomération,Hors intersection,Normale,Autre collision,,,,,,,,,,,1,2,1,1.0,6.0
201000047081,0010-07-07 09:40:00,10,7,7,9,40,910,657,PIERRE BROSSOLETTE (RUE),,,Plein jour,En agglomération,Hors intersection,Normale,Autre collision,,,,,,,,,,,1,2,1,1.0,6.0
201000047082,0010-07-11 10:10:00,10,7,11,10,10,910,657,QUATORZE JUILLET (PLACE,,,Plein jour,En agglomération,Hors intersection,Normale,Deux véhicules - arrière,,,,,,,,,,,1,2,1,1.0,2.0
201000047083,0010-07-13 14:05:00,10,7,13,14,5,910,201,HENRI BARBUSSE(BOULEVARD,,,Plein jour,En agglomération,Hors intersection,Normale,Deux véhicules - arrière,,,,,,,,,,,1,2,1,1.0,2.0
201000047084,0010-07-19 16:10:00,10,7,19,16,10,910,657,FREDERIC JOLIOT CURIE (A,,,Plein jour,En agglomération,Intersection en X,Normale,Deux véhicules - arrière,,,,,,,,,,,1,2,2,1.0,2.0
201000047085,0010-07-21 21:00:00,10,7,21,21,0,910,657,MAURICE MARION,,,Crépuscule ou aube,En agglomération,Hors intersection,Normale,Deux véhicules - arrière,,,,,,,,,,,2,2,1,1.0,2.0
201000047086,0010-07-22 15:20:00,10,7,22,15,20,910,201,HENRI BARBUSSE(BOULEVARD,,,Plein jour,En agglomération,Hors intersection,Normale,Deux véhicules - arrière,,,,,,,,,,,1,2,1,1.0,2.0
201000047087,0010-07-28 18:50:00,10,7,28,18,50,910,657,HENRI BARBUSSE (AVENUE),,,Plein jour,En agglomération,Intersection en X,Normale,Deux véhicules - côté,,,,,,,,,,,1,2,2,1.0,3.0
201000047088,0010-08-03 16:30:00,10,8,3,16,30,910,657,HENRI BARBUSSE (AVENUE),,,Plein jour,En agglomération,Hors intersection,Normale,Deux véhicules - arrière,,,,,,,,,,,1,2,1,1.0,2.0
201000047089,0010-08-14 13:30:00,10,8,14,13,30,910,201,HENRI BARBUSSE(BOULEVARD,,,Plein jour,En agglomération,Intersection en X,Normale,Deux véhicules - côté,,,,,,,,,,,1,2,2,1.0,3.0
201000047090,0010-07-17 22:00:00,10,7,17,22,0,910,657,CONCORDE (AVENUE),,,Nuit avec éclairage allumé,En agglomération,Intersection en X,Normale,Sans collision,,,,,,,,,,,5,2,2,1.0,7.0
201000047091,0010-09-19 06:45:00,10,9,19,6,45,910,657,HENRI BARBUSSE (AVENUE),,,Nuit avec éclairage allumé,En agglomération,Hors intersection,Normale,Autre collision,,,,,,,,,,,5,2,1,1.0,6.0
201000047092,0010-09-19 16:35:00,10,9,19,16,35,910,201,HENRI BARBUSSE(BOULEVARD,,,Plein jour,En agglomération,Intersection en X,Normale,Deux véhicules - côté,,,,,,,,,,,1,2,2,1.0,3.0
201000047093,0010-09-20 08:45:00,10,9,20,8,45,910,657,GASTON GRINBAUM (RUE) CO,,,Plein jour,En agglomération,Intersection en X,Normale,Deux véhicules - côté,,,,,,,,,,,1,2,2,1.0,3.0
201000047094,0010-09-21 08:15:00,10,9,21,8,15,910,657,PAUL VAILLANT COUTURIER,,,Crépuscule ou aube,En agglomération,Hors intersection,Normale,Autre collision,,,,,,,,,,,2,2,1,1.0,6.0
201000047095,0010-09-22 19:00:00,10,9,22,19,0,910,657,MARCEL CACHIN (RUE),,,Plein jour,En agglomération,Hors intersection,Normale,Deux véhicules - côté,,,,,,,,,,,1,2,1,1.0,3.0
201000047096,0010-09-23 12:50:00,10,9,23,12,50,910,201,HENRI BARBUSSE(BOULEVARD,,,Plein jour,En agglomération,Hors intersection,Normale,Deux véhicules - côté,,,,,,,,,,,1,2,1,1.0,3.0
201000047097,0010-09-29 15:00:00,10,9,29,15,0,910,201,GENERAL DE GAULLE(BOULEV,,,Plein jour,En agglomération,Hors intersection,Normale,Deux véhicules - arrière,,,,,,,,,,,1,2,1,1.0,2.0
201000047098,0010-08-29 15:20:00,10,8,29,15,20,910,657,SALVADOR ALLENDE (RUE),,,Plein jour,En agglomération,Hors intersection,Normale,Autre collision,,,,,,,,,,,1,2,1,1.0,6.0
201000047099,0010-10-08 22:30:00,10,10,8,22,30,910,657,EDELWEISS (RUE DES),,,Nuit avec éclairage allumé,En agglomération,Hors intersection,Normale,Deux véhicules - côté,,,,,,,,,,,5,2,1,1.0,3.0
201000047100,0010-10-10 09:05:00,10,10,10,9,5,910,201,PORT AUX MALADES (RUE DU,,,Plein jour,En agglomération,Hors intersection,Normale,Sans collision,,,,,,,,,,,1,2,1,1.0,7.0
201000047101,0010-09-06 12:20:00,10,9,6,12,20,910,657,PIERRE BROSSOLETTE (RUE),,,Plein jour,En agglomération,Intersection en X,Normale,Deux véhicules - côté,,,,,,,,,,,1,2,2,1.0,3.0
201000047102,0010-09-08 16:35:00,10,9,8,16,35,910,657,TOURELLE (AVENUE DE LA ),,,Plein jour,En agglomération,Hors intersection,Normale,Autre collision,,,,,,,,,,,1,2,1,1.0,6.0
201000047103,0010-09-12 11:10:00,10,9,12,11,10,910,657,TOURELLE (AVENUE DE LA ),,,Plein jour,En agglomération,Giratoire,Normale,Autre collision,,,,,,,,,,,1,2,6,1.0,6.0
201000047104,0010-10-16 21:35:00,10,10,16,21,35,910,201,HENRI BARBUSSE(BOULEVARD,,,Nuit avec éclairage allumé,En agglomération,Hors intersection,Normale,Deux véhicules - côté,,,,,,,,,,,5,2,1,1.0,3.0
201000047105,0010-10-17 02:30:00,10,10,17,2,30,910,201,RIS (RUE DE),,,Nuit sans éclairage public,En agglomération,Hors intersection,Pluie légère,Sans collision,,,,,,,,,,,3,2,1,2.0,7.0
201000047106,0010-10-11 08:45:00,10,10,11,8,45,910,201,EUGENE DELACROIX(AVENUE),,,Plein jour,En agglomération,Hors intersection,Normale,Deux véhicules - côté,,,,,,,,,,,1,2,1,1.0,3.0
201000047107,0010-10-18 12:40:00,10,10,18,12,40,910,657,LONGUERAIE (RUE DE LA ),,,Plein jour,En agglomération,Hors intersection,Normale,Deux véhicules - côté,,,,,,,,,,,1,2,1,1.0,3.0
201000047108,0010-10-18 15:00:00,10,10,18,15,0,910,201,HENRI BARBUSSE(BOULEVARD,,,Crépuscule ou aube,En agglomération,Hors intersection,Normale,Trois véhicules et plus - collisions multiples,,,,,,,,,,,2,2,1,1.0,5.0
201000047109,0010-10-18 17:05:00,10,10,18,17,5,910,657,PAUL LANGEVIN (RUE),,,Plein jour,En agglomération,Hors intersection,Normale,Autre collision,,,,,,,,,,,1,2,1,1.0,6.0
201000047110,0010-10-19 11:30:00,10,10,19,11,30,910,201,REPUBLIQUE (PLACE DE LA),,,Plein jour,En agglomération,Hors intersection,Normale,Autre collision,,,,,,,,,,,1,2,1,1.0,6.0
201000047111,0010-10-26 12:20:00,10,10,26,12,20,910,657,PIERRE BROSSOLETTE (RUE),,,Plein jour,En agglomération,Intersection en X,Normale,Deux véhicules - côté,,,,,,,,,,,1,2,2,1.0,3.0
201000047112,0010-10-07 17:20:00,10,10,7,17,20,910,201,GENERAL DE GAULLE(BOULEV,,,Plein jour,En agglomération,Intersection en X,Normale,Deux véhicules - côté,,,,,,,,,,,1,2,2,1.0,3.0
201000047113,0010-10-24 13:15:00,10,10,24,13,15,910,657,HENRI BARBUSSE (AVENUE),,,Plein jour,En agglomération,Hors intersection,Normale,Deux véhicules - côté,,,,,,,,,,,1,2,1,1.0,3.0
201000047114,0010-10-31 09:45:00,10,10,31,9,45,910,201,HENRI BARBUSSE(BOULEVARD,,,Plein jour,En agglomération,Hors intersection,Temps couvert,Deux véhicules - arrière,,,,,,,,,,,1,2,1,8.0,2.0
201000047115,0010-11-19 13:15:00,10,11,19,13,15,910,201,PORT AUX DAMES(QUAI+RUE,,,Plein jour,En agglomération,Hors intersection,Normale,Autre collision,,,,,,,,,,,1,2,1,1.0,6.0
201000047116,0010-11-21 19:40:00,10,11,21,19,40,910,201,WALDECK ROUSSEAU (RUE),,,Nuit avec éclairage allumé,En agglomération,Hors intersection,Autre,Deux véhicules - arrière,,,,,,,,,,,5,2,1,9.0,2.0
201000047117,0010-12-02 16:20:00,10,12,2,16,20,910,201,ALPHONSE DAUDET(RUE),,,Plein jour,En agglomération,Hors intersection,Temps couvert,Deux véhicules - frontale,,,,,,,,,,,1,2,1,8.0,1.0
201000047118,0010-12-07 14:00:00,10,12,7,14,0,910,201,HENRI BARBUSSE(BOULEVARD,,,Plein jour,En agglomération,Hors intersection,Temps couvert,Autre collision,,,,,,,,,,,1,2,1,8.0,6.0
201000047119,0010-12-18 15:40:00,10,12,18,15,40,910,201,HENRI BARBUSSE(BOULEVARD,,,Plein jour,En agglomération,Hors intersection,Temps couvert,Trois véhicules et plus - en chaîne,,,,,,,,,,,1,2,1,8.0,4.0
201000047120,0010-01-13 18:50:00,10,1,13,18,50,910,433,RN 191,,,Nuit avec éclairage allumé,Hors agglomération,Autre intersection,Autre,Deux véhicules - côté,,,,,,,,,,,5,1,9,9.0,3.0
201000047121,0010-01-15 21:00:00,10,1,15,21,0,910,469,ARTONDU (ROUTE D') RD49,,,Nuit sans éclairage public,Hors agglomération,Hors intersection,Normale,Sans collision,,,,,,,,,,,3,1,1,1.0,7.0
201000047122,0010-01-18 15:50:00,10,1,18,15,50,910,433,R.N. 20,,,Plein jour,Hors agglomération,Hors intersection,Normale,Sans collision,,,,,,,,,,,1,1,1,1.0,7.0
201000047123,0010-01-23 09:00:00,10,1,23,9,0,910,223,"1, BONNEVAUX (AVENUE DE)",,,Plein jour,En agglomération,Autre intersection,Normale,Autre collision,,,,,,,,,,,1,2,9,1.0,6.0
201000047124,0010-01-25 15:00:00,10,1,25,15,0,910,223,RD 63,,,Plein jour,Hors agglomération,Hors intersection,Normale,Autre collision,,,,,,,,,,,1,1,1,1.0,6.0
201000047125,0010-01-26 18:40:00,10,1,26,18,40,910,223,RD. 836,,,Nuit sans éclairage public,Hors agglomération,Hors intersection,Normale,Sans collision,,,,,,,,,,,3,1,1,1.0,7.0
201000047126,0010-01-28 11:10:00,10,1,28,11,10,910,223,"1, GENERAL LECLERC (PLAC",,,Plein jour,En agglomération,Hors intersection,Normale,Deux véhicules - côté,,,,,,,,,,,1,2,1,1.0,3.0
201000047127,0010-01-28 20:25:00,10,1,28,20,25,910,223,"1, GENERAL LECLERC (PLAC",,,Nuit avec éclairage allumé,En agglomération,Hors intersection,Normale,Sans collision,,,,,,,,,,,5,2,1,1.0,7.0
201000047128,0010-01-29 13:05:00,10,1,29,13,5,910,433,RN 191,,,Plein jour,Hors agglomération,Intersection en Y,Normale,Deux véhicules - côté,,,,,,,,,,,1,1,4,1.0,3.0
201000047129,0010-01-30 10:50:00,10,1,30,10,50,910,433,"1, TILLEULS (RUE DES)",,,Plein jour,Hors agglomération,Hors intersection,Normale,Sans collision,,,,,,,,,,,1,1,1,1.0,7.0
201000047130,0010-02-03 16:45:00,10,2,3,16,45,910,433,R.N. 20,,,Plein jour,Hors agglomération,Hors intersection,Normale,Deux véhicules - arrière,,,,,,,,,,,1,1,1,1.0,2.0
201000047131,0010-02-04 11:50:00,10,2,4,11,50,910,223,SACLAS (ROUTE DE),,,Plein jour,Hors agglomération,Hors intersection,Normale,Autre collision,,,,,,,,,,,1,1,1,1.0,6.0
201000047132,0010-02-07 09:00:00,10,2,7,9,0,910,223,C.D 63,,,Plein jour,Hors agglomération,Hors intersection,Normale,Autre collision,,,,,,,,,,,1,1,1,1.0,6.0
201000047133,0010-02-08 18:55:00,10,2,8,18,55,910,223,R.N.20,,,Nuit sans éclairage public,Hors agglomération,Hors intersection,Normale,Deux véhicules - arrière,,,,,,,,,,,3,1,1,1.0,2.0
201000047134,0010-02-11 09:10:00,10,2,11,9,10,910,223,C.D 63,,,Plein jour,Hors agglomération,Hors intersection,Normale,Autre collision,,,,,,,,,,,1,1,1,1.0,6.0
201000047135,0010-02-11 11:15:00,10,2,11,11,15,910,433,CD 63,,,Plein jour,Hors agglomération,Hors intersection,Normale,Autre collision,,,,,,,,,,,1,1,1,1.0,6.0
201000047136,0010-02-15 08:45:00,10,2,15,8,45,910,433,RN 191,,,Plein jour,Hors agglomération,Hors intersection,Normale,Deux véhicules - côté,,,,,,,,,,,1,1,1,1.0,3.0
201000047137,0010-02-19 13:34:00,10,2,19,13,34,910,223,"1, VICTOIRE (ALLEE DE LA",,,Plein jour,En agglomération,Intersection en X,Normale,Deux véhicules - côté,,,,,,,,,,,1,2,2,1.0,3.0
201000047138,0010-02-20 13:12:00,10,2,20,13,12,910,223,R.D.721,,,Plein jour,Hors agglomération,Hors intersection,Normale,Deux véhicules - frontale,,,,,,,,,,,1,1,1,1.0,1.0
201000047139,0010-02-27 16:35:00,10,2,27,16,35,910,223,"1, BONNEVAUX (AVENUE DE)",,,Plein jour,En agglomération,Giratoire,Normale,Deux véhicules - côté,,,,,,,,,,,1,2,6,1.0,3.0
201000047140,0010-03-02 08:44:00,10,3,2,8,44,910,223,R.N.20,,,Plein jour,Hors agglomération,Hors intersection,Normale,Trois véhicules et plus - en chaîne,,,,,,,,,,,1,1,1,1.0,4.0
201000047141,0010-03-02 15:00:00,10,3,2,15,0,910,223,RN 191,,,Plein jour,En agglomération,Hors intersection,Normale,Trois véhicules et plus - collisions multiples,,,,,,,,,,,1,2,1,1.0,5.0
201000047142,0010-03-05 22:10:00,10,3,5,22,10,910,223,"19, PAULIN-HIPPOLYTE (RU",,,Nuit avec éclairage allumé,En agglomération,Hors intersection,Normale,Autre collision,,,,,,,,,,,5,2,1,1.0,6.0
201000047143,0010-03-27 06:30:00,10,3,27,6,30,910,223,R.N.20,,,Nuit avec éclairage non allumé,Hors agglomération,Hors intersection,Pluie forte,Autre collision,,,,,,,,,,,4,1,1,3.0,6.0
201000047144,0010-03-30 21:15:00,10,3,30,21,15,910,223,"1, RELIGIEUSES (CARREFOU",,,Nuit avec éclairage allumé,En agglomération,Intersection en X,Normale,Deux véhicules - frontale,,,,,,,,,,,5,2,2,1.0,1.0
201000047145,0010-04-10 02:40:00,10,4,10,2,40,910,223,R.N.20,,,Nuit avec éclairage allumé,En agglomération,Hors intersection,Normale,Sans collision,,,,,,,,,,,5,2,1,1.0,7.0
201000047146,0010-04-20 19:05:00,10,4,20,19,5,910,223,"3, PIROUETTE (RUE DE LA)",,,Plein jour,En agglomération,Hors intersection,Normale,Autre collision,,,,,,,,,,,1,2,1,1.0,6.0
201000047147,0010-04-21 17:50:00,10,4,21,17,50,910,223,C.D. 836,,,Plein jour,En agglomération,Giratoire,Normale,Sans collision,,,,,,,,,,,1,2,6,1.0,7.0
201000047148,0010-04-23 20:00:00,10,4,23,20,0,910,223,REPUBLIQUE (RUE DE LA),,,Plein jour,En agglomération,Hors intersection,Normale,Trois véhicules et plus - en chaîne,,,,,,,,,,,1,2,1,1.0,4.0
201000047149,0010-04-24 11:50:00,10,4,24,11,50,910,223,MARCHE FRANC (AVENUE DU),,,Plein jour,En agglomération,Hors intersection,Normale,Autre collision,,,,,,,,,,,1,2,1,1.0,6.0