accident_id,datetime,annee,mois,jour,heure,minute,departement,commune_insee,adresse,latitude,longitude,luminosite,agglomeration,intersection,meteo,collision,nb_vehicules,nb_usagers,nb_indemnes,nb_tues,nb_blesses_hosp,nb_blesses_legers,age_cond_1,age_cond_2,veh_type_cond_1,veh_type_cond_2,lum_code,agg_code,int_code,atm_code,col_code
201000047150,0010-04-25 18:20:00,10,4,25,18,20,910,223,DE GAULLE (AVENUE CHARLE,,,Plein jour,En agglomération,Giratoire,Normale,Deux véhicules - arrière,,,,,,,,,,,1,2,6,1.0,2.0
201000047151,0010-05-04 08:00:00,10,5,4,8,0,910,223,R.D.721,,,Plein jour,Hors agglomération,Intersection en T,Normale,Deux véhicules - côté,,,,,,,,,,,1,1,3,1.0,3.0
201000047152,0010-05-17 05:20:00,10,5,17,5,20,910,223,"3, SACLAS (ROUTE DE)",,,Nuit sans éclairage public,Hors agglomération,Hors intersection,Normale,Sans collision,,,,,,,,,,,3,1,1,1.0,7.0
201000047153,0010-05-21 19:25:00,10,5,21,19,25,910,223,DE GAULLE (AVENUE CHARLE,,,Plein jour,En agglomération,Giratoire,Normale,Sans collision,,,,,,,,,,,1,2,6,1.0,7.0
201000047154,0010-05-22 13:00:00,10,5,22,13,0,910,223,"1, MOREAU (RUE LOUIS)",,,Plein jour,En agglomération,Autre intersection,Normale,Autre collision,,,,,,,,,,,1,2,9,1.0,6.0
201000047155,0010-06-02 07:05:00,10,6,2,7,5,910,433,R.N.20,,,Plein jour,Hors agglomération,Hors intersection,Normale,Sans collision,,,,,,,,,,,1,1,1,1.0,7.0
201000047156,0010-06-04 16:40:00,10,6,4,16,40,910,223,R.N.20,,,Plein jour,Hors agglomération,Hors intersection,Normale,Autre collision,,,,,,,,,,,1,1,1,1.0,6.0
201000047157,0010-06-06 03:50:00,10,6,6,3,50,910,223,RN 191,,,Nuit sans éclairage public,Hors agglomération,Hors intersection,Normale,Deux véhicules - côté,,,,,,,,,,,3,1,1,1.0,3.0
201000047158,0010-06-06 12:35:00,10,6,6,12,35,910,223,RN 191,,,Plein jour,Hors agglomération,Hors intersection,Normale,Sans collision,,,,,,,,,,,1,1,1,1.0,7.0
201000047159,0010-06-10 09:25:00,10,6,10,9,25,910,223,RD 191,,,Plein jour,Hors agglomération,Hors intersection,Pluie forte,Autre collision,,,,,,,,,,,1,1,1,3.0,6.0
201000047160,0010-06-11 11:06:00,10,6,11,11,6,910,223,VICTOIRE (ROND-POINT DE,,,Plein jour,En agglomération,Giratoire,Normale,Deux véhicules - arrière,,,,,,,,,,,1,2,6,1.0,2.0
201000047161,0010-06-11 08:25:00,10,6,11,8,25,910,223,BONNEVAUX (AVENUE DE),,,Plein jour,En agglomération,Giratoire,Normale,Deux véhicules - arrière,,,,,,,,,,,1,2,6,1.0,2.0
201000047162,0010-06-13 02:40:00,10,6,13,2,40,910,223,"117, SAINT MICHEL (BOULE",,,Nuit avec éclairage allumé,En agglomération,Hors intersection,Normale,Sans collision,,,,,,,,,,,5,2,1,1.0,7.0
201000047163,0010-06-16 15:20:00,10,6,16,15,20,910,223,R.N.20,,,Plein jour,Hors agglomération,Hors intersection,Normale,Autre collision,,,,,,,,,,,1,1,1,1.0,6.0
201000047164,0010-06-29 18:05:00,10,6,29,18,5,910,433,"1, PONTS (RUE DES)",,,Plein jour,En agglomération,Intersection en Y,Normale,Deux véhicules - côté,,,,,,,,,,,1,2,4,1.0,3.0
201000047165,0010-07-02 22:00:00,10,7,2,22,0,910,223,"1, LIBERATION (SQUARE DE",,,Plein jour,En agglomération,Intersection en Y,Normale,Sans collision,,,,,,,,,,,1,2,4,1.0,7.0
201000047166,0010-07-06 15:19:00,10,7,6,15,19,910,223,"1, VICTOIRE (ALLEE DE LA",,,Plein jour,En agglomération,Intersection en X,Normale,Deux véhicules - arrière,,,,,,,,,,,1,2,2,1.0,2.0
201000047167,0010-07-07 17:50:00,10,7,7,17,50,910,223,RD 21,,,Plein jour,En agglomération,Hors intersection,Normale,Sans collision,,,,,,,,,,,1,2,1,1.0,7.0
201000047168,0010-07-15 04:55:00,10,7,15,4,55,910,223,MAI 1945 (AVENUE DU 8),,,Nuit avec éclairage allumé,En agglomération,Hors intersection,Normale,Deux véhicules - arrière,,,,,,,,,,,5,2,1,1.0,2.0
201000047169,0010-07-17 18:45:00,10,7,17,18,45,910,223,R.N.20,,,Plein jour,En agglomération,Autre intersection,Normale,Sans collision,,,,,,,,,,,1,2,9,1.0,7.0
201000047170,0010-07-18 18:00:00,10,7,18,18,0,910,223,R.N.20,,,Plein jour,Hors agglomération,Hors intersection,Normale,Sans collision,,,,,,,,,,,1,1,1,1.0,7.0
201000047171,0010-07-28 13:45:00,10,7,28,13,45,910,223,"1, DE GAULLE (AVENUE CHA",,,Plein jour,En agglomération,Hors intersection,Normale,Sans collision,,,,,,,,,,,1,2,1,1.0,7.0
201000047172,0010-07-29 14:20:00,10,7,29,14,20,910,223,R.N.20,,,Plein jour,Hors agglomération,Autre intersection,Normale,Deux véhicules - arrière,,,,,,,,,,,1,1,9,1.0,2.0
201000047173,0010-07-31 00:10:00,10,7,31,0,10,910,223,R.N.20,,,Nuit sans éclairage public,Hors agglomération,Hors intersection,Normale,Sans collision,,,,,,,,,,,3,1,1,1.0,7.0
201000047174,0010-08-02 00:10:00,10,8,2,0,10,910,223,", COQUERIVE (AVENUE DE)",,,Nuit avec éclairage allumé,En agglomération,Intersection en Y,Normale,Trois véhicules et plus - collisions multiples,,,,,,,,,,,5,2,4,1.0,5.0
201000047175,0010-08-08 04:50:00,10,8,8,4,50,910,223,SAINT MICHEL (BOULEVARD),,,Nuit avec éclairage allumé,En agglomération,Hors intersection,Normale,Sans collision,,,,,,,,,,,5,2,1,1.0,7.0
201000047176,0010-08-14 15:45:00,10,8,14,15,45,910,223,MAI 1945 (AVENUE DU 8),,,Plein jour,En agglomération,Hors intersection,Pluie légère,Sans collision,,,,,,,,,,,1,2,1,2.0,7.0
201000047177,0010-08-14 23:30:00,10,8,14,23,30,910,223,R.N.20,,,Nuit avec éclairage allumé,Hors agglomération,Hors intersection,Normale,Sans collision,,,,,,,,,,,5,1,1,1.0,7.0
201000047178,0010-08-16 14:15:00,10,8,16,14,15,910,223,R.N.20,,,Plein jour,Hors agglomération,Hors intersection,Normale,Sans collision,,,,,,,,,,,1,1,1,1.0,7.0
201000047179,0010-08-26 19:10:00,10,8,26,19,10,910,433,RN 191,,,Crépuscule ou aube,Hors agglomération,Hors intersection,Pluie légère,Sans collision,,,,,,,,,,,2,1,1,2.0,7.0
201000047180,0010-08-27 13:50:00,10,8,27,13,50,910,223,DE GAULLE (AVENUE CHARLE,,,Plein jour,En agglomération,Hors intersection,Pluie forte,Sans collision,,,,,,,,,,,1,2,1,3.0,7.0
201000047181,0010-09-05 17:55:00,10,9,5,17,55,910,433,RD191,,,Plein jour,Hors agglomération,Hors intersection,Normale,Autre collision,,,,,,,,,,,1,1,1,1.0,6.0
201000047182,0010-09-11 12:25:00,10,9,11,12,25,910,223,R.N.20,,,Plein jour,Hors agglomération,Hors intersection,Normale,Sans collision,,,,,,,,,,,1,1,1,1.0,7.0
201000047183,0010-09-14 13:55:00,10,9,14,13,55,910,223,"154, SAINT JACQUES (RUE)",,,Plein jour,En agglomération,Hors intersection,Normale,Autre collision,,,,,,,,,,,1,2,1,1.0,6.0
201000047184,0010-09-15 09:20:00,10,9,15,9,20,910,433,RN 191,,,Plein jour,Hors agglomération,Hors intersection,Normale,Autre collision,,,,,,,,,,,1,1,1,1.0,6.0
201000047185,0010-09-20 18:10:00,10,9,20,18,10,910,223,"1, SACLAS (ROUTE DE)",,,Plein jour,En agglomération,Hors intersection,Normale,Deux véhicules - côté,,,,,,,,,,,1,2,1,1.0,3.0
201000047186,0010-09-20 18:05:00,10,9,20,18,5,910,433,RD 191,,,Nuit sans éclairage public,Hors agglomération,Hors intersection,Normale,Sans collision,,,,,,,,,,,3,1,1,1.0,7.0
201000047187,0010-10-01 10:25:00,10,10,1,10,25,910,469,VAUVERT (ROUTE DE) CD49,,,Plein jour,En agglomération,Hors intersection,Normale,Deux véhicules - côté,,,,,,,,,,,1,2,1,1.0,3.0
201000047188,0010-10-01 17:30:00,10,10,1,17,30,910,223,"65, PARIS (AVENUE DE)",,,Plein jour,En agglomération,Hors intersection,Normale,Deux véhicules - arrière,,,,,,,,,,,1,2,1,1.0,2.0
201000047189,0010-10-04 12:30:00,10,10,4,12,30,910,433,"1, TILLEULS (RUE DES)",,,Plein jour,En agglomération,Hors intersection,Temps couvert,Autre collision,,,,,,,,,,,1,2,1,8.0,6.0
201000047190,0010-10-07 17:30:00,10,10,7,17,30,910,223,R.N.20,,,Plein jour,Hors agglomération,Hors intersection,Normale,Sans collision,,,,,,,,,,,1,1,1,1.0,7.0
201000047191,0010-10-08 11:45:00,10,10,8,11,45,910,223,"1, LYS (RUE DES)",,,Plein jour,En agglomération,Intersection en X,Normale,Deux véhicules - côté,,,,,,,,,,,1,2,2,1.0,3.0
201000047192,0010-10-08 22:30:00,10,10,8,22,30,910,433,GRANGE DES NOYERS (RUE D,,,Nuit sans éclairage public,Hors agglomération,Hors intersection,Normale,Autre collision,,,,,,,,,,,3,1,1,1.0,6.0
201000047193,0010-10-15 12:40:00,10,10,15,12,40,910,433,RN 191,,,Plein jour,Hors agglomération,Hors intersection,Normale,Sans collision,,,,,,,,,,,1,1,1,1.0,7.0
201000047194,0010-10-18 07:55:00,10,10,18,7,55,910,223,"12, SAINT MARTIN (RUE)",,,Plein jour,En agglomération,Hors intersection,Normale,Autre collision,,,,,,,,,,,1,2,1,1.0,6.0
201000047195,0010-10-19 14:10:00,10,10,19,14,10,910,433,"1, OREE DU BOIS (RUE DE",,,Plein jour,Hors agglomération,Hors intersection,Normale,Sans collision,,,,,,,,,,,1,1,1,1.0,7.0
201000047196,0010-10-20 11:00:00,10,10,20,11,0,910,223,"1, BONNEVAUX (AVENUE DE)",,,Plein jour,En agglomération,Giratoire,Normale,Autre collision,,,,,,,,,,,1,2,6,1.0,6.0
201000047197,0010-10-21 21:05:00,10,10,21,21,5,910,433,RN 191,,,Nuit sans éclairage public,Hors agglomération,Hors intersection,Normale,Sans collision,,,,,,,,,,,3,1,1,1.0,7.0
201000047198,0010-10-25 16:10:00,10,10,25,16,10,910,223,R.N.20,,,Plein jour,Hors agglomération,Hors intersection,Normale,Sans collision,,,,,,,,,,,1,1,1,1.0,7.0
201000047199,0010-10-24 15:40:00,10,10,24,15,40,910,433,RN 191,,,Plein jour,Hors agglomération,Intersection en Y,Normale,Deux véhicules - côté,,,,,,,,,,,1,1,4,1.0,3.0
201000047200,0010-10-24 16:35:00,10,10,24,16,35,910,433,RN 191,,,Plein jour,Hors agglomération,Hors intersection,Normale,Sans collision,,,,,,,,,,,1,1,1,1.0,7.0
201000047201,0010-10-24 18:00:00,10,10,24,18,0,910,433,RN 191,,,Plein jour,Hors agglomération,Giratoire,Normale,Deux véhicules - côté,,,,,,,,,,,1,1,6,1.0,3.0
201000047202,0010-10-25 16:10:00,10,10,25,16,10,910,223,"12, SAINT JACQUES (RUE)",,,Plein jour,En agglomération,Hors intersection,Normale,Deux véhicules - arrière,,,,,,,,,,,1,2,1,1.0,2.0
201000047203,0010-10-26 06:50:00,10,10,26,6,50,910,223,R.N.20,,,Nuit sans éclairage public,Hors agglomération,Hors intersection,Normale,Deux véhicules - arrière,,,,,,,,,,,3,1,1,1.0,2.0
201000047204,0010-10-27 01:15:00,10,10,27,1,15,910,223,"20, VICTOIRE (ROND-POINT",,,Nuit avec éclairage allumé,En agglomération,Giratoire,Normale,Deux véhicules - côté,,,,,,,,,,,5,2,6,1.0,3.0
201000047205,0010-10-29 20:09:00,10,10,29,20,9,910,433,RD 191,,,Nuit sans éclairage public,Hors agglomération,Hors intersection,Normale,Deux véhicules - frontale,,,,,,,,,,,3,1,1,1.0,1.0
201000047206,0010-10-30 16:40:00,10,10,30,16,40,910,223,"15, CORDELIERS (RUE DES)",,,Plein jour,En agglomération,Hors intersection,Normale,Deux véhicules - frontale,,,,,,,,,,,1,2,1,1.0,1.0
201000047207,0010-11-03 18:25:00,10,11,3,18,25,910,223,R.D.721,,,Nuit avec éclairage allumé,Hors agglomération,Intersection en Y,Normale,Deux véhicules - côté,,,,,,,,,,,5,1,4,1.0,3.0
201000047208,0010-11-06 17:40:00,10,11,6,17,40,910,223,"16, BONNEVAUX (AVENUE DE",,,Crépuscule ou aube,En agglomération,Hors intersection,Normale,Autre collision,,,,,,,,,,,2,2,1,1.0,6.0
201000047209,0010-11-06 14:45:00,10,11,6,14,45,910,223,"10, PASTEUR (BOULEVARD)",,,Plein jour,En agglomération,Hors intersection,Normale,Sans collision,,,,,,,,,,,1,2,1,1.0,7.0
201000047210,0010-11-08 11:00:00,10,11,8,11,0,910,433,CD 837,,,Plein jour,Hors agglomération,Hors intersection,Pluie forte,Sans collision,,,,,,,,,,,1,1,1,3.0,7.0
201000047211,0010-11-08 16:35:00,10,11,8,16,35,910,223,"6, DE GAULLE (AVENUE CHA",,,Plein jour,En agglomération,Intersection en T,Pluie légère,Deux véhicules - côté,,,,,,,,,,,1,2,3,2.0,3.0
201000047212,0010-11-08 19:00:00,10,11,8,19,0,910,223,"5, BELLES CROIX (RUE DES",,,Nuit avec éclairage non allumé,Hors agglomération,Hors intersection,Normale,Autre collision,,,,,,,,,,,4,1,1,1.0,6.0
201000047213,0010-11-09 22:45:00,10,11,9,22,45,910,223,"6, Libération Avenue de",,,Nuit avec éclairage allumé,En agglomération,Hors intersection,Pluie légère,Sans collision,,,,,,,,,,,5,2,1,2.0,7.0
201000047214,0010-11-10 07:45:00,10,11,10,7,45,910,223,"10, R.D.721",,,Crépuscule ou aube,Hors agglomération,Hors intersection,Pluie légère,Trois véhicules et plus - en chaîne,,,,,,,,,,,2,1,1,2.0,4.0
201000047215,0010-11-10 11:00:00,10,11,10,11,0,910,223,"5, GRENOTS (AVENUE DES)",,,Plein jour,En agglomération,Hors intersection,Pluie légère,Deux véhicules - arrière,,,,,,,,,,,1,2,1,2.0,2.0
201000047216,0010-11-10 12:00:00,10,11,10,12,0,910,433,"7, CD 837",,,Plein jour,Hors agglomération,Hors intersection,Pluie légère,Sans collision,,,,,,,,,,,1,1,1,2.0,7.0
201000047217,0010-11-12 18:00:00,10,11,12,18,0,910,223,R.N.20,,,Crépuscule ou aube,Hors agglomération,Hors intersection,Normale,Deux véhicules - arrière,,,,,,,,,,,2,1,1,1.0,2.0
201000047218,0010-11-12 17:00:00,10,11,12,17,0,910,223,R.N.20,,,Crépuscule ou aube,Hors agglomération,Hors intersection,Pluie légère,Sans collision,,,,,,,,,,,2,1,1,2.0,7.0
201000047219,0010-11-19 18:20:00,10,11,19,18,20,910,223,R.N.20,,,Nuit sans éclairage public,Hors agglomération,Hors intersection,Normale,Deux véhicules - côté,,,,,,,,,,,3,1,1,1.0,3.0
201000047220,0010-11-20 10:00:00,10,11,20,10,0,910,223,"01, DE GAULLE (AVENUE CH",,,Plein jour,Hors agglomération,Hors intersection,Normale,Sans collision,,,,,,,,,,,1,1,1,1.0,7.0
201000047221,0010-11-25 13:00:00,10,11,25,13,0,910,223,"2, BONNEVAUX (AVENUE DE)",,,Plein jour,En agglomération,Hors intersection,Normale,Deux véhicules - frontale,,,,,,,,,,,1,2,1,1.0,1.0
201000047222,0010-11-30 11:20:00,10,11,30,11,20,910,223,R.N.20,,,Plein jour,Hors agglomération,Hors intersection,Neige / grêle,Sans collision,,,,,,,,,,,1,1,1,4.0,7.0
201000047223,0010-12-08 17:40:00,10,12,8,17,40,910,223,RN 191,,,Nuit sans éclairage public,Hors agglomération,Hors intersection,Neige / grêle,Deux véhicules - arrière,,,,,,,,,,,3,1,1,4.0,2.0
201000047224,0010-12-15 18:00:00,10,12,15,18,0,910,223,"7, PARIS (AVENUE DE)",,,Nuit avec éclairage allumé,En agglomération,Hors intersection,Normale,Autre collision,,,,,,,,,,,5,2,1,1.0,6.0
201000047225,0010-12-19 01:10:00,10,12,19,1,10,910,433,CD 63,,,Nuit sans éclairage public,Hors agglomération,Hors intersection,Neige / grêle,Sans collision,,,,,,,,,,,3,1,1,4.0,7.0
201000047226,0010-12-23 14:15:00,10,12,23,14,15,910,469,D721,,,Plein jour,Hors agglomération,Intersection en Y,Normale,Deux véhicules - côté,,,,,,,,,,,1,1,4,1.0,3.0
201000047227,0010-12-28 12:30:00,10,12,28,12,30,910,223,"5, SAINT JEAN (RUE)",,,Plein jour,En agglomération,Hors intersection,Pluie légère,Sans collision,,,,,,,,,,,1,2,1,2.0,7.0
201000047228,0010-12-28 19:45:00,10,12,28,19,45,910,433,RN 191,,,Nuit sans éclairage public,Hors agglomération,Hors intersection,Brouillard / fumée,Sans collision,,,,,,,,,,,3,1,1,5.0,7.0
201000047229,0010-01-05 14:10:00,10,1,5,14,10,910,228,"., GALANTS COURT (RUE DE",,,Plein jour,En agglomération,Hors intersection,Normale,Autre collision,,,,,,,,,,,1,2,1,1.0,6.0
201000047230,0010-01-15 12:00:00,10,1,15,12,0,910,228,"., PAVEURS (RUE DES)",,,Plein jour,En agglomération,Hors intersection,Temps couvert,Deux véhicules - arrière,,,,,,,,,,,1,2,1,8.0,2.0
201000047231,0010-01-21 08:00:00,10,1,21,8,0,910,521,"44, LANGEVIN (RUE PAUL)",,,Crépuscule ou aube,Hors agglomération,Hors intersection,Normale,Autre collision,,,,,,,,,,,2,1,1,1.0,6.0
201000047232,0010-01-23 18:00:00,10,1,23,18,0,910,521,"., LIBERATION (AVENUE DE",,,Nuit avec éclairage non allumé,En agglomération,Hors intersection,Pluie légère,Autre collision,,,,,,,,,,,4,2,1,2.0,6.0
201000047233,0010-01-28 08:10:00,10,1,28,8,10,910,182,"., BEREGOVOY (AVENUE PIE",,,Plein jour,En agglomération,Hors intersection,Temps couvert,Autre collision,,,,,,,,,,,1,2,1,8.0,6.0
201000047234,0010-01-30 15:15:00,10,1,30,15,15,910,521,"., LIBERATION (AVENUE DE",,,Plein jour,En agglomération,Hors intersection,Normale,Autre collision,,,,,,,,,,,1,2,1,1.0,6.0
201000047235,0010-02-01 10:20:00,10,2,1,10,20,910,521,"39, LIBERATION (AVENUE D",,,Plein jour,En agglomération,Hors intersection,Neige / grêle,Deux véhicules - arrière,,,,,,,,,,,1,2,1,4.0,2.0
201000047236,0010-02-04 08:10:00,10,2,4,8,10,910,228,RN7,,,Plein jour,En agglomération,Hors intersection,Normale,Autre collision,,,,,,,,,,,1,2,1,1.0,6.0
201000047237,0010-02-08 20:30:00,10,2,8,20,30,910,228,FRANCE (BD) N°PAIRS,,,Nuit sans éclairage public,En agglomération,Hors intersection,Normale,Deux véhicules - arrière,,,,,,,,,,,3,2,1,1.0,2.0
201000047238,0010-02-11 17:10:00,10,2,11,17,10,910,228,GARE EVRY-COURCOURONNES,,,Plein jour,En agglomération,Hors intersection,Neige / grêle,Autre collision,,,,,,,,,,,1,2,1,4.0,6.0
201000047239,0010-02-16 09:50:00,10,2,16,9,50,910,182,ORME A MARTIN (AVENUE DE,,,Plein jour,En agglomération,Hors intersection,Normale,Deux véhicules - arrière,,,,,,,,,,,1,2,1,1.0,2.0
201000047240,0010-02-17 12:35:00,10,2,17,12,35,910,228,VOIE TU,,,Plein jour,En agglomération,Hors intersection,Pluie légère,Deux véhicules - côté,,,,,,,,,,,1,2,1,2.0,3.0
201000047241,0010-02-23 08:55:00,10,2,23,8,55,910,182,BIORT (RUE EMILE),,,Plein jour,En agglomération,Hors intersection,Pluie légère,Autre collision,,,,,,,,,,,1,2,1,2.0,6.0
201000047242,0010-02-23 10:55:00,10,2,23,10,55,910,521,JOLIOT CURIE (AVENUE IRE,,,Plein jour,Hors agglomération,Intersection en X,Pluie légère,Deux véhicules - côté,,,,,,,,,,,1,1,2,2.0,3.0
201000047243,0010-02-23 14:10:00,10,2,23,14,10,910,228,MAZIERES (RUE DES),,,Plein jour,En agglomération,Hors intersection,Normale,Autre collision,,,,,,,,,,,1,2,1,1.0,6.0
201000047244,0010-02-24 18:30:00,10,2,24,18,30,910,228,"., CHAMPS ELYSEES (BD) N",,,Nuit avec éclairage allumé,En agglomération,Hors intersection,Pluie légère,Autre collision,,,,,,,,,,,5,2,1,2.0,6.0
201000047245,0010-02-25 07:05:00,10,2,25,7,5,910,521,"., GRIGNY (ROUTE DE)",,,Crépuscule ou aube,En agglomération,Intersection en X,Normale,Autre collision,,,,,,,,,,,2,2,2,1.0,6.0
201000047246,0010-03-04 06:30:00,10,3,4,6,30,910,228,MITTERAND (BD FRANCOIS),,,Nuit avec éclairage allumé,En agglomération,Intersection en X,Normale,Deux véhicules - côté,,,,,,,,,,,5,2,2,1.0,3.0
201000047247,0010-03-06 16:20:00,10,3,6,16,20,910,228,"., MARECHAL LECLERC (BD)",,,Plein jour,En agglomération,Hors intersection,Normale,Deux véhicules - côté,,,,,,,,,,,1,2,1,1.0,3.0
201000047248,0010-03-13 16:35:00,10,3,13,16,35,910,182,"., TRAITE DE ROME (ROND-",,,Plein jour,Hors agglomération,Hors intersection,Normale,Autre collision,,,,,,,,,,,1,1,1,1.0,6.0
201000047249,0010-03-14 18:45:00,10,3,14,18,45,910,521,"., CHATEAU D'EAU (RUE DU",,,Crépuscule ou aube,En agglomération,Hors intersection,Normale,Deux véhicules - côté,,,,,,,,,,,2,2,1,1.0,3.0
201000047250,0010-03-22 10:45:00,10,3,22,10,45,910,228,"., MARECHAL JUIN (AVENUE",,,Plein jour,En agglomération,Hors intersection,Normale,Deux véhicules - côté,,,,,,,,,,,1,2,1,1.0,3.0
201000047251,0010-03-26 11:10:00,10,3,26,11,10,910,521,"2, GARE (AVENUE DE LA GA",,,Plein jour,En agglomération,Hors intersection,Normale,Autre collision,,,,,,,,,,,1,2,1,1.0,6.0
201000047252,0010-03-28 21:50:00,10,3,28,21,50,910,228,"., YERRES (BD)",,,Nuit avec éclairage allumé,En agglomération,Hors intersection,Pluie légère,Deux véhicules - côté,,,,,,,,,,,5,2,1,2.0,3.0
201000047253,0010-04-08 17:30:00,10,4,8,17,30,910,521,"22, GAMBETTA (AVENUE)",,,Plein jour,En agglomération,Hors intersection,Normale,Deux véhicules - côté,,,,,,,,,,,1,2,1,1.0,3.0
201000047254,0010-04-13 17:30:00,10,4,13,17,30,910,228,"., MIROIRS (PLACE DES)",,,Plein jour,En agglomération,Hors intersection,Normale,Autre collision,,,,,,,,,,,1,2,1,1.0,6.0
201000047255,0010-04-14 21:05:00,10,4,14,21,5,910,521,"., LIBERATION (AVENUE DE",,,Nuit avec éclairage allumé,En agglomération,Hors intersection,Normale,Deux véhicules - côté,,,,,,,,,,,5,2,1,1.0,3.0
201000047256,0010-04-29 18:55:00,10,4,29,18,55,910,228,"., GARE EVRY-COURCOURONN",,,Plein jour,En agglomération,Hors intersection,Normale,Autre collision,,,,,,,,,,,1,2,1,1.0,6.0
201000047257,0010-05-02 09:50:00,10,5,2,9,50,910,228,"., RN7",,,Plein jour,Hors agglomération,Hors intersection,Normale,Deux véhicules - arrière,,,,,,,,,,,1,1,1,1.0,2.0
201000047258,0010-05-10 18:00:00,10,5,10,18,0,910,521,"., LIBERATION (AVENUE DE",,,Plein jour,En agglomération,Hors intersection,Pluie légère,Autre collision,,,,,,,,,,,1,2,1,2.0,6.0
201000047259,0010-05-12 10:15:00,10,5,12,10,15,910,228,MAZIERES (RUE DES),,,Plein jour,En agglomération,Hors intersection,Temps couvert,Deux véhicules - arrière,,,,,,,,,,,1,2,1,8.0,2.0
201000047260,0010-05-16 16:40:00,10,5,16,16,40,910,521,"., BROSSOLETTE (RUE PIER",,,Plein jour,En agglomération,Hors intersection,Normale,Deux véhicules - côté,,,,,,,,,,,1,2,1,1.0,3.0
201000047261,0010-05-16 20:45:00,10,5,16,20,45,910,521,"., LIBERATION (AVENUE DE",,,Plein jour,En agglomération,Hors intersection,Normale,Deux véhicules - arrière,,,,,,,,,,,1,2,1,1.0,2.0
201000047262,0010-05-19 08:10:00,10,5,19,8,10,910,228,"., COQUIBUS(BD)",,,Plein jour,En agglomération,Hors intersection,Normale,Deux véhicules - côté,,,,,,,,,,,1,2,1,1.0,3.0
201000047263,0010-05-19 13:20:00,10,5,19,13,20,910,228,"., SOLJENITSYNE (RUE ALE",,,Plein jour,En agglomération,Hors intersection,Normale,Deux véhicules - côté,,,,,,,,,,,1,2,1,1.0,3.0
201000047264,0010-05-22 12:05:00,10,5,22,12,5,910,521,"., CLOS (RUE DU)",,,Plein jour,En agglomération,Hors intersection,Normale,Autre collision,,,,,,,,,,,1,2,1,1.0,6.0
201000047265,0010-05-28 15:00:00,10,5,28,15,0,910,228,CHAMPS ELYSEES (BD) N°11,,,Plein jour,En agglomération,Hors intersection,Normale,Deux véhicules - côté,,,,,,,,,,,1,2,1,1.0,3.0
201000047266,0010-06-01 08:40:00,10,6,1,8,40,910,182,PARLEMENT EUROPEEN (ROND,,,Plein jour,En agglomération,Hors intersection,Normale,Deux véhicules - arrière,,,,,,,,,,,1,2,1,1.0,2.0
201000047267,0010-06-01 11:26:00,10,6,1,11,26,910,228,"., CHAMPS ELYSEES (BD) N",,,Plein jour,En agglomération,Hors intersection,Neige / grêle,Autre collision,,,,,,,,,,,1,2,1,4.0,6.0
201000047268,0010-06-10 11:45:00,10,6,10,11,45,910,521,"., SAND( AVENUE GEORGE)",,,Plein jour,En agglomération,Hors intersection,Pluie légère,Autre collision,,,,,,,,,,,1,2,1,2.0,6.0
201000047269,0010-06-11 11:40:00,10,6,11,11,40,910,228,"., YERRES (BD)",,,Plein jour,En agglomération,Hors intersection,Normale,Deux véhicules - arrière,,,,,,,,,,,1,2,1,1.0,2.0
201000047270,0010-06-11 17:40:00,10,6,11,17,40,910,228,"., COQUIBUS (PROMENADE D",,,Plein jour,En agglomération,Hors intersection,Normale,Autre collision,,,,,,,,,,,1,2,1,1.0,6.0
201000047271,0010-06-12 15:35:00,10,6,12,15,35,910,521,"., GRIGNY (ROUTE DE)",,,Plein jour,En agglomération,Hors intersection,Normale,Deux véhicules - frontale,,,,,,,,,,,1,2,1,1.0,1.0
201000047272,0010-06-13 16:00:00,10,6,13,16,0,910,521,"., GUESDE (RUE JULES)",,,Plein jour,En agglomération,Hors intersection,Normale,Autre collision,,,,,,,,,,,1,2,1,1.0,6.0
201000047273,0010-06-15 16:00:00,10,6,15,16,0,910,228,"., CHAMPS ELYSEES (BD) B",,,Plein jour,En agglomération,Hors intersection,Normale,Deux véhicules - arrière,,,,,,,,,,,1,2,1,1.0,2.0
201000047274,0010-06-21 14:05:00,10,6,21,14,5,910,228,"., YERRES (BD)",,,Plein jour,En agglomération,Hors intersection,Normale,Deux véhicules - frontale,,,,,,,,,,,1,2,1,1.0,1.0
201000047275,0010-07-05 22:00:00,10,7,5,22,0,910,182,"8, PLESSIS BRIARD (RUE D",,,Crépuscule ou aube,En agglomération,Hors intersection,Normale,Deux véhicules - frontale,,,,,,,,,,,2,2,1,1.0,1.0
201000047276,0010-07-07 20:50:00,10,7,7,20,50,910,521,"., JOLIOT CURIE (AVENUE",,,Plein jour,Hors agglomération,Hors intersection,Normale,Deux véhicules - arrière,,,,,,,,,,,1,1,1,1.0,2.0
201000047277,0010-07-17 16:20:00,10,7,17,16,20,910,228,"., MAZIERES (RUE DES)",,,Plein jour,En agglomération,Hors intersection,Normale,Deux véhicules - arrière,,,,,,,,,,,1,2,1,1.0,2.0
201000047278,0010-07-22 14:50:00,10,7,22,14,50,910,228,"., CHAMPS ELYSEES (BD) N",,,Plein jour,Hors agglomération,Hors intersection,Normale,Deux véhicules - arrière,,,,,,,,,,,1,1,1,1.0,2.0
201000047279,0010-07-26 20:00:00,10,7,26,20,0,910,228,"22, PASCAL (COURS BLAISE",,,Plein jour,En agglomération,Hors intersection,Normale,Autre collision,,,,,,,,,,,1,2,1,1.0,6.0