accident_id,datetime,annee,mois,jour,heure,minute,departement,commune_insee,adresse,latitude,longitude,luminosite,agglomeration,intersection,meteo,collision,nb_vehicules,nb_usagers,nb_indemnes,nb_tues,nb_blesses_hosp,nb_blesses_legers,age_cond_1,age_cond_2,veh_type_cond_1,veh_type_cond_2,lum_code,agg_code,int_code,atm_code,col_code
201000048297,0010-05-26 21:05:00,10,5,26,21,5,920,24,"111, MARTRE (RUE) DE (11",,,Plein jour,En agglomération,Intersection en X,Normale,Deux véhicules - côté,,,,,,,,,,,1,2,2,1.0,3.0
201000048298,0010-05-28 15:45:00,10,5,28,15,45,920,24,"144, MARTRE (RUE) DE (11",,,Plein jour,En agglomération,Hors intersection,Normale,Deux véhicules - côté,,,,,,,,,,,1,2,1,1.0,3.0
201000048299,0010-05-28 18:35:00,10,5,28,18,35,920,24,"26, DIX-HUIT-JUIN-1940 (",,,Plein jour,En agglomération,Hors intersection,Normale,Autre collision,,,,,,,,,,,1,2,1,1.0,6.0
201000048300,0010-05-31 18:25:00,10,5,31,18,25,920,24,"1, DUMUR (IMPASSE)",,,Plein jour,En agglomération,Intersection en T,Normale,Deux véhicules - côté,,,,,,,,,,,1,2,3,1.0,3.0
201000048301,0010-06-02 10:30:00,10,6,2,10,30,920,24,"30, MARTRE DE (4 A 54)",,,Plein jour,En agglomération,Hors intersection,Normale,Deux véhicules - côté,,,,,,,,,,,1,2,1,1.0,3.0
201000048302,0010-06-02 18:50:00,10,6,2,18,50,920,24,"14, ASNIERES (ROUTE D')",,,Plein jour,En agglomération,Hors intersection,Normale,Autre collision,,,,,,,,,,,1,2,1,1.0,6.0
201000048303,0010-06-05 15:15:00,10,6,5,15,15,920,24,"122, MARTRE (RUE) DE (11",,,Plein jour,En agglomération,Hors intersection,Normale,Deux véhicules - arrière,,,,,,,,,,,1,2,1,1.0,2.0
201000048304,0010-06-08 07:25:00,10,6,8,7,25,920,24,"0, CLICHY (PONT DE)",,,Plein jour,En agglomération,Hors intersection,Normale,Trois véhicules et plus - collisions multiples,,,,,,,,,,,1,2,1,1.0,5.0
201000048305,0010-06-11 15:55:00,10,6,11,15,55,920,24,"32, CLICHY (QUAI DE) DE",,,Plein jour,En agglomération,Hors intersection,Normale,Deux véhicules - arrière,,,,,,,,,,,1,2,1,1.0,2.0
201000048306,0010-06-14 20:45:00,10,6,14,20,45,920,24,"67, VICTOR HUGO (BD)",,,Plein jour,En agglomération,Hors intersection,Normale,Deux véhicules - arrière,,,,,,,,,,,1,2,1,1.0,2.0
201000048307,0010-06-15 08:25:00,10,6,15,8,25,920,24,"83, VILLENEUVE (RUE) DE",,,Plein jour,En agglomération,Intersection en T,Normale,Deux véhicules - côté,,,,,,,,,,,1,2,3,1.0,3.0
201000048308,0010-06-17 12:35:00,10,6,17,12,35,920,24,"57, HENRI BARBUSSE (RUE)",,,Plein jour,En agglomération,Hors intersection,Normale,Deux véhicules - côté,,,,,,,,,,,1,2,1,1.0,3.0
201000048309,0010-06-18 23:15:00,10,6,18,23,15,920,24,"17, GENERAL ROGUET (RUE",,,Nuit avec éclairage allumé,Hors agglomération,Hors intersection,Normale,Deux véhicules - côté,,,,,,,,,,,5,1,1,1.0,3.0
201000048310,0010-06-23 18:15:00,10,6,23,18,15,920,24,"66, HENRI BARBUSSE (RUE)",,,Plein jour,En agglomération,Intersection en X,Normale,Autre collision,,,,,,,,,,,1,2,2,1.0,6.0
201000048311,0010-06-24 22:55:00,10,6,24,22,55,920,24,"104, MARTRE (RUE) DE (59",,,Nuit avec éclairage allumé,En agglomération,Intersection en X,Normale,Autre collision,,,,,,,,,,,5,2,2,1.0,6.0
201000048312,0010-03-26 16:55:00,10,3,26,16,55,920,24,"15, FANNY (RUE)",,,Plein jour,En agglomération,Hors intersection,Normale,Autre collision,,,,,,,,,,,1,2,1,1.0,6.0
201000048313,0010-06-29 10:35:00,10,6,29,10,35,920,24,"67, GENERAL LECLERC (RUE",,,Plein jour,En agglomération,Intersection en T,Normale,Autre collision,,,,,,,,,,,1,2,3,1.0,6.0
201000048314,0010-06-26 14:10:00,10,6,26,14,10,920,24,"37, VICTOR HUGO (BD)",,,Plein jour,En agglomération,Hors intersection,Normale,Autre collision,,,,,,,,,,,1,2,1,1.0,6.0
201000048315,0010-07-01 11:15:00,10,7,1,11,15,920,24,"96, HENRI BARBUSSE (RUE)",,,Plein jour,En agglomération,Hors intersection,Normale,Autre collision,,,,,,,,,,,1,2,1,1.0,6.0
201000048316,0010-07-03 10:30:00,10,7,3,10,30,920,24,"86, MARTRE (RUE) DE (59",,,Plein jour,En agglomération,Hors intersection,Normale,Deux véhicules - arrière,,,,,,,,,,,1,2,1,1.0,2.0
201000048317,0010-07-08 12:45:00,10,7,8,12,45,920,24,"100, GENERAL LECLERC (BD",,,Plein jour,En agglomération,Intersection en X,Normale,Autre collision,,,,,,,,,,,1,2,2,1.0,6.0
201000048318,0010-07-15 17:35:00,10,7,15,17,35,920,24,"128, JEAN JAURES (BD) DE",,,Plein jour,En agglomération,Hors intersection,Normale,Deux véhicules - côté,,,,,,,,,,,1,2,1,1.0,3.0
201000048319,0010-07-07 08:50:00,10,7,7,8,50,920,24,"23, DOCTEUR EMILE ROUX (",,,Plein jour,En agglomération,Hors intersection,Normale,Autre collision,,,,,,,,,,,1,2,1,1.0,6.0
201000048320,0010-07-01 20:10:00,10,7,1,20,10,920,24,"54, GENERAL LECLERC (BD",,,Plein jour,En agglomération,Hors intersection,Normale,Autre collision,,,,,,,,,,,1,2,1,1.0,6.0
201000048321,0010-07-03 22:45:00,10,7,3,22,45,920,24,"18, ANATOLE FRANCE (RUE)",,,Nuit avec éclairage allumé,En agglomération,Hors intersection,Normale,Deux véhicules - côté,,,,,,,,,,,5,2,1,1.0,3.0
201000048322,0010-07-20 18:20:00,10,7,20,18,20,920,24,"45, VICTOR HUGO (BD)",,,Plein jour,En agglomération,Hors intersection,Normale,Autre collision,,,,,,,,,,,1,2,1,1.0,6.0
201000048323,0010-07-24 20:05:00,10,7,24,20,5,920,24,"116, JEAN JAURES (BD) DE",,,Plein jour,En agglomération,Intersection en Y,Normale,Deux véhicules - côté,,,,,,,,,,,1,2,4,1.0,3.0
201000048324,0010-08-10 13:55:00,10,8,10,13,55,920,24,"1, PARIS (RUE DE) DE (1",,,Plein jour,En agglomération,Intersection en T,Normale,Deux véhicules - côté,,,,,,,,,,,1,2,3,1.0,3.0
201000048325,0010-08-10 19:10:00,10,8,10,19,10,920,24,"2, CLICHY (QUAI DE) DE (",,,Plein jour,En agglomération,Hors intersection,Normale,Autre collision,,,,,,,,,,,1,2,1,1.0,6.0
201000048326,0010-08-10 20:35:00,10,8,10,20,35,920,24,"3, FRERES LUMIERES (RUE",,,Crépuscule ou aube,En agglomération,Hors intersection,Pluie forte,Autre collision,,,,,,,,,,,2,2,1,3.0,6.0
201000048327,0010-08-20 11:40:00,10,8,20,11,40,920,24,"107, HENRI BARBUSSE (RUE",,,Plein jour,En agglomération,Hors intersection,Normale,Deux véhicules - arrière,,,,,,,,,,,1,2,1,1.0,2.0
201000048328,0010-08-21 19:50:00,10,8,21,19,50,920,24,"90, GENERAL ROGUET (RUE",,,Plein jour,En agglomération,Hors intersection,Normale,Deux véhicules - arrière,,,,,,,,,,,1,2,1,1.0,2.0
201000048329,0010-08-25 10:00:00,10,8,25,10,0,920,24,"1, REPUBLIQUE (PLACE DE",,,Plein jour,En agglomération,Giratoire,Normale,Deux véhicules - côté,,,,,,,,,,,1,2,6,1.0,3.0
201000048330,0010-08-31 20:05:00,10,8,31,20,5,920,24,"3, PASTEUR (RUE)",,,Crépuscule ou aube,En agglomération,Hors intersection,Normale,Autre collision,,,,,,,,,,,2,2,1,1.0,6.0
201000048331,0010-09-03 12:55:00,10,9,3,12,55,920,24,"116, JEAN JAURES (BD) DE",,,Plein jour,En agglomération,Intersection en T,Normale,Autre collision,,,,,,,,,,,1,2,3,1.0,6.0
201000048332,0010-09-07 07:00:00,10,9,7,7,0,920,24,"60, CLICHY (QUAI DE) DE",,,Plein jour,En agglomération,Intersection à plus de 4 branches,Normale,Deux véhicules - côté,,,,,,,,,,,1,2,5,1.0,3.0
201000048333,0010-09-11 18:15:00,10,9,11,18,15,920,24,"46, GENERAL LECLERC (BD",,,Plein jour,En agglomération,Hors intersection,Normale,Autre collision,,,,,,,,,,,1,2,1,1.0,6.0
201000048334,0010-09-18 22:40:00,10,9,18,22,40,920,24,"39, MARTRE (RUE) DE (1 A",,,Nuit avec éclairage allumé,En agglomération,Intersection en X,Normale,Deux véhicules - côté,,,,,,,,,,,5,2,2,1.0,3.0
201000048335,0010-09-19 15:55:00,10,9,19,15,55,920,24,"24, JEAN JAURES (BD) DE",,,Plein jour,En agglomération,Hors intersection,Normale,Deux véhicules - côté,,,,,,,,,,,1,2,1,1.0,3.0
201000048336,0010-09-19 16:15:00,10,9,19,16,15,920,24,"81, GENERAL LECLERC (RUE",,,Plein jour,En agglomération,Hors intersection,Normale,Deux véhicules - arrière,,,,,,,,,,,1,2,1,1.0,2.0
201000048337,0010-09-21 20:40:00,10,9,21,20,40,920,24,"12, GENERAL LECLERC (BD",,,Nuit avec éclairage allumé,Hors agglomération,Hors intersection,Normale,Deux véhicules - côté,,,,,,,,,,,5,1,1,1.0,3.0
201000048338,0010-09-22 18:25:00,10,9,22,18,25,920,24,"17, GEORGES BOISSEAU (RU",,,Plein jour,En agglomération,Hors intersection,Normale,Autre collision,,,,,,,,,,,1,2,1,1.0,6.0
201000048339,0010-09-22 19:40:00,10,9,22,19,40,920,24,"23, GEORGES BOISSEAU (RU",,,Crépuscule ou aube,En agglomération,Hors intersection,Normale,Autre collision,,,,,,,,,,,2,2,1,1.0,6.0
201000048340,0010-09-26 18:00:00,10,9,26,18,0,920,24,"80, JEAN JAURES (BD) DE",,,Plein jour,En agglomération,Hors intersection,Pluie légère,Autre collision,,,,,,,,,,,1,2,1,2.0,6.0
201000048341,0010-09-27 17:15:00,10,9,27,17,15,920,24,CLAUDE DEBUSSY (AVENUE),,,Plein jour,En agglomération,Intersection en T,Normale,Autre collision,,,,,,,,,,,1,2,3,1.0,6.0
201000048342,0010-09-30 10:00:00,10,9,30,10,0,920,24,"56, JEAN JAURES (BD) DE",,,Plein jour,En agglomération,Intersection en X,Normale,Deux véhicules - côté,,,,,,,,,,,1,2,2,1.0,3.0
201000048343,0010-10-03 18:05:00,10,10,3,18,5,920,24,R MEDERIC,,,Plein jour,En agglomération,Hors intersection,Normale,Autre collision,,,,,,,,,,,1,2,1,1.0,6.0
201000048344,0010-10-05 21:15:00,10,10,5,21,15,920,24,QU CLICHY/BD G.LECLERC,,,Nuit avec éclairage allumé,En agglomération,Giratoire,Pluie légère,Deux véhicules - côté,,,,,,,,,,,5,2,6,2.0,3.0
201000048345,0010-10-06 16:10:00,10,10,6,16,10,920,24,R DU GENERAL ROGUET,,,Plein jour,En agglomération,Hors intersection,Normale,Autre collision,,,,,,,,,,,1,2,1,1.0,6.0
201000048346,0010-10-06 21:00:00,10,10,6,21,0,920,24,BD V.HUGO/R CURTON,,,Nuit avec éclairage allumé,En agglomération,Intersection en T,Pluie légère,Deux véhicules - côté,,,,,,,,,,,5,2,3,2.0,3.0
201000048347,0010-10-07 12:20:00,10,10,7,12,20,920,24,"72, MARTRE (RUE) DE (59",,,Plein jour,En agglomération,Intersection en X,Normale,Autre collision,,,,,,,,,,,1,2,2,1.0,6.0
201000048348,0010-10-10 15:45:00,10,10,10,15,45,920,24,"36, HENRI BARBUSSE (RUE)",,,Plein jour,En agglomération,Hors intersection,Normale,Deux véhicules - côté,,,,,,,,,,,1,2,1,1.0,3.0
201000048349,0010-10-13 22:35:00,10,10,13,22,35,920,24,R H.BARBUSSE/R DE PARIS,,,Nuit avec éclairage allumé,En agglomération,Intersection en X,Normale,Deux véhicules - côté,,,,,,,,,,,5,2,2,1.0,3.0
201000048350,0010-10-16 18:30:00,10,10,16,18,30,920,24,R MARTRE/R H.BARBUSSE,,,Plein jour,En agglomération,Intersection en X,Normale,Deux véhicules - côté,,,,,,,,,,,1,2,2,1.0,3.0
201000048351,0010-10-16 19:45:00,10,10,16,19,45,920,24,BD G.LECLERC/BD V.HUGO,,,Crépuscule ou aube,En agglomération,Intersection en X,Normale,Autre collision,,,,,,,,,,,2,2,2,1.0,6.0
201000048352,0010-10-18 18:05:00,10,10,18,18,5,920,24,BD VICTOR HUGO,,,Plein jour,En agglomération,Hors intersection,Normale,Autre collision,,,,,,,,,,,1,2,1,1.0,6.0
201000048353,0010-10-18 21:50:00,10,10,18,21,50,920,24,BD G.LECLERC/BD V.HUGO,,,Nuit avec éclairage allumé,En agglomération,Intersection en X,Normale,Deux véhicules - côté,,,,,,,,,,,5,2,2,1.0,3.0
201000048354,0010-10-20 19:45:00,10,10,20,19,45,920,24,R MARTRE,,,Nuit avec éclairage allumé,En agglomération,Hors intersection,Normale,Deux véhicules - arrière,,,,,,,,,,,5,2,1,1.0,2.0
201000048355,0010-10-22 08:25:00,10,10,22,8,25,920,24,BD JEAN JAURES,,,Plein jour,En agglomération,Hors intersection,Normale,Autre collision,,,,,,,,,,,1,2,1,1.0,6.0
201000048356,0010-11-02 16:55:00,10,11,2,16,55,920,24,"86, R DU GENERAL ROGUET",,,Crépuscule ou aube,En agglomération,Hors intersection,Normale,Autre collision,,,,,,,,,,,2,2,1,1.0,6.0
201000048357,0010-11-01 20:40:00,10,11,1,20,40,920,24,BD JEAN JAURES/ BARBUSSE,,,Nuit avec éclairage allumé,En agglomération,Intersection en X,Normale,Deux véhicules - côté,,,,,,,,,,,5,2,2,1.0,3.0
201000048358,0010-11-03 14:15:00,10,11,3,14,15,920,24,GENERAL ROGUET/IMP DUMUR,,,Plein jour,En agglomération,Intersection en Y,Normale,Deux véhicules - côté,,,,,,,,,,,1,2,4,1.0,3.0
201000048359,0010-11-08 18:25:00,10,11,8,18,25,920,24,"36, BD DU GENERAL LECLER",,,Nuit avec éclairage allumé,En agglomération,Hors intersection,Pluie légère,Autre collision,,,,,,,,,,,5,2,1,2.0,6.0
201000048360,0010-11-09 13:05:00,10,11,9,13,5,920,24,"54,BD JEAN JAURES",,,Plein jour,En agglomération,Hors intersection,Pluie légère,Deux véhicules - arrière,,,,,,,,,,,1,2,1,2.0,2.0
201000048361,0010-11-12 12:25:00,10,11,12,12,25,920,24,BD VICTOR HUGO/R FANNY,,,Plein jour,En agglomération,Intersection en X,Normale,Deux véhicules - côté,,,,,,,,,,,1,2,2,1.0,3.0
201000048362,0010-11-16 08:25:00,10,11,16,8,25,920,24,"37, JEAN JAURES (BD) DE",,,Crépuscule ou aube,En agglomération,Hors intersection,Normale,Deux véhicules - côté,,,,,,,,,,,2,2,1,1.0,3.0
201000048363,0010-11-16 17:05:00,10,11,16,17,5,920,24,"32, LANDY (RUE DU) DE (1",,,Crépuscule ou aube,En agglomération,Hors intersection,Normale,Autre collision,,,,,,,,,,,2,2,1,1.0,6.0
201000048364,0010-11-17 16:55:00,10,11,17,16,55,920,24,"122, VICTOR HUGO (BD)",,,Crépuscule ou aube,En agglomération,Hors intersection,Normale,Deux véhicules - côté,,,,,,,,,,,2,2,1,1.0,3.0
201000048365,0010-11-19 02:35:00,10,11,19,2,35,920,24,"38, RTE D'ASNIERES",,,Nuit avec éclairage allumé,En agglomération,Hors intersection,Pluie légère,Deux véhicules - arrière,,,,,,,,,,,5,2,1,2.0,2.0
201000048366,0010-11-22 21:10:00,10,11,22,21,10,920,24,"104, QU DE CLICHY",,,Nuit avec éclairage allumé,En agglomération,Hors intersection,Normale,Deux véhicules - arrière,,,,,,,,,,,5,2,1,1.0,2.0
201000048367,0010-12-01 19:50:00,10,12,1,19,50,920,24,"01, ASNIERES (ROUTE D')",,,Nuit avec éclairage allumé,En agglomération,Hors intersection,Neige / grêle,Autre collision,,,,,,,,,,,5,2,1,4.0,6.0
201000048368,0010-12-12 07:35:00,10,12,12,7,35,920,24,"30, R GASTON PAYMAL",,,Nuit avec éclairage allumé,En agglomération,Hors intersection,Normale,Autre collision,,,,,,,,,,,5,2,1,1.0,6.0
201000048369,0010-12-16 16:50:00,10,12,16,16,50,920,24,R O.PALME/R MOZART,,,Crépuscule ou aube,En agglomération,Intersection en Y,Normale,Deux véhicules - frontale,,,,,,,,,,,2,2,4,1.0,1.0
201000048370,0010-12-15 11:20:00,10,12,15,11,20,920,24,R VICTOR MERIC,,,Plein jour,En agglomération,Hors intersection,Normale,Autre collision,,,,,,,,,,,1,2,1,1.0,6.0
201000048371,0010-12-22 18:10:00,10,12,22,18,10,920,24,BD DU GENERAL LECLERC,,,Nuit avec éclairage allumé,En agglomération,Hors intersection,Pluie légère,Deux véhicules - arrière,,,,,,,,,,,5,2,1,2.0,2.0
201000048372,0010-12-26 19:20:00,10,12,26,19,20,920,24,"128, VICTOR HUGO (BD)",,,Nuit avec éclairage allumé,En agglomération,Intersection en T,Normale,Autre collision,,,,,,,,,,,5,2,3,1.0,6.0
201000048373,0010-01-01 08:45:00,10,1,1,8,45,920,25,CHARLES DE GAULLE (BD),,,Plein jour,En agglomération,Intersection en X,Normale,Autre collision,,,,,,,,,,,1,2,2,1.0,6.0
201000048374,0010-01-20 18:30:00,10,1,20,18,30,920,25,BESSON (RUE),,,Nuit avec éclairage allumé,En agglomération,Hors intersection,Pluie légère,Autre collision,,,,,,,,,,,5,2,1,2.0,6.0
201000048375,0010-01-23 16:00:00,10,1,23,16,0,920,25,"5, JEAN JACQUES ROUSSEAU",,,Plein jour,En agglomération,Hors intersection,Pluie légère,Deux véhicules - côté,,,,,,,,,,,1,2,1,2.0,3.0
201000048376,0010-01-25 13:00:00,10,1,25,13,0,920,25,CHAMPARONS & (PETITE RUE,,,Plein jour,En agglomération,Intersection en T,Normale,Deux véhicules - côté,,,,,,,,,,,1,2,3,1.0,3.0
201000048377,0010-02-01 21:20:00,10,2,1,21,20,920,25,GABRIEL PERI (RUE),,,Nuit avec éclairage allumé,En agglomération,Intersection en T,Normale,Autre collision,,,,,,,,,,,5,2,3,1.0,6.0
201000048378,0010-02-02 19:10:00,10,2,2,19,10,920,25,"15, JEAN WIENER (RUE)",,,Nuit avec éclairage allumé,En agglomération,Hors intersection,Pluie légère,Autre collision,,,,,,,,,,,5,2,1,2.0,6.0
201000048379,0010-02-03 12:20:00,10,2,3,12,20,920,25,CHARLES DE GAULLE (BD),,,Plein jour,En agglomération,Intersection en X,Normale,Autre collision,,,,,,,,,,,1,2,2,1.0,6.0
201000048380,0010-02-03 17:05:00,10,2,3,17,5,920,25,"125, AGENT SARRE (AV DE",,,Plein jour,En agglomération,Hors intersection,Normale,Autre collision,,,,,,,,,,,1,2,1,1.0,6.0
201000048381,0010-02-15 15:15:00,10,2,15,15,15,920,25,CHATOU (RUE DE),,,Plein jour,En agglomération,Intersection en X,Normale,Deux véhicules - côté,,,,,,,,,,,1,2,2,1.0,3.0
201000048382,0010-02-16 13:30:00,10,2,16,13,30,920,25,"385 bis, GABRIEL PERI (R",,,Plein jour,En agglomération,Hors intersection,Normale,Autre collision,,,,,,,,,,,1,2,1,1.0,6.0
201000048383,0010-02-17 15:45:00,10,2,17,15,45,920,25,PDT S.ALLENDE<>90 A 276,,,Plein jour,En agglomération,Hors intersection,Pluie légère,Deux véhicules - côté,,,,,,,,,,,1,2,1,2.0,3.0
201000048384,0010-02-26 18:00:00,10,2,26,18,0,920,25,"103, GABRIEL PERI (RUE)",,,Plein jour,En agglomération,Hors intersection,Normale,Trois véhicules et plus - en chaîne,,,,,,,,,,,1,2,1,1.0,4.0
201000048385,0010-03-11 22:35:00,10,3,11,22,35,920,25,HENRI BARBUSSE (AV),,,Nuit avec éclairage allumé,En agglomération,Hors intersection,Normale,Deux véhicules - côté,,,,,,,,,,,5,2,1,1.0,3.0
201000048386,0010-03-24 17:35:00,10,3,24,17,35,920,25,ROUTE DU PORT DE PARIS,,,Plein jour,En agglomération,Intersection en T,Normale,Deux véhicules - arrière,,,,,,,,,,,1,2,3,1.0,2.0
201000048387,0010-03-27 06:55:00,10,3,27,6,55,920,25,PAUL BERT (RUE),,,Crépuscule ou aube,En agglomération,Intersection en X,Pluie légère,Deux véhicules - côté,,,,,,,,,,,2,2,2,2.0,3.0
201000048388,0010-03-27 13:55:00,10,3,27,13,55,920,25,STALINGRAD (AV DE),,,Plein jour,En agglomération,Intersection en T,Normale,Deux véhicules - côté,,,,,,,,,,,1,2,3,1.0,3.0
201000048389,0010-03-28 15:55:00,10,3,28,15,55,920,25,CHARLES DE GAULLE (BD),,,Plein jour,En agglomération,Intersection en X,Normale,Deux véhicules - côté,,,,,,,,,,,1,2,2,1.0,3.0
201000048390,0010-03-30 07:30:00,10,3,30,7,30,920,25,"77, CHARLES DE GAULLE (B",,,Crépuscule ou aube,En agglomération,Hors intersection,Pluie légère,Deux véhicules - arrière,,,,,,,,,,,2,2,1,2.0,2.0
201000048391,0010-04-09 19:30:00,10,4,9,19,30,920,25,RENOUILLERS  (RUE DES),,,Plein jour,En agglomération,Intersection en Y,Normale,Deux véhicules - côté,,,,,,,,,,,1,2,4,1.0,3.0
201000048392,0010-04-14 21:50:00,10,4,14,21,50,920,25,VALMY (BD DE),,,Nuit avec éclairage allumé,En agglomération,Intersection en T,Normale,Deux véhicules - côté,,,,,,,,,,,5,2,3,1.0,3.0
201000048393,0010-04-21 08:45:00,10,4,21,8,45,920,25,FELIX FAURE (RUE),,,Plein jour,En agglomération,Intersection en T,Normale,Deux véhicules - côté,,,,,,,,,,,1,2,3,1.0,3.0
201000048394,0010-04-23 09:25:00,10,4,23,9,25,920,25,CHARLES DE GAULLE (BD),,,Plein jour,En agglomération,Intersection en X,Normale,Deux véhicules - côté,,,,,,,,,,,1,2,2,1.0,3.0
201000048395,0010-04-28 20:05:00,10,4,28,20,5,920,25,KLEBER (AV),,,Plein jour,En agglomération,Hors intersection,Normale,Deux véhicules - arrière,,,,,,,,,,,1,2,1,1.0,2.0
201000048396,0010-05-02 17:00:00,10,5,2,17,0,920,25,"199, STALINGRAD (AV DE)",,,Plein jour,En agglomération,Hors intersection,Normale,Autre collision,,,,,,,,,,,1,2,1,1.0,6.0
201000048397,0010-05-14 16:25:00,10,5,14,16,25,920,25,VALMY (BD DE),,,Plein jour,En agglomération,Intersection en T,Normale,Deux véhicules - côté,,,,,,,,,,,1,2,3,1.0,3.0
201000048398,0010-05-16 12:15:00,10,5,16,12,15,920,25,"17, PAUL BERT (RUE)",,,Plein jour,En agglomération,Hors intersection,Normale,Trois véhicules et plus - collisions multiples,,,,,,,,,,,1,2,1,1.0,5.0
201000048399,0010-05-30 11:00:00,10,5,30,11,0,920,25,CHARLES DE GAULLE (BD),,,Plein jour,En agglomération,Intersection en X,Normale,Deux véhicules - côté,,,,,,,,,,,1,2,2,1.0,3.0
201000048400,0010-06-02 18:15:00,10,6,2,18,15,920,25,"11, EUROPE (AV DE L')",,,Plein jour,En agglomération,Hors intersection,Normale,Deux véhicules - côté,,,,,,,,,,,1,2,1,1.0,3.0
201000048401,0010-06-15 09:18:00,10,6,15,9,18,920,25,PAUL BERT (RUE),,,Plein jour,En agglomération,Intersection en X,Normale,Deux véhicules - côté,,,,,,,,,,,1,2,2,1.0,3.0
201000048402,0010-07-02 17:30:00,10,7,2,17,30,920,25,"108, VALMY (BD DE)",,,Plein jour,En agglomération,Intersection en T,Pluie légère,Deux véhicules - côté,,,,,,,,,,,1,2,3,2.0,3.0
201000048403,0010-07-07 13:25:00,10,7,7,13,25,920,25,"42, BOURNARD (RUE DU)",,,Plein jour,En agglomération,Hors intersection,Normale,Deux véhicules - côté,,,,,,,,,,,1,2,1,1.0,3.0
201000048404,0010-07-08 13:30:00,10,7,8,13,30,920,25,PAUL BERT (RUE),,,Plein jour,En agglomération,Intersection en T,Normale,Deux véhicules - côté,,,,,,,,,,,1,2,3,1.0,3.0
201000048405,0010-07-12 15:40:00,10,7,12,15,40,920,25,"74, BOURNARD (RUE DU)",,,Plein jour,En agglomération,Hors intersection,Pluie légère,Deux véhicules - arrière,,,,,,,,,,,1,2,1,2.0,2.0
201000048406,0010-07-28 00:55:00,10,7,28,0,55,920,25,CHARLES DE GAULLE (BD),,,Nuit avec éclairage allumé,En agglomération,Intersection en X,Normale,Deux véhicules - côté,,,,,,,,,,,5,2,2,1.0,3.0
201000048407,0010-08-04 01:05:00,10,8,4,1,5,920,25,CHARLES DE GAULLE (BD),,,Nuit avec éclairage allumé,En agglomération,Intersection en X,Normale,Deux véhicules - côté,,,,,,,,,,,5,2,2,1.0,3.0
201000048408,0010-08-20 19:30:00,10,8,20,19,30,920,25,"106, HENRI BARBUSSE (AV)",,,Plein jour,En agglomération,Hors intersection,Normale,Deux véhicules - arrière,,,,,,,,,,,1,2,1,1.0,2.0
201000048409,0010-09-01 23:17:00,10,9,1,23,17,920,25,CHARLES DE GAULLE (BD),,,Nuit avec éclairage allumé,En agglomération,Hors intersection,Normale,Deux véhicules - frontale,,,,,,,,,,,5,2,1,1.0,1.0
201000048410,0010-09-05 15:30:00,10,9,5,15,30,920,25,VALMY> 68 & 55 (BD DE),,,Plein jour,En agglomération,Hors intersection,Normale,Deux véhicules - arrière,,,,,,,,,,,1,2,1,1.0,2.0
201000048411,0010-09-06 17:30:00,10,9,6,17,30,920,25,"173, STALINGRAD (AV DE)",,,Plein jour,En agglomération,Hors intersection,Normale,Deux véhicules - frontale,,,,,,,,,,,1,2,1,1.0,1.0
201000048412,0010-09-13 15:15:00,10,9,13,15,15,920,25,"1, AGENT SARRE (AV DE L'",,,Plein jour,En agglomération,Hors intersection,Normale,Deux véhicules - frontale,,,,,,,,,,,1,2,1,1.0,1.0
201000048413,0010-09-14 08:05:00,10,9,14,8,5,920,25,"160, VALMY (BD DE)",,,Plein jour,En agglomération,Hors intersection,Normale,Deux véhicules - côté,,,,,,,,,,,1,2,1,1.0,3.0
201000048414,0010-09-14 13:50:00,10,9,14,13,50,920,25,MARECHAL FOCH (AV DU),,,Plein jour,En agglomération,Hors intersection,Normale,Autre collision,,,,,,,,,,,1,2,1,1.0,6.0
201000048415,0010-09-14 14:05:00,10,9,14,14,5,920,25,"14, GABRIEL PERI (RUE)",,,Plein jour,En agglomération,Hors intersection,Normale,Autre collision,,,,,,,,,,,1,2,1,1.0,6.0
201000048416,0010-09-14 19:00:00,10,9,14,19,0,920,25,CHARLES DE GAULLE (BD),,,Plein jour,En agglomération,Hors intersection,Normale,Deux véhicules - côté,,,,,,,,,,,1,2,1,1.0,3.0
201000048417,0010-09-16 07:45:00,10,9,16,7,45,920,25,PAUL BERT (RUE),,,Plein jour,En agglomération,Intersection en X,Normale,Deux véhicules - côté,,,,,,,,,,,1,2,2,1.0,3.0
201000048418,0010-09-17 08:30:00,10,9,17,8,30,920,25,"54, ARISTIDE BRIAND (RUE",,,Plein jour,En agglomération,Hors intersection,Normale,Deux véhicules - arrière,,,,,,,,,,,1,2,1,1.0,2.0
201000048419,0010-09-17 14:30:00,10,9,17,14,30,920,25,"22, EUROPE (AV DE L')",,,Plein jour,En agglomération,Hors intersection,Normale,Sans collision,,,,,,,,,,,1,2,1,1.0,7.0
201000048420,0010-09-18 14:10:00,10,9,18,14,10,920,25,"72, GABRIEL PERI (RUE)",,,Plein jour,En agglomération,Hors intersection,Normale,Deux véhicules - côté,,,,,,,,,,,1,2,1,1.0,3.0
201000048421,0010-09-19 14:40:00,10,9,19,14,40,920,25,A86,,,Plein jour,En agglomération,Hors intersection,Normale,Deux véhicules - arrière,,,,,,,,,,,1,2,1,1.0,2.0
201000048422,0010-09-21 08:45:00,10,9,21,8,45,920,25,RENOUILLERS (AV),,,Plein jour,En agglomération,Intersection en X,Normale,Autre collision,,,,,,,,,,,1,2,2,1.0,6.0
201000048423,0010-09-21 16:40:00,10,9,21,16,40,920,25,"173, STALINGRAD (AV DE)",,,Plein jour,En agglomération,Intersection en T,Normale,Deux véhicules - côté,,,,,,,,,,,1,2,3,1.0,3.0