accident_id,datetime,annee,mois,jour,heure,minute,departement,commune_insee,adresse,latitude,longitude,luminosite,agglomeration,intersection,meteo,collision,nb_vehicules,nb_usagers,nb_indemnes,nb_tues,nb_blesses_hosp,nb_blesses_legers,age_cond_1,age_cond_2,veh_type_cond_1,veh_type_cond_2,lum_code,agg_code,int_code,atm_code,col_code
201000048424,0010-09-27 20:30:00,10,9,27,20,30,920,25,"1, AUDRA (AV)",,,Nuit avec éclairage allumé,En agglomération,Intersection en X,Normale,Deux véhicules - côté,,,,,,,,,,,5,2,2,1.0,3.0
201000048425,0010-09-28 18:20:00,10,9,28,18,20,920,25,EUROPE (AV DE L'),,,Plein jour,En agglomération,Hors intersection,Normale,Sans collision,,,,,,,,,,,1,2,1,1.0,7.0
201000048426,0010-09-30 05:15:00,10,9,30,5,15,920,25,STALINGRAD (AV DE),,,Nuit avec éclairage non allumé,En agglomération,Intersection en X,Pluie légère,Deux véhicules - frontale,,,,,,,,,,,4,2,2,2.0,1.0
201000048427,0010-10-06 16:35:00,10,10,6,16,35,920,25,R S.ALLENDE/R L'EGALITE,,,Plein jour,En agglomération,Intersection en X,Pluie légère,Deux véhicules - côté,,,,,,,,,,,1,2,2,2.0,3.0
201000048428,0010-10-10 21:40:00,10,10,10,21,40,920,25,"9, PAUL BERT (RUE)",,,Nuit avec éclairage allumé,En agglomération,Hors intersection,Normale,Deux véhicules - côté,,,,,,,,,,,5,2,1,1.0,3.0
201000048429,0010-10-18 13:35:00,10,10,18,13,35,920,25,AV HENRI BARBUSSE,,,Plein jour,En agglomération,Hors intersection,Normale,Autre collision,,,,,,,,,,,1,2,1,1.0,6.0
201000048430,0010-10-21 21:00:00,10,10,21,21,0,920,25,BD VALMY/BD GAMBETTA,,,Nuit avec éclairage allumé,En agglomération,Intersection en X,Normale,Deux véhicules - côté,,,,,,,,,,,5,2,2,1.0,3.0
201000048431,0010-10-22 08:50:00,10,10,22,8,50,920,25,AV STALINGRAD/R D'EPINAY,,,Plein jour,En agglomération,Intersection en T,Normale,Deux véhicules - côté,,,,,,,,,,,1,2,3,1.0,3.0
201000048432,0010-10-24 15:05:00,10,10,24,15,5,920,25,AV D'ORGEMONT,,,Plein jour,En agglomération,Hors intersection,Normale,Deux véhicules - côté,,,,,,,,,,,1,2,1,1.0,3.0
201000048433,0010-11-03 08:45:00,10,11,3,8,45,920,25,R COLBERT / R CUGNET,,,Plein jour,En agglomération,Intersection en T,Normale,Deux véhicules - arrière,,,,,,,,,,,1,2,3,1.0,2.0
201000048434,0010-11-05 08:15:00,10,11,5,8,15,920,25,"17, GABRIEL PERI (RUE)",,,Plein jour,En agglomération,Hors intersection,Normale,Sans collision,,,,,,,,,,,1,2,1,1.0,7.0
201000048435,0010-11-12 11:55:00,10,11,12,11,55,920,25,"500,R GABRIEL PERI",,,Plein jour,En agglomération,Hors intersection,Normale,Deux véhicules - frontale,,,,,,,,,,,1,2,1,1.0,1.0
201000048436,0010-11-16 14:20:00,10,11,16,14,20,920,25,"110, STALINGRAD (AV DE)",,,Plein jour,En agglomération,Hors intersection,Normale,Deux véhicules - côté,,,,,,,,,,,1,2,1,1.0,3.0
201000048437,0010-11-16 11:45:00,10,11,16,11,45,920,25,VALMY (BD DE),,,Plein jour,En agglomération,Intersection en X,Normale,Deux véhicules - côté,,,,,,,,,,,1,2,2,1.0,3.0
201000048438,0010-11-19 12:30:00,10,11,19,12,30,920,25,"114, HENRI BARBUSSE (AV)",,,Plein jour,En agglomération,Hors intersection,Normale,Deux véhicules - arrière,,,,,,,,,,,1,2,1,1.0,2.0
201000048439,0010-11-21 19:20:00,10,11,21,19,20,920,25,"108, R BERANGER",,,Nuit avec éclairage allumé,En agglomération,Hors intersection,Pluie légère,Deux véhicules - côté,,,,,,,,,,,5,2,1,2.0,3.0
201000048440,0010-11-28 20:30:00,10,11,28,20,30,920,25,R RENOUILLERS/PSD ALLEND,,,Nuit avec éclairage allumé,En agglomération,Intersection en Y,Normale,Deux véhicules - arrière,,,,,,,,,,,5,2,4,1.0,2.0
201000048441,0010-11-23 09:00:00,10,11,23,9,0,920,25,MARCEAU/STALINGRAD,,,Plein jour,En agglomération,Intersection en T,Normale,Sans collision,,,,,,,,,,,1,2,3,1.0,7.0
201000048442,0010-11-30 18:10:00,10,11,30,18,10,920,25,BD CHARLES DE GAULLE,,,Nuit avec éclairage allumé,En agglomération,Hors intersection,Normale,Deux véhicules - côté,,,,,,,,,,,5,2,1,1.0,3.0
201000048443,0010-12-06 08:00:00,10,12,6,8,0,920,25,STALINGRAD/CHAMPARONS,,,Nuit avec éclairage allumé,En agglomération,Intersection en X,Pluie forte,Autre collision,,,,,,,,,,,5,2,2,3.0,6.0
201000048444,0010-12-23 16:40:00,10,12,23,16,40,920,25,C.DE G.<> 64 A 128 & 41,,,Crépuscule ou aube,En agglomération,Intersection en X,Neige / grêle,Sans collision,,,,,,,,,,,2,2,2,4.0,7.0
201000048445,0010-06-28 07:50:00,10,6,28,7,50,920,25,"29, SARTROUVILLE (RUE DE",,,Plein jour,En agglomération,Hors intersection,Normale,Deux véhicules - côté,,,,,,,,,,,1,2,1,1.0,3.0
201000048446,0010-12-09 15:45:00,10,12,9,15,45,920,25,GENERAL LECLERC (PLACE D,,,Plein jour,En agglomération,Intersection en X,Neige / grêle,Sans collision,,,,,,,,,,,1,2,2,4.0,7.0
201000048447,0010-08-15 17:30:00,10,8,15,17,30,920,25,"2, BOURNARD (RUE DU)",,,Plein jour,En agglomération,Hors intersection,Pluie forte,Sans collision,,,,,,,,,,,1,2,1,3.0,7.0
201000048448,0010-12-30 10:40:00,10,12,30,10,40,920,26,"32, VERDUN (DE 01 A 61)",,,Plein jour,En agglomération,Intersection en T,Normale,Autre collision,,,,,,,,,,,1,2,3,1.0,6.0
201000048449,0010-01-04 08:10:00,10,1,4,8,10,920,26,MISSION MARCHAND (COTE P,,,Crépuscule ou aube,En agglomération,Intersection en X,Autre,Autre collision,,,,,,,,,,,2,2,2,9.0,6.0
201000048450,0010-12-24 10:45:00,10,12,24,10,45,920,26,PL BELGIQUE / CLEMENCEAU,,,Plein jour,En agglomération,Intersection en X,Neige / grêle,Autre collision,,,,,,,,,,,1,2,2,4.0,6.0
201000048451,0010-01-05 09:45:00,10,1,5,9,45,920,26,VERDUN (DE 62 A FIN),,,Plein jour,En agglomération,Intersection en X,Autre,Autre collision,,,,,,,,,,,1,2,2,9.0,6.0
201000048452,0010-01-06 16:25:00,10,1,6,16,25,920,26,VERDUN (DE 62 A FIN),,,Plein jour,En agglomération,Intersection en T,Normale,Autre collision,,,,,,,,,,,1,2,3,1.0,6.0
201000048453,0010-01-11 08:10:00,10,1,11,8,10,920,26,GEORGES CLEMENCEAU,,,Nuit avec éclairage allumé,En agglomération,Hors intersection,Temps couvert,Deux véhicules - côté,,,,,,,,,,,5,2,1,8.0,3.0
201000048454,0010-12-27 20:30:00,10,12,27,20,30,920,26,MISSION MARCHAND (COTE P,,,Nuit avec éclairage allumé,En agglomération,Intersection en T,Normale,Deux véhicules - arrière,,,,,,,,,,,5,2,3,1.0,2.0
201000048455,0010-01-14 11:10:00,10,1,14,11,10,920,26,"99, MARECHAL JOFFRE (QUA",,,Plein jour,En agglomération,Intersection en T,Temps couvert,Trois véhicules et plus - en chaîne,,,,,,,,,,,1,2,3,8.0,4.0
201000048456,0010-01-21 14:40:00,10,1,21,14,40,920,26,VERDUN (DE 62 A FIN),,,Plein jour,En agglomération,Hors intersection,Normale,Autre collision,,,,,,,,,,,1,2,1,1.0,6.0
201000048457,0010-01-24 19:00:00,10,1,24,19,0,920,26,ALMA,,,Nuit avec éclairage allumé,En agglomération,Intersection en X,Pluie légère,Autre collision,,,,,,,,,,,5,2,2,2.0,6.0
201000048458,0010-01-25 12:00:00,10,1,25,12,0,920,26,"25, PRESIDENT KRUGER",,,Plein jour,En agglomération,Hors intersection,Normale,Autre collision,,,,,,,,,,,1,2,1,1.0,6.0
201000048459,0010-01-28 19:00:00,10,1,28,19,0,920,26,AJOUX,,,Nuit avec éclairage allumé,En agglomération,Intersection en T,Normale,Autre collision,,,,,,,,,,,5,2,3,1.0,6.0
201000048460,0010-01-29 17:45:00,10,1,29,17,45,920,26,CAPITAINE GUYNEMER,,,Plein jour,En agglomération,Hors intersection,Pluie légère,Autre collision,,,,,,,,,,,1,2,1,2.0,6.0
201000048461,0010-01-30 21:45:00,10,1,30,21,45,920,26,MARECHAL JOFFRE (QUAI DU,,,Nuit avec éclairage allumé,En agglomération,Hors intersection,Autre,Autre collision,,,,,,,,,,,5,2,1,9.0,6.0
201000048462,0010-02-03 12:05:00,10,2,3,12,5,920,26,11 NOVEMBRE ( AVENUE ),,,Plein jour,En agglomération,Intersection en X,Pluie légère,Autre collision,,,,,,,,,,,1,2,2,2.0,6.0
201000048463,0010-02-04 14:10:00,10,2,4,14,10,920,26,ABREUVOIR,,,Plein jour,En agglomération,Intersection en X,Normale,Autre collision,,,,,,,,,,,1,2,2,1.0,6.0
201000048464,0010-02-08 09:40:00,10,2,8,9,40,920,26,SAINT-DENIS BD DE (01 A,,,Plein jour,En agglomération,Intersection en T,Normale,Autre collision,,,,,,,,,,,1,2,3,1.0,6.0
201000048465,0010-02-05 17:15:00,10,2,5,17,15,920,26,JEAN MERMOZ (SQUARE ET P,,,Plein jour,En agglomération,Intersection à plus de 4 branches,Normale,Deux véhicules - côté,,,,,,,,,,,1,2,5,1.0,3.0
201000048466,0010-02-09 13:40:00,10,2,9,13,40,920,26,EUROPE ( ROND POINT DE L,,,Plein jour,En agglomération,Giratoire,Normale,Deux véhicules - côté,,,,,,,,,,,1,2,6,1.0,3.0
201000048467,0010-02-09 10:15:00,10,2,9,10,15,920,26,EUROPE ( ROND POINT DE L,,,Plein jour,En agglomération,Giratoire,Normale,Deux véhicules - côté,,,,,,,,,,,1,2,6,1.0,3.0
201000048468,0010-02-14 17:45:00,10,2,14,17,45,920,26,"13, SAINT-DENIS BD DE (0",,,Plein jour,En agglomération,Intersection en X,Normale,Autre collision,,,,,,,,,,,1,2,2,1.0,6.0
201000048469,0010-02-22 09:50:00,10,2,22,9,50,920,26,"107, MISSION MARCHAND (C",,,Plein jour,En agglomération,Hors intersection,Normale,Deux véhicules - arrière,,,,,,,,,,,1,2,1,1.0,2.0
201000048470,0010-02-22 10:30:00,10,2,22,10,30,920,26,"89, VERDUN (DE 62 A FIN)",,,Plein jour,En agglomération,Hors intersection,Normale,Deux véhicules - côté,,,,,,,,,,,1,2,1,1.0,3.0
201000048471,0010-02-23 19:25:00,10,2,23,19,25,920,26,COLOMBES,,,Nuit avec éclairage allumé,Hors agglomération,Intersection en T,Normale,Deux véhicules - côté,,,,,,,,,,,5,1,3,1.0,3.0
201000048472,0010-02-27 18:10:00,10,2,27,18,10,920,26,"111, SAINT DENIS BD (120",,,Crépuscule ou aube,En agglomération,Hors intersection,Pluie légère,Deux véhicules - côté,,,,,,,,,,,2,2,1,2.0,3.0
201000048473,0010-02-27 21:00:00,10,2,27,21,0,920,26,"8, VERDUN (DE 01 A 61)",,,Nuit avec éclairage allumé,En agglomération,Hors intersection,Pluie légère,Sans collision,,,,,,,,,,,5,2,1,2.0,7.0
201000048474,0010-02-24 10:00:00,10,2,24,10,0,920,26,PRÉSIDENT PAUL DOUMER (Q,,,Plein jour,En agglomération,Hors intersection,Autre,Sans collision,,,,,,,,,,,1,2,1,9.0,7.0
201000048475,0010-02-25 20:30:00,10,2,25,20,30,920,26,"15, ABREUVOIR",,,Nuit avec éclairage allumé,En agglomération,Hors intersection,Normale,Autre collision,,,,,,,,,,,5,2,1,1.0,6.0
201000048476,0010-03-03 17:45:00,10,3,3,17,45,920,26,"108, MARECHAL JOFFRE (QU",,,Plein jour,En agglomération,Hors intersection,Normale,Sans collision,,,,,,,,,,,1,2,1,1.0,7.0
201000048477,0010-03-08 13:40:00,10,3,8,13,40,920,26,"25, BEZONS (DE 23 A FIN)",,,Plein jour,En agglomération,Intersection en X,Normale,Autre collision,,,,,,,,,,,1,2,2,1.0,6.0
201000048478,0010-03-10 09:40:00,10,3,10,9,40,920,26,"2, VERDUN (DE 01 A 61)",,,Plein jour,Hors agglomération,Intersection en T,Normale,Autre collision,,,,,,,,,,,1,1,3,1.0,6.0
201000048479,0010-03-10 16:55:00,10,3,10,16,55,920,26,"64, MISSION MARCHAND (CO",,,Plein jour,En agglomération,Hors intersection,Normale,Autre collision,,,,,,,,,,,1,2,1,1.0,6.0
201000048480,0010-03-11 16:55:00,10,3,11,16,55,920,26,"117, VERDUN (DE 62 A FIN",,,Plein jour,En agglomération,Hors intersection,Normale,Deux véhicules - côté,,,,,,,,,,,1,2,1,1.0,3.0
201000048481,0010-03-12 21:20:00,10,3,12,21,20,920,26,VERDUN (DE 01 A 61),,,Nuit avec éclairage allumé,En agglomération,Intersection en X,Normale,Deux véhicules - côté,,,,,,,,,,,5,2,2,1.0,3.0
201000048482,0010-03-23 13:05:00,10,3,23,13,5,920,26,GEORGES CLEMENCEAU,,,Plein jour,En agglomération,Intersection à plus de 4 branches,Normale,Deux véhicules - côté,,,,,,,,,,,1,2,5,1.0,3.0
201000048483,0010-03-24 08:10:00,10,3,24,8,10,920,26,"167, SAINT DENIS BD (120",,,Plein jour,En agglomération,Hors intersection,Normale,Deux véhicules - côté,,,,,,,,,,,1,2,1,1.0,3.0
201000048484,0010-03-25 09:40:00,10,3,25,9,40,920,26,PRÉSIDENT PAUL DOUMER (Q,,,Plein jour,En agglomération,Hors intersection,Normale,Deux véhicules - arrière,,,,,,,,,,,1,2,1,1.0,2.0
201000048485,0010-03-25 20:10:00,10,3,25,20,10,920,26,VERDUN (DE 01 A 61),,,Nuit avec éclairage allumé,En agglomération,Intersection en T,Pluie légère,Deux véhicules - côté,,,,,,,,,,,5,2,3,2.0,3.0
201000048486,0010-04-04 11:30:00,10,4,4,11,30,920,26,BEZONS (DE 23 A FIN),,,Plein jour,En agglomération,Intersection en T,Autre,Deux véhicules - côté,,,,,,,,,,,1,2,3,9.0,3.0
201000048487,0010-04-08 09:00:00,10,4,8,9,0,920,26,"24, COLOMBES",,,Plein jour,En agglomération,Hors intersection,Pluie légère,Deux véhicules - arrière,,,,,,,,,,,1,2,1,2.0,2.0
201000048488,0010-04-11 00:05:00,10,4,11,0,5,920,26,COURBEVOIE (PONT DE),,,Nuit avec éclairage allumé,En agglomération,Hors intersection,Normale,Sans collision,,,,,,,,,,,5,2,1,1.0,7.0
201000048489,0010-04-14 14:30:00,10,4,14,14,30,920,26,ARISTIDE BRIAND,,,Plein jour,En agglomération,Intersection en T,Normale,Deux véhicules - côté,,,,,,,,,,,1,2,3,1.0,3.0
201000048490,0010-04-15 11:00:00,10,4,15,11,0,920,26,VERDUN (DE 62 A FIN),,,Plein jour,En agglomération,Hors intersection,Normale,Autre collision,,,,,,,,,,,1,2,1,1.0,6.0
201000048491,0010-04-20 10:20:00,10,4,20,10,20,920,26,PRÉSIDENT PAUL DOUMER (Q,,,Plein jour,En agglomération,Intersection en T,Normale,Deux véhicules - arrière,,,,,,,,,,,1,2,3,1.0,2.0
201000048492,0010-04-23 09:00:00,10,4,23,9,0,920,26,MARECHAL JOFFRE (QUAI DU,,,Plein jour,En agglomération,Hors intersection,Normale,Autre collision,,,,,,,,,,,1,2,1,1.0,6.0
201000048493,0010-04-23 19:30:00,10,4,23,19,30,920,26,"18, MISSION MARCHAND (CO",,,Plein jour,En agglomération,Hors intersection,Normale,Deux véhicules - arrière,,,,,,,,,,,1,2,1,1.0,2.0
201000048494,0010-04-23 13:50:00,10,4,23,13,50,920,26,VERDUN (DE 01 A 61),,,Plein jour,En agglomération,Intersection en T,Normale,Deux véhicules - côté,,,,,,,,,,,1,2,3,1.0,3.0
201000048495,0010-04-28 18:00:00,10,4,28,18,0,920,26,MARECHAL JOFFRE (QUAI DU,,,Plein jour,En agglomération,Intersection en T,Normale,Trois véhicules et plus - en chaîne,,,,,,,,,,,1,2,3,1.0,4.0
201000048496,0010-05-01 16:00:00,10,5,1,16,0,920,26,EMILE DESCHANEL (IMPASSE,,,Plein jour,En agglomération,Intersection en X,Normale,Deux véhicules - côté,,,,,,,,,,,1,2,2,1.0,3.0
201000048497,0010-05-08 16:00:00,10,5,8,16,0,920,26,"80, MARCEAU",,,Plein jour,En agglomération,Hors intersection,Normale,Autre collision,,,,,,,,,,,1,2,1,1.0,6.0
201000048498,0010-05-08 20:00:00,10,5,8,20,0,920,26,BEZONS  (DE 01 A 22),,,Plein jour,En agglomération,Intersection en X,Pluie légère,Deux véhicules - côté,,,,,,,,,,,1,2,2,2.0,3.0
201000048499,0010-05-10 16:30:00,10,5,10,16,30,920,26,"14, VERDUN (DE 01 A 61)",,,Plein jour,En agglomération,Hors intersection,Normale,Deux véhicules - côté,,,,,,,,,,,1,2,1,1.0,3.0
201000048500,0010-05-11 21:10:00,10,5,11,21,10,920,26,"110, COLOMBES",,,Plein jour,En agglomération,Hors intersection,Pluie légère,Sans collision,,,,,,,,,,,1,2,1,2.0,7.0
201000048501,0010-05-11 18:00:00,10,5,11,18,0,920,26,"2, ROUGET DE LISLE",,,Plein jour,En agglomération,Hors intersection,Pluie légère,Sans collision,,,,,,,,,,,1,2,1,2.0,7.0
201000048502,0010-05-21 13:40:00,10,5,21,13,40,920,26,MISSION MARCHAND (COTE P,,,Plein jour,En agglomération,Intersection en T,Normale,Deux véhicules - arrière,,,,,,,,,,,1,2,3,1.0,2.0
201000048503,0010-05-30 16:45:00,10,5,30,16,45,920,26,"29, PRÉSIDENT PAUL DOUME",,,Plein jour,En agglomération,Intersection en T,Normale,Trois véhicules et plus - collisions multiples,,,,,,,,,,,1,2,3,1.0,5.0
201000048504,0010-05-28 16:30:00,10,5,28,16,30,920,26,PRÉSIDENT PAUL DOUMER (Q,,,Plein jour,En agglomération,Hors intersection,Normale,Deux véhicules - arrière,,,,,,,,,,,1,2,1,1.0,2.0
201000048505,0010-06-03 09:00:00,10,6,3,9,0,920,26,"5, ARISTIDE BRIAND",,,Plein jour,En agglomération,Intersection en T,Normale,Autre collision,,,,,,,,,,,1,2,3,1.0,6.0
201000048506,0010-06-03 11:50:00,10,6,3,11,50,920,26,"34, MISSION MARCHAND (CO",,,Plein jour,En agglomération,Intersection en T,Normale,Deux véhicules - côté,,,,,,,,,,,1,2,3,1.0,3.0
201000048507,0010-06-03 17:44:00,10,6,3,17,44,920,26,"48, MARCEAU",,,Plein jour,En agglomération,Hors intersection,Normale,Autre collision,,,,,,,,,,,1,2,1,1.0,6.0
201000048508,0010-06-09 08:20:00,10,6,9,8,20,920,26,"15, VERDUN (DE 01 A 61)",,,Plein jour,En agglomération,Hors intersection,Pluie légère,Sans collision,,,,,,,,,,,1,2,1,2.0,7.0
201000048509,0010-06-08 18:30:00,10,6,8,18,30,920,26,BEZONS (DE 23 A FIN),,,Plein jour,En agglomération,Intersection en X,Normale,Autre collision,,,,,,,,,,,1,2,2,1.0,6.0
201000048510,0010-06-10 17:40:00,10,6,10,17,40,920,26,MARECHAL JOFFRE (QUAI DU,,,Plein jour,En agglomération,Hors intersection,Normale,Sans collision,,,,,,,,,,,1,2,1,1.0,7.0
201000048511,0010-06-13 01:28:00,10,6,13,1,28,920,26,VERDUN (DE 62 A FIN),,,Nuit avec éclairage allumé,En agglomération,Intersection en X,Normale,Deux véhicules - côté,,,,,,,,,,,5,2,2,1.0,3.0
201000048512,0010-06-19 09:15:00,10,6,19,9,15,920,26,"42, MISSION MARCHAND (CO",,,Plein jour,En agglomération,Intersection en X,Normale,Autre collision,,,,,,,,,,,1,2,2,1.0,6.0
201000048513,0010-06-13 08:50:00,10,6,13,8,50,920,26,"5, VICTOR HUGO (DE 01 A",,,Plein jour,En agglomération,Giratoire,Normale,Autre collision,,,,,,,,,,,1,2,6,1.0,6.0
201000048514,0010-06-23 13:00:00,10,6,23,13,0,920,26,"29, VERDUN (DE 01 A 61)",,,Plein jour,En agglomération,Intersection en T,Normale,Autre collision,,,,,,,,,,,1,2,3,1.0,6.0
201000048515,0010-06-24 08:00:00,10,6,24,8,0,920,26,SAINT DENIS BD (120 A 17,,,Plein jour,En agglomération,Intersection en T,Normale,Deux véhicules - côté,,,,,,,,,,,1,2,3,1.0,3.0
201000048516,0010-06-26 19:30:00,10,6,26,19,30,920,26,BAUDIN,,,Plein jour,En agglomération,Intersection en X,Normale,Deux véhicules - côté,,,,,,,,,,,1,2,2,1.0,3.0
201000048517,0010-06-25 08:45:00,10,6,25,8,45,920,26,"103, MARECHAL JOFFRE (QU",,,Plein jour,En agglomération,Hors intersection,Normale,Trois véhicules et plus - en chaîne,,,,,,,,,,,1,2,1,1.0,4.0
201000048518,0010-06-26 12:20:00,10,6,26,12,20,920,26,"56, BEZONS (DE 23 A FIN)",,,Plein jour,En agglomération,Hors intersection,Normale,Autre collision,,,,,,,,,,,1,2,1,1.0,6.0
201000048519,0010-06-29 15:15:00,10,6,29,15,15,920,26,VERDUN (DE 01 A 61),,,Plein jour,En agglomération,Intersection en T,Normale,Trois véhicules et plus - collisions multiples,,,,,,,,,,,1,2,3,1.0,5.0
201000048520,0010-06-30 20:05:00,10,6,30,20,5,920,26,MARECHAL JOFFRE (QUAI DU,,,Plein jour,En agglomération,Intersection en T,Normale,Deux véhicules - côté,,,,,,,,,,,1,2,3,1.0,3.0
201000048521,0010-07-02 10:00:00,10,7,2,10,0,920,26,RÉPUBLIQUE ( DE 65 A FIN,,,Plein jour,En agglomération,Intersection en X,Normale,Deux véhicules - côté,,,,,,,,,,,1,2,2,1.0,3.0
201000048522,0010-07-01 09:50:00,10,7,1,9,50,920,26,VICTOR HUGO (DE 01 A 45),,,Plein jour,En agglomération,Intersection en X,Normale,Sans collision,,,,,,,,,,,1,2,2,1.0,7.0
201000048523,0010-07-01 19:00:00,10,7,1,19,0,920,26,VERDUN (DE 62 A FIN),,,Plein jour,En agglomération,Hors intersection,Normale,Deux véhicules - côté,,,,,,,,,,,1,2,1,1.0,3.0
201000048524,0010-07-03 10:10:00,10,7,3,10,10,920,26,MARCEAU,,,Plein jour,En agglomération,Intersection en X,Pluie légère,Autre collision,,,,,,,,,,,1,2,2,2.0,6.0
201000048525,0010-07-02 12:30:00,10,7,2,12,30,920,26,ARISTIDE BRIAND,,,Plein jour,En agglomération,Intersection en T,Normale,Deux véhicules - côté,,,,,,,,,,,1,2,3,1.0,3.0
201000048526,0010-07-09 04:50:00,10,7,9,4,50,920,26,PRÉSIDENT PAUL DOUMER (Q,,,Nuit avec éclairage allumé,En agglomération,Intersection en T,Normale,Deux véhicules - frontale,,,,,,,,,,,5,2,3,1.0,1.0
201000048527,0010-07-09 12:25:00,10,7,9,12,25,920,26,COURBEVOIE (PONT DE),,,Plein jour,En agglomération,Intersection en X,Normale,Deux véhicules - arrière,,,,,,,,,,,1,2,2,1.0,2.0
201000048528,0010-07-10 15:10:00,10,7,10,15,10,920,26,GAULTIER,,,Plein jour,En agglomération,Intersection en X,Normale,Autre collision,,,,,,,,,,,1,2,2,1.0,6.0
201000048529,0010-07-20 10:30:00,10,7,20,10,30,920,26,"33, PRÉSIDENT PAUL DOUME",,,Plein jour,En agglomération,Intersection en T,Normale,Deux véhicules - côté,,,,,,,,,,,1,2,3,1.0,3.0
201000048530,0010-07-21 15:30:00,10,7,21,15,30,920,26,SAINT DENIS BD (120 A 17,,,Plein jour,En agglomération,Intersection en T,Normale,Autre collision,,,,,,,,,,,1,2,3,1.0,6.0
201000048531,0010-07-23 17:15:00,10,7,23,17,15,920,26,VERDUN (DE 01 A 61),,,Plein jour,En agglomération,Intersection en X,Normale,Autre collision,,,,,,,,,,,1,2,2,1.0,6.0
201000048532,0010-07-25 23:10:00,10,7,25,23,10,920,26,VERDUN (DE 62 A FIN),,,Nuit avec éclairage allumé,En agglomération,Intersection en X,Normale,Sans collision,,,,,,,,,,,5,2,2,1.0,7.0
201000048533,0010-07-26 16:30:00,10,7,26,16,30,920,26,MARECHAL JOFFRE (QUAI DU,,,Plein jour,En agglomération,Intersection en T,Normale,Deux véhicules - arrière,,,,,,,,,,,1,2,3,1.0,2.0
201000048534,0010-08-05 13:10:00,10,8,5,13,10,920,26,VERDUN (DE 62 A FIN),,,Plein jour,En agglomération,Intersection en T,Normale,Sans collision,,,,,,,,,,,1,2,3,1.0,7.0
201000048535,0010-07-15 09:00:00,10,7,15,9,0,920,26,MARCEAU,,,Plein jour,En agglomération,Intersection en X,Normale,Autre collision,,,,,,,,,,,1,2,2,1.0,6.0
201000048536,0010-08-13 11:30:00,10,8,13,11,30,920,26,"56, VERDUN (DE 01 A 61)",,,Plein jour,En agglomération,Hors intersection,Normale,Deux véhicules - arrière,,,,,,,,,,,1,2,1,1.0,2.0
201000048537,0010-08-26 15:10:00,10,8,26,15,10,920,26,"107, MISSION MARCHAND (C",,,Plein jour,En agglomération,Intersection en X,Normale,Sans collision,,,,,,,,,,,1,2,2,1.0,7.0
201000048538,0010-09-03 14:45:00,10,9,3,14,45,920,26,PRESIDENT KRUGER,,,Plein jour,En agglomération,Intersection en X,Normale,Deux véhicules - côté,,,,,,,,,,,1,2,2,1.0,3.0
201000048539,0010-09-07 09:37:00,10,9,7,9,37,920,26,ABREUVOIR,,,Plein jour,En agglomération,Intersection en X,Normale,Autre collision,,,,,,,,,,,1,2,2,1.0,6.0
201000048540,0010-09-09 08:20:00,10,9,9,8,20,920,26,ARISTIDE BRIAND,,,Plein jour,En agglomération,Intersection en T,Normale,Autre collision,,,,,,,,,,,1,2,3,1.0,6.0
201000048541,0010-09-10 16:50:00,10,9,10,16,50,920,26,VERDUN (DE 62 A FIN),,,Plein jour,En agglomération,Intersection en X,Normale,Deux véhicules - côté,,,,,,,,,,,1,2,2,1.0,3.0
201000048542,0010-09-11 02:35:00,10,9,11,2,35,920,26,MARCEAU,,,Nuit avec éclairage non allumé,En agglomération,Intersection en X,Normale,Autre collision,,,,,,,,,,,4,2,2,1.0,6.0
201000048543,0010-09-22 16:15:00,10,9,22,16,15,920,26,ABREUVOIR,,,Plein jour,En agglomération,Intersection en X,Normale,Deux véhicules - côté,,,,,,,,,,,1,2,2,1.0,3.0
201000048544,0010-09-22 21:20:00,10,9,22,21,20,920,26,BEZONS  (DE 01 A 22),,,Crépuscule ou aube,En agglomération,Intersection en X,Normale,Deux véhicules - côté,,,,,,,,,,,2,2,2,1.0,3.0
201000048545,0010-09-24 08:55:00,10,9,24,8,55,920,26,"255, SAINT DENIS BD (120",,,Plein jour,Hors agglomération,Hors intersection,Normale,Deux véhicules - côté,,,,,,,,,,,1,1,1,1.0,3.0
201000048546,0010-09-24 12:45:00,10,9,24,12,45,920,26,"57, GAMBETTA",,,Plein jour,En agglomération,Hors intersection,Normale,Deux véhicules - arrière,,,,,,,,,,,1,2,1,1.0,2.0
201000048547,0010-09-24 17:40:00,10,9,24,17,40,920,26,PRÉSIDENT PAUL DOUMER (Q,,,Plein jour,En agglomération,Hors intersection,Temps couvert,Sans collision,,,,,,,,,,,1,2,1,8.0,7.0
201000048548,0010-09-28 17:15:00,10,9,28,17,15,920,26,MASSENET,,,Plein jour,En agglomération,Intersection en X,Normale,Deux véhicules - côté,,,,,,,,,,,1,2,2,1.0,3.0
201000048549,0010-10-01 19:15:00,10,10,1,19,15,920,26,R DE L'ALMA,,,Nuit avec éclairage allumé,En agglomération,Hors intersection,Pluie forte,Deux véhicules - arrière,,,,,,,,,,,5,2,1,3.0,2.0
201000048550,0010-10-04 09:20:00,10,10,4,9,20,920,26,QU DU MARECHAL JOFFRE,,,Plein jour,En agglomération,Hors intersection,Temps couvert,Trois véhicules et plus - en chaîne,,,,,,,,,,,1,2,1,8.0,4.0
201000048551,0010-10-06 06:55:00,10,10,6,6,55,920,26,AV MARCEAU/R E.BARBIER,,,Nuit avec éclairage allumé,En agglomération,Intersection en T,Temps couvert,Autre collision,,,,,,,,,,,5,2,3,8.0,6.0
201000048552,0010-10-11 06:35:00,10,10,11,6,35,920,26,"212, SAINT DENIS BD (120",,,Nuit avec éclairage allumé,En agglomération,Intersection en T,Normale,Deux véhicules - côté,,,,,,,,,,,5,2,3,1.0,3.0