accident_id,datetime,annee,mois,jour,heure,minute,departement,commune_insee,adresse,latitude,longitude,luminosite,agglomeration,intersection,meteo,collision,nb_vehicules,nb_usagers,nb_indemnes,nb_tues,nb_blesses_hosp,nb_blesses_legers,age_cond_1,age_cond_2,veh_type_cond_1,veh_type_cond_2,lum_code,agg_code,int_code,atm_code,col_code
201000048678,0010-09-30 23:20:00,10,9,30,23,20,920,36,"0, MARCEL PAUL (AVENUE)",,,Nuit avec éclairage allumé,En agglomération,Autre intersection,Normale,Trois véhicules et plus - en chaîne,,,,,,,,,,,5,2,9,1.0,4.0
201000048679,0010-10-03 14:50:00,10,10,3,14,50,920,36,QU DES GRESILLONS,,,Plein jour,En agglomération,Hors intersection,Normale,Trois véhicules et plus - en chaîne,,,,,,,,,,,1,2,1,1.0,4.0
201000048680,0010-10-07 15:00:00,10,10,7,15,0,920,36,"0, FREDERIC CHOPIN (RUE)",,,Plein jour,En agglomération,Autre intersection,Normale,Autre collision,,,,,,,,,,,1,2,9,1.0,6.0
201000048681,0010-10-08 18:30:00,10,10,8,18,30,920,36,"0, MARCEL PAUL (AVENUE)",,,Plein jour,En agglomération,Hors intersection,Normale,Autre collision,,,,,,,,,,,1,2,1,1.0,6.0
201000048682,0010-10-10 20:40:00,10,10,10,20,40,920,36,"177, GABRIEL PERI (AVENU",,,Nuit avec éclairage allumé,En agglomération,Hors intersection,Normale,Deux véhicules - côté,,,,,,,,,,,5,2,1,1.0,3.0
201000048683,0010-10-12 00:10:00,10,10,12,0,10,920,36,AV L.ROCHE/BD L.MICHEL,,,Nuit avec éclairage allumé,En agglomération,Intersection en X,Normale,Deux véhicules - côté,,,,,,,,,,,5,2,2,1.0,3.0
201000048684,0010-10-18 18:50:00,10,10,18,18,50,920,36,AV LOUIS ROCHE,,,Crépuscule ou aube,En agglomération,Hors intersection,Normale,Trois véhicules et plus - collisions multiples,,,,,,,,,,,2,2,1,1.0,5.0
201000048685,0010-10-18 21:30:00,10,10,18,21,30,920,36,AV GABRIEL PERI,,,Nuit avec éclairage allumé,En agglomération,Hors intersection,Normale,Autre collision,,,,,,,,,,,5,2,1,1.0,6.0
201000048686,0010-10-21 13:30:00,10,10,21,13,30,920,36,RTE OUEST DU MOLE NUMERO,,,Plein jour,En agglomération,Hors intersection,Normale,Deux véhicules - arrière,,,,,,,,,,,1,2,1,1.0,2.0
201000048687,0010-10-21 17:40:00,10,10,21,17,40,920,36,BD L.MICHEL/R CABOEUFS,,,Crépuscule ou aube,En agglomération,Intersection en Y,Normale,Autre collision,,,,,,,,,,,2,2,4,1.0,6.0
201000048688,0010-10-26 19:10:00,10,10,26,19,10,920,36,60  AV MARCEL PAUL,,,Nuit avec éclairage allumé,En agglomération,Hors intersection,Normale,Deux véhicules - côté,,,,,,,,,,,5,2,1,1.0,3.0
201000048689,0010-10-29 15:10:00,10,10,29,15,10,920,36,BD INTERCOMMUNAL,,,Plein jour,En agglomération,Hors intersection,Normale,Deux véhicules - arrière,,,,,,,,,,,1,2,1,1.0,2.0
201000048690,0010-11-09 15:20:00,10,11,9,15,20,920,36,"28, R RICHELIEU",,,Plein jour,En agglomération,Hors intersection,Normale,Autre collision,,,,,,,,,,,1,2,1,1.0,6.0
201000048691,0010-11-17 23:00:00,10,11,17,23,0,920,36,"0, SEINE (ROUTE DE LA) (",,,Nuit avec éclairage allumé,En agglomération,Hors intersection,Pluie légère,Sans collision,,,,,,,,,,,5,2,1,2.0,7.0
201000048692,0010-12-08 13:15:00,10,12,8,13,15,920,36,"207, AV DES GRESILLONS",,,Plein jour,En agglomération,Hors intersection,Neige / grêle,Deux véhicules - côté,,,,,,,,,,,1,2,1,4.0,3.0
201000048693,0010-12-22 13:05:00,10,12,22,13,5,920,36,AV CELY / R PAUL VAILLAN,,,Plein jour,En agglomération,Intersection en X,Normale,Deux véhicules - côté,,,,,,,,,,,1,2,2,1.0,3.0
201000048694,0010-01-01 08:25:00,10,1,1,8,25,920,40,"182, VERDUN (AVENUE DE)",,,Crépuscule ou aube,En agglomération,Hors intersection,Normale,Autre collision,,,,,,,,,,,2,2,1,1.0,6.0
201000048695,0010-01-01 20:15:00,10,1,1,20,15,920,40,"xx, MARCEL MIQUEL",,,Plein jour,En agglomération,Hors intersection,Normale,Autre collision,,,,,,,,,,,1,2,1,1.0,6.0
201000048696,0010-01-11 08:45:00,10,1,11,8,45,920,40,"38, DIDEROT",,,Plein jour,En agglomération,Hors intersection,Normale,Autre collision,,,,,,,,,,,1,2,1,1.0,6.0
201000048697,0010-01-14 15:00:00,10,1,14,15,0,920,40,"36, ARISTIDE BRIAND",,,Plein jour,En agglomération,Hors intersection,Normale,Deux véhicules - côté,,,,,,,,,,,1,2,1,1.0,3.0
201000048698,0010-01-17 11:40:00,10,1,17,11,40,920,40,"04, ROUGET DE L'ISLE",,,Plein jour,En agglomération,Hors intersection,Normale,Autre collision,,,,,,,,,,,1,2,1,1.0,6.0
201000048699,0010-01-19 19:50:00,10,1,19,19,50,920,40,"98, PDT ROOSEVELT (QUAI",,,Nuit avec éclairage allumé,En agglomération,Hors intersection,Normale,Autre collision,,,,,,,,,,,5,2,1,1.0,6.0
201000048700,0010-01-21 19:55:00,10,1,21,19,55,920,40,"38, GENERAL DE GAULLE (A",,,Nuit avec éclairage allumé,En agglomération,Intersection en Y,Normale,Autre collision,,,,,,,,,,,5,2,4,1.0,6.0
201000048701,0010-01-22 10:10:00,10,1,22,10,10,920,40,"xxx, GALLIENI (BOULEVARD",,,Plein jour,En agglomération,Intersection en T,Temps couvert,Deux véhicules - arrière,,,,,,,,,,,1,2,3,8.0,2.0
201000048702,0010-01-27 14:05:00,10,1,27,14,5,920,40,"NON RENSEI, JULES GEVELO",,,Plein jour,En agglomération,Hors intersection,Normale,Deux véhicules - côté,,,,,,,,,,,1,2,1,1.0,3.0
201000048703,0010-01-28 20:40:00,10,1,28,20,40,920,40,"xxx, GOUVERNEUR GAL EBOU",,,Nuit avec éclairage allumé,En agglomération,Intersection en X,Normale,Deux véhicules - côté,,,,,,,,,,,5,2,2,1.0,3.0
201000048704,0010-01-30 16:05:00,10,1,30,16,5,920,40,"39, CAMILLE DESMOULINS",,,Plein jour,En agglomération,Hors intersection,Temps éblouissant,Autre collision,,,,,,,,,,,1,2,1,7.0,6.0
201000048705,0010-01-29 21:50:00,10,1,29,21,50,920,40,"28, JEAN-PIERRE TIMBAUD",,,Nuit avec éclairage allumé,En agglomération,Hors intersection,Normale,Autre collision,,,,,,,,,,,5,2,1,1.0,6.0
201000048706,0010-01-29 21:40:00,10,1,29,21,40,920,40,"xx, VICTOR CRESSON (AVEN",,,Nuit avec éclairage allumé,En agglomération,Intersection à plus de 4 branches,Normale,Deux véhicules - côté,,,,,,,,,,,5,2,5,1.0,3.0
201000048707,0010-02-23 10:10:00,10,2,23,10,10,920,40,"xxx, BARA",,,Plein jour,En agglomération,Intersection en Y,Pluie légère,Autre collision,,,,,,,,,,,1,2,4,2.0,6.0
201000048708,0010-02-24 21:05:00,10,2,24,21,5,920,40,"206, VERDUN (AVENUE DE)",,,Nuit avec éclairage allumé,En agglomération,Hors intersection,Pluie légère,Deux véhicules - arrière,,,,,,,,,,,5,2,1,2.0,2.0
201000048709,0010-03-01 13:55:00,10,3,1,13,55,920,40,"xxx, STALINGRAD (QUAI DE",,,Plein jour,En agglomération,Hors intersection,Normale,Autre collision,,,,,,,,,,,1,2,1,1.0,6.0
201000048710,0010-03-02 11:40:00,10,3,2,11,40,920,40,DOCTEUR LOMBARD (DU),,,Plein jour,En agglomération,Hors intersection,Normale,Autre collision,,,,,,,,,,,1,2,1,1.0,6.0
201000048711,0010-03-12 18:30:00,10,3,12,18,30,920,40,"136, VERDUN (AVENUE DE)",,,Crépuscule ou aube,En agglomération,Hors intersection,Normale,Autre collision,,,,,,,,,,,2,2,1,1.0,6.0
201000048712,0010-03-17 12:20:00,10,3,17,12,20,920,40,"33, ARISTIDE BRIAND",,,Plein jour,En agglomération,Hors intersection,Normale,Autre collision,,,,,,,,,,,1,2,1,1.0,6.0
201000048713,0010-03-18 08:40:00,10,3,18,8,40,920,40,"xxxx, RESISTANCE (PLACE",,,Plein jour,En agglomération,Hors intersection,Normale,Autre collision,,,,,,,,,,,1,2,1,1.0,6.0
201000048714,0010-03-19 19:30:00,10,3,19,19,30,920,40,"xxxx, GUYNEMER",,,Nuit avec éclairage allumé,En agglomération,Intersection en X,Pluie légère,Autre collision,,,,,,,,,,,5,2,2,2.0,6.0
201000048715,0010-03-31 13:25:00,10,3,31,13,25,920,40,"96, GALLIENI (BOULEVARD)",,,Plein jour,En agglomération,Hors intersection,Pluie légère,Autre collision,,,,,,,,,,,1,2,1,2.0,6.0
201000048716,0010-03-31 15:00:00,10,3,31,15,0,920,40,"xxxxx, RESISTANCE (PLACE",,,Plein jour,En agglomération,Hors intersection,Normale,Autre collision,,,,,,,,,,,1,2,1,1.0,6.0
201000048717,0010-03-31 19:00:00,10,3,31,19,0,920,40,"xxxx, ROUGET DE L'ISLE",,,Plein jour,En agglomération,Intersection en X,Pluie légère,Autre collision,,,,,,,,,,,1,2,2,2.0,6.0
201000048718,0010-04-02 16:50:00,10,4,2,16,50,920,40,"19, VAUDETARD",,,Plein jour,En agglomération,Autre intersection,Pluie légère,Autre collision,,,,,,,,,,,1,2,9,2.0,6.0
201000048719,0010-04-10 09:50:00,10,4,10,9,50,920,40,"XXXX, ERNEST RENAN",,,Plein jour,En agglomération,Hors intersection,Normale,Autre collision,,,,,,,,,,,1,2,1,1.0,6.0
201000048720,0010-04-13 16:35:00,10,4,13,16,35,920,40,"XXXX, PASTEUR (AVENUE)",,,Plein jour,En agglomération,Hors intersection,Normale,Autre collision,,,,,,,,,,,1,2,1,1.0,6.0
201000048721,0010-04-13 17:45:00,10,4,13,17,45,920,40,"6 bis, ERNEST RENAN",,,Plein jour,En agglomération,Hors intersection,Normale,Autre collision,,,,,,,,,,,1,2,1,1.0,6.0
201000048722,0010-04-16 00:25:00,10,4,16,0,25,920,40,"12, PDT ROOSEVELT (QUAI",,,Nuit avec éclairage allumé,En agglomération,Intersection à plus de 4 branches,Normale,Deux véhicules - côté,,,,,,,,,,,5,2,5,1.0,3.0
201000048723,0010-04-21 22:25:00,10,4,21,22,25,920,40,"33, JEAN-PIERRE TIMBAUD",,,Nuit avec éclairage allumé,En agglomération,Hors intersection,Normale,Deux véhicules - arrière,,,,,,,,,,,5,2,1,1.0,2.0
201000048724,0010-04-28 08:30:00,10,4,28,8,30,920,40,"xxx, GALLIENI (BOULEVARD",,,Plein jour,En agglomération,Intersection en X,Normale,Deux véhicules - arrière,,,,,,,,,,,1,2,2,1.0,2.0
201000048725,0010-05-09 16:20:00,10,5,9,16,20,920,40,"100, CAMILLE DESMOULINS",,,Plein jour,En agglomération,Hors intersection,Normale,Autre collision,,,,,,,,,,,1,2,1,1.0,6.0
201000048726,0010-05-11 20:40:00,10,5,11,20,40,920,40,"75, GALLIENI (BOULEVARD)",,,Plein jour,En agglomération,Hors intersection,Normale,Autre collision,,,,,,,,,,,1,2,1,1.0,6.0
201000048727,0010-05-18 22:15:00,10,5,18,22,15,920,40,RODIN (BOULEVARD),,,Nuit avec éclairage non allumé,En agglomération,Hors intersection,Normale,Deux véhicules - frontale,,,,,,,,,,,4,2,1,1.0,1.0
201000048728,0010-05-27 17:46:00,10,5,27,17,46,920,40,"XXXX, GARIBALDI (BOULEVA",,,Plein jour,En agglomération,Intersection en T,Normale,Deux véhicules - côté,,,,,,,,,,,1,2,3,1.0,3.0
201000048729,0010-05-30 17:45:00,10,5,30,17,45,920,40,ROGER SALENGRO,,,Plein jour,En agglomération,Intersection en X,Normale,Deux véhicules - côté,,,,,,,,,,,1,2,2,1.0,3.0
201000048730,0010-06-04 08:00:00,10,6,4,8,0,920,40,"XXXX, JEAN-PIERRE TIMBAU",,,Plein jour,En agglomération,Intersection en T,Autre,Autre collision,,,,,,,,,,,1,2,3,9.0,6.0
201000048731,0010-06-03 18:45:00,10,6,3,18,45,920,40,"24, GAMBETTA (BOULEVARD)",,,Plein jour,En agglomération,Hors intersection,Normale,Deux véhicules - frontale,,,,,,,,,,,1,2,1,1.0,1.0
201000048732,0010-06-11 17:10:00,10,6,11,17,10,920,40,"XXXX, PAIX (AVENUE DE LA",,,Plein jour,En agglomération,Intersection en X,Normale,Autre collision,,,,,,,,,,,1,2,2,1.0,6.0
201000048733,0010-06-11 17:10:00,10,6,11,17,10,920,40,"XXXX, STALINGRAD (QUAI D",,,Plein jour,En agglomération,Intersection en T,Normale,Deux véhicules - côté,,,,,,,,,,,1,2,3,1.0,3.0
201000048734,0010-06-12 11:50:00,10,6,12,11,50,920,40,"21, DANTON",,,Plein jour,En agglomération,Intersection en Y,Normale,Sans collision,,,,,,,,,,,1,2,4,1.0,7.0
201000048735,0010-06-12 22:15:00,10,6,12,22,15,920,40,"1, VOLTAIRE",,,Nuit avec éclairage allumé,En agglomération,Intersection en X,Normale,Deux véhicules - côté,,,,,,,,,,,5,2,2,1.0,3.0
201000048736,0010-06-11 16:40:00,10,6,11,16,40,920,40,"147, STALINGRAD (QUAI DE",,,Plein jour,En agglomération,Hors intersection,Normale,Trois véhicules et plus - collisions multiples,,,,,,,,,,,1,2,1,1.0,5.0
201000048737,0010-06-03 13:00:00,10,6,3,13,0,920,40,"XXXX, RESISTANCE (PLACE",,,Plein jour,En agglomération,Hors intersection,Normale,Deux véhicules - côté,,,,,,,,,,,1,2,1,1.0,3.0
201000048738,0010-06-17 18:30:00,10,6,17,18,30,920,40,"26, ARISTIDE BRIAND",,,Plein jour,En agglomération,Hors intersection,Temps couvert,Autre collision,,,,,,,,,,,1,2,1,8.0,6.0
201000048739,0010-06-17 22:10:00,10,6,17,22,10,920,40,"176, VERDUN (AVENUE DE)",,,Nuit sans éclairage public,En agglomération,Hors intersection,Normale,Deux véhicules - arrière,,,,,,,,,,,3,2,1,1.0,2.0
201000048740,0010-06-18 08:50:00,10,6,18,8,50,920,40,"18, GUYNEMER",,,Plein jour,En agglomération,Hors intersection,Normale,Autre collision,,,,,,,,,,,1,2,1,1.0,6.0
201000048741,0010-06-29 18:55:00,10,6,29,18,55,920,40,GOUVERNEUR GAL EBOUE DU,,,Plein jour,En agglomération,Intersection en X,Normale,Autre collision,,,,,,,,,,,1,2,2,1.0,6.0
201000048742,0010-06-29 20:30:00,10,6,29,20,30,920,40,ROUGET DE L'ISLE,,,Plein jour,En agglomération,Intersection en X,Normale,Autre collision,,,,,,,,,,,1,2,2,1.0,6.0
201000048743,0010-06-29 09:25:00,10,6,29,9,25,920,40,GALLIENI (BOULEVARD),,,Plein jour,En agglomération,Intersection en T,Normale,Autre collision,,,,,,,,,,,1,2,3,1.0,6.0
201000048744,0010-07-01 17:30:00,10,7,1,17,30,920,40,GALLIENI (BOULEVARD),,,Plein jour,En agglomération,Place,Normale,Autre collision,,,,,,,,,,,1,2,7,1.0,6.0
201000048745,0010-07-17 11:45:00,10,7,17,11,45,920,40,"xxx, ARISTIDE BRIAND",,,Plein jour,En agglomération,Hors intersection,Normale,Deux véhicules - frontale,,,,,,,,,,,1,2,1,1.0,1.0
201000048746,0010-07-07 19:20:00,10,7,7,19,20,920,40,"07, ARISTIDE BRIAND",,,Plein jour,En agglomération,Hors intersection,Normale,Autre collision,,,,,,,,,,,1,2,1,1.0,6.0
201000048747,0010-07-22 10:20:00,10,7,22,10,20,920,40,"xxx, STALINGRAD (QUAI DE",,,Plein jour,En agglomération,Hors intersection,Normale,Trois véhicules et plus - en chaîne,,,,,,,,,,,1,2,1,1.0,4.0
201000048748,0010-07-27 21:20:00,10,7,27,21,20,920,40,"xxx, GARIBALDI (BOULEVAR",,,Nuit avec éclairage allumé,En agglomération,Intersection en T,Normale,Deux véhicules - côté,,,,,,,,,,,5,2,3,1.0,3.0
201000048749,0010-07-24 17:34:00,10,7,24,17,34,920,40,"xxx, AUGUSTE GERVAIS",,,Plein jour,En agglomération,Hors intersection,Normale,Autre collision,,,,,,,,,,,1,2,1,1.0,6.0
201000048750,0010-08-05 18:15:00,10,8,5,18,15,920,40,"24, GAMBETTA (BOULEVARD)",,,Plein jour,En agglomération,Hors intersection,Normale,Autre collision,,,,,,,,,,,1,2,1,1.0,6.0
201000048751,0010-07-31 20:25:00,10,7,31,20,25,920,40,"52, EGALITE ( DE L')",,,Plein jour,En agglomération,Hors intersection,Normale,Autre collision,,,,,,,,,,,1,2,1,1.0,6.0
201000048752,0010-08-11 12:20:00,10,8,11,12,20,920,40,"22, GALLIENI (BOULEVARD)",,,Plein jour,En agglomération,Autre intersection,Pluie légère,Autre collision,,,,,,,,,,,1,2,9,2.0,6.0
201000048753,0010-08-11 22:05:00,10,8,11,22,5,920,40,"115, VERDUN (AVENUE DE)",,,Nuit avec éclairage allumé,En agglomération,Hors intersection,Normale,Autre collision,,,,,,,,,,,5,2,1,1.0,6.0
201000048754,0010-08-28 18:50:00,10,8,28,18,50,920,40,"xxx, ROUGET DE L'ISLE",,,Plein jour,En agglomération,Hors intersection,Normale,Autre collision,,,,,,,,,,,1,2,1,1.0,6.0
201000048755,0010-09-19 13:00:00,10,9,19,13,0,920,40,"xxxx, J.F KENNEDY (PLACE",,,Plein jour,En agglomération,Place,Normale,Autre collision,,,,,,,,,,,1,2,7,1.0,6.0
201000048756,0010-09-19 15:40:00,10,9,19,15,40,920,40,"3, ILES (BOULEVARD DES)",,,Plein jour,En agglomération,Hors intersection,Normale,Autre collision,,,,,,,,,,,1,2,1,1.0,6.0
201000048757,0010-09-21 12:05:00,10,9,21,12,5,920,40,"95, GOUVERNEUR GAL EBOUE",,,Plein jour,En agglomération,Hors intersection,Normale,Autre collision,,,,,,,,,,,1,2,1,1.0,6.0
201000048758,0010-09-30 19:20:00,10,9,30,19,20,920,40,"31, GAMBETTA (BOULEVARD)",,,Crépuscule ou aube,En agglomération,Hors intersection,Normale,Deux véhicules - côté,,,,,,,,,,,2,2,1,1.0,3.0
201000048759,0010-10-04 09:20:00,10,10,4,9,20,920,40,"19, RESISTANCE (PLACE DE",,,Plein jour,En agglomération,Autre intersection,Normale,Autre collision,,,,,,,,,,,1,2,9,1.0,6.0
201000048760,0010-10-05 17:30:00,10,10,5,17,30,920,40,AV DE VERDUN,,,Plein jour,En agglomération,Hors intersection,Pluie légère,Autre collision,,,,,,,,,,,1,2,1,2.0,6.0
201000048761,0010-10-21 08:40:00,10,10,21,8,40,920,40,"XXXX, GALLIENI (BOULEVAR",,,Plein jour,En agglomération,Hors intersection,Normale,Autre collision,,,,,,,,,,,1,2,1,1.0,6.0
201000048762,0010-10-19 10:00:00,10,10,19,10,0,920,40,BD GAMBETTA,,,Plein jour,En agglomération,Hors intersection,Normale,Autre collision,,,,,,,,,,,1,2,1,1.0,6.0
201000048763,0010-10-12 13:40:00,10,10,12,13,40,920,40,R JEAN PIERRE TIMBAUD,,,Plein jour,En agglomération,Hors intersection,Normale,Autre collision,,,,,,,,,,,1,2,1,1.0,6.0
201000048764,0010-10-06 17:05:00,10,10,6,17,5,920,40,QU DE STALINGRAD,,,Plein jour,En agglomération,Hors intersection,Normale,Autre collision,,,,,,,,,,,1,2,1,1.0,6.0
201000048765,0010-10-07 16:05:00,10,10,7,16,5,920,40,"30, GALLIENI (BOULEVARD)",,,Plein jour,En agglomération,Hors intersection,Normale,Autre collision,,,,,,,,,,,1,2,1,1.0,6.0
201000048766,0010-10-24 16:20:00,10,10,24,16,20,920,40,"XXXX, STALINGRAD (QUAI D",,,Plein jour,En agglomération,Hors intersection,Normale,Autre collision,,,,,,,,,,,1,2,1,1.0,6.0
201000048767,0010-10-26 20:00:00,10,10,26,20,0,920,40,R CAMILLE DESMOULINS,,,Nuit avec éclairage allumé,En agglomération,Hors intersection,Normale,Autre collision,,,,,,,,,,,5,2,1,1.0,6.0
201000048768,0010-11-17 20:50:00,10,11,17,20,50,920,40,"xxx, GARIBALDI (BOULEVAR",,,Nuit avec éclairage allumé,En agglomération,Hors intersection,Normale,Trois véhicules et plus - collisions multiples,,,,,,,,,,,5,2,1,1.0,5.0
201000048769,0010-11-19 17:40:00,10,11,19,17,40,920,40,"xxxxx, GARIBALDI (BOULEV",,,Nuit avec éclairage allumé,En agglomération,Intersection en T,Normale,Deux véhicules - côté,,,,,,,,,,,5,2,3,1.0,3.0
201000048770,0010-11-25 22:05:00,10,11,25,22,5,920,40,BD DES FRERES VOISIN,,,Nuit avec éclairage allumé,En agglomération,Intersection en X,Normale,Deux véhicules - côté,,,,,,,,,,,5,2,2,1.0,3.0
201000048771,0010-11-26 08:35:00,10,11,26,8,35,920,40,"50, BD GALLIENI",,,Plein jour,En agglomération,Hors intersection,Normale,Autre collision,,,,,,,,,,,1,2,1,1.0,6.0
201000048772,0010-12-07 11:45:00,10,12,7,11,45,920,40,"72, AV VICTOR CRESSON",,,Plein jour,En agglomération,Hors intersection,Neige / grêle,Autre collision,,,,,,,,,,,1,2,1,4.0,6.0
201000048773,0010-12-06 09:20:00,10,12,6,9,20,920,40,R CAMILLE DESMOULINS,,,Plein jour,En agglomération,Hors intersection,Pluie légère,Autre collision,,,,,,,,,,,1,2,1,2.0,6.0
201000048774,0010-12-13 20:10:00,10,12,13,20,10,920,40,"99, PDT ROOSEVELT (QUAI",,,Nuit avec éclairage allumé,En agglomération,Hors intersection,Normale,Deux véhicules - côté,,,,,,,,,,,5,2,1,1.0,3.0
201000048775,0010-12-14 18:13:00,10,12,14,18,13,920,40,"xxx, VICTOR HUGO (ROND-P",,,Nuit avec éclairage allumé,En agglomération,Giratoire,Normale,Autre collision,,,,,,,,,,,5,2,6,1.0,6.0
201000048776,0010-12-16 18:05:00,10,12,16,18,5,920,40,R JEAN JACQUES ROUSSEAU,,,Nuit avec éclairage allumé,En agglomération,Hors intersection,Pluie légère,Autre collision,,,,,,,,,,,5,2,1,2.0,6.0
201000048777,0010-12-17 19:15:00,10,12,17,19,15,920,40,28 BD GAMBETTA,,,Nuit avec éclairage allumé,En agglomération,Hors intersection,Pluie légère,Deux véhicules - côté,,,,,,,,,,,5,2,1,2.0,3.0
201000048778,0010-12-22 18:05:00,10,12,22,18,5,920,40,"xxx, ARISTIDE BRIAND",,,Nuit avec éclairage allumé,En agglomération,Intersection en X,Normale,Autre collision,,,,,,,,,,,5,2,2,1.0,6.0
201000048779,0010-12-26 20:35:00,10,12,26,20,35,920,40,"xxx, GENERAL DE GAULLE (",,,Nuit avec éclairage allumé,En agglomération,Intersection en T,Pluie légère,Deux véhicules - côté,,,,,,,,,,,5,2,3,2.0,3.0
201000048780,0010-12-15 19:05:00,10,12,15,19,5,920,44,R M.RAVEL/R D'ALSACE,,,Nuit avec éclairage allumé,En agglomération,Intersection en T,Normale,Autre collision,,,,,,,,,,,5,2,3,1.0,6.0
201000048781,0010-12-28 09:40:00,10,12,28,9,40,920,44,R COLLANGE/R BAUDIN,,,Plein jour,En agglomération,Intersection en X,Normale,Deux véhicules - frontale,,,,,,,,,,,1,2,2,1.0,1.0
201000048782,0010-01-02 09:40:00,10,1,2,9,40,920,44,"77, ANA.FRANCE(RUE)77A13",,,Plein jour,En agglomération,Intersection en X,Normale,Deux véhicules - côté,,,,,,,,,,,1,2,2,1.0,3.0
201000048783,0010-01-06 09:10:00,10,1,6,9,10,920,44,"20, RIVAY(RUE)1A23 ET 2A",,,Plein jour,En agglomération,Hors intersection,Normale,Autre collision,,,,,,,,,,,1,2,1,1.0,6.0
201000048784,0010-01-13 20:30:00,10,1,13,20,30,920,44,"86, BAUDIN (RUE)85 + ET",,,Nuit avec éclairage allumé,En agglomération,Intersection en T,Normale,Deux véhicules - côté,,,,,,,,,,,5,2,3,1.0,3.0
201000048785,0010-01-13 22:55:00,10,1,13,22,55,920,44,"34, VIC. HUGO(RUE)001A06",,,Nuit avec éclairage allumé,En agglomération,Hors intersection,Autre,Deux véhicules - arrière,,,,,,,,,,,5,2,1,9.0,2.0
201000048786,0010-01-18 16:10:00,10,1,18,16,10,920,44,"105, P.V.COUTURIER(RUE)8",,,Plein jour,En agglomération,Intersection en T,Normale,Autre collision,,,,,,,,,,,1,2,3,1.0,6.0
201000048787,0010-02-01 00:10:00,10,2,1,0,10,920,44,"69, PIERRE BROSSOLETTE(R",,,Nuit avec éclairage allumé,En agglomération,Intersection en X,Normale,Deux véhicules - côté,,,,,,,,,,,5,2,2,1.0,3.0
201000048788,0010-02-05 17:00:00,10,2,5,17,0,920,44,"12, VIC. HUGO(RUE)001A06",,,Plein jour,En agglomération,Hors intersection,Normale,Autre collision,,,,,,,,,,,1,2,1,1.0,6.0
201000048789,0010-02-17 08:30:00,10,2,17,8,30,920,44,GREFFULHE (RUE),,,Crépuscule ou aube,En agglomération,Intersection en T,Pluie légère,Autre collision,,,,,,,,,,,2,2,3,2.0,6.0
201000048790,0010-02-19 17:15:00,10,2,19,17,15,920,44,"78, DANTON(RUE)75A123 ET",,,Plein jour,En agglomération,Intersection en X,Normale,Deux véhicules - côté,,,,,,,,,,,1,2,2,1.0,3.0
201000048791,0010-02-21 18:20:00,10,2,21,18,20,920,44,", BAUDIN (RUE)85 + ET 86",,,Crépuscule ou aube,En agglomération,Intersection en T,Normale,Deux véhicules - côté,,,,,,,,,,,2,2,3,1.0,3.0
201000048792,0010-03-11 20:15:00,10,3,11,20,15,920,44,VIC. HUGO(RUE)091A113 ET,,,Crépuscule ou aube,En agglomération,Hors intersection,Normale,Deux véhicules - arrière,,,,,,,,,,,2,2,1,1.0,2.0
201000048793,0010-03-15 21:50:00,10,3,15,21,50,920,44,"93, VIC. HUGO(RUE)091A11",,,Plein jour,En agglomération,Intersection en T,Normale,Autre collision,,,,,,,,,,,1,2,3,1.0,6.0
201000048794,0010-03-16 14:50:00,10,3,16,14,50,920,44,"84, BAUDIN (RUE) 27A83 E",,,Plein jour,En agglomération,Intersection en X,Normale,Deux véhicules - côté,,,,,,,,,,,1,2,2,1.0,3.0
201000048795,0010-03-18 16:30:00,10,3,18,16,30,920,44,"96, RIVAY(RUE)97A107 ET",,,Plein jour,En agglomération,Intersection en X,Normale,Autre collision,,,,,,,,,,,1,2,2,1.0,6.0
201000048796,0010-03-28 20:15:00,10,3,28,20,15,920,44,"67, JEAN JAURES(RUE) 57A",,,Crépuscule ou aube,En agglomération,Intersection en T,Pluie légère,Autre collision,,,,,,,,,,,2,2,3,2.0,6.0
201000048797,0010-03-27 09:15:00,10,3,27,9,15,920,44,"33, JEAN JAURES(RUE) 1A5",,,Plein jour,En agglomération,Intersection en X,Normale,Deux véhicules - côté,,,,,,,,,,,1,2,2,1.0,3.0
201000048798,0010-03-27 06:05:00,10,3,27,6,5,920,44,"51, LOUISE MICHEL(RUE) 4",,,Crépuscule ou aube,En agglomération,Hors intersection,Normale,Autre collision,,,,,,,,,,,2,2,1,1.0,6.0
201000048799,0010-04-02 08:40:00,10,4,2,8,40,920,44,ANA.FRANCE(RUE) 141+ ET,,,Plein jour,En agglomération,Intersection en X,Normale,Autre collision,,,,,,,,,,,1,2,2,1.0,6.0
201000048800,0010-04-06 23:30:00,10,4,6,23,30,920,44,"4, ANA. FRANCE(RUE)1A75",,,Nuit avec éclairage allumé,En agglomération,Intersection en X,Normale,Deux véhicules - côté,,,,,,,,,,,5,2,2,1.0,3.0
201000048801,0010-04-07 16:30:00,10,4,7,16,30,920,44,"112, ARISTIDE BRIAND(RUE",,,Plein jour,En agglomération,Intersection en T,Normale,Autre collision,,,,,,,,,,,1,2,3,1.0,6.0
201000048802,0010-04-08 09:15:00,10,4,8,9,15,920,44,"96, BAUDIN (RUE) 27A83 E",,,Plein jour,En agglomération,Intersection en X,Normale,Deux véhicules - côté,,,,,,,,,,,1,2,2,1.0,3.0
201000048803,0010-04-12 10:30:00,10,4,12,10,30,920,44,"12, ANA. FRANCE(RUE)1A75",,,Plein jour,En agglomération,Hors intersection,Normale,Deux véhicules - arrière,,,,,,,,,,,1,2,1,1.0,2.0
201000048804,0010-04-14 07:28:00,10,4,14,7,28,920,44,"26, P.V.COUTURIER(RUE)1A",,,Plein jour,En agglomération,Intersection en T,Pluie légère,Trois véhicules et plus - collisions multiples,,,,,,,,,,,1,2,3,2.0,5.0