accident_id,datetime,annee,mois,jour,heure,minute,departement,commune_insee,adresse,latitude,longitude,luminosite,agglomeration,intersection,meteo,collision,nb_vehicules,nb_usagers,nb_indemnes,nb_tues,nb_blesses_hosp,nb_blesses_legers,age_cond_1,age_cond_2,veh_type_cond_1,veh_type_cond_2,lum_code,agg_code,int_code,atm_code,col_code
201000048805,0010-04-21 18:00:00,10,4,21,18,0,920,44,ERNEST COGNACQ(RUE),,,Plein jour,En agglomération,Hors intersection,Normale,Deux véhicules - côté,,,,,,,,,,,1,2,1,1.0,3.0
201000048806,0010-04-26 13:50:00,10,4,26,13,50,920,44,"25, TREZEL(RUE)15A29 ET",,,Plein jour,En agglomération,Hors intersection,Normale,Autre collision,,,,,,,,,,,1,2,1,1.0,6.0
201000048807,0010-05-04 12:20:00,10,5,4,12,20,920,44,"57, LOUIS ROUQUIER(RUE)4",,,Plein jour,En agglomération,Hors intersection,Normale,Autre collision,,,,,,,,,,,1,2,1,1.0,6.0
201000048808,0010-05-18 17:30:00,10,5,18,17,30,920,44,"29, VIC. HUGO(RUE)001A06",,,Plein jour,En agglomération,Hors intersection,Normale,Deux véhicules - côté,,,,,,,,,,,1,2,1,1.0,3.0
201000048809,0010-04-28 13:25:00,10,4,28,13,25,920,44,"36, GABRIEL PERI(RUE) 1A",,,Plein jour,En agglomération,Intersection en X,Normale,Deux véhicules - côté,,,,,,,,,,,1,2,2,1.0,3.0
201000048810,0010-05-21 17:30:00,10,5,21,17,30,920,44,"90, ED.VAILLANT(RUE) 75A",,,Plein jour,En agglomération,Hors intersection,Normale,Autre collision,,,,,,,,,,,1,2,1,1.0,6.0
201000048811,0010-05-25 09:10:00,10,5,25,9,10,920,44,J. GUESDE(RUE) 1A23 ET2A,,,Plein jour,En agglomération,Hors intersection,Normale,Autre collision,,,,,,,,,,,1,2,1,1.0,6.0
201000048812,0010-05-25 18:20:00,10,5,25,18,20,920,44,"10/12, VIC. HUGO(RUE)001",,,Plein jour,En agglomération,Hors intersection,Normale,Deux véhicules - côté,,,,,,,,,,,1,2,1,1.0,3.0
201000048813,0010-05-25 21:10:00,10,5,25,21,10,920,44,"50, VIC. HUGO(RUE)001A06",,,Crépuscule ou aube,En agglomération,Hors intersection,Normale,Deux véhicules - arrière,,,,,,,,,,,2,2,1,1.0,2.0
201000048814,0010-05-28 21:55:00,10,5,28,21,55,920,44,"20, PDT WILSON(RUE) 2A24",,,Nuit avec éclairage allumé,En agglomération,Intersection en X,Normale,Deux véhicules - frontale,,,,,,,,,,,5,2,2,1.0,1.0
201000048815,0010-05-31 17:50:00,10,5,31,17,50,920,44,"07, THIERRY LE LURON(RUE",,,Plein jour,En agglomération,Hors intersection,Normale,Autre collision,,,,,,,,,,,1,2,1,1.0,6.0
201000048816,0010-05-31 19:40:00,10,5,31,19,40,920,44,"30, MICHELET(QUAI) 2 A 3",,,Plein jour,En agglomération,Intersection en X,Normale,Deux véhicules - côté,,,,,,,,,,,1,2,2,1.0,3.0
201000048817,0010-06-03 12:50:00,10,6,3,12,50,920,44,"2, ASPIRANT D'ARGENT (RU",,,Plein jour,En agglomération,Hors intersection,Normale,Autre collision,,,,,,,,,,,1,2,1,1.0,6.0
201000048818,0010-06-11 07:05:00,10,6,11,7,5,920,44,"84, MICHELET (QUAI) 58 A",,,Crépuscule ou aube,En agglomération,Hors intersection,Normale,Deux véhicules - arrière,,,,,,,,,,,2,2,1,1.0,2.0
201000048819,0010-06-12 16:00:00,10,6,12,16,0,920,44,P.V.COUTURIER(RUE)81A113,,,Plein jour,En agglomération,Intersection en T,Normale,Deux véhicules - côté,,,,,,,,,,,1,2,3,1.0,3.0
201000048820,0010-06-12 12:06:00,10,6,12,12,6,920,44,GENERAL LECLERC(PLACE),,,Plein jour,En agglomération,Hors intersection,Normale,Autre collision,,,,,,,,,,,1,2,1,1.0,6.0
201000048821,0010-06-14 09:45:00,10,6,14,9,45,920,44,"53, BAUDIN (RUE) 27A83 E",,,Plein jour,En agglomération,Hors intersection,Normale,Autre collision,,,,,,,,,,,1,2,1,1.0,6.0
201000048822,0010-06-14 12:50:00,10,6,14,12,50,920,44,JEAN JAURES(RUE) 1A55 ET,,,Plein jour,En agglomération,Intersection en X,Normale,Autre collision,,,,,,,,,,,1,2,2,1.0,6.0
201000048823,0010-06-13 13:45:00,10,6,13,13,45,920,44,"6, P.V.COUTURIER(RUE)1A3",,,Plein jour,En agglomération,Intersection en X,Normale,Deux véhicules - côté,,,,,,,,,,,1,2,2,1.0,3.0
201000048824,0010-06-24 10:45:00,10,6,24,10,45,920,44,"10, DANTON(RUE)125+ ET 1",,,Plein jour,En agglomération,Intersection en T,Normale,Autre collision,,,,,,,,,,,1,2,3,1.0,6.0
201000048825,0010-06-24 17:50:00,10,6,24,17,50,920,44,"36, KLEBER (RUE)",,,Plein jour,En agglomération,Hors intersection,Normale,Autre collision,,,,,,,,,,,1,2,1,1.0,6.0
201000048826,0010-06-30 09:20:00,10,6,30,9,20,920,44,"87, MICHELET (QUAI) 58 A",,,Plein jour,En agglomération,Hors intersection,Normale,Deux véhicules - côté,,,,,,,,,,,1,2,1,1.0,3.0
201000048827,0010-06-26 22:45:00,10,6,26,22,45,920,44,JEAN JAURES(RUE) 1A55 ET,,,Crépuscule ou aube,En agglomération,Intersection en X,Normale,Deux véhicules - côté,,,,,,,,,,,2,2,2,1.0,3.0
201000048828,0010-06-28 10:50:00,10,6,28,10,50,920,44,"128, ANA.FRANCE(RUE) 141",,,Plein jour,En agglomération,Hors intersection,Normale,Deux véhicules - côté,,,,,,,,,,,1,2,1,1.0,3.0
201000048829,0010-06-28 20:30:00,10,6,28,20,30,920,44,"154, ANA.FRANCE(RUE) 141",,,Crépuscule ou aube,En agglomération,Intersection en X,Normale,Deux véhicules - côté,,,,,,,,,,,2,2,2,1.0,3.0
201000048830,0010-06-29 19:24:00,10,6,29,19,24,920,44,ANA.FRANCE(RUE) 141+ ET,,,Plein jour,En agglomération,Hors intersection,Normale,Deux véhicules - côté,,,,,,,,,,,1,2,1,1.0,3.0
201000048831,0010-06-29 17:00:00,10,6,29,17,0,920,44,"45, VILLIERS(RUE DE)  2A",,,Plein jour,En agglomération,Intersection en T,Normale,Trois véhicules et plus - collisions multiples,,,,,,,,,,,1,2,3,1.0,5.0
201000048832,0010-07-05 23:12:00,10,7,5,23,12,920,44,"120, J. GUESDES(RUE)103A",,,Nuit avec éclairage allumé,En agglomération,Intersection en X,Normale,Deux véhicules - côté,,,,,,,,,,,5,2,2,1.0,3.0
201000048833,0010-07-06 19:50:00,10,7,6,19,50,920,44,"95, JEAN JAURES(RUE) 57A",,,Plein jour,En agglomération,Intersection en T,Normale,Trois véhicules et plus - collisions multiples,,,,,,,,,,,1,2,3,1.0,5.0
201000048834,0010-07-15 15:05:00,10,7,15,15,5,920,44,"103, RIVAY(RUE)97A107 ET",,,Plein jour,En agglomération,Intersection en X,Normale,Deux véhicules - côté,,,,,,,,,,,1,2,2,1.0,3.0
201000048835,0010-07-19 18:50:00,10,7,19,18,50,920,44,"1, ANDRE MALRAUX(AVENUE)",,,Plein jour,En agglomération,Intersection en Y,Normale,Autre collision,,,,,,,,,,,1,2,4,1.0,6.0
201000048836,0010-07-20 13:15:00,10,7,20,13,15,920,44,"20, MARJOLIN (RUE) 1A13",,,Plein jour,En agglomération,Hors intersection,Normale,Autre collision,,,,,,,,,,,1,2,1,1.0,6.0
201000048837,0010-07-20 16:40:00,10,7,20,16,40,920,44,"48, MICHELET (QUAI) 32 A",,,Plein jour,En agglomération,Hors intersection,Normale,Deux véhicules - côté,,,,,,,,,,,1,2,1,1.0,3.0
201000048838,0010-07-23 10:30:00,10,7,23,10,30,920,44,"101, P.V.COUTURIER(RUE)8",,,Plein jour,En agglomération,Intersection en X,Normale,Deux véhicules - côté,,,,,,,,,,,1,2,2,1.0,3.0
201000048839,0010-07-29 21:35:00,10,7,29,21,35,920,44,BAUDIN (RUE)85 + ET 86+,,,Plein jour,En agglomération,Intersection en T,Normale,Deux véhicules - côté,,,,,,,,,,,1,2,3,1.0,3.0
201000048840,0010-08-04 12:00:00,10,8,4,12,0,920,44,"59, MICHELET (QUAI) 32 A",,,Plein jour,En agglomération,Hors intersection,Normale,Deux véhicules - arrière,,,,,,,,,,,1,2,1,1.0,2.0
201000048841,0010-08-05 14:55:00,10,8,5,14,55,920,44,"20, PARC (RUE DU) 2A16 E",,,Plein jour,En agglomération,Intersection en T,Normale,Deux véhicules - côté,,,,,,,,,,,1,2,3,1.0,3.0
201000048842,0010-08-05 16:05:00,10,8,5,16,5,920,44,"25, MARIUS AUFAN(RUE) 69",,,Plein jour,En agglomération,Intersection en X,Normale,Deux véhicules - côté,,,,,,,,,,,1,2,2,1.0,3.0
201000048843,0010-08-13 12:25:00,10,8,13,12,25,920,44,"65, PDT WILSON(RUE)51A75",,,Plein jour,En agglomération,Intersection en X,Normale,Autre collision,,,,,,,,,,,1,2,2,1.0,6.0
201000048844,0010-08-15 11:25:00,10,8,15,11,25,920,44,"25, MARIUS AUFAN(RUE) 1A",,,Plein jour,En agglomération,Hors intersection,Pluie légère,Autre collision,,,,,,,,,,,1,2,1,2.0,6.0
201000048845,0010-08-25 18:10:00,10,8,25,18,10,920,44,"80, ARISTIDE BRIAND(RUE)",,,Plein jour,En agglomération,Hors intersection,Normale,Trois véhicules et plus - en chaîne,,,,,,,,,,,1,2,1,1.0,4.0
201000048846,0010-09-13 22:30:00,10,9,13,22,30,920,44,"92, P.V.COUTURIER(RUE)81",,,Nuit avec éclairage allumé,En agglomération,Intersection en T,Normale,Sans collision,,,,,,,,,,,5,2,3,1.0,7.0
201000048847,0010-09-16 17:30:00,10,9,16,17,30,920,44,"85, BAUDIN (RUE)85 + ET",,,Plein jour,En agglomération,Intersection en X,Normale,Deux véhicules - côté,,,,,,,,,,,1,2,2,1.0,3.0
201000048848,0010-09-21 08:50:00,10,9,21,8,50,920,44,"107, ANA.FRANCE(RUE)77A1",,,Plein jour,En agglomération,Hors intersection,Normale,Deux véhicules - côté,,,,,,,,,,,1,2,1,1.0,3.0
201000048849,0010-09-21 15:30:00,10,9,21,15,30,920,44,ARISTIDE BRIAND(RUE)85 +,,,Plein jour,En agglomération,Intersection en T,Normale,Autre collision,,,,,,,,,,,1,2,3,1.0,6.0
201000048850,0010-09-22 14:50:00,10,9,22,14,50,920,44,"1, VERDUN(PLACE DE)",,,Plein jour,En agglomération,Hors intersection,Normale,Autre collision,,,,,,,,,,,1,2,1,1.0,6.0
201000048851,0010-09-23 12:45:00,10,9,23,12,45,920,44,"26, LOUIS ROUQUIER(RUE)",,,Plein jour,En agglomération,Intersection en X,Normale,Deux véhicules - côté,,,,,,,,,,,1,2,2,1.0,3.0
201000048852,0010-09-24 08:50:00,10,9,24,8,50,920,44,"9, MICHELET(QUAI) 2 A 30",,,Plein jour,En agglomération,Hors intersection,Normale,Trois véhicules et plus - collisions multiples,,,,,,,,,,,1,2,1,1.0,5.0
201000048853,0010-10-08 15:50:00,10,10,8,15,50,920,44,"19, MICHELET(QUAI) 2 A 3",,,Plein jour,En agglomération,Giratoire,Normale,Deux véhicules - côté,,,,,,,,,,,1,2,6,1.0,3.0
201000048854,0010-10-12 11:35:00,10,10,12,11,35,920,44,54 R JEAN JAURES,,,Plein jour,En agglomération,Hors intersection,Normale,Autre collision,,,,,,,,,,,1,2,1,1.0,6.0
201000048855,0010-10-13 10:15:00,10,10,13,10,15,920,44,R DANTON/R L.ROUQUIER,,,Plein jour,En agglomération,Intersection en T,Normale,Deux véhicules - côté,,,,,,,,,,,1,2,3,1.0,3.0
201000048856,0010-10-14 11:15:00,10,10,14,11,15,920,44,R J.GUESDE/R BAUDIN,,,Plein jour,En agglomération,Intersection en X,Normale,Deux véhicules - côté,,,,,,,,,,,1,2,2,1.0,3.0
201000048857,0010-10-25 17:55:00,10,10,25,17,55,920,44,R MARIUS AUFAN,,,Plein jour,En agglomération,Intersection en X,Normale,Deux véhicules - côté,,,,,,,,,,,1,2,2,1.0,3.0
201000048858,0010-11-04 12:45:00,10,11,4,12,45,920,44,"25, MARJOLIN (RUE)15A45",,,Plein jour,En agglomération,Intersection en T,Normale,Deux véhicules - arrière,,,,,,,,,,,1,2,3,1.0,2.0
201000048859,0010-11-05 16:25:00,10,11,5,16,25,920,44,"12, JACQUES IBERT(RUE) 2",,,Plein jour,En agglomération,Hors intersection,Normale,Deux véhicules - arrière,,,,,,,,,,,1,2,1,1.0,2.0
201000048860,0010-11-09 15:00:00,10,11,9,15,0,920,44,ARISTIDE BRIAND/R MARIUS,,,Plein jour,En agglomération,Intersection en X,Normale,Deux véhicules - côté,,,,,,,,,,,1,2,2,1.0,3.0
201000048861,0010-11-12 08:15:00,10,11,12,8,15,920,44,R VICTOR HUGO/R ARISTIDE,,,Plein jour,En agglomération,Intersection en X,Normale,Deux véhicules - arrière,,,,,,,,,,,1,2,2,1.0,2.0
201000048862,0010-11-12 22:30:00,10,11,12,22,30,920,44,MARJOLIN/R P.V. COUTURIE,,,Nuit avec éclairage allumé,En agglomération,Intersection en X,Normale,Deux véhicules - côté,,,,,,,,,,,5,2,2,1.0,3.0
201000048863,0010-11-15 21:00:00,10,11,15,21,0,920,44,"8, MATHILDE GIRAULT (RUE",,,Nuit avec éclairage allumé,En agglomération,Intersection en X,Normale,Autre collision,,,,,,,,,,,5,2,2,1.0,6.0
201000048864,0010-11-17 21:00:00,10,11,17,21,0,920,44,"9, LEON JAMIN(RUE)",,,Plein jour,En agglomération,Intersection en T,Pluie légère,Deux véhicules - côté,,,,,,,,,,,1,2,3,2.0,3.0
201000048865,0010-12-02 18:00:00,10,12,2,18,0,920,44,PDT WILSON/BAUDIN,,,Nuit avec éclairage allumé,En agglomération,Intersection en X,Normale,Deux véhicules - côté,,,,,,,,,,,5,2,2,1.0,3.0
201000048866,0010-12-04 09:05:00,10,12,4,9,5,920,44,"103, R ANATOLE FRANCE",,,Plein jour,En agglomération,Intersection en X,Normale,Deux véhicules - côté,,,,,,,,,,,1,2,2,1.0,3.0
201000048867,0010-08-26 08:25:00,10,8,26,8,25,920,44,"108, ARISTIDE BRIAND(RUE",,,Plein jour,En agglomération,Hors intersection,Normale,Deux véhicules - côté,,,,,,,,,,,1,2,1,1.0,3.0
201000048868,0010-01-04 07:50:00,10,1,4,7,50,920,48,"., PARC DE FLEURY (RUE D",,,Nuit avec éclairage allumé,En agglomération,Intersection en T,Normale,Sans collision,,,,,,,,,,,5,2,3,1.0,7.0
201000048869,0010-01-03 16:40:00,10,1,3,16,40,920,48,"43, LONGS REAGES (RUE ET",,,Plein jour,En agglomération,Intersection en T,Normale,Autre collision,,,,,,,,,,,1,2,3,1.0,6.0
201000048870,0010-01-06 13:45:00,10,1,6,13,45,920,48,TRIVAUX (AVENUE DE) N° 9,,,Plein jour,Hors agglomération,Hors intersection,Normale,Autre collision,,,,,,,,,,,1,1,1,1.0,6.0
201000048871,0010-01-10 09:15:00,10,1,10,9,15,920,48,"40, GENERAL GALLIENI (AV",,,Plein jour,En agglomération,Intersection en X,Neige / grêle,Sans collision,,,,,,,,,,,1,2,2,4.0,7.0
201000048872,0010-01-23 11:15:00,10,1,23,11,15,920,48,"28, ARTHELON (RUE D')",,,Plein jour,En agglomération,Hors intersection,Pluie légère,Deux véhicules - arrière,,,,,,,,,,,1,2,1,2.0,2.0
201000048873,0010-01-25 07:40:00,10,1,25,7,40,920,48,"60, GARDES (ROUTE DES) N",,,Crépuscule ou aube,En agglomération,Intersection en T,Normale,Trois véhicules et plus - collisions multiples,,,,,,,,,,,2,2,3,1.0,5.0
201000048874,0010-02-03 20:55:00,10,2,3,20,55,920,48,"1, GENERAL DE GAULLE (AV",,,Nuit avec éclairage allumé,En agglomération,Intersection en T,Pluie légère,Deux véhicules - frontale,,,,,,,,,,,5,2,3,2.0,1.0
201000048875,0010-02-07 12:45:00,10,2,7,12,45,920,48,"., MAL DE LATTRE DE TASS",,,Plein jour,En agglomération,Giratoire,Normale,Deux véhicules - côté,,,,,,,,,,,1,2,6,1.0,3.0
201000048876,0010-02-17 07:15:00,10,2,17,7,15,920,48,MARCELLIN BERTHELOT (AVE,,,Nuit avec éclairage allumé,Hors agglomération,Hors intersection,Normale,Autre collision,,,,,,,,,,,5,1,1,1.0,6.0
201000048877,0010-02-27 12:20:00,10,2,27,12,20,920,48,"18, GENERAL DE GAULLE (A",,,Plein jour,En agglomération,Hors intersection,Normale,Deux véhicules - côté,,,,,,,,,,,1,2,1,1.0,3.0
201000048878,0010-03-18 12:30:00,10,3,18,12,30,920,48,"., GARDES (ROUTE DES) N°",,,Plein jour,En agglomération,Place,Normale,Autre collision,,,,,,,,,,,1,2,7,1.0,6.0
201000048879,0010-03-29 19:15:00,10,3,29,19,15,920,48,"97, PARIS (RUE DE) N° 12",,,Plein jour,En agglomération,Hors intersection,Pluie légère,Deux véhicules - arrière,,,,,,,,,,,1,2,1,2.0,2.0
201000048880,0010-04-16 12:05:00,10,4,16,12,5,920,48,"., MORANE SAULNIER (AVEN",,,Plein jour,En agglomération,Hors intersection,Normale,Deux véhicules - arrière,,,,,,,,,,,1,2,1,1.0,2.0
201000048881,0010-04-23 09:00:00,10,4,23,9,0,920,48,"., Etoile du Pavé de MEU",,,Plein jour,Hors agglomération,Giratoire,Normale,Autre collision,,,,,,,,,,,1,1,6,1.0,6.0
201000048882,0010-05-03 08:20:00,10,5,3,8,20,920,48,"09, TRIVAUX (AVENUE DE)",,,Plein jour,En agglomération,Hors intersection,Pluie légère,Deux véhicules - côté,,,,,,,,,,,1,2,1,2.0,3.0
201000048883,0010-05-06 14:40:00,10,5,6,14,40,920,48,"21, VAUGIRARD (ROUTE DE)",,,Plein jour,En agglomération,Hors intersection,Normale,Sans collision,,,,,,,,,,,1,2,1,1.0,7.0
201000048884,0010-05-15 18:45:00,10,5,15,18,45,920,48,"03, ROBERT SCHUMAN (AVEN",,,Plein jour,En agglomération,Hors intersection,Normale,Deux véhicules - arrière,,,,,,,,,,,1,2,1,1.0,2.0
201000048885,0010-05-16 19:30:00,10,5,16,19,30,920,48,"25, GENERAL DE GAULLE (A",,,Plein jour,En agglomération,Hors intersection,Normale,Deux véhicules - arrière,,,,,,,,,,,1,2,1,1.0,2.0
201000048886,0010-05-20 08:35:00,10,5,20,8,35,920,48,"., GENERAL GALLIENI (AVE",,,Plein jour,En agglomération,Intersection en X,Normale,Autre collision,,,,,,,,,,,1,2,2,1.0,6.0
201000048887,0010-05-28 19:40:00,10,5,28,19,40,920,48,"66, REPUBLIQUE (RUE DE L",,,Plein jour,En agglomération,Hors intersection,Normale,Deux véhicules - côté,,,,,,,,,,,1,2,1,1.0,3.0
201000048888,0010-06-03 18:20:00,10,6,3,18,20,920,48,"13, rue du Père BROTTIER",,,Plein jour,En agglomération,Hors intersection,Normale,Autre collision,,,,,,,,,,,1,2,1,1.0,6.0
201000048889,0010-06-09 16:20:00,10,6,9,16,20,920,48,"41, REPUBLIQUE (RUE DE L",,,Plein jour,En agglomération,Hors intersection,Pluie légère,Deux véhicules - côté,,,,,,,,,,,1,2,1,2.0,3.0
201000048890,0010-06-13 05:55:00,10,6,13,5,55,920,48,"22, MARCEL ALLEGOT (RUE)",,,Nuit avec éclairage allumé,En agglomération,Hors intersection,Normale,Sans collision,,,,,,,,,,,5,2,1,1.0,7.0
201000048891,0010-06-13 01:15:00,10,6,13,1,15,920,48,"., JEAN JAURES (AVENUE)",,,Nuit avec éclairage allumé,En agglomération,Intersection en X,Normale,Autre collision,,,,,,,,,,,5,2,2,1.0,6.0
201000048892,0010-06-18 01:15:00,10,6,18,1,15,920,48,"06, LOUVOIS (AVENUE)",,,Nuit avec éclairage allumé,En agglomération,Hors intersection,Normale,Autre collision,,,,,,,,,,,5,2,1,1.0,6.0
201000048893,0010-06-22 01:30:00,10,6,22,1,30,920,48,"29, GARDES (ROUTE DES) N",,,Nuit avec éclairage allumé,En agglomération,Hors intersection,Normale,Autre collision,,,,,,,,,,,5,2,1,1.0,6.0
201000048894,0010-06-21 15:20:00,10,6,21,15,20,920,48,"46, VAUGIRARD (ROUTE DE)",,,Plein jour,En agglomération,Hors intersection,Normale,Autre collision,,,,,,,,,,,1,2,1,1.0,6.0
201000048895,0010-06-23 12:45:00,10,6,23,12,45,920,48,"., CARREFOUR DE L'EUROPE",,,Plein jour,En agglomération,Intersection en T,Normale,Autre collision,,,,,,,,,,,1,2,3,1.0,6.0
201000048896,0010-07-01 01:50:00,10,7,1,1,50,920,48,"., JULES JANSSEN (PLACE)",,,Nuit avec éclairage allumé,En agglomération,Intersection en T,Normale,Autre collision,,,,,,,,,,,5,2,3,1.0,6.0
201000048897,0010-07-12 18:10:00,10,7,12,18,10,920,48,"., COLONEL MORAINE (ROUT",,,Plein jour,Hors agglomération,Intersection en X,Normale,Deux véhicules - côté,,,,,,,,,,,1,1,2,1.0,3.0
201000048898,0010-07-12 10:20:00,10,7,12,10,20,920,48,"08, GENERAL GALLIENI (AV",,,Plein jour,En agglomération,Hors intersection,Pluie légère,Deux véhicules - arrière,,,,,,,,,,,1,2,1,2.0,2.0
201000048899,0010-08-18 10:10:00,10,8,18,10,10,920,48,"., TRIVAUX (AVENUE DE) N",,,Plein jour,Hors agglomération,Hors intersection,Normale,Sans collision,,,,,,,,,,,1,1,1,1.0,7.0
201000048900,0010-09-06 15:55:00,10,9,6,15,55,920,48,"14, PEPINIERE (RUE DE LA",,,Plein jour,En agglomération,Hors intersection,Normale,Trois véhicules et plus - collisions multiples,,,,,,,,,,,1,2,1,1.0,5.0
201000048901,0010-08-31 23:55:00,10,8,31,23,55,920,48,"., Etoile du Pavé de MEU",,,Nuit sans éclairage public,Hors agglomération,Hors intersection,Normale,Sans collision,,,,,,,,,,,3,1,1,1.0,7.0
201000048902,0010-09-02 22:30:00,10,9,2,22,30,920,48,"43, GENERAL DE GAULLE (A",,,Nuit avec éclairage allumé,En agglomération,Hors intersection,Normale,Autre collision,,,,,,,,,,,5,2,1,1.0,6.0
201000048903,0010-09-14 08:40:00,10,9,14,8,40,920,48,"01, GENERAL DE GAULLE (A",,,Plein jour,En agglomération,Intersection en T,Normale,Autre collision,,,,,,,,,,,1,2,3,1.0,6.0
201000048904,0010-09-20 08:55:00,10,9,20,8,55,920,48,"., MARECHAL LECLERC (AVE",,,Plein jour,En agglomération,Intersection en T,Normale,Deux véhicules - côté,,,,,,,,,,,1,2,3,1.0,3.0
201000048905,0010-09-22 19:30:00,10,9,22,19,30,920,48,LE CORBEILLER (AVENUE) N,,,Nuit avec éclairage allumé,En agglomération,Intersection en X,Normale,Autre collision,,,,,,,,,,,5,2,2,1.0,6.0
201000048906,0010-09-22 15:55:00,10,9,22,15,55,920,48,"., LOUIS BLANC (RUE)",,,Plein jour,En agglomération,Intersection en T,Normale,Autre collision,,,,,,,,,,,1,2,3,1.0,6.0
201000048907,0010-09-23 17:10:00,10,9,23,17,10,920,48,"15, REPUBLIQUE (RUE DE L",,,Plein jour,En agglomération,Hors intersection,Normale,Autre collision,,,,,,,,,,,1,2,1,1.0,6.0
201000048908,0010-09-30 16:20:00,10,9,30,16,20,920,48,"., RUSHMOOR (RUE DE)",,,Plein jour,En agglomération,Hors intersection,Normale,Autre collision,,,,,,,,,,,1,2,1,1.0,6.0
201000048909,0010-10-01 20:05:00,10,10,1,20,5,920,48,AV  GAULLE/R L. BOUCHET,,,Nuit avec éclairage allumé,En agglomération,Intersection en T,Pluie légère,Autre collision,,,,,,,,,,,5,2,3,2.0,6.0
201000048910,0010-10-20 19:00:00,10,10,20,19,0,920,48,AV ML LECLERC/R ROSERAIE,,,Nuit avec éclairage allumé,En agglomération,Intersection en T,Normale,Deux véhicules - arrière,,,,,,,,,,,5,2,3,1.0,2.0
201000048911,0010-11-02 19:20:00,10,11,2,19,20,920,48,"43, VAUGIRARD (ROUTE DE)",,,Crépuscule ou aube,En agglomération,Hors intersection,Normale,Autre collision,,,,,,,,,,,2,2,1,1.0,6.0
201000048912,0010-11-18 20:00:00,10,11,18,20,0,920,48,AV DU MARECHAL DE LATTRE,,,Nuit avec éclairage allumé,En agglomération,Hors intersection,Pluie légère,Deux véhicules - côté,,,,,,,,,,,5,2,1,2.0,3.0
201000048913,0010-11-18 19:30:00,10,11,18,19,30,920,48,"38, GARDES (ROUTE DES) N",,,Nuit avec éclairage allumé,En agglomération,Hors intersection,Pluie légère,Autre collision,,,,,,,,,,,5,2,1,2.0,6.0
201000048914,0010-12-21 10:20:00,10,12,21,10,20,920,48,RTE DE VAUGIRARD,,,Plein jour,En agglomération,Hors intersection,Pluie légère,Autre collision,,,,,,,,,,,1,2,1,2.0,6.0
201000048915,0010-01-05 16:15:00,10,1,5,16,15,920,49,"199, BROSSOLETTE AVENUE",,,Plein jour,En agglomération,Hors intersection,Normale,Autre collision,,,,,,,,,,,1,2,1,1.0,6.0
201000048916,0010-01-05 16:50:00,10,1,5,16,50,920,49,"68, JAURES AVENUE JEAN N",,,Plein jour,En agglomération,Hors intersection,Normale,Autre collision,,,,,,,,,,,1,2,1,1.0,6.0
201000048917,0010-01-04 18:45:00,10,1,4,18,45,920,20,"ENFACE  95, PARIS AVENUE",,,Nuit avec éclairage allumé,En agglomération,Intersection en T,Normale,Deux véhicules - côté,,,,,,,,,,,5,2,3,1.0,3.0
201000048918,0010-01-08 13:05:00,10,1,8,13,5,920,20,"28, PAROSEAUX SENTIER DE",,,Plein jour,En agglomération,Hors intersection,Normale,Autre collision,,,,,,,,,,,1,2,1,1.0,6.0
201000048919,0010-01-25 16:50:00,10,1,25,16,50,920,49,"01, BROSSOLETTE AVENUE P",,,Plein jour,En agglomération,Hors intersection,Normale,Autre collision,,,,,,,,,,,1,2,1,1.0,6.0
201000048920,0010-01-27 20:10:00,10,1,27,20,10,920,20,"7, GATINOT RUE HENRI",,,Nuit sans éclairage public,En agglomération,Hors intersection,Normale,Autre collision,,,,,,,,,,,3,2,1,1.0,6.0
201000048921,0010-01-28 08:55:00,10,1,28,8,55,920,49,BROSSOLETTE AVENUE PIERR,,,Plein jour,En agglomération,Intersection en X,Normale,Deux véhicules - côté,,,,,,,,,,,1,2,2,1.0,3.0
201000048922,0010-02-02 18:50:00,10,2,2,18,50,920,20,"85, VANVES BOULEVARD N°",,,Nuit avec éclairage allumé,En agglomération,Hors intersection,Pluie légère,Deux véhicules - arrière,,,,,,,,,,,5,2,1,2.0,2.0
201000048923,0010-02-03 13:50:00,10,2,3,13,50,920,49,"44, ARNOUX AVENUE MAURIC",,,Plein jour,En agglomération,Intersection en T,Pluie légère,Deux véhicules - côté,,,,,,,,,,,1,2,3,2.0,3.0
201000048924,0010-02-10 17:15:00,10,2,10,17,15,920,49,BROSSOLETTE AVENUE PIERR,,,Plein jour,En agglomération,Intersection en X,Normale,Autre collision,,,,,,,,,,,1,2,2,1.0,6.0
201000048925,0010-02-10 19:40:00,10,2,10,19,40,920,49,"162, DORMOY AVENUE MARX",,,Nuit avec éclairage allumé,En agglomération,Intersection en T,Normale,Deux véhicules - côté,,,,,,,,,,,5,2,3,1.0,3.0
201000048926,0010-02-13 20:20:00,10,2,13,20,20,920,49,"55, VERDIER AVENUE N°25",,,Nuit avec éclairage allumé,En agglomération,Hors intersection,Normale,Deux véhicules - côté,,,,,,,,,,,5,2,1,1.0,3.0
201000048927,0010-02-15 07:40:00,10,2,15,7,40,920,20,"28, PAROSEAUX SENTIER DE",,,Crépuscule ou aube,En agglomération,Intersection en Y,Normale,Autre collision,,,,,,,,,,,2,2,4,1.0,6.0
201000048928,0010-02-18 16:50:00,10,2,18,16,50,920,49,"05, AMAURY-DUVAL RUE",,,Plein jour,En agglomération,Hors intersection,Normale,Autre collision,,,,,,,,,,,1,2,1,1.0,6.0
201000048929,0010-02-19 21:10:00,10,2,19,21,10,920,49,"118, JAURES AVENUE JEAN",,,Nuit avec éclairage allumé,En agglomération,Intersection en T,Normale,Deux véhicules - côté,,,,,,,,,,,5,2,3,1.0,3.0
201000048930,0010-02-22 07:00:00,10,2,22,7,0,920,49,"98 BIS, DORMOY AVENUE MA",,,Crépuscule ou aube,En agglomération,Hors intersection,Normale,Deux véhicules - côté,,,,,,,,,,,2,2,1,1.0,3.0