accident_id,datetime,annee,mois,jour,heure,minute,departement,commune_insee,adresse,latitude,longitude,luminosite,agglomeration,intersection,meteo,collision,nb_vehicules,nb_usagers,nb_indemnes,nb_tues,nb_blesses_hosp,nb_blesses_legers,age_cond_1,age_cond_2,veh_type_cond_1,veh_type_cond_2,lum_code,agg_code,int_code,atm_code,col_code
201000049057,0010-01-21 14:50:00,10,1,21,14,50,920,50,boulevard Aimé Césaire,,,Plein jour,En agglomération,Intersection en T,Normale,Deux véhicules - arrière,,,,,,,,,,,1,2,3,1.0,2.0
201000049058,0010-01-28 19:55:00,10,1,28,19,55,920,50,"125, CLEMENCEAU GEORGES",,,Nuit avec éclairage allumé,En agglomération,Hors intersection,Autre,Autre collision,,,,,,,,,,,5,2,1,9.0,6.0
201000049059,0010-02-07 19:50:00,10,2,7,19,50,920,50,JOFFRE MARECHAL AVENUE D,,,Crépuscule ou aube,En agglomération,Hors intersection,Normale,Deux véhicules - arrière,,,,,,,,,,,2,2,1,1.0,2.0
201000049060,0010-02-13 00:30:00,10,2,13,0,30,920,50,VAILLANT COUTURIER PAUL,,,Nuit avec éclairage allumé,En agglomération,Hors intersection,Autre,Autre collision,,,,,,,,,,,5,2,1,9.0,6.0
201000049061,0010-02-17 09:30:00,10,2,17,9,30,920,50,"403, REPUBLIQUE AVENUE D",,,Plein jour,En agglomération,Intersection en T,Pluie légère,Autre collision,,,,,,,,,,,1,2,3,2.0,6.0
201000049062,0010-02-19 09:05:00,10,2,19,9,5,920,50,"125, JOLIOT CURIE F. ET",,,Plein jour,En agglomération,Hors intersection,Temps éblouissant,Deux véhicules - côté,,,,,,,,,,,1,2,1,7.0,3.0
201000049063,0010-02-16 09:30:00,10,2,16,9,30,920,50,"neant, NATIONAL BOULEVAR",,,Plein jour,En agglomération,Hors intersection,Temps éblouissant,Deux véhicules - côté,,,,,,,,,,,1,2,1,7.0,3.0
201000049064,0010-02-23 21:15:00,10,2,23,21,15,920,50,"24, PESARO BOULEVARD DE",,,Nuit avec éclairage allumé,En agglomération,Hors intersection,Normale,Deux véhicules - côté,,,,,,,,,,,5,2,1,1.0,3.0
201000049065,0010-02-26 14:00:00,10,2,26,14,0,920,50,"320, CLEMENCEAU GEORGES",,,Plein jour,En agglomération,Hors intersection,Normale,Deux véhicules - frontale,,,,,,,,,,,1,2,1,1.0,1.0
201000049066,0010-03-03 12:45:00,10,3,3,12,45,920,50,PICASSO PABLO AVENUE,,,Plein jour,En agglomération,Intersection en T,Normale,Sans collision,,,,,,,,,,,1,2,3,1.0,7.0
201000049067,0010-03-04 17:30:00,10,3,4,17,30,920,50,JOILIOT CURIE F. ET IREN,,,Plein jour,En agglomération,Hors intersection,Normale,Autre collision,,,,,,,,,,,1,2,1,1.0,6.0
201000049068,0010-03-08 11:00:00,10,3,8,11,0,920,50,"41, PROVINCES FRANCAISES",,,Plein jour,En agglomération,Hors intersection,Autre,Deux véhicules - arrière,,,,,,,,,,,1,2,1,9.0,2.0
201000049069,0010-03-06 04:50:00,10,3,6,4,50,920,50,"131, CLEMENCEAU GEORGES",,,Nuit avec éclairage allumé,En agglomération,Intersection en X,Autre,Autre collision,,,,,,,,,,,5,2,2,9.0,6.0
201000049070,0010-03-12 19:08:00,10,3,12,19,8,920,50,PICASSO PABLO AVENUE,,,Crépuscule ou aube,En agglomération,Intersection en T,Autre,Deux véhicules - côté,,,,,,,,,,,2,2,3,9.0,3.0
201000049071,0010-03-17 06:20:00,10,3,17,6,20,920,50,HAUTES PATURES RUE DES,,,Plein jour,En agglomération,Intersection en T,Normale,Sans collision,,,,,,,,,,,1,2,3,1.0,7.0
201000049072,0010-03-17 20:05:00,10,3,17,20,5,920,50,GAMBETTA RUE,,,Crépuscule ou aube,En agglomération,Giratoire,Normale,Autre collision,,,,,,,,,,,2,2,6,1.0,6.0
201000049073,0010-03-28 06:00:00,10,3,28,6,0,920,50,CHATOU ROUTE DE,,,Crépuscule ou aube,En agglomération,Hors intersection,Normale,Autre collision,,,,,,,,,,,2,2,1,1.0,6.0
201000049074,0010-04-08 12:50:00,10,4,8,12,50,920,50,"49, JOFFRE MARECHAL AVEN",,,Plein jour,En agglomération,Hors intersection,Normale,Deux véhicules - côté,,,,,,,,,,,1,2,1,1.0,3.0
201000049075,0010-04-10 14:25:00,10,4,10,14,25,920,50,CHEVREMONTS RUE DES,,,Plein jour,En agglomération,Hors intersection,Normale,Deux véhicules - frontale,,,,,,,,,,,1,2,1,1.0,1.0
201000049076,0010-04-15 19:30:00,10,4,15,19,30,920,50,"278, CLEMENCEAU GEORGES",,,Plein jour,En agglomération,Hors intersection,Normale,Deux véhicules - frontale,,,,,,,,,,,1,2,1,1.0,1.0
201000049077,0010-04-19 19:35:00,10,4,19,19,35,920,50,"21, MARTIN HENRI AVENUE",,,Plein jour,En agglomération,Hors intersection,Autre,Autre collision,,,,,,,,,,,1,2,1,9.0,6.0
201000049078,0010-04-21 22:50:00,10,4,21,22,50,920,50,DEFENSE BOULEVARD DE LA,,,Nuit avec éclairage allumé,En agglomération,Hors intersection,Normale,Deux véhicules - arrière,,,,,,,,,,,5,2,1,1.0,2.0
201000049079,0010-04-22 11:40:00,10,4,22,11,40,920,50,"27, HAUTES PATURES RUE D",,,Plein jour,En agglomération,Intersection en T,Normale,Deux véhicules - côté,,,,,,,,,,,1,2,3,1.0,3.0
201000049080,0010-04-26 16:30:00,10,4,26,16,30,920,50,HAUTES PATURES RUE DES,,,Plein jour,En agglomération,Hors intersection,Temps éblouissant,Autre collision,,,,,,,,,,,1,2,1,7.0,6.0
201000049081,0010-04-23 19:45:00,10,4,23,19,45,920,50,"3, OUEST RUE DE L'",,,Plein jour,En agglomération,Hors intersection,Temps couvert,Autre collision,,,,,,,,,,,1,2,1,8.0,6.0
201000049082,0010-04-26 14:00:00,10,4,26,14,0,920,50,"8, LENINE VLADIMIR ILITC",,,Plein jour,En agglomération,Hors intersection,Normale,Deux véhicules - frontale,,,,,,,,,,,1,2,1,1.0,1.0
201000049083,0010-05-01 14:15:00,10,5,1,14,15,920,50,MARTIN HENRI AVENUE,,,Plein jour,En agglomération,Hors intersection,Normale,Autre collision,,,,,,,,,,,1,2,1,1.0,6.0
201000049084,0010-05-05 22:00:00,10,5,5,22,0,920,50,"207, VAILLANT COUTURIER",,,Nuit avec éclairage allumé,En agglomération,Hors intersection,Autre,Sans collision,,,,,,,,,,,5,2,1,9.0,7.0
201000049085,0010-05-06 10:15:00,10,5,6,10,15,920,50,Route Nationale  314,,,Plein jour,En agglomération,Intersection en T,Normale,Deux véhicules - côté,,,,,,,,,,,1,2,3,1.0,3.0
201000049086,0010-05-10 12:20:00,10,5,10,12,20,920,50,"17, ARLEQUIN ALLEE DE L'",,,Plein jour,En agglomération,Hors intersection,Normale,Autre collision,,,,,,,,,,,1,2,1,1.0,6.0
201000049087,0010-05-10 13:00:00,10,5,10,13,0,920,50,JOILIOT CURIE F. ET IREN,,,Plein jour,En agglomération,Hors intersection,Normale,Autre collision,,,,,,,,,,,1,2,1,1.0,6.0
201000049088,0010-05-12 17:50:00,10,5,12,17,50,920,50,"NEANT,  Route Nationale",,,Plein jour,En agglomération,Intersection en T,Normale,Trois véhicules et plus - en chaîne,,,,,,,,,,,1,2,3,1.0,4.0
201000049089,0010-05-16 13:10:00,10,5,16,13,10,920,50,HAVRE BOULEVARD DU,,,Plein jour,Hors agglomération,Intersection en X,Temps couvert,Trois véhicules et plus - collisions multiples,,,,,,,,,,,1,1,2,8.0,5.0
201000049090,0010-05-19 15:10:00,10,5,19,15,10,920,50,"120, CLEMENCEAU GEORGES",,,Plein jour,En agglomération,Hors intersection,Normale,Deux véhicules - arrière,,,,,,,,,,,1,2,1,1.0,2.0
201000049091,0010-05-19 19:00:00,10,5,19,19,0,920,50,"5, PROVINCES FRANCAISES",,,Plein jour,En agglomération,Hors intersection,Normale,Deux véhicules - côté,,,,,,,,,,,1,2,1,1.0,3.0
201000049092,0010-05-18 19:10:00,10,5,18,19,10,920,50,"105, boulevard Aimé Césa",,,Plein jour,En agglomération,Hors intersection,Normale,Deux véhicules - côté,,,,,,,,,,,1,2,1,1.0,3.0
201000049093,0010-05-19 21:15:00,10,5,19,21,15,920,50,"13, PAIX RUE DE LA",,,Crépuscule ou aube,En agglomération,Hors intersection,Normale,Autre collision,,,,,,,,,,,2,2,1,1.0,6.0
201000049094,0010-05-26 11:15:00,10,5,26,11,15,920,50,"face au 81, JOLIOT CURIE",,,Plein jour,En agglomération,Hors intersection,Normale,Deux véhicules - côté,,,,,,,,,,,1,2,1,1.0,3.0
201000049095,0010-05-22 00:25:00,10,5,22,0,25,920,50,"0000000000, JOLIOT CURIE",,,Nuit avec éclairage non allumé,En agglomération,Intersection en T,Normale,Deux véhicules - côté,,,,,,,,,,,4,2,3,1.0,3.0
201000049096,0010-05-25 17:15:00,10,5,25,17,15,920,50,SEINE BOULEVARD DE,,,Plein jour,En agglomération,Hors intersection,Normale,Sans collision,,,,,,,,,,,1,2,1,1.0,7.0
201000049097,0010-05-28 22:10:00,10,5,28,22,10,920,50,"0000000000, BALZAC HONOR",,,Nuit avec éclairage allumé,En agglomération,Hors intersection,Normale,Autre collision,,,,,,,,,,,5,2,1,1.0,6.0
201000049098,0010-05-28 20:05:00,10,5,28,20,5,920,50,"NEANT, NATIONAL BOULEVAR",,,Plein jour,En agglomération,Intersection en X,Temps éblouissant,Deux véhicules - côté,,,,,,,,,,,1,2,2,7.0,3.0
201000049099,0010-06-11 00:50:00,10,6,11,0,50,920,50,"0000000000, REPUBLIQUE A",,,Nuit avec éclairage allumé,En agglomération,Hors intersection,Normale,Deux véhicules - arrière,,,,,,,,,,,5,2,1,1.0,2.0
201000049100,0010-06-11 14:30:00,10,6,11,14,30,920,50,"121, PICASSO PABLO AVENU",,,Plein jour,En agglomération,Hors intersection,Normale,Autre collision,,,,,,,,,,,1,2,1,1.0,6.0
201000049101,0010-06-11 20:45:00,10,6,11,20,45,920,50,VAILLANT COUTURIER PAUL,,,Crépuscule ou aube,En agglomération,Hors intersection,Normale,Deux véhicules - arrière,,,,,,,,,,,2,2,1,1.0,2.0
201000049102,0010-06-12 21:00:00,10,6,12,21,0,920,50,"136, JOILIOT CURIE F. ET",,,Plein jour,En agglomération,Hors intersection,Normale,Autre collision,,,,,,,,,,,1,2,1,1.0,6.0
201000049103,0010-06-24 08:35:00,10,6,24,8,35,920,50,"10, LECLERC GENERAL AVEN",,,Plein jour,En agglomération,Hors intersection,Normale,Autre collision,,,,,,,,,,,1,2,1,1.0,6.0
201000049104,0010-06-23 12:20:00,10,6,23,12,20,920,50,"34, LECLERC GENERAL AVEN",,,Plein jour,En agglomération,Hors intersection,Normale,Autre collision,,,,,,,,,,,1,2,1,1.0,6.0
201000049105,0010-06-28 18:15:00,10,6,28,18,15,920,50,"12, ZILINA RUE DE",,,Plein jour,En agglomération,Hors intersection,Normale,Sans collision,,,,,,,,,,,1,2,1,1.0,7.0
201000049106,0010-06-30 13:50:00,10,6,30,13,50,920,50,"NEANT, COLOMBE PLACE DE",,,Plein jour,En agglomération,Hors intersection,Normale,Autre collision,,,,,,,,,,,1,2,1,1.0,6.0
201000049107,0010-06-25 09:45:00,10,6,25,9,45,920,50,"NEANT, CLEMENCEAU GEORGE",,,Plein jour,En agglomération,Hors intersection,Normale,Deux véhicules - côté,,,,,,,,,,,1,2,1,1.0,3.0
201000049108,0010-07-07 17:50:00,10,7,7,17,50,920,50,CLEMENCEAU GEORGES AVENU,,,Plein jour,En agglomération,Hors intersection,Normale,Deux véhicules - côté,,,,,,,,,,,1,2,1,1.0,3.0
201000049109,0010-07-15 08:15:00,10,7,15,8,15,920,50,DEFENSE BOULEVARD DE LA,,,Plein jour,En agglomération,Intersection en T,Normale,Deux véhicules - côté,,,,,,,,,,,1,2,3,1.0,3.0
201000049110,0010-07-19 13:15:00,10,7,19,13,15,920,50,JOFFRE MARECHAL AVENUE D,,,Plein jour,En agglomération,Intersection en T,Normale,Deux véhicules - côté,,,,,,,,,,,1,2,3,1.0,3.0
201000049111,0010-07-20 07:00:00,10,7,20,7,0,920,50,"5, ROCHET WALDECK RUE",,,Plein jour,En agglomération,Hors intersection,Normale,Autre collision,,,,,,,,,,,1,2,1,1.0,6.0
201000049112,0010-07-22 08:00:00,10,7,22,8,0,920,50,NATIONAL BOULEVARD,,,Plein jour,En agglomération,Intersection en T,Normale,Deux véhicules - arrière,,,,,,,,,,,1,2,3,1.0,2.0
201000049113,0010-07-22 11:40:00,10,7,22,11,40,920,50,université - fac,,,Plein jour,En agglomération,Hors intersection,Normale,Sans collision,,,,,,,,,,,1,2,1,1.0,7.0
201000049114,0010-07-23 10:00:00,10,7,23,10,0,920,50,"80, CLEMENCEAU GEORGES A",,,Plein jour,En agglomération,Hors intersection,Normale,Deux véhicules - côté,,,,,,,,,,,1,2,1,1.0,3.0
201000049115,0010-07-24 09:05:00,10,7,24,9,5,920,50,HAVRE BOULEVARD DU,,,Plein jour,En agglomération,Hors intersection,Normale,Deux véhicules - côté,,,,,,,,,,,1,2,1,1.0,3.0
201000049116,0010-08-01 13:35:00,10,8,1,13,35,920,50,"340, REPUBLIQUE AVENUE D",,,Plein jour,En agglomération,Hors intersection,Normale,Deux véhicules - côté,,,,,,,,,,,1,2,1,1.0,3.0
201000049117,0010-08-09 08:00:00,10,8,9,8,0,920,50,"NEANT, CLEMENCEAU GEORGE",,,Plein jour,En agglomération,Hors intersection,Normale,Deux véhicules - côté,,,,,,,,,,,1,2,1,1.0,3.0
201000049118,0010-08-02 16:10:00,10,8,2,16,10,920,50,"NEANT, LEMAITRE THOMAS R",,,Plein jour,En agglomération,Intersection à plus de 4 branches,Pluie forte,Deux véhicules - arrière,,,,,,,,,,,1,2,5,3.0,2.0
201000049119,0010-08-05 20:30:00,10,8,5,20,30,920,50,"353, REPUBLIQUE AVENUE D",,,Plein jour,En agglomération,Hors intersection,Normale,Deux véhicules - côté,,,,,,,,,,,1,2,1,1.0,3.0
201000049120,0010-08-12 17:15:00,10,8,12,17,15,920,50,MARTIN HENRI AVENUE,,,Plein jour,En agglomération,Hors intersection,Autre,Deux véhicules - côté,,,,,,,,,,,1,2,1,9.0,3.0
201000049121,0010-08-15 06:00:00,10,8,15,6,0,920,50,"NEANT, FRACHON BENOIT AV",,,Nuit avec éclairage allumé,En agglomération,Hors intersection,Pluie forte,Autre collision,,,,,,,,,,,5,2,1,3.0,6.0
201000049122,0010-08-15 18:15:00,10,8,15,18,15,920,50,"79, JOFFRE MARECHAL AVEN",,,Plein jour,En agglomération,Hors intersection,Pluie forte,Deux véhicules - côté,,,,,,,,,,,1,2,1,3.0,3.0
201000049123,0010-08-22 07:10:00,10,8,22,7,10,920,50,"150, NATIONAL BOULEVARD",,,Plein jour,En agglomération,Intersection en T,Temps couvert,Deux véhicules - côté,,,,,,,,,,,1,2,3,8.0,3.0
201000049124,0010-08-23 18:20:00,10,8,23,18,20,920,50,"104, FUSILLES DE LA RESI",,,Plein jour,En agglomération,Hors intersection,Normale,Deux véhicules - arrière,,,,,,,,,,,1,2,1,1.0,2.0
201000049125,0010-08-23 19:20:00,10,8,23,19,20,920,50,"NEANT, SADI CARNOT RUE",,,Plein jour,En agglomération,Hors intersection,Normale,Autre collision,,,,,,,,,,,1,2,1,1.0,6.0
201000049126,0010-08-29 17:10:00,10,8,29,17,10,920,50,"37, CLEMENCEAU GEORGES A",,,Plein jour,En agglomération,Intersection en X,Normale,Deux véhicules - côté,,,,,,,,,,,1,2,2,1.0,3.0
201000049127,0010-08-27 16:10:00,10,8,27,16,10,920,50,RD 914,,,Plein jour,En agglomération,Hors intersection,Pluie légère,Deux véhicules - arrière,,,,,,,,,,,1,2,1,2.0,2.0
201000049128,0010-09-01 14:00:00,10,9,1,14,0,920,50,JOILIOT CURIE F. ET IREN,,,Plein jour,En agglomération,Intersection en X,Normale,Deux véhicules - côté,,,,,,,,,,,1,2,2,1.0,3.0
201000049129,0010-09-01 15:50:00,10,9,1,15,50,920,50,PICASSO PABLO AVENUE,,,Plein jour,En agglomération,Hors intersection,Normale,Deux véhicules - côté,,,,,,,,,,,1,2,1,1.0,3.0
201000049130,0010-09-08 21:00:00,10,9,8,21,0,920,50,"19 ter, SADI CARNOT RUE",,,Nuit avec éclairage non allumé,En agglomération,Hors intersection,Autre,Autre collision,,,,,,,,,,,4,2,1,9.0,6.0
201000049131,0010-09-15 07:45:00,10,9,15,7,45,920,50,"32, PICASSO PABLO AVENUE",,,Crépuscule ou aube,En agglomération,Hors intersection,Pluie légère,Autre collision,,,,,,,,,,,2,2,1,2.0,6.0
201000049132,0010-09-15 14:35:00,10,9,15,14,35,920,50,JOILIOT CURIE F. ET IREN,,,Plein jour,En agglomération,Intersection en T,Temps éblouissant,Deux véhicules - côté,,,,,,,,,,,1,2,3,7.0,3.0
201000049133,0010-09-15 04:30:00,10,9,15,4,30,920,50,"0000000000, VAILLANT COU",,,Nuit avec éclairage allumé,En agglomération,Hors intersection,Pluie légère,Autre collision,,,,,,,,,,,5,2,1,2.0,6.0
201000049134,0010-09-21 08:40:00,10,9,21,8,40,920,50,"07, PICASSO PABLO AVENUE",,,Plein jour,En agglomération,Hors intersection,Autre,Autre collision,,,,,,,,,,,1,2,1,9.0,6.0
201000049135,0010-09-23 12:55:00,10,9,23,12,55,920,50,"67, PICASSO PABLO AVENUE",,,Plein jour,En agglomération,Hors intersection,Normale,Autre collision,,,,,,,,,,,1,2,1,1.0,6.0
201000049136,0010-09-27 13:00:00,10,9,27,13,0,920,50,"NEANT, JOILIOT CURIE F.",,,Plein jour,En agglomération,Intersection en X,Normale,Deux véhicules - arrière,,,,,,,,,,,1,2,2,1.0,2.0
201000049137,0010-09-28 15:25:00,10,9,28,15,25,920,50,JOILIOT CURIE F. ET IREN,,,Plein jour,En agglomération,Intersection en X,Normale,Deux véhicules - côté,,,,,,,,,,,1,2,2,1.0,3.0
201000049138,0010-09-30 14:40:00,10,9,30,14,40,920,50,NERUDA PABLO RUE,,,Plein jour,En agglomération,Hors intersection,Normale,Autre collision,,,,,,,,,,,1,2,1,1.0,6.0
201000049139,0010-09-30 15:10:00,10,9,30,15,10,920,50,"33, FONTANOT RUE DES TRO",,,Plein jour,En agglomération,Hors intersection,Normale,Deux véhicules - frontale,,,,,,,,,,,1,2,1,1.0,1.0
201000049140,0010-09-30 15:25:00,10,9,30,15,25,920,50,"17, GAMBETTA RUE",,,Plein jour,En agglomération,Hors intersection,Normale,Deux véhicules - côté,,,,,,,,,,,1,2,1,1.0,3.0
201000049141,0010-10-03 13:40:00,10,10,3,13,40,920,50,ALL GASCOGNE/ALLBRETAGNE,,,Plein jour,En agglomération,Giratoire,Normale,Deux véhicules - frontale,,,,,,,,,,,1,2,6,1.0,1.0
201000049142,0010-10-08 09:15:00,10,10,8,9,15,920,50,"49, PONS NOEL RUE",,,Plein jour,En agglomération,Hors intersection,Normale,Trois véhicules et plus - collisions multiples,,,,,,,,,,,1,2,1,1.0,5.0
201000049143,0010-10-11 17:20:00,10,10,11,17,20,920,50,"85, LENINE VLADIMIR ILIT",,,Plein jour,Hors agglomération,Hors intersection,Normale,Trois véhicules et plus - en chaîne,,,,,,,,,,,1,1,1,1.0,4.0
201000049144,0010-10-16 18:20:00,10,10,16,18,20,920,50,R JEAN JACQUES ROUSSEAU,,,Plein jour,En agglomération,Hors intersection,Pluie légère,Sans collision,,,,,,,,,,,1,2,1,2.0,7.0
201000049145,0010-10-18 19:15:00,10,10,18,19,15,920,50,AV DE LA REPUBLIQUE,,,Nuit avec éclairage allumé,En agglomération,Hors intersection,Normale,Deux véhicules - côté,,,,,,,,,,,5,2,1,1.0,3.0
201000049146,0010-10-18 21:35:00,10,10,18,21,35,920,50,AV PABLO PICASSO,,,Nuit avec éclairage allumé,En agglomération,Hors intersection,Normale,Deux véhicules - arrière,,,,,,,,,,,5,2,1,1.0,2.0
201000049147,0010-10-18 17:20:00,10,10,18,17,20,920,50,RES DES TULIPES,,,Plein jour,En agglomération,Hors intersection,Normale,Sans collision,,,,,,,,,,,1,2,1,1.0,7.0
201000049148,0010-10-20 12:35:00,10,10,20,12,35,920,50,AV GEORGES CLEMENCEAU,,,Plein jour,Hors agglomération,Hors intersection,Normale,Autre collision,,,,,,,,,,,1,1,1,1.0,6.0
201000049149,0010-10-21 18:00:00,10,10,21,18,0,920,50,AV J.QUENTIN/ B.FRACHON,,,Plein jour,En agglomération,Intersection en T,Normale,Deux véhicules - côté,,,,,,,,,,,1,2,3,1.0,3.0
201000049150,0010-10-13 20:18:00,10,10,13,20,18,920,50,R DE SURESNES,,,Nuit avec éclairage allumé,En agglomération,Hors intersection,Normale,Deux véhicules - côté,,,,,,,,,,,5,2,1,1.0,3.0
201000049151,0010-10-25 15:20:00,10,10,25,15,20,920,50,AV DE LA REPUBLIQUE,,,Plein jour,Hors agglomération,Hors intersection,Normale,Autre collision,,,,,,,,,,,1,1,1,1.0,6.0
201000049152,0010-10-29 12:45:00,10,10,29,12,45,920,50,R NOEL PONS,,,Plein jour,En agglomération,Hors intersection,Temps couvert,Sans collision,,,,,,,,,,,1,2,1,8.0,7.0
201000049153,0010-11-12 15:30:00,10,11,12,15,30,920,50,18 R DU BOIS,,,Plein jour,En agglomération,Hors intersection,Pluie légère,Sans collision,,,,,,,,,,,1,2,1,2.0,7.0
201000049154,0010-11-17 10:30:00,10,11,17,10,30,920,50,GARE RUE DE LA,,,Plein jour,En agglomération,Hors intersection,Temps couvert,Autre collision,,,,,,,,,,,1,2,1,8.0,6.0
201000049155,0010-11-18 21:10:00,10,11,18,21,10,920,50,JOILIOT CURIE F. ET IREN,,,Nuit avec éclairage allumé,En agglomération,Intersection en X,Pluie légère,Deux véhicules - côté,,,,,,,,,,,5,2,2,2.0,3.0
201000049156,0010-11-19 13:10:00,10,11,19,13,10,920,50,MAURICE THOREZ/STALINGRA,,,Plein jour,En agglomération,Intersection en X,Normale,Autre collision,,,,,,,,,,,1,2,2,1.0,6.0
201000049157,0010-11-24 09:25:00,10,11,24,9,25,920,50,"208, AV FRANCOIS ARAGO",,,Plein jour,En agglomération,Hors intersection,Normale,Deux véhicules - arrière,,,,,,,,,,,1,2,1,1.0,2.0
201000049158,0010-11-24 22:30:00,10,11,24,22,30,920,50,R DES ANCIENNES MAIRIES,,,Nuit avec éclairage allumé,En agglomération,Hors intersection,Pluie légère,Deux véhicules - arrière,,,,,,,,,,,5,2,1,2.0,2.0
201000049159,0010-11-25 08:20:00,10,11,25,8,20,920,50,BD DU SUD EST,,,Crépuscule ou aube,En agglomération,Hors intersection,Pluie légère,Sans collision,,,,,,,,,,,2,2,1,2.0,7.0
201000049160,0010-11-29 07:15:00,10,11,29,7,15,920,50,"365,R DE LA GARENNE",,,Nuit avec éclairage allumé,En agglomération,Hors intersection,Neige / grêle,Deux véhicules - côté,,,,,,,,,,,5,2,1,4.0,3.0
201000049161,0010-11-29 08:30:00,10,11,29,8,30,920,50,AV FRANCOIS ARAGO,,,Crépuscule ou aube,En agglomération,Hors intersection,Neige / grêle,Sans collision,,,,,,,,,,,2,2,1,4.0,7.0
201000049162,0010-11-23 08:20:00,10,11,23,8,20,920,50,AV VLADIMIR ILITCH LENIN,,,Plein jour,En agglomération,Hors intersection,Normale,Deux véhicules - côté,,,,,,,,,,,1,2,1,1.0,3.0
201000049163,0010-12-02 11:00:00,10,12,2,11,0,920,50,"NEANT,  Route Nationale",,,Plein jour,En agglomération,Intersection en X,Neige / grêle,Deux véhicules - côté,,,,,,,,,,,1,2,2,4.0,3.0
201000049164,0010-12-06 07:45:00,10,12,6,7,45,920,50,"20, R GAMBETTA",,,Nuit avec éclairage allumé,En agglomération,Hors intersection,Pluie légère,Autre collision,,,,,,,,,,,5,2,1,2.0,6.0
201000049165,0010-12-08 18:40:00,10,12,8,18,40,920,50,"31, AV FELIX FAURE",,,Nuit avec éclairage allumé,En agglomération,Hors intersection,Neige / grêle,Autre collision,,,,,,,,,,,5,2,1,4.0,6.0
201000049166,0010-12-14 16:30:00,10,12,14,16,30,920,50,"NEANT, FOLIE RUE DE LA",,,Crépuscule ou aube,En agglomération,Intersection en X,Normale,Deux véhicules - frontale,,,,,,,,,,,2,2,2,1.0,1.0
201000049167,0010-12-17 09:10:00,10,12,17,9,10,920,50,AV GEORGES CLEMENCEAU,,,Plein jour,En agglomération,Hors intersection,Autre,Sans collision,,,,,,,,,,,1,2,1,9.0,7.0
201000049168,0010-12-20 10:00:00,10,12,20,10,0,920,50,PL BOULE/R P V.COUTURIER,,,Plein jour,En agglomération,Giratoire,Neige / grêle,Trois véhicules et plus - collisions multiples,,,,,,,,,,,1,2,6,4.0,5.0
201000049169,0010-12-27 18:10:00,10,12,27,18,10,920,50,"NEANT, VAILLANT COUTURIE",,,Crépuscule ou aube,En agglomération,Intersection en X,Normale,Autre collision,,,,,,,,,,,2,2,2,1.0,6.0
201000049170,0010-12-25 12:10:00,10,12,25,12,10,920,50,"NEANT, GOULVENTS RUE DES",,,Plein jour,En agglomération,Intersection en X,Temps éblouissant,Deux véhicules - côté,,,,,,,,,,,1,2,2,7.0,3.0
201000049171,0010-12-24 11:15:00,10,12,24,11,15,920,50,BD DU COUCHANT/THOREZ,,,Plein jour,Hors agglomération,Intersection en Y,Neige / grêle,Autre collision,,,,,,,,,,,1,1,4,4.0,6.0
201000049172,0010-12-29 17:30:00,10,12,29,17,30,920,50,"NEANT, VAILLANT COUTURIE",,,Nuit avec éclairage allumé,En agglomération,Intersection en T,Pluie légère,Deux véhicules - côté,,,,,,,,,,,5,2,3,2.0,3.0
201000049173,0010-01-08 10:20:00,10,1,8,10,20,920,51,"188 bis, CHARLES DE GAUL",,,Plein jour,En agglomération,Hors intersection,Temps couvert,Trois véhicules et plus - en chaîne,,,,,,,,,,,1,2,1,8.0,4.0
201000049174,0010-01-12 12:30:00,10,1,12,12,30,920,51,"23, ARGENSON (BOULEVARD,",,,Plein jour,En agglomération,Hors intersection,Normale,Autre collision,,,,,,,,,,,1,2,1,1.0,6.0
201000049175,0010-01-26 19:27:00,10,1,26,19,27,920,51,"ROULE (AVENUE DU, N° 29",,,Nuit avec éclairage allumé,En agglomération,Hors intersection,Normale,Sans collision,,,,,,,,,,,5,2,1,1.0,7.0
201000049176,0010-02-02 09:50:00,10,2,2,9,50,920,51,"02, CHATEAU (RUE DU)",,,Plein jour,En agglomération,Hors intersection,Pluie légère,Sans collision,,,,,,,,,,,1,2,1,2.0,7.0
201000049177,0010-02-01 12:50:00,10,2,1,12,50,920,51,"32, CHARLES DE GAULLE (A",,,Plein jour,En agglomération,Hors intersection,Normale,Deux véhicules - côté,,,,,,,,,,,1,2,1,1.0,3.0
201000049178,0010-02-07 05:05:00,10,2,7,5,5,920,51,"84, CHARLES DE GAULLE (A",,,Nuit avec éclairage allumé,En agglomération,Hors intersection,Normale,Autre collision,,,,,,,,,,,5,2,1,1.0,6.0
201000049179,0010-02-09 20:10:00,10,2,9,20,10,920,51,"16, GRAVIERS (RUE DES)",,,Nuit avec éclairage allumé,En agglomération,Hors intersection,Normale,Deux véhicules - côté,,,,,,,,,,,5,2,1,1.0,3.0
201000049180,0010-01-26 15:20:00,10,1,26,15,20,920,51,"150, ACHILLE PERETTI (AV",,,Plein jour,En agglomération,Hors intersection,Normale,Deux véhicules - côté,,,,,,,,,,,1,2,1,1.0,3.0
201000049181,0010-01-16 14:15:00,10,1,16,14,15,920,51,"25, MONTROSIER (RUE)",,,Plein jour,En agglomération,Hors intersection,Pluie forte,Deux véhicules - côté,,,,,,,,,,,1,2,1,3.0,3.0
201000049182,0010-02-12 14:30:00,10,2,12,14,30,920,51,"136, PERRONET (RUE, N°1",,,Plein jour,En agglomération,Hors intersection,Normale,Deux véhicules - arrière,,,,,,,,,,,1,2,1,1.0,2.0
201000049183,0010-02-26 09:25:00,10,2,26,9,25,920,51,"BINEAU (BOULEVARD, N°133",,,Plein jour,En agglomération,Intersection en Y,Pluie légère,Deux véhicules - côté,,,,,,,,,,,1,2,4,2.0,3.0