accident_id,datetime,annee,mois,jour,heure,minute,departement,commune_insee,adresse,latitude,longitude,luminosite,agglomeration,intersection,meteo,collision,nb_vehicules,nb_usagers,nb_indemnes,nb_tues,nb_blesses_hosp,nb_blesses_legers,age_cond_1,age_cond_2,veh_type_cond_1,veh_type_cond_2,lum_code,agg_code,int_code,atm_code,col_code
201000049184,0010-03-02 18:00:00,10,3,2,18,0,920,51,"31, COMMANDANT CHARCOT (",,,Plein jour,En agglomération,Hors intersection,Normale,Deux véhicules - côté,,,,,,,,,,,1,2,1,1.0,3.0
201000049185,0010-03-08 08:35:00,10,3,8,8,35,920,51,"213, CHARLES DE GAULLE (",,,Plein jour,En agglomération,Hors intersection,Normale,Autre collision,,,,,,,,,,,1,2,1,1.0,6.0
201000049186,0010-02-28 11:55:00,10,2,28,11,55,920,51,"131, ACHILLE PERETTI (AV",,,Plein jour,En agglomération,Hors intersection,Normale,Deux véhicules - arrière,,,,,,,,,,,1,2,1,1.0,2.0
201000049187,0010-02-17 17:40:00,10,2,17,17,40,920,51,"29, VICTOR HUGO (BOULEVA",,,Plein jour,En agglomération,Hors intersection,Normale,Trois véhicules et plus - collisions multiples,,,,,,,,,,,1,2,1,1.0,5.0
201000049188,0010-02-15 11:00:00,10,2,15,11,0,920,51,LONGCHAMP (RUE DE),,,Plein jour,En agglomération,Intersection en X,Normale,Autre collision,,,,,,,,,,,1,2,2,1.0,6.0
201000049189,0010-02-08 14:50:00,10,2,8,14,50,920,51,CHARCOT (RUE),,,Plein jour,En agglomération,Intersection en T,Normale,Deux véhicules - arrière,,,,,,,,,,,1,2,3,1.0,2.0
201000049190,0010-03-10 10:00:00,10,3,10,10,0,920,51,"114, CHARLES DE GAULLE (",,,Plein jour,En agglomération,Hors intersection,Normale,Deux véhicules - arrière,,,,,,,,,,,1,2,1,1.0,2.0
201000049191,0010-02-09 20:15:00,10,2,9,20,15,920,51,CHARLES DE GAULLE (AVENU,,,Nuit avec éclairage allumé,En agglomération,Intersection en X,Normale,Deux véhicules - arrière,,,,,,,,,,,5,2,2,1.0,2.0
201000049192,0010-03-20 14:30:00,10,3,20,14,30,920,51,CHARLES DE GAULLE (AVENU,,,Plein jour,En agglomération,Intersection en X,Normale,Deux véhicules - arrière,,,,,,,,,,,1,2,2,1.0,2.0
201000049193,0010-03-29 20:15:00,10,3,29,20,15,920,51,"54, BINEAU (BOULEVARD, N",,,Nuit avec éclairage allumé,En agglomération,Hors intersection,Pluie légère,Deux véhicules - côté,,,,,,,,,,,5,2,1,2.0,3.0
201000049194,0010-03-29 09:55:00,10,3,29,9,55,920,51,"102, CHARLES DE GAULLE (",,,Plein jour,En agglomération,Hors intersection,Normale,Trois véhicules et plus - collisions multiples,,,,,,,,,,,1,2,1,1.0,5.0
201000049195,0010-02-16 11:18:00,10,2,16,11,18,920,51,"114, CHARLES DE GAULLE (",,,Plein jour,En agglomération,Hors intersection,Normale,Sans collision,,,,,,,,,,,1,2,1,1.0,7.0
201000049196,0010-01-25 11:15:00,10,1,25,11,15,920,51,MADRID (AVENUE DE),,,Plein jour,En agglomération,Intersection en X,Normale,Deux véhicules - côté,,,,,,,,,,,1,2,2,1.0,3.0
201000049197,0010-04-04 12:00:00,10,4,4,12,0,920,51,"18, MADELEINE MICHELIS (",,,Plein jour,En agglomération,Hors intersection,Temps couvert,Deux véhicules - côté,,,,,,,,,,,1,2,1,8.0,3.0
201000049198,0010-04-13 18:00:00,10,4,13,18,0,920,51,SAINTE FOY (AVENUE),,,Plein jour,En agglomération,Intersection en T,Normale,Deux véhicules - côté,,,,,,,,,,,1,2,3,1.0,3.0
201000049199,0010-04-14 14:20:00,10,4,14,14,20,920,51,"115, ROULE (AVENUE DU, N",,,Plein jour,En agglomération,Hors intersection,Normale,Deux véhicules - côté,,,,,,,,,,,1,2,1,1.0,3.0
201000049200,0010-04-08 09:00:00,10,4,8,9,0,920,51,"55, GENERAL KOENIG (BOUL",,,Plein jour,En agglomération,Intersection en X,Pluie légère,Sans collision,,,,,,,,,,,1,2,2,2.0,7.0
201000049201,0010-04-17 11:40:00,10,4,17,11,40,920,51,GENERAL LECLERC (BOULEVA,,,Plein jour,En agglomération,Intersection en X,Normale,Deux véhicules - côté,,,,,,,,,,,1,2,2,1.0,3.0
201000049202,0010-04-13 08:07:00,10,4,13,8,7,920,51,"19, PAULINE BORGHESE (RU",,,Plein jour,En agglomération,Hors intersection,Normale,Deux véhicules - côté,,,,,,,,,,,1,2,1,1.0,3.0
201000049203,0010-04-14 19:15:00,10,4,14,19,15,920,51,"93, ACHILLE PERETTI (AVE",,,Plein jour,En agglomération,Hors intersection,Normale,Deux véhicules - côté,,,,,,,,,,,1,2,1,1.0,3.0
201000049204,0010-04-20 06:35:00,10,4,20,6,35,920,51,"88 BIS, CHARLES DE GAULL",,,Plein jour,En agglomération,Hors intersection,Normale,Sans collision,,,,,,,,,,,1,2,1,1.0,7.0
201000049205,0010-04-15 11:45:00,10,4,15,11,45,920,51,"86, BINEAU (BOULEVARD, N",,,Plein jour,En agglomération,Hors intersection,Normale,Deux véhicules - côté,,,,,,,,,,,1,2,1,1.0,3.0
201000049206,0010-04-08 18:30:00,10,4,8,18,30,920,51,CHARLES DE GAULLE (AVENU,,,Plein jour,En agglomération,Intersection en T,Normale,Deux véhicules - côté,,,,,,,,,,,1,2,3,1.0,3.0
201000049207,0010-04-20 12:30:00,10,4,20,12,30,920,51,"07 bis, SOYER (RUE)",,,Plein jour,En agglomération,Hors intersection,Normale,Autre collision,,,,,,,,,,,1,2,1,1.0,6.0
201000049208,0010-04-21 09:30:00,10,4,21,9,30,920,51,BOIS DE BOULOGNE (RUE DU,,,Plein jour,En agglomération,Hors intersection,Normale,Autre collision,,,,,,,,,,,1,2,1,1.0,6.0
201000049209,0010-04-24 18:45:00,10,4,24,18,45,920,51,GARNIER (RUE),,,Plein jour,En agglomération,Hors intersection,Normale,Autre collision,,,,,,,,,,,1,2,1,1.0,6.0
201000049210,0010-04-21 20:25:00,10,4,21,20,25,920,51,", GENERAL LECLERC (BOULE",,,Nuit avec éclairage non allumé,En agglomération,Intersection en T,Normale,Sans collision,,,,,,,,,,,4,2,3,1.0,7.0
201000049211,0010-04-21 17:36:00,10,4,21,17,36,920,51,"59, COMMANDANT CHARCOT (",,,Plein jour,Hors agglomération,Hors intersection,Normale,Deux véhicules - côté,,,,,,,,,,,1,1,1,1.0,3.0
201000049212,0010-04-26 11:50:00,10,4,26,11,50,920,51,"70, CHARLES DE GAULLE (A",,,Plein jour,En agglomération,Hors intersection,Normale,Trois véhicules et plus - collisions multiples,,,,,,,,,,,1,2,1,1.0,5.0
201000049213,0010-04-27 18:55:00,10,4,27,18,55,920,51,"04, MADRID (AVENUE DE)",,,Plein jour,En agglomération,Hors intersection,Normale,Deux véhicules - côté,,,,,,,,,,,1,2,1,1.0,3.0
201000049214,0010-05-04 11:30:00,10,5,4,11,30,920,51,"28, PARMENTIER (RUE)",,,Plein jour,En agglomération,Hors intersection,Normale,Deux véhicules - frontale,,,,,,,,,,,1,2,1,1.0,1.0
201000049215,0010-05-05 15:05:00,10,5,5,15,5,920,51,"2, CASIMIR PINEL (RUE)",,,Plein jour,En agglomération,Hors intersection,Normale,Autre collision,,,,,,,,,,,1,2,1,1.0,6.0
201000049216,0010-05-12 15:30:00,10,5,12,15,30,920,51,"BINEAU (BOULEVARD, N°133",,,Plein jour,En agglomération,Hors intersection,Normale,Autre collision,,,,,,,,,,,1,2,1,1.0,6.0
201000049217,0010-05-07 15:20:00,10,5,7,15,20,920,51,"225, CHARLES DE GAULLE (",,,Plein jour,En agglomération,Hors intersection,Normale,Trois véhicules et plus - collisions multiples,,,,,,,,,,,1,2,1,1.0,5.0
201000049218,0010-05-11 18:30:00,10,5,11,18,30,920,51,INKERMANN (BOULEVARD D'),,,Crépuscule ou aube,En agglomération,Intersection en X,Normale,Deux véhicules - côté,,,,,,,,,,,2,2,2,1.0,3.0
201000049219,0010-05-08 13:00:00,10,5,8,13,0,920,51,"99, CHARLES DE GAULLE (A",,,Plein jour,En agglomération,Hors intersection,Normale,Deux véhicules - arrière,,,,,,,,,,,1,2,1,1.0,2.0
201000049220,0010-05-12 21:10:00,10,5,12,21,10,920,51,"115, ROULE (AVENUE DU, N",,,Nuit avec éclairage allumé,En agglomération,Hors intersection,Normale,Deux véhicules - côté,,,,,,,,,,,5,2,1,1.0,3.0
201000049221,0010-05-16 01:15:00,10,5,16,1,15,920,51,"103, CHARLES DE GAULLE (",,,Nuit avec éclairage allumé,En agglomération,Hors intersection,Normale,Autre collision,,,,,,,,,,,5,2,1,1.0,6.0
201000049222,0010-05-14 09:50:00,10,5,14,9,50,920,51,"84, VICTOR HUGO (BOULEVA",,,Plein jour,En agglomération,Hors intersection,Normale,Deux véhicules - frontale,,,,,,,,,,,1,2,1,1.0,1.0
201000049223,0010-05-17 09:05:00,10,5,17,9,5,920,51,"76, BOURDON (BOULEVARD)",,,Plein jour,En agglomération,Hors intersection,Normale,Autre collision,,,,,,,,,,,1,2,1,1.0,6.0
201000049224,0010-05-21 22:10:00,10,5,21,22,10,920,51,"64, LONGCHAMP (RUE DE)",,,Nuit avec éclairage allumé,En agglomération,Hors intersection,Normale,Autre collision,,,,,,,,,,,5,2,1,1.0,6.0
201000049225,0010-05-22 18:50:00,10,5,22,18,50,920,51,SAINT PIERRE  (RUE),,,Plein jour,En agglomération,Intersection en T,Temps éblouissant,Autre collision,,,,,,,,,,,1,2,3,7.0,6.0
201000049226,0010-05-27 11:05:00,10,5,27,11,5,920,51,"90, CHARLES DE GAULLE (A",,,Plein jour,En agglomération,Hors intersection,Pluie légère,Autre collision,,,,,,,,,,,1,2,1,2.0,6.0
201000049227,0010-05-25 13:10:00,10,5,25,13,10,920,51,", MADRID (AVENUE DE)",,,Plein jour,En agglomération,Hors intersection,Normale,Autre collision,,,,,,,,,,,1,2,1,1.0,6.0
201000049228,0010-05-27 14:00:00,10,5,27,14,0,920,51,"55, COMMANDANT CHARCOT (",,,Plein jour,En agglomération,Hors intersection,Pluie légère,Autre collision,,,,,,,,,,,1,2,1,2.0,6.0
201000049229,0010-05-25 14:35:00,10,5,25,14,35,920,51,"114, CHARLES DE GAULLE (",,,Plein jour,En agglomération,Hors intersection,Normale,Deux véhicules - arrière,,,,,,,,,,,1,2,1,1.0,2.0
201000049230,0010-05-28 10:10:00,10,5,28,10,10,920,51,"11, CENTRE (RUE DU)",,,Plein jour,En agglomération,Hors intersection,Normale,Autre collision,,,,,,,,,,,1,2,1,1.0,6.0
201000049231,0010-06-13 14:20:00,10,6,13,14,20,920,51,"04, GENERAL LECLERC (BOU",,,Plein jour,En agglomération,Hors intersection,Normale,Autre collision,,,,,,,,,,,1,2,1,1.0,6.0
201000049232,0010-06-10 11:45:00,10,6,10,11,45,920,51,CHARLES DE GAULLE (AVENU,,,Plein jour,En agglomération,Hors intersection,Pluie légère,Trois véhicules et plus - en chaîne,,,,,,,,,,,1,2,1,2.0,4.0
201000049233,0010-06-08 14:10:00,10,6,8,14,10,920,51,"131, CHARLES DE GAULLE (",,,Plein jour,En agglomération,Hors intersection,Normale,Deux véhicules - arrière,,,,,,,,,,,1,2,1,1.0,2.0
201000049234,0010-06-14 06:25:00,10,6,14,6,25,920,51,MAURICE BARRES (BOULEVAR,,,Plein jour,En agglomération,Intersection en T,Normale,Deux véhicules - côté,,,,,,,,,,,1,2,3,1.0,3.0
201000049235,0010-06-22 10:15:00,10,6,22,10,15,920,51,MAURICE BARRES (BOULEVAR,,,Plein jour,En agglomération,Intersection en X,Normale,Deux véhicules - arrière,,,,,,,,,,,1,2,2,1.0,2.0
201000049236,0010-06-26 10:40:00,10,6,26,10,40,920,51,"68, BOURDON (BOULEVARD)",,,Plein jour,En agglomération,Hors intersection,Normale,Deux véhicules - arrière,,,,,,,,,,,1,2,1,1.0,2.0
201000049237,0010-06-25 21:00:00,10,6,25,21,0,920,51,"168, CHARLES DE GAULLE (",,,Plein jour,En agglomération,Hors intersection,Normale,Autre collision,,,,,,,,,,,1,2,1,1.0,6.0
201000049238,0010-06-17 20:30:00,10,6,17,20,30,920,51,RICHARD WALLACE (BOULEVA,,,Plein jour,En agglomération,Intersection en X,Normale,Deux véhicules - côté,,,,,,,,,,,1,2,2,1.0,3.0
201000049239,0010-06-27 07:35:00,10,6,27,7,35,920,51,"VICTOR HUGO (BOULEVARD,",,,Plein jour,En agglomération,Intersection en X,Normale,Deux véhicules - côté,,,,,,,,,,,1,2,2,1.0,3.0
201000049240,0010-06-18 15:40:00,10,6,18,15,40,920,51,SABLONVILLE (RUE DE),,,Plein jour,En agglomération,Place,Normale,Autre collision,,,,,,,,,,,1,2,7,1.0,6.0
201000049241,0010-07-04 19:35:00,10,7,4,19,35,920,51,CHARLES DE GAULLE (AVENU,,,Plein jour,En agglomération,Place,Normale,Deux véhicules - côté,,,,,,,,,,,1,2,7,1.0,3.0
201000049242,0010-07-01 16:00:00,10,7,1,16,0,920,51,CHARLES DE GAULLE (AVENU,,,Plein jour,En agglomération,Intersection en X,Normale,Deux véhicules - côté,,,,,,,,,,,1,2,2,1.0,3.0
201000049243,0010-07-01 20:00:00,10,7,1,20,0,920,51,"65, CHARLES DE GAULLE (A",,,Plein jour,En agglomération,Hors intersection,Normale,Deux véhicules - arrière,,,,,,,,,,,1,2,1,1.0,2.0
201000049244,0010-07-12 19:35:00,10,7,12,19,35,920,51,CHARLES DE GAULLE (AVENU,,,Plein jour,En agglomération,Hors intersection,Normale,Deux véhicules - arrière,,,,,,,,,,,1,2,1,1.0,2.0
201000049245,0010-06-26 01:50:00,10,6,26,1,50,920,51,"53, LONGCHAMP (RUE DE)",,,Nuit avec éclairage allumé,En agglomération,Hors intersection,Normale,Sans collision,,,,,,,,,,,5,2,1,1.0,7.0
201000049246,0010-07-23 12:35:00,10,7,23,12,35,920,51,"60, CHARLES DE GAULLE (A",,,Plein jour,En agglomération,Hors intersection,Normale,Deux véhicules - côté,,,,,,,,,,,1,2,1,1.0,3.0
201000049247,0010-07-22 11:23:00,10,7,22,11,23,920,51,"76, MAURICE BARRES (BOUL",,,Plein jour,En agglomération,Hors intersection,Normale,Deux véhicules - arrière,,,,,,,,,,,1,2,1,1.0,2.0
201000049248,0010-07-29 12:10:00,10,7,29,12,10,920,51,"BINEAU (BOULEVARD, N°133",,,Plein jour,En agglomération,Intersection en X,Normale,Deux véhicules - arrière,,,,,,,,,,,1,2,2,1.0,2.0
201000049249,0010-06-17 12:15:00,10,6,17,12,15,920,51,WINSTON CHURCHILL (PLACE,,,Plein jour,En agglomération,Hors intersection,Normale,Autre collision,,,,,,,,,,,1,2,1,1.0,6.0
201000049250,0010-06-19 13:25:00,10,6,19,13,25,920,51,"116, CHARLES DE GAULLE (",,,Plein jour,En agglomération,Hors intersection,Normale,Deux véhicules - arrière,,,,,,,,,,,1,2,1,1.0,2.0
201000049251,0010-06-17 17:00:00,10,6,17,17,0,920,51,"1, RICHARD WALLACE (BOUL",,,Plein jour,En agglomération,Hors intersection,Normale,Deux véhicules - côté,,,,,,,,,,,1,2,1,1.0,3.0
201000049252,0010-06-23 15:00:00,10,6,23,15,0,920,51,SOYER (RUE),,,Plein jour,En agglomération,Hors intersection,Normale,Autre collision,,,,,,,,,,,1,2,1,1.0,6.0
201000049253,0010-06-22 10:20:00,10,6,22,10,20,920,51,"BINEAU (BOULEVARD, N°133",,,Plein jour,En agglomération,Hors intersection,Normale,Deux véhicules - côté,,,,,,,,,,,1,2,1,1.0,3.0
201000049254,0010-07-04 18:00:00,10,7,4,18,0,920,51,"132, CHARLES DE GAULLE (",,,Plein jour,En agglomération,Hors intersection,Normale,Deux véhicules - côté,,,,,,,,,,,1,2,1,1.0,3.0
201000049255,0010-08-04 14:35:00,10,8,4,14,35,920,51,CHATEAU (BOULEVARD DU),,,Plein jour,En agglomération,Hors intersection,Normale,Deux véhicules - frontale,,,,,,,,,,,1,2,1,1.0,1.0
201000049256,0010-08-22 06:25:00,10,8,22,6,25,920,51,"148, ACHILLE PERETTI (AV",,,Crépuscule ou aube,En agglomération,Hors intersection,Normale,Deux véhicules - côté,,,,,,,,,,,2,2,1,1.0,3.0
201000049257,0010-08-24 19:30:00,10,8,24,19,30,920,51,"53, BINEAU (BOULEVARD, N",,,Plein jour,En agglomération,Hors intersection,Normale,Autre collision,,,,,,,,,,,1,2,1,1.0,6.0
201000049258,0010-08-25 13:45:00,10,8,25,13,45,920,51,"11, VICTOR HUGO (BOULEVA",,,Plein jour,En agglomération,Hors intersection,Normale,Deux véhicules - côté,,,,,,,,,,,1,2,1,1.0,3.0
201000049259,0010-08-28 14:45:00,10,8,28,14,45,920,51,CHARLES DE GAULLE (AVENU,,,Plein jour,En agglomération,Hors intersection,Pluie légère,Autre collision,,,,,,,,,,,1,2,1,2.0,6.0
201000049260,0010-08-26 12:00:00,10,8,26,12,0,920,51,"18 ter, MADELEINE MICHEL",,,Plein jour,En agglomération,Hors intersection,Normale,Autre collision,,,,,,,,,,,1,2,1,1.0,6.0
201000049261,0010-08-25 16:05:00,10,8,25,16,5,920,51,"BINEAU (BOULEVARD, N°133",,,Plein jour,En agglomération,Hors intersection,Normale,Deux véhicules - côté,,,,,,,,,,,1,2,1,1.0,3.0
201000049262,0010-08-26 17:15:00,10,8,26,17,15,920,51,"73, ROULE (AVENUE DU, N°",,,Plein jour,Hors agglomération,Hors intersection,Pluie légère,Autre collision,,,,,,,,,,,1,1,1,2.0,6.0
201000049263,0010-08-31 14:45:00,10,8,31,14,45,920,51,"157, BINEAU (BOULEVARD,",,,Plein jour,En agglomération,Hors intersection,Normale,Deux véhicules - arrière,,,,,,,,,,,1,2,1,1.0,2.0
201000049264,0010-09-01 11:40:00,10,9,1,11,40,920,51,"54, CHARLES DE GAULLE (A",,,Plein jour,En agglomération,Hors intersection,Normale,Sans collision,,,,,,,,,,,1,2,1,1.0,7.0
201000049265,0010-09-02 09:10:00,10,9,2,9,10,920,51,"05, FERME (RUE DE LA)",,,Plein jour,En agglomération,Hors intersection,Normale,Deux véhicules - côté,,,,,,,,,,,1,2,1,1.0,3.0
201000049266,0010-09-06 09:25:00,10,9,6,9,25,920,51,"99, GENERAL KOENIG (BOUL",,,Plein jour,En agglomération,Hors intersection,Normale,Deux véhicules - arrière,,,,,,,,,,,1,2,1,1.0,2.0
201000049267,0010-09-11 17:35:00,10,9,11,17,35,920,51,"09, HOTEL DE VILLE (RUE",,,Plein jour,En agglomération,Hors intersection,Normale,Autre collision,,,,,,,,,,,1,2,1,1.0,6.0
201000049268,0010-09-13 12:30:00,10,9,13,12,30,920,51,"52, PORTE DE VILLIERS (A",,,Plein jour,En agglomération,Hors intersection,Normale,Autre collision,,,,,,,,,,,1,2,1,1.0,6.0
201000049269,0010-09-15 17:00:00,10,9,15,17,0,920,51,"31, CHARLES DE GAULLE (A",,,Plein jour,En agglomération,Hors intersection,Normale,Trois véhicules et plus - en chaîne,,,,,,,,,,,1,2,1,1.0,4.0
201000049270,0010-09-16 10:05:00,10,9,16,10,5,920,51,LONGCHAMP (RUE DE),,,Plein jour,En agglomération,Intersection en X,Normale,Sans collision,,,,,,,,,,,1,2,2,1.0,7.0
201000049271,0010-09-17 09:35:00,10,9,17,9,35,920,51,"61, CHATEAU (BOULEVARD D",,,Plein jour,En agglomération,Hors intersection,Normale,Autre collision,,,,,,,,,,,1,2,1,1.0,6.0
201000049272,0010-09-18 00:55:00,10,9,18,0,55,920,51,"22, CHARLES DE GAULLE (A",,,Nuit avec éclairage allumé,En agglomération,Hors intersection,Normale,Sans collision,,,,,,,,,,,5,2,1,1.0,7.0
201000049273,0010-10-01 19:00:00,10,10,1,19,0,920,51,BD SAUSSAYE/BD ARGENSON,,,Crépuscule ou aube,En agglomération,Intersection en X,Pluie légère,Deux véhicules - côté,,,,,,,,,,,2,2,2,2.0,3.0
201000049274,0010-10-01 13:25:00,10,10,1,13,25,920,51,AV ROULE/R D'ORLEANS,,,Plein jour,En agglomération,Intersection en X,Temps couvert,Autre collision,,,,,,,,,,,1,2,2,8.0,6.0
201000049275,0010-10-04 09:15:00,10,10,4,9,15,920,51,BD DU GENERAL KOENIG,,,Plein jour,En agglomération,Hors intersection,Pluie légère,Deux véhicules - côté,,,,,,,,,,,1,2,1,2.0,3.0
201000049276,0010-09-30 13:40:00,10,9,30,13,40,920,51,"0, CHARLES DE GAULLE (AV",,,Plein jour,Hors agglomération,Hors intersection,Normale,Deux véhicules - arrière,,,,,,,,,,,1,1,1,1.0,2.0
201000049277,0010-09-30 08:20:00,10,9,30,8,20,920,51,"95, CHARLES DE GAULLE (A",,,Plein jour,En agglomération,Hors intersection,Pluie légère,Deux véhicules - côté,,,,,,,,,,,1,2,1,2.0,3.0
201000049278,0010-10-06 09:00:00,10,10,6,9,0,920,51,BD DU GENERAL KOENIG,,,Plein jour,En agglomération,Hors intersection,Pluie légère,Sans collision,,,,,,,,,,,1,2,1,2.0,7.0
201000049279,0010-10-06 11:20:00,10,10,6,11,20,920,51,BD KOENIG/R LONGPONT,,,Plein jour,En agglomération,Intersection en T,Pluie légère,Sans collision,,,,,,,,,,,1,2,3,2.0,7.0
201000049280,0010-10-13 08:35:00,10,10,13,8,35,920,51,BD VICTOR HUGO,,,Plein jour,En agglomération,Hors intersection,Normale,Autre collision,,,,,,,,,,,1,2,1,1.0,6.0
201000049281,0010-10-08 12:20:00,10,10,8,12,20,920,51,"164, CHARLES DE GAULLE (",,,Plein jour,En agglomération,Hors intersection,Normale,Deux véhicules - arrière,,,,,,,,,,,1,2,1,1.0,2.0
201000049282,0010-10-19 18:40:00,10,10,19,18,40,920,51,BD BINEAU,,,Crépuscule ou aube,En agglomération,Hors intersection,Temps couvert,Sans collision,,,,,,,,,,,2,2,1,8.0,7.0
201000049283,0010-10-18 20:45:00,10,10,18,20,45,920,51,"89, CHARLES DE GAULLE (A",,,Nuit avec éclairage allumé,En agglomération,Hors intersection,Normale,Autre collision,,,,,,,,,,,5,2,1,1.0,6.0
201000049284,0010-10-12 11:15:00,10,10,12,11,15,920,51,"2,BD D'INKERMANN",,,Plein jour,En agglomération,Hors intersection,Normale,Deux véhicules - côté,,,,,,,,,,,1,2,1,1.0,3.0
201000049285,0010-10-01 11:50:00,10,10,1,11,50,920,51,AV CHARLES DE GAULLE,,,Plein jour,En agglomération,Hors intersection,Normale,Deux véhicules - côté,,,,,,,,,,,1,2,1,1.0,3.0
201000049286,0010-09-30 17:55:00,10,9,30,17,55,920,51,"190, CHARLES DE GAULLE (",,,Plein jour,En agglomération,Hors intersection,Normale,Deux véhicules - arrière,,,,,,,,,,,1,2,1,1.0,2.0
201000049287,0010-10-04 16:00:00,10,10,4,16,0,920,51,R DE SABLONVILLE,,,Plein jour,En agglomération,Hors intersection,Normale,Autre collision,,,,,,,,,,,1,2,1,1.0,6.0
201000049288,0010-10-01 22:10:00,10,10,1,22,10,920,51,BD DU CHATEAU,,,Nuit avec éclairage allumé,En agglomération,Hors intersection,Temps couvert,Sans collision,,,,,,,,,,,5,2,1,8.0,7.0
201000049289,0010-09-29 20:00:00,10,9,29,20,0,920,51,"22, INKERMANN (BOULEVARD",,,Nuit avec éclairage allumé,En agglomération,Hors intersection,Normale,Sans collision,,,,,,,,,,,5,2,1,1.0,7.0
201000049290,0010-09-04 20:10:00,10,9,4,20,10,920,51,"131, CHARLES DE GAULLE (",,,Nuit avec éclairage allumé,En agglomération,Hors intersection,Normale,Deux véhicules - arrière,,,,,,,,,,,5,2,1,1.0,2.0
201000049291,0010-10-02 11:00:00,10,10,2,11,0,920,51,BD DU COMMANDANT CHARCOT,,,Plein jour,En agglomération,Hors intersection,Pluie légère,Deux véhicules - côté,,,,,,,,,,,1,2,1,2.0,3.0
201000049292,0010-11-01 19:50:00,10,11,1,19,50,920,51,"46, CHARLES DE GAULLE (A",,,Nuit avec éclairage allumé,En agglomération,Hors intersection,Normale,Trois véhicules et plus - en chaîne,,,,,,,,,,,5,2,1,1.0,4.0
201000049293,0010-11-02 15:05:00,10,11,2,15,5,920,51,"114, BD MAURICE BARRES",,,Plein jour,En agglomération,Intersection en T,Temps couvert,Autre collision,,,,,,,,,,,1,2,3,8.0,6.0
201000049294,0010-10-30 12:20:00,10,10,30,12,20,920,51,BD DU GENERAL LECLERC,,,Plein jour,En agglomération,Hors intersection,Normale,Deux véhicules - arrière,,,,,,,,,,,1,2,1,1.0,2.0
201000049295,0010-11-03 20:25:00,10,11,3,20,25,920,51,BD DU CHATEAU,,,Nuit avec éclairage allumé,En agglomération,Intersection en X,Normale,Deux véhicules - côté,,,,,,,,,,,5,2,2,1.0,3.0
201000049296,0010-11-09 07:40:00,10,11,9,7,40,920,51,"20, AV DE MADRID",,,Plein jour,En agglomération,Hors intersection,Pluie légère,Deux véhicules - côté,,,,,,,,,,,1,2,1,2.0,3.0
201000049297,0010-11-09 17:45:00,10,11,9,17,45,920,51,"21,BD D'INKERMANN",,,Nuit avec éclairage allumé,En agglomération,Hors intersection,Pluie forte,Autre collision,,,,,,,,,,,5,2,1,3.0,6.0
201000049298,0010-11-14 17:30:00,10,11,14,17,30,920,51,"29, AV DU ROULE",,,Nuit avec éclairage allumé,En agglomération,Hors intersection,Normale,Autre collision,,,,,,,,,,,5,2,1,1.0,6.0
201000049299,0010-11-17 10:35:00,10,11,17,10,35,920,51,"BINEAU (BOULEVARD, N°53",,,Plein jour,En agglomération,Hors intersection,Normale,Deux véhicules - arrière,,,,,,,,,,,1,2,1,1.0,2.0
201000049300,0010-11-20 19:05:00,10,11,20,19,5,920,51,"167, AV ACHILLE PERETTI",,,Nuit avec éclairage allumé,En agglomération,Hors intersection,Normale,Deux véhicules - côté,,,,,,,,,,,5,2,1,1.0,3.0
201000049301,0010-11-18 20:15:00,10,11,18,20,15,920,51,DE MADRID/BOUTARD,,,Nuit avec éclairage allumé,En agglomération,Intersection en X,Pluie légère,Autre collision,,,,,,,,,,,5,2,2,2.0,6.0
201000049302,0010-11-15 18:30:00,10,11,15,18,30,920,51,"89, VILLIERS (RUE DE, N°",,,Nuit avec éclairage allumé,En agglomération,Hors intersection,Pluie légère,Deux véhicules - côté,,,,,,,,,,,5,2,1,2.0,3.0
201000049303,0010-11-17 14:55:00,10,11,17,14,55,920,51,"207, ACHILLE PERETTI (AV",,,Plein jour,En agglomération,Hors intersection,Normale,Autre collision,,,,,,,,,,,1,2,1,1.0,6.0
201000049304,0010-11-25 07:45:00,10,11,25,7,45,920,51,28 BD DU CHATEAU,,,Crépuscule ou aube,En agglomération,Hors intersection,Pluie légère,Deux véhicules - côté,,,,,,,,,,,2,2,1,2.0,3.0
201000049305,0010-11-23 11:20:00,10,11,23,11,20,920,51,"CHEZY (RUE DE , N°14 A 1",,,Plein jour,En agglomération,Hors intersection,Normale,Deux véhicules - côté,,,,,,,,,,,1,2,1,1.0,3.0
201000049306,0010-12-01 12:15:00,10,12,1,12,15,920,51,"165, AV DU ROULE",,,Plein jour,En agglomération,Hors intersection,Temps couvert,Deux véhicules - côté,,,,,,,,,,,1,2,1,8.0,3.0
201000049307,0010-12-04 20:05:00,10,12,4,20,5,920,51,"168, CHARLES DE GAULLE (",,,Nuit avec éclairage allumé,En agglomération,Hors intersection,Normale,Autre collision,,,,,,,,,,,5,2,1,1.0,6.0
201000049308,0010-12-06 21:50:00,10,12,6,21,50,920,51,"3, AV DE MADRID",,,Nuit avec éclairage allumé,En agglomération,Hors intersection,Normale,Deux véhicules - côté,,,,,,,,,,,5,2,1,1.0,3.0
201000049309,0010-12-02 18:20:00,10,12,2,18,20,920,51,"20, AV CHARLES DE GAULLE",,,Nuit avec éclairage non allumé,Hors agglomération,Hors intersection,Neige / grêle,Deux véhicules - côté,,,,,,,,,,,4,1,1,4.0,3.0