accident_id,datetime,annee,mois,jour,heure,minute,departement,commune_insee,adresse,latitude,longitude,luminosite,agglomeration,intersection,meteo,collision,nb_vehicules,nb_usagers,nb_indemnes,nb_tues,nb_blesses_hosp,nb_blesses_legers,age_cond_1,age_cond_2,veh_type_cond_1,veh_type_cond_2,lum_code,agg_code,int_code,atm_code,col_code
201000049695,0010-11-08 08:55:00,10,11,8,8,55,920,73,02 R DU PORT AUX VINS,,,Plein jour,En agglomération,Hors intersection,Normale,Deux véhicules - côté,,,,,,,,,,,1,2,1,1.0,3.0
201000049696,0010-11-12 23:15:00,10,11,12,23,15,920,73,PL DE L'ABBE FRANZ STOCK,,,Nuit avec éclairage allumé,En agglomération,Hors intersection,Normale,Deux véhicules - arrière,,,,,,,,,,,5,2,1,1.0,2.0
201000049697,0010-11-14 00:25:00,10,11,14,0,25,920,73,"159, BD HENRI SELLIER",,,Nuit avec éclairage allumé,En agglomération,Hors intersection,Normale,Sans collision,,,,,,,,,,,5,2,1,1.0,7.0
201000049698,0010-11-17 08:55:00,10,11,17,8,55,920,73,"1, PONT (RUE DU)",,,Plein jour,En agglomération,Hors intersection,Normale,Trois véhicules et plus - collisions multiples,,,,,,,,,,,1,2,1,1.0,5.0
201000049699,0010-11-17 16:00:00,10,11,17,16,0,920,73,"1, STRESSEMANN (AVENUE G",,,Plein jour,En agglomération,Hors intersection,Normale,Autre collision,,,,,,,,,,,1,2,1,1.0,6.0
201000049700,0010-11-24 15:30:00,10,11,24,15,30,920,73,"4, AV FRANKLIN ROOSEVELT",,,Plein jour,En agglomération,Hors intersection,Normale,Deux véhicules - côté,,,,,,,,,,,1,2,1,1.0,3.0
201000049701,0010-12-13 18:20:00,10,12,13,18,20,920,73,"1, GALLIENI (QUAI)",,,Nuit avec éclairage allumé,En agglomération,Intersection en T,Normale,Autre collision,,,,,,,,,,,5,2,3,1.0,6.0
201000049702,0010-12-22 18:00:00,10,12,22,18,0,920,73,A.CARON/SYNDIC CULTIVATE,,,Nuit avec éclairage allumé,En agglomération,Intersection en X,Neige / grêle,Autre collision,,,,,,,,,,,5,2,2,4.0,6.0
201000049703,0010-12-24 18:30:00,10,12,24,18,30,920,73,"6, VERDUN /CRS MADELEINE",,,Nuit avec éclairage allumé,En agglomération,Intersection en T,Normale,Deux véhicules - frontale,,,,,,,,,,,5,2,3,1.0,1.0
201000049704,0010-12-29 10:55:00,10,12,29,10,55,920,73,BD H.SELLIER/R GARIBALDI,,,Plein jour,En agglomération,Intersection en X,Normale,Autre collision,,,,,,,,,,,1,2,2,1.0,6.0
201000049705,0010-12-29 20:30:00,10,12,29,20,30,920,73,"190, WASHINGTON (BOULEVA",,,Nuit avec éclairage allumé,En agglomération,Hors intersection,Normale,Sans collision,,,,,,,,,,,5,2,1,1.0,7.0
201000049706,0010-01-07 21:45:00,10,1,7,21,45,920,46,"76, GABRIEL PERI",,,Nuit avec éclairage allumé,En agglomération,Hors intersection,Normale,Deux véhicules - arrière,,,,,,,,,,,5,2,1,1.0,2.0
201000049707,0010-01-06 16:45:00,10,1,6,16,45,920,75,JEAN BLEUZEN (RUE),,,Plein jour,En agglomération,Intersection en T,Normale,Autre collision,,,,,,,,,,,1,2,3,1.0,6.0
201000049708,0010-01-19 00:20:00,10,1,19,0,20,920,46,PIERRE BROSSOLETTE,,,Nuit avec éclairage allumé,En agglomération,Intersection en X,Normale,Deux véhicules - côté,,,,,,,,,,,5,2,2,1.0,3.0
201000049709,0010-02-05 20:00:00,10,2,5,20,0,920,46,Paul vaillant couturier,,,Nuit avec éclairage allumé,En agglomération,Intersection en X,Normale,Deux véhicules - côté,,,,,,,,,,,5,2,2,1.0,3.0
201000049710,0010-02-10 16:50:00,10,2,10,16,50,920,46,"138, GABRIEL PERI",,,Plein jour,En agglomération,Hors intersection,Neige / grêle,Deux véhicules - côté,,,,,,,,,,,1,2,1,4.0,3.0
201000049711,0010-02-11 09:10:00,10,2,11,9,10,920,46,"116, CAMELINAT",,,Plein jour,En agglomération,Hors intersection,Neige / grêle,Autre collision,,,,,,,,,,,1,2,1,4.0,6.0
201000049712,0010-02-16 08:30:00,10,2,16,8,30,920,46,Charles de gaulle,,,Plein jour,En agglomération,Intersection en T,Normale,Trois véhicules et plus - collisions multiples,,,,,,,,,,,1,2,3,1.0,5.0
201000049713,0010-03-04 20:20:00,10,3,4,20,20,920,46,PAUL BERT (RUE),,,Nuit avec éclairage allumé,Hors agglomération,Intersection en X,Normale,Autre collision,,,,,,,,,,,5,1,2,1.0,6.0
201000049714,0010-03-07 12:45:00,10,3,7,12,45,920,46,CLOS MONTHOLON (PLACE DU,,,Plein jour,En agglomération,Hors intersection,Normale,Trois véhicules et plus - en chaîne,,,,,,,,,,,1,2,1,1.0,4.0
201000049715,0010-03-09 22:25:00,10,3,9,22,25,920,46,"164, GABRIEL PERI",,,Nuit avec éclairage allumé,En agglomération,Hors intersection,Normale,Deux véhicules - arrière,,,,,,,,,,,5,2,1,1.0,2.0
201000049716,0010-03-26 10:00:00,10,3,26,10,0,920,75,"97, JEAN BLEUZEN (RUE)",,,Plein jour,En agglomération,Hors intersection,Normale,Autre collision,,,,,,,,,,,1,2,1,1.0,6.0
201000049717,0010-04-08 13:30:00,10,4,8,13,30,920,75,"22, REPUBLIQUE (RUE DE L",,,Plein jour,En agglomération,Hors intersection,Normale,Deux véhicules - frontale,,,,,,,,,,,1,2,1,1.0,1.0
201000049718,0010-04-12 09:00:00,10,4,12,9,0,920,46,"21, DE STALINGRAD",,,Plein jour,En agglomération,Hors intersection,Temps éblouissant,Deux véhicules - côté,,,,,,,,,,,1,2,1,7.0,3.0
201000049719,0010-04-09 08:55:00,10,4,9,8,55,920,46,GABRIEL PERI,,,Plein jour,En agglomération,Intersection en T,Normale,Autre collision,,,,,,,,,,,1,2,3,1.0,6.0
201000049720,0010-04-09 11:10:00,10,4,9,11,10,920,46,"32, GABRIEL CRIE (RUE)",,,Plein jour,En agglomération,Hors intersection,Normale,Sans collision,,,,,,,,,,,1,2,1,1.0,7.0
201000049721,0010-04-14 18:00:00,10,4,14,18,0,920,46,"21, DE STALINGRAD",,,Plein jour,En agglomération,Hors intersection,Normale,Autre collision,,,,,,,,,,,1,2,1,1.0,6.0
201000049722,0010-04-23 21:35:00,10,4,23,21,35,920,46,"3, CHATILLON (IMPASSE DE",,,Nuit avec éclairage allumé,En agglomération,Hors intersection,Normale,Autre collision,,,,,,,,,,,5,2,1,1.0,6.0
201000049723,0010-04-30 14:25:00,10,4,30,14,25,920,75,"17, LYCEE (BOULEVARD DU)",,,Plein jour,En agglomération,Hors intersection,Normale,Autre collision,,,,,,,,,,,1,2,1,1.0,6.0
201000049724,0010-05-05 08:15:00,10,5,5,8,15,920,75,"72, JEAN BLEUZEN (RUE)",,,Plein jour,En agglomération,Hors intersection,Normale,Deux véhicules - arrière,,,,,,,,,,,1,2,1,1.0,2.0
201000049725,0010-05-22 17:50:00,10,5,22,17,50,920,75,"17, LARMEROUX (RUE)",,,Plein jour,En agglomération,Hors intersection,Normale,Deux véhicules - côté,,,,,,,,,,,1,2,1,1.0,3.0
201000049726,0010-06-02 20:55:00,10,6,2,20,55,920,46,GABRIEL PERI,,,Plein jour,En agglomération,Intersection en X,Normale,Autre collision,,,,,,,,,,,1,2,2,1.0,6.0
201000049727,0010-06-08 10:05:00,10,6,8,10,5,920,75,"13, RAYMOND MARCHERON (R",,,Plein jour,En agglomération,Hors intersection,Normale,Deux véhicules - côté,,,,,,,,,,,1,2,1,1.0,3.0
201000049728,0010-06-16 13:45:00,10,6,16,13,45,920,75,"13, RAYMOND MARCHERON (R",,,Plein jour,En agglomération,Hors intersection,Normale,Deux véhicules - côté,,,,,,,,,,,1,2,1,1.0,3.0
201000049729,0010-06-17 04:50:00,10,6,17,4,50,920,75,"12, LARMEROUX (RUE)",,,Nuit avec éclairage allumé,En agglomération,Hors intersection,Normale,Autre collision,,,,,,,,,,,5,2,1,1.0,6.0
201000049730,0010-06-17 16:30:00,10,6,17,16,30,920,75,DE L'INSURRECTION,,,Plein jour,En agglomération,Giratoire,Pluie légère,Autre collision,,,,,,,,,,,1,2,6,2.0,6.0
201000049731,0010-06-18 17:10:00,10,6,18,17,10,920,46,CAMELINAT,,,Plein jour,En agglomération,Intersection en X,Normale,Deux véhicules - côté,,,,,,,,,,,1,2,2,1.0,3.0
201000049732,0010-06-21 16:00:00,10,6,21,16,0,920,46,PIERRE BROSSOLETTE,,,Plein jour,En agglomération,Intersection en X,Normale,Autre collision,,,,,,,,,,,1,2,2,1.0,6.0
201000049733,0010-06-25 18:30:00,10,6,25,18,30,920,75,"15, ISSY (RUE D')",,,Plein jour,En agglomération,Hors intersection,Normale,Autre collision,,,,,,,,,,,1,2,1,1.0,6.0
201000049734,0010-06-29 15:00:00,10,6,29,15,0,920,46,"20, PIERRE BROSSOLETTE",,,Plein jour,En agglomération,Hors intersection,Normale,Autre collision,,,,,,,,,,,1,2,1,1.0,6.0
201000049735,0010-07-01 19:10:00,10,7,1,19,10,920,46,"210, PIERRE BROSSOLETTE",,,Plein jour,En agglomération,Hors intersection,Normale,Autre collision,,,,,,,,,,,1,2,1,1.0,6.0
201000049736,0010-07-12 13:30:00,10,7,12,13,30,920,46,PAUL BERT (RUE),,,Plein jour,En agglomération,Intersection en X,Normale,Trois véhicules et plus - collisions multiples,,,,,,,,,,,1,2,2,1.0,5.0
201000049737,0010-07-20 12:30:00,10,7,20,12,30,920,46,GABRIEL PERI,,,Plein jour,En agglomération,Intersection en X,Normale,Trois véhicules et plus - collisions multiples,,,,,,,,,,,1,2,2,1.0,5.0
201000049738,0010-07-20 14:20:00,10,7,20,14,20,920,75,DE L'INSURRECTION,,,Plein jour,En agglomération,Giratoire,Normale,Deux véhicules - arrière,,,,,,,,,,,1,2,6,1.0,2.0
201000049739,0010-07-29 22:00:00,10,7,29,22,0,920,46,"., Charles de gaulle",,,Nuit avec éclairage allumé,En agglomération,Hors intersection,Normale,Deux véhicules - frontale,,,,,,,,,,,5,2,1,1.0,1.0
201000049740,0010-08-02 01:50:00,10,8,2,1,50,920,46,"134, PIERRE BROSSOLETTE",,,Nuit avec éclairage allumé,En agglomération,Hors intersection,Normale,Deux véhicules - arrière,,,,,,,,,,,5,2,1,1.0,2.0
201000049741,0010-08-01 16:25:00,10,8,1,16,25,920,75,JACQUES JEZEQUEL (AVENUE,,,Plein jour,En agglomération,Hors intersection,Normale,Deux véhicules - arrière,,,,,,,,,,,1,2,1,1.0,2.0
201000049742,0010-08-04 12:05:00,10,8,4,12,5,920,75,LYCEE (BOULEVARD DU),,,Plein jour,En agglomération,Intersection en T,Normale,Deux véhicules - frontale,,,,,,,,,,,1,2,3,1.0,1.0
201000049743,0010-08-23 20:40:00,10,8,23,20,40,920,46,"106, DOUZE FEVRIER 1934",,,Plein jour,En agglomération,Hors intersection,Normale,Autre collision,,,,,,,,,,,1,2,1,1.0,6.0
201000049744,0010-08-23 23:40:00,10,8,23,23,40,920,46,GABRIEL PERI,,,Nuit avec éclairage allumé,En agglomération,Intersection en X,Normale,Deux véhicules - côté,,,,,,,,,,,5,2,2,1.0,3.0
201000049745,0010-08-24 22:06:00,10,8,24,22,6,920,75,"11, SADI CARNOT (RUE)",,,Nuit avec éclairage allumé,En agglomération,Hors intersection,Normale,Autre collision,,,,,,,,,,,5,2,1,1.0,6.0
201000049746,0010-08-28 19:50:00,10,8,28,19,50,920,75,"., JULLIEN (RUE)",,,Plein jour,En agglomération,Intersection en T,Normale,Deux véhicules - frontale,,,,,,,,,,,1,2,3,1.0,1.0
201000049747,0010-08-29 18:45:00,10,8,29,18,45,920,46,GABRIEL PERI,,,Plein jour,En agglomération,Intersection en T,Normale,Deux véhicules - côté,,,,,,,,,,,1,2,3,1.0,3.0
201000049748,0010-09-03 15:15:00,10,9,3,15,15,920,46,"., PAUL BERT (RUE)",,,Plein jour,En agglomération,Intersection en X,Normale,Deux véhicules - côté,,,,,,,,,,,1,2,2,1.0,3.0
201000049749,0010-09-20 11:30:00,10,9,20,11,30,920,46,"16, LEGRAND (RUE)",,,Plein jour,En agglomération,Hors intersection,Normale,Autre collision,,,,,,,,,,,1,2,1,1.0,6.0
201000049750,0010-09-22 00:40:00,10,9,22,0,40,920,46,"., PIERRE BROSSOLETTE",,,Nuit avec éclairage allumé,En agglomération,Intersection en X,Normale,Deux véhicules - côté,,,,,,,,,,,5,2,2,1.0,3.0
201000049751,0010-09-22 10:10:00,10,9,22,10,10,920,46,"., DOUZE FEVRIER 1934 (A",,,Plein jour,En agglomération,Intersection en X,Normale,Autre collision,,,,,,,,,,,1,2,2,1.0,6.0
201000049752,0010-09-15 08:10:00,10,9,15,8,10,920,46,"., PIERRE BROSSOLETTE",,,Plein jour,En agglomération,Hors intersection,Pluie légère,Deux véhicules - côté,,,,,,,,,,,1,2,1,2.0,3.0
201000049753,0010-09-27 08:30:00,10,9,27,8,30,920,75,"39, DE GAULLE (AVENUE DU",,,Plein jour,En agglomération,Intersection en T,Normale,Deux véhicules - côté,,,,,,,,,,,1,2,3,1.0,3.0
201000049754,0010-09-28 15:30:00,10,9,28,15,30,920,75,"., LATTRE DE TASSIGNY (P",,,Plein jour,En agglomération,Intersection à plus de 4 branches,Normale,Autre collision,,,,,,,,,,,1,2,5,1.0,6.0
201000049755,0010-09-30 07:30:00,10,9,30,7,30,920,75,"7, REPUBLIQUE (RUE DE LA",,,Crépuscule ou aube,En agglomération,Hors intersection,Pluie légère,Deux véhicules - arrière,,,,,,,,,,,2,2,1,2.0,2.0
201000049756,0010-10-06 12:10:00,10,10,6,12,10,920,46,BD CHARLES DE GAULLE,,,Plein jour,En agglomération,Hors intersection,Normale,Deux véhicules - côté,,,,,,,,,,,1,2,1,1.0,3.0
201000049757,0010-10-06 16:10:00,10,10,6,16,10,920,75,BD DU LYCEE,,,Plein jour,En agglomération,Hors intersection,Pluie légère,Deux véhicules - côté,,,,,,,,,,,1,2,1,2.0,3.0
201000049758,0010-10-15 19:50:00,10,10,15,19,50,920,75,R LARMEROUX,,,Nuit avec éclairage allumé,En agglomération,Hors intersection,Pluie légère,Deux véhicules - côté,,,,,,,,,,,5,2,1,2.0,3.0
201000049759,0010-10-21 13:45:00,10,10,21,13,45,920,46,R COUTURIER/AV A.FRANCE,,,Plein jour,En agglomération,Intersection en T,Normale,Deux véhicules - arrière,,,,,,,,,,,1,2,3,1.0,2.0
201000049760,0010-10-24 15:00:00,10,10,24,15,0,920,46,"53, PIERRE LAROUSSE (AVE",,,Plein jour,En agglomération,Intersection en T,Pluie légère,Deux véhicules - côté,,,,,,,,,,,1,2,3,2.0,3.0
201000049761,0010-10-29 13:40:00,10,10,29,13,40,920,46,R AVAULEE/ALL M.JEANNE,,,Plein jour,En agglomération,Intersection en T,Normale,Deux véhicules - arrière,,,,,,,,,,,1,2,3,1.0,2.0
201000049762,0010-11-04 09:30:00,10,11,4,9,30,920,46,CAMELINAT/NICOMEDES PASC,48.813,2.2987,Plein jour,En agglomération,Intersection en X,Normale,Deux véhicules - frontale,,,,,,,,,,,1,2,2,1.0,1.0
201000049763,0010-11-12 21:50:00,10,11,12,21,50,920,75,"4, Antoine Fratacci",,,Nuit avec éclairage allumé,En agglomération,Hors intersection,Temps couvert,Sans collision,,,,,,,,,,,5,2,1,8.0,7.0
201000049764,0010-11-17 13:17:00,10,11,17,13,17,920,75,"03, DANTON (RUE)",,,Plein jour,En agglomération,Hors intersection,Normale,Autre collision,,,,,,,,,,,1,2,1,1.0,6.0
201000049765,0010-11-15 21:50:00,10,11,15,21,50,920,46,"112, PIERRE BROSSOLETTE",,,Nuit avec éclairage allumé,En agglomération,Hors intersection,Pluie légère,Autre collision,,,,,,,,,,,5,2,1,2.0,6.0
201000049766,0010-11-27 06:00:00,10,11,27,6,0,920,46,"220, PIERRE BROSSOLETTE",,,Nuit avec éclairage allumé,En agglomération,Hors intersection,Normale,Sans collision,,,,,,,,,,,5,2,1,1.0,7.0
201000049767,0010-12-06 21:35:00,10,12,6,21,35,920,46,PIERRE LAROUSSE/SAVIER,,,Nuit avec éclairage allumé,En agglomération,Intersection en T,Normale,Deux véhicules - côté,,,,,,,,,,,5,2,3,1.0,3.0
201000049768,0010-12-11 13:55:00,10,12,11,13,55,920,75,CULOT/BASCH,,,Plein jour,En agglomération,Intersection en T,Normale,Autre collision,,,,,,,,,,,1,2,3,1.0,6.0
201000049769,0010-12-17 20:10:00,10,12,17,20,10,920,46,R AVAULEE/R HOCHE,,,Nuit avec éclairage allumé,En agglomération,Intersection en X,Neige / grêle,Deux véhicules - côté,,,,,,,,,,,5,2,2,4.0,3.0
201000049770,0010-12-17 09:45:00,10,12,17,9,45,920,75,AV G.GAULLE/R D'ISSY,,,Plein jour,En agglomération,Intersection à plus de 4 branches,Normale,Deux véhicules - côté,,,,,,,,,,,1,2,5,1.0,3.0
201000049771,0010-02-05 15:55:00,10,2,5,15,55,920,78,VERDUN (AVENUE) (PAIRS 2,,,Crépuscule ou aube,En agglomération,Hors intersection,Normale,Autre collision,,,,,,,,,,,2,2,1,1.0,6.0
201000049772,0010-02-12 16:35:00,10,2,12,16,35,920,78,"52, MARECHAL LECLERC (AV",,,Plein jour,En agglomération,Hors intersection,Normale,Deux véhicules - arrière,,,,,,,,,,,1,2,1,1.0,2.0
201000049773,0010-03-21 15:50:00,10,3,21,15,50,920,78,"0, CHARLES DE GAULLE (BD",,,Plein jour,En agglomération,Intersection en T,Normale,Autre collision,,,,,,,,,,,1,2,3,1.0,6.0
201000049774,0010-03-22 08:55:00,10,3,22,8,55,920,78,"2, JEAN JAURES (RUE) (N°",,,Plein jour,En agglomération,Hors intersection,Normale,Autre collision,,,,,,,,,,,1,2,1,1.0,6.0
201000049775,0010-03-26 09:05:00,10,3,26,9,5,920,78,ASNIERES (QUAI),,,Plein jour,En agglomération,Hors intersection,Temps couvert,Deux véhicules - arrière,,,,,,,,,,,1,2,1,8.0,2.0
201000049776,0010-04-23 12:40:00,10,4,23,12,40,920,78,AVENIR (RUE) (IMPAIRS DU,,,Plein jour,En agglomération,Intersection en T,Normale,Sans collision,,,,,,,,,,,1,2,3,1.0,7.0
201000049777,0010-04-16 14:45:00,10,4,16,14,45,920,78,"0, MOULIN CAGE (QUAI)",,,Plein jour,En agglomération,Intersection en T,Normale,Deux véhicules - arrière,,,,,,,,,,,1,2,3,1.0,2.0
201000049778,0010-05-02 15:15:00,10,5,2,15,15,920,78,VIEUX CHEMIN DE ST DENIS,,,Plein jour,Hors agglomération,Autre intersection,Pluie légère,Autre collision,,,,,,,,,,,1,1,9,2.0,6.0
201000049779,0010-05-11 08:10:00,10,5,11,8,10,920,78,"0, JEAN JAURES (RUE) (N°",,,Plein jour,En agglomération,Intersection en X,Pluie forte,Deux véhicules - arrière,,,,,,,,,,,1,2,2,3.0,2.0
201000049780,0010-05-14 16:25:00,10,5,14,16,25,920,78,"0, VERDUN (AVENUE) (IMPA",,,Plein jour,En agglomération,Intersection en X,Normale,Deux véhicules - côté,,,,,,,,,,,1,2,2,1.0,3.0
201000049781,0010-05-17 14:21:00,10,5,17,14,21,920,78,FOND DE LA NOUE (RUE) (N,,,Plein jour,En agglomération,Intersection en Y,Normale,Deux véhicules - frontale,,,,,,,,,,,1,2,4,1.0,1.0
201000049782,0010-06-25 12:20:00,10,6,25,12,20,920,78,LONGUE BERTRANE (RUE),,,Plein jour,En agglomération,Intersection en X,Normale,Deux véhicules - côté,,,,,,,,,,,1,2,2,1.0,3.0
201000049783,0010-07-01 15:40:00,10,7,1,15,40,920,78,LONGUE BERTRANE (RUE),,,Plein jour,Hors agglomération,Hors intersection,Normale,Deux véhicules - frontale,,,,,,,,,,,1,1,1,1.0,1.0
201000049784,0010-06-13 22:20:00,10,6,13,22,20,920,78,"0, BONGARDE (RUE)",,,Nuit avec éclairage allumé,En agglomération,Hors intersection,Normale,Sans collision,,,,,,,,,,,5,2,1,1.0,7.0
201000049785,0010-07-07 19:45:00,10,7,7,19,45,920,78,"44, LONGUE BERTRANE (RUE",,,Plein jour,En agglomération,Hors intersection,Normale,Deux véhicules - côté,,,,,,,,,,,1,2,1,1.0,3.0
201000049786,0010-07-27 09:00:00,10,7,27,9,0,920,78,"0, MARC SANGNIER (AVENUE",,,Plein jour,En agglomération,Intersection en Y,Normale,Sans collision,,,,,,,,,,,1,2,4,1.0,7.0
201000049787,0010-08-18 13:05:00,10,8,18,13,5,920,78,"23, RENIERS (AVENUE CHEM",,,Plein jour,En agglomération,Intersection en T,Normale,Deux véhicules - côté,,,,,,,,,,,1,2,3,1.0,3.0
201000049788,0010-08-30 00:50:00,10,8,30,0,50,920,78,"23, RENIERS (AVENUE CHEM",,,Nuit avec éclairage non allumé,En agglomération,Hors intersection,Pluie légère,Autre collision,,,,,,,,,,,4,2,1,2.0,6.0
201000049789,0010-09-24 05:30:00,10,9,24,5,30,920,78,"?, MARECHAL LECLERC (AVE",,,Nuit avec éclairage allumé,En agglomération,Autre intersection,Pluie légère,Deux véhicules - arrière,,,,,,,,,,,5,2,9,2.0,2.0
201000049790,0010-10-12 08:50:00,10,10,12,8,50,920,78,R H.BARBUSSE/R BRANDIN,,,Plein jour,En agglomération,Intersection en T,Normale,Autre collision,,,,,,,,,,,1,2,3,1.0,6.0
201000049791,0010-10-31 21:50:00,10,10,31,21,50,920,78,AV M.LECLERC/AV VERDUN,,,Nuit sans éclairage public,En agglomération,Intersection en X,Normale,Deux véhicules - frontale,,,,,,,,,,,3,2,2,1.0,1.0
201000049792,0010-12-12 11:30:00,10,12,12,11,30,920,78,"24, AV DU PONANT",,,Plein jour,En agglomération,Hors intersection,Normale,Autre collision,,,,,,,,,,,1,2,1,1.0,6.0
201000049793,0010-12-13 07:35:00,10,12,13,7,35,920,78,"141, BD CHARLES DE GAULL",,,Nuit avec éclairage allumé,En agglomération,Hors intersection,Normale,Deux véhicules - frontale,,,,,,,,,,,5,2,1,1.0,1.0
201000049794,0010-01-06 17:30:00,10,1,6,17,30,920,62,"1, Rue AMBROISE PARE",,,Crépuscule ou aube,En agglomération,Intersection en Y,Normale,Deux véhicules - arrière,,,,,,,,,,,2,2,4,1.0,2.0
201000049795,0010-01-17 06:39:00,10,1,17,6,39,920,26,DIVISION LECLERC (AVENUE,,,Nuit avec éclairage allumé,En agglomération,Intersection en Y,Normale,Deux véhicules - arrière,,,,,,,,,,,5,2,4,1.0,2.0
201000049796,0010-02-09 17:05:00,10,2,9,17,5,920,26,BOULEVARD CIRCULAIRE,,,Plein jour,En agglomération,Intersection en X,Normale,Trois véhicules et plus - collisions multiples,,,,,,,,,,,1,2,2,1.0,5.0
201000049797,0010-02-17 11:00:00,10,2,17,11,0,920,62,"1, GENERAL DE GAULLE (AV",,,Plein jour,En agglomération,Intersection en Y,Pluie légère,Autre collision,,,,,,,,,,,1,2,4,2.0,6.0
201000049798,0010-02-18 23:05:00,10,2,18,23,5,920,62,"1, GENERAL DE GAULLE (AV",,,Nuit avec éclairage allumé,En agglomération,Intersection en Y,Pluie légère,Sans collision,,,,,,,,,,,5,2,4,2.0,7.0
201000049799,0010-02-25 14:50:00,10,2,25,14,50,920,62,"1, DEFENSE (ROND POINT D",,,Plein jour,En agglomération,Hors intersection,Pluie légère,Deux véhicules - arrière,,,,,,,,,,,1,2,1,2.0,2.0
201000049800,0010-03-09 13:50:00,10,3,9,13,50,920,26,DEFENSE (ROND POINT DE L,,,Plein jour,En agglomération,Intersection en T,Normale,Sans collision,,,,,,,,,,,1,2,3,1.0,7.0
201000049801,0010-03-27 05:20:00,10,3,27,5,20,920,26,BOULEVARD CIRCULAIRE,,,Nuit avec éclairage allumé,En agglomération,Intersection en X,Pluie légère,Autre collision,,,,,,,,,,,5,2,2,2.0,6.0
201000049802,0010-04-06 10:30:00,10,4,6,10,30,920,62,BOULEVARD CIRCULAIRE,,,Plein jour,En agglomération,Hors intersection,Normale,Deux véhicules - arrière,,,,,,,,,,,1,2,1,1.0,2.0
201000049803,0010-04-19 19:40:00,10,4,19,19,40,920,62,GENERAL DE GAULLE (AVENU,,,Plein jour,En agglomération,Intersection en X,Normale,Sans collision,,,,,,,,,,,1,2,2,1.0,7.0
201000049804,0010-05-12 05:15:00,10,5,12,5,15,920,26,BOULEVARD CIRCULAIRE,,,Nuit avec éclairage allumé,Hors agglomération,Hors intersection,Normale,Sans collision,,,,,,,,,,,5,1,1,1.0,7.0
201000049805,0010-05-14 12:00:00,10,5,14,12,0,920,26,BOULEVARD CIRCULAIRE,,,Plein jour,En agglomération,Intersection en T,Normale,Deux véhicules - côté,,,,,,,,,,,1,2,3,1.0,3.0
201000049806,0010-05-29 05:10:00,10,5,29,5,10,920,62,"1, BLD KUPKA",,,Nuit avec éclairage allumé,En agglomération,Hors intersection,Normale,Sans collision,,,,,,,,,,,5,2,1,1.0,7.0
201000049807,0010-06-04 06:40:00,10,6,4,6,40,920,62,"1, PERRONET NORD ET SUD",,,Plein jour,En agglomération,Hors intersection,Normale,Sans collision,,,,,,,,,,,1,2,1,1.0,7.0
201000049808,0010-06-11 18:50:00,10,6,11,18,50,920,62,"40, GENERAL DE GAULLE (A",,,Plein jour,En agglomération,Intersection en X,Normale,Deux véhicules - côté,,,,,,,,,,,1,2,2,1.0,3.0
201000049809,0010-06-16 18:00:00,10,6,16,18,0,920,26,"1, DIVISION LECLERC (AVE",,,Plein jour,En agglomération,Intersection en Y,Normale,Trois véhicules et plus - en chaîne,,,,,,,,,,,1,2,4,1.0,4.0
201000049810,0010-07-09 18:40:00,10,7,9,18,40,920,62,Rue AMBROISE PARE,,,Plein jour,En agglomération,Intersection en X,Normale,Deux véhicules - côté,,,,,,,,,,,1,2,2,1.0,3.0
201000049811,0010-07-21 18:00:00,10,7,21,18,0,920,62,Rue AMBROISE PARE,,,Plein jour,En agglomération,Hors intersection,Normale,Sans collision,,,,,,,,,,,1,2,1,1.0,7.0
201000049812,0010-07-23 18:30:00,10,7,23,18,30,920,26,"2-4, BOULEVARD DE NEUILL",,,Plein jour,En agglomération,Autre intersection,Normale,Sans collision,,,,,,,,,,,1,2,9,1.0,7.0
201000049813,0010-07-04 20:15:00,10,7,4,20,15,920,62,JULES FERRY (RUE),,,Plein jour,En agglomération,Hors intersection,Normale,Sans collision,,,,,,,,,,,1,2,1,1.0,7.0
201000049814,0010-08-24 12:30:00,10,8,24,12,30,920,26,avenue de l'arche,,,Plein jour,En agglomération,Hors intersection,Temps couvert,Sans collision,,,,,,,,,,,1,2,1,8.0,7.0
201000049815,0010-09-08 19:00:00,10,9,8,19,0,920,62,"12, GENERAL DE GAULLE (A",,,Crépuscule ou aube,En agglomération,Hors intersection,Pluie forte,Deux véhicules - arrière,,,,,,,,,,,2,2,1,3.0,2.0
201000049816,0010-09-10 19:00:00,10,9,10,19,0,920,62,BOULEVARD CIRCULAIRE,,,Plein jour,En agglomération,Intersection en Y,Normale,Deux véhicules - côté,,,,,,,,,,,1,2,4,1.0,3.0
201000049817,0010-09-15 09:00:00,10,9,15,9,0,920,26,", BOULEVARD DE NEUILLY",,,Plein jour,En agglomération,Hors intersection,Pluie légère,Autre collision,,,,,,,,,,,1,2,1,2.0,6.0
201000049818,0010-10-20 08:30:00,10,10,20,8,30,920,62,43 AV DU GRAL DE GAULLE,,,Plein jour,En agglomération,Hors intersection,Normale,Autre collision,,,,,,,,,,,1,2,1,1.0,6.0
201000049819,0010-09-20 06:15:00,10,9,20,6,15,920,26,"01, BOULEVARD CIRCULAIRE",,,Nuit sans éclairage public,En agglomération,Intersection à plus de 4 branches,Normale,Autre collision,,,,,,,,,,,3,2,5,1.0,6.0
201000049820,0010-11-12 20:31:00,10,11,12,20,31,920,26,VALMY (PARKINGS),,,Nuit avec éclairage allumé,En agglomération,Hors intersection,Pluie forte,Sans collision,,,,,,,,,,,5,2,1,3.0,7.0
201000049821,0010-10-02 09:00:00,10,10,2,9,0,920,26,BD DE NEUILLY,,,Plein jour,En agglomération,Hors intersection,Pluie légère,Deux véhicules - arrière,,,,,,,,,,,1,2,1,2.0,2.0