accident_id,datetime,annee,mois,jour,heure,minute,departement,commune_insee,adresse,latitude,longitude,luminosite,agglomeration,intersection,meteo,collision,nb_vehicules,nb_usagers,nb_indemnes,nb_tues,nb_blesses_hosp,nb_blesses_legers,age_cond_1,age_cond_2,veh_type_cond_1,veh_type_cond_2,lum_code,agg_code,int_code,atm_code,col_code
201000049822,0010-11-23 09:30:00,10,11,23,9,30,920,62,"1, BD PIERRE GAUDIN",,,Plein jour,En agglomération,Hors intersection,Normale,Deux véhicules - arrière,,,,,,,,,,,1,2,1,1.0,2.0
201000049823,0010-12-20 06:15:00,10,12,20,6,15,920,26,BD NEUILLY/VOI BATISSEUR,,,Crépuscule ou aube,En agglomération,Intersection en Y,Neige / grêle,Deux véhicules - côté,,,,,,,,,,,2,2,4,4.0,3.0
201000049824,0010-01-01 17:40:00,10,1,1,17,40,930,1,"251, JEAN JAURES (AVE)",48.9171,2.40669,Nuit avec éclairage allumé,En agglomération,Hors intersection,Normale,Autre collision,,,,,,,,,,,5,2,1,1.0,6.0
201000049825,0010-01-06 14:00:00,10,1,6,14,0,930,1,"193, VICTOR HUGO",48.9141,2.38078,Plein jour,En agglomération,Hors intersection,Normale,Autre collision,,,,,,,,,,,1,2,1,1.0,6.0
201000049826,0010-01-11 00:30:00,10,1,11,0,30,930,1,AV JEAN JAURES215 =>,48.9166,2.40613,Nuit avec éclairage allumé,En agglomération,Intersection en T,Temps couvert,Deux véhicules - côté,,,,,,,,,,,5,2,3,8.0,3.0
201000049827,0010-01-11 16:35:00,10,1,11,16,35,930,1,"50, DANIELLE CASANOVA",48.9185,2.39277,Plein jour,En agglomération,Hors intersection,Autre,Autre collision,,,,,,,,,,,1,2,1,9.0,6.0
201000049828,0010-01-13 07:00:00,10,1,13,7,0,930,1,"131, JEAN JAURES",48.9076,2.39629,Nuit avec éclairage allumé,En agglomération,Intersection en T,Neige / grêle,Autre collision,,,,,,,,,,,5,2,3,4.0,6.0
201000049829,0010-01-13 11:57:00,10,1,13,11,57,930,1,"168, VICTOR HUGO",48.9138,2.38065,Plein jour,En agglomération,Hors intersection,Temps couvert,Autre collision,,,,,,,,,,,1,2,1,8.0,6.0
201000049830,0010-01-13 21:00:00,10,1,13,21,0,930,1,"5, JEAN JAURES",48.9012,2.38935,Nuit avec éclairage allumé,En agglomération,Passage à niveau,Normale,Autre collision,,,,,,,,,,,5,2,8,1.0,6.0
201000049831,0010-01-14 12:35:00,10,1,14,12,35,930,1,"85, REPUBLIQUE",48.9071,2.38862,Plein jour,En agglomération,Hors intersection,Normale,Autre collision,,,,,,,,,,,1,2,1,1.0,6.0
201000049832,0010-01-19 11:15:00,10,1,19,11,15,930,1,"148, VICTOR HUGO",48.9124,2.37996,Plein jour,En agglomération,Hors intersection,Temps couvert,Deux véhicules - côté,,,,,,,,,,,1,2,1,8.0,3.0
201000049833,0010-01-20 18:20:00,10,1,20,18,20,930,1,JAURES / DUBOIS,48.9135,2.4028,Nuit avec éclairage allumé,En agglomération,Intersection en T,Pluie légère,Deux véhicules - côté,,,,,,,,,,,5,2,3,2.0,3.0
201000049834,0010-01-23 20:25:00,10,1,23,20,25,930,1,100 R DU PONT BLANC,48.9198,2.39371,Nuit avec éclairage allumé,En agglomération,Hors intersection,Normale,Trois véhicules et plus - collisions multiples,,,,,,,,,,,5,2,1,1.0,5.0
201000049835,0010-01-29 00:45:00,10,1,29,0,45,930,1,FELIX FAURE / SADI CARNO,48.9085,2.37822,Nuit avec éclairage allumé,En agglomération,Intersection en X,Pluie légère,Deux véhicules - frontale,,,,,,,,,,,5,2,2,2.0,1.0
201000049836,0010-01-31 20:40:00,10,1,31,20,40,930,1,JEAN JAURES,48.9037,2.39204,Nuit avec éclairage allumé,En agglomération,Hors intersection,Normale,Deux véhicules - arrière,,,,,,,,,,,5,2,1,1.0,2.0
201000049837,0010-02-01 14:05:00,10,2,1,14,5,930,1,142 R HENRI BARBUSSE,48.9122,2.39133,Plein jour,En agglomération,Hors intersection,Normale,Sans collision,,,,,,,,,,,1,2,1,1.0,7.0
201000049838,0010-02-02 09:40:00,10,2,2,9,40,930,1,59 AV VICTOR HUGO,48.9036,2.37225,Plein jour,En agglomération,Hors intersection,Temps couvert,Autre collision,,,,,,,,,,,1,2,1,8.0,6.0
201000049839,0010-02-13 13:25:00,10,2,13,13,25,930,1,99 AV DE LA REPUBLIQUE,48.9053,2.39038,Plein jour,En agglomération,Hors intersection,Temps couvert,Autre collision,,,,,,,,,,,1,2,1,8.0,6.0
201000049840,0010-02-14 00:15:00,10,2,14,0,15,930,1,SAINT-DENIS / HEURTAULT,48.9192,2.37818,Nuit avec éclairage allumé,En agglomération,Intersection en X,Normale,Deux véhicules - frontale,,,,,,,,,,,5,2,2,1.0,1.0
201000049841,0010-02-16 09:30:00,10,2,16,9,30,930,1,"183, JEAN JAURES  (AVE)",48.9123,2.37472,Plein jour,En agglomération,Intersection en Y,Normale,Sans collision,,,,,,,,,,,1,2,4,1.0,7.0
201000049842,0010-02-21 18:45:00,10,2,21,18,45,930,1,JAURES / RECHOSSIERE,48.9114,2.40042,Nuit avec éclairage allumé,En agglomération,Intersection en X,Normale,Sans collision,,,,,,,,,,,5,2,2,1.0,7.0
201000049843,0010-02-21 14:55:00,10,2,21,14,55,930,1,122 AV VICTOR HUGO,48.9115,2.37949,Plein jour,En agglomération,Hors intersection,Normale,Autre collision,,,,,,,,,,,1,2,1,1.0,6.0
201000049844,0010-02-23 10:50:00,10,2,23,10,50,930,1,BLANC / JARRY,48.9218,2.39452,Plein jour,En agglomération,Intersection en T,Pluie légère,Sans collision,,,,,,,,,,,1,2,3,2.0,7.0
201000049845,0010-02-26 11:05:00,10,2,26,11,5,930,1,77 R HENRI BARBUSSE,48.9075,2.39015,Plein jour,En agglomération,Hors intersection,Normale,Autre collision,,,,,,,,,,,1,2,1,1.0,6.0
201000049846,0010-03-05 09:50:00,10,3,5,9,50,930,1,REPUBLIQUE 84,48.9079,2.38793,Plein jour,En agglomération,Hors intersection,Normale,Autre collision,,,,,,,,,,,1,2,1,1.0,6.0
201000049847,0010-03-05 14:45:00,10,3,5,14,45,930,1,LUCIEN LEFRANC,48.9126,2.37295,Plein jour,En agglomération,Hors intersection,Normale,Deux véhicules - côté,,,,,,,,,,,1,2,1,1.0,3.0
201000049848,0010-03-11 15:10:00,10,3,11,15,10,930,1,VICTOR HUGO N° 129,48.9063,2.37536,Plein jour,En agglomération,Hors intersection,Normale,Deux véhicules - côté,,,,,,,,,,,1,2,1,1.0,3.0
201000049849,0010-03-12 14:10:00,10,3,12,14,10,930,1,111 AV DE LA REPUBLIQUE,48.9042,2.39155,Plein jour,En agglomération,Hors intersection,Normale,Autre collision,,,,,,,,,,,1,2,1,1.0,6.0
201000049850,0010-03-12 17:40:00,10,3,12,17,40,930,1,CASANOVA/CREVECOEUR,48.9191,2.38718,Plein jour,En agglomération,Intersection à plus de 4 branches,Normale,Deux véhicules - frontale,,,,,,,,,,,1,2,5,1.0,1.0
201000049851,0010-03-15 14:10:00,10,3,15,14,10,930,1,VILLEBOIS-MAREUIL,48.9123,2.37472,Plein jour,En agglomération,Intersection en T,Normale,Deux véhicules - arrière,,,,,,,,,,,1,2,3,1.0,2.0
201000049852,0010-03-16 15:00:00,10,3,16,15,0,930,1,COMMUNE DE PARIS,48.9118,2.38086,Plein jour,En agglomération,Hors intersection,Normale,Sans collision,,,,,,,,,,,1,2,1,1.0,7.0
201000049853,0010-03-17 01:00:00,10,3,17,1,0,930,1,HEURTAULT,48.918,2.37756,Nuit avec éclairage allumé,En agglomération,Intersection en T,Normale,Deux véhicules - côté,,,,,,,,,,,5,2,3,1.0,3.0
201000049854,0010-03-17 13:20:00,10,3,17,13,20,930,1,JEAN JAURES 174,48.9115,2.40056,Plein jour,En agglomération,Hors intersection,Normale,Sans collision,,,,,,,,,,,1,2,1,1.0,7.0
201000049855,0010-03-20 11:45:00,10,3,20,11,45,930,1,VICTOR HUGO N° 167,48.9133,2.38042,Plein jour,En agglomération,Hors intersection,Pluie légère,Autre collision,,,,,,,,,,,1,2,1,2.0,6.0
201000049856,0010-03-24 19:00:00,10,3,24,19,0,930,1,"150, HENRI BARBUSSE",48.9124,2.39133,Plein jour,En agglomération,Hors intersection,Normale,Deux véhicules - arrière,,,,,,,,,,,1,2,1,1.0,2.0
201000049857,0010-03-26 09:10:00,10,3,26,9,10,930,1,"04, ANATOLE FRANCE (BLD)",48.9151,2.38131,Plein jour,En agglomération,Hors intersection,Normale,Autre collision,,,,,,,,,,,1,2,1,1.0,6.0
201000049858,0010-03-26 17:05:00,10,3,26,17,5,930,1,REPUBLIQUE N° 130,48.9048,2.39095,Plein jour,En agglomération,Hors intersection,Normale,Autre collision,,,,,,,,,,,1,2,1,1.0,6.0
201000049859,0010-04-03 13:40:00,10,4,3,13,40,930,1,MOUTIER N°19,48.9149,2.38102,Plein jour,En agglomération,Hors intersection,Pluie légère,Autre collision,,,,,,,,,,,1,2,1,2.0,6.0
201000049860,0010-04-08 14:30:00,10,4,8,14,30,930,1,ROOSEVELT/ANATOLE FRANC,48.9148,2.38121,Plein jour,En agglomération,Intersection à plus de 4 branches,Normale,Autre collision,,,,,,,,,,,1,2,5,1.0,6.0
201000049861,0010-04-10 18:50:00,10,4,10,18,50,930,1,VICTOR HUGO/HAIE COQ,48.9034,2.37208,Plein jour,En agglomération,Intersection en Y,Normale,Deux véhicules - côté,,,,,,,,,,,1,2,4,1.0,3.0
201000049862,0010-04-12 11:50:00,10,4,12,11,50,930,1,31BIS ANATOLE FRANCE,48.9178,2.38216,Plein jour,En agglomération,Hors intersection,Normale,Deux véhicules - arrière,,,,,,,,,,,1,2,1,1.0,2.0
201000049863,0010-04-13 18:30:00,10,4,13,18,30,930,1,"52, SAINT DENIS",48.922,2.37425,Plein jour,En agglomération,Hors intersection,Normale,Autre collision,,,,,,,,,,,1,2,1,1.0,6.0
201000049864,0010-04-14 09:15:00,10,4,14,9,15,930,1,"79, VICTOR HUGO (AVE)  =",48.9051,2.37397,Plein jour,En agglomération,Hors intersection,Temps couvert,Deux véhicules - côté,,,,,,,,,,,1,2,1,8.0,3.0
201000049865,0010-04-14 18:05:00,10,4,14,18,5,930,1,REPUBLIQUE ) 43/106,48.9044,2.39132,Plein jour,En agglomération,Hors intersection,Normale,Autre collision,,,,,,,,,,,1,2,1,1.0,6.0
201000049866,0010-04-17 16:40:00,10,4,17,16,40,930,1,"49, EDOUARD POISSON  (RU",48.9112,2.38049,Plein jour,En agglomération,Intersection en X,Normale,Autre collision,,,,,,,,,,,1,2,2,1.0,6.0
201000049867,0010-04-19 13:57:00,10,4,19,13,57,930,1,"136, REPUBLIQUE",48.9044,2.39132,Plein jour,En agglomération,Hors intersection,Normale,Autre collision,,,,,,,,,,,1,2,1,1.0,6.0
201000049868,0010-04-19 14:40:00,10,4,19,14,40,930,1,"32, FILLETTES",48.9108,2.3659,Plein jour,En agglomération,Hors intersection,Normale,Autre collision,,,,,,,,,,,1,2,1,1.0,6.0
201000049869,0010-04-19 22:10:00,10,4,19,22,10,930,1,"3, FERRAGUS",48.914,2.38143,Nuit avec éclairage allumé,En agglomération,Hors intersection,Normale,Autre collision,,,,,,,,,,,5,2,1,1.0,6.0
201000049870,0010-04-24 19:00:00,10,4,24,19,0,930,1,REPUBLIQUE,48.9079,2.38793,Plein jour,En agglomération,Hors intersection,Normale,Autre collision,,,,,,,,,,,1,2,1,1.0,6.0
201000049871,0010-04-29 13:20:00,10,4,29,13,20,930,1,"03, EDOUARD VAILLANT",48.9184,2.39358,Plein jour,En agglomération,Hors intersection,Normale,Autre collision,,,,,,,,,,,1,2,1,1.0,6.0
201000049872,0010-05-05 20:00:00,10,5,5,20,0,930,1,"134, HENRI BARBUSSE (RUE",48.9108,2.39122,Plein jour,En agglomération,Hors intersection,Normale,Autre collision,,,,,,,,,,,1,2,1,1.0,6.0
201000049873,0010-05-10 07:50:00,10,5,10,7,50,930,1,", GOULET (RUE DU) 26/33",48.9144,2.37856,Plein jour,En agglomération,Intersection en X,Normale,Deux véhicules - côté,,,,,,,,,,,1,2,2,1.0,3.0
201000049874,0010-05-10 13:20:00,10,5,10,13,20,930,1,207 JEAN JAURES,48.9135,2.4028,Plein jour,En agglomération,Intersection en T,Temps couvert,Deux véhicules - arrière,,,,,,,,,,,1,2,3,8.0,2.0
201000049875,0010-05-12 18:00:00,10,5,12,18,0,930,1,VAILLANT/COCHENNEC,48.9183,2.40072,Plein jour,En agglomération,Intersection en T,Normale,Deux véhicules - frontale,,,,,,,,,,,1,2,3,1.0,1.0
201000049876,0010-05-13 16:30:00,10,5,13,16,30,930,1,ADRIEN AGNES / LANDY,48.9153,2.37127,Plein jour,En agglomération,Intersection en X,Normale,Deux véhicules - frontale,,,,,,,,,,,1,2,2,1.0,1.0
201000049877,0010-05-23 23:25:00,10,5,23,23,25,930,1,"35, JEAN JAURES",48.9028,2.391,Nuit avec éclairage allumé,En agglomération,Hors intersection,Normale,Deux véhicules - frontale,,,,,,,,,,,5,2,1,1.0,1.0
201000049878,0010-05-26 00:35:00,10,5,26,0,35,930,1,REPUBLIQUE/BARBUSSE,48.906,2.38974,Nuit avec éclairage allumé,En agglomération,Intersection en X,Pluie légère,Autre collision,,,,,,,,,,,5,2,2,2.0,6.0
201000049879,0010-05-27 10:40:00,10,5,27,10,40,930,1,"17, CHARRON (RUE)",48.9146,2.3853,Plein jour,En agglomération,Hors intersection,Normale,Autre collision,,,,,,,,,,,1,2,1,1.0,6.0
201000049880,0010-05-27 16:30:00,10,5,27,16,30,930,1,"98, FELIX FAURE",48.9065,2.38027,Plein jour,En agglomération,Hors intersection,Pluie légère,Autre collision,,,,,,,,,,,1,2,1,2.0,6.0
201000049881,0010-05-28 16:00:00,10,5,28,16,0,930,1,"30, LEOPOLD RECHOSSIERE",48.9146,2.39095,Plein jour,En agglomération,Hors intersection,Normale,Autre collision,,,,,,,,,,,1,2,1,1.0,6.0
201000049882,0010-05-29 13:15:00,10,5,29,13,15,930,1,"168, VICTOR HUGO (AVE)",48.9138,2.38065,Plein jour,En agglomération,Hors intersection,Normale,Autre collision,,,,,,,,,,,1,2,1,1.0,6.0
201000049883,0010-05-31 17:10:00,10,5,31,17,10,930,1,"17, EDOUARD VAILLANT",48.9184,2.3947,Plein jour,En agglomération,Hors intersection,Normale,Autre collision,,,,,,,,,,,1,2,1,1.0,6.0
201000049884,0010-06-03 16:50:00,10,6,3,16,50,930,1,143 AV VICTOR HUGO,48.9097,2.37859,Plein jour,En agglomération,Hors intersection,Normale,Autre collision,,,,,,,,,,,1,2,1,1.0,6.0
201000049885,0010-06-07 17:20:00,10,6,7,17,20,930,1,SCHAEFFER / ROOSEVELT,48.917,2.37982,Plein jour,En agglomération,Intersection en X,Normale,Deux véhicules - arrière,,,,,,,,,,,1,2,2,1.0,2.0
201000049886,0010-06-09 18:00:00,10,6,9,18,0,930,1,"98, VICTOR HUGO (AVE)  =",48.9071,2.37635,Plein jour,En agglomération,Intersection en X,Pluie forte,Trois véhicules et plus - collisions multiples,,,,,,,,,,,1,2,2,3.0,5.0
201000049887,0010-06-05 11:20:00,10,6,5,11,20,930,1,"178, JEAN JAURES",48.9135,2.40274,Plein jour,En agglomération,Hors intersection,Normale,Deux véhicules - arrière,,,,,,,,,,,1,2,1,1.0,2.0
201000049888,0010-06-16 08:15:00,10,6,16,8,15,930,1,"53, HENRI BARBUSSE (RUE)",48.9051,2.38941,Plein jour,En agglomération,Intersection en X,Normale,Deux véhicules - côté,,,,,,,,,,,1,2,2,1.0,3.0
201000049889,0010-06-17 08:50:00,10,6,17,8,50,930,1,CITES/CARNOT,48.9068,2.38763,Plein jour,En agglomération,Intersection en X,Normale,Deux véhicules - frontale,,,,,,,,,,,1,2,2,1.0,1.0
201000049890,0010-06-17 10:00:00,10,6,17,10,0,930,1,"171, FELIX FAURE (BLD) =",48.9112,2.37561,Plein jour,En agglomération,Hors intersection,Normale,Deux véhicules - frontale,,,,,,,,,,,1,2,1,1.0,1.0
201000049891,0010-06-19 13:45:00,10,6,19,13,45,930,1,"27, ADRIEN AGNES (QUAI)",48.9203,2.36818,Plein jour,En agglomération,Hors intersection,Normale,Deux véhicules - côté,,,,,,,,,,,1,2,1,1.0,3.0
201000049892,0010-06-19 22:30:00,10,6,19,22,30,930,1,"25, JEAN JAURES",48.9023,2.39049,Nuit avec éclairage allumé,En agglomération,Hors intersection,Normale,Sans collision,,,,,,,,,,,5,2,1,1.0,7.0
201000049893,0010-06-21 18:00:00,10,6,21,18,0,930,1,"03, HENRI BARBUSSE",48.9018,2.3884,Plein jour,En agglomération,Hors intersection,Normale,Autre collision,,,,,,,,,,,1,2,1,1.0,6.0
201000049894,0010-06-22 11:32:00,10,6,22,11,32,930,1,"0, LAUTREAMONT (RUE)",48.9219,2.4002,Plein jour,En agglomération,Intersection en X,Normale,Autre collision,,,,,,,,,,,1,2,2,1.0,6.0
201000049895,0010-06-22 19:05:00,10,6,22,19,5,930,1,"45, VICTOR HUGO",48.903,2.37165,Plein jour,En agglomération,Hors intersection,Normale,Deux véhicules - côté,,,,,,,,,,,1,2,1,1.0,3.0
201000049896,0010-06-26 15:15:00,10,6,26,15,15,930,1,VICTOR HUGO 131 A 165,48.9148,2.38121,Plein jour,En agglomération,Intersection à plus de 4 branches,Normale,Autre collision,,,,,,,,,,,1,2,5,1.0,6.0
201000049897,0010-06-28 13:30:00,10,6,28,13,30,930,1,"23, GARDINOUX (RUE DES)",48.9066,2.37008,Plein jour,En agglomération,Hors intersection,Normale,Deux véhicules - côté,,,,,,,,,,,1,2,1,1.0,3.0
201000049898,0010-06-28 21:40:00,10,6,28,21,40,930,1,"22, LANDY (RUE DU) 18 A",48.9153,2.37376,Crépuscule ou aube,En agglomération,Hors intersection,Normale,Sans collision,,,,,,,,,,,2,2,1,1.0,7.0
201000049899,0010-06-29 18:20:00,10,6,29,18,20,930,1,"189, JEAN JAURES  (AVE)",48.9117,2.40076,Plein jour,En agglomération,Hors intersection,Normale,Autre collision,,,,,,,,,,,1,2,1,1.0,6.0
201000049900,0010-06-30 08:45:00,10,6,30,8,45,930,1,"53, HENRI BARBUSSE",48.906,2.38974,Plein jour,En agglomération,Intersection en X,Normale,Autre collision,,,,,,,,,,,1,2,2,1.0,6.0
201000049901,0010-06-30 13:50:00,10,6,30,13,50,930,1,"57, JEAN JAURES",48.9044,2.39278,Plein jour,En agglomération,Hors intersection,Normale,Deux véhicules - côté,,,,,,,,,,,1,2,1,1.0,3.0
201000049902,0010-07-03 16:50:00,10,7,3,16,50,930,1,"57, FELIX FAURE (BLD)  =",,,Plein jour,En agglomération,Hors intersection,Normale,Sans collision,,,,,,,,,,,1,2,1,1.0,7.0
201000049903,0010-07-06 14:10:00,10,7,6,14,10,930,1,"169, DANIELLE CASANOVA (",,,Plein jour,En agglomération,Hors intersection,Normale,Autre collision,,,,,,,,,,,1,2,1,1.0,6.0
201000049904,0010-07-06 17:00:00,10,7,6,17,0,930,1,"178, CITES (RUE DES)  12",,,Plein jour,En agglomération,Hors intersection,Normale,Autre collision,,,,,,,,,,,1,2,1,1.0,6.0
201000049905,0010-07-13 17:50:00,10,7,13,17,50,930,1,"9, MALADRERIE (RUE DE LA",,,Plein jour,En agglomération,Hors intersection,Normale,Autre collision,,,,,,,,,,,1,2,1,1.0,6.0
201000049906,0010-07-20 20:05:00,10,7,20,20,5,930,1,HENRI BARBUSSE (RUE)  11,,,Plein jour,En agglomération,Hors intersection,Normale,Autre collision,,,,,,,,,,,1,2,1,1.0,6.0
201000049907,0010-07-20 21:34:00,10,7,20,21,34,930,1,"144, REPUBLIQUE (AVE DE",,,Plein jour,En agglomération,Hors intersection,Normale,Autre collision,,,,,,,,,,,1,2,1,1.0,6.0
201000049908,0010-07-23 15:40:00,10,7,23,15,40,930,1,"60, REPUBLIQUE (AVE DE L",,,Plein jour,En agglomération,Hors intersection,Pluie légère,Deux véhicules - côté,,,,,,,,,,,1,2,1,2.0,3.0
201000049909,0010-07-25 18:15:00,10,7,25,18,15,930,1,"2, ANDRE KARMAN (RUE)  1",41.23455,3.45699,Plein jour,En agglomération,Intersection en T,Autre,Deux véhicules - arrière,,,,,,,,,,,1,2,3,9.0,2.0
201000049910,0010-07-25 22:05:00,10,7,25,22,5,930,1,HUIT-MAI-1945 (PLACE DU),,,Nuit avec éclairage allumé,En agglomération,Place,Normale,Deux véhicules - côté,,,,,,,,,,,5,2,7,1.0,3.0
201000049911,0010-07-26 18:10:00,10,7,26,18,10,930,1,VALMY (RUE DE),,,Plein jour,En agglomération,Hors intersection,Temps couvert,Deux véhicules - arrière,,,,,,,,,,,1,2,1,8.0,2.0
201000049912,0010-07-31 19:19:00,10,7,31,19,19,930,1,"0, ADRIEN AGNES (SQUARE)",,,Plein jour,En agglomération,Intersection en T,Normale,Deux véhicules - frontale,,,,,,,,,,,1,2,3,1.0,1.0
201000049913,0010-08-02 18:25:00,10,8,2,18,25,930,1,"187, JEAN JAURES  (AVE)",,,Plein jour,En agglomération,Hors intersection,Pluie légère,Deux véhicules - côté,,,,,,,,,,,1,2,1,2.0,3.0
201000049914,0010-08-12 18:30:00,10,8,12,18,30,930,1,"187, JEAN JAURES (AVE)",,,Plein jour,En agglomération,Intersection en T,Normale,Deux véhicules - côté,,,,,,,,,,,1,2,3,1.0,3.0
201000049915,0010-08-12 22:30:00,10,8,12,22,30,930,1,"1, REPUBLIQUE (AVE DE LA",,,Nuit avec éclairage allumé,En agglomération,Intersection en T,Normale,Autre collision,,,,,,,,,,,5,2,3,1.0,6.0
201000049916,0010-08-20 18:45:00,10,8,20,18,45,930,1,"0, PORT (RUE DU)  (PAIR)",,,Plein jour,En agglomération,Intersection en X,Normale,Deux véhicules - côté,,,,,,,,,,,1,2,2,1.0,3.0
201000049917,0010-08-30 12:00:00,10,8,30,12,0,930,1,"42, FELIX FAURE (BLD) =>",,,Plein jour,En agglomération,Hors intersection,Normale,Deux véhicules - côté,,,,,,,,,,,1,2,1,1.0,3.0
201000049918,0010-08-30 16:30:00,10,8,30,16,30,930,1,"36, MOTTE (RUE DE LA)",,,Plein jour,En agglomération,Hors intersection,Normale,Deux véhicules - côté,,,,,,,,,,,1,2,1,1.0,3.0
201000049919,0010-09-02 16:30:00,10,9,2,16,30,930,1,"92, VICTOR HUGO (AVE)  =",,,Plein jour,En agglomération,Hors intersection,Normale,Autre collision,,,,,,,,,,,1,2,1,1.0,6.0
201000049920,0010-09-03 12:50:00,10,9,3,12,50,930,1,LANDY (PONT DU),,,Plein jour,En agglomération,Intersection en X,Normale,Deux véhicules - côté,,,,,,,,,,,1,2,2,1.0,3.0
201000049921,0010-09-03 15:20:00,10,9,3,15,20,930,1,"187, JEAN JAURES  (AVE)",,,Plein jour,En agglomération,Hors intersection,Normale,Trois véhicules et plus - en chaîne,,,,,,,,,,,1,2,1,1.0,4.0
201000049922,0010-09-08 10:15:00,10,9,8,10,15,930,1,", PONT BLANC.CHARLES TIL",,,Plein jour,En agglomération,Hors intersection,Pluie légère,Deux véhicules - frontale,,,,,,,,,,,1,2,1,2.0,1.0
201000049923,0010-09-15 08:13:00,10,9,15,8,13,930,1,", VICTOR HUGO (AVE)  =>",,,Plein jour,En agglomération,Intersection en T,Pluie légère,Trois véhicules et plus - collisions multiples,,,,,,,,,,,1,2,3,2.0,5.0
201000049924,0010-09-16 16:24:00,10,9,16,16,24,930,1,"172, JEAN JAURES  (AVE)",,,Plein jour,En agglomération,Hors intersection,Normale,Deux véhicules - côté,,,,,,,,,,,1,2,1,1.0,3.0
201000049925,0010-09-16 20:45:00,10,9,16,20,45,930,1,", GOULET (RUE DU) 26/33",,,Nuit avec éclairage allumé,En agglomération,Intersection en X,Normale,Deux véhicules - côté,,,,,,,,,,,5,2,2,1.0,3.0
201000049926,0010-09-18 14:00:00,10,9,18,14,0,930,1,"176, JEAN JAURES  (AVE)",,,Plein jour,En agglomération,Intersection en X,Normale,Deux véhicules - côté,,,,,,,,,,,1,2,2,1.0,3.0
201000049927,0010-09-19 15:33:00,10,9,19,15,33,930,1,"43, EDOUARD POISSON  (RU",,,Plein jour,En agglomération,Hors intersection,Normale,Deux véhicules - côté,,,,,,,,,,,1,2,1,1.0,3.0
201000049928,0010-09-20 12:20:00,10,9,20,12,20,930,1,"39, REPUBLIQUE (AVE DE L",,,Plein jour,En agglomération,Hors intersection,Normale,Autre collision,,,,,,,,,,,1,2,1,1.0,6.0
201000049929,0010-09-20 18:15:00,10,9,20,18,15,930,1,"18, REPUBLIQUE (AVE DE L",,,Plein jour,En agglomération,Hors intersection,Normale,Deux véhicules - arrière,,,,,,,,,,,1,2,1,1.0,2.0
201000049930,0010-09-21 12:20:00,10,9,21,12,20,930,1,JEAN JAURES  (AVE)  157,,,Plein jour,En agglomération,Hors intersection,Normale,Deux véhicules - frontale,,,,,,,,,,,1,2,1,1.0,1.0
201000049931,0010-09-21 16:05:00,10,9,21,16,5,930,1,", EDOUARD VAILLANT (BLD)",,,Plein jour,En agglomération,Intersection en T,Normale,Autre collision,,,,,,,,,,,1,2,3,1.0,6.0
201000049932,0010-09-23 07:50:00,10,9,23,7,50,930,1,"24, ADRIEN AGNES (QUAI)",,,Plein jour,En agglomération,Hors intersection,Normale,Deux véhicules - côté,,,,,,,,,,,1,2,1,1.0,3.0
201000049933,0010-09-24 11:50:00,10,9,24,11,50,930,1,"156, DANIELLE CASANOVA (",,,Plein jour,En agglomération,Hors intersection,Normale,Deux véhicules - côté,,,,,,,,,,,1,2,1,1.0,3.0
201000049934,0010-09-24 17:20:00,10,9,24,17,20,930,1,"24, ANDRE KARMAN (RUE)",,,Plein jour,En agglomération,Hors intersection,Pluie légère,Autre collision,,,,,,,,,,,1,2,1,2.0,6.0
201000049935,0010-09-24 18:16:00,10,9,24,18,16,930,1,REPUBLIQUE (AVE DE LA ),,,Plein jour,En agglomération,Hors intersection,Pluie légère,Autre collision,,,,,,,,,,,1,2,1,2.0,6.0
201000049936,0010-09-27 08:00:00,10,9,27,8,0,930,1,"132, DANIELLE CASANOVA (",,,Crépuscule ou aube,En agglomération,Hors intersection,Normale,Autre collision,,,,,,,,,,,2,2,1,1.0,6.0
201000049937,0010-09-28 06:25:00,10,9,28,6,25,930,1,ANDRE KARMAN (RUE)  => 1,,,Nuit avec éclairage allumé,En agglomération,Intersection en X,Normale,Deux véhicules - côté,,,,,,,,,,,5,2,2,1.0,3.0
201000049938,0010-09-28 08:25:00,10,9,28,8,25,930,1,"0, REPUBLIQUE (AVE DE LA",,,Plein jour,En agglomération,Intersection en X,Normale,Deux véhicules - arrière,,,,,,,,,,,1,2,2,1.0,2.0
201000049939,0010-09-29 12:50:00,10,9,29,12,50,930,1,FILLETTES (RUE DES),,,Plein jour,En agglomération,Intersection en X,Normale,Deux véhicules - côté,,,,,,,,,,,1,2,2,1.0,3.0
201000049940,0010-10-02 00:30:00,10,10,2,0,30,930,1,", CREVECOEUR  (RUE)  32",,,Nuit avec éclairage allumé,En agglomération,Intersection en X,Pluie forte,Deux véhicules - côté,,,,,,,,,,,5,2,2,3.0,3.0
201000049941,0010-10-02 08:40:00,10,10,2,8,40,930,1,"95, VICTOR HUGO (AVE)  =",,,Plein jour,Hors agglomération,Hors intersection,Pluie légère,Autre collision,,,,,,,,,,,1,1,1,2.0,6.0
201000049942,0010-10-04 07:20:00,10,10,4,7,20,930,1,VICTOR HUGO (AVE)  => 12,,,Crépuscule ou aube,En agglomération,Giratoire,Pluie légère,Deux véhicules - frontale,,,,,,,,,,,2,2,6,2.0,1.0
201000049943,0010-10-05 14:05:00,10,10,5,14,5,930,1,"3 Bis, FERRAGUS (RUE)  =",,,Plein jour,En agglomération,Hors intersection,Temps couvert,Autre collision,,,,,,,,,,,1,2,1,8.0,6.0
201000049944,0010-10-10 13:04:00,10,10,10,13,4,930,1,"25, POSTES (RUE DES)",,,Plein jour,En agglomération,Hors intersection,Normale,Autre collision,,,,,,,,,,,1,2,1,1.0,6.0