accident_id,datetime,annee,mois,jour,heure,minute,departement,commune_insee,adresse,latitude,longitude,luminosite,agglomeration,intersection,meteo,collision,nb_vehicules,nb_usagers,nb_indemnes,nb_tues,nb_blesses_hosp,nb_blesses_legers,age_cond_1,age_cond_2,veh_type_cond_1,veh_type_cond_2,lum_code,agg_code,int_code,atm_code,col_code
201000050068,0010-09-12 16:50:00,10,9,12,16,50,930,5,"4 BIS, QUATRE SEPTEMBRE",,,Plein jour,En agglomération,Hors intersection,Normale,Autre collision,,,,,,,,,,,1,2,1,1.0,6.0
201000050069,0010-09-16 22:30:00,10,9,16,22,30,930,5,"0, GENERAL DE GAULLE (PL",,,Nuit avec éclairage allumé,En agglomération,Giratoire,Normale,Autre collision,,,,,,,,,,,5,2,6,1.0,6.0
201000050070,0010-09-17 07:40:00,10,9,17,7,40,930,5,RAOUL DUFY (AVENUE),,,Plein jour,Hors agglomération,Giratoire,Normale,Deux véhicules - côté,,,,,,,,,,,1,1,6,1.0,3.0
201000050071,0010-09-17 19:50:00,10,9,17,19,50,930,5,PIMODAN (RUE DE),,,Crépuscule ou aube,En agglomération,Intersection en X,Normale,Deux véhicules - côté,,,,,,,,,,,2,2,2,1.0,3.0
201000050072,0010-09-18 16:50:00,10,9,18,16,50,930,5,MITRY [CD115] (RUE DE),,,Plein jour,En agglomération,Intersection en T,Normale,Deux véhicules - arrière,,,,,,,,,,,1,2,3,1.0,2.0
201000050073,0010-09-21 00:55:00,10,9,21,0,55,930,5,"72, MITRY [CD115] (RUE D",,,Nuit avec éclairage allumé,En agglomération,Hors intersection,Normale,Autre collision,,,,,,,,,,,5,2,1,1.0,6.0
201000050074,0010-09-22 21:45:00,10,9,22,21,45,930,5,"NEANT, PAUL CEZANNE (RUE",,,Nuit avec éclairage allumé,En agglomération,Hors intersection,Normale,Deux véhicules - côté,,,,,,,,,,,5,2,1,1.0,3.0
201000050075,0010-09-21 20:35:00,10,9,21,20,35,930,5,ALAIN MIMOUN (RUE),,,Nuit avec éclairage allumé,En agglomération,Hors intersection,Normale,Sans collision,,,,,,,,,,,5,2,1,1.0,7.0
201000050076,0010-09-27 15:45:00,10,9,27,15,45,930,5,"30, JEAN CHARCOT [CD115]",,,Plein jour,En agglomération,Hors intersection,Normale,Autre collision,,,,,,,,,,,1,2,1,1.0,6.0
201000050077,0010-09-28 20:15:00,10,9,28,20,15,930,5,BRUNETIERE (RUE),,,Nuit avec éclairage allumé,En agglomération,Intersection en X,Normale,Deux véhicules - côté,,,,,,,,,,,5,2,2,1.0,3.0
201000050078,0010-10-05 17:40:00,10,10,5,17,40,930,5,SUZANNE LENGLEN (AVENUE),,,Plein jour,En agglomération,Hors intersection,Pluie légère,Trois véhicules et plus - en chaîne,,,,,,,,,,,1,2,1,2.0,4.0
201000050079,0010-10-10 05:00:00,10,10,10,5,0,930,5,WALDECK ROUSSEAU (RUE),,,Nuit avec éclairage non allumé,En agglomération,Intersection en T,Normale,Deux véhicules - côté,,,,,,,,,,,4,2,3,1.0,3.0
201000050080,0010-10-11 10:30:00,10,10,11,10,30,930,5,LOUISE MICHEL (RUE),,,Plein jour,En agglomération,Intersection en T,Normale,Deux véhicules - frontale,,,,,,,,,,,1,2,3,1.0,1.0
201000050081,0010-10-12 20:00:00,10,10,12,20,0,930,5,GASPARD MONGE (RUE),,,Nuit sans éclairage public,En agglomération,Hors intersection,Normale,Deux véhicules - côté,,,,,,,,,,,3,2,1,1.0,3.0
201000050082,0010-10-19 11:00:00,10,10,19,11,0,930,5,"NEANT, ONZE NOVEMBRE (RU",,,Plein jour,En agglomération,Intersection en T,Pluie légère,Autre collision,,,,,,,,,,,1,2,3,2.0,6.0
201000050083,0010-10-21 02:35:00,10,10,21,2,35,930,5,JACQUES DUCLOS [CD44] (R,,,Nuit avec éclairage allumé,En agglomération,Hors intersection,Normale,Autre collision,,,,,,,,,,,5,2,1,1.0,6.0
201000050084,0010-10-22 17:15:00,10,10,22,17,15,930,5,"NEANT, HONORE SOHIER (RU",,,Plein jour,En agglomération,Intersection en T,Normale,Autre collision,,,,,,,,,,,1,2,3,1.0,6.0
201000050085,0010-10-23 02:50:00,10,10,23,2,50,930,5,"autre, PIERRE SEMARD (AV",,,Nuit avec éclairage allumé,En agglomération,Autre intersection,Normale,Autre collision,,,,,,,,,,,5,2,9,1.0,6.0
201000050086,0010-10-23 06:40:00,10,10,23,6,40,930,5,LOUISE MICHEL (RUE),,,Nuit avec éclairage allumé,En agglomération,Hors intersection,Normale,Deux véhicules - côté,,,,,,,,,,,5,2,1,1.0,3.0
201000050087,0010-10-23 16:15:00,10,10,23,16,15,930,5,SAVIGNY (AVENUE DE),,,Plein jour,En agglomération,Intersection en T,Temps couvert,Deux véhicules - côté,,,,,,,,,,,1,2,3,8.0,3.0
201000050088,0010-10-26 19:45:00,10,10,26,19,45,930,5,CHARLES DE GAULLE [CD115,,,Nuit avec éclairage non allumé,En agglomération,Intersection en X,Normale,Deux véhicules - côté,,,,,,,,,,,4,2,2,1.0,3.0
201000050089,0010-10-26 23:30:00,10,10,26,23,30,930,5,PIERRE SEMARD (AVENUE),,,Nuit avec éclairage allumé,En agglomération,Intersection en X,Normale,Deux véhicules - côté,,,,,,,,,,,5,2,2,1.0,3.0
201000050090,0010-11-06 10:40:00,10,11,6,10,40,930,5,PREFET CHALEIL (CD44) (R,,,Plein jour,En agglomération,Intersection en Y,Pluie légère,Deux véhicules - côté,,,,,,,,,,,1,2,4,2.0,3.0
201000050091,0010-11-08 08:35:00,10,11,8,8,35,930,5,STRASBOURG (BOULEVARD DE,,,Crépuscule ou aube,En agglomération,Intersection en T,Temps couvert,Deux véhicules - côté,,,,,,,,,,,2,2,3,8.0,3.0
201000050092,0010-11-11 23:10:00,10,11,11,23,10,930,5,JACQUES DUCLOS [CD44] (R,,,Nuit avec éclairage allumé,En agglomération,Hors intersection,Normale,Autre collision,,,,,,,,,,,5,2,1,1.0,6.0
201000050093,0010-11-11 20:45:00,10,11,11,20,45,930,5,PAUL CEZANNE (RUE),,,Nuit sans éclairage public,Hors agglomération,Hors intersection,Pluie forte,Deux véhicules - arrière,,,,,,,,,,,3,1,1,3.0,2.0
201000050094,0010-11-14 19:10:00,10,11,14,19,10,930,5,GENERAL DE GAULLE (PLACE,,,Nuit avec éclairage allumé,En agglomération,Place,Pluie légère,Autre collision,,,,,,,,,,,5,2,7,2.0,6.0
201000050095,0010-11-16 08:55:00,10,11,16,8,55,930,5,ROISSY EN FRANCE [CR N9],,,Plein jour,En agglomération,Intersection en X,Normale,Deux véhicules - côté,,,,,,,,,,,1,2,2,1.0,3.0
201000050096,0010-11-17 00:01:00,10,11,17,0,1,930,5,"3, JEAN CHARCOT [CD115]",,,Nuit avec éclairage allumé,En agglomération,Autre intersection,Normale,Deux véhicules - frontale,,,,,,,,,,,5,2,9,1.0,1.0
201000050097,0010-11-17 20:00:00,10,11,17,20,0,930,5,"30, JEAN CHARCOT [CD115]",,,Nuit sans éclairage public,En agglomération,Intersection en T,Pluie légère,Deux véhicules - côté,,,,,,,,,,,3,2,3,2.0,3.0
201000050098,0010-11-20 13:10:00,10,11,20,13,10,930,5,GEORGES BRAQUE (BOULEVAR,,,Plein jour,En agglomération,Giratoire,Normale,Autre collision,,,,,,,,,,,1,2,6,1.0,6.0
201000050099,0010-11-20 19:00:00,10,11,20,19,0,930,5,MITRY [CD115] (ROUTE DE),,,Nuit avec éclairage allumé,En agglomération,Intersection en T,Normale,Deux véhicules - arrière,,,,,,,,,,,5,2,3,1.0,2.0
201000050100,0010-11-22 19:55:00,10,11,22,19,55,930,5,MARC CHAGALL (BOULEVARD),,,Nuit avec éclairage allumé,En agglomération,Intersection en X,Normale,Autre collision,,,,,,,,,,,5,2,2,1.0,6.0
201000050101,0010-11-24 11:20:00,10,11,24,11,20,930,5,"60, JULES PRINCET [CD115",,,Plein jour,En agglomération,Autre intersection,Normale,Autre collision,,,,,,,,,,,1,2,9,1.0,6.0
201000050102,0010-11-25 20:40:00,10,11,25,20,40,930,5,ANDRE CITROEN (BOULEVARD,,,Nuit avec éclairage allumé,En agglomération,Hors intersection,Normale,Deux véhicules - frontale,,,,,,,,,,,5,2,1,1.0,1.0
201000050103,0010-11-29 16:20:00,10,11,29,16,20,930,5,"96, BONDY (ROUTE DE)",,,Plein jour,En agglomération,Intersection en T,Temps couvert,Sans collision,,,,,,,,,,,1,2,3,8.0,7.0
201000050104,0010-11-29 21:20:00,10,11,29,21,20,930,5,"1, COLONEL MOLL (RUE DU)",,,Nuit avec éclairage allumé,En agglomération,Intersection en T,Normale,Autre collision,,,,,,,,,,,5,2,3,1.0,6.0
201000050105,0010-12-02 18:00:00,10,12,2,18,0,930,5,"59, PREFET CHALEIL (CD44",,,Nuit avec éclairage allumé,En agglomération,Hors intersection,Autre,Autre collision,,,,,,,,,,,5,2,1,9.0,6.0
201000050106,0010-12-04 19:30:00,10,12,4,19,30,930,5,ANDRE CITROEN (BOULEVARD,,,Nuit avec éclairage allumé,En agglomération,Giratoire,Neige / grêle,Deux véhicules - frontale,,,,,,,,,,,5,2,6,4.0,1.0
201000050107,0010-12-09 19:50:00,10,12,9,19,50,930,5,"63, BONDY (ROUTE DE)",,,Nuit avec éclairage allumé,En agglomération,Hors intersection,Autre,Deux véhicules - côté,,,,,,,,,,,5,2,1,9.0,3.0
201000050108,0010-12-14 17:50:00,10,12,14,17,50,930,5,GARONOR,,,Nuit avec éclairage allumé,Hors agglomération,Hors intersection,Temps couvert,Deux véhicules - arrière,,,,,,,,,,,5,1,1,8.0,2.0
201000050109,0010-12-27 17:45:00,10,12,27,17,45,930,5,"43, AUGUSTE RENOIR (RUE)",,,Crépuscule ou aube,En agglomération,Hors intersection,Normale,Autre collision,,,,,,,,,,,2,2,1,1.0,6.0
201000050110,0010-12-27 18:55:00,10,12,27,18,55,930,5,MAXIMILIEN ROBESPIERRE (,,,Nuit avec éclairage allumé,En agglomération,Hors intersection,Normale,Autre collision,,,,,,,,,,,5,2,1,1.0,6.0
201000050111,0010-12-27 21:30:00,10,12,27,21,30,930,5,ARTHUR CHEVALIER (RUE),,,Nuit avec éclairage allumé,En agglomération,Intersection en X,Normale,Deux véhicules - côté,,,,,,,,,,,5,2,2,1.0,3.0
201000050112,0010-01-01 14:30:00,10,1,1,14,30,930,71,SAVIGNY (CHEMIN DE),48.942,2.5206,Plein jour,En agglomération,Intersection en X,Normale,Autre collision,,,,,,,,,,,1,2,2,1.0,6.0
201000050113,0010-01-02 14:20:00,10,1,2,14,20,930,71,AV HENRI BARBUSSE,48.9296,2.48894,Plein jour,En agglomération,Hors intersection,Normale,Autre collision,,,,,,,,,,,1,2,1,1.0,6.0
201000050114,0010-01-10 03:30:00,10,1,10,3,30,930,71,MARTIN LUTHER KING (AVEN,48.951,2.52946,Nuit avec éclairage allumé,Hors agglomération,Intersection en Y,Neige / grêle,Autre collision,,,,,,,,,,,5,1,4,4.0,6.0
201000050115,0010-01-16 21:20:00,10,1,16,21,20,930,71,"51, LIEGEARD (AVENUE)",48.9271,2.52178,Nuit avec éclairage allumé,En agglomération,Hors intersection,Pluie légère,Autre collision,,,,,,,,,,,5,2,1,2.0,6.0
201000050116,0010-09-08 18:40:00,10,9,8,18,40,930,71,GABRIEL PERI (RUE),,,Plein jour,En agglomération,Intersection en T,Pluie légère,Deux véhicules - côté,,,,,,,,,,,1,2,3,2.0,3.0
201000050117,0010-02-02 13:00:00,10,2,2,13,0,930,71,AV JOHN FITZGERALD KENNE,48.936,2.51515,Plein jour,En agglomération,Intersection en T,Pluie forte,Deux véhicules - côté,,,,,,,,,,,1,2,3,3.0,3.0
201000050118,0010-03-14 23:50:00,10,3,14,23,50,930,71,JOHN F. KENNEDY (AVENUE),48.9462,2.51544,Nuit avec éclairage allumé,En agglomération,Intersection en T,Normale,Autre collision,,,,,,,,,,,5,2,3,1.0,6.0
201000050119,0010-09-05 19:00:00,10,9,5,19,0,930,71,"2, LUCIEN SPORTISS (RUE)",,,Plein jour,En agglomération,Hors intersection,Normale,Deux véhicules - côté,,,,,,,,,,,1,2,1,1.0,3.0
201000050120,0010-11-30 12:00:00,10,11,30,12,0,930,71,BEAUSEVRAN (CCIAL ET PAR,,,Plein jour,En agglomération,Hors intersection,Normale,Autre collision,,,,,,,,,,,1,2,1,1.0,6.0
201000050121,0010-02-17 11:45:00,10,2,17,11,45,930,71,R D'AULNAY,48.9399,2.51665,Plein jour,En agglomération,Hors intersection,Pluie légère,Autre collision,,,,,,,,,,,1,2,1,2.0,6.0
201000050122,0010-04-12 17:55:00,10,4,12,17,55,930,71,DUMONT D'URVILLE,48.936,2.51515,Plein jour,En agglomération,Intersection en X,Normale,Autre collision,,,,,,,,,,,1,2,2,1.0,6.0
201000050123,0010-02-21 13:20:00,10,2,21,13,20,930,71,SALVADOR ALLENDE (AVENUE,,,Plein jour,En agglomération,Hors intersection,Normale,Autre collision,,,,,,,,,,,1,2,1,1.0,6.0
201000050124,0010-09-17 16:25:00,10,9,17,16,25,930,71,DUMONT D'URVILLE (AVENUE,,,Plein jour,En agglomération,Hors intersection,Normale,Autre collision,,,,,,,,,,,1,2,1,1.0,6.0
201000050125,0010-05-12 12:35:00,10,5,12,12,35,930,71,"42, LIVRY (AVENUE DE)",48.9327,2.53734,Plein jour,En agglomération,Hors intersection,Normale,Trois véhicules et plus - en chaîne,,,,,,,,,,,1,2,1,1.0,4.0
201000050126,0010-02-21 16:30:00,10,2,21,16,30,930,71,"32, BRUNO BANCHER (AVENU",,,Plein jour,En agglomération,Hors intersection,Normale,Deux véhicules - côté,,,,,,,,,,,1,2,1,1.0,3.0
201000050127,0010-09-17 19:50:00,10,9,17,19,50,930,71,"88 bis, HOCHE (AVENUE)",,,Crépuscule ou aube,En agglomération,Intersection en X,Normale,Deux véhicules - côté,,,,,,,,,,,2,2,2,1.0,3.0
201000050128,0010-09-18 18:15:00,10,9,18,18,15,930,71,DUMONT D'URVILLE (AVENUE,,,Plein jour,En agglomération,Hors intersection,Normale,Deux véhicules - arrière,,,,,,,,,,,1,2,1,1.0,2.0
201000050129,0010-03-12 08:10:00,10,3,12,8,10,930,71,PEUPLIERS (ALLEE DES),48.9296,2.51538,Plein jour,En agglomération,Hors intersection,Normale,Deux véhicules - frontale,,,,,,,,,,,1,2,1,1.0,1.0
201000050130,0010-09-21 09:05:00,10,9,21,9,5,930,71,AUGUSTE CRETIER (PLACE),,,Plein jour,En agglomération,Hors intersection,Normale,Autre collision,,,,,,,,,,,1,2,1,1.0,6.0
201000050131,0010-03-16 15:40:00,10,3,16,15,40,930,71,AV DU MARCHE,48.9385,2.53361,Plein jour,En agglomération,Hors intersection,Normale,Autre collision,,,,,,,,,,,1,2,1,1.0,6.0
201000050132,0010-03-18 08:25:00,10,3,18,8,25,930,71,"06, STALINGRAD (BOULEVAR",48.9349,2.5324,Plein jour,En agglomération,Hors intersection,Normale,Deux véhicules - côté,,,,,,,,,,,1,2,1,1.0,3.0
201000050133,0010-03-24 12:00:00,10,3,24,12,0,930,71,DUMONT D'URVILLE (AVENUE,48.9453,2.51934,Plein jour,En agglomération,Intersection en T,Normale,Deux véhicules - côté,,,,,,,,,,,1,2,3,1.0,3.0
201000050134,0010-04-01 15:50:00,10,4,1,15,50,930,71,"25, HENRI BARBUSSE (AVEN",,,Plein jour,En agglomération,Intersection en T,Normale,Deux véhicules - côté,,,,,,,,,,,1,2,3,1.0,3.0
201000050135,0010-04-05 17:35:00,10,4,5,17,35,930,71,COMMANDANT CHARCOT (AVEN,48.9361,2.51629,Plein jour,En agglomération,Intersection en T,Normale,Deux véhicules - côté,,,,,,,,,,,1,2,3,1.0,3.0
201000050136,0010-04-06 03:40:00,10,4,6,3,40,930,71,JOHN F. KENNEDY (AVENUE),,,Nuit avec éclairage allumé,En agglomération,Intersection en X,Normale,Deux véhicules - côté,,,,,,,,,,,5,2,2,1.0,3.0
201000050137,0010-04-08 12:40:00,10,4,8,12,40,930,71,COLONEL FABIEN (RUE DU),48.9373,2.52876,Plein jour,En agglomération,Intersection en Y,Normale,Autre collision,,,,,,,,,,,1,2,4,1.0,6.0
201000050138,0010-04-14 09:45:00,10,4,14,9,45,930,71,GABRIEL PERI (RUE),48.944,2.53336,Plein jour,En agglomération,Hors intersection,Pluie légère,Autre collision,,,,,,,,,,,1,2,1,2.0,6.0
201000050139,0010-04-23 15:50:00,10,4,23,15,50,930,71,HENRI BECQUEREL (RUE),48.9448,2.52767,Plein jour,En agglomération,Hors intersection,Normale,Autre collision,,,,,,,,,,,1,2,1,1.0,6.0
201000050140,0010-04-20 21:35:00,10,4,20,21,35,930,71,GARE SEVRAN-BEAUDOTTES,,,Nuit avec éclairage allumé,En agglomération,Hors intersection,Normale,Autre collision,,,,,,,,,,,5,2,1,1.0,6.0
201000050141,0010-05-19 18:50:00,10,5,19,18,50,930,71,PEUPLIERS (ALLEE DES),48.9295,2.51537,Plein jour,En agglomération,Hors intersection,Normale,Autre collision,,,,,,,,,,,1,2,1,1.0,6.0
201000050142,0010-04-24 09:40:00,10,4,24,9,40,930,71,AULNAY (RUE D'),,,Plein jour,En agglomération,Intersection en T,Normale,Deux véhicules - arrière,,,,,,,,,,,1,2,3,1.0,2.0
201000050143,0010-05-20 16:45:00,10,5,20,16,45,930,71,AV JOHN FITZGERALD KENNE,48.9389,2.51282,Plein jour,En agglomération,Hors intersection,Normale,Deux véhicules - arrière,,,,,,,,,,,1,2,1,1.0,2.0
201000050144,0010-05-22 16:00:00,10,5,22,16,0,930,71,"09, BOUGAINVILLE (ALLEE)",48.9467,2.51803,Plein jour,En agglomération,Hors intersection,Normale,Autre collision,,,,,,,,,,,1,2,1,1.0,6.0
201000050145,0010-06-09 15:05:00,10,6,9,15,5,930,71,PAUL BERT (RUE),48.9433,2.5248,Plein jour,En agglomération,Intersection en X,Pluie légère,Deux véhicules - côté,,,,,,,,,,,1,2,2,2.0,3.0
201000050146,0010-06-13 23:45:00,10,6,13,23,45,930,71,JOHN F. KENNEDY (AVENUE),48.936,2.51515,Nuit avec éclairage allumé,En agglomération,Intersection en Y,Normale,Deux véhicules - côté,,,,,,,,,,,5,2,4,1.0,3.0
201000050147,0010-06-22 17:20:00,10,6,22,17,20,930,71,AV DU COMMANDANT CHARCOT,48.9352,2.51838,Plein jour,En agglomération,Hors intersection,Normale,Autre collision,,,,,,,,,,,1,2,1,1.0,6.0
201000050148,0010-06-25 18:50:00,10,6,25,18,50,930,71,STALINGRAD (BOULEVARD DE,48.9337,2.52784,Plein jour,En agglomération,Hors intersection,Normale,Autre collision,,,,,,,,,,,1,2,1,1.0,6.0
201000050149,0010-06-26 16:45:00,10,6,26,16,45,930,71,WESTINGHOUSE (BOULEVARD),48.9275,2.51892,Plein jour,En agglomération,Intersection en X,Normale,Deux véhicules - côté,,,,,,,,,,,1,2,2,1.0,3.0
201000050150,0010-07-03 14:45:00,10,7,3,14,45,930,71,GARENNE DE FONTENOY (AVE,,,Plein jour,En agglomération,Hors intersection,Temps couvert,Autre collision,,,,,,,,,,,1,2,1,8.0,6.0
201000050151,0010-07-30 14:40:00,10,7,30,14,40,930,71,COMMANDANT CHARCOT (AVEN,,,Plein jour,En agglomération,Hors intersection,Normale,Deux véhicules - côté,,,,,,,,,,,1,2,1,1.0,3.0
201000050152,0010-08-07 21:50:00,10,8,7,21,50,930,71,BIR HAKEIM (ALLEE DE),,,Nuit avec éclairage allumé,En agglomération,Intersection en T,Pluie légère,Deux véhicules - côté,,,,,,,,,,,5,2,3,2.0,3.0
201000050153,0010-08-13 21:20:00,10,8,13,21,20,930,71,MARTIN LUTHER KING (AVEN,,,Nuit avec éclairage allumé,En agglomération,Passage à niveau,Normale,Deux véhicules - arrière,,,,,,,,,,,5,2,8,1.0,2.0
201000050154,0010-08-14 14:15:00,10,8,14,14,15,930,71,ESTIENNE D'ORVES (RUE D',,,Plein jour,En agglomération,Hors intersection,Normale,Autre collision,,,,,,,,,,,1,2,1,1.0,6.0
201000050155,0010-08-18 17:25:00,10,8,18,17,25,930,71,CANAL (ALLEE DU),,,Plein jour,En agglomération,Hors intersection,Normale,Autre collision,,,,,,,,,,,1,2,1,1.0,6.0
201000050156,0010-10-04 16:50:00,10,10,4,16,50,930,71,"3, COROT (ALLEE)",,,Plein jour,En agglomération,Hors intersection,Normale,Autre collision,,,,,,,,,,,1,2,1,1.0,6.0
201000050157,0010-10-04 18:05:00,10,10,4,18,5,930,71,GABRIEL PERI (RUE),,,Plein jour,En agglomération,Hors intersection,Normale,Deux véhicules - arrière,,,,,,,,,,,1,2,1,1.0,2.0
201000050158,0010-10-08 08:20:00,10,10,8,8,20,930,71,LIEGEARD (AVENUE),,,Plein jour,En agglomération,Intersection en X,Normale,Deux véhicules - frontale,,,,,,,,,,,1,2,2,1.0,1.0
201000050159,0010-10-16 18:00:00,10,10,16,18,0,930,71,DUMONT D'URVILLE (AVENUE,,,Crépuscule ou aube,En agglomération,Intersection en T,Normale,Deux véhicules - côté,,,,,,,,,,,2,2,3,1.0,3.0
201000050160,0010-11-16 18:10:00,10,11,16,18,10,930,71,"30, GABRIEL PERI (RUE)",,,Crépuscule ou aube,En agglomération,Hors intersection,Normale,Autre collision,,,,,,,,,,,2,2,1,1.0,6.0
201000050161,0010-11-17 16:10:00,10,11,17,16,10,930,71,"22, LUCIEN SPORTISS (RUE",,,Plein jour,En agglomération,Hors intersection,Normale,Autre collision,,,,,,,,,,,1,2,1,1.0,6.0
201000050162,0010-11-18 17:55:00,10,11,18,17,55,930,71,GABRIEL PERI (RUE),,,Nuit avec éclairage allumé,En agglomération,Intersection en T,Normale,Autre collision,,,,,,,,,,,5,2,3,1.0,6.0
201000050163,0010-11-22 18:40:00,10,11,22,18,40,930,71,AUGUSTE CRETIER (RUE),,,Nuit avec éclairage allumé,En agglomération,Intersection en X,Temps couvert,Autre collision,,,,,,,,,,,5,2,2,8.0,6.0
201000050164,0010-11-23 08:35:00,10,11,23,8,35,930,71,MARAIS  (RUE DES),,,Plein jour,En agglomération,Hors intersection,Normale,Autre collision,,,,,,,,,,,1,2,1,1.0,6.0
201000050165,0010-11-23 18:00:00,10,11,23,18,0,930,71,DUMONT D'URVILLE (AVENUE,,,Nuit avec éclairage allumé,En agglomération,Hors intersection,Normale,Autre collision,,,,,,,,,,,5,2,1,1.0,6.0
201000050166,0010-11-23 18:45:00,10,11,23,18,45,930,71,JOHN F. KENNEDY (AVENUE),,,Nuit avec éclairage allumé,En agglomération,Intersection à plus de 4 branches,Normale,Deux véhicules - frontale,,,,,,,,,,,5,2,5,1.0,1.0
201000050167,0010-11-30 16:10:00,10,11,30,16,10,930,71,GABRIEL PERI (RUE),,,Plein jour,En agglomération,Intersection en T,Normale,Deux véhicules - côté,,,,,,,,,,,1,2,3,1.0,3.0
201000050168,0010-12-01 12:48:00,10,12,1,12,48,930,71,"02, RONSARD (IMPASSE)",,,Plein jour,En agglomération,Hors intersection,Neige / grêle,Autre collision,,,,,,,,,,,1,2,1,4.0,6.0
201000050169,0010-12-01 19:00:00,10,12,1,19,0,930,71,BALLANGER ROBERT (AVENUE,,,Nuit avec éclairage allumé,En agglomération,Hors intersection,Normale,Autre collision,,,,,,,,,,,5,2,1,1.0,6.0
201000050170,0010-12-04 17:50:00,10,12,4,17,50,930,71,ALFRED NOBEL (AVENUE),,,Nuit avec éclairage allumé,En agglomération,Intersection en X,Pluie légère,Deux véhicules - côté,,,,,,,,,,,5,2,2,2.0,3.0
201000050171,0010-12-10 20:30:00,10,12,10,20,30,930,71,GENERAL LECLERC (AVENUE,,,Nuit avec éclairage allumé,En agglomération,Hors intersection,Normale,Autre collision,,,,,,,,,,,5,2,1,1.0,6.0
201000050172,0010-12-12 16:05:00,10,12,12,16,5,930,71,PEUPLIERS (ALLEE DES),,,Plein jour,En agglomération,Hors intersection,Normale,Deux véhicules - arrière,,,,,,,,,,,1,2,1,1.0,2.0
201000050173,0010-12-19 10:17:00,10,12,19,10,17,930,71,"41, ANDRE ROUSSEAU (AVEN",,,Plein jour,En agglomération,Hors intersection,Neige / grêle,Deux véhicules - côté,,,,,,,,,,,1,2,1,4.0,3.0
201000050174,0010-12-23 14:30:00,10,12,23,14,30,930,71,LIVRY (AVENUE DE),,,Plein jour,En agglomération,Intersection en T,Neige / grêle,Deux véhicules - côté,,,,,,,,,,,1,2,3,4.0,3.0
201000050175,0010-12-26 20:39:00,10,12,26,20,39,930,71,LIVRY (AVENUE DE),,,Nuit avec éclairage allumé,En agglomération,Hors intersection,Normale,Autre collision,,,,,,,,,,,5,2,1,1.0,6.0
201000050176,0010-12-28 15:00:00,10,12,28,15,0,930,71,FRANCIS GARNIER (ALLEE),,,Plein jour,En agglomération,Intersection en T,Normale,Autre collision,,,,,,,,,,,1,2,3,1.0,6.0
201000050177,0010-12-30 17:20:00,10,12,30,17,20,930,71,MARCHE (AVENUE DU),,,Nuit avec éclairage allumé,En agglomération,Intersection en T,Normale,Autre collision,,,,,,,,,,,5,2,3,1.0,6.0
201000050178,0010-01-04 08:20:00,10,1,4,8,20,930,7,AV DESCARTES 43AU 180,48.9498,2.46651,Plein jour,En agglomération,Giratoire,Normale,Deux véhicules - côté,,,,,,,,,,,1,2,6,1.0,3.0
201000050179,0010-01-13 19:00:00,10,1,13,19,0,930,7,ARISTIDE BRIAND COTE IMP,48.9436,2.44442,Nuit avec éclairage allumé,En agglomération,Intersection en T,Normale,Deux véhicules - frontale,,,,,,,,,,,5,2,3,1.0,1.0
201000050180,0010-01-17 19:40:00,10,1,17,19,40,930,7,OISEAUX (AVENUE DES),48.9279,2.47225,Nuit avec éclairage allumé,En agglomération,Hors intersection,Normale,Autre collision,,,,,,,,,,,5,2,1,1.0,6.0
201000050181,0010-01-25 11:50:00,10,1,25,11,50,930,7,AV PAUL VAILLANT COUTURI,48.9267,2.4712,Plein jour,En agglomération,Hors intersection,Normale,Autre collision,,,,,,,,,,,1,2,1,1.0,6.0
201000050182,0010-02-03 21:30:00,10,2,3,21,30,930,7,PABLO NERUDA (ROND-POINT,48.9497,2.46686,Nuit avec éclairage allumé,En agglomération,Giratoire,Normale,Deux véhicules - côté,,,,,,,,,,,5,2,6,1.0,3.0
201000050183,0010-02-10 16:45:00,10,2,10,16,45,930,7,"178,AV CHARLES FLOQUET",48.9405,2.44736,Plein jour,En agglomération,Hors intersection,Normale,Deux véhicules - frontale,,,,,,,,,,,1,2,1,1.0,1.0
201000050184,0010-02-15 17:50:00,10,2,15,17,50,930,7,"50, GENERAL GIRAUD (RUE)",48.9426,2.45927,Plein jour,En agglomération,Intersection en X,Normale,Autre collision,,,,,,,,,,,1,2,2,1.0,6.0
201000050185,0010-02-16 07:15:00,10,2,16,7,15,930,7,CHARLES FLOQUET (AVENUE),48.9406,2.44936,Crépuscule ou aube,En agglomération,Intersection en X,Normale,Deux véhicules - côté,,,,,,,,,,,2,2,2,1.0,3.0
201000050186,0010-02-18 20:35:00,10,2,18,20,35,930,7,"133, ""REPUBLIQUE (AVENUE",48.9354,2.47438,Nuit avec éclairage allumé,En agglomération,Hors intersection,Pluie légère,Deux véhicules - arrière,,,,,,,,,,,5,2,1,2.0,2.0
201000050187,0010-02-24 17:35:00,10,2,24,17,35,930,7,"03, JACQUES SOLOMON (RUE",48.9483,2.45448,Plein jour,En agglomération,Passage à niveau,Pluie légère,Autre collision,,,,,,,,,,,1,2,8,2.0,6.0
201000050188,0010-02-26 06:45:00,10,2,26,6,45,930,7,"11, ALTRINCHAM (RUE)",48.9469,2.44631,Nuit avec éclairage allumé,En agglomération,Hors intersection,Pluie légère,Deux véhicules - côté,,,,,,,,,,,5,2,1,2.0,3.0
201000050189,0010-02-26 15:30:00,10,2,26,15,30,930,7,59 AV ARISTIDE BRIAND,48.943,2.44084,Plein jour,En agglomération,Intersection en T,Normale,Deux véhicules - arrière,,,,,,,,,,,1,2,3,1.0,2.0
201000050190,0010-03-09 14:40:00,10,3,9,14,40,930,7,", HENRI BARBUSSE (AVENUE",48.9414,2.46385,Plein jour,En agglomération,Intersection en X,Normale,Deux véhicules - arrière,,,,,,,,,,,1,2,2,1.0,2.0