accident_id,datetime,annee,mois,jour,heure,minute,departement,commune_insee,adresse,latitude,longitude,luminosite,agglomeration,intersection,meteo,collision,nb_vehicules,nb_usagers,nb_indemnes,nb_tues,nb_blesses_hosp,nb_blesses_legers,age_cond_1,age_cond_2,veh_type_cond_1,veh_type_cond_2,lum_code,agg_code,int_code,atm_code,col_code
201000050191,0010-03-13 17:45:00,10,3,13,17,45,930,7,"114, JOSEPH DARRIET (RUE",48.9456,2.45704,Plein jour,En agglomération,Intersection en T,Normale,Autre collision,,,,,,,,,,,1,2,3,1.0,6.0
201000050192,0010-03-20 10:50:00,10,3,20,10,50,930,7,REPUBLIQUE COTE PAIR,48.936,2.46709,Plein jour,En agglomération,Hors intersection,Temps couvert,Autre collision,,,,,,,,,,,1,2,1,8.0,6.0
201000050193,0010-03-22 08:40:00,10,3,22,8,40,930,7,"81, PASTEUR (AVENUE)",48.9367,2.4748,Plein jour,En agglomération,Hors intersection,Normale,Trois véhicules et plus - collisions multiples,,,,,,,,,,,1,2,1,1.0,5.0
201000050194,0010-03-23 19:15:00,10,3,23,19,15,930,7,REPUBLIQUE COTE PAIRS,48.9353,2.46962,Crépuscule ou aube,En agglomération,Intersection en T,Normale,Deux véhicules - côté,,,,,,,,,,,2,2,3,1.0,3.0
201000050195,0010-04-09 12:15:00,10,4,9,12,15,930,7,QUEBEC (AVENUE DU),48.9263,2.47783,Plein jour,En agglomération,Intersection en X,Normale,Deux véhicules - côté,,,,,,,,,,,1,2,2,1.0,3.0
201000050196,0010-04-10 00:45:00,10,4,10,0,45,930,7,8 MAI 45  DU N°1/182),48.9534,2.44247,Nuit sans éclairage public,En agglomération,Intersection en T,Normale,Deux véhicules - arrière,,,,,,,,,,,3,2,3,1.0,2.0
201000050197,0010-04-11 17:40:00,10,4,11,17,40,930,7,PAUL LANGEVIN (RUE),48.9446,2.4591,Plein jour,En agglomération,Intersection en X,Normale,Deux véhicules - côté,,,,,,,,,,,1,2,2,1.0,3.0
201000050198,0010-04-16 06:35:00,10,4,16,6,35,930,7,PAUL LANGEVIN (RUE),48.9436,2.45919,Nuit avec éclairage allumé,En agglomération,Intersection en X,Normale,Deux véhicules - côté,,,,,,,,,,,5,2,2,1.0,3.0
201000050199,0010-04-24 20:25:00,10,4,24,20,25,930,7,"0.000, ARISTIDE BRIAND (",48.9443,2.44728,Crépuscule ou aube,En agglomération,Hors intersection,Normale,Deux véhicules - côté,,,,,,,,,,,2,2,1,1.0,3.0
201000050200,0010-04-30 18:40:00,10,4,30,18,40,930,7,ALBERT EINSTEIN (AVENUE),48.9461,2.47005,Plein jour,En agglomération,Hors intersection,Normale,Deux véhicules - côté,,,,,,,,,,,1,2,1,1.0,3.0
201000050201,0010-04-30 17:50:00,10,4,30,17,50,930,7,"""PAUL VAILLANT COUTURIER",48.9275,2.47338,Plein jour,En agglomération,Hors intersection,Normale,Deux véhicules - arrière,,,,,,,,,,,1,2,1,1.0,2.0
201000050202,0010-04-30 19:10:00,10,4,30,19,10,930,7,"24, ARISTIDE BRIAND (AVE",48.9425,2.43567,Crépuscule ou aube,En agglomération,Hors intersection,Normale,Deux véhicules - frontale,,,,,,,,,,,2,2,1,1.0,1.0
201000050203,0010-05-08 22:40:00,10,5,8,22,40,930,7,PASTEUR/MONMOUSSEAU,48.9404,2.47055,Nuit avec éclairage allumé,En agglomération,Intersection en T,Pluie légère,Deux véhicules - côté,,,,,,,,,,,5,2,3,2.0,3.0
201000050204,0010-05-12 08:30:00,10,5,12,8,30,930,7,"21, DIVISION LECLERC (AV",48.9441,2.46439,Plein jour,En agglomération,Hors intersection,Normale,Deux véhicules - côté,,,,,,,,,,,1,2,1,1.0,3.0
201000050205,0010-05-12 18:20:00,10,5,12,18,20,930,7,FLOQUET N°81/141,48.9383,2.46048,Plein jour,En agglomération,Intersection en T,Temps couvert,Sans collision,,,,,,,,,,,1,2,3,8.0,7.0
201000050206,0010-05-17 13:25:00,10,5,17,13,25,930,7,DESCARTES/HERAS,48.9505,2.4433,Plein jour,En agglomération,Intersection en T,Normale,Deux véhicules - frontale,,,,,,,,,,,1,2,3,1.0,1.0
201000050207,0010-05-20 13:25:00,10,5,20,13,25,930,7,EMILIE/LAROQUE,48.9229,2.47239,Plein jour,En agglomération,Intersection en X,Normale,Deux véhicules - frontale,,,,,,,,,,,1,2,2,1.0,1.0
201000050208,0010-05-29 21:50:00,10,5,29,21,50,930,7,"14, ""HENRI BARBUSSE (AVE",48.9368,2.45854,Crépuscule ou aube,En agglomération,Hors intersection,Normale,Autre collision,,,,,,,,,,,2,2,1,1.0,6.0
201000050209,0010-06-05 15:20:00,10,6,5,15,20,930,7,"0.000, PASTEUR (AVENUE)",48.9412,2.46915,Plein jour,En agglomération,Intersection en T,Normale,Autre collision,,,,,,,,,,,1,2,3,1.0,6.0
201000050210,0010-06-12 07:40:00,10,6,12,7,40,930,7,"21, SURCOUF (AVENUE)",48.9211,2.47182,Plein jour,En agglomération,Intersection en X,Temps couvert,Sans collision,,,,,,,,,,,1,2,2,8.0,7.0
201000050211,0010-06-20 17:00:00,10,6,20,17,0,930,7,ARISTIDE BRIAND (IMPAIRS,48.9464,2.45548,Plein jour,En agglomération,Intersection en X,Normale,Trois véhicules et plus - collisions multiples,,,,,,,,,,,1,2,2,1.0,5.0
201000050212,0010-06-22 16:35:00,10,6,22,16,35,930,7,"149, PASTEUR (AVENUE)",48.9405,2.47035,Plein jour,En agglomération,Hors intersection,Normale,Autre collision,,,,,,,,,,,1,2,1,1.0,6.0
201000050213,0010-06-24 17:00:00,10,6,24,17,0,930,7,"0.000, MARECHAL JOFFRE (",48.9283,2.46291,Plein jour,En agglomération,Hors intersection,Normale,Autre collision,,,,,,,,,,,1,2,1,1.0,6.0
201000050214,0010-06-30 15:30:00,10,6,30,15,30,930,7,"127, CHARLES FLOQUET (AV",48.9405,2.44832,Plein jour,En agglomération,Hors intersection,Normale,Autre collision,,,,,,,,,,,1,2,1,1.0,6.0
201000050215,0010-07-04 20:20:00,10,7,4,20,20,930,7,"37, ""PIERRE SEMARD (RUE",,,Plein jour,En agglomération,Hors intersection,Normale,Deux véhicules - arrière,,,,,,,,,,,1,2,1,1.0,2.0
201000050216,0010-07-05 11:15:00,10,7,5,11,15,930,7,"18, JEAN-JACQUES ROUSSEA",,,Plein jour,En agglomération,Hors intersection,Normale,Deux véhicules - frontale,,,,,,,,,,,1,2,1,1.0,1.0
201000050217,0010-07-06 01:35:00,10,7,6,1,35,930,7,"65, VLADIMIR I. LENINE (",,,Nuit avec éclairage allumé,En agglomération,Hors intersection,Normale,Autre collision,,,,,,,,,,,5,2,1,1.0,6.0
201000050218,0010-07-10 17:00:00,10,7,10,17,0,930,7,"12, ""DESCARTES (AVENUE """,,,Plein jour,En agglomération,Hors intersection,Temps couvert,Deux véhicules - côté,,,,,,,,,,,1,2,1,8.0,3.0
201000050219,0010-07-17 21:40:00,10,7,17,21,40,930,7,"82, ""HENRI BARBUSSE (AVE",,,Nuit avec éclairage allumé,En agglomération,Intersection en X,Normale,Deux véhicules - côté,,,,,,,,,,,5,2,2,1.0,3.0
201000050220,0010-07-29 17:35:00,10,7,29,17,35,930,7,"1, SAINT-JUST (CITE)",,,Plein jour,En agglomération,Hors intersection,Normale,Deux véhicules - frontale,,,,,,,,,,,1,2,1,1.0,1.0
201000050221,0010-08-09 14:35:00,10,8,9,14,35,930,7,LEO DELIBES (RUE),,,Plein jour,En agglomération,Hors intersection,Normale,Autre collision,,,,,,,,,,,1,2,1,1.0,6.0
201000050222,0010-08-10 20:55:00,10,8,10,20,55,930,7,ROME (AVENUE DE),,,Crépuscule ou aube,En agglomération,Intersection en X,Pluie légère,Deux véhicules - côté,,,,,,,,,,,2,2,2,2.0,3.0
201000050223,0010-08-17 15:50:00,10,8,17,15,50,930,7,PABLO NERUDA (ROND-POINT,,,Plein jour,En agglomération,Giratoire,Normale,Deux véhicules - côté,,,,,,,,,,,1,2,6,1.0,3.0
201000050224,0010-08-21 20:00:00,10,8,21,20,0,930,7,ARISTIDE BRIAND (AVENUE,,,Plein jour,En agglomération,Intersection en X,Normale,Autre collision,,,,,,,,,,,1,2,2,1.0,6.0
201000050225,0010-08-25 19:50:00,10,8,25,19,50,930,7,PABLO NERUDA (ROND-POINT,,,Plein jour,En agglomération,Giratoire,Normale,Deux véhicules - côté,,,,,,,,,,,1,2,6,1.0,3.0
201000050226,0010-08-27 00:40:00,10,8,27,0,40,930,7,8 MAI 45 (AVENUE DU 184,,,Nuit avec éclairage allumé,En agglomération,Intersection en T,Pluie légère,Deux véhicules - frontale,,,,,,,,,,,5,2,3,2.0,1.0
201000050227,0010-09-03 08:20:00,10,9,3,8,20,930,7,ARISTIDE BRIAND (AVENUE,,,Plein jour,En agglomération,Hors intersection,Normale,Deux véhicules - côté,,,,,,,,,,,1,2,1,1.0,3.0
201000050228,0010-09-04 16:40:00,10,9,4,16,40,930,7,", ALTRINCHAM (RUE)",,,Plein jour,En agglomération,Hors intersection,Normale,Deux véhicules - frontale,,,,,,,,,,,1,2,1,1.0,1.0
201000050229,0010-09-17 18:50:00,10,9,17,18,50,930,7,"""DESCARTES (AVENUE """"DU",,,Plein jour,En agglomération,Hors intersection,Normale,Trois véhicules et plus - en chaîne,,,,,,,,,,,1,2,1,1.0,4.0
201000050230,0010-09-20 17:15:00,10,9,20,17,15,930,7,COSMONAUTES (AVENUE DES),,,Plein jour,En agglomération,Hors intersection,Normale,Autre collision,,,,,,,,,,,1,2,1,1.0,6.0
201000050231,0010-09-28 18:20:00,10,9,28,18,20,930,7,"neant, DE LA REPUBLIQUE",,,Plein jour,En agglomération,Intersection en X,Normale,Autre collision,,,,,,,,,,,1,2,2,1.0,6.0
201000050232,0010-09-30 08:45:00,10,9,30,8,45,930,7,"15, ARISTIDE BRIAND (AVE",,,Crépuscule ou aube,En agglomération,Intersection en X,Pluie légère,Deux véhicules - côté,,,,,,,,,,,2,2,2,2.0,3.0
201000050233,0010-09-30 09:00:00,10,9,30,9,0,930,7,"65, VLADIMIR I. LENINE (",,,Plein jour,En agglomération,Intersection en X,Pluie forte,Deux véhicules - côté,,,,,,,,,,,1,2,2,3.0,3.0
201000050234,0010-10-03 20:13:00,10,10,3,20,13,930,7,"26, CASANOVA (AVENUE)",,,Nuit avec éclairage allumé,En agglomération,Hors intersection,Normale,Autre collision,,,,,,,,,,,5,2,1,1.0,6.0
201000050235,0010-10-09 16:55:00,10,10,9,16,55,930,7,"106, DE LA REPUBLIQUE (A",,,Plein jour,En agglomération,Hors intersection,Normale,Deux véhicules - arrière,,,,,,,,,,,1,2,1,1.0,2.0
201000050236,0010-10-12 06:40:00,10,10,12,6,40,930,7,"""DESCARTES (AVENUE """"DU",,,Crépuscule ou aube,En agglomération,Intersection en T,Temps couvert,Autre collision,,,,,,,,,,,2,2,3,8.0,6.0
201000050237,0010-10-23 11:30:00,10,10,23,11,30,930,7,"2, ""REPUBLIQUE (AVENUE D",,,Plein jour,En agglomération,Intersection en T,Pluie légère,Deux véhicules - côté,,,,,,,,,,,1,2,3,2.0,3.0
201000050238,0010-10-26 20:50:00,10,10,26,20,50,930,7,"111, ""HENRI BARBUSSE (AV",,,Nuit avec éclairage non allumé,En agglomération,Intersection en X,Normale,Deux véhicules - côté,,,,,,,,,,,4,2,2,1.0,3.0
201000050239,0010-10-29 17:20:00,10,10,29,17,20,930,7,", PABLO NERUDA (AVENUE)",,,Plein jour,En agglomération,Intersection en Y,Normale,Trois véhicules et plus - en chaîne,,,,,,,,,,,1,2,4,1.0,4.0
201000050240,0010-10-31 02:00:00,10,10,31,2,0,930,7,"14, ABBE NIORT (RUE DE L",,,Nuit avec éclairage allumé,En agglomération,Intersection en T,Normale,Deux véhicules - côté,,,,,,,,,,,5,2,3,1.0,3.0
201000050241,0010-11-16 10:00:00,10,11,16,10,0,930,7,MASCOTTES (RUE DES),,,Plein jour,En agglomération,Intersection en T,Normale,Deux véhicules - côté,,,,,,,,,,,1,2,3,1.0,3.0
201000050242,0010-11-22 11:15:00,10,11,22,11,15,930,7,8 MAI 45 (AVENUE DU 1 AU,,,Plein jour,En agglomération,Hors intersection,Temps couvert,Deux véhicules - côté,,,,,,,,,,,1,2,1,8.0,3.0
201000050243,0010-11-26 11:45:00,10,11,26,11,45,930,7,"""PIERRE QUEMENER ( RUE """,,,Plein jour,En agglomération,Hors intersection,Normale,Deux véhicules - arrière,,,,,,,,,,,1,2,1,1.0,2.0
201000050244,0010-11-27 13:00:00,10,11,27,13,0,930,7,"8/10, GARROS (AVENUE)",,,Plein jour,En agglomération,Hors intersection,Normale,Autre collision,,,,,,,,,,,1,2,1,1.0,6.0
201000050245,0010-12-03 13:50:00,10,12,3,13,50,930,7,PABLO NERUDA (ROND-POINT,,,Plein jour,En agglomération,Hors intersection,Autre,Deux véhicules - côté,,,,,,,,,,,1,2,1,9.0,3.0
201000050246,0010-01-05 17:30:00,10,1,5,17,30,930,8,"10, MARX (AVENUE KARL)",48.906,2.44065,Crépuscule ou aube,En agglomération,Hors intersection,Normale,Autre collision,,,,,,,,,,,2,2,1,1.0,6.0
201000050247,0010-01-06 12:50:00,10,1,6,12,50,930,8,VAILLANT COUTURIER (AVEN,48.9072,2.45676,Plein jour,En agglomération,Intersection en T,Neige / grêle,Deux véhicules - côté,,,,,,,,,,,1,2,3,4.0,3.0
201000050248,0010-01-14 15:55:00,10,1,14,15,55,930,8,GROSLAY (CHEMIN DE) D20,48.9162,2.47544,Plein jour,En agglomération,Hors intersection,Normale,Deux véhicules - côté,,,,,,,,,,,1,2,1,1.0,3.0
201000050249,0010-01-27 10:20:00,10,1,27,10,20,930,8,VALLES (RUE JULES),48.9138,2.47254,Plein jour,En agglomération,Intersection en T,Normale,Deux véhicules - côté,,,,,,,,,,,1,2,3,1.0,3.0
201000050250,0010-01-31 00:25:00,10,1,31,0,25,930,8,"443, VAILLANT COUTURIER",48.9059,2.46839,Nuit avec éclairage allumé,En agglomération,Hors intersection,Normale,Deux véhicules - côté,,,,,,,,,,,5,2,1,1.0,3.0
201000050251,0010-02-14 05:00:00,10,2,14,5,0,930,8,30 AV HENRI BARBUSSE,48.9047,2.41987,Nuit avec éclairage allumé,En agglomération,Hors intersection,Normale,Autre collision,,,,,,,,,,,5,2,1,1.0,6.0
201000050252,0010-02-22 10:20:00,10,2,22,10,20,930,8,PLACE ESCADRILLE N. NIEM,48.9126,2.4363,Plein jour,En agglomération,Giratoire,Normale,Deux véhicules - côté,,,,,,,,,,,1,2,6,1.0,3.0
201000050253,0010-02-24 00:55:00,10,2,24,0,55,930,8,VAILLANT COUTURIER (AVEN,48.91,2.44665,Nuit avec éclairage allumé,En agglomération,Giratoire,Pluie légère,Sans collision,,,,,,,,,,,5,2,6,2.0,7.0
201000050254,0010-03-01 14:50:00,10,3,1,14,50,930,8,VAILLANT / VIENNE,48.9109,2.466,Plein jour,En agglomération,Intersection en T,Normale,Deux véhicules - côté,,,,,,,,,,,1,2,3,1.0,3.0
201000050255,0010-03-01 18:30:00,10,3,1,18,30,930,8,"34, VAILLANT (AVENUE EDO",48.912,2.43818,Nuit avec éclairage allumé,En agglomération,Hors intersection,Normale,Deux véhicules - arrière,,,,,,,,,,,5,2,1,1.0,2.0
201000050256,0010-03-04 10:15:00,10,3,4,10,15,930,8,PLACE ESCADRILLE A30,48.9126,2.4363,Plein jour,En agglomération,Giratoire,Normale,Deux véhicules - côté,,,,,,,,,,,1,2,6,1.0,3.0
201000050257,0010-03-07 00:35:00,10,3,7,0,35,930,8,AV PAUL VAILLANT COUTURI,48.9086,2.45159,Nuit avec éclairage allumé,En agglomération,Hors intersection,Normale,Deux véhicules - arrière,,,,,,,,,,,5,2,1,1.0,2.0
201000050258,0010-03-10 15:45:00,10,3,10,15,45,930,8,AV PIERRE SEMARD,48.9083,2.44574,Plein jour,En agglomération,Hors intersection,Normale,Autre collision,,,,,,,,,,,1,2,1,1.0,6.0
201000050259,0010-03-16 08:00:00,10,3,16,8,0,930,8,VAILLANT COUTURIER (AVEN,48.9074,2.45334,Plein jour,En agglomération,Giratoire,Normale,Autre collision,,,,,,,,,,,1,2,6,1.0,6.0
201000050260,0010-03-18 09:20:00,10,3,18,9,20,930,8,"1, GAGARINE (AVENUE YOUR",48.9073,2.45243,Plein jour,En agglomération,Hors intersection,Normale,Sans collision,,,,,,,,,,,1,2,1,1.0,7.0
201000050261,0010-03-21 07:15:00,10,3,21,7,15,930,8,JAURES (AVENUE JEAN),48.9039,2.43992,Crépuscule ou aube,En agglomération,Intersection en Y,Normale,Deux véhicules - côté,,,,,,,,,,,2,2,4,1.0,3.0
201000050262,0010-03-24 19:15:00,10,3,24,19,15,930,8,AV JEAN JAURES,48.9039,2.43992,Nuit sans éclairage public,En agglomération,Hors intersection,Normale,Autre collision,,,,,,,,,,,3,2,1,1.0,6.0
201000050263,0010-03-27 22:45:00,10,3,27,22,45,930,8,"195, VAILLANT COUTURIER",48.9081,2.45282,Nuit avec éclairage allumé,En agglomération,Hors intersection,Pluie légère,Autre collision,,,,,,,,,,,5,2,1,2.0,6.0
201000050264,0010-03-28 16:15:00,10,3,28,16,15,930,8,"12-14, TARRAL (RUE GEORG",48.9077,2.47079,Plein jour,En agglomération,Hors intersection,Normale,Autre collision,,,,,,,,,,,1,2,1,1.0,6.0
201000050265,0010-03-29 09:45:00,10,3,29,9,45,930,8,"1, LENINE (BOULEVARD)",48.9066,2.44389,Plein jour,En agglomération,Hors intersection,Normale,Autre collision,,,,,,,,,,,1,2,1,1.0,6.0
201000050266,0010-03-29 14:55:00,10,3,29,14,55,930,8,AV DU PRESIDENT SALVADOR,48.9035,2.44563,Plein jour,En agglomération,Hors intersection,Normale,Autre collision,,,,,,,,,,,1,2,1,1.0,6.0
201000050267,0010-03-31 13:20:00,10,3,31,13,20,930,8,"191, VAILLANT COUTURIER",48.9087,2.45122,Plein jour,En agglomération,Hors intersection,Temps couvert,Deux véhicules - arrière,,,,,,,,,,,1,2,1,8.0,2.0
201000050268,0010-04-03 19:40:00,10,4,3,19,40,930,8,10 R DE STALINGRAD,48.9134,2.43549,Plein jour,En agglomération,Hors intersection,Temps couvert,Deux véhicules - côté,,,,,,,,,,,1,2,1,8.0,3.0
201000050269,0010-04-09 18:45:00,10,4,9,18,45,930,8,19 MARS 1962 / L'UNION,48.9089,2.44208,Plein jour,En agglomération,Giratoire,Normale,Deux véhicules - côté,,,,,,,,,,,1,2,6,1.0,3.0
201000050270,0010-04-09 19:30:00,10,4,9,19,30,930,8,"114, VALLES (RUE JULES)",48.91,2.47197,Plein jour,En agglomération,Hors intersection,Normale,Autre collision,,,,,,,,,,,1,2,1,1.0,6.0
201000050271,0010-04-15 08:10:00,10,4,15,8,10,930,8,"129, CONVENTION (AVENUE",48.9156,2.41798,Plein jour,En agglomération,Hors intersection,Normale,Trois véhicules et plus - en chaîne,,,,,,,,,,,1,2,1,1.0,4.0
201000050272,0010-04-20 00:26:00,10,4,20,0,26,930,8,VAILLANT (AVENUE EDOUARD,48.9112,2.46557,Nuit avec éclairage allumé,En agglomération,Hors intersection,Normale,Autre collision,,,,,,,,,,,5,2,1,1.0,6.0
201000050273,0010-04-27 12:00:00,10,4,27,12,0,930,8,"109, PARIS (RUE DE)",48.9003,2.45112,Plein jour,En agglomération,Hors intersection,Normale,Deux véhicules - arrière,,,,,,,,,,,1,2,1,1.0,2.0
201000050274,0010-05-01 15:20:00,10,5,1,15,20,930,8,"359, VAILLANT COUTURIER",48.9061,2.46311,Plein jour,En agglomération,Hors intersection,Normale,Autre collision,,,,,,,,,,,1,2,1,1.0,6.0
201000050275,0010-05-02 05:30:00,10,5,2,5,30,930,8,STALINGRAD (RUE DE) A10,48.9127,2.43613,Nuit avec éclairage allumé,En agglomération,Giratoire,Pluie légère,Trois véhicules et plus - collisions multiples,,,,,,,,,,,5,2,6,2.0,5.0
201000050276,0010-05-02 15:45:00,10,5,2,15,45,930,8,AV DE LA DIVISION LECLER,48.9089,2.41876,Plein jour,En agglomération,Hors intersection,Pluie légère,Deux véhicules - côté,,,,,,,,,,,1,2,1,2.0,3.0
201000050277,0010-05-15 22:45:00,10,5,15,22,45,930,8,30 AV HENRI BARBUSSE,48.9047,2.41985,Nuit avec éclairage non allumé,En agglomération,Hors intersection,Normale,Deux véhicules - arrière,,,,,,,,,,,4,2,1,1.0,2.0
201000050278,0010-05-16 13:00:00,10,5,16,13,0,930,8,NIEMEN,48.913,2.43632,Plein jour,En agglomération,Hors intersection,Normale,Deux véhicules - frontale,,,,,,,,,,,1,2,1,1.0,1.0
201000050279,0010-05-21 09:20:00,10,5,21,9,20,930,8,"86, SEMARD (RUE PIERRE)",48.9128,2.44632,Plein jour,En agglomération,Hors intersection,Normale,Autre collision,,,,,,,,,,,1,2,1,1.0,6.0
201000050280,0010-05-31 20:25:00,10,5,31,20,25,930,8,"444, VAILLANT COUTURIER",48.9059,2.46934,Plein jour,En agglomération,Hors intersection,Normale,Trois véhicules et plus - collisions multiples,,,,,,,,,,,1,2,1,1.0,5.0
201000050281,0010-06-09 09:25:00,10,6,9,9,25,930,8,DIVISION LECLERC A20,48.91,2.41594,Plein jour,En agglomération,Intersection en T,Pluie légère,Deux véhicules - frontale,,,,,,,,,,,1,2,3,2.0,1.0
201000050282,0010-06-09 10:15:00,10,6,9,10,15,930,8,"39, CHEMIN VERT (RUE DU)",48.9048,2.44923,Plein jour,En agglomération,Hors intersection,Pluie légère,Autre collision,,,,,,,,,,,1,2,1,2.0,6.0
201000050283,0010-06-10 16:40:00,10,6,10,16,40,930,8,DIVISION LECLERC A20,48.91,2.41594,Plein jour,En agglomération,Intersection en T,Pluie légère,Deux véhicules - côté,,,,,,,,,,,1,2,3,2.0,3.0
201000050284,0010-06-11 16:35:00,10,6,11,16,35,930,8,"15-35, BARBUSSE (AVENUE",48.9047,2.41985,Plein jour,En agglomération,Hors intersection,Normale,Deux véhicules - arrière,,,,,,,,,,,1,2,1,1.0,2.0
201000050285,0010-06-12 14:25:00,10,6,12,14,25,930,8,SEMARD (AVENUE PIERRE),48.9092,2.44623,Plein jour,En agglomération,Hors intersection,Normale,Autre collision,,,,,,,,,,,1,2,1,1.0,6.0
201000050286,0010-06-18 16:10:00,10,6,18,16,10,930,8,"205, JAURES (AVENUE JEAN",48.9099,2.4373,Plein jour,En agglomération,Hors intersection,Normale,Autre collision,,,,,,,,,,,1,2,1,1.0,6.0
201000050287,0010-06-20 20:10:00,10,6,20,20,10,930,8,AV EDOUARD VAILLANT,48.9101,2.46704,Plein jour,En agglomération,Hors intersection,Normale,Autre collision,,,,,,,,,,,1,2,1,1.0,6.0
201000050288,0010-06-25 13:20:00,10,6,25,13,20,930,8,SEMARD (RUE PIERRE),48.91,2.44665,Plein jour,En agglomération,Giratoire,Normale,Deux véhicules - arrière,,,,,,,,,,,1,2,6,1.0,2.0
201000050289,0010-06-28 06:45:00,10,6,28,6,45,930,8,"359, VAILLANT COUTURIER",48.9064,2.46163,Plein jour,En agglomération,Hors intersection,Normale,Sans collision,,,,,,,,,,,1,2,1,1.0,7.0
201000050290,0010-06-28 16:35:00,10,6,28,16,35,930,8,193 AV JEAN JAURES,48.9094,2.43763,Plein jour,En agglomération,Intersection en X,Normale,Autre collision,,,,,,,,,,,1,2,2,1.0,6.0
201000050291,0010-06-29 08:35:00,10,6,29,8,35,930,8,AV JEAN JAURES,48.9022,2.44068,Plein jour,En agglomération,Hors intersection,Normale,Autre collision,,,,,,,,,,,1,2,1,1.0,6.0
201000050292,0010-07-02 00:40:00,10,7,2,0,40,930,8,VAILLANT COUTURIER (AVEN,,,Nuit avec éclairage allumé,En agglomération,Hors intersection,Normale,Trois véhicules et plus - collisions multiples,,,,,,,,,,,5,2,1,1.0,5.0
201000050293,0010-07-08 07:10:00,10,7,8,7,10,930,8,VAILLANT COUTURIER (AVEN,,,Plein jour,En agglomération,Autre intersection,Normale,Deux véhicules - côté,,,,,,,,,,,1,2,9,1.0,3.0
201000050294,0010-07-11 20:45:00,10,7,11,20,45,930,8,LENINE (BOULEVARD),,,Plein jour,En agglomération,Intersection en T,Normale,Deux véhicules - côté,,,,,,,,,,,1,2,3,1.0,3.0
201000050295,0010-07-13 23:20:00,10,7,13,23,20,930,8,"106, VAILLANT (AVENUE ED",,,Nuit avec éclairage allumé,En agglomération,Hors intersection,Normale,Autre collision,,,,,,,,,,,5,2,1,1.0,6.0
201000050296,0010-07-29 14:02:00,10,7,29,14,2,930,8,PLACE ESCADRILLE N. NIEM,,,Plein jour,En agglomération,Giratoire,Normale,Deux véhicules - côté,,,,,,,,,,,1,2,6,1.0,3.0
201000050297,0010-07-29 17:30:00,10,7,29,17,30,930,8,"36, VAILLANT (AVENUE EDO",,,Plein jour,En agglomération,Intersection en T,Normale,Deux véhicules - côté,,,,,,,,,,,1,2,3,1.0,3.0
201000050298,0010-08-02 18:20:00,10,8,2,18,20,930,8,"66, BARBUSSE (AVENUE HEN",,,Plein jour,En agglomération,Hors intersection,Pluie légère,Deux véhicules - arrière,,,,,,,,,,,1,2,1,2.0,2.0
201000050299,0010-08-04 22:40:00,10,8,4,22,40,930,8,PLACE ESCADRILLE N. NIEM,,,Nuit avec éclairage allumé,En agglomération,Giratoire,Pluie légère,Deux véhicules - côté,,,,,,,,,,,5,2,6,2.0,3.0
201000050300,0010-08-13 14:30:00,10,8,13,14,30,930,8,"121, VAILLANT (AVENUE ED",,,Plein jour,En agglomération,Autre intersection,Temps éblouissant,Deux véhicules - côté,,,,,,,,,,,1,2,9,7.0,3.0
201000050301,0010-08-18 10:40:00,10,8,18,10,40,930,8,VAILLANT COUTURIER (AVEN,,,Plein jour,En agglomération,Intersection en T,Temps couvert,Deux véhicules - côté,,,,,,,,,,,1,2,3,8.0,3.0
201000050302,0010-08-20 18:00:00,10,8,20,18,0,930,8,EUROPE (PLACE DE L'),,,Plein jour,En agglomération,Hors intersection,Normale,Autre collision,,,,,,,,,,,1,2,1,1.0,6.0
201000050303,0010-08-31 18:00:00,10,8,31,18,0,930,8,"24, ARAGO (RUE)",,,Plein jour,En agglomération,Hors intersection,Normale,Deux véhicules - côté,,,,,,,,,,,1,2,1,1.0,3.0
201000050304,0010-09-01 14:20:00,10,9,1,14,20,930,8,GARE ROUTIERE,,,Plein jour,En agglomération,Hors intersection,Normale,Autre collision,,,,,,,,,,,1,2,1,1.0,6.0
201000050305,0010-09-02 04:20:00,10,9,2,4,20,930,8,"33, ARAGON (AVENUE LOUIS",,,Nuit avec éclairage allumé,En agglomération,Hors intersection,Normale,Autre collision,,,,,,,,,,,5,2,1,1.0,6.0
201000050306,0010-09-04 08:30:00,10,9,4,8,30,930,8,PARIS (RUE DE),,,Plein jour,En agglomération,Hors intersection,Normale,Autre collision,,,,,,,,,,,1,2,1,1.0,6.0
201000050307,0010-09-10 07:55:00,10,9,10,7,55,930,8,"05, ALLENDE (AVE DU P. S",,,Plein jour,En agglomération,Hors intersection,Normale,Deux véhicules - côté,,,,,,,,,,,1,2,1,1.0,3.0
201000050308,0010-09-14 10:05:00,10,9,14,10,5,930,8,VAILLANT (AVENUE EDOUARD,,,Plein jour,En agglomération,Intersection en Y,Normale,Autre collision,,,,,,,,,,,1,2,4,1.0,6.0
201000050309,0010-09-14 18:55:00,10,9,14,18,55,930,8,"72, MADELEINE (CHEMIN DE",,,Plein jour,En agglomération,Hors intersection,Normale,Autre collision,,,,,,,,,,,1,2,1,1.0,6.0
201000050310,0010-09-15 08:45:00,10,9,15,8,45,930,8,BARBUSSE (AVENUE HENRI),,,Plein jour,En agglomération,Intersection en T,Normale,Autre collision,,,,,,,,,,,1,2,3,1.0,6.0
201000050311,0010-09-15 18:25:00,10,9,15,18,25,930,8,SEMARD (RUE PIERRE),,,Plein jour,En agglomération,Hors intersection,Normale,Deux véhicules - arrière,,,,,,,,,,,1,2,1,1.0,2.0
201000050312,0010-09-15 19:00:00,10,9,15,19,0,930,8,VAILLANT COUTURIER (AVEN,,,Plein jour,En agglomération,Hors intersection,Normale,Autre collision,,,,,,,,,,,1,2,1,1.0,6.0