accident_id,datetime,annee,mois,jour,heure,minute,departement,commune_insee,adresse,latitude,longitude,luminosite,agglomeration,intersection,meteo,collision,nb_vehicules,nb_usagers,nb_indemnes,nb_tues,nb_blesses_hosp,nb_blesses_legers,age_cond_1,age_cond_2,veh_type_cond_1,veh_type_cond_2,lum_code,agg_code,int_code,atm_code,col_code
201000050313,0010-09-17 12:00:00,10,9,17,12,0,930,8,JAURES (AVENUE JEAN),,,Plein jour,En agglomération,Intersection en T,Normale,Deux véhicules - côté,,,,,,,,,,,1,2,3,1.0,3.0
201000050314,0010-09-18 18:45:00,10,9,18,18,45,930,8,"6, CHABLIS (RUE DE)",,,Plein jour,En agglomération,Hors intersection,Normale,Deux véhicules - arrière,,,,,,,,,,,1,2,1,1.0,2.0
201000050315,0010-09-20 07:05:00,10,9,20,7,5,930,8,"16, JAURES (AVENUE JEAN)",,,Crépuscule ou aube,En agglomération,Hors intersection,Normale,Autre collision,,,,,,,,,,,2,2,1,1.0,6.0
201000050316,0010-09-22 18:00:00,10,9,22,18,0,930,8,VAILLANT COUTURIER (AVEN,,,Plein jour,En agglomération,Hors intersection,Normale,Autre collision,,,,,,,,,,,1,2,1,1.0,6.0
201000050317,0010-09-25 18:50:00,10,9,25,18,50,930,8,LOUVERTURE (RUE TOUSSAIN,,,Crépuscule ou aube,En agglomération,Intersection en T,Normale,Deux véhicules - côté,,,,,,,,,,,2,2,3,1.0,3.0
201000050318,0010-09-28 22:00:00,10,9,28,22,0,930,8,VAILLANT COUTURIER (AVEN,,,Nuit avec éclairage allumé,En agglomération,Hors intersection,Pluie légère,Sans collision,,,,,,,,,,,5,2,1,2.0,7.0
201000050319,0010-09-29 00:01:00,10,9,29,0,1,930,8,SEMARD (AVENUE PIERRE),,,Nuit sans éclairage public,En agglomération,Giratoire,Normale,Deux véhicules - côté,,,,,,,,,,,3,2,6,1.0,3.0
201000050320,0010-09-30 16:00:00,10,9,30,16,0,930,8,"25, UNION (RUE DE L')",,,Plein jour,En agglomération,Hors intersection,Normale,Autre collision,,,,,,,,,,,1,2,1,1.0,6.0
201000050321,0010-09-30 18:00:00,10,9,30,18,0,930,8,"07, CONVENTION (AVENUE D",,,Plein jour,En agglomération,Hors intersection,Normale,Autre collision,,,,,,,,,,,1,2,1,1.0,6.0
201000050322,0010-10-08 12:30:00,10,10,8,12,30,930,8,SAINT-ANDRE (RUE),,,Plein jour,En agglomération,Hors intersection,Normale,Deux véhicules - côté,,,,,,,,,,,1,2,1,1.0,3.0
201000050323,0010-10-09 13:10:00,10,10,9,13,10,930,8,BARBUSSE (AVENUE HENRI),,,Plein jour,En agglomération,Intersection en T,Normale,Deux véhicules - côté,,,,,,,,,,,1,2,3,1.0,3.0
201000050324,0010-02-20 22:40:00,10,2,20,22,40,930,8,"258, STALINGRAD (RUE DE)",48.9174,2.41921,Nuit avec éclairage allumé,En agglomération,Hors intersection,Normale,Autre collision,,,,,,,,,,,5,2,1,1.0,6.0
201000050325,0010-10-16 12:10:00,10,10,16,12,10,930,8,"0, JAURES (AVENUE JEAN)",,,Plein jour,En agglomération,Giratoire,Temps couvert,Deux véhicules - côté,,,,,,,,,,,1,2,6,8.0,3.0
201000050326,0010-10-18 09:45:00,10,10,18,9,45,930,8,BARBUSSE (AVENUE HENRI),,,Plein jour,En agglomération,Hors intersection,Normale,Autre collision,,,,,,,,,,,1,2,1,1.0,6.0
201000050327,0010-10-27 17:45:00,10,10,27,17,45,930,8,"45, ROLLAND (RUE ROMAIN)",,,Plein jour,En agglomération,Intersection en T,Normale,Autre collision,,,,,,,,,,,1,2,3,1.0,6.0
201000050328,0010-11-03 14:50:00,10,11,3,14,50,930,8,"35, PARIS (RUE DE)",,,Plein jour,En agglomération,Hors intersection,Normale,Deux véhicules - côté,,,,,,,,,,,1,2,1,1.0,3.0
201000050329,0010-11-04 16:45:00,10,11,4,16,45,930,8,VAILLANT COUTURIER (AVEN,,,Plein jour,En agglomération,Hors intersection,Normale,Autre collision,,,,,,,,,,,1,2,1,1.0,6.0
201000050330,0010-11-04 23:15:00,10,11,4,23,15,930,8,PLACE ESCADRILLE N. NIEM,,,Nuit avec éclairage allumé,En agglomération,Giratoire,Normale,Autre collision,,,,,,,,,,,5,2,6,1.0,6.0
201000050331,0010-11-09 17:55:00,10,11,9,17,55,930,8,CONVENTION (AVENUE DE LA,,,Nuit sans éclairage public,En agglomération,Hors intersection,Pluie forte,Autre collision,,,,,,,,,,,3,2,1,3.0,6.0
201000050332,0010-11-19 22:30:00,10,11,19,22,30,930,8,FOLIE (CARREFOUR DE LA),,,Nuit avec éclairage allumé,En agglomération,Hors intersection,Normale,Deux véhicules - côté,,,,,,,,,,,5,2,1,1.0,3.0
201000050333,0010-11-20 00:10:00,10,11,20,0,10,930,8,", DIVISION LECLERC (AVEN",,,Nuit avec éclairage allumé,En agglomération,Intersection en T,Normale,Deux véhicules - côté,,,,,,,,,,,5,2,3,1.0,3.0
201000050334,0010-11-27 15:10:00,10,11,27,15,10,930,8,STALINGRAD (RUE DE) A10,,,Crépuscule ou aube,En agglomération,Hors intersection,Normale,Deux véhicules - côté,,,,,,,,,,,2,2,1,1.0,3.0
201000050335,0010-11-29 06:30:00,10,11,29,6,30,930,8,PARIS (RUE DE),,,Nuit avec éclairage allumé,En agglomération,Hors intersection,Neige / grêle,Sans collision,,,,,,,,,,,5,2,1,4.0,7.0
201000050336,0010-12-03 14:45:00,10,12,3,14,45,930,8,", JAURES (AVENUE JEAN)",,,Plein jour,En agglomération,Hors intersection,Normale,Autre collision,,,,,,,,,,,1,2,1,1.0,6.0
201000050337,0010-12-07 12:35:00,10,12,7,12,35,930,8,PICASSO (RUE PABLO),,,Plein jour,En agglomération,Hors intersection,Neige / grêle,Deux véhicules - arrière,,,,,,,,,,,1,2,1,4.0,2.0
201000050338,0010-12-08 12:30:00,10,12,8,12,30,930,8,"35, SEMARD (RUE PIERRE)",,,Plein jour,En agglomération,Hors intersection,Neige / grêle,Autre collision,,,,,,,,,,,1,2,1,4.0,6.0
201000050339,0010-12-14 18:43:00,10,12,14,18,43,930,8,PICASSO (RUE PABLO),,,Nuit avec éclairage allumé,En agglomération,Hors intersection,Normale,Autre collision,,,,,,,,,,,5,2,1,1.0,6.0
201000050340,0010-12-21 21:00:00,10,12,21,21,0,930,8,MARAT (RUE),,,Nuit avec éclairage allumé,En agglomération,Intersection en T,Pluie légère,Autre collision,,,,,,,,,,,5,2,3,2.0,6.0
201000050341,0010-07-17 15:00:00,10,7,17,15,0,930,10,GALLIENI (AV.) DE 1 A 10,,,Plein jour,En agglomération,Place,Normale,Deux véhicules - côté,,,,,,,,,,,1,2,7,1.0,3.0
201000050342,0010-01-06 12:45:00,10,1,6,12,45,930,10,"6, GALLIENI/GUESDE",48.9043,2.47293,Plein jour,En agglomération,Intersection en X,Neige / grêle,Autre collision,,,,,,,,,,,1,2,2,4.0,6.0
201000050343,0010-01-07 10:30:00,10,1,7,10,30,930,57,23 R THOMAS,48.8993,2.50212,Plein jour,En agglomération,Hors intersection,Normale,Autre collision,,,,,,,,,,,1,2,1,1.0,6.0
201000050344,0010-01-09 18:00:00,10,1,9,18,0,930,57,"50, AV BRIAND",48.9078,2.4939,Nuit avec éclairage allumé,En agglomération,Hors intersection,Neige / grêle,Deux véhicules - côté,,,,,,,,,,,5,2,1,4.0,3.0
201000050345,0010-01-14 19:45:00,10,1,14,19,45,930,10,"12, LIMITES",48.891,2.49779,Nuit avec éclairage allumé,En agglomération,Intersection en X,Normale,Autre collision,,,,,,,,,,,5,2,2,1.0,6.0
201000050346,0010-01-16 18:00:00,10,1,16,18,0,930,57,BRIAND/R GEORGES,48.9079,2.49405,Nuit sans éclairage public,En agglomération,Intersection en T,Pluie forte,Autre collision,,,,,,,,,,,3,2,3,3.0,6.0
201000050347,0010-01-19 17:15:00,10,1,19,17,15,930,10,"53, GALLIENI",48.9057,2.47709,Crépuscule ou aube,En agglomération,Hors intersection,Normale,Deux véhicules - côté,,,,,,,,,,,2,2,1,1.0,3.0
201000050348,0010-01-21 08:55:00,10,1,21,8,55,930,10,"60, SALENGRO",48.9001,2.47849,Plein jour,En agglomération,Hors intersection,Temps couvert,Deux véhicules - arrière,,,,,,,,,,,1,2,1,8.0,2.0
201000050349,0010-01-23 23:30:00,10,1,23,23,30,930,57,BOUGAINVILLE/ 14 JUILLET,48.916,2.49221,Nuit avec éclairage allumé,En agglomération,Intersection en X,Normale,Deux véhicules - côté,,,,,,,,,,,5,2,2,1.0,3.0
201000050350,0010-01-25 18:30:00,10,1,25,18,30,930,57,"222, BRIAND",48.9103,2.51089,Nuit avec éclairage allumé,En agglomération,Hors intersection,Normale,Deux véhicules - côté,,,,,,,,,,,5,2,1,1.0,3.0
201000050351,0010-01-29 12:15:00,10,1,29,12,15,930,57,JAURES JAURES,48.9079,2.49513,Plein jour,En agglomération,Hors intersection,Pluie légère,Sans collision,,,,,,,,,,,1,2,1,2.0,7.0
201000050352,0010-02-06 16:50:00,10,2,6,16,50,930,10,"125, GROSLAY",48.9109,2.47443,Plein jour,En agglomération,Intersection en Y,Pluie légère,Deux véhicules - côté,,,,,,,,,,,1,2,4,2.0,3.0
201000050353,0010-02-10 12:00:00,10,2,10,12,0,930,10,"203, GALLIENI",48.9071,2.48827,Plein jour,En agglomération,Hors intersection,Neige / grêle,Autre collision,,,,,,,,,,,1,2,1,4.0,6.0
201000050354,0010-02-12 05:20:00,10,2,12,5,20,930,57,BRIAND,48.9116,2.51933,Nuit avec éclairage allumé,En agglomération,Hors intersection,Normale,Autre collision,,,,,,,,,,,5,2,1,1.0,6.0
201000050355,0010-02-14 14:00:00,10,2,14,14,0,930,10,GALLIENI 188 A 230,48.9071,2.48876,Plein jour,En agglomération,Intersection en X,Normale,Deux véhicules - côté,,,,,,,,,,,1,2,2,1.0,3.0
201000050356,0010-02-16 10:15:00,10,2,16,10,15,930,57,"8, QUATORZE JUILLET",48.9141,2.49169,Plein jour,En agglomération,Hors intersection,Normale,Autre collision,,,,,,,,,,,1,2,1,1.0,6.0
201000050357,0010-02-18 00:25:00,10,2,18,0,25,930,10,AULNAY N°47,48.9086,2.48014,Nuit avec éclairage allumé,En agglomération,Hors intersection,Temps couvert,Trois véhicules et plus - collisions multiples,,,,,,,,,,,5,2,1,8.0,5.0
201000050358,0010-02-18 09:50:00,10,2,18,9,50,930,10,"04, YVONNE (RUE)",48.8993,2.47689,Plein jour,En agglomération,Hors intersection,Normale,Autre collision,,,,,,,,,,,1,2,1,1.0,6.0
201000050359,0010-02-21 13:40:00,10,2,21,13,40,930,57,"53, HUGO",48.9089,2.51636,Plein jour,En agglomération,Hors intersection,Normale,Deux véhicules - côté,,,,,,,,,,,1,2,1,1.0,3.0
201000050360,0010-02-21 17:25:00,10,2,21,17,25,930,10,GALLIENI /R GATINE,48.9053,2.47692,Plein jour,En agglomération,Intersection en T,Normale,Deux véhicules - côté,,,,,,,,,,,1,2,3,1.0,3.0
201000050361,0010-02-23 09:10:00,10,2,23,9,10,930,10,"2, TERRE-SAINT-BLAISE",48.9171,2.48086,Plein jour,En agglomération,Hors intersection,Pluie légère,Autre collision,,,,,,,,,,,1,2,1,2.0,6.0
201000050362,0010-03-12 07:15:00,10,3,12,7,15,930,57,LAFARGUE (AL. PAUL),48.9101,2.5193,Crépuscule ou aube,En agglomération,Intersection en X,Normale,Autre collision,,,,,,,,,,,2,2,2,1.0,6.0
201000050363,0010-03-17 23:37:00,10,3,17,23,37,930,10,"56, AULNAY /GRANDET",48.9099,2.48008,Nuit avec éclairage allumé,En agglomération,Intersection en T,Normale,Deux véhicules - côté,,,,,,,,,,,5,2,3,1.0,3.0
201000050364,0010-03-19 20:20:00,10,3,19,20,20,930,57,BRIAND N° 134,48.9093,2.5036,Nuit sans éclairage public,En agglomération,Hors intersection,Pluie légère,Autre collision,,,,,,,,,,,3,2,1,2.0,6.0
201000050365,0010-03-22 12:10:00,10,3,22,12,10,930,57,BRIAND N°5,48.9078,2.49283,Plein jour,En agglomération,Hors intersection,Normale,Deux véhicules - arrière,,,,,,,,,,,1,2,1,1.0,2.0
201000050366,0010-03-23 21:10:00,10,3,23,21,10,930,10,REPUBLIQUE N° 1,48.8981,2.47847,Nuit avec éclairage allumé,En agglomération,Hors intersection,Normale,Autre collision,,,,,,,,,,,5,2,1,1.0,6.0
201000050367,0010-03-24 16:20:00,10,3,24,16,20,930,57,JAURES /CLEMENT,48.9058,2.50071,Plein jour,En agglomération,Intersection en T,Normale,Deux véhicules - arrière,,,,,,,,,,,1,2,3,1.0,2.0
201000050368,0010-03-25 08:20:00,10,3,25,8,20,930,57,BRIAND / CHE D'AULNAY,48.9103,2.51011,Plein jour,En agglomération,Intersection en T,Normale,Deux véhicules - côté,,,,,,,,,,,1,2,3,1.0,3.0
201000050369,0010-03-25 12:05:00,10,3,25,12,5,930,57,JAURES / BROSSOLETTE,48.9043,2.50463,Plein jour,En agglomération,Intersection en X,Pluie légère,Autre collision,,,,,,,,,,,1,2,2,2.0,6.0
201000050370,0010-03-27 14:20:00,10,3,27,14,20,930,10,VAILLANT/ALL DES ARTS,48.8938,2.49741,Plein jour,En agglomération,Intersection en T,Normale,Deux véhicules - côté,,,,,,,,,,,1,2,3,1.0,3.0
201000050371,0010-04-06 14:55:00,10,4,6,14,55,930,10,PASTEUR (FACE KFC),48.9044,2.48502,Plein jour,En agglomération,Hors intersection,Normale,Deux véhicules - côté,,,,,,,,,,,1,2,1,1.0,3.0
201000050372,0010-04-12 22:45:00,10,4,12,22,45,930,57,ALL MESANGES,48.9126,2.50248,Nuit avec éclairage allumé,En agglomération,Hors intersection,Normale,Deux véhicules - frontale,,,,,,,,,,,5,2,1,1.0,1.0
201000050373,0010-04-13 16:30:00,10,4,13,16,30,930,57,BRIAND 91/ALL CALMANOVIC,48.9093,2.50325,Plein jour,En agglomération,Intersection en X,Normale,Deux véhicules - arrière,,,,,,,,,,,1,2,2,1.0,2.0
201000050374,0010-04-16 17:45:00,10,4,16,17,45,930,10,"25, AUFFRET",48.9027,2.49031,Plein jour,En agglomération,Hors intersection,Normale,Autre collision,,,,,,,,,,,1,2,1,1.0,6.0
201000050375,0010-04-19 10:45:00,10,4,19,10,45,930,10,DOLET / AV DE METZ,48.8907,2.47755,Plein jour,En agglomération,Intersection en T,Normale,Autre collision,,,,,,,,,,,1,2,3,1.0,6.0
201000050376,0010-04-18 20:30:00,10,4,18,20,30,930,10,AULNAY,48.9081,2.48018,Plein jour,En agglomération,Hors intersection,Normale,Autre collision,,,,,,,,,,,1,2,1,1.0,6.0
201000050377,0010-04-20 13:15:00,10,4,20,13,15,930,10,"27, POLISSARD",48.9043,2.48035,Plein jour,En agglomération,Hors intersection,Normale,Autre collision,,,,,,,,,,,1,2,1,1.0,6.0
201000050378,0010-04-21 10:45:00,10,4,21,10,45,930,10,SAKHAROV/JOUHAUX,48.9174,2.48482,Plein jour,En agglomération,Intersection à plus de 4 branches,Normale,Deux véhicules - arrière,,,,,,,,,,,1,2,5,1.0,2.0
201000050379,0010-04-25 18:55:00,10,4,25,18,55,930,10,VAILLANT/CURIE,48.8964,2.47931,Plein jour,En agglomération,Intersection en T,Normale,Deux véhicules - côté,,,,,,,,,,,1,2,3,1.0,3.0
201000050380,0010-04-26 11:50:00,10,4,26,11,50,930,57,MONTYON,48.9117,2.50949,Plein jour,En agglomération,Intersection en X,Normale,Sans collision,,,,,,,,,,,1,2,2,1.0,7.0
201000050381,0010-04-28 18:00:00,10,4,28,18,0,930,57,BRIAND 238 A 308,48.9114,2.51795,Plein jour,En agglomération,Hors intersection,Normale,Deux véhicules - arrière,,,,,,,,,,,1,2,1,1.0,2.0
201000050382,0010-04-30 17:15:00,10,4,30,17,15,930,10,"02, BUISSON",48.9144,2.4798,Plein jour,En agglomération,Hors intersection,Normale,Autre collision,,,,,,,,,,,1,2,1,1.0,6.0
201000050383,0010-05-02 00:55:00,10,5,2,0,55,930,10,GALLIENI / AULNAY,48.9061,2.48033,Nuit sans éclairage public,En agglomération,Intersection en X,Pluie forte,Trois véhicules et plus - en chaîne,,,,,,,,,,,3,2,2,3.0,4.0
201000050384,0010-05-04 19:00:00,10,5,4,19,0,930,10,"54, BLANQUI",48.8994,2.48312,Plein jour,En agglomération,Hors intersection,Normale,Sans collision,,,,,,,,,,,1,2,1,1.0,7.0
201000050385,0010-05-10 13:40:00,10,5,10,13,40,930,10,PASTEUR,48.9037,2.48405,Plein jour,En agglomération,Hors intersection,Normale,Deux véhicules - arrière,,,,,,,,,,,1,2,1,1.0,2.0
201000050386,0010-05-11 05:35:00,10,5,11,5,35,930,57,"51, BRIAND ( AV. ARISTID",,,Crépuscule ou aube,En agglomération,Hors intersection,Normale,Deux véhicules - arrière,,,,,,,,,,,2,2,1,1.0,2.0
201000050387,0010-05-15 19:40:00,10,5,15,19,40,930,10,BONDY/STAINS,48.9047,2.47031,Plein jour,En agglomération,Intersection en X,Normale,Deux véhicules - côté,,,,,,,,,,,1,2,2,1.0,3.0
201000050388,0010-05-16 15:30:00,10,5,16,15,30,930,10,COLLARDEAU/ROSNY,48.9016,2.47074,Plein jour,En agglomération,Intersection en T,Normale,Autre collision,,,,,,,,,,,1,2,3,1.0,6.0
201000050389,0010-05-18 16:45:00,10,5,18,16,45,930,57,BRIAND (AV. ARISTIDE) 21,,,Plein jour,En agglomération,Hors intersection,Normale,Autre collision,,,,,,,,,,,1,2,1,1.0,6.0
201000050390,0010-05-25 16:50:00,10,5,25,16,50,930,57,"16, BRIAND (AV. ARISTIDE",,,Plein jour,En agglomération,Hors intersection,Normale,Deux véhicules - arrière,,,,,,,,,,,1,2,1,1.0,2.0
201000050391,0010-05-26 06:15:00,10,5,26,6,15,930,57,"90, WILSON (AV. DU PRESI",,,Crépuscule ou aube,En agglomération,Hors intersection,Normale,Autre collision,,,,,,,,,,,2,2,1,1.0,6.0
201000050392,0010-05-28 13:05:00,10,5,28,13,5,930,10,"12, GRANDGOUSIER (RUE)",,,Plein jour,En agglomération,Giratoire,Normale,Deux véhicules - côté,,,,,,,,,,,1,2,6,1.0,3.0
201000050393,0010-05-28 19:00:00,10,5,28,19,0,930,10,"178, GROSLAY (CHEM. DE)",,,Plein jour,En agglomération,Hors intersection,Normale,Autre collision,,,,,,,,,,,1,2,1,1.0,6.0
201000050394,0010-05-29 00:55:00,10,5,29,0,55,930,10,"IGNORE, GALLIENI (AV.) D",,,Nuit sans éclairage public,En agglomération,Hors intersection,Normale,Deux véhicules - côté,,,,,,,,,,,3,2,1,1.0,3.0
201000050395,0010-05-30 07:30:00,10,5,30,7,30,930,10,"31, SALENGRO (RUE ROGER)",,,Plein jour,En agglomération,Hors intersection,Normale,Autre collision,,,,,,,,,,,1,2,1,1.0,6.0
201000050396,0010-06-02 09:10:00,10,6,2,9,10,930,10,"174, GALLIENI",48.9068,2.48714,Plein jour,En agglomération,Hors intersection,Pluie légère,Deux véhicules - arrière,,,,,,,,,,,1,2,1,2.0,2.0
201000050397,0010-06-02 15:25:00,10,6,2,15,25,930,10,GALLIENI 211,48.9077,2.49254,Plein jour,En agglomération,Hors intersection,Normale,Trois véhicules et plus - en chaîne,,,,,,,,,,,1,2,1,1.0,4.0
201000050398,0010-06-02 08:45:00,10,6,2,8,45,930,10,BLUM,48.9155,2.47904,Plein jour,En agglomération,Hors intersection,Normale,Autre collision,,,,,,,,,,,1,2,1,1.0,6.0
201000050399,0010-06-02 21:10:00,10,6,2,21,10,930,10,GALLIENI /CONFORAMA,48.9041,2.47054,Plein jour,En agglomération,Intersection à plus de 4 branches,Normale,Autre collision,,,,,,,,,,,1,2,5,1.0,6.0
201000050400,0010-06-04 23:25:00,10,6,4,23,25,930,10,"108, GALLIENI",48.9059,2.48107,Nuit avec éclairage allumé,En agglomération,Hors intersection,Normale,Deux véhicules - côté,,,,,,,,,,,5,2,1,1.0,3.0
201000050401,0010-06-05 09:45:00,10,6,5,9,45,930,57,"21, PREVOYANCE",48.9065,2.49491,Plein jour,En agglomération,Hors intersection,Normale,Sans collision,,,,,,,,,,,1,2,1,1.0,7.0
201000050402,0010-06-08 14:55:00,10,6,8,14,55,930,57,MONTYON /HIPPOLYTE VINCE,48.9129,2.50669,Plein jour,En agglomération,Intersection à plus de 4 branches,Normale,Deux véhicules - côté,,,,,,,,,,,1,2,5,1.0,3.0
201000050403,0010-06-03 09:20:00,10,6,3,9,20,930,57,"234, BRIAND",48.9105,2.51205,Plein jour,En agglomération,Hors intersection,Normale,Autre collision,,,,,,,,,,,1,2,1,1.0,6.0
201000050404,0010-06-09 10:20:00,10,6,9,10,20,930,10,GALLIENI /VERDUN,48.9071,2.48876,Plein jour,En agglomération,Intersection en X,Pluie légère,Autre collision,,,,,,,,,,,1,2,2,2.0,6.0
201000050405,0010-06-09 21:00:00,10,6,9,21,0,930,57,"244, BRIAND /GUESDE",48.9105,2.51225,Crépuscule ou aube,En agglomération,Intersection en X,Pluie légère,Deux véhicules - frontale,,,,,,,,,,,2,2,2,2.0,1.0
201000050406,0010-06-12 16:20:00,10,6,12,16,20,930,10,10 R DES FRANCS AUBIERS,48.9176,2.48154,Plein jour,En agglomération,Hors intersection,Normale,Autre collision,,,,,,,,,,,1,2,1,1.0,6.0
201000050407,0010-06-14 09:00:00,10,6,14,9,0,930,10,"175, BARBUSSE",48.8997,2.49789,Plein jour,En agglomération,Intersection en T,Normale,Deux véhicules - côté,,,,,,,,,,,1,2,3,1.0,3.0
201000050408,0010-06-18 11:50:00,10,6,18,11,50,930,10,"02, POLISSARD",48.9058,2.48028,Plein jour,En agglomération,Hors intersection,Normale,Deux véhicules - côté,,,,,,,,,,,1,2,1,1.0,3.0
201000050409,0010-06-21 08:00:00,10,6,21,8,0,930,10,ROSNY/R PHILEAS COLLARDE,48.9016,2.47074,Plein jour,En agglomération,Intersection en T,Normale,Deux véhicules - arrière,,,,,,,,,,,1,2,3,1.0,2.0
201000050410,0010-06-20 21:20:00,10,6,20,21,20,930,10,CHEMIN DE FER PROLONGE,48.8911,2.49084,Plein jour,En agglomération,Intersection en X,Normale,Sans collision,,,,,,,,,,,1,2,2,1.0,7.0
201000050411,0010-06-22 14:20:00,10,6,22,14,20,930,57,MONTYON /L'EMANCIPATION,48.9137,2.50476,Plein jour,En agglomération,Intersection en T,Normale,Deux véhicules - côté,,,,,,,,,,,1,2,3,1.0,3.0
201000050412,0010-06-23 10:30:00,10,6,23,10,30,930,57,"18, BRIAND",48.9075,2.49138,Plein jour,En agglomération,Hors intersection,Normale,Deux véhicules - arrière,,,,,,,,,,,1,2,1,1.0,2.0
201000050413,0010-06-29 12:45:00,10,6,29,12,45,930,10,GALLIENI/ROSNY,48.9041,2.47054,Plein jour,En agglomération,Intersection en X,Normale,Deux véhicules - arrière,,,,,,,,,,,1,2,2,1.0,2.0
201000050414,0010-07-07 08:50:00,10,7,7,8,50,930,57,"53, BRIAND ( AV. ARISTID",,,Plein jour,En agglomération,Hors intersection,Normale,Deux véhicules - côté,,,,,,,,,,,1,2,1,1.0,3.0
201000050415,0010-07-10 10:35:00,10,7,10,10,35,930,10,"119, GROSLAY (CHEM. DE)",,,Plein jour,En agglomération,Hors intersection,Normale,Autre collision,,,,,,,,,,,1,2,1,1.0,6.0
201000050416,0010-07-19 17:00:00,10,7,19,17,0,930,10,ALPY (RUE HENRI),,,Plein jour,En agglomération,Intersection en T,Normale,Deux véhicules - côté,,,,,,,,,,,1,2,3,1.0,3.0
201000050417,0010-07-28 23:15:00,10,7,28,23,15,930,10,"IGNORE, BAUDIN (RUE) DE",,,Nuit avec éclairage allumé,En agglomération,Hors intersection,Normale,Trois véhicules et plus - collisions multiples,,,,,,,,,,,5,2,1,1.0,5.0
201000050418,0010-07-28 09:20:00,10,7,28,9,20,930,57,"15, HUGO (AV. VICTOR)",,,Plein jour,En agglomération,Intersection en X,Normale,Deux véhicules - côté,,,,,,,,,,,1,2,2,1.0,3.0
201000050419,0010-07-28 17:05:00,10,7,28,17,5,930,10,"1, GALLIENI (AV.) DE 98",,,Plein jour,En agglomération,Intersection en T,Normale,Deux véhicules - côté,,,,,,,,,,,1,2,3,1.0,3.0
201000050420,0010-07-31 23:50:00,10,7,31,23,50,930,10,"5, AUFFRET ( RUE JULES)",,,Nuit avec éclairage allumé,En agglomération,Hors intersection,Normale,Autre collision,,,,,,,,,,,5,2,1,1.0,6.0
201000050421,0010-08-01 17:30:00,10,8,1,17,30,930,10,GALLIENI (AV.) DE 2 A 96,,,Plein jour,En agglomération,Hors intersection,Normale,Deux véhicules - arrière,,,,,,,,,,,1,2,1,1.0,2.0
201000050422,0010-08-02 16:00:00,10,8,2,16,0,930,10,"53, CARNOT (AV.) DE 1 A",,,Plein jour,En agglomération,Hors intersection,Normale,Deux véhicules - arrière,,,,,,,,,,,1,2,1,1.0,2.0
201000050423,0010-08-03 20:55:00,10,8,3,20,55,930,10,GALLIENI (AV.) DE 2 A 96,,,Nuit avec éclairage allumé,En agglomération,Intersection en X,Normale,Autre collision,,,,,,,,,,,5,2,2,1.0,6.0
201000050424,0010-08-17 18:40:00,10,8,17,18,40,930,10,FRANCE (AV. ANATOLE) DE,,,Plein jour,En agglomération,Hors intersection,Normale,Trois véhicules et plus - en chaîne,,,,,,,,,,,1,2,1,1.0,4.0
201000050425,0010-08-19 16:30:00,10,8,19,16,30,930,10,"66 Bis, VILLEMOMBLE (RTE",,,Plein jour,En agglomération,Intersection en T,Normale,Deux véhicules - côté,,,,,,,,,,,1,2,3,1.0,3.0
201000050426,0010-08-23 18:05:00,10,8,23,18,5,930,10,BLANQUI (R. LOUIS-AUGUST,,,Plein jour,En agglomération,Hors intersection,Pluie légère,Autre collision,,,,,,,,,,,1,2,1,2.0,6.0
201000050427,0010-08-25 15:00:00,10,8,25,15,0,930,57,"35, HUGO (AV. VICTOR)",,,Plein jour,En agglomération,Hors intersection,Normale,Deux véhicules - arrière,,,,,,,,,,,1,2,1,1.0,2.0
201000050428,0010-08-26 17:05:00,10,8,26,17,5,930,10,SAKHAROV (RUE ANDREI),,,Plein jour,En agglomération,Hors intersection,Temps couvert,Deux véhicules - côté,,,,,,,,,,,1,2,1,8.0,3.0
201000050429,0010-08-31 17:15:00,10,8,31,17,15,930,57,"22, LECLERC (AV. DU GENE",,,Plein jour,En agglomération,Hors intersection,Normale,Deux véhicules - côté,,,,,,,,,,,1,2,1,1.0,3.0
201000050430,0010-09-03 19:00:00,10,9,3,19,0,930,10,MOULIN (AV. JEAN) COTE P,,,Plein jour,En agglomération,Intersection en X,Normale,Autre collision,,,,,,,,,,,1,2,2,1.0,6.0
201000050431,0010-09-04 12:25:00,10,9,4,12,25,930,57,"21, JAURES (AV. JEAN) 1",,,Plein jour,En agglomération,Intersection en T,Normale,Deux véhicules - côté,,,,,,,,,,,1,2,3,1.0,3.0
201000050432,0010-09-09 19:00:00,10,9,9,19,0,930,57,BRIAND (AV. ARISTIDE) 21,,,Plein jour,En agglomération,Hors intersection,Normale,Autre collision,,,,,,,,,,,1,2,1,1.0,6.0
201000050433,0010-09-09 21:15:00,10,9,9,21,15,930,10,BLANQUI (R. LOUIS-AUGUST,,,Nuit avec éclairage allumé,En agglomération,Intersection en T,Pluie légère,Deux véhicules - côté,,,,,,,,,,,5,2,3,2.0,3.0
201000050434,0010-09-17 13:40:00,10,9,17,13,40,930,10,"197, GALLIENI (AV.) DE 1",,,Plein jour,En agglomération,Hors intersection,Normale,Deux véhicules - arrière,,,,,,,,,,,1,2,1,1.0,2.0
201000050435,0010-09-16 19:15:00,10,9,16,19,15,930,10,GALLIENI (AV.) DE 2 A 96,,,Plein jour,En agglomération,Hors intersection,Normale,Deux véhicules - côté,,,,,,,,,,,1,2,1,1.0,3.0
201000050436,0010-09-20 15:15:00,10,9,20,15,15,930,10,VERGER (RUE DU),,,Plein jour,En agglomération,Hors intersection,Normale,Autre collision,,,,,,,,,,,1,2,1,1.0,6.0
201000050437,0010-09-23 08:20:00,10,9,23,8,20,930,10,"18, PROMENADE (VOIE)",,,Plein jour,En agglomération,Hors intersection,Normale,Autre collision,,,,,,,,,,,1,2,1,1.0,6.0