accident_id,datetime,annee,mois,jour,heure,minute,departement,commune_insee,adresse,latitude,longitude,luminosite,agglomeration,intersection,meteo,collision,nb_vehicules,nb_usagers,nb_indemnes,nb_tues,nb_blesses_hosp,nb_blesses_legers,age_cond_1,age_cond_2,veh_type_cond_1,veh_type_cond_2,lum_code,agg_code,int_code,atm_code,col_code
201000050438,0010-09-26 04:30:00,10,9,26,4,30,930,57,"138, BRIAND ( AV. ARISTI",,,Nuit avec éclairage allumé,En agglomération,Hors intersection,Normale,Deux véhicules - arrière,,,,,,,,,,,5,2,1,1.0,2.0
201000050439,0010-09-30 17:30:00,10,9,30,17,30,930,10,PASTEUR (AV.),,,Plein jour,En agglomération,Hors intersection,Normale,Autre collision,,,,,,,,,,,1,2,1,1.0,6.0
201000050440,0010-10-04 21:05:00,10,10,4,21,5,930,57,"119, JAURES (AV. JEAN) 1",,,Nuit avec éclairage allumé,En agglomération,Intersection en X,Normale,Deux véhicules - frontale,,,,,,,,,,,5,2,2,1.0,1.0
201000050441,0010-10-05 17:45:00,10,10,5,17,45,930,57,"01, JAURES (AV. JEAN) 1",,,Plein jour,En agglomération,Intersection en T,Pluie légère,Deux véhicules - côté,,,,,,,,,,,1,2,3,2.0,3.0
201000050442,0010-10-06 15:10:00,10,10,6,15,10,930,57,MONTYON (AL.) 1 A 74,,,Plein jour,En agglomération,Intersection en T,Pluie légère,Deux véhicules - côté,,,,,,,,,,,1,2,3,2.0,3.0
201000050443,0010-10-08 08:45:00,10,10,8,8,45,930,57,CALMANOVIC (AL. LOUIS),,,Plein jour,En agglomération,Hors intersection,Normale,Deux véhicules - côté,,,,,,,,,,,1,2,1,1.0,3.0
201000050444,0010-10-07 16:05:00,10,10,7,16,5,930,10,"09, BLUM (AV. LEON)",,,Plein jour,En agglomération,Hors intersection,Normale,Autre collision,,,,,,,,,,,1,2,1,1.0,6.0
201000050445,0010-10-11 08:50:00,10,10,11,8,50,930,10,ALPY (RUE HENRI),,,Plein jour,En agglomération,Intersection en X,Normale,Deux véhicules - côté,,,,,,,,,,,1,2,2,1.0,3.0
201000050446,0010-10-16 10:30:00,10,10,16,10,30,930,57,ROME (AV.),,,Plein jour,En agglomération,Hors intersection,Normale,Deux véhicules - côté,,,,,,,,,,,1,2,1,1.0,3.0
201000050447,0010-10-18 07:00:00,10,10,18,7,0,930,57,"31, BRIAND ( AV. ARISTID",,,Crépuscule ou aube,En agglomération,Hors intersection,Normale,Autre collision,,,,,,,,,,,2,2,1,1.0,6.0
201000050448,0010-10-21 14:30:00,10,10,21,14,30,930,57,"10, VAILLANT (AL. EDOUAR",,,Plein jour,En agglomération,Intersection en T,Normale,Deux véhicules - côté,,,,,,,,,,,1,2,3,1.0,3.0
201000050449,0010-10-22 15:55:00,10,10,22,15,55,930,10,THOMAS (PL. ALBERT),,,Plein jour,En agglomération,Hors intersection,Normale,Deux véhicules - côté,,,,,,,,,,,1,2,1,1.0,3.0
201000050450,0010-10-25 12:50:00,10,10,25,12,50,930,10,CARNOT (AV.) DE 56 A 129,,,Plein jour,En agglomération,Hors intersection,Normale,Deux véhicules - côté,,,,,,,,,,,1,2,1,1.0,3.0
201000050451,0010-10-26 15:40:00,10,10,26,15,40,930,10,GROSLAY (CHEM. DE),,,Plein jour,En agglomération,Intersection en T,Normale,Deux véhicules - frontale,,,,,,,,,,,1,2,3,1.0,1.0
201000050452,0010-10-26 21:15:00,10,10,26,21,15,930,57,"43, BRIAND ( AV. ARISTID",,,Nuit avec éclairage allumé,En agglomération,Hors intersection,Normale,Deux véhicules - côté,,,,,,,,,,,5,2,1,1.0,3.0
201000050453,0010-10-29 10:10:00,10,10,29,10,10,930,57,"171, JAURES (AV. JEAN) 1",,,Plein jour,En agglomération,Hors intersection,Normale,Deux véhicules - arrière,,,,,,,,,,,1,2,1,1.0,2.0
201000050454,0010-10-30 14:35:00,10,10,30,14,35,930,57,QUATORZE JUILLET (AV. DU,,,Plein jour,En agglomération,Intersection en T,Pluie légère,Deux véhicules - arrière,,,,,,,,,,,1,2,3,2.0,2.0
201000050455,0010-11-05 11:15:00,10,11,5,11,15,930,10,REPUBLIQUE (PL. DE LA),,,Plein jour,En agglomération,Hors intersection,Normale,Autre collision,,,,,,,,,,,1,2,1,1.0,6.0
201000050456,0010-11-08 19:00:00,10,11,8,19,0,930,57,BRIAND ( AV. ARISTIDE) 1,,,Nuit avec éclairage allumé,En agglomération,Intersection en X,Pluie légère,Autre collision,,,,,,,,,,,5,2,2,2.0,6.0
201000050457,0010-11-15 08:35:00,10,11,15,8,35,930,10,"55, BLANQUI (R. LOUIS-AU",,,Plein jour,En agglomération,Hors intersection,Normale,Autre collision,,,,,,,,,,,1,2,1,1.0,6.0
201000050458,0010-11-15 00:50:00,10,11,15,0,50,930,57,"82, BRIAND (AV. ARISTIDE",,,Nuit avec éclairage allumé,En agglomération,Hors intersection,Normale,Trois véhicules et plus - collisions multiples,,,,,,,,,,,5,2,1,1.0,5.0
201000050459,0010-11-16 09:15:00,10,11,16,9,15,930,57,CLEMENT (AL. JEAN- BAPTI,,,Plein jour,En agglomération,Hors intersection,Normale,Autre collision,,,,,,,,,,,1,2,1,1.0,6.0
201000050460,0010-11-18 10:30:00,10,11,18,10,30,930,10,POLISSARD (RUE AUGUSTE),,,Plein jour,En agglomération,Hors intersection,Normale,Autre collision,,,,,,,,,,,1,2,1,1.0,6.0
201000050461,0010-11-18 12:50:00,10,11,18,12,50,930,10,VAILLANT (RUE EDOUARD) 1,,,Plein jour,En agglomération,Hors intersection,Normale,Deux véhicules - arrière,,,,,,,,,,,1,2,1,1.0,2.0
201000050462,0010-11-19 17:15:00,10,11,19,17,15,930,10,GALLIENI (AV.) DE 1 A 10,,,Nuit avec éclairage allumé,En agglomération,Intersection en Y,Normale,Deux véhicules - frontale,,,,,,,,,,,5,2,4,1.0,1.0
201000050463,0010-11-20 12:15:00,10,11,20,12,15,930,10,"1, GALLIENI (AV.) CONFOR",,,Plein jour,En agglomération,Hors intersection,Normale,Deux véhicules - côté,,,,,,,,,,,1,2,1,1.0,3.0
201000050464,0010-11-27 03:30:00,10,11,27,3,30,930,57,"274, BRIAND ( AV. ARISTI",,,Nuit avec éclairage allumé,En agglomération,Hors intersection,Normale,Autre collision,,,,,,,,,,,5,2,1,1.0,6.0
201000050465,0010-12-04 19:00:00,10,12,4,19,0,930,10,"100, GROSLAY (CHEM. DE)",,,Nuit avec éclairage allumé,En agglomération,Hors intersection,Pluie légère,Autre collision,,,,,,,,,,,5,2,1,2.0,6.0
201000050466,0010-12-08 14:45:00,10,12,8,14,45,930,57,"202, BLANQUI ( RUE LOUIS",,,Plein jour,En agglomération,Intersection en T,Neige / grêle,Deux véhicules - côté,,,,,,,,,,,1,2,3,4.0,3.0
201000050467,0010-12-20 21:35:00,10,12,20,21,35,930,10,"06, DORMOY (AV. MARX) DE",,,Nuit avec éclairage allumé,En agglomération,Hors intersection,Neige / grêle,Deux véhicules - arrière,,,,,,,,,,,5,2,1,4.0,2.0
201000050468,0010-12-24 12:05:00,10,12,24,12,5,930,57,"129, FABIEN (AL. DU COLO",,,Plein jour,En agglomération,Hors intersection,Neige / grêle,Autre collision,,,,,,,,,,,1,2,1,4.0,6.0
201000050469,0010-09-07 08:33:00,10,9,7,8,33,930,13,LECLERC (AVENU DE LA DIV,,,Plein jour,En agglomération,Hors intersection,Normale,Deux véhicules - arrière,,,,,,,,,,,1,2,1,1.0,2.0
201000050470,0010-03-12 07:16:00,10,3,12,7,16,930,27,AV DU GENERAL LECLERC,48.9278,2.38158,Plein jour,En agglomération,Hors intersection,Normale,Deux véhicules - côté,,,,,,,,,,,1,2,1,1.0,3.0
201000050471,0010-06-08 23:45:00,10,6,8,23,45,930,13,ROLLAND (RUE DU CDT),48.9328,2.43687,Nuit avec éclairage allumé,En agglomération,Hors intersection,Normale,Deux véhicules - arrière,,,,,,,,,,,5,2,1,1.0,2.0
201000050472,0010-03-12 17:25:00,10,3,12,17,25,930,13,R ANIZAN CAVILLON,48.9343,2.41866,Plein jour,En agglomération,Hors intersection,Normale,Autre collision,,,,,,,,,,,1,2,1,1.0,6.0
201000050473,0010-03-15 10:15:00,10,3,15,10,15,930,13,R DE L'ABBE NIORT,48.9404,2.43151,Plein jour,En agglomération,Hors intersection,Temps éblouissant,Deux véhicules - côté,,,,,,,,,,,1,2,1,7.0,3.0
201000050474,0010-03-19 10:15:00,10,3,19,10,15,930,13,AV DE LA DIVISION LECLER,48.9346,2.42554,Plein jour,En agglomération,Hors intersection,Normale,Autre collision,,,,,,,,,,,1,2,1,1.0,6.0
201000050475,0010-07-26 10:05:00,10,7,26,10,5,930,13,"51, LECLERC (AVENU DE LA",,,Plein jour,En agglomération,Hors intersection,Normale,Deux véhicules - côté,,,,,,,,,,,1,2,1,1.0,3.0
201000050476,0010-07-12 19:10:00,10,7,12,19,10,930,27,CONVENTION (RUE DE LA),,,Plein jour,En agglomération,Intersection en T,Normale,Autre collision,,,,,,,,,,,1,2,3,1.0,6.0
201000050477,0010-07-24 16:44:00,10,7,24,16,44,930,27,VERNE (PLACE JULES),,,Plein jour,En agglomération,Giratoire,Normale,Autre collision,,,,,,,,,,,1,2,6,1.0,6.0
201000050478,0010-07-24 20:00:00,10,7,24,20,0,930,27,JOLLIOT-CURIE (RUE FREDE,,,Plein jour,En agglomération,Hors intersection,Normale,Autre collision,,,,,,,,,,,1,2,1,1.0,6.0
201000050479,0010-10-24 04:40:00,10,10,24,4,40,930,27,SALENGRO (AVENUE ROGER),,,Nuit avec éclairage allumé,En agglomération,Intersection en T,Normale,Deux véhicules - côté,,,,,,,,,,,5,2,3,1.0,3.0
201000050480,0010-04-09 17:50:00,10,4,9,17,50,930,27,AV HENRI BARBUSSE,48.9322,2.39243,Plein jour,En agglomération,Hors intersection,Normale,Autre collision,,,,,,,,,,,1,2,1,1.0,6.0
201000050481,0010-05-31 16:35:00,10,5,31,16,35,930,13,R C.ROLLAND/AV D.LECLERC,48.9349,2.42595,Plein jour,En agglomération,Intersection en X,Normale,Deux véhicules - frontale,,,,,,,,,,,1,2,2,1.0,1.0
201000050482,0010-06-18 18:00:00,10,6,18,18,0,930,27,92 AV WALDECK ROCHET,48.941,2.40923,Plein jour,En agglomération,Hors intersection,Normale,Deux véhicules - arrière,,,,,,,,,,,1,2,1,1.0,2.0
201000050483,0010-06-28 23:05:00,10,6,28,23,5,930,27,BD PASTEUR/R DE L'UNION,48.9281,2.38535,Nuit avec éclairage allumé,En agglomération,Intersection en T,Normale,Deux véhicules - côté,,,,,,,,,,,5,2,3,1.0,3.0
201000050484,0010-07-10 12:55:00,10,7,10,12,55,930,27,"20, MICHELET (AVENUE)",,,Plein jour,En agglomération,Hors intersection,Normale,Autre collision,,,,,,,,,,,1,2,1,1.0,6.0
201000050485,0010-12-24 16:30:00,10,12,24,16,30,930,13,LECLERC (AVENU DE LA DIV,,,Plein jour,En agglomération,Intersection en T,Temps couvert,Deux véhicules - côté,,,,,,,,,,,1,2,3,8.0,3.0
201000050486,0010-02-18 10:05:00,10,2,18,10,5,930,13,AV DE LA DIVISION LECLER,48.9373,2.42813,Plein jour,En agglomération,Hors intersection,Pluie légère,Autre collision,,,,,,,,,,,1,2,1,2.0,6.0
201000050487,0010-02-25 11:00:00,10,2,25,11,0,930,27,AV P. VAILLANT COUTURIER,48.9265,2.41685,Plein jour,En agglomération,Hors intersection,Normale,Deux véhicules - côté,,,,,,,,,,,1,2,1,1.0,3.0
201000050488,0010-01-22 10:15:00,10,1,22,10,15,930,27,"12, R EDGAR QUINET",48.9284,2.39441,Plein jour,En agglomération,Hors intersection,Normale,Deux véhicules - arrière,,,,,,,,,,,1,2,1,1.0,2.0
201000050489,0010-03-02 07:00:00,10,3,2,7,0,930,27,R DE VALMY/BD PASTEUR,48.923,2.38402,Plein jour,En agglomération,Intersection en X,Autre,Deux véhicules - côté,,,,,,,,,,,1,2,2,9.0,3.0
201000050490,0010-01-05 08:20:00,10,1,5,8,20,930,13,JEAN JAURES / ELISE DERO,,,Plein jour,En agglomération,Intersection en T,Normale,Deux véhicules - arrière,,,,,,,,,,,1,2,3,1.0,2.0
201000050491,0010-01-17 14:48:00,10,1,17,14,48,930,27,R FRANCE/R DE NORMANDIE,48.9201,2.40737,Plein jour,En agglomération,Intersection en X,Normale,Deux véhicules - côté,,,,,,,,,,,1,2,2,1.0,3.0
201000050492,0010-02-12 20:25:00,10,2,12,20,25,930,27,R GARIBALDI/COUTURIER,48.923,2.41319,Nuit avec éclairage allumé,En agglomération,Intersection en T,Neige / grêle,Sans collision,,,,,,,,,,,5,2,3,4.0,7.0
201000050493,0010-03-16 14:20:00,10,3,16,14,20,930,27,R GIUSEPPE GARIBALDI,48.9224,2.41527,Plein jour,En agglomération,Hors intersection,Normale,Sans collision,,,,,,,,,,,1,2,1,1.0,7.0
201000050494,0010-03-29 19:35:00,10,3,29,19,35,930,27,AV ROGER SALENGRO,48.9346,2.3871,Crépuscule ou aube,En agglomération,Hors intersection,Pluie légère,Deux véhicules - arrière,,,,,,,,,,,2,2,1,2.0,2.0
201000050495,0010-02-02 20:50:00,10,2,2,20,50,930,27,BD PASTEUR,48.9284,2.38541,Nuit avec éclairage allumé,En agglomération,Hors intersection,Pluie légère,Autre collision,,,,,,,,,,,5,2,1,2.0,6.0
201000050496,0010-04-02 09:08:00,10,4,2,9,8,930,27,LECLERC (PLACE DU GENERA,48.9282,2.38256,Plein jour,En agglomération,Hors intersection,Pluie légère,Autre collision,,,,,,,,,,,1,2,1,2.0,6.0
201000050497,0010-04-08 21:30:00,10,4,8,21,30,930,27,R DE LA CONVENTION,48.9272,2.39284,Nuit avec éclairage allumé,En agglomération,Hors intersection,Normale,Autre collision,,,,,,,,,,,5,2,1,1.0,6.0
201000050498,0010-04-20 14:00:00,10,4,20,14,0,930,27,AV P  VAILLANT COUTURIER,48.9223,2.41244,Plein jour,En agglomération,Hors intersection,Normale,Deux véhicules - arrière,,,,,,,,,,,1,2,1,1.0,2.0
201000050499,0010-04-22 06:35:00,10,4,22,6,35,930,27,PASTEUR/VALMY,48.923,2.38402,Crépuscule ou aube,En agglomération,Intersection en X,Normale,Deux véhicules - côté,,,,,,,,,,,2,2,2,1.0,3.0
201000050500,0010-05-06 15:00:00,10,5,6,15,0,930,27,", CONVENTION (RUE DE LA)",48.9291,2.38754,Plein jour,En agglomération,Hors intersection,Normale,Deux véhicules - arrière,,,,,,,,,,,1,2,1,1.0,2.0
201000050501,0010-03-20 16:20:00,10,3,20,16,20,930,13,AV DE LA DIVISION LECLER,48.9389,2.42957,Plein jour,En agglomération,Hors intersection,Normale,Deux véhicules - côté,,,,,,,,,,,1,2,1,1.0,3.0
201000050502,0010-03-26 20:00:00,10,3,26,20,0,930,27,BD PASTEUR,48.9247,2.38454,Nuit avec éclairage allumé,En agglomération,Hors intersection,Normale,Autre collision,,,,,,,,,,,5,2,1,1.0,6.0
201000050503,0010-05-10 16:30:00,10,5,10,16,30,930,27,PASTEUR (BOULEVARD) DE 4,48.9296,2.3858,Plein jour,En agglomération,Giratoire,Temps couvert,Deux véhicules - côté,,,,,,,,,,,1,2,6,8.0,3.0
201000050504,0010-04-05 18:35:00,10,4,5,18,35,930,30,"18, PERI (PLACE GABRIEL)",48.9548,2.41675,Plein jour,En agglomération,Hors intersection,Normale,Autre collision,,,,,,,,,,,1,2,1,1.0,6.0
201000050505,0010-05-18 15:10:00,10,5,18,15,10,930,30,AV DU 8 MAI 1945,48.9553,2.44416,Plein jour,En agglomération,Hors intersection,Normale,Autre collision,,,,,,,,,,,1,2,1,1.0,6.0
201000050506,0010-06-20 07:30:00,10,6,20,7,30,930,27,PL DU 8 MAI 1945,48.921,2.41081,Plein jour,En agglomération,Place,Normale,Deux véhicules - frontale,,,,,,,,,,,1,2,7,1.0,1.0
201000050507,0010-06-23 21:45:00,10,6,23,21,45,930,27,PL DU GENERAL LECLERC,48.93,2.38561,Crépuscule ou aube,En agglomération,Place,Normale,Deux véhicules - côté,,,,,,,,,,,2,2,7,1.0,3.0
201000050508,0010-05-31 12:00:00,10,5,31,12,0,930,27,JAURES/CORNEILLE,48.9246,2.4018,Plein jour,En agglomération,Intersection en T,Normale,Deux véhicules - côté,,,,,,,,,,,1,2,3,1.0,3.0
201000050509,0010-06-28 07:55:00,10,6,28,7,55,930,13,ROLLAND (RUE DU CDT),48.9328,2.43699,Plein jour,En agglomération,Hors intersection,Normale,Deux véhicules - côté,,,,,,,,,,,1,2,1,1.0,3.0
201000050510,0010-07-07 05:30:00,10,7,7,5,30,930,27,VAILLANT-COUTURIER (AVEN,,,Crépuscule ou aube,En agglomération,Intersection en X,Normale,Deux véhicules - côté,,,,,,,,,,,2,2,2,1.0,3.0
201000050511,0010-07-08 18:30:00,10,7,8,18,30,930,27,"26, CREVECOEUR (RUE DE)",,,Plein jour,En agglomération,Hors intersection,Normale,Autre collision,,,,,,,,,,,1,2,1,1.0,6.0
201000050512,0010-07-30 08:10:00,10,7,30,8,10,930,27,"7/15, BLERIOT (AVENUE LO",,,Plein jour,En agglomération,Hors intersection,Normale,Deux véhicules - arrière,,,,,,,,,,,1,2,1,1.0,2.0
201000050513,0010-07-25 11:55:00,10,7,25,11,55,930,27,"102, CONVENTION (RUE DE",,,Plein jour,En agglomération,Hors intersection,Normale,Autre collision,,,,,,,,,,,1,2,1,1.0,6.0
201000050514,0010-07-30 20:30:00,10,7,30,20,30,930,27,PREVOYANTS (RUE DES),,,Plein jour,En agglomération,Hors intersection,Normale,Autre collision,,,,,,,,,,,1,2,1,1.0,6.0
201000050515,0010-06-04 16:54:00,10,6,4,16,54,930,13,LECLERC / NIEMEN,48.9403,2.43081,Plein jour,En agglomération,Intersection en X,Temps éblouissant,Deux véhicules - côté,,,,,,,,,,,1,2,2,7.0,3.0
201000050516,0010-08-06 10:00:00,10,8,6,10,0,930,27,", LECLERC (AVENUE DU GEN",,,Plein jour,En agglomération,Passage à niveau,Normale,Autre collision,,,,,,,,,,,1,2,8,1.0,6.0
201000050517,0010-06-11 17:15:00,10,6,11,17,15,930,27,PASTEUR / PARMENTIER,,,Plein jour,En agglomération,Intersection en T,Normale,Autre collision,,,,,,,,,,,1,2,3,1.0,6.0
201000050518,0010-08-06 15:20:00,10,8,6,15,20,930,27,"1, CONVENTION (RUE DE LA",,,Plein jour,En agglomération,Hors intersection,Normale,Trois véhicules et plus - collisions multiples,,,,,,,,,,,1,2,1,1.0,5.0
201000050519,0010-06-23 12:15:00,10,6,23,12,15,930,27,AV LECLERC/R DE L'UNION,48.9285,2.38304,Plein jour,En agglomération,Intersection en X,Normale,Deux véhicules - côté,,,,,,,,,,,1,2,2,1.0,3.0
201000050520,0010-08-09 10:20:00,10,8,9,10,20,930,27,"31, JAURES (AVENUE JEAN)",,,Plein jour,En agglomération,Intersection en X,Normale,Trois véhicules et plus - collisions multiples,,,,,,,,,,,1,2,2,1.0,5.0
201000050521,0010-04-24 14:45:00,10,4,24,14,45,930,27,PASTEUR DE 1 A 39,48.9204,2.38296,Plein jour,En agglomération,Hors intersection,Normale,Deux véhicules - arrière,,,,,,,,,,,1,2,1,1.0,2.0
201000050522,0010-08-16 07:00:00,10,8,16,7,0,930,13,"14, LECLERC (AVENU DE LA",,,Nuit avec éclairage allumé,En agglomération,Hors intersection,Pluie forte,Deux véhicules - arrière,,,,,,,,,,,5,2,1,3.0,2.0
201000050523,0010-04-24 16:05:00,10,4,24,16,5,930,27,BARBUSSE/MICHEL,48.9305,2.38807,Plein jour,En agglomération,Intersection en T,Normale,Sans collision,,,,,,,,,,,1,2,3,1.0,7.0
201000050524,0010-07-27 11:55:00,10,7,27,11,55,930,27,"68, SAINT-DENIS (RUE DE)",,,Plein jour,En agglomération,Intersection en T,Normale,Deux véhicules - côté,,,,,,,,,,,1,2,3,1.0,3.0
201000050525,0010-08-25 20:00:00,10,8,25,20,0,930,27,SAINT-JUST (RUE),,,Plein jour,En agglomération,Hors intersection,Normale,Autre collision,,,,,,,,,,,1,2,1,1.0,6.0
201000050526,0010-08-31 14:55:00,10,8,31,14,55,930,13,"2, LECLERC (AVENU DE LA",,,Plein jour,En agglomération,Hors intersection,Normale,Trois véhicules et plus - collisions multiples,,,,,,,,,,,1,2,1,1.0,5.0
201000050527,0010-08-28 07:05:00,10,8,28,7,5,930,27,VAILLANT-COUTURIER (AVEN,,,Plein jour,En agglomération,Intersection en X,Normale,Deux véhicules - côté,,,,,,,,,,,1,2,2,1.0,3.0
201000050528,0010-08-28 13:05:00,10,8,28,13,5,930,30,LECLERC DE HAUTECLOQUE (,,,Plein jour,En agglomération,Hors intersection,Normale,Deux véhicules - côté,,,,,,,,,,,1,2,1,1.0,3.0
201000050529,0010-09-04 12:35:00,10,9,4,12,35,930,27,PASTEUR (BOULEVARD) DE 1,,,Plein jour,En agglomération,Intersection en X,Normale,Autre collision,,,,,,,,,,,1,2,2,1.0,6.0
201000050530,0010-09-04 12:55:00,10,9,4,12,55,930,27,"51, SALENGRO (AVENUE ROG",,,Plein jour,En agglomération,Hors intersection,Normale,Deux véhicules - arrière,,,,,,,,,,,1,2,1,1.0,2.0
201000050531,0010-09-13 17:45:00,10,9,13,17,45,930,30,CROIZAT (AVENUE AMBROISE,,,Plein jour,En agglomération,Intersection en X,Normale,Deux véhicules - arrière,,,,,,,,,,,1,2,2,1.0,2.0
201000050532,0010-09-20 19:30:00,10,9,20,19,30,930,30,CHARDAVOINE (RUE ALBERT),,,Crépuscule ou aube,En agglomération,Intersection en X,Normale,Deux véhicules - côté,,,,,,,,,,,2,2,2,1.0,3.0
201000050533,0010-09-21 16:30:00,10,9,21,16,30,930,13,ROLLAND (RUE DU CDT),,,Plein jour,En agglomération,Hors intersection,Normale,Autre collision,,,,,,,,,,,1,2,1,1.0,6.0
201000050534,0010-09-14 22:35:00,10,9,14,22,35,930,13,LECLERC (AVENU DE LA DIV,,,Nuit avec éclairage allumé,En agglomération,Hors intersection,Normale,Autre collision,,,,,,,,,,,5,2,1,1.0,6.0
201000050535,0010-09-22 16:30:00,10,9,22,16,30,930,13,LECLERC (AVENU DE LA DIV,,,Plein jour,En agglomération,Hors intersection,Normale,Autre collision,,,,,,,,,,,1,2,1,1.0,6.0
201000050536,0010-09-20 13:50:00,10,9,20,13,50,930,30,CROIZAT (AVENUE AMBROISE,,,Plein jour,En agglomération,Hors intersection,Normale,Deux véhicules - côté,,,,,,,,,,,1,2,1,1.0,3.0
201000050537,0010-09-27 18:15:00,10,9,27,18,15,930,13,DEPORTES (PLACE DES),,,Plein jour,En agglomération,Hors intersection,Normale,Autre collision,,,,,,,,,,,1,2,1,1.0,6.0
201000050538,0010-09-28 14:30:00,10,9,28,14,30,930,30,"78, HUIT-MAI-1945 (AVENU",,,Plein jour,En agglomération,Hors intersection,Normale,Deux véhicules - côté,,,,,,,,,,,1,2,1,1.0,3.0
201000050539,0010-04-27 06:57:00,10,4,27,6,57,930,30,R GUYNEMER,48.9544,2.4154,Crépuscule ou aube,En agglomération,Hors intersection,Normale,Deux véhicules - frontale,,,,,,,,,,,2,2,1,1.0,1.0
201000050540,0010-10-01 16:05:00,10,10,1,16,5,930,27,VAILLANT-COUTURIER (AVEN,,,Plein jour,En agglomération,Hors intersection,Pluie légère,Deux véhicules - côté,,,,,,,,,,,1,2,1,2.0,3.0
201000050541,0010-04-27 11:30:00,10,4,27,11,30,930,13,"2,AV DE LA DIVISION LECL",48.9322,2.42305,Plein jour,En agglomération,Hors intersection,Normale,Deux véhicules - arrière,,,,,,,,,,,1,2,1,1.0,2.0
201000050542,0010-10-01 20:00:00,10,10,1,20,0,930,27,PASTEUR (BOULEVARD) DE 4,,,Nuit avec éclairage allumé,En agglomération,Hors intersection,Pluie légère,Deux véhicules - côté,,,,,,,,,,,5,2,1,2.0,3.0
201000050543,0010-05-04 17:40:00,10,5,4,17,40,930,27,PASTEUR / CURIE,48.921,2.38317,Plein jour,En agglomération,Intersection en X,Normale,Deux véhicules - arrière,,,,,,,,,,,1,2,2,1.0,2.0
201000050544,0010-10-02 21:25:00,10,10,2,21,25,930,13,LECLERC (AVENU DE LA DIV,,,Nuit avec éclairage allumé,En agglomération,Intersection en Y,Normale,Autre collision,,,,,,,,,,,5,2,4,1.0,6.0
201000050545,0010-10-07 19:20:00,10,10,7,19,20,930,27,SALENGRO (AVENUE ROGER),,,Nuit avec éclairage allumé,En agglomération,Hors intersection,Normale,Trois véhicules et plus - collisions multiples,,,,,,,,,,,5,2,1,1.0,5.0
201000050546,0010-10-07 19:20:00,10,10,7,19,20,930,27,"170, VAILLANT-COUTURIER",,,Nuit avec éclairage allumé,En agglomération,Hors intersection,Normale,Autre collision,,,,,,,,,,,5,2,1,1.0,6.0
201000050547,0010-10-18 15:45:00,10,10,18,15,45,930,13,ROLLAND (RUE DU CDT),,,Plein jour,En agglomération,Hors intersection,Normale,Deux véhicules - côté,,,,,,,,,,,1,2,1,1.0,3.0
201000050548,0010-10-19 03:10:00,10,10,19,3,10,930,13,LINDBERGH (CARREFOUR),,,Nuit avec éclairage allumé,En agglomération,Giratoire,Normale,Autre collision,,,,,,,,,,,5,2,6,1.0,6.0
201000050549,0010-10-22 17:25:00,10,10,22,17,25,930,27,VAILLANT-COUTURIER (AVEN,,,Plein jour,En agglomération,Hors intersection,Normale,Deux véhicules - côté,,,,,,,,,,,1,2,1,1.0,3.0
201000050550,0010-10-22 16:00:00,10,10,22,16,0,930,13,"6, VERDUN (RUE DE)",,,Plein jour,En agglomération,Hors intersection,Normale,Autre collision,,,,,,,,,,,1,2,1,1.0,6.0
201000050551,0010-10-23 15:13:00,10,10,23,15,13,930,27,RASPAIL (RUE),,,Plein jour,En agglomération,Intersection en T,Pluie légère,Deux véhicules - côté,,,,,,,,,,,1,2,3,2.0,3.0
201000050552,0010-10-28 01:10:00,10,10,28,1,10,930,30,HUIT-MAI-1945 (AVENUE DU,,,Nuit avec éclairage allumé,En agglomération,Hors intersection,Normale,Autre collision,,,,,,,,,,,5,2,1,1.0,6.0
201000050553,0010-11-01 22:45:00,10,11,1,22,45,930,27,"53, PASTEUR (BOULEVARD)",,,Nuit avec éclairage allumé,En agglomération,Intersection en X,Normale,Deux véhicules - côté,,,,,,,,,,,5,2,2,1.0,3.0
201000050554,0010-11-05 22:15:00,10,11,5,22,15,930,27,SALENGRO (AVENUE ROGER),,,Nuit avec éclairage allumé,En agglomération,Intersection en X,Normale,Deux véhicules - côté,,,,,,,,,,,5,2,2,1.0,3.0
201000050555,0010-11-10 11:45:00,10,11,10,11,45,930,30,DE GAULLE (AVENUE DU GEN,,,Plein jour,En agglomération,Hors intersection,Pluie légère,Autre collision,,,,,,,,,,,1,2,1,2.0,6.0
201000050556,0010-11-19 16:45:00,10,11,19,16,45,930,27,", JOLLIOT-CURIE (RUE FRE",,,Crépuscule ou aube,En agglomération,Hors intersection,Normale,Autre collision,,,,,,,,,,,2,2,1,1.0,6.0
201000050557,0010-11-25 21:00:00,10,11,25,21,0,930,27,PASTEUR (BOULEVARD) DE 4,,,Nuit avec éclairage allumé,En agglomération,Hors intersection,Normale,Deux véhicules - côté,,,,,,,,,,,5,2,1,1.0,3.0
201000050558,0010-11-29 18:10:00,10,11,29,18,10,930,27,MERMOZ (AVENUE JEAN),,,Crépuscule ou aube,En agglomération,Giratoire,Temps couvert,Autre collision,,,,,,,,,,,2,2,6,8.0,6.0
201000050559,0010-12-12 15:50:00,10,12,12,15,50,930,27,LECLERC (AVENUE DU GENER,,,Plein jour,En agglomération,Intersection en X,Temps couvert,Deux véhicules - côté,,,,,,,,,,,1,2,2,8.0,3.0
201000050560,0010-12-22 16:55:00,10,12,22,16,55,930,13,CAVILLON (RUE ANIZAN),,,Crépuscule ou aube,En agglomération,Hors intersection,Temps couvert,Deux véhicules - arrière,,,,,,,,,,,2,2,1,8.0,2.0