accident_id,datetime,annee,mois,jour,heure,minute,departement,commune_insee,adresse,latitude,longitude,luminosite,agglomeration,intersection,meteo,collision,nb_vehicules,nb_usagers,nb_indemnes,nb_tues,nb_blesses_hosp,nb_blesses_legers,age_cond_1,age_cond_2,veh_type_cond_1,veh_type_cond_2,lum_code,agg_code,int_code,atm_code,col_code
201000050561,0010-12-13 16:45:00,10,12,13,16,45,930,27,"64, SAINT-DENIS (RUE DE)",,,Crépuscule ou aube,En agglomération,Intersection en T,Normale,Autre collision,,,,,,,,,,,2,2,3,1.0,6.0
201000050562,0010-12-15 17:55:00,10,12,15,17,55,930,13,LECLERC (AVENU DE LA DIV,,,Crépuscule ou aube,En agglomération,Intersection en X,Normale,Autre collision,,,,,,,,,,,2,2,2,1.0,6.0
201000050563,0010-07-11 23:15:00,10,7,11,23,15,930,27,CONVENTION (RUE DE LA),,,Nuit avec éclairage allumé,En agglomération,Autre intersection,Normale,Deux véhicules - côté,,,,,,,,,,,5,2,9,1.0,3.0
201000050564,0010-11-14 13:35:00,10,11,14,13,35,930,13,LINDBERGH (CARREFOUR),,,Plein jour,En agglomération,Hors intersection,Pluie légère,Deux véhicules - frontale,,,,,,,,,,,1,2,1,2.0,1.0
201000050565,0010-12-02 09:25:00,10,12,2,9,25,930,13,JAURES (AVENUE JEAN) DE,,,Plein jour,En agglomération,Passage à niveau,Neige / grêle,Autre collision,,,,,,,,,,,1,2,8,4.0,6.0
201000050566,0010-12-03 13:00:00,10,12,3,13,0,930,27,PASTEUR (BOULEVARD) DE 1,,,Plein jour,En agglomération,Hors intersection,Normale,Autre collision,,,,,,,,,,,1,2,1,1.0,6.0
201000050567,0010-10-31 20:10:00,10,10,31,20,10,930,27,"11, MICHELET (AVENUE)",,,Nuit avec éclairage allumé,En agglomération,Hors intersection,Normale,Autre collision,,,,,,,,,,,5,2,1,1.0,6.0
201000050568,0010-12-07 01:20:00,10,12,7,1,20,930,27,GENEVE (RUE DE),,,Nuit avec éclairage allumé,En agglomération,Giratoire,Normale,Autre collision,,,,,,,,,,,5,2,6,1.0,6.0
201000050569,0010-11-02 07:30:00,10,11,2,7,30,930,13,"26, LECLERC (AVENU DE LA",,,Plein jour,En agglomération,Hors intersection,Normale,Deux véhicules - côté,,,,,,,,,,,1,2,1,1.0,3.0
201000050570,0010-11-10 09:30:00,10,11,10,9,30,930,27,"31, JAURES (AVENUE JEAN)",,,Plein jour,En agglomération,Hors intersection,Pluie légère,Deux véhicules - côté,,,,,,,,,,,1,2,1,2.0,3.0
201000050571,0010-11-15 09:15:00,10,11,15,9,15,930,27,HUGO (AVENUE VICTOR),,,Plein jour,En agglomération,Hors intersection,Normale,Autre collision,,,,,,,,,,,1,2,1,1.0,6.0
201000050572,0010-12-18 18:15:00,10,12,18,18,15,930,27,PASTEUR (BOULEVARD) DE 1,,,Nuit avec éclairage allumé,En agglomération,Intersection en T,Neige / grêle,Autre collision,,,,,,,,,,,5,2,3,4.0,6.0
201000050573,0010-12-24 10:45:00,10,12,24,10,45,930,27,BLERIOT (AVENUE LOUIS),,,Plein jour,En agglomération,Hors intersection,Neige / grêle,Deux véhicules - arrière,,,,,,,,,,,1,2,1,4.0,2.0
201000050574,0010-01-13 12:55:00,10,1,13,12,55,930,13,AV JF KENNEDY/AV LECLERC,48.9378,2.42861,Plein jour,En agglomération,Intersection en X,Neige / grêle,Autre collision,,,,,,,,,,,1,2,2,4.0,6.0
201000050575,0010-05-08 11:23:00,10,5,8,11,23,930,27,AV P VAILLANT COUTURIER,48.9213,2.41148,Plein jour,En agglomération,Hors intersection,Normale,Deux véhicules - côté,,,,,,,,,,,1,2,1,1.0,3.0
201000050576,0010-05-10 11:40:00,10,5,10,11,40,930,27,R JEAN PIERRE TIMBAUD,48.9244,2.41644,Plein jour,En agglomération,Hors intersection,Normale,Deux véhicules - côté,,,,,,,,,,,1,2,1,1.0,3.0
201000050577,0010-05-10 13:30:00,10,5,10,13,30,930,13,AV DE LA DIVISION LECLER,48.9358,2.42683,Plein jour,En agglomération,Hors intersection,Normale,Trois véhicules et plus - collisions multiples,,,,,,,,,,,1,2,1,1.0,5.0
201000050578,0010-06-14 07:50:00,10,6,14,7,50,930,27,R JOLLOIS,48.9218,2.38341,Plein jour,En agglomération,Intersection en X,Normale,Deux véhicules - côté,,,,,,,,,,,1,2,2,1.0,3.0
201000050579,0010-11-12 16:05:00,10,11,12,16,5,930,27,"168, VAILLANT-COUTURIER",,,Plein jour,En agglomération,Hors intersection,Temps couvert,Deux véhicules - arrière,,,,,,,,,,,1,2,1,8.0,2.0
201000050580,0010-11-16 07:35:00,10,11,16,7,35,930,30,HUIT-MAI-1945 (AVENUE DU,,,Crépuscule ou aube,En agglomération,Intersection en T,Normale,Autre collision,,,,,,,,,,,2,2,3,1.0,6.0
201000050581,0010-02-14 11:33:00,10,2,14,11,33,930,27,VALMY / PASTEUR,48.923,2.38402,Plein jour,En agglomération,Intersection en X,Normale,Deux véhicules - côté,,,,,,,,,,,1,2,2,1.0,3.0
201000050582,0010-01-07 17:55:00,10,1,7,17,55,930,29,AV JEAN JAURES,48.9174,2.45634,Nuit avec éclairage allumé,En agglomération,Hors intersection,Autre,Trois véhicules et plus - en chaîne,,,,,,,,,,,5,2,1,9.0,4.0
201000050583,0010-01-19 15:30:00,10,1,19,15,30,930,29,AV DE LA DIVISION LECLER,48.9351,2.45526,Plein jour,En agglomération,Hors intersection,Normale,Deux véhicules - arrière,,,,,,,,,,,1,2,1,1.0,2.0
201000050584,0010-01-22 08:17:00,10,1,22,8,17,930,29,R ROGER SALENGRO,48.919,2.43703,Plein jour,En agglomération,Hors intersection,Temps couvert,Autre collision,,,,,,,,,,,1,2,1,8.0,6.0
201000050585,0010-01-27 05:50:00,10,1,27,5,50,930,29,AV BRIGOLLE/AV J JAURES,48.9144,2.46132,Nuit avec éclairage allumé,En agglomération,Intersection en T,Normale,Deux véhicules - côté,,,,,,,,,,,5,2,3,1.0,3.0
201000050586,0010-01-28 14:00:00,10,1,28,14,0,930,29,BD PAUL VAILLANT COUTURI,48.9231,2.4466,Plein jour,En agglomération,Hors intersection,Temps couvert,Autre collision,,,,,,,,,,,1,2,1,8.0,6.0
201000050587,0010-02-02 10:55:00,10,2,2,10,55,930,29,R ST-SAENS/AV LAVOISIER,48.9365,2.44571,Plein jour,En agglomération,Intersection en T,Temps couvert,Autre collision,,,,,,,,,,,1,2,3,8.0,6.0
201000050588,0010-02-05 19:30:00,10,2,5,19,30,930,29,AV JEAN JAURES,48.9202,2.45053,Nuit avec éclairage allumé,En agglomération,Hors intersection,Normale,Trois véhicules et plus - en chaîne,,,,,,,,,,,5,2,1,1.0,4.0
201000050589,0010-02-06 09:50:00,10,2,6,9,50,930,29,R S ET VANZETTI/A.FRANCE,48.9248,2.44764,Plein jour,En agglomération,Intersection en X,Pluie légère,Deux véhicules - côté,,,,,,,,,,,1,2,2,2.0,3.0
201000050590,0010-02-11 16:00:00,10,2,11,16,0,930,29,R SAINT-STENAY,48.919,2.41945,Plein jour,En agglomération,Hors intersection,Normale,Autre collision,,,,,,,,,,,1,2,1,1.0,6.0
201000050591,0010-02-17 19:35:00,10,2,17,19,35,930,29,R ST-SAENS/AV DESCARTES,48.9353,2.44637,Nuit avec éclairage allumé,En agglomération,Intersection en X,Normale,Deux véhicules - côté,,,,,,,,,,,5,2,2,1.0,3.0
201000050592,0010-02-18 19:25:00,10,2,18,19,25,930,29,R H.FOURNIER/R THUILLIER,48.9281,2.44285,Nuit avec éclairage allumé,En agglomération,Intersection en X,Pluie légère,Deux véhicules - côté,,,,,,,,,,,5,2,2,2.0,3.0
201000050593,0010-02-22 11:49:00,10,2,22,11,49,930,29,R ROGER SALENGRO,48.9139,2.43628,Plein jour,En agglomération,Hors intersection,Normale,Autre collision,,,,,,,,,,,1,2,1,1.0,6.0
201000050594,0010-03-02 17:10:00,10,3,2,17,10,930,29,AV MARCEAU,48.9282,2.43646,Plein jour,En agglomération,Hors intersection,Normale,Deux véhicules - côté,,,,,,,,,,,1,2,1,1.0,3.0
201000050595,0010-03-02 17:50:00,10,3,2,17,50,930,29,AV J.JAURES/AV PROLONGEE,48.9133,2.46282,Plein jour,En agglomération,Intersection en T,Normale,Deux véhicules - arrière,,,,,,,,,,,1,2,3,1.0,2.0
201000050596,0010-03-02 21:00:00,10,3,2,21,0,930,29,BD P VAILLANT COUTURIER,48.9234,2.44599,Nuit avec éclairage allumé,En agglomération,Hors intersection,Normale,Autre collision,,,,,,,,,,,5,2,1,1.0,6.0
201000050597,0010-03-17 17:20:00,10,3,17,17,20,930,29,R FERNAND PENA,48.9178,2.43472,Plein jour,En agglomération,Hors intersection,Normale,Autre collision,,,,,,,,,,,1,2,1,1.0,6.0
201000050598,0010-03-21 14:20:00,10,3,21,14,20,930,29,R DE LA STATION,48.9307,2.42811,Plein jour,En agglomération,Hors intersection,Normale,Autre collision,,,,,,,,,,,1,2,1,1.0,6.0
201000050599,0010-03-22 08:15:00,10,3,22,8,15,930,29,"169,R  A.FRANCE",48.9258,2.44913,Plein jour,En agglomération,Hors intersection,Normale,Autre collision,,,,,,,,,,,1,2,1,1.0,6.0
201000050600,0010-03-26 18:05:00,10,3,26,18,5,930,29,R SAINT-STENAY,48.918,2.41857,Plein jour,En agglomération,Hors intersection,Normale,Autre collision,,,,,,,,,,,1,2,1,1.0,6.0
201000050601,0010-03-29 16:10:00,10,3,29,16,10,930,29,"214,R ANATOLE FRANCE",48.9343,2.45597,Plein jour,En agglomération,Hors intersection,Normale,Deux véhicules - côté,,,,,,,,,,,1,2,1,1.0,3.0
201000050602,0010-04-03 17:05:00,10,4,3,17,5,930,29,AV HENRI BARBUSSE,48.9219,2.4555,Plein jour,En agglomération,Hors intersection,Normale,Deux véhicules - côté,,,,,,,,,,,1,2,1,1.0,3.0
201000050603,0010-04-03 19:30:00,10,4,3,19,30,930,29,HENRI BARBUSSE N°126-280,48.9199,2.45138,Plein jour,En agglomération,Hors intersection,Pluie légère,Autre collision,,,,,,,,,,,1,2,1,2.0,6.0
201000050604,0010-04-06 07:30:00,10,4,6,7,30,930,29,R LIBERTE/R H LANGLOIS,48.913,2.44991,Plein jour,En agglomération,Intersection en T,Normale,Deux véhicules - côté,,,,,,,,,,,1,2,3,1.0,3.0
201000050605,0010-04-13 10:45:00,10,4,13,10,45,930,29,R A.CROIZAT/R GROSPERRIN,48.9257,2.45475,Plein jour,En agglomération,Giratoire,Normale,Deux véhicules - côté,,,,,,,,,,,1,2,6,1.0,3.0
201000050606,0010-04-13 08:30:00,10,4,13,8,30,930,29,R DE LA STATION,48.9303,2.42658,Plein jour,En agglomération,Hors intersection,Normale,Deux véhicules - arrière,,,,,,,,,,,1,2,1,1.0,2.0
201000050607,0010-04-14 08:30:00,10,4,14,8,30,930,29,AV JEAN JAURES,48.9208,2.44947,Plein jour,En agglomération,Hors intersection,Pluie légère,Deux véhicules - arrière,,,,,,,,,,,1,2,1,2.0,2.0
201000050608,0010-04-23 19:40:00,10,4,23,19,40,930,29,R SADI CARNOT,48.9266,2.43896,Plein jour,En agglomération,Hors intersection,Normale,Deux véhicules - arrière,,,,,,,,,,,1,2,1,1.0,2.0
201000050609,0010-04-24 17:25:00,10,4,24,17,25,930,29,R REPUBLIQUE/R F.RUDE,48.9255,2.43137,Plein jour,En agglomération,Intersection en X,Normale,Deux véhicules - côté,,,,,,,,,,,1,2,2,1.0,3.0
201000050610,0010-04-27 23:20:00,10,4,27,23,20,930,29,R A FRANCE/J.B LECOUTEUX,48.9292,2.45319,Nuit avec éclairage allumé,En agglomération,Intersection en T,Normale,Deux véhicules - côté,,,,,,,,,,,5,2,3,1.0,3.0
201000050611,0010-04-28 19:18:00,10,4,28,19,18,930,29,AV HENRI BARBUSSE,48.9218,2.45531,Plein jour,En agglomération,Hors intersection,Normale,Autre collision,,,,,,,,,,,1,2,1,1.0,6.0
201000050612,0010-05-03 11:35:00,10,5,3,11,35,930,29,R A.BLANQUI,48.9196,2.45956,Plein jour,En agglomération,Hors intersection,Pluie légère,Autre collision,,,,,,,,,,,1,2,1,2.0,6.0
201000050613,0010-05-07 16:30:00,10,5,7,16,30,930,29,AV MARCEAU,48.9281,2.43661,Plein jour,En agglomération,Hors intersection,Normale,Deux véhicules - arrière,,,,,,,,,,,1,2,1,1.0,2.0
201000050614,0010-05-10 19:58:00,10,5,10,19,58,930,29,R ROGER SALENGRO,48.9192,2.43728,Plein jour,En agglomération,Hors intersection,Pluie légère,Deux véhicules - côté,,,,,,,,,,,1,2,1,2.0,3.0
201000050615,0010-05-16 16:50:00,10,5,16,16,50,930,29,R SAINT-STENAY,48.9198,2.42019,Plein jour,En agglomération,Hors intersection,Normale,Autre collision,,,,,,,,,,,1,2,1,1.0,6.0
201000050616,0010-05-23 18:50:00,10,5,23,18,50,930,29,LORRAINE/LADOUCETTE,48.9273,2.43872,Plein jour,En agglomération,Intersection en X,Normale,Deux véhicules - côté,,,,,,,,,,,1,2,2,1.0,3.0
201000050617,0010-05-27 00:05:00,10,5,27,0,5,930,29,AV MARCEAU,48.9278,2.43746,Nuit avec éclairage allumé,En agglomération,Hors intersection,Normale,Deux véhicules - côté,,,,,,,,,,,5,2,1,1.0,3.0
201000050618,0010-06-06 17:30:00,10,6,6,17,30,930,29,AV HENRI BARBUSSE,48.9192,2.45004,Plein jour,En agglomération,Hors intersection,Normale,Deux véhicules - côté,,,,,,,,,,,1,2,1,1.0,3.0
201000050619,0010-06-08 08:40:00,10,6,8,8,40,930,29,R GROSLAY/R J.GUESDE,48.9192,2.46236,Plein jour,En agglomération,Giratoire,Normale,Deux véhicules - côté,,,,,,,,,,,1,2,6,1.0,3.0
201000050620,0010-06-09 18:30:00,10,6,9,18,30,930,29,AV MARCEAU,48.9304,2.43102,Crépuscule ou aube,En agglomération,Hors intersection,Pluie forte,Deux véhicules - frontale,,,,,,,,,,,2,2,1,3.0,1.0
201000050621,0010-06-10 21:50:00,10,6,10,21,50,930,29,,48.9208,2.44589,Nuit avec éclairage allumé,En agglomération,Hors intersection,Normale,Sans collision,,,,,,,,,,,5,2,1,1.0,7.0
201000050622,0010-06-17 09:07:00,10,6,17,9,7,930,29,GARIBALDI/LANDRY,48.9226,2.4526,Plein jour,En agglomération,Intersection en X,Normale,Deux véhicules - côté,,,,,,,,,,,1,2,2,1.0,3.0
201000050623,0010-06-20 11:20:00,10,6,20,11,20,930,29,R S.CARNOT/R A.FRANCE,48.9235,2.4458,Plein jour,En agglomération,Intersection en T,Normale,Deux véhicules - arrière,,,,,,,,,,,1,2,3,1.0,2.0
201000050624,0010-06-20 17:30:00,10,6,20,17,30,930,29,AV HENRI BARBUSSE,48.9199,2.45142,Plein jour,En agglomération,Hors intersection,Temps couvert,Deux véhicules - côté,,,,,,,,,,,1,2,1,8.0,3.0
201000050625,0010-06-30 20:35:00,10,6,30,20,35,930,29,AV H.BARBUSSE/R A.JEDOR,48.916,2.44331,Plein jour,En agglomération,Intersection en T,Normale,Deux véhicules - côté,,,,,,,,,,,1,2,3,1.0,3.0
201000050626,0010-07-11 09:50:00,10,7,11,9,50,930,29,REPUBLIQUE (DE LA) N° 1-,,,Plein jour,En agglomération,Intersection en X,Normale,Deux véhicules - côté,,,,,,,,,,,1,2,2,1.0,3.0
201000050627,0010-07-12 16:30:00,10,7,12,16,30,930,29,"80, SAINT-STENAY",,,Plein jour,En agglomération,Hors intersection,Normale,Deux véhicules - côté,,,,,,,,,,,1,2,1,1.0,3.0
201000050628,0010-07-24 08:15:00,10,7,24,8,15,930,29,ANATOLE FRANCE,,,Plein jour,En agglomération,Hors intersection,Normale,Deux véhicules - côté,,,,,,,,,,,1,2,1,1.0,3.0
201000050629,0010-08-01 20:30:00,10,8,1,20,30,930,29,SERGENT BOBILLOT (DU),,,Plein jour,En agglomération,Hors intersection,Normale,Autre collision,,,,,,,,,,,1,2,1,1.0,6.0
201000050630,0010-08-02 13:35:00,10,8,2,13,35,930,29,"141, HENRI BARBUSSE (AVE",,,Plein jour,En agglomération,Hors intersection,Normale,Autre collision,,,,,,,,,,,1,2,1,1.0,6.0
201000050631,0010-08-03 15:38:00,10,8,3,15,38,930,29,"49, MARCEAU (AVENUE) N°",,,Plein jour,En agglomération,Hors intersection,Normale,Deux véhicules - côté,,,,,,,,,,,1,2,1,1.0,3.0
201000050632,0010-08-09 16:40:00,10,8,9,16,40,930,29,REPUBLIQUE (DE LA) N° 1-,,,Plein jour,En agglomération,Intersection en X,Normale,Deux véhicules - côté,,,,,,,,,,,1,2,2,1.0,3.0
201000050633,0010-08-13 07:15:00,10,8,13,7,15,930,29,"170, ANATOLE FRANCE",,,Plein jour,En agglomération,Hors intersection,Normale,Deux véhicules - côté,,,,,,,,,,,1,2,1,1.0,3.0
201000050634,0010-08-13 06:40:00,10,8,13,6,40,930,29,"131, ROGER SALENGRO N° 0",,,Crépuscule ou aube,En agglomération,Intersection en T,Normale,Deux véhicules - côté,,,,,,,,,,,2,2,3,1.0,3.0
201000050635,0010-08-17 14:00:00,10,8,17,14,0,930,29,"77, HENRI BARBUSSE (AVE)",,,Plein jour,En agglomération,Hors intersection,Pluie légère,Deux véhicules - côté,,,,,,,,,,,1,2,1,2.0,3.0
201000050636,0010-08-19 15:45:00,10,8,19,15,45,930,29,"67, MARCEAU (AVENUE) N°",,,Plein jour,En agglomération,Hors intersection,Normale,Autre collision,,,,,,,,,,,1,2,1,1.0,6.0
201000050637,0010-08-30 20:52:00,10,8,30,20,52,930,29,STATION (DE LA),,,Crépuscule ou aube,En agglomération,Autre intersection,Normale,Autre collision,,,,,,,,,,,2,2,9,1.0,6.0
201000050638,0010-09-06 07:50:00,10,9,6,7,50,930,29,"103, HENRI BARBUSSE (AVE",,,Plein jour,En agglomération,Intersection en T,Pluie légère,Deux véhicules - frontale,,,,,,,,,,,1,2,3,2.0,1.0
201000050639,0010-09-08 09:50:00,10,9,8,9,50,930,29,GARIBALDI (AVENUE),,,Plein jour,En agglomération,Intersection en T,Pluie légère,Deux véhicules - côté,,,,,,,,,,,1,2,3,2.0,3.0
201000050640,0010-09-09 08:45:00,10,9,9,8,45,930,29,SAINT-STENAY,,,Plein jour,En agglomération,Intersection en X,Normale,Deux véhicules - côté,,,,,,,,,,,1,2,2,1.0,3.0
201000050641,0010-09-11 11:45:00,10,9,11,11,45,930,29,"144, ROGER SALENGRO N° 9",,,Plein jour,En agglomération,Hors intersection,Normale,Autre collision,,,,,,,,,,,1,2,1,1.0,6.0
201000050642,0010-09-12 17:25:00,10,9,12,17,25,930,29,"41, JULES FERRY",,,Plein jour,En agglomération,Hors intersection,Normale,Autre collision,,,,,,,,,,,1,2,1,1.0,6.0
201000050643,0010-09-12 16:30:00,10,9,12,16,30,930,29,"FIN, FAIDHERBE",,,Plein jour,En agglomération,Hors intersection,Normale,Deux véhicules - arrière,,,,,,,,,,,1,2,1,1.0,2.0
201000050644,0010-09-15 12:45:00,10,9,15,12,45,930,29,BOIS DE GROSLAY (DES),,,Plein jour,En agglomération,Hors intersection,Normale,Autre collision,,,,,,,,,,,1,2,1,1.0,6.0
201000050645,0010-09-17 19:50:00,10,9,17,19,50,930,29,"48, HENRI BARBUSSE (AVE)",,,Plein jour,En agglomération,Hors intersection,Normale,Autre collision,,,,,,,,,,,1,2,1,1.0,6.0
201000050646,0010-09-19 05:50:00,10,9,19,5,50,930,29,DIDEROT (ROND-POINT),,,Nuit avec éclairage allumé,En agglomération,Giratoire,Normale,Autre collision,,,,,,,,,,,5,2,6,1.0,6.0
201000050647,0010-09-20 18:35:00,10,9,20,18,35,930,29,"148, HENRI BARBUSSE (AVE",,,Plein jour,En agglomération,Intersection en T,Normale,Deux véhicules - côté,,,,,,,,,,,1,2,3,1.0,3.0
201000050648,0010-09-20 19:35:00,10,9,20,19,35,930,29,"127, HENRI BARBUSSE (AVE",,,Crépuscule ou aube,En agglomération,Hors intersection,Normale,Autre collision,,,,,,,,,,,2,2,1,1.0,6.0
201000050649,0010-09-22 13:50:00,10,9,22,13,50,930,29,HENRI BARBUSSE (AVE) N°1,,,Plein jour,En agglomération,Hors intersection,Normale,Deux véhicules - frontale,,,,,,,,,,,1,2,1,1.0,1.0
201000050650,0010-09-27 21:05:00,10,9,27,21,5,930,29,"9, MARCEAU (AVENUE) N° 1",,,Crépuscule ou aube,En agglomération,Hors intersection,Normale,Deux véhicules - côté,,,,,,,,,,,2,2,1,1.0,3.0
201000050651,0010-09-28 18:45:00,10,9,28,18,45,930,29,"face tour1, BOIS DE GROS",,,Plein jour,En agglomération,Autre intersection,Normale,Autre collision,,,,,,,,,,,1,2,9,1.0,6.0
201000050652,0010-10-01 08:45:00,10,10,1,8,45,930,29,"52 bis, MARCEAU (AVENUE)",,,Plein jour,En agglomération,Hors intersection,Normale,Deux véhicules - arrière,,,,,,,,,,,1,2,1,1.0,2.0
201000050653,0010-10-06 19:45:00,10,10,6,19,45,930,29,STALINGRAD (DE),,,Nuit avec éclairage allumé,En agglomération,Hors intersection,Pluie légère,Sans collision,,,,,,,,,,,5,2,1,2.0,7.0
201000050654,0010-10-08 13:45:00,10,10,8,13,45,930,29,"116, HENRI BARBUSSE (AVE",,,Plein jour,En agglomération,Intersection en X,Normale,Autre collision,,,,,,,,,,,1,2,2,1.0,6.0
201000050655,0010-10-08 18:00:00,10,10,8,18,0,930,29,ANATOLE FRANCE,,,Plein jour,En agglomération,Hors intersection,Normale,Autre collision,,,,,,,,,,,1,2,1,1.0,6.0
201000050656,0010-10-11 13:48:00,10,10,11,13,48,930,29,"287, ANATOLE FRANCE",,,Plein jour,En agglomération,Hors intersection,Normale,Autre collision,,,,,,,,,,,1,2,1,1.0,6.0
201000050657,0010-10-23 20:45:00,10,10,23,20,45,930,29,SADI CARNOT,,,Nuit sans éclairage public,En agglomération,Intersection en T,Pluie légère,Deux véhicules - côté,,,,,,,,,,,3,2,3,2.0,3.0
201000050658,0010-10-27 17:20:00,10,10,27,17,20,930,29,"tour 1, BOIS DE GROSLAY",,,Plein jour,En agglomération,Hors intersection,Normale,Autre collision,,,,,,,,,,,1,2,1,1.0,6.0
201000050659,0010-10-31 22:40:00,10,10,31,22,40,930,29,"42, HENRI BARBUSSE (AVE)",,,Nuit avec éclairage allumé,En agglomération,Intersection en X,Normale,Deux véhicules - côté,,,,,,,,,,,5,2,2,1.0,3.0
201000050660,0010-11-01 16:50:00,10,11,1,16,50,930,29,DANTON,,,Plein jour,En agglomération,Intersection en X,Normale,Deux véhicules - côté,,,,,,,,,,,1,2,2,1.0,3.0
201000050661,0010-11-01 16:07:00,10,11,1,16,7,930,29,", JEAN JAURES (AVENUE) N",,,Plein jour,En agglomération,Intersection en T,Normale,Autre collision,,,,,,,,,,,1,2,3,1.0,6.0
201000050662,0010-11-05 16:42:00,10,11,5,16,42,930,29,JEAN JAURES (AVENUE),,,Plein jour,En agglomération,Hors intersection,Normale,Autre collision,,,,,,,,,,,1,2,1,1.0,6.0
201000050663,0010-11-09 18:10:00,10,11,9,18,10,930,29,"60-62, ROGER SALENGRO N°",,,Nuit avec éclairage allumé,En agglomération,Intersection en T,Pluie forte,Autre collision,,,,,,,,,,,5,2,3,3.0,6.0
201000050664,0010-11-13 11:55:00,10,11,13,11,55,930,29,"70, MARCEAU (AVENUE) N°",,,Plein jour,En agglomération,Hors intersection,Pluie forte,Sans collision,,,,,,,,,,,1,2,1,3.0,7.0
201000050665,0010-11-22 07:35:00,10,11,22,7,35,930,29,CHARLES GIDE,,,Nuit avec éclairage allumé,En agglomération,Intersection en X,Pluie légère,Autre collision,,,,,,,,,,,5,2,2,2.0,6.0
201000050666,0010-12-02 00:50:00,10,12,2,0,50,930,29,"194, ANATOLE FRANCE",,,Nuit avec éclairage allumé,En agglomération,Intersection en T,Neige / grêle,Deux véhicules - côté,,,,,,,,,,,5,2,3,4.0,3.0
201000050667,0010-12-03 13:35:00,10,12,3,13,35,930,29,"141/143, ROGER SALENGRO",,,Plein jour,En agglomération,Hors intersection,Normale,Autre collision,,,,,,,,,,,1,2,1,1.0,6.0
201000050668,0010-12-11 20:10:00,10,12,11,20,10,930,29,LIBERATION (DE LA),,,Nuit avec éclairage allumé,En agglomération,Hors intersection,Pluie légère,Deux véhicules - arrière,,,,,,,,,,,5,2,1,2.0,2.0
201000050669,0010-12-12 21:05:00,10,12,12,21,5,930,29,"42, HENRI BARBUSSE (AVE)",,,Nuit avec éclairage allumé,En agglomération,Hors intersection,Normale,Autre collision,,,,,,,,,,,5,2,1,1.0,6.0
201000050670,0010-12-18 22:30:00,10,12,18,22,30,930,29,", HENRI BARBUSSE (AVE) N",,,Nuit avec éclairage allumé,En agglomération,Hors intersection,Neige / grêle,Autre collision,,,,,,,,,,,5,2,1,4.0,6.0
201000050671,0010-12-31 16:00:00,10,12,31,16,0,930,29,"1, HENRI BARBUSSE (AVE)",,,Plein jour,En agglomération,Hors intersection,Temps couvert,Autre collision,,,,,,,,,,,1,2,1,8.0,6.0
201000050672,0010-12-31 21:20:00,10,12,31,21,20,930,29,"149, ANATOLE FRANCE",,,Nuit avec éclairage allumé,En agglomération,Autre intersection,Normale,Autre collision,,,,,,,,,,,5,2,9,1.0,6.0
201000050673,0010-08-29 00:45:00,10,8,29,0,45,930,31,"14, YSER (DE L')",,,Nuit avec éclairage allumé,En agglomération,Hors intersection,Normale,Autre collision,,,,,,,,,,,5,2,1,1.0,6.0
201000050674,0010-01-01 20:15:00,10,1,1,20,15,930,31,AV D'ENGHIEN,48.962,2.30529,Nuit avec éclairage allumé,En agglomération,Hors intersection,Normale,Deux véhicules - arrière,,,,,,,,,,,5,2,1,1.0,2.0
201000050675,0010-01-08 19:10:00,10,1,8,19,10,930,31,AV REPUBLIQUE/C.DEBUSSY,48.9471,2.3427,Nuit avec éclairage allumé,En agglomération,Intersection en X,Normale,Deux véhicules - côté,,,,,,,,,,,5,2,2,1.0,3.0
201000050676,0010-01-08 21:00:00,10,1,8,21,0,930,31,,48.9559,2.30248,Nuit avec éclairage allumé,En agglomération,Hors intersection,Normale,Deux véhicules - arrière,,,,,,,,,,,5,2,1,1.0,2.0
201000050677,0010-01-16 16:55:00,10,1,16,16,55,930,31,"58, GALLIENI (AVENUE)",48.9635,2.29759,Crépuscule ou aube,En agglomération,Hors intersection,Pluie légère,Autre collision,,,,,,,,,,,2,2,1,2.0,6.0
201000050678,0010-01-21 17:35:00,10,1,21,17,35,930,31,"109, REPUBLIQUE (AVENUE)",48.9508,2.32497,Crépuscule ou aube,En agglomération,Hors intersection,Normale,Trois véhicules et plus - collisions multiples,,,,,,,,,,,2,2,1,1.0,5.0
201000050679,0010-01-22 14:25:00,10,1,22,14,25,930,31,"57, ARGENTEUIL (ROUTE D'",48.9592,2.29061,Plein jour,En agglomération,Hors intersection,Normale,Deux véhicules - côté,,,,,,,,,,,1,2,1,1.0,3.0
201000050680,0010-01-26 11:50:00,10,1,26,11,50,930,31,"00, LACEPEDE",48.9545,2.3115,Plein jour,En agglomération,Hors intersection,Normale,Autre collision,,,,,,,,,,,1,2,1,1.0,6.0
201000050681,0010-01-30 13:05:00,10,1,30,13,5,930,31,"100, JOFFRE (AVENUE)",48.9606,2.2978,Plein jour,En agglomération,Hors intersection,Autre,Trois véhicules et plus - en chaîne,,,,,,,,,,,1,2,1,9.0,4.0
201000050682,0010-01-30 19:40:00,10,1,30,19,40,930,31,"0, REPUBLIQUE (AVENUE)",48.9471,2.3427,Nuit avec éclairage allumé,En agglomération,Intersection en X,Normale,Deux véhicules - frontale,,,,,,,,,,,5,2,2,1.0,1.0
201000050683,0010-02-02 14:05:00,10,2,2,14,5,930,31,"FACE AU 41, PARIS (RUE D",48.9533,2.31198,Plein jour,En agglomération,Intersection en T,Pluie légère,Autre collision,,,,,,,,,,,1,2,3,2.0,6.0
201000050684,0010-02-06 19:15:00,10,2,6,19,15,930,31,"27, GALLIENI (AVENUE)",48.9643,2.29868,Nuit avec éclairage allumé,En agglomération,Hors intersection,Pluie légère,Deux véhicules - arrière,,,,,,,,,,,5,2,1,2.0,2.0