accident_id,datetime,annee,mois,jour,heure,minute,departement,commune_insee,adresse,latitude,longitude,luminosite,agglomeration,intersection,meteo,collision,nb_vehicules,nb_usagers,nb_indemnes,nb_tues,nb_blesses_hosp,nb_blesses_legers,age_cond_1,age_cond_2,veh_type_cond_1,veh_type_cond_2,lum_code,agg_code,int_code,atm_code,col_code
201000050685,0010-02-07 21:55:00,10,2,7,21,55,930,31,"6, DE LATTRE DE TASSIGNY",48.9543,2.31344,Nuit avec éclairage allumé,En agglomération,Hors intersection,Normale,Autre collision,,,,,,,,,,,5,2,1,1.0,6.0
201000050686,0010-02-10 17:35:00,10,2,10,17,35,930,31,"115, JEAN JAURES (AVENUE",48.9576,2.32305,Nuit avec éclairage allumé,En agglomération,Hors intersection,Pluie légère,Autre collision,,,,,,,,,,,5,2,1,2.0,6.0
201000050687,0010-02-18 08:55:00,10,2,18,8,55,930,31,"19, FOCH (BOULEVARD)",48.9476,2.33249,Plein jour,En agglomération,Hors intersection,Normale,Autre collision,,,,,,,,,,,1,2,1,1.0,6.0
201000050688,0010-03-07 19:20:00,10,3,7,19,20,930,31,"169, JOFFRE (AVENUE)",48.9628,2.29202,Nuit avec éclairage allumé,En agglomération,Hors intersection,Vent fort / tempête,Deux véhicules - arrière,,,,,,,,,,,5,2,1,6.0,2.0
201000050689,0010-03-09 16:10:00,10,3,9,16,10,930,31,"0, CDT LOUIS BOUCHET (AV",48.953,2.3222,Plein jour,En agglomération,Hors intersection,Normale,Autre collision,,,,,,,,,,,1,2,1,1.0,6.0
201000050690,0010-03-11 08:30:00,10,3,11,8,30,930,79,"8, ROGER SALENGRO",48.9614,2.3457,Plein jour,En agglomération,Hors intersection,Normale,Trois véhicules et plus - en chaîne,,,,,,,,,,,1,2,1,1.0,4.0
201000050691,0010-03-27 12:20:00,10,3,27,12,20,930,31,"67, ENGHIEN (AV D')",48.9608,2.30653,Plein jour,En agglomération,Hors intersection,Normale,Deux véhicules - côté,,,,,,,,,,,1,2,1,1.0,3.0
201000050692,0010-03-27 17:05:00,10,3,27,17,5,930,79,"05, PAUL LANGEVIN",48.9517,2.34174,Plein jour,En agglomération,Hors intersection,Temps couvert,Autre collision,,,,,,,,,,,1,2,1,8.0,6.0
201000050693,0010-03-29 17:00:00,10,3,29,17,0,930,31,"18, REPUBLIQUE (AVENUE)",48.9518,2.31952,Plein jour,En agglomération,Hors intersection,Normale,Autre collision,,,,,,,,,,,1,2,1,1.0,6.0
201000050694,0010-04-01 19:35:00,10,4,1,19,35,930,79,"140, DIVISION LECLERC (A",48.9536,2.34362,Plein jour,En agglomération,Hors intersection,Normale,Autre collision,,,,,,,,,,,1,2,1,1.0,6.0
201000050695,0010-04-07 09:20:00,10,4,7,9,20,930,31,"105, REPUBLIQUE (AVENUE)",48.9509,2.3245,Plein jour,En agglomération,Hors intersection,Normale,Autre collision,,,,,,,,,,,1,2,1,1.0,6.0
201000050696,0010-04-10 11:40:00,10,4,10,11,40,930,79,"58, JEAN JAURES (AV)",48.9645,2.34415,Plein jour,En agglomération,Intersection en X,Normale,Deux véhicules - frontale,,,,,,,,,,,1,2,2,1.0,1.0
201000050697,0010-04-10 12:15:00,10,4,10,12,15,930,31,"144, JOFFRE (AVENUE)",48.9621,2.29414,Plein jour,En agglomération,Hors intersection,Normale,Deux véhicules - arrière,,,,,,,,,,,1,2,1,1.0,2.0
201000050698,0010-04-19 19:10:00,10,4,19,19,10,930,31,"37, CDT LOUIS BOUCHET (A",48.9527,2.32594,Plein jour,En agglomération,Intersection en T,Normale,Deux véhicules - côté,,,,,,,,,,,1,2,3,1.0,3.0
201000050699,0010-04-23 12:50:00,10,4,23,12,50,930,31,"0, DE LATTRE DE TASSIGNY",48.9582,2.30914,Plein jour,En agglomération,Intersection en Y,Normale,Deux véhicules - côté,,,,,,,,,,,1,2,4,1.0,3.0
201000050700,0010-04-23 18:20:00,10,4,23,18,20,930,79,"74, MAURICE GRANDCOING",48.9651,2.34426,Plein jour,En agglomération,Hors intersection,Normale,Autre collision,,,,,,,,,,,1,2,1,1.0,6.0
201000050701,0010-04-24 16:10:00,10,4,24,16,10,930,31,DE LATTRE (1 A 51),48.9596,2.3027,Plein jour,En agglomération,Hors intersection,Normale,Autre collision,,,,,,,,,,,1,2,1,1.0,6.0
201000050702,0010-04-27 11:35:00,10,4,27,11,35,930,31,"102, JEAN JAURES (AVENUE",48.9572,2.3213,Plein jour,En agglomération,Hors intersection,Normale,Autre collision,,,,,,,,,,,1,2,1,1.0,6.0
201000050703,0010-04-28 22:00:00,10,4,28,22,0,930,31,"14, AVENIR (RUE DE L')",48.9565,2.32897,Nuit avec éclairage allumé,En agglomération,Hors intersection,Normale,Autre collision,,,,,,,,,,,5,2,1,1.0,6.0
201000050704,0010-05-04 20:40:00,10,5,4,20,40,930,31,BD FOCH,48.9469,2.33356,Crépuscule ou aube,En agglomération,Hors intersection,Normale,Deux véhicules - arrière,,,,,,,,,,,2,2,1,1.0,2.0
201000050705,0010-05-10 14:45:00,10,5,10,14,45,930,79,"32, ROGER SALENGRO",48.9628,2.34416,Plein jour,En agglomération,Hors intersection,Pluie légère,Autre collision,,,,,,,,,,,1,2,1,2.0,6.0
201000050706,0010-05-12 19:55:00,10,5,12,19,55,930,31,"26, JUSTICE (RUE DE LA)",48.9564,2.32531,Plein jour,En agglomération,Hors intersection,Normale,Deux véhicules - frontale,,,,,,,,,,,1,2,1,1.0,1.0
201000050707,0010-05-14 07:50:00,10,5,14,7,50,930,31,AV DE LA REPUBLIQUE,48.9503,2.32707,Plein jour,En agglomération,Hors intersection,Normale,Deux véhicules - côté,,,,,,,,,,,1,2,1,1.0,3.0
201000050708,0010-05-14 18:40:00,10,5,14,18,40,930,31,"69, REPUBLIQUE (AVENUE)",48.9514,2.32192,Plein jour,En agglomération,Hors intersection,Pluie légère,Deux véhicules - arrière,,,,,,,,,,,1,2,1,2.0,2.0
201000050709,0010-05-14 22:20:00,10,5,14,22,20,930,31,"0, JEAN JAURES (AVENUE)",48.9531,2.31605,Nuit avec éclairage allumé,En agglomération,Giratoire,Normale,Deux véhicules - côté,,,,,,,,,,,5,2,6,1.0,3.0
201000050710,0010-05-19 13:15:00,10,5,19,13,15,930,79,"65, MAURICE GRANDCOING",48.9645,2.34415,Plein jour,En agglomération,Intersection en X,Normale,Autre collision,,,,,,,,,,,1,2,2,1.0,6.0
201000050711,0010-05-22 19:40:00,10,5,22,19,40,930,31,"59, REPUBLIQUE (AVENUE)",48.9515,2.32126,Plein jour,En agglomération,Hors intersection,Normale,Deux véhicules - côté,,,,,,,,,,,1,2,1,1.0,3.0
201000050712,0010-05-27 08:20:00,10,5,27,8,20,930,31,"193, DE LATTRE DE TASSIG",48.9595,2.30229,Plein jour,En agglomération,Hors intersection,Normale,Autre collision,,,,,,,,,,,1,2,1,1.0,6.0
201000050713,0010-05-27 13:55:00,10,5,27,13,55,930,31,REPUBLIQUE/SAINT-LEU,48.9465,2.34587,Plein jour,En agglomération,Intersection en Y,Pluie légère,Deux véhicules - côté,,,,,,,,,,,1,2,4,2.0,3.0
201000050714,0010-05-29 20:30:00,10,5,29,20,30,930,31,MERLIN/DIJON,48.9554,2.29556,Plein jour,En agglomération,Intersection en T,Pluie légère,Autre collision,,,,,,,,,,,1,2,3,2.0,6.0
201000050715,0010-06-04 14:25:00,10,6,4,14,25,930,31,"5, PARIS (RUE DE)",48.9528,2.31356,Plein jour,En agglomération,Hors intersection,Normale,Autre collision,,,,,,,,,,,1,2,1,1.0,6.0
201000050716,0010-06-05 09:25:00,10,6,5,9,25,930,31,"0, EPINAY (PONT D')",48.9515,2.30707,Plein jour,En agglomération,Hors intersection,Normale,Deux véhicules - arrière,,,,,,,,,,,1,2,1,1.0,2.0
201000050717,0010-06-07 13:45:00,10,6,7,13,45,930,31,"06, REPUBLIQUE (AVENUE)",48.9526,2.31642,Plein jour,En agglomération,Hors intersection,Normale,Autre collision,,,,,,,,,,,1,2,1,1.0,6.0
201000050718,0010-06-09 14:50:00,10,6,9,14,50,930,31,"245, REPUBLIQUE (AVENUE)",48.9473,2.34144,Plein jour,En agglomération,Hors intersection,Pluie légère,Deux véhicules - côté,,,,,,,,,,,1,2,1,2.0,3.0
201000050719,0010-06-10 07:30:00,10,6,10,7,30,930,31,"102, REPUBLIQUE (AVENUE)",48.9502,2.32725,Plein jour,En agglomération,Hors intersection,Pluie légère,Sans collision,,,,,,,,,,,1,2,1,2.0,7.0
201000050720,0010-06-11 00:45:00,10,6,11,0,45,930,79,LECLERC / NERUDA,,,Nuit sans éclairage public,En agglomération,Giratoire,Normale,Sans collision,,,,,,,,,,,3,2,6,1.0,7.0
201000050721,0010-06-17 12:30:00,10,6,17,12,30,930,31,"171, JOFFRE (AVENUE)",48.9613,2.296,Plein jour,En agglomération,Hors intersection,Normale,Deux véhicules - côté,,,,,,,,,,,1,2,1,1.0,3.0
201000050722,0010-06-21 19:45:00,10,6,21,19,45,930,31,"144, JOFFRE (AVENUE)",48.9621,2.29415,Plein jour,En agglomération,Autre intersection,Normale,Autre collision,,,,,,,,,,,1,2,9,1.0,6.0
201000050723,0010-06-26 15:43:00,10,6,26,15,43,930,31,"12 BIS, CDT LOUIS BOUCHE",48.9537,2.31894,Plein jour,En agglomération,Hors intersection,Normale,Autre collision,,,,,,,,,,,1,2,1,1.0,6.0
201000050724,0010-07-02 13:40:00,10,7,2,13,40,930,31,"14B, DIX HUIT JUIN 1940",,,Plein jour,En agglomération,Hors intersection,Normale,Deux véhicules - côté,,,,,,,,,,,1,2,1,1.0,3.0
201000050725,0010-07-04 12:30:00,10,7,4,12,30,930,31,"0, REPUBLIQUE (AVENUE)",,,Plein jour,En agglomération,Autre intersection,Normale,Autre collision,,,,,,,,,,,1,2,9,1.0,6.0
201000050726,0010-07-04 17:35:00,10,7,4,17,35,930,31,"0, CDT LOUIS BOUCHET (AV",,,Plein jour,En agglomération,Intersection en T,Temps éblouissant,Deux véhicules - frontale,,,,,,,,,,,1,2,3,7.0,1.0
201000050727,0010-07-18 15:30:00,10,7,18,15,30,930,79,"0, JEAN BAPTISTE CLEMENT",,,Plein jour,En agglomération,Hors intersection,Normale,Deux véhicules - arrière,,,,,,,,,,,1,2,1,1.0,2.0
201000050728,0010-08-05 18:15:00,10,8,5,18,15,930,31,"14, PARIS (RUE DE)",,,Plein jour,En agglomération,Hors intersection,Normale,Deux véhicules - côté,,,,,,,,,,,1,2,1,1.0,3.0
201000050729,0010-07-19 16:45:00,10,7,19,16,45,930,31,"106, ENGHIEN (AV D')",,,Plein jour,En agglomération,Hors intersection,Normale,Deux véhicules - côté,,,,,,,,,,,1,2,1,1.0,3.0
201000050730,0010-08-07 18:00:00,10,8,7,18,0,930,31,"112, REPUBLIQUE (AVENUE)",,,Plein jour,En agglomération,Hors intersection,Temps couvert,Deux véhicules - arrière,,,,,,,,,,,1,2,1,8.0,2.0
201000050731,0010-08-16 21:05:00,10,8,16,21,5,930,31,"165, REPUBLIQUE (AVENUE)",,,Nuit avec éclairage allumé,En agglomération,Intersection en X,Normale,Deux véhicules - frontale,,,,,,,,,,,5,2,2,1.0,1.0
201000050732,0010-08-19 14:25:00,10,8,19,14,25,930,31,"127, JOFFRE (AVENUE)",,,Plein jour,En agglomération,Hors intersection,Normale,Autre collision,,,,,,,,,,,1,2,1,1.0,6.0
201000050733,0010-08-20 17:40:00,10,8,20,17,40,930,79,"66, SAINT LEU (ROUTE)",,,Plein jour,En agglomération,Intersection en X,Normale,Deux véhicules - arrière,,,,,,,,,,,1,2,2,1.0,2.0
201000050734,0010-08-25 16:05:00,10,8,25,16,5,930,31,"6, DE LATTRE DE TASSIGNY",,,Plein jour,En agglomération,Hors intersection,Normale,Autre collision,,,,,,,,,,,1,2,1,1.0,6.0
201000050735,0010-08-28 15:05:00,10,8,28,15,5,930,79,"8, SAINT LEU (ROUTE)",,,Plein jour,En agglomération,Hors intersection,Temps couvert,Autre collision,,,,,,,,,,,1,2,1,8.0,6.0
201000050736,0010-09-01 16:50:00,10,9,1,16,50,930,31,"4, FOCH (BOULEVARD)",,,Plein jour,En agglomération,Hors intersection,Normale,Trois véhicules et plus - en chaîne,,,,,,,,,,,1,2,1,1.0,4.0
201000050737,0010-09-01 19:05:00,10,9,1,19,5,930,31,"73, SAINT LEU (ROUTE DE)",,,Plein jour,En agglomération,Hors intersection,Normale,Autre collision,,,,,,,,,,,1,2,1,1.0,6.0
201000050738,0010-09-08 15:30:00,10,9,8,15,30,930,31,"32, DE LATTRE DE TASSIGN",,,Plein jour,En agglomération,Hors intersection,Temps couvert,Autre collision,,,,,,,,,,,1,2,1,8.0,6.0
201000050739,0010-09-10 08:06:00,10,9,10,8,6,930,31,"22, REPUBLIQUE (AVENUE)",,,Plein jour,En agglomération,Hors intersection,Normale,Autre collision,,,,,,,,,,,1,2,1,1.0,6.0
201000050740,0010-09-10 18:34:00,10,9,10,18,34,930,31,"110, SAINT LEU (ROUTE DE",,,Plein jour,En agglomération,Autre intersection,Normale,Deux véhicules - côté,,,,,,,,,,,1,2,9,1.0,3.0
201000050741,0010-09-14 18:10:00,10,9,14,18,10,930,31,"14, FOCH (BOULEVARD)",,,Plein jour,En agglomération,Hors intersection,Normale,Deux véhicules - arrière,,,,,,,,,,,1,2,1,1.0,2.0
201000050742,0010-09-18 14:30:00,10,9,18,14,30,930,79,"189, DIVISION LECLERC (A",,,Plein jour,En agglomération,Hors intersection,Normale,Autre collision,,,,,,,,,,,1,2,1,1.0,6.0
201000050743,0010-09-19 15:25:00,10,9,19,15,25,930,31,"67/73, ARGENTEUIL (ROUTE",,,Plein jour,En agglomération,Hors intersection,Normale,Deux véhicules - arrière,,,,,,,,,,,1,2,1,1.0,2.0
201000050744,0010-09-21 09:15:00,10,9,21,9,15,930,31,"0, SAINT LEU (ROUTE DE)",,,Plein jour,En agglomération,Hors intersection,Normale,Autre collision,,,,,,,,,,,1,2,1,1.0,6.0
201000050745,0010-09-21 11:05:00,10,9,21,11,5,930,31,"17, HENRI WALLON",,,Plein jour,En agglomération,Hors intersection,Normale,Autre collision,,,,,,,,,,,1,2,1,1.0,6.0
201000050746,0010-09-26 16:00:00,10,9,26,16,0,930,79,JEAN JAURES (AV),,,Plein jour,En agglomération,Intersection en T,Pluie légère,Sans collision,,,,,,,,,,,1,2,3,2.0,7.0
201000050747,0010-10-01 17:15:00,10,10,1,17,15,930,31,"19, ENGHIEN (AV D')",,,Plein jour,En agglomération,Hors intersection,Pluie légère,Autre collision,,,,,,,,,,,1,2,1,2.0,6.0
201000050748,0010-10-02 20:05:00,10,10,2,20,5,930,79,DIVISION LECLERC (AV),,,Nuit avec éclairage allumé,En agglomération,Intersection en T,Normale,Deux véhicules - côté,,,,,,,,,,,5,2,3,1.0,3.0
201000050749,0010-10-05 17:05:00,10,10,5,17,5,930,31,"48 BIS, FOCH (BOULEVARD)",,,Plein jour,En agglomération,Hors intersection,Pluie légère,Autre collision,,,,,,,,,,,1,2,1,2.0,6.0
201000050750,0010-10-06 17:13:00,10,10,6,17,13,930,31,GALLIENI (AVENUE),,,Plein jour,En agglomération,Intersection en X,Pluie légère,Autre collision,,,,,,,,,,,1,2,2,2.0,6.0
201000050751,0010-10-07 19:15:00,10,10,7,19,15,930,31,"31, ENGHIEN (AV D')",,,Nuit avec éclairage allumé,En agglomération,Hors intersection,Normale,Autre collision,,,,,,,,,,,5,2,1,1.0,6.0
201000050752,0010-10-08 17:55:00,10,10,8,17,55,930,31,"02, MULOT",,,Plein jour,En agglomération,Hors intersection,Normale,Sans collision,,,,,,,,,,,1,2,1,1.0,7.0
201000050753,0010-10-10 12:00:00,10,10,10,12,0,930,79,"12, SAINT LEU (ROUTE)",,,Plein jour,En agglomération,Hors intersection,Normale,Trois véhicules et plus - en chaîne,,,,,,,,,,,1,2,1,1.0,4.0
201000050754,0010-10-13 17:15:00,10,10,13,17,15,930,31,"62, MARNE (AVENUE DE LA)",,,Plein jour,En agglomération,Intersection en T,Normale,Deux véhicules - frontale,,,,,,,,,,,1,2,3,1.0,1.0
201000050755,0010-10-18 14:30:00,10,10,18,14,30,930,31,"22, SAINT LEU (ROUTE DE)",,,Plein jour,En agglomération,Intersection en T,Normale,Deux véhicules - arrière,,,,,,,,,,,1,2,3,1.0,2.0
201000050756,0010-10-19 11:20:00,10,10,19,11,20,930,31,"03, DE LATTRE DE TASSIGN",,,Plein jour,En agglomération,Hors intersection,Pluie légère,Trois véhicules et plus - en chaîne,,,,,,,,,,,1,2,1,2.0,4.0
201000050757,0010-10-20 16:30:00,10,10,20,16,30,930,79,"16, HENRI WALLON",,,Plein jour,En agglomération,Hors intersection,Normale,Autre collision,,,,,,,,,,,1,2,1,1.0,6.0
201000050758,0010-10-20 19:05:00,10,10,20,19,5,930,79,ROGER SALENGRO,,,Nuit avec éclairage allumé,En agglomération,Hors intersection,Normale,Autre collision,,,,,,,,,,,5,2,1,1.0,6.0
201000050759,0010-10-22 21:25:00,10,10,22,21,25,930,31,DE LATTRE DE TASSIGNY (1,,,Nuit avec éclairage allumé,En agglomération,Hors intersection,Normale,Autre collision,,,,,,,,,,,5,2,1,1.0,6.0
201000050760,0010-10-25 09:10:00,10,10,25,9,10,930,31,"60, CDT LOUIS BOUCHET (A",,,Plein jour,En agglomération,Hors intersection,Normale,Autre collision,,,,,,,,,,,1,2,1,1.0,6.0
201000050761,0010-10-29 07:20:00,10,10,29,7,20,930,31,", DE LATTRE DE TASSIGNY",,,Crépuscule ou aube,En agglomération,Hors intersection,Normale,Deux véhicules - côté,,,,,,,,,,,2,2,1,1.0,3.0
201000050762,0010-11-07 20:10:00,10,11,7,20,10,930,31,"0, CLAUDE DEBUSSY",,,Nuit avec éclairage allumé,En agglomération,Giratoire,Pluie légère,Autre collision,,,,,,,,,,,5,2,6,2.0,6.0
201000050763,0010-11-09 14:40:00,10,11,9,14,40,930,31,"18, REPUBLIQUE (AVENUE)",,,Plein jour,En agglomération,Hors intersection,Pluie légère,Autre collision,,,,,,,,,,,1,2,1,2.0,6.0
201000050764,0010-11-15 18:15:00,10,11,15,18,15,930,31,"160, REPUBLIQUE (AVENUE)",,,Nuit avec éclairage allumé,En agglomération,Hors intersection,Normale,Autre collision,,,,,,,,,,,5,2,1,1.0,6.0
201000050765,0010-11-16 09:05:00,10,11,16,9,5,930,31,"18, FOCH (BOULEVARD)",,,Plein jour,En agglomération,Hors intersection,Normale,Autre collision,,,,,,,,,,,1,2,1,1.0,6.0
201000050766,0010-11-19 18:00:00,10,11,19,18,0,930,31,"58, JEAN JAURES (AVENUE)",,,Nuit avec éclairage allumé,En agglomération,Hors intersection,Normale,Autre collision,,,,,,,,,,,5,2,1,1.0,6.0
201000050767,0010-11-30 08:05:00,10,11,30,8,5,930,79,MAURICE GRANDCOING,,,Plein jour,En agglomération,Intersection en X,Normale,Deux véhicules - côté,,,,,,,,,,,1,2,2,1.0,3.0
201000050768,0010-12-14 20:00:00,10,12,14,20,0,930,31,"161, REPUBLIQUE (AVENUE)",,,Nuit avec éclairage allumé,En agglomération,Hors intersection,Normale,Deux véhicules - côté,,,,,,,,,,,5,2,1,1.0,3.0
201000050769,0010-12-24 08:30:00,10,12,24,8,30,930,31,DE LATTRE DE TASSIGNY (1,,,Crépuscule ou aube,En agglomération,Intersection en X,Neige / grêle,Deux véhicules - côté,,,,,,,,,,,2,2,2,4.0,3.0
201000050770,0010-12-28 17:55:00,10,12,28,17,55,930,79,"189, DIVISION LECLERC (A",,,Nuit avec éclairage allumé,En agglomération,Intersection en T,Pluie légère,Autre collision,,,,,,,,,,,5,2,3,2.0,6.0
201000050771,0010-01-11 11:30:00,10,1,11,11,30,930,32,R JULES GUESDE,48.8824,2.53945,Plein jour,En agglomération,Hors intersection,Normale,Autre collision,,,,,,,,,,,1,2,1,1.0,6.0
201000050772,0010-01-24 14:42:00,10,1,24,14,42,930,47,AV G.PERI/AV COQUELICOTS,48.8902,2.55196,Plein jour,En agglomération,Intersection en X,Temps couvert,Deux véhicules - côté,,,,,,,,,,,1,2,2,8.0,3.0
201000050773,0010-01-25 17:00:00,10,1,25,17,0,930,47,BD BARGUE,48.8997,2.55529,Plein jour,En agglomération,Hors intersection,Normale,Autre collision,,,,,,,,,,,1,2,1,1.0,6.0
201000050774,0010-01-26 18:10:00,10,1,26,18,10,930,32,R DE LA MARE,48.8758,2.55297,Nuit avec éclairage allumé,En agglomération,Hors intersection,Normale,Autre collision,,,,,,,,,,,5,2,1,1.0,6.0
201000050775,0010-01-30 18:00:00,10,1,30,18,0,930,47,AV ARTS/AV COQUELICOTS,48.8901,2.55408,Nuit avec éclairage allumé,En agglomération,Intersection en X,Normale,Deux véhicules - côté,,,,,,,,,,,5,2,2,1.0,3.0
201000050776,0010-02-04 19:45:00,10,2,4,19,45,930,47,R DU GENERAL LECLERC,48.8984,2.57494,Nuit avec éclairage allumé,En agglomération,Hors intersection,Normale,Autre collision,,,,,,,,,,,5,2,1,1.0,6.0
201000050777,0010-02-07 09:45:00,10,2,7,9,45,930,47,R DE GAULLE/AV PERDRIGE,48.8993,2.55957,Plein jour,En agglomération,Intersection en T,Pluie légère,Deux véhicules - côté,,,,,,,,,,,1,2,3,2.0,3.0
201000050778,0010-02-12 17:40:00,10,2,12,17,40,930,47,R DU GENERAL LECLERC,48.8984,2.57494,Plein jour,En agglomération,Hors intersection,Normale,Autre collision,,,,,,,,,,,1,2,1,1.0,6.0
201000050779,0010-02-15 10:40:00,10,2,15,10,40,930,32,R H.DUBOIS/R M.BERTHELOT,48.8754,2.55923,Plein jour,En agglomération,Intersection en X,Normale,Deux véhicules - arrière,,,,,,,,,,,1,2,2,1.0,2.0
201000050780,0010-02-26 09:45:00,10,2,26,9,45,930,32,AV DU CHATEAU/AV FENELON,48.8736,2.53966,Plein jour,En agglomération,Intersection en X,Temps couvert,Deux véhicules - côté,,,,,,,,,,,1,2,2,8.0,3.0
201000050781,0010-03-05 22:00:00,10,3,5,22,0,930,47,AV J.JAURES/AV TULIPES,48.8981,2.55786,Nuit avec éclairage allumé,En agglomération,Intersection en T,Normale,Deux véhicules - côté,,,,,,,,,,,5,2,3,1.0,3.0
201000050782,0010-03-08 08:20:00,10,3,8,8,20,930,32,R MARE/R DE MEAUX,48.8756,2.55545,Plein jour,En agglomération,Intersection à plus de 4 branches,Normale,Autre collision,,,,,,,,,,,1,2,5,1.0,6.0
201000050783,0010-03-13 09:00:00,10,3,13,9,0,930,32,AV VERSAILLES/STRASBOURG,48.8774,2.54457,Plein jour,En agglomération,Intersection en T,Normale,Sans collision,,,,,,,,,,,1,2,3,1.0,7.0
201000050784,0010-03-14 06:30:00,10,3,14,6,30,930,47,AV JEAN JAURES,48.8982,2.55561,Crépuscule ou aube,En agglomération,Hors intersection,Normale,Deux véhicules - frontale,,,,,,,,,,,2,2,1,1.0,1.0
201000050785,0010-03-19 10:20:00,10,3,19,10,20,930,47,AV JEAN JAURES,48.8986,2.55012,Plein jour,En agglomération,Hors intersection,Normale,Deux véhicules - côté,,,,,,,,,,,1,2,1,1.0,3.0
201000050786,0010-03-28 18:15:00,10,3,28,18,15,930,32,AV RENE FAUGERAS,48.8733,2.56515,Plein jour,En agglomération,Hors intersection,Normale,Autre collision,,,,,,,,,,,1,2,1,1.0,6.0
201000050787,0010-04-05 16:50:00,10,4,5,16,50,930,47,AV VICTOR HUGO,48.9008,2.56212,Plein jour,En agglomération,Hors intersection,Normale,Autre collision,,,,,,,,,,,1,2,1,1.0,6.0
201000050788,0010-04-09 17:05:00,10,4,9,17,5,930,47,AV JEAN JAURES,48.8984,2.55284,Plein jour,En agglomération,Hors intersection,Normale,Deux véhicules - arrière,,,,,,,,,,,1,2,1,1.0,2.0
201000050789,0010-04-11 16:10:00,10,4,11,16,10,930,47,CHE DU TOUR DU PARC,48.8914,2.57095,Plein jour,En agglomération,Intersection en T,Normale,Autre collision,,,,,,,,,,,1,2,3,1.0,6.0
201000050790,0010-04-12 07:15:00,10,4,12,7,15,930,47,R DE GAULLE/ AV G.PERI,48.8984,2.55335,Plein jour,En agglomération,Intersection à plus de 4 branches,Normale,Deux véhicules - côté,,,,,,,,,,,1,2,5,1.0,3.0
201000050791,0010-04-14 15:40:00,10,4,14,15,40,930,32,R PARMENTIER,48.883,2.534,Plein jour,En agglomération,Hors intersection,Normale,Deux véhicules - côté,,,,,,,,,,,1,2,1,1.0,3.0
201000050792,0010-04-15 08:00:00,10,4,15,8,0,930,32,R PAUL VAILLANT COUTURIE,48.8767,2.54936,Plein jour,En agglomération,Hors intersection,Normale,Autre collision,,,,,,,,,,,1,2,1,1.0,6.0
201000050793,0010-04-20 18:30:00,10,4,20,18,30,930,47,LECLERC/CHANGE,48.8968,2.57568,Plein jour,En agglomération,Intersection en T,Normale,Deux véhicules - arrière,,,,,,,,,,,1,2,3,1.0,2.0
201000050794,0010-04-22 21:45:00,10,4,22,21,45,930,47,AV JEAN JAURES,48.8983,2.55519,Nuit avec éclairage allumé,En agglomération,Hors intersection,Normale,Deux véhicules - arrière,,,,,,,,,,,5,2,1,1.0,2.0
201000050795,0010-04-26 06:35:00,10,4,26,6,35,930,47,R DE.GAULLE/D.PERDRIGE,48.8993,2.55957,Plein jour,En agglomération,Intersection en T,Normale,Deux véhicules - côté,,,,,,,,,,,1,2,3,1.0,3.0
201000050796,0010-04-28 15:20:00,10,4,28,15,20,930,47,AV J.JAURES/ PAQUERETTES,48.8986,2.55042,Plein jour,En agglomération,Intersection en X,Normale,Deux véhicules - côté,,,,,,,,,,,1,2,2,1.0,3.0
201000050797,0010-05-02 20:30:00,10,5,2,20,30,930,32,AVCHARMILLES/CHEVREFEUIL,48.8885,2.54762,Crépuscule ou aube,En agglomération,Intersection en X,Pluie légère,Deux véhicules - côté,,,,,,,,,,,2,2,2,2.0,3.0
201000050798,0010-05-05 22:00:00,10,5,5,22,0,930,47,R UTRILLO,48.9029,2.55585,Nuit avec éclairage allumé,En agglomération,Hors intersection,Normale,Autre collision,,,,,,,,,,,5,2,1,1.0,6.0
201000050799,0010-05-06 16:15:00,10,5,6,16,15,930,32,R DU 8 MAI 1945,48.8842,2.53681,Plein jour,En agglomération,Hors intersection,Normale,Sans collision,,,,,,,,,,,1,2,1,1.0,7.0
201000050800,0010-05-11 12:58:00,10,5,11,12,58,930,32,R JULES GUESDE,48.8811,2.54244,Plein jour,En agglomération,Hors intersection,Pluie légère,Autre collision,,,,,,,,,,,1,2,1,2.0,6.0
201000050801,0010-05-20 19:45:00,10,5,20,19,45,930,32,R P. VAILLANT COUTURIER,48.8767,2.54936,Plein jour,En agglomération,Hors intersection,Normale,Deux véhicules - arrière,,,,,,,,,,,1,2,1,1.0,2.0
201000050802,0010-05-25 18:30:00,10,5,25,18,30,930,47,AV DE CLICHY-SOUS-BOIS,48.9049,2.55971,Plein jour,En agglomération,Autre intersection,Normale,Deux véhicules - frontale,,,,,,,,,,,1,2,9,1.0,1.0
201000050803,0010-05-31 16:30:00,10,5,31,16,30,930,47,AV JEAN JAURES,48.8986,2.54965,Plein jour,En agglomération,Hors intersection,Normale,Autre collision,,,,,,,,,,,1,2,1,1.0,6.0
201000050804,0010-06-01 17:00:00,10,6,1,17,0,930,32,AV JEAN JAURES,48.8836,2.52987,Plein jour,En agglomération,Hors intersection,Pluie légère,Deux véhicules - côté,,,,,,,,,,,1,2,1,2.0,3.0
201000050805,0010-06-02 07:25:00,10,6,2,7,25,930,47,AV ARTS/AV PERVENCHES,48.8873,2.55043,Plein jour,En agglomération,Intersection en X,Normale,Deux véhicules - côté,,,,,,,,,,,1,2,2,1.0,3.0
201000050806,0010-06-06 15:00:00,10,6,6,15,0,930,47,AV DES CERISES,48.8985,2.5614,Plein jour,En agglomération,Hors intersection,Normale,Deux véhicules - côté,,,,,,,,,,,1,2,1,1.0,3.0
201000050807,0010-06-12 18:00:00,10,6,12,18,0,930,47,AV JEAN JAURES,48.8982,2.55566,Plein jour,En agglomération,Hors intersection,Normale,Autre collision,,,,,,,,,,,1,2,1,1.0,6.0