accident_id,datetime,annee,mois,jour,heure,minute,departement,commune_insee,adresse,latitude,longitude,luminosite,agglomeration,intersection,meteo,collision,nb_vehicules,nb_usagers,nb_indemnes,nb_tues,nb_blesses_hosp,nb_blesses_legers,age_cond_1,age_cond_2,veh_type_cond_1,veh_type_cond_2,lum_code,agg_code,int_code,atm_code,col_code
201000050934,0010-09-26 14:00:00,10,9,26,14,0,930,6,"62, RIGONDES RUE DES",,,Plein jour,En agglomération,Autre intersection,Temps couvert,Trois véhicules et plus - en chaîne,,,,,,,,,,,1,2,9,8.0,4.0
201000050935,0010-08-16 16:20:00,10,8,16,16,20,930,63,"116, KERAUTRET AVENUE PI",,,Plein jour,En agglomération,Hors intersection,Pluie légère,Autre collision,,,,,,,,,,,1,2,1,2.0,6.0
201000050936,0010-10-05 16:25:00,10,10,5,16,25,930,63,"31, REPUBLIQUE RUE DE LA",,,Plein jour,En agglomération,Intersection en T,Temps couvert,Deux véhicules - côté,,,,,,,,,,,1,2,3,8.0,3.0
201000050937,0010-08-23 16:00:00,10,8,23,16,0,930,63,BARBUSSE HENRI BOULEVARD,,,Plein jour,En agglomération,Hors intersection,Normale,Deux véhicules - frontale,,,,,,,,,,,1,2,1,1.0,1.0
201000050938,0010-09-01 17:15:00,10,9,1,17,15,930,45,GUYNEMER RUE,,,Plein jour,En agglomération,Hors intersection,Normale,Autre collision,,,,,,,,,,,1,2,1,1.0,6.0
201000050939,0010-10-10 16:45:00,10,10,10,16,45,930,6,"45, GAL DE GAULLE AV. DU",,,Plein jour,En agglomération,Hors intersection,Normale,Autre collision,,,,,,,,,,,1,2,1,1.0,6.0
201000050940,0010-10-10 18:20:00,10,10,10,18,20,930,63,CURIE PIERRE RUE,,,Plein jour,En agglomération,Hors intersection,Normale,Deux véhicules - côté,,,,,,,,,,,1,2,1,1.0,3.0
201000050941,0010-10-10 23:35:00,10,10,10,23,35,930,6,"26, GAL DE GAULLE AV. DU",,,Nuit avec éclairage allumé,En agglomération,Hors intersection,Normale,Autre collision,,,,,,,,,,,5,2,1,1.0,6.0
201000050942,0010-09-22 11:10:00,10,9,22,11,10,930,63,"100, BRANLY BD EDOUARD",,,Plein jour,En agglomération,Hors intersection,Normale,Deux véhicules - arrière,,,,,,,,,,,1,2,1,1.0,2.0
201000050943,0010-10-27 13:20:00,10,10,27,13,20,930,6,"193, GAMBETTA AV.",,,Plein jour,En agglomération,Hors intersection,Normale,Deux véhicules - côté,,,,,,,,,,,1,2,1,1.0,3.0
201000050944,0010-09-28 20:00:00,10,9,28,20,0,930,6,"72, COLOMBIER MARIE-ANNE",,,Nuit avec éclairage allumé,En agglomération,Hors intersection,Normale,Deux véhicules - frontale,,,,,,,,,,,5,2,1,1.0,1.0
201000050945,0010-10-27 20:50:00,10,10,27,20,50,930,45,LIBERTE BD DE LA,,,Nuit avec éclairage allumé,En agglomération,Hors intersection,Normale,Deux véhicules - côté,,,,,,,,,,,5,2,1,1.0,3.0
201000050946,0010-11-10 15:00:00,10,11,10,15,0,930,63,"129, ROSENFELD AVENUE DU",,,Plein jour,En agglomération,Hors intersection,Pluie légère,Deux véhicules - côté,,,,,,,,,,,1,2,1,2.0,3.0
201000050947,0010-09-29 18:45:00,10,9,29,18,45,930,63,"0, ETHIS RUE MARCEL",,,Plein jour,En agglomération,Intersection en X,Normale,Deux véhicules - frontale,,,,,,,,,,,1,2,2,1.0,1.0
201000050948,0010-10-18 23:26:00,10,10,18,23,26,930,45,"80/82, EGALITE RUE DE L'",,,Nuit avec éclairage allumé,En agglomération,Hors intersection,Normale,Autre collision,,,,,,,,,,,5,2,1,1.0,6.0
201000050949,0010-11-16 10:35:00,10,11,16,10,35,930,6,CAMELINAT,,,Plein jour,En agglomération,Intersection en X,Normale,Autre collision,,,,,,,,,,,1,2,2,1.0,6.0
201000050950,0010-11-21 10:30:00,10,11,21,10,30,930,63,GALLIENI RUE,,,Plein jour,En agglomération,Intersection en X,Pluie légère,Deux véhicules - côté,,,,,,,,,,,1,2,2,2.0,3.0
201000050951,0010-11-16 20:15:00,10,11,16,20,15,930,6,FLOREAL RUE,,,Nuit avec éclairage allumé,En agglomération,Intersection en T,Normale,Deux véhicules - côté,,,,,,,,,,,5,2,3,1.0,3.0
201000050952,0010-11-23 15:10:00,10,11,23,15,10,930,63,", WILSON AVENUE DU PRESI",,,Plein jour,En agglomération,Hors intersection,Normale,Autre collision,,,,,,,,,,,1,2,1,1.0,6.0
201000050953,0010-12-02 17:50:00,10,12,2,17,50,930,45,"36, LIBERTE BD DE LA",,,Nuit avec éclairage allumé,En agglomération,Intersection en X,Normale,Deux véhicules - frontale,,,,,,,,,,,5,2,2,1.0,1.0
201000050954,0010-11-23 19:30:00,10,11,23,19,30,930,45,"134, PARIS RUE DE",,,Nuit avec éclairage allumé,En agglomération,Hors intersection,Normale,Autre collision,,,,,,,,,,,5,2,1,1.0,6.0
201000050955,0010-12-06 10:45:00,10,12,6,10,45,930,6,MARCEL ETIENNE RUE,,,Plein jour,En agglomération,Hors intersection,Pluie légère,Deux véhicules - arrière,,,,,,,,,,,1,2,1,2.0,2.0
201000050956,0010-12-17 07:15:00,10,12,17,7,15,930,6,"41, REPUBLIQUE AVENUE DE",,,Crépuscule ou aube,En agglomération,Hors intersection,Temps couvert,Trois véhicules et plus - collisions multiples,,,,,,,,,,,2,2,1,8.0,5.0
201000050957,0010-12-22 12:15:00,10,12,22,12,15,930,45,PARIS RUE DE,,,Plein jour,En agglomération,Hors intersection,Normale,Deux véhicules - côté,,,,,,,,,,,1,2,1,1.0,3.0
201000050958,0010-12-31 18:50:00,10,12,31,18,50,930,46,ROBERT SCHUMANN BOULEVAR,,,Nuit avec éclairage allumé,En agglomération,Hors intersection,Normale,Deux véhicules - côté,,,,,,,,,,,5,2,1,1.0,3.0
201000050959,0010-01-04 21:00:00,10,1,4,21,0,930,46,ARISTIDE BRIAND AVENUE,48.912,2.52086,Nuit avec éclairage allumé,En agglomération,Intersection en X,Autre,Deux véhicules - frontale,,,,,,,,,,,5,2,2,9.0,1.0
201000050960,0010-01-08 08:20:00,10,1,8,8,20,930,46,"7, KENNEDY AVENUE DU PRE",48.9161,2.5322,Plein jour,En agglomération,Hors intersection,Normale,Deux véhicules - côté,,,,,,,,,,,1,2,1,1.0,3.0
201000050961,0010-01-08 09:35:00,10,1,8,9,35,930,46,ROGER SALENGRO BOULEVARD,48.9129,2.52971,Plein jour,En agglomération,Intersection en T,Normale,Deux véhicules - côté,,,,,,,,,,,1,2,3,1.0,3.0
201000050962,0010-01-15 12:40:00,10,1,15,12,40,930,46,"40, CONSUL GENERAL NORDL",48.9178,2.53432,Plein jour,En agglomération,Hors intersection,Temps couvert,Autre collision,,,,,,,,,,,1,2,1,8.0,6.0
201000050963,0010-01-16 16:55:00,10,1,16,16,55,930,46,MAURICE BERTHEAUX ALLEE,48.9181,2.51473,Crépuscule ou aube,En agglomération,Hors intersection,Pluie forte,Autre collision,,,,,,,,,,,2,2,1,3.0,6.0
201000050964,0010-01-16 12:10:00,10,1,16,12,10,930,74,"128, MEAUX RUE DE",48.9355,2.5736,Plein jour,En agglomération,Hors intersection,Pluie légère,Deux véhicules - côté,,,,,,,,,,,1,2,1,2.0,3.0
201000050965,0010-01-22 11:30:00,10,1,22,11,30,930,46,ROGER SALENGRO BOULEVARD,48.9115,2.52852,Plein jour,En agglomération,Intersection en X,Normale,Deux véhicules - côté,,,,,,,,,,,1,2,2,1.0,3.0
201000050966,0010-01-28 08:45:00,10,1,28,8,45,930,46,"59, MARX DORMOY BOULEVAR",48.9074,2.52481,Plein jour,En agglomération,Hors intersection,Normale,Sans collision,,,,,,,,,,,1,2,1,1.0,7.0
201000050967,0010-02-04 16:45:00,10,2,4,16,45,930,74,AV DE LATTRE DE TASSIGNY,48.9288,2.56996,Plein jour,En agglomération,Hors intersection,Normale,Deux véhicules - côté,,,,,,,,,,,1,2,1,1.0,3.0
201000050968,0010-02-05 10:15:00,10,2,5,10,15,930,46,MARX DORMOY BOULEVARD,48.9091,2.52631,Plein jour,En agglomération,Intersection en T,Pluie légère,Deux véhicules - arrière,,,,,,,,,,,1,2,3,2.0,2.0
201000050969,0010-02-12 17:15:00,10,2,12,17,15,930,46,CHANZY AVENUE DE,48.9093,2.51848,Plein jour,En agglomération,Intersection en T,Normale,Autre collision,,,,,,,,,,,1,2,3,1.0,6.0
201000050970,0010-02-15 11:10:00,10,2,15,11,10,930,46,"25, DOCTEUR ROUX",48.9337,2.55674,Plein jour,En agglomération,Intersection en T,Normale,Deux véhicules - arrière,,,,,,,,,,,1,2,3,1.0,2.0
201000050971,0010-02-19 08:50:00,10,2,19,8,50,930,46,"96, ROGER SALENGRO BOULE",48.9108,2.52787,Plein jour,En agglomération,Hors intersection,Temps couvert,Deux véhicules - arrière,,,,,,,,,,,1,2,1,8.0,2.0
201000050972,0010-02-20 10:55:00,10,2,20,10,55,930,46,"46, AV LECLERC/ALL NOIZE",48.9202,2.53935,Plein jour,En agglomération,Intersection en X,Pluie légère,Deux véhicules - arrière,,,,,,,,,,,1,2,2,2.0,2.0
201000050973,0010-02-20 13:50:00,10,2,20,13,50,930,46,LIEGEARD AVENUE,48.9248,2.53663,Plein jour,En agglomération,Intersection en T,Normale,Deux véhicules - côté,,,,,,,,,,,1,2,3,1.0,3.0
201000050974,0010-02-27 19:30:00,10,2,27,19,30,930,46,AV ARISTIDE BRIAND,48.913,2.52356,Nuit avec éclairage allumé,En agglomération,Hors intersection,Pluie légère,Autre collision,,,,,,,,,,,5,2,1,2.0,6.0
201000050975,0010-02-28 13:15:00,10,2,28,13,15,930,46,"57, ARISTIDE BRIAND AVEN",48.9141,2.52611,Plein jour,En agglomération,Hors intersection,Pluie légère,Deux véhicules - arrière,,,,,,,,,,,1,2,1,2.0,2.0
201000050976,0010-03-04 17:40:00,10,3,4,17,40,930,74,BOUCHER RUE ALEXANDRE,48.9333,2.56696,Plein jour,En agglomération,Intersection en T,Normale,Deux véhicules - côté,,,,,,,,,,,1,2,3,1.0,3.0
201000050977,0010-03-15 17:45:00,10,3,15,17,45,930,46,WINSTON CHURCHILL AVENUE,48.914,2.53648,Plein jour,En agglomération,Intersection en X,Normale,Deux véhicules - côté,,,,,,,,,,,1,2,2,1.0,3.0
201000050978,0010-03-16 20:20:00,10,3,16,20,20,930,46,PL LIBERATION/R L'EGLISE,48.9228,2.54447,Nuit avec éclairage allumé,En agglomération,Intersection en X,Normale,Deux véhicules - côté,,,,,,,,,,,5,2,2,1.0,3.0
201000050979,0010-03-19 05:40:00,10,3,19,5,40,930,46,"81, LIEGEARD AVENUE",48.9257,2.5295,Nuit avec éclairage allumé,En agglomération,Hors intersection,Pluie légère,Autre collision,,,,,,,,,,,5,2,1,2.0,6.0
201000050980,0010-03-19 20:50:00,10,3,19,20,50,930,46,AV JULES GUESDE,48.9113,2.51068,Nuit avec éclairage allumé,En agglomération,Hors intersection,Pluie légère,Deux véhicules - côté,,,,,,,,,,,5,2,1,2.0,3.0
201000050981,0010-03-20 22:05:00,10,3,20,22,5,930,46,ARISTIDE BRIAND AVENUE,48.9114,2.51745,Nuit avec éclairage allumé,En agglomération,Hors intersection,Pluie légère,Deux véhicules - côté,,,,,,,,,,,5,2,1,2.0,3.0
201000050982,0010-03-21 08:35:00,10,3,21,8,35,930,15,BOIS DE BERNOUILLE ROUTE,48.9244,2.5699,Plein jour,En agglomération,Giratoire,Normale,Deux véhicules - côté,,,,,,,,,,,1,2,6,1.0,3.0
201000050983,0010-03-21 19:10:00,10,3,21,19,10,930,46,CAMILLE DESMOULINS AVENU,48.9103,2.52742,Nuit avec éclairage allumé,En agglomération,Intersection en X,Normale,Autre collision,,,,,,,,,,,5,2,2,1.0,6.0
201000050984,0010-03-23 07:13:00,10,3,23,7,13,930,46,GAMBETTA AVENUE,48.9199,2.51763,Plein jour,En agglomération,Intersection à plus de 4 branches,Normale,Deux véhicules - côté,,,,,,,,,,,1,2,5,1.0,3.0
201000050985,0010-03-26 07:00:00,10,3,26,7,0,930,46,"27, EMILE ZOLA AVENUE",48.9288,2.54097,Plein jour,En agglomération,Hors intersection,Normale,Autre collision,,,,,,,,,,,1,2,1,1.0,6.0
201000050986,0010-03-26 14:35:00,10,3,26,14,35,930,46,"53, CONSUL GENERAL NORDL",48.9173,2.53322,Plein jour,En agglomération,Hors intersection,Normale,Deux véhicules - arrière,,,,,,,,,,,1,2,1,1.0,2.0
201000050987,0010-04-01 14:00:00,10,4,1,14,0,930,46,CONDORCET/RICHELIEU,48.925,2.52413,Plein jour,En agglomération,Intersection en T,Normale,Deux véhicules - côté,,,,,,,,,,,1,2,3,1.0,3.0
201000050988,0010-04-01 16:50:00,10,4,1,16,50,930,46,ALL GOBILLON/CONVENTION,48.9192,2.51082,Plein jour,En agglomération,Intersection en X,Normale,Deux véhicules - côté,,,,,,,,,,,1,2,2,1.0,3.0
201000050989,0010-04-02 16:30:00,10,4,2,16,30,930,74,R DE MEAUX,48.9365,2.58233,Plein jour,En agglomération,Hors intersection,Normale,Autre collision,,,,,,,,,,,1,2,1,1.0,6.0
201000050990,0010-04-06 13:35:00,10,4,6,13,35,930,46,BD MARX DORMOY,48.9073,2.52473,Plein jour,En agglomération,Hors intersection,Normale,Deux véhicules - arrière,,,,,,,,,,,1,2,1,1.0,2.0
201000050991,0010-04-06 18:30:00,10,4,6,18,30,930,46,ROBERT SCHUMANN BOULEVAR,48.9283,2.54983,Plein jour,En agglomération,Hors intersection,Normale,Sans collision,,,,,,,,,,,1,2,1,1.0,7.0
201000050992,0010-04-07 15:05:00,10,4,7,15,5,930,46,BD DE L'EUROPE/ LA BARRE,48.9235,2.54588,Plein jour,En agglomération,Intersection en T,Normale,Deux véhicules - côté,,,,,,,,,,,1,2,3,1.0,3.0
201000050993,0010-04-09 18:50:00,10,4,9,18,50,930,46,CHATEAU GOBILLON ALLEE D,48.9188,2.50767,Plein jour,En agglomération,Hors intersection,Normale,Deux véhicules - côté,,,,,,,,,,,1,2,1,1.0,3.0
201000050994,0010-04-14 18:05:00,10,4,14,18,5,930,74,BOUCHER RUE ALEXANDRE,48.9311,2.56794,Plein jour,En agglomération,Intersection en T,Normale,Sans collision,,,,,,,,,,,1,2,3,1.0,7.0
201000050995,0010-04-15 16:55:00,10,4,15,16,55,930,46,"108, GALLIENI AVENUE",48.9178,2.50656,Plein jour,En agglomération,Hors intersection,Normale,Sans collision,,,,,,,,,,,1,2,1,1.0,7.0
201000050996,0010-04-16 10:50:00,10,4,16,10,50,930,46,"62, CAMILLE DESMOULINS A",48.9104,2.52752,Plein jour,En agglomération,Intersection en X,Normale,Autre collision,,,,,,,,,,,1,2,2,1.0,6.0
201000050997,0010-04-19 19:30:00,10,4,19,19,30,930,46,"39, AV WINSTON CHURCHILL",48.9136,2.53723,Plein jour,En agglomération,Hors intersection,Normale,Sans collision,,,,,,,,,,,1,2,1,1.0,7.0
201000050998,0010-04-20 19:20:00,10,4,20,19,20,930,46,"79, CHARTRES ALLEE DE",48.9221,2.52713,Plein jour,En agglomération,Hors intersection,Normale,Deux véhicules - côté,,,,,,,,,,,1,2,1,1.0,3.0
201000050999,0010-04-30 14:50:00,10,4,30,14,50,930,46,"59, CLOCHER D'AULNAY ALL",48.9143,2.50851,Plein jour,En agglomération,Hors intersection,Normale,Autre collision,,,,,,,,,,,1,2,1,1.0,6.0
201000051000,0010-04-30 12:30:00,10,4,30,12,30,930,46,DUPLEIX ALLEE,48.9229,2.51558,Plein jour,En agglomération,Intersection en X,Normale,Deux véhicules - côté,,,,,,,,,,,1,2,2,1.0,3.0
201000051001,0010-05-05 18:05:00,10,5,5,18,5,930,46,ARISTIDE BRIAND AVENUE,48.9106,2.51221,Plein jour,En agglomération,Intersection à plus de 4 branches,Normale,Deux véhicules - côté,,,,,,,,,,,1,2,5,1.0,3.0
201000051002,0010-05-06 07:00:00,10,5,6,7,0,930,46,ARISTIDE BRIAND AVENUE,48.9124,2.52236,Plein jour,En agglomération,Intersection en T,Normale,Deux véhicules - arrière,,,,,,,,,,,1,2,3,1.0,2.0
201000051003,0010-05-07 20:25:00,10,5,7,20,25,930,74,ROUTE NATIONALE 3,48.9337,2.59646,Plein jour,Hors agglomération,Hors intersection,Normale,Sans collision,,,,,,,,,,,1,1,1,1.0,7.0
201000051004,0010-05-08 18:00:00,10,5,8,18,0,930,74,BOUCHER RUE ALEXANDRE,48.9333,2.56696,Plein jour,En agglomération,Intersection en X,Normale,Deux véhicules - côté,,,,,,,,,,,1,2,2,1.0,3.0
201000051005,0010-05-09 18:10:00,10,5,9,18,10,930,46,MAUROUARD AVENUE,48.9312,2.5454,Plein jour,En agglomération,Hors intersection,Normale,Deux véhicules - côté,,,,,,,,,,,1,2,1,1.0,3.0
201000051006,0010-05-09 17:50:00,10,5,9,17,50,930,46,"24, ORLEANS AVENUE",48.9224,2.52013,Plein jour,En agglomération,Intersection en X,Normale,Deux véhicules - côté,,,,,,,,,,,1,2,2,1.0,3.0
201000051007,0010-05-10 15:55:00,10,5,10,15,55,930,46,"5/7/9, ROBERT SCHUMANN B",48.9276,2.54808,Plein jour,En agglomération,Hors intersection,Normale,Deux véhicules - côté,,,,,,,,,,,1,2,1,1.0,3.0
201000051008,0010-05-11 16:45:00,10,5,11,16,45,930,46,LUCIEN MICHARD ALLEE,48.91,2.53259,Plein jour,En agglomération,Intersection en X,Pluie légère,Deux véhicules - côté,,,,,,,,,,,1,2,2,2.0,3.0
201000051009,0010-05-11 19:05:00,10,5,11,19,5,930,46,"6, JACOB RUE ET PLACE",48.9272,2.54313,Plein jour,En agglomération,Hors intersection,Pluie légère,Autre collision,,,,,,,,,,,1,2,1,2.0,6.0
201000051010,0010-05-12 18:40:00,10,5,12,18,40,930,74,AMYOT BOULEVARD JACQUES,48.937,2.56857,Plein jour,En agglomération,Intersection en T,Normale,Deux véhicules - côté,,,,,,,,,,,1,2,3,1.0,3.0
201000051011,0010-05-21 17:40:00,10,5,21,17,40,930,74,", DE GAULLE/NEUVE",48.9372,2.57226,Plein jour,En agglomération,Intersection en X,Normale,Autre collision,,,,,,,,,,,1,2,2,1.0,6.0
201000051012,0010-05-25 08:00:00,10,5,25,8,0,930,74,ROUTE NATIONALE 3,48.9338,2.59652,Plein jour,En agglomération,Hors intersection,Normale,Deux véhicules - arrière,,,,,,,,,,,1,2,1,1.0,2.0
201000051013,0010-06-02 11:15:00,10,6,2,11,15,930,46,"6, MARECHAL LECLERC AVEN",48.922,2.54261,Plein jour,En agglomération,Hors intersection,Normale,Deux véhicules - côté,,,,,,,,,,,1,2,1,1.0,3.0
201000051014,0010-06-02 14:50:00,10,6,2,14,50,930,46,"29, MARTYRS HONGROIS ALL",48.9171,2.52791,Plein jour,En agglomération,Hors intersection,Temps éblouissant,Deux véhicules - côté,,,,,,,,,,,1,2,1,7.0,3.0
201000051015,0010-06-06 20:45:00,10,6,6,20,45,930,46,AV J.F KENNEDY/SALENGRO,48.9149,2.53472,Crépuscule ou aube,En agglomération,Intersection à plus de 4 branches,Normale,Deux véhicules - côté,,,,,,,,,,,2,2,5,1.0,3.0
201000051016,0010-06-09 18:15:00,10,6,9,18,15,930,46,SULLY AVENUE,48.9129,2.52213,Plein jour,En agglomération,Intersection en T,Pluie forte,Deux véhicules - frontale,,,,,,,,,,,1,2,3,3.0,1.0
201000051017,0010-06-12 17:45:00,10,6,12,17,45,930,46,AV A.BRIAND/AV GUESDE,48.9106,2.51221,Plein jour,En agglomération,Intersection à plus de 4 branches,Normale,Deux véhicules - côté,,,,,,,,,,,1,2,5,1.0,3.0
201000051018,0010-06-15 15:55:00,10,6,15,15,55,930,46,ROGER SALENGRO BOULEVARD,48.9104,2.52752,Plein jour,En agglomération,Intersection en X,Normale,Deux véhicules - frontale,,,,,,,,,,,1,2,2,1.0,1.0
201000051019,0010-06-19 14:25:00,10,6,19,14,25,930,46,JEAN JACQUES ROUSSEAU AV,48.9281,2.54285,Plein jour,En agglomération,Intersection en T,Temps couvert,Sans collision,,,,,,,,,,,1,2,3,8.0,7.0
201000051020,0010-06-21 14:30:00,10,6,21,14,30,930,46,ARISTIDE BRIAND AVENUE,48.9135,2.52476,Plein jour,En agglomération,Hors intersection,Normale,Autre collision,,,,,,,,,,,1,2,1,1.0,6.0
201000051021,0010-06-21 15:00:00,10,6,21,15,0,930,46,MARECHAL LECLERC AVENUE,48.9192,2.53764,Plein jour,En agglomération,Place,Normale,Deux véhicules - côté,,,,,,,,,,,1,2,7,1.0,3.0
201000051022,0010-06-22 07:50:00,10,6,22,7,50,930,46,"03, EUROPE BOULEVARD DE",48.9231,2.54479,Plein jour,En agglomération,Hors intersection,Normale,Autre collision,,,,,,,,,,,1,2,1,1.0,6.0
201000051023,0010-06-29 16:20:00,10,6,29,16,20,930,46,"NEANT, REPUBLIQUE AVENUE",48.906,2.52347,Plein jour,En agglomération,Intersection en X,Normale,Autre collision,,,,,,,,,,,1,2,2,1.0,6.0
201000051024,0010-07-02 16:35:00,10,7,2,16,35,930,46,"7, LIBERATION PLACE DE L",,,Plein jour,En agglomération,Hors intersection,Normale,Autre collision,,,,,,,,,,,1,2,1,1.0,6.0
201000051025,0010-07-07 20:35:00,10,7,7,20,35,930,46,"6, MARX DORMOY BOULEVARD",,,Plein jour,En agglomération,Hors intersection,Normale,Deux véhicules - arrière,,,,,,,,,,,1,2,1,1.0,2.0
201000051026,0010-07-08 16:40:00,10,7,8,16,40,930,74,SEVRAN RUE DE,,,Plein jour,En agglomération,Intersection en T,Normale,Deux véhicules - côté,,,,,,,,,,,1,2,3,1.0,3.0
201000051027,0010-07-07 07:25:00,10,7,7,7,25,930,46,"67, ARISTIDE BRIAND AVEN",,,Plein jour,En agglomération,Hors intersection,Normale,Sans collision,,,,,,,,,,,1,2,1,1.0,7.0
201000051028,0010-07-12 07:30:00,10,7,12,7,30,930,46,"07, PASTEUR ALLEE",,,Plein jour,En agglomération,Intersection en X,Pluie forte,Autre collision,,,,,,,,,,,1,2,2,3.0,6.0
201000051029,0010-07-15 21:25:00,10,7,15,21,25,930,46,"117, CONSUL GENERAL NORD",,,Plein jour,En agglomération,Intersection en X,Normale,Deux véhicules - côté,,,,,,,,,,,1,2,2,1.0,3.0
201000051030,0010-07-18 06:00:00,10,7,18,6,0,930,46,EUROPE BOULEVARD DE L',,,Crépuscule ou aube,Hors agglomération,Hors intersection,Normale,Autre collision,,,,,,,,,,,2,1,1,1.0,6.0
201000051031,0010-07-20 21:30:00,10,7,20,21,30,930,46,"67, POSTES CHEMIN DES",,,Crépuscule ou aube,En agglomération,Hors intersection,Normale,Autre collision,,,,,,,,,,,2,2,1,1.0,6.0
201000051032,0010-07-23 02:00:00,10,7,23,2,0,930,46,"49, CAMILLE DESMOULINS A",,,Nuit avec éclairage allumé,En agglomération,Hors intersection,Normale,Autre collision,,,,,,,,,,,5,2,1,1.0,6.0
201000051033,0010-07-30 23:05:00,10,7,30,23,5,930,46,NEMOURS ALLEE DE,,,Nuit avec éclairage allumé,En agglomération,Intersection en X,Normale,Deux véhicules - côté,,,,,,,,,,,5,2,2,1.0,3.0
201000051034,0010-07-31 16:10:00,10,7,31,16,10,930,46,JEAN JAURES BOULEVARD,,,Plein jour,En agglomération,Intersection en X,Normale,Deux véhicules - côté,,,,,,,,,,,1,2,2,1.0,3.0
201000051035,0010-07-31 16:35:00,10,7,31,16,35,930,15,"1, JAURES RUE JEAN",,,Plein jour,En agglomération,Hors intersection,Normale,Deux véhicules - côté,,,,,,,,,,,1,2,1,1.0,3.0
201000051036,0010-08-03 15:50:00,10,8,3,15,50,930,46,"97, MARX DORMOY BOULEVAR",,,Plein jour,En agglomération,Hors intersection,Normale,Deux véhicules - frontale,,,,,,,,,,,1,2,1,1.0,1.0
201000051037,0010-08-17 11:00:00,10,8,17,11,0,930,46,LEON LUM AVENUE,,,Plein jour,En agglomération,Hors intersection,Normale,Autre collision,,,,,,,,,,,1,2,1,1.0,6.0
201000051038,0010-08-23 18:35:00,10,8,23,18,35,930,46,"32, JULES GUESDES AVENUE",,,Plein jour,En agglomération,Hors intersection,Normale,Deux véhicules - arrière,,,,,,,,,,,1,2,1,1.0,2.0
201000051039,0010-08-25 10:40:00,10,8,25,10,40,930,46,"72, JEAN JAURES BOULEVAR",,,Plein jour,En agglomération,Hors intersection,Normale,Autre collision,,,,,,,,,,,1,2,1,1.0,6.0
201000051040,0010-08-27 15:40:00,10,8,27,15,40,930,46,"32, REPUBLIQUE AVENUE DE",,,Plein jour,En agglomération,Intersection en T,Temps couvert,Deux véhicules - côté,,,,,,,,,,,1,2,3,8.0,3.0
201000051041,0010-08-29 02:35:00,10,8,29,2,35,930,46,ROBERT SCHUMANN BOULEVAR,,,Nuit avec éclairage allumé,En agglomération,Hors intersection,Normale,Autre collision,,,,,,,,,,,5,2,1,1.0,6.0
201000051042,0010-08-30 17:40:00,10,8,30,17,40,930,46,WINSTON CHURCHILL AVENUE,,,Plein jour,En agglomération,Intersection en X,Normale,Deux véhicules - frontale,,,,,,,,,,,1,2,2,1.0,1.0
201000051043,0010-09-01 06:18:00,10,9,1,6,18,930,46,"86, ARISTIDE BRIAND AVEN",,,Crépuscule ou aube,En agglomération,Intersection en T,Normale,Deux véhicules - côté,,,,,,,,,,,2,2,3,1.0,3.0
201000051044,0010-09-04 12:00:00,10,9,4,12,0,930,74,"305, MEAUX RUE DE",,,Plein jour,En agglomération,Hors intersection,Normale,Sans collision,,,,,,,,,,,1,2,1,1.0,7.0
201000051045,0010-09-04 16:35:00,10,9,4,16,35,930,46,REPUBLIQUE AVENUE DE LA,,,Plein jour,En agglomération,Giratoire,Normale,Deux véhicules - côté,,,,,,,,,,,1,2,6,1.0,3.0
201000051046,0010-09-08 07:50:00,10,9,8,7,50,930,46,ROGER SALENGRO BOULEVARD,,,Crépuscule ou aube,En agglomération,Hors intersection,Pluie légère,Sans collision,,,,,,,,,,,2,2,1,2.0,7.0
201000051047,0010-09-09 14:05:00,10,9,9,14,5,930,46,WINSTON CHURCHILL AVENUE,,,Plein jour,En agglomération,Intersection en X,Normale,Deux véhicules - côté,,,,,,,,,,,1,2,2,1.0,3.0
201000051048,0010-09-10 14:00:00,10,9,10,14,0,930,46,allée Lucie Aubrac,,,Plein jour,En agglomération,Giratoire,Normale,Autre collision,,,,,,,,,,,1,2,6,1.0,6.0
201000051049,0010-09-10 20:28:00,10,9,10,20,28,930,74,"146, MEAUX RUE DE",,,Nuit avec éclairage allumé,En agglomération,Intersection en X,Normale,Autre collision,,,,,,,,,,,5,2,2,1.0,6.0
201000051050,0010-09-14 16:30:00,10,9,14,16,30,930,46,JEAN JAURES BOULEVARD,,,Plein jour,En agglomération,Hors intersection,Normale,Deux véhicules - arrière,,,,,,,,,,,1,2,1,1.0,2.0
201000051051,0010-09-14 20:15:00,10,9,14,20,15,930,46,JEAN JACQUES ROUSSEAU AV,,,Nuit avec éclairage allumé,En agglomération,Intersection en T,Normale,Deux véhicules - côté,,,,,,,,,,,5,2,3,1.0,3.0
201000051052,0010-09-16 10:45:00,10,9,16,10,45,930,46,ARISTIDE BRIAND AVENUE,,,Plein jour,En agglomération,Hors intersection,Normale,Deux véhicules - arrière,,,,,,,,,,,1,2,1,1.0,2.0
201000051053,0010-09-21 17:24:00,10,9,21,17,24,930,46,"26, ALEMBERT AVENUE",,,Plein jour,En agglomération,Hors intersection,Normale,Deux véhicules - frontale,,,,,,,,,,,1,2,1,1.0,1.0
201000051054,0010-09-25 16:15:00,10,9,25,16,15,930,46,"93, ARISTIDE BRIAND AVEN",,,Plein jour,En agglomération,Hors intersection,Pluie légère,Deux véhicules - arrière,,,,,,,,,,,1,2,1,2.0,2.0
201000051055,0010-09-26 16:05:00,10,9,26,16,5,930,46,CHANZY AVENUE DE,,,Plein jour,En agglomération,Intersection en T,Pluie légère,Autre collision,,,,,,,,,,,1,2,3,2.0,6.0
201000051056,0010-09-26 19:10:00,10,9,26,19,10,930,46,LUCIEN MICHARD ALLEE,,,Crépuscule ou aube,En agglomération,Intersection en X,Pluie légère,Deux véhicules - côté,,,,,,,,,,,2,2,2,2.0,3.0