accident_id,datetime,annee,mois,jour,heure,minute,departement,commune_insee,adresse,latitude,longitude,luminosite,agglomeration,intersection,meteo,collision,nb_vehicules,nb_usagers,nb_indemnes,nb_tues,nb_blesses_hosp,nb_blesses_legers,age_cond_1,age_cond_2,veh_type_cond_1,veh_type_cond_2,lum_code,agg_code,int_code,atm_code,col_code
201000051057,0010-09-27 18:00:00,10,9,27,18,0,930,15,"37, COROT AVENUE",,,Plein jour,En agglomération,Hors intersection,Normale,Sans collision,,,,,,,,,,,1,2,1,1.0,7.0
201000051058,0010-09-28 06:55:00,10,9,28,6,55,930,74,"35, DE GAULLE AVENUE DU",,,Plein jour,En agglomération,Hors intersection,Normale,Autre collision,,,,,,,,,,,1,2,1,1.0,6.0
201000051059,0010-09-28 12:20:00,10,9,28,12,20,930,46,"12, MENDES FRANCE RESIDE",,,Plein jour,En agglomération,Hors intersection,Normale,Autre collision,,,,,,,,,,,1,2,1,1.0,6.0
201000051060,0010-09-28 19:40:00,10,9,28,19,40,930,46,DOCTEUR ROUX RUE DU,,,Nuit avec éclairage allumé,En agglomération,Hors intersection,Pluie légère,Trois véhicules et plus - collisions multiples,,,,,,,,,,,5,2,1,2.0,5.0
201000051061,0010-09-29 20:45:00,10,9,29,20,45,930,46,"1, JEAN MONNET RESIDENCE",,,Nuit avec éclairage allumé,En agglomération,Hors intersection,Normale,Autre collision,,,,,,,,,,,5,2,1,1.0,6.0
201000051062,0010-10-01 16:40:00,10,10,1,16,40,930,74,LATTRE DE TASSIGNY AVENU,,,Plein jour,En agglomération,Hors intersection,Pluie légère,Autre collision,,,,,,,,,,,1,2,1,2.0,6.0
201000051063,0010-10-02 19:39:00,10,10,2,19,39,930,74,DE GAULLE AVENUE DU GENE,,,Crépuscule ou aube,En agglomération,Intersection en X,Normale,Deux véhicules - côté,,,,,,,,,,,2,2,2,1.0,3.0
201000051064,0010-10-05 07:35:00,10,10,5,7,35,930,46,JEAN JACQUES ROUSSEAU AV,,,Plein jour,En agglomération,Intersection en T,Pluie légère,Deux véhicules - côté,,,,,,,,,,,1,2,3,2.0,3.0
201000051065,0010-10-06 10:10:00,10,10,6,10,10,930,15,"10, LARCHE RUE RAOUL",,,Plein jour,En agglomération,Hors intersection,Normale,Deux véhicules - côté,,,,,,,,,,,1,2,1,1.0,3.0
201000051066,0010-10-07 10:45:00,10,10,7,10,45,930,15,STRATEGIQUE ROUTE,,,Plein jour,Hors agglomération,Giratoire,Normale,Deux véhicules - frontale,,,,,,,,,,,1,1,6,1.0,1.0
201000051067,0010-10-08 14:55:00,10,10,8,14,55,930,46,"111, ROBERT SCHUMANN BOU",,,Plein jour,Hors agglomération,Hors intersection,Normale,Autre collision,,,,,,,,,,,1,1,1,1.0,6.0
201000051068,0010-10-12 11:45:00,10,10,12,11,45,930,46,JEAN JAURES BOULEVARD,,,Plein jour,En agglomération,Hors intersection,Normale,Deux véhicules - arrière,,,,,,,,,,,1,2,1,1.0,2.0
201000051069,0010-10-12 17:25:00,10,10,12,17,25,930,46,VAUBAN AVENUE,,,Plein jour,En agglomération,Intersection en X,Normale,Deux véhicules - côté,,,,,,,,,,,1,2,2,1.0,3.0
201000051070,0010-10-13 16:00:00,10,10,13,16,0,930,74,AMYOT BOULEVARD JACQUES,,,Plein jour,En agglomération,Intersection en X,Normale,Deux véhicules - côté,,,,,,,,,,,1,2,2,1.0,3.0
201000051071,0010-10-24 13:15:00,10,10,24,13,15,930,46,"14, CAMILLE DESMOULINS A",,,Plein jour,En agglomération,Hors intersection,Normale,Trois véhicules et plus - en chaîne,,,,,,,,,,,1,2,1,1.0,4.0
201000051072,0010-10-30 10:55:00,10,10,30,10,55,930,46,CUREL ALLEE,,,Plein jour,En agglomération,Intersection en T,Pluie légère,Deux véhicules - frontale,,,,,,,,,,,1,2,3,2.0,1.0
201000051073,0010-11-07 08:15:00,10,11,7,8,15,930,74,COURTRY RUE DE,,,Plein jour,En agglomération,Giratoire,Normale,Autre collision,,,,,,,,,,,1,2,6,1.0,6.0
201000051074,0010-11-08 11:00:00,10,11,8,11,0,930,46,"79, MARX DORMOY BOULEVAR",,,Plein jour,En agglomération,Hors intersection,Pluie légère,Deux véhicules - côté,,,,,,,,,,,1,2,1,2.0,3.0
201000051075,0010-11-09 11:10:00,10,11,9,11,10,930,46,"1, MARX DORMOY BOULEVARD",,,Plein jour,En agglomération,Intersection en X,Pluie légère,Deux véhicules - côté,,,,,,,,,,,1,2,2,2.0,3.0
201000051076,0010-11-09 16:50:00,10,11,9,16,50,930,46,GUTEMBERG BOULEVARD,,,Plein jour,En agglomération,Passage à niveau,Pluie légère,Deux véhicules - côté,,,,,,,,,,,1,2,8,2.0,3.0
201000051077,0010-11-15 18:20:00,10,11,15,18,20,930,46,ARISTIDE BRIAND AVENUE,,,Nuit avec éclairage allumé,En agglomération,Intersection en X,Normale,Deux véhicules - côté,,,,,,,,,,,5,2,2,1.0,3.0
201000051078,0010-11-16 12:25:00,10,11,16,12,25,930,15,STRATEGIQUE ROUTE,,,Plein jour,Hors agglomération,Hors intersection,Temps couvert,Sans collision,,,,,,,,,,,1,1,1,8.0,7.0
201000051079,0010-11-17 13:30:00,10,11,17,13,30,930,46,"44, THIESSET ALLEE",,,Plein jour,En agglomération,Hors intersection,Normale,Sans collision,,,,,,,,,,,1,2,1,1.0,7.0
201000051080,0010-11-25 15:30:00,10,11,25,15,30,930,46,FRESNES ALLEE DES,,,Plein jour,En agglomération,Intersection en T,Normale,Deux véhicules - côté,,,,,,,,,,,1,2,3,1.0,3.0
201000051081,0010-11-26 07:20:00,10,11,26,7,20,930,46,ARISTIDE BRIAND AVENUE,,,Nuit avec éclairage allumé,En agglomération,Intersection à plus de 4 branches,Temps couvert,Autre collision,,,,,,,,,,,5,2,5,8.0,6.0
201000051082,0010-12-06 07:55:00,10,12,6,7,55,930,46,ARISTIDE BRIAND AVENUE,,,Nuit avec éclairage allumé,En agglomération,Intersection en Y,Pluie légère,Deux véhicules - arrière,,,,,,,,,,,5,2,4,2.0,2.0
201000051083,0010-12-13 07:30:00,10,12,13,7,30,930,46,ARISTIDE BRIAND AVENUE,,,Nuit avec éclairage allumé,En agglomération,Intersection en X,Normale,Autre collision,,,,,,,,,,,5,2,2,1.0,6.0
201000051084,0010-12-17 13:50:00,10,12,17,13,50,930,46,EDOUARD VAILLANT BOULEVA,,,Plein jour,En agglomération,Hors intersection,Autre,Autre collision,,,,,,,,,,,1,2,1,9.0,6.0
201000051085,0010-12-23 18:20:00,10,12,23,18,20,930,15,"3, RENDEZ VOUS ALLEE DU",,,Nuit avec éclairage allumé,En agglomération,Hors intersection,Neige / grêle,Sans collision,,,,,,,,,,,5,2,1,4.0,7.0
201000051086,0010-12-26 10:55:00,10,12,26,10,55,930,74,"345, MEAUX RUE DE",,,Plein jour,En agglomération,Hors intersection,Neige / grêle,Autre collision,,,,,,,,,,,1,2,1,4.0,6.0
201000051087,0010-01-01 05:20:00,10,1,1,5,20,930,48,BD BOISSIERE/BD BRIAND,48.8781,2.45735,Nuit avec éclairage allumé,En agglomération,Intersection à plus de 4 branches,Normale,Deux véhicules - côté,,,,,,,,,,,5,2,5,1.0,3.0
201000051088,0010-01-02 16:30:00,10,1,2,16,30,930,48,R DE LA REPUBLIQUE,48.8524,2.41698,Plein jour,En agglomération,Hors intersection,Normale,Deux véhicules - côté,,,,,,,,,,,1,2,1,1.0,3.0
201000051089,0010-01-04 15:00:00,10,1,4,15,0,930,48,AV P.LANGEVIN/R GIRARD,48.8572,2.43522,Plein jour,En agglomération,Intersection en T,Normale,Autre collision,,,,,,,,,,,1,2,3,1.0,6.0
201000051090,0010-01-05 08:15:00,10,1,5,8,15,930,48,"35,R CUVIER",48.851,2.42312,Crépuscule ou aube,En agglomération,Hors intersection,Normale,Deux véhicules - frontale,,,,,,,,,,,2,2,1,1.0,1.0
201000051091,0010-01-09 20:50:00,10,1,9,20,50,930,48,WILSON / PERI,48.8574,2.44007,Nuit avec éclairage allumé,En agglomération,Intersection en X,Neige / grêle,Deux véhicules - côté,,,,,,,,,,,5,2,2,4.0,3.0
201000051092,0010-01-10 22:40:00,10,1,10,22,40,930,48,AV G.PERI/AV WILSON,48.8574,2.44007,Nuit avec éclairage allumé,En agglomération,Intersection en X,Normale,Deux véhicules - côté,,,,,,,,,,,5,2,2,1.0,3.0
201000051093,0010-01-11 23:50:00,10,1,11,23,50,930,48,AV DE LA RESISTANCE,48.8644,2.43581,Nuit avec éclairage allumé,En agglomération,Hors intersection,Normale,Deux véhicules - arrière,,,,,,,,,,,5,2,1,1.0,2.0
201000051094,0010-01-23 17:00:00,10,1,23,17,0,930,48,R CHANTEREINES/EPERNONS,48.8684,2.44474,Plein jour,En agglomération,Intersection en X,Temps couvert,Deux véhicules - côté,,,,,,,,,,,1,2,2,8.0,3.0
201000051095,0010-01-29 17:05:00,10,1,29,17,5,930,48,AV JEAN MOULIN,48.8616,2.45417,Plein jour,En agglomération,Hors intersection,Pluie forte,Deux véhicules - arrière,,,,,,,,,,,1,2,1,3.0,2.0
201000051096,0010-01-29 18:00:00,10,1,29,18,0,930,48,R CHARLES DELAVACQUERIE,48.8652,2.47714,Nuit avec éclairage allumé,En agglomération,Hors intersection,Pluie légère,Autre collision,,,,,,,,,,,5,2,1,2.0,6.0
201000051097,0010-02-03 13:30:00,10,2,3,13,30,930,48,BD T.SUEUR/PATTE D'OIE,48.8599,2.46658,Plein jour,En agglomération,Intersection en T,Pluie légère,Autre collision,,,,,,,,,,,1,2,3,2.0,6.0
201000051098,0010-02-16 17:35:00,10,2,16,17,35,930,48,FABIEN / LAGRANGE,48.8766,2.45468,Plein jour,En agglomération,Intersection à plus de 4 branches,Normale,Autre collision,,,,,,,,,,,1,2,5,1.0,6.0
201000051099,0010-02-16 20:55:00,10,2,16,20,55,930,48,AV WILSON/R MOLIERE,48.8585,2.44042,Nuit avec éclairage allumé,En agglomération,Intersection en X,Normale,Autre collision,,,,,,,,,,,5,2,2,1.0,6.0
201000051100,0010-02-20 18:20:00,10,2,20,18,20,930,48,R ROSNY/R DE L'ACACIA,48.8722,2.46866,Crépuscule ou aube,En agglomération,Intersection en T,Normale,Autre collision,,,,,,,,,,,2,2,3,1.0,6.0
201000051101,0010-02-20 17:50:00,10,2,20,17,50,930,48,R VOLTAIRE,48.8548,2.4204,Plein jour,En agglomération,Hors intersection,Normale,Autre collision,,,,,,,,,,,1,2,1,1.0,6.0
201000051102,0010-02-24 16:00:00,10,2,24,16,0,930,48,R BOBILLOT/R GODEFROY,48.8537,2.43312,Plein jour,En agglomération,Intersection en X,Temps couvert,Deux véhicules - côté,,,,,,,,,,,1,2,2,8.0,3.0
201000051103,0010-02-26 13:30:00,10,2,26,13,30,930,48,AV DE LA RESISTANCE,48.8641,2.43599,Plein jour,En agglomération,Autre intersection,Pluie légère,Autre collision,,,,,,,,,,,1,2,9,2.0,6.0
201000051104,0010-02-27 21:10:00,10,2,27,21,10,930,48,AV G.PERI/R RAPATEL,48.8564,2.44495,Nuit avec éclairage allumé,En agglomération,Intersection en X,Pluie forte,Trois véhicules et plus - collisions multiples,,,,,,,,,,,5,2,2,3.0,5.0
201000051105,0010-03-02 18:30:00,10,3,2,18,30,930,48,PARIS / D'ALEMBERT,48.8547,2.41749,Crépuscule ou aube,En agglomération,Intersection en X,Normale,Autre collision,,,,,,,,,,,2,2,2,1.0,6.0
201000051106,0010-03-08 18:00:00,10,3,8,18,0,930,48,R MERIEL/R VICTOR HUGO,48.8604,2.43943,Crépuscule ou aube,En agglomération,Intersection à plus de 4 branches,Normale,Autre collision,,,,,,,,,,,2,2,5,1.0,6.0
201000051107,0010-03-08 17:50:00,10,3,8,17,50,930,48,R DE PARIS/R EMILE ZOLA,48.855,2.41925,Plein jour,En agglomération,Intersection en X,Normale,Deux véhicules - côté,,,,,,,,,,,1,2,2,1.0,3.0
201000051108,0010-03-13 20:00:00,10,3,13,20,0,930,48,AV DE LA RESISTANCE,48.8619,2.43695,Nuit avec éclairage allumé,En agglomération,Hors intersection,Normale,Deux véhicules - côté,,,,,,,,,,,5,2,1,1.0,3.0
201000051109,0010-03-11 20:10:00,10,3,11,20,10,930,48,BD ARISTIDE BRIAND,48.8735,2.45395,Nuit avec éclairage non allumé,En agglomération,Hors intersection,Normale,Autre collision,,,,,,,,,,,4,2,1,1.0,6.0
201000051110,0010-03-20 10:50:00,10,3,20,10,50,930,48,AV GABRIEL PERI,48.8574,2.44015,Plein jour,En agglomération,Hors intersection,Normale,Deux véhicules - côté,,,,,,,,,,,1,2,1,1.0,3.0
201000051111,0010-03-23 17:00:00,10,3,23,17,0,930,48,BD T.SUEUR/R CURIE,48.8599,2.46658,Plein jour,En agglomération,Intersection en X,Normale,Autre collision,,,,,,,,,,,1,2,2,1.0,6.0
201000051112,0010-03-30 18:00:00,10,3,30,18,0,930,48,R DU GENERAL GALLIENI,48.8582,2.43709,Plein jour,En agglomération,Hors intersection,Temps couvert,Deux véhicules - arrière,,,,,,,,,,,1,2,1,8.0,2.0
201000051113,0010-04-13 10:40:00,10,4,13,10,40,930,48,MITTERAND/BARBUSSE,48.8654,2.4434,Plein jour,En agglomération,Giratoire,Normale,Deux véhicules - côté,,,,,,,,,,,1,2,6,1.0,3.0
201000051114,0010-04-13 16:00:00,10,4,13,16,0,930,48,BD CHANZY/R D.PREAUX,48.8585,2.43164,Plein jour,En agglomération,Intersection en X,Normale,Deux véhicules - arrière,,,,,,,,,,,1,2,2,1.0,2.0
201000051115,0010-04-13 21:35:00,10,4,13,21,35,930,48,AV DE LA RESISTANCE,48.8652,2.43531,Nuit avec éclairage allumé,En agglomération,Hors intersection,Pluie légère,Autre collision,,,,,,,,,,,5,2,1,2.0,6.0
201000051116,0010-04-14 17:30:00,10,4,14,17,30,930,48,R DE STALINGRAD,48.855,2.44676,Plein jour,En agglomération,Hors intersection,Normale,Deux véhicules - côté,,,,,,,,,,,1,2,1,1.0,3.0
201000051117,0010-04-18 18:00:00,10,4,18,18,0,930,48,R ROBESPIERRE/REPUBLIQUE,48.8532,2.4236,Plein jour,En agglomération,Intersection en T,Normale,Deux véhicules - côté,,,,,,,,,,,1,2,3,1.0,3.0
201000051118,0010-04-19 09:35:00,10,4,19,9,35,930,48,AV DE LA REPUBLIQUE,48.8683,2.48508,Plein jour,En agglomération,Hors intersection,Normale,Deux véhicules - côté,,,,,,,,,,,1,2,1,1.0,3.0
201000051119,0010-04-20 20:30:00,10,4,20,20,30,930,48,BD A.BRIAND/R ST-DENIS,48.8731,2.45363,Plein jour,En agglomération,Intersection en X,Normale,Deux véhicules - côté,,,,,,,,,,,1,2,2,1.0,3.0
201000051120,0010-04-21 20:30:00,10,4,21,20,30,930,48,COUTURIER/BEAUSSE,48.8667,2.4451,Plein jour,En agglomération,Intersection en X,Normale,Deux véhicules - côté,,,,,,,,,,,1,2,2,1.0,3.0
201000051121,0010-04-23 08:45:00,10,4,23,8,45,930,48,R BOBILLOT/R GODEFROY,48.8537,2.43312,Plein jour,En agglomération,Intersection en X,Normale,Deux véhicules - côté,,,,,,,,,,,1,2,2,1.0,3.0
201000051122,0010-04-18 22:25:00,10,4,18,22,25,930,48,LAGRANGE/FABIEN,48.8766,2.45468,Nuit avec éclairage allumé,En agglomération,Intersection en T,Normale,Deux véhicules - côté,,,,,,,,,,,5,2,3,1.0,3.0
201000051123,0010-04-30 07:00:00,10,4,30,7,0,930,48,BD A.BRIAND/R ST-DENIS,48.8731,2.45363,Plein jour,En agglomération,Intersection en X,Normale,Deux véhicules - côté,,,,,,,,,,,1,2,2,1.0,3.0
201000051124,0010-05-06 20:20:00,10,5,6,20,20,930,48,BD H.BARBUSSE/R V.BEAUSS,48.8681,2.44165,Plein jour,En agglomération,Intersection en Y,Normale,Deux véhicules - côté,,,,,,,,,,,1,2,4,1.0,3.0
201000051125,0010-05-07 07:45:00,10,5,7,7,45,930,48,CARREL / VALMY,48.8507,2.41823,Crépuscule ou aube,En agglomération,Intersection en T,Normale,Deux véhicules - côté,,,,,,,,,,,2,2,3,1.0,3.0
201000051126,0010-05-09 11:45:00,10,5,9,11,45,930,48,R DE PARIS,48.8577,2.43416,Plein jour,En agglomération,Hors intersection,Normale,Autre collision,,,,,,,,,,,1,2,1,1.0,6.0
201000051127,0010-05-14 10:50:00,10,5,14,10,50,930,48,R BEAUMARCHAIS,48.8566,2.43131,Plein jour,En agglomération,Hors intersection,Normale,Sans collision,,,,,,,,,,,1,2,1,1.0,7.0
201000051128,0010-05-17 17:40:00,10,5,17,17,40,930,48,R DE LA COTE DU NORD,48.8621,2.47431,Plein jour,En agglomération,Hors intersection,Normale,Autre collision,,,,,,,,,,,1,2,1,1.0,6.0
201000051129,0010-05-17 20:20:00,10,5,17,20,20,930,48,WILSON/BERTHELOT,48.8556,2.43955,Plein jour,En agglomération,Intersection en T,Normale,Trois véhicules et plus - collisions multiples,,,,,,,,,,,1,2,3,1.0,5.0
201000051130,0010-05-20 08:55:00,10,5,20,8,55,930,48,L'ISLE/RESISTANCE,48.8582,2.43678,Plein jour,En agglomération,Intersection à plus de 4 branches,Normale,Deux véhicules - arrière,,,,,,,,,,,1,2,5,1.0,2.0
201000051131,0010-05-26 18:10:00,10,5,26,18,10,930,48,BD ROUGET DE LISLE,48.861,2.44011,Plein jour,En agglomération,Hors intersection,Normale,Autre collision,,,,,,,,,,,1,2,1,1.0,6.0
201000051132,0010-06-01 08:05:00,10,6,1,8,5,930,48,R VERT BOIS/F.BUISSON,48.8724,2.43653,Plein jour,En agglomération,Intersection en X,Normale,Deux véhicules - côté,,,,,,,,,,,1,2,2,1.0,3.0
201000051133,0010-06-04 10:50:00,10,6,4,10,50,930,48,R D.DELCUPE/E.VAILLANT,48.8553,2.43254,Plein jour,En agglomération,Intersection en X,Normale,Autre collision,,,,,,,,,,,1,2,2,1.0,6.0
201000051134,0010-06-04 23:40:00,10,6,4,23,40,930,48,R C.LEPINAY/R J.D'ARC,48.8542,2.44505,Nuit avec éclairage allumé,En agglomération,Intersection en X,Normale,Deux véhicules - arrière,,,,,,,,,,,5,2,2,1.0,2.0
201000051135,0010-06-05 16:00:00,10,6,5,16,0,930,48,R DE PARIS,48.8556,2.42215,Plein jour,En agglomération,Hors intersection,Normale,Autre collision,,,,,,,,,,,1,2,1,1.0,6.0
201000051136,0010-06-08 07:15:00,10,6,8,7,15,930,48,AV V.HUGO/R DES RUFFINS,48.8614,2.48165,Plein jour,En agglomération,Giratoire,Normale,Deux véhicules - côté,,,,,,,,,,,1,2,6,1.0,3.0
201000051137,0010-06-09 00:20:00,10,6,9,0,20,930,48,R DE PARIS,48.8554,2.42134,Nuit avec éclairage allumé,En agglomération,Hors intersection,Pluie légère,Autre collision,,,,,,,,,,,5,2,1,2.0,6.0
201000051138,0010-06-09 07:45:00,10,6,9,7,45,930,48,AV PRST WILSON/G.PERI,48.8574,2.44007,Plein jour,En agglomération,Intersection en X,Pluie légère,Sans collision,,,,,,,,,,,1,2,2,2.0,7.0
201000051139,0010-06-18 18:20:00,10,6,18,18,20,930,48,LANGEVIN/KLEBERT,48.8572,2.43645,Plein jour,En agglomération,Place,Normale,Deux véhicules - arrière,,,,,,,,,,,1,2,7,1.0,2.0
201000051140,0010-06-20 11:10:00,10,6,20,11,10,930,48,R DE PARIS,48.8578,2.43478,Plein jour,En agglomération,Hors intersection,Normale,Autre collision,,,,,,,,,,,1,2,1,1.0,6.0
201000051141,0010-06-20 15:45:00,10,6,20,15,45,930,48,R DE PARIS,48.8578,2.43478,Plein jour,En agglomération,Hors intersection,Temps couvert,Trois véhicules et plus - en chaîne,,,,,,,,,,,1,2,1,8.0,4.0
201000051142,0010-06-23 18:40:00,10,6,23,18,40,930,48,AV C.FABIEN/DCT F.LAMAZE,48.8765,2.45464,Plein jour,En agglomération,Intersection en X,Normale,Deux véhicules - frontale,,,,,,,,,,,1,2,2,1.0,1.0
201000051143,0010-06-25 15:25:00,10,6,25,15,25,930,48,AV PRST WILSON/AV G.PERI,48.8574,2.44007,Plein jour,En agglomération,Intersection en X,Normale,Deux véhicules - côté,,,,,,,,,,,1,2,2,1.0,3.0
201000051144,0010-06-25 18:30:00,10,6,25,18,30,930,48,ROMAINVILLE / LAMARCK,48.8728,2.44666,Plein jour,En agglomération,Intersection en X,Normale,Deux véhicules - frontale,,,,,,,,,,,1,2,2,1.0,1.0
201000051145,0010-06-26 13:45:00,10,6,26,13,45,930,48,BOISSIERE / BRIAND,48.8781,2.45735,Plein jour,En agglomération,Intersection à plus de 4 branches,Normale,Deux véhicules - frontale,,,,,,,,,,,1,2,5,1.0,1.0
201000051146,0010-06-27 11:35:00,10,6,27,11,35,930,48,R D.DAURAT/R DE ROSNY,48.8675,2.45767,Plein jour,En agglomération,Giratoire,Normale,Deux véhicules - arrière,,,,,,,,,,,1,2,6,1.0,2.0
201000051147,0010-06-28 10:55:00,10,6,28,10,55,930,48,R F.ARAGO/R C.DELORME,48.8541,2.42757,Plein jour,En agglomération,Intersection en X,Normale,Deux véhicules - côté,,,,,,,,,,,1,2,2,1.0,3.0
201000051148,0010-06-30 12:15:00,10,6,30,12,15,930,48,R C.LEPINAY/R RAPATEL,48.855,2.44301,Plein jour,En agglomération,Intersection en X,Normale,Sans collision,,,,,,,,,,,1,2,2,1.0,7.0
201000051149,0010-07-01 09:50:00,10,7,1,9,50,930,48,JACQUES DUCLOS (RUE),,,Plein jour,En agglomération,Hors intersection,Temps éblouissant,Autre collision,,,,,,,,,,,1,2,1,7.0,6.0
201000051150,0010-07-04 17:45:00,10,7,4,17,45,930,48,RESISTANCE (AVENUE DE LA,,,Plein jour,En agglomération,Hors intersection,Normale,Deux véhicules - arrière,,,,,,,,,,,1,2,1,1.0,2.0
201000051151,0010-07-07 17:10:00,10,7,7,17,10,930,48,ROSNY (RUE DE),,,Plein jour,En agglomération,Giratoire,Normale,Autre collision,,,,,,,,,,,1,2,6,1.0,6.0
201000051152,0010-07-07 17:10:00,10,7,7,17,10,930,48,"26, PAUL DOUMER (RUE)",,,Plein jour,En agglomération,Hors intersection,Normale,Autre collision,,,,,,,,,,,1,2,1,1.0,6.0
201000051153,0010-07-09 03:20:00,10,7,9,3,20,930,48,"43, MIDI (RUE DU)",,,Nuit avec éclairage allumé,En agglomération,Hors intersection,Normale,Autre collision,,,,,,,,,,,5,2,1,1.0,6.0
201000051154,0010-07-09 17:00:00,10,7,9,17,0,930,48,"62, PARIS (RUE DE)",,,Plein jour,En agglomération,Hors intersection,Normale,Autre collision,,,,,,,,,,,1,2,1,1.0,6.0
201000051155,0010-07-10 20:30:00,10,7,10,20,30,930,48,"19, JEAN MOULIN (AVENUE)",,,Plein jour,En agglomération,Hors intersection,Normale,Deux véhicules - côté,,,,,,,,,,,1,2,1,1.0,3.0
201000051156,0010-07-12 16:30:00,10,7,12,16,30,930,48,"298, THEOPHILE SUEUR (BO",,,Plein jour,En agglomération,Hors intersection,Normale,Deux véhicules - arrière,,,,,,,,,,,1,2,1,1.0,2.0
201000051157,0010-07-17 16:40:00,10,7,17,16,40,930,48,"164, ROSNY (RUE DE)",,,Plein jour,En agglomération,Hors intersection,Normale,Deux véhicules - côté,,,,,,,,,,,1,2,1,1.0,3.0
201000051158,0010-07-18 14:30:00,10,7,18,14,30,930,48,"155, BOISSIERE (BOULEVAR",,,Plein jour,En agglomération,Hors intersection,Normale,Autre collision,,,,,,,,,,,1,2,1,1.0,6.0
201000051159,0010-07-18 21:50:00,10,7,18,21,50,930,48,FRANCOIS MITTERAND (PLAC,,,Nuit avec éclairage allumé,En agglomération,Giratoire,Normale,Deux véhicules - arrière,,,,,,,,,,,5,2,6,1.0,2.0
201000051160,0010-07-15 19:55:00,10,7,15,19,55,930,48,CHANTEREINES (RUE DES),,,Plein jour,En agglomération,Hors intersection,Normale,Autre collision,,,,,,,,,,,1,2,1,1.0,6.0
201000051161,0010-07-19 19:30:00,10,7,19,19,30,930,48,GABRIEL PERI (AVENUE),,,Plein jour,En agglomération,Hors intersection,Normale,Autre collision,,,,,,,,,,,1,2,1,1.0,6.0
201000051162,0010-07-20 09:45:00,10,7,20,9,45,930,48,"234, ROSNY S4 (RUE DE)",,,Plein jour,En agglomération,Giratoire,Normale,Autre collision,,,,,,,,,,,1,2,6,1.0,6.0
201000051163,0010-07-20 19:50:00,10,7,20,19,50,930,48,DOUY DELCUPE (RUE),,,Plein jour,En agglomération,Intersection en X,Normale,Deux véhicules - côté,,,,,,,,,,,1,2,2,1.0,3.0
201000051164,0010-07-22 08:30:00,10,7,22,8,30,930,48,"21, HENRI BARBUSSE (BOUL",,,Plein jour,En agglomération,Hors intersection,Normale,Deux véhicules - côté,,,,,,,,,,,1,2,1,1.0,3.0
201000051165,0010-07-27 14:30:00,10,7,27,14,30,930,48,GABRIEL PERI (AVENUE),,,Plein jour,En agglomération,Intersection en X,Normale,Autre collision,,,,,,,,,,,1,2,2,1.0,6.0
201000051166,0010-08-08 00:30:00,10,8,8,0,30,930,48,", FRANKLIN (RUE)",,,Nuit avec éclairage allumé,En agglomération,Intersection en X,Normale,Deux véhicules - côté,,,,,,,,,,,5,2,2,1.0,3.0
201000051167,0010-08-10 07:45:00,10,8,10,7,45,930,48,PASTEUR S2  (AVENUE),,,Plein jour,En agglomération,Hors intersection,Normale,Deux véhicules - côté,,,,,,,,,,,1,2,1,1.0,3.0
201000051168,0010-08-10 16:50:00,10,8,10,16,50,930,48,NOUVELLE FRANCE (RUE DE,,,Plein jour,En agglomération,Intersection en T,Normale,Trois véhicules et plus - en chaîne,,,,,,,,,,,1,2,3,1.0,4.0
201000051169,0010-08-04 11:50:00,10,8,4,11,50,930,48,ROSNY (RUE DE),,,Plein jour,En agglomération,Hors intersection,Normale,Sans collision,,,,,,,,,,,1,2,1,1.0,7.0
201000051170,0010-08-11 18:15:00,10,8,11,18,15,930,48,"28, PARIS (RUE DE)",,,Plein jour,En agglomération,Intersection en T,Pluie légère,Deux véhicules - côté,,,,,,,,,,,1,2,3,2.0,3.0
201000051171,0010-08-18 08:55:00,10,8,18,8,55,930,48,HENRI BARBUSSE (BOULEVAR,,,Plein jour,En agglomération,Intersection en X,Normale,Deux véhicules - côté,,,,,,,,,,,1,2,2,1.0,3.0
201000051172,0010-08-21 11:10:00,10,8,21,11,10,930,48,"111, PARIS (RUE DE)",,,Plein jour,En agglomération,Intersection en X,Normale,Deux véhicules - côté,,,,,,,,,,,1,2,2,1.0,3.0
201000051173,0010-08-24 02:00:00,10,8,24,2,0,930,48,"96, THEOPHILE SUEUR (BOU",,,Nuit avec éclairage allumé,En agglomération,Hors intersection,Pluie légère,Autre collision,,,,,,,,,,,5,2,1,2.0,6.0
201000051174,0010-08-24 09:10:00,10,8,24,9,10,930,48,"102, PARIS (RUE DE)",,,Plein jour,En agglomération,Hors intersection,Normale,Deux véhicules - côté,,,,,,,,,,,1,2,1,1.0,3.0
201000051175,0010-08-24 19:35:00,10,8,24,19,35,930,48,"132, THEOPHILE SUEUR (BO",,,Plein jour,En agglomération,Hors intersection,Normale,Autre collision,,,,,,,,,,,1,2,1,1.0,6.0
201000051176,0010-08-27 13:40:00,10,8,27,13,40,930,48,ROCHES (RUE DES),,,Plein jour,En agglomération,Hors intersection,Normale,Deux véhicules - frontale,,,,,,,,,,,1,2,1,1.0,1.0
201000051177,0010-08-29 19:30:00,10,8,29,19,30,930,48,"120, BOISSIERE (BOULEVAR",,,Plein jour,En agglomération,Hors intersection,Normale,Trois véhicules et plus - collisions multiples,,,,,,,,,,,1,2,1,1.0,5.0
201000051178,0010-08-30 01:00:00,10,8,30,1,0,930,48,SAIGNE (RUE),,,Nuit avec éclairage allumé,En agglomération,Intersection en T,Pluie légère,Deux véhicules - frontale,,,,,,,,,,,5,2,3,2.0,1.0
201000051179,0010-08-30 19:50:00,10,8,30,19,50,930,48,"95, BOISSIERE (BOULEVARD",,,Plein jour,En agglomération,Hors intersection,Temps couvert,Trois véhicules et plus - collisions multiples,,,,,,,,,,,1,2,1,8.0,5.0