accident_id,datetime,annee,mois,jour,heure,minute,departement,commune_insee,adresse,latitude,longitude,luminosite,agglomeration,intersection,meteo,collision,nb_vehicules,nb_usagers,nb_indemnes,nb_tues,nb_blesses_hosp,nb_blesses_legers,age_cond_1,age_cond_2,veh_type_cond_1,veh_type_cond_2,lum_code,agg_code,int_code,atm_code,col_code
201000051674,0010-01-30 20:05:00,10,1,30,20,5,930,66,BDLIBERATION/PL JP.MARCH,48.9331,2.34215,Nuit avec éclairage allumé,En agglomération,Intersection en T,Normale,Deux véhicules - côté,,,,,,,,,,,5,2,3,1.0,3.0
201000051675,0010-01-31 04:15:00,10,1,31,4,15,930,66,R AMBROISE CROIZAT,48.9368,2.34557,Nuit avec éclairage allumé,En agglomération,Hors intersection,Normale,Autre collision,,,,,,,,,,,5,2,1,1.0,6.0
201000051676,0010-02-01 15:45:00,10,2,1,15,45,930,66,R JAURES JEAN,48.9369,2.35982,Plein jour,En agglomération,Hors intersection,Normale,Autre collision,,,,,,,,,,,1,2,1,1.0,6.0
201000051677,0010-02-04 08:20:00,10,2,4,8,20,930,66,AV STALINGRAD/R GUYNEMER,48.9454,2.3638,Plein jour,En agglomération,Intersection en X,Normale,Deux véhicules - frontale,,,,,,,,,,,1,2,2,1.0,1.0
201000051678,0010-02-04 14:30:00,10,2,4,14,30,930,66,PL 8 MAI 1945/BD CARNOT,48.9386,2.35523,Plein jour,En agglomération,Intersection en X,Normale,Autre collision,,,,,,,,,,,1,2,2,1.0,6.0
201000051679,0010-02-09 10:30:00,10,2,9,10,30,930,66,R AMBROISE CROIZAT,48.9366,2.34563,Plein jour,En agglomération,Hors intersection,Pluie légère,Deux véhicules - frontale,,,,,,,,,,,1,2,1,2.0,1.0
201000051680,0010-02-09 13:20:00,10,2,9,13,20,930,66,AV LENINE/R J. VEDRINES,48.9458,2.35933,Plein jour,En agglomération,Intersection en T,Normale,Deux véhicules - côté,,,,,,,,,,,1,2,3,1.0,3.0
201000051681,0010-02-10 03:30:00,10,2,10,3,30,930,66,BD ANATOLE FRANCE,48.9239,2.34834,Nuit avec éclairage allumé,En agglomération,Hors intersection,Normale,Deux véhicules - côté,,,,,,,,,,,5,2,1,1.0,3.0
201000051682,0010-02-10 11:40:00,10,2,10,11,40,930,66,AV DU PRESIDENT WILSON,48.904,2.35897,Plein jour,En agglomération,Intersection en Y,Neige / grêle,Trois véhicules et plus - collisions multiples,,,,,,,,,,,1,2,4,4.0,5.0
201000051683,0010-02-12 09:40:00,10,2,12,9,40,930,66,R GEORGES POLITZER,48.9401,2.36511,Plein jour,En agglomération,Hors intersection,Normale,Deux véhicules - arrière,,,,,,,,,,,1,2,1,1.0,2.0
201000051684,0010-02-12 16:15:00,10,2,12,16,15,930,66,R STRASBOURG/AV M.CACHIN,48.9372,2.37196,Plein jour,En agglomération,Intersection à plus de 4 branches,Normale,Deux véhicules - côté,,,,,,,,,,,1,2,5,1.0,3.0
201000051685,0010-02-16 10:00:00,10,2,16,10,0,930,66,AV DU DOCTEUR LAMAZE,48.9371,2.37194,Plein jour,En agglomération,Hors intersection,Normale,Deux véhicules - arrière,,,,,,,,,,,1,2,1,1.0,2.0
201000051686,0010-02-16 17:10:00,10,2,16,17,10,930,66,BD A.FRANCE/RENOUILLERES,48.9176,2.34069,Plein jour,En agglomération,Intersection en T,Normale,Deux véhicules - côté,,,,,,,,,,,1,2,3,1.0,3.0
201000051687,0010-02-19 13:30:00,10,2,19,13,30,930,66,AV DU STADE DE FRANCE,48.9186,2.36177,Plein jour,En agglomération,Hors intersection,Normale,Deux véhicules - côté,,,,,,,,,,,1,2,1,1.0,3.0
201000051688,0010-02-20 15:10:00,10,2,20,15,10,930,66,AV DU FRANC MOISIN,48.9279,2.37074,Plein jour,En agglomération,Hors intersection,Normale,Autre collision,,,,,,,,,,,1,2,1,1.0,6.0
201000051689,0010-02-20 15:50:00,10,2,20,15,50,930,66,R DANIELLE CASANOVA,48.9279,2.36341,Plein jour,En agglomération,Hors intersection,Normale,Autre collision,,,,,,,,,,,1,2,1,1.0,6.0
201000051690,0010-02-22 19:00:00,10,2,22,19,0,930,66,AV ST FRANCE/PRESSENSE,48.9197,2.36165,Nuit avec éclairage allumé,En agglomération,Intersection en X,Normale,Autre collision,,,,,,,,,,,5,2,2,1.0,6.0
201000051691,0010-02-23 15:50:00,10,2,23,15,50,930,66,"90, ""LANDY RD 20, NR PAI",48.9154,2.356,Plein jour,En agglomération,Hors intersection,Normale,Sans collision,,,,,,,,,,,1,2,1,1.0,7.0
201000051692,0010-02-26 05:30:00,10,2,26,5,30,930,66,AV LENINE/R G.POLITZER,48.9401,2.36806,Nuit avec éclairage allumé,En agglomération,Intersection en T,Pluie légère,Sans collision,,,,,,,,,,,5,2,3,2.0,7.0
201000051693,0010-03-01 16:30:00,10,3,1,16,30,930,39,R MECHIN/AV J.JAURES,48.9357,2.33855,Plein jour,En agglomération,Intersection en X,Normale,Autre collision,,,,,,,,,,,1,2,2,1.0,6.0
201000051694,0010-03-02 11:05:00,10,3,2,11,5,930,39,BD MARCEL PAUL,48.9201,2.32678,Plein jour,En agglomération,Hors intersection,Normale,Deux véhicules - arrière,,,,,,,,,,,1,2,1,1.0,2.0
201000051695,0010-03-04 00:01:00,10,3,4,0,1,930,66,AV DU PRESIDENT WILSON,48.9084,2.35795,Nuit avec éclairage allumé,En agglomération,Hors intersection,Normale,Sans collision,,,,,,,,,,,5,2,1,1.0,7.0
201000051696,0010-03-04 14:20:00,10,3,4,14,20,930,66,R A.CROIZAT/R J.SAULNIER,48.926,2.35617,Plein jour,En agglomération,Intersection à plus de 4 branches,Normale,Deux véhicules - frontale,,,,,,,,,,,1,2,5,1.0,1.0
201000051697,0010-03-06 15:00:00,10,3,6,15,0,930,66,R AMBROISE CROIZAT,48.9368,2.34557,Plein jour,En agglomération,Hors intersection,Normale,Trois véhicules et plus - en chaîne,,,,,,,,,,,1,2,1,1.0,4.0
201000051698,0010-03-10 10:15:00,10,3,10,10,15,930,66,R JULES SAULNIER,48.9258,2.35384,Plein jour,En agglomération,Hors intersection,Normale,Deux véhicules - côté,,,,,,,,,,,1,2,1,1.0,3.0
201000051699,0010-03-10 13:15:00,10,3,10,13,15,930,66,R D.SIQUEIROS/R D'EAUBON,48.9452,2.37207,Plein jour,En agglomération,Intersection en X,Normale,Deux véhicules - côté,,,,,,,,,,,1,2,2,1.0,3.0
201000051700,0010-03-10 21:50:00,10,3,10,21,50,930,66,RTE DE LA COURNEUVE,48.932,2.37682,Nuit avec éclairage allumé,En agglomération,Hors intersection,Normale,Deux véhicules - côté,,,,,,,,,,,5,2,1,1.0,3.0
201000051701,0010-03-11 18:35:00,10,3,11,18,35,930,66,AV DU PRESIDENT WILSON,48.9051,2.3589,Plein jour,En agglomération,Hors intersection,Normale,Autre collision,,,,,,,,,,,1,2,1,1.0,6.0
201000051702,0010-03-10 12:20:00,10,3,10,12,20,930,66,AV DE STALINGRAD,48.946,2.36674,Plein jour,En agglomération,Hors intersection,Normale,Deux véhicules - côté,,,,,,,,,,,1,2,1,1.0,3.0
201000051703,0010-03-16 10:55:00,10,3,16,10,55,930,66,AV J.D'ARC/BEC A LOUE,48.9306,2.36517,Plein jour,En agglomération,Intersection en X,Normale,Sans collision,,,,,,,,,,,1,2,2,1.0,7.0
201000051704,0010-03-17 10:15:00,10,3,17,10,15,930,66,BD MARCEL SEMBAT,48.9305,2.35505,Plein jour,En agglomération,Hors intersection,Normale,Deux véhicules - arrière,,,,,,,,,,,1,2,1,1.0,2.0
201000051705,0010-03-17 13:30:00,10,3,17,13,30,930,66,R PAUL ELUARD,48.942,2.34155,Plein jour,En agglomération,Hors intersection,Normale,Deux véhicules - côté,,,,,,,,,,,1,2,1,1.0,3.0
201000051706,0010-03-18 09:00:00,10,3,18,9,0,930,66,AV DU PRESIDENT WILSON,48.9089,2.35858,Plein jour,En agglomération,Hors intersection,Normale,Deux véhicules - côté,,,,,,,,,,,1,2,1,1.0,3.0
201000051707,0010-03-19 19:00:00,10,3,19,19,0,930,66,BD DE LA LIBERATION,48.9309,2.34144,Nuit avec éclairage allumé,En agglomération,Hors intersection,Pluie légère,Deux véhicules - côté,,,,,,,,,,,5,2,1,2.0,3.0
201000051708,0010-03-19 23:35:00,10,3,19,23,35,930,66,R FRANCISQUE POULBOT,48.9193,2.34651,Nuit avec éclairage allumé,En agglomération,Hors intersection,Pluie légère,Sans collision,,,,,,,,,,,5,2,1,2.0,7.0
201000051709,0010-03-20 14:20:00,10,3,20,14,20,930,1,AV VICTOR HUGO,48.9018,2.37027,Plein jour,En agglomération,Giratoire,Normale,Autre collision,,,,,,,,,,,1,2,6,1.0,6.0
201000051710,0010-03-20 23:30:00,10,3,20,23,30,930,66,CHE DU FORT DE LA BRICHE,48.9447,2.34189,Nuit avec éclairage allumé,En agglomération,Hors intersection,Pluie forte,Deux véhicules - arrière,,,,,,,,,,,5,2,1,3.0,2.0
201000051711,0010-03-22 17:30:00,10,3,22,17,30,930,66,R DES BLES/PROCESSION,48.9126,2.36286,Plein jour,En agglomération,Intersection en T,Normale,Deux véhicules - côté,,,,,,,,,,,1,2,3,1.0,3.0
201000051712,0010-03-24 13:55:00,10,3,24,13,55,930,66,R GABRIEL PERI,48.9305,2.35644,Plein jour,En agglomération,Hors intersection,Normale,Deux véhicules - côté,,,,,,,,,,,1,2,1,1.0,3.0
201000051713,0010-03-25 19:15:00,10,3,25,19,15,930,66,AV DE STALINGRAD,48.9443,2.3573,Nuit avec éclairage allumé,En agglomération,Hors intersection,Normale,Autre collision,,,,,,,,,,,5,2,1,1.0,6.0
201000051714,0010-03-26 14:25:00,10,3,26,14,25,930,66,AV DU GENERAL DE GAULLE,48.9267,2.36354,Plein jour,En agglomération,Hors intersection,Normale,Trois véhicules et plus - en chaîne,,,,,,,,,,,1,2,1,1.0,4.0
201000051715,0010-03-27 06:50:00,10,3,27,6,50,930,66,R DANIELLE CASANOVA,48.928,2.36339,Crépuscule ou aube,En agglomération,Hors intersection,Pluie légère,Sans collision,,,,,,,,,,,2,2,1,2.0,7.0
201000051716,0010-03-28 16:00:00,10,3,28,16,0,930,66,"15, GENERAL JOINVILLE",48.9346,2.36946,Plein jour,En agglomération,Hors intersection,Normale,Deux véhicules - côté,,,,,,,,,,,1,2,1,1.0,3.0
201000051717,0010-04-01 10:20:00,10,4,1,10,20,930,66,BD LIBERATION/DOC POIRE,48.9225,2.3434,Plein jour,En agglomération,Intersection en Y,Normale,Deux véhicules - côté,,,,,,,,,,,1,2,4,1.0,3.0
201000051718,0010-04-01 20:50:00,10,4,1,20,50,930,66,RTE DE LA REVOLTE,48.9237,2.34418,Nuit avec éclairage allumé,En agglomération,Hors intersection,Normale,Deux véhicules - côté,,,,,,,,,,,5,2,1,1.0,3.0
201000051719,0010-04-04 21:00:00,10,4,4,21,0,930,39,PONT DE SAINT OUEN,48.9205,2.32606,Nuit sans éclairage public,En agglomération,Hors intersection,Pluie légère,Deux véhicules - arrière,,,,,,,,,,,3,2,1,2.0,2.0
201000051720,0010-04-05 12:45:00,10,4,5,12,45,930,66,STRASBOURG/LENINE,48.936,2.36765,Plein jour,En agglomération,Giratoire,Normale,Deux véhicules - arrière,,,,,,,,,,,1,2,6,1.0,2.0
201000051721,0010-04-06 16:10:00,10,4,6,16,10,930,66,BD ORNANO,48.9142,2.34422,Plein jour,En agglomération,Hors intersection,Normale,Deux véhicules - côté,,,,,,,,,,,1,2,1,1.0,3.0
201000051722,0010-04-07 22:45:00,10,4,7,22,45,930,66,LE ROY DES BARRES,48.9288,2.367,Nuit avec éclairage allumé,En agglomération,Hors intersection,Normale,Deux véhicules - côté,,,,,,,,,,,5,2,1,1.0,3.0
201000051723,0010-04-09 13:00:00,10,4,9,13,0,930,66,R D'ARNOUVILLE,48.9406,2.37225,Plein jour,En agglomération,Hors intersection,Normale,Autre collision,,,,,,,,,,,1,2,1,1.0,6.0
201000051724,0010-04-09 16:40:00,10,4,9,16,40,930,66,AV DU PRESIDENT WILSON,48.9258,2.35726,Plein jour,En agglomération,Intersection en X,Normale,Deux véhicules - côté,,,,,,,,,,,1,2,2,1.0,3.0
201000051725,0010-04-10 18:35:00,10,4,10,18,35,930,39,AV PT D'EPINAY/QU MARINE,48.9505,2.30685,Plein jour,En agglomération,Intersection en T,Normale,Deux véhicules - arrière,,,,,,,,,,,1,2,3,1.0,2.0
201000051726,0010-04-11 07:30:00,10,4,11,7,30,930,66,MONTMORENCY/BOULOGNE,48.9437,2.36762,Plein jour,En agglomération,Intersection en X,Normale,Sans collision,,,,,,,,,,,1,2,2,1.0,7.0
201000051727,0010-04-11 18:00:00,10,4,11,18,0,930,66,AV ROMAIN ROLLAND,48.9375,2.37395,Plein jour,En agglomération,Hors intersection,Normale,Autre collision,,,,,,,,,,,1,2,1,1.0,6.0
201000051728,0010-04-11 19:45:00,10,4,11,19,45,930,66,AV LENINE/R J.VEDRINES,48.9458,2.35933,Crépuscule ou aube,En agglomération,Intersection en T,Normale,Deux véhicules - frontale,,,,,,,,,,,2,2,3,1.0,1.0
201000051729,0010-04-13 18:15:00,10,4,13,18,15,930,66,BD DE LA LIBERATION,48.9307,2.34133,Plein jour,En agglomération,Hors intersection,Normale,Deux véhicules - côté,,,,,,,,,,,1,2,1,1.0,3.0
201000051730,0010-04-13 19:00:00,10,4,13,19,0,930,66,R DU LANDY/PT SOISSONS,48.9155,2.35747,Plein jour,En agglomération,Intersection en X,Temps couvert,Deux véhicules - côté,,,,,,,,,,,1,2,2,8.0,3.0
201000051731,0010-04-14 19:20:00,10,4,14,19,20,930,66,AV DE STALINGRAD,48.9472,2.37331,Plein jour,En agglomération,Hors intersection,Normale,Autre collision,,,,,,,,,,,1,2,1,1.0,6.0
201000051732,0010-04-15 11:45:00,10,4,15,11,45,930,66,WILSON/LANDY,48.9155,2.35747,Plein jour,En agglomération,Intersection en X,Normale,Deux véhicules - côté,,,,,,,,,,,1,2,2,1.0,3.0
201000051733,0010-04-16 18:45:00,10,4,16,18,45,930,66,GORKI MAXIME,48.9485,2.38611,Plein jour,En agglomération,Hors intersection,Normale,Deux véhicules - arrière,,,,,,,,,,,1,2,1,1.0,2.0
201000051734,0010-04-18 04:35:00,10,4,18,4,35,930,66,"112, CROIZAT AMBROISE RD",48.9298,2.35085,Nuit avec éclairage non allumé,En agglomération,Hors intersection,Normale,Deux véhicules - côté,,,,,,,,,,,4,2,1,1.0,3.0
201000051735,0010-04-18 17:25:00,10,4,18,17,25,930,66,STADE DE FRANCE (AVENUE,48.9205,2.36159,Plein jour,En agglomération,Hors intersection,Normale,Autre collision,,,,,,,,,,,1,2,1,1.0,6.0
201000051736,0010-04-21 14:00:00,10,4,21,14,0,930,39,CITE MARCEL PAUL,48.9203,2.32637,Plein jour,En agglomération,Intersection en X,Normale,Deux véhicules - côté,,,,,,,,,,,1,2,2,1.0,3.0
201000051737,0010-04-22 16:40:00,10,4,22,16,40,930,66,"15, ""LANDY RD 20, NR IMP",48.9154,2.36497,Plein jour,En agglomération,Hors intersection,Normale,Deux véhicules - côté,,,,,,,,,,,1,2,1,1.0,3.0
201000051738,0010-04-25 09:15:00,10,4,25,9,15,930,66,FORT DE LA BRICHE,48.944,2.34211,Plein jour,En agglomération,Hors intersection,Normale,Deux véhicules - arrière,,,,,,,,,,,1,2,1,1.0,2.0
201000051739,0010-04-27 15:10:00,10,4,27,15,10,930,66,"23, COMMUNE DE PARIS",48.9374,2.36212,Plein jour,En agglomération,Hors intersection,Normale,Autre collision,,,,,,,,,,,1,2,1,1.0,6.0
201000051740,0010-04-27 18:25:00,10,4,27,18,25,930,66,"140, WILSON (AVENUE DU P",48.9094,2.35854,Plein jour,En agglomération,Intersection en X,Normale,Deux véhicules - côté,,,,,,,,,,,1,2,2,1.0,3.0
201000051741,0010-04-28 11:50:00,10,4,28,11,50,930,66,CARNOT (BOULEVARD),48.9385,2.35384,Plein jour,En agglomération,Hors intersection,Normale,Autre collision,,,,,,,,,,,1,2,1,1.0,6.0
201000051742,0010-04-29 18:05:00,10,4,29,18,5,930,66,PRESSENCE/WILSON,48.9182,2.35789,Plein jour,En agglomération,Intersection en X,Normale,Trois véhicules et plus - collisions multiples,,,,,,,,,,,1,2,2,1.0,5.0
201000051743,0010-04-30 20:30:00,10,4,30,20,30,930,66,"""BARBUSSE HENRI, NR 35 A",48.9452,2.37207,Crépuscule ou aube,En agglomération,Intersection en X,Normale,Deux véhicules - côté,,,,,,,,,,,2,2,2,1.0,3.0
201000051744,0010-05-04 16:35:00,10,5,4,16,35,930,66,"25, LIBERATION RD14 (BOU",48.9307,2.34135,Plein jour,En agglomération,Hors intersection,Normale,Sans collision,,,,,,,,,,,1,2,1,1.0,7.0
201000051745,0010-05-04 18:45:00,10,5,4,18,45,930,66,105 BD DE LA LIBERATION,48.9304,2.34117,Plein jour,En agglomération,Hors intersection,Normale,Deux véhicules - côté,,,,,,,,,,,1,2,1,1.0,3.0
201000051746,0010-05-05 14:10:00,10,5,5,14,10,930,66,AV DU GENERAL DE GAULLE,48.9267,2.36344,Plein jour,En agglomération,Hors intersection,Normale,Deux véhicules - frontale,,,,,,,,,,,1,2,1,1.0,1.0
201000051747,0010-05-07 13:45:00,10,5,7,13,45,930,66,GENIN,48.9305,2.35305,Plein jour,En agglomération,Intersection en T,Normale,Autre collision,,,,,,,,,,,1,2,3,1.0,6.0
201000051748,0010-05-07 13:30:00,10,5,7,13,30,930,66,"14, MOULIN JEAN (AVE) NR",48.941,2.36413,Plein jour,En agglomération,Hors intersection,Normale,Deux véhicules - côté,,,,,,,,,,,1,2,1,1.0,3.0
201000051749,0010-05-07 16:00:00,10,5,7,16,0,930,66,"06, MOULIN JEAN (AVENUE)",48.9399,2.36278,Plein jour,En agglomération,Hors intersection,Normale,Autre collision,,,,,,,,,,,1,2,1,1.0,6.0
201000051750,0010-05-08 16:00:00,10,5,8,16,0,930,66,BD ANATOLE FRANCE,48.9263,2.35161,Plein jour,En agglomération,Hors intersection,Temps couvert,Deux véhicules - arrière,,,,,,,,,,,1,2,1,8.0,2.0
201000051751,0010-05-08 19:35:00,10,5,8,19,35,930,66,2 R PAUL ELUARD,48.9385,2.35079,Plein jour,En agglomération,Hors intersection,Pluie légère,Sans collision,,,,,,,,,,,1,2,1,2.0,7.0
201000051752,0010-05-12 20:15:00,10,5,12,20,15,930,66,WILSON N°2 /110,48.9288,2.35639,Plein jour,En agglomération,Intersection en Y,Normale,Autre collision,,,,,,,,,,,1,2,4,1.0,6.0
201000051753,0010-05-14 19:35:00,10,5,14,19,35,930,66,"""SEMBAT MARCEL (BD), NR",48.932,2.35277,Plein jour,En agglomération,Hors intersection,Pluie légère,Sans collision,,,,,,,,,,,1,2,1,2.0,7.0
201000051754,0010-05-15 12:30:00,10,5,15,12,30,930,66,"84, ""PERI GABRIEL, NR 2",48.9365,2.35611,Plein jour,En agglomération,Hors intersection,Normale,Sans collision,,,,,,,,,,,1,2,1,1.0,7.0
201000051755,0010-05-16 17:20:00,10,5,16,17,20,930,66,AV DU GENERAL DE GAULLE,48.9267,2.36343,Plein jour,En agglomération,Hors intersection,Normale,Autre collision,,,,,,,,,,,1,2,1,1.0,6.0
201000051756,0010-05-16 21:40:00,10,5,16,21,40,930,66,"""STRASBOURG, NR 1 A 71 E",48.9359,2.36882,Nuit avec éclairage allumé,En agglomération,Hors intersection,Normale,Deux véhicules - frontale,,,,,,,,,,,5,2,1,1.0,1.0
201000051757,0010-05-17 17:00:00,10,5,17,17,0,930,66,FRANCE/SAULNIER,48.9255,2.35046,Plein jour,En agglomération,Intersection en X,Temps couvert,Deux véhicules - côté,,,,,,,,,,,1,2,2,8.0,3.0
201000051758,0010-05-18 17:25:00,10,5,18,17,25,930,66,"82, ""SEMBAT MARCEL (BD),",48.9354,2.34793,Plein jour,En agglomération,Hors intersection,Normale,Autre collision,,,,,,,,,,,1,2,1,1.0,6.0
201000051759,0010-05-22 11:45:00,10,5,22,11,45,930,66,JOINVILLE/COURNEUVE,48.9338,2.37074,Plein jour,En agglomération,Intersection en Y,Normale,Deux véhicules - frontale,,,,,,,,,,,1,2,4,1.0,1.0
201000051760,0010-05-22 18:05:00,10,5,22,18,5,930,66,"61, WILSON (AVENUE DU PR",48.9038,2.3583,Plein jour,En agglomération,Hors intersection,Normale,Deux véhicules - côté,,,,,,,,,,,1,2,1,1.0,3.0
201000051761,0010-05-22 19:35:00,10,5,22,19,35,930,66,R JULES SAULNIER,48.9258,2.35385,Plein jour,En agglomération,Hors intersection,Normale,Deux véhicules - côté,,,,,,,,,,,1,2,1,1.0,3.0
201000051762,0010-05-24 04:50:00,10,5,24,4,50,930,66,POULBOT/ORNANO,48.9183,2.3443,Nuit avec éclairage allumé,En agglomération,Intersection en X,Normale,Deux véhicules - côté,,,,,,,,,,,5,2,2,1.0,3.0
201000051763,0010-05-24 15:15:00,10,5,24,15,15,930,66,GARCIA CHRISTINO,48.9164,2.3605,Plein jour,En agglomération,Hors intersection,Normale,Autre collision,,,,,,,,,,,1,2,1,1.0,6.0
201000051764,0010-05-26 07:50:00,10,5,26,7,50,930,39,QU DE SEINE,48.934,2.34085,Plein jour,En agglomération,Hors intersection,Normale,Deux véhicules - arrière,,,,,,,,,,,1,2,1,1.0,2.0
201000051765,0010-05-26 09:00:00,10,5,26,9,0,930,66,BD DE LA LIBERATION,48.9306,2.3413,Plein jour,En agglomération,Hors intersection,Normale,Deux véhicules - côté,,,,,,,,,,,1,2,1,1.0,3.0
201000051766,0010-05-27 12:50:00,10,5,27,12,50,930,66,"35, CASANOVA DANIELLE NR",48.9282,2.36305,Plein jour,En agglomération,Hors intersection,Pluie légère,Autre collision,,,,,,,,,,,1,2,1,2.0,6.0
201000051767,0010-05-27 14:25:00,10,5,27,14,25,930,66,"12, ""SEMBAT MARCEL (BD),",48.9307,2.35485,Plein jour,En agglomération,Hors intersection,Pluie forte,Trois véhicules et plus - en chaîne,,,,,,,,,,,1,2,1,3.0,4.0
201000051768,0010-05-28 08:15:00,10,5,28,8,15,930,66,"26, SAULNIER JULES",48.9254,2.35265,Plein jour,En agglomération,Hors intersection,Normale,Autre collision,,,,,,,,,,,1,2,1,1.0,6.0
201000051769,0010-05-30 00:15:00,10,5,30,0,15,930,66,SAMSON/GENIN,48.93,2.35329,Nuit avec éclairage allumé,En agglomération,Intersection en T,Pluie légère,Trois véhicules et plus - collisions multiples,,,,,,,,,,,5,2,3,2.0,5.0
201000051770,0010-05-31 15:10:00,10,5,31,15,10,930,66,LENINE/GUYNEMER,48.9478,2.35761,Plein jour,En agglomération,Giratoire,Normale,Autre collision,,,,,,,,,,,1,2,6,1.0,6.0
201000051771,0010-05-31 20:00:00,10,5,31,20,0,930,66,"72, FRANCE ANATOLE (BOUL",48.9244,2.34925,Plein jour,En agglomération,Hors intersection,Normale,Deux véhicules - côté,,,,,,,,,,,1,2,1,1.0,3.0
201000051772,0010-06-02 14:30:00,10,6,2,14,30,930,66,R AUGUSTE POULLAIN(PAIRS,48.9412,2.35083,Plein jour,En agglomération,Intersection en X,Normale,Deux véhicules - côté,,,,,,,,,,,1,2,2,1.0,3.0
201000051773,0010-06-02 18:30:00,10,6,2,18,30,930,66,WILSON (AVENUE DU PRESID,48.9119,2.35833,Plein jour,En agglomération,Hors intersection,Normale,Trois véhicules et plus - en chaîne,,,,,,,,,,,1,2,1,1.0,4.0
201000051774,0010-06-03 02:10:00,10,6,3,2,10,930,66,LANDY N° IMPAIRS 1À 144,48.9144,2.34708,Nuit avec éclairage allumé,En agglomération,Intersection en X,Normale,Deux véhicules - côté,,,,,,,,,,,5,2,2,1.0,3.0
201000051775,0010-06-07 01:10:00,10,6,7,1,10,930,66,THOREZ / BROSSOLETTE,48.9418,2.34699,Nuit avec éclairage allumé,En agglomération,Intersection en X,Normale,Autre collision,,,,,,,,,,,5,2,2,1.0,6.0
201000051776,0010-06-09 08:30:00,10,6,9,8,30,930,66,"71, BRICHE NR 69 A 77",48.9426,2.34049,Plein jour,En agglomération,Hors intersection,Normale,Deux véhicules - côté,,,,,,,,,,,1,2,1,1.0,3.0
201000051777,0010-06-09 19:20:00,10,6,9,19,20,930,66,"5, ""LANDY RD 20, NR IMPA",48.9154,2.36617,Plein jour,En agglomération,Hors intersection,Pluie légère,Deux véhicules - côté,,,,,,,,,,,1,2,1,2.0,3.0
201000051778,0010-06-11 09:00:00,10,6,11,9,0,930,66,"117, ""LANDY RD 20, NR IM",48.9153,2.35291,Plein jour,En agglomération,Intersection en X,Normale,Deux véhicules - côté,,,,,,,,,,,1,2,2,1.0,3.0
201000051779,0010-06-11 19:25:00,10,6,11,19,25,930,66,"7, MOCQUET GUY",48.9408,2.3639,Plein jour,En agglomération,Hors intersection,Normale,Deux véhicules - côté,,,,,,,,,,,1,2,1,1.0,3.0
201000051780,0010-06-12 09:40:00,10,6,12,9,40,930,66,SAULNIER JULES,48.9257,2.35381,Plein jour,En agglomération,Hors intersection,Normale,Trois véhicules et plus - collisions multiples,,,,,,,,,,,1,2,1,1.0,5.0
201000051781,0010-06-12 13:20:00,10,6,12,13,20,930,66,"59, ""SEMBAT MARCEL (BD),",48.9362,2.34671,Plein jour,En agglomération,Intersection à plus de 4 branches,Normale,Autre collision,,,,,,,,,,,1,2,5,1.0,6.0
201000051782,0010-06-13 01:15:00,10,6,13,1,15,930,66,BD ORNANO,48.9162,2.34421,Nuit avec éclairage allumé,En agglomération,Hors intersection,Normale,Sans collision,,,,,,,,,,,5,2,1,1.0,7.0
201000051783,0010-06-14 07:55:00,10,6,14,7,55,930,39,AV DU PONT D'EPINAY,48.9503,2.30678,Plein jour,En agglomération,Hors intersection,Normale,Trois véhicules et plus - en chaîne,,,,,,,,,,,1,2,1,1.0,4.0
201000051784,0010-06-14 12:10:00,10,6,14,12,10,930,66,GENERAL LECLERC (PLACE),48.9443,2.35698,Plein jour,En agglomération,Place,Normale,Autre collision,,,,,,,,,,,1,2,7,1.0,6.0
201000051785,0010-06-15 16:50:00,10,6,15,16,50,930,66,JAURES JEAN,48.9369,2.35999,Plein jour,En agglomération,Hors intersection,Normale,Sans collision,,,,,,,,,,,1,2,1,1.0,7.0
201000051786,0010-06-15 19:20:00,10,6,15,19,20,930,66,STRASBOURG 1À71 ET 2À 34,48.9362,2.36388,Plein jour,En agglomération,Giratoire,Normale,Sans collision,,,,,,,,,,,1,2,6,1.0,7.0
201000051787,0010-06-16 10:30:00,10,6,16,10,30,930,66,R AMBROISE CROIZAT,48.9319,2.34926,Plein jour,En agglomération,Hors intersection,Normale,Autre collision,,,,,,,,,,,1,2,1,1.0,6.0
201000051788,0010-06-16 17:45:00,10,6,16,17,45,930,39,CHATELIER (QUAI DU ),48.9259,2.33476,Plein jour,En agglomération,Hors intersection,Normale,Autre collision,,,,,,,,,,,1,2,1,1.0,6.0
201000051789,0010-06-18 09:00:00,10,6,18,9,0,930,66,"01, GUYNEMER",48.9478,2.35761,Plein jour,En agglomération,Hors intersection,Normale,Autre collision,,,,,,,,,,,1,2,1,1.0,6.0
201000051790,0010-06-18 19:15:00,10,6,18,19,15,930,66,FRANC MOISIN (AVENUE),48.9274,2.37192,Plein jour,En agglomération,Hors intersection,Normale,Autre collision,,,,,,,,,,,1,2,1,1.0,6.0
201000051791,0010-06-20 19:00:00,10,6,20,19,0,930,66,POULBOT FRANCISQUE,48.9183,2.34576,Plein jour,En agglomération,Hors intersection,Normale,Sans collision,,,,,,,,,,,1,2,1,1.0,7.0
201000051792,0010-06-21 14:20:00,10,6,21,14,20,930,66,TREMIES,48.9223,2.36277,Plein jour,En agglomération,Hors intersection,Normale,Trois véhicules et plus - en chaîne,,,,,,,,,,,1,2,1,1.0,4.0
201000051793,0010-06-21 19:55:00,10,6,21,19,55,930,66,DELAFONTAINE DOCTEUR,48.9362,2.37262,Plein jour,En agglomération,Hors intersection,Normale,Deux véhicules - arrière,,,,,,,,,,,1,2,1,1.0,2.0