accident_id,datetime,annee,mois,jour,heure,minute,departement,commune_insee,adresse,latitude,longitude,luminosite,agglomeration,intersection,meteo,collision,nb_vehicules,nb_usagers,nb_indemnes,nb_tues,nb_blesses_hosp,nb_blesses_legers,age_cond_1,age_cond_2,veh_type_cond_1,veh_type_cond_2,lum_code,agg_code,int_code,atm_code,col_code
201000052166,0010-12-16 16:00:00,10,12,16,16,0,930,78,BALLANGER (BD ROBERT),,,Plein jour,En agglomération,Giratoire,Pluie légère,Deux véhicules - arrière,,,,,,,,,,,1,2,6,2.0,2.0
201000052167,0010-12-28 08:25:00,10,12,28,8,25,930,73,ROISSY (ROUTE DE),,,Plein jour,En agglomération,Giratoire,Neige / grêle,Deux véhicules - côté,,,,,,,,,,,1,2,6,4.0,3.0
201000052168,0010-12-31 00:05:00,10,12,31,0,5,930,78,CASANOVA (BOULEVARD L ET,,,Nuit avec éclairage allumé,En agglomération,Hors intersection,Normale,Sans collision,,,,,,,,,,,5,2,1,1.0,7.0
201000052169,0010-02-03 13:25:00,10,2,3,13,25,940,2,GENERAL CHARLES DE GAULL,48.8146,2.41384,Plein jour,En agglomération,Intersection en X,Normale,Autre collision,,,,,,,,,,,1,2,2,1.0,6.0
201000052170,0010-02-04 14:50:00,10,2,4,14,50,940,2,"28, GENERAL CHARLES DE G",48.8146,2.41497,Plein jour,En agglomération,Hors intersection,Normale,Autre collision,,,,,,,,,,,1,2,1,1.0,6.0
201000052171,0010-02-22 13:55:00,10,2,22,13,55,940,2,"67, BLANQUI (QU)",48.801,2.41717,Plein jour,En agglomération,Hors intersection,Normale,Trois véhicules et plus - en chaîne,,,,,,,,,,,1,2,1,1.0,4.0
201000052172,0010-03-11 16:35:00,10,3,11,16,35,940,2,"03, GENEVE (R DE)",48.7867,2.43229,Plein jour,En agglomération,Hors intersection,Normale,Deux véhicules - frontale,,,,,,,,,,,1,2,1,1.0,1.0
201000052173,0010-03-14 20:30:00,10,3,14,20,30,940,2,"40, BLANQUI (QU)",48.8037,2.41267,Nuit avec éclairage allumé,En agglomération,Hors intersection,Normale,Sans collision,,,,,,,,,,,5,2,1,1.0,7.0
201000052174,0010-03-15 19:50:00,10,3,15,19,50,940,2,CAMELIAS (R DES),48.8022,2.42437,Nuit avec éclairage allumé,En agglomération,Intersection en X,Normale,Deux véhicules - côté,,,,,,,,,,,5,2,2,1.0,3.0
201000052175,0010-04-13 16:40:00,10,4,13,16,40,940,2,VAILLANT COUTURIER (R),48.8002,2.42254,Plein jour,En agglomération,Intersection en X,Normale,Deux véhicules - côté,,,,,,,,,,,1,2,2,1.0,3.0
201000052176,0010-04-15 14:10:00,10,4,15,14,10,940,2,PERCHE (R DE LA),48.7918,2.42388,Plein jour,En agglomération,Intersection en T,Normale,Deux véhicules - côté,,,,,,,,,,,1,2,3,1.0,3.0
201000052177,0010-04-18 19:00:00,10,4,18,19,0,940,2,"1, GENERAL CHARLES DE GA",48.8145,2.41193,Plein jour,En agglomération,Intersection en T,Normale,Deux véhicules - côté,,,,,,,,,,,1,2,3,1.0,3.0
201000052178,0010-05-04 18:30:00,10,5,4,18,30,940,2,"29, SEINE (R DE)",48.8099,2.41427,Plein jour,En agglomération,Intersection en X,Normale,Autre collision,,,,,,,,,,,1,2,2,1.0,6.0
201000052179,0010-05-08 21:35:00,10,5,8,21,35,940,2,GOUJONS (PL DES),48.7868,2.42583,Nuit avec éclairage allumé,En agglomération,Intersection en Y,Pluie légère,Deux véhicules - frontale,,,,,,,,,,,5,2,4,2.0,1.0
201000052180,0010-05-29 19:00:00,10,5,29,19,0,940,2,BLANQUI (QU),48.8034,2.41314,Crépuscule ou aube,En agglomération,Intersection en T,Normale,Deux véhicules - côté,,,,,,,,,,,2,2,3,1.0,3.0
201000052181,0010-06-02 12:40:00,10,6,2,12,40,940,2,"71, ETIENNE DOLET (R)",48.7931,2.42555,Plein jour,En agglomération,Hors intersection,Normale,Sans collision,,,,,,,,,,,1,2,1,1.0,7.0
201000052182,0010-06-09 17:15:00,10,6,9,17,15,940,2,GENERAL CHARLES DE GAULL,48.8147,2.41663,Plein jour,En agglomération,Intersection en T,Pluie forte,Deux véhicules - côté,,,,,,,,,,,1,2,3,3.0,3.0
201000052183,0010-06-13 19:05:00,10,6,13,19,5,940,2,"42, BLANQUI (QU)",48.8035,2.41299,Plein jour,En agglomération,Hors intersection,Normale,Deux véhicules - côté,,,,,,,,,,,1,2,1,1.0,3.0
201000052184,0010-06-14 08:40:00,10,6,14,8,40,940,2,"01, GENERAL MALLERET JOI",48.803,2.42505,Plein jour,En agglomération,Hors intersection,Normale,Autre collision,,,,,,,,,,,1,2,1,1.0,6.0
201000052185,0010-06-14 11:30:00,10,6,14,11,30,940,2,"52, ETIENNE DOLET (R)",48.7956,2.42529,Plein jour,En agglomération,Hors intersection,Normale,Deux véhicules - côté,,,,,,,,,,,1,2,1,1.0,3.0
201000052186,0010-06-16 19:45:00,10,6,16,19,45,940,2,"96, VERON (R)",48.8105,2.41422,Plein jour,En agglomération,Hors intersection,Normale,Autre collision,,,,,,,,,,,1,2,1,1.0,6.0
201000052187,0010-06-22 01:35:00,10,6,22,1,35,940,2,"9, PASTEUR (R)",48.8133,2.41482,Nuit avec éclairage allumé,En agglomération,Intersection en T,Normale,Autre collision,,,,,,,,,,,5,2,3,1.0,6.0
201000052188,0010-06-22 10:40:00,10,6,22,10,40,940,2,"151, ETIENNE DOLET (R)",48.7859,2.42647,Plein jour,En agglomération,Intersection en T,Normale,Deux véhicules - côté,,,,,,,,,,,1,2,3,1.0,3.0
201000052189,0010-06-30 14:30:00,10,6,30,14,30,940,2,"71, ETIENNE DOLET (ZA)",48.7931,2.42555,Plein jour,En agglomération,Hors intersection,Normale,Deux véhicules - côté,,,,,,,,,,,1,2,1,1.0,3.0
201000052190,0010-07-01 10:50:00,10,7,1,10,50,940,2,E.DOLET/FLORE,48.7974,2.42408,Plein jour,En agglomération,Intersection en X,Normale,Deux véhicules - côté,,,,,,,,,,,1,2,2,1.0,3.0
201000052191,0010-07-26 09:40:00,10,7,26,9,40,940,2,"02, R CHARLES DE GAULLE",48.8145,2.41193,Plein jour,En agglomération,Hors intersection,Pluie légère,Deux véhicules - arrière,,,,,,,,,,,1,2,1,2.0,2.0
201000052192,0010-08-23 22:15:00,10,8,23,22,15,940,2,"06, R CHARLES DE GAULLE",48.8145,2.41253,Nuit avec éclairage allumé,En agglomération,Hors intersection,Pluie légère,Deux véhicules - côté,,,,,,,,,,,5,2,1,2.0,3.0
201000052193,0010-08-24 19:05:00,10,8,24,19,5,940,2,R DE GAULLE / CH LATERAL,48.8147,2.41663,Plein jour,En agglomération,Intersection en T,Normale,Deux véhicules - côté,,,,,,,,,,,1,2,3,1.0,3.0
201000052194,0010-09-05 13:40:00,10,9,5,13,40,940,2,R DE GAULLE/CHE LATERAL,48.8147,2.41663,Plein jour,En agglomération,Intersection en T,Normale,Deux véhicules - côté,,,,,,,,,,,1,2,3,1.0,3.0
201000052195,0010-09-04 20:15:00,10,9,4,20,15,940,2,"158, R ETIENNE DOLET",48.7853,2.42697,Crépuscule ou aube,En agglomération,Hors intersection,Normale,Autre collision,,,,,,,,,,,2,2,1,1.0,6.0
201000052196,0010-09-30 08:35:00,10,9,30,8,35,940,2,R VERON/ R DE GAULLE,48.8146,2.41384,Plein jour,En agglomération,Intersection en T,Pluie légère,Autre collision,,,,,,,,,,,1,2,3,2.0,6.0
201000052197,0010-10-14 10:50:00,10,10,14,10,50,940,2,R E.ZOLA/R PAQUERETTES,,,Plein jour,En agglomération,Intersection en X,Normale,Deux véhicules - côté,,,,,,,,,,,1,2,2,1.0,3.0
201000052198,0010-10-18 13:30:00,10,10,18,13,30,940,2,R DE SEINE/R VERON,,,Plein jour,En agglomération,Intersection en X,Normale,Autre collision,,,,,,,,,,,1,2,2,1.0,6.0
201000052199,0010-10-27 22:05:00,10,10,27,22,5,940,2,R V.COUTURIER/R VOLTAIRE,,,Nuit avec éclairage allumé,En agglomération,Intersection en T,Temps couvert,Deux véhicules - côté,,,,,,,,,,,5,2,3,8.0,3.0
201000052200,0010-10-28 15:00:00,10,10,28,15,0,940,2,R EMILE ZOLA,,,Plein jour,En agglomération,Hors intersection,Normale,Autre collision,,,,,,,,,,,1,2,1,1.0,6.0
201000052201,0010-11-03 14:00:00,10,11,3,14,0,940,2,"40, QU BLANQUI",,,Plein jour,En agglomération,Hors intersection,Normale,Deux véhicules - côté,,,,,,,,,,,1,2,1,1.0,3.0
201000052202,0010-11-07 01:35:00,10,11,7,1,35,940,2,"26, QU BLANQUI",,,Nuit avec éclairage allumé,En agglomération,Hors intersection,Pluie légère,Deux véhicules - arrière,,,,,,,,,,,5,2,1,2.0,2.0
201000052203,0010-11-16 12:00:00,10,11,16,12,0,940,2,QU REVOLUTION,,,Plein jour,En agglomération,Intersection en X,Normale,Deux véhicules - arrière,,,,,,,,,,,1,2,2,1.0,2.0
201000052204,0010-11-19 17:20:00,10,11,19,17,20,940,2,QU BLANQUI/PONT D'IVRY,,,Nuit avec éclairage allumé,En agglomération,Intersection en X,Normale,Trois véhicules et plus - en chaîne,,,,,,,,,,,5,2,2,1.0,4.0
201000052205,0010-12-06 07:50:00,10,12,6,7,50,940,2,R E.ZOLA/R CAMELIAS,,,Nuit avec éclairage allumé,En agglomération,Intersection en T,Pluie légère,Deux véhicules - côté,,,,,,,,,,,5,2,3,2.0,3.0
201000052206,0010-12-15 07:40:00,10,12,15,7,40,940,2,QU DE LA REVOLUTION,,,Nuit avec éclairage non allumé,En agglomération,Hors intersection,Normale,Autre collision,,,,,,,,,,,4,2,1,1.0,6.0
201000052207,0010-01-04 09:45:00,10,1,4,9,45,940,70,"10, PARIS (RTE DE)",48.7164,2.57248,Plein jour,En agglomération,Hors intersection,Normale,Autre collision,,,,,,,,,,,1,2,1,1.0,6.0
201000052208,0010-01-09 00:15:00,10,1,9,0,15,940,4,"21, GROS BOIS (AV DE)",48.7529,2.5332,Nuit avec éclairage allumé,En agglomération,Intersection en X,Neige / grêle,Autre collision,,,,,,,,,,,5,2,2,4.0,6.0
201000052209,0010-01-16 03:45:00,10,1,16,3,45,940,75,MARECHAL DELATTRE DE TAS,48.7344,2.52044,Nuit avec éclairage allumé,Hors agglomération,Intersection en T,Normale,Sans collision,,,,,,,,,,,5,1,3,1.0,7.0
201000052210,0010-12-05 12:00:00,10,12,5,12,0,940,75,06 R DU SALLE,,,Plein jour,En agglomération,Hors intersection,Normale,Sans collision,,,,,,,,,,,1,2,1,1.0,7.0
201000052211,0010-01-27 08:30:00,10,1,27,8,30,940,75,MANDRES (R DE),48.7138,2.53767,Plein jour,En agglomération,Intersection en X,Normale,Deux véhicules - côté,,,,,,,,,,,1,2,2,1.0,3.0
201000052212,0010-01-29 08:03:00,10,1,29,8,3,940,71,CHAMPIGNY (R DE),48.7717,2.50914,Crépuscule ou aube,En agglomération,Intersection en X,Pluie légère,Autre collision,,,,,,,,,,,2,2,2,2.0,6.0
201000052213,0010-01-30 19:00:00,10,1,30,19,0,940,44,"02, VERDUN (AV DE)",48.7516,2.48676,Nuit avec éclairage non allumé,En agglomération,Hors intersection,Normale,Autre collision,,,,,,,,,,,4,2,1,1.0,6.0
201000052214,0010-02-01 14:45:00,10,2,1,14,45,940,75,YERRES (R D),48.7209,2.52529,Plein jour,En agglomération,Hors intersection,Normale,Deux véhicules - arrière,,,,,,,,,,,1,2,1,1.0,2.0
201000052215,0010-02-02 07:15:00,10,2,2,7,15,940,71,", COULANGES (R DE)",48.7752,2.51449,Nuit avec éclairage allumé,En agglomération,Intersection en Y,Normale,Autre collision,,,,,,,,,,,5,2,4,1.0,6.0
201000052216,0010-02-16 13:55:00,10,2,16,13,55,940,56,BRIE (R DE),48.6984,2.55049,Plein jour,En agglomération,Intersection en T,Normale,Deux véhicules - côté,,,,,,,,,,,1,2,3,1.0,3.0
201000052217,0010-02-20 16:05:00,10,2,20,16,5,940,71,MAURICE BERTEAUX (R),48.7723,2.51853,Plein jour,En agglomération,Hors intersection,Normale,Autre collision,,,,,,,,,,,1,2,1,1.0,6.0
201000052218,0010-02-22 07:20:00,10,2,22,7,20,940,44,"85, HENRI BARBUSSE (R)",48.7492,2.48893,Plein jour,En agglomération,Hors intersection,Normale,Autre collision,,,,,,,,,,,1,2,1,1.0,6.0
201000052219,0010-02-24 20:15:00,10,2,24,20,15,940,71,GARE (PL DE LA),48.7713,2.50822,Nuit avec éclairage allumé,En agglomération,Hors intersection,Pluie légère,Autre collision,,,,,,,,,,,5,2,1,2.0,6.0
201000052220,0010-03-09 13:00:00,10,3,9,13,0,940,4,"14, CHARLES DE GAULLE (A",48.758,2.49938,Plein jour,En agglomération,Intersection en T,Normale,Deux véhicules - arrière,,,,,,,,,,,1,2,3,1.0,2.0
201000052221,0010-03-16 16:50:00,10,3,16,16,50,940,71,BRIE COMTE ROBERT A LA Q,48.759,2.53009,Plein jour,En agglomération,Intersection en X,Normale,Deux véhicules - côté,,,,,,,,,,,1,2,2,1.0,3.0
201000052222,0010-03-17 14:10:00,10,3,17,14,10,940,4,"4D, PARIS (R DE)",48.7519,2.50916,Plein jour,En agglomération,Hors intersection,Normale,Deux véhicules - arrière,,,,,,,,,,,1,2,1,1.0,2.0
201000052223,0010-03-27 10:25:00,10,3,27,10,25,940,4,GENERAL LECLERC (AV DU),48.7594,2.50103,Plein jour,En agglomération,Hors intersection,Normale,Autre collision,,,,,,,,,,,1,2,1,1.0,6.0
201000052224,0010-03-29 21:50:00,10,3,29,21,50,940,75,"05, MARECHAL DE LATTRE D",48.7274,2.53584,Nuit avec éclairage allumé,En agglomération,Intersection en T,Pluie légère,Deux véhicules - arrière,,,,,,,,,,,5,2,3,2.0,2.0
201000052225,0010-03-30 09:35:00,10,3,30,9,35,940,71,"9, GEORGES POMPIDOU (AV)",48.7716,2.52564,Plein jour,En agglomération,Hors intersection,Normale,Deux véhicules - arrière,,,,,,,,,,,1,2,1,1.0,2.0
201000052226,0010-04-01 09:06:00,10,4,1,9,6,940,48,UZELLES (AV DES),48.7424,2.56013,Plein jour,En agglomération,Intersection en Y,Normale,Autre collision,,,,,,,,,,,1,2,4,1.0,6.0
201000052227,0010-04-08 11:40:00,10,4,8,11,40,940,75,"68, LIEUTENANT DAGORNO (",48.723,2.53293,Plein jour,En agglomération,Intersection en T,Normale,Deux véhicules - côté,,,,,,,,,,,1,2,3,1.0,3.0
201000052228,0010-04-09 19:50:00,10,4,9,19,50,940,48,BRUYERES (AV DES),48.741,2.55359,Plein jour,En agglomération,Hors intersection,Normale,Autre collision,,,,,,,,,,,1,2,1,1.0,6.0
201000052229,0010-04-13 07:50:00,10,4,13,7,50,940,44,GENERAL LECLERC (AV DU),48.7448,2.51175,Plein jour,En agglomération,Intersection en T,Temps couvert,Deux véhicules - frontale,,,,,,,,,,,1,2,3,8.0,1.0
201000052230,0010-04-15 08:30:00,10,4,15,8,30,940,71,"30, JEAN MOULIN (R)",48.7746,2.51093,Plein jour,En agglomération,Hors intersection,Normale,Deux véhicules - côté,,,,,,,,,,,1,2,1,1.0,3.0
201000052231,0010-04-16 00:40:00,10,4,16,0,40,940,44,"22, VERDUN (AV DE)",48.7501,2.48206,Nuit avec éclairage allumé,En agglomération,Hors intersection,Normale,Sans collision,,,,,,,,,,,5,2,1,1.0,7.0
201000052232,0010-04-17 13:20:00,10,4,17,13,20,940,44,"6, VERDUN (AV DE)",48.7509,2.4845,Plein jour,En agglomération,Hors intersection,Normale,Deux véhicules - côté,,,,,,,,,,,1,2,1,1.0,3.0
201000052233,0010-04-20 14:30:00,10,4,20,14,30,940,48,AV BRUYERES (SORTIE RP),48.7406,2.55363,Plein jour,En agglomération,Hors intersection,Normale,Autre collision,,,,,,,,,,,1,2,1,1.0,6.0
201000052234,0010-04-21 09:00:00,10,4,21,9,0,940,48,RTE PARIS/AV GROSBOIS,48.7275,2.53934,Plein jour,En agglomération,Intersection en T,Normale,Trois véhicules et plus - en chaîne,,,,,,,,,,,1,2,3,1.0,4.0
201000052235,0010-04-26 18:00:00,10,4,26,18,0,940,4,FFI (ALL DES),48.7549,2.50631,Plein jour,En agglomération,Hors intersection,Normale,Deux véhicules - côté,,,,,,,,,,,1,2,1,1.0,3.0
201000052236,0010-04-29 13:55:00,10,4,29,13,55,940,44,DESCARTES (AV),48.7402,2.48703,Plein jour,En agglomération,Hors intersection,Normale,Deux véhicules - côté,,,,,,,,,,,1,2,1,1.0,3.0
201000052237,0010-04-29 13:20:00,10,4,29,13,20,940,44,GENERAL LECLERC (AV DU),48.746,2.51081,Plein jour,En agglomération,Hors intersection,Normale,Deux véhicules - côté,,,,,,,,,,,1,2,1,1.0,3.0
201000052238,0010-04-29 14:30:00,10,4,29,14,30,940,4,GENERAL LECLERC (AV DU),48.7551,2.50528,Plein jour,En agglomération,Intersection en Y,Normale,Deux véhicules - arrière,,,,,,,,,,,1,2,4,1.0,2.0
201000052239,0010-05-01 01:40:00,10,5,1,1,40,940,71,R BERTEAUX/R GRAND VAL,48.7737,2.51727,Nuit avec éclairage allumé,En agglomération,Intersection en X,Normale,Deux véhicules - frontale,,,,,,,,,,,5,2,2,1.0,1.0
201000052240,0010-05-03 17:30:00,10,5,3,17,30,940,71,"77, QUEUE EN BRIE (RTE D",48.7616,2.53346,Plein jour,En agglomération,Hors intersection,Normale,Autre collision,,,,,,,,,,,1,2,1,1.0,6.0
201000052241,0010-05-09 21:50:00,10,5,9,21,50,940,48,N19 (LIMITROF SERVON),48.7266,2.55441,Nuit sans éclairage public,En agglomération,Hors intersection,Pluie forte,Deux véhicules - frontale,,,,,,,,,,,3,2,1,3.0,1.0
201000052242,0010-05-09 17:10:00,10,5,9,17,10,940,56,BRIE (R DE),48.6981,2.5509,Plein jour,En agglomération,Hors intersection,Normale,Autre collision,,,,,,,,,,,1,2,1,1.0,6.0
201000052243,0010-05-11 13:40:00,10,5,11,13,40,940,4,GENERAL LECLERC (AV DU),48.7483,2.50913,Plein jour,En agglomération,Intersection en Y,Pluie légère,Deux véhicules - côté,,,,,,,,,,,1,2,4,2.0,3.0
201000052244,0010-05-14 18:45:00,10,5,14,18,45,940,48,"04, TUILERIE (R DE LA)",48.7284,2.53931,Plein jour,En agglomération,Hors intersection,Normale,Autre collision,,,,,,,,,,,1,2,1,1.0,6.0
201000052245,0010-05-15 01:55:00,10,5,15,1,55,940,44,"42BIS, HENRI BARBUSSE (R",48.7497,2.48871,Nuit avec éclairage allumé,En agglomération,Hors intersection,Normale,Autre collision,,,,,,,,,,,5,2,1,1.0,6.0
201000052246,0010-05-19 13:10:00,10,5,19,13,10,940,4,"7, CHARLES LOUIS (PL)",48.7501,2.50485,Plein jour,En agglomération,Place,Normale,Autre collision,,,,,,,,,,,1,2,7,1.0,6.0
201000052247,0010-05-19 10:45:00,10,5,19,10,45,940,71,CLOS DE PACY (R DU),48.7732,2.51807,Plein jour,En agglomération,Intersection en T,Normale,Autre collision,,,,,,,,,,,1,2,3,1.0,6.0
201000052248,0010-05-20 12:00:00,10,5,20,12,0,940,75,MARECHAL DE LATTRE DE TA,48.7313,2.52392,Plein jour,En agglomération,Intersection en T,Normale,Deux véhicules - arrière,,,,,,,,,,,1,2,3,1.0,2.0
201000052249,0010-09-17 17:20:00,10,9,17,17,20,940,71,BD RAUNET / R TEMPLIER,48.7775,2.51413,Plein jour,En agglomération,Intersection en X,Normale,Deux véhicules - côté,,,,,,,,,,,1,2,2,1.0,3.0
201000052250,0010-06-02 13:30:00,10,6,2,13,30,940,71,WINSTON CHURCHILL (R),48.7684,2.52424,Plein jour,En agglomération,Giratoire,Normale,Autre collision,,,,,,,,,,,1,2,6,1.0,6.0
201000052251,0010-06-05 10:20:00,10,6,5,10,20,940,71,"9, GEORGES POMPIDOU (AV)",48.7716,2.52565,Plein jour,En agglomération,Hors intersection,Temps éblouissant,Autre collision,,,,,,,,,,,1,2,1,7.0,6.0
201000052252,0010-06-07 07:35:00,10,6,7,7,35,940,4,"54, SUCY (R DE)",48.7535,2.52329,Plein jour,En agglomération,Hors intersection,Normale,Deux véhicules - côté,,,,,,,,,,,1,2,1,1.0,3.0
201000052253,0010-06-07 12:50:00,10,6,7,12,50,940,75,"1, LIEUTENANT DAGORNO (R",48.7275,2.53101,Plein jour,En agglomération,Intersection en X,Normale,Deux véhicules - côté,,,,,,,,,,,1,2,2,1.0,3.0
201000052254,0010-06-19 05:30:00,10,6,19,5,30,940,47,VERDUN (R DE),48.7103,2.55798,Crépuscule ou aube,En agglomération,Giratoire,Pluie légère,Sans collision,,,,,,,,,,,2,2,6,2.0,7.0
201000052255,0010-06-21 13:50:00,10,6,21,13,50,940,56,"1, VARENNE (R DE)",48.6934,2.55756,Plein jour,En agglomération,Hors intersection,Normale,Deux véhicules - côté,,,,,,,,,,,1,2,1,1.0,3.0
201000052256,0010-06-22 10:35:00,10,6,22,10,35,940,71,AV POMPIDOU,48.7708,2.52234,Plein jour,En agglomération,Intersection à plus de 4 branches,Normale,Deux véhicules - côté,,,,,,,,,,,1,2,5,1.0,3.0
201000052257,0010-06-24 14:50:00,10,6,24,14,50,940,71,CITE VERTE,48.7736,2.5252,Plein jour,En agglomération,Hors intersection,Normale,Autre collision,,,,,,,,,,,1,2,1,1.0,6.0
201000052258,0010-06-24 20:50:00,10,6,24,20,50,940,71,"21, FOSSE ROUGE (R DE LA",48.775,2.52226,Plein jour,En agglomération,Hors intersection,Normale,Deux véhicules - côté,,,,,,,,,,,1,2,1,1.0,3.0
201000052259,0010-06-25 09:35:00,10,6,25,9,35,940,71,"5, PIERRE SEMARD (R)",,,Plein jour,En agglomération,Hors intersection,Normale,Autre collision,,,,,,,,,,,1,2,1,1.0,6.0
201000052260,0010-06-28 07:00:00,10,6,28,7,0,940,75,RTE DE LA GRANGE,48.7336,2.51713,Plein jour,En agglomération,Hors intersection,Normale,Deux véhicules - côté,,,,,,,,,,,1,2,1,1.0,3.0
201000052261,0010-06-29 09:15:00,10,6,29,9,15,940,75,MARECHAL DELATTRE DE TAS,,,Plein jour,En agglomération,Hors intersection,Normale,Deux véhicules - arrière,,,,,,,,,,,1,2,1,1.0,2.0
201000052262,0010-06-29 18:25:00,10,6,29,18,25,940,71,R DE PARIS,48.7746,2.51093,Plein jour,En agglomération,Giratoire,Normale,Deux véhicules - côté,,,,,,,,,,,1,2,6,1.0,3.0
201000052263,0010-06-30 10:00:00,10,6,30,10,0,940,71,R DE CHAMPIGNY,48.773,2.51052,Plein jour,En agglomération,Intersection à plus de 4 branches,Normale,Deux véhicules - côté,,,,,,,,,,,1,2,5,1.0,3.0
201000052264,0010-06-30 18:45:00,10,6,30,18,45,940,75,R D'YERRES,48.7213,2.52914,Plein jour,En agglomération,Intersection en T,Normale,Deux véhicules - côté,,,,,,,,,,,1,2,3,1.0,3.0
201000052265,0010-07-02 20:45:00,10,7,2,20,45,940,4,"64,R DE MAROLLES",48.7517,2.53133,Plein jour,En agglomération,Hors intersection,Normale,Deux véhicules - frontale,,,,,,,,,,,1,2,1,1.0,1.0
201000052266,0010-07-08 08:40:00,10,7,8,8,40,940,70,R DE LA LIBERATION,48.7203,2.56665,Plein jour,En agglomération,Hors intersection,Normale,Deux véhicules - arrière,,,,,,,,,,,1,2,1,1.0,2.0
201000052267,0010-07-09 18:55:00,10,7,9,18,55,940,4,"4C, R DE PARIS",48.7519,2.50916,Plein jour,En agglomération,Hors intersection,Normale,Deux véhicules - côté,,,,,,,,,,,1,2,1,1.0,3.0
201000052268,0010-07-26 13:00:00,10,7,26,13,0,940,4,BREVANNES/ LECLERC,48.7494,2.5084,Plein jour,En agglomération,Intersection en X,Normale,Deux véhicules - côté,,,,,,,,,,,1,2,2,1.0,3.0
201000052269,0010-07-27 23:40:00,10,7,27,23,40,940,44,G.LECLERC/G.POMPIDOU,48.7448,2.51175,Nuit avec éclairage allumé,En agglomération,Intersection en X,Pluie légère,Deux véhicules - frontale,,,,,,,,,,,5,2,2,2.0,1.0
201000052270,0010-08-09 13:20:00,10,8,9,13,20,940,75,TASSIGNY / RTE GRANGE,48.7344,2.52044,Plein jour,Hors agglomération,Intersection en T,Normale,Deux véhicules - arrière,,,,,,,,,,,1,1,3,1.0,2.0
201000052271,0010-08-11 18:45:00,10,8,11,18,45,940,71,LECLERC / BOON,48.7781,2.51161,Plein jour,En agglomération,Intersection en T,Pluie légère,Deux véhicules - côté,,,,,,,,,,,1,2,3,2.0,3.0
201000052272,0010-08-13 14:00:00,10,8,13,14,0,940,4,AV LECLERC/ R BREVANNES,48.7494,2.5084,Plein jour,En agglomération,Intersection en X,Normale,Deux véhicules - arrière,,,,,,,,,,,1,2,2,1.0,2.0
201000052273,0010-08-13 18:55:00,10,8,13,18,55,940,4,AV LECLERC /8 MAI 1945,48.7582,2.50336,Plein jour,En agglomération,Intersection en T,Pluie légère,Sans collision,,,,,,,,,,,1,2,3,2.0,7.0
201000052274,0010-08-14 12:50:00,10,8,14,12,50,940,4,AV DU GENERAL LECLERC,48.7537,2.50654,Plein jour,En agglomération,Intersection en Y,Normale,Deux véhicules - arrière,,,,,,,,,,,1,2,4,1.0,2.0
201000052275,0010-08-26 20:50:00,10,8,26,20,50,940,4,AV GENERAL LECLERC N19,48.7583,2.50321,Crépuscule ou aube,En agglomération,Hors intersection,Pluie légère,Sans collision,,,,,,,,,,,2,2,1,2.0,7.0
201000052276,0010-09-08 20:35:00,10,9,8,20,35,940,75,"01,REVEILLON/  DAGORNO",48.7222,2.53358,Nuit avec éclairage non allumé,En agglomération,Intersection en X,Pluie légère,Autre collision,,,,,,,,,,,4,2,2,2.0,6.0
201000052277,0010-09-16 13:40:00,10,9,16,13,40,940,44,"05, R GEORGES CLEMENCEAU",48.7442,2.47588,Plein jour,En agglomération,Hors intersection,Temps couvert,Deux véhicules - côté,,,,,,,,,,,1,2,1,8.0,3.0
201000052278,0010-09-16 13:45:00,10,9,16,13,45,940,71,"103,BOISSY/R ALBERT DRU",48.7641,2.52565,Plein jour,En agglomération,Intersection en T,Temps couvert,Deux véhicules - côté,,,,,,,,,,,1,2,3,8.0,3.0
201000052279,0010-09-19 12:05:00,10,9,19,12,5,940,70,"24, RTE DE PARIS",48.7146,2.57567,Plein jour,En agglomération,Hors intersection,Normale,Sans collision,,,,,,,,,,,1,2,1,1.0,7.0
201000052280,0010-09-22 15:05:00,10,9,22,15,5,940,71,"64, R ALBERT DRU",48.7638,2.52468,Plein jour,En agglomération,Hors intersection,Normale,Deux véhicules - côté,,,,,,,,,,,1,2,1,1.0,3.0
201000052281,0010-09-25 11:15:00,10,9,25,11,15,940,4,AV CHARLES DE GAULLE,48.758,2.49938,Plein jour,En agglomération,Intersection en T,Normale,Deux véhicules - côté,,,,,,,,,,,1,2,3,1.0,3.0
201000052282,0010-09-27 20:45:00,10,9,27,20,45,940,44,"35BIS, BARBUSSE/VERDUN",48.7519,2.48753,Nuit avec éclairage allumé,En agglomération,Intersection en T,Normale,Deux véhicules - côté,,,,,,,,,,,5,2,3,1.0,3.0
201000052283,0010-10-01 16:50:00,10,10,1,16,50,940,4,"22, AV DU 8 MAI 1945",,,Plein jour,En agglomération,Hors intersection,Pluie légère,Deux véhicules - frontale,,,,,,,,,,,1,2,1,2.0,1.0
201000052284,0010-10-01 12:55:00,10,10,1,12,55,940,4,"4, AV DU 8 MAI 1945",,,Plein jour,En agglomération,Hors intersection,Normale,Sans collision,,,,,,,,,,,1,2,1,1.0,7.0
201000052285,0010-10-04 08:25:00,10,10,4,8,25,940,70,RTE DE PARIS,,,Plein jour,Hors agglomération,Hors intersection,Pluie légère,Deux véhicules - arrière,,,,,,,,,,,1,1,1,2.0,2.0
201000052286,0010-10-07 13:30:00,10,10,7,13,30,940,44,AV G.PERI/R A.GARRY,,,Plein jour,En agglomération,Giratoire,Normale,Deux véhicules - côté,,,,,,,,,,,1,2,6,1.0,3.0
201000052287,0010-10-08 19:30:00,10,10,8,19,30,940,44,AV DE VERDUN,,,Nuit avec éclairage allumé,En agglomération,Hors intersection,Normale,Deux véhicules - frontale,,,,,,,,,,,5,2,1,1.0,1.0