accident_id,datetime,annee,mois,jour,heure,minute,departement,commune_insee,adresse,latitude,longitude,luminosite,agglomeration,intersection,meteo,collision,nb_vehicules,nb_usagers,nb_indemnes,nb_tues,nb_blesses_hosp,nb_blesses_legers,age_cond_1,age_cond_2,veh_type_cond_1,veh_type_cond_2,lum_code,agg_code,int_code,atm_code,col_code
201000052288,0010-10-08 19:50:00,10,10,8,19,50,940,4,BD LEON REVILLON,,,Nuit avec éclairage allumé,En agglomération,Hors intersection,Normale,Deux véhicules - côté,,,,,,,,,,,5,2,1,1.0,3.0
201000052289,0010-10-09 12:10:00,10,10,9,12,10,940,44,VOI GEORGES POMPIDOU,,,Plein jour,En agglomération,Hors intersection,Normale,Autre collision,,,,,,,,,,,1,2,1,1.0,6.0
201000052290,0010-10-15 20:30:00,10,10,15,20,30,940,4,R FERNAND BAUDIN,,,Nuit avec éclairage allumé,En agglomération,Hors intersection,Normale,Deux véhicules - frontale,,,,,,,,,,,5,2,1,1.0,1.0
201000052291,0010-10-10 21:25:00,10,10,10,21,25,940,75,R CAVAILLES/MAL TASSIGNY,,,Nuit avec éclairage allumé,En agglomération,Intersection en T,Normale,Deux véhicules - côté,,,,,,,,,,,5,2,3,1.0,3.0
201000052292,0010-10-12 16:10:00,10,10,12,16,10,940,71,RTE Q. EN BRIE/TILLEUL,,,Plein jour,En agglomération,Intersection en X,Temps éblouissant,Autre collision,,,,,,,,,,,1,2,2,7.0,6.0
201000052293,0010-10-15 09:00:00,10,10,15,9,0,940,47,R BRIE/R SERVON,,,Plein jour,En agglomération,Intersection en T,Normale,Deux véhicules - côté,,,,,,,,,,,1,2,3,1.0,3.0
201000052294,0010-10-15 17:00:00,10,10,15,17,0,940,71,R DE PARIS,,,Plein jour,En agglomération,Hors intersection,Normale,Sans collision,,,,,,,,,,,1,2,1,1.0,7.0
201000052295,0010-10-22 07:15:00,10,10,22,7,15,940,44,AV JEAN MONNET,,,Nuit avec éclairage allumé,En agglomération,Hors intersection,Normale,Deux véhicules - côté,,,,,,,,,,,5,2,1,1.0,3.0
201000052296,0010-10-16 21:50:00,10,10,16,21,50,940,44,"10 Ter,AV DE VERDUN",,,Nuit avec éclairage allumé,En agglomération,Hors intersection,Normale,Autre collision,,,,,,,,,,,5,2,1,1.0,6.0
201000052297,0010-10-19 18:15:00,10,10,19,18,15,940,44,AV GRL LECLERC/DE GAULLE,,,Plein jour,En agglomération,Intersection en Y,Normale,Deux véhicules - côté,,,,,,,,,,,1,2,4,1.0,3.0
201000052298,0010-10-19 20:10:00,10,10,19,20,10,940,70,RTE DE PARIS,,,Nuit avec éclairage allumé,En agglomération,Hors intersection,Pluie légère,Autre collision,,,,,,,,,,,5,2,1,2.0,6.0
201000052299,0010-10-19 20:25:00,10,10,19,20,25,940,48,AV BRUYERES/R BOUVIERS,,,Nuit sans éclairage public,En agglomération,Intersection en T,Pluie légère,Sans collision,,,,,,,,,,,3,2,3,2.0,7.0
201000052300,0010-10-20 08:05:00,10,10,20,8,5,940,44,AV VALENTON/R MESANGES,,,Plein jour,En agglomération,Intersection en T,Pluie légère,Deux véhicules - côté,,,,,,,,,,,1,2,3,2.0,3.0
201000052301,0010-10-22 19:15:00,10,10,22,19,15,940,44,R DE SUCY/R ANDRE,,,Nuit avec éclairage allumé,En agglomération,Intersection en Y,Normale,Deux véhicules - arrière,,,,,,,,,,,5,2,4,1.0,2.0
201000052302,0010-10-29 08:20:00,10,10,29,8,20,940,70,RTE DE PARIS,,,Plein jour,En agglomération,Hors intersection,Normale,Deux véhicules - frontale,,,,,,,,,,,1,2,1,1.0,1.0
201000052303,0010-10-30 16:00:00,10,10,30,16,0,940,47,R FRANCOIS COPPEE,,,Plein jour,En agglomération,Hors intersection,Normale,Deux véhicules - côté,,,,,,,,,,,1,2,1,1.0,3.0
201000052304,0010-10-30 17:15:00,10,10,30,17,15,940,47,R DU 8 MAI 1945,,,Plein jour,En agglomération,Hors intersection,Normale,Deux véhicules - côté,,,,,,,,,,,1,2,1,1.0,3.0
201000052305,0010-11-02 16:20:00,10,11,2,16,20,940,48,BELLE IMAGE (AV DE LA),,,Plein jour,En agglomération,Hors intersection,Normale,Deux véhicules - frontale,,,,,,,,,,,1,2,1,1.0,1.0
201000052306,0010-11-03 18:03:00,10,11,3,18,3,940,4,AV DU GENERAL LECLERC,,,Nuit avec éclairage allumé,En agglomération,Intersection en T,Temps couvert,Deux véhicules - côté,,,,,,,,,,,5,2,3,8.0,3.0
201000052307,0010-11-06 18:30:00,10,11,6,18,30,940,44,AV DESCARTES,,,Nuit sans éclairage public,Hors agglomération,Intersection en T,Pluie légère,Deux véhicules - frontale,,,,,,,,,,,3,1,3,2.0,1.0
201000052308,0010-11-06 13:05:00,10,11,6,13,5,940,4,AV DU GENERAL LECLERC,,,Plein jour,En agglomération,Hors intersection,Pluie légère,Autre collision,,,,,,,,,,,1,2,1,2.0,6.0
201000052309,0010-11-06 02:50:00,10,11,6,2,50,940,75,R D'YERRES,,,Nuit sans éclairage public,En agglomération,Hors intersection,Normale,Deux véhicules - côté,,,,,,,,,,,3,2,1,1.0,3.0
201000052310,0010-11-09 15:45:00,10,11,9,15,45,940,4,R DE PARIS/ LECLERC,,,Plein jour,En agglomération,Intersection en Y,Pluie légère,Deux véhicules - côté,,,,,,,,,,,1,2,4,2.0,3.0
201000052311,0010-11-11 12:55:00,10,11,11,12,55,940,4,"7,R DU 8 MAI 1945",,,Plein jour,En agglomération,Intersection en T,Pluie légère,Deux véhicules - côté,,,,,,,,,,,1,2,3,2.0,3.0
201000052312,0010-11-18 17:00:00,10,11,18,17,0,940,44,AV DE VALENTON,,,Nuit avec éclairage allumé,En agglomération,Intersection en T,Temps couvert,Autre collision,,,,,,,,,,,5,2,3,8.0,6.0
201000052313,0010-11-18 19:08:00,10,11,18,19,8,940,75,R DE BRUNOY,,,Nuit avec éclairage allumé,En agglomération,Autre intersection,Temps couvert,Autre collision,,,,,,,,,,,5,2,9,8.0,6.0
201000052314,0010-11-19 07:45:00,10,11,19,7,45,940,71,R DE CHAMPIGNY/ GOERGES,,,Plein jour,En agglomération,Intersection en T,Normale,Sans collision,,,,,,,,,,,1,2,3,1.0,7.0
201000052315,0010-11-22 08:00:00,10,11,22,8,0,940,4,AV LECLERC /R 8 MAI 1945,,,Nuit avec éclairage allumé,Hors agglomération,Intersection en T,Autre,Sans collision,,,,,,,,,,,5,1,3,9.0,7.0
201000052316,0010-11-28 10:40:00,10,11,28,10,40,940,44,"46, R ALBERT GARRY",,,Plein jour,En agglomération,Hors intersection,Normale,Sans collision,,,,,,,,,,,1,2,1,1.0,7.0
201000052317,0010-12-06 11:40:00,10,12,6,11,40,940,44,AV DESCARTES,,,Plein jour,En agglomération,Hors intersection,Pluie légère,Deux véhicules - côté,,,,,,,,,,,1,2,1,2.0,3.0
201000052318,0010-12-06 22:00:00,10,12,6,22,0,940,44,AV G.LECLERC/AV VALENTON,,,Nuit avec éclairage allumé,En agglomération,Intersection en X,Pluie légère,Deux véhicules - côté,,,,,,,,,,,5,2,2,2.0,3.0
201000052319,0010-12-07 13:40:00,10,12,7,13,40,940,75,AVTASSIGNY/RTE GRANGE,,,Plein jour,En agglomération,Intersection en T,Neige / grêle,Deux véhicules - arrière,,,,,,,,,,,1,2,3,4.0,2.0
201000052320,0010-12-08 05:30:00,10,12,8,5,30,940,75,MARECHAL DELATTRE DE TAS,,,Nuit avec éclairage non allumé,En agglomération,Hors intersection,Pluie légère,Deux véhicules - frontale,,,,,,,,,,,4,2,1,2.0,1.0
201000052321,0010-12-10 08:30:00,10,12,10,8,30,940,75,"41, R DE MANDRES",,,Plein jour,En agglomération,Hors intersection,Autre,Deux véhicules - frontale,,,,,,,,,,,1,2,1,9.0,1.0
201000052322,0010-12-12 07:50:00,10,12,12,7,50,940,71,R PARIS/RTE BONNEUIL,,,Plein jour,Hors agglomération,Giratoire,Normale,Autre collision,,,,,,,,,,,1,1,6,1.0,6.0
201000052323,0010-12-12 16:15:00,10,12,12,16,15,940,44,"34, AV GABRIEL PERI",,,Plein jour,En agglomération,Hors intersection,Normale,Trois véhicules et plus - en chaîne,,,,,,,,,,,1,2,1,1.0,4.0
201000052324,0010-12-14 15:35:00,10,12,14,15,35,940,71,"20, R DES PENDANTS",,,Plein jour,En agglomération,Hors intersection,Normale,Autre collision,,,,,,,,,,,1,2,1,1.0,6.0
201000052325,0010-12-18 05:30:00,10,12,18,5,30,940,71,"03,AV CHARLES DE GAULLE",,,Nuit avec éclairage allumé,En agglomération,Hors intersection,Neige / grêle,Sans collision,,,,,,,,,,,5,2,1,4.0,7.0
201000052326,0010-09-23 20:20:00,10,9,23,20,20,940,44,"22, AV DESCARTES",48.7399,2.48998,Nuit avec éclairage allumé,En agglomération,Hors intersection,Normale,Deux véhicules - arrière,,,,,,,,,,,5,2,1,1.0,2.0
201000052327,0010-01-05 13:50:00,10,1,5,13,50,940,17,GUY MOCQUET (R),48.8213,2.5156,Plein jour,En agglomération,Intersection en X,Normale,Deux véhicules - côté,,,,,,,,,,,1,2,2,1.0,3.0
201000052328,0010-01-05 16:30:00,10,1,5,16,30,940,17,BELLES VUES (R DES),48.8147,2.5469,Plein jour,En agglomération,Hors intersection,Normale,Autre collision,,,,,,,,,,,1,2,1,1.0,6.0
201000052329,0010-01-17 21:40:00,10,1,17,21,40,940,17,GENERAL DE GAULLE (AV DU,48.8201,2.48415,Nuit avec éclairage allumé,En agglomération,Intersection en Y,Normale,Deux véhicules - côté,,,,,,,,,,,5,2,4,1.0,3.0
201000052330,0010-01-22 14:20:00,10,1,22,14,20,940,17,GENERAL DE GAULLE (AV DU,48.8275,2.51096,Plein jour,En agglomération,Hors intersection,Normale,Deux véhicules - arrière,,,,,,,,,,,1,2,1,1.0,2.0
201000052331,0010-01-25 09:25:00,10,1,25,9,25,940,17,JEAN JAURES (R),48.8146,2.50798,Plein jour,En agglomération,Intersection en X,Normale,Deux véhicules - arrière,,,,,,,,,,,1,2,2,1.0,2.0
201000052332,0010-01-28 07:10:00,10,1,28,7,10,940,17,ROGER SALENGRO (AV),48.816,2.50281,Nuit avec éclairage allumé,En agglomération,Intersection en T,Pluie légère,Autre collision,,,,,,,,,,,5,2,3,2.0,6.0
201000052333,0010-01-28 19:10:00,10,1,28,19,10,940,17,JEAN JAURES (R),48.8152,2.50582,Nuit avec éclairage allumé,En agglomération,Hors intersection,Normale,Autre collision,,,,,,,,,,,5,2,1,1.0,6.0
201000052334,0010-01-29 06:40:00,10,1,29,6,40,940,17,ROGER SALENGRO (AV),48.8195,2.48652,Nuit avec éclairage allumé,En agglomération,Intersection en T,Pluie légère,Deux véhicules - arrière,,,,,,,,,,,5,2,3,2.0,2.0
201000052335,0010-02-03 17:00:00,10,2,3,17,0,940,17,MONUMENT (R DU),48.8109,2.52413,Plein jour,En agglomération,Hors intersection,Normale,Autre collision,,,,,,,,,,,1,2,1,1.0,6.0
201000052336,0010-02-04 08:00:00,10,2,4,8,0,940,17,JEAN JAURES (R),48.814,2.50938,Plein jour,En agglomération,Hors intersection,Normale,Deux véhicules - côté,,,,,,,,,,,1,2,1,1.0,3.0
201000052337,0010-02-04 15:30:00,10,2,4,15,30,940,17,LOUIS TALAMONI (R),48.8135,2.51128,Plein jour,En agglomération,Intersection en X,Normale,Deux véhicules - arrière,,,,,,,,,,,1,2,2,1.0,2.0
201000052338,0010-02-05 08:50:00,10,2,5,8,50,940,17,"244, GENERAL DE GAULLE (",48.8271,2.50791,Plein jour,En agglomération,Hors intersection,Pluie légère,Deux véhicules - arrière,,,,,,,,,,,1,2,1,2.0,2.0
201000052339,0010-02-06 18:00:00,10,2,6,18,0,940,17,BOILEAU (AV),48.8042,2.54645,Nuit avec éclairage allumé,En agglomération,Hors intersection,Normale,Autre collision,,,,,,,,,,,5,2,1,1.0,6.0
201000052340,0010-02-06 22:55:00,10,2,6,22,55,940,17,MARX DORMOY (AV),48.808,2.5249,Nuit avec éclairage allumé,En agglomération,Hors intersection,Normale,Sans collision,,,,,,,,,,,5,2,1,1.0,7.0
201000052341,0010-02-15 08:30:00,10,2,15,8,30,940,17,REPUBLIQUE (AV DE LA),48.8164,2.51196,Plein jour,En agglomération,Hors intersection,Normale,Trois véhicules et plus - en chaîne,,,,,,,,,,,1,2,1,1.0,4.0
201000052342,0010-02-17 15:00:00,10,2,17,15,0,940,17,REPUBLIQUE (AV DE LA),48.8164,2.51196,Plein jour,En agglomération,Hors intersection,Normale,Autre collision,,,,,,,,,,,1,2,1,1.0,6.0
201000052343,0010-02-18 14:10:00,10,2,18,14,10,940,17,PLESSIS TREVISE (R DU),48.8109,2.56073,Plein jour,En agglomération,Intersection en X,Normale,Deux véhicules - côté,,,,,,,,,,,1,2,2,1.0,3.0
201000052344,0010-02-19 19:00:00,10,2,19,19,0,940,17,REPUBLIQUE (AV DE LA),48.8164,2.51197,Nuit avec éclairage non allumé,En agglomération,Hors intersection,Normale,Deux véhicules - arrière,,,,,,,,,,,4,2,1,1.0,2.0
201000052345,0010-02-20 02:50:00,10,2,20,2,50,940,17,GENERAL DE GAULLE (AV DU,48.8271,2.50865,Nuit avec éclairage allumé,En agglomération,Hors intersection,Normale,Deux véhicules - côté,,,,,,,,,,,5,2,1,1.0,3.0
201000052346,0010-02-20 21:40:00,10,2,20,21,40,940,17,REPUBLIQUE (AV DE LA),48.8214,2.51081,Nuit avec éclairage allumé,En agglomération,Intersection en T,Normale,Deux véhicules - côté,,,,,,,,,,,5,2,3,1.0,3.0
201000052347,0010-02-22 10:05:00,10,2,22,10,5,940,17,GENERAL DE GAULLE (AV DU,48.827,2.50735,Plein jour,En agglomération,Hors intersection,Normale,Deux véhicules - côté,,,,,,,,,,,1,2,1,1.0,3.0
201000052348,0010-02-23 08:40:00,10,2,23,8,40,940,17,GEORGES COURTELINE (PL),48.8159,2.56161,Plein jour,En agglomération,Giratoire,Pluie légère,Sans collision,,,,,,,,,,,1,2,6,2.0,7.0
201000052349,0010-02-27 16:11:00,10,2,27,16,11,940,17,MAURICE THOREZ (AV),48.8161,2.5385,Plein jour,En agglomération,Hors intersection,Normale,Deux véhicules - arrière,,,,,,,,,,,1,2,1,1.0,2.0
201000052350,0010-02-28 17:00:00,10,2,28,17,0,940,17,GUY MOCQUET (R),48.8196,2.51487,Plein jour,En agglomération,Hors intersection,Normale,Sans collision,,,,,,,,,,,1,2,1,1.0,7.0
201000052351,0010-03-07 13:15:00,10,3,7,13,15,940,17,GENERAL DE GAULLE (AV DU,48.8274,2.51198,Plein jour,En agglomération,Hors intersection,Normale,Deux véhicules - côté,,,,,,,,,,,1,2,1,1.0,3.0
201000052352,0010-03-12 18:30:00,10,3,12,18,30,940,17,"277, GENERAL DE GAULLE (",48.8273,2.51582,Plein jour,En agglomération,Hors intersection,Normale,Deux véhicules - côté,,,,,,,,,,,1,2,1,1.0,3.0
201000052353,0010-03-13 00:40:00,10,3,13,0,40,940,17,BD STALINGRAD,48.8306,2.49313,Nuit avec éclairage allumé,En agglomération,Hors intersection,Normale,Trois véhicules et plus - collisions multiples,,,,,,,,,,,5,2,1,1.0,5.0
201000052354,0010-03-14 14:40:00,10,3,14,14,40,940,17,GEORGES DIMITROV (R),48.8132,2.50999,Plein jour,En agglomération,Hors intersection,Normale,Autre collision,,,,,,,,,,,1,2,1,1.0,6.0
201000052355,0010-03-16 11:10:00,10,3,16,11,10,940,17,JULES FERRY (R),48.8195,2.49731,Plein jour,En agglomération,Hors intersection,Normale,Autre collision,,,,,,,,,,,1,2,1,1.0,6.0
201000052356,0010-03-20 16:52:00,10,3,20,16,52,940,17,LOUIS TALAMONI,48.8135,2.51128,Plein jour,En agglomération,Intersection en X,Normale,Autre collision,,,,,,,,,,,1,2,2,1.0,6.0
201000052357,0010-03-28 19:15:00,10,3,28,19,15,940,17,GENERAL DE GAULLE (AV DU,48.8271,2.51036,Plein jour,En agglomération,Hors intersection,Normale,Deux véhicules - côté,,,,,,,,,,,1,2,1,1.0,3.0
201000052358,0010-03-30 10:40:00,10,3,30,10,40,940,17,AV DE GAULLE/AV REPUBLIQ,48.8269,2.50994,Plein jour,En agglomération,Intersection en T,Normale,Deux véhicules - côté,,,,,,,,,,,1,2,3,1.0,3.0
201000052359,0010-04-01 13:40:00,10,4,1,13,40,940,17,MAURICE THOREZ (AV),48.8112,2.53645,Plein jour,En agglomération,Giratoire,Normale,Deux véhicules - côté,,,,,,,,,,,1,2,6,1.0,3.0
201000052360,0010-04-02 12:30:00,10,4,2,12,30,940,17,ONZE NOVEMBRE 1918 (AV D,48.8104,2.53707,Plein jour,En agglomération,Hors intersection,Normale,Autre collision,,,,,,,,,,,1,2,1,1.0,6.0
201000052361,0010-04-06 08:55:00,10,4,6,8,55,940,17,AV DE LA REPUBLIQUE,,,Plein jour,En agglomération,Intersection en T,Normale,Deux véhicules - côté,,,,,,,,,,,1,2,3,1.0,3.0
201000052362,0010-04-07 03:50:00,10,4,7,3,50,940,17,ROGER SALENGRO (AV),48.816,2.50281,Nuit avec éclairage allumé,En agglomération,Intersection en T,Normale,Deux véhicules - côté,,,,,,,,,,,5,2,3,1.0,3.0
201000052363,0010-04-10 22:00:00,10,4,10,22,0,940,17,MUSSELBURGH (R DE),48.8119,2.5128,Nuit avec éclairage allumé,En agglomération,Intersection en X,Normale,Trois véhicules et plus - en chaîne,,,,,,,,,,,5,2,2,1.0,4.0
201000052364,0010-04-14 16:45:00,10,4,14,16,45,940,17,MAURICE THOREZ (AV),48.8174,2.53888,Plein jour,En agglomération,Hors intersection,Normale,Autre collision,,,,,,,,,,,1,2,1,1.0,6.0
201000052365,0010-04-15 15:35:00,10,4,15,15,35,940,17,LOUIS TALAMONI (R),48.8129,2.51393,Plein jour,En agglomération,Hors intersection,Normale,Autre collision,,,,,,,,,,,1,2,1,1.0,6.0
201000052366,0010-04-17 11:10:00,10,4,17,11,10,940,17,GENERAL DE GAULLE (AV DU,48.8271,2.51794,Plein jour,En agglomération,Intersection en X,Normale,Deux véhicules - côté,,,,,,,,,,,1,2,2,1.0,3.0
201000052367,0010-04-22 12:45:00,10,4,22,12,45,940,17,JACK GOUREVITCH (AV),48.8213,2.48473,Plein jour,En agglomération,Intersection en T,Normale,Deux véhicules - côté,,,,,,,,,,,1,2,3,1.0,3.0
201000052368,0010-04-23 17:50:00,10,4,23,17,50,940,17,ROSSIGNOLS (R DES),48.8098,2.55086,Plein jour,En agglomération,Place,Normale,Deux véhicules - côté,,,,,,,,,,,1,2,7,1.0,3.0
201000052369,0010-04-25 20:35:00,10,4,25,20,35,940,17,SONIA DE LAUNAY (VOI),48.8117,2.53644,Crépuscule ou aube,En agglomération,Giratoire,Normale,Deux véhicules - côté,,,,,,,,,,,2,2,6,1.0,3.0
201000052370,0010-04-30 15:40:00,10,4,30,15,40,940,17,SEVIGNE (R DE),48.8124,2.53897,Plein jour,En agglomération,Hors intersection,Normale,Deux véhicules - côté,,,,,,,,,,,1,2,1,1.0,3.0
201000052371,0010-04-30 18:15:00,10,4,30,18,15,940,17,MORDACS (ALL DES),48.8097,2.53985,Plein jour,En agglomération,Hors intersection,Normale,Autre collision,,,,,,,,,,,1,2,1,1.0,6.0
201000052372,0010-05-06 16:30:00,10,5,6,16,30,940,17,BOILEAU (AV),48.8058,2.54525,Plein jour,En agglomération,Intersection en T,Normale,Deux véhicules - côté,,,,,,,,,,,1,2,3,1.0,3.0
201000052373,0010-05-07 08:15:00,10,5,7,8,15,940,17,PLAGE (R DE LA),48.8137,2.50174,Plein jour,En agglomération,Intersection en X,Normale,Deux véhicules - côté,,,,,,,,,,,1,2,2,1.0,3.0
201000052374,0010-05-07 08:40:00,10,5,7,8,40,940,17,GENERAL DE GAULLE (AV DU,48.8274,2.5122,Plein jour,En agglomération,Hors intersection,Normale,Deux véhicules - côté,,,,,,,,,,,1,2,1,1.0,3.0
201000052375,0010-05-10 16:30:00,10,5,10,16,30,940,17,ONZE NOVEMBRE 1918 (AV D,48.81,2.53733,Plein jour,En agglomération,Hors intersection,Normale,Autre collision,,,,,,,,,,,1,2,1,1.0,6.0
201000052376,0010-05-11 13:50:00,10,5,11,13,50,940,17,ALEXANDRE FOURNY (R),48.8191,2.51666,Plein jour,En agglomération,Intersection en T,Normale,Autre collision,,,,,,,,,,,1,2,3,1.0,6.0
201000052377,0010-05-12 21:10:00,10,5,12,21,10,940,17,ROGER SALENGRO (AV),48.8184,2.49161,Crépuscule ou aube,En agglomération,Hors intersection,Normale,Autre collision,,,,,,,,,,,2,2,1,1.0,6.0
201000052378,0010-05-17 10:00:00,10,5,17,10,0,940,17,JEAN JAURES (R),48.8143,2.50865,Plein jour,En agglomération,Intersection en T,Normale,Deux véhicules - côté,,,,,,,,,,,1,2,3,1.0,3.0
201000052379,0010-05-18 08:50:00,10,5,18,8,50,940,17,"59, ROGER SALENGRO (AV)",48.819,2.48878,Plein jour,En agglomération,Hors intersection,Normale,Autre collision,,,,,,,,,,,1,2,1,1.0,6.0
201000052380,0010-05-19 18:20:00,10,5,19,18,20,940,17,ROGER SALENGRO (AV),48.8189,2.48898,Plein jour,En agglomération,Intersection en T,Normale,Autre collision,,,,,,,,,,,1,2,3,1.0,6.0
201000052381,0010-05-22 11:10:00,10,5,22,11,10,940,17,VERDUN (R DE),48.8158,2.48953,Plein jour,En agglomération,Hors intersection,Normale,Autre collision,,,,,,,,,,,1,2,1,1.0,6.0
201000052382,0010-05-22 20:25:00,10,5,22,20,25,940,17,STALINGRAD (BD DE),48.8288,2.49351,Plein jour,En agglomération,Hors intersection,Normale,Autre collision,,,,,,,,,,,1,2,1,1.0,6.0
201000052383,0010-06-01 09:30:00,10,6,1,9,30,940,17,ROGER SALENGRO (AV),48.8163,2.502,Plein jour,En agglomération,Intersection en T,Normale,Autre collision,,,,,,,,,,,1,2,3,1.0,6.0
201000052384,0010-06-01 13:25:00,10,6,1,13,25,940,17,GEORGES DIMITROV (R),48.8137,2.51025,Plein jour,En agglomération,Intersection en X,Normale,Autre collision,,,,,,,,,,,1,2,2,1.0,6.0
201000052385,0010-06-02 12:20:00,10,6,2,12,20,940,17,JEAN JAURES (R),48.8138,2.50988,Plein jour,En agglomération,Hors intersection,Normale,Autre collision,,,,,,,,,,,1,2,1,1.0,6.0
201000052386,0010-06-03 17:55:00,10,6,3,17,55,940,17,MAXIME GORKI (AV),48.8189,2.48631,Plein jour,En agglomération,Hors intersection,Normale,Autre collision,,,,,,,,,,,1,2,1,1.0,6.0
201000052387,0010-06-03 15:30:00,10,6,3,15,30,940,17,GENERAL DE GAULLE (AV DU,48.8273,2.50855,Plein jour,En agglomération,Hors intersection,Normale,Deux véhicules - côté,,,,,,,,,,,1,2,1,1.0,3.0
201000052388,0010-06-04 11:35:00,10,6,4,11,35,940,17,REPUBLIQUE (AV DE LA),48.8247,2.51001,Plein jour,En agglomération,Intersection en T,Normale,Autre collision,,,,,,,,,,,1,2,3,1.0,6.0
201000052389,0010-06-06 01:00:00,10,6,6,1,0,940,17,STALINGRAD (BD DE),48.8177,2.50851,Nuit avec éclairage allumé,En agglomération,Intersection en T,Normale,Deux véhicules - côté,,,,,,,,,,,5,2,3,1.0,3.0
201000052390,0010-06-07 09:00:00,10,6,7,9,0,940,17,ROGER SALENGRO (AV),48.82,2.48249,Plein jour,En agglomération,Intersection en Y,Normale,Deux véhicules - côté,,,,,,,,,,,1,2,4,1.0,3.0
201000052391,0010-06-07 15:30:00,10,6,7,15,30,940,17,MONUMENT (R DU),48.8116,2.5219,Plein jour,En agglomération,Hors intersection,Normale,Deux véhicules - arrière,,,,,,,,,,,1,2,1,1.0,2.0
201000052392,0010-06-10 13:30:00,10,6,10,13,30,940,17,GENERAL DE GAULLE (AV DU,48.8273,2.51303,Plein jour,En agglomération,Hors intersection,Normale,Trois véhicules et plus - collisions multiples,,,,,,,,,,,1,2,1,1.0,5.0
201000052393,0010-06-15 20:45:00,10,6,15,20,45,940,17,ROGER SALENGRO (AV),48.816,2.50281,Crépuscule ou aube,En agglomération,Intersection en T,Normale,Deux véhicules - côté,,,,,,,,,,,2,2,3,1.0,3.0
201000052394,0010-06-17 17:30:00,10,6,17,17,30,940,17,VERDUN (R DE),48.816,2.48791,Plein jour,En agglomération,Hors intersection,Normale,Autre collision,,,,,,,,,,,1,2,1,1.0,6.0
201000052395,0010-06-21 13:20:00,10,6,21,13,20,940,17,FRATERNITE (R DE LA),48.816,2.54161,Plein jour,En agglomération,Intersection en X,Normale,Deux véhicules - côté,,,,,,,,,,,1,2,2,1.0,3.0
201000052396,0010-06-24 18:25:00,10,6,24,18,25,940,17,JACQUES SOLOMON (R),48.8044,2.54607,Plein jour,En agglomération,Intersection en X,Normale,Deux véhicules - arrière,,,,,,,,,,,1,2,2,1.0,2.0
201000052397,0010-06-25 18:50:00,10,6,25,18,50,940,17,"145, BERNAU (R DE)",48.8175,2.53688,Plein jour,En agglomération,Hors intersection,Normale,Deux véhicules - côté,,,,,,,,,,,1,2,1,1.0,3.0
201000052398,0010-06-30 20:55:00,10,6,30,20,55,940,17,FAMILLE (AV DE LA),48.8105,2.54742,Plein jour,En agglomération,Intersection en X,Normale,Deux véhicules - côté,,,,,,,,,,,1,2,2,1.0,3.0
201000052399,0010-07-04 06:55:00,10,7,4,6,55,940,17,AV SALENGRO/DE GAULLE,48.8201,2.48415,Crépuscule ou aube,En agglomération,Intersection en Y,Normale,Deux véhicules - côté,,,,,,,,,,,2,2,4,1.0,3.0
201000052400,0010-07-04 19:35:00,10,7,4,19,35,940,17,AV FONTAINE/QUAI LUCIE,48.8305,2.49858,Plein jour,En agglomération,Intersection en Y,Normale,Deux véhicules - côté,,,,,,,,,,,1,2,4,1.0,3.0
201000052401,0010-07-04 22:40:00,10,7,4,22,40,940,17,AV R.SALENGRO/DE GAULLE,48.8201,2.48415,Nuit avec éclairage allumé,En agglomération,Intersection en X,Normale,Deux véhicules - côté,,,,,,,,,,,5,2,2,1.0,3.0
201000052402,0010-07-05 15:20:00,10,7,5,15,20,940,17,DIDEROT/BERTHE,48.8127,2.49517,Plein jour,En agglomération,Intersection en T,Normale,Deux véhicules - côté,,,,,,,,,,,1,2,3,1.0,3.0
201000052403,0010-07-06 09:20:00,10,7,6,9,20,940,17,"142, AV DE GAULLE",48.8236,2.49645,Plein jour,En agglomération,Hors intersection,Normale,Deux véhicules - côté,,,,,,,,,,,1,2,1,1.0,3.0
201000052404,0010-07-08 07:25:00,10,7,8,7,25,940,17,BD STALINGRAD/ DE GAULLE,48.8237,2.49643,Plein jour,En agglomération,Intersection en X,Normale,Trois véhicules et plus - collisions multiples,,,,,,,,,,,1,2,2,1.0,5.0
201000052405,0010-07-08 13:05:00,10,7,8,13,5,940,17,"154,AV GENERAL DE GAULLE",48.8241,2.49799,Plein jour,En agglomération,Hors intersection,Normale,Autre collision,,,,,,,,,,,1,2,1,1.0,6.0
201000052406,0010-07-19 17:40:00,10,7,19,17,40,940,17,AV DE GAULLE/ SALENGRO,48.8201,2.48415,Plein jour,En agglomération,Intersection en Y,Normale,Deux véhicules - arrière,,,,,,,,,,,1,2,4,1.0,2.0
201000052407,0010-07-20 14:50:00,10,7,20,14,50,940,17,AV DU 8 MAI 1945,48.8075,2.53755,Plein jour,En agglomération,Hors intersection,Normale,Deux véhicules - côté,,,,,,,,,,,1,2,1,1.0,3.0
201000052408,0010-07-22 08:50:00,10,7,22,8,50,940,17,R DU BOIS L'ABBE,48.8112,2.53929,Plein jour,En agglomération,Hors intersection,Normale,Deux véhicules - arrière,,,,,,,,,,,1,2,1,1.0,2.0
201000052409,0010-08-02 12:50:00,10,8,2,12,50,940,17,"2, QU LUCIE",48.8307,2.49777,Plein jour,En agglomération,Hors intersection,Normale,Deux véhicules - côté,,,,,,,,,,,1,2,1,1.0,3.0