accident_id,datetime,annee,mois,jour,heure,minute,departement,commune_insee,adresse,latitude,longitude,luminosite,agglomeration,intersection,meteo,collision,nb_vehicules,nb_usagers,nb_indemnes,nb_tues,nb_blesses_hosp,nb_blesses_legers,age_cond_1,age_cond_2,veh_type_cond_1,veh_type_cond_2,lum_code,agg_code,int_code,atm_code,col_code
201000052652,0010-11-09 18:00:00,10,11,9,18,0,940,79,R DE BERNAU,,,Nuit sans éclairage public,En agglomération,Intersection en X,Pluie forte,Autre collision,,,,,,,,,,,3,2,2,3.0,6.0
201000052653,0010-11-09 18:00:00,10,11,9,18,0,940,79,ANDRE ROUY/GEORGES DEMES,,,Nuit avec éclairage allumé,En agglomération,Intersection en T,Pluie légère,Trois véhicules et plus - collisions multiples,,,,,,,,,,,5,2,3,2.0,5.0
201000052654,0010-11-09 22:50:00,10,11,9,22,50,940,55,ORMESSON/SCHUMANN,,,Nuit avec éclairage allumé,En agglomération,Intersection en X,Pluie légère,Deux véhicules - côté,,,,,,,,,,,5,2,2,2.0,3.0
201000052655,0010-11-15 16:35:00,10,11,15,16,35,940,19,"29, R DU PONT",,,Crépuscule ou aube,En agglomération,Intersection en T,Normale,Deux véhicules - arrière,,,,,,,,,,,2,2,3,1.0,2.0
201000052656,0010-11-19 18:25:00,10,11,19,18,25,940,59,"20, AV MAURICE BERTEAUX",,,Nuit avec éclairage allumé,En agglomération,Hors intersection,Pluie légère,Autre collision,,,,,,,,,,,5,2,1,2.0,6.0
201000052657,0010-11-23 12:40:00,10,11,23,12,40,940,79,R DU REGARD DES LUATS,,,Plein jour,En agglomération,Hors intersection,Normale,Autre collision,,,,,,,,,,,1,2,1,1.0,6.0
201000052658,0010-11-25 15:35:00,10,11,25,15,35,940,55,RTE DE PROVINS,,,Plein jour,En agglomération,Hors intersection,Temps couvert,Autre collision,,,,,,,,,,,1,2,1,8.0,6.0
201000052659,0010-11-30 12:40:00,10,11,30,12,40,940,79,JEAN MONNET (BD),,,Plein jour,En agglomération,Intersection en T,Normale,Sans collision,,,,,,,,,,,1,2,3,1.0,7.0
201000052660,0010-12-01 18:10:00,10,12,1,18,10,940,19,RTE DE LA LIBERATION,,,Nuit avec éclairage non allumé,En agglomération,Hors intersection,Neige / grêle,Deux véhicules - arrière,,,,,,,,,,,4,2,1,4.0,2.0
201000052661,0010-12-08 07:15:00,10,12,8,7,15,940,53,AV MENDES-FRANCE/R CURIE,,,Nuit avec éclairage allumé,En agglomération,Intersection en T,Neige / grêle,Autre collision,,,,,,,,,,,5,2,3,4.0,6.0
201000052662,0010-12-14 11:00:00,10,12,14,11,0,940,19,R A.BRIAND/CHATEAUBRIANT,,,Plein jour,En agglomération,Intersection en X,Autre,Trois véhicules et plus - en chaîne,,,,,,,,,,,1,2,2,9.0,4.0
201000052663,0010-12-16 08:30:00,10,12,16,8,30,940,60,AV GEORGES POMPIDOU,,,Crépuscule ou aube,En agglomération,Hors intersection,Pluie légère,Autre collision,,,,,,,,,,,2,2,1,2.0,6.0
201000052664,0010-12-17 08:00:00,10,12,17,8,0,940,55,O. D'ORMESSON/R GUYNEMER,,,Plein jour,En agglomération,Intersection en X,Neige / grêle,Autre collision,,,,,,,,,,,1,2,2,4.0,6.0
201000052665,0010-12-28 18:10:00,10,12,28,18,10,940,19,RTE DE LA LIBERATION,,,Nuit avec éclairage allumé,En agglomération,Intersection en Y,Pluie légère,Deux véhicules - côté,,,,,,,,,,,5,2,4,2.0,3.0
201000052666,0010-02-17 19:00:00,10,2,17,19,0,940,22,JEAN JAURES (R),48.7644,2.4056,Nuit avec éclairage allumé,En agglomération,Intersection en X,Pluie légère,Deux véhicules - côté,,,,,,,,,,,5,2,2,2.0,3.0
201000052667,0010-01-12 20:05:00,10,1,12,20,5,940,22,HUIT MAI 1945 (AV DU),48.7656,2.41056,Nuit avec éclairage allumé,En agglomération,Intersection en T,Normale,Autre collision,,,,,,,,,,,5,2,3,1.0,6.0
201000052668,0010-04-24 19:00:00,10,4,24,19,0,940,22,STALINGRAD (BD DE),48.7738,2.39928,Plein jour,En agglomération,Hors intersection,Normale,Autre collision,,,,,,,,,,,1,2,1,1.0,6.0
201000052669,0010-02-03 07:40:00,10,2,3,7,40,940,22,"91, ANATOLE FRANCE (AV)",48.7592,2.41247,Plein jour,En agglomération,Intersection en T,Pluie légère,Deux véhicules - frontale,,,,,,,,,,,1,2,3,2.0,1.0
201000052670,0010-06-25 09:15:00,10,6,25,9,15,940,22,"21, VICTOR HUGO (AV)",48.7674,2.41523,Plein jour,En agglomération,Hors intersection,Normale,Deux véhicules - côté,,,,,,,,,,,1,2,1,1.0,3.0
201000052671,0010-07-03 02:45:00,10,7,3,2,45,940,22,C.COLOMB/PEARY,48.7548,2.41506,Nuit avec éclairage allumé,En agglomération,Intersection en X,Pluie légère,Deux véhicules - frontale,,,,,,,,,,,5,2,2,2.0,1.0
201000052672,0010-09-02 16:53:00,10,9,2,16,53,940,22,AV A.FRANCE/AV RONDU,48.7585,2.41292,Plein jour,En agglomération,Intersection en X,Normale,Deux véhicules - côté,,,,,,,,,,,1,2,2,1.0,3.0
201000052673,0010-09-22 06:06:00,10,9,22,6,6,940,54,R DU BAS MARIN,48.7495,2.38923,Nuit sans éclairage public,En agglomération,Intersection en X,Normale,Deux véhicules - arrière,,,,,,,,,,,3,2,2,1.0,2.0
201000052674,0010-09-27 04:20:00,10,9,27,4,20,940,22,V HUGO/POMPADOUR,48.7692,2.42229,Nuit avec éclairage allumé,En agglomération,Intersection en X,Pluie légère,Deux véhicules - côté,,,,,,,,,,,5,2,2,2.0,3.0
201000052675,0010-01-28 20:00:00,10,1,28,20,0,940,22,"30, STALINGRAD (BD DE)",48.7694,2.40219,Nuit avec éclairage allumé,En agglomération,Intersection en T,Normale,Autre collision,,,,,,,,,,,5,2,3,1.0,6.0
201000052676,0010-01-29 08:30:00,10,1,29,8,30,940,22,DOCTEUR ROUX (R DU),48.7714,2.40604,Plein jour,En agglomération,Intersection en X,Pluie légère,Autre collision,,,,,,,,,,,1,2,2,2.0,6.0
201000052677,0010-01-29 19:20:00,10,1,29,19,20,940,54,"10, MARTYRS DE CHATEAUBR",48.7487,2.40667,Nuit avec éclairage allumé,En agglomération,Hors intersection,Pluie légère,Autre collision,,,,,,,,,,,5,2,1,2.0,6.0
201000052678,0010-10-15 09:09:00,10,10,15,9,9,940,22,"22,AV VICTOR HUGO",,,Plein jour,En agglomération,Hors intersection,Normale,Autre collision,,,,,,,,,,,1,2,1,1.0,6.0
201000052679,0010-01-31 12:10:00,10,1,31,12,10,940,22,DOCTEUR CHARCOT (AV),48.7687,2.4137,Plein jour,En agglomération,Intersection en T,Normale,Deux véhicules - frontale,,,,,,,,,,,1,2,3,1.0,1.0
201000052680,0010-02-03 15:22:00,10,2,3,15,22,940,22,"1, ALLIES (BD DES)",48.7643,2.40541,Plein jour,En agglomération,Intersection en X,Normale,Autre collision,,,,,,,,,,,1,2,2,1.0,6.0
201000052681,0010-12-13 17:00:00,10,12,13,17,0,940,22,"25, R ROLLIN REGNIER",,,Crépuscule ou aube,En agglomération,Hors intersection,Normale,Autre collision,,,,,,,,,,,2,2,1,1.0,6.0
201000052682,0010-02-19 11:20:00,10,2,19,11,20,940,54,VICTOIRE (AV DE LA),48.7451,2.38857,Plein jour,En agglomération,Intersection en X,Normale,Deux véhicules - côté,,,,,,,,,,,1,2,2,1.0,3.0
201000052683,0010-03-10 20:05:00,10,3,10,20,5,940,54,MARTYRS DE CHATEAUBRIANT,48.7468,2.40713,Nuit avec éclairage allumé,En agglomération,Intersection en T,Normale,Trois véhicules et plus - en chaîne,,,,,,,,,,,5,2,3,1.0,4.0
201000052684,0010-03-15 09:15:00,10,3,15,9,15,940,54,"0, BAS MARIN (R DU)",48.7467,2.38617,Plein jour,En agglomération,Intersection en Y,Temps éblouissant,Deux véhicules - côté,,,,,,,,,,,1,2,4,7.0,3.0
201000052685,0010-03-15 20:45:00,10,3,15,20,45,940,22,"30, PASTEUR (R)",48.766,2.41857,Nuit avec éclairage allumé,En agglomération,Hors intersection,Normale,Autre collision,,,,,,,,,,,5,2,1,1.0,6.0
201000052686,0010-03-16 18:55:00,10,3,16,18,55,940,22,"54, STALINGRAD (BD DE)",48.7709,2.40124,Crépuscule ou aube,En agglomération,Hors intersection,Normale,Trois véhicules et plus - collisions multiples,,,,,,,,,,,2,2,1,1.0,5.0
201000052687,0010-03-18 13:00:00,10,3,18,13,0,940,22,"31, ALLIES (BD DES)",48.7665,2.40398,Plein jour,En agglomération,Hors intersection,Normale,Deux véhicules - arrière,,,,,,,,,,,1,2,1,1.0,2.0
201000052688,0010-03-30 13:15:00,10,3,30,13,15,940,22,"55, VICTOR HUGO (AV)",48.7684,2.41939,Plein jour,En agglomération,Hors intersection,Normale,Autre collision,,,,,,,,,,,1,2,1,1.0,6.0
201000052689,0010-04-01 18:15:00,10,4,1,18,15,940,22,VICTOR HUGO (AV),48.7671,2.41469,Plein jour,En agglomération,Hors intersection,Normale,Trois véhicules et plus - en chaîne,,,,,,,,,,,1,2,1,1.0,4.0
201000052690,0010-04-12 17:35:00,10,4,12,17,35,940,22,"57, DOCTEUR ROUX (R DU)",48.7708,2.40258,Plein jour,En agglomération,Hors intersection,Normale,Autre collision,,,,,,,,,,,1,2,1,1.0,6.0
201000052691,0010-04-16 18:50:00,10,4,16,18,50,940,22,"12, GAMBETTA (AV)",48.764,2.40389,Plein jour,En agglomération,Hors intersection,Normale,Deux véhicules - arrière,,,,,,,,,,,1,2,1,1.0,2.0
201000052692,0010-04-17 15:45:00,10,4,17,15,45,940,54,RTE CHARLES TILLON,48.7406,2.38656,Plein jour,En agglomération,Hors intersection,Normale,Deux véhicules - frontale,,,,,,,,,,,1,2,1,1.0,1.0
201000052693,0010-04-19 07:15:00,10,4,19,7,15,940,22,VILLENEUVE ST GEORGES (A,48.7669,2.41437,Crépuscule ou aube,En agglomération,Intersection en X,Normale,Deux véhicules - côté,,,,,,,,,,,2,2,2,1.0,3.0
201000052694,0010-04-20 12:20:00,10,4,20,12,20,940,22,"6, GAMBETTA (AV)",48.7642,2.40462,Plein jour,En agglomération,Hors intersection,Normale,Autre collision,,,,,,,,,,,1,2,1,1.0,6.0
201000052695,0010-04-20 15:40:00,10,4,20,15,40,940,22,"0, MARECHAL DE LATTRE DE",48.7577,2.40426,Plein jour,En agglomération,Hors intersection,Normale,Deux véhicules - arrière,,,,,,,,,,,1,2,1,1.0,2.0
201000052696,0010-04-21 11:10:00,10,4,21,11,10,940,22,VINGT CINQ AOUT 1944 (AV,48.7629,2.40145,Plein jour,En agglomération,Intersection en X,Temps éblouissant,Deux véhicules - côté,,,,,,,,,,,1,2,2,7.0,3.0
201000052697,0010-05-05 18:20:00,10,5,5,18,20,940,22,"11, ALFORTVILLE (AV D)",48.768,2.41394,Plein jour,En agglomération,Hors intersection,Vent fort / tempête,Deux véhicules - arrière,,,,,,,,,,,1,2,1,6.0,2.0
201000052698,0010-05-06 07:40:00,10,5,6,7,40,940,22,STALINGRAD (BD DE),48.7721,2.40044,Plein jour,En agglomération,Intersection en Y,Normale,Autre collision,,,,,,,,,,,1,2,4,1.0,6.0
201000052699,0010-05-12 18:20:00,10,5,12,18,20,940,22,"33, AUGUSTE BLANQUI (R)",48.767,2.40467,Plein jour,En agglomération,Hors intersection,Normale,Autre collision,,,,,,,,,,,1,2,1,1.0,6.0
201000052700,0010-05-21 13:35:00,10,5,21,13,35,940,54,VICTOIRE (AV DE LA),48.7449,2.40004,Plein jour,En agglomération,Intersection en T,Normale,Autre collision,,,,,,,,,,,1,2,3,1.0,6.0
201000052701,0010-05-29 01:00:00,10,5,29,1,0,940,22,"1, REPUBLIQUE (AV DE LA)",48.7623,2.4069,Nuit avec éclairage non allumé,En agglomération,Intersection en T,Autre,Autre collision,,,,,,,,,,,4,2,3,9.0,6.0
201000052702,0010-05-29 17:45:00,10,5,29,17,45,940,22,"1, JEAN JAURES (R)",48.7643,2.40564,Plein jour,En agglomération,Intersection en X,Normale,Autre collision,,,,,,,,,,,1,2,2,1.0,6.0
201000052703,0010-06-23 18:40:00,10,6,23,18,40,940,54,CHARLES TILLON (ROUTE),48.7451,2.38614,Plein jour,En agglomération,Intersection en Y,Normale,Deux véhicules - côté,,,,,,,,,,,1,2,4,1.0,3.0
201000052704,0010-06-27 19:45:00,10,6,27,19,45,940,22,"128, STALINGRAD (BD DE)",48.7744,2.39892,Plein jour,En agglomération,Hors intersection,Normale,Deux véhicules - arrière,,,,,,,,,,,1,2,1,1.0,2.0
201000052705,0010-06-30 09:15:00,10,6,30,9,15,940,54,VICTOIRE (AV DE LA),48.7449,2.38999,Plein jour,En agglomération,Intersection en T,Normale,Deux véhicules - côté,,,,,,,,,,,1,2,3,1.0,3.0
201000052706,0010-06-30 23:00:00,10,6,30,23,0,940,22,VOIE DES ROSES (IMP DE L,48.7714,2.40604,Nuit avec éclairage allumé,En agglomération,Intersection en X,Normale,Deux véhicules - frontale,,,,,,,,,,,5,2,2,1.0,1.0
201000052707,0010-07-02 16:00:00,10,7,2,16,0,940,54,C.TILLON/J.ERHARD,48.7462,2.375,Plein jour,En agglomération,Intersection en T,Normale,Deux véhicules - côté,,,,,,,,,,,1,2,3,1.0,3.0
201000052708,0010-05-22 20:30:00,10,5,22,20,30,940,22,"06, RENE PANHARD (AV)",48.7632,2.4006,Plein jour,En agglomération,Hors intersection,Normale,Autre collision,,,,,,,,,,,1,2,1,1.0,6.0
201000052709,0010-07-13 07:30:00,10,7,13,7,30,940,22,AV JEAN JAURES,48.7649,2.40706,Plein jour,En agglomération,Hors intersection,Normale,Deux véhicules - côté,,,,,,,,,,,1,2,1,1.0,3.0
201000052710,0010-07-16 13:05:00,10,7,16,13,5,940,54,RUE PARMENTIER/AVIATION,48.7424,2.38739,Plein jour,En agglomération,Intersection en T,Normale,Autre collision,,,,,,,,,,,1,2,3,1.0,6.0
201000052711,0010-07-21 09:35:00,10,7,21,9,35,940,54,M.CACHIN/SAULES,48.7458,2.41029,Plein jour,Hors agglomération,Giratoire,Pluie légère,Deux véhicules - frontale,,,,,,,,,,,1,1,6,2.0,1.0
201000052712,0010-07-21 16:45:00,10,7,21,16,45,940,22,STALINGRAD/ROOSEVELT,48.7669,2.4039,Plein jour,En agglomération,Intersection en X,Normale,Deux véhicules - arrière,,,,,,,,,,,1,2,2,1.0,2.0
201000052713,0010-07-28 18:25:00,10,7,28,18,25,940,54,C.TILLON/CHAUDRONNIERS,48.7376,2.39362,Plein jour,En agglomération,Intersection en T,Normale,Deux véhicules - frontale,,,,,,,,,,,1,2,3,1.0,1.0
201000052714,0010-08-02 14:30:00,10,8,2,14,30,940,22,58 HUGO /ALSACE LORRAINE,48.7687,2.42064,Plein jour,En agglomération,Intersection en X,Normale,Deux véhicules - arrière,,,,,,,,,,,1,2,2,1.0,2.0
201000052715,0010-08-12 14:25:00,10,8,12,14,25,940,22,15 BD DE STALINGRAD,48.7657,2.40484,Plein jour,En agglomération,Place,Normale,Deux véhicules - côté,,,,,,,,,,,1,2,7,1.0,3.0
201000052716,0010-08-20 16:45:00,10,8,20,16,45,940,22,AV VICTOR HUGO,48.7692,2.42229,Plein jour,En agglomération,Intersection en X,Normale,Deux véhicules - côté,,,,,,,,,,,1,2,2,1.0,3.0
201000052717,0010-08-22 23:25:00,10,8,22,23,25,940,22,REPUBLIQUE/ R YVES LEGER,48.7605,2.40789,Nuit avec éclairage allumé,En agglomération,Intersection en X,Normale,Deux véhicules - côté,,,,,,,,,,,5,2,2,1.0,3.0
201000052718,0010-08-26 00:25:00,10,8,26,0,25,940,22,AV VICTOR HUGO / MEDERIC,48.7682,2.41845,Nuit avec éclairage allumé,En agglomération,Intersection en X,Normale,Trois véhicules et plus - en chaîne,,,,,,,,,,,5,2,2,1.0,4.0
201000052719,0010-08-28 01:20:00,10,8,28,1,20,940,54,AV MARCEL CACHIN,48.7458,2.41028,Nuit avec éclairage allumé,En agglomération,Hors intersection,Normale,Autre collision,,,,,,,,,,,5,2,1,1.0,6.0
201000052720,0010-08-30 21:45:00,10,8,30,21,45,940,22,"60, AV DE LUGO",48.7671,2.4104,Nuit avec éclairage allumé,En agglomération,Intersection en T,Normale,Deux véhicules - arrière,,,,,,,,,,,5,2,3,1.0,2.0
201000052721,0010-09-07 11:35:00,10,9,7,11,35,940,22,"20, ALFORTVILLE/CHARCOT",48.7687,2.4137,Plein jour,En agglomération,Intersection en T,Normale,Autre collision,,,,,,,,,,,1,2,3,1.0,6.0
201000052722,0010-09-09 19:00:00,10,9,9,19,0,940,22,AV YVONNE MARCAILLOUX,48.7679,2.40714,Plein jour,En agglomération,Hors intersection,Pluie légère,Deux véhicules - côté,,,,,,,,,,,1,2,1,2.0,3.0
201000052723,0010-09-12 06:55:00,10,9,12,6,55,940,22,AV LECLERC/AV TASSIGNY,48.7613,2.40324,Crépuscule ou aube,En agglomération,Intersection en X,Normale,Deux véhicules - côté,,,,,,,,,,,2,2,2,1.0,3.0
201000052724,0010-09-13 16:00:00,10,9,13,16,0,940,54,RTE C.TILLON/NUNGESSER,48.7403,2.38749,Plein jour,En agglomération,Intersection en Y,Normale,Deux véhicules - arrière,,,,,,,,,,,1,2,4,1.0,2.0
201000052725,0010-09-21 09:05:00,10,9,21,9,5,940,54,"24, R DU FER A CHEVAL",48.7447,2.40795,Plein jour,En agglomération,Hors intersection,Normale,Autre collision,,,,,,,,,,,1,2,1,1.0,6.0
201000052726,0010-09-28 14:05:00,10,9,28,14,5,940,22,"3, AV PABLO PICASSO",48.7662,2.40933,Plein jour,En agglomération,Hors intersection,Normale,Deux véhicules - côté,,,,,,,,,,,1,2,1,1.0,3.0
201000052727,0010-10-06 07:45:00,10,10,6,7,45,940,22,"130, BD DE STALINGRAD",,,Plein jour,En agglomération,Hors intersection,Temps couvert,Deux véhicules - côté,,,,,,,,,,,1,2,1,8.0,3.0
201000052728,0010-10-08 17:15:00,10,10,8,17,15,940,22,AV REPUBLIQUE/R Y.LEGER,,,Plein jour,En agglomération,Intersection en X,Normale,Deux véhicules - côté,,,,,,,,,,,1,2,2,1.0,3.0
201000052729,0010-10-08 17:55:00,10,10,8,17,55,940,54,R BAS MARIN/R 15 ARPENTS,,,Plein jour,Hors agglomération,Intersection en Y,Normale,Deux véhicules - côté,,,,,,,,,,,1,1,4,1.0,3.0
201000052730,0010-10-11 09:05:00,10,10,11,9,5,940,22,AV J.GUESDE/AV DE LUGO,,,Plein jour,Hors agglomération,Intersection en Y,Normale,Deux véhicules - côté,,,,,,,,,,,1,1,4,1.0,3.0
201000052731,0010-10-11 17:00:00,10,10,11,17,0,940,22,AV REPUBLIQUE/R Y.LEGER,,,Plein jour,En agglomération,Intersection en X,Normale,Deux véhicules - côté,,,,,,,,,,,1,2,2,1.0,3.0
201000052732,0010-10-19 16:00:00,10,10,19,16,0,940,22,BD DES ALLIES,,,Plein jour,En agglomération,Hors intersection,Normale,Deux véhicules - arrière,,,,,,,,,,,1,2,1,1.0,2.0
201000052733,0010-10-21 14:55:00,10,10,21,14,55,940,54,AV A.RAYNAL/R L.ARAGON,,,Plein jour,En agglomération,Intersection en T,Normale,Deux véhicules - côté,,,,,,,,,,,1,2,3,1.0,3.0
201000052734,0010-10-22 13:15:00,10,10,22,13,15,940,22,AV D'ALFORTVILLE,,,Plein jour,En agglomération,Hors intersection,Normale,Autre collision,,,,,,,,,,,1,2,1,1.0,6.0
201000052735,0010-10-23 16:15:00,10,10,23,16,15,940,22,R J. JAURES/BD DES ALLIE,,,Plein jour,En agglomération,Intersection en X,Normale,Deux véhicules - côté,,,,,,,,,,,1,2,2,1.0,3.0
201000052736,0010-11-02 12:40:00,10,11,2,12,40,940,22,BD DE STALINGRAD,,,Plein jour,En agglomération,Hors intersection,Temps couvert,Deux véhicules - côté,,,,,,,,,,,1,2,1,8.0,3.0
201000052737,0010-11-02 18:25:00,10,11,2,18,25,940,54,AV DE LA VICTOIRE,,,Nuit avec éclairage allumé,En agglomération,Intersection en X,Pluie légère,Deux véhicules - côté,,,,,,,,,,,5,2,2,2.0,3.0
201000052738,0010-11-04 14:15:00,10,11,4,14,15,940,22,"9, BD DES ALLIES",,,Plein jour,En agglomération,Hors intersection,Normale,Autre collision,,,,,,,,,,,1,2,1,1.0,6.0
201000052739,0010-11-08 10:25:00,10,11,8,10,25,940,22,AV VICTOR HUGO,,,Plein jour,En agglomération,Intersection en T,Pluie légère,Deux véhicules - côté,,,,,,,,,,,1,2,3,2.0,3.0
201000052740,0010-11-09 07:30:00,10,11,9,7,30,940,54,MARCEL CACHIN,,,Crépuscule ou aube,En agglomération,Intersection en T,Pluie légère,Deux véhicules - arrière,,,,,,,,,,,2,2,3,2.0,2.0
201000052741,0010-11-15 16:10:00,10,11,15,16,10,940,54,ADRIEN RAYNAL/EMILE ZOLA,,,Plein jour,En agglomération,Intersection en T,Normale,Autre collision,,,,,,,,,,,1,2,3,1.0,6.0
201000052742,0010-12-04 19:55:00,10,12,4,19,55,940,22,AV VICTOR HUGO,,,Nuit avec éclairage allumé,En agglomération,Hors intersection,Pluie légère,Autre collision,,,,,,,,,,,5,2,1,2.0,6.0
201000052743,0010-12-06 12:40:00,10,12,6,12,40,940,54,AV P.CURIE/R 11/1918,,,Plein jour,En agglomération,Intersection en T,Pluie légère,Deux véhicules - arrière,,,,,,,,,,,1,2,3,2.0,2.0
201000052744,0010-12-07 17:20:00,10,12,7,17,20,940,54,AV VICTOIRE/R COUTURIER,,,Nuit avec éclairage allumé,En agglomération,Intersection en X,Pluie légère,Deux véhicules - frontale,,,,,,,,,,,5,2,2,2.0,1.0
201000052745,0010-12-15 18:15:00,10,12,15,18,15,940,54,BAS MARIN/R DU MAILLARD,,,Nuit avec éclairage allumé,Hors agglomération,Intersection en X,Normale,Deux véhicules - côté,,,,,,,,,,,5,1,2,1.0,3.0
201000052746,0010-12-16 12:20:00,10,12,16,12,20,940,22,"39, AV DE LA REPUBLIQUE",,,Plein jour,En agglomération,Hors intersection,Pluie légère,Deux véhicules - arrière,,,,,,,,,,,1,2,1,2.0,2.0
201000052747,0010-12-17 14:50:00,10,12,17,14,50,940,54,MARTYRS DE CHATEAUBRIANT,,,Plein jour,En agglomération,Intersection en X,Temps couvert,Autre collision,,,,,,,,,,,1,2,2,8.0,6.0
201000052748,0010-12-26 14:30:00,10,12,26,14,30,940,22,"49, AV VICTOR HUGO",,,Plein jour,En agglomération,Hors intersection,Normale,Deux véhicules - arrière,,,,,,,,,,,1,2,1,1.0,2.0
201000052749,0010-12-30 00:20:00,10,12,30,0,20,940,22,ALLIES (BD DES),,,Nuit avec éclairage allumé,En agglomération,Hors intersection,Normale,Autre collision,,,,,,,,,,,5,2,1,1.0,6.0
201000052750,0010-01-02 12:00:00,10,1,2,12,0,940,28,"0, CLAVISIS.(RUE DES)",48.7808,2.47152,Plein jour,En agglomération,Hors intersection,Normale,Autre collision,,,,,,,,,,,1,2,1,1.0,6.0
201000052751,0010-01-03 10:58:00,10,1,3,10,58,940,28,"0, CHOISY(ROUTE DE)",48.7785,2.44257,Plein jour,En agglomération,Hors intersection,Normale,Autre collision,,,,,,,,,,,1,2,1,1.0,6.0
201000052752,0010-01-05 00:50:00,10,1,5,0,50,940,28,"1, CROIX DES CRAIES.(RUE",48.7902,2.46146,Nuit avec éclairage allumé,En agglomération,Intersection en T,Normale,Autre collision,,,,,,,,,,,5,2,3,1.0,6.0
201000052753,0010-01-08 16:25:00,10,1,8,16,25,940,28,"1, HALPERN.(AVENUE BERNA",48.7859,2.457,Plein jour,En agglomération,Hors intersection,Neige / grêle,Autre collision,,,,,,,,,,,1,2,1,4.0,6.0
201000052754,0010-01-11 19:45:00,10,1,11,19,45,940,28,"0, GAULLE(AVENUE DU GENE",48.7822,2.45429,Plein jour,En agglomération,Hors intersection,Normale,Deux véhicules - côté,,,,,,,,,,,1,2,1,1.0,3.0
201000052755,0010-01-12 07:20:00,10,1,12,7,20,940,11,"0, ROSTAND.(RUE JEAN)",48.7668,2.48421,Plein jour,En agglomération,Intersection en X,Normale,Deux véhicules - arrière,,,,,,,,,,,1,2,2,1.0,2.0
201000052756,0010-01-13 21:40:00,10,1,13,21,40,940,28,SAVAR.(RUE JULIETTE),48.7804,2.46535,Nuit avec éclairage allumé,En agglomération,Hors intersection,Brouillard / fumée,Autre collision,,,,,,,,,,,5,2,1,5.0,6.0
201000052757,0010-01-25 13:15:00,10,1,25,13,15,940,28,"3, UTRILLO(RUE MAURICE)",48.781,2.45967,Plein jour,En agglomération,Hors intersection,Normale,Autre collision,,,,,,,,,,,1,2,1,1.0,6.0
201000052758,0010-01-22 23:00:00,10,1,22,23,0,940,28,"0, PASTEUR VALERY RADOT(",48.779,2.44298,Nuit avec éclairage allumé,En agglomération,Intersection en Y,Normale,Deux véhicules - arrière,,,,,,,,,,,5,2,4,1.0,2.0
201000052759,0010-01-28 07:20:00,10,1,28,7,20,940,28,DEPARTEMENTALE(VOIE),48.789,2.45173,Crépuscule ou aube,En agglomération,Hors intersection,Normale,Deux véhicules - arrière,,,,,,,,,,,2,2,1,1.0,2.0
201000052760,0010-01-29 13:10:00,10,1,29,13,10,940,11,"15, GROSS(RUE AUGUSTE)",48.7739,2.48554,Plein jour,En agglomération,Hors intersection,Pluie légère,Deux véhicules - arrière,,,,,,,,,,,1,2,1,2.0,2.0
201000052761,0010-01-29 11:30:00,10,1,29,11,30,940,28,"97, FOCH(AVENUE DU MAREC",48.7813,2.43742,Plein jour,En agglomération,Hors intersection,Normale,Deux véhicules - arrière,,,,,,,,,,,1,2,1,1.0,2.0
201000052762,0010-01-30 06:45:00,10,1,30,6,45,940,28,"0, HALPERN.(AVENUE BERNA",48.7899,2.45086,Nuit avec éclairage allumé,En agglomération,Hors intersection,Pluie légère,Trois véhicules et plus - collisions multiples,,,,,,,,,,,5,2,1,2.0,5.0
201000052763,0010-01-30 22:30:00,10,1,30,22,30,940,28,POMPADOUR.(CHEMIN DE LA),48.7663,2.47402,Nuit avec éclairage allumé,En agglomération,Hors intersection,Pluie légère,Sans collision,,,,,,,,,,,5,2,1,2.0,7.0
201000052764,0010-02-02 16:15:00,10,2,2,16,15,940,28,"0, BRIE(RUE DE)",48.7888,2.46615,Plein jour,En agglomération,Intersection en X,Normale,Deux véhicules - arrière,,,,,,,,,,,1,2,2,1.0,2.0
201000052765,0010-02-03 12:50:00,10,2,3,12,50,940,28,"0, EDISON(RUE THOMAS)",48.7977,2.44836,Plein jour,En agglomération,Intersection en X,Normale,Autre collision,,,,,,,,,,,1,2,2,1.0,6.0
201000052766,0010-02-05 10:30:00,10,2,5,10,30,940,11,"0, RONSARD(RUE)",48.7739,2.4865,Plein jour,En agglomération,Intersection en X,Normale,Deux véhicules - côté,,,,,,,,,,,1,2,2,1.0,3.0
201000052767,0010-02-15 12:40:00,10,2,15,12,40,940,11,"0, RHIN ET DANUBE(RUE DU",48.7731,2.49053,Plein jour,En agglomération,Intersection en T,Normale,Deux véhicules - arrière,,,,,,,,,,,1,2,3,1.0,2.0
201000052768,0010-02-14 16:30:00,10,2,14,16,30,940,28,HABETTE(AVENUE ET PLACE,48.7737,2.4624,Plein jour,En agglomération,Intersection en T,Normale,Autre collision,,,,,,,,,,,1,2,3,1.0,6.0
201000052769,0010-02-13 20:20:00,10,2,13,20,20,940,11,"66, CHOISY.(AVENUE DE)",48.7708,2.47695,Nuit avec éclairage allumé,En agglomération,Intersection en T,Normale,Deux véhicules - frontale,,,,,,,,,,,5,2,3,1.0,1.0
201000052770,0010-02-18 09:00:00,10,2,18,9,0,940,28,"9, MAIRE(RUE FELIX)",48.7949,2.46048,Plein jour,En agglomération,Hors intersection,Normale,Autre collision,,,,,,,,,,,1,2,1,1.0,6.0
201000052771,0010-02-24 12:00:00,10,2,24,12,0,940,28,"0, POMPADOUR(CARREFOUR)",48.7744,2.43923,Plein jour,En agglomération,Giratoire,Normale,Deux véhicules - arrière,,,,,,,,,,,1,2,6,1.0,2.0