accident_id,datetime,annee,mois,jour,heure,minute,departement,commune_insee,adresse,latitude,longitude,luminosite,agglomeration,intersection,meteo,collision,nb_vehicules,nb_usagers,nb_indemnes,nb_tues,nb_blesses_hosp,nb_blesses_legers,age_cond_1,age_cond_2,veh_type_cond_1,veh_type_cond_2,lum_code,agg_code,int_code,atm_code,col_code
201000052892,0010-10-02 21:10:00,10,10,2,21,10,940,28,AV DU NOUVEAU MONDE,,,Nuit avec éclairage allumé,En agglomération,Hors intersection,Normale,Autre collision,,,,,,,,,,,5,2,1,1.0,6.0
201000052893,0010-10-05 11:00:00,10,10,5,11,0,940,28,"28, AV P.BROSSOLETTE",,,Plein jour,En agglomération,Hors intersection,Normale,Deux véhicules - arrière,,,,,,,,,,,1,2,1,1.0,2.0
201000052894,0010-10-12 08:00:00,10,10,12,8,0,940,11,"00, BOISSY.(AVENUE DE)",,,Plein jour,En agglomération,Hors intersection,Normale,Deux véhicules - côté,,,,,,,,,,,1,2,1,1.0,3.0
201000052895,0010-10-11 10:45:00,10,10,11,10,45,940,28,R DOMINIQUE DUVAUCHELLE,,,Plein jour,En agglomération,Hors intersection,Normale,Deux véhicules - côté,,,,,,,,,,,1,2,1,1.0,3.0
201000052896,0010-10-11 18:15:00,10,10,11,18,15,940,28,AV LIBERATION/PLBILLOTTE,,,Plein jour,En agglomération,Giratoire,Normale,Deux véhicules - côté,,,,,,,,,,,1,2,6,1.0,3.0
201000052897,0010-10-11 08:15:00,10,10,11,8,15,940,11,"00, PARIS(AVENUE DE)",,,Plein jour,En agglomération,Hors intersection,Normale,Deux véhicules - côté,,,,,,,,,,,1,2,1,1.0,3.0
201000052898,0010-10-11 12:00:00,10,10,11,12,0,940,28,R J.SAVAR/AV P.CASALIS,,,Plein jour,En agglomération,Intersection en X,Normale,Deux véhicules - côté,,,,,,,,,,,1,2,2,1.0,3.0
201000052899,0010-10-12 19:00:00,10,10,12,19,0,940,28,R JULIETTE SAVAR,,,Crépuscule ou aube,En agglomération,Hors intersection,Normale,Autre collision,,,,,,,,,,,2,2,1,1.0,6.0
201000052900,0010-10-13 14:10:00,10,10,13,14,10,940,28,R DU GENERAL LECLERC,,,Plein jour,En agglomération,Hors intersection,Normale,Autre collision,,,,,,,,,,,1,2,1,1.0,6.0
201000052901,0010-10-19 12:35:00,10,10,19,12,35,940,28,AV DE LATTRE DE TASSIGNY,,,Plein jour,En agglomération,Hors intersection,Pluie légère,Deux véhicules - arrière,,,,,,,,,,,1,2,1,2.0,2.0
201000052902,0010-10-19 12:00:00,10,10,19,12,0,940,28,AV DU GENERAL DE GAULLE,,,Plein jour,En agglomération,Hors intersection,Normale,Autre collision,,,,,,,,,,,1,2,1,1.0,6.0
201000052903,0010-10-21 19:00:00,10,10,21,19,0,940,28,AV F.MAURIAC/AV BRECHE,,,Crépuscule ou aube,En agglomération,Intersection en T,Normale,Deux véhicules - frontale,,,,,,,,,,,2,2,3,1.0,1.0
201000052904,0010-10-25 09:00:00,10,10,25,9,0,940,28,R ST-SIMON/R G.EIFFEL,,,Plein jour,En agglomération,Intersection en Y,Normale,Deux véhicules - côté,,,,,,,,,,,1,2,4,1.0,3.0
201000052905,0010-10-26 15:30:00,10,10,26,15,30,940,28,R DES MECHES,,,Plein jour,En agglomération,Hors intersection,Normale,Deux véhicules - arrière,,,,,,,,,,,1,2,1,1.0,2.0
201000052906,0010-10-25 09:30:00,10,10,25,9,30,940,28,CAR POMPADOUR/RTE CHOISY,,,Plein jour,En agglomération,Giratoire,Normale,Deux véhicules - arrière,,,,,,,,,,,1,2,6,1.0,2.0
201000052907,0010-10-26 18:00:00,10,10,26,18,0,940,28,AV DU DOCTEUR PAUL CASAL,,,Crépuscule ou aube,En agglomération,Hors intersection,Normale,Autre collision,,,,,,,,,,,2,2,1,1.0,6.0
201000052908,0010-10-28 08:20:00,10,10,28,8,20,940,28,AV BERNARD HALPERN,,,Plein jour,En agglomération,Hors intersection,Normale,Trois véhicules et plus - en chaîne,,,,,,,,,,,1,2,1,1.0,4.0
201000052909,0010-10-29 20:30:00,10,10,29,20,30,940,28,RTE CHOISY/R RADOT,,,Nuit avec éclairage allumé,En agglomération,Intersection en Y,Normale,Deux véhicules - côté,,,,,,,,,,,5,2,4,1.0,3.0
201000052910,0010-10-30 12:25:00,10,10,30,12,25,940,11,AV JEAN ROSTAND,,,Plein jour,En agglomération,Hors intersection,Normale,Sans collision,,,,,,,,,,,1,2,1,1.0,7.0
201000052911,0010-11-01 12:25:00,10,11,1,12,25,940,28,AV DU GENERAL DE GAULLE,,,Plein jour,Hors agglomération,Hors intersection,Normale,Autre collision,,,,,,,,,,,1,1,1,1.0,6.0
201000052912,0010-10-27 15:00:00,10,10,27,15,0,940,11,R DES CHAMPS/AV  BOISSY,,,Plein jour,En agglomération,Intersection en X,Normale,Trois véhicules et plus - en chaîne,,,,,,,,,,,1,2,2,1.0,4.0
201000052913,0010-11-06 14:20:00,10,11,6,14,20,940,28,AV BERNARD HALPERN,,,Plein jour,En agglomération,Hors intersection,Pluie forte,Autre collision,,,,,,,,,,,1,2,1,3.0,6.0
201000052914,0010-11-06 18:45:00,10,11,6,18,45,940,28,"110, R DU GENERAL LECLER",,,Nuit avec éclairage allumé,En agglomération,Hors intersection,Pluie forte,Autre collision,,,,,,,,,,,5,2,1,3.0,6.0
201000052915,0010-11-12 12:30:00,10,11,12,12,30,940,28,BD JOHN FITZGERALD KENNE,,,Plein jour,En agglomération,Hors intersection,Temps couvert,Autre collision,,,,,,,,,,,1,2,1,8.0,6.0
201000052916,0010-11-12 16:55:00,10,11,12,16,55,940,28,"35,PARIS / VLA DU PETIT",,,Crépuscule ou aube,En agglomération,Intersection en T,Temps couvert,Autre collision,,,,,,,,,,,2,2,3,8.0,6.0
201000052917,0010-11-16 12:35:00,10,11,16,12,35,940,28,PL EGLISE,,,Plein jour,En agglomération,Intersection en X,Normale,Autre collision,,,,,,,,,,,1,2,2,1.0,6.0
201000052918,0010-11-22 05:25:00,10,11,22,5,25,940,11,"36,R DU MOULIN BATEAU",,,Nuit avec éclairage allumé,En agglomération,Hors intersection,Pluie légère,Deux véhicules - côté,,,,,,,,,,,5,2,1,2.0,3.0
201000052919,0010-11-19 08:55:00,10,11,19,8,55,940,28,RTE DE CHOISY,,,Plein jour,En agglomération,Hors intersection,Normale,Deux véhicules - arrière,,,,,,,,,,,1,2,1,1.0,2.0
201000052920,0010-11-20 10:30:00,10,11,20,10,30,940,28,"35, AV DE VERDUN",,,Plein jour,En agglomération,Hors intersection,Normale,Deux véhicules - côté,,,,,,,,,,,1,2,1,1.0,3.0
201000052921,0010-11-22 04:50:00,10,11,22,4,50,940,28,AV DU MARECHAL FOCH,,,Nuit avec éclairage allumé,En agglomération,Hors intersection,Pluie légère,Sans collision,,,,,,,,,,,5,2,1,2.0,7.0
201000052922,0010-11-20 18:00:00,10,11,20,18,0,940,28,R JULIETTE SAVAR,,,Nuit sans éclairage public,En agglomération,Intersection en X,Normale,Autre collision,,,,,,,,,,,3,2,2,1.0,6.0
201000052923,0010-11-19 13:30:00,10,11,19,13,30,940,28,AV DU DOCTEUR PAUL CASAL,,,Plein jour,En agglomération,Hors intersection,Normale,Autre collision,,,,,,,,,,,1,2,1,1.0,6.0
201000052924,0010-11-23 05:45:00,10,11,23,5,45,940,28,AV DU MARECHAL FOCH,,,Nuit avec éclairage allumé,En agglomération,Hors intersection,Normale,Sans collision,,,,,,,,,,,5,2,1,1.0,7.0
201000052925,0010-11-21 08:40:00,10,11,21,8,40,940,11,"57, AV DE PARIS",,,Crépuscule ou aube,En agglomération,Hors intersection,Normale,Deux véhicules - frontale,,,,,,,,,,,2,2,1,1.0,1.0
201000052926,0010-11-23 06:25:00,10,11,23,6,25,940,28,R AMEDEO MODIGLIANI,,,Nuit avec éclairage allumé,En agglomération,Hors intersection,Normale,Deux véhicules - arrière,,,,,,,,,,,5,2,1,1.0,2.0
201000052927,0010-11-23 13:25:00,10,11,23,13,25,940,28,CHE DES MARAIS,,,Plein jour,En agglomération,Giratoire,Normale,Trois véhicules et plus - collisions multiples,,,,,,,,,,,1,2,6,1.0,5.0
201000052928,0010-11-24 23:20:00,10,11,24,23,20,940,28,"0, FOCH(AVENUE DU MARECH",,,Nuit sans éclairage public,En agglomération,Hors intersection,Pluie légère,Sans collision,,,,,,,,,,,3,2,1,2.0,7.0
201000052929,0010-11-26 01:40:00,10,11,26,1,40,940,28,AV DU MARECHAL FOCH,,,Nuit avec éclairage allumé,En agglomération,Hors intersection,Normale,Autre collision,,,,,,,,,,,5,2,1,1.0,6.0
201000052930,0010-11-26 05:50:00,10,11,26,5,50,940,28,AV DU MARECHAL FOCH,,,Nuit avec éclairage allumé,En agglomération,Hors intersection,Normale,Sans collision,,,,,,,,,,,5,2,1,1.0,7.0
201000052931,0010-11-27 14:00:00,10,11,27,14,0,940,28,R SAVAR / R HENRI MATISS,,,Plein jour,En agglomération,Intersection en T,Normale,Deux véhicules - côté,,,,,,,,,,,1,2,3,1.0,3.0
201000052932,0010-11-29 20:45:00,10,11,29,20,45,940,28,RTE DE LA POMPADOUR,,,Nuit avec éclairage allumé,En agglomération,Hors intersection,Normale,Deux véhicules - arrière,,,,,,,,,,,5,2,1,1.0,2.0
201000052933,0010-11-30 13:30:00,10,11,30,13,30,940,28,AV BERNARD HALPERN,,,Plein jour,En agglomération,Hors intersection,Normale,Deux véhicules - côté,,,,,,,,,,,1,2,1,1.0,3.0
201000052934,0010-11-30 15:00:00,10,11,30,15,0,940,28,GENERAL LECLERC/R BOBILL,,,Plein jour,En agglomération,Intersection en T,Normale,Deux véhicules - arrière,,,,,,,,,,,1,2,3,1.0,2.0
201000052935,0010-12-01 21:10:00,10,12,1,21,10,940,28,R ANDRE CHARLES BOULLE,,,Nuit avec éclairage allumé,En agglomération,Hors intersection,Neige / grêle,Deux véhicules - arrière,,,,,,,,,,,5,2,1,4.0,2.0
201000052936,0010-12-02 17:30:00,10,12,2,17,30,940,11,AV MAL LECLERC/R CFABIEN,,,Nuit avec éclairage allumé,En agglomération,Intersection en X,Neige / grêle,Autre collision,,,,,,,,,,,5,2,2,4.0,6.0
201000052937,0010-12-02 09:05:00,10,12,2,9,5,940,28,AV VERDUN/R P.F. AVET,,,Plein jour,En agglomération,Intersection en Y,Neige / grêle,Sans collision,,,,,,,,,,,1,2,4,4.0,7.0
201000052938,0010-12-04 05:00:00,10,12,4,5,0,940,11,AV J.ROSTAND/R J.MOULIN,,,Crépuscule ou aube,En agglomération,Intersection en X,Normale,Sans collision,,,,,,,,,,,2,2,2,1.0,7.0
201000052939,0010-12-15 20:30:00,10,12,15,20,30,940,28,CAR POMPADOUR/RTE DE CHO,,,Nuit sans éclairage public,En agglomération,Giratoire,Normale,Deux véhicules - côté,,,,,,,,,,,3,2,6,1.0,3.0
201000052940,0010-12-14 23:50:00,10,12,14,23,50,940,11,AV DU BICENTENAIRE 1789-,,,Nuit avec éclairage allumé,En agglomération,Hors intersection,Normale,Sans collision,,,,,,,,,,,5,2,1,1.0,7.0
201000052941,0010-12-23 05:45:00,10,12,23,5,45,940,11,"00, ROSTAND.(RUE JEAN)",,,Nuit avec éclairage allumé,En agglomération,Intersection en X,Temps couvert,Trois véhicules et plus - collisions multiples,,,,,,,,,,,5,2,2,8.0,5.0
201000052942,0010-12-23 08:15:00,10,12,23,8,15,940,28,R DE PARIS/R FELIX MAIRE,,,Crépuscule ou aube,En agglomération,Intersection à plus de 4 branches,Temps couvert,Trois véhicules et plus - collisions multiples,,,,,,,,,,,2,2,5,8.0,5.0
201000052943,0010-12-23 19:40:00,10,12,23,19,40,940,28,AV DE GAULLE (CCR PARKIN,,,Nuit sans éclairage public,En agglomération,Hors intersection,Neige / grêle,Autre collision,,,,,,,,,,,3,2,1,4.0,6.0
201000052944,0010-12-26 07:00:00,10,12,26,7,0,940,28,"00, FOCH(AVENUE DU MAREC",,,Crépuscule ou aube,En agglomération,Hors intersection,Normale,Autre collision,,,,,,,,,,,2,2,1,1.0,6.0
201000052945,0010-12-26 07:00:00,10,12,26,7,0,940,28,AV DU MARECHAL FOCH,,,Crépuscule ou aube,En agglomération,Hors intersection,Normale,Deux véhicules - côté,,,,,,,,,,,2,2,1,1.0,3.0
201000052946,0010-12-29 12:50:00,10,12,29,12,50,940,28,R MECHES/R DEMENITROUX,,,Plein jour,En agglomération,Intersection en X,Normale,Autre collision,,,,,,,,,,,1,2,2,1.0,6.0
201000052947,0010-01-04 13:40:00,10,1,4,13,40,940,33,"10, VINCENNES (BD DE)",48.8449,2.46024,Plein jour,En agglomération,Hors intersection,Normale,Autre collision,,,,,,,,,,,1,2,1,1.0,6.0
201000052948,0010-01-07 07:30:00,10,1,7,7,30,940,33,"88, SOLIDARITE (R DE LA)",48.8527,2.44825,Crépuscule ou aube,En agglomération,Hors intersection,Neige / grêle,Autre collision,,,,,,,,,,,2,2,1,4.0,6.0
201000052949,0010-01-25 08:50:00,10,1,25,8,50,940,33,"111, GALLIENI (BD)",48.8482,2.47824,Plein jour,En agglomération,Hors intersection,Normale,Autre collision,,,,,,,,,,,1,2,1,1.0,6.0
201000052950,0010-02-02 20:00:00,10,2,2,20,0,940,33,LOUIS AUROUX (R),48.8539,2.49347,Crépuscule ou aube,En agglomération,Intersection en X,Pluie légère,Deux véhicules - côté,,,,,,,,,,,2,2,2,2.0,3.0
201000052951,0010-02-05 13:30:00,10,2,5,13,30,940,33,VERDUN (BD DE),48.8526,2.47167,Plein jour,En agglomération,Intersection en X,Normale,Deux véhicules - côté,,,,,,,,,,,1,2,2,1.0,3.0
201000052952,0010-02-18 09:15:00,10,2,18,9,15,940,33,"2, MARECHAL DE LATTRE DE",48.8521,2.49451,Plein jour,En agglomération,Hors intersection,Normale,Deux véhicules - côté,,,,,,,,,,,1,2,1,1.0,3.0
201000052953,0010-02-25 13:30:00,10,2,25,13,30,940,33,LOUISON BOBET (AV),48.8524,2.48659,Plein jour,En agglomération,Hors intersection,Pluie légère,Autre collision,,,,,,,,,,,1,2,1,2.0,6.0
201000052954,0010-03-01 08:00:00,10,3,1,8,0,940,33,"08, MONTESQUIEU (R)",48.8482,2.48386,Plein jour,En agglomération,Hors intersection,Normale,Deux véhicules - arrière,,,,,,,,,,,1,2,1,1.0,2.0
201000052955,0010-03-13 21:50:00,10,3,13,21,50,940,33,LOUISON BOBET (AV),48.8524,2.48755,Nuit avec éclairage allumé,En agglomération,Hors intersection,Normale,Deux véhicules - arrière,,,,,,,,,,,5,2,1,1.0,2.0
201000052956,0010-03-26 07:35:00,10,3,26,7,35,940,33,"12, NOTRE DAME (R)",48.8469,2.47111,Plein jour,En agglomération,Intersection en X,Normale,Autre collision,,,,,,,,,,,1,2,2,1.0,6.0
201000052957,0010-03-28 15:50:00,10,3,28,15,50,940,33,"28, NEUILLY (AV DE)",48.8473,2.48498,Plein jour,En agglomération,Intersection en T,Normale,Autre collision,,,,,,,,,,,1,2,3,1.0,6.0
201000052958,0010-03-29 14:20:00,10,3,29,14,20,940,33,"33, 25 AOUT 1944 (BD DU)",48.8445,2.47895,Plein jour,En agglomération,Hors intersection,Normale,Autre collision,,,,,,,,,,,1,2,1,1.0,6.0
201000052959,0010-04-03 01:10:00,10,4,3,1,10,940,33,REPUBLIQUE (AV DE LA),48.8525,2.46553,Nuit avec éclairage allumé,En agglomération,Intersection à plus de 4 branches,Normale,Deux véhicules - côté,,,,,,,,,,,5,2,5,1.0,3.0
201000052960,0010-04-09 10:00:00,10,4,9,10,0,940,33,"93, ANDRE LAURENT (R)",48.8546,2.45773,Plein jour,En agglomération,Hors intersection,Normale,Deux véhicules - arrière,,,,,,,,,,,1,2,1,1.0,2.0
201000052961,0010-04-16 20:30:00,10,4,16,20,30,940,33,PARKING CCR VAL DE FONTE,48.8538,2.484,Plein jour,En agglomération,Hors intersection,Normale,Deux véhicules - côté,,,,,,,,,,,1,2,1,1.0,3.0
201000052962,0010-04-19 14:45:00,10,4,19,14,45,940,33,MARECHAL JOFFRE (AV DU),48.8525,2.48287,Plein jour,En agglomération,Hors intersection,Normale,Autre collision,,,,,,,,,,,1,2,1,1.0,6.0
201000052963,0010-05-07 20:35:00,10,5,7,20,35,940,33,LOUISON BOBET (AV),48.8525,2.49075,Plein jour,En agglomération,Intersection en X,Normale,Deux véhicules - côté,,,,,,,,,,,1,2,2,1.0,3.0
201000052964,0010-05-12 17:00:00,10,5,12,17,0,940,33,ANDRE LAURENT (R),48.8539,2.45728,Plein jour,En agglomération,Intersection en Y,Normale,Deux véhicules - côté,,,,,,,,,,,1,2,4,1.0,3.0
201000052965,0010-05-14 17:15:00,10,5,14,17,15,940,33,"14, OLYMPIADES (AV DES)",48.8553,2.48519,Crépuscule ou aube,En agglomération,Hors intersection,Normale,Autre collision,,,,,,,,,,,2,2,1,1.0,6.0
201000052966,0010-05-25 20:25:00,10,5,25,20,25,940,33,"50, ALFRED DE MUSSET (R)",48.8546,2.4729,Crépuscule ou aube,En agglomération,Hors intersection,Normale,Deux véhicules - frontale,,,,,,,,,,,2,2,1,1.0,1.0
201000052967,0010-05-26 12:15:00,10,5,26,12,15,940,33,GALLIENI (BD),48.8474,2.47877,Plein jour,En agglomération,Intersection en X,Normale,Deux véhicules - arrière,,,,,,,,,,,1,2,2,1.0,2.0
201000052968,0010-06-07 10:10:00,10,6,7,10,10,940,33,LA FONTAINE (R),48.8584,2.48136,Plein jour,En agglomération,Intersection en X,Normale,Autre collision,,,,,,,,,,,1,2,2,1.0,6.0
201000052969,0010-06-10 22:20:00,10,6,10,22,20,940,33,25 AOUT 1944 (BD DU),48.8462,2.47883,Nuit avec éclairage allumé,En agglomération,Hors intersection,Normale,Deux véhicules - arrière,,,,,,,,,,,5,2,1,1.0,2.0
201000052970,0010-06-18 14:20:00,10,6,18,14,20,940,33,MARECHAL DE LATTRE DE TA,48.8539,2.49347,Plein jour,En agglomération,Intersection en X,Normale,Deux véhicules - côté,,,,,,,,,,,1,2,2,1.0,3.0
201000052971,0010-06-23 18:50:00,10,6,23,18,50,940,33,LOUISON BOBET (AV),48.8525,2.49075,Plein jour,En agglomération,Intersection en X,Normale,Deux véhicules - arrière,,,,,,,,,,,1,2,2,1.0,2.0
201000052972,0010-07-01 23:25:00,10,7,1,23,25,940,33,"178, MARECHAL DE LATTRE",48.8596,2.49058,Nuit avec éclairage allumé,En agglomération,Hors intersection,Normale,Sans collision,,,,,,,,,,,5,2,1,1.0,7.0
201000052973,0010-08-06 12:30:00,10,8,6,12,30,940,33,125 GALLIENI/LACASSAGNE,48.8487,2.47781,Plein jour,En agglomération,Intersection en X,Normale,Trois véhicules et plus - collisions multiples,,,,,,,,,,,1,2,2,1.0,5.0
201000052974,0010-08-20 19:10:00,10,8,20,19,10,940,33,ALL HOTEL DE VILLE/DOUAT,48.8482,2.47584,Plein jour,En agglomération,Intersection en T,Normale,Deux véhicules - frontale,,,,,,,,,,,1,2,3,1.0,1.0
201000052975,0010-08-28 19:40:00,10,8,28,19,40,940,33,AV DU MARECHAL DE LATTRE,48.8592,2.49077,Plein jour,En agglomération,Hors intersection,Normale,Deux véhicules - arrière,,,,,,,,,,,1,2,1,1.0,2.0
201000052976,0010-08-31 23:35:00,10,8,31,23,35,940,33,AV DE LA REPUBLIQUE,48.8525,2.46553,Nuit avec éclairage allumé,En agglomération,Intersection en T,Normale,Deux véhicules - frontale,,,,,,,,,,,5,2,3,1.0,1.0
201000052977,0010-09-04 19:50:00,10,9,4,19,50,940,33,AV ERNEST RENAN,48.856,2.45873,Plein jour,En agglomération,Hors intersection,Pluie légère,Autre collision,,,,,,,,,,,1,2,1,2.0,6.0
201000052978,0010-09-09 16:27:00,10,9,9,16,27,940,33,V.HUGO/DESCARTES,48.8591,2.47593,Plein jour,En agglomération,Intersection en T,Normale,Deux véhicules - côté,,,,,,,,,,,1,2,3,1.0,3.0
201000052979,0010-09-27 20:45:00,10,9,27,20,45,940,33,VERDUN/REPUBLIQUE,48.8536,2.46978,Nuit avec éclairage allumé,En agglomération,Intersection à plus de 4 branches,Normale,Deux véhicules - côté,,,,,,,,,,,5,2,5,1.0,3.0
201000052980,0010-10-05 22:00:00,10,10,5,22,0,940,33,REPUBLIQUE/MOULINS,,,Nuit avec éclairage allumé,En agglomération,Intersection en X,Normale,Deux véhicules - côté,,,,,,,,,,,5,2,2,1.0,3.0
201000052981,0010-10-08 13:00:00,10,10,8,13,0,940,33,AV P.PICASSO/R J. ZAY,,,Plein jour,En agglomération,Intersection en T,Normale,Deux véhicules - côté,,,,,,,,,,,1,2,3,1.0,3.0
201000052982,0010-10-17 18:20:00,10,10,17,18,20,940,33,AV DANTON/R E.MAURY,,,Crépuscule ou aube,En agglomération,Intersection en Y,Normale,Deux véhicules - côté,,,,,,,,,,,2,2,4,1.0,3.0
201000052983,0010-10-21 06:45:00,10,10,21,6,45,940,33,"49, AV DE STALINGRAD",,,Crépuscule ou aube,En agglomération,Hors intersection,Normale,Autre collision,,,,,,,,,,,2,2,1,1.0,6.0
201000052984,0010-10-28 03:15:00,10,10,28,3,15,940,33,PL DE GAULLE/AV M.JOFFRE,,,Nuit avec éclairage allumé,En agglomération,Giratoire,Pluie légère,Deux véhicules - côté,,,,,,,,,,,5,2,6,2.0,3.0
201000052985,0010-11-06 14:00:00,10,11,6,14,0,940,33,AV DE LATTRE DE TASSIGNY,,,Plein jour,Hors agglomération,Hors intersection,Pluie légère,Deux véhicules - arrière,,,,,,,,,,,1,1,1,2.0,2.0
201000052986,0010-11-16 06:50:00,10,11,16,6,50,940,33,BD VERDUN/AV VICTOR HUGO,,,Crépuscule ou aube,En agglomération,Intersection à plus de 4 branches,Normale,Autre collision,,,,,,,,,,,2,2,5,1.0,6.0
201000052987,0010-11-19 18:50:00,10,11,19,18,50,940,33,LACASSAGNE/R MONTESQUIEU,,,Nuit avec éclairage allumé,En agglomération,Intersection en T,Normale,Autre collision,,,,,,,,,,,5,2,3,1.0,6.0
201000052988,0010-11-24 17:30:00,10,11,24,17,30,940,33,R GABRIEL LACASSAGNE,,,Nuit avec éclairage allumé,En agglomération,Hors intersection,Pluie légère,Sans collision,,,,,,,,,,,5,2,1,2.0,7.0
201000052989,0010-11-25 11:30:00,10,11,25,11,30,940,33,"43, AV RABELAIS",,,Plein jour,En agglomération,Giratoire,Normale,Deux véhicules - côté,,,,,,,,,,,1,2,6,1.0,3.0
201000052990,0010-12-02 17:00:00,10,12,2,17,0,940,33,PL MOREAU DAVID,,,Crépuscule ou aube,En agglomération,Hors intersection,Neige / grêle,Autre collision,,,,,,,,,,,2,2,1,4.0,6.0
201000052991,0010-12-06 08:00:00,10,12,6,8,0,940,33,AV DU MARECHAL JOFFRE,,,Crépuscule ou aube,En agglomération,Hors intersection,Pluie légère,Autre collision,,,,,,,,,,,2,2,1,2.0,6.0
201000052992,0010-12-14 13:00:00,10,12,14,13,0,940,33,AV V.HUGO/R J.JAURES,,,Plein jour,En agglomération,Intersection en X,Normale,Deux véhicules - côté,,,,,,,,,,,1,2,2,1.0,3.0
201000052993,0010-12-14 18:55:00,10,12,14,18,55,940,33,R ZOLA/AV V.HUGO,,,Nuit avec éclairage allumé,En agglomération,Intersection en X,Normale,Autre collision,,,,,,,,,,,5,2,2,1.0,6.0
201000052994,0010-12-20 09:05:00,10,12,20,9,5,940,33,"55, AV PARMENTIER",,,Plein jour,En agglomération,Hors intersection,Neige / grêle,Autre collision,,,,,,,,,,,1,2,1,4.0,6.0
201000052995,0010-01-01 02:00:00,10,1,1,2,0,940,76,"09, LOUIS ARAGON (AV)",48.7886,2.36888,Nuit avec éclairage allumé,En agglomération,Hors intersection,Normale,Sans collision,,,,,,,,,,,5,2,1,1.0,7.0
201000052996,0010-01-02 16:45:00,10,1,2,16,45,940,37,"29, JEAN JAURES (AV)",48.8131,2.35126,Plein jour,En agglomération,Hors intersection,Normale,Autre collision,,,,,,,,,,,1,2,1,1.0,6.0
201000052997,0010-01-06 15:00:00,10,1,6,15,0,940,16,"1, MARCEL BONNET (R)",48.7956,2.32701,Plein jour,En agglomération,Intersection en T,Neige / grêle,Deux véhicules - arrière,,,,,,,,,,,1,2,3,4.0,2.0
201000052998,0010-01-07 23:20:00,10,1,7,23,20,940,43,"18, FONTAINEBLEAU (AV DE",48.8152,2.36058,Nuit avec éclairage allumé,En agglomération,Hors intersection,Normale,Autre collision,,,,,,,,,,,5,2,1,1.0,6.0
201000052999,0010-01-25 14:00:00,10,1,25,14,0,940,37,"17, ARCUEIL (R D)",48.8143,2.34726,Plein jour,En agglomération,Hors intersection,Normale,Sans collision,,,,,,,,,,,1,2,1,1.0,7.0
201000053000,0010-01-26 14:10:00,10,1,26,14,10,940,3,"1, BERTHOLLET (R)",48.8038,2.33053,Plein jour,En agglomération,Intersection en T,Temps couvert,Deux véhicules - côté,,,,,,,,,,,1,2,3,8.0,3.0
201000053001,0010-02-05 07:55:00,10,2,5,7,55,940,3,"1, ARISTIDE BRIAND (AV)",48.8048,2.3252,Crépuscule ou aube,En agglomération,Hors intersection,Pluie légère,Deux véhicules - côté,,,,,,,,,,,2,2,1,2.0,3.0
201000053002,0010-02-05 21:40:00,10,2,5,21,40,940,43,"36, FONTAINEBLEAU (AV DE",48.8138,2.36103,Nuit avec éclairage allumé,En agglomération,Hors intersection,Normale,Deux véhicules - côté,,,,,,,,,,,5,2,1,1.0,3.0
201000053003,0010-02-08 19:25:00,10,2,8,19,25,940,3,"1, EMILE RASPAIL (R)",48.8002,2.33153,Nuit avec éclairage allumé,En agglomération,Intersection en T,Normale,Deux véhicules - côté,,,,,,,,,,,5,2,3,1.0,3.0
201000053004,0010-02-10 11:30:00,10,2,10,11,30,940,76,"26, REPUBLIQUE (AV DE LA",48.7885,2.36432,Plein jour,En agglomération,Hors intersection,Neige / grêle,Autre collision,,,,,,,,,,,1,2,1,4.0,6.0
201000053005,0010-02-12 14:40:00,10,2,12,14,40,940,16,"1, CAMILLE DESMOULINS (R",48.7937,2.3338,Plein jour,En agglomération,Intersection en X,Normale,Deux véhicules - côté,,,,,,,,,,,1,2,2,1.0,3.0
201000053006,0010-02-13 18:50:00,10,2,13,18,50,940,16,"1, ARISTIDE BRIAND (AV)",48.7921,2.3203,Nuit avec éclairage allumé,En agglomération,Intersection en T,Normale,Deux véhicules - arrière,,,,,,,,,,,5,2,3,1.0,2.0
201000053007,0010-02-16 21:50:00,10,2,16,21,50,940,76,94 VERDUN/,48.7896,2.3539,Nuit sans éclairage public,En agglomération,Hors intersection,Normale,Sans collision,,,,,,,,,,,3,2,1,1.0,7.0
201000053008,0010-02-18 12:30:00,10,2,18,12,30,940,76,"127, REPUBLIQUE (AV DE L",48.7874,2.3542,Plein jour,En agglomération,Intersection en X,Temps couvert,Autre collision,,,,,,,,,,,1,2,2,8.0,6.0
201000053009,0010-02-19 11:25:00,10,2,19,11,25,940,16,"30, MARECHAL DE LATTRE D",48.7877,2.33253,Plein jour,En agglomération,Intersection en T,Normale,Autre collision,,,,,,,,,,,1,2,3,1.0,6.0
201000053010,0010-02-21 08:40:00,10,2,21,8,40,940,43,"15, ROGER SALENGRO (R)",48.8148,2.3624,Plein jour,En agglomération,Hors intersection,Normale,Sans collision,,,,,,,,,,,1,2,1,1.0,7.0
201000053011,0010-02-22 18:30:00,10,2,22,18,30,940,16,"1, LEON BLOY (R)",48.787,2.32206,Nuit avec éclairage allumé,En agglomération,Intersection en X,Pluie légère,Deux véhicules - frontale,,,,,,,,,,,5,2,2,2.0,1.0
201000053012,0010-02-25 19:20:00,10,2,25,19,20,940,76,"67, STALINGRAD (AV DE)",48.7835,2.36714,Nuit avec éclairage allumé,En agglomération,Hors intersection,Pluie légère,Trois véhicules et plus - en chaîne,,,,,,,,,,,5,2,1,2.0,4.0
201000053013,0010-02-26 13:30:00,10,2,26,13,30,940,76,"42, AMBROISE CROIZAT (R)",48.802,2.36188,Plein jour,En agglomération,Hors intersection,Normale,Deux véhicules - côté,,,,,,,,,,,1,2,1,1.0,3.0