accident_id,datetime,annee,mois,jour,heure,minute,departement,commune_insee,adresse,latitude,longitude,luminosite,agglomeration,intersection,meteo,collision,nb_vehicules,nb_usagers,nb_indemnes,nb_tues,nb_blesses_hosp,nb_blesses_legers,age_cond_1,age_cond_2,veh_type_cond_1,veh_type_cond_2,lum_code,agg_code,int_code,atm_code,col_code
201000053014,0010-02-27 07:05:00,10,2,27,7,5,940,3,"1, ARISTIDE BRIAND (AV)",48.8101,2.32675,Plein jour,En agglomération,Giratoire,Normale,Deux véhicules - arrière,,,,,,,,,,,1,2,6,1.0,2.0
201000053015,0010-02-28 20:55:00,10,2,28,20,55,940,76,"141, PARIS (AV DE)",48.8005,2.36528,Nuit avec éclairage allumé,En agglomération,Hors intersection,Pluie légère,Deux véhicules - arrière,,,,,,,,,,,5,2,1,2.0,2.0
201000053016,0010-03-01 17:55:00,10,3,1,17,55,940,76,"1, REPUBLIQUE (AV DE LA)",48.7885,2.3667,Crépuscule ou aube,En agglomération,Hors intersection,Normale,Autre collision,,,,,,,,,,,2,2,1,1.0,6.0
201000053017,0010-03-04 21:15:00,10,3,4,21,15,940,37,"1, LENINE (AV)",48.8135,2.33291,Nuit avec éclairage allumé,En agglomération,Intersection en T,Normale,Deux véhicules - arrière,,,,,,,,,,,5,2,3,1.0,2.0
201000053018,0010-03-05 09:35:00,10,3,5,9,35,940,76,"1, STALINGRAD (AV DE)",48.7878,2.36683,Plein jour,En agglomération,Intersection en T,Normale,Deux véhicules - côté,,,,,,,,,,,1,2,3,1.0,3.0
201000053019,0010-03-08 08:25:00,10,3,8,8,25,940,76,"22, PAUL VAILLANT COUTUR",48.7949,2.36637,Plein jour,En agglomération,Intersection en X,Normale,Autre collision,,,,,,,,,,,1,2,2,1.0,6.0
201000053020,0010-03-30 02:15:00,10,3,30,2,15,940,43,FONTAINEBLEAU (AV DE),48.8128,2.36131,Nuit avec éclairage allumé,En agglomération,Intersection en T,Normale,Deux véhicules - côté,,,,,,,,,,,5,2,3,1.0,3.0
201000053021,0010-03-09 14:00:00,10,3,9,14,0,940,3,"20, PAUL VAILLANT COUTUR",48.8015,2.33946,Plein jour,En agglomération,Hors intersection,Normale,Deux véhicules - côté,,,,,,,,,,,1,2,1,1.0,3.0
201000053022,0010-03-09 15:40:00,10,3,9,15,40,940,3,"57, BERTHOLLET (R)",48.8057,2.32585,Plein jour,En agglomération,Hors intersection,Normale,Autre collision,,,,,,,,,,,1,2,1,1.0,6.0
201000053023,0010-03-10 19:50:00,10,3,10,19,50,940,76,"71, PARIS (AV DE)",48.8037,2.36422,Nuit avec éclairage allumé,En agglomération,Hors intersection,Normale,Deux véhicules - côté,,,,,,,,,,,5,2,1,1.0,3.0
201000053024,0010-03-12 20:45:00,10,3,12,20,45,940,76,"1, HENRI BARBUSSE (R)",48.8041,2.36811,Nuit avec éclairage allumé,En agglomération,Intersection en T,Normale,Trois véhicules et plus - collisions multiples,,,,,,,,,,,5,2,3,1.0,5.0
201000053025,0010-03-14 09:20:00,10,3,14,9,20,940,43,"19, FONTAINEBLEAU (AV DE",48.8146,2.36088,Plein jour,En agglomération,Hors intersection,Normale,Autre collision,,,,,,,,,,,1,2,1,1.0,6.0
201000053026,0010-03-15 20:10:00,10,3,15,20,10,940,3,"35, LAPLACE (AV)",48.8083,2.3321,Nuit avec éclairage allumé,En agglomération,Hors intersection,Normale,Autre collision,,,,,,,,,,,5,2,1,1.0,6.0
201000053027,0010-03-16 18:20:00,10,3,16,18,20,940,43,"22, FONTAINEBLEAU (AV DE",48.8148,2.36073,Plein jour,En agglomération,Hors intersection,Normale,Sans collision,,,,,,,,,,,1,2,1,1.0,7.0
201000053028,0010-03-16 19:00:00,10,3,16,19,0,940,16,"1, ARISTIDE BRIAND (AV)",48.7962,2.32188,Crépuscule ou aube,En agglomération,Intersection en X,Normale,Deux véhicules - côté,,,,,,,,,,,2,2,2,1.0,3.0
201000053029,0010-03-17 01:00:00,10,3,17,1,0,940,76,"1, MAXIME GORKI (BD)",48.7945,2.36891,Nuit avec éclairage allumé,En agglomération,Intersection en X,Normale,Deux véhicules - arrière,,,,,,,,,,,5,2,2,1.0,2.0
201000053030,0010-03-18 17:15:00,10,3,18,17,15,940,76,"1, DIVISION DU GENERAL L",48.7854,2.37074,Plein jour,En agglomération,Intersection en T,Normale,Autre collision,,,,,,,,,,,1,2,3,1.0,6.0
201000053031,0010-03-18 16:30:00,10,3,18,16,30,940,16,GABRIEL PERI (R),48.7922,2.34375,Plein jour,En agglomération,Intersection en Y,Normale,Sans collision,,,,,,,,,,,1,2,4,1.0,7.0
201000053032,0010-03-23 13:30:00,10,3,23,13,30,940,16,"1, CARNOT (AV)",48.7989,2.32592,Plein jour,En agglomération,Intersection en T,Normale,Deux véhicules - côté,,,,,,,,,,,1,2,3,1.0,3.0
201000053033,0010-03-26 22:30:00,10,3,26,22,30,940,16,"145, ARISTIDE BRIAND (AV",48.7924,2.32043,Nuit avec éclairage allumé,En agglomération,Hors intersection,Normale,Deux véhicules - arrière,,,,,,,,,,,5,2,1,1.0,2.0
201000053034,0010-03-27 11:45:00,10,3,27,11,45,940,76,"68, MAXIME GORKI (BD)",48.795,2.36867,Plein jour,En agglomération,Hors intersection,Normale,Deux véhicules - arrière,,,,,,,,,,,1,2,1,1.0,2.0
201000053035,0010-03-29 15:15:00,10,3,29,15,15,940,76,"12, PAUL VAILLANT COUTUR",48.7955,2.36192,Plein jour,En agglomération,Hors intersection,Normale,Autre collision,,,,,,,,,,,1,2,1,1.0,6.0
201000053036,0010-03-31 20:00:00,10,3,31,20,0,940,16,"34, CARNOT (AV)",48.7986,2.32655,Crépuscule ou aube,En agglomération,Intersection en T,Normale,Deux véhicules - côté,,,,,,,,,,,2,2,3,1.0,3.0
201000053037,0010-04-04 17:50:00,10,4,4,17,50,940,3,PAUL VAILLANT COUTURIER,48.8035,2.33822,Plein jour,En agglomération,Hors intersection,Normale,Deux véhicules - arrière,,,,,,,,,,,1,2,1,1.0,2.0
201000053038,0010-04-05 00:20:00,10,4,5,0,20,940,76,"10, SAINTE COLOMBE (R)",48.7818,2.36173,Nuit avec éclairage allumé,En agglomération,Hors intersection,Normale,Sans collision,,,,,,,,,,,5,2,1,1.0,7.0
201000053039,0010-04-06 17:15:00,10,4,6,17,15,940,37,"1, PAUL VAILLANT COUTURI",48.8164,2.33998,Plein jour,En agglomération,Hors intersection,Normale,Autre collision,,,,,,,,,,,1,2,1,1.0,6.0
201000053040,0010-04-06 19:30:00,10,4,6,19,30,940,3,"88, MARIUS SIDOBRE (R)",48.8052,2.33483,Plein jour,En agglomération,Hors intersection,Normale,Deux véhicules - arrière,,,,,,,,,,,1,2,1,1.0,2.0
201000053041,0010-04-07 12:25:00,10,4,7,12,25,940,76,AMBROISE CROIZAT (R),48.8014,2.35946,Plein jour,En agglomération,Intersection en T,Normale,Deux véhicules - côté,,,,,,,,,,,1,2,3,1.0,3.0
201000053042,0010-04-10 21:20:00,10,4,10,21,20,940,76,"78, STALINGRAD (AV DE)",48.785,2.36693,Nuit avec éclairage allumé,En agglomération,Hors intersection,Normale,Deux véhicules - arrière,,,,,,,,,,,5,2,1,1.0,2.0
201000053043,0010-04-11 12:55:00,10,4,11,12,55,940,76,"83, CHEVILLY (R DE)",48.7832,2.35493,Plein jour,En agglomération,Hors intersection,Normale,Autre collision,,,,,,,,,,,1,2,1,1.0,6.0
201000053044,0010-04-12 09:00:00,10,4,12,9,0,940,76,"80, VERDUN (R DE)",48.7825,2.35523,Plein jour,En agglomération,Hors intersection,Normale,Deux véhicules - arrière,,,,,,,,,,,1,2,1,1.0,2.0
201000053045,0010-04-13 09:40:00,10,4,13,9,40,940,16,"8, PRESIDENT WILSON (AV",48.7964,2.33109,Plein jour,En agglomération,Hors intersection,Temps couvert,Autre collision,,,,,,,,,,,1,2,1,8.0,6.0
201000053046,0010-04-13 14:30:00,10,4,13,14,30,940,3,"1, GABRIEL PERI (AV)",48.8001,2.3427,Plein jour,En agglomération,Intersection en X,Temps couvert,Deux véhicules - côté,,,,,,,,,,,1,2,2,8.0,3.0
201000053047,0010-04-14 16:20:00,10,4,14,16,20,940,3,"1, ARISTIDE BRIAND (AV)",48.8101,2.32675,Plein jour,En agglomération,Intersection à plus de 4 branches,Normale,Deux véhicules - côté,,,,,,,,,,,1,2,5,1.0,3.0
201000053048,0010-04-15 06:00:00,10,4,15,6,0,940,43,FONTAINEBLEAU (AV DE),48.8128,2.36145,Crépuscule ou aube,En agglomération,Hors intersection,Normale,Deux véhicules - côté,,,,,,,,,,,2,2,1,1.0,3.0
201000053049,0010-04-15 09:15:00,10,4,15,9,15,940,43,"21, EUGENE THOMAS (AV)",48.8098,2.3589,Plein jour,En agglomération,Hors intersection,Normale,Trois véhicules et plus - en chaîne,,,,,,,,,,,1,2,1,1.0,4.0
201000053050,0010-04-16 18:45:00,10,4,16,18,45,940,76,"1, YOURI GAGARINE (R)",48.7838,2.35836,Plein jour,En agglomération,Intersection en T,Normale,Deux véhicules - côté,,,,,,,,,,,1,2,3,1.0,3.0
201000053051,0010-04-16 18:10:00,10,4,16,18,10,940,16,"1, GABRIEL PERI (R)",48.7932,2.3438,Plein jour,En agglomération,Hors intersection,Normale,Sans collision,,,,,,,,,,,1,2,1,1.0,7.0
201000053052,0010-04-16 19:40:00,10,4,16,19,40,940,16,"30, LOUIS GEORGEON (AV)",48.7936,2.33426,Plein jour,En agglomération,Hors intersection,Normale,Deux véhicules - côté,,,,,,,,,,,1,2,1,1.0,3.0
201000053053,0010-04-17 10:20:00,10,4,17,10,20,940,16,"1, ESTIENNE D ORVES (R D",48.7917,2.32196,Plein jour,En agglomération,Intersection à plus de 4 branches,Normale,Deux véhicules - côté,,,,,,,,,,,1,2,5,1.0,3.0
201000053054,0010-04-18 15:00:00,10,4,18,15,0,940,16,"27, ARISTIDE BRIAND (AV)",48.8009,2.32369,Plein jour,En agglomération,Hors intersection,Normale,Deux véhicules - arrière,,,,,,,,,,,1,2,1,1.0,2.0
201000053055,0010-04-19 22:00:00,10,4,19,22,0,940,3,"1, PRESIDENT SALVADOR AL",48.8101,2.32693,Nuit avec éclairage allumé,En agglomération,Hors intersection,Normale,Autre collision,,,,,,,,,,,5,2,1,1.0,6.0
201000053056,0010-04-20 06:45:00,10,4,20,6,45,940,76,"58, PRESIDENT ALLENDE (A",48.7968,2.35018,Crépuscule ou aube,En agglomération,Intersection en T,Normale,Deux véhicules - frontale,,,,,,,,,,,2,2,3,1.0,1.0
201000053057,0010-04-26 08:25:00,10,4,26,8,25,940,76,"55, VERDUN (R DE)",48.7916,2.3537,Plein jour,En agglomération,Hors intersection,Normale,Deux véhicules - côté,,,,,,,,,,,1,2,1,1.0,3.0
201000053058,0010-04-26 18:30:00,10,4,26,18,30,940,43,", FONTAINEBLEAU (AV DE)",48.8126,2.36152,Plein jour,En agglomération,Hors intersection,Normale,Autre collision,,,,,,,,,,,1,2,1,1.0,6.0
201000053059,0010-04-27 15:50:00,10,4,27,15,50,940,43,"45, FONTAINEBLEAU (AV DE",48.813,2.36135,Plein jour,En agglomération,Hors intersection,Normale,Autre collision,,,,,,,,,,,1,2,1,1.0,6.0
201000053060,0010-05-04 22:30:00,10,5,4,22,30,940,76,"79, REPUBLIQUE (AV DE LA",48.7885,2.35964,Nuit avec éclairage allumé,En agglomération,Intersection en T,Normale,Deux véhicules - côté,,,,,,,,,,,5,2,3,1.0,3.0
201000053061,0010-05-06 07:40:00,10,5,6,7,40,940,76,"1, MAXIME GORKI (R)",48.796,2.36849,Plein jour,En agglomération,Intersection en X,Normale,Deux véhicules - arrière,,,,,,,,,,,1,2,2,1.0,2.0
201000053062,0010-05-11 22:20:00,10,5,11,22,20,940,43,"1, DOCTEUR ANTOINE LACRO",48.8138,2.35756,Nuit avec éclairage allumé,En agglomération,Intersection en X,Pluie légère,Deux véhicules - côté,,,,,,,,,,,5,2,2,2.0,3.0
201000053063,0010-05-12 16:10:00,10,5,12,16,10,940,16,"1, GALLIENI (R)",48.7968,2.33113,Plein jour,En agglomération,Intersection en X,Normale,Deux véhicules - frontale,,,,,,,,,,,1,2,2,1.0,1.0
201000053064,0010-05-13 18:20:00,10,5,13,18,20,940,37,"1, JEAN LOUIS (R)",48.8084,2.34545,Plein jour,En agglomération,Intersection en T,Normale,Sans collision,,,,,,,,,,,1,2,3,1.0,7.0
201000053065,0010-05-16 05:45:00,10,5,16,5,45,940,76,"1, PAUL VAILLANT COUTURI",48.7959,2.36833,Crépuscule ou aube,En agglomération,Intersection en X,Normale,Deux véhicules - côté,,,,,,,,,,,2,2,2,1.0,3.0
201000053066,0010-05-17 15:35:00,10,5,17,15,35,940,65,R BORDEAUX/AV CHARENTES,48.758,2.36036,Plein jour,En agglomération,Intersection en T,Normale,Deux véhicules - côté,,,,,,,,,,,1,2,3,1.0,3.0
201000053067,0010-05-18 06:45:00,10,5,18,6,45,940,43,R GABRIEL PERI,48.8147,2.3561,Plein jour,En agglomération,Intersection en Y,Normale,Deux véhicules - arrière,,,,,,,,,,,1,2,4,1.0,2.0
201000053068,0010-05-23 17:45:00,10,5,23,17,45,940,76,"1, MAXIME GORKI (BD)",48.7927,2.36926,Plein jour,En agglomération,Intersection en T,Normale,Deux véhicules - côté,,,,,,,,,,,1,2,3,1.0,3.0
201000053069,0010-05-23 23:20:00,10,5,23,23,20,940,76,"1, MAXIME GORKI (BD)",48.7959,2.36833,Nuit avec éclairage allumé,En agglomération,Intersection en X,Normale,Trois véhicules et plus - collisions multiples,,,,,,,,,,,5,2,2,1.0,5.0
201000053070,0010-05-24 16:30:00,10,5,24,16,30,940,3,"1, ARISTIDE BRIAND (AV)",48.8105,2.32653,Plein jour,En agglomération,Hors intersection,Normale,Autre collision,,,,,,,,,,,1,2,1,1.0,6.0
201000053071,0010-05-28 05:05:00,10,5,28,5,5,940,76,"1, MAXIME GORKI (BD)",48.7959,2.36839,Nuit avec éclairage allumé,En agglomération,Intersection en X,Pluie légère,Deux véhicules - côté,,,,,,,,,,,5,2,2,2.0,3.0
201000053072,0010-05-31 06:20:00,10,5,31,6,20,940,43,"60, FONTAINEBLEAU (AV DE",48.8125,2.36141,Plein jour,En agglomération,Hors intersection,Normale,Autre collision,,,,,,,,,,,1,2,1,1.0,6.0
201000053073,0010-05-31 09:00:00,10,5,31,9,0,940,37,36T DI G LECLERC/3 PAROY,48.8122,2.35032,Plein jour,En agglomération,Intersection en X,Normale,Autre collision,,,,,,,,,,,1,2,2,1.0,6.0
201000053074,0010-05-31 11:45:00,10,5,31,11,45,940,76,"124 BIS, JEAN JAURES (R)",48.7887,2.36677,Plein jour,En agglomération,Hors intersection,Normale,Autre collision,,,,,,,,,,,1,2,1,1.0,6.0
201000053075,0010-05-31 19:35:00,10,5,31,19,35,940,3,"1, REIMS (R DE)",48.8106,2.33501,Plein jour,En agglomération,Hors intersection,Normale,Sans collision,,,,,,,,,,,1,2,1,1.0,7.0
201000053076,0010-06-01 10:15:00,10,6,1,10,15,940,76,"1, REPUBLIQUE (AV DE LA)",48.787,2.35258,Plein jour,En agglomération,Intersection en T,Normale,Deux véhicules - côté,,,,,,,,,,,1,2,3,1.0,3.0
201000053077,0010-06-03 12:55:00,10,6,3,12,55,940,43,"93, FONTAINEBLEAU (AV DE",48.8099,2.36241,Plein jour,En agglomération,Intersection en X,Normale,Deux véhicules - arrière,,,,,,,,,,,1,2,2,1.0,2.0
201000053078,0010-06-05 12:50:00,10,6,5,12,50,940,76,"1, MAXIME GORKI (BD)",48.7927,2.36926,Plein jour,En agglomération,Intersection en T,Normale,Deux véhicules - côté,,,,,,,,,,,1,2,3,1.0,3.0
201000053079,0010-06-07 16:05:00,10,6,7,16,5,940,76,"1, MARCEL GROSMESNIL (R)",48.7976,2.35486,Plein jour,En agglomération,Hors intersection,Normale,Sans collision,,,,,,,,,,,1,2,1,1.0,7.0
201000053080,0010-06-11 19:25:00,10,6,11,19,25,940,16,SAUSSAIES (R DES),48.7869,2.3369,Plein jour,En agglomération,Hors intersection,Normale,Autre collision,,,,,,,,,,,1,2,1,1.0,6.0
201000053081,0010-06-12 17:55:00,10,6,12,17,55,940,43,FONTAINEBLEAU/DELESCLUZE,48.8128,2.36145,Plein jour,En agglomération,Intersection en T,Normale,Autre collision,,,,,,,,,,,1,2,3,1.0,6.0
201000053082,0010-06-14 12:40:00,10,6,14,12,40,940,76,"17, PAUL VAILLANT COUTUR",48.7959,2.36839,Plein jour,En agglomération,Intersection en X,Normale,Deux véhicules - côté,,,,,,,,,,,1,2,2,1.0,3.0
201000053083,0010-06-15 11:45:00,10,6,15,11,45,940,43,"27, CHARLES GIDE (AV)",48.8071,2.35271,Plein jour,En agglomération,Hors intersection,Normale,Autre collision,,,,,,,,,,,1,2,1,1.0,6.0
201000053084,0010-06-19 04:50:00,10,6,19,4,50,940,3,"106, JEAN JAURES (AV)",48.8111,2.33709,Nuit avec éclairage allumé,En agglomération,Hors intersection,Pluie légère,Autre collision,,,,,,,,,,,5,2,1,2.0,6.0
201000053085,0010-06-21 15:30:00,10,6,21,15,30,940,37,"2, JEAN JAURES (AV)",48.815,2.34893,Plein jour,En agglomération,Intersection en X,Normale,Deux véhicules - côté,,,,,,,,,,,1,2,2,1.0,3.0
201000053086,0010-06-23 13:40:00,10,6,23,13,40,940,3,"1, LAPLACE (AV)",48.8076,2.33408,Plein jour,En agglomération,Hors intersection,Temps éblouissant,Deux véhicules - côté,,,,,,,,,,,1,2,1,7.0,3.0
201000053087,0010-06-24 18:30:00,10,6,24,18,30,940,3,"63, PAUL DOUMER (AV)",48.8044,2.33814,Plein jour,En agglomération,Intersection en X,Normale,Deux véhicules - côté,,,,,,,,,,,1,2,2,1.0,3.0
201000053088,0010-06-25 20:15:00,10,6,25,20,15,940,3,"1, VOLTAIRE (R)",48.8108,2.33415,Plein jour,En agglomération,Intersection en X,Normale,Autre collision,,,,,,,,,,,1,2,2,1.0,6.0
201000053089,0010-06-26 06:30:00,10,6,26,6,30,940,76,PAUL VAILLANT COUTURIER,48.7949,2.36637,Plein jour,En agglomération,Intersection en X,Normale,Sans collision,,,,,,,,,,,1,2,2,1.0,7.0
201000053090,0010-06-28 06:20:00,10,6,28,6,20,940,16,"1, EUROPE (AV DE L)",48.7862,2.32551,Plein jour,En agglomération,Intersection en T,Normale,Sans collision,,,,,,,,,,,1,2,3,1.0,7.0
201000053091,0010-07-02 16:00:00,10,7,2,16,0,940,3,"17, PAUL VAILLANT COUTUR",48.8021,2.33863,Plein jour,En agglomération,Hors intersection,Normale,Deux véhicules - côté,,,,,,,,,,,1,2,1,1.0,3.0
201000053092,0010-07-03 14:30:00,10,7,3,14,30,940,3,"24, AV ARISTIDE BRIAND",48.8088,2.32634,Plein jour,En agglomération,Hors intersection,Normale,Deux véhicules - arrière,,,,,,,,,,,1,2,1,1.0,2.0
201000053093,0010-07-04 09:55:00,10,7,4,9,55,940,76,AV M.GORKI/R J.B CLEMENT,48.796,2.36857,Plein jour,En agglomération,Intersection en X,Temps éblouissant,Deux véhicules - côté,,,,,,,,,,,1,2,2,7.0,3.0
201000053094,0010-07-05 14:40:00,10,7,5,14,40,940,3,"36,AV LAPLACE",48.8081,2.33265,Plein jour,En agglomération,Hors intersection,Normale,Deux véhicules - arrière,,,,,,,,,,,1,2,1,1.0,2.0
201000053095,0010-07-05 18:35:00,10,7,5,18,35,940,43,"3,  RUE VERDUN",48.8093,2.35819,Plein jour,En agglomération,Hors intersection,Normale,Deux véhicules - côté,,,,,,,,,,,1,2,1,1.0,3.0
201000053096,0010-07-07 17:30:00,10,7,7,17,30,940,3,"80, AV P. V COUTURIER",48.799,2.34509,Plein jour,En agglomération,Hors intersection,Normale,Trois véhicules et plus - en chaîne,,,,,,,,,,,1,2,1,1.0,4.0
201000053097,0010-07-08 07:35:00,10,7,8,7,35,940,3,"41,AV A.BRIAND/ MODERNE",48.8082,2.32638,Plein jour,En agglomération,Intersection en T,Normale,Deux véhicules - arrière,,,,,,,,,,,1,2,3,1.0,2.0
201000053098,0010-07-08 14:35:00,10,7,8,14,35,940,37,"35, R MARNER/R FRIEBERG",48.8161,2.3455,Plein jour,En agglomération,Intersection en T,Normale,Deux véhicules - côté,,,,,,,,,,,1,2,3,1.0,3.0
201000053099,0010-07-12 12:05:00,10,7,12,12,5,940,37,R DU SOLEIL LEVANT,48.8084,2.34545,Plein jour,En agglomération,Hors intersection,Normale,Deux véhicules - arrière,,,,,,,,,,,1,2,1,1.0,2.0
201000053100,0010-07-13 16:50:00,10,7,13,16,50,940,76,"9, BD MAXIME GORKI",48.7989,2.36704,Plein jour,En agglomération,Hors intersection,Normale,Deux véhicules - arrière,,,,,,,,,,,1,2,1,1.0,2.0
201000053101,0010-07-13 20:45:00,10,7,13,20,45,940,76,AV C FABIEN/AV  L.ARAGON,48.7886,2.37528,Plein jour,En agglomération,Intersection en X,Normale,Autre collision,,,,,,,,,,,1,2,2,1.0,6.0
201000053102,0010-07-14 19:30:00,10,7,14,19,30,940,43,AV EUGENE THOMAS,48.8098,2.36001,Plein jour,En agglomération,Hors intersection,Normale,Sans collision,,,,,,,,,,,1,2,1,1.0,7.0
201000053103,0010-07-22 11:30:00,10,7,22,11,30,940,76,"40, M.GORKI/JB CLEMENT",48.796,2.36857,Plein jour,En agglomération,Intersection en X,Normale,Sans collision,,,,,,,,,,,1,2,2,1.0,7.0
201000053104,0010-07-28 09:05:00,10,7,28,9,5,940,16,"18, R LEON BLOY",48.7866,2.32396,Plein jour,En agglomération,Hors intersection,Normale,Deux véhicules - côté,,,,,,,,,,,1,2,1,1.0,3.0
201000053105,0010-07-28 16:20:00,10,7,28,16,20,940,3,AV M JOINVILLE,48.8034,2.34151,Plein jour,En agglomération,Hors intersection,Normale,Sans collision,,,,,,,,,,,1,2,1,1.0,7.0
201000053106,0010-07-29 10:45:00,10,7,29,10,45,940,3,"1, A.BRIAND/MANDELA",48.8109,2.32662,Plein jour,En agglomération,Intersection en T,Normale,Autre collision,,,,,,,,,,,1,2,3,1.0,6.0
201000053107,0010-07-30 09:30:00,10,7,30,9,30,940,37,"157,P.V.COUTURIER",48.8155,2.34454,Plein jour,En agglomération,Intersection en T,Normale,Deux véhicules - côté,,,,,,,,,,,1,2,3,1.0,3.0
201000053108,0010-07-30 20:00:00,10,7,30,20,0,940,76,"5, R DE LA LIBERTE",48.8052,2.36938,Plein jour,En agglomération,Hors intersection,Normale,Sans collision,,,,,,,,,,,1,2,1,1.0,7.0
201000053109,0010-07-30 22:00:00,10,7,30,22,0,940,76,"2, M.GORKI/P.V COUTURIER",48.7959,2.36839,Nuit avec éclairage allumé,En agglomération,Intersection en X,Normale,Deux véhicules - côté,,,,,,,,,,,5,2,2,1.0,3.0
201000053110,0010-07-31 01:00:00,10,7,31,1,0,940,76,"1, M.GORKI/P.V COUTURIER",48.7959,2.36833,Nuit avec éclairage allumé,En agglomération,Intersection en X,Normale,Deux véhicules - côté,,,,,,,,,,,5,2,2,1.0,3.0
201000053111,0010-08-01 12:50:00,10,8,1,12,50,940,16,"129, AV ARISTIDE BRIAND",48.7978,2.32233,Plein jour,En agglomération,Hors intersection,Normale,Deux véhicules - côté,,,,,,,,,,,1,2,1,1.0,3.0
201000053112,0010-08-02 21:30:00,10,8,2,21,30,940,16,R GABRIEL PERI,48.7911,2.34362,Crépuscule ou aube,En agglomération,Hors intersection,Normale,Sans collision,,,,,,,,,,,2,2,1,1.0,7.0
201000053113,0010-08-03 22:45:00,10,8,3,22,45,940,3,COL FABIEN / TRUBERT,48.8007,2.33735,Nuit avec éclairage allumé,En agglomération,Intersection en T,Normale,Deux véhicules - côté,,,,,,,,,,,5,2,3,1.0,3.0
201000053114,0010-08-05 16:35:00,10,8,5,16,35,940,76,"80, R JEAN JAURES",48.7912,2.36665,Plein jour,En agglomération,Hors intersection,Normale,Autre collision,,,,,,,,,,,1,2,1,1.0,6.0
201000053115,0010-08-06 15:45:00,10,8,6,15,45,940,43,"92, AV DE FONTAINEBLEAU",48.8111,2.36184,Plein jour,En agglomération,Hors intersection,Normale,Autre collision,,,,,,,,,,,1,2,1,1.0,6.0
201000053116,0010-08-11 18:50:00,10,8,11,18,50,940,76,"175, BD MAXIME GORKI",48.7876,2.36782,Plein jour,En agglomération,Hors intersection,Pluie légère,Trois véhicules et plus - en chaîne,,,,,,,,,,,1,2,1,2.0,4.0
201000053117,0010-08-13 21:15:00,10,8,13,21,15,940,43,137FONTAINEBLEAU/R LECH,48.8076,2.36307,Crépuscule ou aube,En agglomération,Intersection en T,Pluie légère,Deux véhicules - arrière,,,,,,,,,,,2,2,3,2.0,2.0
201000053118,0010-08-16 12:00:00,10,8,16,12,0,940,76,"40,BD GORKI / AV COUTURI",48.7959,2.36833,Plein jour,En agglomération,Intersection en X,Pluie légère,Deux véhicules - côté,,,,,,,,,,,1,2,2,2.0,3.0
201000053119,0010-08-16 13:00:00,10,8,16,13,0,940,76,"108, AV DE STALINGRAD",48.7825,2.36701,Plein jour,Hors agglomération,Hors intersection,Pluie légère,Trois véhicules et plus - en chaîne,,,,,,,,,,,1,1,1,2.0,4.0
201000053120,0010-08-16 16:30:00,10,8,16,16,30,940,37,"25, R DU VAL DE MARNE",48.816,2.34652,Plein jour,En agglomération,Hors intersection,Temps couvert,Sans collision,,,,,,,,,,,1,2,1,8.0,7.0
201000053121,0010-08-17 10:20:00,10,8,17,10,20,940,43,FONTAINEBLEAU/CONVENTION,48.8128,2.36131,Plein jour,En agglomération,Intersection en T,Normale,Autre collision,,,,,,,,,,,1,2,3,1.0,6.0
201000053122,0010-08-23 17:50:00,10,8,23,17,50,940,43,"42, AV DE FONTAINEBLEAU",48.8132,2.36118,Plein jour,En agglomération,Hors intersection,Normale,Trois véhicules et plus - collisions multiples,,,,,,,,,,,1,2,1,1.0,5.0
201000053123,0010-08-28 23:00:00,10,8,28,23,0,940,76,"12,COUTURIER / FLAUBERT",48.7949,2.36472,Nuit avec éclairage allumé,En agglomération,Intersection en T,Normale,Deux véhicules - frontale,,,,,,,,,,,5,2,3,1.0,1.0
201000053124,0010-08-30 08:00:00,10,8,30,8,0,940,43,FONTAINEBLEAU/E.THOMAS,48.8098,2.3622,Plein jour,En agglomération,Intersection en X,Normale,Deux véhicules - arrière,,,,,,,,,,,1,2,2,1.0,2.0
201000053125,0010-08-30 18:50:00,10,8,30,18,50,940,43,"27,R ANATOLE FRANCE",48.808,2.36059,Plein jour,En agglomération,Hors intersection,Normale,Autre collision,,,,,,,,,,,1,2,1,1.0,6.0
201000053126,0010-08-31 19:30:00,10,8,31,19,30,940,37,"54, AV LENINE",48.8162,2.33343,Crépuscule ou aube,En agglomération,Hors intersection,Normale,Deux véhicules - côté,,,,,,,,,,,2,2,1,1.0,3.0
201000053127,0010-09-02 01:20:00,10,9,2,1,20,940,43,"93, AV DE FONTAINEBLEAU",48.8098,2.36244,Nuit sans éclairage public,En agglomération,Hors intersection,Normale,Deux véhicules - arrière,,,,,,,,,,,3,2,1,1.0,2.0
201000053128,0010-09-02 13:55:00,10,9,2,13,55,940,37,JAURES/PAROY,48.813,2.35132,Plein jour,En agglomération,Intersection en T,Normale,Deux véhicules - côté,,,,,,,,,,,1,2,3,1.0,3.0
201000053129,0010-09-03 17:10:00,10,9,3,17,10,940,16,RUES F.RUDE/SAUSSAIES,48.788,2.33377,Plein jour,En agglomération,Intersection en X,Normale,Autre collision,,,,,,,,,,,1,2,2,1.0,6.0
201000053130,0010-09-05 03:00:00,10,9,5,3,0,940,76,"131, AV DE PARIS",48.801,2.36525,Nuit avec éclairage allumé,En agglomération,Hors intersection,Normale,Sans collision,,,,,,,,,,,5,2,1,1.0,7.0
201000053131,0010-09-07 14:10:00,10,9,7,14,10,940,3,3EME AVENUE,48.8124,2.33518,Plein jour,En agglomération,Hors intersection,Normale,Autre collision,,,,,,,,,,,1,2,1,1.0,6.0
201000053132,0010-09-07 15:40:00,10,9,7,15,40,940,3,BERTHOLLE/DURAND,48.8044,2.32918,Plein jour,En agglomération,Intersection en X,Normale,Deux véhicules - côté,,,,,,,,,,,1,2,2,1.0,3.0