accident_id,datetime,annee,mois,jour,heure,minute,departement,commune_insee,adresse,latitude,longitude,luminosite,agglomeration,intersection,meteo,collision,nb_vehicules,nb_usagers,nb_indemnes,nb_tues,nb_blesses_hosp,nb_blesses_legers,age_cond_1,age_cond_2,veh_type_cond_1,veh_type_cond_2,lum_code,agg_code,int_code,atm_code,col_code
201000053133,0010-09-08 09:10:00,10,9,8,9,10,940,3,"1, LAPLACE/FOURNIERE",48.8077,2.33378,Plein jour,En agglomération,Intersection en T,Pluie légère,Autre collision,,,,,,,,,,,1,2,3,2.0,6.0
201000053134,0010-09-09 07:10:00,10,9,9,7,10,940,76,"115, BD MAXIME GORKI",48.7928,2.36936,Plein jour,Hors agglomération,Hors intersection,Normale,Trois véhicules et plus - collisions multiples,,,,,,,,,,,1,1,1,1.0,5.0
201000053135,0010-09-10 11:20:00,10,9,10,11,20,940,3,"95,AV ARISTIDE BRIAND",48.8038,2.3248,Plein jour,En agglomération,Hors intersection,Normale,Autre collision,,,,,,,,,,,1,2,1,1.0,6.0
201000053136,0010-09-10 12:45:00,10,9,10,12,45,940,76,"1, AV KARL MARX",48.7845,2.36051,Plein jour,Hors agglomération,Hors intersection,Normale,Autre collision,,,,,,,,,,,1,1,1,1.0,6.0
201000053137,0010-09-10 19:20:00,10,9,10,19,20,940,76,"141, AV DE PARIS",48.8004,2.36529,Plein jour,En agglomération,Hors intersection,Normale,Sans collision,,,,,,,,,,,1,2,1,1.0,7.0
201000053138,0010-09-11 18:15:00,10,9,11,18,15,940,76,"1, Y GAGARINE/ CHEVILLY",48.7809,2.35544,Plein jour,En agglomération,Intersection en X,Normale,Trois véhicules et plus - collisions multiples,,,,,,,,,,,1,2,2,1.0,5.0
201000053139,0010-09-16 01:50:00,10,9,16,1,50,940,76,"116, AV DE STALINGRAD",48.7823,2.36701,Nuit avec éclairage allumé,En agglomération,Hors intersection,Pluie légère,Sans collision,,,,,,,,,,,5,2,1,2.0,7.0
201000053140,0010-09-17 12:40:00,10,9,17,12,40,940,16,PROVIGNY/CARNOT,48.7968,2.33113,Plein jour,En agglomération,Intersection en X,Normale,Deux véhicules - côté,,,,,,,,,,,1,2,2,1.0,3.0
201000053141,0010-09-20 12:35:00,10,9,20,12,35,940,16,R DESMOULINS/R GALLIENI,48.7948,2.33502,Plein jour,En agglomération,Intersection en X,Normale,Autre collision,,,,,,,,,,,1,2,2,1.0,6.0
201000053142,0010-09-22 01:35:00,10,9,22,1,35,940,76,AV STALINGRAD/R TREMBLAY,48.7794,2.3672,Nuit avec éclairage allumé,En agglomération,Intersection en X,Normale,Deux véhicules - côté,,,,,,,,,,,5,2,2,1.0,3.0
201000053143,0010-09-22 21:10:00,10,9,22,21,10,940,37,AV RASPAIL/JEAN JAURES,48.8142,2.34976,Nuit avec éclairage allumé,En agglomération,Intersection en X,Normale,Autre collision,,,,,,,,,,,5,2,2,1.0,6.0
201000053144,0010-09-24 15:45:00,10,9,24,15,45,940,3,AV DOUMER / AV STALINGRA,48.807,2.33593,Plein jour,En agglomération,Intersection à plus de 4 branches,Pluie légère,Deux véhicules - côté,,,,,,,,,,,1,2,5,2.0,3.0
201000053145,0010-09-24 17:00:00,10,9,24,17,0,940,76,"52, AV LOUIS ARAGON",48.7886,2.37451,Plein jour,En agglomération,Hors intersection,Normale,Deux véhicules - frontale,,,,,,,,,,,1,2,1,1.0,1.0
201000053146,0010-09-24 22:15:00,10,9,24,22,15,940,16,R DESMOULINS/AV GEORGEON,48.7937,2.3338,Nuit avec éclairage allumé,En agglomération,Intersection en X,Temps couvert,Deux véhicules - côté,,,,,,,,,,,5,2,2,8.0,3.0
201000053147,0010-09-27 17:00:00,10,9,27,17,0,940,76,"04, AV KARL MARX",48.7845,2.36228,Plein jour,En agglomération,Hors intersection,Normale,Sans collision,,,,,,,,,,,1,2,1,1.0,7.0
201000053148,0010-09-27 19:26:00,10,9,27,19,26,940,3,"63, AV ARISTIDE BRIAND",48.8062,2.32576,Crépuscule ou aube,En agglomération,Hors intersection,Normale,Autre collision,,,,,,,,,,,2,2,1,1.0,6.0
201000053149,0010-09-30 10:50:00,10,9,30,10,50,940,43,"1, FONTAINEBLEAU/GAULLE",48.8157,2.36047,Plein jour,En agglomération,Intersection à plus de 4 branches,Pluie légère,Deux véhicules - arrière,,,,,,,,,,,1,2,5,2.0,2.0
201000053150,0010-10-01 11:50:00,10,10,1,11,50,940,76,STALINGRAD/FONTAINEBLEAU,,,Plein jour,En agglomération,Intersection en X,Normale,Deux véhicules - côté,,,,,,,,,,,1,2,2,1.0,3.0
201000053151,0010-10-04 07:50:00,10,10,4,7,50,940,76,"2, AV LOUIS ARAGON",,,Plein jour,En agglomération,Hors intersection,Pluie légère,Deux véhicules - côté,,,,,,,,,,,1,2,1,2.0,3.0
201000053152,0010-10-05 06:30:00,10,10,5,6,30,940,16,"75, AV CARNOT",,,Crépuscule ou aube,Hors agglomération,Hors intersection,Pluie légère,Deux véhicules - côté,,,,,,,,,,,2,1,1,2.0,3.0
201000053153,0010-10-05 17:10:00,10,10,5,17,10,940,43,BD C.DE GERY/R DE VERDUN,,,Plein jour,En agglomération,Intersection à plus de 4 branches,Pluie légère,Deux véhicules - frontale,,,,,,,,,,,1,2,5,2.0,1.0
201000053154,0010-10-11 09:13:00,10,10,11,9,13,940,3,"9, AV PAUL DOUMER",,,Plein jour,En agglomération,Hors intersection,Normale,Autre collision,,,,,,,,,,,1,2,1,1.0,6.0
201000053155,0010-10-14 19:35:00,10,10,14,19,35,940,37,AV JEAN JAURES,,,Nuit avec éclairage allumé,Hors agglomération,Hors intersection,Normale,Deux véhicules - côté,,,,,,,,,,,5,1,1,1.0,3.0
201000053156,0010-10-15 12:15:00,10,10,15,12,15,940,3,P.V COUTURIER/A.DELAUNE,,,Plein jour,En agglomération,Intersection en X,Normale,Autre collision,,,,,,,,,,,1,2,2,1.0,6.0
201000053157,0010-10-15 21:00:00,10,10,15,21,0,940,37,R DE VERDUN/AV GALLIENI,,,Nuit avec éclairage allumé,En agglomération,Intersection en Y,Pluie légère,Deux véhicules - frontale,,,,,,,,,,,5,2,4,2.0,1.0
201000053158,0010-10-18 16:00:00,10,10,18,16,0,940,3,AV P.VALLANT COUTURIER,,,Plein jour,Hors agglomération,Hors intersection,Normale,Deux véhicules - côté,,,,,,,,,,,1,1,1,1.0,3.0
201000053159,0010-10-18 15:45:00,10,10,18,15,45,940,76,AV DE STALINGRAD,,,Plein jour,En agglomération,Hors intersection,Normale,Deux véhicules - côté,,,,,,,,,,,1,2,1,1.0,3.0
201000053160,0010-10-19 10:55:00,10,10,19,10,55,940,76,R JEAN JAURES,,,Plein jour,En agglomération,Hors intersection,Normale,Autre collision,,,,,,,,,,,1,2,1,1.0,6.0
201000053161,0010-10-23 16:20:00,10,10,23,16,20,940,76,AV DE DIVISION LECLERC,,,Plein jour,En agglomération,Hors intersection,Normale,Autre collision,,,,,,,,,,,1,2,1,1.0,6.0
201000053162,0010-10-23 16:00:00,10,10,23,16,0,940,3,"71, AV ARISTIDE BRIAND",,,Plein jour,En agglomération,Hors intersection,Normale,Deux véhicules - arrière,,,,,,,,,,,1,2,1,1.0,2.0
201000053163,0010-10-23 17:50:00,10,10,23,17,50,940,37,R M.BERTHELOT/AV RASPAIL,,,Plein jour,En agglomération,Intersection en Y,Temps couvert,Sans collision,,,,,,,,,,,1,2,4,8.0,7.0
201000053164,0010-10-24 14:17:00,10,10,24,14,17,940,43,AV DE FONTAINEBLEAU,,,Plein jour,En agglomération,Hors intersection,Normale,Autre collision,,,,,,,,,,,1,2,1,1.0,6.0
201000053165,0010-10-26 02:00:00,10,10,26,2,0,940,76,BD M.GORKI/AV COUTURIER,,,Nuit avec éclairage allumé,En agglomération,Intersection en X,Normale,Deux véhicules - côté,,,,,,,,,,,5,2,2,1.0,3.0
201000053166,0010-10-26 16:00:00,10,10,26,16,0,940,76,AV DE STALINGRAD,,,Plein jour,Hors agglomération,Hors intersection,Normale,Sans collision,,,,,,,,,,,1,1,1,1.0,7.0
201000053167,0010-10-26 17:25:00,10,10,26,17,25,940,3,1ERE AVENUE,,,Plein jour,En agglomération,Hors intersection,Normale,Autre collision,,,,,,,,,,,1,2,1,1.0,6.0
201000053168,0010-10-27 16:20:00,10,10,27,16,20,940,16,R C.DESMOULINS/R MDORMOY,,,Plein jour,Hors agglomération,Intersection en X,Normale,Deux véhicules - arrière,,,,,,,,,,,1,1,2,1.0,2.0
201000053169,0010-10-28 14:50:00,10,10,28,14,50,940,43,R EDMOND MICHELET,,,Plein jour,En agglomération,Hors intersection,Normale,Deux véhicules - côté,,,,,,,,,,,1,2,1,1.0,3.0
201000053170,0010-10-28 16:15:00,10,10,28,16,15,940,16,R LEON BLOY/AV  WILSON,,,Plein jour,Hors agglomération,Intersection en X,Normale,Trois véhicules et plus - en chaîne,,,,,,,,,,,1,1,2,1.0,4.0
201000053171,0010-10-30 15:00:00,10,10,30,15,0,940,76,"112, R JEAN JAURES",,,Plein jour,En agglomération,Hors intersection,Pluie légère,Deux véhicules - côté,,,,,,,,,,,1,2,1,2.0,3.0
201000053172,0010-10-31 21:40:00,10,10,31,21,40,940,76,AV STALINGRAD/R VILLAS,,,Nuit avec éclairage allumé,Hors agglomération,Intersection en X,Normale,Deux véhicules - côté,,,,,,,,,,,5,1,2,1.0,3.0
201000053173,0010-11-02 18:40:00,10,11,2,18,40,940,76,VAILLANT COUT/R GRIFFU,,,Nuit avec éclairage allumé,En agglomération,Intersection en X,Pluie légère,Deux véhicules - frontale,,,,,,,,,,,5,2,2,2.0,1.0
201000053174,0010-11-06 13:15:00,10,11,6,13,15,940,37,AV RASPAIL/JEAN JAURES,,,Plein jour,En agglomération,Intersection en X,Pluie légère,Autre collision,,,,,,,,,,,1,2,2,2.0,6.0
201000053175,0010-11-08 15:30:00,10,11,8,15,30,940,37,"47, RASPAIL",,,Plein jour,En agglomération,Intersection en X,Pluie légère,Deux véhicules - côté,,,,,,,,,,,1,2,2,2.0,3.0
201000053176,0010-11-08 15:30:00,10,11,8,15,30,940,76,"07,BD CHASTENET DE GERY",,,Plein jour,En agglomération,Hors intersection,Pluie légère,Autre collision,,,,,,,,,,,1,2,1,2.0,6.0
201000053177,0010-11-09 17:30:00,10,11,9,17,30,940,76,AV PARIS / R DAUPHIN,,,Nuit avec éclairage allumé,En agglomération,Intersection en T,Normale,Deux véhicules - côté,,,,,,,,,,,5,2,3,1.0,3.0
201000053178,0010-11-09 17:30:00,10,11,9,17,30,940,3,"57, DOCTEUR DURAND",,,Nuit avec éclairage allumé,En agglomération,Hors intersection,Pluie légère,Sans collision,,,,,,,,,,,5,2,1,2.0,7.0
201000053179,0010-11-11 16:40:00,10,11,11,16,40,940,76,"52,BD GORKI/PV COUTURIER",,,Plein jour,En agglomération,Intersection en X,Pluie légère,Deux véhicules - côté,,,,,,,,,,,1,2,2,2.0,3.0
201000053180,0010-11-15 08:05:00,10,11,15,8,5,940,76,"01, R MARCEL GROSMENIL",,,Plein jour,En agglomération,Hors intersection,Normale,Autre collision,,,,,,,,,,,1,2,1,1.0,6.0
201000053181,0010-11-17 18:15:00,10,11,17,18,15,940,16,"34, R CAMILLE DESMOULINS",,,Nuit avec éclairage allumé,En agglomération,Hors intersection,Normale,Autre collision,,,,,,,,,,,5,2,1,1.0,6.0
201000053182,0010-11-18 08:45:00,10,11,18,8,45,940,3,"1, PAUL VAILLANT COUTURI",,,Plein jour,En agglomération,Hors intersection,Pluie légère,Deux véhicules - arrière,,,,,,,,,,,1,2,1,2.0,2.0
201000053183,0010-11-18 09:00:00,10,11,18,9,0,940,76,AV STALINGRAD/R PASCAL,,,Plein jour,En agglomération,Intersection en T,Normale,Deux véhicules - côté,,,,,,,,,,,1,2,3,1.0,3.0
201000053184,0010-11-18 09:00:00,10,11,18,9,0,940,3,"63, DIVISION DU GENERAL",,,Plein jour,En agglomération,Hors intersection,Pluie légère,Sans collision,,,,,,,,,,,1,2,1,2.0,7.0
201000053185,0010-11-18 15:50:00,10,11,18,15,50,940,43,"6, R MARCEL SEMBAT",,,Plein jour,En agglomération,Hors intersection,Normale,Sans collision,,,,,,,,,,,1,2,1,1.0,7.0
201000053186,0010-11-18 18:50:00,10,11,18,18,50,940,43,FONTAINEBLEAU/,,,Nuit avec éclairage allumé,En agglomération,Intersection en X,Temps couvert,Autre collision,,,,,,,,,,,5,2,2,8.0,6.0
201000053187,0010-11-19 19:20:00,10,11,19,19,20,940,37,"82, AV RASPAIL",,,Nuit avec éclairage allumé,En agglomération,Hors intersection,Pluie légère,Deux véhicules - côté,,,,,,,,,,,5,2,1,2.0,3.0
201000053188,0010-11-19 21:00:00,10,11,19,21,0,940,76,R  DELAUNE/,,,Nuit avec éclairage allumé,En agglomération,Intersection en X,Normale,Deux véhicules - côté,,,,,,,,,,,5,2,2,1.0,3.0
201000053189,0010-11-23 20:10:00,10,11,23,20,10,940,76,"3, AV LOUIS ARAGON",,,Nuit avec éclairage allumé,En agglomération,Hors intersection,Normale,Sans collision,,,,,,,,,,,5,2,1,1.0,7.0
201000053190,0010-11-30 19:35:00,10,11,30,19,35,940,76,AV LOUIS ARAGON,,,Nuit avec éclairage allumé,En agglomération,Intersection en X,Normale,Deux véhicules - côté,,,,,,,,,,,5,2,2,1.0,3.0
201000053191,0010-12-03 20:45:00,10,12,3,20,45,940,37,R EDOUARD TREMBLAY,,,Nuit sans éclairage public,En agglomération,Hors intersection,Normale,Trois véhicules et plus - collisions multiples,,,,,,,,,,,3,2,1,1.0,5.0
201000053192,0010-12-07 08:55:00,10,12,7,8,55,940,76,"07, AV DE PARIS",,,Plein jour,Hors agglomération,Hors intersection,Temps couvert,Sans collision,,,,,,,,,,,1,1,1,8.0,7.0
201000053193,0010-12-07 13:45:00,10,12,7,13,45,940,76,AV PARIS/R A.CROIZAT,,,Plein jour,En agglomération,Intersection en X,Neige / grêle,Sans collision,,,,,,,,,,,1,2,2,4.0,7.0
201000053194,0010-12-08 19:05:00,10,12,8,19,5,940,16,"55, AV CARNOT",,,Nuit avec éclairage allumé,En agglomération,Hors intersection,Neige / grêle,Deux véhicules - arrière,,,,,,,,,,,5,2,1,4.0,2.0
201000053195,0010-12-11 19:00:00,10,12,11,19,0,940,3,AV COUTURIER/AV G.PERI,,,Nuit avec éclairage allumé,En agglomération,Intersection en X,Pluie légère,Sans collision,,,,,,,,,,,5,2,2,2.0,7.0
201000053196,0010-12-14 19:55:00,10,12,14,19,55,940,76,AV L.ARAGON/AV C.FABIEN,,,Nuit avec éclairage allumé,Hors agglomération,Intersection en X,Normale,Deux véhicules - côté,,,,,,,,,,,5,1,2,1.0,3.0
201000053197,0010-12-15 12:00:00,10,12,15,12,0,940,76,STALINGRAD/LECLERC,,,Plein jour,En agglomération,Intersection en X,Normale,Deux véhicules - arrière,,,,,,,,,,,1,2,2,1.0,2.0
201000053198,0010-12-17 17:40:00,10,12,17,17,40,940,3,67 AV ARISTIDE BRIAND,,,Nuit avec éclairage allumé,Hors agglomération,Intersection en T,Neige / grêle,Deux véhicules - côté,,,,,,,,,,,5,1,3,4.0,3.0
201000053199,0010-12-20 18:20:00,10,12,20,18,20,940,3,"29, AV LAPLACE",,,Nuit avec éclairage allumé,En agglomération,Hors intersection,Pluie légère,Deux véhicules - frontale,,,,,,,,,,,5,2,1,2.0,1.0
201000053200,0010-12-21 08:30:00,10,12,21,8,30,940,76,"23, R SAINTE-COLOMBE",,,Plein jour,En agglomération,Hors intersection,Neige / grêle,Sans collision,,,,,,,,,,,1,2,1,4.0,7.0
201000053201,0010-12-29 19:45:00,10,12,29,19,45,940,76,AV KARL MARX,,,Nuit avec éclairage allumé,En agglomération,Hors intersection,Normale,Autre collision,,,,,,,,,,,5,2,1,1.0,6.0
201000053202,0010-01-04 08:00:00,10,1,4,8,0,940,73,VERSAILLES (AV DE),48.7584,2.39287,Plein jour,En agglomération,Intersection en X,Autre,Autre collision,,,,,,,,,,,1,2,2,9.0,6.0
201000053203,0010-01-04 13:35:00,10,1,4,13,35,940,65,"7, MONTLHERY (R DE)",48.7439,2.35686,Plein jour,En agglomération,Hors intersection,Normale,Autre collision,,,,,,,,,,,1,2,1,1.0,6.0
201000053204,0010-01-14 11:45:00,10,1,14,11,45,940,21,STALINGRAD (AV DE),48.7639,2.3681,Plein jour,En agglomération,Intersection en Y,Normale,Deux véhicules - arrière,,,,,,,,,,,1,2,4,1.0,2.0
201000053205,0010-01-16 17:45:00,10,1,16,17,45,940,34,MOISSONS (R DES),48.7535,2.32829,Nuit avec éclairage allumé,En agglomération,Intersection en X,Pluie forte,Autre collision,,,,,,,,,,,5,2,2,3.0,6.0
201000053206,0010-01-19 16:45:00,10,1,19,16,45,940,38,"44/50, GENERAL DE GAULLE",48.7822,2.34362,Plein jour,En agglomération,Hors intersection,Normale,Autre collision,,,,,,,,,,,1,2,1,1.0,6.0
201000053207,0010-01-26 05:40:00,10,1,26,5,40,940,21,RUE DU VIADUC,48.7609,2.34924,Nuit avec éclairage allumé,En agglomération,Intersection en X,Normale,Deux véhicules - côté,,,,,,,,,,,5,2,2,1.0,3.0
201000053208,0010-01-26 13:55:00,10,1,26,13,55,940,21,STALINGRAD (AV DE),48.7719,2.36759,Plein jour,En agglomération,Intersection en T,Normale,Autre collision,,,,,,,,,,,1,2,3,1.0,6.0
201000053209,0010-01-26 21:40:00,10,1,26,21,40,940,21,GENERAL DE GAULLE (AV DU,48.7717,2.35682,Nuit avec éclairage allumé,En agglomération,Intersection en X,Normale,Autre collision,,,,,,,,,,,5,2,2,1.0,6.0
201000053210,0010-01-30 20:30:00,10,1,30,20,30,940,21,STALINGRAD (AV DE),48.7688,2.36786,Nuit avec éclairage allumé,En agglomération,Intersection en X,Normale,Autre collision,,,,,,,,,,,5,2,2,1.0,6.0
201000053211,0010-02-02 19:30:00,10,2,2,19,30,940,65,CHARLES LINDBERGH (AV),48.7474,2.35789,Nuit avec éclairage allumé,En agglomération,Intersection en T,Pluie légère,Deux véhicules - arrière,,,,,,,,,,,5,2,3,2.0,2.0
201000053212,0010-02-08 13:05:00,10,2,8,13,5,940,65,CHARLES LINDBERGH (AV),48.7573,2.34497,Plein jour,En agglomération,Hors intersection,Pluie légère,Deux véhicules - arrière,,,,,,,,,,,1,2,1,2.0,2.0
201000053213,0010-02-11 16:40:00,10,2,11,16,40,940,73,BAS MARIN (R DU),48.754,2.38631,Plein jour,En agglomération,Hors intersection,Neige / grêle,Deux véhicules - arrière,,,,,,,,,,,1,2,1,4.0,2.0
201000053214,0010-02-12 17:45:00,10,2,12,17,45,940,73,BD DU MIDI (CCR EPINE),48.755,2.37325,Plein jour,En agglomération,Intersection en X,Normale,Deux véhicules - côté,,,,,,,,,,,1,2,2,1.0,3.0
201000053215,0010-02-16 15:20:00,10,2,16,15,20,940,65,REPUBLIQUE (AV DE LA),48.7507,2.35278,Plein jour,En agglomération,Hors intersection,Normale,Deux véhicules - côté,,,,,,,,,,,1,2,1,1.0,3.0
201000053216,0010-02-15 09:00:00,10,2,15,9,0,940,21,CITE (AV DE LA),48.7608,2.36084,Plein jour,En agglomération,Hors intersection,Temps couvert,Autre collision,,,,,,,,,,,1,2,1,8.0,6.0
201000053217,0010-02-18 16:05:00,10,2,18,16,5,940,21,"10, RUE DU SÉMINAIRE",48.7618,2.36232,Plein jour,En agglomération,Hors intersection,Normale,Deux véhicules - côté,,,,,,,,,,,1,2,1,1.0,3.0
201000053218,0010-02-19 19:20:00,10,2,19,19,20,940,38,BICETRE (R DE),48.7739,2.35186,Nuit avec éclairage allumé,En agglomération,Intersection en X,Normale,Autre collision,,,,,,,,,,,5,2,2,1.0,6.0
201000053219,0010-02-26 09:00:00,10,2,26,9,0,940,34,ROOSEVELT (ROND POINT),48.7577,2.3294,Plein jour,En agglomération,Giratoire,Pluie forte,Trois véhicules et plus - collisions multiples,,,,,,,,,,,1,2,6,3.0,5.0
201000053220,0010-02-27 21:00:00,10,2,27,21,0,940,73,FONTAINEBLEAU - CAR BELL,48.7549,2.36922,Nuit sans éclairage public,En agglomération,Hors intersection,Pluie légère,Sans collision,,,,,,,,,,,3,2,1,2.0,7.0
201000053221,0010-02-28 09:00:00,10,2,28,9,0,940,65,VANNE (R DE LA),48.755,2.35213,Plein jour,En agglomération,Hors intersection,Vent fort / tempête,Sans collision,,,,,,,,,,,1,2,1,6.0,7.0
201000053222,0010-02-28 18:10:00,10,2,28,18,10,940,21,ARMAND PETITJEAN (R),48.779,2.36714,Plein jour,En agglomération,Hors intersection,Normale,Deux véhicules - arrière,,,,,,,,,,,1,2,1,1.0,2.0
201000053223,0010-03-01 16:25:00,10,3,1,16,25,940,65,ROUTE NATIONALE 186,48.7538,2.36165,Plein jour,En agglomération,Hors intersection,Normale,Sans collision,,,,,,,,,,,1,2,1,1.0,7.0
201000053224,0010-03-03 21:40:00,10,3,3,21,40,940,73,STALINGRAD (BD DE),48.771,2.40116,Nuit avec éclairage allumé,En agglomération,Hors intersection,Normale,Sans collision,,,,,,,,,,,5,2,1,1.0,7.0
201000053225,0010-03-08 17:40:00,10,3,8,17,40,940,73,HELENE MULLER (R),48.7593,2.39663,Plein jour,En agglomération,Intersection en X,Normale,Deux véhicules - côté,,,,,,,,,,,1,2,2,1.0,3.0
201000053226,0010-03-10 18:45:00,10,3,10,18,45,940,73,"24, MARECHAL DE LATTRE D",48.7598,2.40365,Crépuscule ou aube,En agglomération,Hors intersection,Normale,Autre collision,,,,,,,,,,,2,2,1,1.0,6.0
201000053227,0010-03-11 19:45:00,10,3,11,19,45,940,38,"129, FLOUQUET (AV)",48.7694,2.32164,Nuit avec éclairage allumé,En agglomération,Intersection en T,Normale,Deux véhicules - côté,,,,,,,,,,,5,2,3,1.0,3.0
201000053228,0010-03-12 21:40:00,10,3,12,21,40,940,73,VERSAILLES (AV DE),48.761,2.40209,Nuit avec éclairage allumé,En agglomération,Hors intersection,Normale,Deux véhicules - arrière,,,,,,,,,,,5,2,1,1.0,2.0
201000053229,0010-03-21 01:50:00,10,3,21,1,50,940,54,"02, PUITS DIXMES (R DU)",48.7476,2.38819,Nuit avec éclairage allumé,En agglomération,Hors intersection,Autre,Sans collision,,,,,,,,,,,5,2,1,9.0,7.0
201000053230,0010-03-24 06:30:00,10,3,24,6,30,940,73,RN 186,48.754,2.36895,Crépuscule ou aube,En agglomération,Hors intersection,Normale,Sans collision,,,,,,,,,,,2,2,1,1.0,7.0
201000053231,0010-03-26 14:00:00,10,3,26,14,0,940,73,RN 186,48.7558,2.36883,Plein jour,En agglomération,Intersection en Y,Normale,Sans collision,,,,,,,,,,,1,2,4,1.0,7.0
201000053232,0010-03-27 05:00:00,10,3,27,5,0,940,65,PONT DES HALLES (R DU),48.7583,2.34688,Nuit avec éclairage allumé,En agglomération,Intersection en X,Pluie légère,Trois véhicules et plus - collisions multiples,,,,,,,,,,,5,2,2,2.0,5.0
201000053233,0010-03-27 18:30:00,10,3,27,18,30,940,34,DIVISION LECLERC (AV DE,48.7588,2.32401,Plein jour,En agglomération,Intersection en X,Normale,Autre collision,,,,,,,,,,,1,2,2,1.0,6.0
201000053234,0010-03-28 14:20:00,10,3,28,14,20,940,73,LUXEMBOURG (AV DU),48.761,2.37113,Plein jour,En agglomération,Hors intersection,Pluie légère,Autre collision,,,,,,,,,,,1,2,1,2.0,6.0
201000053235,0010-03-29 19:15:00,10,3,29,19,15,940,38,"13, JEAN JAURES (R)",48.7783,2.33489,Plein jour,En agglomération,Hors intersection,Temps couvert,Autre collision,,,,,,,,,,,1,2,1,8.0,6.0
201000053236,0010-03-30 12:00:00,10,3,30,12,0,940,34,"2, HENRI BARBUSSE (R)",48.7584,2.32354,Plein jour,En agglomération,Hors intersection,Normale,Sans collision,,,,,,,,,,,1,2,1,1.0,7.0
201000053237,0010-04-02 05:40:00,10,4,2,5,40,940,38,PAUL HOCHART (R),48.7782,2.364,Nuit avec éclairage allumé,En agglomération,Intersection en T,Normale,Deux véhicules - côté,,,,,,,,,,,5,2,3,1.0,3.0
201000053238,0010-04-03 12:15:00,10,4,3,12,15,940,73,FONTAINEBLEAU (AV DE),48.7688,2.36786,Plein jour,En agglomération,Giratoire,Pluie légère,Deux véhicules - côté,,,,,,,,,,,1,2,6,2.0,3.0
201000053239,0010-04-07 16:30:00,10,4,7,16,30,940,73,PAVE DE GRIGNON (R DU),48.7581,2.40416,Plein jour,En agglomération,Intersection en X,Normale,Autre collision,,,,,,,,,,,1,2,2,1.0,6.0
201000053240,0010-04-08 14:30:00,10,4,8,14,30,940,73,RN 186,48.7611,2.3998,Plein jour,En agglomération,Hors intersection,Normale,Deux véhicules - arrière,,,,,,,,,,,1,2,1,1.0,2.0
201000053241,0010-04-15 14:00:00,10,4,15,14,0,940,73,FONTAINEBLEAU (AV DE),48.7688,2.36786,Plein jour,En agglomération,Giratoire,Normale,Deux véhicules - arrière,,,,,,,,,,,1,2,6,1.0,2.0
201000053242,0010-04-17 10:20:00,10,4,17,10,20,940,73,"17, STALINGRAD (BD DE)",48.7691,2.40241,Plein jour,En agglomération,Intersection en T,Autre,Deux véhicules - côté,,,,,,,,,,,1,2,3,9.0,3.0
201000053243,0010-04-23 19:20:00,10,4,23,19,20,940,65,"0, ABREUVOIR (R DE L)",48.7472,2.34802,Plein jour,En agglomération,Intersection en T,Normale,Deux véhicules - frontale,,,,,,,,,,,1,2,3,1.0,1.0
201000053244,0010-04-24 12:15:00,10,4,24,12,15,940,38,GENERAL LECLERC (AV DU),48.7723,2.34223,Plein jour,En agglomération,Hors intersection,Temps éblouissant,Autre collision,,,,,,,,,,,1,2,1,7.0,6.0
201000053245,0010-04-27 17:25:00,10,4,27,17,25,940,65,A86 DÉCROISSANT,48.7544,2.34928,Plein jour,Hors agglomération,Hors intersection,Normale,Deux véhicules - arrière,,,,,,,,,,,1,1,1,1.0,2.0
201000053246,0010-04-27 19:50:00,10,4,27,19,50,940,21,STALINGRAD (AV DE),48.7626,2.36814,Plein jour,En agglomération,Hors intersection,Normale,Autre collision,,,,,,,,,,,1,2,1,1.0,6.0
201000053247,0010-04-29 12:50:00,10,4,29,12,50,940,21,"29, GENERAL LECLERC (R D",48.7664,2.36358,Plein jour,En agglomération,Hors intersection,Normale,Deux véhicules - frontale,,,,,,,,,,,1,2,1,1.0,1.0
201000053248,0010-05-02 15:35:00,10,5,2,15,35,940,65,", HALLIERS (R DES)",48.7537,2.34321,Plein jour,En agglomération,Intersection en T,Pluie légère,Sans collision,,,,,,,,,,,1,2,3,2.0,7.0
201000053249,0010-05-05 06:35:00,10,5,5,6,35,940,73,BAS MARIN (R DU),48.7534,2.38673,Crépuscule ou aube,En agglomération,Giratoire,Normale,Deux véhicules - frontale,,,,,,,,,,,2,2,6,1.0,1.0
201000053250,0010-05-09 20:30:00,10,5,9,20,30,940,73,BAS MARIN (R DU),48.754,2.38634,Plein jour,En agglomération,Intersection en Y,Normale,Sans collision,,,,,,,,,,,1,2,4,1.0,7.0
201000053251,0010-05-16 04:50:00,10,5,16,4,50,940,38,"12, FLOUQUET (AV)",48.774,2.32499,Crépuscule ou aube,En agglomération,Intersection en T,Normale,Deux véhicules - côté,,,,,,,,,,,2,2,3,1.0,3.0
201000053252,0010-05-16 16:00:00,10,5,16,16,0,940,65,FONTAINEBLEAU - CCR BELL,48.7558,2.36864,Plein jour,En agglomération,Hors intersection,Normale,Autre collision,,,,,,,,,,,1,2,1,1.0,6.0
201000053253,0010-05-17 21:20:00,10,5,17,21,20,940,38,GENERAL LECLERC (AV DU),48.7733,2.33708,Plein jour,En agglomération,Intersection en X,Normale,Sans collision,,,,,,,,,,,1,2,2,1.0,7.0
201000053254,0010-05-19 07:45:00,10,5,19,7,45,940,38,MARGUERITES (R DES),48.7766,2.35267,Plein jour,En agglomération,Hors intersection,Normale,Deux véhicules - côté,,,,,,,,,,,1,2,1,1.0,3.0