accident_id,datetime,annee,mois,jour,heure,minute,departement,commune_insee,adresse,latitude,longitude,luminosite,agglomeration,intersection,meteo,collision,nb_vehicules,nb_usagers,nb_indemnes,nb_tues,nb_blesses_hosp,nb_blesses_legers,age_cond_1,age_cond_2,veh_type_cond_1,veh_type_cond_2,lum_code,agg_code,int_code,atm_code,col_code
201000053255,0010-05-20 13:15:00,10,5,20,13,15,940,65,FONTAINEBLEAU (AV DE),48.7479,2.36786,Plein jour,En agglomération,Hors intersection,Normale,Autre collision,,,,,,,,,,,1,2,1,1.0,6.0
201000053256,0010-05-21 15:30:00,10,5,21,15,30,940,34,STALINGRAD (AV DE),48.7585,2.33017,Plein jour,En agglomération,Hors intersection,Normale,Sans collision,,,,,,,,,,,1,2,1,1.0,7.0
201000053257,0010-05-22 14:25:00,10,5,22,14,25,940,73,"40, ORVILLIERS (R DES)",48.7685,2.39591,Plein jour,En agglomération,Hors intersection,Temps éblouissant,Deux véhicules - côté,,,,,,,,,,,1,2,1,7.0,3.0
201000053258,0010-05-25 09:10:00,10,5,25,9,10,940,21,R LT P L ROY/R P MAZURIE,48.7717,2.35682,Plein jour,En agglomération,Intersection en X,Normale,Sans collision,,,,,,,,,,,1,2,2,1.0,7.0
201000053259,0010-05-25 14:35:00,10,5,25,14,35,940,34,PASTEUR (BD),48.754,2.3128,Plein jour,En agglomération,Intersection en X,Normale,Deux véhicules - côté,,,,,,,,,,,1,2,2,1.0,3.0
201000053260,0010-05-26 18:45:00,10,5,26,18,45,940,73,RN 186,48.7537,2.37396,Plein jour,En agglomération,Hors intersection,Normale,Sans collision,,,,,,,,,,,1,2,1,1.0,7.0
201000053261,0010-05-26 21:00:00,10,5,26,21,0,940,21,PERE MAZURIE (R DU),48.7705,2.3522,Crépuscule ou aube,En agglomération,Hors intersection,Normale,Deux véhicules - arrière,,,,,,,,,,,2,2,1,1.0,2.0
201000053262,0010-06-01 08:30:00,10,6,1,8,30,940,38,FERRER (R),48.7785,2.34854,Plein jour,En agglomération,Intersection en T,Normale,Deux véhicules - côté,,,,,,,,,,,1,2,3,1.0,3.0
201000053263,0010-06-01 18:00:00,10,6,1,18,0,940,38,"31, DAHLIAS (AV DES)",48.778,2.35265,Plein jour,En agglomération,Intersection en X,Pluie légère,Deux véhicules - côté,,,,,,,,,,,1,2,2,2.0,3.0
201000053264,0010-06-02 16:15:00,10,6,2,16,15,940,73,PAVE DE GRIGNON (R DU),48.7569,2.40026,Plein jour,En agglomération,Hors intersection,Normale,Autre collision,,,,,,,,,,,1,2,1,1.0,6.0
201000053265,0010-06-02 21:10:00,10,6,2,21,10,940,73,VERSAILLES (FACE IKEA),48.7586,2.39372,Crépuscule ou aube,En agglomération,Hors intersection,Normale,Sans collision,,,,,,,,,,,2,2,1,1.0,7.0
201000053266,0010-06-02 23:20:00,10,6,2,23,20,940,73,ALOUETTES (R DES),48.7525,2.37194,Nuit avec éclairage non allumé,En agglomération,Hors intersection,Normale,Deux véhicules - frontale,,,,,,,,,,,4,2,1,1.0,1.0
201000053267,0010-06-03 08:40:00,10,6,3,8,40,940,65,ZONE SOGARIS,48.7531,2.36202,Plein jour,En agglomération,Autre intersection,Normale,Deux véhicules - côté,,,,,,,,,,,1,2,9,1.0,3.0
201000053268,0010-06-03 20:45:00,10,6,3,20,45,940,73,LUXEMBOURG (AV DU),48.7608,2.37129,Plein jour,En agglomération,Hors intersection,Normale,Autre collision,,,,,,,,,,,1,2,1,1.0,6.0
201000053269,0010-06-08 09:20:00,10,6,8,9,20,940,21,RUE DE LA CORDERIE,48.7599,2.36285,Plein jour,En agglomération,Hors intersection,Normale,Sans collision,,,,,,,,,,,1,2,1,1.0,7.0
201000053270,0010-06-04 04:20:00,10,6,4,4,20,940,34,"49, DIVISION LECLERC (AV",48.7596,2.32296,Nuit avec éclairage allumé,En agglomération,Intersection en T,Normale,Deux véhicules - arrière,,,,,,,,,,,5,2,3,1.0,2.0
201000053271,0010-06-07 12:10:00,10,6,7,12,10,940,21,"05, GENERAL DE GAULLE (A",48.773,2.33852,Plein jour,En agglomération,Intersection en T,Normale,Autre collision,,,,,,,,,,,1,2,3,1.0,6.0
201000053272,0010-06-15 17:35:00,10,6,15,17,35,940,73,VERSAILLES (AV DE),48.7613,2.40324,Plein jour,En agglomération,Intersection en X,Normale,Deux véhicules - côté,,,,,,,,,,,1,2,2,1.0,3.0
201000053273,0010-06-16 17:45:00,10,6,16,17,45,940,21,GENERAL LECLERC (AV DU),48.7732,2.33776,Plein jour,En agglomération,Intersection en X,Normale,Deux véhicules - arrière,,,,,,,,,,,1,2,2,1.0,2.0
201000053274,0010-06-22 07:20:00,10,6,22,7,20,940,73,RN 186,48.7538,2.373,Crépuscule ou aube,En agglomération,Hors intersection,Temps éblouissant,Sans collision,,,,,,,,,,,2,2,1,7.0,7.0
201000053275,0010-06-23 12:45:00,10,6,23,12,45,940,38,FLOUQUET (AV),48.7723,2.32352,Plein jour,En agglomération,Hors intersection,Normale,Deux véhicules - côté,,,,,,,,,,,1,2,1,1.0,3.0
201000053276,0010-06-24 18:15:00,10,6,24,18,15,940,65,CHARLES LINDBERGH (AV),48.7519,2.35291,Plein jour,En agglomération,Hors intersection,Normale,Deux véhicules - arrière,,,,,,,,,,,1,2,1,1.0,2.0
201000053277,0010-06-26 10:40:00,10,6,26,10,40,940,38,"103, PAUL HOCHART (R)",48.7778,2.36275,Plein jour,En agglomération,Hors intersection,Normale,Trois véhicules et plus - collisions multiples,,,,,,,,,,,1,2,1,1.0,5.0
201000053278,0010-06-28 04:25:00,10,6,28,4,25,940,21,TROIS MARCHES (AV) / MIN,48.7617,2.35661,Nuit avec éclairage allumé,En agglomération,Intersection en X,Normale,Deux véhicules - côté,,,,,,,,,,,5,2,2,1.0,3.0
201000053279,0010-06-30 09:35:00,10,6,30,9,35,940,73,LUXEMBOURG (AV DU),48.7553,2.37496,Plein jour,En agglomération,Giratoire,Normale,Trois véhicules et plus - collisions multiples,,,,,,,,,,,1,2,6,1.0,5.0
201000053280,0010-06-30 15:35:00,10,6,30,15,35,940,38,HAMEAU (R DU),48.771,2.32877,Plein jour,En agglomération,Intersection en X,Normale,Deux véhicules - arrière,,,,,,,,,,,1,2,2,1.0,2.0
201000053281,0010-06-30 19:00:00,10,6,30,19,0,940,73,"16, OLIVIERS (R DES)",48.7506,2.38513,Plein jour,En agglomération,Hors intersection,Normale,Deux véhicules - arrière,,,,,,,,,,,1,2,1,1.0,2.0
201000053282,0010-07-05 18:10:00,10,7,5,18,10,940,73,AV DU LUXEMBOURG,48.7609,2.3712,Plein jour,En agglomération,Hors intersection,Normale,Deux véhicules - côté,,,,,,,,,,,1,2,1,1.0,3.0
201000053283,0010-07-06 08:00:00,10,7,6,8,0,940,21,"08, R DES ALOUETTES",48.7679,2.3628,Plein jour,En agglomération,Hors intersection,Normale,Autre collision,,,,,,,,,,,1,2,1,1.0,6.0
201000053284,0010-07-06 09:05:00,10,7,6,9,5,940,73,"12, RUE  BAS MARIN",48.7532,2.38685,Plein jour,En agglomération,Hors intersection,Normale,Autre collision,,,,,,,,,,,1,2,1,1.0,6.0
201000053285,0010-07-11 04:45:00,10,7,11,4,45,940,34,AV DE LA LIBERTE,48.7638,2.31816,Crépuscule ou aube,En agglomération,Hors intersection,Normale,Sans collision,,,,,,,,,,,2,2,1,1.0,7.0
201000053286,0010-07-12 13:00:00,10,7,12,13,0,940,34,AV P.VAILLANT COUTURIER,48.7613,2.31555,Plein jour,En agglomération,Hors intersection,Normale,Deux véhicules - côté,,,,,,,,,,,1,2,1,1.0,3.0
201000053287,0010-07-15 07:55:00,10,7,15,7,55,940,73,FONTAINEBLEAU/DE GAULLE,48.7688,2.36786,Plein jour,En agglomération,Intersection en X,Normale,Sans collision,,,,,,,,,,,1,2,2,1.0,7.0
201000053288,0010-07-18 17:30:00,10,7,18,17,30,940,38,DIVISION LECLERC/FUTAIE,48.7841,2.32818,Plein jour,En agglomération,Intersection en T,Normale,Deux véhicules - côté,,,,,,,,,,,1,2,3,1.0,3.0
201000053289,0010-07-20 10:50:00,10,7,20,10,50,940,34,AV DE LA REPUBLIQUE,48.7588,2.31996,Plein jour,En agglomération,Hors intersection,Normale,Sans collision,,,,,,,,,,,1,2,1,1.0,7.0
201000053290,0010-07-21 23:00:00,10,7,21,23,0,940,21,R DU POITOU,48.7755,2.36041,Nuit avec éclairage allumé,En agglomération,Hors intersection,Normale,Autre collision,,,,,,,,,,,5,2,1,1.0,6.0
201000053291,0010-07-24 20:30:00,10,7,24,20,30,940,34,"25, R EMILE ZOLA",48.7607,2.32606,Crépuscule ou aube,En agglomération,Hors intersection,Normale,Autre collision,,,,,,,,,,,2,2,1,1.0,6.0
201000053292,0010-07-25 18:30:00,10,7,25,18,30,940,34,PASTEUR/ANEMONES,48.7558,2.31402,Plein jour,En agglomération,Intersection en T,Normale,Deux véhicules - frontale,,,,,,,,,,,1,2,3,1.0,1.0
201000053293,0010-07-30 05:40:00,10,7,30,5,40,940,21,AV DE STALINGRAD,48.7641,2.36808,Crépuscule ou aube,En agglomération,Hors intersection,Normale,Deux véhicules - arrière,,,,,,,,,,,2,2,1,1.0,2.0
201000053294,0010-07-31 01:25:00,10,7,31,1,25,940,73,AV DE VERSAILLES,48.7557,2.3868,Nuit avec éclairage allumé,En agglomération,Hors intersection,Normale,Sans collision,,,,,,,,,,,5,2,1,1.0,7.0
201000053295,0010-07-31 08:30:00,10,7,31,8,30,940,21,3 MARCHES/CARPENTRAS,48.7613,2.35554,Plein jour,En agglomération,Intersection en T,Normale,Deux véhicules - côté,,,,,,,,,,,1,2,3,1.0,3.0
201000053296,0010-08-03 13:45:00,10,8,3,13,45,940,73,FONTAINEBLEAU FACECCR,48.7555,2.36886,Plein jour,En agglomération,Hors intersection,Normale,Trois véhicules et plus - en chaîne,,,,,,,,,,,1,2,1,1.0,4.0
201000053297,0010-08-09 08:50:00,10,8,9,8,50,940,65,RN 186,48.752,2.3689,Plein jour,Hors agglomération,Intersection en Y,Normale,Deux véhicules - arrière,,,,,,,,,,,1,1,4,1.0,2.0
201000053298,0010-08-10 13:30:00,10,8,10,13,30,940,21,150 AV FRANKLIN ROOSEVEL,48.7689,2.36753,Plein jour,En agglomération,Hors intersection,Normale,Trois véhicules et plus - en chaîne,,,,,,,,,,,1,2,1,1.0,4.0
201000053299,0010-08-11 09:00:00,10,8,11,9,0,940,73,AV DE VERSAILLES N186,48.7596,2.39668,Plein jour,En agglomération,Hors intersection,Pluie légère,Sans collision,,,,,,,,,,,1,2,1,2.0,7.0
201000053300,0010-08-11 11:45:00,10,8,11,11,45,940,34,"45, AV DE STALINGRAD",48.763,2.33368,Plein jour,En agglomération,Hors intersection,Pluie légère,Deux véhicules - arrière,,,,,,,,,,,1,2,1,2.0,2.0
201000053301,0010-08-14 19:15:00,10,8,14,19,15,940,65,AV FONTAINEBLEAU / RN186,48.7558,2.36864,Plein jour,En agglomération,Intersection en Y,Normale,Deux véhicules - arrière,,,,,,,,,,,1,2,4,1.0,2.0
201000053302,0010-08-20 15:45:00,10,8,20,15,45,940,21,AV DES 3 MARCHES/FLANDRE,48.7616,2.35717,Plein jour,Hors agglomération,Intersection en X,Normale,Deux véhicules - côté,,,,,,,,,,,1,1,2,1.0,3.0
201000053303,0010-08-21 19:10:00,10,8,21,19,10,940,38,AV LECLERC / JARDINS,48.7719,2.34454,Plein jour,En agglomération,Intersection en T,Normale,Autre collision,,,,,,,,,,,1,2,3,1.0,6.0
201000053304,0010-08-22 19:45:00,10,8,22,19,45,940,21,"42, AV JACQUES BREL",48.7694,2.3614,Plein jour,En agglomération,Hors intersection,Normale,Trois véhicules et plus - collisions multiples,,,,,,,,,,,1,2,1,1.0,5.0
201000053305,0010-08-26 07:35:00,10,8,26,7,35,940,65,R DU JOUR,48.7583,2.36131,Crépuscule ou aube,Hors agglomération,Hors intersection,Normale,Autre collision,,,,,,,,,,,2,1,1,1.0,6.0
201000053306,0010-09-01 09:45:00,10,9,1,9,45,940,65,AV FRESNES/Z.SOGARIS,48.7482,2.34227,Plein jour,En agglomération,Giratoire,Normale,Deux véhicules - côté,,,,,,,,,,,1,2,6,1.0,3.0
201000053307,0010-09-02 17:00:00,10,9,2,17,0,940,34,BD PASTEUR,48.7573,2.31602,Plein jour,En agglomération,Hors intersection,Normale,Autre collision,,,,,,,,,,,1,2,1,1.0,6.0
201000053308,0010-08-31 01:20:00,10,8,31,1,20,940,73,AV DU DOCTEUR MARIE,48.7461,2.37062,Nuit avec éclairage allumé,En agglomération,Hors intersection,Normale,Sans collision,,,,,,,,,,,5,2,1,1.0,7.0
201000053309,0010-09-04 14:10:00,10,9,4,14,10,940,38,P. V COUTURIER/CHEVILLY,48.7763,2.34011,Plein jour,En agglomération,Intersection en X,Normale,Deux véhicules - côté,,,,,,,,,,,1,2,2,1.0,3.0
201000053310,0010-09-05 03:00:00,10,9,5,3,0,940,76,AV DE PARIS,48.8069,2.36314,Nuit avec éclairage allumé,En agglomération,Hors intersection,Normale,Autre collision,,,,,,,,,,,5,2,1,1.0,6.0
201000053311,0010-09-06 08:20:00,10,9,6,8,20,940,34,"17, AV DE LA LIBERTE",48.762,2.31832,Plein jour,En agglomération,Hors intersection,Normale,Deux véhicules - arrière,,,,,,,,,,,1,2,1,1.0,2.0
201000053312,0010-09-08 11:40:00,10,9,8,11,40,940,73,"45, STALINGRAD/GEORGEON",48.7706,2.40141,Plein jour,En agglomération,Intersection en X,Pluie légère,Deux véhicules - arrière,,,,,,,,,,,1,2,2,2.0,2.0
201000053313,0010-09-08 16:45:00,10,9,8,16,45,940,21,ROOSEVELT/VERNE,48.7713,2.36128,Plein jour,En agglomération,Intersection en T,Pluie légère,Trois véhicules et plus - collisions multiples,,,,,,,,,,,1,2,3,2.0,5.0
201000053314,0010-09-10 08:30:00,10,9,10,8,30,940,73,ESP A PERRET/LUXEMBOURG,48.7634,2.36965,Plein jour,En agglomération,Intersection en Y,Normale,Deux véhicules - côté,,,,,,,,,,,1,2,4,1.0,3.0
201000053315,0010-09-13 07:00:00,10,9,13,7,0,940,73,STALINGRAD/REPUBLIQUE,48.774,2.39892,Crépuscule ou aube,En agglomération,Intersection en Y,Normale,Deux véhicules - côté,,,,,,,,,,,2,2,4,1.0,3.0
201000053316,0010-09-14 18:30:00,10,9,14,18,30,940,73,"112, GENERAL DE GAULLE",48.7686,2.36915,Plein jour,En agglomération,Hors intersection,Normale,Sans collision,,,,,,,,,,,1,2,1,1.0,7.0
201000053317,0010-09-16 09:35:00,10,9,16,9,35,940,38,R TULIPES/R PAQUERETTE,48.7788,2.35204,Plein jour,En agglomération,Intersection en T,Temps éblouissant,Deux véhicules - côté,,,,,,,,,,,1,2,3,7.0,3.0
201000053318,0010-09-29 06:05:00,10,9,29,6,5,940,65,AV CHARLES LINDBERGH,48.7528,2.35119,Nuit avec éclairage non allumé,En agglomération,Hors intersection,Temps couvert,Autre collision,,,,,,,,,,,4,2,1,8.0,6.0
201000053319,0010-09-30 19:45:00,10,9,30,19,45,940,65,R DES GLACIERES,48.752,2.35666,Nuit avec éclairage non allumé,En agglomération,Hors intersection,Normale,Sans collision,,,,,,,,,,,4,2,1,1.0,7.0
201000053320,0010-10-01 19:00:00,10,10,1,19,0,940,73,AV DU LUXEMBOURG,,,Crépuscule ou aube,En agglomération,Hors intersection,Pluie légère,Autre collision,,,,,,,,,,,2,2,1,2.0,6.0
201000053321,0010-10-02 14:30:00,10,10,2,14,30,940,34,"2, R HENRI BARBUSSE",,,Plein jour,En agglomération,Hors intersection,Temps couvert,Autre collision,,,,,,,,,,,1,2,1,8.0,6.0
201000053322,0010-10-03 17:32:00,10,10,3,17,32,940,38,HOCHART/HOCHART,,,Plein jour,En agglomération,Intersection en T,Normale,Deux véhicules - côté,,,,,,,,,,,1,2,3,1.0,3.0
201000053323,0010-10-05 19:00:00,10,10,5,19,0,940,38,"14, AV HENRI BARBUSSE",,,Crépuscule ou aube,En agglomération,Hors intersection,Pluie légère,Deux véhicules - côté,,,,,,,,,,,2,2,1,2.0,3.0
201000053324,0010-10-06 08:15:00,10,10,6,8,15,940,73,MARTRAY/GUSTAVE LEVEILLE,,,Plein jour,En agglomération,Intersection en T,Normale,Autre collision,,,,,,,,,,,1,2,3,1.0,6.0
201000053325,0010-10-12 08:40:00,10,10,12,8,40,940,38,"48, R DE LA COSARDE",,,Plein jour,En agglomération,Hors intersection,Normale,Deux véhicules - côté,,,,,,,,,,,1,2,1,1.0,3.0
201000053326,0010-10-12 14:00:00,10,10,12,14,0,940,65,AV C.LINDBERGH/RHALLIERS,,,Plein jour,En agglomération,Giratoire,Normale,Deux véhicules - arrière,,,,,,,,,,,1,2,6,1.0,2.0
201000053327,0010-10-14 17:50:00,10,10,14,17,50,940,34,AV DE STALINGRAD,,,Plein jour,En agglomération,Hors intersection,Normale,Deux véhicules - arrière,,,,,,,,,,,1,2,1,1.0,2.0
201000053328,0010-10-14 19:30:00,10,10,14,19,30,940,38,R SAINTE-COLOMBE,,,Nuit avec éclairage allumé,En agglomération,Hors intersection,Normale,Deux véhicules - côté,,,,,,,,,,,5,2,1,1.0,3.0
201000053329,0010-10-19 16:35:00,10,10,19,16,35,940,38,BD COUTURIER/R TOURNELLE,,,Plein jour,En agglomération,Intersection en X,Normale,Deux véhicules - côté,,,,,,,,,,,1,2,2,1.0,3.0
201000053330,0010-10-26 13:30:00,10,10,26,13,30,940,73,AV DU PRST F.ROOSEVELT,,,Plein jour,En agglomération,Hors intersection,Normale,Deux véhicules - côté,,,,,,,,,,,1,2,1,1.0,3.0
201000053331,0010-10-26 14:00:00,10,10,26,14,0,940,73,AV DE FONTAINEBLEAU,,,Plein jour,En agglomération,Hors intersection,Normale,Trois véhicules et plus - en chaîne,,,,,,,,,,,1,2,1,1.0,4.0
201000053332,0010-10-26 18:00:00,10,10,26,18,0,940,38,AV FLOUQUET/R DU GUE,,,Crépuscule ou aube,En agglomération,Intersection en T,Normale,Autre collision,,,,,,,,,,,2,2,3,1.0,6.0
201000053333,0010-10-28 15:40:00,10,10,28,15,40,940,73,BD DU MIDI,,,Plein jour,En agglomération,Hors intersection,Normale,Trois véhicules et plus - collisions multiples,,,,,,,,,,,1,2,1,1.0,5.0
201000053334,0010-10-29 12:45:00,10,10,29,12,45,940,38,R TOURNELLES/R WATEL,,,Plein jour,En agglomération,Intersection en Y,Temps couvert,Autre collision,,,,,,,,,,,1,2,4,8.0,6.0
201000053335,0010-10-30 10:40:00,10,10,30,10,40,940,34,R TUILERIE/R H.BARBUSSE,,,Plein jour,En agglomération,Intersection en T,Normale,Deux véhicules - arrière,,,,,,,,,,,1,2,3,1.0,2.0
201000053336,0010-11-08 13:30:00,10,11,8,13,30,940,38,"126,COUTURIER/CHEVILLY",,,Plein jour,En agglomération,Intersection en X,Pluie forte,Deux véhicules - côté,,,,,,,,,,,1,2,2,3.0,3.0
201000053337,0010-11-09 08:00:00,10,11,9,8,0,940,34,"26, R HENRI BARBUSSE",,,Crépuscule ou aube,En agglomération,Hors intersection,Pluie légère,Autre collision,,,,,,,,,,,2,2,1,2.0,6.0
201000053338,0010-11-10 12:10:00,10,11,10,12,10,940,21,"72, STALINGRAD",,,Plein jour,En agglomération,Hors intersection,Normale,Sans collision,,,,,,,,,,,1,2,1,1.0,7.0
201000053339,0010-11-13 20:50:00,10,11,13,20,50,940,73,RN 186,,,Nuit avec éclairage allumé,En agglomération,Hors intersection,Pluie légère,Sans collision,,,,,,,,,,,5,2,1,2.0,7.0
201000053340,0010-11-14 16:40:00,10,11,14,16,40,940,34,AV CERISAIE/R DE LA LOGE,,,Plein jour,En agglomération,Intersection en T,Temps couvert,Trois véhicules et plus - collisions multiples,,,,,,,,,,,1,2,3,8.0,5.0
201000053341,0010-11-15 21:00:00,10,11,15,21,0,940,38,"106, PAUL VAILLANT COUTU",,,Nuit avec éclairage allumé,En agglomération,Hors intersection,Normale,Deux véhicules - arrière,,,,,,,,,,,5,2,1,1.0,2.0
201000053342,0010-11-16 11:50:00,10,11,16,11,50,940,73,AV VERSAILLES/H MULLER,,,Plein jour,En agglomération,Intersection en X,Normale,Deux véhicules - côté,,,,,,,,,,,1,2,2,1.0,3.0
201000053343,0010-11-18 07:05:00,10,11,18,7,5,940,21,PTE DE THIAIS,,,Crépuscule ou aube,En agglomération,Hors intersection,Temps couvert,Deux véhicules - arrière,,,,,,,,,,,2,2,1,8.0,2.0
201000053344,0010-11-19 16:25:00,10,11,19,16,25,940,21,"150, FRANKLIN ROOSEVELT",,,Crépuscule ou aube,En agglomération,Hors intersection,Normale,Autre collision,,,,,,,,,,,2,2,1,1.0,6.0
201000053345,0010-11-25 08:35:00,10,11,25,8,35,940,21,BD JEAN MERMOZ,,,Plein jour,En agglomération,Intersection en X,Pluie légère,Autre collision,,,,,,,,,,,1,2,2,2.0,6.0
201000053346,0010-11-25 16:15:00,10,11,25,16,15,940,65,"., RN 186",,,Plein jour,Hors agglomération,Hors intersection,Pluie légère,Sans collision,,,,,,,,,,,1,1,1,2.0,7.0
201000053347,0010-11-26 18:15:00,10,11,26,18,15,940,73,LUXEMBOURG(voie TVM),,,Nuit sans éclairage public,En agglomération,Intersection en T,Pluie légère,Deux véhicules - côté,,,,,,,,,,,3,2,3,2.0,3.0
201000053348,0010-11-30 13:45:00,10,11,30,13,45,940,65,QU DE LORIENT,,,Plein jour,En agglomération,Hors intersection,Normale,Deux véhicules - côté,,,,,,,,,,,1,2,1,1.0,3.0
201000053349,0010-11-10 18:00:00,10,11,10,18,0,940,73,AV DE GAULLE /R EINBECK,,,Nuit avec éclairage allumé,En agglomération,Intersection en T,Pluie légère,Deux véhicules - frontale,,,,,,,,,,,5,2,3,2.0,1.0
201000053350,0010-12-03 15:30:00,10,12,3,15,30,940,65,RN 186,,,Plein jour,Hors agglomération,Hors intersection,Temps couvert,Deux véhicules - côté,,,,,,,,,,,1,1,1,8.0,3.0
201000053351,0010-12-03 20:14:00,10,12,3,20,14,940,73,R DES ALOUETTES,,,Nuit sans éclairage public,Hors agglomération,Hors intersection,Normale,Deux véhicules - côté,,,,,,,,,,,3,1,1,1.0,3.0
201000053352,0010-12-05 11:00:00,10,12,5,11,0,940,38,BD COUTURIER/R THIRARD,,,Plein jour,Hors agglomération,Intersection en X,Normale,Deux véhicules - arrière,,,,,,,,,,,1,1,2,1.0,2.0
201000053353,0010-12-06 11:25:00,10,12,6,11,25,940,21,R DU POITOU,,,Plein jour,En agglomération,Hors intersection,Pluie légère,Autre collision,,,,,,,,,,,1,2,1,2.0,6.0
201000053354,0010-12-14 18:30:00,10,12,14,18,30,940,73,BD DU NORD,,,Nuit avec éclairage allumé,En agglomération,Hors intersection,Normale,Autre collision,,,,,,,,,,,5,2,1,1.0,6.0
201000053355,0010-12-15 11:30:00,10,12,15,11,30,940,65,AV DES ANTES,,,Plein jour,En agglomération,Giratoire,Temps couvert,Deux véhicules - côté,,,,,,,,,,,1,2,6,8.0,3.0
201000053356,0010-12-16 00:03:00,10,12,16,0,3,940,38,R DE BICETRE/R DE CHEVIL,,,Nuit avec éclairage allumé,En agglomération,Intersection en X,Pluie légère,Deux véhicules - côté,,,,,,,,,,,5,2,2,2.0,3.0
201000053357,0010-12-16 15:30:00,10,12,16,15,30,940,34,AV DU PARC MEDICIS,,,Plein jour,En agglomération,Hors intersection,Pluie légère,Deux véhicules - côté,,,,,,,,,,,1,2,1,2.0,3.0
201000053358,0010-12-18 14:10:00,10,12,18,14,10,940,38,"54, AV LARROUMES",,,Plein jour,En agglomération,Hors intersection,Autre,Sans collision,,,,,,,,,,,1,2,1,9.0,7.0
201000053359,0010-12-22 18:40:00,10,12,22,18,40,940,38,R GABRIEL PERI,,,Nuit avec éclairage allumé,En agglomération,Intersection en Y,Neige / grêle,Sans collision,,,,,,,,,,,5,2,4,4.0,7.0
201000053360,0010-12-24 09:00:00,10,12,24,9,0,940,34,AV DE STALINGRAD,,,Plein jour,En agglomération,Hors intersection,Neige / grêle,Autre collision,,,,,,,,,,,1,2,1,4.0,6.0
201000053361,0010-12-24 14:45:00,10,12,24,14,45,940,38,R DR CALMETTE/R CH GIDE,,,Plein jour,En agglomération,Intersection en T,Neige / grêle,Deux véhicules - arrière,,,,,,,,,,,1,2,3,4.0,2.0
201000053362,0010-12-28 08:00:00,10,12,28,8,0,940,34,AV DU PARC MEDICIS,,,Nuit avec éclairage allumé,Hors agglomération,Hors intersection,Autre,Trois véhicules et plus - collisions multiples,,,,,,,,,,,5,1,1,9.0,5.0
201000053363,0010-12-30 10:50:00,10,12,30,10,50,940,73,R PLATEAU/AV DE GAULLE,,,Plein jour,En agglomération,Intersection en T,Normale,Deux véhicules - côté,,,,,,,,,,,1,2,3,1.0,3.0
201000053364,0010-01-06 12:00:00,10,1,6,12,0,940,41,RASPAIL (R),48.8116,2.38713,Plein jour,En agglomération,Intersection en T,Neige / grêle,Autre collision,,,,,,,,,,,1,2,3,4.0,6.0
201000053365,0010-02-02 10:30:00,10,2,2,10,30,940,41,"9, LUCIEN NADAIRE (R)",48.8026,2.39385,Plein jour,En agglomération,Hors intersection,Pluie légère,Sans collision,,,,,,,,,,,1,2,1,2.0,7.0
201000053366,0010-02-02 10:15:00,10,2,2,10,15,940,41,"115, PAUL VAILLANT COUTU",48.8152,2.40142,Plein jour,En agglomération,Hors intersection,Pluie légère,Deux véhicules - arrière,,,,,,,,,,,1,2,1,2.0,2.0
201000053367,0010-02-19 10:50:00,10,2,19,10,50,940,41,"72, MAURICE THOREZ (AV)",48.8144,2.37887,Plein jour,En agglomération,Hors intersection,Pluie légère,Sans collision,,,,,,,,,,,1,2,1,2.0,7.0
201000053368,0010-02-22 20:25:00,10,2,22,20,25,940,41,"131, MAURICE THOREZ (AV)",48.8151,2.37811,Nuit avec éclairage allumé,En agglomération,Hors intersection,Pluie légère,Autre collision,,,,,,,,,,,5,2,1,2.0,6.0
201000053369,0010-02-26 10:20:00,10,2,26,10,20,940,41,"83, DANIELLE CASANOVA (A",48.8124,2.38631,Plein jour,En agglomération,Hors intersection,Pluie légère,Deux véhicules - côté,,,,,,,,,,,1,2,1,2.0,3.0
201000053370,0010-02-28 08:10:00,10,2,28,8,10,940,41,"145, MAURICE THOREZ (AV)",48.8145,2.37869,Plein jour,En agglomération,Hors intersection,Pluie légère,Sans collision,,,,,,,,,,,1,2,1,2.0,7.0
201000053371,0010-03-09 18:25:00,10,3,9,18,25,940,41,"02, EDOUARD VASSEUR (R)",48.8149,2.37794,Crépuscule ou aube,En agglomération,Hors intersection,Normale,Sans collision,,,,,,,,,,,2,2,1,1.0,7.0
201000053372,0010-03-09 09:00:00,10,3,9,9,0,940,41,"1, PAUL ANDRIEUX (R)",48.8129,2.37021,Crépuscule ou aube,En agglomération,Hors intersection,Normale,Deux véhicules - frontale,,,,,,,,,,,2,2,1,1.0,1.0
201000053373,0010-03-16 22:25:00,10,3,16,22,25,940,41,HENRI BARBUSSE (AV),48.8083,2.37593,Nuit avec éclairage allumé,En agglomération,Hors intersection,Normale,Autre collision,,,,,,,,,,,5,2,1,1.0,6.0
201000053374,0010-03-17 14:50:00,10,3,17,14,50,940,41,"20, BARBES (R)",48.8163,2.36972,Plein jour,En agglomération,Hors intersection,Normale,Deux véhicules - côté,,,,,,,,,,,1,2,1,1.0,3.0
201000053375,0010-03-21 15:30:00,10,3,21,15,30,940,41,GEORGES GOSNAT (AV),48.8124,2.38634,Plein jour,En agglomération,Intersection en X,Normale,Autre collision,,,,,,,,,,,1,2,2,1.0,6.0
201000053376,0010-03-25 12:00:00,10,3,25,12,0,940,41,"111, COLONEL FABIEN (BD",48.8146,2.40214,Plein jour,En agglomération,Hors intersection,Pluie légère,Autre collision,,,,,,,,,,,1,2,1,2.0,6.0