accident_id,datetime,annee,mois,jour,heure,minute,departement,commune_insee,adresse,latitude,longitude,luminosite,agglomeration,intersection,meteo,collision,nb_vehicules,nb_usagers,nb_indemnes,nb_tues,nb_blesses_hosp,nb_blesses_legers,age_cond_1,age_cond_2,veh_type_cond_1,veh_type_cond_2,lum_code,agg_code,int_code,atm_code,col_code
201000053498,0010-02-18 09:20:00,10,2,18,9,20,940,46,"., DELALAIN (R)",48.8058,2.43898,Plein jour,En agglomération,Intersection en X,Temps couvert,Autre collision,,,,,,,,,,,1,2,2,8.0,6.0
201000053499,0010-02-18 19:00:00,10,2,18,19,0,940,46,"00, ONZE NOVEMBRE 1918 (",48.806,2.43396,Nuit avec éclairage allumé,En agglomération,Hors intersection,Temps couvert,Deux véhicules - arrière,,,,,,,,,,,5,2,1,8.0,2.0
201000053500,0010-02-20 09:25:00,10,2,20,9,25,940,46,"00, FERNET (R)",48.8092,2.44003,Plein jour,En agglomération,Intersection en X,Temps couvert,Deux véhicules - côté,,,,,,,,,,,1,2,2,8.0,3.0
201000053501,0010-02-21 13:50:00,10,2,21,13,50,940,46,"., REPUBLIQUE (AV DE LA)",48.8086,2.45077,Plein jour,En agglomération,Intersection en X,Normale,Deux véhicules - côté,,,,,,,,,,,1,2,2,1.0,3.0
201000053502,0010-02-22 18:30:00,10,2,22,18,30,940,46,"05, REPUBLIQUE (AV DE LA",48.8018,2.43241,Nuit avec éclairage allumé,En agglomération,Hors intersection,Pluie légère,Autre collision,,,,,,,,,,,5,2,1,2.0,6.0
201000053503,0010-03-05 13:55:00,10,3,5,13,55,940,46,GENERAL DE GAULLE (AV DU,48.8128,2.42195,Plein jour,En agglomération,Intersection en T,Normale,Deux véhicules - arrière,,,,,,,,,,,1,2,3,1.0,2.0
201000053504,0010-03-06 13:10:00,10,3,6,13,10,940,46,"28, EUGENE RENAULT (R)",48.8148,2.4171,Plein jour,En agglomération,Hors intersection,Normale,Trois véhicules et plus - en chaîne,,,,,,,,,,,1,2,1,1.0,4.0
201000053505,0010-03-13 12:45:00,10,3,13,12,45,940,46,"24, PROFESSEUR CADIOT (A",48.8045,2.43247,Plein jour,En agglomération,Intersection en X,Normale,Deux véhicules - côté,,,,,,,,,,,1,2,2,1.0,3.0
201000053506,0010-03-17 16:00:00,10,3,17,16,0,940,46,"05, REPUBLIQUE (AV DE LA",48.802,2.43273,Plein jour,En agglomération,Hors intersection,Normale,Deux véhicules - côté,,,,,,,,,,,1,2,1,1.0,3.0
201000053507,0010-03-24 20:25:00,10,3,24,20,25,940,46,"165, GENERAL LECLERC (AV",48.8081,2.43645,Nuit avec éclairage allumé,En agglomération,Hors intersection,Normale,Deux véhicules - côté,,,,,,,,,,,5,2,1,1.0,3.0
201000053508,0010-04-15 21:00:00,10,4,15,21,0,940,46,"03, FOCH (AV)",48.8154,2.43193,Nuit avec éclairage allumé,En agglomération,Intersection en X,Pluie légère,Deux véhicules - arrière,,,,,,,,,,,5,2,2,2.0,2.0
201000053509,0010-04-21 21:45:00,10,4,21,21,45,940,46,"., GENERAL LECLERC (AV D",48.8044,2.44341,Nuit avec éclairage allumé,En agglomération,Intersection en T,Normale,Deux véhicules - côté,,,,,,,,,,,5,2,3,1.0,3.0
201000053510,0010-04-29 19:00:00,10,4,29,19,0,940,46,"00, REPUBLIQUE (AV DE LA",48.802,2.43269,Plein jour,En agglomération,Hors intersection,Normale,Deux véhicules - côté,,,,,,,,,,,1,2,1,1.0,3.0
201000053511,0010-05-05 12:30:00,10,5,5,12,30,940,46,MARECHAL JUIN (R DU),48.8154,2.42974,Plein jour,En agglomération,Intersection en T,Normale,Deux véhicules - côté,,,,,,,,,,,1,2,3,1.0,3.0
201000053512,0010-05-06 13:00:00,10,5,6,13,0,940,46,"5, PIERRE CURIE (R)",48.8103,2.42349,Plein jour,En agglomération,Intersection en T,Normale,Autre collision,,,,,,,,,,,1,2,3,1.0,6.0
201000053513,0010-05-07 12:15:00,10,5,7,12,15,940,46,"00, EUGENE RENAULT (R)",48.8153,2.41997,Plein jour,En agglomération,Intersection en X,Normale,Deux véhicules - arrière,,,,,,,,,,,1,2,2,1.0,2.0
201000053514,0010-05-10 22:00:00,10,5,10,22,0,940,46,"11, GENERAL DE GAULLE (A",48.8118,2.42252,Nuit avec éclairage allumé,En agglomération,Hors intersection,Pluie légère,Deux véhicules - côté,,,,,,,,,,,5,2,1,2.0,3.0
201000053515,0010-05-11 14:10:00,10,5,11,14,10,940,46,"., GUY MOCQUET (R)",48.8149,2.4403,Plein jour,En agglomération,Intersection en X,Pluie légère,Deux véhicules - côté,,,,,,,,,,,1,2,2,2.0,3.0
201000053516,0010-05-17 15:55:00,10,5,17,15,55,940,46,"00, GAMBETTA (AV)",48.8099,2.44813,Plein jour,En agglomération,Intersection en X,Normale,Deux véhicules - côté,,,,,,,,,,,1,2,2,1.0,3.0
201000053517,0010-05-23 00:40:00,10,5,23,0,40,940,46,"00, EUGENE RENAULT - CAR",48.8153,2.41997,Nuit avec éclairage allumé,En agglomération,Intersection à plus de 4 branches,Normale,Deux véhicules - côté,,,,,,,,,,,5,2,5,1.0,3.0
201000053518,0010-05-25 09:40:00,10,5,25,9,40,940,46,"31, GENERAL DE GAULLE (A",48.8089,2.42433,Plein jour,En agglomération,Intersection en Y,Normale,Deux véhicules - arrière,,,,,,,,,,,1,2,4,1.0,2.0
201000053519,0010-05-26 16:40:00,10,5,26,16,40,940,46,"00, GENERAL LECLERC (AV",48.8058,2.44087,Plein jour,En agglomération,Intersection en X,Pluie légère,Deux véhicules - côté,,,,,,,,,,,1,2,2,2.0,3.0
201000053520,0010-06-02 16:50:00,10,6,2,16,50,940,46,"10, BUSTEAU (AV)",48.8087,2.43312,Plein jour,En agglomération,Hors intersection,Normale,Autre collision,,,,,,,,,,,1,2,1,1.0,6.0
201000053521,0010-06-05 16:25:00,10,6,5,16,25,940,46,"., GALLIENI (BD)",48.7963,2.42888,Plein jour,En agglomération,Intersection en X,Normale,Deux véhicules - côté,,,,,,,,,,,1,2,2,1.0,3.0
201000053522,0010-06-07 12:50:00,10,6,7,12,50,940,46,"149, GENERAL LECLERC (AV",48.8094,2.43414,Plein jour,En agglomération,Hors intersection,Normale,Deux véhicules - côté,,,,,,,,,,,1,2,1,1.0,3.0
201000053523,0010-06-07 18:50:00,10,6,7,18,50,940,46,"00, GENERAL LECLERC (AV",48.8118,2.42945,Plein jour,En agglomération,Hors intersection,Normale,Deux véhicules - arrière,,,,,,,,,,,1,2,1,1.0,2.0
201000053524,0010-06-09 19:55:00,10,6,9,19,55,940,46,"., GENERAL LECLERC (AV D",48.812,2.4289,Plein jour,En agglomération,Hors intersection,Normale,Deux véhicules - côté,,,,,,,,,,,1,2,1,1.0,3.0
201000053525,0010-06-12 17:10:00,10,6,12,17,10,940,46,"., GENERAL LECLERC (AV D",48.8058,2.44087,Plein jour,En agglomération,Intersection en X,Temps couvert,Deux véhicules - côté,,,,,,,,,,,1,2,2,8.0,3.0
201000053526,0010-06-12 08:45:00,10,6,12,8,45,940,46,18 AV L BLUM/R V HUGO,48.8006,2.43527,Plein jour,En agglomération,Intersection en X,Normale,Autre collision,,,,,,,,,,,1,2,2,1.0,6.0
201000053527,0010-06-12 16:40:00,10,6,12,16,40,940,46,EUGENE RENAULT - CAR DE,48.8153,2.41997,Plein jour,En agglomération,Intersection à plus de 4 branches,Temps couvert,Deux véhicules - côté,,,,,,,,,,,1,2,5,8.0,3.0
201000053528,0010-06-16 13:35:00,10,6,16,13,35,940,46,AV REPUBLIQUE/R VINCENNE,48.8078,2.44803,Plein jour,En agglomération,Intersection en X,Normale,Deux véhicules - côté,,,,,,,,,,,1,2,2,1.0,3.0
201000053529,0010-06-18 18:50:00,10,6,18,18,50,940,46,"00, GEORGES CLEMENCEAU (",48.8103,2.4435,Plein jour,En agglomération,Hors intersection,Normale,Deux véhicules - côté,,,,,,,,,,,1,2,1,1.0,3.0
201000053530,0010-06-25 12:45:00,10,6,25,12,45,940,46,"., REIMS (R DE)",48.8129,2.43752,Plein jour,En agglomération,Intersection en X,Normale,Deux véhicules - côté,,,,,,,,,,,1,2,2,1.0,3.0
201000053531,0010-06-28 19:15:00,10,6,28,19,15,940,46,"00, CECILE (R)",48.8075,2.43995,Plein jour,En agglomération,Intersection en X,Pluie forte,Deux véhicules - côté,,,,,,,,,,,1,2,2,3.0,3.0
201000053532,0010-06-29 10:40:00,10,6,29,10,40,940,46,"00, FIOCRE (IMP)",48.8122,2.42955,Plein jour,En agglomération,Hors intersection,Normale,Autre collision,,,,,,,,,,,1,2,1,1.0,6.0
201000053533,0010-06-29 12:00:00,10,6,29,12,0,940,46,"19, REPUBLIQUE (AV DE LA",48.802,2.43274,Plein jour,En agglomération,Hors intersection,Normale,Autre collision,,,,,,,,,,,1,2,1,1.0,6.0
201000053534,0010-07-03 22:05:00,10,7,3,22,5,940,46,RUES GUY MOCQUET/NANCY,48.8135,2.44023,Nuit avec éclairage allumé,En agglomération,Intersection en X,Normale,Deux véhicules - frontale,,,,,,,,,,,5,2,2,1.0,1.0
201000053535,0010-07-08 09:05:00,10,7,8,9,5,940,46,"69, AV GENERAL LECLERC",48.8128,2.42759,Plein jour,En agglomération,Hors intersection,Normale,Autre collision,,,,,,,,,,,1,2,1,1.0,6.0
201000053536,0010-07-09 15:15:00,10,7,9,15,15,940,46,"133 -135, AV  G.LECLERC",48.81,2.43285,Plein jour,En agglomération,Hors intersection,Normale,Deux véhicules - arrière,,,,,,,,,,,1,2,1,1.0,2.0
201000053537,0010-07-20 08:15:00,10,7,20,8,15,940,46,CADIOT/COUTURIER,48.8045,2.43247,Plein jour,En agglomération,Intersection en X,Normale,Autre collision,,,,,,,,,,,1,2,2,1.0,6.0
201000053538,0010-07-30 12:45:00,10,7,30,12,45,940,46,AV DE LA REPUBLIQUE,48.8105,2.4565,Plein jour,En agglomération,Intersection en X,Normale,Trois véhicules et plus - collisions multiples,,,,,,,,,,,1,2,2,1.0,5.0
201000053539,0010-08-17 12:40:00,10,8,17,12,40,940,46,GABRIEL PERI/R DE CHAMPA,48.8129,2.43752,Plein jour,En agglomération,Intersection en X,Normale,Deux véhicules - côté,,,,,,,,,,,1,2,2,1.0,3.0
201000053540,0010-08-30 23:20:00,10,8,30,23,20,940,46,QU F.SAGUET / COURBET,48.8155,2.42766,Nuit avec éclairage allumé,En agglomération,Intersection en T,Normale,Deux véhicules - côté,,,,,,,,,,,5,2,3,1.0,3.0
201000053541,0010-09-06 17:00:00,10,9,6,17,0,940,46,"28, R PIERRE SEMARD",48.7984,2.43132,Plein jour,En agglomération,Hors intersection,Normale,Autre collision,,,,,,,,,,,1,2,1,1.0,6.0
201000053542,0010-09-11 16:25:00,10,9,11,16,25,940,46,"83, R VICTOR HUGO",48.7997,2.44347,Plein jour,En agglomération,Intersection en T,Normale,Deux véhicules - côté,,,,,,,,,,,1,2,3,1.0,3.0
201000053543,0010-09-13 18:15:00,10,9,13,18,15,940,46,L BLUM/V HUGO,48.8006,2.43527,Plein jour,En agglomération,Intersection en X,Normale,Autre collision,,,,,,,,,,,1,2,2,1.0,6.0
201000053544,0010-09-15 20:50:00,10,9,15,20,50,940,46,"251TER, GENERAL LECLERC",48.804,2.44436,Nuit avec éclairage allumé,En agglomération,Hors intersection,Normale,Deux véhicules - arrière,,,,,,,,,,,5,2,1,1.0,2.0
201000053545,0010-09-29 16:15:00,10,9,29,16,15,940,46,AV G.LECLERC/PTCHARENTON,48.8153,2.42089,Plein jour,En agglomération,Intersection en X,Normale,Deux véhicules - arrière,,,,,,,,,,,1,2,2,1.0,2.0
201000053546,0010-09-29 18:00:00,10,9,29,18,0,940,46,"17B,AV GENERAL DE GAULLE",48.8111,2.423,Plein jour,En agglomération,Hors intersection,Normale,Deux véhicules - arrière,,,,,,,,,,,1,2,1,1.0,2.0
201000053547,0010-10-03 15:55:00,10,10,3,15,55,940,46,AVG.LECLERC/18 JUIN 1940,,,Plein jour,En agglomération,Intersection en T,Normale,Deux véhicules - côté,,,,,,,,,,,1,2,3,1.0,3.0
201000053548,0010-10-08 12:45:00,10,10,8,12,45,940,46,R CARNOT/AV LECLERC,,,Plein jour,En agglomération,Intersection en T,Normale,Deux véhicules - arrière,,,,,,,,,,,1,2,3,1.0,2.0
201000053549,0010-10-13 09:50:00,10,10,13,9,50,940,46,AV GAMBETTA/AV LECLERC,,,Plein jour,En agglomération,Intersection en Y,Normale,Deux véhicules - côté,,,,,,,,,,,1,2,4,1.0,3.0
201000053550,0010-10-14 18:00:00,10,10,14,18,0,940,46,AV DU GENERAL DE GAULLE,,,Plein jour,En agglomération,Hors intersection,Normale,Trois véhicules et plus - collisions multiples,,,,,,,,,,,1,2,1,1.0,5.0
201000053551,0010-10-15 23:40:00,10,10,15,23,40,940,46,AV DE LA REPUBLIQUE,,,Nuit avec éclairage allumé,En agglomération,Hors intersection,Temps couvert,Deux véhicules - arrière,,,,,,,,,,,5,2,1,8.0,2.0
201000053552,0010-10-19 17:55:00,10,10,19,17,55,940,46,AV DE LA REPUBLIQUE,,,Plein jour,En agglomération,Hors intersection,Normale,Autre collision,,,,,,,,,,,1,2,1,1.0,6.0
201000053553,0010-10-20 15:35:00,10,10,20,15,35,940,46,R E.RENAULT/R BOURGELAT,,,Plein jour,En agglomération,Intersection en X,Normale,Autre collision,,,,,,,,,,,1,2,2,1.0,6.0
201000053554,0010-10-23 18:35:00,10,10,23,18,35,940,46,R J.JAURES/R STRASBOURG,,,Nuit sans éclairage public,En agglomération,Intersection en Y,Vent fort / tempête,Deux véhicules - côté,,,,,,,,,,,3,2,4,6.0,3.0
201000053555,0010-10-25 12:30:00,10,10,25,12,30,940,46,R CHAMPAGNE/R B.IMAGE,,,Plein jour,En agglomération,Intersection en X,Normale,Deux véhicules - côté,,,,,,,,,,,1,2,2,1.0,3.0
201000053556,0010-10-25 15:40:00,10,10,25,15,40,940,46,R E.RENAULT/R CHABERT,,,Plein jour,En agglomération,Intersection en T,Normale,Deux véhicules - arrière,,,,,,,,,,,1,2,3,1.0,2.0
201000053557,0010-11-08 16:05:00,10,11,8,16,5,940,46,GAMBETTA/R CONDORCET,,,Plein jour,En agglomération,Intersection en X,Temps couvert,Trois véhicules et plus - en chaîne,,,,,,,,,,,1,2,2,8.0,4.0
201000053558,0010-11-11 15:15:00,10,11,11,15,15,940,46,CADIOT /R DU 11 NOV 1918,,,Plein jour,En agglomération,Intersection en X,Pluie légère,Deux véhicules - arrière,,,,,,,,,,,1,2,2,2.0,2.0
201000053559,0010-11-13 15:00:00,10,11,13,15,0,940,46,"38, AV DU GENERAL DE GAU",,,Plein jour,En agglomération,Hors intersection,Pluie légère,Deux véhicules - arrière,,,,,,,,,,,1,2,1,2.0,2.0
201000053560,0010-11-16 21:45:00,10,11,16,21,45,940,46,CLEMENCEAU/ R DE NORMAND,,,Nuit avec éclairage allumé,En agglomération,Intersection en X,Normale,Trois véhicules et plus - collisions multiples,,,,,,,,,,,5,2,2,1.0,5.0
201000053561,0010-11-26 08:20:00,10,11,26,8,20,940,46,"81, R VICTOR HUGO",,,Plein jour,En agglomération,Hors intersection,Normale,Autre collision,,,,,,,,,,,1,2,1,1.0,6.0
201000053562,0010-11-29 08:15:00,10,11,29,8,15,940,46,R DE CHAMPAGNE/R GABRIEL,,,Plein jour,En agglomération,Intersection en X,Temps couvert,Autre collision,,,,,,,,,,,1,2,2,8.0,6.0
201000053563,0010-12-10 23:50:00,10,12,10,23,50,940,46,"1, AV DE LA REPUBLIQUE",,,Nuit avec éclairage allumé,En agglomération,Hors intersection,Temps couvert,Autre collision,,,,,,,,,,,5,2,1,8.0,6.0
201000053564,0010-12-20 12:40:00,10,12,20,12,40,940,46,"206, R JEAN JAURES",,,Plein jour,En agglomération,Hors intersection,Normale,Deux véhicules - arrière,,,,,,,,,,,1,2,1,1.0,2.0
201000053565,0010-01-01 07:15:00,10,1,1,7,15,940,42,GENERAL GALLIENI - PONT,48.8199,2.4733,Nuit avec éclairage allumé,En agglomération,Giratoire,Normale,Deux véhicules - arrière,,,,,,,,,,,5,2,6,1.0,2.0
201000053566,0010-01-06 17:40:00,10,1,6,17,40,940,52,"2 BIS, STRASBOURG (BD DE",48.8359,2.47467,Nuit avec éclairage allumé,En agglomération,Hors intersection,Normale,Autre collision,,,,,,,,,,,5,2,1,1.0,6.0
201000053567,0010-01-09 16:30:00,10,1,9,16,30,940,58,"04, STATION (R DE LA)",48.843,2.50414,Plein jour,En agglomération,Hors intersection,Neige / grêle,Autre collision,,,,,,,,,,,1,2,1,4.0,6.0
201000053568,0010-01-15 17:55:00,10,1,15,17,55,940,52,"NC, JOINVILLE (AV DE)",48.8335,2.47166,Nuit avec éclairage allumé,En agglomération,Intersection en T,Normale,Deux véhicules - frontale,,,,,,,,,,,5,2,3,1.0,1.0
201000053569,0010-01-17 16:30:00,10,1,17,16,30,940,58,"NC, GENERAL LECLERC (PLA",48.8493,2.49597,Plein jour,En agglomération,Intersection à plus de 4 branches,Normale,Deux véhicules - frontale,,,,,,,,,,,1,2,5,1.0,1.0
201000053570,0010-01-21 09:50:00,10,1,21,9,50,940,52,COULMIERS (R DE),48.8426,2.4917,Plein jour,En agglomération,Intersection en T,Pluie légère,Deux véhicules - côté,,,,,,,,,,,1,2,3,2.0,3.0
201000053571,0010-01-27 07:45:00,10,1,27,7,45,940,58,"177, ALSACE LORRAINE (BD",48.852,2.50919,Crépuscule ou aube,En agglomération,Hors intersection,Normale,Autre collision,,,,,,,,,,,2,2,1,1.0,6.0
201000053572,0010-02-05 16:00:00,10,2,5,16,0,940,52,JACQUES KABLE (R),48.8356,2.49311,Plein jour,En agglomération,Intersection en T,Normale,Deux véhicules - côté,,,,,,,,,,,1,2,3,1.0,3.0
201000053573,0010-02-07 10:50:00,10,2,7,10,50,940,58,"2, CHATEAU (AV DU)",48.8495,2.49621,Plein jour,En agglomération,Intersection en Y,Normale,Autre collision,,,,,,,,,,,1,2,4,1.0,6.0
201000053574,0010-02-10 20:50:00,10,2,10,20,50,940,42,"56, GENERAL GALLIENI (AV",48.8201,2.48085,Nuit avec éclairage allumé,En agglomération,Intersection en T,Temps couvert,Deux véhicules - côté,,,,,,,,,,,5,2,3,8.0,3.0
201000053575,0010-02-18 06:50:00,10,2,18,6,50,940,52,"128, STRASBOURG (BD DE)",48.8426,2.48482,Nuit avec éclairage allumé,En agglomération,Hors intersection,Normale,Deux véhicules - côté,,,,,,,,,,,5,2,1,1.0,3.0
201000053576,0010-02-20 11:30:00,10,2,20,11,30,940,15,"64 BIS, RIGNY (AV DE)",48.8439,2.52,Plein jour,En agglomération,Hors intersection,Normale,Autre collision,,,,,,,,,,,1,2,1,1.0,6.0
201000053577,0010-02-24 16:00:00,10,2,24,16,0,940,42,"23, MARECHAL LECLERC (BD",48.8151,2.46796,Plein jour,En agglomération,Hors intersection,Pluie légère,Deux véhicules - arrière,,,,,,,,,,,1,2,1,2.0,2.0
201000053578,0010-02-24 21:05:00,10,2,24,21,5,940,42,"NC, PRESIDENT JOHN KENNE",48.815,2.46302,Nuit avec éclairage allumé,En agglomération,Intersection en X,Pluie légère,Autre collision,,,,,,,,,,,5,2,2,2.0,6.0
201000053579,0010-02-25 07:30:00,10,2,25,7,30,940,52,"NC, GEORGES V (BD)",48.8423,2.48144,Plein jour,En agglomération,Intersection en X,Pluie légère,Autre collision,,,,,,,,,,,1,2,2,2.0,6.0
201000053580,0010-03-08 16:05:00,10,3,8,16,5,940,52,"28, GAMBETTA (BD)",48.838,2.47132,Plein jour,En agglomération,Hors intersection,Normale,Autre collision,,,,,,,,,,,1,2,1,1.0,6.0
201000053581,0010-03-15 16:20:00,10,3,15,16,20,940,42,"23, PARIS (R DE)",48.8181,2.46628,Plein jour,En agglomération,Hors intersection,Normale,Deux véhicules - arrière,,,,,,,,,,,1,2,1,1.0,2.0
201000053582,0010-03-23 06:30:00,10,3,23,6,30,940,42,"NC, GENERAL GALLIENI (AV",48.8201,2.48085,Plein jour,En agglomération,Intersection en T,Normale,Deux véhicules - côté,,,,,,,,,,,1,2,3,1.0,3.0
201000053583,0010-03-23 16:55:00,10,3,23,16,55,940,58,"NC, METZ (R DE)",48.8442,2.49626,Plein jour,En agglomération,Intersection en X,Normale,Autre collision,,,,,,,,,,,1,2,2,1.0,6.0
201000053584,0010-03-25 07:50:00,10,3,25,7,50,940,52,"40, HEROS NOGENTAIS (R D",48.8381,2.4843,Plein jour,En agglomération,Intersection à plus de 4 branches,Normale,Deux véhicules - côté,,,,,,,,,,,1,2,5,1.0,3.0
201000053585,0010-03-26 08:30:00,10,3,26,8,30,940,52,"100, STRASBOURG (BD DE)",48.8408,2.48205,Plein jour,En agglomération,Hors intersection,Normale,Deux véhicules - côté,,,,,,,,,,,1,2,1,1.0,3.0
201000053586,0010-03-30 11:20:00,10,3,30,11,20,940,52,"17, STRASBOURG - PL DU G",48.8355,2.47404,Plein jour,En agglomération,Intersection à plus de 4 branches,Normale,Deux véhicules - côté,,,,,,,,,,,1,2,5,1.0,3.0
201000053587,0010-04-02 10:40:00,10,4,2,10,40,940,42,"NC, GENERAL GALLIENI - P",48.8202,2.46727,Plein jour,En agglomération,Intersection en X,Normale,Deux véhicules - arrière,,,,,,,,,,,1,2,2,1.0,2.0
201000053588,0010-04-05 21:30:00,10,4,5,21,30,940,42,"45, GENERAL GALLIENI (AV",48.8201,2.47958,Nuit avec éclairage allumé,En agglomération,Hors intersection,Normale,Deux véhicules - côté,,,,,,,,,,,5,2,1,1.0,3.0
201000053589,0010-04-06 13:25:00,10,4,6,13,25,940,42,8 MAI 1945 (PL DU),48.8159,2.46643,Plein jour,En agglomération,Place,Normale,Deux véhicules - frontale,,,,,,,,,,,1,2,7,1.0,1.0
201000053590,0010-04-09 15:30:00,10,4,9,15,30,940,52,STRASBOURG - RPT DU,48.8439,2.48692,Plein jour,En agglomération,Giratoire,Normale,Deux véhicules - arrière,,,,,,,,,,,1,2,6,1.0,2.0
201000053591,0010-04-09 15:05:00,10,4,9,15,5,940,42,"1, GENERAL GALLIENI (AV",48.8201,2.47438,Plein jour,En agglomération,Intersection en T,Normale,Deux véhicules - arrière,,,,,,,,,,,1,2,3,1.0,2.0
201000053592,0010-04-13 18:50:00,10,4,13,18,50,940,42,"26, MARECHAL LECLERC (BD",48.8145,2.46797,Plein jour,En agglomération,Hors intersection,Normale,Deux véhicules - arrière,,,,,,,,,,,1,2,1,1.0,2.0
201000053593,0010-04-14 11:55:00,10,4,14,11,55,940,42,GENERAL GALLIENI (AV,48.8201,2.48085,Plein jour,En agglomération,Intersection en T,Normale,Deux véhicules - côté,,,,,,,,,,,1,2,3,1.0,3.0
201000053594,0010-04-19 18:10:00,10,4,19,18,10,940,42,"NC, GENERAL GALLIENI - P",48.8202,2.46727,Plein jour,En agglomération,Intersection à plus de 4 branches,Normale,Deux véhicules - côté,,,,,,,,,,,1,2,5,1.0,3.0
201000053595,0010-04-22 17:35:00,10,4,22,17,35,940,58,ALSACE LORRAINE (BD D),48.8474,2.49283,Plein jour,En agglomération,Hors intersection,Normale,Autre collision,,,,,,,,,,,1,2,1,1.0,6.0
201000053596,0010-04-30 07:00:00,10,4,30,7,0,940,42,"21, GENERAL GALLIENI (AV",48.8201,2.47534,Plein jour,En agglomération,Hors intersection,Normale,Deux véhicules - côté,,,,,,,,,,,1,2,1,1.0,3.0
201000053597,0010-05-01 15:45:00,10,5,1,15,45,940,15,"NC, RIGNY (AV DE)",48.8411,2.51929,Plein jour,En agglomération,Intersection en X,Normale,Deux véhicules - arrière,,,,,,,,,,,1,2,2,1.0,2.0
201000053598,0010-05-04 08:20:00,10,5,4,8,20,940,52,STRASBOURG - RPT DU MARE,48.8452,2.48917,Plein jour,En agglomération,Intersection en X,Normale,Deux véhicules - côté,,,,,,,,,,,1,2,2,1.0,3.0
201000053599,0010-05-06 19:10:00,10,5,6,19,10,940,58,"111, FOCH (BD)",48.833,2.51428,Plein jour,En agglomération,Intersection en X,Normale,Deux véhicules - côté,,,,,,,,,,,1,2,2,1.0,3.0
201000053600,0010-05-07 16:15:00,10,5,7,16,15,940,42,"28, CHAPSAL (R)",48.8228,2.46565,Plein jour,En agglomération,Hors intersection,Normale,Deux véhicules - côté,,,,,,,,,,,1,2,1,1.0,3.0
201000053601,0010-05-12 09:25:00,10,5,12,9,25,940,52,HEROS NOGENTAIS (R DES),48.8393,2.49017,Plein jour,En agglomération,Hors intersection,Normale,Autre collision,,,,,,,,,,,1,2,1,1.0,6.0
201000053602,0010-05-12 14:45:00,10,5,12,14,45,940,42,"NC, PRESIDENT WILSON (AV",48.8149,2.48116,Plein jour,En agglomération,Intersection en X,Temps couvert,Deux véhicules - côté,,,,,,,,,,,1,2,2,8.0,3.0
201000053603,0010-05-13 20:00:00,10,5,13,20,0,940,58,"9, GAITE (R DE LA)",48.8476,2.50432,Plein jour,En agglomération,Hors intersection,Normale,Autre collision,,,,,,,,,,,1,2,1,1.0,6.0
201000053604,0010-05-22 11:25:00,10,5,22,11,25,940,42,"VISÀVIS 51, GENERAL GALL",48.8201,2.47438,Plein jour,En agglomération,Giratoire,Normale,Trois véhicules et plus - collisions multiples,,,,,,,,,,,1,2,6,1.0,5.0
201000053605,0010-05-23 12:15:00,10,5,23,12,15,940,52,12 C D GAULLE/DUVELLEROY,48.8355,2.47452,Plein jour,En agglomération,Intersection en T,Temps éblouissant,Autre collision,,,,,,,,,,,1,2,3,7.0,6.0
201000053606,0010-05-26 10:45:00,10,5,26,10,45,940,58,GENERAL DE GAULLE (AV DU,48.8473,2.49846,Plein jour,En agglomération,Intersection en X,Normale,Deux véhicules - côté,,,,,,,,,,,1,2,2,1.0,3.0
201000053607,0010-05-30 19:15:00,10,5,30,19,15,940,58,"2BIS, BORDS DE MARNE (R",48.849,2.50922,Plein jour,En agglomération,Hors intersection,Normale,Autre collision,,,,,,,,,,,1,2,1,1.0,6.0
201000053608,0010-05-30 21:45:00,10,5,30,21,45,940,42,"5, JEAN JAURES (AV)",48.8206,2.46419,Crépuscule ou aube,En agglomération,Hors intersection,Normale,Autre collision,,,,,,,,,,,2,2,1,1.0,6.0
201000053609,0010-06-02 16:30:00,10,6,2,16,30,940,15,"3, FOUR (R DU)",48.8361,2.52124,Plein jour,En agglomération,Hors intersection,Normale,Autre collision,,,,,,,,,,,1,2,1,1.0,6.0
201000053610,0010-06-04 15:40:00,10,6,4,15,40,940,42,"50, BARRAGE (QU DU)",48.8155,2.47336,Plein jour,En agglomération,Hors intersection,Normale,Autre collision,,,,,,,,,,,1,2,1,1.0,6.0
201000053611,0010-06-04 20:30:00,10,6,4,20,30,940,42,EUROPE (BD DE L),48.8131,2.46619,Plein jour,En agglomération,Hors intersection,Normale,Deux véhicules - côté,,,,,,,,,,,1,2,1,1.0,3.0
201000053612,0010-06-07 16:50:00,10,6,7,16,50,940,58,"NC, GEORGES CLEMENCEAU (",48.8405,2.50532,Plein jour,En agglomération,Intersection en X,Normale,Autre collision,,,,,,,,,,,1,2,2,1.0,6.0
201000053613,0010-06-09 19:00:00,10,6,9,19,0,940,42,"14, GENERAL GALLIENI (AV",48.8201,2.47559,Plein jour,En agglomération,Hors intersection,Pluie légère,Autre collision,,,,,,,,,,,1,2,1,2.0,6.0
201000053614,0010-06-22 02:20:00,10,6,22,2,20,940,42,"NC, GENERAL GALLIENI (AV",48.8201,2.47318,Nuit avec éclairage allumé,En agglomération,Intersection à plus de 4 branches,Normale,Deux véhicules - frontale,,,,,,,,,,,5,2,5,1.0,1.0
201000053615,0010-06-22 19:25:00,10,6,22,19,25,940,15,"NC, PASTEUR (BD)",48.8345,2.52569,Plein jour,En agglomération,Intersection en X,Normale,Deux véhicules - frontale,,,,,,,,,,,1,2,2,1.0,1.0
201000053616,0010-06-25 17:00:00,10,6,25,17,0,940,52,"NC, MARECHAL MAUNOURY (A",48.8443,2.48723,Plein jour,En agglomération,Giratoire,Normale,Autre collision,,,,,,,,,,,1,2,6,1.0,6.0