accident_id,datetime,annee,mois,jour,heure,minute,departement,commune_insee,adresse,latitude,longitude,luminosite,agglomeration,intersection,meteo,collision,nb_vehicules,nb_usagers,nb_indemnes,nb_tues,nb_blesses_hosp,nb_blesses_legers,age_cond_1,age_cond_2,veh_type_cond_1,veh_type_cond_2,lum_code,agg_code,int_code,atm_code,col_code
201000054101,0010-08-31 13:36:00,10,8,31,13,36,940,81,MOULIN DE SAQUET/CARPEAU,48.7898,2.37941,Plein jour,En agglomération,Intersection en T,Normale,Deux véhicules - côté,,,,,,,,,,,1,2,3,1.0,3.0
201000054102,0010-09-03 16:45:00,10,9,3,16,45,940,81,"43, R VERTE",48.7808,2.37589,Plein jour,En agglomération,Hors intersection,Normale,Deux véhicules - arrière,,,,,,,,,,,1,2,1,1.0,2.0
201000054103,0010-09-04 14:15:00,10,9,4,14,15,940,81,H. BARBUSSE/ DE GAULLE,48.7928,2.39301,Plein jour,En agglomération,Intersection en X,Normale,Deux véhicules - côté,,,,,,,,,,,1,2,2,1.0,3.0
201000054104,0010-09-03 22:30:00,10,9,3,22,30,940,81,P. V. COUTURIER/POINCARE,48.796,2.39808,Nuit sans éclairage public,En agglomération,Intersection en X,Normale,Trois véhicules et plus - collisions multiples,,,,,,,,,,,3,2,2,1.0,5.0
201000054105,0010-09-09 13:25:00,10,9,9,13,25,940,81,"02, MOULIN DE SAQUET",48.7923,2.38614,Plein jour,En agglomération,Hors intersection,Normale,Autre collision,,,,,,,,,,,1,2,1,1.0,6.0
201000054106,0010-09-20 21:10:00,10,9,20,21,10,940,81,"4, AV PAUL VAILLANT COUT",48.8005,2.40177,Nuit avec éclairage allumé,En agglomération,Hors intersection,Pluie légère,Trois véhicules et plus - collisions multiples,,,,,,,,,,,5,2,1,2.0,5.0
201000054107,0010-09-09 19:05:00,10,9,9,19,5,940,81,E. CAVELL/D'ALGESIRAS,48.8023,2.40975,Plein jour,En agglomération,Intersection en T,Pluie légère,Deux véhicules - côté,,,,,,,,,,,1,2,3,2.0,3.0
201000054108,0010-09-25 17:55:00,10,9,25,17,55,940,81,"ANGLE, AV YOURI GAGARINE",48.7893,2.38889,Plein jour,En agglomération,Intersection en X,Normale,Deux véhicules - côté,,,,,,,,,,,1,2,2,1.0,3.0
201000054109,0010-09-25 21:20:00,10,9,25,21,20,940,81,R PORT L'ANGLA/QU GUESDE,48.805,2.40831,Nuit avec éclairage allumé,En agglomération,Intersection en T,Normale,Sans collision,,,,,,,,,,,5,2,3,1.0,7.0
201000054110,0010-09-28 16:15:00,10,9,28,16,15,940,81,"71, AV MOULIN DE SAQUET",48.7898,2.37941,Plein jour,En agglomération,Hors intersection,Normale,Autre collision,,,,,,,,,,,1,2,1,1.0,6.0
201000054111,0010-09-22 08:20:00,10,9,22,8,20,940,81,"07, R VERTE",48.7823,2.38018,Plein jour,En agglomération,Hors intersection,Normale,Autre collision,,,,,,,,,,,1,2,1,1.0,6.0
201000054112,0010-10-04 08:20:00,10,10,4,8,20,940,81,"20, AV DE L'ABBE R.DERRY",,,Plein jour,En agglomération,Hors intersection,Pluie légère,Deux véhicules - arrière,,,,,,,,,,,1,2,1,2.0,2.0
201000054113,0010-10-15 12:35:00,10,10,15,12,35,940,81,"05,R LALO",,,Plein jour,En agglomération,Hors intersection,Normale,Autre collision,,,,,,,,,,,1,2,1,1.0,6.0
201000054114,0010-10-09 23:00:00,10,10,9,23,0,940,81,GABRIEL PERI (R),,,Nuit avec éclairage allumé,En agglomération,Intersection en X,Normale,Deux véhicules - côté,,,,,,,,,,,5,2,2,1.0,3.0
201000054115,0010-10-10 13:35:00,10,10,10,13,35,940,81,R FERME/AV A.MAGINOT,,,Plein jour,En agglomération,Intersection en X,Normale,Deux véhicules - côté,,,,,,,,,,,1,2,2,1.0,3.0
201000054116,0010-10-16 19:20:00,10,10,16,19,20,940,81,R AUBER,,,Plein jour,En agglomération,Hors intersection,Normale,Autre collision,,,,,,,,,,,1,2,1,1.0,6.0
201000054117,0010-10-20 11:10:00,10,10,20,11,10,940,81,AV H.BARBUSSE/RVILMORIN,,,Plein jour,En agglomération,Intersection en X,Normale,Deux véhicules - côté,,,,,,,,,,,1,2,2,1.0,3.0
201000054118,0010-10-21 17:55:00,10,10,21,17,55,940,81,BD STALINGRAD/BEETHOVEN,,,Plein jour,En agglomération,Intersection en X,Normale,Autre collision,,,,,,,,,,,1,2,2,1.0,6.0
201000054119,0010-10-08 23:15:00,10,10,8,23,15,940,81,R E.CAVELL/R DE SEINE,,,Nuit avec éclairage allumé,En agglomération,Intersection en X,Normale,Deux véhicules - côté,,,,,,,,,,,5,2,2,1.0,3.0
201000054120,0010-10-23 21:30:00,10,10,23,21,30,940,81,QU J.GUESDE/R L.MAUVAIS,,,Nuit avec éclairage allumé,En agglomération,Intersection en T,Pluie légère,Deux véhicules - côté,,,,,,,,,,,5,2,3,2.0,3.0
201000054121,0010-10-25 08:00:00,10,10,25,8,0,940,81,QU J.GUESDE/R L.MAUVAIS,,,Nuit avec éclairage allumé,En agglomération,Intersection en T,Normale,Deux véhicules - côté,,,,,,,,,,,5,2,3,1.0,3.0
201000054122,0010-10-29 20:30:00,10,10,29,20,30,940,81,AV MANOUCHIAN/R BERTHELO,,,Nuit avec éclairage non allumé,En agglomération,Intersection en T,Normale,Deux véhicules - côté,,,,,,,,,,,4,2,3,1.0,3.0
201000054123,0010-11-04 19:05:00,10,11,4,19,5,940,81,"14, AV YOURI GAGARINE",,,Nuit avec éclairage allumé,En agglomération,Hors intersection,Normale,Autre collision,,,,,,,,,,,5,2,1,1.0,6.0
201000054124,0010-11-06 18:35:00,10,11,6,18,35,940,81,R CAMILLE BLANC/THOMAS,,,Nuit avec éclairage allumé,En agglomération,Intersection en X,Pluie légère,Autre collision,,,,,,,,,,,5,2,2,2.0,6.0
201000054125,0010-11-09 17:50:00,10,11,9,17,50,940,81,"Angle, GROUPE MANOUCHIAN",,,Crépuscule ou aube,En agglomération,Intersection en T,Pluie légère,Autre collision,,,,,,,,,,,2,2,3,2.0,6.0
201000054126,0010-11-09 18:40:00,10,11,9,18,40,940,81,ROGER DERRY,,,Nuit avec éclairage allumé,En agglomération,Intersection en T,Pluie légère,Autre collision,,,,,,,,,,,5,2,3,2.0,6.0
201000054127,0010-11-10 18:20:00,10,11,10,18,20,940,81,"34, AV YOURI GAGARINE",,,Nuit avec éclairage allumé,En agglomération,Hors intersection,Pluie légère,Autre collision,,,,,,,,,,,5,2,1,2.0,6.0
201000054128,0010-11-02 20:40:00,10,11,2,20,40,940,81,INFROIT / MALRAUX,,,Nuit avec éclairage allumé,En agglomération,Intersection en X,Normale,Autre collision,,,,,,,,,,,5,2,2,1.0,6.0
201000054129,0010-11-14 02:45:00,10,11,14,2,45,940,81,"Angle, PAUL VAILLANT COU",,,Nuit avec éclairage allumé,En agglomération,Intersection en T,Temps couvert,Autre collision,,,,,,,,,,,5,2,3,8.0,6.0
201000054130,0010-11-16 12:45:00,10,11,16,12,45,940,81,"Angle, FONTAINEBLEAU (RT",,,Plein jour,En agglomération,Hors intersection,Normale,Autre collision,,,,,,,,,,,1,2,1,1.0,6.0
201000054131,0010-11-23 17:50:00,10,11,23,17,50,940,81,"22,AV LUCIEN FRANCAIS",,,Nuit avec éclairage allumé,En agglomération,Hors intersection,Normale,Deux véhicules - côté,,,,,,,,,,,5,2,1,1.0,3.0
201000054132,0010-11-25 17:00:00,10,11,25,17,0,940,81,"66,R EDITH CAVELL",,,Crépuscule ou aube,En agglomération,Hors intersection,Pluie légère,Autre collision,,,,,,,,,,,2,2,1,2.0,6.0
201000054133,0010-12-06 06:45:00,10,12,6,6,45,940,81,R G.PERI/AV J.JAURES,,,Nuit avec éclairage allumé,En agglomération,Intersection en X,Pluie légère,Autre collision,,,,,,,,,,,5,2,2,2.0,6.0
201000054134,0010-12-14 14:50:00,10,12,14,14,50,940,81,AV MAXIMILIEN ROBESPIERR,,,Plein jour,En agglomération,Hors intersection,Normale,Autre collision,,,,,,,,,,,1,2,1,1.0,6.0
201000054135,0010-12-15 06:35:00,10,12,15,6,35,940,81,PELLETAN / CAR LIBERATIO,,,Nuit avec éclairage allumé,En agglomération,Giratoire,Normale,Autre collision,,,,,,,,,,,5,2,6,1.0,6.0
201000054136,0010-12-27 13:30:00,10,12,27,13,30,940,81,"21,R DE CHOISY",,,Plein jour,En agglomération,Hors intersection,Normale,Autre collision,,,,,,,,,,,1,2,1,1.0,6.0
201000054137,0010-12-30 11:20:00,10,12,30,11,20,940,81,"., MAXIMILIEN ROBESPIERR",,,Plein jour,En agglomération,Hors intersection,Normale,Autre collision,,,,,,,,,,,1,2,1,1.0,6.0
201000054138,0010-06-24 20:35:00,10,6,24,20,35,940,81,"162, ROUGET DE L ISLE (A",48.7828,2.39427,Plein jour,En agglomération,Intersection en X,Normale,Autre collision,,,,,,,,,,,1,2,2,1.0,6.0
201000054139,0010-01-04 08:30:00,10,1,4,8,30,950,18,"15, AVENUE M. UTRILLO",48.9407,2.2344,Plein jour,En agglomération,Hors intersection,Normale,Trois véhicules et plus - collisions multiples,,,,,,,,,,,1,2,1,1.0,5.0
201000054140,0010-01-05 15:20:00,10,1,5,15,20,950,18,Boulevardd GALIENI,48.9427,2.2431,Plein jour,En agglomération,Intersection en X,Normale,Deux véhicules - côté,,,,,,,,,,,1,2,2,1.0,3.0
201000054141,0010-01-04 08:36:00,10,1,4,8,36,950,18,rue PRUNET,48.9428,2.2099,Crépuscule ou aube,En agglomération,Intersection en T,Temps couvert,Autre collision,,,,,,,,,,,2,2,3,8.0,6.0
201000054142,0010-01-08 14:40:00,10,1,8,14,40,950,18,"01, SEMARD (PLACE PIERRE",48.9475,2.2561,Plein jour,En agglomération,Hors intersection,Normale,Autre collision,,,,,,,,,,,1,2,1,1.0,6.0
201000054143,0010-01-12 08:35:00,10,1,12,8,35,950,176,"121, CLEMENCEAU (BOULEVA",48.9769,2.1849,Plein jour,En agglomération,Hors intersection,Temps couvert,Deux véhicules - côté,,,,,,,,,,,1,2,1,8.0,3.0
201000054144,0010-01-18 20:10:00,10,1,18,20,10,950,18,"65, LHERAULT (RUE LOUIS)",48.9508,2.2356,Nuit avec éclairage allumé,En agglomération,Hors intersection,Normale,Deux véhicules - arrière,,,,,,,,,,,5,2,1,1.0,2.0
201000054145,0010-01-18 13:40:00,10,1,18,13,40,950,18,JAURES (AVENUE JEAN),48.9403,2.2257,Plein jour,En agglomération,Intersection en X,Pluie légère,Autre collision,,,,,,,,,,,1,2,2,2.0,6.0
201000054146,0010-01-18 08:55:00,10,1,18,8,55,950,18,ASCQ (RUE D' ),48.9478,2.2273,Plein jour,En agglomération,Intersection en X,Pluie légère,Deux véhicules - côté,,,,,,,,,,,1,2,2,2.0,3.0
201000054147,0010-01-20 12:35:00,10,1,20,12,35,950,18,MARTYRS DE CHATEAUBRIANT,48.952,2.213,Plein jour,En agglomération,Intersection en T,Pluie légère,Sans collision,,,,,,,,,,,1,2,3,2.0,7.0
201000054148,0010-01-21 07:55:00,10,1,21,7,55,950,18,"28, LECLERC (BLD DU GENE",48.9432,2.2301,Plein jour,En agglomération,Intersection en X,Pluie légère,Deux véhicules - côté,,,,,,,,,,,1,2,2,2.0,3.0
201000054149,0010-01-21 18:20:00,10,1,21,18,20,950,18,"209, EPINAY (RUE D' )",48.9514,2.2773,Nuit avec éclairage allumé,En agglomération,Hors intersection,Normale,Autre collision,,,,,,,,,,,5,2,1,1.0,6.0
201000054150,0010-01-22 15:55:00,10,1,22,15,55,950,18,"23, LHERAULT CLOUQUEUR (",48.9434,2.2388,Plein jour,En agglomération,Hors intersection,Temps couvert,Sans collision,,,,,,,,,,,1,2,1,8.0,7.0
201000054151,0010-01-22 18:00:00,10,1,22,18,0,950,176,CLEMENCEAU (BOULEVARD GE,48.9688,2.1959,Nuit avec éclairage allumé,En agglomération,Intersection en X,Normale,Deux véhicules - côté,,,,,,,,,,,5,2,2,1.0,3.0
201000054152,0010-01-28 17:15:00,10,1,28,17,15,950,18,"6, MARAIS (AVENUE DU)",48.9316,2.2345,Plein jour,En agglomération,Hors intersection,Normale,Sans collision,,,,,,,,,,,1,2,1,1.0,7.0
201000054153,0010-01-30 10:10:00,10,1,30,10,10,950,18,"59, PERREUX (RUE DU)",48.9422,2.2333,Plein jour,En agglomération,Hors intersection,Neige / grêle,Sans collision,,,,,,,,,,,1,2,1,4.0,7.0
201000054154,0010-01-31 16:10:00,10,1,31,16,10,950,176,JOFFRE (BOULEVARD),48.9613,2.2024,Plein jour,En agglomération,Intersection en T,Normale,Deux véhicules - arrière,,,,,,,,,,,1,2,3,1.0,2.0
201000054155,0010-02-01 19:55:00,10,2,1,19,55,950,18,"28, LECLERC (BLD DU GENE",48.9371,2.2273,Crépuscule ou aube,En agglomération,Hors intersection,Pluie légère,Sans collision,,,,,,,,,,,2,2,1,2.0,7.0
201000054156,0010-01-30 18:45:00,10,1,30,18,45,950,176,"55,Bvard G.CLEMENCEAU",48.9738,2.1887,Nuit avec éclairage allumé,En agglomération,Intersection en T,Temps couvert,Trois véhicules et plus - collisions multiples,,,,,,,,,,,5,2,3,8.0,5.0
201000054157,0010-02-03 11:50:00,10,2,3,11,50,950,18,"215, BARBUSSE (RUE HENRI",48.9316,2.2302,Plein jour,En agglomération,Hors intersection,Pluie légère,Deux véhicules - arrière,,,,,,,,,,,1,2,1,2.0,2.0
201000054158,0010-02-07 11:40:00,10,2,7,11,40,950,582,"94, MAURICE BERTEAUX (BO",48.9679,2.2699,Plein jour,En agglomération,Intersection en T,Normale,Sans collision,,,,,,,,,,,1,2,3,1.0,7.0
201000054159,0010-02-08 18:20:00,10,2,8,18,20,950,582,"114, GAMBETTA (BOULEVARD",48.9779,2.2412,Nuit avec éclairage allumé,En agglomération,Hors intersection,Pluie légère,Autre collision,,,,,,,,,,,5,2,1,2.0,6.0
201000054160,0010-02-09 08:05:00,10,2,9,8,5,950,18,RESISTANCE (BOULEVARD DE,48.9529,2.2181,Plein jour,En agglomération,Intersection en T,Neige / grêle,Deux véhicules - arrière,,,,,,,,,,,1,2,3,4.0,2.0
201000054161,0010-02-11 07:40:00,10,2,11,7,40,950,18,"124, JAURES (AVENUE JEAN",48.9399,2.2277,Crépuscule ou aube,En agglomération,Hors intersection,Neige / grêle,Autre collision,,,,,,,,,,,2,2,1,4.0,6.0
201000054162,0010-02-11 12:10:00,10,2,11,12,10,950,18,GALLIENI (BOULEVARD),48.9426,2.2431,Plein jour,En agglomération,Intersection en X,Temps couvert,Deux véhicules - côté,,,,,,,,,,,1,2,2,8.0,3.0
201000054163,0010-02-18 12:50:00,10,2,18,12,50,950,18,"52, BELIN (RUE AG)",48.9465,2.2475,Plein jour,En agglomération,Hors intersection,Normale,Deux véhicules - côté,,,,,,,,,,,1,2,1,1.0,3.0
201000054164,0010-02-20 05:30:00,10,2,20,5,30,950,18,"6, PLANTE (RUE DE)",48.9542,2.2591,Nuit sans éclairage public,En agglomération,Hors intersection,Pluie légère,Sans collision,,,,,,,,,,,3,2,1,2.0,7.0
201000054165,0010-02-20 19:35:00,10,2,20,19,35,950,18,GALLIENI (BOULEVARD),48.9406,2.2393,Nuit avec éclairage allumé,En agglomération,Intersection en T,Normale,Deux véhicules - côté,,,,,,,,,,,5,2,3,1.0,3.0
201000054166,0010-02-22 20:35:00,10,2,22,20,35,950,18,"2, CLOVIERS (RUE DES)",48.9548,2.2549,Nuit avec éclairage allumé,En agglomération,Intersection en T,Temps couvert,Autre collision,,,,,,,,,,,5,2,3,8.0,6.0
201000054167,0010-03-03 22:30:00,10,3,3,22,30,950,18,PRUDHON (RUE DU LT COLON,48.9426,2.2429,Nuit avec éclairage allumé,En agglomération,Intersection en X,Normale,Deux véhicules - côté,,,,,,,,,,,5,2,2,1.0,3.0
201000054168,0010-03-04 12:45:00,10,3,4,12,45,950,18,RESISTANCE (BOULEVARD DE,48.9509,2.2218,Plein jour,En agglomération,Intersection en T,Normale,Trois véhicules et plus - en chaîne,,,,,,,,,,,1,2,3,1.0,4.0
201000054169,0010-03-06 17:08:00,10,3,6,17,8,950,18,"45, MARX (BOULEVARD)",48.9472,2.2564,Plein jour,En agglomération,Hors intersection,Normale,Autre collision,,,,,,,,,,,1,2,1,1.0,6.0
201000054170,0010-03-08 20:10:00,10,3,8,20,10,950,18,COUDRAY (RUE DU),48.9444,2.2301,Nuit avec éclairage allumé,En agglomération,Hors intersection,Normale,Autre collision,,,,,,,,,,,5,2,1,1.0,6.0
201000054171,0010-03-09 16:05:00,10,3,9,16,5,950,18,CORMEILLES (ROUTE DE),48.9556,2.2319,Plein jour,En agglomération,Hors intersection,Normale,Sans collision,,,,,,,,,,,1,2,1,1.0,7.0
201000054172,0010-03-11 18:45:00,10,3,11,18,45,950,18,"79, LUCAS (RUE ANATOLE)",48.9609,2.2443,Crépuscule ou aube,En agglomération,Hors intersection,Normale,Autre collision,,,,,,,,,,,2,2,1,1.0,6.0
201000054173,0010-03-12 17:35:00,10,3,12,17,35,950,18,"157, ALLEMANE (BOULEVARD",48.9631,2.2603,Plein jour,En agglomération,Intersection en X,Normale,Deux véhicules - côté,,,,,,,,,,,1,2,2,1.0,3.0
201000054174,0010-03-12 18:10:00,10,3,12,18,10,950,582,"33, BERTHET (AVENUE)",48.9775,2.2526,Plein jour,En agglomération,Intersection à plus de 4 branches,Normale,Deux véhicules - côté,,,,,,,,,,,1,2,5,1.0,3.0
201000054175,0010-03-15 18:40:00,10,3,15,18,40,950,18,ENGHIEN (ROUTE D' ),48.9568,2.2843,Plein jour,En agglomération,Hors intersection,Normale,Autre collision,,,,,,,,,,,1,2,1,1.0,6.0
201000054176,0010-03-16 17:05:00,10,3,16,17,5,950,18,"352, JAURES (AVENUE JEAN",48.9414,2.2078,Plein jour,En agglomération,Intersection en T,Normale,Autre collision,,,,,,,,,,,1,2,3,1.0,6.0
201000054177,0010-03-18 16:40:00,10,3,18,16,40,950,18,RESISTANCE (BOULEVARD DE,48.9504,2.2286,Plein jour,En agglomération,Hors intersection,Normale,Deux véhicules - côté,,,,,,,,,,,1,2,1,1.0,3.0
201000054178,0010-03-20 19:20:00,10,3,20,19,20,950,18,", DIANE (RUE DE)",48.9466,2.2547,Nuit avec éclairage allumé,En agglomération,Intersection à plus de 4 branches,Pluie légère,Autre collision,,,,,,,,,,,5,2,5,2.0,6.0
201000054179,0010-03-18 08:25:00,10,3,18,8,25,950,582,"3, STALINGRAD (RUE DE)",48.968,2.2665,Crépuscule ou aube,En agglomération,Intersection en T,Normale,Autre collision,,,,,,,,,,,2,2,3,1.0,6.0
201000054180,0010-03-22 17:25:00,10,3,22,17,25,950,18,"200, JOFFRE (AVENUE DU M",48.9651,2.2369,Plein jour,En agglomération,Intersection en T,Normale,Autre collision,,,,,,,,,,,1,2,3,1.0,6.0
201000054181,0010-03-24 16:35:00,10,3,24,16,35,950,18,"119, STALINGRAD (AVENUE",48.9525,2.2681,Plein jour,En agglomération,Hors intersection,Normale,Deux véhicules - côté,,,,,,,,,,,1,2,1,1.0,3.0
201000054182,0010-03-25 14:25:00,10,3,25,14,25,950,582,"3, GABRIEL PERI (BOULEVA",48.9691,2.2629,Plein jour,En agglomération,Intersection en T,Normale,Deux véhicules - côté,,,,,,,,,,,1,2,3,1.0,3.0
201000054183,0010-03-23 11:35:00,10,3,23,11,35,950,18,FEIX (BOULEVARD LEON),48.9488,2.2531,Plein jour,En agglomération,Intersection à plus de 4 branches,Normale,Autre collision,,,,,,,,,,,1,2,5,1.0,6.0
201000054184,0010-03-27 14:30:00,10,3,27,14,30,950,18,CHEVALIER (RUE),48.9507,2.2463,Plein jour,En agglomération,Intersection en X,Normale,Autre collision,,,,,,,,,,,1,2,2,1.0,6.0
201000054185,0010-03-29 18:35:00,10,3,29,18,35,950,582,"157, GAMBETTA (BOULEVARD",48.9787,2.2389,Plein jour,En agglomération,Intersection en T,Pluie légère,Trois véhicules et plus - en chaîne,,,,,,,,,,,1,2,3,2.0,4.0
201000054186,0010-03-30 08:00:00,10,3,30,8,0,950,18,LECLERC (BLD DU GENERAL),48.9467,2.238,Crépuscule ou aube,En agglomération,Intersection en X,Pluie légère,Deux véhicules - arrière,,,,,,,,,,,2,2,2,2.0,2.0
201000054187,0010-03-30 09:10:00,10,3,30,9,10,950,176,"43, REPUBLIQUE (RUE DE L",48.9705,2.2047,Plein jour,En agglomération,Hors intersection,Normale,Autre collision,,,,,,,,,,,1,2,1,1.0,6.0
201000054188,0010-03-31 07:55:00,10,3,31,7,55,950,18,FEIX (BOULEVARD LEON),48.9464,2.2487,Plein jour,En agglomération,Intersection en T,Normale,Sans collision,,,,,,,,,,,1,2,3,1.0,7.0
201000054189,0010-04-04 05:35:00,10,4,4,5,35,950,18,"52, NONNAISE (RUE DE LA)",48.9531,2.236,Crépuscule ou aube,En agglomération,Hors intersection,Pluie légère,Autre collision,,,,,,,,,,,2,2,1,2.0,6.0
201000054190,0010-04-05 18:58:00,10,4,5,18,58,950,18,RESISTANCE (BOULEVARD DE,48.9539,2.2161,Plein jour,En agglomération,Hors intersection,Normale,Sans collision,,,,,,,,,,,1,2,1,1.0,7.0
201000054191,0010-04-08 16:55:00,10,4,8,16,55,950,176,"45, MONTIGNY (RUE DE)",48.9807,2.1907,Plein jour,En agglomération,Hors intersection,Normale,Autre collision,,,,,,,,,,,1,2,1,1.0,6.0
201000054192,0010-04-11 15:10:00,10,4,11,15,10,950,176,"49, PERI (Av GABRIEL)",48.9437,2.2513,Plein jour,En agglomération,Hors intersection,Normale,Autre collision,,,,,,,,,,,1,2,1,1.0,6.0
201000054193,0010-04-13 18:35:00,10,4,13,18,35,950,582,PUITS MI-VILLE (RUE DU),48.9674,2.2561,Plein jour,En agglomération,Intersection en X,Normale,Autre collision,,,,,,,,,,,1,2,2,1.0,6.0
201000054194,0010-04-15 16:45:00,10,4,15,16,45,950,18,RD 311,48.945,2.2628,Plein jour,Hors agglomération,Hors intersection,Normale,Autre collision,,,,,,,,,,,1,1,1,1.0,6.0
201000054195,0010-04-16 13:20:00,10,4,16,13,20,950,18,"136, VAILLANT COUTURIER",48.9424,2.2476,Plein jour,En agglomération,Hors intersection,Normale,Autre collision,,,,,,,,,,,1,2,1,1.0,6.0
201000054196,0010-04-18 00:15:00,10,4,18,0,15,950,18,"157, ALLEMANE (BOULEVARD",48.9631,2.2602,Nuit avec éclairage allumé,En agglomération,Intersection en X,Normale,Deux véhicules - côté,,,,,,,,,,,5,2,2,1.0,3.0
201000054197,0010-04-16 15:35:00,10,4,16,15,35,950,18,DE GAULLE (AVENUE DU GEN,48.9378,2.246,Plein jour,En agglomération,Intersection en T,Normale,Trois véhicules et plus - collisions multiples,,,,,,,,,,,1,2,3,1.0,5.0
201000054198,0010-04-19 16:05:00,10,4,19,16,5,950,18,place pierre semard,48.9474,2.2566,Plein jour,En agglomération,Hors intersection,Normale,Autre collision,,,,,,,,,,,1,2,1,1.0,6.0
201000054199,0010-04-19 19:10:00,10,4,19,19,10,950,18,"94, STALINGRAD (AVENUE D",48.952,2.2669,Plein jour,En agglomération,Intersection à plus de 4 branches,Normale,Deux véhicules - côté,,,,,,,,,,,1,2,5,1.0,3.0
201000054200,0010-04-20 19:55:00,10,4,20,19,55,950,18,"7, LURCAT (RUE JEAN)",48.9516,2.2291,Crépuscule ou aube,En agglomération,Hors intersection,Normale,Autre collision,,,,,,,,,,,2,2,1,1.0,6.0
201000054201,0010-04-19 12:20:00,10,4,19,12,20,950,176,JOFFRE (BOULEVARD),48.9624,2.2015,Plein jour,En agglomération,Intersection en X,Temps éblouissant,Deux véhicules - côté,,,,,,,,,,,1,2,2,7.0,3.0
201000054202,0010-04-24 13:57:00,10,4,24,13,57,950,18,"103, JAURES (AVENUE JEAN",48.9397,2.2308,Plein jour,En agglomération,Hors intersection,Normale,Sans collision,,,,,,,,,,,1,2,1,1.0,7.0
201000054203,0010-04-23 15:25:00,10,4,23,15,25,950,18,"126, RTE DE PONTOISE",48.947,2.2061,Plein jour,En agglomération,Hors intersection,Normale,Autre collision,,,,,,,,,,,1,2,1,1.0,6.0
201000054204,0010-04-28 22:10:00,10,4,28,22,10,950,18,"114, VERDUN (AVENUE DE)",48.9539,2.2429,Nuit avec éclairage allumé,En agglomération,Hors intersection,Normale,Autre collision,,,,,,,,,,,5,2,1,1.0,6.0
201000054205,0010-04-28 07:50:00,10,4,28,7,50,950,18,DIX NEUF MARS 1962 (RUE,48.947,2.2382,Crépuscule ou aube,En agglomération,Intersection en X,Normale,Deux véhicules - côté,,,,,,,,,,,2,2,2,1.0,3.0
201000054206,0010-04-29 15:25:00,10,4,29,15,25,950,582,"01, GABRIEL PERI (BOULEV",48.9698,2.2632,Plein jour,En agglomération,Intersection en T,Normale,Deux véhicules - côté,,,,,,,,,,,1,2,3,1.0,3.0
201000054207,0010-04-30 16:55:00,10,4,30,16,55,950,18,rue boucher roy,48.9443,2.2375,Plein jour,En agglomération,Hors intersection,Normale,Deux véhicules - côté,,,,,,,,,,,1,2,1,1.0,3.0
201000054208,0010-04-30 18:05:00,10,4,30,18,5,950,18,"70, JOLIVAL (RUE DE)",48.9618,2.2751,Plein jour,En agglomération,Hors intersection,Normale,Deux véhicules - frontale,,,,,,,,,,,1,2,1,1.0,1.0
201000054209,0010-04-30 12:40:00,10,4,30,12,40,950,18,PRUDHON (RUE DU LT COLON,48.9426,2.2429,Plein jour,En agglomération,Intersection en X,Normale,Deux véhicules - côté,,,,,,,,,,,1,2,2,1.0,3.0
201000054210,0010-04-30 19:45:00,10,4,30,19,45,950,176,"40, JOFFRE (BOULEVARD)",48.9658,2.1986,Plein jour,En agglomération,Hors intersection,Normale,Autre collision,,,,,,,,,,,1,2,1,1.0,6.0
201000054211,0010-05-02 21:10:00,10,5,2,21,10,950,582,"115, GAMBETTA (BOULEVARD",48.9776,2.242,Crépuscule ou aube,En agglomération,Hors intersection,Pluie légère,Sans collision,,,,,,,,,,,2,2,1,2.0,7.0
201000054212,0010-04-30 16:15:00,10,4,30,16,15,950,18,FELIFEU (RUE DE),48.9534,2.2371,Plein jour,En agglomération,Intersection en T,Normale,Autre collision,,,,,,,,,,,1,2,3,1.0,6.0
201000054213,0010-05-02 20:00:00,10,5,2,20,0,950,18,RD 311,48.9349,2.2426,Crépuscule ou aube,Hors agglomération,Hors intersection,Normale,Sans collision,,,,,,,,,,,2,1,1,1.0,7.0
201000054214,0010-05-03 11:11:00,10,5,3,11,11,950,18,rampe du pont neuf,48.9559,2.2382,Plein jour,En agglomération,Intersection en X,Normale,Autre collision,,,,,,,,,,,1,2,2,1.0,6.0
201000054215,0010-05-03 13:05:00,10,5,3,13,5,950,582,"13, LILAS (ALLEE DES)",48.9721,2.2726,Plein jour,En agglomération,Hors intersection,Pluie légère,Autre collision,,,,,,,,,,,1,2,1,2.0,6.0
201000054216,0010-05-03 17:55:00,10,5,3,17,55,950,18,RESISTANCE (BOULEVARD DE,48.951,2.2215,Plein jour,En agglomération,Intersection en T,Normale,Deux véhicules - côté,,,,,,,,,,,1,2,3,1.0,3.0
201000054217,0010-05-06 18:35:00,10,5,6,18,35,950,18,JOUY (RUE AMEDEE),48.9535,2.263,Plein jour,En agglomération,Intersection en T,Normale,Autre collision,,,,,,,,,,,1,2,3,1.0,6.0
201000054218,0010-05-08 13:00:00,10,5,8,13,0,950,18,PERREUX (RUE DU),48.9432,2.2301,Plein jour,En agglomération,Intersection en X,Normale,Trois véhicules et plus - collisions multiples,,,,,,,,,,,1,2,2,1.0,5.0
201000054219,0010-05-10 08:25:00,10,5,10,8,25,950,176,CLEMENCEAU (BOULEVARD GE,48.9705,2.1933,Plein jour,En agglomération,Intersection en T,Normale,Deux véhicules - côté,,,,,,,,,,,1,2,3,1.0,3.0