accident_id,datetime,annee,mois,jour,heure,minute,departement,commune_insee,adresse,latitude,longitude,luminosite,agglomeration,intersection,meteo,collision,nb_vehicules,nb_usagers,nb_indemnes,nb_tues,nb_blesses_hosp,nb_blesses_legers,age_cond_1,age_cond_2,veh_type_cond_1,veh_type_cond_2,lum_code,agg_code,int_code,atm_code,col_code
201000054459,0010-03-19 21:10:00,10,3,19,21,10,950,427,Rue d'Epinay,48.9627,2.3339,Nuit avec éclairage allumé,En agglomération,Intersection en T,Pluie légère,Deux véhicules - côté,,,,,,,,,,,5,2,3,2.0,3.0
201000054460,0010-03-23 18:08:00,10,3,23,18,8,950,288,Rue des Glaissieres,48.9834,2.3548,Plein jour,En agglomération,Intersection en T,Normale,Deux véhicules - côté,,,,,,,,,,,1,2,3,1.0,3.0
201000054461,0010-04-02 06:59:00,10,4,2,6,59,950,197,"6, rue charles de gaulle",48.9753,2.325,Plein jour,En agglomération,Hors intersection,Normale,Autre collision,,,,,,,,,,,1,2,1,1.0,6.0
201000054462,0010-04-13 14:32:00,10,4,13,14,32,950,288,Route de Calais,48.9849,2.3619,Plein jour,En agglomération,Intersection en X,Normale,Deux véhicules - frontale,,,,,,,,,,,1,2,2,1.0,1.0
201000054463,0010-04-17 15:08:00,10,4,17,15,8,950,427,Route de Saint Leu,48.958,2.3298,Plein jour,En agglomération,Hors intersection,Normale,Autre collision,,,,,,,,,,,1,2,1,1.0,6.0
201000054464,0010-04-22 07:15:00,10,4,22,7,15,950,288,Route de CALAIS,48.9828,2.3625,Plein jour,En agglomération,Hors intersection,Normale,Deux véhicules - arrière,,,,,,,,,,,1,2,1,1.0,2.0
201000054465,0010-04-29 07:30:00,10,4,29,7,30,950,197,Avenue du Maréchal FOCH,48.9649,2.3187,Plein jour,En agglomération,Hors intersection,Normale,Autre collision,,,,,,,,,,,1,2,1,1.0,6.0
201000054466,0010-02-24 16:58:00,10,2,24,16,58,950,197,Rue du MOUTIER,48.9721,2.3231,Crépuscule ou aube,En agglomération,Hors intersection,Normale,Autre collision,,,,,,,,,,,2,2,1,1.0,6.0
201000054467,0010-05-19 19:55:00,10,5,19,19,55,950,197,Avenue Division LECLERC,48.9654,2.3195,Plein jour,En agglomération,Intersection en T,Normale,Trois véhicules et plus - en chaîne,,,,,,,,,,,1,2,3,1.0,4.0
201000054468,0010-06-01 17:25:00,10,6,1,17,25,950,197,Rue Charles de Gaulle,48.9752,2.3243,Plein jour,En agglomération,Intersection en X,Normale,Autre collision,,,,,,,,,,,1,2,2,1.0,6.0
201000054469,0010-06-08 16:15:00,10,6,8,16,15,950,197,Avenue Maréchal FOCH,48.9649,2.3187,Plein jour,En agglomération,Intersection en T,Normale,Autre collision,,,,,,,,,,,1,2,3,1.0,6.0
201000054470,0010-06-24 19:45:00,10,6,24,19,45,950,197,Avenue de la Gare,48.9752,2.3366,Plein jour,En agglomération,Intersection en T,Normale,Deux véhicules - côté,,,,,,,,,,,1,2,3,1.0,3.0
201000054471,0010-06-23 14:40:00,10,6,23,14,40,950,427,Rue d'EPINAY,48.9639,2.3355,Plein jour,En agglomération,Intersection en X,Normale,Deux véhicules - côté,,,,,,,,,,,1,2,2,1.0,3.0
201000054472,0010-07-09 22:20:00,10,7,9,22,20,950,197,"79, Rue HAUTE",48.9763,2.3301,Crépuscule ou aube,En agglomération,Hors intersection,Normale,Autre collision,,,,,,,,,,,2,2,1,1.0,6.0
201000054473,0010-07-19 09:40:00,10,7,19,9,40,950,427,JULES FERRY (RUE) DE 136,48.9595,2.3364,Plein jour,En agglomération,Intersection en X,Normale,Deux véhicules - côté,,,,,,,,,,,1,2,2,1.0,3.0
201000054474,0010-08-03 17:20:00,10,8,3,17,20,950,427,CALAIS (ROUTE DE),48.9777,2.3646,Plein jour,En agglomération,Hors intersection,Normale,Deux véhicules - côté,,,,,,,,,,,1,2,1,1.0,3.0
201000054475,0010-08-30 14:15:00,10,8,30,14,15,950,427,"5, RUE VILLETANEUSE",48.9715,2.3477,Plein jour,En agglomération,Hors intersection,Normale,Autre collision,,,,,,,,,,,1,2,1,1.0,6.0
201000054476,0010-09-11 15:00:00,10,9,11,15,0,950,197,"2, CAMILLE FLAMMARION (R",48.9589,2.3252,Plein jour,En agglomération,Intersection en T,Normale,Deux véhicules - côté,,,,,,,,,,,1,2,3,1.0,3.0
201000054477,0010-09-06 11:25:00,10,9,6,11,25,950,427,"50, MAURICE UTRILLO (AVE",48.9766,2.3541,Plein jour,En agglomération,Hors intersection,Normale,Deux véhicules - côté,,,,,,,,,,,1,2,1,1.0,3.0
201000054478,0010-08-07 12:15:00,10,8,7,12,15,950,427,"15, SAINT LEU ( ROUTE DE",48.9573,2.3309,Plein jour,En agglomération,Hors intersection,Normale,Deux véhicules - côté,,,,,,,,,,,1,2,1,1.0,3.0
201000054479,0010-09-16 20:10:00,10,9,16,20,10,950,197,MONTMORENCY (BOULEVARD),48.9754,2.3173,Nuit avec éclairage non allumé,En agglomération,Intersection en X,Normale,Deux véhicules - frontale,,,,,,,,,,,4,2,2,1.0,1.0
201000054480,0010-10-16 18:25:00,10,10,16,18,25,950,427,"11, RTE DE SAINT LEU",48.9566,2.3318,Plein jour,En agglomération,Hors intersection,Normale,Autre collision,,,,,,,,,,,1,2,1,1.0,6.0
201000054481,0010-10-22 07:55:00,10,10,22,7,55,950,197,"7, RUE DE LA GARE",48.9753,2.3324,Crépuscule ou aube,En agglomération,Hors intersection,Normale,Autre collision,,,,,,,,,,,2,2,1,1.0,6.0
201000054482,0010-10-27 08:00:00,10,10,27,8,0,950,197,Av de la div Leclerc,48.9704,2.3127,Crépuscule ou aube,En agglomération,Intersection en T,Normale,Deux véhicules - côté,,,,,,,,,,,2,2,3,1.0,3.0
201000054483,0010-10-29 19:15:00,10,10,29,19,15,950,197,Route de St DENIS,48.9649,2.3202,Plein jour,En agglomération,Hors intersection,Normale,Autre collision,,,,,,,,,,,1,2,1,1.0,6.0
201000054484,0010-12-23 20:50:00,10,12,23,20,50,950,427,"14, R GALLIENI",48.9728,2.3485,Nuit avec éclairage allumé,En agglomération,Hors intersection,Neige / grêle,Autre collision,,,,,,,,,,,5,2,1,4.0,6.0
201000054485,0010-01-17 01:00:00,10,1,17,1,0,950,428,"58, CHARLES DE GAULLE  A",48.9829,2.3248,Nuit avec éclairage allumé,En agglomération,Hors intersection,Pluie légère,Deux véhicules - frontale,,,,,,,,,,,5,2,1,2.0,1.0
201000054486,0010-03-18 00:45:00,10,3,18,0,45,950,555,BD MARECHAL FOCH,48.9653,2.2837,Nuit avec éclairage allumé,En agglomération,Hors intersection,Normale,Autre collision,,,,,,,,,,,5,2,1,1.0,6.0
201000054487,0010-04-30 17:45:00,10,4,30,17,45,950,555,"46, R D'ARGENTEUIL",48.9614,2.2797,Plein jour,En agglomération,Intersection en X,Normale,Deux véhicules - côté,,,,,,,,,,,1,2,2,1.0,3.0
201000054488,0010-05-25 07:50:00,10,5,25,7,50,950,428,"119, AV DIVISION LECLERC",48.9731,2.3099,Plein jour,En agglomération,Hors intersection,Normale,Deux véhicules - côté,,,,,,,,,,,1,2,1,1.0,3.0
201000054489,0010-08-29 11:15:00,10,8,29,11,15,950,598,"7, AV KELLERMANN",48.9853,2.2959,Plein jour,En agglomération,Hors intersection,Normale,Autre collision,,,,,,,,,,,1,2,1,1.0,6.0
201000054490,0010-10-09 21:40:00,10,10,9,21,40,950,555,"5, BD PASTEUR",48.9659,2.2799,Nuit sans éclairage public,En agglomération,Hors intersection,Normale,Autre collision,,,,,,,,,,,3,2,1,1.0,6.0
201000054491,0010-07-20 18:00:00,10,7,20,18,0,950,428,"22, AV LA FONTAINE RENE",48.9938,2.3194,Plein jour,En agglomération,Hors intersection,Normale,Deux véhicules - côté,,,,,,,,,,,1,2,1,1.0,3.0
201000054492,0010-11-17 20:52:00,10,11,17,20,52,950,555,R ALBRECHT BERTHIE,48.9685,2.2853,Nuit avec éclairage allumé,En agglomération,Hors intersection,Pluie légère,Autre collision,,,,,,,,,,,5,2,1,2.0,6.0
201000054493,0010-12-11 18:50:00,10,12,11,18,50,950,555,R PHILIPPE DARTIS,48.9669,2.2974,Nuit avec éclairage allumé,En agglomération,Hors intersection,Normale,Deux véhicules - arrière,,,,,,,,,,,5,2,1,1.0,2.0
201000054494,0010-03-26 15:55:00,10,3,26,15,55,950,369,AV GEORGES POMPIDOU,49.0023,2.2854,Plein jour,En agglomération,Hors intersection,Normale,Deux véhicules - frontale,,,,,,,,,,,1,2,1,1.0,1.0
201000054495,0010-06-08 18:15:00,10,6,8,18,15,950,428,"16, PL ROGER  LEVANNEUR",48.9886,2.3192,Plein jour,En agglomération,Hors intersection,Normale,Autre collision,,,,,,,,,,,1,2,1,1.0,6.0
201000054496,0010-11-12 12:00:00,10,11,12,12,0,950,210,"20,R DU DEPART",48.9736,2.3063,Plein jour,En agglomération,Intersection en T,Pluie légère,Deux véhicules - frontale,,,,,,,,,,,1,2,3,2.0,1.0
201000054497,0010-04-30 17:45:00,10,4,30,17,45,950,555,"46, rue d'argenteuil",48.9613,2.2797,Plein jour,En agglomération,Intersection en X,Normale,Deux véhicules - côté,,,,,,,,,,,1,2,2,1.0,3.0
201000054498,0010-06-05 14:30:00,10,6,5,14,30,950,369,Avenue Georges POMPIDOU,49.0019,2.2871,Plein jour,En agglomération,Giratoire,Normale,Deux véhicules - arrière,,,,,,,,,,,1,2,6,1.0,2.0
201000054499,0010-02-06 10:50:00,10,2,6,10,50,950,210,Boulevard d'ORMESSON,48.9716,2.3083,Plein jour,En agglomération,Intersection en T,Pluie légère,Autre collision,,,,,,,,,,,1,2,3,2.0,6.0
201000054500,0010-01-03 04:00:00,10,1,3,4,0,950,252,BEL-AIR (BOULEVARD DU),48.9853,2.2391,Nuit avec éclairage allumé,En agglomération,Hors intersection,Normale,Deux véhicules - côté,,,,,,,,,,,5,2,1,1.0,3.0
201000054501,0010-01-04 08:35:00,10,1,4,8,35,950,219,GEORGES POMPIDOU (AVENUE,48.9842,2.2465,Plein jour,En agglomération,Intersection en X,Autre,Autre collision,,,,,,,,,,,1,2,2,9.0,6.0
201000054502,0010-01-09 07:35:00,10,1,9,7,35,950,219,GRAND GRIL (RUE DU),48.9786,2.2709,Nuit avec éclairage allumé,En agglomération,Hors intersection,Neige / grêle,Autre collision,,,,,,,,,,,5,2,1,4.0,6.0
201000054503,0010-01-11 19:50:00,10,1,11,19,50,950,252,MARAIS (AVENUE DES),48.9912,2.2233,Nuit avec éclairage allumé,En agglomération,Hors intersection,Normale,Deux véhicules - côté,,,,,,,,,,,5,2,1,1.0,3.0
201000054504,0010-01-12 15:55:00,10,1,12,15,55,950,219,PAUL ELUARD (RUE),48.9857,2.2563,Plein jour,En agglomération,Hors intersection,Normale,Autre collision,,,,,,,,,,,1,2,1,1.0,6.0
201000054505,0010-01-15 05:40:00,10,1,15,5,40,950,203,"12, VOLTAIRE (AVENUE)",48.9941,2.2797,Nuit avec éclairage allumé,En agglomération,Hors intersection,Brouillard / fumée,Autre collision,,,,,,,,,,,5,2,1,5.0,6.0
201000054506,0010-01-26 16:30:00,10,1,26,16,30,950,252,STATION (RUE DE LA),48.9962,2.2374,Plein jour,En agglomération,Intersection en T,Normale,Deux véhicules - côté,,,,,,,,,,,1,2,3,1.0,3.0
201000054507,0010-01-29 16:00:00,10,1,29,16,0,950,203,SAINT LEU (ROUTE DE),48.9962,2.2719,Plein jour,En agglomération,Hors intersection,Normale,Deux véhicules - arrière,,,,,,,,,,,1,2,1,1.0,2.0
201000054508,0010-01-30 20:20:00,10,1,30,20,20,950,219,SAINT LEU (ROUTE DE),48.9993,2.2526,Nuit avec éclairage allumé,En agglomération,Giratoire,Normale,Deux véhicules - côté,,,,,,,,,,,5,2,6,1.0,3.0
201000054509,0010-02-02 20:00:00,10,2,2,20,0,950,203,CONDORCET (RUE),48.9819,2.2721,Nuit avec éclairage allumé,En agglomération,Hors intersection,Normale,Autre collision,,,,,,,,,,,5,2,1,1.0,6.0
201000054510,0010-02-16 08:40:00,10,2,16,8,40,950,203,SOISY (RUE DE),48.9916,2.2833,Plein jour,En agglomération,Hors intersection,Normale,Autre collision,,,,,,,,,,,1,2,1,1.0,6.0
201000054511,0010-02-24 08:20:00,10,2,24,8,20,950,219,"83, GENERAL LECLERC (RUE",48.9839,2.2724,Plein jour,En agglomération,Hors intersection,Pluie légère,Autre collision,,,,,,,,,,,1,2,1,2.0,6.0
201000054512,0010-03-02 11:35:00,10,3,2,11,35,950,219,CERNAY (BOULEVARD DE),48.9799,2.2557,Plein jour,En agglomération,Giratoire,Normale,Deux véhicules - frontale,,,,,,,,,,,1,2,6,1.0,1.0
201000054513,0010-03-03 23:10:00,10,3,3,23,10,950,203,GENERAL LECLERC (RUE DU),48.9879,2.2738,Nuit avec éclairage allumé,En agglomération,Intersection en Y,Normale,Deux véhicules - arrière,,,,,,,,,,,5,2,4,1.0,2.0
201000054514,0010-03-15 07:45:00,10,3,15,7,45,950,203,DE GAULLE (CARREFOUR CHA,48.9948,2.2756,Plein jour,En agglomération,Giratoire,Normale,Deux véhicules - arrière,,,,,,,,,,,1,2,6,1.0,2.0
201000054515,0010-03-17 08:05:00,10,3,17,8,5,950,426,PARIS (ROUTE DE),49.0035,2.2814,Plein jour,En agglomération,Giratoire,Normale,Deux véhicules - arrière,,,,,,,,,,,1,2,6,1.0,2.0
201000054516,0010-03-17 16:35:00,10,3,17,16,35,950,574,ALEXANDRE RIBOT (RUE),49.0085,2.2576,Plein jour,En agglomération,Intersection en T,Normale,Deux véhicules - côté,,,,,,,,,,,1,2,3,1.0,3.0
201000054517,0010-03-20 13:00:00,10,3,20,13,0,950,252,POMMIERS SAULNIERS (RUE,48.9965,2.2269,Plein jour,En agglomération,Hors intersection,Normale,Autre collision,,,,,,,,,,,1,2,1,1.0,6.0
201000054518,0010-03-20 19:15:00,10,3,20,19,15,950,252,POMMIERS SAULNIERS (CHEM,48.9992,2.219,Crépuscule ou aube,En agglomération,Intersection en X,Normale,Trois véhicules et plus - en chaîne,,,,,,,,,,,2,2,2,1.0,4.0
201000054519,0010-03-22 18:09:00,10,3,22,18,9,950,219,STALINGRAD (RUE DE),48.9889,2.2585,Plein jour,En agglomération,Hors intersection,Normale,Deux véhicules - côté,,,,,,,,,,,1,2,1,1.0,3.0
201000054520,0010-03-23 12:40:00,10,3,23,12,40,950,203,SAINT LEU (ROUTE DE),48.9951,2.2754,Plein jour,En agglomération,Intersection en X,Normale,Deux véhicules - côté,,,,,,,,,,,1,2,2,1.0,3.0
201000054521,0010-03-24 16:50:00,10,3,24,16,50,950,203,"06, TARBE DES SABLONS (R",48.9951,2.2717,Plein jour,En agglomération,Hors intersection,Normale,Deux véhicules - arrière,,,,,,,,,,,1,2,1,1.0,2.0
201000054522,0010-03-25 10:05:00,10,3,25,10,5,950,252,MARAIS (AVENUE DES),48.9944,2.2213,Plein jour,En agglomération,Hors intersection,Normale,Autre collision,,,,,,,,,,,1,2,1,1.0,6.0
201000054523,0010-03-29 17:50:00,10,3,29,17,50,950,252,MARAIS (AVENUE DES),48.9944,2.2213,Plein jour,En agglomération,Hors intersection,Normale,Sans collision,,,,,,,,,,,1,2,1,1.0,7.0
201000054524,0010-03-29 17:50:00,10,3,29,17,50,950,203,LECLERC (RUE DU GENERAL),48.9864,2.2732,Plein jour,En agglomération,Intersection en X,Normale,Autre collision,,,,,,,,,,,1,2,2,1.0,6.0
201000054525,0010-03-31 12:30:00,10,3,31,12,30,950,252,BEL-AIR (BOULEVARD DU),48.9877,2.2322,Plein jour,En agglomération,Intersection en X,Normale,Deux véhicules - côté,,,,,,,,,,,1,2,2,1.0,3.0
201000054526,0010-04-02 07:15:00,10,4,2,7,15,950,574,REINEBOURG (RUE),49.0122,2.2693,Crépuscule ou aube,En agglomération,Intersection en T,Pluie légère,Deux véhicules - côté,,,,,,,,,,,2,2,3,2.0,3.0
201000054527,0010-04-09 20:20:00,10,4,9,20,20,950,252,"47, JULES CESAR (CHAUSSE",48.9955,2.2396,Crépuscule ou aube,En agglomération,Hors intersection,Normale,Deux véhicules - frontale,,,,,,,,,,,2,2,1,1.0,1.0
201000054528,0010-04-12 09:00:00,10,4,12,9,0,950,203,BUDENHEIM (AVENUE DE),48.9925,2.2747,Plein jour,En agglomération,Hors intersection,Normale,Deux véhicules - côté,,,,,,,,,,,1,2,1,1.0,3.0
201000054529,0010-04-18 15:10:00,10,4,18,15,10,950,252,MARAIS (AVENUE DES),48.9929,2.2222,Plein jour,En agglomération,Hors intersection,Normale,Deux véhicules - côté,,,,,,,,,,,1,2,1,1.0,3.0
201000054530,0010-04-19 20:10:00,10,4,19,20,10,950,252,PARC (RUE DU),48.9841,2.2298,Plein jour,En agglomération,Hors intersection,Normale,Deux véhicules - côté,,,,,,,,,,,1,2,1,1.0,3.0
201000054531,0010-04-20 18:10:00,10,4,20,18,10,950,491,"29, DE GAULLE (RUE CHARL",48.9992,2.2353,Plein jour,En agglomération,Hors intersection,Normale,Deux véhicules - arrière,,,,,,,,,,,1,2,1,1.0,2.0
201000054532,0010-04-24 09:50:00,10,4,24,9,50,950,219,"279, 18 JUIN (RUE DU)",48.9939,2.2442,Plein jour,En agglomération,Intersection en T,Normale,Deux véhicules - arrière,,,,,,,,,,,1,2,3,1.0,2.0
201000054533,0010-05-04 12:30:00,10,5,4,12,30,950,219,GRAND GRIL (RUE DU),48.9799,2.2705,Plein jour,En agglomération,Intersection en T,Normale,Autre collision,,,,,,,,,,,1,2,3,1.0,6.0
201000054534,0010-05-12 08:20:00,10,5,12,8,20,950,203,Rond point souvenir fran,48.9935,2.2746,Plein jour,En agglomération,Giratoire,Normale,Deux véhicules - côté,,,,,,,,,,,1,2,6,1.0,3.0
201000054535,0010-05-26 14:45:00,10,5,26,14,45,950,219,SYNDICAT (RUE DU),48.9943,2.2503,Plein jour,En agglomération,Intersection en T,Normale,Deux véhicules - frontale,,,,,,,,,,,1,2,3,1.0,1.0
201000054536,0010-05-27 11:08:00,10,5,27,11,8,950,574,GENERAL LECLERC (AVENUE,49.0032,2.2619,Plein jour,En agglomération,Hors intersection,Normale,Autre collision,,,,,,,,,,,1,2,1,1.0,6.0
201000054537,0010-06-01 08:40:00,10,6,1,8,40,950,203,CALMETTE (RUE PROFESSEUR,48.9975,2.2654,Plein jour,En agglomération,Intersection en T,Normale,Deux véhicules - côté,,,,,,,,,,,1,2,3,1.0,3.0
201000054538,0010-06-01 09:50:00,10,6,1,9,50,950,219,CONCORDE (RUE DE LA),48.9979,2.2525,Plein jour,En agglomération,Hors intersection,Normale,Deux véhicules - frontale,,,,,,,,,,,1,2,1,1.0,1.0
201000054539,0010-06-02 17:55:00,10,6,2,17,55,950,203,"07, MONTLIGNON (ROUTE DE",48.9977,2.2773,Plein jour,En agglomération,Hors intersection,Normale,Deux véhicules - arrière,,,,,,,,,,,1,2,1,1.0,2.0
201000054540,0010-06-04 18:40:00,10,6,4,18,40,950,252,ONZE ARPENTS (RUE DES),48.9887,2.2176,Plein jour,En agglomération,Hors intersection,Normale,Autre collision,,,,,,,,,,,1,2,1,1.0,6.0
201000054541,0010-06-09 11:25:00,10,6,9,11,25,950,252,"43, MAURICE BERTEAUX (BO",48.9859,2.2285,Plein jour,En agglomération,Hors intersection,Normale,Deux véhicules - frontale,,,,,,,,,,,1,2,1,1.0,1.0
201000054542,0010-06-18 18:40:00,10,6,18,18,40,950,219,CERNAY (BOULEVARD DE),48.9809,2.2489,Plein jour,En agglomération,Hors intersection,Normale,Deux véhicules - arrière,,,,,,,,,,,1,2,1,1.0,2.0
201000054543,0010-06-21 16:00:00,10,6,21,16,0,950,252,BEL-AIR (BOULEVARD DU),48.9839,2.2439,Plein jour,En agglomération,Hors intersection,Normale,Deux véhicules - côté,,,,,,,,,,,1,2,1,1.0,3.0
201000054544,0010-06-21 16:45:00,10,6,21,16,45,950,252,BEL-AIR (BOULEVARD DU),48.9852,2.2393,Plein jour,En agglomération,Hors intersection,Normale,Deux véhicules - arrière,,,,,,,,,,,1,2,1,1.0,2.0
201000054545,0010-06-22 15:55:00,10,6,22,15,55,950,252,RHIN ET DANUBE (BOULEVAR,48.9897,2.2292,Plein jour,En agglomération,Hors intersection,Normale,Deux véhicules - arrière,,,,,,,,,,,1,2,1,1.0,2.0
201000054546,0010-06-26 11:15:00,10,6,26,11,15,950,219,CHARLES GOUNOD (RUE),48.9965,2.2487,Plein jour,En agglomération,Hors intersection,Normale,Deux véhicules - côté,,,,,,,,,,,1,2,1,1.0,3.0
201000054547,0010-07-11 19:00:00,10,7,11,19,0,950,252,GENERAL LECLERC (RUE DU),48.9846,2.2259,Plein jour,En agglomération,Intersection en T,Normale,Deux véhicules - côté,,,,,,,,,,,1,2,3,1.0,3.0
201000054548,0010-07-17 17:25:00,10,7,17,17,25,950,426,ARMAND HAYEM (BD),49.0115,2.2816,Plein jour,En agglomération,Intersection en X,Normale,Deux véhicules - frontale,,,,,,,,,,,1,2,2,1.0,1.0
201000054549,0010-07-18 18:25:00,10,7,18,18,25,950,203,TARBE DES SABLONS (RUE),48.9955,2.2714,Plein jour,En agglomération,Giratoire,Normale,Deux véhicules - côté,,,,,,,,,,,1,2,6,1.0,3.0
201000054550,0010-07-29 12:50:00,10,7,29,12,50,950,219,"26, rue TOULOUSE LAUTREC",48.9947,2.2549,Plein jour,En agglomération,Hors intersection,Normale,Deux véhicules - frontale,,,,,,,,,,,1,2,1,1.0,1.0
201000054551,0010-08-05 21:10:00,10,8,5,21,10,950,252,"11, MARE DES NOUES (RUE",48.9887,2.2414,Nuit avec éclairage allumé,En agglomération,Hors intersection,Normale,Autre collision,,,,,,,,,,,5,2,1,1.0,6.0
201000054552,0010-08-06 18:15:00,10,8,6,18,15,950,252,RHIN ET DANUBE (BOULEVAR,48.9885,2.2305,Plein jour,En agglomération,Intersection en X,Normale,Deux véhicules - frontale,,,,,,,,,,,1,2,2,1.0,1.0
201000054553,0010-08-09 19:20:00,10,8,9,19,20,950,252,JULES CESAR (CHAUSSEE),48.9999,2.2263,Plein jour,En agglomération,Intersection en X,Normale,Deux véhicules - côté,,,,,,,,,,,1,2,2,1.0,3.0
201000054554,0010-08-10 11:25:00,10,8,10,11,25,950,203,BRIAND (PLACE ARISTIDE),48.9913,2.2752,Plein jour,En agglomération,Giratoire,Normale,Autre collision,,,,,,,,,,,1,2,6,1.0,6.0
201000054555,0010-08-16 14:50:00,10,8,16,14,50,950,203,MATLOCK (AVENUE),48.9934,2.2749,Plein jour,En agglomération,Giratoire,Normale,Deux véhicules - côté,,,,,,,,,,,1,2,6,1.0,3.0
201000054556,0010-08-21 12:30:00,10,8,21,12,30,950,252,Place Charles DE GAULLE,48.9843,2.2273,Plein jour,En agglomération,Hors intersection,Normale,Autre collision,,,,,,,,,,,1,2,1,1.0,6.0
201000054557,0010-08-23 08:00:00,10,8,23,8,0,950,203,AVENUE JEANNE D'ARC,48.9911,2.2787,Plein jour,En agglomération,Intersection en T,Normale,Autre collision,,,,,,,,,,,1,2,3,1.0,6.0
201000054558,0010-08-29 15:25:00,10,8,29,15,25,950,491,PERI (RUE GABRIEL),49.0003,2.2422,Plein jour,En agglomération,Hors intersection,Normale,Deux véhicules - côté,,,,,,,,,,,1,2,1,1.0,3.0
201000054559,0010-09-06 10:35:00,10,9,6,10,35,950,203,ROBILLON (RUE JEANNE),48.9926,2.2768,Plein jour,En agglomération,Intersection en T,Normale,Deux véhicules - côté,,,,,,,,,,,1,2,3,1.0,3.0
201000054560,0010-09-08 19:05:00,10,9,8,19,5,950,203,LECLERC (RUE DU GENERAL),48.9855,2.2727,Crépuscule ou aube,En agglomération,Hors intersection,Normale,Autre collision,,,,,,,,,,,2,2,1,1.0,6.0
201000054561,0010-09-08 20:55:00,10,9,8,20,55,950,426,ARMAND HAYEM (BD),49.0126,2.2815,Crépuscule ou aube,En agglomération,Hors intersection,Normale,Autre collision,,,,,,,,,,,2,2,1,1.0,6.0
201000054562,0010-09-20 17:45:00,10,9,20,17,45,950,426,ROSIERS (RUE DES ),49.0114,2.2839,Plein jour,En agglomération,Hors intersection,Normale,Autre collision,,,,,,,,,,,1,2,1,1.0,6.0
201000054563,0010-09-21 22:45:00,10,9,21,22,45,950,252,MARAIS (AVENUE DES),48.9907,2.2231,Nuit avec éclairage allumé,En agglomération,Hors intersection,Normale,Deux véhicules - côté,,,,,,,,,,,5,2,1,1.0,3.0
201000054564,0010-09-30 08:20:00,10,9,30,8,20,950,252,GENERAL LECLERC (RUE DU),48.9839,2.2272,Plein jour,En agglomération,Hors intersection,Normale,Autre collision,,,,,,,,,,,1,2,1,1.0,6.0
201000054565,0010-09-30 08:05:00,10,9,30,8,5,950,219,NOEL SEYSSEN (RUE),48.9801,2.2574,Plein jour,En agglomération,Intersection en T,Normale,Deux véhicules - côté,,,,,,,,,,,1,2,3,1.0,3.0
201000054566,0010-10-01 20:10:00,10,10,1,20,10,950,219,CORA (AV G Pompidou),48.988,2.247,Plein jour,En agglomération,Hors intersection,Normale,Deux véhicules - côté,,,,,,,,,,,1,2,1,1.0,3.0
201000054567,0010-10-04 13:45:00,10,10,4,13,45,950,252,TAVERNY (RUE DE),48.9883,2.2228,Plein jour,En agglomération,Hors intersection,Normale,Autre collision,,,,,,,,,,,1,2,1,1.0,6.0
201000054568,0010-10-12 18:15:00,10,10,12,18,15,950,574,GENERAL LECLERC (AVENUE,49.0029,2.2619,Plein jour,En agglomération,Hors intersection,Normale,Deux véhicules - frontale,,,,,,,,,,,1,2,1,1.0,1.0
201000054569,0010-10-14 10:50:00,10,10,14,10,50,950,219,CERNAY (BOULEVARD DE),48.9821,2.2462,Plein jour,En agglomération,Giratoire,Normale,Deux véhicules - côté,,,,,,,,,,,1,2,6,1.0,3.0
201000054570,0010-10-16 10:00:00,10,10,16,10,0,950,219,HALTE (RUE DE LA),48.9897,2.2608,Plein jour,En agglomération,Hors intersection,Normale,Autre collision,,,,,,,,,,,1,2,1,1.0,6.0
201000054571,0010-10-19 16:10:00,10,10,19,16,10,950,219,MAGASIN CORA (AVENUE GEO,48.9881,2.2472,Plein jour,En agglomération,Hors intersection,Normale,Deux véhicules - côté,,,,,,,,,,,1,2,1,1.0,3.0
201000054572,0010-10-26 09:30:00,10,10,26,9,30,950,219,"67, JULES CESAR (CHAUSSE",48.9856,2.2692,Plein jour,En agglomération,Hors intersection,Normale,Autre collision,,,,,,,,,,,1,2,1,1.0,6.0
201000054573,0010-10-28 17:10:00,10,10,28,17,10,950,219,"18, R DE STALINGRAD",48.9882,2.2579,Plein jour,En agglomération,Hors intersection,Normale,Autre collision,,,,,,,,,,,1,2,1,1.0,6.0
201000054574,0010-11-04 14:50:00,10,11,4,14,50,950,219,STAND (RUE DU),48.9968,2.2512,Plein jour,En agglomération,Hors intersection,Normale,Autre collision,,,,,,,,,,,1,2,1,1.0,6.0
201000054575,0010-11-08 19:45:00,10,11,8,19,45,950,219,18 JUIN (RUE DU),48.9894,2.2581,Nuit avec éclairage allumé,En agglomération,Hors intersection,Normale,Autre collision,,,,,,,,,,,5,2,1,1.0,6.0
201000054576,0010-11-13 19:20:00,10,11,13,19,20,950,203,JARDINS (RUE DES),48.9907,2.2727,Nuit avec éclairage allumé,En agglomération,Hors intersection,Pluie forte,Autre collision,,,,,,,,,,,5,2,1,3.0,6.0
201000054577,0010-11-17 09:00:00,10,11,17,9,0,950,252,FRERES BRAET (RUE DES),48.9874,2.2139,Plein jour,En agglomération,Intersection en T,Normale,Deux véhicules - arrière,,,,,,,,,,,1,2,3,1.0,2.0
201000054578,0010-11-19 20:30:00,10,11,19,20,30,950,203,RUE GENERAL LECLERC,48.9885,2.274,Nuit avec éclairage allumé,En agglomération,Hors intersection,Normale,Autre collision,,,,,,,,,,,5,2,1,1.0,6.0