accident_id,datetime,annee,mois,jour,heure,minute,departement,commune_insee,adresse,latitude,longitude,luminosite,agglomeration,intersection,meteo,collision,nb_vehicules,nb_usagers,nb_indemnes,nb_tues,nb_blesses_hosp,nb_blesses_legers,age_cond_1,age_cond_2,veh_type_cond_1,veh_type_cond_2,lum_code,agg_code,int_code,atm_code,col_code
201000054579,0010-11-26 19:05:00,10,11,26,19,5,950,219,STALINGRAD (RUE DE),48.9875,2.2579,Nuit avec éclairage non allumé,En agglomération,Hors intersection,Normale,Autre collision,,,,,,,,,,,4,2,1,1.0,6.0
201000054580,0010-11-29 13:40:00,10,11,29,13,40,950,491,PASTEUR (RUE),48.9989,2.2398,Plein jour,En agglomération,Giratoire,Normale,Deux véhicules - côté,,,,,,,,,,,1,2,6,1.0,3.0
201000054581,0010-12-03 10:05:00,10,12,3,10,5,950,203,D'ARC (AVENUE JEANNE),48.9905,2.2775,Plein jour,En agglomération,Hors intersection,Normale,Autre collision,,,,,,,,,,,1,2,1,1.0,6.0
201000054582,0010-12-03 16:05:00,10,12,3,16,5,950,219,RUE NADINE,48.9862,2.2606,Plein jour,En agglomération,Intersection en T,Normale,Autre collision,,,,,,,,,,,1,2,3,1.0,6.0
201000054583,0010-12-04 17:51:00,10,12,4,17,51,950,203,"83, SAINT LEU (ROUTE DE)",48.9989,2.2663,Crépuscule ou aube,En agglomération,Hors intersection,Neige / grêle,Sans collision,,,,,,,,,,,2,2,1,4.0,7.0
201000054584,0010-12-21 11:25:00,10,12,21,11,25,950,252,BD DU BEL AIR,48.9877,2.2323,Plein jour,En agglomération,Intersection en X,Normale,Autre collision,,,,,,,,,,,1,2,2,1.0,6.0
201000054585,0010-04-15 09:10:00,10,4,15,9,10,950,219,GENERAL LECLERC (Rue du,48.9801,2.2705,Plein jour,En agglomération,Giratoire,Normale,Autre collision,,,,,,,,,,,1,2,6,1.0,6.0
201000054586,0010-03-29 17:20:00,10,3,29,17,20,950,252,"57, Avenue des Marais",48.9991,2.2189,Plein jour,En agglomération,Hors intersection,Normale,Sans collision,,,,,,,,,,,1,2,1,1.0,7.0
201000054587,0010-06-07 17:20:00,10,6,7,17,20,950,574,PARQUETS (ROUTE DES),49.0176,2.2806,Plein jour,En agglomération,Hors intersection,Normale,Autre collision,,,,,,,,,,,1,2,1,1.0,6.0
201000054588,0010-06-09 17:55:00,10,6,9,17,55,950,203,Route de MONTLIGNON,49.0007,2.2786,Plein jour,En agglomération,Hors intersection,Normale,Deux véhicules - côté,,,,,,,,,,,1,2,1,1.0,3.0
201000054589,0010-08-02 11:35:00,10,8,2,11,35,950,252,Chemin deGRATTES-BOEUFS,48.9919,2.2161,Plein jour,En agglomération,Hors intersection,Normale,Deux véhicules - frontale,,,,,,,,,,,1,2,1,1.0,1.0
201000054590,0010-06-11 13:35:00,10,6,11,13,35,950,582,LOGES (RUE DES),48.9803,2.2441,Plein jour,En agglomération,Intersection en T,Normale,Autre collision,,,,,,,,,,,1,2,3,1.0,6.0
201000054591,0010-10-28 16:43:00,10,10,28,16,43,950,426,"32, PARIS (ROUTE DE)",49.0104,2.2851,Plein jour,En agglomération,Hors intersection,Normale,Deux véhicules - arrière,,,,,,,,,,,1,2,1,1.0,2.0
201000054592,0010-11-09 13:50:00,10,11,9,13,50,950,203,PLACE ETIENNE DOLET,48.9915,2.2792,Plein jour,En agglomération,Hors intersection,Normale,Deux véhicules - côté,,,,,,,,,,,1,2,1,1.0,3.0
201000054593,0010-11-13 19:05:00,10,11,13,19,5,950,203,BRIAND (PLACE ARISTIDE),48.9913,2.2753,Nuit avec éclairage allumé,En agglomération,Giratoire,Pluie forte,Deux véhicules - frontale,,,,,,,,,,,5,2,6,3.0,1.0
201000054594,0010-10-23 17:03:00,10,10,23,17,3,950,203,LECLERC (RUE DU GENERAL),48.9805,2.2705,Plein jour,En agglomération,Hors intersection,Normale,Deux véhicules - côté,,,,,,,,,,,1,2,1,1.0,3.0
201000054595,0010-10-25 09:07:00,10,10,25,9,7,950,219,FRANCONVILLE (ROUTE DE),48.9887,2.2516,Plein jour,En agglomération,Hors intersection,Normale,Autre collision,,,,,,,,,,,1,2,1,1.0,6.0
201000054596,0010-12-17 17:20:00,10,12,17,17,20,950,203,"41, PARIS (AVENUE DE)",48.9914,2.2875,Plein jour,En agglomération,Hors intersection,Neige / grêle,Autre collision,,,,,,,,,,,1,2,1,4.0,6.0
201000054597,0010-03-16 13:20:00,10,3,16,13,20,950,491,JULES CESAR (CHAUSSEE),48.9966,2.2361,Plein jour,En agglomération,Intersection en T,Normale,Deux véhicules - côté,,,,,,,,,,,1,2,3,1.0,3.0
201000054598,0010-06-28 05:35:00,10,6,28,5,35,950,268,BD DE LA MUETTE,48.9719,2.4194,Crépuscule ou aube,En agglomération,Giratoire,Normale,Sans collision,,,,,,,,,,,2,2,6,1.0,7.0
201000054599,0010-08-29 10:35:00,10,8,29,10,35,950,268,AV GENERAL DE GAULLE,48.9761,2.3945,Plein jour,En agglomération,Intersection en X,Normale,Deux véhicules - côté,,,,,,,,,,,1,2,2,1.0,3.0
201000054600,0010-07-21 12:20:00,10,7,21,12,20,950,268,DE LAMARTINE (PLACE ALPH,48.9754,2.3956,Plein jour,En agglomération,Hors intersection,Normale,Autre collision,,,,,,,,,,,1,2,1,1.0,6.0
201000054601,0010-04-18 00:15:00,10,4,18,0,15,950,268,"20, HUIT MAI 1945 (AVENU",48.9733,2.4001,Nuit avec éclairage allumé,En agglomération,Intersection en T,Normale,Deux véhicules - côté,,,,,,,,,,,5,2,3,1.0,3.0
201000054602,0010-07-07 18:00:00,10,7,7,18,0,950,268,AV DE STALINGRAD,48.9633,2.4042,Plein jour,En agglomération,Hors intersection,Normale,Autre collision,,,,,,,,,,,1,2,1,1.0,6.0
201000054603,0010-07-16 18:30:00,10,7,16,18,30,950,268,RD 84A,48.9588,2.4153,Plein jour,En agglomération,Hors intersection,Normale,Autre collision,,,,,,,,,,,1,2,1,1.0,6.0
201000054604,0010-10-02 21:25:00,10,10,2,21,25,950,268,AV DE STALINGRAD,48.9626,2.4028,Nuit avec éclairage allumé,En agglomération,Hors intersection,Normale,Deux véhicules - côté,,,,,,,,,,,5,2,1,1.0,3.0
201000054605,0010-10-26 03:15:00,10,10,26,3,15,950,268,AV DE STALINGRAD,48.9665,2.4092,Nuit avec éclairage allumé,En agglomération,Intersection en X,Normale,Deux véhicules - côté,,,,,,,,,,,5,2,2,1.0,3.0
201000054606,0010-10-26 16:30:00,10,10,26,16,30,950,268,DE GAULLE (AVENUE DU GEN,48.9744,2.3987,Plein jour,En agglomération,Intersection en T,Temps couvert,Deux véhicules - côté,,,,,,,,,,,1,2,3,8.0,3.0
201000054607,0010-08-10 21:25:00,10,8,10,21,25,950,268,7 AV DE STALINGRAD,48.9601,2.3995,Nuit avec éclairage allumé,En agglomération,Hors intersection,Pluie forte,Autre collision,,,,,,,,,,,5,2,1,3.0,6.0
201000054608,0010-09-10 19:35:00,10,9,10,19,35,950,268,03 Avenue JOLIOT CURIE,48.9764,2.4083,Plein jour,En agglomération,Hors intersection,Normale,Autre collision,,,,,,,,,,,1,2,1,1.0,6.0
201000054609,0010-11-15 09:05:00,10,11,15,9,5,950,268,R JEAN FRANCOIS CHALGRIN,48.9713,2.4015,Plein jour,En agglomération,Hors intersection,Temps couvert,Autre collision,,,,,,,,,,,1,2,1,8.0,6.0
201000054610,0010-01-13 14:45:00,10,1,13,14,45,950,19,CHRIST (ROND POINT DU),48.9766,2.4233,Plein jour,En agglomération,Giratoire,Autre,Deux véhicules - côté,,,,,,,,,,,1,2,6,9.0,3.0
201000054611,0010-01-05 17:40:00,10,1,5,17,40,950,277,"1,R PIERRE CURIE",48.9822,2.4506,Plein jour,En agglomération,Hors intersection,Temps couvert,Deux véhicules - frontale,,,,,,,,,,,1,2,1,8.0,1.0
201000054612,0010-02-08 12:50:00,10,2,8,12,50,950,277,R BERTHELOT,48.9844,2.4621,Plein jour,En agglomération,Hors intersection,Normale,Deux véhicules - arrière,,,,,,,,,,,1,2,1,1.0,2.0
201000054613,0010-03-03 17:00:00,10,3,3,17,0,950,277,GAY LUSSAC (RUE),48.9836,2.4595,Plein jour,En agglomération,Hors intersection,Normale,Deux véhicules - arrière,,,,,,,,,,,1,2,1,1.0,2.0
201000054614,0010-05-28 11:35:00,10,5,28,11,35,950,277,SQUARE DU NORD,49.0043,2.4207,Plein jour,En agglomération,Hors intersection,Normale,Autre collision,,,,,,,,,,,1,2,1,1.0,6.0
201000054615,0010-05-28 13:00:00,10,5,28,13,0,950,280,AVENUE MARCEAU,49.0279,2.4639,Plein jour,En agglomération,Hors intersection,Normale,Autre collision,,,,,,,,,,,1,2,1,1.0,6.0
201000054616,0010-06-07 08:45:00,10,6,7,8,45,950,19,AV DE LA REPUBLIQUE,48.9802,2.4239,Plein jour,En agglomération,Hors intersection,Normale,Trois véhicules et plus - collisions multiples,,,,,,,,,,,1,2,1,1.0,5.0
201000054617,0010-06-18 19:05:00,10,6,18,19,5,950,280,ALL MAURICE RAVEL,49.0362,2.4617,Plein jour,En agglomération,Hors intersection,Normale,Autre collision,,,,,,,,,,,1,2,1,1.0,6.0
201000054618,0010-06-18 23:45:00,10,6,18,23,45,950,19,R ROGER DEHASQUE,48.9824,2.4252,Nuit sans éclairage public,En agglomération,Hors intersection,Normale,Autre collision,,,,,,,,,,,3,2,1,1.0,6.0
201000054619,0010-07-01 21:10:00,10,7,1,21,10,950,19,R DE BREST,48.9893,2.4125,Crépuscule ou aube,En agglomération,Hors intersection,Normale,Trois véhicules et plus - en chaîne,,,,,,,,,,,2,2,1,1.0,4.0
201000054620,0010-08-30 18:30:00,10,8,30,18,30,950,280,ROUTE DE LA GARE,49.0111,2.4686,Plein jour,En agglomération,Hors intersection,Normale,Deux véhicules - arrière,,,,,,,,,,,1,2,1,1.0,2.0
201000054621,0010-10-03 18:50:00,10,10,3,18,50,950,277,RPT DE BONNEUIL,48.9811,2.4428,Plein jour,En agglomération,Giratoire,Normale,Autre collision,,,,,,,,,,,1,2,6,1.0,6.0
201000054622,0010-02-03 20:30:00,10,2,3,20,30,950,280,"123, VAILLANT COUTURIER",49.0325,2.4729,Nuit avec éclairage allumé,En agglomération,Hors intersection,Normale,Deux véhicules - côté,,,,,,,,,,,5,2,1,1.0,3.0
201000054623,0010-09-18 20:00:00,10,9,18,20,0,950,280,R DES TULIPES,49.0309,2.4726,Plein jour,En agglomération,Intersection en X,Normale,Deux véhicules - arrière,,,,,,,,,,,1,2,2,1.0,2.0
201000054624,0010-02-28 21:35:00,10,2,28,21,35,950,280,SARRAUT ALBERT (AVENUE),49.0366,2.4559,Nuit avec éclairage allumé,En agglomération,Intersection en T,Autre,Deux véhicules - côté,,,,,,,,,,,5,2,3,9.0,3.0
201000054625,0010-04-20 16:40:00,10,4,20,16,40,950,280,SARRAUT ALBERT (AVENUE),49.025,2.4638,Plein jour,En agglomération,Intersection en X,Normale,Autre collision,,,,,,,,,,,1,2,2,1.0,6.0
201000054626,0010-04-20 20:55:00,10,4,20,20,55,950,280,EIFFEL GUSTAVE,49.025,2.4689,Crépuscule ou aube,En agglomération,Hors intersection,Normale,Autre collision,,,,,,,,,,,2,2,1,1.0,6.0
201000054627,0010-04-18 17:50:00,10,4,18,17,50,950,280,"25, GENERAL DE GAULLE(BO",49.0285,2.4737,Plein jour,En agglomération,Hors intersection,Autre,Autre collision,,,,,,,,,,,1,2,1,9.0,6.0
201000054628,0010-05-03 07:50:00,10,5,3,7,50,950,280,GARE (ROUTE DE LA),49.0175,2.4676,Plein jour,En agglomération,Hors intersection,Autre,Deux véhicules - arrière,,,,,,,,,,,1,2,1,9.0,2.0
201000054629,0010-05-08 22:05:00,10,5,8,22,5,950,280,SARRAUT ALBERT (AVENUE),49.0361,2.4563,Crépuscule ou aube,En agglomération,Intersection en T,Normale,Autre collision,,,,,,,,,,,2,2,3,1.0,6.0
201000054630,0010-04-24 06:40:00,10,4,24,6,40,950,280,SARRAUT ALBERT (AVENUE),49.0309,2.4595,Crépuscule ou aube,En agglomération,Intersection en X,Normale,Autre collision,,,,,,,,,,,2,2,2,1.0,6.0
201000054631,0010-04-11 00:10:00,10,4,11,0,10,950,277,PARIS (RUE DE),48.9866,2.4511,Nuit avec éclairage allumé,En agglomération,Hors intersection,Normale,Autre collision,,,,,,,,,,,5,2,1,1.0,6.0
201000054632,0010-05-14 18:40:00,10,5,14,18,40,950,277,RD 317,48.9802,2.4665,Plein jour,En agglomération,Hors intersection,Normale,Autre collision,,,,,,,,,,,1,2,1,1.0,6.0
201000054633,0010-06-13 20:00:00,10,6,13,20,0,950,277,BLUM LEON (Avenue),49.0044,2.4237,Plein jour,En agglomération,Hors intersection,Normale,Trois véhicules et plus - collisions multiples,,,,,,,,,,,1,2,1,1.0,5.0
201000054634,0010-05-15 19:30:00,10,5,15,19,30,950,19,JAURES JEAN (RUE),48.9906,2.4177,Plein jour,En agglomération,Intersection en T,Normale,Deux véhicules - côté,,,,,,,,,,,1,2,3,1.0,3.0
201000054635,0010-07-08 08:20:00,10,7,8,8,20,950,277,R D'ARSONVAL,48.9896,2.4579,Plein jour,En agglomération,Hors intersection,Normale,Deux véhicules - arrière,,,,,,,,,,,1,2,1,1.0,2.0
201000054636,0010-05-24 13:50:00,10,5,24,13,50,950,19,MARAT (RUE),48.9834,2.4237,Plein jour,En agglomération,Intersection en X,Normale,Autre collision,,,,,,,,,,,1,2,2,1.0,6.0
201000054637,0010-08-09 09:55:00,10,8,9,9,55,950,277,RUE BERTHELOT,48.9839,2.4585,Plein jour,En agglomération,Intersection en T,Normale,Deux véhicules - côté,,,,,,,,,,,1,2,3,1.0,3.0
201000054638,0010-08-15 23:50:00,10,8,15,23,50,950,280,AV ALBERT SARRAUT,49.0333,2.4581,Nuit avec éclairage allumé,En agglomération,Intersection en T,Pluie légère,Deux véhicules - côté,,,,,,,,,,,5,2,3,2.0,3.0
201000054639,0010-09-12 05:30:00,10,9,12,5,30,950,88,R DE PARIS,48.9749,2.4292,Nuit avec éclairage allumé,En agglomération,Hors intersection,Normale,Deux véhicules - côté,,,,,,,,,,,5,2,1,1.0,3.0
201000054640,0010-10-10 08:50:00,10,10,10,8,50,950,277,R DE PARIS,48.9843,2.4406,Plein jour,En agglomération,Intersection en X,Normale,Deux véhicules - côté,,,,,,,,,,,1,2,2,1.0,3.0
201000054641,0010-09-17 17:30:00,10,9,17,17,30,950,280,COUTURIER PAUL VAILLANT,49.0318,2.4652,Plein jour,En agglomération,Hors intersection,Normale,Autre collision,,,,,,,,,,,1,2,1,1.0,6.0
201000054642,0010-11-06 18:05:00,10,11,6,18,5,950,19,R ACCART,48.9797,2.4283,Nuit avec éclairage allumé,En agglomération,Hors intersection,Pluie forte,Autre collision,,,,,,,,,,,5,2,1,3.0,6.0
201000054643,0010-10-07 14:45:00,10,10,7,14,45,950,19,AV DENIS PAPIN,48.9936,2.4145,Plein jour,En agglomération,Intersection en T,Normale,Deux véhicules - côté,,,,,,,,,,,1,2,3,1.0,3.0
201000054644,0010-11-03 13:50:00,10,11,3,13,50,950,277,R GABRIEL PERI,48.9939,2.4243,Plein jour,En agglomération,Hors intersection,Normale,Autre collision,,,,,,,,,,,1,2,1,1.0,6.0
201000054645,0010-01-15 16:40:00,10,1,15,16,40,950,306,ECOLE (RUE DES),49.0063,2.1297,Plein jour,En agglomération,Hors intersection,Normale,Autre collision,,,,,,,,,,,1,2,1,1.0,6.0
201000054646,0010-01-19 08:45:00,10,1,19,8,45,950,306,BOEUFS (CHEMIN DES ),49.0153,2.1369,Plein jour,En agglomération,Intersection en T,Normale,Deux véhicules - côté,,,,,,,,,,,1,2,3,1.0,3.0
201000054647,0010-01-23 10:15:00,10,1,23,10,15,950,306,"248,CONFLANS (ROUTE DE)",49.0011,2.1419,Plein jour,En agglomération,Hors intersection,Normale,Deux véhicules - frontale,,,,,,,,,,,1,2,1,1.0,1.0
201000054648,0010-02-05 09:10:00,10,2,5,9,10,950,306,11EME AVENUE,49.0057,2.1482,Plein jour,En agglomération,Hors intersection,Normale,Deux véhicules - côté,,,,,,,,,,,1,2,1,1.0,3.0
201000054649,0010-02-23 18:30:00,10,2,23,18,30,950,306,CONFLANS (Route de),49.0026,2.1359,Crépuscule ou aube,Hors agglomération,Hors intersection,Pluie légère,Deux véhicules - côté,,,,,,,,,,,2,1,1,2.0,3.0
201000054650,0010-03-04 07:25:00,10,3,4,7,25,950,306,LIBERATION (AVENUE DE LA,49.0029,2.1868,Plein jour,En agglomération,Hors intersection,Normale,Deux véhicules - côté,,,,,,,,,,,1,2,1,1.0,3.0
201000054651,0010-03-09 20:35:00,10,3,9,20,35,950,424,"0, HERBLAY (RUE D')",48.9911,2.1809,Nuit avec éclairage allumé,Hors agglomération,Hors intersection,Normale,Deux véhicules - côté,,,,,,,,,,,5,1,1,1.0,3.0
201000054652,0010-03-12 09:10:00,10,3,12,9,10,950,424,"8, GRANDE RUE (RUE)",48.9862,2.1887,Plein jour,En agglomération,Hors intersection,Normale,Deux véhicules - arrière,,,,,,,,,,,1,2,1,1.0,2.0
201000054653,0010-03-12 12:30:00,10,3,12,12,30,950,424,"0, VICTOR BORDIER (BOULE",48.9958,2.1914,Plein jour,En agglomération,Hors intersection,Normale,Deux véhicules - côté,,,,,,,,,,,1,2,1,1.0,3.0
201000054654,0010-03-13 11:45:00,10,3,13,11,45,950,306,"0, CONFLANS (ROUTE DE)",48.9997,2.1489,Plein jour,En agglomération,Hors intersection,Normale,Autre collision,,,,,,,,,,,1,2,1,1.0,6.0
201000054655,0010-03-18 11:20:00,10,3,18,11,20,950,424,", VICTOR BORDIER (BOULEV",48.9942,2.1946,Plein jour,En agglomération,Intersection en X,Normale,Autre collision,,,,,,,,,,,1,2,2,1.0,6.0
201000054656,0010-03-22 16:30:00,10,3,22,16,30,950,306,"272, CONFLANS (ROUTE DE)",49.0016,2.1401,Plein jour,En agglomération,Hors intersection,Normale,Autre collision,,,,,,,,,,,1,2,1,1.0,6.0
201000054657,0010-03-27 12:40:00,10,3,27,12,40,950,306,"0, CONFLANS (ROUTE DE)",49.0043,2.1294,Plein jour,En agglomération,Intersection en X,Normale,Deux véhicules - côté,,,,,,,,,,,1,2,2,1.0,3.0
201000054658,0010-04-01 17:05:00,10,4,1,17,5,950,424,RENE BENAY (RUE),49.0001,2.1912,Plein jour,En agglomération,Intersection en X,Normale,Deux véhicules - côté,,,,,,,,,,,1,2,2,1.0,3.0
201000054659,0010-04-04 06:15:00,10,4,4,6,15,950,306,CONFLANS (RUE DE),48.995,2.1554,Nuit avec éclairage allumé,En agglomération,Hors intersection,Pluie légère,Autre collision,,,,,,,,,,,5,2,1,2.0,6.0
201000054660,0010-04-05 11:55:00,10,4,5,11,55,950,257,"117, PONTOISE (BOULEVARD",48.9804,2.1825,Plein jour,En agglomération,Hors intersection,Normale,Deux véhicules - côté,,,,,,,,,,,1,2,1,1.0,3.0
201000054661,0010-04-05 13:50:00,10,4,5,13,50,950,424,PONTOISE (BOULEVARD DE),48.9908,2.1816,Plein jour,En agglomération,Intersection en X,Normale,Deux véhicules - côté,,,,,,,,,,,1,2,2,1.0,3.0
201000054662,0010-04-16 16:10:00,10,4,16,16,10,950,424,PONTOISE (BOULEVARD),48.9887,2.1818,Plein jour,En agglomération,Hors intersection,Normale,Trois véhicules et plus - collisions multiples,,,,,,,,,,,1,2,1,1.0,5.0
201000054663,0010-04-24 08:15:00,10,4,24,8,15,950,306,"31, 11 NOVEMBRE (BOULEVA",48.9882,2.1666,Plein jour,En agglomération,Hors intersection,Normale,Deux véhicules - côté,,,,,,,,,,,1,2,1,1.0,3.0
201000054664,0010-04-24 19:20:00,10,4,24,19,20,950,306,GENERALE DE GAULLE (RUE,48.9903,2.1659,Plein jour,En agglomération,Hors intersection,Normale,Deux véhicules - côté,,,,,,,,,,,1,2,1,1.0,3.0
201000054665,0010-05-02 18:25:00,10,5,2,18,25,950,306,GAI SAVOIR (RUE DU),49.0153,2.128,Plein jour,En agglomération,Hors intersection,Normale,Deux véhicules - frontale,,,,,,,,,,,1,2,1,1.0,1.0
201000054666,0010-05-11 19:40:00,10,5,11,19,40,950,424,MARE EPINEUSE (CHEMIN,48.9917,2.2067,Plein jour,En agglomération,Hors intersection,Normale,Deux véhicules - arrière,,,,,,,,,,,1,2,1,1.0,2.0
201000054667,0010-05-14 17:15:00,10,5,14,17,15,950,257,SEINE (QUAI DE),48.971,2.18,Plein jour,En agglomération,Hors intersection,Normale,Deux véhicules - arrière,,,,,,,,,,,1,2,1,1.0,2.0
201000054668,0010-05-16 02:50:00,10,5,16,2,50,950,306,"37, 11 NOVEMBRE (BOULEVA",48.988,2.1668,Nuit avec éclairage allumé,En agglomération,Hors intersection,Normale,Autre collision,,,,,,,,,,,5,2,1,1.0,6.0
201000054669,0010-05-14 19:10:00,10,5,14,19,10,950,306,"21, CONFLANS (RUE DE)",48.9927,2.1607,Plein jour,En agglomération,Hors intersection,Normale,Autre collision,,,,,,,,,,,1,2,1,1.0,6.0
201000054670,0010-05-18 07:55:00,10,5,18,7,55,950,306,OSCAR THEVENIN (BOULEVAR,48.9904,2.1629,Plein jour,En agglomération,Hors intersection,Normale,Deux véhicules - arrière,,,,,,,,,,,1,2,1,1.0,2.0
201000054671,0010-05-21 18:50:00,10,5,21,18,50,950,306,"311, CONFLANS (ROUTE DE)",49.0024,2.1366,Plein jour,En agglomération,Hors intersection,Normale,Deux véhicules - côté,,,,,,,,,,,1,2,1,1.0,3.0
201000054672,0010-06-05 13:16:00,10,6,5,13,16,950,424,FRANCES (AVENUE DES),48.9984,2.2047,Plein jour,En agglomération,Intersection en T,Normale,Deux véhicules - côté,,,,,,,,,,,1,2,3,1.0,3.0
201000054673,0010-06-14 08:50:00,10,6,14,8,50,950,306,BOL D'AIR (AVENUE DU),49.0047,2.1283,Plein jour,En agglomération,Hors intersection,Normale,Autre collision,,,,,,,,,,,1,2,1,1.0,6.0
201000054674,0010-06-28 10:30:00,10,6,28,10,30,950,424,VICTOR BORDIER (Boulevar,48.9932,2.1973,Plein jour,En agglomération,Hors intersection,Normale,Autre collision,,,,,,,,,,,1,2,1,1.0,6.0
201000054675,0010-07-04 01:55:00,10,7,4,1,55,950,306,PAUL LANGEVIN (AVENUE),49.0016,2.175,Nuit avec éclairage allumé,En agglomération,Hors intersection,Normale,Autre collision,,,,,,,,,,,5,2,1,1.0,6.0
201000054676,0010-07-28 12:20:00,10,7,28,12,20,950,424,PONTOISE (BOULEVARD DE),48.9893,2.1819,Plein jour,En agglomération,Hors intersection,Normale,Deux véhicules - arrière,,,,,,,,,,,1,2,1,1.0,2.0
201000054677,0010-08-26 17:40:00,10,8,26,17,40,950,424,"149, VICTOR BORDIER (BOU",48.9962,2.1907,Plein jour,En agglomération,Intersection en T,Normale,Autre collision,,,,,,,,,,,1,2,3,1.0,6.0
201000054678,0010-08-28 22:40:00,10,8,28,22,40,950,257,LILAS (AVENUE DES),48.9632,2.1824,Nuit avec éclairage allumé,En agglomération,Hors intersection,Normale,Autre collision,,,,,,,,,,,5,2,1,1.0,6.0
201000054679,0010-09-05 14:55:00,10,9,5,14,55,950,306,CONFLANS (ROUTE DE),49.0022,2.1376,Plein jour,Hors agglomération,Hors intersection,Normale,Deux véhicules - côté,,,,,,,,,,,1,1,1,1.0,3.0
201000054680,0010-09-05 18:30:00,10,9,5,18,30,950,424,"30/32, MONT DU FEU (ALLE",48.987,2.1792,Plein jour,En agglomération,Hors intersection,Normale,Deux véhicules - frontale,,,,,,,,,,,1,2,1,1.0,1.0
201000054681,0010-09-05 18:35:00,10,9,5,18,35,950,424,"12, GUSTAVE COURBET (RUE",48.9957,2.2046,Plein jour,En agglomération,Hors intersection,Normale,Autre collision,,,,,,,,,,,1,2,1,1.0,6.0
201000054682,0010-09-06 09:30:00,10,9,6,9,30,950,424,Bd de pontoise,48.9899,2.1818,Plein jour,En agglomération,Intersection en T,Normale,Deux véhicules - côté,,,,,,,,,,,1,2,3,1.0,3.0
201000054683,0010-09-08 19:05:00,10,9,8,19,5,950,306,9 EME AVENUE,49.0051,2.1715,Plein jour,En agglomération,Hors intersection,Normale,Deux véhicules - arrière,,,,,,,,,,,1,2,1,1.0,2.0
201000054684,0010-09-10 08:20:00,10,9,10,8,20,950,306,"13, ROUE (CHEMIN DE LA)",48.9958,2.1759,Plein jour,En agglomération,Hors intersection,Normale,Trois véhicules et plus - en chaîne,,,,,,,,,,,1,2,1,1.0,4.0
201000054685,0010-09-18 15:05:00,10,9,18,15,5,950,306,Rue GENERAL DE GAULLE,48.9904,2.1662,Plein jour,En agglomération,Intersection en X,Normale,Deux véhicules - frontale,,,,,,,,,,,1,2,2,1.0,1.0
201000054686,0010-09-23 10:30:00,10,9,23,10,30,950,424,FRANCES (AVENUE DES),48.9996,2.2057,Plein jour,En agglomération,Hors intersection,Normale,Autre collision,,,,,,,,,,,1,2,1,1.0,6.0
201000054687,0010-09-29 19:05:00,10,9,29,19,5,950,424,Rue VAN GOGH,48.9966,2.1995,Plein jour,En agglomération,Hors intersection,Normale,Autre collision,,,,,,,,,,,1,2,1,1.0,6.0
201000054688,0010-10-03 17:25:00,10,10,3,17,25,950,306,RUE DE CONFLANS,48.998,2.1524,Plein jour,En agglomération,Intersection en T,Normale,Trois véhicules et plus - collisions multiples,,,,,,,,,,,1,2,3,1.0,5.0
201000054689,0010-10-16 15:15:00,10,10,16,15,15,950,424,VOLTAIRE (RUE),48.9922,2.1995,Plein jour,En agglomération,Hors intersection,Normale,Autre collision,,,,,,,,,,,1,2,1,1.0,6.0
201000054690,0010-10-18 10:50:00,10,10,18,10,50,950,424,VICTOR BORDIER (BOUL,48.9929,2.1975,Plein jour,En agglomération,Hors intersection,Temps éblouissant,Autre collision,,,,,,,,,,,1,2,1,7.0,6.0
201000054691,0010-10-22 17:00:00,10,10,22,17,0,950,424,GENERAL DE GAULLE (RUE,48.9917,2.1929,Plein jour,En agglomération,Intersection en X,Normale,Deux véhicules - côté,,,,,,,,,,,1,2,2,1.0,3.0
201000054692,0010-10-30 08:15:00,10,10,30,8,15,950,424,"234, PONTOISE (BOULEVARD",48.9893,2.1818,Plein jour,En agglomération,Hors intersection,Normale,Deux véhicules - côté,,,,,,,,,,,1,2,1,1.0,3.0
201000054693,0010-11-09 07:15:00,10,11,9,7,15,950,424,56 rue JACQUES VERNIOL,48.9907,2.1962,Crépuscule ou aube,En agglomération,Hors intersection,Normale,Deux véhicules - arrière,,,,,,,,,,,2,2,1,1.0,2.0
201000054694,0010-11-29 17:50:00,10,11,29,17,50,950,424,"185, GENERAL DE GAULLE (",49.0037,2.1982,Nuit avec éclairage allumé,En agglomération,Hors intersection,Neige / grêle,Autre collision,,,,,,,,,,,5,2,1,4.0,6.0
201000054695,0010-12-13 07:20:00,10,12,13,7,20,950,424,RUE FORTUNE CHARLOT,48.9878,2.1874,Plein jour,En agglomération,Hors intersection,Neige / grêle,Trois véhicules et plus - en chaîne,,,,,,,,,,,1,2,1,4.0,4.0
201000054696,0010-01-13 10:10:00,10,1,13,10,10,950,487,"25,rue GUY MOQUET",49.1531,2.2803,Plein jour,En agglomération,Intersection en Y,Neige / grêle,Autre collision,,,,,,,,,,,1,2,4,4.0,6.0
201000054697,0010-01-15 17:20:00,10,1,15,17,20,950,487,"149, JACQUES VOGT (AVENU",49.1551,2.2681,Crépuscule ou aube,En agglomération,Intersection en T,Normale,Deux véhicules - arrière,,,,,,,,,,,2,2,3,1.0,2.0
201000054698,0010-01-29 08:35:00,10,1,29,8,35,950,313,SAINT LAZARE,49.108,2.2175,Plein jour,En agglomération,Intersection en X,Pluie légère,Autre collision,,,,,,,,,,,1,2,2,2.0,6.0
201000054699,0010-02-12 08:20:00,10,2,12,8,20,950,52,"65, rue ROUSSEL",49.1389,2.2914,Plein jour,En agglomération,Hors intersection,Normale,Autre collision,,,,,,,,,,,1,2,1,1.0,6.0