accident_id,datetime,annee,mois,jour,heure,minute,departement,commune_insee,adresse,latitude,longitude,luminosite,agglomeration,intersection,meteo,collision,nb_vehicules,nb_usagers,nb_indemnes,nb_tues,nb_blesses_hosp,nb_blesses_legers,age_cond_1,age_cond_2,veh_type_cond_1,veh_type_cond_2,lum_code,agg_code,int_code,atm_code,col_code
201000054700,0010-03-04 08:00:00,10,3,4,8,0,950,313,CONTI (DE),49.1134,2.2105,Plein jour,En agglomération,Intersection en T,Normale,Autre collision,,,,,,,,,,,1,2,3,1.0,6.0
201000054701,0010-03-09 08:35:00,10,3,9,8,35,950,504,"67, PIERRE BROSSOLETTE",49.1149,2.2809,Plein jour,En agglomération,Hors intersection,Normale,Autre collision,,,,,,,,,,,1,2,1,1.0,6.0
201000054702,0010-05-08 14:25:00,10,5,8,14,25,950,452,Rue JEAN SAUNIER,49.1342,2.2823,Plein jour,Hors agglomération,Hors intersection,Normale,Autre collision,,,,,,,,,,,1,1,1,1.0,6.0
201000054703,0010-05-13 17:25:00,10,5,13,17,25,950,504,"83, PIERRE BROSSOLETTE",49.1155,2.2808,Plein jour,En agglomération,Hors intersection,Normale,Autre collision,,,,,,,,,,,1,2,1,1.0,6.0
201000054704,0010-05-29 14:40:00,10,5,29,14,40,950,313,CAPITAINERIE (Ruelle),49.1136,2.2139,Plein jour,En agglomération,Intersection en Y,Normale,Autre collision,,,,,,,,,,,1,2,4,1.0,6.0
201000054705,0010-06-10 16:10:00,10,6,10,16,10,950,313,RD.922,49.1241,2.2497,Plein jour,Hors agglomération,Intersection en X,Normale,Deux véhicules - arrière,,,,,,,,,,,1,1,2,1.0,2.0
201000054706,0010-06-30 14:00:00,10,6,30,14,0,950,487,RD4,49.1525,2.2525,Plein jour,Hors agglomération,Giratoire,Normale,Deux véhicules - côté,,,,,,,,,,,1,1,6,1.0,3.0
201000054707,0010-07-21 13:00:00,10,7,21,13,0,950,313,CAPITAINERIE (rue de la),49.1137,2.2139,Plein jour,En agglomération,Intersection en T,Normale,Autre collision,,,,,,,,,,,1,2,3,1.0,6.0
201000054708,0010-09-04 13:20:00,10,9,4,13,20,950,313,TILSIT (BOULEVARD DE),49.125,2.2481,Plein jour,Hors agglomération,Intersection en X,Normale,Deux véhicules - côté,,,,,,,,,,,1,1,2,1.0,3.0
201000054709,0010-09-04 16:05:00,10,9,4,16,5,950,313,PARIS (AVENUE DE),49.1103,2.2255,Plein jour,En agglomération,Hors intersection,Normale,Deux véhicules - arrière,,,,,,,,,,,1,2,1,1.0,2.0
201000054710,0010-09-10 07:50:00,10,9,10,7,50,950,436,RD 922,49.1284,2.2579,Plein jour,Hors agglomération,Giratoire,Normale,Deux véhicules - côté,,,,,,,,,,,1,1,6,1.0,3.0
201000054711,0010-09-30 08:30:00,10,9,30,8,30,950,487,RD 4,49.1533,2.2575,Plein jour,Hors agglomération,Intersection en X,Pluie légère,Deux véhicules - côté,,,,,,,,,,,1,1,2,2.0,3.0
201000054712,0010-10-13 19:15:00,10,10,13,19,15,950,313,BONSHOMMES (AVENUE DES),49.1114,2.2172,Plein jour,En agglomération,Intersection en Y,Normale,Autre collision,,,,,,,,,,,1,2,4,1.0,6.0
201000054713,0010-11-03 07:10:00,10,11,3,7,10,950,487,207 AV. JACQUES VOGT,49.1568,2.2646,Crépuscule ou aube,En agglomération,Hors intersection,Pluie légère,Autre collision,,,,,,,,,,,2,2,1,2.0,6.0
201000054714,0010-10-20 08:15:00,10,10,20,8,15,950,487,"118, GASTON VERMEIRE",49.1521,2.2739,Crépuscule ou aube,En agglomération,Intersection en T,Normale,Deux véhicules - côté,,,,,,,,,,,2,2,3,1.0,3.0
201000054715,0010-11-06 18:15:00,10,11,6,18,15,950,487,Avenue Jacques VOGT,49.1539,2.2705,Nuit avec éclairage allumé,En agglomération,Hors intersection,Pluie légère,Sans collision,,,,,,,,,,,5,2,1,2.0,7.0
201000054716,0010-11-27 18:40:00,10,11,27,18,40,950,52,"11, R LEON SIMEON",49.1388,2.2894,Nuit avec éclairage allumé,En agglomération,Hors intersection,Normale,Autre collision,,,,,,,,,,,5,2,1,1.0,6.0
201000054717,0010-12-11 03:45:00,10,12,11,3,45,950,504,PIERRE BROSSOLETTE,49.1075,2.2881,Nuit avec éclairage allumé,En agglomération,Intersection en Y,Normale,Deux véhicules - frontale,,,,,,,,,,,5,2,4,1.0,1.0
201000054718,0010-09-09 23:45:00,10,9,9,23,45,950,487,RD 301,49.1515,2.2473,Nuit sans éclairage public,Hors agglomération,Intersection en Y,Normale,Deux véhicules - côté,,,,,,,,,,,3,1,4,1.0,3.0
201000054719,0010-04-03 05:45:00,10,4,3,5,45,950,527,voie rapide PARIS-CDG,49.0093,2.5391,Nuit avec éclairage allumé,Hors agglomération,Hors intersection,Normale,Trois véhicules et plus - en chaîne,,,,,,,,,,,5,1,1,1.0,4.0
201000054720,0010-07-26 10:53:00,10,7,26,10,53,950,527,R du lievre de mars,49.0105,2.5476,Plein jour,Hors agglomération,Hors intersection,Normale,Autre collision,,,,,,,,,,,1,1,1,1.0,6.0
201000054721,0010-01-10 01:20:00,10,1,10,1,20,950,527,voie rapide CdG2-Paris,49.0093,2.5391,Nuit avec éclairage allumé,Hors agglomération,Hors intersection,Normale,Trois véhicules et plus - en chaîne,,,,,,,,,,,5,1,1,1.0,4.0
201000054722,0010-03-04 20:15:00,10,3,4,20,15,770,294,R 31 Rte Périphérique Su,,,Nuit sans éclairage public,Hors agglomération,Hors intersection,Normale,Deux véhicules - frontale,,,,,,,,,,,3,1,1,1.0,1.0
201000054723,0010-03-10 08:50:00,10,3,10,8,50,770,291,RD165,,,Plein jour,Hors agglomération,Hors intersection,Normale,Autre collision,,,,,,,,,,,1,1,1,1.0,6.0
201000054724,0010-05-28 08:54:00,10,5,28,8,54,930,73,route Périphérique SUD,48.9909,2.5729,Plein jour,Hors agglomération,Hors intersection,Normale,Trois véhicules et plus - en chaîne,,,,,,,,,,,1,1,1,1.0,4.0
201000054725,0010-07-12 18:20:00,10,7,12,18,20,950,527,voie rapide CDG2,49.0084,2.5345,Plein jour,Hors agglomération,Hors intersection,Normale,Deux véhicules - arrière,,,,,,,,,,,1,1,1,1.0,2.0
201000054726,0010-08-30 18:21:00,10,8,30,18,21,950,527,R des Buissons,48.9966,2.5234,Plein jour,Hors agglomération,Hors intersection,Normale,Autre collision,,,,,,,,,,,1,1,1,1.0,6.0
201000054727,0010-10-01 20:25:00,10,10,1,20,25,950,527,voie rapide CdG2-Paris,49.0099,2.5426,Nuit avec éclairage allumé,Hors agglomération,Hors intersection,Pluie forte,Deux véhicules - arrière,,,,,,,,,,,5,1,1,3.0,2.0
201000054728,0010-01-21 20:20:00,10,1,21,20,20,950,585,RD 301 PROVINCE PARIS,48.9761,2.3651,Nuit avec éclairage allumé,Hors agglomération,Hors intersection,Normale,Deux véhicules - arrière,,,,,,,,,,,5,1,1,1.0,2.0
201000054729,0010-02-15 00:30:00,10,2,15,0,30,950,585,Avenue du 8 mai 1945,48.9781,2.3679,Nuit avec éclairage allumé,En agglomération,Hors intersection,Normale,Deux véhicules - arrière,,,,,,,,,,,5,2,1,1.0,2.0
201000054730,0010-02-02 12:10:00,10,2,2,12,10,950,585,RD 301 PARIS PROVINCE,48.9777,2.3647,Plein jour,En agglomération,Hors intersection,Pluie forte,Deux véhicules - arrière,,,,,,,,,,,1,2,1,3.0,2.0
201000054731,0010-03-02 15:50:00,10,3,2,15,50,950,585,ZOLA (rue Emile),48.9855,2.3942,Plein jour,En agglomération,Hors intersection,Normale,Deux véhicules - côté,,,,,,,,,,,1,2,1,1.0,3.0
201000054732,0010-02-03 07:55:00,10,2,3,7,55,950,585,BULLIER (RUE THEODORE),48.9914,2.3698,Plein jour,En agglomération,Hors intersection,Normale,Autre collision,,,,,,,,,,,1,2,1,1.0,6.0
201000054733,0010-02-02 09:40:00,10,2,2,9,40,950,585,GARGES (ROUTE DE),48.9871,2.3795,Plein jour,En agglomération,Intersection en T,Normale,Autre collision,,,,,,,,,,,1,2,3,1.0,6.0
201000054734,0010-01-25 21:05:00,10,1,25,21,5,950,585,BULLIER (RUE THEODORE),48.9918,2.3682,Nuit avec éclairage allumé,En agglomération,Intersection en T,Normale,Deux véhicules - côté,,,,,,,,,,,5,2,3,1.0,3.0
201000054735,0010-11-11 14:10:00,10,11,11,14,10,950,585,ALL JEAN-BAPTISTE LULLY,48.9742,2.3672,Plein jour,En agglomération,Intersection en T,Pluie légère,Autre collision,,,,,,,,,,,1,2,3,2.0,6.0
201000054736,0010-12-11 23:00:00,10,12,11,23,0,950,539,RD 301,49.0018,2.3588,Nuit avec éclairage non allumé,Hors agglomération,Hors intersection,Normale,Deux véhicules - arrière,,,,,,,,,,,4,1,1,1.0,2.0
201000054737,0010-12-01 21:00:00,10,12,1,21,0,950,680,RD 316,49.0092,2.3837,Nuit avec éclairage allumé,En agglomération,Hors intersection,Neige / grêle,Sans collision,,,,,,,,,,,5,2,1,4.0,7.0
201000054738,0010-12-03 20:20:00,10,12,3,20,20,950,680,AV DES ERABLES,49.0006,2.3933,Nuit avec éclairage allumé,En agglomération,Hors intersection,Temps couvert,Trois véhicules et plus - collisions multiples,,,,,,,,,,,5,2,1,8.0,5.0
201000054739,0010-11-30 17:30:00,10,11,30,17,30,950,585,BD ALBERT CAMUS,48.9787,2.3715,Nuit avec éclairage allumé,En agglomération,Hors intersection,Normale,Autre collision,,,,,,,,,,,5,2,1,1.0,6.0
201000054740,0010-03-05 17:25:00,10,3,5,17,25,950,539,DEUX PILIERS (RUE DES),49.0026,2.3653,Plein jour,En agglomération,Hors intersection,Normale,Trois véhicules et plus - collisions multiples,,,,,,,,,,,1,2,1,1.0,5.0
201000054741,0010-02-01 14:25:00,10,2,1,14,25,950,585,8 MAI 1945 (AVENUE DU),48.9778,2.3701,Plein jour,En agglomération,Hors intersection,Normale,Autre collision,,,,,,,,,,,1,2,1,1.0,6.0
201000054742,0010-04-04 13:50:00,10,4,4,13,50,950,585,rue des cultivateurs,48.9962,2.3871,Plein jour,En agglomération,Hors intersection,Normale,Autre collision,,,,,,,,,,,1,2,1,1.0,6.0
201000054743,0010-04-04 19:40:00,10,4,4,19,40,950,585,KOENIG (AVENUNE PIERRE),48.9806,2.3874,Plein jour,En agglomération,Hors intersection,Normale,Autre collision,,,,,,,,,,,1,2,1,1.0,6.0
201000054744,0010-04-16 23:50:00,10,4,16,23,50,950,585,HEUDE (RUE DU PERE),48.9883,2.3904,Nuit avec éclairage allumé,En agglomération,Hors intersection,Temps couvert,Deux véhicules - arrière,,,,,,,,,,,5,2,1,8.0,2.0
201000054745,0010-04-23 15:15:00,10,4,23,15,15,950,680,PIERRE CORNEILLE (ALLEE),49.0004,2.4154,Plein jour,En agglomération,Hors intersection,Normale,Sans collision,,,,,,,,,,,1,2,1,1.0,7.0
201000054746,0010-01-17 22:55:00,10,1,17,22,55,950,585,BERGSON (BOULEVARD HENRI,48.9752,2.3763,Nuit avec éclairage allumé,En agglomération,Intersection en X,Normale,Deux véhicules - côté,,,,,,,,,,,5,2,2,1.0,3.0
201000054747,0010-04-02 10:00:00,10,4,2,10,0,950,585,RESISTANCE (RUE DE LA),48.9999,2.3771,Plein jour,En agglomération,Intersection en T,Pluie légère,Deux véhicules - côté,,,,,,,,,,,1,2,3,2.0,3.0
201000054748,0010-03-09 08:40:00,10,3,9,8,40,950,585,PERI (AVENUE GABRIEL ),49.0058,2.3724,Plein jour,En agglomération,Hors intersection,Normale,Autre collision,,,,,,,,,,,1,2,1,1.0,6.0
201000054749,0010-06-04 18:45:00,10,6,4,18,45,950,585,HUIT MAI 1945 (AVENUE DU,48.9774,2.3725,Plein jour,En agglomération,Hors intersection,Normale,Trois véhicules et plus - collisions multiples,,,,,,,,,,,1,2,1,1.0,5.0
201000054750,0010-05-20 08:25:00,10,5,20,8,25,950,585,BROSSELETTE (RUE PIERRE),48.9932,2.3771,Plein jour,En agglomération,Intersection en T,Normale,Deux véhicules - côté,,,,,,,,,,,1,2,3,1.0,3.0
201000054751,0010-05-31 17:40:00,10,5,31,17,40,950,585,DELPECH (RUE MARIUS),48.9751,2.3827,Plein jour,En agglomération,Intersection en T,Normale,Autre collision,,,,,,,,,,,1,2,3,1.0,6.0
201000054752,0010-03-18 19:15:00,10,3,18,19,15,950,585,PEGUY (AVENUE CHARLES ),48.9812,2.3749,Nuit avec éclairage allumé,En agglomération,Hors intersection,Normale,Autre collision,,,,,,,,,,,5,2,1,1.0,6.0
201000054753,0010-05-27 20:05:00,10,5,27,20,5,950,585,BAUVES (RUE DES),48.9948,2.3806,Plein jour,En agglomération,Hors intersection,Normale,Autre collision,,,,,,,,,,,1,2,1,1.0,6.0
201000054754,0010-07-05 16:40:00,10,7,5,16,40,950,585,BROSSOLETTE (RUE PIERRE),48.9943,2.3785,Plein jour,En agglomération,Hors intersection,Normale,Autre collision,,,,,,,,,,,1,2,1,1.0,6.0
201000054755,0010-06-23 15:35:00,10,6,23,15,35,950,585,HUIT MAI 1945 (AVENUE DU,48.9773,2.3731,Plein jour,En agglomération,Hors intersection,Normale,Deux véhicules - côté,,,,,,,,,,,1,2,1,1.0,3.0
201000054756,0010-05-17 14:35:00,10,5,17,14,35,950,585,POINCARE (BOULEVARD HENR,48.9783,2.3763,Plein jour,En agglomération,Hors intersection,Normale,Autre collision,,,,,,,,,,,1,2,1,1.0,6.0
201000054757,0010-05-14 23:30:00,10,5,14,23,30,950,539,Avenue Division LECLERC,48.9959,2.3511,Nuit avec éclairage allumé,Hors agglomération,Intersection à plus de 4 branches,Normale,Deux véhicules - côté,,,,,,,,,,,5,1,5,1.0,3.0
201000054758,0010-08-10 20:10:00,10,8,10,20,10,950,585,GARGES (ROUTE DE),48.9873,2.3795,Plein jour,En agglomération,Hors intersection,Pluie légère,Deux véhicules - côté,,,,,,,,,,,1,2,1,2.0,3.0
201000054759,0010-08-20 17:05:00,10,8,20,17,5,950,585,LARBAUD VALERY (ALLEE),48.9751,2.3754,Plein jour,En agglomération,Hors intersection,Normale,Autre collision,,,,,,,,,,,1,2,1,1.0,6.0
201000054760,0010-07-23 19:50:00,10,7,23,19,50,950,680,PIERRE SEMARD (AVENUE),48.9996,2.4123,Plein jour,En agglomération,Intersection en T,Normale,Deux véhicules - côté,,,,,,,,,,,1,2,3,1.0,3.0
201000054761,0010-08-02 10:45:00,10,8,2,10,45,950,585,LANGEVIN (AVENUE PAUL),48.9827,2.3791,Plein jour,En agglomération,Hors intersection,Normale,Deux véhicules - arrière,,,,,,,,,,,1,2,1,1.0,2.0
201000054762,0010-08-28 18:40:00,10,8,28,18,40,950,585,PEGUY (AVENUE CHARLES ),48.9811,2.3747,Plein jour,En agglomération,Hors intersection,Normale,Deux véhicules - côté,,,,,,,,,,,1,2,1,1.0,3.0
201000054763,0010-09-10 20:45:00,10,9,10,20,45,950,585,CHAMPAGNE (RUE DE),48.9888,2.3686,Nuit avec éclairage allumé,En agglomération,Hors intersection,Normale,Autre collision,,,,,,,,,,,5,2,1,1.0,6.0
201000054764,0010-09-14 22:20:00,10,9,14,22,20,950,585,BERGSON (BOULEVARD HENRI,48.9729,2.3759,Nuit avec éclairage allumé,En agglomération,Intersection en T,Normale,Deux véhicules - frontale,,,,,,,,,,,5,2,3,1.0,1.0
201000054765,0010-10-16 06:10:00,10,10,16,6,10,950,585,RD 316,48.9816,2.3698,Crépuscule ou aube,Hors agglomération,Hors intersection,Pluie légère,Deux véhicules - frontale,,,,,,,,,,,2,1,1,2.0,1.0
201000054766,0010-09-21 20:45:00,10,9,21,20,45,950,680,GOUNOD (RUE),49.0063,2.3989,Nuit avec éclairage allumé,En agglomération,Hors intersection,Normale,Autre collision,,,,,,,,,,,5,2,1,1.0,6.0
201000054767,0010-09-23 05:05:00,10,9,23,5,5,950,539,RD 301,49.0037,2.3583,Nuit sans éclairage public,Hors agglomération,Hors intersection,Normale,Deux véhicules - arrière,,,,,,,,,,,3,1,1,1.0,2.0
201000054768,0010-11-18 13:00:00,10,11,18,13,0,950,585,BD MAURICE RAVEL,48.9744,2.3824,Plein jour,En agglomération,Hors intersection,Normale,Autre collision,,,,,,,,,,,1,2,1,1.0,6.0
201000054769,0010-06-29 17:55:00,10,6,29,17,55,950,585,POINCARE (BOULEVARD HENR,48.9797,2.3768,Plein jour,En agglomération,Intersection en T,Normale,Autre collision,,,,,,,,,,,1,2,3,1.0,6.0
201000054770,0010-10-15 10:50:00,10,10,15,10,50,950,539,RUE DU LUAT,49.0067,2.3531,Plein jour,Hors agglomération,Hors intersection,Normale,Trois véhicules et plus - en chaîne,,,,,,,,,,,1,1,1,1.0,4.0
201000054771,0010-10-11 09:05:00,10,10,11,9,5,950,539,DIVISION LECLERC (AVENUE,48.996,2.3507,Plein jour,En agglomération,Intersection en X,Temps éblouissant,Deux véhicules - côté,,,,,,,,,,,1,2,2,7.0,3.0
201000054772,0010-12-13 23:30:00,10,12,13,23,30,950,680,ALL DE CREIL,49.0037,2.3839,Nuit sans éclairage public,En agglomération,Hors intersection,Normale,Autre collision,,,,,,,,,,,3,2,1,1.0,6.0
201000054773,0010-11-03 18:15:00,10,11,3,18,15,950,585,R PIERRE BROSSELETTE,48.9926,2.3759,Crépuscule ou aube,En agglomération,Hors intersection,Normale,Autre collision,,,,,,,,,,,2,2,1,1.0,6.0
201000054774,0010-01-08 16:45:00,10,1,8,16,45,950,607,TEMPS DES CERISES (BOULE,49.0206,2.2216,Plein jour,En agglomération,Autre intersection,Temps couvert,Deux véhicules - côté,,,,,,,,,,,1,2,9,8.0,3.0
201000054775,0010-01-25 09:00:00,10,1,25,9,0,950,51,JULES CESAR (CHAUSSEE),49.0126,2.1873,Plein jour,En agglomération,Hors intersection,Temps couvert,Deux véhicules - arrière,,,,,,,,,,,1,2,1,8.0,2.0
201000054776,0010-02-08 16:15:00,10,2,8,16,15,950,51,"19, PIERRE SEMARD (AVENU",49.0098,2.1998,Plein jour,En agglomération,Giratoire,Normale,Deux véhicules - côté,,,,,,,,,,,1,2,6,1.0,3.0
201000054777,0010-02-10 11:05:00,10,2,10,11,5,950,607,"14, CONSTANTIN PECQUEUR",49.0267,2.1911,Plein jour,En agglomération,Hors intersection,Neige / grêle,Deux véhicules - frontale,,,,,,,,,,,1,2,1,4.0,1.0
201000054778,0010-02-12 08:10:00,10,2,12,8,10,950,607,"08, THEOPHILE MIGAULT (R",49.0247,2.2176,Plein jour,En agglomération,Hors intersection,Neige / grêle,Deux véhicules - arrière,,,,,,,,,,,1,2,1,4.0,2.0
201000054779,0010-02-25 11:45:00,10,2,25,11,45,950,607,"17, CHATAIGNIERS (AVENUE",49.0226,2.1894,Plein jour,En agglomération,Hors intersection,Pluie légère,Autre collision,,,,,,,,,,,1,2,1,2.0,6.0
201000054780,0010-03-06 20:15:00,10,3,6,20,15,950,607,"00, TEMPS DES CERISES (B",49.0232,2.2169,Nuit avec éclairage allumé,En agglomération,Hors intersection,Normale,Autre collision,,,,,,,,,,,5,2,1,1.0,6.0
201000054781,0010-03-08 19:30:00,10,3,8,19,30,950,607,"00, rue theodore MONOD",49.0302,2.2121,Nuit avec éclairage allumé,En agglomération,Hors intersection,Normale,Deux véhicules - arrière,,,,,,,,,,,5,2,1,1.0,2.0
201000054782,0010-03-27 16:30:00,10,3,27,16,30,950,563,"00, ANDRE BREMONT (BOULE",49.0134,2.2307,Plein jour,En agglomération,Hors intersection,Pluie légère,Autre collision,,,,,,,,,,,1,2,1,2.0,6.0
201000054783,0010-03-24 08:45:00,10,3,24,8,45,950,563,"12, CANCELLES (CHEMIN DE",49.0144,2.2316,Plein jour,En agglomération,Hors intersection,Normale,Autre collision,,,,,,,,,,,1,2,1,1.0,6.0
201000054784,0010-03-29 08:15:00,10,3,29,8,15,950,607,"00, TEMPS DES CERISES (B",49.0266,2.2122,Plein jour,En agglomération,Hors intersection,Normale,Autre collision,,,,,,,,,,,1,2,1,1.0,6.0
201000054785,0010-04-09 18:45:00,10,4,9,18,45,950,51,"72, SAINT PRIX (CHEMIN D",49.0199,2.2026,Plein jour,En agglomération,Hors intersection,Normale,Deux véhicules - frontale,,,,,,,,,,,1,2,1,1.0,1.0
201000054786,0010-04-23 10:20:00,10,4,23,10,20,950,563,"94, PARIS (RUE DE)",49.0143,2.2504,Plein jour,En agglomération,Hors intersection,Normale,Deux véhicules - arrière,,,,,,,,,,,1,2,1,1.0,2.0
201000054787,0010-05-11 08:35:00,10,5,11,8,35,950,563,ANDRE BREMONT (BOULEVARD,49.008,2.2419,Plein jour,En agglomération,Hors intersection,Pluie forte,Trois véhicules et plus - en chaîne,,,,,,,,,,,1,2,1,3.0,4.0
201000054788,0010-05-17 18:05:00,10,5,17,18,5,950,607,ANNE-JOSEPHE-THEROIGNE-D,49.0145,2.2229,Plein jour,En agglomération,Hors intersection,Normale,Autre collision,,,,,,,,,,,1,2,1,1.0,6.0
201000054789,0010-05-23 06:30:00,10,5,23,6,30,950,60,PIERRELAYE (RUE DE),49.0341,2.2015,Plein jour,En agglomération,Hors intersection,Normale,Autre collision,,,,,,,,,,,1,2,1,1.0,6.0
201000054790,0010-05-25 12:50:00,10,5,25,12,50,950,607,SPORTS (VOIE DES),49.0148,2.2131,Plein jour,En agglomération,Hors intersection,Normale,Autre collision,,,,,,,,,,,1,2,1,1.0,6.0
201000054791,0010-06-08 17:30:00,10,6,8,17,30,950,60,"89, PARIS (AVENUE DE)",49.0329,2.2159,Plein jour,En agglomération,Hors intersection,Normale,Deux véhicules - arrière,,,,,,,,,,,1,2,1,1.0,2.0
201000054792,0010-06-10 23:00:00,10,6,10,23,0,950,563,"85, GENERAL DE GAULLE (R",49.0161,2.2433,Nuit avec éclairage allumé,En agglomération,Hors intersection,Normale,Trois véhicules et plus - en chaîne,,,,,,,,,,,5,2,1,1.0,4.0
201000054793,0010-06-15 11:25:00,10,6,15,11,25,950,563,EMILE AIMOND (RUE),49.0189,2.2435,Plein jour,En agglomération,Intersection en T,Normale,Autre collision,,,,,,,,,,,1,2,3,1.0,6.0
201000054794,0010-06-23 19:55:00,10,6,23,19,55,950,563,RUE GENERAL LECLERC,49.0179,2.2451,Plein jour,En agglomération,Intersection en T,Normale,Deux véhicules - côté,,,,,,,,,,,1,2,3,1.0,3.0
201000054795,0010-06-28 11:00:00,10,6,28,11,0,950,607,Residence les lignieres,49.0277,2.2152,Plein jour,En agglomération,Autre intersection,Normale,Autre collision,,,,,,,,,,,1,2,9,1.0,6.0
201000054796,0010-06-28 15:20:00,10,6,28,15,20,950,607,HUIT MAI 1945 (Boulevard,49.0115,2.2094,Plein jour,En agglomération,Hors intersection,Normale,Autre collision,,,,,,,,,,,1,2,1,1.0,6.0
201000054797,0010-06-29 12:55:00,10,6,29,12,55,950,51,"13, GARE (AVENUE DE LA)",49.0081,2.1981,Plein jour,En agglomération,Hors intersection,Normale,Trois véhicules et plus - en chaîne,,,,,,,,,,,1,2,1,1.0,4.0
201000054798,0010-07-18 16:25:00,10,7,18,16,25,950,607,"71, HERBLAY (RUE)",49.0213,2.2161,Plein jour,En agglomération,Hors intersection,Normale,Deux véhicules - côté,,,,,,,,,,,1,2,1,1.0,3.0
201000054799,0010-07-21 08:45:00,10,7,21,8,45,950,607,Division LECLERC (Avenue,49.0175,2.2199,Plein jour,En agglomération,Hors intersection,Normale,Deux véhicules - arrière,,,,,,,,,,,1,2,1,1.0,2.0
201000054800,0010-07-24 13:15:00,10,7,24,13,15,950,563,CHAUVRY (RUE DE),49.0279,2.2491,Plein jour,En agglomération,Intersection en T,Normale,Deux véhicules - frontale,,,,,,,,,,,1,2,3,1.0,1.0
201000054801,0010-08-09 17:45:00,10,8,9,17,45,950,607,TEMPS DES CERISES (BOULE,49.0171,2.2281,Plein jour,En agglomération,Intersection en X,Normale,Deux véhicules - côté,,,,,,,,,,,1,2,2,1.0,3.0
201000054802,0010-08-10 02:00:00,10,8,10,2,0,950,60,REPUBLIQUE (AVENUE DE LA,49.0404,2.2094,Nuit avec éclairage allumé,En agglomération,Intersection en X,Normale,Deux véhicules - côté,,,,,,,,,,,5,2,2,1.0,3.0
201000054803,0010-08-14 08:10:00,10,8,14,8,10,950,563,"19, GENERAL LECLERC (RUE",49.0178,2.2456,Plein jour,En agglomération,Hors intersection,Pluie légère,Autre collision,,,,,,,,,,,1,2,1,2.0,6.0
201000054804,0010-08-18 20:10:00,10,8,18,20,10,950,51,"241, Jules CESAR (Chauss",49.0128,2.1865,Crépuscule ou aube,En agglomération,Intersection en T,Normale,Deux véhicules - côté,,,,,,,,,,,2,2,3,1.0,3.0
201000054805,0010-08-27 08:35:00,10,8,27,8,35,950,563,VERDUN (RUE DE),49.0121,2.2399,Plein jour,En agglomération,Hors intersection,Pluie légère,Autre collision,,,,,,,,,,,1,2,1,2.0,6.0
201000054806,0010-09-05 19:10:00,10,9,5,19,10,950,607,"24, LILAS (RUE DES)",49.0103,2.2093,Plein jour,En agglomération,Hors intersection,Normale,Deux véhicules - côté,,,,,,,,,,,1,2,1,1.0,3.0
201000054807,0010-09-14 17:35:00,10,9,14,17,35,950,607,"04, GARE (AVENUE DE LA)",49.0271,2.2235,Plein jour,En agglomération,Hors intersection,Normale,Autre collision,,,,,,,,,,,1,2,1,1.0,6.0
201000054808,0010-09-20 18:05:00,10,9,20,18,5,950,607,DIVISION-LECLERC (AVNUE),49.0112,2.2144,Plein jour,En agglomération,Hors intersection,Normale,Deux véhicules - côté,,,,,,,,,,,1,2,1,1.0,3.0
201000054809,0010-09-28 14:50:00,10,9,28,14,50,950,51,"55, JULES CESAR (CHAUSSE",49.0058,2.2078,Plein jour,En agglomération,Hors intersection,Normale,Autre collision,,,,,,,,,,,1,2,1,1.0,6.0
201000054810,0010-09-30 17:25:00,10,9,30,17,25,950,51,Avenue MORERE,49.0168,2.1896,Plein jour,En agglomération,Intersection en X,Normale,Deux véhicules - côté,,,,,,,,,,,1,2,2,1.0,3.0
201000054811,0010-10-06 11:05:00,10,10,6,11,5,950,51,RENE MINIER (AVENUE),49.0133,2.1991,Plein jour,En agglomération,Hors intersection,Normale,Deux véhicules - arrière,,,,,,,,,,,1,2,1,1.0,2.0
201000054812,0010-10-14 13:10:00,10,10,14,13,10,950,607,"75, VAUCELLES (RUE DE)",49.0186,2.229,Plein jour,En agglomération,Hors intersection,Normale,Deux véhicules - frontale,,,,,,,,,,,1,2,1,1.0,1.0
201000054813,0010-10-14 07:40:00,10,10,14,7,40,950,563,"68, Rue de PARIS",49.0152,2.2495,Plein jour,En agglomération,Hors intersection,Normale,Autre collision,,,,,,,,,,,1,2,1,1.0,6.0
201000054814,0010-10-18 17:00:00,10,10,18,17,0,950,563,"32, PARC (AVENUE)",49.0155,2.2524,Plein jour,En agglomération,Hors intersection,Normale,Autre collision,,,,,,,,,,,1,2,1,1.0,6.0
201000054815,0010-11-07 19:25:00,10,11,7,19,25,950,607,HERBLAY (RUE),49.0158,2.2087,Nuit avec éclairage allumé,En agglomération,Hors intersection,Pluie légère,Deux véhicules - côté,,,,,,,,,,,5,2,1,2.0,3.0
201000054816,0010-10-27 17:10:00,10,10,27,17,10,950,607,FRANCOIS BROUSSAIS (RUE),49.0218,2.2201,Plein jour,En agglomération,Hors intersection,Normale,Autre collision,,,,,,,,,,,1,2,1,1.0,6.0
201000054817,0010-11-12 11:50:00,10,11,12,11,50,950,607,"123, MARECHAL FOCH (RUE",49.0243,2.2261,Plein jour,En agglomération,Hors intersection,Normale,Trois véhicules et plus - collisions multiples,,,,,,,,,,,1,2,1,1.0,5.0
201000054818,0010-12-05 00:10:00,10,12,5,0,10,950,51,AVENUE DE LA GARE,49.0089,2.1988,Nuit avec éclairage allumé,En agglomération,Intersection en X,Normale,Deux véhicules - frontale,,,,,,,,,,,5,2,2,1.0,1.0