accident_id,datetime,annee,mois,jour,heure,minute,departement,commune_insee,adresse,latitude,longitude,luminosite,agglomeration,intersection,meteo,collision,nb_vehicules,nb_usagers,nb_indemnes,nb_tues,nb_blesses_hosp,nb_blesses_legers,age_cond_1,age_cond_2,veh_type_cond_1,veh_type_cond_2,lum_code,agg_code,int_code,atm_code,col_code
201000054819,0010-12-03 20:20:00,10,12,3,20,20,950,60,"25,RUE DE LA GARE",49.0364,2.2099,Nuit avec éclairage allumé,En agglomération,Hors intersection,Pluie légère,Autre collision,,,,,,,,,,,5,2,1,2.0,6.0
201000054820,0010-12-21 09:35:00,10,12,21,9,35,950,60,PIERRELAYE (RUE DE),49.0338,2.2009,Plein jour,En agglomération,Intersection en T,Brouillard / fumée,Deux véhicules - côté,,,,,,,,,,,1,2,3,5.0,3.0
201000054821,0010-01-14 14:50:00,10,1,14,14,50,201,4,"SANS, RECCO ABBE BOULEVA",,,Plein jour,En agglomération,Hors intersection,Autre,Deux véhicules - arrière,,,,,,,,,,,1,2,1,9.0,2.0
201000054822,0010-01-25 07:57:00,10,1,25,7,57,201,4,"SANS, LECLERC GENERAL CO",,,Plein jour,En agglomération,Intersection en T,Normale,Deux véhicules - côté,,,,,,,,,,,1,2,3,1.0,3.0
201000054823,0010-01-28 13:35:00,10,1,28,13,35,201,4,PIETRI FRANCOIS RUE,,,Plein jour,En agglomération,Intersection en T,Normale,Deux véhicules - côté,,,,,,,,,,,1,2,3,1.0,3.0
201000054824,0010-02-10 06:08:00,10,2,10,6,8,201,4,ALATA ROUTE,,,Nuit avec éclairage allumé,En agglomération,Hors intersection,Pluie légère,Deux véhicules - côté,,,,,,,,,,,5,2,1,2.0,3.0
201000054825,0010-02-16 07:05:00,10,2,16,7,5,201,4,BONAPARTE LUCIEN  COURS,,,Crépuscule ou aube,En agglomération,Hors intersection,Normale,Autre collision,,,,,,,,,,,2,2,1,1.0,6.0
201000054826,0010-02-20 03:15:00,10,2,20,3,15,201,4,ILES SANGUINAIRES ROUTE,,,Nuit avec éclairage allumé,En agglomération,Hors intersection,Vent fort / tempête,Autre collision,,,,,,,,,,,5,2,1,6.0,6.0
201000054827,0010-02-20 14:16:00,10,2,20,14,16,201,4,ACQUALONGA CHEMIN,,,Plein jour,En agglomération,Hors intersection,Normale,Deux véhicules - côté,,,,,,,,,,,1,2,1,1.0,3.0
201000054828,0010-03-06 06:50:00,10,3,6,6,50,201,4,"SANS, SAMPIERO BD",,,Plein jour,En agglomération,Hors intersection,Normale,Autre collision,,,,,,,,,,,1,2,1,1.0,6.0
201000054829,0010-03-07 11:35:00,10,3,7,11,35,201,4,"63, NAPOLEON COURS AVANT",,,Plein jour,En agglomération,Hors intersection,Normale,Autre collision,,,,,,,,,,,1,2,1,1.0,6.0
201000054830,0010-03-12 16:58:00,10,3,12,16,58,201,4,"11, COLONNA D'ORNANO COL",,,Plein jour,En agglomération,Hors intersection,Normale,Autre collision,,,,,,,,,,,1,2,1,1.0,6.0
201000054831,0010-03-16 09:55:00,10,3,16,9,55,201,4,MEZZAVIA ROUTE DE,,,Plein jour,En agglomération,Hors intersection,Normale,Deux véhicules - arrière,,,,,,,,,,,1,2,1,1.0,2.0
201000054832,0010-03-16 12:12:00,10,3,16,12,12,201,4,NAPOLEON COURS AVANT BEV,,,Plein jour,En agglomération,Hors intersection,Normale,Autre collision,,,,,,,,,,,1,2,1,1.0,6.0
201000054833,0010-03-17 15:45:00,10,3,17,15,45,201,4,ROSSINI PASCAL BD,,,Plein jour,En agglomération,Hors intersection,Normale,Autre collision,,,,,,,,,,,1,2,1,1.0,6.0
201000054834,0010-03-21 22:05:00,10,3,21,22,5,201,4,PRINCE IMPERIAL COURS,,,Nuit avec éclairage allumé,En agglomération,Hors intersection,Pluie légère,Deux véhicules - arrière,,,,,,,,,,,5,2,1,2.0,2.0
201000054835,0010-03-23 19:30:00,10,3,23,19,30,201,4,NATIONALE 196,,,Nuit sans éclairage public,Hors agglomération,Hors intersection,Normale,Deux véhicules - arrière,,,,,,,,,,,3,1,1,1.0,2.0
201000054836,0010-03-27 12:31:00,10,3,27,12,31,201,4,ALBERT 1ER BD,,,Plein jour,En agglomération,Hors intersection,Normale,Deux véhicules - arrière,,,,,,,,,,,1,2,1,1.0,2.0
201000054837,0010-04-01 13:10:00,10,4,1,13,10,201,4,COLONNA D'ORNANO COLONEL,,,Plein jour,En agglomération,Intersection en Y,Normale,Deux véhicules - côté,,,,,,,,,,,1,2,4,1.0,3.0
201000054838,0010-04-02 22:48:00,10,4,2,22,48,201,4,NATIONALE 193,,,Nuit avec éclairage allumé,Hors agglomération,Giratoire,Normale,Deux véhicules - côté,,,,,,,,,,,5,1,6,1.0,3.0
201000054839,0010-04-06 13:40:00,10,4,6,13,40,201,4,BONAPARTE CHARLES  BD,,,Plein jour,En agglomération,Hors intersection,Normale,Deux véhicules - côté,,,,,,,,,,,1,2,1,1.0,3.0
201000054840,0010-04-04 01:15:00,10,4,4,1,15,201,4,"SANS, MAGNOLIAS RUE DES",,,Nuit avec éclairage non allumé,En agglomération,Hors intersection,Normale,Deux véhicules - côté,,,,,,,,,,,4,2,1,1.0,3.0
201000054841,0010-04-09 10:30:00,10,4,9,10,30,201,4,PIETRI FRANCOIS RUE,,,Plein jour,En agglomération,Hors intersection,Autre,Autre collision,,,,,,,,,,,1,2,1,9.0,6.0
201000054842,0010-04-13 15:55:00,10,4,13,15,55,201,4,KENNEDY AV PRESIDENT,,,Plein jour,En agglomération,Intersection en T,Normale,Autre collision,,,,,,,,,,,1,2,3,1.0,6.0
201000054843,0010-04-13 17:50:00,10,4,13,17,50,201,4,PRINCE IMPERIAL COURS,,,Plein jour,En agglomération,Hors intersection,Normale,Autre collision,,,,,,,,,,,1,2,1,1.0,6.0
201000054844,0010-04-14 11:00:00,10,4,14,11,0,201,4,FRANCHINI NOEL AV DOCTEU,,,Plein jour,En agglomération,Giratoire,Normale,Deux véhicules - côté,,,,,,,,,,,1,2,6,1.0,3.0
201000054845,0010-04-16 14:07:00,10,4,16,14,7,201,4,PIETRI FRANCOIS RUE,,,Plein jour,En agglomération,Intersection en T,Normale,Deux véhicules - côté,,,,,,,,,,,1,2,3,1.0,3.0
201000054846,0010-04-20 17:08:00,10,4,20,17,8,201,4,R.D 31,,,Plein jour,En agglomération,Hors intersection,Normale,Deux véhicules - arrière,,,,,,,,,,,1,2,1,1.0,2.0
201000054847,0010-04-24 07:20:00,10,4,24,7,20,201,4,"2, NAPOLEON COURS AVANT",,,Plein jour,Hors agglomération,Hors intersection,Normale,Deux véhicules - arrière,,,,,,,,,,,1,1,1,1.0,2.0
201000054848,0010-04-25 14:55:00,10,4,25,14,55,201,4,PIETRALBA RCE AV MONT TH,,,Plein jour,En agglomération,Intersection en T,Normale,Deux véhicules - côté,,,,,,,,,,,1,2,3,1.0,3.0
201000054849,0010-05-02 13:05:00,10,5,2,13,5,201,4,"SANS, ROI JEROME BD",,,Plein jour,En agglomération,Hors intersection,Normale,Deux véhicules - côté,,,,,,,,,,,1,2,1,1.0,3.0
201000054850,0010-05-05 07:50:00,10,5,5,7,50,201,4,ALATA ROUTE,,,Plein jour,En agglomération,Hors intersection,Pluie légère,Deux véhicules - arrière,,,,,,,,,,,1,2,1,2.0,2.0
201000054851,0010-05-06 00:27:00,10,5,6,0,27,201,4,SAMPIERO BD,,,Nuit avec éclairage non allumé,En agglomération,Hors intersection,Pluie légère,Autre collision,,,,,,,,,,,4,2,1,2.0,6.0
201000054852,0010-05-05 18:00:00,10,5,5,18,0,201,4,LORETTO CHEMIN,,,Plein jour,Hors agglomération,Hors intersection,Normale,Deux véhicules - côté,,,,,,,,,,,1,1,1,1.0,3.0
201000054853,0010-05-08 20:00:00,10,5,8,20,0,201,4,MADAME MERE BD,,,Crépuscule ou aube,En agglomération,Intersection en T,Normale,Deux véhicules - côté,,,,,,,,,,,2,2,3,1.0,3.0
201000054854,0010-05-12 07:26:00,10,5,12,7,26,201,4,"SANS, ROSSINI PASCAL BD",,,Plein jour,En agglomération,Hors intersection,Normale,Deux véhicules - côté,,,,,,,,,,,1,2,1,1.0,3.0
201000054855,0010-05-13 15:15:00,10,5,13,15,15,201,4,"77, NAPOLEON COURS AVANT",,,Plein jour,En agglomération,Hors intersection,Normale,Deux véhicules - côté,,,,,,,,,,,1,2,1,1.0,3.0
201000054856,0010-05-13 18:29:00,10,5,13,18,29,201,4,"61, Rue Colonel Colonna",,,Plein jour,En agglomération,Hors intersection,Normale,Deux véhicules - côté,,,,,,,,,,,1,2,1,1.0,3.0
201000054857,0010-05-14 16:40:00,10,5,14,16,40,201,4,"SANS, MEZZAVIA ROUTE DE",,,Plein jour,En agglomération,Hors intersection,Normale,Autre collision,,,,,,,,,,,1,2,1,1.0,6.0
201000054858,0010-05-21 11:26:00,10,5,21,11,26,201,4,"SANS, CAMPI LOUIS BD",,,Plein jour,En agglomération,Hors intersection,Normale,Autre collision,,,,,,,,,,,1,2,1,1.0,6.0
201000054859,0010-05-20 19:15:00,10,5,20,19,15,201,4,"SANS, BONAPARTE CHARLES",,,Plein jour,En agglomération,Hors intersection,Normale,Deux véhicules - arrière,,,,,,,,,,,1,2,1,1.0,2.0
201000054860,0010-05-23 16:45:00,10,5,23,16,45,201,4,BONAPARTE CHARLES  BD,,,Plein jour,En agglomération,Autre intersection,Normale,Deux véhicules - côté,,,,,,,,,,,1,2,9,1.0,3.0
201000054861,0010-05-24 14:50:00,10,5,24,14,50,201,4,LORETTO CHEMIN,,,Plein jour,En agglomération,Hors intersection,Normale,Deux véhicules - côté,,,,,,,,,,,1,2,1,1.0,3.0
201000054862,0010-05-25 15:02:00,10,5,25,15,2,201,4,RECCO ABBE BOULEVARD,,,Plein jour,En agglomération,Hors intersection,Normale,Autre collision,,,,,,,,,,,1,2,1,1.0,6.0
201000054863,0010-05-26 13:53:00,10,5,26,13,53,201,4,"04, VAZZIO HAUTS DU HLM",,,Plein jour,Hors agglomération,Hors intersection,Normale,Deux véhicules - frontale,,,,,,,,,,,1,1,1,1.0,1.0
201000054864,0010-05-27 10:10:00,10,5,27,10,10,201,4,"SANS, CAMPO DELL ORO RTE",,,Plein jour,En agglomération,Hors intersection,Normale,Deux véhicules - côté,,,,,,,,,,,1,2,1,1.0,3.0
201000054865,0010-05-29 17:10:00,10,5,29,17,10,201,4,NICOLI JEAN COURS,,,Plein jour,En agglomération,Intersection en T,Normale,Deux véhicules - côté,,,,,,,,,,,1,2,3,1.0,3.0
201000054866,0010-06-01 17:30:00,10,6,1,17,30,201,4,ALBERT 1ER BD,,,Plein jour,En agglomération,Hors intersection,Normale,Autre collision,,,,,,,,,,,1,2,1,1.0,6.0
201000054867,0010-06-02 11:14:00,10,6,2,11,14,201,4,"SANS, GRANDE ARMEE AVENU",,,Plein jour,En agglomération,Hors intersection,Normale,Autre collision,,,,,,,,,,,1,2,1,1.0,6.0
201000054868,0010-06-12 16:50:00,10,6,12,16,50,201,4,"SANS, PRINCE IMPERIAL CO",,,Plein jour,En agglomération,Hors intersection,Normale,Autre collision,,,,,,,,,,,1,2,1,1.0,6.0
201000054869,0010-06-14 10:53:00,10,6,14,10,53,201,4,"SANS, MORETTI ANGE RUE",,,Plein jour,En agglomération,Hors intersection,Normale,Autre collision,,,,,,,,,,,1,2,1,1.0,6.0
201000054870,0010-06-14 18:16:00,10,6,14,18,16,201,4,"111, NAPOLEON COURS APRE",,,Plein jour,En agglomération,Hors intersection,Normale,Trois véhicules et plus - collisions multiples,,,,,,,,,,,1,2,1,1.0,5.0
201000054871,0010-06-16 07:41:00,10,6,16,7,41,201,4,"SANS, VERDUN AVENUE DE",,,Plein jour,En agglomération,Hors intersection,Normale,Deux véhicules - côté,,,,,,,,,,,1,2,1,1.0,3.0
201000054872,0010-06-20 16:35:00,10,6,20,16,35,201,4,CALVI  ROUTE,,,Plein jour,Hors agglomération,Hors intersection,Normale,Deux véhicules - côté,,,,,,,,,,,1,1,1,1.0,3.0
201000054873,0010-06-24 17:00:00,10,6,24,17,0,201,4,"SANS, BENIELLI NONCE RUE",,,Plein jour,En agglomération,Hors intersection,Normale,Autre collision,,,,,,,,,,,1,2,1,1.0,6.0
201000054874,0010-06-23 19:40:00,10,6,23,19,40,201,4,"SANS, KENNEDY AV PRESIDE",,,Plein jour,En agglomération,Hors intersection,Normale,Autre collision,,,,,,,,,,,1,2,1,1.0,6.0
201000054875,0010-06-27 02:15:00,10,6,27,2,15,201,4,SALARIO ROUTE DU,,,Nuit avec éclairage allumé,En agglomération,Hors intersection,Normale,Autre collision,,,,,,,,,,,5,2,1,1.0,6.0
201000054876,0010-07-06 16:30:00,10,7,6,16,30,201,4,"SANS, PRINCE IMPERIAL RC",,,Plein jour,En agglomération,Intersection en T,Normale,Deux véhicules - côté,,,,,,,,,,,1,2,3,1.0,3.0
201000054877,0010-07-08 16:55:00,10,7,8,16,55,201,4,"SANS, RECCO ABBE BOULEVA",,,Plein jour,En agglomération,Hors intersection,Normale,Autre collision,,,,,,,,,,,1,2,1,1.0,6.0
201000054878,0010-07-08 17:10:00,10,7,8,17,10,201,4,FRANCHINI NOEL AV DOCTEU,,,Plein jour,En agglomération,Hors intersection,Normale,Autre collision,,,,,,,,,,,1,2,1,1.0,6.0
201000054879,0010-07-10 22:05:00,10,7,10,22,5,201,4,"SANS, BENIELLI NONCE RUE",,,Nuit avec éclairage allumé,En agglomération,Hors intersection,Normale,Autre collision,,,,,,,,,,,5,2,1,1.0,6.0
201000054880,0010-07-12 15:25:00,10,7,12,15,25,201,4,ILES SANGUINAIRES ROUTE,,,Plein jour,En agglomération,Hors intersection,Normale,Deux véhicules - arrière,,,,,,,,,,,1,2,1,1.0,2.0
201000054881,0010-07-13 10:58:00,10,7,13,10,58,201,4,"SANS, SEBASTIANU COSTA B",,,Plein jour,En agglomération,Hors intersection,Normale,Trois véhicules et plus - en chaîne,,,,,,,,,,,1,2,1,1.0,4.0
201000054882,0010-07-14 10:58:00,10,7,14,10,58,201,4,BONAPARTE LUCIEN  COURS,,,Plein jour,En agglomération,Intersection en T,Normale,Deux véhicules - côté,,,,,,,,,,,1,2,3,1.0,3.0
201000054883,0010-07-17 17:50:00,10,7,17,17,50,201,4,STILETTO LOT RTE MEZZAVI,,,Plein jour,En agglomération,Hors intersection,Normale,Deux véhicules - arrière,,,,,,,,,,,1,2,1,1.0,2.0
201000054884,0010-07-18 17:40:00,10,7,18,17,40,201,4,"SANS, SAINTE LUCIE RUE",,,Plein jour,En agglomération,Intersection en X,Normale,Deux véhicules - côté,,,,,,,,,,,1,2,2,1.0,3.0
201000054885,0010-07-15 16:20:00,10,7,15,16,20,201,4,"22, NAPOLEON COURS APRES",,,Plein jour,En agglomération,Hors intersection,Normale,Autre collision,,,,,,,,,,,1,2,1,1.0,6.0
201000054886,0010-07-23 15:15:00,10,7,23,15,15,201,4,ASPRETTO ROUTE,,,Plein jour,Hors agglomération,Hors intersection,Normale,Deux véhicules - arrière,,,,,,,,,,,1,1,1,1.0,2.0
201000054887,0010-07-23 06:55:00,10,7,23,6,55,201,4,ALBERT 1ER BD,,,Plein jour,En agglomération,Intersection en T,Normale,Deux véhicules - côté,,,,,,,,,,,1,2,3,1.0,3.0
201000054888,0010-07-27 11:04:00,10,7,27,11,4,201,4,"SANS, ASPIRANT MICHELIN",,,Plein jour,En agglomération,Hors intersection,Normale,Deux véhicules - arrière,,,,,,,,,,,1,2,1,1.0,2.0
201000054889,0010-07-28 12:24:00,10,7,28,12,24,201,4,"SANS, VAZZIO HAUTS DU HL",,,Plein jour,Hors agglomération,Hors intersection,Normale,Deux véhicules - côté,,,,,,,,,,,1,1,1,1.0,3.0
201000054890,0010-07-30 22:55:00,10,7,30,22,55,201,4,COLONNA D'ORNANO COLONEL,,,Nuit avec éclairage allumé,En agglomération,Intersection en X,Normale,Deux véhicules - côté,,,,,,,,,,,5,2,2,1.0,3.0
201000054891,0010-08-05 05:50:00,10,8,5,5,50,201,4,"sans, ALATA ROUTE",,,Crépuscule ou aube,Hors agglomération,Hors intersection,Normale,Deux véhicules - côté,,,,,,,,,,,2,1,1,1.0,3.0
201000054892,0010-08-04 19:35:00,10,8,4,19,35,201,4,PRINCE IMPERIAL COURS,,,Crépuscule ou aube,En agglomération,Hors intersection,Normale,Trois véhicules et plus - collisions multiples,,,,,,,,,,,2,2,1,1.0,5.0
201000054893,0010-08-05 17:55:00,10,8,5,17,55,201,4,LORETTO CHEMIN,,,Plein jour,En agglomération,Intersection en T,Normale,Deux véhicules - frontale,,,,,,,,,,,1,2,3,1.0,1.0
201000054894,0010-08-05 20:58:00,10,8,5,20,58,201,4,CASANOVA DANIELLE  BD,,,Nuit avec éclairage allumé,En agglomération,Hors intersection,Normale,Autre collision,,,,,,,,,,,5,2,1,1.0,6.0
201000054895,0010-08-13 13:25:00,10,8,13,13,25,201,4,LANTIVY BD,,,Plein jour,En agglomération,Hors intersection,Normale,Deux véhicules - côté,,,,,,,,,,,1,2,1,1.0,3.0
201000054896,0010-08-14 23:20:00,10,8,14,23,20,201,4,NICOLI JEAN COURS,,,Nuit avec éclairage allumé,En agglomération,Hors intersection,Temps couvert,Sans collision,,,,,,,,,,,5,2,1,8.0,7.0
201000054897,0010-08-14 18:10:00,10,8,14,18,10,201,4,SAINTE LUCIE RUE,,,Plein jour,En agglomération,Intersection en T,Normale,Deux véhicules - côté,,,,,,,,,,,1,2,3,1.0,3.0
201000054898,0010-08-16 19:35:00,10,8,16,19,35,201,4,ROSSINI PASCAL BD,,,Plein jour,En agglomération,Hors intersection,Normale,Deux véhicules - côté,,,,,,,,,,,1,2,1,1.0,3.0
201000054899,0010-08-19 17:54:00,10,8,19,17,54,201,4,"SANS, ALBERT 1ER BD",,,Plein jour,En agglomération,Intersection en T,Normale,Autre collision,,,,,,,,,,,1,2,3,1.0,6.0
201000054900,0010-08-22 11:00:00,10,8,22,11,0,201,4,"SANS, AEROPORT NAPOLEON",,,Plein jour,Hors agglomération,Hors intersection,Normale,Autre collision,,,,,,,,,,,1,1,1,1.0,6.0
201000054901,0010-08-26 08:55:00,10,8,26,8,55,201,4,GEORGES POMPIDOU AVENUE,,,Plein jour,En agglomération,Hors intersection,Normale,Deux véhicules - arrière,,,,,,,,,,,1,2,1,1.0,2.0
201000054902,0010-08-29 01:55:00,10,8,29,1,55,201,4,"SANS, ROSSINI PASCAL BD",,,Nuit avec éclairage allumé,En agglomération,Hors intersection,Normale,Deux véhicules - arrière,,,,,,,,,,,5,2,1,1.0,2.0
201000054903,0010-08-30 22:05:00,10,8,30,22,5,201,4,MEZZAVIA ROUTE DE,,,Nuit avec éclairage allumé,En agglomération,Hors intersection,Normale,Deux véhicules - arrière,,,,,,,,,,,5,2,1,1.0,2.0
201000054904,0010-09-02 12:15:00,10,9,2,12,15,201,4,NAPOLEON COURS APRES BEV,,,Plein jour,En agglomération,Intersection en T,Normale,Deux véhicules - côté,,,,,,,,,,,1,2,3,1.0,3.0
201000054905,0010-09-02 12:25:00,10,9,2,12,25,201,4,BONAPARTE CHARLES  BD,,,Plein jour,En agglomération,Hors intersection,Normale,Trois véhicules et plus - en chaîne,,,,,,,,,,,1,2,1,1.0,4.0
201000054906,0010-09-02 18:50:00,10,9,2,18,50,201,4,NAPOLEON COURS AVANT BEV,,,Plein jour,En agglomération,Intersection en T,Normale,Deux véhicules - côté,,,,,,,,,,,1,2,3,1.0,3.0
201000054907,0010-09-09 14:56:00,10,9,9,14,56,201,4,ROSSINI PASCAL BD,,,Plein jour,En agglomération,Hors intersection,Normale,Deux véhicules - côté,,,,,,,,,,,1,2,1,1.0,3.0
201000054908,0010-09-11 23:43:00,10,9,11,23,43,201,4,GEORGES POMPIDOU AVENUE,,,Nuit avec éclairage allumé,En agglomération,Hors intersection,Normale,Deux véhicules - frontale,,,,,,,,,,,5,2,1,1.0,1.0
201000054909,0010-09-15 02:53:00,10,9,15,2,53,201,4,"sans, ROSSINI PASCAL BD",,,Nuit avec éclairage allumé,En agglomération,Hors intersection,Normale,Autre collision,,,,,,,,,,,5,2,1,1.0,6.0
201000054910,0010-09-16 14:08:00,10,9,16,14,8,201,4,ASPRETTO ROUTE,,,Plein jour,En agglomération,Giratoire,Normale,Trois véhicules et plus - en chaîne,,,,,,,,,,,1,2,6,1.0,4.0
201000054911,0010-09-17 11:26:00,10,9,17,11,26,201,4,NATIONALE 194,,,Plein jour,En agglomération,Hors intersection,Normale,Deux véhicules - côté,,,,,,,,,,,1,2,1,1.0,3.0
201000054912,0010-09-25 16:30:00,10,9,25,16,30,201,4,"SANS, MARECHAL JUIN AVEN",,,Plein jour,En agglomération,Hors intersection,Normale,Deux véhicules - arrière,,,,,,,,,,,1,2,1,1.0,2.0
201000054913,0010-09-25 21:33:00,10,9,25,21,33,201,4,"SANS, GRANDE ARMEE AVENU",,,Nuit avec éclairage allumé,En agglomération,Hors intersection,Normale,Deux véhicules - frontale,,,,,,,,,,,5,2,1,1.0,1.0
201000054914,0010-09-25 23:05:00,10,9,25,23,5,201,4,DEL PELLEGRINO RUE DOCTE,,,Nuit avec éclairage allumé,En agglomération,Intersection en T,Normale,Deux véhicules - côté,,,,,,,,,,,5,2,3,1.0,3.0
201000054915,0010-09-27 21:00:00,10,9,27,21,0,201,4,PIETRI FRANCOIS RUE,,,Nuit avec éclairage allumé,En agglomération,Hors intersection,Normale,Sans collision,,,,,,,,,,,5,2,1,1.0,7.0
201000054916,0010-09-27 22:00:00,10,9,27,22,0,201,4,ILES SANGUINAIRES ROUTE,,,Nuit avec éclairage allumé,Hors agglomération,Hors intersection,Normale,Deux véhicules - côté,,,,,,,,,,,5,1,1,1.0,3.0
201000054917,0010-09-28 18:25:00,10,9,28,18,25,201,4,SCAMARONI FRED BD,,,Crépuscule ou aube,En agglomération,Hors intersection,Normale,Autre collision,,,,,,,,,,,2,2,1,1.0,6.0
201000054918,0010-09-28 14:50:00,10,9,28,14,50,201,4,NICOLI JEAN COURS,,,Plein jour,En agglomération,Hors intersection,Normale,Deux véhicules - arrière,,,,,,,,,,,1,2,1,1.0,2.0
201000054919,0010-09-28 17:21:00,10,9,28,17,21,201,4,CAMPI LOUIS BD,,,Plein jour,En agglomération,Hors intersection,Normale,Deux véhicules - côté,,,,,,,,,,,1,2,1,1.0,3.0
201000054920,0010-09-30 07:52:00,10,9,30,7,52,201,4,MEZZAVIA ROUTE DE,,,Plein jour,En agglomération,Hors intersection,Normale,Deux véhicules - arrière,,,,,,,,,,,1,2,1,1.0,2.0
201000054921,0010-10-04 15:55:00,10,10,4,15,55,201,4,"7, GRANDVAL COURS IMPAIR",,,Plein jour,En agglomération,Hors intersection,Normale,Deux véhicules - côté,,,,,,,,,,,1,2,1,1.0,3.0
201000054922,0010-10-05 10:15:00,10,10,5,10,15,201,4,"sans, BONAPARTE CHARLES",,,Plein jour,En agglomération,Hors intersection,Normale,Deux véhicules - arrière,,,,,,,,,,,1,2,1,1.0,2.0
201000054923,0010-10-06 09:05:00,10,10,6,9,5,201,4,PIETRI FRANCOIS RUE,,,Plein jour,En agglomération,Intersection en X,Normale,Autre collision,,,,,,,,,,,1,2,2,1.0,6.0
201000054924,0010-10-08 07:16:00,10,10,8,7,16,201,4,SERAFINI ANTOINE  AVENUE,,,Crépuscule ou aube,En agglomération,Hors intersection,Normale,Autre collision,,,,,,,,,,,2,2,1,1.0,6.0
201000054925,0010-10-12 19:28:00,10,10,12,19,28,201,4,MACCHINI EUGENE AVENUE,,,Nuit avec éclairage allumé,En agglomération,Hors intersection,Pluie légère,Autre collision,,,,,,,,,,,5,2,1,2.0,6.0
201000054926,0010-10-15 17:52:00,10,10,15,17,52,201,4,"SANS, PIETRI FRANCOIS RU",,,Plein jour,En agglomération,Hors intersection,Normale,Deux véhicules - arrière,,,,,,,,,,,1,2,1,1.0,2.0
201000054927,0010-10-15 19:50:00,10,10,15,19,50,201,4,"111, DIAMANT I RCE AV PA",,,Nuit avec éclairage allumé,En agglomération,Hors intersection,Normale,Autre collision,,,,,,,,,,,5,2,1,1.0,6.0
201000054928,0010-10-18 18:55:00,10,10,18,18,55,201,4,MARECHAL JUIN AVENUE,,,Nuit avec éclairage allumé,En agglomération,Hors intersection,Normale,Deux véhicules - arrière,,,,,,,,,,,5,2,1,1.0,2.0
201000054929,0010-10-19 11:05:00,10,10,19,11,5,201,4,COLONNA D'ORNANO COLONEL,,,Plein jour,En agglomération,Hors intersection,Normale,Autre collision,,,,,,,,,,,1,2,1,1.0,6.0
201000054930,0010-10-23 16:30:00,10,10,23,16,30,201,4,MEZZAVIA ROUTE DE,,,Plein jour,En agglomération,Hors intersection,Normale,Deux véhicules - côté,,,,,,,,,,,1,2,1,1.0,3.0
201000054931,0010-10-24 15:05:00,10,10,24,15,5,201,4,"SANS, BONAPARTE CHARLES",,,Plein jour,En agglomération,Intersection en T,Normale,Autre collision,,,,,,,,,,,1,2,3,1.0,6.0
201000054932,0010-10-28 18:35:00,10,10,28,18,35,201,4,"SANS, SAMPIERO BD",,,Crépuscule ou aube,En agglomération,Hors intersection,Autre,Deux véhicules - arrière,,,,,,,,,,,2,2,1,9.0,2.0
201000054933,0010-10-30 20:40:00,10,10,30,20,40,201,4,PIETRI FRANCOIS RUE,,,Nuit avec éclairage allumé,En agglomération,Intersection en X,Normale,Deux véhicules - côté,,,,,,,,,,,5,2,2,1.0,3.0
201000054934,0010-11-05 17:00:00,10,11,5,17,0,201,4,"39, NAPOLEON COURS APRES",,,Plein jour,En agglomération,Hors intersection,Normale,Autre collision,,,,,,,,,,,1,2,1,1.0,6.0
201000054935,0010-11-07 23:04:00,10,11,7,23,4,201,4,"SANS, SEBASTIANU COSTA B",,,Nuit avec éclairage allumé,En agglomération,Hors intersection,Normale,Autre collision,,,,,,,,,,,5,2,1,1.0,6.0
201000054936,0010-11-06 13:10:00,10,11,6,13,10,201,4,STILETTO LOT RTE MEZZAVI,,,Plein jour,Hors agglomération,Hors intersection,Normale,Autre collision,,,,,,,,,,,1,1,1,1.0,6.0
201000054937,0010-11-06 19:15:00,10,11,6,19,15,201,4,CAMPI LOUIS BD,,,Nuit avec éclairage non allumé,En agglomération,Hors intersection,Normale,Deux véhicules - côté,,,,,,,,,,,4,2,1,1.0,3.0
201000054938,0010-11-04 10:37:00,10,11,4,10,37,201,4,ILES SANGUINAIRES ROUTE,,,Plein jour,Hors agglomération,Intersection en T,Normale,Autre collision,,,,,,,,,,,1,1,3,1.0,6.0
201000054939,0010-11-07 07:35:00,10,11,7,7,35,201,4,SEBASTIANU COSTA BD,,,Plein jour,En agglomération,Hors intersection,Pluie légère,Deux véhicules - arrière,,,,,,,,,,,1,2,1,2.0,2.0
201000054940,0010-11-09 14:25:00,10,11,9,14,25,201,4,NATIONALE 193,,,Plein jour,Hors agglomération,Hors intersection,Normale,Deux véhicules - côté,,,,,,,,,,,1,1,1,1.0,3.0
201000054941,0010-11-12 07:30:00,10,11,12,7,30,201,4,CALVI  ROUTE,,,Plein jour,En agglomération,Hors intersection,Normale,Autre collision,,,,,,,,,,,1,2,1,1.0,6.0
201000054942,0010-11-15 22:30:00,10,11,15,22,30,201,4,BONAPARTE CHARLES  BD,,,Nuit avec éclairage allumé,En agglomération,Hors intersection,Pluie forte,Deux véhicules - arrière,,,,,,,,,,,5,2,1,3.0,2.0
201000054943,0010-11-19 07:16:00,10,11,19,7,16,201,4,NATIONALE 194,,,Crépuscule ou aube,Hors agglomération,Intersection en T,Pluie légère,Deux véhicules - côté,,,,,,,,,,,2,1,3,2.0,3.0
201000054944,0010-11-19 23:00:00,10,11,19,23,0,201,4,NATIONALE 194,,,Nuit avec éclairage allumé,En agglomération,Hors intersection,Normale,Deux véhicules - côté,,,,,,,,,,,5,2,1,1.0,3.0
201000054945,0010-11-22 08:06:00,10,11,22,8,6,201,4,SEBASTIANU COSTA BD,,,Plein jour,En agglomération,Hors intersection,Pluie légère,Deux véhicules - côté,,,,,,,,,,,1,2,1,2.0,3.0
201000054946,0010-11-24 15:05:00,10,11,24,15,5,201,4,"SANS, AMIRAUTE PORT BD C",,,Plein jour,En agglomération,Hors intersection,Normale,Autre collision,,,,,,,,,,,1,2,1,1.0,6.0
201000054947,0010-11-27 21:17:00,10,11,27,21,17,201,4,NAPOLEON COURS AVANT BEV,,,Nuit avec éclairage allumé,En agglomération,Hors intersection,Normale,Autre collision,,,,,,,,,,,5,2,1,1.0,6.0