accident_id,datetime,annee,mois,jour,heure,minute,departement,commune_insee,adresse,latitude,longitude,luminosite,agglomeration,intersection,meteo,collision,nb_vehicules,nb_usagers,nb_indemnes,nb_tues,nb_blesses_hosp,nb_blesses_legers,age_cond_1,age_cond_2,veh_type_cond_1,veh_type_cond_2,lum_code,agg_code,int_code,atm_code,col_code
201000054948,0010-11-29 12:20:00,10,11,29,12,20,201,4,"SANS, BONAPARTE CHARLES",,,Plein jour,En agglomération,Hors intersection,Temps couvert,Trois véhicules et plus - collisions multiples,,,,,,,,,,,1,2,1,8.0,5.0
201000054949,0010-12-01 09:45:00,10,12,1,9,45,201,4,"SANS, 1ER CONSUL RCE RUE",,,Plein jour,En agglomération,Intersection en T,Normale,Autre collision,,,,,,,,,,,1,2,3,1.0,6.0
201000054950,0010-12-01 12:02:00,10,12,1,12,2,201,4,COLONNA D'ORNANO COLONEL,,,Plein jour,En agglomération,Hors intersection,Pluie légère,Deux véhicules - frontale,,,,,,,,,,,1,2,1,2.0,1.0
201000054951,0010-12-06 18:43:00,10,12,6,18,43,201,4,PIETRI NICOLAS AVENUE,,,Crépuscule ou aube,En agglomération,Hors intersection,Normale,Autre collision,,,,,,,,,,,2,2,1,1.0,6.0
201000054952,0010-12-07 06:15:00,10,12,7,6,15,201,4,ALZO DI LEVA CHEMIN,,,Nuit sans éclairage public,En agglomération,Giratoire,Autre,Deux véhicules - côté,,,,,,,,,,,3,2,6,9.0,3.0
201000054953,0010-12-08 19:43:00,10,12,8,19,43,201,4,VERDUN AVENUE DE,,,Nuit avec éclairage allumé,En agglomération,Intersection en T,Normale,Deux véhicules - côté,,,,,,,,,,,5,2,3,1.0,3.0
201000054954,0010-12-08 14:19:00,10,12,8,14,19,201,4,NATIONALE 193,,,Plein jour,En agglomération,Hors intersection,Normale,Deux véhicules - arrière,,,,,,,,,,,1,2,1,1.0,2.0
201000054955,0010-12-08 17:10:00,10,12,8,17,10,201,4,ILES SANGUINAIRES ROUTE,,,Nuit avec éclairage non allumé,En agglomération,Hors intersection,Normale,Deux véhicules - frontale,,,,,,,,,,,4,2,1,1.0,1.0
201000054956,0010-12-11 17:36:00,10,12,11,17,36,201,4,SUARTELLO CHEMIN DE,,,Nuit avec éclairage allumé,Hors agglomération,Intersection en Y,Normale,Deux véhicules - frontale,,,,,,,,,,,5,1,4,1.0,1.0
201000054957,0010-12-11 20:17:00,10,12,11,20,17,201,4,BEVERINI VICO IMPAIR  AV,,,Nuit avec éclairage allumé,En agglomération,Intersection en X,Normale,Deux véhicules - côté,,,,,,,,,,,5,2,2,1.0,3.0
201000054958,0010-12-12 04:50:00,10,12,12,4,50,201,4,MARCAGGI SYLVESTRE BD,,,Nuit avec éclairage allumé,En agglomération,Intersection en T,Normale,Deux véhicules - côté,,,,,,,,,,,5,2,3,1.0,3.0
201000054959,0010-12-17 21:00:00,10,12,17,21,0,201,4,"SANS, LORETTO CHEMIN",,,Nuit sans éclairage public,En agglomération,Hors intersection,Autre,Deux véhicules - frontale,,,,,,,,,,,3,2,1,9.0,1.0
201000054960,0010-12-18 14:35:00,10,12,18,14,35,201,4,GEORGES POMPIDOU AVENUE,,,Plein jour,En agglomération,Hors intersection,Normale,Deux véhicules - arrière,,,,,,,,,,,1,2,1,1.0,2.0
201000054961,0010-12-19 18:09:00,10,12,19,18,9,201,4,MARECHAL JUIN AVENUE,,,Nuit avec éclairage allumé,En agglomération,Intersection en T,Pluie légère,Deux véhicules - côté,,,,,,,,,,,5,2,3,2.0,3.0
201000054962,0010-12-21 17:00:00,10,12,21,17,0,201,4,PRINCE IMPERIAL COURS,,,Crépuscule ou aube,En agglomération,Hors intersection,Normale,Sans collision,,,,,,,,,,,2,2,1,1.0,7.0
201000054963,0010-12-22 16:15:00,10,12,22,16,15,201,4,PRINCE IMPERIAL COURS,,,Plein jour,En agglomération,Hors intersection,Normale,Trois véhicules et plus - en chaîne,,,,,,,,,,,1,2,1,1.0,4.0
201000054964,0010-12-23 18:10:00,10,12,23,18,10,201,4,"07, SCAMARONI FRED BD",,,Nuit avec éclairage allumé,En agglomération,Hors intersection,Pluie légère,Autre collision,,,,,,,,,,,5,2,1,2.0,6.0
201000054965,0010-12-23 21:55:00,10,12,23,21,55,201,4,GEORGES POMPIDOU AVENUE,,,Nuit avec éclairage allumé,En agglomération,Intersection en X,Pluie forte,Deux véhicules - côté,,,,,,,,,,,5,2,2,3.0,3.0
201000054966,0010-12-27 23:10:00,10,12,27,23,10,201,4,NATIONALE 193,,,Nuit avec éclairage allumé,Hors agglomération,Giratoire,Normale,Deux véhicules - côté,,,,,,,,,,,5,1,6,1.0,3.0
201000054967,0010-12-31 10:50:00,10,12,31,10,50,201,4,NICOLI JEAN COURS,,,Plein jour,En agglomération,Hors intersection,Normale,Deux véhicules - arrière,,,,,,,,,,,1,2,1,1.0,2.0
201000054968,0010-12-31 17:40:00,10,12,31,17,40,201,4,SARTENE ANCIENNE ROUTE,,,Nuit avec éclairage allumé,Hors agglomération,Hors intersection,Normale,Deux véhicules - côté,,,,,,,,,,,5,1,1,1.0,3.0
201000054969,0010-01-05 13:00:00,10,1,5,13,0,690,381,"7, PLACE COLBERT",,,Plein jour,En agglomération,Hors intersection,Normale,Autre collision,,,,,,,,,,,1,2,1,1.0,6.0
201000054970,0010-01-07 08:30:00,10,1,7,8,30,690,381,"00, LOUIS CHAZETTE",,,Plein jour,En agglomération,Hors intersection,Neige / grêle,Deux véhicules - arrière,,,,,,,,,,,1,2,1,4.0,2.0
201000054971,0010-01-09 14:45:00,10,1,9,14,45,690,381,"5, RUE CONSTANTINE",,,Plein jour,En agglomération,Hors intersection,Neige / grêle,Autre collision,,,,,,,,,,,1,2,1,4.0,6.0
201000054972,0010-01-20 08:15:00,10,1,20,8,15,690,381,"80, BD CROIX ROUSSE",,,Plein jour,En agglomération,Intersection en T,Normale,Autre collision,,,,,,,,,,,1,2,3,1.0,6.0
201000054973,0010-01-23 21:15:00,10,1,23,21,15,690,381,"21, MONTEE SAINT SEBASTI",,,Nuit avec éclairage allumé,En agglomération,Intersection en T,Normale,Deux véhicules - côté,,,,,,,,,,,5,2,3,1.0,3.0
201000054974,0010-02-17 14:20:00,10,2,17,14,20,690,381,"19, PUITS GAILLOT",,,Plein jour,En agglomération,Hors intersection,Normale,Autre collision,,,,,,,,,,,1,2,1,1.0,6.0
201000054975,0010-02-23 16:50:00,10,2,23,16,50,690,381,"128,BD DE LA CROIX ROUSS",,,Plein jour,En agglomération,Intersection en X,Normale,Autre collision,,,,,,,,,,,1,2,2,1.0,6.0
201000054976,0010-04-04 15:40:00,10,4,4,15,40,690,381,9 RUE DES CARMELITES,,,Plein jour,En agglomération,Hors intersection,Normale,Deux véhicules - frontale,,,,,,,,,,,1,2,1,1.0,1.0
201000054977,0010-04-15 03:00:00,10,4,15,3,0,690,381,"4, RUE LANTERNE",,,Nuit avec éclairage allumé,En agglomération,Intersection à plus de 4 branches,Normale,Autre collision,,,,,,,,,,,5,2,5,1.0,6.0
201000054978,0010-04-20 23:30:00,10,4,20,23,30,690,381,"30, RUE JEAN BAPTISTE SA",,,Nuit avec éclairage allumé,En agglomération,Intersection en Y,Normale,Autre collision,,,,,,,,,,,5,2,4,1.0,6.0
201000054979,0010-04-29 12:50:00,10,4,29,12,50,690,381,"12, RUE ROYALE",,,Plein jour,En agglomération,Intersection en X,Normale,Autre collision,,,,,,,,,,,1,2,2,1.0,6.0
201000054980,0010-04-23 23:40:00,10,4,23,23,40,690,381,"1, RUE D'ALGERIE",,,Nuit avec éclairage allumé,En agglomération,Intersection en T,Normale,Deux véhicules - frontale,,,,,,,,,,,5,2,3,1.0,1.0
201000054981,0010-06-05 06:00:00,10,6,5,6,0,690,381,JEAN MOULIN,,,Plein jour,En agglomération,Hors intersection,Normale,Trois véhicules et plus - en chaîne,,,,,,,,,,,1,2,1,1.0,4.0
201000054982,0010-06-13 18:30:00,10,6,13,18,30,690,381,PONT DE LATTRE DE TASSIG,,,Plein jour,En agglomération,Hors intersection,Normale,Trois véhicules et plus - en chaîne,,,,,,,,,,,1,2,1,1.0,4.0
201000054983,0010-06-22 00:01:00,10,6,22,0,1,690,381,"96, BOULEVARD DE LA CROI",,,Nuit avec éclairage allumé,En agglomération,Hors intersection,Normale,Autre collision,,,,,,,,,,,5,2,1,1.0,6.0
201000054984,0010-07-31 02:40:00,10,7,31,2,40,690,381,"12, QUAI SAINT VINCENT",,,Nuit avec éclairage allumé,En agglomération,Hors intersection,Normale,Autre collision,,,,,,,,,,,5,2,1,1.0,6.0
201000054985,0010-08-07 03:10:00,10,8,7,3,10,690,381,"17, TABLES CLAUDIENNES (",,,Nuit avec éclairage allumé,En agglomération,Hors intersection,Normale,Autre collision,,,,,,,,,,,5,2,1,1.0,6.0
201000054986,0010-08-27 04:02:00,10,8,27,4,2,690,381,"21, PRESIDENT EDOUARD HE",,,Nuit avec éclairage allumé,En agglomération,Hors intersection,Normale,Autre collision,,,,,,,,,,,5,2,1,1.0,6.0
201000054987,0010-09-11 17:10:00,10,9,11,17,10,690,381,"4, REPUBLIQUE (DE LA)",,,Plein jour,En agglomération,Hors intersection,Normale,Autre collision,,,,,,,,,,,1,2,1,1.0,6.0
201000054988,0010-09-10 14:00:00,10,9,10,14,0,690,381,"face 7, QUAI ANDRE LASSA",,,Plein jour,En agglomération,Intersection en Y,Normale,Autre collision,,,,,,,,,,,1,2,4,1.0,6.0
201000054989,0010-09-28 08:30:00,10,9,28,8,30,690,381,"154, BOULEVARD DE LA CRO",,,Plein jour,En agglomération,Hors intersection,Normale,Deux véhicules - arrière,,,,,,,,,,,1,2,1,1.0,2.0
201000054990,0010-10-02 17:30:00,10,10,2,17,30,690,381,"2, REPUBLIQUE (DE LA)",,,Plein jour,En agglomération,Hors intersection,Normale,Autre collision,,,,,,,,,,,1,2,1,1.0,6.0
201000054991,0010-10-10 06:55:00,10,10,10,6,55,690,381,"10, JEAN MOULIN",,,Nuit avec éclairage allumé,En agglomération,Intersection en X,Normale,Deux véhicules - côté,,,,,,,,,,,5,2,2,1.0,3.0
201000054992,0010-10-16 15:25:00,10,10,16,15,25,690,381,"9, RUE SAINT POLYCARPE",,,Plein jour,En agglomération,Hors intersection,Normale,Autre collision,,,,,,,,,,,1,2,1,1.0,6.0
201000054993,0010-10-29 01:30:00,10,10,29,1,30,690,381,"33, QUAI SAINT VINCENT",,,Nuit avec éclairage allumé,En agglomération,Hors intersection,Autre,Autre collision,,,,,,,,,,,5,2,1,9.0,6.0
201000054994,0010-11-07 05:07:00,10,11,7,5,7,690,381,"25, QUAI SAINT VINCENT",,,Nuit avec éclairage allumé,En agglomération,Hors intersection,Normale,Autre collision,,,,,,,,,,,5,2,1,1.0,6.0
201000054995,0010-11-15 15:35:00,10,11,15,15,35,690,381,"14, PAUL CHENAVARD",,,Plein jour,En agglomération,Hors intersection,Pluie légère,Autre collision,,,,,,,,,,,1,2,1,2.0,6.0
201000054996,0010-11-20 18:55:00,10,11,20,18,55,690,381,"110, BOULEVARD DE LA CRO",,,Nuit avec éclairage allumé,En agglomération,Intersection en T,Pluie légère,Deux véhicules - côté,,,,,,,,,,,5,2,3,2.0,3.0
201000054997,0010-12-20 17:05:00,10,12,20,17,5,690,381,"4, POUTEAU",45.7725,4.83306,Nuit avec éclairage allumé,En agglomération,Hors intersection,Normale,Autre collision,,,,,,,,,,,5,2,1,1.0,6.0
201000054998,0010-01-03 18:40:00,10,1,3,18,40,770,294,A104,,,Nuit sans éclairage public,Hors agglomération,Hors intersection,Normale,Trois véhicules et plus - en chaîne,,,,,,,,,,,3,1,1,1.0,4.0
201000054999,0010-01-04 20:50:00,10,1,4,20,50,940,17,A4,48.8294,2.48181,Nuit avec éclairage allumé,Hors agglomération,Hors intersection,Normale,Deux véhicules - côté,,,,,,,,,,,5,1,1,1.0,3.0
201000055000,0010-01-05 05:50:00,10,1,5,5,50,770,121,A4,,,Nuit sans éclairage public,Hors agglomération,Hors intersection,Normale,Sans collision,,,,,,,,,,,3,1,1,1.0,7.0
201000055001,0010-01-07 17:15:00,10,1,7,17,15,770,146,A4.Y,,,Nuit sans éclairage public,Hors agglomération,Hors intersection,Normale,Deux véhicules - arrière,,,,,,,,,,,3,1,1,1.0,2.0
201000055002,0010-01-08 00:30:00,10,1,8,0,30,940,74,RN406.W,48.7659,2.45702,Nuit avec éclairage allumé,Hors agglomération,Hors intersection,Neige / grêle,Sans collision,,,,,,,,,,,5,1,1,4.0,7.0
201000055003,0010-01-08 23:20:00,10,1,8,23,20,940,73,A86,48.7701,2.38136,Nuit avec éclairage allumé,Hors agglomération,Hors intersection,Temps couvert,Sans collision,,,,,,,,,,,5,1,1,8.0,7.0
201000055004,0010-01-17 05:10:00,10,1,17,5,10,770,237,A4,,,Nuit sans éclairage public,Hors agglomération,Hors intersection,Normale,Deux véhicules - arrière,,,,,,,,,,,3,1,1,1.0,2.0
201000055005,0010-01-10 00:05:00,10,1,10,0,5,770,249,RN104,,,Nuit sans éclairage public,Hors agglomération,Hors intersection,Neige / grêle,Deux véhicules - arrière,,,,,,,,,,,3,1,1,4.0,2.0
201000055006,0010-01-10 02:06:00,10,1,10,2,6,770,249,RN104,,,Nuit sans éclairage public,Hors agglomération,Hors intersection,Neige / grêle,Trois véhicules et plus - collisions multiples,,,,,,,,,,,3,1,1,4.0,5.0
201000055007,0010-01-10 08:59:00,10,1,10,8,59,770,249,RN104,,,Plein jour,Hors agglomération,Hors intersection,Temps couvert,Deux véhicules - arrière,,,,,,,,,,,1,1,1,8.0,2.0
201000055008,0010-01-12 19:45:00,10,1,12,19,45,940,69,A4,48.8166,2.45043,Nuit avec éclairage allumé,Hors agglomération,Hors intersection,Pluie légère,Sans collision,,,,,,,,,,,5,1,1,2.0,7.0
201000055009,0010-01-14 09:00:00,10,1,14,9,0,770,237,A4,,,Plein jour,Hors agglomération,Hors intersection,Normale,Deux véhicules - arrière,,,,,,,,,,,1,1,1,1.0,2.0
201000055010,0010-01-14 11:45:00,10,1,14,11,45,770,450,RN104,,,Plein jour,Hors agglomération,Hors intersection,Normale,Autre collision,,,,,,,,,,,1,1,1,1.0,6.0
201000055011,0010-01-14 22:30:00,10,1,14,22,30,930,51,A4,48.8354,2.56843,Nuit avec éclairage non allumé,Hors agglomération,Hors intersection,Normale,Deux véhicules - côté,,,,,,,,,,,4,1,1,1.0,3.0
201000055012,0010-01-15 23:45:00,10,1,15,23,45,770,249,RN104,,,Nuit sans éclairage public,Hors agglomération,Hors intersection,Normale,Autre collision,,,,,,,,,,,3,1,1,1.0,6.0
201000055013,0010-01-16 06:00:00,10,1,16,6,0,940,28,A86 SUD,48.7989,2.44551,Nuit avec éclairage allumé,Hors agglomération,Hors intersection,Normale,Deux véhicules - arrière,,,,,,,,,,,5,1,1,1.0,2.0
201000055014,0010-01-16 17:35:00,10,1,16,17,35,940,42,A4,48.8281,2.47346,Plein jour,Hors agglomération,Hors intersection,Pluie forte,Deux véhicules - côté,,,,,,,,,,,1,1,1,3.0,3.0
201000055015,0010-01-20 05:50:00,10,1,20,5,50,940,73,A86,48.7701,2.38135,Nuit avec éclairage allumé,Hors agglomération,Hors intersection,Pluie légère,Deux véhicules - côté,,,,,,,,,,,5,1,1,2.0,3.0
201000055016,0010-01-20 07:50:00,10,1,20,7,50,770,450,RN104,,,Nuit sans éclairage public,Hors agglomération,Hors intersection,Normale,Sans collision,,,,,,,,,,,3,1,1,1.0,7.0
201000055017,0010-01-20 08:15:00,10,1,20,8,15,940,28,RN406.W,48.7773,2.44178,Plein jour,Hors agglomération,Hors intersection,Pluie légère,Deux véhicules - côté,,,,,,,,,,,1,1,1,2.0,3.0
201000055018,0010-01-20 18:00:00,10,1,20,18,0,770,373,RN104,,,Nuit sans éclairage public,Hors agglomération,Hors intersection,Pluie légère,Deux véhicules - frontale,,,,,,,,,,,3,1,1,2.0,1.0
201000055019,0010-01-20 18:45:00,10,1,20,18,45,770,258,A4.W,,,Nuit avec éclairage allumé,Hors agglomération,Hors intersection,Pluie légère,Deux véhicules - côté,,,,,,,,,,,5,1,1,2.0,3.0
201000055020,0010-01-21 17:00:00,10,1,21,17,0,940,69,A4,48.8175,2.42082,Plein jour,Hors agglomération,Hors intersection,Normale,Deux véhicules - arrière,,,,,,,,,,,1,1,1,1.0,2.0
201000055021,0010-01-22 07:30:00,10,1,22,7,30,770,337,A4,,,Nuit avec éclairage allumé,Hors agglomération,Hors intersection,Normale,Deux véhicules - côté,,,,,,,,,,,5,1,1,1.0,3.0
201000055022,0010-01-22 07:30:00,10,1,22,7,30,930,51,A4,,,Nuit sans éclairage public,Hors agglomération,Hors intersection,Temps couvert,Deux véhicules - arrière,,,,,,,,,,,3,1,1,8.0,2.0
201000055023,0010-01-23 12:50:00,10,1,23,12,50,770,363,A104,,,Plein jour,Hors agglomération,Hors intersection,Pluie légère,Deux véhicules - arrière,,,,,,,,,,,1,1,1,2.0,2.0
201000055024,0010-01-23 19:00:00,10,1,23,19,0,940,33,A86.INT,48.8503,2.49022,Nuit avec éclairage allumé,Hors agglomération,Hors intersection,Pluie légère,Deux véhicules - arrière,,,,,,,,,,,5,1,1,2.0,2.0
201000055025,0010-01-25 16:10:00,10,1,25,16,10,940,18,A4,48.8248,2.39301,Plein jour,Hors agglomération,Hors intersection,Normale,Deux véhicules - côté,,,,,,,,,,,1,1,1,1.0,3.0
201000055026,0010-01-26 20:10:00,10,1,26,20,10,940,17,A4,48.8302,2.48935,Nuit sans éclairage public,Hors agglomération,Hors intersection,Normale,Sans collision,,,,,,,,,,,3,1,1,1.0,7.0
201000055027,0010-01-27 12:30:00,10,1,27,12,30,940,69,A4,48.8176,2.43821,Plein jour,Hors agglomération,Hors intersection,Normale,Autre collision,,,,,,,,,,,1,1,1,1.0,6.0
201000055028,0010-01-30 23:20:00,10,1,30,23,20,940,18,A4,48.8212,2.39929,Nuit avec éclairage allumé,Hors agglomération,Hors intersection,Normale,Deux véhicules - arrière,,,,,,,,,,,5,1,1,1.0,2.0
201000055029,0010-01-31 18:20:00,10,1,31,18,20,770,18,A4,,,Crépuscule ou aube,Hors agglomération,Hors intersection,Normale,Autre collision,,,,,,,,,,,2,1,1,1.0,6.0
201000055030,0010-02-02 12:30:00,10,2,2,12,30,940,17,A4,48.8286,2.50194,Plein jour,Hors agglomération,Hors intersection,Pluie légère,Sans collision,,,,,,,,,,,1,1,1,2.0,7.0
201000055031,0010-02-03 08:50:00,10,2,3,8,50,770,181,A4,,,Plein jour,Hors agglomération,Hors intersection,Normale,Deux véhicules - côté,,,,,,,,,,,1,1,1,1.0,3.0
201000055032,0010-02-04 07:45:00,10,2,4,7,45,940,28,A86 SUD,48.7912,2.44096,Crépuscule ou aube,Hors agglomération,Hors intersection,Normale,Deux véhicules - arrière,,,,,,,,,,,2,1,1,1.0,2.0
201000055033,0010-02-04 08:05:00,10,2,4,8,5,940,22,A86,48.7766,2.41871,Plein jour,Hors agglomération,Hors intersection,Normale,Sans collision,,,,,,,,,,,1,1,1,1.0,7.0
201000055034,0010-02-04 18:00:00,10,2,4,18,0,770,296,RN104,,,Plein jour,Hors agglomération,Hors intersection,Normale,Deux véhicules - côté,,,,,,,,,,,1,1,1,1.0,3.0
201000055035,0010-02-05 10:40:00,10,2,5,10,40,770,514,A104,,,Plein jour,Hors agglomération,Hors intersection,Normale,Deux véhicules - arrière,,,,,,,,,,,1,1,1,1.0,2.0
201000055036,0010-02-06 09:30:00,10,2,6,9,30,770,468,A104,,,Plein jour,Hors agglomération,Hors intersection,Pluie légère,Autre collision,,,,,,,,,,,1,1,1,2.0,6.0
201000055037,0010-02-06 10:50:00,10,2,6,10,50,940,73,A86,48.77,2.38146,Plein jour,Hors agglomération,Hors intersection,Pluie légère,Deux véhicules - côté,,,,,,,,,,,1,1,1,2.0,3.0
201000055038,0010-02-07 12:30:00,10,2,7,12,30,940,52,A4,48.8264,2.46617,Plein jour,Hors agglomération,Hors intersection,Normale,Deux véhicules - côté,,,,,,,,,,,1,1,1,1.0,3.0
201000055039,0010-02-10 14:30:00,10,2,10,14,30,940,33,A86.INT,48.8483,2.49093,Plein jour,Hors agglomération,Hors intersection,Neige / grêle,Trois véhicules et plus - en chaîne,,,,,,,,,,,1,1,1,4.0,4.0
201000055040,0010-02-10 15:00:00,10,2,10,15,0,770,249,RN104,,,Plein jour,Hors agglomération,Hors intersection,Neige / grêle,Deux véhicules - arrière,,,,,,,,,,,1,1,1,4.0,2.0
201000055041,0010-02-11 14:30:00,10,2,11,14,30,940,17,A4,48.8297,2.48406,Plein jour,Hors agglomération,Hors intersection,Neige / grêle,Deux véhicules - arrière,,,,,,,,,,,1,1,1,4.0,2.0
201000055042,0010-02-13 03:45:00,10,2,13,3,45,750,112,A4,,,Nuit avec éclairage allumé,Hors agglomération,Hors intersection,Normale,Autre collision,,,,,,,,,,,5,1,1,1.0,6.0
201000055043,0010-02-14 09:20:00,10,2,14,9,20,940,17,A4,48.8269,2.52338,Plein jour,Hors agglomération,Hors intersection,Normale,Sans collision,,,,,,,,,,,1,1,1,1.0,7.0
201000055044,0010-02-14 18:40:00,10,2,14,18,40,770,121,A4,,,Nuit avec éclairage allumé,Hors agglomération,Hors intersection,Normale,Sans collision,,,,,,,,,,,5,1,1,1.0,7.0
201000055045,0010-02-16 11:30:00,10,2,16,11,30,940,52,A4,48.8264,2.46626,Plein jour,Hors agglomération,Hors intersection,Normale,Deux véhicules - arrière,,,,,,,,,,,1,1,1,1.0,2.0
201000055046,0010-02-20 08:25:00,10,2,20,8,25,770,169,RN104.INT,,,Plein jour,Hors agglomération,Hors intersection,Neige / grêle,Sans collision,,,,,,,,,,,1,1,1,4.0,7.0
201000055047,0010-02-23 16:40:00,10,2,23,16,40,770,468,A104,,,Plein jour,Hors agglomération,Hors intersection,Pluie légère,Sans collision,,,,,,,,,,,1,1,1,2.0,7.0
201000055048,0010-02-23 20:30:00,10,2,23,20,30,770,146,A4.Y,,,Nuit sans éclairage public,Hors agglomération,Hors intersection,Normale,Autre collision,,,,,,,,,,,3,1,1,1.0,6.0
201000055049,0010-02-25 21:45:00,10,2,25,21,45,940,22,A86,48.7764,2.41543,Nuit avec éclairage non allumé,Hors agglomération,Hors intersection,Normale,Deux véhicules - côté,,,,,,,,,,,4,1,1,1.0,3.0
201000055050,0010-02-27 04:30:00,10,2,27,4,30,750,112,A4,,,Nuit avec éclairage allumé,Hors agglomération,Hors intersection,Normale,Autre collision,,,,,,,,,,,5,1,1,1.0,6.0
201000055051,0010-02-27 11:30:00,10,2,27,11,30,940,65,A86,48.7538,2.3686,Plein jour,Hors agglomération,Hors intersection,Normale,Deux véhicules - côté,,,,,,,,,,,1,1,1,1.0,3.0
201000055052,0010-02-27 12:30:00,10,2,27,12,30,770,468,A104,,,Plein jour,Hors agglomération,Hors intersection,Normale,Sans collision,,,,,,,,,,,1,1,1,1.0,7.0
201000055053,0010-03-01 10:30:00,10,3,1,10,30,750,112,A4,,,Plein jour,Hors agglomération,Hors intersection,Normale,Deux véhicules - côté,,,,,,,,,,,1,1,1,1.0,3.0
201000055054,0010-03-02 08:50:00,10,3,2,8,50,930,51,A4,48.8356,2.5658,Plein jour,Hors agglomération,Hors intersection,Normale,Trois véhicules et plus - collisions multiples,,,,,,,,,,,1,1,1,1.0,5.0
201000055055,0010-03-02 09:00:00,10,3,2,9,0,940,17,A4,48.8304,2.49476,Plein jour,Hors agglomération,Hors intersection,Normale,Deux véhicules - côté,,,,,,,,,,,1,1,1,1.0,3.0
201000055056,0010-03-05 05:20:00,10,3,5,5,20,770,181,A4,,,Nuit sans éclairage public,Hors agglomération,Hors intersection,Normale,Autre collision,,,,,,,,,,,3,1,1,1.0,6.0
201000055057,0010-03-05 15:15:00,10,3,5,15,15,940,73,A86,48.7648,2.37996,Plein jour,Hors agglomération,Hors intersection,Normale,Deux véhicules - côté,,,,,,,,,,,1,1,1,1.0,3.0
201000055058,0010-03-05 17:45:00,10,3,5,17,45,940,44,RN406.W,48.7582,2.47064,Plein jour,Hors agglomération,Hors intersection,Normale,Sans collision,,,,,,,,,,,1,1,1,1.0,7.0
201000055059,0010-03-06 10:45:00,10,3,6,10,45,940,52,A4,48.8264,2.46635,Plein jour,Hors agglomération,Hors intersection,Normale,Deux véhicules - côté,,,,,,,,,,,1,1,1,1.0,3.0
201000055060,0010-03-07 06:30:00,10,3,7,6,30,770,372,A104,,,Nuit sans éclairage public,Hors agglomération,Hors intersection,Normale,Deux véhicules - arrière,,,,,,,,,,,3,1,1,1.0,2.0
201000055061,0010-03-07 12:50:00,10,3,7,12,50,940,33,A86.EXT,48.8526,2.49016,Plein jour,Hors agglomération,Hors intersection,Normale,Trois véhicules et plus - en chaîne,,,,,,,,,,,1,1,1,1.0,4.0
201000055062,0010-03-08 15:00:00,10,3,8,15,0,770,249,RN104,,,Plein jour,Hors agglomération,Hors intersection,Normale,Autre collision,,,,,,,,,,,1,1,1,1.0,6.0
201000055063,0010-03-09 08:30:00,10,3,9,8,30,770,258,A4,,,Plein jour,Hors agglomération,Hors intersection,Normale,Trois véhicules et plus - en chaîne,,,,,,,,,,,1,1,1,1.0,4.0
201000055064,0010-03-10 16:30:00,10,3,10,16,30,940,73,A86,48.7536,2.37454,Plein jour,Hors agglomération,Hors intersection,Normale,Trois véhicules et plus - en chaîne,,,,,,,,,,,1,1,1,1.0,4.0
201000055065,0010-03-11 07:50:00,10,3,11,7,50,930,51,A4,48.8355,2.56846,Plein jour,Hors agglomération,Hors intersection,Normale,Deux véhicules - arrière,,,,,,,,,,,1,1,1,1.0,2.0
201000055066,0010-03-11 18:05:00,10,3,11,18,5,940,28,A86 SUD,48.7986,2.44522,Plein jour,Hors agglomération,Hors intersection,Normale,Trois véhicules et plus - collisions multiples,,,,,,,,,,,1,1,1,1.0,5.0
201000055067,0010-03-11 19:15:00,10,3,11,19,15,940,18,A4,48.8189,2.40744,Nuit avec éclairage allumé,Hors agglomération,Hors intersection,Normale,Trois véhicules et plus - en chaîne,,,,,,,,,,,5,1,1,1.0,4.0
201000055068,0010-03-12 08:15:00,10,3,12,8,15,930,51,A4,48.8356,2.56713,Plein jour,Hors agglomération,Hors intersection,Normale,Trois véhicules et plus - collisions multiples,,,,,,,,,,,1,1,1,1.0,5.0
201000055069,0010-03-13 20:30:00,10,3,13,20,30,770,122,RN104,,,Nuit sans éclairage public,Hors agglomération,Hors intersection,Normale,Autre collision,,,,,,,,,,,3,1,1,1.0,6.0
201000055070,0010-03-14 19:34:00,10,3,14,19,34,940,28,A86,48.7998,2.44623,Nuit avec éclairage allumé,Hors agglomération,Hors intersection,Normale,Deux véhicules - côté,,,,,,,,,,,5,1,1,1.0,3.0
201000055071,0010-03-14 21:15:00,10,3,14,21,15,940,22,A86,48.7767,2.41737,Nuit avec éclairage allumé,Hors agglomération,Hors intersection,Normale,Trois véhicules et plus - collisions multiples,,,,,,,,,,,5,1,1,1.0,5.0
201000055072,0010-03-15 08:25:00,10,3,15,8,25,770,83,A4,,,Plein jour,Hors agglomération,Hors intersection,Normale,Trois véhicules et plus - collisions multiples,,,,,,,,,,,1,1,1,1.0,5.0
201000055073,0010-03-16 05:05:00,10,3,16,5,5,770,363,A104,,,Nuit sans éclairage public,Hors agglomération,Hors intersection,Normale,Deux véhicules - arrière,,,,,,,,,,,3,1,1,1.0,2.0
201000055074,0010-03-16 07:40:00,10,3,16,7,40,770,249,RN104,,,Plein jour,Hors agglomération,Hors intersection,Normale,Deux véhicules - côté,,,,,,,,,,,1,1,1,1.0,3.0