accident_id,datetime,annee,mois,jour,heure,minute,departement,commune_insee,adresse,latitude,longitude,luminosite,agglomeration,intersection,meteo,collision,nb_vehicules,nb_usagers,nb_indemnes,nb_tues,nb_blesses_hosp,nb_blesses_legers,age_cond_1,age_cond_2,veh_type_cond_1,veh_type_cond_2,lum_code,agg_code,int_code,atm_code,col_code
201000055075,0010-03-16 09:30:00,10,3,16,9,30,940,33,A86.EXT,48.8525,2.49017,Plein jour,Hors agglomération,Hors intersection,Normale,Deux véhicules - arrière,,,,,,,,,,,1,1,1,1.0,2.0
201000055076,0010-03-17 08:10:00,10,3,17,8,10,940,69,A4,48.8166,2.45221,Plein jour,Hors agglomération,Hors intersection,Normale,Sans collision,,,,,,,,,,,1,1,1,1.0,7.0
201000055077,0010-03-17 21:00:00,10,3,17,21,0,770,237,A4,,,Nuit sans éclairage public,Hors agglomération,Hors intersection,Normale,Autre collision,,,,,,,,,,,3,1,1,1.0,6.0
201000055078,0010-03-17 13:00:00,10,3,17,13,0,940,42,A4,48.8281,2.47361,Plein jour,Hors agglomération,Hors intersection,Normale,Deux véhicules - arrière,,,,,,,,,,,1,1,1,1.0,2.0
201000055079,0010-03-19 12:00:00,10,3,19,12,0,940,42,A4,48.8277,2.47038,Plein jour,Hors agglomération,Hors intersection,Normale,Sans collision,,,,,,,,,,,1,1,1,1.0,7.0
201000055080,0010-03-21 02:50:00,10,3,21,2,50,770,363,A104,,,Nuit sans éclairage public,Hors agglomération,Hors intersection,Pluie légère,Autre collision,,,,,,,,,,,3,1,1,2.0,6.0
201000055081,0010-03-25 09:00:00,10,3,25,9,0,770,514,A104,,,Plein jour,Hors agglomération,Hors intersection,Normale,Trois véhicules et plus - collisions multiples,,,,,,,,,,,1,1,1,1.0,5.0
201000055082,0010-03-28 13:00:00,10,3,28,13,0,940,42,A4,48.8274,2.46947,Plein jour,Hors agglomération,Hors intersection,Pluie légère,Trois véhicules et plus - en chaîne,,,,,,,,,,,1,1,1,2.0,4.0
201000055083,0010-03-28 16:50:00,10,3,28,16,50,770,468,RN104,,,Plein jour,Hors agglomération,Hors intersection,Normale,Autre collision,,,,,,,,,,,1,1,1,1.0,6.0
201000055084,0010-03-29 09:30:00,10,3,29,9,30,940,73,A86,48.7535,2.37897,Plein jour,Hors agglomération,Hors intersection,Normale,Trois véhicules et plus - collisions multiples,,,,,,,,,,,1,1,1,1.0,5.0
201000055085,0010-03-29 20:50:00,10,3,29,20,50,770,438,A104,,,Nuit sans éclairage public,Hors agglomération,Hors intersection,Normale,Autre collision,,,,,,,,,,,3,1,1,1.0,6.0
201000055086,0010-03-30 07:45:00,10,3,30,7,45,940,44,RN406.W,48.7572,2.47168,Crépuscule ou aube,Hors agglomération,Hors intersection,Pluie légère,Sans collision,,,,,,,,,,,2,1,1,2.0,7.0
201000055087,0010-04-01 18:55:00,10,4,1,18,55,770,146,A4.Y,,,Plein jour,Hors agglomération,Hors intersection,Normale,Deux véhicules - arrière,,,,,,,,,,,1,1,1,1.0,2.0
201000055088,0010-04-02 18:00:00,10,4,2,18,0,770,294,A104,,,Plein jour,Hors agglomération,Hors intersection,Pluie légère,Deux véhicules - côté,,,,,,,,,,,1,1,1,2.0,3.0
201000055089,0010-04-02 17:45:00,10,4,2,17,45,940,73,A86,48.7639,2.38043,Plein jour,Hors agglomération,Hors intersection,Pluie légère,Autre collision,,,,,,,,,,,1,1,1,2.0,6.0
201000055090,0010-04-02 19:50:00,10,4,2,19,50,770,294,A104,,,Plein jour,Hors agglomération,Hors intersection,Pluie légère,Deux véhicules - arrière,,,,,,,,,,,1,1,1,2.0,2.0
201000055091,0010-04-03 18:45:00,10,4,3,18,45,940,69,A4,48.8167,2.44726,Plein jour,Hors agglomération,Hors intersection,Normale,Trois véhicules et plus - en chaîne,,,,,,,,,,,1,1,1,1.0,4.0
201000055092,0010-04-04 10:30:00,10,4,4,10,30,770,121,A104,,,Plein jour,Hors agglomération,Hors intersection,Pluie légère,Sans collision,,,,,,,,,,,1,1,1,2.0,7.0
201000055093,0010-04-06 12:10:00,10,4,6,12,10,940,15,A4,48.8274,2.525,Plein jour,Hors agglomération,Hors intersection,Normale,Deux véhicules - arrière,,,,,,,,,,,1,1,1,1.0,2.0
201000055094,0010-04-06 19:15:00,10,4,6,19,15,750,112,A4,,,Plein jour,Hors agglomération,Hors intersection,Normale,Trois véhicules et plus - collisions multiples,,,,,,,,,,,1,1,1,1.0,5.0
201000055095,0010-04-08 06:00:00,10,4,8,6,0,770,249,RN104,,,Nuit sans éclairage public,Hors agglomération,Hors intersection,Pluie légère,Sans collision,,,,,,,,,,,3,1,1,2.0,7.0
201000055096,0010-04-08 06:00:00,10,4,8,6,0,770,121,A104,,,Nuit sans éclairage public,Hors agglomération,Hors intersection,Temps couvert,Trois véhicules et plus - collisions multiples,,,,,,,,,,,3,1,1,8.0,5.0
201000055097,0010-04-08 08:30:00,10,4,8,8,30,940,18,A4,48.8246,2.39362,Plein jour,Hors agglomération,Hors intersection,Pluie légère,Deux véhicules - côté,,,,,,,,,,,1,1,1,2.0,3.0
201000055098,0010-04-08 15:15:00,10,4,8,15,15,940,28,A86 SUD,48.7764,2.43491,Plein jour,Hors agglomération,Hors intersection,Normale,Sans collision,,,,,,,,,,,1,1,1,1.0,7.0
201000055099,0010-04-10 18:50:00,10,4,10,18,50,770,169,RN104,,,Plein jour,Hors agglomération,Hors intersection,Normale,Deux véhicules - arrière,,,,,,,,,,,1,1,1,1.0,2.0
201000055100,0010-04-10 18:10:00,10,4,10,18,10,940,52,A4,48.8264,2.4663,Plein jour,Hors agglomération,Hors intersection,Normale,Deux véhicules - arrière,,,,,,,,,,,1,1,1,1.0,2.0
201000055101,0010-04-11 17:30:00,10,4,11,17,30,770,83,A4.W,,,Plein jour,Hors agglomération,Hors intersection,Normale,Autre collision,,,,,,,,,,,1,1,1,1.0,6.0
201000055102,0010-04-12 16:30:00,10,4,12,16,30,940,65,A86,48.7537,2.35666,Plein jour,Hors agglomération,Hors intersection,Normale,Sans collision,,,,,,,,,,,1,1,1,1.0,7.0
201000055103,0010-04-13 18:30:00,10,4,13,18,30,770,237,A4,,,Plein jour,Hors agglomération,Hors intersection,Normale,Deux véhicules - côté,,,,,,,,,,,1,1,1,1.0,3.0
201000055104,0010-04-16 17:40:00,10,4,16,17,40,940,65,A86,48.7539,2.35223,Plein jour,Hors agglomération,Hors intersection,Normale,Deux véhicules - côté,,,,,,,,,,,1,1,1,1.0,3.0
201000055105,0010-04-17 18:40:00,10,4,17,18,40,940,28,A86 SUD,48.7909,2.4405,Plein jour,Hors agglomération,Hors intersection,Normale,Sans collision,,,,,,,,,,,1,1,1,1.0,7.0
201000055106,0010-04-18 12:10:00,10,4,18,12,10,770,363,A104,,,Plein jour,Hors agglomération,Hors intersection,Normale,Deux véhicules - côté,,,,,,,,,,,1,1,1,1.0,3.0
201000055107,0010-04-18 14:00:00,10,4,18,14,0,770,363,A104,,,Plein jour,Hors agglomération,Hors intersection,Normale,Sans collision,,,,,,,,,,,1,1,1,1.0,7.0
201000055108,0010-04-18 16:00:00,10,4,18,16,0,940,73,A86,48.7565,2.38353,Plein jour,Hors agglomération,Hors intersection,Normale,Sans collision,,,,,,,,,,,1,1,1,1.0,7.0
201000055109,0010-04-18 18:30:00,10,4,18,18,30,770,258,A4.W,,,Plein jour,Hors agglomération,Hors intersection,Normale,Deux véhicules - arrière,,,,,,,,,,,1,1,1,1.0,2.0
201000055110,0010-04-18 23:42:00,10,4,18,23,42,770,258,A4.W,,,Nuit sans éclairage public,Hors agglomération,Hors intersection,Normale,Autre collision,,,,,,,,,,,3,1,1,1.0,6.0
201000055111,0010-04-26 06:40:00,10,4,26,6,40,770,175,A5b,,,Crépuscule ou aube,Hors agglomération,Hors intersection,Normale,Deux véhicules - arrière,,,,,,,,,,,2,1,1,1.0,2.0
201000055112,0010-04-19 16:45:00,10,4,19,16,45,770,373,RN104,,,Plein jour,Hors agglomération,Hors intersection,Normale,Sans collision,,,,,,,,,,,1,1,1,1.0,7.0
201000055113,0010-04-20 12:30:00,10,4,20,12,30,940,33,A86.EXT,48.8593,2.48648,Plein jour,Hors agglomération,Hors intersection,Normale,Trois véhicules et plus - collisions multiples,,,,,,,,,,,1,1,1,1.0,5.0
201000055114,0010-04-20 19:35:00,10,4,20,19,35,770,258,A4.W,,,Plein jour,Hors agglomération,Hors intersection,Normale,Deux véhicules - arrière,,,,,,,,,,,1,1,1,1.0,2.0
201000055115,0010-04-21 11:10:00,10,4,21,11,10,940,18,A4,48.8233,2.39556,Plein jour,Hors agglomération,Hors intersection,Normale,Sans collision,,,,,,,,,,,1,1,1,1.0,7.0
201000055116,0010-04-21 13:45:00,10,4,21,13,45,940,52,A4,48.8264,2.46624,Plein jour,Hors agglomération,Hors intersection,Normale,Trois véhicules et plus - collisions multiples,,,,,,,,,,,1,1,1,1.0,5.0
201000055117,0010-04-22 01:20:00,10,4,22,1,20,770,169,A4.Y,,,Nuit sans éclairage public,Hors agglomération,Hors intersection,Normale,Deux véhicules - arrière,,,,,,,,,,,3,1,1,1.0,2.0
201000055118,0010-04-23 00:30:00,10,4,23,0,30,940,69,A4,48.8173,2.44284,Nuit avec éclairage allumé,Hors agglomération,Hors intersection,Normale,Sans collision,,,,,,,,,,,5,1,1,1.0,7.0
201000055119,0010-04-23 09:00:00,10,4,23,9,0,770,373,RN104,,,Plein jour,Hors agglomération,Hors intersection,Normale,Deux véhicules - arrière,,,,,,,,,,,1,1,1,1.0,2.0
201000055120,0010-04-24 00:45:00,10,4,24,0,45,770,121,A104,,,Nuit avec éclairage allumé,Hors agglomération,Hors intersection,Normale,Sans collision,,,,,,,,,,,5,1,1,1.0,7.0
201000055121,0010-04-25 20:00:00,10,4,25,20,0,940,65,A86,48.7538,2.35347,Plein jour,Hors agglomération,Hors intersection,Normale,Trois véhicules et plus - collisions multiples,,,,,,,,,,,1,1,1,1.0,5.0
201000055122,0010-04-26 08:20:00,10,4,26,8,20,940,17,A4,48.8304,2.48997,Plein jour,Hors agglomération,Hors intersection,Normale,Deux véhicules - côté,,,,,,,,,,,1,1,1,1.0,3.0
201000055123,0010-04-27 10:20:00,10,4,27,10,20,940,69,A4,48.8173,2.44295,Plein jour,Hors agglomération,Hors intersection,Normale,Trois véhicules et plus - collisions multiples,,,,,,,,,,,1,1,1,1.0,5.0
201000055124,0010-04-27 12:10:00,10,4,27,12,10,940,17,A4,48.8267,2.52357,Plein jour,Hors agglomération,Hors intersection,Normale,Deux véhicules - arrière,,,,,,,,,,,1,1,1,1.0,2.0
201000055125,0010-04-27 19:25:00,10,4,27,19,25,930,51,A4,48.8356,2.56509,Plein jour,Hors agglomération,Hors intersection,Normale,Deux véhicules - arrière,,,,,,,,,,,1,1,1,1.0,2.0
201000055126,0010-04-29 17:00:00,10,4,29,17,0,940,28,A86 SUD,48.7864,2.44034,Plein jour,Hors agglomération,Hors intersection,Normale,Deux véhicules - côté,,,,,,,,,,,1,1,1,1.0,3.0
201000055127,0010-04-29 18:00:00,10,4,29,18,0,940,73,A86,48.7731,2.39989,Plein jour,Hors agglomération,Hors intersection,Normale,Deux véhicules - côté,,,,,,,,,,,1,1,1,1.0,3.0
201000055128,0010-05-03 11:40:00,10,5,3,11,40,750,112,A4,,,Plein jour,Hors agglomération,Hors intersection,Normale,Deux véhicules - côté,,,,,,,,,,,1,1,1,1.0,3.0
201000055129,0010-05-04 18:40:00,10,5,4,18,40,770,514,A104,,,Plein jour,Hors agglomération,Hors intersection,Normale,Deux véhicules - côté,,,,,,,,,,,1,1,1,1.0,3.0
201000055130,0010-05-05 07:10:00,10,5,5,7,10,940,28,A86 SUD,48.7806,2.44116,Plein jour,Hors agglomération,Hors intersection,Normale,Sans collision,,,,,,,,,,,1,1,1,1.0,7.0
201000055131,0010-05-06 19:30:00,10,5,6,19,30,770,122,RN104,,,Plein jour,Hors agglomération,Hors intersection,Normale,Deux véhicules - arrière,,,,,,,,,,,1,1,1,1.0,2.0
201000055132,0010-05-06 19:50:00,10,5,6,19,50,940,15,A4,48.8276,2.52539,Plein jour,Hors agglomération,Hors intersection,Normale,Deux véhicules - arrière,,,,,,,,,,,1,1,1,1.0,2.0
201000055133,0010-05-07 07:00:00,10,5,7,7,0,940,69,A4,48.8173,2.44308,Plein jour,Hors agglomération,Hors intersection,Normale,Deux véhicules - arrière,,,,,,,,,,,1,1,1,1.0,2.0
201000055134,0010-05-07 13:40:00,10,5,7,13,40,940,79,A4,48.829,2.52796,Plein jour,Hors agglomération,Hors intersection,Normale,Sans collision,,,,,,,,,,,1,1,1,1.0,7.0
201000055135,0010-05-07 20:10:00,10,5,7,20,10,940,33,A86.INT,48.8561,2.48814,Plein jour,Hors agglomération,Hors intersection,Normale,Deux véhicules - arrière,,,,,,,,,,,1,1,1,1.0,2.0
201000055136,0010-05-09 18:35:00,10,5,9,18,35,770,181,A4,,,Plein jour,Hors agglomération,Hors intersection,Normale,Deux véhicules - arrière,,,,,,,,,,,1,1,1,1.0,2.0
201000055137,0010-05-11 15:15:00,10,5,11,15,15,940,17,A4,48.8266,2.51591,Plein jour,Hors agglomération,Hors intersection,Pluie légère,Trois véhicules et plus - collisions multiples,,,,,,,,,,,1,1,1,2.0,5.0
201000055138,0010-05-11 18:15:00,10,5,11,18,15,770,294,A104,,,Plein jour,Hors agglomération,Hors intersection,Pluie légère,Sans collision,,,,,,,,,,,1,1,1,2.0,7.0
201000055139,0010-05-11 20:20:00,10,5,11,20,20,940,28,A86 SUD,48.7916,2.44066,Plein jour,Hors agglomération,Hors intersection,Pluie légère,Sans collision,,,,,,,,,,,1,1,1,2.0,7.0
201000055140,0010-05-12 08:15:00,10,5,12,8,15,930,51,A4,48.8356,2.56713,Plein jour,Hors agglomération,Hors intersection,Normale,Trois véhicules et plus - en chaîne,,,,,,,,,,,1,1,1,1.0,4.0
201000055141,0010-05-12 18:00:00,10,5,12,18,0,940,69,A4,48.8174,2.43515,Plein jour,Hors agglomération,Hors intersection,Normale,Deux véhicules - arrière,,,,,,,,,,,1,1,1,1.0,2.0
201000055142,0010-05-12 18:30:00,10,5,12,18,30,940,28,A86 SUD,48.7979,2.4446,Plein jour,Hors agglomération,Hors intersection,Normale,Deux véhicules - côté,,,,,,,,,,,1,1,1,1.0,3.0
201000055143,0010-05-15 17:35:00,10,5,15,17,35,750,112,A4,,,Plein jour,Hors agglomération,Hors intersection,Normale,Trois véhicules et plus - collisions multiples,,,,,,,,,,,1,1,1,1.0,5.0
201000055144,0010-05-17 13:25:00,10,5,17,13,25,770,294,A104,,,Plein jour,Hors agglomération,Hors intersection,Normale,Deux véhicules - côté,,,,,,,,,,,1,1,1,1.0,3.0
201000055145,0010-05-17 19:15:00,10,5,17,19,15,940,42,A4,48.8285,2.47635,Plein jour,Hors agglomération,Hors intersection,Normale,Deux véhicules - côté,,,,,,,,,,,1,1,1,1.0,3.0
201000055146,0010-05-18 18:00:00,10,5,18,18,0,940,28,A86,48.8033,2.44842,Plein jour,Hors agglomération,Hors intersection,Normale,Deux véhicules - côté,,,,,,,,,,,1,1,1,1.0,3.0
201000055147,0010-05-19 18:30:00,10,5,19,18,30,940,65,A86,48.7546,2.34762,Plein jour,Hors agglomération,Hors intersection,Normale,Trois véhicules et plus - collisions multiples,,,,,,,,,,,1,1,1,1.0,5.0
201000055148,0010-05-21 09:20:00,10,5,21,9,20,930,51,A4,48.8359,2.56049,Plein jour,Hors agglomération,Hors intersection,Normale,Deux véhicules - côté,,,,,,,,,,,1,1,1,1.0,3.0
201000055149,0010-05-25 18:00:00,10,5,25,18,0,940,52,A86.EXT,48.8417,2.49271,Plein jour,Hors agglomération,Hors intersection,Normale,Deux véhicules - côté,,,,,,,,,,,1,1,1,1.0,3.0
201000055150,0010-05-27 18:30:00,10,5,27,18,30,940,17,A4,48.8273,2.52481,Plein jour,Hors agglomération,Hors intersection,Normale,Trois véhicules et plus - en chaîne,,,,,,,,,,,1,1,1,1.0,4.0
201000055151,0010-05-28 13:30:00,10,5,28,13,30,770,337,RN104,,,Plein jour,Hors agglomération,Hors intersection,Normale,Trois véhicules et plus - collisions multiples,,,,,,,,,,,1,1,1,1.0,5.0
201000055152,0010-05-28 23:45:00,10,5,28,23,45,770,384,A5b,,,Nuit sans éclairage public,Hors agglomération,Hors intersection,Normale,Deux véhicules - arrière,,,,,,,,,,,3,1,1,1.0,2.0
201000055153,0010-05-30 11:50:00,10,5,30,11,50,770,373,RN104,,,Plein jour,Hors agglomération,Hors intersection,Pluie légère,Deux véhicules - arrière,,,,,,,,,,,1,1,1,2.0,2.0
201000055154,0010-05-30 14:40:00,10,5,30,14,40,940,17,A4,48.8266,2.51589,Plein jour,Hors agglomération,Hors intersection,Normale,Trois véhicules et plus - collisions multiples,,,,,,,,,,,1,1,1,1.0,5.0
201000055155,0010-05-31 07:00:00,10,5,31,7,0,940,28,A86 SUD,48.7916,2.44106,Plein jour,Hors agglomération,Hors intersection,Normale,Trois véhicules et plus - collisions multiples,,,,,,,,,,,1,1,1,1.0,5.0
201000055156,0010-05-31 15:20:00,10,5,31,15,20,940,44,RN406.W,48.7586,2.47026,Plein jour,Hors agglomération,Hors intersection,Normale,Deux véhicules - arrière,,,,,,,,,,,1,1,1,1.0,2.0
201000055157,0010-05-31 16:35:00,10,5,31,16,35,940,28,A86 SUD,48.7762,2.43231,Plein jour,Hors agglomération,Hors intersection,Normale,Trois véhicules et plus - collisions multiples,,,,,,,,,,,1,1,1,1.0,5.0
201000055158,0010-06-01 11:20:00,10,6,1,11,20,770,122,RN104,,,Plein jour,Hors agglomération,Hors intersection,Normale,Trois véhicules et plus - en chaîne,,,,,,,,,,,1,1,1,1.0,4.0
201000055159,0010-06-02 20:40:00,10,6,2,20,40,940,69,A4,48.8176,2.43808,Plein jour,Hors agglomération,Hors intersection,Normale,Sans collision,,,,,,,,,,,1,1,1,1.0,7.0
201000055160,0010-06-02 22:05:00,10,6,2,22,5,940,69,A4,48.8173,2.42768,Nuit avec éclairage allumé,Hors agglomération,Hors intersection,Normale,Deux véhicules - côté,,,,,,,,,,,5,1,1,1.0,3.0
201000055161,0010-06-03 16:15:00,10,6,3,16,15,940,79,A4,48.8288,2.52768,Plein jour,Hors agglomération,Hors intersection,Normale,Sans collision,,,,,,,,,,,1,1,1,1.0,7.0
201000055162,0010-06-04 06:00:00,10,6,4,6,0,940,52,A86.EXT,48.8336,2.4929,Crépuscule ou aube,Hors agglomération,Hors intersection,Normale,Deux véhicules - arrière,,,,,,,,,,,2,1,1,1.0,2.0
201000055163,0010-06-04 10:30:00,10,6,4,10,30,770,294,A104,,,Plein jour,Hors agglomération,Hors intersection,Normale,Deux véhicules - arrière,,,,,,,,,,,1,1,1,1.0,2.0
201000055164,0010-06-04 15:00:00,10,6,4,15,0,940,18,A4,48.8254,2.39256,Plein jour,Hors agglomération,Hors intersection,Normale,Sans collision,,,,,,,,,,,1,1,1,1.0,7.0
201000055165,0010-06-04 18:15:00,10,6,4,18,15,940,52,A86.EXT,48.8335,2.4929,Plein jour,Hors agglomération,Hors intersection,Normale,Trois véhicules et plus - collisions multiples,,,,,,,,,,,1,1,1,1.0,5.0
201000055166,0010-06-05 08:30:00,10,6,5,8,30,770,296,A5b,,,Plein jour,Hors agglomération,Hors intersection,Normale,Deux véhicules - arrière,,,,,,,,,,,1,1,1,1.0,2.0
201000055167,0010-06-07 18:15:00,10,6,7,18,15,770,450,RN104,,,Plein jour,Hors agglomération,Hors intersection,Normale,Deux véhicules - côté,,,,,,,,,,,1,1,1,1.0,3.0
201000055168,0010-06-08 16:00:00,10,6,8,16,0,940,28,A86 SUD,48.798,2.44468,Plein jour,Hors agglomération,Hors intersection,Normale,Deux véhicules - côté,,,,,,,,,,,1,1,1,1.0,3.0
201000055169,0010-06-09 08:00:00,10,6,9,8,0,940,22,A86,48.7761,2.41462,Plein jour,Hors agglomération,Hors intersection,Normale,Deux véhicules - côté,,,,,,,,,,,1,1,1,1.0,3.0
201000055170,0010-06-09 18:15:00,10,6,9,18,15,770,517,A104.EXT,,,Plein jour,Hors agglomération,Hors intersection,Pluie légère,Autre collision,,,,,,,,,,,1,1,1,2.0,6.0
201000055171,0010-06-11 08:20:00,10,6,11,8,20,770,450,RN104,,,Plein jour,Hors agglomération,Hors intersection,Normale,Deux véhicules - côté,,,,,,,,,,,1,1,1,1.0,3.0
201000055172,0010-06-11 11:00:00,10,6,11,11,0,770,294,A104,,,Plein jour,Hors agglomération,Hors intersection,Normale,Deux véhicules - côté,,,,,,,,,,,1,1,1,1.0,3.0
201000055173,0010-06-11 17:00:00,10,6,11,17,0,940,33,A86.EXT,48.8525,2.49018,Plein jour,Hors agglomération,Hors intersection,Normale,Deux véhicules - côté,,,,,,,,,,,1,1,1,1.0,3.0
201000055174,0010-06-12 07:00:00,10,6,12,7,0,940,73,A86,48.7618,2.38209,Crépuscule ou aube,Hors agglomération,Hors intersection,Pluie forte,Deux véhicules - frontale,,,,,,,,,,,2,1,1,3.0,1.0
201000055175,0010-06-14 15:00:00,10,6,14,15,0,770,373,RN104,,,Plein jour,Hors agglomération,Hors intersection,Pluie forte,Deux véhicules - côté,,,,,,,,,,,1,1,1,3.0,3.0
201000055176,0010-06-15 17:50:00,10,6,15,17,50,940,18,A4,48.8249,2.39314,Plein jour,Hors agglomération,Hors intersection,Normale,Trois véhicules et plus - en chaîne,,,,,,,,,,,1,1,1,1.0,4.0
201000055177,0010-06-15 19:00:00,10,6,15,19,0,770,438,A104,,,Plein jour,Hors agglomération,Hors intersection,Normale,Autre collision,,,,,,,,,,,1,1,1,1.0,6.0
201000055178,0010-06-16 07:50:00,10,6,16,7,50,940,46,A86,48.809,2.449,Plein jour,Hors agglomération,Hors intersection,Normale,Deux véhicules - côté,,,,,,,,,,,1,1,1,1.0,3.0
201000055179,0010-06-16 12:15:00,10,6,16,12,15,940,17,A4,48.8286,2.50195,Plein jour,Hors agglomération,Hors intersection,Normale,Sans collision,,,,,,,,,,,1,1,1,1.0,7.0
201000055180,0010-06-16 12:15:00,10,6,16,12,15,940,22,A86,48.7763,2.4243,Plein jour,Hors agglomération,Hors intersection,Normale,Deux véhicules - côté,,,,,,,,,,,1,1,1,1.0,3.0
201000055181,0010-06-17 18:00:00,10,6,17,18,0,940,17,A4,48.8265,2.52102,Plein jour,Hors agglomération,Hors intersection,Normale,Deux véhicules - côté,,,,,,,,,,,1,1,1,1.0,3.0
201000055182,0010-06-17 20:00:00,10,6,17,20,0,940,22,A86,48.7766,2.41886,Plein jour,Hors agglomération,Hors intersection,Normale,Deux véhicules - côté,,,,,,,,,,,1,1,1,1.0,3.0
201000055183,0010-06-18 16:50:00,10,6,18,16,50,940,17,A4,48.8294,2.48196,Plein jour,Hors agglomération,Hors intersection,Normale,Trois véhicules et plus - en chaîne,,,,,,,,,,,1,1,1,1.0,4.0
201000055184,0010-06-19 14:00:00,10,6,19,14,0,940,74,RN406,48.7655,2.45855,Plein jour,Hors agglomération,Hors intersection,Normale,Sans collision,,,,,,,,,,,1,1,1,1.0,7.0
201000055185,0010-06-19 16:45:00,10,6,19,16,45,940,46,A86,48.8099,2.44903,Plein jour,Hors agglomération,Hors intersection,Normale,Deux véhicules - arrière,,,,,,,,,,,1,1,1,1.0,2.0
201000055186,0010-06-19 20:00:00,10,6,19,20,0,940,15,A4,48.8276,2.52547,Plein jour,Hors agglomération,Hors intersection,Normale,Deux véhicules - arrière,,,,,,,,,,,1,1,1,1.0,2.0
201000055187,0010-06-20 05:15:00,10,6,20,5,15,940,18,A4,48.8175,2.41661,Crépuscule ou aube,Hors agglomération,Hors intersection,Normale,Sans collision,,,,,,,,,,,2,1,1,1.0,7.0
201000055188,0010-06-20 18:00:00,10,6,20,18,0,940,17,A4,48.8302,2.48747,Plein jour,Hors agglomération,Hors intersection,Normale,Deux véhicules - côté,,,,,,,,,,,1,1,1,1.0,3.0
201000055189,0010-06-22 09:20:00,10,6,22,9,20,770,121,A4,,,Plein jour,Hors agglomération,Hors intersection,Normale,Deux véhicules - côté,,,,,,,,,,,1,1,1,1.0,3.0
201000055190,0010-06-22 17:10:00,10,6,22,17,10,940,65,A86,48.7539,2.35308,Plein jour,Hors agglomération,Hors intersection,Normale,Trois véhicules et plus - en chaîne,,,,,,,,,,,1,1,1,1.0,4.0
201000055191,0010-06-23 07:20:00,10,6,23,7,20,930,51,A4,48.8346,2.58441,Plein jour,Hors agglomération,Hors intersection,Normale,Deux véhicules - côté,,,,,,,,,,,1,1,1,1.0,3.0
201000055192,0010-06-23 17:55:00,10,6,23,17,55,940,17,A4,48.8276,2.50734,Plein jour,Hors agglomération,Hors intersection,Normale,Deux véhicules - côté,,,,,,,,,,,1,1,1,1.0,3.0
201000055193,0010-06-25 18:00:00,10,6,25,18,0,770,146,A4.Y,,,Plein jour,Hors agglomération,Hors intersection,Normale,Deux véhicules - arrière,,,,,,,,,,,1,1,1,1.0,2.0
201000055194,0010-06-26 16:05:00,10,6,26,16,5,940,28,A86 SUD,48.7975,2.44401,Plein jour,Hors agglomération,Hors intersection,Normale,Deux véhicules - côté,,,,,,,,,,,1,1,1,1.0,3.0
201000055195,0010-06-28 16:45:00,10,6,28,16,45,770,249,RN104,,,Plein jour,Hors agglomération,Hors intersection,Normale,Autre collision,,,,,,,,,,,1,1,1,1.0,6.0
201000055196,0010-06-28 20:45:00,10,6,28,20,45,930,51,A4,48.8354,2.56843,Plein jour,Hors agglomération,Hors intersection,Pluie légère,Trois véhicules et plus - collisions multiples,,,,,,,,,,,1,1,1,2.0,5.0
201000055197,0010-06-29 18:00:00,10,6,29,18,0,940,28,A86 SUD,48.7929,2.44108,Plein jour,Hors agglomération,Hors intersection,Normale,Deux véhicules - arrière,,,,,,,,,,,1,1,1,1.0,2.0
201000055198,0010-06-30 18:40:00,10,6,30,18,40,940,46,A86,48.8091,2.449,Plein jour,Hors agglomération,Hors intersection,Normale,Trois véhicules et plus - collisions multiples,,,,,,,,,,,1,1,1,1.0,5.0
201000055199,0010-06-28 19:30:00,10,6,28,19,30,770,258,A4.Y,,,Plein jour,Hors agglomération,Hors intersection,Normale,Deux véhicules - arrière,,,,,,,,,,,1,1,1,1.0,2.0
201000055200,0010-07-01 13:30:00,10,7,1,13,30,940,22,A86,48.7767,2.41754,Plein jour,Hors agglomération,Hors intersection,Normale,Deux véhicules - côté,,,,,,,,,,,1,1,1,1.0,3.0
201000055201,0010-07-02 06:40:00,10,7,2,6,40,770,337,RN104,,,Plein jour,Hors agglomération,Hors intersection,Normale,Deux véhicules - arrière,,,,,,,,,,,1,1,1,1.0,2.0
201000055202,0010-07-02 08:30:00,10,7,2,8,30,770,373,RN104,,,Plein jour,Hors agglomération,Hors intersection,Normale,Trois véhicules et plus - collisions multiples,,,,,,,,,,,1,1,1,1.0,5.0
201000055203,0010-07-05 04:15:00,10,7,5,4,15,770,53,RN104,,,Nuit sans éclairage public,Hors agglomération,Hors intersection,Normale,Autre collision,,,,,,,,,,,3,1,1,1.0,6.0
201000055204,0010-07-05 15:30:00,10,7,5,15,30,770,517,A104.INT,,,Plein jour,Hors agglomération,Hors intersection,Normale,Deux véhicules - côté,,,,,,,,,,,1,1,1,1.0,3.0
201000055205,0010-07-06 00:20:00,10,7,6,0,20,770,294,A104,,,Nuit sans éclairage public,Hors agglomération,Hors intersection,Normale,Deux véhicules - arrière,,,,,,,,,,,3,1,1,1.0,2.0