accident_id,datetime,annee,mois,jour,heure,minute,departement,commune_insee,adresse,latitude,longitude,luminosite,agglomeration,intersection,meteo,collision,nb_vehicules,nb_usagers,nb_indemnes,nb_tues,nb_blesses_hosp,nb_blesses_legers,age_cond_1,age_cond_2,veh_type_cond_1,veh_type_cond_2,lum_code,agg_code,int_code,atm_code,col_code
201000055206,0010-07-06 16:10:00,10,7,6,16,10,940,73,A86,48.7723,2.39613,Plein jour,Hors agglomération,Hors intersection,Normale,Trois véhicules et plus - collisions multiples,,,,,,,,,,,1,1,1,1.0,5.0
201000055207,0010-07-07 17:30:00,10,7,7,17,30,940,28,A86 SUD,48.7957,2.44294,Plein jour,Hors agglomération,Hors intersection,Normale,Deux véhicules - côté,,,,,,,,,,,1,1,1,1.0,3.0
201000055208,0010-07-06 18:15:00,10,7,6,18,15,770,373,RN104,,,Plein jour,Hors agglomération,Hors intersection,Normale,Deux véhicules - côté,,,,,,,,,,,1,1,1,1.0,3.0
201000055209,0010-07-06 20:00:00,10,7,6,20,0,940,11,RN406.Y,48.7608,2.48999,Plein jour,Hors agglomération,Hors intersection,Normale,Sans collision,,,,,,,,,,,1,1,1,1.0,7.0
201000055210,0010-07-07 00:05:00,10,7,7,0,5,770,169,A4.Y,,,Nuit avec éclairage allumé,Hors agglomération,Hors intersection,Normale,Deux véhicules - arrière,,,,,,,,,,,5,1,1,1.0,2.0
201000055211,0010-07-07 08:00:00,10,7,7,8,0,940,22,A86,48.7767,2.41754,Plein jour,Hors agglomération,Hors intersection,Normale,Deux véhicules - arrière,,,,,,,,,,,1,1,1,1.0,2.0
201000055212,0010-07-07 15:00:00,10,7,7,15,0,940,81,A86,48.774,2.40504,Plein jour,Hors agglomération,Hors intersection,Normale,Deux véhicules - côté,,,,,,,,,,,1,1,1,1.0,3.0
201000055213,0010-07-08 19:30:00,10,7,8,19,30,940,69,A4,48.8172,2.44183,Plein jour,Hors agglomération,Hors intersection,Normale,Deux véhicules - arrière,,,,,,,,,,,1,1,1,1.0,2.0
201000055214,0010-07-09 08:50:00,10,7,9,8,50,940,28,RN406,48.7714,2.44729,Plein jour,Hors agglomération,Hors intersection,Normale,Sans collision,,,,,,,,,,,1,1,1,1.0,7.0
201000055215,0010-07-09 16:45:00,10,7,9,16,45,770,122,RN104,,,Plein jour,Hors agglomération,Hors intersection,Normale,Deux véhicules - arrière,,,,,,,,,,,1,1,1,1.0,2.0
201000055216,0010-07-10 14:15:00,10,7,10,14,15,940,73,A86,48.7665,2.37882,Plein jour,Hors agglomération,Hors intersection,Normale,Sans collision,,,,,,,,,,,1,1,1,1.0,7.0
201000055217,0010-07-10 16:00:00,10,7,10,16,0,940,11,RN406.W,48.7588,2.48229,Plein jour,Hors agglomération,Hors intersection,Pluie légère,Deux véhicules - côté,,,,,,,,,,,1,1,1,2.0,3.0
201000055218,0010-07-11 14:30:00,10,7,11,14,30,770,146,A4.Y,,,Plein jour,Hors agglomération,Hors intersection,Normale,Trois véhicules et plus - collisions multiples,,,,,,,,,,,1,1,1,1.0,5.0
201000055219,0010-07-13 13:10:00,10,7,13,13,10,770,83,A4.W,,,Plein jour,Hors agglomération,Hors intersection,Normale,Autre collision,,,,,,,,,,,1,1,1,1.0,6.0
201000055220,0010-07-14 19:00:00,10,7,14,19,0,940,46,A86,48.8054,2.44854,Plein jour,Hors agglomération,Hors intersection,Normale,Sans collision,,,,,,,,,,,1,1,1,1.0,7.0
201000055221,0010-07-15 17:30:00,10,7,15,17,30,770,372,A104,,,Plein jour,Hors agglomération,Hors intersection,Normale,Deux véhicules - côté,,,,,,,,,,,1,1,1,1.0,3.0
201000055222,0010-07-16 09:00:00,10,7,16,9,0,940,17,A4,48.8264,2.5181,Plein jour,Hors agglomération,Hors intersection,Normale,Trois véhicules et plus - collisions multiples,,,,,,,,,,,1,1,1,1.0,5.0
201000055223,0010-07-16 15:50:00,10,7,16,15,50,940,81,A86,48.7744,2.4103,Plein jour,Hors agglomération,Hors intersection,Normale,Trois véhicules et plus - collisions multiples,,,,,,,,,,,1,1,1,1.0,5.0
201000055224,0010-07-17 05:40:00,10,7,17,5,40,770,237,A4,,,Crépuscule ou aube,Hors agglomération,Hors intersection,Normale,Autre collision,,,,,,,,,,,2,1,1,1.0,6.0
201000055225,0010-07-19 19:30:00,10,7,19,19,30,770,121,A4,,,Plein jour,Hors agglomération,Hors intersection,Normale,Deux véhicules - côté,,,,,,,,,,,1,1,1,1.0,3.0
201000055226,0010-07-24 11:15:00,10,7,24,11,15,940,17,A86.EXT,48.8308,2.49089,Plein jour,Hors agglomération,Hors intersection,Normale,Trois véhicules et plus - collisions multiples,,,,,,,,,,,1,1,1,1.0,5.0
201000055227,0010-07-26 01:35:00,10,7,26,1,35,940,18,A4,48.8255,2.39216,Nuit avec éclairage allumé,Hors agglomération,Hors intersection,Normale,Deux véhicules - arrière,,,,,,,,,,,5,1,1,1.0,2.0
201000055228,0010-07-26 06:30:00,10,7,26,6,30,940,73,A86,48.7538,2.36992,Plein jour,Hors agglomération,Hors intersection,Normale,Deux véhicules - côté,,,,,,,,,,,1,1,1,1.0,3.0
201000055229,0010-07-28 08:20:00,10,7,28,8,20,940,28,A86 SUD,48.7888,2.44021,Plein jour,Hors agglomération,Hors intersection,Normale,Sans collision,,,,,,,,,,,1,1,1,1.0,7.0
201000055230,0010-07-28 17:50:00,10,7,28,17,50,940,28,A86,48.7888,2.44048,Plein jour,Hors agglomération,Hors intersection,Normale,Deux véhicules - côté,,,,,,,,,,,1,1,1,1.0,3.0
201000055231,0010-07-28 18:50:00,10,7,28,18,50,940,42,A4,48.8284,2.47428,Plein jour,Hors agglomération,Hors intersection,Normale,Trois véhicules et plus - collisions multiples,,,,,,,,,,,1,1,1,1.0,5.0
201000055232,0010-07-29 09:10:00,10,7,29,9,10,940,18,A4,48.8205,2.402,Plein jour,Hors agglomération,Hors intersection,Normale,Deux véhicules - arrière,,,,,,,,,,,1,1,1,1.0,2.0
201000055233,0010-07-30 18:30:00,10,7,30,18,30,940,73,A86,48.7557,2.38301,Plein jour,Hors agglomération,Hors intersection,Normale,Deux véhicules - côté,,,,,,,,,,,1,1,1,1.0,3.0
201000055234,0010-07-31 23:30:00,10,7,31,23,30,940,46,A86,48.8099,2.44885,Nuit avec éclairage allumé,Hors agglomération,Hors intersection,Normale,Deux véhicules - côté,,,,,,,,,,,5,1,1,1.0,3.0
201000055235,0010-08-01 00:14:00,10,8,1,0,14,940,18,A4,48.8222,2.39703,Nuit avec éclairage allumé,Hors agglomération,Hors intersection,Normale,Deux véhicules - arrière,,,,,,,,,,,5,1,1,1.0,2.0
201000055236,0010-08-03 02:35:00,10,8,3,2,35,770,181,A4,,,Nuit sans éclairage public,Hors agglomération,Hors intersection,Normale,Deux véhicules - arrière,,,,,,,,,,,3,1,1,1.0,2.0
201000055237,0010-08-07 05:40:00,10,8,7,5,40,940,42,A4,48.8286,2.4762,Crépuscule ou aube,Hors agglomération,Hors intersection,Normale,Deux véhicules - arrière,,,,,,,,,,,2,1,1,1.0,2.0
201000055238,0010-08-08 03:10:00,10,8,8,3,10,770,372,A104,,,Nuit sans éclairage public,Hors agglomération,Hors intersection,Normale,Sans collision,,,,,,,,,,,3,1,1,1.0,7.0
201000055239,0010-08-09 01:35:00,10,8,9,1,35,770,121,A104,,,Nuit sans éclairage public,Hors agglomération,Hors intersection,Normale,Autre collision,,,,,,,,,,,3,1,1,1.0,6.0
201000055240,0010-08-10 14:20:00,10,8,10,14,20,940,17,A86.EXT,48.8308,2.49081,Plein jour,Hors agglomération,Hors intersection,Normale,Deux véhicules - côté,,,,,,,,,,,1,1,1,1.0,3.0
201000055241,0010-08-11 13:05:00,10,8,11,13,5,940,28,RN406.Y,48.7767,2.44163,Plein jour,Hors agglomération,Hors intersection,Pluie légère,Sans collision,,,,,,,,,,,1,1,1,2.0,7.0
201000055242,0010-08-11 18:30:00,10,8,11,18,30,940,44,RN406.W,48.7588,2.47012,Plein jour,Hors agglomération,Hors intersection,Pluie légère,Sans collision,,,,,,,,,,,1,1,1,2.0,7.0
201000055243,0010-08-11 19:00:00,10,8,11,19,0,770,468,A104,,,Plein jour,Hors agglomération,Hors intersection,Pluie légère,Autre collision,,,,,,,,,,,1,1,1,2.0,6.0
201000055244,0010-08-12 00:20:00,10,8,12,0,20,940,18,A4,48.8241,2.39395,Nuit avec éclairage allumé,Hors agglomération,Hors intersection,Pluie légère,Deux véhicules - côté,,,,,,,,,,,5,1,1,2.0,3.0
201000055245,0010-08-12 19:48:00,10,8,12,19,48,770,372,A104,,,Plein jour,Hors agglomération,Hors intersection,Normale,Trois véhicules et plus - collisions multiples,,,,,,,,,,,1,1,1,1.0,5.0
201000055246,0010-08-13 12:00:00,10,8,13,12,0,930,51,A4,,,Plein jour,Hors agglomération,Hors intersection,Normale,Deux véhicules - arrière,,,,,,,,,,,1,1,1,1.0,2.0
201000055247,0010-08-15 15:15:00,10,8,15,15,15,940,28,A86 SUD,48.7809,2.44082,Plein jour,Hors agglomération,Hors intersection,Pluie forte,Sans collision,,,,,,,,,,,1,1,1,3.0,7.0
201000055248,0010-08-16 04:40:00,10,8,16,4,40,940,73,A86,48.769,2.3792,Nuit avec éclairage allumé,Hors agglomération,Hors intersection,Pluie forte,Deux véhicules - côté,,,,,,,,,,,5,1,1,3.0,3.0
201000055249,0010-08-16 15:30:00,10,8,16,15,30,940,81,A86,48.774,2.40504,Plein jour,Hors agglomération,Hors intersection,Pluie légère,Deux véhicules - arrière,,,,,,,,,,,1,1,1,2.0,2.0
201000055250,0010-08-18 10:10:00,10,8,18,10,10,770,373,RN104,,,Plein jour,Hors agglomération,Hors intersection,Normale,Sans collision,,,,,,,,,,,1,1,1,1.0,7.0
201000055251,0010-08-20 07:50:00,10,8,20,7,50,940,17,A4,48.8294,2.48137,Plein jour,Hors agglomération,Hors intersection,Normale,Trois véhicules et plus - collisions multiples,,,,,,,,,,,1,1,1,1.0,5.0
201000055252,0010-08-20 19:00:00,10,8,20,19,0,940,28,A86 SUD,48.7809,2.44112,Plein jour,Hors agglomération,Hors intersection,Normale,Deux véhicules - côté,,,,,,,,,,,1,1,1,1.0,3.0
201000055253,0010-08-22 06:15:00,10,8,22,6,15,940,42,A4,48.8285,2.47625,Crépuscule ou aube,Hors agglomération,Hors intersection,Normale,Sans collision,,,,,,,,,,,2,1,1,1.0,7.0
201000055254,0010-08-23 08:20:00,10,8,23,8,20,940,17,A4,48.8269,2.52342,Plein jour,Hors agglomération,Hors intersection,Normale,Deux véhicules - côté,,,,,,,,,,,1,1,1,1.0,3.0
201000055255,0010-08-26 15:10:00,10,8,26,15,10,940,17,A4,48.8305,2.4911,Plein jour,Hors agglomération,Hors intersection,Normale,Deux véhicules - côté,,,,,,,,,,,1,1,1,1.0,3.0
201000055256,0010-08-26 22:20:00,10,8,26,22,20,940,73,A86,48.769,2.3792,Nuit avec éclairage allumé,Hors agglomération,Hors intersection,Pluie légère,Sans collision,,,,,,,,,,,5,1,1,2.0,7.0
201000055257,0010-08-27 22:00:00,10,8,27,22,0,940,17,A4,48.8293,2.48127,Nuit avec éclairage non allumé,Hors agglomération,Hors intersection,Normale,Deux véhicules - côté,,,,,,,,,,,4,1,1,1.0,3.0
201000055258,0010-08-28 20:40:00,10,8,28,20,40,940,73,A86,48.761,2.38261,Plein jour,Hors agglomération,Hors intersection,Normale,Deux véhicules - arrière,,,,,,,,,,,1,1,1,1.0,2.0
201000055259,0010-08-31 07:30:00,10,8,31,7,30,940,17,A4,48.8305,2.4939,Plein jour,Hors agglomération,Hors intersection,Normale,Trois véhicules et plus - collisions multiples,,,,,,,,,,,1,1,1,1.0,5.0
201000055260,0010-08-31 18:00:00,10,8,31,18,0,770,169,A4.Y,,,Plein jour,Hors agglomération,Hors intersection,Normale,Trois véhicules et plus - collisions multiples,,,,,,,,,,,1,1,1,1.0,5.0
201000055261,0010-09-01 15:30:00,10,9,1,15,30,770,249,RN104,,,Plein jour,Hors agglomération,Hors intersection,Normale,Deux véhicules - arrière,,,,,,,,,,,1,1,1,1.0,2.0
201000055262,0010-09-01 22:05:00,10,9,1,22,5,770,181,A4,,,Nuit sans éclairage public,Hors agglomération,Hors intersection,Normale,Trois véhicules et plus - collisions multiples,,,,,,,,,,,3,1,1,1.0,5.0
201000055263,0010-09-08 09:00:00,10,9,8,9,0,940,69,A4,48.8173,2.42927,Plein jour,Hors agglomération,Hors intersection,Normale,Trois véhicules et plus - collisions multiples,,,,,,,,,,,1,1,1,1.0,5.0
201000055264,0010-09-03 16:00:00,10,9,3,16,0,770,294,A104,,,Plein jour,Hors agglomération,Hors intersection,Normale,Deux véhicules - arrière,,,,,,,,,,,1,1,1,1.0,2.0
201000055265,0010-09-03 17:00:00,10,9,3,17,0,770,258,A4.Y,,,Plein jour,Hors agglomération,Hors intersection,Normale,Deux véhicules - côté,,,,,,,,,,,1,1,1,1.0,3.0
201000055266,0010-09-05 18:45:00,10,9,5,18,45,940,17,A4,48.8296,2.48275,Plein jour,Hors agglomération,Hors intersection,Normale,Trois véhicules et plus - collisions multiples,,,,,,,,,,,1,1,1,1.0,5.0
201000055267,0010-09-06 07:20:00,10,9,6,7,20,770,373,RN104,,,Plein jour,Hors agglomération,Hors intersection,Normale,Autre collision,,,,,,,,,,,1,1,1,1.0,6.0
201000055268,0010-09-06 07:10:00,10,9,6,7,10,770,294,A104,,,Plein jour,Hors agglomération,Hors intersection,Normale,Deux véhicules - côté,,,,,,,,,,,1,1,1,1.0,3.0
201000055269,0010-09-08 07:30:00,10,9,8,7,30,770,258,A4.W,,,Crépuscule ou aube,Hors agglomération,Hors intersection,Pluie légère,Deux véhicules - arrière,,,,,,,,,,,2,1,1,2.0,2.0
201000055270,0010-09-09 07:45:00,10,9,9,7,45,940,73,A86,48.7714,2.3922,Plein jour,Hors agglomération,Hors intersection,Pluie légère,Deux véhicules - côté,,,,,,,,,,,1,1,1,2.0,3.0
201000055271,0010-09-09 16:40:00,10,9,9,16,40,770,146,RN104.EXT,,,Plein jour,Hors agglomération,Hors intersection,Normale,Trois véhicules et plus - en chaîne,,,,,,,,,,,1,1,1,1.0,4.0
201000055272,0010-09-09 18:00:00,10,9,9,18,0,770,468,A104,,,Plein jour,Hors agglomération,Hors intersection,Normale,Deux véhicules - arrière,,,,,,,,,,,1,1,1,1.0,2.0
201000055273,0010-09-09 18:12:00,10,9,9,18,12,770,449,A4,,,Plein jour,Hors agglomération,Hors intersection,Normale,Sans collision,,,,,,,,,,,1,1,1,1.0,7.0
201000055274,0010-09-09 19:00:00,10,9,9,19,0,770,169,A4.Y,,,Plein jour,Hors agglomération,Hors intersection,Normale,Deux véhicules - arrière,,,,,,,,,,,1,1,1,1.0,2.0
201000055275,0010-09-10 06:30:00,10,9,10,6,30,770,169,A4.Y,,,Nuit sans éclairage public,Hors agglomération,Hors intersection,Normale,Autre collision,,,,,,,,,,,3,1,1,1.0,6.0
201000055276,0010-09-10 17:25:00,10,9,10,17,25,940,18,A4,48.8255,2.39216,Plein jour,Hors agglomération,Hors intersection,Normale,Trois véhicules et plus - collisions multiples,,,,,,,,,,,1,1,1,1.0,5.0
201000055277,0010-09-11 03:50:00,10,9,11,3,50,770,83,A4,,,Nuit sans éclairage public,Hors agglomération,Hors intersection,Normale,Deux véhicules - arrière,,,,,,,,,,,3,1,1,1.0,2.0
201000055278,0010-09-11 07:00:00,10,9,11,7,0,940,28,A86,48.7888,2.44048,Nuit avec éclairage allumé,Hors agglomération,Hors intersection,Normale,Deux véhicules - arrière,,,,,,,,,,,5,1,1,1.0,2.0
201000055279,0010-09-11 19:15:00,10,9,11,19,15,770,249,RN104,,,Plein jour,Hors agglomération,Hors intersection,Normale,Sans collision,,,,,,,,,,,1,1,1,1.0,7.0
201000055280,0010-09-12 10:45:00,10,9,12,10,45,940,42,A4,48.8269,2.46731,Plein jour,Hors agglomération,Hors intersection,Pluie légère,Trois véhicules et plus - en chaîne,,,,,,,,,,,1,1,1,2.0,4.0
201000055281,0010-09-12 19:30:00,10,9,12,19,30,770,449,A4,,,Plein jour,Hors agglomération,Hors intersection,Normale,Deux véhicules - arrière,,,,,,,,,,,1,1,1,1.0,2.0
201000055282,0010-09-14 07:00:00,10,9,14,7,0,940,17,A4,48.8297,2.4979,Nuit avec éclairage allumé,Hors agglomération,Hors intersection,Normale,Trois véhicules et plus - collisions multiples,,,,,,,,,,,5,1,1,1.0,5.0
201000055283,0010-09-14 13:00:00,10,9,14,13,0,940,17,A86,48.8298,2.48328,Plein jour,Hors agglomération,Hors intersection,Normale,Deux véhicules - côté,,,,,,,,,,,1,1,1,1.0,3.0
201000055284,0010-09-14 18:50:00,10,9,14,18,50,940,73,A86,48.761,2.38261,Plein jour,Hors agglomération,Hors intersection,Normale,Sans collision,,,,,,,,,,,1,1,1,1.0,7.0
201000055285,0010-09-15 07:40:00,10,9,15,7,40,940,42,A4,48.8283,2.47448,Crépuscule ou aube,Hors agglomération,Hors intersection,Pluie légère,Trois véhicules et plus - en chaîne,,,,,,,,,,,2,1,1,2.0,4.0
201000055286,0010-09-15 08:00:00,10,9,15,8,0,940,17,A86,48.8308,2.48982,Plein jour,Hors agglomération,Hors intersection,Pluie légère,Sans collision,,,,,,,,,,,1,1,1,2.0,7.0
201000055287,0010-09-15 08:30:00,10,9,15,8,30,770,55,A104,,,Plein jour,Hors agglomération,Hors intersection,Pluie légère,Deux véhicules - arrière,,,,,,,,,,,1,1,1,2.0,2.0
201000055288,0010-09-16 08:00:00,10,9,16,8,0,940,69,A86,48.8159,2.4516,Plein jour,Hors agglomération,Hors intersection,Normale,Deux véhicules - arrière,,,,,,,,,,,1,1,1,1.0,2.0
201000055289,0010-09-16 22:30:00,10,9,16,22,30,770,468,A104,,,Nuit sans éclairage public,Hors agglomération,Hors intersection,Normale,Deux véhicules - arrière,,,,,,,,,,,3,1,1,1.0,2.0
201000055290,0010-09-17 01:00:00,10,9,17,1,0,930,51,A4,,,Nuit sans éclairage public,Hors agglomération,Hors intersection,Normale,Autre collision,,,,,,,,,,,3,1,1,1.0,6.0
201000055291,0010-09-17 11:39:00,10,9,17,11,39,940,65,A86,48.7537,2.36436,Plein jour,Hors agglomération,Hors intersection,Normale,Trois véhicules et plus - en chaîne,,,,,,,,,,,1,1,1,1.0,4.0
201000055292,0010-09-17 16:30:00,10,9,17,16,30,770,169,A4.Y,,,Plein jour,Hors agglomération,Hors intersection,Normale,Deux véhicules - arrière,,,,,,,,,,,1,1,1,1.0,2.0
201000055293,0010-09-18 15:45:00,10,9,18,15,45,940,46,A86,48.8054,2.44854,Plein jour,Hors agglomération,Hors intersection,Normale,Deux véhicules - côté,,,,,,,,,,,1,1,1,1.0,3.0
201000055294,0010-09-20 14:30:00,10,9,20,14,30,770,450,RN104,,,Plein jour,Hors agglomération,Hors intersection,Normale,Trois véhicules et plus - collisions multiples,,,,,,,,,,,1,1,1,1.0,5.0
201000055295,0010-09-20 18:15:00,10,9,20,18,15,940,18,A4,48.8217,2.39816,Plein jour,Hors agglomération,Hors intersection,Normale,Sans collision,,,,,,,,,,,1,1,1,1.0,7.0
201000055296,0010-09-21 08:00:00,10,9,21,8,0,940,28,A86 SUD,48.7888,2.44021,Plein jour,Hors agglomération,Hors intersection,Normale,Sans collision,,,,,,,,,,,1,1,1,1.0,7.0
201000055297,0010-09-21 12:00:00,10,9,21,12,0,940,81,A86,48.7746,2.41036,Plein jour,Hors agglomération,Hors intersection,Normale,Trois véhicules et plus - collisions multiples,,,,,,,,,,,1,1,1,1.0,5.0
201000055298,0010-09-21 17:45:00,10,9,21,17,45,770,438,A104,,,Plein jour,Hors agglomération,Hors intersection,Normale,Deux véhicules - arrière,,,,,,,,,,,1,1,1,1.0,2.0
201000055299,0010-09-22 08:45:00,10,9,22,8,45,770,121,A4,,,Plein jour,Hors agglomération,Hors intersection,Normale,Deux véhicules - côté,,,,,,,,,,,1,1,1,1.0,3.0
201000055300,0010-09-23 23:20:00,10,9,23,23,20,770,121,A4,,,Nuit avec éclairage allumé,Hors agglomération,Hors intersection,Normale,Trois véhicules et plus - en chaîne,,,,,,,,,,,5,1,1,1.0,4.0
201000055301,0010-09-23 08:45:00,10,9,23,8,45,770,294,A104,,,Plein jour,Hors agglomération,Hors intersection,Normale,Sans collision,,,,,,,,,,,1,1,1,1.0,7.0
201000055302,0010-09-25 00:45:00,10,9,25,0,45,940,44,RN406.W,48.7588,2.47012,Nuit sans éclairage public,Hors agglomération,Hors intersection,Pluie légère,Autre collision,,,,,,,,,,,3,1,1,2.0,6.0
201000055303,0010-09-25 23:40:00,10,9,25,23,40,940,46,A86,48.8072,2.44891,Nuit avec éclairage allumé,Hors agglomération,Hors intersection,Normale,Sans collision,,,,,,,,,,,5,1,1,1.0,7.0
201000055304,0010-09-28 18:30:00,10,9,28,18,30,940,69,A4,48.8172,2.42644,Plein jour,Hors agglomération,Hors intersection,Normale,Deux véhicules - arrière,,,,,,,,,,,1,1,1,1.0,2.0
201000055305,0010-09-29 21:40:00,10,9,29,21,40,750,112,A4,,,Nuit avec éclairage allumé,Hors agglomération,Hors intersection,Normale,Deux véhicules - côté,,,,,,,,,,,5,1,1,1.0,3.0
201000055306,0010-09-30 08:10:00,10,9,30,8,10,770,373,RN104,,,Crépuscule ou aube,Hors agglomération,Hors intersection,Pluie légère,Deux véhicules - côté,,,,,,,,,,,2,1,1,2.0,3.0
201000055307,0010-09-30 09:35:00,10,9,30,9,35,940,28,A86 SUD,48.7888,2.44048,Plein jour,Hors agglomération,Hors intersection,Pluie légère,Deux véhicules - côté,,,,,,,,,,,1,1,1,2.0,3.0
201000055308,0010-09-30 16:40:00,10,9,30,16,40,940,81,A86,48.7741,2.405,Plein jour,Hors agglomération,Hors intersection,Normale,Sans collision,,,,,,,,,,,1,1,1,1.0,7.0
201000055309,0010-10-01 01:20:00,10,10,1,1,20,940,17,A4,,,Nuit avec éclairage allumé,Hors agglomération,Hors intersection,Normale,Deux véhicules - arrière,,,,,,,,,,,5,1,1,1.0,2.0
201000055310,0010-10-01 07:50:00,10,10,1,7,50,940,28,A86,,,Plein jour,Hors agglomération,Hors intersection,Normale,Deux véhicules - arrière,,,,,,,,,,,1,1,1,1.0,2.0
201000055311,0010-10-09 17:10:00,10,10,9,17,10,940,73,A86,,,Plein jour,Hors agglomération,Hors intersection,Pluie légère,Deux véhicules - côté,,,,,,,,,,,1,1,1,2.0,3.0
201000055312,0010-10-01 20:00:00,10,10,1,20,0,770,468,A104,,,Nuit sans éclairage public,Hors agglomération,Hors intersection,Pluie forte,Deux véhicules - côté,,,,,,,,,,,3,1,1,3.0,3.0
201000055313,0010-10-01 20:30:00,10,10,1,20,30,940,17,A4,,,Nuit avec éclairage allumé,Hors agglomération,Hors intersection,Pluie légère,Deux véhicules - arrière,,,,,,,,,,,5,1,1,2.0,2.0
201000055314,0010-10-01 20:15:00,10,10,1,20,15,750,112,A4,,,Nuit avec éclairage allumé,Hors agglomération,Hors intersection,Pluie forte,Deux véhicules - arrière,,,,,,,,,,,5,1,1,3.0,2.0
201000055315,0010-10-02 06:00:00,10,10,2,6,0,940,73,A86,,,Nuit avec éclairage allumé,Hors agglomération,Hors intersection,Pluie légère,Sans collision,,,,,,,,,,,5,1,1,2.0,7.0
201000055316,0010-10-02 09:00:00,10,10,2,9,0,770,438,A104,,,Plein jour,Hors agglomération,Hors intersection,Normale,Sans collision,,,,,,,,,,,1,1,1,1.0,7.0
201000055317,0010-10-02 11:15:00,10,10,2,11,15,940,44,RN406.W,,,Plein jour,Hors agglomération,Hors intersection,Normale,Sans collision,,,,,,,,,,,1,1,1,1.0,7.0
201000055318,0010-10-04 10:00:00,10,10,4,10,0,940,73,A86,,,Plein jour,Hors agglomération,Hors intersection,Pluie légère,Trois véhicules et plus - collisions multiples,,,,,,,,,,,1,1,1,2.0,5.0
201000055319,0010-10-04 14:50:00,10,10,4,14,50,940,73,A86,,,Plein jour,Hors agglomération,Hors intersection,Autre,Sans collision,,,,,,,,,,,1,1,1,9.0,7.0
201000055320,0010-10-06 19:45:00,10,10,6,19,45,940,44,RN406,,,Nuit avec éclairage allumé,Hors agglomération,Hors intersection,Normale,Deux véhicules - arrière,,,,,,,,,,,5,1,1,1.0,2.0
201000055321,0010-10-07 07:15:00,10,10,7,7,15,940,18,A4,,,Nuit avec éclairage allumé,Hors agglomération,Hors intersection,Normale,Deux véhicules - arrière,,,,,,,,,,,5,1,1,1.0,2.0
201000055322,0010-10-07 07:50:00,10,10,7,7,50,940,28,A86,,,Crépuscule ou aube,Hors agglomération,Hors intersection,Normale,Deux véhicules - arrière,,,,,,,,,,,2,1,1,1.0,2.0
201000055323,0010-10-07 12:40:00,10,10,7,12,40,940,52,A86,,,Plein jour,Hors agglomération,Hors intersection,Normale,Sans collision,,,,,,,,,,,1,1,1,1.0,7.0
201000055324,0010-10-07 19:45:00,10,10,7,19,45,930,51,A4,,,Nuit sans éclairage public,Hors agglomération,Hors intersection,Normale,Trois véhicules et plus - collisions multiples,,,,,,,,,,,3,1,1,1.0,5.0
201000055325,0010-10-07 21:00:00,10,10,7,21,0,930,51,A4,,,Nuit avec éclairage allumé,Hors agglomération,Hors intersection,Normale,Deux véhicules - côté,,,,,,,,,,,5,1,1,1.0,3.0
201000055326,0010-10-07 21:40:00,10,10,7,21,40,940,17,A4,,,Nuit avec éclairage allumé,Hors agglomération,Hors intersection,Normale,Deux véhicules - côté,,,,,,,,,,,5,1,1,1.0,3.0
201000055327,0010-10-08 03:10:00,10,10,8,3,10,770,514,A104,,,Nuit sans éclairage public,Hors agglomération,Hors intersection,Normale,Deux véhicules - arrière,,,,,,,,,,,3,1,1,1.0,2.0
201000055328,0010-10-08 13:45:00,10,10,8,13,45,770,373,RN104,,,Plein jour,Hors agglomération,Hors intersection,Normale,Trois véhicules et plus - collisions multiples,,,,,,,,,,,1,1,1,1.0,5.0
201000055329,0010-10-08 15:45:00,10,10,8,15,45,770,294,A104,,,Plein jour,Hors agglomération,Hors intersection,Normale,Trois véhicules et plus - collisions multiples,,,,,,,,,,,1,1,1,1.0,5.0
201000055330,0010-10-08 18:30:00,10,10,8,18,30,770,373,RN104,,,Plein jour,Hors agglomération,Hors intersection,Normale,Deux véhicules - côté,,,,,,,,,,,1,1,1,1.0,3.0
201000055331,0010-10-09 23:00:00,10,10,9,23,0,770,175,A5b,,,Nuit sans éclairage public,Hors agglomération,Hors intersection,Normale,Deux véhicules - arrière,,,,,,,,,,,3,1,1,1.0,2.0
201000055332,0010-10-11 18:25:00,10,10,11,18,25,940,69,A86,,,Plein jour,Hors agglomération,Hors intersection,Normale,Sans collision,,,,,,,,,,,1,1,1,1.0,7.0
201000055333,0010-10-12 06:10:00,10,10,12,6,10,770,146,RN104.EXT,,,Nuit sans éclairage public,Hors agglomération,Hors intersection,Normale,Trois véhicules et plus - collisions multiples,,,,,,,,,,,3,1,1,1.0,5.0
201000055334,0010-10-12 08:15:00,10,10,12,8,15,940,73,A86,,,Plein jour,Hors agglomération,Hors intersection,Normale,Trois véhicules et plus - collisions multiples,,,,,,,,,,,1,1,1,1.0,5.0
201000055335,0010-10-13 11:00:00,10,10,13,11,0,770,294,A104,,,Plein jour,Hors agglomération,Hors intersection,Normale,Sans collision,,,,,,,,,,,1,1,1,1.0,7.0