accident_id,datetime,annee,mois,jour,heure,minute,departement,commune_insee,adresse,latitude,longitude,luminosite,agglomeration,intersection,meteo,collision,nb_vehicules,nb_usagers,nb_indemnes,nb_tues,nb_blesses_hosp,nb_blesses_legers,age_cond_1,age_cond_2,veh_type_cond_1,veh_type_cond_2,lum_code,agg_code,int_code,atm_code,col_code
201000055468,0010-02-11 22:15:00,10,2,11,22,15,950,306,AUTOROUTE A15,,,Nuit sans éclairage public,Hors agglomération,Hors intersection,Temps couvert,Sans collision,,,,,,,,,,,3,1,1,8.0,7.0
201000055469,0010-02-13 00:50:00,10,2,13,0,50,950,582,AUTOROUTE A115,,,Nuit sans éclairage public,Hors agglomération,Hors intersection,Normale,Deux véhicules - arrière,,,,,,,,,,,3,1,1,1.0,2.0
201000055470,0010-02-13 10:00:00,10,2,13,10,0,930,66,AUTOROUTE A1,48.9034,2.35875,Plein jour,Hors agglomération,Hors intersection,Normale,Deux véhicules - arrière,,,,,,,,,,,1,1,1,1.0,2.0
201000055471,0010-02-14 23:45:00,10,2,14,23,45,950,424,AUTOROUTE A15,,,Nuit avec éclairage allumé,Hors agglomération,Hors intersection,Normale,Autre collision,,,,,,,,,,,5,1,1,1.0,6.0
201000055472,0010-02-15 07:20:00,10,2,15,7,20,930,6,AUTOROUTE A3,48.8659,2.42125,Nuit avec éclairage non allumé,Hors agglomération,Hors intersection,Normale,Deux véhicules - côté,,,,,,,,,,,4,1,1,1.0,3.0
201000055473,0010-02-15 09:15:00,10,2,15,9,15,930,53,AUTOROUTE A103,48.907,2.35849,Plein jour,Hors agglomération,Hors intersection,Normale,Sans collision,,,,,,,,,,,1,1,1,1.0,7.0
201000055474,0010-02-16 08:45:00,10,2,16,8,45,930,66,AUTOROUTE A1,48.919,2.35742,Plein jour,Hors agglomération,Hors intersection,Normale,Deux véhicules - côté,,,,,,,,,,,1,1,1,1.0,3.0
201000055475,0010-02-16 20:40:00,10,2,16,20,40,930,64,AUTOROUTE A86,48.8853,2.47174,Nuit sans éclairage public,Hors agglomération,Hors intersection,Normale,Deux véhicules - côté,,,,,,,,,,,3,1,1,1.0,3.0
201000055476,0010-02-16 22:30:00,10,2,16,22,30,930,63,AUTOROUTE A3,48.8785,2.44717,Nuit avec éclairage allumé,Hors agglomération,Hors intersection,Normale,Deux véhicules - arrière,,,,,,,,,,,5,1,1,1.0,2.0
201000055477,0010-02-18 07:50:00,10,2,18,7,50,950,252,AUTOROUTE A15,,,Crépuscule ou aube,Hors agglomération,Hors intersection,Normale,Deux véhicules - côté,,,,,,,,,,,2,1,1,1.0,3.0
201000055478,0010-02-18 18:30:00,10,2,18,18,30,930,78,AUTOROUTE A104,48.9604,2.52598,Nuit sans éclairage public,Hors agglomération,Hors intersection,Pluie légère,Sans collision,,,,,,,,,,,3,1,1,2.0,7.0
201000055479,0010-02-18 22:30:00,10,2,18,22,30,950,682,RN 104,,,Nuit avec éclairage non allumé,Hors agglomération,Hors intersection,Normale,Autre collision,,,,,,,,,,,4,1,1,1.0,6.0
201000055480,0010-02-19 21:45:00,10,2,19,21,45,950,256,AUTOROUTE A115,,,Nuit sans éclairage public,Hors agglomération,Hors intersection,Normale,Sans collision,,,,,,,,,,,3,1,1,1.0,7.0
201000055481,0010-02-21 09:45:00,10,2,21,9,45,930,53,AUTOROUTE A3,48.8839,2.45954,Plein jour,Hors agglomération,Hors intersection,Normale,Deux véhicules - arrière,,,,,,,,,,,1,1,1,1.0,2.0
201000055482,0010-02-23 12:10:00,10,2,23,12,10,930,10,AUTOROUTE A3,48.8987,2.46949,Plein jour,Hors agglomération,Hors intersection,Normale,Deux véhicules - arrière,,,,,,,,,,,1,1,1,1.0,2.0
201000055483,0010-02-24 11:30:00,10,2,24,11,30,950,527,AUTOROUTE A3,48.9903,2.5117,Plein jour,Hors agglomération,Hors intersection,Pluie légère,Deux véhicules - arrière,,,,,,,,,,,1,1,1,2.0,2.0
201000055484,0010-02-24 16:50:00,10,2,24,16,50,930,6,AUTOROUTE A3,48.8669,2.42545,Plein jour,Hors agglomération,Hors intersection,Pluie légère,Sans collision,,,,,,,,,,,1,1,1,2.0,7.0
201000055485,0010-02-24 16:55:00,10,2,24,16,55,920,36,AUTOROUTE A86,,,Plein jour,Hors agglomération,Hors intersection,Pluie légère,Trois véhicules et plus - en chaîne,,,,,,,,,,,1,1,1,2.0,4.0
201000055486,0010-02-24 23:55:00,10,2,24,23,55,930,66,AUTOROUTE A86,48.9223,2.35873,Nuit avec éclairage allumé,Hors agglomération,Hors intersection,Pluie légère,Autre collision,,,,,,,,,,,5,1,1,2.0,6.0
201000055487,0010-02-26 08:00:00,10,2,26,8,0,930,63,AUTOROUTE A3,48.881,2.45292,Crépuscule ou aube,Hors agglomération,Hors intersection,Pluie légère,Sans collision,,,,,,,,,,,2,1,1,2.0,7.0
201000055488,0010-02-26 15:00:00,10,2,26,15,0,930,53,AUTOROUTE A86,48.8885,2.47388,Plein jour,Hors agglomération,Hors intersection,Normale,Deux véhicules - côté,,,,,,,,,,,1,1,1,1.0,3.0
201000055489,0010-02-28 13:30:00,10,2,28,13,30,930,1,AUTOROUTE A86,48.921,2.37188,Plein jour,Hors agglomération,Hors intersection,Vent fort / tempête,Sans collision,,,,,,,,,,,1,1,1,6.0,7.0
201000055490,0010-02-28 17:05:00,10,2,28,17,5,950,277,AUTOROUTE A104,48.9736,2.4863,Plein jour,Hors agglomération,Hors intersection,Normale,Sans collision,,,,,,,,,,,1,1,1,1.0,7.0
201000055491,0010-03-01 11:30:00,10,3,1,11,30,930,6,AUTOROUTE A3,48.8664,2.41321,Plein jour,Hors agglomération,Hors intersection,Normale,Trois véhicules et plus - en chaîne,,,,,,,,,,,1,1,1,1.0,4.0
201000055492,0010-03-02 16:10:00,10,3,2,16,10,950,582,AUTOROUTE A15,,,Plein jour,Hors agglomération,Hors intersection,Normale,Deux véhicules - arrière,,,,,,,,,,,1,1,1,1.0,2.0
201000055493,0010-03-02 08:45:00,10,3,2,8,45,950,18,AUTOROUTE A15,,,Plein jour,Hors agglomération,Hors intersection,Normale,Autre collision,,,,,,,,,,,1,1,1,1.0,6.0
201000055494,0010-03-02 11:50:00,10,3,2,11,50,920,36,AUTOROUTE A86,,,Plein jour,Hors agglomération,Hors intersection,Normale,Deux véhicules - côté,,,,,,,,,,,1,1,1,1.0,3.0
201000055495,0010-03-03 12:30:00,10,3,3,12,30,930,39,AUTOROUTE A86,48.927,2.33466,Plein jour,Hors agglomération,Hors intersection,Normale,Deux véhicules - côté,,,,,,,,,,,1,1,1,1.0,3.0
201000055496,0010-03-07 22:50:00,10,3,7,22,50,930,53,AUTOROUTE A3,48.8835,2.45834,Nuit avec éclairage allumé,Hors agglomération,Hors intersection,Normale,Deux véhicules - arrière,,,,,,,,,,,5,1,1,1.0,2.0
201000055497,0010-03-08 09:15:00,10,3,8,9,15,930,27,AUTOROUTE A86,48.9234,2.38362,Plein jour,Hors agglomération,Hors intersection,Normale,Autre collision,,,,,,,,,,,1,1,1,1.0,6.0
201000055498,0010-03-12 16:30:00,10,3,12,16,30,930,63,AUTOROUTE A3,48.8809,2.45252,Plein jour,Hors agglomération,Hors intersection,Normale,Sans collision,,,,,,,,,,,1,1,1,1.0,7.0
201000055499,0010-03-16 13:10:00,10,3,16,13,10,930,10,AUTOROUTE A3,48.8862,2.47306,Plein jour,Hors agglomération,Hors intersection,Normale,Deux véhicules - arrière,,,,,,,,,,,1,1,1,1.0,2.0
201000055500,0010-03-16 16:25:00,10,3,16,16,25,950,18,AUTOROUTE A15,,,Plein jour,Hors agglomération,Hors intersection,Normale,Deux véhicules - côté,,,,,,,,,,,1,1,1,1.0,3.0
201000055501,0010-03-17 10:15:00,10,3,17,10,15,930,10,AUTOROUTE A3,48.9169,2.47803,Plein jour,Hors agglomération,Hors intersection,Normale,Deux véhicules - côté,,,,,,,,,,,1,1,1,1.0,3.0
201000055502,0010-03-17 17:20:00,10,3,17,17,20,950,28,RN 104,,,Plein jour,Hors agglomération,Hors intersection,Normale,Autre collision,,,,,,,,,,,1,1,1,1.0,6.0
201000055503,0010-03-17 19:50:00,10,3,17,19,50,930,53,AUTOROUTE A103,48.9034,2.35856,Nuit avec éclairage allumé,Hors agglomération,Hors intersection,Normale,Sans collision,,,,,,,,,,,5,1,1,1.0,7.0
201000055504,0010-03-21 01:50:00,10,3,21,1,50,930,66,AUTOROUTE A1,48.919,2.35742,Nuit sans éclairage public,Hors agglomération,Hors intersection,Temps couvert,Deux véhicules - arrière,,,,,,,,,,,3,1,1,8.0,2.0
201000055505,0010-03-21 15:00:00,10,3,21,15,0,950,277,AUTOROUTE A104,48.9736,2.4863,Plein jour,Hors agglomération,Hors intersection,Normale,Sans collision,,,,,,,,,,,1,1,1,1.0,7.0
201000055506,0010-03-22 00:30:00,10,3,22,0,30,600,494,"0, AUTOROUTE A1",,,Nuit avec éclairage non allumé,Hors agglomération,Hors intersection,Normale,Trois véhicules et plus - collisions multiples,,,,,,,,,,,4,1,1,1.0,5.0
201000055507,0010-03-24 16:45:00,10,3,24,16,45,950,678,RN 104,,,Plein jour,Hors agglomération,Hors intersection,Normale,Sans collision,,,,,,,,,,,1,1,1,1.0,7.0
201000055508,0010-03-24 14:15:00,10,3,24,14,15,930,1,AUTOROUTE A86,48.9208,2.37196,Plein jour,Hors agglomération,Hors intersection,Normale,Trois véhicules et plus - en chaîne,,,,,,,,,,,1,1,1,1.0,4.0
201000055509,0010-03-26 06:30:00,10,3,26,6,30,950,527,AUTOROUTE A3,,,Crépuscule ou aube,Hors agglomération,Hors intersection,Normale,Autre collision,,,,,,,,,,,2,1,1,1.0,6.0
201000055510,0010-03-27 20:15:00,10,3,27,20,15,930,5,AUTOROUTE A3,48.9467,2.47628,Nuit avec éclairage non allumé,Hors agglomération,Hors intersection,Temps couvert,Deux véhicules - arrière,,,,,,,,,,,4,1,1,8.0,2.0
201000055511,0010-03-26 19:30:00,10,3,26,19,30,930,48,AUTOROUTE A3,48.8731,2.43592,Nuit sans éclairage public,Hors agglomération,Hors intersection,Normale,Deux véhicules - côté,,,,,,,,,,,3,1,1,1.0,3.0
201000055512,0010-03-27 19:30:00,10,3,27,19,30,930,5,AUTOROUTE A3,48.9463,2.47621,Nuit sans éclairage public,Hors agglomération,Hors intersection,Normale,Autre collision,,,,,,,,,,,3,1,1,1.0,6.0
201000055513,0010-03-27 23:05:00,10,3,27,23,5,930,63,AUTOROUTE A3,48.8795,2.44946,Nuit avec éclairage non allumé,Hors agglomération,Hors intersection,Normale,Sans collision,,,,,,,,,,,4,1,1,1.0,7.0
201000055514,0010-03-28 01:00:00,10,3,28,1,0,950,18,AUTOROUTE A15,,,Nuit avec éclairage non allumé,Hors agglomération,Hors intersection,Normale,Autre collision,,,,,,,,,,,4,1,1,1.0,6.0
201000055515,0010-03-28 10:00:00,10,3,28,10,0,930,27,AUTOROUTE A86,48.9248,2.39157,Plein jour,Hors agglomération,Hors intersection,Pluie légère,Deux véhicules - arrière,,,,,,,,,,,1,1,1,2.0,2.0
201000055516,0010-01-04 01:30:00,10,1,4,1,30,920,36,AUTOROUTE A15,,,Nuit sans éclairage public,Hors agglomération,Hors intersection,Normale,Autre collision,,,,,,,,,,,3,1,1,1.0,6.0
201000055517,0010-01-04 07:30:00,10,1,4,7,30,930,27,AUTOROUTE A1,48.9366,2.40734,Nuit sans éclairage public,Hors agglomération,Hors intersection,Normale,Sans collision,,,,,,,,,,,3,1,1,1.0,7.0
201000055518,0010-01-04 09:30:00,10,1,4,9,30,930,1,AUTOROUTE A86,48.9211,2.37467,Plein jour,Hors agglomération,Hors intersection,Temps couvert,Sans collision,,,,,,,,,,,1,1,1,8.0,7.0
201000055519,0010-03-29 11:15:00,10,3,29,11,15,930,64,AUTOROUTE A3,48.8839,2.46681,Plein jour,Hors agglomération,Hors intersection,Normale,Autre collision,,,,,,,,,,,1,1,1,1.0,6.0
201000055520,0010-01-05 07:15:00,10,1,5,7,15,930,6,AUTOROUTE A3,48.8668,2.42545,Nuit sans éclairage public,Hors agglomération,Hors intersection,Normale,Deux véhicules - arrière,,,,,,,,,,,3,1,1,1.0,2.0
201000055521,0010-01-05 17:20:00,10,1,5,17,20,930,29,AUTOROUTE A86,48.9259,2.42274,Nuit avec éclairage allumé,Hors agglomération,Hors intersection,Normale,Deux véhicules - côté,,,,,,,,,,,5,1,1,1.0,3.0
201000055522,0010-01-05 18:15:00,10,1,5,18,15,930,53,AUTOROUTE A3,48.8963,2.47029,Nuit avec éclairage allumé,Hors agglomération,Hors intersection,Normale,Autre collision,,,,,,,,,,,5,1,1,1.0,6.0
201000055523,0010-01-06 18:00:00,10,1,6,18,0,920,36,AUTOROUTE A15,,,Nuit sans éclairage public,Hors agglomération,Hors intersection,Normale,Sans collision,,,,,,,,,,,3,1,1,1.0,7.0
201000055524,0010-01-07 02:45:00,10,1,7,2,45,930,64,A103 - ROSNY SOUS BOIS,48.8868,2.47723,Nuit avec éclairage allumé,Hors agglomération,Hors intersection,Neige / grêle,Autre collision,,,,,,,,,,,5,1,1,4.0,6.0
201000055525,0010-06-15 14:15:00,10,6,15,14,15,930,48,AUTOROUTE A3,48.8731,2.43544,Plein jour,Hors agglomération,Hors intersection,Normale,Deux véhicules - côté,,,,,,,,,,,1,1,1,1.0,3.0
201000055526,0010-06-09 16:00:00,10,6,9,16,0,950,252,AUTOROUTE A115,,,Plein jour,Hors agglomération,Hors intersection,Normale,Sans collision,,,,,,,,,,,1,1,1,1.0,7.0
201000055527,0010-06-18 09:00:00,10,6,18,9,0,950,582,RD 170,48.9656,2.2719,Plein jour,Hors agglomération,Hors intersection,Normale,Deux véhicules - arrière,,,,,,,,,,,1,1,1,1.0,2.0
201000055528,0010-01-07 17:00:00,10,1,7,17,0,950,527,AUTOROUTE A3,,,Plein jour,Hors agglomération,Hors intersection,Normale,Autre collision,,,,,,,,,,,1,1,1,1.0,6.0
201000055529,0010-01-08 01:00:00,10,1,8,1,0,950,527,AUTOROUTE A3,,,Nuit sans éclairage public,Hors agglomération,Hors intersection,Neige / grêle,Sans collision,,,,,,,,,,,3,1,1,4.0,7.0
201000055530,0010-01-08 08:20:00,10,1,8,8,20,950,582,AUTOROUTE A15,,,Plein jour,Hors agglomération,Hors intersection,Autre,Deux véhicules - côté,,,,,,,,,,,1,1,1,9.0,3.0
201000055531,0010-01-08 13:50:00,10,1,8,13,50,930,78,AUTOROUTE A104,48.969,2.50547,Plein jour,Hors agglomération,Hors intersection,Normale,Deux véhicules - arrière,,,,,,,,,,,1,1,1,1.0,2.0
201000055532,0010-01-08 14:30:00,10,1,8,14,30,930,7,AUTOROUTE A1,48.9493,2.44679,Plein jour,Hors agglomération,Hors intersection,Normale,Deux véhicules - côté,,,,,,,,,,,1,1,1,1.0,3.0
201000055533,0010-01-09 07:00:00,10,1,9,7,0,930,66,AUTOROUTE A86,48.9242,2.34162,Crépuscule ou aube,Hors agglomération,Hors intersection,Neige / grêle,Sans collision,,,,,,,,,,,2,1,1,4.0,7.0
201000055534,0010-01-09 09:40:00,10,1,9,9,40,950,42,RN 104,,,Plein jour,Hors agglomération,Hors intersection,Neige / grêle,Autre collision,,,,,,,,,,,1,1,1,4.0,6.0
201000055535,0010-04-03 14:45:00,10,4,3,14,45,930,27,AUTOROUTE A86,48.9257,2.39669,Plein jour,Hors agglomération,Hors intersection,Temps éblouissant,Deux véhicules - arrière,,,,,,,,,,,1,1,1,7.0,2.0
201000055536,0010-01-09 10:15:00,10,1,9,10,15,950,277,RD 170,48.9751,2.4852,Plein jour,Hors agglomération,Hors intersection,Neige / grêle,Autre collision,,,,,,,,,,,1,1,1,4.0,6.0
201000055537,0010-04-03 15:20:00,10,4,3,15,20,930,13,AUTOROUTE A1,48.9387,2.41625,Plein jour,Hors agglomération,Hors intersection,Pluie légère,Trois véhicules et plus - en chaîne,,,,,,,,,,,1,1,1,2.0,4.0
201000055538,0010-01-09 10:50:00,10,1,9,10,50,930,29,AUTOROUTE A86,48.9255,2.42399,Plein jour,Hors agglomération,Hors intersection,Normale,Sans collision,,,,,,,,,,,1,1,1,1.0,7.0
201000055539,0010-01-09 19:05:00,10,1,9,19,5,930,78,AUTOROUTE A104,48.9593,2.53728,Nuit sans éclairage public,Hors agglomération,Hors intersection,Normale,Deux véhicules - côté,,,,,,,,,,,3,1,1,1.0,3.0
201000055540,0010-04-04 01:20:00,10,4,4,1,20,930,78,AUTOROUTE A104,48.959,2.5276,Nuit avec éclairage non allumé,Hors agglomération,Hors intersection,Pluie légère,Sans collision,,,,,,,,,,,4,1,1,2.0,7.0
201000055541,0010-01-10 05:30:00,10,1,10,5,30,950,424,AUTOROUTE A15,,,Nuit sans éclairage public,Hors agglomération,Hors intersection,Autre,Trois véhicules et plus - collisions multiples,,,,,,,,,,,3,1,1,9.0,5.0
201000055542,0010-04-04 16:30:00,10,4,4,16,30,950,151,RN 104,,,Plein jour,Hors agglomération,Hors intersection,Pluie légère,Sans collision,,,,,,,,,,,1,1,1,2.0,7.0
201000055543,0010-04-04 18:00:00,10,4,4,18,0,930,66,AUTOROUTE A1,48.931,2.36727,Plein jour,Hors agglomération,Hors intersection,Normale,Deux véhicules - arrière,,,,,,,,,,,1,1,1,1.0,2.0
201000055544,0010-01-10 07:00:00,10,1,10,7,0,950,351,RN 104,,,Crépuscule ou aube,Hors agglomération,Hors intersection,Neige / grêle,Autre collision,,,,,,,,,,,2,1,1,4.0,6.0
201000055545,0010-01-10 07:01:00,10,1,10,7,1,950,351,RN 104,,,Crépuscule ou aube,Hors agglomération,Hors intersection,Neige / grêle,Autre collision,,,,,,,,,,,2,1,1,4.0,6.0
201000055546,0010-01-10 22:15:00,10,1,10,22,15,950,42,RN 104,,,Nuit sans éclairage public,Hors agglomération,Hors intersection,Normale,Deux véhicules - arrière,,,,,,,,,,,3,1,1,1.0,2.0
201000055547,0010-01-11 07:55:00,10,1,11,7,55,930,13,AUTOROUTE A1,48.9391,2.41826,Crépuscule ou aube,Hors agglomération,Hors intersection,Normale,Deux véhicules - côté,,,,,,,,,,,2,1,1,1.0,3.0
201000055548,0010-04-05 09:35:00,10,4,5,9,35,950,277,AUTOROUTE A1,48.9553,2.4581,Plein jour,Hors agglomération,Hors intersection,Temps éblouissant,Deux véhicules - arrière,,,,,,,,,,,1,1,1,7.0,2.0
201000055549,0010-01-11 11:25:00,10,1,11,11,25,930,66,AUTOROUTE A1,48.919,2.35742,Plein jour,Hors agglomération,Hors intersection,Normale,Deux véhicules - côté,,,,,,,,,,,1,1,1,1.0,3.0
201000055550,0010-01-12 08:20:00,10,1,12,8,20,950,582,RD 170,48.9683,2.2746,Plein jour,Hors agglomération,Hors intersection,Temps couvert,Deux véhicules - arrière,,,,,,,,,,,1,1,1,8.0,2.0
201000055551,0010-01-12 10:30:00,10,1,12,10,30,600,631,AUTOROUTE A1,,,Plein jour,Hors agglomération,Hors intersection,Temps couvert,Deux véhicules - côté,,,,,,,,,,,1,1,1,8.0,3.0
201000055552,0010-01-12 14:45:00,10,1,12,14,45,950,28,RN 104,,,Plein jour,Hors agglomération,Hors intersection,Normale,Sans collision,,,,,,,,,,,1,1,1,1.0,7.0
201000055553,0010-01-13 11:30:00,10,1,13,11,30,930,78,AUTOROUTE A104,48.9582,2.53141,Plein jour,Hors agglomération,Hors intersection,Autre,Deux véhicules - côté,,,,,,,,,,,1,1,1,9.0,3.0
201000055554,0010-01-13 11:25:00,10,1,13,11,25,930,27,AUTOROUTE A86,48.9269,2.40467,Plein jour,Hors agglomération,Hors intersection,Pluie légère,Deux véhicules - arrière,,,,,,,,,,,1,1,1,2.0,2.0
201000055555,0010-01-13 19:30:00,10,1,13,19,30,930,27,AUTOROUTE A86,48.9256,2.39692,Nuit sans éclairage public,Hors agglomération,Hors intersection,Normale,Sans collision,,,,,,,,,,,3,1,1,1.0,7.0
201000055556,0010-04-06 16:30:00,10,4,6,16,30,930,5,AUTOROUTE A3,48.9588,2.47303,Plein jour,Hors agglomération,Hors intersection,Normale,Trois véhicules et plus - en chaîne,,,,,,,,,,,1,1,1,1.0,4.0
201000055557,0010-04-06 17:00:00,10,4,6,17,0,930,66,AUTOROUTE A1,48.9317,2.37055,Plein jour,Hors agglomération,Hors intersection,Normale,Autre collision,,,,,,,,,,,1,1,1,1.0,6.0
201000055558,0010-01-15 08:10:00,10,1,15,8,10,950,527,AUTOROUTE A3,,,Crépuscule ou aube,Hors agglomération,Hors intersection,Pluie légère,Deux véhicules - arrière,,,,,,,,,,,2,1,1,2.0,2.0
201000055559,0010-01-15 11:10:00,10,1,15,11,10,950,572,ROUTE NATIONALE 184,,,Plein jour,Hors agglomération,Hors intersection,Normale,Deux véhicules - arrière,,,,,,,,,,,1,1,1,1.0,2.0
201000055560,0010-04-06 22:00:00,10,4,6,22,0,930,10,AUTOROUTE A3,48.9067,2.47229,Nuit sans éclairage public,Hors agglomération,Hors intersection,Normale,Autre collision,,,,,,,,,,,3,1,1,1.0,6.0
201000055561,0010-01-15 15:00:00,10,1,15,15,0,930,64,AUTOROUTE A103,,,Plein jour,Hors agglomération,Hors intersection,Autre,Sans collision,,,,,,,,,,,1,1,1,9.0,7.0
201000055562,0010-01-15 20:30:00,10,1,15,20,30,950,277,A104,48.9734,2.4856,Nuit avec éclairage non allumé,Hors agglomération,Hors intersection,Normale,Deux véhicules - côté,,,,,,,,,,,4,1,1,1.0,3.0
201000055563,0010-01-15 23:00:00,10,1,15,23,0,920,36,AUTOROUTE A86,,,Nuit sans éclairage public,Hors agglomération,Hors intersection,Normale,Deux véhicules - arrière,,,,,,,,,,,3,1,1,1.0,2.0
201000055564,0010-01-16 00:45:00,10,1,16,0,45,920,78,AUTOROUTE A86,,,Nuit sans éclairage public,Hors agglomération,Hors intersection,Autre,Deux véhicules - côté,,,,,,,,,,,3,1,1,9.0,3.0
201000055565,0010-01-16 08:30:00,10,1,16,8,30,930,10,AUTOROUTE A3,48.8895,2.47391,Plein jour,Hors agglomération,Hors intersection,Normale,Autre collision,,,,,,,,,,,1,1,1,1.0,6.0
201000055566,0010-01-16 12:00:00,10,1,16,12,0,950,527,AUTOROUTE A1,,,Plein jour,Hors agglomération,Hors intersection,Pluie légère,Autre collision,,,,,,,,,,,1,1,1,2.0,6.0
201000055567,0010-04-08 10:00:00,10,4,8,10,0,930,5,AUTOROUTE A3,48.9631,2.47425,Plein jour,Hors agglomération,Hors intersection,Normale,Deux véhicules - côté,,,,,,,,,,,1,1,1,1.0,3.0
201000055568,0010-01-17 07:30:00,10,1,17,7,30,920,78,AUTOROUTE A86,,,Nuit sans éclairage public,Hors agglomération,Hors intersection,Pluie légère,Sans collision,,,,,,,,,,,3,1,1,2.0,7.0
201000055569,0010-04-09 15:30:00,10,4,9,15,30,950,219,AUTOROUTE A115,,,Plein jour,Hors agglomération,Hors intersection,Normale,Deux véhicules - côté,,,,,,,,,,,1,1,1,1.0,3.0
201000055570,0010-01-17 15:45:00,10,1,17,15,45,930,53,AUTOROUTE A3,48.8835,2.45873,Plein jour,Hors agglomération,Hors intersection,Normale,Deux véhicules - arrière,,,,,,,,,,,1,1,1,1.0,2.0
201000055571,0010-01-17 19:00:00,10,1,17,19,0,930,78,AUTOROUTE A104,48.9682,2.50886,Nuit avec éclairage allumé,Hors agglomération,Hors intersection,Pluie légère,Deux véhicules - arrière,,,,,,,,,,,5,1,1,2.0,2.0
201000055572,0010-01-17 20:30:00,10,1,17,20,30,950,424,AUTOROUTE A15,,,Nuit avec éclairage non allumé,Hors agglomération,Hors intersection,Pluie légère,Trois véhicules et plus - collisions multiples,,,,,,,,,,,4,1,1,2.0,5.0
201000055573,0010-01-18 07:55:00,10,1,18,7,55,950,582,AUTOROUTE A15,,,Nuit avec éclairage non allumé,Hors agglomération,Hors intersection,Pluie légère,Deux véhicules - frontale,,,,,,,,,,,4,1,1,2.0,1.0
201000055574,0010-01-19 08:10:00,10,1,19,8,10,950,306,AUTOROUTE A15,,,Plein jour,Hors agglomération,Hors intersection,Brouillard / fumée,Autre collision,,,,,,,,,,,1,1,1,5.0,6.0
201000055575,0010-01-19 07:35:00,10,1,19,7,35,950,582,RD 170,48.9623,2.2638,Nuit sans éclairage public,Hors agglomération,Hors intersection,Temps couvert,Deux véhicules - arrière,,,,,,,,,,,3,1,1,8.0,2.0
201000055576,0010-04-10 15:00:00,10,4,10,15,0,930,48,AUTOROUTE A1086,,,Plein jour,Hors agglomération,Hors intersection,Normale,Sans collision,,,,,,,,,,,1,1,1,1.0,7.0
201000055577,0010-01-19 20:00:00,10,1,19,20,0,930,66,AUTOROUTE A1,48.919,2.35742,Nuit avec éclairage allumé,Hors agglomération,Hors intersection,Autre,Autre collision,,,,,,,,,,,5,1,1,9.0,6.0
201000055578,0010-01-19 20:15:00,10,1,19,20,15,950,18,AUTOROUTE A15,,,Nuit sans éclairage public,Hors agglomération,Hors intersection,Normale,Trois véhicules et plus - collisions multiples,,,,,,,,,,,3,1,1,1.0,5.0
201000055579,0010-01-20 02:15:00,10,1,20,2,15,950,252,AUTOROUTE A15,,,Nuit sans éclairage public,Hors agglomération,Hors intersection,Normale,Deux véhicules - arrière,,,,,,,,,,,3,1,1,1.0,2.0
201000055580,0010-04-11 01:50:00,10,4,11,1,50,920,36,AUTOROUTE A86,,,Nuit sans éclairage public,Hors agglomération,Hors intersection,Normale,Autre collision,,,,,,,,,,,3,1,1,1.0,6.0
201000055581,0010-01-20 13:40:00,10,1,20,13,40,950,277,AUTOROUTE A104,48.9736,2.4863,Plein jour,Hors agglomération,Hors intersection,Pluie légère,Sans collision,,,,,,,,,,,1,1,1,2.0,7.0
201000055582,0010-01-20 16:30:00,10,1,20,16,30,950,582,AUTOROUTE A115,,,Plein jour,Hors agglomération,Hors intersection,Temps couvert,Autre collision,,,,,,,,,,,1,1,1,8.0,6.0
201000055583,0010-01-21 06:45:00,10,1,21,6,45,950,277,A104,48.9736,2.4861,Nuit sans éclairage public,Hors agglomération,Hors intersection,Pluie légère,Deux véhicules - côté,,,,,,,,,,,3,1,1,2.0,3.0
201000055584,0010-01-21 08:00:00,10,1,21,8,0,930,78,AUTOROUTE A104,48.9582,2.52845,Nuit sans éclairage public,Hors agglomération,Hors intersection,Normale,Sans collision,,,,,,,,,,,3,1,1,1.0,7.0
201000055585,0010-01-22 01:30:00,10,1,22,1,30,930,78,AUTOROUTE A104,48.9588,2.52755,Nuit sans éclairage public,Hors agglomération,Hors intersection,Normale,Autre collision,,,,,,,,,,,3,1,1,1.0,6.0
201000055586,0010-01-22 19:10:00,10,1,22,19,10,930,66,AUTOROUTE A1,48.919,2.35742,Nuit avec éclairage allumé,Hors agglomération,Hors intersection,Normale,Deux véhicules - arrière,,,,,,,,,,,5,1,1,1.0,2.0
201000055587,0010-01-22 20:15:00,10,1,22,20,15,930,66,AUTOROUTE A1,48.9103,2.35824,Nuit avec éclairage allumé,Hors agglomération,Hors intersection,Normale,Autre collision,,,,,,,,,,,5,1,1,1.0,6.0
201000055588,0010-01-22 21:00:00,10,1,22,21,0,930,5,AUTOROUTE A1,48.9572,2.46156,Nuit sans éclairage public,Hors agglomération,Hors intersection,Normale,Deux véhicules - côté,,,,,,,,,,,3,1,1,1.0,3.0
201000055589,0010-01-22 21:30:00,10,1,22,21,30,930,5,AUTOROUTE A1,48.9607,2.46789,Nuit sans éclairage public,Hors agglomération,Hors intersection,Normale,Deux véhicules - arrière,,,,,,,,,,,3,1,1,1.0,2.0
201000055590,0010-01-23 14:00:00,10,1,23,14,0,950,582,AUTOROUTE A115,,,Plein jour,Hors agglomération,Hors intersection,Pluie légère,Autre collision,,,,,,,,,,,1,1,1,2.0,6.0
201000055591,0010-01-23 14:30:00,10,1,23,14,30,950,18,AUTOROUTE A15,,,Plein jour,Hors agglomération,Hors intersection,Pluie légère,Deux véhicules - côté,,,,,,,,,,,1,1,1,2.0,3.0