accident_id,datetime,annee,mois,jour,heure,minute,departement,commune_insee,adresse,latitude,longitude,luminosite,agglomeration,intersection,meteo,collision,nb_vehicules,nb_usagers,nb_indemnes,nb_tues,nb_blesses_hosp,nb_blesses_legers,age_cond_1,age_cond_2,veh_type_cond_1,veh_type_cond_2,lum_code,agg_code,int_code,atm_code,col_code
201000055848,0010-03-11 16:30:00,10,3,11,16,30,950,306,AUTOROUTE A15,,,Plein jour,Hors agglomération,Hors intersection,Normale,Trois véhicules et plus - en chaîne,,,,,,,,,,,1,1,1,1.0,4.0
201000055849,0010-03-11 20:30:00,10,3,11,20,30,950,394,ROUTE NATIONALE 184,,,Nuit sans éclairage public,Hors agglomération,Hors intersection,Normale,Autre collision,,,,,,,,,,,3,1,1,1.0,6.0
201000055850,0010-03-13 00:05:00,10,3,13,0,5,950,18,AUTOROUTE A15,,,Nuit avec éclairage non allumé,Hors agglomération,Hors intersection,Normale,Autre collision,,,,,,,,,,,4,1,1,1.0,6.0
201000055851,0010-03-13 04:00:00,10,3,13,4,0,950,306,AUTOROUTE A15,,,Nuit avec éclairage non allumé,Hors agglomération,Hors intersection,Normale,Autre collision,,,,,,,,,,,4,1,1,1.0,6.0
201000055852,0010-09-08 08:10:00,10,9,8,8,10,950,395,RN 104,,,Plein jour,Hors agglomération,Hors intersection,Pluie légère,Autre collision,,,,,,,,,,,1,1,1,2.0,6.0
201000055853,0010-03-13 21:55:00,10,3,13,21,55,930,10,AUTOROUTE A3,48.9169,2.47803,Nuit sans éclairage public,Hors agglomération,Hors intersection,Normale,Deux véhicules - arrière,,,,,,,,,,,3,1,1,1.0,2.0
201000055854,0010-09-08 09:00:00,10,9,8,9,0,950,582,AUTOROUTE A15,,,Plein jour,Hors agglomération,Hors intersection,Pluie légère,Trois véhicules et plus - en chaîne,,,,,,,,,,,1,1,1,2.0,4.0
201000055855,0010-03-14 07:00:00,10,3,14,7,0,950,572,AUTOROUTE A15,,,Plein jour,Hors agglomération,Hors intersection,Normale,Deux véhicules - côté,,,,,,,,,,,1,1,1,1.0,3.0
201000055856,0010-09-08 10:40:00,10,9,8,10,40,930,66,AUTOROUTE A1,,,Plein jour,Hors agglomération,Hors intersection,Pluie légère,Deux véhicules - arrière,,,,,,,,,,,1,1,1,2.0,2.0
201000055857,0010-03-14 07:10:00,10,3,14,7,10,930,78,AUTOROUTE A104,48.9617,2.52431,Plein jour,Hors agglomération,Hors intersection,Normale,Sans collision,,,,,,,,,,,1,1,1,1.0,7.0
201000055858,0010-03-15 06:00:00,10,3,15,6,0,950,28,RN 104,,,Nuit sans éclairage public,Hors agglomération,Hors intersection,Normale,Sans collision,,,,,,,,,,,3,1,1,1.0,7.0
201000055859,0010-09-09 11:45:00,10,9,9,11,45,930,5,AUTOROUTE A3,,,Plein jour,Hors agglomération,Hors intersection,Normale,Autre collision,,,,,,,,,,,1,1,1,1.0,6.0
201000055860,0010-03-15 08:00:00,10,3,15,8,0,930,7,AUTOROUTE A3,48.9293,2.48138,Nuit avec éclairage non allumé,Hors agglomération,Hors intersection,Normale,Deux véhicules - arrière,,,,,,,,,,,4,1,1,1.0,2.0
201000055861,0010-03-15 09:15:00,10,3,15,9,15,950,488,AUTOROUTE A15,,,Plein jour,Hors agglomération,Hors intersection,Normale,Trois véhicules et plus - en chaîne,,,,,,,,,,,1,1,1,1.0,4.0
201000055862,0010-09-08 15:40:00,10,9,8,15,40,950,394,ROUTE NATIONALE 184,,,Plein jour,Hors agglomération,Hors intersection,Pluie légère,Autre collision,,,,,,,,,,,1,1,1,2.0,6.0
201000055863,0010-03-16 11:30:00,10,3,16,11,30,950,488,AUTOROUTE A15,,,Plein jour,Hors agglomération,Hors intersection,Normale,Deux véhicules - arrière,,,,,,,,,,,1,1,1,1.0,2.0
201000055864,0010-09-08 18:30:00,10,9,8,18,30,950,42,RN 104,,,Plein jour,Hors agglomération,Hors intersection,Pluie légère,Autre collision,,,,,,,,,,,1,1,1,2.0,6.0
201000055865,0010-09-08 20:40:00,10,9,8,20,40,950,394,ROUTE NATIONALE 184,,,Plein jour,Hors agglomération,Hors intersection,Normale,Sans collision,,,,,,,,,,,1,1,1,1.0,7.0
201000055866,0010-03-17 09:40:00,10,3,17,9,40,930,7,AUTOROUTE A1,48.9428,2.43374,Plein jour,Hors agglomération,Hors intersection,Normale,Deux véhicules - arrière,,,,,,,,,,,1,1,1,1.0,2.0
201000055867,0010-09-08 21:00:00,10,9,8,21,0,930,78,AUTOROUTE A104,,,Nuit sans éclairage public,Hors agglomération,Hors intersection,Pluie légère,Trois véhicules et plus - en chaîne,,,,,,,,,,,3,1,1,2.0,4.0
201000055868,0010-09-09 08:20:00,10,9,9,8,20,930,5,AUTOROUTE A3,,,Plein jour,Hors agglomération,Hors intersection,Normale,Autre collision,,,,,,,,,,,1,1,1,1.0,6.0
201000055869,0010-09-09 08:00:00,10,9,9,8,0,930,10,AUTOROUTE A3,,,Plein jour,Hors agglomération,Hors intersection,Normale,Trois véhicules et plus - en chaîne,,,,,,,,,,,1,1,1,1.0,4.0
201000055870,0010-03-18 23:55:00,10,3,18,23,55,930,66,AUTOROUTE A1,48.9061,2.35855,Nuit avec éclairage allumé,Hors agglomération,Hors intersection,Normale,Autre collision,,,,,,,,,,,5,1,1,1.0,6.0
201000055871,0010-03-19 01:40:00,10,3,19,1,40,930,66,AUTOROUTE A1,48.9281,2.35794,Nuit avec éclairage allumé,Hors agglomération,Hors intersection,Pluie légère,Sans collision,,,,,,,,,,,5,1,1,2.0,7.0
201000055872,0010-09-10 07:10:00,10,9,10,7,10,930,13,AUTOROUTE A1,,,Crépuscule ou aube,Hors agglomération,Hors intersection,Normale,Sans collision,,,,,,,,,,,2,1,1,1.0,7.0
201000055873,0010-09-10 19:30:00,10,9,10,19,30,920,36,AUTOROUTE A86,,,Plein jour,Hors agglomération,Hors intersection,Normale,Deux véhicules - arrière,,,,,,,,,,,1,1,1,1.0,2.0
201000055874,0010-03-21 11:10:00,10,3,21,11,10,930,29,AUTOROUTE A86,48.9184,2.42873,Plein jour,Hors agglomération,Hors intersection,Normale,Deux véhicules - côté,,,,,,,,,,,1,1,1,1.0,3.0
201000055875,0010-03-22 09:30:00,10,3,22,9,30,930,64,AUTOROUTE A3,48.8838,2.46701,Plein jour,Hors agglomération,Hors intersection,Normale,Deux véhicules - côté,,,,,,,,,,,1,1,1,1.0,3.0
201000055876,0010-03-22 11:30:00,10,3,22,11,30,930,66,AUTOROUTE A86,48.9253,2.33949,Plein jour,Hors agglomération,Hors intersection,Normale,Autre collision,,,,,,,,,,,1,1,1,1.0,6.0
201000055877,0010-03-23 19:30:00,10,3,23,19,30,930,66,AUTOROUTE A1,48.9148,2.35775,Nuit avec éclairage allumé,Hors agglomération,Hors intersection,Normale,Deux véhicules - arrière,,,,,,,,,,,5,1,1,1.0,2.0
201000055878,0010-03-24 08:20:00,10,3,24,8,20,930,5,AUTOROUTE A3,48.9467,2.47628,Plein jour,Hors agglomération,Hors intersection,Normale,Trois véhicules et plus - en chaîne,,,,,,,,,,,1,1,1,1.0,4.0
201000055879,0010-03-25 13:30:00,10,3,25,13,30,950,582,AUTOROUTE A15,,,Plein jour,Hors agglomération,Hors intersection,Pluie légère,Trois véhicules et plus - en chaîne,,,,,,,,,,,1,1,1,2.0,4.0
201000055880,0010-03-29 08:00:00,10,3,29,8,0,930,10,AUTOROUTE A3,48.8974,2.46953,Plein jour,Hors agglomération,Hors intersection,Normale,Trois véhicules et plus - collisions multiples,,,,,,,,,,,1,1,1,1.0,5.0
201000055881,0010-03-29 17:15:00,10,3,29,17,15,950,500,AUTOROUTE A15,,,Plein jour,Hors agglomération,Hors intersection,Pluie légère,Deux véhicules - arrière,,,,,,,,,,,1,1,1,2.0,2.0
201000055882,0010-03-29 18:30:00,10,3,29,18,30,950,306,AUTOROUTE A15,,,Plein jour,Hors agglomération,Hors intersection,Pluie forte,Autre collision,,,,,,,,,,,1,1,1,3.0,6.0
201000055883,0010-03-30 07:40:00,10,3,30,7,40,950,582,RD 170,48.9628,2.2639,Nuit avec éclairage allumé,Hors agglomération,Hors intersection,Normale,Trois véhicules et plus - en chaîne,,,,,,,,,,,5,1,1,1.0,4.0
201000055884,0010-09-15 08:20:00,10,9,15,8,20,930,66,AUTOROUTE A1,,,Plein jour,Hors agglomération,Hors intersection,Pluie légère,Autre collision,,,,,,,,,,,1,1,1,2.0,6.0
201000055885,0010-09-15 15:45:00,10,9,15,15,45,950,527,RN 104,,,Plein jour,Hors agglomération,Hors intersection,Normale,Autre collision,,,,,,,,,,,1,1,1,1.0,6.0
201000055886,0010-09-20 01:05:00,10,9,20,1,5,930,64,AUTOROUTE A86,,,Nuit sans éclairage public,Hors agglomération,Hors intersection,Normale,Sans collision,,,,,,,,,,,3,1,1,1.0,7.0
201000055887,0010-09-20 07:50:00,10,9,20,7,50,930,78,AUTOROUTE A104,,,Plein jour,Hors agglomération,Hors intersection,Normale,Sans collision,,,,,,,,,,,1,1,1,1.0,7.0
201000055888,0010-09-20 08:40:00,10,9,20,8,40,930,10,AUTOROUTE A3,,,Plein jour,Hors agglomération,Hors intersection,Normale,Trois véhicules et plus - collisions multiples,,,,,,,,,,,1,1,1,1.0,5.0
201000055889,0010-09-27 16:30:00,10,9,27,16,30,930,27,AUTOROUTE A86,,,Plein jour,Hors agglomération,Hors intersection,Normale,Sans collision,,,,,,,,,,,1,1,1,1.0,7.0
201000055890,0010-09-22 11:50:00,10,9,22,11,50,950,582,AUTOROUTE A15,,,Plein jour,Hors agglomération,Hors intersection,Normale,Autre collision,,,,,,,,,,,1,1,1,1.0,6.0
201000055891,0010-09-22 13:00:00,10,9,22,13,0,950,252,AUTOROUTE A15,,,Plein jour,Hors agglomération,Hors intersection,Normale,Autre collision,,,,,,,,,,,1,1,1,1.0,6.0
201000055892,0010-09-22 12:15:00,10,9,22,12,15,930,1,AUTOROUTE A86,,,Plein jour,Hors agglomération,Hors intersection,Normale,Autre collision,,,,,,,,,,,1,1,1,1.0,6.0
201000055893,0010-09-30 08:00:00,10,9,30,8,0,950,365,RN 104,,,Plein jour,Hors agglomération,Hors intersection,Pluie légère,Autre collision,,,,,,,,,,,1,1,1,2.0,6.0
201000055894,0010-09-24 13:00:00,10,9,24,13,0,930,8,AUTOROUTE A86,,,Plein jour,Hors agglomération,Hors intersection,Normale,Deux véhicules - côté,,,,,,,,,,,1,1,1,1.0,3.0
201000055895,0010-09-24 17:00:00,10,9,24,17,0,930,27,AUTOROUTE A1,,,Plein jour,Hors agglomération,Hors intersection,Normale,Sans collision,,,,,,,,,,,1,1,1,1.0,7.0
201000055896,0010-09-24 18:00:00,10,9,24,18,0,920,36,AUTOROUTE A86,,,Plein jour,Hors agglomération,Hors intersection,Normale,Autre collision,,,,,,,,,,,1,1,1,1.0,6.0
201000055897,0010-09-24 19:58:00,10,9,24,19,58,950,424,AUTOROUTE A15,,,Nuit sans éclairage public,Hors agglomération,Hors intersection,Pluie légère,Autre collision,,,,,,,,,,,3,1,1,2.0,6.0
201000055898,0010-09-24 20:15:00,10,9,24,20,15,930,66,AUTOROUTE A1,,,Nuit avec éclairage allumé,Hors agglomération,Hors intersection,Normale,Autre collision,,,,,,,,,,,5,1,1,1.0,6.0
201000055899,0010-09-25 15:40:00,10,9,25,15,40,930,5,AUTOROUTE A3,,,Plein jour,Hors agglomération,Hors intersection,Pluie légère,Trois véhicules et plus - collisions multiples,,,,,,,,,,,1,1,1,2.0,5.0
201000055900,0010-09-26 20:30:00,10,9,26,20,30,930,1,AUTOROUTE A86,,,Nuit sans éclairage public,Hors agglomération,Hors intersection,Pluie forte,Deux véhicules - arrière,,,,,,,,,,,3,1,1,3.0,2.0
201000055901,0010-09-27 02:20:00,10,9,27,2,20,920,78,AUTOROUTE A86,,,Nuit avec éclairage non allumé,Hors agglomération,Hors intersection,Pluie légère,Autre collision,,,,,,,,,,,4,1,1,2.0,6.0
201000055902,0010-09-27 12:45:00,10,9,27,12,45,920,36,AUTOROUTE A86,,,Plein jour,Hors agglomération,Hors intersection,Normale,Deux véhicules - côté,,,,,,,,,,,1,1,1,1.0,3.0
201000055903,0010-09-28 09:30:00,10,9,28,9,30,930,63,AUTOROUTE A3,,,Plein jour,Hors agglomération,Hors intersection,Normale,Trois véhicules et plus - collisions multiples,,,,,,,,,,,1,1,1,1.0,5.0
201000055904,0010-09-30 20:20:00,10,9,30,20,20,930,66,AUTOROUTE A1,,,Nuit avec éclairage allumé,Hors agglomération,Hors intersection,Normale,Trois véhicules et plus - collisions multiples,,,,,,,,,,,5,1,1,1.0,5.0
201000055905,0010-10-01 18:30:00,10,10,1,18,30,930,10,AUTOROUTE A3,,,Plein jour,Hors agglomération,Hors intersection,Pluie légère,Sans collision,,,,,,,,,,,1,1,1,2.0,7.0
201000055906,0010-10-02 00:50:00,10,10,2,0,50,930,27,AUTOROUTE A86,,,Nuit sans éclairage public,Hors agglomération,Hors intersection,Pluie légère,Deux véhicules - arrière,,,,,,,,,,,3,1,1,2.0,2.0
201000055907,0010-10-02 06:40:00,10,10,2,6,40,930,78,AUTOROUTE A104,,,Nuit sans éclairage public,Hors agglomération,Hors intersection,Pluie légère,Deux véhicules - côté,,,,,,,,,,,3,1,1,2.0,3.0
201000055908,0010-10-02 08:00:00,10,10,2,8,0,950,582,A15,,,Plein jour,Hors agglomération,Hors intersection,Pluie légère,Trois véhicules et plus - collisions multiples,,,,,,,,,,,1,1,1,2.0,5.0
201000055909,0010-10-02 09:25:00,10,10,2,9,25,930,27,AUTOROUTE A86,,,Plein jour,Hors agglomération,Hors intersection,Temps couvert,Sans collision,,,,,,,,,,,1,1,1,8.0,7.0
201000055910,0010-10-03 12:00:00,10,10,3,12,0,930,78,AUTOROUTE A104,,,Plein jour,Hors agglomération,Hors intersection,Normale,Trois véhicules et plus - collisions multiples,,,,,,,,,,,1,1,1,1.0,5.0
201000055911,0010-10-03 16:20:00,10,10,3,16,20,930,63,AUTOROUTE A3,,,Plein jour,Hors agglomération,Hors intersection,Normale,Deux véhicules - arrière,,,,,,,,,,,1,1,1,1.0,2.0
201000055912,0010-10-03 16:45:00,10,10,3,16,45,930,5,AUTOROUTE A3,,,Plein jour,Hors agglomération,Hors intersection,Normale,Deux véhicules - côté,,,,,,,,,,,1,1,1,1.0,3.0
201000055913,0010-10-03 19:20:00,10,10,3,19,20,950,176,A15,,,Nuit sans éclairage public,Hors agglomération,Hors intersection,Pluie légère,Deux véhicules - côté,,,,,,,,,,,3,1,1,2.0,3.0
201000055914,0010-10-03 21:20:00,10,10,3,21,20,930,66,AUTOROUTE A1,,,Nuit sans éclairage public,Hors agglomération,Hors intersection,Normale,Trois véhicules et plus - en chaîne,,,,,,,,,,,3,1,1,1.0,4.0
201000055915,0010-10-04 05:40:00,10,10,4,5,40,930,7,AUTOROUTE A3,,,Crépuscule ou aube,Hors agglomération,Hors intersection,Pluie légère,Deux véhicules - côté,,,,,,,,,,,2,1,1,2.0,3.0
201000055916,0010-10-04 07:00:00,10,10,4,7,0,930,10,AUTOROUTE A3,,,Crépuscule ou aube,Hors agglomération,Hors intersection,Temps couvert,Deux véhicules - côté,,,,,,,,,,,2,1,1,8.0,3.0
201000055917,0010-10-04 09:00:00,10,10,4,9,0,950,60,A115,,,Plein jour,Hors agglomération,Hors intersection,Pluie légère,Sans collision,,,,,,,,,,,1,1,1,2.0,7.0
201000055918,0010-10-04 08:30:00,10,10,4,8,30,950,219,A115,,,Plein jour,Hors agglomération,Hors intersection,Normale,Deux véhicules - arrière,,,,,,,,,,,1,1,1,1.0,2.0
201000055919,0010-10-04 10:55:00,10,10,4,10,55,950,60,A115,,,Plein jour,Hors agglomération,Hors intersection,Pluie légère,Sans collision,,,,,,,,,,,1,1,1,2.0,7.0
201000055920,0010-10-05 06:10:00,10,10,5,6,10,930,1,AUTOROUTE A86,,,Crépuscule ou aube,Hors agglomération,Hors intersection,Temps couvert,Autre collision,,,,,,,,,,,2,1,1,8.0,6.0
201000055921,0010-10-05 06:15:00,10,10,5,6,15,930,27,AUTOROUTE A86,,,Nuit sans éclairage public,Hors agglomération,Hors intersection,Pluie légère,Sans collision,,,,,,,,,,,3,1,1,2.0,7.0
201000055922,0010-10-05 09:00:00,10,10,5,9,0,950,678,RN 104,,,Plein jour,Hors agglomération,Hors intersection,Pluie légère,Sans collision,,,,,,,,,,,1,1,1,2.0,7.0
201000055923,0010-10-05 08:10:00,10,10,5,8,10,950,582,AUTOROUTE A115,,,Plein jour,Hors agglomération,Hors intersection,Pluie légère,Deux véhicules - côté,,,,,,,,,,,1,1,1,2.0,3.0
201000055924,0010-10-06 20:40:00,10,10,6,20,40,950,18,RD 170,48.9615,2.2616,Nuit sans éclairage public,Hors agglomération,Hors intersection,Pluie légère,Autre collision,,,,,,,,,,,3,1,1,2.0,6.0
201000055925,0010-10-08 08:30:00,10,10,8,8,30,950,582,AUTOROUTE A15,,,Plein jour,Hors agglomération,Hors intersection,Normale,Sans collision,,,,,,,,,,,1,1,1,1.0,7.0
201000055926,0010-10-08 09:50:00,10,10,8,9,50,950,18,AUTOROUTE A15,,,Plein jour,Hors agglomération,Hors intersection,Normale,Trois véhicules et plus - en chaîne,,,,,,,,,,,1,1,1,1.0,4.0
201000055927,0010-10-09 12:20:00,10,10,9,12,20,950,641,AUTOROUTE A1,,,Plein jour,Hors agglomération,Hors intersection,Normale,Autre collision,,,,,,,,,,,1,1,1,1.0,6.0
201000055928,0010-10-11 08:30:00,10,10,11,8,30,930,64,AUTOROUTE A103,,,Plein jour,Hors agglomération,Hors intersection,Normale,Sans collision,,,,,,,,,,,1,1,1,1.0,7.0
201000055929,0010-10-12 13:30:00,10,10,12,13,30,950,351,RN 104,,,Plein jour,Hors agglomération,Hors intersection,Normale,Deux véhicules - arrière,,,,,,,,,,,1,1,1,1.0,2.0
201000055930,0010-10-13 18:20:00,10,10,13,18,20,930,1,AUTOROUTE A86,,,Plein jour,Hors agglomération,Hors intersection,Normale,Autre collision,,,,,,,,,,,1,1,1,1.0,6.0
201000055931,0010-10-14 09:00:00,10,10,14,9,0,930,64,AUTOROUTE A86,,,Plein jour,Hors agglomération,Hors intersection,Normale,Autre collision,,,,,,,,,,,1,1,1,1.0,6.0
201000055932,0010-10-14 16:25:00,10,10,14,16,25,930,10,AUTOROUTE A3,,,Plein jour,Hors agglomération,Hors intersection,Normale,Autre collision,,,,,,,,,,,1,1,1,1.0,6.0
201000055933,0010-10-15 09:00:00,10,10,15,9,0,950,572,A15,,,Plein jour,Hors agglomération,Hors intersection,Normale,Deux véhicules - arrière,,,,,,,,,,,1,1,1,1.0,2.0
201000055934,0010-10-15 09:40:00,10,10,15,9,40,950,394,ROUTE NATIONALE 184,,,Plein jour,Hors agglomération,Hors intersection,Normale,Autre collision,,,,,,,,,,,1,1,1,1.0,6.0
201000055935,0010-10-15 16:30:00,10,10,15,16,30,930,13,AUTOROUTE A1,,,Plein jour,Hors agglomération,Hors intersection,Normale,Deux véhicules - arrière,,,,,,,,,,,1,1,1,1.0,2.0
201000055936,0010-10-15 18:40:00,10,10,15,18,40,930,5,AUTOROUTE A3,,,Plein jour,Hors agglomération,Hors intersection,Normale,Autre collision,,,,,,,,,,,1,1,1,1.0,6.0
201000055937,0010-10-17 07:25:00,10,10,17,7,25,950,18,RD 170,48.9605,2.2594,Crépuscule ou aube,Hors agglomération,Hors intersection,Pluie légère,Autre collision,,,,,,,,,,,2,1,1,2.0,6.0
201000055938,0010-10-16 08:20:00,10,10,16,8,20,930,78,AUTOROUTE A104,,,Plein jour,Hors agglomération,Hors intersection,Normale,Autre collision,,,,,,,,,,,1,1,1,1.0,6.0
201000055939,0010-10-16 09:20:00,10,10,16,9,20,930,27,AUTOROUTE A86,,,Plein jour,Hors agglomération,Hors intersection,Normale,Autre collision,,,,,,,,,,,1,1,1,1.0,6.0
201000055940,0010-10-17 10:30:00,10,10,17,10,30,930,53,AUTOROUTE A103,,,Plein jour,Hors agglomération,Hors intersection,Normale,Sans collision,,,,,,,,,,,1,1,1,1.0,7.0
201000055941,0010-10-17 13:00:00,10,10,17,13,0,950,527,AUTOROUTE A3,,,Plein jour,Hors agglomération,Hors intersection,Normale,Autre collision,,,,,,,,,,,1,1,1,1.0,6.0
201000055942,0010-10-18 15:20:00,10,10,18,15,20,930,66,AUTOROUTE A1,,,Plein jour,Hors agglomération,Hors intersection,Normale,Deux véhicules - arrière,,,,,,,,,,,1,1,1,1.0,2.0
201000055943,0010-10-18 15:50:00,10,10,18,15,50,930,27,AUTOROUTE A86,,,Plein jour,Hors agglomération,Hors intersection,Normale,Deux véhicules - côté,,,,,,,,,,,1,1,1,1.0,3.0
201000055944,0010-10-20 07:40:00,10,10,20,7,40,950,252,A115,,,Plein jour,Hors agglomération,Hors intersection,Autre,Deux véhicules - côté,,,,,,,,,,,1,1,1,9.0,3.0
201000055945,0010-10-21 15:45:00,10,10,21,15,45,950,607,A115,,,Plein jour,Hors agglomération,Hors intersection,Normale,Sans collision,,,,,,,,,,,1,1,1,1.0,7.0
201000055946,0010-10-23 06:27:00,10,10,23,6,27,930,5,AUTOROUTE A3,,,Nuit avec éclairage non allumé,Hors agglomération,Hors intersection,Normale,Deux véhicules - arrière,,,,,,,,,,,4,1,1,1.0,2.0
201000055947,0010-10-23 21:45:00,10,10,23,21,45,950,582,A115,,,Nuit sans éclairage public,Hors agglomération,Hors intersection,Pluie légère,Sans collision,,,,,,,,,,,3,1,1,2.0,7.0
201000055948,0010-10-24 06:30:00,10,10,24,6,30,950,219,A115,,,Nuit avec éclairage allumé,Hors agglomération,Hors intersection,Normale,Sans collision,,,,,,,,,,,5,1,1,1.0,7.0
201000055949,0010-10-27 18:30:00,10,10,27,18,30,920,78,AUTOROUTE A86,,,Plein jour,Hors agglomération,Hors intersection,Normale,Trois véhicules et plus - collisions multiples,,,,,,,,,,,1,1,1,1.0,5.0
201000055950,0010-10-25 20:30:00,10,10,25,20,30,950,488,A15,,,Nuit sans éclairage public,Hors agglomération,Hors intersection,Normale,Deux véhicules - arrière,,,,,,,,,,,3,1,1,1.0,2.0
201000055951,0010-10-26 09:10:00,10,10,26,9,10,930,39,AUTOROUTE A86,,,Plein jour,Hors agglomération,Hors intersection,Normale,Trois véhicules et plus - en chaîne,,,,,,,,,,,1,1,1,1.0,4.0
201000055952,0010-10-27 11:30:00,10,10,27,11,30,930,1,AUTOROUTE A86,,,Plein jour,Hors agglomération,Hors intersection,Normale,Autre collision,,,,,,,,,,,1,1,1,1.0,6.0
201000055953,0010-10-28 12:15:00,10,10,28,12,15,930,53,AUTOROUTE A3,,,Plein jour,Hors agglomération,Hors intersection,Normale,Sans collision,,,,,,,,,,,1,1,1,1.0,7.0
201000055954,0010-10-30 06:30:00,10,10,30,6,30,930,27,AUTOROUTE A86,,,Nuit sans éclairage public,Hors agglomération,Hors intersection,Pluie légère,Sans collision,,,,,,,,,,,3,1,1,2.0,7.0
201000055955,0010-10-30 08:30:00,10,10,30,8,30,950,277,A104,48.9734,2.4857,Plein jour,Hors agglomération,Hors intersection,Pluie légère,Sans collision,,,,,,,,,,,1,1,1,2.0,7.0
201000055956,0010-03-04 13:30:00,10,3,4,13,30,930,6,AUTOROUTE A3,48.8694,2.42943,Plein jour,Hors agglomération,Hors intersection,Normale,Autre collision,,,,,,,,,,,1,1,1,1.0,6.0
201000055957,0010-10-31 06:30:00,10,10,31,6,30,950,154,A1,,,Nuit avec éclairage allumé,Hors agglomération,Hors intersection,Normale,Deux véhicules - arrière,,,,,,,,,,,5,1,1,1.0,2.0
201000055958,0010-11-02 18:35:00,10,11,2,18,35,950,678,ROUTE NATIONALE 184,,,Crépuscule ou aube,Hors agglomération,Hors intersection,Normale,Deux véhicules - arrière,,,,,,,,,,,2,1,1,1.0,2.0
201000055959,0010-11-03 08:30:00,10,11,3,8,30,950,678,ROUTE NATIONALE 184,,,Plein jour,Hors agglomération,Hors intersection,Pluie forte,Deux véhicules - côté,,,,,,,,,,,1,1,1,3.0,3.0
201000055960,0010-11-03 09:00:00,10,11,3,9,0,930,10,AUTOROUTE A3,,,Plein jour,Hors agglomération,Hors intersection,Normale,Autre collision,,,,,,,,,,,1,1,1,1.0,6.0
201000055961,0010-11-04 08:20:00,10,11,4,8,20,930,27,AUTOROUTE A1,,,Plein jour,Hors agglomération,Hors intersection,Normale,Autre collision,,,,,,,,,,,1,1,1,1.0,6.0
201000055962,0010-11-04 09:10:00,10,11,4,9,10,930,64,AUTOROUTE A86,,,Plein jour,Hors agglomération,Hors intersection,Normale,Deux véhicules - arrière,,,,,,,,,,,1,1,1,1.0,2.0
201000055963,0010-11-04 18:00:00,10,11,4,18,0,950,572,AUTOROUTE A15,,,Nuit sans éclairage public,Hors agglomération,Hors intersection,Normale,Deux véhicules - arrière,,,,,,,,,,,3,1,1,1.0,2.0
201000055964,0010-11-05 18:00:00,10,11,5,18,0,930,6,AUTOROUTE A3,,,Crépuscule ou aube,Hors agglomération,Hors intersection,Normale,Deux véhicules - côté,,,,,,,,,,,2,1,1,1.0,3.0
201000055965,0010-11-05 19:20:00,10,11,5,19,20,930,10,AUTOROUTE A3,,,Nuit sans éclairage public,Hors agglomération,Hors intersection,Normale,Deux véhicules - côté,,,,,,,,,,,3,1,1,1.0,3.0
201000055966,0010-11-07 06:15:00,10,11,7,6,15,950,277,AUTOROUTE A104,48.9734,2.4855,Crépuscule ou aube,Hors agglomération,Hors intersection,Pluie légère,Autre collision,,,,,,,,,,,2,1,1,2.0,6.0
201000055967,0010-11-07 06:30:00,10,11,7,6,30,930,27,AUTOROUTE A86,,,Crépuscule ou aube,Hors agglomération,Hors intersection,Pluie légère,Autre collision,,,,,,,,,,,2,1,1,2.0,6.0
201000055968,0010-11-07 08:15:00,10,11,7,8,15,930,78,AUTOROUTE A104,,,Plein jour,Hors agglomération,Hors intersection,Pluie légère,Deux véhicules - côté,,,,,,,,,,,1,1,1,2.0,3.0
201000055969,0010-11-07 09:20:00,10,11,7,9,20,920,78,AUTOROUTE A86,,,Plein jour,Hors agglomération,Hors intersection,Pluie légère,Sans collision,,,,,,,,,,,1,1,1,2.0,7.0
201000055970,0010-11-07 13:00:00,10,11,7,13,0,930,78,AUTOROUTE A104,,,Plein jour,Hors agglomération,Hors intersection,Pluie légère,Autre collision,,,,,,,,,,,1,1,1,2.0,6.0
201000055971,0010-11-07 13:50:00,10,11,7,13,50,930,78,AUTOROUTE A104,,,Plein jour,Hors agglomération,Hors intersection,Pluie légère,Autre collision,,,,,,,,,,,1,1,1,2.0,6.0
201000055972,0010-11-07 15:15:00,10,11,7,15,15,950,582,A115,,,Plein jour,Hors agglomération,Hors intersection,Pluie légère,Trois véhicules et plus - collisions multiples,,,,,,,,,,,1,1,1,2.0,5.0
201000055973,0010-11-07 15:30:00,10,11,7,15,30,600,612,AUTOROUTE A1,,,Plein jour,Hors agglomération,Hors intersection,Normale,Autre collision,,,,,,,,,,,1,1,1,1.0,6.0
201000055974,0010-11-07 17:00:00,10,11,7,17,0,950,582,A115,,,Crépuscule ou aube,Hors agglomération,Hors intersection,Normale,Autre collision,,,,,,,,,,,2,1,1,1.0,6.0
201000055975,0010-11-07 17:30:00,10,11,7,17,30,950,18,A15,,,Nuit avec éclairage allumé,Hors agglomération,Hors intersection,Pluie légère,Autre collision,,,,,,,,,,,5,1,1,2.0,6.0
201000055976,0010-11-07 14:00:00,10,11,7,14,0,950,277,A104,48.9736,2.486,Plein jour,Hors agglomération,Hors intersection,Pluie légère,Autre collision,,,,,,,,,,,1,1,1,2.0,6.0
201000055977,0010-11-08 09:00:00,10,11,8,9,0,950,18,A15,,,Plein jour,Hors agglomération,Hors intersection,Normale,Sans collision,,,,,,,,,,,1,1,1,1.0,7.0