accident_id,datetime,annee,mois,jour,heure,minute,departement,commune_insee,adresse,latitude,longitude,luminosite,agglomeration,intersection,meteo,collision,nb_vehicules,nb_usagers,nb_indemnes,nb_tues,nb_blesses_hosp,nb_blesses_legers,age_cond_1,age_cond_2,veh_type_cond_1,veh_type_cond_2,lum_code,agg_code,int_code,atm_code,col_code
201000055978,0010-11-08 15:20:00,10,11,8,15,20,950,527,A1,,,Plein jour,Hors agglomération,Hors intersection,Pluie légère,Deux véhicules - côté,,,,,,,,,,,1,1,1,2.0,3.0
201000055979,0010-11-08 18:15:00,10,11,8,18,15,950,582,RD 170,48.9635,2.2665,Nuit avec éclairage allumé,Hors agglomération,Hors intersection,Pluie légère,Trois véhicules et plus - collisions multiples,,,,,,,,,,,5,1,1,2.0,5.0
201000055980,0010-11-08 21:45:00,10,11,8,21,45,950,277,A104,48.9731,2.4859,Nuit avec éclairage non allumé,Hors agglomération,Hors intersection,Pluie légère,Deux véhicules - côté,,,,,,,,,,,4,1,1,2.0,3.0
201000055981,0010-11-09 07:40:00,10,11,9,7,40,950,563,A115,,,Crépuscule ou aube,Hors agglomération,Hors intersection,Pluie légère,Deux véhicules - arrière,,,,,,,,,,,2,1,1,2.0,2.0
201000055982,0010-11-09 09:00:00,10,11,9,9,0,950,527,A1,,,Plein jour,Hors agglomération,Hors intersection,Pluie légère,Sans collision,,,,,,,,,,,1,1,1,2.0,7.0
201000055983,0010-11-09 10:15:00,10,11,9,10,15,930,66,AUTOROUTE A86,,,Plein jour,Hors agglomération,Hors intersection,Pluie légère,Deux véhicules - arrière,,,,,,,,,,,1,1,1,2.0,2.0
201000055984,0010-11-09 10:45:00,10,11,9,10,45,950,582,A115,,,Plein jour,Hors agglomération,Hors intersection,Pluie légère,Sans collision,,,,,,,,,,,1,1,1,2.0,7.0
201000055985,0010-11-09 12:20:00,10,11,9,12,20,930,27,AUTOROUTE A86,,,Plein jour,Hors agglomération,Hors intersection,Pluie légère,Autre collision,,,,,,,,,,,1,1,1,2.0,6.0
201000055986,0010-11-09 11:45:00,10,11,9,11,45,950,582,A15,,,Plein jour,Hors agglomération,Hors intersection,Pluie légère,Sans collision,,,,,,,,,,,1,1,1,2.0,7.0
201000055987,0010-11-10 06:15:00,10,11,10,6,15,930,27,AUTOROUTE A86,,,Nuit sans éclairage public,Hors agglomération,Hors intersection,Pluie légère,Sans collision,,,,,,,,,,,3,1,1,2.0,7.0
201000055988,0010-11-10 08:30:00,10,11,10,8,30,950,277,RD 170,48.9758,2.4827,Plein jour,Hors agglomération,Hors intersection,Normale,Sans collision,,,,,,,,,,,1,1,1,1.0,7.0
201000055989,0010-11-10 08:50:00,10,11,10,8,50,950,394,A115,,,Plein jour,Hors agglomération,Hors intersection,Pluie légère,Sans collision,,,,,,,,,,,1,1,1,2.0,7.0
201000055990,0010-11-11 19:55:00,10,11,11,19,55,930,78,AUTOROUTE A104,,,Nuit sans éclairage public,Hors agglomération,Hors intersection,Pluie légère,Sans collision,,,,,,,,,,,3,1,1,2.0,7.0
201000055991,0010-11-11 23:00:00,10,11,11,23,0,920,36,AUTOROUTE A86,,,Nuit sans éclairage public,Hors agglomération,Hors intersection,Vent fort / tempête,Deux véhicules - côté,,,,,,,,,,,3,1,1,6.0,3.0
201000055992,0010-11-11 23:45:00,10,11,11,23,45,950,582,A15,,,Nuit sans éclairage public,Hors agglomération,Hors intersection,Vent fort / tempête,Autre collision,,,,,,,,,,,3,1,1,6.0,6.0
201000055993,0010-11-12 16:00:00,10,11,12,16,0,950,394,A115,,,Plein jour,Hors agglomération,Hors intersection,Pluie légère,Sans collision,,,,,,,,,,,1,1,1,2.0,7.0
201000055994,0010-11-13 05:00:00,10,11,13,5,0,950,527,A3,,,Nuit sans éclairage public,Hors agglomération,Hors intersection,Pluie légère,Sans collision,,,,,,,,,,,3,1,1,2.0,7.0
201000055995,0010-11-13 10:00:00,10,11,13,10,0,930,78,AUTOROUTE A104,,,Plein jour,Hors agglomération,Hors intersection,Pluie légère,Sans collision,,,,,,,,,,,1,1,1,2.0,7.0
201000055996,0010-11-13 10:55:00,10,11,13,10,55,930,27,AUTOROUTE A86,,,Plein jour,Hors agglomération,Hors intersection,Pluie légère,Trois véhicules et plus - collisions multiples,,,,,,,,,,,1,1,1,2.0,5.0
201000055997,0010-11-13 11:30:00,10,11,13,11,30,950,277,Autoroute A3,,,Plein jour,Hors agglomération,Hors intersection,Pluie forte,Deux véhicules - côté,,,,,,,,,,,1,1,1,3.0,3.0
201000055998,0010-11-13 11:50:00,10,11,13,11,50,930,78,AUTOROUTE A104,,,Plein jour,Hors agglomération,Hors intersection,Pluie légère,Sans collision,,,,,,,,,,,1,1,1,2.0,7.0
201000055999,0010-11-13 12:40:00,10,11,13,12,40,930,27,AUTOROUTE A86,,,Plein jour,Hors agglomération,Hors intersection,Pluie forte,Autre collision,,,,,,,,,,,1,1,1,3.0,6.0
201000056000,0010-11-13 13:30:00,10,11,13,13,30,930,78,AUTOROUTE A104,,,Plein jour,Hors agglomération,Hors intersection,Normale,Autre collision,,,,,,,,,,,1,1,1,1.0,6.0
201000056001,0010-11-13 17:00:00,10,11,13,17,0,930,1,AUTOROUTE A86,,,Plein jour,Hors agglomération,Hors intersection,Pluie légère,Autre collision,,,,,,,,,,,1,1,1,2.0,6.0
201000056002,0010-04-01 07:35:00,10,4,1,7,35,950,306,AUTOROUTE A15,,,Nuit sans éclairage public,Hors agglomération,Hors intersection,Normale,Autre collision,,,,,,,,,,,3,1,1,1.0,6.0
201000056003,0010-04-02 02:00:00,10,4,2,2,0,930,48,AUTOROUTE A3,48.8737,2.43705,Nuit avec éclairage allumé,Hors agglomération,Hors intersection,Normale,Sans collision,,,,,,,,,,,5,1,1,1.0,7.0
201000056004,0010-04-02 16:50:00,10,4,2,16,50,930,27,AUTOROUTE A1,48.9372,2.41063,Plein jour,Hors agglomération,Hors intersection,Normale,Deux véhicules - arrière,,,,,,,,,,,1,1,1,1.0,2.0
201000056005,0010-04-02 23:10:00,10,4,2,23,10,930,53,AUTOROUTE A3,48.8835,2.45873,Nuit avec éclairage allumé,Hors agglomération,Hors intersection,Normale,Deux véhicules - arrière,,,,,,,,,,,5,1,1,1.0,2.0
201000056006,0010-04-03 11:20:00,10,4,3,11,20,950,582,AUTOROUTE A15,,,Plein jour,Hors agglomération,Hors intersection,Pluie légère,Sans collision,,,,,,,,,,,1,1,1,2.0,7.0
201000056007,0010-11-14 08:00:00,10,11,14,8,0,930,78,AUTOROUTE A104,,,Plein jour,Hors agglomération,Hors intersection,Pluie légère,Autre collision,,,,,,,,,,,1,1,1,2.0,6.0
201000056008,0010-11-14 08:00:00,10,11,14,8,0,600,494,AUTOROUTE A1,,,Plein jour,Hors agglomération,Hors intersection,Pluie légère,Sans collision,,,,,,,,,,,1,1,1,2.0,7.0
201000056009,0010-11-14 09:20:00,10,11,14,9,20,920,36,AUTOROUTE A86,,,Plein jour,Hors agglomération,Hors intersection,Normale,Deux véhicules - côté,,,,,,,,,,,1,1,1,1.0,3.0
201000056010,0010-11-14 10:50:00,10,11,14,10,50,950,241,RN 104,,,Plein jour,Hors agglomération,Hors intersection,Pluie légère,Autre collision,,,,,,,,,,,1,1,1,2.0,6.0
201000056011,0010-11-14 13:01:00,10,11,14,13,1,950,582,AUTOROUTE A115,,,Plein jour,Hors agglomération,Hors intersection,Pluie légère,Autre collision,,,,,,,,,,,1,1,1,2.0,6.0
201000056012,0010-04-04 08:30:00,10,4,4,8,30,930,27,AUTOROUTE A1,48.9345,2.39693,Plein jour,Hors agglomération,Hors intersection,Pluie légère,Deux véhicules - arrière,,,,,,,,,,,1,1,1,2.0,2.0
201000056013,0010-04-04 08:50:00,10,4,4,8,50,930,5,AUTOROUTE A104,,,Plein jour,Hors agglomération,Hors intersection,Pluie légère,Sans collision,,,,,,,,,,,1,1,1,2.0,7.0
201000056014,0010-04-04 10:10:00,10,4,4,10,10,930,1,AUTOROUTE A86,48.9208,2.37196,Plein jour,Hors agglomération,Hors intersection,Pluie légère,Autre collision,,,,,,,,,,,1,1,1,2.0,6.0
201000056015,0010-04-04 12:30:00,10,4,4,12,30,930,78,AUTOROUTE A104,48.959,2.5276,Plein jour,Hors agglomération,Hors intersection,Normale,Sans collision,,,,,,,,,,,1,1,1,1.0,7.0
201000056016,0010-11-14 16:20:00,10,11,14,16,20,950,252,AUTOROUTE A15,,,Plein jour,Hors agglomération,Hors intersection,Pluie légère,Sans collision,,,,,,,,,,,1,1,1,2.0,7.0
201000056017,0010-11-14 15:50:00,10,11,14,15,50,950,582,AUTOROUTE A115,,,Plein jour,Hors agglomération,Hors intersection,Pluie légère,Sans collision,,,,,,,,,,,1,1,1,2.0,7.0
201000056018,0010-04-05 07:50:00,10,4,5,7,50,930,13,AUTOROUTE A1,48.9179,2.35724,Plein jour,Hors agglomération,Hors intersection,Normale,Autre collision,,,,,,,,,,,1,1,1,1.0,6.0
201000056019,0010-04-05 19:45:00,10,4,5,19,45,930,78,AUTOROUTE A104,48.9667,2.51364,Plein jour,Hors agglomération,Hors intersection,Normale,Sans collision,,,,,,,,,,,1,1,1,1.0,7.0
201000056020,0010-11-15 10:00:00,10,11,15,10,0,950,218,AUTOROUTE A15,,,Plein jour,Hors agglomération,Hors intersection,Normale,Deux véhicules - arrière,,,,,,,,,,,1,1,1,1.0,2.0
201000056021,0010-11-16 08:00:00,10,11,16,8,0,950,18,AUTOROUTE A15,,,Plein jour,Hors agglomération,Hors intersection,Normale,Trois véhicules et plus - en chaîne,,,,,,,,,,,1,1,1,1.0,4.0
201000056022,0010-04-07 09:00:00,10,4,7,9,0,920,36,AUTOROUTE A15,,,Plein jour,Hors agglomération,Hors intersection,Normale,Deux véhicules - arrière,,,,,,,,,,,1,1,1,1.0,2.0
201000056023,0010-04-09 12:15:00,10,4,9,12,15,930,48,AUTOROUTE A86,48.8646,2.48229,Plein jour,Hors agglomération,Hors intersection,Normale,Deux véhicules - côté,,,,,,,,,,,1,1,1,1.0,3.0
201000056024,0010-11-18 13:00:00,10,11,18,13,0,930,8,AUTOROUTE A86,,,Plein jour,Hors agglomération,Hors intersection,Normale,Autre collision,,,,,,,,,,,1,1,1,1.0,6.0
201000056025,0010-11-18 20:30:00,10,11,18,20,30,950,500,AUTOROUTE A15,,,Nuit sans éclairage public,Hors agglomération,Hors intersection,Pluie légère,Trois véhicules et plus - en chaîne,,,,,,,,,,,3,1,1,2.0,4.0
201000056026,0010-04-11 16:20:00,10,4,11,16,20,950,277,AUTOROUTE A104,48.9736,2.4863,Plein jour,Hors agglomération,Hors intersection,Normale,Autre collision,,,,,,,,,,,1,1,1,1.0,6.0
201000056027,0010-04-12 09:00:00,10,4,12,9,0,930,27,AUTOROUTE A1,48.9349,2.39959,Plein jour,Hors agglomération,Hors intersection,Normale,Autre collision,,,,,,,,,,,1,1,1,1.0,6.0
201000056028,0010-11-19 06:50:00,10,11,19,6,50,930,27,AUTOROUTE A86,,,Nuit sans éclairage public,Hors agglomération,Hors intersection,Normale,Deux véhicules - arrière,,,,,,,,,,,3,1,1,1.0,2.0
201000056029,0010-11-19 07:00:00,10,11,19,7,0,950,500,AUTOROUTE A15,,,Crépuscule ou aube,Hors agglomération,Hors intersection,Normale,Autre collision,,,,,,,,,,,2,1,1,1.0,6.0
201000056030,0010-11-19 08:30:00,10,11,19,8,30,930,27,AUTOROUTE A1,,,Plein jour,Hors agglomération,Hors intersection,Normale,Deux véhicules - arrière,,,,,,,,,,,1,1,1,1.0,2.0
201000056031,0010-11-19 10:00:00,10,11,19,10,0,950,18,AUTOROUTE A15,,,Plein jour,Hors agglomération,Hors intersection,Normale,Deux véhicules - arrière,,,,,,,,,,,1,1,1,1.0,2.0
201000056032,0010-11-19 11:10:00,10,11,19,11,10,950,500,AUTOROUTE A15,,,Plein jour,Hors agglomération,Hors intersection,Normale,Deux véhicules - arrière,,,,,,,,,,,1,1,1,1.0,2.0
201000056033,0010-04-14 08:15:00,10,4,14,8,15,930,66,AUTOROUTE A1,48.9293,2.36094,Plein jour,Hors agglomération,Hors intersection,Normale,Deux véhicules - côté,,,,,,,,,,,1,1,1,1.0,3.0
201000056034,0010-04-14 15:30:00,10,4,14,15,30,950,527,AUTOROUTE A3,,,Plein jour,Hors agglomération,Hors intersection,Normale,Deux véhicules - arrière,,,,,,,,,,,1,1,1,1.0,2.0
201000056035,0010-04-14 17:15:00,10,4,14,17,15,950,42,RN 104,,,Plein jour,Hors agglomération,Hors intersection,Normale,Deux véhicules - arrière,,,,,,,,,,,1,1,1,1.0,2.0
201000056036,0010-04-15 08:10:00,10,4,15,8,10,930,27,AUTOROUTE A1,48.936,2.40476,Plein jour,Hors agglomération,Hors intersection,Normale,Deux véhicules - côté,,,,,,,,,,,1,1,1,1.0,3.0
201000056037,0010-11-19 06:50:00,10,11,19,6,50,920,36,AUTOROUTE A15,,,Crépuscule ou aube,Hors agglomération,Hors intersection,Normale,Autre collision,,,,,,,,,,,2,1,1,1.0,6.0
201000056038,0010-11-20 10:25:00,10,11,20,10,25,920,78,AUTOROUTE A86,,,Plein jour,Hors agglomération,Hors intersection,Normale,Sans collision,,,,,,,,,,,1,1,1,1.0,7.0
201000056039,0010-11-21 10:35:00,10,11,21,10,35,930,78,AUTOROUTE A104,,,Plein jour,Hors agglomération,Hors intersection,Pluie légère,Autre collision,,,,,,,,,,,1,1,1,2.0,6.0
201000056040,0010-04-17 15:35:00,10,4,17,15,35,930,66,AUTOROUTE A1,48.9199,2.35735,Plein jour,Hors agglomération,Hors intersection,Normale,Autre collision,,,,,,,,,,,1,1,1,1.0,6.0
201000056041,0010-04-17 21:00:00,10,4,17,21,0,930,1,AUTOROUTE A86,48.9208,2.37196,Nuit sans éclairage public,Hors agglomération,Hors intersection,Normale,Autre collision,,,,,,,,,,,3,1,1,1.0,6.0
201000056042,0010-04-20 10:40:00,10,4,20,10,40,950,219,AUTOROUTE A115,,,Plein jour,Hors agglomération,Autre intersection,Normale,Deux véhicules - arrière,,,,,,,,,,,1,1,9,1.0,2.0
201000056043,0010-04-21 07:50:00,10,4,21,7,50,930,8,AUTOROUTE A86,48.9155,2.43045,Plein jour,Hors agglomération,Hors intersection,Normale,Sans collision,,,,,,,,,,,1,1,1,1.0,7.0
201000056044,0010-04-21 12:20:00,10,4,21,12,20,920,36,AUTOROUTE A15,,,Plein jour,Hors agglomération,Hors intersection,Normale,Sans collision,,,,,,,,,,,1,1,1,1.0,7.0
201000056045,0010-04-22 21:00:00,10,4,22,21,0,930,29,AUTOROUTE A86,48.9248,2.42591,Crépuscule ou aube,Hors agglomération,Hors intersection,Normale,Deux véhicules - arrière,,,,,,,,,,,2,1,1,1.0,2.0
201000056046,0010-04-23 00:15:00,10,4,23,0,15,950,365,R.N. 104,,,Nuit sans éclairage public,Hors agglomération,Hors intersection,Normale,Autre collision,,,,,,,,,,,3,1,1,1.0,6.0
201000056047,0010-04-25 14:00:00,10,4,25,14,0,950,424,AUTOROUTE A15,,,Plein jour,Hors agglomération,Hors intersection,Normale,Sans collision,,,,,,,,,,,1,1,1,1.0,7.0
201000056048,0010-04-25 18:40:00,10,4,25,18,40,930,64,AUTOROUTE A86,48.87,2.48252,Plein jour,Hors agglomération,Hors intersection,Normale,Trois véhicules et plus - collisions multiples,,,,,,,,,,,1,1,1,1.0,5.0
201000056049,0010-11-24 19:30:00,10,11,24,19,30,920,36,AUTOROUTE A86,,,Nuit avec éclairage allumé,Hors agglomération,Hors intersection,Pluie légère,Deux véhicules - arrière,,,,,,,,,,,5,1,1,2.0,2.0
201000056050,0010-04-26 19:15:00,10,4,26,19,15,950,555,RD 170,48.9745,2.2775,Plein jour,Hors agglomération,Hors intersection,Normale,Deux véhicules - arrière,,,,,,,,,,,1,1,1,1.0,2.0
201000056051,0010-11-25 17:15:00,10,11,25,17,15,950,18,AUTOROUTE A15,,,Nuit sans éclairage public,Hors agglomération,Hors intersection,Normale,Sans collision,,,,,,,,,,,3,1,1,1.0,7.0
201000056052,0010-11-25 18:20:00,10,11,25,18,20,930,66,AUTOROUTE A1,,,Nuit sans éclairage public,Hors agglomération,Hors intersection,Pluie légère,Sans collision,,,,,,,,,,,3,1,1,2.0,7.0
201000056053,0010-04-28 09:15:00,10,4,28,9,15,950,424,AUTOROUTE A15,,,Plein jour,Hors agglomération,Hors intersection,Normale,Sans collision,,,,,,,,,,,1,1,1,1.0,7.0
201000056054,0010-11-26 15:40:00,10,11,26,15,40,930,8,AUTOROUTE A86,,,Plein jour,Hors agglomération,Hors intersection,Normale,Deux véhicules - côté,,,,,,,,,,,1,1,1,1.0,3.0
201000056055,0010-11-26 18:00:00,10,11,26,18,0,930,5,AUTOROUTE A3,,,Nuit sans éclairage public,Hors agglomération,Hors intersection,Normale,Deux véhicules - côté,,,,,,,,,,,3,1,1,1.0,3.0
201000056056,0010-11-29 18:40:00,10,11,29,18,40,930,66,AUTOROUTE A1,,,Nuit sans éclairage public,Hors agglomération,Hors intersection,Normale,Sans collision,,,,,,,,,,,3,1,1,1.0,7.0
201000056057,0010-11-29 22:00:00,10,11,29,22,0,950,500,AUTOROUTE A15,,,Nuit sans éclairage public,Hors agglomération,Hors intersection,Pluie légère,Trois véhicules et plus - collisions multiples,,,,,,,,,,,3,1,1,2.0,5.0
201000056058,0010-12-01 00:20:00,10,12,1,0,20,950,582,RD 170,48.9625,2.2636,Nuit sans éclairage public,Hors agglomération,Hors intersection,Normale,Sans collision,,,,,,,,,,,3,1,1,1.0,7.0
201000056059,0010-12-02 07:05:00,10,12,2,7,5,950,678,R.N. 104,,,Nuit sans éclairage public,Hors agglomération,Hors intersection,Neige / grêle,Autre collision,,,,,,,,,,,3,1,1,4.0,6.0
201000056060,0010-12-02 10:30:00,10,12,2,10,30,930,73,AUTOROUTE A104,,,Plein jour,Hors agglomération,Hors intersection,Normale,Sans collision,,,,,,,,,,,1,1,1,1.0,7.0
201000056061,0010-12-02 17:15:00,10,12,2,17,15,950,527,AUTOROUTE A1,,,Nuit sans éclairage public,Hors agglomération,Hors intersection,Normale,Sans collision,,,,,,,,,,,3,1,1,1.0,7.0
201000056062,0010-12-02 19:35:00,10,12,2,19,35,950,582,AUTOROUTE A15,,,Nuit sans éclairage public,Hors agglomération,Hors intersection,Normale,Sans collision,,,,,,,,,,,3,1,1,1.0,7.0
201000056063,0010-12-02 19:15:00,10,12,2,19,15,950,582,AUTOROUTE A115,,,Nuit sans éclairage public,Hors agglomération,Hors intersection,Normale,Sans collision,,,,,,,,,,,3,1,1,1.0,7.0
201000056064,0010-12-03 06:55:00,10,12,3,6,55,950,582,AUTOROUTE A15,,,Nuit sans éclairage public,Hors agglomération,Hors intersection,Autre,Autre collision,,,,,,,,,,,3,1,1,9.0,6.0
201000056065,0010-12-03 09:35:00,10,12,3,9,35,950,306,AUTOROUTE A15,,,Plein jour,Hors agglomération,Hors intersection,Normale,Autre collision,,,,,,,,,,,1,1,1,1.0,6.0
201000056066,0010-12-04 02:40:00,10,12,4,2,40,930,29,AUTOROUTE A86,,,Nuit avec éclairage allumé,Hors agglomération,Hors intersection,Normale,Autre collision,,,,,,,,,,,5,1,1,1.0,6.0
201000056067,0010-12-04 09:25:00,10,12,4,9,25,930,27,AUTOROUTE A1,,,Plein jour,Hors agglomération,Hors intersection,Normale,Deux véhicules - côté,,,,,,,,,,,1,1,1,1.0,3.0
201000056068,0010-12-06 13:00:00,10,12,6,13,0,930,8,AUTOROUTE A86,,,Plein jour,Hors agglomération,Hors intersection,Normale,Deux véhicules - arrière,,,,,,,,,,,1,1,1,1.0,2.0
201000056069,0010-12-06 16:50:00,10,12,6,16,50,930,78,AUTOROUTE A104,,,Plein jour,Hors agglomération,Hors intersection,Normale,Deux véhicules - arrière,,,,,,,,,,,1,1,1,1.0,2.0
201000056070,0010-12-06 19:55:00,10,12,6,19,55,950,572,AUTOROUTE A15,,,Nuit sans éclairage public,Hors agglomération,Hors intersection,Normale,Deux véhicules - arrière,,,,,,,,,,,3,1,1,1.0,2.0
201000056071,0010-12-07 12:20:00,10,12,7,12,20,930,48,AUTOROUTE A1086,,,Plein jour,Hors agglomération,Hors intersection,Neige / grêle,Deux véhicules - arrière,,,,,,,,,,,1,1,1,4.0,2.0
201000056072,0010-12-09 09:45:00,10,12,9,9,45,950,527,AUTOROUTE A1,,,Plein jour,Hors agglomération,Hors intersection,Neige / grêle,Autre collision,,,,,,,,,,,1,1,1,4.0,6.0
201000056073,0010-12-11 13:45:00,10,12,11,13,45,950,607,AUTOROUTE A115,,,Plein jour,Hors agglomération,Hors intersection,Normale,Autre collision,,,,,,,,,,,1,1,1,1.0,6.0
201000056074,0010-12-11 20:00:00,10,12,11,20,0,930,66,AUTOROUTE A1,,,Nuit avec éclairage allumé,Hors agglomération,Hors intersection,Normale,Deux véhicules - côté,,,,,,,,,,,5,1,1,1.0,3.0
201000056075,0010-12-11 21:10:00,10,12,11,21,10,930,66,AUTOROUTE A1,,,Nuit avec éclairage allumé,Hors agglomération,Hors intersection,Normale,Trois véhicules et plus - en chaîne,,,,,,,,,,,5,1,1,1.0,4.0
201000056076,0010-12-14 07:45:00,10,12,14,7,45,930,5,AUTOROUTE A3,,,Crépuscule ou aube,Hors agglomération,Hors intersection,Normale,Deux véhicules - côté,,,,,,,,,,,2,1,1,1.0,3.0
201000056077,0010-12-15 08:10:00,10,12,15,8,10,950,607,AUTOROUTE A115,,,Nuit sans éclairage public,Hors agglomération,Hors intersection,Normale,Deux véhicules - côté,,,,,,,,,,,3,1,1,1.0,3.0
201000056078,0010-12-15 10:05:00,10,12,15,10,5,930,66,AUTOROUTE A1,,,Plein jour,Hors agglomération,Hors intersection,Normale,Deux véhicules - côté,,,,,,,,,,,1,1,1,1.0,3.0
201000056079,0010-12-16 09:30:00,10,12,16,9,30,950,582,AUTOROUTE A15,,,Plein jour,Hors agglomération,Hors intersection,Normale,Sans collision,,,,,,,,,,,1,1,1,1.0,7.0
201000056080,0010-12-17 18:30:00,10,12,17,18,30,950,154,AUTOROUTE A1,,,Nuit avec éclairage allumé,Hors agglomération,Hors intersection,Pluie légère,Trois véhicules et plus - en chaîne,,,,,,,,,,,5,1,1,2.0,4.0
201000056081,0010-12-18 06:00:00,10,12,18,6,0,950,241,RN 104,,,Nuit sans éclairage public,Hors agglomération,Hors intersection,Neige / grêle,Deux véhicules - arrière,,,,,,,,,,,3,1,1,4.0,2.0
201000056082,0010-12-19 00:10:00,10,12,19,0,10,950,582,AUTOROUTE A15,,,Nuit sans éclairage public,Hors agglomération,Hors intersection,Neige / grêle,Sans collision,,,,,,,,,,,3,1,1,4.0,7.0
201000056083,0010-12-19 06:30:00,10,12,19,6,30,930,53,AUTOROUTE A3,,,Nuit avec éclairage allumé,Hors agglomération,Hors intersection,Neige / grêle,Trois véhicules et plus - en chaîne,,,,,,,,,,,5,1,1,4.0,4.0
201000056084,0010-12-19 23:35:00,10,12,19,23,35,930,27,AUTOROUTE A86,,,Nuit sans éclairage public,Hors agglomération,Hors intersection,Pluie légère,Autre collision,,,,,,,,,,,3,1,1,2.0,6.0
201000056085,0010-12-21 08:45:00,10,12,21,8,45,930,6,AUTOROUTE A3,,,Plein jour,Hors agglomération,Hors intersection,Normale,Deux véhicules - arrière,,,,,,,,,,,1,1,1,1.0,2.0
201000056086,0010-12-25 12:45:00,10,12,25,12,45,600,494,AUTOROUTE A1,,,Plein jour,Hors agglomération,Hors intersection,Normale,Trois véhicules et plus - collisions multiples,,,,,,,,,,,1,1,1,1.0,5.0
201000056087,0010-12-28 06:15:00,10,12,28,6,15,920,36,AUTOROUTE A15,,,Crépuscule ou aube,Hors agglomération,Hors intersection,Normale,Sans collision,,,,,,,,,,,2,1,1,1.0,7.0
201000056088,0010-05-16 18:00:00,10,5,16,18,0,930,10,AUTOROUTE A3,48.9067,2.47229,Plein jour,Hors agglomération,Hors intersection,Normale,Deux véhicules - arrière,,,,,,,,,,,1,1,1,1.0,2.0
201000056089,0010-05-01 18:30:00,10,5,1,18,30,930,66,AUTOROUTE A1,48.9326,2.3744,Plein jour,Hors agglomération,Hors intersection,Normale,Trois véhicules et plus - collisions multiples,,,,,,,,,,,1,1,1,1.0,5.0
201000056090,0010-05-02 13:00:00,10,5,2,13,0,930,27,AUTOROUTE A86,48.9219,2.37785,Plein jour,Hors agglomération,Hors intersection,Normale,Sans collision,,,,,,,,,,,1,1,1,1.0,7.0
201000056091,0010-05-03 10:20:00,10,5,3,10,20,920,78,AUTOROUTE A86,,,Plein jour,Hors agglomération,Hors intersection,Normale,Deux véhicules - arrière,,,,,,,,,,,1,1,1,1.0,2.0
201000056092,0010-05-05 23:20:00,10,5,5,23,20,930,7,AUTOROUTE A1,48.9427,2.43304,Nuit sans éclairage public,Hors agglomération,Hors intersection,Normale,Trois véhicules et plus - collisions multiples,,,,,,,,,,,3,1,1,1.0,5.0
201000056093,0010-05-06 19:15:00,10,5,6,19,15,930,66,AUTOROUTE A1,48.9252,2.35689,Plein jour,Hors agglomération,Hors intersection,Normale,Deux véhicules - arrière,,,,,,,,,,,1,1,1,1.0,2.0
201000056094,0010-05-06 13:20:00,10,5,6,13,20,950,277,AUTOROUTE A3,48.9679,2.4774,Plein jour,Hors agglomération,Hors intersection,Normale,Trois véhicules et plus - collisions multiples,,,,,,,,,,,1,1,1,1.0,5.0
201000056095,0010-05-07 12:10:00,10,5,7,12,10,930,64,AUTOROUTE A86,48.8639,2.48248,Plein jour,Hors agglomération,Hors intersection,Normale,Deux véhicules - côté,,,,,,,,,,,1,1,1,1.0,3.0
201000056096,0010-05-07 17:20:00,10,5,7,17,20,930,66,AUTOROUTE A86,48.9265,2.33658,Plein jour,Hors agglomération,Hors intersection,Normale,Autre collision,,,,,,,,,,,1,1,1,1.0,6.0
201000056097,0010-05-09 06:30:00,10,5,9,6,30,930,64,AUTOROUTE A3,48.8838,2.4682,Crépuscule ou aube,Hors agglomération,Hors intersection,Pluie légère,Sans collision,,,,,,,,,,,2,1,1,2.0,7.0
201000056098,0010-05-10 07:20:00,10,5,10,7,20,950,563,AUTOROUTE A115,,,Plein jour,Hors agglomération,Hors intersection,Normale,Deux véhicules - côté,,,,,,,,,,,1,1,1,1.0,3.0
201000056099,0010-05-15 14:30:00,10,5,15,14,30,950,306,AUTOROUTE A15,,,Plein jour,Hors agglomération,Hors intersection,Normale,Autre collision,,,,,,,,,,,1,1,1,1.0,6.0
201000056100,0010-05-16 17:20:00,10,5,16,17,20,930,64,AUTOROUTE A86,48.8839,2.46943,Plein jour,Hors agglomération,Hors intersection,Normale,Autre collision,,,,,,,,,,,1,1,1,1.0,6.0
201000056101,0010-05-16 20:15:00,10,5,16,20,15,920,36,AUTOROUTE A15,,,Plein jour,Hors agglomération,Hors intersection,Normale,Deux véhicules - arrière,,,,,,,,,,,1,1,1,1.0,2.0
201000056102,0010-05-17 15:10:00,10,5,17,15,10,930,66,AUTOROUTE A1,48.9088,2.35836,Plein jour,Hors agglomération,Hors intersection,Normale,Deux véhicules - côté,,,,,,,,,,,1,1,1,1.0,3.0
201000056103,0010-05-19 18:30:00,10,5,19,18,30,930,66,AUTOROUTE A86,48.9223,2.35873,Plein jour,Hors agglomération,Hors intersection,Normale,Deux véhicules - côté,,,,,,,,,,,1,1,1,1.0,3.0
201000056104,0010-05-19 09:09:00,10,5,19,9,9,930,8,AUTOROUTE A86,48.9089,2.44886,Plein jour,Hors agglomération,Hors intersection,Normale,Deux véhicules - arrière,,,,,,,,,,,1,1,1,1.0,2.0
201000056105,0010-05-20 07:15:00,10,5,20,7,15,930,27,AUTOROUTE A1,48.9381,2.41367,Plein jour,Hors agglomération,Hors intersection,Normale,Trois véhicules et plus - en chaîne,,,,,,,,,,,1,1,1,1.0,4.0
201000056106,0010-05-20 17:00:00,10,5,20,17,0,930,13,AUTOROUTE A1,48.9388,2.41706,Plein jour,Hors agglomération,Hors intersection,Normale,Deux véhicules - arrière,,,,,,,,,,,1,1,1,1.0,2.0