accident_id,datetime,annee,mois,jour,heure,minute,departement,commune_insee,adresse,latitude,longitude,luminosite,agglomeration,intersection,meteo,collision,nb_vehicules,nb_usagers,nb_indemnes,nb_tues,nb_blesses_hosp,nb_blesses_legers,age_cond_1,age_cond_2,veh_type_cond_1,veh_type_cond_2,lum_code,agg_code,int_code,atm_code,col_code
201000056107,0010-05-20 17:36:00,10,5,20,17,36,930,66,AUTOROUTE A86,48.9228,2.34512,Plein jour,Hors agglomération,Hors intersection,Normale,Deux véhicules - arrière,,,,,,,,,,,1,1,1,1.0,2.0
201000056108,0010-05-21 15:45:00,10,5,21,15,45,930,53,AUTOROUTE A3,48.8814,2.45383,Plein jour,Hors agglomération,Hors intersection,Normale,Deux véhicules - côté,,,,,,,,,,,1,1,1,1.0,3.0
201000056109,0010-05-22 10:45:00,10,5,22,10,45,930,7,AUTOROUTE A3,48.9295,2.48137,Plein jour,Hors agglomération,Hors intersection,Normale,Trois véhicules et plus - en chaîne,,,,,,,,,,,1,1,1,1.0,4.0
201000056110,0010-05-25 09:25:00,10,5,25,9,25,950,527,AUTOROUTE A3,,,Plein jour,Hors agglomération,Hors intersection,Normale,Deux véhicules - côté,,,,,,,,,,,1,1,1,1.0,3.0
201000056111,0010-05-25 19:45:00,10,5,25,19,45,950,241,R.N. 104,,,Plein jour,Hors agglomération,Hors intersection,Pluie légère,Autre collision,,,,,,,,,,,1,1,1,2.0,6.0
201000056112,0010-05-25 22:40:00,10,5,25,22,40,930,78,AUTOROUTE A104,48.9582,2.53141,Nuit sans éclairage public,Hors agglomération,Hors intersection,Normale,Sans collision,,,,,,,,,,,3,1,1,1.0,7.0
201000056113,0010-05-26 18:45:00,10,5,26,18,45,930,63,AUTOROUTE A3,48.8753,2.44037,Plein jour,Hors agglomération,Hors intersection,Normale,Deux véhicules - côté,,,,,,,,,,,1,1,1,1.0,3.0
201000056114,0010-05-27 08:35:00,10,5,27,8,35,930,7,AUTOROUTE A3,48.9295,2.48137,Plein jour,Hors agglomération,Hors intersection,Normale,Deux véhicules - arrière,,,,,,,,,,,1,1,1,1.0,2.0
201000056115,0010-05-27 09:00:00,10,5,27,9,0,930,48,AUTOROUTE A86,48.8665,2.48142,Plein jour,Hors agglomération,Hors intersection,Normale,Autre collision,,,,,,,,,,,1,1,1,1.0,6.0
201000056116,0010-05-27 15:10:00,10,5,27,15,10,930,27,AUTOROUTE A1,48.9339,2.38389,Plein jour,Hors agglomération,Hors intersection,Pluie légère,Autre collision,,,,,,,,,,,1,1,1,2.0,6.0
201000056117,0010-05-28 05:30:00,10,5,28,5,30,930,78,AUTOROUTE A104,48.9715,2.49688,Nuit avec éclairage non allumé,Hors agglomération,Hors intersection,Normale,Deux véhicules - côté,,,,,,,,,,,4,1,1,1.0,3.0
201000056118,0010-05-28 10:20:00,10,5,28,10,20,930,48,AUTOROUTE A3,48.8723,2.43434,Plein jour,Hors agglomération,Hors intersection,Normale,Autre collision,,,,,,,,,,,1,1,1,1.0,6.0
201000056119,0010-05-29 14:50:00,10,5,29,14,50,930,6,AUTOROUTE A3,48.8701,2.4303,Plein jour,Hors agglomération,Hors intersection,Normale,Deux véhicules - côté,,,,,,,,,,,1,1,1,1.0,3.0
201000056120,0010-05-29 19:50:00,10,5,29,19,50,950,365,RN 104,,,Plein jour,Hors agglomération,Hors intersection,Pluie forte,Deux véhicules - côté,,,,,,,,,,,1,1,1,3.0,3.0
201000056121,0010-05-30 19:35:00,10,5,30,19,35,950,277,AUTOROUTE A104,48.9736,2.4863,Plein jour,Hors agglomération,Hors intersection,Normale,Deux véhicules - arrière,,,,,,,,,,,1,1,1,1.0,2.0
201000056122,0010-05-31 08:50:00,10,5,31,8,50,950,488,AUTOROUTE A15,,,Plein jour,Hors agglomération,Hors intersection,Normale,Trois véhicules et plus - en chaîne,,,,,,,,,,,1,1,1,1.0,4.0
201000056123,0010-05-31 09:25:00,10,5,31,9,25,930,27,AUTOROUTE A86,48.9269,2.40467,Plein jour,Hors agglomération,Hors intersection,Normale,Trois véhicules et plus - en chaîne,,,,,,,,,,,1,1,1,1.0,4.0
201000056124,0010-06-01 07:20:00,10,6,1,7,20,930,5,AUTOROUTE A3,48.9472,2.47579,Plein jour,Hors agglomération,Hors intersection,Normale,Deux véhicules - côté,,,,,,,,,,,1,1,1,1.0,3.0
201000056125,0010-06-01 13:45:00,10,6,1,13,45,950,563,AUTOROUTE A115,,,Plein jour,Hors agglomération,Hors intersection,Normale,Sans collision,,,,,,,,,,,1,1,1,1.0,7.0
201000056126,0010-06-02 05:50:00,10,6,2,5,50,920,36,AUTOROUTE A86,,,Plein jour,Hors agglomération,Hors intersection,Normale,Deux véhicules - arrière,,,,,,,,,,,1,1,1,1.0,2.0
201000056127,0010-06-03 09:20:00,10,6,3,9,20,930,6,AUTOROUTE A3,48.8664,2.4139,Plein jour,Hors agglomération,Hors intersection,Normale,Deux véhicules - côté,,,,,,,,,,,1,1,1,1.0,3.0
201000056128,0010-06-03 11:15:00,10,6,3,11,15,930,6,AUTOROUTE A3,48.8662,2.42256,Plein jour,Hors agglomération,Hors intersection,Normale,Deux véhicules - côté,,,,,,,,,,,1,1,1,1.0,3.0
201000056129,0010-06-03 12:05:00,10,6,3,12,5,930,64,AUTOROUTE A103,48.8853,2.48917,Plein jour,Hors agglomération,Hors intersection,Normale,Trois véhicules et plus - collisions multiples,,,,,,,,,,,1,1,1,1.0,5.0
201000056130,0010-06-03 16:00:00,10,6,3,16,0,920,78,AUTOROUTE A86,,,Plein jour,Hors agglomération,Hors intersection,Normale,Deux véhicules - arrière,,,,,,,,,,,1,1,1,1.0,2.0
201000056131,0010-06-04 14:00:00,10,6,4,14,0,930,5,AUTOROUTE A3,48.9573,2.47324,Plein jour,Hors agglomération,Hors intersection,Normale,Trois véhicules et plus - en chaîne,,,,,,,,,,,1,1,1,1.0,4.0
201000056132,0010-06-04 16:30:00,10,6,4,16,30,930,63,AUTOROUTE A3,48.8752,2.4399,Plein jour,Hors agglomération,Hors intersection,Normale,Trois véhicules et plus - collisions multiples,,,,,,,,,,,1,1,1,1.0,5.0
201000056133,0010-06-05 06:20:00,10,6,5,6,20,950,252,AUTOROUTE A15,,,Crépuscule ou aube,Hors agglomération,Hors intersection,Normale,Deux véhicules - côté,,,,,,,,,,,2,1,1,1.0,3.0
201000056134,0010-06-06 08:45:00,10,6,6,8,45,920,36,AUTOROUTE A15,,,Plein jour,Hors agglomération,Hors intersection,Normale,Trois véhicules et plus - collisions multiples,,,,,,,,,,,1,1,1,1.0,5.0
201000056135,0010-06-06 20:00:00,10,6,6,20,0,950,252,AUTOROUTE A15,,,Plein jour,Hors agglomération,Hors intersection,Normale,Deux véhicules - côté,,,,,,,,,,,1,1,1,1.0,3.0
201000056136,0010-06-08 06:00:00,10,6,8,6,0,950,572,AUTOROUTE A15,,,Plein jour,Hors agglomération,Hors intersection,Normale,Deux véhicules - arrière,,,,,,,,,,,1,1,1,1.0,2.0
201000056137,0010-06-07 18:00:00,10,6,7,18,0,930,8,AUTOROUTE A86,48.9018,2.46857,Plein jour,Hors agglomération,Hors intersection,Normale,Deux véhicules - côté,,,,,,,,,,,1,1,1,1.0,3.0
201000056138,0010-06-08 09:30:00,10,6,8,9,30,930,10,AUTOROUTE A3,48.9116,2.47579,Plein jour,Hors agglomération,Hors intersection,Normale,Deux véhicules - côté,,,,,,,,,,,1,1,1,1.0,3.0
201000056139,0010-06-08 08:00:00,10,6,8,8,0,930,8,AUTOROUTE A86,48.911,2.44213,Plein jour,Hors agglomération,Hors intersection,Normale,Deux véhicules - côté,,,,,,,,,,,1,1,1,1.0,3.0
201000056140,0010-06-09 09:00:00,10,6,9,9,0,950,18,A15,,,Plein jour,Hors agglomération,Hors intersection,Pluie légère,Sans collision,,,,,,,,,,,1,1,1,2.0,7.0
201000056141,0010-06-09 07:30:00,10,6,9,7,30,930,27,AUTOROUTE A86,48.9231,2.38226,Plein jour,Hors agglomération,Hors intersection,Pluie légère,Sans collision,,,,,,,,,,,1,1,1,2.0,7.0
201000056142,0010-06-09 09:15:00,10,6,9,9,15,930,64,AUTOROUTE A86,48.8788,2.47652,Plein jour,Hors agglomération,Hors intersection,Pluie légère,Deux véhicules - côté,,,,,,,,,,,1,1,1,2.0,3.0
201000056143,0010-06-09 10:15:00,10,6,9,10,15,930,64,AUTOROUTE A103,,,Plein jour,Hors agglomération,Hors intersection,Normale,Sans collision,,,,,,,,,,,1,1,1,1.0,7.0
201000056144,0010-06-09 20:55:00,10,6,9,20,55,950,256,A115,,,Plein jour,Hors agglomération,Hors intersection,Pluie légère,Autre collision,,,,,,,,,,,1,1,1,2.0,6.0
201000056145,0010-06-10 18:55:00,10,6,10,18,55,930,10,A3 - BONDY,48.9039,2.47149,Plein jour,Hors agglomération,Hors intersection,Normale,Deux véhicules - côté,,,,,,,,,,,1,1,1,1.0,3.0
201000056146,0010-06-10 18:30:00,10,6,10,18,30,930,6,AUTOROUTE A3,48.8663,2.41456,Plein jour,Hors agglomération,Hors intersection,Normale,Trois véhicules et plus - collisions multiples,,,,,,,,,,,1,1,1,1.0,5.0
201000056147,0010-06-11 00:35:00,10,6,11,0,35,950,394,AUTOROUTE A115,,,Nuit sans éclairage public,Hors agglomération,Hors intersection,Normale,Sans collision,,,,,,,,,,,3,1,1,1.0,7.0
201000056148,0010-06-11 05:45:00,10,6,11,5,45,930,66,AUTOROUTE A1,48.9317,2.37055,Crépuscule ou aube,Hors agglomération,Hors intersection,Normale,Autre collision,,,,,,,,,,,2,1,1,1.0,6.0
201000056149,0010-06-11 17:20:00,10,6,11,17,20,930,64,AUTOROUTE A103,,,Plein jour,Hors agglomération,Hors intersection,Normale,Autre collision,,,,,,,,,,,1,1,1,1.0,6.0
201000056150,0010-06-11 17:50:00,10,6,11,17,50,930,7,AUTOROUTE A3,48.9601,2.46678,Plein jour,Hors agglomération,Hors intersection,Normale,Deux véhicules - côté,,,,,,,,,,,1,1,1,1.0,3.0
201000056151,0010-06-12 08:15:00,10,6,12,8,15,930,66,AUTOROUTE A86,,,Plein jour,Hors agglomération,Hors intersection,Pluie légère,Deux véhicules - arrière,,,,,,,,,,,1,1,1,2.0,2.0
201000056152,0010-06-12 08:00:00,10,6,12,8,0,930,6,AUTOROUTE A3,,,Plein jour,Hors agglomération,Hors intersection,Pluie légère,Deux véhicules - arrière,,,,,,,,,,,1,1,1,2.0,2.0
201000056153,0010-06-12 12:40:00,10,6,12,12,40,930,1,AUTOROUTE A86,48.9219,2.37785,Plein jour,Hors agglomération,Hors intersection,Pluie légère,Deux véhicules - arrière,,,,,,,,,,,1,1,1,2.0,2.0
201000056154,0010-06-13 00:30:00,10,6,13,0,30,930,39,AUTOROUTE A86,48.9272,2.33481,Nuit sans éclairage public,Hors agglomération,Hors intersection,Normale,Sans collision,,,,,,,,,,,3,1,1,1.0,7.0
201000056155,0010-06-13 08:00:00,10,6,13,8,0,930,6,AUTOROUTE A3,48.8678,2.42772,Plein jour,Hors agglomération,Hors intersection,Normale,Trois véhicules et plus - en chaîne,,,,,,,,,,,1,1,1,1.0,4.0
201000056156,0010-06-14 09:00:00,10,6,14,9,0,950,527,RN 104,,,Plein jour,Hors agglomération,Hors intersection,Normale,Deux véhicules - côté,,,,,,,,,,,1,1,1,1.0,3.0
201000056157,0010-06-14 15:10:00,10,6,14,15,10,930,66,AUTOROUTE A86,48.9247,2.34055,Plein jour,Hors agglomération,Hors intersection,Pluie légère,Trois véhicules et plus - collisions multiples,,,,,,,,,,,1,1,1,2.0,5.0
201000056158,0010-06-15 09:50:00,10,6,15,9,50,930,1,AUTOROUTE A86,48.9208,2.37196,Plein jour,Hors agglomération,Hors intersection,Normale,Trois véhicules et plus - collisions multiples,,,,,,,,,,,1,1,1,1.0,5.0
201000056159,0010-06-17 14:10:00,10,6,17,14,10,930,7,AUTOROUTE A3,48.9586,2.46459,Plein jour,Hors agglomération,Hors intersection,Normale,Deux véhicules - côté,,,,,,,,,,,1,1,1,1.0,3.0
201000056160,0010-06-20 05:50:00,10,6,20,5,50,950,678,RN 104,,,Plein jour,Hors agglomération,Hors intersection,Normale,Sans collision,,,,,,,,,,,1,1,1,1.0,7.0
201000056161,0010-06-20 12:15:00,10,6,20,12,15,930,5,AUTOROUTE A3,48.9191,2.47868,Plein jour,Hors agglomération,Hors intersection,Normale,Sans collision,,,,,,,,,,,1,1,1,1.0,7.0
201000056162,0010-06-22 00:05:00,10,6,22,0,5,920,36,AUTOROUTE A15,,,Nuit sans éclairage public,Hors agglomération,Hors intersection,Normale,Trois véhicules et plus - collisions multiples,,,,,,,,,,,3,1,1,1.0,5.0
201000056163,0010-06-22 02:15:00,10,6,22,2,15,920,36,AUTOROUTE A15,,,Nuit sans éclairage public,Hors agglomération,Hors intersection,Normale,Autre collision,,,,,,,,,,,3,1,1,1.0,6.0
201000056164,0010-06-22 13:00:00,10,6,22,13,0,930,27,AUTOROUTE A1,48.9341,2.3921,Plein jour,Hors agglomération,Hors intersection,Normale,Deux véhicules - côté,,,,,,,,,,,1,1,1,1.0,3.0
201000056165,0010-06-22 17:00:00,10,6,22,17,0,930,66,AUTOROUTE A1,48.9202,2.3575,Plein jour,Hors agglomération,Hors intersection,Normale,Trois véhicules et plus - en chaîne,,,,,,,,,,,1,1,1,1.0,4.0
201000056166,0010-06-24 10:50:00,10,6,24,10,50,950,678,ROUTE NATIONALE 184,,,Plein jour,Hors agglomération,Hors intersection,Normale,Trois véhicules et plus - en chaîne,,,,,,,,,,,1,1,1,1.0,4.0
201000056167,0010-06-24 11:30:00,10,6,24,11,30,930,7,AUTOROUTE A3,48.9625,2.47089,Plein jour,Hors agglomération,Hors intersection,Normale,Deux véhicules - côté,,,,,,,,,,,1,1,1,1.0,3.0
201000056168,0010-06-24 19:05:00,10,6,24,19,5,930,27,AUTOROUTE A1,48.9355,2.40284,Plein jour,Hors agglomération,Hors intersection,Normale,Trois véhicules et plus - en chaîne,,,,,,,,,,,1,1,1,1.0,4.0
201000056169,0010-06-24 19:25:00,10,6,24,19,25,930,8,AUTOROUTE A86,48.9096,2.44634,Nuit avec éclairage allumé,Hors agglomération,Hors intersection,Normale,Deux véhicules - arrière,,,,,,,,,,,5,1,1,1.0,2.0
201000056170,0010-06-24 20:00:00,10,6,24,20,0,930,53,AUTOROUTE A103,48.9038,2.35852,Plein jour,Hors agglomération,Hors intersection,Normale,Sans collision,,,,,,,,,,,1,1,1,1.0,7.0
201000056171,0010-06-25 06:20:00,10,6,25,6,20,930,10,AUTOROUTE A3,48.8967,2.47006,Plein jour,Hors agglomération,Hors intersection,Normale,Deux véhicules - côté,,,,,,,,,,,1,1,1,1.0,3.0
201000056172,0010-06-25 20:45:00,10,6,25,20,45,930,8,AUTOROUTE A86,48.9114,2.4409,Plein jour,Hors agglomération,Hors intersection,Normale,Sans collision,,,,,,,,,,,1,1,1,1.0,7.0
201000056173,0010-06-27 16:20:00,10,6,27,16,20,920,36,AUTOROUTE A86,,,Plein jour,Hors agglomération,Hors intersection,Normale,Sans collision,,,,,,,,,,,1,1,1,1.0,7.0
201000056174,0010-06-29 08:35:00,10,6,29,8,35,930,27,AUTOROUTE A86,48.9219,2.37785,Plein jour,Hors agglomération,Hors intersection,Normale,Trois véhicules et plus - en chaîne,,,,,,,,,,,1,1,1,1.0,4.0
201000056175,0010-06-29 07:10:00,10,6,29,7,10,930,64,AUTOROUTE A86,48.8691,2.4824,Plein jour,Hors agglomération,Hors intersection,Pluie légère,Trois véhicules et plus - en chaîne,,,,,,,,,,,1,1,1,2.0,4.0
201000056176,0010-06-30 08:00:00,10,6,30,8,0,950,527,AUTOROUTE A1,,,Plein jour,Hors agglomération,Hors intersection,Normale,Trois véhicules et plus - en chaîne,,,,,,,,,,,1,1,1,1.0,4.0
201000056177,0010-06-30 09:00:00,10,6,30,9,0,950,365,RN 104,,,Plein jour,Hors agglomération,Hors intersection,Normale,Deux véhicules - côté,,,,,,,,,,,1,1,1,1.0,3.0
201000056178,0010-06-30 17:30:00,10,6,30,17,30,930,53,AUTOROUTE A86,48.8892,2.47413,Plein jour,Hors agglomération,Hors intersection,Normale,Deux véhicules - côté,,,,,,,,,,,1,1,1,1.0,3.0
201000056179,0010-06-30 18:45:00,10,6,30,18,45,930,7,AUTOROUTE A3,48.9293,2.48119,Plein jour,Hors agglomération,Hors intersection,Normale,Deux véhicules - arrière,,,,,,,,,,,1,1,1,1.0,2.0
201000056180,0010-07-01 07:30:00,10,7,1,7,30,950,277,AUTOROUTE A3,48.9714,2.4866,Plein jour,Hors agglomération,Hors intersection,Normale,Trois véhicules et plus - en chaîne,,,,,,,,,,,1,1,1,1.0,4.0
201000056181,0010-07-01 17:00:00,10,7,1,17,0,930,53,AUTOROUTE A3,,,Plein jour,Hors agglomération,Hors intersection,Normale,Sans collision,,,,,,,,,,,1,1,1,1.0,7.0
201000056182,0010-07-01 19:30:00,10,7,1,19,30,930,7,AUTOROUTE A1,,,Plein jour,Hors agglomération,Hors intersection,Normale,Deux véhicules - côté,,,,,,,,,,,1,1,1,1.0,3.0
201000056183,0010-07-02 09:30:00,10,7,2,9,30,930,5,AUTOROUTE A1,,,Plein jour,Hors agglomération,Hors intersection,Normale,Deux véhicules - arrière,,,,,,,,,,,1,1,1,1.0,2.0
201000056184,0010-07-02 10:20:00,10,7,2,10,20,600,421,AUTOROUTE A1,,,Plein jour,Hors agglomération,Hors intersection,Normale,Deux véhicules - côté,,,,,,,,,,,1,1,1,1.0,3.0
201000056185,0010-07-02 10:30:00,10,7,2,10,30,930,5,AUTOROUTE A1,,,Plein jour,Hors agglomération,Hors intersection,Normale,Autre collision,,,,,,,,,,,1,1,1,1.0,6.0
201000056186,0010-07-02 12:00:00,10,7,2,12,0,930,53,AUTOROUTE A3,,,Plein jour,Hors agglomération,Hors intersection,Normale,Sans collision,,,,,,,,,,,1,1,1,1.0,7.0
201000056187,0010-07-02 17:55:00,10,7,2,17,55,950,42,RN 104,,,Plein jour,Hors agglomération,Hors intersection,Pluie légère,Autre collision,,,,,,,,,,,1,1,1,2.0,6.0
201000056188,0010-07-02 20:35:00,10,7,2,20,35,930,66,AUTOROUTE A1,,,Plein jour,Hors agglomération,Hors intersection,Normale,Sans collision,,,,,,,,,,,1,1,1,1.0,7.0
201000056189,0010-07-03 12:20:00,10,7,3,12,20,920,78,AUTOROUTE A86,,,Plein jour,Hors agglomération,Hors intersection,Temps couvert,Autre collision,,,,,,,,,,,1,1,1,8.0,6.0
201000056190,0010-07-03 12:20:00,10,7,3,12,20,920,78,AUTOROUTE A86,,,Plein jour,Hors agglomération,Hors intersection,Normale,Deux véhicules - arrière,,,,,,,,,,,1,1,1,1.0,2.0
201000056191,0010-07-04 16:00:00,10,7,4,16,0,600,494,AUTOROUTE A1,,,Plein jour,Hors agglomération,Hors intersection,Normale,Autre collision,,,,,,,,,,,1,1,1,1.0,6.0
201000056192,0010-07-06 14:30:00,10,7,6,14,30,930,5,AUTOROUTE A1,,,Plein jour,Hors agglomération,Hors intersection,Normale,Deux véhicules - côté,,,,,,,,,,,1,1,1,1.0,3.0
201000056193,0010-07-07 08:25:00,10,7,7,8,25,950,527,A3,,,Plein jour,Hors agglomération,Hors intersection,Normale,Trois véhicules et plus - collisions multiples,,,,,,,,,,,1,1,1,1.0,5.0
201000056194,0010-07-07 20:25:00,10,7,7,20,25,930,27,AUTOROUTE A86,,,Plein jour,Hors agglomération,Hors intersection,Normale,Sans collision,,,,,,,,,,,1,1,1,1.0,7.0
201000056195,0010-07-08 08:50:00,10,7,8,8,50,930,27,AUTOROUTE A1,,,Plein jour,Hors agglomération,Hors intersection,Normale,Deux véhicules - côté,,,,,,,,,,,1,1,1,1.0,3.0
201000056196,0010-07-09 11:10:00,10,7,9,11,10,950,60,A115,,,Plein jour,Hors agglomération,Hors intersection,Normale,Deux véhicules - côté,,,,,,,,,,,1,1,1,1.0,3.0
201000056197,0010-07-11 09:00:00,10,7,11,9,0,950,527,A1,,,Plein jour,Hors agglomération,Hors intersection,Normale,Deux véhicules - arrière,,,,,,,,,,,1,1,1,1.0,2.0
201000056198,0010-07-16 09:10:00,10,7,16,9,10,920,36,AUTOROUTE A86,,,Plein jour,Hors agglomération,Hors intersection,Pluie légère,Deux véhicules - côté,,,,,,,,,,,1,1,1,2.0,3.0
201000056199,0010-07-12 20:20:00,10,7,12,20,20,950,488,A15,,,Plein jour,Hors agglomération,Hors intersection,Normale,Sans collision,,,,,,,,,,,1,1,1,1.0,7.0
201000056200,0010-07-10 00:30:00,10,7,10,0,30,930,7,AUTOROUTE A1,,,Nuit sans éclairage public,Hors agglomération,Hors intersection,Normale,Autre collision,,,,,,,,,,,3,1,1,1.0,6.0
201000056201,0010-07-13 19:00:00,10,7,13,19,0,950,582,A15,,,Plein jour,Hors agglomération,Hors intersection,Normale,Trois véhicules et plus - en chaîne,,,,,,,,,,,1,1,1,1.0,4.0
201000056202,0010-06-16 11:30:00,10,6,16,11,30,920,36,AUTOROUTE A86,,,Plein jour,Hors agglomération,Hors intersection,Normale,Trois véhicules et plus - collisions multiples,,,,,,,,,,,1,1,1,1.0,5.0
201000056203,0010-07-14 02:45:00,10,7,14,2,45,930,66,AUTOROUTE A1,,,Nuit avec éclairage allumé,Hors agglomération,Hors intersection,Normale,Autre collision,,,,,,,,,,,5,1,1,1.0,6.0
201000056204,0010-07-14 07:40:00,10,7,14,7,40,930,7,AUTOROUTE A1,,,Plein jour,Hors agglomération,Hors intersection,Normale,Deux véhicules - côté,,,,,,,,,,,1,1,1,1.0,3.0
201000056205,0010-07-14 17:15:00,10,7,14,17,15,950,365,RN 104,,,Plein jour,Hors agglomération,Hors intersection,Vent fort / tempête,Autre collision,,,,,,,,,,,1,1,1,6.0,6.0
201000056206,0010-07-17 19:20:00,10,7,17,19,20,930,64,AUTOROUTE A3,,,Plein jour,Hors agglomération,Hors intersection,Normale,Deux véhicules - côté,,,,,,,,,,,1,1,1,1.0,3.0
201000056207,0010-07-17 20:10:00,10,7,17,20,10,930,8,AUTOROUTE A86,,,Plein jour,Hors agglomération,Hors intersection,Normale,Deux véhicules - arrière,,,,,,,,,,,1,1,1,1.0,2.0
201000056208,0010-07-19 08:00:00,10,7,19,8,0,930,66,AUTOROUTE A1,,,Plein jour,Hors agglomération,Hors intersection,Normale,Deux véhicules - côté,,,,,,,,,,,1,1,1,1.0,3.0
201000056209,0010-07-19 11:05:00,10,7,19,11,5,930,27,AUTOROUTE A1,,,Plein jour,Hors agglomération,Hors intersection,Normale,Deux véhicules - arrière,,,,,,,,,,,1,1,1,1.0,2.0
201000056210,0010-07-19 09:00:00,10,7,19,9,0,930,48,AUTOROUTE A86,,,Plein jour,Hors agglomération,Hors intersection,Normale,Trois véhicules et plus - collisions multiples,,,,,,,,,,,1,1,1,1.0,5.0
201000056211,0010-07-19 16:00:00,10,7,19,16,0,930,64,AUTOROUTE A3,,,Plein jour,Hors agglomération,Hors intersection,Normale,Trois véhicules et plus - collisions multiples,,,,,,,,,,,1,1,1,1.0,5.0
201000056212,0010-07-19 17:50:00,10,7,19,17,50,930,7,AUTOROUTE A1,,,Plein jour,Hors agglomération,Hors intersection,Normale,Deux véhicules - arrière,,,,,,,,,,,1,1,1,1.0,2.0
201000056213,0010-07-21 16:00:00,10,7,21,16,0,950,527,A 3,,,Plein jour,Hors agglomération,Hors intersection,Normale,Deux véhicules - côté,,,,,,,,,,,1,1,1,1.0,3.0
201000056214,0010-07-22 18:40:00,10,7,22,18,40,930,64,AUTOROUTE A86,,,Plein jour,Hors agglomération,Hors intersection,Normale,Trois véhicules et plus - en chaîne,,,,,,,,,,,1,1,1,1.0,4.0
201000056215,0010-07-22 23:30:00,10,7,22,23,30,930,10,AUTOROUTE A3,,,Nuit sans éclairage public,Hors agglomération,Hors intersection,Normale,Deux véhicules - arrière,,,,,,,,,,,3,1,1,1.0,2.0
201000056216,0010-07-26 06:00:00,10,7,26,6,0,930,5,AUTOROUTE A1,,,Plein jour,Hors agglomération,Hors intersection,Normale,Autre collision,,,,,,,,,,,1,1,1,1.0,6.0
201000056217,0010-07-26 08:40:00,10,7,26,8,40,920,36,AUTOROUTE A15,,,Plein jour,Hors agglomération,Hors intersection,Normale,Trois véhicules et plus - en chaîne,,,,,,,,,,,1,1,1,1.0,4.0
201000056218,0010-07-26 11:30:00,10,7,26,11,30,600,612,AUTOROUTE A1,,,Plein jour,Hors agglomération,Hors intersection,Normale,Sans collision,,,,,,,,,,,1,1,1,1.0,7.0
201000056219,0010-07-27 21:30:00,10,7,27,21,30,930,5,AUTOROUTE A3,,,Nuit sans éclairage public,Hors agglomération,Hors intersection,Normale,Autre collision,,,,,,,,,,,3,1,1,1.0,6.0
201000056220,0010-07-30 17:00:00,10,7,30,17,0,950,572,ROUTE NATIONALE 184,,,Plein jour,Hors agglomération,Hors intersection,Normale,Deux véhicules - côté,,,,,,,,,,,1,1,1,1.0,3.0
201000056221,0010-07-30 19:20:00,10,7,30,19,20,930,64,AUTOROUTE A103,,,Plein jour,Hors agglomération,Hors intersection,Normale,Sans collision,,,,,,,,,,,1,1,1,1.0,7.0
201000056222,0010-07-31 15:40:00,10,7,31,15,40,920,36,AUTOROUTE A15,,,Plein jour,Hors agglomération,Hors intersection,Normale,Deux véhicules - arrière,,,,,,,,,,,1,1,1,1.0,2.0
201000056223,0010-07-31 20:20:00,10,7,31,20,20,950,151,RN 104,,,Plein jour,Hors agglomération,Hors intersection,Normale,Deux véhicules - arrière,,,,,,,,,,,1,1,1,1.0,2.0
201000056224,0010-08-16 07:00:00,10,8,16,7,0,950,582,RD 170,48.9605,2.2594,Plein jour,Hors agglomération,Hors intersection,Pluie forte,Sans collision,,,,,,,,,,,1,1,1,3.0,7.0
201000056225,0010-08-16 10:47:00,10,8,16,10,47,950,682,RN 104,,,Plein jour,Hors agglomération,Hors intersection,Pluie légère,Sans collision,,,,,,,,,,,1,1,1,2.0,7.0
201000056226,0010-08-20 17:00:00,10,8,20,17,0,600,631,AUTOROUTE A1,,,Plein jour,Hors agglomération,Hors intersection,Normale,Deux véhicules - arrière,,,,,,,,,,,1,1,1,1.0,2.0
201000056227,0010-08-23 13:50:00,10,8,23,13,50,950,582,RD 170,48.9636,2.2653,Plein jour,Hors agglomération,Hors intersection,Normale,Sans collision,,,,,,,,,,,1,1,1,1.0,7.0
201000056228,0010-08-23 13:10:00,10,8,23,13,10,930,27,AUTOROUTE A86,,,Plein jour,Hors agglomération,Hors intersection,Pluie forte,Sans collision,,,,,,,,,,,1,1,1,3.0,7.0
201000056229,0010-08-23 15:50:00,10,8,23,15,50,930,7,AUTOROUTE A1,,,Plein jour,Hors agglomération,Hors intersection,Normale,Deux véhicules - arrière,,,,,,,,,,,1,1,1,1.0,2.0
201000056230,0010-08-25 10:25:00,10,8,25,10,25,950,582,A15,,,Plein jour,Hors agglomération,Hors intersection,Normale,Deux véhicules - côté,,,,,,,,,,,1,1,1,1.0,3.0
201000056231,0010-08-30 17:08:00,10,8,30,17,8,930,7,AUTOROUTE A3,,,Plein jour,Hors agglomération,Hors intersection,Normale,Deux véhicules - arrière,,,,,,,,,,,1,1,1,1.0,2.0
201000056232,0010-08-30 19:40:00,10,8,30,19,40,930,10,AUTOROUTE A86,,,Plein jour,Hors agglomération,Hors intersection,Normale,Trois véhicules et plus - collisions multiples,,,,,,,,,,,1,1,1,1.0,5.0
201000056233,0010-09-01 09:00:00,10,9,1,9,0,950,678,ROUTE NATIONALE 184,,,Plein jour,Hors agglomération,Hors intersection,Normale,Sans collision,,,,,,,,,,,1,1,1,1.0,7.0
201000056234,0010-09-02 19:05:00,10,9,2,19,5,950,277,AUTOROUTE A3,48.9663,2.4772,Plein jour,Hors agglomération,Hors intersection,Normale,Sans collision,,,,,,,,,,,1,1,1,1.0,7.0
201000056235,0010-09-03 18:00:00,10,9,3,18,0,930,27,AUTOROUTE A86,,,Plein jour,Hors agglomération,Hors intersection,Normale,Trois véhicules et plus - en chaîne,,,,,,,,,,,1,1,1,1.0,4.0