accident_id,datetime,annee,mois,jour,heure,minute,departement,commune_insee,adresse,latitude,longitude,luminosite,agglomeration,intersection,meteo,collision,nb_vehicules,nb_usagers,nb_indemnes,nb_tues,nb_blesses_hosp,nb_blesses_legers,age_cond_1,age_cond_2,veh_type_cond_1,veh_type_cond_2,lum_code,agg_code,int_code,atm_code,col_code
201000056626,0010-04-30 17:30:00,10,4,30,17,30,920,50,A14,,,Plein jour,Hors agglomération,Hors intersection,Normale,Trois véhicules et plus - collisions multiples,,,,,,,,,,,1,1,1,1.0,5.0
201000056627,0010-05-03 09:30:00,10,5,3,9,30,780,133,A14,,,Plein jour,Hors agglomération,Hors intersection,Normale,Trois véhicules et plus - en chaîne,,,,,,,,,,,1,1,1,1.0,4.0
201000056628,0010-05-04 08:05:00,10,5,4,8,5,780,551,SE A14,,,Plein jour,Hors agglomération,Hors intersection,Normale,Deux véhicules - arrière,,,,,,,,,,,1,1,1,1.0,2.0
201000056629,0010-05-04 08:30:00,10,5,4,8,30,920,25,A86,,,Crépuscule ou aube,Hors agglomération,Hors intersection,Normale,Trois véhicules et plus - en chaîne,,,,,,,,,,,2,1,1,1.0,4.0
201000056630,0010-05-05 07:30:00,10,5,5,7,30,780,158,A13,,,Plein jour,Hors agglomération,Hors intersection,Normale,Deux véhicules - arrière,,,,,,,,,,,1,1,1,1.0,2.0
201000056631,0010-05-05 21:00:00,10,5,5,21,0,920,64,A13,,,Nuit avec éclairage allumé,Hors agglomération,Hors intersection,Normale,Sans collision,,,,,,,,,,,5,1,1,1.0,7.0
201000056632,0010-05-06 05:37:00,10,5,6,5,37,780,90,A13,,,Nuit sans éclairage public,Hors agglomération,Hors intersection,Normale,Autre collision,,,,,,,,,,,3,1,1,1.0,6.0
201000056633,0010-05-06 09:40:00,10,5,6,9,40,780,217,A13,,,Plein jour,Hors agglomération,Hors intersection,Normale,Autre collision,,,,,,,,,,,1,1,1,1.0,6.0
201000056634,0010-05-08 03:45:00,10,5,8,3,45,780,646,RN12,,,Nuit avec éclairage allumé,Hors agglomération,Hors intersection,Normale,Autre collision,,,,,,,,,,,5,1,1,1.0,6.0
201000056635,0010-05-08 19:00:00,10,5,8,19,0,920,12,A13,,,Plein jour,Hors agglomération,Hors intersection,Normale,Deux véhicules - arrière,,,,,,,,,,,1,1,1,1.0,2.0
201000056636,0010-05-08 19:15:00,10,5,8,19,15,780,124,SE A14,,,Plein jour,Hors agglomération,Hors intersection,Normale,Deux véhicules - arrière,,,,,,,,,,,1,1,1,1.0,2.0
201000056637,0010-05-09 16:30:00,10,5,9,16,30,780,466,A14,,,Plein jour,Hors agglomération,Hors intersection,Normale,Sans collision,,,,,,,,,,,1,1,1,1.0,7.0
201000056638,0010-05-09 17:45:00,10,5,9,17,45,780,206,A13,,,Plein jour,Hors agglomération,Hors intersection,Normale,Deux véhicules - côté,,,,,,,,,,,1,1,1,1.0,3.0
201000056639,0010-05-09 17:45:00,10,5,9,17,45,920,64,A13,,,Plein jour,Hors agglomération,Hors intersection,Normale,Trois véhicules et plus - en chaîne,,,,,,,,,,,1,1,1,1.0,4.0
201000056640,0010-05-10 08:20:00,10,5,10,8,20,920,25,A86,,,Plein jour,Hors agglomération,Hors intersection,Normale,Deux véhicules - arrière,,,,,,,,,,,1,1,1,1.0,2.0
201000056641,0010-05-11 18:30:00,10,5,11,18,30,780,571,A13,,,Plein jour,Hors agglomération,Hors intersection,Pluie légère,Trois véhicules et plus - collisions multiples,,,,,,,,,,,1,1,1,2.0,5.0
201000056642,0010-05-11 22:05:00,10,5,11,22,5,780,297,RN12,,,Nuit avec éclairage allumé,Hors agglomération,Hors intersection,Temps couvert,Autre collision,,,,,,,,,,,5,1,1,8.0,6.0
201000056643,0010-05-12 08:28:00,10,5,12,8,28,920,47,A13,,,Plein jour,Hors agglomération,Hors intersection,Normale,Deux véhicules - arrière,,,,,,,,,,,1,1,1,1.0,2.0
201000056644,0010-05-12 14:30:00,10,5,12,14,30,780,490,RN12 EXT,,,Plein jour,Hors agglomération,Hors intersection,Normale,Deux véhicules - arrière,,,,,,,,,,,1,1,1,1.0,2.0
201000056645,0010-05-13 11:10:00,10,5,13,11,10,920,48,N118,,,Plein jour,Hors agglomération,Hors intersection,Normale,Deux véhicules - arrière,,,,,,,,,,,1,1,1,1.0,2.0
201000056646,0010-05-17 05:40:00,10,5,17,5,40,780,158,A13,48.8331,2.13686,Crépuscule ou aube,Hors agglomération,Hors intersection,Normale,Autre collision,,,,,,,,,,,2,1,1,1.0,6.0
201000056647,0010-05-17 07:40:00,10,5,17,7,40,920,36,A86,,,Plein jour,Hors agglomération,Hors intersection,Normale,Deux véhicules - arrière,,,,,,,,,,,1,1,1,1.0,2.0
201000056648,0010-05-17 17:00:00,10,5,17,17,0,780,640,A86 EXT,,,Plein jour,Hors agglomération,Hors intersection,Normale,Trois véhicules et plus - en chaîne,,,,,,,,,,,1,1,1,1.0,4.0
201000056649,0010-05-18 10:20:00,10,5,18,10,20,920,12,A13,,,Plein jour,Hors agglomération,Hors intersection,Normale,Deux véhicules - côté,,,,,,,,,,,1,1,1,1.0,3.0
201000056650,0010-05-18 18:50:00,10,5,18,18,50,750,116,A13Y,,,Plein jour,Hors agglomération,Hors intersection,Normale,Deux véhicules - côté,,,,,,,,,,,1,1,1,1.0,3.0
201000056651,0010-05-19 01:35:00,10,5,19,1,35,780,43,A12 Y,,,Nuit sans éclairage public,Hors agglomération,Hors intersection,Normale,Deux véhicules - arrière,,,,,,,,,,,3,1,1,1.0,2.0
201000056652,0010-05-20 09:10:00,10,5,20,9,10,780,640,A86I,,,Plein jour,Hors agglomération,Hors intersection,Normale,Deux véhicules - arrière,,,,,,,,,,,1,1,1,1.0,2.0
201000056653,0010-05-20 17:10:00,10,5,20,17,10,780,490,RN12 INT,,,Plein jour,Hors agglomération,Hors intersection,Normale,Deux véhicules - arrière,,,,,,,,,,,1,1,1,1.0,2.0
201000056654,0010-05-20 19:20:00,10,5,20,19,20,920,25,A86,,,Plein jour,Hors agglomération,Hors intersection,Normale,Sans collision,,,,,,,,,,,1,1,1,1.0,7.0
201000056655,0010-05-20 19:10:00,10,5,20,19,10,780,646,RN12,,,Plein jour,Hors agglomération,Hors intersection,Normale,Trois véhicules et plus - collisions multiples,,,,,,,,,,,1,1,1,1.0,5.0
201000056656,0010-05-21 17:45:00,10,5,21,17,45,780,117,RN12,,,Plein jour,Hors agglomération,Hors intersection,Normale,Trois véhicules et plus - collisions multiples,,,,,,,,,,,1,1,1,1.0,5.0
201000056657,0010-05-21 19:15:00,10,5,21,19,15,780,73,A12 Y,,,Plein jour,Hors agglomération,Hors intersection,Normale,Trois véhicules et plus - en chaîne,,,,,,,,,,,1,1,1,1.0,4.0
201000056658,0010-05-21 20:40:00,10,5,21,20,40,780,43,A12 Y,,,Plein jour,Hors agglomération,Hors intersection,Normale,Trois véhicules et plus - en chaîne,,,,,,,,,,,1,1,1,1.0,4.0
201000056659,0010-05-22 17:45:00,10,5,22,17,45,920,50,A86,,,Plein jour,Hors agglomération,Hors intersection,Normale,Trois véhicules et plus - en chaîne,,,,,,,,,,,1,1,1,1.0,4.0
201000056660,0010-05-22 21:30:00,10,5,22,21,30,920,25,A86,,,Crépuscule ou aube,Hors agglomération,Hors intersection,Normale,Autre collision,,,,,,,,,,,2,1,1,1.0,6.0
201000056661,0010-05-23 02:30:00,10,5,23,2,30,780,43,A12 Y,,,Nuit sans éclairage public,Hors agglomération,Hors intersection,Normale,Trois véhicules et plus - en chaîne,,,,,,,,,,,3,1,1,1.0,4.0
201000056662,0010-05-23 13:00:00,10,5,23,13,0,780,242,A12W,,,Plein jour,Hors agglomération,Hors intersection,Normale,Trois véhicules et plus - en chaîne,,,,,,,,,,,1,1,1,1.0,4.0
201000056663,0010-05-25 05:30:00,10,5,25,5,30,920,72,N118,,,Plein jour,Hors agglomération,Hors intersection,Normale,Autre collision,,,,,,,,,,,1,1,1,1.0,6.0
201000056664,0010-05-25 09:35:00,10,5,25,9,35,780,402,A13,,,Plein jour,Hors agglomération,Hors intersection,Normale,Autre collision,,,,,,,,,,,1,1,1,1.0,6.0
201000056665,0010-05-25 09:30:00,10,5,25,9,30,920,64,A13,,,Plein jour,Hors agglomération,Hors intersection,Normale,Trois véhicules et plus - en chaîne,,,,,,,,,,,1,1,1,1.0,4.0
201000056666,0010-05-25 09:55:00,10,5,25,9,55,780,640,N118,,,Plein jour,Hors agglomération,Intersection en Y,Normale,Deux véhicules - côté,,,,,,,,,,,1,1,4,1.0,3.0
201000056667,0010-05-25 12:10:00,10,5,25,12,10,780,297,RN12,,,Plein jour,Hors agglomération,Hors intersection,Temps éblouissant,Trois véhicules et plus - en chaîne,,,,,,,,,,,1,1,1,7.0,4.0
201000056668,0010-05-25 15:25:00,10,5,25,15,25,780,321,RN12 INT,,,Plein jour,Hors agglomération,Hors intersection,Normale,Autre collision,,,,,,,,,,,1,1,1,1.0,6.0
201000056669,0010-05-25 19:06:00,10,5,25,19,6,920,50,A86,,,Plein jour,Hors agglomération,Hors intersection,Normale,Trois véhicules et plus - en chaîne,,,,,,,,,,,1,1,1,1.0,4.0
201000056670,0010-05-26 00:05:00,10,5,26,0,5,780,43,A13Y,,,Nuit sans éclairage public,Hors agglomération,Hors intersection,Normale,Trois véhicules et plus - en chaîne,,,,,,,,,,,3,1,1,1.0,4.0
201000056671,0010-05-26 18:30:00,10,5,26,18,30,780,646,RN12,,,Plein jour,Hors agglomération,Hors intersection,Temps couvert,Deux véhicules - côté,,,,,,,,,,,1,1,1,8.0,3.0
201000056672,0010-05-27 05:05:00,10,5,27,5,5,780,646,RN12,,,Nuit sans éclairage public,Hors agglomération,Hors intersection,Pluie légère,Deux véhicules - arrière,,,,,,,,,,,3,1,1,2.0,2.0
201000056673,0010-05-27 22:51:00,10,5,27,22,51,920,48,N118,,,Nuit avec éclairage allumé,Hors agglomération,Autre intersection,Pluie forte,Sans collision,,,,,,,,,,,5,1,9,3.0,7.0
201000056674,0010-05-28 09:20:00,10,5,28,9,20,780,640,A86 EXT,,,Plein jour,Hors agglomération,Hors intersection,Normale,Sans collision,,,,,,,,,,,1,1,1,1.0,7.0
201000056675,0010-05-30 02:25:00,10,5,30,2,25,780,524,A13,,,Nuit avec éclairage allumé,Hors agglomération,Hors intersection,Pluie légère,Autre collision,,,,,,,,,,,5,1,1,2.0,6.0
201000056676,0010-05-30 02:40:00,10,5,30,2,40,780,7,A13 Y,,,Nuit sans éclairage public,Hors agglomération,Hors intersection,Normale,Sans collision,,,,,,,,,,,3,1,1,1.0,7.0
201000056677,0010-05-31 19:50:00,10,5,31,19,50,920,64,A13,,,Plein jour,Hors agglomération,Hors intersection,Normale,Deux véhicules - arrière,,,,,,,,,,,1,1,1,1.0,2.0
201000056678,0010-06-01 09:11:00,10,6,1,9,11,780,362,A13,,,Plein jour,Hors agglomération,Hors intersection,Normale,Autre collision,,,,,,,,,,,1,1,1,1.0,6.0
201000056679,0010-06-01 13:10:00,10,6,1,13,10,780,297,RN12,,,Plein jour,Hors agglomération,Hors intersection,Normale,Autre collision,,,,,,,,,,,1,1,1,1.0,6.0
201000056680,0010-06-01 17:30:00,10,6,1,17,30,920,50,A14,,,Plein jour,Hors agglomération,Hors intersection,Normale,Deux véhicules - arrière,,,,,,,,,,,1,1,1,1.0,2.0
201000056681,0010-06-01 18:00:00,10,6,1,18,0,920,50,A14,,,Plein jour,Hors agglomération,Hors intersection,Pluie légère,Deux véhicules - arrière,,,,,,,,,,,1,1,1,2.0,2.0
201000056682,0010-06-02 08:40:00,10,6,2,8,40,920,72,N118,,,Plein jour,Hors agglomération,Hors intersection,Normale,Deux véhicules - arrière,,,,,,,,,,,1,1,1,1.0,2.0
201000056683,0010-06-02 12:10:00,10,6,2,12,10,920,50,A14,,,Plein jour,Hors agglomération,Hors intersection,Normale,Deux véhicules - arrière,,,,,,,,,,,1,1,1,1.0,2.0
201000056684,0010-06-02 20:20:00,10,6,2,20,20,920,63,A86,,,Plein jour,Hors agglomération,Hors intersection,Normale,Deux véhicules - côté,,,,,,,,,,,1,1,1,1.0,3.0
201000056685,0010-06-03 09:35:00,10,6,3,9,35,920,64,A13,,,Plein jour,Hors agglomération,Hors intersection,Normale,Deux véhicules - arrière,,,,,,,,,,,1,1,1,1.0,2.0
201000056686,0010-06-04 16:10:00,10,6,4,16,10,920,36,A86,,,Plein jour,Hors agglomération,Hors intersection,Normale,Deux véhicules - arrière,,,,,,,,,,,1,1,1,1.0,2.0
201000056687,0010-06-04 17:00:00,10,6,4,17,0,920,36,A86,,,Plein jour,Hors agglomération,Hors intersection,Normale,Autre collision,,,,,,,,,,,1,1,1,1.0,6.0
201000056688,0010-06-05 13:50:00,10,6,5,13,50,920,72,N118,,,Plein jour,Hors agglomération,Hors intersection,Normale,Trois véhicules et plus - en chaîne,,,,,,,,,,,1,1,1,1.0,4.0
201000056689,0010-06-06 00:05:00,10,6,6,0,5,920,26,RN192,,,Nuit sans éclairage public,Hors agglomération,Hors intersection,Normale,Deux véhicules - frontale,,,,,,,,,,,3,1,1,1.0,1.0
201000056690,0010-06-06 06:00:00,10,6,6,6,0,780,29,A13Y,,,Crépuscule ou aube,Hors agglomération,Hors intersection,Normale,Deux véhicules - arrière,,,,,,,,,,,2,1,1,1.0,2.0
201000056691,0010-06-06 19:40:00,10,6,6,19,40,920,36,A86,,,Plein jour,Hors agglomération,Hors intersection,Normale,Trois véhicules et plus - en chaîne,,,,,,,,,,,1,1,1,1.0,4.0
201000056692,0010-06-09 09:50:00,10,6,9,9,50,920,51,RN13,,,Plein jour,Hors agglomération,Hors intersection,Pluie légère,Sans collision,,,,,,,,,,,1,1,1,2.0,7.0
201000056693,0010-06-09 18:00:00,10,6,9,18,0,780,297,RN12 Y,,,Plein jour,Hors agglomération,Hors intersection,Pluie légère,Sans collision,,,,,,,,,,,1,1,1,2.0,7.0
201000056694,0010-06-09 20:43:00,10,6,9,20,43,780,490,RN12 EXT,,,Plein jour,Hors agglomération,Hors intersection,Normale,Autre collision,,,,,,,,,,,1,1,1,1.0,6.0
201000056695,0010-06-09 20:30:00,10,6,9,20,30,780,640,N118,,,Nuit sans éclairage public,Hors agglomération,Hors intersection,Pluie légère,Deux véhicules - arrière,,,,,,,,,,,3,1,1,2.0,2.0
201000056696,0010-06-10 20:30:00,10,6,10,20,30,780,297,RN12 W,,,Plein jour,Hors agglomération,Autre intersection,Pluie légère,Autre collision,,,,,,,,,,,1,1,9,2.0,6.0
201000056697,0010-06-10 19:45:00,10,6,10,19,45,920,48,N118,,,Plein jour,Hors agglomération,Hors intersection,Normale,Autre collision,,,,,,,,,,,1,1,1,1.0,6.0
201000056698,0010-06-11 17:45:00,10,6,11,17,45,780,90,A13,,,Plein jour,Hors agglomération,Hors intersection,Normale,Trois véhicules et plus - en chaîne,,,,,,,,,,,1,1,1,1.0,4.0
201000056699,0010-06-12 00:20:00,10,6,12,0,20,780,466,A13,,,Nuit avec éclairage allumé,Hors agglomération,Hors intersection,Pluie légère,Trois véhicules et plus - en chaîne,,,,,,,,,,,5,1,1,2.0,4.0
201000056700,0010-06-13 00:57:00,10,6,13,0,57,920,48,N118,,,Nuit avec éclairage non allumé,Hors agglomération,Hors intersection,Normale,Autre collision,,,,,,,,,,,4,1,1,1.0,6.0
201000056701,0010-06-13 12:40:00,10,6,13,12,40,920,60,RN186,,,Plein jour,Hors agglomération,Hors intersection,Normale,Deux véhicules - côté,,,,,,,,,,,1,1,1,1.0,3.0
201000056702,0010-06-14 06:55:00,10,6,14,6,55,780,90,A13,,,Plein jour,Hors agglomération,Hors intersection,Normale,Autre collision,,,,,,,,,,,1,1,1,1.0,6.0
201000056703,0010-06-15 18:20:00,10,6,15,18,20,920,12,A13,,,Plein jour,Hors agglomération,Hors intersection,Normale,Deux véhicules - côté,,,,,,,,,,,1,1,1,1.0,3.0
201000056704,0010-06-16 08:30:00,10,6,16,8,30,780,362,A13,,,Plein jour,Hors agglomération,Hors intersection,Temps éblouissant,Trois véhicules et plus - en chaîne,,,,,,,,,,,1,1,1,7.0,4.0
201000056705,0010-06-16 09:20:00,10,6,16,9,20,780,640,N118,,,Plein jour,Hors agglomération,Hors intersection,Normale,Deux véhicules - côté,,,,,,,,,,,1,1,1,1.0,3.0
201000056706,0010-06-16 16:25:00,10,6,16,16,25,920,50,A86,,,Plein jour,Hors agglomération,Hors intersection,Normale,Deux véhicules - côté,,,,,,,,,,,1,1,1,1.0,3.0
201000056707,0010-06-16 19:00:00,10,6,16,19,0,780,43,A12 W,,,Plein jour,Hors agglomération,Hors intersection,Normale,Trois véhicules et plus - en chaîne,,,,,,,,,,,1,1,1,1.0,4.0
201000056708,0010-06-16 19:00:00,10,6,16,19,0,780,423,RN12,,,Plein jour,Hors agglomération,Hors intersection,Normale,Trois véhicules et plus - en chaîne,,,,,,,,,,,1,1,1,1.0,4.0
201000056709,0010-06-18 12:40:00,10,6,18,12,40,780,640,A86 EXT,,,Plein jour,Hors agglomération,Hors intersection,Normale,Deux véhicules - côté,,,,,,,,,,,1,1,1,1.0,3.0
201000056710,0010-06-18 13:10:00,10,6,18,13,10,920,51,RN13,,,Plein jour,Hors agglomération,Hors intersection,Normale,Deux véhicules - côté,,,,,,,,,,,1,1,1,1.0,3.0
201000056711,0010-06-19 03:15:00,10,6,19,3,15,780,646,RN12,,,Nuit avec éclairage allumé,Hors agglomération,Hors intersection,Normale,Deux véhicules - arrière,,,,,,,,,,,5,1,1,1.0,2.0
201000056712,0010-06-19 02:35:00,10,6,19,2,35,780,206,A13,,,Nuit sans éclairage public,Hors agglomération,Hors intersection,Normale,Deux véhicules - côté,,,,,,,,,,,3,1,1,1.0,3.0
201000056713,0010-06-19 19:00:00,10,6,19,19,0,920,62,RN1014 W,,,Plein jour,Hors agglomération,Hors intersection,Normale,Deux véhicules - côté,,,,,,,,,,,1,1,1,1.0,3.0
201000056714,0010-06-20 18:23:00,10,6,20,18,23,920,36,A86,,,Plein jour,Hors agglomération,Hors intersection,Normale,Deux véhicules - côté,,,,,,,,,,,1,1,1,1.0,3.0
201000056715,0010-06-21 05:40:00,10,6,21,5,40,780,418,A14,,,Plein jour,Hors agglomération,Hors intersection,Normale,Deux véhicules - côté,,,,,,,,,,,1,1,1,1.0,3.0
201000056716,0010-06-21 22:00:00,10,6,21,22,0,780,238,A13,,,Crépuscule ou aube,Hors agglomération,Hors intersection,Normale,Deux véhicules - arrière,,,,,,,,,,,2,1,1,1.0,2.0
201000056717,0010-06-23 13:25:00,10,6,23,13,25,920,72,N118,,,Plein jour,Hors agglomération,Hors intersection,Normale,Autre collision,,,,,,,,,,,1,1,1,1.0,6.0
201000056718,0010-06-24 09:15:00,10,6,24,9,15,920,47,A13,,,Plein jour,Hors agglomération,Hors intersection,Normale,Trois véhicules et plus - collisions multiples,,,,,,,,,,,1,1,1,1.0,5.0
201000056719,0010-06-25 04:17:00,10,6,25,4,17,780,423,A12 Y,,,Nuit avec éclairage allumé,Hors agglomération,Hors intersection,Normale,Autre collision,,,,,,,,,,,5,1,1,1.0,6.0
201000056720,0010-06-25 07:50:00,10,6,25,7,50,780,551,SE A14,,,Plein jour,Hors agglomération,Hors intersection,Normale,Autre collision,,,,,,,,,,,1,1,1,1.0,6.0
201000056721,0010-06-25 17:55:00,10,6,25,17,55,920,50,A86,,,Plein jour,Hors agglomération,Hors intersection,Normale,Deux véhicules - côté,,,,,,,,,,,1,1,1,1.0,3.0
201000056722,0010-06-25 18:30:00,10,6,25,18,30,920,36,A86,,,Plein jour,Hors agglomération,Hors intersection,Normale,Trois véhicules et plus - en chaîne,,,,,,,,,,,1,1,1,1.0,4.0
201000056723,0010-06-26 16:30:00,10,6,26,16,30,780,206,A13,,,Plein jour,Hors agglomération,Hors intersection,Normale,Sans collision,,,,,,,,,,,1,1,1,1.0,7.0
201000056724,0010-06-27 00:05:00,10,6,27,0,5,780,43,A12 Y,,,Nuit sans éclairage public,Hors agglomération,Hors intersection,Normale,Deux véhicules - arrière,,,,,,,,,,,3,1,1,1.0,2.0
201000056725,0010-06-27 02:18:00,10,6,27,2,18,780,43,A12 Y,,,Nuit sans éclairage public,Hors agglomération,Hors intersection,Normale,Autre collision,,,,,,,,,,,3,1,1,1.0,6.0
201000056726,0010-06-27 06:15:00,10,6,27,6,15,780,423,A12 W,,,Plein jour,Hors agglomération,Hors intersection,Normale,Deux véhicules - arrière,,,,,,,,,,,1,1,1,1.0,2.0
201000056727,0010-06-26 13:30:00,10,6,26,13,30,780,140,A13,,,Plein jour,Hors agglomération,Hors intersection,Normale,Deux véhicules - arrière,,,,,,,,,,,1,1,1,1.0,2.0
201000056728,0010-06-27 13:40:00,10,6,27,13,40,780,206,A13,,,Plein jour,Hors agglomération,Hors intersection,Normale,Sans collision,,,,,,,,,,,1,1,1,1.0,7.0
201000056729,0010-06-27 18:15:00,10,6,27,18,15,920,36,A86,,,Plein jour,Hors agglomération,Hors intersection,Normale,Deux véhicules - arrière,,,,,,,,,,,1,1,1,1.0,2.0
201000056730,0010-06-28 08:50:00,10,6,28,8,50,920,25,A86,,,Plein jour,Hors agglomération,Hors intersection,Normale,Trois véhicules et plus - collisions multiples,,,,,,,,,,,1,1,1,1.0,5.0
201000056731,0010-06-28 17:30:00,10,6,28,17,30,920,64,A13,,,Plein jour,Hors agglomération,Hors intersection,Normale,Sans collision,,,,,,,,,,,1,1,1,1.0,7.0
201000056732,0010-06-29 10:20:00,10,6,29,10,20,780,640,N118,,,Plein jour,Hors agglomération,Autre intersection,Normale,Sans collision,,,,,,,,,,,1,1,9,1.0,7.0
201000056733,0010-06-29 18:00:00,10,6,29,18,0,780,117,RN12,,,Plein jour,Hors agglomération,Hors intersection,Normale,Autre collision,,,,,,,,,,,1,1,1,1.0,6.0
201000056734,0010-06-29 19:15:00,10,6,29,19,15,920,63,A86,,,Plein jour,Hors agglomération,Hors intersection,Normale,Trois véhicules et plus - collisions multiples,,,,,,,,,,,1,1,1,1.0,5.0
201000056735,0010-06-30 15:55:00,10,6,30,15,55,920,25,A86,,,Plein jour,Hors agglomération,Hors intersection,Normale,Trois véhicules et plus - en chaîne,,,,,,,,,,,1,1,1,1.0,4.0
201000056736,0010-06-30 18:10:00,10,6,30,18,10,920,23,RN186,,,Plein jour,Hors agglomération,Hors intersection,Normale,Autre collision,,,,,,,,,,,1,1,1,1.0,6.0
201000056737,0010-06-30 19:00:00,10,6,30,19,0,780,423,A12 Y,,,Plein jour,Hors agglomération,Hors intersection,Normale,Deux véhicules - arrière,,,,,,,,,,,1,1,1,1.0,2.0
201000056738,0010-06-29 19:15:00,10,6,29,19,15,920,36,A86,,,Plein jour,Hors agglomération,Hors intersection,Normale,Sans collision,,,,,,,,,,,1,1,1,1.0,7.0
201000056739,0010-06-27 20:35:00,10,6,27,20,35,920,25,A86,,,Plein jour,Hors agglomération,Hors intersection,Normale,Autre collision,,,,,,,,,,,1,1,1,1.0,6.0
201000056740,0010-07-01 06:40:00,10,7,1,6,40,780,362,A13,,,Plein jour,Hors agglomération,Hors intersection,Normale,Deux véhicules - côté,,,,,,,,,,,1,1,1,1.0,3.0
201000056741,0010-07-01 08:40:00,10,7,1,8,40,780,524,A13,,,Plein jour,Hors agglomération,Hors intersection,Normale,Sans collision,,,,,,,,,,,1,1,1,1.0,7.0
201000056742,0010-07-01 17:00:00,10,7,1,17,0,780,140,A13,,,Plein jour,Hors agglomération,Hors intersection,Normale,Deux véhicules - côté,,,,,,,,,,,1,1,1,1.0,3.0
201000056743,0010-07-02 09:15:00,10,7,2,9,15,780,431,A13,,,Plein jour,Hors agglomération,Hors intersection,Normale,Autre collision,,,,,,,,,,,1,1,1,1.0,6.0
201000056744,0010-07-03 09:50:00,10,7,3,9,50,920,50,A14,,,Plein jour,Hors agglomération,Hors intersection,Pluie forte,Autre collision,,,,,,,,,,,1,1,1,3.0,6.0
201000056745,0010-07-03 11:45:00,10,7,3,11,45,920,12,A13,,,Plein jour,Hors agglomération,Hors intersection,Pluie légère,Deux véhicules - arrière,,,,,,,,,,,1,1,1,2.0,2.0
201000056746,0010-07-05 10:30:00,10,7,5,10,30,920,64,A13,,,Plein jour,Hors agglomération,Hors intersection,Normale,Trois véhicules et plus - collisions multiples,,,,,,,,,,,1,1,1,1.0,5.0
201000056747,0010-07-05 19:25:00,10,7,5,19,25,920,36,RN315 Y,,,Plein jour,Hors agglomération,Hors intersection,Normale,Deux véhicules - côté,,,,,,,,,,,1,1,1,1.0,3.0
201000056748,0010-07-06 17:55:00,10,7,6,17,55,920,64,A13,,,Plein jour,Hors agglomération,Hors intersection,Normale,Deux véhicules - arrière,,,,,,,,,,,1,1,1,1.0,2.0
201000056749,0010-07-06 20:00:00,10,7,6,20,0,920,48,N118,,,Plein jour,Hors agglomération,Hors intersection,Normale,Trois véhicules et plus - en chaîne,,,,,,,,,,,1,1,1,1.0,4.0
201000056750,0010-07-06 21:15:00,10,7,6,21,15,920,64,A13,,,Plein jour,Hors agglomération,Hors intersection,Normale,Deux véhicules - arrière,,,,,,,,,,,1,1,1,1.0,2.0
201000056751,0010-07-10 09:35:00,10,7,10,9,35,780,640,N118,,,Plein jour,Hors agglomération,Hors intersection,Normale,Deux véhicules - arrière,,,,,,,,,,,1,1,1,1.0,2.0
201000056752,0010-07-07 11:00:00,10,7,7,11,0,780,297,RN12,,,Plein jour,Hors agglomération,Hors intersection,Normale,Deux véhicules - arrière,,,,,,,,,,,1,1,1,1.0,2.0
201000056753,0010-07-07 15:45:00,10,7,7,15,45,780,402,A13,,,Plein jour,Hors agglomération,Hors intersection,Normale,Deux véhicules - frontale,,,,,,,,,,,1,1,1,1.0,1.0
201000056754,0010-07-07 17:30:00,10,7,7,17,30,920,50,A14,,,Plein jour,Hors agglomération,Hors intersection,Normale,Deux véhicules - côté,,,,,,,,,,,1,1,1,1.0,3.0
201000056755,0010-07-07 20:05:00,10,7,7,20,5,780,640,A86 EXT,,,Plein jour,Hors agglomération,Hors intersection,Normale,Deux véhicules - côté,,,,,,,,,,,1,1,1,1.0,3.0
201000056756,0010-07-08 07:30:00,10,7,8,7,30,780,640,A86 EXT,,,Plein jour,Hors agglomération,Autre intersection,Normale,Trois véhicules et plus - en chaîne,,,,,,,,,,,1,1,9,1.0,4.0
201000056757,0010-07-08 08:55:00,10,7,8,8,55,780,322,A86 EXT,,,Plein jour,Hors agglomération,Hors intersection,Normale,Trois véhicules et plus - collisions multiples,,,,,,,,,,,1,1,1,1.0,5.0
201000056758,0010-07-08 18:20:00,10,7,8,18,20,780,466,A13,,,Plein jour,Hors agglomération,Hors intersection,Normale,Trois véhicules et plus - en chaîne,,,,,,,,,,,1,1,1,1.0,4.0
201000056759,0010-07-09 08:40:00,10,7,9,8,40,780,158,A13,,,Plein jour,Hors agglomération,Hors intersection,Normale,Trois véhicules et plus - collisions multiples,,,,,,,,,,,1,1,1,1.0,5.0
201000056760,0010-07-09 18:15:00,10,7,9,18,15,920,50,A14,,,Nuit avec éclairage allumé,Hors agglomération,Hors intersection,Normale,Sans collision,,,,,,,,,,,5,1,1,1.0,7.0
201000056761,0010-07-11 15:45:00,10,7,11,15,45,780,431,A13,,,Plein jour,Hors agglomération,Hors intersection,Normale,Deux véhicules - côté,,,,,,,,,,,1,1,1,1.0,3.0
201000056762,0010-07-12 01:12:00,10,7,12,1,12,780,646,RN12,,,Nuit avec éclairage allumé,Hors agglomération,Hors intersection,Normale,Autre collision,,,,,,,,,,,5,1,1,1.0,6.0