accident_id,datetime,annee,mois,jour,heure,minute,departement,commune_insee,adresse,latitude,longitude,luminosite,agglomeration,intersection,meteo,collision,nb_vehicules,nb_usagers,nb_indemnes,nb_tues,nb_blesses_hosp,nb_blesses_legers,age_cond_1,age_cond_2,veh_type_cond_1,veh_type_cond_2,lum_code,agg_code,int_code,atm_code,col_code
201000056900,0010-10-18 12:35:00,10,10,18,12,35,920,12,A13,,,Plein jour,Hors agglomération,Hors intersection,Normale,Trois véhicules et plus - collisions multiples,,,,,,,,,,,1,1,1,1.0,5.0
201000056901,0010-10-18 20:00:00,10,10,18,20,0,920,48,N118,,,Nuit avec éclairage non allumé,Hors agglomération,Hors intersection,Normale,Trois véhicules et plus - en chaîne,,,,,,,,,,,4,1,1,1.0,4.0
201000056902,0010-10-19 18:05:00,10,10,19,18,5,920,25,A86,,,Crépuscule ou aube,Hors agglomération,Hors intersection,Normale,Sans collision,,,,,,,,,,,2,1,1,1.0,7.0
201000056903,0010-10-20 08:30:00,10,10,20,8,30,780,524,A13,,,Plein jour,Hors agglomération,Hors intersection,Normale,Deux véhicules - arrière,,,,,,,,,,,1,1,1,1.0,2.0
201000056904,0010-10-20 15:20:00,10,10,20,15,20,780,524,A13,,,Plein jour,Hors agglomération,Hors intersection,Normale,Deux véhicules - côté,,,,,,,,,,,1,1,1,1.0,3.0
201000056905,0010-10-20 16:00:00,10,10,20,16,0,780,73,A12 Y,,,Plein jour,Hors agglomération,Hors intersection,Normale,Trois véhicules et plus - en chaîne,,,,,,,,,,,1,1,1,1.0,4.0
201000056906,0010-10-21 08:20:00,10,10,21,8,20,920,50,A14,,,Plein jour,Hors agglomération,Hors intersection,Normale,Deux véhicules - côté,,,,,,,,,,,1,1,1,1.0,3.0
201000056907,0010-10-21 09:08:00,10,10,21,9,8,920,25,A86,,,Plein jour,Hors agglomération,Hors intersection,Normale,Deux véhicules - arrière,,,,,,,,,,,1,1,1,1.0,2.0
201000056908,0010-10-21 12:45:00,10,10,21,12,45,920,50,A86,,,Plein jour,Hors agglomération,Hors intersection,Normale,Trois véhicules et plus - en chaîne,,,,,,,,,,,1,1,1,1.0,4.0
201000056909,0010-10-22 07:30:00,10,10,22,7,30,780,238,A13,,,Nuit sans éclairage public,Hors agglomération,Hors intersection,Normale,Deux véhicules - arrière,,,,,,,,,,,3,1,1,1.0,2.0
201000056910,0010-10-22 09:00:00,10,10,22,9,0,920,36,A86,,,Plein jour,Hors agglomération,Hors intersection,Normale,Deux véhicules - côté,,,,,,,,,,,1,1,1,1.0,3.0
201000056911,0010-10-22 15:20:00,10,10,22,15,20,920,50,A86,,,Plein jour,Hors agglomération,Hors intersection,Normale,Deux véhicules - arrière,,,,,,,,,,,1,1,1,1.0,2.0
201000056912,0010-10-22 17:30:00,10,10,22,17,30,920,48,N118,,,Plein jour,Hors agglomération,Hors intersection,Normale,Deux véhicules - arrière,,,,,,,,,,,1,1,1,1.0,2.0
201000056913,0010-10-23 21:50:00,10,10,23,21,50,920,48,N118,,,Nuit avec éclairage allumé,Hors agglomération,Hors intersection,Normale,Autre collision,,,,,,,,,,,5,1,1,1.0,6.0
201000056914,0010-10-25 03:56:00,10,10,25,3,56,780,43,A13Y,,,Nuit avec éclairage non allumé,Hors agglomération,Hors intersection,Normale,Sans collision,,,,,,,,,,,4,1,1,1.0,7.0
201000056915,0010-10-25 13:30:00,10,10,25,13,30,780,455,A13,,,Plein jour,Hors agglomération,Hors intersection,Normale,Autre collision,,,,,,,,,,,1,1,1,1.0,6.0
201000056916,0010-10-26 07:35:00,10,10,26,7,35,920,48,N118,,,Nuit avec éclairage non allumé,Hors agglomération,Hors intersection,Normale,Trois véhicules et plus - collisions multiples,,,,,,,,,,,4,1,1,1.0,5.0
201000056917,0010-10-26 09:55:00,10,10,26,9,55,920,76,A13,,,Plein jour,Hors agglomération,Hors intersection,Normale,Deux véhicules - arrière,,,,,,,,,,,1,1,1,1.0,2.0
201000056918,0010-10-27 14:15:00,10,10,27,14,15,920,50,A86,,,Plein jour,Hors agglomération,Hors intersection,Normale,Deux véhicules - côté,,,,,,,,,,,1,1,1,1.0,3.0
201000056919,0010-10-28 00:05:00,10,10,28,0,5,780,7,A13 Y,,,Nuit sans éclairage public,Hors agglomération,Hors intersection,Pluie légère,Autre collision,,,,,,,,,,,3,1,1,2.0,6.0
201000056920,0010-10-29 00:05:00,10,10,29,0,5,920,36,A86,,,Nuit sans éclairage public,Hors agglomération,Hors intersection,Pluie légère,Autre collision,,,,,,,,,,,3,1,1,2.0,6.0
201000056921,0010-10-29 18:35:00,10,10,29,18,35,780,140,A13,,,Crépuscule ou aube,Hors agglomération,Hors intersection,Normale,Deux véhicules - arrière,,,,,,,,,,,2,1,1,1.0,2.0
201000056922,0010-10-31 02:15:00,10,10,31,2,15,780,466,A13,,,Nuit sans éclairage public,Hors agglomération,Hors intersection,Normale,Autre collision,,,,,,,,,,,3,1,1,1.0,6.0
201000056923,0010-10-31 04:05:00,10,10,31,4,5,780,362,A13,,,Nuit sans éclairage public,Hors agglomération,Hors intersection,Pluie légère,Autre collision,,,,,,,,,,,3,1,1,2.0,6.0
201000056924,0010-11-02 14:30:00,10,11,2,14,30,780,402,A13,,,Plein jour,Hors agglomération,Hors intersection,Normale,Autre collision,,,,,,,,,,,1,1,1,1.0,6.0
201000056925,0010-11-02 18:55:00,10,11,2,18,55,780,646,RN12,,,Nuit sans éclairage public,Hors agglomération,Hors intersection,Pluie légère,Deux véhicules - arrière,,,,,,,,,,,3,1,1,2.0,2.0
201000056926,0010-11-02 19:45:00,10,11,2,19,45,920,50,A14,,,Nuit avec éclairage allumé,Hors agglomération,Hors intersection,Normale,Trois véhicules et plus - en chaîne,,,,,,,,,,,5,1,1,1.0,4.0
201000056927,0010-11-04 01:05:00,10,11,4,1,5,780,206,A13,,,Nuit avec éclairage allumé,Hors agglomération,Hors intersection,Normale,Autre collision,,,,,,,,,,,5,1,1,1.0,6.0
201000056928,0010-11-04 20:05:00,10,11,4,20,5,780,362,A13,,,Nuit sans éclairage public,Hors agglomération,Hors intersection,Normale,Autre collision,,,,,,,,,,,3,1,1,1.0,6.0
201000056929,0010-11-11 14:50:00,10,11,11,14,50,750,116,A13 W,,,Plein jour,Hors agglomération,Hors intersection,Pluie forte,Deux véhicules - arrière,,,,,,,,,,,1,1,1,3.0,2.0
201000056930,0010-11-07 08:30:00,10,11,7,8,30,920,12,A13,,,Plein jour,Hors agglomération,Hors intersection,Pluie forte,Autre collision,,,,,,,,,,,1,1,1,3.0,6.0
201000056931,0010-11-08 14:15:00,10,11,8,14,15,780,402,A13,,,Plein jour,Hors agglomération,Hors intersection,Pluie légère,Autre collision,,,,,,,,,,,1,1,1,2.0,6.0
201000056932,0010-11-08 20:00:00,10,11,8,20,0,920,63,A86,,,Nuit sans éclairage public,Hors agglomération,Hors intersection,Normale,Trois véhicules et plus - collisions multiples,,,,,,,,,,,3,1,1,1.0,5.0
201000056933,0010-11-08 21:15:00,10,11,8,21,15,920,60,RN186,,,Nuit sans éclairage public,Hors agglomération,Hors intersection,Pluie légère,Autre collision,,,,,,,,,,,3,1,1,2.0,6.0
201000056934,0010-11-08 23:30:00,10,11,8,23,30,780,217,A13,,,Nuit sans éclairage public,Hors agglomération,Hors intersection,Temps couvert,Autre collision,,,,,,,,,,,3,1,1,8.0,6.0
201000056935,0010-11-09 04:50:00,10,11,9,4,50,780,646,RN12 W,,,Nuit sans éclairage public,Hors agglomération,Hors intersection,Pluie légère,Deux véhicules - arrière,,,,,,,,,,,3,1,1,2.0,2.0
201000056936,0010-11-09 07:20:00,10,11,9,7,20,920,50,A86,,,Plein jour,Hors agglomération,Hors intersection,Pluie légère,Deux véhicules - arrière,,,,,,,,,,,1,1,1,2.0,2.0
201000056937,0010-11-09 08:20:00,10,11,9,8,20,920,25,A86,,,Plein jour,Hors agglomération,Hors intersection,Pluie légère,Deux véhicules - arrière,,,,,,,,,,,1,1,1,2.0,2.0
201000056938,0010-11-09 11:00:00,10,11,9,11,0,920,47,A13,,,Plein jour,Hors agglomération,Hors intersection,Pluie légère,Deux véhicules - côté,,,,,,,,,,,1,1,1,2.0,3.0
201000056939,0010-11-09 10:10:00,10,11,9,10,10,920,64,A13,,,Plein jour,Hors agglomération,Hors intersection,Pluie légère,Trois véhicules et plus - en chaîne,,,,,,,,,,,1,1,1,2.0,4.0
201000056940,0010-11-09 19:25:00,10,11,9,19,25,920,48,N118,,,Nuit avec éclairage allumé,Hors agglomération,Hors intersection,Pluie légère,Trois véhicules et plus - en chaîne,,,,,,,,,,,5,1,1,2.0,4.0
201000056941,0010-11-10 08:00:00,10,11,10,8,0,920,36,A86,,,Crépuscule ou aube,Hors agglomération,Hors intersection,Temps couvert,Sans collision,,,,,,,,,,,2,1,1,8.0,7.0
201000056942,0010-11-10 19:30:00,10,11,10,19,30,920,26,RN1014 Y,,,Nuit avec éclairage allumé,Hors agglomération,Hors intersection,Normale,Deux véhicules - arrière,,,,,,,,,,,5,1,1,1.0,2.0
201000056943,0010-11-01 08:00:00,10,11,1,8,0,920,36,A86,,,Crépuscule ou aube,Hors agglomération,Hors intersection,Temps couvert,Autre collision,,,,,,,,,,,2,1,1,8.0,6.0
201000056944,0010-11-10 19:45:00,10,11,10,19,45,780,133,A13,,,Nuit sans éclairage public,Hors agglomération,Hors intersection,Temps couvert,Trois véhicules et plus - en chaîne,,,,,,,,,,,3,1,1,8.0,4.0
201000056945,0010-11-11 15:45:00,10,11,11,15,45,920,48,N118,,,Plein jour,Hors agglomération,Hors intersection,Pluie légère,Autre collision,,,,,,,,,,,1,1,1,2.0,6.0
201000056946,0010-11-11 17:08:00,10,11,11,17,8,780,165,RN12 INT,,,Nuit sans éclairage public,Hors agglomération,Hors intersection,Pluie légère,Autre collision,,,,,,,,,,,3,1,1,2.0,6.0
201000056947,0010-11-12 17:30:00,10,11,12,17,30,780,43,A12 Y,,,Nuit avec éclairage allumé,Hors agglomération,Hors intersection,Pluie légère,Sans collision,,,,,,,,,,,5,1,1,2.0,7.0
201000056948,0010-11-12 23:30:00,10,11,12,23,30,920,50,A14,,,Nuit avec éclairage allumé,Hors agglomération,Hors intersection,Normale,Sans collision,,,,,,,,,,,5,1,1,1.0,7.0
201000056949,0010-11-13 11:50:00,10,11,13,11,50,780,646,RN12,,,Plein jour,Hors agglomération,Hors intersection,Pluie légère,Autre collision,,,,,,,,,,,1,1,1,2.0,6.0
201000056950,0010-11-13 15:55:00,10,11,13,15,55,920,60,RN385,,,Crépuscule ou aube,Hors agglomération,Hors intersection,Pluie légère,Autre collision,,,,,,,,,,,2,1,1,2.0,6.0
201000056951,0010-11-14 17:25:00,10,11,14,17,25,780,238,A13,,,Crépuscule ou aube,Hors agglomération,Hors intersection,Temps couvert,Deux véhicules - arrière,,,,,,,,,,,2,1,1,8.0,2.0
201000056952,0010-11-15 08:10:00,10,11,15,8,10,780,43,A13W,,,Plein jour,Hors agglomération,Hors intersection,Normale,Sans collision,,,,,,,,,,,1,1,1,1.0,7.0
201000056953,0010-11-15 08:15:00,10,11,15,8,15,920,25,A86,,,Crépuscule ou aube,Hors agglomération,Hors intersection,Temps couvert,Deux véhicules - côté,,,,,,,,,,,2,1,1,8.0,3.0
201000056954,0010-11-15 12:10:00,10,11,15,12,10,780,402,A13,,,Plein jour,Hors agglomération,Hors intersection,Normale,Deux véhicules - côté,,,,,,,,,,,1,1,1,1.0,3.0
201000056955,0010-11-16 10:25:00,10,11,16,10,25,780,238,A13,,,Plein jour,Hors agglomération,Hors intersection,Normale,Deux véhicules - côté,,,,,,,,,,,1,1,1,1.0,3.0
201000056956,0010-11-16 12:30:00,10,11,16,12,30,780,140,A13,,,Plein jour,Hors agglomération,Hors intersection,Normale,Deux véhicules - arrière,,,,,,,,,,,1,1,1,1.0,2.0
201000056957,0010-11-17 12:30:00,10,11,17,12,30,920,50,A86,,,Plein jour,Hors agglomération,Hors intersection,Pluie légère,Sans collision,,,,,,,,,,,1,1,1,2.0,7.0
201000056958,0010-11-18 06:55:00,10,11,18,6,55,920,64,A13,,,Crépuscule ou aube,Hors agglomération,Hors intersection,Normale,Trois véhicules et plus - en chaîne,,,,,,,,,,,2,1,1,1.0,4.0
201000056959,0010-11-18 07:50:00,10,11,18,7,50,920,51,RN13,,,Crépuscule ou aube,Hors agglomération,Hors intersection,Normale,Deux véhicules - arrière,,,,,,,,,,,2,1,1,1.0,2.0
201000056960,0010-11-18 11:50:00,10,11,18,11,50,780,206,A13,,,Plein jour,Hors agglomération,Hors intersection,Normale,Autre collision,,,,,,,,,,,1,1,1,1.0,6.0
201000056961,0010-11-19 12:10:00,10,11,19,12,10,780,524,A13,,,Plein jour,Hors agglomération,Hors intersection,Pluie légère,Sans collision,,,,,,,,,,,1,1,1,2.0,7.0
201000056962,0010-11-19 17:45:00,10,11,19,17,45,920,48,N118,,,Nuit avec éclairage allumé,Hors agglomération,Hors intersection,Pluie légère,Sans collision,,,,,,,,,,,5,1,1,2.0,7.0
201000056963,0010-11-20 01:50:00,10,11,20,1,50,780,431,A13,,,Nuit avec éclairage non allumé,Hors agglomération,Hors intersection,Normale,Deux véhicules - arrière,,,,,,,,,,,4,1,1,1.0,2.0
201000056964,0010-11-20 04:00:00,10,11,20,4,0,780,490,RN12 INT,,,Nuit sans éclairage public,Hors agglomération,Hors intersection,Normale,Autre collision,,,,,,,,,,,3,1,1,1.0,6.0
201000056965,0010-11-20 18:30:00,10,11,20,18,30,920,23,RN186,,,Nuit avec éclairage allumé,Hors agglomération,Hors intersection,Normale,Deux véhicules - arrière,,,,,,,,,,,5,1,1,1.0,2.0
201000056966,0010-11-21 07:30:00,10,11,21,7,30,780,140,A13,,,Crépuscule ou aube,Hors agglomération,Hors intersection,Pluie légère,Deux véhicules - arrière,,,,,,,,,,,2,1,1,2.0,2.0
201000056967,0010-11-21 12:55:00,10,11,21,12,55,780,402,A13,,,Plein jour,Hors agglomération,Hors intersection,Pluie légère,Deux véhicules - côté,,,,,,,,,,,1,1,1,2.0,3.0
201000056968,0010-11-23 08:55:00,10,11,23,8,55,920,64,A13,,,Plein jour,Hors agglomération,Hors intersection,Normale,Deux véhicules - côté,,,,,,,,,,,1,1,1,1.0,3.0
201000056969,0010-11-23 09:10:00,10,11,23,9,10,920,47,A13,,,Plein jour,Hors agglomération,Hors intersection,Normale,Deux véhicules - arrière,,,,,,,,,,,1,1,1,1.0,2.0
201000056970,0010-11-24 10:28:00,10,11,24,10,28,920,64,A13,,,Plein jour,Hors agglomération,Hors intersection,Normale,Sans collision,,,,,,,,,,,1,1,1,1.0,7.0
201000056971,0010-11-24 04:30:00,10,11,24,4,30,780,402,A13,,,Nuit avec éclairage non allumé,Hors agglomération,Hors intersection,Pluie légère,Autre collision,,,,,,,,,,,4,1,1,2.0,6.0
201000056972,0010-11-24 08:30:00,10,11,24,8,30,920,72,N118,,,Plein jour,Hors agglomération,Hors intersection,Normale,Deux véhicules - côté,,,,,,,,,,,1,1,1,1.0,3.0
201000056973,0010-11-24 11:45:00,10,11,24,11,45,780,126,A13,,,Plein jour,Hors agglomération,Hors intersection,Normale,Trois véhicules et plus - en chaîne,,,,,,,,,,,1,1,1,1.0,4.0
201000056974,0010-11-24 11:30:00,10,11,24,11,30,780,158,A13,,,Plein jour,Hors agglomération,Hors intersection,Normale,Trois véhicules et plus - en chaîne,,,,,,,,,,,1,1,1,1.0,4.0
201000056975,0010-11-24 13:10:00,10,11,24,13,10,780,524,A13,,,Plein jour,Hors agglomération,Hors intersection,Normale,Trois véhicules et plus - en chaîne,,,,,,,,,,,1,1,1,1.0,4.0
201000056976,0010-11-25 16:45:00,10,11,25,16,45,920,50,A14,,,Plein jour,Hors agglomération,Hors intersection,Normale,Trois véhicules et plus - en chaîne,,,,,,,,,,,1,1,1,1.0,4.0
201000056977,0010-11-26 09:55:00,10,11,26,9,55,920,25,A86,,,Plein jour,Hors agglomération,Hors intersection,Normale,Autre collision,,,,,,,,,,,1,1,1,1.0,6.0
201000056978,0010-11-27 06:20:00,10,11,27,6,20,920,64,A13,,,Nuit avec éclairage allumé,Hors agglomération,Hors intersection,Normale,Sans collision,,,,,,,,,,,5,1,1,1.0,7.0
201000056979,0010-11-28 03:20:00,10,11,28,3,20,780,362,A13,,,Nuit avec éclairage allumé,Hors agglomération,Hors intersection,Normale,Deux véhicules - arrière,,,,,,,,,,,5,1,1,1.0,2.0
201000056980,0010-11-28 06:15:00,10,11,28,6,15,920,48,N118,,,Nuit avec éclairage allumé,Hors agglomération,Hors intersection,Normale,Autre collision,,,,,,,,,,,5,1,1,1.0,6.0
201000056981,0010-11-28 16:45:00,10,11,28,16,45,780,140,A13,,,Crépuscule ou aube,Hors agglomération,Hors intersection,Normale,Deux véhicules - côté,,,,,,,,,,,2,1,1,1.0,3.0
201000056982,0010-11-28 23:00:00,10,11,28,23,0,780,126,A13,,,Nuit avec éclairage non allumé,Hors agglomération,Hors intersection,Temps couvert,Autre collision,,,,,,,,,,,4,1,1,8.0,6.0
201000056983,0010-12-02 21:55:00,10,12,2,21,55,780,490,RN12 EXT,,,Nuit sans éclairage public,Hors agglomération,Hors intersection,Normale,Sans collision,,,,,,,,,,,3,1,1,1.0,7.0
201000056984,0010-12-06 07:20:00,10,12,6,7,20,780,321,RN12 INT,,,Crépuscule ou aube,Hors agglomération,Hors intersection,Neige / grêle,Trois véhicules et plus - en chaîne,,,,,,,,,,,2,1,1,4.0,4.0
201000056985,0010-12-06 16:50:00,10,12,6,16,50,780,208,RN12 EXT,,,Crépuscule ou aube,Hors agglomération,Hors intersection,Temps couvert,Deux véhicules - côté,,,,,,,,,,,2,1,1,8.0,3.0
201000056986,0010-12-07 22:25:00,10,12,7,22,25,780,402,A13,,,Nuit avec éclairage non allumé,Hors agglomération,Hors intersection,Normale,Deux véhicules - arrière,,,,,,,,,,,4,1,1,1.0,2.0
201000056987,0010-12-08 09:50:00,10,12,8,9,50,920,48,N118,,,Plein jour,Hors agglomération,Hors intersection,Pluie légère,Sans collision,,,,,,,,,,,1,1,1,2.0,7.0
201000056988,0010-12-09 20:40:00,10,12,9,20,40,780,423,RN12,,,Nuit sans éclairage public,Hors agglomération,Hors intersection,Temps couvert,Autre collision,,,,,,,,,,,3,1,1,8.0,6.0
201000056989,0010-12-09 22:10:00,10,12,9,22,10,780,118,A13,,,Nuit avec éclairage allumé,Hors agglomération,Hors intersection,Normale,Autre collision,,,,,,,,,,,5,1,1,1.0,6.0
201000056990,0010-12-11 07:38:00,10,12,11,7,38,780,206,A13,,,Nuit sans éclairage public,Hors agglomération,Hors intersection,Normale,Deux véhicules - arrière,,,,,,,,,,,3,1,1,1.0,2.0
201000056991,0010-12-11 09:45:00,10,12,11,9,45,780,402,A13,,,Plein jour,Hors agglomération,Hors intersection,Normale,Sans collision,,,,,,,,,,,1,1,1,1.0,7.0
201000056992,0010-12-13 07:00:00,10,12,13,7,0,920,36,A86,,,Crépuscule ou aube,Hors agglomération,Hors intersection,Normale,Trois véhicules et plus - en chaîne,,,,,,,,,,,2,1,1,1.0,4.0
201000056993,0010-12-14 07:50:00,10,12,14,7,50,780,423,RN12 EXT,,,Crépuscule ou aube,Hors agglomération,Hors intersection,Pluie légère,Deux véhicules - arrière,,,,,,,,,,,2,1,1,2.0,2.0
201000056994,0010-12-14 08:25:00,10,12,14,8,25,780,545,A12W,,,Plein jour,Hors agglomération,Hors intersection,Normale,Deux véhicules - côté,,,,,,,,,,,1,1,1,1.0,3.0
201000056995,0010-12-14 08:45:00,10,12,14,8,45,920,36,A86,,,Plein jour,Hors agglomération,Hors intersection,Normale,Deux véhicules - arrière,,,,,,,,,,,1,1,1,1.0,2.0
201000056996,0010-12-14 15:20:00,10,12,14,15,20,780,242,A12Y,,,Plein jour,Hors agglomération,Hors intersection,Normale,Autre collision,,,,,,,,,,,1,1,1,1.0,6.0
201000056997,0010-12-17 01:50:00,10,12,17,1,50,920,64,A13,,,Nuit avec éclairage allumé,Hors agglomération,Hors intersection,Neige / grêle,Autre collision,,,,,,,,,,,5,1,1,4.0,6.0
201000056998,0010-12-17 04:50:00,10,12,17,4,50,920,25,A86,,,Nuit avec éclairage non allumé,Hors agglomération,Hors intersection,Brouillard / fumée,Deux véhicules - arrière,,,,,,,,,,,4,1,1,5.0,2.0
201000056999,0010-12-17 12:20:00,10,12,17,12,20,780,117,RN12,,,Plein jour,Hors agglomération,Hors intersection,Normale,Deux véhicules - arrière,,,,,,,,,,,1,1,1,1.0,2.0
201000057000,0010-12-17 13:25:00,10,12,17,13,25,780,73,RN12 INT,,,Plein jour,Hors agglomération,Hors intersection,Normale,Autre collision,,,,,,,,,,,1,1,1,1.0,6.0
201000057001,0010-12-18 14:15:00,10,12,18,14,15,920,64,A13,,,Plein jour,Hors agglomération,Hors intersection,Temps couvert,Autre collision,,,,,,,,,,,1,1,1,8.0,6.0
201000057002,0010-12-21 14:00:00,10,12,21,14,0,920,51,RN13,,,Plein jour,Hors agglomération,Hors intersection,Normale,Deux véhicules - côté,,,,,,,,,,,1,1,1,1.0,3.0
201000057003,0010-12-22 10:00:00,10,12,22,10,0,780,646,RN12,,,Plein jour,Hors agglomération,Hors intersection,Normale,Deux véhicules - côté,,,,,,,,,,,1,1,1,1.0,3.0
201000057004,0010-12-22 14:55:00,10,12,22,14,55,780,43,A12 Y,,,Plein jour,Hors agglomération,Hors intersection,Normale,Autre collision,,,,,,,,,,,1,1,1,1.0,6.0
201000057005,0010-12-23 05:30:00,10,12,23,5,30,780,43,A13Y,,,Nuit sans éclairage public,Hors agglomération,Hors intersection,Neige / grêle,Trois véhicules et plus - collisions multiples,,,,,,,,,,,3,1,1,4.0,5.0
201000057006,0010-12-24 10:20:00,10,12,24,10,20,780,423,RN12,,,Plein jour,Hors agglomération,Hors intersection,Neige / grêle,Autre collision,,,,,,,,,,,1,1,1,4.0,6.0
201000057007,0010-12-26 05:45:00,10,12,26,5,45,920,64,A13,,,Nuit avec éclairage allumé,Hors agglomération,Hors intersection,Normale,Deux véhicules - arrière,,,,,,,,,,,5,1,1,1.0,2.0
201000057008,0010-12-27 19:00:00,10,12,27,19,0,780,545,A12 W,,,Nuit avec éclairage allumé,Hors agglomération,Hors intersection,Pluie légère,Deux véhicules - côté,,,,,,,,,,,5,1,1,2.0,3.0
201000057009,0010-12-28 07:15:00,10,12,28,7,15,780,117,RN12,,,Nuit sans éclairage public,Hors agglomération,Hors intersection,Pluie légère,Autre collision,,,,,,,,,,,3,1,1,2.0,6.0
201000057010,0010-12-28 09:20:00,10,12,28,9,20,780,117,RN12,,,Plein jour,Hors agglomération,Hors intersection,Normale,Autre collision,,,,,,,,,,,1,1,1,1.0,6.0
201000057011,0010-12-30 03:25:00,10,12,30,3,25,780,206,A13,,,Nuit sans éclairage public,Hors agglomération,Hors intersection,Brouillard / fumée,Autre collision,,,,,,,,,,,3,1,1,5.0,6.0
201000057012,0010-12-30 08:48:00,10,12,30,8,48,780,291,A13,,,Plein jour,Hors agglomération,Hors intersection,Temps couvert,Deux véhicules - côté,,,,,,,,,,,1,1,1,8.0,3.0
201000057013,0010-12-31 21:55:00,10,12,31,21,55,780,321,RN12 INT,,,Nuit sans éclairage public,Hors agglomération,Hors intersection,Normale,Deux véhicules - arrière,,,,,,,,,,,3,1,1,1.0,2.0
201000057014,0010-01-01 08:20:00,10,1,1,8,20,770,384,AUTOROUTE A5A,,,Crépuscule ou aube,Hors agglomération,Hors intersection,Temps couvert,Sans collision,,,,,,,,,,,2,1,1,8.0,7.0
201000057015,0010-01-01 19:42:00,10,1,1,19,42,770,384,AUTOROUTE A5A,,,Nuit sans éclairage public,Hors agglomération,Hors intersection,Normale,Autre collision,,,,,,,,,,,3,1,1,1.0,6.0
201000057016,0010-01-02 05:38:00,10,1,2,5,38,910,161,AUTOROUTE A6,,,Nuit avec éclairage allumé,Hors agglomération,Hors intersection,Normale,Sans collision,,,,,,,,,,,5,1,1,1.0,7.0
201000057017,0010-01-02 18:30:00,10,1,2,18,30,910,174,RN 104,,,Nuit sans éclairage public,Hors agglomération,Hors intersection,Normale,Trois véhicules et plus - en chaîne,,,,,,,,,,,3,1,1,1.0,4.0
201000057018,0010-01-04 15:25:00,10,1,4,15,25,920,2,RN 385 Extèrieure,,,Plein jour,Hors agglomération,Hors intersection,Normale,Deux véhicules - côté,,,,,,,,,,,1,1,1,1.0,3.0
201000057019,0010-01-06 14:40:00,10,1,6,14,40,910,689,AUTOROUTE A6B,,,Plein jour,Hors agglomération,Hors intersection,Normale,Deux véhicules - côté,,,,,,,,,,,1,1,1,1.0,3.0
201000057020,0010-01-12 11:30:00,10,1,12,11,30,910,174,AUTOROUTE A6,,,Plein jour,Hors agglomération,Hors intersection,Neige / grêle,Deux véhicules - arrière,,,,,,,,,,,1,1,1,4.0,2.0
201000057021,0010-01-07 12:47:00,10,1,7,12,47,910,340,RN 104,,,Plein jour,Hors agglomération,Hors intersection,Neige / grêle,Deux véhicules - côté,,,,,,,,,,,1,1,1,4.0,3.0
201000057022,0010-01-07 23:45:00,10,1,7,23,45,910,161,AUTOROUTE A6,,,Nuit avec éclairage allumé,Hors agglomération,Hors intersection,Neige / grêle,Sans collision,,,,,,,,,,,5,1,1,4.0,7.0
201000057023,0010-01-08 05:25:00,10,1,8,5,25,910,340,AUTOROUTE A6,,,Nuit sans éclairage public,Hors agglomération,Hors intersection,Neige / grêle,Sans collision,,,,,,,,,,,3,1,1,4.0,7.0
201000057024,0010-01-08 22:00:00,10,1,8,22,0,910,534,RN 118,,,Nuit sans éclairage public,Hors agglomération,Hors intersection,Autre,Sans collision,,,,,,,,,,,3,1,1,9.0,7.0
201000057025,0010-01-10 00:01:00,10,1,10,0,1,940,38,AUTOROUTE A6A,48.7888,2.34455,Nuit avec éclairage allumé,Hors agglomération,Hors intersection,Autre,Sans collision,,,,,,,,,,,5,1,1,9.0,7.0
201000057026,0010-01-10 00:01:00,10,1,10,0,1,910,64,RN 118,,,Nuit sans éclairage public,Hors agglomération,Hors intersection,Pluie légère,Trois véhicules et plus - collisions multiples,,,,,,,,,,,3,1,1,2.0,5.0
201000057027,0010-01-10 00:41:00,10,1,10,0,41,940,38,AUTOROUTE A6A,48.7887,2.34438,Nuit avec éclairage allumé,Hors agglomération,Hors intersection,Pluie légère,Deux véhicules - arrière,,,,,,,,,,,5,1,1,2.0,2.0
201000057028,0010-01-10 02:45:00,10,1,10,2,45,910,103,RN 104,,,Nuit sans éclairage public,Hors agglomération,Hors intersection,Autre,Trois véhicules et plus - collisions multiples,,,,,,,,,,,3,1,1,9.0,5.0
201000057029,0010-01-10 06:00:00,10,1,10,6,0,910,340,AUTOROUTE A6,,,Crépuscule ou aube,Hors agglomération,Hors intersection,Neige / grêle,Sans collision,,,,,,,,,,,2,1,1,4.0,7.0
201000057030,0010-01-10 05:56:00,10,1,10,5,56,910,661,AUTOROUTE A10,,,Nuit sans éclairage public,Hors agglomération,Hors intersection,Pluie légère,Deux véhicules - arrière,,,,,,,,,,,3,1,1,2.0,2.0
201000057031,0010-01-10 07:07:00,10,1,10,7,7,940,21,AUTOROUTE A6A,48.7631,2.34133,Crépuscule ou aube,Hors agglomération,Hors intersection,Neige / grêle,Deux véhicules - côté,,,,,,,,,,,2,1,1,4.0,3.0