accident_id,datetime,annee,mois,jour,heure,minute,departement,commune_insee,adresse,latitude,longitude,luminosite,agglomeration,intersection,meteo,collision,nb_vehicules,nb_usagers,nb_indemnes,nb_tues,nb_blesses_hosp,nb_blesses_legers,age_cond_1,age_cond_2,veh_type_cond_1,veh_type_cond_2,lum_code,agg_code,int_code,atm_code,col_code
201000057032,0010-01-10 09:22:00,10,1,10,9,22,910,136,RN20,,,Plein jour,Hors agglomération,Hors intersection,Pluie légère,Autre collision,,,,,,,,,,,1,1,1,2.0,6.0
201000057033,0010-01-12 08:34:00,10,1,12,8,34,910,161,AUTOROUTE A6,,,Plein jour,Hors agglomération,Hors intersection,Normale,Deux véhicules - côté,,,,,,,,,,,1,1,1,1.0,3.0
201000057034,0010-01-12 10:50:00,10,1,12,10,50,910,659,AUTOROUTE A6,,,Plein jour,Hors agglomération,Hors intersection,Normale,Trois véhicules et plus - collisions multiples,,,,,,,,,,,1,1,1,1.0,5.0
201000057035,0010-01-12 14:06:00,10,1,12,14,6,770,495,RN 105,,,Plein jour,Hors agglomération,Hors intersection,Normale,Sans collision,,,,,,,,,,,1,1,1,1.0,7.0
201000057036,0010-01-12 23:00:00,10,1,12,23,0,910,64,RN 118,,,Nuit sans éclairage public,Hors agglomération,Hors intersection,Neige / grêle,Autre collision,,,,,,,,,,,3,1,1,4.0,6.0
201000057037,0010-01-13 18:50:00,10,1,13,18,50,940,3,AUTOROUTE A6A,48.8037,2.34183,Nuit avec éclairage allumé,Hors agglomération,Hors intersection,Temps couvert,Deux véhicules - arrière,,,,,,,,,,,5,1,1,8.0,2.0
201000057038,0010-01-13 21:40:00,10,1,13,21,40,910,161,AUTOROUTE A6,,,Nuit avec éclairage allumé,Hors agglomération,Hors intersection,Pluie légère,Deux véhicules - arrière,,,,,,,,,,,5,1,1,2.0,2.0
201000057039,0010-01-14 04:40:00,10,1,14,4,40,910,534,RN 118,,,Nuit sans éclairage public,Hors agglomération,Hors intersection,Normale,Sans collision,,,,,,,,,,,3,1,1,1.0,7.0
201000057040,0010-01-14 08:53:00,10,1,14,8,53,910,471,RN 188 CHEVREUSE,,,Plein jour,Hors agglomération,Hors intersection,Normale,Sans collision,,,,,,,,,,,1,1,1,1.0,7.0
201000057041,0010-01-14 13:56:00,10,1,14,13,56,910,689,AUTOROUTE A6,,,Plein jour,Hors agglomération,Hors intersection,Normale,Deux véhicules - arrière,,,,,,,,,,,1,1,1,1.0,2.0
201000057042,0010-01-14 15:10:00,10,1,14,15,10,910,235,RN 104,,,Plein jour,Hors agglomération,Hors intersection,Normale,Sans collision,,,,,,,,,,,1,1,1,1.0,7.0
201000057043,0010-01-15 11:06:00,10,1,15,11,6,940,38,AUTOROUTE A6B,48.7889,2.34505,Plein jour,Hors agglomération,Hors intersection,Normale,Autre collision,,,,,,,,,,,1,1,1,1.0,6.0
201000057044,0010-01-15 15:32:00,10,1,15,15,32,910,689,AUTOROUTE A6B,,,Plein jour,Hors agglomération,Hors intersection,Normale,Deux véhicules - côté,,,,,,,,,,,1,1,1,1.0,3.0
201000057045,0010-01-16 00:05:00,10,1,16,0,5,910,136,RN 188 PARIS / A 10 PROV,,,Nuit sans éclairage public,Hors agglomération,Hors intersection,Normale,Autre collision,,,,,,,,,,,3,1,1,1.0,6.0
201000057046,0010-01-17 01:40:00,10,1,17,1,40,920,19,RN 385 Extèrieure,,,Nuit sans éclairage public,Hors agglomération,Hors intersection,Pluie forte,Sans collision,,,,,,,,,,,3,1,1,3.0,7.0
201000057047,0010-01-17 02:30:00,10,1,17,2,30,920,2,AUTOROUTE A86,,,Nuit sans éclairage public,Hors agglomération,Hors intersection,Pluie légère,Deux véhicules - côté,,,,,,,,,,,3,1,1,2.0,3.0
201000057048,0010-01-17 15:25:00,10,1,17,15,25,910,64,RN 118,,,Plein jour,Hors agglomération,Hors intersection,Normale,Sans collision,,,,,,,,,,,1,1,1,1.0,7.0
201000057049,0010-01-17 19:30:00,10,1,17,19,30,910,64,RN 118,,,Nuit sans éclairage public,Hors agglomération,Hors intersection,Normale,Deux véhicules - côté,,,,,,,,,,,3,1,1,1.0,3.0
201000057050,0010-01-18 07:22:00,10,1,18,7,22,910,37,AUTOROUTE A6,,,Nuit sans éclairage public,Hors agglomération,Hors intersection,Brouillard / fumée,Deux véhicules - arrière,,,,,,,,,,,3,1,1,5.0,2.0
201000057051,0010-01-18 07:32:00,10,1,18,7,32,910,617,RN 104,,,Nuit avec éclairage allumé,Hors agglomération,Hors intersection,Brouillard / fumée,Trois véhicules et plus - en chaîne,,,,,,,,,,,5,1,1,5.0,4.0
201000057052,0010-01-18 16:30:00,10,1,18,16,30,910,64,RN 118,,,Plein jour,Hors agglomération,Hors intersection,Temps couvert,Autre collision,,,,,,,,,,,1,1,1,8.0,6.0
201000057053,0010-01-18 20:20:00,10,1,18,20,20,940,38,AUTOROUTE A6B,48.7721,2.34521,Nuit sans éclairage public,Hors agglomération,Hors intersection,Normale,Sans collision,,,,,,,,,,,3,1,1,1.0,7.0
201000057054,0010-01-19 08:45:00,10,1,19,8,45,910,64,RN 118,,,Plein jour,Hors agglomération,Autre intersection,Brouillard / fumée,Deux véhicules - arrière,,,,,,,,,,,1,1,9,5.0,2.0
201000057055,0010-01-19 19:36:00,10,1,19,19,36,910,340,AUTOROUTE A6,,,Nuit avec éclairage allumé,Hors agglomération,Hors intersection,Pluie légère,Autre collision,,,,,,,,,,,5,1,1,2.0,6.0
201000057056,0010-01-19 20:49:00,10,1,19,20,49,770,495,AUTOROUTE A5A,,,Nuit sans éclairage public,Hors agglomération,Hors intersection,Normale,Deux véhicules - côté,,,,,,,,,,,3,1,1,1.0,3.0
201000057057,0010-01-20 01:00:00,10,1,20,1,0,910,64,RN 118,,,Nuit sans éclairage public,Hors agglomération,Hors intersection,Normale,Deux véhicules - arrière,,,,,,,,,,,3,1,1,1.0,2.0
201000057058,0010-01-21 08:45:00,10,1,21,8,45,910,659,AUTOROUTE A6,,,Plein jour,Hors agglomération,Hors intersection,Normale,Deux véhicules - côté,,,,,,,,,,,1,1,1,1.0,3.0
201000057059,0010-01-21 09:45:00,10,1,21,9,45,910,589,AUTOROUTE A6,,,Plein jour,Hors agglomération,Hors intersection,Temps couvert,Deux véhicules - côté,,,,,,,,,,,1,1,1,8.0,3.0
201000057060,0010-01-21 09:59:00,10,1,21,9,59,940,21,AUTOROUTE A106,48.7628,2.34438,Plein jour,Hors agglomération,Hors intersection,Normale,Sans collision,,,,,,,,,,,1,1,1,1.0,7.0
201000057061,0010-01-21 11:24:00,10,1,21,11,24,770,495,RN 105,,,Plein jour,Hors agglomération,Autre intersection,Temps couvert,Sans collision,,,,,,,,,,,1,1,9,8.0,7.0
201000057062,0010-01-21 15:51:00,10,1,21,15,51,910,312,RN 444,,,Plein jour,Hors agglomération,Hors intersection,Normale,Deux véhicules - côté,,,,,,,,,,,1,1,1,1.0,3.0
201000057063,0010-01-21 20:05:00,10,1,21,20,5,910,174,RN 337,,,Nuit sans éclairage public,Hors agglomération,Hors intersection,Normale,Sans collision,,,,,,,,,,,3,1,1,1.0,7.0
201000057064,0010-01-22 18:41:00,10,1,22,18,41,940,34,AUTOROUTE A6B,48.756,2.33376,Nuit sans éclairage public,Hors agglomération,Hors intersection,Normale,Deux véhicules - côté,,,,,,,,,,,3,1,1,1.0,3.0
201000057065,0010-01-23 00:53:00,10,1,23,0,53,910,617,RN 104,,,Nuit avec éclairage allumé,Hors agglomération,Hors intersection,Normale,Deux véhicules - arrière,,,,,,,,,,,5,1,1,1.0,2.0
201000057066,0010-01-23 07:10:00,10,1,23,7,10,920,19,RN 385 Extèrieure,,,Nuit avec éclairage allumé,Hors agglomération,Hors intersection,Pluie légère,Deux véhicules - côté,,,,,,,,,,,5,1,1,2.0,3.0
201000057067,0010-01-23 23:42:00,10,1,23,23,42,940,34,AUTOROUTE A86,48.7616,2.31551,Nuit avec éclairage allumé,Hors agglomération,Hors intersection,Normale,Deux véhicules - arrière,,,,,,,,,,,5,1,1,1.0,2.0
201000057068,0010-01-24 01:10:00,10,1,24,1,10,910,174,RN 104,,,Nuit avec éclairage allumé,Hors agglomération,Hors intersection,Normale,Autre collision,,,,,,,,,,,5,1,1,1.0,6.0
201000057069,0010-01-24 18:52:00,10,1,24,18,52,910,161,AUTOROUTE A6,,,Nuit sans éclairage public,Hors agglomération,Hors intersection,Temps couvert,Deux véhicules - frontale,,,,,,,,,,,3,1,1,8.0,1.0
201000057070,0010-01-25 01:50:00,10,1,25,1,50,940,21,AUTOROUTE A6A,,,Nuit avec éclairage allumé,Hors agglomération,Hors intersection,Normale,Deux véhicules - arrière,,,,,,,,,,,5,1,1,1.0,2.0
201000057071,0010-01-23 12:55:00,10,1,23,12,55,910,64,RN 118,,,Plein jour,Hors agglomération,Hors intersection,Temps couvert,Autre collision,,,,,,,,,,,1,1,1,8.0,6.0
201000057072,0010-01-22 17:49:00,10,1,22,17,49,910,340,AUTOROUTE A6,,,Plein jour,Hors agglomération,Hors intersection,Normale,Deux véhicules - arrière,,,,,,,,,,,1,1,1,1.0,2.0
201000057073,0010-01-28 09:58:00,10,1,28,9,58,910,312,RN 444,,,Plein jour,Hors agglomération,Hors intersection,Temps couvert,Deux véhicules - côté,,,,,,,,,,,1,1,1,8.0,3.0
201000057074,0010-01-28 22:15:00,10,1,28,22,15,940,34,AUTOROUTE A6B,48.759,2.33686,Nuit avec éclairage allumé,Hors agglomération,Hors intersection,Normale,Sans collision,,,,,,,,,,,5,1,1,1.0,7.0
201000057075,0010-01-29 01:13:00,10,1,29,1,13,940,3,AUTOROUTE A6A,48.8006,2.34202,Nuit avec éclairage allumé,Hors agglomération,Hors intersection,Pluie légère,Sans collision,,,,,,,,,,,5,1,1,2.0,7.0
201000057076,0010-01-31 16:50:00,10,1,31,16,50,910,377,AUTOROUTE A10,,,Plein jour,Hors agglomération,Hors intersection,Normale,Deux véhicules - arrière,,,,,,,,,,,1,1,1,1.0,2.0
201000057077,0010-02-02 08:34:00,10,2,2,8,34,910,521,AUTOROUTE A6,,,Crépuscule ou aube,Hors agglomération,Hors intersection,Temps couvert,Deux véhicules - arrière,,,,,,,,,,,2,1,1,8.0,2.0
201000057078,0010-02-02 12:26:00,10,2,2,12,26,750,13,AUTOROUTE A6B,,,Plein jour,Hors agglomération,Hors intersection,Pluie légère,Deux véhicules - côté,,,,,,,,,,,1,1,1,2.0,3.0
201000057079,0010-02-04 02:20:00,10,2,4,2,20,910,468,AUTOROUTE A6,,,Nuit sans éclairage public,Hors agglomération,Hors intersection,Normale,Autre collision,,,,,,,,,,,3,1,1,1.0,6.0
201000057080,0010-02-04 11:00:00,10,2,4,11,0,910,521,RN 441,,,Plein jour,Hors agglomération,Autre intersection,Normale,Sans collision,,,,,,,,,,,1,1,9,1.0,7.0
201000057081,0010-02-04 16:13:00,10,2,4,16,13,910,589,AUTOROUTE A6,,,Plein jour,Hors agglomération,Hors intersection,Normale,Deux véhicules - arrière,,,,,,,,,,,1,1,1,1.0,2.0
201000057082,0010-02-04 18:20:00,10,2,4,18,20,910,161,AUTOROUTE A6,,,Crépuscule ou aube,Hors agglomération,Hors intersection,Normale,Trois véhicules et plus - collisions multiples,,,,,,,,,,,2,1,1,1.0,5.0
201000057083,0010-02-05 19:50:00,10,2,5,19,50,910,377,AUTOROUTE A10,,,Nuit sans éclairage public,Hors agglomération,Hors intersection,Normale,Sans collision,,,,,,,,,,,3,1,1,1.0,7.0
201000057084,0010-02-06 02:55:00,10,2,6,2,55,910,521,AUTOROUTE A6,,,Nuit sans éclairage public,Hors agglomération,Hors intersection,Pluie légère,Deux véhicules - frontale,,,,,,,,,,,3,1,1,2.0,1.0
201000057085,0010-02-06 13:30:00,10,2,6,13,30,910,617,RN 104,,,Plein jour,Hors agglomération,Hors intersection,Pluie légère,Autre collision,,,,,,,,,,,1,1,1,2.0,6.0
201000057086,0010-02-06 17:30:00,10,2,6,17,30,910,64,RN 118,,,Plein jour,Hors agglomération,Hors intersection,Normale,Sans collision,,,,,,,,,,,1,1,1,1.0,7.0
201000057087,0010-02-08 03:50:00,10,2,8,3,50,910,553,RN 104,,,Nuit avec éclairage allumé,Hors agglomération,Hors intersection,Normale,Sans collision,,,,,,,,,,,5,1,1,1.0,7.0
201000057088,0010-02-08 06:59:00,10,2,8,6,59,910,377,AUTOROUTE A10,,,Nuit sans éclairage public,Hors agglomération,Hors intersection,Normale,Deux véhicules - arrière,,,,,,,,,,,3,1,1,1.0,2.0
201000057089,0010-02-08 08:51:00,10,2,8,8,51,910,161,AUTOROUTE A6,,,Crépuscule ou aube,Hors agglomération,Hors intersection,Pluie légère,Autre collision,,,,,,,,,,,2,1,1,2.0,6.0
201000057090,0010-02-08 18:08:00,10,2,8,18,8,910,687,AUTOROUTE A6,,,Nuit sans éclairage public,Hors agglomération,Hors intersection,Pluie légère,Deux véhicules - arrière,,,,,,,,,,,3,1,1,2.0,2.0
201000057091,0010-02-11 09:18:00,10,2,11,9,18,940,34,AUTOROUTE A6A,48.7586,2.33699,Plein jour,Hors agglomération,Hors intersection,Neige / grêle,Sans collision,,,,,,,,,,,1,1,1,4.0,7.0
201000057092,0010-02-11 11:20:00,10,2,11,11,20,940,3,AUTOROUTE A6A,48.8111,2.33754,Plein jour,Hors agglomération,Hors intersection,Neige / grêle,Trois véhicules et plus - collisions multiples,,,,,,,,,,,1,1,1,4.0,5.0
201000057093,0010-02-14 15:25:00,10,2,14,15,25,910,521,AUTOROUTE A6,,,Plein jour,Hors agglomération,Hors intersection,Normale,Deux véhicules - arrière,,,,,,,,,,,1,1,1,1.0,2.0
201000057094,0010-02-15 08:58:00,10,2,15,8,58,910,161,AUTOROUTE A126,,,Plein jour,Hors agglomération,Hors intersection,Normale,Sans collision,,,,,,,,,,,1,1,1,1.0,7.0
201000057095,0010-02-16 08:45:00,10,2,16,8,45,910,661,RN 188 CHEVREUSE,,,Plein jour,Hors agglomération,Hors intersection,Normale,Autre collision,,,,,,,,,,,1,1,1,1.0,6.0
201000057096,0010-02-16 09:51:00,10,2,16,9,51,910,161,AUTOROUTE A6,,,Plein jour,Hors agglomération,Hors intersection,Normale,Deux véhicules - arrière,,,,,,,,,,,1,1,1,1.0,2.0
201000057097,0010-02-16 14:45:00,10,2,16,14,45,910,553,RN 104,,,Plein jour,Hors agglomération,Hors intersection,Normale,Trois véhicules et plus - en chaîne,,,,,,,,,,,1,1,1,1.0,4.0
201000057098,0010-02-17 19:02:00,10,2,17,19,2,940,34,AUTOROUTE A6B,48.7559,2.33392,Nuit sans éclairage public,Hors agglomération,Hors intersection,Normale,Deux véhicules - arrière,,,,,,,,,,,3,1,1,1.0,2.0
201000057099,0010-02-19 08:10:00,10,2,19,8,10,910,617,RN 104,,,Plein jour,Hors agglomération,Hors intersection,Normale,Sans collision,,,,,,,,,,,1,1,1,1.0,7.0
201000057100,0010-02-20 08:33:00,10,2,20,8,33,910,64,RN 118,,,Plein jour,Hors agglomération,Hors intersection,Neige / grêle,Autre collision,,,,,,,,,,,1,1,1,4.0,6.0
201000057101,0010-02-22 18:55:00,10,2,22,18,55,910,377,BRETELLE A10 / RN20,,,Plein jour,Hors agglomération,Hors intersection,Normale,Deux véhicules - arrière,,,,,,,,,,,1,1,1,1.0,2.0
201000057102,0010-02-23 08:33:00,10,2,23,8,33,910,37,AUTOROUTE A6,,,Plein jour,Hors agglomération,Hors intersection,Pluie légère,Sans collision,,,,,,,,,,,1,1,1,2.0,7.0
201000057103,0010-02-24 08:45:00,10,2,24,8,45,910,312,RN 444,,,Plein jour,Hors agglomération,Hors intersection,Pluie légère,Deux véhicules - côté,,,,,,,,,,,1,1,1,2.0,3.0
201000057104,0010-02-25 07:05:00,10,2,25,7,5,750,13,AUTOROUTE A6B,,,Crépuscule ou aube,Hors agglomération,Hors intersection,Temps couvert,Sans collision,,,,,,,,,,,2,1,1,8.0,7.0
201000057105,0010-02-12 18:20:00,10,2,12,18,20,940,65,AUTOROUTE A106,48.7495,2.35646,Nuit avec éclairage allumé,Hors agglomération,Hors intersection,Normale,Deux véhicules - arrière,,,,,,,,,,,5,1,1,1.0,2.0
201000057106,0010-02-26 11:45:00,10,2,26,11,45,910,161,AUTOROUTE A6,,,Plein jour,Hors agglomération,Hors intersection,Temps couvert,Trois véhicules et plus - collisions multiples,,,,,,,,,,,1,1,1,8.0,5.0
201000057107,0010-02-26 12:45:00,10,2,26,12,45,920,2,AUTOROUTE A86,,,Plein jour,Hors agglomération,Hors intersection,Normale,Deux véhicules - côté,,,,,,,,,,,1,1,1,1.0,3.0
201000057108,0010-02-26 15:51:00,10,2,26,15,51,910,64,RN 118,,,Plein jour,Hors agglomération,Hors intersection,Normale,Deux véhicules - arrière,,,,,,,,,,,1,1,1,1.0,2.0
201000057109,0010-02-26 16:25:00,10,2,26,16,25,910,182,RN 104,,,Plein jour,Hors agglomération,Hors intersection,Normale,Sans collision,,,,,,,,,,,1,1,1,1.0,7.0
201000057110,0010-02-26 19:00:00,10,2,26,19,0,910,661,AUTOROUTE A10,,,Nuit sans éclairage public,Hors agglomération,Hors intersection,Normale,Trois véhicules et plus - en chaîne,,,,,,,,,,,3,1,1,1.0,4.0
201000057111,0010-02-26 20:15:00,10,2,26,20,15,910,689,AUTOROUTE A6A,,,Nuit sans éclairage public,Hors agglomération,Hors intersection,Normale,Deux véhicules - arrière,,,,,,,,,,,3,1,1,1.0,2.0
201000057112,0010-02-26 00:43:00,10,2,26,0,43,910,377,RN 444,,,Nuit sans éclairage public,Hors agglomération,Hors intersection,Normale,Trois véhicules et plus - collisions multiples,,,,,,,,,,,3,1,1,1.0,5.0
201000057113,0010-02-27 01:50:00,10,2,27,1,50,910,64,RN 118,,,Nuit sans éclairage public,Hors agglomération,Hors intersection,Normale,Sans collision,,,,,,,,,,,3,1,1,1.0,7.0
201000057114,0010-03-01 06:00:00,10,3,1,6,0,910,689,AUTOROUTE A6,,,Nuit sans éclairage public,Hors agglomération,Hors intersection,Normale,Deux véhicules - côté,,,,,,,,,,,3,1,1,1.0,3.0
201000057115,0010-03-01 11:00:00,10,3,1,11,0,910,345,AUTOROUTE A6,,,Plein jour,Hors agglomération,Hors intersection,Normale,Trois véhicules et plus - en chaîne,,,,,,,,,,,1,1,1,1.0,4.0
201000057116,0010-03-01 10:55:00,10,3,1,10,55,910,345,AUTOROUTE A6,,,Plein jour,Hors agglomération,Hors intersection,Normale,Deux véhicules - arrière,,,,,,,,,,,1,1,1,1.0,2.0
201000057117,0010-03-01 12:12:00,10,3,1,12,12,910,182,AUTOROUTE A6,,,Plein jour,Hors agglomération,Hors intersection,Normale,Trois véhicules et plus - en chaîne,,,,,,,,,,,1,1,1,1.0,4.0
201000057118,0010-03-02 07:45:00,10,3,2,7,45,940,65,AUTOROUTE A106,48.7463,2.3599,Plein jour,Hors agglomération,Hors intersection,Normale,Deux véhicules - côté,,,,,,,,,,,1,1,1,1.0,3.0
201000057119,0010-03-02 17:20:00,10,3,2,17,20,910,86,RN 104,,,Plein jour,Hors agglomération,Hors intersection,Normale,Sans collision,,,,,,,,,,,1,1,1,1.0,7.0
201000057120,0010-03-02 20:00:00,10,3,2,20,0,910,161,AUTOROUTE A126,,,Nuit avec éclairage allumé,Hors agglomération,Hors intersection,Normale,Sans collision,,,,,,,,,,,5,1,1,1.0,7.0
201000057121,0010-03-03 10:00:00,10,3,3,10,0,940,65,AUTOROUTE A86,48.7551,2.3461,Plein jour,Hors agglomération,Hors intersection,Normale,Deux véhicules - arrière,,,,,,,,,,,1,1,1,1.0,2.0
201000057122,0010-03-03 15:35:00,10,3,3,15,35,910,521,RN 104,,,Plein jour,Hors agglomération,Hors intersection,Normale,Sans collision,,,,,,,,,,,1,1,1,1.0,7.0
201000057123,0010-03-03 16:45:00,10,3,3,16,45,910,339,RN 104,,,Plein jour,Hors agglomération,Hors intersection,Normale,Trois véhicules et plus - en chaîne,,,,,,,,,,,1,1,1,1.0,4.0
201000057124,0010-03-05 14:29:00,10,3,5,14,29,910,377,RN20,,,Plein jour,Hors agglomération,Hors intersection,Normale,Deux véhicules - côté,,,,,,,,,,,1,1,1,1.0,3.0
201000057125,0010-03-06 03:23:00,10,3,6,3,23,940,38,AUTOROUTE A6A,48.788,2.34491,Nuit avec éclairage non allumé,Hors agglomération,Hors intersection,Normale,Sans collision,,,,,,,,,,,4,1,1,1.0,7.0
201000057126,0010-03-07 01:45:00,10,3,7,1,45,940,3,AUTOROUTE A6A,48.8021,2.34196,Nuit avec éclairage allumé,Hors agglomération,Hors intersection,Normale,Sans collision,,,,,,,,,,,5,1,1,1.0,7.0
201000057127,0010-03-08 08:34:00,10,3,8,8,34,940,34,A86 INT,48.7595,2.32287,Plein jour,Hors agglomération,Hors intersection,Pluie légère,Deux véhicules - côté,,,,,,,,,,,1,1,1,2.0,3.0
201000057128,0010-03-08 14:10:00,10,3,8,14,10,910,235,RN 104,,,Plein jour,Hors agglomération,Hors intersection,Normale,Deux véhicules - arrière,,,,,,,,,,,1,1,1,1.0,2.0
201000057129,0010-03-08 18:47:00,10,3,8,18,47,940,76,AUTOROUTE A6B,48.7869,2.34603,Plein jour,Hors agglomération,Hors intersection,Normale,Sans collision,,,,,,,,,,,1,1,1,1.0,7.0
201000057130,0010-03-09 07:48:00,10,3,9,7,48,910,286,AUTOROUTE A6,,,Plein jour,Hors agglomération,Hors intersection,Normale,Autre collision,,,,,,,,,,,1,1,1,1.0,6.0
201000057131,0010-03-09 09:50:00,10,3,9,9,50,940,34,AUTOROUTE A86,48.7562,2.34045,Plein jour,Hors agglomération,Hors intersection,Normale,Trois véhicules et plus - en chaîne,,,,,,,,,,,1,1,1,1.0,4.0
201000057132,0010-03-09 16:45:00,10,3,9,16,45,910,161,AUTOROUTE A126,,,Plein jour,Hors agglomération,Hors intersection,Normale,Trois véhicules et plus - collisions multiples,,,,,,,,,,,1,1,1,1.0,5.0
201000057133,0010-03-10 08:57:00,10,3,10,8,57,910,471,RN 188 CHEVREUSE,,,Plein jour,Hors agglomération,Autre intersection,Normale,Deux véhicules - frontale,,,,,,,,,,,1,1,9,1.0,1.0
201000057134,0010-03-11 14:17:00,10,3,11,14,17,910,661,AUTOROUTE A10,,,Plein jour,Hors agglomération,Hors intersection,Normale,Deux véhicules - arrière,,,,,,,,,,,1,1,1,1.0,2.0
201000057135,0010-03-12 22:31:00,10,3,12,22,31,920,2,AUTOROUTE A86,,,Nuit avec éclairage allumé,Hors agglomération,Hors intersection,Autre,Sans collision,,,,,,,,,,,5,1,1,9.0,7.0
201000057136,0010-03-14 18:17:00,10,3,14,18,17,770,384,AUTOROUTE A5A,,,Plein jour,Hors agglomération,Hors intersection,Normale,Deux véhicules - côté,,,,,,,,,,,1,1,1,1.0,3.0
201000057137,0010-03-16 08:30:00,10,3,16,8,30,910,235,RN 104,,,Plein jour,Hors agglomération,Hors intersection,Normale,Deux véhicules - côté,,,,,,,,,,,1,1,1,1.0,3.0
201000057138,0010-03-18 07:04:00,10,3,18,7,4,910,689,AUTOROUTE A6A,,,Plein jour,Hors agglomération,Hors intersection,Normale,Deux véhicules - côté,,,,,,,,,,,1,1,1,1.0,3.0
201000057139,0010-03-18 07:00:00,10,3,18,7,0,910,286,AUTOROUTE A6,,,Plein jour,Hors agglomération,Hors intersection,Normale,Deux véhicules - côté,,,,,,,,,,,1,1,1,1.0,3.0
201000057140,0010-03-18 08:10:00,10,3,18,8,10,910,161,AUTOROUTE A6,,,Plein jour,Hors agglomération,Hors intersection,Normale,Deux véhicules - côté,,,,,,,,,,,1,1,1,1.0,3.0
201000057141,0010-03-18 08:00:00,10,3,18,8,0,910,174,RN 104,,,Plein jour,Hors agglomération,Hors intersection,Normale,Deux véhicules - côté,,,,,,,,,,,1,1,1,1.0,3.0
201000057142,0010-03-18 11:00:00,10,3,18,11,0,910,161,AUTOROUTE A6,,,Plein jour,Hors agglomération,Hors intersection,Normale,Trois véhicules et plus - collisions multiples,,,,,,,,,,,1,1,1,1.0,5.0
201000057143,0010-03-19 09:15:00,10,3,19,9,15,910,589,AUTOROUTE A6,,,Plein jour,Hors agglomération,Hors intersection,Normale,Deux véhicules - arrière,,,,,,,,,,,1,1,1,1.0,2.0
201000057144,0010-03-20 06:37:00,10,3,20,6,37,910,182,AUTOROUTE A6,,,Nuit avec éclairage allumé,Hors agglomération,Hors intersection,Pluie légère,Autre collision,,,,,,,,,,,5,1,1,2.0,6.0
201000057145,0010-03-20 07:15:00,10,3,20,7,15,940,3,AUTOROUTE A6A,48.8126,2.33633,Crépuscule ou aube,Hors agglomération,Hors intersection,Pluie légère,Autre collision,,,,,,,,,,,2,1,1,2.0,6.0
201000057146,0010-03-20 09:58:00,10,3,20,9,58,940,38,AUTOROUTE A6A,48.7871,2.34539,Plein jour,Hors agglomération,Hors intersection,Pluie légère,Deux véhicules - côté,,,,,,,,,,,1,1,1,2.0,3.0
201000057147,0010-03-20 10:00:00,10,3,20,10,0,940,43,AUTOROUTE A6B,48.8139,2.35485,Plein jour,Hors agglomération,Hors intersection,Normale,Sans collision,,,,,,,,,,,1,1,1,1.0,7.0
201000057148,0010-03-20 15:54:00,10,3,20,15,54,910,174,RN 104,,,Plein jour,Hors agglomération,Hors intersection,Normale,Trois véhicules et plus - en chaîne,,,,,,,,,,,1,1,1,1.0,4.0
201000057149,0010-03-21 16:48:00,10,3,21,16,48,910,179,AUTOROUTE A6,,,Plein jour,Hors agglomération,Hors intersection,Normale,Deux véhicules - arrière,,,,,,,,,,,1,1,1,1.0,2.0
201000057150,0010-03-22 08:07:00,10,3,22,8,7,940,38,AUTOROUTE A6B,48.7868,2.34516,Plein jour,Hors agglomération,Hors intersection,Normale,Deux véhicules - côté,,,,,,,,,,,1,1,1,1.0,3.0
201000057151,0010-03-22 14:48:00,10,3,22,14,48,910,377,AUTOROUTE A10,,,Plein jour,Hors agglomération,Hors intersection,Normale,Deux véhicules - côté,,,,,,,,,,,1,1,1,1.0,3.0
201000057152,0010-03-22 22:20:00,10,3,22,22,20,910,174,RN 104,,,Nuit avec éclairage allumé,Hors agglomération,Hors intersection,Normale,Deux véhicules - arrière,,,,,,,,,,,5,1,1,1.0,2.0
201000057153,0010-03-23 17:45:00,10,3,23,17,45,910,661,AUTOROUTE A10,,,Plein jour,Hors agglomération,Hors intersection,Normale,Deux véhicules - côté,,,,,,,,,,,1,1,1,1.0,3.0
201000057154,0010-03-23 19:53:00,10,3,23,19,53,910,689,AUTOROUTE A6B,,,Nuit avec éclairage non allumé,Hors agglomération,Hors intersection,Normale,Sans collision,,,,,,,,,,,4,1,1,1.0,7.0
201000057155,0010-03-23 20:15:00,10,3,23,20,15,910,161,AUTOROUTE A6,,,Nuit avec éclairage allumé,Hors agglomération,Hors intersection,Normale,Autre collision,,,,,,,,,,,5,1,1,1.0,6.0
201000057156,0010-03-25 14:05:00,10,3,25,14,5,910,534,RN 118,,,Plein jour,Hors agglomération,Hors intersection,Normale,Deux véhicules - arrière,,,,,,,,,,,1,1,1,1.0,2.0
201000057157,0010-03-24 23:10:00,10,3,24,23,10,910,377,RN 188,,,Nuit avec éclairage non allumé,Hors agglomération,Hors intersection,Normale,Deux véhicules - arrière,,,,,,,,,,,4,1,1,1.0,2.0
201000057158,0010-03-25 11:42:00,10,3,25,11,42,910,521,RN 449,,,Plein jour,Hors agglomération,Hors intersection,Pluie légère,Deux véhicules - arrière,,,,,,,,,,,1,1,1,2.0,2.0
201000057159,0010-03-25 22:05:00,10,3,25,22,5,910,37,AUTOROUTE A6,,,Nuit sans éclairage public,Hors agglomération,Hors intersection,Normale,Autre collision,,,,,,,,,,,3,1,1,1.0,6.0
201000057160,0010-03-27 02:49:00,10,3,27,2,49,910,161,AUTOROUTE A6,,,Nuit sans éclairage public,Hors agglomération,Hors intersection,Normale,Trois véhicules et plus - collisions multiples,,,,,,,,,,,3,1,1,1.0,5.0