accident_id,datetime,annee,mois,jour,heure,minute,departement,commune_insee,adresse,latitude,longitude,luminosite,agglomeration,intersection,meteo,collision,nb_vehicules,nb_usagers,nb_indemnes,nb_tues,nb_blesses_hosp,nb_blesses_legers,age_cond_1,age_cond_2,veh_type_cond_1,veh_type_cond_2,lum_code,agg_code,int_code,atm_code,col_code
201000057291,0010-06-13 04:59:00,10,6,13,4,59,910,689,AUTOROUTE A6,,,Nuit sans éclairage public,Hors agglomération,Hors intersection,Normale,Deux véhicules - arrière,,,,,,,,,,,3,1,1,1.0,2.0
201000057292,0010-06-13 10:39:00,10,6,13,10,39,940,3,AUTOROUTE A6A,48.8114,2.33723,Plein jour,Hors agglomération,Hors intersection,Normale,Trois véhicules et plus - en chaîne,,,,,,,,,,,1,1,1,1.0,4.0
201000057293,0010-06-15 16:30:00,10,6,15,16,30,910,174,RD 948,,,Plein jour,Hors agglomération,Hors intersection,Temps couvert,Sans collision,,,,,,,,,,,1,1,1,8.0,7.0
201000057294,0010-06-17 18:20:00,10,6,17,18,20,910,174,RN 104,,,Plein jour,Hors agglomération,Hors intersection,Normale,Deux véhicules - arrière,,,,,,,,,,,1,1,1,1.0,2.0
201000057295,0010-06-18 08:02:00,10,6,18,8,2,910,645,RN 385 Extèrieure,,,Plein jour,Hors agglomération,Hors intersection,Normale,Deux véhicules - arrière,,,,,,,,,,,1,1,1,1.0,2.0
201000057296,0010-06-19 08:29:00,10,6,19,8,29,910,521,RN 104,,,Plein jour,Hors agglomération,Hors intersection,Normale,Sans collision,,,,,,,,,,,1,1,1,1.0,7.0
201000057297,0010-06-19 10:51:00,10,6,19,10,51,910,689,AUTOROUTE A6A,,,Plein jour,Hors agglomération,Hors intersection,Normale,Deux véhicules - côté,,,,,,,,,,,1,1,1,1.0,3.0
201000057298,0010-06-21 17:30:00,10,6,21,17,30,770,495,AUTOROUTE A5,,,Plein jour,Hors agglomération,Hors intersection,Normale,Autre collision,,,,,,,,,,,1,1,1,1.0,6.0
201000057299,0010-06-22 16:06:00,10,6,22,16,6,910,589,AUTOROUTE A6,,,Plein jour,Hors agglomération,Hors intersection,Normale,Deux véhicules - arrière,,,,,,,,,,,1,1,1,1.0,2.0
201000057300,0010-06-23 22:09:00,10,6,23,22,9,910,521,RN 104,,,Nuit avec éclairage non allumé,Hors agglomération,Hors intersection,Normale,Sans collision,,,,,,,,,,,4,1,1,1.0,7.0
201000057301,0010-06-24 16:55:00,10,6,24,16,55,940,3,AUTOROUTE A6A,48.8101,2.33868,Plein jour,Hors agglomération,Hors intersection,Normale,Sans collision,,,,,,,,,,,1,1,1,1.0,7.0
201000057302,0010-06-24 17:00:00,10,6,24,17,0,940,21,AUTOROUTE A6A,48.7703,2.34507,Plein jour,Hors agglomération,Hors intersection,Normale,Deux véhicules - côté,,,,,,,,,,,1,1,1,1.0,3.0
201000057303,0010-06-25 06:58:00,10,6,25,6,58,910,689,AUTOROUTE A6,,,Plein jour,Hors agglomération,Hors intersection,Normale,Deux véhicules - côté,,,,,,,,,,,1,1,1,1.0,3.0
201000057304,0010-06-25 19:10:00,10,6,25,19,10,940,76,AUTOROUTE A6B,48.791,2.34452,Plein jour,Hors agglomération,Hors intersection,Normale,Trois véhicules et plus - en chaîne,,,,,,,,,,,1,1,1,1.0,4.0
201000057305,0010-06-26 00:45:00,10,6,26,0,45,910,363,RN 104,,,Nuit sans éclairage public,Hors agglomération,Hors intersection,Normale,Sans collision,,,,,,,,,,,3,1,1,1.0,7.0
201000057306,0010-06-26 01:28:00,10,6,26,1,28,910,689,AUTOROUTE A6,,,Nuit sans éclairage public,Hors agglomération,Hors intersection,Normale,Sans collision,,,,,,,,,,,3,1,1,1.0,7.0
201000057307,0010-06-27 00:10:00,10,6,27,0,10,910,471,RN 118,,,Nuit sans éclairage public,Hors agglomération,Hors intersection,Normale,Sans collision,,,,,,,,,,,3,1,1,1.0,7.0
201000057308,0010-06-29 07:20:00,10,6,29,7,20,940,21,AUTOROUTE A6A,48.7626,2.34105,Plein jour,Hors agglomération,Hors intersection,Normale,Deux véhicules - côté,,,,,,,,,,,1,1,1,1.0,3.0
201000057309,0010-06-29 20:23:00,10,6,29,20,23,910,174,RN 104,,,Plein jour,Hors agglomération,Hors intersection,Normale,Trois véhicules et plus - collisions multiples,,,,,,,,,,,1,1,1,1.0,5.0
201000057310,0010-06-30 08:50:00,10,6,30,8,50,910,347,RN 104,,,Plein jour,Hors agglomération,Hors intersection,Normale,Deux véhicules - arrière,,,,,,,,,,,1,1,1,1.0,2.0
201000057311,0010-06-30 15:30:00,10,6,30,15,30,910,434,AUTOROUTE A6,,,Plein jour,Hors agglomération,Hors intersection,Normale,Sans collision,,,,,,,,,,,1,1,1,1.0,7.0
201000057312,0010-06-30 17:39:00,10,6,30,17,39,940,3,AUTOROUTE A6A,48.8132,2.33623,Plein jour,Hors agglomération,Hors intersection,Normale,Sans collision,,,,,,,,,,,1,1,1,1.0,7.0
201000057313,0010-06-30 21:00:00,10,6,30,21,0,910,363,RN 104,,,Plein jour,Hors agglomération,Hors intersection,Normale,Autre collision,,,,,,,,,,,1,1,1,1.0,6.0
201000057314,0010-07-01 09:00:00,10,7,1,9,0,940,34,AUTOROUTE A86,48.7621,2.31436,Plein jour,Hors agglomération,Hors intersection,Normale,Sans collision,,,,,,,,,,,1,1,1,1.0,7.0
201000057315,0010-07-01 09:22:00,10,7,1,9,22,910,661,AUTOROUTE A10,,,Plein jour,Hors agglomération,Hors intersection,Temps éblouissant,Sans collision,,,,,,,,,,,1,1,1,7.0,7.0
201000057316,0010-07-01 12:49:00,10,7,1,12,49,910,521,AUTOROUTE A6,,,Plein jour,Hors agglomération,Hors intersection,Normale,Autre collision,,,,,,,,,,,1,1,1,1.0,6.0
201000057317,0010-07-01 18:44:00,10,7,1,18,44,910,228,RN 104,,,Plein jour,Hors agglomération,Hors intersection,Normale,Deux véhicules - arrière,,,,,,,,,,,1,1,1,1.0,2.0
201000057318,0010-07-02 08:51:00,10,7,2,8,51,910,174,RN 104,,,Plein jour,Hors agglomération,Hors intersection,Normale,Deux véhicules - arrière,,,,,,,,,,,1,1,1,1.0,2.0
201000057319,0010-07-02 17:05:00,10,7,2,17,5,920,2,AUTOROUTE A10,,,Plein jour,Hors agglomération,Hors intersection,Pluie forte,Trois véhicules et plus - collisions multiples,,,,,,,,,,,1,1,1,3.0,5.0
201000057320,0010-07-03 07:00:00,10,7,3,7,0,940,21,AUTOROUTE A6B,48.7713,2.34496,Plein jour,Hors agglomération,Hors intersection,Normale,Sans collision,,,,,,,,,,,1,1,1,1.0,7.0
201000057321,0010-07-05 07:50:00,10,7,5,7,50,910,477,AUTOROUTE A126,,,Plein jour,Hors agglomération,Hors intersection,Normale,Deux véhicules - arrière,,,,,,,,,,,1,1,1,1.0,2.0
201000057322,0010-07-06 07:35:00,10,7,6,7,35,940,34,AUTOROUTE A86,48.7619,2.31504,Plein jour,Hors agglomération,Hors intersection,Normale,Deux véhicules - arrière,,,,,,,,,,,1,1,1,1.0,2.0
201000057323,0010-07-06 15:21:00,10,7,6,15,21,940,43,AUTOROUTE A6B,48.8159,2.35656,Plein jour,Hors agglomération,Hors intersection,Normale,Trois véhicules et plus - collisions multiples,,,,,,,,,,,1,1,1,1.0,5.0
201000057324,0010-07-06 18:10:00,10,7,6,18,10,910,174,RN 104,,,Plein jour,Hors agglomération,Hors intersection,Normale,Trois véhicules et plus - en chaîne,,,,,,,,,,,1,1,1,1.0,4.0
201000057325,0010-07-06 21:43:00,10,7,6,21,43,910,179,AUTOROUTE A6,,,Nuit sans éclairage public,Hors agglomération,Hors intersection,Normale,Deux véhicules - arrière,,,,,,,,,,,3,1,1,1.0,2.0
201000057326,0010-07-07 06:30:00,10,7,7,6,30,910,553,RN 104,,,Plein jour,Hors agglomération,Hors intersection,Temps éblouissant,Deux véhicules - arrière,,,,,,,,,,,1,1,1,7.0,2.0
201000057327,0010-07-07 09:29:00,10,7,7,9,29,910,377,AUTOROUTE A10,,,Plein jour,Hors agglomération,Hors intersection,Temps éblouissant,Deux véhicules - arrière,,,,,,,,,,,1,1,1,7.0,2.0
201000057328,0010-07-07 17:30:00,10,7,7,17,30,910,471,RN 118,,,Plein jour,Hors agglomération,Hors intersection,Normale,Deux véhicules - côté,,,,,,,,,,,1,1,1,1.0,3.0
201000057329,0010-07-07 19:45:00,10,7,7,19,45,910,553,RN 104,,,Plein jour,Hors agglomération,Hors intersection,Normale,Deux véhicules - côté,,,,,,,,,,,1,1,1,1.0,3.0
201000057330,0010-07-07 20:50:00,10,7,7,20,50,910,286,AUTOROUTE A6,,,Plein jour,Hors agglomération,Hors intersection,Normale,Sans collision,,,,,,,,,,,1,1,1,1.0,7.0
201000057331,0010-07-07 20:54:00,10,7,7,20,54,910,286,AUTOROUTE A6,,,Plein jour,Hors agglomération,Hors intersection,Normale,Sans collision,,,,,,,,,,,1,1,1,1.0,7.0
201000057332,0010-07-07 17:00:00,10,7,7,17,0,910,64,RN 118,,,Plein jour,Hors agglomération,Hors intersection,Normale,Autre collision,,,,,,,,,,,1,1,1,1.0,6.0
201000057333,0010-07-09 05:59:00,10,7,9,5,59,910,689,AUTOROUTE A6B,,,Plein jour,Hors agglomération,Hors intersection,Normale,Trois véhicules et plus - collisions multiples,,,,,,,,,,,1,1,1,1.0,5.0
201000057334,0010-07-09 15:55:00,10,7,9,15,55,910,216,AUTOROUTE A6,,,Plein jour,Hors agglomération,Hors intersection,Normale,Trois véhicules et plus - collisions multiples,,,,,,,,,,,1,1,1,1.0,5.0
201000057335,0010-07-09 18:54:00,10,7,9,18,54,940,21,AUTOROUTE A6A,48.7694,2.34502,Plein jour,Hors agglomération,Hors intersection,Normale,Deux véhicules - côté,,,,,,,,,,,1,1,1,1.0,3.0
201000057336,0010-07-09 20:20:00,10,7,9,20,20,910,377,AUTOROUTE A10,,,Plein jour,Hors agglomération,Hors intersection,Normale,Trois véhicules et plus - collisions multiples,,,,,,,,,,,1,1,1,1.0,5.0
201000057337,0010-07-10 04:40:00,10,7,10,4,40,920,2,AUTOROUTE A86,,,Nuit avec éclairage allumé,Hors agglomération,Hors intersection,Normale,Deux véhicules - côté,,,,,,,,,,,5,1,1,1.0,3.0
201000057338,0010-07-10 18:56:00,10,7,10,18,56,910,64,RN 118,,,Plein jour,Hors agglomération,Hors intersection,Normale,Sans collision,,,,,,,,,,,1,1,1,1.0,7.0
201000057339,0010-07-11 21:30:00,10,7,11,21,30,910,377,RN 188,,,Plein jour,Hors agglomération,Hors intersection,Normale,Sans collision,,,,,,,,,,,1,1,1,1.0,7.0
201000057340,0010-07-12 08:12:00,10,7,12,8,12,910,377,AUTOROUTE A10,,,Plein jour,Hors agglomération,Hors intersection,Pluie forte,Autre collision,,,,,,,,,,,1,1,1,3.0,6.0
201000057341,0010-07-12 09:12:00,10,7,12,9,12,770,251,RN 104,,,Plein jour,Hors agglomération,Hors intersection,Pluie légère,Deux véhicules - arrière,,,,,,,,,,,1,1,1,2.0,2.0
201000057342,0010-07-12 09:13:00,10,7,12,9,13,940,34,AUTOROUTE A6A,48.7544,2.33281,Plein jour,Hors agglomération,Hors intersection,Pluie forte,Deux véhicules - côté,,,,,,,,,,,1,1,1,3.0,3.0
201000057343,0010-07-12 22:43:00,10,7,12,22,43,910,521,RN 441,,,Nuit sans éclairage public,Hors agglomération,Hors intersection,Normale,Sans collision,,,,,,,,,,,3,1,1,1.0,7.0
201000057344,0010-07-14 03:40:00,10,7,14,3,40,910,174,RN 104,,,Nuit avec éclairage allumé,Hors agglomération,Hors intersection,Normale,Deux véhicules - arrière,,,,,,,,,,,5,1,1,1.0,2.0
201000057345,0010-07-15 20:45:00,10,7,15,20,45,910,617,AUTOROUTE A5A,,,Plein jour,Hors agglomération,Hors intersection,Normale,Deux véhicules - côté,,,,,,,,,,,1,1,1,1.0,3.0
201000057346,0010-07-17 09:00:00,10,7,17,9,0,940,3,AUTOROUTE A6A,48.8129,2.33612,Plein jour,Hors agglomération,Hors intersection,Normale,Sans collision,,,,,,,,,,,1,1,1,1.0,7.0
201000057347,0010-07-17 15:30:00,10,7,17,15,30,910,174,RN 104,,,Plein jour,Hors agglomération,Hors intersection,Normale,Sans collision,,,,,,,,,,,1,1,1,1.0,7.0
201000057348,0010-07-19 17:45:00,10,7,19,17,45,910,174,RN 104,,,Plein jour,Hors agglomération,Hors intersection,Normale,Trois véhicules et plus - en chaîne,,,,,,,,,,,1,1,1,1.0,4.0
201000057349,0010-07-20 18:20:00,10,7,20,18,20,910,549,RN 104,,,Plein jour,Hors agglomération,Hors intersection,Normale,Sans collision,,,,,,,,,,,1,1,1,1.0,7.0
201000057350,0010-07-21 15:35:00,10,7,21,15,35,940,76,AUTOROUTE A6A,48.796,2.34465,Plein jour,Hors agglomération,Hors intersection,Normale,Sans collision,,,,,,,,,,,1,1,1,1.0,7.0
201000057351,0010-07-22 18:07:00,10,7,22,18,7,940,3,AUTOROUTE A6A,48.8072,2.34087,Plein jour,Hors agglomération,Hors intersection,Normale,Deux véhicules - côté,,,,,,,,,,,1,1,1,1.0,3.0
201000057352,0010-07-22 18:36:00,10,7,22,18,36,910,37,AUTOROUTE A6,,,Plein jour,Hors agglomération,Hors intersection,Normale,Autre collision,,,,,,,,,,,1,1,1,1.0,6.0
201000057353,0010-07-22 20:12:00,10,7,22,20,12,940,34,AUTOROUTE A86,48.7558,2.33917,Plein jour,Hors agglomération,Hors intersection,Normale,Sans collision,,,,,,,,,,,1,1,1,1.0,7.0
201000057354,0010-07-23 08:00:00,10,7,23,8,0,910,589,AUTOROUTE A6,,,Plein jour,Hors agglomération,Hors intersection,Normale,Deux véhicules - côté,,,,,,,,,,,1,1,1,1.0,3.0
201000057355,0010-07-23 15:30:00,10,7,23,15,30,910,617,AUTOROUTE A5A,,,Plein jour,Hors agglomération,Hors intersection,Temps couvert,Deux véhicules - arrière,,,,,,,,,,,1,1,1,8.0,2.0
201000057356,0010-07-23 16:30:00,10,7,23,16,30,920,2,AUTOROUTE A86,,,Plein jour,Hors agglomération,Hors intersection,Normale,Deux véhicules - côté,,,,,,,,,,,1,1,1,1.0,3.0
201000057357,0010-07-24 16:10:00,10,7,24,16,10,910,136,AUTOROUTE A10,,,Plein jour,Hors agglomération,Hors intersection,Normale,Sans collision,,,,,,,,,,,1,1,1,1.0,7.0
201000057358,0010-07-25 12:31:00,10,7,25,12,31,910,549,RN 104,,,Plein jour,Hors agglomération,Hors intersection,Normale,Sans collision,,,,,,,,,,,1,1,1,1.0,7.0
201000057359,0010-07-26 10:00:00,10,7,26,10,0,910,377,RN 188,,,Plein jour,Hors agglomération,Hors intersection,Normale,Autre collision,,,,,,,,,,,1,1,1,1.0,6.0
201000057360,0010-07-26 19:38:00,10,7,26,19,38,910,477,AUTOROUTE A10,,,Plein jour,Hors agglomération,Hors intersection,Temps couvert,Sans collision,,,,,,,,,,,1,1,1,8.0,7.0
201000057361,0010-07-28 00:09:00,10,7,28,0,9,910,64,RN 118,,,Nuit sans éclairage public,Hors agglomération,Hors intersection,Normale,Deux véhicules - arrière,,,,,,,,,,,3,1,1,1.0,2.0
201000057362,0010-07-28 11:49:00,10,7,28,11,49,940,43,AUTOROUTE A6B,48.8159,2.35647,Plein jour,Hors agglomération,Hors intersection,Normale,Deux véhicules - arrière,,,,,,,,,,,1,1,1,1.0,2.0
201000057363,0010-07-29 10:40:00,10,7,29,10,40,910,689,AUTOROUTE A6B,,,Plein jour,Hors agglomération,Hors intersection,Normale,Sans collision,,,,,,,,,,,1,1,1,1.0,7.0
201000057364,0010-07-29 18:56:00,10,7,29,18,56,910,64,RN 118,,,Plein jour,Hors agglomération,Hors intersection,Normale,Deux véhicules - côté,,,,,,,,,,,1,1,1,1.0,3.0
201000057365,0010-07-30 12:12:00,10,7,30,12,12,910,471,RN 118,,,Plein jour,Hors agglomération,Hors intersection,Temps éblouissant,Sans collision,,,,,,,,,,,1,1,1,7.0,7.0
201000057366,0010-07-31 11:10:00,10,7,31,11,10,910,286,AUTOROUTE A6,,,Plein jour,Hors agglomération,Hors intersection,Normale,Sans collision,,,,,,,,,,,1,1,1,1.0,7.0
201000057367,0010-08-01 06:40:00,10,8,1,6,40,910,286,AUTOROUTE A6,,,Crépuscule ou aube,Hors agglomération,Hors intersection,Normale,Sans collision,,,,,,,,,,,2,1,1,1.0,7.0
201000057368,0010-08-02 09:00:00,10,8,2,9,0,910,521,AUTOROUTE A6,,,Plein jour,Hors agglomération,Hors intersection,Normale,Trois véhicules et plus - en chaîne,,,,,,,,,,,1,1,1,1.0,4.0
201000057369,0010-08-03 10:00:00,10,8,3,10,0,910,174,RN 104,,,Plein jour,Hors agglomération,Hors intersection,Normale,Deux véhicules - arrière,,,,,,,,,,,1,1,1,1.0,2.0
201000057370,0010-08-05 01:28:00,10,8,5,1,28,910,161,AUTOROUTE A6,,,Nuit sans éclairage public,Hors agglomération,Hors intersection,Normale,Deux véhicules - côté,,,,,,,,,,,3,1,1,1.0,3.0
201000057371,0010-08-06 10:52:00,10,8,6,10,52,910,521,RN 104,,,Plein jour,Hors agglomération,Hors intersection,Normale,Autre collision,,,,,,,,,,,1,1,1,1.0,6.0
201000057372,0010-08-07 12:39:00,10,8,7,12,39,910,521,RN 104,,,Plein jour,Hors agglomération,Hors intersection,Normale,Sans collision,,,,,,,,,,,1,1,1,1.0,7.0
201000057373,0010-08-08 12:20:00,10,8,8,12,20,940,34,AUTOROUTE A6B,48.7591,2.33761,Plein jour,Hors agglomération,Hors intersection,Normale,Sans collision,,,,,,,,,,,1,1,1,1.0,7.0
201000057374,0010-08-08 17:10:00,10,8,8,17,10,940,43,AUTOROUTE A6B,48.8136,2.35484,Plein jour,Hors agglomération,Hors intersection,Normale,Autre collision,,,,,,,,,,,1,1,1,1.0,6.0
201000057375,0010-08-09 11:21:00,10,8,9,11,21,910,689,AUTOROUTE A6B,,,Plein jour,Hors agglomération,Hors intersection,Normale,Deux véhicules - côté,,,,,,,,,,,1,1,1,1.0,3.0
201000057376,0010-08-09 11:20:00,10,8,9,11,20,920,2,AUTOROUTE A10,,,Plein jour,Hors agglomération,Hors intersection,Normale,Deux véhicules - côté,,,,,,,,,,,1,1,1,1.0,3.0
201000057377,0010-08-09 13:50:00,10,8,9,13,50,910,553,RN 104,,,Plein jour,Hors agglomération,Hors intersection,Normale,Sans collision,,,,,,,,,,,1,1,1,1.0,7.0
201000057378,0010-08-10 08:45:00,10,8,10,8,45,910,340,RN 104,,,Plein jour,Hors agglomération,Hors intersection,Normale,Deux véhicules - arrière,,,,,,,,,,,1,1,1,1.0,2.0
201000057379,0010-08-10 17:17:00,10,8,10,17,17,940,38,AUTOROUTE A6A,48.7846,2.3462,Plein jour,Hors agglomération,Hors intersection,Normale,Deux véhicules - côté,,,,,,,,,,,1,1,1,1.0,3.0
201000057380,0010-08-11 08:50:00,10,8,11,8,50,910,340,RN 104,,,Plein jour,Hors agglomération,Hors intersection,Pluie légère,Deux véhicules - arrière,,,,,,,,,,,1,1,1,2.0,2.0
201000057381,0010-08-12 13:41:00,10,8,12,13,41,910,553,RN 104,,,Plein jour,Hors agglomération,Hors intersection,Normale,Autre collision,,,,,,,,,,,1,1,1,1.0,6.0
201000057382,0010-08-13 21:25:00,10,8,13,21,25,910,179,AUTOROUTE A6,,,Nuit sans éclairage public,Hors agglomération,Hors intersection,Temps couvert,Autre collision,,,,,,,,,,,3,1,1,8.0,6.0
201000057383,0010-08-15 13:37:00,10,8,15,13,37,910,471,RN 118,,,Plein jour,Hors agglomération,Hors intersection,Pluie forte,Autre collision,,,,,,,,,,,1,1,1,3.0,6.0
201000057384,0010-08-15 14:50:00,10,8,15,14,50,910,471,RN 118,,,Plein jour,Hors agglomération,Hors intersection,Pluie forte,Sans collision,,,,,,,,,,,1,1,1,3.0,7.0
201000057385,0010-08-15 14:46:00,10,8,15,14,46,940,76,AUTOROUTE A6A,48.7907,2.34408,Plein jour,Hors agglomération,Hors intersection,Pluie légère,Deux véhicules - côté,,,,,,,,,,,1,1,1,2.0,3.0
201000057386,0010-08-15 15:54:00,10,8,15,15,54,910,174,RN 104,,,Plein jour,Hors agglomération,Hors intersection,Pluie forte,Deux véhicules - côté,,,,,,,,,,,1,1,1,3.0,3.0
201000057387,0010-08-16 08:30:00,10,8,16,8,30,910,363,RN 104,,,Plein jour,Hors agglomération,Hors intersection,Pluie légère,Autre collision,,,,,,,,,,,1,1,1,2.0,6.0
201000057388,0010-08-16 09:15:00,10,8,16,9,15,910,471,RN 118,,,Plein jour,Hors agglomération,Hors intersection,Normale,Deux véhicules - arrière,,,,,,,,,,,1,1,1,1.0,2.0
201000057389,0010-08-16 11:02:00,10,8,16,11,2,910,471,RN 118,,,Plein jour,Hors agglomération,Hors intersection,Pluie forte,Deux véhicules - arrière,,,,,,,,,,,1,1,1,3.0,2.0
201000057390,0010-08-16 13:10:00,10,8,16,13,10,940,37,AUTOROUTE A6A,48.8138,2.33606,Plein jour,Hors agglomération,Hors intersection,Pluie forte,Sans collision,,,,,,,,,,,1,1,1,3.0,7.0
201000057391,0010-08-19 19:00:00,10,8,19,19,0,910,179,AUTOROUTE A6,,,Plein jour,Hors agglomération,Hors intersection,Normale,Deux véhicules - arrière,,,,,,,,,,,1,1,1,1.0,2.0
201000057392,0010-08-20 14:50:00,10,8,20,14,50,910,377,RN 188,,,Plein jour,Hors agglomération,Hors intersection,Pluie légère,Autre collision,,,,,,,,,,,1,1,1,2.0,6.0
201000057393,0010-08-20 21:25:00,10,8,20,21,25,910,363,RN 104,,,Crépuscule ou aube,Hors agglomération,Hors intersection,Normale,Autre collision,,,,,,,,,,,2,1,1,1.0,6.0
201000057394,0010-08-22 13:49:00,10,8,22,13,49,910,666,AUTOROUTE A10,,,Plein jour,Hors agglomération,Hors intersection,Normale,Sans collision,,,,,,,,,,,1,1,1,1.0,7.0
201000057395,0010-08-23 12:20:00,10,8,23,12,20,910,471,RN 118,,,Plein jour,Hors agglomération,Hors intersection,Pluie légère,Sans collision,,,,,,,,,,,1,1,1,2.0,7.0
201000057396,0010-08-23 17:00:00,10,8,23,17,0,910,553,RN 104,,,Plein jour,Hors agglomération,Hors intersection,Normale,Sans collision,,,,,,,,,,,1,1,1,1.0,7.0
201000057397,0010-08-24 17:15:00,10,8,24,17,15,910,570,RN 104,,,Plein jour,Hors agglomération,Hors intersection,Normale,Deux véhicules - arrière,,,,,,,,,,,1,1,1,1.0,2.0
201000057398,0010-08-25 11:43:00,10,8,25,11,43,940,38,AUTOROUTE A6B,48.7888,2.34509,Plein jour,Hors agglomération,Hors intersection,Normale,Deux véhicules - arrière,,,,,,,,,,,1,1,1,1.0,2.0
201000057399,0010-08-27 01:42:00,10,8,27,1,42,910,340,RN 104,,,Nuit sans éclairage public,Hors agglomération,Hors intersection,Pluie légère,Autre collision,,,,,,,,,,,3,1,1,2.0,6.0
201000057400,0010-08-27 06:35:00,10,8,27,6,35,910,363,RN 104,,,Nuit sans éclairage public,Hors agglomération,Hors intersection,Normale,Autre collision,,,,,,,,,,,3,1,1,1.0,6.0
201000057401,0010-08-27 17:25:00,10,8,27,17,25,910,182,RN 104,,,Plein jour,Hors agglomération,Hors intersection,Normale,Sans collision,,,,,,,,,,,1,1,1,1.0,7.0
201000057402,0010-08-27 18:44:00,10,8,27,18,44,910,161,AUTOROUTE A6,,,Plein jour,Hors agglomération,Hors intersection,Normale,Trois véhicules et plus - collisions multiples,,,,,,,,,,,1,1,1,1.0,5.0
201000057403,0010-08-28 17:23:00,10,8,28,17,23,770,384,AUTOROUTE A5,,,Plein jour,Hors agglomération,Hors intersection,Normale,Deux véhicules - côté,,,,,,,,,,,1,1,1,1.0,3.0
201000057404,0010-08-28 18:14:00,10,8,28,18,14,910,689,AUTOROUTE A6B,,,Plein jour,Hors agglomération,Hors intersection,Normale,Trois véhicules et plus - en chaîne,,,,,,,,,,,1,1,1,1.0,4.0
201000057405,0010-08-28 20:07:00,10,8,28,20,7,910,377,AUTOROUTE A10,,,Plein jour,Hors agglomération,Hors intersection,Normale,Trois véhicules et plus - en chaîne,,,,,,,,,,,1,1,1,1.0,4.0
201000057406,0010-08-29 11:31:00,10,8,29,11,31,910,645,RN 385 INT,,,Plein jour,Hors agglomération,Hors intersection,Normale,Autre collision,,,,,,,,,,,1,1,1,1.0,6.0
201000057407,0010-08-30 06:15:00,10,8,30,6,15,910,86,RN 104,,,Crépuscule ou aube,Hors agglomération,Autre intersection,Normale,Deux véhicules - côté,,,,,,,,,,,2,1,9,1.0,3.0
201000057408,0010-08-30 17:45:00,10,8,30,17,45,910,182,AUTOROUTE A6,,,Plein jour,Hors agglomération,Hors intersection,Normale,Trois véhicules et plus - en chaîne,,,,,,,,,,,1,1,1,1.0,4.0
201000057409,0010-08-30 20:15:00,10,8,30,20,15,910,645,RN 385 INT,,,Plein jour,Hors agglomération,Hors intersection,Normale,Deux véhicules - arrière,,,,,,,,,,,1,1,1,1.0,2.0
201000057410,0010-08-30 22:20:00,10,8,30,22,20,940,3,AUTOROUTE A6A,48.8086,2.33976,Nuit avec éclairage allumé,Hors agglomération,Hors intersection,Normale,Deux véhicules - arrière,,,,,,,,,,,5,1,1,1.0,2.0
201000057411,0010-08-31 08:15:00,10,8,31,8,15,910,64,RN 118,,,Plein jour,Hors agglomération,Hors intersection,Normale,Deux véhicules - côté,,,,,,,,,,,1,1,1,1.0,3.0
201000057412,0010-08-31 09:12:00,10,8,31,9,12,910,645,RN 385 Extèrieure,,,Plein jour,Hors agglomération,Hors intersection,Normale,Autre collision,,,,,,,,,,,1,1,1,1.0,6.0
201000057413,0010-08-30 18:30:00,10,8,30,18,30,910,689,AUTOROUTE A6B,,,Plein jour,Hors agglomération,Hors intersection,Normale,Deux véhicules - côté,,,,,,,,,,,1,1,1,1.0,3.0
201000057414,0010-09-01 09:00:00,10,9,1,9,0,910,103,RN 104,,,Plein jour,Hors agglomération,Hors intersection,Normale,Trois véhicules et plus - en chaîne,,,,,,,,,,,1,1,1,1.0,4.0
201000057415,0010-09-01 21:30:00,10,9,1,21,30,940,34,AUTOROUTE A6A,48.7503,2.32888,Nuit sans éclairage public,Hors agglomération,Hors intersection,Normale,Sans collision,,,,,,,,,,,3,1,1,1.0,7.0
201000057416,0010-09-02 11:30:00,10,9,2,11,30,910,377,RN 188,,,Plein jour,Hors agglomération,Hors intersection,Normale,Deux véhicules - arrière,,,,,,,,,,,1,1,1,1.0,2.0
201000057417,0010-09-02 18:42:00,10,9,2,18,42,910,340,AUTOROUTE A6,,,Plein jour,Hors agglomération,Hors intersection,Normale,Trois véhicules et plus - en chaîne,,,,,,,,,,,1,1,1,1.0,4.0
201000057418,0010-09-02 19:15:00,10,9,2,19,15,910,174,RN 104,,,Plein jour,Hors agglomération,Hors intersection,Normale,Trois véhicules et plus - collisions multiples,,,,,,,,,,,1,1,1,1.0,5.0
201000057419,0010-09-03 00:38:00,10,9,3,0,38,940,3,AUTOROUTE A6A,48.8113,2.33732,Nuit sans éclairage public,Hors agglomération,Hors intersection,Normale,Sans collision,,,,,,,,,,,3,1,1,1.0,7.0
201000057420,0010-09-03 19:05:00,10,9,3,19,5,910,103,RN 104,,,Plein jour,Hors agglomération,Hors intersection,Temps éblouissant,Trois véhicules et plus - en chaîne,,,,,,,,,,,1,1,1,7.0,4.0
201000057421,0010-09-03 20:46:00,10,9,3,20,46,910,339,RN 104,,,Nuit sans éclairage public,Hors agglomération,Hors intersection,Normale,Autre collision,,,,,,,,,,,3,1,1,1.0,6.0
201000057422,0010-09-04 17:08:00,10,9,4,17,8,910,216,AUTOROUTE A6,,,Plein jour,Hors agglomération,Hors intersection,Normale,Trois véhicules et plus - collisions multiples,,,,,,,,,,,1,1,1,1.0,5.0