accident_id,datetime,annee,mois,jour,heure,minute,departement,commune_insee,adresse,latitude,longitude,luminosite,agglomeration,intersection,meteo,collision,nb_vehicules,nb_usagers,nb_indemnes,nb_tues,nb_blesses_hosp,nb_blesses_legers,age_cond_1,age_cond_2,veh_type_cond_1,veh_type_cond_2,lum_code,agg_code,int_code,atm_code,col_code
201000057423,0010-09-06 17:19:00,10,9,6,17,19,910,589,AUTOROUTE A6,,,Plein jour,Hors agglomération,Hors intersection,Temps couvert,Deux véhicules - arrière,,,,,,,,,,,1,1,1,8.0,2.0
201000057424,0010-09-04 19:16:00,10,9,4,19,16,910,617,RN 104,,,Plein jour,Hors agglomération,Hors intersection,Normale,Deux véhicules - arrière,,,,,,,,,,,1,1,1,1.0,2.0
201000057425,0010-09-05 15:21:00,10,9,5,15,21,910,689,AUTOROUTE A6B,,,Plein jour,Hors agglomération,Hors intersection,Normale,Deux véhicules - arrière,,,,,,,,,,,1,1,1,1.0,2.0
201000057426,0010-09-06 07:13:00,10,9,6,7,13,910,339,RN 104,,,Plein jour,Hors agglomération,Hors intersection,Normale,Sans collision,,,,,,,,,,,1,1,1,1.0,7.0
201000057427,0010-09-07 08:33:00,10,9,7,8,33,910,617,RN 104,,,Plein jour,Hors agglomération,Hors intersection,Normale,Deux véhicules - arrière,,,,,,,,,,,1,1,1,1.0,2.0
201000057428,0010-09-08 09:03:00,10,9,8,9,3,910,377,AUTOROUTE A10,,,Plein jour,Hors agglomération,Hors intersection,Pluie légère,Deux véhicules - côté,,,,,,,,,,,1,1,1,2.0,3.0
201000057429,0010-09-08 11:34:00,10,9,8,11,34,910,477,AUTOROUTE A10,,,Plein jour,Hors agglomération,Hors intersection,Pluie légère,Sans collision,,,,,,,,,,,1,1,1,2.0,7.0
201000057430,0010-09-08 14:20:00,10,9,8,14,20,910,86,RN 104,,,Plein jour,Hors agglomération,Hors intersection,Pluie légère,Sans collision,,,,,,,,,,,1,1,1,2.0,7.0
201000057431,0010-09-08 18:50:00,10,9,8,18,50,940,76,AUTOROUTE A6B,48.7967,2.34395,Plein jour,Hors agglomération,Hors intersection,Pluie légère,Deux véhicules - arrière,,,,,,,,,,,1,1,1,2.0,2.0
201000057432,0010-09-08 21:07:00,10,9,8,21,7,910,340,RN 104,,,Crépuscule ou aube,Hors agglomération,Hors intersection,Normale,Autre collision,,,,,,,,,,,2,1,1,1.0,6.0
201000057433,0010-09-08 22:05:00,10,9,8,22,5,910,589,AUTOROUTE A6,,,Nuit sans éclairage public,Hors agglomération,Hors intersection,Normale,Deux véhicules - arrière,,,,,,,,,,,3,1,1,1.0,2.0
201000057434,0010-09-08 22:08:00,10,9,8,22,8,910,589,AUTOROUTE A6,,,Nuit sans éclairage public,Hors agglomération,Hors intersection,Normale,Deux véhicules - arrière,,,,,,,,,,,3,1,1,1.0,2.0
201000057435,0010-09-09 15:39:00,10,9,9,15,39,910,589,AUTOROUTE A6,,,Plein jour,Hors agglomération,Hors intersection,Normale,Deux véhicules - arrière,,,,,,,,,,,1,1,1,1.0,2.0
201000057436,0010-09-09 18:52:00,10,9,9,18,52,910,477,RD 444,,,Plein jour,Hors agglomération,Hors intersection,Pluie légère,Trois véhicules et plus - collisions multiples,,,,,,,,,,,1,1,1,2.0,5.0
201000057437,0010-09-11 11:23:00,10,9,11,11,23,910,434,AUTOROUTE A6,,,Plein jour,Hors agglomération,Hors intersection,Normale,Trois véhicules et plus - en chaîne,,,,,,,,,,,1,1,1,1.0,4.0
201000057438,0010-09-12 01:40:00,10,9,12,1,40,910,235,RN 104,,,Nuit avec éclairage allumé,Hors agglomération,Hors intersection,Normale,Deux véhicules - arrière,,,,,,,,,,,5,1,1,1.0,2.0
201000057439,0010-09-14 08:30:00,10,9,14,8,30,910,340,AUTOROUTE A6,,,Plein jour,Hors agglomération,Hors intersection,Normale,Deux véhicules - arrière,,,,,,,,,,,1,1,1,1.0,2.0
201000057440,0010-09-14 08:10:00,10,9,14,8,10,910,692,RN 118,,,Plein jour,Hors agglomération,Hors intersection,Normale,Trois véhicules et plus - en chaîne,,,,,,,,,,,1,1,1,1.0,4.0
201000057441,0010-09-14 08:40:00,10,9,14,8,40,910,235,RN 104,,,Plein jour,Hors agglomération,Hors intersection,Normale,Deux véhicules - arrière,,,,,,,,,,,1,1,1,1.0,2.0
201000057442,0010-09-14 08:45:00,10,9,14,8,45,910,689,AUTOROUTE A6,,,Plein jour,Hors agglomération,Hors intersection,Normale,Deux véhicules - arrière,,,,,,,,,,,1,1,1,1.0,2.0
201000057443,0010-09-15 09:44:00,10,9,15,9,44,940,38,A6A,48.7872,2.34533,Plein jour,Hors agglomération,Hors intersection,Normale,Trois véhicules et plus - collisions multiples,,,,,,,,,,,1,1,1,1.0,5.0
201000057444,0010-09-14 12:22:00,10,9,14,12,22,910,549,RN 104,,,Plein jour,Hors agglomération,Hors intersection,Normale,Sans collision,,,,,,,,,,,1,1,1,1.0,7.0
201000057445,0010-09-15 08:42:00,10,9,15,8,42,940,76,A6B,48.7943,2.34523,Plein jour,Hors agglomération,Hors intersection,Pluie légère,Sans collision,,,,,,,,,,,1,1,1,2.0,7.0
201000057446,0010-09-15 09:05:00,10,9,15,9,5,910,689,AUTOROUTE A6A,,,Plein jour,Hors agglomération,Hors intersection,Temps couvert,Sans collision,,,,,,,,,,,1,1,1,8.0,7.0
201000057447,0010-09-15 09:05:00,10,9,15,9,5,910,689,AUTOROUTE A6A,,,Plein jour,Hors agglomération,Hors intersection,Temps couvert,Trois véhicules et plus - collisions multiples,,,,,,,,,,,1,1,1,8.0,5.0
201000057448,0010-09-16 17:30:00,10,9,16,17,30,910,377,AUTOROUTE A10,,,Plein jour,Hors agglomération,Hors intersection,Normale,Deux véhicules - côté,,,,,,,,,,,1,1,1,1.0,3.0
201000057449,0010-09-17 03:15:00,10,9,17,3,15,910,689,AUTOROUTE A6B,,,Nuit sans éclairage public,Hors agglomération,Hors intersection,Normale,Deux véhicules - arrière,,,,,,,,,,,3,1,1,1.0,2.0
201000057450,0010-09-17 10:35:00,10,9,17,10,35,940,76,AUTOROUTE A6B,48.7934,2.34505,Plein jour,Hors agglomération,Hors intersection,Normale,Deux véhicules - côté,,,,,,,,,,,1,1,1,1.0,3.0
201000057451,0010-09-17 16:26:00,10,9,17,16,26,910,64,RN 118,,,Plein jour,Hors agglomération,Hors intersection,Normale,Trois véhicules et plus - en chaîne,,,,,,,,,,,1,1,1,1.0,4.0
201000057452,0010-09-18 05:45:00,10,9,18,5,45,910,340,AUTOROUTE A6,,,Plein jour,Hors agglomération,Hors intersection,Normale,Deux véhicules - arrière,,,,,,,,,,,1,1,1,1.0,2.0
201000057453,0010-09-18 17:57:00,10,9,18,17,57,910,182,AUTOROUTE A6,,,Plein jour,Hors agglomération,Hors intersection,Normale,Deux véhicules - frontale,,,,,,,,,,,1,1,1,1.0,1.0
201000057454,0010-09-19 21:49:00,10,9,19,21,49,940,65,AUTOROUTE A86,48.7554,2.34408,Nuit avec éclairage allumé,Hors agglomération,Hors intersection,Normale,Deux véhicules - arrière,,,,,,,,,,,5,1,1,1.0,2.0
201000057455,0010-09-21 08:43:00,10,9,21,8,43,910,136,AUTOROUTE A10,,,Plein jour,Hors agglomération,Hors intersection,Normale,Trois véhicules et plus - collisions multiples,,,,,,,,,,,1,1,1,1.0,5.0
201000057456,0010-09-21 09:20:00,10,9,21,9,20,910,228,RN 104,,,Plein jour,Hors agglomération,Hors intersection,Normale,Deux véhicules - arrière,,,,,,,,,,,1,1,1,1.0,2.0
201000057457,0010-09-21 11:05:00,10,9,21,11,5,770,251,AUTOROUTE A5A,,,Plein jour,Hors agglomération,Hors intersection,Normale,Autre collision,,,,,,,,,,,1,1,1,1.0,6.0
201000057458,0010-09-21 12:17:00,10,9,21,12,17,910,345,AUTOROUTE A6,,,Plein jour,Hors agglomération,Hors intersection,Normale,Deux véhicules - côté,,,,,,,,,,,1,1,1,1.0,3.0
201000057459,0010-09-21 14:40:00,10,9,21,14,40,770,251,AUTOROUTE A5A,,,Plein jour,Hors agglomération,Hors intersection,Normale,Trois véhicules et plus - en chaîne,,,,,,,,,,,1,1,1,1.0,4.0
201000057460,0010-09-21 21:00:00,10,9,21,21,0,940,3,AUTOROUTE A6A,48.8055,2.34164,Nuit avec éclairage allumé,Hors agglomération,Hors intersection,Normale,Deux véhicules - côté,,,,,,,,,,,5,1,1,1.0,3.0
201000057461,0010-09-22 07:56:00,10,9,22,7,56,910,553,RN 104,,,Plein jour,Hors agglomération,Hors intersection,Normale,Deux véhicules - arrière,,,,,,,,,,,1,1,1,1.0,2.0
201000057462,0010-09-22 09:09:00,10,9,22,9,9,940,21,AUTOROUTE A6B,48.7707,2.34567,Plein jour,Hors agglomération,Hors intersection,Normale,Deux véhicules - côté,,,,,,,,,,,1,1,1,1.0,3.0
201000057463,0010-09-23 18:50:00,10,9,23,18,50,940,3,AUTOROUTE A6A,48.8117,2.33706,Plein jour,Hors agglomération,Hors intersection,Normale,Sans collision,,,,,,,,,,,1,1,1,1.0,7.0
201000057464,0010-09-24 08:27:00,10,9,24,8,27,910,549,RN 104,,,Plein jour,Hors agglomération,Hors intersection,Pluie légère,Sans collision,,,,,,,,,,,1,1,1,2.0,7.0
201000057465,0010-09-24 08:21:00,10,9,24,8,21,910,534,RN 118,,,Plein jour,Hors agglomération,Hors intersection,Temps couvert,Deux véhicules - arrière,,,,,,,,,,,1,1,1,8.0,2.0
201000057466,0010-09-24 17:10:00,10,9,24,17,10,910,521,RN 449,,,Plein jour,Hors agglomération,Hors intersection,Normale,Sans collision,,,,,,,,,,,1,1,1,1.0,7.0
201000057467,0010-09-25 13:08:00,10,9,25,13,8,940,76,AUTOROUTE A6A,48.7934,2.3449,Plein jour,Hors agglomération,Hors intersection,Normale,Deux véhicules - côté,,,,,,,,,,,1,1,1,1.0,3.0
201000057468,0010-09-25 15:13:00,10,9,25,15,13,940,76,AUTOROUTE A6B,48.7943,2.34523,Plein jour,Hors agglomération,Hors intersection,Normale,Deux véhicules - côté,,,,,,,,,,,1,1,1,1.0,3.0
201000057469,0010-09-26 05:25:00,10,9,26,5,25,910,471,RN 188 CHEVREUSE,,,Nuit sans éclairage public,Hors agglomération,Hors intersection,Normale,Deux véhicules - frontale,,,,,,,,,,,3,1,1,1.0,1.0
201000057470,0010-09-26 23:35:00,10,9,26,23,35,940,3,AUTOROUTE A6A,48.8029,2.34198,Nuit avec éclairage allumé,Hors agglomération,Hors intersection,Pluie forte,Deux véhicules - arrière,,,,,,,,,,,5,1,1,3.0,2.0
201000057471,0010-09-27 00:05:00,10,9,27,0,5,940,3,AUTOROUTE A6A,48.8129,2.33612,Nuit avec éclairage allumé,Hors agglomération,Hors intersection,Pluie forte,Sans collision,,,,,,,,,,,5,1,1,3.0,7.0
201000057472,0010-09-27 05:30:00,10,9,27,5,30,910,589,AUTOROUTE A6,,,Crépuscule ou aube,Hors agglomération,Hors intersection,Normale,Autre collision,,,,,,,,,,,2,1,1,1.0,6.0
201000057473,0010-09-27 06:43:00,10,9,27,6,43,940,16,AUTOROUTE A6B,48.7969,2.34389,Crépuscule ou aube,Hors agglomération,Hors intersection,Normale,Deux véhicules - arrière,,,,,,,,,,,2,1,1,1.0,2.0
201000057474,0010-09-27 18:32:00,10,9,27,18,32,910,174,RN 104,,,Plein jour,Hors agglomération,Hors intersection,Normale,Autre collision,,,,,,,,,,,1,1,1,1.0,6.0
201000057475,0010-09-29 08:02:00,10,9,29,8,2,910,179,AUTOROUTE A6,,,Plein jour,Hors agglomération,Hors intersection,Normale,Autre collision,,,,,,,,,,,1,1,1,1.0,6.0
201000057476,0010-09-29 09:52:00,10,9,29,9,52,940,34,AUTOROUTE A86,48.7621,2.31445,Plein jour,Hors agglomération,Hors intersection,Normale,Deux véhicules - arrière,,,,,,,,,,,1,1,1,1.0,2.0
201000057477,0010-09-30 07:45:00,10,9,30,7,45,910,521,AUTOROUTE A6,,,Crépuscule ou aube,Hors agglomération,Hors intersection,Pluie légère,Deux véhicules - côté,,,,,,,,,,,2,1,1,2.0,3.0
201000057478,0010-09-30 08:10:00,10,9,30,8,10,910,161,AUTOROUTE A6,,,Plein jour,Hors agglomération,Hors intersection,Pluie légère,Trois véhicules et plus - en chaîne,,,,,,,,,,,1,1,1,2.0,4.0
201000057479,0010-10-01 01:15:00,10,10,1,1,15,910,64,RN 118,,,Nuit sans éclairage public,Hors agglomération,Hors intersection,Normale,Autre collision,,,,,,,,,,,3,1,1,1.0,6.0
201000057480,0010-10-01 13:35:00,10,10,1,13,35,910,471,"11, RN 118",,,Plein jour,Hors agglomération,Hors intersection,Normale,Sans collision,,,,,,,,,,,1,1,1,1.0,7.0
201000057481,0010-10-01 20:00:00,10,10,1,20,0,910,477,AUTOROUTE A10,,,Nuit sans éclairage public,Hors agglomération,Hors intersection,Normale,Autre collision,,,,,,,,,,,3,1,1,1.0,6.0
201000057482,0010-10-02 02:11:00,10,10,2,2,11,910,589,AUTOROUTE A6,,,Nuit sans éclairage public,Hors agglomération,Hors intersection,Normale,Autre collision,,,,,,,,,,,3,1,1,1.0,6.0
201000057483,0010-10-02 09:10:00,10,10,2,9,10,920,19,RN 385 INT,,,Plein jour,Hors agglomération,Hors intersection,Pluie légère,Deux véhicules - côté,,,,,,,,,,,1,1,1,2.0,3.0
201000057484,0010-10-02 10:30:00,10,10,2,10,30,910,521,"0, RN 449",,,Plein jour,Hors agglomération,Hors intersection,Temps couvert,Sans collision,,,,,,,,,,,1,1,1,8.0,7.0
201000057485,0010-10-02 22:04:00,10,10,2,22,4,910,434,AUTOROUTE A6,,,Nuit sans éclairage public,Hors agglomération,Hors intersection,Normale,Deux véhicules - arrière,,,,,,,,,,,3,1,1,1.0,2.0
201000057486,0010-10-03 16:12:00,10,10,3,16,12,910,521,AUTOROUTE A6,,,Plein jour,Hors agglomération,Hors intersection,Normale,Deux véhicules - côté,,,,,,,,,,,1,1,1,1.0,3.0
201000057487,0010-10-04 14:30:00,10,10,4,14,30,910,471,RN 118,,,Plein jour,Hors agglomération,Hors intersection,Pluie légère,Trois véhicules et plus - en chaîne,,,,,,,,,,,1,1,1,2.0,4.0
201000057488,0010-10-05 07:48:00,10,10,5,7,48,910,617,RN 104,,,Plein jour,Hors agglomération,Hors intersection,Pluie légère,Deux véhicules - côté,,,,,,,,,,,1,1,1,2.0,3.0
201000057489,0010-10-08 12:55:00,10,10,8,12,55,920,2,AUTOROUTE A10,,,Plein jour,Hors agglomération,Hors intersection,Normale,Deux véhicules - arrière,,,,,,,,,,,1,1,1,1.0,2.0
201000057490,0010-10-05 18:49:00,10,10,5,18,49,910,689,AUTOROUTE A6,,,Nuit sans éclairage public,Hors agglomération,Hors intersection,Pluie légère,Trois véhicules et plus - collisions multiples,,,,,,,,,,,3,1,1,2.0,5.0
201000057491,0010-10-06 09:45:00,10,10,6,9,45,910,235,RN 104,,,Plein jour,Hors agglomération,Hors intersection,Normale,Trois véhicules et plus - collisions multiples,,,,,,,,,,,1,1,1,1.0,5.0
201000057492,0010-10-06 14:45:00,10,10,6,14,45,910,553,RN 104,,,Plein jour,Hors agglomération,Hors intersection,Temps couvert,Deux véhicules - côté,,,,,,,,,,,1,1,1,8.0,3.0
201000057493,0010-10-07 11:45:00,10,10,7,11,45,910,434,AUTOROUTE A6,,,Plein jour,Hors agglomération,Hors intersection,Normale,Trois véhicules et plus - collisions multiples,,,,,,,,,,,1,1,1,1.0,5.0
201000057494,0010-10-08 07:44:00,10,10,8,7,44,910,377,AUTOROUTE A10,,,Plein jour,Hors agglomération,Hors intersection,Normale,Deux véhicules - côté,,,,,,,,,,,1,1,1,1.0,3.0
201000057495,0010-10-08 18:41:00,10,10,8,18,41,910,174,RN 104,,,Plein jour,Hors agglomération,Hors intersection,Normale,Trois véhicules et plus - en chaîne,,,,,,,,,,,1,1,1,1.0,4.0
201000057496,0010-10-08 19:43:00,10,10,8,19,43,910,617,RN 104,,,Nuit sans éclairage public,Hors agglomération,Hors intersection,Normale,Deux véhicules - arrière,,,,,,,,,,,3,1,1,1.0,2.0
201000057497,0010-10-09 11:50:00,10,10,9,11,50,910,549,RN 104,,,Plein jour,Hors agglomération,Hors intersection,Normale,Deux véhicules - arrière,,,,,,,,,,,1,1,1,1.0,2.0
201000057498,0010-10-09 23:45:00,10,10,9,23,45,910,363,AUTOROUTE A10,,,Nuit sans éclairage public,Hors agglomération,Hors intersection,Normale,Autre collision,,,,,,,,,,,3,1,1,1.0,6.0
201000057499,0010-10-10 19:15:00,10,10,10,19,15,910,363,RN 104,,,Plein jour,Hors agglomération,Hors intersection,Normale,Trois véhicules et plus - en chaîne,,,,,,,,,,,1,1,1,1.0,4.0
201000057500,0010-10-11 09:19:00,10,10,11,9,19,910,312,RN 444,,,Plein jour,Hors agglomération,Hors intersection,Normale,Autre collision,,,,,,,,,,,1,1,1,1.0,6.0
201000057501,0010-10-11 09:19:00,10,10,11,9,19,910,235,RN 104,,,Plein jour,Hors agglomération,Hors intersection,Normale,Deux véhicules - frontale,,,,,,,,,,,1,1,1,1.0,1.0
201000057502,0010-10-11 17:30:00,10,10,11,17,30,910,340,AUTOROUTE A6,,,Plein jour,Hors agglomération,Hors intersection,Normale,Deux véhicules - côté,,,,,,,,,,,1,1,1,1.0,3.0
201000057503,0010-10-13 09:55:00,10,10,13,9,55,910,645,RN 385 INT,,,Plein jour,Hors agglomération,Hors intersection,Normale,Sans collision,,,,,,,,,,,1,1,1,1.0,7.0
201000057504,0010-10-13 16:45:00,10,10,13,16,45,910,340,"0, RN 104",,,Plein jour,Hors agglomération,Hors intersection,Normale,Sans collision,,,,,,,,,,,1,1,1,1.0,7.0
201000057505,0010-10-13 17:00:00,10,10,13,17,0,910,617,RN 104,,,Plein jour,Hors agglomération,Hors intersection,Normale,Autre collision,,,,,,,,,,,1,1,1,1.0,6.0
201000057506,0010-10-13 17:40:00,10,10,13,17,40,910,340,AUTOROUTE A6,,,Plein jour,Hors agglomération,Hors intersection,Normale,Autre collision,,,,,,,,,,,1,1,1,1.0,6.0
201000057507,0010-10-13 18:50:00,10,10,13,18,50,940,34,AUTOROUTE A86,,,Nuit sans éclairage public,Hors agglomération,Hors intersection,Normale,Trois véhicules et plus - en chaîne,,,,,,,,,,,3,1,1,1.0,4.0
201000057508,0010-10-13 19:20:00,10,10,13,19,20,940,21,AUTOROUTE A6B,,,Nuit sans éclairage public,Hors agglomération,Hors intersection,Normale,Sans collision,,,,,,,,,,,3,1,1,1.0,7.0
201000057509,0010-10-14 07:05:00,10,10,14,7,5,940,34,AUTOROUTE A86,,,Crépuscule ou aube,Hors agglomération,Hors intersection,Normale,Deux véhicules - côté,,,,,,,,,,,2,1,1,1.0,3.0
201000057510,0010-10-14 08:20:00,10,10,14,8,20,910,86,RN 104,,,Plein jour,Hors agglomération,Hors intersection,Normale,Deux véhicules - arrière,,,,,,,,,,,1,1,1,1.0,2.0
201000057511,0010-10-14 09:15:00,10,10,14,9,15,910,161,AUTOROUTE A126,,,Plein jour,Hors agglomération,Hors intersection,Normale,Autre collision,,,,,,,,,,,1,1,1,1.0,6.0
201000057512,0010-10-14 19:39:00,10,10,14,19,39,940,37,AUTOROUTE A6A,,,Nuit avec éclairage non allumé,Hors agglomération,Hors intersection,Normale,Deux véhicules - arrière,,,,,,,,,,,4,1,1,1.0,2.0
201000057513,0010-10-15 16:55:00,10,10,15,16,55,910,689,AUTOROUTE A6B,,,Plein jour,Hors agglomération,Hors intersection,Normale,Deux véhicules - côté,,,,,,,,,,,1,1,1,1.0,3.0
201000057514,0010-10-18 07:17:00,10,10,18,7,17,910,434,AUTOROUTE A6,,,Nuit sans éclairage public,Hors agglomération,Hors intersection,Normale,Deux véhicules - arrière,,,,,,,,,,,3,1,1,1.0,2.0
201000057515,0010-10-18 10:30:00,10,10,18,10,30,910,64,RN 118,,,Plein jour,Hors agglomération,Hors intersection,Normale,Autre collision,,,,,,,,,,,1,1,1,1.0,6.0
201000057516,0010-10-19 12:23:00,10,10,19,12,23,910,477,AUTOROUTE A10,,,Plein jour,Hors agglomération,Hors intersection,Temps couvert,Sans collision,,,,,,,,,,,1,1,1,8.0,7.0
201000057517,0010-10-19 13:01:00,10,10,19,13,1,940,3,A6A,,,Plein jour,Hors agglomération,Hors intersection,Temps couvert,Sans collision,,,,,,,,,,,1,1,1,8.0,7.0
201000057518,0010-10-20 17:36:00,10,10,20,17,36,940,34,A86,,,Plein jour,Hors agglomération,Hors intersection,Normale,Sans collision,,,,,,,,,,,1,1,1,1.0,7.0
201000057519,0010-10-21 00:50:00,10,10,21,0,50,910,174,RN 104,,,Nuit sans éclairage public,Hors agglomération,Hors intersection,Normale,Deux véhicules - arrière,,,,,,,,,,,3,1,1,1.0,2.0
201000057520,0010-10-22 11:54:00,10,10,22,11,54,910,661,AUTOROUTE A10,,,Plein jour,Hors agglomération,Hors intersection,Normale,Autre collision,,,,,,,,,,,1,1,1,1.0,6.0
201000057521,0010-10-22 18:27:00,10,10,22,18,27,910,161,AUTOROUTE A6,,,Plein jour,Hors agglomération,Hors intersection,Normale,Trois véhicules et plus - en chaîne,,,,,,,,,,,1,1,1,1.0,4.0
201000057522,0010-10-23 04:55:00,10,10,23,4,55,910,179,AUTOROUTE A6,,,Nuit sans éclairage public,Hors agglomération,Hors intersection,Normale,Deux véhicules - arrière,,,,,,,,,,,3,1,1,1.0,2.0
201000057523,0010-10-23 20:20:00,10,10,23,20,20,910,161,AUTOROUTE A6,,,Nuit sans éclairage public,Hors agglomération,Hors intersection,Temps éblouissant,Deux véhicules - côté,,,,,,,,,,,3,1,1,7.0,3.0
201000057524,0010-10-23 20:30:00,10,10,23,20,30,940,34,A86,,,Nuit avec éclairage non allumé,Hors agglomération,Hors intersection,Pluie légère,Sans collision,,,,,,,,,,,4,1,1,2.0,7.0
201000057525,0010-10-24 00:13:00,10,10,24,0,13,910,340,RN 104,,,Nuit sans éclairage public,Hors agglomération,Hors intersection,Normale,Autre collision,,,,,,,,,,,3,1,1,1.0,6.0
201000057526,0010-10-24 02:00:00,10,10,24,2,0,770,251,AUTOROUTE A5A,,,Nuit sans éclairage public,Hors agglomération,Autre intersection,Temps couvert,Sans collision,,,,,,,,,,,3,1,9,8.0,7.0
201000057527,0010-10-25 05:32:00,10,10,25,5,32,940,3,A6A,,,Nuit avec éclairage allumé,Hors agglomération,Hors intersection,Normale,Deux véhicules - côté,,,,,,,,,,,5,1,1,1.0,3.0
201000057528,0010-10-25 11:35:00,10,10,25,11,35,910,377,AUTOROUTE A10,,,Plein jour,Hors agglomération,Hors intersection,Temps couvert,Sans collision,,,,,,,,,,,1,1,1,8.0,7.0
201000057529,0010-10-25 15:40:00,10,10,25,15,40,910,363,RN 104,,,Plein jour,Hors agglomération,Hors intersection,Normale,Sans collision,,,,,,,,,,,1,1,1,1.0,7.0
201000057530,0010-10-26 18:37:00,10,10,26,18,37,910,553,RN 104,,,Crépuscule ou aube,Hors agglomération,Hors intersection,Normale,Autre collision,,,,,,,,,,,2,1,1,1.0,6.0
201000057531,0010-10-27 19:03:00,10,10,27,19,3,940,21,A6B,,,Crépuscule ou aube,Hors agglomération,Hors intersection,Normale,Deux véhicules - côté,,,,,,,,,,,2,1,1,1.0,3.0
201000057532,0010-10-28 17:03:00,10,10,28,17,3,910,179,AUTOROUTE A6,,,Plein jour,Hors agglomération,Hors intersection,Normale,Deux véhicules - côté,,,,,,,,,,,1,1,1,1.0,3.0
201000057533,0010-10-28 23:35:00,10,10,28,23,35,910,553,RN 104,,,Nuit sans éclairage public,Hors agglomération,Hors intersection,Normale,Deux véhicules - arrière,,,,,,,,,,,3,1,1,1.0,2.0
201000057534,0010-10-29 01:24:00,10,10,29,1,24,910,471,RN 118,,,Nuit sans éclairage public,Hors agglomération,Hors intersection,Normale,Autre collision,,,,,,,,,,,3,1,1,1.0,6.0
201000057535,0010-10-29 20:15:00,10,10,29,20,15,910,377,AUTOROUTE A10,,,Nuit sans éclairage public,Hors agglomération,Hors intersection,Normale,Deux véhicules - arrière,,,,,,,,,,,3,1,1,1.0,2.0
201000057536,0010-10-30 08:40:00,10,10,30,8,40,910,340,RN 104,,,Crépuscule ou aube,Hors agglomération,Hors intersection,Pluie légère,Autre collision,,,,,,,,,,,2,1,1,2.0,6.0
201000057537,0010-10-31 01:28:00,10,10,31,1,28,910,534,RN 118,,,Nuit sans éclairage public,Hors agglomération,Hors intersection,Normale,Autre collision,,,,,,,,,,,3,1,1,1.0,6.0
201000057538,0010-10-31 05:54:00,10,10,31,5,54,910,161,AUTOROUTE A6,,,Nuit avec éclairage allumé,Hors agglomération,Hors intersection,Pluie légère,Autre collision,,,,,,,,,,,5,1,1,2.0,6.0
201000057539,0010-10-31 12:00:00,10,10,31,12,0,910,179,AUTOROUTE A6,,,Plein jour,Hors agglomération,Hors intersection,Normale,Sans collision,,,,,,,,,,,1,1,1,1.0,7.0
201000057540,0010-11-02 07:00:00,10,11,2,7,0,910,182,AUTOROUTE A6,,,Crépuscule ou aube,Hors agglomération,Hors intersection,Normale,Sans collision,,,,,,,,,,,2,1,1,1.0,7.0
201000057541,0010-11-02 16:13:00,10,11,2,16,13,940,3,AUTOROUTE A6A,,,Plein jour,Hors agglomération,Hors intersection,Normale,Sans collision,,,,,,,,,,,1,1,1,1.0,7.0
201000057542,0010-11-02 19:54:00,10,11,2,19,54,910,182,AUTOROUTE A6,,,Plein jour,Hors agglomération,Hors intersection,Normale,Trois véhicules et plus - en chaîne,,,,,,,,,,,1,1,1,1.0,4.0
201000057543,0010-11-02 20:35:00,10,11,2,20,35,910,363,RN 104,,,Nuit avec éclairage allumé,Hors agglomération,Hors intersection,Temps couvert,Deux véhicules - arrière,,,,,,,,,,,5,1,1,8.0,2.0
201000057544,0010-11-03 11:09:00,10,11,3,11,9,910,228,AUTOROUTE A6,,,Plein jour,Hors agglomération,Hors intersection,Normale,Autre collision,,,,,,,,,,,1,1,1,1.0,6.0
201000057545,0010-11-03 17:33:00,10,11,3,17,33,910,161,AUTOROUTE A6,,,Nuit sans éclairage public,Hors agglomération,Hors intersection,Normale,Deux véhicules - arrière,,,,,,,,,,,3,1,1,1.0,2.0
201000057546,0010-11-03 19:13:00,10,11,3,19,13,910,689,AUTOROUTE A6A,,,Nuit sans éclairage public,Hors agglomération,Hors intersection,Normale,Deux véhicules - arrière,,,,,,,,,,,3,1,1,1.0,2.0
201000057547,0010-11-03 23:24:00,10,11,3,23,24,910,161,AUTOROUTE A6,,,Nuit sans éclairage public,Hors agglomération,Hors intersection,Normale,Autre collision,,,,,,,,,,,3,1,1,1.0,6.0
201000057548,0010-11-05 11:10:00,10,11,5,11,10,770,384,AUTOROUTE A5A,,,Plein jour,Hors agglomération,Hors intersection,Normale,Autre collision,,,,,,,,,,,1,1,1,1.0,6.0
201000057549,0010-11-05 17:50:00,10,11,5,17,50,910,477,AUTOROUTE A126,,,Nuit sans éclairage public,Hors agglomération,Hors intersection,Normale,Trois véhicules et plus - collisions multiples,,,,,,,,,,,3,1,1,1.0,5.0
201000057550,0010-11-06 16:26:00,10,11,6,16,26,910,136,AUTOROUTE A126,,,Plein jour,Hors agglomération,Hors intersection,Pluie légère,Trois véhicules et plus - en chaîne,,,,,,,,,,,1,1,1,2.0,4.0
201000057551,0010-11-06 19:00:00,10,11,6,19,0,940,3,AUTOROUTE A6A,,,Nuit sans éclairage public,Hors agglomération,Hors intersection,Pluie forte,Deux véhicules - arrière,,,,,,,,,,,3,1,1,3.0,2.0
201000057552,0010-11-07 05:50:00,10,11,7,5,50,910,235,RN 104,,,Nuit sans éclairage public,Hors agglomération,Hors intersection,Pluie forte,Deux véhicules - arrière,,,,,,,,,,,3,1,1,3.0,2.0