accident_id,datetime,annee,mois,jour,heure,minute,departement,commune_insee,adresse,latitude,longitude,luminosite,agglomeration,intersection,meteo,collision,nb_vehicules,nb_usagers,nb_indemnes,nb_tues,nb_blesses_hosp,nb_blesses_legers,age_cond_1,age_cond_2,veh_type_cond_1,veh_type_cond_2,lum_code,agg_code,int_code,atm_code,col_code
201000057681,0010-03-07 11:54:00,10,3,7,11,54,202,33,"3, SAINT ROCH - RUE NEUV",,,Plein jour,En agglomération,Hors intersection,Normale,Autre collision,,,,,,,,,,,1,2,1,1.0,6.0
201000057682,0010-03-08 18:31:00,10,3,8,18,31,202,33,"SANS, VEZZANI - RUE CESA",,,Plein jour,En agglomération,Hors intersection,Normale,Autre collision,,,,,,,,,,,1,2,1,1.0,6.0
201000057683,0010-03-09 07:28:00,10,3,9,7,28,202,33,"SANS, TOUTES RUES",,,Plein jour,En agglomération,Hors intersection,Pluie légère,Deux véhicules - arrière,,,,,,,,,,,1,2,1,2.0,2.0
201000057684,0010-03-09 14:35:00,10,3,9,14,35,202,33,"sans, TOUTES RUES",,,Plein jour,En agglomération,Giratoire,Pluie forte,Deux véhicules - côté,,,,,,,,,,,1,2,6,3.0,3.0
201000057685,0010-03-14 13:42:00,10,3,14,13,42,202,37,"SANS, TOUTES RUES",,,Plein jour,En agglomération,Hors intersection,Normale,Autre collision,,,,,,,,,,,1,2,1,1.0,6.0
201000057686,0010-03-12 08:50:00,10,3,12,8,50,202,33,"sans, TOUTES RUES",,,Plein jour,En agglomération,Hors intersection,Normale,Trois véhicules et plus - en chaîne,,,,,,,,,,,1,2,1,1.0,4.0
201000057687,0010-03-15 16:00:00,10,3,15,16,0,202,33,"SANS, AV DE LA LIBERATIO",,,Plein jour,En agglomération,Hors intersection,Normale,Deux véhicules - côté,,,,,,,,,,,1,2,1,1.0,3.0
201000057688,0010-03-17 10:05:00,10,3,17,10,5,202,33,"SANS, TOUTES RUES",,,Plein jour,En agglomération,Hors intersection,Normale,Autre collision,,,,,,,,,,,1,2,1,1.0,6.0
201000057689,0010-03-17 10:00:00,10,3,17,10,0,202,33,"SANS, TOUTES RUES",,,Plein jour,En agglomération,Hors intersection,Normale,Autre collision,,,,,,,,,,,1,2,1,1.0,6.0
201000057690,0010-03-18 23:25:00,10,3,18,23,25,202,33,"SANS, ROUTE ROYALE",,,Nuit avec éclairage allumé,En agglomération,Hors intersection,Normale,Trois véhicules et plus - en chaîne,,,,,,,,,,,5,2,1,1.0,4.0
201000057691,0010-03-19 18:06:00,10,3,19,18,6,202,33,"SANS, GIACCOBBI - AV PAU",,,Plein jour,En agglomération,Hors intersection,Normale,Deux véhicules - côté,,,,,,,,,,,1,2,1,1.0,3.0
201000057692,0010-03-20 10:35:00,10,3,20,10,35,202,33,"SANS, ABATUCCI - RUE",,,Plein jour,En agglomération,Hors intersection,Normale,Autre collision,,,,,,,,,,,1,2,1,1.0,6.0
201000057693,0010-03-22 01:03:00,10,3,22,1,3,202,33,"SANS, FRONT DE MER - ROU",,,Nuit avec éclairage allumé,En agglomération,Hors intersection,Normale,Autre collision,,,,,,,,,,,5,2,1,1.0,6.0
201000057694,0010-03-22 18:34:00,10,3,22,18,34,202,33,"SANS, TOUTES RUES",,,Nuit avec éclairage allumé,En agglomération,Hors intersection,Normale,Trois véhicules et plus - en chaîne,,,,,,,,,,,5,2,1,1.0,4.0
201000057695,0010-03-27 12:03:00,10,3,27,12,3,202,33,"SANS, 193 - RN",,,Plein jour,En agglomération,Giratoire,Normale,Deux véhicules - côté,,,,,,,,,,,1,2,6,1.0,3.0
201000057696,0010-03-26 17:50:00,10,3,26,17,50,202,33,"SANS, 193 - RN",,,Plein jour,En agglomération,Hors intersection,Normale,Trois véhicules et plus - en chaîne,,,,,,,,,,,1,2,1,1.0,4.0
201000057697,0010-03-30 01:22:00,10,3,30,1,22,202,33,"SANS, AV LA LIBERATION",,,Nuit avec éclairage allumé,En agglomération,Hors intersection,Normale,Trois véhicules et plus - collisions multiples,,,,,,,,,,,5,2,1,1.0,5.0
201000057698,0010-04-02 12:05:00,10,4,2,12,5,202,33,"SANS, AV DE LA LIBERATIO",,,Plein jour,En agglomération,Hors intersection,Normale,Deux véhicules - côté,,,,,,,,,,,1,2,1,1.0,3.0
201000057699,0010-04-03 19:15:00,10,4,3,19,15,202,33,"SANS, TOUTES RUES",,,Crépuscule ou aube,En agglomération,Hors intersection,Normale,Autre collision,,,,,,,,,,,2,2,1,1.0,6.0
201000057700,0010-04-03 22:50:00,10,4,3,22,50,202,33,"SANS, TOUTES RUES",,,Nuit avec éclairage allumé,En agglomération,Hors intersection,Normale,Autre collision,,,,,,,,,,,5,2,1,1.0,6.0
201000057701,0010-04-06 17:48:00,10,4,6,17,48,202,33,"SANS, MIOT - RUE",,,Plein jour,Hors agglomération,Intersection en X,Normale,Deux véhicules - côté,,,,,,,,,,,1,1,2,1.0,3.0
201000057702,0010-04-06 18:15:00,10,4,6,18,15,202,120,"sans, TOUTES RUES",,,Plein jour,En agglomération,Intersection en T,Normale,Deux véhicules - côté,,,,,,,,,,,1,2,3,1.0,3.0
201000057703,0010-04-02 01:10:00,10,4,2,1,10,202,33,"SANS, CHANOINE LESCHI -",,,Nuit avec éclairage allumé,En agglomération,Hors intersection,Normale,Autre collision,,,,,,,,,,,5,2,1,1.0,6.0
201000057704,0010-04-07 15:18:00,10,4,7,15,18,202,33,"SANS, 193 - RN",,,Plein jour,En agglomération,Hors intersection,Normale,Autre collision,,,,,,,,,,,1,2,1,1.0,6.0
201000057705,0010-04-09 19:43:00,10,4,9,19,43,202,33,"SANS, 193 - RN",,,Nuit avec éclairage allumé,En agglomération,Hors intersection,Pluie légère,Deux véhicules - côté,,,,,,,,,,,5,2,1,2.0,3.0
201000057706,0010-04-14 15:20:00,10,4,14,15,20,202,33,"SANS, TUNNEL",,,Plein jour,En agglomération,Hors intersection,Normale,Deux véhicules - arrière,,,,,,,,,,,1,2,1,1.0,2.0
201000057707,0010-04-14 21:17:00,10,4,14,21,17,202,33,"SANS, FRONT DE MER - ROU",,,Nuit avec éclairage allumé,En agglomération,Hors intersection,Normale,Deux véhicules - arrière,,,,,,,,,,,5,2,1,1.0,2.0
201000057708,0010-04-19 09:47:00,10,4,19,9,47,202,33,"SANS, TOUTES RUES",,,Plein jour,En agglomération,Hors intersection,Normale,Deux véhicules - arrière,,,,,,,,,,,1,2,1,1.0,2.0
201000057709,0010-04-21 10:25:00,10,4,21,10,25,202,33,"SANS, TOUTES RUES",,,Plein jour,En agglomération,Hors intersection,Normale,Autre collision,,,,,,,,,,,1,2,1,1.0,6.0
201000057710,0010-04-23 16:39:00,10,4,23,16,39,202,33,"SANS, 193 - RN",,,Plein jour,En agglomération,Hors intersection,Pluie forte,Autre collision,,,,,,,,,,,1,2,1,3.0,6.0
201000057711,0010-04-24 02:49:00,10,4,24,2,49,202,37,"SANS, TOUTES RUES",,,Nuit avec éclairage allumé,En agglomération,Hors intersection,Normale,Deux véhicules - arrière,,,,,,,,,,,5,2,1,1.0,2.0
201000057712,0010-05-04 15:22:00,10,5,4,15,22,202,33,TOUTE RUE,,,Plein jour,En agglomération,Hors intersection,Pluie légère,Deux véhicules - arrière,,,,,,,,,,,1,2,1,2.0,2.0
201000057713,0010-05-06 16:50:00,10,5,6,16,50,202,33,GAUDIN - BL    AUGU,,,Plein jour,En agglomération,Hors intersection,Normale,Deux véhicules - arrière,,,,,,,,,,,1,2,1,1.0,2.0
201000057714,0010-05-07 14:23:00,10,5,7,14,23,202,37,SANS TOUTE RUE,,,Plein jour,Hors agglomération,Hors intersection,Normale,Autre collision,,,,,,,,,,,1,1,1,1.0,6.0
201000057715,0010-05-07 17:02:00,10,5,7,17,2,202,33,"31, PAOLI NR 21 AU 45",,,Plein jour,En agglomération,Hors intersection,Normale,Autre collision,,,,,,,,,,,1,2,1,1.0,6.0
201000057716,0010-05-07 20:57:00,10,5,7,20,57,202,120,SANS TOUTES RUES,,,Nuit avec éclairage allumé,Hors agglomération,Hors intersection,Normale,Deux véhicules - côté,,,,,,,,,,,5,1,1,1.0,3.0
201000057717,0010-05-08 10:22:00,10,5,8,10,22,202,33,SANS TOUTES RUE,,,Plein jour,En agglomération,Hors intersection,Normale,Deux véhicules - arrière,,,,,,,,,,,1,2,1,1.0,2.0
201000057718,0010-05-09 16:50:00,10,5,9,16,50,202,33,SANS TOUTES RUES,,,Plein jour,En agglomération,Hors intersection,Normale,Autre collision,,,,,,,,,,,1,2,1,1.0,6.0
201000057719,0010-05-12 18:50:00,10,5,12,18,50,202,120,SANS TOUTES RUES,,,Plein jour,Hors agglomération,Hors intersection,Pluie forte,Deux véhicules - côté,,,,,,,,,,,1,1,1,3.0,3.0
201000057720,0010-05-14 11:05:00,10,5,14,11,5,202,37,SANS TOUTES RUES,,,Plein jour,Hors agglomération,Hors intersection,Normale,Autre collision,,,,,,,,,,,1,1,1,1.0,6.0
201000057721,0010-05-15 07:45:00,10,5,15,7,45,202,33,"SANS, ROUTE ROYALE",,,Plein jour,Hors agglomération,Hors intersection,Pluie légère,Deux véhicules - frontale,,,,,,,,,,,1,1,1,2.0,1.0
201000057722,0010-05-21 16:10:00,10,5,21,16,10,202,33,"SANS, TOUTES RUES",,,Plein jour,En agglomération,Hors intersection,Normale,Autre collision,,,,,,,,,,,1,2,1,1.0,6.0
201000057723,0010-05-24 00:25:00,10,5,24,0,25,202,37,"sans, TOUTES RUES",,,Nuit avec éclairage allumé,Hors agglomération,Hors intersection,Normale,Sans collision,,,,,,,,,,,5,1,1,1.0,7.0
201000057724,0010-05-25 07:30:00,10,5,25,7,30,202,33,"SANS, FANGO - AVENUE DU",,,Plein jour,En agglomération,Hors intersection,Normale,Autre collision,,,,,,,,,,,1,2,1,1.0,6.0
201000057725,0010-05-27 09:57:00,10,5,27,9,57,202,33,"SANS, CIMETIERE",,,Plein jour,En agglomération,Hors intersection,Normale,Autre collision,,,,,,,,,,,1,2,1,1.0,6.0
201000057726,0010-05-28 23:05:00,10,5,28,23,5,202,33,"13, GENERAL DE GAULLE -",,,Nuit avec éclairage allumé,En agglomération,Hors intersection,Pluie légère,Trois véhicules et plus - en chaîne,,,,,,,,,,,5,2,1,2.0,4.0
201000057727,0010-05-28 17:15:00,10,5,28,17,15,202,33,"SANS, VEZZANI - RUE CESA",,,Plein jour,En agglomération,Hors intersection,Normale,Autre collision,,,,,,,,,,,1,2,1,1.0,6.0
201000057728,0010-05-29 16:50:00,10,5,29,16,50,202,33,"SANS, ROUTE ROYALE",,,Plein jour,En agglomération,Hors intersection,Normale,Deux véhicules - côté,,,,,,,,,,,1,2,1,1.0,3.0
201000057729,0010-05-30 17:14:00,10,5,30,17,14,202,120,"SANS, TOUTES RUES",,,Plein jour,Hors agglomération,Hors intersection,Normale,Deux véhicules - arrière,,,,,,,,,,,1,1,1,1.0,2.0
201000057730,0010-05-31 12:29:00,10,5,31,12,29,202,120,"SANS, TOUTES RUES",,,Plein jour,Hors agglomération,Hors intersection,Normale,Autre collision,,,,,,,,,,,1,1,1,1.0,6.0
201000057731,0010-06-02 18:26:00,10,6,2,18,26,202,33,"SANS, ROND POINT",,,Plein jour,En agglomération,Hors intersection,Normale,Trois véhicules et plus - en chaîne,,,,,,,,,,,1,2,1,1.0,4.0
201000057732,0010-06-05 13:00:00,10,6,5,13,0,202,33,"SANS, TOUTES RUES",,,Plein jour,En agglomération,Hors intersection,Normale,Autre collision,,,,,,,,,,,1,2,1,1.0,6.0
201000057733,0010-06-06 17:45:00,10,6,6,17,45,202,120,"sans, TOUTES RUES",,,Plein jour,Hors agglomération,Hors intersection,Normale,Trois véhicules et plus - en chaîne,,,,,,,,,,,1,1,1,1.0,4.0
201000057734,0010-06-06 19:32:00,10,6,6,19,32,202,33,"SANS, TOUTES RUES",,,Plein jour,Hors agglomération,Hors intersection,Normale,Sans collision,,,,,,,,,,,1,1,1,1.0,7.0
201000057735,0010-06-12 13:12:00,10,6,12,13,12,202,33,"SANS, ROUTE ROYALE",,,Plein jour,En agglomération,Hors intersection,Normale,Autre collision,,,,,,,,,,,1,2,1,1.0,6.0
201000057736,0010-06-12 19:45:00,10,6,12,19,45,202,120,"SANS, TOUTES RUES",,,Plein jour,En agglomération,Hors intersection,Normale,Deux véhicules - arrière,,,,,,,,,,,1,2,1,1.0,2.0
201000057737,0010-06-13 12:15:00,10,6,13,12,15,202,33,"SANS, PAOLI DU NR 1 A 20",,,Plein jour,En agglomération,Hors intersection,Normale,Autre collision,,,,,,,,,,,1,2,1,1.0,6.0
201000057738,0010-06-14 21:43:00,10,6,14,21,43,202,33,"SANS, TOUTES RUES",,,Nuit avec éclairage allumé,En agglomération,Hors intersection,Pluie forte,Deux véhicules - frontale,,,,,,,,,,,5,2,1,3.0,1.0
201000057739,0010-06-15 12:15:00,10,6,15,12,15,202,33,"SANS, TOUTES RUES",,,Plein jour,En agglomération,Hors intersection,Normale,Trois véhicules et plus - collisions multiples,,,,,,,,,,,1,2,1,1.0,5.0
201000057740,0010-06-15 07:55:00,10,6,15,7,55,202,33,"SANS, ROUTE ROYALE",,,Plein jour,En agglomération,Intersection en X,Normale,Deux véhicules - côté,,,,,,,,,,,1,2,2,1.0,3.0
201000057741,0010-06-16 23:32:00,10,6,16,23,32,202,37,"SANS, TOUTES RUES",,,Nuit sans éclairage public,Hors agglomération,Hors intersection,Normale,Sans collision,,,,,,,,,,,3,1,1,1.0,7.0
201000057742,0010-06-18 17:38:00,10,6,18,17,38,202,120,"SANS, TOUTES RUES",,,Plein jour,Hors agglomération,Hors intersection,Normale,Deux véhicules - arrière,,,,,,,,,,,1,1,1,1.0,2.0
201000057743,0010-06-20 00:41:00,10,6,20,0,41,202,33,"SANS, COLLE - RUE DU",,,Nuit avec éclairage allumé,En agglomération,Intersection en X,Normale,Deux véhicules - côté,,,,,,,,,,,5,2,2,1.0,3.0
201000057744,0010-06-21 19:00:00,10,6,21,19,0,202,33,"SANS, CAP - ROUTE DU CAP",,,Plein jour,Hors agglomération,Hors intersection,Normale,Deux véhicules - frontale,,,,,,,,,,,1,1,1,1.0,1.0
201000057745,0010-06-25 08:00:00,10,6,25,8,0,202,37,"SANS, TOUTES RUES",,,Plein jour,Hors agglomération,Hors intersection,Normale,Deux véhicules - côté,,,,,,,,,,,1,1,1,1.0,3.0
201000057746,0010-06-28 15:13:00,10,6,28,15,13,202,33,"SANS, 193 - RN",,,Plein jour,En agglomération,Hors intersection,Normale,Deux véhicules - arrière,,,,,,,,,,,1,2,1,1.0,2.0
201000057747,0010-06-28 15:51:00,10,6,28,15,51,202,33,"sans, GIACCOBBI - AV PAU",,,Plein jour,En agglomération,Hors intersection,Normale,Deux véhicules - côté,,,,,,,,,,,1,2,1,1.0,3.0
201000057748,0010-06-29 12:53:00,10,6,29,12,53,202,33,"sans, PAOLI DU NR 21 AU",,,Plein jour,En agglomération,Hors intersection,Normale,Autre collision,,,,,,,,,,,1,2,1,1.0,6.0
201000057749,0010-07-03 00:42:00,10,7,3,0,42,202,33,"SANS, FRONT DE MER - ROU",,,Nuit avec éclairage non allumé,En agglomération,Hors intersection,Normale,Deux véhicules - arrière,,,,,,,,,,,4,2,1,1.0,2.0
201000057750,0010-07-03 18:12:00,10,7,3,18,12,202,120,"sans, TOUTES RUES",,,Plein jour,Hors agglomération,Hors intersection,Normale,Deux véhicules - arrière,,,,,,,,,,,1,1,1,1.0,2.0
201000057751,0010-07-05 20:06:00,10,7,5,20,6,202,33,"SANS, TOUTES RUES",,,Nuit avec éclairage allumé,En agglomération,Hors intersection,Normale,Deux véhicules - frontale,,,,,,,,,,,5,2,1,1.0,1.0
201000057752,0010-07-08 12:27:00,10,7,8,12,27,202,120,"SANS, TOUTES RUES",,,Plein jour,En agglomération,Hors intersection,Normale,Deux véhicules - côté,,,,,,,,,,,1,2,1,1.0,3.0
201000057753,0010-07-08 19:24:00,10,7,8,19,24,202,33,"sans, ST JOSEPH - RUE",,,Plein jour,En agglomération,Hors intersection,Normale,Autre collision,,,,,,,,,,,1,2,1,1.0,6.0
201000057754,0010-07-09 07:24:00,10,7,9,7,24,202,37,"SANS, TOUTES RUES",,,Plein jour,Hors agglomération,Hors intersection,Normale,Autre collision,,,,,,,,,,,1,1,1,1.0,6.0
201000057755,0010-07-09 15:00:00,10,7,9,15,0,202,33,"SANS, AV DE LA LIBERATIO",,,Plein jour,En agglomération,Hors intersection,Normale,Deux véhicules - côté,,,,,,,,,,,1,2,1,1.0,3.0
201000057756,0010-07-12 09:10:00,10,7,12,9,10,202,33,"SANS, TOUTES RUES",,,Plein jour,En agglomération,Hors intersection,Normale,Deux véhicules - arrière,,,,,,,,,,,1,2,1,1.0,2.0
201000057757,0010-07-12 15:00:00,10,7,12,15,0,202,33,"SANS, TOUTES RUES",,,Plein jour,En agglomération,Hors intersection,Normale,Deux véhicules - côté,,,,,,,,,,,1,2,1,1.0,3.0
201000057758,0010-07-13 17:16:00,10,7,13,17,16,202,33,"sans, AV DE LA LIBERATIO",,,Plein jour,En agglomération,Hors intersection,Normale,Deux véhicules - côté,,,,,,,,,,,1,2,1,1.0,3.0
201000057759,0010-07-14 19:40:00,10,7,14,19,40,202,120,"SANS, TOUTES RUES",,,Plein jour,Hors agglomération,Hors intersection,Normale,Trois véhicules et plus - en chaîne,,,,,,,,,,,1,1,1,1.0,4.0
201000057760,0010-07-19 01:41:00,10,7,19,1,41,202,33,"sans, TOUTES RUES",,,Nuit avec éclairage allumé,En agglomération,Hors intersection,Normale,Autre collision,,,,,,,,,,,5,2,1,1.0,6.0
201000057761,0010-07-20 19:55:00,10,7,20,19,55,202,33,"SANS, GIACCOBBI - AV PAU",,,Plein jour,Hors agglomération,Hors intersection,Normale,Autre collision,,,,,,,,,,,1,1,1,1.0,6.0
201000057762,0010-07-21 14:39:00,10,7,21,14,39,202,33,"SANS, TUNNEL",,,Plein jour,En agglomération,Hors intersection,Normale,Deux véhicules - arrière,,,,,,,,,,,1,2,1,1.0,2.0
201000057763,0010-07-23 21:00:00,10,7,23,21,0,202,33,"sans, FRANCOIS VITTORI",,,Nuit avec éclairage allumé,En agglomération,Hors intersection,Normale,Sans collision,,,,,,,,,,,5,2,1,1.0,7.0
201000057764,0010-07-24 09:05:00,10,7,24,9,5,202,33,"SANS, TOUTES RUES",,,Plein jour,En agglomération,Hors intersection,Normale,Autre collision,,,,,,,,,,,1,2,1,1.0,6.0
201000057765,0010-07-24 11:17:00,10,7,24,11,17,202,120,"sans, TOUTES RUES",,,Plein jour,Hors agglomération,Hors intersection,Normale,Autre collision,,,,,,,,,,,1,1,1,1.0,6.0
201000057766,0010-07-29 13:12:00,10,7,29,13,12,202,33,"sans, AV DE LA LIBERATIO",,,Plein jour,En agglomération,Hors intersection,Normale,Deux véhicules - côté,,,,,,,,,,,1,2,1,1.0,3.0
201000057767,0010-07-31 14:40:00,10,7,31,14,40,202,33,"sans, CHANOINE LESCHI -",,,Plein jour,En agglomération,Hors intersection,Pluie légère,Autre collision,,,,,,,,,,,1,2,1,2.0,6.0
201000057768,0010-08-02 20:25:00,10,8,2,20,25,202,33,FANGO - AVENUE,,,Plein jour,En agglomération,Hors intersection,Normale,Deux véhicules - côté,,,,,,,,,,,1,2,1,1.0,3.0
201000057769,0010-08-03 19:00:00,10,8,3,19,0,202,33,"SANS, MAGDELENA - RUE SA",,,Plein jour,En agglomération,Hors intersection,Normale,Deux véhicules - arrière,,,,,,,,,,,1,2,1,1.0,2.0
201000057770,0010-08-04 16:40:00,10,8,4,16,40,202,33,"SANS, ST FLORENT-ANCIENN",,,Plein jour,En agglomération,Hors intersection,Normale,Autre collision,,,,,,,,,,,1,2,1,1.0,6.0
201000057771,0010-08-04 17:50:00,10,8,4,17,50,202,33,"SANS, FRONT DE MER - ROU",,,Plein jour,En agglomération,Hors intersection,Normale,Deux véhicules - arrière,,,,,,,,,,,1,2,1,1.0,2.0
201000057772,0010-08-05 23:05:00,10,8,5,23,5,202,33,"SANS, FRONT DE MER - ROU",,,Nuit avec éclairage allumé,En agglomération,Hors intersection,Normale,Trois véhicules et plus - collisions multiples,,,,,,,,,,,5,2,1,1.0,5.0
201000057773,0010-08-06 23:40:00,10,8,6,23,40,202,33,"SANS, TOUTES RUES",,,Nuit avec éclairage allumé,En agglomération,Hors intersection,Normale,Autre collision,,,,,,,,,,,5,2,1,1.0,6.0
201000057774,0010-08-07 22:00:00,10,8,7,22,0,202,33,"SANS, ROUTE ROYALE",,,Nuit avec éclairage allumé,En agglomération,Intersection en X,Normale,Deux véhicules - côté,,,,,,,,,,,5,2,2,1.0,3.0
201000057775,0010-08-07 23:40:00,10,8,7,23,40,202,33,"sans, MACCHIONE CHEMIN",,,Nuit avec éclairage allumé,En agglomération,Hors intersection,Normale,Autre collision,,,,,,,,,,,5,2,1,1.0,6.0
201000057776,0010-08-09 19:25:00,10,8,9,19,25,202,33,"SANS, MAGDELENA - RUE SA",,,Plein jour,En agglomération,Hors intersection,Normale,Autre collision,,,,,,,,,,,1,2,1,1.0,6.0
201000057777,0010-08-14 18:45:00,10,8,14,18,45,202,37,"SANS, TOUTES RUES",,,Plein jour,Hors agglomération,Hors intersection,Normale,Trois véhicules et plus - en chaîne,,,,,,,,,,,1,1,1,1.0,4.0
201000057778,0010-08-15 15:20:00,10,8,15,15,20,202,33,"SANS, VEZZANI - RUE CESA",,,Plein jour,En agglomération,Hors intersection,Normale,Deux véhicules - arrière,,,,,,,,,,,1,2,1,1.0,2.0
201000057779,0010-08-15 15:20:00,10,8,15,15,20,202,33,"SANS, TOUTES RUES",,,Plein jour,Hors agglomération,Hors intersection,Normale,Trois véhicules et plus - en chaîne,,,,,,,,,,,1,1,1,1.0,4.0
201000057780,0010-08-16 10:05:00,10,8,16,10,5,202,120,"sans, TOUTES RUES",,,Plein jour,En agglomération,Hors intersection,Normale,Autre collision,,,,,,,,,,,1,2,1,1.0,6.0
201000057781,0010-08-17 17:17:00,10,8,17,17,17,202,33,"SANS, AV DE LA LIBERATIO",,,Plein jour,En agglomération,Hors intersection,Normale,Deux véhicules - arrière,,,,,,,,,,,1,2,1,1.0,2.0
201000057782,0010-08-18 18:20:00,10,8,18,18,20,202,33,"sans, 193 - RN",,,Plein jour,En agglomération,Hors intersection,Normale,Deux véhicules - arrière,,,,,,,,,,,1,2,1,1.0,2.0
201000057783,0010-08-20 15:39:00,10,8,20,15,39,202,33,"sans, AV DE LA LIBERATIO",,,Plein jour,En agglomération,Hors intersection,Normale,Deux véhicules - côté,,,,,,,,,,,1,2,1,1.0,3.0
201000057784,0010-08-20 11:00:00,10,8,20,11,0,202,33,"sans, AGLIANI - CHEMIN",,,Plein jour,En agglomération,Hors intersection,Normale,Deux véhicules - arrière,,,,,,,,,,,1,2,1,1.0,2.0
201000057785,0010-08-20 20:30:00,10,8,20,20,30,202,33,"sans, TOUTES RUES",,,Plein jour,En agglomération,Hors intersection,Normale,Trois véhicules et plus - collisions multiples,,,,,,,,,,,1,2,1,1.0,5.0
201000057786,0010-08-22 06:56:00,10,8,22,6,56,202,33,"sans, TOUTES RUES",,,Nuit sans éclairage public,Hors agglomération,Hors intersection,Normale,Autre collision,,,,,,,,,,,3,1,1,1.0,6.0
201000057787,0010-08-23 19:29:00,10,8,23,19,29,202,33,"SANS, DANESI - BLD BENOI",,,Nuit avec éclairage allumé,En agglomération,Hors intersection,Normale,Autre collision,,,,,,,,,,,5,2,1,1.0,6.0
201000057788,0010-08-26 18:15:00,10,8,26,18,15,202,33,"SANS, CAPITAINE THEN",,,Plein jour,En agglomération,Hors intersection,Normale,Deux véhicules - côté,,,,,,,,,,,1,2,1,1.0,3.0
201000057789,0010-08-28 08:25:00,10,8,28,8,25,202,33,"SANS, 193 - RN",,,Plein jour,En agglomération,Hors intersection,Normale,Deux véhicules - côté,,,,,,,,,,,1,2,1,1.0,3.0
201000057790,0010-08-29 23:58:00,10,8,29,23,58,202,33,"sans, VOIE RAPIDE",,,Nuit avec éclairage allumé,En agglomération,Hors intersection,Normale,Deux véhicules - côté,,,,,,,,,,,5,2,1,1.0,3.0
201000057791,0010-09-01 16:00:00,10,9,1,16,0,202,33,"sans, 193 - RN",,,Plein jour,En agglomération,Hors intersection,Normale,Deux véhicules - arrière,,,,,,,,,,,1,2,1,1.0,2.0
201000057792,0010-09-02 08:35:00,10,9,2,8,35,202,120,"sans, TOUTES RUES",,,Plein jour,Hors agglomération,Hors intersection,Normale,Autre collision,,,,,,,,,,,1,1,1,1.0,6.0
201000057793,0010-09-03 00:01:00,10,9,3,0,1,202,33,"SANS, FRONT DE MER - ROU",,,Nuit avec éclairage allumé,En agglomération,Hors intersection,Normale,Sans collision,,,,,,,,,,,5,2,1,1.0,7.0
201000057794,0010-09-04 14:42:00,10,9,4,14,42,202,120,"sans, TOUTES RUES",,,Plein jour,Hors agglomération,Hors intersection,Normale,Autre collision,,,,,,,,,,,1,1,1,1.0,6.0
201000057795,0010-09-04 18:51:00,10,9,4,18,51,202,120,"SANS, TOUTES RUES",,,Plein jour,Hors agglomération,Hors intersection,Normale,Autre collision,,,,,,,,,,,1,1,1,1.0,6.0
201000057796,0010-09-08 11:31:00,10,9,8,11,31,202,33,"SANS, VOIE RAPIDE",,,Plein jour,En agglomération,Hors intersection,Pluie forte,Trois véhicules et plus - en chaîne,,,,,,,,,,,1,2,1,3.0,4.0
201000057797,0010-09-08 11:40:00,10,9,8,11,40,202,33,"SANS, 193 - RN",,,Plein jour,En agglomération,Hors intersection,Pluie forte,Autre collision,,,,,,,,,,,1,2,1,3.0,6.0
201000057798,0010-09-09 15:55:00,10,9,9,15,55,202,33,"SANS, ROUTE ROYALE",,,Plein jour,En agglomération,Hors intersection,Normale,Deux véhicules - frontale,,,,,,,,,,,1,2,1,1.0,1.0
201000057799,0010-09-10 07:45:00,10,9,10,7,45,202,33,"SANS, CARDO - RT INFERIE",,,Plein jour,En agglomération,Hors intersection,Normale,Deux véhicules - côté,,,,,,,,,,,1,2,1,1.0,3.0
201000057800,0010-09-10 16:46:00,10,9,10,16,46,202,37,"sans, TOUTES RUES",,,Plein jour,Hors agglomération,Hors intersection,Normale,Trois véhicules et plus - collisions multiples,,,,,,,,,,,1,1,1,1.0,5.0
201000057801,0010-09-16 17:06:00,10,9,16,17,6,202,33,"SANS, IMPERIALE - ROUTE",,,Plein jour,En agglomération,Hors intersection,Normale,Deux véhicules - arrière,,,,,,,,,,,1,2,1,1.0,2.0
201000057802,0010-09-17 12:25:00,10,9,17,12,25,202,33,"SANS, FRONT DE MER - ROU",,,Plein jour,En agglomération,Hors intersection,Normale,Deux véhicules - arrière,,,,,,,,,,,1,2,1,1.0,2.0
201000057803,0010-09-18 11:30:00,10,9,18,11,30,202,120,"SANS, TOUTES RUES",,,Plein jour,Hors agglomération,Hors intersection,Normale,Deux véhicules - côté,,,,,,,,,,,1,1,1,1.0,3.0
201000057804,0010-09-21 18:56:00,10,9,21,18,56,202,33,"SANS, PAOLI DU NR 1 A 20",,,Plein jour,En agglomération,Hors intersection,Normale,Autre collision,,,,,,,,,,,1,2,1,1.0,6.0
201000057805,0010-09-24 14:00:00,10,9,24,14,0,202,33,"sans, TOUTES RUES",,,Plein jour,Hors agglomération,Hors intersection,Normale,Autre collision,,,,,,,,,,,1,1,1,1.0,6.0
201000057806,0010-09-25 19:57:00,10,9,25,19,57,202,33,"SANS, IMPERIALE - ROUTE",,,Nuit avec éclairage allumé,En agglomération,Hors intersection,Normale,Autre collision,,,,,,,,,,,5,2,1,1.0,6.0
201000057807,0010-09-28 10:47:00,10,9,28,10,47,202,33,"SANS, TUNNEL",,,Plein jour,En agglomération,Hors intersection,Normale,Trois véhicules et plus - collisions multiples,,,,,,,,,,,1,2,1,1.0,5.0