accident_id,datetime,annee,mois,jour,heure,minute,departement,commune_insee,adresse,latitude,longitude,luminosite,agglomeration,intersection,meteo,collision,nb_vehicules,nb_usagers,nb_indemnes,nb_tues,nb_blesses_hosp,nb_blesses_legers,age_cond_1,age_cond_2,veh_type_cond_1,veh_type_cond_2,lum_code,agg_code,int_code,atm_code,col_code
201000057808,0010-09-28 18:47:00,10,9,28,18,47,202,120,"SANS, TOUTES RUES",,,Plein jour,En agglomération,Hors intersection,Normale,Deux véhicules - côté,,,,,,,,,,,1,2,1,1.0,3.0
201000057809,0010-10-01 16:55:00,10,10,1,16,55,202,33,"SANS, 193 - RN",,,Plein jour,En agglomération,Hors intersection,Normale,Trois véhicules et plus - en chaîne,,,,,,,,,,,1,2,1,1.0,4.0
201000057810,0010-10-04 12:39:00,10,10,4,12,39,202,33,"SANS, TOUTES RUES",,,Plein jour,En agglomération,Hors intersection,Pluie forte,Autre collision,,,,,,,,,,,1,2,1,3.0,6.0
201000057811,0010-10-09 10:47:00,10,10,9,10,47,202,33,"SANS, SAMPIERO CORSO - A",,,Plein jour,En agglomération,Hors intersection,Normale,Deux véhicules - arrière,,,,,,,,,,,1,2,1,1.0,2.0
201000057812,0010-10-11 07:30:00,10,10,11,7,30,202,120,"SANS, TOUTES RUES",,,Plein jour,Hors agglomération,Hors intersection,Pluie légère,Autre collision,,,,,,,,,,,1,1,1,2.0,6.0
201000057813,0010-10-11 09:00:00,10,10,11,9,0,202,33,"SANS, TUNNEL",,,Plein jour,En agglomération,Hors intersection,Normale,Deux véhicules - arrière,,,,,,,,,,,1,2,1,1.0,2.0
201000057814,0010-10-11 11:30:00,10,10,11,11,30,202,33,"SANS, AV DE LA LIBERATIO",,,Plein jour,En agglomération,Hors intersection,Pluie légère,Trois véhicules et plus - en chaîne,,,,,,,,,,,1,2,1,2.0,4.0
201000057815,0010-10-11 15:50:00,10,10,11,15,50,202,33,"sans, ROUTE ROYALE",,,Plein jour,En agglomération,Hors intersection,Pluie légère,Deux véhicules - frontale,,,,,,,,,,,1,2,1,2.0,1.0
201000057816,0010-10-11 16:05:00,10,10,11,16,5,202,33,"SANS, TOUTES RUES",,,Plein jour,En agglomération,Hors intersection,Pluie légère,Deux véhicules - frontale,,,,,,,,,,,1,2,1,2.0,1.0
201000057817,0010-10-12 15:05:00,10,10,12,15,5,202,120,"SANS, TOUTES RUES",,,Plein jour,Hors agglomération,Hors intersection,Normale,Autre collision,,,,,,,,,,,1,1,1,1.0,6.0
201000057818,0010-10-13 20:08:00,10,10,13,20,8,202,33,"SANS, ROND POINT",,,Plein jour,En agglomération,Hors intersection,Normale,Deux véhicules - côté,,,,,,,,,,,1,2,1,1.0,3.0
201000057819,0010-10-14 16:05:00,10,10,14,16,5,202,33,"SANS, VEZZANI - RUE CESA",,,Plein jour,En agglomération,Hors intersection,Normale,Autre collision,,,,,,,,,,,1,2,1,1.0,6.0
201000057820,0010-10-15 01:11:00,10,10,15,1,11,202,33,"SANS, ROND POINT",,,Nuit avec éclairage allumé,En agglomération,Hors intersection,Normale,Autre collision,,,,,,,,,,,5,2,1,1.0,6.0
201000057821,0010-10-15 18:21:00,10,10,15,18,21,202,33,"SANS, TUNNEL",,,Crépuscule ou aube,En agglomération,Hors intersection,Normale,Trois véhicules et plus - en chaîne,,,,,,,,,,,2,2,1,1.0,4.0
201000057822,0010-10-16 17:43:00,10,10,16,17,43,202,120,"SANS, TOUTES RUES",,,Plein jour,Hors agglomération,Hors intersection,Normale,Autre collision,,,,,,,,,,,1,1,1,1.0,6.0
201000057823,0010-10-17 05:40:00,10,10,17,5,40,202,33,"sans, MARTYRS - QUAI DES",,,Nuit avec éclairage allumé,En agglomération,Hors intersection,Normale,Autre collision,,,,,,,,,,,5,2,1,1.0,6.0
201000057824,0010-10-18 07:30:00,10,10,18,7,30,202,33,"SANS, GIRAUD - BD GENERA",,,Plein jour,En agglomération,Hors intersection,Normale,Autre collision,,,,,,,,,,,1,2,1,1.0,6.0
201000057825,0010-10-19 10:05:00,10,10,19,10,5,202,33,"sans, SEBASTIANI  - AVEN",,,Plein jour,En agglomération,Hors intersection,Normale,Autre collision,,,,,,,,,,,1,2,1,1.0,6.0
201000057826,0010-10-19 12:17:00,10,10,19,12,17,202,37,"sans, TOUTES RUES",,,Plein jour,Hors agglomération,Hors intersection,Normale,Trois véhicules et plus - en chaîne,,,,,,,,,,,1,1,1,1.0,4.0
201000057827,0010-10-23 10:30:00,10,10,23,10,30,202,33,"sans, CAPANELLE - RUE",,,Plein jour,En agglomération,Hors intersection,Normale,Autre collision,,,,,,,,,,,1,2,1,1.0,6.0
201000057828,0010-10-24 09:32:00,10,10,24,9,32,202,33,"SANS, MACCHIONE - CHEMIN",,,Plein jour,En agglomération,Hors intersection,Normale,Autre collision,,,,,,,,,,,1,2,1,1.0,6.0
201000057829,0010-11-05 13:55:00,10,11,5,13,55,202,33,"SANS, TOUTES RUES",,,Plein jour,En agglomération,Hors intersection,Normale,Deux véhicules - côté,,,,,,,,,,,1,2,1,1.0,3.0
201000057830,0010-11-06 07:25:00,10,11,6,7,25,202,37,"sans, TOUTES RUES",,,Plein jour,Hors agglomération,Hors intersection,Normale,Deux véhicules - arrière,,,,,,,,,,,1,1,1,1.0,2.0
201000057831,0010-11-06 22:01:00,10,11,6,22,1,202,33,"24, NAPOLEON NR 19 AU 25",,,Nuit avec éclairage allumé,En agglomération,Hors intersection,Normale,Deux véhicules - arrière,,,,,,,,,,,5,2,1,1.0,2.0
201000057832,0010-11-07 15:15:00,10,11,7,15,15,202,33,"sans, TOUTES RUES",,,Plein jour,Hors agglomération,Hors intersection,Pluie forte,Deux véhicules - frontale,,,,,,,,,,,1,1,1,3.0,1.0
201000057833,0010-11-08 18:48:00,10,11,8,18,48,202,33,"SANS, AV DE LA LIBERATIO",,,Nuit avec éclairage allumé,En agglomération,Hors intersection,Normale,Deux véhicules - frontale,,,,,,,,,,,5,2,1,1.0,1.0
201000057834,0010-11-12 18:40:00,10,11,12,18,40,202,120,"sans, TOUTES RUES",,,Plein jour,Hors agglomération,Hors intersection,Normale,Deux véhicules - arrière,,,,,,,,,,,1,1,1,1.0,2.0
201000057835,0010-11-13 01:13:00,10,11,13,1,13,202,33,"SANS, PAOLI DU NR 21 AU",,,Nuit avec éclairage allumé,En agglomération,Intersection en X,Normale,Deux véhicules - côté,,,,,,,,,,,5,2,2,1.0,3.0
201000057836,0010-11-18 10:14:00,10,11,18,10,14,202,37,"SANS, TOUTES RUES",,,Plein jour,Hors agglomération,Hors intersection,Pluie légère,Autre collision,,,,,,,,,,,1,1,1,2.0,6.0
201000057837,0010-11-18 10:50:00,10,11,18,10,50,202,33,"sans, DE MONTERA - BD HY",,,Plein jour,En agglomération,Intersection en T,Pluie légère,Deux véhicules - frontale,,,,,,,,,,,1,2,3,2.0,1.0
201000057838,0010-11-23 17:45:00,10,11,23,17,45,202,37,"SANS, TOUTES RUES",,,Nuit sans éclairage public,En agglomération,Hors intersection,Normale,Trois véhicules et plus - en chaîne,,,,,,,,,,,3,2,1,1.0,4.0
201000057839,0010-11-25 12:15:00,10,11,25,12,15,202,33,"sans, FRONT DE MER - ROU",,,Plein jour,En agglomération,Hors intersection,Normale,Deux véhicules - arrière,,,,,,,,,,,1,2,1,1.0,2.0
201000057840,0010-11-29 19:48:00,10,11,29,19,48,202,33,"sans, AV DE LA LIBERATIO",,,Plein jour,En agglomération,Hors intersection,Normale,Deux véhicules - côté,,,,,,,,,,,1,2,1,1.0,3.0
201000057841,0010-11-30 09:50:00,10,11,30,9,50,202,120,"sans, TOUTES RUES",,,Plein jour,En agglomération,Hors intersection,Normale,Autre collision,,,,,,,,,,,1,2,1,1.0,6.0
201000057842,0010-11-15 18:05:00,10,11,15,18,5,202,33,"SANS, AV DE LA LIBERATIO",,,Nuit avec éclairage allumé,En agglomération,Hors intersection,Normale,Deux véhicules - côté,,,,,,,,,,,5,2,1,1.0,3.0
201000057843,0010-11-19 11:00:00,10,11,19,11,0,202,33,"SANS, MONTESORO - L.E.P",,,Plein jour,En agglomération,Hors intersection,Normale,Autre collision,,,,,,,,,,,1,2,1,1.0,6.0
201000057844,0010-12-01 10:57:00,10,12,1,10,57,202,33,"sans, TUNNEL",,,Plein jour,En agglomération,Hors intersection,Normale,Deux véhicules - arrière,,,,,,,,,,,1,2,1,1.0,2.0
201000057845,0010-12-01 11:15:00,10,12,1,11,15,202,33,"sans, VEZZANI - RUE CESA",,,Plein jour,En agglomération,Hors intersection,Normale,Autre collision,,,,,,,,,,,1,2,1,1.0,6.0
201000057846,0010-12-02 12:50:00,10,12,2,12,50,202,33,"SANS, IMPERIALE - ROUTE",,,Plein jour,En agglomération,Hors intersection,Normale,Sans collision,,,,,,,,,,,1,2,1,1.0,7.0
201000057847,0010-12-03 20:49:00,10,12,3,20,49,202,33,"SANS, ROND POINT",,,Nuit avec éclairage allumé,En agglomération,Hors intersection,Normale,Deux véhicules - arrière,,,,,,,,,,,5,2,1,1.0,2.0
201000057848,0010-12-04 19:45:00,10,12,4,19,45,202,33,"SANS, TOUTES RUES",,,Nuit avec éclairage allumé,En agglomération,Hors intersection,Normale,Autre collision,,,,,,,,,,,5,2,1,1.0,6.0
201000057849,0010-12-08 15:39:00,10,12,8,15,39,202,120,"SANS, TOUTES RUES",,,Plein jour,En agglomération,Hors intersection,Normale,Trois véhicules et plus - en chaîne,,,,,,,,,,,1,2,1,1.0,4.0
201000057850,0010-12-11 12:23:00,10,12,11,12,23,202,33,"SANS, MIOT - RUE",,,Plein jour,En agglomération,Hors intersection,Normale,Autre collision,,,,,,,,,,,1,2,1,1.0,6.0
201000057851,0010-12-11 15:31:00,10,12,11,15,31,202,33,"SANS, VINCETTI - PLACE",,,Plein jour,En agglomération,Hors intersection,Normale,Autre collision,,,,,,,,,,,1,2,1,1.0,6.0
201000057852,0010-12-15 18:14:00,10,12,15,18,14,202,33,"sans, FURIANI - CHEMIN D",,,Plein jour,En agglomération,Hors intersection,Pluie légère,Autre collision,,,,,,,,,,,1,2,1,2.0,6.0
201000057853,0010-12-17 09:33:00,10,12,17,9,33,202,33,"SANS, TOUTES RUES",,,Plein jour,Hors agglomération,Hors intersection,Normale,Deux véhicules - côté,,,,,,,,,,,1,1,1,1.0,3.0
201000057854,0010-12-20 11:40:00,10,12,20,11,40,202,33,"SANS, TOUTES RUES",,,Plein jour,En agglomération,Intersection en T,Normale,Deux véhicules - côté,,,,,,,,,,,1,2,3,1.0,3.0
201000057855,0010-12-21 18:32:00,10,12,21,18,32,202,120,"SANS, TOUTES RUES",,,Nuit avec éclairage allumé,En agglomération,Hors intersection,Normale,Trois véhicules et plus - en chaîne,,,,,,,,,,,5,2,1,1.0,4.0
201000057856,0010-12-22 18:30:00,10,12,22,18,30,202,37,"SANS, TOUTES RUES",,,Nuit avec éclairage allumé,En agglomération,Hors intersection,Pluie légère,Autre collision,,,,,,,,,,,5,2,1,2.0,6.0
201000057857,0010-12-23 20:57:00,10,12,23,20,57,202,33,"SANS, 193 - RN",,,Nuit avec éclairage allumé,En agglomération,Hors intersection,Pluie forte,Autre collision,,,,,,,,,,,5,2,1,3.0,6.0
201000057858,0010-12-24 12:32:00,10,12,24,12,32,202,33,"sans, VEZZANI - RUE CESA",,,Plein jour,En agglomération,Hors intersection,Normale,Autre collision,,,,,,,,,,,1,2,1,1.0,6.0
201000057859,0010-12-24 18:45:00,10,12,24,18,45,202,33,"SANS, SEBASTIANI  - AVEN",,,Nuit avec éclairage allumé,En agglomération,Hors intersection,Normale,Autre collision,,,,,,,,,,,5,2,1,1.0,6.0
201000057860,0010-12-26 16:30:00,10,12,26,16,30,202,33,"SANS, TOUTES RUES",,,Crépuscule ou aube,En agglomération,Hors intersection,Pluie légère,Autre collision,,,,,,,,,,,2,2,1,2.0,6.0
201000057861,0010-12-30 16:52:00,10,12,30,16,52,202,33,"SANS, CIMETIERE",,,Plein jour,En agglomération,Hors intersection,Normale,Autre collision,,,,,,,,,,,1,2,1,1.0,6.0
201000057862,0010-01-30 05:00:00,10,1,30,5,0,690,382,QUAI PERRACHE,,,Nuit sans éclairage public,En agglomération,Hors intersection,Normale,Deux véhicules - arrière,,,,,,,,,,,3,2,1,1.0,2.0
201000057863,0010-02-07 04:00:00,10,2,7,4,0,690,382,"28, QUAI PERRACHE",,,Nuit avec éclairage allumé,En agglomération,Hors intersection,Normale,Autre collision,,,,,,,,,,,5,2,1,1.0,6.0
201000057864,0010-01-20 15:15:00,10,1,20,15,15,690,382,"0, RUE GRENETTE",,,Plein jour,En agglomération,Hors intersection,Pluie légère,Autre collision,,,,,,,,,,,1,2,1,2.0,6.0
201000057865,0010-02-04 19:00:00,10,2,4,19,0,690,382,"0, PLACE DES CORDELIERS",,,Nuit avec éclairage allumé,En agglomération,Intersection en T,Normale,Autre collision,,,,,,,,,,,5,2,3,1.0,6.0
201000057866,0010-02-12 17:30:00,10,2,12,17,30,690,382,"23, PLACE CARNOT",,,Plein jour,En agglomération,Hors intersection,Normale,Sans collision,,,,,,,,,,,1,2,1,1.0,7.0
201000057867,0010-02-15 13:30:00,10,2,15,13,30,690,382,RUE DE LA REPUBLIQUE,,,Plein jour,En agglomération,Intersection en T,Normale,Deux véhicules - côté,,,,,,,,,,,1,2,3,1.0,3.0
201000057868,0010-02-20 17:40:00,10,2,20,17,40,690,382,"0, QUAI PERRACHE",,,Crépuscule ou aube,En agglomération,Intersection à plus de 4 branches,Normale,Deux véhicules - côté,,,,,,,,,,,2,2,5,1.0,3.0
201000057869,0010-02-25 09:30:00,10,2,25,9,30,690,382,"40, QUAI DR GAILLETON",,,Plein jour,En agglomération,Intersection en T,Normale,Deux véhicules - arrière,,,,,,,,,,,1,2,3,1.0,2.0
201000057870,0010-01-27 16:00:00,10,1,27,16,0,690,382,"10, RUE HENRI IV",,,Plein jour,Hors agglomération,Autre intersection,Autre,Autre collision,,,,,,,,,,,1,1,9,9.0,6.0
201000057871,0010-03-13 23:25:00,10,3,13,23,25,690,382,RUE FRANKLIN,,,Nuit avec éclairage allumé,En agglomération,Intersection en X,Normale,Deux véhicules - côté,,,,,,,,,,,5,2,2,1.0,3.0
201000057872,0010-03-12 15:00:00,10,3,12,15,0,690,382,"27, QUAI JEAN MOULIN",,,Plein jour,En agglomération,Hors intersection,Normale,Deux véhicules - côté,,,,,,,,,,,1,2,1,1.0,3.0
201000057873,0010-03-27 16:20:00,10,3,27,16,20,690,382,"7, PLACE CARNOT",,,Plein jour,En agglomération,Intersection en X,Pluie légère,Autre collision,,,,,,,,,,,1,2,2,2.0,6.0
201000057874,0010-03-27 12:40:00,10,3,27,12,40,690,382,"0, QUAI JULES COURMONT",,,Plein jour,En agglomération,Hors intersection,Normale,Deux véhicules - côté,,,,,,,,,,,1,2,1,1.0,3.0
201000057875,0010-02-01 18:55:00,10,2,1,18,55,690,382,"00, PLACE CARNOT",,,Plein jour,En agglomération,Hors intersection,Neige / grêle,Autre collision,,,,,,,,,,,1,2,1,4.0,6.0
201000057876,0010-04-03 12:20:00,10,4,3,12,20,690,382,"35, QUAI SAINT ANTOINE",,,Plein jour,En agglomération,Hors intersection,Normale,Autre collision,,,,,,,,,,,1,2,1,1.0,6.0
201000057877,0010-04-11 01:15:00,10,4,11,1,15,690,382,"ANGLE, RUE AUGUSTE COMTE",,,Nuit avec éclairage allumé,En agglomération,Intersection en T,Normale,Deux véhicules - côté,,,,,,,,,,,5,2,3,1.0,3.0
201000057878,0010-04-07 20:00:00,10,4,7,20,0,690,382,"14, RUE GENTIL",,,Nuit avec éclairage allumé,En agglomération,Hors intersection,Pluie légère,Autre collision,,,,,,,,,,,5,2,1,2.0,6.0
201000057879,0010-04-05 16:45:00,10,4,5,16,45,690,382,"1, RUE PRESIDENT CARNOT",,,Plein jour,En agglomération,Hors intersection,Normale,Autre collision,,,,,,,,,,,1,2,1,1.0,6.0
201000057880,0010-04-29 23:39:00,10,4,29,23,39,690,382,"9, QUAI JULES COURMONT",,,Nuit avec éclairage allumé,En agglomération,Hors intersection,Normale,Deux véhicules - arrière,,,,,,,,,,,5,2,1,1.0,2.0
201000057881,0010-04-03 11:10:00,10,4,3,11,10,690,382,"4, PLACE DES JACOBINS",,,Plein jour,En agglomération,Hors intersection,Normale,Autre collision,,,,,,,,,,,1,2,1,1.0,6.0
201000057882,0010-05-02 16:10:00,10,5,2,16,10,690,382,"44, COURS CHARLEMAGNE",,,Plein jour,En agglomération,Hors intersection,Normale,Autre collision,,,,,,,,,,,1,2,1,1.0,6.0
201000057883,0010-05-04 09:00:00,10,5,4,9,0,690,382,"0, QUAI DR GAILLETON",,,Plein jour,En agglomération,Intersection en X,Pluie légère,Deux véhicules - arrière,,,,,,,,,,,1,2,2,2.0,2.0
201000057884,0010-05-08 02:15:00,10,5,8,2,15,690,382,"0, RUE CHILDEBERT",,,Nuit avec éclairage allumé,En agglomération,Hors intersection,Normale,Autre collision,,,,,,,,,,,5,2,1,1.0,6.0
201000057885,0010-03-28 00:40:00,10,3,28,0,40,690,382,"0, PONT GALLIENI",,,Nuit avec éclairage allumé,En agglomération,Hors intersection,Normale,Autre collision,,,,,,,,,,,5,2,1,1.0,6.0
201000057886,0010-05-10 17:20:00,10,5,10,17,20,690,382,PLACE ANTONIN PONCET,,,Plein jour,En agglomération,Intersection en T,Normale,Sans collision,,,,,,,,,,,1,2,3,1.0,7.0
201000057887,0010-05-12 05:40:00,10,5,12,5,40,690,382,"0, RUE DE LA BARRE",,,Crépuscule ou aube,En agglomération,Intersection en T,Normale,Deux véhicules - arrière,,,,,,,,,,,2,2,3,1.0,2.0
201000057888,0010-05-05 18:40:00,10,5,5,18,40,690,382,"0, RUE CASIMIR PERIER",,,Plein jour,En agglomération,Intersection en T,Pluie légère,Deux véhicules - côté,,,,,,,,,,,1,2,3,2.0,3.0
201000057889,0010-05-25 13:20:00,10,5,25,13,20,690,382,SQUARE JULIEN GRAS,,,Plein jour,En agglomération,Hors intersection,Normale,Sans collision,,,,,,,,,,,1,2,1,1.0,7.0
201000057890,0010-05-12 21:30:00,10,5,12,21,30,690,382,"24, QUAI JEAN MOULIN",,,Nuit avec éclairage allumé,En agglomération,Hors intersection,Normale,Deux véhicules - arrière,,,,,,,,,,,5,2,1,1.0,2.0
201000057891,0010-05-15 01:40:00,10,5,15,1,40,690,382,"00, QUAI JEAN MOULIN",,,Nuit avec éclairage allumé,En agglomération,Hors intersection,Normale,Autre collision,,,,,,,,,,,5,2,1,1.0,6.0
201000057892,0010-05-28 23:45:00,10,5,28,23,45,690,382,"ANGLE, COURS SUCHET",,,Nuit avec éclairage allumé,En agglomération,Intersection en T,Normale,Deux véhicules - côté,,,,,,,,,,,5,2,3,1.0,3.0
201000057893,0010-06-01 07:25:00,10,6,1,7,25,690,382,"ANGLE, RUE DE LA CHARITE",,,Plein jour,En agglomération,Intersection en Y,Normale,Autre collision,,,,,,,,,,,1,2,4,1.0,6.0
201000057894,0010-06-08 16:00:00,10,6,8,16,0,690,382,"0, QUAI JEAN MOULIN",,,Plein jour,En agglomération,Hors intersection,Normale,Deux véhicules - côté,,,,,,,,,,,1,2,1,1.0,3.0
201000057895,0010-05-29 23:52:00,10,5,29,23,52,690,382,"0, COURS SUCHET",,,Nuit avec éclairage allumé,En agglomération,Intersection en T,Normale,Autre collision,,,,,,,,,,,5,2,3,1.0,6.0
201000057896,0010-05-28 14:30:00,10,5,28,14,30,690,382,"10, COURS BAYARD",,,Plein jour,En agglomération,Hors intersection,Normale,Deux véhicules - côté,,,,,,,,,,,1,2,1,1.0,3.0
201000057897,0010-05-16 00:35:00,10,5,16,0,35,690,382,"69, COURS CHARLEMAGNE",,,Nuit avec éclairage allumé,En agglomération,Hors intersection,Normale,Deux véhicules - arrière,,,,,,,,,,,5,2,1,1.0,2.0
201000057898,0010-06-26 02:20:00,10,6,26,2,20,690,382,"3, COURS CHARLEMAGNE",,,Nuit avec éclairage allumé,En agglomération,Intersection en Y,Normale,Autre collision,,,,,,,,,,,5,2,4,1.0,6.0
201000057899,0010-06-16 18:15:00,10,6,16,18,15,690,382,"4, QUAI JULES COURMONT",,,Plein jour,En agglomération,Hors intersection,Temps couvert,Autre collision,,,,,,,,,,,1,2,1,8.0,6.0
201000057900,0010-07-03 17:00:00,10,7,3,17,0,690,382,"0, RUE GASPARIN",,,Plein jour,En agglomération,Intersection en X,Normale,Deux véhicules - côté,,,,,,,,,,,1,2,2,1.0,3.0
201000057901,0010-07-03 02:50:00,10,7,3,2,50,690,382,"inc, QUAI JEAN MOULIN",,,Nuit avec éclairage non allumé,En agglomération,Intersection en T,Normale,Sans collision,,,,,,,,,,,4,2,3,1.0,7.0
201000057902,0010-07-26 08:25:00,10,7,26,8,25,690,382,"3, QUAI DES CELESTINS",,,Plein jour,En agglomération,Hors intersection,Normale,Deux véhicules - côté,,,,,,,,,,,1,2,1,1.0,3.0
201000057903,0010-06-29 16:30:00,10,6,29,16,30,690,382,"01, PLACE CARNOT",,,Plein jour,En agglomération,Hors intersection,Normale,Autre collision,,,,,,,,,,,1,2,1,1.0,6.0
201000057904,0010-07-06 20:00:00,10,7,6,20,0,690,382,"26, QUAI JEAN MOULIN",,,Plein jour,En agglomération,Intersection à plus de 4 branches,Normale,Deux véhicules - côté,,,,,,,,,,,1,2,5,1.0,3.0
201000057905,0010-07-27 17:10:00,10,7,27,17,10,690,382,QUAI PERRACHE,,,Plein jour,En agglomération,Hors intersection,Normale,Trois véhicules et plus - en chaîne,,,,,,,,,,,1,2,1,1.0,4.0
201000057906,0010-07-15 13:20:00,10,7,15,13,20,690,382,"inc, RUE AUGUSTE COMTE",,,Plein jour,En agglomération,Intersection en X,Normale,Deux véhicules - côté,,,,,,,,,,,1,2,2,1.0,3.0
201000057907,0010-07-07 14:25:00,10,7,7,14,25,690,382,"68, COURS CHARLEMAGNE",,,Plein jour,En agglomération,Hors intersection,Normale,Deux véhicules - arrière,,,,,,,,,,,1,2,1,1.0,2.0
201000057908,0010-06-25 12:42:00,10,6,25,12,42,690,382,SQUARE JULIEN GRAS,,,Plein jour,En agglomération,Hors intersection,Normale,Deux véhicules - côté,,,,,,,,,,,1,2,1,1.0,3.0
201000057909,0010-08-09 07:45:00,10,8,9,7,45,690,382,"11, QUAI JULES COURMONT",,,Plein jour,En agglomération,Hors intersection,Normale,Deux véhicules - arrière,,,,,,,,,,,1,2,1,1.0,2.0
201000057910,0010-08-16 16:40:00,10,8,16,16,40,690,382,"inc, RUE DE CONDE",,,Plein jour,En agglomération,Intersection en X,Normale,Deux véhicules - côté,,,,,,,,,,,1,2,2,1.0,3.0
201000057911,0010-08-04 14:50:00,10,8,4,14,50,690,382,"1, QUAI JEAN MOULIN",,,Plein jour,En agglomération,Hors intersection,Normale,Trois véhicules et plus - en chaîne,,,,,,,,,,,1,2,1,1.0,4.0
201000057912,0010-08-13 07:47:00,10,8,13,7,47,690,382,"42, COURS SUCHET",,,Plein jour,En agglomération,Hors intersection,Normale,Deux véhicules - côté,,,,,,,,,,,1,2,1,1.0,3.0
201000057913,0010-08-17 14:41:00,10,8,17,14,41,690,382,"37, QUAI SAINT ANTOINE",,,Plein jour,En agglomération,Intersection en T,Normale,Autre collision,,,,,,,,,,,1,2,3,1.0,6.0
201000057914,0010-08-19 18:50:00,10,8,19,18,50,690,382,"NEANT, QUAI TILSITT",,,Plein jour,En agglomération,Intersection en X,Normale,Deux véhicules - arrière,,,,,,,,,,,1,2,2,1.0,2.0
201000057915,0010-07-16 10:05:00,10,7,16,10,5,690,382,"ANGLE, COURS SUCHET",,,Plein jour,En agglomération,Intersection en X,Normale,Deux véhicules - côté,,,,,,,,,,,1,2,2,1.0,3.0
201000057916,0010-09-03 13:30:00,10,9,3,13,30,690,382,"0, QUAI PERRACHE",,,Plein jour,En agglomération,Hors intersection,Normale,Deux véhicules - arrière,,,,,,,,,,,1,2,1,1.0,2.0
201000057917,0010-09-04 13:00:00,10,9,4,13,0,690,382,"angle, COURS DE VERDUN R",,,Plein jour,En agglomération,Intersection en T,Normale,Deux véhicules - frontale,,,,,,,,,,,1,2,3,1.0,1.0
201000057918,0010-08-31 17:00:00,10,8,31,17,0,690,382,"8, QUAI DES CELESTINS",,,Plein jour,En agglomération,Hors intersection,Normale,Autre collision,,,,,,,,,,,1,2,1,1.0,6.0
201000057919,0010-09-11 00:45:00,10,9,11,0,45,690,382,"0, TREMIE 6 DU CENTRE D",,,Nuit sans éclairage public,En agglomération,Hors intersection,Normale,Autre collision,,,,,,,,,,,3,2,1,1.0,6.0
201000057920,0010-09-08 14:45:00,10,9,8,14,45,690,382,"0, QUAI PERRACHE",,,Plein jour,En agglomération,Hors intersection,Normale,Autre collision,,,,,,,,,,,1,2,1,1.0,6.0
201000057921,0010-08-31 16:30:00,10,8,31,16,30,690,382,"0, RUE DELANDINE",,,Plein jour,En agglomération,Hors intersection,Normale,Deux véhicules - côté,,,,,,,,,,,1,2,1,1.0,3.0
201000057922,0010-10-06 13:35:00,10,10,6,13,35,690,382,"0, PONT KITCHENER MARCHA",,,Plein jour,En agglomération,Hors intersection,Normale,Deux véhicules - arrière,,,,,,,,,,,1,2,1,1.0,2.0
201000057923,0010-10-02 16:45:00,10,10,2,16,45,690,382,"42, QUAI PERRACHE",,,Plein jour,En agglomération,Hors intersection,Normale,Deux véhicules - côté,,,,,,,,,,,1,2,1,1.0,3.0
201000057924,0010-09-02 15:30:00,10,9,2,15,30,690,382,"37, PLACE BELLECOUR",,,Plein jour,En agglomération,Hors intersection,Normale,Autre collision,,,,,,,,,,,1,2,1,1.0,6.0
201000057925,0010-10-07 14:05:00,10,10,7,14,5,690,382,"0, RUE SEGUIN",,,Plein jour,En agglomération,Intersection en X,Normale,Deux véhicules - côté,,,,,,,,,,,1,2,2,1.0,3.0
201000057926,0010-10-24 21:45:00,10,10,24,21,45,690,382,"0, TREMIE 6 DU CENTRE D",,,Nuit avec éclairage allumé,En agglomération,Intersection en Y,Pluie forte,Trois véhicules et plus - collisions multiples,,,,,,,,,,,5,2,4,3.0,5.0
201000057927,0010-10-21 22:30:00,10,10,21,22,30,690,382,"01, QUAI JULES COURMONT",,,Nuit avec éclairage non allumé,En agglomération,Hors intersection,Normale,Deux véhicules - arrière,,,,,,,,,,,4,2,1,1.0,2.0
201000057928,0010-10-08 16:40:00,10,10,8,16,40,690,382,"indétermin, RUE AUGUSTE",,,Plein jour,En agglomération,Intersection en T,Normale,Autre collision,,,,,,,,,,,1,2,3,1.0,6.0
201000057929,0010-09-22 11:43:00,10,9,22,11,43,690,382,"14, RUE DE LA REPUBLIQUE",,,Plein jour,En agglomération,Hors intersection,Normale,Autre collision,,,,,,,,,,,1,2,1,1.0,6.0
201000057930,0010-10-31 12:50:00,10,10,31,12,50,690,382,"00, QUAI PERRACHE",,,Plein jour,En agglomération,Hors intersection,Pluie forte,Autre collision,,,,,,,,,,,1,2,1,3.0,6.0
201000057931,0010-11-22 15:55:00,10,11,22,15,55,690,382,"41, QUAI DOCTEUR GAILLET",,,Plein jour,En agglomération,Intersection en T,Normale,Autre collision,,,,,,,,,,,1,2,3,1.0,6.0
201000057932,0010-11-19 19:00:00,10,11,19,19,0,690,382,"indetermin, QUAI PERRACH",,,Nuit avec éclairage allumé,En agglomération,Intersection en T,Normale,Deux véhicules - côté,,,,,,,,,,,5,2,3,1.0,3.0
201000057933,0010-11-18 19:10:00,10,11,18,19,10,690,382,"9, PLACE DES JACOBINS",,,Nuit avec éclairage allumé,En agglomération,Hors intersection,Normale,Autre collision,,,,,,,,,,,5,2,1,1.0,6.0
201000057934,0010-11-16 17:45:00,10,11,16,17,45,690,382,"32, RUE GRENETTE",,,Nuit avec éclairage allumé,En agglomération,Hors intersection,Normale,Autre collision,,,,,,,,,,,5,2,1,1.0,6.0