accident_id,datetime,annee,mois,jour,heure,minute,departement,commune_insee,adresse,latitude,longitude,luminosite,agglomeration,intersection,meteo,collision,nb_vehicules,nb_usagers,nb_indemnes,nb_tues,nb_blesses_hosp,nb_blesses_legers,age_cond_1,age_cond_2,veh_type_cond_1,veh_type_cond_2,lum_code,agg_code,int_code,atm_code,col_code
201000057935,0010-11-23 11:25:00,10,11,23,11,25,690,382,"0, RUE CLAUDIUS COLLONGE",,,Plein jour,En agglomération,Intersection en X,Temps couvert,Deux véhicules - côté,,,,,,,,,,,1,2,2,8.0,3.0
201000057936,0010-11-11 21:20:00,10,11,11,21,20,690,382,"12, RUE BOURGELAT",,,Nuit avec éclairage allumé,En agglomération,Intersection en X,Normale,Deux véhicules - côté,,,,,,,,,,,5,2,2,1.0,3.0
201000057937,0010-10-12 10:35:00,10,10,12,10,35,690,382,PONT PASTEUR,,,Plein jour,En agglomération,Hors intersection,Normale,Deux véhicules - arrière,,,,,,,,,,,1,2,1,1.0,2.0
201000057938,0010-12-05 06:26:00,10,12,5,6,26,690,382,"0, RUE GRENETTE",,,Nuit avec éclairage allumé,En agglomération,Intersection en X,Normale,Deux véhicules - côté,,,,,,,,,,,5,2,2,1.0,3.0
201000057939,0010-11-29 20:10:00,10,11,29,20,10,690,382,"2, QUAI PERRACHE",,,Nuit avec éclairage allumé,En agglomération,Hors intersection,Normale,Autre collision,,,,,,,,,,,5,2,1,1.0,6.0
201000057940,0010-11-30 14:50:00,10,11,30,14,50,690,382,"indétermin, PLACE CARNOT",,,Plein jour,En agglomération,Intersection en T,Normale,Autre collision,,,,,,,,,,,1,2,3,1.0,6.0
201000057941,0010-12-06 15:20:00,10,12,6,15,20,690,382,"INDETERMIN, QUAI JEAN MO",45.7648,4.83811,Plein jour,En agglomération,Hors intersection,Pluie légère,Deux véhicules - côté,,,,,,,,,,,1,2,1,2.0,3.0
201000057942,0010-12-05 09:40:00,10,12,5,9,40,690,382,"10, PLACE CARNOT",45.751,4.829,Plein jour,En agglomération,Hors intersection,Normale,Autre collision,,,,,,,,,,,1,2,1,1.0,6.0
201000057943,0010-12-17 03:00:00,10,12,17,3,0,690,382,"23, QUAI DOCTEUR GAILLET",45.7535,4.83392,Nuit avec éclairage allumé,En agglomération,Hors intersection,Pluie légère,Autre collision,,,,,,,,,,,5,2,1,2.0,6.0
201000057944,0010-12-09 09:00:00,10,12,9,9,0,690,382,"17, RUE DE LA REPUBLIQUE",45.7649,4.83593,Plein jour,En agglomération,Intersection en X,Normale,Deux véhicules - côté,,,,,,,,,,,1,2,2,1.0,3.0
201000057945,0010-12-10 18:15:00,10,12,10,18,15,690,382,"1, QUAI MARECHAL JOFFRE",45.7542,4.82548,Nuit avec éclairage allumé,En agglomération,Hors intersection,Normale,Trois véhicules et plus - en chaîne,,,,,,,,,,,5,2,1,1.0,4.0
201000057946,0010-12-21 15:10:00,10,12,21,15,10,690,382,"0, COURS DE VERDUN PERRA",45.7484,4.82868,Plein jour,En agglomération,Intersection en X,Temps couvert,Deux véhicules - côté,,,,,,,,,,,1,2,2,8.0,3.0
201000057947,0010-12-29 18:40:00,10,12,29,18,40,690,382,"INDETERMIN, RUE D ENGHIE",45.753,4.82697,Nuit avec éclairage allumé,En agglomération,Intersection en T,Normale,Deux véhicules - côté,,,,,,,,,,,5,2,3,1.0,3.0
201000057948,0010-12-21 20:05:00,10,12,21,20,5,690,382,"23, QUAI JULES COURMONT",,,Nuit avec éclairage allumé,En agglomération,Hors intersection,Pluie légère,Trois véhicules et plus - en chaîne,,,,,,,,,,,5,2,1,2.0,4.0
201000057949,0010-12-30 15:30:00,10,12,30,15,30,690,382,"70, COURS SUCHET",,,Plein jour,En agglomération,Hors intersection,Normale,Deux véhicules - arrière,,,,,,,,,,,1,2,1,1.0,2.0
201000057950,0010-12-24 06:40:00,10,12,24,6,40,690,382,"0, QUAI DOCTEUR GAILLETO",,,Nuit avec éclairage allumé,Hors agglomération,Hors intersection,Neige / grêle,Deux véhicules - arrière,,,,,,,,,,,5,1,1,4.0,2.0
201000057951,0010-01-04 10:20:00,10,1,4,10,20,590,183,AUTOROUTE A16,,,Plein jour,Hors agglomération,Hors intersection,Normale,Autre collision,,,,,,,,,,,1,1,1,1.0,6.0
201000057952,0010-01-04 12:40:00,10,1,4,12,40,590,462,AUTOROUTE A1,,,Plein jour,Hors agglomération,Hors intersection,Normale,Deux véhicules - arrière,,,,,,,,,,,1,1,1,1.0,2.0
201000057953,0010-01-07 04:00:00,10,1,7,4,0,590,196,AUTOROUTE A25,,,Nuit avec éclairage allumé,Hors agglomération,Hors intersection,Neige / grêle,Sans collision,,,,,,,,,,,5,1,1,4.0,7.0
201000057954,0010-01-10 21:00:00,10,1,10,21,0,590,196,AUTOROUTE A25,,,Nuit sans éclairage public,Hors agglomération,Hors intersection,Normale,Sans collision,,,,,,,,,,,3,1,1,1.0,7.0
201000057955,0010-01-17 05:15:00,10,1,17,5,15,620,351,AUTOROUTE A21,,,Nuit sans éclairage public,Hors agglomération,Hors intersection,Pluie légère,Sans collision,,,,,,,,,,,3,1,1,2.0,7.0
201000057956,0010-01-19 14:00:00,10,1,19,14,0,590,508,AUTOROUTE A22,,,Plein jour,Hors agglomération,Hors intersection,Normale,Deux véhicules - arrière,,,,,,,,,,,1,1,1,1.0,2.0
201000057957,0010-01-22 08:50:00,10,1,22,8,50,590,599,ROUTE DEPARTEMENTALE 656,,,Plein jour,Hors agglomération,Hors intersection,Normale,Deux véhicules - côté,,,,,,,,,,,1,1,1,1.0,3.0
201000057958,0010-01-23 15:15:00,10,1,23,15,15,590,581,AUTOROUTE A25,,,Plein jour,Hors agglomération,Hors intersection,Pluie forte,Deux véhicules - arrière,,,,,,,,,,,1,1,1,3.0,2.0
201000057959,0010-01-23 15:00:00,10,1,23,15,0,590,170,AUTOROUTE A 21,,,Plein jour,Hors agglomération,Hors intersection,Pluie forte,Deux véhicules - arrière,,,,,,,,,,,1,1,1,3.0,2.0
201000057960,0010-01-24 11:00:00,10,1,24,11,0,590,343,ROUTE NATIONALE 227,,,Plein jour,Hors agglomération,Intersection en Y,Brouillard / fumée,Autre collision,,,,,,,,,,,1,1,4,5.0,6.0
201000057961,0010-01-24 12:15:00,10,1,24,12,15,590,350,AUTOROUTE A25,,,Plein jour,Hors agglomération,Hors intersection,Pluie légère,Sans collision,,,,,,,,,,,1,1,1,2.0,7.0
201000057962,0010-01-24 15:56:00,10,1,24,15,56,590,426,AUTOROUTE A22,,,Plein jour,Hors agglomération,Hors intersection,Pluie légère,Trois véhicules et plus - collisions multiples,,,,,,,,,,,1,1,1,2.0,5.0
201000057963,0010-01-26 09:15:00,10,1,26,9,15,590,343,AUTOROUTE A22,,,Plein jour,Hors agglomération,Hors intersection,Normale,Deux véhicules - arrière,,,,,,,,,,,1,1,1,1.0,2.0
201000057964,0010-01-31 19:00:00,10,1,31,19,0,620,907,AUTOROUTE A1,,,Nuit sans éclairage public,Hors agglomération,Hors intersection,Pluie légère,Sans collision,,,,,,,,,,,3,1,1,2.0,7.0
201000057965,0010-02-02 08:05:00,10,2,2,8,5,590,560,AUTOROUTE A1,,,Crépuscule ou aube,Hors agglomération,Hors intersection,Pluie forte,Autre collision,,,,,,,,,,,2,1,1,3.0,6.0
201000057966,0010-02-19 23:45:00,10,2,19,23,45,590,29,AUTOROUTE A23,,,Nuit sans éclairage public,Hors agglomération,Hors intersection,Normale,Deux véhicules - arrière,,,,,,,,,,,3,1,1,1.0,2.0
201000057967,0010-03-04 13:40:00,10,3,4,13,40,590,271,AUTOROUTE A16,,,Plein jour,Hors agglomération,Hors intersection,Normale,Trois véhicules et plus - en chaîne,,,,,,,,,,,1,1,1,1.0,4.0
201000057968,0010-03-04 20:20:00,10,3,4,20,20,620,907,AUTOROUTE A1,,,Nuit sans éclairage public,Hors agglomération,Hors intersection,Normale,Autre collision,,,,,,,,,,,3,1,1,1.0,6.0
201000057969,0010-03-06 15:30:00,10,3,6,15,30,590,155,AUTOROUTE A16,,,Plein jour,Hors agglomération,Hors intersection,Normale,Sans collision,,,,,,,,,,,1,1,1,1.0,7.0
201000057970,0010-03-09 15:25:00,10,3,9,15,25,620,548,AUTOROUTE A16,,,Plein jour,Hors agglomération,Hors intersection,Normale,Deux véhicules - arrière,,,,,,,,,,,1,1,1,1.0,2.0
201000057971,0010-03-16 16:00:00,10,3,16,16,0,620,351,AUTOROUTE A21,,,Plein jour,Hors agglomération,Hors intersection,Normale,Trois véhicules et plus - en chaîne,,,,,,,,,,,1,1,1,1.0,4.0
201000057972,0010-03-22 12:45:00,10,3,22,12,45,590,9,ROUTE NATIONALE 227,,,Plein jour,Hors agglomération,Hors intersection,Normale,Autre collision,,,,,,,,,,,1,1,1,1.0,6.0
201000057973,0010-03-23 11:05:00,10,3,23,11,5,590,581,AUTOROUTE A25,,,Plein jour,Hors agglomération,Hors intersection,Normale,Sans collision,,,,,,,,,,,1,1,1,1.0,7.0
201000057974,0010-03-26 04:00:00,10,3,26,4,0,590,350,ROUTE NATIONALE 656,,,Nuit avec éclairage allumé,Hors agglomération,Hors intersection,Normale,Sans collision,,,,,,,,,,,5,1,1,1.0,7.0
201000057975,0010-03-27 07:00:00,10,3,27,7,0,590,560,AUTOROUTE A1,,,Plein jour,Hors agglomération,Hors intersection,Normale,Deux véhicules - arrière,,,,,,,,,,,1,1,1,1.0,2.0
201000057976,0010-03-27 09:55:00,10,3,27,9,55,620,624,AUTOROUTE A21,,,Plein jour,Hors agglomération,Hors intersection,Normale,Sans collision,,,,,,,,,,,1,1,1,1.0,7.0
201000057977,0010-03-28 21:50:00,10,3,28,21,50,590,585,AUTOROUTE A1,,,Nuit avec éclairage allumé,Hors agglomération,Hors intersection,Pluie légère,Sans collision,,,,,,,,,,,5,1,1,2.0,7.0
201000057978,0010-03-31 14:55:00,10,3,31,14,55,590,9,ROUTE NATIONALE 227,,,Plein jour,Hors agglomération,Hors intersection,Pluie forte,Autre collision,,,,,,,,,,,1,1,1,3.0,6.0
201000057979,0010-03-31 16:15:00,10,3,31,16,15,590,585,AUTOROUTE A1,,,Plein jour,Hors agglomération,Hors intersection,Pluie légère,Autre collision,,,,,,,,,,,1,1,1,2.0,6.0
201000057980,0010-04-04 13:30:00,10,4,4,13,30,620,498,AUTOROUTE A211,,,Plein jour,Hors agglomération,Hors intersection,Pluie légère,Sans collision,,,,,,,,,,,1,1,1,2.0,7.0
201000057981,0010-04-12 07:20:00,10,4,12,7,20,620,274,AUTOROUTE A1,,,Plein jour,Hors agglomération,Hors intersection,Normale,Autre collision,,,,,,,,,,,1,1,1,1.0,6.0
201000057982,0010-04-14 18:10:00,10,4,14,18,10,590,123,AUTOROUTE A1,,,Plein jour,Hors agglomération,Hors intersection,Normale,Autre collision,,,,,,,,,,,1,1,1,1.0,6.0
201000057983,0010-04-16 12:30:00,10,4,16,12,30,590,507,AUTOROUTE A1,,,Plein jour,Hors agglomération,Hors intersection,Normale,Autre collision,,,,,,,,,,,1,1,1,1.0,6.0
201000057984,0010-04-18 05:50:00,10,4,18,5,50,620,907,AUTOROUTE A1,,,Crépuscule ou aube,Hors agglomération,Hors intersection,Normale,Autre collision,,,,,,,,,,,2,1,1,1.0,6.0
201000057985,0010-04-21 17:30:00,10,4,21,17,30,590,359,AUTOROUTE A16,,,Plein jour,Hors agglomération,Hors intersection,Normale,Trois véhicules et plus - collisions multiples,,,,,,,,,,,1,1,1,1.0,5.0
201000057986,0010-04-23 16:50:00,10,4,23,16,50,590,179,AUTOROUTE A 21,,,Plein jour,Hors agglomération,Hors intersection,Normale,Sans collision,,,,,,,,,,,1,1,1,1.0,7.0
201000057987,0010-04-25 02:30:00,10,4,25,2,30,590,462,AUTOROUTE A1,,,Nuit sans éclairage public,Hors agglomération,Hors intersection,Normale,Sans collision,,,,,,,,,,,3,1,1,1.0,7.0
201000057988,0010-04-29 05:10:00,10,4,29,5,10,590,560,AUTOROUTE A1,,,Nuit sans éclairage public,Hors agglomération,Hors intersection,Normale,Autre collision,,,,,,,,,,,3,1,1,1.0,6.0
201000057989,0010-04-29 17:35:00,10,4,29,17,35,590,350,ROUTE NATIONALE 656,,,Plein jour,Hors agglomération,Hors intersection,Normale,Sans collision,,,,,,,,,,,1,1,1,1.0,7.0
201000057990,0010-05-02 07:25:00,10,5,2,7,25,590,350,AUTOROUTE A25,,,Plein jour,Hors agglomération,Hors intersection,Normale,Trois véhicules et plus - collisions multiples,,,,,,,,,,,1,1,1,1.0,5.0
201000057991,0010-05-08 22:50:00,10,5,8,22,50,590,94,AUTOROUTE A16,,,Nuit avec éclairage non allumé,Hors agglomération,Hors intersection,Normale,Deux véhicules - arrière,,,,,,,,,,,4,1,1,1.0,2.0
201000057992,0010-05-14 02:10:00,10,5,14,2,10,620,393,AUTOROUTE A16,,,Nuit sans éclairage public,Hors agglomération,Hors intersection,Normale,Autre collision,,,,,,,,,,,3,1,1,1.0,6.0
201000057993,0010-05-14 14:10:00,10,5,14,14,10,590,586,AUTOROUTE A23,,,Plein jour,Hors agglomération,Hors intersection,Normale,Deux véhicules - arrière,,,,,,,,,,,1,1,1,1.0,2.0
201000057994,0010-05-20 04:45:00,10,5,20,4,45,620,193,AUTOROUTE A16,,,Nuit sans éclairage public,Hors agglomération,Hors intersection,Normale,Autre collision,,,,,,,,,,,3,1,1,1.0,6.0
201000057995,0010-05-20 15:30:00,10,5,20,15,30,590,426,AUTOROUTE A22,,,Plein jour,Hors agglomération,Hors intersection,Normale,Autre collision,,,,,,,,,,,1,1,1,1.0,6.0
201000057996,0010-05-21 16:35:00,10,5,21,16,35,590,9,ROUTE NATIONALE 227,,,Plein jour,Hors agglomération,Hors intersection,Normale,Trois véhicules et plus - collisions multiples,,,,,,,,,,,1,1,1,1.0,5.0
201000057997,0010-05-21 18:30:00,10,5,21,18,30,590,348,AUTOROUTE A2,,,Plein jour,Hors agglomération,Hors intersection,Normale,Sans collision,,,,,,,,,,,1,1,1,1.0,7.0
201000057998,0010-05-22 18:01:00,10,5,22,18,1,590,143,AUTOROUTE A25,,,Plein jour,Hors agglomération,Hors intersection,Normale,Deux véhicules - arrière,,,,,,,,,,,1,1,1,1.0,2.0
201000057999,0010-05-23 14:00:00,10,5,23,14,0,590,220,AUTOROUTE A1,,,Plein jour,Hors agglomération,Hors intersection,Normale,Deux véhicules - arrière,,,,,,,,,,,1,1,1,1.0,2.0
201000058000,0010-05-25 14:00:00,10,5,25,14,0,590,603,AUTOROUTE A2,,,Plein jour,Hors agglomération,Hors intersection,Normale,Trois véhicules et plus - en chaîne,,,,,,,,,,,1,1,1,1.0,4.0
201000058001,0010-05-29 01:35:00,10,5,29,1,35,590,195,ROUTE DEPARTEMENTALE 652,,,Nuit avec éclairage allumé,Hors agglomération,Hors intersection,Normale,Sans collision,,,,,,,,,,,5,1,1,1.0,7.0
201000058002,0010-06-02 09:50:00,10,6,2,9,50,590,43,AUTOROUTE A25,,,Plein jour,Hors agglomération,Hors intersection,Normale,Deux véhicules - arrière,,,,,,,,,,,1,1,1,1.0,2.0
201000058003,0010-06-03 00:50:00,10,6,3,0,50,590,260,AUTOROUTE A16,,,Nuit sans éclairage public,Hors agglomération,Hors intersection,Normale,Deux véhicules - côté,,,,,,,,,,,3,1,1,1.0,3.0
201000058004,0010-06-04 21:30:00,10,6,4,21,30,590,462,AUTOROUTE A1,,,Nuit sans éclairage public,Hors agglomération,Hors intersection,Normale,Trois véhicules et plus - collisions multiples,,,,,,,,,,,3,1,1,1.0,5.0
201000058005,0010-06-06 23:00:00,10,6,6,23,0,590,288,AUTOROUTE A2,,,Nuit sans éclairage public,Hors agglomération,Hors intersection,Normale,Deux véhicules - côté,,,,,,,,,,,3,1,1,1.0,3.0
201000058006,0010-06-09 22:10:00,10,6,9,22,10,620,498,AUTOROUTE A211,,,Nuit avec éclairage allumé,Hors agglomération,Hors intersection,Pluie légère,Deux véhicules - côté,,,,,,,,,,,5,1,1,2.0,3.0
201000058007,0010-06-13 12:50:00,10,6,13,12,50,620,427,AUTOROUTE A1,,,Plein jour,Hors agglomération,Hors intersection,Normale,Deux véhicules - arrière,,,,,,,,,,,1,1,1,1.0,2.0
201000058008,0010-06-20 01:45:00,10,6,20,1,45,590,143,AUTOROUTE A25,,,Nuit sans éclairage public,Hors agglomération,Hors intersection,Pluie légère,Autre collision,,,,,,,,,,,3,1,1,2.0,6.0
201000058009,0010-06-25 18:00:00,10,6,25,18,0,590,462,AUTOROUTE A1,,,Plein jour,Hors agglomération,Hors intersection,Normale,Autre collision,,,,,,,,,,,1,1,1,1.0,6.0
201000058010,0010-06-25 19:00:00,10,6,25,19,0,590,9,ROUTE NATIONALE 227,,,Plein jour,Hors agglomération,Hors intersection,Normale,Deux véhicules - côté,,,,,,,,,,,1,1,1,1.0,3.0
201000058011,0010-06-26 18:55:00,10,6,26,18,55,620,637,AUTOROUTE A1,,,Plein jour,Hors agglomération,Hors intersection,Normale,Trois véhicules et plus - collisions multiples,,,,,,,,,,,1,1,1,1.0,5.0
201000058012,0010-06-17 10:15:00,10,6,17,10,15,590,143,AUTOROUTE A25,,,Plein jour,Hors agglomération,Hors intersection,Normale,Trois véhicules et plus - en chaîne,,,,,,,,,,,1,1,1,1.0,4.0
201000058013,0010-07-02 00:50:00,10,7,2,0,50,590,435,AUTOROUTE A23,,,Nuit sans éclairage public,Hors agglomération,Hors intersection,Normale,Deux véhicules - arrière,,,,,,,,,,,3,1,1,1.0,2.0
201000058014,0010-07-02 17:00:00,10,7,2,17,0,590,343,AUTOROUTE A27,,,Plein jour,Hors agglomération,Hors intersection,Normale,Trois véhicules et plus - en chaîne,,,,,,,,,,,1,1,1,1.0,4.0
201000058015,0010-07-02 22:10:00,10,7,2,22,10,620,637,AUTOROUTE A1,,,Nuit avec éclairage allumé,Hors agglomération,Hors intersection,Pluie légère,Deux véhicules - arrière,,,,,,,,,,,5,1,1,2.0,2.0
201000058016,0010-07-04 18:15:00,10,7,4,18,15,590,564,AUTOROUTE A2,,,Plein jour,Hors agglomération,Hors intersection,Normale,Deux véhicules - côté,,,,,,,,,,,1,1,1,1.0,3.0
201000058017,0010-07-06 17:15:00,10,7,6,17,15,590,143,AUTOROUTE A25,,,Plein jour,Hors agglomération,Hors intersection,Normale,Trois véhicules et plus - en chaîne,,,,,,,,,,,1,1,1,1.0,4.0
201000058018,0010-07-06 17:45:00,10,7,6,17,45,590,350,ROUTE NATIONALE 656,,,Plein jour,Hors agglomération,Hors intersection,Normale,Deux véhicules - côté,,,,,,,,,,,1,1,1,1.0,3.0
201000058019,0010-07-09 05:20:00,10,7,9,5,20,590,350,ROUTE NATIONALE 656,,,Nuit avec éclairage non allumé,Hors agglomération,Hors intersection,Normale,Deux véhicules - côté,,,,,,,,,,,4,1,1,1.0,3.0
201000058020,0010-07-10 03:45:00,10,7,10,3,45,590,560,AUTOROUTE A1,,,Nuit avec éclairage allumé,Hors agglomération,Hors intersection,Normale,Deux véhicules - côté,,,,,,,,,,,5,1,1,1.0,3.0
201000058021,0010-07-12 06:00:00,10,7,12,6,0,590,383,AUTOROUTE A2,,,Crépuscule ou aube,Hors agglomération,Hors intersection,Normale,Sans collision,,,,,,,,,,,2,1,1,1.0,7.0
201000058022,0010-07-12 14:10:00,10,7,12,14,10,590,43,AUTOROUTE A25,,,Plein jour,Hors agglomération,Hors intersection,Normale,Trois véhicules et plus - en chaîne,,,,,,,,,,,1,1,1,1.0,4.0
201000058023,0010-07-12 21:20:00,10,7,12,21,20,590,343,AUTOROUTE A22,,,Plein jour,Hors agglomération,Hors intersection,Normale,Sans collision,,,,,,,,,,,1,1,1,1.0,7.0
201000058024,0010-07-14 22:30:00,10,7,14,22,30,590,237,AUTOROUTE A25,,,Nuit sans éclairage public,Hors agglomération,Hors intersection,Pluie forte,Sans collision,,,,,,,,,,,3,1,1,3.0,7.0
201000058025,0010-07-16 22:10:00,10,7,16,22,10,620,393,AUTOROUTE A16,,,Plein jour,Hors agglomération,Hors intersection,Normale,Deux véhicules - arrière,,,,,,,,,,,1,1,1,1.0,2.0
201000058026,0010-07-18 01:20:00,10,7,18,1,20,590,123,AUTOROUTE A1,,,Nuit sans éclairage public,Hors agglomération,Hors intersection,Normale,Trois véhicules et plus - en chaîne,,,,,,,,,,,3,1,1,1.0,4.0
201000058027,0010-07-19 23:05:00,10,7,19,23,5,590,350,AUTOROUTE A25,,,Nuit sans éclairage public,Hors agglomération,Hors intersection,Normale,Autre collision,,,,,,,,,,,3,1,1,1.0,6.0
201000058028,0010-07-21 11:50:00,10,7,21,11,50,590,359,AUTOROUTE A16,,,Plein jour,Hors agglomération,Hors intersection,Normale,Trois véhicules et plus - collisions multiples,,,,,,,,,,,1,1,1,1.0,5.0
201000058029,0010-07-24 16:00:00,10,7,24,16,0,590,378,ROUTE DEPARTEMENTALE 652,,,Plein jour,Hors agglomération,Hors intersection,Normale,Autre collision,,,,,,,,,,,1,1,1,1.0,6.0
201000058030,0010-07-31 16:40:00,10,7,31,16,40,590,350,AUTOROUTE A25,,,Plein jour,Hors agglomération,Hors intersection,Normale,Sans collision,,,,,,,,,,,1,1,1,1.0,7.0
201000058031,0010-08-02 02:08:00,10,8,2,2,8,590,288,AUTOROUTE A2,,,Nuit sans éclairage public,Hors agglomération,Hors intersection,Pluie forte,Sans collision,,,,,,,,,,,3,1,1,3.0,7.0
201000058032,0010-08-12 09:00:00,10,8,12,9,0,590,237,AUTOROUTE A25,,,Plein jour,Hors agglomération,Hors intersection,Normale,Sans collision,,,,,,,,,,,1,1,1,1.0,7.0
201000058033,0010-08-13 14:50:00,10,8,13,14,50,590,350,ROUTE NATIONALE 656,,,Plein jour,Hors agglomération,Hors intersection,Normale,Sans collision,,,,,,,,,,,1,1,1,1.0,7.0
201000058034,0010-08-13 19:10:00,10,8,13,19,10,590,160,AUTOROUTE A2,,,Plein jour,Hors agglomération,Hors intersection,Normale,Autre collision,,,,,,,,,,,1,1,1,1.0,6.0
201000058035,0010-08-20 20:45:00,10,8,20,20,45,590,599,ROUTE DEPARTEMENTALE 656,,,Plein jour,Hors agglomération,Hors intersection,Normale,Deux véhicules - côté,,,,,,,,,,,1,1,1,1.0,3.0
201000058036,0010-08-25 21:15:00,10,8,25,21,15,590,9,ROUTE NATIONALE 227,,,Plein jour,Hors agglomération,Hors intersection,Normale,Deux véhicules - arrière,,,,,,,,,,,1,1,1,1.0,2.0
201000058037,0010-08-28 19:20:00,10,8,28,19,20,590,431,AUTOROUTE A25,,,Plein jour,Hors agglomération,Hors intersection,Normale,Deux véhicules - arrière,,,,,,,,,,,1,1,1,1.0,2.0
201000058038,0010-09-08 15:25:00,10,9,8,15,25,590,530,AUTOROUTE A2,,,Plein jour,Hors agglomération,Hors intersection,Normale,Deux véhicules - côté,,,,,,,,,,,1,1,1,1.0,3.0
201000058039,0010-09-10 21:30:00,10,9,10,21,30,590,350,AUTOROUTE A25,,,Nuit avec éclairage allumé,Hors agglomération,Hors intersection,Normale,Trois véhicules et plus - en chaîne,,,,,,,,,,,5,1,1,1.0,4.0
201000058040,0010-09-17 08:15:00,10,9,17,8,15,590,350,AUTOROUTE A25,,,Plein jour,Hors agglomération,Hors intersection,Normale,Sans collision,,,,,,,,,,,1,1,1,1.0,7.0
201000058041,0010-09-17 12:15:00,10,9,17,12,15,590,237,AUTOROUTE A25,,,Plein jour,Hors agglomération,Hors intersection,Normale,Trois véhicules et plus - collisions multiples,,,,,,,,,,,1,1,1,1.0,5.0
201000058042,0010-09-20 08:30:00,10,9,20,8,30,620,907,AUTOROUTE A1,,,Plein jour,Hors agglomération,Hors intersection,Normale,Sans collision,,,,,,,,,,,1,1,1,1.0,7.0
201000058043,0010-09-20 08:35:00,10,9,20,8,35,590,458,AUTOROUTE A23,,,Plein jour,Hors agglomération,Hors intersection,Normale,Deux véhicules - arrière,,,,,,,,,,,1,1,1,1.0,2.0
201000058044,0010-09-23 13:20:00,10,9,23,13,20,620,771,AUTOROUTE A21,,,Plein jour,Hors agglomération,Hors intersection,Normale,Sans collision,,,,,,,,,,,1,1,1,1.0,7.0
201000058045,0010-09-24 12:37:00,10,9,24,12,37,590,220,AUTOROUTE A1,,,Plein jour,Hors agglomération,Hors intersection,Normale,Deux véhicules - côté,,,,,,,,,,,1,1,1,1.0,3.0
201000058046,0010-10-08 16:40:00,10,10,8,16,40,590,515,AUTOROUTE A2,,,Plein jour,Hors agglomération,Hors intersection,Normale,Sans collision,,,,,,,,,,,1,1,1,1.0,7.0
201000058047,0010-10-09 01:00:00,10,10,9,1,0,590,509,AUTOROUTE A21,,,Nuit sans éclairage public,Hors agglomération,Hors intersection,Normale,Autre collision,,,,,,,,,,,3,1,1,1.0,6.0
201000058048,0010-10-09 06:25:00,10,10,9,6,25,590,205,AUTOROUTE A 21,,,Nuit sans éclairage public,Hors agglomération,Hors intersection,Normale,Autre collision,,,,,,,,,,,3,1,1,1.0,6.0
201000058049,0010-10-09 12:30:00,10,10,9,12,30,590,586,AUTOROUTE A23,,,Plein jour,Hors agglomération,Hors intersection,Normale,Trois véhicules et plus - en chaîne,,,,,,,,,,,1,1,1,1.0,4.0
201000058050,0010-10-10 00:10:00,10,10,10,0,10,590,350,AUTOROUTE A25,,,Nuit avec éclairage allumé,Hors agglomération,Hors intersection,Normale,Autre collision,,,,,,,,,,,5,1,1,1.0,6.0
201000058051,0010-10-12 07:00:00,10,10,12,7,0,620,907,AUTOROUTE A1,,,Nuit sans éclairage public,Hors agglomération,Hors intersection,Normale,Deux véhicules - côté,,,,,,,,,,,3,1,1,1.0,3.0
201000058052,0010-10-12 23:15:00,10,10,12,23,15,590,515,AUTOROUTE A2,,,Nuit sans éclairage public,Hors agglomération,Hors intersection,Normale,Trois véhicules et plus - collisions multiples,,,,,,,,,,,3,1,1,1.0,5.0
201000058053,0010-10-13 06:45:00,10,10,13,6,45,620,427,AUTOROUTE A1,,,Nuit sans éclairage public,Hors agglomération,Hors intersection,Normale,Trois véhicules et plus - collisions multiples,,,,,,,,,,,3,1,1,1.0,5.0
201000058054,0010-10-20 06:50:00,10,10,20,6,50,590,564,AUTOROUTE A23,,,Nuit sans éclairage public,Hors agglomération,Hors intersection,Normale,Trois véhicules et plus - collisions multiples,,,,,,,,,,,3,1,1,1.0,5.0
201000058055,0010-10-20 12:40:00,10,10,20,12,40,590,599,ROUTE DEPARTEMENTALE 656,,,Plein jour,Hors agglomération,Hors intersection,Normale,Trois véhicules et plus - en chaîne,,,,,,,,,,,1,1,1,1.0,4.0
201000058056,0010-10-20 16:50:00,10,10,20,16,50,590,195,AUTOROUTE A25,,,Plein jour,Hors agglomération,Hors intersection,Pluie légère,Deux véhicules - arrière,,,,,,,,,,,1,1,1,2.0,2.0
201000058057,0010-10-22 08:30:00,10,10,22,8,30,590,350,RD 651,,,Plein jour,Hors agglomération,Hors intersection,Normale,Deux véhicules - côté,,,,,,,,,,,1,1,1,1.0,3.0
201000058058,0010-10-23 15:40:00,10,10,23,15,40,590,346,A 27,,,Plein jour,Hors agglomération,Hors intersection,Pluie légère,Sans collision,,,,,,,,,,,1,1,1,2.0,7.0
201000058059,0010-10-23 22:15:00,10,10,23,22,15,590,350,AUTOROUTE A1,,,Nuit avec éclairage allumé,Hors agglomération,Hors intersection,Temps couvert,Deux véhicules - arrière,,,,,,,,,,,5,1,1,8.0,2.0
201000058060,0010-10-29 21:10:00,10,10,29,21,10,620,637,AUTOROUTE A1,,,Nuit sans éclairage public,Hors agglomération,Hors intersection,Normale,Trois véhicules et plus - collisions multiples,,,,,,,,,,,3,1,1,1.0,5.0
201000058061,0010-10-30 11:10:00,10,10,30,11,10,590,508,AUTOROUTE A22,,,Plein jour,Hors agglomération,Hors intersection,Pluie légère,Trois véhicules et plus - en chaîne,,,,,,,,,,,1,1,1,2.0,4.0