accident_id,datetime,annee,mois,jour,heure,minute,departement,commune_insee,adresse,latitude,longitude,luminosite,agglomeration,intersection,meteo,collision,nb_vehicules,nb_usagers,nb_indemnes,nb_tues,nb_blesses_hosp,nb_blesses_legers,age_cond_1,age_cond_2,veh_type_cond_1,veh_type_cond_2,lum_code,agg_code,int_code,atm_code,col_code
201000058062,0010-10-31 03:15:00,10,10,31,3,15,590,260,A 16,,,Nuit sans éclairage public,Hors agglomération,Hors intersection,Normale,Autre collision,,,,,,,,,,,3,1,1,1.0,6.0
201000058063,0010-11-02 12:00:00,10,11,2,12,0,590,507,A 1,,,Plein jour,Hors agglomération,Hors intersection,Normale,Autre collision,,,,,,,,,,,1,1,1,1.0,6.0
201000058064,0010-11-05 07:15:00,10,11,5,7,15,620,637,AUTOROUTE A1,,,Nuit sans éclairage public,Hors agglomération,Hors intersection,Normale,Deux véhicules - côté,,,,,,,,,,,3,1,1,1.0,3.0
201000058065,0010-11-05 19:50:00,10,11,5,19,50,590,340,AUTOROUTE A16,,,Nuit sans éclairage public,Hors agglomération,Hors intersection,Pluie légère,Trois véhicules et plus - en chaîne,,,,,,,,,,,3,1,1,2.0,4.0
201000058066,0010-11-06 03:10:00,10,11,6,3,10,590,603,AUTOROUTE A2,,,Nuit sans éclairage public,Hors agglomération,Hors intersection,Normale,Sans collision,,,,,,,,,,,3,1,1,1.0,7.0
201000058067,0010-11-10 14:40:00,10,11,10,14,40,590,350,R D 656,,,Plein jour,Hors agglomération,Hors intersection,Normale,Sans collision,,,,,,,,,,,1,1,1,1.0,7.0
201000058068,0010-11-11 09:45:00,10,11,11,9,45,590,343,AUTOROUTE A22,,,Plein jour,Hors agglomération,Hors intersection,Vent fort / tempête,Deux véhicules - arrière,,,,,,,,,,,1,1,1,6.0,2.0
201000058069,0010-11-12 06:40:00,10,11,12,6,40,590,350,AUTOROUTE A25,,,Nuit avec éclairage allumé,Hors agglomération,Hors intersection,Normale,Deux véhicules - côté,,,,,,,,,,,5,1,1,1.0,3.0
201000058070,0010-11-13 08:50:00,10,11,13,8,50,590,9,ROUTE NATIONALE 227,,,Plein jour,Hors agglomération,Hors intersection,Pluie légère,Sans collision,,,,,,,,,,,1,1,1,2.0,7.0
201000058071,0010-11-14 15:30:00,10,11,14,15,30,590,479,AUTOROUTE A2,,,Plein jour,Hors agglomération,Hors intersection,Normale,Deux véhicules - arrière,,,,,,,,,,,1,1,1,1.0,2.0
201000058072,0010-11-14 18:05:00,10,11,14,18,5,590,401,AUTOROUTE A25,,,Nuit sans éclairage public,Hors agglomération,Hors intersection,Pluie légère,Trois véhicules et plus - collisions multiples,,,,,,,,,,,3,1,1,2.0,5.0
201000058073,0010-11-16 10:30:00,10,11,16,10,30,590,43,AUTOROUTE A25,,,Plein jour,Hors agglomération,Hors intersection,Brouillard / fumée,Trois véhicules et plus - en chaîne,,,,,,,,,,,1,1,1,5.0,4.0
201000058074,0010-11-16 10:57:00,10,11,16,10,57,590,401,AUTOROUTE A25,,,Plein jour,Hors agglomération,Hors intersection,Brouillard / fumée,Trois véhicules et plus - en chaîne,,,,,,,,,,,1,1,1,5.0,4.0
201000058075,0010-11-17 17:30:00,10,11,17,17,30,590,9,ROUTE NATIONALE 227,,,Nuit avec éclairage allumé,Hors agglomération,Hors intersection,Normale,Deux véhicules - arrière,,,,,,,,,,,5,1,1,1.0,2.0
201000058076,0010-11-17 18:45:00,10,11,17,18,45,590,410,RD 656,,,Nuit avec éclairage allumé,Hors agglomération,Hors intersection,Normale,Sans collision,,,,,,,,,,,5,1,1,1.0,7.0
201000058077,0010-11-17 23:40:00,10,11,17,23,40,590,511,AUTOROUTE A23,,,Nuit sans éclairage public,Hors agglomération,Hors intersection,Normale,Deux véhicules - arrière,,,,,,,,,,,3,1,1,1.0,2.0
201000058078,0010-11-18 15:15:00,10,11,18,15,15,590,343,AUTOROUTE A1,,,Plein jour,Hors agglomération,Hors intersection,Normale,Deux véhicules - côté,,,,,,,,,,,1,1,1,1.0,3.0
201000058079,0010-11-24 19:00:00,10,11,24,19,0,590,523,AUTOROUTE A27,,,Nuit sans éclairage public,Hors agglomération,Hors intersection,Normale,Trois véhicules et plus - en chaîne,,,,,,,,,,,3,1,1,1.0,4.0
201000058080,0010-11-29 09:45:00,10,11,29,9,45,620,548,AUTOROUTE A16,,,Plein jour,Hors agglomération,Hors intersection,Normale,Deux véhicules - arrière,,,,,,,,,,,1,1,1,1.0,2.0
201000058081,0010-12-01 01:00:00,10,12,1,1,0,590,574,AUTOROUTE A 21,,,Nuit sans éclairage public,Hors agglomération,Hors intersection,Autre,Autre collision,,,,,,,,,,,3,1,1,9.0,6.0
201000058082,0010-12-07 03:30:00,10,12,7,3,30,590,507,AUTOROUTE A1,,,Nuit avec éclairage allumé,Hors agglomération,Hors intersection,Normale,Deux véhicules - frontale,,,,,,,,,,,5,1,1,1.0,1.0
201000058083,0010-12-07 18:50:00,10,12,7,18,50,590,646,ROUTE DEPARTEMENTALE 656,,,Crépuscule ou aube,Hors agglomération,Hors intersection,Normale,Trois véhicules et plus - en chaîne,,,,,,,,,,,2,1,1,1.0,4.0
201000058084,0010-12-11 05:30:00,10,12,11,5,30,590,124,AUTOROUTE A27,,,Nuit avec éclairage allumé,Hors agglomération,Hors intersection,Normale,Deux véhicules - arrière,,,,,,,,,,,5,1,1,1.0,2.0
201000058085,0010-12-13 14:15:00,10,12,13,14,15,590,515,AUTOROUTE A2,,,Plein jour,Hors agglomération,Hors intersection,Normale,Trois véhicules et plus - en chaîne,,,,,,,,,,,1,1,1,1.0,4.0
201000058086,0010-12-16 21:50:00,10,12,16,21,50,590,435,AUTOROUTE A23,,,Nuit sans éclairage public,Hors agglomération,Hors intersection,Neige / grêle,Trois véhicules et plus - collisions multiples,,,,,,,,,,,3,1,1,4.0,5.0
201000058087,0010-12-24 06:30:00,10,12,24,6,30,590,557,AUTOROUTE A2,,,Nuit sans éclairage public,Hors agglomération,Hors intersection,Normale,Deux véhicules - arrière,,,,,,,,,,,3,1,1,1.0,2.0
201000058088,0010-12-28 11:35:00,10,12,28,11,35,590,507,AUTOROUTE A1,,,Plein jour,Hors agglomération,Hors intersection,Neige / grêle,Deux véhicules - arrière,,,,,,,,,,,1,1,1,4.0,2.0
201000058089,0010-12-28 17:20:00,10,12,28,17,20,620,351,AUTOROUTE A21,,,Nuit avec éclairage allumé,Hors agglomération,Hors intersection,Temps couvert,Autre collision,,,,,,,,,,,5,1,1,8.0,6.0
201000058090,0010-01-04 14:25:00,10,1,4,14,25,690,383,"70, BOULEVARD MARIUS VIV",,,Plein jour,En agglomération,Hors intersection,Neige / grêle,Deux véhicules - arrière,,,,,,,,,,,1,2,1,4.0,2.0
201000058091,0010-01-05 07:25:00,10,1,5,7,25,690,386,"52, BD DES BROTTEAUX",,,Crépuscule ou aube,En agglomération,Hors intersection,Neige / grêle,Deux véhicules - arrière,,,,,,,,,,,2,2,1,4.0,2.0
201000058092,0010-01-06 12:20:00,10,1,6,12,20,690,383,AVENUE ROCKEFELLER,,,Plein jour,En agglomération,Intersection en T,Normale,Deux véhicules - côté,,,,,,,,,,,1,2,3,1.0,3.0
201000058093,0010-01-10 09:30:00,10,1,10,9,30,690,386,RUE MOLIERE,,,Plein jour,En agglomération,Intersection en X,Neige / grêle,Deux véhicules - côté,,,,,,,,,,,1,2,2,4.0,3.0
201000058094,0010-01-11 16:10:00,10,1,11,16,10,690,386,RUE BARRIER,,,Plein jour,En agglomération,Intersection en X,Normale,Deux véhicules - côté,,,,,,,,,,,1,2,2,1.0,3.0
201000058095,0010-01-10 17:20:00,10,1,10,17,20,690,383,RUE TURBIL,,,Nuit avec éclairage non allumé,En agglomération,Intersection en X,Temps couvert,Deux véhicules - côté,,,,,,,,,,,4,2,2,8.0,3.0
201000058096,0010-01-15 18:30:00,10,1,15,18,30,690,383,"22, RUE JEANNE HACHETTE",,,Nuit avec éclairage allumé,En agglomération,Hors intersection,Normale,Autre collision,,,,,,,,,,,5,2,1,1.0,6.0
201000058097,0010-01-18 10:30:00,10,1,18,10,30,690,383,"00, RUE BONNEFOI",,,Plein jour,En agglomération,Intersection en X,Normale,Deux véhicules - côté,,,,,,,,,,,1,2,2,1.0,3.0
201000058098,0010-01-06 17:15:00,10,1,6,17,15,690,383,PLACE BIR HAKEIM,,,Nuit avec éclairage allumé,En agglomération,Intersection en T,Temps couvert,Deux véhicules - côté,,,,,,,,,,,5,2,3,8.0,3.0
201000058099,0010-01-18 14:40:00,10,1,18,14,40,690,383,RUE VENDOME,,,Plein jour,En agglomération,Intersection en X,Normale,Deux véhicules - côté,,,,,,,,,,,1,2,2,1.0,3.0
201000058100,0010-01-20 21:20:00,10,1,20,21,20,690,383,"179, AVENUE FELIX FAURE",,,Nuit avec éclairage allumé,En agglomération,Hors intersection,Normale,Autre collision,,,,,,,,,,,5,2,1,1.0,6.0
201000058101,0010-01-21 20:10:00,10,1,21,20,10,690,386,COURS FRANKLIN ROOSEVELT,,,Nuit avec éclairage allumé,En agglomération,Intersection en X,Normale,Autre collision,,,,,,,,,,,5,2,2,1.0,6.0
201000058102,0010-03-11 00:45:00,10,3,11,0,45,690,386,"260, COURS LAFAYETTE",,,Nuit avec éclairage allumé,En agglomération,Intersection en T,Normale,Autre collision,,,,,,,,,,,5,2,3,1.0,6.0
201000058103,0010-01-22 10:20:00,10,1,22,10,20,690,386,"00, RUE DUGUESCLIN",,,Plein jour,En agglomération,Intersection en X,Temps couvert,Deux véhicules - côté,,,,,,,,,,,1,2,2,8.0,3.0
201000058104,0010-01-23 11:20:00,10,1,23,11,20,690,383,RUE SERVIENT,,,Plein jour,En agglomération,Hors intersection,Normale,Deux véhicules - arrière,,,,,,,,,,,1,2,1,1.0,2.0
201000058105,0010-01-21 09:55:00,10,1,21,9,55,690,383,AVENUE MARECHAL DE SAXE,,,Plein jour,En agglomération,Intersection en T,Normale,Deux véhicules - côté,,,,,,,,,,,1,2,3,1.0,3.0
201000058106,0010-01-28 14:20:00,10,1,28,14,20,690,383,"67, BD MARIUS VIVIER MER",,,Plein jour,En agglomération,Hors intersection,Normale,Deux véhicules - arrière,,,,,,,,,,,1,2,1,1.0,2.0
201000058107,0010-02-01 08:40:00,10,2,1,8,40,690,383,"00, RUE BARABAN",,,Plein jour,En agglomération,Intersection en X,Normale,Deux véhicules - côté,,,,,,,,,,,1,2,2,1.0,3.0
201000058108,0010-02-03 11:05:00,10,2,3,11,5,690,386,"59, RUE GARIBALDI",,,Plein jour,En agglomération,Hors intersection,Temps couvert,Deux véhicules - arrière,,,,,,,,,,,1,2,1,8.0,2.0
201000058109,0010-02-04 21:10:00,10,2,4,21,10,690,386,"92, BOULEVARD DES BELGES",,,Nuit avec éclairage allumé,En agglomération,Intersection en T,Normale,Autre collision,,,,,,,,,,,5,2,3,1.0,6.0
201000058110,0010-01-18 10:30:00,10,1,18,10,30,690,386,"17, QUAI GENERAL SARRAIL",,,Plein jour,En agglomération,Hors intersection,Normale,Autre collision,,,,,,,,,,,1,2,1,1.0,6.0
201000058111,0010-02-07 14:30:00,10,2,7,14,30,690,383,"197, AVENUE LACASSAGNE",,,Plein jour,En agglomération,Intersection en X,Normale,Deux véhicules - côté,,,,,,,,,,,1,2,2,1.0,3.0
201000058112,0010-02-11 14:20:00,10,2,11,14,20,690,383,"25, AVENUE LACASSAGNE",,,Plein jour,En agglomération,Hors intersection,Neige / grêle,Deux véhicules - côté,,,,,,,,,,,1,2,1,4.0,3.0
201000058113,0010-02-11 23:40:00,10,2,11,23,40,690,383,RUE BARABAN,,,Nuit avec éclairage allumé,En agglomération,Intersection en X,Temps couvert,Deux véhicules - frontale,,,,,,,,,,,5,2,2,8.0,1.0
201000058114,0010-02-02 21:10:00,10,2,2,21,10,690,383,"0, RUE VENDOME",,,Nuit avec éclairage allumé,En agglomération,Intersection en T,Normale,Deux véhicules - côté,,,,,,,,,,,5,2,3,1.0,3.0
201000058115,0010-02-04 10:20:00,10,2,4,10,20,690,383,"44, COURS GAMBETTA",,,Plein jour,En agglomération,Hors intersection,Normale,Deux véhicules - arrière,,,,,,,,,,,1,2,1,1.0,2.0
201000058116,0010-02-12 17:30:00,10,2,12,17,30,690,386,COURS VITTON,,,Plein jour,En agglomération,Intersection en X,Normale,Autre collision,,,,,,,,,,,1,2,2,1.0,6.0
201000058117,0010-02-14 04:20:00,10,2,14,4,20,690,386,COURS VITTON,,,Nuit avec éclairage allumé,En agglomération,Intersection en X,Normale,Deux véhicules - côté,,,,,,,,,,,5,2,2,1.0,3.0
201000058118,0010-02-17 14:36:00,10,2,17,14,36,690,383,"50, BD MARIUS VIVIER MER",,,Plein jour,En agglomération,Hors intersection,Normale,Autre collision,,,,,,,,,,,1,2,1,1.0,6.0
201000058119,0010-02-11 19:50:00,10,2,11,19,50,690,386,COURS VITTON,,,Nuit avec éclairage allumé,En agglomération,Intersection en X,Pluie légère,Autre collision,,,,,,,,,,,5,2,2,2.0,6.0
201000058120,0010-02-12 12:10:00,10,2,12,12,10,690,383,AVENUE FELIX FAURE,,,Plein jour,En agglomération,Hors intersection,Normale,Autre collision,,,,,,,,,,,1,2,1,1.0,6.0
201000058121,0010-02-15 14:40:00,10,2,15,14,40,690,383,AVENUE ROCKEFELLER,,,Plein jour,En agglomération,Hors intersection,Normale,Trois véhicules et plus - collisions multiples,,,,,,,,,,,1,2,1,1.0,5.0
201000058122,0010-02-17 13:40:00,10,2,17,13,40,690,383,"115, COURS ALBERT THOMAS",,,Plein jour,En agglomération,Hors intersection,Normale,Deux véhicules - côté,,,,,,,,,,,1,2,1,1.0,3.0
201000058123,0010-03-01 13:55:00,10,3,1,13,55,690,383,"0, PONT LAFAYETTE",,,Plein jour,En agglomération,Intersection en X,Normale,Autre collision,,,,,,,,,,,1,2,2,1.0,6.0
201000058124,0010-03-02 22:35:00,10,3,2,22,35,690,383,"00, RUE PIERRE CORNEILLE",,,Nuit avec éclairage allumé,En agglomération,Intersection en X,Normale,Autre collision,,,,,,,,,,,5,2,2,1.0,6.0
201000058125,0010-03-11 08:20:00,10,3,11,8,20,690,386,COURS VITTON,,,Plein jour,En agglomération,Intersection en X,Pluie légère,Autre collision,,,,,,,,,,,1,2,2,2.0,6.0
201000058126,0010-03-04 18:55:00,10,3,4,18,55,690,383,"67, RUE SERVIENT",,,Nuit avec éclairage allumé,En agglomération,Hors intersection,Normale,Autre collision,,,,,,,,,,,5,2,1,1.0,6.0
201000058127,0010-03-04 22:50:00,10,3,4,22,50,690,386,"0, RUE VAUBAN",,,Nuit avec éclairage allumé,En agglomération,Intersection en T,Normale,Autre collision,,,,,,,,,,,5,2,3,1.0,6.0
201000058128,0010-03-04 12:30:00,10,3,4,12,30,690,386,"79, COURS VITTON",,,Plein jour,En agglomération,Hors intersection,Normale,Autre collision,,,,,,,,,,,1,2,1,1.0,6.0
201000058129,0010-03-17 18:45:00,10,3,17,18,45,690,386,"0, COURS LAFAYETTE",,,Nuit avec éclairage allumé,En agglomération,Hors intersection,Pluie légère,Autre collision,,,,,,,,,,,5,2,1,2.0,6.0
201000058130,0010-03-08 09:30:00,10,3,8,9,30,690,386,RUE NEY,,,Plein jour,En agglomération,Intersection en X,Normale,Deux véhicules - côté,,,,,,,,,,,1,2,2,1.0,3.0
201000058131,0010-03-10 18:45:00,10,3,10,18,45,690,383,"0, ROUTE DE GENAS",,,Crépuscule ou aube,En agglomération,Hors intersection,Normale,Autre collision,,,,,,,,,,,2,2,1,1.0,6.0
201000058132,0010-03-14 16:45:00,10,3,14,16,45,690,386,"45, AV MARECHAL DE SAXE",,,Plein jour,En agglomération,Hors intersection,Normale,Autre collision,,,,,,,,,,,1,2,1,1.0,6.0
201000058133,0010-03-15 18:30:00,10,3,15,18,30,690,383,"0, RUE DE BONNEL",,,Crépuscule ou aube,En agglomération,Hors intersection,Normale,Autre collision,,,,,,,,,,,2,2,1,1.0,6.0
201000058134,0010-03-16 17:15:00,10,3,16,17,15,690,383,RUE DANTON,,,Plein jour,En agglomération,Intersection en X,Normale,Autre collision,,,,,,,,,,,1,2,2,1.0,6.0
201000058135,0010-03-17 21:10:00,10,3,17,21,10,690,383,"0, RUE TERNOIS",,,Nuit avec éclairage allumé,En agglomération,Intersection en T,Normale,Deux véhicules - côté,,,,,,,,,,,5,2,3,1.0,3.0
201000058136,0010-03-17 11:00:00,10,3,17,11,0,690,383,RUE ANDRE PHILIP,,,Plein jour,En agglomération,Intersection en X,Normale,Autre collision,,,,,,,,,,,1,2,2,1.0,6.0
201000058137,0010-03-19 09:00:00,10,3,19,9,0,690,383,"18, BD MARIUS VIVIER MER",,,Plein jour,En agglomération,Hors intersection,Normale,Deux véhicules - arrière,,,,,,,,,,,1,2,1,1.0,2.0
201000058138,0010-03-22 20:30:00,10,3,22,20,30,690,383,RUE DOCTEUR BOUCHUT,,,Nuit avec éclairage allumé,En agglomération,Hors intersection,Normale,Deux véhicules - côté,,,,,,,,,,,5,2,1,1.0,3.0
201000058139,0010-03-24 11:10:00,10,3,24,11,10,690,386,"127, RUE DE CREQUI",,,Plein jour,En agglomération,Hors intersection,Normale,Deux véhicules - arrière,,,,,,,,,,,1,2,1,1.0,2.0
201000058140,0010-03-21 20:05:00,10,3,21,20,5,690,383,"00, COURS LAFAYETTE",,,Nuit avec éclairage allumé,En agglomération,Intersection en X,Normale,Autre collision,,,,,,,,,,,5,2,2,1.0,6.0
201000058141,0010-03-24 13:10:00,10,3,24,13,10,690,383,COURS DOCTEUR LONG,,,Plein jour,En agglomération,Intersection en X,Normale,Deux véhicules - côté,,,,,,,,,,,1,2,2,1.0,3.0
201000058142,0010-03-23 10:30:00,10,3,23,10,30,690,383,RUE ELIE PARIS,,,Plein jour,En agglomération,Intersection en T,Normale,Autre collision,,,,,,,,,,,1,2,3,1.0,6.0
201000058143,0010-03-27 10:25:00,10,3,27,10,25,690,386,"0, RUE BOSSUET",,,Plein jour,En agglomération,Intersection en X,Pluie légère,Autre collision,,,,,,,,,,,1,2,2,2.0,6.0
201000058144,0010-03-29 09:50:00,10,3,29,9,50,690,386,"00, BOULEVARD DES BELGES",,,Plein jour,En agglomération,Intersection en T,Normale,Deux véhicules - côté,,,,,,,,,,,1,2,3,1.0,3.0
201000058145,0010-03-26 11:45:00,10,3,26,11,45,690,383,"63, RUE DE LA VILLETTE",,,Plein jour,En agglomération,Hors intersection,Normale,Autre collision,,,,,,,,,,,1,2,1,1.0,6.0
201000058146,0010-03-25 19:15:00,10,3,25,19,15,690,383,BOULEVARD MARIUS VIVIER,,,Nuit avec éclairage allumé,En agglomération,Intersection en X,Vent fort / tempête,Deux véhicules - côté,,,,,,,,,,,5,2,2,6.0,3.0
201000058147,0010-04-01 08:30:00,10,4,1,8,30,690,386,"0, RUE DES EMERAUDES",,,Plein jour,En agglomération,Intersection en X,Pluie légère,Deux véhicules - côté,,,,,,,,,,,1,2,2,2.0,3.0
201000058148,0010-04-01 13:00:00,10,4,1,13,0,690,386,"75, COURS VITTON",,,Plein jour,En agglomération,Hors intersection,Normale,Deux véhicules - côté,,,,,,,,,,,1,2,1,1.0,3.0
201000058149,0010-04-08 07:20:00,10,4,8,7,20,690,383,"00, RUE TURBIL",,,Crépuscule ou aube,En agglomération,Intersection en X,Pluie légère,Autre collision,,,,,,,,,,,2,2,2,2.0,6.0
201000058150,0010-04-08 22:45:00,10,4,8,22,45,690,386,"0, PONT DE LATTRE DE TAS",,,Nuit avec éclairage allumé,En agglomération,Intersection en X,Normale,Deux véhicules - arrière,,,,,,,,,,,5,2,2,1.0,2.0
201000058151,0010-04-09 16:30:00,10,4,9,16,30,690,383,RUE LOUISE,,,Plein jour,En agglomération,Intersection en X,Normale,Deux véhicules - côté,,,,,,,,,,,1,2,2,1.0,3.0
201000058152,0010-04-12 10:10:00,10,4,12,10,10,690,383,"0, BOULEVARD MARIUS VIVI",,,Plein jour,En agglomération,Intersection en T,Normale,Deux véhicules - côté,,,,,,,,,,,1,2,3,1.0,3.0
201000058153,0010-04-13 18:00:00,10,4,13,18,0,690,386,"0, RUE SULLY",,,Plein jour,En agglomération,Intersection en X,Normale,Autre collision,,,,,,,,,,,1,2,2,1.0,6.0
201000058154,0010-04-14 09:08:00,10,4,14,9,8,690,383,"00, AVENUE LACASSAGNE",,,Plein jour,En agglomération,Intersection en X,Normale,Deux véhicules - côté,,,,,,,,,,,1,2,2,1.0,3.0
201000058155,0010-04-15 13:50:00,10,4,15,13,50,690,383,"0, RUE VENDOME",,,Plein jour,En agglomération,Intersection en X,Normale,Deux véhicules - côté,,,,,,,,,,,1,2,2,1.0,3.0
201000058156,0010-04-15 17:30:00,10,4,15,17,30,690,386,"11, COURS VITTON",,,Plein jour,En agglomération,Hors intersection,Normale,Autre collision,,,,,,,,,,,1,2,1,1.0,6.0
201000058157,0010-04-16 15:15:00,10,4,16,15,15,690,386,"0, COURS VITTON",,,Plein jour,En agglomération,Intersection en X,Normale,Autre collision,,,,,,,,,,,1,2,2,1.0,6.0
201000058158,0010-04-16 19:20:00,10,4,16,19,20,690,383,RUE DE LA RUCHE,,,Plein jour,En agglomération,Intersection en T,Normale,Trois véhicules et plus - collisions multiples,,,,,,,,,,,1,2,3,1.0,5.0
201000058159,0010-04-17 11:10:00,10,4,17,11,10,690,383,"FACE 94, RUE FERDINAND B",,,Plein jour,En agglomération,Hors intersection,Normale,Trois véhicules et plus - en chaîne,,,,,,,,,,,1,2,1,1.0,4.0
201000058160,0010-04-18 19:51:00,10,4,18,19,51,690,383,"0, RUE SAINTE ANNE DE BA",,,Plein jour,En agglomération,Intersection en T,Normale,Deux véhicules - côté,,,,,,,,,,,1,2,3,1.0,3.0
201000058161,0010-04-18 18:20:00,10,4,18,18,20,690,386,"12, QUAI GENERAL SARRAIL",,,Plein jour,En agglomération,Hors intersection,Normale,Autre collision,,,,,,,,,,,1,2,1,1.0,6.0
201000058162,0010-04-20 17:10:00,10,4,20,17,10,690,383,"1, COURS GAMBETTA",,,Plein jour,En agglomération,Hors intersection,Normale,Sans collision,,,,,,,,,,,1,2,1,1.0,7.0
201000058163,0010-04-21 15:40:00,10,4,21,15,40,690,383,"145, COURS DOCTEUR LONG",,,Plein jour,En agglomération,Hors intersection,Normale,Autre collision,,,,,,,,,,,1,2,1,1.0,6.0
201000058164,0010-04-22 11:40:00,10,4,22,11,40,690,386,"FACE 03, COURS LAFAYETTE",,,Plein jour,En agglomération,Hors intersection,Normale,Deux véhicules - côté,,,,,,,,,,,1,2,1,1.0,3.0
201000058165,0010-03-27 14:20:00,10,3,27,14,20,690,383,"44, COURS GAMBETTA",,,Plein jour,En agglomération,Hors intersection,Pluie légère,Deux véhicules - arrière,,,,,,,,,,,1,2,1,2.0,2.0
201000058166,0010-04-17 07:30:00,10,4,17,7,30,690,383,"0, RUE BONNAND",,,Plein jour,En agglomération,Intersection en X,Normale,Deux véhicules - côté,,,,,,,,,,,1,2,2,1.0,3.0
201000058167,0010-04-23 06:25:00,10,4,23,6,25,690,383,"45, BD MARIUS VIVIER MER",,,Crépuscule ou aube,En agglomération,Hors intersection,Normale,Deux véhicules - côté,,,,,,,,,,,2,2,1,1.0,3.0
201000058168,0010-04-26 11:20:00,10,4,26,11,20,690,386,"FACE 09, RUE NOTRE DAME",,,Plein jour,En agglomération,Hors intersection,Normale,Autre collision,,,,,,,,,,,1,2,1,1.0,6.0
201000058169,0010-04-26 19:30:00,10,4,26,19,30,690,386,"2, PLACE MARECHAL LYAUTE",,,Plein jour,En agglomération,Hors intersection,Normale,Autre collision,,,,,,,,,,,1,2,1,1.0,6.0
201000058170,0010-04-27 16:50:00,10,4,27,16,50,690,383,"0, RUE JULIEN DUVIVIER",,,Plein jour,En agglomération,Hors intersection,Normale,Autre collision,,,,,,,,,,,1,2,1,1.0,6.0
201000058171,0010-04-28 15:30:00,10,4,28,15,30,690,386,QUAI CHARLES DE GAULLE,,,Plein jour,En agglomération,Autre intersection,Normale,Deux véhicules - arrière,,,,,,,,,,,1,2,9,1.0,2.0
201000058172,0010-04-30 08:25:00,10,4,30,8,25,690,386,ALLEE DU GRAND CAMP,,,Plein jour,En agglomération,Hors intersection,Normale,Deux véhicules - côté,,,,,,,,,,,1,2,1,1.0,3.0
201000058173,0010-05-04 12:25:00,10,5,4,12,25,690,386,"73, COURS VITTON",,,Plein jour,En agglomération,Hors intersection,Normale,Autre collision,,,,,,,,,,,1,2,1,1.0,6.0
201000058174,0010-05-05 21:53:00,10,5,5,21,53,690,383,"75, RUE DE LA VILLETTE",,,Nuit avec éclairage allumé,En agglomération,Hors intersection,Pluie légère,Deux véhicules - côté,,,,,,,,,,,5,2,1,2.0,3.0
201000058175,0010-05-09 01:10:00,10,5,9,1,10,690,383,RUE GARIBALDI,,,Nuit avec éclairage allumé,En agglomération,Intersection en X,Normale,Deux véhicules - frontale,,,,,,,,,,,5,2,2,1.0,1.0
201000058176,0010-05-09 17:40:00,10,5,9,17,40,690,383,"0, RUE DE LA BALME",,,Plein jour,En agglomération,Intersection en X,Temps couvert,Deux véhicules - côté,,,,,,,,,,,1,2,2,8.0,3.0
201000058177,0010-05-11 07:35:00,10,5,11,7,35,690,386,"0, RUE VENDOME",,,Plein jour,En agglomération,Intersection en X,Pluie forte,Deux véhicules - côté,,,,,,,,,,,1,2,2,3.0,3.0
201000058178,0010-05-12 18:20:00,10,5,12,18,20,690,383,"84, AVENUE LACASSAGNE",,,Plein jour,En agglomération,Hors intersection,Pluie légère,Autre collision,,,,,,,,,,,1,2,1,2.0,6.0
201000058179,0010-05-20 07:35:00,10,5,20,7,35,690,383,"00, RUE BARABAN",,,Plein jour,En agglomération,Intersection en X,Normale,Autre collision,,,,,,,,,,,1,2,2,1.0,6.0
201000058180,0010-05-23 18:30:00,10,5,23,18,30,690,383,"135, AVENUE MARECHAL DE",,,Plein jour,En agglomération,Hors intersection,Normale,Autre collision,,,,,,,,,,,1,2,1,1.0,6.0
201000058181,0010-05-21 15:00:00,10,5,21,15,0,690,386,"0, AVENUE MARECHAL FOCH",,,Plein jour,En agglomération,Intersection en X,Normale,Autre collision,,,,,,,,,,,1,2,2,1.0,6.0
201000058182,0010-05-22 19:40:00,10,5,22,19,40,690,386,"113, RUE GARIBALDI",,,Crépuscule ou aube,En agglomération,Intersection en X,Normale,Trois véhicules et plus - collisions multiples,,,,,,,,,,,2,2,2,1.0,5.0
201000058183,0010-05-22 11:30:00,10,5,22,11,30,690,386,BOULEVARD ANATOLE FRANCE,,,Plein jour,En agglomération,Intersection en X,Normale,Deux véhicules - côté,,,,,,,,,,,1,2,2,1.0,3.0
201000058184,0010-05-23 10:50:00,10,5,23,10,50,690,386,"00, RUE SULLY",,,Plein jour,En agglomération,Intersection en X,Normale,Autre collision,,,,,,,,,,,1,2,2,1.0,6.0
201000058185,0010-05-25 14:30:00,10,5,25,14,30,690,386,"15, QUAI DE SERBIE",,,Plein jour,En agglomération,Hors intersection,Normale,Deux véhicules - arrière,,,,,,,,,,,1,2,1,1.0,2.0
201000058186,0010-05-27 15:50:00,10,5,27,15,50,690,386,RUE MASSENA,,,Plein jour,En agglomération,Intersection à plus de 4 branches,Normale,Deux véhicules - côté,,,,,,,,,,,1,2,5,1.0,3.0
201000058187,0010-05-27 18:40:00,10,5,27,18,40,690,386,RUE GARIBALDI,,,Plein jour,En agglomération,Hors intersection,Normale,Deux véhicules - côté,,,,,,,,,,,1,2,1,1.0,3.0
201000058188,0010-05-24 16:40:00,10,5,24,16,40,690,386,AVENUE DE GRANDE BRETAGN,,,Plein jour,En agglomération,Intersection en X,Normale,Deux véhicules - côté,,,,,,,,,,,1,2,2,1.0,3.0