accident_id,datetime,annee,mois,jour,heure,minute,departement,commune_insee,adresse,latitude,longitude,luminosite,agglomeration,intersection,meteo,collision,nb_vehicules,nb_usagers,nb_indemnes,nb_tues,nb_blesses_hosp,nb_blesses_legers,age_cond_1,age_cond_2,veh_type_cond_1,veh_type_cond_2,lum_code,agg_code,int_code,atm_code,col_code
201000058317,0010-11-10 13:40:00,10,11,10,13,40,690,386,"0, QUAI DE SERBIE",45.7712,4.84104,Plein jour,En agglomération,Intersection en T,Normale,Deux véhicules - arrière,,,,,,,,,,,1,2,3,1.0,2.0
201000058318,0010-11-11 13:25:00,10,11,11,13,25,690,386,"0, COURS LAFAYETTE",45.7637,4.85961,Plein jour,En agglomération,Intersection en X,Normale,Deux véhicules - côté,,,,,,,,,,,1,2,2,1.0,3.0
201000058319,0010-11-12 20:20:00,10,11,12,20,20,690,386,"35, AVENUE MARECHAL DE S",45.7644,4.84479,Nuit avec éclairage allumé,En agglomération,Hors intersection,Normale,Deux véhicules - côté,,,,,,,,,,,5,2,1,1.0,3.0
201000058320,0010-11-14 13:05:00,10,11,14,13,5,690,383,"0, BOULEVARD MARIUS VIVI",45.7637,4.85736,Plein jour,En agglomération,Intersection en X,Vent fort / tempête,Deux véhicules - côté,,,,,,,,,,,1,2,2,6.0,3.0
201000058321,0010-11-14 17:10:00,10,11,14,17,10,690,383,"0, AVENUE MARECHAL DE SA",45.7575,4.84623,Plein jour,En agglomération,Intersection en X,Normale,Autre collision,,,,,,,,,,,1,2,2,1.0,6.0
201000058322,0010-11-13 17:40:00,10,11,13,17,40,690,386,"0, AVENUE DE GRANDE BRET",45.7723,4.84084,Plein jour,En agglomération,Hors intersection,Normale,Autre collision,,,,,,,,,,,1,2,1,1.0,6.0
201000058323,0010-11-15 15:05:00,10,11,15,15,5,690,383,"68, AVENUE MARECHAL DE S",45.7625,4.84518,Plein jour,En agglomération,Hors intersection,Pluie légère,Autre collision,,,,,,,,,,,1,2,1,2.0,6.0
201000058324,0010-11-16 10:00:00,10,11,16,10,0,690,386,"0, RUE MONTGOLFIER",45.7722,4.85182,Plein jour,En agglomération,Intersection en X,Normale,Deux véhicules - côté,,,,,,,,,,,1,2,2,1.0,3.0
201000058325,0010-11-16 11:30:00,10,11,16,11,30,690,386,"47, COURS FRANKLIN ROOSE",45.7692,4.84958,Plein jour,En agglomération,Hors intersection,Normale,Autre collision,,,,,,,,,,,1,2,1,1.0,6.0
201000058326,0010-11-17 12:50:00,10,11,17,12,50,690,386,"0, RUE DUGUESCLIN",45.7728,4.84657,Plein jour,En agglomération,Intersection en X,Normale,Deux véhicules - côté,,,,,,,,,,,1,2,2,1.0,3.0
201000058327,0010-11-19 20:50:00,10,11,19,20,50,690,386,"0, AVENUE DE GRANDE BRET",45.7768,4.84406,Nuit avec éclairage allumé,En agglomération,Intersection en T,Normale,Autre collision,,,,,,,,,,,5,2,3,1.0,6.0
201000058328,0010-11-20 21:10:00,10,11,20,21,10,690,383,"0, COURS DOCTEUR LONG",45.7519,4.8917,Nuit avec éclairage non allumé,En agglomération,Intersection en X,Pluie légère,Deux véhicules - côté,,,,,,,,,,,4,2,2,2.0,3.0
201000058329,0010-11-20 17:50:00,10,11,20,17,50,690,386,"0, QUAI GENERAL SARRAIL",45.7647,4.84151,Nuit avec éclairage allumé,En agglomération,Intersection en T,Pluie légère,Autre collision,,,,,,,,,,,5,2,3,2.0,6.0
201000058330,0010-11-21 23:20:00,10,11,21,23,20,690,383,"0, RUE DE LA VILLETTE",45.7629,4.86191,Nuit avec éclairage allumé,En agglomération,Giratoire,Normale,Deux véhicules - côté,,,,,,,,,,,5,2,6,1.0,3.0
201000058331,0010-11-23 12:30:00,10,11,23,12,30,690,386,"47, AVENUE MARECHAL DE S",45.7638,4.84493,Plein jour,En agglomération,Hors intersection,Normale,Autre collision,,,,,,,,,,,1,2,1,1.0,6.0
201000058332,0010-11-24 16:00:00,10,11,24,16,0,690,386,"0, RUE NEY",45.769,4.85529,Plein jour,En agglomération,Intersection en X,Normale,Deux véhicules - côté,,,,,,,,,,,1,2,2,1.0,3.0
201000058333,0010-11-25 15:50:00,10,11,25,15,50,690,383,"0, RUE PAUL BERT",45.7553,4.84296,Plein jour,En agglomération,Intersection à plus de 4 branches,Pluie légère,Autre collision,,,,,,,,,,,1,2,5,2.0,6.0
201000058334,0010-11-26 21:06:00,10,11,26,21,6,690,383,"0, COURS ALBERT THOMAS",45.747,4.86713,Nuit avec éclairage allumé,En agglomération,Intersection en X,Normale,Deux véhicules - côté,,,,,,,,,,,5,2,2,1.0,3.0
201000058335,0010-11-27 13:00:00,10,11,27,13,0,690,386,"0, AVENUE MARECHAL DE SA",45.7679,4.84405,Plein jour,En agglomération,Intersection en X,Normale,Autre collision,,,,,,,,,,,1,2,2,1.0,6.0
201000058336,0010-11-28 05:20:00,10,11,28,5,20,690,383,"0, COURS LAFAYETTE",45.7637,4.86287,Nuit avec éclairage allumé,En agglomération,Intersection en X,Normale,Deux véhicules - côté,,,,,,,,,,,5,2,2,1.0,3.0
201000058337,0010-11-29 16:15:00,10,11,29,16,15,690,383,"0, RUE PAUL BERT",45.7563,4.84649,Crépuscule ou aube,En agglomération,Intersection en X,Normale,Autre collision,,,,,,,,,,,2,2,2,1.0,6.0
201000058338,0010-12-03 16:00:00,10,12,3,16,0,690,386,"20, QUAI CHARLES DE GAUL",,,Crépuscule ou aube,En agglomération,Intersection en X,Normale,Deux véhicules - côté,,,,,,,,,,,2,2,2,1.0,3.0
201000058339,0010-12-06 08:15:00,10,12,6,8,15,690,386,"0, RUE MONTGOLFIER",,,Plein jour,En agglomération,Intersection en X,Normale,Autre collision,,,,,,,,,,,1,2,2,1.0,6.0
201000058340,0010-12-06 22:15:00,10,12,6,22,15,690,383,"0, AVENUE MARECHAL DE SA",,,Nuit avec éclairage allumé,En agglomération,Intersection en X,Normale,Deux véhicules - côté,,,,,,,,,,,5,2,2,1.0,3.0
201000058341,0010-12-08 11:20:00,10,12,8,11,20,690,383,"0, RUE DOCTEUR REBATEL",,,Plein jour,En agglomération,Intersection en X,Normale,Deux véhicules - côté,,,,,,,,,,,1,2,2,1.0,3.0
201000058342,0010-12-08 13:30:00,10,12,8,13,30,690,383,"0, RUE DE BONNEL",,,Plein jour,En agglomération,Hors intersection,Normale,Autre collision,,,,,,,,,,,1,2,1,1.0,6.0
201000058343,0010-12-09 20:35:00,10,12,9,20,35,690,386,"0, RUE DE SEZE",,,Nuit avec éclairage allumé,En agglomération,Intersection en X,Normale,Autre collision,,,,,,,,,,,5,2,2,1.0,6.0
201000058344,0010-12-11 08:30:00,10,12,11,8,30,690,386,"0, COURS LAFAYETTE",,,Plein jour,En agglomération,Intersection en X,Normale,Autre collision,,,,,,,,,,,1,2,2,1.0,6.0
201000058345,0010-12-12 12:10:00,10,12,12,12,10,690,386,"0, RUE GARIBALDI",,,Plein jour,En agglomération,Intersection en X,Normale,Deux véhicules - côté,,,,,,,,,,,1,2,2,1.0,3.0
201000058346,0010-12-12 21:40:00,10,12,12,21,40,690,383,"0, AVENUE GEORGES POMPID",,,Nuit avec éclairage allumé,En agglomération,Intersection en X,Normale,Deux véhicules - côté,,,,,,,,,,,5,2,2,1.0,3.0
201000058347,0010-12-13 14:25:00,10,12,13,14,25,690,383,"0, RUE BONNEFOI",,,Plein jour,En agglomération,Intersection en T,Normale,Autre collision,,,,,,,,,,,1,2,3,1.0,6.0
201000058348,0010-12-14 10:20:00,10,12,14,10,20,690,386,"0, RUE DE CREQUI",,,Plein jour,En agglomération,Intersection en X,Normale,Autre collision,,,,,,,,,,,1,2,2,1.0,6.0
201000058349,0010-12-15 19:35:00,10,12,15,19,35,690,386,"0, PLACE JULES FERRY",,,Nuit avec éclairage allumé,En agglomération,Hors intersection,Autre,Deux véhicules - arrière,,,,,,,,,,,5,2,1,9.0,2.0
201000058350,0010-12-15 23:40:00,10,12,15,23,40,690,386,"0, AVENUE MARECHAL FOCH",,,Nuit avec éclairage allumé,En agglomération,Intersection en X,Neige / grêle,Autre collision,,,,,,,,,,,5,2,2,4.0,6.0
201000058351,0010-12-16 18:45:00,10,12,16,18,45,690,386,"0, RUE VENDOME",,,Nuit avec éclairage allumé,En agglomération,Intersection en X,Normale,Deux véhicules - côté,,,,,,,,,,,5,2,2,1.0,3.0
201000058352,0010-12-18 22:30:00,10,12,18,22,30,690,383,"0, RUE SERVIENT",,,Nuit avec éclairage allumé,En agglomération,Intersection en X,Normale,Deux véhicules - arrière,,,,,,,,,,,5,2,2,1.0,2.0
201000058353,0010-12-29 14:30:00,10,12,29,14,30,690,383,"0, RUE DE LA VILLETTE",,,Plein jour,En agglomération,Intersection en X,Normale,Deux véhicules - côté,,,,,,,,,,,1,2,2,1.0,3.0
201000058354,0010-12-30 02:40:00,10,12,30,2,40,690,386,"0, COURS FRANKLIN ROOSEV",,,Nuit avec éclairage allumé,En agglomération,Intersection en X,Normale,Autre collision,,,,,,,,,,,5,2,2,1.0,6.0
201000058355,0010-02-17 17:00:00,10,2,17,17,0,690,384,"20, QUAI JOSEPH GILLET",,,Plein jour,En agglomération,Hors intersection,Normale,Autre collision,,,,,,,,,,,1,2,1,1.0,6.0
201000058356,0010-02-20 15:40:00,10,2,20,15,40,690,384,"45, QUAI JOSEPH GILLET",,,Plein jour,En agglomération,Hors intersection,Normale,Autre collision,,,,,,,,,,,1,2,1,1.0,6.0
201000058357,0010-03-04 18:28:00,10,3,4,18,28,690,384,"17, QUAI JOSEPH GILLET",,,Plein jour,En agglomération,Intersection en X,Normale,Deux véhicules - côté,,,,,,,,,,,1,2,2,1.0,3.0
201000058358,0010-03-06 12:00:00,10,3,6,12,0,690,384,"42, BD DE LA CROIX ROUSS",,,Plein jour,En agglomération,Hors intersection,Normale,Autre collision,,,,,,,,,,,1,2,1,1.0,6.0
201000058359,0010-03-27 13:05:00,10,3,27,13,5,690,384,"2 TER, RUE HENRI CHEVALI",,,Plein jour,En agglomération,Intersection en T,Pluie légère,Autre collision,,,,,,,,,,,1,2,3,2.0,6.0
201000058360,0010-03-31 15:40:00,10,3,31,15,40,690,384,"50, RUE HENON",,,Plein jour,En agglomération,Hors intersection,Normale,Autre collision,,,,,,,,,,,1,2,1,1.0,6.0
201000058361,0010-04-09 10:35:00,10,4,9,10,35,690,384,"VISÀVIS 59, BOULEVARD DE",,,Plein jour,En agglomération,Intersection à plus de 4 branches,Normale,Autre collision,,,,,,,,,,,1,2,5,1.0,6.0
201000058362,0010-04-21 14:10:00,10,4,21,14,10,690,384,"16, COURS D HERBOUVILLE",,,Plein jour,En agglomération,Hors intersection,Normale,Deux véhicules - côté,,,,,,,,,,,1,2,1,1.0,3.0
201000058363,0010-04-10 20:45:00,10,4,10,20,45,690,384,"32, QUAI JOSEPH GILLET",,,Nuit avec éclairage allumé,En agglomération,Intersection en X,Normale,Autre collision,,,,,,,,,,,5,2,2,1.0,6.0
201000058364,0010-05-05 13:10:00,10,5,5,13,10,690,384,"37, COURS D HERBOUVILLE",,,Plein jour,En agglomération,Hors intersection,Pluie forte,Sans collision,,,,,,,,,,,1,2,1,3.0,7.0
201000058365,0010-05-11 08:30:00,10,5,11,8,30,690,384,"94, RUE PHILIPPE DE LASS",,,Plein jour,En agglomération,Intersection en X,Normale,Autre collision,,,,,,,,,,,1,2,2,1.0,6.0
201000058366,0010-04-16 08:45:00,10,4,16,8,45,690,384,"0, PLACE DE SERIN",,,Plein jour,En agglomération,Giratoire,Normale,Sans collision,,,,,,,,,,,1,2,6,1.0,7.0
201000058367,0010-05-11 15:55:00,10,5,11,15,55,690,384,"6B, RUE D ISLY",,,Plein jour,En agglomération,Intersection en X,Normale,Autre collision,,,,,,,,,,,1,2,2,1.0,6.0
201000058368,0010-05-27 19:10:00,10,5,27,19,10,690,384,"01, RUE CHAZIERE",,,Plein jour,En agglomération,Intersection en T,Normale,Deux véhicules - frontale,,,,,,,,,,,1,2,3,1.0,1.0
201000058369,0010-06-05 20:55:00,10,6,5,20,55,690,384,"FACE 163, BOULEVARD DE L",,,Plein jour,En agglomération,Intersection en T,Normale,Deux véhicules - côté,,,,,,,,,,,1,2,3,1.0,3.0
201000058370,0010-06-05 17:40:00,10,6,5,17,40,690,384,"000, PLACE DE SERIN",,,Plein jour,En agglomération,Hors intersection,Normale,Autre collision,,,,,,,,,,,1,2,1,1.0,6.0
201000058371,0010-06-07 18:10:00,10,6,7,18,10,690,384,"32, RUE DE BELFORT",,,Plein jour,En agglomération,Hors intersection,Normale,Autre collision,,,,,,,,,,,1,2,1,1.0,6.0
201000058372,0010-06-10 09:15:00,10,6,10,9,15,690,384,"59, MONTEE DE LA BOUCLE",,,Plein jour,En agglomération,Hors intersection,Normale,Deux véhicules - côté,,,,,,,,,,,1,2,1,1.0,3.0
201000058373,0010-07-01 21:09:00,10,7,1,21,9,690,384,"19, RUE HENON",,,Plein jour,En agglomération,Autre intersection,Normale,Autre collision,,,,,,,,,,,1,2,9,1.0,6.0
201000058374,0010-07-22 16:00:00,10,7,22,16,0,690,384,"13, CHEMIN DE SERIN A LA",,,Plein jour,En agglomération,Hors intersection,Normale,Autre collision,,,,,,,,,,,1,2,1,1.0,6.0
201000058375,0010-08-07 20:55:00,10,8,7,20,55,690,384,"15, RUE VALENTIN COUTURI",,,Plein jour,En agglomération,Intersection en T,Normale,Deux véhicules - frontale,,,,,,,,,,,1,2,3,1.0,1.0
201000058376,0010-08-27 11:45:00,10,8,27,11,45,690,384,"0, CHEMIN DE SERIN A LA",,,Plein jour,En agglomération,Hors intersection,Normale,Autre collision,,,,,,,,,,,1,2,1,1.0,6.0
201000058377,0010-09-01 01:55:00,10,9,1,1,55,690,384,"20, QUAI JOSEPH GILLET",,,Nuit avec éclairage allumé,En agglomération,Intersection en T,Normale,Autre collision,,,,,,,,,,,5,2,3,1.0,6.0
201000058378,0010-09-01 07:10:00,10,9,1,7,10,690,384,"0, TUNNEL ROUTIER DE LA",,,Nuit avec éclairage allumé,En agglomération,Hors intersection,Normale,Deux véhicules - arrière,,,,,,,,,,,5,2,1,1.0,2.0
201000058379,0010-09-01 10:30:00,10,9,1,10,30,690,384,RUE HENON,,,Plein jour,En agglomération,Intersection en X,Normale,Autre collision,,,,,,,,,,,1,2,2,1.0,6.0
201000058380,0010-09-03 22:15:00,10,9,3,22,15,690,384,TUNNEL ROUTIER DE LA CRO,,,Nuit avec éclairage allumé,En agglomération,Hors intersection,Normale,Autre collision,,,,,,,,,,,5,2,1,1.0,6.0
201000058381,0010-09-16 08:00:00,10,9,16,8,0,690,384,CHEMIN DE SERIN A LA CRO,,,Plein jour,En agglomération,Intersection en X,Normale,Deux véhicules - côté,,,,,,,,,,,1,2,2,1.0,3.0
201000058382,0010-09-14 16:45:00,10,9,14,16,45,690,384,"18, MONTEE DE LA BOUCLE",,,Plein jour,En agglomération,Autre intersection,Normale,Deux véhicules - côté,,,,,,,,,,,1,2,9,1.0,3.0
201000058383,0010-10-08 17:30:00,10,10,8,17,30,690,384,"100, RUE HENON",,,Plein jour,En agglomération,Intersection en X,Normale,Autre collision,,,,,,,,,,,1,2,2,1.0,6.0
201000058384,0010-10-12 13:00:00,10,10,12,13,0,690,384,"66, RUE EUGENE PONS",,,Plein jour,En agglomération,Hors intersection,Normale,Deux véhicules - frontale,,,,,,,,,,,1,2,1,1.0,1.0
201000058385,0010-10-13 16:30:00,10,10,13,16,30,690,384,"12, BOULEVARD DES CANUTS",,,Plein jour,En agglomération,Hors intersection,Normale,Autre collision,,,,,,,,,,,1,2,1,1.0,6.0
201000058386,0010-10-11 18:15:00,10,10,11,18,15,690,384,"82, RUE HENON",,,Plein jour,En agglomération,Hors intersection,Normale,Autre collision,,,,,,,,,,,1,2,1,1.0,6.0
201000058387,0010-10-19 09:05:00,10,10,19,9,5,690,384,"83, BOULEVARD DE LA CROI",,,Plein jour,En agglomération,Intersection en X,Normale,Trois véhicules et plus - collisions multiples,,,,,,,,,,,1,2,2,1.0,5.0
201000058388,0010-10-15 19:50:00,10,10,15,19,50,690,384,"face 126, BOULEVARD DE L",,,Crépuscule ou aube,En agglomération,Intersection en X,Normale,Deux véhicules - côté,,,,,,,,,,,2,2,2,1.0,3.0
201000058389,0010-10-18 16:30:00,10,10,18,16,30,690,384,"73, RUE DE CUIRE",,,Plein jour,En agglomération,Hors intersection,Normale,Autre collision,,,,,,,,,,,1,2,1,1.0,6.0
201000058390,0010-11-04 07:20:00,10,11,4,7,20,690,384,"32, COURS D HERBOUVILLE",,,Crépuscule ou aube,En agglomération,Hors intersection,Normale,Autre collision,,,,,,,,,,,2,2,1,1.0,6.0
201000058391,0010-11-11 18:00:00,10,11,11,18,0,690,384,QUAI JOSEPH GILLET,,,Nuit avec éclairage allumé,En agglomération,Intersection en X,Pluie légère,Deux véhicules - côté,,,,,,,,,,,5,2,2,2.0,3.0
201000058392,0010-11-20 11:15:00,10,11,20,11,15,690,384,"1-3, RUE HENON",,,Plein jour,En agglomération,Hors intersection,Normale,Deux véhicules - arrière,,,,,,,,,,,1,2,1,1.0,2.0
201000058393,0010-12-07 18:20:00,10,12,7,18,20,690,384,"51, RUE DELEUVRE",,,Nuit avec éclairage allumé,En agglomération,Hors intersection,Normale,Autre collision,,,,,,,,,,,5,2,1,1.0,6.0
201000058394,0010-12-08 20:20:00,10,12,8,20,20,690,384,"157, BOULEVARD DE LA CRO",,,Nuit avec éclairage allumé,En agglomération,Intersection en X,Normale,Deux véhicules - côté,,,,,,,,,,,5,2,2,1.0,3.0
201000058395,0010-12-09 17:40:00,10,12,9,17,40,690,384,"1, RUE DUMONT D URVILLE",,,Nuit avec éclairage allumé,En agglomération,Intersection en T,Normale,Autre collision,,,,,,,,,,,5,2,3,1.0,6.0
201000058396,0010-12-22 17:00:00,10,12,22,17,0,690,384,"3, RUE DU MAIL",45.7765,4.8331,Nuit avec éclairage allumé,En agglomération,Hors intersection,Normale,Autre collision,,,,,,,,,,,5,2,1,1.0,6.0
201000058397,0010-01-03 11:45:00,10,1,3,11,45,330,318,ROCADE A 630,,,Plein jour,Hors agglomération,Hors intersection,Pluie légère,Autre collision,,,,,,,,,,,1,1,1,2.0,6.0
201000058398,0010-01-03 14:00:00,10,1,3,14,0,330,65,ROUTE NATIONALE 230,,,Plein jour,Hors agglomération,Hors intersection,Pluie légère,Autre collision,,,,,,,,,,,1,1,1,2.0,6.0
201000058399,0010-01-03 23:25:00,10,1,3,23,25,330,249,ROUTE NATIONALE 230,,,Nuit avec éclairage allumé,Hors agglomération,Hors intersection,Pluie forte,Autre collision,,,,,,,,,,,5,1,1,3.0,6.0
201000058400,0010-01-08 19:25:00,10,1,8,19,25,330,167,ROUTE NATIONALE 230,,,Nuit avec éclairage allumé,Hors agglomération,Hors intersection,Normale,Deux véhicules - côté,,,,,,,,,,,5,1,1,1.0,3.0
201000058401,0010-01-09 09:50:00,10,1,9,9,50,330,65,ROUTE NATIONALE 230,,,Plein jour,Hors agglomération,Hors intersection,Normale,Deux véhicules - côté,,,,,,,,,,,1,1,1,1.0,3.0
201000058402,0010-01-10 16:45:00,10,1,10,16,45,330,281,ROCADE A 630,,,Plein jour,Hors agglomération,Hors intersection,Normale,Autre collision,,,,,,,,,,,1,1,1,1.0,6.0
201000058403,0010-01-15 08:35:00,10,1,15,8,35,330,63,ROCADE A 630,,,Crépuscule ou aube,Hors agglomération,Hors intersection,Brouillard / fumée,Trois véhicules et plus - en chaîne,,,,,,,,,,,2,1,1,5.0,4.0
201000058404,0010-01-19 15:50:00,10,1,19,15,50,330,143,AUTOROUTE A 10,,,Plein jour,Hors agglomération,Hors intersection,Normale,Deux véhicules - arrière,,,,,,,,,,,1,1,1,1.0,2.0
201000058405,0010-01-19 22:20:00,10,1,19,22,20,330,249,ROUTE NATIONALE 230,,,Nuit avec éclairage allumé,Hors agglomération,Hors intersection,Pluie légère,Autre collision,,,,,,,,,,,5,1,1,2.0,6.0
201000058406,0010-01-20 15:40:00,10,1,20,15,40,330,550,ROCADE A 630,,,Plein jour,Hors agglomération,Hors intersection,Pluie légère,Trois véhicules et plus - collisions multiples,,,,,,,,,,,1,1,1,2.0,5.0
201000058407,0010-01-25 20:08:00,10,1,25,20,8,330,75,ROCADE A 630,,,Nuit avec éclairage allumé,Hors agglomération,Hors intersection,Normale,Autre collision,,,,,,,,,,,5,1,1,1.0,6.0
201000058408,0010-01-26 05:20:00,10,1,26,5,20,330,167,ROUTE NATIONALE 230,,,Nuit avec éclairage allumé,Hors agglomération,Hors intersection,Normale,Autre collision,,,,,,,,,,,5,1,1,1.0,6.0
201000058409,0010-01-27 18:30:00,10,1,27,18,30,330,281,ROCADE A 630,,,Nuit avec éclairage allumé,Hors agglomération,Hors intersection,Normale,Trois véhicules et plus - en chaîne,,,,,,,,,,,5,1,1,1.0,4.0
201000058410,0010-01-31 21:56:00,10,1,31,21,56,330,143,AUTOROUTE A 10,,,Nuit avec éclairage allumé,Hors agglomération,Hors intersection,Normale,Deux véhicules - arrière,,,,,,,,,,,5,1,1,1.0,2.0
201000058411,0010-01-30 13:30:00,10,1,30,13,30,330,63,ROCADE A 630,,,Plein jour,Hors agglomération,Hors intersection,Normale,Autre collision,,,,,,,,,,,1,1,1,1.0,6.0
201000058412,0010-02-01 07:34:00,10,2,1,7,34,330,167,ROUTE NATIONALE 230,,,Nuit avec éclairage allumé,Hors agglomération,Hors intersection,Normale,Autre collision,,,,,,,,,,,5,1,1,1.0,6.0
201000058413,0010-02-03 06:35:00,10,2,3,6,35,330,63,ROCADE A 630,,,Crépuscule ou aube,Hors agglomération,Hors intersection,Normale,Autre collision,,,,,,,,,,,2,1,1,1.0,6.0
201000058414,0010-02-05 15:10:00,10,2,5,15,10,330,318,ROCADE A 630,,,Plein jour,Hors agglomération,Hors intersection,Pluie légère,Autre collision,,,,,,,,,,,1,1,1,2.0,6.0
201000058415,0010-02-06 08:15:00,10,2,6,8,15,330,318,ROCADE A 630,,,Plein jour,Hors agglomération,Hors intersection,Pluie légère,Autre collision,,,,,,,,,,,1,1,1,2.0,6.0
201000058416,0010-02-08 09:45:00,10,2,8,9,45,330,75,ROCADE A 630,,,Plein jour,Hors agglomération,Hors intersection,Normale,Trois véhicules et plus - en chaîne,,,,,,,,,,,1,1,1,1.0,4.0
201000058417,0010-02-09 08:00:00,10,2,9,8,0,330,192,ROCADE A 630,,,Plein jour,Hors agglomération,Hors intersection,Normale,Trois véhicules et plus - collisions multiples,,,,,,,,,,,1,1,1,1.0,5.0
201000058418,0010-02-14 21:15:00,10,2,14,21,15,330,122,AUTOROUTE A 63,,,Nuit avec éclairage allumé,Hors agglomération,Hors intersection,Normale,Deux véhicules - arrière,,,,,,,,,,,5,1,1,1.0,2.0
201000058419,0010-02-15 16:45:00,10,2,15,16,45,330,63,ROCADE A 630,,,Plein jour,Hors agglomération,Hors intersection,Temps couvert,Deux véhicules - arrière,,,,,,,,,,,1,1,1,8.0,2.0
201000058420,0010-02-16 08:55:00,10,2,16,8,55,330,63,ROCADE A 630,,,Plein jour,Hors agglomération,Hors intersection,Normale,Autre collision,,,,,,,,,,,1,1,1,1.0,6.0
201000058421,0010-02-17 13:00:00,10,2,17,13,0,330,318,AUTOROUTE A 63,,,Plein jour,Hors agglomération,Hors intersection,Pluie légère,Sans collision,,,,,,,,,,,1,1,1,2.0,7.0
201000058422,0010-02-17 17:15:00,10,2,17,17,15,330,192,ROCADE A 630,,,Plein jour,Hors agglomération,Hors intersection,Normale,Deux véhicules - arrière,,,,,,,,,,,1,1,1,1.0,2.0
201000058423,0010-02-18 06:10:00,10,2,18,6,10,330,39,ROCADE A 631,,,Crépuscule ou aube,Hors agglomération,Hors intersection,Pluie légère,Autre collision,,,,,,,,,,,2,1,1,2.0,6.0
201000058424,0010-02-18 12:25:00,10,2,18,12,25,330,318,ROCADE A 630,,,Plein jour,Hors agglomération,Hors intersection,Normale,Sans collision,,,,,,,,,,,1,1,1,1.0,7.0
201000058425,0010-02-19 17:25:00,10,2,19,17,25,330,249,AUTOROUTE A 10,,,Plein jour,Hors agglomération,Hors intersection,Normale,Trois véhicules et plus - collisions multiples,,,,,,,,,,,1,1,1,1.0,5.0
201000058426,0010-02-20 17:00:00,10,2,20,17,0,330,318,ROCADE A 630,,,Plein jour,Hors agglomération,Hors intersection,Temps couvert,Autre collision,,,,,,,,,,,1,1,1,8.0,6.0
201000058427,0010-02-23 09:00:00,10,2,23,9,0,330,281,ROCADE A 630,,,Plein jour,Hors agglomération,Hors intersection,Normale,Deux véhicules - arrière,,,,,,,,,,,1,1,1,1.0,2.0
201000058428,0010-02-24 23:00:00,10,2,24,23,0,330,318,ROCADE A 630,,,Nuit avec éclairage allumé,Hors agglomération,Hors intersection,Pluie légère,Sans collision,,,,,,,,,,,5,1,1,2.0,7.0
201000058429,0010-02-26 00:15:00,10,2,26,0,15,330,249,ROUTE NATIONALE 230,,,Nuit avec éclairage allumé,Hors agglomération,Hors intersection,Normale,Sans collision,,,,,,,,,,,5,1,1,1.0,7.0
201000058430,0010-03-01 15:20:00,10,3,1,15,20,330,167,ROUTE NATIONALE 230,,,Plein jour,Hors agglomération,Hors intersection,Normale,Deux véhicules - arrière,,,,,,,,,,,1,1,1,1.0,2.0
201000058431,0010-03-04 10:55:00,10,3,4,10,55,330,550,ROCADE A 630,,,Plein jour,Hors agglomération,Hors intersection,Normale,Deux véhicules - côté,,,,,,,,,,,1,1,1,1.0,3.0
201000058432,0010-03-08 09:00:00,10,3,8,9,0,330,249,ROUTE NATIONALE 230,,,Plein jour,Hors agglomération,Hors intersection,Normale,Autre collision,,,,,,,,,,,1,1,1,1.0,6.0
201000058433,0010-03-11 14:38:00,10,3,11,14,38,330,318,AUTOROUTE A 63,,,Plein jour,Hors agglomération,Hors intersection,Normale,Deux véhicules - côté,,,,,,,,,,,1,1,1,1.0,3.0
201000058434,0010-03-13 07:02:00,10,3,13,7,2,330,318,ROCADE A 630,,,Crépuscule ou aube,Hors agglomération,Hors intersection,Normale,Autre collision,,,,,,,,,,,2,1,1,1.0,6.0
201000058435,0010-03-13 18:30:00,10,3,13,18,30,330,75,ROCADE A 630,,,Plein jour,Hors agglomération,Hors intersection,Normale,Autre collision,,,,,,,,,,,1,1,1,1.0,6.0
201000058436,0010-03-15 06:15:00,10,3,15,6,15,330,249,ROCADE A 630,,,Nuit avec éclairage allumé,Hors agglomération,Hors intersection,Normale,Autre collision,,,,,,,,,,,5,1,1,1.0,6.0
201000058437,0010-03-15 17:15:00,10,3,15,17,15,330,63,ROCADE A 630,,,Plein jour,Hors agglomération,Hors intersection,Normale,Deux véhicules - arrière,,,,,,,,,,,1,1,1,1.0,2.0
201000058438,0010-03-17 12:10:00,10,3,17,12,10,330,143,AUTOROUTE A 10,,,Plein jour,Hors agglomération,Hors intersection,Normale,Deux véhicules - arrière,,,,,,,,,,,1,1,1,1.0,2.0
201000058439,0010-03-21 20:10:00,10,3,21,20,10,330,122,AUTOROUTE A 63,,,Crépuscule ou aube,Hors agglomération,Hors intersection,Normale,Autre collision,,,,,,,,,,,2,1,1,1.0,6.0
201000058440,0010-03-22 07:50:00,10,3,22,7,50,330,318,ROCADE A 630,,,Crépuscule ou aube,Hors agglomération,Hors intersection,Normale,Deux véhicules - côté,,,,,,,,,,,2,1,1,1.0,3.0
201000058441,0010-03-23 08:05:00,10,3,23,8,5,330,249,ROCADE A 630,,,Plein jour,Hors agglomération,Hors intersection,Normale,Autre collision,,,,,,,,,,,1,1,1,1.0,6.0
201000058442,0010-03-24 18:15:00,10,3,24,18,15,330,281,ROCADE A 630,,,Plein jour,Hors agglomération,Hors intersection,Pluie légère,Trois véhicules et plus - en chaîne,,,,,,,,,,,1,1,1,2.0,4.0