accident_id,datetime,annee,mois,jour,heure,minute,departement,commune_insee,adresse,latitude,longitude,luminosite,agglomeration,intersection,meteo,collision,nb_vehicules,nb_usagers,nb_indemnes,nb_tues,nb_blesses_hosp,nb_blesses_legers,age_cond_1,age_cond_2,veh_type_cond_1,veh_type_cond_2,lum_code,agg_code,int_code,atm_code,col_code
201000058574,0010-10-29 06:45:00,10,10,29,6,45,330,318,ROCADE A 630,,,Nuit avec éclairage allumé,Hors agglomération,Hors intersection,Normale,Autre collision,,,,,,,,,,,5,1,1,1.0,6.0
201000058575,0010-10-29 18:45:00,10,10,29,18,45,330,96,AUTOROUTE A 10,,,Crépuscule ou aube,Hors agglomération,Hors intersection,Normale,Deux véhicules - arrière,,,,,,,,,,,2,1,1,1.0,2.0
201000058576,0010-10-30 05:10:00,10,10,30,5,10,330,75,ROCADE A 630,,,Nuit avec éclairage allumé,Hors agglomération,Hors intersection,Pluie légère,Deux véhicules - arrière,,,,,,,,,,,5,1,1,2.0,2.0
201000058577,0010-10-31 08:30:00,10,10,31,8,30,330,192,ROCADE A 630,,,Plein jour,Hors agglomération,Hors intersection,Pluie légère,Autre collision,,,,,,,,,,,1,1,1,2.0,6.0
201000058578,0010-10-31 12:05:00,10,10,31,12,5,330,281,ROCADE A 630,,,Plein jour,Hors agglomération,Hors intersection,Pluie légère,Autre collision,,,,,,,,,,,1,1,1,2.0,6.0
201000058579,0010-10-31 22:15:00,10,10,31,22,15,330,318,ROCADE A 630,,,Nuit avec éclairage allumé,Hors agglomération,Hors intersection,Normale,Deux véhicules - arrière,,,,,,,,,,,5,1,1,1.0,2.0
201000058580,0010-11-02 07:50:00,10,11,2,7,50,330,96,AUTOROUTE A 10,,,Plein jour,Hors agglomération,Hors intersection,Normale,Deux véhicules - côté,,,,,,,,,,,1,1,1,1.0,3.0
201000058581,0010-11-03 09:00:00,10,11,3,9,0,330,75,ROCADE A 630,,,Plein jour,Hors agglomération,Hors intersection,Pluie légère,Autre collision,,,,,,,,,,,1,1,1,2.0,6.0
201000058582,0010-11-07 06:00:00,10,11,7,6,0,330,75,ROCADE A 630,,,Nuit sans éclairage public,Hors agglomération,Hors intersection,Pluie légère,Deux véhicules - arrière,,,,,,,,,,,3,1,1,2.0,2.0
201000058583,0010-11-08 08:20:00,10,11,8,8,20,330,281,ROCADE A 630,,,Plein jour,Hors agglomération,Hors intersection,Pluie légère,Trois véhicules et plus - collisions multiples,,,,,,,,,,,1,1,1,2.0,5.0
201000058584,0010-11-08 20:00:00,10,11,8,20,0,330,318,ROCADE A 630,,,Nuit avec éclairage allumé,Hors agglomération,Hors intersection,Normale,Deux véhicules - arrière,,,,,,,,,,,5,1,1,1.0,2.0
201000058585,0010-11-09 09:37:00,10,11,9,9,37,330,162,ROCADE A 630,,,Plein jour,Hors agglomération,Hors intersection,Pluie légère,Trois véhicules et plus - en chaîne,,,,,,,,,,,1,1,1,2.0,4.0
201000058586,0010-11-09 10:00:00,10,11,9,10,0,330,550,ROCADE A 630,,,Plein jour,Hors agglomération,Hors intersection,Pluie forte,Deux véhicules - arrière,,,,,,,,,,,1,1,1,3.0,2.0
201000058587,0010-11-14 23:05:00,10,11,14,23,5,330,318,ROCADE A 630,,,Nuit avec éclairage allumé,Hors agglomération,Hors intersection,Pluie légère,Deux véhicules - côté,,,,,,,,,,,5,1,1,2.0,3.0
201000058588,0010-11-16 07:50:00,10,11,16,7,50,330,39,ROCADE A 630,,,Crépuscule ou aube,Hors agglomération,Hors intersection,Normale,Deux véhicules - arrière,,,,,,,,,,,2,1,1,1.0,2.0
201000058589,0010-11-17 09:10:00,10,11,17,9,10,330,318,ROCADE A 630,,,Plein jour,Hors agglomération,Hors intersection,Pluie légère,Sans collision,,,,,,,,,,,1,1,1,2.0,7.0
201000058590,0010-11-17 14:35:00,10,11,17,14,35,330,318,ROCADE A 630,,,Plein jour,Hors agglomération,Hors intersection,Pluie forte,Autre collision,,,,,,,,,,,1,1,1,3.0,6.0
201000058591,0010-11-19 18:00:00,10,11,19,18,0,330,192,ROCADE A 630,,,Nuit avec éclairage allumé,Hors agglomération,Hors intersection,Normale,Trois véhicules et plus - en chaîne,,,,,,,,,,,5,1,1,1.0,4.0
201000058592,0010-11-22 08:45:00,10,11,22,8,45,330,39,ROCADE A 630,,,Plein jour,Hors agglomération,Hors intersection,Normale,Deux véhicules - côté,,,,,,,,,,,1,1,1,1.0,3.0
201000058593,0010-11-23 17:00:00,10,11,23,17,0,330,318,ROCADE A 630,,,Plein jour,Hors agglomération,Hors intersection,Normale,Trois véhicules et plus - collisions multiples,,,,,,,,,,,1,1,1,1.0,5.0
201000058594,0010-11-25 07:55:00,10,11,25,7,55,330,318,ROCADE A 630,,,Crépuscule ou aube,Hors agglomération,Hors intersection,Pluie légère,Autre collision,,,,,,,,,,,2,1,1,2.0,6.0
201000058595,0010-11-26 18:30:00,10,11,26,18,30,330,13,ROUTE NATIONALE 230,,,Nuit avec éclairage allumé,Hors agglomération,Hors intersection,Normale,Deux véhicules - arrière,,,,,,,,,,,5,1,1,1.0,2.0
201000058596,0010-11-27 15:30:00,10,11,27,15,30,330,318,ROCADE A 630,,,Plein jour,Hors agglomération,Hors intersection,Pluie légère,Autre collision,,,,,,,,,,,1,1,1,2.0,6.0
201000058597,0010-11-27 23:15:00,10,11,27,23,15,330,318,ROCADE A 630,,,Nuit sans éclairage public,Hors agglomération,Hors intersection,Normale,Sans collision,,,,,,,,,,,3,1,1,1.0,7.0
201000058598,0010-11-30 19:25:00,10,11,30,19,25,330,75,ROCADE A 630,,,Nuit avec éclairage allumé,Hors agglomération,Hors intersection,Normale,Autre collision,,,,,,,,,,,5,1,1,1.0,6.0
201000058599,0010-12-02 07:14:00,10,12,2,7,14,330,63,ROCADE A 631,,,Nuit avec éclairage allumé,Hors agglomération,Hors intersection,Neige / grêle,Autre collision,,,,,,,,,,,5,1,1,4.0,6.0
201000058600,0010-12-02 14:45:00,10,12,2,14,45,330,550,ROCADE A 630,,,Plein jour,Hors agglomération,Hors intersection,Normale,Sans collision,,,,,,,,,,,1,1,1,1.0,7.0
201000058601,0010-12-03 09:50:00,10,12,3,9,50,330,63,ROCADE A 630,,,Plein jour,Hors agglomération,Hors intersection,Normale,Deux véhicules - côté,,,,,,,,,,,1,1,1,1.0,3.0
201000058602,0010-12-07 19:20:00,10,12,7,19,20,330,192,ROCADE A 630,,,Nuit avec éclairage allumé,Hors agglomération,Hors intersection,Normale,Deux véhicules - arrière,,,,,,,,,,,5,1,1,1.0,2.0
201000058603,0010-12-10 04:50:00,10,12,10,4,50,330,119,ROUTE NATIONALE 230,,,Nuit avec éclairage allumé,Hors agglomération,Hors intersection,Normale,Trois véhicules et plus - collisions multiples,,,,,,,,,,,5,1,1,1.0,5.0
201000058604,0010-12-11 04:05:00,10,12,11,4,5,330,249,ROUTE NATIONALE 230,,,Nuit avec éclairage allumé,Hors agglomération,Hors intersection,Normale,Deux véhicules - arrière,,,,,,,,,,,5,1,1,1.0,2.0
201000058605,0010-12-13 18:53:00,10,12,13,18,53,330,318,ROCADE A 630,,,Nuit avec éclairage non allumé,Hors agglomération,Hors intersection,Normale,Trois véhicules et plus - en chaîne,,,,,,,,,,,4,1,1,1.0,4.0
201000058606,0010-12-14 07:30:00,10,12,14,7,30,330,162,ROCADE A 630,,,Crépuscule ou aube,Hors agglomération,Hors intersection,Normale,Autre collision,,,,,,,,,,,2,1,1,1.0,6.0
201000058607,0010-12-15 19:10:00,10,12,15,19,10,330,119,ROUTE NATIONALE 230,,,Nuit avec éclairage allumé,Hors agglomération,Hors intersection,Normale,Deux véhicules - arrière,,,,,,,,,,,5,1,1,1.0,2.0
201000058608,0010-12-17 05:30:00,10,12,17,5,30,330,487,AUTOROUTE A 10,,,Nuit avec éclairage non allumé,Hors agglomération,Hors intersection,Pluie légère,Sans collision,,,,,,,,,,,4,1,1,2.0,7.0
201000058609,0010-12-17 09:35:00,10,12,17,9,35,330,65,ROUTE NATIONALE 230,,,Plein jour,Hors agglomération,Hors intersection,Pluie légère,Trois véhicules et plus - en chaîne,,,,,,,,,,,1,1,1,2.0,4.0
201000058610,0010-12-19 20:05:00,10,12,19,20,5,330,96,AUTOROUTE A 10,,,Nuit avec éclairage allumé,Hors agglomération,Hors intersection,Normale,Sans collision,,,,,,,,,,,5,1,1,1.0,7.0
201000058611,0010-12-22 13:20:00,10,12,22,13,20,330,65,ROUTE NATIONALE 230,,,Plein jour,Hors agglomération,Hors intersection,Pluie légère,Sans collision,,,,,,,,,,,1,1,1,2.0,7.0
201000058612,0010-12-25 21:50:00,10,12,25,21,50,330,23,AUTOROUTE A 62,,,Nuit sans éclairage public,Hors agglomération,Hors intersection,Normale,Deux véhicules - arrière,,,,,,,,,,,3,1,1,1.0,2.0
201000058613,0010-12-26 01:20:00,10,12,26,1,20,330,162,ROCADE A 630,,,Nuit avec éclairage allumé,Hors agglomération,Hors intersection,Normale,Autre collision,,,,,,,,,,,5,1,1,1.0,6.0
201000058614,0010-12-31 17:05:00,10,12,31,17,5,330,162,ROCADE A 630,,,Plein jour,Hors agglomération,Hors intersection,Normale,Deux véhicules - côté,,,,,,,,,,,1,1,1,1.0,3.0
201000058615,0010-01-08 17:00:00,10,1,8,17,0,690,385,PLACE ABBE LARUE,,,Crépuscule ou aube,En agglomération,Intersection en T,Neige / grêle,Deux véhicules - côté,,,,,,,,,,,2,2,3,4.0,3.0
201000058616,0010-01-19 06:45:00,10,1,19,6,45,690,385,"57, QUAI PIERRE SCIZE",,,Crépuscule ou aube,En agglomération,Hors intersection,Normale,Sans collision,,,,,,,,,,,2,2,1,1.0,7.0
201000058617,0010-01-22 09:00:00,10,1,22,9,0,690,385,AV. DE LA PREMIÈRE DIVI,,,Plein jour,En agglomération,Hors intersection,Temps couvert,Deux véhicules - côté,,,,,,,,,,,1,2,1,8.0,3.0
201000058618,0010-02-01 07:25:00,10,2,1,7,25,690,385,"22, RUE DES FOSSES DE TR",,,Nuit avec éclairage allumé,En agglomération,Intersection en Y,Normale,Sans collision,,,,,,,,,,,5,2,4,1.0,7.0
201000058619,0010-02-14 04:25:00,10,2,14,4,25,690,385,CHEMIN DE CHOULANS,,,Nuit avec éclairage allumé,En agglomération,Hors intersection,Normale,Sans collision,,,,,,,,,,,5,2,1,1.0,7.0
201000058620,0010-02-24 14:40:00,10,2,24,14,40,690,385,"50, RUE DE LA FAVORITE",,,Plein jour,En agglomération,Hors intersection,Normale,Deux véhicules - côté,,,,,,,,,,,1,2,1,1.0,3.0
201000058621,0010-02-24 14:40:00,10,2,24,14,40,690,385,QUAI ROMAIN ROLLAND,,,Plein jour,En agglomération,Hors intersection,Pluie légère,Deux véhicules - arrière,,,,,,,,,,,1,2,1,2.0,2.0
201000058622,0010-03-05 08:50:00,10,3,5,8,50,690,385,"12, PONT ALPHONSE JUIN",,,Plein jour,En agglomération,Hors intersection,Temps éblouissant,Deux véhicules - arrière,,,,,,,,,,,1,2,1,7.0,2.0
201000058623,0010-03-06 15:35:00,10,3,6,15,35,690,385,"64, AV DU POINT DU JOUR",,,Plein jour,En agglomération,Hors intersection,Normale,Sans collision,,,,,,,,,,,1,2,1,1.0,7.0
201000058624,0010-03-17 12:15:00,10,3,17,12,15,690,385,"36, QUAI FULCHIRON",,,Plein jour,En agglomération,Hors intersection,Normale,Deux véhicules - côté,,,,,,,,,,,1,2,1,1.0,3.0
201000058625,0010-03-19 14:00:00,10,3,19,14,0,690,385,"3, RUE APPIAN",,,Plein jour,En agglomération,Hors intersection,Normale,Sans collision,,,,,,,,,,,1,2,1,1.0,7.0
201000058626,0010-03-21 21:00:00,10,3,21,21,0,690,385,"70, RUE JOLIOT CURIE",,,Nuit avec éclairage allumé,En agglomération,Intersection en X,Normale,Deux véhicules - côté,,,,,,,,,,,5,2,2,1.0,3.0
201000058627,0010-04-02 08:35:00,10,4,2,8,35,690,385,"16, RUE DES GRANGES",,,Plein jour,En agglomération,Hors intersection,Normale,Sans collision,,,,,,,,,,,1,2,1,1.0,7.0
201000058628,0010-04-07 10:00:00,10,4,7,10,0,690,385,"3, RUE SAINT JEAN",,,Plein jour,En agglomération,Hors intersection,Normale,Sans collision,,,,,,,,,,,1,2,1,1.0,7.0
201000058629,0010-04-02 09:00:00,10,4,2,9,0,690,385,"1, RUE SOEUR BOUVIER",,,Plein jour,En agglomération,Intersection en X,Normale,Deux véhicules - côté,,,,,,,,,,,1,2,2,1.0,3.0
201000058630,0010-04-03 07:20:00,10,4,3,7,20,690,385,"7BIS, RUE DU BAS DE LOYA",,,Plein jour,En agglomération,Hors intersection,Normale,Deux véhicules - frontale,,,,,,,,,,,1,2,1,1.0,1.0
201000058631,0010-04-23 10:30:00,10,4,23,10,30,690,385,"30, QUAI DE BONDY",,,Plein jour,En agglomération,Hors intersection,Normale,Sans collision,,,,,,,,,,,1,2,1,1.0,7.0
201000058632,0010-04-29 13:50:00,10,4,29,13,50,690,385,"4, QUAI ROMAIN ROLLAND",,,Plein jour,En agglomération,Hors intersection,Vent fort / tempête,Deux véhicules - frontale,,,,,,,,,,,1,2,1,6.0,1.0
201000058633,0010-05-04 23:00:00,10,5,4,23,0,690,385,"1, PONT KITCHENER MARCHA",,,Nuit avec éclairage allumé,En agglomération,Intersection à plus de 4 branches,Pluie forte,Trois véhicules et plus - collisions multiples,,,,,,,,,,,5,2,5,3.0,5.0
201000058634,0010-05-06 17:05:00,10,5,6,17,5,690,385,"24, AV DU POINT DU JOUR",,,Plein jour,En agglomération,Hors intersection,Normale,Sans collision,,,,,,,,,,,1,2,1,1.0,7.0
201000058635,0010-05-21 21:10:00,10,5,21,21,10,690,385,"8 BIS/TER, RUE DES AQUED",45.7569,4.79662,Crépuscule ou aube,En agglomération,Hors intersection,Normale,Deux véhicules - côté,,,,,,,,,,,2,2,1,1.0,3.0
201000058636,0010-06-04 21:55:00,10,6,4,21,55,690,385,MONTEE DU CHEMIN NEUF,,,Nuit avec éclairage allumé,En agglomération,Hors intersection,Normale,Autre collision,,,,,,,,,,,5,2,1,1.0,6.0
201000058637,0010-06-11 22:30:00,10,6,11,22,30,690,385,"16, QUAI FULCHIRON",,,Nuit avec éclairage allumé,En agglomération,Hors intersection,Pluie légère,Deux véhicules - côté,,,,,,,,,,,5,2,1,2.0,3.0
201000058638,0010-06-17 16:30:00,10,6,17,16,30,690,385,"2, PLACE DE TRION",,,Plein jour,En agglomération,Giratoire,Pluie légère,Sans collision,,,,,,,,,,,1,2,6,2.0,7.0
201000058639,0010-07-19 07:30:00,10,7,19,7,30,690,385,"153, AVENUE BARTHELEMY B",,,Plein jour,En agglomération,Intersection en X,Temps éblouissant,Sans collision,,,,,,,,,,,1,2,2,7.0,7.0
201000058640,0010-08-14 11:40:00,10,8,14,11,40,690,385,"44, RUE DOCTEUR ALBERIC",,,Plein jour,En agglomération,Intersection en X,Normale,Sans collision,,,,,,,,,,,1,2,2,1.0,7.0
201000058641,0010-08-24 11:20:00,10,8,24,11,20,690,385,"157, AVENUE BARTHELEMY B",,,Plein jour,En agglomération,Hors intersection,Normale,Deux véhicules - côté,,,,,,,,,,,1,2,1,1.0,3.0
201000058642,0010-09-14 17:25:00,10,9,14,17,25,690,385,"55, QUAI PIERRE SCIZE",,,Plein jour,En agglomération,Hors intersection,Normale,Sans collision,,,,,,,,,,,1,2,1,1.0,7.0
201000058643,0010-09-18 08:25:00,10,9,18,8,25,690,385,"1, CHEMIN DE CHOULANS",,,Plein jour,En agglomération,Intersection à plus de 4 branches,Normale,Deux véhicules - côté,,,,,,,,,,,1,2,5,1.0,3.0
201000058644,0010-09-24 15:10:00,10,9,24,15,10,690,385,"3, AVENUE DEBROUSSE",,,Plein jour,En agglomération,Hors intersection,Normale,Sans collision,,,,,,,,,,,1,2,1,1.0,7.0
201000058645,0010-09-30 15:30:00,10,9,30,15,30,690,385,"32, AVENUE DU POINT DU J",,,Plein jour,En agglomération,Hors intersection,Pluie légère,Autre collision,,,,,,,,,,,1,2,1,2.0,6.0
201000058646,0010-10-01 13:00:00,10,10,1,13,0,690,385,"153, AVENUE BARTHELEMY B",,,Plein jour,En agglomération,Hors intersection,Normale,Deux véhicules - côté,,,,,,,,,,,1,2,1,1.0,3.0
201000058647,0010-10-02 21:30:00,10,10,2,21,30,690,385,"37, RUE DES AQUEDUCS",,,Nuit avec éclairage allumé,En agglomération,Hors intersection,Normale,Deux véhicules - arrière,,,,,,,,,,,5,2,1,1.0,2.0
201000058648,0010-10-03 20:30:00,10,10,3,20,30,690,385,"14, RUE DES AQUEDUCS",,,Nuit avec éclairage allumé,En agglomération,Hors intersection,Normale,Autre collision,,,,,,,,,,,5,2,1,1.0,6.0
201000058649,0010-10-04 08:20:00,10,10,4,8,20,690,385,"129, AVENUE BARTHELEMY B",,,Plein jour,En agglomération,Hors intersection,Normale,Sans collision,,,,,,,,,,,1,2,1,1.0,7.0
201000058650,0010-10-12 06:45:00,10,10,12,6,45,690,385,"198, RUE COMMANDANT CHAR",,,Crépuscule ou aube,En agglomération,Intersection en Y,Normale,Deux véhicules - frontale,,,,,,,,,,,2,2,4,1.0,1.0
201000058651,0010-10-15 12:05:00,10,10,15,12,5,690,385,"44, RUE DE LA FAVORITE",,,Plein jour,En agglomération,Hors intersection,Normale,Autre collision,,,,,,,,,,,1,2,1,1.0,6.0
201000058652,0010-10-15 16:40:00,10,10,15,16,40,690,385,"63, AVENUE DU POINT DU J",,,Plein jour,En agglomération,Hors intersection,Normale,Sans collision,,,,,,,,,,,1,2,1,1.0,7.0
201000058653,0010-10-29 19:00:00,10,10,29,19,0,690,385,", RUE DES AQUEDUCS",,,Nuit avec éclairage allumé,En agglomération,Intersection en X,Normale,Autre collision,,,,,,,,,,,5,2,2,1.0,6.0
201000058654,0010-11-05 12:45:00,10,11,5,12,45,690,385,"127, QUAI FULCHIRON",,,Plein jour,En agglomération,Intersection en T,Normale,Sans collision,,,,,,,,,,,1,2,3,1.0,7.0
201000058655,0010-11-07 15:45:00,10,11,7,15,45,690,385,"50, RUE DE LA FAVORITE",,,Plein jour,En agglomération,Hors intersection,Normale,Deux véhicules - côté,,,,,,,,,,,1,2,1,1.0,3.0
201000058656,0010-11-06 18:45:00,10,11,6,18,45,690,385,"11, RUE DE CHAMPVERT",,,Nuit avec éclairage allumé,En agglomération,Hors intersection,Normale,Sans collision,,,,,,,,,,,5,2,1,1.0,7.0
201000058657,0010-11-17 12:15:00,10,11,17,12,15,690,385,"25, AVENUE DU POINT DU J",,,Plein jour,En agglomération,Hors intersection,Normale,Sans collision,,,,,,,,,,,1,2,1,1.0,7.0
201000058658,0010-11-17 19:30:00,10,11,17,19,30,690,385,"148, RUE JOLIOT CURIE",,,Nuit avec éclairage allumé,En agglomération,Intersection en X,Normale,Deux véhicules - côté,,,,,,,,,,,5,2,2,1.0,3.0
201000058659,0010-11-19 13:50:00,10,11,19,13,50,690,385,"44, RUE DE LA FAVORITE",,,Plein jour,En agglomération,Hors intersection,Normale,Autre collision,,,,,,,,,,,1,2,1,1.0,6.0
201000058660,0010-11-22 19:00:00,10,11,22,19,0,690,385,"39, RUE DE CHAMPVERT",,,Nuit avec éclairage allumé,En agglomération,Hors intersection,Pluie légère,Sans collision,,,,,,,,,,,5,2,1,2.0,7.0
201000058661,0010-11-24 12:10:00,10,11,24,12,10,690,385,"62, RUE DE LA FAVORITE",,,Plein jour,En agglomération,Hors intersection,Temps couvert,Sans collision,,,,,,,,,,,1,2,1,8.0,7.0
201000058662,0010-12-07 07:20:00,10,12,7,7,20,690,385,"15, QUAI FULCHIRON",,,Nuit avec éclairage allumé,En agglomération,Hors intersection,Normale,Sans collision,,,,,,,,,,,5,2,1,1.0,7.0
201000058663,0010-12-15 18:45:00,10,12,15,18,45,690,385,"20, RUE FRANCOIS GENIN",,,Nuit avec éclairage allumé,En agglomération,Intersection en X,Neige / grêle,Deux véhicules - frontale,,,,,,,,,,,5,2,2,4.0,1.0
201000058664,0010-02-04 19:30:00,10,2,4,19,30,670,447,PV,,,Nuit avec éclairage non allumé,Hors agglomération,Hors intersection,Normale,Trois véhicules et plus - collisions multiples,,,,,,,,,,,4,1,1,1.0,5.0
201000058665,0010-02-05 18:18:00,10,2,5,18,18,670,482,"PV, SENS STRASBG-COLMAR",,,Nuit sans éclairage public,Hors agglomération,Hors intersection,Pluie légère,Trois véhicules et plus - en chaîne,,,,,,,,,,,3,1,1,2.0,4.0
201000058666,0010-02-06 04:45:00,10,2,6,4,45,670,482,"PV, SENS COLMAR-STRASBG",,,Nuit sans éclairage public,Hors agglomération,Hors intersection,Normale,Autre collision,,,,,,,,,,,3,1,1,1.0,6.0
201000058667,0010-02-19 14:40:00,10,2,19,14,40,670,482,PV,48.5872,7.7138,Plein jour,Hors agglomération,Hors intersection,Pluie légère,Trois véhicules et plus - en chaîne,,,,,,,,,,,1,1,1,2.0,4.0
201000058668,0010-02-26 19:13:00,10,2,26,19,13,670,152,"PV,SENS COLMAR-STRASBG",,,Nuit avec éclairage non allumé,Hors agglomération,Hors intersection,Normale,Trois véhicules et plus - en chaîne,,,,,,,,,,,4,1,1,1.0,4.0
201000058669,0010-03-01 09:00:00,10,3,1,9,0,670,482,"PV, SENS COLMAR-STRASBG",,,Plein jour,Hors agglomération,Hors intersection,Normale,Trois véhicules et plus - en chaîne,,,,,,,,,,,1,1,1,1.0,4.0
201000058670,0010-03-02 09:05:00,10,3,2,9,5,670,482,SPV,,,Plein jour,Hors agglomération,Hors intersection,Pluie légère,Trois véhicules et plus - collisions multiples,,,,,,,,,,,1,1,1,2.0,5.0
201000058671,0010-03-04 13:19:00,10,3,4,13,19,670,447,"PV, SENS PARIS-STRASBG",,,Plein jour,Hors agglomération,Hors intersection,Normale,Trois véhicules et plus - collisions multiples,,,,,,,,,,,1,1,1,1.0,5.0
201000058672,0010-03-04 13:55:00,10,3,4,13,55,670,218,"PV, SENS COLMAR-STRASBG",,,Plein jour,Hors agglomération,Hors intersection,Normale,Autre collision,,,,,,,,,,,1,1,1,1.0,6.0
201000058673,0010-03-13 19:30:00,10,3,13,19,30,670,482,"PV, SENS COLMAR-STRASBG",,,Nuit sans éclairage public,Hors agglomération,Hors intersection,Normale,Deux véhicules - côté,,,,,,,,,,,3,1,1,1.0,3.0
201000058674,0010-03-19 22:40:00,10,3,19,22,40,670,152,"PV, SENS STRASBG-COLMAR",,,Nuit sans éclairage public,Hors agglomération,Hors intersection,Normale,Autre collision,,,,,,,,,,,3,1,1,1.0,6.0
201000058675,0010-04-06 11:20:00,10,4,6,11,20,670,152,"PV, RD 1083",,,Plein jour,Hors agglomération,Hors intersection,Normale,Autre collision,,,,,,,,,,,1,1,1,1.0,6.0
201000058676,0010-04-18 18:50:00,10,4,18,18,50,670,447,"PV,SENS PARIS-STRASBOURG",,,Plein jour,Hors agglomération,Hors intersection,Normale,Trois véhicules et plus - collisions multiples,,,,,,,,,,,1,1,1,1.0,5.0
201000058677,0010-04-21 13:50:00,10,4,21,13,50,670,482,"PV, SENS COLMAR-STRASBG",,,Plein jour,Hors agglomération,Hors intersection,Normale,Trois véhicules et plus - collisions multiples,,,,,,,,,,,1,1,1,1.0,5.0
201000058678,0010-04-21 15:05:00,10,4,21,15,5,670,447,"PV,SENS PARIS-STRASBOURG",,,Plein jour,Hors agglomération,Hors intersection,Normale,Trois véhicules et plus - en chaîne,,,,,,,,,,,1,1,1,1.0,4.0
201000058679,0010-04-27 15:00:00,10,4,27,15,0,670,43,"PV,SENS STRASBOURG-PARIS",,,Plein jour,Hors agglomération,Hors intersection,Normale,Autre collision,,,,,,,,,,,1,1,1,1.0,6.0
201000058680,0010-04-30 19:35:00,10,4,30,19,35,670,482,"PV, SENS SAVERNE-STRASBG",,,Plein jour,Hors agglomération,Hors intersection,Temps couvert,Trois véhicules et plus - en chaîne,,,,,,,,,,,1,1,1,8.0,4.0
201000058681,0010-05-21 20:25:00,10,5,21,20,25,670,482,"PV, N4 Contournement Sud",,,Plein jour,Hors agglomération,Hors intersection,Normale,Autre collision,,,,,,,,,,,1,1,1,1.0,6.0
201000058682,0010-05-26 07:30:00,10,5,26,7,30,670,365,"PV, SENS COLMAR-STRASBG",,,Plein jour,Hors agglomération,Hors intersection,Pluie forte,Trois véhicules et plus - collisions multiples,,,,,,,,,,,1,1,1,3.0,5.0
201000058683,0010-06-02 18:10:00,10,6,2,18,10,670,389,"PV,SENS PARIS-STRASBOURG",,,Plein jour,Hors agglomération,Hors intersection,Normale,Trois véhicules et plus - collisions multiples,,,,,,,,,,,1,1,1,1.0,5.0
201000058684,0010-06-11 17:10:00,10,6,11,17,10,670,471,"PV,CHAUSSEE PARIS-STRASB",,,Plein jour,Hors agglomération,Hors intersection,Normale,Trois véhicules et plus - en chaîne,,,,,,,,,,,1,1,1,1.0,4.0
201000058685,0010-06-19 09:25:00,10,6,19,9,25,670,482,"PV,SENS WACKEN-A35COLMAR",,,Plein jour,Hors agglomération,Hors intersection,Pluie légère,Autre collision,,,,,,,,,,,1,1,1,2.0,6.0
201000058686,0010-06-21 08:50:00,10,6,21,8,50,670,482,"PV, SENS STRASBG-COLMAR",,,Plein jour,Hors agglomération,Hors intersection,Normale,Trois véhicules et plus - en chaîne,,,,,,,,,,,1,1,1,1.0,4.0
201000058687,0010-07-08 17:20:00,10,7,8,17,20,670,482,"PV, SENS SAVERNE-PARIS",,,Plein jour,Hors agglomération,Hors intersection,Normale,Sans collision,,,,,,,,,,,1,1,1,1.0,7.0
201000058688,0010-07-09 07:15:00,10,7,9,7,15,670,482,"PV, SENS STRASBG-COLMAR",,,Plein jour,Hors agglomération,Hors intersection,Normale,Trois véhicules et plus - collisions multiples,,,,,,,,,,,1,1,1,1.0,5.0
201000058689,0010-07-21 14:15:00,10,7,21,14,15,670,447,"PV,SENS STRASBOURG-PARIS",,,Plein jour,Hors agglomération,Hors intersection,Normale,Deux véhicules - côté,,,,,,,,,,,1,1,1,1.0,3.0
201000058690,0010-07-22 20:05:00,10,7,22,20,5,670,152,"PV,BRET.LIAISON A35-RN83",,,Plein jour,Hors agglomération,Hors intersection,Temps couvert,Autre collision,,,,,,,,,,,1,1,1,8.0,6.0
201000058691,0010-07-28 19:20:00,10,7,28,19,20,670,218,"PV, SENS COLMAR-STRASBG",,,Plein jour,Hors agglomération,Hors intersection,Pluie légère,Autre collision,,,,,,,,,,,1,1,1,2.0,6.0
201000058692,0010-08-04 08:45:00,10,8,4,8,45,670,389,"PV,SENS PARIS-STRASBOURG",,,Plein jour,Hors agglomération,Hors intersection,Normale,Trois véhicules et plus - collisions multiples,,,,,,,,,,,1,1,1,1.0,5.0
201000058693,0010-08-05 07:05:00,10,8,5,7,5,670,389,"PV, SENS STRASBG-PARIS",,,Plein jour,Hors agglomération,Hors intersection,Normale,Trois véhicules et plus - collisions multiples,,,,,,,,,,,1,1,1,1.0,5.0
201000058694,0010-08-27 16:50:00,10,8,27,16,50,670,482,"PV, SENS COLMAR-STRASBG",,,Plein jour,Hors agglomération,Hors intersection,Pluie forte,Deux véhicules - arrière,,,,,,,,,,,1,1,1,3.0,2.0
201000058695,0010-08-31 19:20:00,10,8,31,19,20,670,218,"PV, SENS STRASBG-COLMAR",,,Plein jour,Hors agglomération,Hors intersection,Normale,Trois véhicules et plus - en chaîne,,,,,,,,,,,1,1,1,1.0,4.0
201000058696,0010-09-01 17:55:00,10,9,1,17,55,670,482,"PV, SENS SAVERNE-STRASBG",,,Plein jour,Hors agglomération,Hors intersection,Normale,Deux véhicules - arrière,,,,,,,,,,,1,1,1,1.0,2.0