accident_id,datetime,annee,mois,jour,heure,minute,departement,commune_insee,adresse,latitude,longitude,luminosite,agglomeration,intersection,meteo,collision,nb_vehicules,nb_usagers,nb_indemnes,nb_tues,nb_blesses_hosp,nb_blesses_legers,age_cond_1,age_cond_2,veh_type_cond_1,veh_type_cond_2,lum_code,agg_code,int_code,atm_code,col_code
201000058821,0010-07-19 18:10:00,10,7,19,18,10,690,387,"0, AVENUE DEBOURG",,,Plein jour,En agglomération,Intersection en X,Normale,Sans collision,,,,,,,,,,,1,2,2,1.0,7.0
201000058822,0010-07-19 19:30:00,10,7,19,19,30,690,387,"171, RUE MARCEL MERIEUX",,,Plein jour,En agglomération,Hors intersection,Normale,Deux véhicules - frontale,,,,,,,,,,,1,2,1,1.0,1.0
201000058823,0010-07-20 00:40:00,10,7,20,0,40,690,387,"0, RUE DE MARSEILLE",,,Nuit avec éclairage allumé,En agglomération,Intersection en X,Normale,Deux véhicules - côté,,,,,,,,,,,5,2,2,1.0,3.0
201000058824,0010-07-30 11:10:00,10,7,30,11,10,690,387,"0, AVENUE FELIX FAURE",,,Plein jour,En agglomération,Intersection en X,Normale,Deux véhicules - côté,,,,,,,,,,,1,2,2,1.0,3.0
201000058825,0010-07-18 00:15:00,10,7,18,0,15,690,387,"62, AVENUE LECLERC",,,Nuit avec éclairage allumé,En agglomération,Hors intersection,Normale,Deux véhicules - arrière,,,,,,,,,,,5,2,1,1.0,2.0
201000058826,0010-08-03 21:00:00,10,8,3,21,0,690,387,RUE JABOULAY,,,Plein jour,En agglomération,Intersection en X,Normale,Deux véhicules - côté,,,,,,,,,,,1,2,2,1.0,3.0
201000058827,0010-08-06 07:45:00,10,8,6,7,45,690,387,"0, BOULEVARD CHAMBAUD DE",,,Plein jour,En agglomération,Intersection en X,Normale,Deux véhicules - frontale,,,,,,,,,,,1,2,2,1.0,1.0
201000058828,0010-08-14 13:25:00,10,8,14,13,25,690,387,"0, RUE D ANVERS",,,Plein jour,En agglomération,Intersection en X,Normale,Deux véhicules - côté,,,,,,,,,,,1,2,2,1.0,3.0
201000058829,0010-08-25 14:15:00,10,8,25,14,15,690,387,"0, COURS GAMBETTA",,,Plein jour,En agglomération,Intersection en X,Normale,Sans collision,,,,,,,,,,,1,2,2,1.0,7.0
201000058830,0010-08-25 18:40:00,10,8,25,18,40,690,387,"0, AVENUE JEAN JAURES",,,Plein jour,En agglomération,Intersection en X,Normale,Deux véhicules - côté,,,,,,,,,,,1,2,2,1.0,3.0
201000058831,0010-09-01 21:35:00,10,9,1,21,35,690,387,"0, AVENUE JEAN JAURES",,,Nuit avec éclairage allumé,En agglomération,Intersection en X,Normale,Deux véhicules - côté,,,,,,,,,,,5,2,2,1.0,3.0
201000058832,0010-09-01 09:10:00,10,9,1,9,10,690,387,"28, RUE CROIX BARRET",,,Plein jour,En agglomération,Intersection en T,Normale,Deux véhicules - côté,,,,,,,,,,,1,2,3,1.0,3.0
201000058833,0010-09-04 18:00:00,10,9,4,18,0,690,387,"1, QUAI CLAUDE BERNARD",,,Plein jour,En agglomération,Hors intersection,Normale,Deux véhicules - côté,,,,,,,,,,,1,2,1,1.0,3.0
201000058834,0010-09-07 13:25:00,10,9,7,13,25,690,387,"0, RUE DE L UNIVERSITE",,,Plein jour,En agglomération,Intersection en X,Pluie forte,Deux véhicules - côté,,,,,,,,,,,1,2,2,3.0,3.0
201000058835,0010-09-09 15:30:00,10,9,9,15,30,690,387,"0, ROUTE DE VIENNE",,,Plein jour,En agglomération,Intersection en X,Normale,Sans collision,,,,,,,,,,,1,2,2,1.0,7.0
201000058836,0010-09-17 16:10:00,10,9,17,16,10,690,387,"0, AVENUE TONY GARNIER",,,Plein jour,En agglomération,Intersection en X,Normale,Deux véhicules - côté,,,,,,,,,,,1,2,2,1.0,3.0
201000058837,0010-09-17 00:15:00,10,9,17,0,15,690,387,"19, ALLEE PIERRE DE COUB",,,Nuit avec éclairage allumé,En agglomération,Hors intersection,Pluie légère,Deux véhicules - frontale,,,,,,,,,,,5,2,1,2.0,1.0
201000058838,0010-09-19 22:40:00,10,9,19,22,40,690,387,"120, BOULEVARD YVES FARG",,,Nuit avec éclairage allumé,En agglomération,Hors intersection,Normale,Autre collision,,,,,,,,,,,5,2,1,1.0,6.0
201000058839,0010-09-16 09:45:00,10,9,16,9,45,690,387,"0, AVENUE LECLERC",,,Plein jour,En agglomération,Intersection en X,Normale,Deux véhicules - côté,,,,,,,,,,,1,2,2,1.0,3.0
201000058840,0010-09-24 12:50:00,10,9,24,12,50,690,387,"0, BOULEVARD DES TCHECOS",,,Plein jour,En agglomération,Intersection en X,Pluie forte,Sans collision,,,,,,,,,,,1,2,2,3.0,7.0
201000058841,0010-09-22 22:00:00,10,9,22,22,0,690,387,"0, QUAI CLAUDE BERNARD",,,Nuit avec éclairage allumé,En agglomération,Intersection en X,Normale,Deux véhicules - côté,,,,,,,,,,,5,2,2,1.0,3.0
201000058842,0010-09-24 22:10:00,10,9,24,22,10,690,387,"12, AVENUE BERTHELOT",,,Nuit avec éclairage allumé,En agglomération,Hors intersection,Pluie légère,Deux véhicules - côté,,,,,,,,,,,5,2,1,2.0,3.0
201000058843,0010-09-22 13:00:00,10,9,22,13,0,690,387,AVENUE DEBOURG,,,Plein jour,En agglomération,Intersection en X,Normale,Deux véhicules - côté,,,,,,,,,,,1,2,2,1.0,3.0
201000058844,0010-09-22 21:50:00,10,9,22,21,50,690,387,"120, BOULEVARD YVES FARG",,,Nuit avec éclairage allumé,En agglomération,Hors intersection,Normale,Deux véhicules - frontale,,,,,,,,,,,5,2,1,1.0,1.0
201000058845,0010-10-02 15:10:00,10,10,2,15,10,690,387,"0, RUE TOURVILLE",,,Plein jour,En agglomération,Intersection en T,Normale,Deux véhicules - côté,,,,,,,,,,,1,2,3,1.0,3.0
201000058846,0010-10-05 19:00:00,10,10,5,19,0,690,387,"15, RUE BATONNIER JACQUI",,,Crépuscule ou aube,En agglomération,Hors intersection,Normale,Autre collision,,,,,,,,,,,2,2,1,1.0,6.0
201000058847,0010-10-08 16:25:00,10,10,8,16,25,690,387,"0, RUE RAOUL SERVANT",,,Plein jour,En agglomération,Intersection en X,Normale,Deux véhicules - côté,,,,,,,,,,,1,2,2,1.0,3.0
201000058848,0010-10-12 19:40:00,10,10,12,19,40,690,387,"19, AVENUE FELIX FAURE",,,Nuit avec éclairage allumé,En agglomération,Intersection en X,Normale,Autre collision,,,,,,,,,,,5,2,2,1.0,6.0
201000058849,0010-09-22 14:35:00,10,9,22,14,35,690,387,"101, AVENUE BERTHELOT",,,Plein jour,En agglomération,Hors intersection,Normale,Deux véhicules - arrière,,,,,,,,,,,1,2,1,1.0,2.0
201000058850,0010-10-10 07:25:00,10,10,10,7,25,690,387,"01, BOULEVARD CHAMBAUD D",,,Nuit avec éclairage allumé,En agglomération,Hors intersection,Normale,Sans collision,,,,,,,,,,,5,2,1,1.0,7.0
201000058851,0010-10-12 09:25:00,10,10,12,9,25,690,387,"10, GRANDE RUE DE LA GUI",,,Plein jour,En agglomération,Hors intersection,Normale,Autre collision,,,,,,,,,,,1,2,1,1.0,6.0
201000058852,0010-10-17 13:00:00,10,10,17,13,0,690,387,RUE D ANVERS,,,Plein jour,En agglomération,Intersection en X,Temps couvert,Deux véhicules - côté,,,,,,,,,,,1,2,2,8.0,3.0
201000058853,0010-10-18 16:30:00,10,10,18,16,30,690,387,AVENUE JEAN JAURES,,,Plein jour,En agglomération,Hors intersection,Normale,Autre collision,,,,,,,,,,,1,2,1,1.0,6.0
201000058854,0010-10-25 08:20:00,10,10,25,8,20,690,387,"78, RUE MONTESQUIEU",,,Plein jour,En agglomération,Intersection en X,Normale,Deux véhicules - côté,,,,,,,,,,,1,2,2,1.0,3.0
201000058855,0010-10-18 08:50:00,10,10,18,8,50,690,383,"93, COURS GAMBETTA",,,Plein jour,En agglomération,Hors intersection,Normale,Autre collision,,,,,,,,,,,1,2,1,1.0,6.0
201000058856,0010-10-24 12:20:00,10,10,24,12,20,690,387,RUE DE MARSEILLE,,,Plein jour,En agglomération,Intersection en X,Normale,Deux véhicules - côté,,,,,,,,,,,1,2,2,1.0,3.0
201000058857,0010-10-27 17:50:00,10,10,27,17,50,690,387,"204, RUE DE GERLAND",,,Crépuscule ou aube,En agglomération,Hors intersection,Normale,Deux véhicules - côté,,,,,,,,,,,2,2,1,1.0,3.0
201000058858,0010-11-01 19:30:00,10,11,1,19,30,690,387,"0, AVENUE TONY GARNIER",,,Nuit avec éclairage allumé,En agglomération,Hors intersection,Normale,Autre collision,,,,,,,,,,,5,2,1,1.0,6.0
201000058859,0010-11-05 21:00:00,10,11,5,21,0,690,387,"21, BOULEVARD YVES FARGE",45.7434,4.83427,Nuit avec éclairage allumé,En agglomération,Intersection en X,Normale,Deux véhicules - frontale,,,,,,,,,,,5,2,2,1.0,1.0
201000058860,0010-11-11 19:45:00,10,11,11,19,45,690,387,"6, RUE CAVENNE",45.7535,4.83924,Nuit avec éclairage allumé,En agglomération,Intersection en X,Pluie légère,Autre collision,,,,,,,,,,,5,2,2,2.0,6.0
201000058861,0010-11-17 09:35:00,10,11,17,9,35,690,387,"0, RUE DE LA THIBAUDIERE",,,Plein jour,En agglomération,Intersection en X,Normale,Deux véhicules - côté,,,,,,,,,,,1,2,2,1.0,3.0
201000058862,0010-11-18 15:00:00,10,11,18,15,0,690,387,"19, RUE CLEMENT MAROT",45.7367,4.83469,Plein jour,En agglomération,Hors intersection,Normale,Sans collision,,,,,,,,,,,1,2,1,1.0,7.0
201000058863,0010-11-22 17:30:00,10,11,22,17,30,690,387,QUAI CLAUDE BERNARD,,,Nuit avec éclairage allumé,En agglomération,Intersection en X,Pluie légère,Deux véhicules - côté,,,,,,,,,,,5,2,2,2.0,3.0
201000058864,0010-11-23 07:50:00,10,11,23,7,50,690,387,"0, RUE BANCEL",,,Plein jour,En agglomération,Intersection en Y,Pluie légère,Deux véhicules - arrière,,,,,,,,,,,1,2,4,2.0,2.0
201000058865,0010-12-07 10:50:00,10,12,7,10,50,690,387,"4BIS, RUE DE L UNIVERSIT",,,Plein jour,En agglomération,Intersection en X,Temps couvert,Deux véhicules - côté,,,,,,,,,,,1,2,2,8.0,3.0
201000058866,0010-11-29 08:40:00,10,11,29,8,40,690,387,"178, RUE DE GERLAND",45.729,4.83775,Plein jour,En agglomération,Hors intersection,Normale,Autre collision,,,,,,,,,,,1,2,1,1.0,6.0
201000058867,0010-09-30 18:00:00,10,9,30,18,0,690,387,"68, RUE CHALLEMEL LACOUR",,,Plein jour,En agglomération,Hors intersection,Pluie légère,Deux véhicules - arrière,,,,,,,,,,,1,2,1,2.0,2.0
201000058868,0010-11-25 18:10:00,10,11,25,18,10,690,387,"150, AVENUE BERTHELOT",45.7424,4.8507,Nuit avec éclairage allumé,En agglomération,Intersection en Y,Pluie forte,Trois véhicules et plus - collisions multiples,,,,,,,,,,,5,2,4,3.0,5.0
201000058869,0010-12-13 17:40:00,10,12,13,17,40,690,387,"19, AVENUE TONY GARNIER",,,Nuit avec éclairage allumé,En agglomération,Hors intersection,Normale,Autre collision,,,,,,,,,,,5,2,1,1.0,6.0
201000058870,0010-12-14 20:10:00,10,12,14,20,10,690,387,"174, AVENUE JEAN JAURES",,,Nuit avec éclairage allumé,En agglomération,Hors intersection,Normale,Sans collision,,,,,,,,,,,5,2,1,1.0,7.0
201000058871,0010-12-14 14:15:00,10,12,14,14,15,690,387,"88, RUE SEBASTIEN GRYPHE",,,Plein jour,En agglomération,Hors intersection,Normale,Autre collision,,,,,,,,,,,1,2,1,1.0,6.0
201000058872,0010-12-08 19:40:00,10,12,8,19,40,690,387,"32, AVENUE BERTHELOT",,,Nuit avec éclairage allumé,En agglomération,Hors intersection,Normale,Deux véhicules - côté,,,,,,,,,,,5,2,1,1.0,3.0
201000058873,0010-12-21 01:35:00,10,12,21,1,35,690,387,"23, BOULEVARD CHAMBAUD D",,,Nuit avec éclairage allumé,En agglomération,Hors intersection,Normale,Autre collision,,,,,,,,,,,5,2,1,1.0,6.0
201000058874,0010-12-22 13:00:00,10,12,22,13,0,690,387,RUE SAINT MICHEL,,,Plein jour,En agglomération,Intersection en X,Normale,Deux véhicules - côté,,,,,,,,,,,1,2,2,1.0,3.0
201000058875,0010-12-22 15:20:00,10,12,22,15,20,690,387,"5, AVENUE JEAN JAURES",,,Plein jour,En agglomération,Hors intersection,Normale,Autre collision,,,,,,,,,,,1,2,1,1.0,6.0
201000058876,0010-12-23 14:40:00,10,12,23,14,40,690,387,"198, GRANDE RUE DE LA GU",,,Plein jour,En agglomération,Hors intersection,Pluie légère,Trois véhicules et plus - en chaîne,,,,,,,,,,,1,2,1,2.0,4.0
201000058877,0010-12-24 22:20:00,10,12,24,22,20,690,387,"203, AVENUE JEAN JAURES",,,Nuit avec éclairage allumé,En agglomération,Hors intersection,Neige / grêle,Autre collision,,,,,,,,,,,5,2,1,4.0,6.0
201000058878,0010-12-30 14:45:00,10,12,30,14,45,690,387,"14, PLACE JEAN MACE",,,Plein jour,En agglomération,Hors intersection,Normale,Autre collision,,,,,,,,,,,1,2,1,1.0,6.0
201000058879,0010-12-08 08:10:00,10,12,8,8,10,690,387,"17, RUE DE LA MADELEINE",,,Plein jour,En agglomération,Hors intersection,Normale,Autre collision,,,,,,,,,,,1,2,1,1.0,6.0
201000058880,0010-12-10 15:20:00,10,12,10,15,20,690,387,", AVENUE DEBOURG",,,Plein jour,En agglomération,Hors intersection,Normale,Deux véhicules - côté,,,,,,,,,,,1,2,1,1.0,3.0
201000058881,0010-01-02 11:00:00,10,1,2,11,0,690,388,"167, RUE PROF BEAUVISAGE",,,Plein jour,En agglomération,Hors intersection,Normale,Autre collision,,,,,,,,,,,1,2,1,1.0,6.0
201000058882,0010-01-02 15:40:00,10,1,2,15,40,690,388,"192, BOULEVARD PINEL",,,Plein jour,En agglomération,Hors intersection,Normale,Deux véhicules - côté,,,,,,,,,,,1,2,1,1.0,3.0
201000058883,0010-01-06 11:45:00,10,1,6,11,45,690,388,"115, AV DES FRÈRES LUMIÈ",,,Plein jour,En agglomération,Hors intersection,Pluie légère,Autre collision,,,,,,,,,,,1,2,1,2.0,6.0
201000058884,0010-01-06 12:00:00,10,1,6,12,0,690,388,"60, AVENUE DE PRESSENSE",,,Plein jour,En agglomération,Hors intersection,Normale,Autre collision,,,,,,,,,,,1,2,1,1.0,6.0
201000058885,0010-01-06 13:30:00,10,1,6,13,30,690,388,BOULEVARD JEAN XXIII,,,Plein jour,En agglomération,Intersection en X,Temps couvert,Autre collision,,,,,,,,,,,1,2,2,8.0,6.0
201000058886,0010-02-04 08:50:00,10,2,4,8,50,690,388,RUE SAINT MAURICE,,,Plein jour,En agglomération,Intersection en X,Normale,Autre collision,,,,,,,,,,,1,2,2,1.0,6.0
201000058887,0010-01-24 01:45:00,10,1,24,1,45,690,388,RUE MARIUS BERLIET,,,Nuit avec éclairage non allumé,En agglomération,Intersection en X,Normale,Autre collision,,,,,,,,,,,4,2,2,1.0,6.0
201000058888,0010-01-24 17:04:00,10,1,24,17,4,690,388,BOULEVARD DES ETATS UNIS,,,Plein jour,En agglomération,Hors intersection,Pluie légère,Deux véhicules - côté,,,,,,,,,,,1,2,1,2.0,3.0
201000058889,0010-01-25 08:35:00,10,1,25,8,35,690,388,AV DES FRERES LUMIERE,,,Plein jour,En agglomération,Hors intersection,Normale,Autre collision,,,,,,,,,,,1,2,1,1.0,6.0
201000058890,0010-02-05 15:40:00,10,2,5,15,40,690,388,RUE BATAILLE,,,Plein jour,En agglomération,Intersection en X,Pluie légère,Autre collision,,,,,,,,,,,1,2,2,2.0,6.0
201000058891,0010-02-09 20:30:00,10,2,9,20,30,690,388,"225, AVENUE JEAN MERMOZ",,,Nuit avec éclairage allumé,En agglomération,Hors intersection,Pluie légère,Trois véhicules et plus - en chaîne,,,,,,,,,,,5,2,1,2.0,4.0
201000058892,0010-02-07 20:40:00,10,2,7,20,40,690,388,"0, RUE STEPHANE COIGNET",,,Nuit avec éclairage allumé,En agglomération,Intersection en T,Normale,Deux véhicules - côté,,,,,,,,,,,5,2,3,1.0,3.0
201000058893,0010-01-28 11:00:00,10,1,28,11,0,690,388,"99, ROUTE DE VIENNE",,,Plein jour,En agglomération,Hors intersection,Pluie légère,Autre collision,,,,,,,,,,,1,2,1,2.0,6.0
201000058894,0010-02-11 13:15:00,10,2,11,13,15,690,388,"156, ROUTE DE VIENNE",,,Plein jour,En agglomération,Hors intersection,Neige / grêle,Deux véhicules - arrière,,,,,,,,,,,1,2,1,4.0,2.0
201000058895,0010-02-01 12:10:00,10,2,1,12,10,690,388,"0, RUE PROFESSEUR MORAT",,,Plein jour,En agglomération,Intersection en X,Normale,Autre collision,,,,,,,,,,,1,2,2,1.0,6.0
201000058896,0010-02-11 08:40:00,10,2,11,8,40,690,388,"142, AV DES FRERES LUMIE",,,Plein jour,En agglomération,Hors intersection,Vent fort / tempête,Autre collision,,,,,,,,,,,1,2,1,6.0,6.0
201000058897,0010-02-13 20:20:00,10,2,13,20,20,690,388,"0, COURS ALBERT THOMAS",,,Nuit avec éclairage allumé,En agglomération,Intersection en X,Autre,Deux véhicules - côté,,,,,,,,,,,5,2,2,9.0,3.0
201000058898,0010-02-14 10:20:00,10,2,14,10,20,690,388,"0, RUE VILLON",,,Plein jour,En agglomération,Intersection en X,Normale,Deux véhicules - côté,,,,,,,,,,,1,2,2,1.0,3.0
201000058899,0010-02-19 19:25:00,10,2,19,19,25,690,388,BOULEVARD JEAN XXIII,,,Nuit avec éclairage non allumé,En agglomération,Hors intersection,Temps couvert,Deux véhicules - arrière,,,,,,,,,,,4,2,1,8.0,2.0
201000058900,0010-02-25 14:30:00,10,2,25,14,30,690,388,RUE LAENNEC,,,Plein jour,En agglomération,Hors intersection,Normale,Autre collision,,,,,,,,,,,1,2,1,1.0,6.0
201000058901,0010-02-25 20:45:00,10,2,25,20,45,690,388,RUE JEAN SARRAZIN,,,Nuit avec éclairage non allumé,En agglomération,Intersection en X,Normale,Deux véhicules - côté,,,,,,,,,,,4,2,2,1.0,3.0
201000058902,0010-03-03 20:00:00,10,3,3,20,0,690,388,"0, RUE JEAN SARRAZIN",,,Nuit avec éclairage allumé,En agglomération,Intersection en X,Pluie légère,,,,,,,,,,,,5,2,2,2.0,
201000058903,0010-02-17 13:10:00,10,2,17,13,10,690,388,"0, RUE JEAN SARRAZIN",,,Plein jour,En agglomération,Intersection en X,Normale,Autre collision,,,,,,,,,,,1,2,2,1.0,6.0
201000058904,0010-03-07 07:00:00,10,3,7,7,0,690,388,"0, RUE CHALLEMEL LACOUR",,,Plein jour,En agglomération,Hors intersection,Normale,Autre collision,,,,,,,,,,,1,2,1,1.0,6.0
201000058905,0010-02-04 16:30:00,10,2,4,16,30,690,388,"0, RUE THOMAS BLANCHET",,,Plein jour,En agglomération,Intersection en X,Normale,Autre collision,,,,,,,,,,,1,2,2,1.0,6.0
201000058906,0010-03-02 16:20:00,10,3,2,16,20,690,388,"34, RUE PROF JOSEPH NICO",,,Plein jour,En agglomération,Intersection en T,Normale,Deux véhicules - côté,,,,,,,,,,,1,2,3,1.0,3.0
201000058907,0010-03-08 06:40:00,10,3,8,6,40,690,388,"15, RUE VILLON",,,Crépuscule ou aube,En agglomération,Hors intersection,Normale,Autre collision,,,,,,,,,,,2,2,1,1.0,6.0
201000058908,0010-03-10 11:20:00,10,3,10,11,20,690,388,BOULEVARD DES ETATS UNIS,,,Plein jour,En agglomération,Intersection en X,Normale,Deux véhicules - côté,,,,,,,,,,,1,2,2,1.0,3.0
201000058909,0010-03-12 18:15:00,10,3,12,18,15,690,388,"170, BD DES ETATS UNIS",,,Plein jour,En agglomération,Hors intersection,Normale,Autre collision,,,,,,,,,,,1,2,1,1.0,6.0
201000058910,0010-03-16 18:50:00,10,3,16,18,50,690,388,"0, AVENUE BERTHELOT",,,Crépuscule ou aube,En agglomération,Hors intersection,Normale,Autre collision,,,,,,,,,,,2,2,1,1.0,6.0
201000058911,0010-03-16 23:10:00,10,3,16,23,10,690,388,AVENUE JEAN MERMOZ,,,Nuit avec éclairage allumé,En agglomération,Intersection en X,Normale,Deux véhicules - côté,,,,,,,,,,,5,2,2,1.0,3.0
201000058912,0010-03-18 16:50:00,10,3,18,16,50,690,388,RUE VILLON,,,Plein jour,En agglomération,Intersection en X,Normale,Deux véhicules - côté,,,,,,,,,,,1,2,2,1.0,3.0
201000058913,0010-03-23 21:17:00,10,3,23,21,17,690,388,RUE SAINT MATHIEU,,,Nuit avec éclairage allumé,En agglomération,Intersection en T,Normale,Deux véhicules - côté,,,,,,,,,,,5,2,3,1.0,3.0
201000058914,0010-03-25 20:40:00,10,3,25,20,40,690,388,"180, AV GENERAL FRERE",,,Nuit avec éclairage non allumé,En agglomération,Hors intersection,Normale,Autre collision,,,,,,,,,,,4,2,1,1.0,6.0
201000058915,0010-04-15 15:10:00,10,4,15,15,10,690,388,"0, BD DES ETATS UNIS",,,Plein jour,En agglomération,Hors intersection,Normale,Deux véhicules - arrière,,,,,,,,,,,1,2,1,1.0,2.0
201000058916,0010-03-25 14:46:00,10,3,25,14,46,690,388,"138, AV DES FRERES LUMIE",,,Plein jour,En agglomération,Hors intersection,Normale,Autre collision,,,,,,,,,,,1,2,1,1.0,6.0
201000058917,0010-01-26 14:40:00,10,1,26,14,40,690,388,"1, RUE DU BOCAGE",,,Plein jour,En agglomération,Hors intersection,Normale,Autre collision,,,,,,,,,,,1,2,1,1.0,6.0
201000058918,0010-03-26 15:45:00,10,3,26,15,45,690,388,"86, AVENUE JEAN MERMOZ",,,Plein jour,En agglomération,Hors intersection,Normale,Trois véhicules et plus - en chaîne,,,,,,,,,,,1,2,1,1.0,4.0
201000058919,0010-03-26 20:05:00,10,3,26,20,5,690,388,"0, ROUTE DE VIENNE",,,Nuit avec éclairage allumé,En agglomération,Hors intersection,Pluie légère,Deux véhicules - arrière,,,,,,,,,,,5,2,1,2.0,2.0
201000058920,0010-03-29 09:05:00,10,3,29,9,5,690,388,"0, RUE PAUL CAZENEUVE",,,Plein jour,En agglomération,Intersection en X,Normale,Deux véhicules - côté,,,,,,,,,,,1,2,2,1.0,3.0
201000058921,0010-03-12 08:05:00,10,3,12,8,5,690,388,BOULEVARD DES ETATS UNIS,,,Plein jour,En agglomération,Hors intersection,Normale,Sans collision,,,,,,,,,,,1,2,1,1.0,7.0
201000058922,0010-04-01 09:00:00,10,4,1,9,0,690,388,"110, RUE PROFESSEUR BEAU",,,Plein jour,En agglomération,Hors intersection,Normale,Autre collision,,,,,,,,,,,1,2,1,1.0,6.0
201000058923,0010-04-03 18:20:00,10,4,3,18,20,690,388,"288, ROUTE DE VIENNE",,,Plein jour,En agglomération,Hors intersection,Normale,Autre collision,,,,,,,,,,,1,2,1,1.0,6.0
201000058924,0010-03-16 15:25:00,10,3,16,15,25,690,388,AVENUE DE PRESSENSE,,,Plein jour,En agglomération,Intersection en T,Normale,Deux véhicules - côté,,,,,,,,,,,1,2,3,1.0,3.0
201000058925,0010-04-15 12:40:00,10,4,15,12,40,690,388,"73, BOULEVARD DES ETATS",,,Plein jour,En agglomération,Hors intersection,Normale,Autre collision,,,,,,,,,,,1,2,1,1.0,6.0
201000058926,0010-04-15 20:10:00,10,4,15,20,10,690,388,COURS ALBERT THOMAS,,,Nuit avec éclairage allumé,En agglomération,Intersection en X,Normale,Deux véhicules - côté,,,,,,,,,,,5,2,2,1.0,3.0
201000058927,0010-04-17 09:15:00,10,4,17,9,15,690,388,"140, AVENUE PAUL SANTY",,,Plein jour,En agglomération,Hors intersection,Normale,Autre collision,,,,,,,,,,,1,2,1,1.0,6.0
201000058928,0010-04-16 09:10:00,10,4,16,9,10,690,388,"0, BOULEVARD PINEL",,,Plein jour,En agglomération,Intersection à plus de 4 branches,Normale,Deux véhicules - côté,,,,,,,,,,,1,2,5,1.0,3.0
201000058929,0010-04-21 15:50:00,10,4,21,15,50,690,388,"0, RUE VARICHON",,,Plein jour,En agglomération,Intersection en X,Normale,Deux véhicules - côté,,,,,,,,,,,1,2,2,1.0,3.0
201000058930,0010-04-28 07:35:00,10,4,28,7,35,690,388,"0, BOULEVARD AMBROISE PA",,,Crépuscule ou aube,En agglomération,Intersection en Y,Normale,Autre collision,,,,,,,,,,,2,2,4,1.0,6.0
201000058931,0010-04-25 01:00:00,10,4,25,1,0,690,388,"103, ROUTE DE VIENNE",,,Nuit avec éclairage allumé,En agglomération,Hors intersection,Normale,Autre collision,,,,,,,,,,,5,2,1,1.0,6.0
201000058932,0010-04-27 14:00:00,10,4,27,14,0,690,388,"0, AV DES FRERES LUMIERE",,,Plein jour,En agglomération,Place,Normale,Autre collision,,,,,,,,,,,1,2,7,1.0,6.0
201000058933,0010-05-06 16:45:00,10,5,6,16,45,690,388,"83, RUE MARIUS BERLIET",,,Plein jour,En agglomération,Hors intersection,Normale,Autre collision,,,,,,,,,,,1,2,1,1.0,6.0
201000058934,0010-05-18 18:35:00,10,5,18,18,35,690,388,AVENUE DES FRERES LUMIER,,,Plein jour,En agglomération,Intersection en X,Normale,Deux véhicules - arrière,,,,,,,,,,,1,2,2,1.0,2.0
201000058935,0010-05-19 06:45:00,10,5,19,6,45,690,388,AVENUE DES FRERES LUMIER,,,Plein jour,En agglomération,Hors intersection,Normale,Autre collision,,,,,,,,,,,1,2,1,1.0,6.0
201000058936,0010-05-20 22:00:00,10,5,20,22,0,690,388,RUE DE SURVILLE,,,Nuit avec éclairage allumé,En agglomération,Hors intersection,Normale,Autre collision,,,,,,,,,,,5,2,1,1.0,6.0
201000058937,0010-05-22 09:00:00,10,5,22,9,0,690,388,"42, RUE PAUL CAZENEUVE",,,Plein jour,En agglomération,Hors intersection,Normale,Trois véhicules et plus - collisions multiples,,,,,,,,,,,1,2,1,1.0,5.0
201000058938,0010-05-21 08:50:00,10,5,21,8,50,690,388,"0, RUE JOSEPH CHAPELLE",,,Plein jour,En agglomération,Intersection en X,Normale,Autre collision,,,,,,,,,,,1,2,2,1.0,6.0
201000058939,0010-05-25 22:10:00,10,5,25,22,10,690,388,"0, AVENUE DES FRERES LUM",,,Nuit avec éclairage allumé,En agglomération,Intersection en T,Normale,Autre collision,,,,,,,,,,,5,2,3,1.0,6.0
201000058940,0010-05-28 13:00:00,10,5,28,13,0,690,388,"0, PLACE DU 11 NOVEMBRE",,,Plein jour,En agglomération,Intersection en X,Normale,Autre collision,,,,,,,,,,,1,2,2,1.0,6.0
201000058941,0010-05-31 15:25:00,10,5,31,15,25,690,388,"66, AVENUE JEAN MERMOZ",,,Plein jour,En agglomération,Hors intersection,Normale,Autre collision,,,,,,,,,,,1,2,1,1.0,6.0
201000058942,0010-04-26 16:00:00,10,4,26,16,0,690,388,BOULEVARD AMBROISE PARE,,,Plein jour,En agglomération,Intersection en X,Normale,Deux véhicules - côté,,,,,,,,,,,1,2,2,1.0,3.0
201000058943,0010-06-02 19:50:00,10,6,2,19,50,690,388,"145, AVENUE DES FRERES L",,,Plein jour,En agglomération,Hors intersection,Normale,Deux véhicules - côté,,,,,,,,,,,1,2,1,1.0,3.0
201000058944,0010-06-12 22:30:00,10,6,12,22,30,690,388,RUE PIERRE VERGER,,,Nuit avec éclairage allumé,En agglomération,Hors intersection,Normale,Autre collision,,,,,,,,,,,5,2,1,1.0,6.0
201000058945,0010-06-13 13:50:00,10,6,13,13,50,690,388,RUE MARYSE BASTIE,,,Plein jour,En agglomération,Intersection en X,Normale,Deux véhicules - côté,,,,,,,,,,,1,2,2,1.0,3.0
201000058946,0010-06-04 15:25:00,10,6,4,15,25,690,388,"FACE 163, BOULEVARD PINE",,,Plein jour,En agglomération,Hors intersection,Normale,Deux véhicules - côté,,,,,,,,,,,1,2,1,1.0,3.0