accident_id,datetime,annee,mois,jour,heure,minute,departement,commune_insee,adresse,latitude,longitude,luminosite,agglomeration,intersection,meteo,collision,nb_vehicules,nb_usagers,nb_indemnes,nb_tues,nb_blesses_hosp,nb_blesses_legers,age_cond_1,age_cond_2,veh_type_cond_1,veh_type_cond_2,lum_code,agg_code,int_code,atm_code,col_code
201000059079,0010-08-22 14:35:00,10,8,22,14,35,420,186,A47,,,Plein jour,Hors agglomération,Hors intersection,Normale,Autre collision,,,,,,,,,,,1,1,1,1.0,6.0
201000059080,0010-09-07 22:15:00,10,9,7,22,15,420,186,A47,,,Nuit sans éclairage public,Hors agglomération,Hors intersection,Pluie forte,Autre collision,,,,,,,,,,,3,1,1,3.0,6.0
201000059081,0010-09-09 23:50:00,10,9,9,23,50,420,184,RN88,,,Nuit sans éclairage public,Hors agglomération,Hors intersection,Pluie légère,Autre collision,,,,,,,,,,,3,1,1,2.0,6.0
201000059082,0010-09-12 18:55:00,10,9,12,18,55,420,237,RN88,,,Plein jour,Hors agglomération,Hors intersection,Normale,Sans collision,,,,,,,,,,,1,1,1,1.0,7.0
201000059083,0010-09-12 18:45:00,10,9,12,18,45,420,44,RN88,,,Plein jour,Hors agglomération,Hors intersection,Normale,Deux véhicules - côté,,,,,,,,,,,1,1,1,1.0,3.0
201000059084,0010-09-14 17:50:00,10,9,14,17,50,420,237,RN88,,,Plein jour,Hors agglomération,Hors intersection,Normale,Deux véhicules - côté,,,,,,,,,,,1,1,1,1.0,3.0
201000059085,0010-09-16 17:40:00,10,9,16,17,40,420,218,A72,,,Plein jour,Hors agglomération,Hors intersection,Normale,Trois véhicules et plus - collisions multiples,,,,,,,,,,,1,1,1,1.0,5.0
201000059086,0010-09-15 18:45:00,10,9,15,18,45,420,218,RN88,,,Plein jour,Hors agglomération,Hors intersection,Normale,Trois véhicules et plus - en chaîne,,,,,,,,,,,1,1,1,1.0,4.0
201000059087,0010-09-19 20:00:00,10,9,19,20,0,420,207,A47,,,Nuit avec éclairage allumé,Hors agglomération,Hors intersection,Normale,Trois véhicules et plus - en chaîne,,,,,,,,,,,5,1,1,1.0,4.0
201000059088,0010-09-25 12:35:00,10,9,25,12,35,420,183,RN88,,,Plein jour,Hors agglomération,Hors intersection,Normale,Sans collision,,,,,,,,,,,1,1,1,1.0,7.0
201000059089,0010-09-25 13:05:00,10,9,25,13,5,420,330,A72,,,Plein jour,Hors agglomération,Hors intersection,Pluie légère,Sans collision,,,,,,,,,,,1,1,1,2.0,7.0
201000059090,0010-09-22 09:40:00,10,9,22,9,40,420,207,A47,,,Plein jour,Hors agglomération,Hors intersection,Normale,Deux véhicules - arrière,,,,,,,,,,,1,1,1,1.0,2.0
201000059091,0010-10-02 19:45:00,10,10,2,19,45,420,207,A47,,,Nuit sans éclairage public,Hors agglomération,Hors intersection,Normale,Trois véhicules et plus - en chaîne,,,,,,,,,,,3,1,1,1.0,4.0
201000059092,0010-10-04 18:45:00,10,10,4,18,45,420,110,A47,,,Plein jour,Hors agglomération,Hors intersection,Normale,Sans collision,,,,,,,,,,,1,1,1,1.0,7.0
201000059093,0010-10-06 18:00:00,10,10,6,18,0,420,103,A47,,,Plein jour,Hors agglomération,Hors intersection,Normale,Trois véhicules et plus - collisions multiples,,,,,,,,,,,1,1,1,1.0,5.0
201000059094,0010-10-16 14:35:00,10,10,16,14,35,420,218,A72,,,Plein jour,Hors agglomération,Hors intersection,Normale,Deux véhicules - arrière,,,,,,,,,,,1,1,1,1.0,2.0
201000059095,0010-10-16 21:30:00,10,10,16,21,30,420,237,RN88,,,Nuit sans éclairage public,Hors agglomération,Hors intersection,Pluie légère,Trois véhicules et plus - collisions multiples,,,,,,,,,,,3,1,1,2.0,5.0
201000059096,0010-10-18 06:25:00,10,10,18,6,25,420,207,A47,,,Crépuscule ou aube,Hors agglomération,Hors intersection,Pluie légère,Trois véhicules et plus - collisions multiples,,,,,,,,,,,2,1,1,2.0,5.0
201000059097,0010-10-22 21:15:00,10,10,22,21,15,420,218,RN88,,,Nuit sans éclairage public,Hors agglomération,Hors intersection,Normale,Trois véhicules et plus - en chaîne,,,,,,,,,,,3,1,1,1.0,4.0
201000059098,0010-10-24 15:50:00,10,10,24,15,50,690,91,A47,,,Plein jour,Hors agglomération,Hors intersection,Pluie légère,Autre collision,,,,,,,,,,,1,1,1,2.0,6.0
201000059099,0010-10-28 14:45:00,10,10,28,14,45,420,218,A72,,,Plein jour,Hors agglomération,Hors intersection,Normale,Trois véhicules et plus - en chaîne,,,,,,,,,,,1,1,1,1.0,4.0
201000059100,0010-10-29 20:45:00,10,10,29,20,45,420,95,RN88,,,Nuit sans éclairage public,Hors agglomération,Hors intersection,Normale,Autre collision,,,,,,,,,,,3,1,1,1.0,6.0
201000059101,0010-10-30 16:20:00,10,10,30,16,20,420,110,A47,,,Plein jour,Hors agglomération,Hors intersection,Pluie légère,Autre collision,,,,,,,,,,,1,1,1,2.0,6.0
201000059102,0010-10-30 17:20:00,10,10,30,17,20,420,207,A47,,,Plein jour,Hors agglomération,Hors intersection,Pluie légère,Autre collision,,,,,,,,,,,1,1,1,2.0,6.0
201000059103,0010-11-05 18:30:00,10,11,5,18,30,420,97,A72,,,Nuit sans éclairage public,Hors agglomération,Hors intersection,Normale,Trois véhicules et plus - collisions multiples,,,,,,,,,,,3,1,1,1.0,5.0
201000059104,0010-11-06 15:25:00,10,11,6,15,25,420,186,A47,,,Plein jour,Hors agglomération,Hors intersection,Normale,Sans collision,,,,,,,,,,,1,1,1,1.0,7.0
201000059105,0010-11-09 17:50:00,10,11,9,17,50,420,218,RN88,,,Nuit sans éclairage public,Hors agglomération,Hors intersection,Normale,Trois véhicules et plus - en chaîne,,,,,,,,,,,3,1,1,1.0,4.0
201000059106,0010-11-20 02:35:00,10,11,20,2,35,420,218,RN88,,,Nuit avec éclairage allumé,Hors agglomération,Hors intersection,Normale,Autre collision,,,,,,,,,,,5,1,1,1.0,6.0
201000059107,0010-11-22 17:15:00,10,11,22,17,15,420,237,A72,,,Nuit sans éclairage public,Hors agglomération,Hors intersection,Normale,Trois véhicules et plus - en chaîne,,,,,,,,,,,3,1,1,1.0,4.0
201000059108,0010-12-06 14:35:00,10,12,6,14,35,420,330,A72,,,Plein jour,Hors agglomération,Hors intersection,Normale,Deux véhicules - côté,,,,,,,,,,,1,1,1,1.0,3.0
201000059109,0010-12-10 13:20:00,10,12,10,13,20,690,236,A47,,,Plein jour,Hors agglomération,Hors intersection,Normale,Autre collision,,,,,,,,,,,1,1,1,1.0,6.0
201000059110,0010-12-10 19:20:00,10,12,10,19,20,420,97,A72,,,Nuit sans éclairage public,Hors agglomération,Hors intersection,Normale,Trois véhicules et plus - en chaîne,,,,,,,,,,,3,1,1,1.0,4.0
201000059111,0010-12-11 03:50:00,10,12,11,3,50,420,95,RN88,,,Nuit sans éclairage public,Hors agglomération,Hors intersection,Normale,Sans collision,,,,,,,,,,,3,1,1,1.0,7.0
201000059112,0010-12-16 14:50:00,10,12,16,14,50,420,330,A72,,,Plein jour,Hors agglomération,Hors intersection,Temps couvert,Trois véhicules et plus - en chaîne,,,,,,,,,,,1,1,1,8.0,4.0
201000059113,0010-12-17 19:55:00,10,12,17,19,55,420,237,A72,,,Nuit sans éclairage public,Hors agglomération,Hors intersection,Neige / grêle,Deux véhicules - côté,,,,,,,,,,,3,1,1,4.0,3.0
201000059114,0010-12-22 19:05:00,10,12,22,19,5,420,237,RN88,,,Nuit sans éclairage public,Hors agglomération,Hors intersection,Normale,Deux véhicules - arrière,,,,,,,,,,,3,1,1,1.0,2.0
201000059115,0010-01-01 10:50:00,10,1,1,10,50,690,152,A7   4.270 A 7.000,,,Plein jour,Hors agglomération,Hors intersection,Pluie légère,Autre collision,,,,,,,,,,,1,1,1,2.0,6.0
201000059116,0010-01-01 11:30:00,10,1,1,11,30,690,382,A7   0.000 A 2.278,,,Plein jour,Hors agglomération,Hors intersection,Pluie légère,Autre collision,,,,,,,,,,,1,1,1,2.0,6.0
201000059117,0010-01-02 18:00:00,10,1,2,18,0,690,266,VC 38300  1.165 A 1.893,,,Nuit avec éclairage allumé,Hors agglomération,Hors intersection,Normale,Deux véhicules - côté,,,,,,,,,,,5,1,1,1.0,3.0
201000059118,0010-01-04 10:30:00,10,1,4,10,30,690,272,A46S   57.400 A 61.010,,,Plein jour,Hors agglomération,Hors intersection,Neige / grêle,Sans collision,,,,,,,,,,,1,1,1,4.0,7.0
201000059119,0010-01-05 08:00:00,10,1,5,8,0,10,248,A46N 14.305 A 17.210,,,Crépuscule ou aube,Hors agglomération,Hors intersection,Neige / grêle,Sans collision,,,,,,,,,,,2,1,1,4.0,7.0
201000059120,0010-01-06 07:30:00,10,1,6,7,30,380,544,A7   25.770 A 27.460,45.5453,4.83974,Nuit sans éclairage public,Hors agglomération,Hors intersection,Normale,Autre collision,,,,,,,,,,,3,1,1,1.0,6.0
201000059121,0010-01-06 18:00:00,10,1,6,18,0,690,72,A6   445.323 A 447.390,,,Crépuscule ou aube,Hors agglomération,Hors intersection,Normale,Trois véhicules et plus - en chaîne,,,,,,,,,,,2,1,1,1.0,4.0
201000059122,0010-01-07 15:15:00,10,1,7,15,15,690,272,A46S   57.400 A 61.010,,,Plein jour,Hors agglomération,Hors intersection,Normale,Deux véhicules - arrière,,,,,,,,,,,1,1,1,1.0,2.0
201000059123,0010-01-07 15:30:00,10,1,7,15,30,380,449,A43   18.875 A 21.100,45.654,5.09609,Plein jour,Hors agglomération,Hors intersection,Normale,Sans collision,,,,,,,,,,,1,1,1,1.0,7.0
201000059124,0010-01-10 06:30:00,10,1,10,6,30,690,275,RN346   29.300 A 34.350,,,Nuit avec éclairage allumé,Hors agglomération,Hors intersection,Neige / grêle,Deux véhicules - arrière,,,,,,,,,,,5,1,1,4.0,2.0
201000059125,0010-01-12 04:40:00,10,1,12,4,40,690,152,A7   4.270 A 7.000,,,Nuit avec éclairage allumé,Hors agglomération,Hors intersection,Temps couvert,Deux véhicules - arrière,,,,,,,,,,,5,1,1,8.0,2.0
201000059126,0010-01-14 05:00:00,10,1,14,5,0,690,29,RD383   7.640 A 11.044,,,Nuit sans éclairage public,Hors agglomération,Hors intersection,Normale,Deux véhicules - arrière,,,,,,,,,,,3,1,1,1.0,2.0
201000059127,0010-01-15 07:40:00,10,1,15,7,40,690,266,RD383   3.750 A 7.640,,,Crépuscule ou aube,Hors agglomération,Hors intersection,Pluie légère,Sans collision,,,,,,,,,,,2,1,1,2.0,7.0
201000059128,0010-01-15 13:55:00,10,1,15,13,55,690,290,RN346   38.960 A 40.883,,,Plein jour,Hors agglomération,Hors intersection,Normale,Deux véhicules - arrière,,,,,,,,,,,1,1,1,1.0,2.0
201000059129,0010-06-19 06:15:00,10,6,19,6,15,690,152,A7   4.270 A 7.000,,,Plein jour,Hors agglomération,Hors intersection,Normale,Autre collision,,,,,,,,,,,1,1,1,1.0,6.0
201000059130,0010-01-17 04:50:00,10,1,17,4,50,690,271,RD302   0.000 A 0.400,,,Nuit sans éclairage public,Hors agglomération,Hors intersection,Pluie légère,Sans collision,,,,,,,,,,,3,1,1,2.0,7.0
201000059131,0010-01-18 08:20:00,10,1,18,8,20,690,266,RD383   3.750 A 7.640,,,Plein jour,Hors agglomération,Hors intersection,Normale,Trois véhicules et plus - en chaîne,,,,,,,,,,,1,1,1,1.0,4.0
201000059132,0010-01-19 08:30:00,10,1,19,8,30,690,29,RD383   7.640 A 11.044,,,Crépuscule ou aube,Hors agglomération,Hors intersection,Brouillard / fumée,Trois véhicules et plus - en chaîne,,,,,,,,,,,2,1,1,5.0,4.0
201000059133,0010-01-22 19:30:00,10,1,22,19,30,690,9,A6   432.900 A 433.690,,,Nuit sans éclairage public,Hors agglomération,Hors intersection,Normale,Autre collision,,,,,,,,,,,3,1,1,1.0,6.0
201000059134,0010-01-25 02:30:00,10,1,25,2,30,380,336,A7   32.870 A 35.680,45.4924,4.83376,Nuit sans éclairage public,Hors agglomération,Hors intersection,Pluie légère,Autre collision,,,,,,,,,,,3,1,1,2.0,6.0
201000059135,0010-01-25 05:43:00,10,1,25,5,43,690,256,A42     0.560 A 4.020,,,Nuit avec éclairage allumé,Hors agglomération,Hors intersection,Normale,Sans collision,,,,,,,,,,,5,1,1,1.0,7.0
201000059136,0010-01-25 07:45:00,10,1,25,7,45,690,290,RN346   38.960 A 40.883,,,Crépuscule ou aube,Hors agglomération,Hors intersection,Pluie légère,Deux véhicules - côté,,,,,,,,,,,2,1,1,2.0,3.0
201000059137,0010-01-25 14:45:00,10,1,25,14,45,690,297,A47   0.000  A 1.657,,,Plein jour,Hors agglomération,Hors intersection,Normale,Deux véhicules - arrière,,,,,,,,,,,1,1,1,1.0,2.0
201000059138,0010-01-26 13:50:00,10,1,26,13,50,690,199,A7   7.000 A 8.630,,,Plein jour,Hors agglomération,Hors intersection,Temps couvert,Trois véhicules et plus - collisions multiples,,,,,,,,,,,1,1,1,8.0,5.0
201000059139,0010-01-28 14:55:00,10,1,28,14,55,690,382,A7   0.000 A 2.278,,,Plein jour,Hors agglomération,Hors intersection,Neige / grêle,Deux véhicules - arrière,,,,,,,,,,,1,1,1,4.0,2.0
201000059140,0010-01-29 05:45:00,10,1,29,5,45,690,278,A46N   9.020 A 11.650,,,Nuit sans éclairage public,Hors agglomération,Hors intersection,Normale,Trois véhicules et plus - collisions multiples,,,,,,,,,,,3,1,1,1.0,5.0
201000059141,0010-01-26 19:30:00,10,1,26,19,30,690,29,A43   0.550 A 3.353,,,Nuit sans éclairage public,Hors agglomération,Hors intersection,Normale,Deux véhicules - arrière,,,,,,,,,,,3,1,1,1.0,2.0
201000059142,0010-01-31 21:45:00,10,1,31,21,45,10,248,A46N 14.305 A 17.210,,,Nuit sans éclairage public,Hors agglomération,Hors intersection,Neige / grêle,Deux véhicules - arrière,,,,,,,,,,,3,1,1,4.0,2.0
201000059143,0010-02-01 06:45:00,10,2,1,6,45,690,152,A450   0.000 A 1.090,,,Crépuscule ou aube,Hors agglomération,Hors intersection,Normale,Deux véhicules - côté,,,,,,,,,,,2,1,1,1.0,3.0
201000059144,0010-02-01 16:40:00,10,2,1,16,40,690,297,A47   0.000  A 1.657,,,Plein jour,Hors agglomération,Hors intersection,Normale,Deux véhicules - côté,,,,,,,,,,,1,1,1,1.0,3.0
201000059145,0010-02-02 18:40:00,10,2,2,18,40,10,105,A46N   11.650 A 12.680,,,Nuit sans éclairage public,Hors agglomération,Hors intersection,Normale,Deux véhicules - arrière,,,,,,,,,,,3,1,1,1.0,2.0
201000059146,0010-01-28 17:50:00,10,1,28,17,50,10,275,A42 4.329 A 5.760,,,Nuit avec éclairage allumé,Hors agglomération,Hors intersection,Normale,Deux véhicules - arrière,,,,,,,,,,,5,1,1,1.0,2.0
201000059147,0010-02-04 00:55:00,10,2,4,0,55,690,266,RD383   3.750 A 7.640,,,Nuit avec éclairage allumé,Hors agglomération,Hors intersection,Normale,Deux véhicules - côté,,,,,,,,,,,5,1,1,1.0,3.0
201000059148,0010-02-05 21:25:00,10,2,5,21,25,10,238,A46N  7.065 A 9.020,,,Nuit sans éclairage public,Hors agglomération,Hors intersection,Normale,Deux véhicules - frontale,,,,,,,,,,,3,1,1,1.0,1.0
201000059149,0010-02-06 04:40:00,10,2,6,4,40,690,382,A7   0.000 A 2.278,,,Nuit avec éclairage allumé,Hors agglomération,Hors intersection,Normale,Autre collision,,,,,,,,,,,5,1,1,1.0,6.0
201000059150,0010-02-06 10:45:00,10,2,6,10,45,690,29,RD383   7.640 A 11.044,,,Plein jour,Hors agglomération,Hors intersection,Pluie légère,Autre collision,,,,,,,,,,,1,1,1,2.0,6.0
201000059151,0010-02-06 16:45:00,10,2,6,16,45,690,199,RD383   14.250 A 18.000,,,Plein jour,Hors agglomération,Hors intersection,Pluie légère,Deux véhicules - côté,,,,,,,,,,,1,1,1,2.0,3.0
201000059152,0010-02-07 06:15:00,10,2,7,6,15,690,33,A46N   17.210 A 18.490,,,Nuit sans éclairage public,Hors agglomération,Hors intersection,Normale,Sans collision,,,,,,,,,,,3,1,1,1.0,7.0
201000059153,0010-02-07 06:25:00,10,2,7,6,25,690,199,RD383   14.250 A 18.000,,,Nuit sans éclairage public,Hors agglomération,Hors intersection,Normale,Sans collision,,,,,,,,,,,3,1,1,1.0,7.0
201000059154,0010-02-07 13:30:00,10,2,7,13,30,690,283,A46S   43.680 A 47.880,,,Plein jour,Hors agglomération,Hors intersection,Normale,Sans collision,,,,,,,,,,,1,1,1,1.0,7.0
201000059155,0010-02-07 17:50:00,10,2,7,17,50,380,336,A7   32.870 A 35.680,45.496,4.83797,Plein jour,Hors agglomération,Hors intersection,Normale,Autre collision,,,,,,,,,,,1,1,1,1.0,6.0
201000059156,0010-02-09 13:20:00,10,2,9,13,20,690,278,A46N   9.020 A 11.650,,,Plein jour,Hors agglomération,Hors intersection,Neige / grêle,Autre collision,,,,,,,,,,,1,1,1,4.0,6.0
201000059157,0010-02-10 08:50:00,10,2,10,8,50,690,29,RD383   7.640 A 11.044,,,Plein jour,Hors agglomération,Hors intersection,Neige / grêle,Autre collision,,,,,,,,,,,1,1,1,4.0,6.0
201000059158,0010-02-10 12:30:00,10,2,10,12,30,690,27,A450   5.100 A 7.285,,,Plein jour,Hors agglomération,Hors intersection,Temps couvert,Deux véhicules - côté,,,,,,,,,,,1,1,1,8.0,3.0
201000059159,0010-02-10 17:25:00,10,2,10,17,25,690,382,A7   0.000 A 2.278,,,Plein jour,Hors agglomération,Hors intersection,Normale,Deux véhicules - côté,,,,,,,,,,,1,1,1,1.0,3.0
201000059160,0010-02-11 15:15:00,10,2,11,15,15,690,259,RD383   11.750 A 14.250,,,Plein jour,Hors agglomération,Hors intersection,Normale,Deux véhicules - côté,,,,,,,,,,,1,1,1,1.0,3.0
201000059161,0010-02-13 07:00:00,10,2,13,7,0,380,544,RN7   5.180 A 10.000,45.4995,4.84251,Crépuscule ou aube,Hors agglomération,Hors intersection,Normale,Deux véhicules - frontale,,,,,,,,,,,2,1,1,1.0,1.0
201000059162,0010-02-15 07:45:00,10,2,15,7,45,690,29,RD383   7.640 A 11.044,,,Plein jour,Hors agglomération,Hors intersection,Normale,Trois véhicules et plus - en chaîne,,,,,,,,,,,1,1,1,1.0,4.0
201000059163,0010-02-15 07:45:00,10,2,15,7,45,380,487,A7   22.950 A 25.770,45.5523,4.82954,Plein jour,Hors agglomération,Hors intersection,Normale,Deux véhicules - côté,,,,,,,,,,,1,1,1,1.0,3.0
201000059164,0010-02-15 10:00:00,10,2,15,10,0,380,184,A43   15.971 A 18.875,,,Plein jour,Hors agglomération,Hors intersection,Normale,Deux véhicules - arrière,,,,,,,,,,,1,1,1,1.0,2.0
201000059165,0010-02-15 20:45:00,10,2,15,20,45,690,382,A6   455.000 A 455.875,,,Nuit avec éclairage allumé,Hors agglomération,Hors intersection,Normale,Trois véhicules et plus - en chaîne,,,,,,,,,,,5,1,1,1.0,4.0
201000059166,0010-02-16 11:30:00,10,2,16,11,30,690,5,A6   431.800 A 432.900,,,Plein jour,Hors agglomération,Hors intersection,Normale,Autre collision,,,,,,,,,,,1,1,1,1.0,6.0
201000059167,0010-02-18 07:30:00,10,2,18,7,30,690,29,RD383   7.640 A 11.044,,,Plein jour,Hors agglomération,Hors intersection,Pluie légère,Deux véhicules - arrière,,,,,,,,,,,1,1,1,2.0,2.0
201000059168,0010-02-19 12:00:00,10,2,19,12,0,690,149,A7   3.690 A 4.270,,,Plein jour,Hors agglomération,Hors intersection,Pluie légère,Deux véhicules - côté,,,,,,,,,,,1,1,1,2.0,3.0
201000059169,0010-02-20 12:30:00,10,2,20,12,30,380,487,A7   22.950 A 25.770,45.5516,4.83033,Plein jour,Hors agglomération,Hors intersection,Normale,Sans collision,,,,,,,,,,,1,1,1,1.0,7.0
201000059170,0010-02-20 16:40:00,10,2,20,16,40,690,29,RD383   7.640 A 11.044,,,Plein jour,Hors agglomération,Hors intersection,Normale,Deux véhicules - arrière,,,,,,,,,,,1,1,1,1.0,2.0
201000059171,0010-02-22 12:13:00,10,2,22,12,13,380,544,A7   25.770 A 27.460,45.5427,4.85321,Plein jour,Hors agglomération,Hors intersection,Normale,Deux véhicules - côté,,,,,,,,,,,1,1,1,1.0,3.0
201000059172,0010-02-23 20:30:00,10,2,23,20,30,690,275,RN346   29.300 A 34.350,,,Nuit sans éclairage public,Hors agglomération,Hors intersection,Normale,Deux véhicules - côté,,,,,,,,,,,3,1,1,1.0,3.0
201000059173,0010-02-25 12:10:00,10,2,25,12,10,690,29,A43   0.550 A 3.353,,,Plein jour,Hors agglomération,Hors intersection,Pluie légère,Autre collision,,,,,,,,,,,1,1,1,2.0,6.0
201000059174,0010-02-26 13:53:00,10,2,26,13,53,690,297,A7   15.770 A 20.110,,,Plein jour,Hors agglomération,Hors intersection,Normale,Deux véhicules - côté,,,,,,,,,,,1,1,1,1.0,3.0
201000059175,0010-02-27 06:25:00,10,2,27,6,25,690,276,A7   8.630 A 10.992,,,Nuit avec éclairage non allumé,Hors agglomération,Hors intersection,Normale,Deux véhicules - côté,,,,,,,,,,,4,1,1,1.0,3.0
201000059176,0010-03-02 08:25:00,10,3,2,8,25,690,29,RD383   7.640 A 11.044,,,Plein jour,Hors agglomération,Hors intersection,Normale,Deux véhicules - arrière,,,,,,,,,,,1,1,1,1.0,2.0
201000059177,0010-03-02 09:20:00,10,3,2,9,20,690,385,A6   453.400 A 455.000,,,Plein jour,Hors agglomération,Hors intersection,Normale,Trois véhicules et plus - en chaîne,,,,,,,,,,,1,1,1,1.0,4.0
201000059178,0010-03-02 10:45:00,10,3,2,10,45,690,385,A6   453.400 A 455.000,,,Plein jour,Hors agglomération,Hors intersection,Normale,Deux véhicules - arrière,,,,,,,,,,,1,1,1,1.0,2.0
201000059179,0010-03-02 20:10:00,10,3,2,20,10,690,286,A46N   19.955 A 25.180,,,Nuit avec éclairage non allumé,Hors agglomération,Hors intersection,Normale,Sans collision,,,,,,,,,,,4,1,1,1.0,7.0
201000059180,0010-03-03 08:20:00,10,3,3,8,20,690,204,A450   1.740 A 5.100,,,Plein jour,Hors agglomération,Hors intersection,Normale,Autre collision,,,,,,,,,,,1,1,1,1.0,6.0
201000059181,0010-03-03 11:10:00,10,3,3,11,10,690,290,A46S   40.883 A 43.680,,,Plein jour,Hors agglomération,Hors intersection,Normale,Deux véhicules - côté,,,,,,,,,,,1,1,1,1.0,3.0
201000059182,0010-03-05 17:00:00,10,3,5,17,0,690,29,RD383   7.640 A 11.044,,,Plein jour,Hors agglomération,Hors intersection,Normale,Trois véhicules et plus - en chaîne,,,,,,,,,,,1,1,1,1.0,4.0
201000059183,0010-03-07 04:35:00,10,3,7,4,35,690,297,A7   15.770 A 20.110,,,Nuit sans éclairage public,Hors agglomération,Hors intersection,Normale,Deux véhicules - côté,,,,,,,,,,,3,1,1,1.0,3.0
201000059184,0010-03-08 16:30:00,10,3,8,16,30,690,382,A6   455.000 A 455.875,,,Plein jour,Hors agglomération,Hors intersection,Normale,Trois véhicules et plus - en chaîne,,,,,,,,,,,1,1,1,1.0,4.0
201000059185,0010-03-10 08:10:00,10,3,10,8,10,690,9,A6   428.880 A 431.800,,,Plein jour,Hors agglomération,Hors intersection,Normale,Autre collision,,,,,,,,,,,1,1,1,1.0,6.0
201000059186,0010-03-10 15:00:00,10,3,10,15,0,690,81,A6   449.510 A 451.640,,,Plein jour,Hors agglomération,Hors intersection,Normale,Sans collision,,,,,,,,,,,1,1,1,1.0,7.0
201000059187,0010-03-11 07:15:00,10,3,11,7,15,690,259,BUS (RD301)  2.800 A 4.4,,,Plein jour,Hors agglomération,Hors intersection,Normale,Deux véhicules - arrière,,,,,,,,,,,1,1,1,1.0,2.0
201000059188,0010-03-11 21:45:00,10,3,11,21,45,690,259,RD383   11.0044 A 11.460,,,Nuit avec éclairage allumé,Hors agglomération,Hors intersection,Neige / grêle,Sans collision,,,,,,,,,,,5,1,1,4.0,7.0
201000059189,0010-03-12 06:35:00,10,3,12,6,35,690,290,A46S   40.883 A 43.680,,,Crépuscule ou aube,Hors agglomération,Hors intersection,Normale,Autre collision,,,,,,,,,,,2,1,1,1.0,6.0
201000059190,0010-03-12 06:50:00,10,3,12,6,50,690,275,RN346   29.300 A 34.350,,,Plein jour,Hors agglomération,Hors intersection,Normale,Autre collision,,,,,,,,,,,1,1,1,1.0,6.0
201000059191,0010-03-13 15:05:00,10,3,13,15,5,690,29,A43   0.550 A 3.353,,,Plein jour,Hors agglomération,Hors intersection,Normale,Deux véhicules - arrière,,,,,,,,,,,1,1,1,1.0,2.0
201000059192,0010-03-14 10:15:00,10,3,14,10,15,690,281,A46S   49.160 A 53.980,,,Plein jour,Hors agglomération,Hors intersection,Normale,Deux véhicules - côté,,,,,,,,,,,1,1,1,1.0,3.0
201000059193,0010-03-14 10:10:00,10,3,14,10,10,690,297,A7   15.770 A 20.110,,,Plein jour,Hors agglomération,Hors intersection,Normale,Deux véhicules - arrière,,,,,,,,,,,1,1,1,1.0,2.0
201000059194,0010-03-15 11:45:00,10,3,15,11,45,690,29,RD383   7.640 A 11.044,,,Plein jour,Hors agglomération,Hors intersection,Normale,Deux véhicules - côté,,,,,,,,,,,1,1,1,1.0,3.0
201000059195,0010-03-15 18:00:00,10,3,15,18,0,690,382,A7   0.000 A 2.278,,,Plein jour,Hors agglomération,Hors intersection,Normale,Deux véhicules - côté,,,,,,,,,,,1,1,1,1.0,3.0
201000059196,0010-03-23 07:40:00,10,3,23,7,40,690,382,,,,Crépuscule ou aube,Hors agglomération,Hors intersection,Normale,Autre collision,,,,,,,,,,,2,1,1,1.0,6.0
201000059197,0010-03-21 11:07:00,10,3,21,11,7,690,142,A7   2.278 A 3.690,,,Plein jour,Hors agglomération,Hors intersection,Normale,Autre collision,,,,,,,,,,,1,1,1,1.0,6.0
201000059198,0010-03-17 17:05:00,10,3,17,17,5,690,266,RD383   3.750 A 7.640,,,Plein jour,Hors agglomération,Hors intersection,Normale,Trois véhicules et plus - en chaîne,,,,,,,,,,,1,1,1,1.0,4.0
201000059199,0010-03-18 08:50:00,10,3,18,8,50,690,382,A7   0.000 A 2.278,,,Plein jour,Hors agglomération,Hors intersection,Normale,Deux véhicules - arrière,,,,,,,,,,,1,1,1,1.0,2.0
201000059200,0010-03-18 09:55:00,10,3,18,9,55,690,382,A7   0.000 A 2.278,,,Plein jour,Hors agglomération,Hors intersection,Normale,Deux véhicules - arrière,,,,,,,,,,,1,1,1,1.0,2.0
201000059201,0010-03-19 12:30:00,10,3,19,12,30,690,382,A6   455.000 A 455.875,,,Plein jour,Hors agglomération,Hors intersection,Normale,Trois véhicules et plus - collisions multiples,,,,,,,,,,,1,1,1,1.0,5.0
201000059202,0010-03-21 02:15:00,10,3,21,2,15,690,290,RN346   38.960 A 40.883,,,Nuit avec éclairage allumé,Hors agglomération,Hors intersection,Pluie légère,Sans collision,,,,,,,,,,,5,1,1,2.0,7.0
201000059203,0010-03-22 21:45:00,10,3,22,21,45,690,382,A7   0.000 A 2.278,,,Nuit avec éclairage allumé,Hors agglomération,Hors intersection,Normale,Deux véhicules - arrière,,,,,,,,,,,5,1,1,1.0,2.0