accident_id,datetime,annee,mois,jour,heure,minute,departement,commune_insee,adresse,latitude,longitude,luminosite,agglomeration,intersection,meteo,collision,nb_vehicules,nb_usagers,nb_indemnes,nb_tues,nb_blesses_hosp,nb_blesses_legers,age_cond_1,age_cond_2,veh_type_cond_1,veh_type_cond_2,lum_code,agg_code,int_code,atm_code,col_code
201000059204,0010-03-23 00:28:00,10,3,23,0,28,690,290,A46S   40.883 A 43.680,,,Nuit sans éclairage public,Hors agglomération,Hors intersection,Normale,Deux véhicules - côté,,,,,,,,,,,3,1,1,1.0,3.0
201000059205,0010-03-26 11:15:00,10,3,26,11,15,690,288,A43   13.029 A 15.971,,,Plein jour,Hors agglomération,Hors intersection,Pluie légère,Trois véhicules et plus - collisions multiples,,,,,,,,,,,1,1,1,2.0,5.0
201000059206,0010-03-26 16:30:00,10,3,26,16,30,690,152,A7   4.270 A 7.000,,,Plein jour,Hors agglomération,Hors intersection,Normale,Deux véhicules - arrière,,,,,,,,,,,1,1,1,1.0,2.0
201000059207,0010-03-27 15:25:00,10,3,27,15,25,690,266,RD383   3.750 A 7.640,,,Plein jour,Hors agglomération,Hors intersection,Normale,Deux véhicules - frontale,,,,,,,,,,,1,1,1,1.0,1.0
201000059208,0010-03-28 01:30:00,10,3,28,1,30,690,9,A6   428.880 A 431.800,,,Nuit avec éclairage allumé,Hors agglomération,Hors intersection,Normale,Sans collision,,,,,,,,,,,5,1,1,1.0,7.0
201000059209,0010-03-28 14:10:00,10,3,28,14,10,690,81,BPNL   34.000 A 34.614,,,Plein jour,Hors agglomération,Hors intersection,Normale,Deux véhicules - arrière,,,,,,,,,,,1,1,1,1.0,2.0
201000059210,0010-03-30 10:50:00,10,3,30,10,50,690,286,A46N   N/S  25.680 A 25.,,,Plein jour,Hors agglomération,Hors intersection,Pluie forte,Autre collision,,,,,,,,,,,1,1,1,3.0,6.0
201000059211,0010-03-30 13:20:00,10,3,30,13,20,690,382,A7   0.000 A 2.278,,,Plein jour,Hors agglomération,Hors intersection,Normale,Deux véhicules - côté,,,,,,,,,,,1,1,1,1.0,3.0
201000059212,0010-03-30 13:55:00,10,3,30,13,55,690,275,RN346   29.300 A 34.350,,,Plein jour,Hors agglomération,Hors intersection,Normale,Trois véhicules et plus - en chaîne,,,,,,,,,,,1,1,1,1.0,4.0
201000059213,0010-03-30 14:10:00,10,3,30,14,10,690,266,RD383   3.750 A 7.640,,,Plein jour,Hors agglomération,Hors intersection,Normale,Deux véhicules - côté,,,,,,,,,,,1,1,1,1.0,3.0
201000059214,0010-04-01 01:30:00,10,4,1,1,30,690,276,BUS (RD301)   0.000 A 2.,,,Nuit sans éclairage public,Hors agglomération,Hors intersection,Pluie légère,Autre collision,,,,,,,,,,,3,1,1,2.0,6.0
201000059215,0010-04-02 06:05:00,10,4,2,6,5,690,266,RD383   3.750 A 7.640,,,Nuit avec éclairage non allumé,Hors agglomération,Hors intersection,Normale,Deux véhicules - côté,,,,,,,,,,,4,1,1,1.0,3.0
201000059216,0010-04-02 14:50:00,10,4,2,14,50,690,297,A7   15.770 A 20.110,,,Plein jour,Hors agglomération,Hors intersection,Normale,Deux véhicules - arrière,,,,,,,,,,,1,1,1,1.0,2.0
201000059217,0010-04-04 05:40:00,10,4,4,5,40,690,29,RD383   7.640 A 11.044,,,Nuit avec éclairage non allumé,Hors agglomération,Hors intersection,Normale,Autre collision,,,,,,,,,,,4,1,1,1.0,6.0
201000059218,0010-04-06 07:05:00,10,4,6,7,5,380,544,A7   25.770 A 27.460,45.545,4.84029,Plein jour,Hors agglomération,Hors intersection,Normale,Autre collision,,,,,,,,,,,1,1,1,1.0,6.0
201000059219,0010-04-07 08:00:00,10,4,7,8,0,690,199,RD383   14.250 A 18.000,,,Plein jour,Hors agglomération,Hors intersection,Normale,Trois véhicules et plus - en chaîne,,,,,,,,,,,1,1,1,1.0,4.0
201000059220,0010-04-08 07:20:00,10,4,8,7,20,690,152,A7   4.270 A 7.000,,,Crépuscule ou aube,Hors agglomération,Hors intersection,Pluie légère,Deux véhicules - arrière,,,,,,,,,,,2,1,1,2.0,2.0
201000059221,0010-04-09 04:00:00,10,4,9,4,0,690,385,A6   453.400 A 455.000,,,Nuit avec éclairage allumé,Hors agglomération,Hors intersection,Normale,Deux véhicules - frontale,,,,,,,,,,,5,1,1,1.0,1.0
201000059222,0010-04-10 10:50:00,10,4,10,10,50,690,382,A6   455.000 A 455.875,,,Plein jour,Hors agglomération,Hors intersection,Normale,Deux véhicules - arrière,,,,,,,,,,,1,1,1,1.0,2.0
201000059223,0010-04-10 15:30:00,10,4,10,15,30,690,290,A43   3.865 A 9.894,,,Plein jour,Hors agglomération,Hors intersection,Normale,Trois véhicules et plus - en chaîne,,,,,,,,,,,1,1,1,1.0,4.0
201000059224,0010-04-11 09:30:00,10,4,11,9,30,690,149,A7   3.690 A 4.270,,,Plein jour,Hors agglomération,Hors intersection,Normale,Deux véhicules - arrière,,,,,,,,,,,1,1,1,1.0,2.0
201000059225,0010-04-13 08:35:00,10,4,13,8,35,690,277,RN346   36.215 A 38.000,,,Plein jour,Hors agglomération,Hors intersection,Normale,Deux véhicules - arrière,,,,,,,,,,,1,1,1,1.0,2.0
201000059226,0010-04-13 14:40:00,10,4,13,14,40,690,256,A42     0.560 A 4.020,,,Plein jour,Hors agglomération,Hors intersection,Normale,Sans collision,,,,,,,,,,,1,1,1,1.0,7.0
201000059227,0010-04-15 18:45:00,10,4,15,18,45,690,297,A7   15.770 A 20.110,,,Plein jour,Hors agglomération,Hors intersection,Normale,Deux véhicules - arrière,,,,,,,,,,,1,1,1,1.0,2.0
201000059228,0010-04-15 19:25:00,10,4,15,19,25,690,271,RN346   34.850 A 36.215,,,Plein jour,Hors agglomération,Hors intersection,Normale,Deux véhicules - côté,,,,,,,,,,,1,1,1,1.0,3.0
201000059229,0010-04-17 10:50:00,10,4,17,10,50,690,29,RD383   7.640 A 11.044,,,Plein jour,Hors agglomération,Hors intersection,Normale,Deux véhicules - côté,,,,,,,,,,,1,1,1,1.0,3.0
201000059230,0010-04-16 16:35:00,10,4,16,16,35,690,72,A6   445.323 A 447.390,,,Plein jour,Hors agglomération,Hors intersection,Normale,Deux véhicules - arrière,,,,,,,,,,,1,1,1,1.0,2.0
201000059231,0010-04-17 15:50:00,10,4,17,15,50,690,163,A46N   2.930 A 7.065,,,Plein jour,Hors agglomération,Hors intersection,Normale,Sans collision,,,,,,,,,,,1,1,1,1.0,7.0
201000059232,0010-04-17 13:30:00,10,4,17,13,30,380,544,RN7   5.180 A 10.000,45.5328,4.87324,Plein jour,Hors agglomération,Hors intersection,Normale,Trois véhicules et plus - en chaîne,,,,,,,,,,,1,1,1,1.0,4.0
201000059233,0010-04-18 00:30:00,10,4,18,0,30,690,29,RD383   7.640 A 11.044,,,Nuit avec éclairage allumé,Hors agglomération,Hors intersection,Normale,Deux véhicules - côté,,,,,,,,,,,5,1,1,1.0,3.0
201000059234,0010-04-18 06:00:00,10,4,18,6,0,690,278,A46N   9.020 A 11.650,,,Nuit sans éclairage public,Hors agglomération,Hors intersection,Normale,Autre collision,,,,,,,,,,,3,1,1,1.0,6.0
201000059235,0010-04-18 22:25:00,10,4,18,22,25,690,286,A46N   N/S  25.680 A 25.,,,Nuit avec éclairage allumé,Hors agglomération,Hors intersection,Temps couvert,Autre collision,,,,,,,,,,,5,1,1,8.0,6.0
201000059236,0010-04-20 06:30:00,10,4,20,6,30,690,290,A43   3.865 A 9.894,,,Crépuscule ou aube,Hors agglomération,Hors intersection,Normale,Autre collision,,,,,,,,,,,2,1,1,1.0,6.0
201000059237,0010-04-21 10:30:00,10,4,21,10,30,690,199,RD383   14.250 A 18.000,,,Plein jour,Hors agglomération,Intersection en X,Normale,Deux véhicules - côté,,,,,,,,,,,1,1,2,1.0,3.0
201000059238,0010-04-21 11:20:00,10,4,21,11,20,690,290,A46S   40.883 A 43.680,,,Plein jour,Hors agglomération,Hors intersection,Normale,Deux véhicules - côté,,,,,,,,,,,1,1,1,1.0,3.0
201000059239,0010-04-21 20:00:00,10,4,21,20,0,690,81,A6   448.490 A 449.450,,,Plein jour,Hors agglomération,Hors intersection,Normale,Deux véhicules - arrière,,,,,,,,,,,1,1,1,1.0,2.0
201000059240,0010-04-22 14:30:00,10,4,22,14,30,690,266,RD383 2.321 A 3.750,,,Plein jour,Hors agglomération,Hors intersection,Normale,Trois véhicules et plus - en chaîne,,,,,,,,,,,1,1,1,1.0,4.0
201000059241,0010-04-22 14:40:00,10,4,22,14,40,380,87,A7   22.950 A 25.770,45.568,4.81634,Plein jour,Hors agglomération,Hors intersection,Normale,Deux véhicules - côté,,,,,,,,,,,1,1,1,1.0,3.0
201000059242,0010-04-23 08:25:00,10,4,23,8,25,690,297,A7   15.770 A 20.110,,,Plein jour,Hors agglomération,Hors intersection,Normale,Autre collision,,,,,,,,,,,1,1,1,1.0,6.0
201000059243,0010-04-24 07:30:00,10,4,24,7,30,690,288,A43   13.029 A 15.971,,,Plein jour,Hors agglomération,Hors intersection,Normale,Autre collision,,,,,,,,,,,1,1,1,1.0,6.0
201000059244,0010-04-24 21:35:00,10,4,24,21,35,690,266,RD383   3.750 A 7.640,,,Nuit avec éclairage allumé,Hors agglomération,Hors intersection,Normale,Trois véhicules et plus - collisions multiples,,,,,,,,,,,5,1,1,1.0,5.0
201000059245,0010-04-27 18:30:00,10,4,27,18,30,690,286,A46N   19.955 A 25.180,,,Plein jour,Hors agglomération,Hors intersection,Normale,Deux véhicules - arrière,,,,,,,,,,,1,1,1,1.0,2.0
201000059246,0010-04-28 07:55:00,10,4,28,7,55,690,389,A6   451.790 A 453.400,,,Plein jour,Hors agglomération,Hors intersection,Normale,Trois véhicules et plus - en chaîne,,,,,,,,,,,1,1,1,1.0,4.0
201000059247,0010-04-28 08:10:00,10,4,28,8,10,690,297,A47   0.000  A 1.657,,,Plein jour,Hors agglomération,Hors intersection,Normale,Deux véhicules - arrière,,,,,,,,,,,1,1,1,1.0,2.0
201000059248,0010-04-28 13:30:00,10,4,28,13,30,690,55,A6   435.100 A 437.840,,,Plein jour,Hors agglomération,Hors intersection,Normale,Sans collision,,,,,,,,,,,1,1,1,1.0,7.0
201000059249,0010-04-29 10:17:00,10,4,29,10,17,690,271,RN346   34.850 A 36.215,,,Plein jour,Hors agglomération,Hors intersection,Normale,Deux véhicules - arrière,,,,,,,,,,,1,1,1,1.0,2.0
201000059250,0010-04-29 16:50:00,10,4,29,16,50,690,40,A6   447.520 A 448.490,,,Plein jour,Hors agglomération,Hors intersection,Normale,Sans collision,,,,,,,,,,,1,1,1,1.0,7.0
201000059251,0010-04-30 13:30:00,10,4,30,13,30,690,297,A7   15.770 A 20.110,,,Plein jour,Hors agglomération,Hors intersection,Normale,Deux véhicules - côté,,,,,,,,,,,1,1,1,1.0,3.0
201000059252,0010-04-30 15:10:00,10,4,30,15,10,690,142,A7   2.278 A 3.690,,,Plein jour,Hors agglomération,Hors intersection,Normale,Autre collision,,,,,,,,,,,1,1,1,1.0,6.0
201000059253,0010-05-01 10:50:00,10,5,1,10,50,690,297,A47,,,Plein jour,Hors agglomération,Hors intersection,Pluie légère,Trois véhicules et plus - collisions multiples,,,,,,,,,,,1,1,1,2.0,5.0
201000059254,0010-05-01 18:15:00,10,5,1,18,15,690,288,A43   13.029 A 15.971,,,Plein jour,Hors agglomération,Hors intersection,Pluie légère,Autre collision,,,,,,,,,,,1,1,1,2.0,6.0
201000059255,0010-05-01 20:00:00,10,5,1,20,0,690,266,A42   0.000 A 0.560,,,Plein jour,Hors agglomération,Hors intersection,Pluie légère,Sans collision,,,,,,,,,,,1,1,1,2.0,7.0
201000059256,0010-05-02 14:20:00,10,5,2,14,20,690,256,RN346  S/N   25.686 A 29,,,Plein jour,Hors agglomération,Hors intersection,Normale,Sans collision,,,,,,,,,,,1,1,1,1.0,7.0
201000059257,0010-05-02 16:45:00,10,5,2,16,45,690,256,RN346  S/N   25.686 A 29,,,Plein jour,Hors agglomération,Hors intersection,Pluie légère,Deux véhicules - arrière,,,,,,,,,,,1,1,1,2.0,2.0
201000059258,0010-05-03 08:15:00,10,5,3,8,15,690,152,A7   4.270 A 7.000,,,Plein jour,Hors agglomération,Autre intersection,Normale,Deux véhicules - arrière,,,,,,,,,,,1,1,9,1.0,2.0
201000059259,0010-05-04 09:35:00,10,5,4,9,35,10,376,A42  8.310 A 9.500,,,Plein jour,Hors agglomération,Hors intersection,Pluie légère,Autre collision,,,,,,,,,,,1,1,1,2.0,6.0
201000059260,0010-05-04 10:00:00,10,5,4,10,0,690,288,A432,,,Plein jour,Hors agglomération,Hors intersection,Pluie légère,Trois véhicules et plus - collisions multiples,,,,,,,,,,,1,1,1,2.0,5.0
201000059261,0010-05-05 05:10:00,10,5,5,5,10,690,204,A450   1.740 A 5.100,,,Nuit sans éclairage public,Hors agglomération,Hors intersection,Pluie légère,Autre collision,,,,,,,,,,,3,1,1,2.0,6.0
201000059262,0010-05-05 20:15:00,10,5,5,20,15,690,9,A6   428.880 A 431.800,,,Crépuscule ou aube,Hors agglomération,Hors intersection,Pluie légère,Trois véhicules et plus - collisions multiples,,,,,,,,,,,2,1,1,2.0,5.0
201000059263,0010-05-06 09:00:00,10,5,6,9,0,690,275,RN346   29.300 A 34.350,,,Plein jour,Hors agglomération,Hors intersection,Pluie légère,Deux véhicules - côté,,,,,,,,,,,1,1,1,2.0,3.0
201000059264,0010-05-03 20:35:00,10,5,3,20,35,690,199,RD383   14.250 A 18.000,,,Crépuscule ou aube,Hors agglomération,Hors intersection,Pluie légère,Deux véhicules - côté,,,,,,,,,,,2,1,1,2.0,3.0
201000059265,0010-05-07 08:15:00,10,5,7,8,15,690,152,A7   4.270 A 7.000,,,Plein jour,Hors agglomération,Hors intersection,Normale,Trois véhicules et plus - collisions multiples,,,,,,,,,,,1,1,1,1.0,5.0
201000059266,0010-05-07 10:30:00,10,5,7,10,30,690,271,RD302   0.000 A 0.400,,,Plein jour,Hors agglomération,Hors intersection,Normale,Sans collision,,,,,,,,,,,1,1,1,1.0,7.0
201000059267,0010-05-07 11:40:00,10,5,7,11,40,690,383,A43   0.000 A 0.550,,,Plein jour,Hors agglomération,Hors intersection,Normale,Sans collision,,,,,,,,,,,1,1,1,1.0,7.0
201000059268,0010-05-07 15:40:00,10,5,7,15,40,690,266,RD383   3.750 A 7.640,,,Plein jour,Hors agglomération,Hors intersection,Pluie légère,Deux véhicules - arrière,,,,,,,,,,,1,1,1,2.0,2.0
201000059269,0010-05-09 16:20:00,10,5,9,16,20,380,336,A7   32.870 A 35.680,45.479,4.83293,Plein jour,Hors agglomération,Hors intersection,Normale,Sans collision,,,,,,,,,,,1,1,1,1.0,7.0
201000059270,0010-05-12 22:30:00,10,5,12,22,30,690,29,RD383   7.640 A 11.044,,,Nuit avec éclairage allumé,Hors agglomération,Hors intersection,Normale,Sans collision,,,,,,,,,,,5,1,1,1.0,7.0
201000059271,0010-05-11 12:08:00,10,5,11,12,8,690,286,A46N   S/N   25.680 A 25,,,Plein jour,Hors agglomération,Hors intersection,Pluie forte,Sans collision,,,,,,,,,,,1,1,1,3.0,7.0
201000059272,0010-05-11 17:05:00,10,5,11,17,5,690,259,RD383   11.750 A 14.250,,,Plein jour,Hors agglomération,Hors intersection,Normale,Trois véhicules et plus - en chaîne,,,,,,,,,,,1,1,1,1.0,4.0
201000059273,0010-05-13 21:35:00,10,5,13,21,35,380,184,A43   15.971 A 18.875,,,Nuit sans éclairage public,Hors agglomération,Hors intersection,Normale,Deux véhicules - côté,,,,,,,,,,,3,1,1,1.0,3.0
201000059274,0010-05-15 12:50:00,10,5,15,12,50,690,29,RD383   7.640 A 11.044,,,Plein jour,Hors agglomération,Hors intersection,Normale,Deux véhicules - arrière,,,,,,,,,,,1,1,1,1.0,2.0
201000059275,0010-05-15 05:30:00,10,5,15,5,30,690,152,A7   4.270 A 7.000,,,Crépuscule ou aube,Hors agglomération,Hors intersection,Normale,Deux véhicules - arrière,,,,,,,,,,,2,1,1,1.0,2.0
201000059276,0010-05-20 07:45:00,10,5,20,7,45,690,29,A43   0.550 A 3.353,,,Plein jour,Hors agglomération,Hors intersection,Normale,Trois véhicules et plus - collisions multiples,,,,,,,,,,,1,1,1,1.0,5.0
201000059277,0010-05-21 17:45:00,10,5,21,17,45,690,389,A6   451.790 A 453.400,,,Plein jour,Hors agglomération,Hors intersection,Normale,Sans collision,,,,,,,,,,,1,1,1,1.0,7.0
201000059278,0010-05-21 20:00:00,10,5,21,20,0,690,7,A7   31.960 A 32.870,,,Plein jour,Hors agglomération,Hors intersection,Normale,Autre collision,,,,,,,,,,,1,1,1,1.0,6.0
201000059279,0010-05-25 07:10:00,10,5,25,7,10,690,29,RD383   7.640 A 11.044,,,Plein jour,Hors agglomération,Hors intersection,Normale,Deux véhicules - arrière,,,,,,,,,,,1,1,1,1.0,2.0
201000059280,0010-05-20 08:10:00,10,5,20,8,10,690,259,RD383   11.750 A 14.250,,,Plein jour,Hors agglomération,Hors intersection,Normale,Deux véhicules - arrière,,,,,,,,,,,1,1,1,1.0,2.0
201000059281,0010-05-26 20:30:00,10,5,26,20,30,690,152,A450   0.000 A 1.090,,,Crépuscule ou aube,Hors agglomération,Hors intersection,Pluie forte,Autre collision,,,,,,,,,,,2,1,1,3.0,6.0
201000059282,0010-05-26 22:05:00,10,5,26,22,5,690,275,RN346   29.300 A 34.350,,,Nuit avec éclairage allumé,Hors agglomération,Hors intersection,Pluie forte,Autre collision,,,,,,,,,,,5,1,1,3.0,6.0
201000059283,0010-05-27 07:40:00,10,5,27,7,40,690,259,RD383   11.750 A 14.250,,,Plein jour,Hors agglomération,Hors intersection,Normale,Autre collision,,,,,,,,,,,1,1,1,1.0,6.0
201000059284,0010-05-27 09:15:00,10,5,27,9,15,690,116,A6   442.500 A 445.030,,,Plein jour,Hors agglomération,Hors intersection,Normale,Autre collision,,,,,,,,,,,1,1,1,1.0,6.0
201000059285,0010-05-27 18:45:00,10,5,27,18,45,690,193,A7   29.920 A 31.960,,,Plein jour,Hors agglomération,Hors intersection,Normale,Sans collision,,,,,,,,,,,1,1,1,1.0,7.0
201000059286,0010-05-28 08:49:00,10,5,28,8,49,690,277,RN346   36.215 A 38.000,,,Plein jour,Hors agglomération,Hors intersection,Normale,Autre collision,,,,,,,,,,,1,1,1,1.0,6.0
201000059287,0010-05-28 15:30:00,10,5,28,15,30,690,297,A7   15.770 A 20.110,,,Plein jour,Hors agglomération,Hors intersection,Normale,Autre collision,,,,,,,,,,,1,1,1,1.0,6.0
201000059288,0010-05-29 17:00:00,10,5,29,17,0,690,275,RN346   29.300 A 34.350,,,Plein jour,Hors agglomération,Hors intersection,Normale,Deux véhicules - arrière,,,,,,,,,,,1,1,1,1.0,2.0
201000059289,0010-05-31 10:14:00,10,5,31,10,14,690,281,A46S   49.160 A 53.980,,,Plein jour,Hors agglomération,Hors intersection,Pluie légère,Deux véhicules - arrière,,,,,,,,,,,1,1,1,2.0,2.0
201000059290,0010-05-31 12:30:00,10,5,31,12,30,690,276,A7   8.630 A 10.992,,,Plein jour,Hors agglomération,Hors intersection,Normale,Autre collision,,,,,,,,,,,1,1,1,1.0,6.0
201000059291,0010-05-31 17:50:00,10,5,31,17,50,690,72,A6   445.323 A 447.390,,,Plein jour,Hors agglomération,Hors intersection,Normale,Deux véhicules - arrière,,,,,,,,,,,1,1,1,1.0,2.0
201000059292,0010-06-01 18:00:00,10,6,1,18,0,690,72,A6   445.323 A 447.390,,,Plein jour,Hors agglomération,Hors intersection,Normale,Trois véhicules et plus - en chaîne,,,,,,,,,,,1,1,1,1.0,4.0
201000059293,0010-06-01 19:50:00,10,6,1,19,50,690,385,A6   453.400 A 455.000,,,Plein jour,Hors agglomération,Hors intersection,Normale,Deux véhicules - arrière,,,,,,,,,,,1,1,1,1.0,2.0
201000059294,0010-06-05 22:00:00,10,6,5,22,0,690,281,A46S   49.160 A 53.980,,,Nuit sans éclairage public,Hors agglomération,Hors intersection,Normale,Sans collision,,,,,,,,,,,3,1,1,1.0,7.0
201000059295,0010-06-06 17:30:00,10,6,6,17,30,690,29,RD383   7.640 A 11.044,,,Plein jour,Hors agglomération,Hors intersection,Pluie légère,Deux véhicules - arrière,,,,,,,,,,,1,1,1,2.0,2.0
201000059296,0010-06-09 19:00:00,10,6,9,19,0,10,249,A46   18.876 A 19/955,,,Plein jour,Hors agglomération,Hors intersection,Pluie forte,Deux véhicules - arrière,,,,,,,,,,,1,1,1,3.0,2.0
201000059297,0010-06-10 17:15:00,10,6,10,17,15,690,275,RN346   29.300 A 34.350,,,Plein jour,Hors agglomération,Hors intersection,Normale,Deux véhicules - arrière,,,,,,,,,,,1,1,1,1.0,2.0
201000059298,0010-06-10 20:30:00,10,6,10,20,30,690,283,A46S   43.680 A 47.880,,,Plein jour,Hors agglomération,Hors intersection,Pluie légère,Autre collision,,,,,,,,,,,1,1,1,2.0,6.0
201000059299,0010-06-11 07:00:00,10,6,11,7,0,690,256,A42     0.560 A 4.020,,,Plein jour,Hors agglomération,Hors intersection,Normale,Deux véhicules - côté,,,,,,,,,,,1,1,1,1.0,3.0
201000059300,0010-06-11 19:05:00,10,6,11,19,5,690,256,RN346  S/N   25.686 A 29,,,Plein jour,Hors agglomération,Hors intersection,Pluie forte,Autre collision,,,,,,,,,,,1,1,1,3.0,6.0
201000059301,0010-06-11 19:45:00,10,6,11,19,45,690,152,A450   0.000 A 1.090,,,Plein jour,Hors agglomération,Hors intersection,Pluie légère,Autre collision,,,,,,,,,,,1,1,1,2.0,6.0
201000059302,0010-06-12 07:00:00,10,6,12,7,0,690,266,,,,Plein jour,Hors agglomération,Hors intersection,Normale,Sans collision,,,,,,,,,,,1,1,1,1.0,7.0
201000059303,0010-06-12 18:05:00,10,6,12,18,5,10,275,A42 4.329 A 5.760,,,Plein jour,Hors agglomération,Hors intersection,Normale,Sans collision,,,,,,,,,,,1,1,1,1.0,7.0
201000059304,0010-06-13 00:15:00,10,6,13,0,15,690,278,A46N   12.680 A 13.378,,,Nuit sans éclairage public,Hors agglomération,Hors intersection,Normale,Autre collision,,,,,,,,,,,3,1,1,1.0,6.0
201000059305,0010-06-13 03:15:00,10,6,13,3,15,690,266,RD383   3.750 A 7.640,,,Nuit avec éclairage allumé,Hors agglomération,Hors intersection,Normale,Autre collision,,,,,,,,,,,5,1,1,1.0,6.0
201000059306,0010-06-14 07:35:00,10,6,14,7,35,690,199,A7   7.000 A 8.630,,,Plein jour,Hors agglomération,Hors intersection,Temps couvert,Deux véhicules - arrière,,,,,,,,,,,1,1,1,8.0,2.0
201000059307,0010-06-15 07:50:00,10,6,15,7,50,690,271,RN346   34.850 A 36.215,,,Plein jour,Hors agglomération,Hors intersection,Temps couvert,Autre collision,,,,,,,,,,,1,1,1,8.0,6.0
201000059308,0010-06-15 04:50:00,10,6,15,4,50,690,271,RN346   34.850 A 36.215,,,Nuit avec éclairage non allumé,Hors agglomération,Hors intersection,Pluie légère,Autre collision,,,,,,,,,,,4,1,1,2.0,6.0
201000059309,0010-06-15 07:05:00,10,6,15,7,5,690,266,RD383   1.165 A 1.893,,,Plein jour,Hors agglomération,Hors intersection,Pluie légère,Deux véhicules - frontale,,,,,,,,,,,1,1,1,2.0,1.0
201000059310,0010-06-16 04:50:00,10,6,16,4,50,380,544,A7   25.770 A 27.460,45.5436,4.84439,Nuit avec éclairage allumé,Hors agglomération,Hors intersection,Pluie légère,Autre collision,,,,,,,,,,,5,1,1,2.0,6.0
201000059311,0010-06-16 06:35:00,10,6,16,6,35,690,256,RN346  N/S  25.736 A 29.,,,Nuit avec éclairage allumé,Hors agglomération,Hors intersection,Pluie forte,Sans collision,,,,,,,,,,,5,1,1,3.0,7.0
201000059312,0010-06-17 23:30:00,10,6,17,23,30,690,271,RN346   34.850 A 36.215,,,Nuit sans éclairage public,Hors agglomération,Hors intersection,Normale,Deux véhicules - arrière,,,,,,,,,,,3,1,1,1.0,2.0
201000059313,0010-06-18 20:30:00,10,6,18,20,30,690,117,A6   439.400 A 442.500,,,Plein jour,Hors agglomération,Hors intersection,Normale,Deux véhicules - arrière,,,,,,,,,,,1,1,1,1.0,2.0
201000059314,0010-06-19 09:00:00,10,6,19,9,0,690,29,RD383   7.640 A 11.044,,,Plein jour,Hors agglomération,Hors intersection,Normale,Deux véhicules - côté,,,,,,,,,,,1,1,1,1.0,3.0
201000059315,0010-06-19 14:15:00,10,6,19,14,15,690,290,A43   3.865 A 9.894,,,Plein jour,Hors agglomération,Hors intersection,Pluie légère,Deux véhicules - arrière,,,,,,,,,,,1,1,1,2.0,2.0
201000059316,0010-06-19 20:10:00,10,6,19,20,10,690,286,A46N   S/N   25.680 A 25,,,Crépuscule ou aube,Hors agglomération,Hors intersection,Temps couvert,Autre collision,,,,,,,,,,,2,1,1,8.0,6.0
201000059317,0010-06-19 23:05:00,10,6,19,23,5,690,290,RN346   38.960 A 40.883,,,Nuit avec éclairage allumé,Hors agglomération,Hors intersection,Normale,Deux véhicules - arrière,,,,,,,,,,,5,1,1,1.0,2.0
201000059318,0010-06-22 13:30:00,10,6,22,13,30,690,152,A7   4.270 A 7.000,,,Plein jour,Hors agglomération,Hors intersection,Normale,Trois véhicules et plus - collisions multiples,,,,,,,,,,,1,1,1,1.0,5.0
201000059319,0010-06-22 04:15:00,10,6,22,4,15,690,382,A7   0.000 A 2.278,,,Crépuscule ou aube,Hors agglomération,Hors intersection,Normale,Deux véhicules - arrière,,,,,,,,,,,2,1,1,1.0,2.0
201000059320,0010-06-23 09:05:00,10,6,23,9,5,690,199,A7   7.000 A 8.630,,,Plein jour,Hors agglomération,Hors intersection,Normale,Deux véhicules - arrière,,,,,,,,,,,1,1,1,1.0,2.0
201000059321,0010-06-23 20:20:00,10,6,23,20,20,690,297,A7   15.770 A 20.110,,,Plein jour,Hors agglomération,Hors intersection,Normale,Autre collision,,,,,,,,,,,1,1,1,1.0,6.0
201000059322,0010-06-24 11:15:00,10,6,24,11,15,690,199,A7   7.000 A 8.630,,,Plein jour,Hors agglomération,Hors intersection,Normale,Deux véhicules - frontale,,,,,,,,,,,1,1,1,1.0,1.0
201000059323,0010-06-25 00:10:00,10,6,25,0,10,690,282,RD302   0.000 A 4.000,,,Nuit sans éclairage public,Hors agglomération,Hors intersection,Normale,Deux véhicules - arrière,,,,,,,,,,,3,1,1,1.0,2.0
201000059324,0010-06-25 08:55:00,10,6,25,8,55,690,29,RD383   7.640 A 11.044,,,Plein jour,Hors agglomération,Hors intersection,Normale,Deux véhicules - arrière,,,,,,,,,,,1,1,1,1.0,2.0
201000059325,0010-06-25 12:00:00,10,6,25,12,0,690,29,A43   0.550 A 3.353,,,Plein jour,Hors agglomération,Hors intersection,Normale,Autre collision,,,,,,,,,,,1,1,1,1.0,6.0
201000059326,0010-06-25 15:30:00,10,6,25,15,30,690,290,A46S   40.883 A 43.680,,,Plein jour,Hors agglomération,Hors intersection,Normale,Deux véhicules - arrière,,,,,,,,,,,1,1,1,1.0,2.0
201000059327,0010-06-27 19:40:00,10,6,27,19,40,690,297,A7   15.770 A 20.110,,,Plein jour,Hors agglomération,Hors intersection,Normale,Trois véhicules et plus - collisions multiples,,,,,,,,,,,1,1,1,1.0,5.0
201000059328,0010-06-28 10:21:00,10,6,28,10,21,690,152,A7   4.270 A 7.000,,,Plein jour,Hors agglomération,Hors intersection,Normale,Autre collision,,,,,,,,,,,1,1,1,1.0,6.0