accident_id,datetime,annee,mois,jour,heure,minute,departement,commune_insee,adresse,latitude,longitude,luminosite,agglomeration,intersection,meteo,collision,nb_vehicules,nb_usagers,nb_indemnes,nb_tues,nb_blesses_hosp,nb_blesses_legers,age_cond_1,age_cond_2,veh_type_cond_1,veh_type_cond_2,lum_code,agg_code,int_code,atm_code,col_code
201000059329,0010-06-28 11:15:00,10,6,28,11,15,690,199,A7   7.000 A 8.630,45.41674,4.50654,Plein jour,Hors agglomération,Hors intersection,Normale,Deux véhicules - côté,,,,,,,,,,,1,1,1,1.0,3.0
201000059330,0010-06-28 12:20:00,10,6,28,12,20,690,29,RD383   7.640 A 11.044,,,Plein jour,Hors agglomération,Hors intersection,Normale,Autre collision,,,,,,,,,,,1,1,1,1.0,6.0
201000059331,0010-06-30 01:30:00,10,6,30,1,30,690,388,RD383   11.460 A 11.750,,,Nuit avec éclairage allumé,Hors agglomération,Hors intersection,Normale,Deux véhicules - côté,,,,,,,,,,,5,1,1,1.0,3.0
201000059332,0010-06-30 07:25:00,10,6,30,7,25,380,449,A43   18.875 A 21.100,,,Plein jour,Hors agglomération,Hors intersection,Normale,Deux véhicules - côté,,,,,,,,,,,1,1,1,1.0,3.0
201000059333,0010-06-30 13:30:00,10,6,30,13,30,10,275,A46 25.180 A 25.680,,,Plein jour,Hors agglomération,Hors intersection,Normale,Trois véhicules et plus - collisions multiples,,,,,,,,,,,1,1,1,1.0,5.0
201000059334,0010-07-01 08:45:00,10,7,1,8,45,690,290,A43   3.865 A 9.894,,,Plein jour,Hors agglomération,Hors intersection,Normale,Deux véhicules - arrière,,,,,,,,,,,1,1,1,1.0,2.0
201000059335,0010-07-01 19:15:00,10,7,1,19,15,690,389,A6   451.790 A 453.400,,,Plein jour,Hors agglomération,Hors intersection,Normale,Sans collision,,,,,,,,,,,1,1,1,1.0,7.0
201000059336,0010-07-02 14:32:00,10,7,2,14,32,690,290,A43   3.865 A 9.894,,,Plein jour,Hors agglomération,Hors intersection,Normale,Trois véhicules et plus - collisions multiples,,,,,,,,,,,1,1,1,1.0,5.0
201000059337,0010-07-04 14:00:00,10,7,4,14,0,690,290,A46S   40.883 A 43.680,,,Plein jour,Hors agglomération,Hors intersection,Normale,Autre collision,,,,,,,,,,,1,1,1,1.0,6.0
201000059338,0010-07-06 16:40:00,10,7,6,16,40,690,29,A43   0.550 A 3.353,,,Plein jour,Hors agglomération,Hors intersection,Normale,Trois véhicules et plus - en chaîne,,,,,,,,,,,1,1,1,1.0,4.0
201000059339,0010-07-07 09:30:00,10,7,7,9,30,10,249,A42  6.290 A 8.310,,,Plein jour,Hors agglomération,Hors intersection,Normale,Deux véhicules - côté,,,,,,,,,,,1,1,1,1.0,3.0
201000059340,0010-07-09 01:30:00,10,7,9,1,30,690,116,A6   442.500 A 445.030,,,Nuit sans éclairage public,Hors agglomération,Hors intersection,Normale,Deux véhicules - arrière,,,,,,,,,,,3,1,1,1.0,2.0
201000059341,0010-07-09 07:47:00,10,7,9,7,47,690,286,A46N   19.955 A 25.180,,,Plein jour,Hors agglomération,Hors intersection,Normale,Autre collision,,,,,,,,,,,1,1,1,1.0,6.0
201000059342,0010-07-09 09:00:00,10,7,9,9,0,690,40,A6   447.520 A 448.490,,,Plein jour,Hors agglomération,Hors intersection,Normale,Trois véhicules et plus - en chaîne,,,,,,,,,,,1,1,1,1.0,4.0
201000059343,0010-07-09 08:45:00,10,7,9,8,45,690,389,A6   451.790 A 453.400,,,Plein jour,Hors agglomération,Hors intersection,Normale,Deux véhicules - côté,,,,,,,,,,,1,1,1,1.0,3.0
201000059344,0010-07-09 17:30:00,10,7,9,17,30,380,449,A43   18.875 A 21.100,45.6496,5.11522,Plein jour,Hors agglomération,Hors intersection,Normale,Trois véhicules et plus - en chaîne,,,,,,,,,,,1,1,1,1.0,4.0
201000059345,0010-07-09 19:50:00,10,7,9,19,50,690,290,A43   3.865 A 9.894,,,Plein jour,Hors agglomération,Hors intersection,Normale,Deux véhicules - côté,,,,,,,,,,,1,1,1,1.0,3.0
201000059346,0010-07-10 21:55:00,10,7,10,21,55,10,275,A42   4.353 A 5.760   GE,,,Nuit sans éclairage public,Hors agglomération,Hors intersection,Normale,Sans collision,,,,,,,,,,,3,1,1,1.0,7.0
201000059347,0010-07-11 10:20:00,10,7,11,10,20,380,184,A43   15.971 A 18.875,,,Plein jour,Hors agglomération,Hors intersection,Normale,Autre collision,,,,,,,,,,,1,1,1,1.0,6.0
201000059348,0010-07-13 23:45:00,10,7,13,23,45,690,295,A46S   53.980 A 57.400,,,Nuit sans éclairage public,Hors agglomération,Hors intersection,Normale,Autre collision,,,,,,,,,,,3,1,1,1.0,6.0
201000059349,0010-07-14 23:40:00,10,7,14,23,40,380,544,RN7 INTER BD PACCATIANUS,45.5042,4.84782,Nuit avec éclairage allumé,Hors agglomération,Giratoire,Normale,Deux véhicules - arrière,,,,,,,,,,,5,1,6,1.0,2.0
201000059350,0010-07-15 09:15:00,10,7,15,9,15,690,290,A43   3.865 A 9.894,,,Plein jour,Hors agglomération,Hors intersection,Normale,Sans collision,,,,,,,,,,,1,1,1,1.0,7.0
201000059351,0010-07-15 11:25:00,10,7,15,11,25,690,290,A46S   40.883 A 43.680,,,Plein jour,Hors agglomération,Hors intersection,Normale,Deux véhicules - côté,,,,,,,,,,,1,1,1,1.0,3.0
201000059352,0010-07-16 11:25:00,10,7,16,11,25,690,290,A43   3.865 A 9.894,,,Plein jour,Hors agglomération,Hors intersection,Normale,Trois véhicules et plus - en chaîne,,,,,,,,,,,1,1,1,1.0,4.0
201000059353,0010-07-16 14:50:00,10,7,16,14,50,380,87,A7   20.110 A 22.950,45.5717,4.81256,Plein jour,Hors agglomération,Hors intersection,Normale,Trois véhicules et plus - en chaîne,,,,,,,,,,,1,1,1,1.0,4.0
201000059354,0010-07-16 15:40:00,10,7,16,15,40,690,290,A43   3.865 A 9.894,,,Plein jour,Hors agglomération,Hors intersection,Normale,Deux véhicules - arrière,,,,,,,,,,,1,1,1,1.0,2.0
201000059355,0010-07-16 14:10:00,10,7,16,14,10,690,199,A7   7.000 A 8.630,,,Plein jour,Hors agglomération,Hors intersection,Normale,Deux véhicules - côté,,,,,,,,,,,1,1,1,1.0,3.0
201000059356,0010-07-17 22:05:00,10,7,17,22,5,690,149,A7   3.690 A 4.270,,,Nuit avec éclairage allumé,Hors agglomération,Hors intersection,Pluie légère,Deux véhicules - arrière,,,,,,,,,,,5,1,1,2.0,2.0
201000059357,0010-07-18 01:20:00,10,7,18,1,20,690,266,RD383   3.750 A 7.640,,,Nuit avec éclairage allumé,Hors agglomération,Hors intersection,Normale,Trois véhicules et plus - collisions multiples,,,,,,,,,,,5,1,1,1.0,5.0
201000059358,0010-07-18 05:30:00,10,7,18,5,30,690,295,A46S   53.980 A 57.400,,,Plein jour,Hors agglomération,Hors intersection,Normale,Autre collision,,,,,,,,,,,1,1,1,1.0,6.0
201000059359,0010-07-19 10:40:00,10,7,19,10,40,690,297,A7   15.770 A 20.110,,,Plein jour,Hors agglomération,Hors intersection,Normale,Deux véhicules - arrière,,,,,,,,,,,1,1,1,1.0,2.0
201000059360,0010-07-20 16:55:00,10,7,20,16,55,690,266,RD383   3.750 A 7.640,,,Plein jour,Hors agglomération,Hors intersection,Normale,Deux véhicules - côté,,,,,,,,,,,1,1,1,1.0,3.0
201000059361,0010-07-21 08:20:00,10,7,21,8,20,690,29,A43   0.550 A 3.353,,,Plein jour,Hors agglomération,Hors intersection,Normale,Deux véhicules - arrière,,,,,,,,,,,1,1,1,1.0,2.0
201000059362,0010-07-21 08:20:00,10,7,21,8,20,690,81,BPNL   34.000 A 34.614,,,Plein jour,Hors agglomération,Hors intersection,Normale,Trois véhicules et plus - en chaîne,,,,,,,,,,,1,1,1,1.0,4.0
201000059363,0010-07-21 18:05:00,10,7,21,18,5,690,275,RN346   29.300 A 34.350,,,Plein jour,Hors agglomération,Hors intersection,Normale,Trois véhicules et plus - en chaîne,,,,,,,,,,,1,1,1,1.0,4.0
201000059364,0010-07-21 20:25:00,10,7,21,20,25,690,256,RN346  S/N   25.686 A 29,,,Plein jour,Hors agglomération,Hors intersection,Pluie légère,Sans collision,,,,,,,,,,,1,1,1,2.0,7.0
201000059365,0010-07-22 15:00:00,10,7,22,15,0,690,286,A46N   19.955 A 25.180,,,Plein jour,Hors agglomération,Hors intersection,Pluie légère,Deux véhicules - arrière,,,,,,,,,,,1,1,1,2.0,2.0
201000059366,0010-07-22 20:15:00,10,7,22,20,15,690,283,A46S   43.680 A 47.880,,,Crépuscule ou aube,Hors agglomération,Hors intersection,Pluie légère,Sans collision,,,,,,,,,,,2,1,1,2.0,7.0
201000059367,0010-07-25 18:50:00,10,7,25,18,50,690,389,BPNL   34.614 A 36.285,,,Plein jour,Hors agglomération,Hors intersection,Normale,Deux véhicules - arrière,,,,,,,,,,,1,1,1,1.0,2.0
201000059368,0010-07-26 13:30:00,10,7,26,13,30,690,275,RN346   29.300 A 34.350,,,Plein jour,Hors agglomération,Hors intersection,Normale,Sans collision,,,,,,,,,,,1,1,1,1.0,7.0
201000059369,0010-07-26 17:00:00,10,7,26,17,0,690,266,RD383   3.750 A 7.640,,,Plein jour,Hors agglomération,Hors intersection,Normale,Trois véhicules et plus - en chaîne,,,,,,,,,,,1,1,1,1.0,4.0
201000059370,0010-07-27 12:10:00,10,7,27,12,10,690,275,RN346   29.300 A 34.350,,,Plein jour,Hors agglomération,Hors intersection,Normale,Deux véhicules - arrière,,,,,,,,,,,1,1,1,1.0,2.0
201000059371,0010-07-28 13:27:00,10,7,28,13,27,690,382,A7   0.000 A 2.278,,,Plein jour,Hors agglomération,Hors intersection,Normale,Deux véhicules - côté,,,,,,,,,,,1,1,1,1.0,3.0
201000059372,0010-07-29 11:20:00,10,7,29,11,20,10,275,A46 25.180 A 25.680,,,Plein jour,Hors agglomération,Hors intersection,Normale,Trois véhicules et plus - en chaîne,,,,,,,,,,,1,1,1,1.0,4.0
201000059373,0010-07-29 16:00:00,10,7,29,16,0,690,72,A6   445.323 A 447.390,,,Plein jour,Hors agglomération,Hors intersection,Normale,Trois véhicules et plus - collisions multiples,,,,,,,,,,,1,1,1,1.0,5.0
201000059374,0010-07-29 17:50:00,10,7,29,17,50,690,297,A47,,,Plein jour,Hors agglomération,Hors intersection,Normale,Autre collision,,,,,,,,,,,1,1,1,1.0,6.0
201000059375,0010-07-29 18:50:00,10,7,29,18,50,690,266,A42   0.000 A 0.560,,,Plein jour,Hors agglomération,Hors intersection,Normale,Deux véhicules - arrière,,,,,,,,,,,1,1,1,1.0,2.0
201000059376,0010-07-30 18:30:00,10,7,30,18,30,690,259,BUS (RD301)  2.800 A 4.4,,,Plein jour,Hors agglomération,Hors intersection,Normale,Deux véhicules - arrière,,,,,,,,,,,1,1,1,1.0,2.0
201000059377,0010-07-31 04:45:00,10,7,31,4,45,690,294,A7   13.970 A 15.270,,,Nuit avec éclairage allumé,Hors agglomération,Hors intersection,Normale,Sans collision,,,,,,,,,,,5,1,1,1.0,7.0
201000059378,0010-07-30 18:45:00,10,7,30,18,45,690,296,A7   10.992 A 13.970,,,Plein jour,Hors agglomération,Hors intersection,Normale,Sans collision,,,,,,,,,,,1,1,1,1.0,7.0
201000059379,0010-07-31 20:10:00,10,7,31,20,10,690,256,RN346  N/S  25.736 A 29.,,,Plein jour,Hors agglomération,Hors intersection,Normale,Autre collision,,,,,,,,,,,1,1,1,1.0,6.0
201000059380,0010-08-03 00:40:00,10,8,3,0,40,380,336,A7   32.870 A 35.680,45.488,4.83301,Nuit sans éclairage public,Hors agglomération,Hors intersection,Pluie légère,Autre collision,,,,,,,,,,,3,1,1,2.0,6.0
201000059381,0010-08-05 16:00:00,10,8,5,16,0,690,34,RD383   0.000 A 1.165,,,Plein jour,Hors agglomération,Hors intersection,Normale,Deux véhicules - arrière,,,,,,,,,,,1,1,1,1.0,2.0
201000059382,0010-08-09 20:45:00,10,8,9,20,45,690,34,RD383   0.000 A 1.165,,,Plein jour,Hors agglomération,Hors intersection,Normale,Sans collision,,,,,,,,,,,1,1,1,1.0,7.0
201000059383,0010-08-10 07:00:00,10,8,10,7,0,690,382,A6   455.000 A 455.875,,,Plein jour,Hors agglomération,Hors intersection,Normale,Autre collision,,,,,,,,,,,1,1,1,1.0,6.0
201000059384,0010-08-11 16:42:00,10,8,11,16,42,690,256,RN346  S/N   25.686 A 29,,,Plein jour,Hors agglomération,Hors intersection,Normale,Deux véhicules - côté,,,,,,,,,,,1,1,1,1.0,3.0
201000059385,0010-08-17 16:40:00,10,8,17,16,40,690,152,A7   4.270 A 7.000,,,Plein jour,Hors agglomération,Hors intersection,Normale,Sans collision,,,,,,,,,,,1,1,1,1.0,7.0
201000059386,0010-08-18 09:50:00,10,8,18,9,50,10,275,A42   4.353 A 5.760,,,Plein jour,Hors agglomération,Hors intersection,Normale,Autre collision,,,,,,,,,,,1,1,1,1.0,6.0
201000059387,0010-08-19 12:45:00,10,8,19,12,45,690,275,RN346   29.300 A 34.350,,,Plein jour,Hors agglomération,Hors intersection,Normale,Trois véhicules et plus - en chaîne,,,,,,,,,,,1,1,1,1.0,4.0
201000059388,0010-08-22 13:30:00,10,8,22,13,30,690,382,A7   0.000 A 2.278,,,Plein jour,Hors agglomération,Hors intersection,Normale,Deux véhicules - côté,,,,,,,,,,,1,1,1,1.0,3.0
201000059389,0010-08-23 22:55:00,10,8,23,22,55,690,297,A7   15.770 A 20.110,,,Nuit sans éclairage public,Hors agglomération,Hors intersection,Normale,Trois véhicules et plus - en chaîne,,,,,,,,,,,3,1,1,1.0,4.0
201000059390,0010-08-24 07:30:00,10,8,24,7,30,690,290,RN346   38.960 A 40.883,,,Plein jour,Hors agglomération,Hors intersection,Pluie légère,Sans collision,,,,,,,,,,,1,1,1,2.0,7.0
201000059391,0010-08-25 18:40:00,10,8,25,18,40,690,29,A43   0.550 A 3.353,,,Plein jour,Hors agglomération,Hors intersection,Normale,Deux véhicules - côté,,,,,,,,,,,1,1,1,1.0,3.0
201000059392,0010-08-29 11:00:00,10,8,29,11,0,380,87,A7   20.110 A 22.950,45.5826,4.80137,Plein jour,Hors agglomération,Hors intersection,Normale,Deux véhicules - arrière,,,,,,,,,,,1,1,1,1.0,2.0
201000059393,0010-08-28 11:45:00,10,8,28,11,45,380,87,A7   20.110 A 22.950,45.5703,4.8143,Plein jour,Hors agglomération,Hors intersection,Normale,Deux véhicules - arrière,,,,,,,,,,,1,1,1,1.0,2.0
201000059394,0010-08-30 19:00:00,10,8,30,19,0,690,385,A6   453.400 A 455.000,,,Plein jour,Hors agglomération,Hors intersection,Normale,Deux véhicules - arrière,,,,,,,,,,,1,1,1,1.0,2.0
201000059395,0010-09-01 09:10:00,10,9,1,9,10,690,29,A43   0.550 A 3.353,,,Plein jour,Hors agglomération,Hors intersection,Normale,Trois véhicules et plus - en chaîne,,,,,,,,,,,1,1,1,1.0,4.0
201000059396,0010-09-01 15:00:00,10,9,1,15,0,690,29,A43   0.550 A 3.353,,,Plein jour,Hors agglomération,Hors intersection,Normale,Deux véhicules - arrière,,,,,,,,,,,1,1,1,1.0,2.0
201000059397,0010-09-01 20:05:00,10,9,1,20,5,690,199,A7   7.000 A 8.630,,,Plein jour,Hors agglomération,Intersection en X,Normale,Deux véhicules - côté,,,,,,,,,,,1,1,2,1.0,3.0
201000059398,0010-09-02 09:40:00,10,9,2,9,40,690,297,A47   0.000  A 1.657,,,Plein jour,Hors agglomération,Hors intersection,Normale,Deux véhicules - arrière,,,,,,,,,,,1,1,1,1.0,2.0
201000059399,0010-09-02 17:45:00,10,9,2,17,45,690,270,A46S   47.880 A 49.160,,,Plein jour,Hors agglomération,Hors intersection,Normale,Deux véhicules - côté,,,,,,,,,,,1,1,1,1.0,3.0
201000059400,0010-09-03 14:00:00,10,9,3,14,0,690,297,A47   0.000  A 1.657,,,Plein jour,Hors agglomération,Hors intersection,Normale,Deux véhicules - côté,,,,,,,,,,,1,1,1,1.0,3.0
201000059401,0010-09-03 19:35:00,10,9,3,19,35,690,40,A6   447.520 A 448.490,,,Plein jour,Hors agglomération,Autre intersection,Normale,Autre collision,,,,,,,,,,,1,1,9,1.0,6.0
201000059402,0010-09-04 04:10:00,10,9,4,4,10,690,296,A7   10.992 A 13.970,,,Nuit avec éclairage allumé,Hors agglomération,Hors intersection,Normale,Sans collision,,,,,,,,,,,5,1,1,1.0,7.0
201000059403,0010-09-04 11:00:00,10,9,4,11,0,690,276,BUS (RD301)   0.000 A 2.,,,Plein jour,Hors agglomération,Hors intersection,Normale,Sans collision,,,,,,,,,,,1,1,1,1.0,7.0
201000059404,0010-09-04 18:13:00,10,9,4,18,13,690,287,A43   9.894 A 13.029,,,Plein jour,Hors agglomération,Hors intersection,Normale,Sans collision,,,,,,,,,,,1,1,1,1.0,7.0
201000059405,0010-09-07 15:05:00,10,9,7,15,5,380,336,A7   32.870 A 35.680,45.496,4.83797,Plein jour,Hors agglomération,Hors intersection,Pluie légère,Sans collision,,,,,,,,,,,1,1,1,2.0,7.0
201000059406,0010-09-10 17:00:00,10,9,10,17,0,690,29,RD383   7.640 A 11.044,,,Plein jour,Hors agglomération,Hors intersection,Normale,Trois véhicules et plus - collisions multiples,,,,,,,,,,,1,1,1,1.0,5.0
201000059407,0010-09-11 14:00:00,10,9,11,14,0,690,290,A46S   40.883 A 43.680,,,Plein jour,Hors agglomération,Hors intersection,Normale,Deux véhicules - arrière,,,,,,,,,,,1,1,1,1.0,2.0
201000059408,0010-09-12 07:38:00,10,9,12,7,38,690,275,RN346   29.300 A 34.350,,,Plein jour,Hors agglomération,Hors intersection,Normale,Autre collision,,,,,,,,,,,1,1,1,1.0,6.0
201000059409,0010-09-13 17:10:00,10,9,13,17,10,690,27,A450   5.100 A 7.285,,,Plein jour,Hors agglomération,Hors intersection,Normale,Deux véhicules - côté,,,,,,,,,,,1,1,1,1.0,3.0
201000059410,0010-09-13 18:22:00,10,9,13,18,22,690,29,RD383   7.640 A 11.044,,,Plein jour,Hors agglomération,Hors intersection,Normale,Trois véhicules et plus - en chaîne,,,,,,,,,,,1,1,1,1.0,4.0
201000059411,0010-09-14 12:30:00,10,9,14,12,30,690,81,BPNL   34.000 A 34.614,,,Plein jour,Hors agglomération,Hors intersection,Normale,Sans collision,,,,,,,,,,,1,1,1,1.0,7.0
201000059412,0010-09-14 16:45:00,10,9,14,16,45,690,72,A6   445.323 A 447.390,,,Plein jour,Hors agglomération,Hors intersection,Normale,Trois véhicules et plus - en chaîne,,,,,,,,,,,1,1,1,1.0,4.0
201000059413,0010-09-16 09:15:00,10,9,16,9,15,690,283,A46S   43.680 A 47.880,,,Plein jour,Hors agglomération,Hors intersection,Normale,Deux véhicules - arrière,,,,,,,,,,,1,1,1,1.0,2.0
201000059414,0010-09-17 00:10:00,10,9,17,0,10,690,382,A6   455.000 A 455.875,,,Nuit sans éclairage public,Hors agglomération,Hors intersection,Pluie légère,Autre collision,,,,,,,,,,,3,1,1,2.0,6.0
201000059415,0010-09-17 07:55:00,10,9,17,7,55,380,544,A7   25.770 A 27.460,45.5433,4.84559,Plein jour,Hors agglomération,Hors intersection,Normale,Sans collision,,,,,,,,,,,1,1,1,1.0,7.0
201000059416,0010-09-20 16:00:00,10,9,20,16,0,690,295,", A46S   53.980 A 57.400",,,Plein jour,Hors agglomération,Hors intersection,Normale,Sans collision,,,,,,,,,,,1,1,1,1.0,7.0
201000059417,0010-09-21 07:30:00,10,9,21,7,30,690,115,A6   427.300 A 428.640,,,Plein jour,Hors agglomération,Hors intersection,Normale,Deux véhicules - arrière,,,,,,,,,,,1,1,1,1.0,2.0
201000059418,0010-09-22 10:30:00,10,9,22,10,30,690,142,A7   2.278 A 3.690,,,Plein jour,Hors agglomération,Hors intersection,Normale,Deux véhicules - côté,,,,,,,,,,,1,1,1,1.0,3.0
201000059419,0010-09-22 21:55:00,10,9,22,21,55,690,296,A7   10.992 A 13.970,,,Nuit avec éclairage allumé,Hors agglomération,Hors intersection,Normale,Trois véhicules et plus - en chaîne,,,,,,,,,,,5,1,1,1.0,4.0
201000059420,0010-09-23 15:20:00,10,9,23,15,20,690,29,A43   0.550 A 3.353,,,Plein jour,Hors agglomération,Hors intersection,Normale,Deux véhicules - arrière,,,,,,,,,,,1,1,1,1.0,2.0
201000059421,0010-09-24 04:45:00,10,9,24,4,45,690,276,A7   8.630 A 10.992,,,Nuit avec éclairage allumé,Hors agglomération,Hors intersection,Normale,Deux véhicules - arrière,,,,,,,,,,,5,1,1,1.0,2.0
201000059422,0010-09-24 10:15:00,10,9,24,10,15,690,283,A46S   43.680 A 47.880,,,Plein jour,Hors agglomération,Hors intersection,Pluie forte,Sans collision,,,,,,,,,,,1,1,1,3.0,7.0
201000059423,0010-09-24 11:20:00,10,9,24,11,20,690,27,A450   5.100 A 7.285,,,Plein jour,Hors agglomération,Hors intersection,Pluie légère,Trois véhicules et plus - collisions multiples,,,,,,,,,,,1,1,1,2.0,5.0
201000059424,0010-09-24 12:00:00,10,9,24,12,0,690,382,A7   0.000 A 2.278,,,Plein jour,Hors agglomération,Hors intersection,Pluie forte,Autre collision,,,,,,,,,,,1,1,1,3.0,6.0
201000059425,0010-09-24 12:20:00,10,9,24,12,20,690,266,RD383   3.750 A 7.640,,,Plein jour,Hors agglomération,Hors intersection,Pluie forte,Autre collision,,,,,,,,,,,1,1,1,3.0,6.0
201000059426,0010-09-24 13:40:00,10,9,24,13,40,690,290,A46S   40.883 A 43.680,,,Plein jour,Hors agglomération,Hors intersection,Pluie forte,Autre collision,,,,,,,,,,,1,1,1,3.0,6.0
201000059427,0010-09-24 14:46:00,10,9,24,14,46,690,259,BUS (RD301)  2.800 A 4.4,,,Plein jour,Hors agglomération,Hors intersection,Normale,Trois véhicules et plus - collisions multiples,,,,,,,,,,,1,1,1,1.0,5.0
201000059428,0010-09-24 17:10:00,10,9,24,17,10,690,34,BPNL   37.781 A 41.124,,,Plein jour,Hors agglomération,Hors intersection,Pluie légère,Sans collision,,,,,,,,,,,1,1,1,2.0,7.0
201000059429,0010-09-24 19:00:00,10,9,24,19,0,690,290,A43   3.865 A 9.894,,,Plein jour,Hors agglomération,Hors intersection,Pluie légère,Trois véhicules et plus - collisions multiples,,,,,,,,,,,1,1,1,2.0,5.0
201000059430,0010-09-24 04:15:00,10,9,24,4,15,690,29,A43   3.353 A 3.865,,,Nuit avec éclairage allumé,Hors agglomération,Hors intersection,Pluie légère,Deux véhicules - arrière,,,,,,,,,,,5,1,1,2.0,2.0
201000059431,0010-09-25 08:00:00,10,9,25,8,0,690,199,RD383   14.250 A 18.000,,,Plein jour,Hors agglomération,Hors intersection,Pluie légère,Sans collision,,,,,,,,,,,1,1,1,2.0,7.0
201000059432,0010-09-25 10:05:00,10,9,25,10,5,380,336,RN7   10.000 A 10.310,45.4985,4.84136,Plein jour,Hors agglomération,Hors intersection,Pluie légère,Deux véhicules - côté,,,,,,,,,,,1,1,1,2.0,3.0
201000059433,0010-09-25 12:45:00,10,9,25,12,45,690,283,A46S   43.680 A 47.880,,,Plein jour,Hors agglomération,Hors intersection,Pluie légère,Autre collision,,,,,,,,,,,1,1,1,2.0,6.0
201000059434,0010-09-26 16:00:00,10,9,26,16,0,690,286,A46N   19.955 A 25.180,,,Plein jour,Hors agglomération,Hors intersection,Normale,Deux véhicules - côté,,,,,,,,,,,1,1,1,1.0,3.0
201000059435,0010-09-27 08:45:00,10,9,27,8,45,690,266,RD383   3.750 A 7.640,,,Plein jour,Hors agglomération,Hors intersection,Normale,Deux véhicules - côté,,,,,,,,,,,1,1,1,1.0,3.0
201000059436,0010-10-01 23:35:00,10,10,1,23,35,690,297,A47   0.000  A 1.657,,,Nuit avec éclairage allumé,Hors agglomération,Hors intersection,Normale,Autre collision,,,,,,,,,,,5,1,1,1.0,6.0
201000059437,0010-10-02 01:50:00,10,10,2,1,50,690,297,A7   15.770 A 20.110,,,Nuit avec éclairage allumé,Hors agglomération,Hors intersection,Normale,Deux véhicules - arrière,,,,,,,,,,,5,1,1,1.0,2.0
201000059438,0010-10-03 06:10:00,10,10,3,6,10,690,29,RD383   7.640 A 11.044,,,Nuit avec éclairage allumé,Hors agglomération,Hors intersection,Normale,Autre collision,,,,,,,,,,,5,1,1,1.0,6.0
201000059439,0010-10-03 11:30:00,10,10,3,11,30,690,115,A6   427.300 A 428.640,,,Plein jour,Hors agglomération,Hors intersection,Normale,Autre collision,,,,,,,,,,,1,1,1,1.0,6.0
201000059440,0010-10-04 18:00:00,10,10,4,18,0,690,266,RD383   1.165 A 1.893,,,Plein jour,Hors agglomération,Hors intersection,Pluie légère,Sans collision,,,,,,,,,,,1,1,1,2.0,7.0
201000059441,0010-10-04 21:30:00,10,10,4,21,30,690,152,A450   0.000 A 1.090,,,Nuit sans éclairage public,Hors agglomération,Hors intersection,Pluie légère,Autre collision,,,,,,,,,,,3,1,1,2.0,6.0
201000059442,0010-10-05 12:30:00,10,10,5,12,30,690,244,A6   451.640 A 451.790,,,Plein jour,Hors agglomération,Hors intersection,Normale,Sans collision,,,,,,,,,,,1,1,1,1.0,7.0
201000059443,0010-10-06 07:25:00,10,10,6,7,25,690,199,RD383   14.250 A 18.000,,,Plein jour,Hors agglomération,Hors intersection,Normale,Deux véhicules - arrière,,,,,,,,,,,1,1,1,1.0,2.0
201000059444,0010-10-07 17:00:00,10,10,7,17,0,690,266,RD383   3.750 A 7.640,,,Plein jour,Hors agglomération,Hors intersection,Normale,Trois véhicules et plus - en chaîne,,,,,,,,,,,1,1,1,1.0,4.0
201000059445,0010-10-08 16:20:00,10,10,8,16,20,690,199,A7   7.000 A 8.630,,,Plein jour,Hors agglomération,Hors intersection,Normale,Deux véhicules - côté,,,,,,,,,,,1,1,1,1.0,3.0
201000059446,0010-10-10 06:40:00,10,10,10,6,40,690,288,A43   13.029 A 15.971,,,Nuit sans éclairage public,Hors agglomération,Hors intersection,Normale,Autre collision,,,,,,,,,,,3,1,1,1.0,6.0
201000059447,0010-10-11 16:30:00,10,10,11,16,30,690,199,RD383   14.250 A 18.000,,,Plein jour,Hors agglomération,Hors intersection,Normale,Deux véhicules - côté,,,,,,,,,,,1,1,1,1.0,3.0
201000059448,0010-10-11 18:20:00,10,10,11,18,20,690,278,A46N   12.680 A 13.378,,,Plein jour,Hors agglomération,Hors intersection,Normale,Autre collision,,,,,,,,,,,1,1,1,1.0,6.0
201000059449,0010-10-12 09:38:00,10,10,12,9,38,690,275,RN346   29.300 A 34.350,,,Plein jour,Hors agglomération,Hors intersection,Normale,Trois véhicules et plus - collisions multiples,,,,,,,,,,,1,1,1,1.0,5.0
201000059450,0010-10-12 11:45:00,10,10,12,11,45,690,297,A47,,,Plein jour,Hors agglomération,Hors intersection,Normale,Deux véhicules - côté,,,,,,,,,,,1,1,1,1.0,3.0
201000059451,0010-10-12 12:35:00,10,10,12,12,35,690,27,A450   5.100 A 7.285,,,Plein jour,Hors agglomération,Hors intersection,Normale,Deux véhicules - côté,,,,,,,,,,,1,1,1,1.0,3.0
201000059452,0010-10-12 17:10:00,10,10,12,17,10,690,199,A7   7.000 A 8.630,,,Plein jour,Hors agglomération,Hors intersection,Normale,Trois véhicules et plus - en chaîne,,,,,,,,,,,1,1,1,1.0,4.0
201000059453,0010-10-14 16:10:00,10,10,14,16,10,690,272,A46S   57.400 A 61.010,,,Plein jour,Hors agglomération,Hors intersection,Normale,Autre collision,,,,,,,,,,,1,1,1,1.0,6.0