accident_id,datetime,annee,mois,jour,heure,minute,departement,commune_insee,adresse,latitude,longitude,luminosite,agglomeration,intersection,meteo,collision,nb_vehicules,nb_usagers,nb_indemnes,nb_tues,nb_blesses_hosp,nb_blesses_legers,age_cond_1,age_cond_2,veh_type_cond_1,veh_type_cond_2,lum_code,agg_code,int_code,atm_code,col_code
201000059703,0010-11-01 20:50:00,10,11,1,20,50,830,62,A57,,,Nuit sans éclairage public,Hors agglomération,Hors intersection,Pluie légère,Deux véhicules - arrière,,,,,,,,,,,3,1,1,2.0,2.0
201000059704,0010-11-10 15:33:00,10,11,10,15,33,830,144,A57,,,Plein jour,Hors agglomération,Hors intersection,Temps couvert,Deux véhicules - côté,,,,,,,,,,,1,1,1,8.0,3.0
201000059705,0010-11-11 06:11:00,10,11,11,6,11,830,144,A57,,,Nuit avec éclairage allumé,Hors agglomération,Hors intersection,Normale,Deux véhicules - côté,,,,,,,,,,,5,1,1,1.0,3.0
201000059706,0010-11-15 07:40:00,10,11,15,7,40,830,62,A57,,,Plein jour,Hors agglomération,Hors intersection,Normale,Deux véhicules - côté,,,,,,,,,,,1,1,1,1.0,3.0
201000059707,0010-11-15 12:20:00,10,11,15,12,20,830,27,A50,,,Plein jour,Hors agglomération,Hors intersection,Pluie légère,Deux véhicules - côté,,,,,,,,,,,1,1,1,2.0,3.0
201000059708,0010-12-03 19:44:00,10,12,3,19,44,830,144,A57,,,Nuit sans éclairage public,Hors agglomération,Hors intersection,Normale,Trois véhicules et plus - en chaîne,,,,,,,,,,,3,1,1,1.0,4.0
201000059709,0010-12-10 14:06:00,10,12,10,14,6,830,137,A57,,,Plein jour,Hors agglomération,Hors intersection,Normale,Deux véhicules - arrière,,,,,,,,,,,1,1,1,1.0,2.0
201000059710,0010-12-11 11:45:00,10,12,11,11,45,830,137,A57,,,Plein jour,Hors agglomération,Hors intersection,Normale,Trois véhicules et plus - en chaîne,,,,,,,,,,,1,1,1,1.0,4.0
201000059711,0010-12-11 20:30:00,10,12,11,20,30,830,137,A50,,,Nuit avec éclairage allumé,Hors agglomération,Hors intersection,Normale,Deux véhicules - arrière,,,,,,,,,,,5,1,1,1.0,2.0
201000059712,0010-12-23 13:50:00,10,12,23,13,50,830,137,A50,,,Plein jour,Hors agglomération,Hors intersection,Pluie légère,Trois véhicules et plus - collisions multiples,,,,,,,,,,,1,1,1,2.0,5.0
201000059713,0010-12-28 15:00:00,10,12,28,15,0,830,137,A57,,,Plein jour,Hors agglomération,Hors intersection,Normale,Trois véhicules et plus - en chaîne,,,,,,,,,,,1,1,1,1.0,4.0
201000059714,0010-01-01 04:55:00,10,1,1,4,55,130,70,A50-SENS AUBAGNE VERS MA,43.286,5.51093,Nuit sans éclairage public,Hors agglomération,Autre intersection,Pluie légère,Autre collision,,,,,,,,,,,3,1,9,2.0,6.0
201000059715,0010-01-01 10:00:00,10,1,1,10,0,130,71,A55-SENS MARTIGUES VERS,43.3779,5.31755,Plein jour,Hors agglomération,Hors intersection,Pluie légère,Autre collision,,,,,,,,,,,1,1,1,2.0,6.0
201000059716,0010-01-02 14:00:00,10,1,2,14,0,130,26,A55-SENS MARSEILLE VERS,43.3866,5.14703,Plein jour,Hors agglomération,Hors intersection,Vent fort / tempête,Deux véhicules - arrière,,,,,,,,,,,1,1,1,6.0,2.0
201000059717,0010-01-03 13:40:00,10,1,3,13,40,130,211,A50-SENS MARSEILLE VERS,43.2878,5.50128,Plein jour,Hors agglomération,Hors intersection,Normale,Sans collision,,,,,,,,,,,1,1,1,1.0,7.0
201000059718,0010-01-03 02:00:00,10,1,3,2,0,130,5,A52-SENS TOULON VERS PON,43.3132,5.59122,Nuit sans éclairage public,Hors agglomération,Hors intersection,Normale,Sans collision,,,,,,,,,,,3,1,1,1.0,7.0
201000059719,0010-01-05 14:30:00,10,1,5,14,30,130,106,A7-SENS MARSEILLE VERS L,43.3995,5.34973,Plein jour,Hors agglomération,Hors intersection,Normale,Trois véhicules et plus - en chaîne,,,,,,,,,,,1,1,1,1.0,4.0
201000059720,0010-01-06 10:40:00,10,1,6,10,40,130,71,A7-SENS LYON VERS MARSEI,43.4046,5.31706,Plein jour,Hors agglomération,Hors intersection,Normale,Deux véhicules - côté,,,,,,,,,,,1,1,1,1.0,3.0
201000059721,0010-12-24 16:00:00,10,12,24,16,0,130,211,A50-SENS MARSEILLE VERS,43.2859,5.42933,Plein jour,Hors agglomération,Hors intersection,Normale,Trois véhicules et plus - en chaîne,,,,,,,,,,,1,1,1,1.0,4.0
201000059722,0010-01-06 20:15:00,10,1,6,20,15,130,117,A7-SENS MARSEILLE VERS L,43.436,5.25372,Nuit sans éclairage public,Hors agglomération,Hors intersection,Normale,Deux véhicules - arrière,,,,,,,,,,,3,1,1,1.0,2.0
201000059723,0010-01-06 12:08:00,10,1,6,12,8,130,70,A50-SENS AUBAGNE VERS MA,43.2851,5.51839,Plein jour,Hors agglomération,Hors intersection,Normale,Trois véhicules et plus - en chaîne,,,,,,,,,,,1,1,1,1.0,4.0
201000059724,0010-01-07 20:15:00,10,1,7,20,15,130,210,A50-SENS MARSEILLE VERS,43.2843,5.40589,Nuit sans éclairage public,Hors agglomération,Hors intersection,Pluie légère,Deux véhicules - arrière,,,,,,,,,,,3,1,1,2.0,2.0
201000059725,0010-01-08 19:30:00,10,1,8,19,30,130,56,A55-SENS MARSEILLE VERS,43.4089,5.03675,Nuit sans éclairage public,Hors agglomération,Hors intersection,Pluie forte,Sans collision,,,,,,,,,,,3,1,1,3.0,7.0
201000059726,0010-01-09 04:50:00,10,1,9,4,50,130,106,A51-SENS MARSEILLE VERS,43.4088,5.3635,Nuit sans éclairage public,Hors agglomération,Hors intersection,Neige / grêle,Deux véhicules - arrière,,,,,,,,,,,3,1,1,4.0,2.0
201000059727,0010-01-04 11:00:00,10,1,4,11,0,130,56,A55-SENS MARSEILLE VERS,43.4102,5.03461,Plein jour,Hors agglomération,Hors intersection,Normale,Autre collision,,,,,,,,,,,1,1,1,1.0,6.0
201000059728,0010-01-09 17:30:00,10,1,9,17,30,130,71,A51-SENS MARSEILLE VERS,43.4127,5.36429,Nuit sans éclairage public,Hors agglomération,Hors intersection,Normale,Deux véhicules - arrière,,,,,,,,,,,3,1,1,1.0,2.0
201000059729,0010-01-10 21:30:00,10,1,10,21,30,130,71,A51-SENS MARSEILLE VERS,43.4167,5.36531,Nuit sans éclairage public,Hors agglomération,Hors intersection,Normale,Sans collision,,,,,,,,,,,3,1,1,1.0,7.0
201000059730,0010-01-12 16:45:00,10,1,12,16,45,130,71,A5501DSENS LYON VERS A55,,,Plein jour,Hors agglomération,Hors intersection,Normale,Autre collision,,,,,,,,,,,1,1,1,1.0,6.0
201000059731,0010-01-13 11:15:00,10,1,13,11,15,130,56,A55-SENS MARSEILLE VERS,43.3939,5.06345,Plein jour,Hors agglomération,Hors intersection,Pluie légère,Autre collision,,,,,,,,,,,1,1,1,2.0,6.0
201000059732,0010-01-13 18:00:00,10,1,13,18,0,130,1,A51-SENS AIX EN PROVENCE,43.5147,5.42725,Nuit sans éclairage public,Hors agglomération,Hors intersection,Normale,Deux véhicules - arrière,,,,,,,,,,,3,1,1,1.0,2.0
201000059733,0010-01-14 12:00:00,10,1,14,12,0,130,202,A55-SENS MARTIGUES VERS,43.326,5.36044,Plein jour,Hors agglomération,Hors intersection,Pluie légère,Autre collision,,,,,,,,,,,1,1,1,2.0,6.0
201000059734,0010-01-14 19:10:00,10,1,14,19,10,130,211,A50-SENS MARSEILLE VERS,43.2943,5.46782,Nuit avec éclairage allumé,Hors agglomération,Hors intersection,Normale,Sans collision,,,,,,,,,,,5,1,1,1.0,7.0
201000059735,0010-01-15 08:20:00,10,1,15,8,20,130,71,A7-SENS LYON VERS MARSEI,43.4054,5.33832,Plein jour,Hors agglomération,Hors intersection,Normale,Sans collision,,,,,,,,,,,1,1,1,1.0,7.0
201000059736,0010-01-15 11:10:00,10,1,15,11,10,130,71,A55-SENS MARTIGUES VERS,43.3932,5.27891,Plein jour,Hors agglomération,Hors intersection,Normale,Autre collision,,,,,,,,,,,1,1,1,1.0,6.0
201000059737,0010-01-15 18:25:00,10,1,15,18,25,130,117,A7-SENS MARSEILLE VERS L,43.4309,5.25883,Nuit sans éclairage public,Hors agglomération,Hors intersection,Normale,Deux véhicules - arrière,,,,,,,,,,,3,1,1,1.0,2.0
201000059738,0010-01-15 04:45:00,10,1,15,4,45,130,215,A55-SENS MARSEILLE VERS,43.3277,5.35784,Nuit avec éclairage allumé,Hors agglomération,Hors intersection,Normale,Deux véhicules - arrière,,,,,,,,,,,5,1,1,1.0,2.0
201000059739,0010-01-16 04:10:00,10,1,16,4,10,130,106,A51-SENS AIX EN PROVENCE,43.399,5.35349,Nuit sans éclairage public,Hors agglomération,Hors intersection,Normale,Autre collision,,,,,,,,,,,3,1,1,1.0,6.0
201000059740,0010-01-17 06:40:00,10,1,17,6,40,130,215,A55-SENS MARSEILLE VERS,43.3356,5.35312,Nuit sans éclairage public,Hors agglomération,Hors intersection,Pluie légère,Sans collision,,,,,,,,,,,3,1,1,2.0,7.0
201000059741,0010-01-18 09:42:00,10,1,18,9,42,130,215,A7-SENS LYON VERS MARSEI,43.3492,5.36951,Plein jour,Hors agglomération,Hors intersection,Normale,Trois véhicules et plus - en chaîne,,,,,,,,,,,1,1,1,1.0,4.0
201000059742,0010-01-18 08:45:00,10,1,18,8,45,130,85,A50-SENS TOULON VERS AUB,43.2463,5.59611,Plein jour,Hors agglomération,Hors intersection,Normale,Deux véhicules - côté,,,,,,,,,,,1,1,1,1.0,3.0
201000059743,0010-01-19 09:30:00,10,1,19,9,30,130,211,A50-SENS MARSEILLE VERS,43.2938,5.47142,Plein jour,Hors agglomération,Hors intersection,Normale,Autre collision,,,,,,,,,,,1,1,1,1.0,6.0
201000059744,0010-01-20 12:55:00,10,1,20,12,55,130,215,A55-SENS MARSEILLE VERS,43.3356,5.35312,Plein jour,Hors agglomération,Hors intersection,Pluie légère,Sans collision,,,,,,,,,,,1,1,1,2.0,7.0
201000059745,0010-01-21 08:00:00,10,1,21,8,0,130,1,A5116CD-AIX-CENTRE VERS,,,Plein jour,Hors agglomération,Hors intersection,Normale,Sans collision,,,,,,,,,,,1,1,1,1.0,7.0
201000059746,0010-01-19 17:40:00,10,1,19,17,40,130,5,A50-SENS AUBAGNE VERS MA,43.2852,5.52432,Nuit sans éclairage public,Hors agglomération,Hors intersection,Normale,Trois véhicules et plus - en chaîne,,,,,,,,,,,3,1,1,1.0,4.0
201000059747,0010-01-23 11:40:00,10,1,23,11,40,130,5,A50-SENS AUBAGNE VERS MA,43.2879,5.54399,Plein jour,Hors agglomération,Hors intersection,Normale,Trois véhicules et plus - collisions multiples,,,,,,,,,,,1,1,1,1.0,5.0
201000059748,0010-01-24 05:00:00,10,1,24,5,0,130,71,A55-SENS MARTIGUES VERS,43.3989,5.29548,Nuit sans éclairage public,Hors agglomération,Hors intersection,Normale,Autre collision,,,,,,,,,,,3,1,1,1.0,6.0
201000059749,0010-01-24 12:40:00,10,1,24,12,40,130,211,A50-SENS AUBAGNE VERS MA,43.2875,5.503,Plein jour,Hors agglomération,Hors intersection,Normale,Sans collision,,,,,,,,,,,1,1,1,1.0,7.0
201000059750,0010-01-26 08:25:00,10,1,26,8,25,130,88,A55-SENS MARTIGUES VERS,43.3842,5.23506,Plein jour,Hors agglomération,Hors intersection,Normale,Trois véhicules et plus - en chaîne,,,,,,,,,,,1,1,1,1.0,4.0
201000059751,0010-01-26 17:35:00,10,1,26,17,35,130,81,A7-SENS MARSEILLE VERS L,43.4884,5.24066,Nuit sans éclairage public,Hors agglomération,Hors intersection,Normale,Trois véhicules et plus - en chaîne,,,,,,,,,,,3,1,1,1.0,4.0
201000059752,0010-01-29 09:05:00,10,1,29,9,5,130,43,A55-SENS MARTIGUES VERS,43.384,5.2339,Plein jour,Hors agglomération,Hors intersection,Normale,Deux véhicules - arrière,,,,,,,,,,,1,1,1,1.0,2.0
201000059753,0010-01-31 10:25:00,10,1,31,10,25,130,56,A55-SENS MARTIGUES VERS,43.3939,5.06345,Plein jour,Hors agglomération,Hors intersection,Normale,Autre collision,,,,,,,,,,,1,1,1,1.0,6.0
201000059754,0010-01-29 07:25:00,10,1,29,7,25,130,215,A7-SENS MARSEILLE VERS L,43.3751,5.36043,Crépuscule ou aube,Hors agglomération,Hors intersection,Normale,Trois véhicules et plus - en chaîne,,,,,,,,,,,2,1,1,1.0,4.0
201000059755,0010-02-04 15:22:00,10,2,4,15,22,130,26,A55-SENS MARSEILLE VERS,43.3743,5.17949,Plein jour,Hors agglomération,Hors intersection,Pluie légère,Autre collision,,,,,,,,,,,1,1,1,2.0,6.0
201000059756,0010-02-05 18:00:00,10,2,5,18,0,130,71,A7-SENS MARSEILLE VERS L,43.4067,5.32883,Nuit sans éclairage public,Hors agglomération,Hors intersection,Normale,Trois véhicules et plus - en chaîne,,,,,,,,,,,3,1,1,1.0,4.0
201000059757,0010-02-05 22:50:00,10,2,5,22,50,130,15,A51-SENS MARSEILLE VERS,43.4291,5.38938,Nuit sans éclairage public,Hors agglomération,Hors intersection,Normale,Autre collision,,,,,,,,,,,3,1,1,1.0,6.0
201000059758,0010-02-05 23:15:00,10,2,5,23,15,130,71,A51-SENS MARSEILLE VERS,43.4177,5.36575,Nuit sans éclairage public,Hors agglomération,Hors intersection,Normale,Autre collision,,,,,,,,,,,3,1,1,1.0,6.0
201000059759,0010-02-07 08:40:00,10,2,7,8,40,130,22,A50-SENS AUBAGNE VERS TO,43.2366,5.59008,Plein jour,Hors agglomération,Hors intersection,Normale,Autre collision,,,,,,,,,,,1,1,1,1.0,6.0
201000059760,0010-02-08 07:15:00,10,2,8,7,15,130,210,A50-SENS MARSEILLE VERS,43.2856,5.42691,Nuit avec éclairage allumé,Hors agglomération,Hors intersection,Normale,Autre collision,,,,,,,,,,,5,1,1,1.0,6.0
201000059761,0010-02-06 04:45:00,10,2,6,4,45,130,106,A7-SENS MARSEILLE VERS L,43.3906,5.35105,Nuit avec éclairage allumé,Hors agglomération,Hors intersection,Normale,Sans collision,,,,,,,,,,,5,1,1,1.0,7.0
201000059762,0010-02-13 16:04:00,10,2,13,16,4,130,19,A51-SENS AIX EN PROVENCE,43.4266,5.38125,Plein jour,Hors agglomération,Hors intersection,Normale,Deux véhicules - arrière,,,,,,,,,,,1,1,1,1.0,2.0
201000059763,0010-02-14 01:50:00,10,2,14,1,50,130,216,A55-SENS MARSEILLE VERS,43.3627,5.34164,Nuit sans éclairage public,Hors agglomération,Hors intersection,Temps couvert,Sans collision,,,,,,,,,,,3,1,1,8.0,7.0
201000059764,0010-02-15 11:35:00,10,2,15,11,35,130,210,A50-SENS AUBAGNE VERS MA,43.2847,5.40883,Plein jour,Hors agglomération,Hors intersection,Normale,Deux véhicules - arrière,,,,,,,,,,,1,1,1,1.0,2.0
201000059765,0010-02-15 16:38:00,10,2,15,16,38,130,71,A7-SENS MARSEILLE VERS L,43.4118,5.28245,Plein jour,Hors agglomération,Hors intersection,Normale,Trois véhicules et plus - collisions multiples,,,,,,,,,,,1,1,1,1.0,5.0
201000059766,0010-02-10 07:45:00,10,2,10,7,45,130,71,A7-SENS MARSEILLE VERS L,43.4047,5.34043,Plein jour,Hors agglomération,Hors intersection,Normale,Deux véhicules - arrière,,,,,,,,,,,1,1,1,1.0,2.0
201000059767,0010-02-16 23:45:00,10,2,16,23,45,130,216,A55-SENS MARSEILLE VERS,43.3507,5.34718,Nuit avec éclairage allumé,Hors agglomération,Hors intersection,Pluie légère,Autre collision,,,,,,,,,,,5,1,1,2.0,6.0
201000059768,0010-02-17 03:15:00,10,2,17,3,15,130,71,A5502D-SENS MARSEILLE VE,,,Nuit sans éclairage public,Hors agglomération,Hors intersection,Temps couvert,Autre collision,,,,,,,,,,,3,1,1,8.0,6.0
201000059769,0010-02-18 22:20:00,10,2,18,22,20,130,117,A7-SENS LYON VERS MARSEI,43.4273,5.26241,Nuit sans éclairage public,Hors agglomération,Hors intersection,Normale,Deux véhicules - arrière,,,,,,,,,,,3,1,1,1.0,2.0
201000059770,0010-02-19 11:25:00,10,2,19,11,25,130,215,A7-SENS MARSEILLE VERS L,43.3783,5.3561,Plein jour,Hors agglomération,Hors intersection,Pluie légère,Deux véhicules - arrière,,,,,,,,,,,1,1,1,2.0,2.0
201000059771,0010-02-20 11:50:00,10,2,20,11,50,130,71,A5501G-SENS MLLE VIEUX P,,,Plein jour,Hors agglomération,Hors intersection,Normale,Deux véhicules - arrière,,,,,,,,,,,1,1,1,1.0,2.0
201000059772,0010-02-22 07:00:00,10,2,22,7,0,130,106,A7-SENS MARSEILLE VERS L,43.3906,5.35105,Plein jour,Hors agglomération,Hors intersection,Pluie légère,Trois véhicules et plus - en chaîne,,,,,,,,,,,1,1,1,2.0,4.0
201000059773,0010-02-25 06:40:00,10,2,25,6,40,130,216,A55-SENS MARSEILLE VERS,43.3469,5.34511,Crépuscule ou aube,Hors agglomération,Hors intersection,Pluie légère,Autre collision,,,,,,,,,,,2,1,1,2.0,6.0
201000059774,0010-02-23 07:53:00,10,2,23,7,53,130,215,A7-SENS MARSEILLE VERS L,43.3783,5.35606,Plein jour,Hors agglomération,Hors intersection,Normale,Trois véhicules et plus - en chaîne,,,,,,,,,,,1,1,1,1.0,4.0
201000059775,0010-02-25 09:00:00,10,2,25,9,0,130,5,A52-SENS TOULON VERS PON,43.2788,5.58471,Plein jour,Hors agglomération,Hors intersection,Normale,Autre collision,,,,,,,,,,,1,1,1,1.0,6.0
201000059776,0010-02-26 17:25:00,10,2,26,17,25,130,211,A50-SENS AUBAGNE VERS MA,43.287,5.50534,Plein jour,Hors agglomération,Hors intersection,Normale,Sans collision,,,,,,,,,,,1,1,1,1.0,7.0
201000059777,0010-03-02 09:30:00,10,3,2,9,30,130,5,A50-SENS AUBAGNE VERS MA,43.2877,5.56288,Plein jour,Hors agglomération,Hors intersection,Normale,Deux véhicules - arrière,,,,,,,,,,,1,1,1,1.0,2.0
201000059778,0010-03-02 16:45:00,10,3,2,16,45,130,71,A7-SENS MARSEILLE VERS L,43.4087,5.28676,Plein jour,Hors agglomération,Hors intersection,Normale,Deux véhicules - arrière,,,,,,,,,,,1,1,1,1.0,2.0
201000059779,0010-03-04 06:50:00,10,3,4,6,50,130,71,A51-SENS MARSEILLE VERS,43.4118,5.36412,Crépuscule ou aube,Hors agglomération,Hors intersection,Pluie légère,Sans collision,,,,,,,,,,,2,1,1,2.0,7.0
201000059780,0010-03-04 14:35:00,10,3,4,14,35,130,202,A55-SENS MARSEILLE VERS,43.3187,5.36327,Plein jour,Hors agglomération,Hors intersection,Normale,Deux véhicules - arrière,,,,,,,,,,,1,1,1,1.0,2.0
201000059781,0010-03-07 01:05:00,10,3,7,1,5,130,71,A7-SENS LYON VERS MARSEI,43.4162,5.27645,Nuit sans éclairage public,Hors agglomération,Hors intersection,Normale,Autre collision,,,,,,,,,,,3,1,1,1.0,6.0
201000059782,0010-03-09 07:30:00,10,3,9,7,30,130,71,A7-SENS MARSEILLE VERS L,43.4112,5.28329,Crépuscule ou aube,Hors agglomération,Hors intersection,Normale,Trois véhicules et plus - collisions multiples,,,,,,,,,,,2,1,1,1.0,5.0
201000059783,0010-03-06 15:05:00,10,3,6,15,5,130,56,A55-SENS MARSEILLE VERS,43.3945,5.05137,Plein jour,Hors agglomération,Hors intersection,Normale,Sans collision,,,,,,,,,,,1,1,1,1.0,7.0
201000059784,0010-03-11 17:50:00,10,3,11,17,50,130,28,A50-SENS TOULON VERS AUB,43.2036,5.59426,Plein jour,Hors agglomération,Hors intersection,Normale,Autre collision,,,,,,,,,,,1,1,1,1.0,6.0
201000059785,0010-03-12 17:30:00,10,3,12,17,30,130,71,A7-SENS LYON VERS MARSEI,43.4031,5.34482,Plein jour,Hors agglomération,Hors intersection,Normale,Trois véhicules et plus - en chaîne,,,,,,,,,,,1,1,1,1.0,4.0
201000059786,0010-03-14 06:35:00,10,3,14,6,35,130,106,A7-SENS LYON VERS MARSEI,43.3925,5.35106,Crépuscule ou aube,Hors agglomération,Hors intersection,Normale,Sans collision,,,,,,,,,,,2,1,1,1.0,7.0
201000059787,0010-03-16 08:45:00,10,3,16,8,45,130,71,A7-SENS LYON VERS MARSEI,43.4058,5.2934,Plein jour,Hors agglomération,Hors intersection,Normale,Trois véhicules et plus - en chaîne,,,,,,,,,,,1,1,1,1.0,4.0
201000059788,0010-03-16 07:40:00,10,3,16,7,40,130,71,F5-SENS AIX EN PCE VERS,,,Plein jour,Hors agglomération,Hors intersection,Normale,Autre collision,,,,,,,,,,,1,1,1,1.0,6.0
201000059789,0010-03-17 08:10:00,10,3,17,8,10,130,211,A50-SENS AUBAGNE VERS MA,43.2904,5.4884,Plein jour,Hors agglomération,Hors intersection,Normale,Trois véhicules et plus - en chaîne,,,,,,,,,,,1,1,1,1.0,4.0
201000059790,0010-03-17 12:34:00,10,3,17,12,34,130,202,TVPCM-SENS SAINT VICTOR,,,Plein jour,Hors agglomération,Hors intersection,Normale,Trois véhicules et plus - en chaîne,,,,,,,,,,,1,1,1,1.0,4.0
201000059791,0010-03-18 15:00:00,10,3,18,15,0,130,71,A7-SENS MARSEILLE VERS L,43.4059,5.29307,Plein jour,Hors agglomération,Hors intersection,Normale,Deux véhicules - arrière,,,,,,,,,,,1,1,1,1.0,2.0
201000059792,0010-03-18 15:35:00,10,3,18,15,35,130,210,A50-SENS MARSEILLE VERS,43.2848,5.41904,Plein jour,Hors agglomération,Hors intersection,Normale,Autre collision,,,,,,,,,,,1,1,1,1.0,6.0
201000059793,0010-03-17 19:40:00,10,3,17,19,40,130,85,A50-SENS AUBAGNE VERS TO,43.2565,5.59318,Nuit avec éclairage non allumé,Hors agglomération,Hors intersection,Normale,Deux véhicules - côté,,,,,,,,,,,4,1,1,1.0,3.0
201000059794,0010-03-21 10:37:00,10,3,21,10,37,130,19,A51-SENS AIX EN PROVENCE,43.4263,5.38021,Plein jour,Hors agglomération,Hors intersection,Normale,Trois véhicules et plus - en chaîne,,,,,,,,,,,1,1,1,1.0,4.0
201000059795,0010-03-21 18:10:00,10,3,21,18,10,130,214,A7-SENS LYON VERS MARSEI,43.3326,5.3776,Plein jour,Hors agglomération,Hors intersection,Pluie légère,Deux véhicules - arrière,,,,,,,,,,,1,1,1,2.0,2.0
201000059796,0010-03-23 17:45:00,10,3,23,17,45,130,211,A50-SENS MARSEILLE VERS,43.2946,5.46178,Plein jour,Hors agglomération,Hors intersection,Normale,Autre collision,,,,,,,,,,,1,1,1,1.0,6.0
201000059797,0010-03-29 12:30:00,10,3,29,12,30,130,85,A50-SENS AUBAGNE VERS TO,43.2644,5.58778,Plein jour,Hors agglomération,Hors intersection,Pluie forte,Autre collision,,,,,,,,,,,1,1,1,3.0,6.0
201000059798,0010-03-31 16:04:00,10,3,31,16,4,130,26,A55-SENS MARSEILLE VERS,43.3764,5.17414,Plein jour,Hors agglomération,Hors intersection,Normale,Deux véhicules - côté,,,,,,,,,,,1,1,1,1.0,3.0
201000059799,0010-03-22 16:40:00,10,3,22,16,40,130,216,A55-SENS MARSEILLE VERS,43.3587,5.34445,Plein jour,Hors agglomération,Hors intersection,Pluie forte,Sans collision,,,,,,,,,,,1,1,1,3.0,7.0
201000059800,0010-03-22 18:10:00,10,3,22,18,10,130,56,A55-SENS MARSEILLE VERS,43.4109,5.03162,Plein jour,Hors agglomération,Hors intersection,Pluie forte,Sans collision,,,,,,,,,,,1,1,1,3.0,7.0
201000059801,0010-04-01 02:40:00,10,4,1,2,40,130,5,A50-SENS MARSEILLE VERS,43.2852,5.52452,Nuit sans éclairage public,Hors agglomération,Hors intersection,Temps couvert,Autre collision,,,,,,,,,,,3,1,1,8.0,6.0
201000059802,0010-04-02 10:00:00,10,4,2,10,0,130,216,A55-SENS MARTIGUES VERS,43.3527,5.34839,Plein jour,Hors agglomération,Hors intersection,Normale,Autre collision,,,,,,,,,,,1,1,1,1.0,6.0
201000059803,0010-04-06 15:30:00,10,4,6,15,30,130,214,A7-SENS LYON VERS MARSEI,43.3308,5.37783,Plein jour,Hors agglomération,Hors intersection,Normale,Sans collision,,,,,,,,,,,1,1,1,1.0,7.0
201000059804,0010-04-06 19:25:00,10,4,6,19,25,130,1,A51-SENS MARSEILLE VERS,43.5304,5.42832,Plein jour,Hors agglomération,Hors intersection,Normale,Autre collision,,,,,,,,,,,1,1,1,1.0,6.0
201000059805,0010-04-06 17:00:00,10,4,6,17,0,130,211,A50-SENS MARSEILLE VERS,43.2916,5.45165,Plein jour,Hors agglomération,Hors intersection,Normale,Trois véhicules et plus - en chaîne,,,,,,,,,,,1,1,1,1.0,4.0
201000059806,0010-04-08 06:30:00,10,4,8,6,30,130,211,A50-SENS MARSEILLE VERS,43.2865,5.43353,Crépuscule ou aube,Hors agglomération,Hors intersection,Pluie légère,Autre collision,,,,,,,,,,,2,1,1,2.0,6.0
201000059807,0010-04-11 06:50:00,10,4,11,6,50,130,106,A7-SENS MARSEILLE VERS L,43.3953,5.35139,Crépuscule ou aube,Hors agglomération,Hors intersection,Normale,Trois véhicules et plus - en chaîne,,,,,,,,,,,2,1,1,1.0,4.0
201000059808,0010-04-12 08:40:00,10,4,12,8,40,130,106,A7-SENS MARSEILLE VERS L,43.3906,5.35105,Plein jour,Hors agglomération,Hors intersection,Normale,Autre collision,,,,,,,,,,,1,1,1,1.0,6.0
201000059809,0010-04-12 12:00:00,10,4,12,12,0,130,56,A55-SENS MARSEILLE VERS,43.3999,5.09804,Plein jour,Hors agglomération,Hors intersection,Pluie légère,Autre collision,,,,,,,,,,,1,1,1,2.0,6.0
201000059810,0010-04-12 15:55:00,10,4,12,15,55,130,56,A55-SENS MARSEILLE VERS,43.3987,5.08682,Plein jour,Hors agglomération,Hors intersection,Pluie forte,Sans collision,,,,,,,,,,,1,1,1,3.0,7.0
201000059811,0010-04-14 00:30:00,10,4,14,0,30,130,211,A50-SENS MARSEILLE VERS,43.2882,5.44248,Nuit avec éclairage allumé,Hors agglomération,Hors intersection,Temps couvert,Sans collision,,,,,,,,,,,5,1,1,8.0,7.0
201000059812,0010-04-16 17:45:00,10,4,16,17,45,130,71,A55-SENS MARTIGUES VERS,43.3798,5.31628,Plein jour,Hors agglomération,Hors intersection,Normale,Autre collision,,,,,,,,,,,1,1,1,1.0,6.0
201000059813,0010-04-16 17:50:00,10,4,16,17,50,130,15,A51-SENS MARSEILLE VERS,43.434,5.39496,Plein jour,Hors agglomération,Hors intersection,Normale,Deux véhicules - arrière,,,,,,,,,,,1,1,1,1.0,2.0
201000059814,0010-04-18 19:58:00,10,4,18,19,58,130,106,A7-SENS LYON VERS MARSEI,43.3993,5.34935,Crépuscule ou aube,Hors agglomération,Hors intersection,Normale,Deux véhicules - arrière,,,,,,,,,,,2,1,1,1.0,2.0
201000059815,0010-04-19 03:35:00,10,4,19,3,35,130,106,A7-SENS MARSEILLE VERS L,43.3935,5.35131,Nuit sans éclairage public,Hors agglomération,Hors intersection,Normale,Deux véhicules - côté,,,,,,,,,,,3,1,1,1.0,3.0
201000059816,0010-04-19 18:30:00,10,4,19,18,30,130,215,A55-SENS MARTIGUES VERS,43.3358,5.35281,Plein jour,Hors agglomération,Hors intersection,Normale,Deux véhicules - arrière,,,,,,,,,,,1,1,1,1.0,2.0
201000059817,0010-04-19 19:20:00,10,4,19,19,20,130,5,A50-SENS AUBAGNE VERS MA,43.2851,5.52313,Plein jour,Hors agglomération,Hors intersection,Normale,Trois véhicules et plus - en chaîne,,,,,,,,,,,1,1,1,1.0,4.0
201000059818,0010-04-20 07:03:00,10,4,20,7,3,130,106,A51-SENS MARSEILLE VERS,43.3991,5.35352,Plein jour,Hors agglomération,Hors intersection,Pluie légère,Deux véhicules - arrière,,,,,,,,,,,1,1,1,2.0,2.0