accident_id,datetime,annee,mois,jour,heure,minute,departement,commune_insee,adresse,latitude,longitude,luminosite,agglomeration,intersection,meteo,collision,nb_vehicules,nb_usagers,nb_indemnes,nb_tues,nb_blesses_hosp,nb_blesses_legers,age_cond_1,age_cond_2,veh_type_cond_1,veh_type_cond_2,lum_code,agg_code,int_code,atm_code,col_code
201000059819,0010-04-20 09:30:00,10,4,20,9,30,130,5,A502-SENS AUBAGNE VERS T,43.2836,5.58502,Plein jour,Hors agglomération,Hors intersection,Normale,Autre collision,,,,,,,,,,,1,1,1,1.0,6.0
201000059820,0010-04-20 16:45:00,10,4,20,16,45,130,85,A50-SENS TOULON VERS AUB,43.2437,5.59479,Plein jour,Hors agglomération,Hors intersection,Normale,Autre collision,,,,,,,,,,,1,1,1,1.0,6.0
201000059821,0010-04-21 09:20:00,10,4,21,9,20,130,71,A51-SENS MARSEILLE VERS,43.4167,5.36531,Plein jour,Hors agglomération,Hors intersection,Normale,Sans collision,,,,,,,,,,,1,1,1,1.0,7.0
201000059822,0010-04-21 08:50:00,10,4,21,8,50,130,106,A7-SENS LYON VERS MARSEI,43.3888,5.35102,Plein jour,Hors agglomération,Hors intersection,Normale,Deux véhicules - arrière,,,,,,,,,,,1,1,1,1.0,2.0
201000059823,0010-04-21 08:00:00,10,4,21,8,0,130,202,TVPCM-SENS SAINT VICTOR,,,Plein jour,Hors agglomération,Hors intersection,Normale,Trois véhicules et plus - en chaîne,,,,,,,,,,,1,1,1,1.0,4.0
201000059824,0010-04-21 10:45:00,10,4,21,10,45,130,203,A557-LIAISON A7 MARSEILL,43.3185,5.3659,Plein jour,Hors agglomération,Hors intersection,Normale,Deux véhicules - côté,,,,,,,,,,,1,1,1,1.0,3.0
201000059825,0010-04-19 17:45:00,10,4,19,17,45,130,70,A50-SENS MARSEILLE VERS,43.2849,5.52052,Plein jour,Hors agglomération,Hors intersection,Normale,Deux véhicules - arrière,,,,,,,,,,,1,1,1,1.0,2.0
201000059826,0010-04-24 02:20:00,10,4,24,2,20,130,5,A50-SENS AUBAGNE VERS MA,43.2894,5.55118,Nuit sans éclairage public,Hors agglomération,Hors intersection,Pluie légère,Deux véhicules - arrière,,,,,,,,,,,3,1,1,2.0,2.0
201000059827,0010-04-25 15:28:00,10,4,25,15,28,130,1,A51-SENS AIX EN PROVENCE,43.4986,5.40656,Plein jour,Hors agglomération,Hors intersection,Normale,Autre collision,,,,,,,,,,,1,1,1,1.0,6.0
201000059828,0010-04-25 17:25:00,10,4,25,17,25,130,214,A7-SENS LYON VERS MARSEI,43.328,5.37815,Plein jour,Hors agglomération,Hors intersection,Normale,Trois véhicules et plus - en chaîne,,,,,,,,,,,1,1,1,1.0,4.0
201000059829,0010-04-26 11:40:00,10,4,26,11,40,130,1,A51-SENS MARSEILLE VERS,43.5305,5.4284,Plein jour,Hors agglomération,Hors intersection,Normale,Deux véhicules - arrière,,,,,,,,,,,1,1,1,1.0,2.0
201000059830,0010-04-28 10:00:00,10,4,28,10,0,130,85,A50-SENS TOULON VERS AUB,43.2542,5.59478,Plein jour,Hors agglomération,Hors intersection,Normale,Autre collision,,,,,,,,,,,1,1,1,1.0,6.0
201000059831,0010-04-28 20:45:00,10,4,28,20,45,130,5,A50-SENS MARSEILLE VERS,43.2851,5.52369,Crépuscule ou aube,Hors agglomération,Hors intersection,Normale,Sans collision,,,,,,,,,,,2,1,1,1.0,7.0
201000059832,0010-04-28 13:35:00,10,4,28,13,35,130,202,TVPCD-SENS LES PORTS VER,,,Plein jour,Hors agglomération,Hors intersection,Normale,Autre collision,,,,,,,,,,,1,1,1,1.0,6.0
201000059833,0010-04-29 17:30:00,10,4,29,17,30,130,211,A50-SENS MARSEILLE VERS,43.2874,5.43953,Plein jour,Hors agglomération,Hors intersection,Normale,Autre collision,,,,,,,,,,,1,1,1,1.0,6.0
201000059834,0010-04-29 18:36:00,10,4,29,18,36,130,211,A50-SENS MARSEILLE VERS,43.2858,5.42873,Plein jour,Hors agglomération,Hors intersection,Normale,Sans collision,,,,,,,,,,,1,1,1,1.0,7.0
201000059835,0010-04-29 19:15:00,10,4,29,19,15,130,70,A50-SENS AUBAGNE VERS MA,43.2857,5.51239,Crépuscule ou aube,Hors agglomération,Hors intersection,Normale,Deux véhicules - arrière,,,,,,,,,,,2,1,1,1.0,2.0
201000059836,0010-05-03 21:15:00,10,5,3,21,15,130,202,A55-SENS MARTIGUES VERS,43.325,5.36167,Nuit sans éclairage public,Hors agglomération,Hors intersection,Normale,Autre collision,,,,,,,,,,,3,1,1,1.0,6.0
201000059837,0010-05-04 09:41:00,10,5,4,9,41,130,71,A7-SENS LYON VERS MARSEI,43.4036,5.3049,Plein jour,Hors agglomération,Hors intersection,Pluie légère,Deux véhicules - arrière,,,,,,,,,,,1,1,1,2.0,2.0
201000059838,0010-05-05 05:35:00,10,5,5,5,35,130,203,A557-LIAISON A7 MARSEILL,43.321,5.37578,Nuit avec éclairage allumé,Hors agglomération,Hors intersection,Normale,Deux véhicules - côté,,,,,,,,,,,5,1,1,1.0,3.0
201000059839,0010-05-05 08:30:00,10,5,5,8,30,130,5,A50-SENS MARSEILLE VERS,43.2896,5.55219,Plein jour,Hors agglomération,Hors intersection,Normale,Trois véhicules et plus - en chaîne,,,,,,,,,,,1,1,1,1.0,4.0
201000059840,0010-05-05 19:39:00,10,5,5,19,39,130,106,A7-SENS MARSEILLE VERS L,43.3944,5.35143,Nuit sans éclairage public,Hors agglomération,Hors intersection,Pluie légère,Trois véhicules et plus - en chaîne,,,,,,,,,,,3,1,1,2.0,4.0
201000059841,0010-05-05 22:45:00,10,5,5,22,45,130,19,A51-SENS AIX EN PROVENCE,43.4231,5.37305,Nuit sans éclairage public,Hors agglomération,Hors intersection,Pluie légère,Sans collision,,,,,,,,,,,3,1,1,2.0,7.0
201000059842,0010-05-06 04:15:00,10,5,6,4,15,130,5,A502-SENS AUBAGNE VERS T,43.2826,5.57878,Nuit sans éclairage public,Hors agglomération,Hors intersection,Normale,Sans collision,,,,,,,,,,,3,1,1,1.0,7.0
201000059843,0010-05-06 18:30:00,10,5,6,18,30,130,203,A557-LIAISON A7 MARSEILL,43.3188,5.36735,Plein jour,Hors agglomération,Hors intersection,Normale,Deux véhicules - côté,,,,,,,,,,,1,1,1,1.0,3.0
201000059844,0010-05-07 19:15:00,10,5,7,19,15,130,215,A7-SENS LYON VERS MARSEI,43.357,5.36291,Plein jour,Hors agglomération,Hors intersection,Normale,Deux véhicules - côté,,,,,,,,,,,1,1,1,1.0,3.0
201000059845,0010-05-08 11:15:00,10,5,8,11,15,130,1,A51-SENS MARSEILLE VERS,43.5037,5.40826,Plein jour,Hors agglomération,Hors intersection,Pluie légère,Autre collision,,,,,,,,,,,1,1,1,2.0,6.0
201000059846,0010-05-09 04:40:00,10,5,9,4,40,130,88,A55-SENS MARTIGUES VERS,43.3912,5.25125,Nuit sans éclairage public,Hors agglomération,Hors intersection,Temps couvert,Deux véhicules - arrière,,,,,,,,,,,3,1,1,8.0,2.0
201000059847,0010-05-08 15:50:00,10,5,8,15,50,130,19,A51-SENS AIX EN PROVENCE,43.4224,5.37172,Plein jour,Hors agglomération,Hors intersection,Pluie légère,Deux véhicules - arrière,,,,,,,,,,,1,1,1,2.0,2.0
201000059848,0010-05-11 07:55:00,10,5,11,7,55,130,26,A55-SENS MARSEILLE VERS,43.3764,5.17414,Plein jour,Hors agglomération,Hors intersection,Normale,Autre collision,,,,,,,,,,,1,1,1,1.0,6.0
201000059849,0010-05-11 09:40:00,10,5,11,9,40,130,5,A50 - SENS AUBAGNE VERS,43.2656,5.58726,Plein jour,Hors agglomération,Hors intersection,Normale,Trois véhicules et plus - en chaîne,,,,,,,,,,,1,1,1,1.0,4.0
201000059850,0010-05-12 09:55:00,10,5,12,9,55,130,215,A7-SENS MARSEILLE VERS L,43.3493,5.36943,Plein jour,Hors agglomération,Hors intersection,Pluie légère,Deux véhicules - côté,,,,,,,,,,,1,1,1,2.0,3.0
201000059851,0010-05-06 18:15:00,10,5,6,18,15,130,5,A50 - SENS AUBAGNE VERS,43.27,5.5884,Plein jour,Hors agglomération,Hors intersection,Normale,Deux véhicules - côté,,,,,,,,,,,1,1,1,1.0,3.0
201000059852,0010-05-15 19:30:00,10,5,15,19,30,130,211,A50-SENS AUBAGNE VERS MA,43.2877,5.50183,Plein jour,Hors agglomération,Hors intersection,Normale,Deux véhicules - arrière,,,,,,,,,,,1,1,1,1.0,2.0
201000059853,0010-05-16 18:45:00,10,5,16,18,45,130,215,A7-SENS MARSEILLE VERS L,43.3783,5.3561,Plein jour,Hors agglomération,Hors intersection,Normale,Deux véhicules - arrière,,,,,,,,,,,1,1,1,1.0,2.0
201000059854,0010-05-21 18:35:00,10,5,21,18,35,130,211,A50-SENS MARSEILLE VERS,43.2898,5.49132,Plein jour,Hors agglomération,Hors intersection,Normale,Trois véhicules et plus - en chaîne,,,,,,,,,,,1,1,1,1.0,4.0
201000059855,0010-05-22 17:55:00,10,5,22,17,55,130,70,A50-SENS AUBAGNE VERS MA,43.2858,5.5121,Plein jour,Hors agglomération,Hors intersection,Normale,Deux véhicules - frontale,,,,,,,,,,,1,1,1,1.0,1.0
201000059856,0010-05-24 09:15:00,10,5,24,9,15,130,71,A7-SENS MARSEILLE VERS L,43.4035,5.34378,Plein jour,Hors agglomération,Hors intersection,Normale,Sans collision,,,,,,,,,,,1,1,1,1.0,7.0
201000059857,0010-05-24 09:30:00,10,5,24,9,30,130,106,A7-SENS MARSEILLE VERS L,43.3995,5.34973,Plein jour,Hors agglomération,Hors intersection,Normale,Deux véhicules - arrière,,,,,,,,,,,1,1,1,1.0,2.0
201000059858,0010-05-23 20:00:00,10,5,23,20,0,130,117,A7-SENS LYON VERS MARSEI,43.4718,5.23451,Plein jour,Hors agglomération,Hors intersection,Normale,Autre collision,,,,,,,,,,,1,1,1,1.0,6.0
201000059859,0010-05-25 21:45:00,10,5,25,21,45,130,215,A7-SENS MARSEILLE VERS L,43.3793,5.35395,Nuit sans éclairage public,Hors agglomération,Hors intersection,Normale,Autre collision,,,,,,,,,,,3,1,1,1.0,6.0
201000059860,0010-05-26 17:00:00,10,5,26,17,0,130,211,A50-SENS AUBAGNE VERS MA,43.2946,5.46185,Plein jour,Hors agglomération,Autre intersection,Normale,Deux véhicules - arrière,,,,,,,,,,,1,1,9,1.0,2.0
201000059861,0010-05-27 09:15:00,10,5,27,9,15,130,211,A50-SENS AUBAGNE VERS MA,43.292,5.45274,Plein jour,Hors agglomération,Hors intersection,Normale,Deux véhicules - arrière,,,,,,,,,,,1,1,1,1.0,2.0
201000059862,0010-05-27 07:45:00,10,5,27,7,45,130,85,A50-SENS AUBAGNE VERS TO,43.2591,5.59206,Plein jour,Hors agglomération,Hors intersection,Normale,Deux véhicules - côté,,,,,,,,,,,1,1,1,1.0,3.0
201000059863,0010-05-27 09:00:00,10,5,27,9,0,130,1,A51-SENS AIX EN PROVENCE,43.5155,5.42772,Plein jour,Hors agglomération,Hors intersection,Normale,Deux véhicules - arrière,,,,,,,,,,,1,1,1,1.0,2.0
201000059864,0010-05-27 09:30:00,10,5,27,9,30,130,215,A7-SENS MARSEILLE VERS L,43.3751,5.36043,Plein jour,Hors agglomération,Hors intersection,Normale,Autre collision,,,,,,,,,,,1,1,1,1.0,6.0
201000059865,0010-05-26 17:05:00,10,5,26,17,5,130,71,A55 - SENS MARSEILLE VER,43.3975,5.29789,Plein jour,Hors agglomération,Hors intersection,Normale,Deux véhicules - arrière,,,,,,,,,,,1,1,1,1.0,2.0
201000059866,0010-05-29 03:00:00,10,5,29,3,0,130,215,A7-SENS LYON VERS MARSEI,43.3793,5.35397,Nuit sans éclairage public,Hors agglomération,Hors intersection,Normale,Deux véhicules - arrière,,,,,,,,,,,3,1,1,1.0,2.0
201000059867,0010-05-30 11:30:00,10,5,30,11,30,130,211,A50-SENS MARSEILLE VERS,43.2868,5.50678,Plein jour,Hors agglomération,Hors intersection,Normale,Trois véhicules et plus - en chaîne,,,,,,,,,,,1,1,1,1.0,4.0
201000059868,0010-05-31 07:50:00,10,5,31,7,50,130,5,A50-SENS AUBAGNE VERS MA,43.2862,5.53146,Plein jour,Hors agglomération,Hors intersection,Normale,Deux véhicules - côté,,,,,,,,,,,1,1,1,1.0,3.0
201000059869,0010-06-04 01:18:00,10,6,4,1,18,130,207,TUNNEL PRADO CARÉNAGE,,,Nuit avec éclairage allumé,Hors agglomération,Hors intersection,Normale,Deux véhicules - arrière,,,,,,,,,,,5,1,1,1.0,2.0
201000059870,0010-06-04 06:35:00,10,6,4,6,35,130,211,A50-SENS AUBAGNE VERS MA,43.2863,5.43244,Plein jour,Hors agglomération,Hors intersection,Normale,Deux véhicules - arrière,,,,,,,,,,,1,1,1,1.0,2.0
201000059871,0010-06-04 18:30:00,10,6,4,18,30,130,26,A55-SENS MARSEILLE VERS,43.3846,5.15106,Plein jour,Hors agglomération,Hors intersection,Normale,Autre collision,,,,,,,,,,,1,1,1,1.0,6.0
201000059872,0010-06-05 09:45:00,10,6,5,9,45,130,211,A50-SENS AUBAGNE VERS MA,43.2928,5.47615,Plein jour,Hors agglomération,Hors intersection,Normale,Autre collision,,,,,,,,,,,1,1,1,1.0,6.0
201000059873,0010-06-05 17:55:00,10,6,5,17,55,130,55,A55-SENS MARSEILLE VERS,43.3098,5.36865,Plein jour,Hors agglomération,Hors intersection,Normale,Sans collision,,,,,,,,,,,1,1,1,1.0,7.0
201000059874,0010-06-05 22:45:00,10,6,5,22,45,130,71,A7-SENS MARSEILLE VERS L,43.4062,5.33469,Nuit sans éclairage public,Hors agglomération,Hors intersection,Normale,Deux véhicules - côté,,,,,,,,,,,3,1,1,1.0,3.0
201000059875,0010-06-06 03:20:00,10,6,6,3,20,130,5,A52-SENS TOULON VERS PON,43.3105,5.59169,Nuit sans éclairage public,Hors agglomération,Hors intersection,Normale,Sans collision,,,,,,,,,,,3,1,1,1.0,7.0
201000059876,0010-06-07 16:45:00,10,6,7,16,45,130,71,A7-SENS LYON VERS MARSEI,43.4036,5.31099,Plein jour,Hors agglomération,Hors intersection,Normale,Deux véhicules - côté,,,,,,,,,,,1,1,1,1.0,3.0
201000059877,0010-06-07 16:40:00,10,6,7,16,40,130,117,A7-SENS LYON VERS MARSEI,43.4366,5.25309,Plein jour,Hors agglomération,Hors intersection,Normale,Deux véhicules - arrière,,,,,,,,,,,1,1,1,1.0,2.0
201000059878,0010-06-08 08:00:00,10,6,8,8,0,130,33,A55-SENS MARTIGUES/MARSE,43.3743,5.17947,Plein jour,Hors agglomération,Hors intersection,Normale,Deux véhicules - arrière,,,,,,,,,,,1,1,1,1.0,2.0
201000059879,0010-06-08 15:45:00,10,6,8,15,45,130,26,A55-SENS MARTIGUES VERS,43.382,5.15607,Plein jour,Hors agglomération,Hors intersection,Normale,Autre collision,,,,,,,,,,,1,1,1,1.0,6.0
201000059880,0010-06-08 16:40:00,10,6,8,16,40,130,215,A7-SENS LYON VERS MARSEI,43.366,5.3606,Plein jour,Hors agglomération,Hors intersection,Normale,Deux véhicules - arrière,,,,,,,,,,,1,1,1,1.0,2.0
201000059881,0010-06-10 13:50:00,10,6,10,13,50,130,33,A55-SENS MARSEILLE VERS,43.3733,5.18555,Plein jour,Hors agglomération,Hors intersection,Normale,Deux véhicules - arrière,,,,,,,,,,,1,1,1,1.0,2.0
201000059882,0010-06-11 02:10:00,10,6,11,2,10,130,85,A50-SENS AUBAGNE VERS TO,43.2507,5.59583,Nuit sans éclairage public,Hors agglomération,Hors intersection,Normale,Deux véhicules - côté,,,,,,,,,,,3,1,1,1.0,3.0
201000059883,0010-06-11 17:30:00,10,6,11,17,30,130,15,A51-SENS MARSEILLE VERS,43.4276,5.38487,Plein jour,Hors agglomération,Hors intersection,Normale,Autre collision,,,,,,,,,,,1,1,1,1.0,6.0
201000059884,0010-06-11 22:45:00,10,6,11,22,45,130,106,A7-SENS LYON VERS MARSEI,43.3892,5.35102,Nuit sans éclairage public,Hors agglomération,Hors intersection,Normale,Autre collision,,,,,,,,,,,3,1,1,1.0,6.0
201000059885,0010-06-12 00:20:00,10,6,12,0,20,130,211,A50-SENS AUBAGNE VERS MA,43.2881,5.44202,Nuit avec éclairage allumé,Hors agglomération,Hors intersection,Normale,Deux véhicules - arrière,,,,,,,,,,,5,1,1,1.0,2.0
201000059886,0010-06-12 14:10:00,10,6,12,14,10,130,214,A7-SENS LYON VERS MARSEI,43.3207,5.3777,Plein jour,Hors agglomération,Hors intersection,Normale,Trois véhicules et plus - en chaîne,,,,,,,,,,,1,1,1,1.0,4.0
201000059887,0010-06-13 20:25:00,10,6,13,20,25,130,215,A55-SENS MARSEILLE VERS,43.3358,5.35281,Plein jour,Hors agglomération,Hors intersection,Normale,Deux véhicules - arrière,,,,,,,,,,,1,1,1,1.0,2.0
201000059888,0010-06-14 09:30:00,10,6,14,9,30,130,215,A7-SENS MARSEILLE VERS L,43.3751,5.36043,Plein jour,Hors agglomération,Hors intersection,Normale,Autre collision,,,,,,,,,,,1,1,1,1.0,6.0
201000059889,0010-06-15 11:20:00,10,6,15,11,20,130,210,S10CD-SENS AUBAGNE VERS,,,Plein jour,Hors agglomération,Hors intersection,Pluie légère,Trois véhicules et plus - en chaîne,,,,,,,,,,,1,1,1,2.0,4.0
201000059890,0010-06-15 11:00:00,10,6,15,11,0,130,88,A55-SENS MARSEILLE VERS,43.3806,5.22411,Plein jour,Hors agglomération,Hors intersection,Pluie forte,Autre collision,,,,,,,,,,,1,1,1,3.0,6.0
201000059891,0010-06-15 13:10:00,10,6,15,13,10,130,22,A50-SENS TOULON VERS AUB,43.2344,5.58801,Plein jour,Hors agglomération,Hors intersection,Pluie légère,Deux véhicules - côté,,,,,,,,,,,1,1,1,2.0,3.0
201000059892,0010-06-15 16:35:00,10,6,15,16,35,130,71,A55 - SENS MARSEILLE VER,43.3861,5.30805,Plein jour,Hors agglomération,Hors intersection,Pluie forte,Autre collision,,,,,,,,,,,1,1,1,3.0,6.0
201000059893,0010-06-16 07:30:00,10,6,16,7,30,130,215,A7-SENS MARSEILLE VERS L,43.3659,5.3606,Plein jour,Hors agglomération,Hors intersection,Normale,Trois véhicules et plus - en chaîne,,,,,,,,,,,1,1,1,1.0,4.0
201000059894,0010-05-21 01:08:00,10,5,21,1,8,130,56,A55-SENS MARSEILLE VERS,43.4011,5.04326,Nuit sans éclairage public,Hors agglomération,Hors intersection,Normale,Trois véhicules et plus - collisions multiples,,,,,,,,,,,3,1,1,1.0,5.0
201000059895,0010-06-22 21:35:00,10,6,22,21,35,130,210,A50-SENS MARSEILLE VERS,43.2851,5.42329,Nuit avec éclairage non allumé,Hors agglomération,Hors intersection,Normale,Sans collision,,,,,,,,,,,4,1,1,1.0,7.0
201000059896,0010-06-23 13:24:00,10,6,23,13,24,130,117,A7-SENS LYON VERS MARSEI,43.4525,5.23765,Plein jour,Hors agglomération,Hors intersection,Normale,Deux véhicules - arrière,,,,,,,,,,,1,1,1,1.0,2.0
201000059897,0010-06-25 11:54:00,10,6,25,11,54,130,202,TVPCD-SENS LES PORTS VER,,,Plein jour,Hors agglomération,Hors intersection,Normale,Deux véhicules - arrière,,,,,,,,,,,1,1,1,1.0,2.0
201000059898,0010-06-27 01:40:00,10,6,27,1,40,130,85,A50-SENS TOULON VERS AUB,43.2496,5.59617,Nuit sans éclairage public,Hors agglomération,Hors intersection,Normale,Deux véhicules - arrière,,,,,,,,,,,3,1,1,1.0,2.0
201000059899,0010-06-29 01:00:00,10,6,29,1,0,130,71,A7-SENS MARSEILLE VERS L,43.4102,5.28448,Nuit sans éclairage public,Hors agglomération,Hors intersection,Normale,Sans collision,,,,,,,,,,,3,1,1,1.0,7.0
201000059900,0010-07-03 15:50:00,10,7,3,15,50,130,1,A51-SENS MARSEILLE VERS,43.5216,5.4271,Plein jour,Hors agglomération,Hors intersection,Normale,Deux véhicules - arrière,,,,,,,,,,,1,1,1,1.0,2.0
201000059901,0010-06-18 08:00:00,10,6,18,8,0,130,211,A50-SENS AUBAGNE VERS MA,43.2924,5.45391,Plein jour,Hors agglomération,Hors intersection,Normale,Trois véhicules et plus - en chaîne,,,,,,,,,,,1,1,1,1.0,4.0
201000059902,0010-07-05 11:50:00,10,7,5,11,50,130,71,A7-SENS LYON VERS MARSEI,43.4047,5.3405,Plein jour,Hors agglomération,Hors intersection,Normale,Sans collision,,,,,,,,,,,1,1,1,1.0,7.0
201000059903,0010-07-09 12:45:00,10,7,9,12,45,130,210,A50-SENS MARSEILLE VERS,43.2855,5.4263,Plein jour,Hors agglomération,Hors intersection,Normale,Autre collision,,,,,,,,,,,1,1,1,1.0,6.0
201000059904,0010-07-10 12:50:00,10,7,10,12,50,130,15,A51-SENS MARSEILLE VERS,43.4593,5.40346,Plein jour,Hors agglomération,Hors intersection,Normale,Sans collision,,,,,,,,,,,1,1,1,1.0,7.0
201000059905,0010-07-11 02:45:00,10,7,11,2,45,130,1,A51-SENS AIX EN PROVENCE,43.5075,5.41189,Nuit sans éclairage public,Hors agglomération,Hors intersection,Normale,Sans collision,,,,,,,,,,,3,1,1,1.0,7.0
201000059906,0010-07-13 15:30:00,10,7,13,15,30,130,210,A50-SENS MARSEILLE VERS,43.2846,5.40817,Plein jour,Hors agglomération,Hors intersection,Normale,Deux véhicules - arrière,,,,,,,,,,,1,1,1,1.0,2.0
201000059907,0010-07-12 18:25:00,10,7,12,18,25,130,211,A50-SENS MARSEILLE VERS,43.289,5.49497,Plein jour,Hors agglomération,Hors intersection,Normale,Deux véhicules - arrière,,,,,,,,,,,1,1,1,1.0,2.0
201000059908,0010-07-15 21:40:00,10,7,15,21,40,130,211,A50-SENS MARSEILLE VERS,43.2888,5.49615,Nuit sans éclairage public,Hors agglomération,Hors intersection,Normale,Deux véhicules - frontale,,,,,,,,,,,3,1,1,1.0,1.0
201000059909,0010-07-17 14:45:00,10,7,17,14,45,130,211,A50-SENS AUBAGNE VERS MA,43.288,5.50006,Plein jour,Hors agglomération,Hors intersection,Normale,Sans collision,,,,,,,,,,,1,1,1,1.0,7.0
201000059910,0010-07-18 16:40:00,10,7,18,16,40,130,22,A50-SENS AUBAGNE VERS TO,43.2328,5.58687,Plein jour,Hors agglomération,Hors intersection,Normale,Sans collision,,,,,,,,,,,1,1,1,1.0,7.0
201000059911,0010-07-19 04:15:00,10,7,19,4,15,130,88,A55-SENS MARTIGUES VERS,43.3914,5.26205,Nuit sans éclairage public,Hors agglomération,Hors intersection,Normale,Sans collision,,,,,,,,,,,3,1,1,1.0,7.0
201000059912,0010-07-20 14:50:00,10,7,20,14,50,130,202,A55-SENS MARSEILLE VERS,43.3281,5.35732,Plein jour,Hors agglomération,Hors intersection,Normale,Autre collision,,,,,,,,,,,1,1,1,1.0,6.0
201000059913,0010-07-20 17:00:00,10,7,20,17,0,130,117,A7-SENS LYON VERS MARSEI,43.4586,5.23539,Plein jour,Hors agglomération,Hors intersection,Normale,Deux véhicules - côté,,,,,,,,,,,1,1,1,1.0,3.0
201000059914,0010-07-21 17:20:00,10,7,21,17,20,130,56,A55-SENS MARSEILLE VERS,43.3977,5.07453,Plein jour,Hors agglomération,Hors intersection,Normale,Autre collision,,,,,,,,,,,1,1,1,1.0,6.0
201000059915,0010-07-21 07:08:00,10,7,21,7,8,130,1,A5116CD-AIX-CENTRE VERS,,,Plein jour,Hors agglomération,Hors intersection,Normale,Sans collision,,,,,,,,,,,1,1,1,1.0,7.0
201000059916,0010-07-22 10:35:00,10,7,22,10,35,130,211,A50-SENS AUBAGNE VERS MA,43.2938,5.47142,Plein jour,Hors agglomération,Hors intersection,Normale,Autre collision,,,,,,,,,,,1,1,1,1.0,6.0
201000059917,0010-07-23 19:25:00,10,7,23,19,25,130,211,A50-SENS MARSEILLE VERS,43.2934,5.47319,Plein jour,Hors agglomération,Hors intersection,Normale,Trois véhicules et plus - en chaîne,,,,,,,,,,,1,1,1,1.0,4.0
201000059918,0010-07-23 17:35:00,10,7,23,17,35,130,211,A50-SENS MARSEILLE VERS,43.293,5.47554,Plein jour,Hors agglomération,Hors intersection,Normale,Deux véhicules - arrière,,,,,,,,,,,1,1,1,1.0,2.0
201000059919,0010-07-27 14:15:00,10,7,27,14,15,130,1,A51-SENS AIX EN PROVENCE,43.477,5.40811,Plein jour,Hors agglomération,Hors intersection,Normale,Autre collision,,,,,,,,,,,1,1,1,1.0,6.0
201000059920,0010-07-27 12:20:00,10,7,27,12,20,130,216,A55-SENS MARSEILLE VERS,43.3469,5.34511,Plein jour,Hors agglomération,Hors intersection,Normale,Sans collision,,,,,,,,,,,1,1,1,1.0,7.0
201000059921,0010-08-02 15:00:00,10,8,2,15,0,130,71,A7-SENS MARSEILLE VERS L,43.4045,5.31681,Plein jour,Hors agglomération,Hors intersection,Pluie légère,Autre collision,,,,,,,,,,,1,1,1,2.0,6.0
201000059922,0010-08-02 15:15:00,10,8,2,15,15,130,15,A51-SENS AIX EN PROVENCE,43.4417,5.39615,Plein jour,Hors agglomération,Hors intersection,Pluie légère,Deux véhicules - côté,,,,,,,,,,,1,1,1,2.0,3.0
201000059923,0010-07-30 18:35:00,10,7,30,18,35,130,211,A50-SENS AUBAGNE VERS MA,43.2935,5.47258,Plein jour,Hors agglomération,Hors intersection,Normale,Deux véhicules - côté,,,,,,,,,,,1,1,1,1.0,3.0
201000059924,0010-08-03 17:00:00,10,8,3,17,0,130,70,A50-SENS AUBAGNE VERS MA,43.2861,5.51005,Plein jour,Hors agglomération,Hors intersection,Normale,Trois véhicules et plus - en chaîne,,,,,,,,,,,1,1,1,1.0,4.0
201000059925,0010-08-03 19:30:00,10,8,3,19,30,130,1,A51-SENS MARSEILLE VERS,43.4925,5.40691,Plein jour,Hors agglomération,Hors intersection,Normale,Autre collision,,,,,,,,,,,1,1,1,1.0,6.0
201000059926,0010-08-05 22:40:00,10,8,5,22,40,130,43,A55-SENS MARTIGUES VERS,43.381,5.2252,Nuit sans éclairage public,Hors agglomération,Hors intersection,Normale,Deux véhicules - arrière,,,,,,,,,,,3,1,1,1.0,2.0
201000059927,0010-08-07 19:35:00,10,8,7,19,35,130,211,A50-SENS AUBAGNE VERS MA,43.2914,5.48315,Plein jour,Hors agglomération,Hors intersection,Normale,Deux véhicules - arrière,,,,,,,,,,,1,1,1,1.0,2.0
201000059928,0010-08-12 19:14:00,10,8,12,19,14,130,43,A55-SENS MARTIGUES VERS,43.381,5.2252,Plein jour,Hors agglomération,Hors intersection,Normale,Autre collision,,,,,,,,,,,1,1,1,1.0,6.0
201000059929,0010-08-09 15:20:00,10,8,9,15,20,130,5,A50-SENS MARSEILLE VERS,43.2855,5.52668,Plein jour,Hors agglomération,Hors intersection,Normale,Trois véhicules et plus - en chaîne,,,,,,,,,,,1,1,1,1.0,4.0
201000059930,0010-08-10 02:20:00,10,8,10,2,20,130,106,A51-SENS MARSEILLE VERS,43.399,5.35349,Nuit sans éclairage public,Hors agglomération,Hors intersection,Normale,Sans collision,,,,,,,,,,,3,1,1,1.0,7.0
201000059931,0010-08-08 19:30:00,10,8,8,19,30,130,215,A7-SENS LYON VERS MARSEI,43.375,5.36045,Plein jour,Hors agglomération,Hors intersection,Normale,Deux véhicules - arrière,,,,,,,,,,,1,1,1,1.0,2.0
201000059932,0010-08-19 19:40:00,10,8,19,19,40,130,56,A55-SENS MARSEILLE VERS,43.3983,5.08067,Plein jour,Hors agglomération,Hors intersection,Normale,Autre collision,,,,,,,,,,,1,1,1,1.0,6.0
201000059933,0010-08-20 09:30:00,10,8,20,9,30,130,22,A50-SENS TOULON VERS AUB,43.2362,5.58974,Plein jour,Hors agglomération,Hors intersection,Normale,Autre collision,,,,,,,,,,,1,1,1,1.0,6.0
201000059934,0010-08-25 18:45:00,10,8,25,18,45,130,215,A7-SENS LYON VERS MARSEI,43.3815,5.35189,Plein jour,Hors agglomération,Hors intersection,Normale,Trois véhicules et plus - en chaîne,,,,,,,,,,,1,1,1,1.0,4.0
201000059935,0010-08-26 02:45:00,10,8,26,2,45,130,215,A7-SENS LYON VERS MARSEI,43.3492,5.36951,Nuit avec éclairage allumé,Hors agglomération,Hors intersection,Normale,Sans collision,,,,,,,,,,,5,1,1,1.0,7.0