accident_id,datetime,annee,mois,jour,heure,minute,departement,commune_insee,adresse,latitude,longitude,luminosite,agglomeration,intersection,meteo,collision,nb_vehicules,nb_usagers,nb_indemnes,nb_tues,nb_blesses_hosp,nb_blesses_legers,age_cond_1,age_cond_2,veh_type_cond_1,veh_type_cond_2,lum_code,agg_code,int_code,atm_code,col_code
201000059936,0010-08-26 12:00:00,10,8,26,12,0,130,203,A557-LIAISON A7 MARSEILL,43.3211,5.37608,Plein jour,Hors agglomération,Hors intersection,Normale,Sans collision,,,,,,,,,,,1,1,1,1.0,7.0
201000059937,0010-08-27 09:15:00,10,8,27,9,15,130,33,A55-SENS MARSEILLE VERS,43.3804,5.20845,Plein jour,Hors agglomération,Hors intersection,Normale,Sans collision,,,,,,,,,,,1,1,1,1.0,7.0
201000059938,0010-08-28 08:10:00,10,8,28,8,10,130,56,A55-SENS MARTIGUES VERS,43.3996,5.09582,Plein jour,Hors agglomération,Hors intersection,Normale,Deux véhicules - arrière,,,,,,,,,,,1,1,1,1.0,2.0
201000059939,0010-08-26 09:20:00,10,8,26,9,20,130,215,A55-SENS MARSEILLE VERS,43.3277,5.35784,Plein jour,Hors agglomération,Hors intersection,Normale,Deux véhicules - côté,,,,,,,,,,,1,1,1,1.0,3.0
201000059940,0010-08-31 10:00:00,10,8,31,10,0,130,215,A7-SENS LYON VERS MARSEI,43.3408,5.37662,Plein jour,Hors agglomération,Hors intersection,Normale,Deux véhicules - arrière,,,,,,,,,,,1,1,1,1.0,2.0
201000059941,0010-08-31 16:35:00,10,8,31,16,35,130,215,A7-SENS MARSEILLE VERS L,43.3596,5.36208,Plein jour,Hors agglomération,Hors intersection,Normale,Deux véhicules - arrière,,,,,,,,,,,1,1,1,1.0,2.0
201000059942,0010-09-03 05:50:00,10,9,3,5,50,130,210,S10CM-SENS MARSEILLE VER,,,Nuit avec éclairage allumé,Hors agglomération,Hors intersection,Normale,Autre collision,,,,,,,,,,,5,1,1,1.0,6.0
201000059943,0010-09-03 16:10:00,10,9,3,16,10,130,211,A50-SENS MARSEILLE VERS,43.2912,5.45055,Plein jour,Hors agglomération,Hors intersection,Normale,Trois véhicules et plus - en chaîne,,,,,,,,,,,1,1,1,1.0,4.0
201000059944,0010-09-04 01:15:00,10,9,4,1,15,130,117,A7-SENS LYON VERS MARSEI,43.4174,5.27463,Nuit sans éclairage public,Hors agglomération,Hors intersection,Normale,Autre collision,,,,,,,,,,,3,1,1,1.0,6.0
201000059945,0010-09-05 02:45:00,10,9,5,2,45,130,15,A51-SENS AIX EN PROVENCE,43.4681,5.40719,Nuit sans éclairage public,Hors agglomération,Hors intersection,Normale,Deux véhicules - côté,,,,,,,,,,,3,1,1,1.0,3.0
201000059946,0010-09-06 19:55:00,10,9,6,19,55,130,71,A55-SENS MARTIGUES VERS,43.3914,5.26925,Plein jour,Hors agglomération,Hors intersection,Normale,Sans collision,,,,,,,,,,,1,1,1,1.0,7.0
201000059947,0010-09-06 22:40:00,10,9,6,22,40,130,56,A55-SENS MARSEILLE VERS,43.3945,5.05137,Nuit sans éclairage public,Hors agglomération,Hors intersection,Pluie légère,Sans collision,,,,,,,,,,,3,1,1,2.0,7.0
201000059948,0010-09-08 08:00:00,10,9,8,8,0,130,214,A7-SENS MARSEILLE VERS L,43.3253,5.37833,Plein jour,Hors agglomération,Hors intersection,Normale,Autre collision,,,,,,,,,,,1,1,1,1.0,6.0
201000059949,0010-09-08 16:25:00,10,9,8,16,25,130,202,TVPCD-SENS LES PORTS VER,,,Plein jour,Hors agglomération,Hors intersection,Normale,Trois véhicules et plus - en chaîne,,,,,,,,,,,1,1,1,1.0,4.0
201000059950,0010-09-09 08:00:00,10,9,9,8,0,130,15,A51-SENS MARSEILLE VERS,43.4447,5.39604,Plein jour,Hors agglomération,Hors intersection,Normale,Deux véhicules - côté,,,,,,,,,,,1,1,1,1.0,3.0
201000059951,0010-09-09 22:55:00,10,9,9,22,55,130,210,A50-SENS AUBAGNE VERS MA,43.2846,5.40726,Nuit avec éclairage allumé,Hors agglomération,Hors intersection,Normale,Sans collision,,,,,,,,,,,5,1,1,1.0,7.0
201000059952,0010-09-10 08:15:00,10,9,10,8,15,130,210,S10CD-SENS AUBAGNE VERS,,,Plein jour,Hors agglomération,Hors intersection,Normale,Autre collision,,,,,,,,,,,1,1,1,1.0,6.0
201000059953,0010-09-12 02:00:00,10,9,12,2,0,130,71,A7-SENS LYON VERS MARSEI,43.4087,5.28669,Nuit sans éclairage public,Hors agglomération,Hors intersection,Normale,Autre collision,,,,,,,,,,,3,1,1,1.0,6.0
201000059954,0010-09-12 06:55:00,10,9,12,6,55,130,215,A7-SENS MARSEILLE VERS L,43.3751,5.36043,Crépuscule ou aube,Hors agglomération,Hors intersection,Normale,Deux véhicules - côté,,,,,,,,,,,2,1,1,1.0,3.0
201000059955,0010-09-13 07:45:00,10,9,13,7,45,130,71,A7-SENS MARSEILLE VERS L,43.4119,5.2824,Plein jour,Hors agglomération,Hors intersection,Normale,Deux véhicules - arrière,,,,,,,,,,,1,1,1,1.0,2.0
201000059956,0010-09-13 17:45:00,10,9,13,17,45,130,215,A55-SENS MARTIGUES VERS,43.3388,5.3485,Plein jour,Hors agglomération,Hors intersection,Normale,Autre collision,,,,,,,,,,,1,1,1,1.0,6.0
201000059957,0010-09-10 18:50:00,10,9,10,18,50,130,211,A50-SENS AUBAGNE VERS MA,43.2946,5.46178,Plein jour,Hors agglomération,Hors intersection,Normale,Trois véhicules et plus - en chaîne,,,,,,,,,,,1,1,1,1.0,4.0
201000059958,0010-09-14 07:45:00,10,9,14,7,45,130,88,A55-SENS MARTIGUES VERS,43.3865,5.24135,Plein jour,Hors agglomération,Hors intersection,Normale,Trois véhicules et plus - en chaîne,,,,,,,,,,,1,1,1,1.0,4.0
201000059959,0010-09-14 21:30:00,10,9,14,21,30,130,22,A50-SENS AUBAGNE VERS TO,43.2366,5.59008,Nuit sans éclairage public,Hors agglomération,Hors intersection,Normale,Deux véhicules - arrière,,,,,,,,,,,3,1,1,1.0,2.0
201000059960,0010-09-15 15:20:00,10,9,15,15,20,130,15,A515CM-SORTIE GARDANNE/B,43.4294,5.39511,Plein jour,Hors agglomération,Hors intersection,Normale,Deux véhicules - arrière,,,,,,,,,,,1,1,1,1.0,2.0
201000059961,0010-09-15 16:30:00,10,9,15,16,30,130,211,A50-SENS MARSEILLE VERS,43.2912,5.45055,Plein jour,Hors agglomération,Hors intersection,Normale,Trois véhicules et plus - en chaîne,,,,,,,,,,,1,1,1,1.0,4.0
201000059962,0010-09-17 17:14:00,10,9,17,17,14,130,71,A55 - SENS MARSEILLE VER,43.3993,5.29312,Plein jour,Hors agglomération,Hors intersection,Normale,Autre collision,,,,,,,,,,,1,1,1,1.0,6.0
201000059963,0010-10-13 01:10:00,10,10,13,1,10,130,5,A50-SENS MARSEILLE VERS,43.2872,5.5393,Nuit sans éclairage public,Hors agglomération,Hors intersection,Normale,Autre collision,,,,,,,,,,,3,1,1,1.0,6.0
201000059964,0010-09-19 18:30:00,10,9,19,18,30,130,214,A7-SENS LYON VERS MARSEI,43.328,5.37815,Plein jour,Hors agglomération,Hors intersection,Normale,Deux véhicules - arrière,,,,,,,,,,,1,1,1,1.0,2.0
201000059965,0010-09-21 09:40:00,10,9,21,9,40,130,210,TUNNEL PRADO CARÉNAGE,,,Plein jour,Hors agglomération,Hors intersection,Normale,Trois véhicules et plus - en chaîne,,,,,,,,,,,1,1,1,1.0,4.0
201000059966,0010-09-22 12:55:00,10,9,22,12,55,130,106,A51-SENS AIX EN PROVENCE,43.4078,5.36298,Plein jour,Hors agglomération,Hors intersection,Normale,Sans collision,,,,,,,,,,,1,1,1,1.0,7.0
201000059967,0010-09-22 17:00:00,10,9,22,17,0,130,202,A55-SENS MARTIGUES VERS,43.325,5.36167,Plein jour,Hors agglomération,Hors intersection,Normale,Deux véhicules - arrière,,,,,,,,,,,1,1,1,1.0,2.0
201000059968,0010-09-24 17:10:00,10,9,24,17,10,130,56,A55-SENS MARTIGUES VERS,43.3987,5.08682,Plein jour,Hors agglomération,Hors intersection,Normale,Autre collision,,,,,,,,,,,1,1,1,1.0,6.0
201000059969,0010-09-25 15:20:00,10,9,25,15,20,130,117,A7-SENS MARSEILLE VERS L,43.4251,5.26461,Plein jour,Hors agglomération,Hors intersection,Normale,Deux véhicules - côté,,,,,,,,,,,1,1,1,1.0,3.0
201000059970,0010-09-28 16:30:00,10,9,28,16,30,130,203,A557-LIAISON A7 MARSEILL,43.319,5.36806,Plein jour,Hors agglomération,Hors intersection,Normale,Trois véhicules et plus - en chaîne,,,,,,,,,,,1,1,1,1.0,4.0
201000059971,0010-09-30 07:20:00,10,9,30,7,20,130,214,A7-SENS MARSEILLE VERS L,43.3353,5.37729,Crépuscule ou aube,Hors agglomération,Hors intersection,Normale,Deux véhicules - arrière,,,,,,,,,,,2,1,1,1.0,2.0
201000059972,0010-10-01 06:20:00,10,10,1,6,20,130,15,A51-SENS AIX EN PROVENCE,43.4524,5.39665,Nuit sans éclairage public,Hors agglomération,Hors intersection,Normale,Sans collision,,,,,,,,,,,3,1,1,1.0,7.0
201000059973,0010-10-02 23:45:00,10,10,2,23,45,130,214,A7-SENS MARSEILLE VERS L,43.3344,5.3774,Nuit avec éclairage allumé,Hors agglomération,Hors intersection,Normale,Deux véhicules - côté,,,,,,,,,,,5,1,1,1.0,3.0
201000059974,0010-10-02 09:52:00,10,10,2,9,52,130,202,TVPCM-SENS SAINT VICTOR,,,Plein jour,Hors agglomération,Hors intersection,Normale,Trois véhicules et plus - en chaîne,,,,,,,,,,,1,1,1,1.0,4.0
201000059975,0010-10-02 17:00:00,10,10,2,17,0,130,71,A7-SENS LYON VERS MARSEI,43.4062,5.33487,Plein jour,Hors agglomération,Hors intersection,Normale,Trois véhicules et plus - en chaîne,,,,,,,,,,,1,1,1,1.0,4.0
201000059976,0010-10-05 04:00:00,10,10,5,4,0,130,71,A55-SENS MARTIGUES VERS,43.3939,5.28071,Nuit sans éclairage public,Hors agglomération,Hors intersection,Pluie légère,Autre collision,,,,,,,,,,,3,1,1,2.0,6.0
201000059977,0010-10-05 18:55:00,10,10,5,18,55,130,15,A51-SENS MARSEILLE VERS,43.434,5.39496,Crépuscule ou aube,Hors agglomération,Hors intersection,Normale,Deux véhicules - arrière,,,,,,,,,,,2,1,1,1.0,2.0
201000059978,0010-10-09 11:25:00,10,10,9,11,25,130,211,A50-SENS MARSEILLE VERS,43.2868,5.43592,Plein jour,Hors agglomération,Hors intersection,Normale,Deux véhicules - arrière,,,,,,,,,,,1,1,1,1.0,2.0
201000059979,0010-10-08 20:40:00,10,10,8,20,40,130,19,A51-SENS MARSEILLE VERS,43.4214,5.36983,Nuit sans éclairage public,Hors agglomération,Hors intersection,Normale,Trois véhicules et plus - en chaîne,,,,,,,,,,,3,1,1,1.0,4.0
201000059980,0010-10-10 15:30:00,10,10,10,15,30,130,15,A51-SENS AIX EN PROVENCE,43.4323,5.39376,Plein jour,Hors agglomération,Hors intersection,Temps couvert,Sans collision,,,,,,,,,,,1,1,1,8.0,7.0
201000059981,0010-10-10 18:45:00,10,10,10,18,45,130,5,A50-SENS MARSEILLE VERS,43.288,5.54524,Plein jour,Hors agglomération,Hors intersection,Pluie légère,Deux véhicules - côté,,,,,,,,,,,1,1,1,2.0,3.0
201000059982,0010-10-12 06:45:00,10,10,12,6,45,130,5,A52-SENS TOULON VERS PON,43.2817,5.58415,Nuit avec éclairage non allumé,Hors agglomération,Hors intersection,Normale,Sans collision,,,,,,,,,,,4,1,1,1.0,7.0
201000059983,0010-10-12 09:20:00,10,10,12,9,20,130,106,A51-SENS MARSEILLE VERS,43.3957,5.35167,Plein jour,Hors agglomération,Hors intersection,Normale,Sans collision,,,,,,,,,,,1,1,1,1.0,7.0
201000059984,0010-10-13 08:40:00,10,10,13,8,40,130,71,A7-SENS LYON VERS MARSEI,43.4026,5.34583,Plein jour,Hors agglomération,Hors intersection,Pluie légère,Deux véhicules - côté,,,,,,,,,,,1,1,1,2.0,3.0
201000059985,0010-10-13 19:25:00,10,10,13,19,25,130,215,A7-SENS LYON VERS MARSEI,43.3815,5.35189,Nuit sans éclairage public,Hors agglomération,Hors intersection,Normale,Deux véhicules - arrière,,,,,,,,,,,3,1,1,1.0,2.0
201000059986,0010-10-14 07:26:00,10,10,14,7,26,130,71,A7-SENS LYON VERS MARSEI,43.4118,5.28243,Plein jour,Hors agglomération,Hors intersection,Normale,Trois véhicules et plus - en chaîne,,,,,,,,,,,1,1,1,1.0,4.0
201000059987,0010-10-17 17:40:00,10,10,17,17,40,130,214,A7-SENS MARSEILLE VERS L,43.3344,5.3774,Plein jour,Hors agglomération,Hors intersection,Normale,Trois véhicules et plus - en chaîne,,,,,,,,,,,1,1,1,1.0,4.0
201000059988,0010-10-14 16:30:00,10,10,14,16,30,130,202,A55-SENS MARTIGUES VERS,43.3171,5.36386,Plein jour,Hors agglomération,Hors intersection,Normale,Deux véhicules - arrière,,,,,,,,,,,1,1,1,1.0,2.0
201000059989,0010-10-15 08:10:00,10,10,15,8,10,130,215,A7-SENS MARSEILLE VERS L,43.3614,5.36144,Plein jour,Hors agglomération,Hors intersection,Normale,Deux véhicules - arrière,,,,,,,,,,,1,1,1,1.0,2.0
201000059990,0010-10-15 07:45:00,10,10,15,7,45,130,215,A7-SENS MARSEILLE VERS L,43.3655,5.36057,Plein jour,Hors agglomération,Hors intersection,Normale,Sans collision,,,,,,,,,,,1,1,1,1.0,7.0
201000059991,0010-10-15 08:55:00,10,10,15,8,55,130,1,A51-SENS AIX EN PROVENCE,43.5102,5.41695,Plein jour,Hors agglomération,Hors intersection,Normale,Deux véhicules - arrière,,,,,,,,,,,1,1,1,1.0,2.0
201000059992,0010-10-15 17:10:00,10,10,15,17,10,130,214,A7-SENS MARSEILLE VERS L,43.3189,5.37742,Plein jour,Hors agglomération,Hors intersection,Normale,Deux véhicules - arrière,,,,,,,,,,,1,1,1,1.0,2.0
201000059993,0010-10-17 17:55:00,10,10,17,17,55,130,22,A50-SENS AUBAGNE VERS TO,43.2282,5.58342,Plein jour,Hors agglomération,Hors intersection,Normale,Sans collision,,,,,,,,,,,1,1,1,1.0,7.0
201000059994,0010-10-17 16:50:00,10,10,17,16,50,130,106,A51-SENS MARSEILLE VERS,43.4021,5.35588,Plein jour,Hors agglomération,Hors intersection,Normale,Trois véhicules et plus - en chaîne,,,,,,,,,,,1,1,1,1.0,4.0
201000059995,0010-10-17 18:30:00,10,10,17,18,30,130,71,A7-SENS LYON VERS MARSEI,43.4118,5.28245,Plein jour,Hors agglomération,Hors intersection,Normale,Deux véhicules - arrière,,,,,,,,,,,1,1,1,1.0,2.0
201000059996,0010-10-19 11:15:00,10,10,19,11,15,130,202,TUNNEL JOLIETTE VERS A.5,,,Plein jour,Hors agglomération,Hors intersection,Normale,Deux véhicules - côté,,,,,,,,,,,1,1,1,1.0,3.0
201000059997,0010-10-20 07:31:00,10,10,20,7,31,130,211,A50-SENS AUBAGNE VERS MA,43.2882,5.49933,Plein jour,Hors agglomération,Hors intersection,Normale,Trois véhicules et plus - collisions multiples,,,,,,,,,,,1,1,1,1.0,5.0
201000059998,0010-10-20 18:00:00,10,10,20,18,0,130,214,A7-SENS LYON VERS MARSEI,43.3235,5.37812,Plein jour,Hors agglomération,Hors intersection,Normale,Trois véhicules et plus - en chaîne,,,,,,,,,,,1,1,1,1.0,4.0
201000059999,0010-09-23 13:45:00,10,9,23,13,45,130,71,A55 - SENS MARSEILLE VER,43.3972,5.29813,Plein jour,Hors agglomération,Hors intersection,Normale,Autre collision,,,,,,,,,,,1,1,1,1.0,6.0
201000060000,0010-10-21 11:25:00,10,10,21,11,25,130,5,A52-SENS TOULON VERS PON,43.2782,5.58539,Plein jour,Hors agglomération,Hors intersection,Normale,Deux véhicules - arrière,,,,,,,,,,,1,1,1,1.0,2.0
201000060001,0010-10-21 19:50:00,10,10,21,19,50,130,215,A7-SENS LYON VERS MARSEI,43.375,5.36045,Nuit sans éclairage public,Hors agglomération,Hors intersection,Normale,Autre collision,,,,,,,,,,,3,1,1,1.0,6.0
201000060002,0010-10-22 14:15:00,10,10,22,14,15,130,71,A55-SENS MARTIGUES VERS,43.3935,5.30013,Plein jour,Hors agglomération,Hors intersection,Normale,Deux véhicules - arrière,,,,,,,,,,,1,1,1,1.0,2.0
201000060003,0010-10-22 21:00:00,10,10,22,21,0,130,19,A51-SENS AIX EN PROVENCE,43.4266,5.38125,Nuit sans éclairage public,Hors agglomération,Hors intersection,Normale,Deux véhicules - côté,,,,,,,,,,,3,1,1,1.0,3.0
201000060004,0010-10-24 20:06:00,10,10,24,20,6,130,19,A51-SENS MARSEILLE VERS,43.4263,5.38021,Nuit sans éclairage public,Hors agglomération,Hors intersection,Pluie légère,Autre collision,,,,,,,,,,,3,1,1,2.0,6.0
201000060005,0010-10-27 16:30:00,10,10,27,16,30,130,71,A7-SENS MARSEILLE VERS L,43.4118,5.28245,Plein jour,Hors agglomération,Hors intersection,Normale,Trois véhicules et plus - en chaîne,,,,,,,,,,,1,1,1,1.0,4.0
201000060006,0010-10-30 14:45:00,10,10,30,14,45,130,85,A50-SENS TOULON VERS AUB,43.2648,5.58748,Plein jour,Hors agglomération,Hors intersection,Pluie forte,Sans collision,,,,,,,,,,,1,1,1,3.0,7.0
201000060007,0010-10-30 23:35:00,10,10,30,23,35,130,215,A55-SENS MARSEILLE VERS,43.3361,5.35215,Nuit sans éclairage public,Hors agglomération,Hors intersection,Pluie légère,Autre collision,,,,,,,,,,,3,1,1,2.0,6.0
201000060008,0010-11-01 09:00:00,10,11,1,9,0,130,71,A55-SENS MARTIGUES VERS,43.3991,5.29431,Plein jour,Hors agglomération,Hors intersection,Pluie légère,Sans collision,,,,,,,,,,,1,1,1,2.0,7.0
201000060009,0010-11-01 10:15:00,10,11,1,10,15,130,5,A502-SENS AUBAGNE VERS T,43.2825,5.57754,Plein jour,Hors agglomération,Hors intersection,Pluie légère,Autre collision,,,,,,,,,,,1,1,1,2.0,6.0
201000060010,0010-11-01 12:20:00,10,11,1,12,20,130,26,A55-SENS MARSEILLE VERS,43.3782,5.17003,Plein jour,Hors agglomération,Hors intersection,Pluie forte,Sans collision,,,,,,,,,,,1,1,1,3.0,7.0
201000060011,0010-11-02 06:45:00,10,11,2,6,45,130,216,A55-SENS MARTIGUES VERS,43.3551,5.34785,Plein jour,Hors agglomération,Hors intersection,Pluie légère,Autre collision,,,,,,,,,,,1,1,1,2.0,6.0
201000060012,0010-11-02 07:26:00,10,11,2,7,26,130,71,A51-SENS MARSEILLE VERS,43.4181,5.36603,Plein jour,Hors agglomération,Hors intersection,Temps couvert,Deux véhicules - arrière,,,,,,,,,,,1,1,1,8.0,2.0
201000060013,0010-11-02 07:20:00,10,11,2,7,20,130,215,A7-SENS MARSEILLE VERS L,43.3659,5.3606,Crépuscule ou aube,Hors agglomération,Hors intersection,Normale,Deux véhicules - arrière,,,,,,,,,,,2,1,1,1.0,2.0
201000060014,0010-11-02 06:56:00,10,11,2,6,56,130,216,A55-SENS MARTIGUES VERS,43.3507,5.34718,Crépuscule ou aube,Hors agglomération,Hors intersection,Pluie forte,Autre collision,,,,,,,,,,,2,1,1,3.0,6.0
201000060015,0010-11-02 08:30:00,10,11,2,8,30,130,216,A55-SENS MARSEILLE VERS,43.3384,5.3486,Plein jour,Hors agglomération,Hors intersection,Normale,Autre collision,,,,,,,,,,,1,1,1,1.0,6.0
201000060016,0010-10-30 18:00:00,10,10,30,18,0,130,81,A7-SENS MARSEILLE VERS L,43.4892,5.24052,Nuit sans éclairage public,Hors agglomération,Hors intersection,Pluie forte,Deux véhicules - arrière,,,,,,,,,,,3,1,1,3.0,2.0
201000060017,0010-11-02 17:00:00,10,11,2,17,0,130,22,A50-SENS TOULON VERS AUB,43.2257,5.58232,Crépuscule ou aube,Hors agglomération,Hors intersection,Normale,Deux véhicules - arrière,,,,,,,,,,,2,1,1,1.0,2.0
201000060018,0010-11-05 20:16:00,10,11,5,20,16,130,214,A7-SENS LYON VERS MARSEI,43.3326,5.3776,Nuit avec éclairage allumé,Hors agglomération,Hors intersection,Normale,Deux véhicules - arrière,,,,,,,,,,,5,1,1,1.0,2.0
201000060019,0010-11-07 00:20:00,10,11,7,0,20,130,216,A55-SENS MARSEILLE VERS,43.3402,5.34825,Nuit avec éclairage non allumé,Hors agglomération,Hors intersection,Normale,Autre collision,,,,,,,,,,,4,1,1,1.0,6.0
201000060020,0010-11-07 20:20:00,10,11,7,20,20,130,214,A7-SENS LYON VERS MARSEI,43.3253,5.37833,Nuit avec éclairage allumé,Hors agglomération,Hors intersection,Normale,Trois véhicules et plus - collisions multiples,,,,,,,,,,,5,1,1,1.0,5.0
201000060021,0010-11-07 07:05:00,10,11,7,7,5,130,56,A55-SENS MARTIGUES VERS,43.3979,5.0753,Nuit sans éclairage public,Hors agglomération,Hors intersection,Normale,Autre collision,,,,,,,,,,,3,1,1,1.0,6.0
201000060022,0010-11-08 09:30:00,10,11,8,9,30,130,81,A7-SENS LYON VERS MARSEI,43.4866,5.24089,Plein jour,Hors agglomération,Hors intersection,Normale,Trois véhicules et plus - en chaîne,,,,,,,,,,,1,1,1,1.0,4.0
201000060023,0010-11-08 22:25:00,10,11,8,22,25,130,22,A50-SENS TOULON VERS AUB,43.2152,5.58214,Nuit sans éclairage public,Hors agglomération,Hors intersection,Pluie légère,Autre collision,,,,,,,,,,,3,1,1,2.0,6.0
201000060024,0010-11-09 17:15:00,10,11,9,17,15,130,71,A7-SENS MARSEILLE VERS L,43.4106,5.28406,Crépuscule ou aube,Hors agglomération,Hors intersection,Normale,Deux véhicules - arrière,,,,,,,,,,,2,1,1,1.0,2.0
201000060025,0010-11-10 09:40:00,10,11,10,9,40,130,214,A7-SENS LYON VERS MARSEI,43.3235,5.37812,Plein jour,Hors agglomération,Hors intersection,Pluie légère,Sans collision,,,,,,,,,,,1,1,1,2.0,7.0
201000060026,0010-11-10 08:50:00,10,11,10,8,50,130,216,A55-SENS MARTIGUES VERS,43.3585,5.34461,Plein jour,Hors agglomération,Hors intersection,Temps couvert,Deux véhicules - côté,,,,,,,,,,,1,1,1,8.0,3.0
201000060027,0010-11-10 16:30:00,10,11,10,16,30,130,215,A7-SENS MARSEILLE VERS L,43.3493,5.36943,Plein jour,Hors agglomération,Hors intersection,Normale,Deux véhicules - côté,,,,,,,,,,,1,1,1,1.0,3.0
201000060028,0010-11-13 01:28:00,10,11,13,1,28,130,206,TUNNEL PRADO CARÉNAGE,,,Nuit avec éclairage allumé,Hors agglomération,Hors intersection,Normale,Autre collision,,,,,,,,,,,5,1,1,1.0,6.0
201000060029,0010-11-16 09:15:00,10,11,16,9,15,130,56,A55-SENS MARSEILLE VERS,43.4011,5.04326,Plein jour,Hors agglomération,Hors intersection,Pluie légère,Sans collision,,,,,,,,,,,1,1,1,2.0,7.0
201000060030,0010-11-18 19:20:00,10,11,18,19,20,130,214,A7-SENS LYON VERS MARSEI,43.3326,5.3776,Nuit avec éclairage allumé,Hors agglomération,Hors intersection,Normale,Trois véhicules et plus - en chaîne,,,,,,,,,,,5,1,1,1.0,4.0
201000060031,0010-11-19 07:25:00,10,11,19,7,25,130,215,A7-SENS LYON VERS MARSEI,43.3472,5.37187,Plein jour,Hors agglomération,Hors intersection,Normale,Deux véhicules - côté,,,,,,,,,,,1,1,1,1.0,3.0
201000060032,0010-11-19 19:30:00,10,11,19,19,30,130,106,A7-SENS LYON VERS MARSEI,43.3906,5.35104,Nuit sans éclairage public,Hors agglomération,Hors intersection,Normale,Trois véhicules et plus - en chaîne,,,,,,,,,,,3,1,1,1.0,4.0
201000060033,0010-11-21 02:45:00,10,11,21,2,45,130,210,A50-SENS AUBAGNE VERS MA,43.2846,5.40811,Nuit avec éclairage allumé,Hors agglomération,Hors intersection,Temps couvert,Autre collision,,,,,,,,,,,5,1,1,8.0,6.0
201000060034,0010-11-21 04:20:00,10,11,21,4,20,130,5,A502-SENS AUBAGNE VERS T,43.283,5.57998,Nuit sans éclairage public,Hors agglomération,Hors intersection,Pluie légère,Autre collision,,,,,,,,,,,3,1,1,2.0,6.0
201000060035,0010-11-21 21:20:00,10,11,21,21,20,130,15,A515CD-GARDANNE VERS A51,43.4289,5.39141,Nuit sans éclairage public,Hors agglomération,Hors intersection,Normale,Autre collision,,,,,,,,,,,3,1,1,1.0,6.0
201000060036,0010-11-09 10:55:00,10,11,9,10,55,130,210,S10CM-SENS MARSEILLE VER,,,Plein jour,Hors agglomération,Hors intersection,Normale,Deux véhicules - arrière,,,,,,,,,,,1,1,1,1.0,2.0
201000060037,0010-11-22 16:00:00,10,11,22,16,0,130,71,A51-SENS AIX EN PROVENCE,43.4135,5.36449,Plein jour,Hors agglomération,Hors intersection,Normale,Sans collision,,,,,,,,,,,1,1,1,1.0,7.0
201000060038,0010-11-22 18:45:00,10,11,22,18,45,130,210,A50-SENS MARSEILLE VERS,43.2855,5.4263,Nuit avec éclairage allumé,Hors agglomération,Hors intersection,Normale,Deux véhicules - arrière,,,,,,,,,,,5,1,1,1.0,2.0
201000060039,0010-11-23 17:35:00,10,11,23,17,35,130,203,A7-SENS MARSEILLE VERS L,43.3171,5.37714,Nuit sans éclairage public,Hors agglomération,Hors intersection,Normale,Deux véhicules - côté,,,,,,,,,,,3,1,1,1.0,3.0
201000060040,0010-11-23 19:15:00,10,11,23,19,15,130,117,A7-SENS MARSEILLE VERS L,43.4407,5.24833,Nuit avec éclairage allumé,Hors agglomération,Hors intersection,Normale,Trois véhicules et plus - en chaîne,,,,,,,,,,,5,1,1,1.0,4.0
201000060041,0010-11-21 18:21:00,10,11,21,18,21,130,71,A51-SENS AIX EN PROVENCE,43.4091,5.36359,Nuit sans éclairage public,Hors agglomération,Hors intersection,Temps couvert,Trois véhicules et plus - en chaîne,,,,,,,,,,,3,1,1,8.0,4.0
201000060042,0010-11-24 22:00:00,10,11,24,22,0,130,5,A52-SENS TOULON VERS PON,43.3086,5.59187,Nuit avec éclairage allumé,Hors agglomération,Hors intersection,Normale,Sans collision,,,,,,,,,,,5,1,1,1.0,7.0
201000060043,0010-11-25 08:40:00,10,11,25,8,40,130,210,A50-SENS AUBAGNE VERS MA,43.2846,5.40821,Plein jour,Hors agglomération,Hors intersection,Normale,Deux véhicules - côté,,,,,,,,,,,1,1,1,1.0,3.0
201000060044,0010-11-25 08:35:00,10,11,25,8,35,130,215,A7-SENS MARSEILLE VERS L,43.3788,5.355,Plein jour,Hors agglomération,Hors intersection,Normale,Deux véhicules - arrière,,,,,,,,,,,1,1,1,1.0,2.0
201000060045,0010-11-25 08:05:00,10,11,25,8,5,130,56,A55-SENS MARTIGUES VERS,43.4092,5.0364,Plein jour,Hors agglomération,Hors intersection,Normale,Deux véhicules - arrière,,,,,,,,,,,1,1,1,1.0,2.0
201000060046,0010-11-24 12:20:00,10,11,24,12,20,130,70,A50-SENS AUBAGNE VERS MA,43.2859,5.51121,Plein jour,Hors agglomération,Hors intersection,Normale,Trois véhicules et plus - en chaîne,,,,,,,,,,,1,1,1,1.0,4.0
201000060047,0010-11-26 07:37:00,10,11,26,7,37,130,1,A51-SENS AIX EN PROVENCE,43.5075,5.41189,Plein jour,Hors agglomération,Hors intersection,Normale,Autre collision,,,,,,,,,,,1,1,1,1.0,6.0
201000060048,0010-11-26 01:20:00,10,11,26,1,20,130,203,A557-LIAISON A7 MARSEILL,43.324,5.37778,Nuit avec éclairage allumé,Hors agglomération,Hors intersection,Autre,Sans collision,,,,,,,,,,,5,1,1,9.0,7.0
201000060049,0010-11-27 01:00:00,10,11,27,1,0,130,26,A55-SENS MARSEILLE VERS,43.3875,5.14486,Nuit sans éclairage public,Hors agglomération,Hors intersection,Normale,Autre collision,,,,,,,,,,,3,1,1,1.0,6.0