accident_id,datetime,annee,mois,jour,heure,minute,departement,commune_insee,adresse,latitude,longitude,luminosite,agglomeration,intersection,meteo,collision,nb_vehicules,nb_usagers,nb_indemnes,nb_tues,nb_blesses_hosp,nb_blesses_legers,age_cond_1,age_cond_2,veh_type_cond_1,veh_type_cond_2,lum_code,agg_code,int_code,atm_code,col_code
201000060167,0010-04-11 01:10:00,10,4,11,1,10,750,101,"22, RUE DES HALLES",,,Nuit avec éclairage allumé,En agglomération,Intersection à plus de 4 branches,Normale,Deux véhicules - arrière,,,,,,,,,,,5,2,5,1.0,2.0
201000060168,0010-04-12 14:05:00,10,4,12,14,5,750,101,SOUTERRAIN LEMONNIER,,,Plein jour,En agglomération,Hors intersection,Normale,Sans collision,,,,,,,,,,,1,2,1,1.0,7.0
201000060169,0010-04-12 17:15:00,10,4,12,17,15,750,101,SOUTERRAIN TRANSIT HALLE,,,Plein jour,En agglomération,Hors intersection,Normale,Autre collision,,,,,,,,,,,1,2,1,1.0,6.0
201000060170,0010-04-13 08:55:00,10,4,13,8,55,750,101,RUE DE RIVOLI,,,Plein jour,En agglomération,Intersection en T,Normale,Deux véhicules - côté,,,,,,,,,,,1,2,3,1.0,3.0
201000060171,0010-04-15 14:45:00,10,4,15,14,45,750,101,"22, QUAI DE LA MEGISSERI",,,Plein jour,En agglomération,Hors intersection,Normale,Autre collision,,,,,,,,,,,1,2,1,1.0,6.0
201000060172,0010-04-23 12:30:00,10,4,23,12,30,750,101,"378, RUE SAINT HONORE",,,Plein jour,En agglomération,Intersection en X,Normale,Autre collision,,,,,,,,,,,1,2,2,1.0,6.0
201000060173,0010-04-24 18:54:00,10,4,24,18,54,750,101,"02, RUE CAMBON",,,Plein jour,En agglomération,Hors intersection,Normale,Autre collision,,,,,,,,,,,1,2,1,1.0,6.0
201000060174,0010-04-26 10:30:00,10,4,26,10,30,750,101,"14, QUAI FRANCOIS MITTER",,,Plein jour,En agglomération,Hors intersection,Normale,Sans collision,,,,,,,,,,,1,2,1,1.0,7.0
201000060175,0010-05-04 14:45:00,10,5,4,14,45,750,101,VOIE GEORGES POMPIDOU,,,Plein jour,En agglomération,Intersection en Y,Normale,Deux véhicules - côté,,,,,,,,,,,1,2,4,1.0,3.0
201000060176,0010-05-04 17:45:00,10,5,4,17,45,750,101,"22, QUAI DE LA MEGISSERI",,,Plein jour,En agglomération,Hors intersection,Normale,Trois véhicules et plus - en chaîne,,,,,,,,,,,1,2,1,1.0,4.0
201000060177,0010-05-11 15:10:00,10,5,11,15,10,750,101,"258, RUE DE RIVOLI",,,Plein jour,En agglomération,Hors intersection,Pluie légère,Deux véhicules - arrière,,,,,,,,,,,1,2,1,2.0,2.0
201000060178,0010-05-15 11:15:00,10,5,15,11,15,750,101,"40, RUE DU LOUVRE",,,Plein jour,En agglomération,Intersection à plus de 4 branches,Normale,Deux véhicules - côté,,,,,,,,,,,1,2,5,1.0,3.0
201000060179,0010-05-15 15:40:00,10,5,15,15,40,750,101,QUAI DE LA MEGISSERIE,,,Plein jour,En agglomération,Intersection en X,Normale,Deux véhicules - arrière,,,,,,,,,,,1,2,2,1.0,2.0
201000060180,0010-05-17 16:50:00,10,5,17,16,50,750,101,"155, RUE SAINT HONORE",,,Plein jour,En agglomération,Intersection à plus de 4 branches,Normale,Autre collision,,,,,,,,,,,1,2,5,1.0,6.0
201000060181,0010-05-26 11:30:00,10,5,26,11,30,750,101,"93, RUE DE RIVOLI",,,Plein jour,En agglomération,Intersection en X,Normale,Autre collision,,,,,,,,,,,1,2,2,1.0,6.0
201000060182,0010-05-28 05:35:00,10,5,28,5,35,750,101,RUE DES PYRAMIDES,,,Plein jour,En agglomération,Intersection en X,Pluie légère,Deux véhicules - côté,,,,,,,,,,,1,2,2,2.0,3.0
201000060183,0010-06-01 18:30:00,10,6,1,18,30,750,101,RUE DU LOUVRE,,,Plein jour,En agglomération,Intersection en X,Pluie forte,Deux véhicules - côté,,,,,,,,,,,1,2,2,3.0,3.0
201000060184,0010-06-04 10:20:00,10,6,4,10,20,750,101,QUAI DES TUILERIES,,,Plein jour,En agglomération,Intersection à plus de 4 branches,Normale,Autre collision,,,,,,,,,,,1,2,5,1.0,6.0
201000060185,0010-06-04 15:45:00,10,6,4,15,45,750,101,"46, RUE DU LOUVRE",,,Plein jour,En agglomération,Intersection en X,Normale,Sans collision,,,,,,,,,,,1,2,2,1.0,7.0
201000060186,0010-06-07 13:15:00,10,6,7,13,15,750,101,"110, RUE DE RIVOLI",,,Plein jour,En agglomération,Intersection en X,Normale,Autre collision,,,,,,,,,,,1,2,2,1.0,6.0
201000060187,0010-06-07 15:55:00,10,6,7,15,55,750,101,"40, RUE DU LOUVRE",,,Plein jour,En agglomération,Intersection en X,Normale,Deux véhicules - côté,,,,,,,,,,,1,2,2,1.0,3.0
201000060188,0010-06-08 10:00:00,10,6,8,10,0,750,101,RUE DUPHOT,,,Plein jour,En agglomération,Intersection en T,Normale,Deux véhicules - côté,,,,,,,,,,,1,2,3,1.0,3.0
201000060189,0010-06-09 20:15:00,10,6,9,20,15,750,101,"23, BOULEVARD DE SEBASTO",,,Plein jour,En agglomération,Hors intersection,Normale,Sans collision,,,,,,,,,,,1,2,1,1.0,7.0
201000060190,0010-06-14 19:20:00,10,6,14,19,20,750,101,"15, PLACE DU PONT NEUF",,,Plein jour,En agglomération,Intersection en T,Normale,Deux véhicules - côté,,,,,,,,,,,1,2,3,1.0,3.0
201000060191,0010-06-16 18:50:00,10,6,16,18,50,750,101,"03, AVENUE DE L OPERA",,,Plein jour,En agglomération,Intersection en X,Normale,Autre collision,,,,,,,,,,,1,2,2,1.0,6.0
201000060192,0010-06-17 10:56:00,10,6,17,10,56,750,101,"12, QUAI FRANCOIS MITTER",,,Plein jour,En agglomération,Intersection en X,Normale,Sans collision,,,,,,,,,,,1,2,2,1.0,7.0
201000060193,0010-06-22 01:55:00,10,6,22,1,55,750,101,QUAI FRANCOIS MITTERRAND,,,Nuit avec éclairage allumé,En agglomération,Intersection en X,Normale,Deux véhicules - côté,,,,,,,,,,,5,2,2,1.0,3.0
201000060194,0010-06-25 23:50:00,10,6,25,23,50,750,101,RUE SAINT HONORE,,,Nuit avec éclairage allumé,En agglomération,Intersection en T,Normale,Deux véhicules - côté,,,,,,,,,,,5,2,3,1.0,3.0
201000060195,0010-06-27 04:45:00,10,6,27,4,45,750,101,"138, RUE DE RIVOLI",,,Nuit avec éclairage allumé,En agglomération,Hors intersection,Normale,Sans collision,,,,,,,,,,,5,2,1,1.0,7.0
201000060196,0010-06-28 12:10:00,10,6,28,12,10,750,101,"39, RUE DES PETITS CHAMP",,,Plein jour,En agglomération,Hors intersection,Normale,Deux véhicules - arrière,,,,,,,,,,,1,2,1,1.0,2.0
201000060197,0010-07-03 15:40:00,10,7,3,15,40,750,101,"255, RUE SAINT HONORE",,,Plein jour,En agglomération,Hors intersection,Normale,Trois véhicules et plus - en chaîne,,,,,,,,,,,1,2,1,1.0,4.0
201000060198,0010-07-03 20:07:00,10,7,3,20,7,750,101,"12, AVENUE VICTORIA",,,Plein jour,En agglomération,Intersection à plus de 4 branches,Normale,Deux véhicules - côté,,,,,,,,,,,1,2,5,1.0,3.0
201000060199,0010-07-06 09:55:00,10,7,6,9,55,750,101,"21, AVENUE DE L OPERA",,,Plein jour,En agglomération,Intersection à plus de 4 branches,Normale,Sans collision,,,,,,,,,,,1,2,5,1.0,7.0
201000060200,0010-07-06 22:40:00,10,7,6,22,40,750,101,"208, RUE DE RIVOLI",,,Nuit avec éclairage allumé,En agglomération,Intersection en T,Normale,Deux véhicules - côté,,,,,,,,,,,5,2,3,1.0,3.0
201000060201,0010-07-07 11:20:00,10,7,7,11,20,750,101,PLACE VENDOME,,,Plein jour,En agglomération,Hors intersection,Normale,Sans collision,,,,,,,,,,,1,2,1,1.0,7.0
201000060202,0010-07-07 16:10:00,10,7,7,16,10,750,101,"154, RUE DE RIVOLI",,,Plein jour,En agglomération,Intersection en T,Temps éblouissant,Deux véhicules - côté,,,,,,,,,,,1,2,3,7.0,3.0
201000060203,0010-07-07 18:30:00,10,7,7,18,30,750,101,"130, RUE DE RIVOLI",,,Plein jour,En agglomération,Intersection en X,Normale,Deux véhicules - côté,,,,,,,,,,,1,2,2,1.0,3.0
201000060204,0010-07-08 09:45:00,10,7,8,9,45,750,101,"234, RUE DE RIVOLI",,,Plein jour,En agglomération,Intersection en T,Normale,Deux véhicules - côté,,,,,,,,,,,1,2,3,1.0,3.0
201000060205,0010-07-11 15:10:00,10,7,11,15,10,750,101,"4, BOULEVARD DU PALAIS",,,Plein jour,En agglomération,Hors intersection,Normale,Autre collision,,,,,,,,,,,1,2,1,1.0,6.0
201000060206,0010-07-12 15:15:00,10,7,12,15,15,750,101,BOULEVARD DE SEBASTOPOL,,,Plein jour,En agglomération,Intersection en T,Normale,Autre collision,,,,,,,,,,,1,2,3,1.0,6.0
201000060207,0010-07-13 07:15:00,10,7,13,7,15,750,101,"27, AVENUE DE L OPERA",,,Plein jour,En agglomération,Intersection à plus de 4 branches,Normale,Autre collision,,,,,,,,,,,1,2,5,1.0,6.0
201000060208,0010-07-13 17:45:00,10,7,13,17,45,750,101,"240, RUE DE RIVOLI",,,Plein jour,En agglomération,Hors intersection,Normale,Deux véhicules - côté,,,,,,,,,,,1,2,1,1.0,3.0
201000060209,0010-07-14 03:10:00,10,7,14,3,10,750,101,"99, RUE DE RIVOLI",,,Nuit avec éclairage allumé,En agglomération,Intersection en X,Normale,Deux véhicules - côté,,,,,,,,,,,5,2,2,1.0,3.0
201000060210,0010-07-14 09:20:00,10,7,14,9,20,750,101,"24, RUE MONDETOUR",,,Plein jour,En agglomération,Hors intersection,Normale,Autre collision,,,,,,,,,,,1,2,1,1.0,6.0
201000060211,0010-07-15 19:40:00,10,7,15,19,40,750,101,"59, BOULEVARD DE SEBASTO",,,Plein jour,En agglomération,Intersection en T,Normale,Deux véhicules - côté,,,,,,,,,,,1,2,3,1.0,3.0
201000060212,0010-07-15 20:30:00,10,7,15,20,30,750,102,RUE DU LOUVRE,,,Plein jour,En agglomération,Intersection en X,Normale,Deux véhicules - côté,,,,,,,,,,,1,2,2,1.0,3.0
201000060213,0010-07-19 09:20:00,10,7,19,9,20,750,101,"40, RUE SAINT HONORE",,,Plein jour,En agglomération,Intersection en X,Normale,Autre collision,,,,,,,,,,,1,2,2,1.0,6.0
201000060214,0010-07-20 20:30:00,10,7,20,20,30,750,101,"12, QUAI FRANCOIS MITTER",,,Plein jour,En agglomération,Hors intersection,Normale,Autre collision,,,,,,,,,,,1,2,1,1.0,6.0
201000060215,0010-07-23 19:10:00,10,7,23,19,10,750,101,"1, QUAI DES TUILERIES",,,Plein jour,En agglomération,Hors intersection,Normale,Trois véhicules et plus - en chaîne,,,,,,,,,,,1,2,1,1.0,4.0
201000060216,0010-07-24 07:45:00,10,7,24,7,45,750,101,"30, QUAI DU LOUVRE",,,Plein jour,En agglomération,Hors intersection,Normale,Autre collision,,,,,,,,,,,1,2,1,1.0,6.0
201000060217,0010-07-24 12:25:00,10,7,24,12,25,750,101,"157, RUE SAINT HONORE",,,Plein jour,En agglomération,Hors intersection,Normale,Deux véhicules - côté,,,,,,,,,,,1,2,1,1.0,3.0
201000060218,0010-07-26 10:45:00,10,7,26,10,45,750,101,"5, RUE DU LOUVRE",,,Plein jour,En agglomération,Intersection en X,Temps couvert,Autre collision,,,,,,,,,,,1,2,2,8.0,6.0
201000060219,0010-07-29 11:00:00,10,7,29,11,0,750,101,"44, RUE DU LOUVRE",,,Plein jour,En agglomération,Intersection en X,Normale,Autre collision,,,,,,,,,,,1,2,2,1.0,6.0
201000060220,0010-08-04 09:45:00,10,8,4,9,45,750,101,"164, RUE DE RIVOLI",,,Plein jour,En agglomération,Intersection en T,Temps couvert,Autre collision,,,,,,,,,,,1,2,3,8.0,6.0
201000060221,0010-08-13 11:30:00,10,8,13,11,30,750,101,BOULEVARD DE SEBASTOPOL,,,Plein jour,En agglomération,Intersection en X,Normale,Deux véhicules - côté,,,,,,,,,,,1,2,2,1.0,3.0
201000060222,0010-08-15 17:25:00,10,8,15,17,25,750,101,"12, QUAI DE LA MEGISSERI",,,Plein jour,En agglomération,Intersection en T,Pluie forte,Deux véhicules - côté,,,,,,,,,,,1,2,3,3.0,3.0
201000060223,0010-08-19 18:30:00,10,8,19,18,30,750,101,BOULEVARD DE SEBASTOPOL,,,Plein jour,En agglomération,Intersection à plus de 4 branches,Normale,Deux véhicules - côté,,,,,,,,,,,1,2,5,1.0,3.0
201000060224,0010-08-20 17:00:00,10,8,20,17,0,750,101,SOUTERRAIN TRANSIT HALLE,,,Plein jour,En agglomération,Hors intersection,Normale,Sans collision,,,,,,,,,,,1,2,1,1.0,7.0
201000060225,0010-08-21 17:50:00,10,8,21,17,50,750,102,"79, BOULEVARD DE SEBASTO",,,Plein jour,En agglomération,Intersection en X,Normale,Deux véhicules - côté,,,,,,,,,,,1,2,2,1.0,3.0
201000060226,0010-08-28 15:30:00,10,8,28,15,30,750,101,SOUTERRAIN TRANSIT HALLE,,,Plein jour,En agglomération,Hors intersection,Normale,Autre collision,,,,,,,,,,,1,2,1,1.0,6.0
201000060227,0010-09-02 12:25:00,10,9,2,12,25,750,101,"93, RUE DE RIVOLI",,,Plein jour,En agglomération,Intersection en T,Normale,Deux véhicules - arrière,,,,,,,,,,,1,2,3,1.0,2.0
201000060228,0010-09-04 13:30:00,10,9,4,13,30,750,101,"194, RUE DE RIVOLI",,,Plein jour,En agglomération,Intersection à plus de 4 branches,Normale,Sans collision,,,,,,,,,,,1,2,5,1.0,7.0
201000060229,0010-09-07 09:40:00,10,9,7,9,40,750,101,"41, BOULEVARD DE SEBASTO",,,Plein jour,En agglomération,Intersection en T,Normale,Deux véhicules - arrière,,,,,,,,,,,1,2,3,1.0,2.0
201000060230,0010-09-08 10:00:00,10,9,8,10,0,750,101,"2, QUAI DU LOUVRE",,,Plein jour,En agglomération,Hors intersection,Pluie légère,Sans collision,,,,,,,,,,,1,2,1,2.0,7.0
201000060231,0010-09-08 13:50:00,10,9,8,13,50,750,101,PLACE RENE CASSIN,,,Plein jour,En agglomération,Intersection à plus de 4 branches,Pluie légère,Autre collision,,,,,,,,,,,1,2,5,2.0,6.0
201000060232,0010-09-09 17:30:00,10,9,9,17,30,750,101,"4, RUE JEAN JACQUES ROUS",,,Plein jour,En agglomération,Hors intersection,Normale,Autre collision,,,,,,,,,,,1,2,1,1.0,6.0
201000060233,0010-09-15 08:15:00,10,9,15,8,15,750,101,PLACE VENDOME,,,Plein jour,En agglomération,Intersection en X,Pluie légère,Sans collision,,,,,,,,,,,1,2,2,2.0,7.0
201000060234,0010-09-17 15:15:00,10,9,17,15,15,750,101,"09, BOULEVARD DE SEBASTO",,,Plein jour,En agglomération,Intersection en X,Temps couvert,Sans collision,,,,,,,,,,,1,2,2,8.0,7.0
201000060235,0010-09-17 13:15:00,10,9,17,13,15,750,101,"02, QUAI DE LA MEGISSERI",,,Plein jour,En agglomération,Intersection en X,Normale,Deux véhicules - côté,,,,,,,,,,,1,2,2,1.0,3.0
201000060236,0010-09-18 09:50:00,10,9,18,9,50,750,101,PLACE ANDRE MALRAUX,,,Plein jour,En agglomération,Intersection en X,Normale,Autre collision,,,,,,,,,,,1,2,2,1.0,6.0
201000060237,0010-09-22 09:30:00,10,9,22,9,30,750,101,"43, RUE SAINTE ANNE",,,Plein jour,En agglomération,Intersection en T,Normale,Autre collision,,,,,,,,,,,1,2,3,1.0,6.0
201000060238,0010-09-22 14:30:00,10,9,22,14,30,750,101,"162, RUE DE RIVOLI",,,Plein jour,En agglomération,Intersection en T,Normale,Deux véhicules - côté,,,,,,,,,,,1,2,3,1.0,3.0
201000060239,0010-09-22 15:25:00,10,9,22,15,25,750,101,QUAI DES TUILERIES,,,Plein jour,En agglomération,Intersection à plus de 4 branches,Normale,Deux véhicules - côté,,,,,,,,,,,1,2,5,1.0,3.0
201000060240,0010-09-25 16:30:00,10,9,25,16,30,750,101,"238, RUE DE RIVOLI",,,Plein jour,En agglomération,Intersection en T,Pluie légère,Sans collision,,,,,,,,,,,1,2,3,2.0,7.0
201000060241,0010-09-25 13:15:00,10,9,25,13,15,750,101,"1, PLACE COLETTE",,,Plein jour,En agglomération,Hors intersection,Normale,Autre collision,,,,,,,,,,,1,2,1,1.0,6.0
201000060242,0010-09-28 09:15:00,10,9,28,9,15,750,101,"9, RUE DU LOUVRE",,,Plein jour,En agglomération,Intersection en T,Normale,Deux véhicules - arrière,,,,,,,,,,,1,2,3,1.0,2.0
201000060243,0010-09-30 04:30:00,10,9,30,4,30,750,101,"216, RUE DE RIVOLI",,,Nuit avec éclairage allumé,En agglomération,Intersection en T,Pluie légère,Autre collision,,,,,,,,,,,5,2,3,2.0,6.0
201000060244,0010-10-01 09:27:00,10,10,1,9,27,750,101,PONT NEUF,,,Plein jour,En agglomération,Intersection en T,Normale,Autre collision,,,,,,,,,,,1,2,3,1.0,6.0
201000060245,0010-10-01 14:00:00,10,10,1,14,0,750,102,"38, RUE DES PETITS CHAMP",,,Plein jour,En agglomération,Intersection en X,Pluie légère,Autre collision,,,,,,,,,,,1,2,2,2.0,6.0
201000060246,0010-10-01 23:10:00,10,10,1,23,10,750,101,"02, RUE DE L AMIRAL DE C",,,Nuit avec éclairage allumé,En agglomération,Intersection en T,Pluie légère,Autre collision,,,,,,,,,,,5,2,3,2.0,6.0
201000060247,0010-10-04 17:45:00,10,10,4,17,45,750,101,SOUTERRAIN PONT NEUF,,,Nuit avec éclairage allumé,En agglomération,Intersection en Y,Normale,Sans collision,,,,,,,,,,,5,2,4,1.0,7.0
201000060248,0010-10-04 20:40:00,10,10,4,20,40,750,101,"176, RUE DE RIVOLI",,,Nuit avec éclairage allumé,En agglomération,Hors intersection,Normale,Sans collision,,,,,,,,,,,5,2,1,1.0,7.0
201000060249,0010-10-05 13:40:00,10,10,5,13,40,750,101,"41, RUE ETIENNE MARCEL",,,Plein jour,En agglomération,Intersection à plus de 4 branches,Normale,Autre collision,,,,,,,,,,,1,2,5,1.0,6.0
201000060250,0010-10-06 14:20:00,10,10,6,14,20,750,101,"7, RUE DE L ECHELLE",,,Plein jour,En agglomération,Intersection en X,Pluie légère,Autre collision,,,,,,,,,,,1,2,2,2.0,6.0
201000060251,0010-10-10 09:50:00,10,10,10,9,50,750,101,"9, BOULEVARD DE SEBASTOP",,,Plein jour,En agglomération,Intersection à plus de 4 branches,Normale,Deux véhicules - côté,,,,,,,,,,,1,2,5,1.0,3.0
201000060252,0010-09-24 23:20:00,10,9,24,23,20,750,101,"43, BOULEVARD DE SEBASTO",,,Nuit avec éclairage allumé,En agglomération,Hors intersection,Pluie légère,Sans collision,,,,,,,,,,,5,2,1,2.0,7.0
201000060253,0010-10-14 09:40:00,10,10,14,9,40,750,101,"10, QUAI FRANCOIS MITTER",,,Plein jour,En agglomération,Intersection en X,Normale,Deux véhicules - côté,,,,,,,,,,,1,2,2,1.0,3.0
201000060254,0010-10-14 14:55:00,10,10,14,14,55,750,101,"04, BOULEVARD DU PALAIS",,,Plein jour,En agglomération,Intersection en X,Normale,Autre collision,,,,,,,,,,,1,2,2,1.0,6.0
201000060255,0010-10-15 16:50:00,10,10,15,16,50,750,101,BOULEVARD DU PALAIS,,,Plein jour,En agglomération,Hors intersection,Normale,Autre collision,,,,,,,,,,,1,2,1,1.0,6.0
201000060256,0010-10-19 17:45:00,10,10,19,17,45,750,101,"20, RUE DES HALLES",,,Plein jour,En agglomération,Intersection à plus de 4 branches,Normale,Deux véhicules - côté,,,,,,,,,,,1,2,5,1.0,3.0
201000060257,0010-10-20 17:00:00,10,10,20,17,0,750,101,"2, RUE SAINT DENIS",,,Plein jour,En agglomération,Intersection en T,Normale,Autre collision,,,,,,,,,,,1,2,3,1.0,6.0
201000060258,0010-10-21 09:25:00,10,10,21,9,25,750,101,SOUTERRAIN TUILERIES,,,Nuit avec éclairage allumé,En agglomération,Hors intersection,Normale,Deux véhicules - arrière,,,,,,,,,,,5,2,1,1.0,2.0
201000060259,0010-10-21 17:30:00,10,10,21,17,30,750,101,QUAI DES TUILERIES,,,Plein jour,En agglomération,Hors intersection,Normale,Sans collision,,,,,,,,,,,1,2,1,1.0,7.0
201000060260,0010-10-26 16:20:00,10,10,26,16,20,750,101,"99, RUE DE RIVOLI",,,Plein jour,En agglomération,Intersection en X,Normale,Autre collision,,,,,,,,,,,1,2,2,1.0,6.0
201000060261,0010-10-27 18:55:00,10,10,27,18,55,750,101,"28, QUAI DU LOUVRE",,,Nuit avec éclairage allumé,En agglomération,Hors intersection,Normale,Deux véhicules - côté,,,,,,,,,,,5,2,1,1.0,3.0
201000060262,0010-10-29 02:00:00,10,10,29,2,0,750,101,QUAI FRANCOIS MITTERRAND,,,Nuit avec éclairage allumé,En agglomération,Intersection en X,Normale,Autre collision,,,,,,,,,,,5,2,2,1.0,6.0
201000060263,0010-10-29 12:15:00,10,10,29,12,15,750,101,"25, PLACE VENDOME",,,Plein jour,En agglomération,Intersection en X,Normale,Deux véhicules - arrière,,,,,,,,,,,1,2,2,1.0,2.0
201000060264,0010-10-28 12:50:00,10,10,28,12,50,750,101,"243, RUE SAINT HONORE",,,Plein jour,En agglomération,Hors intersection,Normale,Autre collision,,,,,,,,,,,1,2,1,1.0,6.0
201000060265,0010-11-02 14:10:00,10,11,2,14,10,750,101,"30, QUAI DU LOUVRE",,,Plein jour,En agglomération,Intersection en T,Pluie légère,Deux véhicules - côté,,,,,,,,,,,1,2,3,2.0,3.0
201000060266,0010-11-04 12:00:00,10,11,4,12,0,750,101,"49, BOULEVARD DE SEBASTO",,,Plein jour,En agglomération,Intersection en X,Normale,Deux véhicules - arrière,,,,,,,,,,,1,2,2,1.0,2.0
201000060267,0010-11-05 13:20:00,10,11,5,13,20,750,101,"1, PLACE VENDOME",,,Plein jour,En agglomération,Intersection en T,Normale,Autre collision,,,,,,,,,,,1,2,3,1.0,6.0
201000060268,0010-11-06 19:20:00,10,11,6,19,20,750,101,"1, QUAI DE L HORLOGE",,,Nuit avec éclairage allumé,En agglomération,Intersection en X,Pluie légère,Deux véhicules - côté,,,,,,,,,,,5,2,2,2.0,3.0
201000060269,0010-11-06 23:30:00,10,11,6,23,30,750,101,"25, PLACE VENDOME",,,Nuit avec éclairage allumé,En agglomération,Intersection en X,Pluie forte,Autre collision,,,,,,,,,,,5,2,2,3.0,6.0
201000060270,0010-11-07 21:00:00,10,11,7,21,0,750,101,QUAI DES TUILERIES,,,Nuit avec éclairage allumé,En agglomération,Intersection en Y,Pluie légère,Autre collision,,,,,,,,,,,5,2,4,2.0,6.0
201000060271,0010-11-09 09:20:00,10,11,9,9,20,750,104,QUAI DE LA CORSE,,,Plein jour,En agglomération,Intersection en X,Pluie légère,Deux véhicules - côté,,,,,,,,,,,1,2,2,2.0,3.0
201000060272,0010-11-09 10:30:00,10,11,9,10,30,750,101,"153, RUE SAINT HONORE",,,Plein jour,En agglomération,Hors intersection,Pluie légère,Sans collision,,,,,,,,,,,1,2,1,2.0,7.0
201000060273,0010-11-16 18:00:00,10,11,16,18,0,750,101,"1, BOULEVARD DE LA MADEL",,,Nuit avec éclairage allumé,En agglomération,Intersection à plus de 4 branches,Normale,Autre collision,,,,,,,,,,,5,2,5,1.0,6.0
201000060274,0010-11-17 22:42:00,10,11,17,22,42,750,101,RUE CROIX DES PETITS CHA,,,Nuit avec éclairage allumé,En agglomération,Intersection en X,Pluie légère,Autre collision,,,,,,,,,,,5,2,2,2.0,6.0
201000060275,0010-11-18 09:10:00,10,11,18,9,10,750,101,"41, RUE ETIENNE MARCEL",,,Plein jour,En agglomération,Intersection à plus de 4 branches,Brouillard / fumée,Sans collision,,,,,,,,,,,1,2,5,5.0,7.0
201000060276,0010-11-18 10:15:00,10,11,18,10,15,750,101,"237, RUE SAINT HONORE",,,Plein jour,En agglomération,Intersection en X,Brouillard / fumée,Deux véhicules - côté,,,,,,,,,,,1,2,2,5.0,3.0
201000060277,0010-11-18 16:15:00,10,11,18,16,15,750,104,"3, BOULEVARD DU PALAIS",,,Crépuscule ou aube,En agglomération,Intersection en X,Normale,Deux véhicules - arrière,,,,,,,,,,,2,2,2,1.0,2.0
201000060278,0010-11-19 00:48:00,10,11,19,0,48,750,101,"21, AVENUE DE L OPERA",,,Nuit avec éclairage allumé,En agglomération,Intersection à plus de 4 branches,Pluie légère,Deux véhicules - frontale,,,,,,,,,,,5,2,5,2.0,1.0
201000060279,0010-11-20 13:35:00,10,11,20,13,35,750,101,RUE DE RIVOLI,,,Plein jour,En agglomération,Place,Normale,Deux véhicules - côté,,,,,,,,,,,1,2,7,1.0,3.0
201000060280,0010-11-30 10:25:00,10,11,30,10,25,750,101,"57, BOULEVARD DE SEBASTO",,,Plein jour,En agglomération,Intersection en T,Normale,Deux véhicules - côté,,,,,,,,,,,1,2,3,1.0,3.0
201000060281,0010-11-30 11:25:00,10,11,30,11,25,750,101,"8, RUE DE LA MONNAIE",,,Plein jour,En agglomération,Hors intersection,Normale,Deux véhicules - côté,,,,,,,,,,,1,2,1,1.0,3.0
201000060282,0010-11-30 18:15:00,10,11,30,18,15,750,101,"29, AVENUE DE L OPERA",,,Nuit sans éclairage public,En agglomération,Intersection à plus de 4 branches,Normale,Autre collision,,,,,,,,,,,3,2,5,1.0,6.0
201000060283,0010-12-02 09:30:00,10,12,2,9,30,750,101,"02, PLACE VENDOME",,,Plein jour,En agglomération,Intersection en X,Neige / grêle,Autre collision,,,,,,,,,,,1,2,2,4.0,6.0
201000060284,0010-12-03 15:45:00,10,12,3,15,45,750,101,"157, RUE SAINT HONORE",,,Plein jour,En agglomération,Intersection à plus de 4 branches,Normale,Deux véhicules - côté,,,,,,,,,,,1,2,5,1.0,3.0
201000060285,0010-12-07 22:20:00,10,12,7,22,20,750,101,SOUTERRAIN TRANSIT HALLE,,,Nuit avec éclairage allumé,En agglomération,Hors intersection,Pluie légère,Autre collision,,,,,,,,,,,5,2,1,2.0,6.0
201000060286,0010-12-08 09:10:00,10,12,8,9,10,750,101,"19, AVENUE DE L OPERA",,,Plein jour,En agglomération,Intersection en X,Pluie légère,Sans collision,,,,,,,,,,,1,2,2,2.0,7.0
201000060287,0010-12-14 15:35:00,10,12,14,15,35,750,101,"0, RUE DU LOUVRE",,,Plein jour,En agglomération,Intersection en X,Normale,Deux véhicules - côté,,,,,,,,,,,1,2,2,1.0,3.0
201000060288,0010-12-14 13:30:00,10,12,14,13,30,750,101,SOUTERRAIN PONT NEUF,,,Plein jour,En agglomération,Hors intersection,Normale,Sans collision,,,,,,,,,,,1,2,1,1.0,7.0
201000060289,0010-12-14 05:25:00,10,12,14,5,25,750,101,RUE DE RIVOLI,,,Nuit avec éclairage allumé,En agglomération,Intersection en X,Pluie légère,Autre collision,,,,,,,,,,,5,2,2,2.0,6.0
201000060290,0010-12-17 11:55:00,10,12,17,11,55,750,101,PLACE DES PYRAMIDES,,,Plein jour,En agglomération,Intersection à plus de 4 branches,Normale,Autre collision,,,,,,,,,,,1,2,5,1.0,6.0
201000060291,0010-12-18 12:50:00,10,12,18,12,50,750,101,"4, RUE BERGER",,,Plein jour,En agglomération,Intersection en X,Neige / grêle,Autre collision,,,,,,,,,,,1,2,2,4.0,6.0
201000060292,0010-12-22 11:30:00,10,12,22,11,30,750,101,"1, PLACE DU PALAIS ROYAL",,,Plein jour,En agglomération,Hors intersection,Normale,Deux véhicules - côté,,,,,,,,,,,1,2,1,1.0,3.0
201000060293,0010-12-22 13:00:00,10,12,22,13,0,750,101,"19, AVENUE DE L OPERA",,,Plein jour,En agglomération,Intersection à plus de 4 branches,Normale,Autre collision,,,,,,,,,,,1,2,5,1.0,6.0