accident_id,datetime,annee,mois,jour,heure,minute,departement,commune_insee,adresse,latitude,longitude,luminosite,agglomeration,intersection,meteo,collision,nb_vehicules,nb_usagers,nb_indemnes,nb_tues,nb_blesses_hosp,nb_blesses_legers,age_cond_1,age_cond_2,veh_type_cond_1,veh_type_cond_2,lum_code,agg_code,int_code,atm_code,col_code
201000060294,0010-12-31 13:00:00,10,12,31,13,0,750,101,"06, BOULEVARD DU PALAIS",,,Plein jour,En agglomération,Hors intersection,Normale,Autre collision,,,,,,,,,,,1,2,1,1.0,6.0
201000060295,0010-02-15 09:30:00,10,2,15,9,30,750,101,"23, BOULEVARD DE SEBASTO",,,Plein jour,En agglomération,Intersection en X,Normale,Deux véhicules - côté,,,,,,,,,,,1,2,2,1.0,3.0
201000060296,0010-03-10 08:30:00,10,3,10,8,30,750,118,"59, RUE DU MONT CENIS",,,Plein jour,Hors agglomération,Hors intersection,Normale,Sans collision,,,,,,,,,,,1,1,1,1.0,7.0
201000060297,0010-01-14 10:45:00,10,1,14,10,45,750,102,RUE ETIENNE MARCEL,,,Plein jour,En agglomération,Intersection à plus de 4 branches,Normale,Autre collision,,,,,,,,,,,1,2,5,1.0,6.0
201000060298,0010-01-14 13:00:00,10,1,14,13,0,750,102,BOULEVARD DE SEBASTOPOL,,,Plein jour,En agglomération,Intersection en X,Normale,Autre collision,,,,,,,,,,,1,2,2,1.0,6.0
201000060299,0010-01-19 12:45:00,10,1,19,12,45,750,102,"86, RUE REAUMUR",,,Plein jour,En agglomération,Hors intersection,Normale,Autre collision,,,,,,,,,,,1,2,1,1.0,6.0
201000060300,0010-01-21 14:15:00,10,1,21,14,15,750,102,"93, RUE MONTMARTRE",,,Plein jour,En agglomération,Intersection en T,Normale,Autre collision,,,,,,,,,,,1,2,3,1.0,6.0
201000060301,0010-01-21 17:15:00,10,1,21,17,15,750,102,RUE DUSSOUBS,,,Crépuscule ou aube,En agglomération,Intersection en X,Normale,Trois véhicules et plus - collisions multiples,,,,,,,,,,,2,2,2,1.0,5.0
201000060302,0010-02-01 15:45:00,10,2,1,15,45,750,102,PLACE DE LA BOURSE,,,Plein jour,En agglomération,Intersection en T,Normale,Deux véhicules - côté,,,,,,,,,,,1,2,3,1.0,3.0
201000060303,0010-02-02 20:45:00,10,2,2,20,45,750,101,BOULEVARD DE LA MADELEIN,,,Nuit avec éclairage allumé,En agglomération,Intersection à plus de 4 branches,Normale,Deux véhicules - côté,,,,,,,,,,,5,2,5,1.0,3.0
201000060304,0010-02-18 00:20:00,10,2,18,0,20,750,102,"36 bis, AVENUE DE L OPER",,,Nuit avec éclairage allumé,En agglomération,Intersection en X,Normale,Autre collision,,,,,,,,,,,5,2,2,1.0,6.0
201000060305,0010-02-19 12:10:00,10,2,19,12,10,750,102,"0, RUE MONTMARTRE",,,Plein jour,En agglomération,Intersection à plus de 4 branches,Normale,Deux véhicules - côté,,,,,,,,,,,1,2,5,1.0,3.0
201000060306,0010-03-03 23:30:00,10,3,3,23,30,750,102,RUE MONTMARTRE,,,Nuit avec éclairage allumé,En agglomération,Intersection à plus de 4 branches,Normale,Autre collision,,,,,,,,,,,5,2,5,1.0,6.0
201000060307,0010-03-08 15:00:00,10,3,8,15,0,750,102,RUE MONTMARTRE,,,Plein jour,En agglomération,Intersection en X,Normale,Autre collision,,,,,,,,,,,1,2,2,1.0,6.0
201000060308,0010-03-11 13:45:00,10,3,11,13,45,750,102,PLACE DE LA BOURSE,,,Plein jour,En agglomération,Intersection à plus de 4 branches,Normale,Autre collision,,,,,,,,,,,1,2,5,1.0,6.0
201000060309,0010-03-11 15:00:00,10,3,11,15,0,750,102,"62, RUE DU LOUVRE",,,Plein jour,En agglomération,Intersection à plus de 4 branches,Normale,Deux véhicules - côté,,,,,,,,,,,1,2,5,1.0,3.0
201000060310,0010-03-18 17:34:00,10,3,18,17,34,750,102,RUE REAUMUR,,,Plein jour,En agglomération,Intersection en X,Normale,Autre collision,,,,,,,,,,,1,2,2,1.0,6.0
201000060311,0010-03-19 23:15:00,10,3,19,23,15,750,102,"19, BOULEVARD DES ITALIE",,,Nuit avec éclairage allumé,En agglomération,Intersection en X,Normale,Autre collision,,,,,,,,,,,5,2,2,1.0,6.0
201000060312,0010-03-29 08:55:00,10,3,29,8,55,750,102,BOULEVARD POISSONNIERE,,,Plein jour,En agglomération,Intersection en X,Normale,Autre collision,,,,,,,,,,,1,2,2,1.0,6.0
201000060313,0010-04-06 10:05:00,10,4,6,10,5,750,102,"0, RUE DU QUATRE SEPTEMB",,,Plein jour,En agglomération,Hors intersection,Normale,Sans collision,,,,,,,,,,,1,2,1,1.0,7.0
201000060314,0010-04-08 12:40:00,10,4,8,12,40,750,102,"32, AVENUE DE L OPERA",,,Plein jour,En agglomération,Hors intersection,Normale,Autre collision,,,,,,,,,,,1,2,1,1.0,6.0
201000060315,0010-04-11 14:50:00,10,4,11,14,50,750,102,"89, BOULEVARD DE SEBASTO",,,Plein jour,En agglomération,Intersection en X,Normale,Autre collision,,,,,,,,,,,1,2,2,1.0,6.0
201000060316,0010-04-15 10:30:00,10,4,15,10,30,750,102,"1, BOULEVARD POISSONNIER",,,Plein jour,En agglomération,Intersection en X,Normale,Autre collision,,,,,,,,,,,1,2,2,1.0,6.0
201000060317,0010-04-23 22:10:00,10,4,23,22,10,750,102,RUE MONTORGUEIL,,,Nuit avec éclairage allumé,En agglomération,Intersection en X,Normale,Autre collision,,,,,,,,,,,5,2,2,1.0,6.0
201000060318,0010-04-26 21:45:00,10,4,26,21,45,750,102,"75, RUE REAUMUR",,,Nuit avec éclairage allumé,En agglomération,Intersection en X,Normale,Autre collision,,,,,,,,,,,5,2,2,1.0,6.0
201000060319,0010-04-27 13:50:00,10,4,27,13,50,750,102,"23, RUE DE LA PAIX",,,Plein jour,En agglomération,Intersection à plus de 4 branches,Normale,Autre collision,,,,,,,,,,,1,2,5,1.0,6.0
201000060320,0010-05-01 04:55:00,10,5,1,4,55,750,102,"30, AVENUE DE L OPERA",,,Nuit sans éclairage public,En agglomération,Hors intersection,Normale,Autre collision,,,,,,,,,,,3,2,1,1.0,6.0
201000060321,0010-05-04 11:50:00,10,5,4,11,50,750,102,RUE DES PETITS CHAMPS,,,Plein jour,En agglomération,Intersection en X,Normale,Autre collision,,,,,,,,,,,1,2,2,1.0,6.0
201000060322,0010-05-06 19:50:00,10,5,6,19,50,750,102,PLACE DE L OPERA,,,Plein jour,En agglomération,Intersection à plus de 4 branches,Normale,Deux véhicules - côté,,,,,,,,,,,1,2,5,1.0,3.0
201000060323,0010-05-06 22:05:00,10,5,6,22,5,750,102,BOULEVARD DE BONNE NOUVE,,,Nuit avec éclairage allumé,En agglomération,Intersection en X,Normale,Autre collision,,,,,,,,,,,5,2,2,1.0,6.0
201000060324,0010-05-07 09:30:00,10,5,7,9,30,750,102,RUE REAUMUR,,,Plein jour,En agglomération,Hors intersection,Normale,Autre collision,,,,,,,,,,,1,2,1,1.0,6.0
201000060325,0010-05-07 12:15:00,10,5,7,12,15,750,102,"22, RUE DAUNOU",,,Plein jour,En agglomération,Intersection en T,Normale,Autre collision,,,,,,,,,,,1,2,3,1.0,6.0
201000060326,0010-05-08 17:30:00,10,5,8,17,30,750,102,"87, RUE REAUMUR",,,Plein jour,En agglomération,Hors intersection,Normale,Autre collision,,,,,,,,,,,1,2,1,1.0,6.0
201000060327,0010-05-14 17:10:00,10,5,14,17,10,750,102,RUE DUSSOUBS,,,Plein jour,En agglomération,Intersection en X,Pluie légère,Deux véhicules - côté,,,,,,,,,,,1,2,2,2.0,3.0
201000060328,0010-05-19 19:25:00,10,5,19,19,25,750,102,BOULEVARD DE BONNE NOUVE,,,Plein jour,En agglomération,Hors intersection,Normale,Autre collision,,,,,,,,,,,1,2,1,1.0,6.0
201000060329,0010-05-25 10:30:00,10,5,25,10,30,750,102,RUE DES JEUNEURS,,,Plein jour,En agglomération,Hors intersection,Normale,Autre collision,,,,,,,,,,,1,2,1,1.0,6.0
201000060330,0010-05-26 15:30:00,10,5,26,15,30,750,102,"132, RUE MONTMARTRE",,,Plein jour,En agglomération,Intersection en X,Temps couvert,Autre collision,,,,,,,,,,,1,2,2,8.0,6.0
201000060331,0010-05-26 20:00:00,10,5,26,20,0,750,102,RUE REAUMUR,,,Plein jour,En agglomération,Intersection en T,Normale,Deux véhicules - côté,,,,,,,,,,,1,2,3,1.0,3.0
201000060332,0010-05-28 12:40:00,10,5,28,12,40,750,102,"13, BOULEVARD SAINT DENI",,,Plein jour,En agglomération,Hors intersection,Normale,Autre collision,,,,,,,,,,,1,2,1,1.0,6.0
201000060333,0010-05-30 06:30:00,10,5,30,6,30,750,101,SOUTERRAIN TUILERIES,,,Nuit avec éclairage allumé,En agglomération,Hors intersection,Normale,Sans collision,,,,,,,,,,,5,2,1,1.0,7.0
201000060334,0010-05-31 11:50:00,10,5,31,11,50,750,102,"2, RUE DE LA PAIX",,,Plein jour,En agglomération,Intersection en X,Normale,Autre collision,,,,,,,,,,,1,2,2,1.0,6.0
201000060335,0010-06-01 17:10:00,10,6,1,17,10,750,102,"face  112, RUE REAUMUR",,,Plein jour,En agglomération,Intersection en X,Pluie légère,Deux véhicules - côté,,,,,,,,,,,1,2,2,2.0,3.0
201000060336,0010-06-05 21:25:00,10,6,5,21,25,750,102,"55, RUE MONTMARTRE",,,Crépuscule ou aube,En agglomération,Intersection en X,Normale,Autre collision,,,,,,,,,,,2,2,2,1.0,6.0
201000060337,0010-06-09 09:50:00,10,6,9,9,50,750,102,"135, RUE MONTMARTRE",,,Plein jour,En agglomération,Intersection en X,Temps couvert,Sans collision,,,,,,,,,,,1,2,2,8.0,7.0
201000060338,0010-06-10 15:21:00,10,6,10,15,21,750,102,"31, RUE DE TURBIGO",,,Plein jour,En agglomération,Intersection en X,Normale,Autre collision,,,,,,,,,,,1,2,2,1.0,6.0
201000060339,0010-06-12 00:30:00,10,6,12,0,30,750,102,BOULEVARD DES CAPUCINES,,,Nuit avec éclairage allumé,En agglomération,Intersection en T,Normale,Deux véhicules - frontale,,,,,,,,,,,5,2,3,1.0,1.0
201000060340,0010-06-12 16:50:00,10,6,12,16,50,750,102,"37, BOULEVARD DES CAPUCI",,,Plein jour,En agglomération,Hors intersection,Normale,Deux véhicules - côté,,,,,,,,,,,1,2,1,1.0,3.0
201000060341,0010-06-15 13:10:00,10,6,15,13,10,750,102,AVENUE DE L OPERA,,,Plein jour,En agglomération,Hors intersection,Normale,Deux véhicules - côté,,,,,,,,,,,1,2,1,1.0,3.0
201000060342,0010-06-18 20:00:00,10,6,18,20,0,750,102,BOULEVARD DES ITALIENS,,,Plein jour,En agglomération,Intersection en X,Normale,Autre collision,,,,,,,,,,,1,2,2,1.0,6.0
201000060343,0010-06-19 11:15:00,10,6,19,11,15,750,102,RUE DU QUATRE SEPTEMBRE,,,Plein jour,En agglomération,Intersection en X,Normale,Deux véhicules - côté,,,,,,,,,,,1,2,2,1.0,3.0
201000060344,0010-06-20 12:25:00,10,6,20,12,25,750,102,RUE TIQUETONNE,,,Plein jour,En agglomération,Hors intersection,Normale,Autre collision,,,,,,,,,,,1,2,1,1.0,6.0
201000060345,0010-06-21 09:45:00,10,6,21,9,45,750,102,"2, PLACE DE L OPERA",,,Plein jour,En agglomération,Intersection en X,Normale,Trois véhicules et plus - collisions multiples,,,,,,,,,,,1,2,2,1.0,5.0
201000060346,0010-06-22 05:20:00,10,6,22,5,20,750,102,RUE MONTMARTRE,,,Crépuscule ou aube,En agglomération,Intersection en X,Normale,Autre collision,,,,,,,,,,,2,2,2,1.0,6.0
201000060347,0010-06-22 08:15:00,10,6,22,8,15,750,102,"16, BOULEVARD MONTMARTRE",,,Plein jour,En agglomération,Hors intersection,Normale,Deux véhicules - arrière,,,,,,,,,,,1,2,1,1.0,2.0
201000060348,0010-06-25 18:15:00,10,6,25,18,15,750,102,AVENUE DE L OPERA,,,Plein jour,En agglomération,Intersection en T,Normale,Deux véhicules - côté,,,,,,,,,,,1,2,3,1.0,3.0
201000060349,0010-06-30 12:20:00,10,6,30,12,20,750,102,BOULEVARD DE SEBASTOPOL,,,Plein jour,En agglomération,Hors intersection,Normale,Autre collision,,,,,,,,,,,1,2,1,1.0,6.0
201000060350,0010-07-08 18:50:00,10,7,8,18,50,750,102,"133, BOULEVARD DE SEBAST",,,Plein jour,En agglomération,Hors intersection,Normale,Autre collision,,,,,,,,,,,1,2,1,1.0,6.0
201000060351,0010-07-09 05:35:00,10,7,9,5,35,750,102,AVENUE DE L OPERA,,,Crépuscule ou aube,En agglomération,Hors intersection,Pluie légère,Autre collision,,,,,,,,,,,2,2,1,2.0,6.0
201000060352,0010-07-10 20:10:00,10,7,10,20,10,750,102,BOULEVARD DE SEBASTOPOL,,,Plein jour,En agglomération,Intersection en X,Normale,Deux véhicules - arrière,,,,,,,,,,,1,2,2,1.0,2.0
201000060353,0010-07-11 19:25:00,10,7,11,19,25,750,102,"3, BOULEVARD MONTMARTRE",,,Plein jour,En agglomération,Intersection en X,Normale,Autre collision,,,,,,,,,,,1,2,2,1.0,6.0
201000060354,0010-07-15 14:50:00,10,7,15,14,50,750,102,"4, PLACE DE L OPERA",,,Plein jour,En agglomération,Intersection à plus de 4 branches,Normale,Deux véhicules - côté,,,,,,,,,,,1,2,5,1.0,3.0
201000060355,0010-07-20 23:25:00,10,7,20,23,25,750,102,"22, RUE ETIENNE MARCEL",,,Nuit avec éclairage allumé,En agglomération,Intersection en X,Normale,Deux véhicules - côté,,,,,,,,,,,5,2,2,1.0,3.0
201000060356,0010-07-26 14:25:00,10,7,26,14,25,750,102,"11, BOULEVARD MONTMARTRE",,,Plein jour,En agglomération,Intersection en X,Normale,Autre collision,,,,,,,,,,,1,2,2,1.0,6.0
201000060357,0010-07-28 22:25:00,10,7,28,22,25,750,102,RUE DE RICHELIEU,,,Nuit avec éclairage allumé,En agglomération,Intersection en X,Normale,Autre collision,,,,,,,,,,,5,2,2,1.0,6.0
201000060358,0010-07-29 17:10:00,10,7,29,17,10,750,102,"71, RUE D ABOUKIR",,,Plein jour,En agglomération,Intersection en X,Normale,Autre collision,,,,,,,,,,,1,2,2,1.0,6.0
201000060359,0010-08-12 19:45:00,10,8,12,19,45,750,102,"22, RUE DE LA MICHODIERE",,,Plein jour,En agglomération,Hors intersection,Normale,Autre collision,,,,,,,,,,,1,2,1,1.0,6.0
201000060360,0010-08-13 17:15:00,10,8,13,17,15,750,102,RUE ETIENNE MARCEL,,,Plein jour,En agglomération,Intersection à plus de 4 branches,Temps couvert,Deux véhicules - arrière,,,,,,,,,,,1,2,5,8.0,2.0
201000060361,0010-08-14 01:20:00,10,8,14,1,20,750,102,BOULEVARD MONTMARTRE,,,Nuit avec éclairage non allumé,En agglomération,Intersection à plus de 4 branches,Normale,Deux véhicules - côté,,,,,,,,,,,4,2,5,1.0,3.0
201000060362,0010-08-16 14:40:00,10,8,16,14,40,750,102,"31, BOULEVARD DE BONNE N",,,Plein jour,En agglomération,Hors intersection,Pluie légère,Deux véhicules - arrière,,,,,,,,,,,1,2,1,2.0,2.0
201000060363,0010-08-22 00:25:00,10,8,22,0,25,750,102,"4, PLACE DE L OPERA",,,Nuit avec éclairage allumé,En agglomération,Intersection à plus de 4 branches,Normale,Deux véhicules - côté,,,,,,,,,,,5,2,5,1.0,3.0
201000060364,0010-08-22 13:00:00,10,8,22,13,0,750,102,"8, RUE DU QUATRE SEPTEMB",,,Plein jour,En agglomération,Intersection en X,Normale,Autre collision,,,,,,,,,,,1,2,2,1.0,6.0
201000060365,0010-08-23 13:55:00,10,8,23,13,55,750,102,RUE MONTMARTRE,,,Plein jour,En agglomération,Intersection en X,Pluie légère,Deux véhicules - côté,,,,,,,,,,,1,2,2,2.0,3.0
201000060366,0010-08-25 12:35:00,10,8,25,12,35,750,102,"85bis, RUE REAUMUR",,,Plein jour,En agglomération,Intersection à plus de 4 branches,Pluie légère,Deux véhicules - côté,,,,,,,,,,,1,2,5,2.0,3.0
201000060367,0010-08-31 12:05:00,10,8,31,12,5,750,102,"000, RUE DU QUATRE SEPTE",,,Plein jour,En agglomération,Intersection en X,Normale,Deux véhicules - côté,,,,,,,,,,,1,2,2,1.0,3.0
201000060368,0010-08-31 20:10:00,10,8,31,20,10,750,102,"73, RUE REAUMUR",,,Crépuscule ou aube,En agglomération,Intersection en X,Normale,Deux véhicules - côté,,,,,,,,,,,2,2,2,1.0,3.0
201000060369,0010-09-01 18:41:00,10,9,1,18,41,750,102,"217, RUE SAINT DENIS",,,Plein jour,En agglomération,Intersection en T,Normale,Deux véhicules - arrière,,,,,,,,,,,1,2,3,1.0,2.0
201000060370,0010-09-02 09:07:00,10,9,2,9,7,750,101,"282, RUE SAINT HONORE",,,Plein jour,En agglomération,Intersection en X,Normale,Deux véhicules - côté,,,,,,,,,,,1,2,2,1.0,3.0
201000060371,0010-09-02 19:00:00,10,9,2,19,0,750,102,"17, RUE DU QUATRE SEPTEM",,,Plein jour,En agglomération,Intersection en X,Normale,Deux véhicules - arrière,,,,,,,,,,,1,2,2,1.0,2.0
201000060372,0010-09-06 17:15:00,10,9,6,17,15,750,102,"289, RUE SAINT DENIS",,,Plein jour,En agglomération,Hors intersection,Normale,Deux véhicules - côté,,,,,,,,,,,1,2,1,1.0,3.0
201000060373,0010-09-07 17:10:00,10,9,7,17,10,750,102,"24, RUE DE LA PAIX",,,Plein jour,En agglomération,Hors intersection,Normale,Deux véhicules - côté,,,,,,,,,,,1,2,1,1.0,3.0
201000060374,0010-09-10 11:20:00,10,9,10,11,20,750,102,"37, RUE VIVIENNE",,,Plein jour,En agglomération,Intersection en X,Normale,Autre collision,,,,,,,,,,,1,2,2,1.0,6.0
201000060375,0010-09-12 18:20:00,10,9,12,18,20,750,102,"109, RUE REAUMUR",,,Plein jour,En agglomération,Intersection en X,Normale,Autre collision,,,,,,,,,,,1,2,2,1.0,6.0
201000060376,0010-09-16 13:00:00,10,9,16,13,0,750,102,"12, RUE DE LA PAIX",,,Plein jour,En agglomération,Hors intersection,Normale,Deux véhicules - côté,,,,,,,,,,,1,2,1,1.0,3.0
201000060377,0010-09-17 09:40:00,10,9,17,9,40,750,102,"22, RUE DE LA PAIX",,,Plein jour,En agglomération,Hors intersection,Normale,Sans collision,,,,,,,,,,,1,2,1,1.0,7.0
201000060378,0010-09-24 10:40:00,10,9,24,10,40,750,102,"11, BOULEVARD DES ITALIE",,,Plein jour,En agglomération,Intersection en X,Temps couvert,Deux véhicules - côté,,,,,,,,,,,1,2,2,8.0,3.0
201000060379,0010-09-25 19:40:00,10,9,25,19,40,750,102,"38, AVENUE DE L OPERA",,,Nuit avec éclairage allumé,En agglomération,Hors intersection,Temps couvert,Deux véhicules - côté,,,,,,,,,,,5,2,1,8.0,3.0
201000060380,0010-09-29 09:20:00,10,9,29,9,20,750,102,"6, RUE DE CLERY",,,Plein jour,En agglomération,Hors intersection,Normale,Deux véhicules - arrière,,,,,,,,,,,1,2,1,1.0,2.0
201000060381,0010-10-02 20:45:00,10,10,2,20,45,750,103,"191, RUE DU TEMPLE",,,Nuit avec éclairage allumé,En agglomération,Intersection en T,Normale,Deux véhicules - côté,,,,,,,,,,,5,2,3,1.0,3.0
201000060382,0010-10-08 13:35:00,10,10,8,13,35,750,102,"18, RUE DU QUATRE SEPTEM",,,Plein jour,En agglomération,Intersection en X,Normale,Autre collision,,,,,,,,,,,1,2,2,1.0,6.0
201000060383,0010-10-09 21:55:00,10,10,9,21,55,750,102,"27, BOULEVARD DES ITALIE",,,Nuit avec éclairage allumé,En agglomération,Intersection à plus de 4 branches,Normale,Deux véhicules - côté,,,,,,,,,,,5,2,5,1.0,3.0
201000060384,0010-10-11 08:45:00,10,10,11,8,45,750,102,"25, RUE DE CHOISEUL",,,Plein jour,En agglomération,Hors intersection,Normale,Autre collision,,,,,,,,,,,1,2,1,1.0,6.0
201000060385,0010-10-15 15:05:00,10,10,15,15,5,750,102,"23, RUE DU QUATRE SEPTEM",,,Plein jour,En agglomération,Intersection à plus de 4 branches,Normale,Autre collision,,,,,,,,,,,1,2,5,1.0,6.0
201000060386,0010-10-15 17:50:00,10,10,15,17,50,750,102,"9, PLACE DES PETITS PERE",,,Plein jour,En agglomération,Intersection en X,Normale,Autre collision,,,,,,,,,,,1,2,2,1.0,6.0
201000060387,0010-10-15 21:55:00,10,10,15,21,55,750,102,"33, AVENUE DE L OPERA",,,Nuit avec éclairage allumé,En agglomération,Hors intersection,Normale,Sans collision,,,,,,,,,,,5,2,1,1.0,7.0
201000060388,0010-10-16 04:00:00,10,10,16,4,0,750,102,"17, RUE DE LA PAIX",,,Nuit avec éclairage allumé,En agglomération,Intersection en X,Pluie légère,Deux véhicules - arrière,,,,,,,,,,,5,2,2,2.0,2.0
201000060389,0010-10-20 15:35:00,10,10,20,15,35,750,102,"31, BOULEVARD DES ITALIE",,,Plein jour,En agglomération,Intersection à plus de 4 branches,Normale,Deux véhicules - côté,,,,,,,,,,,1,2,5,1.0,3.0
201000060390,0010-10-20 18:15:00,10,10,20,18,15,750,102,PLACE DE L OPERA,,,Crépuscule ou aube,En agglomération,Place,Normale,Deux véhicules - côté,,,,,,,,,,,2,2,7,1.0,3.0
201000060391,0010-10-22 17:30:00,10,10,22,17,30,750,102,"119, RUE D ABOUKIR",,,Plein jour,En agglomération,Hors intersection,Normale,Autre collision,,,,,,,,,,,1,2,1,1.0,6.0
201000060392,0010-10-28 18:10:00,10,10,28,18,10,750,102,"1, RUE DU QUATRE SEPTEMB",,,Plein jour,En agglomération,Intersection à plus de 4 branches,Normale,Sans collision,,,,,,,,,,,1,2,5,1.0,7.0
201000060393,0010-10-28 18:05:00,10,10,28,18,5,750,102,"39, BOULEVARD DE BONNE N",,,Plein jour,En agglomération,Intersection en X,Normale,Deux véhicules - côté,,,,,,,,,,,1,2,2,1.0,3.0
201000060394,0010-11-05 19:30:00,10,11,5,19,30,750,102,"73, RUE REAUMUR",,,Nuit avec éclairage allumé,En agglomération,Intersection en X,Normale,Autre collision,,,,,,,,,,,5,2,2,1.0,6.0
201000060395,0010-11-06 10:25:00,10,11,6,10,25,750,102,"0, PLACE DE L OPERA",,,Plein jour,En agglomération,Intersection à plus de 4 branches,Pluie légère,Deux véhicules - côté,,,,,,,,,,,1,2,5,2.0,3.0
201000060396,0010-11-08 08:20:00,10,11,8,8,20,750,102,"97, BOULEVARD DE SEBASTO",,,Plein jour,En agglomération,Hors intersection,Normale,Deux véhicules - côté,,,,,,,,,,,1,2,1,1.0,3.0
201000060397,0010-11-09 08:05:00,10,11,9,8,5,750,102,"21, BOULEVARD MONTMARTRE",,,Plein jour,En agglomération,Intersection en X,Pluie légère,Deux véhicules - arrière,,,,,,,,,,,1,2,2,2.0,2.0
201000060398,0010-11-09 16:10:00,10,11,9,16,10,750,102,"92, RUE REAUMUR",,,Plein jour,En agglomération,Intersection en X,Pluie légère,Deux véhicules - côté,,,,,,,,,,,1,2,2,2.0,3.0
201000060399,0010-11-12 16:30:00,10,11,12,16,30,750,102,"11, BOULEVARD SAINT DENI",,,Plein jour,En agglomération,Intersection en X,Pluie légère,Autre collision,,,,,,,,,,,1,2,2,2.0,6.0
201000060400,0010-11-18 17:05:00,10,11,18,17,5,750,103,"09, PLACE DE LA REPUBLIQ",,,Nuit avec éclairage allumé,En agglomération,Hors intersection,Normale,Deux véhicules - arrière,,,,,,,,,,,5,2,1,1.0,2.0
201000060401,0010-11-24 06:15:00,10,11,24,6,15,750,102,"32, AVENUE DE L OPERA",,,Nuit avec éclairage allumé,En agglomération,Intersection à plus de 4 branches,Normale,Deux véhicules - arrière,,,,,,,,,,,5,2,5,1.0,2.0
201000060402,0010-12-01 15:30:00,10,12,1,15,30,750,102,"31, BOULEVARD DE BONNE N",,,Plein jour,En agglomération,Hors intersection,Neige / grêle,Deux véhicules - arrière,,,,,,,,,,,1,2,1,4.0,2.0
201000060403,0010-12-02 09:21:00,10,12,2,9,21,750,102,RUE DU LOUVRE,,,Plein jour,En agglomération,Intersection en X,Autre,Sans collision,,,,,,,,,,,1,2,2,9.0,7.0
201000060404,0010-12-18 10:40:00,10,12,18,10,40,750,102,"35, BOULEVARD DES CAPUCI",,,Plein jour,En agglomération,Intersection en X,Temps couvert,Deux véhicules - côté,,,,,,,,,,,1,2,2,8.0,3.0
201000060405,0010-12-22 00:15:00,10,12,22,0,15,750,102,"39, RUE DE LA LUNE",,,Nuit avec éclairage allumé,En agglomération,Intersection en X,Normale,Autre collision,,,,,,,,,,,5,2,2,1.0,6.0
201000060406,0010-05-03 08:20:00,10,5,3,8,20,750,102,BOULEVARD DE SEBASTOPOL,,,Plein jour,En agglomération,Intersection en X,Temps couvert,Autre collision,,,,,,,,,,,1,2,2,8.0,6.0
201000060407,0010-01-03 16:20:00,10,1,3,16,20,750,103,BOULEVARD SAINT MARTIN,,,Plein jour,En agglomération,Intersection à plus de 4 branches,Normale,Deux véhicules - côté,,,,,,,,,,,1,2,5,1.0,3.0
201000060408,0010-01-10 13:15:00,10,1,10,13,15,750,103,"39, BOULEVARD DU TEMPLE",,,Plein jour,En agglomération,Hors intersection,Temps couvert,Deux véhicules - côté,,,,,,,,,,,1,2,1,8.0,3.0
201000060409,0010-01-12 09:18:00,10,1,12,9,18,750,103,PLACE DE LA REPUBLIQUE,,,Plein jour,En agglomération,Hors intersection,Normale,Autre collision,,,,,,,,,,,1,2,1,1.0,6.0
201000060410,0010-01-14 16:45:00,10,1,14,16,45,750,103,"115, RUE DU TEMPLE",,,Crépuscule ou aube,En agglomération,Intersection en T,Normale,Deux véhicules - côté,,,,,,,,,,,2,2,3,1.0,3.0
201000060411,0010-01-17 14:00:00,10,1,17,14,0,750,110,"2, BOULEVARD SAINT MARTI",,,Plein jour,En agglomération,Hors intersection,Normale,Deux véhicules - côté,,,,,,,,,,,1,2,1,1.0,3.0
201000060412,0010-01-20 07:35:00,10,1,20,7,35,750,103,"292, RUE SAINT MARTIN",,,Nuit avec éclairage allumé,En agglomération,Intersection en T,Normale,Sans collision,,,,,,,,,,,5,2,3,1.0,7.0
201000060413,0010-01-24 19:25:00,10,1,24,19,25,750,103,"3, PLACE DE LA REPUBLIQU",,,Nuit avec éclairage allumé,En agglomération,Intersection à plus de 4 branches,Pluie légère,Autre collision,,,,,,,,,,,5,2,5,2.0,6.0
201000060414,0010-01-26 15:10:00,10,1,26,15,10,750,103,"6, RUE REAUMUR",,,Plein jour,En agglomération,Intersection en X,Normale,Deux véhicules - côté,,,,,,,,,,,1,2,2,1.0,3.0
201000060415,0010-01-29 18:15:00,10,1,29,18,15,750,103,"2, RUE DES HAUDRIETTES",,,Nuit avec éclairage allumé,En agglomération,Hors intersection,Pluie légère,Deux véhicules - côté,,,,,,,,,,,5,2,1,2.0,3.0
201000060416,0010-01-30 18:40:00,10,1,30,18,40,750,103,"57, RUE DE TURBIGO",,,Nuit avec éclairage allumé,En agglomération,Intersection à plus de 4 branches,Normale,Deux véhicules - côté,,,,,,,,,,,5,2,5,1.0,3.0
201000060417,0010-01-30 18:44:00,10,1,30,18,44,750,103,"9, BOULEVARD DU TEMPLE",,,Nuit avec éclairage allumé,En agglomération,Intersection en X,Normale,Deux véhicules - arrière,,,,,,,,,,,5,2,2,1.0,2.0
201000060418,0010-02-07 18:40:00,10,2,7,18,40,750,103,"98, RUE BEAUBOURG",,,Nuit avec éclairage allumé,En agglomération,Intersection en T,Normale,Deux véhicules - arrière,,,,,,,,,,,5,2,3,1.0,2.0
201000060419,0010-02-09 15:15:00,10,2,9,15,15,750,103,"01, RUE COMMINES",,,Plein jour,En agglomération,Intersection en Y,Normale,Autre collision,,,,,,,,,,,1,2,4,1.0,6.0