accident_id,datetime,annee,mois,jour,heure,minute,departement,commune_insee,adresse,latitude,longitude,luminosite,agglomeration,intersection,meteo,collision,nb_vehicules,nb_usagers,nb_indemnes,nb_tues,nb_blesses_hosp,nb_blesses_legers,age_cond_1,age_cond_2,veh_type_cond_1,veh_type_cond_2,lum_code,agg_code,int_code,atm_code,col_code
201000060918,0010-05-22 12:00:00,10,5,22,12,0,750,106,"56, RUE DU FOUR",,,Plein jour,En agglomération,Intersection à plus de 4 branches,Normale,Autre collision,,,,,,,,,,,1,2,5,1.0,6.0
201000060919,0010-05-26 17:10:00,10,5,26,17,10,750,106,"74, RUE D ASSAS",,,Plein jour,En agglomération,Intersection en T,Pluie légère,Autre collision,,,,,,,,,,,1,2,3,2.0,6.0
201000060920,0010-05-27 15:40:00,10,5,27,15,40,750,106,"11, QUAI DE CONTI",,,Plein jour,En agglomération,Hors intersection,Pluie légère,Deux véhicules - arrière,,,,,,,,,,,1,2,1,2.0,2.0
201000060921,0010-05-28 19:15:00,10,5,28,19,15,750,106,"173, BOULEVARD SAINT GER",,,Plein jour,En agglomération,Intersection en X,Normale,Deux véhicules - côté,,,,,,,,,,,1,2,2,1.0,3.0
201000060922,0010-05-29 16:45:00,10,5,29,16,45,750,106,"2, RUE DANTON",,,Plein jour,En agglomération,Hors intersection,Normale,Deux véhicules - côté,,,,,,,,,,,1,2,1,1.0,3.0
201000060923,0010-05-29 18:10:00,10,5,29,18,10,750,106,"6, PLACE DU DIX HUIT JUI",,,Plein jour,En agglomération,Hors intersection,Temps couvert,Sans collision,,,,,,,,,,,1,2,1,8.0,7.0
201000060924,0010-06-01 18:10:00,10,6,1,18,10,750,114,"149, AVENUE DU MAINE",,,Plein jour,En agglomération,Hors intersection,Pluie légère,Autre collision,,,,,,,,,,,1,2,1,2.0,6.0
201000060925,0010-06-01 21:00:00,10,6,1,21,0,750,106,"1, RUE DE MONTFAUCON",,,Plein jour,En agglomération,Intersection en T,Normale,Autre collision,,,,,,,,,,,1,2,3,1.0,6.0
201000060926,0010-06-03 14:45:00,10,6,3,14,45,750,106,"174, BOULEVARD DU MONTPA",,,Plein jour,En agglomération,Intersection en Y,Normale,Deux véhicules - arrière,,,,,,,,,,,1,2,4,1.0,2.0
201000060927,0010-06-04 10:45:00,10,6,4,10,45,750,106,"37, BOULEVARD DU MONTPAR",,,Plein jour,En agglomération,Hors intersection,Normale,Autre collision,,,,,,,,,,,1,2,1,1.0,6.0
201000060928,0010-06-05 04:00:00,10,6,5,4,0,750,106,"15, QUAI MALAQUAIS",,,Nuit avec éclairage allumé,En agglomération,Hors intersection,Normale,Deux véhicules - côté,,,,,,,,,,,5,2,1,1.0,3.0
201000060929,0010-06-08 19:35:00,10,6,8,19,35,750,106,"20, RUE MONSIEUR LE PRIN",,,Plein jour,En agglomération,Intersection en X,Normale,Deux véhicules - côté,,,,,,,,,,,1,2,2,1.0,3.0
201000060930,0010-06-08 19:50:00,10,6,8,19,50,750,106,"1, RUE DE MEDICIS",,,Crépuscule ou aube,En agglomération,Intersection à plus de 4 branches,Normale,Deux véhicules - côté,,,,,,,,,,,2,2,5,1.0,3.0
201000060931,0010-06-10 17:05:00,10,6,10,17,5,750,106,"12, RUE NOTRE DAME DES C",,,Plein jour,En agglomération,Intersection en X,Normale,Autre collision,,,,,,,,,,,1,2,2,1.0,6.0
201000060932,0010-06-12 11:10:00,10,6,12,11,10,750,106,RUE DU FOUR,,,Plein jour,En agglomération,Intersection en X,Temps couvert,Deux véhicules - côté,,,,,,,,,,,1,2,2,8.0,3.0
201000060933,0010-06-13 23:48:00,10,6,13,23,48,750,106,"107, BOULEVARD SAINT GER",,,Nuit avec éclairage allumé,En agglomération,Intersection en X,Normale,Autre collision,,,,,,,,,,,5,2,2,1.0,6.0
201000060934,0010-06-18 14:10:00,10,6,18,14,10,750,106,"6, PLACE SAINT MICHEL",,,Plein jour,En agglomération,Hors intersection,Normale,Autre collision,,,,,,,,,,,1,2,1,1.0,6.0
201000060935,0010-06-20 19:15:00,10,6,20,19,15,750,106,"99/101, BOULEVARD SAINT",,,Plein jour,En agglomération,Hors intersection,Normale,Autre collision,,,,,,,,,,,1,2,1,1.0,6.0
201000060936,0010-06-21 17:00:00,10,6,21,17,0,750,106,"84, BOULEVARD SAINT MICH",,,Plein jour,En agglomération,Intersection en X,Pluie légère,Autre collision,,,,,,,,,,,1,2,2,2.0,6.0
201000060937,0010-06-21 17:20:00,10,6,21,17,20,750,106,RUE DE RENNES,,,Plein jour,Hors agglomération,Intersection en X,Normale,Trois véhicules et plus - en chaîne,,,,,,,,,,,1,1,2,1.0,4.0
201000060938,0010-06-23 09:55:00,10,6,23,9,55,750,106,"26, RUE VAVIN",,,Plein jour,En agglomération,Hors intersection,Normale,Autre collision,,,,,,,,,,,1,2,1,1.0,6.0
201000060939,0010-06-23 16:25:00,10,6,23,16,25,750,106,"22, BOULEVARD SAINT MICH",,,Plein jour,En agglomération,Hors intersection,Normale,Autre collision,,,,,,,,,,,1,2,1,1.0,6.0
201000060940,0010-06-25 18:30:00,10,6,25,18,30,750,106,"93, RUE DE SEVRES",,,Plein jour,En agglomération,Hors intersection,Normale,Deux véhicules - frontale,,,,,,,,,,,1,2,1,1.0,1.0
201000060941,0010-06-26 06:23:00,10,6,26,6,23,750,106,"31, QUAI DES GRANDS AUGU",,,Crépuscule ou aube,En agglomération,Intersection en X,Normale,Deux véhicules - côté,,,,,,,,,,,2,2,2,1.0,3.0
201000060942,0010-06-28 07:10:00,10,6,28,7,10,750,106,"48, BOULEVARD RASPAIL",,,Plein jour,En agglomération,Intersection en X,Normale,Autre collision,,,,,,,,,,,1,2,2,1.0,6.0
201000060943,0010-06-29 09:05:00,10,6,29,9,5,750,106,"15, BOULEVARD DU MONTPAR",,,Plein jour,En agglomération,Hors intersection,Normale,Autre collision,,,,,,,,,,,1,2,1,1.0,6.0
201000060944,0010-06-30 13:15:00,10,6,30,13,15,750,106,"91, RUE DE RENNES",,,Plein jour,En agglomération,Hors intersection,Normale,Deux véhicules - arrière,,,,,,,,,,,1,2,1,1.0,2.0
201000060945,0010-06-30 19:10:00,10,6,30,19,10,750,106,"7, QUAI DE CONTI",,,Plein jour,En agglomération,Hors intersection,Normale,Deux véhicules - côté,,,,,,,,,,,1,2,1,1.0,3.0
201000060946,0010-06-30 18:35:00,10,6,30,18,35,750,106,"71 bis, RUE DE VAUGIRARD",,,Plein jour,En agglomération,Hors intersection,Normale,Deux véhicules - côté,,,,,,,,,,,1,2,1,1.0,3.0
201000060947,0010-07-01 18:15:00,10,7,1,18,15,750,106,"8, RUE DE TOURNON",,,Plein jour,En agglomération,Hors intersection,Normale,Autre collision,,,,,,,,,,,1,2,1,1.0,6.0
201000060948,0010-07-05 20:45:00,10,7,5,20,45,750,106,"73, RUE DE RENNES",,,Plein jour,En agglomération,Intersection en Y,Normale,Deux véhicules - côté,,,,,,,,,,,1,2,4,1.0,3.0
201000060949,0010-07-11 20:10:00,10,7,11,20,10,750,106,RUE DE VAUGIRARD,,,Crépuscule ou aube,En agglomération,Intersection en X,Normale,Autre collision,,,,,,,,,,,2,2,2,1.0,6.0
201000060950,0010-07-12 15:15:00,10,7,12,15,15,750,106,"8, BOULEVARD SAINT MICHE",,,Plein jour,En agglomération,Intersection en X,Normale,Sans collision,,,,,,,,,,,1,2,2,1.0,7.0
201000060951,0010-07-14 11:30:00,10,7,14,11,30,750,106,"70, RUE DE RENNES",,,Plein jour,En agglomération,Intersection en X,Pluie forte,Deux véhicules - côté,,,,,,,,,,,1,2,2,3.0,3.0
201000060952,0010-07-16 19:45:00,10,7,16,19,45,750,106,"5, QUAI DE CONTI",,,Plein jour,En agglomération,Intersection en T,Normale,Trois véhicules et plus - en chaîne,,,,,,,,,,,1,2,3,1.0,4.0
201000060953,0010-07-17 23:34:00,10,7,17,23,34,750,106,"15, RUE DE VAUGIRARD",,,Nuit avec éclairage allumé,En agglomération,Intersection en T,Normale,Deux véhicules - côté,,,,,,,,,,,5,2,3,1.0,3.0
201000060954,0010-07-23 10:30:00,10,7,23,10,30,750,106,", RUE D ASSAS",,,Plein jour,En agglomération,Intersection en X,Normale,Autre collision,,,,,,,,,,,1,2,2,1.0,6.0
201000060955,0010-07-24 19:15:00,10,7,24,19,15,750,106,"11, QUAI MALAQUAIS",,,Plein jour,En agglomération,Intersection à plus de 4 branches,Normale,Sans collision,,,,,,,,,,,1,2,5,1.0,7.0
201000060956,0010-07-26 11:50:00,10,7,26,11,50,750,106,"171, BOULEVARD DU MONTPA",,,Plein jour,En agglomération,Hors intersection,Normale,Deux véhicules - arrière,,,,,,,,,,,1,2,1,1.0,2.0
201000060957,0010-07-28 01:35:00,10,7,28,1,35,750,106,"70, RUE DE RENNES",,,Nuit avec éclairage allumé,En agglomération,Intersection en X,Normale,Deux véhicules - arrière,,,,,,,,,,,5,2,2,1.0,2.0
201000060958,0010-07-28 14:15:00,10,7,28,14,15,750,106,"41, RUE DE RENNES",,,Plein jour,En agglomération,Intersection à plus de 4 branches,Normale,Autre collision,,,,,,,,,,,1,2,5,1.0,6.0
201000060959,0010-07-31 03:39:00,10,7,31,3,39,750,106,"83, BOULEVARD SAINT GERM",,,Nuit avec éclairage allumé,En agglomération,Hors intersection,Normale,Autre collision,,,,,,,,,,,5,2,1,1.0,6.0
201000060960,0010-08-03 12:55:00,10,8,3,12,55,750,106,"99/101, BOULEVARD SAINT",,,Plein jour,En agglomération,Intersection en X,Normale,Autre collision,,,,,,,,,,,1,2,2,1.0,6.0
201000060961,0010-08-07 20:00:00,10,8,7,20,0,750,106,"127, BOULEVARD RASPAIL",,,Plein jour,En agglomération,Intersection en X,Normale,Autre collision,,,,,,,,,,,1,2,2,1.0,6.0
201000060962,0010-08-08 15:30:00,10,8,8,15,30,750,106,"116, RUE DE RENNES",,,Plein jour,En agglomération,Intersection à plus de 4 branches,Normale,Deux véhicules - côté,,,,,,,,,,,1,2,5,1.0,3.0
201000060963,0010-08-08 17:00:00,10,8,8,17,0,750,106,"26, BOULEVARD SAINT MICH",,,Plein jour,En agglomération,Intersection à plus de 4 branches,Normale,Deux véhicules - arrière,,,,,,,,,,,1,2,5,1.0,2.0
201000060964,0010-08-14 16:20:00,10,8,14,16,20,750,106,"5, QUAI DE CONTI",,,Plein jour,En agglomération,Intersection en T,Normale,Deux véhicules - arrière,,,,,,,,,,,1,2,3,1.0,2.0
201000060965,0010-08-17 17:35:00,10,8,17,17,35,750,106,"170, BOULEVARD SAINT GER",,,Plein jour,En agglomération,Intersection à plus de 4 branches,Normale,Deux véhicules - côté,,,,,,,,,,,1,2,5,1.0,3.0
201000060966,0010-08-22 22:30:00,10,8,22,22,30,750,106,RUE DE RENNES,,,Nuit avec éclairage allumé,En agglomération,Intersection à plus de 4 branches,Normale,Deux véhicules - côté,,,,,,,,,,,5,2,5,1.0,3.0
201000060967,0010-08-24 12:20:00,10,8,24,12,20,750,106,"87, BOULEVARD RASPAIL",,,Plein jour,En agglomération,Intersection à plus de 4 branches,Normale,Deux véhicules - côté,,,,,,,,,,,1,2,5,1.0,3.0
201000060968,0010-08-24 13:20:00,10,8,24,13,20,750,106,"71, BOULEVARD DU MONTPAR",,,Plein jour,En agglomération,Intersection à plus de 4 branches,Normale,Autre collision,,,,,,,,,,,1,2,5,1.0,6.0
201000060969,0010-08-30 08:25:00,10,8,30,8,25,750,106,"95, BOULEVARD RASPAIL",,,Plein jour,En agglomération,Hors intersection,Normale,Autre collision,,,,,,,,,,,1,2,1,1.0,6.0
201000060970,0010-08-30 20:20:00,10,8,30,20,20,750,106,"27, RUE SAINT ANDRE DES",,,Nuit avec éclairage allumé,En agglomération,Intersection en T,Normale,Autre collision,,,,,,,,,,,5,2,3,1.0,6.0
201000060971,0010-09-08 09:50:00,10,9,8,9,50,750,106,"51, RUE D ASSAS",,,Plein jour,En agglomération,Hors intersection,Pluie légère,Autre collision,,,,,,,,,,,1,2,1,2.0,6.0
201000060972,0010-09-08 14:25:00,10,9,8,14,25,750,106,"7, QUAI DE CONTI",,,Plein jour,En agglomération,Intersection en T,Pluie forte,Deux véhicules - arrière,,,,,,,,,,,1,2,3,3.0,2.0
201000060973,0010-09-11 15:25:00,10,9,11,15,25,750,106,"53, QUAI DES GRANDS AUGU",,,Plein jour,En agglomération,Hors intersection,Normale,Trois véhicules et plus - en chaîne,,,,,,,,,,,1,2,1,1.0,4.0
201000060974,0010-09-17 15:20:00,10,9,17,15,20,750,106,"70, RUE D ASSAS",,,Plein jour,En agglomération,Hors intersection,Normale,Autre collision,,,,,,,,,,,1,2,1,1.0,6.0
201000060975,0010-09-20 16:00:00,10,9,20,16,0,750,106,"05, RUE BONAPARTE",,,Plein jour,En agglomération,Hors intersection,Normale,Deux véhicules - côté,,,,,,,,,,,1,2,1,1.0,3.0
201000060976,0010-09-21 07:25:00,10,9,21,7,25,750,106,"59, RUE DE RENNES",,,Plein jour,En agglomération,Hors intersection,Normale,Deux véhicules - côté,,,,,,,,,,,1,2,1,1.0,3.0
201000060977,0010-12-08 11:50:00,10,12,8,11,50,750,106,"4, PLACE EDMOND ROSTAND",,,Plein jour,En agglomération,Intersection en X,Neige / grêle,Deux véhicules - côté,,,,,,,,,,,1,2,2,4.0,3.0
201000060978,0010-09-24 13:10:00,10,9,24,13,10,750,106,"9, RUE DE SEVRES",,,Plein jour,En agglomération,Hors intersection,Normale,Sans collision,,,,,,,,,,,1,2,1,1.0,7.0
201000060979,0010-09-26 15:30:00,10,9,26,15,30,750,106,"48, BOULEVARD RASPAIL",,,Plein jour,En agglomération,Intersection en X,Pluie légère,Deux véhicules - frontale,,,,,,,,,,,1,2,2,2.0,1.0
201000060980,0010-09-26 19:50:00,10,9,26,19,50,750,106,"126, BOULEVARD SAINT GER",,,Nuit avec éclairage allumé,En agglomération,Place,Pluie légère,Deux véhicules - arrière,,,,,,,,,,,5,2,7,2.0,2.0
201000060981,0010-09-30 09:20:00,10,9,30,9,20,750,106,"82, BOULEVARD RASPAIL",,,Plein jour,En agglomération,Intersection à plus de 4 branches,Pluie légère,Sans collision,,,,,,,,,,,1,2,5,2.0,7.0
201000060982,0010-10-01 09:50:00,10,10,1,9,50,750,106,"89, BOULEVARD DU MONTPAR",,,Plein jour,En agglomération,Intersection en X,Normale,Deux véhicules - arrière,,,,,,,,,,,1,2,2,1.0,2.0
201000060983,0010-10-02 09:15:00,10,10,2,9,15,750,106,"22, BOULEVARD SAINT MICH",,,Plein jour,En agglomération,Intersection en X,Normale,Autre collision,,,,,,,,,,,1,2,2,1.0,6.0
201000060984,0010-10-04 12:35:00,10,10,4,12,35,750,106,"20, BOULEVARD SAINT MICH",,,Plein jour,En agglomération,Intersection en T,Pluie légère,Autre collision,,,,,,,,,,,1,2,3,2.0,6.0
201000060985,0010-10-05 11:00:00,10,10,5,11,0,750,106,"65, RUE DE RENNES",,,Plein jour,En agglomération,Intersection en X,Pluie légère,Autre collision,,,,,,,,,,,1,2,2,2.0,6.0
201000060986,0010-10-05 18:18:00,10,10,5,18,18,750,106,"79, RUE DE RENNES",,,Plein jour,En agglomération,Intersection en Y,Pluie légère,Sans collision,,,,,,,,,,,1,2,4,2.0,7.0
201000060987,0010-10-05 23:53:00,10,10,5,23,53,750,106,RUE DE VAUGIRARD,,,Nuit avec éclairage allumé,En agglomération,Intersection en X,Pluie légère,Autre collision,,,,,,,,,,,5,2,2,2.0,6.0
201000060988,0010-10-08 20:45:00,10,10,8,20,45,750,106,"34, BOULEVARD SAINT MICH",,,Nuit avec éclairage allumé,En agglomération,Hors intersection,Normale,Autre collision,,,,,,,,,,,5,2,1,1.0,6.0
201000060989,0010-10-10 15:55:00,10,10,10,15,55,750,106,"25, BOULEVARD DU MONTPAR",,,Plein jour,En agglomération,Intersection à plus de 4 branches,Normale,Autre collision,,,,,,,,,,,1,2,5,1.0,6.0
201000060990,0010-10-11 08:45:00,10,10,11,8,45,750,106,"89, RUE DU CHERCHE MIDI",,,Plein jour,En agglomération,Hors intersection,Normale,Autre collision,,,,,,,,,,,1,2,1,1.0,6.0
201000060991,0010-10-11 13:10:00,10,10,11,13,10,750,106,"143, RUE DE RENNES",,,Plein jour,En agglomération,Hors intersection,Normale,Autre collision,,,,,,,,,,,1,2,1,1.0,6.0
201000060992,0010-10-11 18:07:00,10,10,11,18,7,750,106,"5, RUE DANTON",,,Plein jour,En agglomération,Intersection à plus de 4 branches,Normale,Autre collision,,,,,,,,,,,1,2,5,1.0,6.0
201000060993,0010-10-12 16:45:00,10,10,12,16,45,750,107,"67, BOULEVARD DES INVALI",,,Plein jour,En agglomération,Intersection en X,Normale,Deux véhicules - côté,,,,,,,,,,,1,2,2,1.0,3.0
201000060994,0010-10-13 21:09:00,10,10,13,21,9,750,106,"01, RUE CASSETTE",,,Nuit avec éclairage allumé,En agglomération,Intersection en Y,Normale,Autre collision,,,,,,,,,,,5,2,4,1.0,6.0
201000060995,0010-10-14 16:16:00,10,10,14,16,16,750,106,"36, BOULEVARD SAINT MICH",,,Plein jour,En agglomération,Hors intersection,Normale,Autre collision,,,,,,,,,,,1,2,1,1.0,6.0
201000060996,0010-10-16 15:15:00,10,10,16,15,15,750,106,BOULEVARD RASPAIL,,,Plein jour,En agglomération,Intersection en X,Pluie légère,Sans collision,,,,,,,,,,,1,2,2,2.0,7.0
201000060997,0010-10-18 10:15:00,10,10,18,10,15,750,106,"75, RUE DE SEVRES",,,Plein jour,En agglomération,Intersection en T,Normale,Autre collision,,,,,,,,,,,1,2,3,1.0,6.0
201000060998,0010-10-19 07:50:00,10,10,19,7,50,750,106,PONT NEUF,,,Plein jour,En agglomération,Hors intersection,Normale,Autre collision,,,,,,,,,,,1,2,1,1.0,6.0
201000060999,0010-10-25 09:00:00,10,10,25,9,0,750,106,"18, BOULEVARD SAINT MICH",,,Plein jour,En agglomération,Intersection en T,Normale,Sans collision,,,,,,,,,,,1,2,3,1.0,7.0
201000061000,0010-10-26 09:50:00,10,10,26,9,50,750,106,"7, PLACE PAUL CLAUDEL",,,Plein jour,En agglomération,Intersection à plus de 4 branches,Normale,Sans collision,,,,,,,,,,,1,2,5,1.0,7.0
201000061001,0010-10-31 14:20:00,10,10,31,14,20,750,106,"30, RUE DAUPHINE",,,Plein jour,En agglomération,Hors intersection,Normale,Autre collision,,,,,,,,,,,1,2,1,1.0,6.0
201000061002,0010-11-01 01:04:00,10,11,1,1,4,750,106,"15 bis, RUE DE VAUGIRARD",,,Nuit avec éclairage allumé,En agglomération,Hors intersection,Normale,Autre collision,,,,,,,,,,,5,2,1,1.0,6.0
201000061003,0010-11-03 09:05:00,10,11,3,9,5,750,106,"8, RUE DU VIEUX COLOMBIE",,,Plein jour,En agglomération,Hors intersection,Normale,Deux véhicules - côté,,,,,,,,,,,1,2,1,1.0,3.0
201000061004,0010-11-06 19:15:00,10,11,6,19,15,750,106,"99, RUE DE SEVRES",,,Nuit avec éclairage allumé,En agglomération,Hors intersection,Pluie légère,Autre collision,,,,,,,,,,,5,2,1,2.0,6.0
201000061005,0010-11-07 05:29:00,10,11,7,5,29,750,106,"84, BOULEVARD RASPAIL",,,Nuit avec éclairage allumé,En agglomération,Intersection en X,Pluie légère,Deux véhicules - côté,,,,,,,,,,,5,2,2,2.0,3.0
201000061006,0010-11-06 21:16:00,10,11,6,21,16,750,106,"/, RUE MONSIEUR LE PRINC",,,Nuit avec éclairage allumé,En agglomération,Intersection en Y,Pluie légère,Autre collision,,,,,,,,,,,5,2,4,2.0,6.0
201000061007,0010-11-08 08:20:00,10,11,8,8,20,750,106,"28, RUE SAINT BENOIT",,,Plein jour,En agglomération,Hors intersection,Normale,Sans collision,,,,,,,,,,,1,2,1,1.0,7.0
201000061008,0010-11-10 01:50:00,10,11,10,1,50,750,106,"84, RUE DE RENNES",,,Nuit avec éclairage allumé,En agglomération,Intersection en Y,Pluie légère,Deux véhicules - côté,,,,,,,,,,,5,2,4,2.0,3.0
201000061009,0010-11-13 01:01:00,10,11,13,1,1,750,106,RUE D ASSAS,,,Nuit avec éclairage allumé,En agglomération,Intersection à plus de 4 branches,Pluie légère,Deux véhicules - côté,,,,,,,,,,,5,2,5,2.0,3.0
201000061010,0010-11-14 17:50:00,10,11,14,17,50,750,106,"46, BOULEVARD SAINT MICH",,,Nuit avec éclairage allumé,En agglomération,Hors intersection,Autre,Deux véhicules - arrière,,,,,,,,,,,5,2,1,9.0,2.0
201000061011,0010-11-15 15:21:00,10,11,15,15,21,750,106,"09, PLACE SAINT SULPICE",,,Plein jour,En agglomération,Hors intersection,Normale,Autre collision,,,,,,,,,,,1,2,1,1.0,6.0
201000061012,0010-11-17 17:15:00,10,11,17,17,15,750,106,RUE DE RENNES,,,Crépuscule ou aube,En agglomération,Hors intersection,Normale,Autre collision,,,,,,,,,,,2,2,1,1.0,6.0
201000061013,0010-11-17 18:15:00,10,11,17,18,15,750,106,"95, RUE DE SEVRES",,,Nuit avec éclairage allumé,En agglomération,Hors intersection,Normale,Autre collision,,,,,,,,,,,5,2,1,1.0,6.0
201000061014,0010-11-19 21:30:00,10,11,19,21,30,750,106,"171, BOULEVARD SAINT GER",,,Nuit avec éclairage allumé,En agglomération,Hors intersection,Normale,Autre collision,,,,,,,,,,,5,2,1,1.0,6.0
201000061015,0010-11-21 03:57:00,10,11,21,3,57,750,106,"15, RUE DE VAUGIRARD",,,Nuit avec éclairage allumé,En agglomération,Intersection en T,Pluie légère,Autre collision,,,,,,,,,,,5,2,3,2.0,6.0
201000061016,0010-11-23 16:03:00,10,11,23,16,3,750,106,"15 bis, RUE DE VAUGIRARD",,,Plein jour,En agglomération,Hors intersection,Temps couvert,Deux véhicules - côté,,,,,,,,,,,1,2,1,8.0,3.0
201000061017,0010-11-23 17:10:00,10,11,23,17,10,750,106,PLACE SAINT GERMAIN DES,,,Nuit avec éclairage allumé,En agglomération,Place,Normale,Deux véhicules - arrière,,,,,,,,,,,5,2,7,1.0,2.0
201000061018,0010-11-25 09:45:00,10,11,25,9,45,750,106,"35, QUAI DES GRANDS AUGU",,,Plein jour,En agglomération,Intersection en T,Normale,Sans collision,,,,,,,,,,,1,2,3,1.0,7.0
201000061019,0010-11-26 02:55:00,10,11,26,2,55,750,106,"175, BOULEVARD SAINT GER",,,Nuit avec éclairage allumé,En agglomération,Intersection en X,Normale,Deux véhicules - côté,,,,,,,,,,,5,2,2,1.0,3.0
201000061020,0010-11-26 13:30:00,10,11,26,13,30,750,106,"08, BOULEVARD SAINT MICH",,,Plein jour,En agglomération,Intersection en T,Normale,Deux véhicules - arrière,,,,,,,,,,,1,2,3,1.0,2.0
201000061021,0010-11-27 02:35:00,10,11,27,2,35,750,106,"39, RUE DE VAUGIRARD",,,Nuit avec éclairage allumé,En agglomération,Hors intersection,Normale,Sans collision,,,,,,,,,,,5,2,1,1.0,7.0
201000061022,0010-11-27 21:10:00,10,11,27,21,10,750,106,"25, BOULEVARD DU MONTPAR",,,Nuit avec éclairage allumé,En agglomération,Intersection à plus de 4 branches,Normale,Autre collision,,,,,,,,,,,5,2,5,1.0,6.0
201000061023,0010-11-28 22:00:00,10,11,28,22,0,750,106,"1, RUE DE L ECOLE DE MED",,,Nuit avec éclairage allumé,En agglomération,Intersection à plus de 4 branches,Vent fort / tempête,Sans collision,,,,,,,,,,,5,2,5,6.0,7.0
201000061024,0010-11-30 11:15:00,10,11,30,11,15,750,106,"56, RUE D ASSAS",,,Plein jour,En agglomération,Intersection à plus de 4 branches,Normale,Deux véhicules - côté,,,,,,,,,,,1,2,5,1.0,3.0
201000061025,0010-11-30 12:35:00,10,11,30,12,35,750,106,"56, RUE DE VAUGIRARD",,,Plein jour,En agglomération,Intersection en X,Normale,Deux véhicules - arrière,,,,,,,,,,,1,2,2,1.0,2.0
201000061026,0010-11-30 19:45:00,10,11,30,19,45,750,106,"15, RUE DE SEINE",,,Nuit avec éclairage allumé,En agglomération,Hors intersection,Normale,Sans collision,,,,,,,,,,,5,2,1,1.0,7.0
201000061027,0010-12-01 15:05:00,10,12,1,15,5,750,106,"22, BOULEVARD SAINT MICH",,,Plein jour,En agglomération,Intersection en X,Neige / grêle,Autre collision,,,,,,,,,,,1,2,2,4.0,6.0
201000061028,0010-12-03 21:35:00,10,12,3,21,35,750,106,"169, RUE DE RENNES",,,Nuit avec éclairage allumé,En agglomération,Intersection en Y,Normale,Sans collision,,,,,,,,,,,5,2,4,1.0,7.0
201000061029,0010-12-04 20:10:00,10,12,4,20,10,750,106,"171, BOULEVARD DU MONTPA",,,Nuit avec éclairage allumé,En agglomération,Intersection à plus de 4 branches,Autre,Autre collision,,,,,,,,,,,5,2,5,9.0,6.0
201000061030,0010-12-06 15:00:00,10,12,6,15,0,750,106,"117, BOULEVARD DU MONTPA",,,Plein jour,En agglomération,Intersection à plus de 4 branches,Normale,Autre collision,,,,,,,,,,,1,2,5,1.0,6.0
201000061031,0010-12-06 15:00:00,10,12,6,15,0,750,106,BOULEVARD SAINT MICHEL,,,Plein jour,En agglomération,Intersection en T,Normale,Autre collision,,,,,,,,,,,1,2,3,1.0,6.0
201000061032,0010-12-06 18:30:00,10,12,6,18,30,750,106,"6, PLACE DU DIX HUIT JUI",,,Nuit avec éclairage allumé,En agglomération,Intersection à plus de 4 branches,Normale,Deux véhicules - côté,,,,,,,,,,,5,2,5,1.0,3.0
201000061033,0010-12-06 21:45:00,10,12,6,21,45,750,106,"4, RUE MONSIEUR LE PRINC",,,Nuit avec éclairage allumé,En agglomération,Intersection en T,Normale,Deux véhicules - côté,,,,,,,,,,,5,2,3,1.0,3.0
201000061034,0010-12-07 18:30:00,10,12,7,18,30,750,106,"47, RUE DE RENNES",,,Nuit avec éclairage allumé,En agglomération,Intersection en Y,Pluie légère,Autre collision,,,,,,,,,,,5,2,4,2.0,6.0
201000061035,0010-12-09 09:45:00,10,12,9,9,45,750,106,"96, BOULEVARD RASPAIL",,,Plein jour,En agglomération,Hors intersection,Neige / grêle,Sans collision,,,,,,,,,,,1,2,1,4.0,7.0
201000061036,0010-12-09 13:55:00,10,12,9,13,55,750,106,"69, RUE DE SEINE",,,Plein jour,En agglomération,Hors intersection,Normale,Autre collision,,,,,,,,,,,1,2,1,1.0,6.0
201000061037,0010-12-10 14:15:00,10,12,10,14,15,750,106,"43, RUE DE VAUGIRARD",,,Plein jour,En agglomération,Hors intersection,Normale,Sans collision,,,,,,,,,,,1,2,1,1.0,7.0
201000061038,0010-12-13 19:00:00,10,12,13,19,0,750,106,"8, PLACE DU DIX HUIT JUI",,,Nuit avec éclairage allumé,En agglomération,Intersection à plus de 4 branches,Normale,Autre collision,,,,,,,,,,,5,2,5,1.0,6.0
201000061039,0010-12-16 21:20:00,10,12,16,21,20,750,106,"16, RUE JEAN FERRANDI",,,Nuit avec éclairage allumé,En agglomération,Hors intersection,Pluie légère,Deux véhicules - côté,,,,,,,,,,,5,2,1,2.0,3.0
201000061040,0010-12-17 00:40:00,10,12,17,0,40,750,106,"105, BOULEVARD DU MONTPA",,,Nuit avec éclairage allumé,En agglomération,Intersection à plus de 4 branches,Pluie forte,Sans collision,,,,,,,,,,,5,2,5,3.0,7.0
201000061041,0010-12-17 19:05:00,10,12,17,19,5,750,106,"1, RUE MADAME",,,Nuit avec éclairage allumé,En agglomération,Intersection à plus de 4 branches,Neige / grêle,Autre collision,,,,,,,,,,,5,2,5,4.0,6.0
201000061042,0010-12-21 15:50:00,10,12,21,15,50,750,106,"77, RUE DE VAUGIRARD",,,Plein jour,En agglomération,Intersection en X,Temps couvert,Autre collision,,,,,,,,,,,1,2,2,8.0,6.0