accident_id,datetime,annee,mois,jour,heure,minute,departement,commune_insee,adresse,latitude,longitude,luminosite,agglomeration,intersection,meteo,collision,nb_vehicules,nb_usagers,nb_indemnes,nb_tues,nb_blesses_hosp,nb_blesses_legers,age_cond_1,age_cond_2,veh_type_cond_1,veh_type_cond_2,lum_code,agg_code,int_code,atm_code,col_code
201000061170,0010-08-20 17:50:00,10,8,20,17,50,750,107,"21, BOULEVARD DES INVALI",,,Plein jour,En agglomération,Hors intersection,Normale,Deux véhicules - côté,,,,,,,,,,,1,2,1,1.0,3.0
201000061171,0010-08-20 23:30:00,10,8,20,23,30,750,107,"37,QUAI D ORSAY",,,Nuit avec éclairage allumé,En agglomération,Hors intersection,Normale,Sans collision,,,,,,,,,,,5,2,1,1.0,7.0
201000061172,0010-08-22 00:37:00,10,8,22,0,37,750,107,QUAI D ORSAY,,,Nuit avec éclairage allumé,En agglomération,Intersection en T,Normale,Autre collision,,,,,,,,,,,5,2,3,1.0,6.0
201000061173,0010-08-22 05:20:00,10,8,22,5,20,750,107,QUAI D ORSAY,,,Nuit avec éclairage allumé,En agglomération,Intersection en T,Normale,Autre collision,,,,,,,,,,,5,2,3,1.0,6.0
201000061174,0010-08-24 06:30:00,10,8,24,6,30,750,107,"9, RUE DU BAC",,,Crépuscule ou aube,En agglomération,Intersection en X,Normale,Deux véhicules - côté,,,,,,,,,,,2,2,2,1.0,3.0
201000061175,0010-08-24 22:30:00,10,8,24,22,30,750,107,"23, AVENUE BOSQUET",,,Nuit avec éclairage allumé,En agglomération,Intersection en T,Normale,Autre collision,,,,,,,,,,,5,2,3,1.0,6.0
201000061176,0010-08-25 09:03:00,10,8,25,9,3,750,107,"1, PLACE DE BRETEUIL",,,Plein jour,En agglomération,Intersection à plus de 4 branches,Normale,Autre collision,,,,,,,,,,,1,2,5,1.0,6.0
201000061177,0010-08-26 17:30:00,10,8,26,17,30,750,107,"1, BOULEVARD DES INVALID",,,Plein jour,En agglomération,Intersection à plus de 4 branches,Normale,Sans collision,,,,,,,,,,,1,2,5,1.0,7.0
201000061178,0010-08-27 18:15:00,10,8,27,18,15,750,107,"240, BOULEVARD SAINT GER",,,Plein jour,En agglomération,Intersection en X,Temps couvert,Deux véhicules - côté,,,,,,,,,,,1,2,2,8.0,3.0
201000061179,0010-08-28 14:25:00,10,8,28,14,25,750,107,AVENUE GUSTAVE EIFFEL,,,Plein jour,En agglomération,Hors intersection,Normale,Deux véhicules - côté,,,,,,,,,,,1,2,1,1.0,3.0
201000061180,0010-09-03 00:40:00,10,9,3,0,40,750,107,QUAI D ORSAY,,,Nuit avec éclairage allumé,En agglomération,Intersection en T,Normale,Sans collision,,,,,,,,,,,5,2,3,1.0,7.0
201000061181,0010-09-03 17:10:00,10,9,3,17,10,750,107,QUAI ANATOLE FRANCE,,,Plein jour,En agglomération,Intersection en T,Normale,Deux véhicules - côté,,,,,,,,,,,1,2,3,1.0,3.0
201000061182,0010-09-04 14:30:00,10,9,4,14,30,750,107,"2, AVENUE DE LA MOTTE PI",,,Plein jour,En agglomération,Intersection en X,Normale,Deux véhicules - côté,,,,,,,,,,,1,2,2,1.0,3.0
201000061183,0010-09-04 12:00:00,10,9,4,12,0,750,107,"57, BOULEVARD DES INVALI",,,Plein jour,En agglomération,Intersection en T,Normale,Deux véhicules - arrière,,,,,,,,,,,1,2,3,1.0,2.0
201000061184,0010-09-07 08:10:00,10,9,7,8,10,750,107,PONT D IENA,,,Plein jour,En agglomération,Intersection à plus de 4 branches,Normale,Autre collision,,,,,,,,,,,1,2,5,1.0,6.0
201000061185,0010-09-07 09:45:00,10,9,7,9,45,750,107,"244, BOULEVARD SAINT GER",,,Plein jour,En agglomération,Hors intersection,Temps couvert,Deux véhicules - côté,,,,,,,,,,,1,2,1,8.0,3.0
201000061186,0010-09-10 09:15:00,10,9,10,9,15,750,107,"24, RUE CHEVERT",,,Plein jour,En agglomération,Intersection en T,Normale,Autre collision,,,,,,,,,,,1,2,3,1.0,6.0
201000061187,0010-09-11 23:50:00,10,9,11,23,50,750,107,PLACE DE LA RESISTANCE,,,Nuit avec éclairage allumé,En agglomération,Intersection à plus de 4 branches,Normale,Deux véhicules - côté,,,,,,,,,,,5,2,5,1.0,3.0
201000061188,0010-09-13 19:00:00,10,9,13,19,0,750,107,"03, AVENUE DE VILLARS",,,Plein jour,En agglomération,Hors intersection,Normale,Deux véhicules - côté,,,,,,,,,,,1,2,1,1.0,3.0
201000061189,0010-09-14 15:05:00,10,9,14,15,5,750,107,"11, BOULEVARD DE LA TOUR",,,Plein jour,En agglomération,Hors intersection,Normale,Deux véhicules - côté,,,,,,,,,,,1,2,1,1.0,3.0
201000061190,0010-09-15 18:20:00,10,9,15,18,20,750,107,"7, RUE MALAR",,,Plein jour,En agglomération,Intersection en X,Normale,Deux véhicules - côté,,,,,,,,,,,1,2,2,1.0,3.0
201000061191,0010-09-18 20:45:00,10,9,18,20,45,750,107,VOIE EXPRESS RIVE GAUCHE,,,Nuit avec éclairage allumé,En agglomération,Hors intersection,Normale,Trois véhicules et plus - en chaîne,,,,,,,,,,,5,2,1,1.0,4.0
201000061192,0010-09-21 21:55:00,10,9,21,21,55,750,106,"45, BOULEVARD RASPAIL",,,Nuit avec éclairage allumé,En agglomération,Intersection en X,Normale,Trois véhicules et plus - en chaîne,,,,,,,,,,,5,2,2,1.0,4.0
201000061193,0010-09-23 18:20:00,10,9,23,18,20,750,107,"S7819 FEU, QUAI ANATOLE",,,Plein jour,En agglomération,Intersection en X,Normale,Deux véhicules - côté,,,,,,,,,,,1,2,2,1.0,3.0
201000061194,0010-09-25 18:50:00,10,9,25,18,50,750,107,"25, BOULEVARD DE LA TOUR",,,Crépuscule ou aube,En agglomération,Intersection en X,Normale,Autre collision,,,,,,,,,,,2,2,2,1.0,6.0
201000061195,0010-09-27 08:20:00,10,9,27,8,20,750,107,"69, AVENUE DE BRETEUIL",,,Plein jour,En agglomération,Intersection à plus de 4 branches,Normale,Deux véhicules - côté,,,,,,,,,,,1,2,5,1.0,3.0
201000061196,0010-09-27 19:55:00,10,9,27,19,55,750,107,"13, QUAI ANATOLE FRANCE",,,Nuit avec éclairage allumé,En agglomération,Hors intersection,Normale,Autre collision,,,,,,,,,,,5,2,1,1.0,6.0
201000061197,0010-09-28 11:45:00,10,9,28,11,45,750,107,"103, RUE DE GRENELLE",,,Plein jour,En agglomération,Hors intersection,Temps couvert,Sans collision,,,,,,,,,,,1,2,1,8.0,7.0
201000061198,0010-09-29 18:25:00,10,9,29,18,25,750,107,"51, BOULEVARD RASPAIL",,,Plein jour,En agglomération,Intersection en X,Normale,Deux véhicules - côté,,,,,,,,,,,1,2,2,1.0,3.0
201000061199,0010-09-30 17:10:00,10,9,30,17,10,750,107,AVENUE DE VILLARS,,,Plein jour,En agglomération,Intersection en X,Normale,Autre collision,,,,,,,,,,,1,2,2,1.0,6.0
201000061200,0010-10-01 10:10:00,10,10,1,10,10,750,107,"46, BOULEVARD DES INVALI",,,Plein jour,En agglomération,Intersection en X,Normale,Deux véhicules - côté,,,,,,,,,,,1,2,2,1.0,3.0
201000061201,0010-10-05 08:45:00,10,10,5,8,45,750,107,VOIE EXPRESS RIVE GAUCHE,,,Plein jour,En agglomération,Hors intersection,Pluie légère,Sans collision,,,,,,,,,,,1,2,1,2.0,7.0
201000061202,0010-10-06 20:55:00,10,10,6,20,55,750,107,"67, AVENUE DE SUFFREN",,,Nuit avec éclairage allumé,En agglomération,Hors intersection,Pluie légère,Autre collision,,,,,,,,,,,5,2,1,2.0,6.0
201000061203,0010-10-07 07:15:00,10,10,7,7,15,750,107,"19, BOULEVARD RASPAIL",,,Crépuscule ou aube,En agglomération,Hors intersection,Normale,Deux véhicules - côté,,,,,,,,,,,2,2,1,1.0,3.0
201000061204,0010-10-07 20:18:00,10,10,7,20,18,750,107,"02, AVENUE DE LA MOTTE P",,,Nuit avec éclairage allumé,En agglomération,Intersection en X,Normale,Deux véhicules - côté,,,,,,,,,,,5,2,2,1.0,3.0
201000061205,0010-10-08 14:00:00,10,10,8,14,0,750,107,"67, QUAI BRANLY",,,Plein jour,En agglomération,Hors intersection,Normale,Deux véhicules - côté,,,,,,,,,,,1,2,1,1.0,3.0
201000061206,0010-10-11 14:00:00,10,10,11,14,0,750,107,RUE DE L UNIVERSITE,,,Plein jour,En agglomération,Intersection en X,Normale,Deux véhicules - côté,,,,,,,,,,,1,2,2,1.0,3.0
201000061207,0010-10-12 11:14:00,10,10,12,11,14,750,107,QUAI D ORSAY,,,Plein jour,En agglomération,Intersection à plus de 4 branches,Normale,Deux véhicules - côté,,,,,,,,,,,1,2,5,1.0,3.0
201000061208,0010-10-12 12:00:00,10,10,12,12,0,750,107,"133, RUE SAINT DOMINIQUE",,,Plein jour,En agglomération,Intersection en X,Normale,Autre collision,,,,,,,,,,,1,2,2,1.0,6.0
201000061209,0010-10-12 16:15:00,10,10,12,16,15,750,107,"65, RUE DE BABYLONE",,,Plein jour,En agglomération,Intersection en X,Normale,Deux véhicules - arrière,,,,,,,,,,,1,2,2,1.0,2.0
201000061210,0010-10-12 19:10:00,10,10,12,19,10,750,107,"31, AVENUE DE LA MOTTE P",,,Nuit avec éclairage allumé,En agglomération,Hors intersection,Normale,Deux véhicules - côté,,,,,,,,,,,5,2,1,1.0,3.0
201000061211,0010-10-14 11:55:00,10,10,14,11,55,750,107,"101, RUE DE GRENELLE",,,Plein jour,En agglomération,Hors intersection,Normale,Deux véhicules - côté,,,,,,,,,,,1,2,1,1.0,3.0
201000061212,0010-10-14 17:30:00,10,10,14,17,30,750,107,"288, BOULEVARD SAINT GER",,,Plein jour,En agglomération,Intersection à plus de 4 branches,Normale,Deux véhicules - côté,,,,,,,,,,,1,2,5,1.0,3.0
201000061213,0010-10-18 20:15:00,10,10,18,20,15,750,107,QUAI BRANLY,,,Nuit avec éclairage allumé,En agglomération,Intersection en T,Normale,Autre collision,,,,,,,,,,,5,2,3,1.0,6.0
201000061214,0010-10-20 16:15:00,10,10,20,16,15,750,107,QUAI BRANLY,,,Plein jour,En agglomération,Intersection en T,Normale,Deux véhicules - arrière,,,,,,,,,,,1,2,3,1.0,2.0
201000061215,0010-10-20 16:10:00,10,10,20,16,10,750,107,"35, QUAI VOLTAIRE",,,Plein jour,En agglomération,Intersection en T,Normale,Deux véhicules - arrière,,,,,,,,,,,1,2,3,1.0,2.0
201000061216,0010-10-21 09:25:00,10,10,21,9,25,750,107,"20, BOULEVARD DE LA TOUR",,,Plein jour,En agglomération,Intersection en X,Normale,Autre collision,,,,,,,,,,,1,2,2,1.0,6.0
201000061217,0010-10-23 01:40:00,10,10,23,1,40,750,107,"288, BOULEVARD DE LA",,,Nuit sans éclairage public,En agglomération,Intersection en T,Normale,Autre collision,,,,,,,,,,,3,2,3,1.0,6.0
201000061218,0010-10-24 21:35:00,10,10,24,21,35,750,107,QUAI BRANLY,,,Nuit avec éclairage allumé,En agglomération,Intersection en X,Normale,Autre collision,,,,,,,,,,,5,2,2,1.0,6.0
201000061219,0010-10-25 10:10:00,10,10,25,10,10,750,107,BOULEVARD RASPAIL,,,Plein jour,En agglomération,Intersection en X,Normale,Sans collision,,,,,,,,,,,1,2,2,1.0,7.0
201000061220,0010-10-25 14:00:00,10,10,25,14,0,750,107,"05, AVENUE DUQUESNE",,,Plein jour,En agglomération,Intersection en Y,Normale,Deux véhicules - frontale,,,,,,,,,,,1,2,4,1.0,1.0
201000061221,0010-10-30 23:20:00,10,10,30,23,20,750,107,QUAI ANATOLE FRANCE,,,Nuit avec éclairage non allumé,En agglomération,Intersection en T,Normale,Autre collision,,,,,,,,,,,4,2,3,1.0,6.0
201000061222,0010-10-31 14:15:00,10,10,31,14,15,750,107,"9, RUE DU BAC",,,Plein jour,En agglomération,Intersection en X,Normale,Deux véhicules - arrière,,,,,,,,,,,1,2,2,1.0,2.0
201000061223,0010-11-04 06:45:00,10,11,4,6,45,750,107,"24, BOULEVARD RASPAIL",,,Crépuscule ou aube,En agglomération,Hors intersection,Normale,Trois véhicules et plus - en chaîne,,,,,,,,,,,2,2,1,1.0,4.0
201000061224,0010-11-04 08:10:00,10,11,4,8,10,750,107,"151, RUE DE L UNIVERSITE",,,Plein jour,En agglomération,Intersection en X,Normale,Deux véhicules - côté,,,,,,,,,,,1,2,2,1.0,3.0
201000061225,0010-11-04 09:30:00,10,11,4,9,30,750,107,"31, QUAI ANATOLE FRANCE",,,Plein jour,En agglomération,Intersection à plus de 4 branches,Normale,Deux véhicules - côté,,,,,,,,,,,1,2,5,1.0,3.0
201000061226,0010-11-05 19:00:00,10,11,5,19,0,750,107,BOULEVARD DE LA TOUR MAU,,,Nuit avec éclairage allumé,En agglomération,Intersection en X,Normale,Deux véhicules - côté,,,,,,,,,,,5,2,2,1.0,3.0
201000061227,0010-11-09 09:04:00,10,11,9,9,4,750,107,"31, RUE DE CONSTANTINE",,,Plein jour,En agglomération,Intersection en T,Pluie légère,Deux véhicules - côté,,,,,,,,,,,1,2,3,2.0,3.0
201000061228,0010-11-16 19:15:00,10,11,16,19,15,750,107,QUAI D ORSAY,,,Nuit avec éclairage allumé,En agglomération,Intersection en X,Normale,Deux véhicules - frontale,,,,,,,,,,,5,2,2,1.0,1.0
201000061229,0010-11-16 20:35:00,10,11,16,20,35,750,107,"61, RUE DE VARENNE",,,Nuit avec éclairage allumé,En agglomération,Intersection en X,Normale,Deux véhicules - arrière,,,,,,,,,,,5,2,2,1.0,2.0
201000061230,0010-11-17 13:00:00,10,11,17,13,0,750,107,"50, BOULEVARD DE LA TOUR",,,Plein jour,En agglomération,Intersection en X,Normale,Deux véhicules - côté,,,,,,,,,,,1,2,2,1.0,3.0
201000061231,0010-11-17 22:05:00,10,11,17,22,5,750,115,"75, AVENUE EMILE ZOLA",,,Nuit avec éclairage allumé,En agglomération,Hors intersection,Pluie légère,Sans collision,,,,,,,,,,,5,2,1,2.0,7.0
201000061232,0010-11-18 16:45:00,10,11,18,16,45,750,107,"33, QUAI D ORSAY",,,Plein jour,En agglomération,Intersection à plus de 4 branches,Normale,Deux véhicules - frontale,,,,,,,,,,,1,2,5,1.0,1.0
201000061233,0010-11-21 15:50:00,10,11,21,15,50,750,107,"59, QUAI BRANLY",,,Plein jour,En agglomération,Intersection en X,Pluie légère,Deux véhicules - arrière,,,,,,,,,,,1,2,2,2.0,2.0
201000061234,0010-11-21 20:55:00,10,11,21,20,55,750,107,"01, PLACE DE LA RESISTAN",,,Nuit sans éclairage public,En agglomération,Intersection à plus de 4 branches,Pluie légère,Deux véhicules - frontale,,,,,,,,,,,3,2,5,2.0,1.0
201000061235,0010-11-24 18:15:00,10,11,24,18,15,750,107,"36, BOULEVARD DES INVALI",,,Nuit avec éclairage allumé,En agglomération,Hors intersection,Normale,Sans collision,,,,,,,,,,,5,2,1,1.0,7.0
201000061236,0010-11-26 08:00:00,10,11,26,8,0,750,107,"42, RUE DE BABYLONE",,,Plein jour,En agglomération,Intersection en X,Normale,Autre collision,,,,,,,,,,,1,2,2,1.0,6.0
201000061237,0010-11-26 19:00:00,10,11,26,19,0,750,107,QUAI ANATOLE FRANCE,,,Nuit avec éclairage allumé,En agglomération,Intersection en T,Temps couvert,Deux véhicules - côté,,,,,,,,,,,5,2,3,8.0,3.0
201000061238,0010-11-26 22:30:00,10,11,26,22,30,750,107,QUAI BRANLY,,,Nuit avec éclairage allumé,En agglomération,Hors intersection,Temps couvert,Deux véhicules - côté,,,,,,,,,,,5,2,1,8.0,3.0
201000061239,0010-11-30 20:30:00,10,11,30,20,30,750,107,"201, BOULEVARD SAINT GER",,,Nuit avec éclairage allumé,En agglomération,Intersection en X,Normale,Deux véhicules - côté,,,,,,,,,,,5,2,2,1.0,3.0
201000061240,0010-12-01 15:25:00,10,12,1,15,25,750,107,"31, RUE DE BELLECHASSE",,,Plein jour,En agglomération,Intersection en T,Neige / grêle,Sans collision,,,,,,,,,,,1,2,3,4.0,7.0
201000061241,0010-12-03 11:10:00,10,12,3,11,10,750,107,"73, AVENUE DE LOWENDAL",,,Plein jour,En agglomération,Intersection en X,Normale,Deux véhicules - côté,,,,,,,,,,,1,2,2,1.0,3.0
201000061242,0010-12-03 16:15:00,10,12,3,16,15,750,107,"151, RUE DE L UNIVERSITE",,,Plein jour,En agglomération,Intersection en X,Normale,Deux véhicules - côté,,,,,,,,,,,1,2,2,1.0,3.0
201000061243,0010-12-06 15:00:00,10,12,6,15,0,750,107,"28, RUE DE VARENNE",,,Plein jour,En agglomération,Hors intersection,Temps couvert,Autre collision,,,,,,,,,,,1,2,1,8.0,6.0
201000061244,0010-12-07 11:55:00,10,12,7,11,55,750,107,"85, AVENUE DE LA BOURDON",,,Plein jour,En agglomération,Intersection en X,Neige / grêle,Autre collision,,,,,,,,,,,1,2,2,4.0,6.0
201000061245,0010-12-07 19:30:00,10,12,7,19,30,750,107,"50, RUE DE SEVRES",,,Nuit avec éclairage allumé,En agglomération,Hors intersection,Pluie légère,Autre collision,,,,,,,,,,,5,2,1,2.0,6.0
201000061246,0010-12-08 10:40:00,10,12,8,10,40,750,107,"42, RUE DU BAC",,,Plein jour,En agglomération,Intersection en X,Pluie légère,Autre collision,,,,,,,,,,,1,2,2,2.0,6.0
201000061247,0010-12-08 15:20:00,10,12,8,15,20,750,107,"71, QUAI BRANLY",,,Plein jour,En agglomération,Intersection à plus de 4 branches,Neige / grêle,Autre collision,,,,,,,,,,,1,2,5,4.0,6.0
201000061248,0010-12-09 18:55:00,10,12,9,18,55,750,107,"85, AVENUE DE LA BOURDON",,,Nuit avec éclairage allumé,En agglomération,Intersection en X,Autre,Autre collision,,,,,,,,,,,5,2,2,9.0,6.0
201000061249,0010-12-11 18:00:00,10,12,11,18,0,750,115,"25, AVENUE DE LOWENDAL",,,Nuit avec éclairage allumé,En agglomération,Intersection en X,Normale,Deux véhicules - côté,,,,,,,,,,,5,2,2,1.0,3.0
201000061250,0010-12-14 08:50:00,10,12,14,8,50,750,107,"57, RUE DE BELLECHASSE",,,Plein jour,En agglomération,Intersection en X,Normale,Autre collision,,,,,,,,,,,1,2,2,1.0,6.0
201000061251,0010-12-14 13:40:00,10,12,14,13,40,750,107,QUAI BRANLY,,,Plein jour,En agglomération,Intersection à plus de 4 branches,Normale,Autre collision,,,,,,,,,,,1,2,5,1.0,6.0
201000061252,0010-12-15 08:15:00,10,12,15,8,15,750,107,"205, BOULEVARD SAINT GER",,,Plein jour,En agglomération,Intersection en X,Normale,Autre collision,,,,,,,,,,,1,2,2,1.0,6.0
201000061253,0010-12-17 19:20:00,10,12,17,19,20,750,107,"29, RUE DES SAINTS PERES",,,Nuit avec éclairage allumé,En agglomération,Intersection en X,Temps couvert,Deux véhicules - arrière,,,,,,,,,,,5,2,2,8.0,2.0
201000061254,0010-12-19 00:20:00,10,12,19,0,20,750,107,PLACE DE LA RESISTANCE,,,Nuit avec éclairage allumé,En agglomération,Intersection en X,Neige / grêle,Sans collision,,,,,,,,,,,5,2,2,4.0,7.0
201000061255,0010-12-20 20:00:00,10,12,20,20,0,750,107,"30, AVENUE DE LA MOTTE P",,,Nuit sans éclairage public,En agglomération,Intersection en Y,Pluie légère,Deux véhicules - côté,,,,,,,,,,,3,2,4,2.0,3.0
201000061256,0010-12-28 20:20:00,10,12,28,20,20,750,107,"134, RUE DE GRENELLE",,,Nuit avec éclairage allumé,En agglomération,Intersection en X,Normale,Autre collision,,,,,,,,,,,5,2,2,1.0,6.0
201000061257,0010-01-01 21:15:00,10,1,1,21,15,750,108,RUE BALZAC,,,Nuit avec éclairage allumé,En agglomération,Intersection en X,Normale,Deux véhicules - côté,,,,,,,,,,,5,2,2,1.0,3.0
201000061258,0010-01-02 21:00:00,10,1,2,21,0,750,108,AVENUE DE FRIEDLAND,,,Nuit avec éclairage allumé,En agglomération,Intersection en X,Normale,Deux véhicules - arrière,,,,,,,,,,,5,2,2,1.0,2.0
201000061259,0010-01-05 15:45:00,10,1,5,15,45,750,108,PLACE DE LA CONCORDE,,,Plein jour,En agglomération,Intersection à plus de 4 branches,Normale,Deux véhicules - côté,,,,,,,,,,,1,2,5,1.0,3.0
201000061260,0010-01-05 16:55:00,10,1,5,16,55,750,108,"35, AVENUE PIERRE 1ER DE",,,Crépuscule ou aube,En agglomération,Intersection en T,Normale,Autre collision,,,,,,,,,,,2,2,3,1.0,6.0
201000061261,0010-01-05 19:15:00,10,1,5,19,15,750,108,PLACE DU HAVRE,,,Nuit avec éclairage allumé,En agglomération,Intersection à plus de 4 branches,Normale,Deux véhicules - côté,,,,,,,,,,,5,2,5,1.0,3.0
201000061262,0010-01-08 19:30:00,10,1,8,19,30,750,108,RUE DU FAUBOURG SAINT HO,,,Nuit avec éclairage allumé,En agglomération,Hors intersection,Temps couvert,Autre collision,,,,,,,,,,,5,2,1,8.0,6.0
201000061263,0010-01-11 17:00:00,10,1,11,17,0,750,108,PLACE DE L ALMA,,,Crépuscule ou aube,En agglomération,Intersection à plus de 4 branches,Normale,Deux véhicules - côté,,,,,,,,,,,2,2,5,1.0,3.0
201000061264,0010-01-13 11:33:00,10,1,13,11,33,750,108,"66, AVENUE DES CHAMPS EL",,,Plein jour,En agglomération,Intersection en X,Neige / grêle,Sans collision,,,,,,,,,,,1,2,2,4.0,7.0
201000061265,0010-01-13 19:35:00,10,1,13,19,35,750,108,"117, AVENUE DES CHAMPS E",,,Nuit avec éclairage allumé,En agglomération,Hors intersection,Normale,Sans collision,,,,,,,,,,,5,2,1,1.0,7.0
201000061266,0010-01-13 22:05:00,10,1,13,22,5,750,108,AVENUE MONTAIGNE,,,Nuit avec éclairage allumé,En agglomération,Intersection en T,Temps couvert,Autre collision,,,,,,,,,,,5,2,3,8.0,6.0
201000061267,0010-01-14 13:35:00,10,1,14,13,35,750,108,"16, RUE BAYARD",,,Plein jour,En agglomération,Intersection à plus de 4 branches,Normale,Autre collision,,,,,,,,,,,1,2,5,1.0,6.0
201000061268,0010-01-15 09:55:00,10,1,15,9,55,750,108,AVENUE MATIGNON,,,Plein jour,En agglomération,Hors intersection,Normale,Deux véhicules - côté,,,,,,,,,,,1,2,1,1.0,3.0
201000061269,0010-01-16 14:30:00,10,1,16,14,30,750,108,AVENUE DES CHAMPS ELYSEE,,,Plein jour,En agglomération,Hors intersection,Pluie légère,Deux véhicules - arrière,,,,,,,,,,,1,2,1,2.0,2.0
201000061270,0010-01-16 17:20:00,10,1,16,17,20,750,108,RUE DE COURCELLES,,,Nuit avec éclairage allumé,En agglomération,Intersection en X,Pluie légère,Autre collision,,,,,,,,,,,5,2,2,2.0,6.0
201000061271,0010-01-17 22:47:00,10,1,17,22,47,750,108,PLACE DE L ALMA,,,Nuit avec éclairage allumé,En agglomération,Intersection à plus de 4 branches,Normale,Deux véhicules - côté,,,,,,,,,,,5,2,5,1.0,3.0
201000061272,0010-01-19 21:20:00,10,1,19,21,20,750,108,"95, RUE DU FAUBOURG SAIN",,,Nuit avec éclairage allumé,En agglomération,Intersection à plus de 4 branches,Normale,Autre collision,,,,,,,,,,,5,2,5,1.0,6.0
201000061273,0010-01-19 23:40:00,10,1,19,23,40,750,108,RUE DE L ARCADE,,,Nuit avec éclairage allumé,En agglomération,Intersection en X,Normale,Deux véhicules - côté,,,,,,,,,,,5,2,2,1.0,3.0
201000061274,0010-01-20 15:05:00,10,1,20,15,5,750,108,AVENUE DES CHAMPS ELYSEE,,,Plein jour,En agglomération,Hors intersection,Pluie légère,Sans collision,,,,,,,,,,,1,2,1,2.0,7.0
201000061275,0010-01-20 22:20:00,10,1,20,22,20,750,117,RUE DE COURCELLES,,,Nuit avec éclairage allumé,En agglomération,Intersection à plus de 4 branches,Pluie légère,Deux véhicules - côté,,,,,,,,,,,5,2,5,2.0,3.0
201000061276,0010-01-23 01:15:00,10,1,23,1,15,750,108,"122, AVENUE DES CHAMPS E",,,Nuit avec éclairage allumé,En agglomération,Intersection en X,Normale,Deux véhicules - arrière,,,,,,,,,,,5,2,2,1.0,2.0
201000061277,0010-01-24 15:45:00,10,1,24,15,45,750,108,"131, AVENUE DES CHAMPS E",,,Plein jour,En agglomération,Intersection à plus de 4 branches,Temps couvert,Autre collision,,,,,,,,,,,1,2,5,8.0,6.0
201000061278,0010-01-25 11:15:00,10,1,25,11,15,750,108,PLACE DE L EUROPE,,,Plein jour,En agglomération,Intersection à plus de 4 branches,Normale,Sans collision,,,,,,,,,,,1,2,5,1.0,7.0
201000061279,0010-01-25 22:30:00,10,1,25,22,30,750,108,"13, AVENUE MONTAIGNE",,,Nuit avec éclairage allumé,En agglomération,Intersection à plus de 4 branches,Normale,Deux véhicules - arrière,,,,,,,,,,,5,2,5,1.0,2.0
201000061280,0010-01-27 01:15:00,10,1,27,1,15,750,108,ROND POINT CHAMPS ELYSEE,,,Nuit avec éclairage allumé,En agglomération,Intersection à plus de 4 branches,Normale,Deux véhicules - côté,,,,,,,,,,,5,2,5,1.0,3.0
201000061281,0010-01-27 09:20:00,10,1,27,9,20,750,108,RUE ROQUEPINE,,,Plein jour,En agglomération,Intersection en X,Normale,Autre collision,,,,,,,,,,,1,2,2,1.0,6.0
201000061282,0010-01-27 13:45:00,10,1,27,13,45,750,108,COURS LA REINE,,,Plein jour,En agglomération,Hors intersection,Normale,Sans collision,,,,,,,,,,,1,2,1,1.0,7.0
201000061283,0010-01-27 18:25:00,10,1,27,18,25,750,108,"126, BOULEVARD HAUSSMANN",,,Nuit avec éclairage allumé,En agglomération,Hors intersection,Normale,Autre collision,,,,,,,,,,,5,2,1,1.0,6.0
201000061284,0010-01-28 02:12:00,10,1,28,2,12,750,108,RUE DE LA PEPINIERE,,,Nuit avec éclairage allumé,En agglomération,Intersection à plus de 4 branches,Pluie légère,Deux véhicules - côté,,,,,,,,,,,5,2,5,2.0,3.0
201000061285,0010-02-02 12:50:00,10,2,2,12,50,750,108,"17, RUE DU FAUBOURG SAIN",,,Plein jour,En agglomération,Intersection en X,Pluie légère,Deux véhicules - côté,,,,,,,,,,,1,2,2,2.0,3.0
201000061286,0010-02-03 11:00:00,10,2,3,11,0,750,108,"44, RUE DE ROME",,,Plein jour,En agglomération,Intersection en T,Temps couvert,Autre collision,,,,,,,,,,,1,2,3,8.0,6.0
201000061287,0010-02-06 11:05:00,10,2,6,11,5,750,108,PLACE DE L ALMA,,,Plein jour,En agglomération,Intersection à plus de 4 branches,Pluie forte,Deux véhicules - arrière,,,,,,,,,,,1,2,5,3.0,2.0
201000061288,0010-02-06 21:15:00,10,2,6,21,15,750,108,"37, BOULEVARD DES BATIGN",,,Nuit avec éclairage allumé,En agglomération,Hors intersection,Temps couvert,Autre collision,,,,,,,,,,,5,2,1,8.0,6.0
201000061289,0010-02-07 08:06:00,10,2,7,8,6,750,108,RUE DE TILSITT,,,Plein jour,En agglomération,Intersection en X,Pluie légère,Autre collision,,,,,,,,,,,1,2,2,2.0,6.0
201000061290,0010-02-08 15:15:00,10,2,8,15,15,750,108,"1, RUE DE BERRI",,,Plein jour,En agglomération,Intersection en X,Pluie légère,Autre collision,,,,,,,,,,,1,2,2,2.0,6.0
201000061291,0010-02-08 20:45:00,10,2,8,20,45,750,108,"19, RUE DE ROME",,,Nuit avec éclairage allumé,En agglomération,Hors intersection,Normale,Autre collision,,,,,,,,,,,5,2,1,1.0,6.0
201000061292,0010-02-08 23:47:00,10,2,8,23,47,750,108,AVENUE DES CHAMPS ELYSEE,,,Nuit avec éclairage allumé,En agglomération,Intersection en X,Normale,Deux véhicules - côté,,,,,,,,,,,5,2,2,1.0,3.0