accident_id,datetime,annee,mois,jour,heure,minute,departement,commune_insee,adresse,latitude,longitude,luminosite,agglomeration,intersection,meteo,collision,nb_vehicules,nb_usagers,nb_indemnes,nb_tues,nb_blesses_hosp,nb_blesses_legers,age_cond_1,age_cond_2,veh_type_cond_1,veh_type_cond_2,lum_code,agg_code,int_code,atm_code,col_code
201000061293,0010-02-10 14:45:00,10,2,10,14,45,750,108,"3, AVENUE GEORGE V",,,Plein jour,En agglomération,Hors intersection,Pluie légère,Deux véhicules - côté,,,,,,,,,,,1,2,1,2.0,3.0
201000061294,0010-02-10 18:30:00,10,2,10,18,30,750,108,"134, RUE DU FAUBOURG SAI",,,Plein jour,En agglomération,Intersection en X,Neige / grêle,Deux véhicules - côté,,,,,,,,,,,1,2,2,4.0,3.0
201000061295,0010-02-10 21:15:00,10,2,10,21,15,750,108,"000, RUE VERNET",,,Nuit avec éclairage allumé,En agglomération,Intersection en X,Normale,Autre collision,,,,,,,,,,,5,2,2,1.0,6.0
201000061296,0010-02-12 16:55:00,10,2,12,16,55,750,108,"78, RUE DE ROME",,,Plein jour,En agglomération,Intersection en T,Normale,Autre collision,,,,,,,,,,,1,2,3,1.0,6.0
201000061297,0010-02-12 20:30:00,10,2,12,20,30,750,108,"47, AVENUE HOCHE",,,Nuit avec éclairage allumé,En agglomération,Intersection en X,Normale,Deux véhicules - côté,,,,,,,,,,,5,2,2,1.0,3.0
201000061298,0010-02-13 00:56:00,10,2,13,0,56,750,108,"98, RUE LA BOETIE",,,Nuit avec éclairage allumé,En agglomération,Intersection en T,Normale,Deux véhicules - arrière,,,,,,,,,,,5,2,3,1.0,2.0
201000061299,0010-02-15 13:00:00,10,2,15,13,0,750,108,"29, AVENUE FRANKLIN D RO",,,Plein jour,En agglomération,Intersection en T,Normale,Deux véhicules - côté,,,,,,,,,,,1,2,3,1.0,3.0
201000061300,0010-02-17 11:45:00,10,2,17,11,45,750,108,AVENUE DE FRIEDLAND,,,Plein jour,En agglomération,Hors intersection,Pluie légère,Trois véhicules et plus - en chaîne,,,,,,,,,,,1,2,1,2.0,4.0
201000061301,0010-02-18 19:30:00,10,2,18,19,30,750,108,"1, PLACE GEORGES GUILLAU",,,Nuit avec éclairage allumé,En agglomération,Intersection en X,Pluie légère,Autre collision,,,,,,,,,,,5,2,2,2.0,6.0
201000061302,0010-02-18 18:15:00,10,2,18,18,15,750,108,"12, AVENUE MARCEAU",,,Nuit avec éclairage allumé,En agglomération,Intersection en Y,Normale,Deux véhicules - côté,,,,,,,,,,,5,2,4,1.0,3.0
201000061303,0010-02-18 22:00:00,10,2,18,22,0,750,108,"39, RUE FRANCOIS 1ER",,,Nuit sans éclairage public,En agglomération,Intersection en X,Normale,Autre collision,,,,,,,,,,,3,2,2,1.0,6.0
201000061304,0010-02-19 22:00:00,10,2,19,22,0,750,108,PONT DE LA CONCORDE,,,Nuit avec éclairage allumé,En agglomération,Intersection à plus de 4 branches,Normale,Autre collision,,,,,,,,,,,5,2,5,1.0,6.0
201000061305,0010-02-20 10:35:00,10,2,20,10,35,750,108,PLACE DE LA CONCORDE,,,Plein jour,En agglomération,Hors intersection,Temps couvert,Sans collision,,,,,,,,,,,1,2,1,8.0,7.0
201000061306,0010-02-20 19:30:00,10,2,20,19,30,750,108,"15, RUE DE MIROMESNIL",,,Nuit avec éclairage allumé,En agglomération,Hors intersection,Normale,Autre collision,,,,,,,,,,,5,2,1,1.0,6.0
201000061307,0010-02-22 08:30:00,10,2,22,8,30,750,108,"62, RUE DE COURCELLES",,,Plein jour,En agglomération,Intersection en Y,Normale,Deux véhicules - côté,,,,,,,,,,,1,2,4,1.0,3.0
201000061308,0010-02-22 22:40:00,10,2,22,22,40,750,108,"22, RUE JEAN MERMOZ",,,Nuit avec éclairage allumé,En agglomération,Hors intersection,Pluie légère,Autre collision,,,,,,,,,,,5,2,1,2.0,6.0
201000061309,0010-02-24 19:15:00,10,2,24,19,15,750,108,SOUTERRAIN ALMA,,,Nuit avec éclairage allumé,En agglomération,Hors intersection,Pluie légère,Deux véhicules - côté,,,,,,,,,,,5,2,1,2.0,3.0
201000061310,0010-02-25 09:40:00,10,2,25,9,40,750,108,"11, PLACE DE LA MADELEIN",,,Plein jour,En agglomération,Hors intersection,Pluie légère,Sans collision,,,,,,,,,,,1,2,1,2.0,7.0
201000061311,0010-03-01 11:15:00,10,3,1,11,15,750,108,"34, AVENUE PIERRE 1ER DE",,,Plein jour,En agglomération,Intersection en T,Normale,Sans collision,,,,,,,,,,,1,2,3,1.0,7.0
201000061312,0010-03-01 13:25:00,10,3,1,13,25,750,108,"36, RUE FRANCOIS 1ER",,,Plein jour,En agglomération,Intersection en T,Normale,Autre collision,,,,,,,,,,,1,2,3,1.0,6.0
201000061313,0010-03-02 09:05:00,10,3,2,9,5,750,108,AVENUE DES CHAMPS ELYSEE,,,Plein jour,En agglomération,Intersection en X,Normale,Deux véhicules - arrière,,,,,,,,,,,1,2,2,1.0,2.0
201000061314,0010-03-02 10:30:00,10,3,2,10,30,750,108,"80, BOULEVARD HAUSSMANN",,,Plein jour,En agglomération,Hors intersection,Normale,Trois véhicules et plus - en chaîne,,,,,,,,,,,1,2,1,1.0,4.0
201000061315,0010-03-02 16:15:00,10,3,2,16,15,750,108,"21, RUE D AMSTERDAM",,,Plein jour,En agglomération,Intersection à plus de 4 branches,Normale,Autre collision,,,,,,,,,,,1,2,5,1.0,6.0
201000061316,0010-03-04 20:02:00,10,3,4,20,2,750,108,BOULEVARD MALESHERBES,,,Nuit avec éclairage allumé,En agglomération,Intersection en X,Normale,Deux véhicules - côté,,,,,,,,,,,5,2,2,1.0,3.0
201000061317,0010-10-16 23:50:00,10,10,16,23,50,750,108,"142, AVENUE DES CHAMPS E",,,Nuit avec éclairage allumé,En agglomération,Intersection en Y,Normale,Sans collision,,,,,,,,,,,5,2,4,1.0,7.0
201000061318,0010-03-06 07:25:00,10,3,6,7,25,750,108,AVENUE MATIGNON,,,Plein jour,En agglomération,Intersection en X,Normale,Autre collision,,,,,,,,,,,1,2,2,1.0,6.0
201000061319,0010-10-30 05:25:00,10,10,30,5,25,750,108,"93, AVENUE DES CHAMPS EL",,,Nuit avec éclairage allumé,En agglomération,Intersection en X,Pluie légère,Deux véhicules - côté,,,,,,,,,,,5,2,2,2.0,3.0
201000061320,0010-03-08 17:00:00,10,3,8,17,0,750,108,"67, RUE PIERRE CHARRON",,,Plein jour,En agglomération,Hors intersection,Normale,Autre collision,,,,,,,,,,,1,2,1,1.0,6.0
201000061321,0010-03-09 14:35:00,10,3,9,14,35,750,108,"51, AVENUE GEORGE V",,,Plein jour,En agglomération,Intersection en X,Normale,Deux véhicules - côté,,,,,,,,,,,1,2,2,1.0,3.0
201000061322,0010-03-09 18:30:00,10,3,9,18,30,750,108,"20 BIS, RUE LA BOETIE",,,Plein jour,En agglomération,Hors intersection,Normale,Deux véhicules - arrière,,,,,,,,,,,1,2,1,1.0,2.0
201000061323,0010-03-10 12:10:00,10,3,10,12,10,750,108,"156, BOULEVARD HAUSSMANN",,,Plein jour,En agglomération,Hors intersection,Normale,Deux véhicules - côté,,,,,,,,,,,1,2,1,1.0,3.0
201000061324,0010-03-11 18:10:00,10,3,11,18,10,750,108,"2, PLACE DE L ALMA",,,Plein jour,En agglomération,Intersection à plus de 4 branches,Normale,Deux véhicules - côté,,,,,,,,,,,1,2,5,1.0,3.0
201000061325,0010-03-11 23:55:00,10,3,11,23,55,750,108,BOULEVARD HAUSSMANN,,,Nuit avec éclairage allumé,En agglomération,Intersection en X,Normale,Deux véhicules - côté,,,,,,,,,,,5,2,2,1.0,3.0
201000061326,0010-03-10 13:55:00,10,3,10,13,55,750,108,"2, AVENUE HOCHE",,,Plein jour,En agglomération,Hors intersection,Normale,Deux véhicules - frontale,,,,,,,,,,,1,2,1,1.0,1.0
201000061327,0010-03-14 03:05:00,10,3,14,3,5,750,108,"1, PLACE SAINT AUGUSTIN",,,Nuit avec éclairage allumé,En agglomération,Intersection à plus de 4 branches,Normale,Deux véhicules - côté,,,,,,,,,,,5,2,5,1.0,3.0
201000061328,0010-03-15 09:30:00,10,3,15,9,30,750,108,VOIE GEORGES POMPIDOU,,,Plein jour,En agglomération,Hors intersection,Normale,Deux véhicules - côté,,,,,,,,,,,1,2,1,1.0,3.0
201000061329,0010-03-16 09:15:00,10,3,16,9,15,750,108,"13, RUE DE TURIN",,,Plein jour,En agglomération,Hors intersection,Normale,Autre collision,,,,,,,,,,,1,2,1,1.0,6.0
201000061330,0010-03-16 12:00:00,10,3,16,12,0,750,108,ROND POINT CHAMPS ELYSEE,,,Plein jour,En agglomération,Intersection à plus de 4 branches,Normale,Deux véhicules - côté,,,,,,,,,,,1,2,5,1.0,3.0
201000061331,0010-03-16 17:30:00,10,3,16,17,30,750,108,"2, RUE PORTALIS",,,Plein jour,En agglomération,Intersection à plus de 4 branches,Normale,Autre collision,,,,,,,,,,,1,2,5,1.0,6.0
201000061332,0010-03-16 19:55:00,10,3,16,19,55,750,108,SOUTERRAIN ALMA,,,Nuit avec éclairage allumé,En agglomération,Hors intersection,Normale,Trois véhicules et plus - en chaîne,,,,,,,,,,,5,2,1,1.0,4.0
201000061333,0010-03-17 12:35:00,10,3,17,12,35,750,108,"2, AVENUE MONTAIGNE",,,Plein jour,En agglomération,Hors intersection,Normale,Autre collision,,,,,,,,,,,1,2,1,1.0,6.0
201000061334,0010-03-20 11:45:00,10,3,20,11,45,750,108,"4, AVENUE DE WAGRAM",,,Plein jour,En agglomération,Intersection en X,Pluie légère,Autre collision,,,,,,,,,,,1,2,2,2.0,6.0
201000061335,0010-03-23 08:20:00,10,3,23,8,20,750,108,"178, RUE DU FAUBOURG SAI",,,Plein jour,En agglomération,Intersection en X,Normale,Autre collision,,,,,,,,,,,1,2,2,1.0,6.0
201000061336,0010-03-23 12:30:00,10,3,23,12,30,750,108,"15, RUE BEAUJON",,,Plein jour,En agglomération,Hors intersection,Normale,Deux véhicules - côté,,,,,,,,,,,1,2,1,1.0,3.0
201000061337,0010-03-25 08:40:00,10,3,25,8,40,750,108,"55, BOULEVARD MALESHERBE",,,Plein jour,En agglomération,Intersection en X,Normale,Deux véhicules - côté,,,,,,,,,,,1,2,2,1.0,3.0
201000061338,0010-03-25 12:15:00,10,3,25,12,15,750,108,ROND POINT CHAMPS ELYSEE,,,Plein jour,En agglomération,Intersection à plus de 4 branches,Pluie légère,Deux véhicules - côté,,,,,,,,,,,1,2,5,2.0,3.0
201000061339,0010-03-25 15:15:00,10,3,25,15,15,750,108,PLACE CHARLES DE GAULLE,,,Plein jour,En agglomération,Hors intersection,Normale,Deux véhicules - côté,,,,,,,,,,,1,2,1,1.0,3.0
201000061340,0010-03-26 08:30:00,10,3,26,8,30,750,108,"127, BOULEVARD HAUSSMANN",,,Plein jour,En agglomération,Hors intersection,Temps couvert,Deux véhicules - côté,,,,,,,,,,,1,2,1,8.0,3.0
201000061341,0010-03-19 13:00:00,10,3,19,13,0,750,108,PLACE DE L ALMA,,,Plein jour,En agglomération,Intersection à plus de 4 branches,Normale,Autre collision,,,,,,,,,,,1,2,5,1.0,6.0
201000061342,0010-03-27 20:55:00,10,3,27,20,55,750,108,"54, RUE DE ROME",,,Nuit avec éclairage allumé,En agglomération,Intersection à plus de 4 branches,Pluie légère,Autre collision,,,,,,,,,,,5,2,5,2.0,6.0
201000061343,0010-03-27 23:05:00,10,3,27,23,5,750,116,ALLEE DE LONGCHAMP,,,Nuit avec éclairage allumé,Hors agglomération,Intersection à plus de 4 branches,Normale,Sans collision,,,,,,,,,,,5,1,5,1.0,7.0
201000061344,0010-03-28 06:45:00,10,3,28,6,45,750,108,"07, RUE D ASTORG",,,Crépuscule ou aube,En agglomération,Hors intersection,Normale,Autre collision,,,,,,,,,,,2,2,1,1.0,6.0
201000061345,0010-03-29 22:55:00,10,3,29,22,55,750,108,"25, RUE CLAPEYRON",,,Nuit avec éclairage allumé,En agglomération,Intersection en X,Normale,Autre collision,,,,,,,,,,,5,2,2,1.0,6.0
201000061346,0010-03-30 04:00:00,10,3,30,4,0,750,108,PLACE DE LA CONCORDE,,,Nuit avec éclairage allumé,En agglomération,Intersection à plus de 4 branches,Pluie légère,Autre collision,,,,,,,,,,,5,2,5,2.0,6.0
201000061347,0010-03-31 18:50:00,10,3,31,18,50,750,108,BOULEVARD HAUSSMANN,,,Plein jour,En agglomération,Intersection à plus de 4 branches,Normale,Deux véhicules - côté,,,,,,,,,,,1,2,5,1.0,3.0
201000061348,0010-04-01 10:20:00,10,4,1,10,20,750,108,"69, BOULEVARD MALESHERBE",,,Plein jour,En agglomération,Hors intersection,Normale,Autre collision,,,,,,,,,,,1,2,1,1.0,6.0
201000061349,0010-04-04 06:13:00,10,4,4,6,13,750,108,"1, AVENUE WINSTON CHURCH",,,Crépuscule ou aube,En agglomération,Intersection à plus de 4 branches,Pluie légère,Autre collision,,,,,,,,,,,2,2,5,2.0,6.0
201000061350,0010-04-05 16:25:00,10,4,5,16,25,750,108,"0, RUE PASQUIER",,,Plein jour,En agglomération,Intersection en T,Normale,Autre collision,,,,,,,,,,,1,2,3,1.0,6.0
201000061351,0010-04-06 09:00:00,10,4,6,9,0,750,108,AVENUE DES CHAMPS ELYSEE,,,Plein jour,En agglomération,Hors intersection,Normale,Deux véhicules - côté,,,,,,,,,,,1,2,1,1.0,3.0
201000061352,0010-04-06 11:45:00,10,4,6,11,45,750,108,"67, BOULEVARD DE COURCEL",,,Plein jour,Hors agglomération,Intersection en T,Normale,Deux véhicules - côté,,,,,,,,,,,1,1,3,1.0,3.0
201000061353,0010-04-06 16:58:00,10,4,6,16,58,750,108,RUE TRONCHET,,,Plein jour,En agglomération,Intersection en X,Normale,Deux véhicules - côté,,,,,,,,,,,1,2,2,1.0,3.0
201000061354,0010-04-07 12:30:00,10,4,7,12,30,750,108,"23, AVENUE FRANKLIN D RO",,,Plein jour,En agglomération,Intersection en X,Normale,Deux véhicules - côté,,,,,,,,,,,1,2,2,1.0,3.0
201000061355,0010-04-08 08:04:00,10,4,8,8,4,750,108,AVENUE DES CHAMPS ELYSEE,,,Plein jour,En agglomération,Hors intersection,Pluie légère,Sans collision,,,,,,,,,,,1,2,1,2.0,7.0
201000061356,0010-04-08 18:40:00,10,4,8,18,40,750,108,"41, AVENUE GEORGE V",,,Plein jour,En agglomération,Intersection à plus de 4 branches,Normale,Autre collision,,,,,,,,,,,1,2,5,1.0,6.0
201000061357,0010-04-09 09:25:00,10,4,9,9,25,750,108,"0, RUE DE ROME",,,Plein jour,En agglomération,Intersection en T,Normale,Deux véhicules - côté,,,,,,,,,,,1,2,3,1.0,3.0
201000061358,0010-04-09 17:10:00,10,4,9,17,10,750,108,"45, AVENUE GEORGE V",,,Plein jour,En agglomération,Hors intersection,Normale,Autre collision,,,,,,,,,,,1,2,1,1.0,6.0
201000061359,0010-04-10 14:30:00,10,4,10,14,30,750,108,"4, PLACE DE LA CONCORDE",,,Plein jour,En agglomération,Intersection à plus de 4 branches,Normale,Deux véhicules - côté,,,,,,,,,,,1,2,5,1.0,3.0
201000061360,0010-04-12 07:05:00,10,4,12,7,5,750,108,"111, RUE SAINT LAZARE",,,Plein jour,En agglomération,Hors intersection,Normale,Autre collision,,,,,,,,,,,1,2,1,1.0,6.0
201000061361,0010-04-12 09:25:00,10,4,12,9,25,750,108,"119, AVENUE DES CHAMPS E",,,Plein jour,En agglomération,Intersection en X,Normale,Trois véhicules et plus - en chaîne,,,,,,,,,,,1,2,2,1.0,4.0
201000061362,0010-04-12 09:30:00,10,4,12,9,30,750,108,"28, RUE DE LABORDE",,,Plein jour,En agglomération,Intersection en T,Normale,Deux véhicules - côté,,,,,,,,,,,1,2,3,1.0,3.0
201000061363,0010-04-12 18:35:00,10,4,12,18,35,750,108,"34, RUE FRANCOIS 1ER",,,Plein jour,En agglomération,Intersection en T,Normale,Deux véhicules - côté,,,,,,,,,,,1,2,3,1.0,3.0
201000061364,0010-04-13 18:00:00,10,4,13,18,0,750,108,"225, RUE DU FAUBOURG SAI",,,Plein jour,En agglomération,Hors intersection,Normale,Trois véhicules et plus - en chaîne,,,,,,,,,,,1,2,1,1.0,4.0
201000061365,0010-04-14 11:00:00,10,4,14,11,0,750,108,"40, AVENUE DE FRIEDLAND",,,Plein jour,En agglomération,Intersection en X,Normale,Deux véhicules - côté,,,,,,,,,,,1,2,2,1.0,3.0
201000061366,0010-04-15 08:55:00,10,4,15,8,55,750,108,RUE DU HAVRE,,,Plein jour,En agglomération,Intersection à plus de 4 branches,Normale,Deux véhicules - arrière,,,,,,,,,,,1,2,5,1.0,2.0
201000061367,0010-04-15 10:46:00,10,4,15,10,46,750,108,"15, RUE D AMSTERDAM",,,Plein jour,En agglomération,Hors intersection,Normale,Autre collision,,,,,,,,,,,1,2,1,1.0,6.0
201000061368,0010-04-15 09:50:00,10,4,15,9,50,750,108,"40, AVENUE DE WAGRAM",,,Plein jour,En agglomération,Hors intersection,Normale,Deux véhicules - côté,,,,,,,,,,,1,2,1,1.0,3.0
201000061369,0010-04-15 10:15:00,10,4,15,10,15,750,108,"10, RUE DE VIENNE",,,Plein jour,En agglomération,Intersection à plus de 4 branches,Normale,Autre collision,,,,,,,,,,,1,2,5,1.0,6.0
201000061370,0010-04-15 15:00:00,10,4,15,15,0,750,108,"70, BOULEVARD MALESHERBE",,,Plein jour,En agglomération,Intersection en X,Normale,Deux véhicules - côté,,,,,,,,,,,1,2,2,1.0,3.0
201000061371,0010-04-16 07:00:00,10,4,16,7,0,750,108,"31, RUE DE COURCELLES",,,Plein jour,En agglomération,Hors intersection,Normale,Sans collision,,,,,,,,,,,1,2,1,1.0,7.0
201000061372,0010-04-16 16:04:00,10,4,16,16,4,750,108,"77, BOULEVARD MALESHERBE",,,Plein jour,En agglomération,Hors intersection,Normale,Deux véhicules - côté,,,,,,,,,,,1,2,1,1.0,3.0
201000061373,0010-04-16 15:00:00,10,4,16,15,0,750,108,"73, AVENUE FRANKLIN D RO",,,Plein jour,En agglomération,Intersection à plus de 4 branches,Normale,Deux véhicules - côté,,,,,,,,,,,1,2,5,1.0,3.0
201000061374,0010-04-17 20:40:00,10,4,17,20,40,750,108,PLACE DU CANADA,,,Nuit avec éclairage allumé,En agglomération,Intersection à plus de 4 branches,Normale,Autre collision,,,,,,,,,,,5,2,5,1.0,6.0
201000061375,0010-04-19 16:30:00,10,4,19,16,30,750,108,"38, AVENUE DE WAGRAM",,,Plein jour,En agglomération,Hors intersection,Normale,Trois véhicules et plus - collisions multiples,,,,,,,,,,,1,2,1,1.0,5.0
201000061376,0010-04-20 09:00:00,10,4,20,9,0,750,108,PLACE DE LA CONCORDE,,,Plein jour,En agglomération,Place,Normale,Sans collision,,,,,,,,,,,1,2,7,1.0,7.0
201000061377,0010-04-20 15:30:00,10,4,20,15,30,750,108,RUE DE LA TREMOILLE,,,Plein jour,En agglomération,Intersection en X,Normale,Deux véhicules - côté,,,,,,,,,,,1,2,2,1.0,3.0
201000061378,0010-04-21 15:30:00,10,4,21,15,30,750,108,"0, RUE DE PENTHIEVRE",,,Plein jour,En agglomération,Intersection en X,Normale,Deux véhicules - côté,,,,,,,,,,,1,2,2,1.0,3.0
201000061379,0010-04-21 17:25:00,10,4,21,17,25,750,108,"9, BOULEVARD MALESHERBES",,,Plein jour,En agglomération,Intersection à plus de 4 branches,Normale,Trois véhicules et plus - collisions multiples,,,,,,,,,,,1,2,5,1.0,5.0
201000061380,0010-04-22 11:00:00,10,4,22,11,0,750,108,RUE JEAN MERMOZ,,,Plein jour,En agglomération,Intersection en X,Normale,Deux véhicules - côté,,,,,,,,,,,1,2,2,1.0,3.0
201000061381,0010-04-23 10:20:00,10,4,23,10,20,750,108,"31, RUE TRONCHET",,,Plein jour,En agglomération,Intersection en Y,Normale,Deux véhicules - côté,,,,,,,,,,,1,2,4,1.0,3.0
201000061382,0010-04-23 13:03:00,10,4,23,13,3,750,108,"26, ARCADES DES CHAMPS E",,,Plein jour,En agglomération,Hors intersection,Normale,Autre collision,,,,,,,,,,,1,2,1,1.0,6.0
201000061383,0010-04-24 13:15:00,10,4,24,13,15,750,108,"33, RUE DE ROME",,,Plein jour,En agglomération,Intersection en T,Normale,Deux véhicules - côté,,,,,,,,,,,1,2,3,1.0,3.0
201000061384,0010-04-24 17:00:00,10,4,24,17,0,750,108,RUE VIGNON,,,Plein jour,En agglomération,Intersection à plus de 4 branches,Normale,Autre collision,,,,,,,,,,,1,2,5,1.0,6.0
201000061385,0010-04-24 20:30:00,10,4,24,20,30,750,108,"177, RUE DU FAUBOURG SAI",,,Crépuscule ou aube,En agglomération,Hors intersection,Normale,Autre collision,,,,,,,,,,,2,2,1,1.0,6.0
201000061386,0010-04-25 16:50:00,10,4,25,16,50,750,108,COURS ALBERT 1ER,,,Plein jour,En agglomération,Intersection à plus de 4 branches,Normale,Autre collision,,,,,,,,,,,1,2,5,1.0,6.0
201000061387,0010-04-25 22:10:00,10,4,25,22,10,750,108,PLACE DE LA CONCORDE,,,Nuit avec éclairage allumé,En agglomération,Intersection à plus de 4 branches,Normale,Deux véhicules - côté,,,,,,,,,,,5,2,5,1.0,3.0
201000061388,0010-04-26 17:20:00,10,4,26,17,20,750,108,"20, AVENUE DES CHAMPS EL",,,Plein jour,En agglomération,Intersection à plus de 4 branches,Normale,Deux véhicules - côté,,,,,,,,,,,1,2,5,1.0,3.0
201000061389,0010-04-27 10:55:00,10,4,27,10,55,750,108,PLACE BEAUVAU,,,Plein jour,En agglomération,Intersection à plus de 4 branches,Normale,Autre collision,,,,,,,,,,,1,2,5,1.0,6.0
201000061390,0010-04-27 17:30:00,10,4,27,17,30,750,108,PLACE DE LA CONCORDE,,,Plein jour,En agglomération,Intersection à plus de 4 branches,Normale,Sans collision,,,,,,,,,,,1,2,5,1.0,7.0
201000061391,0010-04-29 19:30:00,10,4,29,19,30,750,108,"55, BOULEVARD DE COURCEL",,,Plein jour,En agglomération,Intersection à plus de 4 branches,Normale,Deux véhicules - arrière,,,,,,,,,,,1,2,5,1.0,2.0
201000061392,0010-04-29 21:00:00,10,4,29,21,0,750,108,PLACE CHARLES DE GAULLE,,,Nuit avec éclairage allumé,En agglomération,Intersection à plus de 4 branches,Normale,Sans collision,,,,,,,,,,,5,2,5,1.0,7.0
201000061393,0010-04-29 23:25:00,10,4,29,23,25,750,108,"27, RUE DU COLISEE",,,Nuit avec éclairage allumé,En agglomération,Intersection en X,Normale,Autre collision,,,,,,,,,,,5,2,2,1.0,6.0
201000061394,0010-04-30 07:30:00,10,4,30,7,30,750,108,"43, AVENUE GEORGE V",,,Crépuscule ou aube,En agglomération,Hors intersection,Temps couvert,Deux véhicules - côté,,,,,,,,,,,2,2,1,8.0,3.0
201000061395,0010-04-30 17:05:00,10,4,30,17,5,750,101,QUAI DES TUILERIES,,,Plein jour,En agglomération,Hors intersection,Normale,Sans collision,,,,,,,,,,,1,2,1,1.0,7.0
201000061396,0010-04-30 13:30:00,10,4,30,13,30,750,108,PONT DE L ALMA,,,Plein jour,En agglomération,Intersection à plus de 4 branches,Normale,Sans collision,,,,,,,,,,,1,2,5,1.0,7.0
201000061397,0010-05-02 00:17:00,10,5,2,0,17,750,108,"1, AVENUE DE MARIGNY",,,Nuit avec éclairage allumé,En agglomération,Intersection en X,Pluie légère,Sans collision,,,,,,,,,,,5,2,2,2.0,7.0
201000061398,0010-05-02 12:40:00,10,5,2,12,40,750,108,", RUE DE ROME",,,Plein jour,En agglomération,Intersection en T,Normale,Deux véhicules - arrière,,,,,,,,,,,1,2,3,1.0,2.0
201000061399,0010-05-03 17:20:00,10,5,3,17,20,750,108,"2, PLACE DE LA CONCORDE",,,Plein jour,En agglomération,Hors intersection,Temps couvert,Deux véhicules - arrière,,,,,,,,,,,1,2,1,8.0,2.0
201000061400,0010-04-16 06:05:00,10,4,16,6,5,750,108,"50, AVENUE DES CHAMPS EL",,,Crépuscule ou aube,En agglomération,Intersection en X,Normale,Sans collision,,,,,,,,,,,2,2,2,1.0,7.0
201000061401,0010-05-04 22:41:00,10,5,4,22,41,750,108,"4, PLACE DE LA CONCORDE",,,Nuit avec éclairage allumé,En agglomération,Intersection à plus de 4 branches,Normale,Deux véhicules - côté,,,,,,,,,,,5,2,5,1.0,3.0
201000061402,0010-05-05 08:50:00,10,5,5,8,50,750,108,"109, AVENUE DES CHAMPS E",,,Plein jour,En agglomération,Intersection en X,Normale,Sans collision,,,,,,,,,,,1,2,2,1.0,7.0
201000061403,0010-05-05 19:30:00,10,5,5,19,30,750,108,PLACE DE LA CONCORDE,,,Plein jour,En agglomération,Intersection à plus de 4 branches,Normale,Sans collision,,,,,,,,,,,1,2,5,1.0,7.0
201000061404,0010-05-05 19:05:00,10,5,5,19,5,750,108,"72, RUE PIERRE CHARRON",,,Plein jour,En agglomération,Intersection en X,Normale,Autre collision,,,,,,,,,,,1,2,2,1.0,6.0
201000061405,0010-05-06 09:50:00,10,5,6,9,50,750,108,"6, PLACE SAINT AUGUSTIN",,,Plein jour,En agglomération,Intersection à plus de 4 branches,Normale,Autre collision,,,,,,,,,,,1,2,5,1.0,6.0
201000061406,0010-05-06 18:00:00,10,5,6,18,0,750,108,BOULEVARD DE COURCELLES,,,Plein jour,En agglomération,Intersection à plus de 4 branches,Normale,Deux véhicules - côté,,,,,,,,,,,1,2,5,1.0,3.0
201000061407,0010-05-07 00:20:00,10,5,7,0,20,750,108,"30, AVENUE GEORGE V",,,Nuit avec éclairage allumé,En agglomération,Intersection en X,Normale,Autre collision,,,,,,,,,,,5,2,2,1.0,6.0
201000061408,0010-05-06 14:00:00,10,5,6,14,0,750,108,"9, BOULEVARD MALESHERBES",,,Plein jour,En agglomération,Intersection en Y,Normale,Deux véhicules - côté,,,,,,,,,,,1,2,4,1.0,3.0
201000061409,0010-05-07 10:20:00,10,5,7,10,20,750,108,"113, BOULEVARD MALESHERB",,,Plein jour,En agglomération,Intersection en T,Normale,Deux véhicules - côté,,,,,,,,,,,1,2,3,1.0,3.0
201000061410,0010-05-08 00:15:00,10,5,8,0,15,750,108,"26, RUE DE LA PEPINIERE",,,Nuit avec éclairage allumé,En agglomération,Hors intersection,Normale,Autre collision,,,,,,,,,,,5,2,1,1.0,6.0
201000061411,0010-05-06 12:00:00,10,5,6,12,0,750,108,"9, RUE DE ROME",,,Plein jour,En agglomération,Hors intersection,Normale,Sans collision,,,,,,,,,,,1,2,1,1.0,7.0
201000061412,0010-05-11 18:55:00,10,5,11,18,55,750,108,"01, PLACE DE LA REPUBLIQ",,,Plein jour,En agglomération,Intersection en X,Pluie légère,Deux véhicules - côté,,,,,,,,,,,1,2,2,2.0,3.0
201000061413,0010-05-12 19:18:00,10,5,12,19,18,750,108,"21, RUE BOISSY D ANGLAS",,,Plein jour,En agglomération,Intersection en X,Normale,Deux véhicules - arrière,,,,,,,,,,,1,2,2,1.0,2.0
201000061414,0010-05-13 00:39:00,10,5,13,0,39,750,108,"24, RUE ROYALE",,,Nuit avec éclairage allumé,En agglomération,Intersection à plus de 4 branches,Normale,Autre collision,,,,,,,,,,,5,2,5,1.0,6.0
201000061415,0010-05-14 12:15:00,10,5,14,12,15,750,108,AVENUE DES CHAMPS ELYSEE,,,Plein jour,En agglomération,Hors intersection,Pluie légère,Deux véhicules - arrière,,,,,,,,,,,1,2,1,2.0,2.0
201000061416,0010-05-14 18:45:00,10,5,14,18,45,750,108,AVENUE DES CHAMPS ELYSEE,,,Plein jour,En agglomération,Intersection en Y,Pluie légère,Deux véhicules - arrière,,,,,,,,,,,1,2,4,2.0,2.0
201000061417,0010-05-16 17:00:00,10,5,16,17,0,750,108,BOULEVARD MALESHERBES,,,Plein jour,En agglomération,Intersection en X,Normale,Autre collision,,,,,,,,,,,1,2,2,1.0,6.0