accident_id,datetime,annee,mois,jour,heure,minute,departement,commune_insee,adresse,latitude,longitude,luminosite,agglomeration,intersection,meteo,collision,nb_vehicules,nb_usagers,nb_indemnes,nb_tues,nb_blesses_hosp,nb_blesses_legers,age_cond_1,age_cond_2,veh_type_cond_1,veh_type_cond_2,lum_code,agg_code,int_code,atm_code,col_code
201000061418,0010-05-17 08:50:00,10,5,17,8,50,750,108,AVENUE FRANKLIN D ROOSEV,,,Plein jour,En agglomération,Hors intersection,Normale,Deux véhicules - côté,,,,,,,,,,,1,2,1,1.0,3.0
201000061419,0010-05-19 09:45:00,10,5,19,9,45,750,108,"20, RUE DE ROME",,,Plein jour,En agglomération,Hors intersection,Normale,Deux véhicules - côté,,,,,,,,,,,1,2,1,1.0,3.0
201000061420,0010-05-19 19:05:00,10,5,19,19,5,750,108,PLACE DE LA CONCORDE,,,Plein jour,En agglomération,Hors intersection,Normale,Sans collision,,,,,,,,,,,1,2,1,1.0,7.0
201000061421,0010-05-21 16:57:00,10,5,21,16,57,750,108,AVENUE DES CHAMPS ELYSEE,,,Plein jour,En agglomération,Intersection en X,Normale,Deux véhicules - côté,,,,,,,,,,,1,2,2,1.0,3.0
201000061422,0010-05-24 01:40:00,10,5,24,1,40,750,108,"55, BOULEVARD DE COURCEL",,,Nuit avec éclairage allumé,En agglomération,Intersection en T,Normale,Autre collision,,,,,,,,,,,5,2,3,1.0,6.0
201000061423,0010-05-24 15:40:00,10,5,24,15,40,750,108,BOULEVARD DE COURCELLES,,,Plein jour,En agglomération,Intersection en X,Normale,Deux véhicules - côté,,,,,,,,,,,1,2,2,1.0,3.0
201000061424,0010-05-25 10:15:00,10,5,25,10,15,750,108,"85, BOULEVARD MALESHERBE",,,Plein jour,En agglomération,Intersection en X,Normale,Deux véhicules - côté,,,,,,,,,,,1,2,2,1.0,3.0
201000061425,0010-05-25 09:40:00,10,5,25,9,40,750,108,AVENUE DES CHAMPS ELYSEE,,,Plein jour,En agglomération,Intersection à plus de 4 branches,Normale,Deux véhicules - côté,,,,,,,,,,,1,2,5,1.0,3.0
201000061426,0010-05-25 11:30:00,10,5,25,11,30,750,108,PLACE DE LA CONCORDE,,,Plein jour,En agglomération,Intersection à plus de 4 branches,Normale,Deux véhicules - côté,,,,,,,,,,,1,2,5,1.0,3.0
201000061427,0010-05-26 08:25:00,10,5,26,8,25,750,107,PONT ALEXANDRE III,,,Plein jour,En agglomération,Hors intersection,Temps couvert,Sans collision,,,,,,,,,,,1,2,1,8.0,7.0
201000061428,0010-05-26 09:35:00,10,5,26,9,35,750,108,"53, RUE FRANCOIS 1ER",,,Plein jour,En agglomération,Intersection en X,Normale,Deux véhicules - côté,,,,,,,,,,,1,2,2,1.0,3.0
201000061429,0010-05-26 09:50:00,10,5,26,9,50,750,108,"11, RUE D ARGENSON",,,Plein jour,En agglomération,Hors intersection,Normale,Deux véhicules - côté,,,,,,,,,,,1,2,1,1.0,3.0
201000061430,0010-05-27 09:15:00,10,5,27,9,15,750,108,PLACE DE L ALMA,,,Plein jour,En agglomération,Intersection à plus de 4 branches,Normale,Deux véhicules - côté,,,,,,,,,,,1,2,5,1.0,3.0
201000061431,0010-05-27 16:15:00,10,5,27,16,15,750,108,PLACE DE L ALMA,,,Plein jour,En agglomération,Intersection à plus de 4 branches,Pluie légère,Deux véhicules - côté,,,,,,,,,,,1,2,5,2.0,3.0
201000061432,0010-05-27 16:50:00,10,5,27,16,50,750,108,"02, AVENUE DE WAGRAM",,,Plein jour,En agglomération,Hors intersection,Pluie légère,Autre collision,,,,,,,,,,,1,2,1,2.0,6.0
201000061433,0010-05-27 19:30:00,10,5,27,19,30,750,108,AVENUE DES CHAMPS ELYSEE,,,Nuit avec éclairage allumé,En agglomération,Hors intersection,Pluie légère,Deux véhicules - arrière,,,,,,,,,,,5,2,1,2.0,2.0
201000061434,0010-05-28 03:10:00,10,5,28,3,10,750,108,PLACE CHARLES DE GAULLE,,,Nuit avec éclairage allumé,En agglomération,Intersection en X,Pluie légère,Deux véhicules - côté,,,,,,,,,,,5,2,2,2.0,3.0
201000061435,0010-05-28 17:35:00,10,5,28,17,35,750,108,"19, RUE DE ROME",,,Plein jour,En agglomération,Hors intersection,Normale,Autre collision,,,,,,,,,,,1,2,1,1.0,6.0
201000061436,0010-05-28 21:35:00,10,5,28,21,35,750,108,"04, PLACE DE LA CONCORDE",,,Nuit avec éclairage allumé,En agglomération,Place,Normale,Deux véhicules - côté,,,,,,,,,,,5,2,7,1.0,3.0
201000061437,0010-05-30 00:20:00,10,5,30,0,20,750,108,"9, BOULEVARD MALESHERBES",,,Nuit avec éclairage allumé,En agglomération,Intersection à plus de 4 branches,Pluie légère,Deux véhicules - côté,,,,,,,,,,,5,2,5,2.0,3.0
201000061438,0010-05-30 01:10:00,10,5,30,1,10,750,108,"78, RUE DE ROME",,,Nuit avec éclairage allumé,En agglomération,Intersection en T,Pluie forte,Autre collision,,,,,,,,,,,5,2,3,3.0,6.0
201000061439,0010-05-30 08:55:00,10,5,30,8,55,750,108,AVENUE DES CHAMPS ELYSEE,,,Plein jour,En agglomération,Intersection à plus de 4 branches,Normale,Autre collision,,,,,,,,,,,1,2,5,1.0,6.0
201000061440,0010-05-30 21:30:00,10,5,30,21,30,750,108,COURS LA REINE,,,Nuit sans éclairage public,En agglomération,Intersection à plus de 4 branches,Normale,Deux véhicules - côté,,,,,,,,,,,3,2,5,1.0,3.0
201000061441,0010-05-31 19:10:00,10,5,31,19,10,750,108,"47, AVENUE HOCHE",,,Plein jour,En agglomération,Intersection en X,Normale,Deux véhicules - côté,,,,,,,,,,,1,2,2,1.0,3.0
201000061442,0010-05-31 20:50:00,10,5,31,20,50,750,108,"67, RUE PIERRE CHARRON",,,Plein jour,En agglomération,Hors intersection,Normale,Deux véhicules - côté,,,,,,,,,,,1,2,1,1.0,3.0
201000061443,0010-06-01 00:39:00,10,6,1,0,39,750,108,"41, RUE DE ROME",,,Nuit avec éclairage allumé,En agglomération,Hors intersection,Normale,Sans collision,,,,,,,,,,,5,2,1,1.0,7.0
201000061444,0010-06-01 19:35:00,10,6,1,19,35,750,108,"24, AVENUE MARCEAU",,,Plein jour,En agglomération,Hors intersection,Pluie légère,Autre collision,,,,,,,,,,,1,2,1,2.0,6.0
201000061445,0010-06-03 16:30:00,10,6,3,16,30,750,108,"15, BOULEVARD MALESHERBE",,,Plein jour,En agglomération,Hors intersection,Normale,Deux véhicules - côté,,,,,,,,,,,1,2,1,1.0,3.0
201000061446,0010-06-04 01:10:00,10,6,4,1,10,750,108,"50, AVENUE DES CHAMPS EL",,,Nuit avec éclairage allumé,En agglomération,Intersection en X,Normale,Deux véhicules - arrière,,,,,,,,,,,5,2,2,1.0,2.0
201000061447,0010-06-04 19:45:00,10,6,4,19,45,750,108,"33, RUE TRONCHET",,,Plein jour,En agglomération,Intersection à plus de 4 branches,Normale,Deux véhicules - arrière,,,,,,,,,,,1,2,5,1.0,2.0
201000061448,0010-06-05 02:50:00,10,6,5,2,50,750,108,SOUTERRAIN CONCORDE,,,Nuit avec éclairage allumé,En agglomération,Hors intersection,Normale,Sans collision,,,,,,,,,,,5,2,1,1.0,7.0
201000061449,0010-06-05 19:00:00,10,6,5,19,0,750,108,PONT DE L ALMA,,,Plein jour,En agglomération,Intersection en T,Normale,Deux véhicules - côté,,,,,,,,,,,1,2,3,1.0,3.0
201000061450,0010-06-06 00:30:00,10,6,6,0,30,750,108,AVENUE DES CHAMPS ELYSEE,,,Nuit avec éclairage allumé,En agglomération,Hors intersection,Normale,Deux véhicules - côté,,,,,,,,,,,5,2,1,1.0,3.0
201000061451,0010-06-08 13:30:00,10,6,8,13,30,750,108,RUE DU FAUBOURG SAINT HO,,,Plein jour,En agglomération,Intersection en T,Normale,Deux véhicules - côté,,,,,,,,,,,1,2,3,1.0,3.0
201000061452,0010-06-09 08:45:00,10,6,9,8,45,750,108,PLACE CHARLES DE GAULLE,,,Plein jour,En agglomération,Place,Pluie légère,Autre collision,,,,,,,,,,,1,2,7,2.0,6.0
201000061453,0010-06-09 10:00:00,10,6,9,10,0,750,108,"30, AVENUE MONTAIGNE",,,Plein jour,En agglomération,Intersection en X,Pluie légère,Autre collision,,,,,,,,,,,1,2,2,2.0,6.0
201000061454,0010-06-09 18:37:00,10,6,9,18,37,750,108,"50, AVENUE HOCHE",,,Plein jour,En agglomération,Intersection en X,Pluie légère,Deux véhicules - côté,,,,,,,,,,,1,2,2,2.0,3.0
201000061455,0010-06-09 19:25:00,10,6,9,19,25,750,108,"66, AVENUE HOCHE",,,Plein jour,En agglomération,Place,Pluie légère,Autre collision,,,,,,,,,,,1,2,7,2.0,6.0
201000061456,0010-06-10 10:05:00,10,6,10,10,5,750,108,"18, RUE TRONCHET",,,Plein jour,En agglomération,Hors intersection,Pluie légère,Sans collision,,,,,,,,,,,1,2,1,2.0,7.0
201000061457,0010-06-10 14:05:00,10,6,10,14,5,750,108,PLACE DE LA MADELEINE,,,Plein jour,En agglomération,Place,Normale,Autre collision,,,,,,,,,,,1,2,7,1.0,6.0
201000061458,0010-06-12 01:30:00,10,6,12,1,30,750,116,AVENUE DE VERSAILLES,,,Nuit avec éclairage allumé,En agglomération,Intersection en X,Pluie forte,Autre collision,,,,,,,,,,,5,2,2,3.0,6.0
201000061459,0010-06-14 07:55:00,10,6,14,7,55,750,108,PLACE CHARLES DE GAULLE,,,Crépuscule ou aube,En agglomération,Place,Normale,Deux véhicules - côté,,,,,,,,,,,2,2,7,1.0,3.0
201000061460,0010-06-14 10:00:00,10,6,14,10,0,750,108,"7, BOULEVARD MALESHERBES",,,Plein jour,En agglomération,Intersection en X,Normale,Deux véhicules - côté,,,,,,,,,,,1,2,2,1.0,3.0
201000061461,0010-06-15 11:35:00,10,6,15,11,35,750,108,"23, RUE D ARTOIS",,,Plein jour,En agglomération,Intersection en Y,Normale,Autre collision,,,,,,,,,,,1,2,4,1.0,6.0
201000061462,0010-06-15 18:15:00,10,6,15,18,15,750,108,"201, RUE SAINT HONORE",,,Plein jour,En agglomération,Hors intersection,Normale,Deux véhicules - côté,,,,,,,,,,,1,2,1,1.0,3.0
201000061463,0010-06-15 20:30:00,10,6,15,20,30,750,108,"4, PLACE DE LA CONCORDE",,,Plein jour,En agglomération,Intersection en X,Normale,Deux véhicules - côté,,,,,,,,,,,1,2,2,1.0,3.0
201000061464,0010-06-16 09:25:00,10,6,16,9,25,750,108,"12, AVENUE MARCEAU",,,Plein jour,En agglomération,Hors intersection,Normale,Deux véhicules - côté,,,,,,,,,,,1,2,1,1.0,3.0
201000061465,0010-06-16 12:53:00,10,6,16,12,53,750,108,"49, BOULEVARD DES BATIGN",,,Plein jour,En agglomération,Intersection en X,Normale,Autre collision,,,,,,,,,,,1,2,2,1.0,6.0
201000061466,0010-06-17 08:10:00,10,6,17,8,10,750,108,"49, AVENUE FRANKLIN D RO",,,Plein jour,En agglomération,Hors intersection,Normale,Autre collision,,,,,,,,,,,1,2,1,1.0,6.0
201000061467,0010-06-19 02:15:00,10,6,19,2,15,750,108,PLACE DE LA CONCORDE,,,Nuit avec éclairage allumé,En agglomération,Hors intersection,Normale,Autre collision,,,,,,,,,,,5,2,1,1.0,6.0
201000061468,0010-06-19 21:20:00,10,6,19,21,20,750,108,"5, PLACE SAINT AUGUSTIN",,,Crépuscule ou aube,En agglomération,Hors intersection,Normale,Sans collision,,,,,,,,,,,2,2,1,1.0,7.0
201000061469,0010-06-23 11:00:00,10,6,23,11,0,750,108,"2, RUE PASQUIER",,,Plein jour,En agglomération,Intersection en X,Normale,Sans collision,,,,,,,,,,,1,2,2,1.0,7.0
201000061470,0010-06-23 13:00:00,10,6,23,13,0,750,108,PLACE DE L ALMA,,,Plein jour,En agglomération,Intersection en X,Normale,Deux véhicules - côté,,,,,,,,,,,1,2,2,1.0,3.0
201000061471,0010-06-24 08:30:00,10,6,24,8,30,750,108,COURS LA REINE,,,Plein jour,En agglomération,Intersection à plus de 4 branches,Normale,Deux véhicules - frontale,,,,,,,,,,,1,2,5,1.0,1.0
201000061472,0010-06-24 12:05:00,10,6,24,12,5,750,108,"5, AVENUE VAN DYCK",,,Plein jour,En agglomération,Hors intersection,Normale,Autre collision,,,,,,,,,,,1,2,1,1.0,6.0
201000061473,0010-06-24 14:45:00,10,6,24,14,45,750,108,"92, AVENUE DES CHAMPS EL",,,Plein jour,En agglomération,Intersection en X,Normale,Deux véhicules - côté,,,,,,,,,,,1,2,2,1.0,3.0
201000061474,0010-06-24 14:45:00,10,6,24,14,45,750,108,"39, RUE DE COURCELLES",,,Plein jour,En agglomération,Hors intersection,Normale,Autre collision,,,,,,,,,,,1,2,1,1.0,6.0
201000061475,0010-06-24 18:00:00,10,6,24,18,0,750,108,AVENUE WINSTON CHURCHILL,,,Plein jour,En agglomération,Autre intersection,Normale,Deux véhicules - côté,,,,,,,,,,,1,2,9,1.0,3.0
201000061476,0010-06-25 17:30:00,10,6,25,17,30,750,108,"8, AVENUE MARCEAU",,,Plein jour,En agglomération,Intersection en T,Normale,Trois véhicules et plus - collisions multiples,,,,,,,,,,,1,2,3,1.0,5.0
201000061477,0010-06-25 21:00:00,10,6,25,21,0,750,108,"01, RUE DE PENTHIEVRE",,,Plein jour,En agglomération,Intersection en X,Normale,Sans collision,,,,,,,,,,,1,2,2,1.0,7.0
201000061478,0010-06-28 05:45:00,10,6,28,5,45,750,108,"49, AVENUE DES CHAMPS EL",,,Crépuscule ou aube,En agglomération,Intersection en X,Normale,Deux véhicules - frontale,,,,,,,,,,,2,2,2,1.0,1.0
201000061479,0010-06-28 06:00:00,10,6,28,6,0,750,108,"0, RUE FRANCOIS 1ER",,,Plein jour,En agglomération,Intersection en X,Normale,Autre collision,,,,,,,,,,,1,2,2,1.0,6.0
201000061480,0010-06-29 14:00:00,10,6,29,14,0,750,108,"3, RUE TRONCHET",,,Plein jour,En agglomération,Hors intersection,Normale,Autre collision,,,,,,,,,,,1,2,1,1.0,6.0
201000061481,0010-06-30 15:10:00,10,6,30,15,10,750,108,"22, AVENUE GEORGE V",,,Plein jour,En agglomération,Hors intersection,Normale,Autre collision,,,,,,,,,,,1,2,1,1.0,6.0
201000061482,0010-07-01 12:30:00,10,7,1,12,30,750,108,"1, SOUTERRAIN CONCORDE",,,Plein jour,En agglomération,Hors intersection,Normale,Deux véhicules - arrière,,,,,,,,,,,1,2,1,1.0,2.0
201000061483,0010-07-03 09:50:00,10,7,3,9,50,750,108,"11, BOULEVARD MALESHERBE",,,Plein jour,En agglomération,Intersection en T,Pluie forte,Deux véhicules - côté,,,,,,,,,,,1,2,3,3.0,3.0
201000061484,0010-07-03 12:50:00,10,7,3,12,50,750,108,PLACE DE LA CONCORDE,,,Plein jour,En agglomération,Intersection à plus de 4 branches,Normale,Deux véhicules - arrière,,,,,,,,,,,1,2,5,1.0,2.0
201000061485,0010-07-04 16:15:00,10,7,4,16,15,750,108,"9, AVENUE FRANKLIN D ROO",,,Plein jour,En agglomération,Hors intersection,Normale,Autre collision,,,,,,,,,,,1,2,1,1.0,6.0
201000061486,0010-07-05 09:50:00,10,7,5,9,50,750,108,"2 bis, AVENUE FRANKLIN D",,,Plein jour,En agglomération,Hors intersection,Normale,Deux véhicules - côté,,,,,,,,,,,1,2,1,1.0,3.0
201000061487,0010-07-05 18:40:00,10,7,5,18,40,750,108,"28, RUE MURILLO",,,Plein jour,En agglomération,Intersection en T,Normale,Autre collision,,,,,,,,,,,1,2,3,1.0,6.0
201000061488,0010-07-06 07:15:00,10,7,6,7,15,750,108,"63, AVENUE DES CHAMPS EL",,,Plein jour,En agglomération,Intersection en X,Normale,Sans collision,,,,,,,,,,,1,2,2,1.0,7.0
201000061489,0010-07-06 16:50:00,10,7,6,16,50,750,108,"1, PLACE DE LA CONCORDE",,,Plein jour,En agglomération,Intersection à plus de 4 branches,Normale,Autre collision,,,,,,,,,,,1,2,5,1.0,6.0
201000061490,0010-07-07 04:10:00,10,7,7,4,10,750,108,"152, AVENUE DES CHAMPS E",,,Nuit avec éclairage allumé,En agglomération,Hors intersection,Normale,Deux véhicules - arrière,,,,,,,,,,,5,2,1,1.0,2.0
201000061491,0010-07-07 15:15:00,10,7,7,15,15,750,108,", RUE PASQUIER",,,Plein jour,En agglomération,Intersection en X,Normale,Deux véhicules - côté,,,,,,,,,,,1,2,2,1.0,3.0
201000061492,0010-07-07 21:00:00,10,7,7,21,0,750,108,"-, RUE VERNET",,,Plein jour,En agglomération,Intersection en X,Normale,Autre collision,,,,,,,,,,,1,2,2,1.0,6.0
201000061493,0010-07-08 17:32:00,10,7,8,17,32,750,108,"1, PLACE DE LA REINE AST",,,Plein jour,En agglomération,Intersection en T,Normale,Sans collision,,,,,,,,,,,1,2,3,1.0,7.0
201000061494,0010-07-08 17:10:00,10,7,8,17,10,750,108,PLACE DE LA CONCORDE,,,Plein jour,En agglomération,Intersection à plus de 4 branches,Normale,Autre collision,,,,,,,,,,,1,2,5,1.0,6.0
201000061495,0010-07-08 19:00:00,10,7,8,19,0,750,108,"91, AVENUE DES CHAMPS EL",,,Plein jour,En agglomération,Intersection en X,Normale,Deux véhicules - côté,,,,,,,,,,,1,2,2,1.0,3.0
201000061496,0010-07-09 02:50:00,10,7,9,2,50,750,108,"0, RUE DE LA PEPINIERE",,,Nuit avec éclairage allumé,En agglomération,Intersection à plus de 4 branches,Normale,Deux véhicules - côté,,,,,,,,,,,5,2,5,1.0,3.0
201000061497,0010-07-09 09:20:00,10,7,9,9,20,750,108,"42, AVENUE DE FRIEDLAND",,,Plein jour,En agglomération,Intersection en X,Normale,Autre collision,,,,,,,,,,,1,2,2,1.0,6.0
201000061498,0010-07-09 11:30:00,10,7,9,11,30,750,108,"51, AVENUE GEORGE V",,,Plein jour,En agglomération,Intersection en X,Normale,Autre collision,,,,,,,,,,,1,2,2,1.0,6.0
201000061499,0010-07-09 21:00:00,10,7,9,21,0,750,108,"01, RUE DU FAUBOURG SAIN",,,Crépuscule ou aube,En agglomération,Intersection en X,Normale,Sans collision,,,,,,,,,,,2,2,2,1.0,7.0
201000061500,0010-07-09 20:30:00,10,7,9,20,30,750,108,"33, RUE DU FAUBOURG SAIN",,,Plein jour,En agglomération,Hors intersection,Normale,Deux véhicules - côté,,,,,,,,,,,1,2,1,1.0,3.0
201000061501,0010-07-10 06:00:00,10,7,10,6,0,750,108,"112-114, BOULEVARD HAUSS",,,Plein jour,En agglomération,Hors intersection,Normale,Deux véhicules - arrière,,,,,,,,,,,1,2,1,1.0,2.0
201000061502,0010-07-11 15:50:00,10,7,11,15,50,750,108,BOULEVARD DE COURCELLES,,,Plein jour,En agglomération,Intersection en X,Normale,Deux véhicules - côté,,,,,,,,,,,1,2,2,1.0,3.0
201000061503,0010-07-11 17:55:00,10,7,11,17,55,750,108,"99, AVENUE DES CHAMPS EL",,,Plein jour,En agglomération,Hors intersection,Normale,Autre collision,,,,,,,,,,,1,2,1,1.0,6.0
201000061504,0010-07-12 02:54:00,10,7,12,2,54,750,108,"51, AVENUE MONTAIGNE",,,Nuit avec éclairage allumé,En agglomération,Intersection en Y,Normale,Autre collision,,,,,,,,,,,5,2,4,1.0,6.0
201000061505,0010-07-12 07:35:00,10,7,12,7,35,750,108,PLACE FRANCOIS 1ER,,,Crépuscule ou aube,En agglomération,Intersection à plus de 4 branches,Pluie forte,Sans collision,,,,,,,,,,,2,2,5,3.0,7.0
201000061506,0010-07-12 09:35:00,10,7,12,9,35,750,108,"00, VOIE GEORGES POMPIDO",,,Plein jour,En agglomération,Hors intersection,Pluie forte,Deux véhicules - côté,,,,,,,,,,,1,2,1,3.0,3.0
201000061507,0010-07-12 17:50:00,10,7,12,17,50,750,108,PLACE DE L ALMA,,,Plein jour,En agglomération,Intersection à plus de 4 branches,Temps éblouissant,Deux véhicules - côté,,,,,,,,,,,1,2,5,7.0,3.0
201000061508,0010-07-15 14:00:00,10,7,15,14,0,750,108,PLACE CHARLES DE GAULLE,,,Plein jour,En agglomération,Intersection à plus de 4 branches,Normale,Deux véhicules - côté,,,,,,,,,,,1,2,5,1.0,3.0
201000061509,0010-07-15 17:30:00,10,7,15,17,30,750,108,COURS ALBERT 1ER,,,Plein jour,En agglomération,Hors intersection,Normale,Autre collision,,,,,,,,,,,1,2,1,1.0,6.0
201000061510,0010-07-15 17:30:00,10,7,15,17,30,750,108,"2, AVENUE DE WAGRAM",,,Plein jour,En agglomération,Intersection en X,Normale,Sans collision,,,,,,,,,,,1,2,2,1.0,7.0
201000061511,0010-07-16 14:45:00,10,7,16,14,45,750,108,"78, BOULEVARD MALESHERBE",,,Plein jour,En agglomération,Intersection en X,Normale,Autre collision,,,,,,,,,,,1,2,2,1.0,6.0
201000061512,0010-07-17 07:40:00,10,7,17,7,40,750,108,"51, AVENUE MONTAIGNE",,,Plein jour,En agglomération,Intersection en X,Normale,Autre collision,,,,,,,,,,,1,2,2,1.0,6.0
201000061513,0010-07-17 11:25:00,10,7,17,11,25,750,108,"41, AVENUE DE FRIEDLAND",,,Plein jour,En agglomération,Hors intersection,Temps couvert,Deux véhicules - côté,,,,,,,,,,,1,2,1,8.0,3.0
201000061514,0010-07-18 16:15:00,10,7,18,16,15,750,117,"49, AVENUE DE WAGRAM",,,Plein jour,En agglomération,Intersection à plus de 4 branches,Normale,Autre collision,,,,,,,,,,,1,2,5,1.0,6.0
201000061515,0010-07-19 09:00:00,10,7,19,9,0,750,108,"48, RUE DE COURCELLES",,,Plein jour,En agglomération,Intersection à plus de 4 branches,Normale,Autre collision,,,,,,,,,,,1,2,5,1.0,6.0
201000061516,0010-07-19 17:20:00,10,7,19,17,20,750,108,RUE PIERRE CHARRON,,,Plein jour,En agglomération,Intersection en X,Normale,Autre collision,,,,,,,,,,,1,2,2,1.0,6.0
201000061517,0010-07-19 18:45:00,10,7,19,18,45,750,108,"14, RUE LA BOETIE",,,Plein jour,En agglomération,Intersection en X,Normale,Deux véhicules - côté,,,,,,,,,,,1,2,2,1.0,3.0
201000061518,0010-07-20 12:05:00,10,7,20,12,5,750,108,PLACE CHARLES DE GAULLE,,,Plein jour,En agglomération,Intersection à plus de 4 branches,Normale,Deux véhicules - arrière,,,,,,,,,,,1,2,5,1.0,2.0
201000061519,0010-07-20 16:55:00,10,7,20,16,55,750,108,ROND POINT CHAMPS ELYSEE,,,Plein jour,En agglomération,Intersection à plus de 4 branches,Temps éblouissant,Deux véhicules - côté,,,,,,,,,,,1,2,5,7.0,3.0
201000061520,0010-07-22 08:24:00,10,7,22,8,24,750,108,"241, RUE DU FAUBOURG SAI",,,Plein jour,En agglomération,Hors intersection,Normale,Sans collision,,,,,,,,,,,1,2,1,1.0,7.0
201000061521,0010-07-21 21:08:00,10,7,21,21,8,750,108,AVENUE DE MARIGNY,,,Nuit avec éclairage allumé,En agglomération,Hors intersection,Pluie légère,Autre collision,,,,,,,,,,,5,2,1,2.0,6.0
201000061522,0010-07-21 22:20:00,10,7,21,22,20,750,108,"55, PLACE HENRY DUNANT",,,Nuit avec éclairage allumé,En agglomération,Intersection à plus de 4 branches,Pluie légère,Deux véhicules - côté,,,,,,,,,,,5,2,5,2.0,3.0
201000061523,0010-07-23 09:00:00,10,7,23,9,0,750,108,"39, RUE PASQUIER",,,Plein jour,En agglomération,Hors intersection,Normale,Autre collision,,,,,,,,,,,1,2,1,1.0,6.0
201000061524,0010-07-23 20:10:00,10,7,23,20,10,750,108,"46, AVENUE GEORGE V",,,Plein jour,En agglomération,Intersection en X,Temps couvert,Sans collision,,,,,,,,,,,1,2,2,8.0,7.0
201000061525,0010-07-24 15:30:00,10,7,24,15,30,750,108,"5, RUE JEAN MERMOZ",,,Plein jour,En agglomération,Intersection en X,Normale,Deux véhicules - côté,,,,,,,,,,,1,2,2,1.0,3.0
201000061526,0010-07-25 21:10:00,10,7,25,21,10,750,108,"26, AVENUE DES CHAMPS EL",,,Crépuscule ou aube,En agglomération,Hors intersection,Temps éblouissant,Deux véhicules - arrière,,,,,,,,,,,2,2,1,7.0,2.0
201000061527,0010-07-27 14:30:00,10,7,27,14,30,750,108,"17, RUE FRANCOIS 1ER",,,Plein jour,En agglomération,Intersection en Y,Normale,Autre collision,,,,,,,,,,,1,2,4,1.0,6.0
201000061528,0010-07-28 20:20:00,10,7,28,20,20,750,108,"19, AVENUE GEORGE V",,,Plein jour,En agglomération,Intersection en Y,Normale,Deux véhicules - côté,,,,,,,,,,,1,2,4,1.0,3.0
201000061529,0010-08-01 14:46:00,10,8,1,14,46,750,108,"37, RUE TRONCHET",,,Plein jour,En agglomération,Intersection à plus de 4 branches,Normale,Autre collision,,,,,,,,,,,1,2,5,1.0,6.0
201000061530,0010-08-04 22:35:00,10,8,4,22,35,750,108,RUE D ARTOIS,,,Nuit avec éclairage allumé,En agglomération,Intersection à plus de 4 branches,Normale,Deux véhicules - côté,,,,,,,,,,,5,2,5,1.0,3.0
201000061531,0010-08-06 03:05:00,10,8,6,3,5,750,108,"10, RUE WASHINGTON",,,Nuit avec éclairage allumé,En agglomération,Intersection en T,Normale,Autre collision,,,,,,,,,,,5,2,3,1.0,6.0
201000061532,0010-08-07 21:20:00,10,8,7,21,20,750,108,PLACE CHARLES DE GAULLE,,,Nuit avec éclairage allumé,En agglomération,Intersection à plus de 4 branches,Pluie légère,Deux véhicules - côté,,,,,,,,,,,5,2,5,2.0,3.0
201000061533,0010-08-11 12:45:00,10,8,11,12,45,750,108,"12, AVENUE MONTAIGNE",,,Plein jour,En agglomération,Intersection en T,Normale,Deux véhicules - côté,,,,,,,,,,,1,2,3,1.0,3.0
201000061534,0010-08-12 14:00:00,10,8,12,14,0,750,108,"4, PLACE DE LA CONCORDE",,,Plein jour,En agglomération,Intersection à plus de 4 branches,Normale,Deux véhicules - côté,,,,,,,,,,,1,2,5,1.0,3.0
201000061535,0010-08-15 16:55:00,10,8,15,16,55,750,108,"91, AVENUE DES CHAMPS EL",,,Plein jour,En agglomération,Intersection en X,Pluie légère,Sans collision,,,,,,,,,,,1,2,2,2.0,7.0
201000061536,0010-08-22 18:10:00,10,8,22,18,10,750,108,"20, RUE MURILLO",,,Plein jour,En agglomération,Intersection en X,Normale,Deux véhicules - côté,,,,,,,,,,,1,2,2,1.0,3.0
201000061537,0010-08-23 15:15:00,10,8,23,15,15,750,108,PLACE CHARLES DE GAULLE,,,Plein jour,En agglomération,Intersection à plus de 4 branches,Normale,Deux véhicules - côté,,,,,,,,,,,1,2,5,1.0,3.0
201000061538,0010-08-24 10:15:00,10,8,24,10,15,750,108,AVENUE DES CHAMPS ELYSEE,,,Plein jour,En agglomération,Intersection à plus de 4 branches,Normale,Deux véhicules - côté,,,,,,,,,,,1,2,5,1.0,3.0
201000061539,0010-08-25 12:25:00,10,8,25,12,25,750,108,"0, ROND POINT CHAMPS ELY",,,Plein jour,En agglomération,Intersection à plus de 4 branches,Normale,Deux véhicules - arrière,,,,,,,,,,,1,2,5,1.0,2.0
201000061540,0010-08-25 17:45:00,10,8,25,17,45,750,108,"8, AVENUE DE WAGRAM",,,Plein jour,En agglomération,Hors intersection,Normale,Sans collision,,,,,,,,,,,1,2,1,1.0,7.0
201000061541,0010-08-26 03:55:00,10,8,26,3,55,750,108,"156, PLACE CHARLES DE GA",,,Nuit avec éclairage allumé,En agglomération,Intersection à plus de 4 branches,Normale,Autre collision,,,,,,,,,,,5,2,5,1.0,6.0
201000061542,0010-08-26 17:30:00,10,8,26,17,30,750,108,"0.000, PLACE DE LA CONCO",,,Plein jour,En agglomération,Hors intersection,Pluie légère,Autre collision,,,,,,,,,,,1,2,1,2.0,6.0
201000061543,0010-08-27 20:20:00,10,8,27,20,20,750,108,"2, PLACE SAINT AUGUSTIN",,,Nuit avec éclairage allumé,En agglomération,Intersection à plus de 4 branches,Normale,Deux véhicules - côté,,,,,,,,,,,5,2,5,1.0,3.0