accident_id,datetime,annee,mois,jour,heure,minute,departement,commune_insee,adresse,latitude,longitude,luminosite,agglomeration,intersection,meteo,collision,nb_vehicules,nb_usagers,nb_indemnes,nb_tues,nb_blesses_hosp,nb_blesses_legers,age_cond_1,age_cond_2,veh_type_cond_1,veh_type_cond_2,lum_code,agg_code,int_code,atm_code,col_code
201000061544,0010-08-29 18:25:00,10,8,29,18,25,750,108,"152, BOULEVARD HAUSSMANN",,,Plein jour,En agglomération,Hors intersection,Normale,Deux véhicules - arrière,,,,,,,,,,,1,2,1,1.0,2.0
201000061545,0010-08-30 09:30:00,10,8,30,9,30,750,108,COURS ALBERT 1ER,,,Plein jour,En agglomération,Hors intersection,Normale,Deux véhicules - arrière,,,,,,,,,,,1,2,1,1.0,2.0
201000061546,0010-08-30 09:30:00,10,8,30,9,30,750,108,"1, VOIE GEORGES POMPIDOU",,,Plein jour,En agglomération,Hors intersection,Normale,Deux véhicules - frontale,,,,,,,,,,,1,2,1,1.0,1.0
201000061547,0010-08-30 17:35:00,10,8,30,17,35,750,108,PLACE DE LA CONCORDE,,,Plein jour,En agglomération,Intersection à plus de 4 branches,Normale,Deux véhicules - arrière,,,,,,,,,,,1,2,5,1.0,2.0
201000061548,0010-08-31 14:30:00,10,8,31,14,30,750,108,"9, BOULEVARD MALESHERBES",,,Plein jour,En agglomération,Intersection en T,Normale,Deux véhicules - côté,,,,,,,,,,,1,2,3,1.0,3.0
201000061549,0010-09-01 11:30:00,10,9,1,11,30,750,108,RUE DU FAUBOURG SAINT HO,,,Plein jour,En agglomération,Intersection en X,Normale,Deux véhicules - côté,,,,,,,,,,,1,2,2,1.0,3.0
201000061550,0010-09-01 16:10:00,10,9,1,16,10,750,108,"113, RUE DU FAUBOURG SAI",,,Plein jour,En agglomération,Intersection en X,Normale,Deux véhicules - côté,,,,,,,,,,,1,2,2,1.0,3.0
201000061551,0010-09-03 13:45:00,10,9,3,13,45,750,108,"12, VOIE GEORGES POMPIDO",,,Plein jour,En agglomération,Hors intersection,Normale,Autre collision,,,,,,,,,,,1,2,1,1.0,6.0
201000061552,0010-09-06 04:45:00,10,9,6,4,45,750,108,AVENUE DES CHAMPS ELYSEE,,,Nuit avec éclairage allumé,En agglomération,Intersection en T,Normale,Deux véhicules - arrière,,,,,,,,,,,5,2,3,1.0,2.0
201000061553,0010-09-08 16:15:00,10,9,8,16,15,750,108,"25, AVENUE DES CHAMPS EL",,,Plein jour,En agglomération,Hors intersection,Pluie forte,Sans collision,,,,,,,,,,,1,2,1,3.0,7.0
201000061554,0010-09-10 16:00:00,10,9,10,16,0,750,108,RUE BAYARD,,,Plein jour,En agglomération,Hors intersection,Pluie légère,Deux véhicules - côté,,,,,,,,,,,1,2,1,2.0,3.0
201000061555,0010-09-09 18:45:00,10,9,9,18,45,750,108,SOUTERRAIN ETOILE,,,Plein jour,En agglomération,Hors intersection,Normale,Autre collision,,,,,,,,,,,1,2,1,1.0,6.0
201000061556,0010-09-11 17:05:00,10,9,11,17,5,750,108,RUE DE MIROMESNIL,,,Plein jour,En agglomération,Intersection en X,Normale,Deux véhicules - côté,,,,,,,,,,,1,2,2,1.0,3.0
201000061557,0010-09-12 19:46:00,10,9,12,19,46,750,108,PLACE DE LA CONCORDE,,,Plein jour,En agglomération,Hors intersection,Normale,Deux véhicules - côté,,,,,,,,,,,1,2,1,1.0,3.0
201000061558,0010-09-13 16:10:00,10,9,13,16,10,750,108,RUE DE COURCELLES,,,Plein jour,En agglomération,Intersection en Y,Normale,Autre collision,,,,,,,,,,,1,2,4,1.0,6.0
201000061559,0010-09-15 13:22:00,10,9,15,13,22,750,108,"70, BOULEVARD MALESHERBE",,,Plein jour,En agglomération,Intersection en X,Normale,Deux véhicules - côté,,,,,,,,,,,1,2,2,1.0,3.0
201000061560,0010-09-17 11:00:00,10,9,17,11,0,750,108,"103, RUE LA BOETIE",,,Plein jour,En agglomération,Intersection en X,Normale,Autre collision,,,,,,,,,,,1,2,2,1.0,6.0
201000061561,0010-09-17 14:22:00,10,9,17,14,22,750,108,"9, BOULEVARD MALESHERBES",,,Plein jour,En agglomération,Intersection en X,Normale,Deux véhicules - côté,,,,,,,,,,,1,2,2,1.0,3.0
201000061562,0010-09-19 11:40:00,10,9,19,11,40,750,108,AVENUE DE FRIEDLAND,,,Plein jour,En agglomération,Intersection en X,Normale,Deux véhicules - côté,,,,,,,,,,,1,2,2,1.0,3.0
201000061563,0010-09-19 20:55:00,10,9,19,20,55,750,108,AVENUE GEORGE V,,,Nuit avec éclairage allumé,En agglomération,Intersection en X,Normale,Autre collision,,,,,,,,,,,5,2,2,1.0,6.0
201000061564,0010-09-19 13:05:00,10,9,19,13,5,750,108,"107, BOULEVARD MALESHERB",,,Plein jour,En agglomération,Hors intersection,Normale,Deux véhicules - côté,,,,,,,,,,,1,2,1,1.0,3.0
201000061565,0010-09-20 07:45:00,10,9,20,7,45,750,108,ROND POINT CHAMPS ELYSEE,,,Plein jour,En agglomération,Intersection à plus de 4 branches,Normale,Deux véhicules - côté,,,,,,,,,,,1,2,5,1.0,3.0
201000061566,0010-09-20 12:50:00,10,9,20,12,50,750,108,"26, AVENUE DES CHAMPS EL",,,Plein jour,En agglomération,Hors intersection,Normale,Deux véhicules - arrière,,,,,,,,,,,1,2,1,1.0,2.0
201000061567,0010-09-22 09:15:00,10,9,22,9,15,750,108,AVENUE DES CHAMPS ELYSEE,,,Plein jour,En agglomération,Intersection à plus de 4 branches,Normale,Deux véhicules - arrière,,,,,,,,,,,1,2,5,1.0,2.0
201000061568,0010-09-22 17:05:00,10,9,22,17,5,750,108,"63, RUE D ANJOU",,,Plein jour,En agglomération,Intersection en T,Normale,Autre collision,,,,,,,,,,,1,2,3,1.0,6.0
201000061569,0010-09-23 10:23:00,10,9,23,10,23,750,108,AVENUE FRANKLIN D ROOSEV,,,Plein jour,En agglomération,Intersection en X,Normale,Autre collision,,,,,,,,,,,1,2,2,1.0,6.0
201000061570,0010-09-24 11:30:00,10,9,24,11,30,750,108,"126, RUE DU FAUBOURG SAI",,,Plein jour,En agglomération,Intersection en X,Normale,Autre collision,,,,,,,,,,,1,2,2,1.0,6.0
201000061571,0010-09-25 14:15:00,10,9,25,14,15,750,108,COURS ALBERT 1ER,,,Plein jour,En agglomération,Intersection en Y,Pluie légère,Sans collision,,,,,,,,,,,1,2,4,2.0,7.0
201000061572,0010-09-25 22:45:00,10,9,25,22,45,750,108,RUE JEAN MERMOZ,,,Nuit avec éclairage allumé,En agglomération,Intersection à plus de 4 branches,Normale,Autre collision,,,,,,,,,,,5,2,5,1.0,6.0
201000061573,0010-09-26 00:20:00,10,9,26,0,20,750,108,RUE D ASTORG,,,Nuit sans éclairage public,En agglomération,Intersection en X,Normale,Deux véhicules - côté,,,,,,,,,,,3,2,2,1.0,3.0
201000061574,0010-09-26 02:45:00,10,9,26,2,45,750,108,ROND POINT CHAMPS ELYSEE,,,Nuit avec éclairage allumé,En agglomération,Giratoire,Normale,Deux véhicules - côté,,,,,,,,,,,5,2,6,1.0,3.0
201000061575,0010-09-27 10:05:00,10,9,27,10,5,750,108,PLACE DE LA CONCORDE,,,Plein jour,En agglomération,Hors intersection,Normale,Deux véhicules - arrière,,,,,,,,,,,1,2,1,1.0,2.0
201000061576,0010-09-28 11:33:00,10,9,28,11,33,750,108,"123, BOULEVARD HAUSSMANN",,,Plein jour,En agglomération,Intersection en X,Normale,Sans collision,,,,,,,,,,,1,2,2,1.0,7.0
201000061577,0010-09-30 09:15:00,10,9,30,9,15,750,108,"154, AVENUE DES CHAMPS E",,,Plein jour,En agglomération,Hors intersection,Pluie légère,Autre collision,,,,,,,,,,,1,2,1,2.0,6.0
201000061578,0010-09-30 16:30:00,10,9,30,16,30,750,108,PLACE DE LA CONCORDE,,,Plein jour,En agglomération,Intersection à plus de 4 branches,Normale,Deux véhicules - côté,,,,,,,,,,,1,2,5,1.0,3.0
201000061579,0010-10-01 06:55:00,10,10,1,6,55,750,108,RUE SAINT HONORE,,,Crépuscule ou aube,En agglomération,Intersection en X,Normale,Deux véhicules - côté,,,,,,,,,,,2,2,2,1.0,3.0
201000061580,0010-10-01 16:45:00,10,10,1,16,45,750,108,AVENUE DES CHAMPS ELYSEE,,,Plein jour,En agglomération,Hors intersection,Pluie légère,Sans collision,,,,,,,,,,,1,2,1,2.0,7.0
201000061581,0010-10-01 19:00:00,10,10,1,19,0,750,108,"1, AVENUE DE FRIEDLAND",,,Nuit avec éclairage allumé,En agglomération,Intersection en X,Pluie légère,Sans collision,,,,,,,,,,,5,2,2,2.0,7.0
201000061582,0010-10-04 15:20:00,10,10,4,15,20,750,108,"08, BOULEVARD MALESHERBE",,,Plein jour,En agglomération,Intersection en X,Temps couvert,Deux véhicules - côté,,,,,,,,,,,1,2,2,8.0,3.0
201000061583,0010-10-04 19:45:00,10,10,4,19,45,750,108,"52, AVENUE DES CHAMPS EL",,,Nuit avec éclairage allumé,En agglomération,Hors intersection,Normale,Autre collision,,,,,,,,,,,5,2,1,1.0,6.0
201000061584,0010-10-05 09:15:00,10,10,5,9,15,750,108,RUE DE LA PEPINIERE,,,Plein jour,En agglomération,Intersection en X,Pluie légère,Deux véhicules - arrière,,,,,,,,,,,1,2,2,2.0,2.0
201000061585,0010-10-05 09:00:00,10,10,5,9,0,750,108,COURS LA REINE,,,Plein jour,En agglomération,Hors intersection,Pluie légère,Sans collision,,,,,,,,,,,1,2,1,2.0,7.0
201000061586,0010-10-05 09:10:00,10,10,5,9,10,750,108,"160, BOULEVARD HAUSSMANN",,,Plein jour,En agglomération,Hors intersection,Pluie légère,Deux véhicules - côté,,,,,,,,,,,1,2,1,2.0,3.0
201000061587,0010-10-05 09:30:00,10,10,5,9,30,750,108,"10, PLACE DE LA CONCORDE",,,Plein jour,En agglomération,Hors intersection,Pluie légère,Sans collision,,,,,,,,,,,1,2,1,2.0,7.0
201000061588,0010-10-05 19:01:00,10,10,5,19,1,750,108,"69, BOULEVARD DE COURCEL",,,Nuit avec éclairage allumé,En agglomération,Intersection en X,Pluie légère,Trois véhicules et plus - en chaîne,,,,,,,,,,,5,2,2,2.0,4.0
201000061589,0010-10-06 08:20:00,10,10,6,8,20,750,108,"37, AVENUE DE FRIEDLAND",,,Plein jour,En agglomération,Hors intersection,Pluie légère,Autre collision,,,,,,,,,,,1,2,1,2.0,6.0
201000061590,0010-10-06 16:40:00,10,10,6,16,40,750,108,"03, AVENUE MONTAIGNE",,,Plein jour,En agglomération,Hors intersection,Pluie légère,Autre collision,,,,,,,,,,,1,2,1,2.0,6.0
201000061591,0010-10-08 08:40:00,10,10,8,8,40,750,108,COURS LA REINE,,,Plein jour,En agglomération,Hors intersection,Normale,Deux véhicules - côté,,,,,,,,,,,1,2,1,1.0,3.0
201000061592,0010-10-09 14:55:00,10,10,9,14,55,750,108,AVENUE DES CHAMPS ELYSEE,,,Plein jour,En agglomération,Intersection en T,Normale,Deux véhicules - côté,,,,,,,,,,,1,2,3,1.0,3.0
201000061593,0010-10-10 16:55:00,10,10,10,16,55,750,108,PLACE DE LA CONCORDE,,,Plein jour,En agglomération,Intersection à plus de 4 branches,Normale,Deux véhicules - côté,,,,,,,,,,,1,2,5,1.0,3.0
201000061594,0010-10-11 08:35:00,10,10,11,8,35,750,108,"154, AVENUE DES CHAMPS E",,,Plein jour,En agglomération,Intersection en T,Normale,Deux véhicules - côté,,,,,,,,,,,1,2,3,1.0,3.0
201000061595,0010-10-11 19:10:00,10,10,11,19,10,750,108,"86, BOULEVARD MALESHERBE",,,Nuit sans éclairage public,En agglomération,Hors intersection,Normale,Deux véhicules - côté,,,,,,,,,,,3,2,1,1.0,3.0
201000061596,0010-10-12 09:47:00,10,10,12,9,47,750,108,"39, RUE DE COURCELLES",,,Plein jour,En agglomération,Intersection à plus de 4 branches,Normale,Deux véhicules - côté,,,,,,,,,,,1,2,5,1.0,3.0
201000061597,0010-10-12 18:10:00,10,10,12,18,10,750,108,"63, BOULEVARD DES BATIGN",,,Plein jour,En agglomération,Hors intersection,Normale,Deux véhicules - côté,,,,,,,,,,,1,2,1,1.0,3.0
201000061598,0010-10-13 14:15:00,10,10,13,14,15,750,108,"70, AVENUE MARCEAU",,,Plein jour,En agglomération,Intersection en T,Normale,Deux véhicules - arrière,,,,,,,,,,,1,2,3,1.0,2.0
201000061599,0010-10-13 19:15:00,10,10,13,19,15,750,108,AVENUE DES CHAMPS ELYSEE,,,Nuit avec éclairage allumé,En agglomération,Hors intersection,Normale,Deux véhicules - côté,,,,,,,,,,,5,2,1,1.0,3.0
201000061600,0010-10-14 00:06:00,10,10,14,0,6,750,108,PLACE DE LA CONCORDE,,,Nuit avec éclairage allumé,En agglomération,Place,Normale,Autre collision,,,,,,,,,,,5,2,7,1.0,6.0
201000061601,0010-10-14 09:30:00,10,10,14,9,30,750,108,"1, RUE PASQUIER",,,Plein jour,En agglomération,Intersection en X,Normale,Deux véhicules - côté,,,,,,,,,,,1,2,2,1.0,3.0
201000061602,0010-10-14 10:05:00,10,10,14,10,5,750,108,"09, AVENUE GABRIEL",,,Plein jour,En agglomération,Hors intersection,Normale,Deux véhicules - côté,,,,,,,,,,,1,2,1,1.0,3.0
201000061603,0010-10-14 18:50:00,10,10,14,18,50,750,117,PLACE GENERAL CATROUX,,,Plein jour,En agglomération,Place,Normale,Sans collision,,,,,,,,,,,1,2,7,1.0,7.0
201000061604,0010-10-17 12:00:00,10,10,17,12,0,750,108,PLACE CHARLES DE GAULLE,,,Plein jour,En agglomération,Intersection à plus de 4 branches,Normale,Deux véhicules - côté,,,,,,,,,,,1,2,5,1.0,3.0
201000061605,0010-10-18 16:30:00,10,10,18,16,30,750,108,"179, BOULEVARD HAUSSMANN",,,Plein jour,En agglomération,Intersection en T,Normale,Deux véhicules - arrière,,,,,,,,,,,1,2,3,1.0,2.0
201000061606,0010-10-19 12:30:00,10,10,19,12,30,750,108,"1, AVENUE GEORGE V",,,Plein jour,En agglomération,Hors intersection,Pluie légère,Deux véhicules - côté,,,,,,,,,,,1,2,1,2.0,3.0
201000061607,0010-10-19 20:30:00,10,10,19,20,30,750,108,RUE DU FAUBOURG SAINT HO,,,Nuit avec éclairage allumé,En agglomération,Intersection à plus de 4 branches,Normale,Deux véhicules - côté,,,,,,,,,,,5,2,5,1.0,3.0
201000061608,0010-10-20 09:00:00,10,10,20,9,0,750,108,PONT ALEXANDRE III,,,Plein jour,En agglomération,Intersection à plus de 4 branches,Normale,Deux véhicules - côté,,,,,,,,,,,1,2,5,1.0,3.0
201000061609,0010-10-20 12:10:00,10,10,20,12,10,750,108,"39, AVENUE GEORGE V",,,Plein jour,En agglomération,Intersection en X,Normale,Deux véhicules - côté,,,,,,,,,,,1,2,2,1.0,3.0
201000061610,0010-10-20 13:15:00,10,10,20,13,15,750,108,"46, RUE PASQUIER",,,Plein jour,En agglomération,Hors intersection,Normale,Autre collision,,,,,,,,,,,1,2,1,1.0,6.0
201000061611,0010-10-20 18:50:00,10,10,20,18,50,750,108,BOULEVARD MALESHERBES,,,Crépuscule ou aube,En agglomération,Intersection en T,Temps couvert,Deux véhicules - côté,,,,,,,,,,,2,2,3,8.0,3.0
201000061612,0010-10-22 09:10:00,10,10,22,9,10,750,108,"98, BOULEVARD HAUSSMANN",,,Plein jour,En agglomération,Intersection en X,Temps couvert,Autre collision,,,,,,,,,,,1,2,2,8.0,6.0
201000061613,0010-10-22 18:00:00,10,10,22,18,0,750,108,"71, AVENUE FRANKLIN D RO",,,Plein jour,En agglomération,Intersection en X,Normale,Autre collision,,,,,,,,,,,1,2,2,1.0,6.0
201000061614,0010-10-23 01:19:00,10,10,23,1,19,750,108,RUE D AMSTERDAM,,,Nuit avec éclairage allumé,En agglomération,Hors intersection,Normale,Deux véhicules - arrière,,,,,,,,,,,5,2,1,1.0,2.0
201000061615,0010-10-23 12:10:00,10,10,23,12,10,750,108,"7, RUE DU CHEVALIER DE S",,,Plein jour,En agglomération,Hors intersection,Pluie légère,Deux véhicules - côté,,,,,,,,,,,1,2,1,2.0,3.0
201000061616,0010-10-24 22:10:00,10,10,24,22,10,750,108,BOULEVARD HAUSSMANN,,,Nuit avec éclairage allumé,En agglomération,Intersection à plus de 4 branches,Temps couvert,Deux véhicules - côté,,,,,,,,,,,5,2,5,8.0,3.0
201000061617,0010-10-25 01:59:00,10,10,25,1,59,750,108,"29, RUE D ARTOIS",,,Nuit avec éclairage allumé,En agglomération,Intersection en X,Normale,Deux véhicules - côté,,,,,,,,,,,5,2,2,1.0,3.0
201000061618,0010-10-26 07:55:00,10,10,26,7,55,750,108,RUE DE VIENNE,,,Crépuscule ou aube,En agglomération,Intersection à plus de 4 branches,Normale,Autre collision,,,,,,,,,,,2,2,5,1.0,6.0
201000061619,0010-10-26 23:38:00,10,10,26,23,38,750,108,"84, BOULEVARD HAUSSMANN",,,Nuit avec éclairage allumé,En agglomération,Intersection en X,Normale,Deux véhicules - côté,,,,,,,,,,,5,2,2,1.0,3.0
201000061620,0010-10-26 23:54:00,10,10,26,23,54,750,108,"37, AVENUE DES CHAMPS EL",,,Nuit avec éclairage allumé,En agglomération,Intersection en X,Normale,Deux véhicules - côté,,,,,,,,,,,5,2,2,1.0,3.0
201000061621,0010-10-28 10:20:00,10,10,28,10,20,750,108,ROND POINT CHAMPS ELYSEE,,,Plein jour,En agglomération,Intersection à plus de 4 branches,Normale,Deux véhicules - côté,,,,,,,,,,,1,2,5,1.0,3.0
201000061622,0010-10-28 10:37:00,10,10,28,10,37,750,108,"113, RUE DU FAUBOURG SAI",,,Plein jour,En agglomération,Intersection en X,Normale,Deux véhicules - côté,,,,,,,,,,,1,2,2,1.0,3.0
201000061623,0010-10-28 16:15:00,10,10,28,16,15,750,108,AVENUE WINSTON CHURCHILL,,,Plein jour,En agglomération,Hors intersection,Normale,Deux véhicules - arrière,,,,,,,,,,,1,2,1,1.0,2.0
201000061624,0010-10-28 17:14:00,10,10,28,17,14,750,108,"0, AVENUE GEORGE V",,,Plein jour,En agglomération,Intersection en X,Normale,Deux véhicules - côté,,,,,,,,,,,1,2,2,1.0,3.0
201000061625,0010-10-29 05:40:00,10,10,29,5,40,750,108,"41, AVENUE GEORGE V",,,Nuit avec éclairage allumé,En agglomération,Intersection en T,Normale,Sans collision,,,,,,,,,,,5,2,3,1.0,7.0
201000061626,0010-10-29 13:20:00,10,10,29,13,20,750,108,"3, AVENUE HOCHE",,,Plein jour,En agglomération,Hors intersection,Normale,Trois véhicules et plus - en chaîne,,,,,,,,,,,1,2,1,1.0,4.0
201000061627,0010-10-29 14:30:00,10,10,29,14,30,750,108,"19, AVENUE GEORGE V",,,Plein jour,En agglomération,Intersection en X,Normale,Deux véhicules - arrière,,,,,,,,,,,1,2,2,1.0,2.0
201000061628,0010-10-29 16:45:00,10,10,29,16,45,750,108,"26, RUE ROYALE",,,Plein jour,En agglomération,Place,Normale,Deux véhicules - arrière,,,,,,,,,,,1,2,7,1.0,2.0
201000061629,0010-10-29 18:00:00,10,10,29,18,0,750,108,COURS LA REINE,,,Crépuscule ou aube,En agglomération,Intersection à plus de 4 branches,Normale,Deux véhicules - frontale,,,,,,,,,,,2,2,5,1.0,1.0
201000061630,0010-10-30 06:15:00,10,10,30,6,15,750,108,AVENUE DES CHAMPS ELYSEE,,,Nuit avec éclairage allumé,En agglomération,Intersection à plus de 4 branches,Pluie légère,Autre collision,,,,,,,,,,,5,2,5,2.0,6.0
201000061631,0010-10-30 20:20:00,10,10,30,20,20,750,108,"8, BOULEVARD MALESHERBES",,,Nuit avec éclairage allumé,En agglomération,Intersection en Y,Normale,Deux véhicules - côté,,,,,,,,,,,5,2,4,1.0,3.0
201000061632,0010-10-31 18:25:00,10,10,31,18,25,750,108,"12, AVENUE DE WAGRAM",,,Nuit avec éclairage allumé,En agglomération,Intersection en T,Normale,Deux véhicules - arrière,,,,,,,,,,,5,2,3,1.0,2.0
201000061633,0010-11-03 10:10:00,10,11,3,10,10,750,108,"48, RUE LA BOETIE",,,Plein jour,En agglomération,Hors intersection,Temps couvert,Autre collision,,,,,,,,,,,1,2,1,8.0,6.0
201000061634,0010-11-03 10:00:00,10,11,3,10,0,750,108,"112, AVENUE DES CHAMPS E",,,Plein jour,En agglomération,Intersection en X,Pluie légère,Sans collision,,,,,,,,,,,1,2,2,2.0,7.0
201000061635,0010-11-04 15:00:00,10,11,4,15,0,750,108,"30, AVENUE HOCHE",,,Plein jour,En agglomération,Intersection à plus de 4 branches,Normale,Deux véhicules - côté,,,,,,,,,,,1,2,5,1.0,3.0
201000061636,0010-11-04 18:00:00,10,11,4,18,0,750,108,BOULEVARD MALESHERBES,,,Nuit avec éclairage allumé,En agglomération,Intersection en T,Normale,Deux véhicules - côté,,,,,,,,,,,5,2,3,1.0,3.0
201000061637,0010-11-05 09:30:00,10,11,5,9,30,750,108,"32, RUE DE PONTHIEU",,,Plein jour,En agglomération,Hors intersection,Normale,Deux véhicules - côté,,,,,,,,,,,1,2,1,1.0,3.0
201000061638,0010-11-05 09:10:00,10,11,5,9,10,750,108,"32, AVENUE MARCEAU",,,Plein jour,En agglomération,Intersection à plus de 4 branches,Normale,Autre collision,,,,,,,,,,,1,2,5,1.0,6.0
201000061639,0010-11-05 12:35:00,10,11,5,12,35,750,108,"2, RUE TRONCHET",,,Plein jour,En agglomération,Intersection à plus de 4 branches,Normale,Autre collision,,,,,,,,,,,1,2,5,1.0,6.0
201000061640,0010-11-05 20:30:00,10,11,5,20,30,750,108,PLACE DE LA CONCORDE,,,Nuit avec éclairage allumé,En agglomération,Hors intersection,Normale,Autre collision,,,,,,,,,,,5,2,1,1.0,6.0
201000061641,0010-11-06 10:10:00,10,11,6,10,10,750,108,"18, AVENUE FRANKLIN D RO",,,Plein jour,En agglomération,Intersection en X,Temps couvert,Autre collision,,,,,,,,,,,1,2,2,8.0,6.0
201000061642,0010-11-06 18:15:00,10,11,6,18,15,750,108,AVENUE DES CHAMPS ELYSEE,,,Nuit avec éclairage allumé,En agglomération,Intersection à plus de 4 branches,Pluie légère,Sans collision,,,,,,,,,,,5,2,5,2.0,7.0
201000061643,0010-11-06 21:40:00,10,11,6,21,40,750,108,"39, AVENUE DES CHAMPS EL",,,Nuit avec éclairage allumé,En agglomération,Intersection en X,Pluie légère,Deux véhicules - arrière,,,,,,,,,,,5,2,2,2.0,2.0
201000061644,0010-11-06 23:30:00,10,11,6,23,30,750,108,"49, AVENUE GEORGE V",,,Nuit avec éclairage allumé,En agglomération,Intersection en X,Pluie forte,Autre collision,,,,,,,,,,,5,2,2,3.0,6.0
201000061645,0010-11-07 03:40:00,10,11,7,3,40,750,108,RUE LA BOETIE,,,Nuit avec éclairage allumé,En agglomération,Intersection à plus de 4 branches,Normale,Autre collision,,,,,,,,,,,5,2,5,1.0,6.0
201000061646,0010-11-07 13:00:00,10,11,7,13,0,750,108,"70, BOULEVARD MALESHERBE",,,Plein jour,En agglomération,Intersection en T,Pluie légère,Deux véhicules - côté,,,,,,,,,,,1,2,3,2.0,3.0
201000061647,0010-11-08 17:45:00,10,11,8,17,45,750,108,AVENUE WINSTON CHURCHILL,,,Nuit avec éclairage allumé,En agglomération,Hors intersection,Pluie légère,Autre collision,,,,,,,,,,,5,2,1,2.0,6.0
201000061648,0010-11-09 22:46:00,10,11,9,22,46,750,108,"19, RUE DE ROME",,,Nuit avec éclairage allumé,En agglomération,Hors intersection,Normale,Deux véhicules - côté,,,,,,,,,,,5,2,1,1.0,3.0
201000061649,0010-11-09 07:40:00,10,11,9,7,40,750,108,"6, BOULEVARD MALESHERBES",,,Crépuscule ou aube,En agglomération,Intersection en Y,Pluie légère,Deux véhicules - côté,,,,,,,,,,,2,2,4,2.0,3.0
201000061650,0010-11-09 10:00:00,10,11,9,10,0,750,108,"66, AVENUE DES CHAMPS EL",,,Plein jour,En agglomération,Intersection en X,Pluie légère,Sans collision,,,,,,,,,,,1,2,2,2.0,7.0
201000061651,0010-11-09 13:15:00,10,11,9,13,15,750,108,"34, AVENUE GEORGE V",,,Plein jour,En agglomération,Hors intersection,Pluie légère,Sans collision,,,,,,,,,,,1,2,1,2.0,7.0
201000061652,0010-11-09 14:20:00,10,11,9,14,20,750,108,"205, RUE DU FAUBOURG SAI",,,Plein jour,En agglomération,Intersection à plus de 4 branches,Pluie légère,Autre collision,,,,,,,,,,,1,2,5,2.0,6.0
201000061653,0010-11-09 18:45:00,10,11,9,18,45,750,108,"51, RUE DE ROME",,,Nuit avec éclairage allumé,En agglomération,Intersection en X,Pluie légère,Deux véhicules - arrière,,,,,,,,,,,5,2,2,2.0,2.0
201000061654,0010-11-10 10:30:00,10,11,10,10,30,750,108,"8, RUE DE VIENNE",,,Plein jour,En agglomération,Intersection à plus de 4 branches,Normale,Sans collision,,,,,,,,,,,1,2,5,1.0,7.0
201000061655,0010-11-10 12:40:00,10,11,10,12,40,750,108,"15, BOULEVARD MALESHERBE",,,Plein jour,En agglomération,Intersection à plus de 4 branches,Pluie légère,Autre collision,,,,,,,,,,,1,2,5,2.0,6.0
201000061656,0010-11-11 17:20:00,10,11,11,17,20,750,108,"30, AVENUE DES CHAMPS EL",,,Nuit avec éclairage allumé,En agglomération,Hors intersection,Pluie légère,Sans collision,,,,,,,,,,,5,2,1,2.0,7.0
201000061657,0010-11-12 11:05:00,10,11,12,11,5,750,108,PLACE DE LA CONCORDE,,,Plein jour,En agglomération,Intersection en X,Pluie légère,Deux véhicules - côté,,,,,,,,,,,1,2,2,2.0,3.0
201000061658,0010-11-12 19:20:00,10,11,12,19,20,750,108,"15, RUE DE MADRID",,,Nuit avec éclairage allumé,En agglomération,Hors intersection,Normale,Sans collision,,,,,,,,,,,5,2,1,1.0,7.0
201000061659,0010-11-13 06:30:00,10,11,13,6,30,750,116,"1, AVENUE DE LA GRANDE A",,,Plein jour,En agglomération,Intersection à plus de 4 branches,Pluie légère,Deux véhicules - arrière,,,,,,,,,,,1,2,5,2.0,2.0
201000061660,0010-11-13 12:10:00,10,11,13,12,10,750,108,AVENUE DES CHAMPS ELYSEE,,,Plein jour,En agglomération,Intersection en X,Pluie légère,Deux véhicules - arrière,,,,,,,,,,,1,2,2,2.0,2.0
201000061661,0010-11-13 15:40:00,10,11,13,15,40,750,108,"3, BOULEVARD DE COURCELL",,,Plein jour,En agglomération,Intersection à plus de 4 branches,Pluie légère,Deux véhicules - côté,,,,,,,,,,,1,2,5,2.0,3.0
201000061662,0010-11-13 19:10:00,10,11,13,19,10,750,108,"39, AVENUE DES CHAMPS EL",,,Nuit sans éclairage public,En agglomération,Intersection en X,Pluie légère,Deux véhicules - arrière,,,,,,,,,,,3,2,2,2.0,2.0
201000061663,0010-11-15 19:15:00,10,11,15,19,15,750,108,"30, RUE DE COURCELLES",,,Nuit avec éclairage allumé,En agglomération,Intersection en X,Pluie légère,Autre collision,,,,,,,,,,,5,2,2,2.0,6.0
201000061664,0010-11-16 08:45:00,10,11,16,8,45,750,108,RUE DARU,,,Plein jour,En agglomération,Intersection en T,Normale,Deux véhicules - arrière,,,,,,,,,,,1,2,3,1.0,2.0
201000061665,0010-11-17 22:58:00,10,11,17,22,58,750,108,PLACE DE LA CONCORDE,,,Nuit avec éclairage allumé,En agglomération,Intersection à plus de 4 branches,Pluie forte,Deux véhicules - côté,,,,,,,,,,,5,2,5,3.0,3.0
201000061666,0010-11-18 00:21:00,10,11,18,0,21,750,108,"27, AVENUE MONTAIGNE",,,Nuit avec éclairage allumé,En agglomération,Hors intersection,Pluie légère,Deux véhicules - arrière,,,,,,,,,,,5,2,1,2.0,2.0