accident_id,datetime,annee,mois,jour,heure,minute,departement,commune_insee,adresse,latitude,longitude,luminosite,agglomeration,intersection,meteo,collision,nb_vehicules,nb_usagers,nb_indemnes,nb_tues,nb_blesses_hosp,nb_blesses_legers,age_cond_1,age_cond_2,veh_type_cond_1,veh_type_cond_2,lum_code,agg_code,int_code,atm_code,col_code
201000061667,0010-11-18 15:45:00,10,11,18,15,45,750,108,"02, PLACE SAINT AUGUSTIN",,,Plein jour,En agglomération,Place,Temps couvert,Sans collision,,,,,,,,,,,1,2,7,8.0,7.0
201000061668,0010-11-18 16:15:00,10,11,18,16,15,750,108,"66, AVENUE DES CHAMPS EL",,,Plein jour,En agglomération,Intersection en X,Normale,Sans collision,,,,,,,,,,,1,2,2,1.0,7.0
201000061669,0010-11-19 10:28:00,10,11,19,10,28,750,108,"11, PLACE DE LA MADELEIN",,,Plein jour,En agglomération,Hors intersection,Normale,Deux véhicules - côté,,,,,,,,,,,1,2,1,1.0,3.0
201000061670,0010-11-19 11:15:00,10,11,19,11,15,750,108,"90, RUE DU FAUBOURG SAIN",,,Plein jour,En agglomération,Hors intersection,Normale,Autre collision,,,,,,,,,,,1,2,1,1.0,6.0
201000061671,0010-11-19 17:10:00,10,11,19,17,10,750,108,"27, RUE DE BERRI",,,Crépuscule ou aube,En agglomération,Hors intersection,Normale,Deux véhicules - côté,,,,,,,,,,,2,2,1,1.0,3.0
201000061672,0010-11-19 19:10:00,10,11,19,19,10,750,108,"221, RUE DU FAUBOURG SAI",,,Nuit avec éclairage allumé,En agglomération,Intersection à plus de 4 branches,Pluie légère,Autre collision,,,,,,,,,,,5,2,5,2.0,6.0
201000061673,0010-11-21 19:00:00,10,11,21,19,0,750,108,"25, AVENUE DES CHAMPS EL",,,Nuit avec éclairage allumé,En agglomération,Hors intersection,Pluie légère,Deux véhicules - arrière,,,,,,,,,,,5,2,1,2.0,2.0
201000061674,0010-11-21 19:53:00,10,11,21,19,53,750,108,"46, AVENUE GEORGE V",,,Nuit avec éclairage allumé,En agglomération,Hors intersection,Pluie légère,Autre collision,,,,,,,,,,,5,2,1,2.0,6.0
201000061675,0010-11-21 18:55:00,10,11,21,18,55,750,108,"155, SOUTERRAIN ETOILE",,,Nuit sans éclairage public,En agglomération,Hors intersection,Temps couvert,Autre collision,,,,,,,,,,,3,2,1,8.0,6.0
201000061676,0010-11-23 08:00:00,10,11,23,8,0,750,108,PLACE DE LA MADELEINE,,,Plein jour,En agglomération,Place,Normale,Deux véhicules - côté,,,,,,,,,,,1,2,7,1.0,3.0
201000061677,0010-11-25 09:15:00,10,11,25,9,15,750,108,PLACE DE LA MADELEINE,,,Plein jour,En agglomération,Place,Temps couvert,Sans collision,,,,,,,,,,,1,2,7,8.0,7.0
201000061678,0010-11-25 09:30:00,10,11,25,9,30,750,108,"4 ter, AVENUE HOCHE",,,Plein jour,En agglomération,Hors intersection,Temps couvert,Deux véhicules - côté,,,,,,,,,,,1,2,1,8.0,3.0
201000061679,0010-11-26 07:50:00,10,11,26,7,50,750,109,"60, RUE D AMSTERDAM",,,Crépuscule ou aube,En agglomération,Intersection en X,Normale,Sans collision,,,,,,,,,,,2,2,2,1.0,7.0
201000061680,0010-11-26 20:10:00,10,11,26,20,10,750,108,"28, RUE WASHINGTON",,,Nuit avec éclairage non allumé,En agglomération,Intersection en T,Normale,Sans collision,,,,,,,,,,,4,2,3,1.0,7.0
201000061681,0010-11-29 08:03:00,10,11,29,8,3,750,108,"17, RUE DU GENERAL FOY",,,Crépuscule ou aube,En agglomération,Hors intersection,Neige / grêle,Deux véhicules - côté,,,,,,,,,,,2,2,1,4.0,3.0
201000061682,0010-11-29 18:05:00,10,11,29,18,5,750,108,"11, AVENUE MYRON HERRICK",,,Nuit avec éclairage allumé,En agglomération,Intersection à plus de 4 branches,Normale,Trois véhicules et plus - en chaîne,,,,,,,,,,,5,2,5,1.0,4.0
201000061683,0010-12-02 23:40:00,10,12,2,23,40,750,108,"58, RUE DE NAPLES",,,Nuit avec éclairage allumé,En agglomération,Intersection en X,Normale,Deux véhicules - côté,,,,,,,,,,,5,2,2,1.0,3.0
201000061684,0010-12-03 00:45:00,10,12,3,0,45,750,108,"6, BOULEVARD MALESHERBES",,,Nuit avec éclairage allumé,En agglomération,Intersection en Y,Normale,Deux véhicules - côté,,,,,,,,,,,5,2,4,1.0,3.0
201000061685,0010-12-03 13:30:00,10,12,3,13,30,750,108,AVENUE GEORGE V,,,Plein jour,En agglomération,Intersection en X,Temps couvert,Deux véhicules - arrière,,,,,,,,,,,1,2,2,8.0,2.0
201000061686,0010-12-05 20:10:00,10,12,5,20,10,750,108,COURS LA REINE,,,Nuit avec éclairage non allumé,En agglomération,Hors intersection,Pluie légère,Deux véhicules - côté,,,,,,,,,,,4,2,1,2.0,3.0
201000061687,0010-12-06 11:25:00,10,12,6,11,25,750,108,AVENUE WINSTON CHURCHILL,,,Plein jour,En agglomération,Intersection à plus de 4 branches,Pluie légère,Deux véhicules - côté,,,,,,,,,,,1,2,5,2.0,3.0
201000061688,0010-12-06 12:00:00,10,12,6,12,0,750,116,"79, AVENUE MARCEAU",,,Plein jour,En agglomération,Hors intersection,Normale,Deux véhicules - arrière,,,,,,,,,,,1,2,1,1.0,2.0
201000061689,0010-12-07 20:45:00,10,12,7,20,45,750,108,"62/64, RUE DE LISBONNE",,,Nuit avec éclairage allumé,En agglomération,Intersection en X,Pluie légère,Autre collision,,,,,,,,,,,5,2,2,2.0,6.0
201000061690,0010-12-10 18:00:00,10,12,10,18,0,750,108,"23, RUE LA BOETIE",,,Nuit avec éclairage allumé,En agglomération,Hors intersection,Normale,Autre collision,,,,,,,,,,,5,2,1,1.0,6.0
201000061691,0010-12-11 19:30:00,10,12,11,19,30,750,108,"55, BOULEVARD MALESHERBE",,,Nuit avec éclairage allumé,En agglomération,Intersection en X,Pluie légère,Deux véhicules - côté,,,,,,,,,,,5,2,2,2.0,3.0
201000061692,0010-12-11 22:10:00,10,12,11,22,10,750,108,"68, AVENUE DES CHAMPS EL",,,Nuit avec éclairage allumé,En agglomération,Hors intersection,Normale,Autre collision,,,,,,,,,,,5,2,1,1.0,6.0
201000061693,0010-12-13 09:00:00,10,12,13,9,0,750,108,"165, BOULEVARD HAUSSMANN",,,Plein jour,En agglomération,Intersection en Y,Normale,Deux véhicules - côté,,,,,,,,,,,1,2,4,1.0,3.0
201000061694,0010-12-13 15:50:00,10,12,13,15,50,750,108,RUE DU FAUBOURG SAINT HO,,,Plein jour,En agglomération,Intersection en X,Normale,Deux véhicules - côté,,,,,,,,,,,1,2,2,1.0,3.0
201000061695,0010-12-13 18:55:00,10,12,13,18,55,750,108,PONT ALEXANDRE III,,,Nuit avec éclairage allumé,En agglomération,Intersection à plus de 4 branches,Normale,Deux véhicules - côté,,,,,,,,,,,5,2,5,1.0,3.0
201000061696,0010-12-15 17:00:00,10,12,15,17,0,750,108,AVENUE CESAR CAIRE,,,Nuit avec éclairage allumé,En agglomération,Intersection en T,Normale,Autre collision,,,,,,,,,,,5,2,3,1.0,6.0
201000061697,0010-12-20 07:50:00,10,12,20,7,50,750,108,"50, RUE DE PENTHIEVRE",,,Nuit avec éclairage allumé,En agglomération,Intersection en X,Neige / grêle,Autre collision,,,,,,,,,,,5,2,2,4.0,6.0
201000061698,0010-12-20 21:15:00,10,12,20,21,15,750,108,"156, AVENUE DES CHAMPS E",,,Nuit avec éclairage allumé,En agglomération,Intersection en X,Pluie légère,Deux véhicules - côté,,,,,,,,,,,5,2,2,2.0,3.0
201000061699,0010-12-22 10:30:00,10,12,22,10,30,750,108,"11, RUE GREFFULHE",,,Plein jour,En agglomération,Intersection en T,Normale,Autre collision,,,,,,,,,,,1,2,3,1.0,6.0
201000061700,0010-12-22 23:53:00,10,12,22,23,53,750,108,BOULEVARD DE COURCELLES,,,Nuit avec éclairage allumé,En agglomération,Intersection en Y,Pluie forte,Autre collision,,,,,,,,,,,5,2,4,3.0,6.0
201000061701,0010-12-25 05:48:00,10,12,25,5,48,750,108,"132, BOULEVARD HAUSSMANN",,,Nuit avec éclairage allumé,En agglomération,Hors intersection,Normale,Autre collision,,,,,,,,,,,5,2,1,1.0,6.0
201000061702,0010-12-26 18:30:00,10,12,26,18,30,750,108,"26bis, RUE FRANCOIS 1ER",,,Nuit avec éclairage allumé,En agglomération,Hors intersection,Normale,Autre collision,,,,,,,,,,,5,2,1,1.0,6.0
201000061703,0010-12-26 18:45:00,10,12,26,18,45,750,108,PLACE DE LA CONCORDE,,,Nuit avec éclairage allumé,En agglomération,Intersection à plus de 4 branches,Normale,Autre collision,,,,,,,,,,,5,2,5,1.0,6.0
201000061704,0010-12-27 03:13:00,10,12,27,3,13,750,108,RUE FRANCOIS 1ER,,,Nuit avec éclairage allumé,En agglomération,Intersection en X,Normale,Deux véhicules - côté,,,,,,,,,,,5,2,2,1.0,3.0
201000061705,0010-12-28 04:54:00,10,12,28,4,54,750,108,RUE LA BOETIE,,,Nuit avec éclairage allumé,En agglomération,Intersection en T,Normale,Autre collision,,,,,,,,,,,5,2,3,1.0,6.0
201000061706,0010-04-12 09:50:00,10,4,12,9,50,750,108,"42, COURS ALBERT 1ER",,,Plein jour,Hors agglomération,Hors intersection,Normale,Deux véhicules - côté,,,,,,,,,,,1,1,1,1.0,3.0
201000061707,0010-01-01 07:01:00,10,1,1,7,1,750,109,"20, BOULEVARD MONTMARTRE",,,Nuit avec éclairage allumé,En agglomération,Intersection en X,Normale,Deux véhicules - arrière,,,,,,,,,,,5,2,2,1.0,2.0
201000061708,0010-01-11 08:20:00,10,1,11,8,20,750,109,"23, BOULEVARD HAUSSMANN",,,Plein jour,En agglomération,Intersection à plus de 4 branches,Normale,Deux véhicules - côté,,,,,,,,,,,1,2,5,1.0,3.0
201000061709,0010-01-11 17:45:00,10,1,11,17,45,750,109,RUE LE PELETIER,,,Nuit avec éclairage allumé,En agglomération,Intersection en X,Normale,Autre collision,,,,,,,,,,,5,2,2,1.0,6.0
201000061710,0010-01-11 17:30:00,10,1,11,17,30,750,109,"9, RUE SCRIBE",,,Nuit avec éclairage non allumé,En agglomération,Intersection à plus de 4 branches,Normale,Autre collision,,,,,,,,,,,4,2,5,1.0,6.0
201000061711,0010-01-14 20:40:00,10,1,14,20,40,750,109,"12, BOULEVARD DES CAPUCI",,,Nuit avec éclairage allumé,En agglomération,Intersection à plus de 4 branches,Normale,Autre collision,,,,,,,,,,,5,2,5,1.0,6.0
201000061712,0010-01-15 12:50:00,10,1,15,12,50,750,109,"77, RUE SAINT LAZARE",,,Plein jour,En agglomération,Intersection à plus de 4 branches,Normale,Deux véhicules - côté,,,,,,,,,,,1,2,5,1.0,3.0
201000061713,0010-01-15 16:00:00,10,1,15,16,0,750,109,"44, RUE DE MAUBEUGE",,,Plein jour,En agglomération,Intersection à plus de 4 branches,Temps couvert,Autre collision,,,,,,,,,,,1,2,5,8.0,6.0
201000061714,0010-01-15 16:30:00,10,1,15,16,30,750,109,"80, RUE LA FAYETTE",,,Plein jour,En agglomération,Hors intersection,Normale,Autre collision,,,,,,,,,,,1,2,1,1.0,6.0
201000061715,0010-01-19 09:45:00,10,1,19,9,45,750,109,"08, PLACE DE L OPERA",,,Plein jour,En agglomération,Intersection à plus de 4 branches,Temps couvert,Trois véhicules et plus - en chaîne,,,,,,,,,,,1,2,5,8.0,4.0
201000061716,0010-01-19 23:15:00,10,1,19,23,15,750,109,"80, RUE LA FAYETTE",,,Nuit avec éclairage allumé,En agglomération,Intersection à plus de 4 branches,Normale,Deux véhicules - côté,,,,,,,,,,,5,2,5,1.0,3.0
201000061717,0010-01-21 16:30:00,10,1,21,16,30,750,109,"47, BOULEVARD DE CLICHY",,,Plein jour,En agglomération,Hors intersection,Normale,Sans collision,,,,,,,,,,,1,2,1,1.0,7.0
201000061718,0010-01-30 10:10:00,10,1,30,10,10,750,109,"72, RUE DE ROCHECHOUART",,,Plein jour,En agglomération,Intersection à plus de 4 branches,Normale,Autre collision,,,,,,,,,,,1,2,5,1.0,6.0
201000061719,0010-02-02 21:15:00,10,2,2,21,15,750,109,BOULEVARD POISSONNIERE,,,Nuit avec éclairage allumé,En agglomération,Intersection en X,Temps couvert,Deux véhicules - côté,,,,,,,,,,,5,2,2,8.0,3.0
201000061720,0010-02-03 07:15:00,10,2,3,7,15,750,109,"8, PLACE DE L OPERA",,,Nuit avec éclairage allumé,En agglomération,Intersection à plus de 4 branches,Pluie légère,Autre collision,,,,,,,,,,,5,2,5,2.0,6.0
201000061721,0010-02-05 21:10:00,10,2,5,21,10,750,109,"62, RUE DE LA CHAUSSEE D",,,Nuit avec éclairage allumé,En agglomération,Intersection en X,Normale,Deux véhicules - côté,,,,,,,,,,,5,2,2,1.0,3.0
201000061722,0010-02-06 05:55:00,10,2,6,5,55,750,109,"64, BOULEVARD HAUSSMANN",,,Nuit avec éclairage allumé,En agglomération,Hors intersection,Pluie forte,Deux véhicules - arrière,,,,,,,,,,,5,2,1,3.0,2.0
201000061723,0010-02-09 18:10:00,10,2,9,18,10,750,109,"34, BOULEVARD DES ITALIE",,,Nuit avec éclairage allumé,En agglomération,Hors intersection,Pluie légère,Autre collision,,,,,,,,,,,5,2,1,2.0,6.0
201000061724,0010-02-10 13:15:00,10,2,10,13,15,750,109,"20, BOULEVARD MONTMARTRE",,,Plein jour,En agglomération,Intersection à plus de 4 branches,Normale,Deux véhicules - côté,,,,,,,,,,,1,2,5,1.0,3.0
201000061725,0010-02-10 18:35:00,10,2,10,18,35,750,109,"92, RUE SAINT LAZARE",,,Nuit sans éclairage public,En agglomération,Intersection en T,Pluie légère,Deux véhicules - arrière,,,,,,,,,,,3,2,3,2.0,2.0
201000061726,0010-02-12 21:45:00,10,2,12,21,45,750,109,RUE DE LA CHAUSSEE D ANT,,,Nuit avec éclairage allumé,En agglomération,Intersection en X,Normale,Deux véhicules - côté,,,,,,,,,,,5,2,2,1.0,3.0
201000061727,0010-02-13 15:00:00,10,2,13,15,0,750,109,"35, RUE DU FAUBOURG MONT",,,Plein jour,En agglomération,Intersection à plus de 4 branches,Neige / grêle,Deux véhicules - arrière,,,,,,,,,,,1,2,5,4.0,2.0
201000061728,0010-02-13 16:18:00,10,2,13,16,18,750,109,"42, RUE LA FAYETTE",,,Plein jour,En agglomération,Intersection en X,Normale,Deux véhicules - côté,,,,,,,,,,,1,2,2,1.0,3.0
201000061729,0010-02-15 17:40:00,10,2,15,17,40,750,109,"8, BOULEVARD DES CAPUCIN",,,Plein jour,En agglomération,Hors intersection,Normale,Autre collision,,,,,,,,,,,1,2,1,1.0,6.0
201000061730,0010-02-16 16:40:00,10,2,16,16,40,750,109,"16, RUE AUBER",,,Plein jour,En agglomération,Intersection à plus de 4 branches,Normale,Autre collision,,,,,,,,,,,1,2,5,1.0,6.0
201000061731,0010-02-18 02:58:00,10,2,18,2,58,750,109,"52, BOULEVARD HAUSSMANN",,,Nuit avec éclairage allumé,En agglomération,Hors intersection,Normale,Autre collision,,,,,,,,,,,5,2,1,1.0,6.0
201000061732,0010-02-18 10:25:00,10,2,18,10,25,750,109,"29, RUE DU FAUBOURG POIS",,,Plein jour,En agglomération,Intersection en T,Normale,Sans collision,,,,,,,,,,,1,2,3,1.0,7.0
201000061733,0010-02-21 05:50:00,10,2,21,5,50,750,109,"37, BOULEVARD DE ROCHECH",,,Nuit avec éclairage allumé,En agglomération,Hors intersection,Normale,Autre collision,,,,,,,,,,,5,2,1,1.0,6.0
201000061734,0010-02-26 10:30:00,10,2,26,10,30,750,109,"32, BOULEVARD POISSONNIE",,,Plein jour,En agglomération,Hors intersection,Pluie légère,Deux véhicules - arrière,,,,,,,,,,,1,2,1,2.0,2.0
201000061735,0010-03-02 15:50:00,10,3,2,15,50,750,109,"4, RUE DE LA CHAUSSEE D",,,Plein jour,En agglomération,Hors intersection,Normale,Deux véhicules - côté,,,,,,,,,,,1,2,1,1.0,3.0
201000061736,0010-03-02 17:45:00,10,3,2,17,45,750,109,"37, RUE SAINT GEORGES",,,Plein jour,En agglomération,Hors intersection,Normale,Deux véhicules - côté,,,,,,,,,,,1,2,1,1.0,3.0
201000061737,0010-03-02 21:00:00,10,3,2,21,0,750,109,RUE DE LA CHAUSSEE D ANT,,,Nuit avec éclairage allumé,En agglomération,Intersection en X,Normale,Autre collision,,,,,,,,,,,5,2,2,1.0,6.0
201000061738,0010-03-03 11:10:00,10,3,3,11,10,750,109,"54, RUE DE CLICHY",,,Plein jour,En agglomération,Intersection en T,Normale,Autre collision,,,,,,,,,,,1,2,3,1.0,6.0
201000061739,0010-03-03 18:15:00,10,3,3,18,15,750,109,RUE BLANCHE,,,Nuit sans éclairage public,En agglomération,Intersection en X,Normale,Deux véhicules - côté,,,,,,,,,,,3,2,2,1.0,3.0
201000061740,0010-03-09 14:15:00,10,3,9,14,15,750,109,"12, BOULEVARD DES CAPUCI",,,Plein jour,En agglomération,Intersection à plus de 4 branches,Normale,Sans collision,,,,,,,,,,,1,2,5,1.0,7.0
201000061741,0010-03-12 14:25:00,10,3,12,14,25,750,109,BOULEVARD HAUSSMANN,,,Plein jour,En agglomération,Intersection à plus de 4 branches,Temps couvert,Autre collision,,,,,,,,,,,1,2,5,8.0,6.0
201000061742,0010-03-13 01:24:00,10,3,13,1,24,750,109,"77, RUE SAINT LAZARE",,,Nuit avec éclairage allumé,En agglomération,Hors intersection,Normale,Autre collision,,,,,,,,,,,5,2,1,1.0,6.0
201000061743,0010-03-16 08:50:00,10,3,16,8,50,750,109,"2 bis, RUE BLANCHE",,,Plein jour,En agglomération,Intersection en X,Normale,Autre collision,,,,,,,,,,,1,2,2,1.0,6.0
201000061744,0010-03-19 21:50:00,10,3,19,21,50,750,109,BOULEVARD HAUSSMANN,,,Nuit avec éclairage allumé,En agglomération,Hors intersection,Pluie légère,Autre collision,,,,,,,,,,,5,2,1,2.0,6.0
201000061745,0010-03-24 13:50:00,10,3,24,13,50,750,109,"33, RUE SAINT GEORGES",,,Plein jour,En agglomération,Intersection en T,Normale,Deux véhicules - côté,,,,,,,,,,,1,2,3,1.0,3.0
201000061746,0010-03-25 08:38:00,10,3,25,8,38,750,109,RUE DE LONDRES,,,Plein jour,En agglomération,Intersection à plus de 4 branches,Normale,Autre collision,,,,,,,,,,,1,2,5,1.0,6.0
201000061747,0010-03-31 12:45:00,10,3,31,12,45,750,109,"20, RUE D AMSTERDAM",,,Plein jour,En agglomération,Intersection à plus de 4 branches,Pluie légère,Sans collision,,,,,,,,,,,1,2,5,2.0,7.0
201000061748,0010-04-02 10:05:00,10,4,2,10,5,750,109,"27, RUE LAFFITTE",,,Plein jour,En agglomération,Hors intersection,Pluie légère,Autre collision,,,,,,,,,,,1,2,1,2.0,6.0
201000061749,0010-04-03 18:45:00,10,4,3,18,45,750,109,"55, RUE DE LA CHAUSSEE D",,,Plein jour,En agglomération,Hors intersection,Normale,Autre collision,,,,,,,,,,,1,2,1,1.0,6.0
201000061750,0010-04-06 09:25:00,10,4,6,9,25,750,109,PLACE DIAGHILEV,,,Plein jour,En agglomération,Intersection à plus de 4 branches,Normale,Deux véhicules - côté,,,,,,,,,,,1,2,5,1.0,3.0
201000061751,0010-04-06 17:25:00,10,4,6,17,25,750,109,"10, BOULEVARD MONTMARTRE",,,Plein jour,En agglomération,Hors intersection,Normale,Deux véhicules - arrière,,,,,,,,,,,1,2,1,1.0,2.0
201000061752,0010-04-08 16:49:00,10,4,8,16,49,750,109,"12, BOULEVARD DES CAPUCI",,,Plein jour,En agglomération,Intersection à plus de 4 branches,Normale,Deux véhicules - côté,,,,,,,,,,,1,2,5,1.0,3.0
201000061753,0010-04-10 15:10:00,10,4,10,15,10,750,109,"33, RUE LA FAYETTE",,,Plein jour,En agglomération,Intersection en X,Normale,Deux véhicules - côté,,,,,,,,,,,1,2,2,1.0,3.0
201000061754,0010-04-10 17:30:00,10,4,10,17,30,750,109,"31, BOULEVARD HAUSSMANN",,,Plein jour,En agglomération,Intersection à plus de 4 branches,Normale,Autre collision,,,,,,,,,,,1,2,5,1.0,6.0
201000061755,0010-04-12 13:10:00,10,4,12,13,10,750,109,"2, RUE HALEVY",,,Plein jour,En agglomération,Intersection à plus de 4 branches,Normale,Autre collision,,,,,,,,,,,1,2,5,1.0,6.0
201000061756,0010-04-12 14:50:00,10,4,12,14,50,750,109,"8, PLACE DE L OPERA",,,Plein jour,En agglomération,Intersection à plus de 4 branches,Normale,Deux véhicules - côté,,,,,,,,,,,1,2,5,1.0,3.0
201000061757,0010-04-12 22:10:00,10,4,12,22,10,750,109,"2, PLACE DE CLICHY",,,Nuit avec éclairage allumé,En agglomération,Intersection à plus de 4 branches,Normale,Deux véhicules - côté,,,,,,,,,,,5,2,5,1.0,3.0
201000061758,0010-04-14 15:20:00,10,4,14,15,20,750,109,"11, RUE LAMARTINE",,,Plein jour,En agglomération,Hors intersection,Normale,Deux véhicules - côté,,,,,,,,,,,1,2,1,1.0,3.0
201000061759,0010-04-16 08:50:00,10,4,16,8,50,750,109,"37, BOULEVARD DE CLICHY",,,Plein jour,En agglomération,Hors intersection,Normale,Autre collision,,,,,,,,,,,1,2,1,1.0,6.0
201000061760,0010-04-17 14:12:00,10,4,17,14,12,750,109,"45, RUE DE PROVENCE",,,Plein jour,En agglomération,Intersection en X,Normale,Deux véhicules - côté,,,,,,,,,,,1,2,2,1.0,3.0
201000061761,0010-04-23 16:55:00,10,4,23,16,55,750,109,"26, RUE DE DOUAI",,,Plein jour,En agglomération,Hors intersection,Normale,Deux véhicules - côté,,,,,,,,,,,1,2,1,1.0,3.0
201000061762,0010-04-26 15:10:00,10,4,26,15,10,750,109,"32, BOULEVARD POISSONNIE",,,Plein jour,En agglomération,Hors intersection,Normale,Trois véhicules et plus - en chaîne,,,,,,,,,,,1,2,1,1.0,4.0
201000061763,0010-04-27 14:40:00,10,4,27,14,40,750,109,"92, RUE SAINT LAZARE",,,Plein jour,En agglomération,Hors intersection,Normale,Deux véhicules - arrière,,,,,,,,,,,1,2,1,1.0,2.0
201000061764,0010-04-29 18:35:00,10,4,29,18,35,750,109,"4, RUE LAMARTINE",,,Plein jour,En agglomération,Hors intersection,Normale,Deux véhicules - côté,,,,,,,,,,,1,2,1,1.0,3.0
201000061765,0010-04-30 09:00:00,10,4,30,9,0,750,109,"10, BOULEVARD MONTMARTRE",,,Plein jour,En agglomération,Hors intersection,Pluie légère,Deux véhicules - arrière,,,,,,,,,,,1,2,1,2.0,2.0
201000061766,0010-04-30 19:50:00,10,4,30,19,50,750,109,RUE DE CHATEAUDUN,,,Plein jour,En agglomération,Intersection en T,Normale,Autre collision,,,,,,,,,,,1,2,3,1.0,6.0
201000061767,0010-05-03 14:45:00,10,5,3,14,45,750,109,"47, RUE TAITBOUT",,,Plein jour,En agglomération,Intersection en X,Temps couvert,Autre collision,,,,,,,,,,,1,2,2,8.0,6.0
201000061768,0010-05-06 18:00:00,10,5,6,18,0,750,109,"0, RUE DE CHATEAUDUN",,,Plein jour,En agglomération,Intersection en X,Normale,Deux véhicules - côté,,,,,,,,,,,1,2,2,1.0,3.0
201000061769,0010-05-08 15:36:00,10,5,8,15,36,750,109,"41, RUE DE CHATEAUDUN",,,Plein jour,En agglomération,Intersection en X,Normale,Deux véhicules - arrière,,,,,,,,,,,1,2,2,1.0,2.0
201000061770,0010-05-10 09:30:00,10,5,10,9,30,750,109,"5, PLACE DE L OPERA",,,Plein jour,En agglomération,Intersection à plus de 4 branches,Normale,Sans collision,,,,,,,,,,,1,2,5,1.0,7.0
201000061771,0010-05-11 16:20:00,10,5,11,16,20,750,109,"23, RUE LAMARTINE",,,Plein jour,En agglomération,Intersection en T,Pluie légère,Autre collision,,,,,,,,,,,1,2,3,2.0,6.0
201000061772,0010-05-12 18:50:00,10,5,12,18,50,750,109,"25, RUE PIERRE FONTAINE",,,Plein jour,En agglomération,Intersection à plus de 4 branches,Temps couvert,Autre collision,,,,,,,,,,,1,2,5,8.0,6.0
201000061773,0010-05-18 12:15:00,10,5,18,12,15,750,109,"9, RUE CONDORCET",,,Plein jour,En agglomération,Intersection en T,Normale,Deux véhicules - côté,,,,,,,,,,,1,2,3,1.0,3.0
201000061774,0010-05-19 17:35:00,10,5,19,17,35,750,109,"19, RUE CADET",,,Plein jour,En agglomération,Hors intersection,Normale,Autre collision,,,,,,,,,,,1,2,1,1.0,6.0
201000061775,0010-05-22 03:00:00,10,5,22,3,0,750,117,"98, AVENUE DE CLICHY",,,Nuit avec éclairage allumé,En agglomération,Intersection en X,Normale,Deux véhicules - arrière,,,,,,,,,,,5,2,2,1.0,2.0
201000061776,0010-05-22 04:10:00,10,5,22,4,10,750,109,BOULEVARD DE CLICHY,,,Nuit avec éclairage allumé,En agglomération,Hors intersection,Normale,Deux véhicules - côté,,,,,,,,,,,5,2,1,1.0,3.0
201000061777,0010-05-25 15:05:00,10,5,25,15,5,750,109,"15/17, RUE AUBER",,,Plein jour,En agglomération,Intersection à plus de 4 branches,Normale,Deux véhicules - côté,,,,,,,,,,,1,2,5,1.0,3.0
201000061778,0010-05-26 12:15:00,10,5,26,12,15,750,109,"50, RUE DE ROCHECHOUART",,,Plein jour,En agglomération,Hors intersection,Normale,Autre collision,,,,,,,,,,,1,2,1,1.0,6.0
201000061779,0010-05-28 18:07:00,10,5,28,18,7,750,109,"01, PLACE LILI BOULANGER",,,Plein jour,En agglomération,Intersection en X,Normale,Deux véhicules - côté,,,,,,,,,,,1,2,2,1.0,3.0
201000061780,0010-05-29 12:00:00,10,5,29,12,0,750,109,"20, BOULEVARD MONTMARTRE",,,Plein jour,En agglomération,Intersection à plus de 4 branches,Normale,Deux véhicules - arrière,,,,,,,,,,,1,2,5,1.0,2.0
201000061781,0010-06-01 09:40:00,10,6,1,9,40,750,109,"01, BOULEVARD DE CLICHY",,,Plein jour,En agglomération,Intersection à plus de 4 branches,Normale,Deux véhicules - côté,,,,,,,,,,,1,2,5,1.0,3.0
201000061782,0010-06-01 21:20:00,10,6,1,21,20,750,109,"23, RUE DROUOT",,,Crépuscule ou aube,En agglomération,Hors intersection,Pluie légère,Sans collision,,,,,,,,,,,2,2,1,2.0,7.0
201000061783,0010-06-03 09:00:00,10,6,3,9,0,750,109,RUE HALEVY,,,Plein jour,En agglomération,Hors intersection,Normale,Autre collision,,,,,,,,,,,1,2,1,1.0,6.0
201000061784,0010-06-03 14:25:00,10,6,3,14,25,750,109,"47, BOULEVARD DE CLICHY",,,Plein jour,En agglomération,Hors intersection,Normale,Deux véhicules - côté,,,,,,,,,,,1,2,1,1.0,3.0
201000061785,0010-06-04 11:35:00,10,6,4,11,35,750,109,"14, RUE HALEVY",,,Plein jour,En agglomération,Intersection à plus de 4 branches,Normale,Autre collision,,,,,,,,,,,1,2,5,1.0,6.0
201000061786,0010-06-04 19:34:00,10,6,4,19,34,750,109,"42, RUE LAMARTINE",,,Plein jour,En agglomération,Hors intersection,Normale,Autre collision,,,,,,,,,,,1,2,1,1.0,6.0
201000061787,0010-06-06 22:47:00,10,6,6,22,47,750,109,"46, RUE JEAN BAPTISTE PI",,,Nuit avec éclairage allumé,En agglomération,Intersection en X,Normale,Deux véhicules - arrière,,,,,,,,,,,5,2,2,1.0,2.0
201000061788,0010-06-07 18:35:00,10,6,7,18,35,750,109,"27, RUE DE LA TOUR D AUV",,,Plein jour,En agglomération,Intersection en X,Normale,Autre collision,,,,,,,,,,,1,2,2,1.0,6.0
201000061789,0010-06-07 19:25:00,10,6,7,19,25,750,109,"6, RUE GLUCK",,,Plein jour,En agglomération,Hors intersection,Normale,Sans collision,,,,,,,,,,,1,2,1,1.0,7.0