accident_id,datetime,annee,mois,jour,heure,minute,departement,commune_insee,adresse,latitude,longitude,luminosite,agglomeration,intersection,meteo,collision,nb_vehicules,nb_usagers,nb_indemnes,nb_tues,nb_blesses_hosp,nb_blesses_legers,age_cond_1,age_cond_2,veh_type_cond_1,veh_type_cond_2,lum_code,agg_code,int_code,atm_code,col_code
201000061916,0010-12-05 10:05:00,10,12,5,10,5,750,109,"79, BOULEVARD DE CLICHY",,,Plein jour,En agglomération,Hors intersection,Normale,Autre collision,,,,,,,,,,,1,2,1,1.0,6.0
201000061917,0010-12-07 08:40:00,10,12,7,8,40,750,109,"20, BOULEVARD POISSONNIE",,,Plein jour,En agglomération,Intersection en T,Temps couvert,Autre collision,,,,,,,,,,,1,2,3,8.0,6.0
201000061918,0010-12-07 09:15:00,10,12,7,9,15,750,109,"22, BOULEVARD DES CAPUCI",,,Plein jour,En agglomération,Intersection à plus de 4 branches,Temps couvert,Deux véhicules - côté,,,,,,,,,,,1,2,5,8.0,3.0
201000061919,0010-12-09 11:57:00,10,12,9,11,57,750,109,"72, RUE LA FAYETTE",,,Plein jour,En agglomération,Intersection en T,Normale,Deux véhicules - côté,,,,,,,,,,,1,2,3,1.0,3.0
201000061920,0010-12-11 01:15:00,10,12,11,1,15,750,109,"10, RUE GEOFFROY MARIE",,,Nuit avec éclairage allumé,En agglomération,Hors intersection,Normale,Deux véhicules - arrière,,,,,,,,,,,5,2,1,1.0,2.0
201000061921,0010-12-17 12:20:00,10,12,17,12,20,750,109,"50, RUE BLANCHE",,,Plein jour,En agglomération,Intersection en X,Normale,Deux véhicules - côté,,,,,,,,,,,1,2,2,1.0,3.0
201000061922,0010-12-31 18:20:00,10,12,31,18,20,750,116,"1, AVENUE DU PRESIDENT K",,,Nuit avec éclairage allumé,En agglomération,Intersection à plus de 4 branches,Normale,Autre collision,,,,,,,,,,,5,2,5,1.0,6.0
201000061923,0010-09-21 01:48:00,10,9,21,1,48,750,109,"76, RUE LA FAYETTE",,,Nuit avec éclairage allumé,En agglomération,Hors intersection,Normale,Autre collision,,,,,,,,,,,5,2,1,1.0,6.0
201000061924,0010-01-03 04:00:00,10,1,3,4,0,750,110,PLACE DE LA BATAILLE DE,,,Nuit avec éclairage allumé,En agglomération,Hors intersection,Normale,Autre collision,,,,,,,,,,,5,2,1,1.0,6.0
201000061925,0010-01-03 17:50:00,10,1,3,17,50,750,110,"206, RUE DU FAUBOURG SAI",,,Nuit sans éclairage public,Hors agglomération,Hors intersection,Normale,Deux véhicules - côté,,,,,,,,,,,3,1,1,1.0,3.0
201000061926,0010-01-08 10:15:00,10,1,8,10,15,750,110,"71, BOULEVARD DE LA VILL",,,Plein jour,En agglomération,Hors intersection,Normale,Sans collision,,,,,,,,,,,1,2,1,1.0,7.0
201000061927,0010-01-08 16:40:00,10,1,8,16,40,750,110,"20, RUE ALIBERT",,,Plein jour,En agglomération,Hors intersection,Normale,Sans collision,,,,,,,,,,,1,2,1,1.0,7.0
201000061928,0010-01-09 06:35:00,10,1,9,6,35,750,110,"157, BOULEVARD DE LA VIL",,,Nuit avec éclairage allumé,En agglomération,Hors intersection,Normale,Autre collision,,,,,,,,,,,5,2,1,1.0,6.0
201000061929,0010-01-14 16:50:00,10,1,14,16,50,750,110,"9, RUE DU CHATEAU LANDON",,,Plein jour,En agglomération,Hors intersection,Normale,Autre collision,,,,,,,,,,,1,2,1,1.0,6.0
201000061930,0010-01-14 18:31:00,10,1,14,18,31,750,110,"155, BOULEVARD DE LA VIL",,,Nuit avec éclairage allumé,En agglomération,Hors intersection,Normale,Autre collision,,,,,,,,,,,5,2,1,1.0,6.0
201000061931,0010-01-18 17:10:00,10,1,18,17,10,750,110,"156, RUE DU FAUBOURG SAI",,,Nuit avec éclairage allumé,En agglomération,Intersection en X,Normale,Autre collision,,,,,,,,,,,5,2,2,1.0,6.0
201000061932,0010-01-19 11:50:00,10,1,19,11,50,750,110,"57, BOULEVARD DE LA VILL",,,Plein jour,En agglomération,Intersection en T,Temps couvert,Autre collision,,,,,,,,,,,1,2,3,8.0,6.0
201000061933,0010-01-19 22:45:00,10,1,19,22,45,750,110,RUE DES RECOLLETS,,,Nuit avec éclairage allumé,En agglomération,Intersection à plus de 4 branches,Normale,Autre collision,,,,,,,,,,,5,2,5,1.0,6.0
201000061934,0010-01-19 23:40:00,10,1,19,23,40,750,110,"3, PLACE DU COLONEL FABI",,,Nuit avec éclairage allumé,En agglomération,Intersection à plus de 4 branches,Normale,Sans collision,,,,,,,,,,,5,2,5,1.0,7.0
201000061935,0010-01-21 00:40:00,10,1,21,0,40,750,110,RUE DE PARADIS,,,Nuit avec éclairage allumé,En agglomération,Intersection en X,Pluie légère,Sans collision,,,,,,,,,,,5,2,2,2.0,7.0
201000061936,0010-01-22 16:00:00,10,1,22,16,0,750,110,"135, BOULEVARD DE MAGENT",,,Plein jour,En agglomération,Intersection en Y,Normale,Autre collision,,,,,,,,,,,1,2,4,1.0,6.0
201000061937,0010-01-23 00:30:00,10,1,23,0,30,750,110,BOULEVARD DE MAGENTA,,,Nuit avec éclairage allumé,En agglomération,Intersection à plus de 4 branches,Normale,Autre collision,,,,,,,,,,,5,2,5,1.0,6.0
201000061938,0010-01-23 02:50:00,10,1,23,2,50,750,110,"219, RUE LA FAYETTE",,,Nuit avec éclairage allumé,En agglomération,Hors intersection,Normale,Autre collision,,,,,,,,,,,5,2,1,1.0,6.0
201000061939,0010-01-23 06:30:00,10,1,23,6,30,750,110,BOULEVARD DE MAGENTA,,,Nuit avec éclairage allumé,En agglomération,Hors intersection,Pluie légère,Autre collision,,,,,,,,,,,5,2,1,2.0,6.0
201000061940,0010-01-24 18:05:00,10,1,24,18,5,750,110,"169, RUE LA FAYETTE",,,Nuit avec éclairage allumé,En agglomération,Intersection à plus de 4 branches,Pluie légère,Deux véhicules - côté,,,,,,,,,,,5,2,5,2.0,3.0
201000061941,0010-01-25 15:40:00,10,1,25,15,40,750,110,"12, RUE DES RECOLLETS",,,Plein jour,En agglomération,Hors intersection,Normale,Autre collision,,,,,,,,,,,1,2,1,1.0,6.0
201000061942,0010-01-25 17:30:00,10,1,25,17,30,750,110,"247, RUE LA FAYETTE",,,Plein jour,En agglomération,Intersection à plus de 4 branches,Normale,Deux véhicules - côté,,,,,,,,,,,1,2,5,1.0,3.0
201000061943,0010-01-26 12:40:00,10,1,26,12,40,750,110,"41, BOULEVARD DE LA VILL",,,Plein jour,En agglomération,Hors intersection,Normale,Autre collision,,,,,,,,,,,1,2,1,1.0,6.0
201000061944,0010-01-27 20:40:00,10,1,27,20,40,750,110,"09, RUE LOUIS BLANC",,,Nuit avec éclairage allumé,En agglomération,Intersection en T,Normale,Deux véhicules - côté,,,,,,,,,,,5,2,3,1.0,3.0
201000061945,0010-01-28 17:57:00,10,1,28,17,57,750,110,"49, BOULEVARD DE MAGENTA",,,Nuit avec éclairage allumé,En agglomération,Hors intersection,Pluie légère,Autre collision,,,,,,,,,,,5,2,1,2.0,6.0
201000061946,0010-01-30 11:05:00,10,1,30,11,5,750,110,"167, BOULEVARD DE LA VIL",,,Plein jour,En agglomération,Hors intersection,Neige / grêle,Sans collision,,,,,,,,,,,1,2,1,4.0,7.0
201000061947,0010-01-30 20:26:00,10,1,30,20,26,750,110,"125, BOULEVARD DE LA VIL",,,Nuit avec éclairage allumé,En agglomération,Hors intersection,Normale,Autre collision,,,,,,,,,,,5,2,1,1.0,6.0
201000061948,0010-01-30 22:15:00,10,1,30,22,15,750,110,"162, AVENUE PARMENTIER",,,Nuit avec éclairage allumé,En agglomération,Hors intersection,Normale,Trois véhicules et plus - collisions multiples,,,,,,,,,,,5,2,1,1.0,5.0
201000061949,0010-02-02 19:56:00,10,2,2,19,56,750,110,"66, BOULEVARD DE MAGENTA",,,Nuit avec éclairage allumé,En agglomération,Hors intersection,Pluie légère,Autre collision,,,,,,,,,,,5,2,1,2.0,6.0
201000061950,0010-02-04 01:45:00,10,2,4,1,45,750,110,"1, RUE DE L AQUEDUC",,,Nuit avec éclairage allumé,En agglomération,Intersection en Y,Normale,Autre collision,,,,,,,,,,,5,2,4,1.0,6.0
201000061951,0010-02-04 15:10:00,10,2,4,15,10,750,110,"67, RUE DE LANCRY",,,Plein jour,En agglomération,Intersection en X,Normale,Sans collision,,,,,,,,,,,1,2,2,1.0,7.0
201000061952,0010-02-05 10:00:00,10,2,5,10,0,750,110,RUE SAINT MAUR,,,Plein jour,En agglomération,Intersection en T,Normale,Deux véhicules - côté,,,,,,,,,,,1,2,3,1.0,3.0
201000061953,0010-02-05 21:20:00,10,2,5,21,20,750,110,"4, PLACE FRANZ LISZT",,,Nuit avec éclairage allumé,En agglomération,Intersection à plus de 4 branches,Normale,Sans collision,,,,,,,,,,,5,2,5,1.0,7.0
201000061954,0010-02-06 10:45:00,10,2,6,10,45,750,110,"2, RUE DU HUIT MAI 1945",,,Plein jour,En agglomération,Intersection en X,Pluie légère,Deux véhicules - côté,,,,,,,,,,,1,2,2,2.0,3.0
201000061955,0010-02-07 05:30:00,10,2,7,5,30,750,110,"2, BOULEVARD DE MAGENTA",,,Nuit avec éclairage allumé,En agglomération,Hors intersection,Pluie légère,Autre collision,,,,,,,,,,,5,2,1,2.0,6.0
201000061956,0010-02-09 13:05:00,10,2,9,13,5,750,110,"24, BOULEVARD SAINT DENI",,,Plein jour,En agglomération,Hors intersection,Temps couvert,Deux véhicules - arrière,,,,,,,,,,,1,2,1,8.0,2.0
201000061957,0010-02-09 19:51:00,10,2,9,19,51,750,110,"81, BOULEVARD DE MAGENTA",,,Nuit avec éclairage allumé,En agglomération,Hors intersection,Normale,Deux véhicules - côté,,,,,,,,,,,5,2,1,1.0,3.0
201000061958,0010-02-11 12:30:00,10,2,11,12,30,750,110,"135, BOULEVARD DE MAGENT",,,Plein jour,En agglomération,Intersection en Y,Neige / grêle,Deux véhicules - côté,,,,,,,,,,,1,2,4,4.0,3.0
201000061959,0010-02-11 15:45:00,10,2,11,15,45,750,110,"154, BOULEVARD DE MAGENT",,,Plein jour,En agglomération,Hors intersection,Neige / grêle,Autre collision,,,,,,,,,,,1,2,1,4.0,6.0
201000061960,0010-02-13 02:00:00,10,2,13,2,0,750,110,"206, RUE LA FAYETTE",,,Nuit avec éclairage allumé,En agglomération,Intersection en X,Normale,Autre collision,,,,,,,,,,,5,2,2,1.0,6.0
201000061961,0010-02-13 03:15:00,10,2,13,3,15,750,110,"150, BOULEVARD DE MAGENT",,,Nuit avec éclairage allumé,En agglomération,Hors intersection,Normale,Autre collision,,,,,,,,,,,5,2,1,1.0,6.0
201000061962,0010-02-13 22:30:00,10,2,13,22,30,750,110,"190, RUE SAINT MAUR",,,Nuit avec éclairage allumé,En agglomération,Intersection en T,Normale,Autre collision,,,,,,,,,,,5,2,3,1.0,6.0
201000061963,0010-02-15 06:30:00,10,2,15,6,30,750,110,"00, RUE LA FAYETTE",,,Nuit avec éclairage allumé,En agglomération,Intersection en X,Normale,Deux véhicules - côté,,,,,,,,,,,5,2,2,1.0,3.0
201000061964,0010-02-15 11:55:00,10,2,15,11,55,750,110,"17, RUE RENE BOULANGER",,,Plein jour,En agglomération,Intersection en T,Normale,Deux véhicules - côté,,,,,,,,,,,1,2,3,1.0,3.0
201000061965,0010-02-19 06:55:00,10,2,19,6,55,750,110,"67, BOULEVARD DE MAGENTA",,,Plein jour,En agglomération,Intersection à plus de 4 branches,Temps couvert,Autre collision,,,,,,,,,,,1,2,5,8.0,6.0
201000061966,0010-02-20 06:45:00,10,2,20,6,45,750,110,"148, BOULEVARD DE MAGENT",,,Nuit avec éclairage allumé,En agglomération,Hors intersection,Pluie légère,Autre collision,,,,,,,,,,,5,2,1,2.0,6.0
201000061967,0010-02-20 09:50:00,10,2,20,9,50,750,110,"36, BOULEVARD DE BONNE N",,,Plein jour,En agglomération,Hors intersection,Normale,Trois véhicules et plus - en chaîne,,,,,,,,,,,1,2,1,1.0,4.0
201000061968,0010-02-24 12:50:00,10,2,24,12,50,750,110,"202, RUE LA FAYETTE",,,Plein jour,En agglomération,Hors intersection,Normale,Sans collision,,,,,,,,,,,1,2,1,1.0,7.0
201000061969,0010-02-25 10:15:00,10,2,25,10,15,750,110,RUE LOUIS BLANC,,,Plein jour,En agglomération,Intersection à plus de 4 branches,Temps couvert,Deux véhicules - côté,,,,,,,,,,,1,2,5,8.0,3.0
201000061970,0010-02-25 14:50:00,10,2,25,14,50,750,110,"86, RUE RENE BOULANGER",,,Plein jour,En agglomération,Intersection en T,Pluie légère,Deux véhicules - côté,,,,,,,,,,,1,2,3,2.0,3.0
201000061971,0010-02-25 17:20:00,10,2,25,17,20,750,110,"141, AVENUE PARMENTIER",,,Plein jour,En agglomération,Hors intersection,Normale,Deux véhicules - côté,,,,,,,,,,,1,2,1,1.0,3.0
201000061972,0010-02-27 21:05:00,10,2,27,21,5,750,110,"1, RUE DE L AQUEDUC",,,Nuit avec éclairage allumé,En agglomération,Intersection en Y,Pluie légère,Autre collision,,,,,,,,,,,5,2,4,2.0,6.0
201000061973,0010-03-04 17:00:00,10,3,4,17,0,750,110,"190, RUE DU FAUBOURG SAI",,,Plein jour,En agglomération,Intersection en Y,Normale,Deux véhicules - arrière,,,,,,,,,,,1,2,4,1.0,2.0
201000061974,0010-03-04 17:35:00,10,3,4,17,35,750,110,"202, RUE LA FAYETTE",,,Crépuscule ou aube,En agglomération,Intersection en X,Normale,Autre collision,,,,,,,,,,,2,2,2,1.0,6.0
201000061975,0010-03-07 03:30:00,10,3,7,3,30,750,110,"200, RUE DU FAUBOURG SAI",,,Nuit avec éclairage allumé,En agglomération,Intersection en T,Normale,Deux véhicules - côté,,,,,,,,,,,5,2,3,1.0,3.0
201000061976,0010-11-02 20:25:00,10,11,2,20,25,750,110,"58, AVENUE CLAUDE VELLEF",,,Nuit avec éclairage allumé,En agglomération,Intersection en X,Normale,Deux véhicules - côté,,,,,,,,,,,5,2,2,1.0,3.0
201000061977,0010-03-07 19:15:00,10,3,7,19,15,750,110,"132, RUE DU FAUBOURG SAI",,,Nuit avec éclairage allumé,En agglomération,Hors intersection,Normale,Autre collision,,,,,,,,,,,5,2,1,1.0,6.0
201000061978,0010-03-08 15:25:00,10,3,8,15,25,750,110,"224, RUE DU FAUBOURG SAI",,,Plein jour,En agglomération,Hors intersection,Normale,Autre collision,,,,,,,,,,,1,2,1,1.0,6.0
201000061979,0010-03-12 23:00:00,10,3,12,23,0,750,110,"36, QUAI DE JEMMAPES",,,Nuit avec éclairage allumé,En agglomération,Hors intersection,Normale,Deux véhicules - côté,,,,,,,,,,,5,2,1,1.0,3.0
201000061980,0010-03-17 09:15:00,10,3,17,9,15,750,110,"157, RUE LA FAYETTE",,,Plein jour,En agglomération,Intersection en X,Normale,Autre collision,,,,,,,,,,,1,2,2,1.0,6.0
201000061981,0010-03-17 19:30:00,10,3,17,19,30,750,110,"38, RUE RENE BOULANGER",,,Nuit avec éclairage allumé,En agglomération,Hors intersection,Normale,Autre collision,,,,,,,,,,,5,2,1,1.0,6.0
201000061982,0010-03-18 05:40:00,10,3,18,5,40,750,110,BOULEVARD DE LA CHAPELLE,,,Nuit avec éclairage allumé,En agglomération,Hors intersection,Normale,Autre collision,,,,,,,,,,,5,2,1,1.0,6.0
201000061983,0010-03-18 07:30:00,10,3,18,7,30,750,110,"18, RUE DU FAUBOURG POIS",,,Plein jour,En agglomération,Intersection en X,Normale,Deux véhicules - côté,,,,,,,,,,,1,2,2,1.0,3.0
201000061984,0010-03-18 22:00:00,10,3,18,22,0,750,110,AVENUE DE VERDUN,,,Nuit avec éclairage allumé,En agglomération,Intersection en T,Normale,Deux véhicules - côté,,,,,,,,,,,5,2,3,1.0,3.0
201000061985,0010-03-19 09:03:00,10,3,19,9,3,750,110,"247, RUE LA FAYETTE",,,Plein jour,En agglomération,Intersection en X,Normale,Deux véhicules - côté,,,,,,,,,,,1,2,2,1.0,3.0
201000061986,0010-03-19 18:30:00,10,3,19,18,30,750,110,"55, RUE DE LA GRANGE AUX",,,Crépuscule ou aube,En agglomération,Hors intersection,Normale,Deux véhicules - côté,,,,,,,,,,,2,2,1,1.0,3.0
201000061987,0010-03-20 12:50:00,10,3,20,12,50,750,110,QUAI DE VALMY,,,Plein jour,En agglomération,Intersection à plus de 4 branches,Normale,Deux véhicules - côté,,,,,,,,,,,1,2,5,1.0,3.0
201000061988,0010-03-20 21:00:00,10,3,20,21,0,750,110,"53, BOULEVARD DE MAGENTA",,,Nuit avec éclairage allumé,En agglomération,Hors intersection,Pluie forte,Autre collision,,,,,,,,,,,5,2,1,3.0,6.0
201000061989,0010-03-22 16:10:00,10,3,22,16,10,750,110,"40, AVENUE CLAUDE VELLEF",,,Plein jour,En agglomération,Hors intersection,Normale,Deux véhicules - côté,,,,,,,,,,,1,2,1,1.0,3.0
201000061990,0010-03-23 16:25:00,10,3,23,16,25,750,110,"171, RUE LA FAYETTE",,,Plein jour,En agglomération,Hors intersection,Normale,Deux véhicules - côté,,,,,,,,,,,1,2,1,1.0,3.0
201000061991,0010-03-25 08:10:00,10,3,25,8,10,750,110,RUE DU CHATEAU D EAU,,,Plein jour,En agglomération,Hors intersection,Normale,Deux véhicules - côté,,,,,,,,,,,1,2,1,1.0,3.0
201000061992,0010-03-27 19:50:00,10,3,27,19,50,750,110,"196, RUE LA FAYETTE",,,Nuit avec éclairage allumé,En agglomération,Hors intersection,Pluie légère,Autre collision,,,,,,,,,,,5,2,1,2.0,6.0
201000061993,0010-03-29 07:00:00,10,3,29,7,0,750,110,"53, BOULEVARD DE MAGENTA",,,Crépuscule ou aube,En agglomération,Hors intersection,Normale,Autre collision,,,,,,,,,,,2,2,1,1.0,6.0
201000061994,0010-03-29 13:55:00,10,3,29,13,55,750,110,"17, RUE JEAN MOINON",,,Plein jour,En agglomération,Hors intersection,Normale,Autre collision,,,,,,,,,,,1,2,1,1.0,6.0
201000061995,0010-04-01 12:55:00,10,4,1,12,55,750,110,"19, RUE DU FAUBOURG SAIN",,,Plein jour,En agglomération,Hors intersection,Normale,Autre collision,,,,,,,,,,,1,2,1,1.0,6.0
201000061996,0010-04-02 09:35:00,10,4,2,9,35,750,110,"109, BOULEVARD DE MAGENT",,,Plein jour,En agglomération,Hors intersection,Pluie légère,Sans collision,,,,,,,,,,,1,2,1,2.0,7.0
201000061997,0010-04-04 03:00:00,10,4,4,3,0,750,110,"90, BOULEVARD DE MAGENTA",,,Nuit avec éclairage allumé,En agglomération,Hors intersection,Pluie légère,Autre collision,,,,,,,,,,,5,2,1,2.0,6.0
201000061998,0010-04-04 21:10:00,10,4,4,21,10,750,110,"206, RUE LA FAYETTE",,,Nuit avec éclairage allumé,En agglomération,Intersection en X,Normale,Deux véhicules - côté,,,,,,,,,,,5,2,2,1.0,3.0
201000061999,0010-04-05 06:00:00,10,4,5,6,0,750,110,RUE LA FAYETTE,,,Nuit avec éclairage allumé,En agglomération,Intersection à plus de 4 branches,Normale,Sans collision,,,,,,,,,,,5,2,5,1.0,7.0
201000062000,0010-04-05 17:00:00,10,4,5,17,0,750,110,"19, BOULEVARD DE MAGENTA",,,Plein jour,En agglomération,Intersection à plus de 4 branches,Normale,Deux véhicules - côté,,,,,,,,,,,1,2,5,1.0,3.0
201000062001,0010-04-06 00:20:00,10,4,6,0,20,750,110,"1, BOULEVARD DE MAGENTA",,,Nuit avec éclairage allumé,En agglomération,Intersection à plus de 4 branches,Normale,Deux véhicules - côté,,,,,,,,,,,5,2,5,1.0,3.0
201000062002,0010-04-06 15:05:00,10,4,6,15,5,750,110,"25, RUE DE DUNKERQUE",,,Plein jour,En agglomération,Hors intersection,Normale,Trois véhicules et plus - en chaîne,,,,,,,,,,,1,2,1,1.0,4.0
201000062003,0010-04-07 10:50:00,10,4,7,10,50,750,110,"69, BOULEVARD DE MAGENTA",,,Plein jour,En agglomération,Intersection à plus de 4 branches,Normale,Deux véhicules - côté,,,,,,,,,,,1,2,5,1.0,3.0
201000062004,0010-04-09 12:20:00,10,4,9,12,20,750,110,BOULEVARD DE STRASBOURG,,,Plein jour,En agglomération,Hors intersection,Normale,Autre collision,,,,,,,,,,,1,2,1,1.0,6.0
201000062005,0010-04-09 19:05:00,10,4,9,19,5,750,110,"73, RUE DU FAUBOURG DU T",,,Plein jour,En agglomération,Intersection en X,Normale,Deux véhicules - côté,,,,,,,,,,,1,2,2,1.0,3.0
201000062006,0010-04-10 14:40:00,10,4,10,14,40,750,110,"147, BOULEVARD DE LA VIL",,,Plein jour,En agglomération,Hors intersection,Normale,Deux véhicules - côté,,,,,,,,,,,1,2,1,1.0,3.0
201000062007,0010-04-11 06:45:00,10,4,11,6,45,750,110,"39, BOULEVARD DE LA CHAP",,,Crépuscule ou aube,En agglomération,Intersection à plus de 4 branches,Normale,Deux véhicules - côté,,,,,,,,,,,2,2,5,1.0,3.0
201000062008,0010-04-12 10:30:00,10,4,12,10,30,750,110,"117, QUAI DE VALMY",,,Plein jour,En agglomération,Hors intersection,Normale,Deux véhicules - côté,,,,,,,,,,,1,2,1,1.0,3.0
201000062009,0010-04-13 19:40:00,10,4,13,19,40,750,110,RUE DE CHABROL,,,Plein jour,En agglomération,Hors intersection,Normale,Deux véhicules - côté,,,,,,,,,,,1,2,1,1.0,3.0
201000062010,0010-04-14 10:45:00,10,4,14,10,45,750,110,RUE DU CHATEAU D EAU,,,Plein jour,En agglomération,Hors intersection,Normale,Deux véhicules - côté,,,,,,,,,,,1,2,1,1.0,3.0
201000062011,0010-04-14 21:15:00,10,4,14,21,15,750,110,BOULEVARD DE LA CHAPELLE,,,Nuit avec éclairage allumé,En agglomération,Hors intersection,Normale,Deux véhicules - arrière,,,,,,,,,,,5,2,1,1.0,2.0
201000062012,0010-04-15 14:20:00,10,4,15,14,20,750,110,"17, AVENUE CLAUDE VELLEF",,,Plein jour,En agglomération,Hors intersection,Normale,Autre collision,,,,,,,,,,,1,2,1,1.0,6.0
201000062013,0010-04-16 15:50:00,10,4,16,15,50,750,110,BOULEVARD DE MAGENTA,,,Plein jour,En agglomération,Intersection en X,Normale,Deux véhicules - côté,,,,,,,,,,,1,2,2,1.0,3.0
201000062014,0010-04-16 17:15:00,10,4,16,17,15,750,110,"1 bis, BOULEVARD DE MAGE",,,Plein jour,En agglomération,Hors intersection,Normale,Autre collision,,,,,,,,,,,1,2,1,1.0,6.0
201000062015,0010-04-18 06:30:00,10,4,18,6,30,750,110,"217, RUE LA FAYETTE",,,Plein jour,En agglomération,Hors intersection,Normale,Deux véhicules - arrière,,,,,,,,,,,1,2,1,1.0,2.0
201000062016,0010-04-19 07:50:00,10,4,19,7,50,750,110,BOULEVARD DE MAGENTA,,,Plein jour,En agglomération,Hors intersection,Normale,Autre collision,,,,,,,,,,,1,2,1,1.0,6.0
201000062017,0010-04-20 18:15:00,10,4,20,18,15,750,110,"119, QUAI DE VALMY",,,Plein jour,En agglomération,Hors intersection,Normale,Autre collision,,,,,,,,,,,1,2,1,1.0,6.0
201000062018,0010-04-21 17:50:00,10,4,21,17,50,750,110,"38, RUE BICHAT",,,Plein jour,En agglomération,Intersection en X,Normale,Deux véhicules - côté,,,,,,,,,,,1,2,2,1.0,3.0
201000062019,0010-04-22 09:40:00,10,4,22,9,40,750,110,"63, RUE DU FAUBOURG SAIN",,,Plein jour,En agglomération,Intersection en X,Normale,Deux véhicules - côté,,,,,,,,,,,1,2,2,1.0,3.0
201000062020,0010-04-24 14:05:00,10,4,24,14,5,750,110,RUE LA FAYETTE,,,Plein jour,En agglomération,Intersection en X,Normale,Deux véhicules - côté,,,,,,,,,,,1,2,2,1.0,3.0
201000062021,0010-04-27 07:50:00,10,4,27,7,50,750,110,"13, BOULEVARD DE MAGENTA",,,Plein jour,En agglomération,Hors intersection,Normale,Autre collision,,,,,,,,,,,1,2,1,1.0,6.0
201000062022,0010-04-29 18:15:00,10,4,29,18,15,750,110,"41, BOULEVARD DE LA CHAP",,,Plein jour,En agglomération,Hors intersection,Normale,Autre collision,,,,,,,,,,,1,2,1,1.0,6.0
201000062023,0010-04-30 05:15:00,10,4,30,5,15,750,110,BOULEVARD DE MAGENTA,,,Nuit sans éclairage public,En agglomération,Hors intersection,Normale,Deux véhicules - arrière,,,,,,,,,,,3,2,1,1.0,2.0
201000062024,0010-04-30 11:00:00,10,4,30,11,0,750,110,"195, RUE DU FAUBOURG SAI",,,Plein jour,En agglomération,Hors intersection,Normale,Autre collision,,,,,,,,,,,1,2,1,1.0,6.0
201000062025,0010-04-30 17:45:00,10,4,30,17,45,750,110,"21, RUE DE DUNKERQUE",,,Plein jour,En agglomération,Hors intersection,Normale,Autre collision,,,,,,,,,,,1,2,1,1.0,6.0
201000062026,0010-05-02 00:40:00,10,5,2,0,40,750,110,"166, RUE LA FAYETTE",,,Nuit avec éclairage allumé,En agglomération,Hors intersection,Pluie légère,Autre collision,,,,,,,,,,,5,2,1,2.0,6.0
201000062027,0010-05-03 10:00:00,10,5,3,10,0,750,110,"10, RUE DEMARQUAY",,,Plein jour,En agglomération,Hors intersection,Normale,Deux véhicules - côté,,,,,,,,,,,1,2,1,1.0,3.0
201000062028,0010-05-04 18:10:00,10,5,4,18,10,750,110,"43, BOULEVARD DE LA CHAP",,,Plein jour,En agglomération,Hors intersection,Normale,Sans collision,,,,,,,,,,,1,2,1,1.0,7.0
201000062029,0010-05-04 20:38:00,10,5,4,20,38,750,110,RUE LA FAYETTE,,,Crépuscule ou aube,En agglomération,Intersection en X,Normale,Autre collision,,,,,,,,,,,2,2,2,1.0,6.0
201000062030,0010-05-05 02:10:00,10,5,5,2,10,750,110,BOULEVARD DE MAGENTA,,,Nuit avec éclairage allumé,En agglomération,Intersection en X,Normale,Autre collision,,,,,,,,,,,5,2,2,1.0,6.0
201000062031,0010-05-05 19:20:00,10,5,5,19,20,750,110,RUE LA FAYETTE,,,Plein jour,En agglomération,Intersection en X,Normale,Autre collision,,,,,,,,,,,1,2,2,1.0,6.0
201000062032,0010-05-06 13:10:00,10,5,6,13,10,750,110,"10, BOULEVARD DE MAGENTA",,,Plein jour,En agglomération,Hors intersection,Normale,Autre collision,,,,,,,,,,,1,2,1,1.0,6.0
201000062033,0010-05-06 21:40:00,10,5,6,21,40,750,110,AVENUE CLAUDE VELLEFAUX,,,Nuit avec éclairage allumé,En agglomération,Hors intersection,Normale,Deux véhicules - côté,,,,,,,,,,,5,2,1,1.0,3.0
201000062034,0010-05-06 23:15:00,10,5,6,23,15,750,110,"6, PLACE JACQUES BONSERG",,,Nuit avec éclairage allumé,En agglomération,Hors intersection,Normale,Autre collision,,,,,,,,,,,5,2,1,1.0,6.0
201000062035,0010-05-07 10:30:00,10,5,7,10,30,750,110,"54, BOULEVARD DE MAGENTA",,,Plein jour,En agglomération,Intersection à plus de 4 branches,Normale,Autre collision,,,,,,,,,,,1,2,5,1.0,6.0
201000062036,0010-05-10 22:10:00,10,5,10,22,10,750,110,"99, RUE LA FAYETTE",,,Nuit avec éclairage allumé,En agglomération,Hors intersection,Pluie légère,Autre collision,,,,,,,,,,,5,2,1,2.0,6.0
201000062037,0010-05-10 23:58:00,10,5,10,23,58,750,110,PLACE DU COLONEL FABIEN,,,Nuit avec éclairage allumé,En agglomération,Intersection à plus de 4 branches,Pluie forte,Deux véhicules - côté,,,,,,,,,,,5,2,5,3.0,3.0
201000062038,0010-05-11 09:15:00,10,5,11,9,15,750,110,"24, RUE DE DUNKERQUE",,,Plein jour,En agglomération,Hors intersection,Pluie légère,Deux véhicules - arrière,,,,,,,,,,,1,2,1,2.0,2.0
201000062039,0010-05-12 05:30:00,10,5,12,5,30,750,110,RUE LA FAYETTE,,,Nuit avec éclairage allumé,En agglomération,Hors intersection,Normale,Autre collision,,,,,,,,,,,5,2,1,1.0,6.0