accident_id,datetime,annee,mois,jour,heure,minute,departement,commune_insee,adresse,latitude,longitude,luminosite,agglomeration,intersection,meteo,collision,nb_vehicules,nb_usagers,nb_indemnes,nb_tues,nb_blesses_hosp,nb_blesses_legers,age_cond_1,age_cond_2,veh_type_cond_1,veh_type_cond_2,lum_code,agg_code,int_code,atm_code,col_code
201000062164,0010-10-08 07:30:00,10,10,8,7,30,750,110,"156, RUE DU FAUBOURG SAI",,,Plein jour,En agglomération,Intersection en X,Normale,Deux véhicules - frontale,,,,,,,,,,,1,2,2,1.0,1.0
201000062165,0010-10-10 17:50:00,10,10,10,17,50,750,110,BOULEVARD DE MAGENTA,,,Plein jour,En agglomération,Intersection à plus de 4 branches,Normale,Deux véhicules - côté,,,,,,,,,,,1,2,5,1.0,3.0
201000062166,0010-10-11 00:45:00,10,10,11,0,45,750,110,"29bis, BOULEVARD DE MAGE",,,Nuit avec éclairage allumé,En agglomération,Intersection en X,Normale,Autre collision,,,,,,,,,,,5,2,2,1.0,6.0
201000062167,0010-10-11 17:15:00,10,10,11,17,15,750,110,"64, AVENUE CLAUDE VELLEF",,,Plein jour,En agglomération,Hors intersection,Normale,Autre collision,,,,,,,,,,,1,2,1,1.0,6.0
201000062168,0010-10-12 14:35:00,10,10,12,14,35,750,110,"14, RUE DU HUIT MAI 1945",,,Plein jour,En agglomération,Intersection en X,Normale,Deux véhicules - côté,,,,,,,,,,,1,2,2,1.0,3.0
201000062169,0010-10-13 16:50:00,10,10,13,16,50,750,110,"24, RUE PHILIPPE DE GIRA",,,Plein jour,En agglomération,Intersection en T,Normale,Autre collision,,,,,,,,,,,1,2,3,1.0,6.0
201000062170,0010-10-13 17:29:00,10,10,13,17,29,750,110,"88, RUE DU FAUBOURG POIS",,,Plein jour,En agglomération,Intersection en X,Normale,Sans collision,,,,,,,,,,,1,2,2,1.0,7.0
201000062171,0010-10-14 19:40:00,10,10,14,19,40,750,110,"164, RUE LA FAYETTE",,,Nuit avec éclairage allumé,En agglomération,Intersection en Y,Normale,Deux véhicules - côté,,,,,,,,,,,5,2,4,1.0,3.0
201000062172,0010-10-14 23:45:00,10,10,14,23,45,750,110,"162, BOULEVARD DE MAGENT",,,Nuit avec éclairage allumé,En agglomération,Hors intersection,Normale,Deux véhicules - frontale,,,,,,,,,,,5,2,1,1.0,1.0
201000062173,0010-10-16 09:10:00,10,10,16,9,10,750,110,"51, BOULEVARD DE MAGENTA",,,Plein jour,En agglomération,Intersection en T,Normale,Deux véhicules - frontale,,,,,,,,,,,1,2,3,1.0,1.0
201000062174,0010-10-19 16:55:00,10,10,19,16,55,750,110,"191, RUE LA FAYETTE",,,Plein jour,En agglomération,Intersection à plus de 4 branches,Normale,Deux véhicules - côté,,,,,,,,,,,1,2,5,1.0,3.0
201000062175,0010-10-20 00:10:00,10,10,20,0,10,750,110,"193, RUE LA FAYETTE",,,Nuit avec éclairage allumé,En agglomération,Intersection à plus de 4 branches,Pluie légère,Deux véhicules - frontale,,,,,,,,,,,5,2,5,2.0,1.0
201000062176,0010-10-21 09:50:00,10,10,21,9,50,750,110,"191, RUE DU FAUBOURG SAI",,,Plein jour,En agglomération,Hors intersection,Normale,Autre collision,,,,,,,,,,,1,2,1,1.0,6.0
201000062177,0010-10-22 08:35:00,10,10,22,8,35,750,110,"126, RUE DU FAUBOURG POI",,,Plein jour,En agglomération,Hors intersection,Normale,Autre collision,,,,,,,,,,,1,2,1,1.0,6.0
201000062178,0010-10-22 22:55:00,10,10,22,22,55,750,110,"35, RUE DE L ECHIQUIER",,,Nuit avec éclairage allumé,En agglomération,Intersection en X,Normale,Deux véhicules - côté,,,,,,,,,,,5,2,2,1.0,3.0
201000062179,0010-10-23 13:25:00,10,10,23,13,25,750,110,"168, RUE DU FAUBOURG SAI",,,Plein jour,En agglomération,Hors intersection,Pluie légère,Deux véhicules - côté,,,,,,,,,,,1,2,1,2.0,3.0
201000062180,0010-10-26 20:20:00,10,10,26,20,20,750,110,"1, BOULEVARD DE MAGENTA",,,Nuit avec éclairage allumé,En agglomération,Intersection à plus de 4 branches,Normale,Deux véhicules - arrière,,,,,,,,,,,5,2,5,1.0,2.0
201000062181,0010-10-28 19:00:00,10,10,28,19,0,750,110,"137, AVENUE PARMENTIER",,,Nuit avec éclairage allumé,En agglomération,Intersection en X,Normale,Autre collision,,,,,,,,,,,5,2,2,1.0,6.0
201000062182,0010-10-29 12:50:00,10,10,29,12,50,750,110,"53, BOULEVARD DE STRASBO",,,Plein jour,En agglomération,Hors intersection,Normale,Deux véhicules - arrière,,,,,,,,,,,1,2,1,1.0,2.0
201000062183,0010-10-29 19:30:00,10,10,29,19,30,750,110,"28, BOULEVARD SAINT DENI",,,Nuit avec éclairage allumé,En agglomération,Hors intersection,Normale,Deux véhicules - côté,,,,,,,,,,,5,2,1,1.0,3.0
201000062184,0010-10-30 05:45:00,10,10,30,5,45,750,110,"15, BOULEVARD DE MAGENTA",,,Nuit avec éclairage allumé,En agglomération,Intersection en X,Pluie forte,Autre collision,,,,,,,,,,,5,2,2,3.0,6.0
201000062185,0010-10-30 06:05:00,10,10,30,6,5,750,110,"38, RUE DE PARADIS",,,Nuit avec éclairage allumé,En agglomération,Intersection en X,Pluie forte,Deux véhicules - côté,,,,,,,,,,,5,2,2,3.0,3.0
201000062186,0010-10-30 17:00:00,10,10,30,17,0,750,110,"16, PLACE DE LA REPUBLIQ",,,Plein jour,En agglomération,Intersection à plus de 4 branches,Normale,Autre collision,,,,,,,,,,,1,2,5,1.0,6.0
201000062187,0010-10-30 23:15:00,10,10,30,23,15,750,110,"153, RUE LA FAYETTE",,,Nuit avec éclairage allumé,En agglomération,Intersection en X,Normale,Autre collision,,,,,,,,,,,5,2,2,1.0,6.0
201000062188,0010-11-02 11:35:00,10,11,2,11,35,750,110,"155, BOULEVARD DE LA VIL",,,Plein jour,En agglomération,Intersection en T,Temps couvert,Deux véhicules - côté,,,,,,,,,,,1,2,3,8.0,3.0
201000062189,0010-11-04 19:05:00,10,11,4,19,5,750,110,"50, BOULEVARD DE STRASBO",,,Nuit avec éclairage allumé,En agglomération,Hors intersection,Normale,Autre collision,,,,,,,,,,,5,2,1,1.0,6.0
201000062190,0010-11-04 22:00:00,10,11,4,22,0,750,110,"12, PLACE DE LA REPUBLIQ",,,Nuit avec éclairage allumé,En agglomération,Hors intersection,Normale,Autre collision,,,,,,,,,,,5,2,1,1.0,6.0
201000062191,0010-11-06 18:25:00,10,11,6,18,25,750,110,"70, QUAI DE JEMMAPES",,,Nuit avec éclairage allumé,En agglomération,Hors intersection,Pluie forte,Autre collision,,,,,,,,,,,5,2,1,3.0,6.0
201000062192,0010-11-07 04:15:00,10,11,7,4,15,750,110,"193, RUE LA FAYETTE",,,Nuit avec éclairage allumé,En agglomération,Intersection en X,Normale,Deux véhicules - côté,,,,,,,,,,,5,2,2,1.0,3.0
201000062193,0010-11-06 22:25:00,10,11,6,22,25,750,110,"90, BOULEVARD DE MAGENTA",,,Nuit avec éclairage allumé,En agglomération,Hors intersection,Pluie forte,Autre collision,,,,,,,,,,,5,2,1,3.0,6.0
201000062194,0010-11-08 13:40:00,10,11,8,13,40,750,110,"01, BOULEVARD DE STRASBO",,,Plein jour,En agglomération,Intersection en X,Pluie forte,Autre collision,,,,,,,,,,,1,2,2,3.0,6.0
201000062195,0010-11-08 20:50:00,10,11,8,20,50,750,110,"218, RUE DU FAUBOURG SAI",,,Nuit avec éclairage allumé,En agglomération,Hors intersection,Pluie légère,Deux véhicules - côté,,,,,,,,,,,5,2,1,2.0,3.0
201000062196,0010-11-10 02:55:00,10,11,10,2,55,750,110,"114, BOULEVARD DE MAGENT",,,Nuit avec éclairage allumé,En agglomération,Hors intersection,Pluie légère,Autre collision,,,,,,,,,,,5,2,1,2.0,6.0
201000062197,0010-11-11 17:00:00,10,11,11,17,0,750,110,"120, RUE DU FAUBOURG SAI",,,Nuit avec éclairage allumé,En agglomération,Hors intersection,Pluie légère,Autre collision,,,,,,,,,,,5,2,1,2.0,6.0
201000062198,0010-11-12 11:50:00,10,11,12,11,50,750,110,"169, RUE LA FAYETTE",,,Plein jour,En agglomération,Intersection en X,Normale,Deux véhicules - côté,,,,,,,,,,,1,2,2,1.0,3.0
201000062199,0010-11-14 08:20:00,10,11,14,8,20,750,110,"46, BOULEVARD DE MAGENTA",,,Crépuscule ou aube,En agglomération,Hors intersection,Pluie légère,Autre collision,,,,,,,,,,,2,2,1,2.0,6.0
201000062200,0010-11-15 15:40:00,10,11,15,15,40,750,110,"29 bis, BOULEVARD DE MAG",,,Plein jour,En agglomération,Intersection en X,Normale,Deux véhicules - côté,,,,,,,,,,,1,2,2,1.0,3.0
201000062201,0010-11-16 05:25:00,10,11,16,5,25,750,110,"68, BOULEVARD DE MAGENTA",,,Nuit avec éclairage allumé,En agglomération,Intersection à plus de 4 branches,Normale,Deux véhicules - arrière,,,,,,,,,,,5,2,5,1.0,2.0
201000062202,0010-11-16 14:25:00,10,11,16,14,25,750,110,"6, BOULEVARD DE MAGENTA",,,Plein jour,En agglomération,Hors intersection,Normale,Autre collision,,,,,,,,,,,1,2,1,1.0,6.0
201000062203,0010-11-18 09:15:00,10,11,18,9,15,750,110,"169, RUE DU FAUBOURG SAI",,,Plein jour,En agglomération,Hors intersection,Normale,Autre collision,,,,,,,,,,,1,2,1,1.0,6.0
201000062204,0010-11-20 03:28:00,10,11,20,3,28,750,110,"114, BOULEVARD DE MAGENT",,,Nuit avec éclairage allumé,En agglomération,Hors intersection,Normale,Autre collision,,,,,,,,,,,5,2,1,1.0,6.0
201000062205,0010-11-23 11:40:00,10,11,23,11,40,750,110,"222, RUE DU FAUBOURG SAI",,,Plein jour,En agglomération,Intersection en T,Normale,Autre collision,,,,,,,,,,,1,2,3,1.0,6.0
201000062206,0010-11-25 13:35:00,10,11,25,13,35,750,110,"68, BOULEVARD DE STRASBO",,,Plein jour,En agglomération,Hors intersection,Normale,Sans collision,,,,,,,,,,,1,2,1,1.0,7.0
201000062207,0010-11-27 12:30:00,10,11,27,12,30,750,110,"43, BOULEVARD DE LA CHAP",,,Plein jour,En agglomération,Intersection en X,Normale,Autre collision,,,,,,,,,,,1,2,2,1.0,6.0
201000062208,0010-11-27 16:00:00,10,11,27,16,0,750,110,"41, RUE DE DUNKERQUE",,,Plein jour,En agglomération,Intersection en X,Normale,Deux véhicules - côté,,,,,,,,,,,1,2,2,1.0,3.0
201000062209,0010-11-27 20:15:00,10,11,27,20,15,750,110,"01, RUE DU HUIT MAI 1945",,,Nuit avec éclairage allumé,En agglomération,Hors intersection,Normale,Deux véhicules - côté,,,,,,,,,,,5,2,1,1.0,3.0
201000062210,0010-12-01 14:37:00,10,12,1,14,37,750,110,"32, AVENUE CLAUDE VELLEF",,,Plein jour,En agglomération,Hors intersection,Neige / grêle,Deux véhicules - arrière,,,,,,,,,,,1,2,1,4.0,2.0
201000062211,0010-12-01 20:35:00,10,12,1,20,35,750,110,"203, RUE LA FAYETTE",,,Nuit avec éclairage allumé,En agglomération,Hors intersection,Neige / grêle,Autre collision,,,,,,,,,,,5,2,1,4.0,6.0
201000062212,0010-12-04 22:00:00,10,12,4,22,0,750,110,"55, BOULEVARD DE STRASBO",,,Nuit avec éclairage allumé,En agglomération,Hors intersection,Normale,Autre collision,,,,,,,,,,,5,2,1,1.0,6.0
201000062213,0010-12-07 19:10:00,10,12,7,19,10,750,110,"69, BOULEVARD DE MAGENTA",,,Nuit avec éclairage allumé,En agglomération,Intersection à plus de 4 branches,Pluie légère,Deux véhicules - côté,,,,,,,,,,,5,2,5,2.0,3.0
201000062214,0010-12-07 22:45:00,10,12,7,22,45,750,110,"153, BOULEVARD DE MAGENT",,,Nuit avec éclairage allumé,En agglomération,Hors intersection,Pluie légère,Autre collision,,,,,,,,,,,5,2,1,2.0,6.0
201000062215,0010-12-10 14:55:00,10,12,10,14,55,750,110,"12, RUE LEON JOUHAUX",,,Plein jour,En agglomération,Hors intersection,Temps couvert,Deux véhicules - arrière,,,,,,,,,,,1,2,1,8.0,2.0
201000062216,0010-12-10 23:30:00,10,12,10,23,30,750,110,"12, PLACE DE LA REPUBLIQ",,,Nuit avec éclairage allumé,En agglomération,Intersection à plus de 4 branches,Normale,Deux véhicules - arrière,,,,,,,,,,,5,2,5,1.0,2.0
201000062217,0010-12-10 22:50:00,10,12,10,22,50,750,110,"162, RUE LA FAYETTE",,,Nuit avec éclairage allumé,En agglomération,Intersection en X,Normale,Autre collision,,,,,,,,,,,5,2,2,1.0,6.0
201000062218,0010-12-16 13:00:00,10,12,16,13,0,750,110,BOULEVARD DE LA VILLETTE,,,Plein jour,En agglomération,Hors intersection,Pluie légère,Autre collision,,,,,,,,,,,1,2,1,2.0,6.0
201000062219,0010-12-16 15:20:00,10,12,16,15,20,750,110,"231, RUE LA FAYETTE",,,Plein jour,En agglomération,Hors intersection,Pluie légère,Deux véhicules - côté,,,,,,,,,,,1,2,1,2.0,3.0
201000062220,0010-12-16 21:40:00,10,12,16,21,40,750,110,"114, BOULEVARD DE MAGENT",,,Nuit avec éclairage allumé,En agglomération,Hors intersection,Pluie légère,Autre collision,,,,,,,,,,,5,2,1,2.0,6.0
201000062221,0010-12-17 01:40:00,10,12,17,1,40,750,110,"53, BOULEVARD DE MAGENTA",,,Nuit avec éclairage allumé,En agglomération,Hors intersection,Neige / grêle,Autre collision,,,,,,,,,,,5,2,1,4.0,6.0
201000062222,0010-12-17 23:15:00,10,12,17,23,15,750,110,"5, PLACE DE LA BATAILLE",,,Nuit avec éclairage allumé,En agglomération,Hors intersection,Neige / grêle,Trois véhicules et plus - collisions multiples,,,,,,,,,,,5,2,1,4.0,5.0
201000062223,0010-12-19 00:10:00,10,12,19,0,10,750,110,"92, BOULEVARD DE MAGENTA",,,Nuit avec éclairage allumé,En agglomération,Hors intersection,Neige / grêle,Sans collision,,,,,,,,,,,5,2,1,4.0,7.0
201000062224,0010-12-22 21:35:00,10,12,22,21,35,750,110,"230, RUE LA FAYETTE",,,Nuit avec éclairage allumé,En agglomération,Intersection à plus de 4 branches,Neige / grêle,Autre collision,,,,,,,,,,,5,2,5,4.0,6.0
201000062225,0010-12-23 02:55:00,10,12,23,2,55,750,110,"233, RUE LA FAYETTE",,,Nuit avec éclairage allumé,En agglomération,Intersection en X,Normale,Deux véhicules - côté,,,,,,,,,,,5,2,2,1.0,3.0
201000062226,0010-12-23 11:25:00,10,12,23,11,25,750,110,"43, RUE DU FAUBOURG SAIN",,,Plein jour,En agglomération,Intersection en T,Neige / grêle,Autre collision,,,,,,,,,,,1,2,3,4.0,6.0
201000062227,0010-12-23 12:30:00,10,12,23,12,30,750,110,"33, RUE BICHAT",,,Plein jour,En agglomération,Hors intersection,Neige / grêle,Deux véhicules - côté,,,,,,,,,,,1,2,1,4.0,3.0
201000062228,0010-12-24 07:25:00,10,12,24,7,25,750,110,"162, RUE LA FAYETTE",,,Nuit avec éclairage allumé,En agglomération,Hors intersection,Neige / grêle,Autre collision,,,,,,,,,,,5,2,1,4.0,6.0
201000062229,0010-12-27 16:20:00,10,12,27,16,20,750,110,"31, RUE DU FAUBOURG SAIN",,,Plein jour,En agglomération,Hors intersection,Normale,Trois véhicules et plus - en chaîne,,,,,,,,,,,1,2,1,1.0,4.0
201000062230,0010-12-28 13:15:00,10,12,28,13,15,750,110,"08, CITE RIVERIN",,,Plein jour,En agglomération,Hors intersection,Pluie légère,Autre collision,,,,,,,,,,,1,2,1,2.0,6.0
201000062231,0010-12-29 12:00:00,10,12,29,12,0,750,110,"126, RUE DU FAUBOURG SAI",,,Plein jour,En agglomération,Intersection en T,Normale,Autre collision,,,,,,,,,,,1,2,3,1.0,6.0
201000062232,0010-12-30 18:30:00,10,12,30,18,30,750,110,"21, RUE DU CHATEAU D EAU",,,Nuit avec éclairage allumé,En agglomération,Intersection en T,Normale,Deux véhicules - côté,,,,,,,,,,,5,2,3,1.0,3.0
201000062233,0010-12-30 22:55:00,10,12,30,22,55,750,110,"193, RUE LA FAYETTE",,,Nuit avec éclairage allumé,En agglomération,Intersection en X,Normale,Deux véhicules - côté,,,,,,,,,,,5,2,2,1.0,3.0
201000062234,0010-12-31 18:52:00,10,12,31,18,52,750,110,"147, BOULEVARD DE MAGENT",,,Nuit avec éclairage allumé,En agglomération,Hors intersection,Normale,Autre collision,,,,,,,,,,,5,2,1,1.0,6.0
201000062235,0010-07-28 18:30:00,10,7,28,18,30,750,110,"153, BOULEVARD DE MAGENT",,,Plein jour,En agglomération,Hors intersection,Normale,Autre collision,,,,,,,,,,,1,2,1,1.0,6.0
201000062236,0010-01-02 19:45:00,10,1,2,19,45,750,111,"3, BOULEVARD DE BELLEVIL",,,Nuit avec éclairage allumé,En agglomération,Hors intersection,Autre,Deux véhicules - arrière,,,,,,,,,,,5,2,1,9.0,2.0
201000062237,0010-01-02 20:50:00,10,1,2,20,50,750,111,"61, RUE DE MONTREUIL",,,Nuit avec éclairage allumé,En agglomération,Intersection en T,Normale,Trois véhicules et plus - en chaîne,,,,,,,,,,,5,2,3,1.0,4.0
201000062238,0010-01-04 11:40:00,10,1,4,11,40,750,111,"71, AVENUE PARMENTIER",,,Plein jour,En agglomération,Hors intersection,Normale,Autre collision,,,,,,,,,,,1,2,1,1.0,6.0
201000062239,0010-01-04 12:25:00,10,1,4,12,25,750,111,"15, AVENUE PARMENTIER",,,Plein jour,En agglomération,Intersection en X,Normale,Autre collision,,,,,,,,,,,1,2,2,1.0,6.0
201000062240,0010-01-09 21:45:00,10,1,9,21,45,750,111,"127, AVENUE LEDRU ROLLIN",,,Nuit avec éclairage allumé,En agglomération,Intersection en X,Neige / grêle,Sans collision,,,,,,,,,,,5,2,2,4.0,7.0
201000062241,0010-01-11 14:10:00,10,1,11,14,10,750,112,AVENUE DU DOCTEUR ARNOLD,,,Plein jour,En agglomération,Hors intersection,Temps couvert,Deux véhicules - côté,,,,,,,,,,,1,2,1,8.0,3.0
201000062242,0010-01-11 20:15:00,10,1,11,20,15,750,111,"00, PLACE DE LA BASTILLE",,,Nuit avec éclairage allumé,En agglomération,Intersection à plus de 4 branches,Normale,Deux véhicules - côté,,,,,,,,,,,5,2,5,1.0,3.0
201000062243,0010-01-12 00:25:00,10,1,12,0,25,750,111,AVENUE DE LA REPUBLIQUE,,,Nuit avec éclairage allumé,En agglomération,Intersection en X,Temps couvert,Autre collision,,,,,,,,,,,5,2,2,8.0,6.0
201000062244,0010-01-12 20:45:00,10,1,12,20,45,750,111,"30, AVENUE PARMENTIER",,,Nuit avec éclairage allumé,En agglomération,Intersection en T,Normale,Deux véhicules - côté,,,,,,,,,,,5,2,3,1.0,3.0
201000062245,0010-01-14 03:30:00,10,1,14,3,30,750,111,"10, PLACE DE LA REPUBLIQ",,,Nuit avec éclairage allumé,En agglomération,Intersection à plus de 4 branches,Normale,Autre collision,,,,,,,,,,,5,2,5,1.0,6.0
201000062246,0010-01-14 10:15:00,10,1,14,10,15,750,111,"58, RUE DE CHARONNE",,,Plein jour,En agglomération,Hors intersection,Normale,Deux véhicules - côté,,,,,,,,,,,1,2,1,1.0,3.0
201000062247,0010-01-14 17:35:00,10,1,14,17,35,750,111,"261, RUE DU FAUBOURG SAI",,,Nuit avec éclairage allumé,En agglomération,Intersection en T,Normale,Deux véhicules - côté,,,,,,,,,,,5,2,3,1.0,3.0
201000062248,0010-01-14 19:00:00,10,1,14,19,0,750,111,"149, BOULEVARD VOLTAIRE",,,Nuit avec éclairage allumé,En agglomération,Intersection en X,Normale,Autre collision,,,,,,,,,,,5,2,2,1.0,6.0
201000062249,0010-01-14 20:35:00,10,1,14,20,35,750,111,"152, AVENUE LEDRU ROLLIN",,,Nuit avec éclairage allumé,En agglomération,Intersection à plus de 4 branches,Normale,Sans collision,,,,,,,,,,,5,2,5,1.0,7.0
201000062250,0010-01-15 13:20:00,10,1,15,13,20,750,111,"135, BOULEVARD VOLTAIRE",,,Plein jour,En agglomération,Intersection en X,Temps couvert,Sans collision,,,,,,,,,,,1,2,2,8.0,7.0
201000062251,0010-01-16 12:46:00,10,1,16,12,46,750,111,"11, PLACE DE LA NATION",,,Plein jour,En agglomération,Intersection à plus de 4 branches,Pluie légère,Autre collision,,,,,,,,,,,1,2,5,2.0,6.0
201000062252,0010-01-16 19:00:00,10,1,16,19,0,750,111,RUE FAIDHERBE,,,Nuit avec éclairage allumé,En agglomération,Intersection en Y,Normale,Autre collision,,,,,,,,,,,5,2,4,1.0,6.0
201000062253,0010-01-19 16:30:00,10,1,19,16,30,750,111,"8, PLACE LEON BLUM",,,Plein jour,En agglomération,Intersection à plus de 4 branches,Normale,Deux véhicules - côté,,,,,,,,,,,1,2,5,1.0,3.0
201000062254,0010-01-21 09:05:00,10,1,21,9,5,750,111,PLACE DE LA REPUBLIQUE,,,Plein jour,En agglomération,Intersection à plus de 4 branches,Temps couvert,Autre collision,,,,,,,,,,,1,2,5,8.0,6.0
201000062255,0010-01-21 13:05:00,10,1,21,13,5,750,111,"133, RUE DU FAUBOURG SAI",,,Plein jour,En agglomération,Hors intersection,Temps couvert,Autre collision,,,,,,,,,,,1,2,1,8.0,6.0
201000062256,0010-01-21 20:40:00,10,1,21,20,40,750,111,"164, RUE DE LA ROQUETTE",,,Nuit avec éclairage allumé,En agglomération,Intersection en T,Normale,Deux véhicules - côté,,,,,,,,,,,5,2,3,1.0,3.0
201000062257,0010-01-23 18:50:00,10,1,23,18,50,750,111,"212, BOULEVARD VOLTAIRE",,,Nuit avec éclairage allumé,En agglomération,Intersection en T,Pluie légère,Deux véhicules - côté,,,,,,,,,,,5,2,3,2.0,3.0
201000062258,0010-01-25 10:23:00,10,1,25,10,23,750,111,BOULEVARD RICHARD LENOIR,,,Plein jour,En agglomération,Intersection en X,Normale,Autre collision,,,,,,,,,,,1,2,2,1.0,6.0
201000062259,0010-01-25 11:30:00,10,1,25,11,30,750,111,RUE DE LA ROQUETTE,,,Plein jour,En agglomération,Hors intersection,Normale,Deux véhicules - arrière,,,,,,,,,,,1,2,1,1.0,2.0
201000062260,0010-01-26 19:20:00,10,1,26,19,20,750,111,"33, RUE DU FAUBOURG SAIN",,,Nuit avec éclairage allumé,En agglomération,Hors intersection,Normale,Deux véhicules - côté,,,,,,,,,,,5,2,1,1.0,3.0
201000062261,0010-01-29 09:50:00,10,1,29,9,50,750,111,"115, BOULEVARD VOLTAIRE",,,Plein jour,En agglomération,Intersection en Y,Pluie légère,Sans collision,,,,,,,,,,,1,2,4,2.0,7.0
201000062262,0010-01-29 18:20:00,10,1,29,18,20,750,111,AVENUE DE TAILLEBOURG,,,Nuit avec éclairage allumé,En agglomération,Intersection en T,Pluie légère,Deux véhicules - côté,,,,,,,,,,,5,2,3,2.0,3.0
201000062263,0010-02-02 07:50:00,10,2,2,7,50,750,111,"60, BOULEVARD BEAUMARCHA",,,Crépuscule ou aube,En agglomération,Intersection en X,Pluie légère,Autre collision,,,,,,,,,,,2,2,2,2.0,6.0
201000062264,0010-02-04 17:30:00,10,2,4,17,30,750,111,"15, BOULEVARD DE MENILMO",,,Nuit avec éclairage allumé,En agglomération,Hors intersection,Temps couvert,Deux véhicules - côté,,,,,,,,,,,5,2,1,8.0,3.0
201000062265,0010-02-05 02:30:00,10,2,5,2,30,750,111,"35, AVENUE DE LA REPUBLI",,,Nuit avec éclairage allumé,En agglomération,Hors intersection,Pluie légère,Autre collision,,,,,,,,,,,5,2,1,2.0,6.0
201000062266,0010-02-05 16:45:00,10,2,5,16,45,750,111,AVENUE DE TAILLEBOURG,,,Plein jour,En agglomération,Hors intersection,Normale,Deux véhicules - côté,,,,,,,,,,,1,2,1,1.0,3.0
201000062267,0010-02-06 12:20:00,10,2,6,12,20,750,111,"34, BOULEVARD VOLTAIRE",,,Plein jour,En agglomération,Intersection en X,Pluie légère,Deux véhicules - côté,,,,,,,,,,,1,2,2,2.0,3.0
201000062268,0010-02-06 17:45:00,10,2,6,17,45,750,111,"121, BOULEVARD DE CHARON",,,Plein jour,En agglomération,Hors intersection,Pluie légère,Autre collision,,,,,,,,,,,1,2,1,2.0,6.0
201000062269,0010-02-06 21:35:00,10,2,6,21,35,750,111,AVENUE LEDRU ROLLIN,,,Nuit avec éclairage allumé,En agglomération,Hors intersection,Normale,Deux véhicules - arrière,,,,,,,,,,,5,2,1,1.0,2.0
201000062270,0010-02-08 10:50:00,10,2,8,10,50,750,111,"77, AVENUE DE LA REPUBLI",,,Plein jour,En agglomération,Intersection en T,Pluie légère,Deux véhicules - côté,,,,,,,,,,,1,2,3,2.0,3.0
201000062271,0010-02-09 16:05:00,10,2,9,16,5,750,111,"252, BOULEVARD VOLTAIRE",,,Plein jour,En agglomération,Hors intersection,Normale,Deux véhicules - arrière,,,,,,,,,,,1,2,1,1.0,2.0
201000062272,0010-02-12 19:05:00,10,2,12,19,5,750,111,"15, BOULEVARD DES FILLES",,,Nuit avec éclairage allumé,En agglomération,Hors intersection,Normale,Deux véhicules - arrière,,,,,,,,,,,5,2,1,1.0,2.0
201000062273,0010-02-13 17:40:00,10,2,13,17,40,750,111,"95 bis, BOULEVARD RICHAR",,,Crépuscule ou aube,En agglomération,Intersection à plus de 4 branches,Normale,Deux véhicules - arrière,,,,,,,,,,,2,2,5,1.0,2.0
201000062274,0010-02-13 22:15:00,10,2,13,22,15,750,111,"56, BOULEVARD VOLTAIRE",,,Nuit avec éclairage allumé,En agglomération,Intersection à plus de 4 branches,Normale,Deux véhicules - arrière,,,,,,,,,,,5,2,5,1.0,2.0
201000062275,0010-02-15 18:15:00,10,2,15,18,15,750,111,"125 bis, AVENUE PARMENTI",,,Nuit sans éclairage public,En agglomération,Intersection en T,Normale,Deux véhicules - arrière,,,,,,,,,,,3,2,3,1.0,2.0
201000062276,0010-02-17 12:10:00,10,2,17,12,10,750,111,"2, RUE MERCOEUR",,,Plein jour,En agglomération,Intersection en T,Pluie légère,Autre collision,,,,,,,,,,,1,2,3,2.0,6.0
201000062277,0010-02-18 20:50:00,10,2,18,20,50,750,111,"28, AVENUE DE LA REPUBLI",,,Nuit avec éclairage allumé,En agglomération,Intersection à plus de 4 branches,Pluie légère,Deux véhicules - côté,,,,,,,,,,,5,2,5,2.0,3.0
201000062278,0010-02-18 22:07:00,10,2,18,22,7,750,111,"33, AVENUE PARMENTIER",,,Nuit avec éclairage allumé,En agglomération,Intersection en X,Normale,Deux véhicules - côté,,,,,,,,,,,5,2,2,1.0,3.0
201000062279,0010-02-19 14:55:00,10,2,19,14,55,750,111,"86, BOULEVARD RICHARD LE",,,Plein jour,En agglomération,Intersection à plus de 4 branches,Normale,Trois véhicules et plus - en chaîne,,,,,,,,,,,1,2,5,1.0,4.0
201000062280,0010-02-19 17:25:00,10,2,19,17,25,750,111,RUE DE LA ROQUETTE,,,Plein jour,En agglomération,Intersection en X,Normale,Deux véhicules - côté,,,,,,,,,,,1,2,2,1.0,3.0
201000062281,0010-02-21 20:40:00,10,2,21,20,40,750,111,AMELOT,,,Nuit avec éclairage allumé,En agglomération,Intersection en T,Normale,Autre collision,,,,,,,,,,,5,2,3,1.0,6.0
201000062282,0010-02-22 13:10:00,10,2,22,13,10,750,111,"10, PLACE DE LA REPUBLIQ",,,Plein jour,En agglomération,Intersection à plus de 4 branches,Temps couvert,Deux véhicules - arrière,,,,,,,,,,,1,2,5,8.0,2.0
201000062283,0010-02-24 11:00:00,10,2,24,11,0,750,111,"26, RUE EDOUARD LOCKROY",,,Plein jour,En agglomération,Hors intersection,Pluie légère,Autre collision,,,,,,,,,,,1,2,1,2.0,6.0