accident_id,datetime,annee,mois,jour,heure,minute,departement,commune_insee,adresse,latitude,longitude,luminosite,agglomeration,intersection,meteo,collision,nb_vehicules,nb_usagers,nb_indemnes,nb_tues,nb_blesses_hosp,nb_blesses_legers,age_cond_1,age_cond_2,veh_type_cond_1,veh_type_cond_2,lum_code,agg_code,int_code,atm_code,col_code
201000062284,0010-02-25 20:25:00,10,2,25,20,25,750,111,"30, AVENUE DE LA REPUBLI",,,Nuit avec éclairage allumé,En agglomération,Intersection en X,Pluie légère,Sans collision,,,,,,,,,,,5,2,2,2.0,7.0
201000062285,0010-02-26 09:50:00,10,2,26,9,50,750,111,"108, RUE JEAN PIERRE TIM",,,Plein jour,En agglomération,Intersection en X,Temps couvert,Autre collision,,,,,,,,,,,1,2,2,8.0,6.0
201000062286,0010-02-26 23:00:00,10,2,26,23,0,750,111,"108, RUE OBERKAMPF",,,Nuit avec éclairage allumé,En agglomération,Hors intersection,Normale,Deux véhicules - arrière,,,,,,,,,,,5,2,1,1.0,2.0
201000062287,0010-03-02 11:20:00,10,3,2,11,20,750,111,"112, AVENUE DE LA REPUBL",,,Plein jour,En agglomération,Intersection en T,Normale,Deux véhicules - côté,,,,,,,,,,,1,2,3,1.0,3.0
201000062288,0010-03-03 09:50:00,10,3,3,9,50,750,111,"17, AVENUE DE LA REPUBLI",,,Plein jour,En agglomération,Intersection en X,Normale,Deux véhicules - côté,,,,,,,,,,,1,2,2,1.0,3.0
201000062289,0010-03-04 08:15:00,10,3,4,8,15,750,111,"10, PLACE DE LA BASTILLE",,,Plein jour,En agglomération,Intersection à plus de 4 branches,Normale,Deux véhicules - côté,,,,,,,,,,,1,2,5,1.0,3.0
201000062290,0010-03-04 21:35:00,10,3,4,21,35,750,111,RUE FAIDHERBE,,,Nuit avec éclairage allumé,En agglomération,Intersection en T,Normale,Deux véhicules - côté,,,,,,,,,,,5,2,3,1.0,3.0
201000062291,0010-03-06 21:25:00,10,3,6,21,25,750,111,PLACE LEON BLUM,,,Nuit avec éclairage allumé,En agglomération,Intersection à plus de 4 branches,Normale,Sans collision,,,,,,,,,,,5,2,5,1.0,7.0
201000062292,0010-03-08 08:30:00,10,3,8,8,30,750,111,"79, RUE JEAN PIERRE TIMB",,,Plein jour,En agglomération,Hors intersection,Autre,Sans collision,,,,,,,,,,,1,2,1,9.0,7.0
201000062293,0010-03-08 13:30:00,10,3,8,13,30,750,111,"11, AVENUE DE LA REPUBLI",,,Plein jour,En agglomération,Intersection à plus de 4 branches,Normale,Deux véhicules - côté,,,,,,,,,,,1,2,5,1.0,3.0
201000062294,0010-03-09 13:55:00,10,3,9,13,55,750,111,"43, BOULEVARD VOLTAIRE",,,Plein jour,En agglomération,Intersection en X,Normale,Deux véhicules - côté,,,,,,,,,,,1,2,2,1.0,3.0
201000062295,0010-03-09 17:10:00,10,3,9,17,10,750,111,"33 BIS, BOULEVARD RICHAR",,,Plein jour,En agglomération,Hors intersection,Normale,Sans collision,,,,,,,,,,,1,2,1,1.0,7.0
201000062296,0010-03-10 13:00:00,10,3,10,13,0,750,103,"6, BOULEVARD DU TEMPLE",,,Plein jour,En agglomération,Intersection en T,Normale,Deux véhicules - côté,,,,,,,,,,,1,2,3,1.0,3.0
201000062297,0010-03-10 17:00:00,10,3,10,17,0,750,111,"103, AVENUE DE LA REPUBL",,,Plein jour,En agglomération,Intersection en T,Normale,Deux véhicules - côté,,,,,,,,,,,1,2,3,1.0,3.0
201000062298,0010-03-12 18:00:00,10,3,12,18,0,750,111,"111, RUE DE LA FOLIE MER",,,Plein jour,En agglomération,Intersection en Y,Normale,Autre collision,,,,,,,,,,,1,2,4,1.0,6.0
201000062299,0010-03-13 14:48:00,10,3,13,14,48,750,111,"22, RUE DE LA ROQUETTE",,,Plein jour,En agglomération,Hors intersection,Normale,Autre collision,,,,,,,,,,,1,2,1,1.0,6.0
201000062300,0010-03-13 19:45:00,10,3,13,19,45,750,111,PLACE DE LA NATION,,,Plein jour,En agglomération,Intersection à plus de 4 branches,Normale,Autre collision,,,,,,,,,,,1,2,5,1.0,6.0
201000062301,0010-03-14 02:30:00,10,3,14,2,30,750,111,RUE SEDAINE,,,Nuit avec éclairage allumé,En agglomération,Intersection en X,Normale,Autre collision,,,,,,,,,,,5,2,2,1.0,6.0
201000062302,0010-03-16 19:35:00,10,3,16,19,35,750,111,"132, RUE DE LA ROQUETTE",,,Nuit avec éclairage allumé,En agglomération,Hors intersection,Normale,Deux véhicules - arrière,,,,,,,,,,,5,2,1,1.0,2.0
201000062303,0010-03-17 12:15:00,10,3,17,12,15,750,111,"142, RUE DE LA ROQUETTE",,,Plein jour,En agglomération,Intersection à plus de 4 branches,Normale,Deux véhicules - côté,,,,,,,,,,,1,2,5,1.0,3.0
201000062304,0010-03-17 20:00:00,10,3,17,20,0,750,111,"18, BOULEVARD DU TEMPLE",,,Nuit avec éclairage allumé,En agglomération,Hors intersection,Normale,Autre collision,,,,,,,,,,,5,2,1,1.0,6.0
201000062305,0010-03-18 14:20:00,10,3,18,14,20,750,111,"33, RUE SAINT SEBASTIEN",,,Plein jour,En agglomération,Hors intersection,Normale,Deux véhicules - arrière,,,,,,,,,,,1,2,1,1.0,2.0
201000062306,0010-03-19 12:40:00,10,3,19,12,40,750,111,"11, RUE BOUVIER",,,Plein jour,En agglomération,Hors intersection,Normale,Autre collision,,,,,,,,,,,1,2,1,1.0,6.0
201000062307,0010-03-19 14:15:00,10,3,19,14,15,750,111,"296, BOULEVARD VOLTAIRE",,,Plein jour,En agglomération,Intersection à plus de 4 branches,Normale,Autre collision,,,,,,,,,,,1,2,5,1.0,6.0
201000062308,0010-03-22 12:15:00,10,3,22,12,15,750,111,"185, BOULEVARD VOLTAIRE",,,Plein jour,En agglomération,Hors intersection,Normale,Autre collision,,,,,,,,,,,1,2,1,1.0,6.0
201000062309,0010-03-23 13:15:00,10,3,23,13,15,750,111,BOULEVARD VOLTAIRE,,,Plein jour,En agglomération,Hors intersection,Normale,Deux véhicules - arrière,,,,,,,,,,,1,2,1,1.0,2.0
201000062310,0010-03-23 21:55:00,10,3,23,21,55,750,111,"175, BOULEVARD VOLTAIRE",,,Nuit avec éclairage allumé,En agglomération,Hors intersection,Normale,Deux véhicules - côté,,,,,,,,,,,5,2,1,1.0,3.0
201000062311,0010-03-24 16:35:00,10,3,24,16,35,750,111,"37, RUE CHANZY",,,Plein jour,En agglomération,Intersection en T,Normale,Sans collision,,,,,,,,,,,1,2,3,1.0,7.0
201000062312,0010-03-25 04:50:00,10,3,25,4,50,750,111,RUE OBERKAMPF,,,Nuit avec éclairage allumé,En agglomération,Intersection à plus de 4 branches,Normale,Deux véhicules - côté,,,,,,,,,,,5,2,5,1.0,3.0
201000062313,0010-03-25 21:45:00,10,3,25,21,45,750,111,"130, BOULEVARD VOLTAIRE",,,Nuit avec éclairage allumé,En agglomération,Intersection à plus de 4 branches,Normale,Autre collision,,,,,,,,,,,5,2,5,1.0,6.0
201000062314,0010-03-26 18:06:00,10,3,26,18,6,750,111,"109, RUE DE CHARONNE",,,Plein jour,En agglomération,Hors intersection,Normale,Autre collision,,,,,,,,,,,1,2,1,1.0,6.0
201000062315,0010-03-27 17:35:00,10,3,27,17,35,750,111,"140, AVENUE LEDRU ROLLIN",,,Plein jour,En agglomération,Intersection en X,Normale,Autre collision,,,,,,,,,,,1,2,2,1.0,6.0
201000062316,0010-03-27 17:55:00,10,3,27,17,55,750,111,"77, RUE DU FAUBOURG SAIN",,,Plein jour,En agglomération,Hors intersection,Normale,Autre collision,,,,,,,,,,,1,2,1,1.0,6.0
201000062317,0010-03-28 03:45:00,10,3,28,3,45,750,111,"1, RUE PELEE",,,Nuit avec éclairage allumé,En agglomération,Intersection en Y,Normale,Autre collision,,,,,,,,,,,5,2,4,1.0,6.0
201000062318,0010-03-28 19:59:00,10,3,28,19,59,750,111,"69, BOULEVARD DE CHARONN",,,Nuit avec éclairage allumé,En agglomération,Intersection en T,Normale,Autre collision,,,,,,,,,,,5,2,3,1.0,6.0
201000062319,0010-03-29 00:25:00,10,3,29,0,25,750,111,AVENUE PHILIPPE AUGUSTE,,,Nuit avec éclairage allumé,En agglomération,Intersection en X,Pluie légère,Autre collision,,,,,,,,,,,5,2,2,2.0,6.0
201000062320,0010-03-29 08:15:00,10,3,29,8,15,750,111,"69, RUE DE CHARONNE",,,Plein jour,En agglomération,Intersection en X,Normale,Deux véhicules - côté,,,,,,,,,,,1,2,2,1.0,3.0
201000062321,0010-03-29 11:15:00,10,3,29,11,15,750,111,"3, RUE DU FAUBOURG SAINT",,,Plein jour,En agglomération,Hors intersection,Normale,Autre collision,,,,,,,,,,,1,2,1,1.0,6.0
201000062322,0010-03-29 12:29:00,10,3,29,12,29,750,111,"87, RUE DE LA ROQUETTE",,,Plein jour,En agglomération,Hors intersection,Normale,Deux véhicules - côté,,,,,,,,,,,1,2,1,1.0,3.0
201000062323,0010-04-01 13:55:00,10,4,1,13,55,750,111,BOULEVARD VOLTAIRE,,,Plein jour,En agglomération,Intersection à plus de 4 branches,Normale,Deux véhicules - arrière,,,,,,,,,,,1,2,5,1.0,2.0
201000062324,0010-04-02 09:30:00,10,4,2,9,30,750,111,"73, BOULEVARD DE BELLEVI",,,Plein jour,En agglomération,Intersection en X,Normale,Autre collision,,,,,,,,,,,1,2,2,1.0,6.0
201000062325,0010-04-02 19:35:00,10,4,2,19,35,750,111,BOULEVARD VOLTAIRE,,,Plein jour,En agglomération,Hors intersection,Pluie forte,Deux véhicules - côté,,,,,,,,,,,1,2,1,3.0,3.0
201000062326,0010-04-05 02:05:00,10,4,5,2,5,750,111,PLACE LEON BLUM,,,Nuit avec éclairage allumé,En agglomération,Intersection à plus de 4 branches,Normale,Autre collision,,,,,,,,,,,5,2,5,1.0,6.0
201000062327,0010-04-06 08:35:00,10,4,6,8,35,750,111,"3, RUE DE LA FONTAINE AU",,,Plein jour,En agglomération,Intersection en Y,Normale,Autre collision,,,,,,,,,,,1,2,4,1.0,6.0
201000062328,0010-04-06 17:55:00,10,4,6,17,55,750,111,"22, BOULEVARD VOLTAIRE",,,Plein jour,En agglomération,Hors intersection,Normale,Autre collision,,,,,,,,,,,1,2,1,1.0,6.0
201000062329,0010-04-07 01:20:00,10,4,7,1,20,750,111,BOULEVARD RICHARD LENOIR,,,Nuit avec éclairage allumé,En agglomération,Hors intersection,Normale,Deux véhicules - côté,,,,,,,,,,,5,2,1,1.0,3.0
201000062330,0010-04-07 17:20:00,10,4,7,17,20,750,111,"24, AVENUE DE LA REPUBLI",,,Plein jour,En agglomération,Intersection à plus de 4 branches,Normale,Deux véhicules - côté,,,,,,,,,,,1,2,5,1.0,3.0
201000062331,0010-04-08 13:10:00,10,4,8,13,10,750,111,"42, AVENUE DE LA REPUBLI",,,Plein jour,En agglomération,Hors intersection,Normale,Deux véhicules - arrière,,,,,,,,,,,1,2,1,1.0,2.0
201000062332,0010-04-08 23:05:00,10,4,8,23,5,750,111,"1, PLACE LEON BLUM",,,Nuit avec éclairage allumé,En agglomération,Intersection à plus de 4 branches,Normale,Deux véhicules - côté,,,,,,,,,,,5,2,5,1.0,3.0
201000062333,0010-04-09 12:25:00,10,4,9,12,25,750,111,"15, AVENUE PARMENTIER",,,Plein jour,En agglomération,Intersection en X,Temps éblouissant,Deux véhicules - côté,,,,,,,,,,,1,2,2,7.0,3.0
201000062334,0010-04-10 10:30:00,10,4,10,10,30,750,111,"11 bis, PLACE DE LA NATI",,,Plein jour,En agglomération,Intersection à plus de 4 branches,Normale,Deux véhicules - côté,,,,,,,,,,,1,2,5,1.0,3.0
201000062335,0010-04-15 09:20:00,10,4,15,9,20,750,111,"171 bis, BOULEVARD VOLTA",,,Plein jour,En agglomération,Hors intersection,Normale,Deux véhicules - côté,,,,,,,,,,,1,2,1,1.0,3.0
201000062336,0010-04-16 14:00:00,10,4,16,14,0,750,111,"153, BOULEVARD VOLTAIRE",,,Plein jour,En agglomération,Hors intersection,Normale,Deux véhicules - côté,,,,,,,,,,,1,2,1,1.0,3.0
201000062337,0010-04-18 12:05:00,10,4,18,12,5,750,112,"2, PLACE DE LA BASTILLE",,,Plein jour,En agglomération,Intersection à plus de 4 branches,Temps éblouissant,Deux véhicules - côté,,,,,,,,,,,1,2,5,7.0,3.0
201000062338,0010-04-18 17:30:00,10,4,18,17,30,750,111,"4, AVENUE PARMENTIER",,,Plein jour,En agglomération,Hors intersection,Normale,Deux véhicules - arrière,,,,,,,,,,,1,2,1,1.0,2.0
201000062339,0010-04-19 08:55:00,10,4,19,8,55,750,111,"20, BOULEVARD VOLTAIRE",,,Plein jour,En agglomération,Intersection en X,Normale,Deux véhicules - côté,,,,,,,,,,,1,2,2,1.0,3.0
201000062340,0010-04-19 10:55:00,10,4,19,10,55,750,111,RUE DE MONTREUIL,,,Plein jour,En agglomération,Hors intersection,Normale,Deux véhicules - côté,,,,,,,,,,,1,2,1,1.0,3.0
201000062341,0010-04-20 05:35:00,10,4,20,5,35,750,111,"4, RUE CHEVREUL",,,Nuit avec éclairage allumé,En agglomération,Hors intersection,Normale,Autre collision,,,,,,,,,,,5,2,1,1.0,6.0
201000062342,0010-04-20 19:50:00,10,4,20,19,50,750,111,"6, PLACE LEON BLUM",,,Plein jour,En agglomération,Hors intersection,Normale,Autre collision,,,,,,,,,,,1,2,1,1.0,6.0
201000062343,0010-04-20 22:38:00,10,4,20,22,38,750,111,AVENUE PARMENTIER,,,Nuit avec éclairage allumé,En agglomération,Intersection en X,Normale,Deux véhicules - côté,,,,,,,,,,,5,2,2,1.0,3.0
201000062344,0010-04-21 18:15:00,10,4,21,18,15,750,111,"94, RUE DU FAUBOURG DU T",,,Plein jour,En agglomération,Hors intersection,Normale,Autre collision,,,,,,,,,,,1,2,1,1.0,6.0
201000062345,0010-04-21 18:10:00,10,4,21,18,10,750,111,"2, RUE FAIDHERBE",,,Plein jour,En agglomération,Intersection à plus de 4 branches,Normale,Autre collision,,,,,,,,,,,1,2,5,1.0,6.0
201000062346,0010-04-22 15:05:00,10,4,22,15,5,750,111,AVENUE PHILIPPE AUGUSTE,,,Plein jour,En agglomération,Hors intersection,Normale,Deux véhicules - côté,,,,,,,,,,,1,2,1,1.0,3.0
201000062347,0010-04-24 16:55:00,10,4,24,16,55,750,111,"9, BOULEVARD VOLTAIRE",,,Plein jour,En agglomération,Intersection en X,Normale,Deux véhicules - côté,,,,,,,,,,,1,2,2,1.0,3.0
201000062348,0010-04-24 18:00:00,10,4,24,18,0,750,111,"36, RUE DE L ORILLON",,,Plein jour,En agglomération,Intersection en X,Normale,Autre collision,,,,,,,,,,,1,2,2,1.0,6.0
201000062349,0010-04-27 10:00:00,10,4,27,10,0,750,111,"12, PLACE LEON BLUM",,,Plein jour,En agglomération,Hors intersection,Normale,Sans collision,,,,,,,,,,,1,2,1,1.0,7.0
201000062350,0010-04-27 13:00:00,10,4,27,13,0,750,111,"111, AVENUE PARMENTIER",,,Plein jour,En agglomération,Hors intersection,Normale,Autre collision,,,,,,,,,,,1,2,1,1.0,6.0
201000062351,0010-04-27 18:30:00,10,4,27,18,30,750,111,BOULEVARD DE MENILMONTAN,,,Plein jour,En agglomération,Intersection en X,Normale,Deux véhicules - côté,,,,,,,,,,,1,2,2,1.0,3.0
201000062352,0010-04-28 11:05:00,10,4,28,11,5,750,111,"84, RUE DE LA FOLIE REGN",,,Plein jour,En agglomération,Intersection en T,Normale,Autre collision,,,,,,,,,,,1,2,3,1.0,6.0
201000062353,0010-04-29 09:40:00,10,4,29,9,40,750,111,"12, RUE SAINT MAUR",,,Plein jour,En agglomération,Intersection à plus de 4 branches,Normale,Autre collision,,,,,,,,,,,1,2,5,1.0,6.0
201000062354,0010-04-29 15:30:00,10,4,29,15,30,750,111,"98, RUE DE MONTREUIL",,,Plein jour,En agglomération,Hors intersection,Normale,Autre collision,,,,,,,,,,,1,2,1,1.0,6.0
201000062355,0010-04-29 18:45:00,10,4,29,18,45,750,111,"25, RUE SAINT MAUR",,,Plein jour,En agglomération,Intersection en X,Normale,Deux véhicules - côté,,,,,,,,,,,1,2,2,1.0,3.0
201000062356,0010-04-30 20:20:00,10,4,30,20,20,750,111,"165, BOULEVARD VOLTAIRE",,,Crépuscule ou aube,En agglomération,Intersection en X,Normale,Autre collision,,,,,,,,,,,2,2,2,1.0,6.0
201000062357,0010-05-01 04:25:00,10,5,1,4,25,750,111,RUE SAINT MAUR,,,Nuit avec éclairage allumé,En agglomération,Hors intersection,Normale,Sans collision,,,,,,,,,,,5,2,1,1.0,7.0
201000062358,0010-05-02 01:15:00,10,5,2,1,15,750,111,"63, RUE SEDAINE",,,Nuit avec éclairage allumé,En agglomération,Hors intersection,Pluie légère,Deux véhicules - côté,,,,,,,,,,,5,2,1,2.0,3.0
201000062359,0010-05-03 11:12:00,10,5,3,11,12,750,111,"47, AVENUE DE LA REPUBLI",,,Plein jour,En agglomération,Hors intersection,Temps couvert,Deux véhicules - côté,,,,,,,,,,,1,2,1,8.0,3.0
201000062360,0010-05-03 22:00:00,10,5,3,22,0,750,111,"146, RUE DE LA ROQUETTE",,,Nuit avec éclairage non allumé,En agglomération,Hors intersection,Normale,Sans collision,,,,,,,,,,,4,2,1,1.0,7.0
201000062361,0010-05-04 01:40:00,10,5,4,1,40,750,111,BOULEVARD VOLTAIRE,,,Nuit avec éclairage allumé,En agglomération,Hors intersection,Normale,Autre collision,,,,,,,,,,,5,2,1,1.0,6.0
201000062362,0010-05-04 08:40:00,10,5,4,8,40,750,111,"90, RUE AMELOT",,,Plein jour,En agglomération,Hors intersection,Normale,Sans collision,,,,,,,,,,,1,2,1,1.0,7.0
201000062363,0010-05-04 17:42:00,10,5,4,17,42,750,111,"4, PLACE LEON BLUM",,,Plein jour,En agglomération,Intersection à plus de 4 branches,Normale,Deux véhicules - côté,,,,,,,,,,,1,2,5,1.0,3.0
201000062364,0010-05-06 19:00:00,10,5,6,19,0,750,111,"85, RUE DU FAUBOURG SAIN",,,Plein jour,En agglomération,Hors intersection,Normale,Autre collision,,,,,,,,,,,1,2,1,1.0,6.0
201000062365,0010-05-07 10:15:00,10,5,7,10,15,750,111,"59, RUE DU FAUBOURG SAIN",,,Plein jour,En agglomération,Intersection en T,Normale,Deux véhicules - côté,,,,,,,,,,,1,2,3,1.0,3.0
201000062366,0010-05-08 20:03:00,10,5,8,20,3,750,111,"46, BOULEVARD VOLTAIRE",,,Crépuscule ou aube,En agglomération,Intersection à plus de 4 branches,Pluie légère,Deux véhicules - côté,,,,,,,,,,,2,2,5,2.0,3.0
201000062367,0010-05-09 12:00:00,10,5,9,12,0,750,111,"154, AVENUE LEDRU ROLLIN",,,Plein jour,En agglomération,Intersection à plus de 4 branches,Normale,Autre collision,,,,,,,,,,,1,2,5,1.0,6.0
201000062368,0010-05-10 16:40:00,10,5,10,16,40,750,111,"204, BOULEVARD VOLTAIRE",,,Plein jour,En agglomération,Hors intersection,Temps couvert,Deux véhicules - côté,,,,,,,,,,,1,2,1,8.0,3.0
201000062369,0010-05-11 16:40:00,10,5,11,16,40,750,111,"321, RUE DU FAUBOURG SAI",,,Plein jour,En agglomération,Hors intersection,Pluie légère,Deux véhicules - arrière,,,,,,,,,,,1,2,1,2.0,2.0
201000062370,0010-05-11 19:55:00,10,5,11,19,55,750,111,"42, BOULEVARD RICHARD LE",,,Crépuscule ou aube,En agglomération,Intersection en X,Pluie légère,Autre collision,,,,,,,,,,,2,2,2,2.0,6.0
201000062371,0010-05-11 22:50:00,10,5,11,22,50,750,111,"28, BOULEVARD BEAUMARCHA",,,Nuit avec éclairage allumé,En agglomération,Intersection en X,Normale,Autre collision,,,,,,,,,,,5,2,2,1.0,6.0
201000062372,0010-05-12 12:30:00,10,5,12,12,30,750,111,"66, RUE DE LA FOLIE REGN",,,Plein jour,En agglomération,Hors intersection,Normale,Deux véhicules - arrière,,,,,,,,,,,1,2,1,1.0,2.0
201000062373,0010-05-14 19:30:00,10,5,14,19,30,750,111,"223, BOULEVARD VOLTAIRE",,,Plein jour,En agglomération,Intersection en T,Normale,Trois véhicules et plus - en chaîne,,,,,,,,,,,1,2,3,1.0,4.0
201000062374,0010-05-16 20:35:00,10,5,16,20,35,750,111,"30, BOULEVARD VOLTAIRE",,,Crépuscule ou aube,En agglomération,Intersection en X,Normale,Deux véhicules - côté,,,,,,,,,,,2,2,2,1.0,3.0
201000062375,0010-05-18 10:50:00,10,5,18,10,50,750,111,PLACE LEON BLUM,,,Plein jour,En agglomération,Intersection à plus de 4 branches,Normale,Deux véhicules - côté,,,,,,,,,,,1,2,5,1.0,3.0
201000062376,0010-05-20 09:35:00,10,5,20,9,35,750,111,"101, AVENUE DE LA REPUBL",,,Plein jour,En agglomération,Hors intersection,Normale,Autre collision,,,,,,,,,,,1,2,1,1.0,6.0
201000062377,0010-05-20 20:50:00,10,5,20,20,50,750,111,BOULEVARD VOLTAIRE,,,Crépuscule ou aube,En agglomération,Intersection en X,Normale,Deux véhicules - côté,,,,,,,,,,,2,2,2,1.0,3.0
201000062378,0010-05-21 14:30:00,10,5,21,14,30,750,111,"70, AVENUE DE LA REPUBLI",,,Plein jour,En agglomération,Intersection en X,Normale,Deux véhicules - côté,,,,,,,,,,,1,2,2,1.0,3.0
201000062379,0010-05-21 17:45:00,10,5,21,17,45,750,111,AVENUE DE LA REPUBLIQUE,,,Plein jour,En agglomération,Hors intersection,Normale,Deux véhicules - côté,,,,,,,,,,,1,2,1,1.0,3.0
201000062380,0010-05-22 01:42:00,10,5,22,1,42,750,111,BOULEVARD VOLTAIRE,,,Nuit avec éclairage allumé,En agglomération,Intersection en X,Normale,Deux véhicules - côté,,,,,,,,,,,5,2,2,1.0,3.0
201000062381,0010-05-23 02:50:00,10,5,23,2,50,750,111,"101, RUE DU CHEMIN VERT",,,Nuit avec éclairage allumé,En agglomération,Intersection en X,Normale,Autre collision,,,,,,,,,,,5,2,2,1.0,6.0
201000062382,0010-05-23 16:35:00,10,5,23,16,35,750,111,BOULEVARD RICHARD LENOIR,,,Plein jour,En agglomération,Intersection à plus de 4 branches,Normale,Autre collision,,,,,,,,,,,1,2,5,1.0,6.0
201000062383,0010-05-26 14:25:00,10,5,26,14,25,750,111,"128, BOULEVARD RICHARD L",,,Plein jour,En agglomération,Hors intersection,Temps couvert,Autre collision,,,,,,,,,,,1,2,1,8.0,6.0
201000062384,0010-05-26 21:45:00,10,5,26,21,45,750,103,"11, BOULEVARD DU TEMPLE",,,Nuit avec éclairage allumé,En agglomération,Intersection en T,Normale,Deux véhicules - côté,,,,,,,,,,,5,2,3,1.0,3.0
201000062385,0010-05-27 09:00:00,10,5,27,9,0,750,111,"12, PLACE DE LA BASTILLE",,,Plein jour,En agglomération,Intersection à plus de 4 branches,Temps couvert,Deux véhicules - côté,,,,,,,,,,,1,2,5,8.0,3.0
201000062386,0010-05-29 12:35:00,10,5,29,12,35,750,111,"20, BOULEVARD RICHARD LE",,,Plein jour,En agglomération,Hors intersection,Normale,Autre collision,,,,,,,,,,,1,2,1,1.0,6.0
201000062387,0010-05-30 03:00:00,10,5,30,3,0,750,111,"83, BOULEVARD DE MENILMO",,,Nuit avec éclairage allumé,En agglomération,Hors intersection,Pluie légère,Sans collision,,,,,,,,,,,5,2,1,2.0,7.0
201000062388,0010-05-30 21:30:00,10,5,30,21,30,750,111,"11bis, PLACE DE LA NATIO",,,Nuit avec éclairage allumé,En agglomération,Intersection en X,Normale,Deux véhicules - côté,,,,,,,,,,,5,2,2,1.0,3.0
201000062389,0010-06-02 09:40:00,10,6,2,9,40,750,111,"02, BOULEVARD JULES FERR",,,Plein jour,En agglomération,Hors intersection,Normale,Autre collision,,,,,,,,,,,1,2,1,1.0,6.0
201000062390,0010-06-02 13:45:00,10,6,2,13,45,750,111,"97, RUE DE LA ROQUETTE",,,Plein jour,En agglomération,Intersection à plus de 4 branches,Normale,Deux véhicules - côté,,,,,,,,,,,1,2,5,1.0,3.0
201000062391,0010-06-03 00:01:00,10,6,3,0,1,750,111,"111, AVENUE PARMENTIER",,,Nuit avec éclairage allumé,En agglomération,Intersection en X,Normale,Autre collision,,,,,,,,,,,5,2,2,1.0,6.0
201000062392,0010-06-03 06:15:00,10,6,3,6,15,750,111,"152, AVENUE LEDRU ROLLIN",,,Plein jour,En agglomération,Intersection en X,Normale,Deux véhicules - côté,,,,,,,,,,,1,2,2,1.0,3.0
201000062393,0010-06-03 13:10:00,10,6,3,13,10,750,111,"116, AVENUE LEDRU ROLLIN",,,Plein jour,En agglomération,Intersection en X,Normale,Deux véhicules - côté,,,,,,,,,,,1,2,2,1.0,3.0
201000062394,0010-06-03 14:00:00,10,6,3,14,0,750,111,AVENUE DE LA REPUBLIQUE,,,Plein jour,En agglomération,Intersection en X,Normale,Deux véhicules - côté,,,,,,,,,,,1,2,2,1.0,3.0
201000062395,0010-06-04 09:30:00,10,6,4,9,30,750,111,"15, PASSAGE THIERE",,,Plein jour,En agglomération,Hors intersection,Normale,Autre collision,,,,,,,,,,,1,2,1,1.0,6.0
201000062396,0010-06-04 20:20:00,10,6,4,20,20,750,111,"74, RUE DE MONTREUIL",,,Plein jour,En agglomération,Intersection en T,Normale,Deux véhicules - côté,,,,,,,,,,,1,2,3,1.0,3.0
201000062397,0010-06-06 20:10:00,10,6,6,20,10,750,111,RUE DE CHARONNE,,,Plein jour,En agglomération,Intersection en X,Normale,Deux véhicules - côté,,,,,,,,,,,1,2,2,1.0,3.0
201000062398,0010-06-07 08:20:00,10,6,7,8,20,750,111,"91, RUE DE MONTREUIL",,,Plein jour,En agglomération,Intersection en X,Normale,Deux véhicules - côté,,,,,,,,,,,1,2,2,1.0,3.0
201000062399,0010-06-07 18:10:00,10,6,7,18,10,750,111,"157, RUE DE LA ROQUETTE",,,Plein jour,En agglomération,Intersection en X,Normale,Autre collision,,,,,,,,,,,1,2,2,1.0,6.0
201000062400,0010-06-07 22:30:00,10,6,7,22,30,750,111,AVENUE PARMENTIER,,,Nuit avec éclairage allumé,En agglomération,Intersection en X,Normale,Deux véhicules - côté,,,,,,,,,,,5,2,2,1.0,3.0
201000062401,0010-06-08 16:35:00,10,6,8,16,35,750,111,"133, RUE DU FAUBOURG SAI",,,Plein jour,En agglomération,Intersection en X,Normale,Autre collision,,,,,,,,,,,1,2,2,1.0,6.0
201000062402,0010-06-09 09:50:00,10,6,9,9,50,750,111,"59, RUE DU FAUBOURG SAIN",,,Plein jour,En agglomération,Intersection en T,Pluie légère,Autre collision,,,,,,,,,,,1,2,3,2.0,6.0
201000062403,0010-06-09 09:45:00,10,6,9,9,45,750,111,"251, BOULEVARD VOLTAIRE",,,Plein jour,En agglomération,Intersection en X,Pluie légère,Autre collision,,,,,,,,,,,1,2,2,2.0,6.0
201000062404,0010-06-10 09:45:00,10,6,10,9,45,750,111,"103, RUE DE CHARONNE",,,Plein jour,En agglomération,Intersection en T,Pluie légère,Autre collision,,,,,,,,,,,1,2,3,2.0,6.0
201000062405,0010-06-11 18:44:00,10,6,11,18,44,750,111,"171bis, BOULEVARD VOLTAI",,,Plein jour,En agglomération,Hors intersection,Normale,Deux véhicules - arrière,,,,,,,,,,,1,2,1,1.0,2.0
201000062406,0010-06-12 02:30:00,10,6,12,2,30,750,111,BOULEVARD VOLTAIRE,,,Nuit avec éclairage allumé,En agglomération,Hors intersection,Pluie légère,Deux véhicules - frontale,,,,,,,,,,,5,2,1,2.0,1.0
201000062407,0010-06-12 17:50:00,10,6,12,17,50,750,111,"158, BOULEVARD VOLTAIRE",,,Plein jour,En agglomération,Intersection en X,Normale,Deux véhicules - côté,,,,,,,,,,,1,2,2,1.0,3.0
201000062408,0010-06-13 01:30:00,10,6,13,1,30,750,111,"260, BOULEVARD VOLTAIRE",,,Nuit avec éclairage allumé,En agglomération,Intersection en X,Normale,Autre collision,,,,,,,,,,,5,2,2,1.0,6.0