accident_id,datetime,annee,mois,jour,heure,minute,departement,commune_insee,adresse,latitude,longitude,luminosite,agglomeration,intersection,meteo,collision,nb_vehicules,nb_usagers,nb_indemnes,nb_tues,nb_blesses_hosp,nb_blesses_legers,age_cond_1,age_cond_2,veh_type_cond_1,veh_type_cond_2,lum_code,agg_code,int_code,atm_code,col_code
201000062409,0010-06-16 13:00:00,10,6,16,13,0,750,111,"5, RUE CONDILLAC",,,Plein jour,En agglomération,Intersection en X,Normale,Autre collision,,,,,,,,,,,1,2,2,1.0,6.0
201000062410,0010-06-17 10:30:00,10,6,17,10,30,750,111,"41, RUE DU FAUBOURG SAIN",,,Plein jour,En agglomération,Hors intersection,Normale,Deux véhicules - arrière,,,,,,,,,,,1,2,1,1.0,2.0
201000062411,0010-06-18 16:00:00,10,6,18,16,0,750,111,"72, BOULEVARD VOLTAIRE",,,Plein jour,En agglomération,Hors intersection,Normale,Deux véhicules - côté,,,,,,,,,,,1,2,1,1.0,3.0
201000062412,0010-06-18 16:10:00,10,6,18,16,10,750,111,"7, PLACE LEON BLUM",,,Plein jour,En agglomération,Hors intersection,Normale,Deux véhicules - arrière,,,,,,,,,,,1,2,1,1.0,2.0
201000062413,0010-06-19 04:30:00,10,6,19,4,30,750,111,"151, BOULEVARD DE CHARON",,,Nuit avec éclairage allumé,En agglomération,Intersection en X,Pluie légère,Autre collision,,,,,,,,,,,5,2,2,2.0,6.0
201000062414,0010-06-19 08:10:00,10,6,19,8,10,750,111,"79, AVENUE DE LA REPUBLI",,,Plein jour,En agglomération,Intersection en X,Pluie légère,Autre collision,,,,,,,,,,,1,2,2,2.0,6.0
201000062415,0010-06-20 22:35:00,10,6,20,22,35,750,111,AVENUE PARMENTIER,,,Nuit avec éclairage allumé,En agglomération,Intersection en T,Normale,Deux véhicules - côté,,,,,,,,,,,5,2,3,1.0,3.0
201000062416,0010-06-21 21:10:00,10,6,21,21,10,750,111,"24, AVENUE DE LA REPUBLI",,,Plein jour,Hors agglomération,Intersection en X,Normale,Deux véhicules - côté,,,,,,,,,,,1,1,2,1.0,3.0
201000062417,0010-06-21 20:50:00,10,6,21,20,50,750,111,"14, BOULEVARD BEAUMARCHA",,,Crépuscule ou aube,En agglomération,Hors intersection,Normale,Autre collision,,,,,,,,,,,2,2,1,1.0,6.0
201000062418,0010-06-23 01:25:00,10,6,23,1,25,750,111,"17, RUE DE LA ROQUETTE",,,Nuit avec éclairage allumé,En agglomération,Intersection en X,Normale,Autre collision,,,,,,,,,,,5,2,2,1.0,6.0
201000062419,0010-06-23 09:00:00,10,6,23,9,0,750,111,"76, AVENUE PARMENTIER",,,Plein jour,En agglomération,Intersection en T,Normale,Sans collision,,,,,,,,,,,1,2,3,1.0,7.0
201000062420,0010-06-24 15:55:00,10,6,24,15,55,750,111,"3, AVENUE PARMENTIER",,,Plein jour,En agglomération,Intersection en T,Normale,Deux véhicules - côté,,,,,,,,,,,1,2,3,1.0,3.0
201000062421,0010-06-24 16:50:00,10,6,24,16,50,750,111,"53, BOULEVARD RICHARD LE",,,Plein jour,En agglomération,Hors intersection,Normale,Autre collision,,,,,,,,,,,1,2,1,1.0,6.0
201000062422,0010-06-24 17:00:00,10,6,24,17,0,750,111,"157, RUE SAINT MAUR",,,Plein jour,En agglomération,Hors intersection,Normale,Autre collision,,,,,,,,,,,1,2,1,1.0,6.0
201000062423,0010-06-26 18:50:00,10,6,26,18,50,750,111,"93, RUE JEAN PIERRE TIMB",,,Plein jour,En agglomération,Intersection en T,Normale,Autre collision,,,,,,,,,,,1,2,3,1.0,6.0
201000062424,0010-06-26 20:35:00,10,6,26,20,35,750,111,BOULEVARD DE CHARONNE,,,Plein jour,En agglomération,Hors intersection,Normale,Autre collision,,,,,,,,,,,1,2,1,1.0,6.0
201000062425,0010-06-27 13:35:00,10,6,27,13,35,750,111,"55, AVENUE DE LA REPUBLI",,,Plein jour,En agglomération,Hors intersection,Normale,Sans collision,,,,,,,,,,,1,2,1,1.0,7.0
201000062426,0010-06-27 23:10:00,10,6,27,23,10,750,111,"27, BOULEVARD DE CHARONN",,,Nuit avec éclairage allumé,En agglomération,Intersection en T,Normale,Deux véhicules - côté,,,,,,,,,,,5,2,3,1.0,3.0
201000062427,0010-06-28 12:50:00,10,6,28,12,50,750,111,BOULEVARD DU TEMPLE,,,Plein jour,En agglomération,Intersection en T,Normale,Deux véhicules - côté,,,,,,,,,,,1,2,3,1.0,3.0
201000062428,0010-06-28 17:05:00,10,6,28,17,5,750,111,"144, RUE DE LA ROQUETTE",,,Plein jour,En agglomération,Autre intersection,Normale,Deux véhicules - arrière,,,,,,,,,,,1,2,9,1.0,2.0
201000062429,0010-06-28 23:25:00,10,6,28,23,25,750,111,BOULEVARD DES FILLES DU,,,Nuit avec éclairage allumé,En agglomération,Intersection en X,Normale,Deux véhicules - frontale,,,,,,,,,,,5,2,2,1.0,1.0
201000062430,0010-07-01 12:10:00,10,7,1,12,10,750,111,"138, BOULEVARD RICHARD L",,,Plein jour,En agglomération,Intersection à plus de 4 branches,Normale,Deux véhicules - côté,,,,,,,,,,,1,2,5,1.0,3.0
201000062431,0010-07-01 17:30:00,10,7,1,17,30,750,111,"224, BOULEVARD VOLTAIRE",,,Plein jour,En agglomération,Hors intersection,Normale,Autre collision,,,,,,,,,,,1,2,1,1.0,6.0
201000062432,0010-07-01 21:05:00,10,7,1,21,5,750,111,"243, BOULEVARD VOLTAIRE",,,Plein jour,En agglomération,Hors intersection,Normale,Trois véhicules et plus - collisions multiples,,,,,,,,,,,1,2,1,1.0,5.0
201000062433,0010-07-01 20:45:00,10,7,1,20,45,750,111,AVENUE JEAN AICARD,,,Plein jour,En agglomération,Hors intersection,Normale,Autre collision,,,,,,,,,,,1,2,1,1.0,6.0
201000062434,0010-07-02 09:15:00,10,7,2,9,15,750,111,"102, AVENUE LEDRU ROLLIN",,,Plein jour,En agglomération,Hors intersection,Normale,Deux véhicules - côté,,,,,,,,,,,1,2,1,1.0,3.0
201000062435,0010-07-03 11:35:00,10,7,3,11,35,750,111,BOULEVARD VOLTAIRE,,,Plein jour,En agglomération,Hors intersection,Pluie légère,Deux véhicules - arrière,,,,,,,,,,,1,2,1,2.0,2.0
201000062436,0010-07-04 21:10:00,10,7,4,21,10,750,111,"70, AVENUE DE LA REPUBLI",,,Plein jour,En agglomération,Intersection en X,Normale,Autre collision,,,,,,,,,,,1,2,2,1.0,6.0
201000062437,0010-07-05 11:04:00,10,7,5,11,4,750,111,"185, BOULEVARD VOLTAIRE",,,Plein jour,En agglomération,Hors intersection,Normale,Deux véhicules - côté,,,,,,,,,,,1,2,1,1.0,3.0
201000062438,0010-07-05 19:50:00,10,7,5,19,50,750,111,"171, RUE DE LA ROQUETTE",,,Plein jour,En agglomération,Hors intersection,Normale,Deux véhicules - côté,,,,,,,,,,,1,2,1,1.0,3.0
201000062439,0010-07-06 09:40:00,10,7,6,9,40,750,111,"33, AVENUE DE LA REPUBLI",,,Plein jour,En agglomération,Hors intersection,Normale,Deux véhicules - arrière,,,,,,,,,,,1,2,1,1.0,2.0
201000062440,0010-07-07 02:35:00,10,7,7,2,35,750,111,RUE DE CHARONNE,,,Nuit avec éclairage allumé,En agglomération,Hors intersection,Normale,Deux véhicules - côté,,,,,,,,,,,5,2,1,1.0,3.0
201000062441,0010-07-07 15:40:00,10,7,7,15,40,750,111,"40, BOULEVARD VOLTAIRE",,,Plein jour,En agglomération,Intersection en X,Normale,Deux véhicules - côté,,,,,,,,,,,1,2,2,1.0,3.0
201000062442,0010-07-08 23:15:00,10,7,8,23,15,750,110,"12, PLACE DE LA REPUBLIQ",,,Nuit avec éclairage allumé,En agglomération,Intersection à plus de 4 branches,Normale,Deux véhicules - côté,,,,,,,,,,,5,2,5,1.0,3.0
201000062443,0010-07-12 17:35:00,10,7,12,17,35,750,111,"42 bis, BOULEVARD RICHAR",,,Plein jour,En agglomération,Intersection à plus de 4 branches,Normale,Autre collision,,,,,,,,,,,1,2,5,1.0,6.0
201000062444,0010-07-12 17:30:00,10,7,12,17,30,750,111,AVENUE DE LA REPUBLIQUE,,,Plein jour,En agglomération,Intersection à plus de 4 branches,Normale,Deux véhicules - arrière,,,,,,,,,,,1,2,5,1.0,2.0
201000062445,0010-07-13 18:30:00,10,7,13,18,30,750,111,"142, AVENUE PARMENTIER",,,Plein jour,En agglomération,Intersection en T,Normale,Deux véhicules - côté,,,,,,,,,,,1,2,3,1.0,3.0
201000062446,0010-07-17 00:40:00,10,7,17,0,40,750,111,"33, AVENUE PARMENTIER",,,Nuit avec éclairage allumé,En agglomération,Hors intersection,Normale,Deux véhicules - arrière,,,,,,,,,,,5,2,1,1.0,2.0
201000062447,0010-07-17 16:35:00,10,7,17,16,35,750,111,"104 bis, BOULEVARD VOLTA",,,Plein jour,En agglomération,Hors intersection,Normale,Deux véhicules - côté,,,,,,,,,,,1,2,1,1.0,3.0
201000062448,0010-07-19 20:50:00,10,7,19,20,50,750,111,"3, BOULEVARD RICHARD LEN",,,Plein jour,En agglomération,Intersection en Y,Normale,Autre collision,,,,,,,,,,,1,2,4,1.0,6.0
201000062449,0010-07-18 03:40:00,10,7,18,3,40,750,111,"61, RUE DU FAUBOURG SAIN",,,Nuit avec éclairage allumé,En agglomération,Intersection en T,Normale,Autre collision,,,,,,,,,,,5,2,3,1.0,6.0
201000062450,0010-07-20 00:05:00,10,7,20,0,5,750,111,"02, AVENUE PHILIPPE AUGU",,,Nuit avec éclairage allumé,En agglomération,Intersection à plus de 4 branches,Normale,Autre collision,,,,,,,,,,,5,2,5,1.0,6.0
201000062451,0010-07-23 11:00:00,10,7,23,11,0,750,111,BOULEVARD BEAUMARCHAIS,,,Plein jour,En agglomération,Hors intersection,Normale,Autre collision,,,,,,,,,,,1,2,1,1.0,6.0
201000062452,0010-07-23 15:20:00,10,7,23,15,20,750,111,"159, RUE DE CHARONNE",,,Plein jour,En agglomération,Intersection en T,Pluie légère,Autre collision,,,,,,,,,,,1,2,3,2.0,6.0
201000062453,0010-07-25 14:25:00,10,7,25,14,25,750,111,"112, AVENUE LEDRU ROLLIN",,,Plein jour,En agglomération,Hors intersection,Normale,Deux véhicules - côté,,,,,,,,,,,1,2,1,1.0,3.0
201000062454,0010-07-25 20:05:00,10,7,25,20,5,750,111,PLACE DE LA BASTILLE,,,Plein jour,En agglomération,Hors intersection,Normale,Autre collision,,,,,,,,,,,1,2,1,1.0,6.0
201000062455,0010-07-25 23:00:00,10,7,25,23,0,750,111,"277, RUE DU FAUBOURG SAI",,,Nuit avec éclairage allumé,En agglomération,Hors intersection,Normale,Deux véhicules - côté,,,,,,,,,,,5,2,1,1.0,3.0
201000062456,0010-07-28 09:05:00,10,7,28,9,5,750,111,"Vis vis 82, BOULEVARD VO",,,Plein jour,En agglomération,Intersection en T,Normale,Deux véhicules - côté,,,,,,,,,,,1,2,3,1.0,3.0
201000062457,0010-07-28 13:10:00,10,7,28,13,10,750,111,"06, RUE ALPHONSE BAUDIN",,,Plein jour,En agglomération,Hors intersection,Normale,Autre collision,,,,,,,,,,,1,2,1,1.0,6.0
201000062458,0010-07-28 16:10:00,10,7,28,16,10,750,111,"163, AVENUE LEDRU ROLLIN",,,Plein jour,En agglomération,Hors intersection,Normale,Deux véhicules - côté,,,,,,,,,,,1,2,1,1.0,3.0
201000062459,0010-07-29 16:10:00,10,7,29,16,10,750,111,"92, BOULEVARD VOLTAIRE",,,Plein jour,En agglomération,Hors intersection,Normale,Autre collision,,,,,,,,,,,1,2,1,1.0,6.0
201000062460,0010-08-04 23:00:00,10,8,4,23,0,750,111,"165, BOULEVARD VOLTAIRE",,,Nuit avec éclairage allumé,En agglomération,Intersection en X,Normale,Deux véhicules - côté,,,,,,,,,,,5,2,2,1.0,3.0
201000062461,0010-08-06 20:36:00,10,8,6,20,36,750,111,"149, BOULEVARD VOLTAIRE",,,Crépuscule ou aube,En agglomération,Intersection en X,Normale,Deux véhicules - côté,,,,,,,,,,,2,2,2,1.0,3.0
201000062462,0010-08-04 00:55:00,10,8,4,0,55,750,111,"09, RUE DU FAUBOURG SAIN",,,Nuit avec éclairage allumé,En agglomération,Hors intersection,Normale,Sans collision,,,,,,,,,,,5,2,1,1.0,7.0
201000062463,0010-08-09 21:00:00,10,8,9,21,0,750,111,"139, RUE DE CHARONNE",,,Crépuscule ou aube,En agglomération,Hors intersection,Normale,Sans collision,,,,,,,,,,,2,2,1,1.0,7.0
201000062464,0010-08-11 15:20:00,10,8,11,15,20,750,111,"10, PLACE LEON BLUM",,,Plein jour,En agglomération,Hors intersection,Normale,Autre collision,,,,,,,,,,,1,2,1,1.0,6.0
201000062465,0010-08-14 14:10:00,10,8,14,14,10,750,111,BOULEVARD RICHARD LENOIR,,,Plein jour,En agglomération,Intersection à plus de 4 branches,Pluie légère,Deux véhicules - côté,,,,,,,,,,,1,2,5,2.0,3.0
201000062466,0010-08-14 15:25:00,10,8,14,15,25,750,111,"157, RUE DU FAUBOURG SAI",,,Plein jour,En agglomération,Hors intersection,Pluie légère,Sans collision,,,,,,,,,,,1,2,1,2.0,7.0
201000062467,0010-08-15 18:35:00,10,8,15,18,35,750,111,"104, AVENUE DE LA REPUBL",,,Plein jour,En agglomération,Intersection en T,Pluie légère,Deux véhicules - côté,,,,,,,,,,,1,2,3,2.0,3.0
201000062468,0010-08-18 09:40:00,10,8,18,9,40,750,111,"82, RUE DE CHARONNE",,,Plein jour,En agglomération,Hors intersection,Pluie légère,Deux véhicules - frontale,,,,,,,,,,,1,2,1,2.0,1.0
201000062469,0010-08-18 09:40:00,10,8,18,9,40,750,111,"10, PLACE DE LA REPUBLIQ",,,Plein jour,En agglomération,Intersection à plus de 4 branches,Normale,Autre collision,,,,,,,,,,,1,2,5,1.0,6.0
201000062470,0010-08-18 20:55:00,10,8,18,20,55,750,111,"117, RUE DE LA ROQUETTE",,,Crépuscule ou aube,En agglomération,Hors intersection,Normale,Deux véhicules - côté,,,,,,,,,,,2,2,1,1.0,3.0
201000062471,0010-08-19 11:30:00,10,8,19,11,30,750,111,"26, BOULEVARD BEAUMARCHA",,,Plein jour,En agglomération,Intersection en X,Normale,Autre collision,,,,,,,,,,,1,2,2,1.0,6.0
201000062472,0010-08-20 00:58:00,10,8,20,0,58,750,112,"10, PLACE FELIX EBOUE",,,Nuit avec éclairage allumé,En agglomération,Intersection à plus de 4 branches,Normale,Autre collision,,,,,,,,,,,5,2,5,1.0,6.0
201000062473,0010-08-21 12:40:00,10,8,21,12,40,750,111,"17, AVENUE PHILIPPE AUGU",,,Plein jour,En agglomération,Intersection en X,Normale,Autre collision,,,,,,,,,,,1,2,2,1.0,6.0
201000062474,0010-08-22 00:30:00,10,8,22,0,30,750,111,"87, RUE DE LA ROQUETTE",,,Nuit avec éclairage allumé,En agglomération,Intersection à plus de 4 branches,Normale,Autre collision,,,,,,,,,,,5,2,5,1.0,6.0
201000062475,0010-08-22 08:57:00,10,8,22,8,57,750,111,"109, BOULEVARD DE MENILM",,,Plein jour,En agglomération,Hors intersection,Normale,Autre collision,,,,,,,,,,,1,2,1,1.0,6.0
201000062476,0010-08-23 13:20:00,10,8,23,13,20,750,111,"16, BOULEVARD DES FILLES",,,Plein jour,En agglomération,Hors intersection,Pluie légère,Autre collision,,,,,,,,,,,1,2,1,2.0,6.0
201000062477,0010-08-24 20:00:00,10,8,24,20,0,750,111,"01 bis, PASSAGE SAINT SE",,,Crépuscule ou aube,En agglomération,Hors intersection,Normale,Autre collision,,,,,,,,,,,2,2,1,1.0,6.0
201000062478,0010-08-24 19:45:00,10,8,24,19,45,750,111,"3, RUE MORET",,,Plein jour,En agglomération,Hors intersection,Autre,Autre collision,,,,,,,,,,,1,2,1,9.0,6.0
201000062479,0010-08-27 21:00:00,10,8,27,21,0,750,111,"101, BOULEVARD RICHARD L",,,Nuit avec éclairage allumé,En agglomération,Intersection à plus de 4 branches,Pluie légère,Deux véhicules - côté,,,,,,,,,,,5,2,5,2.0,3.0
201000062480,0010-08-28 18:15:00,10,8,28,18,15,750,111,"160, RUE OBERKAMPF",,,Plein jour,En agglomération,Intersection en X,Normale,Deux véhicules - arrière,,,,,,,,,,,1,2,2,1.0,2.0
201000062481,0010-08-31 09:00:00,10,8,31,9,0,750,111,"293, RUE DU FAUBOURG SAI",,,Plein jour,En agglomération,Hors intersection,Normale,Deux véhicules - côté,,,,,,,,,,,1,2,1,1.0,3.0
201000062482,0010-08-31 16:55:00,10,8,31,16,55,750,111,"45, BOULEVARD VOLTAIRE",,,Plein jour,En agglomération,Intersection en X,Normale,Deux véhicules - côté,,,,,,,,,,,1,2,2,1.0,3.0
201000062483,0010-09-01 11:15:00,10,9,1,11,15,750,111,"154, BOULEVARD VOLTAIRE",,,Plein jour,En agglomération,Intersection en X,Normale,Autre collision,,,,,,,,,,,1,2,2,1.0,6.0
201000062484,0010-09-01 20:00:00,10,9,1,20,0,750,111,"87, RUE DU FAUBOURG SAIN",,,Plein jour,En agglomération,Hors intersection,Normale,Autre collision,,,,,,,,,,,1,2,1,1.0,6.0
201000062485,0010-09-01 21:00:00,10,9,1,21,0,750,111,"3, PLACE DE LA NATION",,,Nuit avec éclairage allumé,En agglomération,Intersection à plus de 4 branches,Normale,Sans collision,,,,,,,,,,,5,2,5,1.0,7.0
201000062486,0010-09-03 13:05:00,10,9,3,13,5,750,111,"5, AVENUE PHILIPPE AUGUS",,,Plein jour,En agglomération,Hors intersection,Normale,Autre collision,,,,,,,,,,,1,2,1,1.0,6.0
201000062487,0010-09-04 00:40:00,10,9,4,0,40,750,111,BOULEVARD VOLTAIRE,,,Nuit avec éclairage allumé,En agglomération,Intersection à plus de 4 branches,Normale,Deux véhicules - côté,,,,,,,,,,,5,2,5,1.0,3.0
201000062488,0010-09-06 18:10:00,10,9,6,18,10,750,111,"95, AVENUE PHILIPPE AUGU",,,Plein jour,En agglomération,Intersection en X,Normale,Deux véhicules - côté,,,,,,,,,,,1,2,2,1.0,3.0
201000062489,0010-09-07 14:55:00,10,9,7,14,55,750,111,"2, RUE DE L ASILE POPINC",,,Plein jour,En agglomération,Hors intersection,Normale,Autre collision,,,,,,,,,,,1,2,1,1.0,6.0
201000062490,0010-09-07 22:20:00,10,9,7,22,20,750,111,"24, BOULEVARD RICHARD LE",,,Nuit avec éclairage allumé,En agglomération,Hors intersection,Normale,Autre collision,,,,,,,,,,,5,2,1,1.0,6.0
201000062491,0010-09-08 00:05:00,10,9,8,0,5,750,111,RUE DE LA ROQUETTE,,,Nuit avec éclairage allumé,En agglomération,Intersection en X,Pluie légère,Deux véhicules - côté,,,,,,,,,,,5,2,2,2.0,3.0
201000062492,0010-09-08 10:30:00,10,9,8,10,30,750,111,"84, BOULEVARD BEAUMARCHA",,,Plein jour,En agglomération,Hors intersection,Pluie légère,Deux véhicules - arrière,,,,,,,,,,,1,2,1,2.0,2.0
201000062493,0010-09-09 00:50:00,10,9,9,0,50,750,111,"36, BOULEVARD DU TEMPLE",,,Nuit avec éclairage allumé,En agglomération,Hors intersection,Normale,Deux véhicules - côté,,,,,,,,,,,5,2,1,1.0,3.0
201000062494,0010-09-10 13:20:00,10,9,10,13,20,750,111,"124, AVENUE LEDRU ROLLIN",,,Plein jour,En agglomération,Hors intersection,Normale,Autre collision,,,,,,,,,,,1,2,1,1.0,6.0
201000062495,0010-09-08 19:10:00,10,9,8,19,10,750,111,"33, AVENUE DE LA REPUBLI",,,Plein jour,En agglomération,Hors intersection,Pluie légère,Deux véhicules - frontale,,,,,,,,,,,1,2,1,2.0,1.0
201000062496,0010-09-11 23:45:00,10,9,11,23,45,750,111,RUE SEDAINE,,,Nuit avec éclairage allumé,En agglomération,Intersection en X,Normale,Deux véhicules - côté,,,,,,,,,,,5,2,2,1.0,3.0
201000062497,0010-09-13 14:40:00,10,9,13,14,40,750,111,"101, AVENUE PARMENTIER",,,Plein jour,En agglomération,Intersection en X,Normale,Autre collision,,,,,,,,,,,1,2,2,1.0,6.0
201000062498,0010-09-17 23:50:00,10,9,17,23,50,750,111,"88, RUE DE LA ROQUETTE",,,Nuit avec éclairage allumé,En agglomération,Intersection en T,Normale,Autre collision,,,,,,,,,,,5,2,3,1.0,6.0
201000062499,0010-09-16 09:40:00,10,9,16,9,40,750,111,"86, BOULEVARD RICHARD LE",,,Plein jour,En agglomération,Intersection à plus de 4 branches,Normale,Deux véhicules - côté,,,,,,,,,,,1,2,5,1.0,3.0
201000062500,0010-09-18 11:35:00,10,9,18,11,35,750,112,"2, PLACE DE LA NATION",,,Plein jour,En agglomération,Place,Normale,Autre collision,,,,,,,,,,,1,2,7,1.0,6.0
201000062501,0010-09-19 22:00:00,10,9,19,22,0,750,111,"51, AVENUE PARMENTIER",,,Nuit avec éclairage allumé,En agglomération,Hors intersection,Normale,Deux véhicules - arrière,,,,,,,,,,,5,2,1,1.0,2.0
201000062502,0010-09-20 10:55:00,10,9,20,10,55,750,111,"12, PLACE DE LA BASTILLE",,,Plein jour,En agglomération,Intersection à plus de 4 branches,Normale,Deux véhicules - côté,,,,,,,,,,,1,2,5,1.0,3.0
201000062503,0010-09-22 22:00:00,10,9,22,22,0,750,111,"65, AVENUE PARMENTIER",,,Nuit avec éclairage allumé,En agglomération,Intersection en T,Normale,Deux véhicules - côté,,,,,,,,,,,5,2,3,1.0,3.0
201000062504,0010-09-23 07:20:00,10,9,23,7,20,750,111,"2, RUE FAIDHERBE",,,Crépuscule ou aube,En agglomération,Intersection en X,Normale,Sans collision,,,,,,,,,,,2,2,2,1.0,7.0
201000062505,0010-09-23 17:50:00,10,9,23,17,50,750,120,"266, RUE DES PYRENEES",,,Plein jour,En agglomération,Hors intersection,Normale,Deux véhicules - côté,,,,,,,,,,,1,2,1,1.0,3.0
201000062506,0010-09-23 18:30:00,10,9,23,18,30,750,111,"111, BOULEVARD DE CHARON",,,Plein jour,En agglomération,Intersection en X,Normale,Autre collision,,,,,,,,,,,1,2,2,1.0,6.0
201000062507,0010-09-24 11:55:00,10,9,24,11,55,750,111,"173, BOULEVARD VOLTAIRE",,,Plein jour,En agglomération,Hors intersection,Normale,Deux véhicules - arrière,,,,,,,,,,,1,2,1,1.0,2.0
201000062508,0010-09-24 21:40:00,10,9,24,21,40,750,111,"83, BOULEVARD DE MENILMO",,,Nuit avec éclairage allumé,En agglomération,Intersection en X,Autre,Sans collision,,,,,,,,,,,5,2,2,9.0,7.0
201000062509,0010-09-25 23:45:00,10,9,25,23,45,750,112,AVENUE DU BEL AIR,,,Nuit avec éclairage allumé,En agglomération,Intersection à plus de 4 branches,Normale,Deux véhicules - côté,,,,,,,,,,,5,2,5,1.0,3.0
201000062510,0010-09-26 20:30:00,10,9,26,20,30,750,111,"22, AVENUE DE LA REPUBLI",,,Nuit avec éclairage allumé,En agglomération,Intersection en X,Pluie forte,Trois véhicules et plus - collisions multiples,,,,,,,,,,,5,2,2,3.0,5.0
201000062511,0010-09-26 01:05:00,10,9,26,1,5,750,111,"11, RUE CRESPIN DU GAST",,,Nuit avec éclairage non allumé,En agglomération,Hors intersection,Normale,Deux véhicules - côté,,,,,,,,,,,4,2,1,1.0,3.0
201000062512,0010-09-30 07:57:00,10,9,30,7,57,750,111,"166, AVENUE LEDRU ROLLIN",,,Plein jour,En agglomération,Hors intersection,Pluie forte,Deux véhicules - côté,,,,,,,,,,,1,2,1,3.0,3.0
201000062513,0010-09-30 08:20:00,10,9,30,8,20,750,111,"93, AVENUE DE LA REPUBLI",,,Plein jour,En agglomération,Hors intersection,Pluie légère,Trois véhicules et plus - en chaîne,,,,,,,,,,,1,2,1,2.0,4.0
201000062514,0010-09-30 08:40:00,10,9,30,8,40,750,111,"213, BOULEVARD VOLTAIRE",,,Plein jour,En agglomération,Intersection en T,Pluie légère,Autre collision,,,,,,,,,,,1,2,3,2.0,6.0
201000062515,0010-09-30 11:05:00,10,9,30,11,5,750,111,"121, RUE DE LA ROQUETTE",,,Plein jour,En agglomération,Hors intersection,Pluie légère,Sans collision,,,,,,,,,,,1,2,1,2.0,7.0
201000062516,0010-09-30 11:20:00,10,9,30,11,20,750,111,"7, AVENUE DE LA REPUBLIQ",,,Plein jour,En agglomération,Hors intersection,Normale,Sans collision,,,,,,,,,,,1,2,1,1.0,7.0
201000062517,0010-10-01 12:15:00,10,10,1,12,15,750,111,"111, RUE DE CHARONNE",,,Plein jour,En agglomération,Intersection en X,Normale,Autre collision,,,,,,,,,,,1,2,2,1.0,6.0
201000062518,0010-10-01 11:55:00,10,10,1,11,55,750,111,"155, RUE DE LA ROQUETTE",,,Plein jour,En agglomération,Intersection en X,Normale,Autre collision,,,,,,,,,,,1,2,2,1.0,6.0
201000062519,0010-10-01 16:40:00,10,10,1,16,40,750,111,"11 bis, PLACE DE LA NATI",,,Plein jour,En agglomération,Intersection à plus de 4 branches,Pluie légère,Autre collision,,,,,,,,,,,1,2,5,2.0,6.0
201000062520,0010-10-01 18:35:00,10,10,1,18,35,750,111,"141, RUE DE CHARONNE",,,Plein jour,En agglomération,Hors intersection,Pluie légère,Deux véhicules - côté,,,,,,,,,,,1,2,1,2.0,3.0
201000062521,0010-10-01 21:35:00,10,10,1,21,35,750,111,"129, RUE DE LA ROQUETTE",,,Nuit avec éclairage allumé,En agglomération,Hors intersection,Pluie légère,Deux véhicules - frontale,,,,,,,,,,,5,2,1,2.0,1.0
201000062522,0010-10-02 15:45:00,10,10,2,15,45,750,111,RUE GERBIER,,,Plein jour,En agglomération,Intersection en T,Normale,Deux véhicules - côté,,,,,,,,,,,1,2,3,1.0,3.0
201000062523,0010-10-02 23:20:00,10,10,2,23,20,750,111,"159, BOULEVARD VOLTAIRE",,,Nuit avec éclairage allumé,En agglomération,Intersection en X,Normale,Deux véhicules - côté,,,,,,,,,,,5,2,2,1.0,3.0
201000062524,0010-10-03 13:40:00,10,10,3,13,40,750,111,"6, BOULEVARD VOLTAIRE",,,Plein jour,En agglomération,Intersection en X,Normale,Sans collision,,,,,,,,,,,1,2,2,1.0,7.0
201000062525,0010-10-05 16:20:00,10,10,5,16,20,750,111,"203, RUE DU FAUBOURG SAI",,,Plein jour,En agglomération,Hors intersection,Normale,Autre collision,,,,,,,,,,,1,2,1,1.0,6.0
201000062526,0010-10-06 21:35:00,10,10,6,21,35,750,111,"3, AVENUE DU TRONE",,,Nuit avec éclairage allumé,En agglomération,Place,Pluie légère,Deux véhicules - arrière,,,,,,,,,,,5,2,7,2.0,2.0
201000062527,0010-10-07 14:00:00,10,10,7,14,0,750,111,"1, RUE DE LA ROQUETTE",,,Plein jour,En agglomération,Intersection à plus de 4 branches,Normale,Deux véhicules - arrière,,,,,,,,,,,1,2,5,1.0,2.0
201000062528,0010-10-10 14:40:00,10,10,10,14,40,750,111,"242, BOULEVARD VOLTAIRE",,,Plein jour,En agglomération,Hors intersection,Normale,Deux véhicules - côté,,,,,,,,,,,1,2,1,1.0,3.0
201000062529,0010-10-11 08:50:00,10,10,11,8,50,750,111,"127, AVENUE LEDRU ROLLIN",,,Plein jour,En agglomération,Intersection en Y,Normale,Autre collision,,,,,,,,,,,1,2,4,1.0,6.0
201000062530,0010-10-11 15:00:00,10,10,11,15,0,750,111,"5, AVENUE DE LA REPUBLIQ",,,Plein jour,En agglomération,Intersection en X,Normale,Deux véhicules - côté,,,,,,,,,,,1,2,2,1.0,3.0
201000062531,0010-10-11 23:00:00,10,10,11,23,0,750,111,"12, AVENUE DE LA REPUBLI",,,Nuit avec éclairage allumé,En agglomération,Intersection en T,Normale,Deux véhicules - côté,,,,,,,,,,,5,2,3,1.0,3.0
201000062532,0010-10-13 13:20:00,10,10,13,13,20,750,111,"168, BOULEVARD VOLTAIRE",,,Plein jour,En agglomération,Hors intersection,Normale,Deux véhicules - côté,,,,,,,,,,,1,2,1,1.0,3.0