accident_id,datetime,annee,mois,jour,heure,minute,departement,commune_insee,adresse,latitude,longitude,luminosite,agglomeration,intersection,meteo,collision,nb_vehicules,nb_usagers,nb_indemnes,nb_tues,nb_blesses_hosp,nb_blesses_legers,age_cond_1,age_cond_2,veh_type_cond_1,veh_type_cond_2,lum_code,agg_code,int_code,atm_code,col_code
201000062782,0010-05-14 19:32:00,10,5,14,19,32,750,112,", RUE DE LYON",,,Crépuscule ou aube,En agglomération,Intersection en X,Temps couvert,Deux véhicules - arrière,,,,,,,,,,,2,2,2,8.0,2.0
201000062783,0010-05-15 20:15:00,10,5,15,20,15,750,112,"89, BOULEVARD PONIATOWSK",,,Plein jour,En agglomération,Hors intersection,Normale,Deux véhicules - arrière,,,,,,,,,,,1,2,1,1.0,2.0
201000062784,0010-05-20 12:55:00,10,5,20,12,55,750,112,RUE DE CHARENTON,,,Plein jour,En agglomération,Intersection en T,Normale,Deux véhicules - arrière,,,,,,,,,,,1,2,3,1.0,2.0
201000062785,0010-05-22 20:25:00,10,5,22,20,25,750,112,BOULEVARD SOULT,,,Plein jour,En agglomération,Hors intersection,Normale,Deux véhicules - côté,,,,,,,,,,,1,2,1,1.0,3.0
201000062786,0010-05-24 12:25:00,10,5,24,12,25,750,112,"54, BOULEVARD DIDEROT",,,Plein jour,En agglomération,Intersection en T,Normale,Deux véhicules - côté,,,,,,,,,,,1,2,3,1.0,3.0
201000062787,0010-05-24 20:20:00,10,5,24,20,20,750,112,"68, QUAI DE LA RAPEE",,,Plein jour,En agglomération,Intersection en X,Normale,Deux véhicules - côté,,,,,,,,,,,1,2,2,1.0,3.0
201000062788,0010-05-25 19:10:00,10,5,25,19,10,750,112,"92, BOULEVARD DIDEROT",,,Plein jour,En agglomération,Hors intersection,Normale,Deux véhicules - côté,,,,,,,,,,,1,2,1,1.0,3.0
201000062789,0010-05-25 19:50:00,10,5,25,19,50,750,112,RUE DE CHARENTON,,,Plein jour,En agglomération,Hors intersection,Pluie forte,Autre collision,,,,,,,,,,,1,2,1,3.0,6.0
201000062790,0010-05-25 20:00:00,10,5,25,20,0,750,112,"2, COURS DE VINCENNES",,,Plein jour,En agglomération,Intersection en X,Normale,Deux véhicules - côté,,,,,,,,,,,1,2,2,1.0,3.0
201000062791,0010-05-26 14:50:00,10,5,26,14,50,750,112,RUE DU FAUBOURG SAINT AN,,,Plein jour,En agglomération,Hors intersection,Pluie légère,Autre collision,,,,,,,,,,,1,2,1,2.0,6.0
201000062792,0010-05-26 16:10:00,10,5,26,16,10,750,112,"19, AVENUE DE SAINT MAND",,,Plein jour,En agglomération,Hors intersection,Pluie légère,Deux véhicules - côté,,,,,,,,,,,1,2,1,2.0,3.0
201000062793,0010-05-26 19:10:00,10,5,26,19,10,750,112,"35, RUE LOUIS BRAILLE",,,Plein jour,En agglomération,Hors intersection,Normale,Autre collision,,,,,,,,,,,1,2,1,1.0,6.0
201000062794,0010-05-26 18:30:00,10,5,26,18,30,750,112,AVENUE DE SAINT MAURICE,,,Plein jour,En agglomération,Hors intersection,Pluie légère,Trois véhicules et plus - en chaîne,,,,,,,,,,,1,2,1,2.0,4.0
201000062795,0010-05-26 22:00:00,10,5,26,22,0,750,112,", AVENUE DE SAINT MANDE",,,Nuit avec éclairage allumé,En agglomération,Intersection en T,Normale,Deux véhicules - côté,,,,,,,,,,,5,2,3,1.0,3.0
201000062796,0010-05-27 15:30:00,10,5,27,15,30,750,112,"271, AVENUE DAUMESNIL",,,Plein jour,En agglomération,Intersection en X,Pluie légère,Autre collision,,,,,,,,,,,1,2,2,2.0,6.0
201000062797,0010-05-27 16:50:00,10,5,27,16,50,750,112,"75, AVENUE LEDRU ROLLIN",,,Plein jour,En agglomération,Hors intersection,Pluie légère,Autre collision,,,,,,,,,,,1,2,1,2.0,6.0
201000062798,0010-05-27 19:40:00,10,5,27,19,40,750,112,QUI DE BERCY BERCY,,,Plein jour,En agglomération,Intersection en Y,Normale,Deux véhicules - arrière,,,,,,,,,,,1,2,4,1.0,2.0
201000062799,0010-05-28 18:30:00,10,5,28,18,30,750,112,QUAI DE BERCY,,,Plein jour,En agglomération,Hors intersection,Normale,Deux véhicules - côté,,,,,,,,,,,1,2,1,1.0,3.0
201000062800,0010-05-28 21:00:00,10,5,28,21,0,750,112,QUAI DE BERCY,,,Plein jour,En agglomération,Intersection en X,Normale,Deux véhicules - côté,,,,,,,,,,,1,2,2,1.0,3.0
201000062801,0010-05-29 00:20:00,10,5,29,0,20,750,112,"3, RUE DE DIJON",,,Nuit avec éclairage allumé,En agglomération,Hors intersection,Normale,Deux véhicules - côté,,,,,,,,,,,5,2,1,1.0,3.0
201000062802,0010-05-30 02:15:00,10,5,30,2,15,750,112,"52, RUE DU FAUBOURG SAIN",,,Nuit avec éclairage allumé,En agglomération,Hors intersection,Pluie légère,Autre collision,,,,,,,,,,,5,2,1,2.0,6.0
201000062803,0010-05-30 03:45:00,10,5,30,3,45,750,112,RUE DU FAUBOURG SAINT AN,,,Nuit avec éclairage allumé,En agglomération,Intersection à plus de 4 branches,Pluie légère,Deux véhicules - côté,,,,,,,,,,,5,2,5,2.0,3.0
201000062804,0010-05-30 08:45:00,10,5,30,8,45,750,112,ROUTE DE LA PYRAMIDE,,,Plein jour,En agglomération,Hors intersection,Normale,Deux véhicules - arrière,,,,,,,,,,,1,2,1,1.0,2.0
201000062805,0010-05-30 10:50:00,10,5,30,10,50,750,112,RUE DE CHARENTON,,,Plein jour,En agglomération,Intersection à plus de 4 branches,Normale,Deux véhicules - côté,,,,,,,,,,,1,2,5,1.0,3.0
201000062806,0010-05-30 12:20:00,10,5,30,12,20,750,112,AVENUE DAUMESNIL,,,Plein jour,En agglomération,Intersection en X,Temps couvert,Deux véhicules - côté,,,,,,,,,,,1,2,2,8.0,3.0
201000062807,0010-05-30 21:50:00,10,5,30,21,50,750,112,"221, AVENUE DAUMESNIL",,,Nuit avec éclairage allumé,En agglomération,Intersection en T,Normale,Deux véhicules - côté,,,,,,,,,,,5,2,3,1.0,3.0
201000062808,0010-05-31 13:05:00,10,5,31,13,5,750,112,"39, AVENUE DE SAINT MAND",,,Plein jour,En agglomération,Hors intersection,Normale,Deux véhicules - côté,,,,,,,,,,,1,2,1,1.0,3.0
201000062809,0010-05-31 14:10:00,10,5,31,14,10,750,112,AVENUE DE SAINT MAURICE,,,Plein jour,En agglomération,Intersection à plus de 4 branches,Normale,Trois véhicules et plus - en chaîne,,,,,,,,,,,1,2,5,1.0,4.0
201000062810,0010-06-01 11:15:00,10,6,1,11,15,750,112,"6, IMPASSE CROZATIER",,,Plein jour,En agglomération,Hors intersection,Normale,Autre collision,,,,,,,,,,,1,2,1,1.0,6.0
201000062811,0010-06-02 00:35:00,10,6,2,0,35,750,112,COURS DE VINCENNES,,,Nuit avec éclairage allumé,En agglomération,Intersection à plus de 4 branches,Pluie légère,Autre collision,,,,,,,,,,,5,2,5,2.0,6.0
201000062812,0010-06-02 08:03:00,10,6,2,8,3,750,112,"265, AVENUE DAUMESNIL",,,Plein jour,En agglomération,Hors intersection,Normale,Deux véhicules - côté,,,,,,,,,,,1,2,1,1.0,3.0
201000062813,0010-06-02 10:08:00,10,6,2,10,8,750,112,"22, BOULEVARD DIDEROT",,,Plein jour,En agglomération,Hors intersection,Normale,Deux véhicules - côté,,,,,,,,,,,1,2,1,1.0,3.0
201000062814,0010-06-02 13:40:00,10,6,2,13,40,750,112,"212, RUE DU FAUBOURG SAI",,,Plein jour,En agglomération,Hors intersection,Normale,Autre collision,,,,,,,,,,,1,2,1,1.0,6.0
201000062815,0010-06-02 16:35:00,10,6,2,16,35,750,112,PLACE DE LA NATION,,,Plein jour,En agglomération,Intersection à plus de 4 branches,Normale,Deux véhicules - côté,,,,,,,,,,,1,2,5,1.0,3.0
201000062816,0010-06-02 17:00:00,10,6,2,17,0,750,112,"55, RUE DE REUILLY",,,Plein jour,En agglomération,Hors intersection,Normale,Sans collision,,,,,,,,,,,1,2,1,1.0,7.0
201000062817,0010-06-03 14:45:00,10,6,3,14,45,750,112,AVENUE DE NOGENT,,,Plein jour,En agglomération,Intersection en X,Normale,Deux véhicules - côté,,,,,,,,,,,1,2,2,1.0,3.0
201000062818,0010-06-03 16:30:00,10,6,3,16,30,750,112,"33, RUE DE PICPUS",,,Plein jour,En agglomération,Hors intersection,Normale,Autre collision,,,,,,,,,,,1,2,1,1.0,6.0
201000062819,0010-06-03 16:45:00,10,6,3,16,45,750,112,"34, RUE LOUIS BRAILLE",,,Plein jour,En agglomération,Hors intersection,Normale,Autre collision,,,,,,,,,,,1,2,1,1.0,6.0
201000062820,0010-06-03 18:55:00,10,6,3,18,55,750,112,RUE DU GENERAL DE LANGLE,,,Plein jour,En agglomération,Hors intersection,Normale,Deux véhicules - côté,,,,,,,,,,,1,2,1,1.0,3.0
201000062821,0010-06-04 11:00:00,10,6,4,11,0,750,112,"43, BOULEVARD DIDEROT",,,Plein jour,En agglomération,Intersection en X,Normale,Autre collision,,,,,,,,,,,1,2,2,1.0,6.0
201000062822,0010-06-04 14:10:00,10,6,4,14,10,750,112,AVENUE DAUMESNIL,,,Plein jour,En agglomération,Intersection en Y,Normale,Autre collision,,,,,,,,,,,1,2,4,1.0,6.0
201000062823,0010-06-04 21:40:00,10,6,4,21,40,750,112,"204, RUE DE CHARENTON",,,Crépuscule ou aube,En agglomération,Intersection en X,Normale,Autre collision,,,,,,,,,,,2,2,2,1.0,6.0
201000062824,0010-06-06 08:30:00,10,6,6,8,30,750,112,"/, AVENUE DE NOGENT",,,Plein jour,En agglomération,Intersection en X,Normale,Deux véhicules - frontale,,,,,,,,,,,1,2,2,1.0,1.0
201000062825,0010-06-07 11:20:00,10,6,7,11,20,750,112,"45, SQUARE COURTELINE",,,Plein jour,En agglomération,Giratoire,Normale,Deux véhicules - arrière,,,,,,,,,,,1,2,6,1.0,2.0
201000062826,0010-06-07 12:35:00,10,6,7,12,35,750,112,"42, BOULEVARD DE LA BAST",,,Plein jour,En agglomération,Hors intersection,Normale,Trois véhicules et plus - en chaîne,,,,,,,,,,,1,2,1,1.0,4.0
201000062827,0010-06-07 18:09:00,10,6,7,18,9,750,112,"87, AVENUE LEDRU ROLLIN",,,Plein jour,En agglomération,Intersection à plus de 4 branches,Normale,Sans collision,,,,,,,,,,,1,2,5,1.0,7.0
201000062828,0010-06-07 22:20:00,10,6,7,22,20,750,112,"35, RUE DU SERGENT BAUCH",,,Nuit avec éclairage allumé,En agglomération,Intersection en T,Normale,Deux véhicules - côté,,,,,,,,,,,5,2,3,1.0,3.0
201000062829,0010-06-09 10:00:00,10,6,9,10,0,750,112,"94, BOULEVARD DE LA GUYA",,,Plein jour,En agglomération,Hors intersection,Pluie légère,Deux véhicules - frontale,,,,,,,,,,,1,2,1,2.0,1.0
201000062830,0010-06-09 16:45:00,10,6,9,16,45,750,112,"70, BOULEVARD DE REUILLY",,,Plein jour,En agglomération,Hors intersection,Pluie légère,Autre collision,,,,,,,,,,,1,2,1,2.0,6.0
201000062831,0010-06-09 15:45:00,10,6,9,15,45,750,112,ROUTE DE LA TOURELLE,,,Plein jour,En agglomération,Hors intersection,Pluie légère,Deux véhicules - côté,,,,,,,,,,,1,2,1,2.0,3.0
201000062832,0010-06-09 18:00:00,10,6,9,18,0,750,112,"00, RUE DE BERCY",,,Plein jour,En agglomération,Intersection en X,Pluie légère,Deux véhicules - frontale,,,,,,,,,,,1,2,2,2.0,1.0
201000062833,0010-06-10 08:30:00,10,6,10,8,30,750,112,"270, AVENUE DAUMESNIL",,,Plein jour,En agglomération,Hors intersection,Pluie légère,Autre collision,,,,,,,,,,,1,2,1,2.0,6.0
201000062834,0010-06-11 18:30:00,10,6,11,18,30,750,112,"/, BOULEVARD DIDEROT",,,Plein jour,En agglomération,Intersection en T,Normale,Deux véhicules - côté,,,,,,,,,,,1,2,3,1.0,3.0
201000062835,0010-06-11 17:30:00,10,6,11,17,30,750,112,AVENUE DE NOGENT,,,Plein jour,En agglomération,Hors intersection,Normale,Deux véhicules - arrière,,,,,,,,,,,1,2,1,1.0,2.0
201000062836,0010-06-11 21:05:00,10,6,11,21,5,750,112,BOULEVARD SOULT,,,Crépuscule ou aube,En agglomération,Intersection en X,Normale,Deux véhicules - côté,,,,,,,,,,,2,2,2,1.0,3.0
201000062837,0010-06-14 08:45:00,10,6,14,8,45,750,112,"1750, AVENUE DAUMESNIL",,,Plein jour,En agglomération,Intersection en X,Normale,Deux véhicules - arrière,,,,,,,,,,,1,2,2,1.0,2.0
201000062838,0010-06-14 08:55:00,10,6,14,8,55,750,112,"265, AVENUE DAUMESNIL",,,Plein jour,En agglomération,Hors intersection,Normale,Deux véhicules - frontale,,,,,,,,,,,1,2,1,1.0,1.0
201000062839,0010-06-14 20:20:00,10,6,14,20,20,750,112,AVENUE DAUMESNIL,,,Plein jour,En agglomération,Intersection en Y,Normale,Deux véhicules - frontale,,,,,,,,,,,1,2,4,1.0,1.0
201000062840,0010-06-16 02:30:00,10,6,16,2,30,750,112,AVENUE DAUMESNIL,,,Nuit avec éclairage allumé,En agglomération,Hors intersection,Normale,Sans collision,,,,,,,,,,,5,2,1,1.0,7.0
201000062841,0010-06-16 08:40:00,10,6,16,8,40,750,112,PONT DE TOLBIAC,,,Plein jour,En agglomération,Intersection en X,Normale,Deux véhicules - frontale,,,,,,,,,,,1,2,2,1.0,1.0
201000062842,0010-06-16 11:35:00,10,6,16,11,35,750,112,"23, RUE DE CHARENTON",,,Plein jour,En agglomération,Hors intersection,Normale,Autre collision,,,,,,,,,,,1,2,1,1.0,6.0
201000062843,0010-06-16 15:50:00,10,6,16,15,50,750,112,"1, RUE DE DIJON",,,Plein jour,En agglomération,Intersection en X,Normale,Deux véhicules - arrière,,,,,,,,,,,1,2,2,1.0,2.0
201000062844,0010-06-17 10:15:00,10,6,17,10,15,750,112,", AVENUE DAUMESNIL",,,Plein jour,En agglomération,Intersection en T,Normale,Deux véhicules - côté,,,,,,,,,,,1,2,3,1.0,3.0
201000062845,0010-06-17 16:15:00,10,6,17,16,15,750,112,"76, BOULEVARD SOULT",,,Plein jour,En agglomération,Intersection en X,Pluie légère,Autre collision,,,,,,,,,,,1,2,2,2.0,6.0
201000062846,0010-06-18 13:24:00,10,6,18,13,24,750,112,AVENUE LEDRU ROLLIN,,,Plein jour,En agglomération,Intersection en X,Normale,Deux véhicules - arrière,,,,,,,,,,,1,2,2,1.0,2.0
201000062847,0010-06-20 17:00:00,10,6,20,17,0,750,112,AVENUE DAUMESNIL,,,Plein jour,En agglomération,Intersection en X,Normale,Deux véhicules - côté,,,,,,,,,,,1,2,2,1.0,3.0
201000062848,0010-06-21 09:50:00,10,6,21,9,50,750,112,"182, RUE DU FAUBOURG SAI",,,Plein jour,En agglomération,Hors intersection,Normale,Autre collision,,,,,,,,,,,1,2,1,1.0,6.0
201000062849,0010-06-22 11:30:00,10,6,22,11,30,750,112,"33, RUE DE REUILLY",,,Plein jour,En agglomération,Intersection en X,Normale,Autre collision,,,,,,,,,,,1,2,2,1.0,6.0
201000062850,0010-06-22 16:30:00,10,6,22,16,30,750,112,"21, RUE DE WATTIGNIES",,,Plein jour,En agglomération,Hors intersection,Normale,Sans collision,,,,,,,,,,,1,2,1,1.0,7.0
201000062851,0010-06-24 22:20:00,10,6,24,22,20,750,112,"82-86, RUE DE REUILLY",,,Nuit avec éclairage allumé,Hors agglomération,Hors intersection,Normale,Autre collision,,,,,,,,,,,5,1,1,1.0,6.0
201000062852,0010-06-25 10:10:00,10,6,25,10,10,750,112,"92, AVENUE DE SAINT MAND",,,Plein jour,En agglomération,Hors intersection,Temps éblouissant,Autre collision,,,,,,,,,,,1,2,1,7.0,6.0
201000062853,0010-06-25 18:30:00,10,6,25,18,30,750,112,"218, AVENUE DAUMESNIL",,,Plein jour,En agglomération,Hors intersection,Normale,Deux véhicules - côté,,,,,,,,,,,1,2,1,1.0,3.0
201000062854,0010-06-26 15:45:00,10,6,26,15,45,750,112,RUE EDOUARD LARTET,,,Plein jour,En agglomération,Intersection en T,Normale,Sans collision,,,,,,,,,,,1,2,3,1.0,7.0
201000062855,0010-06-26 23:30:00,10,6,26,23,30,750,112,"242, RUE DU FAUBOURG SAI",,,Nuit avec éclairage allumé,En agglomération,Intersection en T,Normale,Deux véhicules - frontale,,,,,,,,,,,5,2,3,1.0,1.0
201000062856,0010-06-27 19:15:00,10,6,27,19,15,750,112,ROUTE DE BOURDON,,,Plein jour,En agglomération,Hors intersection,Normale,Sans collision,,,,,,,,,,,1,2,1,1.0,7.0
201000062857,0010-06-28 08:20:00,10,6,28,8,20,750,112,"102, AVENUE DE SAINT MAN",,,Plein jour,En agglomération,Hors intersection,Normale,Autre collision,,,,,,,,,,,1,2,1,1.0,6.0
201000062858,0010-06-28 09:45:00,10,6,28,9,45,750,112,BOULEVARD PONIATOWSKI,,,Plein jour,En agglomération,Intersection en X,Normale,Sans collision,,,,,,,,,,,1,2,2,1.0,7.0
201000062859,0010-06-28 13:00:00,10,6,28,13,0,750,112,"6, AVENUE DE SAINT MANDE",,,Plein jour,En agglomération,Hors intersection,Normale,Autre collision,,,,,,,,,,,1,2,1,1.0,6.0
201000062860,0010-06-30 03:00:00,10,6,30,3,0,750,112,"2, PLACE DE LA BASTILLE",,,Nuit avec éclairage allumé,En agglomération,Intersection en X,Normale,Deux véhicules - côté,,,,,,,,,,,5,2,2,1.0,3.0
201000062861,0010-06-30 13:00:00,10,6,30,13,0,750,112,QUAI DE LA RAPEE,,,Plein jour,En agglomération,Intersection en X,Normale,Deux véhicules - côté,,,,,,,,,,,1,2,2,1.0,3.0
201000062862,0010-06-30 13:30:00,10,6,30,13,30,750,112,"31, RUE TAINE",,,Plein jour,En agglomération,Hors intersection,Normale,Deux véhicules - côté,,,,,,,,,,,1,2,1,1.0,3.0
201000062863,0010-06-30 18:50:00,10,6,30,18,50,750,112,"242, RUE DU FAUBOURG SAI",,,Plein jour,En agglomération,Hors intersection,Normale,Deux véhicules - côté,,,,,,,,,,,1,2,1,1.0,3.0
201000062864,0010-07-01 05:00:00,10,7,1,5,0,750,112,QUAI DE LA RAPEE,,,Crépuscule ou aube,En agglomération,Intersection en X,Normale,Deux véhicules - côté,,,,,,,,,,,2,2,2,1.0,3.0
201000062865,0010-07-01 08:55:00,10,7,1,8,55,750,112,"XII-17097, AVENUE DE SAI",,,Plein jour,En agglomération,Intersection en T,Normale,Autre collision,,,,,,,,,,,1,2,3,1.0,6.0
201000062866,0010-07-01 14:20:00,10,7,1,14,20,750,112,"88, QUAI DE LA RAPEE",,,Plein jour,En agglomération,Hors intersection,Normale,Autre collision,,,,,,,,,,,1,2,1,1.0,6.0
201000062867,0010-07-01 14:50:00,10,7,1,14,50,750,112,"145, RUE DE BERCY",,,Plein jour,En agglomération,Hors intersection,Normale,Autre collision,,,,,,,,,,,1,2,1,1.0,6.0
201000062868,0010-07-01 18:10:00,10,7,1,18,10,750,112,"50, AVENUE DAUMESNIL",,,Plein jour,En agglomération,Hors intersection,Normale,Sans collision,,,,,,,,,,,1,2,1,1.0,7.0
201000062869,0010-07-01 23:17:00,10,7,1,23,17,750,112,"184, RUE DU FAUBOURG SAI",,,Nuit avec éclairage allumé,En agglomération,Intersection en T,Normale,Autre collision,,,,,,,,,,,5,2,3,1.0,6.0
201000062870,0010-07-02 13:10:00,10,7,2,13,10,750,112,"296, RUE DE CHARENTON",,,Plein jour,En agglomération,Hors intersection,Normale,Autre collision,,,,,,,,,,,1,2,1,1.0,6.0
201000062871,0010-07-02 20:50:00,10,7,2,20,50,750,112,"55, BOULEVARD DE PICPUS",,,Plein jour,En agglomération,Hors intersection,Normale,Deux véhicules - côté,,,,,,,,,,,1,2,1,1.0,3.0
201000062872,0010-07-02 20:00:00,10,7,2,20,0,750,112,QUAI DE BERCY,,,Plein jour,En agglomération,Hors intersection,Normale,Deux véhicules - arrière,,,,,,,,,,,1,2,1,1.0,2.0
201000062873,0010-07-03 17:00:00,10,7,3,17,0,750,112,RUE DE LYON,,,Plein jour,En agglomération,Intersection en X,Normale,Deux véhicules - côté,,,,,,,,,,,1,2,2,1.0,3.0
201000062874,0010-07-04 20:10:00,10,7,4,20,10,750,112,"293, AVENUE DAUMESNIL",,,Plein jour,En agglomération,Hors intersection,Normale,Deux véhicules - côté,,,,,,,,,,,1,2,1,1.0,3.0
201000062875,0010-07-07 01:15:00,10,7,7,1,15,750,112,"11, AVENUE DE NOGENT",,,Nuit avec éclairage allumé,En agglomération,Hors intersection,Normale,Deux véhicules - côté,,,,,,,,,,,5,2,1,1.0,3.0
201000062876,0010-07-08 12:35:00,10,7,8,12,35,750,112,AVENUE DE SAINT MANDE,,,Plein jour,En agglomération,Intersection en Y,Normale,Deux véhicules - côté,,,,,,,,,,,1,2,4,1.0,3.0
201000062877,0010-07-08 21:05:00,10,7,8,21,5,750,112,QUAI DE BERCY,,,Plein jour,En agglomération,Hors intersection,Normale,Deux véhicules - côté,,,,,,,,,,,1,2,1,1.0,3.0
201000062878,0010-07-09 00:45:00,10,7,9,0,45,750,112,"21 bis, BOULEVARD DIDERO",,,Nuit avec éclairage allumé,En agglomération,Hors intersection,Normale,Autre collision,,,,,,,,,,,5,2,1,1.0,6.0
201000062879,0010-07-10 07:45:00,10,7,10,7,45,750,112,AVENUE DE NOGENT,,,Plein jour,En agglomération,Hors intersection,Normale,Autre collision,,,,,,,,,,,1,2,1,1.0,6.0
201000062880,0010-07-10 18:10:00,10,7,10,18,10,750,112,RUE JOSEPH KESSEL,,,Plein jour,En agglomération,Hors intersection,Normale,Trois véhicules et plus - en chaîne,,,,,,,,,,,1,2,1,1.0,4.0
201000062881,0010-07-19 11:19:00,10,7,19,11,19,750,112,ECHANGEUR BERCY,,,Plein jour,En agglomération,Intersection en Y,Normale,Autre collision,,,,,,,,,,,1,2,4,1.0,6.0
201000062882,0010-07-20 08:45:00,10,7,20,8,45,750,112,"37, AVENUE DE SAINT MAND",,,Plein jour,En agglomération,Hors intersection,Normale,Deux véhicules - côté,,,,,,,,,,,1,2,1,1.0,3.0
201000062883,0010-07-21 17:30:00,10,7,21,17,30,750,112,AVENUE DE SAINT MANDE,,,Plein jour,En agglomération,Intersection à plus de 4 branches,Normale,Autre collision,,,,,,,,,,,1,2,5,1.0,6.0
201000062884,0010-07-23 01:40:00,10,7,23,1,40,750,112,SOUTERRAIN TOLBIAC,,,Nuit avec éclairage allumé,En agglomération,Hors intersection,Temps couvert,Sans collision,,,,,,,,,,,5,2,1,8.0,7.0
201000062885,0010-07-22 22:50:00,10,7,22,22,50,750,112,AVENUE DU TRONE,,,Nuit avec éclairage allumé,En agglomération,Intersection à plus de 4 branches,Normale,Deux véhicules - arrière,,,,,,,,,,,5,2,5,1.0,2.0
201000062886,0010-07-23 10:20:00,10,7,23,10,20,750,112,ROUTE DE BOURDON,,,Plein jour,En agglomération,Hors intersection,Normale,Sans collision,,,,,,,,,,,1,2,1,1.0,7.0
201000062887,0010-07-22 22:25:00,10,7,22,22,25,750,112,ROUTE DE LA PYRAMIDE,,,Nuit avec éclairage allumé,En agglomération,Intersection en X,Normale,Autre collision,,,,,,,,,,,5,2,2,1.0,6.0
201000062888,0010-07-26 11:00:00,10,7,26,11,0,750,112,"4, PLACE DE LA NATION",,,Plein jour,En agglomération,Intersection à plus de 4 branches,Normale,Deux véhicules - côté,,,,,,,,,,,1,2,5,1.0,3.0
201000062889,0010-07-26 12:35:00,10,7,26,12,35,750,112,"1, PLACE MAZAS",,,Plein jour,En agglomération,Hors intersection,Normale,Deux véhicules - côté,,,,,,,,,,,1,2,1,1.0,3.0
201000062890,0010-07-27 14:00:00,10,7,27,14,0,750,112,QUAI DE BERCY,,,Plein jour,En agglomération,Intersection en Y,Normale,Deux véhicules - arrière,,,,,,,,,,,1,2,4,1.0,2.0
201000062891,0010-07-15 23:20:00,10,7,15,23,20,750,112,AVENUE DAUMESNIL,,,Nuit avec éclairage allumé,En agglomération,Hors intersection,Normale,Autre collision,,,,,,,,,,,5,2,1,1.0,6.0
201000062892,0010-07-28 19:30:00,10,7,28,19,30,750,112,"45, BOULEVARD DIDEROT",,,Plein jour,En agglomération,Intersection en Y,Normale,Autre collision,,,,,,,,,,,1,2,4,1.0,6.0
201000062893,0010-07-30 16:15:00,10,7,30,16,15,750,112,"36, COURS DE VINCENNES",,,Plein jour,En agglomération,Hors intersection,Normale,Deux véhicules - côté,,,,,,,,,,,1,2,1,1.0,3.0
201000062894,0010-07-31 08:40:00,10,7,31,8,40,750,112,SOUTERRAIN QUAI DE LA R,,,Plein jour,En agglomération,Hors intersection,Normale,Sans collision,,,,,,,,,,,1,2,1,1.0,7.0
201000062895,0010-07-31 19:20:00,10,7,31,19,20,750,112,"3, PLACE DE LA NATION",,,Plein jour,En agglomération,Intersection à plus de 4 branches,Normale,Sans collision,,,,,,,,,,,1,2,5,1.0,7.0
201000062896,0010-08-01 00:30:00,10,8,1,0,30,750,112,ROUTE DE LA TOURELLE,,,Nuit avec éclairage allumé,En agglomération,Hors intersection,Normale,Autre collision,,,,,,,,,,,5,2,1,1.0,6.0
201000062897,0010-08-02 16:00:00,10,8,2,16,0,750,112,"49, RUE DE REUILLY",,,Plein jour,En agglomération,Hors intersection,Normale,Autre collision,,,,,,,,,,,1,2,1,1.0,6.0
201000062898,0010-08-02 16:40:00,10,8,2,16,40,750,112,"53, AVENUE DU DOCTEUR AR",,,Plein jour,En agglomération,Hors intersection,Pluie légère,Deux véhicules - côté,,,,,,,,,,,1,2,1,2.0,3.0
201000062899,0010-08-02 19:00:00,10,8,2,19,0,750,112,SOUTERRAIN QUAI DE BERCY,,,Plein jour,En agglomération,Hors intersection,Normale,Autre collision,,,,,,,,,,,1,2,1,1.0,6.0
201000062900,0010-08-03 19:28:00,10,8,3,19,28,750,112,"258, AVENUE DAUMESNIL",,,Plein jour,En agglomération,Hors intersection,Normale,Deux véhicules - côté,,,,,,,,,,,1,2,1,1.0,3.0
201000062901,0010-08-04 06:20:00,10,8,4,6,20,750,112,AVENUE DE LA PORTE DE CH,,,Crépuscule ou aube,En agglomération,Intersection à plus de 4 branches,Normale,Autre collision,,,,,,,,,,,2,2,5,1.0,6.0
201000062902,0010-08-04 13:50:00,10,8,4,13,50,750,112,PLACE LACHAMBEAUDIE,,,Plein jour,En agglomération,Intersection en T,Normale,Deux véhicules - côté,,,,,,,,,,,1,2,3,1.0,3.0
201000062903,0010-08-11 07:40:00,10,8,11,7,40,750,112,AVENUE LEDRU ROLLIN,,,Plein jour,En agglomération,Intersection à plus de 4 branches,Pluie légère,Sans collision,,,,,,,,,,,1,2,5,2.0,7.0
201000062904,0010-08-11 08:45:00,10,8,11,8,45,750,112,AVENUE DAUMESNIL,,,Plein jour,En agglomération,Hors intersection,Pluie légère,Deux véhicules - arrière,,,,,,,,,,,1,2,1,2.0,2.0
201000062905,0010-08-10 19:40:00,10,8,10,19,40,750,112,"13, RUE MONTGALLET",,,Plein jour,En agglomération,Hors intersection,Normale,Autre collision,,,,,,,,,,,1,2,1,1.0,6.0
201000062906,0010-08-11 18:37:00,10,8,11,18,37,750,112,COURS DE VINCENNES,,,Plein jour,En agglomération,Intersection en X,Pluie légère,Sans collision,,,,,,,,,,,1,2,2,2.0,7.0
201000062907,0010-11-17 16:35:00,10,11,17,16,35,750,113,PONT D AUSTERLITZ,,,Crépuscule ou aube,En agglomération,Hors intersection,Normale,Autre collision,,,,,,,,,,,2,2,1,1.0,6.0
201000062908,0010-08-16 02:00:00,10,8,16,2,0,750,112,ECHANGEUR BERCY,,,Nuit avec éclairage allumé,En agglomération,Intersection en Y,Pluie forte,Deux véhicules - frontale,,,,,,,,,,,5,2,4,3.0,1.0
201000062909,0010-08-21 11:40:00,10,8,21,11,40,750,112,RUE DE MONTEMPOIVRE,,,Plein jour,En agglomération,Hors intersection,Normale,Autre collision,,,,,,,,,,,1,2,1,1.0,6.0