accident_id,datetime,annee,mois,jour,heure,minute,departement,commune_insee,adresse,latitude,longitude,luminosite,agglomeration,intersection,meteo,collision,nb_vehicules,nb_usagers,nb_indemnes,nb_tues,nb_blesses_hosp,nb_blesses_legers,age_cond_1,age_cond_2,veh_type_cond_1,veh_type_cond_2,lum_code,agg_code,int_code,atm_code,col_code
201000063036,0010-11-23 08:00:00,10,11,23,8,0,750,112,"2, AVENUE COURTELINE",,,Plein jour,En agglomération,Intersection en X,Normale,Trois véhicules et plus - collisions multiples,,,,,,,,,,,1,2,2,1.0,5.0
201000063037,0010-11-23 13:25:00,10,11,23,13,25,750,112,"48, BOULEVARD DIDEROT",,,Plein jour,En agglomération,Intersection en X,Normale,Deux véhicules - côté,,,,,,,,,,,1,2,2,1.0,3.0
201000063038,0010-11-24 09:15:00,10,11,24,9,15,750,112,QUAI DE BERCY,,,Plein jour,En agglomération,Hors intersection,Normale,Deux véhicules - arrière,,,,,,,,,,,1,2,1,1.0,2.0
201000063039,0010-11-26 21:45:00,10,11,26,21,45,750,112,"273, AVENUE DAUMESNIL",,,Nuit avec éclairage allumé,En agglomération,Intersection en X,Normale,Deux véhicules - côté,,,,,,,,,,,5,2,2,1.0,3.0
201000063040,0010-11-27 18:00:00,10,11,27,18,0,750,112,"174, RUE DE CHARENTON",,,Nuit avec éclairage allumé,En agglomération,Hors intersection,Normale,Autre collision,,,,,,,,,,,5,2,1,1.0,6.0
201000063041,0010-11-30 05:40:00,10,11,30,5,40,750,112,"39, AVENUE DU GENERAL MI",,,Nuit avec éclairage allumé,En agglomération,Hors intersection,Normale,Sans collision,,,,,,,,,,,5,2,1,1.0,7.0
201000063042,0010-12-01 14:50:00,10,12,1,14,50,750,112,"88, BOULEVARD DIDEROT",,,Plein jour,En agglomération,Intersection en X,Neige / grêle,Sans collision,,,,,,,,,,,1,2,2,4.0,7.0
201000063043,0010-12-01 17:40:00,10,12,1,17,40,750,112,"288, RUE DE CHARENTON",,,Nuit avec éclairage allumé,En agglomération,Intersection en T,Neige / grêle,Trois véhicules et plus - collisions multiples,,,,,,,,,,,5,2,3,4.0,5.0
201000063044,0010-12-03 08:00:00,10,12,3,8,0,750,112,"148-146, AVENUE DAUMESNI",,,Plein jour,En agglomération,Intersection en T,Normale,Trois véhicules et plus - collisions multiples,,,,,,,,,,,1,2,3,1.0,5.0
201000063045,0010-12-03 15:45:00,10,12,3,15,45,750,112,"102, BOULEVARD DIDEROT",,,Plein jour,En agglomération,Hors intersection,Normale,Deux véhicules - côté,,,,,,,,,,,1,2,1,1.0,3.0
201000063046,0010-12-03 23:30:00,10,12,3,23,30,750,112,"10, AVENUE DE LA PORTE D",,,Nuit avec éclairage allumé,En agglomération,Hors intersection,Normale,Deux véhicules - côté,,,,,,,,,,,5,2,1,1.0,3.0
201000063047,0010-12-05 02:10:00,10,12,5,2,10,750,112,BOULEVARD DIDEROT,,,Nuit avec éclairage allumé,En agglomération,Intersection en X,Normale,Deux véhicules - côté,,,,,,,,,,,5,2,2,1.0,3.0
201000063048,0010-12-05 21:20:00,10,12,5,21,20,750,112,"66, BOULEVARD DIDEROT",,,Nuit avec éclairage allumé,En agglomération,Hors intersection,Normale,Deux véhicules - arrière,,,,,,,,,,,5,2,1,1.0,2.0
201000063049,0010-12-06 14:15:00,10,12,6,14,15,750,112,RUE CHALIGNY,,,Plein jour,En agglomération,Intersection à plus de 4 branches,Pluie légère,Autre collision,,,,,,,,,,,1,2,5,2.0,6.0
201000063050,0010-12-06 16:05:00,10,12,6,16,5,750,112,"216, RUE DE CHARENTON",,,Crépuscule ou aube,En agglomération,Hors intersection,Pluie légère,Sans collision,,,,,,,,,,,2,2,1,2.0,7.0
201000063051,0010-12-07 22:04:00,10,12,7,22,4,750,112,PLACE MAZAS,,,Nuit avec éclairage allumé,En agglomération,Intersection à plus de 4 branches,Pluie légère,Deux véhicules - côté,,,,,,,,,,,5,2,5,2.0,3.0
201000063052,0010-12-08 01:21:00,10,12,8,1,21,750,112,BOULEVARD SOULT,,,Nuit avec éclairage allumé,En agglomération,Intersection à plus de 4 branches,Pluie légère,Autre collision,,,,,,,,,,,5,2,5,2.0,6.0
201000063053,0010-12-08 07:15:00,10,12,8,7,15,750,112,"74, BOULEVARD DIDEROT",,,Nuit avec éclairage allumé,En agglomération,Intersection en X,Pluie légère,Autre collision,,,,,,,,,,,5,2,2,2.0,6.0
201000063054,0010-12-11 21:00:00,10,12,11,21,0,750,112,QUAI DE BERCY,,,Nuit avec éclairage allumé,En agglomération,Hors intersection,Normale,Deux véhicules - côté,,,,,,,,,,,5,2,1,1.0,3.0
201000063055,0010-12-14 07:30:00,10,12,14,7,30,750,112,BOULEVARD DE REUILLY,,,Nuit avec éclairage allumé,En agglomération,Intersection en X,Normale,Deux véhicules - côté,,,,,,,,,,,5,2,2,1.0,3.0
201000063056,0010-12-15 09:30:00,10,12,15,9,30,750,112,AVENUE DE GRAVELLE,,,Plein jour,En agglomération,Intersection en Y,Normale,Sans collision,,,,,,,,,,,1,2,4,1.0,7.0
201000063057,0010-12-15 12:45:00,10,12,15,12,45,750,112,PONT D AUSTERLITZ,,,Crépuscule ou aube,En agglomération,Hors intersection,Normale,Deux véhicules - arrière,,,,,,,,,,,2,2,1,1.0,2.0
201000063058,0010-12-15 19:10:00,10,12,15,19,10,750,112,"8, PLACE DE LA NATION",,,Nuit avec éclairage allumé,En agglomération,Intersection à plus de 4 branches,Normale,Autre collision,,,,,,,,,,,5,2,5,1.0,6.0
201000063059,0010-12-15 21:20:00,10,12,15,21,20,750,112,AVENUE DU BEL AIR,,,Nuit avec éclairage allumé,En agglomération,Intersection à plus de 4 branches,Normale,Deux véhicules - côté,,,,,,,,,,,5,2,5,1.0,3.0
201000063060,0010-12-16 19:20:00,10,12,16,19,20,750,112,RUE DU FAUBOURG SAINT AN,,,Nuit avec éclairage allumé,En agglomération,Intersection en T,Pluie légère,Deux véhicules - côté,,,,,,,,,,,5,2,3,2.0,3.0
201000063061,0010-12-19 06:05:00,10,12,19,6,5,750,112,AVENUE DE NOGENT,,,Nuit avec éclairage allumé,En agglomération,Hors intersection,Neige / grêle,Autre collision,,,,,,,,,,,5,2,1,4.0,6.0
201000063062,0010-12-19 14:00:00,10,12,19,14,0,750,112,AVENUE LEDRU ROLLIN,,,Plein jour,En agglomération,Intersection à plus de 4 branches,Neige / grêle,Deux véhicules - côté,,,,,,,,,,,1,2,5,4.0,3.0
201000063063,0010-12-21 12:10:00,10,12,21,12,10,750,112,"46, AVENUE DE SAINT MAND",,,Plein jour,En agglomération,Hors intersection,Normale,Autre collision,,,,,,,,,,,1,2,1,1.0,6.0
201000063064,0010-12-22 14:30:00,10,12,22,14,30,750,112,QUAI DE BERCY,,,Plein jour,En agglomération,Hors intersection,Normale,Deux véhicules - arrière,,,,,,,,,,,1,2,1,1.0,2.0
201000063065,0010-12-22 17:05:00,10,12,22,17,5,750,112,"55, AVENUE LEDRU ROLLIN",,,Nuit avec éclairage allumé,En agglomération,Intersection en X,Pluie légère,Autre collision,,,,,,,,,,,5,2,2,2.0,6.0
201000063066,0010-12-22 20:45:00,10,12,22,20,45,750,112,"28, RUE VILLIOT",,,Nuit avec éclairage allumé,En agglomération,Intersection en X,Pluie légère,Deux véhicules - côté,,,,,,,,,,,5,2,2,2.0,3.0
201000063067,0010-12-23 10:15:00,10,12,23,10,15,750,112,"44, COURS DE VINCENNES",,,Plein jour,En agglomération,Hors intersection,Neige / grêle,Deux véhicules - arrière,,,,,,,,,,,1,2,1,4.0,2.0
201000063068,0010-12-27 21:45:00,10,12,27,21,45,750,112,BOULEVARD PERIPHERIQUE E,,,Nuit avec éclairage non allumé,En agglomération,Hors intersection,Normale,Trois véhicules et plus - en chaîne,,,,,,,,,,,4,2,1,1.0,4.0
201000063069,0010-12-29 17:25:00,10,12,29,17,25,750,112,"33, AVENUE DU GENERAL MI",,,Nuit avec éclairage allumé,En agglomération,Hors intersection,Normale,Autre collision,,,,,,,,,,,5,2,1,1.0,6.0
201000063070,0010-12-29 19:15:00,10,12,29,19,15,750,112,"30, RUE JOSEPH KESSEL",,,Nuit avec éclairage allumé,En agglomération,Hors intersection,Normale,Sans collision,,,,,,,,,,,5,2,1,1.0,7.0
201000063071,0010-12-31 10:05:00,10,12,31,10,5,750,112,"62, BOULEVARD DE BERCY",,,Plein jour,En agglomération,Intersection en X,Normale,Deux véhicules - côté,,,,,,,,,,,1,2,2,1.0,3.0
201000063072,0010-12-31 15:20:00,10,12,31,15,20,750,112,"190, RUE DU FAUBOURG SAI",,,Plein jour,En agglomération,Hors intersection,Normale,Sans collision,,,,,,,,,,,1,2,1,1.0,7.0
201000063073,0010-12-31 23:30:00,10,12,31,23,30,750,112,"190, RUE DE BERCY",,,Nuit avec éclairage allumé,En agglomération,Intersection à plus de 4 branches,Normale,Autre collision,,,,,,,,,,,5,2,5,1.0,6.0
201000063074,0010-01-01 06:20:00,10,1,1,6,20,750,113,"7, RUE DE PATAY",,,Nuit avec éclairage allumé,En agglomération,Intersection en X,Normale,Autre collision,,,,,,,,,,,5,2,2,1.0,6.0
201000063075,0010-01-09 09:10:00,10,1,9,9,10,750,113,"53 bis, BOULEVARD ARAGO",,,Plein jour,En agglomération,Intersection en X,Neige / grêle,Sans collision,,,,,,,,,,,1,2,2,4.0,7.0
201000063076,0010-01-14 18:20:00,10,1,14,18,20,750,113,BOULEVARD MASSENA,,,Nuit sans éclairage public,En agglomération,Hors intersection,Normale,Sans collision,,,,,,,,,,,3,2,1,1.0,7.0
201000063077,0010-01-14 18:25:00,10,1,14,18,25,750,113,"236 bis, RUE DE TOLBIAC",,,Nuit avec éclairage allumé,En agglomération,Hors intersection,Normale,Deux véhicules - côté,,,,,,,,,,,5,2,1,1.0,3.0
201000063078,0010-01-14 22:20:00,10,1,14,22,20,750,113,"22, AVENUE DE CHOISY",,,Nuit avec éclairage allumé,En agglomération,Hors intersection,Normale,Deux véhicules - côté,,,,,,,,,,,5,2,1,1.0,3.0
201000063079,0010-01-15 17:40:00,10,1,15,17,40,750,113,"30, PLACE D ITALIE",,,Nuit avec éclairage allumé,En agglomération,Intersection à plus de 4 branches,Normale,Deux véhicules - côté,,,,,,,,,,,5,2,5,1.0,3.0
201000063080,0010-01-18 08:10:00,10,1,18,8,10,750,113,"13, RUE PAULIN ENFERT",,,Plein jour,En agglomération,Intersection en T,Normale,Autre collision,,,,,,,,,,,1,2,3,1.0,6.0
201000063081,0010-01-21 19:15:00,10,1,21,19,15,750,113,"44, AVENUE DES GOBELINS",,,Nuit avec éclairage allumé,En agglomération,Intersection en T,Normale,Deux véhicules - côté,,,,,,,,,,,5,2,3,1.0,3.0
201000063082,0010-01-21 22:55:00,10,1,21,22,55,750,113,"77, QUAI PANHARD ET LEVA",,,Nuit avec éclairage allumé,En agglomération,Intersection en T,Normale,Deux véhicules - arrière,,,,,,,,,,,5,2,3,1.0,2.0
201000063083,0010-01-22 00:40:00,10,1,22,0,40,750,113,"57, RUE ALBERT",,,Nuit avec éclairage allumé,En agglomération,Hors intersection,Normale,Autre collision,,,,,,,,,,,5,2,1,1.0,6.0
201000063084,0010-01-22 10:15:00,10,1,22,10,15,750,113,RUE RAYMOND ARON,,,Plein jour,En agglomération,Intersection en T,Normale,Autre collision,,,,,,,,,,,1,2,3,1.0,6.0
201000063085,0010-01-22 15:45:00,10,1,22,15,45,750,113,"98, BOULEVARD DE L HOPIT",,,Plein jour,En agglomération,Intersection à plus de 4 branches,Normale,Deux véhicules - côté,,,,,,,,,,,1,2,5,1.0,3.0
201000063086,0010-01-26 10:20:00,10,1,26,10,20,750,113,"23, RUE DU DOCTEUR LERAY",,,Plein jour,En agglomération,Intersection à plus de 4 branches,Pluie légère,Autre collision,,,,,,,,,,,1,2,5,2.0,6.0
201000063087,0010-01-27 12:10:00,10,1,27,12,10,750,113,"39, RUE DU MOULINET",,,Plein jour,En agglomération,Intersection à plus de 4 branches,Normale,Autre collision,,,,,,,,,,,1,2,5,1.0,6.0
201000063088,0010-01-28 08:30:00,10,1,28,8,30,750,113,"102, BOULEVARD AUGUSTE B",,,Plein jour,En agglomération,Intersection en X,Normale,Deux véhicules - arrière,,,,,,,,,,,1,2,2,1.0,2.0
201000063089,0010-01-28 12:35:00,10,1,28,12,35,750,113,"105, BOULEVARD DE L HOPI",,,Plein jour,En agglomération,Hors intersection,Normale,Deux véhicules - arrière,,,,,,,,,,,1,2,1,1.0,2.0
201000063090,0010-01-28 20:35:00,10,1,28,20,35,750,113,"52, BOULEVARD DE L HOPIT",,,Nuit avec éclairage allumé,En agglomération,Intersection en Y,Normale,Deux véhicules - côté,,,,,,,,,,,5,2,4,1.0,3.0
201000063091,0010-01-31 21:45:00,10,1,31,21,45,750,113,"83, BOULEVARD DE L HOPIT",,,Nuit avec éclairage allumé,En agglomération,Hors intersection,Normale,Deux véhicules - côté,,,,,,,,,,,5,2,1,1.0,3.0
201000063092,0010-02-01 20:25:00,10,2,1,20,25,750,113,BOULEVARD KELLERMANN,,,Nuit avec éclairage allumé,En agglomération,Intersection en T,Normale,Autre collision,,,,,,,,,,,5,2,3,1.0,6.0
201000063093,0010-02-04 15:00:00,10,2,4,15,0,750,113,"35, AVENUE DES GOBELINS",,,Plein jour,En agglomération,Intersection en X,Normale,Deux véhicules - côté,,,,,,,,,,,1,2,2,1.0,3.0
201000063094,0010-02-04 18:10:00,10,2,4,18,10,750,113,"54, RUE BOBILLOT",,,Nuit avec éclairage allumé,En agglomération,Intersection à plus de 4 branches,Normale,Autre collision,,,,,,,,,,,5,2,5,1.0,6.0
201000063095,0010-02-05 11:45:00,10,2,5,11,45,750,113,"21, RUE DE TOLBIAC",,,Plein jour,En agglomération,Hors intersection,Normale,Sans collision,,,,,,,,,,,1,2,1,1.0,7.0
201000063096,0010-02-09 08:10:00,10,2,9,8,10,750,113,"1, PLACE D ITALIE",,,Plein jour,En agglomération,Intersection à plus de 4 branches,Neige / grêle,Deux véhicules - côté,,,,,,,,,,,1,2,5,4.0,3.0
201000063097,0010-02-14 00:01:00,10,2,14,0,1,750,113,"83, BOULEVARD SAINT MARC",,,Nuit avec éclairage allumé,En agglomération,Hors intersection,Normale,Autre collision,,,,,,,,,,,5,2,1,1.0,6.0
201000063098,0010-02-16 10:00:00,10,2,16,10,0,750,113,"14, RUE DE TOLBIAC",,,Plein jour,En agglomération,Hors intersection,Normale,Deux véhicules - arrière,,,,,,,,,,,1,2,1,1.0,2.0
201000063099,0010-02-16 13:20:00,10,2,16,13,20,750,113,"21, AVENUE PIERRE DE COU",,,Plein jour,En agglomération,Hors intersection,Normale,Deux véhicules - côté,,,,,,,,,,,1,2,1,1.0,3.0
201000063100,0010-02-16 15:15:00,10,2,16,15,15,750,113,"122, AVENUE D ITALIE",,,Plein jour,En agglomération,Hors intersection,Normale,Deux véhicules - côté,,,,,,,,,,,1,2,1,1.0,3.0
201000063101,0010-02-17 23:30:00,10,2,17,23,30,750,113,RUE NEUVE TOLBIAC,,,Nuit avec éclairage allumé,En agglomération,Intersection en X,Normale,Deux véhicules - côté,,,,,,,,,,,5,2,2,1.0,3.0
201000063102,0010-02-22 08:30:00,10,2,22,8,30,750,113,"8, AVENUE DE CHOISY",,,Plein jour,En agglomération,Hors intersection,Normale,Sans collision,,,,,,,,,,,1,2,1,1.0,7.0
201000063103,0010-02-22 12:20:00,10,2,22,12,20,750,113,"44, RUE NATIONALE",,,Plein jour,En agglomération,Hors intersection,Normale,Deux véhicules - arrière,,,,,,,,,,,1,2,1,1.0,2.0
201000063104,0010-02-22 12:55:00,10,2,22,12,55,750,113,"4, BOULEVARD SAINT MARCE",,,Plein jour,En agglomération,Intersection en X,Normale,Autre collision,,,,,,,,,,,1,2,2,1.0,6.0
201000063105,0010-02-23 15:45:00,10,2,23,15,45,750,113,"60, RUE DE TOLBIAC",,,Plein jour,En agglomération,Hors intersection,Pluie légère,Deux véhicules - arrière,,,,,,,,,,,1,2,1,2.0,2.0
201000063106,0010-02-27 13:15:00,10,2,27,13,15,750,113,"21, RUE EMILE DURKHEIM",,,Plein jour,En agglomération,Hors intersection,Normale,Deux véhicules - côté,,,,,,,,,,,1,2,1,1.0,3.0
201000063107,0010-02-27 15:20:00,10,2,27,15,20,750,113,"61, AVENUE EDISON",,,Plein jour,En agglomération,Hors intersection,Normale,Autre collision,,,,,,,,,,,1,2,1,1.0,6.0
201000063108,0010-03-01 11:30:00,10,3,1,11,30,750,113,"104, BOULEVARD KELLERMAN",,,Plein jour,En agglomération,Hors intersection,Normale,Autre collision,,,,,,,,,,,1,2,1,1.0,6.0
201000063109,0010-03-03 20:30:00,10,3,3,20,30,750,113,"13, RUE DE PATAY",,,Nuit avec éclairage allumé,En agglomération,Hors intersection,Normale,Deux véhicules - côté,,,,,,,,,,,5,2,1,1.0,3.0
201000063110,0010-03-04 14:10:00,10,3,4,14,10,750,113,"105, RUE DE TOLBIAC",,,Plein jour,En agglomération,Hors intersection,Normale,Autre collision,,,,,,,,,,,1,2,1,1.0,6.0
201000063111,0010-03-07 19:20:00,10,3,7,19,20,750,113,"96, BOULEVARD DE L HOPIT",,,Nuit avec éclairage allumé,En agglomération,Intersection à plus de 4 branches,Normale,Trois véhicules et plus - collisions multiples,,,,,,,,,,,5,2,5,1.0,5.0
201000063112,0010-03-08 09:10:00,10,3,8,9,10,750,114,"253, BOULEVARD RASPAIL",,,Plein jour,En agglomération,Hors intersection,Normale,Autre collision,,,,,,,,,,,1,2,1,1.0,6.0
201000063113,0010-03-09 10:45:00,10,3,9,10,45,750,113,"66, AVENUE DES GOBELINS",,,Plein jour,En agglomération,Intersection en T,Normale,Autre collision,,,,,,,,,,,1,2,3,1.0,6.0
201000063114,0010-03-09 22:00:00,10,3,9,22,0,750,113,"46, BOULEVARD MASSENA",,,Nuit avec éclairage allumé,En agglomération,Hors intersection,Normale,Autre collision,,,,,,,,,,,5,2,1,1.0,6.0
201000063115,0010-03-10 16:05:00,10,3,10,16,5,750,113,"41, BOULEVARD SAINT MARC",,,Plein jour,En agglomération,Hors intersection,Normale,Autre collision,,,,,,,,,,,1,2,1,1.0,6.0
201000063116,0010-03-10 20:00:00,10,3,10,20,0,750,113,"25, BOULEVARD ARAGO",,,Nuit avec éclairage allumé,En agglomération,Hors intersection,Normale,Autre collision,,,,,,,,,,,5,2,1,1.0,6.0
201000063117,0010-03-11 12:50:00,10,3,11,12,50,750,113,"50, AVENUE DES GOBELINS",,,Plein jour,En agglomération,Hors intersection,Normale,Deux véhicules - côté,,,,,,,,,,,1,2,1,1.0,3.0
201000063118,0010-03-11 20:00:00,10,3,11,20,0,750,113,"7, RUE DU PROFESSEUR LOU",,,Nuit avec éclairage allumé,En agglomération,Hors intersection,Normale,Autre collision,,,,,,,,,,,5,2,1,1.0,6.0
201000063119,0010-03-12 22:30:00,10,3,12,22,30,750,113,"15, AVENUE D ITALIE",,,Nuit avec éclairage allumé,En agglomération,Hors intersection,Normale,Deux véhicules - arrière,,,,,,,,,,,5,2,1,1.0,2.0
201000063120,0010-03-15 13:55:00,10,3,15,13,55,750,113,"33, AVENUE PIERRE DE COU",,,Plein jour,En agglomération,Hors intersection,Normale,Deux véhicules - côté,,,,,,,,,,,1,2,1,1.0,3.0
201000063121,0010-03-17 01:00:00,10,3,17,1,0,750,113,"102, RUE DE LA SANTE",,,Nuit avec éclairage allumé,En agglomération,Hors intersection,Normale,Autre collision,,,,,,,,,,,5,2,1,1.0,6.0
201000063122,0010-03-18 07:30:00,10,3,18,7,30,750,113,"77, QUAI PANHARD ET LEVA",,,Plein jour,En agglomération,Intersection en T,Normale,Deux véhicules - côté,,,,,,,,,,,1,2,3,1.0,3.0
201000063123,0010-03-18 18:40:00,10,3,18,18,40,750,113,BOULEVARD MASSENA,,,Crépuscule ou aube,En agglomération,Intersection à plus de 4 branches,Normale,Deux véhicules - côté,,,,,,,,,,,2,2,5,1.0,3.0
201000063124,0010-03-19 09:35:00,10,3,19,9,35,750,113,"67, AVENUE D ITALIE",,,Plein jour,En agglomération,Intersection en T,Normale,Deux véhicules - côté,,,,,,,,,,,1,2,3,1.0,3.0
201000063125,0010-03-19 18:20:00,10,3,19,18,20,750,113,"96, RUE DE TOLBIAC",,,Plein jour,En agglomération,Hors intersection,Temps couvert,Autre collision,,,,,,,,,,,1,2,1,8.0,6.0
201000063126,0010-03-20 21:25:00,10,3,20,21,25,750,113,"133, RUE DE LA SANTE",,,Nuit avec éclairage allumé,En agglomération,Hors intersection,Pluie légère,Autre collision,,,,,,,,,,,5,2,1,2.0,6.0
201000063127,0010-03-20 22:45:00,10,3,20,22,45,750,113,PORTE D ITALIE,,,Nuit avec éclairage allumé,En agglomération,Intersection en Y,Pluie légère,Deux véhicules - côté,,,,,,,,,,,5,2,4,2.0,3.0
201000063128,0010-03-23 15:25:00,10,3,23,15,25,750,113,RUE JENNER,,,Plein jour,En agglomération,Intersection en X,Normale,Deux véhicules - frontale,,,,,,,,,,,1,2,2,1.0,1.0
201000063129,0010-03-23 22:45:00,10,3,23,22,45,750,113,BOULEVARD DE L HOPITAL,,,Nuit avec éclairage allumé,En agglomération,Intersection à plus de 4 branches,Normale,Deux véhicules - côté,,,,,,,,,,,5,2,5,1.0,3.0
201000063130,0010-03-24 18:30:00,10,3,24,18,30,750,113,"72, RUE DE TOLBIAC",,,Nuit avec éclairage allumé,En agglomération,Hors intersection,Normale,Autre collision,,,,,,,,,,,5,2,1,1.0,6.0
201000063131,0010-03-24 22:10:00,10,3,24,22,10,750,113,"195, RUE DE TOLBIAC",,,Nuit avec éclairage allumé,En agglomération,Intersection en X,Normale,Autre collision,,,,,,,,,,,5,2,2,1.0,6.0
201000063132,0010-03-26 16:55:00,10,3,26,16,55,750,113,"177, RUE DU CHATEAU DES",,,Plein jour,En agglomération,Hors intersection,Normale,Autre collision,,,,,,,,,,,1,2,1,1.0,6.0
201000063133,0010-03-26 22:12:00,10,3,26,22,12,750,113,"143, AVENUE D ITALIE",,,Nuit avec éclairage allumé,En agglomération,Intersection en T,Normale,Deux véhicules - côté,,,,,,,,,,,5,2,3,1.0,3.0
201000063134,0010-03-27 04:30:00,10,3,27,4,30,750,113,"133, RUE DE LA SANTE",,,Nuit avec éclairage allumé,En agglomération,Hors intersection,Pluie légère,Autre collision,,,,,,,,,,,5,2,1,2.0,6.0
201000063135,0010-03-27 18:30:00,10,3,27,18,30,750,113,"47, QUAI D AUSTERLITZ",,,Plein jour,En agglomération,Hors intersection,Normale,Deux véhicules - côté,,,,,,,,,,,1,2,1,1.0,3.0
201000063136,0010-03-28 16:50:00,10,3,28,16,50,750,113,"50, BOULEVARD DE L HOPIT",,,Plein jour,En agglomération,Intersection en Y,Temps couvert,Sans collision,,,,,,,,,,,1,2,4,8.0,7.0
201000063137,0010-03-29 09:00:00,10,3,29,9,0,750,113,"194, RUE DU CHATEAU DES",,,Plein jour,En agglomération,Hors intersection,Temps couvert,Autre collision,,,,,,,,,,,1,2,1,8.0,6.0
201000063138,0010-03-30 11:50:00,10,3,30,11,50,750,113,"20, AVENUE DE CHOISY",,,Plein jour,En agglomération,Hors intersection,Normale,Autre collision,,,,,,,,,,,1,2,1,1.0,6.0
201000063139,0010-03-31 10:30:00,10,3,31,10,30,750,113,"117, BOULEVARD VINCENT A",,,Plein jour,En agglomération,Hors intersection,Normale,Autre collision,,,,,,,,,,,1,2,1,1.0,6.0
201000063140,0010-04-02 01:15:00,10,4,2,1,15,750,113,"66, AVENUE DES GOBELINS",,,Nuit avec éclairage allumé,En agglomération,Intersection en T,Normale,Autre collision,,,,,,,,,,,5,2,3,1.0,6.0
201000063141,0010-04-02 09:30:00,10,4,2,9,30,750,113,AVENUE DE LA PORTE D IVR,,,Plein jour,En agglomération,Intersection à plus de 4 branches,Normale,Deux véhicules - côté,,,,,,,,,,,1,2,5,1.0,3.0
201000063142,0010-04-02 23:30:00,10,4,2,23,30,750,113,"100, AVENUE D ITALIE",,,Nuit avec éclairage allumé,En agglomération,Intersection à plus de 4 branches,Pluie légère,Deux véhicules - côté,,,,,,,,,,,5,2,5,2.0,3.0
201000063143,0010-04-04 19:50:00,10,4,4,19,50,750,113,"14, RUE NATIONALE",,,Crépuscule ou aube,En agglomération,Intersection en X,Normale,Deux véhicules - côté,,,,,,,,,,,2,2,2,1.0,3.0
201000063144,0010-04-05 21:10:00,10,4,5,21,10,750,113,"0, QUAI D AUSTERLITZ",,,Nuit avec éclairage allumé,En agglomération,Intersection en X,Normale,Deux véhicules - côté,,,,,,,,,,,5,2,2,1.0,3.0
201000063145,0010-04-06 17:30:00,10,4,6,17,30,750,113,"56, BOULEVARD AUGUSTE BL",,,Plein jour,En agglomération,Intersection en Y,Normale,Autre collision,,,,,,,,,,,1,2,4,1.0,6.0
201000063146,0010-04-07 15:05:00,10,4,7,15,5,750,113,"72, RUE DE LA GLACIERE",,,Plein jour,En agglomération,Intersection en Y,Normale,Autre collision,,,,,,,,,,,1,2,4,1.0,6.0
201000063147,0010-04-08 16:25:00,10,4,8,16,25,750,113,"27, RUE DE PATAY",,,Plein jour,En agglomération,Hors intersection,Normale,Autre collision,,,,,,,,,,,1,2,1,1.0,6.0
201000063148,0010-04-08 18:00:00,10,4,8,18,0,750,113,"55, RUE DE TOLBIAC",,,Plein jour,En agglomération,Intersection en X,Normale,Deux véhicules - côté,,,,,,,,,,,1,2,2,1.0,3.0
201000063149,0010-04-09 16:50:00,10,4,9,16,50,750,113,"195, RUE DE TOLBIAC",,,Plein jour,En agglomération,Intersection à plus de 4 branches,Normale,Deux véhicules - côté,,,,,,,,,,,1,2,5,1.0,3.0
201000063150,0010-04-09 16:30:00,10,4,9,16,30,750,113,"98, BOULEVARD AUGUSTE BL",,,Plein jour,En agglomération,Hors intersection,Normale,Deux véhicules - arrière,,,,,,,,,,,1,2,1,1.0,2.0
201000063151,0010-04-10 18:50:00,10,4,10,18,50,750,113,"115, RUE DE TOLBIAC",,,Plein jour,En agglomération,Intersection en Y,Normale,Deux véhicules - côté,,,,,,,,,,,1,2,4,1.0,3.0
201000063152,0010-04-13 05:32:00,10,4,13,5,32,750,113,RUE DE LA POTERNE DES PE,,,Nuit avec éclairage allumé,En agglomération,Hors intersection,Normale,Autre collision,,,,,,,,,,,5,2,1,1.0,6.0
201000063153,0010-04-14 10:45:00,10,4,14,10,45,750,113,"4, BOULEVARD AUGUSTE BLA",,,Plein jour,En agglomération,Hors intersection,Normale,Autre collision,,,,,,,,,,,1,2,1,1.0,6.0
201000063154,0010-04-14 15:20:00,10,4,14,15,20,750,113,BOULEVARD VINCENT AURIOL,,,Plein jour,En agglomération,Intersection en X,Normale,Deux véhicules - côté,,,,,,,,,,,1,2,2,1.0,3.0
201000063155,0010-04-15 21:15:00,10,4,15,21,15,750,113,"31, BOULEVARD ARAGO",,,Nuit avec éclairage allumé,En agglomération,Intersection en X,Pluie légère,Deux véhicules - arrière,,,,,,,,,,,5,2,2,2.0,2.0
201000063156,0010-04-17 10:15:00,10,4,17,10,15,750,113,AVENUE DE LA PORTE D ITA,,,Plein jour,En agglomération,Intersection en X,Normale,Autre collision,,,,,,,,,,,1,2,2,1.0,6.0
201000063157,0010-04-18 22:35:00,10,4,18,22,35,750,113,"30, RUE DE LA GLACIERE",,,Nuit avec éclairage allumé,En agglomération,Intersection en X,Normale,Deux véhicules - côté,,,,,,,,,,,5,2,2,1.0,3.0
201000063158,0010-04-20 05:40:00,10,4,20,5,40,750,113,"56, BOULEVARD AUGUSTE BL",,,Nuit avec éclairage allumé,En agglomération,Intersection en Y,Normale,Autre collision,,,,,,,,,,,5,2,4,1.0,6.0