accident_id,datetime,annee,mois,jour,heure,minute,departement,commune_insee,adresse,latitude,longitude,luminosite,agglomeration,intersection,meteo,collision,nb_vehicules,nb_usagers,nb_indemnes,nb_tues,nb_blesses_hosp,nb_blesses_legers,age_cond_1,age_cond_2,veh_type_cond_1,veh_type_cond_2,lum_code,agg_code,int_code,atm_code,col_code
201000063159,0010-04-20 08:30:00,10,4,20,8,30,750,113,RUE DU MOULINET,,,Plein jour,En agglomération,Intersection en X,Normale,Autre collision,,,,,,,,,,,1,2,2,1.0,6.0
201000063160,0010-04-20 19:25:00,10,4,20,19,25,750,113,"74, RUE BAUDRICOURT",,,Plein jour,En agglomération,Intersection en X,Normale,Autre collision,,,,,,,,,,,1,2,2,1.0,6.0
201000063161,0010-04-21 20:35:00,10,4,21,20,35,750,113,PORTE D ITALIE,,,Crépuscule ou aube,En agglomération,Intersection à plus de 4 branches,Normale,Deux véhicules - côté,,,,,,,,,,,2,2,5,1.0,3.0
201000063162,0010-04-21 22:40:00,10,4,21,22,40,750,113,"72, AVENUE D ITALIE",,,Nuit avec éclairage allumé,En agglomération,Hors intersection,Normale,Autre collision,,,,,,,,,,,5,2,1,1.0,6.0
201000063163,0010-04-24 12:10:00,10,4,24,12,10,750,113,AVENUE DE LA PORTE D ITA,,,Plein jour,En agglomération,Intersection en X,Normale,Deux véhicules - côté,,,,,,,,,,,1,2,2,1.0,3.0
201000063164,0010-04-24 23:10:00,10,4,24,23,10,750,113,"128, BOULEVARD AUGUSTE B",,,Nuit avec éclairage allumé,En agglomération,Intersection à plus de 4 branches,Normale,Deux véhicules - arrière,,,,,,,,,,,5,2,5,1.0,2.0
201000063165,0010-04-26 13:55:00,10,4,26,13,55,750,113,"130, BOULEVARD MASSENA",,,Plein jour,En agglomération,Intersection à plus de 4 branches,Normale,Autre collision,,,,,,,,,,,1,2,5,1.0,6.0
201000063166,0010-04-26 23:55:00,10,4,26,23,55,750,113,BOULEVARD MASSENA,,,Nuit avec éclairage allumé,En agglomération,Intersection en X,Normale,Deux véhicules - côté,,,,,,,,,,,5,2,2,1.0,3.0
201000063167,0010-04-27 17:10:00,10,4,27,17,10,750,113,RUE DE LA SANTE,,,Plein jour,En agglomération,Intersection en X,Normale,Autre collision,,,,,,,,,,,1,2,2,1.0,6.0
201000063168,0010-04-29 19:00:00,10,4,29,19,0,750,113,"185, BOULEVARD VINCENT A",,,Plein jour,En agglomération,Hors intersection,Normale,Autre collision,,,,,,,,,,,1,2,1,1.0,6.0
201000063169,0010-05-01 17:20:00,10,5,1,17,20,750,113,"77, RUE BOBILLOT",,,Plein jour,En agglomération,Intersection à plus de 4 branches,Normale,Autre collision,,,,,,,,,,,1,2,5,1.0,6.0
201000063170,0010-05-02 00:40:00,10,5,2,0,40,750,113,"110, AVENUE D ITALIE",,,Nuit avec éclairage allumé,En agglomération,Intersection en T,Pluie légère,Deux véhicules - côté,,,,,,,,,,,5,2,3,2.0,3.0
201000063171,0010-05-02 11:50:00,10,5,2,11,50,750,113,"7, BOULEVARD DE L HOPITA",,,Plein jour,En agglomération,Intersection en X,Normale,Autre collision,,,,,,,,,,,1,2,2,1.0,6.0
201000063172,0010-05-02 13:35:00,10,5,2,13,35,750,113,"62, BOULEVARD VINCENT AU",,,Plein jour,En agglomération,Intersection en X,Normale,Deux véhicules - côté,,,,,,,,,,,1,2,2,1.0,3.0
201000063173,0010-05-02 14:25:00,10,5,2,14,25,750,113,BOULEVARD VINCENT AURIOL,,,Plein jour,En agglomération,Intersection en T,Pluie légère,Autre collision,,,,,,,,,,,1,2,3,2.0,6.0
201000063174,0010-05-03 01:20:00,10,5,3,1,20,750,113,BOULEVARD VINCENT AURIOL,,,Nuit avec éclairage allumé,En agglomération,Intersection en T,Pluie légère,Deux véhicules - côté,,,,,,,,,,,5,2,3,2.0,3.0
201000063175,0010-05-05 19:25:00,10,5,5,19,25,750,113,"44, RUE DU BANQUIER",,,Plein jour,En agglomération,Intersection en T,Normale,Trois véhicules et plus - en chaîne,,,,,,,,,,,1,2,3,1.0,4.0
201000063176,0010-05-06 00:10:00,10,5,6,0,10,750,113,"62, BOULEVARD DE L HOPIT",,,Nuit avec éclairage allumé,En agglomération,Hors intersection,Normale,Deux véhicules - côté,,,,,,,,,,,5,2,1,1.0,3.0
201000063177,0010-05-06 19:40:00,10,5,6,19,40,750,113,"7, BOULEVARD MASSENA",,,Plein jour,En agglomération,Intersection en X,Normale,Deux véhicules - côté,,,,,,,,,,,1,2,2,1.0,3.0
201000063178,0010-05-07 01:40:00,10,5,7,1,40,750,105,"11, RUE DU PETIT PONT",,,Nuit avec éclairage allumé,En agglomération,Hors intersection,Normale,Autre collision,,,,,,,,,,,5,2,1,1.0,6.0
201000063179,0010-05-07 16:05:00,10,5,7,16,5,750,113,"115, BOULEVARD DE L HOPI",,,Plein jour,En agglomération,Intersection en Y,Normale,Sans collision,,,,,,,,,,,1,2,4,1.0,7.0
201000063180,0010-05-07 20:00:00,10,5,7,20,0,750,113,"13, RUE DE LA GLACIERE",,,Plein jour,En agglomération,Hors intersection,Normale,Deux véhicules - côté,,,,,,,,,,,1,2,1,1.0,3.0
201000063181,0010-05-08 00:05:00,10,5,8,0,5,750,113,"5, BOULEVARD DE L HOPITA",,,Nuit avec éclairage allumé,En agglomération,Hors intersection,Normale,Autre collision,,,,,,,,,,,5,2,1,1.0,6.0
201000063182,0010-05-08 05:00:00,10,5,8,5,0,750,113,"10, RUE DUMERIL",,,Nuit avec éclairage allumé,En agglomération,Hors intersection,Normale,Sans collision,,,,,,,,,,,5,2,1,1.0,7.0
201000063183,0010-05-09 03:10:00,10,5,9,3,10,750,113,BOULEVARD MASSENA,,,Nuit avec éclairage allumé,En agglomération,Intersection à plus de 4 branches,Normale,Autre collision,,,,,,,,,,,5,2,5,1.0,6.0
201000063184,0010-05-10 17:30:00,10,5,10,17,30,750,114,"115, RUE DE LA SANTE",,,Plein jour,En agglomération,Intersection en T,Pluie légère,Deux véhicules - arrière,,,,,,,,,,,1,2,3,2.0,2.0
201000063185,0010-05-10 22:35:00,10,5,10,22,35,750,113,"48, BOULEVARD ARAGO",,,Nuit avec éclairage non allumé,En agglomération,Intersection en X,Pluie légère,Deux véhicules - côté,,,,,,,,,,,4,2,2,2.0,3.0
201000063186,0010-05-11 18:00:00,10,5,11,18,0,750,113,"132, AVENUE D ITALIE",,,Plein jour,En agglomération,Hors intersection,Pluie légère,Autre collision,,,,,,,,,,,1,2,1,2.0,6.0
201000063187,0010-05-11 19:55:00,10,5,11,19,55,750,113,RUE DE LA GLACIERE,,,Plein jour,En agglomération,Intersection en X,Pluie légère,Autre collision,,,,,,,,,,,1,2,2,2.0,6.0
201000063188,0010-05-11 20:50:00,10,5,11,20,50,750,113,"137, RUE DE TOLBIAC",,,Nuit avec éclairage non allumé,En agglomération,Intersection en X,Pluie légère,Deux véhicules - côté,,,,,,,,,,,4,2,2,2.0,3.0
201000063189,0010-05-12 17:40:00,10,5,12,17,40,750,113,"3, RUE DES MALMAISONS",,,Plein jour,En agglomération,Intersection en T,Temps couvert,Autre collision,,,,,,,,,,,1,2,3,8.0,6.0
201000063190,0010-05-13 10:45:00,10,5,13,10,45,750,113,BOULEVARD MASSENA,,,Plein jour,En agglomération,Intersection à plus de 4 branches,Normale,Sans collision,,,,,,,,,,,1,2,5,1.0,7.0
201000063191,0010-05-14 12:30:00,10,5,14,12,30,750,113,"179, BOULEVARD VINCENT A",,,Plein jour,En agglomération,Intersection en X,Normale,Autre collision,,,,,,,,,,,1,2,2,1.0,6.0
201000063192,0010-05-14 23:30:00,10,5,14,23,30,750,113,PLACE D ITALIE,,,Nuit avec éclairage allumé,En agglomération,Intersection à plus de 4 branches,Normale,Sans collision,,,,,,,,,,,5,2,5,1.0,7.0
201000063193,0010-05-16 02:40:00,10,5,16,2,40,750,114,"47, AVENUE PAUL VAILLANT",,,Nuit avec éclairage allumé,En agglomération,Hors intersection,Normale,Sans collision,,,,,,,,,,,5,2,1,1.0,7.0
201000063194,0010-05-16 17:55:00,10,5,16,17,55,750,113,"127, BOULEVARD AUGUSTE B",,,Plein jour,En agglomération,Intersection à plus de 4 branches,Normale,Deux véhicules - côté,,,,,,,,,,,1,2,5,1.0,3.0
201000063195,0010-05-18 00:30:00,10,5,18,0,30,750,113,"33, BOULEVARD KELLERMANN",,,Nuit avec éclairage allumé,En agglomération,Intersection en T,Normale,Autre collision,,,,,,,,,,,5,2,3,1.0,6.0
201000063196,0010-05-18 01:40:00,10,5,18,1,40,750,113,"56, BOULEVARD AUGUSTE BL",,,Nuit avec éclairage allumé,En agglomération,Intersection en Y,Normale,Autre collision,,,,,,,,,,,5,2,4,1.0,6.0
201000063197,0010-05-19 16:45:00,10,5,19,16,45,750,113,"99, RUE NATIONALE",,,Plein jour,En agglomération,Hors intersection,Normale,Autre collision,,,,,,,,,,,1,2,1,1.0,6.0
201000063198,0010-05-21 20:15:00,10,5,21,20,15,750,113,"23, RUE DE DOMREMY",,,Plein jour,En agglomération,Intersection en T,Normale,Autre collision,,,,,,,,,,,1,2,3,1.0,6.0
201000063199,0010-05-23 03:40:00,10,5,23,3,40,750,113,BOULEVARD KELLERMANN,,,Nuit avec éclairage allumé,En agglomération,Intersection en T,Normale,Autre collision,,,,,,,,,,,5,2,3,1.0,6.0
201000063200,0010-05-24 01:00:00,10,5,24,1,0,750,113,RUE DE PATAY,,,Nuit avec éclairage allumé,En agglomération,Intersection en X,Normale,Autre collision,,,,,,,,,,,5,2,2,1.0,6.0
201000063201,0010-05-25 21:40:00,10,5,25,21,40,750,113,BOULEVARD VINCENT AURIOL,,,Nuit sans éclairage public,En agglomération,Hors intersection,Normale,Deux véhicules - arrière,,,,,,,,,,,3,2,1,1.0,2.0
201000063202,0010-05-26 16:30:00,10,5,26,16,30,750,113,"5, RUE DE PATAY",,,Plein jour,En agglomération,Intersection en X,Pluie légère,Sans collision,,,,,,,,,,,1,2,2,2.0,7.0
201000063203,0010-05-31 18:55:00,10,5,31,18,55,750,113,"87, QUAI DE LA GARE",,,Plein jour,En agglomération,Hors intersection,Normale,Autre collision,,,,,,,,,,,1,2,1,1.0,6.0
201000063204,0010-06-01 18:45:00,10,6,1,18,45,750,113,"67, RUE DE CROULEBARBE",,,Plein jour,En agglomération,Intersection en X,Pluie légère,Deux véhicules - côté,,,,,,,,,,,1,2,2,2.0,3.0
201000063205,0010-06-01 20:40:00,10,6,1,20,40,750,113,"1, AVENUE D ITALIE",,,Crépuscule ou aube,En agglomération,Intersection à plus de 4 branches,Pluie légère,Autre collision,,,,,,,,,,,2,2,5,2.0,6.0
201000063206,0010-06-02 21:15:00,10,6,2,21,15,750,113,"100, BOULEVARD MASSENA",,,Crépuscule ou aube,En agglomération,Hors intersection,Normale,Sans collision,,,,,,,,,,,2,2,1,1.0,7.0
201000063207,0010-06-02 23:15:00,10,6,2,23,15,750,113,"26, RUE DE TOLBIAC",,,Nuit avec éclairage allumé,En agglomération,Hors intersection,Normale,Deux véhicules - côté,,,,,,,,,,,5,2,1,1.0,3.0
201000063208,0010-06-03 13:50:00,10,6,3,13,50,750,113,"100, BOULEVARD AUGUSTE B",,,Plein jour,En agglomération,Intersection à plus de 4 branches,Normale,Deux véhicules - arrière,,,,,,,,,,,1,2,5,1.0,2.0
201000063209,0010-06-05 19:30:00,10,6,5,19,30,750,113,"9, RUE NEUVE TOLBIAC",,,Plein jour,En agglomération,Intersection en X,Normale,Autre collision,,,,,,,,,,,1,2,2,1.0,6.0
201000063210,0010-06-07 13:00:00,10,6,7,13,0,750,113,QUAI D IVRY,,,Plein jour,En agglomération,Intersection en X,Normale,Deux véhicules - côté,,,,,,,,,,,1,2,2,1.0,3.0
201000063211,0010-06-10 07:50:00,10,6,10,7,50,750,113,"01, BOULEVARD MASSENA",,,Plein jour,En agglomération,Intersection en X,Pluie légère,Deux véhicules - arrière,,,,,,,,,,,1,2,2,2.0,2.0
201000063212,0010-06-11 16:20:00,10,6,11,16,20,750,113,"3, BOULEVARD SAINT MARCE",,,Plein jour,En agglomération,Intersection en T,Normale,Autre collision,,,,,,,,,,,1,2,3,1.0,6.0
201000063213,0010-06-12 12:50:00,10,6,12,12,50,750,113,"50, PORTE D IVRY",,,Plein jour,En agglomération,Hors intersection,Normale,Autre collision,,,,,,,,,,,1,2,1,1.0,6.0
201000063214,0010-06-12 19:45:00,10,6,12,19,45,750,113,"92, AVENUE D ITALIE",,,Plein jour,En agglomération,Intersection en X,Normale,Autre collision,,,,,,,,,,,1,2,2,1.0,6.0
201000063215,0010-06-16 09:10:00,10,6,16,9,10,750,113,"23, AVENUE LEON BOLLEE",,,Plein jour,En agglomération,Hors intersection,Normale,Deux véhicules - côté,,,,,,,,,,,1,2,1,1.0,3.0
201000063216,0010-06-16 20:00:00,10,6,16,20,0,750,113,"8, PLACE D ITALIE",,,Plein jour,En agglomération,Giratoire,Normale,Deux véhicules - côté,,,,,,,,,,,1,2,6,1.0,3.0
201000063217,0010-06-16 23:30:00,10,6,16,23,30,750,113,"56, RUE DE PATAY",,,Nuit avec éclairage allumé,En agglomération,Intersection en X,Normale,Deux véhicules - côté,,,,,,,,,,,5,2,2,1.0,3.0
201000063218,0010-06-18 09:40:00,10,6,18,9,40,750,113,"91, AVENUE D ITALIE",,,Plein jour,En agglomération,Hors intersection,Normale,Autre collision,,,,,,,,,,,1,2,1,1.0,6.0
201000063219,0010-06-19 03:50:00,10,6,19,3,50,750,113,"56, BOULEVARD AUGUSTE BL",,,Nuit avec éclairage allumé,En agglomération,Hors intersection,Normale,Autre collision,,,,,,,,,,,5,2,1,1.0,6.0
201000063220,0010-06-19 14:15:00,10,6,19,14,15,750,113,"49, RUE ESQUIROL",,,Plein jour,En agglomération,Intersection en X,Normale,Autre collision,,,,,,,,,,,1,2,2,1.0,6.0
201000063221,0010-06-20 01:40:00,10,6,20,1,40,750,105,"28, BOULEVARD DE L HOPIT",,,Nuit avec éclairage allumé,En agglomération,Hors intersection,Normale,Sans collision,,,,,,,,,,,5,2,1,1.0,7.0
201000063222,0010-06-20 23:45:00,10,6,20,23,45,750,113,RUE DU CHATEAU DES RENTI,,,Nuit avec éclairage allumé,En agglomération,Intersection en X,Normale,Autre collision,,,,,,,,,,,5,2,2,1.0,6.0
201000063223,0010-06-21 10:30:00,10,6,21,10,30,750,113,QUAI D IVRY,,,Plein jour,En agglomération,Hors intersection,Normale,Trois véhicules et plus - en chaîne,,,,,,,,,,,1,2,1,1.0,4.0
201000063224,0010-06-21 15:30:00,10,6,21,15,30,750,113,"37, BOULEVARD DE PORT RO",,,Plein jour,En agglomération,Hors intersection,Normale,Deux véhicules - côté,,,,,,,,,,,1,2,1,1.0,3.0
201000063225,0010-06-22 08:25:00,10,6,22,8,25,750,113,"11, RUE GEORGE EASTMAN",,,Plein jour,En agglomération,Hors intersection,Normale,Autre collision,,,,,,,,,,,1,2,1,1.0,6.0
201000063226,0010-06-22 12:20:00,10,6,22,12,20,750,113,AVENUE GENERAL DE GAULLE,,,Plein jour,En agglomération,Intersection en Y,Normale,Autre collision,,,,,,,,,,,1,2,4,1.0,6.0
201000063227,0010-06-22 14:45:00,10,6,22,14,45,750,113,"1, BOULEVARD DE L HOPITA",,,Plein jour,En agglomération,Intersection en X,Normale,Deux véhicules - frontale,,,,,,,,,,,1,2,2,1.0,1.0
201000063228,0010-06-23 23:30:00,10,6,23,23,30,750,113,"72, RUE JEANNE D ARC",,,Nuit sans éclairage public,En agglomération,Hors intersection,Normale,Autre collision,,,,,,,,,,,3,2,1,1.0,6.0
201000063229,0010-06-24 08:15:00,10,6,24,8,15,750,113,"105, AVENUE D ITALIE",,,Plein jour,En agglomération,Intersection en X,Normale,Deux véhicules - arrière,,,,,,,,,,,1,2,2,1.0,2.0
201000063230,0010-06-26 17:00:00,10,6,26,17,0,750,113,"90, RUE DE TOLBIAC",,,Plein jour,En agglomération,Hors intersection,Normale,Autre collision,,,,,,,,,,,1,2,1,1.0,6.0
201000063231,0010-06-27 13:50:00,10,6,27,13,50,750,113,"15, RUE DE TOLBIAC",,,Plein jour,En agglomération,Hors intersection,Normale,Autre collision,,,,,,,,,,,1,2,1,1.0,6.0
201000063232,0010-06-30 15:00:00,10,6,30,15,0,750,113,"3, RUE BRUNESEAU",,,Plein jour,En agglomération,Hors intersection,Normale,Sans collision,,,,,,,,,,,1,2,1,1.0,7.0
201000063233,0010-07-01 09:30:00,10,7,1,9,30,750,113,"36, BOULEVARD VINCENT AU",,,Plein jour,En agglomération,Hors intersection,Normale,Deux véhicules - côté,,,,,,,,,,,1,2,1,1.0,3.0
201000063234,0010-07-01 11:20:00,10,7,1,11,20,750,113,BOULEVARD MASSENA,,,Plein jour,En agglomération,Intersection à plus de 4 branches,Normale,Trois véhicules et plus - collisions multiples,,,,,,,,,,,1,2,5,1.0,5.0
201000063235,0010-07-02 22:30:00,10,7,2,22,30,750,113,AVENUE DE LA PORTE D,,,Nuit avec éclairage non allumé,En agglomération,Intersection en X,Normale,Autre collision,,,,,,,,,,,4,2,2,1.0,6.0
201000063236,0010-07-05 19:30:00,10,7,5,19,30,750,113,"39, RUE BRUNESEAU",,,Plein jour,En agglomération,Hors intersection,Normale,Deux véhicules - côté,,,,,,,,,,,1,2,1,1.0,3.0
201000063237,0010-07-06 09:40:00,10,7,6,9,40,750,113,PORTE D ITALIE,,,Plein jour,En agglomération,Intersection à plus de 4 branches,Normale,Deux véhicules - côté,,,,,,,,,,,1,2,5,1.0,3.0
201000063238,0010-07-07 14:25:00,10,7,7,14,25,750,113,"71, RUE JEANNE D ARC",,,Plein jour,En agglomération,Hors intersection,Normale,Autre collision,,,,,,,,,,,1,2,1,1.0,6.0
201000063239,0010-07-08 03:15:00,10,7,8,3,15,750,113,"64, RUE DU MOULIN DES PR",,,Nuit avec éclairage allumé,En agglomération,Hors intersection,Normale,Sans collision,,,,,,,,,,,5,2,1,1.0,7.0
201000063240,0010-07-08 09:15:00,10,7,8,9,15,750,113,"55, BOULEVARD DE PORT RO",,,Plein jour,En agglomération,Hors intersection,Normale,Deux véhicules - côté,,,,,,,,,,,1,2,1,1.0,3.0
201000063241,0010-07-08 10:50:00,10,7,8,10,50,750,113,"11, RUE DE REIMS",,,Plein jour,En agglomération,Hors intersection,Normale,Autre collision,,,,,,,,,,,1,2,1,1.0,6.0
201000063242,0010-07-08 13:55:00,10,7,8,13,55,750,113,"73, AVENUE DE CHOISY",,,Plein jour,En agglomération,Intersection à plus de 4 branches,Normale,Autre collision,,,,,,,,,,,1,2,5,1.0,6.0
201000063243,0010-07-08 21:00:00,10,7,8,21,0,750,113,"7, RUE LE BRUN",,,Plein jour,En agglomération,Intersection en Y,Normale,Autre collision,,,,,,,,,,,1,2,4,1.0,6.0
201000063244,0010-07-08 22:50:00,10,7,8,22,50,750,113,"108, AVENUE D ITALIE",,,Nuit avec éclairage allumé,En agglomération,Intersection en X,Normale,Trois véhicules et plus - en chaîne,,,,,,,,,,,5,2,2,1.0,4.0
201000063245,0010-07-09 11:10:00,10,7,9,11,10,750,113,"20, RUE BARRAULT",,,Plein jour,En agglomération,Hors intersection,Normale,Deux véhicules - côté,,,,,,,,,,,1,2,1,1.0,3.0
201000063246,0010-07-10 00:30:00,10,7,10,0,30,750,113,AVENUE D ITALIE,,,Nuit avec éclairage allumé,En agglomération,Intersection en X,Normale,Autre collision,,,,,,,,,,,5,2,2,1.0,6.0
201000063247,0010-07-10 02:20:00,10,7,10,2,20,750,113,"13, QUAI D AUSTERLITZ",,,Nuit avec éclairage allumé,En agglomération,Intersection en T,Normale,Autre collision,,,,,,,,,,,5,2,3,1.0,6.0
201000063248,0010-07-12 09:25:00,10,7,12,9,25,750,113,RUE NEUVE TOLBIAC,,,Plein jour,En agglomération,Intersection en X,Pluie légère,Deux véhicules - côté,,,,,,,,,,,1,2,2,2.0,3.0
201000063249,0010-07-12 13:15:00,10,7,12,13,15,750,113,RUE BAUDRICOURT,,,Plein jour,En agglomération,Intersection à plus de 4 branches,Normale,Autre collision,,,,,,,,,,,1,2,5,1.0,6.0
201000063250,0010-07-13 12:40:00,10,7,13,12,40,750,113,"15, AVENUE D ITALIE",,,Plein jour,En agglomération,Hors intersection,Normale,Deux véhicules - côté,,,,,,,,,,,1,2,1,1.0,3.0
201000063251,0010-07-15 11:10:00,10,7,15,11,10,750,113,"20, AVENUE DE LA PORTE D",,,Plein jour,En agglomération,Intersection à plus de 4 branches,Normale,Deux véhicules - côté,,,,,,,,,,,1,2,5,1.0,3.0
201000063252,0010-07-16 09:50:00,10,7,16,9,50,750,113,"151, RUE DE TOLBIAC",,,Plein jour,En agglomération,Intersection en X,Normale,Autre collision,,,,,,,,,,,1,2,2,1.0,6.0
201000063253,0010-07-20 16:40:00,10,7,20,16,40,750,113,"136, RUE DE TOLBIAC",,,Plein jour,En agglomération,Hors intersection,Normale,Deux véhicules - arrière,,,,,,,,,,,1,2,1,1.0,2.0
201000063254,0010-07-21 20:10:00,10,7,21,20,10,750,113,"185, AVENUE DE CHOISY",,,Plein jour,En agglomération,Intersection en T,Pluie légère,Deux véhicules - côté,,,,,,,,,,,1,2,3,2.0,3.0
201000063255,0010-07-25 09:50:00,10,7,25,9,50,750,113,"157, BOULEVARD VINCENT A",,,Plein jour,En agglomération,Hors intersection,Normale,Autre collision,,,,,,,,,,,1,2,1,1.0,6.0
201000063256,0010-07-26 11:27:00,10,7,26,11,27,750,113,"211, BOULEVARD VINCENT A",,,Plein jour,En agglomération,Hors intersection,Normale,Autre collision,,,,,,,,,,,1,2,1,1.0,6.0
201000063257,0010-07-27 09:35:00,10,7,27,9,35,750,113,"104, RUE DE TOLBIAC",,,Plein jour,En agglomération,Hors intersection,Normale,Trois véhicules et plus - en chaîne,,,,,,,,,,,1,2,1,1.0,4.0
201000063258,0010-07-28 13:20:00,10,7,28,13,20,750,113,"36, RUE DE PATAY",,,Plein jour,En agglomération,Hors intersection,Normale,Sans collision,,,,,,,,,,,1,2,1,1.0,7.0
201000063259,0010-07-28 14:00:00,10,7,28,14,0,750,113,"37, BOULEVARD SAINT MARC",,,Plein jour,En agglomération,Intersection en T,Normale,Deux véhicules - côté,,,,,,,,,,,1,2,3,1.0,3.0
201000063260,0010-08-02 15:55:00,10,8,2,15,55,750,113,"01, RUE NEUVE TOLBIAC",,,Plein jour,En agglomération,Intersection en T,Temps couvert,Deux véhicules - arrière,,,,,,,,,,,1,2,3,8.0,2.0
201000063261,0010-08-03 18:35:00,10,8,3,18,35,750,113,"69, BOULEVARD ARAGO",,,Plein jour,En agglomération,Intersection en T,Normale,Deux véhicules - arrière,,,,,,,,,,,1,2,3,1.0,2.0
201000063262,0010-08-04 17:20:00,10,8,4,17,20,750,113,"59, AVENUE D ITALIE",,,Plein jour,En agglomération,Intersection en X,Normale,Trois véhicules et plus - collisions multiples,,,,,,,,,,,1,2,2,1.0,5.0
201000063263,0010-08-06 08:00:00,10,8,6,8,0,750,113,"80, AVENUE D ITALIE",,,Plein jour,En agglomération,Intersection en X,Normale,Deux véhicules - côté,,,,,,,,,,,1,2,2,1.0,3.0
201000063264,0010-08-06 14:00:00,10,8,6,14,0,750,113,"32 bis, RUE HELENE BRION",,,Plein jour,En agglomération,Intersection en X,Normale,Deux véhicules - côté,,,,,,,,,,,1,2,2,1.0,3.0
201000063265,0010-08-10 20:15:00,10,8,10,20,15,750,113,"27, AVENUE DE LA PORTE D",,,Crépuscule ou aube,En agglomération,Intersection en Y,Pluie légère,Deux véhicules - côté,,,,,,,,,,,2,2,4,2.0,3.0
201000063266,0010-08-11 15:25:00,10,8,11,15,25,750,113,"88, AVENUE DE FRANCE",,,Plein jour,En agglomération,Intersection en X,Normale,Deux véhicules - côté,,,,,,,,,,,1,2,2,1.0,3.0
201000063267,0010-08-12 10:35:00,10,8,12,10,35,750,113,QUAI FRANCOIS MAURIAC,,,Plein jour,En agglomération,Intersection en X,Normale,Deux véhicules - côté,,,,,,,,,,,1,2,2,1.0,3.0
201000063268,0010-08-12 22:25:00,10,8,12,22,25,750,113,"33, AVENUE DE CHOISY",,,Nuit avec éclairage allumé,En agglomération,Intersection en T,Normale,Autre collision,,,,,,,,,,,5,2,3,1.0,6.0
201000063269,0010-08-16 00:35:00,10,8,16,0,35,750,113,"70, AVENUE DES GOBELINS",,,Nuit avec éclairage allumé,En agglomération,Hors intersection,Pluie forte,Autre collision,,,,,,,,,,,5,2,1,3.0,6.0
201000063270,0010-08-17 14:50:00,10,8,17,14,50,750,113,"119, BOULEVARD DE L HOPI",,,Plein jour,En agglomération,Intersection en Y,Normale,Deux véhicules - côté,,,,,,,,,,,1,2,4,1.0,3.0
201000063271,0010-08-17 19:00:00,10,8,17,19,0,750,113,"2, RUE TAGORE",,,Plein jour,En agglomération,Hors intersection,Normale,Autre collision,,,,,,,,,,,1,2,1,1.0,6.0
201000063272,0010-08-22 07:20:00,10,8,22,7,20,750,113,"23, AVENUE DE LA PORT",,,Plein jour,En agglomération,Hors intersection,Normale,Autre collision,,,,,,,,,,,1,2,1,1.0,6.0
201000063273,0010-08-22 17:20:00,10,8,22,17,20,750,113,BOULEVARD VINCENT AURIOL,,,Plein jour,En agglomération,Intersection à plus de 4 branches,Normale,Deux véhicules - côté,,,,,,,,,,,1,2,5,1.0,3.0
201000063274,0010-08-23 19:50:00,10,8,23,19,50,750,113,"60, RUE DE TOLBIAC",,,Plein jour,En agglomération,Intersection à plus de 4 branches,Normale,Deux véhicules - côté,,,,,,,,,,,1,2,5,1.0,3.0
201000063275,0010-08-25 14:25:00,10,8,25,14,25,750,113,"111, BOULEVARD MASSENA",,,Plein jour,En agglomération,Intersection en X,Normale,Deux véhicules - côté,,,,,,,,,,,1,2,2,1.0,3.0
201000063276,0010-08-26 13:30:00,10,8,26,13,30,750,113,"01, PLACE D ITALIE",,,Plein jour,En agglomération,Intersection à plus de 4 branches,Normale,Sans collision,,,,,,,,,,,1,2,5,1.0,7.0
201000063277,0010-08-26 13:35:00,10,8,26,13,35,750,113,PLACE D ITALIE,,,Plein jour,En agglomération,Intersection à plus de 4 branches,Normale,Sans collision,,,,,,,,,,,1,2,5,1.0,7.0
201000063278,0010-08-27 10:45:00,10,8,27,10,45,750,113,"29, RUE VERGNIAUD",,,Plein jour,En agglomération,Intersection à plus de 4 branches,Pluie légère,Autre collision,,,,,,,,,,,1,2,5,2.0,6.0
201000063279,0010-08-28 11:50:00,10,8,28,11,50,750,113,AVENUE DE LA PORTE D ITA,,,Plein jour,En agglomération,Hors intersection,Normale,Deux véhicules - côté,,,,,,,,,,,1,2,1,1.0,3.0
201000063280,0010-08-29 03:45:00,10,8,29,3,45,750,113,"85, RUE DE PATAY",,,Nuit avec éclairage allumé,En agglomération,Hors intersection,Normale,Autre collision,,,,,,,,,,,5,2,1,1.0,6.0
201000063281,0010-08-31 15:25:00,10,8,31,15,25,750,113,"85, BOULEVARD SAINT MARC",,,Plein jour,En agglomération,Intersection à plus de 4 branches,Normale,Autre collision,,,,,,,,,,,1,2,5,1.0,6.0
201000063282,0010-08-31 19:25:00,10,8,31,19,25,750,113,"15, AVENUE DE LA PORTE D",,,Plein jour,En agglomération,Intersection en T,Normale,Autre collision,,,,,,,,,,,1,2,3,1.0,6.0
201000063283,0010-09-02 04:25:00,10,9,2,4,25,750,113,"87, QUAI PANHARD ET LEVA",,,Nuit sans éclairage public,En agglomération,Hors intersection,Normale,Autre collision,,,,,,,,,,,3,2,1,1.0,6.0