accident_id,datetime,annee,mois,jour,heure,minute,departement,commune_insee,adresse,latitude,longitude,luminosite,agglomeration,intersection,meteo,collision,nb_vehicules,nb_usagers,nb_indemnes,nb_tues,nb_blesses_hosp,nb_blesses_legers,age_cond_1,age_cond_2,veh_type_cond_1,veh_type_cond_2,lum_code,agg_code,int_code,atm_code,col_code
201000063284,0010-09-02 11:50:00,10,9,2,11,50,750,113,"57, RUE VERGNIAUD",,,Plein jour,En agglomération,Intersection en X,Normale,Autre collision,,,,,,,,,,,1,2,2,1.0,6.0
201000063285,0010-09-02 18:10:00,10,9,2,18,10,750,113,"52, AVENUE D ITALIE",,,Plein jour,En agglomération,Hors intersection,Normale,Autre collision,,,,,,,,,,,1,2,1,1.0,6.0
201000063286,0010-09-03 09:40:00,10,9,3,9,40,750,113,"35, AVENUE DES GOBELINS",,,Plein jour,En agglomération,Intersection en X,Normale,Deux véhicules - côté,,,,,,,,,,,1,2,2,1.0,3.0
201000063287,0010-09-03 21:50:00,10,9,3,21,50,750,113,"28, AVENUE DE LA PORTE D",,,Nuit avec éclairage allumé,En agglomération,Hors intersection,Normale,Deux véhicules - côté,,,,,,,,,,,5,2,1,1.0,3.0
201000063288,0010-09-07 06:30:00,10,9,7,6,30,750,113,"101, BOULEVARD MASSENA",,,Crépuscule ou aube,En agglomération,Intersection en T,Temps couvert,Deux véhicules - côté,,,,,,,,,,,2,2,3,8.0,3.0
201000063289,0010-09-07 17:15:00,10,9,7,17,15,750,113,"155, BOULEVARD DE L HOPI",,,Plein jour,En agglomération,Hors intersection,Normale,Sans collision,,,,,,,,,,,1,2,1,1.0,7.0
201000063290,0010-09-08 22:30:00,10,9,8,22,30,750,113,"62, RUE NATIONALE",,,Nuit sans éclairage public,En agglomération,Hors intersection,Normale,Deux véhicules - côté,,,,,,,,,,,3,2,1,1.0,3.0
201000063291,0010-09-11 04:55:00,10,9,11,4,55,750,113,AVENUE DE LA PORTE D ITA,,,Nuit avec éclairage allumé,En agglomération,Hors intersection,Normale,Autre collision,,,,,,,,,,,5,2,1,1.0,6.0
201000063292,0010-09-11 08:00:00,10,9,11,8,0,750,113,"39, RUE PASCAL",,,Plein jour,En agglomération,Hors intersection,Normale,Sans collision,,,,,,,,,,,1,2,1,1.0,7.0
201000063293,0010-09-08 20:00:00,10,9,8,20,0,750,113,"215, RUE DE TOLBIAC",,,Nuit avec éclairage allumé,En agglomération,Intersection en X,Normale,Sans collision,,,,,,,,,,,5,2,2,1.0,7.0
201000063294,0010-09-11 09:35:00,10,9,11,9,35,750,113,"33, AVENUE DES GOBELINS",,,Plein jour,En agglomération,Hors intersection,Normale,Autre collision,,,,,,,,,,,1,2,1,1.0,6.0
201000063295,0010-09-09 18:51:00,10,9,9,18,51,750,113,RUE JEAN BAPTISTE BERLIE,,,Plein jour,En agglomération,Intersection à plus de 4 branches,Temps couvert,Deux véhicules - côté,,,,,,,,,,,1,2,5,8.0,3.0
201000063296,0010-09-15 06:40:00,10,9,15,6,40,750,113,"13, AVENUE DE LA PORTE D",,,Nuit avec éclairage allumé,En agglomération,Intersection en X,Pluie forte,Autre collision,,,,,,,,,,,5,2,2,3.0,6.0
201000063297,0010-09-15 09:50:00,10,9,15,9,50,750,113,"88, AVENUE D ITALIE",,,Plein jour,En agglomération,Intersection en T,Normale,Trois véhicules et plus - en chaîne,,,,,,,,,,,1,2,3,1.0,4.0
201000063298,0010-09-15 18:15:00,10,9,15,18,15,750,113,"44, AVENUE DES GOBELINS",,,Plein jour,En agglomération,Intersection en T,Normale,Deux véhicules - côté,,,,,,,,,,,1,2,3,1.0,3.0
201000063299,0010-09-17 13:50:00,10,9,17,13,50,750,113,"170, RUE NATIONALE",,,Plein jour,En agglomération,Hors intersection,Normale,Autre collision,,,,,,,,,,,1,2,1,1.0,6.0
201000063300,0010-09-17 14:25:00,10,9,17,14,25,750,113,"215, BOULEVARD VINCENT A",,,Plein jour,En agglomération,Hors intersection,Normale,Autre collision,,,,,,,,,,,1,2,1,1.0,6.0
201000063301,0010-09-18 23:00:00,10,9,18,23,0,750,113,BOULEVARD PERIPHERIQUE,,,Nuit avec éclairage allumé,En agglomération,Intersection en Y,Normale,Sans collision,,,,,,,,,,,5,2,4,1.0,7.0
201000063302,0010-09-18 08:10:00,10,9,18,8,10,750,113,"2, AVENUE GENERAL DE GAU",,,Plein jour,En agglomération,Intersection en X,Normale,Deux véhicules - côté,,,,,,,,,,,1,2,2,1.0,3.0
201000063303,0010-09-18 10:10:00,10,9,18,10,10,750,113,"147, BOULEVARD DE L HOPI",,,Plein jour,En agglomération,Intersection en X,Normale,Deux véhicules - frontale,,,,,,,,,,,1,2,2,1.0,1.0
201000063304,0010-09-19 15:35:00,10,9,19,15,35,750,113,PORTE D IVRY,,,Plein jour,En agglomération,Hors intersection,Normale,Autre collision,,,,,,,,,,,1,2,1,1.0,6.0
201000063305,0010-09-21 07:45:00,10,9,21,7,45,750,113,AVENUE DE LA PORTE DE VI,,,Plein jour,En agglomération,Hors intersection,Normale,Deux véhicules - côté,,,,,,,,,,,1,2,1,1.0,3.0
201000063306,0010-09-21 12:15:00,10,9,21,12,15,750,113,"73, BOULEVARD MASSENA",,,Plein jour,En agglomération,Intersection en X,Normale,Autre collision,,,,,,,,,,,1,2,2,1.0,6.0
201000063307,0010-09-21 14:10:00,10,9,21,14,10,750,113,"83, BOULEVARD DE L HOPIT",,,Plein jour,En agglomération,Intersection en X,Normale,Deux véhicules - arrière,,,,,,,,,,,1,2,2,1.0,2.0
201000063308,0010-09-22 07:10:00,10,9,22,7,10,750,113,"5, BOULEVARD DE L HOPITA",,,Crépuscule ou aube,En agglomération,Intersection en T,Normale,Sans collision,,,,,,,,,,,2,2,3,1.0,7.0
201000063309,0010-09-23 07:05:00,10,9,23,7,5,750,113,"28, AVENUE DE LA PORTE D",,,Plein jour,En agglomération,Hors intersection,Normale,Deux véhicules - arrière,,,,,,,,,,,1,2,1,1.0,2.0
201000063310,0010-09-23 09:20:00,10,9,23,9,20,750,113,PLACE D ITALIE,,,Plein jour,En agglomération,Intersection en X,Normale,Deux véhicules - arrière,,,,,,,,,,,1,2,2,1.0,2.0
201000063311,0010-09-25 22:35:00,10,9,25,22,35,750,113,QUAI DE LA GARE,,,Nuit avec éclairage allumé,En agglomération,Intersection à plus de 4 branches,Normale,Autre collision,,,,,,,,,,,5,2,5,1.0,6.0
201000063312,0010-09-27 10:00:00,10,9,27,10,0,750,113,"13, AVENUE DE LA PORTE D",,,Plein jour,En agglomération,Intersection en X,Normale,Deux véhicules - côté,,,,,,,,,,,1,2,2,1.0,3.0
201000063313,0010-09-29 08:20:00,10,9,29,8,20,750,113,RUE JACQUES DESTREE,,,Plein jour,En agglomération,Intersection en X,Normale,Deux véhicules - côté,,,,,,,,,,,1,2,2,1.0,3.0
201000063314,0010-09-29 23:25:00,10,9,29,23,25,750,113,"76, AVENUE D ITALIE",,,Nuit avec éclairage allumé,En agglomération,Intersection en X,Normale,Sans collision,,,,,,,,,,,5,2,2,1.0,7.0
201000063315,0010-10-01 08:15:00,10,10,1,8,15,750,113,"3, RUE DE PATAY",,,Plein jour,En agglomération,Intersection en X,Normale,Autre collision,,,,,,,,,,,1,2,2,1.0,6.0
201000063316,0010-10-02 09:25:00,10,10,2,9,25,750,113,"11, IMPASSE BAUDRICOURT",,,Plein jour,En agglomération,Hors intersection,Normale,Sans collision,,,,,,,,,,,1,2,1,1.0,7.0
201000063317,0010-10-02 16:45:00,10,10,2,16,45,750,113,"129, BOULEVARD MASSENA",,,Plein jour,En agglomération,Hors intersection,Normale,Autre collision,,,,,,,,,,,1,2,1,1.0,6.0
201000063318,0010-10-02 20:00:00,10,10,2,20,0,750,113,"41, AVENUE DES GOBELINS",,,Nuit avec éclairage allumé,En agglomération,Hors intersection,Normale,Deux véhicules - arrière,,,,,,,,,,,5,2,1,1.0,2.0
201000063319,0010-10-03 01:50:00,10,10,3,1,50,750,113,QUAI PANHARD ET LEVASSOR,,,Nuit avec éclairage allumé,En agglomération,Intersection en T,Normale,Deux véhicules - frontale,,,,,,,,,,,5,2,3,1.0,1.0
201000063320,0010-10-04 07:20:00,10,10,4,7,20,750,113,"242, RUE DE TOLBIAC",,,Nuit avec éclairage allumé,En agglomération,Intersection à plus de 4 branches,Pluie légère,Autre collision,,,,,,,,,,,5,2,5,2.0,6.0
201000063321,0010-10-04 08:30:00,10,10,4,8,30,750,113,"20, RUE DE TOLBIAC",,,Plein jour,En agglomération,Hors intersection,Normale,Deux véhicules - côté,,,,,,,,,,,1,2,1,1.0,3.0
201000063322,0010-10-05 00:30:00,10,10,5,0,30,750,113,AVENUE DE LA PORTE D ITA,,,Nuit avec éclairage allumé,En agglomération,Intersection à plus de 4 branches,Normale,Deux véhicules - côté,,,,,,,,,,,5,2,5,1.0,3.0
201000063323,0010-10-05 09:30:00,10,10,5,9,30,750,113,"166, RUE JEANNE D ARC",,,Plein jour,En agglomération,Hors intersection,Pluie légère,Autre collision,,,,,,,,,,,1,2,1,2.0,6.0
201000063324,0010-10-06 23:40:00,10,10,6,23,40,750,113,"52, AVENUE DES GOBELINS",,,Nuit avec éclairage allumé,En agglomération,Intersection en T,Normale,Deux véhicules - arrière,,,,,,,,,,,5,2,3,1.0,2.0
201000063325,0010-10-07 19:50:00,10,10,7,19,50,750,113,BOULEVARD PERIPHERIQUE I,,,Nuit avec éclairage allumé,En agglomération,Hors intersection,Normale,Deux véhicules - côté,,,,,,,,,,,5,2,1,1.0,3.0
201000063326,0010-10-07 22:40:00,10,10,7,22,40,750,113,"67, AVENUE D ITALIE",,,Nuit avec éclairage allumé,En agglomération,Intersection en T,Normale,Autre collision,,,,,,,,,,,5,2,3,1.0,6.0
201000063327,0010-10-08 11:40:00,10,10,8,11,40,750,113,"72, RUE DE PATAY",,,Plein jour,En agglomération,Hors intersection,Normale,Sans collision,,,,,,,,,,,1,2,1,1.0,7.0
201000063328,0010-10-08 18:35:00,10,10,8,18,35,750,113,"64, RUE DU MOULIN DES PR",,,Plein jour,En agglomération,Hors intersection,Normale,Autre collision,,,,,,,,,,,1,2,1,1.0,6.0
201000063329,0010-10-09 02:10:00,10,10,9,2,10,750,113,"46, AVENUE DES GOBELINS",,,Nuit avec éclairage allumé,En agglomération,Hors intersection,Normale,Autre collision,,,,,,,,,,,5,2,1,1.0,6.0
201000063330,0010-10-09 11:30:00,10,10,9,11,30,750,113,"13, RUE VERGNIAUD",,,Plein jour,En agglomération,Hors intersection,Normale,Autre collision,,,,,,,,,,,1,2,1,1.0,6.0
201000063331,0010-10-10 05:45:00,10,10,10,5,45,750,113,"86, RUE NATIONALE",,,Nuit avec éclairage allumé,En agglomération,Intersection en X,Normale,Autre collision,,,,,,,,,,,5,2,2,1.0,6.0
201000063332,0010-10-11 19:35:00,10,10,11,19,35,750,113,"32, RUE MARTIN BERNARD",,,Nuit avec éclairage allumé,En agglomération,Intersection en Y,Normale,Autre collision,,,,,,,,,,,5,2,4,1.0,6.0
201000063333,0010-10-12 11:35:00,10,10,12,11,35,750,113,"16, AVENUE D IVRY",,,Plein jour,En agglomération,Hors intersection,Normale,Deux véhicules - arrière,,,,,,,,,,,1,2,1,1.0,2.0
201000063334,0010-10-12 15:15:00,10,10,12,15,15,750,113,"1, RUE VERGNIAUD",,,Plein jour,En agglomération,Intersection en X,Normale,Autre collision,,,,,,,,,,,1,2,2,1.0,6.0
201000063335,0010-10-12 15:50:00,10,10,12,15,50,750,113,"150, BOULEVARD VINCENT A",,,Plein jour,En agglomération,Hors intersection,Normale,Autre collision,,,,,,,,,,,1,2,1,1.0,6.0
201000063336,0010-10-12 18:30:00,10,10,12,18,30,750,113,"126, RUE NATIONALE",,,Crépuscule ou aube,En agglomération,Hors intersection,Normale,Autre collision,,,,,,,,,,,2,2,1,1.0,6.0
201000063337,0010-10-13 00:01:00,10,10,13,0,1,750,113,BOULEVARD KELLERMANN,,,Nuit avec éclairage allumé,En agglomération,Intersection en X,Normale,Autre collision,,,,,,,,,,,5,2,2,1.0,6.0
201000063338,0010-10-14 07:45:00,10,10,14,7,45,750,113,"139, AVENUE DE CHOISY",,,Crépuscule ou aube,En agglomération,Intersection en T,Normale,Autre collision,,,,,,,,,,,2,2,3,1.0,6.0
201000063339,0010-10-15 04:25:00,10,10,15,4,25,750,113,"08, PLACE ABBE GEORGES H",,,Nuit avec éclairage allumé,En agglomération,Intersection à plus de 4 branches,Normale,Autre collision,,,,,,,,,,,5,2,5,1.0,6.0
201000063340,0010-10-15 10:20:00,10,10,15,10,20,750,113,"49, RUE DE L ESPERANCE",,,Plein jour,En agglomération,Intersection à plus de 4 branches,Normale,Autre collision,,,,,,,,,,,1,2,5,1.0,6.0
201000063341,0010-10-15 22:50:00,10,10,15,22,50,750,113,"225, RUE DE TOLBIAC",,,Nuit avec éclairage allumé,En agglomération,Intersection en X,Pluie légère,Deux véhicules - arrière,,,,,,,,,,,5,2,2,2.0,2.0
201000063342,0010-10-16 10:00:00,10,10,16,10,0,750,113,"27, RUE DE TOLBIAC",,,Plein jour,En agglomération,Intersection en T,Normale,Sans collision,,,,,,,,,,,1,2,3,1.0,7.0
201000063343,0010-10-16 16:00:00,10,10,16,16,0,750,113,BOULEVARD MASSENA,,,Plein jour,En agglomération,Intersection en T,Normale,Autre collision,,,,,,,,,,,1,2,3,1.0,6.0
201000063344,0010-10-16 20:30:00,10,10,16,20,30,750,113,"73, AVENUE DES GOBELINS",,,Nuit avec éclairage allumé,En agglomération,Intersection en T,Normale,Deux véhicules - frontale,,,,,,,,,,,5,2,3,1.0,1.0
201000063345,0010-10-16 21:45:00,10,10,16,21,45,750,113,AVENUE DES GOBELINS,,,Nuit avec éclairage allumé,En agglomération,Intersection à plus de 4 branches,Normale,Deux véhicules - frontale,,,,,,,,,,,5,2,5,1.0,1.0
201000063346,0010-10-16 21:55:00,10,10,16,21,55,750,113,RUE DE TOLBIAC,,,Nuit avec éclairage allumé,En agglomération,Intersection à plus de 4 branches,Normale,Deux véhicules - côté,,,,,,,,,,,5,2,5,1.0,3.0
201000063347,0010-10-17 12:20:00,10,10,17,12,20,750,113,RUE FRANC NOHAIN,,,Plein jour,En agglomération,Intersection en T,Normale,Deux véhicules - côté,,,,,,,,,,,1,2,3,1.0,3.0
201000063348,0010-10-18 15:25:00,10,10,18,15,25,750,113,"139, BOULEVARD VINCENT A",,,Plein jour,En agglomération,Hors intersection,Normale,Autre collision,,,,,,,,,,,1,2,1,1.0,6.0
201000063349,0010-10-20 08:45:00,10,10,20,8,45,750,113,PASSAGE VICTOR MARCHAND,,,Plein jour,En agglomération,Intersection en T,Normale,Autre collision,,,,,,,,,,,1,2,3,1.0,6.0
201000063350,0010-10-21 12:00:00,10,10,21,12,0,750,113,"1, AVENUE D IVRY",,,Plein jour,En agglomération,Intersection à plus de 4 branches,Normale,Sans collision,,,,,,,,,,,1,2,5,1.0,7.0
201000063351,0010-10-22 19:50:00,10,10,22,19,50,750,113,BOULEVARD MASSENA,,,Nuit avec éclairage allumé,En agglomération,Intersection en X,Normale,Deux véhicules - frontale,,,,,,,,,,,5,2,2,1.0,1.0
201000063352,0010-10-22 03:10:00,10,10,22,3,10,750,113,"208, RUE DE TOLBIAC",,,Nuit avec éclairage allumé,En agglomération,Intersection en X,Normale,Autre collision,,,,,,,,,,,5,2,2,1.0,6.0
201000063353,0010-10-24 01:05:00,10,10,24,1,5,750,113,"0, QUAI D AUSTERLITZ",,,Nuit avec éclairage allumé,En agglomération,Intersection en X,Normale,Deux véhicules - côté,,,,,,,,,,,5,2,2,1.0,3.0
201000063354,0010-10-24 05:50:00,10,10,24,5,50,750,113,QUAI D IVRY,,,Nuit avec éclairage allumé,En agglomération,Hors intersection,Normale,Deux véhicules - arrière,,,,,,,,,,,5,2,1,1.0,2.0
201000063355,0010-10-25 17:40:00,10,10,25,17,40,750,113,RUE WATT,,,Crépuscule ou aube,En agglomération,Hors intersection,Normale,Autre collision,,,,,,,,,,,2,2,1,1.0,6.0
201000063356,0010-10-26 09:25:00,10,10,26,9,25,750,113,"166, RUE DE TOLBIAC",,,Plein jour,En agglomération,Hors intersection,Normale,Autre collision,,,,,,,,,,,1,2,1,1.0,6.0
201000063357,0010-10-27 19:10:00,10,10,27,19,10,750,113,RUE BOBILLOT,,,Nuit avec éclairage allumé,En agglomération,Intersection à plus de 4 branches,Normale,Deux véhicules - côté,,,,,,,,,,,5,2,5,1.0,3.0
201000063358,0010-10-28 01:05:00,10,10,28,1,5,750,113,AVENUE DE LA PORTE D IVR,,,Nuit avec éclairage allumé,En agglomération,Intersection en T,Pluie légère,Autre collision,,,,,,,,,,,5,2,3,2.0,6.0
201000063359,0010-10-28 00:10:00,10,10,28,0,10,750,113,BOULEVARD AUGUSTE BLANQU,,,Nuit avec éclairage allumé,En agglomération,Intersection à plus de 4 branches,Normale,Autre collision,,,,,,,,,,,5,2,5,1.0,6.0
201000063360,0010-10-30 13:20:00,10,10,30,13,20,750,113,AVENUE DE LA PORTE D ITA,,,Plein jour,En agglomération,Intersection à plus de 4 branches,Normale,Deux véhicules - côté,,,,,,,,,,,1,2,5,1.0,3.0
201000063361,0010-11-02 17:20:00,10,11,2,17,20,750,113,"103 bis, RUE DE TOLBIAC",,,Nuit avec éclairage allumé,En agglomération,Intersection en T,Normale,Trois véhicules et plus - en chaîne,,,,,,,,,,,5,2,3,1.0,4.0
201000063362,0010-11-03 10:35:00,10,11,3,10,35,750,113,AVENUE D ITALIE,,,Plein jour,En agglomération,Hors intersection,Pluie légère,Deux véhicules - côté,,,,,,,,,,,1,2,1,2.0,3.0
201000063363,0010-11-04 17:35:00,10,11,4,17,35,750,113,"129, RUE DE LA GLACIERE",,,Nuit avec éclairage allumé,En agglomération,Intersection à plus de 4 branches,Normale,Sans collision,,,,,,,,,,,5,2,5,1.0,7.0
201000063364,0010-11-05 14:35:00,10,11,5,14,35,750,113,"32, AVENUE D ITALIE",,,Plein jour,En agglomération,Hors intersection,Normale,Deux véhicules - côté,,,,,,,,,,,1,2,1,1.0,3.0
201000063365,0010-11-06 14:45:00,10,11,6,14,45,750,113,"25, AVENUE D ITALIE",,,Plein jour,En agglomération,Intersection en T,Pluie légère,Deux véhicules - côté,,,,,,,,,,,1,2,3,2.0,3.0
201000063366,0010-11-08 08:55:00,10,11,8,8,55,750,113,"111, RUE DE TOLBIAC",,,Plein jour,En agglomération,Intersection à plus de 4 branches,Normale,Deux véhicules - côté,,,,,,,,,,,1,2,5,1.0,3.0
201000063367,0010-11-08 12:35:00,10,11,8,12,35,750,113,"149, AVENUE DE CHOISY",,,Plein jour,En agglomération,Hors intersection,Pluie forte,Autre collision,,,,,,,,,,,1,2,1,3.0,6.0
201000063368,0010-11-08 17:50:00,10,11,8,17,50,750,113,PONT D AUSTERLITZ,,,Nuit avec éclairage allumé,En agglomération,Hors intersection,Pluie légère,Autre collision,,,,,,,,,,,5,2,1,2.0,6.0
201000063369,0010-11-08 19:15:00,10,11,8,19,15,750,113,"15, AVENUE DE LA PORTE D",,,Nuit avec éclairage allumé,En agglomération,Intersection en T,Pluie légère,Sans collision,,,,,,,,,,,5,2,3,2.0,7.0
201000063370,0010-11-09 18:25:00,10,11,9,18,25,750,113,RUE DE TOLBIAC,,,Nuit avec éclairage allumé,En agglomération,Intersection en X,Pluie légère,Autre collision,,,,,,,,,,,5,2,2,2.0,6.0
201000063371,0010-11-10 10:50:00,10,11,10,10,50,750,113,"86, AVENUE D ITALIE",,,Plein jour,En agglomération,Intersection en X,Temps couvert,Sans collision,,,,,,,,,,,1,2,2,8.0,7.0
201000063372,0010-11-12 06:30:00,10,11,12,6,30,750,113,RUE DU JAVELOT,,,Nuit avec éclairage allumé,En agglomération,Intersection en T,Normale,Sans collision,,,,,,,,,,,5,2,3,1.0,7.0
201000063373,0010-11-12 15:30:00,10,11,12,15,30,750,113,"56, RUE PASCAL",,,Plein jour,En agglomération,Hors intersection,Pluie légère,Sans collision,,,,,,,,,,,1,2,1,2.0,7.0
201000063374,0010-11-13 10:40:00,10,11,13,10,40,750,113,"29, AVENUE DE LA PORTE D",,,Plein jour,En agglomération,Intersection à plus de 4 branches,Normale,Deux véhicules - côté,,,,,,,,,,,1,2,5,1.0,3.0
201000063375,0010-11-13 18:00:00,10,11,13,18,0,750,113,"100, BOULEVARD MASSENA",,,Nuit avec éclairage allumé,En agglomération,Hors intersection,Pluie légère,Autre collision,,,,,,,,,,,5,2,1,2.0,6.0
201000063376,0010-11-14 05:25:00,10,11,14,5,25,750,113,BOULEVARD DE PORT ROYAL,,,Nuit avec éclairage allumé,En agglomération,Intersection en X,Pluie légère,Deux véhicules - arrière,,,,,,,,,,,5,2,2,2.0,2.0
201000063377,0010-11-15 17:30:00,10,11,15,17,30,750,113,"105 bis, RUE DE TOLBIAC",,,Nuit avec éclairage allumé,En agglomération,Hors intersection,Pluie légère,Autre collision,,,,,,,,,,,5,2,1,2.0,6.0
201000063378,0010-11-16 13:40:00,10,11,16,13,40,750,113,"0, RUE DU MOULINET",,,Plein jour,En agglomération,Intersection en X,Normale,Deux véhicules - côté,,,,,,,,,,,1,2,2,1.0,3.0
201000063379,0010-11-17 13:00:00,10,11,17,13,0,750,113,"31, RUE DES PEUPLIERS",,,Plein jour,En agglomération,Intersection à plus de 4 branches,Normale,Autre collision,,,,,,,,,,,1,2,5,1.0,6.0
201000063380,0010-11-18 02:00:00,10,11,18,2,0,750,113,"56, BOULEVARD AUGUSTE BL",,,Nuit avec éclairage allumé,En agglomération,Hors intersection,Pluie légère,Autre collision,,,,,,,,,,,5,2,1,2.0,6.0
201000063381,0010-11-18 10:15:00,10,11,18,10,15,750,113,"30, RUE NEUVE TOLBIAC",,,Plein jour,En agglomération,Intersection en X,Normale,Deux véhicules - frontale,,,,,,,,,,,1,2,2,1.0,1.0
201000063382,0010-11-19 18:30:00,10,11,19,18,30,750,113,"161, RUE DE TOLBIAC",,,Nuit avec éclairage allumé,En agglomération,Intersection en T,Normale,Deux véhicules - frontale,,,,,,,,,,,5,2,3,1.0,1.0
201000063383,0010-11-20 18:30:00,10,11,20,18,30,750,113,BOULEVARD KELLERMANN,,,Nuit avec éclairage allumé,En agglomération,Intersection en Y,Normale,Autre collision,,,,,,,,,,,5,2,4,1.0,6.0
201000063384,0010-11-21 00:05:00,10,11,21,0,5,750,113,"36, RUE BRILLAT SAVARIN",,,Nuit avec éclairage allumé,En agglomération,Place,Pluie légère,Autre collision,,,,,,,,,,,5,2,7,2.0,6.0
201000063385,0010-11-22 17:45:00,10,11,22,17,45,750,113,PONT DE TOLBIAC,,,Nuit avec éclairage allumé,En agglomération,Intersection en X,Normale,Deux véhicules - arrière,,,,,,,,,,,5,2,2,1.0,2.0
201000063386,0010-11-23 09:40:00,10,11,23,9,40,750,113,"121, AVENUE D ITALIE",,,Plein jour,En agglomération,Hors intersection,Normale,Autre collision,,,,,,,,,,,1,2,1,1.0,6.0
201000063387,0010-11-23 09:50:00,10,11,23,9,50,750,113,"74, RUE JEANNE D ARC",,,Plein jour,En agglomération,Hors intersection,Normale,Autre collision,,,,,,,,,,,1,2,1,1.0,6.0
201000063388,0010-11-23 14:00:00,10,11,23,14,0,750,113,AVENUE DES GOBELINS,,,Plein jour,En agglomération,Place,Normale,Deux véhicules - côté,,,,,,,,,,,1,2,7,1.0,3.0
201000063389,0010-11-24 15:20:00,10,11,24,15,20,750,113,"2, AVENUE GENERAL DE GAU",,,Plein jour,En agglomération,Hors intersection,Normale,Autre collision,,,,,,,,,,,1,2,1,1.0,6.0
201000063390,0010-11-24 20:10:00,10,11,24,20,10,750,113,"101, BOULEVARD DE L HOPI",,,Nuit avec éclairage allumé,En agglomération,Hors intersection,Pluie légère,Deux véhicules - côté,,,,,,,,,,,5,2,1,2.0,3.0
201000063391,0010-11-25 09:05:00,10,11,25,9,5,750,113,"3, QUAI FRANCOIS MAURIAC",,,Plein jour,En agglomération,Intersection en X,Pluie légère,Deux véhicules - frontale,,,,,,,,,,,1,2,2,2.0,1.0
201000063392,0010-11-25 19:10:00,10,11,25,19,10,750,113,"182, AVENUE DE FRANCE",,,Nuit avec éclairage allumé,En agglomération,Intersection en X,Pluie légère,Sans collision,,,,,,,,,,,5,2,2,2.0,7.0
201000063393,0010-11-27 13:20:00,10,11,27,13,20,750,113,"72, AVENUE D ITALIE",,,Plein jour,En agglomération,Intersection en T,Normale,Autre collision,,,,,,,,,,,1,2,3,1.0,6.0
201000063394,0010-11-27 22:25:00,10,11,27,22,25,750,113,BOULEVARD VINCENT AURIOL,,,Nuit avec éclairage allumé,En agglomération,Intersection en X,Normale,Sans collision,,,,,,,,,,,5,2,2,1.0,7.0
201000063395,0010-11-29 12:40:00,10,11,29,12,40,750,113,"65, RUE DU MOULIN DES PR",,,Plein jour,En agglomération,Intersection en X,Normale,Deux véhicules - arrière,,,,,,,,,,,1,2,2,1.0,2.0
201000063396,0010-11-29 14:48:00,10,11,29,14,48,750,113,BOULEVARD DE L HOPITAL,,,Plein jour,En agglomération,Intersection en T,Normale,Autre collision,,,,,,,,,,,1,2,3,1.0,6.0
201000063397,0010-11-29 18:10:00,10,11,29,18,10,750,113,"83, BOULEVARD VINCENT AU",,,Nuit avec éclairage allumé,En agglomération,Intersection en X,Normale,Deux véhicules - côté,,,,,,,,,,,5,2,2,1.0,3.0
201000063398,0010-11-29 18:45:00,10,11,29,18,45,750,113,"98, BOULEVARD DE L HOPIT",,,Nuit avec éclairage allumé,En agglomération,Intersection à plus de 4 branches,Normale,Sans collision,,,,,,,,,,,5,2,5,1.0,7.0
201000063399,0010-11-29 23:45:00,10,11,29,23,45,750,113,"33, RUE DE TOLBIAC",,,Nuit avec éclairage allumé,En agglomération,Intersection en X,Normale,Deux véhicules - côté,,,,,,,,,,,5,2,2,1.0,3.0
201000063400,0010-11-30 06:45:00,10,11,30,6,45,750,113,"79, AVENUE D ITALIE",,,Nuit avec éclairage allumé,En agglomération,Intersection en T,Autre,Deux véhicules - arrière,,,,,,,,,,,5,2,3,9.0,2.0
201000063401,0010-12-01 12:30:00,10,12,1,12,30,750,113,"58, RUE DE TOLBIAC",,,Plein jour,En agglomération,Hors intersection,Normale,Autre collision,,,,,,,,,,,1,2,1,1.0,6.0
201000063402,0010-11-30 21:50:00,10,11,30,21,50,750,113,BOULEVARD KELLERMANN,,,Nuit avec éclairage allumé,En agglomération,Intersection à plus de 4 branches,Normale,Deux véhicules - côté,,,,,,,,,,,5,2,5,1.0,3.0
201000063403,0010-12-01 19:45:00,10,12,1,19,45,750,113,"51, AVENUE D IVRY",,,Nuit avec éclairage allumé,En agglomération,Intersection en T,Neige / grêle,Autre collision,,,,,,,,,,,5,2,3,4.0,6.0
201000063404,0010-12-03 12:15:00,10,12,3,12,15,750,113,AVENUE DE LA PORTE D ITA,,,Plein jour,En agglomération,Intersection à plus de 4 branches,Normale,Deux véhicules - côté,,,,,,,,,,,1,2,5,1.0,3.0
201000063405,0010-12-07 18:15:00,10,12,7,18,15,750,113,"1, PLACE ABBE GEORGES HE",,,Nuit avec éclairage allumé,En agglomération,Intersection à plus de 4 branches,Pluie légère,Autre collision,,,,,,,,,,,5,2,5,2.0,6.0
201000063406,0010-12-08 09:45:00,10,12,8,9,45,750,113,"72, RUE DE TOLBIAC",,,Plein jour,En agglomération,Intersection en T,Pluie légère,Deux véhicules - côté,,,,,,,,,,,1,2,3,2.0,3.0
201000063407,0010-12-08 10:15:00,10,12,8,10,15,750,113,"42, RUE CANTAGREL",,,Plein jour,En agglomération,Intersection à plus de 4 branches,Pluie légère,Autre collision,,,,,,,,,,,1,2,5,2.0,6.0