accident_id,datetime,annee,mois,jour,heure,minute,departement,commune_insee,adresse,latitude,longitude,luminosite,agglomeration,intersection,meteo,collision,nb_vehicules,nb_usagers,nb_indemnes,nb_tues,nb_blesses_hosp,nb_blesses_legers,age_cond_1,age_cond_2,veh_type_cond_1,veh_type_cond_2,lum_code,agg_code,int_code,atm_code,col_code
201000063408,0010-12-10 18:33:00,10,12,10,18,33,750,113,RUE DU DESSOUS DES BERGE,,,Nuit avec éclairage allumé,En agglomération,Intersection à plus de 4 branches,Normale,Autre collision,,,,,,,,,,,5,2,5,1.0,6.0
201000063409,0010-12-10 23:20:00,10,12,10,23,20,750,113,AVENUE DE LA PORTE D ITA,,,Nuit avec éclairage allumé,En agglomération,Intersection en Y,Normale,Deux véhicules - côté,,,,,,,,,,,5,2,4,1.0,3.0
201000063410,0010-12-11 16:55:00,10,12,11,16,55,750,113,"122, RUE DE TOLBIAC",,,Plein jour,En agglomération,Intersection à plus de 4 branches,Normale,Deux véhicules - côté,,,,,,,,,,,1,2,5,1.0,3.0
201000063411,0010-12-12 06:20:00,10,12,12,6,20,750,113,PONT DE TOLBIAC,,,Nuit avec éclairage allumé,En agglomération,Intersection en X,Normale,Autre collision,,,,,,,,,,,5,2,2,1.0,6.0
201000063412,0010-12-13 15:15:00,10,12,13,15,15,750,113,"72, AVENUE PIERRE MENDES",,,Plein jour,En agglomération,Hors intersection,Normale,Deux véhicules - arrière,,,,,,,,,,,1,2,1,1.0,2.0
201000063413,0010-12-13 18:30:00,10,12,13,18,30,750,113,"241, RUE DE TOLBIAC",,,Nuit avec éclairage allumé,En agglomération,Hors intersection,Normale,Autre collision,,,,,,,,,,,5,2,1,1.0,6.0
201000063414,0010-12-14 16:45:00,10,12,14,16,45,750,113,"130, RUE DE TOLBIAC",,,Crépuscule ou aube,En agglomération,Intersection en Y,Normale,Autre collision,,,,,,,,,,,2,2,4,1.0,6.0
201000063415,0010-12-15 09:15:00,10,12,15,9,15,750,113,"22, BOULEVARD VINCENT AU",,,Plein jour,En agglomération,Intersection en T,Normale,Trois véhicules et plus - collisions multiples,,,,,,,,,,,1,2,3,1.0,5.0
201000063416,0010-12-15 17:50:00,10,12,15,17,50,750,113,"193, RUE DE TOLBIAC",,,Crépuscule ou aube,En agglomération,Intersection à plus de 4 branches,Normale,Autre collision,,,,,,,,,,,2,2,5,1.0,6.0
201000063417,0010-12-16 23:15:00,10,12,16,23,15,750,114,BOULEVARD JOURDAN,,,Nuit avec éclairage allumé,En agglomération,Intersection en X,Pluie légère,Autre collision,,,,,,,,,,,5,2,2,2.0,6.0
201000063418,0010-12-17 13:45:00,10,12,17,13,45,750,113,RUE DE TOLBIAC,,,Plein jour,En agglomération,Intersection en X,Normale,Deux véhicules - côté,,,,,,,,,,,1,2,2,1.0,3.0
201000063419,0010-12-17 18:00:00,10,12,17,18,0,750,113,"194, AVENUE DE CHOISY",,,Nuit avec éclairage allumé,En agglomération,Intersection à plus de 4 branches,Autre,Autre collision,,,,,,,,,,,5,2,5,9.0,6.0
201000063420,0010-12-17 19:46:00,10,12,17,19,46,750,113,"117, BOULEVARD AUGUSTE B",,,Nuit avec éclairage non allumé,En agglomération,Intersection à plus de 4 branches,Neige / grêle,Autre collision,,,,,,,,,,,4,2,5,4.0,6.0
201000063421,0010-12-20 20:25:00,10,12,20,20,25,750,113,"14, RUE DE LA MAISON BLA",,,Nuit avec éclairage non allumé,En agglomération,Intersection en Y,Pluie légère,Autre collision,,,,,,,,,,,4,2,4,2.0,6.0
201000063422,0010-12-22 16:05:00,10,12,22,16,5,750,113,"7, RUE DE TOLBIAC",,,Plein jour,En agglomération,Hors intersection,Pluie légère,Deux véhicules - côté,,,,,,,,,,,1,2,1,2.0,3.0
201000063423,0010-12-27 11:05:00,10,12,27,11,5,750,113,"62, BOULEVARD AUGUSTE BL",,,Plein jour,En agglomération,Intersection en T,Normale,Autre collision,,,,,,,,,,,1,2,3,1.0,6.0
201000063424,0010-12-28 04:30:00,10,12,28,4,30,750,113,"140, AVENUE D ITALIE",,,Nuit avec éclairage allumé,En agglomération,Intersection en T,Pluie légère,Autre collision,,,,,,,,,,,5,2,3,2.0,6.0
201000063425,0010-12-28 10:15:00,10,12,28,10,15,750,113,"128, AVENUE DE FRANCE",,,Plein jour,En agglomération,Hors intersection,Temps couvert,Sans collision,,,,,,,,,,,1,2,1,8.0,7.0
201000063426,0010-12-29 13:00:00,10,12,29,13,0,750,113,BOULEVARD MASSENA,,,Plein jour,En agglomération,Hors intersection,Autre,Autre collision,,,,,,,,,,,1,2,1,9.0,6.0
201000063427,0010-12-29 23:15:00,10,12,29,23,15,750,113,BOULEVARD MASSENA,,,Nuit avec éclairage allumé,En agglomération,Intersection en X,Normale,Deux véhicules - côté,,,,,,,,,,,5,2,2,1.0,3.0
201000063428,0010-12-31 06:00:00,10,12,31,6,0,750,113,"69, RUE DE LA GLACIERE",,,Nuit avec éclairage allumé,En agglomération,Hors intersection,Normale,Deux véhicules - arrière,,,,,,,,,,,5,2,1,1.0,2.0
201000063429,0010-07-17 18:00:00,10,7,17,18,0,750,113,"1, BOULEVARD DE L HOPITA",,,Plein jour,En agglomération,Intersection à plus de 4 branches,Normale,Autre collision,,,,,,,,,,,1,2,5,1.0,6.0
201000063430,0010-01-01 10:50:00,10,1,1,10,50,750,114,"95, PLACE VICTOR BASCH",,,Plein jour,En agglomération,Intersection à plus de 4 branches,Neige / grêle,Deux véhicules - côté,,,,,,,,,,,1,2,5,4.0,3.0
201000063431,0010-01-02 21:00:00,10,1,2,21,0,750,114,"06, PLACE DU VINGT CINQ",,,Nuit avec éclairage allumé,En agglomération,Hors intersection,Normale,Sans collision,,,,,,,,,,,5,2,1,1.0,7.0
201000063432,0010-01-08 02:45:00,10,1,8,2,45,750,114,"12, BOULEVARD SAINT JACQ",,,Nuit avec éclairage allumé,En agglomération,Hors intersection,Neige / grêle,Autre collision,,,,,,,,,,,5,2,1,4.0,6.0
201000063433,0010-01-09 23:05:00,10,1,9,23,5,750,114,"00, PLACE DENFERT ROCHER",,,Nuit avec éclairage allumé,En agglomération,Intersection à plus de 4 branches,Neige / grêle,Sans collision,,,,,,,,,,,5,2,5,4.0,7.0
201000063434,0010-01-12 19:40:00,10,1,12,19,40,750,114,"84, RUE DAGUERRE",,,Nuit avec éclairage allumé,En agglomération,Intersection en T,Normale,Deux véhicules - côté,,,,,,,,,,,5,2,3,1.0,3.0
201000063435,0010-01-13 09:05:00,10,1,13,9,5,750,114,"172, RUE D ALESIA",,,Plein jour,En agglomération,Intersection en X,Normale,Autre collision,,,,,,,,,,,1,2,2,1.0,6.0
201000063436,0010-01-13 18:00:00,10,1,13,18,0,750,114,"86, BOULEVARD DU MONTPAR",,,Nuit avec éclairage allumé,En agglomération,Hors intersection,Normale,Autre collision,,,,,,,,,,,5,2,1,1.0,6.0
201000063437,0010-01-14 12:20:00,10,1,14,12,20,750,114,"44, RUE DU TEXEL",,,Plein jour,En agglomération,Intersection en X,Normale,Autre collision,,,,,,,,,,,1,2,2,1.0,6.0
201000063438,0010-01-14 10:10:00,10,1,14,10,10,750,114,"98, AVENUE DENFERT ROCHE",,,Plein jour,En agglomération,Hors intersection,Normale,Deux véhicules - côté,,,,,,,,,,,1,2,1,1.0,3.0
201000063439,0010-01-18 18:05:00,10,1,18,18,5,750,114,"116, AVENUE DU GENERAL L",,,Nuit avec éclairage allumé,En agglomération,Hors intersection,Normale,Autre collision,,,,,,,,,,,5,2,1,1.0,6.0
201000063440,0010-01-19 17:49:00,10,1,19,17,49,750,114,"02, PLACE DENFERT ROCHER",,,Nuit avec éclairage allumé,En agglomération,Hors intersection,Normale,Autre collision,,,,,,,,,,,5,2,1,1.0,6.0
201000063441,0010-01-23 16:40:00,10,1,23,16,40,750,114,"5, AVENUE DU GENERAL LEC",,,Plein jour,En agglomération,Intersection en T,Normale,Autre collision,,,,,,,,,,,1,2,3,1.0,6.0
201000063442,0010-01-25 06:10:00,10,1,25,6,10,750,114,"53, AVENUE DU GENERAL LE",,,Nuit avec éclairage allumé,En agglomération,Intersection en T,Normale,Deux véhicules - côté,,,,,,,,,,,5,2,3,1.0,3.0
201000063443,0010-01-25 08:45:00,10,1,25,8,45,750,114,"80, AVENUE DU GENERAL LE",,,Plein jour,En agglomération,Intersection à plus de 4 branches,Normale,Deux véhicules - arrière,,,,,,,,,,,1,2,5,1.0,2.0
201000063444,0010-01-23 12:19:00,10,1,23,12,19,750,114,BOULEVARD JOURDAN,,,Plein jour,En agglomération,Hors intersection,Pluie légère,Deux véhicules - arrière,,,,,,,,,,,1,2,1,2.0,2.0
201000063445,0010-01-25 17:25:00,10,1,25,17,25,750,114,"70, BOULEVARD DU MONTPAR",,,Crépuscule ou aube,En agglomération,Hors intersection,Normale,Sans collision,,,,,,,,,,,2,2,1,1.0,7.0
201000063446,0010-01-25 17:20:00,10,1,25,17,20,750,114,"37, RUE DU DEPART",,,Crépuscule ou aube,En agglomération,Hors intersection,Normale,Trois véhicules et plus - en chaîne,,,,,,,,,,,2,2,1,1.0,4.0
201000063447,0010-01-26 16:35:00,10,1,26,16,35,750,114,"32, AVENUE DE L OBSERVAT",,,Plein jour,En agglomération,Hors intersection,Normale,Autre collision,,,,,,,,,,,1,2,1,1.0,6.0
201000063448,0010-01-27 14:40:00,10,1,27,14,40,750,114,"79, RUE FROIDEVAUX",,,Plein jour,En agglomération,Hors intersection,Normale,Deux véhicules - côté,,,,,,,,,,,1,2,1,1.0,3.0
201000063449,0010-01-27 19:10:00,10,1,27,19,10,750,114,"7, RUE HENRI BARBOUX",,,Nuit avec éclairage allumé,En agglomération,Intersection en T,Normale,Autre collision,,,,,,,,,,,5,2,3,1.0,6.0
201000063450,0010-01-28 15:40:00,10,1,28,15,40,750,114,"277, BOULEVARD RASPAIL",,,Plein jour,En agglomération,Hors intersection,Normale,Trois véhicules et plus - en chaîne,,,,,,,,,,,1,2,1,1.0,4.0
201000063451,0010-01-31 17:35:00,10,1,31,17,35,750,114,"73, RUE FROIDEVAUX",,,Crépuscule ou aube,En agglomération,Intersection en T,Normale,Deux véhicules - côté,,,,,,,,,,,2,2,3,1.0,3.0
201000063452,0010-02-03 18:00:00,10,2,3,18,0,750,114,"12, RUE CHARLES DIVRY",,,Crépuscule ou aube,En agglomération,Intersection en T,Normale,Deux véhicules - côté,,,,,,,,,,,2,2,3,1.0,3.0
201000063453,0010-02-05 12:55:00,10,2,5,12,55,750,114,PORTE DE VANVES,,,Plein jour,En agglomération,Hors intersection,Normale,Trois véhicules et plus - en chaîne,,,,,,,,,,,1,2,1,1.0,4.0
201000063454,0010-02-07 03:00:00,10,2,7,3,0,750,114,"131, RUE DU CHATEAU",,,Nuit avec éclairage allumé,En agglomération,Hors intersection,Normale,Autre collision,,,,,,,,,,,5,2,1,1.0,6.0
201000063455,0010-02-10 15:45:00,10,2,10,15,45,750,114,AVENUE DE LA PORTE DE MO,,,Plein jour,En agglomération,Intersection en T,Normale,Deux véhicules - côté,,,,,,,,,,,1,2,3,1.0,3.0
201000063456,0010-02-15 16:55:00,10,2,15,16,55,750,114,"30, AVENUE DE L OBSERVAT",,,Plein jour,En agglomération,Intersection en X,Normale,Deux véhicules - côté,,,,,,,,,,,1,2,2,1.0,3.0
201000063457,0010-02-16 12:45:00,10,2,16,12,45,750,114,"37, RUE DU FAUBOURG SAIN",,,Plein jour,En agglomération,Hors intersection,Normale,Autre collision,,,,,,,,,,,1,2,1,1.0,6.0
201000063458,0010-02-18 08:55:00,10,2,18,8,55,750,114,"69, AVENUE PAUL VAILLANT",,,Plein jour,En agglomération,Hors intersection,Normale,Deux véhicules - arrière,,,,,,,,,,,1,2,1,1.0,2.0
201000063459,0010-02-20 15:45:00,10,2,20,15,45,750,114,"39, RUE FROIDEVAUX",,,Plein jour,En agglomération,Intersection en X,Normale,Autre collision,,,,,,,,,,,1,2,2,1.0,6.0
201000063460,0010-02-23 13:45:00,10,2,23,13,45,750,114,"97, AVENUE DENFERT ROCHE",,,Plein jour,En agglomération,Intersection à plus de 4 branches,Pluie légère,Autre collision,,,,,,,,,,,1,2,5,2.0,6.0
201000063461,0010-02-24 16:35:00,10,2,24,16,35,750,114,"0, RUE NANSOUTY",,,Plein jour,En agglomération,Intersection en T,Pluie légère,Deux véhicules - côté,,,,,,,,,,,1,2,3,2.0,3.0
201000063462,0010-02-27 17:55:00,10,2,27,17,55,750,114,"164, RUE D ALESIA",,,Plein jour,En agglomération,Intersection en T,Pluie légère,Autre collision,,,,,,,,,,,1,2,3,2.0,6.0
201000063463,0010-02-28 19:00:00,10,2,28,19,0,750,114,"104, AVENUE DU GENERAL L",,,Nuit avec éclairage allumé,En agglomération,Hors intersection,Pluie légère,Trois véhicules et plus - en chaîne,,,,,,,,,,,5,2,1,2.0,4.0
201000063464,0010-03-02 09:35:00,10,3,2,9,35,750,114,BOULEVARD ADOLPHE PINARD,,,Plein jour,En agglomération,Intersection à plus de 4 branches,Normale,Autre collision,,,,,,,,,,,1,2,5,1.0,6.0
201000063465,0010-03-02 23:30:00,10,3,2,23,30,750,114,"15-21, BOULEVARD ROMAIN",,,Nuit avec éclairage allumé,En agglomération,Hors intersection,Normale,Autre collision,,,,,,,,,,,5,2,1,1.0,6.0
201000063466,0010-03-03 17:10:00,10,3,3,17,10,750,114,"134, RUE D ALESIA",,,Plein jour,En agglomération,Intersection à plus de 4 branches,Normale,Autre collision,,,,,,,,,,,1,2,5,1.0,6.0
201000063467,0010-03-09 11:40:00,10,3,9,11,40,750,114,"11, BOULEVARD EDGAR QUIN",,,Plein jour,En agglomération,Intersection à plus de 4 branches,Normale,Autre collision,,,,,,,,,,,1,2,5,1.0,6.0
201000063468,0010-03-14 01:40:00,10,3,14,1,40,750,114,"1, PLACE DENFERT ROCHERE",,,Nuit avec éclairage allumé,En agglomération,Intersection à plus de 4 branches,Normale,Deux véhicules - côté,,,,,,,,,,,5,2,5,1.0,3.0
201000063469,0010-03-15 19:10:00,10,3,15,19,10,750,114,"199, AVENUE DU MAINE",,,Crépuscule ou aube,En agglomération,Hors intersection,Normale,Deux véhicules - côté,,,,,,,,,,,2,2,1,1.0,3.0
201000063470,0010-03-16 14:55:00,10,3,16,14,55,750,114,"27, RUE DU FAUBOURG SAIN",,,Plein jour,En agglomération,Hors intersection,Normale,Deux véhicules - arrière,,,,,,,,,,,1,2,1,1.0,2.0
201000063471,0010-03-16 15:58:00,10,3,16,15,58,750,114,"1, BOULEVARD BRUNE",,,Plein jour,En agglomération,Hors intersection,Normale,Autre collision,,,,,,,,,,,1,2,1,1.0,6.0
201000063472,0010-03-18 07:55:00,10,3,18,7,55,750,114,"91, AVENUE DU GENERAL LE",,,Plein jour,En agglomération,Hors intersection,Normale,Deux véhicules - arrière,,,,,,,,,,,1,2,1,1.0,2.0
201000063473,0010-03-20 00:01:00,10,3,20,0,1,750,114,"20, PLACE DENFERT ROCHER",,,Nuit avec éclairage allumé,En agglomération,Hors intersection,Normale,Autre collision,,,,,,,,,,,5,2,1,1.0,6.0
201000063474,0010-03-20 10:45:00,10,3,20,10,45,750,114,BOULEVARD ROMAIN ROLLAND,,,Plein jour,En agglomération,Intersection en T,Pluie légère,Deux véhicules - côté,,,,,,,,,,,1,2,3,2.0,3.0
201000063475,0010-03-21 09:50:00,10,3,21,9,50,750,114,BOULEVARD SAINT JACQUES,,,Plein jour,En agglomération,Intersection à plus de 4 branches,Normale,Deux véhicules - côté,,,,,,,,,,,1,2,5,1.0,3.0
201000063476,0010-03-21 21:00:00,10,3,21,21,0,750,114,"41-45, BOULEVARD ROMAIN",,,Nuit avec éclairage allumé,En agglomération,Intersection à plus de 4 branches,Normale,Deux véhicules - côté,,,,,,,,,,,5,2,5,1.0,3.0
201000063477,0010-03-24 08:15:00,10,3,24,8,15,750,114,"02, RUE BREZIN",,,Plein jour,En agglomération,Intersection en T,Normale,Autre collision,,,,,,,,,,,1,2,3,1.0,6.0
201000063478,0010-03-24 20:25:00,10,3,24,20,25,750,114,"28, RUE D ALESIA",,,Nuit avec éclairage allumé,En agglomération,Hors intersection,Normale,Sans collision,,,,,,,,,,,5,2,1,1.0,7.0
201000063479,0010-03-30 16:10:00,10,3,30,16,10,750,114,"254, BOULEVARD RASPAIL",,,Plein jour,En agglomération,Hors intersection,Pluie forte,Deux véhicules - côté,,,,,,,,,,,1,2,1,3.0,3.0
201000063480,0010-03-30 22:45:00,10,3,30,22,45,750,114,"56, RUE DU CHATEAU",,,Nuit avec éclairage allumé,En agglomération,Intersection à plus de 4 branches,Normale,Autre collision,,,,,,,,,,,5,2,5,1.0,6.0
201000063481,0010-03-31 09:01:00,10,3,31,9,1,750,114,"0, BOULEVARD JOURDAN",,,Plein jour,En agglomération,Intersection à plus de 4 branches,Normale,Deux véhicules - côté,,,,,,,,,,,1,2,5,1.0,3.0
201000063482,0010-03-31 08:20:00,10,3,31,8,20,750,114,PORTE D ORLEANS,,,Plein jour,En agglomération,Intersection en X,Normale,Autre collision,,,,,,,,,,,1,2,2,1.0,6.0
201000063483,0010-03-31 10:00:00,10,3,31,10,0,750,114,PASSAGE TENAILLE,,,Plein jour,En agglomération,Intersection en X,Normale,Autre collision,,,,,,,,,,,1,2,2,1.0,6.0
201000063484,0010-03-31 13:50:00,10,3,31,13,50,750,114,"68, BOULEVARD DU MONTPAR",,,Plein jour,En agglomération,Intersection à plus de 4 branches,Normale,Autre collision,,,,,,,,,,,1,2,5,1.0,6.0
201000063485,0010-03-31 20:15:00,10,3,31,20,15,750,114,BOULEVARD BRUNE,,,Nuit avec éclairage allumé,En agglomération,Intersection à plus de 4 branches,Normale,Deux véhicules - côté,,,,,,,,,,,5,2,5,1.0,3.0
201000063486,0010-04-02 03:35:00,10,4,2,3,35,750,114,"61, AVENUE DENFERT ROCHE",,,Nuit avec éclairage allumé,En agglomération,Hors intersection,Normale,Deux véhicules - arrière,,,,,,,,,,,5,2,1,1.0,2.0
201000063487,0010-04-02 10:45:00,10,4,2,10,45,750,114,RUE D ALESIA,,,Plein jour,En agglomération,Intersection en T,Normale,Autre collision,,,,,,,,,,,1,2,3,1.0,6.0
201000063488,0010-04-04 05:25:00,10,4,4,5,25,750,114,"243, BOULEVARD RASPAIL",,,Nuit avec éclairage allumé,En agglomération,Intersection en X,Pluie légère,Deux véhicules - arrière,,,,,,,,,,,5,2,2,2.0,2.0
201000063489,0010-04-06 09:00:00,10,4,6,9,0,750,114,"118, AVENUE DU GENERAL L",,,Plein jour,En agglomération,Hors intersection,Normale,Autre collision,,,,,,,,,,,1,2,1,1.0,6.0
201000063490,0010-04-06 19:45:00,10,4,6,19,45,750,114,"66, AVENUE DU GENERAL LE",,,Plein jour,En agglomération,Intersection en T,Normale,Deux véhicules - côté,,,,,,,,,,,1,2,3,1.0,3.0
201000063491,0010-04-07 08:50:00,10,4,7,8,50,750,114,"81, AVENUE DU GENERAL LE",,,Plein jour,En agglomération,Hors intersection,Normale,Autre collision,,,,,,,,,,,1,2,1,1.0,6.0
201000063492,0010-04-08 18:35:00,10,4,8,18,35,750,114,"106, AVENUE DU GENERAL L",,,Plein jour,En agglomération,Hors intersection,Normale,Autre collision,,,,,,,,,,,1,2,1,1.0,6.0
201000063493,0010-04-10 16:00:00,10,4,10,16,0,750,114,"30, BOULEVARD JOURDAN",,,Plein jour,En agglomération,Hors intersection,Normale,Trois véhicules et plus - en chaîne,,,,,,,,,,,1,2,1,1.0,4.0
201000063494,0010-04-11 13:32:00,10,4,11,13,32,750,114,"95, AVENUE DU MAINE",,,Plein jour,En agglomération,Hors intersection,Normale,Deux véhicules - côté,,,,,,,,,,,1,2,1,1.0,3.0
201000063495,0010-04-12 11:30:00,10,4,12,11,30,750,114,"10, VILLA COEUR DE VEY",,,Plein jour,En agglomération,Hors intersection,Normale,Autre collision,,,,,,,,,,,1,2,1,1.0,6.0
201000063496,0010-04-12 18:30:00,10,4,12,18,30,750,114,"01, PLACE DENFERT ROCHER",,,Plein jour,En agglomération,Intersection à plus de 4 branches,Normale,Deux véhicules - côté,,,,,,,,,,,1,2,5,1.0,3.0
201000063497,0010-04-13 14:10:00,10,4,13,14,10,750,114,"143, BOULEVARD BRUNE",,,Plein jour,En agglomération,Intersection en X,Normale,Deux véhicules - côté,,,,,,,,,,,1,2,2,1.0,3.0
201000063498,0010-04-13 19:00:00,10,4,13,19,0,750,114,"26, RUE GASSENDI",,,Crépuscule ou aube,En agglomération,Hors intersection,Pluie légère,Deux véhicules - côté,,,,,,,,,,,2,2,1,2.0,3.0
201000063499,0010-04-16 22:30:00,10,4,16,22,30,750,114,"134, AVENUE DU GENERAL L",,,Nuit avec éclairage allumé,En agglomération,Intersection en T,Normale,Autre collision,,,,,,,,,,,5,2,3,1.0,6.0
201000063500,0010-04-17 04:10:00,10,4,17,4,10,750,114,"268, BOULEVARD RASPAIL",,,Nuit avec éclairage allumé,En agglomération,Intersection en Y,Normale,Deux véhicules - arrière,,,,,,,,,,,5,2,4,1.0,2.0
201000063501,0010-04-19 13:55:00,10,4,19,13,55,750,114,"35, RUE DIDOT",,,Plein jour,En agglomération,Intersection à plus de 4 branches,Normale,Deux véhicules - côté,,,,,,,,,,,1,2,5,1.0,3.0
201000063502,0010-04-20 19:15:00,10,4,20,19,15,750,114,"147, BOULEVARD BRUNE",,,Plein jour,En agglomération,Intersection à plus de 4 branches,Normale,Deux véhicules - côté,,,,,,,,,,,1,2,5,1.0,3.0
201000063503,0010-04-21 09:25:00,10,4,21,9,25,750,114,"53, BOULEVARD ROMAIN ROL",,,Plein jour,En agglomération,Hors intersection,Normale,Deux véhicules - côté,,,,,,,,,,,1,2,1,1.0,3.0
201000063504,0010-04-21 09:55:00,10,4,21,9,55,750,114,AVENUE DE LA PORTE D ORL,,,Plein jour,En agglomération,Intersection en Y,Normale,Deux véhicules - arrière,,,,,,,,,,,1,2,4,1.0,2.0
201000063505,0010-04-22 16:50:00,10,4,22,16,50,750,114,"83, BOULEVARD ARAGO",,,Plein jour,En agglomération,Intersection en X,Normale,Deux véhicules - côté,,,,,,,,,,,1,2,2,1.0,3.0
201000063506,0010-04-23 20:00:00,10,4,23,20,0,750,114,"235, RUE D ALESIA",,,Plein jour,En agglomération,Hors intersection,Normale,Autre collision,,,,,,,,,,,1,2,1,1.0,6.0
201000063507,0010-04-24 09:00:00,10,4,24,9,0,750,114,AVENUE DE LA PORTE DE CH,,,Plein jour,En agglomération,Hors intersection,Normale,Deux véhicules - arrière,,,,,,,,,,,1,2,1,1.0,2.0
201000063508,0010-04-24 19:40:00,10,4,24,19,40,750,114,"6, BOULEVARD JOURDAN",,,Plein jour,En agglomération,Hors intersection,Normale,Autre collision,,,,,,,,,,,1,2,1,1.0,6.0
201000063509,0010-04-25 21:40:00,10,4,25,21,40,750,114,"110, RUE DIDOT",,,Nuit avec éclairage allumé,En agglomération,Intersection en X,Normale,Autre collision,,,,,,,,,,,5,2,2,1.0,6.0
201000063510,0010-04-26 12:00:00,10,4,26,12,0,750,114,"12, PLACE DENFERT ROCHER",,,Plein jour,En agglomération,Intersection à plus de 4 branches,Normale,Sans collision,,,,,,,,,,,1,2,5,1.0,7.0
201000063511,0010-04-27 18:15:00,10,4,27,18,15,750,114,"68, RUE D ALESIA",,,Plein jour,En agglomération,Hors intersection,Normale,Autre collision,,,,,,,,,,,1,2,1,1.0,6.0
201000063512,0010-04-29 16:45:00,10,4,29,16,45,750,114,"203, BOULEVARD JOURDAN",,,Plein jour,En agglomération,Intersection à plus de 4 branches,Normale,Deux véhicules - arrière,,,,,,,,,,,1,2,5,1.0,2.0
201000063513,0010-04-30 16:40:00,10,4,30,16,40,750,114,BOULEVARD JOURDAN,,,Plein jour,En agglomération,Intersection en T,Normale,Deux véhicules - arrière,,,,,,,,,,,1,2,3,1.0,2.0
201000063514,0010-05-02 01:16:00,10,5,2,1,16,750,114,"42, RUE DIDOT",,,Nuit avec éclairage allumé,En agglomération,Intersection en X,Pluie légère,Deux véhicules - côté,,,,,,,,,,,5,2,2,2.0,3.0
201000063515,0010-05-02 07:30:00,10,5,2,7,30,750,114,"34, RUE DU DEPART",,,Plein jour,En agglomération,Hors intersection,Normale,Autre collision,,,,,,,,,,,1,2,1,1.0,6.0
201000063516,0010-05-02 14:40:00,10,5,2,14,40,750,114,"15, RUE DE L EURE",,,Plein jour,En agglomération,Hors intersection,Pluie légère,Autre collision,,,,,,,,,,,1,2,1,2.0,6.0
201000063517,0010-05-03 11:55:00,10,5,3,11,55,750,114,AVENUE DE L OBSERVATOIRE,,,Plein jour,En agglomération,Intersection à plus de 4 branches,Pluie légère,Deux véhicules - arrière,,,,,,,,,,,1,2,5,2.0,2.0
201000063518,0010-05-04 17:20:00,10,5,4,17,20,750,114,"32, RUE D ALESIA",,,Plein jour,En agglomération,Intersection à plus de 4 branches,Normale,Autre collision,,,,,,,,,,,1,2,5,1.0,6.0
201000063519,0010-05-05 16:45:00,10,5,5,16,45,750,114,"45, AVENUE PAUL APPELL",,,Plein jour,En agglomération,Intersection à plus de 4 branches,Normale,Deux véhicules - côté,,,,,,,,,,,1,2,5,1.0,3.0
201000063520,0010-05-05 18:55:00,10,5,5,18,55,750,114,"97, AVENUE DENFERT ROCHE",,,Plein jour,En agglomération,Intersection à plus de 4 branches,Normale,Sans collision,,,,,,,,,,,1,2,5,1.0,7.0
201000063521,0010-05-05 20:25:00,10,5,5,20,25,750,114,"165, AVENUE DU MAINE",,,Plein jour,En agglomération,Intersection en Y,Normale,Deux véhicules - côté,,,,,,,,,,,1,2,4,1.0,3.0
201000063522,0010-05-06 11:40:00,10,5,6,11,40,750,114,"286, BOULEVARD RASPAIL",,,Plein jour,En agglomération,Intersection en Y,Normale,Sans collision,,,,,,,,,,,1,2,4,1.0,7.0
201000063523,0010-05-06 19:20:00,10,5,6,19,20,750,114,"141, RUE VERCINGETORIX",,,Plein jour,En agglomération,Hors intersection,Normale,Deux véhicules - côté,,,,,,,,,,,1,2,1,1.0,3.0
201000063524,0010-05-11 08:15:00,10,5,11,8,15,750,114,"177, BOULEVARD BRUNE",,,Plein jour,En agglomération,Intersection en X,Pluie légère,Deux véhicules - côté,,,,,,,,,,,1,2,2,2.0,3.0
201000063525,0010-05-11 09:00:00,10,5,11,9,0,750,114,"15, AVENUE DAVID WEILL",,,Plein jour,En agglomération,Hors intersection,Pluie légère,Deux véhicules - côté,,,,,,,,,,,1,2,1,2.0,3.0
201000063526,0010-05-12 15:15:00,10,5,12,15,15,750,114,"232, BOULEVARD RASPAIL",,,Plein jour,Hors agglomération,Hors intersection,Normale,Deux véhicules - arrière,,,,,,,,,,,1,1,1,1.0,2.0
201000063527,0010-05-12 18:00:00,10,5,12,18,0,750,114,"91, RUE VERCINGETORIX",,,Plein jour,En agglomération,Hors intersection,Normale,Autre collision,,,,,,,,,,,1,2,1,1.0,6.0
201000063528,0010-05-12 18:35:00,10,5,12,18,35,750,114,"25, AVENUE ERNEST REYER",,,Plein jour,En agglomération,Hors intersection,Normale,Autre collision,,,,,,,,,,,1,2,1,1.0,6.0
201000063529,0010-05-15 14:50:00,10,5,15,14,50,750,114,BOULEVARD ARAGO,,,Plein jour,En agglomération,Intersection en X,Normale,Autre collision,,,,,,,,,,,1,2,2,1.0,6.0
201000063530,0010-05-18 16:10:00,10,5,18,16,10,750,114,"114, AVENUE DU GENERAL L",,,Plein jour,En agglomération,Hors intersection,Normale,Autre collision,,,,,,,,,,,1,2,1,1.0,6.0
201000063531,0010-05-19 08:50:00,10,5,19,8,50,750,114,"149, RUE D ALESIA",,,Plein jour,En agglomération,Intersection en T,Normale,Deux véhicules - côté,,,,,,,,,,,1,2,3,1.0,3.0