accident_id,datetime,annee,mois,jour,heure,minute,departement,commune_insee,adresse,latitude,longitude,luminosite,agglomeration,intersection,meteo,collision,nb_vehicules,nb_usagers,nb_indemnes,nb_tues,nb_blesses_hosp,nb_blesses_legers,age_cond_1,age_cond_2,veh_type_cond_1,veh_type_cond_2,lum_code,agg_code,int_code,atm_code,col_code
201000063658,0010-10-05 10:25:00,10,10,5,10,25,750,114,"261, BOULEVARD RASPAIL",,,Plein jour,En agglomération,Hors intersection,Pluie légère,Sans collision,,,,,,,,,,,1,2,1,2.0,7.0
201000063659,0010-10-05 21:25:00,10,10,5,21,25,750,114,"31, AVENUE DU GENERAL LE",,,Nuit avec éclairage allumé,En agglomération,Intersection en T,Pluie légère,Deux véhicules - frontale,,,,,,,,,,,5,2,3,2.0,1.0
201000063660,0010-10-06 02:20:00,10,10,6,2,20,750,114,"101, AVENUE DU GENERAL L",,,Nuit avec éclairage allumé,En agglomération,Hors intersection,Pluie légère,Deux véhicules - arrière,,,,,,,,,,,5,2,1,2.0,2.0
201000063661,0010-10-07 16:45:00,10,10,7,16,45,750,114,"68, BOULEVARD DU MONTPAR",,,Plein jour,En agglomération,Hors intersection,Normale,Autre collision,,,,,,,,,,,1,2,1,1.0,6.0
201000063662,0010-10-08 12:35:00,10,10,8,12,35,750,114,"39, RUE PERNETY",,,Plein jour,En agglomération,Hors intersection,Normale,Deux véhicules - arrière,,,,,,,,,,,1,2,1,1.0,2.0
201000063663,0010-10-08 16:15:00,10,10,8,16,15,750,114,"17, BOULEVARD SAINT JACQ",,,Plein jour,En agglomération,Intersection à plus de 4 branches,Normale,Deux véhicules - côté,,,,,,,,,,,1,2,5,1.0,3.0
201000063664,0010-10-10 06:15:00,10,10,10,6,15,750,114,"41, AVENUE DU GENERAL LE",,,Nuit avec éclairage allumé,En agglomération,Hors intersection,Normale,Sans collision,,,,,,,,,,,5,2,1,1.0,7.0
201000063665,0010-10-12 13:10:00,10,10,12,13,10,750,114,"12, PLACE DENFERT ROCHER",,,Plein jour,En agglomération,Intersection à plus de 4 branches,Normale,Autre collision,,,,,,,,,,,1,2,5,1.0,6.0
201000063666,0010-10-12 19:40:00,10,10,12,19,40,750,114,AVENUE DE LA PORTE DE CH,,,Nuit avec éclairage allumé,En agglomération,Intersection en Y,Normale,Deux véhicules - côté,,,,,,,,,,,5,2,4,1.0,3.0
201000063667,0010-10-12 20:30:00,10,10,12,20,30,750,114,"46, RUE D ALESIA",,,Nuit avec éclairage allumé,En agglomération,Intersection à plus de 4 branches,Normale,Autre collision,,,,,,,,,,,5,2,5,1.0,6.0
201000063668,0010-10-13 13:40:00,10,10,13,13,40,750,114,"37, RUE DU FAUBOURG SAIN",,,Plein jour,En agglomération,Intersection en T,Normale,Autre collision,,,,,,,,,,,1,2,3,1.0,6.0
201000063669,0010-10-15 00:40:00,10,10,15,0,40,750,114,"1, PLACE DE CATALOGNE",,,Nuit avec éclairage allumé,En agglomération,Intersection à plus de 4 branches,Normale,Deux véhicules - côté,,,,,,,,,,,5,2,5,1.0,3.0
201000063670,0010-10-20 17:30:00,10,10,20,17,30,750,114,"93, AVENUE PAUL VAILLANT",,,Plein jour,En agglomération,Hors intersection,Normale,Deux véhicules - côté,,,,,,,,,,,1,2,1,1.0,3.0
201000063671,0010-10-18 23:20:00,10,10,18,23,20,750,114,PLACE VICTOR ET HELENE B,,,Nuit avec éclairage allumé,En agglomération,Intersection à plus de 4 branches,Normale,Deux véhicules - côté,,,,,,,,,,,5,2,5,1.0,3.0
201000063672,0010-10-21 21:35:00,10,10,21,21,35,750,114,"100, RUE DE L OUEST",,,Nuit avec éclairage allumé,En agglomération,Intersection en T,Normale,Deux véhicules - côté,,,,,,,,,,,5,2,3,1.0,3.0
201000063673,0010-10-25 14:40:00,10,10,25,14,40,750,114,"40, AVENUE DU GENERAL LE",,,Plein jour,En agglomération,Intersection en T,Normale,Autre collision,,,,,,,,,,,1,2,3,1.0,6.0
201000063674,0010-10-25 20:20:00,10,10,25,20,20,750,114,"143, BOULEVARD ROMAIN RO",,,Nuit avec éclairage allumé,En agglomération,Intersection en X,Normale,Autre collision,,,,,,,,,,,5,2,2,1.0,6.0
201000063675,0010-10-25 20:00:00,10,10,25,20,0,750,114,"143, BOULEVARD ROMAIN RO",,,Nuit avec éclairage allumé,En agglomération,Intersection en X,Normale,Autre collision,,,,,,,,,,,5,2,2,1.0,6.0
201000063676,0010-10-26 21:30:00,10,10,26,21,30,750,114,RUE DE LA LEGION ETRANGE,,,Nuit avec éclairage allumé,En agglomération,Intersection en T,Normale,Autre collision,,,,,,,,,,,5,2,3,1.0,6.0
201000063677,0010-10-28 13:10:00,10,10,28,13,10,750,114,"82, AVENUE DU GENERAL LE",,,Plein jour,En agglomération,Intersection à plus de 4 branches,Normale,Sans collision,,,,,,,,,,,1,2,5,1.0,7.0
201000063678,0010-10-29 15:19:00,10,10,29,15,19,750,114,"87, AVENUE DU GENERAL LE",,,Plein jour,En agglomération,Hors intersection,Normale,Deux véhicules - côté,,,,,,,,,,,1,2,1,1.0,3.0
201000063679,0010-10-29 14:30:00,10,10,29,14,30,750,114,"53, AVENUE DU GENERAL LE",,,Plein jour,En agglomération,Intersection en X,Temps couvert,Deux véhicules - côté,,,,,,,,,,,1,2,2,8.0,3.0
201000063680,0010-11-03 20:05:00,10,11,3,20,5,750,114,"4, PLACE DU VINGT CINQ A",,,Nuit avec éclairage allumé,En agglomération,Intersection à plus de 4 branches,Normale,Autre collision,,,,,,,,,,,5,2,5,1.0,6.0
201000063681,0010-11-04 17:05:00,10,11,4,17,5,750,114,"2, RUE BROUSSAIS",,,Plein jour,En agglomération,Intersection en T,Normale,Autre collision,,,,,,,,,,,1,2,3,1.0,6.0
201000063682,0010-11-06 13:25:00,10,11,6,13,25,750,114,"121, AVENUE DU GENERAL L",,,Plein jour,En agglomération,Hors intersection,Pluie légère,Autre collision,,,,,,,,,,,1,2,1,2.0,6.0
201000063683,0010-11-09 09:10:00,10,11,9,9,10,750,114,"24, BOULEVARD JOURDAN",,,Plein jour,En agglomération,Hors intersection,Pluie légère,Autre collision,,,,,,,,,,,1,2,1,2.0,6.0
201000063684,0010-11-16 11:00:00,10,11,16,11,0,750,114,"166, RUE DU CHATEAU",,,Plein jour,En agglomération,Intersection en T,Normale,Deux véhicules - côté,,,,,,,,,,,1,2,3,1.0,3.0
201000063685,0010-11-16 12:10:00,10,11,16,12,10,750,114,"63, RUE DAGUERRE",,,Plein jour,En agglomération,Hors intersection,Normale,Autre collision,,,,,,,,,,,1,2,1,1.0,6.0
201000063686,0010-11-16 17:20:00,10,11,16,17,20,750,114,BOULEVARD ARAGO,,,Nuit avec éclairage allumé,En agglomération,Intersection en T,Normale,Deux véhicules - côté,,,,,,,,,,,5,2,3,1.0,3.0
201000063687,0010-11-18 21:05:00,10,11,18,21,5,750,114,"228, AVENUE DU MAINE",,,Nuit avec éclairage allumé,En agglomération,Hors intersection,Temps couvert,Deux véhicules - frontale,,,,,,,,,,,5,2,1,8.0,1.0
201000063688,0010-11-19 08:45:00,10,11,19,8,45,750,114,"17, BOULEVARD SAINT JACQ",,,Plein jour,En agglomération,Intersection à plus de 4 branches,Temps couvert,Autre collision,,,,,,,,,,,1,2,5,8.0,6.0
201000063689,0010-11-19 16:30:00,10,11,19,16,30,750,114,"82, AVENUE DENFERT ROCHE",,,Plein jour,En agglomération,Hors intersection,Normale,Autre collision,,,,,,,,,,,1,2,1,1.0,6.0
201000063690,0010-11-19 19:25:00,10,11,19,19,25,750,114,"23, RUE BROUSSAIS",,,Nuit avec éclairage allumé,En agglomération,Intersection en T,Pluie légère,Deux véhicules - frontale,,,,,,,,,,,5,2,3,2.0,1.0
201000063691,0010-11-22 08:45:00,10,11,22,8,45,750,114,AVENUE DAVID WEILL,,,Plein jour,En agglomération,Hors intersection,Normale,Sans collision,,,,,,,,,,,1,2,1,1.0,7.0
201000063692,0010-11-22 19:00:00,10,11,22,19,0,750,114,RUE D ALESIA,,,Nuit avec éclairage allumé,En agglomération,Intersection en X,Normale,Deux véhicules - côté,,,,,,,,,,,5,2,2,1.0,3.0
201000063693,0010-11-25 23:45:00,10,11,25,23,45,750,114,"3, BOULEVARD SAINT JACQU",,,Nuit avec éclairage allumé,En agglomération,Intersection en T,Pluie légère,Deux véhicules - côté,,,,,,,,,,,5,2,3,2.0,3.0
201000063694,0010-11-25 12:40:00,10,11,25,12,40,750,114,"68, BOULEVARD DU MONTPAR",,,Plein jour,En agglomération,Place,Normale,Autre collision,,,,,,,,,,,1,2,7,1.0,6.0
201000063695,0010-11-27 13:10:00,10,11,27,13,10,750,114,"15, RUE DES PLANTES",,,Plein jour,En agglomération,Intersection en T,Normale,Deux véhicules - arrière,,,,,,,,,,,1,2,3,1.0,2.0
201000063696,0010-11-29 09:20:00,10,11,29,9,20,750,114,"41, RUE FROIDEVAUX",,,Plein jour,En agglomération,Intersection en X,Pluie légère,Deux véhicules - arrière,,,,,,,,,,,1,2,2,2.0,2.0
201000063697,0010-11-30 08:45:00,10,11,30,8,45,750,114,"71, BOULEVARD ROMAIN ROL",,,Plein jour,En agglomération,Intersection en T,Normale,Deux véhicules - arrière,,,,,,,,,,,1,2,3,1.0,2.0
201000063698,0010-11-30 18:25:00,10,11,30,18,25,750,114,"4, RUE D ALESIA",,,Nuit avec éclairage allumé,En agglomération,Hors intersection,Normale,Autre collision,,,,,,,,,,,5,2,1,1.0,6.0
201000063699,0010-12-01 21:20:00,10,12,1,21,20,750,114,RUE JULIA BARTET,,,Nuit avec éclairage allumé,En agglomération,Intersection en X,Autre,Trois véhicules et plus - en chaîne,,,,,,,,,,,5,2,2,9.0,4.0
201000063700,0010-12-03 18:00:00,10,12,3,18,0,750,114,"176, RUE D ALESIA",,,Nuit avec éclairage allumé,En agglomération,Intersection en T,Temps couvert,Trois véhicules et plus - collisions multiples,,,,,,,,,,,5,2,3,8.0,5.0
201000063701,0010-12-06 07:40:00,10,12,6,7,40,750,114,"31, RUE DU COMMANDANT RE",,,Plein jour,En agglomération,Hors intersection,Pluie légère,Deux véhicules - côté,,,,,,,,,,,1,2,1,2.0,3.0
201000063702,0010-12-07 10:10:00,10,12,7,10,10,750,114,"77, AVENUE DENFERT ROCHE",,,Plein jour,En agglomération,Hors intersection,Temps couvert,Sans collision,,,,,,,,,,,1,2,1,8.0,7.0
201000063703,0010-12-07 10:40:00,10,12,7,10,40,750,114,"3, RUE DE LA GAITE",,,Plein jour,En agglomération,Hors intersection,Normale,Trois véhicules et plus - en chaîne,,,,,,,,,,,1,2,1,1.0,4.0
201000063704,0010-12-07 14:00:00,10,12,7,14,0,750,114,"55, AVENUE RENE COTY",,,Plein jour,En agglomération,Hors intersection,Neige / grêle,Deux véhicules - côté,,,,,,,,,,,1,2,1,4.0,3.0
201000063705,0010-12-07 19:05:00,10,12,7,19,5,750,114,"170, RUE D ALESIA",,,Nuit avec éclairage allumé,En agglomération,Intersection en X,Pluie légère,Deux véhicules - côté,,,,,,,,,,,5,2,2,2.0,3.0
201000063706,0010-12-09 21:00:00,10,12,9,21,0,750,114,"70, BOULEVARD DU MONTPAR",,,Nuit avec éclairage allumé,En agglomération,Hors intersection,Autre,Autre collision,,,,,,,,,,,5,2,1,9.0,6.0
201000063707,0010-12-11 13:00:00,10,12,11,13,0,750,114,"120, RUE D ALESIA",,,Plein jour,En agglomération,Intersection en T,Normale,Sans collision,,,,,,,,,,,1,2,3,1.0,7.0
201000063708,0010-12-11 21:00:00,10,12,11,21,0,750,114,"98, BOULEVARD JOURDAN",,,Nuit avec éclairage allumé,En agglomération,Intersection en X,Pluie légère,Deux véhicules - arrière,,,,,,,,,,,5,2,2,2.0,2.0
201000063709,0010-12-12 11:20:00,10,12,12,11,20,750,114,BOULEVARD ARAGO,,,Plein jour,En agglomération,Intersection en X,Normale,Deux véhicules - côté,,,,,,,,,,,1,2,2,1.0,3.0
201000063710,0010-12-15 06:20:00,10,12,15,6,20,750,114,"43, AVENUE DU GENERAL LE",,,Nuit avec éclairage allumé,En agglomération,Intersection en X,Normale,Deux véhicules - arrière,,,,,,,,,,,5,2,2,1.0,2.0
201000063711,0010-12-16 15:30:00,10,12,16,15,30,750,114,"01, RUE JACQUIER",,,Plein jour,En agglomération,Intersection en T,Pluie légère,Autre collision,,,,,,,,,,,1,2,3,2.0,6.0
201000063712,0010-12-17 12:10:00,10,12,17,12,10,750,114,"154, RUE D ALESIA",,,Plein jour,En agglomération,Hors intersection,Normale,Deux véhicules - côté,,,,,,,,,,,1,2,1,1.0,3.0
201000063713,0010-12-17 15:50:00,10,12,17,15,50,750,114,BOULEVARD PERIPHERIQUE,,,Plein jour,En agglomération,Intersection en Y,Normale,Deux véhicules - arrière,,,,,,,,,,,1,2,4,1.0,2.0
201000063714,0010-12-19 06:40:00,10,12,19,6,40,750,114,RUE D ALESIA,,,Nuit avec éclairage allumé,En agglomération,Intersection en X,Neige / grêle,Autre collision,,,,,,,,,,,5,2,2,4.0,6.0
201000063715,0010-12-23 15:50:00,10,12,23,15,50,750,114,"150, BOULEVARD DU MONTPA",,,Plein jour,En agglomération,Hors intersection,Neige / grêle,Sans collision,,,,,,,,,,,1,2,1,4.0,7.0
201000063716,0010-12-28 15:15:00,10,12,28,15,15,750,114,"62, RUE D ALESIA",,,Plein jour,En agglomération,Intersection à plus de 4 branches,Pluie légère,Autre collision,,,,,,,,,,,1,2,5,2.0,6.0
201000063717,0010-12-30 21:35:00,10,12,30,21,35,750,114,BOULEVARD JOURDAN,,,Nuit avec éclairage allumé,En agglomération,Intersection en X,Normale,Deux véhicules - côté,,,,,,,,,,,5,2,2,1.0,3.0
201000063718,0010-12-31 16:18:00,10,12,31,16,18,750,114,"12, AVENUE DE LA PORTE D",,,Plein jour,En agglomération,Intersection en T,Normale,Deux véhicules - côté,,,,,,,,,,,1,2,3,1.0,3.0
201000063719,0010-08-25 00:20:00,10,8,25,0,20,750,114,"84, BOULEVARD DU MONTPAR",,,Nuit avec éclairage allumé,En agglomération,Intersection en X,Normale,Deux véhicules - côté,,,,,,,,,,,5,2,2,1.0,3.0
201000063720,0010-01-21 18:20:00,10,1,21,18,20,750,114,"141, AVENUE DU MAINE",,,Nuit avec éclairage allumé,En agglomération,Intersection en Y,Normale,Deux véhicules - côté,,,,,,,,,,,5,2,4,1.0,3.0
201000063721,0010-01-08 16:30:00,10,1,8,16,30,750,115,"33, BOULEVARD LEFEBVRE",,,Crépuscule ou aube,En agglomération,Hors intersection,Temps couvert,Deux véhicules - côté,,,,,,,,,,,2,2,1,8.0,3.0
201000063722,0010-01-10 06:25:00,10,1,10,6,25,750,115,QUAI ANDRE CITROEN,,,Nuit avec éclairage allumé,En agglomération,Intersection en X,Neige / grêle,Autre collision,,,,,,,,,,,5,2,2,4.0,6.0
201000063723,0010-01-11 18:45:00,10,1,11,18,45,750,115,"56, RUE D ALLERAY",,,Nuit avec éclairage allumé,En agglomération,Intersection en T,Temps couvert,Autre collision,,,,,,,,,,,5,2,3,8.0,6.0
201000063724,0010-01-12 00:10:00,10,1,12,0,10,750,115,"2, AVENUE DE LA PORTE BR",,,Nuit avec éclairage allumé,En agglomération,Intersection en X,Normale,Autre collision,,,,,,,,,,,5,2,2,1.0,6.0
201000063725,0010-01-12 02:20:00,10,1,12,2,20,750,115,PLACE DES MARTYRS JUIFS,,,Nuit avec éclairage allumé,En agglomération,Intersection à plus de 4 branches,Temps couvert,Autre collision,,,,,,,,,,,5,2,5,8.0,6.0
201000063726,0010-01-12 13:30:00,10,1,12,13,30,750,115,"108, RUE DE LA CONVENTIO",,,Plein jour,En agglomération,Intersection en X,Normale,Deux véhicules - côté,,,,,,,,,,,1,2,2,1.0,3.0
201000063727,0010-01-13 11:20:00,10,1,13,11,20,750,115,"20, RUE DE L ABBE GROULT",,,Plein jour,En agglomération,Intersection en X,Normale,Deux véhicules - côté,,,,,,,,,,,1,2,2,1.0,3.0
201000063728,0010-01-14 00:15:00,10,1,14,0,15,750,115,BOULEVARD DE GRENELLE,,,Nuit avec éclairage allumé,En agglomération,Intersection à plus de 4 branches,Pluie légère,Autre collision,,,,,,,,,,,5,2,5,2.0,6.0
201000063729,0010-01-14 11:10:00,10,1,14,11,10,750,115,"264, RUE DE VAUGIRARD",,,Plein jour,En agglomération,Intersection en T,Normale,Autre collision,,,,,,,,,,,1,2,3,1.0,6.0
201000063730,0010-01-14 13:00:00,10,1,14,13,0,750,115,"149, RUE DE VAUGIRARD",,,Plein jour,En agglomération,Hors intersection,Normale,Autre collision,,,,,,,,,,,1,2,1,1.0,6.0
201000063731,0010-01-14 17:00:00,10,1,14,17,0,750,115,"148, AVENUE EMILE ZOLA",,,Crépuscule ou aube,En agglomération,Hors intersection,Normale,Deux véhicules - côté,,,,,,,,,,,2,2,1,1.0,3.0
201000063732,0010-01-18 15:45:00,10,1,18,15,45,750,115,"2, RUE DE L ARRIVEE",,,Plein jour,En agglomération,Intersection en T,Normale,Deux véhicules - côté,,,,,,,,,,,1,2,3,1.0,3.0
201000063733,0010-01-20 18:45:00,10,1,20,18,45,750,115,"196, RUE DE LA CONVENTIO",,,Nuit avec éclairage allumé,En agglomération,Intersection en X,Normale,Deux véhicules - côté,,,,,,,,,,,5,2,2,1.0,3.0
201000063734,0010-01-21 09:35:00,10,1,21,9,35,750,115,"201, RUE LECOURBE",,,Plein jour,En agglomération,Intersection en T,Normale,Autre collision,,,,,,,,,,,1,2,3,1.0,6.0
201000063735,0010-01-21 17:45:00,10,1,21,17,45,750,115,"125, BOULEVARD DE GRENEL",,,Nuit avec éclairage allumé,En agglomération,Hors intersection,Normale,Autre collision,,,,,,,,,,,5,2,1,1.0,6.0
201000063736,0010-01-22 12:30:00,10,1,22,12,30,750,115,AVENUE DE LA PORTE DE SE,,,Plein jour,En agglomération,Intersection en Y,Normale,Autre collision,,,,,,,,,,,1,2,4,1.0,6.0
201000063737,0010-01-23 20:20:00,10,1,23,20,20,750,115,"98, RUE DE LA CONVENTION",,,Nuit avec éclairage allumé,En agglomération,Hors intersection,Normale,Deux véhicules - côté,,,,,,,,,,,5,2,1,1.0,3.0
201000063738,0010-01-24 15:25:00,10,1,24,15,25,750,115,"100, RUE DE LA CONVENTIO",,,Plein jour,En agglomération,Hors intersection,Temps couvert,Deux véhicules - côté,,,,,,,,,,,1,2,1,8.0,3.0
201000063739,0010-01-24 19:40:00,10,1,24,19,40,750,115,"227, RUE DE LA CONVENTIO",,,Nuit avec éclairage allumé,En agglomération,Intersection à plus de 4 branches,Pluie légère,Deux véhicules - côté,,,,,,,,,,,5,2,5,2.0,3.0
201000063740,0010-01-25 19:05:00,10,1,25,19,5,750,115,PLACE ROBERT GUILLEMARD,,,Nuit avec éclairage allumé,En agglomération,Intersection à plus de 4 branches,Normale,Autre collision,,,,,,,,,,,5,2,5,1.0,6.0
201000063741,0010-01-29 02:15:00,10,1,29,2,15,750,115,"31, RUE DE VOUILLE",,,Nuit avec éclairage allumé,En agglomération,Hors intersection,Pluie légère,Autre collision,,,,,,,,,,,5,2,1,2.0,6.0
201000063742,0010-01-30 14:45:00,10,1,30,14,45,750,115,"285, RUE DE VAUGIRARD",,,Plein jour,En agglomération,Intersection en Y,Pluie légère,Trois véhicules et plus - en chaîne,,,,,,,,,,,1,2,4,2.0,4.0
201000063743,0010-01-30 15:45:00,10,1,30,15,45,750,115,"38 Bis, RUE DES ENTREPRE",,,Plein jour,En agglomération,Intersection à plus de 4 branches,Normale,Autre collision,,,,,,,,,,,1,2,5,1.0,6.0
201000063744,0010-01-31 14:00:00,10,1,31,14,0,750,115,"74, BOULEVARD GARIBALDI",,,Plein jour,En agglomération,Hors intersection,Normale,Autre collision,,,,,,,,,,,1,2,1,1.0,6.0
201000063745,0010-02-01 15:35:00,10,2,1,15,35,750,115,"103, RUE CAMBRONNE",,,Plein jour,En agglomération,Intersection en X,Normale,Autre collision,,,,,,,,,,,1,2,2,1.0,6.0
201000063746,0010-02-02 11:20:00,10,2,2,11,20,750,115,"235, RUE DE VAUGIRARD",,,Plein jour,En agglomération,Intersection en T,Pluie légère,Autre collision,,,,,,,,,,,1,2,3,2.0,6.0
201000063747,0010-02-02 18:10:00,10,2,2,18,10,750,115,"11, PLACE HENRI QUEUILLE",,,Nuit avec éclairage allumé,En agglomération,Intersection à plus de 4 branches,Temps couvert,Autre collision,,,,,,,,,,,5,2,5,8.0,6.0
201000063748,0010-02-02 20:05:00,10,2,2,20,5,750,115,"01, QUAI ANDRE CITROEN",,,Nuit avec éclairage allumé,En agglomération,Intersection à plus de 4 branches,Temps couvert,Trois véhicules et plus - en chaîne,,,,,,,,,,,5,2,5,8.0,4.0
201000063749,0010-02-03 18:40:00,10,2,3,18,40,750,115,"02, RUE DU COMMERCE",,,Nuit avec éclairage allumé,En agglomération,Intersection en X,Normale,Autre collision,,,,,,,,,,,5,2,2,1.0,6.0
201000063750,0010-02-04 07:50:00,10,2,4,7,50,750,115,"50, BOULEVARD DE VAUGIRA",,,Plein jour,En agglomération,Intersection en T,Normale,Autre collision,,,,,,,,,,,1,2,3,1.0,6.0
201000063751,0010-02-04 16:15:00,10,2,4,16,15,750,115,"10, AVENUE DU MAINE",,,Plein jour,En agglomération,Intersection en T,Normale,Trois véhicules et plus - en chaîne,,,,,,,,,,,1,2,3,1.0,4.0
201000063752,0010-02-06 20:15:00,10,2,6,20,15,750,115,"212, RUE DE LA CONVENTIO",,,Nuit avec éclairage allumé,En agglomération,Intersection en X,Pluie légère,Deux véhicules - côté,,,,,,,,,,,5,2,2,2.0,3.0
201000063753,0010-02-09 19:05:00,10,2,9,19,5,750,115,"71, RUE DES MORILLONS",,,Nuit avec éclairage allumé,En agglomération,Intersection en X,Pluie légère,Sans collision,,,,,,,,,,,5,2,2,2.0,7.0
201000063754,0010-02-09 21:00:00,10,2,9,21,0,750,115,"66, BOULEVARD GARIBALDI",,,Nuit avec éclairage allumé,En agglomération,Intersection en Y,Normale,Autre collision,,,,,,,,,,,5,2,4,1.0,6.0
201000063755,0010-02-10 17:30:00,10,2,10,17,30,750,115,"208, RUE LECOURBE",,,Plein jour,En agglomération,Intersection en T,Normale,Autre collision,,,,,,,,,,,1,2,3,1.0,6.0
201000063756,0010-02-11 07:50:00,10,2,11,7,50,750,115,"45 bis, RUE DE VOUILLE",,,Plein jour,En agglomération,Intersection en X,Neige / grêle,Deux véhicules - côté,,,,,,,,,,,1,2,2,4.0,3.0
201000063757,0010-02-12 14:40:00,10,2,12,14,40,750,115,"183, RUE DE VAUGIRARD",,,Plein jour,En agglomération,Intersection à plus de 4 branches,Normale,Autre collision,,,,,,,,,,,1,2,5,1.0,6.0
201000063758,0010-02-12 17:25:00,10,2,12,17,25,750,106,"4, RUE MAYET",,,Plein jour,En agglomération,Hors intersection,Normale,Autre collision,,,,,,,,,,,1,2,1,1.0,6.0
201000063759,0010-02-15 08:05:00,10,2,15,8,5,750,115,"51, QUAI DE GRENELLE",,,Plein jour,En agglomération,Hors intersection,Temps couvert,Sans collision,,,,,,,,,,,1,2,1,8.0,7.0
201000063760,0010-02-16 17:45:00,10,2,16,17,45,750,115,"235 bis, RUE DE VAUGIRAR",,,Crépuscule ou aube,En agglomération,Intersection en T,Normale,Autre collision,,,,,,,,,,,2,2,3,1.0,6.0
201000063761,0010-02-16 21:20:00,10,2,16,21,20,750,115,RUE SAINT CHARLES,,,Nuit avec éclairage allumé,En agglomération,Intersection en T,Normale,Autre collision,,,,,,,,,,,5,2,3,1.0,6.0
201000063762,0010-02-17 20:05:00,10,2,17,20,5,750,115,"68, RUE DE VOUILLE",,,Nuit avec éclairage allumé,En agglomération,Intersection à plus de 4 branches,Pluie légère,Autre collision,,,,,,,,,,,5,2,5,2.0,6.0
201000063763,0010-02-17 20:15:00,10,2,17,20,15,750,115,"7, PLACE VIOLET",,,Nuit avec éclairage allumé,En agglomération,Intersection à plus de 4 branches,Pluie légère,Autre collision,,,,,,,,,,,5,2,5,2.0,6.0
201000063764,0010-02-18 10:20:00,10,2,18,10,20,750,115,BOULEVARD GENERAL MARTIA,,,Plein jour,En agglomération,Intersection en T,Normale,Deux véhicules - côté,,,,,,,,,,,1,2,3,1.0,3.0
201000063765,0010-02-18 12:45:00,10,2,18,12,45,750,115,RUE DE VAUGIRARD,,,Plein jour,En agglomération,Intersection en X,Normale,Deux véhicules - côté,,,,,,,,,,,1,2,2,1.0,3.0
201000063766,0010-02-18 14:55:00,10,2,18,14,55,750,115,"140, RUE DE VAUGIRARD",,,Plein jour,En agglomération,Intersection à plus de 4 branches,Normale,Sans collision,,,,,,,,,,,1,2,5,1.0,7.0
201000063767,0010-02-19 23:30:00,10,2,19,23,30,750,115,"123, AVENUE FELIX FAURE",,,Nuit avec éclairage allumé,En agglomération,Hors intersection,Normale,Autre collision,,,,,,,,,,,5,2,1,1.0,6.0
201000063768,0010-02-19 15:10:00,10,2,19,15,10,750,115,"8, AVENUE DU MAINE",,,Plein jour,En agglomération,Hors intersection,Normale,Deux véhicules - côté,,,,,,,,,,,1,2,1,1.0,3.0
201000063769,0010-02-19 16:45:00,10,2,19,16,45,750,115,BOULEVARD PERIPHERIQUE E,,,Plein jour,En agglomération,Hors intersection,Normale,Trois véhicules et plus - en chaîne,,,,,,,,,,,1,2,1,1.0,4.0
201000063770,0010-02-20 06:30:00,10,2,20,6,30,750,115,QUAI DE GRENELLE,,,Crépuscule ou aube,En agglomération,Intersection à plus de 4 branches,Pluie légère,Autre collision,,,,,,,,,,,2,2,5,2.0,6.0
201000063771,0010-02-22 15:40:00,10,2,22,15,40,750,115,BOULEVARD GENERAL MARTIA,,,Plein jour,En agglomération,Intersection en X,Normale,Deux véhicules - côté,,,,,,,,,,,1,2,2,1.0,3.0
201000063772,0010-02-23 17:35:00,10,2,23,17,35,750,115,QUAI BRANLY,,,Plein jour,En agglomération,Intersection en T,Normale,Autre collision,,,,,,,,,,,1,2,3,1.0,6.0
201000063773,0010-02-24 17:55:00,10,2,24,17,55,750,115,"33, RUE VASCO DE GAMA",,,Plein jour,En agglomération,Hors intersection,Normale,Autre collision,,,,,,,,,,,1,2,1,1.0,6.0
201000063774,0010-02-25 11:00:00,10,2,25,11,0,750,115,"30, RUE LECOURBE",,,Plein jour,En agglomération,Hors intersection,Normale,Autre collision,,,,,,,,,,,1,2,1,1.0,6.0
201000063775,0010-02-25 14:00:00,10,2,25,14,0,750,115,"2, PLACE DU GENERAL BEUR",,,Plein jour,En agglomération,Intersection en Y,Pluie forte,Autre collision,,,,,,,,,,,1,2,4,3.0,6.0
201000063776,0010-02-25 22:30:00,10,2,25,22,30,750,115,"250, RUE DE VAUGIRARD",,,Nuit avec éclairage allumé,En agglomération,Hors intersection,Normale,Autre collision,,,,,,,,,,,5,2,1,1.0,6.0
201000063777,0010-02-26 16:05:00,10,2,26,16,5,750,115,"175, RUE DE LOURMEL",,,Plein jour,En agglomération,Intersection en X,Normale,Autre collision,,,,,,,,,,,1,2,2,1.0,6.0
201000063778,0010-02-26 16:39:00,10,2,26,16,39,750,115,"199, RUE DE VAUGIRARD",,,Plein jour,En agglomération,Intersection en T,Normale,Deux véhicules - côté,,,,,,,,,,,1,2,3,1.0,3.0
201000063779,0010-03-01 13:00:00,10,3,1,13,0,750,115,"94, BOULEVARD LEFEBVRE",,,Plein jour,En agglomération,Intersection en X,Normale,Deux véhicules - côté,,,,,,,,,,,1,2,2,1.0,3.0
201000063780,0010-03-02 00:01:00,10,3,2,0,1,750,115,"9, PLACE CHARLES MICHELS",,,Nuit avec éclairage allumé,En agglomération,Intersection à plus de 4 branches,Pluie légère,Autre collision,,,,,,,,,,,5,2,5,2.0,6.0