accident_id,datetime,annee,mois,jour,heure,minute,departement,commune_insee,adresse,latitude,longitude,luminosite,agglomeration,intersection,meteo,collision,nb_vehicules,nb_usagers,nb_indemnes,nb_tues,nb_blesses_hosp,nb_blesses_legers,age_cond_1,age_cond_2,veh_type_cond_1,veh_type_cond_2,lum_code,agg_code,int_code,atm_code,col_code
201000063781,0010-03-02 16:05:00,10,3,2,16,5,750,115,"62, RUE CAMBRONNE",,,Plein jour,En agglomération,Hors intersection,Normale,Deux véhicules - côté,,,,,,,,,,,1,2,1,1.0,3.0
201000063782,0010-03-02 19:25:00,10,3,2,19,25,750,115,"68, AVENUE DE SUFFREN",,,Nuit avec éclairage allumé,En agglomération,Intersection en T,Normale,Deux véhicules - côté,,,,,,,,,,,5,2,3,1.0,3.0
201000063783,0010-03-03 11:40:00,10,3,3,11,40,750,115,"33, RUE LINOIS",,,Plein jour,En agglomération,Intersection en X,Normale,Autre collision,,,,,,,,,,,1,2,2,1.0,6.0
201000063784,0010-03-03 16:50:00,10,3,3,16,50,750,115,"57, BOULEVARD LEFEBVRE",,,Plein jour,En agglomération,Intersection à plus de 4 branches,Normale,Autre collision,,,,,,,,,,,1,2,5,1.0,6.0
201000063785,0010-03-04 17:50:00,10,3,4,17,50,750,115,"2, AVENUE EMILE ZOLA",,,Plein jour,En agglomération,Intersection à plus de 4 branches,Normale,Autre collision,,,,,,,,,,,1,2,5,1.0,6.0
201000063786,0010-03-04 21:55:00,10,3,4,21,55,750,115,"79, RUE DE LA CONVENTION",,,Nuit avec éclairage allumé,En agglomération,Hors intersection,Normale,Deux véhicules - côté,,,,,,,,,,,5,2,1,1.0,3.0
201000063787,0010-03-05 13:30:00,10,3,5,13,30,750,115,"197, RUE DE LA CROIX NIV",,,Plein jour,En agglomération,Intersection en X,Normale,Autre collision,,,,,,,,,,,1,2,2,1.0,6.0
201000063788,0010-03-07 12:50:00,10,3,7,12,50,750,115,"46 bis, BOULEVARD DU MON",,,Plein jour,En agglomération,Intersection en T,Normale,Autre collision,,,,,,,,,,,1,2,3,1.0,6.0
201000063789,0010-03-07 12:15:00,10,3,7,12,15,750,115,RUE DE LA CONVENTION,,,Plein jour,En agglomération,Intersection en X,Normale,Deux véhicules - côté,,,,,,,,,,,1,2,2,1.0,3.0
201000063790,0010-03-08 19:10:00,10,3,8,19,10,750,115,"60, RUE DE LA CONVENTION",,,Nuit avec éclairage allumé,En agglomération,Intersection en X,Normale,Deux véhicules - côté,,,,,,,,,,,5,2,2,1.0,3.0
201000063791,0010-03-09 09:20:00,10,3,9,9,20,750,115,PLACE BALARD,,,Plein jour,En agglomération,Intersection à plus de 4 branches,Normale,Deux véhicules - côté,,,,,,,,,,,1,2,5,1.0,3.0
201000063792,0010-03-09 14:00:00,10,3,9,14,0,750,115,BOULEVARD LEFEBVRE,,,Plein jour,En agglomération,Intersection à plus de 4 branches,Normale,Deux véhicules - côté,,,,,,,,,,,1,2,5,1.0,3.0
201000063793,0010-03-09 18:20:00,10,3,9,18,20,750,115,PORT DE JAVEL,,,Plein jour,En agglomération,Hors intersection,Normale,Autre collision,,,,,,,,,,,1,2,1,1.0,6.0
201000063794,0010-03-10 12:15:00,10,3,10,12,15,750,115,"22, RUE DE CRONSTADT",,,Plein jour,En agglomération,Hors intersection,Normale,Deux véhicules - côté,,,,,,,,,,,1,2,1,1.0,3.0
201000063795,0010-03-10 13:30:00,10,3,10,13,30,750,115,"150, AVENUE FELIX FAURE",,,Plein jour,En agglomération,Hors intersection,Normale,Autre collision,,,,,,,,,,,1,2,1,1.0,6.0
201000063796,0010-03-10 21:07:00,10,3,10,21,7,750,115,"101, AVENUE FELIX FAURE",,,Nuit avec éclairage allumé,En agglomération,Hors intersection,Normale,Deux véhicules - côté,,,,,,,,,,,5,2,1,1.0,3.0
201000063797,0010-03-11 10:35:00,10,3,11,10,35,750,115,"13, RUE DE LA PROCESSION",,,Plein jour,En agglomération,Hors intersection,Normale,Deux véhicules - côté,,,,,,,,,,,1,2,1,1.0,3.0
201000063798,0010-03-11 14:10:00,10,3,11,14,10,750,115,"29, BOULEVARD VICTOR",,,Plein jour,En agglomération,Hors intersection,Normale,Sans collision,,,,,,,,,,,1,2,1,1.0,7.0
201000063799,0010-03-15 10:40:00,10,3,15,10,40,750,115,"50, RUE DU THEATRE",,,Plein jour,En agglomération,Intersection en T,Normale,Deux véhicules - côté,,,,,,,,,,,1,2,3,1.0,3.0
201000063800,0010-03-15 13:39:00,10,3,15,13,39,750,115,"116, RUE LECOURBE",,,Plein jour,En agglomération,Intersection à plus de 4 branches,Normale,Autre collision,,,,,,,,,,,1,2,5,1.0,6.0
201000063801,0010-03-17 17:00:00,10,3,17,17,0,750,115,"12, RUE LOUIS ARMAND",,,Plein jour,En agglomération,Hors intersection,Normale,Autre collision,,,,,,,,,,,1,2,1,1.0,6.0
201000063802,0010-03-17 20:30:00,10,3,17,20,30,750,115,"03, RUE DU PROFESSEUR FL",,,Plein jour,En agglomération,Hors intersection,Normale,Deux véhicules - arrière,,,,,,,,,,,1,2,1,1.0,2.0
201000063803,0010-03-18 11:15:00,10,3,18,11,15,750,115,"70, RUE VASCO DE GAMA",,,Plein jour,En agglomération,Hors intersection,Normale,Deux véhicules - arrière,,,,,,,,,,,1,2,1,1.0,2.0
201000063804,0010-03-18 14:05:00,10,3,18,14,5,750,115,"120, BOULEVARD DE GRENEL",,,Plein jour,En agglomération,Hors intersection,Normale,Deux véhicules - côté,,,,,,,,,,,1,2,1,1.0,3.0
201000063805,0010-03-18 18:35:00,10,3,18,18,35,750,115,"64, AVENUE FELIX FAURE",,,Crépuscule ou aube,En agglomération,Intersection en X,Normale,Autre collision,,,,,,,,,,,2,2,2,1.0,6.0
201000063806,0010-03-16 16:35:00,10,3,16,16,35,750,115,"54, RUE DU COMMERCE",,,Plein jour,En agglomération,Intersection en X,Normale,Autre collision,,,,,,,,,,,1,2,2,1.0,6.0
201000063807,0010-03-20 20:10:00,10,3,20,20,10,750,115,QUAI D ISSY LES MOULINEA,,,Nuit avec éclairage allumé,En agglomération,Hors intersection,Pluie légère,Autre collision,,,,,,,,,,,5,2,1,2.0,6.0
201000063808,0010-03-20 21:00:00,10,3,20,21,0,750,115,"43, RUE DE LA CONVENTION",,,Nuit avec éclairage allumé,En agglomération,Hors intersection,Pluie forte,Autre collision,,,,,,,,,,,5,2,1,3.0,6.0
201000063809,0010-03-21 19:20:00,10,3,21,19,20,750,115,"0, RUE DE LOURMEL",,,Nuit avec éclairage allumé,En agglomération,Intersection en X,Normale,Deux véhicules - côté,,,,,,,,,,,5,2,2,1.0,3.0
201000063810,0010-03-22 10:35:00,10,3,22,10,35,750,115,"47 b, RUE DE LOURMEL",,,Plein jour,En agglomération,Hors intersection,Normale,Autre collision,,,,,,,,,,,1,2,1,1.0,6.0
201000063811,0010-03-22 17:00:00,10,3,22,17,0,750,115,"13, RUE DES VOLONTAIRES",,,Plein jour,En agglomération,Hors intersection,Normale,Autre collision,,,,,,,,,,,1,2,1,1.0,6.0
201000063812,0010-03-23 13:15:00,10,3,23,13,15,750,115,QUAI DE GRENELLE,,,Plein jour,En agglomération,Intersection à plus de 4 branches,Normale,Deux véhicules - côté,,,,,,,,,,,1,2,5,1.0,3.0
201000063813,0010-03-23 19:40:00,10,3,23,19,40,750,115,"36, RUE DU COMMERCE",,,Nuit avec éclairage allumé,En agglomération,Intersection à plus de 4 branches,Normale,Autre collision,,,,,,,,,,,5,2,5,1.0,6.0
201000063814,0010-03-24 09:10:00,10,3,24,9,10,750,115,BOULEVARD GARIBALDI,,,Plein jour,En agglomération,Intersection à plus de 4 branches,Normale,Autre collision,,,,,,,,,,,1,2,5,1.0,6.0
201000063815,0010-03-24 14:00:00,10,3,24,14,0,750,115,"1, PLACE ADOLPHE CHERIOU",,,Plein jour,En agglomération,Intersection à plus de 4 branches,Normale,Autre collision,,,,,,,,,,,1,2,5,1.0,6.0
201000063816,0010-03-24 18:15:00,10,3,24,18,15,750,115,"9, AVENUE DE SUFFREN",,,Plein jour,En agglomération,Hors intersection,Normale,Trois véhicules et plus - collisions multiples,,,,,,,,,,,1,2,1,1.0,5.0
201000063817,0010-03-25 20:00:00,10,3,25,20,0,750,115,RUE LECOURBE,,,Crépuscule ou aube,En agglomération,Intersection en T,Normale,Deux véhicules - arrière,,,,,,,,,,,2,2,3,1.0,2.0
201000063818,0010-03-26 12:15:00,10,3,26,12,15,750,115,"68, BOULEVARD PASTEUR",,,Plein jour,En agglomération,Intersection à plus de 4 branches,Pluie légère,Deux véhicules - côté,,,,,,,,,,,1,2,5,2.0,3.0
201000063819,0010-03-26 23:30:00,10,3,26,23,30,750,115,RUE CAMBRONNE,,,Nuit avec éclairage allumé,En agglomération,Intersection à plus de 4 branches,Normale,Deux véhicules - côté,,,,,,,,,,,5,2,5,1.0,3.0
201000063820,0010-03-27 02:15:00,10,3,27,2,15,750,115,"230, RUE DE VAUGIRARD",,,Nuit avec éclairage allumé,En agglomération,Hors intersection,Normale,Autre collision,,,,,,,,,,,5,2,1,1.0,6.0
201000063821,0010-03-30 15:05:00,10,3,30,15,5,750,115,RUE DE SEVRES,,,Plein jour,En agglomération,Intersection en X,Pluie légère,Deux véhicules - côté,,,,,,,,,,,1,2,2,2.0,3.0
201000063822,0010-03-31 11:10:00,10,3,31,11,10,750,115,QUAI D ISSY LES MOULINEA,,,Plein jour,En agglomération,Hors intersection,Normale,Deux véhicules - arrière,,,,,,,,,,,1,2,1,1.0,2.0
201000063823,0010-03-31 19:00:00,10,3,31,19,0,750,115,"115, BOULEVARD DE GRENEL",,,Plein jour,En agglomération,Intersection en T,Normale,Autre collision,,,,,,,,,,,1,2,3,1.0,6.0
201000063824,0010-04-01 08:40:00,10,4,1,8,40,750,115,"116, RUE DE LA CONVENTIO",,,Plein jour,En agglomération,Intersection en T,Normale,Autre collision,,,,,,,,,,,1,2,3,1.0,6.0
201000063825,0010-04-01 16:20:00,10,4,1,16,20,750,115,"5, RUE DE VOUILLE",,,Plein jour,En agglomération,Hors intersection,Normale,Autre collision,,,,,,,,,,,1,2,1,1.0,6.0
201000063826,0010-04-02 14:15:00,10,4,2,14,15,750,115,"102, RUE BLOMET",,,Plein jour,En agglomération,Intersection à plus de 4 branches,Pluie légère,Autre collision,,,,,,,,,,,1,2,5,2.0,6.0
201000063827,0010-04-03 14:55:00,10,4,3,14,55,750,115,"143, BOULEVARD LEFEBVRE",,,Plein jour,En agglomération,Hors intersection,Pluie légère,Deux véhicules - côté,,,,,,,,,,,1,2,1,2.0,3.0
201000063828,0010-04-04 11:00:00,10,4,4,11,0,750,115,QUAI DE GRENELLE,,,Plein jour,En agglomération,Hors intersection,Normale,Deux véhicules - arrière,,,,,,,,,,,1,2,1,1.0,2.0
201000063829,0010-04-04 16:10:00,10,4,4,16,10,750,115,"27, BOULEVARD VICTOR",,,Plein jour,En agglomération,Intersection en X,Normale,Deux véhicules - côté,,,,,,,,,,,1,2,2,1.0,3.0
201000063830,0010-04-06 06:45:00,10,4,6,6,45,750,115,"65, BOULEVARD GARIBALDI",,,Plein jour,En agglomération,Intersection à plus de 4 branches,Normale,Deux véhicules - côté,,,,,,,,,,,1,2,5,1.0,3.0
201000063831,0010-04-06 18:40:00,10,4,6,18,40,750,115,"36, RUE ROUELLE",,,Plein jour,En agglomération,Intersection à plus de 4 branches,Normale,Autre collision,,,,,,,,,,,1,2,5,1.0,6.0
201000063832,0010-04-08 08:50:00,10,4,8,8,50,750,115,"54, RUE DE VOUILLE",,,Plein jour,En agglomération,Intersection en X,Pluie légère,Deux véhicules - côté,,,,,,,,,,,1,2,2,2.0,3.0
201000063833,0010-04-08 14:40:00,10,4,8,14,40,750,115,"199, RUE LECOURBE",,,Plein jour,En agglomération,Hors intersection,Normale,Deux véhicules - arrière,,,,,,,,,,,1,2,1,1.0,2.0
201000063834,0010-04-03 06:00:00,10,4,3,6,0,750,115,"9bis/11, RUE ANTOINE BOU",,,Nuit avec éclairage allumé,En agglomération,Hors intersection,Normale,Autre collision,,,,,,,,,,,5,2,1,1.0,6.0
201000063835,0010-04-10 12:15:00,10,4,10,12,15,750,115,"862, RUE DE VAUGIRARD",,,Plein jour,En agglomération,Hors intersection,Normale,Deux véhicules - arrière,,,,,,,,,,,1,2,1,1.0,2.0
201000063836,0010-04-10 16:00:00,10,4,10,16,0,750,115,"33, BOULEVARD PASTEUR",,,Plein jour,En agglomération,Intersection en X,Normale,Autre collision,,,,,,,,,,,1,2,2,1.0,6.0
201000063837,0010-04-11 14:40:00,10,4,11,14,40,750,115,"133, RUE DE LA CONVENTIO",,,Plein jour,En agglomération,Intersection en X,Normale,Deux véhicules - côté,,,,,,,,,,,1,2,2,1.0,3.0
201000063838,0010-04-12 00:15:00,10,4,12,0,15,750,115,"87, RUE DE LA CROIX NIVE",,,Nuit avec éclairage allumé,En agglomération,Hors intersection,Normale,Autre collision,,,,,,,,,,,5,2,1,1.0,6.0
201000063839,0010-04-12 12:05:00,10,4,12,12,5,750,115,"109, RUE DE LA CONVENTIO",,,Plein jour,En agglomération,Intersection en X,Normale,Deux véhicules - côté,,,,,,,,,,,1,2,2,1.0,3.0
201000063840,0010-04-12 14:15:00,10,4,12,14,15,750,115,"122, AVENUE FELIX FAURE",,,Plein jour,En agglomération,Intersection en T,Normale,Autre collision,,,,,,,,,,,1,2,3,1.0,6.0
201000063841,0010-04-12 18:10:00,10,4,12,18,10,750,115,RUE DU LAOS,,,Plein jour,En agglomération,Intersection à plus de 4 branches,Normale,Autre collision,,,,,,,,,,,1,2,5,1.0,6.0
201000063842,0010-04-13 09:15:00,10,4,13,9,15,750,115,"34, RUE DE DANTZIG",,,Plein jour,En agglomération,Intersection en X,Normale,Autre collision,,,,,,,,,,,1,2,2,1.0,6.0
201000063843,0010-04-13 09:40:00,10,4,13,9,40,750,115,"131, RUE DE LA CONVENTIO",,,Plein jour,En agglomération,Hors intersection,Temps couvert,Autre collision,,,,,,,,,,,1,2,1,8.0,6.0
201000063844,0010-04-13 18:45:00,10,4,13,18,45,750,115,AVENUE EMILE ZOLA,,,Plein jour,En agglomération,Intersection à plus de 4 branches,Pluie légère,Autre collision,,,,,,,,,,,1,2,5,2.0,6.0
201000063845,0010-04-14 15:45:00,10,4,14,15,45,750,115,"202, RUE DE LA CONVENTIO",,,Plein jour,En agglomération,Hors intersection,Normale,Autre collision,,,,,,,,,,,1,2,1,1.0,6.0
201000063846,0010-04-16 09:25:00,10,4,16,9,25,750,115,"136, AVENUE FELIX FAURE",,,Plein jour,En agglomération,Hors intersection,Normale,Deux véhicules - côté,,,,,,,,,,,1,2,1,1.0,3.0
201000063847,0010-04-16 19:24:00,10,4,16,19,24,750,115,QUAI ANDRE CITROEN,,,Plein jour,En agglomération,Hors intersection,Normale,Deux véhicules - côté,,,,,,,,,,,1,2,1,1.0,3.0
201000063848,0010-04-20 09:20:00,10,4,20,9,20,750,115,"40, RUE DE LA CONVENTION",,,Plein jour,En agglomération,Hors intersection,Normale,Deux véhicules - arrière,,,,,,,,,,,1,2,1,1.0,2.0
201000063849,0010-04-21 19:30:00,10,4,21,19,30,750,115,"35, QUAI ANDRE CITROEN",,,Plein jour,En agglomération,Intersection en T,Normale,Deux véhicules - arrière,,,,,,,,,,,1,2,3,1.0,2.0
201000063850,0010-04-23 20:42:00,10,4,23,20,42,750,115,"331, RUE DE VAUGIRARD",,,Nuit avec éclairage allumé,En agglomération,Intersection en X,Normale,Sans collision,,,,,,,,,,,5,2,2,1.0,7.0
201000063851,0010-04-24 09:25:00,10,4,24,9,25,750,115,AVENUE DE LA PORTE BRANC,,,Plein jour,En agglomération,Intersection à plus de 4 branches,Normale,Deux véhicules - côté,,,,,,,,,,,1,2,5,1.0,3.0
201000063852,0010-04-24 20:00:00,10,4,24,20,0,750,115,"28, BOULEVARD DE VAUGIRA",,,Plein jour,En agglomération,Hors intersection,Normale,Deux véhicules - côté,,,,,,,,,,,1,2,1,1.0,3.0
201000063853,0010-04-25 22:00:00,10,4,25,22,0,750,115,"93, AVENUE EMILE ZOLA",,,Nuit avec éclairage allumé,En agglomération,Intersection en X,Normale,Deux véhicules - côté,,,,,,,,,,,5,2,2,1.0,3.0
201000063854,0010-04-27 14:30:00,10,4,27,14,30,750,115,"82, RUE DE LA CONVENTION",,,Plein jour,En agglomération,Intersection en X,Normale,Deux véhicules - côté,,,,,,,,,,,1,2,2,1.0,3.0
201000063855,0010-04-27 18:25:00,10,4,27,18,25,750,115,"54, RUE DE VOUILLE",,,Plein jour,En agglomération,Intersection en X,Normale,Sans collision,,,,,,,,,,,1,2,2,1.0,7.0
201000063856,0010-04-29 19:15:00,10,4,29,19,15,750,115,"1, QUAI D ISSY LES MOULI",,,Plein jour,En agglomération,Intersection à plus de 4 branches,Normale,Deux véhicules - côté,,,,,,,,,,,1,2,5,1.0,3.0
201000063857,0010-04-30 02:35:00,10,4,30,2,35,750,115,"105 bis, BOULEVARD DE GR",,,Nuit avec éclairage allumé,En agglomération,Hors intersection,Normale,Autre collision,,,,,,,,,,,5,2,1,1.0,6.0
201000063858,0010-04-30 22:45:00,10,4,30,22,45,750,115,PLACE CHARLES MICHELS,,,Nuit avec éclairage allumé,En agglomération,Intersection à plus de 4 branches,Normale,Trois véhicules et plus - collisions multiples,,,,,,,,,,,5,2,5,1.0,5.0
201000063859,0010-05-01 05:25:00,10,5,1,5,25,750,115,"31, BOULEVARD VICTOR",,,Crépuscule ou aube,En agglomération,Hors intersection,Normale,Deux véhicules - arrière,,,,,,,,,,,2,2,1,1.0,2.0
201000063860,0010-05-02 17:05:00,10,5,2,17,5,750,115,"150, AVENUE FELIX FAURE",,,Plein jour,En agglomération,Intersection à plus de 4 branches,Normale,Autre collision,,,,,,,,,,,1,2,5,1.0,6.0
201000063861,0010-05-02 19:10:00,10,5,2,19,10,750,115,"10, BOULEVARD VICTOR",,,Plein jour,En agglomération,Intersection en X,Pluie légère,Autre collision,,,,,,,,,,,1,2,2,2.0,6.0
201000063862,0010-05-03 13:55:00,10,5,3,13,55,750,115,"27, RUE LOUIS VICAT",,,Plein jour,En agglomération,Hors intersection,Normale,Autre collision,,,,,,,,,,,1,2,1,1.0,6.0
201000063863,0010-05-04 16:50:00,10,5,4,16,50,750,115,"10, AVENUE DU MAINE",,,Plein jour,En agglomération,Intersection en Y,Normale,Autre collision,,,,,,,,,,,1,2,4,1.0,6.0
201000063864,0010-05-04 18:00:00,10,5,4,18,0,750,115,PONT DU GARIGLIANO,,,Plein jour,En agglomération,Intersection en X,Normale,Autre collision,,,,,,,,,,,1,2,2,1.0,6.0
201000063865,0010-05-05 00:50:00,10,5,5,0,50,750,115,"23, RUE DU COMMERCE",,,Nuit avec éclairage allumé,En agglomération,Hors intersection,Normale,Autre collision,,,,,,,,,,,5,2,1,1.0,6.0
201000063866,0010-05-05 17:55:00,10,5,5,17,55,750,115,"115, RUE SAINT CHARLES",,,Plein jour,En agglomération,Intersection en X,Normale,Autre collision,,,,,,,,,,,1,2,2,1.0,6.0
201000063867,0010-05-05 18:30:00,10,5,5,18,30,750,115,"17, RUE BALARD",,,Plein jour,En agglomération,Hors intersection,Normale,Autre collision,,,,,,,,,,,1,2,1,1.0,6.0
201000063868,0010-05-06 09:35:00,10,5,6,9,35,750,115,"269, RUE LECOURBE",,,Plein jour,En agglomération,Intersection en X,Normale,Deux véhicules - côté,,,,,,,,,,,1,2,2,1.0,3.0
201000063869,0010-05-06 16:20:00,10,5,6,16,20,750,115,"195, RUE DE LA CROIX NIV",,,Plein jour,En agglomération,Hors intersection,Normale,Deux véhicules - côté,,,,,,,,,,,1,2,1,1.0,3.0
201000063870,0010-05-06 19:45:00,10,5,6,19,45,750,115,PORTE D ISSY,,,Plein jour,En agglomération,Hors intersection,Normale,Trois véhicules et plus - en chaîne,,,,,,,,,,,1,2,1,1.0,4.0
201000063871,0010-05-07 01:30:00,10,5,7,1,30,750,115,"237, RUE DE LA CONVENTIO",,,Nuit avec éclairage allumé,En agglomération,Intersection à plus de 4 branches,Normale,Deux véhicules - arrière,,,,,,,,,,,5,2,5,1.0,2.0
201000063872,0010-05-07 15:50:00,10,5,7,15,50,750,115,"158, RUE DE LA CONVENTIO",,,Plein jour,En agglomération,Hors intersection,Normale,Autre collision,,,,,,,,,,,1,2,1,1.0,6.0
201000063873,0010-05-08 10:40:00,10,5,8,10,40,750,115,AVENUE DE LA PORTE BRANC,,,Plein jour,En agglomération,Intersection en T,Normale,Deux véhicules - côté,,,,,,,,,,,1,2,3,1.0,3.0
201000063874,0010-05-10 09:00:00,10,5,10,9,0,750,115,"26, BOULEVARD DES FRERES",,,Plein jour,En agglomération,Hors intersection,Normale,Deux véhicules - arrière,,,,,,,,,,,1,2,1,1.0,2.0
201000063875,0010-05-10 14:05:00,10,5,10,14,5,750,115,"79, RUE OLIVIER DE SERRE",,,Plein jour,En agglomération,Hors intersection,Normale,Autre collision,,,,,,,,,,,1,2,1,1.0,6.0
201000063876,0010-05-10 18:05:00,10,5,10,18,5,750,115,"0, BOULEVARD VICTOR",,,Plein jour,En agglomération,Hors intersection,Pluie légère,Deux véhicules - côté,,,,,,,,,,,1,2,1,2.0,3.0
201000063877,0010-05-10 18:25:00,10,5,10,18,25,750,115,"75, RUE DE LA CROIX NIVE",,,Plein jour,En agglomération,Hors intersection,Normale,Deux véhicules - côté,,,,,,,,,,,1,2,1,1.0,3.0
201000063878,0010-05-11 00:01:00,10,5,11,0,1,750,115,"88, RUE DUTOT",,,Nuit avec éclairage allumé,En agglomération,Intersection à plus de 4 branches,Pluie forte,Sans collision,,,,,,,,,,,5,2,5,3.0,7.0
201000063879,0010-05-11 08:00:00,10,5,11,8,0,750,115,"1, RUE ANDRE GIDE",,,Plein jour,En agglomération,Intersection en X,Pluie légère,Deux véhicules - arrière,,,,,,,,,,,1,2,2,2.0,2.0
201000063880,0010-05-11 16:48:00,10,5,11,16,48,750,115,"25, RUE DE VOUILLE",,,Plein jour,En agglomération,Intersection en X,Pluie légère,Autre collision,,,,,,,,,,,1,2,2,2.0,6.0
201000063881,0010-05-12 14:25:00,10,5,12,14,25,750,115,"121, BOULEVARD DE GRENEL",,,Plein jour,En agglomération,Hors intersection,Normale,Deux véhicules - côté,,,,,,,,,,,1,2,1,1.0,3.0
201000063882,0010-05-13 16:25:00,10,5,13,16,25,750,115,"8, RUE DU THEATRE",,,Plein jour,En agglomération,Intersection en X,Normale,Deux véhicules - côté,,,,,,,,,,,1,2,2,1.0,3.0
201000063883,0010-05-15 03:40:00,10,5,15,3,40,750,115,RUE MIZON,,,Nuit sans éclairage public,En agglomération,Intersection en T,Normale,Autre collision,,,,,,,,,,,3,2,3,1.0,6.0
201000063884,0010-05-15 19:15:00,10,5,15,19,15,750,115,RUE LINOIS,,,Plein jour,En agglomération,Intersection en X,Normale,Autre collision,,,,,,,,,,,1,2,2,1.0,6.0
201000063885,0010-05-15 21:15:00,10,5,15,21,15,750,115,"54, RUE DE LA FEDERATION",,,Plein jour,En agglomération,Hors intersection,Normale,Autre collision,,,,,,,,,,,1,2,1,1.0,6.0
201000063886,0010-05-17 00:50:00,10,5,17,0,50,750,115,PORTE DE SEVRES,,,Nuit avec éclairage allumé,En agglomération,Hors intersection,Normale,Sans collision,,,,,,,,,,,5,2,1,1.0,7.0
201000063887,0010-05-17 08:20:00,10,5,17,8,20,750,115,"0, BOULEVARD LEFEBVRE",,,Plein jour,En agglomération,Intersection en X,Normale,Autre collision,,,,,,,,,,,1,2,2,1.0,6.0
201000063888,0010-05-19 00:40:00,10,5,19,0,40,750,115,"252, RUE DE VAUGIRARD",,,Nuit avec éclairage allumé,En agglomération,Intersection en Y,Normale,Deux véhicules - côté,,,,,,,,,,,5,2,4,1.0,3.0
201000063889,0010-05-19 08:50:00,10,5,19,8,50,750,115,"74, RUE DE VOUILLE",,,Plein jour,En agglomération,Intersection en T,Normale,Autre collision,,,,,,,,,,,1,2,3,1.0,6.0
201000063890,0010-05-19 14:35:00,10,5,19,14,35,750,115,"7, PLACE CAMBRONNE",,,Plein jour,En agglomération,Intersection à plus de 4 branches,Normale,Autre collision,,,,,,,,,,,1,2,5,1.0,6.0
201000063891,0010-05-24 09:15:00,10,5,24,9,15,750,115,RUE D ORADOUR SUR GLANE,,,Plein jour,En agglomération,Intersection en X,Normale,Deux véhicules - côté,,,,,,,,,,,1,2,2,1.0,3.0
201000063892,0010-05-25 12:05:00,10,5,25,12,5,750,115,AVENUE FELIX FAURE,,,Plein jour,En agglomération,Intersection en T,Normale,Autre collision,,,,,,,,,,,1,2,3,1.0,6.0
201000063893,0010-05-25 13:35:00,10,5,25,13,35,750,115,"190, RUE LECOURBE",,,Plein jour,En agglomération,Hors intersection,Normale,Deux véhicules - côté,,,,,,,,,,,1,2,1,1.0,3.0
201000063894,0010-05-25 17:50:00,10,5,25,17,50,750,115,"83, BOULEVARD DE GRENELL",,,Plein jour,En agglomération,Intersection en X,Normale,Autre collision,,,,,,,,,,,1,2,2,1.0,6.0
201000063895,0010-05-26 13:50:00,10,5,26,13,50,750,115,"0, RUE DE LA PROCESSION",,,Plein jour,En agglomération,Intersection en T,Normale,Autre collision,,,,,,,,,,,1,2,3,1.0,6.0
201000063896,0010-05-26 17:30:00,10,5,26,17,30,750,115,"202, RUE DE LA CONVENTIO",,,Plein jour,En agglomération,Intersection en X,Pluie légère,Autre collision,,,,,,,,,,,1,2,2,2.0,6.0
201000063897,0010-05-26 19:35:00,10,5,26,19,35,750,115,"46, RUE DE VOUILLE",,,Plein jour,En agglomération,Hors intersection,Normale,Deux véhicules - frontale,,,,,,,,,,,1,2,1,1.0,1.0
201000063898,0010-05-27 13:30:00,10,5,27,13,30,750,115,QUAI D ISSY LES MOULINEA,,,Plein jour,En agglomération,Hors intersection,Pluie forte,Sans collision,,,,,,,,,,,1,2,1,3.0,7.0
201000063899,0010-05-27 13:30:00,10,5,27,13,30,750,115,"247, RUE DE VAUGIRARD",,,Plein jour,En agglomération,Hors intersection,Pluie légère,Deux véhicules - arrière,,,,,,,,,,,1,2,1,2.0,2.0
201000063900,0010-05-28 19:15:00,10,5,28,19,15,750,115,"130, AVENUE FELIX FAURE",,,Plein jour,En agglomération,Hors intersection,Normale,Autre collision,,,,,,,,,,,1,2,1,1.0,6.0
201000063901,0010-05-30 13:40:00,10,5,30,13,40,750,115,RUE LINOIS,,,Plein jour,En agglomération,Intersection en X,Temps couvert,Autre collision,,,,,,,,,,,1,2,2,8.0,6.0
201000063902,0010-05-30 20:05:00,10,5,30,20,5,750,115,"33, RUE DESNOUETTES",,,Crépuscule ou aube,En agglomération,Intersection à plus de 4 branches,Pluie légère,Sans collision,,,,,,,,,,,2,2,5,2.0,7.0
201000063903,0010-05-30 20:35:00,10,5,30,20,35,750,115,"18, BOULEVARD DE GRENELL",,,Crépuscule ou aube,En agglomération,Hors intersection,Pluie légère,Deux véhicules - côté,,,,,,,,,,,2,2,1,2.0,3.0
201000063904,0010-05-31 17:05:00,10,5,31,17,5,750,115,"49, BOULEVARD GENERAL MA",,,Plein jour,En agglomération,Intersection en X,Normale,Autre collision,,,,,,,,,,,1,2,2,1.0,6.0
201000063905,0010-05-31 20:00:00,10,5,31,20,0,750,115,QUAI BRANLY,,,Plein jour,En agglomération,Hors intersection,Normale,Deux véhicules - côté,,,,,,,,,,,1,2,1,1.0,3.0
201000063906,0010-06-01 19:20:00,10,6,1,19,20,750,115,"20, RUE DU LAOS",,,Plein jour,En agglomération,Hors intersection,Pluie légère,Deux véhicules - côté,,,,,,,,,,,1,2,1,2.0,3.0