accident_id,datetime,annee,mois,jour,heure,minute,departement,commune_insee,adresse,latitude,longitude,luminosite,agglomeration,intersection,meteo,collision,nb_vehicules,nb_usagers,nb_indemnes,nb_tues,nb_blesses_hosp,nb_blesses_legers,age_cond_1,age_cond_2,veh_type_cond_1,veh_type_cond_2,lum_code,agg_code,int_code,atm_code,col_code
201000064035,0010-10-05 07:55:00,10,10,5,7,55,750,115,"11, AVENUE DU MAINE",,,Plein jour,En agglomération,Intersection en X,Pluie légère,Autre collision,,,,,,,,,,,1,2,2,2.0,6.0
201000064036,0010-10-05 19:50:00,10,10,5,19,50,750,115,"27, RUE CAMBRONNE",,,Nuit avec éclairage allumé,En agglomération,Hors intersection,Pluie légère,Deux véhicules - arrière,,,,,,,,,,,5,2,1,2.0,2.0
201000064037,0010-10-07 15:35:00,10,10,7,15,35,750,115,"57, RUE DE VOUILLE",,,Plein jour,En agglomération,Hors intersection,Normale,Deux véhicules - côté,,,,,,,,,,,1,2,1,1.0,3.0
201000064038,0010-10-08 17:27:00,10,10,8,17,27,750,115,"01, RUE SEXTIUS MICHEL",,,Plein jour,En agglomération,Intersection en T,Normale,Autre collision,,,,,,,,,,,1,2,3,1.0,6.0
201000064039,0010-10-08 18:48:00,10,10,8,18,48,750,115,"22, AVENUE FELIX FAURE",,,Nuit avec éclairage allumé,En agglomération,Hors intersection,Normale,Autre collision,,,,,,,,,,,5,2,1,1.0,6.0
201000064040,0010-10-09 13:50:00,10,10,9,13,50,750,115,BOULEVARD PERIPHERIQUE,,,Plein jour,En agglomération,Hors intersection,Normale,Trois véhicules et plus - en chaîne,,,,,,,,,,,1,2,1,1.0,4.0
201000064041,0010-10-10 10:00:00,10,10,10,10,0,750,115,"20, BOULEVARD DE GRENELL",,,Plein jour,En agglomération,Hors intersection,Normale,Deux véhicules - côté,,,,,,,,,,,1,2,1,1.0,3.0
201000064042,0010-10-10 17:35:00,10,10,10,17,35,750,106,"33, BOULEVARD DU MONTPAR",,,Plein jour,En agglomération,Intersection à plus de 4 branches,Normale,Autre collision,,,,,,,,,,,1,2,5,1.0,6.0
201000064043,0010-10-10 22:25:00,10,10,10,22,25,750,115,RUE DE VAUGIRARD,,,Nuit avec éclairage allumé,En agglomération,Intersection à plus de 4 branches,Normale,Autre collision,,,,,,,,,,,5,2,5,1.0,6.0
201000064044,0010-10-11 14:10:00,10,10,11,14,10,750,115,"24, AVENUE DE LOWENDAL",,,Plein jour,En agglomération,Intersection en X,Normale,Deux véhicules - côté,,,,,,,,,,,1,2,2,1.0,3.0
201000064045,0010-10-12 09:40:00,10,10,12,9,40,750,115,"24, RUE PAUL BARRUEL",,,Plein jour,En agglomération,Intersection en X,Normale,Deux véhicules - arrière,,,,,,,,,,,1,2,2,1.0,2.0
201000064046,0010-10-12 12:00:00,10,10,12,12,0,750,115,"129, RUE DE LOURMEL",,,Plein jour,En agglomération,Intersection en X,Normale,Deux véhicules - côté,,,,,,,,,,,1,2,2,1.0,3.0
201000064047,0010-10-13 13:35:00,10,10,13,13,35,750,115,"43, RUE DES MORILLONS",,,Plein jour,En agglomération,Hors intersection,Normale,Deux véhicules - côté,,,,,,,,,,,1,2,1,1.0,3.0
201000064048,0010-10-13 17:20:00,10,10,13,17,20,750,115,"2, AVENUE DE LA PORTE BR",,,Plein jour,En agglomération,Intersection en X,Normale,Sans collision,,,,,,,,,,,1,2,2,1.0,7.0
201000064049,0010-10-14 12:30:00,10,10,14,12,30,750,115,BOULEVARD PERIPHERIQUE E,,,Plein jour,En agglomération,Hors intersection,Normale,Trois véhicules et plus - en chaîne,,,,,,,,,,,1,2,1,1.0,4.0
201000064050,0010-10-15 07:05:00,10,10,15,7,5,750,115,"75, RUE LABROUSTE",,,Nuit avec éclairage allumé,En agglomération,Hors intersection,Normale,Deux véhicules - arrière,,,,,,,,,,,5,2,1,1.0,2.0
201000064051,0010-10-15 19:55:00,10,10,15,19,55,750,115,"34, BOULEVARD DE GRENELL",,,Nuit avec éclairage allumé,En agglomération,Hors intersection,Pluie légère,Deux véhicules - côté,,,,,,,,,,,5,2,1,2.0,3.0
201000064052,0010-10-16 11:25:00,10,10,16,11,25,750,115,"100, RUE DE LA CONVENTIO",,,Plein jour,En agglomération,Hors intersection,Normale,Sans collision,,,,,,,,,,,1,2,1,1.0,7.0
201000064053,0010-10-16 02:25:00,10,10,16,2,25,750,115,"57, RUE DE LA CONVENTION",,,Nuit avec éclairage allumé,En agglomération,Intersection en X,Pluie légère,Sans collision,,,,,,,,,,,5,2,2,2.0,7.0
201000064054,0010-10-17 06:45:00,10,10,17,6,45,750,115,RUE DE L ABBE GROULT,,,Crépuscule ou aube,En agglomération,Intersection en X,Normale,Autre collision,,,,,,,,,,,2,2,2,1.0,6.0
201000064055,0010-10-18 10:10:00,10,10,18,10,10,750,115,"44, AVENUE DE SUFFREN",,,Plein jour,En agglomération,Intersection en T,Normale,Deux véhicules - côté,,,,,,,,,,,1,2,3,1.0,3.0
201000064056,0010-10-19 18:50:00,10,10,19,18,50,750,115,"224, RUE DE LA CONVENTIO",,,Crépuscule ou aube,En agglomération,Intersection en T,Pluie légère,Autre collision,,,,,,,,,,,2,2,3,2.0,6.0
201000064057,0010-10-20 21:00:00,10,10,20,21,0,750,115,"29, RUE DE LA PROCESSION",,,Nuit avec éclairage allumé,En agglomération,Intersection en T,Normale,Deux véhicules - côté,,,,,,,,,,,5,2,3,1.0,3.0
201000064058,0010-10-21 23:50:00,10,10,21,23,50,750,115,RUE DE LA PORTE D ISSY,,,Nuit avec éclairage allumé,En agglomération,Intersection en X,Normale,Deux véhicules - côté,,,,,,,,,,,5,2,2,1.0,3.0
201000064059,0010-10-22 16:15:00,10,10,22,16,15,750,115,"95, AVENUE EMILE ZOLA",,,Plein jour,En agglomération,Intersection en X,Normale,Autre collision,,,,,,,,,,,1,2,2,1.0,6.0
201000064060,0010-10-25 07:15:00,10,10,25,7,15,750,115,"364, RUE DE VAUGIRARD",,,Crépuscule ou aube,En agglomération,Intersection en T,Normale,Deux véhicules - côté,,,,,,,,,,,2,2,3,1.0,3.0
201000064061,0010-10-27 20:38:00,10,10,27,20,38,750,115,"249, RUE LECOURBE",,,Nuit avec éclairage allumé,En agglomération,Intersection en T,Normale,Autre collision,,,,,,,,,,,5,2,3,1.0,6.0
201000064062,0010-10-29 06:55:00,10,10,29,6,55,750,115,QUAI ANDRE CITROEN,,,Nuit avec éclairage allumé,En agglomération,Hors intersection,Normale,Sans collision,,,,,,,,,,,5,2,1,1.0,7.0
201000064063,0010-10-29 20:00:00,10,10,29,20,0,750,115,"139, RUE DE VAUGIRARD",,,Nuit avec éclairage allumé,En agglomération,Hors intersection,Normale,Deux véhicules - arrière,,,,,,,,,,,5,2,1,1.0,2.0
201000064064,0010-10-30 14:10:00,10,10,30,14,10,750,115,AVENUE DE LA PORTE DE SE,,,Plein jour,En agglomération,Intersection en X,Normale,Deux véhicules - côté,,,,,,,,,,,1,2,2,1.0,3.0
201000064065,0010-10-30 16:30:00,10,10,30,16,30,750,115,"176, RUE LECOURBE",,,Plein jour,En agglomération,Intersection en T,Normale,Deux véhicules - arrière,,,,,,,,,,,1,2,3,1.0,2.0
201000064066,0010-10-30 19:30:00,10,10,30,19,30,750,115,"83, RUE DESNOUETTES",,,Nuit avec éclairage allumé,En agglomération,Intersection en T,Normale,Deux véhicules - arrière,,,,,,,,,,,5,2,3,1.0,2.0
201000064067,0010-10-31 02:05:00,10,10,31,2,5,750,115,"0, RUE VICTOR DURUY",,,Nuit avec éclairage allumé,En agglomération,Intersection en X,Normale,Deux véhicules - côté,,,,,,,,,,,5,2,2,1.0,3.0
201000064068,0010-10-31 06:00:00,10,10,31,6,0,750,115,QUAI DE GRENELLE,,,Crépuscule ou aube,En agglomération,Intersection à plus de 4 branches,Pluie légère,Sans collision,,,,,,,,,,,2,2,5,2.0,7.0
201000064069,0010-10-31 17:15:00,10,10,31,17,15,750,115,PLACE DES CINQ MARTYRS D,,,Nuit avec éclairage allumé,En agglomération,Hors intersection,Normale,Autre collision,,,,,,,,,,,5,2,1,1.0,6.0
201000064070,0010-10-31 19:35:00,10,10,31,19,35,750,115,"10, RUE D ORADOUR SUR GL",,,Nuit avec éclairage allumé,En agglomération,Intersection en X,Normale,Deux véhicules - frontale,,,,,,,,,,,5,2,2,1.0,1.0
201000064071,0010-11-02 11:00:00,10,11,2,11,0,750,115,"113, RUE DE LOURMEL",,,Plein jour,En agglomération,Intersection en T,Normale,Autre collision,,,,,,,,,,,1,2,3,1.0,6.0
201000064072,0010-11-04 14:55:00,10,11,4,14,55,750,115,"04, RUE LOUIS ARMAND",,,Plein jour,En agglomération,Intersection à plus de 4 branches,Normale,Autre collision,,,,,,,,,,,1,2,5,1.0,6.0
201000064073,0010-11-05 18:45:00,10,11,5,18,45,750,115,"25, RUE PAUL BARRUEL",,,Nuit avec éclairage allumé,En agglomération,Intersection en X,Normale,Autre collision,,,,,,,,,,,5,2,2,1.0,6.0
201000064074,0010-11-05 19:15:00,10,11,5,19,15,750,115,AVENUE DE LA PORTE BRANC,,,Nuit avec éclairage allumé,En agglomération,Intersection en X,Normale,Deux véhicules - côté,,,,,,,,,,,5,2,2,1.0,3.0
201000064075,0010-11-06 10:45:00,10,11,6,10,45,750,115,"29, QUAI ANDRE CITROEN",,,Plein jour,En agglomération,Hors intersection,Pluie légère,Deux véhicules - arrière,,,,,,,,,,,1,2,1,2.0,2.0
201000064076,0010-11-08 10:00:00,10,11,8,10,0,750,115,"56, RUE DE LA CONVENTION",,,Plein jour,En agglomération,Hors intersection,Pluie légère,Sans collision,,,,,,,,,,,1,2,1,2.0,7.0
201000064077,0010-11-08 13:45:00,10,11,8,13,45,750,115,"39, BOULEVARD DU MONTPAR",,,Plein jour,En agglomération,Intersection en T,Pluie forte,Deux véhicules - côté,,,,,,,,,,,1,2,3,3.0,3.0
201000064078,0010-11-08 15:35:00,10,11,8,15,35,750,115,"33, AVENUE DE LA PORTE B",,,Plein jour,En agglomération,Intersection en Y,Pluie légère,Autre collision,,,,,,,,,,,1,2,4,2.0,6.0
201000064079,0010-11-08 16:15:00,10,11,8,16,15,750,115,"196, RUE DE LA CONVENTIO",,,Plein jour,En agglomération,Intersection en X,Pluie légère,Autre collision,,,,,,,,,,,1,2,2,2.0,6.0
201000064080,0010-11-09 17:50:00,10,11,9,17,50,750,115,"33, RUE VICTOR DURUY",,,Nuit avec éclairage allumé,En agglomération,Hors intersection,Pluie légère,Autre collision,,,,,,,,,,,5,2,1,2.0,6.0
201000064081,0010-11-09 21:00:00,10,11,9,21,0,750,115,"0, PLACE CHARLES MICHELS",,,Nuit avec éclairage allumé,En agglomération,Intersection à plus de 4 branches,Pluie légère,Deux véhicules - côté,,,,,,,,,,,5,2,5,2.0,3.0
201000064082,0010-11-10 13:15:00,10,11,10,13,15,750,115,"152, RUE DE LA CONVENTIO",,,Plein jour,En agglomération,Hors intersection,Pluie légère,Autre collision,,,,,,,,,,,1,2,1,2.0,6.0
201000064083,0010-11-10 14:50:00,10,11,10,14,50,750,115,"29, QUAI DE GRENELLE",,,Plein jour,En agglomération,Hors intersection,Pluie légère,Deux véhicules - frontale,,,,,,,,,,,1,2,1,2.0,1.0
201000064084,0010-11-13 13:10:00,10,11,13,13,10,750,115,"120, RUE LECOURBE",,,Plein jour,En agglomération,Hors intersection,Pluie légère,Autre collision,,,,,,,,,,,1,2,1,2.0,6.0
201000064085,0010-11-14 03:20:00,10,11,14,3,20,750,115,"147, RUE SAINT CHARLES",,,Nuit avec éclairage allumé,En agglomération,Intersection en X,Pluie légère,Sans collision,,,,,,,,,,,5,2,2,2.0,7.0
201000064086,0010-11-15 22:00:00,10,11,15,22,0,750,115,BOULEVARD PERIPHERIQUE,,,Nuit avec éclairage non allumé,En agglomération,Hors intersection,Normale,Deux véhicules - arrière,,,,,,,,,,,4,2,1,1.0,2.0
201000064087,0010-11-16 08:35:00,10,11,16,8,35,750,115,"20, RUE D ORADOUR SUR GL",,,Plein jour,En agglomération,Hors intersection,Normale,Autre collision,,,,,,,,,,,1,2,1,1.0,6.0
201000064088,0010-11-16 08:03:00,10,11,16,8,3,750,115,RUE PEGOUD,,,Plein jour,En agglomération,Intersection en T,Autre,Sans collision,,,,,,,,,,,1,2,3,9.0,7.0
201000064089,0010-11-17 18:00:00,10,11,17,18,0,750,115,"1, AVENUE DE LA PORTE DE",,,Nuit avec éclairage allumé,En agglomération,Hors intersection,Normale,Autre collision,,,,,,,,,,,5,2,1,1.0,6.0
201000064090,0010-11-17 21:45:00,10,11,17,21,45,750,115,"121, RUE DE LA CONVENTIO",,,Nuit avec éclairage allumé,En agglomération,Intersection en T,Pluie légère,Deux véhicules - côté,,,,,,,,,,,5,2,3,2.0,3.0
201000064091,0010-11-18 10:20:00,10,11,18,10,20,750,115,AVENUE DE LA PORTE DE LA,,,Plein jour,En agglomération,Hors intersection,Normale,Deux véhicules - côté,,,,,,,,,,,1,2,1,1.0,3.0
201000064092,0010-11-18 16:20:00,10,11,18,16,20,750,115,"16, RUE BALARD",,,Plein jour,En agglomération,Intersection en X,Normale,Autre collision,,,,,,,,,,,1,2,2,1.0,6.0
201000064093,0010-11-18 15:45:00,10,11,18,15,45,750,115,"76, RUE LEBLANC",,,Plein jour,En agglomération,Hors intersection,Temps couvert,Deux véhicules - côté,,,,,,,,,,,1,2,1,8.0,3.0
201000064094,0010-11-19 21:00:00,10,11,19,21,0,750,115,"95, RUE DE LOURMEL",,,Nuit avec éclairage allumé,En agglomération,Hors intersection,Normale,Autre collision,,,,,,,,,,,5,2,1,1.0,6.0
201000064095,0010-11-21 15:45:00,10,11,21,15,45,750,115,"20, RUE THEOPHRASTE RENA",,,Plein jour,En agglomération,Intersection en T,Pluie légère,Deux véhicules - côté,,,,,,,,,,,1,2,3,2.0,3.0
201000064096,0010-11-22 09:35:00,10,11,22,9,35,750,115,"114, RUE DE LA CONVENTIO",,,Plein jour,En agglomération,Intersection en X,Temps couvert,Autre collision,,,,,,,,,,,1,2,2,8.0,6.0
201000064097,0010-11-22 10:25:00,10,11,22,10,25,750,115,"26, RUE PAUL BARRUEL",,,Plein jour,En agglomération,Intersection en X,Normale,Deux véhicules - côté,,,,,,,,,,,1,2,2,1.0,3.0
201000064098,0010-11-22 17:55:00,10,11,22,17,55,750,115,BOULEVARD PERIPHERIQUE I,,,Nuit avec éclairage allumé,En agglomération,Intersection en X,Normale,Trois véhicules et plus - collisions multiples,,,,,,,,,,,5,2,2,1.0,5.0
201000064099,0010-11-22 19:20:00,10,11,22,19,20,750,115,"134, AVENUE EMILE ZOLA",,,Nuit avec éclairage allumé,En agglomération,Intersection en X,Normale,Deux véhicules - côté,,,,,,,,,,,5,2,2,1.0,3.0
201000064100,0010-11-23 00:16:00,10,11,23,0,16,750,115,"13, BOULEVARD GENERAL MA",,,Nuit avec éclairage allumé,En agglomération,Intersection en T,Normale,Deux véhicules - côté,,,,,,,,,,,5,2,3,1.0,3.0
201000064101,0010-11-23 12:00:00,10,11,23,12,0,750,115,"37, AVENUE DE LOWENDAL",,,Plein jour,En agglomération,Hors intersection,Normale,Autre collision,,,,,,,,,,,1,2,1,1.0,6.0
201000064102,0010-11-24 10:30:00,10,11,24,10,30,750,115,"49, BOULEVARD DE VAUGIRA",,,Plein jour,En agglomération,Hors intersection,Normale,Autre collision,,,,,,,,,,,1,2,1,1.0,6.0
201000064103,0010-11-24 20:30:00,10,11,24,20,30,750,115,"17, RUE DU THEATRE",,,Nuit avec éclairage allumé,En agglomération,Hors intersection,Normale,Deux véhicules - côté,,,,,,,,,,,5,2,1,1.0,3.0
201000064104,0010-11-24 21:30:00,10,11,24,21,30,750,115,QUAI DE GRENELLE,,,Nuit avec éclairage allumé,En agglomération,Intersection en T,Normale,Deux véhicules - frontale,,,,,,,,,,,5,2,3,1.0,1.0
201000064105,0010-11-25 00:45:00,10,11,25,0,45,750,115,"12, RUE BLOMET",,,Nuit avec éclairage allumé,En agglomération,Hors intersection,Pluie légère,Autre collision,,,,,,,,,,,5,2,1,2.0,6.0
201000064106,0010-11-25 07:45:00,10,11,25,7,45,750,115,RUE DE CHAMBERY,,,Crépuscule ou aube,En agglomération,Intersection en T,Pluie légère,Autre collision,,,,,,,,,,,2,2,3,2.0,6.0
201000064107,0010-11-25 18:59:00,10,11,25,18,59,750,115,RUE FREMICOURT,,,Nuit avec éclairage non allumé,En agglomération,Hors intersection,Pluie légère,Sans collision,,,,,,,,,,,4,2,1,2.0,7.0
201000064108,0010-11-26 12:10:00,10,11,26,12,10,750,115,"76, BOULEVARD DE GRENELL",,,Plein jour,En agglomération,Hors intersection,Normale,Autre collision,,,,,,,,,,,1,2,1,1.0,6.0
201000064109,0010-11-28 22:35:00,10,11,28,22,35,750,115,"83, RUE DE LA CONVENTION",,,Nuit avec éclairage allumé,En agglomération,Intersection en X,Normale,Autre collision,,,,,,,,,,,5,2,2,1.0,6.0
201000064110,0010-11-29 14:45:00,10,11,29,14,45,750,115,"230, RUE DE VAUGIRARD",,,Plein jour,En agglomération,Intersection en X,Normale,Autre collision,,,,,,,,,,,1,2,2,1.0,6.0
201000064111,0010-11-30 18:40:00,10,11,30,18,40,750,115,"146, RUE DE LA CONVENTIO",,,Nuit avec éclairage allumé,En agglomération,Hors intersection,Normale,Autre collision,,,,,,,,,,,5,2,1,1.0,6.0
201000064112,0010-12-01 15:40:00,10,12,1,15,40,750,115,"2, RUE SAINTE FELICITE",,,Plein jour,En agglomération,Intersection en X,Neige / grêle,Autre collision,,,,,,,,,,,1,2,2,4.0,6.0
201000064113,0010-12-08 09:50:00,10,12,8,9,50,750,115,"84, RUE CAMBRONNE",,,Plein jour,En agglomération,Intersection à plus de 4 branches,Pluie légère,Autre collision,,,,,,,,,,,1,2,5,2.0,6.0
201000064114,0010-12-12 15:45:00,10,12,12,15,45,750,115,"1, PORT DE GRENELLE",,,Plein jour,En agglomération,Hors intersection,Temps éblouissant,Autre collision,,,,,,,,,,,1,2,1,7.0,6.0
201000064115,0010-12-12 20:10:00,10,12,12,20,10,750,115,"87, RUE CAMBRONNE",,,Nuit avec éclairage allumé,En agglomération,Hors intersection,Normale,Autre collision,,,,,,,,,,,5,2,1,1.0,6.0
201000064116,0010-12-13 18:50:00,10,12,13,18,50,750,115,"211, RUE DE LA CONVENTIO",,,Nuit avec éclairage allumé,En agglomération,Intersection en T,Normale,Autre collision,,,,,,,,,,,5,2,3,1.0,6.0
201000064117,0010-12-14 20:00:00,10,12,14,20,0,750,115,"27, BOULEVARD VICTOR",,,Crépuscule ou aube,En agglomération,Intersection en X,Normale,Deux véhicules - côté,,,,,,,,,,,2,2,2,1.0,3.0
201000064118,0010-12-14 05:20:00,10,12,14,5,20,750,115,"61, RUE DE VOUILLE",,,Nuit avec éclairage allumé,En agglomération,Hors intersection,Pluie légère,Sans collision,,,,,,,,,,,5,2,1,2.0,7.0
201000064119,0010-12-16 10:45:00,10,12,16,10,45,750,115,"82, BOULEVARD GARIBALDI",,,Plein jour,En agglomération,Hors intersection,Normale,Autre collision,,,,,,,,,,,1,2,1,1.0,6.0
201000064120,0010-12-18 13:15:00,10,12,18,13,15,750,115,"131, RUE DE LA CONVENTIO",,,Crépuscule ou aube,En agglomération,Intersection en X,Normale,Autre collision,,,,,,,,,,,2,2,2,1.0,6.0
201000064121,0010-12-19 15:47:00,10,12,19,15,47,750,115,"356, RUE DE VAUGIRARD",,,Plein jour,En agglomération,Hors intersection,Temps couvert,Autre collision,,,,,,,,,,,1,2,1,8.0,6.0
201000064122,0010-12-20 10:45:00,10,12,20,10,45,750,115,RUE DE L EGLISE,,,Plein jour,En agglomération,Intersection en X,Neige / grêle,Autre collision,,,,,,,,,,,1,2,2,4.0,6.0
201000064123,0010-12-21 11:08:00,10,12,21,11,8,750,115,"188, RUE DE LOURMEL",,,Plein jour,En agglomération,Intersection en X,Temps couvert,Autre collision,,,,,,,,,,,1,2,2,8.0,6.0
201000064124,0010-12-22 21:00:00,10,12,22,21,0,750,115,"45, RUE DE VOUILLE",,,Nuit avec éclairage allumé,En agglomération,Intersection en X,Pluie forte,Autre collision,,,,,,,,,,,5,2,2,3.0,6.0
201000064125,0010-12-22 22:20:00,10,12,22,22,20,750,115,RUE DE LA CONVENTION,,,Nuit avec éclairage allumé,En agglomération,Intersection à plus de 4 branches,Pluie légère,Autre collision,,,,,,,,,,,5,2,5,2.0,6.0
201000064126,0010-12-23 10:10:00,10,12,23,10,10,750,115,"103, AVENUE FELIX FAURE",,,Plein jour,En agglomération,Hors intersection,Neige / grêle,Autre collision,,,,,,,,,,,1,2,1,4.0,6.0
201000064127,0010-12-28 00:01:00,10,12,28,0,1,750,115,"0, QUAI ANDRE CITROEN",,,Nuit avec éclairage allumé,En agglomération,Hors intersection,Normale,Deux véhicules - arrière,,,,,,,,,,,5,2,1,1.0,2.0
201000064128,0010-12-30 09:15:00,10,12,30,9,15,750,115,"5bis, AVENUE DE LA PORTE",,,Plein jour,En agglomération,Hors intersection,Normale,Sans collision,,,,,,,,,,,1,2,1,1.0,7.0
201000064129,0010-12-30 20:10:00,10,12,30,20,10,750,115,QUAI BRANLY,,,Nuit avec éclairage allumé,En agglomération,Hors intersection,Normale,Trois véhicules et plus - en chaîne,,,,,,,,,,,5,2,1,1.0,4.0
201000064130,0010-12-31 19:40:00,10,12,31,19,40,750,115,RUE DE VAUGIRARD,,,Nuit avec éclairage non allumé,En agglomération,Hors intersection,Normale,Deux véhicules - arrière,,,,,,,,,,,4,2,1,1.0,2.0
201000064131,0010-05-06 23:20:00,10,5,6,23,20,750,115,"38, RUE DE VOUILLE",,,Nuit avec éclairage allumé,En agglomération,Intersection en T,Normale,Deux véhicules - côté,,,,,,,,,,,5,2,3,1.0,3.0
201000064132,0010-09-11 05:10:00,10,9,11,5,10,750,115,"0, QUAI ANDRE CITROEN",,,Nuit avec éclairage allumé,En agglomération,Intersection à plus de 4 branches,Normale,Deux véhicules - côté,,,,,,,,,,,5,2,5,1.0,3.0
201000064133,0010-01-01 01:50:00,10,1,1,1,50,750,116,ALLEE DE LA REINE MARGUE,,,Nuit avec éclairage allumé,En agglomération,Intersection en X,Normale,Deux véhicules - côté,,,,,,,,,,,5,2,2,1.0,3.0
201000064134,0010-01-02 00:10:00,10,1,2,0,10,750,116,PLACE DU TROCADERO ET DU,,,Nuit avec éclairage allumé,En agglomération,Hors intersection,Normale,Autre collision,,,,,,,,,,,5,2,1,1.0,6.0
201000064135,0010-01-02 10:50:00,10,1,2,10,50,750,116,"9, RUE DE CHAILLOT",,,Plein jour,En agglomération,Hors intersection,Normale,Sans collision,,,,,,,,,,,1,2,1,1.0,7.0
201000064136,0010-01-02 18:15:00,10,1,2,18,15,750,116,ROUTE DE SURESNES,,,Nuit sans éclairage public,En agglomération,Intersection à plus de 4 branches,Normale,Autre collision,,,,,,,,,,,3,2,5,1.0,6.0
201000064137,0010-01-02 18:30:00,10,1,2,18,30,750,116,ROUTE DE SURESNES,,,Nuit avec éclairage allumé,En agglomération,Hors intersection,Temps couvert,Deux véhicules - côté,,,,,,,,,,,5,2,1,8.0,3.0
201000064138,0010-01-04 20:45:00,10,1,4,20,45,750,116,PLACE DE VARSOVIE,,,Nuit avec éclairage allumé,En agglomération,Intersection à plus de 4 branches,Normale,Deux véhicules - arrière,,,,,,,,,,,5,2,5,1.0,2.0
201000064139,0010-01-05 08:00:00,10,1,5,8,0,750,116,AVENUE GEORGES LAFONT,,,Crépuscule ou aube,En agglomération,Hors intersection,Normale,Deux véhicules - côté,,,,,,,,,,,2,2,1,1.0,3.0
201000064140,0010-01-06 06:30:00,10,1,6,6,30,750,116,AVENUE INGRES,,,Nuit avec éclairage allumé,En agglomération,Intersection en X,Normale,Deux véhicules - côté,,,,,,,,,,,5,2,2,1.0,3.0
201000064141,0010-01-10 03:50:00,10,1,10,3,50,750,116,AVENUE FOCH,,,Nuit avec éclairage allumé,En agglomération,Intersection en Y,Pluie légère,Sans collision,,,,,,,,,,,5,2,4,2.0,7.0
201000064142,0010-01-13 07:30:00,10,1,13,7,30,750,116,ALLEE DE LONGCHAMP,,,Nuit avec éclairage allumé,En agglomération,Hors intersection,Neige / grêle,Sans collision,,,,,,,,,,,5,2,1,4.0,7.0
201000064143,0010-01-13 17:15:00,10,1,13,17,15,750,116,"54, AVENUE VICTOR HUGO",,,Nuit avec éclairage allumé,En agglomération,Intersection en T,Temps couvert,Deux véhicules - côté,,,,,,,,,,,5,2,3,8.0,3.0
201000064144,0010-01-13 22:25:00,10,1,13,22,25,750,116,RUE DE LA POMPE,,,Nuit avec éclairage allumé,En agglomération,Intersection en X,Normale,Deux véhicules - côté,,,,,,,,,,,5,2,2,1.0,3.0
201000064145,0010-01-14 00:01:00,10,1,14,0,1,750,116,BOULEVARD DE L AMIRAL BR,,,Nuit avec éclairage allumé,En agglomération,Intersection en T,Pluie légère,Deux véhicules - côté,,,,,,,,,,,5,2,3,2.0,3.0
201000064146,0010-01-14 08:30:00,10,1,14,8,30,750,116,ROUTE DE LA MUETTE A NEU,,,Plein jour,Hors agglomération,Hors intersection,Normale,Autre collision,,,,,,,,,,,1,1,1,1.0,6.0
201000064147,0010-01-14 11:20:00,10,1,14,11,20,750,116,BOULEVARD PERIPHERIQUE I,,,Plein jour,En agglomération,Hors intersection,Normale,Deux véhicules - arrière,,,,,,,,,,,1,2,1,1.0,2.0
201000064148,0010-01-15 16:40:00,10,1,15,16,40,750,116,"1, RUE DE LA FAISANDERIE",,,Plein jour,En agglomération,Intersection à plus de 4 branches,Normale,Autre collision,,,,,,,,,,,1,2,5,1.0,6.0
201000064149,0010-01-15 23:25:00,10,1,15,23,25,750,116,CARREFOUR LONGCHAMP,,,Nuit avec éclairage allumé,En agglomération,Intersection en X,Normale,Autre collision,,,,,,,,,,,5,2,2,1.0,6.0
201000064150,0010-01-17 21:40:00,10,1,17,21,40,750,116,ALLEE DE LONGCHAMP,,,Nuit avec éclairage allumé,En agglomération,Intersection en X,Normale,Deux véhicules - côté,,,,,,,,,,,5,2,2,1.0,3.0
201000064151,0010-01-18 19:45:00,10,1,18,19,45,750,116,ALLEE DE LONGCHAMP,,,Nuit avec éclairage allumé,En agglomération,Intersection à plus de 4 branches,Temps couvert,Deux véhicules - côté,,,,,,,,,,,5,2,5,8.0,3.0
201000064152,0010-01-19 18:50:00,10,1,19,18,50,750,116,"104, AVENUE DU PRESIDENT",,,Nuit avec éclairage allumé,En agglomération,Hors intersection,Normale,Autre collision,,,,,,,,,,,5,2,1,1.0,6.0
201000064153,0010-01-20 09:10:00,10,1,20,9,10,750,116,"133, BOULEVARD EXELMANS",,,Plein jour,En agglomération,Intersection à plus de 4 branches,Pluie forte,Autre collision,,,,,,,,,,,1,2,5,3.0,6.0
201000064154,0010-01-20 10:15:00,10,1,20,10,15,750,116,AVENUE FERDINAND BUISSON,,,Plein jour,En agglomération,Intersection en T,Pluie forte,Autre collision,,,,,,,,,,,1,2,3,3.0,6.0
201000064155,0010-01-20 21:30:00,10,1,20,21,30,750,116,ALLEE DE LA REINE MARGUE,,,Nuit avec éclairage allumé,Hors agglomération,Hors intersection,Pluie légère,Deux véhicules - côté,,,,,,,,,,,5,1,1,2.0,3.0
201000064156,0010-01-21 16:50:00,10,1,21,16,50,750,116,BOULEVARD EMILE AUGIER,,,Plein jour,En agglomération,Intersection en X,Normale,Deux véhicules - côté,,,,,,,,,,,1,2,2,1.0,3.0