accident_id,datetime,annee,mois,jour,heure,minute,departement,commune_insee,adresse,latitude,longitude,luminosite,agglomeration,intersection,meteo,collision,nb_vehicules,nb_usagers,nb_indemnes,nb_tues,nb_blesses_hosp,nb_blesses_legers,age_cond_1,age_cond_2,veh_type_cond_1,veh_type_cond_2,lum_code,agg_code,int_code,atm_code,col_code
201000064157,0010-01-22 09:28:00,10,1,22,9,28,750,116,ROUTE DE LA PTE DES SABL,,,Plein jour,En agglomération,Hors intersection,Normale,Deux véhicules - arrière,,,,,,,,,,,1,2,1,1.0,2.0
201000064158,0010-01-22 11:35:00,10,1,22,11,35,750,116,"88, RUE DE LONGCHAMP",,,Plein jour,En agglomération,Hors intersection,Normale,Deux véhicules - arrière,,,,,,,,,,,1,2,1,1.0,2.0
201000064159,0010-01-22 17:10:00,10,1,22,17,10,750,116,"18, AVENUE DU PRESIDENT",,,Nuit avec éclairage allumé,En agglomération,Hors intersection,Normale,Autre collision,,,,,,,,,,,5,2,1,1.0,6.0
201000064160,0010-01-23 19:45:00,10,1,23,19,45,750,116,"47, AVENUE PAUL DOUMER",,,Nuit avec éclairage allumé,En agglomération,Intersection en X,Normale,Deux véhicules - arrière,,,,,,,,,,,5,2,2,1.0,2.0
201000064161,0010-01-24 18:10:00,10,1,24,18,10,750,116,ALLEE DE LA REINE MARGUE,,,Nuit avec éclairage allumé,En agglomération,Intersection en X,Pluie légère,Autre collision,,,,,,,,,,,5,2,2,2.0,6.0
201000064162,0010-01-26 01:15:00,10,1,26,1,15,750,116,ALLEE DE LA REINE MARGUE,,,Nuit avec éclairage allumé,En agglomération,Hors intersection,Normale,Autre collision,,,,,,,,,,,5,2,1,1.0,6.0
201000064163,0010-01-26 18:35:00,10,1,26,18,35,750,116,ROUTE DE LA MUETTE A NEU,,,Nuit avec éclairage allumé,En agglomération,Intersection en X,Normale,Deux véhicules - côté,,,,,,,,,,,5,2,2,1.0,3.0
201000064164,0010-01-27 10:05:00,10,1,27,10,5,750,116,ROUTE DES LACS A PASSY,,,Plein jour,En agglomération,Hors intersection,Normale,Autre collision,,,,,,,,,,,1,2,1,1.0,6.0
201000064165,0010-01-27 09:00:00,10,1,27,9,0,750,116,ALLEE DE LONGCHAMP,,,Plein jour,En agglomération,Hors intersection,Normale,Trois véhicules et plus - collisions multiples,,,,,,,,,,,1,2,1,1.0,5.0
201000064166,0010-01-27 15:15:00,10,1,27,15,15,750,116,"01, PLACE VICTOR HUGO",,,Plein jour,En agglomération,Intersection à plus de 4 branches,Normale,Deux véhicules - côté,,,,,,,,,,,1,2,5,1.0,3.0
201000064167,0010-01-27 19:47:00,10,1,27,19,47,750,116,"69, RUE DE LA POMPE",,,Crépuscule ou aube,En agglomération,Hors intersection,Normale,Autre collision,,,,,,,,,,,2,2,1,1.0,6.0
201000064168,0010-01-28 08:20:00,10,1,28,8,20,750,116,"37, AVENUE DE LA GRANDE",,,Plein jour,En agglomération,Hors intersection,Normale,Sans collision,,,,,,,,,,,1,2,1,1.0,7.0
201000064169,0010-01-29 13:20:00,10,1,29,13,20,750,116,"112, RUE DE LA TOUR",,,Plein jour,En agglomération,Intersection à plus de 4 branches,Pluie légère,Autre collision,,,,,,,,,,,1,2,5,2.0,6.0
201000064170,0010-01-29 19:45:00,10,1,29,19,45,750,116,"36, AVENUE PAUL DOUMER",,,Nuit avec éclairage allumé,En agglomération,Hors intersection,Pluie légère,Autre collision,,,,,,,,,,,5,2,1,2.0,6.0
201000064171,0010-02-02 01:25:00,10,2,2,1,25,750,116,"62, RUE SAINT DIDIER",,,Nuit avec éclairage allumé,En agglomération,Hors intersection,Normale,Autre collision,,,,,,,,,,,5,2,1,1.0,6.0
201000064172,0010-02-03 19:40:00,10,2,3,19,40,750,116,"XVI-9675, ROUTE DE LA MU",,,Nuit sans éclairage public,En agglomération,Hors intersection,Normale,Autre collision,,,,,,,,,,,3,2,1,1.0,6.0
201000064173,0010-02-05 09:40:00,10,2,5,9,40,750,116,PLACE DU TROCADERO ET DU,,,Plein jour,En agglomération,Hors intersection,Normale,Deux véhicules - côté,,,,,,,,,,,1,2,1,1.0,3.0
201000064174,0010-02-05 13:15:00,10,2,5,13,15,750,116,PLACE DU MARECHAL DE LAT,,,Plein jour,En agglomération,Intersection à plus de 4 branches,Normale,Deux véhicules - côté,,,,,,,,,,,1,2,5,1.0,3.0
201000064175,0010-02-05 13:45:00,10,2,5,13,45,750,116,"34, RUE DU DOCTEUR BLANC",,,Plein jour,En agglomération,Hors intersection,Normale,Autre collision,,,,,,,,,,,1,2,1,1.0,6.0
201000064176,0010-02-06 21:35:00,10,2,6,21,35,750,116,ALLEE DE LONGCHAMP,,,Nuit avec éclairage allumé,En agglomération,Intersection en X,Temps couvert,Deux véhicules - côté,,,,,,,,,,,5,2,2,8.0,3.0
201000064177,0010-02-08 08:30:00,10,2,8,8,30,750,116,"53, RUE D AUTEUIL",,,Plein jour,En agglomération,Hors intersection,Normale,Autre collision,,,,,,,,,,,1,2,1,1.0,6.0
201000064178,0010-02-08 10:30:00,10,2,8,10,30,750,116,"17, AVENUE KLEBER",,,Plein jour,En agglomération,Intersection en T,Pluie légère,Autre collision,,,,,,,,,,,1,2,3,2.0,6.0
201000064179,0010-02-10 01:10:00,10,2,10,1,10,750,116,"5, RUE DU RANELAGH",,,Nuit avec éclairage allumé,En agglomération,Hors intersection,Normale,Deux véhicules - côté,,,,,,,,,,,5,2,1,1.0,3.0
201000064180,0010-02-10 11:55:00,10,2,10,11,55,750,116,"37, AVENUE D IENA",,,Plein jour,En agglomération,Intersection à plus de 4 branches,Normale,Autre collision,,,,,,,,,,,1,2,5,1.0,6.0
201000064181,0010-02-11 19:55:00,10,2,11,19,55,750,116,"91, BOULEVARD MURAT",,,Nuit avec éclairage allumé,En agglomération,Hors intersection,Normale,Deux véhicules - côté,,,,,,,,,,,5,2,1,1.0,3.0
201000064182,0010-02-11 19:37:00,10,2,11,19,37,750,116,BOULEVARD LANNES,,,Nuit avec éclairage allumé,En agglomération,Intersection en T,Normale,Deux véhicules - côté,,,,,,,,,,,5,2,3,1.0,3.0
201000064183,0010-02-15 14:30:00,10,2,15,14,30,750,116,"39 bis, AVENUE PAUL DOUM",,,Plein jour,En agglomération,Hors intersection,Normale,Sans collision,,,,,,,,,,,1,2,1,1.0,7.0
201000064184,0010-02-16 10:10:00,10,2,16,10,10,750,116,"58, AVENUE RAYMOND POINC",,,Plein jour,En agglomération,Hors intersection,Normale,Trois véhicules et plus - collisions multiples,,,,,,,,,,,1,2,1,1.0,5.0
201000064185,0010-02-16 13:20:00,10,2,16,13,20,750,116,"109, BOULEVARD MURAT",,,Plein jour,En agglomération,Hors intersection,Normale,Autre collision,,,,,,,,,,,1,2,1,1.0,6.0
201000064186,0010-02-16 22:40:00,10,2,16,22,40,750,116,AVENUE DE L HIPPODROME,,,Nuit avec éclairage allumé,En agglomération,Hors intersection,Normale,Deux véhicules - côté,,,,,,,,,,,5,2,1,1.0,3.0
201000064187,0010-02-17 08:35:00,10,2,17,8,35,750,116,"78, AVENUE RAYMOND POINC",,,Plein jour,En agglomération,Intersection à plus de 4 branches,Temps couvert,Autre collision,,,,,,,,,,,1,2,5,8.0,6.0
201000064188,0010-02-17 14:00:00,10,2,17,14,0,750,116,AVENUE D IENA,,,Plein jour,En agglomération,Intersection à plus de 4 branches,Pluie légère,Autre collision,,,,,,,,,,,1,2,5,2.0,6.0
201000064189,0010-02-17 19:15:00,10,2,17,19,15,750,116,"170, AVENUE DE VERSAILLE",,,Nuit avec éclairage allumé,En agglomération,Hors intersection,Normale,Sans collision,,,,,,,,,,,5,2,1,1.0,7.0
201000064190,0010-02-18 04:45:00,10,2,18,4,45,750,116,"30, AVENUE DE VERSAILLES",,,Nuit avec éclairage allumé,En agglomération,Intersection en T,Normale,Autre collision,,,,,,,,,,,5,2,3,1.0,6.0
201000064191,0010-02-18 08:55:00,10,2,18,8,55,750,116,"28128 bis, AVENUE MOZART",,,Plein jour,En agglomération,Hors intersection,Normale,Autre collision,,,,,,,,,,,1,2,1,1.0,6.0
201000064192,0010-02-18 15:20:00,10,2,18,15,20,750,116,"1, RUE CHARDON LAGACHE",,,Plein jour,En agglomération,Intersection en X,Normale,Autre collision,,,,,,,,,,,1,2,2,1.0,6.0
201000064193,0010-02-18 18:50:00,10,2,18,18,50,750,116,"58, AVENUE D IENA",,,Nuit avec éclairage allumé,En agglomération,Intersection à plus de 4 branches,Normale,Sans collision,,,,,,,,,,,5,2,5,1.0,7.0
201000064194,0010-02-19 18:00:00,10,2,19,18,0,750,116,ALLEE DES FORTIFICATIONS,,,Crépuscule ou aube,En agglomération,Intersection à plus de 4 branches,Normale,Deux véhicules - côté,,,,,,,,,,,2,2,5,1.0,3.0
201000064195,0010-02-20 11:50:00,10,2,20,11,50,750,116,ALLEE DE LONGCHAMP,,,Plein jour,En agglomération,Intersection à plus de 4 branches,Normale,Trois véhicules et plus - en chaîne,,,,,,,,,,,1,2,5,1.0,4.0
201000064196,0010-02-22 13:30:00,10,2,22,13,30,750,116,"22, RUE DE CHAILLOT",,,Plein jour,En agglomération,Hors intersection,Normale,Autre collision,,,,,,,,,,,1,2,1,1.0,6.0
201000064197,0010-02-22 17:00:00,10,2,22,17,0,750,116,"50, RUE MOLITOR",,,Plein jour,En agglomération,Hors intersection,Normale,Autre collision,,,,,,,,,,,1,2,1,1.0,6.0
201000064198,0010-02-23 19:10:00,10,2,23,19,10,750,116,AVENUE DE NEUILLY,,,Nuit avec éclairage allumé,En agglomération,Hors intersection,Pluie légère,Sans collision,,,,,,,,,,,5,2,1,2.0,7.0
201000064199,0010-02-24 20:30:00,10,2,24,20,30,750,116,"72, AVENUE VICTOR HUGO",,,Nuit sans éclairage public,En agglomération,Hors intersection,Pluie légère,Autre collision,,,,,,,,,,,3,2,1,2.0,6.0
201000064200,0010-02-27 11:40:00,10,2,27,11,40,750,116,"2, ALLEE DU BORD DE L EA",,,Plein jour,En agglomération,Hors intersection,Normale,Autre collision,,,,,,,,,,,1,2,1,1.0,6.0
201000064201,0010-02-27 14:45:00,10,2,27,14,45,750,116,BOULEVARD DE L AMIRAL BR,,,Plein jour,En agglomération,Hors intersection,Normale,Deux véhicules - côté,,,,,,,,,,,1,2,1,1.0,3.0
201000064202,0010-02-27 14:20:00,10,2,27,14,20,750,116,"2, AVENUE FOCH",,,Plein jour,En agglomération,Hors intersection,Normale,Trois véhicules et plus - en chaîne,,,,,,,,,,,1,2,1,1.0,4.0
201000064203,0010-02-28 05:24:00,10,2,28,5,24,750,116,"37, AVENUE D IENA",,,Nuit avec éclairage allumé,En agglomération,Hors intersection,Normale,Autre collision,,,,,,,,,,,5,2,1,1.0,6.0
201000064204,0010-03-01 01:00:00,10,3,1,1,0,750,116,AVENUE FOCH,,,Nuit avec éclairage allumé,En agglomération,Intersection en X,Normale,Deux véhicules - côté,,,,,,,,,,,5,2,2,1.0,3.0
201000064205,0010-03-01 16:30:00,10,3,1,16,30,750,116,"10, RUE DE LA POMPE",,,Plein jour,En agglomération,Intersection à plus de 4 branches,Normale,Deux véhicules - côté,,,,,,,,,,,1,2,5,1.0,3.0
201000064206,0010-03-02 06:05:00,10,3,2,6,5,750,116,"02, AVENUE DE NEW YORK",,,Nuit avec éclairage allumé,En agglomération,Hors intersection,Temps couvert,Autre collision,,,,,,,,,,,5,2,1,8.0,6.0
201000064207,0010-03-02 12:05:00,10,3,2,12,5,750,116,BOULEVARD DE BEAUSEJOUR,,,Plein jour,En agglomération,Intersection en Y,Normale,Deux véhicules - arrière,,,,,,,,,,,1,2,4,1.0,2.0
201000064208,0010-03-03 06:45:00,10,3,3,6,45,750,116,AVENUE FOCH,,,Crépuscule ou aube,En agglomération,Intersection à plus de 4 branches,Normale,Deux véhicules - côté,,,,,,,,,,,2,2,5,1.0,3.0
201000064209,0010-03-03 08:45:00,10,3,3,8,45,750,116,AVENUE DU PRESIDENT KENN,,,Plein jour,En agglomération,Hors intersection,Normale,Sans collision,,,,,,,,,,,1,2,1,1.0,7.0
201000064210,0010-03-03 13:15:00,10,3,3,13,15,750,116,AVENUE DES NATIONS UNIES,,,Plein jour,En agglomération,Hors intersection,Normale,Deux véhicules - côté,,,,,,,,,,,1,2,1,1.0,3.0
201000064211,0010-03-04 23:45:00,10,3,4,23,45,750,116,ALLEE DE LA REINE MARGUE,,,Nuit avec éclairage allumé,En agglomération,Hors intersection,Normale,Deux véhicules - arrière,,,,,,,,,,,5,2,1,1.0,2.0
201000064212,0010-03-05 08:00:00,10,3,5,8,0,750,116,QUAI SAINT EXUPERY,,,Plein jour,En agglomération,Hors intersection,Normale,Deux véhicules - arrière,,,,,,,,,,,1,2,1,1.0,2.0
201000064213,0010-03-05 16:35:00,10,3,5,16,35,750,116,"113, BOULEVARD MURAT",,,Plein jour,En agglomération,Intersection à plus de 4 branches,Normale,Deux véhicules - côté,,,,,,,,,,,1,2,5,1.0,3.0
201000064214,0010-03-07 03:45:00,10,3,7,3,45,750,116,AVENUE DE NEW YORK,,,Nuit avec éclairage allumé,En agglomération,Hors intersection,Normale,Autre collision,,,,,,,,,,,5,2,1,1.0,6.0
201000064215,0010-03-08 15:40:00,10,3,8,15,40,750,116,"15, RUE SINGER",,,Plein jour,En agglomération,Intersection à plus de 4 branches,Normale,Autre collision,,,,,,,,,,,1,2,5,1.0,6.0
201000064216,0010-03-09 08:20:00,10,3,9,8,20,750,116,"60, AVENUE D IENA",,,Plein jour,En agglomération,Intersection à plus de 4 branches,Normale,Deux véhicules - côté,,,,,,,,,,,1,2,5,1.0,3.0
201000064217,0010-03-09 09:25:00,10,3,9,9,25,750,116,PLACE CLEMENT ADER,,,Plein jour,En agglomération,Intersection à plus de 4 branches,Normale,Trois véhicules et plus - collisions multiples,,,,,,,,,,,1,2,5,1.0,5.0
201000064218,0010-03-10 00:15:00,10,3,10,0,15,750,116,BOULEVARD MURAT,,,Nuit avec éclairage allumé,En agglomération,Intersection en Y,Normale,Deux véhicules - côté,,,,,,,,,,,5,2,4,1.0,3.0
201000064219,0010-03-10 08:10:00,10,3,10,8,10,750,116,"3, RUE D AUTEUIL",,,Plein jour,En agglomération,Hors intersection,Normale,Autre collision,,,,,,,,,,,1,2,1,1.0,6.0
201000064220,0010-03-12 03:40:00,10,3,12,3,40,750,116,ALLEE DE LONGCHAMP,,,Nuit avec éclairage allumé,En agglomération,Hors intersection,Normale,Autre collision,,,,,,,,,,,5,2,1,1.0,6.0
201000064221,0010-03-12 10:00:00,10,3,12,10,0,750,116,"35, AVENUE FERDINAND BUI",,,Plein jour,En agglomération,Hors intersection,Normale,Deux véhicules - côté,,,,,,,,,,,1,2,1,1.0,3.0
201000064222,0010-03-13 11:20:00,10,3,13,11,20,750,116,"41, RUE MOLITOR",,,Plein jour,En agglomération,Hors intersection,Normale,Deux véhicules - arrière,,,,,,,,,,,1,2,1,1.0,2.0
201000064223,0010-03-13 17:40:00,10,3,13,17,40,750,116,AVENUE D IENA,,,Plein jour,En agglomération,Hors intersection,Normale,Deux véhicules - côté,,,,,,,,,,,1,2,1,1.0,3.0
201000064224,0010-03-13 20:50:00,10,3,13,20,50,750,116,"41ter, RUE CLAUDE TERRAS",,,Nuit avec éclairage allumé,En agglomération,Hors intersection,Normale,Deux véhicules - côté,,,,,,,,,,,5,2,1,1.0,3.0
201000064225,0010-03-15 09:50:00,10,3,15,9,50,750,116,"08, AVENUE DU PRESIDENT",,,Plein jour,En agglomération,Hors intersection,Normale,Deux véhicules - arrière,,,,,,,,,,,1,2,1,1.0,2.0
201000064226,0010-03-17 08:10:00,10,3,17,8,10,750,116,"92, AVENUE D IENA",,,Plein jour,En agglomération,Intersection en Y,Normale,Deux véhicules - côté,,,,,,,,,,,1,2,4,1.0,3.0
201000064227,0010-03-17 09:30:00,10,3,17,9,30,750,116,"12, BOULEVARD D AUTEUIL",,,Plein jour,En agglomération,Hors intersection,Normale,Deux véhicules - côté,,,,,,,,,,,1,2,1,1.0,3.0
201000064228,0010-03-18 04:40:00,10,3,18,4,40,750,116,PLACE VICTOR HUGO,,,Nuit avec éclairage allumé,En agglomération,Intersection à plus de 4 branches,Normale,Autre collision,,,,,,,,,,,5,2,5,1.0,6.0
201000064229,0010-03-18 13:00:00,10,3,18,13,0,750,116,"53, BOULEVARD DE BEAUSEJ",,,Plein jour,En agglomération,Hors intersection,Normale,Deux véhicules - côté,,,,,,,,,,,1,2,1,1.0,3.0
201000064230,0010-03-19 15:45:00,10,3,19,15,45,750,116,PLACE D IENA,,,Plein jour,En agglomération,Intersection en X,Normale,Deux véhicules - arrière,,,,,,,,,,,1,2,2,1.0,2.0
201000064231,0010-03-19 18:11:00,10,3,19,18,11,750,116,AVENUE BUGEAUD,,,Plein jour,En agglomération,Hors intersection,Normale,Autre collision,,,,,,,,,,,1,2,1,1.0,6.0
201000064232,0010-03-19 20:44:00,10,3,19,20,44,750,116,"90, BOULEVARD MURAT",,,Nuit avec éclairage allumé,En agglomération,Hors intersection,Pluie forte,Autre collision,,,,,,,,,,,5,2,1,3.0,6.0
201000064233,0010-03-20 01:00:00,10,3,20,1,0,750,116,ALLEE DE LONGCHAMP,,,Nuit avec éclairage allumé,En agglomération,Hors intersection,Pluie légère,Deux véhicules - côté,,,,,,,,,,,5,2,1,2.0,3.0
201000064234,0010-03-20 10:50:00,10,3,20,10,50,750,116,"32, BOULEVARD LANNES",,,Plein jour,En agglomération,Hors intersection,Normale,Autre collision,,,,,,,,,,,1,2,1,1.0,6.0
201000064235,0010-03-20 20:30:00,10,3,20,20,30,750,116,"1 bis, AVENUE DE LA PORT",,,Nuit avec éclairage allumé,En agglomération,Intersection en Y,Pluie légère,Deux véhicules - côté,,,,,,,,,,,5,2,4,2.0,3.0
201000064236,0010-03-22 20:35:00,10,3,22,20,35,750,116,"37, RUE CLAUDE TERRASSE",,,Nuit avec éclairage allumé,En agglomération,Intersection en X,Normale,Deux véhicules - côté,,,,,,,,,,,5,2,2,1.0,3.0
201000064237,0010-03-23 09:30:00,10,3,23,9,30,750,116,BOULEVARD PERIPHERIQUE I,,,Plein jour,En agglomération,Hors intersection,Normale,Deux véhicules - côté,,,,,,,,,,,1,2,1,1.0,3.0
201000064238,0010-03-24 12:08:00,10,3,24,12,8,750,116,"23, AVENUE DE NEUILLY",,,Plein jour,En agglomération,Intersection en T,Normale,Deux véhicules - arrière,,,,,,,,,,,1,2,3,1.0,2.0
201000064239,0010-03-25 03:10:00,10,3,25,3,10,750,116,ALLEE DE LA REINE MARGUE,,,Nuit avec éclairage allumé,En agglomération,Hors intersection,Normale,Autre collision,,,,,,,,,,,5,2,1,1.0,6.0
201000064240,0010-03-25 18:10:00,10,3,25,18,10,750,116,"97, AVENUE VICTOR HUGO",,,Plein jour,En agglomération,Hors intersection,Normale,Autre collision,,,,,,,,,,,1,2,1,1.0,6.0
201000064241,0010-03-25 18:15:00,10,3,25,18,15,750,116,"17, BOULEVARD LANNES",,,Plein jour,En agglomération,Hors intersection,Pluie légère,Deux véhicules - arrière,,,,,,,,,,,1,2,1,2.0,2.0
201000064242,0010-03-27 11:45:00,10,3,27,11,45,750,116,"0, RUE DE PASSY",,,Plein jour,En agglomération,Hors intersection,Normale,Autre collision,,,,,,,,,,,1,2,1,1.0,6.0
201000064243,0010-03-27 10:35:00,10,3,27,10,35,750,116,"54, RUE POUSSIN",,,Plein jour,En agglomération,Hors intersection,Pluie légère,Deux véhicules - côté,,,,,,,,,,,1,2,1,2.0,3.0
201000064244,0010-03-29 10:50:00,10,3,29,10,50,750,116,"21, AVENUE KLEBER",,,Plein jour,En agglomération,Hors intersection,Normale,Deux véhicules - côté,,,,,,,,,,,1,2,1,1.0,3.0
201000064245,0010-03-31 15:50:00,10,3,31,15,50,750,116,"5, AVENUE MARCEAU",,,Plein jour,En agglomération,Intersection en Y,Pluie légère,Deux véhicules - côté,,,,,,,,,,,1,2,4,2.0,3.0
201000064246,0010-04-01 10:49:00,10,4,1,10,49,750,116,PLACE DU TROCADERO,,,Plein jour,En agglomération,Hors intersection,Normale,Autre collision,,,,,,,,,,,1,2,1,1.0,6.0
201000064247,0010-04-01 13:10:00,10,4,1,13,10,750,116,PLACE CHARLES DE GAULLE,,,Plein jour,En agglomération,Intersection à plus de 4 branches,Normale,Deux véhicules - arrière,,,,,,,,,,,1,2,5,1.0,2.0
201000064248,0010-04-02 12:45:00,10,4,2,12,45,750,116,RUE CHARDON LAGACHE,,,Plein jour,En agglomération,Intersection en X,Normale,Autre collision,,,,,,,,,,,1,2,2,1.0,6.0
201000064249,0010-04-03 10:30:00,10,4,3,10,30,750,116,"70, RUE BOISSIERE",,,Plein jour,En agglomération,Hors intersection,Pluie légère,Autre collision,,,,,,,,,,,1,2,1,2.0,6.0
201000064250,0010-04-03 15:45:00,10,4,3,15,45,750,116,PLACE DU DOCTEUR PAUL MI,,,Plein jour,En agglomération,Intersection à plus de 4 branches,Temps couvert,Deux véhicules - côté,,,,,,,,,,,1,2,5,8.0,3.0
201000064251,0010-04-03 16:40:00,10,4,3,16,40,750,116,AVENUE DE VERSAILLES,,,Plein jour,En agglomération,Intersection à plus de 4 branches,Normale,Autre collision,,,,,,,,,,,1,2,5,1.0,6.0
201000064252,0010-04-04 08:20:00,10,4,4,8,20,750,116,PLACE CLEMENT ADER,,,Crépuscule ou aube,En agglomération,Intersection à plus de 4 branches,Pluie légère,Deux véhicules - côté,,,,,,,,,,,2,2,5,2.0,3.0
201000064253,0010-04-05 03:35:00,10,4,5,3,35,750,116,ROUTE DE LA MUETTE A NEU,,,Nuit avec éclairage allumé,En agglomération,Hors intersection,Normale,Autre collision,,,,,,,,,,,5,2,1,1.0,6.0
201000064254,0010-04-05 17:15:00,10,4,5,17,15,750,116,PLACE DE LA PORTE MAILLO,,,Plein jour,En agglomération,Intersection à plus de 4 branches,Normale,Deux véhicules - côté,,,,,,,,,,,1,2,5,1.0,3.0
201000064255,0010-04-05 18:55:00,10,4,5,18,55,750,116,PLACE DE LA PORTE D AUTE,,,Plein jour,En agglomération,Intersection à plus de 4 branches,Normale,Deux véhicules - côté,,,,,,,,,,,1,2,5,1.0,3.0
201000064256,0010-04-06 17:35:00,10,4,6,17,35,750,116,AVENUE FOCH,,,Plein jour,En agglomération,Intersection en X,Normale,Autre collision,,,,,,,,,,,1,2,2,1.0,6.0
201000064257,0010-04-06 19:30:00,10,4,6,19,30,750,116,ROUTE DE SEVRES A NEUILL,,,Crépuscule ou aube,En agglomération,Hors intersection,Normale,Trois véhicules et plus - en chaîne,,,,,,,,,,,2,2,1,1.0,4.0
201000064258,0010-04-07 14:30:00,10,4,7,14,30,750,116,RUE DE LA POMPE,,,Plein jour,En agglomération,Intersection en X,Normale,Deux véhicules - côté,,,,,,,,,,,1,2,2,1.0,3.0
201000064259,0010-04-07 19:05:00,10,4,7,19,5,750,116,AVENUE D IENA,,,Plein jour,En agglomération,Intersection à plus de 4 branches,Normale,Sans collision,,,,,,,,,,,1,2,5,1.0,7.0
201000064260,0010-04-07 20:30:00,10,4,7,20,30,750,116,ROUTE DE LA PTE DAUPHINE,,,Nuit sans éclairage public,En agglomération,Hors intersection,Temps couvert,Autre collision,,,,,,,,,,,3,2,1,8.0,6.0
201000064261,0010-04-09 19:40:00,10,4,9,19,40,750,116,AVENUE DE LA GRANDE ARME,,,Plein jour,En agglomération,Intersection à plus de 4 branches,Normale,Deux véhicules - côté,,,,,,,,,,,1,2,5,1.0,3.0
201000064262,0010-04-09 20:00:00,10,4,9,20,0,750,116,"84, BOULEVARD EXELMANS",,,Crépuscule ou aube,En agglomération,Hors intersection,Normale,Autre collision,,,,,,,,,,,2,2,1,1.0,6.0
201000064263,0010-04-10 10:45:00,10,4,10,10,45,750,116,"32, RUE DE PASSY",,,Plein jour,En agglomération,Intersection en T,Normale,Autre collision,,,,,,,,,,,1,2,3,1.0,6.0
201000064264,0010-04-11 17:30:00,10,4,11,17,30,750,116,ROUTE DE LA MUETTE A NEU,,,Plein jour,En agglomération,Hors intersection,Normale,Autre collision,,,,,,,,,,,1,2,1,1.0,6.0
201000064265,0010-04-12 09:05:00,10,4,12,9,5,750,116,ALLEE DE LA REINE MARGUE,,,Plein jour,En agglomération,Hors intersection,Normale,Deux véhicules - côté,,,,,,,,,,,1,2,1,1.0,3.0
201000064266,0010-04-12 16:10:00,10,4,12,16,10,750,116,"10, QUAI LOUIS BLERIOT",,,Plein jour,En agglomération,Intersection en Y,Normale,Deux véhicules - côté,,,,,,,,,,,1,2,4,1.0,3.0
201000064267,0010-04-13 00:50:00,10,4,13,0,50,750,116,PLACE DE BARCELONE,,,Nuit avec éclairage allumé,En agglomération,Intersection à plus de 4 branches,Normale,Autre collision,,,,,,,,,,,5,2,5,1.0,6.0
201000064268,0010-04-13 19:00:00,10,4,13,19,0,750,116,"53, BOULEVARD DE L AMIRA",,,Plein jour,En agglomération,Hors intersection,Normale,Deux véhicules - côté,,,,,,,,,,,1,2,1,1.0,3.0
201000064269,0010-04-14 01:05:00,10,4,14,1,5,750,116,PLACE DU MARECHAL DE LAT,,,Nuit avec éclairage allumé,En agglomération,Hors intersection,Pluie légère,Autre collision,,,,,,,,,,,5,2,1,2.0,6.0
201000064270,0010-04-15 12:35:00,10,4,15,12,35,750,116,CHAUSSEE LA MUETTE,,,Plein jour,En agglomération,Intersection à plus de 4 branches,Normale,Deux véhicules - côté,,,,,,,,,,,1,2,5,1.0,3.0
201000064271,0010-04-15 11:50:00,10,4,15,11,50,750,116,"4, AVENUE DU PRESIDENT K",,,Plein jour,En agglomération,Hors intersection,Normale,Autre collision,,,,,,,,,,,1,2,1,1.0,6.0
201000064272,0010-04-15 14:25:00,10,4,15,14,25,750,116,ROUTE DES LACS A PASSY,,,Plein jour,En agglomération,Intersection en Y,Normale,Autre collision,,,,,,,,,,,1,2,4,1.0,6.0
201000064273,0010-04-15 20:30:00,10,4,15,20,30,750,116,"27, AVENUE GEORGES MANDE",,,Nuit avec éclairage allumé,En agglomération,Hors intersection,Pluie légère,Deux véhicules - arrière,,,,,,,,,,,5,2,1,2.0,2.0
201000064274,0010-04-16 10:40:00,10,4,16,10,40,750,116,AVENUE FOCH,,,Plein jour,En agglomération,Hors intersection,Normale,Deux véhicules - côté,,,,,,,,,,,1,2,1,1.0,3.0
201000064275,0010-04-16 15:00:00,10,4,16,15,0,750,116,CHAUSSEE LA MUETTE,,,Plein jour,En agglomération,Intersection à plus de 4 branches,Normale,Deux véhicules - côté,,,,,,,,,,,1,2,5,1.0,3.0
201000064276,0010-04-16 15:45:00,10,4,16,15,45,750,116,"08, RUE LAURENT PICHAT",,,Plein jour,En agglomération,Hors intersection,Normale,Sans collision,,,,,,,,,,,1,2,1,1.0,7.0
201000064277,0010-04-16 18:40:00,10,4,16,18,40,750,116,PLACE DE LA PORTE MOLITO,,,Plein jour,En agglomération,Intersection à plus de 4 branches,Normale,Autre collision,,,,,,,,,,,1,2,5,1.0,6.0
201000064278,0010-04-17 14:25:00,10,4,17,14,25,750,116,PLACE DE LA PORTE D AUTE,,,Plein jour,En agglomération,Intersection à plus de 4 branches,Normale,Deux véhicules - côté,,,,,,,,,,,1,2,5,1.0,3.0
201000064279,0010-04-18 13:10:00,10,4,18,13,10,750,116,ROUTE DE LA PTE DES SABL,,,Plein jour,En agglomération,Hors intersection,Normale,Autre collision,,,,,,,,,,,1,2,1,1.0,6.0
201000064280,0010-04-19 12:00:00,10,4,19,12,0,750,116,ALLEE DE LONGCHAMP,,,Plein jour,En agglomération,Intersection en X,Normale,Deux véhicules - côté,,,,,,,,,,,1,2,2,1.0,3.0
201000064281,0010-04-19 17:22:00,10,4,19,17,22,750,116,"69, AVENUE VICTOR HUGO",,,Plein jour,En agglomération,Hors intersection,Normale,Deux véhicules - côté,,,,,,,,,,,1,2,1,1.0,3.0