accident_id,datetime,annee,mois,jour,heure,minute,departement,commune_insee,adresse,latitude,longitude,luminosite,agglomeration,intersection,meteo,collision,nb_vehicules,nb_usagers,nb_indemnes,nb_tues,nb_blesses_hosp,nb_blesses_legers,age_cond_1,age_cond_2,veh_type_cond_1,veh_type_cond_2,lum_code,agg_code,int_code,atm_code,col_code
201000064282,0010-04-19 17:30:00,10,4,19,17,30,750,116,ALLEE DE LA REINE MARGUE,,,Plein jour,En agglomération,Hors intersection,Normale,Deux véhicules - côté,,,,,,,,,,,1,2,1,1.0,3.0
201000064283,0010-04-20 21:55:00,10,4,20,21,55,750,116,PLACE DE LA PORTE DE SAI,,,Nuit avec éclairage allumé,En agglomération,Hors intersection,Normale,Autre collision,,,,,,,,,,,5,2,1,1.0,6.0
201000064284,0010-04-21 06:40:00,10,4,21,6,40,750,116,"37, BOULEVARD LANNES",,,Plein jour,En agglomération,Intersection en T,Normale,Deux véhicules - frontale,,,,,,,,,,,1,2,3,1.0,1.0
201000064285,0010-04-22 15:40:00,10,4,22,15,40,750,116,"40, AVENUE RAYMOND POINC",,,Plein jour,En agglomération,Intersection à plus de 4 branches,Normale,Trois véhicules et plus - collisions multiples,,,,,,,,,,,1,2,5,1.0,5.0
201000064286,0010-04-23 13:40:00,10,4,23,13,40,750,116,"15, BOULEVARD LANNES",,,Plein jour,En agglomération,Intersection en T,Normale,Deux véhicules - arrière,,,,,,,,,,,1,2,3,1.0,2.0
201000064287,0010-04-23 16:50:00,10,4,23,16,50,750,116,ROUTE DE LA PTE DES SABL,,,Plein jour,En agglomération,Intersection à plus de 4 branches,Normale,Deux véhicules - côté,,,,,,,,,,,1,2,5,1.0,3.0
201000064288,0010-04-23 17:20:00,10,4,23,17,20,750,116,"69, BOULEVARD LANNES",,,Plein jour,En agglomération,Hors intersection,Normale,Deux véhicules - arrière,,,,,,,,,,,1,2,1,1.0,2.0
201000064289,0010-04-25 12:20:00,10,4,25,12,20,750,116,ROUTE DE SEVRES A NEUILL,,,Plein jour,En agglomération,Hors intersection,Normale,Deux véhicules - arrière,,,,,,,,,,,1,2,1,1.0,2.0
201000064290,0010-04-25 18:50:00,10,4,25,18,50,750,116,AVENUE DE LA GRANDE ARME,,,Plein jour,En agglomération,Intersection à plus de 4 branches,Normale,Sans collision,,,,,,,,,,,1,2,5,1.0,7.0
201000064291,0010-04-25 18:10:00,10,4,25,18,10,750,116,ALLEE DE LONGCHAMP,,,Plein jour,En agglomération,Hors intersection,Normale,Trois véhicules et plus - en chaîne,,,,,,,,,,,1,2,1,1.0,4.0
201000064292,0010-04-26 07:50:00,10,4,26,7,50,750,116,PLACE DE LA PORTE MAILLO,,,Plein jour,Hors agglomération,Intersection à plus de 4 branches,Normale,Autre collision,,,,,,,,,,,1,1,5,1.0,6.0
201000064293,0010-04-26 12:30:00,10,4,26,12,30,750,116,RUE MOLITOR,,,Plein jour,En agglomération,Intersection en X,Normale,Deux véhicules - côté,,,,,,,,,,,1,2,2,1.0,3.0
201000064294,0010-04-27 14:30:00,10,4,27,14,30,750,116,PLACE DU TROCADERO,,,Plein jour,En agglomération,Intersection à plus de 4 branches,Normale,Deux véhicules - côté,,,,,,,,,,,1,2,5,1.0,3.0
201000064295,0010-04-27 14:48:00,10,4,27,14,48,750,116,ALLEE DE LA REINE MARGUE,,,Plein jour,En agglomération,Intersection en X,Normale,Deux véhicules - arrière,,,,,,,,,,,1,2,2,1.0,2.0
201000064296,0010-04-28 17:30:00,10,4,28,17,30,750,116,"6, RUE DAUMIER",,,Plein jour,En agglomération,Hors intersection,Normale,Autre collision,,,,,,,,,,,1,2,1,1.0,6.0
201000064297,0010-04-29 11:30:00,10,4,29,11,30,750,116,"1 et 2, RUE LALO",,,Plein jour,En agglomération,Intersection en T,Normale,Autre collision,,,,,,,,,,,1,2,3,1.0,6.0
201000064298,0010-04-29 16:00:00,10,4,29,16,0,750,116,"26, AVENUE VICTOR HUGO",,,Plein jour,En agglomération,Hors intersection,Normale,Autre collision,,,,,,,,,,,1,2,1,1.0,6.0
201000064299,0010-04-30 07:35:00,10,4,30,7,35,750,116,"84, AVENUE HENRI MARTIN",,,Plein jour,En agglomération,Hors intersection,Normale,Autre collision,,,,,,,,,,,1,2,1,1.0,6.0
201000064300,0010-04-30 19:30:00,10,4,30,19,30,750,116,RUE MIGNARD,,,Plein jour,En agglomération,Intersection en X,Normale,Autre collision,,,,,,,,,,,1,2,2,1.0,6.0
201000064301,0010-04-30 12:25:00,10,4,30,12,25,750,116,"100, AVENUE RAYMOND POIN",,,Plein jour,En agglomération,Hors intersection,Normale,Deux véhicules - côté,,,,,,,,,,,1,2,1,1.0,3.0
201000064302,0010-05-02 13:00:00,10,5,2,13,0,750,116,"6, RUE DE LA MISSION MAR",,,Plein jour,En agglomération,Hors intersection,Normale,Autre collision,,,,,,,,,,,1,2,1,1.0,6.0
201000064303,0010-05-03 13:15:00,10,5,3,13,15,750,108,AVENUE MARCEAU,,,Plein jour,En agglomération,Intersection en X,Normale,Sans collision,,,,,,,,,,,1,2,2,1.0,7.0
201000064304,0010-05-03 23:25:00,10,5,3,23,25,750,116,BOULEVARD MURAT,,,Nuit avec éclairage allumé,En agglomération,Intersection à plus de 4 branches,Normale,Autre collision,,,,,,,,,,,5,2,5,1.0,6.0
201000064305,0010-05-04 09:15:00,10,5,4,9,15,750,116,ALLEE DE LONGCHAMP,,,Plein jour,En agglomération,Hors intersection,Normale,Deux véhicules - côté,,,,,,,,,,,1,2,1,1.0,3.0
201000064306,0010-05-04 10:20:00,10,5,4,10,20,750,116,"45, AVENUE RAYMOND POINC",,,Plein jour,En agglomération,Hors intersection,Normale,Sans collision,,,,,,,,,,,1,2,1,1.0,7.0
201000064307,0010-05-04 17:20:00,10,5,4,17,20,750,116,AVENUE EDOUARD VAILLANT,,,Plein jour,En agglomération,Intersection en X,Normale,Deux véhicules - côté,,,,,,,,,,,1,2,2,1.0,3.0
201000064308,0010-05-04 23:10:00,10,5,4,23,10,750,116,AVENUE DE L HIPPODROME,,,Nuit avec éclairage allumé,En agglomération,Hors intersection,Normale,Sans collision,,,,,,,,,,,5,2,1,1.0,7.0
201000064309,0010-05-04 22:40:00,10,5,4,22,40,750,116,AVENUE DE VERSAILLES,,,Nuit avec éclairage allumé,En agglomération,Intersection à plus de 4 branches,Normale,Deux véhicules - arrière,,,,,,,,,,,5,2,5,1.0,2.0
201000064310,0010-05-05 17:30:00,10,5,5,17,30,750,116,"107, RUE DE LONGCHAMP",,,Plein jour,En agglomération,Hors intersection,Normale,Deux véhicules - côté,,,,,,,,,,,1,2,1,1.0,3.0
201000064311,0010-05-06 07:05:00,10,5,6,7,5,750,116,PLACE JEAN MONNET,,,Plein jour,En agglomération,Intersection à plus de 4 branches,Normale,Autre collision,,,,,,,,,,,1,2,5,1.0,6.0
201000064312,0010-05-06 21:10:00,10,5,6,21,10,750,116,"5, PLACE DE LA PORTE DE",,,Crépuscule ou aube,En agglomération,Hors intersection,Normale,Autre collision,,,,,,,,,,,2,2,1,1.0,6.0
201000064313,0010-05-09 13:15:00,10,5,9,13,15,750,116,ROUTE DE LA MUETTE A NEU,,,Plein jour,En agglomération,Intersection en Y,Normale,Deux véhicules - arrière,,,,,,,,,,,1,2,4,1.0,2.0
201000064314,0010-05-09 14:50:00,10,5,9,14,50,750,116,ROUTE DES TRIBUNES,,,Plein jour,En agglomération,Hors intersection,Normale,Autre collision,,,,,,,,,,,1,2,1,1.0,6.0
201000064315,0010-05-11 11:10:00,10,5,11,11,10,750,116,AVENUE D IENA,,,Plein jour,En agglomération,Intersection en X,Temps couvert,Sans collision,,,,,,,,,,,1,2,2,8.0,7.0
201000064316,0010-05-11 14:35:00,10,5,11,14,35,750,116,PLACE DE LA PORTE MAILLO,,,Plein jour,En agglomération,Intersection en X,Pluie légère,Deux véhicules - côté,,,,,,,,,,,1,2,2,2.0,3.0
201000064317,0010-05-12 14:20:00,10,5,12,14,20,750,116,BOULEVARD PERIPHERIQUE I,,,Plein jour,Hors agglomération,Hors intersection,Normale,Deux véhicules - côté,,,,,,,,,,,1,1,1,1.0,3.0
201000064318,0010-05-12 21:50:00,10,5,12,21,50,750,116,AVENUE DU PRESIDENT WILS,,,Nuit avec éclairage allumé,En agglomération,Intersection en X,Normale,Deux véhicules - côté,,,,,,,,,,,5,2,2,1.0,3.0
201000064319,0010-05-13 00:33:00,10,5,13,0,33,750,116,"7, BOULEVARD DE MONTMORE",,,Nuit avec éclairage allumé,En agglomération,Hors intersection,Normale,Autre collision,,,,,,,,,,,5,2,1,1.0,6.0
201000064320,0010-05-12 23:55:00,10,5,12,23,55,750,116,BOULEVARD LANNES,,,Nuit avec éclairage allumé,En agglomération,Intersection à plus de 4 branches,Normale,Autre collision,,,,,,,,,,,5,2,5,1.0,6.0
201000064321,0010-05-13 08:15:00,10,5,13,8,15,750,116,ROUTE DES TRIBUNES,,,Plein jour,En agglomération,Intersection en Y,Normale,Autre collision,,,,,,,,,,,1,2,4,1.0,6.0
201000064322,0010-05-14 19:10:00,10,5,14,19,10,750,116,"27, AVENUE THEOPHILE GAU",,,Plein jour,En agglomération,Intersection en T,Pluie légère,Autre collision,,,,,,,,,,,1,2,3,2.0,6.0
201000064323,0010-05-14 19:55:00,10,5,14,19,55,750,116,"59, BOULEVARD MURAT",,,Plein jour,En agglomération,Intersection en X,Normale,Autre collision,,,,,,,,,,,1,2,2,1.0,6.0
201000064324,0010-05-14 16:45:00,10,5,14,16,45,750,116,AVENUE DE LA PORTE DE SA,,,Plein jour,En agglomération,Intersection en Y,Normale,Autre collision,,,,,,,,,,,1,2,4,1.0,6.0
201000064325,0010-05-14 19:45:00,10,5,14,19,45,750,116,ROUTE DE SURESNES,,,Plein jour,En agglomération,Intersection en Y,Pluie légère,Autre collision,,,,,,,,,,,1,2,4,2.0,6.0
201000064326,0010-05-14 18:25:00,10,5,14,18,25,750,116,AVENUE MARCEAU,,,Plein jour,En agglomération,Hors intersection,Pluie légère,Sans collision,,,,,,,,,,,1,2,1,2.0,7.0
201000064327,0010-05-16 04:07:00,10,5,16,4,7,750,116,ALLEE DE LA REINE MARGUE,,,Nuit avec éclairage allumé,En agglomération,Hors intersection,Normale,Deux véhicules - côté,,,,,,,,,,,5,2,1,1.0,3.0
201000064328,0010-05-16 06:10:00,10,5,16,6,10,750,116,PLACE CHARLES DE GAULLE,,,Crépuscule ou aube,En agglomération,Intersection à plus de 4 branches,Normale,Deux véhicules - côté,,,,,,,,,,,2,2,5,1.0,3.0
201000064329,0010-05-16 05:25:00,10,5,16,5,25,750,116,"54, AVENUE DE NEW YORK",,,Crépuscule ou aube,En agglomération,Hors intersection,Normale,Autre collision,,,,,,,,,,,2,2,1,1.0,6.0
201000064330,0010-05-17 10:00:00,10,5,17,10,0,750,116,AVENUE FOCH,,,Plein jour,En agglomération,Intersection à plus de 4 branches,Normale,Sans collision,,,,,,,,,,,1,2,5,1.0,7.0
201000064331,0010-05-18 08:30:00,10,5,18,8,30,750,116,ALLEE DE LA REINE MARGUE,,,Plein jour,Hors agglomération,Hors intersection,Normale,Deux véhicules - côté,,,,,,,,,,,1,1,1,1.0,3.0
201000064332,0010-05-18 14:35:00,10,5,18,14,35,750,116,"14, AVENUE KLEBER",,,Plein jour,En agglomération,Hors intersection,Normale,Deux véhicules - côté,,,,,,,,,,,1,2,1,1.0,3.0
201000064333,0010-05-19 02:55:00,10,5,19,2,55,750,116,ROUTE DE SURESNES,,,Nuit avec éclairage allumé,En agglomération,Hors intersection,Normale,Autre collision,,,,,,,,,,,5,2,1,1.0,6.0
201000064334,0010-05-19 08:20:00,10,5,19,8,20,750,116,"45, RUE CLAUDE TERRASSE",,,Plein jour,En agglomération,Hors intersection,Normale,Autre collision,,,,,,,,,,,1,2,1,1.0,6.0
201000064335,0010-05-19 12:15:00,10,5,19,12,15,750,116,"01, CHAUSSEE LA MUETTE",,,Plein jour,En agglomération,Hors intersection,Normale,Deux véhicules - côté,,,,,,,,,,,1,2,1,1.0,3.0
201000064336,0010-05-19 14:00:00,10,5,19,14,0,750,116,"46, BOULEVARD MURAT",,,Plein jour,En agglomération,Hors intersection,Normale,Deux véhicules - arrière,,,,,,,,,,,1,2,1,1.0,2.0
201000064337,0010-05-19 14:20:00,10,5,19,14,20,750,116,AVENUE GEORGES LAFONT,,,Plein jour,En agglomération,Intersection en X,Normale,Deux véhicules - côté,,,,,,,,,,,1,2,2,1.0,3.0
201000064338,0010-05-19 15:22:00,10,5,19,15,22,750,116,BOULEVARD LANNES,,,Plein jour,En agglomération,Intersection à plus de 4 branches,Normale,Deux véhicules - côté,,,,,,,,,,,1,2,5,1.0,3.0
201000064339,0010-05-19 21:45:00,10,5,19,21,45,750,116,ROUTE DES LACS A PASSY,,,Nuit avec éclairage allumé,En agglomération,Hors intersection,Normale,Deux véhicules - côté,,,,,,,,,,,5,2,1,1.0,3.0
201000064340,0010-05-20 11:50:00,10,5,20,11,50,750,116,"120, AVENUE VICTOR HUGO",,,Plein jour,En agglomération,Intersection à plus de 4 branches,Normale,Autre collision,,,,,,,,,,,1,2,5,1.0,6.0
201000064341,0010-05-20 17:15:00,10,5,20,17,15,750,116,"105, AVENUE VICTOR HUGO",,,Plein jour,En agglomération,Hors intersection,Normale,Autre collision,,,,,,,,,,,1,2,1,1.0,6.0
201000064342,0010-05-23 00:01:00,10,5,23,0,1,750,116,"104, AVENUE DE VERSAILLE",,,Nuit avec éclairage allumé,En agglomération,Hors intersection,Normale,Autre collision,,,,,,,,,,,5,2,1,1.0,6.0
201000064343,0010-05-23 11:45:00,10,5,23,11,45,750,116,CARREFOUR DES CASCADES,,,Plein jour,Hors agglomération,Hors intersection,Normale,Deux véhicules - côté,,,,,,,,,,,1,1,1,1.0,3.0
201000064344,0010-05-23 18:45:00,10,5,23,18,45,750,116,BOULEVARD PERIPHERIQUE,,,Plein jour,Hors agglomération,Intersection en Y,Normale,Deux véhicules - côté,,,,,,,,,,,1,1,4,1.0,3.0
201000064345,0010-05-23 19:20:00,10,5,23,19,20,750,116,AVENUE FOCH,,,Plein jour,En agglomération,Hors intersection,Normale,Deux véhicules - arrière,,,,,,,,,,,1,2,1,1.0,2.0
201000064346,0010-05-23 22:25:00,10,5,23,22,25,750,116,ALLEE DE LA REINE MARGUE,,,Nuit avec éclairage allumé,En agglomération,Hors intersection,Normale,Deux véhicules - côté,,,,,,,,,,,5,2,1,1.0,3.0
201000064347,0010-05-23 23:20:00,10,5,23,23,20,750,116,PLACE DE VARSOVIE,,,Nuit avec éclairage allumé,En agglomération,Intersection à plus de 4 branches,Normale,Deux véhicules - côté,,,,,,,,,,,5,2,5,1.0,3.0
201000064348,0010-05-24 17:10:00,10,5,24,17,10,750,116,AVENUE INGRES,,,Plein jour,En agglomération,Hors intersection,Normale,Autre collision,,,,,,,,,,,1,2,1,1.0,6.0
201000064349,0010-05-25 02:50:00,10,5,25,2,50,750,116,"26, AVENUE DE NEW YORK",,,Nuit avec éclairage allumé,En agglomération,Hors intersection,Normale,Autre collision,,,,,,,,,,,5,2,1,1.0,6.0
201000064350,0010-05-25 10:40:00,10,5,25,10,40,750,116,QUAI SAINT EXUPERY,,,Plein jour,En agglomération,Hors intersection,Normale,Deux véhicules - arrière,,,,,,,,,,,1,2,1,1.0,2.0
201000064351,0010-05-25 22:25:00,10,5,25,22,25,750,116,"2, PLACE DE LA PORTE DE",,,Nuit avec éclairage allumé,En agglomération,Hors intersection,Autre,Sans collision,,,,,,,,,,,5,2,1,9.0,7.0
201000064352,0010-05-26 16:10:00,10,5,26,16,10,750,116,ROUTE DE LA MUETTE A NEU,,,Plein jour,En agglomération,Intersection en Y,Normale,Deux véhicules - frontale,,,,,,,,,,,1,2,4,1.0,1.0
201000064353,0010-05-27 16:00:00,10,5,27,16,0,750,116,ALLEE DE LA REINE MARGUE,,,Plein jour,Hors agglomération,Hors intersection,Normale,Deux véhicules - côté,,,,,,,,,,,1,1,1,1.0,3.0
201000064354,0010-05-27 22:00:00,10,5,27,22,0,750,116,"82, BOULEVARD MURAT",,,Nuit avec éclairage allumé,En agglomération,Hors intersection,Pluie légère,Deux véhicules - côté,,,,,,,,,,,5,2,1,2.0,3.0
201000064355,0010-05-27 22:45:00,10,5,27,22,45,750,116,ROUTE DE LA PTE DAUPHINE,,,Nuit avec éclairage allumé,En agglomération,Hors intersection,Pluie légère,Autre collision,,,,,,,,,,,5,2,1,2.0,6.0
201000064356,0010-05-28 04:24:00,10,5,28,4,24,750,116,ALLEE DE LA REINE MARGUE,,,Nuit avec éclairage allumé,En agglomération,Hors intersection,Pluie légère,Sans collision,,,,,,,,,,,5,2,1,2.0,7.0
201000064357,0010-05-28 07:55:00,10,5,28,7,55,750,116,ROUTE DE SURESNES,,,Plein jour,En agglomération,Intersection en X,Normale,Sans collision,,,,,,,,,,,1,2,2,1.0,7.0
201000064358,0010-05-29 14:30:00,10,5,29,14,30,750,116,"43, AVENUE RAYMOND POINC",,,Plein jour,En agglomération,Intersection à plus de 4 branches,Temps couvert,Deux véhicules - côté,,,,,,,,,,,1,2,5,8.0,3.0
201000064359,0010-05-30 17:30:00,10,5,30,17,30,750,116,"20, CHAUSSEE LA MUETTE",,,Plein jour,En agglomération,Intersection à plus de 4 branches,Normale,Deux véhicules - côté,,,,,,,,,,,1,2,5,1.0,3.0
201000064360,0010-06-01 18:10:00,10,6,1,18,10,750,116,"38, PORT DEBILLY",,,Plein jour,En agglomération,Hors intersection,Pluie légère,Sans collision,,,,,,,,,,,1,2,1,2.0,7.0
201000064361,0010-06-01 19:40:00,10,6,1,19,40,750,116,"122, AVENUE VICTOR HUGO",,,Plein jour,En agglomération,Intersection à plus de 4 branches,Pluie légère,Deux véhicules - côté,,,,,,,,,,,1,2,5,2.0,3.0
201000064362,0010-06-02 00:35:00,10,6,2,0,35,750,116,RUE RAYNOUARD,,,Nuit avec éclairage allumé,En agglomération,Intersection en X,Pluie légère,Sans collision,,,,,,,,,,,5,2,2,2.0,7.0
201000064363,0010-06-02 07:15:00,10,6,2,7,15,750,116,PLACE DE LA PORTE MAILLO,,,Plein jour,En agglomération,Intersection à plus de 4 branches,Normale,Deux véhicules - frontale,,,,,,,,,,,1,2,5,1.0,1.0
201000064364,0010-06-02 14:30:00,10,6,2,14,30,750,116,"36, RUE SAINT DIDIER",,,Plein jour,En agglomération,Hors intersection,Normale,Autre collision,,,,,,,,,,,1,2,1,1.0,6.0
201000064365,0010-06-02 14:30:00,10,6,2,14,30,750,116,AVENUE BUGEAUD,,,Plein jour,En agglomération,Intersection à plus de 4 branches,Normale,Deux véhicules - côté,,,,,,,,,,,1,2,5,1.0,3.0
201000064366,0010-06-02 15:45:00,10,6,2,15,45,750,116,AVENUE FOCH,,,Plein jour,En agglomération,Intersection à plus de 4 branches,Normale,Autre collision,,,,,,,,,,,1,2,5,1.0,6.0
201000064367,0010-06-02 20:00:00,10,6,2,20,0,750,116,"98, AVENUE D IENA",,,Plein jour,En agglomération,Intersection en X,Normale,Autre collision,,,,,,,,,,,1,2,2,1.0,6.0
201000064368,0010-06-03 08:00:00,10,6,3,8,0,750,116,BOULEVARD D AUTEUIL,,,Plein jour,En agglomération,Intersection en T,Normale,Autre collision,,,,,,,,,,,1,2,3,1.0,6.0
201000064369,0010-06-03 18:30:00,10,6,3,18,30,750,116,PLACE DU MARECHAL DE LAT,,,Plein jour,En agglomération,Intersection à plus de 4 branches,Normale,Deux véhicules - côté,,,,,,,,,,,1,2,5,1.0,3.0
201000064370,0010-06-03 18:50:00,10,6,3,18,50,750,116,BOULEVARD PERIPHERIQUE E,,,Plein jour,En agglomération,Hors intersection,Normale,Deux véhicules - côté,,,,,,,,,,,1,2,1,1.0,3.0
201000064371,0010-06-03 22:20:00,10,6,3,22,20,750,116,SOUTERRAIN EXELMANS,,,Nuit avec éclairage allumé,En agglomération,Hors intersection,Normale,Deux véhicules - côté,,,,,,,,,,,5,2,1,1.0,3.0
201000064372,0010-06-04 12:40:00,10,6,4,12,40,750,116,"27, RUE DE REMUSAT",,,Plein jour,En agglomération,Intersection à plus de 4 branches,Normale,Autre collision,,,,,,,,,,,1,2,5,1.0,6.0
201000064373,0010-06-04 16:40:00,10,6,4,16,40,750,116,AVENUE DU PRESIDENT KENN,,,Plein jour,En agglomération,Intersection à plus de 4 branches,Normale,Deux véhicules - côté,,,,,,,,,,,1,2,5,1.0,3.0
201000064374,0010-06-04 17:50:00,10,6,4,17,50,750,116,"27, AVENUE VICTOR HUGO",,,Plein jour,En agglomération,Intersection en T,Normale,Autre collision,,,,,,,,,,,1,2,3,1.0,6.0
201000064375,0010-06-05 08:30:00,10,6,5,8,30,750,108,AVENUE MARCEAU,,,Plein jour,En agglomération,Intersection à plus de 4 branches,Normale,Autre collision,,,,,,,,,,,1,2,5,1.0,6.0
201000064376,0010-06-05 10:00:00,10,6,5,10,0,750,116,RUE LARGILLIERE,,,Plein jour,En agglomération,Intersection en T,Normale,Autre collision,,,,,,,,,,,1,2,3,1.0,6.0
201000064377,0010-06-05 15:30:00,10,6,5,15,30,750,116,ALLEE DE LONGCHAMP,,,Plein jour,En agglomération,Intersection en X,Normale,Deux véhicules - côté,,,,,,,,,,,1,2,2,1.0,3.0
201000064378,0010-06-05 20:20:00,10,6,5,20,20,750,116,BOULEVARD SUCHET,,,Plein jour,En agglomération,Hors intersection,Normale,Deux véhicules - côté,,,,,,,,,,,1,2,1,1.0,3.0
201000064379,0010-06-05 21:50:00,10,6,5,21,50,750,116,AVENUE DE LA PORTE D AUT,,,Nuit sans éclairage public,En agglomération,Hors intersection,Normale,Deux véhicules - côté,,,,,,,,,,,3,2,1,1.0,3.0
201000064380,0010-06-06 01:40:00,10,6,6,1,40,750,116,AVENUE DES NATIONS UNIES,,,Nuit avec éclairage allumé,En agglomération,Intersection en X,Normale,Deux véhicules - côté,,,,,,,,,,,5,2,2,1.0,3.0
201000064381,0010-06-06 16:26:00,10,6,6,16,26,750,116,AVENUE PAUL DOUMER,,,Plein jour,En agglomération,Intersection en X,Normale,Autre collision,,,,,,,,,,,1,2,2,1.0,6.0
201000064382,0010-06-07 08:40:00,10,6,7,8,40,750,116,"61, BOULEVARD DE BEAUSEJ",,,Plein jour,En agglomération,Intersection en X,Normale,Autre collision,,,,,,,,,,,1,2,2,1.0,6.0
201000064383,0010-06-07 15:30:00,10,6,7,15,30,750,116,"19, AVENUE PAUL DOUMER",,,Plein jour,En agglomération,Intersection en X,Normale,Deux véhicules - côté,,,,,,,,,,,1,2,2,1.0,3.0
201000064384,0010-06-07 18:00:00,10,6,7,18,0,750,116,"96, AVENUE RAYMOND POINC",,,Plein jour,En agglomération,Intersection en X,Normale,Deux véhicules - arrière,,,,,,,,,,,1,2,2,1.0,2.0
201000064385,0010-06-08 07:40:00,10,6,8,7,40,750,116,"45, RUE DE BOULAINVILLIE",,,Plein jour,En agglomération,Intersection en T,Normale,Deux véhicules - côté,,,,,,,,,,,1,2,3,1.0,3.0
201000064386,0010-06-08 10:30:00,10,6,8,10,30,750,116,BOULEVARD DE L AMIRAL BR,,,Plein jour,En agglomération,Intersection en T,Normale,Deux véhicules - arrière,,,,,,,,,,,1,2,3,1.0,2.0
201000064387,0010-06-08 12:50:00,10,6,8,12,50,750,116,"63, RUE DE BOULAINVILLIE",,,Plein jour,En agglomération,Intersection à plus de 4 branches,Normale,Deux véhicules - côté,,,,,,,,,,,1,2,5,1.0,3.0
201000064388,0010-06-08 17:00:00,10,6,8,17,0,750,116,"1, RUE DUBAN",,,Plein jour,En agglomération,Intersection en X,Normale,Autre collision,,,,,,,,,,,1,2,2,1.0,6.0
201000064389,0010-06-09 15:00:00,10,6,9,15,0,750,116,"11, BOULEVARD LANNES",,,Plein jour,En agglomération,Intersection en T,Pluie légère,Trois véhicules et plus - en chaîne,,,,,,,,,,,1,2,3,2.0,4.0
201000064390,0010-06-09 19:15:00,10,6,9,19,15,750,116,PLACE DE LA PORTE DE SAI,,,Plein jour,En agglomération,Giratoire,Pluie légère,Deux véhicules - arrière,,,,,,,,,,,1,2,6,2.0,2.0
201000064391,0010-06-09 18:55:00,10,6,9,18,55,750,116,"155, AVENUE DE MALAKOFF",,,Plein jour,En agglomération,Hors intersection,Pluie légère,Deux véhicules - côté,,,,,,,,,,,1,2,1,2.0,3.0
201000064392,0010-06-10 07:50:00,10,6,10,7,50,750,116,ROUTE DE SURESNES,,,Plein jour,En agglomération,Hors intersection,Pluie légère,Trois véhicules et plus - en chaîne,,,,,,,,,,,1,2,1,2.0,4.0
201000064393,0010-06-10 10:30:00,10,6,10,10,30,750,116,"68, AVENUE KLEBER",,,Plein jour,En agglomération,Intersection en X,Pluie légère,Deux véhicules - côté,,,,,,,,,,,1,2,2,2.0,3.0
201000064394,0010-06-13 17:20:00,10,6,13,17,20,750,116,AVENUE MARCEAU,,,Plein jour,En agglomération,Intersection en X,Normale,Deux véhicules - frontale,,,,,,,,,,,1,2,2,1.0,1.0
201000064395,0010-06-14 09:07:00,10,6,14,9,7,750,116,"36, RUE JEAN DE LA FONTA",,,Plein jour,En agglomération,Intersection en X,Normale,Autre collision,,,,,,,,,,,1,2,2,1.0,6.0
201000064396,0010-06-15 12:50:00,10,6,15,12,50,750,116,AVENUE RAYMOND POINCARE,,,Plein jour,En agglomération,Intersection en X,Normale,Deux véhicules - côté,,,,,,,,,,,1,2,2,1.0,3.0
201000064397,0010-06-17 13:50:00,10,6,17,13,50,750,108,"44, AVENUE MARCEAU",,,Plein jour,En agglomération,Intersection en X,Normale,Trois véhicules et plus - collisions multiples,,,,,,,,,,,1,2,2,1.0,5.0
201000064398,0010-06-17 13:40:00,10,6,17,13,40,750,116,"82, RUE DE LA POMPE",,,Plein jour,En agglomération,Intersection en X,Normale,Autre collision,,,,,,,,,,,1,2,2,1.0,6.0
201000064399,0010-06-18 17:23:00,10,6,18,17,23,750,116,"83, AVENUE PAUL DOUMER",,,Plein jour,En agglomération,Intersection en X,Normale,Autre collision,,,,,,,,,,,1,2,2,1.0,6.0
201000064400,0010-06-18 18:00:00,10,6,18,18,0,750,116,"25, RUE RAYNOUARD",,,Plein jour,En agglomération,Intersection en X,Normale,Deux véhicules - arrière,,,,,,,,,,,1,2,2,1.0,2.0
201000064401,0010-06-18 17:15:00,10,6,18,17,15,750,116,AVENUE VICTOR HUGO,,,Plein jour,En agglomération,Hors intersection,Normale,Deux véhicules - arrière,,,,,,,,,,,1,2,1,1.0,2.0
201000064402,0010-06-18 20:00:00,10,6,18,20,0,750,116,PLACE DE LA PORTE DE SAI,,,Plein jour,En agglomération,Intersection en X,Normale,Deux véhicules - côté,,,,,,,,,,,1,2,2,1.0,3.0
201000064403,0010-06-18 23:10:00,10,6,18,23,10,750,116,"59, RUE D AUTEUIL",,,Nuit avec éclairage allumé,En agglomération,Intersection en X,Normale,Autre collision,,,,,,,,,,,5,2,2,1.0,6.0
201000064404,0010-06-19 23:15:00,10,6,19,23,15,750,116,PLACE DU TROCADERO ET DU,,,Nuit avec éclairage allumé,En agglomération,Hors intersection,Normale,Autre collision,,,,,,,,,,,5,2,1,1.0,6.0
201000064405,0010-06-21 16:30:00,10,6,21,16,30,750,116,AVENUE INGRES,,,Plein jour,En agglomération,Hors intersection,Normale,Sans collision,,,,,,,,,,,1,2,1,1.0,7.0
201000064406,0010-06-21 19:50:00,10,6,21,19,50,750,116,"75, RUE DES VIGNES",,,Plein jour,En agglomération,Intersection en Y,Normale,Deux véhicules - côté,,,,,,,,,,,1,2,4,1.0,3.0
201000064407,0010-06-21 23:00:00,10,6,21,23,0,750,116,"92, AVENUE HENRI MARTIN",,,Nuit avec éclairage allumé,En agglomération,Hors intersection,Normale,Deux véhicules - côté,,,,,,,,,,,5,2,1,1.0,3.0