accident_id,datetime,annee,mois,jour,heure,minute,departement,commune_insee,adresse,latitude,longitude,luminosite,agglomeration,intersection,meteo,collision,nb_vehicules,nb_usagers,nb_indemnes,nb_tues,nb_blesses_hosp,nb_blesses_legers,age_cond_1,age_cond_2,veh_type_cond_1,veh_type_cond_2,lum_code,agg_code,int_code,atm_code,col_code
201000064534,0010-09-16 21:15:00,10,9,16,21,15,750,116,RUE BOISSIERE,,,Nuit avec éclairage allumé,En agglomération,Intersection à plus de 4 branches,Normale,Autre collision,,,,,,,,,,,5,2,5,1.0,6.0
201000064535,0010-09-20 16:20:00,10,9,20,16,20,750,116,"8, RUE D ANDIGNE",,,Plein jour,En agglomération,Hors intersection,Normale,Deux véhicules - arrière,,,,,,,,,,,1,2,1,1.0,2.0
201000064536,0010-09-20 16:15:00,10,9,20,16,15,750,116,"19, AVENUE D IENA",,,Plein jour,En agglomération,Hors intersection,Normale,Deux véhicules - côté,,,,,,,,,,,1,2,1,1.0,3.0
201000064537,0010-09-20 23:15:00,10,9,20,23,15,750,116,SOUTERRAIN EXELMANS,,,Nuit avec éclairage allumé,En agglomération,Hors intersection,Normale,Autre collision,,,,,,,,,,,5,2,1,1.0,6.0
201000064538,0010-09-21 12:00:00,10,9,21,12,0,750,116,"52, RUE BOISSIERE",,,Plein jour,En agglomération,Intersection en T,Normale,Autre collision,,,,,,,,,,,1,2,3,1.0,6.0
201000064539,0010-09-21 22:45:00,10,9,21,22,45,750,116,"2BIS, AVENUE RAPHAEL",,,Nuit avec éclairage allumé,En agglomération,Hors intersection,Normale,Autre collision,,,,,,,,,,,5,2,1,1.0,6.0
201000064540,0010-09-22 10:00:00,10,9,22,10,0,750,116,PLACE CHARLES DE GAULLE,,,Plein jour,En agglomération,Intersection à plus de 4 branches,Normale,Deux véhicules - côté,,,,,,,,,,,1,2,5,1.0,3.0
201000064541,0010-09-22 14:15:00,10,9,22,14,15,750,116,AVENUE DES NATIONS UNIES,,,Plein jour,En agglomération,Intersection en X,Normale,Deux véhicules - arrière,,,,,,,,,,,1,2,2,1.0,2.0
201000064542,0010-09-22 18:55:00,10,9,22,18,55,750,116,"140, AVENUE VICTOR HUGO",,,Plein jour,En agglomération,Hors intersection,Normale,Deux véhicules - côté,,,,,,,,,,,1,2,1,1.0,3.0
201000064543,0010-09-23 10:10:00,10,9,23,10,10,750,116,"56, RUE D AUTEUIL",,,Plein jour,En agglomération,Hors intersection,Normale,Autre collision,,,,,,,,,,,1,2,1,1.0,6.0
201000064544,0010-09-26 22:00:00,10,9,26,22,0,750,107,QUAI BRANLY,,,Nuit avec éclairage allumé,En agglomération,Intersection en X,Pluie forte,Autre collision,,,,,,,,,,,5,2,2,3.0,6.0
201000064545,0010-09-27 00:05:00,10,9,27,0,5,750,117,"65, AVENUE DE VILLIERS",,,Nuit avec éclairage allumé,En agglomération,Intersection en X,Pluie forte,Deux véhicules - côté,,,,,,,,,,,5,2,2,3.0,3.0
201000064546,0010-09-28 16:30:00,10,9,28,16,30,750,116,"18, AVENUE BUGEAUD",,,Plein jour,En agglomération,Intersection en X,Temps couvert,Autre collision,,,,,,,,,,,1,2,2,8.0,6.0
201000064547,0010-09-29 08:10:00,10,9,29,8,10,750,116,"30, AVENUE PAUL DOUMER",,,Plein jour,En agglomération,Intersection en Y,Normale,Autre collision,,,,,,,,,,,1,2,4,1.0,6.0
201000064548,0010-09-29 11:55:00,10,9,29,11,55,750,116,"73, AVENUE DE VERSAILLES",,,Plein jour,En agglomération,Hors intersection,Normale,Deux véhicules - arrière,,,,,,,,,,,1,2,1,1.0,2.0
201000064549,0010-09-29 14:50:00,10,9,29,14,50,750,116,ROUTE DE SURESNES,,,Plein jour,En agglomération,Hors intersection,Normale,Deux véhicules - arrière,,,,,,,,,,,1,2,1,1.0,2.0
201000064550,0010-09-29 15:10:00,10,9,29,15,10,750,116,PLACE CHARLES DE GAULLE,,,Plein jour,En agglomération,Place,Normale,Deux véhicules - arrière,,,,,,,,,,,1,2,7,1.0,2.0
201000064551,0010-09-30 09:10:00,10,9,30,9,10,750,108,"1-3, AVENUE MARCEAU",,,Plein jour,En agglomération,Hors intersection,Pluie légère,Deux véhicules - côté,,,,,,,,,,,1,2,1,2.0,3.0
201000064552,0010-10-01 11:00:00,10,10,1,11,0,750,116,PLACE DU TROCADERO,,,Plein jour,En agglomération,Intersection à plus de 4 branches,Normale,Deux véhicules - côté,,,,,,,,,,,1,2,5,1.0,3.0
201000064553,0010-10-01 11:00:00,10,10,1,11,0,750,116,"86, RUE RAYNOUARD",,,Plein jour,En agglomération,Intersection en X,Normale,Deux véhicules - côté,,,,,,,,,,,1,2,2,1.0,3.0
201000064554,0010-10-01 19:30:00,10,10,1,19,30,750,116,"27, AVENUE DU PARC DES P",,,Nuit avec éclairage allumé,En agglomération,Hors intersection,Pluie forte,Deux véhicules - côté,,,,,,,,,,,5,2,1,3.0,3.0
201000064555,0010-10-02 00:40:00,10,10,2,0,40,750,117,"27, AVENUE DE LA GRANDE",,,Nuit avec éclairage allumé,En agglomération,Intersection en T,Pluie légère,Autre collision,,,,,,,,,,,5,2,3,2.0,6.0
201000064556,0010-10-03 04:10:00,10,10,3,4,10,750,116,"66, AVENUE DE NEW YORK",,,Nuit avec éclairage allumé,En agglomération,Intersection en T,Normale,Autre collision,,,,,,,,,,,5,2,3,1.0,6.0
201000064557,0010-10-03 12:50:00,10,10,3,12,50,750,116,"11, BOULEVARD MURAT",,,Plein jour,En agglomération,Hors intersection,Normale,Autre collision,,,,,,,,,,,1,2,1,1.0,6.0
201000064558,0010-10-04 10:55:00,10,10,4,10,55,750,116,AVENUE FOCH,,,Plein jour,En agglomération,Intersection à plus de 4 branches,Temps couvert,Deux véhicules - arrière,,,,,,,,,,,1,2,5,8.0,2.0
201000064559,0010-10-05 08:15:00,10,10,5,8,15,750,116,PONT DE SURESNES,,,Plein jour,En agglomération,Hors intersection,Pluie légère,Deux véhicules - côté,,,,,,,,,,,1,2,1,2.0,3.0
201000064560,0010-10-05 17:00:00,10,10,5,17,0,750,116,"56, RUE D AUTEUIL",,,Plein jour,En agglomération,Intersection en Y,Pluie légère,Autre collision,,,,,,,,,,,1,2,4,2.0,6.0
201000064561,0010-10-05 22:40:00,10,10,5,22,40,750,116,AVENUE DE L HIPPODROME,,,Nuit avec éclairage allumé,En agglomération,Intersection en X,Normale,Autre collision,,,,,,,,,,,5,2,2,1.0,6.0
201000064562,0010-10-06 09:15:00,10,10,6,9,15,750,116,AVENUE EDOUARD VAILLANT,,,Plein jour,En agglomération,Hors intersection,Normale,Deux véhicules - côté,,,,,,,,,,,1,2,1,1.0,3.0
201000064563,0010-10-07 18:10:00,10,10,7,18,10,750,116,ALLEE DE LONGCHAMP,,,Plein jour,En agglomération,Hors intersection,Normale,Deux véhicules - côté,,,,,,,,,,,1,2,1,1.0,3.0
201000064564,0010-10-07 17:15:00,10,10,7,17,15,750,116,"111, RUE DE LONGCHAMP",,,Plein jour,En agglomération,Hors intersection,Normale,Autre collision,,,,,,,,,,,1,2,1,1.0,6.0
201000064565,0010-10-07 22:00:00,10,10,7,22,0,750,116,"8, BOULEVARD ANDRE MAURO",,,Nuit avec éclairage allumé,En agglomération,Hors intersection,Normale,Autre collision,,,,,,,,,,,5,2,1,1.0,6.0
201000064566,0010-10-08 13:26:00,10,10,8,13,26,750,116,"64, RUE DE PASSY",,,Plein jour,En agglomération,Hors intersection,Normale,Autre collision,,,,,,,,,,,1,2,1,1.0,6.0
201000064567,0010-10-08 16:15:00,10,10,8,16,15,750,116,PLACE DU TROCADERO,,,Plein jour,En agglomération,Giratoire,Normale,Deux véhicules - côté,,,,,,,,,,,1,2,6,1.0,3.0
201000064568,0010-10-08 21:05:00,10,10,8,21,5,750,116,"61, AVENUE DE LA GRANDE",,,Nuit avec éclairage allumé,En agglomération,Hors intersection,Normale,Deux véhicules - côté,,,,,,,,,,,5,2,1,1.0,3.0
201000064569,0010-10-10 21:37:00,10,10,10,21,37,750,116,"7, RUE DE BOULAINVILLIER",,,Nuit avec éclairage allumé,En agglomération,Hors intersection,Normale,Deux véhicules - côté,,,,,,,,,,,5,2,1,1.0,3.0
201000064570,0010-10-11 16:50:00,10,10,11,16,50,750,116,"130-132, AVENUE DE MALAK",,,Plein jour,En agglomération,Hors intersection,Normale,Deux véhicules - côté,,,,,,,,,,,1,2,1,1.0,3.0
201000064571,0010-10-11 19:15:00,10,10,11,19,15,750,116,"55, BOULEVARD SUCHET",,,Nuit avec éclairage allumé,En agglomération,Hors intersection,Normale,Deux véhicules - côté,,,,,,,,,,,5,2,1,1.0,3.0
201000064572,0010-10-12 09:35:00,10,10,12,9,35,750,116,AVENUE DE VERSAILLES,,,Plein jour,En agglomération,Hors intersection,Normale,Deux véhicules - arrière,,,,,,,,,,,1,2,1,1.0,2.0
201000064573,0010-10-12 12:00:00,10,10,12,12,0,750,116,"13, RUE MOLITOR",,,Plein jour,En agglomération,Intersection en X,Normale,Autre collision,,,,,,,,,,,1,2,2,1.0,6.0
201000064574,0010-10-12 13:20:00,10,10,12,13,20,750,116,RUE CORTAMBERT,,,Plein jour,En agglomération,Intersection en X,Normale,Autre collision,,,,,,,,,,,1,2,2,1.0,6.0
201000064575,0010-10-12 18:30:00,10,10,12,18,30,750,116,ALLEE DU BORD DE L EAU,,,Nuit avec éclairage allumé,En agglomération,Hors intersection,Normale,Trois véhicules et plus - en chaîne,,,,,,,,,,,5,2,1,1.0,4.0
201000064576,0010-10-13 09:20:00,10,10,13,9,20,750,116,"153, BOULEVARD MURAT",,,Plein jour,En agglomération,Hors intersection,Normale,Autre collision,,,,,,,,,,,1,2,1,1.0,6.0
201000064577,0010-10-13 10:40:00,10,10,13,10,40,750,116,ROUTE DES LACS A PASSY,,,Plein jour,En agglomération,Hors intersection,Normale,Deux véhicules - côté,,,,,,,,,,,1,2,1,1.0,3.0
201000064578,0010-10-13 15:00:00,10,10,13,15,0,750,116,PLACE CHARLES DE GAULLE,,,Plein jour,En agglomération,Place,Normale,Deux véhicules - côté,,,,,,,,,,,1,2,7,1.0,3.0
201000064579,0010-10-13 21:00:00,10,10,13,21,0,750,116,"19, AVENUE RAYMOND POINC",,,Nuit avec éclairage allumé,En agglomération,Hors intersection,Normale,Deux véhicules - frontale,,,,,,,,,,,5,2,1,1.0,1.0
201000064580,0010-10-14 15:45:00,10,10,14,15,45,750,116,"162, AVENUE DE VERSAILLE",,,Plein jour,En agglomération,Hors intersection,Normale,Deux véhicules - côté,,,,,,,,,,,1,2,1,1.0,3.0
201000064581,0010-10-14 20:30:00,10,10,14,20,30,750,116,"53, AVENUE PAUL DOUMER",,,Nuit avec éclairage allumé,En agglomération,Hors intersection,Normale,Deux véhicules - côté,,,,,,,,,,,5,2,1,1.0,3.0
201000064582,0010-10-15 12:30:00,10,10,15,12,30,750,116,"32, AVENUE VICTOR HUGO",,,Plein jour,En agglomération,Hors intersection,Normale,Autre collision,,,,,,,,,,,1,2,1,1.0,6.0
201000064583,0010-10-15 21:15:00,10,10,15,21,15,750,116,PLACE DE LA PORTE D AUTE,,,Nuit avec éclairage allumé,En agglomération,Intersection à plus de 4 branches,Pluie légère,Autre collision,,,,,,,,,,,5,2,5,2.0,6.0
201000064584,0010-10-16 11:35:00,10,10,16,11,35,750,116,PLACE DU TROCADERO,,,Plein jour,En agglomération,Place,Normale,Sans collision,,,,,,,,,,,1,2,7,1.0,7.0
201000064585,0010-10-16 13:35:00,10,10,16,13,35,750,116,"4, AVENUE DU PRESIDENT K",,,Plein jour,En agglomération,Intersection en T,Temps couvert,Deux véhicules - côté,,,,,,,,,,,1,2,3,8.0,3.0
201000064586,0010-10-17 02:25:00,10,10,17,2,25,750,117,"1, PLACE DE LA PORTE MAI",,,Nuit avec éclairage allumé,En agglomération,Hors intersection,Normale,Deux véhicules - côté,,,,,,,,,,,5,2,1,1.0,3.0
201000064587,0010-10-17 11:50:00,10,10,17,11,50,750,116,"2, ROUTE DES TRIBUNES",,,Plein jour,En agglomération,Hors intersection,Normale,Autre collision,,,,,,,,,,,1,2,1,1.0,6.0
201000064588,0010-10-19 09:50:00,10,10,19,9,50,750,116,BOULEVARD MURAT,,,Plein jour,En agglomération,Intersection à plus de 4 branches,Pluie légère,Sans collision,,,,,,,,,,,1,2,5,2.0,7.0
201000064589,0010-10-19 10:50:00,10,10,19,10,50,750,116,"11, BOULEVARD MURAT",,,Plein jour,En agglomération,Hors intersection,Pluie légère,Deux véhicules - côté,,,,,,,,,,,1,2,1,2.0,3.0
201000064590,0010-10-19 14:30:00,10,10,19,14,30,750,116,PLACE DE LA PORTE D AUTE,,,Plein jour,En agglomération,Intersection à plus de 4 branches,Normale,Deux véhicules - côté,,,,,,,,,,,1,2,5,1.0,3.0
201000064591,0010-10-19 16:45:00,10,10,19,16,45,750,116,"18, RUE DUBAN",,,Plein jour,En agglomération,Hors intersection,Normale,Autre collision,,,,,,,,,,,1,2,1,1.0,6.0
201000064592,0010-10-19 22:05:00,10,10,19,22,5,750,116,RUE CHARDON LAGACHE,,,Nuit avec éclairage allumé,En agglomération,Intersection à plus de 4 branches,Pluie légère,Deux véhicules - côté,,,,,,,,,,,5,2,5,2.0,3.0
201000064593,0010-10-21 20:50:00,10,10,21,20,50,750,116,"97, AVENUE DE VERSAILLES",,,Nuit avec éclairage allumé,En agglomération,Intersection en X,Normale,Deux véhicules - côté,,,,,,,,,,,5,2,2,1.0,3.0
201000064594,0010-10-22 18:15:00,10,10,22,18,15,750,116,BOULEVARD PERIPHERIQUE I,,,Plein jour,En agglomération,Hors intersection,Normale,Deux véhicules - côté,,,,,,,,,,,1,2,1,1.0,3.0
201000064595,0010-10-22 21:55:00,10,10,22,21,55,750,116,AVENUE DES NATIONS UNIES,,,Nuit avec éclairage allumé,En agglomération,Intersection en X,Normale,Deux véhicules - frontale,,,,,,,,,,,5,2,2,1.0,1.0
201000064596,0010-10-22 13:15:00,10,10,22,13,15,750,116,"21, RUE BENJAMIN FRANKLI",,,Plein jour,En agglomération,Hors intersection,Normale,Deux véhicules - côté,,,,,,,,,,,1,2,1,1.0,3.0
201000064597,0010-10-24 01:10:00,10,10,24,1,10,750,116,PLACE CHARLES DE GAULLE,,,Nuit avec éclairage allumé,En agglomération,Intersection à plus de 4 branches,Normale,Autre collision,,,,,,,,,,,5,2,5,1.0,6.0
201000064598,0010-10-24 12:00:00,10,10,24,12,0,750,116,ROUTE DES LACS A PASSY,,,Plein jour,En agglomération,Hors intersection,Normale,Autre collision,,,,,,,,,,,1,2,1,1.0,6.0
201000064599,0010-10-25 19:40:00,10,10,25,19,40,750,116,"26 BIS, RUE DE LUBECK",,,Nuit avec éclairage allumé,En agglomération,Intersection en X,Normale,Autre collision,,,,,,,,,,,5,2,2,1.0,6.0
201000064600,0010-10-27 14:00:00,10,10,27,14,0,750,116,ROUTE DES LACS A PASSY,,,Plein jour,En agglomération,Intersection à plus de 4 branches,Normale,Deux véhicules - côté,,,,,,,,,,,1,2,5,1.0,3.0
201000064601,0010-10-28 04:55:00,10,10,28,4,55,750,116,ECH MAILLOT,,,Nuit avec éclairage allumé,En agglomération,Hors intersection,Normale,Sans collision,,,,,,,,,,,5,2,1,1.0,7.0
201000064602,0010-10-28 08:45:00,10,10,28,8,45,750,116,PLACE VICTOR HUGO,,,Plein jour,En agglomération,Intersection à plus de 4 branches,Normale,Deux véhicules - arrière,,,,,,,,,,,1,2,5,1.0,2.0
201000064603,0010-10-29 13:45:00,10,10,29,13,45,750,116,ALLEE DE LA REINE MARGUE,,,Plein jour,En agglomération,Hors intersection,Normale,Deux véhicules - côté,,,,,,,,,,,1,2,1,1.0,3.0
201000064604,0010-10-31 18:30:00,10,10,31,18,30,750,108,COURS LA REINE,,,Nuit avec éclairage allumé,En agglomération,Hors intersection,Normale,Deux véhicules - frontale,,,,,,,,,,,5,2,1,1.0,1.0
201000064605,0010-11-02 00:06:00,10,11,2,0,6,750,116,"02, PLACE D IENA",,,Nuit avec éclairage allumé,En agglomération,Intersection à plus de 4 branches,Normale,Deux véhicules - côté,,,,,,,,,,,5,2,5,1.0,3.0
201000064606,0010-11-02 08:15:00,10,11,2,8,15,750,116,"3, BOULEVARD EMILE AUGIE",,,Plein jour,En agglomération,Intersection à plus de 4 branches,Normale,Autre collision,,,,,,,,,,,1,2,5,1.0,6.0
201000064607,0010-11-02 09:55:00,10,11,2,9,55,750,116,"78, AVENUE DE VERSAILLES",,,Plein jour,En agglomération,Intersection à plus de 4 branches,Normale,Deux véhicules - côté,,,,,,,,,,,1,2,5,1.0,3.0
201000064608,0010-11-02 10:15:00,10,11,2,10,15,750,116,"19, AVENUE FERDINAND BUI",,,Plein jour,En agglomération,Intersection en Y,Normale,Deux véhicules - côté,,,,,,,,,,,1,2,4,1.0,3.0
201000064609,0010-11-02 18:00:00,10,11,2,18,0,750,116,AVENUE FOCH,,,Nuit avec éclairage allumé,En agglomération,Intersection à plus de 4 branches,Normale,Deux véhicules - côté,,,,,,,,,,,5,2,5,1.0,3.0
201000064610,0010-11-03 10:45:00,10,11,3,10,45,750,116,BOULEVARD SUCHET,,,Plein jour,En agglomération,Intersection en X,Normale,Autre collision,,,,,,,,,,,1,2,2,1.0,6.0
201000064611,0010-11-03 11:10:00,10,11,3,11,10,750,116,"36, AVENUE KLEBER",,,Plein jour,En agglomération,Hors intersection,Normale,Deux véhicules - côté,,,,,,,,,,,1,2,1,1.0,3.0
201000064612,0010-11-04 15:50:00,10,11,4,15,50,750,116,"27, AVENUE MOZART",,,Plein jour,En agglomération,Hors intersection,Normale,Autre collision,,,,,,,,,,,1,2,1,1.0,6.0
201000064613,0010-11-04 19:55:00,10,11,4,19,55,750,116,"54, AVENUE DE NEW YORK",,,Nuit avec éclairage allumé,En agglomération,Intersection en T,Normale,Deux véhicules - côté,,,,,,,,,,,5,2,3,1.0,3.0
201000064614,0010-11-05 10:00:00,10,11,5,10,0,750,116,"36, AVENUE D IENA",,,Plein jour,En agglomération,Hors intersection,Normale,Sans collision,,,,,,,,,,,1,2,1,1.0,7.0
201000064615,0010-11-05 11:05:00,10,11,5,11,5,750,116,"67, AVENUE MARCEAU",,,Plein jour,En agglomération,Intersection à plus de 4 branches,Normale,Autre collision,,,,,,,,,,,1,2,5,1.0,6.0
201000064616,0010-11-05 18:00:00,10,11,5,18,0,750,116,ROUTE DES TRIBUNES,,,Nuit avec éclairage allumé,En agglomération,Hors intersection,Normale,Deux véhicules - côté,,,,,,,,,,,5,2,1,1.0,3.0
201000064617,0010-11-05 21:30:00,10,11,5,21,30,750,116,"25, AVENUE DE VERSAILLES",,,Nuit avec éclairage non allumé,En agglomération,Intersection en T,Normale,Sans collision,,,,,,,,,,,4,2,3,1.0,7.0
201000064618,0010-11-06 03:20:00,10,11,6,3,20,750,116,BOULEVARD JULES SANDEAU,,,Nuit avec éclairage allumé,En agglomération,Intersection en X,Normale,Autre collision,,,,,,,,,,,5,2,2,1.0,6.0
201000064619,0010-11-06 14:20:00,10,11,6,14,20,750,116,PLACE DE LA PORTE MAILLO,,,Plein jour,En agglomération,Intersection à plus de 4 branches,Pluie légère,Deux véhicules - côté,,,,,,,,,,,1,2,5,2.0,3.0
201000064620,0010-11-07 02:40:00,10,11,7,2,40,750,116,AVENUE DE LA PORTE D AUT,,,Nuit avec éclairage allumé,En agglomération,Hors intersection,Normale,Sans collision,,,,,,,,,,,5,2,1,1.0,7.0
201000064621,0010-11-07 11:30:00,10,11,7,11,30,750,116,AVENUE DE VERSAILLES,,,Plein jour,En agglomération,Hors intersection,Pluie forte,Sans collision,,,,,,,,,,,1,2,1,3.0,7.0
201000064622,0010-11-07 16:35:00,10,11,7,16,35,750,116,"7, AVENUE DU PRESIDENT W",,,Plein jour,En agglomération,Intersection en T,Pluie légère,Deux véhicules - côté,,,,,,,,,,,1,2,3,2.0,3.0
201000064623,0010-11-07 20:30:00,10,11,7,20,30,750,116,"19, BOULEVARD MURAT",,,Nuit avec éclairage allumé,En agglomération,Hors intersection,Pluie légère,Deux véhicules - côté,,,,,,,,,,,5,2,1,2.0,3.0
201000064624,0010-11-08 10:00:00,10,11,8,10,0,750,116,ECH SAINT CLOUD,,,Plein jour,En agglomération,Intersection en Y,Pluie légère,Deux véhicules - arrière,,,,,,,,,,,1,2,4,2.0,2.0
201000064625,0010-11-08 11:40:00,10,11,8,11,40,750,116,"59, BOULEVARD MURAT",,,Plein jour,En agglomération,Intersection en X,Pluie forte,Sans collision,,,,,,,,,,,1,2,2,3.0,7.0
201000064626,0010-11-08 19:00:00,10,11,8,19,0,750,116,"5, AVENUE ALBERT DE MUN",,,Nuit avec éclairage allumé,En agglomération,Intersection en X,Pluie légère,Sans collision,,,,,,,,,,,5,2,2,2.0,7.0
201000064627,0010-11-09 16:45:00,10,11,9,16,45,750,116,AVENUE D IENA,,,Plein jour,En agglomération,Hors intersection,Pluie forte,Deux véhicules - côté,,,,,,,,,,,1,2,1,3.0,3.0
201000064628,0010-11-10 05:55:00,10,11,10,5,55,750,116,"46, AVENUE D IENA",,,Nuit avec éclairage allumé,En agglomération,Intersection en X,Pluie légère,Autre collision,,,,,,,,,,,5,2,2,2.0,6.0
201000064629,0010-11-10 09:30:00,10,11,10,9,30,750,116,"13, AVENUE DU PRESIDENT",,,Plein jour,En agglomération,Intersection en T,Normale,Deux véhicules - arrière,,,,,,,,,,,1,2,3,1.0,2.0
201000064630,0010-11-10 11:10:00,10,11,10,11,10,750,116,PLACE DE LA PORTE MAILLO,,,Plein jour,En agglomération,Intersection à plus de 4 branches,Normale,Autre collision,,,,,,,,,,,1,2,5,1.0,6.0
201000064631,0010-11-10 21:25:00,10,11,10,21,25,750,116,"35, AVENUE DE LA GRANDE",,,Nuit avec éclairage allumé,En agglomération,Hors intersection,Normale,Deux véhicules - côté,,,,,,,,,,,5,2,1,1.0,3.0
201000064632,0010-11-10 21:39:00,10,11,10,21,39,750,116,"0, AVENUE GEORGES LAFONT",,,Nuit avec éclairage allumé,En agglomération,Intersection en T,Normale,Autre collision,,,,,,,,,,,5,2,3,1.0,6.0
201000064633,0010-11-11 17:45:00,10,11,11,17,45,750,116,RUE DU GENERAL NIOX,,,Crépuscule ou aube,En agglomération,Intersection en T,Pluie légère,Sans collision,,,,,,,,,,,2,2,3,2.0,7.0
201000064634,0010-11-11 17:55:00,10,11,11,17,55,750,116,"5, AVENUE D EYLAU",,,Nuit avec éclairage allumé,En agglomération,Hors intersection,Pluie légère,Deux véhicules - arrière,,,,,,,,,,,5,2,1,2.0,2.0
201000064635,0010-11-12 10:20:00,10,11,12,10,20,750,116,"127, AVENUE VICTOR HUGO",,,Plein jour,En agglomération,Intersection en Y,Normale,Deux véhicules - arrière,,,,,,,,,,,1,2,4,1.0,2.0
201000064636,0010-11-12 11:25:00,10,11,12,11,25,750,116,AVENUE DU MARECHAL FAYOL,,,Plein jour,En agglomération,Place,Pluie légère,Sans collision,,,,,,,,,,,1,2,7,2.0,7.0
201000064637,0010-11-12 11:50:00,10,11,12,11,50,750,116,"4, PLACE TATTEGRAIN",,,Plein jour,En agglomération,Place,Normale,Autre collision,,,,,,,,,,,1,2,7,1.0,6.0
201000064638,0010-11-13 07:15:00,10,11,13,7,15,750,116,"64, AVENUE DE VERSAILLES",,,Crépuscule ou aube,En agglomération,Intersection à plus de 4 branches,Pluie légère,Autre collision,,,,,,,,,,,2,2,5,2.0,6.0
201000064639,0010-11-15 12:20:00,10,11,15,12,20,750,116,PGE SOUTERR HENRI GAILLA,,,Plein jour,En agglomération,Hors intersection,Normale,Deux véhicules - côté,,,,,,,,,,,1,2,1,1.0,3.0
201000064640,0010-11-15 19:10:00,10,11,15,19,10,750,116,"11, BOULEVARD DE L AMIRA",,,Nuit avec éclairage allumé,En agglomération,Hors intersection,Normale,Autre collision,,,,,,,,,,,5,2,1,1.0,6.0
201000064641,0010-11-15 20:30:00,10,11,15,20,30,750,116,"36, BOULEVARD SUCHET",,,Nuit avec éclairage allumé,En agglomération,Hors intersection,Normale,Deux véhicules - arrière,,,,,,,,,,,5,2,1,1.0,2.0
201000064642,0010-11-16 08:10:00,10,11,16,8,10,750,116,ALLEE DU BORD DE L EAU,,,Plein jour,En agglomération,Intersection en Y,Normale,Sans collision,,,,,,,,,,,1,2,4,1.0,7.0
201000064643,0010-11-16 09:20:00,10,11,16,9,20,750,116,"14, AVENUE KLEBER",,,Plein jour,En agglomération,Hors intersection,Normale,Deux véhicules - côté,,,,,,,,,,,1,2,1,1.0,3.0
201000064644,0010-11-16 10:15:00,10,11,16,10,15,750,116,"090, AVENUE KLEBER",,,Plein jour,En agglomération,Intersection en T,Normale,Autre collision,,,,,,,,,,,1,2,3,1.0,6.0
201000064645,0010-11-16 14:00:00,10,11,16,14,0,750,116,ALLEE DE LONGCHAMP,,,Plein jour,En agglomération,Intersection à plus de 4 branches,Normale,Deux véhicules - arrière,,,,,,,,,,,1,2,5,1.0,2.0
201000064646,0010-11-17 09:45:00,10,11,17,9,45,750,116,"0, PLACE DU PARAGUAY",,,Plein jour,En agglomération,Intersection à plus de 4 branches,Normale,Autre collision,,,,,,,,,,,1,2,5,1.0,6.0
201000064647,0010-11-17 13:15:00,10,11,17,13,15,750,116,"48, AVENUE GEORGES MANDE",,,Plein jour,En agglomération,Hors intersection,Normale,Autre collision,,,,,,,,,,,1,2,1,1.0,6.0
201000064648,0010-11-17 16:25:00,10,11,17,16,25,750,116,AVENUE D IENA,,,Plein jour,En agglomération,Intersection en T,Normale,Deux véhicules - côté,,,,,,,,,,,1,2,3,1.0,3.0
201000064649,0010-11-18 21:30:00,10,11,18,21,30,750,117,"38, BOULEVARD DE COURCEL",,,Nuit avec éclairage allumé,En agglomération,Hors intersection,Pluie légère,Deux véhicules - côté,,,,,,,,,,,5,2,1,2.0,3.0
201000064650,0010-11-19 08:00:00,10,11,19,8,0,750,116,"46, AVENUE D IENA",,,Plein jour,En agglomération,Intersection à plus de 4 branches,Normale,Deux véhicules - frontale,,,,,,,,,,,1,2,5,1.0,1.0
201000064651,0010-11-19 11:00:00,10,11,19,11,0,750,116,"47bis, RUE CLAUDE TERRAS",,,Plein jour,En agglomération,Hors intersection,Temps couvert,Autre collision,,,,,,,,,,,1,2,1,8.0,6.0
201000064652,0010-11-19 11:35:00,10,11,19,11,35,750,116,"7, AVENUE D IENA",,,Plein jour,En agglomération,Hors intersection,Normale,Deux véhicules - côté,,,,,,,,,,,1,2,1,1.0,3.0
201000064653,0010-11-19 16:20:00,10,11,19,16,20,750,116,"89, AVENUE KLEBER",,,Plein jour,En agglomération,Hors intersection,Normale,Sans collision,,,,,,,,,,,1,2,1,1.0,7.0
201000064654,0010-11-19 19:20:00,10,11,19,19,20,750,116,"20, RUE DE BOULAINVILLIE",,,Nuit avec éclairage allumé,En agglomération,Hors intersection,Pluie légère,Autre collision,,,,,,,,,,,5,2,1,2.0,6.0
201000064655,0010-11-19 20:05:00,10,11,19,20,5,750,116,"75, AVENUE MARCEAU",,,Nuit avec éclairage allumé,En agglomération,Hors intersection,Pluie légère,Autre collision,,,,,,,,,,,5,2,1,2.0,6.0
201000064656,0010-11-20 10:10:00,10,11,20,10,10,750,116,ROUTE DES TRIBUNES,,,Plein jour,En agglomération,Intersection en X,Normale,Sans collision,,,,,,,,,,,1,2,2,1.0,7.0
201000064657,0010-11-20 14:40:00,10,11,20,14,40,750,116,"36, RUE DE LA POMPE",,,Plein jour,En agglomération,Intersection en X,Normale,Autre collision,,,,,,,,,,,1,2,2,1.0,6.0
201000064658,0010-11-21 07:30:00,10,11,21,7,30,750,116,"S-50503, PONT DE BIR HAK",,,Crépuscule ou aube,En agglomération,Hors intersection,Pluie légère,Autre collision,,,,,,,,,,,2,2,1,2.0,6.0