accident_id,datetime,annee,mois,jour,heure,minute,departement,commune_insee,adresse,latitude,longitude,luminosite,agglomeration,intersection,meteo,collision,nb_vehicules,nb_usagers,nb_indemnes,nb_tues,nb_blesses_hosp,nb_blesses_legers,age_cond_1,age_cond_2,veh_type_cond_1,veh_type_cond_2,lum_code,agg_code,int_code,atm_code,col_code
201000064781,0010-03-02 10:00:00,10,3,2,10,0,750,117,"75, AVENUE DE CLICHY",,,Plein jour,En agglomération,Intersection en T,Normale,Deux véhicules - côté,,,,,,,,,,,1,2,3,1.0,3.0
201000064782,0010-03-05 16:40:00,10,3,5,16,40,750,117,"01/, BOULEVARD MALESHERB",,,Plein jour,En agglomération,Intersection à plus de 4 branches,Normale,Deux véhicules - côté,,,,,,,,,,,1,2,5,1.0,3.0
201000064783,0010-03-06 11:30:00,10,3,6,11,30,750,117,AVENUE DE LA PORTE D ASN,,,Plein jour,En agglomération,Intersection en X,Normale,Deux véhicules - arrière,,,,,,,,,,,1,2,2,1.0,2.0
201000064784,0010-03-06 16:20:00,10,3,6,16,20,750,117,"24, BOULEVARD BESSIERES",,,Plein jour,En agglomération,Hors intersection,Normale,Autre collision,,,,,,,,,,,1,2,1,1.0,6.0
201000064785,0010-03-09 11:16:00,10,3,9,11,16,750,117,"2, BOULEVARD DES BATIGNO",,,Plein jour,En agglomération,Intersection à plus de 4 branches,Normale,Autre collision,,,,,,,,,,,1,2,5,1.0,6.0
201000064786,0010-03-09 15:10:00,10,3,9,15,10,750,117,"19, 21, AVENUE DE LA POR",,,Plein jour,En agglomération,Hors intersection,Normale,Deux véhicules - côté,,,,,,,,,,,1,2,1,1.0,3.0
201000064787,0010-03-09 13:55:00,10,3,9,13,55,750,117,"68, PLACE DU DOCTEUR FEL",,,Plein jour,En agglomération,Intersection à plus de 4 branches,Normale,Deux véhicules - côté,,,,,,,,,,,1,2,5,1.0,3.0
201000064788,0010-03-10 10:00:00,10,3,10,10,0,750,117,"81, AVENUE DE CLICHY",,,Plein jour,En agglomération,Hors intersection,Normale,Autre collision,,,,,,,,,,,1,2,1,1.0,6.0
201000064789,0010-03-10 23:50:00,10,3,10,23,50,750,117,"121, BOULEVARD DE COURCE",,,Nuit avec éclairage allumé,En agglomération,Intersection en X,Normale,Deux véhicules - côté,,,,,,,,,,,5,2,2,1.0,3.0
201000064790,0010-03-11 17:35:00,10,3,11,17,35,750,117,"2, BOULEVARD DE COURCELL",,,Plein jour,En agglomération,Intersection à plus de 4 branches,Normale,Trois véhicules et plus - en chaîne,,,,,,,,,,,1,2,5,1.0,4.0
201000064791,0010-03-11 18:00:00,10,3,11,18,0,750,117,"26, BOULEVARD BESSIERES",,,Crépuscule ou aube,En agglomération,Hors intersection,Normale,Autre collision,,,,,,,,,,,2,2,1,1.0,6.0
201000064792,0010-03-11 20:55:00,10,3,11,20,55,750,117,"21, BOULEVARD GOUVION SA",,,Nuit avec éclairage allumé,En agglomération,Intersection à plus de 4 branches,Normale,Autre collision,,,,,,,,,,,5,2,5,1.0,6.0
201000064793,0010-03-11 22:45:00,10,3,11,22,45,750,117,"190 bis, BOULEVARD PEREI",,,Nuit avec éclairage allumé,En agglomération,Intersection à plus de 4 branches,Normale,Deux véhicules - côté,,,,,,,,,,,5,2,5,1.0,3.0
201000064794,0010-03-12 20:15:00,10,3,12,20,15,750,117,"2, AVENUE DE LA GRANDE A",,,Nuit avec éclairage allumé,En agglomération,Intersection à plus de 4 branches,Normale,Deux véhicules - arrière,,,,,,,,,,,5,2,5,1.0,2.0
201000064795,0010-03-13 10:40:00,10,3,13,10,40,750,117,"164, RUE DE COURCELLES",,,Plein jour,En agglomération,Intersection en X,Normale,Autre collision,,,,,,,,,,,1,2,2,1.0,6.0
201000064796,0010-03-13 13:20:00,10,3,13,13,20,750,117,RUE CARDINET,,,Plein jour,En agglomération,Intersection à plus de 4 branches,Normale,Autre collision,,,,,,,,,,,1,2,5,1.0,6.0
201000064797,0010-03-16 08:00:00,10,3,16,8,0,750,117,BOULEVARD PERIPHERIQUE E,,,Plein jour,En agglomération,Intersection en Y,Normale,Deux véhicules - arrière,,,,,,,,,,,1,2,4,1.0,2.0
201000064798,0010-03-16 18:50:00,10,3,16,18,50,750,117,"32, BOULEVARD DE REIMS",,,Crépuscule ou aube,En agglomération,Hors intersection,Normale,Autre collision,,,,,,,,,,,2,2,1,1.0,6.0
201000064799,0010-03-17 11:00:00,10,3,17,11,0,750,117,AVENUE DE CLICHY,,,Plein jour,En agglomération,Intersection en T,Normale,Deux véhicules - côté,,,,,,,,,,,1,2,3,1.0,3.0
201000064800,0010-03-18 09:00:00,10,3,18,9,0,750,117,"87, AVENUE DE VILLIERS",,,Plein jour,En agglomération,Intersection à plus de 4 branches,Normale,Autre collision,,,,,,,,,,,1,2,5,1.0,6.0
201000064801,0010-03-18 09:20:00,10,3,18,9,20,750,117,"0, BOULEVARD GOUVION SAI",,,Plein jour,En agglomération,Intersection en T,Normale,Deux véhicules - côté,,,,,,,,,,,1,2,3,1.0,3.0
201000064802,0010-03-19 08:30:00,10,3,19,8,30,750,117,"133, RUE DE ROME",,,Plein jour,En agglomération,Intersection en X,Normale,Autre collision,,,,,,,,,,,1,2,2,1.0,6.0
201000064803,0010-03-20 18:25:00,10,3,20,18,25,750,117,"168, AVENUE DE CLICHY",,,Crépuscule ou aube,En agglomération,Intersection en T,Normale,Deux véhicules - côté,,,,,,,,,,,2,2,3,1.0,3.0
201000064804,0010-03-23 14:20:00,10,3,23,14,20,750,117,"70, RUE JOUFFROY D ABBAN",,,Plein jour,En agglomération,Intersection à plus de 4 branches,Normale,Deux véhicules - côté,,,,,,,,,,,1,2,5,1.0,3.0
201000064805,0010-03-23 17:30:00,10,3,23,17,30,750,117,"216, BOULEVARD PEREIRE",,,Plein jour,En agglomération,Intersection en Y,Normale,Sans collision,,,,,,,,,,,1,2,4,1.0,7.0
201000064806,0010-03-23 21:55:00,10,3,23,21,55,750,117,"123, RUE DE COURCELLES",,,Nuit avec éclairage allumé,En agglomération,Intersection en X,Normale,Deux véhicules - côté,,,,,,,,,,,5,2,2,1.0,3.0
201000064807,0010-03-24 13:40:00,10,3,24,13,40,750,117,RUE DE COURCELLES,,,Plein jour,En agglomération,Intersection à plus de 4 branches,Normale,Deux véhicules - côté,,,,,,,,,,,1,2,5,1.0,3.0
201000064808,0010-03-25 18:00:00,10,3,25,18,0,750,117,"17, AVENUE DE SAINT OUEN",,,Plein jour,En agglomération,Intersection en X,Pluie légère,Deux véhicules - côté,,,,,,,,,,,1,2,2,2.0,3.0
201000064809,0010-03-27 08:25:00,10,3,27,8,25,750,117,AVENUE DE LA GRANDE ARME,,,Plein jour,En agglomération,Hors intersection,Pluie légère,Autre collision,,,,,,,,,,,1,2,1,2.0,6.0
201000064810,0010-03-27 19:45:00,10,3,27,19,45,750,117,"64, AVENUE DE WAGRAM",,,Nuit avec éclairage allumé,En agglomération,Intersection en X,Pluie légère,Autre collision,,,,,,,,,,,5,2,2,2.0,6.0
201000064811,0010-03-28 06:45:00,10,3,28,6,45,750,117,"154, AVENUE DE CLICHY",,,Crépuscule ou aube,En agglomération,Intersection à plus de 4 branches,Normale,Autre collision,,,,,,,,,,,2,2,5,1.0,6.0
201000064812,0010-03-29 21:50:00,10,3,29,21,50,750,117,BOULEVARD PERSHING,,,Nuit avec éclairage allumé,En agglomération,Intersection à plus de 4 branches,Pluie légère,Deux véhicules - côté,,,,,,,,,,,5,2,5,2.0,3.0
201000064813,0010-03-31 08:50:00,10,3,31,8,50,750,117,"78, RUE POUCHET",,,Plein jour,En agglomération,Hors intersection,Normale,Autre collision,,,,,,,,,,,1,2,1,1.0,6.0
201000064814,0010-04-01 10:54:00,10,4,1,10,54,750,117,"36, AVENUE DE LA GRANDE",,,Plein jour,En agglomération,Hors intersection,Normale,Deux véhicules - arrière,,,,,,,,,,,1,2,1,1.0,2.0
201000064815,0010-04-01 11:30:00,10,4,1,11,30,750,117,"24, BOULEVARD DE COURCEL",,,Plein jour,En agglomération,Intersection en X,Normale,Deux véhicules - côté,,,,,,,,,,,1,2,2,1.0,3.0
201000064816,0010-04-01 21:10:00,10,4,1,21,10,750,117,"40, AVENUE DES TERNES",,,Nuit avec éclairage allumé,En agglomération,Intersection en Y,Normale,Sans collision,,,,,,,,,,,5,2,4,1.0,7.0
201000064817,0010-04-04 18:25:00,10,4,4,18,25,750,117,AVENUE DE LA PORTE D ASN,,,Plein jour,En agglomération,Intersection à plus de 4 branches,Normale,Deux véhicules - côté,,,,,,,,,,,1,2,5,1.0,3.0
201000064818,0010-04-04 17:00:00,10,4,4,17,0,750,117,"56, AVENUE DE WAGRAM",,,Plein jour,En agglomération,Hors intersection,Pluie légère,Deux véhicules - côté,,,,,,,,,,,1,2,1,2.0,3.0
201000064819,0010-04-08 11:00:00,10,4,8,11,0,750,117,"91, AVENUE DE WAGRAM",,,Plein jour,En agglomération,Intersection en X,Normale,Autre collision,,,,,,,,,,,1,2,2,1.0,6.0
201000064820,0010-04-08 18:00:00,10,4,8,18,0,750,117,"188 Bis, AVENUE DE CLICH",,,Plein jour,En agglomération,Hors intersection,Normale,Deux véhicules - côté,,,,,,,,,,,1,2,1,1.0,3.0
201000064821,0010-04-09 12:25:00,10,4,9,12,25,750,117,"228, RUE DE COURCELLES",,,Plein jour,En agglomération,Hors intersection,Normale,Deux véhicules - côté,,,,,,,,,,,1,2,1,1.0,3.0
201000064822,0010-04-10 05:35:00,10,4,10,5,35,750,117,"72, BOULEVARD BERTHIER",,,Nuit avec éclairage allumé,En agglomération,Hors intersection,Normale,Autre collision,,,,,,,,,,,5,2,1,1.0,6.0
201000064823,0010-04-10 14:05:00,10,4,10,14,5,750,117,"76, BOULEVARD BERTHIER",,,Plein jour,En agglomération,Intersection à plus de 4 branches,Normale,Deux véhicules - côté,,,,,,,,,,,1,2,5,1.0,3.0
201000064824,0010-04-11 17:05:00,10,4,11,17,5,750,117,"02, RUE POUCHET",,,Plein jour,En agglomération,Intersection en X,Normale,Autre collision,,,,,,,,,,,1,2,2,1.0,6.0
201000064825,0010-04-14 15:00:00,10,4,14,15,0,750,117,"25, AVENUE DE WAGRAM",,,Plein jour,En agglomération,Intersection en Y,Normale,Deux véhicules - côté,,,,,,,,,,,1,2,4,1.0,3.0
201000064826,0010-04-15 06:25:00,10,4,15,6,25,750,117,"22, AVENUE DE LA PORTE D",,,Nuit sans éclairage public,En agglomération,Intersection en Y,Normale,Autre collision,,,,,,,,,,,3,2,4,1.0,6.0
201000064827,0010-04-15 17:30:00,10,4,15,17,30,750,117,"119, BOULEVARD BESSIERES",,,Plein jour,En agglomération,Intersection en T,Temps éblouissant,Autre collision,,,,,,,,,,,1,2,3,7.0,6.0
201000064828,0010-04-16 09:55:00,10,4,16,9,55,750,117,"23, AVENUE DE WAGRAM",,,Plein jour,En agglomération,Intersection en Y,Normale,Autre collision,,,,,,,,,,,1,2,4,1.0,6.0
201000064829,0010-04-16 17:40:00,10,4,16,17,40,750,117,AVENUE DE LA PORTE D ASN,,,Plein jour,En agglomération,Intersection à plus de 4 branches,Normale,Deux véhicules - côté,,,,,,,,,,,1,2,5,1.0,3.0
201000064830,0010-04-17 14:40:00,10,4,17,14,40,750,117,"6, AVENUE CARNOT",,,Plein jour,En agglomération,Hors intersection,Normale,Deux véhicules - côté,,,,,,,,,,,1,2,1,1.0,3.0
201000064831,0010-04-17 19:20:00,10,4,17,19,20,750,117,"11, RUE GAUTHEY",,,Plein jour,En agglomération,Intersection en X,Normale,Deux véhicules - côté,,,,,,,,,,,1,2,2,1.0,3.0
201000064832,0010-04-18 04:10:00,10,4,18,4,10,750,117,"1, AVENUE DE LA PORTE DE",,,Nuit avec éclairage allumé,En agglomération,Hors intersection,Normale,Deux véhicules - côté,,,,,,,,,,,5,2,1,1.0,3.0
201000064833,0010-04-19 12:25:00,10,4,19,12,25,750,117,"12, RUE DES BATIGNOLLES",,,Plein jour,En agglomération,Intersection en X,Normale,Autre collision,,,,,,,,,,,1,2,2,1.0,6.0
201000064834,0010-04-19 18:15:00,10,4,19,18,15,750,117,"271, BOULEVARD PEREIRE",,,Plein jour,En agglomération,Intersection en Y,Normale,Autre collision,,,,,,,,,,,1,2,4,1.0,6.0
201000064835,0010-04-21 16:45:00,10,4,21,16,45,750,116,"45, RUE MIRABEAU",,,Plein jour,En agglomération,Hors intersection,Normale,Autre collision,,,,,,,,,,,1,2,1,1.0,6.0
201000064836,0010-04-21 23:00:00,10,4,21,23,0,750,117,RUE DE SAUSSURE,,,Nuit avec éclairage allumé,En agglomération,Intersection à plus de 4 branches,Normale,Deux véhicules - côté,,,,,,,,,,,5,2,5,1.0,3.0
201000064837,0010-04-22 00:01:00,10,4,22,0,1,750,117,"3, BOULEVARD BESSIERES",,,Nuit avec éclairage allumé,En agglomération,Hors intersection,Normale,Deux véhicules - côté,,,,,,,,,,,5,2,1,1.0,3.0
201000064838,0010-04-24 18:10:00,10,4,24,18,10,750,117,"61, RUE DE TOCQUEVILLE",,,Plein jour,En agglomération,Intersection en X,Normale,Autre collision,,,,,,,,,,,1,2,2,1.0,6.0
201000064839,0010-04-25 02:48:00,10,4,25,2,48,750,117,AVENUE DE LA GRANDE ARME,,,Nuit avec éclairage allumé,En agglomération,Intersection à plus de 4 branches,Normale,Autre collision,,,,,,,,,,,5,2,5,1.0,6.0
201000064840,0010-04-26 11:00:00,10,4,26,11,0,750,117,"25, RUE DE LA FELICITE",,,Plein jour,En agglomération,Hors intersection,Normale,Autre collision,,,,,,,,,,,1,2,1,1.0,6.0
201000064841,0010-04-27 23:30:00,10,4,27,23,30,750,117,"94, BOULEVARD DE COURCEL",,,Nuit avec éclairage allumé,En agglomération,Hors intersection,Normale,Deux véhicules - frontale,,,,,,,,,,,5,2,1,1.0,1.0
201000064842,0010-04-28 08:10:00,10,4,28,8,10,750,117,"87, AVENUE DE CLICHY",,,Plein jour,En agglomération,Intersection en T,Normale,Deux véhicules - côté,,,,,,,,,,,1,2,3,1.0,3.0
201000064843,0010-04-29 12:30:00,10,4,29,12,30,750,117,RUE TARBE,,,Plein jour,En agglomération,Intersection en X,Normale,Autre collision,,,,,,,,,,,1,2,2,1.0,6.0
201000064844,0010-04-29 15:10:00,10,4,29,15,10,750,117,"72, AVENUE DE WAGRAM",,,Plein jour,En agglomération,Intersection à plus de 4 branches,Normale,Autre collision,,,,,,,,,,,1,2,5,1.0,6.0
201000064845,0010-04-30 08:50:00,10,4,30,8,50,750,117,"7, AVENUE DE LA PORTE DE",,,Plein jour,En agglomération,Intersection en T,Pluie légère,Sans collision,,,,,,,,,,,1,2,3,2.0,7.0
201000064846,0010-04-30 16:25:00,10,4,30,16,25,750,117,", PLACE DE CLICHY",,,Plein jour,En agglomération,Intersection à plus de 4 branches,Normale,Deux véhicules - côté,,,,,,,,,,,1,2,5,1.0,3.0
201000064847,0010-05-02 12:05:00,10,5,2,12,5,750,117,"1, AVENUE DE LA PORTE DE",,,Plein jour,En agglomération,Hors intersection,Temps couvert,Autre collision,,,,,,,,,,,1,2,1,8.0,6.0
201000064848,0010-05-04 08:10:00,10,5,4,8,10,750,117,AVENUE DE LA PORTE DE CL,,,Plein jour,En agglomération,Intersection en Y,Normale,Autre collision,,,,,,,,,,,1,2,4,1.0,6.0
201000064849,0010-05-05 15:10:00,10,5,5,15,10,750,117,"4, RUE LABIE",,,Plein jour,En agglomération,Hors intersection,Normale,Deux véhicules - arrière,,,,,,,,,,,1,2,1,1.0,2.0
201000064850,0010-05-07 14:40:00,10,5,7,14,40,750,117,"162, RUE DE COURCELLES",,,Plein jour,En agglomération,Intersection en X,Normale,Deux véhicules - côté,,,,,,,,,,,1,2,2,1.0,3.0
201000064851,0010-05-09 01:52:00,10,5,9,1,52,750,117,AVENUE DE WAGRAM,,,Nuit avec éclairage allumé,En agglomération,Intersection à plus de 4 branches,Pluie légère,Deux véhicules - arrière,,,,,,,,,,,5,2,5,2.0,2.0
201000064852,0010-05-10 12:00:00,10,5,10,12,0,750,117,"108, AVENUE DES TERNES",,,Plein jour,En agglomération,Intersection en X,Normale,Deux véhicules - côté,,,,,,,,,,,1,2,2,1.0,3.0
201000064853,0010-05-15 18:30:00,10,5,15,18,30,750,117,"145Bis, RUE CARDINET",,,Plein jour,En agglomération,Hors intersection,Normale,Deux véhicules - côté,,,,,,,,,,,1,2,1,1.0,3.0
201000064854,0010-05-17 11:50:00,10,5,17,11,50,750,117,"37, AVENUE DE LA PORTE D",,,Plein jour,En agglomération,Hors intersection,Normale,Autre collision,,,,,,,,,,,1,2,1,1.0,6.0
201000064855,0010-05-17 12:30:00,10,5,17,12,30,750,117,"69, AVENUE DE SAINT OUEN",,,Plein jour,En agglomération,Hors intersection,Normale,Deux véhicules - côté,,,,,,,,,,,1,2,1,1.0,3.0
201000064856,0010-05-17 14:30:00,10,5,17,14,30,750,117,"116, AVENUE DE VILLIERS",,,Plein jour,En agglomération,Intersection à plus de 4 branches,Normale,Autre collision,,,,,,,,,,,1,2,5,1.0,6.0
201000064857,0010-05-18 07:50:00,10,5,18,7,50,750,117,AVENUE DE LA PORTE DE SA,,,Plein jour,En agglomération,Hors intersection,Normale,Autre collision,,,,,,,,,,,1,2,1,1.0,6.0
201000064858,0010-05-18 08:55:00,10,5,18,8,55,750,117,"162, BOULEVARD BERTHIER",,,Plein jour,En agglomération,Intersection à plus de 4 branches,Normale,Deux véhicules - côté,,,,,,,,,,,1,2,5,1.0,3.0
201000064859,0010-05-18 19:40:00,10,5,18,19,40,750,117,"9, PLACE DES TERNES",,,Plein jour,En agglomération,Hors intersection,Normale,Deux véhicules - côté,,,,,,,,,,,1,2,1,1.0,3.0
201000064860,0010-05-20 15:10:00,10,5,20,15,10,750,117,AVENUE DE LA GRANDE ARME,,,Plein jour,En agglomération,Intersection en T,Normale,Deux véhicules - côté,,,,,,,,,,,1,2,3,1.0,3.0
201000064861,0010-05-21 22:45:00,10,5,21,22,45,750,117,RUE LEGENDRE,,,Nuit avec éclairage allumé,En agglomération,Intersection en X,Normale,Autre collision,,,,,,,,,,,5,2,2,1.0,6.0
201000064862,0010-05-22 15:00:00,10,5,22,15,0,750,117,"10 BIS, AVENUE DE LA GRA",,,Plein jour,En agglomération,Hors intersection,Normale,Autre collision,,,,,,,,,,,1,2,1,1.0,6.0
201000064863,0010-05-23 21:05:00,10,5,23,21,5,750,117,"133, RUE DE ROME",,,Plein jour,En agglomération,Intersection en X,Normale,Autre collision,,,,,,,,,,,1,2,2,1.0,6.0
201000064864,0010-05-24 16:45:00,10,5,24,16,45,750,117,"92, AVENUE DE WAGRAM",,,Plein jour,En agglomération,Intersection en X,Normale,Deux véhicules - côté,,,,,,,,,,,1,2,2,1.0,3.0
201000064865,0010-05-25 09:40:00,10,5,25,9,40,750,117,RUE JOUFFROY D ABBANS,,,Plein jour,En agglomération,Intersection en X,Normale,Deux véhicules - côté,,,,,,,,,,,1,2,2,1.0,3.0
201000064866,0010-05-25 10:05:00,10,5,25,10,5,750,117,"64, AVENUE DE LA GRANDE",,,Plein jour,En agglomération,Intersection en T,Normale,Autre collision,,,,,,,,,,,1,2,3,1.0,6.0
201000064867,0010-05-25 16:15:00,10,5,25,16,15,750,117,"51bis, BOULEVARD BERTHIE",,,Plein jour,En agglomération,Intersection à plus de 4 branches,Normale,Autre collision,,,,,,,,,,,1,2,5,1.0,6.0
201000064868,0010-05-26 15:24:00,10,5,26,15,24,750,117,"52, BOULEVARD PEREIRE",,,Plein jour,En agglomération,Hors intersection,Pluie légère,Deux véhicules - côté,,,,,,,,,,,1,2,1,2.0,3.0
201000064869,0010-05-26 15:30:00,10,5,26,15,30,750,117,"vis/vis190, AVENUE DE CL",,,Plein jour,En agglomération,Hors intersection,Pluie légère,Deux véhicules - arrière,,,,,,,,,,,1,2,1,2.0,2.0
201000064870,0010-05-26 20:40:00,10,5,26,20,40,750,117,"27, AVENUE DE WAGRAM",,,Crépuscule ou aube,En agglomération,Intersection en T,Temps couvert,Deux véhicules - frontale,,,,,,,,,,,2,2,3,8.0,1.0
201000064871,0010-05-28 10:55:00,10,5,28,10,55,750,117,BOULEVARD PERIPHERIQUE,,,Plein jour,En agglomération,Hors intersection,Normale,Deux véhicules - côté,,,,,,,,,,,1,2,1,1.0,3.0
201000064872,0010-05-28 19:10:00,10,5,28,19,10,750,117,"51, AVENUE DE CLICHY",,,Plein jour,En agglomération,Hors intersection,Normale,Autre collision,,,,,,,,,,,1,2,1,1.0,6.0
201000064873,0010-05-30 12:20:00,10,5,30,12,20,750,117,"95 bis, BOULEVARD BESSIE",,,Plein jour,En agglomération,Hors intersection,Pluie légère,Deux véhicules - côté,,,,,,,,,,,1,2,1,2.0,3.0
201000064874,0010-05-30 13:30:00,10,5,30,13,30,750,117,"76, RUE TRUFFAUT",,,Plein jour,En agglomération,Intersection en X,Temps couvert,Deux véhicules - arrière,,,,,,,,,,,1,2,2,8.0,2.0
201000064875,0010-06-03 16:55:00,10,6,3,16,55,750,117,"130, RUE DE TOCQUEVILLE",,,Plein jour,En agglomération,Hors intersection,Normale,Deux véhicules - côté,,,,,,,,,,,1,2,1,1.0,3.0
201000064876,0010-06-04 19:40:00,10,6,4,19,40,750,117,"9, RUE CATULLE MENDES",,,Plein jour,En agglomération,Hors intersection,Normale,Autre collision,,,,,,,,,,,1,2,1,1.0,6.0
201000064877,0010-06-04 21:15:00,10,6,4,21,15,750,117,"143, RUE DE COURCELLES",,,Crépuscule ou aube,En agglomération,Intersection en X,Normale,Deux véhicules - côté,,,,,,,,,,,2,2,2,1.0,3.0
201000064878,0010-06-07 10:30:00,10,6,7,10,30,750,117,"21, BOULEVARD PEREIRE",,,Plein jour,En agglomération,Intersection en X,Normale,Sans collision,,,,,,,,,,,1,2,2,1.0,7.0
201000064879,0010-05-27 19:15:00,10,5,27,19,15,750,117,"70, AVENUE DE VILLIERS",,,Plein jour,En agglomération,Hors intersection,Normale,Autre collision,,,,,,,,,,,1,2,1,1.0,6.0
201000064880,0010-06-08 07:45:00,10,6,8,7,45,750,117,"23, AVENUE DE WAGRAM",,,Plein jour,En agglomération,Intersection en X,Normale,Deux véhicules - côté,,,,,,,,,,,1,2,2,1.0,3.0
201000064881,0010-06-08 20:20:00,10,6,8,20,20,750,117,"2, AVENUE DE LA PORTE D",,,Plein jour,En agglomération,Intersection en X,Normale,Deux véhicules - côté,,,,,,,,,,,1,2,2,1.0,3.0
201000064882,0010-06-09 07:50:00,10,6,9,7,50,750,117,"99, BOULEVARD GOUVION SA",,,Plein jour,En agglomération,Intersection en X,Pluie légère,Autre collision,,,,,,,,,,,1,2,2,2.0,6.0
201000064883,0010-06-09 19:10:00,10,6,9,19,10,750,117,"11, BOULEVARD PERSHING",,,Plein jour,En agglomération,Hors intersection,Pluie légère,Deux véhicules - côté,,,,,,,,,,,1,2,1,2.0,3.0
201000064884,0010-06-10 14:00:00,10,6,10,14,0,750,117,RUE POUCHET,,,Plein jour,En agglomération,Hors intersection,Normale,Sans collision,,,,,,,,,,,1,2,1,1.0,7.0
201000064885,0010-06-12 21:44:00,10,6,12,21,44,750,117,"184, AVENUE DE CLICHY",,,Nuit avec éclairage allumé,En agglomération,Intersection en X,Normale,Autre collision,,,,,,,,,,,5,2,2,1.0,6.0
201000064886,0010-06-14 09:25:00,10,6,14,9,25,750,117,"177, BOULEVARD MALESHERB",,,Plein jour,En agglomération,Hors intersection,Normale,Deux véhicules - arrière,,,,,,,,,,,1,2,1,1.0,2.0
201000064887,0010-06-15 10:10:00,10,6,15,10,10,750,117,"145, RUE CARDINET",,,Plein jour,En agglomération,Hors intersection,Temps couvert,Autre collision,,,,,,,,,,,1,2,1,8.0,6.0
201000064888,0010-06-16 09:00:00,10,6,16,9,0,750,117,"96, BOULEVARD BESSIERES",,,Plein jour,En agglomération,Hors intersection,Normale,Deux véhicules - côté,,,,,,,,,,,1,2,1,1.0,3.0
201000064889,0010-06-16 13:52:00,10,6,16,13,52,750,117,"145, AVENUE DE VILLIERS",,,Plein jour,En agglomération,Hors intersection,Normale,Autre collision,,,,,,,,,,,1,2,1,1.0,6.0
201000064890,0010-06-16 21:20:00,10,6,16,21,20,750,117,"37, AVENUE DE LA PORTE D",,,Crépuscule ou aube,En agglomération,Hors intersection,Normale,Autre collision,,,,,,,,,,,2,2,1,1.0,6.0
201000064891,0010-06-16 23:20:00,10,6,16,23,20,750,117,BOULEVARD DU FORT DE VAU,,,Nuit avec éclairage allumé,En agglomération,Intersection en T,Normale,Autre collision,,,,,,,,,,,5,2,3,1.0,6.0
201000064892,0010-06-17 03:30:00,10,6,17,3,30,750,117,AVENUE DE LA PORTE DE SA,,,Nuit avec éclairage allumé,En agglomération,Intersection en X,Normale,Deux véhicules - frontale,,,,,,,,,,,5,2,2,1.0,1.0
201000064893,0010-06-17 16:55:00,10,6,17,16,55,750,117,"7, RUE SAINT FERDINAND",,,Plein jour,En agglomération,Hors intersection,Normale,Autre collision,,,,,,,,,,,1,2,1,1.0,6.0
201000064894,0010-06-18 12:55:00,10,6,18,12,55,750,117,"face 21, BOULEVARD DE L",,,Plein jour,En agglomération,Intersection en X,Normale,Autre collision,,,,,,,,,,,1,2,2,1.0,6.0
201000064895,0010-06-18 20:15:00,10,6,18,20,15,750,117,BOULEVARD PERIPHERIQUE,,,Plein jour,Hors agglomération,Hors intersection,Normale,Deux véhicules - arrière,,,,,,,,,,,1,1,1,1.0,2.0
201000064896,0010-06-18 21:40:00,10,6,18,21,40,750,117,"22, RUE ANDRE SUARES",,,Plein jour,En agglomération,Intersection en X,Normale,Deux véhicules - côté,,,,,,,,,,,1,2,2,1.0,3.0
201000064897,0010-06-19 06:30:00,10,6,19,6,30,750,117,"36, AVENUE DE LA GRANDE",,,Plein jour,En agglomération,Intersection en X,Pluie légère,Trois véhicules et plus - en chaîne,,,,,,,,,,,1,2,2,2.0,4.0
201000064898,0010-06-21 19:50:00,10,6,21,19,50,750,117,"73, RUE DE PRONY",,,Plein jour,En agglomération,Intersection en X,Normale,Deux véhicules - arrière,,,,,,,,,,,1,2,2,1.0,2.0
201000064899,0010-06-21 22:40:00,10,6,21,22,40,750,117,PORTE MAILLOT,,,Nuit avec éclairage allumé,En agglomération,Giratoire,Normale,Deux véhicules - côté,,,,,,,,,,,5,2,6,1.0,3.0
201000064900,0010-06-22 15:30:00,10,6,22,15,30,750,117,"2, PLACE DE LA PORTE MAI",,,Plein jour,En agglomération,Giratoire,Normale,Deux véhicules - côté,,,,,,,,,,,1,2,6,1.0,3.0
201000064901,0010-06-24 12:40:00,10,6,24,12,40,750,117,"51, RUE LEGENDRE",,,Plein jour,En agglomération,Intersection en X,Normale,Sans collision,,,,,,,,,,,1,2,2,1.0,7.0
201000064902,0010-06-25 17:00:00,10,6,25,17,0,750,117,"19, AVENUE DE CLICHY",,,Plein jour,En agglomération,Hors intersection,Normale,Autre collision,,,,,,,,,,,1,2,1,1.0,6.0
201000064903,0010-06-26 17:00:00,10,6,26,17,0,750,117,"153, AVENUE DE SAINT OUE",,,Plein jour,En agglomération,Intersection en X,Normale,Autre collision,,,,,,,,,,,1,2,2,1.0,6.0
201000064904,0010-06-28 06:35:00,10,6,28,6,35,750,117,"23, AVENUE DES TERNES",,,Plein jour,En agglomération,Hors intersection,Normale,Deux véhicules - frontale,,,,,,,,,,,1,2,1,1.0,1.0
201000064905,0010-06-28 09:00:00,10,6,28,9,0,750,117,"42, BOULEVARD DE DOUAUMO",,,Plein jour,En agglomération,Hors intersection,Normale,Deux véhicules - côté,,,,,,,,,,,1,2,1,1.0,3.0