accident_id,datetime,annee,mois,jour,heure,minute,departement,commune_insee,adresse,latitude,longitude,luminosite,agglomeration,intersection,meteo,collision,nb_vehicules,nb_usagers,nb_indemnes,nb_tues,nb_blesses_hosp,nb_blesses_legers,age_cond_1,age_cond_2,veh_type_cond_1,veh_type_cond_2,lum_code,agg_code,int_code,atm_code,col_code
201000064906,0010-06-28 19:15:00,10,6,28,19,15,750,117,"02, AVENUE DE LA GRANDE",,,Plein jour,En agglomération,Intersection en X,Normale,Deux véhicules - côté,,,,,,,,,,,1,2,2,1.0,3.0
201000064907,0010-06-29 08:30:00,10,6,29,8,30,750,117,"/, RUE CARDINET",,,Plein jour,En agglomération,Intersection en X,Pluie légère,Deux véhicules - côté,,,,,,,,,,,1,2,2,2.0,3.0
201000064908,0010-06-29 15:20:00,10,6,29,15,20,750,117,"3, PLACE DU GENERAL KOEN",,,Plein jour,En agglomération,Intersection en X,Normale,Autre collision,,,,,,,,,,,1,2,2,1.0,6.0
201000064909,0010-06-29 23:30:00,10,6,29,23,30,750,117,"157, AVENUE DE CLICHY",,,Nuit avec éclairage allumé,En agglomération,Intersection en T,Normale,Deux véhicules - frontale,,,,,,,,,,,5,2,3,1.0,1.0
201000064910,0010-06-30 17:50:00,10,6,30,17,50,750,117,"190, AVENUE DE CLICHY",,,Plein jour,En agglomération,Hors intersection,Normale,Deux véhicules - côté,,,,,,,,,,,1,2,1,1.0,3.0
201000064911,0010-07-01 09:55:00,10,7,1,9,55,750,108,"75, BOULEVARD DE COURCEL",,,Plein jour,En agglomération,Intersection en X,Normale,Autre collision,,,,,,,,,,,1,2,2,1.0,6.0
201000064912,0010-07-01 17:10:00,10,7,1,17,10,750,117,"107, BOULEVARD BESSIERES",,,Plein jour,En agglomération,Intersection à plus de 4 branches,Autre,Deux véhicules - côté,,,,,,,,,,,1,2,5,9.0,3.0
201000064913,0010-07-01 17:10:00,10,7,1,17,10,750,117,"134, BOULEVARD MALESHERB",,,Plein jour,En agglomération,Intersection en X,Normale,Deux véhicules - côté,,,,,,,,,,,1,2,2,1.0,3.0
201000064914,0010-07-02 14:00:00,10,7,2,14,0,750,117,"45, RUE DE TOCQUEVILLE",,,Plein jour,En agglomération,Hors intersection,Normale,Deux véhicules - côté,,,,,,,,,,,1,2,1,1.0,3.0
201000064915,0010-07-03 00:25:00,10,7,3,0,25,750,117,AVENUE DE LA GRANDE ARME,,,Nuit avec éclairage allumé,En agglomération,Intersection à plus de 4 branches,Normale,Autre collision,,,,,,,,,,,5,2,5,1.0,6.0
201000064916,0010-07-03 09:00:00,10,7,3,9,0,750,117,"119, AVENUE DE SAINT OUE",,,Plein jour,En agglomération,Hors intersection,Pluie forte,Sans collision,,,,,,,,,,,1,2,1,3.0,7.0
201000064917,0010-07-03 20:30:00,10,7,3,20,30,750,117,"21, BOULEVARD PEREIRE",,,Plein jour,En agglomération,Intersection en X,Normale,Deux véhicules - côté,,,,,,,,,,,1,2,2,1.0,3.0
201000064918,0010-07-05 21:35:00,10,7,5,21,35,750,117,"3, BOULEVARD DE L YSER",,,Nuit avec éclairage allumé,En agglomération,Intersection à plus de 4 branches,Normale,Deux véhicules - côté,,,,,,,,,,,5,2,5,1.0,3.0
201000064919,0010-07-06 01:35:00,10,7,6,1,35,750,117,"0, BOULEVARD DE COURCELL",,,Nuit avec éclairage allumé,En agglomération,Intersection à plus de 4 branches,Normale,Deux véhicules - côté,,,,,,,,,,,5,2,5,1.0,3.0
201000064920,0010-07-06 12:10:00,10,7,6,12,10,750,117,"14, RUE BAYEN",,,Plein jour,En agglomération,Intersection à plus de 4 branches,Normale,Autre collision,,,,,,,,,,,1,2,5,1.0,6.0
201000064921,0010-07-07 16:15:00,10,7,7,16,15,750,117,"78, AVENUE DE WAGRAM",,,Plein jour,En agglomération,Intersection à plus de 4 branches,Normale,Deux véhicules - côté,,,,,,,,,,,1,2,5,1.0,3.0
201000064922,0010-07-09 13:00:00,10,7,9,13,0,750,117,"40, RUE LEGENDRE",,,Plein jour,En agglomération,Hors intersection,Normale,Autre collision,,,,,,,,,,,1,2,1,1.0,6.0
201000064923,0010-07-11 16:25:00,10,7,11,16,25,750,117,AVENUE DE LA PORTE DE CL,,,Plein jour,En agglomération,Intersection à plus de 4 branches,Normale,Sans collision,,,,,,,,,,,1,2,5,1.0,7.0
201000064924,0010-07-12 13:10:00,10,7,12,13,10,750,117,"51, AVENUE DES TERNES",,,Plein jour,En agglomération,Hors intersection,Normale,Deux véhicules - arrière,,,,,,,,,,,1,2,1,1.0,2.0
201000064925,0010-07-13 16:40:00,10,7,13,16,40,750,117,"66, AVENUE DE LA GRANDE",,,Plein jour,En agglomération,Intersection en Y,Normale,Autre collision,,,,,,,,,,,1,2,4,1.0,6.0
201000064926,0010-07-13 16:30:00,10,7,13,16,30,750,117,"152, BOULEVARD BERTHIER",,,Plein jour,En agglomération,Hors intersection,Normale,Autre collision,,,,,,,,,,,1,2,1,1.0,6.0
201000064927,0010-07-13 19:45:00,10,7,13,19,45,750,118,BOULEVARD PERIPHERIQUE,,,Plein jour,En agglomération,Hors intersection,Normale,Deux véhicules - côté,,,,,,,,,,,1,2,1,1.0,3.0
201000064928,0010-07-14 16:00:00,10,7,14,16,0,750,117,"7, PLACE DU MARECHAL JUI",,,Plein jour,En agglomération,Intersection à plus de 4 branches,Pluie légère,Deux véhicules - côté,,,,,,,,,,,1,2,5,2.0,3.0
201000064929,0010-07-15 18:00:00,10,7,15,18,0,750,117,"125, BOULEVARD BESSIERES",,,Plein jour,En agglomération,Intersection à plus de 4 branches,Normale,Autre collision,,,,,,,,,,,1,2,5,1.0,6.0
201000064930,0010-07-20 22:35:00,10,7,20,22,35,750,117,"9, BOULEVARD DU FORT DE",,,Nuit avec éclairage allumé,En agglomération,Hors intersection,Normale,Autre collision,,,,,,,,,,,5,2,1,1.0,6.0
201000064931,0010-07-23 20:15:00,10,7,23,20,15,750,117,"1, RUE DE CHAZELLES",,,Crépuscule ou aube,En agglomération,Hors intersection,Pluie légère,Autre collision,,,,,,,,,,,2,2,1,2.0,6.0
201000064932,0010-07-23 22:00:00,10,7,23,22,0,750,117,PLACE PAUL LEAUTAUD,,,Crépuscule ou aube,En agglomération,Intersection à plus de 4 branches,Pluie légère,Sans collision,,,,,,,,,,,2,2,5,2.0,7.0
201000064933,0010-07-26 23:05:00,10,7,26,23,5,750,117,"164, AVENUE DE CLICHY",,,Nuit avec éclairage allumé,En agglomération,Intersection en X,Normale,Deux véhicules - côté,,,,,,,,,,,5,2,2,1.0,3.0
201000064934,0010-07-27 14:15:00,10,7,27,14,15,750,117,"81, AVENUE NIEL",,,Plein jour,En agglomération,Intersection en X,Normale,Autre collision,,,,,,,,,,,1,2,2,1.0,6.0
201000064935,0010-07-29 01:15:00,10,7,29,1,15,750,117,AVENUE DE LA PORTE DE CL,,,Nuit avec éclairage allumé,En agglomération,Intersection à plus de 4 branches,Normale,Deux véhicules - côté,,,,,,,,,,,5,2,5,1.0,3.0
201000064936,0010-07-29 08:15:00,10,7,29,8,15,750,117,"106, BOULEVARD MALESHERB",,,Plein jour,En agglomération,Hors intersection,Normale,Sans collision,,,,,,,,,,,1,2,1,1.0,7.0
201000064937,0010-07-29 09:00:00,10,7,29,9,0,750,117,"07, PLACE DU MARECHAL JU",,,Plein jour,En agglomération,Intersection à plus de 4 branches,Normale,Deux véhicules - côté,,,,,,,,,,,1,2,5,1.0,3.0
201000064938,0010-07-29 16:10:00,10,7,29,16,10,750,117,"99, BOULEVARD GOUVION SA",,,Plein jour,En agglomération,Hors intersection,Temps couvert,Autre collision,,,,,,,,,,,1,2,1,8.0,6.0
201000064939,0010-07-28 10:10:00,10,7,28,10,10,750,117,"181, AVENUE DE CLICHY",,,Plein jour,En agglomération,Hors intersection,Normale,Autre collision,,,,,,,,,,,1,2,1,1.0,6.0
201000064940,0010-08-02 16:00:00,10,8,2,16,0,750,117,"94, BOULEVARD MALESHERBE",,,Plein jour,En agglomération,Intersection en X,Normale,Deux véhicules - côté,,,,,,,,,,,1,2,2,1.0,3.0
201000064941,0010-08-02 19:40:00,10,8,2,19,40,750,117,"61, RUE DE TOCQUEVILLE",,,Plein jour,En agglomération,Intersection en X,Normale,Autre collision,,,,,,,,,,,1,2,2,1.0,6.0
201000064942,0010-08-04 03:55:00,10,8,4,3,55,750,117,"2, AVENUE DE LA GRANDE A",,,Nuit avec éclairage allumé,En agglomération,Intersection en X,Normale,Autre collision,,,,,,,,,,,5,2,2,1.0,6.0
201000064943,0010-08-04 15:00:00,10,8,4,15,0,750,117,"21, AVENUE NIEL",,,Plein jour,En agglomération,Intersection en Y,Normale,Autre collision,,,,,,,,,,,1,2,4,1.0,6.0
201000064944,0010-08-04 22:00:00,10,8,4,22,0,750,117,AVENUE DE LA PORTE DE SA,,,Nuit avec éclairage allumé,En agglomération,Intersection en X,Pluie légère,Deux véhicules - arrière,,,,,,,,,,,5,2,2,2.0,2.0
201000064945,0010-08-05 15:35:00,10,8,5,15,35,750,117,"171, AVENUE DE CLICHY",,,Plein jour,En agglomération,Hors intersection,Normale,Autre collision,,,,,,,,,,,1,2,1,1.0,6.0
201000064946,0010-08-06 12:10:00,10,8,6,12,10,750,117,"5, BOULEVARD BERTHIER",,,Plein jour,En agglomération,Hors intersection,Normale,Autre collision,,,,,,,,,,,1,2,1,1.0,6.0
201000064947,0010-08-03 12:10:00,10,8,3,12,10,750,117,"83, AVENUE NIEL",,,Plein jour,En agglomération,Intersection en T,Normale,Deux véhicules - côté,,,,,,,,,,,1,2,3,1.0,3.0
201000064948,0010-08-06 14:40:00,10,8,6,14,40,750,117,"2, AVENUE DES TERNES",,,Plein jour,En agglomération,Hors intersection,Normale,Deux véhicules - arrière,,,,,,,,,,,1,2,1,1.0,2.0
201000064949,0010-08-10 13:20:00,10,8,10,13,20,750,117,"22, AVENUE DE LA PORTE D",,,Plein jour,En agglomération,Hors intersection,Normale,Autre collision,,,,,,,,,,,1,2,1,1.0,6.0
201000064950,0010-08-10 15:00:00,10,8,10,15,0,750,117,"71, BOULEVARD GOUVION SA",,,Plein jour,En agglomération,Intersection en Y,Normale,Autre collision,,,,,,,,,,,1,2,4,1.0,6.0
201000064951,0010-08-12 17:50:00,10,8,12,17,50,750,117,BOULEVARD DU FORT DE VAU,,,Plein jour,En agglomération,Intersection à plus de 4 branches,Normale,Deux véhicules - côté,,,,,,,,,,,1,2,5,1.0,3.0
201000064952,0010-08-14 14:30:00,10,8,14,14,30,750,117,"137, RUE CARDINET",,,Plein jour,En agglomération,Intersection en X,Pluie légère,Deux véhicules - côté,,,,,,,,,,,1,2,2,2.0,3.0
201000064953,0010-08-17 10:05:00,10,8,17,10,5,750,117,"26, RUE DES RENAUDES",,,Plein jour,En agglomération,Intersection en X,Normale,Autre collision,,,,,,,,,,,1,2,2,1.0,6.0
201000064954,0010-08-18 09:20:00,10,8,18,9,20,750,117,"220, AVENUE DES TERNES",,,Plein jour,En agglomération,Intersection à plus de 4 branches,Normale,Autre collision,,,,,,,,,,,1,2,5,1.0,6.0
201000064955,0010-08-20 08:00:00,10,8,20,8,0,750,117,BOULEVARD GOUVION SAINT,,,Plein jour,En agglomération,Intersection en X,Normale,Deux véhicules - côté,,,,,,,,,,,1,2,2,1.0,3.0
201000064956,0010-08-24 09:45:00,10,8,24,9,45,750,117,"75, AVENUE DE CLICHY",,,Plein jour,En agglomération,Intersection en T,Normale,Deux véhicules - frontale,,,,,,,,,,,1,2,3,1.0,1.0
201000064957,0010-08-24 16:10:00,10,8,24,16,10,750,117,RUE DE ROME,,,Plein jour,En agglomération,Intersection en X,Normale,Deux véhicules - côté,,,,,,,,,,,1,2,2,1.0,3.0
201000064958,0010-08-25 22:30:00,10,8,25,22,30,750,117,"122, BOULEVARD PEREIRE",,,Nuit avec éclairage allumé,En agglomération,Intersection à plus de 4 branches,Normale,Autre collision,,,,,,,,,,,5,2,5,1.0,6.0
201000064959,0010-08-28 02:20:00,10,8,28,2,20,750,117,"25, AVENUE DE CLICHY",,,Nuit avec éclairage allumé,En agglomération,Intersection en X,Normale,Deux véhicules - côté,,,,,,,,,,,5,2,2,1.0,3.0
201000064960,0010-09-01 15:55:00,10,9,1,15,55,750,117,"39, AVENUE DE CLICHY",,,Plein jour,En agglomération,Intersection en Y,Normale,Sans collision,,,,,,,,,,,1,2,4,1.0,7.0
201000064961,0010-09-01 16:50:00,10,9,1,16,50,750,117,"96, BOULEVARD BERTHIER",,,Plein jour,En agglomération,Intersection à plus de 4 branches,Normale,Autre collision,,,,,,,,,,,1,2,5,1.0,6.0
201000064962,0010-09-02 22:05:00,10,9,2,22,5,750,117,"112, BOULEVARD BERTHIER",,,Nuit avec éclairage allumé,En agglomération,Intersection à plus de 4 branches,Normale,Deux véhicules - côté,,,,,,,,,,,5,2,5,1.0,3.0
201000064963,0010-09-03 14:30:00,10,9,3,14,30,750,117,"40, BOULEVARD DE COURCEL",,,Plein jour,En agglomération,Hors intersection,Normale,Deux véhicules - côté,,,,,,,,,,,1,2,1,1.0,3.0
201000064964,0010-09-06 11:05:00,10,9,6,11,5,750,117,"06, PLACE DES TERNES",,,Plein jour,En agglomération,Intersection à plus de 4 branches,Normale,Autre collision,,,,,,,,,,,1,2,5,1.0,6.0
201000064965,0010-09-06 14:30:00,10,9,6,14,30,750,117,"2, PLACE DE LA PORTE MAI",,,Plein jour,En agglomération,Intersection à plus de 4 branches,Temps couvert,Deux véhicules - côté,,,,,,,,,,,1,2,5,8.0,3.0
201000064966,0010-09-02 14:00:00,10,9,2,14,0,750,117,"235, BOULEVARD PEREIRE",,,Plein jour,En agglomération,Intersection en T,Normale,Deux véhicules - côté,,,,,,,,,,,1,2,3,1.0,3.0
201000064967,0010-09-06 18:00:00,10,9,6,18,0,750,117,"68, BOULEVARD DE COURCEL",,,Plein jour,En agglomération,Hors intersection,Normale,Deux véhicules - côté,,,,,,,,,,,1,2,1,1.0,3.0
201000064968,0010-09-07 17:50:00,10,9,7,17,50,750,117,"74, AVENUE DE WAGRAM",,,Plein jour,En agglomération,Intersection en X,Normale,Deux véhicules - arrière,,,,,,,,,,,1,2,2,1.0,2.0
201000064969,0010-09-08 09:00:00,10,9,8,9,0,750,117,"33, RUE DES ACACIAS",,,Plein jour,En agglomération,Hors intersection,Pluie légère,Autre collision,,,,,,,,,,,1,2,1,2.0,6.0
201000064970,0010-09-08 07:50:00,10,9,8,7,50,750,117,"113, AVENUE DE SAINT OUE",,,Plein jour,En agglomération,Hors intersection,Pluie légère,Deux véhicules - arrière,,,,,,,,,,,1,2,1,2.0,2.0
201000064971,0010-09-08 16:20:00,10,9,8,16,20,750,117,BOULEVARD PERIPHERIQUE,,,Plein jour,En agglomération,Hors intersection,Pluie légère,Deux véhicules - côté,,,,,,,,,,,1,2,1,2.0,3.0
201000064972,0010-09-10 16:02:00,10,9,10,16,2,750,117,"11, AVENUE DE CLICHY",,,Plein jour,En agglomération,Hors intersection,Normale,Autre collision,,,,,,,,,,,1,2,1,1.0,6.0
201000064973,0010-09-10 17:40:00,10,9,10,17,40,750,117,"14, AVENUE DE LA GRANDE",,,Plein jour,En agglomération,Intersection à plus de 4 branches,Normale,Deux véhicules - côté,,,,,,,,,,,1,2,5,1.0,3.0
201000064974,0010-09-11 00:55:00,10,9,11,0,55,750,117,"128, AVENUE DE CLICHY",,,Nuit avec éclairage allumé,En agglomération,Hors intersection,Normale,Deux véhicules - côté,,,,,,,,,,,5,2,1,1.0,3.0
201000064975,0010-09-11 03:45:00,10,9,11,3,45,750,117,"22, BOULEVARD DES BATIGN",,,Nuit sans éclairage public,En agglomération,Hors intersection,Normale,Trois véhicules et plus - en chaîne,,,,,,,,,,,3,2,1,1.0,4.0
201000064976,0010-09-11 13:57:00,10,9,11,13,57,750,117,BOULEVARD BESSIERES,,,Plein jour,En agglomération,Intersection à plus de 4 branches,Normale,Autre collision,,,,,,,,,,,1,2,5,1.0,6.0
201000064977,0010-09-13 11:40:00,10,9,13,11,40,750,117,"63, RUE JOUFFROY D ABBAN",,,Plein jour,En agglomération,Intersection en X,Normale,Deux véhicules - côté,,,,,,,,,,,1,2,2,1.0,3.0
201000064978,0010-09-13 12:05:00,10,9,13,12,5,750,117,"279, BOULEVARD PEREIRE",,,Plein jour,En agglomération,Hors intersection,Normale,Autre collision,,,,,,,,,,,1,2,1,1.0,6.0
201000064979,0010-09-14 14:25:00,10,9,14,14,25,750,117,"2, AVENUE DE LA GRANDE A",,,Plein jour,En agglomération,Intersection à plus de 4 branches,Normale,Deux véhicules - côté,,,,,,,,,,,1,2,5,1.0,3.0
201000064980,0010-09-14 16:45:00,10,9,14,16,45,750,117,RUE TRUFFAUT,,,Plein jour,En agglomération,Intersection en X,Normale,Deux véhicules - côté,,,,,,,,,,,1,2,2,1.0,3.0
201000064981,0010-09-15 08:30:00,10,9,15,8,30,750,117,"1, AVENUE DES TERNES",,,Plein jour,En agglomération,Intersection à plus de 4 branches,Temps couvert,Autre collision,,,,,,,,,,,1,2,5,8.0,6.0
201000064982,0010-09-15 11:45:00,10,9,15,11,45,750,117,"36, BOULEVARD PEREIRE",,,Plein jour,En agglomération,Intersection en Y,Normale,Autre collision,,,,,,,,,,,1,2,4,1.0,6.0
201000064983,0010-09-15 14:25:00,10,9,15,14,25,750,117,"23, RUE LEGENDRE",,,Plein jour,En agglomération,Intersection en X,Normale,Autre collision,,,,,,,,,,,1,2,2,1.0,6.0
201000064984,0010-09-15 18:45:00,10,9,15,18,45,750,117,"4, RUE DE LA JONQUIERE",,,Plein jour,En agglomération,Hors intersection,Normale,Deux véhicules - arrière,,,,,,,,,,,1,2,1,1.0,2.0
201000064985,0010-09-16 15:15:00,10,9,16,15,15,750,108,"33, BOULEVARD DE COURCEL",,,Plein jour,En agglomération,Intersection en X,Temps couvert,Deux véhicules - côté,,,,,,,,,,,1,2,2,8.0,3.0
201000064986,0010-09-18 12:40:00,10,9,18,12,40,750,117,"16, AVENUE DE LA GRANDE",,,Plein jour,En agglomération,Intersection en Y,Normale,Deux véhicules - côté,,,,,,,,,,,1,2,4,1.0,3.0
201000064987,0010-09-18 15:50:00,10,9,18,15,50,750,117,"205, BOULEVARD MALESHERB",,,Plein jour,En agglomération,Intersection en T,Normale,Deux véhicules - côté,,,,,,,,,,,1,2,3,1.0,3.0
201000064988,0010-09-18 21:40:00,10,9,18,21,40,750,117,"93, RUE LEMERCIER",,,Nuit sans éclairage public,En agglomération,Intersection en X,Normale,Autre collision,,,,,,,,,,,3,2,2,1.0,6.0
201000064989,0010-09-16 19:15:00,10,9,16,19,15,750,117,"147, RUE DE ROME",,,Plein jour,En agglomération,Hors intersection,Normale,Autre collision,,,,,,,,,,,1,2,1,1.0,6.0
201000064990,0010-09-19 01:30:00,10,9,19,1,30,750,117,AVENUE DE CLICHY,,,Nuit avec éclairage allumé,En agglomération,Intersection en X,Normale,Deux véhicules - côté,,,,,,,,,,,5,2,2,1.0,3.0
201000064991,0010-09-20 14:05:00,10,9,20,14,5,750,117,"21, RUE NOLLET",,,Plein jour,En agglomération,Hors intersection,Normale,Autre collision,,,,,,,,,,,1,2,1,1.0,6.0
201000064992,0010-09-20 14:10:00,10,9,20,14,10,750,117,"103, AVENUE DES TERNES",,,Plein jour,En agglomération,Intersection en X,Normale,Autre collision,,,,,,,,,,,1,2,2,1.0,6.0
201000064993,0010-09-21 01:25:00,10,9,21,1,25,750,117,"63, BOULEVARD BESSIERES",,,Nuit avec éclairage allumé,En agglomération,Hors intersection,Normale,Sans collision,,,,,,,,,,,5,2,1,1.0,7.0
201000064994,0010-09-20 20:50:00,10,9,20,20,50,750,117,"108, RUE DE COURCELLES",,,Nuit avec éclairage allumé,En agglomération,Hors intersection,Normale,Trois véhicules et plus - en chaîne,,,,,,,,,,,5,2,1,1.0,4.0
201000064995,0010-09-22 06:55:00,10,9,22,6,55,750,116,AVENUE FOCH,,,Nuit avec éclairage allumé,En agglomération,Intersection à plus de 4 branches,Normale,Deux véhicules - côté,,,,,,,,,,,5,2,5,1.0,3.0
201000064996,0010-09-23 09:00:00,10,9,23,9,0,750,116,"62, BOULEVARD SUCHET",,,Crépuscule ou aube,En agglomération,Hors intersection,Normale,Sans collision,,,,,,,,,,,2,2,1,1.0,7.0
201000064997,0010-09-23 09:15:00,10,9,23,9,15,750,117,"39, BOULEVARD GOUVION SA",,,Plein jour,En agglomération,Intersection en X,Normale,Deux véhicules - côté,,,,,,,,,,,1,2,2,1.0,3.0
201000064998,0010-09-23 13:40:00,10,9,23,13,40,750,117,"120, AVENUE DE CLICHY",,,Plein jour,En agglomération,Intersection en T,Temps couvert,Deux véhicules - côté,,,,,,,,,,,1,2,3,8.0,3.0
201000064999,0010-09-23 20:50:00,10,9,23,20,50,750,117,"34, AVENUE DE LA PORTE D",,,Nuit avec éclairage allumé,En agglomération,Intersection en X,Normale,Deux véhicules - côté,,,,,,,,,,,5,2,2,1.0,3.0
201000065000,0010-09-24 14:40:00,10,9,24,14,40,750,117,"0, PLACE CHARLES DE GAUL",,,Plein jour,En agglomération,Place,Normale,Autre collision,,,,,,,,,,,1,2,7,1.0,6.0
201000065001,0010-09-24 16:15:00,10,9,24,16,15,750,117,BOULEVARD PERIPHERIQUE I,,,Plein jour,En agglomération,Hors intersection,Normale,Deux véhicules - côté,,,,,,,,,,,1,2,1,1.0,3.0
201000065002,0010-09-24 21:50:00,10,9,24,21,50,750,117,"00, BOULEVARD BESSIERES",,,Nuit avec éclairage allumé,En agglomération,Hors intersection,Pluie légère,Deux véhicules - côté,,,,,,,,,,,5,2,1,2.0,3.0
201000065003,0010-09-25 10:00:00,10,9,25,10,0,750,117,"153, RUE CARDINET",,,Plein jour,En agglomération,Intersection en X,Normale,Autre collision,,,,,,,,,,,1,2,2,1.0,6.0
201000065004,0010-09-25 10:35:00,10,9,25,10,35,750,117,RUE CARDINET,,,Plein jour,En agglomération,Intersection en X,Normale,Deux véhicules - côté,,,,,,,,,,,1,2,2,1.0,3.0
201000065005,0010-09-25 15:10:00,10,9,25,15,10,750,117,"17, AVENUE DES TERNES",,,Plein jour,En agglomération,Hors intersection,Pluie légère,Autre collision,,,,,,,,,,,1,2,1,2.0,6.0
201000065006,0010-09-26 00:01:00,10,9,26,0,1,750,108,"44, AVENUE DE WAGRAM",,,Nuit avec éclairage allumé,En agglomération,Hors intersection,Normale,Deux véhicules - côté,,,,,,,,,,,5,2,1,1.0,3.0
201000065007,0010-09-26 12:30:00,10,9,26,12,30,750,117,"52, BOULEVARD DE DOUAUMO",,,Plein jour,En agglomération,Hors intersection,Normale,Deux véhicules - côté,,,,,,,,,,,1,2,1,1.0,3.0
201000065008,0010-09-27 00:10:00,10,9,27,0,10,750,117,"26, AVENUE DE LA GRANDE",,,Nuit avec éclairage allumé,En agglomération,Hors intersection,Pluie forte,Autre collision,,,,,,,,,,,5,2,1,3.0,6.0
201000065009,0010-09-27 11:27:00,10,9,27,11,27,750,118,"82, AVENUE DE SAINT OUEN",,,Plein jour,En agglomération,Hors intersection,Normale,Deux véhicules - côté,,,,,,,,,,,1,2,1,1.0,3.0
201000065010,0010-09-27 16:00:00,10,9,27,16,0,750,117,"12, PLACE DU MARECHAL JU",,,Plein jour,En agglomération,Intersection à plus de 4 branches,Normale,Deux véhicules - côté,,,,,,,,,,,1,2,5,1.0,3.0
201000065011,0010-09-27 18:05:00,10,9,27,18,5,750,108,"15, BOULEVARD DES BATIGN",,,Plein jour,En agglomération,Hors intersection,Normale,Autre collision,,,,,,,,,,,1,2,1,1.0,6.0
201000065012,0010-09-27 14:10:00,10,9,27,14,10,750,117,"173, AVENUE DE CLICHY",,,Plein jour,En agglomération,Hors intersection,Normale,Autre collision,,,,,,,,,,,1,2,1,1.0,6.0
201000065013,0010-09-28 11:06:00,10,9,28,11,6,750,117,"143, AVENUE DE VILLIERS",,,Plein jour,En agglomération,Hors intersection,Temps couvert,Autre collision,,,,,,,,,,,1,2,1,8.0,6.0
201000065014,0010-09-28 18:50:00,10,9,28,18,50,750,117,"22, AVENUE DE LA GRANDE",,,Crépuscule ou aube,En agglomération,Intersection en Y,Normale,Deux véhicules - côté,,,,,,,,,,,2,2,4,1.0,3.0
201000065015,0010-09-29 06:00:00,10,9,29,6,0,750,117,RUE DES BATIGNOLLES,,,Nuit avec éclairage allumé,En agglomération,Intersection en X,Normale,Autre collision,,,,,,,,,,,5,2,2,1.0,6.0
201000065016,0010-09-30 00:20:00,10,9,30,0,20,750,117,"16, RUE DE TILSITT",,,Nuit avec éclairage allumé,En agglomération,Hors intersection,Normale,Autre collision,,,,,,,,,,,5,2,1,1.0,6.0
201000065017,0010-10-01 20:20:00,10,10,1,20,20,750,117,"83, RUE DE COURCELLES",,,Nuit avec éclairage allumé,En agglomération,Hors intersection,Pluie forte,Sans collision,,,,,,,,,,,5,2,1,3.0,7.0
201000065018,0010-10-02 23:00:00,10,10,2,23,0,750,117,"82, BOULEVARD DES BATIGN",,,Nuit avec éclairage allumé,En agglomération,Hors intersection,Normale,Deux véhicules - côté,,,,,,,,,,,5,2,1,1.0,3.0
201000065019,0010-10-05 15:25:00,10,10,5,15,25,750,117,"36, BOULEVARD BESSIERES",,,Plein jour,En agglomération,Hors intersection,Temps couvert,Autre collision,,,,,,,,,,,1,2,1,8.0,6.0
201000065020,0010-12-09 10:30:00,10,12,9,10,30,750,117,RUE GUSTAVE CHARPENTIER,,,Plein jour,En agglomération,Hors intersection,Normale,Autre collision,,,,,,,,,,,1,2,1,1.0,6.0
201000065021,0010-10-07 14:40:00,10,10,7,14,40,750,117,RUE DE ROME,,,Plein jour,En agglomération,Intersection en X,Normale,Deux véhicules - côté,,,,,,,,,,,1,2,2,1.0,3.0
201000065022,0010-10-07 18:30:00,10,10,7,18,30,750,117,BOULEVARD DE COURCELLES,,,Plein jour,En agglomération,Intersection à plus de 4 branches,Normale,Autre collision,,,,,,,,,,,1,2,5,1.0,6.0
201000065023,0010-10-08 00:15:00,10,10,8,0,15,750,117,"173, RUE LEGENDRE",,,Nuit avec éclairage allumé,En agglomération,Hors intersection,Normale,Autre collision,,,,,,,,,,,5,2,1,1.0,6.0
201000065024,0010-10-08 08:45:00,10,10,8,8,45,750,117,"103, RUE DE ROME",,,Plein jour,En agglomération,Intersection en X,Normale,Deux véhicules - arrière,,,,,,,,,,,1,2,2,1.0,2.0
201000065025,0010-10-07 21:45:00,10,10,7,21,45,750,118,BOULEVARD PERIPHERIQUE I,,,Nuit avec éclairage allumé,En agglomération,Hors intersection,Normale,Autre collision,,,,,,,,,,,5,2,1,1.0,6.0
201000065026,0010-10-08 19:55:00,10,10,8,19,55,750,117,"180, RUE DE COURCELLES",,,Nuit avec éclairage allumé,En agglomération,Hors intersection,Normale,Deux véhicules - arrière,,,,,,,,,,,5,2,1,1.0,2.0
201000065027,0010-10-09 00:30:00,10,10,9,0,30,750,117,"4, AVENUE MAC MAHON",,,Nuit avec éclairage allumé,En agglomération,Intersection à plus de 4 branches,Normale,Deux véhicules - côté,,,,,,,,,,,5,2,5,1.0,3.0
201000065028,0010-10-10 15:45:00,10,10,10,15,45,750,117,SOUTERRAIN CHAMPERRET,,,Plein jour,En agglomération,Hors intersection,Normale,Sans collision,,,,,,,,,,,1,2,1,1.0,7.0
201000065029,0010-10-10 19:05:00,10,10,10,19,5,750,118,AVENUE DE SAINT OUEN,,,Plein jour,En agglomération,Intersection à plus de 4 branches,Normale,Sans collision,,,,,,,,,,,1,2,5,1.0,7.0
201000065030,0010-10-11 16:00:00,10,10,11,16,0,750,117,"177, AVENUE DE CLICHY",,,Plein jour,En agglomération,Hors intersection,Normale,Deux véhicules - arrière,,,,,,,,,,,1,2,1,1.0,2.0