accident_id,datetime,annee,mois,jour,heure,minute,departement,commune_insee,adresse,latitude,longitude,luminosite,agglomeration,intersection,meteo,collision,nb_vehicules,nb_usagers,nb_indemnes,nb_tues,nb_blesses_hosp,nb_blesses_legers,age_cond_1,age_cond_2,veh_type_cond_1,veh_type_cond_2,lum_code,agg_code,int_code,atm_code,col_code
201000065031,0010-10-12 12:30:00,10,10,12,12,30,750,117,"38, BOULEVARD DES BATIGN",,,Plein jour,En agglomération,Hors intersection,Normale,Autre collision,,,,,,,,,,,1,2,1,1.0,6.0
201000065032,0010-10-12 15:15:00,10,10,12,15,15,750,117,"104, RUE DE COURCELLES",,,Plein jour,En agglomération,Intersection à plus de 4 branches,Normale,Deux véhicules - côté,,,,,,,,,,,1,2,5,1.0,3.0
201000065033,0010-10-13 12:25:00,10,10,13,12,25,750,117,"108, BOULEVARD MALESHERB",,,Plein jour,En agglomération,Hors intersection,Normale,Autre collision,,,,,,,,,,,1,2,1,1.0,6.0
201000065034,0010-10-13 21:05:00,10,10,13,21,5,750,117,"34, AVENUE DE LA PORTE D",,,Nuit avec éclairage allumé,En agglomération,Intersection à plus de 4 branches,Normale,Deux véhicules - arrière,,,,,,,,,,,5,2,5,1.0,2.0
201000065035,0010-10-13 14:00:00,10,10,13,14,0,750,117,"1850, AVENUE DE CLICHY",,,Plein jour,En agglomération,Hors intersection,Normale,Deux véhicules - frontale,,,,,,,,,,,1,2,1,1.0,1.0
201000065036,0010-10-14 17:18:00,10,10,14,17,18,750,117,"136, AVENUE DE CLICHY",,,Plein jour,En agglomération,Hors intersection,Normale,Autre collision,,,,,,,,,,,1,2,1,1.0,6.0
201000065037,0010-10-14 18:40:00,10,10,14,18,40,750,117,"37, AVENUE DE CLICHY",,,Nuit sans éclairage public,En agglomération,Hors intersection,Normale,Autre collision,,,,,,,,,,,3,2,1,1.0,6.0
201000065038,0010-10-15 05:25:00,10,10,15,5,25,750,117,AVENUE DE LA PORTE DE SA,,,Nuit avec éclairage allumé,En agglomération,Intersection en Y,Normale,Autre collision,,,,,,,,,,,5,2,4,1.0,6.0
201000065039,0010-10-15 15:50:00,10,10,15,15,50,750,117,"5, RUE JACQUES KELLNER",,,Plein jour,En agglomération,Hors intersection,Normale,Sans collision,,,,,,,,,,,1,2,1,1.0,7.0
201000065040,0010-10-16 07:25:00,10,10,16,7,25,750,117,"36, AVENUE DE LA GRANDE",,,Crépuscule ou aube,En agglomération,Hors intersection,Pluie légère,Autre collision,,,,,,,,,,,2,2,1,2.0,6.0
201000065041,0010-10-16 12:50:00,10,10,16,12,50,750,117,AVENUE DE LA PORTE DE CH,,,Plein jour,En agglomération,Intersection en X,Normale,Deux véhicules - côté,,,,,,,,,,,1,2,2,1.0,3.0
201000065042,0010-10-17 00:10:00,10,10,17,0,10,750,117,"127, RUE DE ROME",,,Nuit avec éclairage allumé,En agglomération,Hors intersection,Normale,Deux véhicules - côté,,,,,,,,,,,5,2,1,1.0,3.0
201000065043,0010-10-18 09:15:00,10,10,18,9,15,750,117,"71, AVENUE DE VILLIERS",,,Plein jour,En agglomération,Hors intersection,Normale,Autre collision,,,,,,,,,,,1,2,1,1.0,6.0
201000065044,0010-10-19 22:40:00,10,10,19,22,40,750,117,"123, BOULEVARD BESSIERES",,,Nuit avec éclairage allumé,En agglomération,Hors intersection,Normale,Deux véhicules - côté,,,,,,,,,,,5,2,1,1.0,3.0
201000065045,0010-10-19 06:50:00,10,10,19,6,50,750,117,AVENUE DE LA PORTE DE CL,,,Nuit avec éclairage allumé,En agglomération,Intersection à plus de 4 branches,Normale,Autre collision,,,,,,,,,,,5,2,5,1.0,6.0
201000065046,0010-10-19 10:45:00,10,10,19,10,45,750,117,"48, AVENUE DE VILLIERS",,,Plein jour,En agglomération,Hors intersection,Pluie légère,Autre collision,,,,,,,,,,,1,2,1,2.0,6.0
201000065047,0010-10-19 23:10:00,10,10,19,23,10,750,117,"65, RUE DE SAUSSURE",,,Nuit avec éclairage allumé,En agglomération,Hors intersection,Pluie légère,Sans collision,,,,,,,,,,,5,2,1,2.0,7.0
201000065048,0010-10-20 21:50:00,10,10,20,21,50,750,117,"20, RUE GUY MOQUET",,,Nuit avec éclairage allumé,En agglomération,Intersection en X,Normale,Autre collision,,,,,,,,,,,5,2,2,1.0,6.0
201000065049,0010-10-21 16:55:00,10,10,21,16,55,750,117,RUE DE TOCQUEVILLE,,,Plein jour,En agglomération,Intersection à plus de 4 branches,Normale,Deux véhicules - côté,,,,,,,,,,,1,2,5,1.0,3.0
201000065050,0010-10-23 14:50:00,10,10,23,14,50,750,117,"22, RUE PHILIBERT DELORM",,,Plein jour,En agglomération,Hors intersection,Temps couvert,Deux véhicules - côté,,,,,,,,,,,1,2,1,8.0,3.0
201000065051,0010-10-23 16:30:00,10,10,23,16,30,750,117,"6, PLACE DE LA REPUBLIQU",,,Plein jour,En agglomération,Intersection à plus de 4 branches,Normale,Sans collision,,,,,,,,,,,1,2,5,1.0,7.0
201000065052,0010-10-23 16:45:00,10,10,23,16,45,750,117,"08, AVENUE DES TERNES",,,Plein jour,En agglomération,Hors intersection,Normale,Sans collision,,,,,,,,,,,1,2,1,1.0,7.0
201000065053,0010-10-24 22:45:00,10,10,24,22,45,750,117,AVENUE DE LA PORTE DE CH,,,Nuit avec éclairage allumé,En agglomération,Hors intersection,Normale,Deux véhicules - côté,,,,,,,,,,,5,2,1,1.0,3.0
201000065054,0010-10-27 14:55:00,10,10,27,14,55,750,117,"141, BOULEVARD PEREIRE",,,Plein jour,En agglomération,Intersection à plus de 4 branches,Normale,Deux véhicules - côté,,,,,,,,,,,1,2,5,1.0,3.0
201000065055,0010-10-27 15:15:00,10,10,27,15,15,750,117,ECHANGEUR MAILLOT,,,Plein jour,En agglomération,Hors intersection,Normale,Autre collision,,,,,,,,,,,1,2,1,1.0,6.0
201000065056,0010-10-28 08:50:00,10,10,28,8,50,750,117,"44, BOULEVARD BESSIERES",,,Plein jour,En agglomération,Intersection en X,Normale,Deux véhicules - côté,,,,,,,,,,,1,2,2,1.0,3.0
201000065057,0010-10-28 13:05:00,10,10,28,13,5,750,117,"14, AVENUE DE LA GRANDE",,,Plein jour,En agglomération,Intersection à plus de 4 branches,Normale,Autre collision,,,,,,,,,,,1,2,5,1.0,6.0
201000065058,0010-10-28 17:10:00,10,10,28,17,10,750,117,"17, RUE DE L ARC DE TRIO",,,Plein jour,En agglomération,Hors intersection,Normale,Deux véhicules - côté,,,,,,,,,,,1,2,1,1.0,3.0
201000065059,0010-10-28 18:50:00,10,10,28,18,50,750,117,"67, RUE LA CONDAMINE",,,Nuit avec éclairage allumé,En agglomération,Intersection en X,Normale,Autre collision,,,,,,,,,,,5,2,2,1.0,6.0
201000065060,0010-10-30 14:37:00,10,10,30,14,37,750,117,"8, RUE BAYEN",,,Plein jour,En agglomération,Intersection en T,Normale,Autre collision,,,,,,,,,,,1,2,3,1.0,6.0
201000065061,0010-11-01 09:10:00,10,11,1,9,10,750,116,ALLEE DE LA REINE MARGUE,,,Plein jour,En agglomération,Intersection en X,Normale,Autre collision,,,,,,,,,,,1,2,2,1.0,6.0
201000065062,0010-11-01 17:20:00,10,11,1,17,20,750,117,"139, AVENUE DE SAINT OUE",,,Nuit avec éclairage non allumé,En agglomération,Hors intersection,Normale,Deux véhicules - côté,,,,,,,,,,,4,2,1,1.0,3.0
201000065063,0010-11-02 08:50:00,10,11,2,8,50,750,117,"166, RUE CARDINET",,,Plein jour,En agglomération,Hors intersection,Normale,Deux véhicules - arrière,,,,,,,,,,,1,2,1,1.0,2.0
201000065064,0010-11-02 09:30:00,10,11,2,9,30,750,117,PLACE DE LA REPUBLIQUE D,,,Plein jour,En agglomération,Intersection à plus de 4 branches,Normale,Sans collision,,,,,,,,,,,1,2,5,1.0,7.0
201000065065,0010-11-02 16:10:00,10,11,2,16,10,750,117,"142, AVENUE DE CLICHY",,,Plein jour,En agglomération,Hors intersection,Temps couvert,Autre collision,,,,,,,,,,,1,2,1,8.0,6.0
201000065066,0010-11-04 19:45:00,10,11,4,19,45,750,117,"3, PLACE DE LA PORTE DE",,,Nuit avec éclairage allumé,En agglomération,Intersection à plus de 4 branches,Normale,Deux véhicules - côté,,,,,,,,,,,5,2,5,1.0,3.0
201000065067,0010-11-07 15:30:00,10,11,7,15,30,750,117,"10, AVENUE GOURGAUD",,,Plein jour,En agglomération,Hors intersection,Pluie légère,Autre collision,,,,,,,,,,,1,2,1,2.0,6.0
201000065068,0010-11-07 17:25:00,10,11,7,17,25,750,117,"18, AVENUE GOURGAUD",,,Nuit sans éclairage public,En agglomération,Place,Pluie légère,Sans collision,,,,,,,,,,,3,2,7,2.0,7.0
201000065069,0010-11-08 10:30:00,10,11,8,10,30,750,117,"1, RUE GUY MOQUET",,,Plein jour,En agglomération,Intersection à plus de 4 branches,Pluie légère,Autre collision,,,,,,,,,,,1,2,5,2.0,6.0
201000065070,0010-11-08 16:40:00,10,11,8,16,40,750,117,"76, AVENUE DE WAGRAM",,,Plein jour,En agglomération,Hors intersection,Pluie légère,Sans collision,,,,,,,,,,,1,2,1,2.0,7.0
201000065071,0010-11-09 19:40:00,10,11,9,19,40,750,117,BOULEVARD BERTHIER,,,Nuit avec éclairage allumé,En agglomération,Hors intersection,Pluie légère,Sans collision,,,,,,,,,,,5,2,1,2.0,7.0
201000065072,0010-11-09 20:40:00,10,11,9,20,40,750,117,"130, AVENUE DE VILLIERS",,,Nuit avec éclairage allumé,En agglomération,Hors intersection,Pluie légère,Deux véhicules - arrière,,,,,,,,,,,5,2,1,2.0,2.0
201000065073,0010-11-10 19:00:00,10,11,10,19,0,750,117,"51 bis, BOULEVARD BERTHI",,,Nuit avec éclairage allumé,En agglomération,Intersection à plus de 4 branches,Normale,Autre collision,,,,,,,,,,,5,2,5,1.0,6.0
201000065074,0010-11-10 18:00:00,10,11,10,18,0,750,117,"201, BOULEVARD MALESHERB",,,Nuit avec éclairage allumé,En agglomération,Hors intersection,Normale,Deux véhicules - arrière,,,,,,,,,,,5,2,1,1.0,2.0
201000065075,0010-11-11 23:00:00,10,11,11,23,0,750,117,"2, AVENUE DE LA PORTE DE",,,Nuit avec éclairage non allumé,En agglomération,Hors intersection,Normale,Autre collision,,,,,,,,,,,4,2,1,1.0,6.0
201000065076,0010-11-12 08:25:00,10,11,12,8,25,750,117,"14, AVENUE MAC MAHON",,,Plein jour,En agglomération,Intersection en X,Normale,Autre collision,,,,,,,,,,,1,2,2,1.0,6.0
201000065077,0010-11-12 17:49:00,10,11,12,17,49,750,117,"12, AVENUE DE LA PORTE D",,,Nuit avec éclairage allumé,En agglomération,Intersection en X,Pluie légère,Sans collision,,,,,,,,,,,5,2,2,2.0,7.0
201000065078,0010-11-15 18:00:00,10,11,15,18,0,750,117,"2, PLACE DE LA PORTE MAI",,,Nuit avec éclairage allumé,En agglomération,Place,Pluie légère,Deux véhicules - côté,,,,,,,,,,,5,2,7,2.0,3.0
201000065079,0010-11-15 19:00:00,10,11,15,19,0,750,117,"91, BOULEVARD BESSIERES",,,Nuit avec éclairage allumé,En agglomération,Intersection en T,Pluie légère,Deux véhicules - côté,,,,,,,,,,,5,2,3,2.0,3.0
201000065080,0010-11-16 09:44:00,10,11,16,9,44,750,117,"227, BOULEVARD PEREIRE",,,Plein jour,En agglomération,Intersection en X,Normale,Deux véhicules - côté,,,,,,,,,,,1,2,2,1.0,3.0
201000065081,0010-11-18 11:55:00,10,11,18,11,55,750,117,"2, BOULEVARD PEREIRE",,,Plein jour,En agglomération,Hors intersection,Normale,Autre collision,,,,,,,,,,,1,2,1,1.0,6.0
201000065082,0010-11-18 21:03:00,10,11,18,21,3,750,117,"96, BOULEVARD MALESHERBE",,,Nuit avec éclairage allumé,En agglomération,Intersection en X,Pluie légère,Autre collision,,,,,,,,,,,5,2,2,2.0,6.0
201000065083,0010-11-18 21:45:00,10,11,18,21,45,750,117,AVENUE DE WAGRAM,,,Nuit avec éclairage allumé,En agglomération,Intersection en X,Pluie légère,Deux véhicules - frontale,,,,,,,,,,,5,2,2,2.0,1.0
201000065084,0010-11-19 18:00:00,10,11,19,18,0,750,117,"2, BOULEVARD DU BOIS LE",,,Nuit avec éclairage allumé,En agglomération,Intersection en T,Normale,Deux véhicules - côté,,,,,,,,,,,5,2,3,1.0,3.0
201000065085,0010-11-22 18:30:00,10,11,22,18,30,750,117,"3, BOULEVARD DE L YSER",,,Nuit avec éclairage allumé,En agglomération,Intersection à plus de 4 branches,Normale,Autre collision,,,,,,,,,,,5,2,5,1.0,6.0
201000065086,0010-11-23 09:30:00,10,11,23,9,30,750,117,"34, AVENUE DE VILLIERS",,,Plein jour,En agglomération,Intersection en X,Normale,Deux véhicules - côté,,,,,,,,,,,1,2,2,1.0,3.0
201000065087,0010-11-23 13:40:00,10,11,23,13,40,750,117,AVENUE DE LA PORTE DE CL,,,Plein jour,En agglomération,Intersection en T,Normale,Deux véhicules - côté,,,,,,,,,,,1,2,3,1.0,3.0
201000065088,0010-11-23 17:58:00,10,11,23,17,58,750,108,"121, BOULEVARD HAUSSMANN",,,Nuit avec éclairage allumé,En agglomération,Intersection en X,Normale,Deux véhicules - arrière,,,,,,,,,,,5,2,2,1.0,2.0
201000065089,0010-11-22 22:15:00,10,11,22,22,15,750,117,BD PERIPHERIQUE INTERIEU,,,Nuit avec éclairage allumé,En agglomération,Hors intersection,Normale,Deux véhicules - arrière,,,,,,,,,,,5,2,1,1.0,2.0
201000065090,0010-11-24 13:05:00,10,11,24,13,5,750,117,"20, BOULEVARD GOUVION SA",,,Plein jour,En agglomération,Hors intersection,Normale,Autre collision,,,,,,,,,,,1,2,1,1.0,6.0
201000065091,0010-11-24 13:00:00,10,11,24,13,0,750,117,"65, AVENUE NIEL",,,Plein jour,En agglomération,Hors intersection,Normale,Deux véhicules - arrière,,,,,,,,,,,1,2,1,1.0,2.0
201000065092,0010-11-26 01:30:00,10,11,26,1,30,750,117,"235, BOULEVARD PEREIRE",,,Nuit avec éclairage allumé,En agglomération,Intersection en T,Normale,Autre collision,,,,,,,,,,,5,2,3,1.0,6.0
201000065093,0010-11-26 15:15:00,10,11,26,15,15,750,117,"9, AVENUE DE CLICHY",,,Plein jour,En agglomération,Hors intersection,Pluie légère,Autre collision,,,,,,,,,,,1,2,1,2.0,6.0
201000065094,0010-11-26 17:20:00,10,11,26,17,20,750,117,BOULEVARD DE REIMS,,,Nuit avec éclairage allumé,En agglomération,Hors intersection,Pluie légère,Deux véhicules - côté,,,,,,,,,,,5,2,1,2.0,3.0
201000065095,0010-11-27 01:00:00,10,11,27,1,0,750,117,"11, AVENUE DE LA PORTE D",,,Nuit avec éclairage allumé,En agglomération,Intersection en X,Normale,Autre collision,,,,,,,,,,,5,2,2,1.0,6.0
201000065096,0010-11-27 19:47:00,10,11,27,19,47,750,117,"24, AVENUE DES TERNES",,,Nuit avec éclairage allumé,En agglomération,Hors intersection,Normale,Autre collision,,,,,,,,,,,5,2,1,1.0,6.0
201000065097,0010-11-29 11:10:00,10,11,29,11,10,750,117,"7, AVENUE DE LA PORTE DE",,,Plein jour,En agglomération,Hors intersection,Normale,Sans collision,,,,,,,,,,,1,2,1,1.0,7.0
201000065098,0010-11-30 09:30:00,10,11,30,9,30,750,117,"22, RUE DE TILSITT",,,Plein jour,En agglomération,Intersection en X,Temps couvert,Autre collision,,,,,,,,,,,1,2,2,8.0,6.0
201000065099,0010-11-30 13:10:00,10,11,30,13,10,750,117,"23, BOULEVARD BERTHIER",,,Plein jour,En agglomération,Hors intersection,Normale,Sans collision,,,,,,,,,,,1,2,1,1.0,7.0
201000065100,0010-12-01 11:50:00,10,12,1,11,50,750,117,"101, RUE CARDINET",,,Plein jour,En agglomération,Intersection à plus de 4 branches,Normale,Autre collision,,,,,,,,,,,1,2,5,1.0,6.0
201000065101,0010-12-03 10:56:00,10,12,3,10,56,750,117,"96, BOULEVARD MALESHERBE",,,Plein jour,En agglomération,Intersection en T,Normale,Deux véhicules - côté,,,,,,,,,,,1,2,3,1.0,3.0
201000065102,0010-12-05 04:10:00,10,12,5,4,10,750,117,RUE DE ROME,,,Nuit avec éclairage allumé,En agglomération,Intersection en X,Normale,Deux véhicules - côté,,,,,,,,,,,5,2,2,1.0,3.0
201000065103,0010-12-07 08:00:00,10,12,7,8,0,750,117,"1, AVENUE DE LA PORTE D",,,Crépuscule ou aube,En agglomération,Intersection à plus de 4 branches,Temps couvert,Autre collision,,,,,,,,,,,2,2,5,8.0,6.0
201000065104,0010-12-07 13:45:00,10,12,7,13,45,750,117,"70, BOULEVARD BERTHIER",,,Plein jour,En agglomération,Hors intersection,Neige / grêle,Sans collision,,,,,,,,,,,1,2,1,4.0,7.0
201000065105,0010-12-07 20:45:00,10,12,7,20,45,750,117,"129, AVENUE DE WAGRAM",,,Nuit avec éclairage allumé,En agglomération,Intersection à plus de 4 branches,Pluie légère,Autre collision,,,,,,,,,,,5,2,5,2.0,6.0
201000065106,0010-12-11 12:50:00,10,12,11,12,50,750,117,"11 bis, RUE JEAN LECLAIR",,,Plein jour,En agglomération,Hors intersection,Normale,Sans collision,,,,,,,,,,,1,2,1,1.0,7.0
201000065107,0010-12-15 22:45:00,10,12,15,22,45,750,117,BOULEVARD D AURELLE DE P,,,Nuit avec éclairage allumé,En agglomération,Intersection en T,Normale,Deux véhicules - côté,,,,,,,,,,,5,2,3,1.0,3.0
201000065108,0010-12-16 00:01:00,10,12,16,0,1,750,117,"3, AVENUE DE CLICHY",,,Nuit avec éclairage allumé,En agglomération,Hors intersection,Normale,Autre collision,,,,,,,,,,,5,2,1,1.0,6.0
201000065109,0010-12-16 12:00:00,10,12,16,12,0,750,117,"177, AVENUE DE CLICHY",,,Plein jour,En agglomération,Hors intersection,Pluie légère,Autre collision,,,,,,,,,,,1,2,1,2.0,6.0
201000065110,0010-12-17 01:30:00,10,12,17,1,30,750,117,RUE DE TOCQUEVILLE,,,Nuit avec éclairage allumé,En agglomération,Intersection à plus de 4 branches,Neige / grêle,Trois véhicules et plus - collisions multiples,,,,,,,,,,,5,2,5,4.0,5.0
201000065111,0010-12-22 12:15:00,10,12,22,12,15,750,117,ECH SAINT OUEN,,,Plein jour,En agglomération,Intersection en Y,Temps couvert,Autre collision,,,,,,,,,,,1,2,4,8.0,6.0
201000065112,0010-12-22 17:30:00,10,12,22,17,30,750,117,"1, RUE PHILIBERT DELORME",,,Nuit avec éclairage allumé,En agglomération,Intersection en Y,Pluie légère,Autre collision,,,,,,,,,,,5,2,4,2.0,6.0
201000065113,0010-12-23 18:30:00,10,12,23,18,30,750,117,"38, BOULEVARD BESSIERES",,,Nuit avec éclairage allumé,En agglomération,Intersection à plus de 4 branches,Pluie forte,Autre collision,,,,,,,,,,,5,2,5,3.0,6.0
201000065114,0010-12-24 12:00:00,10,12,24,12,0,750,117,"6, AVENUE DES TERNES",,,Plein jour,En agglomération,Hors intersection,Temps couvert,Autre collision,,,,,,,,,,,1,2,1,8.0,6.0
201000065115,0010-12-24 23:05:00,10,12,24,23,5,750,117,"104, BOULEVARD DE COURCE",,,Nuit avec éclairage allumé,En agglomération,Intersection en T,Normale,Deux véhicules - côté,,,,,,,,,,,5,2,3,1.0,3.0
201000065116,0010-12-25 03:40:00,10,12,25,3,40,750,117,RUE DE COURCELLES,,,Nuit avec éclairage allumé,En agglomération,Intersection à plus de 4 branches,Normale,Autre collision,,,,,,,,,,,5,2,5,1.0,6.0
201000065117,0010-12-25 17:50:00,10,12,25,17,50,750,117,"156, BOULEVARD MALESHERB",,,Nuit avec éclairage allumé,En agglomération,Hors intersection,Normale,Sans collision,,,,,,,,,,,5,2,1,1.0,7.0
201000065118,0010-12-26 19:15:00,10,12,26,19,15,750,117,"1, AVENUE CARNOT",,,Nuit avec éclairage allumé,En agglomération,Intersection en X,Normale,Sans collision,,,,,,,,,,,5,2,2,1.0,7.0
201000065119,0010-12-26 19:05:00,10,12,26,19,5,750,117,"87, AVENUE DES TERNES",,,Nuit avec éclairage allumé,En agglomération,Intersection en X,Normale,Deux véhicules - arrière,,,,,,,,,,,5,2,2,1.0,2.0
201000065120,0010-12-27 00:25:00,10,12,27,0,25,750,117,RUE DE ROME,,,Nuit avec éclairage allumé,En agglomération,Intersection en X,Normale,Autre collision,,,,,,,,,,,5,2,2,1.0,6.0
201000065121,0010-12-30 14:15:00,10,12,30,14,15,750,117,"4, RUE HERAULT DE SECHEL",,,Plein jour,En agglomération,Intersection en T,Normale,Autre collision,,,,,,,,,,,1,2,3,1.0,6.0
201000065122,0010-06-11 23:00:00,10,6,11,23,0,750,117,PLACE DU BRESIL,,,Nuit avec éclairage allumé,En agglomération,Intersection en X,Normale,Autre collision,,,,,,,,,,,5,2,2,1.0,6.0
201000065123,0010-03-23 08:30:00,10,3,23,8,30,750,117,"03, PLACE DU GENERAL KOE",,,Plein jour,En agglomération,Intersection à plus de 4 branches,Normale,Deux véhicules - arrière,,,,,,,,,,,1,2,5,1.0,2.0
201000065124,0010-05-20 09:10:00,10,5,20,9,10,750,117,AVENUE DE LA PORTE D ASN,,,Plein jour,En agglomération,Intersection à plus de 4 branches,Normale,Deux véhicules - côté,,,,,,,,,,,1,2,5,1.0,3.0
201000065125,0010-07-19 10:55:00,10,7,19,10,55,750,117,"64, AVENUE DE LA GRANDE",,,Plein jour,En agglomération,Hors intersection,Normale,Deux véhicules - côté,,,,,,,,,,,1,2,1,1.0,3.0
201000065126,0010-07-30 09:15:00,10,7,30,9,15,750,117,"0, BOULEVARD DES BATIGNO",,,Plein jour,En agglomération,Intersection en X,Normale,Deux véhicules - côté,,,,,,,,,,,1,2,2,1.0,3.0
201000065127,0010-01-06 20:00:00,10,1,6,20,0,750,118,"156, RUE ORDENER",,,Nuit avec éclairage allumé,En agglomération,Hors intersection,Normale,Autre collision,,,,,,,,,,,5,2,1,1.0,6.0
201000065128,0010-01-07 14:35:00,10,1,7,14,35,750,118,"24, RUE CAULAINCOURT",,,Plein jour,En agglomération,Intersection en X,Normale,Autre collision,,,,,,,,,,,1,2,2,1.0,6.0
201000065129,0010-01-07 14:55:00,10,1,7,14,55,750,118,PLACE PIGALLE,,,Plein jour,En agglomération,Intersection à plus de 4 branches,Temps couvert,Autre collision,,,,,,,,,,,1,2,5,8.0,6.0
201000065130,0010-01-07 18:25:00,10,1,7,18,25,750,118,"12, RUE STEPHENSON",,,Nuit avec éclairage allumé,En agglomération,Intersection en X,Normale,Autre collision,,,,,,,,,,,5,2,2,1.0,6.0
201000065131,0010-01-08 06:59:00,10,1,8,6,59,750,118,BOULEVARD NEY,,,Crépuscule ou aube,En agglomération,Intersection à plus de 4 branches,Autre,Autre collision,,,,,,,,,,,2,2,5,9.0,6.0
201000065132,0010-01-08 22:05:00,10,1,8,22,5,750,118,"23, AVENUE DE LA PORTE D",,,Nuit avec éclairage allumé,En agglomération,Intersection à plus de 4 branches,Neige / grêle,Autre collision,,,,,,,,,,,5,2,5,4.0,6.0
201000065133,0010-01-11 09:00:00,10,1,11,9,0,750,118,"103 bis, RUE LAMARCK",,,Plein jour,En agglomération,Intersection en X,Normale,Autre collision,,,,,,,,,,,1,2,2,1.0,6.0
201000065134,0010-01-11 16:30:00,10,1,11,16,30,750,118,RUE HERMEL,,,Plein jour,En agglomération,Intersection en X,Normale,Deux véhicules - côté,,,,,,,,,,,1,2,2,1.0,3.0
201000065135,0010-01-13 14:10:00,10,1,13,14,10,750,118,RUE DE LAGHOUAT,,,Plein jour,En agglomération,Hors intersection,Normale,Deux véhicules - arrière,,,,,,,,,,,1,2,1,1.0,2.0
201000065136,0010-01-13 21:10:00,10,1,13,21,10,750,118,"33, RUE D ORSEL",,,Nuit avec éclairage allumé,En agglomération,Intersection en X,Normale,Autre collision,,,,,,,,,,,5,2,2,1.0,6.0
201000065137,0010-01-15 17:40:00,10,1,15,17,40,750,118,"19, RUE DE LA GOUTTE D O",,,Nuit avec éclairage allumé,En agglomération,Hors intersection,Normale,Autre collision,,,,,,,,,,,5,2,1,1.0,6.0
201000065138,0010-01-17 17:00:00,10,1,17,17,0,750,118,"77, RUE LAMARCK",,,Plein jour,En agglomération,Intersection en Y,Normale,Autre collision,,,,,,,,,,,1,2,4,1.0,6.0
201000065139,0010-01-18 15:20:00,10,1,18,15,20,750,118,BOULEVARD NEY,,,Plein jour,En agglomération,Hors intersection,Normale,Sans collision,,,,,,,,,,,1,2,1,1.0,7.0
201000065140,0010-01-19 10:00:00,10,1,19,10,0,750,118,"121, RUE CAULAINCOURT",,,Plein jour,En agglomération,Hors intersection,Normale,Autre collision,,,,,,,,,,,1,2,1,1.0,6.0
201000065141,0010-01-19 15:18:00,10,1,19,15,18,750,118,RUE ORDENER,,,Plein jour,En agglomération,Intersection à plus de 4 branches,Temps couvert,Deux véhicules - arrière,,,,,,,,,,,1,2,5,8.0,2.0
201000065142,0010-01-20 08:40:00,10,1,20,8,40,750,118,"30, AVENUE DE LA PORTE D",,,Plein jour,En agglomération,Intersection en X,Pluie légère,Autre collision,,,,,,,,,,,1,2,2,2.0,6.0
201000065143,0010-01-20 12:15:00,10,1,20,12,15,750,118,BOULEVARD BARBES,,,Plein jour,En agglomération,Hors intersection,Pluie légère,Autre collision,,,,,,,,,,,1,2,1,2.0,6.0
201000065144,0010-01-21 18:30:00,10,1,21,18,30,750,118,RUE POLONCEAU,,,Nuit avec éclairage allumé,En agglomération,Intersection en X,Normale,Autre collision,,,,,,,,,,,5,2,2,1.0,6.0
201000065145,0010-01-23 07:25:00,10,1,23,7,25,750,118,RUE LETORT,,,Nuit avec éclairage allumé,En agglomération,Hors intersection,Pluie légère,Sans collision,,,,,,,,,,,5,2,1,2.0,7.0
201000065146,0010-01-23 20:05:00,10,1,23,20,5,750,118,"78, RUE DAMREMONT",,,Nuit avec éclairage allumé,En agglomération,Intersection à plus de 4 branches,Normale,Deux véhicules - côté,,,,,,,,,,,5,2,5,1.0,3.0
201000065147,0010-01-26 20:55:00,10,1,26,20,55,750,118,RUE DE L EVANGILE,,,Nuit avec éclairage allumé,En agglomération,Intersection en Y,Normale,Deux véhicules - côté,,,,,,,,,,,5,2,4,1.0,3.0
201000065148,0010-01-28 11:10:00,10,1,28,11,10,750,118,RUE RAYMOND QUENEAU,,,Plein jour,En agglomération,Hors intersection,Normale,Autre collision,,,,,,,,,,,1,2,1,1.0,6.0
201000065149,0010-01-28 17:30:00,10,1,28,17,30,750,118,RUE VAUVENARGUES,,,Crépuscule ou aube,En agglomération,Intersection en T,Pluie légère,Autre collision,,,,,,,,,,,2,2,3,2.0,6.0
201000065150,0010-01-29 16:25:00,10,1,29,16,25,750,118,RUE DUC,,,Plein jour,En agglomération,Intersection en X,Pluie légère,Autre collision,,,,,,,,,,,1,2,2,2.0,6.0
201000065151,0010-01-29 21:58:00,10,1,29,21,58,750,118,AVENUE DE LA PORTE DE CL,,,Nuit avec éclairage allumé,En agglomération,Intersection en Y,Pluie légère,Deux véhicules - côté,,,,,,,,,,,5,2,4,2.0,3.0
201000065152,0010-01-26 23:10:00,10,1,26,23,10,750,118,RUE MARX DORMOY,,,Nuit avec éclairage allumé,En agglomération,Hors intersection,Temps couvert,Deux véhicules - arrière,,,,,,,,,,,5,2,1,8.0,2.0
201000065153,0010-01-30 15:30:00,10,1,30,15,30,750,118,BOULEVARD BARBES,,,Plein jour,En agglomération,Intersection en X,Temps couvert,Deux véhicules - côté,,,,,,,,,,,1,2,2,8.0,3.0