accident_id,datetime,annee,mois,jour,heure,minute,departement,commune_insee,adresse,latitude,longitude,luminosite,agglomeration,intersection,meteo,collision,nb_vehicules,nb_usagers,nb_indemnes,nb_tues,nb_blesses_hosp,nb_blesses_legers,age_cond_1,age_cond_2,veh_type_cond_1,veh_type_cond_2,lum_code,agg_code,int_code,atm_code,col_code
201000065154,0010-02-01 21:15:00,10,2,1,21,15,750,118,"138, RUE MARCADET",,,Nuit avec éclairage allumé,En agglomération,Hors intersection,Normale,Autre collision,,,,,,,,,,,5,2,1,1.0,6.0
201000065155,0010-02-02 16:15:00,10,2,2,16,15,750,118,AVENUE DE LA PORTE DE MO,,,Plein jour,En agglomération,Intersection en T,Pluie légère,Autre collision,,,,,,,,,,,1,2,3,2.0,6.0
201000065156,0010-02-02 20:40:00,10,2,2,20,40,750,118,"79, RUE CAULAINCOURT",,,Nuit avec éclairage allumé,En agglomération,Intersection à plus de 4 branches,Pluie légère,Deux véhicules - côté,,,,,,,,,,,5,2,5,2.0,3.0
201000065157,0010-02-04 19:45:00,10,2,4,19,45,750,118,"4, BOULEVARD BARBES",,,Nuit avec éclairage allumé,En agglomération,Hors intersection,Temps couvert,Autre collision,,,,,,,,,,,5,2,1,8.0,6.0
201000065158,0010-02-05 19:30:00,10,2,5,19,30,750,118,BOULEVARD NEY,,,Nuit avec éclairage allumé,En agglomération,Intersection à plus de 4 branches,Normale,Autre collision,,,,,,,,,,,5,2,5,1.0,6.0
201000065159,0010-02-06 03:50:00,10,2,6,3,50,750,118,"68, BOULEVARD BARBES",,,Nuit avec éclairage allumé,En agglomération,Hors intersection,Pluie forte,Autre collision,,,,,,,,,,,5,2,1,3.0,6.0
201000065160,0010-02-06 07:08:00,10,2,6,7,8,750,118,"68, BOULEVARD BARBES",,,Nuit avec éclairage allumé,En agglomération,Hors intersection,Pluie légère,Autre collision,,,,,,,,,,,5,2,1,2.0,6.0
201000065161,0010-02-06 20:09:00,10,2,6,20,9,750,118,"144, BOULEVARD NEY",,,Nuit avec éclairage allumé,En agglomération,Intersection à plus de 4 branches,Normale,Autre collision,,,,,,,,,,,5,2,5,1.0,6.0
201000065162,0010-02-07 00:30:00,10,2,7,0,30,750,118,"36, RUE MARX DORMOY",,,Nuit avec éclairage allumé,En agglomération,Intersection en T,Normale,Deux véhicules - côté,,,,,,,,,,,5,2,3,1.0,3.0
201000065163,0010-10-08 16:55:00,10,10,8,16,55,750,118,RUE BOUCRY,,,Plein jour,En agglomération,Intersection en X,Normale,Autre collision,,,,,,,,,,,1,2,2,1.0,6.0
201000065164,0010-02-06 18:42:00,10,2,6,18,42,750,118,BOULEVARD BARBES,,,Nuit avec éclairage allumé,En agglomération,Intersection en X,Pluie légère,Autre collision,,,,,,,,,,,5,2,2,2.0,6.0
201000065165,0010-02-11 13:40:00,10,2,11,13,40,750,118,"46, RUE DUHESME",,,Plein jour,En agglomération,Hors intersection,Neige / grêle,Deux véhicules - côté,,,,,,,,,,,1,2,1,4.0,3.0
201000065166,0010-02-12 22:00:00,10,2,12,22,0,750,118,RUE DE L EVANGILE,,,Nuit avec éclairage allumé,En agglomération,Hors intersection,Normale,Autre collision,,,,,,,,,,,5,2,1,1.0,6.0
201000065167,0010-02-13 19:50:00,10,2,13,19,50,750,118,"25, BOULEVARD BARBES",,,Nuit avec éclairage allumé,En agglomération,Intersection en X,Normale,Deux véhicules - côté,,,,,,,,,,,5,2,2,1.0,3.0
201000065168,0010-02-19 16:30:00,10,2,19,16,30,750,118,"47, RUE MARX DORMOY",,,Plein jour,En agglomération,Hors intersection,Normale,Autre collision,,,,,,,,,,,1,2,1,1.0,6.0
201000065169,0010-02-20 11:05:00,10,2,20,11,5,750,118,BOULEVARD ORNANO,,,Plein jour,En agglomération,Intersection à plus de 4 branches,Autre,Autre collision,,,,,,,,,,,1,2,5,9.0,6.0
201000065170,0010-02-23 08:05:00,10,2,23,8,5,750,118,"1, RUE DE CLIGNANCOURT",,,Plein jour,En agglomération,Intersection à plus de 4 branches,Normale,Autre collision,,,,,,,,,,,1,2,5,1.0,6.0
201000065171,0010-02-23 16:45:00,10,2,23,16,45,750,118,ECHANGEUR CHAPELLE,,,Plein jour,Hors agglomération,Hors intersection,Normale,Deux véhicules - arrière,,,,,,,,,,,1,1,1,1.0,2.0
201000065172,0010-02-24 10:00:00,10,2,24,10,0,750,118,"8 ter, RUE HERMEL",,,Plein jour,En agglomération,Intersection en X,Pluie forte,Deux véhicules - côté,,,,,,,,,,,1,2,2,3.0,3.0
201000065173,0010-02-25 15:05:00,10,2,25,15,5,750,118,PLACE PIGALLE,,,Plein jour,En agglomération,Intersection à plus de 4 branches,Autre,Autre collision,,,,,,,,,,,1,2,5,9.0,6.0
201000065174,0010-02-26 16:10:00,10,2,26,16,10,750,118,RUE MARX DORMOY,,,Plein jour,En agglomération,Hors intersection,Normale,Autre collision,,,,,,,,,,,1,2,1,1.0,6.0
201000065175,0010-03-01 08:20:00,10,3,1,8,20,750,118,RUE DE LA BONNE,,,Plein jour,En agglomération,Intersection à plus de 4 branches,Normale,Autre collision,,,,,,,,,,,1,2,5,1.0,6.0
201000065176,0010-03-01 09:15:00,10,3,1,9,15,750,118,RUE DE LA CHAPELLE,,,Plein jour,En agglomération,Intersection à plus de 4 branches,Normale,Deux véhicules - côté,,,,,,,,,,,1,2,5,1.0,3.0
201000065177,0010-03-02 06:30:00,10,3,2,6,30,750,118,"8, PLACE ALBERT KAHN",,,Nuit avec éclairage allumé,En agglomération,Intersection à plus de 4 branches,Pluie légère,Autre collision,,,,,,,,,,,5,2,5,2.0,6.0
201000065178,0010-03-02 08:36:00,10,3,2,8,36,750,118,PLACE SKANDERBEG,,,Plein jour,En agglomération,Intersection à plus de 4 branches,Normale,Deux véhicules - côté,,,,,,,,,,,1,2,5,1.0,3.0
201000065179,0010-03-03 15:35:00,10,3,3,15,35,750,118,"09, RUE NORVINS",,,Plein jour,En agglomération,Hors intersection,Normale,Autre collision,,,,,,,,,,,1,2,1,1.0,6.0
201000065180,0010-03-06 10:10:00,10,3,6,10,10,750,118,"58, RUE CUSTINE",,,Plein jour,En agglomération,Hors intersection,Normale,Autre collision,,,,,,,,,,,1,2,1,1.0,6.0
201000065181,0010-10-23 04:05:00,10,10,23,4,5,750,118,"142, AVENUE DE SAINT OUE",,,Nuit avec éclairage allumé,En agglomération,Intersection en Y,Normale,Autre collision,,,,,,,,,,,5,2,4,1.0,6.0
201000065182,0010-03-06 19:40:00,10,3,6,19,40,750,118,BOULEVARD NEY,,,Nuit avec éclairage allumé,En agglomération,Hors intersection,Normale,Deux véhicules - côté,,,,,,,,,,,5,2,1,1.0,3.0
201000065183,0010-03-08 01:25:00,10,3,8,1,25,750,118,"45, BOULEVARD BARBES",,,Nuit avec éclairage allumé,En agglomération,Hors intersection,Normale,Autre collision,,,,,,,,,,,5,2,1,1.0,6.0
201000065184,0010-03-09 18:50:00,10,3,9,18,50,750,118,BOULEVARD NEY,,,Nuit avec éclairage allumé,En agglomération,Hors intersection,Normale,Deux véhicules - côté,,,,,,,,,,,5,2,1,1.0,3.0
201000065185,0010-03-10 16:20:00,10,3,10,16,20,750,118,"16, AVENUE DE CLICHY",,,Plein jour,En agglomération,Hors intersection,Normale,Autre collision,,,,,,,,,,,1,2,1,1.0,6.0
201000065186,0010-03-11 13:45:00,10,3,11,13,45,750,118,"2, RUE DE LA CHAPELLE",,,Plein jour,En agglomération,Hors intersection,Normale,Autre collision,,,,,,,,,,,1,2,1,1.0,6.0
201000065187,0010-03-15 22:36:00,10,3,15,22,36,750,118,"77, BOULEVARD ORNANO",,,Nuit avec éclairage non allumé,En agglomération,Intersection à plus de 4 branches,Normale,Deux véhicules - côté,,,,,,,,,,,4,2,5,1.0,3.0
201000065188,0010-03-16 08:40:00,10,3,16,8,40,750,118,"2, RUE ORDENER",,,Plein jour,En agglomération,Hors intersection,Normale,Autre collision,,,,,,,,,,,1,2,1,1.0,6.0
201000065189,0010-03-16 17:30:00,10,3,16,17,30,750,118,"22, PLACE DE LA CHAPELLE",,,Plein jour,En agglomération,Intersection à plus de 4 branches,Normale,Autre collision,,,,,,,,,,,1,2,5,1.0,6.0
201000065190,0010-03-20 11:15:00,10,3,20,11,15,750,118,"51, RUE DE LA CHAPELLE",,,Plein jour,En agglomération,Hors intersection,Normale,Deux véhicules - côté,,,,,,,,,,,1,2,1,1.0,3.0
201000065191,0010-03-20 14:05:00,10,3,20,14,5,750,118,AVENUE DE SAINT OUEN,,,Plein jour,En agglomération,Intersection à plus de 4 branches,Normale,Autre collision,,,,,,,,,,,1,2,5,1.0,6.0
201000065192,0010-03-20 14:40:00,10,3,20,14,40,750,118,VENUE DE LA PORTE DE CL,,,Plein jour,En agglomération,Intersection en Y,Normale,Autre collision,,,,,,,,,,,1,2,4,1.0,6.0
201000065193,0010-03-20 19:30:00,10,3,20,19,30,750,118,"13, RUE DE CLIGNANCOURT",,,Nuit avec éclairage allumé,En agglomération,Intersection en T,Pluie légère,Autre collision,,,,,,,,,,,5,2,3,2.0,6.0
201000065194,0010-03-21 17:00:00,10,3,21,17,0,750,110,PLACE DE LA REPUBLIQUE,,,Plein jour,En agglomération,Intersection à plus de 4 branches,Normale,Deux véhicules - côté,,,,,,,,,,,1,2,5,1.0,3.0
201000065195,0010-03-23 19:00:00,10,3,23,19,0,750,118,"79, RUE DE CLIGNANCOURT",,,Plein jour,En agglomération,Hors intersection,Normale,Autre collision,,,,,,,,,,,1,2,1,1.0,6.0
201000065196,0010-03-24 02:00:00,10,3,24,2,0,750,118,"66, RUE DAMREMONT",,,Nuit avec éclairage allumé,En agglomération,Hors intersection,Normale,Deux véhicules - frontale,,,,,,,,,,,5,2,1,1.0,1.0
201000065197,0010-03-25 18:30:00,10,3,25,18,30,750,118,"30, BOULEVARD DE CLICHY",,,Crépuscule ou aube,En agglomération,Intersection à plus de 4 branches,Temps couvert,Deux véhicules - côté,,,,,,,,,,,2,2,5,8.0,3.0
201000065198,0010-03-26 18:20:00,10,3,26,18,20,750,118,"000000, AVENUE DE SAINT",,,Plein jour,En agglomération,Intersection en X,Normale,Deux véhicules - côté,,,,,,,,,,,1,2,2,1.0,3.0
201000065199,0010-03-27 10:21:00,10,3,27,10,21,750,118,"22, RUE HERMEL",,,Plein jour,En agglomération,Hors intersection,Temps couvert,Autre collision,,,,,,,,,,,1,2,1,8.0,6.0
201000065200,0010-03-29 09:10:00,10,3,29,9,10,750,118,"51, RUE MARX DORMOY",,,Plein jour,En agglomération,Hors intersection,Normale,Deux véhicules - côté,,,,,,,,,,,1,2,1,1.0,3.0
201000065201,0010-04-01 11:50:00,10,4,1,11,50,750,118,"100, RUE ORDENER",,,Plein jour,En agglomération,Intersection en X,Normale,Autre collision,,,,,,,,,,,1,2,2,1.0,6.0
201000065202,0010-04-01 16:50:00,10,4,1,16,50,750,118,"135, BOULEVARD NEY",,,Plein jour,En agglomération,Intersection en Y,Normale,Deux véhicules - côté,,,,,,,,,,,1,2,4,1.0,3.0
201000065203,0010-04-01 20:10:00,10,4,1,20,10,750,118,BOULEVARD NEY,,,Nuit avec éclairage allumé,En agglomération,Intersection en T,Normale,Autre collision,,,,,,,,,,,5,2,3,1.0,6.0
201000065204,0010-04-02 02:50:00,10,4,2,2,50,750,118,"12bis, AVENUE DE CLICHY",,,Nuit avec éclairage allumé,En agglomération,Hors intersection,Normale,Autre collision,,,,,,,,,,,5,2,1,1.0,6.0
201000065205,0010-04-04 11:10:00,10,4,4,11,10,750,118,RUE DE LA CHAPELLE,,,Plein jour,En agglomération,Intersection à plus de 4 branches,Temps couvert,Autre collision,,,,,,,,,,,1,2,5,8.0,6.0
201000065206,0010-04-04 21:35:00,10,4,4,21,35,750,118,"142, BOULEVARD NEY",,,Nuit avec éclairage allumé,En agglomération,Intersection en X,Normale,Deux véhicules - côté,,,,,,,,,,,5,2,2,1.0,3.0
201000065207,0010-04-05 06:35:00,10,4,5,6,35,750,118,"162, BOULEVARD NEY",,,Crépuscule ou aube,En agglomération,Hors intersection,Normale,Deux véhicules - arrière,,,,,,,,,,,2,2,1,1.0,2.0
201000065208,0010-04-05 15:10:00,10,4,5,15,10,750,118,AVENUE DE LA PORTE DE LA,,,Plein jour,En agglomération,Intersection à plus de 4 branches,Normale,Deux véhicules - côté,,,,,,,,,,,1,2,5,1.0,3.0
201000065209,0010-04-05 20:50:00,10,4,5,20,50,750,118,"91, RUE DU RUISSEAU",,,Nuit avec éclairage allumé,En agglomération,Intersection en T,Normale,Autre collision,,,,,,,,,,,5,2,3,1.0,6.0
201000065210,0010-04-06 21:12:00,10,4,6,21,12,750,118,"28, RUE ORDENER",,,Nuit avec éclairage allumé,En agglomération,Intersection en X,Normale,Autre collision,,,,,,,,,,,5,2,2,1.0,6.0
201000065211,0010-04-07 17:05:00,10,4,7,17,5,750,118,"54, PLACE DE TORCY",,,Plein jour,En agglomération,Intersection à plus de 4 branches,Normale,Autre collision,,,,,,,,,,,1,2,5,1.0,6.0
201000065212,0010-04-07 22:50:00,10,4,7,22,50,750,118,"70, AVENUE DE SAINT OUEN",,,Nuit avec éclairage allumé,En agglomération,Hors intersection,Normale,Deux véhicules - arrière,,,,,,,,,,,5,2,1,1.0,2.0
201000065213,0010-04-08 10:20:00,10,4,8,10,20,750,118,"88, RUE LAMARCK",,,Plein jour,En agglomération,Hors intersection,Temps couvert,Autre collision,,,,,,,,,,,1,2,1,8.0,6.0
201000065214,0010-04-08 16:08:00,10,4,8,16,8,750,118,RUE DU SIMPLON,,,Plein jour,En agglomération,Hors intersection,Normale,Autre collision,,,,,,,,,,,1,2,1,1.0,6.0
201000065215,0010-04-09 04:45:00,10,4,9,4,45,750,118,"46, RUE DE LA CHAPELLE",,,Nuit sans éclairage public,En agglomération,Hors intersection,Normale,Autre collision,,,,,,,,,,,3,2,1,1.0,6.0
201000065216,0010-04-10 16:15:00,10,4,10,16,15,750,118,SOUTERRAIN POISSONNIERS,,,Plein jour,En agglomération,Hors intersection,Normale,Deux véhicules - côté,,,,,,,,,,,1,2,1,1.0,3.0
201000065217,0010-04-11 07:10:00,10,4,11,7,10,750,118,"12, AVENUE DE CLICHY",,,Plein jour,En agglomération,Hors intersection,Normale,Trois véhicules et plus - en chaîne,,,,,,,,,,,1,2,1,1.0,4.0
201000065218,0010-04-11 17:46:00,10,4,11,17,46,750,118,"33, RUE ORDENER",,,Plein jour,En agglomération,Hors intersection,Normale,Autre collision,,,,,,,,,,,1,2,1,1.0,6.0
201000065219,0010-04-12 06:35:00,10,4,12,6,35,750,118,"55, RUE ORDENER",,,Plein jour,En agglomération,Intersection en X,Normale,Deux véhicules - côté,,,,,,,,,,,1,2,2,1.0,3.0
201000065220,0010-04-12 16:10:00,10,4,12,16,10,750,118,RUE ORDENER,,,Plein jour,En agglomération,Intersection en T,Normale,Autre collision,,,,,,,,,,,1,2,3,1.0,6.0
201000065221,0010-04-13 21:00:00,10,4,13,21,0,750,118,"33, RUE DE TORCY",,,Nuit avec éclairage allumé,En agglomération,Hors intersection,Pluie légère,Autre collision,,,,,,,,,,,5,2,1,2.0,6.0
201000065222,0010-04-14 09:00:00,10,4,14,9,0,750,118,"angle, RUE DOUDEAUVILLE",,,Plein jour,En agglomération,Intersection à plus de 4 branches,Temps couvert,Autre collision,,,,,,,,,,,1,2,5,8.0,6.0
201000065223,0010-04-15 13:50:00,10,4,15,13,50,750,118,"52, BOULEVARD DE ROCHECH",,,Plein jour,En agglomération,Hors intersection,Normale,Autre collision,,,,,,,,,,,1,2,1,1.0,6.0
201000065224,0010-04-16 09:20:00,10,4,16,9,20,750,118,BOULEVARD PERIPHERIQUE,,,Plein jour,En agglomération,Hors intersection,Normale,Trois véhicules et plus - en chaîne,,,,,,,,,,,1,2,1,1.0,4.0
201000065225,0010-04-17 09:45:00,10,4,17,9,45,750,118,"12, AVENUE DE CLICHY",,,Plein jour,En agglomération,Intersection en T,Normale,Deux véhicules - côté,,,,,,,,,,,1,2,3,1.0,3.0
201000065226,0010-04-20 11:45:00,10,4,20,11,45,750,118,"28, RUE ORDENER",,,Plein jour,En agglomération,Intersection en X,Normale,Autre collision,,,,,,,,,,,1,2,2,1.0,6.0
201000065227,0010-04-21 13:10:00,10,4,21,13,10,750,118,"64, RUE MARCADET",,,Plein jour,En agglomération,Intersection à plus de 4 branches,Normale,Autre collision,,,,,,,,,,,1,2,5,1.0,6.0
201000065228,0010-04-21 22:45:00,10,4,21,22,45,750,118,"80, BOULEVARD NEY",,,Nuit avec éclairage allumé,En agglomération,Hors intersection,Normale,Deux véhicules - côté,,,,,,,,,,,5,2,1,1.0,3.0
201000065229,0010-04-23 13:25:00,10,4,23,13,25,750,118,"154, RUE ORDENER",,,Plein jour,En agglomération,Intersection à plus de 4 branches,Normale,Autre collision,,,,,,,,,,,1,2,5,1.0,6.0
201000065230,0010-04-23 18:50:00,10,4,23,18,50,750,118,BOULEVARD ORNANO,,,Plein jour,En agglomération,Hors intersection,Normale,Autre collision,,,,,,,,,,,1,2,1,1.0,6.0
201000065231,0010-04-25 21:25:00,10,4,25,21,25,750,118,BOULEVARD NEY,,,Nuit avec éclairage allumé,En agglomération,Hors intersection,Normale,Sans collision,,,,,,,,,,,5,2,1,1.0,7.0
201000065232,0010-04-26 11:10:00,10,4,26,11,10,750,118,RUE ORDENER,,,Plein jour,En agglomération,Intersection à plus de 4 branches,Normale,Deux véhicules - côté,,,,,,,,,,,1,2,5,1.0,3.0
201000065233,0010-04-27 23:45:00,10,4,27,23,45,750,118,"12, AVENUE DE LA PORTE D",,,Nuit avec éclairage allumé,En agglomération,Hors intersection,Normale,Deux véhicules - côté,,,,,,,,,,,5,2,1,1.0,3.0
201000065234,0010-04-28 11:00:00,10,4,28,11,0,750,118,RUE CAULAINCOURT,,,Plein jour,En agglomération,Intersection à plus de 4 branches,Normale,Sans collision,,,,,,,,,,,1,2,5,1.0,7.0
201000065235,0010-04-28 21:05:00,10,4,28,21,5,750,118,"7, BOULEVARD ORNANO",,,Nuit avec éclairage allumé,En agglomération,Hors intersection,Normale,Autre collision,,,,,,,,,,,5,2,1,1.0,6.0
201000065236,0010-04-29 14:25:00,10,4,29,14,25,750,118,"14, BOULEVARD BARBES",,,Plein jour,En agglomération,Hors intersection,Normale,Autre collision,,,,,,,,,,,1,2,1,1.0,6.0
201000065237,0010-04-29 18:45:00,10,4,29,18,45,750,118,"72, BOULEVARD NEY",,,Plein jour,En agglomération,Hors intersection,Normale,Deux véhicules - côté,,,,,,,,,,,1,2,1,1.0,3.0
201000065238,0010-04-30 01:00:00,10,4,30,1,0,750,118,"7, BOULEVARD BARBES",,,Nuit avec éclairage allumé,En agglomération,Hors intersection,Normale,Deux véhicules - frontale,,,,,,,,,,,5,2,1,1.0,1.0
201000065239,0010-04-30 16:30:00,10,4,30,16,30,750,118,"50, BOULEVARD BARBES",,,Plein jour,En agglomération,Intersection à plus de 4 branches,Normale,Autre collision,,,,,,,,,,,1,2,5,1.0,6.0
201000065240,0010-05-01 16:35:00,10,5,1,16,35,750,118,ECHANGEUR CHAPELLE,,,Plein jour,En agglomération,Hors intersection,Normale,Sans collision,,,,,,,,,,,1,2,1,1.0,7.0
201000065241,0010-05-02 16:00:00,10,5,2,16,0,750,118,"58, AVENUE DE SAINT OUEN",,,Plein jour,En agglomération,Hors intersection,Pluie légère,Sans collision,,,,,,,,,,,1,2,1,2.0,7.0
201000065242,0010-05-02 18:00:00,10,5,2,18,0,750,118,"26, BOULEVARD DE CLICHY",,,Plein jour,En agglomération,Hors intersection,Normale,Deux véhicules - arrière,,,,,,,,,,,1,2,1,1.0,2.0
201000065243,0010-05-04 08:30:00,10,5,4,8,30,750,118,RUE D AUBERVILLIERS,,,Plein jour,En agglomération,Intersection à plus de 4 branches,Normale,Deux véhicules - côté,,,,,,,,,,,1,2,5,1.0,3.0
201000065244,0010-05-04 12:00:00,10,5,4,12,0,750,118,"absent, RUE ORDENER",,,Plein jour,En agglomération,Intersection en X,Normale,Deux véhicules - côté,,,,,,,,,,,1,2,2,1.0,3.0
201000065245,0010-05-04 16:10:00,10,5,4,16,10,750,118,"31, RUE CAULAINCOURT",,,Plein jour,En agglomération,Hors intersection,Normale,Deux véhicules - côté,,,,,,,,,,,1,2,1,1.0,3.0
201000065246,0010-05-05 18:55:00,10,5,5,18,55,750,118,", RUE DES ROSES",,,Plein jour,En agglomération,Intersection en X,Normale,Autre collision,,,,,,,,,,,1,2,2,1.0,6.0
201000065247,0010-05-07 10:00:00,10,5,7,10,0,750,118,"115, RUE CAULAINCOURT",,,Plein jour,En agglomération,Hors intersection,Pluie légère,Autre collision,,,,,,,,,,,1,2,1,2.0,6.0
201000065248,0010-05-07 15:20:00,10,5,7,15,20,750,118,RUE DE L EVANGILE,,,Plein jour,En agglomération,Intersection en T,Normale,Autre collision,,,,,,,,,,,1,2,3,1.0,6.0
201000065249,0010-05-07 20:30:00,10,5,7,20,30,750,118,"72, BOULEVARD NEY",,,Plein jour,En agglomération,Hors intersection,Normale,Deux véhicules - côté,,,,,,,,,,,1,2,1,1.0,3.0
201000065250,0010-05-07 22:30:00,10,5,7,22,30,750,118,"11, RUE MARCADET",,,Nuit avec éclairage allumé,En agglomération,Intersection en X,Normale,Deux véhicules - côté,,,,,,,,,,,5,2,2,1.0,3.0
201000065251,0010-05-08 14:25:00,10,5,8,14,25,750,118,"27, BOULEVARD BARBES",,,Plein jour,En agglomération,Intersection en X,Normale,Deux véhicules - côté,,,,,,,,,,,1,2,2,1.0,3.0
201000065252,0010-05-10 08:20:00,10,5,10,8,20,750,118,"16, AVENUE DE LA PORTE D",,,Plein jour,En agglomération,Intersection en Y,Normale,Autre collision,,,,,,,,,,,1,2,4,1.0,6.0
201000065253,0010-05-10 10:00:00,10,5,10,10,0,750,118,"110, RUE ORDENER",,,Plein jour,En agglomération,Intersection en X,Normale,Autre collision,,,,,,,,,,,1,2,2,1.0,6.0
201000065254,0010-05-10 10:14:00,10,5,10,10,14,750,118,"97, RUE DE LA CHAPELLE",,,Plein jour,En agglomération,Intersection à plus de 4 branches,Normale,Deux véhicules - côté,,,,,,,,,,,1,2,5,1.0,3.0
201000065255,0010-05-11 08:20:00,10,5,11,8,20,750,118,"37, RUE MARX DORMOY",,,Plein jour,En agglomération,Intersection en T,Pluie légère,Deux véhicules - côté,,,,,,,,,,,1,2,3,2.0,3.0
201000065256,0010-05-11 17:30:00,10,5,11,17,30,750,118,"134, AVENUE DE SAINT OUE",,,Plein jour,En agglomération,Hors intersection,Pluie légère,Autre collision,,,,,,,,,,,1,2,1,2.0,6.0
201000065257,0010-05-14 12:20:00,10,5,14,12,20,750,118,"120, AVENUE DE LA PORTE",,,Plein jour,En agglomération,Intersection en X,Normale,Deux véhicules - côté,,,,,,,,,,,1,2,2,1.0,3.0
201000065258,0010-05-14 14:45:00,10,5,14,14,45,750,118,"10, RUE DES POISSONNIERS",,,Plein jour,En agglomération,Intersection en T,Temps couvert,Autre collision,,,,,,,,,,,1,2,3,8.0,6.0
201000065259,0010-05-15 13:50:00,10,5,15,13,50,750,118,BOULEVARD BARBES,,,Plein jour,En agglomération,Intersection en X,Normale,Deux véhicules - côté,,,,,,,,,,,1,2,2,1.0,3.0
201000065260,0010-05-15 22:15:00,10,5,15,22,15,750,118,"14, AVENUE DE SAINT OUEN",,,Nuit avec éclairage allumé,En agglomération,Intersection en T,Normale,Deux véhicules - côté,,,,,,,,,,,5,2,3,1.0,3.0
201000065261,0010-05-17 10:30:00,10,5,17,10,30,750,118,"75, RUE DUC",,,Plein jour,En agglomération,Intersection en X,Pluie légère,Deux véhicules - côté,,,,,,,,,,,1,2,2,2.0,3.0
201000065262,0010-05-20 16:30:00,10,5,20,16,30,750,118,"5, RUE MARX DORMOY",,,Plein jour,En agglomération,Intersection en T,Normale,Deux véhicules - arrière,,,,,,,,,,,1,2,3,1.0,2.0
201000065263,0010-05-21 16:09:00,10,5,21,16,9,750,118,"86, BOULEVARD BARBES",,,Plein jour,En agglomération,Hors intersection,Normale,Deux véhicules - côté,,,,,,,,,,,1,2,1,1.0,3.0
201000065264,0010-05-25 22:35:00,10,5,25,22,35,750,118,"129, BOULEVARD NEY",,,Nuit avec éclairage allumé,En agglomération,Hors intersection,Normale,Deux véhicules - arrière,,,,,,,,,,,5,2,1,1.0,2.0
201000065265,0010-05-25 23:45:00,10,5,25,23,45,750,118,"70, RUE MARX DORMOY",,,Nuit avec éclairage allumé,En agglomération,Intersection en T,Normale,Autre collision,,,,,,,,,,,5,2,3,1.0,6.0
201000065266,0010-05-26 14:45:00,10,5,26,14,45,750,118,"46, BOULEVARD NEY",,,Plein jour,En agglomération,Hors intersection,Temps couvert,Autre collision,,,,,,,,,,,1,2,1,8.0,6.0
201000065267,0010-05-26 16:25:00,10,5,26,16,25,750,118,"186, RUE CHAMPIONNET",,,Plein jour,En agglomération,Hors intersection,Pluie légère,Autre collision,,,,,,,,,,,1,2,1,2.0,6.0
201000065268,0010-05-27 08:45:00,10,5,27,8,45,750,118,RUE MARX DORMOY,,,Plein jour,En agglomération,Intersection à plus de 4 branches,Temps couvert,Deux véhicules - côté,,,,,,,,,,,1,2,5,8.0,3.0
201000065269,0010-05-27 18:50:00,10,5,27,18,50,750,118,"44, RUE DAMREMONT",,,Plein jour,En agglomération,Hors intersection,Pluie légère,Sans collision,,,,,,,,,,,1,2,1,2.0,7.0
201000065270,0010-05-27 18:00:00,10,5,27,18,0,750,118,"29, RUE RAMEY",,,Plein jour,En agglomération,Hors intersection,Pluie légère,Autre collision,,,,,,,,,,,1,2,1,2.0,6.0
201000065271,0010-05-27 19:45:00,10,5,27,19,45,750,118,AVENUE DE LA PORTE DE MO,,,Plein jour,En agglomération,Hors intersection,Pluie légère,Autre collision,,,,,,,,,,,1,2,1,2.0,6.0
201000065272,0010-05-28 19:15:00,10,5,28,19,15,750,118,"18, BOULEVARD ORNANO",,,Plein jour,En agglomération,Intersection en X,Normale,Deux véhicules - côté,,,,,,,,,,,1,2,2,1.0,3.0
201000065273,0010-05-29 09:20:00,10,5,29,9,20,750,118,BOULEVARD DE LA CHAPELLE,,,Plein jour,En agglomération,Intersection à plus de 4 branches,Normale,Autre collision,,,,,,,,,,,1,2,5,1.0,6.0
201000065274,0010-05-29 14:30:00,10,5,29,14,30,750,118,"231, RUE CHAMPIONNET",,,Plein jour,En agglomération,Hors intersection,Normale,Autre collision,,,,,,,,,,,1,2,1,1.0,6.0
201000065275,0010-05-29 17:20:00,10,5,29,17,20,750,118,RUE MARX DORMOY,,,Plein jour,En agglomération,Hors intersection,Normale,Autre collision,,,,,,,,,,,1,2,1,1.0,6.0
201000065276,0010-05-30 03:05:00,10,5,30,3,5,750,118,"74, BOULEVARD DE ROCHECH",,,Nuit avec éclairage allumé,En agglomération,Hors intersection,Pluie légère,Autre collision,,,,,,,,,,,5,2,1,2.0,6.0
201000065277,0010-05-30 04:35:00,10,5,30,4,35,750,118,"77, BOULEVARD BARBES",,,Nuit avec éclairage allumé,En agglomération,Hors intersection,Normale,Autre collision,,,,,,,,,,,5,2,1,1.0,6.0
201000065278,0010-05-30 09:25:00,10,5,30,9,25,750,118,BOULEVARD NEY,,,Plein jour,En agglomération,Intersection à plus de 4 branches,Normale,Autre collision,,,,,,,,,,,1,2,5,1.0,6.0
201000065279,0010-05-31 16:25:00,10,5,31,16,25,750,118,"54, BOULEVARD BARBES",,,Plein jour,En agglomération,Hors intersection,Normale,Autre collision,,,,,,,,,,,1,2,1,1.0,6.0