accident_id,datetime,annee,mois,jour,heure,minute,departement,commune_insee,adresse,latitude,longitude,luminosite,agglomeration,intersection,meteo,collision,nb_vehicules,nb_usagers,nb_indemnes,nb_tues,nb_blesses_hosp,nb_blesses_legers,age_cond_1,age_cond_2,veh_type_cond_1,veh_type_cond_2,lum_code,agg_code,int_code,atm_code,col_code
201000065280,0010-06-01 00:15:00,10,6,1,0,15,750,118,AVENUE DE LA PORTE DE CL,,,Nuit avec éclairage allumé,En agglomération,Hors intersection,Normale,Autre collision,,,,,,,,,,,5,2,1,1.0,6.0
201000065281,0010-06-01 16:45:00,10,6,1,16,45,750,118,"25, RUE ORDENER",,,Plein jour,En agglomération,Intersection en T,Normale,Autre collision,,,,,,,,,,,1,2,3,1.0,6.0
201000065282,0010-06-03 11:10:00,10,6,3,11,10,750,118,"221, RUE CHAMPIONNET",,,Plein jour,En agglomération,Intersection en Y,Normale,Deux véhicules - côté,,,,,,,,,,,1,2,4,1.0,3.0
201000065283,0010-06-03 17:35:00,10,6,3,17,35,750,118,"63, RUE DE LA CHAPELLE",,,Plein jour,En agglomération,Hors intersection,Normale,Deux véhicules - côté,,,,,,,,,,,1,2,1,1.0,3.0
201000065284,0010-06-03 23:45:00,10,6,3,23,45,750,118,"54, BOULEVARD DE LA CHAP",,,Nuit avec éclairage allumé,En agglomération,Intersection en Y,Normale,Deux véhicules - arrière,,,,,,,,,,,5,2,4,1.0,2.0
201000065285,0010-06-05 07:30:00,10,6,5,7,30,750,118,"66, BOULEVARD BARBES",,,Crépuscule ou aube,En agglomération,Intersection en X,Normale,Autre collision,,,,,,,,,,,2,2,2,1.0,6.0
201000065286,0010-06-07 03:00:00,10,6,7,3,0,750,117,AVENUE DE SAINT OUEN,,,Nuit avec éclairage allumé,En agglomération,Intersection en X,Normale,Deux véhicules - côté,,,,,,,,,,,5,2,2,1.0,3.0
201000065287,0010-06-10 16:45:00,10,6,10,16,45,750,118,BOULEVARD NEY,,,Plein jour,En agglomération,Intersection en X,Temps couvert,Deux véhicules - côté,,,,,,,,,,,1,2,2,8.0,3.0
201000065288,0010-06-10 22:05:00,10,6,10,22,5,750,118,"22, PLACE DE LA CHAPELLE",,,Nuit avec éclairage allumé,En agglomération,Intersection en X,Normale,Autre collision,,,,,,,,,,,5,2,2,1.0,6.0
201000065289,0010-06-12 02:00:00,10,6,12,2,0,750,118,"1, AVENUE JUNOT",,,Nuit avec éclairage allumé,En agglomération,Intersection en X,Pluie légère,Sans collision,,,,,,,,,,,5,2,2,2.0,7.0
201000065290,0010-06-12 17:45:00,10,6,12,17,45,750,118,AVENUE DE LA PORTE DE SA,,,Plein jour,En agglomération,Hors intersection,Normale,Deux véhicules - côté,,,,,,,,,,,1,2,1,1.0,3.0
201000065291,0010-06-13 22:45:00,10,6,13,22,45,750,118,"80, RUE PHILIPPE DE GIRA",,,Nuit avec éclairage allumé,En agglomération,Hors intersection,Normale,Autre collision,,,,,,,,,,,5,2,1,1.0,6.0
201000065292,0010-06-16 10:30:00,10,6,16,10,30,750,118,"18, RUE CUSTINE",,,Plein jour,En agglomération,Intersection en X,Normale,Deux véhicules - arrière,,,,,,,,,,,1,2,2,1.0,2.0
201000065293,0010-06-16 15:15:00,10,6,16,15,15,750,118,"82, BOULEVARD NEY",,,Plein jour,En agglomération,Hors intersection,Normale,Deux véhicules - côté,,,,,,,,,,,1,2,1,1.0,3.0
201000065294,0010-06-16 18:50:00,10,6,16,18,50,750,118,"63, RUE LETORT",,,Plein jour,En agglomération,Hors intersection,Normale,Autre collision,,,,,,,,,,,1,2,1,1.0,6.0
201000065295,0010-06-18 06:45:00,10,6,18,6,45,750,118,"59, RUE D ORSEL",,,Crépuscule ou aube,En agglomération,Intersection en X,Normale,Sans collision,,,,,,,,,,,2,2,2,1.0,7.0
201000065296,0010-06-18 15:13:00,10,6,18,15,13,750,118,"74-76, RUE CHAMPIONNET",,,Plein jour,En agglomération,Hors intersection,Normale,Deux véhicules - côté,,,,,,,,,,,1,2,1,1.0,3.0
201000065297,0010-06-19 15:00:00,10,6,19,15,0,750,118,RUE DAMREMONT,,,Plein jour,En agglomération,Intersection à plus de 4 branches,Normale,Sans collision,,,,,,,,,,,1,2,5,1.0,7.0
201000065298,0010-06-19 19:30:00,10,6,19,19,30,750,118,"13, RUE DE CLIGNANCOURT",,,Plein jour,En agglomération,Intersection en X,Pluie légère,Autre collision,,,,,,,,,,,1,2,2,2.0,6.0
201000065299,0010-06-20 16:10:00,10,6,20,16,10,750,118,"69, RUE DE LA CHAPELLE",,,Plein jour,En agglomération,Hors intersection,Temps couvert,Autre collision,,,,,,,,,,,1,2,1,8.0,6.0
201000065300,0010-06-21 11:25:00,10,6,21,11,25,750,118,"19, BOULEVARD BARBES",,,Plein jour,En agglomération,Hors intersection,Normale,Autre collision,,,,,,,,,,,1,2,1,1.0,6.0
201000065301,0010-06-22 19:35:00,10,6,22,19,35,750,118,"64, RUE LAMARCK",,,Plein jour,En agglomération,Intersection en X,Normale,Autre collision,,,,,,,,,,,1,2,2,1.0,6.0
201000065302,0010-06-23 11:02:00,10,6,23,11,2,750,118,RUE DE LA CHAPELLE,,,Plein jour,En agglomération,Intersection en T,Normale,Deux véhicules - côté,,,,,,,,,,,1,2,3,1.0,3.0
201000065303,0010-06-23 12:45:00,10,6,23,12,45,750,118,"5, BOULEVARD BARBES",,,Plein jour,En agglomération,Intersection en X,Normale,Autre collision,,,,,,,,,,,1,2,2,1.0,6.0
201000065304,0010-06-24 10:55:00,10,6,24,10,55,750,118,"40, RUE VAUVENARGUES",,,Plein jour,En agglomération,Hors intersection,Normale,Deux véhicules - côté,,,,,,,,,,,1,2,1,1.0,3.0
201000065305,0010-06-24 12:35:00,10,6,24,12,35,750,118,"33, RUE DE CHARTRES",,,Plein jour,En agglomération,Intersection en X,Normale,Autre collision,,,,,,,,,,,1,2,2,1.0,6.0
201000065306,0010-06-25 10:20:00,10,6,25,10,20,750,118,"15bis, BOULEVARD ORNANO",,,Plein jour,En agglomération,Hors intersection,Normale,Autre collision,,,,,,,,,,,1,2,1,1.0,6.0
201000065307,0010-06-25 14:00:00,10,6,25,14,0,750,118,"v/v du 72, BOULEVARD NEY",,,Plein jour,En agglomération,Hors intersection,Normale,Deux véhicules - côté,,,,,,,,,,,1,2,1,1.0,3.0
201000065308,0010-06-26 10:00:00,10,6,26,10,0,750,118,RUE D AUBERVILLIERS,,,Plein jour,En agglomération,Intersection en T,Normale,Deux véhicules - arrière,,,,,,,,,,,1,2,3,1.0,2.0
201000065309,0010-06-26 16:55:00,10,6,26,16,55,750,118,"43, BOULEVARD BARBES",,,Plein jour,En agglomération,Intersection en X,Normale,Deux véhicules - côté,,,,,,,,,,,1,2,2,1.0,3.0
201000065310,0010-06-27 16:35:00,10,6,27,16,35,750,118,"72, RUE DE LA CHAPELLE",,,Plein jour,En agglomération,Intersection en T,Normale,Autre collision,,,,,,,,,,,1,2,3,1.0,6.0
201000065311,0010-06-29 17:33:00,10,6,29,17,33,750,118,RUE ORDENER,,,Plein jour,En agglomération,Hors intersection,Normale,Autre collision,,,,,,,,,,,1,2,1,1.0,6.0
201000065312,0010-06-30 18:25:00,10,6,30,18,25,750,118,"22, AVENUE DE SAINT OUEN",,,Plein jour,En agglomération,Hors intersection,Normale,Deux véhicules - côté,,,,,,,,,,,1,2,1,1.0,3.0
201000065313,0010-07-01 09:50:00,10,7,1,9,50,750,118,"6, RUE CAULAINCOURT",,,Plein jour,En agglomération,Hors intersection,Normale,Deux véhicules - côté,,,,,,,,,,,1,2,1,1.0,3.0
201000065314,0010-07-01 14:00:00,10,7,1,14,0,750,118,"134, RUE MARCADET",,,Plein jour,En agglomération,Intersection à plus de 4 branches,Normale,Autre collision,,,,,,,,,,,1,2,5,1.0,6.0
201000065315,0010-07-01 17:40:00,10,7,1,17,40,750,118,"221, RUE CHAMPIONNET",,,Plein jour,En agglomération,Intersection en Y,Normale,Autre collision,,,,,,,,,,,1,2,4,1.0,6.0
201000065316,0010-07-02 17:10:00,10,7,2,17,10,750,118,"71, RUE MARX DORMOY",,,Plein jour,En agglomération,Hors intersection,Pluie légère,Autre collision,,,,,,,,,,,1,2,1,2.0,6.0
201000065317,0010-07-05 19:50:00,10,7,5,19,50,750,118,RUE JEAN HENRI FABRE,,,Plein jour,En agglomération,Hors intersection,Normale,Autre collision,,,,,,,,,,,1,2,1,1.0,6.0
201000065318,0010-07-06 00:25:00,10,7,6,0,25,750,118,"58, BOULEVARD ORNANO",,,Nuit avec éclairage allumé,En agglomération,Hors intersection,Normale,Deux véhicules - arrière,,,,,,,,,,,5,2,1,1.0,2.0
201000065319,0010-07-06 14:40:00,10,7,6,14,40,750,118,"43, BOULEVARD ORNANO",,,Plein jour,En agglomération,Intersection en T,Normale,Deux véhicules - côté,,,,,,,,,,,1,2,3,1.0,3.0
201000065320,0010-07-06 15:15:00,10,7,6,15,15,750,118,"76, RUE DAMREMONT",,,Plein jour,En agglomération,Intersection à plus de 4 branches,Normale,Autre collision,,,,,,,,,,,1,2,5,1.0,6.0
201000065321,0010-07-07 08:45:00,10,7,7,8,45,750,118,"6, RUE ROBERT PLANQUETTE",,,Plein jour,En agglomération,Hors intersection,Normale,Autre collision,,,,,,,,,,,1,2,1,1.0,6.0
201000065322,0010-07-07 20:40:00,10,7,7,20,40,750,118,"53, RUE LEON",,,Plein jour,En agglomération,Intersection en X,Normale,Deux véhicules - côté,,,,,,,,,,,1,2,2,1.0,3.0
201000065323,0010-07-08 00:30:00,10,7,8,0,30,750,118,"221, RUE CHAMPIONNET",,,Nuit avec éclairage allumé,En agglomération,Hors intersection,Normale,Autre collision,,,,,,,,,,,5,2,1,1.0,6.0
201000065324,0010-07-08 16:10:00,10,7,8,16,10,750,118,"4, RUE ORDENER",,,Plein jour,En agglomération,Intersection en X,Normale,Autre collision,,,,,,,,,,,1,2,2,1.0,6.0
201000065325,0010-07-08 19:10:00,10,7,8,19,10,750,118,RUE ORDENER,,,Plein jour,En agglomération,Intersection à plus de 4 branches,Normale,Autre collision,,,,,,,,,,,1,2,5,1.0,6.0
201000065326,0010-07-08 20:27:00,10,7,8,20,27,750,118,"68, BOULEVARD DE ROCHECH",,,Plein jour,En agglomération,Hors intersection,Normale,Autre collision,,,,,,,,,,,1,2,1,1.0,6.0
201000065327,0010-07-08 21:30:00,10,7,8,21,30,750,118,"45, RUE LAMARCK",,,Plein jour,En agglomération,Intersection en T,Normale,Deux véhicules - côté,,,,,,,,,,,1,2,3,1.0,3.0
201000065328,0010-07-09 15:20:00,10,7,9,15,20,750,118,"102, BOULEVARD NEY",,,Plein jour,En agglomération,Intersection à plus de 4 branches,Normale,Deux véhicules - côté,,,,,,,,,,,1,2,5,1.0,3.0
201000065329,0010-07-10 07:15:00,10,7,10,7,15,750,118,"11, RUE FOREST",,,Crépuscule ou aube,En agglomération,Hors intersection,Normale,Autre collision,,,,,,,,,,,2,2,1,1.0,6.0
201000065330,0010-07-10 16:45:00,10,7,10,16,45,750,118,"26, BOULEVARD DE CLICHY",,,Plein jour,En agglomération,Intersection en T,Normale,Autre collision,,,,,,,,,,,1,2,3,1.0,6.0
201000065331,0010-07-12 13:00:00,10,7,12,13,0,750,118,"76, RUE MARX DORMOY",,,Plein jour,En agglomération,Hors intersection,Normale,Autre collision,,,,,,,,,,,1,2,1,1.0,6.0
201000065332,0010-07-12 13:10:00,10,7,12,13,10,750,118,"52, RUE MARX DORMOY",,,Plein jour,En agglomération,Hors intersection,Normale,Autre collision,,,,,,,,,,,1,2,1,1.0,6.0
201000065333,0010-07-12 16:25:00,10,7,12,16,25,750,118,AVENUE DE LA PORTE DES P,,,Plein jour,En agglomération,Hors intersection,Normale,Deux véhicules - côté,,,,,,,,,,,1,2,1,1.0,3.0
201000065334,0010-07-13 04:30:00,10,7,13,4,30,750,118,"17, BOULEVARD NEY",,,Nuit avec éclairage allumé,En agglomération,Hors intersection,Normale,Deux véhicules - arrière,,,,,,,,,,,5,2,1,1.0,2.0
201000065335,0010-07-13 09:05:00,10,7,13,9,5,750,118,"15, RUE SIMART",,,Plein jour,En agglomération,Intersection à plus de 4 branches,Normale,Autre collision,,,,,,,,,,,1,2,5,1.0,6.0
201000065336,0010-07-13 10:50:00,10,7,13,10,50,750,118,"32, BOULEVARD DE LA CHAP",,,Plein jour,En agglomération,Intersection à plus de 4 branches,Normale,Autre collision,,,,,,,,,,,1,2,5,1.0,6.0
201000065337,0010-07-16 09:00:00,10,7,16,9,0,750,118,"14, RUE SIMART",,,Plein jour,En agglomération,Hors intersection,Normale,Autre collision,,,,,,,,,,,1,2,1,1.0,6.0
201000065338,0010-07-16 10:45:00,10,7,16,10,45,750,118,"63, RUE DE LA CHAPELLE",,,Plein jour,En agglomération,Hors intersection,Normale,Autre collision,,,,,,,,,,,1,2,1,1.0,6.0
201000065339,0010-07-16 16:20:00,10,7,16,16,20,750,118,PORTE D AUBERVILLIERS,,,Plein jour,En agglomération,Hors intersection,Normale,Autre collision,,,,,,,,,,,1,2,1,1.0,6.0
201000065340,0010-07-20 15:15:00,10,7,20,15,15,750,118,RUE ORDENER,,,Plein jour,En agglomération,Intersection en X,Normale,Deux véhicules - arrière,,,,,,,,,,,1,2,2,1.0,2.0
201000065341,0010-07-21 11:50:00,10,7,21,11,50,750,118,"121, RUE ORDENER",,,Plein jour,En agglomération,Intersection en X,Normale,Autre collision,,,,,,,,,,,1,2,2,1.0,6.0
201000065342,0010-07-21 19:15:00,10,7,21,19,15,750,118,RUE LEON,,,Plein jour,En agglomération,Intersection en X,Pluie légère,Deux véhicules - côté,,,,,,,,,,,1,2,2,2.0,3.0
201000065343,0010-07-22 11:10:00,10,7,22,11,10,750,118,"78, BOULEVARD BARBES",,,Plein jour,En agglomération,Intersection à plus de 4 branches,Normale,Deux véhicules - côté,,,,,,,,,,,1,2,5,1.0,3.0
201000065344,0010-07-22 18:30:00,10,7,22,18,30,750,118,"48bis, RUE D ORSEL",,,Plein jour,En agglomération,Hors intersection,Normale,Autre collision,,,,,,,,,,,1,2,1,1.0,6.0
201000065345,0010-07-24 20:15:00,10,7,24,20,15,750,118,"46, RUE DU RUISSEAU",,,Plein jour,En agglomération,Intersection en X,Normale,Sans collision,,,,,,,,,,,1,2,2,1.0,7.0
201000065346,0010-07-25 00:25:00,10,7,25,0,25,750,118,"2, RUE NEUVE DE LA CHARD",,,Nuit avec éclairage allumé,En agglomération,Intersection en T,Normale,Autre collision,,,,,,,,,,,5,2,3,1.0,6.0
201000065347,0010-07-26 00:40:00,10,7,26,0,40,750,118,"175, RUE MARCADET",,,Nuit avec éclairage allumé,En agglomération,Hors intersection,Normale,Deux véhicules - côté,,,,,,,,,,,5,2,1,1.0,3.0
201000065348,0010-07-26 11:45:00,10,7,26,11,45,750,118,"11, RUE DES ISLETTES",,,Plein jour,En agglomération,Hors intersection,Normale,Autre collision,,,,,,,,,,,1,2,1,1.0,6.0
201000065349,0010-07-26 18:15:00,10,7,26,18,15,750,118,"5, RUE D AUBERVILLIERS",,,Plein jour,En agglomération,Hors intersection,Normale,Deux véhicules - côté,,,,,,,,,,,1,2,1,1.0,3.0
201000065350,0010-07-29 07:15:00,10,7,29,7,15,750,118,"5, AVENUE DE LA PORTE D",,,Crépuscule ou aube,En agglomération,Hors intersection,Normale,Autre collision,,,,,,,,,,,2,2,1,1.0,6.0
201000065351,0010-07-29 12:15:00,10,7,29,12,15,750,118,"233, RUE CHAMPIONNET",,,Plein jour,En agglomération,Intersection à plus de 4 branches,Normale,Autre collision,,,,,,,,,,,1,2,5,1.0,6.0
201000065352,0010-07-29 15:10:00,10,7,29,15,10,750,118,"51, RUE DE LA CHAPELLE",,,Plein jour,En agglomération,Hors intersection,Normale,Sans collision,,,,,,,,,,,1,2,1,1.0,7.0
201000065353,0010-08-01 19:40:00,10,8,1,19,40,750,118,"37, BOULEVARD ORNANO",,,Plein jour,En agglomération,Hors intersection,Normale,Trois véhicules et plus - en chaîne,,,,,,,,,,,1,2,1,1.0,4.0
201000065354,0010-08-03 13:35:00,10,8,3,13,35,750,118,"0, RUE ORDENER",,,Plein jour,En agglomération,Hors intersection,Normale,Trois véhicules et plus - en chaîne,,,,,,,,,,,1,2,1,1.0,4.0
201000065355,0010-08-06 11:55:00,10,8,6,11,55,750,118,"28, RUE EUGENE CARRIERE",,,Plein jour,En agglomération,Intersection en X,Normale,Deux véhicules - côté,,,,,,,,,,,1,2,2,1.0,3.0
201000065356,0010-08-06 16:50:00,10,8,6,16,50,750,118,"29, RUE DU DEPARTEMENT",,,Plein jour,En agglomération,Hors intersection,Normale,Autre collision,,,,,,,,,,,1,2,1,1.0,6.0
201000065357,0010-08-06 18:20:00,10,8,6,18,20,750,118,"12, BOULEVARD BARBES",,,Plein jour,En agglomération,Hors intersection,Normale,Deux véhicules - côté,,,,,,,,,,,1,2,1,1.0,3.0
201000065358,0010-08-07 17:15:00,10,8,7,17,15,750,118,"13, AVENUE DE LA PORTE D",,,Plein jour,En agglomération,Hors intersection,Normale,Autre collision,,,,,,,,,,,1,2,1,1.0,6.0
201000065359,0010-08-09 06:05:00,10,8,9,6,5,750,118,"100, RUE DE LA CHAPELLE",,,Plein jour,En agglomération,Hors intersection,Normale,Autre collision,,,,,,,,,,,1,2,1,1.0,6.0
201000065360,0010-08-09 18:25:00,10,8,9,18,25,750,118,"10, RUE DE LA CHAPELLE",,,Plein jour,En agglomération,Intersection en Y,Normale,Autre collision,,,,,,,,,,,1,2,4,1.0,6.0
201000065361,0010-08-14 17:00:00,10,8,14,17,0,750,118,"77, BOULEVARD BARBES",,,Plein jour,En agglomération,Intersection à plus de 4 branches,Normale,Autre collision,,,,,,,,,,,1,2,5,1.0,6.0
201000065362,0010-08-15 09:57:00,10,8,15,9,57,750,118,"8, BOULEVARD BARBES",,,Plein jour,En agglomération,Hors intersection,Pluie légère,Autre collision,,,,,,,,,,,1,2,1,2.0,6.0
201000065363,0010-08-17 14:20:00,10,8,17,14,20,750,118,AVENUE DE LA PORTE DES P,,,Plein jour,En agglomération,Intersection en T,Normale,Deux véhicules - côté,,,,,,,,,,,1,2,3,1.0,3.0
201000065364,0010-08-19 18:50:00,10,8,19,18,50,750,118,"50, RUE RENE BINET",,,Plein jour,En agglomération,Hors intersection,Normale,Autre collision,,,,,,,,,,,1,2,1,1.0,6.0
201000065365,0010-08-20 09:40:00,10,8,20,9,40,750,118,"21, RUE VAUVENARGUES",,,Plein jour,En agglomération,Hors intersection,Normale,Deux véhicules - côté,,,,,,,,,,,1,2,1,1.0,3.0
201000065366,0010-08-20 14:10:00,10,8,20,14,10,750,118,"53bis, RUE MARX DORMOY",,,Plein jour,En agglomération,Hors intersection,Normale,Deux véhicules - côté,,,,,,,,,,,1,2,1,1.0,3.0
201000065367,0010-08-21 19:15:00,10,8,21,19,15,750,118,"35, RUE DE TORCY",,,Plein jour,En agglomération,Hors intersection,Normale,Autre collision,,,,,,,,,,,1,2,1,1.0,6.0
201000065368,0010-08-22 19:30:00,10,8,22,19,30,750,118,RUE LETORT,,,Plein jour,En agglomération,Hors intersection,Normale,Autre collision,,,,,,,,,,,1,2,1,1.0,6.0
201000065369,0010-08-24 16:40:00,10,8,24,16,40,750,118,"107, RUE DAMREMONT",,,Plein jour,En agglomération,Hors intersection,Normale,Autre collision,,,,,,,,,,,1,2,1,1.0,6.0
201000065370,0010-08-24 17:50:00,10,8,24,17,50,750,118,"2, RUE CUSTINE",,,Plein jour,En agglomération,Intersection à plus de 4 branches,Normale,Deux véhicules - côté,,,,,,,,,,,1,2,5,1.0,3.0
201000065371,0010-08-25 19:45:00,10,8,25,19,45,750,118,"75, RUE ORDENER",,,Plein jour,En agglomération,Hors intersection,Normale,Autre collision,,,,,,,,,,,1,2,1,1.0,6.0
201000065372,0010-08-28 19:40:00,10,8,28,19,40,750,118,"43, BOULEVARD BARBES",,,Plein jour,En agglomération,Intersection en X,Normale,Deux véhicules - côté,,,,,,,,,,,1,2,2,1.0,3.0
201000065373,0010-08-30 15:40:00,10,8,30,15,40,750,117,AVENUE DE SAINT OUEN,,,Plein jour,En agglomération,Intersection à plus de 4 branches,Normale,Autre collision,,,,,,,,,,,1,2,5,1.0,6.0
201000065374,0010-08-30 20:15:00,10,8,30,20,15,750,118,"61, RUE DOUDEAUVILLE",,,Plein jour,En agglomération,Hors intersection,Normale,Autre collision,,,,,,,,,,,1,2,1,1.0,6.0
201000065375,0010-08-31 23:05:00,10,8,31,23,5,750,118,"46, RUE CUSTINE",,,Nuit avec éclairage allumé,En agglomération,Intersection à plus de 4 branches,Normale,Deux véhicules - côté,,,,,,,,,,,5,2,5,1.0,3.0
201000065376,0010-09-01 09:40:00,10,9,1,9,40,750,118,"78bis, RUE JOSEPH DE MAI",,,Plein jour,En agglomération,Hors intersection,Normale,Deux véhicules - côté,,,,,,,,,,,1,2,1,1.0,3.0
201000065377,0010-09-02 12:55:00,10,9,2,12,55,750,118,"92, BOULEVARD NEY",,,Plein jour,En agglomération,Hors intersection,Normale,Autre collision,,,,,,,,,,,1,2,1,1.0,6.0
201000065378,0010-09-03 14:50:00,10,9,3,14,50,750,118,"04, BOULEVARD DE ROCHECH",,,Plein jour,En agglomération,Hors intersection,Normale,Autre collision,,,,,,,,,,,1,2,1,1.0,6.0
201000065379,0010-09-04 17:10:00,10,9,4,17,10,750,118,RUE ORDENER,,,Plein jour,En agglomération,Intersection en X,Normale,Autre collision,,,,,,,,,,,1,2,2,1.0,6.0
201000065380,0010-09-03 23:00:00,10,9,3,23,0,750,118,PLACE PAUL ELUARD,,,Nuit avec éclairage allumé,En agglomération,Intersection en T,Normale,Autre collision,,,,,,,,,,,5,2,3,1.0,6.0
201000065381,0010-09-05 01:50:00,10,9,5,1,50,750,118,RUE DUC,,,Nuit avec éclairage allumé,En agglomération,Intersection en X,Normale,Deux véhicules - côté,,,,,,,,,,,5,2,2,1.0,3.0
201000065382,0010-09-05 00:45:00,10,9,5,0,45,750,118,"98, BOULEVARD DE CLICHY",,,Nuit avec éclairage allumé,En agglomération,Hors intersection,Normale,Deux véhicules - côté,,,,,,,,,,,5,2,1,1.0,3.0
201000065383,0010-09-05 14:40:00,10,9,5,14,40,750,118,"50, BOULEVARD BARBES",,,Plein jour,En agglomération,Hors intersection,Normale,Deux véhicules - arrière,,,,,,,,,,,1,2,1,1.0,2.0
201000065384,0010-09-06 13:00:00,10,9,6,13,0,750,118,RUE ORDENER,,,Plein jour,En agglomération,Intersection en T,Normale,Deux véhicules - côté,,,,,,,,,,,1,2,3,1.0,3.0
201000065385,0010-09-07 12:10:00,10,9,7,12,10,750,118,"46, BOULEVARD DE ROCHECH",,,Plein jour,En agglomération,Hors intersection,Normale,Autre collision,,,,,,,,,,,1,2,1,1.0,6.0
201000065386,0010-09-07 19:30:00,10,9,7,19,30,750,118,BOULEVARD PERIPHERIQUE E,,,Crépuscule ou aube,En agglomération,Hors intersection,Normale,Trois véhicules et plus - en chaîne,,,,,,,,,,,2,2,1,1.0,4.0
201000065387,0010-09-10 07:40:00,10,9,10,7,40,750,118,"175 bis, RUE CHAMPIONNET",,,Plein jour,En agglomération,Hors intersection,Normale,Deux véhicules - frontale,,,,,,,,,,,1,2,1,1.0,1.0
201000065388,0010-09-08 20:15:00,10,9,8,20,15,750,118,"137, RUE DE CLIGNANCOURT",,,Crépuscule ou aube,En agglomération,Intersection en X,Normale,Autre collision,,,,,,,,,,,2,2,2,1.0,6.0
201000065389,0010-09-11 21:40:00,10,9,11,21,40,750,118,"81, BOULEVARD ORNANO",,,Nuit avec éclairage allumé,En agglomération,Intersection à plus de 4 branches,Normale,Autre collision,,,,,,,,,,,5,2,5,1.0,6.0
201000065390,0010-09-13 14:40:00,10,9,13,14,40,750,118,"54, RUE DE L EVANGILE",,,Plein jour,En agglomération,Hors intersection,Normale,Autre collision,,,,,,,,,,,1,2,1,1.0,6.0
201000065391,0010-09-10 08:50:00,10,9,10,8,50,750,118,BOULEVARD NEY,,,Plein jour,En agglomération,Intersection en X,Normale,Autre collision,,,,,,,,,,,1,2,2,1.0,6.0
201000065392,0010-09-14 18:45:00,10,9,14,18,45,750,118,"136, RUE LAMARCK",,,Plein jour,En agglomération,Hors intersection,Normale,Autre collision,,,,,,,,,,,1,2,1,1.0,6.0
201000065393,0010-09-15 08:30:00,10,9,15,8,30,750,118,"46, RUE STEPHENSON",,,Plein jour,En agglomération,Intersection en T,Pluie légère,Sans collision,,,,,,,,,,,1,2,3,2.0,7.0
201000065394,0010-09-15 15:30:00,10,9,15,15,30,750,118,"36, BOULEVARD ORNANO",,,Plein jour,En agglomération,Hors intersection,Normale,Autre collision,,,,,,,,,,,1,2,1,1.0,6.0
201000065395,0010-09-15 15:45:00,10,9,15,15,45,750,118,"24, RUE PAJOL",,,Plein jour,En agglomération,Intersection en X,Normale,Autre collision,,,,,,,,,,,1,2,2,1.0,6.0
201000065396,0010-09-16 01:00:00,10,9,16,1,0,750,118,"88, BOULEVARD NEY",,,Nuit avec éclairage allumé,En agglomération,Hors intersection,Normale,Deux véhicules - côté,,,,,,,,,,,5,2,1,1.0,3.0
201000065397,0010-09-16 08:30:00,10,9,16,8,30,750,118,"27, BOULEVARD NEY",,,Plein jour,En agglomération,Hors intersection,Normale,Trois véhicules et plus - en chaîne,,,,,,,,,,,1,2,1,1.0,4.0
201000065398,0010-09-17 14:00:00,10,9,17,14,0,750,118,"20, BOULEVARD DE LA CHAP",,,Plein jour,En agglomération,Intersection en X,Normale,Sans collision,,,,,,,,,,,1,2,2,1.0,7.0
201000065399,0010-09-18 16:07:00,10,9,18,16,7,750,118,"172, RUE CHAMPIONNET",,,Plein jour,En agglomération,Intersection en Y,Normale,Autre collision,,,,,,,,,,,1,2,4,1.0,6.0
201000065400,0010-09-20 09:25:00,10,9,20,9,25,750,118,"30, BOULEVARD DE LA CHAP",,,Plein jour,En agglomération,Intersection en X,Normale,Autre collision,,,,,,,,,,,1,2,2,1.0,6.0
201000065401,0010-09-21 17:50:00,10,9,21,17,50,750,118,"177, RUE ORDENER",,,Plein jour,En agglomération,Intersection en X,Normale,Deux véhicules - frontale,,,,,,,,,,,1,2,2,1.0,1.0
201000065402,0010-09-22 09:00:00,10,9,22,9,0,750,118,"7, RUE YVONNE LE TAC",,,Plein jour,En agglomération,Hors intersection,Normale,Autre collision,,,,,,,,,,,1,2,1,1.0,6.0
201000065403,0010-09-22 14:15:00,10,9,22,14,15,750,118,"5, RUE MARX DORMOY",,,Crépuscule ou aube,En agglomération,Intersection à plus de 4 branches,Normale,Autre collision,,,,,,,,,,,2,2,5,1.0,6.0
201000065404,0010-09-22 14:35:00,10,9,22,14,35,750,118,"151, RUE LAMARCK",,,Plein jour,En agglomération,Intersection à plus de 4 branches,Normale,Deux véhicules - côté,,,,,,,,,,,1,2,5,1.0,3.0
201000065405,0010-09-24 08:30:00,10,9,24,8,30,750,118,"52, AVENUE DE CLICHY",,,Plein jour,En agglomération,Intersection en X,Pluie légère,Deux véhicules - frontale,,,,,,,,,,,1,2,2,2.0,1.0
201000065406,0010-09-24 17:25:00,10,9,24,17,25,750,118,BOULEVARD DE LA CHAPELLE,,,Plein jour,En agglomération,Intersection en X,Pluie légère,Deux véhicules - côté,,,,,,,,,,,1,2,2,2.0,3.0
201000065407,0010-09-26 00:10:00,10,9,26,0,10,750,118,"36, AVENUE DE LA PORTE D",,,Nuit avec éclairage allumé,En agglomération,Hors intersection,Pluie légère,Autre collision,,,,,,,,,,,5,2,1,2.0,6.0
201000065408,0010-09-26 15:50:00,10,9,26,15,50,750,118,"13, RUE STEPHENSON",,,Plein jour,En agglomération,Intersection en X,Pluie légère,Deux véhicules - côté,,,,,,,,,,,1,2,2,2.0,3.0