accident_id,datetime,annee,mois,jour,heure,minute,departement,commune_insee,adresse,latitude,longitude,luminosite,agglomeration,intersection,meteo,collision,nb_vehicules,nb_usagers,nb_indemnes,nb_tues,nb_blesses_hosp,nb_blesses_legers,age_cond_1,age_cond_2,veh_type_cond_1,veh_type_cond_2,lum_code,agg_code,int_code,atm_code,col_code
201000065409,0010-09-27 03:50:00,10,9,27,3,50,750,118,RUE DU RUISSEAU,,,Nuit avec éclairage allumé,En agglomération,Intersection en X,Pluie légère,Deux véhicules - côté,,,,,,,,,,,5,2,2,2.0,3.0
201000065410,0010-09-29 19:30:00,10,9,29,19,30,750,118,"152, AVENUE DE LA PORTE",,,Nuit avec éclairage allumé,En agglomération,Hors intersection,Normale,Deux véhicules - côté,,,,,,,,,,,5,2,1,1.0,3.0
201000065411,0010-09-30 13:25:00,10,9,30,13,25,750,118,"24, RUE MARC SEGUIN",,,Plein jour,En agglomération,Intersection à plus de 4 branches,Normale,Autre collision,,,,,,,,,,,1,2,5,1.0,6.0
201000065412,0010-09-30 13:55:00,10,9,30,13,55,750,118,"12, RUE CARPEAUX",,,Plein jour,En agglomération,Hors intersection,Normale,Deux véhicules - côté,,,,,,,,,,,1,2,1,1.0,3.0
201000065413,0010-10-01 12:18:00,10,10,1,12,18,750,118,"91, RUE DE LA CHAPELLE",,,Plein jour,En agglomération,Hors intersection,Normale,Deux véhicules - arrière,,,,,,,,,,,1,2,1,1.0,2.0
201000065414,0010-10-01 16:00:00,10,10,1,16,0,750,118,"13-15, BOULEVARD BARBES",,,Plein jour,En agglomération,Intersection à plus de 4 branches,Pluie légère,Autre collision,,,,,,,,,,,1,2,5,2.0,6.0
201000065415,0010-10-02 13:20:00,10,10,2,13,20,750,118,"79, BOULEVARD ORNANO",,,Plein jour,En agglomération,Intersection en X,Pluie légère,Sans collision,,,,,,,,,,,1,2,2,2.0,7.0
201000065416,0010-10-03 12:07:00,10,10,3,12,7,750,118,"60, BOULEVARD DE LA CHAP",,,Plein jour,En agglomération,Intersection en Y,Normale,Deux véhicules - arrière,,,,,,,,,,,1,2,4,1.0,2.0
201000065417,0010-10-05 10:50:00,10,10,5,10,50,750,118,BOULEVARD NEY,,,Plein jour,En agglomération,Intersection en T,Pluie légère,Deux véhicules - côté,,,,,,,,,,,1,2,3,2.0,3.0
201000065418,0010-10-06 14:35:00,10,10,6,14,35,750,118,"22, PLACE DE LA CHAPELLE",,,Plein jour,En agglomération,Intersection en X,Normale,Autre collision,,,,,,,,,,,1,2,2,1.0,6.0
201000065419,0010-10-06 20:15:00,10,10,6,20,15,750,118,BOULEVARD DE LA CHAPELLE,,,Nuit avec éclairage allumé,En agglomération,Intersection en X,Pluie légère,Deux véhicules - arrière,,,,,,,,,,,5,2,2,2.0,2.0
201000065420,0010-10-09 21:40:00,10,10,9,21,40,750,118,"41, RUE DE LA CHAPELLE",,,Nuit avec éclairage allumé,En agglomération,Intersection en T,Normale,Deux véhicules - côté,,,,,,,,,,,5,2,3,1.0,3.0
201000065421,0010-10-10 07:00:00,10,10,10,7,0,750,118,"78, BOULEVARD BARBES",,,Nuit avec éclairage allumé,En agglomération,Intersection à plus de 4 branches,Normale,Autre collision,,,,,,,,,,,5,2,5,1.0,6.0
201000065422,0010-10-10 12:05:00,10,10,10,12,5,750,118,"1, RUE FOREST",,,Plein jour,En agglomération,Intersection à plus de 4 branches,Normale,Autre collision,,,,,,,,,,,1,2,5,1.0,6.0
201000065423,0010-10-11 08:40:00,10,10,11,8,40,750,118,"65, BOULEVARD ORNANO",,,Plein jour,En agglomération,Hors intersection,Normale,Autre collision,,,,,,,,,,,1,2,1,1.0,6.0
201000065424,0010-10-13 10:25:00,10,10,13,10,25,750,118,"35, RUE VAUVENARGUES",,,Plein jour,En agglomération,Intersection en T,Normale,Deux véhicules - frontale,,,,,,,,,,,1,2,3,1.0,1.0
201000065425,0010-10-14 09:40:00,10,10,14,9,40,750,118,"44, RUE DE LA CHAPELLE",,,Plein jour,En agglomération,Intersection en T,Normale,Autre collision,,,,,,,,,,,1,2,3,1.0,6.0
201000065426,0010-10-14 16:55:00,10,10,14,16,55,750,118,"80 bis, BOULEVARD ORNANO",,,Plein jour,En agglomération,Hors intersection,Normale,Autre collision,,,,,,,,,,,1,2,1,1.0,6.0
201000065427,0010-10-14 18:10:00,10,10,14,18,10,750,118,"78, BOULEVARD ORNANO",,,Plein jour,En agglomération,Hors intersection,Normale,Deux véhicules - arrière,,,,,,,,,,,1,2,1,1.0,2.0
201000065428,0010-10-15 20:30:00,10,10,15,20,30,750,118,"119, RUE CHAMPIONNET",,,Nuit avec éclairage allumé,En agglomération,Hors intersection,Pluie légère,Deux véhicules - frontale,,,,,,,,,,,5,2,1,2.0,1.0
201000065429,0010-10-19 15:55:00,10,10,19,15,55,750,118,"22, BOULEVARD BARBES",,,Plein jour,En agglomération,Intersection à plus de 4 branches,Temps couvert,Autre collision,,,,,,,,,,,1,2,5,8.0,6.0
201000065430,0010-10-21 20:15:00,10,10,21,20,15,750,118,"128 BIS, BOULEVARD DE CL",,,Nuit avec éclairage allumé,En agglomération,Intersection à plus de 4 branches,Normale,Deux véhicules - côté,,,,,,,,,,,5,2,5,1.0,3.0
201000065431,0010-10-23 09:10:00,10,10,23,9,10,750,118,BOULEVARD NEY,,,Plein jour,En agglomération,Intersection à plus de 4 branches,Normale,Deux véhicules - côté,,,,,,,,,,,1,2,5,1.0,3.0
201000065432,0010-10-24 11:20:00,10,10,24,11,20,750,118,SOUTERRAIN CLIGNANCOURT,,,Plein jour,En agglomération,Hors intersection,Normale,Sans collision,,,,,,,,,,,1,2,1,1.0,7.0
201000065433,0010-10-25 08:10:00,10,10,25,8,10,750,118,"22, RUE PAJOL",,,Crépuscule ou aube,En agglomération,Hors intersection,Normale,Sans collision,,,,,,,,,,,2,2,1,1.0,7.0
201000065434,0010-10-26 08:40:00,10,10,26,8,40,750,118,"84, BOULEVARD NEY",,,Plein jour,En agglomération,Hors intersection,Normale,Autre collision,,,,,,,,,,,1,2,1,1.0,6.0
201000065435,0010-10-26 09:10:00,10,10,26,9,10,750,118,"68, BOULEVARD DE ROCHECH",,,Plein jour,En agglomération,Intersection en X,Normale,Sans collision,,,,,,,,,,,1,2,2,1.0,7.0
201000065436,0010-10-26 17:35:00,10,10,26,17,35,750,118,"63 bis, RUE RAMEY",,,Plein jour,En agglomération,Intersection à plus de 4 branches,Normale,Deux véhicules - côté,,,,,,,,,,,1,2,5,1.0,3.0
201000065437,0010-10-28 15:15:00,10,10,28,15,15,750,118,"110, AVENUE DE SAINT OUE",,,Plein jour,En agglomération,Hors intersection,Normale,Trois véhicules et plus - collisions multiples,,,,,,,,,,,1,2,1,1.0,5.0
201000065438,0010-10-30 16:05:00,10,10,30,16,5,750,118,"53, RUE CAULAINCOURT",,,Plein jour,En agglomération,Hors intersection,Normale,Deux véhicules - côté,,,,,,,,,,,1,2,1,1.0,3.0
201000065439,0010-10-30 17:30:00,10,10,30,17,30,750,118,"10, RUE CAULAINCOURT",,,Plein jour,En agglomération,Hors intersection,Normale,Autre collision,,,,,,,,,,,1,2,1,1.0,6.0
201000065440,0010-10-30 18:40:00,10,10,30,18,40,750,118,"72, BOULEVARD DE CLICHY",,,Nuit avec éclairage allumé,En agglomération,Hors intersection,Normale,Autre collision,,,,,,,,,,,5,2,1,1.0,6.0
201000065441,0010-10-30 05:45:00,10,10,30,5,45,750,118,"83, AVENUE DE LA PORTE D",,,Nuit sans éclairage public,En agglomération,Intersection en Y,Pluie légère,Autre collision,,,,,,,,,,,3,2,4,2.0,6.0
201000065442,0010-10-31 05:20:00,10,10,31,5,20,750,118,"79, BOULEVARD BARBES",,,Nuit avec éclairage allumé,En agglomération,Intersection à plus de 4 branches,Pluie légère,Deux véhicules - frontale,,,,,,,,,,,5,2,5,2.0,1.0
201000065443,0010-11-02 10:55:00,10,11,2,10,55,750,118,"70-72, BOULEVARD NEY",,,Plein jour,En agglomération,Hors intersection,Normale,Deux véhicules - arrière,,,,,,,,,,,1,2,1,1.0,2.0
201000065444,0010-11-05 07:50:00,10,11,5,7,50,750,118,"102, RUE DAMREMONT",,,Plein jour,En agglomération,Intersection à plus de 4 branches,Normale,Autre collision,,,,,,,,,,,1,2,5,1.0,6.0
201000065445,0010-11-05 12:45:00,10,11,5,12,45,750,118,"13, RUE DES CLOYS",,,Plein jour,En agglomération,Intersection en X,Normale,Deux véhicules - côté,,,,,,,,,,,1,2,2,1.0,3.0
201000065446,0010-11-05 13:30:00,10,11,5,13,30,750,118,BOULEVARD NEY,,,Plein jour,En agglomération,Intersection en Y,Temps couvert,Autre collision,,,,,,,,,,,1,2,4,8.0,6.0
201000065447,0010-11-08 19:40:00,10,11,8,19,40,750,118,"14, RUE FRANCOEUR",,,Crépuscule ou aube,En agglomération,Hors intersection,Pluie légère,Sans collision,,,,,,,,,,,2,2,1,2.0,7.0
201000065448,0010-11-08 21:20:00,10,11,8,21,20,750,118,"62, RUE DE LA CHAPELLE",,,Crépuscule ou aube,En agglomération,Intersection à plus de 4 branches,Pluie légère,Autre collision,,,,,,,,,,,2,2,5,2.0,6.0
201000065449,0010-11-09 17:45:00,10,11,9,17,45,750,118,"55, RUE PAJOL",,,Nuit avec éclairage allumé,En agglomération,Hors intersection,Pluie légère,Autre collision,,,,,,,,,,,5,2,1,2.0,6.0
201000065450,0010-11-10 13:20:00,10,11,10,13,20,750,118,"0, PLACE DE CLICHY",,,Plein jour,En agglomération,Intersection à plus de 4 branches,Normale,Deux véhicules - côté,,,,,,,,,,,1,2,5,1.0,3.0
201000065451,0010-11-10 19:30:00,10,11,10,19,30,750,118,"84, BOULEVARD NEY",,,Nuit avec éclairage allumé,En agglomération,Hors intersection,Normale,Deux véhicules - côté,,,,,,,,,,,5,2,1,1.0,3.0
201000065452,0010-11-11 20:00:00,10,11,11,20,0,750,118,"2, AVENUE DE CLICHY",,,Nuit avec éclairage allumé,En agglomération,Place,Pluie légère,Autre collision,,,,,,,,,,,5,2,7,2.0,6.0
201000065453,0010-11-12 12:00:00,10,11,12,12,0,750,118,RUE HERMEL,,,Plein jour,En agglomération,Intersection en T,Temps couvert,Deux véhicules - côté,,,,,,,,,,,1,2,3,8.0,3.0
201000065454,0010-11-13 20:15:00,10,11,13,20,15,750,118,"72, BOULEVARD NEY",,,Nuit sans éclairage public,En agglomération,Hors intersection,Pluie légère,Autre collision,,,,,,,,,,,3,2,1,2.0,6.0
201000065455,0010-11-14 02:45:00,10,11,14,2,45,750,118,BOULEVARD ORNANO,,,Nuit avec éclairage allumé,En agglomération,Intersection en X,Pluie légère,Deux véhicules - côté,,,,,,,,,,,5,2,2,2.0,3.0
201000065456,0010-11-14 06:20:00,10,11,14,6,20,750,118,"63, RUE DE LA CHAPELLE",,,Nuit avec éclairage allumé,En agglomération,Hors intersection,Pluie légère,Autre collision,,,,,,,,,,,5,2,1,2.0,6.0
201000065457,0010-11-15 13:00:00,10,11,15,13,0,750,118,"angle, RUE LAMARCK",,,Plein jour,En agglomération,Intersection en X,Normale,Autre collision,,,,,,,,,,,1,2,2,1.0,6.0
201000065458,0010-11-16 20:00:00,10,11,16,20,0,750,118,"38, RUE CUSTINE",,,Nuit avec éclairage allumé,En agglomération,Intersection à plus de 4 branches,Normale,Deux véhicules - frontale,,,,,,,,,,,5,2,5,1.0,1.0
201000065459,0010-11-17 14:15:00,10,11,17,14,15,750,118,"124, BOULEVARD DE LA CHA",,,Plein jour,En agglomération,Hors intersection,Normale,Autre collision,,,,,,,,,,,1,2,1,1.0,6.0
201000065460,0010-11-18 17:25:00,10,11,18,17,25,750,118,"77, RUE RIQUET",,,Nuit avec éclairage allumé,En agglomération,Hors intersection,Normale,Autre collision,,,,,,,,,,,5,2,1,1.0,6.0
201000065461,0010-11-20 13:45:00,10,11,20,13,45,750,118,"243, RUE MARCADET",,,Plein jour,En agglomération,Intersection en T,Normale,Autre collision,,,,,,,,,,,1,2,3,1.0,6.0
201000065462,0010-11-21 19:20:00,10,11,21,19,20,750,118,"86, BOULEVARD BARBES",,,Nuit avec éclairage allumé,En agglomération,Intersection en X,Pluie légère,Autre collision,,,,,,,,,,,5,2,2,2.0,6.0
201000065463,0010-11-22 23:30:00,10,11,22,23,30,750,118,AVENUE DE LA PORTE DE CL,,,Nuit avec éclairage allumé,En agglomération,Intersection en T,Normale,Deux véhicules - côté,,,,,,,,,,,5,2,3,1.0,3.0
201000065464,0010-11-23 19:00:00,10,11,23,19,0,750,118,"180, RUE ORDENER",,,Nuit avec éclairage allumé,En agglomération,Hors intersection,Normale,Deux véhicules - frontale,,,,,,,,,,,5,2,1,1.0,1.0
201000065465,0010-11-25 13:00:00,10,11,25,13,0,750,118,"150, RUE DAMREMONT",,,Plein jour,En agglomération,Intersection à plus de 4 branches,Normale,Deux véhicules - arrière,,,,,,,,,,,1,2,5,1.0,2.0
201000065466,0010-11-25 13:00:00,10,11,25,13,0,750,118,"41, RUE ORDENER",,,Plein jour,En agglomération,Intersection en T,Temps couvert,Deux véhicules - côté,,,,,,,,,,,1,2,3,8.0,3.0
201000065467,0010-11-29 06:20:00,10,11,29,6,20,750,118,RUE RIQUET,,,Nuit avec éclairage allumé,En agglomération,Intersection en X,Neige / grêle,Deux véhicules - côté,,,,,,,,,,,5,2,2,4.0,3.0
201000065468,0010-11-29 20:30:00,10,11,29,20,30,750,118,"33, BOULEVARD BARBES",,,Nuit avec éclairage allumé,En agglomération,Hors intersection,Normale,Autre collision,,,,,,,,,,,5,2,1,1.0,6.0
201000065469,0010-11-30 00:05:00,10,11,30,0,5,750,118,BOULEVARD NEY,,,Nuit avec éclairage non allumé,En agglomération,Intersection à plus de 4 branches,Normale,Deux véhicules - côté,,,,,,,,,,,4,2,5,1.0,3.0
201000065470,0010-12-01 09:15:00,10,12,1,9,15,750,118,"64, RUE MARX DORMOY",,,Plein jour,En agglomération,Hors intersection,Normale,Autre collision,,,,,,,,,,,1,2,1,1.0,6.0
201000065471,0010-12-02 13:15:00,10,12,2,13,15,750,118,PLACE ALBERT KAHN,,,Plein jour,En agglomération,Intersection à plus de 4 branches,Normale,Autre collision,,,,,,,,,,,1,2,5,1.0,6.0
201000065472,0010-12-03 14:30:00,10,12,3,14,30,750,118,"62, RUE DAMREMONT",,,Plein jour,En agglomération,Hors intersection,Normale,Autre collision,,,,,,,,,,,1,2,1,1.0,6.0
201000065473,0010-12-06 19:11:00,10,12,6,19,11,750,118,"17, RUE LETORT",,,Nuit avec éclairage allumé,En agglomération,Hors intersection,Normale,Autre collision,,,,,,,,,,,5,2,1,1.0,6.0
201000065474,0010-12-06 19:30:00,10,12,6,19,30,750,118,BOULEVARD BARBES,,,Nuit avec éclairage allumé,En agglomération,Intersection en X,Normale,Deux véhicules - côté,,,,,,,,,,,5,2,2,1.0,3.0
201000065475,0010-12-07 07:10:00,10,12,7,7,10,750,118,"22, AVENUE DE LA PORTE D",,,Nuit avec éclairage allumé,En agglomération,Intersection en X,Normale,Deux véhicules - côté,,,,,,,,,,,5,2,2,1.0,3.0
201000065476,0010-12-12 22:50:00,10,12,12,22,50,750,118,"71, RUE ORDENER",,,Nuit sans éclairage public,En agglomération,Hors intersection,Normale,Autre collision,,,,,,,,,,,3,2,1,1.0,6.0
201000065477,0010-12-13 19:45:00,10,12,13,19,45,750,118,"1, AVENUE DE LA PORTE DE",,,Nuit avec éclairage allumé,En agglomération,Intersection à plus de 4 branches,Normale,Deux véhicules - arrière,,,,,,,,,,,5,2,5,1.0,2.0
201000065478,0010-12-14 13:30:00,10,12,14,13,30,750,118,RUE ORDENER,,,Plein jour,En agglomération,Intersection en T,Temps couvert,Autre collision,,,,,,,,,,,1,2,3,8.0,6.0
201000065479,0010-12-15 14:15:00,10,12,15,14,15,750,118,"81, BOULEVARD ORNANO",,,Plein jour,En agglomération,Intersection à plus de 4 branches,Normale,Sans collision,,,,,,,,,,,1,2,5,1.0,7.0
201000065480,0010-12-16 08:30:00,10,12,16,8,30,750,118,BOULEVARD DE LA CHAPELLE,,,Plein jour,En agglomération,Intersection à plus de 4 branches,Normale,Autre collision,,,,,,,,,,,1,2,5,1.0,6.0
201000065481,0010-12-16 22:50:00,10,12,16,22,50,750,118,"73-75, BOULEVARD BARBES",,,Nuit avec éclairage allumé,En agglomération,Hors intersection,Pluie légère,Autre collision,,,,,,,,,,,5,2,1,2.0,6.0
201000065482,0010-12-17 16:25:00,10,12,17,16,25,750,118,"20, RUE HERMEL",,,Crépuscule ou aube,En agglomération,Intersection en X,Neige / grêle,Deux véhicules - côté,,,,,,,,,,,2,2,2,4.0,3.0
201000065483,0010-12-17 18:50:00,10,12,17,18,50,750,118,"45, RUE DE CLIGNANCOURT",,,Nuit avec éclairage allumé,En agglomération,Hors intersection,Neige / grêle,Autre collision,,,,,,,,,,,5,2,1,4.0,6.0
201000065484,0010-12-18 17:45:00,10,12,18,17,45,750,118,RUE DAMREMONT,,,Nuit avec éclairage allumé,En agglomération,Intersection à plus de 4 branches,Neige / grêle,Autre collision,,,,,,,,,,,5,2,5,4.0,6.0
201000065485,0010-12-21 01:20:00,10,12,21,1,20,750,118,"39, BOULEVARD BARBES",,,Nuit avec éclairage allumé,En agglomération,Hors intersection,Pluie légère,Autre collision,,,,,,,,,,,5,2,1,2.0,6.0
201000065486,0010-12-21 18:45:00,10,12,21,18,45,750,118,"7bis, BOULEVARD ORNANO",,,Nuit avec éclairage allumé,En agglomération,Hors intersection,Normale,Deux véhicules - côté,,,,,,,,,,,5,2,1,1.0,3.0
201000065487,0010-12-21 20:30:00,10,12,21,20,30,750,118,BOULEVARD PERIPHERIQUE,,,Nuit avec éclairage allumé,En agglomération,Hors intersection,Pluie légère,Trois véhicules et plus - en chaîne,,,,,,,,,,,5,2,1,2.0,4.0
201000065488,0010-12-23 18:32:00,10,12,23,18,32,750,118,RUE ORDENER,,,Nuit avec éclairage allumé,En agglomération,Hors intersection,Neige / grêle,Deux véhicules - frontale,,,,,,,,,,,5,2,1,4.0,1.0
201000065489,0010-12-27 17:30:00,10,12,27,17,30,750,118,"78, BOULEVARD BARBES",,,Nuit avec éclairage allumé,En agglomération,Hors intersection,Normale,Autre collision,,,,,,,,,,,5,2,1,1.0,6.0
201000065490,0010-12-29 06:30:00,10,12,29,6,30,750,118,"82, BOULEVARD DE ROCHECH",,,Nuit avec éclairage allumé,En agglomération,Hors intersection,Normale,Deux véhicules - arrière,,,,,,,,,,,5,2,1,1.0,2.0
201000065491,0010-12-29 19:20:00,10,12,29,19,20,750,118,RUE ORDENER,,,Nuit avec éclairage allumé,En agglomération,Intersection à plus de 4 branches,Normale,Deux véhicules - côté,,,,,,,,,,,5,2,5,1.0,3.0
201000065492,0010-12-29 18:15:00,10,12,29,18,15,750,118,"40, BOULEVARD NEY",,,Nuit avec éclairage allumé,En agglomération,Hors intersection,Normale,Autre collision,,,,,,,,,,,5,2,1,1.0,6.0
201000065493,0010-12-30 18:05:00,10,12,30,18,5,750,118,"84, BOULEVARD BARBES",,,Nuit avec éclairage allumé,En agglomération,Intersection en X,Normale,Deux véhicules - côté,,,,,,,,,,,5,2,2,1.0,3.0
201000065494,0010-12-31 14:10:00,10,12,31,14,10,750,118,BOULEVARD DE LA CHAPELLE,,,Plein jour,En agglomération,Intersection en X,Normale,Deux véhicules - côté,,,,,,,,,,,1,2,2,1.0,3.0
201000065495,0010-12-31 19:50:00,10,12,31,19,50,750,118,"58, BOULEVARD NEY",,,Nuit sans éclairage public,En agglomération,Hors intersection,Normale,Trois véhicules et plus - en chaîne,,,,,,,,,,,3,2,1,1.0,4.0
201000065496,0010-04-30 20:15:00,10,4,30,20,15,750,118,RUE LEPIC,,,Plein jour,En agglomération,Intersection en X,Normale,Deux véhicules - côté,,,,,,,,,,,1,2,2,1.0,3.0
201000065497,0010-07-09 22:30:00,10,7,9,22,30,750,118,"40, RUE DE CLIGNANCOURT",,,Nuit avec éclairage allumé,En agglomération,Intersection à plus de 4 branches,Normale,Autre collision,,,,,,,,,,,5,2,5,1.0,6.0
201000065498,0010-01-04 19:30:00,10,1,4,19,30,750,119,"0152, RUE DE CRIMEE",,,Nuit sans éclairage public,En agglomération,Hors intersection,Normale,Autre collision,,,,,,,,,,,3,2,1,1.0,6.0
201000065499,0010-01-05 09:45:00,10,1,5,9,45,750,119,AVENUE CORENTIN CARIOU,,,Plein jour,En agglomération,Intersection en T,Normale,Deux véhicules - côté,,,,,,,,,,,1,2,3,1.0,3.0
201000065500,0010-01-05 11:38:00,10,1,5,11,38,750,119,"238, RUE DE CRIMEE",,,Plein jour,En agglomération,Hors intersection,Normale,Autre collision,,,,,,,,,,,1,2,1,1.0,6.0
201000065501,0010-01-07 09:40:00,10,1,7,9,40,750,119,"38, RUE DE CRIMEE",,,Plein jour,En agglomération,Hors intersection,Normale,Autre collision,,,,,,,,,,,1,2,1,1.0,6.0
201000065502,0010-01-09 13:30:00,10,1,9,13,30,750,110,PLACE DE LA BATAILLE DE,,,Plein jour,En agglomération,Hors intersection,Neige / grêle,Autre collision,,,,,,,,,,,1,2,1,4.0,6.0
201000065503,0010-01-11 11:30:00,10,1,11,11,30,750,119,PLACE SKANDERBEG,,,Plein jour,En agglomération,Intersection à plus de 4 branches,Normale,Autre collision,,,,,,,,,,,1,2,5,1.0,6.0
201000065504,0010-01-14 18:30:00,10,1,14,18,30,750,119,RUE D AUBERVILLIERS,,,Nuit avec éclairage allumé,En agglomération,Hors intersection,Normale,Autre collision,,,,,,,,,,,5,2,1,1.0,6.0
201000065505,0010-01-18 16:45:00,10,1,18,16,45,750,119,"119, RUE MANIN",,,Plein jour,En agglomération,Hors intersection,Brouillard / fumée,Deux véhicules - côté,,,,,,,,,,,1,2,1,5.0,3.0
201000065506,0010-01-20 09:15:00,10,1,20,9,15,750,119,"257, RUE DE CRIMEE",,,Plein jour,En agglomération,Intersection à plus de 4 branches,Pluie légère,Deux véhicules - côté,,,,,,,,,,,1,2,5,2.0,3.0
201000065507,0010-01-22 16:45:00,10,1,22,16,45,750,119,"17, RUE EDOUARD PAILLERO",,,Plein jour,En agglomération,Hors intersection,Normale,Sans collision,,,,,,,,,,,1,2,1,1.0,7.0
201000065508,0010-01-23 01:15:00,10,1,23,1,15,750,119,"70, RUE DE CRIMEE",,,Nuit avec éclairage allumé,En agglomération,Hors intersection,Normale,Autre collision,,,,,,,,,,,5,2,1,1.0,6.0
201000065509,0010-01-25 10:30:00,10,1,25,10,30,750,119,"1, PLACE DE LA PORTE DE",,,Plein jour,En agglomération,Intersection à plus de 4 branches,Normale,Deux véhicules - côté,,,,,,,,,,,1,2,5,1.0,3.0
201000065510,0010-01-26 19:20:00,10,1,26,19,20,750,119,PLACE AUGUSTE BARON,,,Nuit avec éclairage allumé,En agglomération,Intersection à plus de 4 branches,Normale,Deux véhicules - côté,,,,,,,,,,,5,2,5,1.0,3.0
201000065511,0010-02-01 22:00:00,10,2,1,22,0,750,119,AVENUE DE LA PORTE DE LA,,,Nuit avec éclairage allumé,En agglomération,Hors intersection,Normale,Sans collision,,,,,,,,,,,5,2,1,1.0,7.0
201000065512,0010-02-03 16:00:00,10,2,3,16,0,750,119,"171, RUE D AUBERVILLIERS",,,Plein jour,En agglomération,Hors intersection,Normale,Trois véhicules et plus - collisions multiples,,,,,,,,,,,1,2,1,1.0,5.0
201000065513,0010-02-04 06:25:00,10,2,4,6,25,750,119,"27, AVENUE DE FLANDRE",,,Crépuscule ou aube,En agglomération,Intersection en X,Normale,Deux véhicules - côté,,,,,,,,,,,2,2,2,1.0,3.0
201000065514,0010-02-04 13:50:00,10,2,4,13,50,750,119,"22, RUE EURYALE DEHAYNIN",,,Plein jour,En agglomération,Hors intersection,Normale,Autre collision,,,,,,,,,,,1,2,1,1.0,6.0
201000065515,0010-02-06 14:15:00,10,2,6,14,15,750,119,PLACE AUGUSTE BARON,,,Plein jour,En agglomération,Intersection à plus de 4 branches,Normale,Deux véhicules - côté,,,,,,,,,,,1,2,5,1.0,3.0
201000065516,0010-02-07 02:20:00,10,2,7,2,20,750,119,"2, RUE LAUZIN",,,Nuit avec éclairage allumé,En agglomération,Hors intersection,Autre,Autre collision,,,,,,,,,,,5,2,1,9.0,6.0
201000065517,0010-02-10 13:00:00,10,2,10,13,0,750,119,"216, AVENUE JEAN JAURES",,,Plein jour,En agglomération,Hors intersection,Normale,Sans collision,,,,,,,,,,,1,2,1,1.0,7.0
201000065518,0010-02-10 15:50:00,10,2,10,15,50,750,119,"48, BOULEVARD SERURIER",,,Plein jour,En agglomération,Hors intersection,Neige / grêle,Trois véhicules et plus - en chaîne,,,,,,,,,,,1,2,1,4.0,4.0
201000065519,0010-02-12 13:40:00,10,2,12,13,40,750,119,RUE BURNOUF,,,Plein jour,En agglomération,Intersection en Y,Normale,Deux véhicules - arrière,,,,,,,,,,,1,2,4,1.0,2.0
201000065520,0010-02-12 20:25:00,10,2,12,20,25,750,119,"91, RUE DE L OURCQ",,,Nuit avec éclairage allumé,En agglomération,Intersection en X,Normale,Autre collision,,,,,,,,,,,5,2,2,1.0,6.0
201000065521,0010-02-17 10:25:00,10,2,17,10,25,750,119,"19, AVENUE DE FLANDRE",,,Plein jour,En agglomération,Hors intersection,Temps couvert,Autre collision,,,,,,,,,,,1,2,1,8.0,6.0
201000065522,0010-02-17 22:40:00,10,2,17,22,40,750,119,"20, AVENUE DE LA PORTE D",,,Nuit avec éclairage allumé,En agglomération,Hors intersection,Temps couvert,Deux véhicules - côté,,,,,,,,,,,5,2,1,8.0,3.0
201000065523,0010-02-19 17:45:00,10,2,19,17,45,750,119,"139, RUE MANIN",,,Plein jour,En agglomération,Intersection en Y,Normale,Autre collision,,,,,,,,,,,1,2,4,1.0,6.0
201000065524,0010-02-19 22:15:00,10,2,19,22,15,750,119,"21, RUE CLAVEL",,,Nuit avec éclairage allumé,En agglomération,Hors intersection,Normale,Autre collision,,,,,,,,,,,5,2,1,1.0,6.0
201000065525,0010-02-25 17:05:00,10,2,25,17,5,750,119,"25bis, RUE DU GENERAL BR",,,Plein jour,En agglomération,Hors intersection,Normale,Deux véhicules - côté,,,,,,,,,,,1,2,1,1.0,3.0
201000065526,0010-02-27 05:50:00,10,2,27,5,50,750,119,"94, AVENUE JEAN JAURES",,,Nuit avec éclairage allumé,En agglomération,Hors intersection,Normale,Deux véhicules - arrière,,,,,,,,,,,5,2,1,1.0,2.0
201000065527,0010-02-27 15:50:00,10,2,27,15,50,750,119,"114, BOULEVARD MACDONALD",,,Plein jour,En agglomération,Hors intersection,Normale,Deux véhicules - côté,,,,,,,,,,,1,2,1,1.0,3.0
201000065528,0010-03-04 15:15:00,10,3,4,15,15,750,119,"10, RUE ALPHONSE KARR",,,Plein jour,En agglomération,Hors intersection,Normale,Autre collision,,,,,,,,,,,1,2,1,1.0,6.0
201000065529,0010-03-05 01:35:00,10,3,5,1,35,750,119,RUE ARMAND CARREL,,,Nuit avec éclairage allumé,En agglomération,Intersection en X,Normale,Deux véhicules - côté,,,,,,,,,,,5,2,2,1.0,3.0
201000065530,0010-03-05 18:15:00,10,3,5,18,15,750,119,"42, RUE MANIN",,,Plein jour,En agglomération,Intersection en T,Normale,Autre collision,,,,,,,,,,,1,2,3,1.0,6.0
201000065531,0010-03-10 13:55:00,10,3,10,13,55,750,119,AVENUE JEAN JAURES,,,Plein jour,En agglomération,Intersection en X,Normale,Deux véhicules - côté,,,,,,,,,,,1,2,2,1.0,3.0