accident_id,datetime,annee,mois,jour,heure,minute,departement,commune_insee,adresse,latitude,longitude,luminosite,agglomeration,intersection,meteo,collision,nb_vehicules,nb_usagers,nb_indemnes,nb_tues,nb_blesses_hosp,nb_blesses_legers,age_cond_1,age_cond_2,veh_type_cond_1,veh_type_cond_2,lum_code,agg_code,int_code,atm_code,col_code
201000065784,0010-11-24 10:00:00,10,11,24,10,0,750,119,ROUTE DES PETITS PONTS,,,Plein jour,En agglomération,Place,Normale,Sans collision,,,,,,,,,,,1,2,7,1.0,7.0
201000065785,0010-11-24 16:30:00,10,11,24,16,30,750,119,"54, AVENUE JEAN JAURES",,,Crépuscule ou aube,En agglomération,Hors intersection,Normale,Deux véhicules - côté,,,,,,,,,,,2,2,1,1.0,3.0
201000065786,0010-11-25 07:40:00,10,11,25,7,40,750,119,"121, AVENUE JEAN JAURES",,,Crépuscule ou aube,En agglomération,Intersection en X,Pluie légère,Autre collision,,,,,,,,,,,2,2,2,2.0,6.0
201000065787,0010-11-26 18:00:00,10,11,26,18,0,750,119,"225, RUE DE BELLEVILLE",,,Nuit avec éclairage allumé,En agglomération,Intersection en X,Temps couvert,Autre collision,,,,,,,,,,,5,2,2,8.0,6.0
201000065788,0010-11-27 21:35:00,10,11,27,21,35,750,119,RUE DE BELLEVILLE,,,Nuit avec éclairage allumé,En agglomération,Intersection en X,Normale,Deux véhicules - frontale,,,,,,,,,,,5,2,2,1.0,1.0
201000065789,0010-11-29 21:10:00,10,11,29,21,10,750,119,RUE DE L OURCQ,,,Nuit avec éclairage allumé,En agglomération,Intersection en X,Normale,Deux véhicules - côté,,,,,,,,,,,5,2,2,1.0,3.0
201000065790,0010-12-01 09:10:00,10,12,1,9,10,750,119,"210, AVENUE JEAN JAURES",,,Plein jour,En agglomération,Hors intersection,Temps couvert,Autre collision,,,,,,,,,,,1,2,1,8.0,6.0
201000065791,0010-12-01 15:40:00,10,12,1,15,40,750,119,"5, AVENUE CORENTIN CARIO",,,Plein jour,En agglomération,Intersection en T,Neige / grêle,Autre collision,,,,,,,,,,,1,2,3,4.0,6.0
201000065792,0010-12-02 15:40:00,10,12,2,15,40,750,119,"47, RUE MANIN",,,Plein jour,En agglomération,Intersection en T,Temps couvert,Deux véhicules - arrière,,,,,,,,,,,1,2,3,8.0,2.0
201000065793,0010-12-02 18:15:00,10,12,2,18,15,750,119,"141, AVENUE JEAN JAURES",,,Nuit avec éclairage allumé,En agglomération,Hors intersection,Normale,Autre collision,,,,,,,,,,,5,2,1,1.0,6.0
201000065794,0010-12-02 19:00:00,10,12,2,19,0,750,119,"6, AVENUE SIMON BOLIVAR",,,Nuit avec éclairage allumé,En agglomération,Intersection à plus de 4 branches,Normale,Autre collision,,,,,,,,,,,5,2,5,1.0,6.0
201000065795,0010-12-03 23:10:00,10,12,3,23,10,750,119,"26, RUE DE BELLEVILLE",,,Nuit avec éclairage allumé,En agglomération,Hors intersection,Normale,Autre collision,,,,,,,,,,,5,2,1,1.0,6.0
201000065796,0010-12-03 17:00:00,10,12,3,17,0,750,119,"59, AVENUE SIMON BOLIVAR",,,Crépuscule ou aube,En agglomération,Hors intersection,Normale,Sans collision,,,,,,,,,,,2,2,1,1.0,7.0
201000065797,0010-12-04 21:05:00,10,12,4,21,5,750,119,AVENUE JEAN JAURES,,,Nuit avec éclairage allumé,En agglomération,Hors intersection,Temps couvert,Deux véhicules - arrière,,,,,,,,,,,5,2,1,8.0,2.0
201000065798,0010-12-05 10:45:00,10,12,5,10,45,750,119,"74, RUE D AUBERVILLIERS",,,Plein jour,En agglomération,Hors intersection,Normale,Deux véhicules - côté,,,,,,,,,,,1,2,1,1.0,3.0
201000065799,0010-12-05 20:20:00,10,12,5,20,20,750,119,"83, AVENUE SIMON BOLIVAR",,,Nuit avec éclairage allumé,En agglomération,Hors intersection,Normale,Deux véhicules - arrière,,,,,,,,,,,5,2,1,1.0,2.0
201000065800,0010-12-05 21:20:00,10,12,5,21,20,750,119,AVENUE DE LA PORTE DES L,,,Nuit avec éclairage allumé,En agglomération,Intersection à plus de 4 branches,Temps couvert,Autre collision,,,,,,,,,,,5,2,5,8.0,6.0
201000065801,0010-12-06 00:01:00,10,12,6,0,1,750,119,BOULEVARD DE LA VILLETTE,,,Nuit avec éclairage allumé,En agglomération,Intersection à plus de 4 branches,Normale,Deux véhicules - arrière,,,,,,,,,,,5,2,5,1.0,2.0
201000065802,0010-12-06 14:30:00,10,12,6,14,30,750,119,RUE DE BELLEVILLE,,,Plein jour,En agglomération,Hors intersection,Pluie légère,Sans collision,,,,,,,,,,,1,2,1,2.0,7.0
201000065803,0010-12-06 18:40:00,10,12,6,18,40,750,119,"207, RUE DE CRIMEE",,,Nuit avec éclairage allumé,En agglomération,Intersection en X,Normale,Autre collision,,,,,,,,,,,5,2,2,1.0,6.0
201000065804,0010-12-07 18:35:00,10,12,7,18,35,750,119,"215, RUE DE CRIMEE",,,Crépuscule ou aube,En agglomération,Intersection en X,Pluie légère,Autre collision,,,,,,,,,,,2,2,2,2.0,6.0
201000065805,0010-12-08 11:00:00,10,12,8,11,0,750,119,RUE DE CRIMEE,,,Plein jour,En agglomération,Intersection à plus de 4 branches,Pluie légère,Autre collision,,,,,,,,,,,1,2,5,2.0,6.0
201000065806,0010-12-09 17:55:00,10,12,9,17,55,750,119,"26, RUE DE L OURCQ",,,Nuit avec éclairage allumé,En agglomération,Hors intersection,Temps couvert,Autre collision,,,,,,,,,,,5,2,1,8.0,6.0
201000065807,0010-12-10 06:50:00,10,12,10,6,50,750,119,AVENUE DE FLANDRE,,,Nuit avec éclairage allumé,En agglomération,Intersection à plus de 4 branches,Neige / grêle,Deux véhicules - arrière,,,,,,,,,,,5,2,5,4.0,2.0
201000065808,0010-12-10 22:25:00,10,12,10,22,25,750,119,"123, AVENUE JEAN JAURES",,,Nuit avec éclairage allumé,En agglomération,Intersection à plus de 4 branches,Temps couvert,Autre collision,,,,,,,,,,,5,2,5,8.0,6.0
201000065809,0010-12-11 09:20:00,10,12,11,9,20,750,119,"49, AVENUE MATHURIN MORE",,,Plein jour,En agglomération,Hors intersection,Temps couvert,Deux véhicules - côté,,,,,,,,,,,1,2,1,8.0,3.0
201000065810,0010-12-11 23:05:00,10,12,11,23,5,750,119,"60, AVENUE JEAN JAURES",,,Nuit avec éclairage allumé,En agglomération,Intersection en T,Normale,Autre collision,,,,,,,,,,,5,2,3,1.0,6.0
201000065811,0010-12-12 21:15:00,10,12,12,21,15,750,119,RUE DE L ORME,,,Nuit avec éclairage allumé,En agglomération,Intersection en X,Normale,Autre collision,,,,,,,,,,,5,2,2,1.0,6.0
201000065812,0010-12-15 23:45:00,10,12,15,23,45,750,119,AVENUE DE LA PORTE D AUB,,,Nuit avec éclairage allumé,En agglomération,Intersection à plus de 4 branches,Normale,Deux véhicules - côté,,,,,,,,,,,5,2,5,1.0,3.0
201000065813,0010-12-17 16:20:00,10,12,17,16,20,750,119,"30 bis, RUE DE THIONVILL",,,Plein jour,En agglomération,Hors intersection,Normale,Autre collision,,,,,,,,,,,1,2,1,1.0,6.0
201000065814,0010-12-17 18:05:00,10,12,17,18,5,750,119,"42, RUE MANIN",,,Nuit avec éclairage allumé,En agglomération,Hors intersection,Neige / grêle,Autre collision,,,,,,,,,,,5,2,1,4.0,6.0
201000065815,0010-12-22 12:10:00,10,12,22,12,10,750,119,"80, AVENUE DE FLANDRE",,,Plein jour,En agglomération,Hors intersection,Normale,Autre collision,,,,,,,,,,,1,2,1,1.0,6.0
201000065816,0010-12-22 14:40:00,10,12,22,14,40,750,119,"145, AVENUE JEAN JAURES",,,Plein jour,En agglomération,Hors intersection,Temps couvert,Deux véhicules - côté,,,,,,,,,,,1,2,1,8.0,3.0
201000065817,0010-12-28 19:10:00,10,12,28,19,10,750,119,"200, AVENUE JEAN JAURES",,,Nuit avec éclairage allumé,En agglomération,Intersection en X,Pluie légère,Autre collision,,,,,,,,,,,5,2,2,2.0,6.0
201000065818,0010-12-30 09:50:00,10,12,30,9,50,750,119,"9, AVENUE CORENTIN CARIO",,,Plein jour,En agglomération,Intersection en T,Normale,Autre collision,,,,,,,,,,,1,2,3,1.0,6.0
201000065819,0010-12-30 11:45:00,10,12,30,11,45,750,119,AVENUE JEAN JAURES,,,Plein jour,En agglomération,Intersection en X,Normale,Deux véhicules - côté,,,,,,,,,,,1,2,2,1.0,3.0
201000065820,0010-09-08 02:00:00,10,9,8,2,0,750,119,"68, QUAI DE SEINE",,,Nuit avec éclairage allumé,En agglomération,Hors intersection,Pluie forte,Sans collision,,,,,,,,,,,5,2,1,3.0,7.0
201000065821,0010-08-20 22:50:00,10,8,20,22,50,750,119,"5, BOULEVARD D INDOCHINE",,,Nuit sans éclairage public,En agglomération,Intersection en Y,Normale,Deux véhicules - côté,,,,,,,,,,,3,2,4,1.0,3.0
201000065822,0010-04-03 18:10:00,10,4,3,18,10,750,119,PLACE DE LA PORTE DE PAN,,,Plein jour,En agglomération,Intersection à plus de 4 branches,Pluie légère,Sans collision,,,,,,,,,,,1,2,5,2.0,7.0
201000065823,0010-01-04 05:00:00,10,1,4,5,0,750,120,"32, RUE HENRI CHEVREAU",,,Nuit avec éclairage allumé,En agglomération,Intersection à plus de 4 branches,Normale,Autre collision,,,,,,,,,,,5,2,5,1.0,6.0
201000065824,0010-01-04 14:50:00,10,1,4,14,50,750,120,"75, BOULEVARD DAVOUT",,,Plein jour,En agglomération,Hors intersection,Normale,Autre collision,,,,,,,,,,,1,2,1,1.0,6.0
201000065825,0010-01-05 08:55:00,10,1,5,8,55,750,120,RUE BELGRAND,,,Plein jour,En agglomération,Intersection en Y,Temps couvert,Deux véhicules - côté,,,,,,,,,,,1,2,4,8.0,3.0
201000065826,0010-01-05 18:30:00,10,1,5,18,30,750,120,"58, RUE D AVRON",,,Nuit avec éclairage allumé,En agglomération,Hors intersection,Normale,Autre collision,,,,,,,,,,,5,2,1,1.0,6.0
201000065827,0010-01-06 00:10:00,10,1,6,0,10,750,120,AVENUE GAMBETTA,,,Nuit avec éclairage allumé,En agglomération,Intersection en Y,Normale,Autre collision,,,,,,,,,,,5,2,4,1.0,6.0
201000065828,0010-01-07 15:05:00,10,1,7,15,5,750,120,"265, RUE DE BELLEVILLE",,,Plein jour,En agglomération,Intersection en T,Normale,Autre collision,,,,,,,,,,,1,2,3,1.0,6.0
201000065829,0010-01-08 12:40:00,10,1,8,12,40,750,120,AVENUE CARTELLIER,,,Plein jour,En agglomération,Intersection en Y,Normale,Deux véhicules - arrière,,,,,,,,,,,1,2,4,1.0,2.0
201000065830,0010-01-09 14:45:00,10,1,9,14,45,750,120,"59, RUE D AVRON",,,Plein jour,En agglomération,Hors intersection,Temps couvert,Autre collision,,,,,,,,,,,1,2,1,8.0,6.0
201000065831,0010-01-09 16:05:00,10,1,9,16,5,750,120,"62, RUE DES MARAICHERS",,,Plein jour,En agglomération,Intersection en X,Neige / grêle,Deux véhicules - frontale,,,,,,,,,,,1,2,2,4.0,1.0
201000065832,0010-01-11 18:15:00,10,1,11,18,15,750,120,RUE PELLEPORT,,,Nuit avec éclairage allumé,En agglomération,Intersection en X,Normale,Autre collision,,,,,,,,,,,5,2,2,1.0,6.0
201000065833,0010-01-12 10:15:00,10,1,12,10,15,750,120,"16, RUE DE BELLEVILLE",,,Plein jour,En agglomération,Hors intersection,Normale,Deux véhicules - frontale,,,,,,,,,,,1,2,1,1.0,1.0
201000065834,0010-01-13 20:20:00,10,1,13,20,20,750,120,BOULEVARD MORTIER,,,Nuit avec éclairage allumé,En agglomération,Hors intersection,Normale,Autre collision,,,,,,,,,,,5,2,1,1.0,6.0
201000065835,0010-01-14 08:35:00,10,1,14,8,35,750,120,"115, RUE DE MENILMONTANT",,,Plein jour,En agglomération,Hors intersection,Normale,Autre collision,,,,,,,,,,,1,2,1,1.0,6.0
201000065836,0010-01-15 07:40:00,10,1,15,7,40,750,120,"95, RUE D AVRON",,,Nuit avec éclairage allumé,En agglomération,Hors intersection,Pluie légère,Sans collision,,,,,,,,,,,5,2,1,2.0,7.0
201000065837,0010-01-16 11:30:00,10,1,16,11,30,750,120,"02, PLACE DE LA PORTE DE",,,Plein jour,En agglomération,Intersection à plus de 4 branches,Pluie légère,Autre collision,,,,,,,,,,,1,2,5,2.0,6.0
201000065838,0010-01-16 19:35:00,10,1,16,19,35,750,120,RUE DES PYRENEES,,,Nuit avec éclairage allumé,En agglomération,Hors intersection,Pluie légère,Sans collision,,,,,,,,,,,5,2,1,2.0,7.0
201000065839,0010-01-20 07:40:00,10,1,20,7,40,750,120,"128, RUE DE MENILMONTANT",,,Nuit avec éclairage allumé,En agglomération,Intersection en X,Pluie légère,Autre collision,,,,,,,,,,,5,2,2,2.0,6.0
201000065840,0010-01-20 10:20:00,10,1,20,10,20,750,120,"2, AVENUE DE LA PORTE DE",,,Plein jour,En agglomération,Hors intersection,Pluie légère,Autre collision,,,,,,,,,,,1,2,1,2.0,6.0
201000065841,0010-01-20 16:30:00,10,1,20,16,30,750,120,"7, RUE ERNEST LEFEVRE",,,Plein jour,En agglomération,Intersection en T,Pluie légère,Autre collision,,,,,,,,,,,1,2,3,2.0,6.0
201000065842,0010-01-25 09:00:00,10,1,25,9,0,750,120,"11, RUE PLANCHAT",,,Plein jour,En agglomération,Hors intersection,Normale,Deux véhicules - côté,,,,,,,,,,,1,2,1,1.0,3.0
201000065843,0010-01-27 18:55:00,10,1,27,18,55,750,120,"69, BOULEVARD DAVOUT",,,Nuit avec éclairage allumé,En agglomération,Hors intersection,Normale,Autre collision,,,,,,,,,,,5,2,1,1.0,6.0
201000065844,0010-01-28 12:05:00,10,1,28,12,5,750,120,"379, RUE DES PYRENEES",,,Plein jour,En agglomération,Intersection à plus de 4 branches,Temps couvert,Autre collision,,,,,,,,,,,1,2,5,8.0,6.0
201000065845,0010-01-28 20:10:00,10,1,28,20,10,750,120,"30, BOULEVARD DE BELLEVI",,,Nuit avec éclairage allumé,En agglomération,Hors intersection,Normale,Autre collision,,,,,,,,,,,5,2,1,1.0,6.0
201000065846,0010-01-31 18:40:00,10,1,31,18,40,750,120,BOULEVARD DAVOUT,,,Nuit avec éclairage allumé,En agglomération,Hors intersection,Normale,Autre collision,,,,,,,,,,,5,2,1,1.0,6.0
201000065847,0010-02-01 10:10:00,10,2,1,10,10,750,120,RUE BELGRAND,,,Plein jour,En agglomération,Intersection en X,Neige / grêle,Deux véhicules - côté,,,,,,,,,,,1,2,2,4.0,3.0
201000065848,0010-02-06 14:40:00,10,2,6,14,40,750,119,"10, RUE DE BELLEVILLE",,,Plein jour,En agglomération,Hors intersection,Pluie légère,Autre collision,,,,,,,,,,,1,2,1,2.0,6.0
201000065849,0010-02-07 19:00:00,10,2,7,19,0,750,120,"19, RUE DE MENILMONTANT",,,Nuit avec éclairage allumé,En agglomération,Hors intersection,Temps couvert,Autre collision,,,,,,,,,,,5,2,1,8.0,6.0
201000065850,0010-02-08 18:30:00,10,2,8,18,30,750,120,"25, RUE DES PYRENEES",,,Crépuscule ou aube,En agglomération,Intersection en T,Pluie légère,Deux véhicules - côté,,,,,,,,,,,2,2,3,2.0,3.0
201000065851,0010-02-11 16:50:00,10,2,11,16,50,750,120,RUE DE LAGNY,,,Plein jour,En agglomération,Intersection en X,Neige / grêle,Sans collision,,,,,,,,,,,1,2,2,4.0,7.0
201000065852,0010-02-14 17:50:00,10,2,14,17,50,750,120,"41, COURS DE VINCENNES",,,Plein jour,En agglomération,Hors intersection,Normale,Deux véhicules - arrière,,,,,,,,,,,1,2,1,1.0,2.0
201000065853,0010-02-15 14:20:00,10,2,15,14,20,750,120,"6, PLACE GAMBETTA",,,Plein jour,En agglomération,Intersection à plus de 4 branches,Normale,Deux véhicules - côté,,,,,,,,,,,1,2,5,1.0,3.0
201000065854,0010-02-16 10:15:00,10,2,16,10,15,750,120,"268, RUE DES PYRENEES",,,Plein jour,En agglomération,Hors intersection,Normale,Deux véhicules - arrière,,,,,,,,,,,1,2,1,1.0,2.0
201000065855,0010-10-11 20:05:00,10,10,11,20,5,750,120,"245, RUE DES PYRENEES",,,Nuit avec éclairage allumé,En agglomération,Intersection en X,Normale,Autre collision,,,,,,,,,,,5,2,2,1.0,6.0
201000065856,0010-02-17 18:30:00,10,2,17,18,30,750,119,BOULEVARD DE LA VILLETTE,,,Nuit avec éclairage allumé,En agglomération,Intersection à plus de 4 branches,Pluie légère,Sans collision,,,,,,,,,,,5,2,5,2.0,7.0
201000065857,0010-02-18 09:25:00,10,2,18,9,25,750,120,"84, RUE DES COURONNES",,,Plein jour,En agglomération,Hors intersection,Normale,Deux véhicules - côté,,,,,,,,,,,1,2,1,1.0,3.0
201000065858,0010-02-22 12:30:00,10,2,22,12,30,750,120,"64, PLACE DE LA PORTE DE",,,Plein jour,En agglomération,Intersection à plus de 4 branches,Normale,Autre collision,,,,,,,,,,,1,2,5,1.0,6.0
201000065859,0010-02-22 14:55:00,10,2,22,14,55,750,120,RUE DES PYRENEES,,,Plein jour,En agglomération,Intersection à plus de 4 branches,Normale,Deux véhicules - arrière,,,,,,,,,,,1,2,5,1.0,2.0
201000065860,0010-02-22 19:15:00,10,2,22,19,15,750,120,BOULEVARD DAVOUT,,,Nuit avec éclairage allumé,En agglomération,Hors intersection,Pluie légère,Autre collision,,,,,,,,,,,5,2,1,2.0,6.0
201000065861,0010-02-24 10:00:00,10,2,24,10,0,750,120,RUE DES FRERES FLAVIEN,,,Plein jour,En agglomération,Intersection en T,Pluie légère,Autre collision,,,,,,,,,,,1,2,3,2.0,6.0
201000065862,0010-02-24 16:40:00,10,2,24,16,40,750,120,BOULEVARD MORTIER,,,Plein jour,En agglomération,Intersection en T,Temps couvert,Deux véhicules - côté,,,,,,,,,,,1,2,3,8.0,3.0
201000065863,0010-02-26 09:30:00,10,2,26,9,30,750,120,AVENUE LEON GAUMONT,,,Plein jour,En agglomération,Hors intersection,Pluie forte,Autre collision,,,,,,,,,,,1,2,1,3.0,6.0
201000065864,0010-02-28 13:00:00,10,2,28,13,0,750,120,"114, BOULEVARD DE BELLEV",,,Plein jour,En agglomération,Hors intersection,Vent fort / tempête,Autre collision,,,,,,,,,,,1,2,1,6.0,6.0
201000065865,0010-03-02 21:00:00,10,3,2,21,0,750,120,"89, COURS DE VINCENNES",,,Nuit avec éclairage allumé,En agglomération,Hors intersection,Normale,Deux véhicules - arrière,,,,,,,,,,,5,2,1,1.0,2.0
201000065866,0010-03-03 20:00:00,10,3,3,20,0,750,120,BOULEVARD DE CHARONNE,,,Nuit avec éclairage allumé,En agglomération,Intersection à plus de 4 branches,Normale,Deux véhicules - côté,,,,,,,,,,,5,2,5,1.0,3.0
201000065867,0010-03-03 21:00:00,10,3,3,21,0,750,120,"19, RUE DES COURONNES",,,Nuit sans éclairage public,En agglomération,Intersection en X,Normale,Deux véhicules - côté,,,,,,,,,,,3,2,2,1.0,3.0
201000065868,0010-03-04 16:40:00,10,3,4,16,40,750,120,PLACE DE LA PORTE DE MON,,,Plein jour,En agglomération,Intersection en X,Normale,Autre collision,,,,,,,,,,,1,2,2,1.0,6.0
201000065869,0010-03-05 18:30:00,10,3,5,18,30,750,120,", RUE PELLEPORT",,,Plein jour,En agglomération,Intersection en X,Normale,Deux véhicules - côté,,,,,,,,,,,1,2,2,1.0,3.0
201000065870,0010-10-19 20:15:00,10,10,19,20,15,750,120,"108, RUE DE LAGNY",,,Nuit avec éclairage allumé,En agglomération,Hors intersection,Temps couvert,Deux véhicules - arrière,,,,,,,,,,,5,2,1,8.0,2.0
201000065871,0010-03-07 11:55:00,10,3,7,11,55,750,120,"01, COURS DE VINCENNES",,,Plein jour,En agglomération,Intersection à plus de 4 branches,Normale,Deux véhicules - côté,,,,,,,,,,,1,2,5,1.0,3.0
201000065872,0010-03-07 19:35:00,10,3,7,19,35,750,120,"19, RUE DE LA COUR DES N",,,Nuit avec éclairage non allumé,En agglomération,Hors intersection,Normale,Autre collision,,,,,,,,,,,4,2,1,1.0,6.0
201000065873,0010-03-07 19:40:00,10,3,7,19,40,750,120,"28, RUE DE L ERMITAGE",,,Nuit avec éclairage allumé,En agglomération,Hors intersection,Normale,Sans collision,,,,,,,,,,,5,2,1,1.0,7.0
201000065874,0010-03-10 19:15:00,10,3,10,19,15,750,120,COURS DE VINCENNES,,,Nuit avec éclairage allumé,En agglomération,Intersection à plus de 4 branches,Normale,Deux véhicules - côté,,,,,,,,,,,5,2,5,1.0,3.0
201000065875,0010-03-12 08:30:00,10,3,12,8,30,750,120,RUE LE VAU,,,Plein jour,En agglomération,Hors intersection,Normale,Autre collision,,,,,,,,,,,1,2,1,1.0,6.0
201000065876,0010-03-13 04:10:00,10,3,13,4,10,750,120,"11, RUE SORBIER",,,Nuit avec éclairage allumé,En agglomération,Hors intersection,Normale,Sans collision,,,,,,,,,,,5,2,1,1.0,7.0
201000065877,0010-03-13 21:05:00,10,3,13,21,5,750,120,AVENUE BENOIT FRACHON,,,Nuit avec éclairage allumé,En agglomération,Hors intersection,Normale,Deux véhicules - côté,,,,,,,,,,,5,2,1,1.0,3.0
201000065878,0010-03-14 02:05:00,10,3,14,2,5,750,120,PLACE DE LA PORTE DE MON,,,Nuit avec éclairage allumé,Hors agglomération,Hors intersection,Normale,Autre collision,,,,,,,,,,,5,1,1,1.0,6.0
201000065879,0010-03-15 07:45:00,10,3,15,7,45,750,120,AVENUE GAMBETTA,,,Plein jour,En agglomération,Hors intersection,Normale,Autre collision,,,,,,,,,,,1,2,1,1.0,6.0
201000065880,0010-03-17 20:00:00,10,3,17,20,0,750,120,"91, RUE DES PYRENEES",,,Nuit avec éclairage allumé,En agglomération,Hors intersection,Normale,Deux véhicules - côté,,,,,,,,,,,5,2,1,1.0,3.0
201000065881,0010-03-18 11:55:00,10,3,18,11,55,750,120,AVENUE CARTELLIER,,,Plein jour,En agglomération,Hors intersection,Normale,Autre collision,,,,,,,,,,,1,2,1,1.0,6.0
201000065882,0010-03-19 20:20:00,10,3,19,20,20,750,120,"40, RUE DE LA COUR DES N",,,Nuit avec éclairage allumé,En agglomération,Intersection en X,Pluie légère,Autre collision,,,,,,,,,,,5,2,2,2.0,6.0
201000065883,0010-03-20 06:20:00,10,3,20,6,20,750,120,"75, RUE DE MENILMONTANT",,,Crépuscule ou aube,En agglomération,Hors intersection,Pluie légère,Autre collision,,,,,,,,,,,2,2,1,2.0,6.0
201000065884,0010-03-21 20:10:00,10,3,21,20,10,750,120,RUE DE BELLEVILLE,,,Nuit avec éclairage allumé,En agglomération,Intersection en X,Normale,Deux véhicules - côté,,,,,,,,,,,5,2,2,1.0,3.0
201000065885,0010-03-22 12:20:00,10,3,22,12,20,750,120,"72, RUE LOUIS LUMIERE",,,Plein jour,En agglomération,Intersection en T,Normale,Autre collision,,,,,,,,,,,1,2,3,1.0,6.0
201000065886,0010-03-22 20:00:00,10,3,22,20,0,750,120,"60, AVENUE GAMBETTA",,,Nuit avec éclairage allumé,En agglomération,Intersection à plus de 4 branches,Normale,Autre collision,,,,,,,,,,,5,2,5,1.0,6.0
201000065887,0010-03-24 08:00:00,10,3,24,8,0,750,120,"132, BOULEVARD DAVOUT",,,Plein jour,En agglomération,Intersection en T,Normale,Autre collision,,,,,,,,,,,1,2,3,1.0,6.0
201000065888,0010-03-24 18:10:00,10,3,24,18,10,750,120,"135, AVENUE GAMBETTA",,,Plein jour,En agglomération,Intersection en Y,Normale,Autre collision,,,,,,,,,,,1,2,4,1.0,6.0
201000065889,0010-03-25 15:30:00,10,3,25,15,30,750,120,"127, BOULEVARD MORTIER",,,Plein jour,En agglomération,Intersection en X,Temps couvert,Autre collision,,,,,,,,,,,1,2,2,8.0,6.0
201000065890,0010-03-25 18:45:00,10,3,25,18,45,750,120,"341, RUE DES PYRENEES",,,Plein jour,En agglomération,Hors intersection,Normale,Sans collision,,,,,,,,,,,1,2,1,1.0,7.0
201000065891,0010-03-26 12:05:00,10,3,26,12,5,750,120,"16, AVENUE GAMBETTA",,,Plein jour,En agglomération,Hors intersection,Normale,Deux véhicules - côté,,,,,,,,,,,1,2,1,1.0,3.0
201000065892,0010-03-26 14:20:00,10,3,26,14,20,750,120,"2, RUE DES PYRENEES",,,Plein jour,En agglomération,Intersection à plus de 4 branches,Normale,Autre collision,,,,,,,,,,,1,2,5,1.0,6.0
201000065893,0010-03-27 16:40:00,10,3,27,16,40,750,120,"1, PLACE MARTIN NADAUD",,,Plein jour,En agglomération,Intersection à plus de 4 branches,Normale,Sans collision,,,,,,,,,,,1,2,5,1.0,7.0
201000065894,0010-03-27 20:20:00,10,3,27,20,20,750,120,"8, RUE SAINT FARGEAU",,,Nuit avec éclairage allumé,En agglomération,Intersection en T,Pluie légère,Deux véhicules - côté,,,,,,,,,,,5,2,3,2.0,3.0
201000065895,0010-03-29 13:45:00,10,3,29,13,45,750,120,"310, RUE DES PYRENEES",,,Plein jour,En agglomération,Hors intersection,Normale,Autre collision,,,,,,,,,,,1,2,1,1.0,6.0
201000065896,0010-04-01 08:20:00,10,4,1,8,20,750,120,"03, BOULEVARD MORTIER",,,Plein jour,En agglomération,Hors intersection,Normale,Autre collision,,,,,,,,,,,1,2,1,1.0,6.0
201000065897,0010-04-02 15:20:00,10,4,2,15,20,750,120,"60, RUE BELGRAND",,,Plein jour,En agglomération,Intersection en Y,Pluie légère,Deux véhicules - côté,,,,,,,,,,,1,2,4,2.0,3.0
201000065898,0010-04-02 19:45:00,10,4,2,19,45,750,120,"54, BOULEVARD DAVOUT",,,Plein jour,En agglomération,Intersection en T,Pluie légère,Autre collision,,,,,,,,,,,1,2,3,2.0,6.0
201000065899,0010-04-02 21:10:00,10,4,2,21,10,750,120,"257, RUE DES PYRENEES",,,Nuit avec éclairage allumé,En agglomération,Intersection en X,Pluie légère,Deux véhicules - côté,,,,,,,,,,,5,2,2,2.0,3.0
201000065900,0010-04-06 16:00:00,10,4,6,16,0,750,120,"62, RUE DES PYRENEES",,,Plein jour,En agglomération,Intersection en X,Normale,Autre collision,,,,,,,,,,,1,2,2,1.0,6.0
201000065901,0010-04-07 08:55:00,10,4,7,8,55,750,120,"2, RUE DES PYRENEES",,,Plein jour,En agglomération,Hors intersection,Normale,Autre collision,,,,,,,,,,,1,2,1,1.0,6.0
201000065902,0010-04-07 20:45:00,10,4,7,20,45,750,120,PORTE DE VINCENNES,,,Nuit avec éclairage allumé,En agglomération,Intersection à plus de 4 branches,Pluie légère,Autre collision,,,,,,,,,,,5,2,5,2.0,6.0
201000065903,0010-04-09 08:35:00,10,4,9,8,35,750,120,"19, RUE DES GRANDS CHAMP",,,Plein jour,En agglomération,Hors intersection,Normale,Autre collision,,,,,,,,,,,1,2,1,1.0,6.0
201000065904,0010-04-09 13:45:00,10,4,9,13,45,750,120,"ANGLE, AVENUE GAMBETTA",,,Plein jour,En agglomération,Intersection en T,Normale,Autre collision,,,,,,,,,,,1,2,3,1.0,6.0
201000065905,0010-04-09 14:30:00,10,4,9,14,30,750,120,"328, RUE DE BELLEVILLE",,,Plein jour,En agglomération,Hors intersection,Normale,Autre collision,,,,,,,,,,,1,2,1,1.0,6.0
201000065906,0010-04-09 17:30:00,10,4,9,17,30,750,120,"28, RUE PELLEPORT",,,Plein jour,En agglomération,Intersection en Y,Normale,Autre collision,,,,,,,,,,,1,2,4,1.0,6.0
201000065907,0010-04-10 17:40:00,10,4,10,17,40,750,120,AVENUE GAMBETTA,,,Plein jour,En agglomération,Intersection à plus de 4 branches,Normale,Deux véhicules - côté,,,,,,,,,,,1,2,5,1.0,3.0