accident_id,datetime,annee,mois,jour,heure,minute,departement,commune_insee,adresse,latitude,longitude,luminosite,agglomeration,intersection,meteo,collision,nb_vehicules,nb_usagers,nb_indemnes,nb_tues,nb_blesses_hosp,nb_blesses_legers,age_cond_1,age_cond_2,veh_type_cond_1,veh_type_cond_2,lum_code,agg_code,int_code,atm_code,col_code
201000066162,0010-01-01 01:15:00,10,1,1,1,15,750,116,"11, AVENUE DU PRESIDENT",,,Nuit avec éclairage allumé,En agglomération,Hors intersection,Normale,Autre collision,,,,,,,,,,,5,2,1,1.0,6.0
201000066163,0010-01-01 19:42:00,10,1,1,19,42,750,116,"38, BOULEVARD EXELMANS",,,Nuit avec éclairage allumé,En agglomération,Intersection en X,Normale,Autre collision,,,,,,,,,,,5,2,2,1.0,6.0
201000066164,0010-01-02 00:35:00,10,1,2,0,35,750,120,"45, RUE DES AMANDIERS",,,Nuit avec éclairage allumé,En agglomération,Hors intersection,Normale,Deux véhicules - arrière,,,,,,,,,,,5,2,1,1.0,2.0
201000066165,0010-01-03 23:30:00,10,1,3,23,30,750,107,RUE DE SOLFERINO,,,Nuit avec éclairage allumé,En agglomération,Intersection en T,Autre,Sans collision,,,,,,,,,,,5,2,3,9.0,7.0
201000066166,0010-01-06 17:00:00,10,1,6,17,0,750,106,"120, BOULEVARD RASPAIL",,,Crépuscule ou aube,En agglomération,Hors intersection,Normale,Autre collision,,,,,,,,,,,2,2,1,1.0,6.0
201000066167,0010-01-11 11:00:00,10,1,11,11,0,750,109,"40, BOULEVARD HAUSSMANN",,,Plein jour,En agglomération,Hors intersection,Normale,Autre collision,,,,,,,,,,,1,2,1,1.0,6.0
201000066168,0010-01-10 03:30:00,10,1,10,3,30,750,116,"53, BOULEVARD DE L AMIRA",,,Nuit avec éclairage allumé,En agglomération,Hors intersection,Neige / grêle,Autre collision,,,,,,,,,,,5,2,1,4.0,6.0
201000066169,0010-01-12 08:10:00,10,1,12,8,10,750,114,RUE JULIA BARTET,,,Plein jour,En agglomération,Intersection en Y,Temps couvert,Autre collision,,,,,,,,,,,1,2,4,8.0,6.0
201000066170,0010-01-12 10:00:00,10,1,12,10,0,750,113,PORTE D ITALIE,,,Plein jour,En agglomération,Intersection à plus de 4 branches,Normale,Sans collision,,,,,,,,,,,1,2,5,1.0,7.0
201000066171,0010-01-12 14:30:00,10,1,12,14,30,750,111,"41, AVENUE DE LA REPUBLI",,,Plein jour,En agglomération,Intersection à plus de 4 branches,Normale,Autre collision,,,,,,,,,,,1,2,5,1.0,6.0
201000066172,0010-01-14 02:05:00,10,1,14,2,5,750,104,QUAI DE GESVRES,,,Nuit avec éclairage allumé,En agglomération,Intersection en X,Pluie légère,Autre collision,,,,,,,,,,,5,2,2,2.0,6.0
201000066173,0010-01-15 23:10:00,10,1,15,23,10,750,115,"25, RUE PAUL BARRUEL",,,Nuit avec éclairage allumé,En agglomération,Intersection en X,Normale,Deux véhicules - côté,,,,,,,,,,,5,2,2,1.0,3.0
201000066174,0010-01-16 16:00:00,10,1,16,16,0,750,119,RUE DE CRIMEE,,,Plein jour,En agglomération,Intersection à plus de 4 branches,Pluie légère,Autre collision,,,,,,,,,,,1,2,5,2.0,6.0
201000066175,0010-01-16 22:45:00,10,1,16,22,45,750,119,"5, PLACE ARMAND CARREL",,,Nuit avec éclairage allumé,En agglomération,Intersection à plus de 4 branches,Pluie légère,Autre collision,,,,,,,,,,,5,2,5,2.0,6.0
201000066176,0010-01-17 11:55:00,10,1,17,11,55,750,113,"144, BOULEVARD DE L HOPI",,,Plein jour,En agglomération,Hors intersection,Normale,Autre collision,,,,,,,,,,,1,2,1,1.0,6.0
201000066177,0010-01-18 07:50:00,10,1,18,7,50,750,120,"71, COURS DE VINCENNES",,,Plein jour,En agglomération,Intersection en X,Normale,Deux véhicules - côté,,,,,,,,,,,1,2,2,1.0,3.0
201000066178,0010-01-19 14:35:00,10,1,19,14,35,750,117,"16, AVENUE NIEL",,,Plein jour,En agglomération,Hors intersection,Normale,Deux véhicules - côté,,,,,,,,,,,1,2,1,1.0,3.0
201000066179,0010-01-23 14:15:00,10,1,23,14,15,750,111,BOULEVARD VOLTAIRE,,,Plein jour,En agglomération,Intersection en X,Pluie légère,Trois véhicules et plus - collisions multiples,,,,,,,,,,,1,2,2,2.0,5.0
201000066180,0010-01-25 10:10:00,10,1,25,10,10,750,117,"55, AVENUE DE CLICHY",,,Plein jour,En agglomération,Hors intersection,Normale,Autre collision,,,,,,,,,,,1,2,1,1.0,6.0
201000066181,0010-01-26 15:15:00,10,1,26,15,15,750,113,"23, RUE DU JAVELOT",,,Plein jour,En agglomération,Hors intersection,Normale,Autre collision,,,,,,,,,,,1,2,1,1.0,6.0
201000066182,0010-01-28 05:05:00,10,1,28,5,5,750,108,PLACE CLEMENCEAU,,,Nuit avec éclairage allumé,En agglomération,Intersection à plus de 4 branches,Normale,Deux véhicules - côté,,,,,,,,,,,5,2,5,1.0,3.0
201000066183,0010-01-29 18:20:00,10,1,29,18,20,750,112,"10bis, RUE CHALIGNY",,,Nuit avec éclairage allumé,En agglomération,Hors intersection,Normale,Autre collision,,,,,,,,,,,5,2,1,1.0,6.0
201000066184,0010-01-31 00:30:00,10,1,31,0,30,750,111,"28, BOULEVARD BEAUMARCHA",,,Nuit avec éclairage allumé,En agglomération,Hors intersection,Normale,Autre collision,,,,,,,,,,,5,2,1,1.0,6.0
201000066185,0010-02-02 10:09:00,10,2,2,10,9,750,111,"120, AVENUE LEDRU ROLLIN",,,Plein jour,En agglomération,Hors intersection,Normale,Autre collision,,,,,,,,,,,1,2,1,1.0,6.0
201000066186,0010-02-02 11:27:00,10,2,2,11,27,750,113,"164, RUE DE TOLBIAC",,,Plein jour,En agglomération,Intersection en X,Pluie légère,Autre collision,,,,,,,,,,,1,2,2,2.0,6.0
201000066187,0010-02-03 20:30:00,10,2,3,20,30,750,108,"38, RUE DE ROME",,,Nuit avec éclairage allumé,En agglomération,Hors intersection,Normale,Autre collision,,,,,,,,,,,5,2,1,1.0,6.0
201000066188,0010-02-04 07:00:00,10,2,4,7,0,750,109,"52, BOULEVARD HAUSSMANN",,,Nuit avec éclairage allumé,En agglomération,Hors intersection,Normale,Autre collision,,,,,,,,,,,5,2,1,1.0,6.0
201000066189,0010-02-04 12:00:00,10,2,4,12,0,750,110,"63, RUE DU CHATEAU D EAU",,,Plein jour,En agglomération,Hors intersection,Normale,Deux véhicules - côté,,,,,,,,,,,1,2,1,1.0,3.0
201000066190,0010-02-05 02:30:00,10,2,5,2,30,750,114,"30, AVENUE DU GENERAL LE",,,Nuit avec éclairage allumé,En agglomération,Hors intersection,Pluie forte,Autre collision,,,,,,,,,,,5,2,1,3.0,6.0
201000066191,0010-02-05 18:33:00,10,2,5,18,33,750,111,"14, RUE DE CHARONNE",,,Nuit avec éclairage allumé,En agglomération,Hors intersection,Normale,Autre collision,,,,,,,,,,,5,2,1,1.0,6.0
201000066192,0010-02-05 23:30:00,10,2,5,23,30,750,110,"14, RUE DU HUIT MAI 1945",,,Nuit avec éclairage allumé,En agglomération,Intersection à plus de 4 branches,Normale,Autre collision,,,,,,,,,,,5,2,5,1.0,6.0
201000066193,0010-02-06 02:12:00,10,2,6,2,12,750,110,"16, RUE D HAUTEVILLE",,,Nuit avec éclairage allumé,En agglomération,Hors intersection,Pluie légère,Autre collision,,,,,,,,,,,5,2,1,2.0,6.0
201000066194,0010-02-07 13:00:00,10,2,7,13,0,750,106,BOULEVARD SAINT MICHEL,,,Plein jour,En agglomération,Hors intersection,Normale,Autre collision,,,,,,,,,,,1,2,1,1.0,6.0
201000066195,0010-02-07 22:00:00,10,2,7,22,0,750,104,QUAI DES CELESTINS,,,Nuit avec éclairage allumé,En agglomération,Hors intersection,Normale,Autre collision,,,,,,,,,,,5,2,1,1.0,6.0
201000066196,0010-02-08 15:00:00,10,2,8,15,0,750,115,"51, BOULEVARD LEFEBVRE",,,Plein jour,En agglomération,Intersection à plus de 4 branches,Temps couvert,Deux véhicules - côté,,,,,,,,,,,1,2,5,8.0,3.0
201000066197,0010-02-10 13:20:00,10,2,10,13,20,750,117,"35, AVENUE DE CLICHY",,,Plein jour,En agglomération,Hors intersection,Neige / grêle,Autre collision,,,,,,,,,,,1,2,1,4.0,6.0
201000066198,0010-02-10 13:35:00,10,2,10,13,35,750,107,"3, RUE PAUL LOUIS COURIE",,,Plein jour,En agglomération,Hors intersection,Neige / grêle,Deux véhicules - côté,,,,,,,,,,,1,2,1,4.0,3.0
201000066199,0010-02-10 23:24:00,10,2,10,23,24,750,112,ROUTE DE LA PYRAMIDE,,,Nuit avec éclairage allumé,En agglomération,Hors intersection,Neige / grêle,Autre collision,,,,,,,,,,,5,2,1,4.0,6.0
201000066200,0010-02-10 23:45:00,10,2,10,23,45,750,119,"12 bis, RUE DE LA SOLIDA",,,Nuit avec éclairage allumé,En agglomération,Intersection en X,Neige / grêle,Deux véhicules - arrière,,,,,,,,,,,5,2,2,4.0,2.0
201000066201,0010-02-11 16:28:00,10,2,11,16,28,750,112,"/, ROUTE DE LA GERBE",,,Plein jour,En agglomération,Intersection en T,Temps couvert,Deux véhicules - frontale,,,,,,,,,,,1,2,3,8.0,1.0
201000066202,0010-02-12 11:40:00,10,2,12,11,40,750,104,RUE DE LA CITE,,,Plein jour,En agglomération,Intersection en T,Normale,Deux véhicules - côté,,,,,,,,,,,1,2,3,1.0,3.0
201000066203,0010-02-12 14:25:00,10,2,12,14,25,750,110,"45, RUE DU FAUBOURG DU T",,,Plein jour,En agglomération,Hors intersection,Normale,Autre collision,,,,,,,,,,,1,2,1,1.0,6.0
201000066204,0010-02-15 16:25:00,10,2,15,16,25,750,118,RUE D AUBERVILLIERS,,,Plein jour,En agglomération,Intersection en T,Normale,Deux véhicules - arrière,,,,,,,,,,,1,2,3,1.0,2.0
201000066205,0010-02-17 19:23:00,10,2,17,19,23,750,110,"50, BOULEVARD DE STRASBO",,,Nuit avec éclairage allumé,En agglomération,Hors intersection,Normale,Autre collision,,,,,,,,,,,5,2,1,1.0,6.0
201000066206,0010-02-18 07:30:00,10,2,18,7,30,750,112,"41, BOULEVARD SOULT",,,Nuit avec éclairage allumé,En agglomération,Hors intersection,Normale,Autre collision,,,,,,,,,,,5,2,1,1.0,6.0
201000066207,0010-02-18 08:10:00,10,2,18,8,10,750,112,"20, RUE LOUIS BRAILLE",,,Plein jour,En agglomération,Hors intersection,Temps couvert,Deux véhicules - côté,,,,,,,,,,,1,2,1,8.0,3.0
201000066208,0010-02-18 14:20:00,10,2,18,14,20,750,105,"172, RUE SAINT JACQUES",,,Plein jour,En agglomération,Intersection en X,Normale,Autre collision,,,,,,,,,,,1,2,2,1.0,6.0
201000066209,0010-02-19 05:30:00,10,2,19,5,30,750,108,AVENUE DES CHAMPS ELYSEE,,,Nuit avec éclairage allumé,En agglomération,Intersection en X,Normale,Deux véhicules - côté,,,,,,,,,,,5,2,2,1.0,3.0
201000066210,0010-02-19 08:29:00,10,2,19,8,29,750,120,"4, PLACE MARTIN NADAUD",,,Plein jour,En agglomération,Intersection à plus de 4 branches,Normale,Trois véhicules et plus - en chaîne,,,,,,,,,,,1,2,5,1.0,4.0
201000066211,0010-02-23 14:35:00,10,2,23,14,35,750,105,BOULEVARD SAINT MICHEL,,,Plein jour,En agglomération,Intersection en X,Pluie légère,Trois véhicules et plus - en chaîne,,,,,,,,,,,1,2,2,2.0,4.0
201000066212,0010-02-23 20:40:00,10,2,23,20,40,750,117,"53, AVENUE DES TERNES",,,Nuit avec éclairage allumé,En agglomération,Hors intersection,Normale,Autre collision,,,,,,,,,,,5,2,1,1.0,6.0
201000066213,0010-02-24 16:20:00,10,2,24,16,20,750,106,"84, RUE DE VAUGIRARD",,,Plein jour,En agglomération,Intersection en X,Pluie légère,Autre collision,,,,,,,,,,,1,2,2,2.0,6.0
201000066214,0010-02-25 17:35:00,10,2,25,17,35,750,119,"11, RUE DU DEPARTEMENT",,,Plein jour,En agglomération,Hors intersection,Normale,Autre collision,,,,,,,,,,,1,2,1,1.0,6.0
201000066215,0010-02-26 22:40:00,10,2,26,22,40,750,116,"/, ALLEE DE LONGCHAMP",,,Nuit avec éclairage allumé,En agglomération,Intersection en X,Normale,Deux véhicules - côté,,,,,,,,,,,5,2,2,1.0,3.0
201000066216,0010-02-28 08:40:00,10,2,28,8,40,750,106,BOULEVARD SAINT GERMAIN,,,Plein jour,En agglomération,Intersection en X,Vent fort / tempête,Deux véhicules - côté,,,,,,,,,,,1,2,2,6.0,3.0
201000066217,0010-03-03 14:30:00,10,3,3,14,30,750,118,"03, RUE CUSTINE",,,Plein jour,En agglomération,Hors intersection,Normale,Deux véhicules - côté,,,,,,,,,,,1,2,1,1.0,3.0
201000066218,0010-03-03 17:15:00,10,3,3,17,15,750,120,"30, RUE LOUIS LUMIERE",,,Plein jour,En agglomération,Hors intersection,Normale,Autre collision,,,,,,,,,,,1,2,1,1.0,6.0
201000066219,0010-03-04 03:50:00,10,3,4,3,50,750,110,"200, QUAI DE JEMMAPES",,,Nuit avec éclairage allumé,En agglomération,Hors intersection,Normale,Autre collision,,,,,,,,,,,5,2,1,1.0,6.0
201000066220,0010-03-04 10:10:00,10,3,4,10,10,750,104,PONT LOUIS PHILIPPE,,,Plein jour,En agglomération,Intersection à plus de 4 branches,Normale,Autre collision,,,,,,,,,,,1,2,5,1.0,6.0
201000066221,0010-03-04 10:40:00,10,3,4,10,40,750,120,PLACE DE LA PORTE DE MON,,,Plein jour,En agglomération,Intersection à plus de 4 branches,Normale,Deux véhicules - côté,,,,,,,,,,,1,2,5,1.0,3.0
201000066222,0010-03-05 04:40:00,10,3,5,4,40,750,116,"54, AVENUE D IENA",,,Nuit avec éclairage allumé,En agglomération,Intersection à plus de 4 branches,Normale,Autre collision,,,,,,,,,,,5,2,5,1.0,6.0
201000066223,0010-03-06 11:35:00,10,3,6,11,35,750,117,"30, BOULEVARD GOUVION SA",,,Plein jour,En agglomération,Intersection en X,Pluie légère,Autre collision,,,,,,,,,,,1,2,2,2.0,6.0
201000066224,0010-03-08 08:44:00,10,3,8,8,44,750,112,PORTE DE CHARENTON,,,Plein jour,En agglomération,Intersection en Y,Normale,Deux véhicules - arrière,,,,,,,,,,,1,2,4,1.0,2.0
201000066225,0010-03-09 02:50:00,10,3,9,2,50,750,116,PORTE DE PASSY,,,Nuit avec éclairage allumé,En agglomération,Hors intersection,Normale,Autre collision,,,,,,,,,,,5,2,1,1.0,6.0
201000066226,0010-03-09 17:10:00,10,3,9,17,10,750,118,"56, BOULEVARD NEY",,,Plein jour,En agglomération,Intersection à plus de 4 branches,Normale,Autre collision,,,,,,,,,,,1,2,5,1.0,6.0
201000066227,0010-03-10 11:15:00,10,3,10,11,15,750,118,PORTE DE LA CHAPELLE,,,Plein jour,En agglomération,Hors intersection,Normale,Deux véhicules - arrière,,,,,,,,,,,1,2,1,1.0,2.0
201000066228,0010-03-11 15:15:00,10,3,11,15,15,750,101,"1, PLACE DU CHATELET",,,Plein jour,En agglomération,Hors intersection,Normale,Autre collision,,,,,,,,,,,1,2,1,1.0,6.0
201000066229,0010-03-12 15:15:00,10,3,12,15,15,750,119,"0, BOULEVARD SERURIER",,,Plein jour,Hors agglomération,Intersection en X,Normale,Autre collision,,,,,,,,,,,1,1,2,1.0,6.0
201000066230,0010-03-12 23:16:00,10,3,12,23,16,750,120,"8, RUE SAINT FARGEAU",,,Nuit avec éclairage allumé,En agglomération,Intersection en T,Normale,Autre collision,,,,,,,,,,,5,2,3,1.0,6.0
201000066231,0010-03-12 23:50:00,10,3,12,23,50,750,113,RUE VOLTAIRE,,,Nuit avec éclairage allumé,En agglomération,Hors intersection,Normale,Autre collision,,,,,,,,,,,5,2,1,1.0,6.0
201000066232,0010-03-13 14:22:00,10,3,13,14,22,750,116,BOULEVARD MURAT,,,Plein jour,En agglomération,Intersection en X,Normale,Deux véhicules - côté,,,,,,,,,,,1,2,2,1.0,3.0
201000066233,0010-03-13 17:24:00,10,3,13,17,24,750,104,QUAI AUX FLEURS,,,Plein jour,En agglomération,Intersection en X,Normale,Deux véhicules - côté,,,,,,,,,,,1,2,2,1.0,3.0
201000066234,0010-03-13 18:40:00,10,3,13,18,40,750,120,"81, BOULEVARD DE MENILMO",,,Nuit avec éclairage allumé,En agglomération,Hors intersection,Normale,Autre collision,,,,,,,,,,,5,2,1,1.0,6.0
201000066235,0010-03-14 04:35:00,10,3,14,4,35,750,110,BOULEVARD DE MAGENTA,,,Nuit avec éclairage allumé,En agglomération,Intersection à plus de 4 branches,Normale,Autre collision,,,,,,,,,,,5,2,5,1.0,6.0
201000066236,0010-03-15 22:50:00,10,3,15,22,50,750,112,BOULEVARD PONIATOWSKI,,,Nuit avec éclairage allumé,En agglomération,Intersection à plus de 4 branches,Normale,Deux véhicules - côté,,,,,,,,,,,5,2,5,1.0,3.0
201000066237,0010-03-16 01:15:00,10,3,16,1,15,750,106,", PLACE EDMOND ROSTAND",,,Nuit avec éclairage allumé,En agglomération,Intersection à plus de 4 branches,Normale,Autre collision,,,,,,,,,,,5,2,5,1.0,6.0
201000066238,0010-03-16 20:30:00,10,3,16,20,30,750,105,"25, RUE DES ECOLES",,,Nuit avec éclairage allumé,En agglomération,Intersection en X,Normale,Autre collision,,,,,,,,,,,5,2,2,1.0,6.0
201000066239,0010-03-17 17:35:00,10,3,17,17,35,750,105,"269, RUE SAINT JACQUES",,,Plein jour,En agglomération,Hors intersection,Normale,Autre collision,,,,,,,,,,,1,2,1,1.0,6.0
201000066240,0010-03-17 19:10:00,10,3,17,19,10,750,102,"01, BOULEVARD DE BONNE N",,,Nuit avec éclairage allumé,En agglomération,Hors intersection,Normale,Autre collision,,,,,,,,,,,5,2,1,1.0,6.0
201000066241,0010-03-18 23:00:00,10,3,18,23,0,750,117,"132, AVENUE DE WAGRAM",,,Nuit avec éclairage allumé,En agglomération,Hors intersection,Normale,Autre collision,,,,,,,,,,,5,2,1,1.0,6.0
201000066242,0010-03-19 17:22:00,10,3,19,17,22,750,108,"33, AVENUE GEORGE V",,,Plein jour,En agglomération,Hors intersection,Normale,Deux véhicules - arrière,,,,,,,,,,,1,2,1,1.0,2.0
201000066243,0010-03-19 19:05:00,10,3,19,19,5,750,112,AVENUE DE LA PORTE DE VI,,,Nuit avec éclairage allumé,En agglomération,Hors intersection,Pluie légère,Sans collision,,,,,,,,,,,5,2,1,2.0,7.0
201000066244,0010-03-19 21:30:00,10,3,19,21,30,750,111,"20, AVENUE DE LA REPUBLI",,,Nuit avec éclairage allumé,En agglomération,Hors intersection,Pluie légère,Deux véhicules - frontale,,,,,,,,,,,5,2,1,2.0,1.0
201000066245,0010-03-20 06:00:00,10,3,20,6,0,750,117,BOULEVARD PERIPHERIQUE I,,,Nuit avec éclairage allumé,En agglomération,Hors intersection,Pluie légère,Trois véhicules et plus - en chaîne,,,,,,,,,,,5,2,1,2.0,4.0
201000066246,0010-03-20 09:11:00,10,3,20,9,11,750,113,BOULEVARD PERIPHERIQUE I,,,Plein jour,En agglomération,Hors intersection,Pluie forte,Deux véhicules - côté,,,,,,,,,,,1,2,1,3.0,3.0
201000066247,0010-03-21 05:00:00,10,3,21,5,0,750,112,QUAI DE LA RAPEE,,,Nuit avec éclairage allumé,En agglomération,Hors intersection,Normale,Autre collision,,,,,,,,,,,5,2,1,1.0,6.0
201000066248,0010-03-21 11:19:00,10,3,21,11,19,750,112,ROUTE DAUPHINE,,,Plein jour,Hors agglomération,Hors intersection,Normale,Autre collision,,,,,,,,,,,1,1,1,1.0,6.0
201000066249,0010-03-23 08:45:00,10,3,23,8,45,750,112,AVENUE DU TREMBLAY,,,Plein jour,En agglomération,Hors intersection,Normale,Autre collision,,,,,,,,,,,1,2,1,1.0,6.0
201000066250,0010-03-24 13:30:00,10,3,24,13,30,750,113,"160, AVENUE DE FRANCE",,,Plein jour,En agglomération,Hors intersection,Normale,Autre collision,,,,,,,,,,,1,2,1,1.0,6.0
201000066251,0010-03-24 16:00:00,10,3,24,16,0,750,113,BOULEVARD PERIPHERIQUE I,,,Plein jour,En agglomération,Hors intersection,Normale,Trois véhicules et plus - en chaîne,,,,,,,,,,,1,2,1,1.0,4.0
201000066252,0010-03-24 17:40:00,10,3,24,17,40,750,101,"194,RUE DE RIVOLI",,,Plein jour,En agglomération,Intersection à plus de 4 branches,Normale,Autre collision,,,,,,,,,,,1,2,5,1.0,6.0
201000066253,0010-03-25 17:15:00,10,3,25,17,15,750,117,"46, RUE POUCHET",,,Plein jour,En agglomération,Intersection en X,Pluie légère,Autre collision,,,,,,,,,,,1,2,2,2.0,6.0
201000066254,0010-03-25 19:10:00,10,3,25,19,10,750,110,"41, BOULEVARD DE LA CHAP",,,Nuit avec éclairage allumé,En agglomération,Hors intersection,Normale,Autre collision,,,,,,,,,,,5,2,1,1.0,6.0
201000066255,0010-03-26 13:40:00,10,3,26,13,40,750,116,PORTE D AUTEUIL,,,Plein jour,Hors agglomération,Hors intersection,Normale,Deux véhicules - côté,,,,,,,,,,,1,1,1,1.0,3.0
201000066256,0010-03-27 06:25:00,10,3,27,6,25,750,104,VOIE GEORGES POMPIDOU,,,Crépuscule ou aube,En agglomération,Hors intersection,Pluie légère,Autre collision,,,,,,,,,,,2,2,1,2.0,6.0
201000066257,0010-03-27 13:50:00,10,3,27,13,50,750,107,RUE DE LILLE,,,Plein jour,En agglomération,Intersection à plus de 4 branches,Normale,Autre collision,,,,,,,,,,,1,2,5,1.0,6.0
201000066258,0010-03-31 05:45:00,10,3,31,5,45,750,112,"70, AVENUE DAUMESNIL",,,Nuit avec éclairage allumé,En agglomération,Intersection en T,Normale,Deux véhicules - côté,,,,,,,,,,,5,2,3,1.0,3.0
201000066259,0010-04-01 23:20:00,10,4,1,23,20,750,116,AVENUE DE LA GRANDE ARME,,,Nuit avec éclairage allumé,En agglomération,Intersection à plus de 4 branches,Normale,Autre collision,,,,,,,,,,,5,2,5,1.0,6.0
201000066260,0010-04-01 23:25:00,10,4,1,23,25,750,120,"7, RUE DES PARTANTS",,,Nuit avec éclairage allumé,En agglomération,Hors intersection,Normale,Autre collision,,,,,,,,,,,5,2,1,1.0,6.0
201000066261,0010-04-02 02:40:00,10,4,2,2,40,750,119,BOULEVARD PERIPHERIQUE,,,Nuit avec éclairage allumé,Hors agglomération,Intersection en Y,Normale,Deux véhicules - côté,,,,,,,,,,,5,1,4,1.0,3.0
201000066262,0010-04-02 17:35:00,10,4,2,17,35,750,115,RUE LECOURBE,,,Plein jour,En agglomération,Intersection à plus de 4 branches,Normale,Deux véhicules - côté,,,,,,,,,,,1,2,5,1.0,3.0
201000066263,0010-04-03 14:35:00,10,4,3,14,35,750,112,BOULEVARD DE REUILLY,,,Plein jour,En agglomération,Intersection à plus de 4 branches,Pluie légère,Autre collision,,,,,,,,,,,1,2,5,2.0,6.0
201000066264,0010-04-04 19:10:00,10,4,4,19,10,750,115,BOULEVARD PERIPHERIQUE E,,,Plein jour,En agglomération,Hors intersection,Normale,Deux véhicules - arrière,,,,,,,,,,,1,2,1,1.0,2.0
201000066265,0010-04-05 18:00:00,10,4,5,18,0,750,112,"100, AVENUE DAUMESNIL",,,Plein jour,En agglomération,Hors intersection,Normale,Sans collision,,,,,,,,,,,1,2,1,1.0,7.0
201000066266,0010-04-07 11:05:00,10,4,7,11,5,750,118,"1, RUE MARX DORMOY",,,Plein jour,En agglomération,Intersection en T,Normale,Autre collision,,,,,,,,,,,1,2,3,1.0,6.0
201000066267,0010-04-08 02:20:00,10,4,8,2,20,750,111,", AVENUE PHILIPPE AUGUST",,,Nuit avec éclairage allumé,En agglomération,Intersection en X,Normale,Deux véhicules - frontale,,,,,,,,,,,5,2,2,1.0,1.0
201000066268,0010-04-09 23:00:00,10,4,9,23,0,750,117,PLACE DE LA PORTE DE CHA,,,Nuit avec éclairage allumé,En agglomération,Intersection à plus de 4 branches,Normale,Deux véhicules - côté,,,,,,,,,,,5,2,5,1.0,3.0
201000066269,0010-04-10 05:49:00,10,4,10,5,49,750,118,BOULEVARD PERIPHERIQUE I,,,Nuit sans éclairage public,En agglomération,Hors intersection,Normale,Deux véhicules - arrière,,,,,,,,,,,3,2,1,1.0,2.0
201000066270,0010-04-11 19:00:00,10,4,11,19,0,750,106,"58, BOULEVARD SAINT MICH",,,Plein jour,En agglomération,Hors intersection,Normale,Autre collision,,,,,,,,,,,1,2,1,1.0,6.0
201000066271,0010-04-12 14:10:00,10,4,12,14,10,750,113,BOULEVARD DE L HOPITAL,,,Plein jour,En agglomération,Intersection en Y,Normale,Deux véhicules - côté,,,,,,,,,,,1,2,4,1.0,3.0
201000066272,0010-04-14 00:38:00,10,4,14,0,38,750,117,"8, BOULEVARD BERTHIER",,,Nuit avec éclairage allumé,En agglomération,Hors intersection,Normale,Autre collision,,,,,,,,,,,5,2,1,1.0,6.0
201000066273,0010-04-18 01:05:00,10,4,18,1,5,750,103,"54, RUE DU VERTBOIS",,,Nuit avec éclairage allumé,En agglomération,Hors intersection,Normale,Autre collision,,,,,,,,,,,5,2,1,1.0,6.0
201000066274,0010-04-18 01:45:00,10,4,18,1,45,750,106,"43, RUE DE VAUGIRARD",,,Nuit avec éclairage allumé,En agglomération,Intersection en X,Normale,Deux véhicules - côté,,,,,,,,,,,5,2,2,1.0,3.0
201000066275,0010-04-18 19:48:00,10,4,18,19,48,750,119,"4, AVENUE SECRETAN",,,Plein jour,En agglomération,Hors intersection,Normale,Autre collision,,,,,,,,,,,1,2,1,1.0,6.0
201000066276,0010-04-19 09:20:00,10,4,19,9,20,750,116,ROUTE DE SEVRES A NEUILL,,,Plein jour,En agglomération,Hors intersection,Normale,Autre collision,,,,,,,,,,,1,2,1,1.0,6.0
201000066277,0010-04-19 14:00:00,10,4,19,14,0,750,118,"128, AVENUE DE SAINT OUE",,,Plein jour,En agglomération,Hors intersection,Normale,Sans collision,,,,,,,,,,,1,2,1,1.0,7.0
201000066278,0010-04-20 15:59:00,10,4,20,15,59,750,117,PORTE DE CLICHY,,,Plein jour,En agglomération,Hors intersection,Normale,Deux véhicules - côté,,,,,,,,,,,1,2,1,1.0,3.0
201000066279,0010-04-22 00:40:00,10,4,22,0,40,750,115,"21, AVENUE EMILE ZOLA",,,Nuit avec éclairage allumé,En agglomération,Hors intersection,Normale,Autre collision,,,,,,,,,,,5,2,1,1.0,6.0
201000066280,0010-04-22 08:05:00,10,4,22,8,5,750,115,"114, RUE DE LA CONVENTIO",,,Plein jour,En agglomération,Hors intersection,Normale,Autre collision,,,,,,,,,,,1,2,1,1.0,6.0
201000066281,0010-04-22 12:20:00,10,4,22,12,20,750,117,PORTE MAILLOT,,,Plein jour,En agglomération,Hors intersection,Normale,Deux véhicules - côté,,,,,,,,,,,1,2,1,1.0,3.0
201000066282,0010-04-22 22:10:00,10,4,22,22,10,750,112,"000, AVENUE DU TREMBLAY",,,Nuit avec éclairage allumé,En agglomération,Intersection en X,Normale,Deux véhicules - côté,,,,,,,,,,,5,2,2,1.0,3.0
201000066283,0010-04-23 17:25:00,10,4,23,17,25,750,104,QUAI DE L HOTEL DE VILLE,,,Plein jour,En agglomération,Intersection en T,Normale,Deux véhicules - côté,,,,,,,,,,,1,2,3,1.0,3.0
201000066284,0010-04-23 18:40:00,10,4,23,18,40,750,113,"33, RUE DU CHATEAU DES R",,,Plein jour,En agglomération,Intersection en T,Normale,Autre collision,,,,,,,,,,,1,2,3,1.0,6.0
201000066285,0010-04-24 03:20:00,10,4,24,3,20,750,110,PLACE DE STALINGRAD,,,Nuit avec éclairage allumé,En agglomération,Intersection à plus de 4 branches,Normale,Deux véhicules - côté,,,,,,,,,,,5,2,5,1.0,3.0