accident_id,datetime,annee,mois,jour,heure,minute,departement,commune_insee,adresse,latitude,longitude,luminosite,agglomeration,intersection,meteo,collision,nb_vehicules,nb_usagers,nb_indemnes,nb_tues,nb_blesses_hosp,nb_blesses_legers,age_cond_1,age_cond_2,veh_type_cond_1,veh_type_cond_2,lum_code,agg_code,int_code,atm_code,col_code
201000067300,0010-05-16 13:00:00,10,5,16,13,0,972,5,,,,Plein jour,Hors agglomération,Hors intersection,Normale,Sans collision,,,,,,,,,,,1,1,1,1.0,7.0
201000067301,0010-06-29 16:00:00,10,6,29,16,0,972,34,,,,Plein jour,Hors agglomération,Hors intersection,Normale,Trois véhicules et plus - collisions multiples,,,,,,,,,,,1,1,1,1.0,5.0
201000067302,0010-07-13 12:30:00,10,7,13,12,30,972,5,,,,Plein jour,Hors agglomération,Hors intersection,Normale,Deux véhicules - frontale,,,,,,,,,,,1,1,1,1.0,1.0
201000067303,0010-08-08 10:30:00,10,8,8,10,30,972,5,,,,Plein jour,Hors agglomération,Hors intersection,Pluie forte,Deux véhicules - côté,,,,,,,,,,,1,1,1,3.0,3.0
201000067304,0010-09-03 06:45:00,10,9,3,6,45,972,5,,,,Plein jour,Hors agglomération,Hors intersection,Normale,Deux véhicules - côté,,,,,,,,,,,1,1,1,1.0,3.0
201000067305,0010-09-04 14:30:00,10,9,4,14,30,972,34,Le bourg,,,Plein jour,En agglomération,Hors intersection,Normale,Autre collision,,,,,,,,,,,1,2,1,1.0,6.0
201000067306,0010-09-10 17:45:00,10,9,10,17,45,972,5,,,,Plein jour,Hors agglomération,Hors intersection,Temps couvert,Sans collision,,,,,,,,,,,1,1,1,8.0,7.0
201000067307,0010-09-16 07:00:00,10,9,16,7,0,972,5,,,,Plein jour,Hors agglomération,Hors intersection,Normale,Deux véhicules - côté,,,,,,,,,,,1,1,1,1.0,3.0
201000067308,0010-10-09 12:45:00,10,10,9,12,45,972,5,,,,Plein jour,Hors agglomération,Hors intersection,Pluie légère,Deux véhicules - côté,,,,,,,,,,,1,1,1,2.0,3.0
201000067309,0010-12-05 10:00:00,10,12,5,10,0,972,5,RN2 BOURG,,,Plein jour,En agglomération,Hors intersection,Normale,Deux véhicules - frontale,,,,,,,,,,,1,2,1,1.0,1.0
201000067310,0010-12-19 09:00:00,10,12,19,9,0,972,5,,,,Plein jour,Hors agglomération,Hors intersection,Normale,Deux véhicules - côté,,,,,,,,,,,1,1,1,1.0,3.0
201000067311,0010-04-23 05:00:00,10,4,23,5,0,972,4,rue du général de gaulle,,,Nuit sans éclairage public,En agglomération,Hors intersection,Normale,Deux véhicules - frontale,,,,,,,,,,,3,2,1,1.0,1.0
201000067312,0010-05-13 19:00:00,10,5,13,19,0,972,4,Le Bourg - RN 2,,,Nuit avec éclairage allumé,En agglomération,Hors intersection,Normale,Deux véhicules - côté,,,,,,,,,,,5,2,1,1.0,3.0
201000067313,0010-06-12 22:00:00,10,6,12,22,0,972,4,,,,Nuit sans éclairage public,Hors agglomération,Hors intersection,Pluie légère,Deux véhicules - frontale,,,,,,,,,,,3,1,1,2.0,1.0
201000067314,0010-09-09 07:30:00,10,9,9,7,30,972,8,,,,Plein jour,Hors agglomération,Hors intersection,Pluie légère,Deux véhicules - frontale,,,,,,,,,,,1,1,1,2.0,1.0
201000067315,0010-12-06 21:30:00,10,12,6,21,30,972,25,,,,Nuit sans éclairage public,Hors agglomération,Hors intersection,Temps couvert,Sans collision,,,,,,,,,,,3,1,1,8.0,7.0
201000067316,0010-12-25 21:15:00,10,12,25,21,15,972,19,,,,Nuit avec éclairage allumé,En agglomération,Hors intersection,Pluie forte,Sans collision,,,,,,,,,,,5,2,1,3.0,7.0
201000067317,0010-07-11 19:15:00,10,7,11,19,15,972,18,RUE JEAN JAURES,,,Nuit avec éclairage allumé,En agglomération,Hors intersection,Normale,Deux véhicules - côté,,,,,,,,,,,5,2,1,1.0,3.0
201000067318,0010-10-14 10:15:00,10,10,14,10,15,972,18,FOND GUILLET,,,Plein jour,En agglomération,Hors intersection,Normale,Sans collision,,,,,,,,,,,1,2,1,1.0,7.0
201000067319,0010-11-28 11:00:00,10,11,28,11,0,972,18,,,,Plein jour,En agglomération,Hors intersection,Pluie forte,Deux véhicules - frontale,,,,,,,,,,,1,2,1,3.0,1.0
201000067320,0010-01-13 20:30:00,10,1,13,20,30,972,10,,,,Nuit sans éclairage public,Hors agglomération,Hors intersection,Normale,Sans collision,,,,,,,,,,,3,1,1,1.0,7.0
201000067321,0010-01-15 19:15:00,10,1,15,19,15,972,32,Bourg,,,Crépuscule ou aube,En agglomération,Hors intersection,Normale,Deux véhicules - côté,,,,,,,,,,,2,2,1,1.0,3.0
201000067322,0010-01-28 13:45:00,10,1,28,13,45,972,10,Quartier Morne Courbaril,,,Plein jour,En agglomération,Hors intersection,Normale,Autre collision,,,,,,,,,,,1,2,1,1.0,6.0
201000067323,0010-02-24 18:45:00,10,2,24,18,45,972,10,,,,Nuit sans éclairage public,Hors agglomération,Hors intersection,Normale,Sans collision,,,,,,,,,,,3,1,1,1.0,7.0
201000067324,0010-03-05 16:00:00,10,3,5,16,0,972,10,,,,Plein jour,Hors agglomération,Hors intersection,Normale,Trois véhicules et plus - en chaîne,,,,,,,,,,,1,1,1,1.0,4.0
201000067325,0010-04-18 14:45:00,10,4,18,14,45,972,10,,,,Plein jour,Hors agglomération,Hors intersection,Normale,Autre collision,,,,,,,,,,,1,1,1,1.0,6.0
201000067326,0010-05-02 11:30:00,10,5,2,11,30,972,10,Boulevard des fusillés,,,Plein jour,En agglomération,Hors intersection,Normale,Autre collision,,,,,,,,,,,1,2,1,1.0,6.0
201000067327,0010-05-06 20:00:00,10,5,6,20,0,972,10,,,,Nuit sans éclairage public,En agglomération,Hors intersection,Normale,Deux véhicules - frontale,,,,,,,,,,,3,2,1,1.0,1.0
201000067328,0010-09-04 18:45:00,10,9,4,18,45,972,10,,,,Nuit avec éclairage allumé,En agglomération,Hors intersection,Normale,Autre collision,,,,,,,,,,,5,2,1,1.0,6.0
201000067329,0010-10-29 18:00:00,10,10,29,18,0,972,10,,,,Crépuscule ou aube,Hors agglomération,Hors intersection,Normale,Autre collision,,,,,,,,,,,2,1,1,1.0,6.0
201000067330,0010-12-28 12:15:00,10,12,28,12,15,972,10,,,,Plein jour,Hors agglomération,Hors intersection,Normale,Deux véhicules - frontale,,,,,,,,,,,1,1,1,1.0,1.0
201000067331,0010-12-31 02:15:00,10,12,31,2,15,972,10,,,,Nuit sans éclairage public,Hors agglomération,Hors intersection,Normale,Autre collision,,,,,,,,,,,3,1,1,1.0,6.0
201000067332,0010-01-24 04:00:00,10,1,24,4,0,972,7,,,,Nuit sans éclairage public,Hors agglomération,Hors intersection,Normale,Deux véhicules - arrière,,,,,,,,,,,3,1,1,1.0,2.0
201000067333,0010-02-27 16:00:00,10,2,27,16,0,972,7,,,,Plein jour,Hors agglomération,Hors intersection,Normale,Trois véhicules et plus - collisions multiples,,,,,,,,,,,1,1,1,1.0,5.0
201000067334,0010-03-23 12:30:00,10,3,23,12,30,972,7,avenue Jean Jaurès,,,Plein jour,En agglomération,Intersection en T,Normale,Deux véhicules - côté,,,,,,,,,,,1,2,3,1.0,3.0
201000067335,0010-05-10 15:45:00,10,5,10,15,45,972,7,avenue Frantz Fanon,,,Plein jour,En agglomération,Hors intersection,Normale,Autre collision,,,,,,,,,,,1,2,1,1.0,6.0
201000067336,0010-07-03 18:30:00,10,7,3,18,30,972,23,,,,Nuit sans éclairage public,Hors agglomération,Hors intersection,Normale,Deux véhicules - côté,,,,,,,,,,,3,1,1,1.0,3.0
201000067337,0010-08-02 19:45:00,10,8,2,19,45,972,23,RUE CASSIEN STE CLAIRE,,,Nuit avec éclairage allumé,En agglomération,Hors intersection,Normale,Deux véhicules - frontale,,,,,,,,,,,5,2,1,1.0,1.0
201000067338,0010-08-06 03:30:00,10,8,6,3,30,972,7,RN 8 PAYS NOYE,,,Nuit avec éclairage allumé,En agglomération,Hors intersection,Normale,Autre collision,,,,,,,,,,,5,2,1,1.0,6.0
201000067339,0010-08-17 11:45:00,10,8,17,11,45,972,7,,,,Plein jour,En agglomération,Hors intersection,Normale,Autre collision,,,,,,,,,,,1,2,1,1.0,6.0
201000067340,0010-08-20 14:00:00,10,8,20,14,0,972,7,Avenue Jean Jaures,,,Plein jour,En agglomération,Hors intersection,Pluie forte,Deux véhicules - frontale,,,,,,,,,,,1,2,1,3.0,1.0
201000067341,0010-09-14 06:35:00,10,9,14,6,35,972,7,,,,Plein jour,En agglomération,Hors intersection,Normale,Autre collision,,,,,,,,,,,1,2,1,1.0,6.0
201000067342,0010-10-09 12:00:00,10,10,9,12,0,972,7,,,,Plein jour,Hors agglomération,Hors intersection,Normale,Deux véhicules - arrière,,,,,,,,,,,1,1,1,1.0,2.0
201000067343,0010-11-16 15:30:00,10,11,16,15,30,972,7,,,,Plein jour,En agglomération,Intersection en X,Normale,Deux véhicules - frontale,,,,,,,,,,,1,2,2,1.0,1.0
201000067344,0010-04-30 13:45:00,10,4,30,13,45,972,23,Rue Gueydon,,,Plein jour,En agglomération,Hors intersection,Normale,Deux véhicules - côté,,,,,,,,,,,1,2,1,1.0,3.0
201000067345,0010-06-09 09:30:00,10,6,9,9,30,972,23,GUEYDON,,,Plein jour,En agglomération,Intersection en T,Pluie forte,Deux véhicules - côté,,,,,,,,,,,1,2,3,3.0,3.0
201000067346,0010-11-17 10:00:00,10,11,17,10,0,972,23,,,,Plein jour,En agglomération,Hors intersection,Normale,Deux véhicules - côté,,,,,,,,,,,1,2,1,1.0,3.0
201000067347,0010-02-06 16:00:00,10,2,6,16,0,972,20,,,,Plein jour,Hors agglomération,Hors intersection,Normale,Autre collision,,,,,,,,,,,1,1,1,1.0,6.0
201000067348,0010-04-16 17:45:00,10,4,16,17,45,972,20,rond point Zombie,,,Plein jour,En agglomération,Giratoire,Normale,Autre collision,,,,,,,,,,,1,2,6,1.0,6.0
201000067349,0010-12-13 20:00:00,10,12,13,20,0,972,27,,,,Nuit sans éclairage public,Hors agglomération,Hors intersection,Normale,Sans collision,,,,,,,,,,,3,1,1,1.0,7.0
201000067350,0010-12-23 17:00:00,10,12,23,17,0,972,20,,,,Plein jour,Hors agglomération,Hors intersection,Normale,Sans collision,,,,,,,,,,,1,1,1,1.0,7.0
201000067351,0010-02-17 16:45:00,10,2,17,16,45,972,32,,,,Plein jour,Hors agglomération,Hors intersection,Temps éblouissant,Autre collision,,,,,,,,,,,1,1,1,7.0,6.0
201000067352,0010-04-14 18:00:00,10,4,14,18,0,972,32,Entrée Nord Bourg,,,Plein jour,En agglomération,Hors intersection,Normale,Autre collision,,,,,,,,,,,1,2,1,1.0,6.0
201000067353,0010-06-05 19:30:00,10,6,5,19,30,972,32,,,,Nuit sans éclairage public,Hors agglomération,Hors intersection,Normale,Sans collision,,,,,,,,,,,3,1,1,1.0,7.0
201000067354,0010-08-12 20:30:00,10,8,12,20,30,972,32,,,,Nuit sans éclairage public,Hors agglomération,Hors intersection,Normale,Sans collision,,,,,,,,,,,3,1,1,1.0,7.0
201000067355,0010-12-27 21:45:00,10,12,27,21,45,972,32,RN6 Entrée du Bourg,,,Nuit avec éclairage allumé,En agglomération,Hors intersection,Normale,Deux véhicules - frontale,,,,,,,,,,,5,2,1,1.0,1.0
201000067356,0010-01-30 20:15:00,10,1,30,20,15,972,17,,,,Nuit sans éclairage public,Hors agglomération,Hors intersection,Normale,Trois véhicules et plus - collisions multiples,,,,,,,,,,,3,1,1,1.0,5.0
201000067357,0010-02-12 08:00:00,10,2,12,8,0,972,17,rn 5,,,Plein jour,En agglomération,Hors intersection,Normale,Deux véhicules - côté,,,,,,,,,,,1,2,1,1.0,3.0
201000067358,0010-02-17 13:00:00,10,2,17,13,0,972,17,,,,Plein jour,Hors agglomération,Hors intersection,Normale,Deux véhicules - frontale,,,,,,,,,,,1,1,1,1.0,1.0
201000067359,0010-09-01 08:30:00,10,9,1,8,30,972,17,,,,Plein jour,Hors agglomération,Hors intersection,Normale,Sans collision,,,,,,,,,,,1,1,1,1.0,7.0
201000067360,0010-09-20 09:00:00,10,9,20,9,0,972,17,"montgerald, esp alizé",,,Plein jour,En agglomération,Hors intersection,Normale,Autre collision,,,,,,,,,,,1,2,1,1.0,6.0
201000067361,0010-12-13 07:15:00,10,12,13,7,15,972,17,RN6 LES ALIZES,,,Plein jour,En agglomération,Hors intersection,Normale,Autre collision,,,,,,,,,,,1,2,1,1.0,6.0
201000067362,0010-02-06 15:15:00,10,2,6,15,15,972,21,RUE  ALPHONSE  JEAN-JOSP,,,Plein jour,En agglomération,Hors intersection,Normale,Deux véhicules - frontale,,,,,,,,,,,1,2,1,1.0,1.0
201000067363,0010-03-20 05:45:00,10,3,20,5,45,972,97,,,,Crépuscule ou aube,En agglomération,Hors intersection,Normale,Deux véhicules - frontale,,,,,,,,,,,2,2,1,1.0,1.0
201000067364,0010-04-22 12:15:00,10,4,22,12,15,972,21,rd7a,,,Plein jour,En agglomération,Hors intersection,Normale,Deux véhicules - frontale,,,,,,,,,,,1,2,1,1.0,1.0
201000067365,0010-07-25 15:00:00,10,7,25,15,0,972,21,,,,Plein jour,Hors agglomération,Hors intersection,Pluie légère,Trois véhicules et plus - collisions multiples,,,,,,,,,,,1,1,1,2.0,5.0
201000067366,0010-09-03 12:15:00,10,9,3,12,15,972,21,intersection sans pareil,,,Plein jour,En agglomération,Hors intersection,Normale,Deux véhicules - côté,,,,,,,,,,,1,2,1,1.0,3.0
201000067367,0010-09-29 20:15:00,10,9,29,20,15,972,21,,,,Nuit sans éclairage public,Hors agglomération,Hors intersection,Normale,Deux véhicules - frontale,,,,,,,,,,,3,1,1,1.0,1.0
201000067368,0010-11-07 17:45:00,10,11,7,17,45,972,21,,,,Nuit avec éclairage allumé,Hors agglomération,Hors intersection,Normale,Trois véhicules et plus - collisions multiples,,,,,,,,,,,5,1,1,1.0,5.0
201000067369,0010-11-14 13:15:00,10,11,14,13,15,972,21,,,,Plein jour,Hors agglomération,Hors intersection,Normale,Deux véhicules - arrière,,,,,,,,,,,1,1,1,1.0,2.0
201000067370,0010-03-01 01:30:00,10,3,1,1,30,972,31,,,,Nuit sans éclairage public,Hors agglomération,Hors intersection,Normale,Deux véhicules - arrière,,,,,,,,,,,3,1,1,1.0,2.0
201000067371,0010-04-17 05:15:00,10,4,17,5,15,972,31,,,,Crépuscule ou aube,Hors agglomération,Hors intersection,Pluie légère,Autre collision,,,,,,,,,,,2,1,1,2.0,6.0
201000067372,0010-04-23 02:15:00,10,4,23,2,15,972,21,,,,Nuit sans éclairage public,Hors agglomération,Hors intersection,Normale,Deux véhicules - frontale,,,,,,,,,,,3,1,1,1.0,1.0
201000067373,0010-02-17 20:30:00,10,2,17,20,30,972,6,route des ANSES d'ARLET,,,Nuit sans éclairage public,En agglomération,Hors intersection,Normale,Deux véhicules - frontale,,,,,,,,,,,3,2,1,1.0,1.0
201000067374,0010-04-04 07:15:00,10,4,4,7,15,972,6,rue des arawaks,,,Plein jour,En agglomération,Hors intersection,Normale,Deux véhicules - côté,,,,,,,,,,,1,2,1,1.0,3.0
201000067375,0010-04-17 04:30:00,10,4,17,4,30,972,31,,,,Nuit sans éclairage public,Hors agglomération,Hors intersection,Temps couvert,Autre collision,,,,,,,,,,,3,1,1,8.0,6.0
201000067376,0010-10-30 14:45:00,10,10,30,14,45,972,6,,,,Plein jour,Hors agglomération,Hors intersection,Pluie forte,Deux véhicules - côté,,,,,,,,,,,1,1,1,3.0,3.0
201000067377,0010-11-29 19:45:00,10,11,29,19,45,972,31,CD7,,,Nuit avec éclairage allumé,En agglomération,Hors intersection,Normale,Deux véhicules - côté,,,,,,,,,,,5,2,1,1.0,3.0
201000067378,0010-05-14 21:30:00,10,5,14,21,30,972,30,,,,Nuit sans éclairage public,Hors agglomération,Hors intersection,Normale,Autre collision,,,,,,,,,,,3,1,1,1.0,6.0
201000067379,0010-07-03 20:30:00,10,7,3,20,30,972,30,,,,Nuit sans éclairage public,Hors agglomération,Hors intersection,Normale,Deux véhicules - frontale,,,,,,,,,,,3,1,1,1.0,1.0
201000067380,0010-07-18 15:45:00,10,7,18,15,45,972,30,,,,Plein jour,Hors agglomération,Hors intersection,Normale,Trois véhicules et plus - collisions multiples,,,,,,,,,,,1,1,1,1.0,5.0
201000067381,0010-08-19 19:45:00,10,8,19,19,45,972,30,,,,Nuit sans éclairage public,Hors agglomération,Hors intersection,Normale,Deux véhicules - frontale,,,,,,,,,,,3,1,1,1.0,1.0
201000067382,0010-08-24 13:45:00,10,8,24,13,45,972,30,,,,Plein jour,Hors agglomération,Hors intersection,Normale,Deux véhicules - frontale,,,,,,,,,,,1,1,1,1.0,1.0
201000067383,0010-09-03 00:40:00,10,9,3,0,40,972,30,,,,Nuit sans éclairage public,Hors agglomération,Hors intersection,Normale,Deux véhicules - frontale,,,,,,,,,,,3,1,1,1.0,1.0
201000067384,0010-09-16 11:45:00,10,9,16,11,45,972,30,,,,Plein jour,Hors agglomération,Hors intersection,Normale,Deux véhicules - arrière,,,,,,,,,,,1,1,1,1.0,2.0
201000067385,0010-10-09 15:00:00,10,10,9,15,0,972,30,,,,Plein jour,Hors agglomération,Hors intersection,Pluie forte,Autre collision,,,,,,,,,,,1,1,1,3.0,6.0
201000067386,0010-12-03 17:30:00,10,12,3,17,30,972,30,,,,Plein jour,Hors agglomération,Hors intersection,Normale,Deux véhicules - côté,,,,,,,,,,,1,1,1,1.0,3.0
201000067387,0010-12-07 23:30:00,10,12,7,23,30,972,30,,,,Nuit sans éclairage public,Hors agglomération,Hors intersection,Normale,Autre collision,,,,,,,,,,,3,1,1,1.0,6.0
201000067388,0010-12-19 11:30:00,10,12,19,11,30,972,30,,,,Plein jour,Hors agglomération,Hors intersection,Normale,Sans collision,,,,,,,,,,,1,1,1,1.0,7.0
201000067389,0010-12-19 01:00:00,10,12,19,1,0,972,30,,,,Nuit sans éclairage public,Hors agglomération,Hors intersection,Normale,Deux véhicules - côté,,,,,,,,,,,3,1,1,1.0,3.0
201000067390,0010-01-04 19:00:00,10,1,4,19,0,972,22,,,,Nuit avec éclairage allumé,Hors agglomération,Hors intersection,Normale,Autre collision,,,,,,,,,,,5,1,1,1.0,6.0
201000067391,0010-02-22 19:00:00,10,2,22,19,0,972,22,,,,Crépuscule ou aube,Hors agglomération,Hors intersection,Normale,Deux véhicules - côté,,,,,,,,,,,2,1,1,1.0,3.0
201000067392,0010-03-09 14:00:00,10,3,9,14,0,972,22,Boulevard auzé,,,Plein jour,En agglomération,Hors intersection,Normale,Deux véhicules - côté,,,,,,,,,,,1,2,1,1.0,3.0
201000067393,0010-05-11 20:15:00,10,5,11,20,15,972,22,AVENUE NELSON MANDELA,,,Nuit avec éclairage allumé,En agglomération,Hors intersection,Normale,Sans collision,,,,,,,,,,,5,2,1,1.0,7.0
201000067394,0010-05-12 18:00:00,10,5,12,18,0,972,22,,,,Plein jour,Hors agglomération,Hors intersection,Normale,Deux véhicules - côté,,,,,,,,,,,1,1,1,1.0,3.0
201000067395,0010-06-13 03:00:00,10,6,13,3,0,972,22,Quartier Four à chaux,,,Nuit avec éclairage non allumé,En agglomération,Hors intersection,Normale,Deux véhicules - côté,,,,,,,,,,,4,2,1,1.0,3.0
201000067396,0010-08-04 11:00:00,10,8,4,11,0,972,22,RN1 - quartier Gaschette,,,Plein jour,En agglomération,Hors intersection,Normale,Deux véhicules - côté,,,,,,,,,,,1,2,1,1.0,3.0
201000067397,0010-09-03 15:15:00,10,9,3,15,15,972,22,,,,Plein jour,Hors agglomération,Hors intersection,Normale,Deux véhicules - frontale,,,,,,,,,,,1,1,1,1.0,1.0
201000067398,0010-10-14 16:30:00,10,10,14,16,30,972,22,mansarde catalogne,,,Plein jour,En agglomération,Hors intersection,Normale,Autre collision,,,,,,,,,,,1,2,1,1.0,6.0
201000067399,0010-11-06 11:30:00,10,11,6,11,30,972,22,rue du Port,,,Plein jour,En agglomération,Hors intersection,Normale,Deux véhicules - côté,,,,,,,,,,,1,2,1,1.0,3.0
201000067400,0010-11-16 16:30:00,10,11,16,16,30,972,22,Quartier Pontaléry,,,Plein jour,En agglomération,Hors intersection,Normale,Autre collision,,,,,,,,,,,1,2,1,1.0,6.0
201000067401,0010-12-04 01:30:00,10,12,4,1,30,972,22,rue voie de la Berge,,,Nuit avec éclairage allumé,En agglomération,Giratoire,Normale,Autre collision,,,,,,,,,,,5,2,6,1.0,6.0
201000067402,0010-12-18 20:00:00,10,12,18,20,0,972,22,,,,Nuit sans éclairage public,Hors agglomération,Hors intersection,Pluie forte,Trois véhicules et plus - collisions multiples,,,,,,,,,,,3,1,1,3.0,5.0
201000067403,0010-12-21 07:30:00,10,12,21,7,30,972,22,,,,Plein jour,Hors agglomération,Hors intersection,Normale,Deux véhicules - côté,,,,,,,,,,,1,1,1,1.0,3.0
201000067404,0010-01-09 15:30:00,10,1,9,15,30,972,12,ROUTE CROIX JUBILEE,,,Plein jour,En agglomération,Hors intersection,Normale,Deux véhicules - frontale,,,,,,,,,,,1,2,1,1.0,1.0
201000067405,0010-02-06 05:30:00,10,2,6,5,30,972,22,,,,Nuit avec éclairage allumé,Hors agglomération,Hors intersection,Normale,Autre collision,,,,,,,,,,,5,1,1,1.0,6.0
201000067406,0010-04-24 19:15:00,10,4,24,19,15,972,22,,,,Nuit sans éclairage public,Hors agglomération,Hors intersection,Normale,Autre collision,,,,,,,,,,,3,1,1,1.0,6.0
201000067407,0010-05-19 00:30:00,10,5,19,0,30,972,22,,,,Nuit sans éclairage public,Hors agglomération,Hors intersection,Normale,Sans collision,,,,,,,,,,,3,1,1,1.0,7.0
201000067408,0010-09-05 11:00:00,10,9,5,11,0,972,12,"quartier dumaine, chemin",,,Plein jour,En agglomération,Hors intersection,Normale,Deux véhicules - frontale,,,,,,,,,,,1,2,1,1.0,1.0
201000067409,0010-09-27 10:00:00,10,9,27,10,0,972,12,,,,Plein jour,Hors agglomération,Hors intersection,Normale,Deux véhicules - frontale,,,,,,,,,,,1,1,1,1.0,1.0
201000067410,0010-11-10 17:30:00,10,11,10,17,30,972,12,,,,Plein jour,Hors agglomération,Hors intersection,Normale,Deux véhicules - côté,,,,,,,,,,,1,1,1,1.0,3.0
201000067411,0010-01-13 21:15:00,10,1,13,21,15,972,28,,,,Nuit avec éclairage non allumé,Hors agglomération,Hors intersection,Normale,Deux véhicules - côté,,,,,,,,,,,4,1,1,1.0,3.0
201000067412,0010-04-24 23:45:00,10,4,24,23,45,972,28,RN1 - CITE BELLE ETOILE,,,Nuit avec éclairage allumé,En agglomération,Hors intersection,Normale,Deux véhicules - frontale,,,,,,,,,,,5,2,1,1.0,1.0
201000067413,0010-05-13 19:15:00,10,5,13,19,15,972,28,,,,Nuit avec éclairage allumé,Hors agglomération,Hors intersection,Normale,Deux véhicules - frontale,,,,,,,,,,,5,1,1,1.0,1.0
201000067414,0010-05-18 15:45:00,10,5,18,15,45,972,28,,,,Plein jour,Hors agglomération,Hors intersection,Temps éblouissant,Deux véhicules - arrière,,,,,,,,,,,1,1,1,7.0,2.0
201000067415,0010-07-14 20:30:00,10,7,14,20,30,972,28,,,,Nuit sans éclairage public,Hors agglomération,Hors intersection,Normale,Deux véhicules - côté,,,,,,,,,,,3,1,1,1.0,3.0
201000067416,0010-09-26 17:00:00,10,9,26,17,0,972,28,3 avenue des jeunes,,,Plein jour,En agglomération,Hors intersection,Normale,Autre collision,,,,,,,,,,,1,2,1,1.0,6.0
201000067417,0010-10-02 18:15:00,10,10,2,18,15,972,28,,,,Nuit sans éclairage public,Hors agglomération,Hors intersection,Normale,Deux véhicules - frontale,,,,,,,,,,,3,1,1,1.0,1.0
201000067418,0010-11-12 20:30:00,10,11,12,20,30,972,28,,,,Nuit sans éclairage public,Hors agglomération,Hors intersection,Normale,Deux véhicules - côté,,,,,,,,,,,3,1,1,1.0,3.0
201000067419,0010-02-18 11:45:00,10,2,18,11,45,972,14,Rue du Capitaine Lainé,,,Plein jour,En agglomération,Hors intersection,Normale,Deux véhicules - frontale,,,,,,,,,,,1,2,1,1.0,1.0
201000067420,0010-03-26 20:30:00,10,3,26,20,30,972,14,,,,Nuit avec éclairage allumé,Hors agglomération,Hors intersection,Normale,Sans collision,,,,,,,,,,,5,1,1,1.0,7.0
201000067421,0010-04-17 19:15:00,10,4,17,19,15,972,14,Av François Mitterand,,,Nuit avec éclairage allumé,En agglomération,Hors intersection,Normale,Autre collision,,,,,,,,,,,5,2,1,1.0,6.0
201000067422,0010-05-13 14:00:00,10,5,13,14,0,972,16,,,,Plein jour,Hors agglomération,Hors intersection,Normale,Deux véhicules - arrière,,,,,,,,,,,1,1,1,1.0,2.0
201000067423,0010-06-11 16:45:00,10,6,11,16,45,972,14,,,,Plein jour,Hors agglomération,Hors intersection,Normale,Trois véhicules et plus - collisions multiples,,,,,,,,,,,1,1,1,1.0,5.0
201000067424,0010-07-03 04:00:00,10,7,3,4,0,972,14,,,,Nuit sans éclairage public,En agglomération,Hors intersection,Normale,Sans collision,,,,,,,,,,,3,2,1,1.0,7.0
201000067425,0010-07-05 12:45:00,10,7,5,12,45,972,14,,,,Plein jour,Hors agglomération,Hors intersection,Normale,Deux véhicules - côté,,,,,,,,,,,1,1,1,1.0,3.0
201000067426,0010-07-11 17:15:00,10,7,11,17,15,972,15,,,,Plein jour,Hors agglomération,Hors intersection,Normale,Deux véhicules - arrière,,,,,,,,,,,1,1,1,1.0,2.0
201000067427,0010-08-11 18:45:00,10,8,11,18,45,972,14,Rue Capitaine LAINE,,,Nuit avec éclairage allumé,En agglomération,Hors intersection,Normale,Deux véhicules - frontale,,,,,,,,,,,5,2,1,1.0,1.0
201000067428,0010-09-01 15:15:00,10,9,1,15,15,972,14,,,,Plein jour,Hors agglomération,Hors intersection,Normale,Autre collision,,,,,,,,,,,1,1,1,1.0,6.0
201000067429,0010-09-04 05:45:00,10,9,4,5,45,972,16,,,,Plein jour,Hors agglomération,Hors intersection,Normale,Deux véhicules - frontale,,,,,,,,,,,1,1,1,1.0,1.0
201000067430,0010-10-08 12:00:00,10,10,8,12,0,972,3,,,,Plein jour,Hors agglomération,Hors intersection,Normale,Deux véhicules - frontale,,,,,,,,,,,1,1,1,1.0,1.0
201000067431,0010-10-16 20:45:00,10,10,16,20,45,972,14,,,,Nuit sans éclairage public,Hors agglomération,Hors intersection,Normale,Deux véhicules - frontale,,,,,,,,,,,3,1,1,1.0,1.0
201000067432,0010-09-18 16:30:00,10,9,18,16,30,972,14,,,,Plein jour,Hors agglomération,Hors intersection,Normale,Autre collision,,,,,,,,,,,1,1,1,1.0,6.0
201000067433,0010-10-21 16:00:00,10,10,21,16,0,972,14,,,,Plein jour,Hors agglomération,Hors intersection,Normale,Deux véhicules - frontale,,,,,,,,,,,1,1,1,1.0,1.0
201000067434,0010-11-12 10:30:00,10,11,12,10,30,972,16,,,,Plein jour,Hors agglomération,Hors intersection,Normale,Autre collision,,,,,,,,,,,1,1,1,1.0,6.0
201000067435,0010-11-15 13:30:00,10,11,15,13,30,972,14,,,,Plein jour,Hors agglomération,Hors intersection,Normale,Sans collision,,,,,,,,,,,1,1,1,1.0,7.0
201000067436,0010-12-10 19:45:00,10,12,10,19,45,972,14,,,,Nuit sans éclairage public,Hors agglomération,Hors intersection,Normale,Deux véhicules - frontale,,,,,,,,,,,3,1,1,1.0,1.0