accident_id,datetime,annee,mois,jour,heure,minute,departement,commune_insee,adresse,latitude,longitude,luminosite,agglomeration,intersection,meteo,collision,nb_vehicules,nb_usagers,nb_indemnes,nb_tues,nb_blesses_hosp,nb_blesses_legers,age_cond_1,age_cond_2,veh_type_cond_1,veh_type_cond_2,lum_code,agg_code,int_code,atm_code,col_code
201000067573,0010-11-08 01:00:00,10,11,8,1,0,971,19,Rue Légitimus,,,Nuit avec éclairage allumé,En agglomération,Hors intersection,Normale,Sans collision,,,,,,,,,,,5,2,1,1.0,7.0
201000067574,0010-12-27 14:00:00,10,12,27,14,0,971,19,,,,Plein jour,Hors agglomération,Hors intersection,Normale,Deux véhicules - frontale,,,,,,,,,,,1,1,1,1.0,1.0
201000067575,0010-01-07 00:45:00,10,1,7,0,45,971,25,,,,Nuit sans éclairage public,Hors agglomération,Hors intersection,Normale,Autre collision,,,,,,,,,,,3,1,1,1.0,6.0
201000067576,0010-01-16 13:15:00,10,1,16,13,15,971,25,,,,Plein jour,Hors agglomération,Hors intersection,Normale,Deux véhicules - côté,,,,,,,,,,,1,1,1,1.0,3.0
201000067577,0010-01-23 09:45:00,10,1,23,9,45,971,25,,,,Plein jour,En agglomération,Hors intersection,Normale,Autre collision,,,,,,,,,,,1,2,1,1.0,6.0
201000067578,0010-02-18 18:45:00,10,2,18,18,45,971,25,,,,Nuit sans éclairage public,Hors agglomération,Hors intersection,Normale,Deux véhicules - frontale,,,,,,,,,,,3,1,1,1.0,1.0
201000067579,0010-03-07 16:15:00,10,3,7,16,15,971,25,,,,Plein jour,Hors agglomération,Hors intersection,Normale,Deux véhicules - frontale,,,,,,,,,,,1,1,1,1.0,1.0
201000067580,0010-03-29 16:30:00,10,3,29,16,30,971,25,,,,Plein jour,Hors agglomération,Hors intersection,Normale,Deux véhicules - côté,,,,,,,,,,,1,1,1,1.0,3.0
201000067581,0010-04-13 06:30:00,10,4,13,6,30,971,25,RN4,,,Plein jour,En agglomération,Hors intersection,Normale,Sans collision,,,,,,,,,,,1,2,1,1.0,7.0
201000067582,0010-04-21 19:45:00,10,4,21,19,45,971,25,,,,Nuit sans éclairage public,Hors agglomération,Hors intersection,Normale,Deux véhicules - côté,,,,,,,,,,,3,1,1,1.0,3.0
201000067583,0010-05-07 07:45:00,10,5,7,7,45,971,25,,,,Plein jour,Hors agglomération,Hors intersection,Normale,Deux véhicules - frontale,,,,,,,,,,,1,1,1,1.0,1.0
201000067584,0010-06-03 00:45:00,10,6,3,0,45,971,25,,,,Nuit sans éclairage public,Hors agglomération,Hors intersection,Normale,Autre collision,,,,,,,,,,,3,1,1,1.0,6.0
201000067585,0010-06-22 09:45:00,10,6,22,9,45,971,25,,,,Plein jour,Hors agglomération,Hors intersection,Normale,Autre collision,,,,,,,,,,,1,1,1,1.0,6.0
201000067586,0010-07-20 11:30:00,10,7,20,11,30,971,25,,,,Plein jour,Hors agglomération,Hors intersection,Normale,Autre collision,,,,,,,,,,,1,1,1,1.0,6.0
201000067587,0010-08-13 23:45:00,10,8,13,23,45,971,25,,,,Nuit avec éclairage non allumé,Hors agglomération,Hors intersection,Normale,Autre collision,,,,,,,,,,,4,1,1,1.0,6.0
201000067588,0010-09-19 07:30:00,10,9,19,7,30,971,25,,,,Plein jour,Hors agglomération,Hors intersection,Normale,Deux véhicules - arrière,,,,,,,,,,,1,1,1,1.0,2.0
201000067589,0010-10-03 10:30:00,10,10,3,10,30,971,25,,,,Plein jour,Hors agglomération,Hors intersection,Normale,Deux véhicules - côté,,,,,,,,,,,1,1,1,1.0,3.0
201000067590,0010-10-24 05:30:00,10,10,24,5,30,971,25,,,,Nuit sans éclairage public,Hors agglomération,Hors intersection,Normale,Deux véhicules - frontale,,,,,,,,,,,3,1,1,1.0,1.0
201000067591,0010-12-03 10:45:00,10,12,3,10,45,971,25,,,,Plein jour,Hors agglomération,Hors intersection,Normale,Trois véhicules et plus - collisions multiples,,,,,,,,,,,1,1,1,1.0,5.0
201000067592,0010-12-25 04:00:00,10,12,25,4,0,971,25,,,,Nuit avec éclairage allumé,Hors agglomération,Hors intersection,Pluie légère,Autre collision,,,,,,,,,,,5,1,1,2.0,6.0
201000067593,0010-01-10 06:45:00,10,1,10,6,45,971,28,,,,Plein jour,Hors agglomération,Hors intersection,Temps couvert,Autre collision,,,,,,,,,,,1,1,1,8.0,6.0
201000067594,0010-01-14 10:00:00,10,1,14,10,0,971,28,Boulevard Ibéné,,,Plein jour,En agglomération,Hors intersection,Normale,Autre collision,,,,,,,,,,,1,2,1,1.0,6.0
201000067595,0010-02-01 19:30:00,10,2,1,19,30,971,28,,21.0,,Nuit avec éclairage allumé,Hors agglomération,Hors intersection,Normale,Autre collision,,,,,,,,,,,5,1,1,1.0,6.0
201000067596,0010-01-31 18:00:00,10,1,31,18,0,971,28,section durivage,,,Nuit avec éclairage allumé,En agglomération,Hors intersection,Normale,Deux véhicules - arrière,,,,,,,,,,,5,2,1,1.0,2.0
201000067597,0010-02-07 06:00:00,10,2,7,6,0,971,28,,,,Crépuscule ou aube,Hors agglomération,Hors intersection,Normale,Trois véhicules et plus - collisions multiples,,,,,,,,,,,2,1,1,1.0,5.0
201000067598,0010-02-21 20:15:00,10,2,21,20,15,971,28,SECTION valette,,,Nuit avec éclairage allumé,En agglomération,Hors intersection,Normale,Deux véhicules - côté,,,,,,,,,,,5,2,1,1.0,3.0
201000067599,0010-02-25 18:00:00,10,2,25,18,0,971,28,,,,Plein jour,Hors agglomération,Hors intersection,Normale,Autre collision,,,,,,,,,,,1,1,1,1.0,6.0
201000067600,0010-02-25 16:15:00,10,2,25,16,15,971,28,,,,Plein jour,Hors agglomération,Hors intersection,Normale,Deux véhicules - frontale,,,,,,,,,,,1,1,1,1.0,1.0
201000067601,0010-03-07 07:30:00,10,3,7,7,30,971,28,,,,Plein jour,Hors agglomération,Hors intersection,Normale,Sans collision,,,,,,,,,,,1,1,1,1.0,7.0
201000067602,0010-03-11 18:15:00,10,3,11,18,15,971,28,,,,Plein jour,Hors agglomération,Hors intersection,Normale,Autre collision,,,,,,,,,,,1,1,1,1.0,6.0
201000067603,0010-03-20 16:45:00,10,3,20,16,45,971,28,,,,Plein jour,Hors agglomération,Hors intersection,Normale,Deux véhicules - côté,,,,,,,,,,,1,1,1,1.0,3.0
201000067604,0010-03-22 18:45:00,10,3,22,18,45,971,28,,24.0,,Nuit avec éclairage allumé,Hors agglomération,Hors intersection,Normale,Autre collision,,,,,,,,,,,5,1,1,1.0,6.0
201000067605,0010-04-19 18:45:00,10,4,19,18,45,971,28,,,,Nuit sans éclairage public,Hors agglomération,Hors intersection,Normale,Autre collision,,,,,,,,,,,3,1,1,1.0,6.0
201000067606,0010-06-21 12:15:00,10,6,21,12,15,971,28,,,,Plein jour,Hors agglomération,Hors intersection,Normale,Deux véhicules - frontale,,,,,,,,,,,1,1,1,1.0,1.0
201000067607,0010-08-15 18:00:00,10,8,15,18,0,971,28,,,,Nuit sans éclairage public,Hors agglomération,Hors intersection,Pluie forte,Autre collision,,,,,,,,,,,3,1,1,3.0,6.0
201000067608,0010-09-05 02:45:00,10,9,5,2,45,971,28,,,,Nuit sans éclairage public,Hors agglomération,Giratoire,Normale,Autre collision,,,,,,,,,,,3,1,6,1.0,6.0
201000067609,0010-09-05 18:00:00,10,9,5,18,0,971,28,,,,Crépuscule ou aube,Hors agglomération,Hors intersection,Normale,Deux véhicules - frontale,,,,,,,,,,,2,1,1,1.0,1.0
201000067610,0010-09-07 21:15:00,10,9,7,21,15,971,28,,,,Nuit sans éclairage public,Hors agglomération,Hors intersection,Normale,Deux véhicules - côté,,,,,,,,,,,3,1,1,1.0,3.0
201000067611,0010-09-19 10:15:00,10,9,19,10,15,971,28,,,,Plein jour,Hors agglomération,Hors intersection,Normale,Trois véhicules et plus - collisions multiples,,,,,,,,,,,1,1,1,1.0,5.0
201000067612,0010-10-09 01:30:00,10,10,9,1,30,971,28,,,,Nuit sans éclairage public,Hors agglomération,Hors intersection,Normale,Autre collision,,,,,,,,,,,3,1,1,1.0,6.0
201000067613,0010-10-30 15:45:00,10,10,30,15,45,971,28,Section Grands Fonds,,,Plein jour,En agglomération,Hors intersection,Normale,Deux véhicules - côté,,,,,,,,,,,1,2,1,1.0,3.0
201000067614,0010-11-05 08:00:00,10,11,5,8,0,971,28,,,,Plein jour,Hors agglomération,Hors intersection,Normale,Autre collision,,,,,,,,,,,1,1,1,1.0,6.0
201000067615,0010-11-11 22:45:00,10,11,11,22,45,971,28,,,,Nuit sans éclairage public,Hors agglomération,Hors intersection,Normale,Autre collision,,,,,,,,,,,3,1,1,1.0,6.0
201000067616,0010-12-18 16:00:00,10,12,18,16,0,971,28,D 114,,,Plein jour,En agglomération,Hors intersection,Normale,Autre collision,,,,,,,,,,,1,2,1,1.0,6.0
201000067617,0010-01-07 18:30:00,10,1,7,18,30,971,16,Richeval,,,Nuit sans éclairage public,En agglomération,Hors intersection,Normale,Autre collision,,,,,,,,,,,3,2,1,1.0,6.0
201000067618,0010-01-14 09:00:00,10,1,14,9,0,971,16,,,,Plein jour,En agglomération,Hors intersection,Normale,Deux véhicules - frontale,,,,,,,,,,,1,2,1,1.0,1.0
201000067619,0010-01-19 22:30:00,10,1,19,22,30,971,16,MARIEUL,,,Nuit avec éclairage allumé,En agglomération,Hors intersection,Normale,Deux véhicules - côté,,,,,,,,,,,5,2,1,1.0,3.0
201000067620,0010-04-05 19:15:00,10,4,5,19,15,971,16,,,,Nuit sans éclairage public,En agglomération,Hors intersection,Normale,Autre collision,,,,,,,,,,,3,2,1,1.0,6.0
201000067621,0010-06-03 17:00:00,10,6,3,17,0,971,16,ESPERANCE,,,Plein jour,En agglomération,Hors intersection,Temps couvert,Deux véhicules - côté,,,,,,,,,,,1,2,1,8.0,3.0
201000067622,0010-06-28 10:30:00,10,6,28,10,30,971,16,,,,Plein jour,Hors agglomération,Hors intersection,Normale,Deux véhicules - côté,,,,,,,,,,,1,1,1,1.0,3.0
201000067623,0010-09-09 17:30:00,10,9,9,17,30,971,16,,,,Plein jour,Hors agglomération,Hors intersection,Normale,Deux véhicules - frontale,,,,,,,,,,,1,1,1,1.0,1.0
201000067624,0010-09-25 03:00:00,10,9,25,3,0,971,16,,,,Nuit avec éclairage allumé,Hors agglomération,Hors intersection,Normale,Autre collision,,,,,,,,,,,5,1,1,1.0,6.0
201000067625,0010-11-19 21:30:00,10,11,19,21,30,971,16,,,,Nuit avec éclairage allumé,Hors agglomération,Hors intersection,Normale,Autre collision,,,,,,,,,,,5,1,1,1.0,6.0
201000067626,0010-11-23 14:15:00,10,11,23,14,15,971,16,,,,Plein jour,Hors agglomération,Hors intersection,Normale,Deux véhicules - frontale,,,,,,,,,,,1,1,1,1.0,1.0
201000067627,0010-12-17 05:45:00,10,12,17,5,45,971,16,,,,Crépuscule ou aube,Hors agglomération,Hors intersection,Normale,Deux véhicules - frontale,,,,,,,,,,,2,1,1,1.0,1.0
201000067628,0010-02-23 16:30:00,10,2,23,16,30,973,13,,,,Plein jour,Hors agglomération,Hors intersection,Normale,Deux véhicules - arrière,,,,,,,,,,,1,1,1,1.0,2.0
201000067629,0010-03-10 18:00:00,10,3,10,18,0,973,13,,,,Plein jour,Hors agglomération,Hors intersection,Normale,Deux véhicules - frontale,,,,,,,,,,,1,1,1,1.0,1.0
201000067630,0010-03-13 23:30:00,10,3,13,23,30,973,13,,,,Nuit sans éclairage public,Hors agglomération,Hors intersection,Temps couvert,Autre collision,,,,,,,,,,,3,1,1,8.0,6.0
201000067631,0010-03-18 18:45:00,10,3,18,18,45,973,5,,,,Plein jour,Hors agglomération,Hors intersection,Pluie forte,Deux véhicules - frontale,,,,,,,,,,,1,1,1,3.0,1.0
201000067632,0010-03-26 21:30:00,10,3,26,21,30,973,5,,,,Nuit sans éclairage public,Hors agglomération,Hors intersection,Pluie légère,Sans collision,,,,,,,,,,,3,1,1,2.0,7.0
201000067633,0010-04-12 19:00:00,10,4,12,19,0,973,5,rue des Acacias,,,Nuit avec éclairage allumé,En agglomération,Hors intersection,Normale,Autre collision,,,,,,,,,,,5,2,1,1.0,6.0
201000067634,0010-04-14 16:15:00,10,4,14,16,15,973,5,,,,Plein jour,Hors agglomération,Hors intersection,Normale,Deux véhicules - côté,,,,,,,,,,,1,1,1,1.0,3.0
201000067635,0010-04-18 13:30:00,10,4,18,13,30,973,5,,,,Plein jour,Hors agglomération,Hors intersection,Normale,Sans collision,,,,,,,,,,,1,1,1,1.0,7.0
201000067636,0010-06-18 14:45:00,10,6,18,14,45,973,5,,,,Plein jour,Hors agglomération,Hors intersection,Normale,Deux véhicules - frontale,,,,,,,,,,,1,1,1,1.0,1.0
201000067637,0010-06-22 19:45:00,10,6,22,19,45,973,5,rue Cerisier,,,Nuit avec éclairage allumé,En agglomération,Hors intersection,Normale,Sans collision,,,,,,,,,,,5,2,1,1.0,7.0
201000067638,0010-06-28 01:30:00,10,6,28,1,30,973,5,,,,Nuit sans éclairage public,Hors agglomération,Hors intersection,Normale,Deux véhicules - côté,,,,,,,,,,,3,1,1,1.0,3.0
201000067639,0010-07-26 15:00:00,10,7,26,15,0,973,5,,,,Plein jour,Hors agglomération,Hors intersection,Normale,Autre collision,,,,,,,,,,,1,1,1,1.0,6.0
201000067640,0010-07-28 04:15:00,10,7,28,4,15,973,5,,,,Nuit sans éclairage public,Hors agglomération,Hors intersection,Normale,Sans collision,,,,,,,,,,,3,1,1,1.0,7.0
201000067641,0010-08-08 09:00:00,10,8,8,9,0,973,5,,,,Plein jour,Hors agglomération,Hors intersection,Normale,Trois véhicules et plus - collisions multiples,,,,,,,,,,,1,1,1,1.0,5.0
201000067642,0010-08-09 18:00:00,10,8,9,18,0,973,5,RUE LOUSE ET MARITANBOU,,,Plein jour,En agglomération,Hors intersection,Normale,Deux véhicules - frontale,,,,,,,,,,,1,2,1,1.0,1.0
201000067643,0010-09-04 16:15:00,10,9,4,16,15,973,5,,,,Plein jour,Hors agglomération,Hors intersection,Normale,Autre collision,,,,,,,,,,,1,1,1,1.0,6.0
201000067644,0010-09-10 20:30:00,10,9,10,20,30,973,5,,,,Nuit sans éclairage public,Hors agglomération,Hors intersection,Normale,Deux véhicules - frontale,,,,,,,,,,,3,1,1,1.0,1.0
201000067645,0010-09-12 08:00:00,10,9,12,8,0,973,5,,,,Plein jour,Hors agglomération,Hors intersection,Normale,Deux véhicules - côté,,,,,,,,,,,1,1,1,1.0,3.0
201000067646,0010-09-18 07:00:00,10,9,18,7,0,973,5,,,,Plein jour,Hors agglomération,Hors intersection,Normale,Deux véhicules - arrière,,,,,,,,,,,1,1,1,1.0,2.0
201000067647,0010-11-13 18:45:00,10,11,13,18,45,973,5,,,,Nuit sans éclairage public,Hors agglomération,Hors intersection,Normale,Deux véhicules - arrière,,,,,,,,,,,3,1,1,1.0,2.0
201000067648,0010-11-14 02:15:00,10,11,14,2,15,973,5,,,,Nuit sans éclairage public,Hors agglomération,Hors intersection,Normale,Sans collision,,,,,,,,,,,3,1,1,1.0,7.0
201000067649,0010-12-01 08:00:00,10,12,1,8,0,973,5,RN 1,,,Plein jour,En agglomération,Hors intersection,Normale,Trois véhicules et plus - en chaîne,,,,,,,,,,,1,2,1,1.0,4.0
201000067650,0010-12-14 06:30:00,10,12,14,6,30,973,5,,,,Plein jour,Hors agglomération,Hors intersection,Normale,Deux véhicules - frontale,,,,,,,,,,,1,1,1,1.0,1.0
201000067651,0010-02-07 10:30:00,10,2,7,10,30,973,12,,,,Plein jour,Hors agglomération,Hors intersection,Normale,Sans collision,,,,,,,,,,,1,1,1,1.0,7.0
201000067652,0010-08-04 12:15:00,10,8,4,12,15,973,12,,,,Plein jour,Hors agglomération,Hors intersection,Normale,Sans collision,,,,,,,,,,,1,1,1,1.0,7.0
201000067653,0010-10-15 20:45:00,10,10,15,20,45,973,12,,,,Nuit sans éclairage public,Hors agglomération,Hors intersection,Normale,Deux véhicules - frontale,,,,,,,,,,,3,1,1,1.0,1.0
201000067654,0010-10-22 23:00:00,10,10,22,23,0,973,12,,,,Nuit sans éclairage public,Hors agglomération,Hors intersection,Normale,Deux véhicules - frontale,,,,,,,,,,,3,1,1,1.0,1.0
201000067655,0010-11-28 18:00:00,10,11,28,18,0,973,12,,,,Plein jour,Hors agglomération,Hors intersection,Normale,Sans collision,,,,,,,,,,,1,1,1,1.0,7.0
201000067656,0010-05-12 07:30:00,10,5,12,7,30,973,3,,,,Plein jour,Hors agglomération,Hors intersection,Temps couvert,Sans collision,,,,,,,,,,,1,1,1,8.0,7.0
201000067657,0010-09-26 07:00:00,10,9,26,7,0,973,1,,,,Crépuscule ou aube,Hors agglomération,Hors intersection,Normale,Sans collision,,,,,,,,,,,2,1,1,1.0,7.0
201000067658,0010-10-04 09:00:00,10,10,4,9,0,973,1,,4.046,,Plein jour,Hors agglomération,Hors intersection,Normale,Deux véhicules - frontale,,,,,,,,,,,1,1,1,1.0,1.0
201000067659,0010-12-24 19:30:00,10,12,24,19,30,973,1,,,,Nuit sans éclairage public,Hors agglomération,Hors intersection,Autre,Deux véhicules - frontale,,,,,,,,,,,3,1,1,9.0,1.0
201000067660,0010-07-03 02:30:00,10,7,3,2,30,973,8,,,,Nuit sans éclairage public,Hors agglomération,Hors intersection,Normale,Autre collision,,,,,,,,,,,3,1,1,1.0,6.0
201000067661,0010-01-14 15:00:00,10,1,14,15,0,973,10,,4.386,5223900.0,Plein jour,Hors agglomération,Hors intersection,Pluie forte,Sans collision,,,,,,,,,,,1,1,1,3.0,7.0
201000067662,0010-02-06 20:30:00,10,2,6,20,30,973,10,,,,Nuit sans éclairage public,Hors agglomération,Hors intersection,Pluie légère,Deux véhicules - frontale,,,,,,,,,,,3,1,1,2.0,1.0
201000067663,0010-07-22 17:45:00,10,7,22,17,45,973,10,,,,Plein jour,Hors agglomération,Hors intersection,Pluie forte,Deux véhicules - frontale,,,,,,,,,,,1,1,1,3.0,1.0
201000067664,0010-09-29 16:15:00,10,9,29,16,15,973,10,,,,Plein jour,Hors agglomération,Hors intersection,Pluie légère,Sans collision,,,,,,,,,,,1,1,1,2.0,7.0
201000067665,0010-01-02 18:45:00,10,1,2,18,45,973,11,94 rue tourtet,,,Plein jour,En agglomération,Hors intersection,Normale,Autre collision,,,,,,,,,,,1,2,1,1.0,6.0
201000067666,0010-01-24 05:00:00,10,1,24,5,0,973,11,Route St Maurice,,,Nuit avec éclairage allumé,En agglomération,Hors intersection,Normale,Deux véhicules - frontale,,,,,,,,,,,5,2,1,1.0,1.0
201000067667,0010-04-22 22:00:00,10,4,22,22,0,973,11,,,,Nuit sans éclairage public,En agglomération,Hors intersection,Pluie légère,Sans collision,,,,,,,,,,,3,2,1,2.0,7.0
201000067668,0010-04-21 13:00:00,10,4,21,13,0,973,11,rue Félix Eboué,,,Plein jour,En agglomération,Hors intersection,Normale,Autre collision,,,,,,,,,,,1,2,1,1.0,6.0
201000067669,0010-04-28 18:45:00,10,4,28,18,45,973,11,,,,Crépuscule ou aube,En agglomération,Hors intersection,Normale,Deux véhicules - côté,,,,,,,,,,,2,2,1,1.0,3.0
201000067670,0010-05-26 20:30:00,10,5,26,20,30,973,11,577 Av Gaston monnervill,,,Nuit avec éclairage allumé,En agglomération,Hors intersection,Normale,Deux véhicules - frontale,,,,,,,,,,,5,2,1,1.0,1.0
201000067671,0010-06-06 20:45:00,10,6,6,20,45,973,11,ST LAURENT DU MARONI,,,Nuit avec éclairage allumé,En agglomération,Hors intersection,Normale,Deux véhicules - frontale,,,,,,,,,,,5,2,1,1.0,1.0
201000067672,0010-10-04 20:00:00,10,10,4,20,0,973,11,ROUTE DES VAMPIRES,,,Nuit avec éclairage allumé,En agglomération,Hors intersection,Normale,Deux véhicules - frontale,,,,,,,,,,,5,2,1,1.0,1.0
201000067673,0010-11-21 07:15:00,10,11,21,7,15,973,11,Rte de St Maurice Entrée,,,Plein jour,En agglomération,Hors intersection,Brouillard / fumée,Autre collision,,,,,,,,,,,1,2,1,5.0,6.0
201000067674,0010-01-01 21:30:00,10,1,1,21,30,973,61,PK.16 - CD.22,,,Nuit sans éclairage public,En agglomération,Hors intersection,Normale,Autre collision,,,,,,,,,,,3,2,1,1.0,6.0
201000067675,0010-02-05 21:30:00,10,2,5,21,30,973,6,,,,Nuit sans éclairage public,Hors agglomération,Hors intersection,Normale,Sans collision,,,,,,,,,,,3,1,1,1.0,7.0
201000067676,0010-05-15 18:00:00,10,5,15,18,0,973,6,,,,Nuit sans éclairage public,Hors agglomération,Hors intersection,Autre,Autre collision,,,,,,,,,,,3,1,1,9.0,6.0
201000067677,0010-05-24 00:15:00,10,5,24,0,15,973,6,,,,Nuit sans éclairage public,Hors agglomération,Hors intersection,Normale,Deux véhicules - frontale,,,,,,,,,,,3,1,1,1.0,1.0
201000067678,0010-06-12 11:15:00,10,6,12,11,15,973,6,,,,Plein jour,Hors agglomération,Hors intersection,Pluie légère,Autre collision,,,,,,,,,,,1,1,1,2.0,6.0
201000067679,0010-08-17 23:00:00,10,8,17,23,0,973,6,,,,Nuit sans éclairage public,Hors agglomération,Hors intersection,Normale,Autre collision,,,,,,,,,,,3,1,1,1.0,6.0
201000067680,0010-09-04 03:00:00,10,9,4,3,0,973,6,,,,Nuit sans éclairage public,Hors agglomération,Hors intersection,Normale,Sans collision,,,,,,,,,,,3,1,1,1.0,7.0
201000067681,0010-12-05 11:45:00,10,12,5,11,45,973,6,,,,Plein jour,Hors agglomération,Hors intersection,Normale,Deux véhicules - frontale,,,,,,,,,,,1,1,1,1.0,1.0
201000067682,0010-12-18 17:30:00,10,12,18,17,30,973,6,,,,Plein jour,Hors agglomération,Hors intersection,Normale,Autre collision,,,,,,,,,,,1,1,1,1.0,6.0
201000067683,0010-05-13 20:45:00,10,5,13,20,45,974,20,,,,Nuit sans éclairage public,Hors agglomération,Hors intersection,Normale,Deux véhicules - frontale,,,,,,,,,,,3,1,1,1.0,1.0
201000067684,0010-02-09 20:00:00,10,2,9,20,0,974,8,103 rue Letoullec,,,Nuit sans éclairage public,En agglomération,Hors intersection,Normale,Sans collision,,,,,,,,,,,3,2,1,1.0,7.0
201000067685,0010-03-05 18:15:00,10,3,5,18,15,974,8,,,,Crépuscule ou aube,Hors agglomération,Hors intersection,Pluie légère,Sans collision,,,,,,,,,,,2,1,1,2.0,7.0
201000067686,0010-07-06 05:45:00,10,7,6,5,45,974,8,Rue Sarda Garigga,,,Crépuscule ou aube,En agglomération,Hors intersection,Normale,Deux véhicules - côté,,,,,,,,,,,2,2,1,1.0,3.0
201000067687,0010-08-24 17:00:00,10,8,24,17,0,974,8,,,,Plein jour,Hors agglomération,Hors intersection,Normale,Autre collision,,,,,,,,,,,1,1,1,1.0,6.0
201000067688,0010-09-30 11:45:00,10,9,30,11,45,974,8,,,,Plein jour,Hors agglomération,Hors intersection,Normale,Deux véhicules - arrière,,,,,,,,,,,1,1,1,1.0,2.0
201000067689,0010-10-11 13:30:00,10,10,11,13,30,974,8,D1 - rue Eugène Delouise,,,Plein jour,En agglomération,Hors intersection,Normale,Autre collision,,,,,,,,,,,1,2,1,1.0,6.0
201000067690,0010-10-22 14:15:00,10,10,22,14,15,974,8,rue Lecomte de lisle,,,Plein jour,En agglomération,Hors intersection,Normale,Deux véhicules - côté,,,,,,,,,,,1,2,1,1.0,3.0
201000067691,0010-11-08 03:30:00,10,11,8,3,30,974,8,,,,Nuit sans éclairage public,Hors agglomération,Hors intersection,Normale,Deux véhicules - arrière,,,,,,,,,,,3,1,1,1.0,2.0
201000067692,0010-03-28 05:30:00,10,3,28,5,30,974,20,,,,Nuit sans éclairage public,Hors agglomération,Hors intersection,Pluie légère,Deux véhicules - frontale,,,,,,,,,,,3,1,1,2.0,1.0
201000067693,0010-03-29 04:45:00,10,3,29,4,45,974,20,,,,Nuit sans éclairage public,Hors agglomération,Hors intersection,Normale,Autre collision,,,,,,,,,,,3,1,1,1.0,6.0
201000067694,0010-03-30 23:00:00,10,3,30,23,0,974,18,,,,Nuit sans éclairage public,Hors agglomération,Hors intersection,Normale,Deux véhicules - arrière,,,,,,,,,,,3,1,1,1.0,2.0
201000067695,0010-04-15 01:45:00,10,4,15,1,45,974,18,,,,Nuit sans éclairage public,Hors agglomération,Hors intersection,Normale,Autre collision,,,,,,,,,,,3,1,1,1.0,6.0
201000067696,0010-04-17 03:15:00,10,4,17,3,15,974,18,,,,Nuit sans éclairage public,Hors agglomération,Hors intersection,Normale,Deux véhicules - arrière,,,,,,,,,,,3,1,1,1.0,2.0
201000067697,0010-05-10 06:45:00,10,5,10,6,45,974,18,,,,Crépuscule ou aube,Hors agglomération,Hors intersection,Normale,Deux véhicules - arrière,,,,,,,,,,,2,1,1,1.0,2.0
201000067698,0010-05-13 18:45:00,10,5,13,18,45,974,18,Rue Noël TESSIER,,,Nuit avec éclairage allumé,En agglomération,Hors intersection,Normale,Autre collision,,,,,,,,,,,5,2,1,1.0,6.0
201000067699,0010-05-15 18:15:00,10,5,15,18,15,974,18,,,,Nuit sans éclairage public,Hors agglomération,Hors intersection,Normale,Autre collision,,,,,,,,,,,3,1,1,1.0,6.0
201000067700,0010-05-15 21:00:00,10,5,15,21,0,974,18,,,,Nuit sans éclairage public,Hors agglomération,Hors intersection,Normale,Deux véhicules - frontale,,,,,,,,,,,3,1,1,1.0,1.0
201000067701,0010-05-23 11:30:00,10,5,23,11,30,974,20,,,,Plein jour,Hors agglomération,Hors intersection,Normale,Autre collision,,,,,,,,,,,1,1,1,1.0,6.0
201000067702,0010-06-20 08:30:00,10,6,20,8,30,974,20,,,,Plein jour,Hors agglomération,Autre intersection,Normale,Deux véhicules - frontale,,,,,,,,,,,1,1,9,1.0,1.0
201000067703,0010-07-20 11:15:00,10,7,20,11,15,974,18,141 RUE GRANDE MONTEE,,,Plein jour,En agglomération,Hors intersection,Normale,Deux véhicules - côté,,,,,,,,,,,1,2,1,1.0,3.0
201000067704,0010-08-05 08:15:00,10,8,5,8,15,974,20,,,,Plein jour,Hors agglomération,Hors intersection,Normale,Deux véhicules - frontale,,,,,,,,,,,1,1,1,1.0,1.0
201000067705,0010-09-19 19:00:00,10,9,19,19,0,974,18,ROUTE L ESPERANCE LES BA,,,Nuit sans éclairage public,En agglomération,Hors intersection,Normale,Deux véhicules - frontale,,,,,,,,,,,3,2,1,1.0,1.0
201000067706,0010-10-18 21:00:00,10,10,18,21,0,974,18,,,,Nuit sans éclairage public,Hors agglomération,Hors intersection,Normale,Autre collision,,,,,,,,,,,3,1,1,1.0,6.0
201000067707,0010-11-19 12:15:00,10,11,19,12,15,974,18,,,,Plein jour,Hors agglomération,Hors intersection,Normale,Deux véhicules - frontale,,,,,,,,,,,1,1,1,1.0,1.0
201000067708,0010-11-23 23:15:00,10,11,23,23,15,974,20,,,,Nuit sans éclairage public,Hors agglomération,Hors intersection,Pluie légère,Deux véhicules - frontale,,,,,,,,,,,3,1,1,2.0,1.0
201000067709,0010-01-08 04:45:00,10,1,8,4,45,974,10,,,,Nuit sans éclairage public,Hors agglomération,Hors intersection,Normale,Autre collision,,,,,,,,,,,3,1,1,1.0,6.0