accident_id,datetime,annee,mois,jour,heure,minute,departement,commune_insee,adresse,latitude,longitude,luminosite,agglomeration,intersection,meteo,collision,nb_vehicules,nb_usagers,nb_indemnes,nb_tues,nb_blesses_hosp,nb_blesses_legers,age_cond_1,age_cond_2,veh_type_cond_1,veh_type_cond_2,lum_code,agg_code,int_code,atm_code,col_code
201000067710,0010-01-25 17:00:00,10,1,25,17,0,974,10,,,,Plein jour,Hors agglomération,Hors intersection,Normale,Sans collision,,,,,,,,,,,1,1,1,1.0,7.0
201000067711,0010-01-31 19:30:00,10,1,31,19,30,974,10,A HAUTEUR PONT TAKAMAKA,,,Nuit avec éclairage allumé,En agglomération,Hors intersection,Normale,Autre collision,,,,,,,,,,,5,2,1,1.0,6.0
201000067712,0010-03-10 17:30:00,10,3,10,17,30,974,10,,,,Plein jour,En agglomération,Hors intersection,Normale,Trois véhicules et plus - collisions multiples,,,,,,,,,,,1,2,1,1.0,5.0
201000067713,0010-04-29 18:30:00,10,4,29,18,30,974,10,RN2,,,Nuit sans éclairage public,En agglomération,Hors intersection,Normale,Autre collision,,,,,,,,,,,3,2,1,1.0,6.0
201000067714,0010-05-08 19:45:00,10,5,8,19,45,974,10,RN2 PK49+700,,,Nuit sans éclairage public,En agglomération,Hors intersection,Normale,Deux véhicules - frontale,,,,,,,,,,,3,2,1,1.0,1.0
201000067715,0010-05-13 04:45:00,10,5,13,4,45,974,10,,,,Nuit sans éclairage public,Hors agglomération,Hors intersection,Normale,Autre collision,,,,,,,,,,,3,1,1,1.0,6.0
201000067716,0010-06-27 07:45:00,10,6,27,7,45,974,10,,,,Plein jour,Hors agglomération,Hors intersection,Normale,Sans collision,,,,,,,,,,,1,1,1,1.0,7.0
201000067717,0010-08-28 16:45:00,10,8,28,16,45,974,10,,,,Plein jour,Hors agglomération,Hors intersection,Normale,Trois véhicules et plus - en chaîne,,,,,,,,,,,1,1,1,1.0,4.0
201000067718,0010-11-30 14:30:00,10,11,30,14,30,974,10,,,,Plein jour,Hors agglomération,Hors intersection,Temps couvert,Deux véhicules - frontale,,,,,,,,,,,1,1,1,8.0,1.0
201000067719,0010-12-22 07:30:00,10,12,22,7,30,974,10,,,,Plein jour,Hors agglomération,Hors intersection,Normale,Deux véhicules - frontale,,,,,,,,,,,1,1,1,1.0,1.0
201000067720,0010-02-21 13:45:00,10,2,21,13,45,974,2,CH. RIVIERE DES ROCHES,,,Plein jour,En agglomération,Hors intersection,Normale,Deux véhicules - frontale,,,,,,,,,,,1,2,1,1.0,1.0
201000067721,0010-06-09 08:15:00,10,6,9,8,15,974,2,,,,Plein jour,En agglomération,Hors intersection,Normale,Deux véhicules - côté,,,,,,,,,,,1,2,1,1.0,3.0
201000067722,0010-11-19 06:45:00,10,11,19,6,45,974,2,,,,Plein jour,Hors agglomération,Hors intersection,Normale,Deux véhicules - arrière,,,,,,,,,,,1,1,1,1.0,2.0
201000067723,0010-01-28 19:30:00,10,1,28,19,30,974,19,,,,Nuit sans éclairage public,Hors agglomération,Hors intersection,Normale,Deux véhicules - frontale,,,,,,,,,,,3,1,1,1.0,1.0
201000067724,0010-03-21 09:00:00,10,3,21,9,0,974,19,RN2 PR 61.500,,,Plein jour,En agglomération,Hors intersection,Normale,Autre collision,,,,,,,,,,,1,2,1,1.0,6.0
201000067725,0010-12-18 17:00:00,10,12,18,17,0,974,19,,,,Plein jour,Hors agglomération,Hors intersection,Normale,Sans collision,,,,,,,,,,,1,1,1,1.0,7.0
201000067726,0010-09-25 17:45:00,10,9,25,17,45,974,21,,,,Crépuscule ou aube,Hors agglomération,Hors intersection,Normale,Autre collision,,,,,,,,,,,2,1,1,1.0,6.0
201000067727,0010-02-13 14:00:00,10,2,13,14,0,974,6,"pente canal,RN3,Pk22+950",,,Plein jour,En agglomération,Hors intersection,Temps couvert,Autre collision,,,,,,,,,,,1,2,1,8.0,6.0
201000067728,0010-08-31 18:45:00,10,8,31,18,45,974,6,443 rue de la République,,,Nuit avec éclairage allumé,En agglomération,Hors intersection,Normale,Autre collision,,,,,,,,,,,5,2,1,1.0,6.0
201000067729,0010-12-18 07:45:00,10,12,18,7,45,974,6,RN3/ rue Aimé Payet,,,Plein jour,En agglomération,Hors intersection,Normale,Deux véhicules - frontale,,,,,,,,,,,1,2,1,1.0,1.0
201000067730,0010-01-08 14:45:00,10,1,8,14,45,974,15,Chemin Crève Coeur CD5,,,Plein jour,En agglomération,Hors intersection,Normale,Autre collision,,,,,,,,,,,1,2,1,1.0,6.0
201000067731,0010-01-17 10:00:00,10,1,17,10,0,974,15,,,,Plein jour,Hors agglomération,Hors intersection,Pluie légère,Deux véhicules - côté,,,,,,,,,,,1,1,1,2.0,3.0
201000067732,0010-02-03 09:45:00,10,2,3,9,45,974,15,ETANG  RUE JACQUOT,,,Plein jour,En agglomération,Hors intersection,Normale,Autre collision,,,,,,,,,,,1,2,1,1.0,6.0
201000067733,0010-02-05 09:45:00,10,2,5,9,45,974,15,34 rue de la Baie,,,Plein jour,En agglomération,Hors intersection,Normale,Deux véhicules - côté,,,,,,,,,,,1,2,1,1.0,3.0
201000067734,0010-02-19 22:30:00,10,2,19,22,30,974,15,boulevar du front de mer,,,Nuit avec éclairage allumé,En agglomération,Hors intersection,Normale,Deux véhicules - arrière,,,,,,,,,,,5,2,1,1.0,2.0
201000067735,0010-02-22 07:45:00,10,2,22,7,45,974,15,,,,Plein jour,Hors agglomération,Autre intersection,Normale,Sans collision,,,,,,,,,,,1,1,9,1.0,7.0
201000067736,0010-03-27 17:45:00,10,3,27,17,45,974,15,allée des palmistes,,,Nuit sans éclairage public,En agglomération,Hors intersection,Normale,Autre collision,,,,,,,,,,,3,2,1,1.0,6.0
201000067737,0010-04-02 17:00:00,10,4,2,17,0,974,15,,,,Plein jour,Hors agglomération,Hors intersection,Normale,Autre collision,,,,,,,,,,,1,1,1,1.0,6.0
201000067738,0010-06-11 20:30:00,10,6,11,20,30,974,15,,,,Nuit avec éclairage allumé,Hors agglomération,Hors intersection,Normale,Deux véhicules - arrière,,,,,,,,,,,5,1,1,1.0,2.0
201000067739,0010-06-13 22:00:00,10,6,13,22,0,974,15,,,,Nuit sans éclairage public,Hors agglomération,Autre intersection,Normale,Sans collision,,,,,,,,,,,3,1,9,1.0,7.0
201000067740,0010-08-09 04:15:00,10,8,9,4,15,974,15,RN1,,,Nuit sans éclairage public,En agglomération,Hors intersection,Normale,Sans collision,,,,,,,,,,,3,2,1,1.0,7.0
201000067741,0010-08-15 06:00:00,10,8,15,6,0,974,15,,,,Nuit sans éclairage public,Hors agglomération,Hors intersection,Normale,Deux véhicules - arrière,,,,,,,,,,,3,1,1,1.0,2.0
201000067742,0010-10-01 05:30:00,10,10,1,5,30,974,15,AXE MIXTE CAMBAIE,,,Nuit sans éclairage public,Hors agglomération,Hors intersection,Normale,Deux véhicules - côté,,,,,,,,,,,3,1,1,1.0,3.0
201000067743,0010-10-04 04:30:00,10,10,4,4,30,974,15,,,,Nuit sans éclairage public,Hors agglomération,Autre intersection,Normale,Deux véhicules - arrière,,,,,,,,,,,3,1,9,1.0,2.0
201000067744,0010-10-29 22:45:00,10,10,29,22,45,974,15,rue Marius et Ary LEBLON,,,Nuit avec éclairage allumé,En agglomération,Hors intersection,Normale,Deux véhicules - frontale,,,,,,,,,,,5,2,1,1.0,1.0
201000067745,0010-11-14 05:30:00,10,11,14,5,30,974,15,,,,Plein jour,Hors agglomération,Hors intersection,Normale,Autre collision,,,,,,,,,,,1,1,1,1.0,6.0
201000067746,0010-01-01 02:15:00,10,1,1,2,15,974,15,,,,Nuit avec éclairage allumé,En agglomération,Hors intersection,Normale,Trois véhicules et plus - collisions multiples,,,,,,,,,,,5,2,1,1.0,5.0
201000067747,0010-01-20 18:30:00,10,1,20,18,30,974,15,Rue général de gaulle,,,Plein jour,En agglomération,Hors intersection,Normale,Deux véhicules - côté,,,,,,,,,,,1,2,1,1.0,3.0
201000067748,0010-03-25 23:30:00,10,3,25,23,30,974,15,,,,Nuit sans éclairage public,Hors agglomération,Hors intersection,Normale,Autre collision,,,,,,,,,,,3,1,1,1.0,6.0
201000067749,0010-04-23 15:45:00,10,4,23,15,45,974,15,,,,Plein jour,Hors agglomération,Hors intersection,Normale,Sans collision,,,,,,,,,,,1,1,1,1.0,7.0
201000067750,0010-06-20 10:45:00,10,6,20,10,45,974,15,,,,Plein jour,Hors agglomération,Hors intersection,Normale,Deux véhicules - côté,,,,,,,,,,,1,1,1,1.0,3.0
201000067751,0010-10-26 17:45:00,10,10,26,17,45,974,55,,,,Plein jour,Hors agglomération,Hors intersection,Normale,Autre collision,,,,,,,,,,,1,1,1,1.0,6.0
201000067752,0010-11-11 22:45:00,10,11,11,22,45,974,15,,,,Nuit sans éclairage public,Hors agglomération,Hors intersection,Temps couvert,Deux véhicules - frontale,,,,,,,,,,,3,1,1,8.0,1.0
201000067753,0010-08-31 12:45:00,10,8,31,12,45,974,58,,,,Plein jour,Hors agglomération,Hors intersection,Normale,Sans collision,,,,,,,,,,,1,1,1,1.0,7.0
201000067754,0010-10-14 17:30:00,10,10,14,17,30,974,58,2 rue Acadine,,,Plein jour,En agglomération,Hors intersection,Normale,Deux véhicules - côté,,,,,,,,,,,1,2,1,1.0,3.0
201000067755,0010-02-13 05:30:00,10,2,13,5,30,974,68,,,,Nuit sans éclairage public,Hors agglomération,Autre intersection,Normale,Sans collision,,,,,,,,,,,3,1,9,1.0,7.0
201000067756,0010-04-30 15:00:00,10,4,30,15,0,974,1,9 Chemin La Croix,,,Plein jour,En agglomération,Hors intersection,Normale,Deux véhicules - frontale,,,,,,,,,,,1,2,1,1.0,1.0
201000067757,0010-10-27 13:45:00,10,10,27,13,45,974,1,,,,Plein jour,Hors agglomération,Hors intersection,Normale,Deux véhicules - frontale,,,,,,,,,,,1,1,1,1.0,1.0
201000067758,0010-02-28 19:15:00,10,2,28,19,15,974,23,Chemin des Cactus,,,Crépuscule ou aube,En agglomération,Hors intersection,Normale,Deux véhicules - frontale,,,,,,,,,,,2,2,1,1.0,1.0
201000067759,0010-04-08 15:00:00,10,4,8,15,0,974,23,RUE GEORGES BRASSENS,,,Plein jour,En agglomération,Hors intersection,Normale,Autre collision,,,,,,,,,,,1,2,1,1.0,6.0
201000067760,0010-06-10 13:00:00,10,6,10,13,0,974,23,Route Hubert Delisle,,,Plein jour,En agglomération,Hors intersection,Normale,Deux véhicules - côté,,,,,,,,,,,1,2,1,1.0,3.0
201000067761,0010-06-20 17:45:00,10,6,20,17,45,974,23,ROUTE HUBERT DELISLE,,,Plein jour,En agglomération,Hors intersection,Normale,Autre collision,,,,,,,,,,,1,2,1,1.0,6.0
201000067762,0010-07-21 14:00:00,10,7,21,14,0,974,23,,,,Plein jour,Hors agglomération,Hors intersection,Normale,Deux véhicules - frontale,,,,,,,,,,,1,1,1,1.0,1.0
201000067763,0010-10-25 21:30:00,10,10,25,21,30,974,23,RN1A,,,Nuit avec éclairage non allumé,En agglomération,Hors intersection,Normale,Autre collision,,,,,,,,,,,4,2,1,1.0,6.0
201000067764,0010-01-15 04:45:00,10,1,15,4,45,974,13,rue Général Lambert,,,Nuit avec éclairage allumé,En agglomération,Hors intersection,Normale,Autre collision,,,,,,,,,,,5,2,1,1.0,6.0
201000067765,0010-11-26 07:45:00,10,11,26,7,45,974,5,,,,Plein jour,Hors agglomération,Hors intersection,Normale,Deux véhicules - côté,,,,,,,,,,,1,1,1,1.0,3.0
201000067766,0010-01-10 18:15:00,10,1,10,18,15,974,14,Bellevue,,,Plein jour,En agglomération,Hors intersection,Normale,Deux véhicules - frontale,,,,,,,,,,,1,2,1,1.0,1.0
201000067767,0010-02-15 21:00:00,10,2,15,21,0,974,52,,,,Nuit sans éclairage public,Hors agglomération,Hors intersection,Normale,Deux véhicules - côté,,,,,,,,,,,3,1,1,1.0,3.0
201000067768,0010-03-13 15:00:00,10,3,13,15,0,974,14,,,,Plein jour,Hors agglomération,Hors intersection,Normale,Deux véhicules - frontale,,,,,,,,,,,1,1,1,1.0,1.0
201000067769,0010-03-10 16:00:00,10,3,10,16,0,974,14,rue lambert,,,Plein jour,En agglomération,Hors intersection,Pluie légère,Autre collision,,,,,,,,,,,1,2,1,2.0,6.0
201000067770,0010-03-17 12:00:00,10,3,17,12,0,974,14,RN1 ECHANGEUR DU GOL,,,Plein jour,Hors agglomération,Hors intersection,Pluie légère,Deux véhicules - côté,,,,,,,,,,,1,1,1,2.0,3.0
201000067771,0010-03-25 13:30:00,10,3,25,13,30,974,14,PENTE NICOLE,,,Plein jour,En agglomération,Hors intersection,Normale,Trois véhicules et plus - collisions multiples,,,,,,,,,,,1,2,1,1.0,5.0
201000067772,0010-03-27 13:15:00,10,3,27,13,15,974,14,RN5 ROUTE DE CILAOS,,,Plein jour,En agglomération,Hors intersection,Normale,Trois véhicules et plus - en chaîne,,,,,,,,,,,1,2,1,1.0,4.0
201000067773,0010-04-19 17:00:00,10,4,19,17,0,974,14,rue père de laporte,,,Plein jour,En agglomération,Hors intersection,Normale,Autre collision,,,,,,,,,,,1,2,1,1.0,6.0
201000067774,0010-05-06 16:00:00,10,5,6,16,0,974,14,,,,Plein jour,Hors agglomération,Hors intersection,Normale,Deux véhicules - frontale,,,,,,,,,,,1,1,1,1.0,1.0
201000067775,0010-05-11 11:30:00,10,5,11,11,30,974,14,rue ary lebon,,,Plein jour,En agglomération,Hors intersection,Normale,Autre collision,,,,,,,,,,,1,2,1,1.0,6.0
201000067776,0010-05-29 06:15:00,10,5,29,6,15,974,52,ALLEE DES OEILLETS,,,Crépuscule ou aube,En agglomération,Hors intersection,Normale,Autre collision,,,,,,,,,,,2,2,1,1.0,6.0
201000067777,0010-05-29 19:00:00,10,5,29,19,0,974,14,rue de toulouse,,,Nuit sans éclairage public,En agglomération,Hors intersection,Normale,Autre collision,,,,,,,,,,,3,2,1,1.0,6.0
201000067778,0010-06-07 18:30:00,10,6,7,18,30,974,14,rue du Docteur Raymond V,,,Nuit avec éclairage allumé,En agglomération,Hors intersection,Normale,Deux véhicules - frontale,,,,,,,,,,,5,2,1,1.0,1.0
201000067779,0010-06-16 06:30:00,10,6,16,6,30,974,14,avenue raymond verges,,,Crépuscule ou aube,En agglomération,Hors intersection,Normale,Deux véhicules - frontale,,,,,,,,,,,2,2,1,1.0,1.0
201000067780,0010-07-09 19:30:00,10,7,9,19,30,974,14,rn5/chemin savignan,,,Nuit avec éclairage allumé,En agglomération,Intersection en X,Normale,Deux véhicules - côté,,,,,,,,,,,5,2,2,1.0,3.0
201000067781,0010-07-10 20:00:00,10,7,10,20,0,974,14,14 Route Nationale 5 -,,,Nuit avec éclairage allumé,En agglomération,Hors intersection,Normale,Autre collision,,,,,,,,,,,5,2,1,1.0,6.0
201000067782,0010-07-14 00:01:00,10,7,14,0,1,974,52,Route du Ouaki,,,Nuit avec éclairage non allumé,En agglomération,Hors intersection,Normale,Deux véhicules - frontale,,,,,,,,,,,4,2,1,1.0,1.0
201000067783,0010-07-15 17:45:00,10,7,15,17,45,974,14,RN5 RTE CILAOS,,,Plein jour,En agglomération,Hors intersection,Normale,Autre collision,,,,,,,,,,,1,2,1,1.0,6.0
201000067784,0010-09-04 14:30:00,10,9,4,14,30,974,52,RUE DU PERE LAPORTE,,,Plein jour,En agglomération,Hors intersection,Normale,Deux véhicules - frontale,,,,,,,,,,,1,2,1,1.0,1.0
201000067785,0010-09-09 18:00:00,10,9,9,18,0,974,52,Rue  Docteur SCHWEITZER,,,Crépuscule ou aube,En agglomération,Hors intersection,Normale,Autre collision,,,,,,,,,,,2,2,1,1.0,6.0
201000067786,0010-09-12 19:45:00,10,9,12,19,45,974,52,,,,Nuit sans éclairage public,Hors agglomération,Hors intersection,Normale,Sans collision,,,,,,,,,,,3,1,1,1.0,7.0
201000067787,0010-09-17 10:45:00,10,9,17,10,45,974,14,,,,Plein jour,En agglomération,Giratoire,Normale,Deux véhicules - frontale,,,,,,,,,,,1,2,6,1.0,1.0
201000067788,0010-09-26 14:00:00,10,9,26,14,0,974,14,rue Pasteur,,,Plein jour,En agglomération,Hors intersection,Normale,Deux véhicules - frontale,,,,,,,,,,,1,2,1,1.0,1.0
201000067789,0010-10-01 06:45:00,10,10,1,6,45,974,14,,,,Plein jour,Hors agglomération,Hors intersection,Normale,Autre collision,,,,,,,,,,,1,1,1,1.0,6.0
201000067790,0010-10-26 12:45:00,10,10,26,12,45,974,52,,,,Plein jour,En agglomération,Hors intersection,Normale,Trois véhicules et plus - collisions multiples,,,,,,,,,,,1,2,1,1.0,5.0
201000067791,0010-12-08 14:15:00,10,12,8,14,15,974,14,PROFESSEUR LAPIERRE,,,Plein jour,En agglomération,Hors intersection,Normale,Autre collision,,,,,,,,,,,1,2,1,1.0,6.0
201000067792,0010-12-19 04:00:00,10,12,19,4,0,974,14,,,,Nuit sans éclairage public,Hors agglomération,Hors intersection,Normale,Autre collision,,,,,,,,,,,3,1,1,1.0,6.0
201000067793,0010-12-18 18:30:00,10,12,18,18,30,974,14,RN5 - ch cannes purisies,,,Crépuscule ou aube,En agglomération,Hors intersection,Normale,Deux véhicules - côté,,,,,,,,,,,2,2,1,1.0,3.0
201000067794,0010-01-31 13:30:00,10,1,31,13,30,974,24,rue des Sources,,,Plein jour,En agglomération,Giratoire,Normale,Deux véhicules - côté,,,,,,,,,,,1,2,6,1.0,3.0
201000067795,0010-11-06 20:15:00,10,11,6,20,15,974,24,Place du marché couvert,,,Nuit avec éclairage allumé,En agglomération,Hors intersection,Normale,Autre collision,,,,,,,,,,,5,2,1,1.0,6.0
201000067796,0010-07-17 09:45:00,10,7,17,9,45,974,3,128 rue Jean Lauret,,,Plein jour,En agglomération,Hors intersection,Normale,Sans collision,,,,,,,,,,,1,2,1,1.0,7.0
201000067797,0010-11-10 13:15:00,10,11,10,13,15,974,3,"CD26, 6 RUE F. HOARAU",,,Plein jour,En agglomération,Hors intersection,Normale,Autre collision,,,,,,,,,,,1,2,1,1.0,6.0
201000067798,0010-12-01 08:30:00,10,12,1,8,30,974,3,rue CESAIRE,,,Plein jour,En agglomération,Autre intersection,Normale,Sans collision,,,,,,,,,,,1,2,9,1.0,7.0
201000067799,0010-12-24 08:00:00,10,12,24,8,0,974,3,83 A rue jean Lauret,,,Plein jour,En agglomération,Hors intersection,Normale,Autre collision,,,,,,,,,,,1,2,1,1.0,6.0
201000067800,0010-10-05 11:00:00,10,10,5,11,0,974,49,,,,Plein jour,Hors agglomération,Hors intersection,Pluie légère,Trois véhicules et plus - collisions multiples,,,,,,,,,,,1,1,1,2.0,5.0
201000067801,0010-12-10 19:00:00,10,12,10,19,0,974,49,RUE MARIE POITEVIN PK 23,,,Crépuscule ou aube,En agglomération,Giratoire,Normale,Autre collision,,,,,,,,,,,2,2,6,1.0,6.0
201000067802,0010-12-22 08:15:00,10,12,22,8,15,974,49,"PK 23, RN03",,,Plein jour,En agglomération,Hors intersection,Pluie légère,Trois véhicules et plus - collisions multiples,,,,,,,,,,,1,2,1,2.0,5.0
201000067803,0010-02-25 07:45:00,10,2,25,7,45,974,12,RN2. RUE RAPHAEL BABET,,,Plein jour,En agglomération,Hors intersection,Normale,Autre collision,,,,,,,,,,,1,2,1,1.0,6.0
201000067804,0010-04-02 16:00:00,10,4,2,16,0,974,12,,,,Plein jour,Hors agglomération,Hors intersection,Normale,Deux véhicules - côté,,,,,,,,,,,1,1,1,1.0,3.0
201000067805,0010-05-04 08:45:00,10,5,4,8,45,974,12,,,,Plein jour,Hors agglomération,Hors intersection,Pluie légère,Deux véhicules - frontale,,,,,,,,,,,1,1,1,2.0,1.0
201000067806,0010-06-18 09:45:00,10,6,18,9,45,974,12,,,,Plein jour,Hors agglomération,Hors intersection,Normale,Deux véhicules - arrière,,,,,,,,,,,1,1,1,1.0,2.0
201000067807,0010-07-20 10:15:00,10,7,20,10,15,974,12,Rue Marius et Ary LEBLON,,,Plein jour,En agglomération,Hors intersection,Normale,Deux véhicules - côté,,,,,,,,,,,1,2,1,1.0,3.0
201000067808,0010-09-21 07:30:00,10,9,21,7,30,974,12,,,,Plein jour,Hors agglomération,Hors intersection,Normale,Autre collision,,,,,,,,,,,1,1,1,1.0,6.0
201000067809,0010-10-02 09:45:00,10,10,2,9,45,974,12,,,,Plein jour,Hors agglomération,Hors intersection,Normale,Deux véhicules - arrière,,,,,,,,,,,1,1,1,1.0,2.0
201000067810,0010-11-30 10:45:00,10,11,30,10,45,974,12,rue des frangipaniers,,,Plein jour,En agglomération,Hors intersection,Normale,Deux véhicules - côté,,,,,,,,,,,1,2,1,1.0,3.0
201000067811,0010-12-05 21:00:00,10,12,5,21,0,974,12,Rue Raphaël BABET,,,Nuit sans éclairage public,En agglomération,Hors intersection,Normale,Trois véhicules et plus - collisions multiples,,,,,,,,,,,3,2,1,1.0,5.0
201000067812,0010-02-05 12:30:00,10,2,5,12,30,974,17,45 RN2 Mare Longue,,,Plein jour,En agglomération,Hors intersection,Normale,Deux véhicules - côté,,,,,,,,,,,1,2,1,1.0,3.0
201000067813,0010-07-08 14:15:00,10,7,8,14,15,974,17,Rue Labourdonnais,,,Plein jour,En agglomération,Hors intersection,Normale,Deux véhicules - côté,,,,,,,,,,,1,2,1,1.0,3.0
201000067814,0010-08-19 08:15:00,10,8,19,8,15,974,17,,,,Plein jour,Hors agglomération,Hors intersection,Normale,Sans collision,,,,,,,,,,,1,1,1,1.0,7.0
201000067815,0010-10-10 12:30:00,10,10,10,12,30,974,17,,,,Plein jour,Hors agglomération,Hors intersection,Normale,Deux véhicules - côté,,,,,,,,,,,1,1,1,1.0,3.0
201000067816,0010-03-23 09:15:00,10,3,23,9,15,974,22,rue hubert delisle,,,Nuit avec éclairage allumé,En agglomération,Hors intersection,Normale,Deux véhicules - frontale,,,,,,,,,,,5,2,1,1.0,1.0
201000067817,0010-03-30 09:15:00,10,3,30,9,15,974,22,chemin neuf,,,Nuit sans éclairage public,En agglomération,Hors intersection,Normale,Trois véhicules et plus - en chaîne,,,,,,,,,,,3,2,1,1.0,4.0
201000067818,0010-03-28 03:30:00,10,3,28,3,30,974,22,192 chemin LEROY,,,Nuit sans éclairage public,En agglomération,Hors intersection,Normale,Sans collision,,,,,,,,,,,3,2,1,1.0,7.0
201000067819,0010-04-02 08:30:00,10,4,2,8,30,974,22,Rond Point des Azalées,,,Plein jour,En agglomération,Giratoire,Normale,Deux véhicules - côté,,,,,,,,,,,1,2,6,1.0,3.0
201000067820,0010-04-03 22:00:00,10,4,3,22,0,974,22,rue Geoges POMPIDOU,,,Nuit sans éclairage public,En agglomération,Hors intersection,Normale,Autre collision,,,,,,,,,,,3,2,1,1.0,6.0
201000067821,0010-04-17 12:15:00,10,4,17,12,15,974,22,CHEMIN L'HERMITAGE,,,Plein jour,En agglomération,Hors intersection,Normale,Autre collision,,,,,,,,,,,1,2,1,1.0,6.0
201000067822,0010-06-01 10:00:00,10,6,1,10,0,974,22,rue Hubert delisle,,,Plein jour,En agglomération,Hors intersection,Normale,Autre collision,,,,,,,,,,,1,2,1,1.0,6.0
201000067823,0010-06-20 10:00:00,10,6,20,10,0,974,22,406 RUE HUBERT DELISLE,,,Plein jour,En agglomération,Hors intersection,Normale,Deux véhicules - côté,,,,,,,,,,,1,2,1,1.0,3.0
201000067824,0010-07-31 21:00:00,10,7,31,21,0,974,22,rue Marius Harry LEBLOND,,,Nuit sans éclairage public,En agglomération,Hors intersection,Pluie légère,Deux véhicules - frontale,,,,,,,,,,,3,2,1,2.0,1.0
201000067825,0010-08-21 23:30:00,10,8,21,23,30,974,22,,,,Nuit avec éclairage allumé,Hors agglomération,Hors intersection,Normale,Autre collision,,,,,,,,,,,5,1,1,1.0,6.0
201000067826,0010-12-21 14:15:00,10,12,21,14,15,974,22,Ligne 400 - Fréjaville,,,Plein jour,En agglomération,Intersection en T,Normale,Deux véhicules - côté,,,,,,,,,,,1,2,3,1.0,3.0
201000067832,0010-01-31 17:30:00,10,1,31,17,30,971,3,,,,Plein jour,Hors agglomération,Hors intersection,Normale,Autre collision,,,,,,,,,,,1,1,1,1.0,6.0
201000067833,0010-02-04 15:30:00,10,2,4,15,30,971,3,,,,Plein jour,Hors agglomération,Hors intersection,Normale,Deux véhicules - côté,,,,,,,,,,,1,1,1,1.0,3.0
201000067834,0010-02-08 19:15:00,10,2,8,19,15,971,3,,,,Nuit sans éclairage public,Hors agglomération,Hors intersection,Normale,Autre collision,,,,,,,,,,,3,1,1,1.0,6.0
201000067835,0010-02-14 07:45:00,10,2,14,7,45,971,3,,,,Plein jour,Hors agglomération,Hors intersection,Normale,Deux véhicules - frontale,,,,,,,,,,,1,1,1,1.0,1.0
201000067836,0010-02-23 10:15:00,10,2,23,10,15,971,3,rue république,,,Plein jour,En agglomération,Intersection en T,Normale,Deux véhicules - côté,,,,,,,,,,,1,2,3,1.0,3.0
201000067837,0010-03-02 08:30:00,10,3,2,8,30,971,3,,,,Plein jour,Hors agglomération,Hors intersection,Normale,Deux véhicules - côté,,,,,,,,,,,1,1,1,1.0,3.0
201000067838,0010-03-03 23:30:00,10,3,3,23,30,971,3,bd lamentin,,,Nuit avec éclairage allumé,En agglomération,Hors intersection,Normale,Autre collision,,,,,,,,,,,5,2,1,1.0,6.0
201000067839,0010-03-31 08:45:00,10,3,31,8,45,971,3,,,,Plein jour,Hors agglomération,Hors intersection,Normale,Deux véhicules - côté,,,,,,,,,,,1,1,1,1.0,3.0
201000067840,0010-04-29 20:00:00,10,4,29,20,0,971,3,,,,Nuit avec éclairage allumé,Hors agglomération,Hors intersection,Normale,Autre collision,,,,,,,,,,,5,1,1,1.0,6.0
201000067841,0010-05-07 15:30:00,10,5,7,15,30,971,3,,,,Plein jour,Hors agglomération,Hors intersection,Normale,Deux véhicules - arrière,,,,,,,,,,,1,1,1,1.0,2.0
201000067842,0010-05-08 03:45:00,10,5,8,3,45,971,3,,,,Nuit sans éclairage public,Hors agglomération,Hors intersection,Normale,Autre collision,,,,,,,,,,,3,1,1,1.0,6.0
201000067843,0010-07-04 02:00:00,10,7,4,2,0,971,3,,,,Nuit sans éclairage public,Hors agglomération,Hors intersection,Normale,Autre collision,,,,,,,,,,,3,1,1,1.0,6.0
201000067844,0010-08-20 12:00:00,10,8,20,12,0,971,3,,,,Plein jour,Hors agglomération,Hors intersection,Normale,Trois véhicules et plus - collisions multiples,,,,,,,,,,,1,1,1,1.0,5.0
201000067845,0010-08-21 11:30:00,10,8,21,11,30,971,3,rue T. Edison,,,Plein jour,En agglomération,Hors intersection,Normale,Deux véhicules - frontale,,,,,,,,,,,1,2,1,1.0,1.0
201000067846,0010-10-22 11:00:00,10,10,22,11,0,971,3,,,,Plein jour,Hors agglomération,Hors intersection,Normale,Autre collision,,,,,,,,,,,1,1,1,1.0,6.0
201000067847,0010-11-18 11:45:00,10,11,18,11,45,971,3,,,,Plein jour,Hors agglomération,Hors intersection,Pluie légère,Deux véhicules - côté,,,,,,,,,,,1,1,1,2.0,3.0
201000067848,0010-12-30 19:15:00,10,12,30,19,15,971,3,La Jaille,,,Nuit avec éclairage allumé,En agglomération,Hors intersection,Normale,Autre collision,,,,,,,,,,,5,2,1,1.0,6.0
201000067849,0010-10-16 19:00:00,10,10,16,19,0,973,60,,,,Nuit sans éclairage public,Hors agglomération,Hors intersection,Normale,Autre collision,,,,,,,,,,,3,1,1,1.0,6.0