accident_id,datetime,annee,mois,jour,heure,minute,departement,commune_insee,adresse,latitude,longitude,luminosite,agglomeration,intersection,meteo,collision,nb_vehicules,nb_usagers,nb_indemnes,nb_tues,nb_blesses_hosp,nb_blesses_legers,age_cond_1,age_cond_2,veh_type_cond_1,veh_type_cond_2,lum_code,agg_code,int_code,atm_code,col_code
201000067985,0010-09-08 08:18:00,10,9,8,8,18,971,5,"28, AMEDE FENGAROL (RUE)",,,Plein jour,En agglomération,Hors intersection,Normale,Autre collision,,,,,,,,,,,1,2,1,1.0,6.0
201000067986,0010-09-10 13:10:00,10,9,10,13,10,971,5,MAURICE MARIE-CLAIRE(RUE,,,Plein jour,En agglomération,Intersection en X,Pluie légère,Autre collision,,,,,,,,,,,1,2,2,2.0,6.0
201000067987,0010-09-29 09:10:00,10,9,29,9,10,971,5,Parking cora Desmarais,,,Plein jour,Hors agglomération,Hors intersection,Normale,Deux véhicules - arrière,,,,,,,,,,,1,1,1,1.0,2.0
201000067988,0010-10-01 19:30:00,10,10,1,19,30,971,5,BD GERTY ARCHIMEDE,,,Nuit avec éclairage allumé,En agglomération,Intersection en Y,Normale,Deux véhicules - côté,,,,,,,,,,,5,2,4,1.0,3.0
201000067989,0010-10-08 10:40:00,10,10,8,10,40,971,5,FELIX EBOUE (BOULVARD G.,,,Plein jour,En agglomération,Hors intersection,Normale,Autre collision,,,,,,,,,,,1,2,1,1.0,6.0
201000067990,0010-10-18 12:15:00,10,10,18,12,15,971,5,BOLOGNE (ROUTE DE),,,Plein jour,En agglomération,Hors intersection,Pluie légère,Deux véhicules - arrière,,,,,,,,,,,1,2,1,2.0,2.0
201000067991,0010-10-22 10:05:00,10,10,22,10,5,971,5,DANIEL BEAUPERTHUY (RUE),,,Plein jour,Hors agglomération,Hors intersection,Normale,Autre collision,,,,,,,,,,,1,1,1,1.0,6.0
201000067992,0010-11-03 18:25:00,10,11,3,18,25,971,5,PAUL LACAVE (AVENUE ),,,Nuit avec éclairage allumé,En agglomération,Hors intersection,Normale,Autre collision,,,,,,,,,,,5,2,1,1.0,6.0
201000067993,0010-11-21 12:55:00,10,11,21,12,55,971,5,DUGOMMIER (RUE DU),,,Plein jour,En agglomération,Intersection en X,Normale,Deux véhicules - côté,,,,,,,,,,,1,2,2,1.0,3.0
201000067994,0010-11-25 09:40:00,10,11,25,9,40,971,5,REPUBLIQUE(RUE DE LA),,,Plein jour,En agglomération,Hors intersection,Normale,Deux véhicules - arrière,,,,,,,,,,,1,2,1,1.0,2.0
201000067995,0010-11-28 14:25:00,10,11,28,14,25,971,5,PITAT (RUE DU DOCTEUR),,,Plein jour,En agglomération,Intersection en X,Normale,Deux véhicules - arrière,,,,,,,,,,,1,2,2,1.0,2.0
201000067996,0010-12-05 18:40:00,10,12,5,18,40,971,5,"585, GOUVERNEUR DU LYON",,,Nuit avec éclairage allumé,En agglomération,Hors intersection,Normale,Deux véhicules - frontale,,,,,,,,,,,5,2,1,1.0,1.0
201000067997,0010-12-17 17:15:00,10,12,17,17,15,971,5,CHARLES DE GAULLE (BOULE,,,Plein jour,En agglomération,Hors intersection,Normale,Deux véhicules - côté,,,,,,,,,,,1,2,1,1.0,3.0
201000067998,0010-12-17 22:10:00,10,12,17,22,10,971,5,BD GERTY ARCHIMEDE,,,Nuit avec éclairage allumé,En agglomération,Autre intersection,Normale,Trois véhicules et plus - collisions multiples,,,,,,,,,,,5,2,9,1.0,5.0
201000067999,0010-12-17 10:50:00,10,12,17,10,50,971,5,"6, LEONARD",,,Plein jour,En agglomération,Hors intersection,Normale,Trois véhicules et plus - en chaîne,,,,,,,,,,,1,2,1,1.0,4.0
201000068000,0010-01-23 11:45:00,10,1,23,11,45,971,7,DUMANOIR ( ALLEE ),,,Plein jour,Hors agglomération,Hors intersection,Normale,Sans collision,,,,,,,,,,,1,1,1,1.0,7.0
201000068001,0010-02-05 15:50:00,10,2,5,15,50,971,7,MOULIN A EAU ( RUE DU ),,,Plein jour,En agglomération,Intersection en T,Normale,Deux véhicules - côté,,,,,,,,,,,1,2,3,1.0,3.0
201000068002,0010-03-16 16:10:00,10,3,16,16,10,971,7,GERMAIN ST RUF (AVENUE ),,,Plein jour,En agglomération,Autre intersection,Normale,Autre collision,,,,,,,,,,,1,2,9,1.0,6.0
201000068003,0010-04-20 19:15:00,10,4,20,19,15,971,7,FLAMBOYANTS ( ALLEE DES,,,Nuit avec éclairage allumé,En agglomération,Intersection en T,Normale,Deux véhicules - côté,,,,,,,,,,,5,2,3,1.0,3.0
201000068004,0010-05-03 19:45:00,10,5,3,19,45,971,7,DELGRES ( BOULEVARD ),,,Nuit avec éclairage allumé,En agglomération,Intersection en X,Normale,Autre collision,,,,,,,,,,,5,2,2,1.0,6.0
201000068005,0010-05-25 18:15:00,10,5,25,18,15,971,7,DELGRES ( BOULEVARD ),,,Crépuscule ou aube,En agglomération,Intersection en T,Normale,Deux véhicules - côté,,,,,,,,,,,2,2,3,1.0,3.0
201000068006,0010-06-01 18:50:00,10,6,1,18,50,971,7,FLAMBOYANTS ( ALLEE DES,,,Nuit avec éclairage allumé,En agglomération,Intersection en T,Normale,Autre collision,,,,,,,,,,,5,2,3,1.0,6.0
201000068007,0010-06-08 15:30:00,10,6,8,15,30,971,7,"17, FLAMBOYANTS ( ALLEE",,,Plein jour,En agglomération,Hors intersection,Normale,Deux véhicules - arrière,,,,,,,,,,,1,2,1,1.0,2.0
201000068008,0010-07-03 13:10:00,10,7,3,13,10,971,7,DELGRES ( BOULEVARD ),,,Plein jour,En agglomération,Hors intersection,Normale,Deux véhicules - côté,,,,,,,,,,,1,2,1,1.0,3.0
201000068009,0010-08-15 00:45:00,10,8,15,0,45,971,7,FLAMBOYANTS ( ALLEE DES,,,Nuit avec éclairage allumé,En agglomération,Hors intersection,Normale,Deux véhicules - frontale,,,,,,,,,,,5,2,1,1.0,1.0
201000068010,0010-09-20 18:45:00,10,9,20,18,45,971,7,PAUL LACAVE ( AVENUE ),,,Nuit avec éclairage allumé,En agglomération,Hors intersection,Normale,Deux véhicules - côté,,,,,,,,,,,5,2,1,1.0,3.0
201000068011,0010-10-16 19:15:00,10,10,16,19,15,971,7,MARQUISAT ( ROUTE DE ),,,Nuit avec éclairage allumé,En agglomération,Intersection en X,Normale,Deux véhicules - côté,,,,,,,,,,,5,2,2,1.0,3.0
201000068012,0010-11-09 16:45:00,10,11,9,16,45,971,7,"1, FLAMBOYANTS ( ALLEE D",,,Plein jour,En agglomération,Hors intersection,Normale,Deux véhicules - frontale,,,,,,,,,,,1,2,1,1.0,1.0
201000068013,0010-11-28 02:00:00,10,11,28,2,0,971,7,DUMANOIR ( ALLEE ),,,Nuit avec éclairage allumé,En agglomération,Intersection en T,Pluie légère,Autre collision,,,,,,,,,,,5,2,3,2.0,6.0
201000068014,0010-12-01 14:00:00,10,12,1,14,0,971,7,DUMANOIR ( ALLEE ),,,Plein jour,En agglomération,Hors intersection,Normale,Deux véhicules - côté,,,,,,,,,,,1,2,1,1.0,3.0
201000068015,0010-01-01 02:40:00,10,1,1,2,40,971,1,"RD, PETIT PEROU",,,Nuit avec éclairage allumé,En agglomération,Hors intersection,Pluie forte,Sans collision,,,,,,,,,,,5,2,1,3.0,7.0
201000068016,0010-01-06 20:50:00,10,1,6,20,50,971,1,"RD, AEROPORT POLE CARAIB",,,Nuit avec éclairage non allumé,En agglomération,Hors intersection,Pluie légère,Autre collision,,,,,,,,,,,4,2,1,2.0,6.0
201000068017,0010-01-08 19:00:00,10,1,8,19,0,971,1,"00, ROUTE DE CHAZEAU",,,Nuit sans éclairage public,Hors agglomération,Hors intersection,Normale,Deux véhicules - frontale,,,,,,,,,,,3,1,1,1.0,1.0
201000068018,0010-01-02 19:30:00,10,1,2,19,30,971,13,"RN4, RN4 - SECTION RIVIE",,,Nuit sans éclairage public,En agglomération,Hors intersection,Normale,Autre collision,,,,,,,,,,,3,2,1,1.0,6.0
201000068019,0010-01-04 17:00:00,10,1,4,17,0,971,1,Frédéric JALTON,,,Nuit avec éclairage allumé,Hors agglomération,Hors intersection,Normale,Autre collision,,,,,,,,,,,5,1,1,1.0,6.0
201000068020,0010-01-05 17:45:00,10,1,5,17,45,971,1,"RD, LE RAIZET(SECTEUR)",,,Plein jour,En agglomération,Hors intersection,Normale,Autre collision,,,,,,,,,,,1,2,1,1.0,6.0
201000068021,0010-01-05 17:43:00,10,1,5,17,43,971,20,"RD, GERTY ARCHIMEDE (RES",,,Crépuscule ou aube,En agglomération,Hors intersection,Normale,Autre collision,,,,,,,,,,,2,2,1,1.0,6.0
201000068022,0010-01-08 07:36:00,10,1,8,7,36,971,13,"RN4, RN4 - SECTION RIVIE",,,Plein jour,Hors agglomération,Hors intersection,Normale,Autre collision,,,,,,,,,,,1,1,1,1.0,6.0
201000068023,0010-01-09 11:20:00,10,1,9,11,20,971,13,"RD, MONTAUBAN (SECTEUR)",,,Plein jour,En agglomération,Hors intersection,Normale,Autre collision,,,,,,,,,,,1,2,1,1.0,6.0
201000068024,0010-01-13 14:00:00,10,1,13,14,0,971,1,"RD, ROUTE DE BOULIQUI",,,Plein jour,Hors agglomération,Hors intersection,Normale,Autre collision,,,,,,,,,,,1,1,1,1.0,6.0
201000068025,0010-01-15 06:45:00,10,1,15,6,45,971,1,"RD, ROUTE DE BOISVINS",,,Plein jour,Hors agglomération,Hors intersection,Normale,Autre collision,,,,,,,,,,,1,1,1,1.0,6.0
201000068026,0010-01-16 19:30:00,10,1,16,19,30,971,13,"RD, AMEDE CLARA",,,Nuit avec éclairage allumé,En agglomération,Hors intersection,Normale,Autre collision,,,,,,,,,,,5,2,1,1.0,6.0
201000068027,0010-01-18 14:20:00,10,1,18,14,20,971,20,"RD, BD LEGITIMUS",,,Plein jour,En agglomération,Hors intersection,Normale,Autre collision,,,,,,,,,,,1,2,1,1.0,6.0
201000068028,0010-01-31 08:25:00,10,1,31,8,25,971,1,"RD, DUGAZON",,,Plein jour,En agglomération,Hors intersection,Normale,Autre collision,,,,,,,,,,,1,2,1,1.0,6.0
201000068029,0010-02-14 23:39:00,10,2,14,23,39,971,1,"RD, CENTRE HOSPITALIER",,,Nuit avec éclairage allumé,Hors agglomération,Hors intersection,Normale,Autre collision,,,,,,,,,,,5,1,1,1.0,6.0
201000068030,0010-01-26 17:10:00,10,1,26,17,10,971,13,"RD, MONTAUBAN (SECTEUR)",,,Plein jour,En agglomération,Hors intersection,Normale,Trois véhicules et plus - en chaîne,,,,,,,,,,,1,2,1,1.0,4.0
201000068031,0010-01-26 15:45:00,10,1,26,15,45,971,20,CHANZY (BOULEVARD),,,Plein jour,Hors agglomération,Hors intersection,Pluie légère,Trois véhicules et plus - en chaîne,,,,,,,,,,,1,1,1,2.0,4.0
201000068032,0010-01-28 12:00:00,10,1,28,12,0,971,1,HIBISCUS,,,Plein jour,En agglomération,Hors intersection,Normale,Trois véhicules et plus - collisions multiples,,,,,,,,,,,1,2,1,1.0,5.0
201000068033,0010-01-29 06:50:00,10,1,29,6,50,971,1,BESSON,,,Plein jour,En agglomération,Hors intersection,Normale,Deux véhicules - arrière,,,,,,,,,,,1,2,1,1.0,2.0
201000068034,0010-01-31 19:55:00,10,1,31,19,55,971,1,"RD, PETIT PEROU",,,Nuit sans éclairage public,En agglomération,Hors intersection,Normale,Deux véhicules - côté,,,,,,,,,,,3,2,1,1.0,3.0
201000068035,0010-01-20 16:05:00,10,1,20,16,5,971,13,SECTION GRANDE RAVINE,,,Plein jour,En agglomération,Hors intersection,Normale,Deux véhicules - arrière,,,,,,,,,,,1,2,1,1.0,2.0
201000068036,0010-02-02 17:55:00,10,2,2,17,55,971,1,CHAUVEL,,,Plein jour,Hors agglomération,Hors intersection,Normale,Deux véhicules - côté,,,,,,,,,,,1,1,1,1.0,3.0
201000068037,0010-01-31 09:00:00,10,1,31,9,0,971,1,"RN, LE RAIZET(SECTEUR)",,,Plein jour,En agglomération,Hors intersection,Normale,Autre collision,,,,,,,,,,,1,2,1,1.0,6.0
201000068038,0010-02-12 23:51:00,10,2,12,23,51,971,1,"RN5, PERRIN",,,Nuit sans éclairage public,Hors agglomération,Hors intersection,Normale,Autre collision,,,,,,,,,,,3,1,1,1.0,6.0
201000068039,0010-02-01 06:40:00,10,2,1,6,40,971,13,"RN4, RN4 - SECTION RIVIE",,,Plein jour,Hors agglomération,Hors intersection,Normale,Autre collision,,,,,,,,,,,1,1,1,1.0,6.0
201000068040,0010-02-01 01:15:00,10,2,1,1,15,971,1,GRAND CAMP(SECTION),,,Nuit avec éclairage allumé,Hors agglomération,Hors intersection,Normale,Autre collision,,,,,,,,,,,5,1,1,1.0,6.0
201000068041,0010-02-03 16:20:00,10,2,3,16,20,971,1,"RD, ROUTE DE BOISVINS",,,Plein jour,Hors agglomération,Hors intersection,Normale,Autre collision,,,,,,,,,,,1,1,1,1.0,6.0
201000068042,0010-02-05 21:38:00,10,2,5,21,38,971,13,"RD, SECTION MARE-GAILLAR",,,Nuit avec éclairage allumé,En agglomération,Hors intersection,Normale,Autre collision,,,,,,,,,,,5,2,1,1.0,6.0
201000068043,0010-02-06 21:35:00,10,2,6,21,35,971,1,"RD, POINTE D'OR",,,Nuit avec éclairage allumé,En agglomération,Hors intersection,Normale,Autre collision,,,,,,,,,,,5,2,1,1.0,6.0
201000068044,0010-02-25 21:29:00,10,2,25,21,29,971,1,Frédéric JALTON,,,Nuit avec éclairage allumé,Hors agglomération,Hors intersection,Normale,Sans collision,,,,,,,,,,,5,1,1,1.0,7.0
201000068045,0010-02-08 01:07:00,10,2,8,1,7,971,13,"RN4, BAS DU FORT",,,Nuit avec éclairage allumé,Hors agglomération,Hors intersection,Normale,Autre collision,,,,,,,,,,,5,1,1,1.0,6.0
201000068046,0010-02-10 15:30:00,10,2,10,15,30,971,13,GENERAL DE GAULLE (AVENU,,,Plein jour,En agglomération,Hors intersection,Normale,Autre collision,,,,,,,,,,,1,2,1,1.0,6.0
201000068047,0010-02-11 06:10:00,10,2,11,6,10,971,13,SECTION MOREAU,,,Crépuscule ou aube,Hors agglomération,Hors intersection,Normale,Autre collision,,,,,,,,,,,2,1,1,1.0,6.0
201000068048,0010-03-05 05:55:00,10,3,5,5,55,971,1,"RD, LACROIX",,,Crépuscule ou aube,En agglomération,Hors intersection,Normale,Autre collision,,,,,,,,,,,2,2,1,1.0,6.0
201000068049,0010-02-11 17:47:00,10,2,11,17,47,971,13,BAS DU FORT,,,Plein jour,Hors agglomération,Hors intersection,Normale,Deux véhicules - arrière,,,,,,,,,,,1,1,1,1.0,2.0
201000068050,0010-02-12 09:15:00,10,2,12,9,15,971,1,ROUTE DE BOISVINS,,,Plein jour,En agglomération,Hors intersection,Normale,Deux véhicules - arrière,,,,,,,,,,,1,2,1,1.0,2.0
201000068051,0010-02-14 01:05:00,10,2,14,1,5,971,1,ROUTE DES ABYMES,,,Nuit avec éclairage allumé,En agglomération,Hors intersection,Normale,Deux véhicules - côté,,,,,,,,,,,5,2,1,1.0,3.0
201000068052,0010-02-16 14:40:00,10,2,16,14,40,971,13,RN4 - SECTION RIVIERA,,,Plein jour,Hors agglomération,Hors intersection,Normale,Deux véhicules - côté,,,,,,,,,,,1,1,1,1.0,3.0
201000068053,0010-02-17 13:20:00,10,2,17,13,20,971,1,"RD, BAZIN",,,Plein jour,En agglomération,Hors intersection,Normale,Deux véhicules - côté,,,,,,,,,,,1,2,1,1.0,3.0
201000068054,0010-02-26 01:24:00,10,2,26,1,24,971,20,RUE EUVREMONT GENE,,,Nuit avec éclairage allumé,En agglomération,Hors intersection,Normale,Deux véhicules - côté,,,,,,,,,,,5,2,1,1.0,3.0
201000068055,0010-02-21 20:10:00,10,2,21,20,10,971,1,BAIMBRIDGE,,,Nuit avec éclairage allumé,Hors agglomération,Hors intersection,Normale,Deux véhicules - arrière,,,,,,,,,,,5,1,1,1.0,2.0
201000068056,0010-03-14 04:45:00,10,3,14,4,45,971,13,RN4 - SECTION RIVIERA,,,Nuit sans éclairage public,Hors agglomération,Hors intersection,Normale,Sans collision,,,,,,,,,,,3,1,1,1.0,7.0
201000068057,0010-03-14 05:35:00,10,3,14,5,35,971,13,BAS DU FORT,,,Nuit sans éclairage public,Hors agglomération,Hors intersection,Normale,Sans collision,,,,,,,,,,,3,1,1,1.0,7.0
201000068058,0010-03-14 19:00:00,10,3,14,19,0,971,13,SECTEUR DAMPIERRE,,,Nuit avec éclairage allumé,Hors agglomération,Hors intersection,Normale,Autre collision,,,,,,,,,,,5,1,1,1.0,6.0
201000068059,0010-02-15 09:30:00,10,2,15,9,30,971,13,RN4 - SECTION RIVIERA,,,Plein jour,Hors agglomération,Hors intersection,Normale,Deux véhicules - arrière,,,,,,,,,,,1,1,1,1.0,2.0
201000068060,0010-02-18 20:25:00,10,2,18,20,25,971,20,Amitié des peuples,,,Nuit avec éclairage allumé,En agglomération,Hors intersection,Normale,Deux véhicules - arrière,,,,,,,,,,,5,2,1,1.0,2.0
201000068061,0010-03-01 14:25:00,10,3,1,14,25,971,1,BLD DES FRITES- LE RAIZE,,,Plein jour,En agglomération,Hors intersection,Normale,Autre collision,,,,,,,,,,,1,2,1,1.0,6.0
201000068062,0010-03-02 08:10:00,10,3,2,8,10,971,13,RN4 - SECTION RIVIERA,,,Plein jour,Hors agglomération,Hors intersection,Normale,Deux véhicules - côté,,,,,,,,,,,1,1,1,1.0,3.0
201000068063,0010-02-20 22:20:00,10,2,20,22,20,971,1,"RD, CHAUVEL",,,Nuit avec éclairage allumé,En agglomération,Hors intersection,Normale,Deux véhicules - côté,,,,,,,,,,,5,2,1,1.0,3.0
201000068064,0010-03-10 06:35:00,10,3,10,6,35,971,1,ROUTE DE BOISVINS,,,Crépuscule ou aube,Hors agglomération,Hors intersection,Normale,Deux véhicules - côté,,,,,,,,,,,2,1,1,1.0,3.0
201000068065,0010-03-06 14:35:00,10,3,6,14,35,971,1,BESSON,,,Plein jour,Hors agglomération,Hors intersection,Normale,Autre collision,,,,,,,,,,,1,1,1,1.0,6.0
201000068066,0010-03-07 03:18:00,10,3,7,3,18,971,13,MONTAUBAN (SECTEUR),,,Nuit avec éclairage allumé,En agglomération,Hors intersection,Normale,Deux véhicules - côté,,,,,,,,,,,5,2,1,1.0,3.0
201000068067,0010-03-09 17:35:00,10,3,9,17,35,971,1,RN05,,,Plein jour,En agglomération,Hors intersection,Normale,Autre collision,,,,,,,,,,,1,2,1,1.0,6.0
201000068068,0010-03-25 16:30:00,10,3,25,16,30,971,1,PAGES,,,Plein jour,En agglomération,Hors intersection,Normale,Deux véhicules - frontale,,,,,,,,,,,1,2,1,1.0,1.0
201000068069,0010-03-16 12:30:00,10,3,16,12,30,971,13,MONTAUBAN (SECTEUR),,,Plein jour,En agglomération,Hors intersection,Normale,Deux véhicules - côté,,,,,,,,,,,1,2,1,1.0,3.0
201000068070,0010-03-17 14:35:00,10,3,17,14,35,971,1,BAIMBRIDGE,,,Plein jour,En agglomération,Hors intersection,Normale,Deux véhicules - côté,,,,,,,,,,,1,2,1,1.0,3.0
201000068071,0010-03-18 06:50:00,10,3,18,6,50,971,1,CHAZEAU,,,Plein jour,Hors agglomération,Hors intersection,Normale,Deux véhicules - côté,,,,,,,,,,,1,1,1,1.0,3.0
201000068072,0010-03-19 16:45:00,10,3,19,16,45,971,1,POINTE D'OR,,,Plein jour,En agglomération,Hors intersection,Normale,Deux véhicules - arrière,,,,,,,,,,,1,2,1,1.0,2.0
201000068073,0010-03-19 08:00:00,10,3,19,8,0,971,1,TERASSON,,,Plein jour,En agglomération,Hors intersection,Normale,Deux véhicules - frontale,,,,,,,,,,,1,2,1,1.0,1.0
201000068074,0010-03-22 15:10:00,10,3,22,15,10,971,20,GARE ROUTIERE,,,Plein jour,En agglomération,Hors intersection,Normale,Deux véhicules - frontale,,,,,,,,,,,1,2,1,1.0,1.0
201000068075,0010-03-18 09:50:00,10,3,18,9,50,971,13,SECTION PLIANE,,,Plein jour,Hors agglomération,Hors intersection,Normale,Trois véhicules et plus - collisions multiples,,,,,,,,,,,1,1,1,1.0,5.0
201000068076,0010-03-31 14:00:00,10,3,31,14,0,971,20,B.DE VARVILLE,,,Plein jour,En agglomération,Hors intersection,Normale,Deux véhicules - frontale,,,,,,,,,,,1,2,1,1.0,1.0
201000068077,0010-04-02 00:15:00,10,4,2,0,15,971,13,RN4 - SECTION RIVIERA,,,Nuit avec éclairage allumé,Hors agglomération,Hors intersection,Normale,Deux véhicules - arrière,,,,,,,,,,,5,1,1,1.0,2.0
201000068078,0010-04-03 19:47:00,10,4,3,19,47,971,20,RASPAIL,,,Nuit sans éclairage public,En agglomération,Hors intersection,Normale,Autre collision,,,,,,,,,,,3,2,1,1.0,6.0
201000068079,0010-04-08 10:10:00,10,4,8,10,10,971,1,CARAQUE,,,Plein jour,Hors agglomération,Hors intersection,Normale,Deux véhicules - côté,,,,,,,,,,,1,1,1,1.0,3.0
201000068080,0010-03-25 09:10:00,10,3,25,9,10,971,1,VIEUX BOURG,,,Plein jour,En agglomération,Hors intersection,Normale,Deux véhicules - arrière,,,,,,,,,,,1,2,1,1.0,2.0
201000068081,0010-04-10 05:40:00,10,4,10,5,40,971,1,HIBISCUS,,,Crépuscule ou aube,En agglomération,Hors intersection,Normale,Deux véhicules - arrière,,,,,,,,,,,2,2,1,1.0,2.0
201000068082,0010-04-14 10:50:00,10,4,14,10,50,971,13,PONT DE POUCET,,,Plein jour,Hors agglomération,Hors intersection,Normale,Autre collision,,,,,,,,,,,1,1,1,1.0,6.0
201000068083,0010-04-08 05:20:00,10,4,8,5,20,971,1,MARECHAL LECLERC,,,Crépuscule ou aube,En agglomération,Hors intersection,Normale,Autre collision,,,,,,,,,,,2,2,1,1.0,6.0
201000068084,0010-04-25 11:45:00,10,4,25,11,45,971,1,RUE JEAN  IGNACE,,,Plein jour,En agglomération,Hors intersection,Normale,Deux véhicules - arrière,,,,,,,,,,,1,2,1,1.0,2.0
201000068085,0010-04-24 19:20:00,10,4,24,19,20,971,13,SECTION COCOYER,,,Nuit avec éclairage non allumé,En agglomération,Hors intersection,Normale,Trois véhicules et plus - collisions multiples,,,,,,,,,,,4,2,1,1.0,5.0
201000068086,0010-04-24 16:30:00,10,4,24,16,30,971,1,CHAUVEL,,,Plein jour,En agglomération,Hors intersection,Normale,Deux véhicules - côté,,,,,,,,,,,1,2,1,1.0,3.0
201000068087,0010-04-21 14:33:00,10,4,21,14,33,971,1,PERRIN,,,Plein jour,Hors agglomération,Hors intersection,Normale,Deux véhicules - arrière,,,,,,,,,,,1,1,1,1.0,2.0
201000068088,0010-04-18 10:30:00,10,4,18,10,30,971,1,GRAND CAMP(SECTION),,,Plein jour,En agglomération,Hors intersection,Normale,Sans collision,,,,,,,,,,,1,2,1,1.0,7.0
201000068089,0010-04-23 07:26:00,10,4,23,7,26,971,13,RN4 - SECTION RIVIERA,,,Plein jour,Hors agglomération,Hors intersection,Normale,Deux véhicules - frontale,,,,,,,,,,,1,1,1,1.0,1.0
201000068090,0010-04-26 00:26:00,10,4,26,0,26,971,1,MAIRIE,,,Nuit avec éclairage allumé,En agglomération,Hors intersection,Normale,Sans collision,,,,,,,,,,,5,2,1,1.0,7.0
201000068091,0010-04-24 10:20:00,10,4,24,10,20,971,20,FREBAULT,,,Plein jour,En agglomération,Hors intersection,Normale,Autre collision,,,,,,,,,,,1,2,1,1.0,6.0
201000068092,0010-04-26 06:55:00,10,4,26,6,55,971,13,DOCTEUR HELENE (IMPASSE),,,Plein jour,En agglomération,Hors intersection,Normale,Autre collision,,,,,,,,,,,1,2,1,1.0,6.0
201000068093,0010-05-09 01:53:00,10,5,9,1,53,971,1,ROUTE DE BOISVINS,,,Nuit avec éclairage allumé,Hors agglomération,Hors intersection,Normale,Deux véhicules - côté,,,,,,,,,,,5,1,1,1.0,3.0
201000068094,0010-05-02 17:57:00,10,5,2,17,57,971,13,GENERAL DE GAULLE (AVENU,,,Crépuscule ou aube,En agglomération,Hors intersection,Normale,Autre collision,,,,,,,,,,,2,2,1,1.0,6.0
201000068095,0010-05-01 16:55:00,10,5,1,16,55,971,13,SECTION COCOYER,,,Plein jour,En agglomération,Hors intersection,Normale,Deux véhicules - côté,,,,,,,,,,,1,2,1,1.0,3.0
201000068096,0010-05-02 07:30:00,10,5,2,7,30,971,1,ROUTE DE BOISVINS,,,Plein jour,En agglomération,Hors intersection,Normale,Deux véhicules - arrière,,,,,,,,,,,1,2,1,1.0,2.0
201000068097,0010-05-04 17:30:00,10,5,4,17,30,971,1,HIBISCUS,,,Plein jour,En agglomération,Hors intersection,Normale,Autre collision,,,,,,,,,,,1,2,1,1.0,6.0
201000068098,0010-04-24 13:20:00,10,4,24,13,20,971,13,"RN 4, PONT DE POUCET",,,Plein jour,En agglomération,Hors intersection,Normale,Trois véhicules et plus - collisions multiples,,,,,,,,,,,1,2,1,1.0,5.0
201000068099,0010-05-09 07:20:00,10,5,9,7,20,971,13,SECTION MATHURIN,,,Plein jour,En agglomération,Hors intersection,Normale,Autre collision,,,,,,,,,,,1,2,1,1.0,6.0
201000068100,0010-05-06 10:00:00,10,5,6,10,0,971,1,PERRIN,,,Plein jour,En agglomération,Hors intersection,Normale,Deux véhicules - frontale,,,,,,,,,,,1,2,1,1.0,1.0
201000068101,0010-05-10 14:00:00,10,5,10,14,0,971,1,VIEUX BOURG,,,Plein jour,En agglomération,Hors intersection,Normale,Autre collision,,,,,,,,,,,1,2,1,1.0,6.0
201000068102,0010-05-11 08:00:00,10,5,11,8,0,971,20,HO CHI MIN,,,Plein jour,En agglomération,Hors intersection,Normale,Deux véhicules - côté,,,,,,,,,,,1,2,1,1.0,3.0
201000068103,0010-05-12 18:35:00,10,5,12,18,35,971,1,CARAQUE,,,Nuit avec éclairage allumé,En agglomération,Hors intersection,Normale,Deux véhicules - côté,,,,,,,,,,,5,2,1,1.0,3.0
201000068104,0010-05-04 22:45:00,10,5,4,22,45,971,1,GRAND CAMP(SECTION),,,Nuit avec éclairage allumé,Hors agglomération,Hors intersection,Normale,Trois véhicules et plus - collisions multiples,,,,,,,,,,,5,1,1,1.0,5.0
201000068105,0010-05-06 09:20:00,10,5,6,9,20,971,13,SECTION GRANDE RAVINE,,,Plein jour,Hors agglomération,Hors intersection,Normale,Deux véhicules - arrière,,,,,,,,,,,1,1,1,1.0,2.0
201000068106,0010-05-06 08:20:00,10,5,6,8,20,971,20,ECOLE NORMALE,,,Plein jour,En agglomération,Hors intersection,Normale,Autre collision,,,,,,,,,,,1,2,1,1.0,6.0
201000068107,0010-05-10 09:30:00,10,5,10,9,30,971,13,RN4 - SECTION RIVIERA,,,Plein jour,Hors agglomération,Hors intersection,Normale,Deux véhicules - arrière,,,,,,,,,,,1,1,1,1.0,2.0
201000068108,0010-05-15 22:40:00,10,5,15,22,40,971,1,GRAND CAMP(SECTION),,,Nuit avec éclairage allumé,Hors agglomération,Hors intersection,Normale,Trois véhicules et plus - collisions multiples,,,,,,,,,,,5,1,1,1.0,5.0
201000068109,0010-05-15 21:18:00,10,5,15,21,18,971,20,BLANCHARD,,,Nuit avec éclairage non allumé,Hors agglomération,Hors intersection,Normale,Sans collision,,,,,,,,,,,4,1,1,1.0,7.0
201000068110,0010-05-16 23:55:00,10,5,16,23,55,971,13,SECTEUR DAMPIERRE,,,Nuit avec éclairage non allumé,En agglomération,Hors intersection,Normale,Trois véhicules et plus - collisions multiples,,,,,,,,,,,4,2,1,1.0,5.0
201000068111,0010-05-17 06:15:00,10,5,17,6,15,971,20,CENTRE DES ARTS,,,Plein jour,En agglomération,Hors intersection,Normale,Autre collision,,,,,,,,,,,1,2,1,1.0,6.0
201000068112,0010-05-23 14:00:00,10,5,23,14,0,971,1,CHAUVEL,,,Plein jour,En agglomération,Hors intersection,Normale,Deux véhicules - côté,,,,,,,,,,,1,2,1,1.0,3.0
201000068113,0010-06-09 17:40:00,10,6,9,17,40,971,13,SECTEUR DAMPIERRE,,,Plein jour,Hors agglomération,Hors intersection,Normale,Deux véhicules - côté,,,,,,,,,,,1,1,1,1.0,3.0