accident_id,datetime,annee,mois,jour,heure,minute,departement,commune_insee,adresse,latitude,longitude,luminosite,agglomeration,intersection,meteo,collision,nb_vehicules,nb_usagers,nb_indemnes,nb_tues,nb_blesses_hosp,nb_blesses_legers,age_cond_1,age_cond_2,veh_type_cond_1,veh_type_cond_2,lum_code,agg_code,int_code,atm_code,col_code
201000068369,0010-11-01 15:45:00,10,11,1,15,45,972,9,"97, MAURICE BISHOP (AVEN",,,Plein jour,En agglomération,Hors intersection,Normale,Autre collision,,,,,,,,,,,1,2,1,1.0,6.0
201000068370,0010-11-01 06:20:00,10,11,1,6,20,972,9,"214, MAURICE BISHOP (AVE",,,Plein jour,En agglomération,Hors intersection,Normale,Autre collision,,,,,,,,,,,1,2,1,1.0,6.0
201000068371,0010-11-04 10:40:00,10,11,4,10,40,972,9,"RD13, CHATEAUBOEUF (ROUT",,,Plein jour,En agglomération,Intersection en T,Normale,Autre collision,,,,,,,,,,,1,2,3,1.0,6.0
201000068372,0010-11-04 19:40:00,10,11,4,19,40,972,9,"95, MAURICE BISHOP (AVEN",,,Nuit avec éclairage allumé,En agglomération,Hors intersection,Normale,Autre collision,,,,,,,,,,,5,2,1,1.0,6.0
201000068373,0010-11-05 07:20:00,10,11,5,7,20,972,9,"01, SOLEIL LEVANT (BOULE",,,Plein jour,Hors agglomération,Hors intersection,Normale,Autre collision,,,,,,,,,,,1,1,1,1.0,6.0
201000068374,0010-11-08 15:30:00,10,11,8,15,30,972,9,"comm, AMILCAR CABRAL (BO",,,Plein jour,En agglomération,Intersection en T,Normale,Autre collision,,,,,,,,,,,1,2,3,1.0,6.0
201000068375,0010-11-09 17:25:00,10,11,9,17,25,972,9,"84, GENERAL DE GAULLE (B",,,Plein jour,En agglomération,Hors intersection,Normale,Deux véhicules - côté,,,,,,,,,,,1,2,1,1.0,3.0
201000068376,0010-11-11 10:55:00,10,11,11,10,55,972,9,"11, GOUVERNEUR PONTON (R",,,Plein jour,En agglomération,Hors intersection,Normale,Autre collision,,,,,,,,,,,1,2,1,1.0,6.0
201000068377,0010-11-13 13:40:00,10,11,13,13,40,972,9,"comm, LAMARTINE (RUE)",,,Plein jour,En agglomération,Intersection en T,Normale,Autre collision,,,,,,,,,,,1,2,3,1.0,6.0
201000068378,0010-11-13 21:45:00,10,11,13,21,45,972,9,"RN1, AUTOROUTE (A1)",,,Nuit avec éclairage allumé,Hors agglomération,Hors intersection,Normale,Sans collision,,,,,,,,,,,5,1,1,1.0,7.0
201000068379,0010-11-16 22:10:00,10,11,16,22,10,972,9,"COMM, 97 MARCHES (RUE DE",,,Nuit avec éclairage allumé,En agglomération,Intersection en X,Normale,Deux véhicules - côté,,,,,,,,,,,5,2,2,1.0,3.0
201000068380,0010-11-20 02:20:00,10,11,20,2,20,972,9,"09, FRANCOIS REBOULD (BO",,,Nuit avec éclairage allumé,En agglomération,Hors intersection,Normale,Autre collision,,,,,,,,,,,5,2,1,1.0,6.0
201000068381,0010-11-20 18:35:00,10,11,20,18,35,972,9,"RN1, GENERAL DE GAULLE (",,,Crépuscule ou aube,En agglomération,Intersection en T,Normale,Deux véhicules - côté,,,,,,,,,,,2,2,3,1.0,3.0
201000068382,0010-11-25 14:15:00,10,11,25,14,15,972,9,"RD 41, RD 41",,,Plein jour,En agglomération,Hors intersection,Normale,Sans collision,,,,,,,,,,,1,2,1,1.0,7.0
201000068383,0010-11-28 00:20:00,10,11,28,0,20,972,9,"RD 48, RELIGIEUSES (ROUT",,,Nuit avec éclairage allumé,En agglomération,Intersection en T,Normale,Deux véhicules - côté,,,,,,,,,,,5,2,3,1.0,3.0
201000068384,0010-12-07 18:39:00,10,12,7,18,39,972,9,"117, BALATA (ROUTE DE)",,,Crépuscule ou aube,Hors agglomération,Hors intersection,Normale,Deux véhicules - arrière,,,,,,,,,,,2,1,1,1.0,2.0
201000068385,0010-12-08 20:45:00,10,12,8,20,45,972,9,RN9,,,Nuit avec éclairage allumé,En agglomération,Giratoire,Normale,Deux véhicules - côté,,,,,,,,,,,5,2,6,1.0,3.0
201000068386,0010-12-10 13:25:00,10,12,10,13,25,972,9,"RD 40, SOLEIL LEVANT (BO",,,Plein jour,En agglomération,Intersection en T,Normale,Deux véhicules - côté,,,,,,,,,,,1,2,3,1.0,3.0
201000068387,0010-12-11 11:55:00,10,12,11,11,55,972,9,"22, GENERAL DE GAULLE (B",,,Plein jour,En agglomération,Hors intersection,Normale,Deux véhicules - côté,,,,,,,,,,,1,2,1,1.0,3.0
201000068388,0010-12-13 15:05:00,10,12,13,15,5,972,9,"RN 1, MAURICE BISHOP (AV",,,Plein jour,En agglomération,Intersection en T,Normale,Deux véhicules - côté,,,,,,,,,,,1,2,3,1.0,3.0
201000068389,0010-12-14 08:43:00,10,12,14,8,43,972,9,"139, RAVINE VILAINE (CHE",,,Plein jour,Hors agglomération,Hors intersection,Normale,Autre collision,,,,,,,,,,,1,1,1,1.0,6.0
201000068390,0010-12-17 13:35:00,10,12,17,13,35,972,9,"22, CLUNY (ROUTE DE)",,,Plein jour,En agglomération,Hors intersection,Normale,Autre collision,,,,,,,,,,,1,2,1,1.0,6.0
201000068391,0010-12-17 19:25:00,10,12,17,19,25,972,9,"comm, CARAIBES (AVENUE D",,,Nuit avec éclairage allumé,En agglomération,Intersection en T,Normale,Deux véhicules - côté,,,,,,,,,,,5,2,3,1.0,3.0
201000068392,0010-12-17 14:00:00,10,12,17,14,0,972,9,"329, REDOUTE (ROUTE DE L",,,Plein jour,Hors agglomération,Hors intersection,Normale,Deux véhicules - côté,,,,,,,,,,,1,1,1,1.0,3.0
201000068393,0010-12-18 06:35:00,10,12,18,6,35,972,9,"RN3, PAUL NARDAL (AVENUE",,,Plein jour,En agglomération,Hors intersection,Normale,Sans collision,,,,,,,,,,,1,2,1,1.0,7.0
201000068394,0010-12-18 10:55:00,10,12,18,10,55,972,9,"149, CONDORCET (AVENUE)",,,Plein jour,En agglomération,Hors intersection,Normale,Autre collision,,,,,,,,,,,1,2,1,1.0,6.0
201000068395,0010-12-20 20:10:00,10,12,20,20,10,972,9,"19, BATOUALA (RUE DU)",,,Nuit avec éclairage allumé,En agglomération,Hors intersection,Normale,Autre collision,,,,,,,,,,,5,2,1,1.0,6.0
201000068396,0010-12-20 12:00:00,10,12,20,12,0,972,9,"197, MAURICE BISHOP (AVE",,,Plein jour,En agglomération,Hors intersection,Normale,Autre collision,,,,,,,,,,,1,2,1,1.0,6.0
201000068397,0010-12-24 17:45:00,10,12,24,17,45,972,9,RN9,,,Crépuscule ou aube,En agglomération,Hors intersection,Temps couvert,Deux véhicules - arrière,,,,,,,,,,,2,2,1,8.0,2.0
201000068398,0010-12-25 01:50:00,10,12,25,1,50,972,9,"117, MAURICE BISHOP (AVE",,,Nuit avec éclairage allumé,En agglomération,Hors intersection,Normale,Autre collision,,,,,,,,,,,5,2,1,1.0,6.0
201000068399,0010-12-26 15:20:00,10,12,26,15,20,972,9,"148, MAURICE BISHOP (AVE",,,Plein jour,En agglomération,Hors intersection,Normale,Autre collision,,,,,,,,,,,1,2,1,1.0,6.0
201000068400,0010-12-30 15:23:00,10,12,30,15,23,972,9,"29, GENERAL DE GAULLE (B",,,Plein jour,En agglomération,Hors intersection,Normale,Autre collision,,,,,,,,,,,1,2,1,1.0,6.0
201000068401,0010-12-13 18:36:00,10,12,13,18,36,972,9,"15, ENTREE DE BRIAND (RO",,,Crépuscule ou aube,Hors agglomération,Hors intersection,Normale,Autre collision,,,,,,,,,,,2,1,1,1.0,6.0
201000068402,0010-01-05 18:00:00,10,1,5,18,0,972,13,AUTOROUTE A1,,,Crépuscule ou aube,Hors agglomération,Hors intersection,Normale,Deux véhicules - arrière,,,,,,,,,,,2,1,1,1.0,2.0
201000068403,0010-01-08 07:55:00,10,1,8,7,55,972,13,ROUTE DEPARTEMENTALE 14,,,Plein jour,Hors agglomération,Hors intersection,Normale,Deux véhicules - côté,,,,,,,,,,,1,1,1,1.0,3.0
201000068404,0010-01-08 23:05:00,10,1,8,23,5,972,13,ROUTE NATIONALE 5,,,Nuit sans éclairage public,Hors agglomération,Hors intersection,Normale,Autre collision,,,,,,,,,,,3,1,1,1.0,6.0
201000068405,0010-01-10 14:45:00,10,1,10,14,45,972,13,ROUTE DEPARTEMENTALE 13,,,Plein jour,Hors agglomération,Hors intersection,Normale,Deux véhicules - côté,,,,,,,,,,,1,1,1,1.0,3.0
201000068406,0010-01-15 11:40:00,10,1,15,11,40,972,13,ROUTE DEPARTEMENTALE 15,,,Plein jour,Hors agglomération,Intersection en T,Normale,Deux véhicules - côté,,,,,,,,,,,1,1,3,1.0,3.0
201000068407,0010-01-16 19:20:00,10,1,16,19,20,972,13,ROUTE NATIONALE 1,,,Nuit sans éclairage public,Hors agglomération,Hors intersection,Normale,Deux véhicules - arrière,,,,,,,,,,,3,1,1,1.0,2.0
201000068408,0010-01-16 19:50:00,10,1,16,19,50,972,13,ACAJOU PROLONGEE,,,Nuit sans éclairage public,Hors agglomération,Hors intersection,Normale,Autre collision,,,,,,,,,,,3,1,1,1.0,6.0
201000068409,0010-01-29 17:55:00,10,1,29,17,55,972,13,Z I CALIFORNIE,,,Plein jour,Hors agglomération,Hors intersection,Normale,Deux véhicules - frontale,,,,,,,,,,,1,1,1,1.0,1.0
201000068410,0010-02-01 12:05:00,10,2,1,12,5,972,13,ROUTE DEPARTEMENTALE 3,,,Plein jour,En agglomération,Hors intersection,Normale,Trois véhicules et plus - en chaîne,,,,,,,,,,,1,2,1,1.0,4.0
201000068411,0010-02-02 13:35:00,10,2,2,13,35,972,13,"6, NELSON MANDELA",,,Plein jour,En agglomération,Hors intersection,Normale,Autre collision,,,,,,,,,,,1,2,1,1.0,6.0
201000068412,0010-02-03 12:25:00,10,2,3,12,25,972,13,AUTOROUTE A1,,,Plein jour,Hors agglomération,Hors intersection,Normale,Autre collision,,,,,,,,,,,1,1,1,1.0,6.0
201000068413,0010-02-05 08:50:00,10,2,5,8,50,972,13,ROUTE NATIONALE 5,,,Plein jour,Hors agglomération,Hors intersection,Pluie légère,Trois véhicules et plus - en chaîne,,,,,,,,,,,1,1,1,2.0,4.0
201000068414,0010-02-05 12:45:00,10,2,5,12,45,972,13,ROUTE DEPARTEMENTALE 15,,,Plein jour,Hors agglomération,Hors intersection,Normale,Deux véhicules - arrière,,,,,,,,,,,1,1,1,1.0,2.0
201000068415,0010-02-05 20:10:00,10,2,5,20,10,972,13,PLACE D'ARMES,,,Nuit avec éclairage non allumé,Hors agglomération,Hors intersection,Normale,Autre collision,,,,,,,,,,,4,1,1,1.0,6.0
201000068416,0010-02-12 11:35:00,10,2,12,11,35,972,13,MORNE PITAULT (ROUTE DE),,,Plein jour,Hors agglomération,Hors intersection,Normale,Autre collision,,,,,,,,,,,1,1,1,1.0,6.0
201000068417,0010-02-15 00:05:00,10,2,15,0,5,972,13,ROUTE NATIONALE 1,,,Nuit avec éclairage allumé,En agglomération,Giratoire,Normale,Sans collision,,,,,,,,,,,5,2,6,1.0,7.0
201000068418,0010-02-15 20:45:00,10,2,15,20,45,972,13,ROUTE NATIONALE 1,,,Nuit avec éclairage allumé,Hors agglomération,Hors intersection,Normale,Deux véhicules - arrière,,,,,,,,,,,5,1,1,1.0,2.0
201000068419,0010-02-19 14:15:00,10,2,19,14,15,972,13,ROUTE NATIONALE 1,,,Plein jour,En agglomération,Hors intersection,Normale,Deux véhicules - arrière,,,,,,,,,,,1,2,1,1.0,2.0
201000068420,0010-02-21 13:50:00,10,2,21,13,50,972,13,ROUTE NATIONALE 1,,,Plein jour,Hors agglomération,Hors intersection,Normale,Trois véhicules et plus - collisions multiples,,,,,,,,,,,1,1,1,1.0,5.0
201000068421,0010-02-27 00:35:00,10,2,27,0,35,972,13,AUTOROUTE A1,,,Nuit sans éclairage public,Hors agglomération,Hors intersection,Normale,Autre collision,,,,,,,,,,,3,1,1,1.0,6.0
201000068422,0010-02-27 17:35:00,10,2,27,17,35,972,13,DUCHESNES 1,,,Plein jour,Hors agglomération,Autre intersection,Normale,Deux véhicules - côté,,,,,,,,,,,1,1,9,1.0,3.0
201000068423,0010-03-04 14:00:00,10,3,4,14,0,972,13,AUTOROUTE A1,,,Plein jour,Hors agglomération,Hors intersection,Normale,Deux véhicules - côté,,,,,,,,,,,1,1,1,1.0,3.0
201000068424,0010-03-05 20:12:00,10,3,5,20,12,972,13,BASSE GONDEAU (CHEMIN RU,,,Nuit avec éclairage allumé,Hors agglomération,Hors intersection,Normale,Autre collision,,,,,,,,,,,5,1,1,1.0,6.0
201000068425,0010-03-07 06:35:00,10,3,7,6,35,972,13,AUTOROUTE A1,,,Plein jour,Hors agglomération,Hors intersection,Normale,Sans collision,,,,,,,,,,,1,1,1,1.0,7.0
201000068426,0010-03-08 07:45:00,10,3,8,7,45,972,13,"07, MARTIN LUTHER KING (",,,Plein jour,Hors agglomération,Hors intersection,Normale,Autre collision,,,,,,,,,,,1,1,1,1.0,6.0
201000068427,0010-03-15 16:00:00,10,3,15,16,0,972,13,PLAISANCE (CHEMIN),,,Plein jour,Hors agglomération,Hors intersection,Normale,Deux véhicules - frontale,,,,,,,,,,,1,1,1,1.0,1.0
201000068428,0010-03-18 18:00:00,10,3,18,18,0,972,13,ROUTE DEPARTEMENTALE 3,,,Plein jour,Hors agglomération,Hors intersection,Normale,Sans collision,,,,,,,,,,,1,1,1,1.0,7.0
201000068429,0010-03-19 02:30:00,10,3,19,2,30,972,13,ROUTE NATIONALE 1,,,Nuit sans éclairage public,Hors agglomération,Hors intersection,Normale,Deux véhicules - frontale,,,,,,,,,,,3,1,1,1.0,1.0
201000068430,0010-03-19 19:40:00,10,3,19,19,40,972,13,PELLETIER (ROUTE DE),,,Nuit sans éclairage public,Hors agglomération,Hors intersection,Normale,Autre collision,,,,,,,,,,,3,1,1,1.0,6.0
201000068431,0010-03-21 19:00:00,10,3,21,19,0,972,13,AUTOROUTE A1,,,Nuit sans éclairage public,Hors agglomération,Hors intersection,Normale,Deux véhicules - arrière,,,,,,,,,,,3,1,1,1.0,2.0
201000068432,0010-03-26 11:30:00,10,3,26,11,30,972,13,ROUTE DEPARTEMENTALE 3,,,Plein jour,Hors agglomération,Hors intersection,Normale,Deux véhicules - arrière,,,,,,,,,,,1,1,1,1.0,2.0
201000068433,0010-03-27 01:15:00,10,3,27,1,15,972,13,AUTOROUTE A1,,,Nuit avec éclairage allumé,Hors agglomération,Hors intersection,Normale,Autre collision,,,,,,,,,,,5,1,1,1.0,6.0
201000068434,0010-03-27 01:55:00,10,3,27,1,55,972,13,AUTOROUTE A1,,,Nuit avec éclairage allumé,Hors agglomération,Hors intersection,Normale,Trois véhicules et plus - collisions multiples,,,,,,,,,,,5,1,1,1.0,5.0
201000068435,0010-03-29 21:15:00,10,3,29,21,15,972,13,ROUTE DEPARTEMENTALE 14,,,Nuit sans éclairage public,En agglomération,Hors intersection,Normale,Deux véhicules - arrière,,,,,,,,,,,3,2,1,1.0,2.0
201000068436,0010-03-30 15:00:00,10,3,30,15,0,972,13,AUTOROUTE A1,,,Plein jour,Hors agglomération,Hors intersection,Normale,Trois véhicules et plus - collisions multiples,,,,,,,,,,,1,1,1,1.0,5.0
201000068437,0010-04-02 17:30:00,10,4,2,17,30,972,13,AUTOROUTE A1,,,Plein jour,Hors agglomération,Hors intersection,Normale,Deux véhicules - côté,,,,,,,,,,,1,1,1,1.0,3.0
201000068438,0010-04-06 16:00:00,10,4,6,16,0,972,13,AUTOROUTE A1,,,Plein jour,Hors agglomération,Hors intersection,Autre,Deux véhicules - côté,,,,,,,,,,,1,1,1,9.0,3.0
201000068439,0010-04-09 22:00:00,10,4,9,22,0,972,13,MAHAULT,,,Nuit sans éclairage public,Hors agglomération,Hors intersection,Pluie légère,Deux véhicules - arrière,,,,,,,,,,,3,1,1,2.0,2.0
201000068440,0010-04-13 13:30:00,10,4,13,13,30,972,13,ACAJOU PROLONGEE,,,Plein jour,Hors agglomération,Hors intersection,Autre,Autre collision,,,,,,,,,,,1,1,1,9.0,6.0
201000068441,0010-04-15 13:30:00,10,4,15,13,30,972,13,ROUTE DEPARTEMENTALE 3,,,Plein jour,En agglomération,Hors intersection,Normale,Autre collision,,,,,,,,,,,1,2,1,1.0,6.0
201000068442,0010-04-14 17:30:00,10,4,14,17,30,972,13,ROUTE NATIONALE 1,,,Plein jour,En agglomération,Hors intersection,Autre,Autre collision,,,,,,,,,,,1,2,1,9.0,6.0
201000068443,0010-04-20 14:00:00,10,4,20,14,0,972,13,NELSON MANDELA,,,Plein jour,En agglomération,Hors intersection,Normale,Autre collision,,,,,,,,,,,1,2,1,1.0,6.0
201000068444,0010-04-21 06:20:00,10,4,21,6,20,972,13,ROUTE NATIONALE 5,,,Crépuscule ou aube,Hors agglomération,Hors intersection,Normale,Trois véhicules et plus - en chaîne,,,,,,,,,,,2,1,1,1.0,4.0
201000068445,0010-04-21 10:30:00,10,4,21,10,30,972,13,ROUTE DEPARTEMENTALE 3,,,Plein jour,En agglomération,Hors intersection,Autre,Deux véhicules - arrière,,,,,,,,,,,1,2,1,9.0,2.0
201000068446,0010-04-21 14:25:00,10,4,21,14,25,972,13,ROUTE DEPARTEMENTALE 13,,,Plein jour,Hors agglomération,Hors intersection,Normale,Deux véhicules - frontale,,,,,,,,,,,1,1,1,1.0,1.0
201000068447,0010-04-22 06:30:00,10,4,22,6,30,972,13,ROUTE DEPARTEMENTALE 14,,,Crépuscule ou aube,Hors agglomération,Hors intersection,Pluie légère,Autre collision,,,,,,,,,,,2,1,1,2.0,6.0
201000068448,0010-04-24 03:20:00,10,4,24,3,20,972,13,ROUTE DEPARTEMENTALE 15,,,Nuit sans éclairage public,Hors agglomération,Hors intersection,Autre,Deux véhicules - frontale,,,,,,,,,,,3,1,1,9.0,1.0
201000068449,0010-04-24 04:00:00,10,4,24,4,0,972,13,AUTOROUTE A1,,,Nuit sans éclairage public,Hors agglomération,Hors intersection,Normale,Trois véhicules et plus - collisions multiples,,,,,,,,,,,3,1,1,1.0,5.0
201000068450,0010-04-26 13:01:00,10,4,26,13,1,972,13,"1, BOIS CARRE (RUE DU)",,,Plein jour,Hors agglomération,Hors intersection,Normale,Deux véhicules - frontale,,,,,,,,,,,1,1,1,1.0,1.0
201000068451,0010-04-27 14:30:00,10,4,27,14,30,972,13,"6, LEON GONTRAN DAMAS (R",,,Plein jour,En agglomération,Hors intersection,Normale,Deux véhicules - côté,,,,,,,,,,,1,2,1,1.0,3.0
201000068452,0010-04-28 16:40:00,10,4,28,16,40,972,13,AUTOROUTE A1,,,Plein jour,Hors agglomération,Hors intersection,Normale,Autre collision,,,,,,,,,,,1,1,1,1.0,6.0
201000068453,0010-05-01 01:15:00,10,5,1,1,15,972,13,ROUTE NATIONALE 5,,,Nuit sans éclairage public,Hors agglomération,Hors intersection,Normale,Trois véhicules et plus - collisions multiples,,,,,,,,,,,3,1,1,1.0,5.0
201000068454,0010-05-02 05:30:00,10,5,2,5,30,972,13,ROUTE NATIONALE 5,,,Nuit avec éclairage allumé,Hors agglomération,Hors intersection,Normale,Sans collision,,,,,,,,,,,5,1,1,1.0,7.0
201000068455,0010-05-02 11:40:00,10,5,2,11,40,972,13,ROUTE DEPARTEMENTALE 15,,,Plein jour,En agglomération,Hors intersection,Normale,Autre collision,,,,,,,,,,,1,2,1,1.0,6.0
201000068456,0010-05-03 15:45:00,10,5,3,15,45,972,13,ROUTE DEPARTEMENTALE 3,,,Plein jour,En agglomération,Intersection en T,Normale,Trois véhicules et plus - collisions multiples,,,,,,,,,,,1,2,3,1.0,5.0
201000068457,0010-05-03 21:05:00,10,5,3,21,5,972,13,ROUTE DEPARTEMENTALE 3,,,Nuit avec éclairage allumé,En agglomération,Intersection en X,Normale,Deux véhicules - arrière,,,,,,,,,,,5,2,2,1.0,2.0
201000068458,0010-05-03 21:30:00,10,5,3,21,30,972,13,AUTOROUTE A1,,,Nuit avec éclairage allumé,Hors agglomération,Hors intersection,Normale,Deux véhicules - arrière,,,,,,,,,,,5,1,1,1.0,2.0
201000068459,0010-05-03 21:30:00,10,5,3,21,30,972,13,AUTOROUTE A1,,,Nuit avec éclairage allumé,Hors agglomération,Hors intersection,Pluie légère,Autre collision,,,,,,,,,,,5,1,1,2.0,6.0
201000068460,0010-05-06 11:05:00,10,5,6,11,5,972,13,ROUTE DEPARTEMENTALE 3,,,Plein jour,En agglomération,Hors intersection,Normale,Deux véhicules - arrière,,,,,,,,,,,1,2,1,1.0,2.0
201000068461,0010-05-12 09:15:00,10,5,12,9,15,972,13,Z I LA LEZARDE,,,Plein jour,Hors agglomération,Hors intersection,Normale,Autre collision,,,,,,,,,,,1,1,1,1.0,6.0
201000068462,0010-05-12 21:15:00,10,5,12,21,15,972,13,ROUTE NATIONALE 1,,,Nuit avec éclairage allumé,Hors agglomération,Giratoire,Normale,Deux véhicules - arrière,,,,,,,,,,,5,1,6,1.0,2.0
201000068463,0010-05-14 20:30:00,10,5,14,20,30,972,13,AUTOROUTE A1,,,Nuit avec éclairage allumé,Hors agglomération,Hors intersection,Normale,Trois véhicules et plus - en chaîne,,,,,,,,,,,5,1,1,1.0,4.0
201000068464,0010-05-15 04:00:00,10,5,15,4,0,972,13,ROUTE DEPARTEMENTALE 3,,,Nuit avec éclairage allumé,Hors agglomération,Hors intersection,Normale,Deux véhicules - frontale,,,,,,,,,,,5,1,1,1.0,1.0
201000068465,0010-05-20 16:30:00,10,5,20,16,30,972,13,AUTOROUTE A1,,,Plein jour,Hors agglomération,Hors intersection,Normale,Trois véhicules et plus - collisions multiples,,,,,,,,,,,1,1,1,1.0,5.0
201000068466,0010-05-20 23:30:00,10,5,20,23,30,972,13,AUTOROUTE A1,,,Nuit avec éclairage allumé,Hors agglomération,Hors intersection,Normale,Autre collision,,,,,,,,,,,5,1,1,1.0,6.0
201000068467,0010-05-21 17:06:00,10,5,21,17,6,972,13,ROUTE DEPARTEMENTALE 13,,,Plein jour,Hors agglomération,Hors intersection,Normale,Deux véhicules - frontale,,,,,,,,,,,1,1,1,1.0,1.0
201000068468,0010-05-22 10:30:00,10,5,22,10,30,972,13,ROUTE DEPARTEMENTALE 3,,,Plein jour,Hors agglomération,Hors intersection,Normale,Deux véhicules - arrière,,,,,,,,,,,1,1,1,1.0,2.0
201000068469,0010-05-22 22:55:00,10,5,22,22,55,972,13,AUTOROUTE A1,,,Nuit avec éclairage allumé,Hors agglomération,Hors intersection,Normale,Deux véhicules - côté,,,,,,,,,,,5,1,1,1.0,3.0
201000068470,0010-05-26 11:34:00,10,5,26,11,34,972,13,ROUTE DEPARTEMENTALE 15,,,Plein jour,Hors agglomération,Giratoire,Normale,Deux véhicules - côté,,,,,,,,,,,1,1,6,1.0,3.0
201000068471,0010-05-27 18:45:00,10,5,27,18,45,972,13,PLACE D'ARMES,,,Nuit avec éclairage allumé,En agglomération,Hors intersection,Normale,Autre collision,,,,,,,,,,,5,2,1,1.0,6.0
201000068472,0010-05-29 20:05:00,10,5,29,20,5,972,13,ROUTE NATIONALE 1,,,Nuit avec éclairage allumé,Hors agglomération,Hors intersection,Normale,Trois véhicules et plus - en chaîne,,,,,,,,,,,5,1,1,1.0,4.0
201000068473,0010-06-02 18:00:00,10,6,2,18,0,972,13,ROUTE NATIONALE 1,,,Plein jour,Hors agglomération,Hors intersection,Normale,Deux véhicules - côté,,,,,,,,,,,1,1,1,1.0,3.0
201000068474,0010-06-03 07:10:00,10,6,3,7,10,972,13,ROUTE DEPARTEMENTALE 3,,,Plein jour,En agglomération,Hors intersection,Normale,Deux véhicules - côté,,,,,,,,,,,1,2,1,1.0,3.0
201000068475,0010-06-07 00:25:00,10,6,7,0,25,972,13,AUTOROUTE A1,,,Nuit sans éclairage public,Hors agglomération,Hors intersection,Pluie légère,Autre collision,,,,,,,,,,,3,1,1,2.0,6.0
201000068476,0010-06-11 12:40:00,10,6,11,12,40,972,13,AUTOROUTE A1,,,Plein jour,Hors agglomération,Hors intersection,Normale,Deux véhicules - arrière,,,,,,,,,,,1,1,1,1.0,2.0
201000068477,0010-06-13 21:40:00,10,6,13,21,40,972,13,ROUTE DEPARTEMENTALE 14,,,Nuit sans éclairage public,Hors agglomération,Hors intersection,Pluie légère,Deux véhicules - arrière,,,,,,,,,,,3,1,1,2.0,2.0
201000068478,0010-06-16 09:45:00,10,6,16,9,45,972,13,AUTOROUTE A1,,,Plein jour,Hors agglomération,Hors intersection,Normale,Deux véhicules - arrière,,,,,,,,,,,1,1,1,1.0,2.0
201000068479,0010-06-18 08:05:00,10,6,18,8,5,972,13,ROUTE DEPARTEMENTALE 14,,,Plein jour,Hors agglomération,Hors intersection,Normale,Deux véhicules - frontale,,,,,,,,,,,1,1,1,1.0,1.0
201000068480,0010-06-21 13:15:00,10,6,21,13,15,972,13,ROUTE NATIONALE 1,,,Plein jour,Hors agglomération,Hors intersection,Normale,Deux véhicules - arrière,,,,,,,,,,,1,1,1,1.0,2.0
201000068481,0010-06-21 16:30:00,10,6,21,16,30,972,13,ROUTE DEPARTEMENTALE 14,,,Plein jour,En agglomération,Hors intersection,Normale,Deux véhicules - arrière,,,,,,,,,,,1,2,1,1.0,2.0
201000068482,0010-06-23 20:15:00,10,6,23,20,15,972,13,ROUTE NATIONALE 1,,,Nuit sans éclairage public,Hors agglomération,Hors intersection,Normale,Trois véhicules et plus - collisions multiples,,,,,,,,,,,3,1,1,1.0,5.0
201000068483,0010-06-30 19:30:00,10,6,30,19,30,972,13,ROUTE DEPARTEMENTALE 14,,,Nuit sans éclairage public,En agglomération,Hors intersection,Normale,Deux véhicules - frontale,,,,,,,,,,,3,2,1,1.0,1.0
201000068484,0010-07-02 18:08:00,10,7,2,18,8,972,13,ROUTE DEPARTEMENTALE 3,,,Plein jour,Hors agglomération,Hors intersection,Normale,Deux véhicules - côté,,,,,,,,,,,1,1,1,1.0,3.0
201000068485,0010-07-05 07:30:00,10,7,5,7,30,972,13,ROUTE DEPARTEMENTALE 14,,,Plein jour,Hors agglomération,Hors intersection,Normale,Deux véhicules - côté,,,,,,,,,,,1,1,1,1.0,3.0
201000068486,0010-07-10 08:55:00,10,7,10,8,55,972,13,MAHAULT,,,Plein jour,Hors agglomération,Giratoire,Normale,Deux véhicules - arrière,,,,,,,,,,,1,1,6,1.0,2.0
201000068487,0010-07-11 08:15:00,10,7,11,8,15,972,13,MORNE PITAULT (ROUTE DE),,,Plein jour,Hors agglomération,Hors intersection,Normale,Deux véhicules - frontale,,,,,,,,,,,1,1,1,1.0,1.0
201000068488,0010-07-11 09:05:00,10,7,11,9,5,972,13,ROUTE DEPARTEMENTALE 3,,,Plein jour,Hors agglomération,Hors intersection,Normale,Deux véhicules - frontale,,,,,,,,,,,1,1,1,1.0,1.0
201000068489,0010-07-12 11:24:00,10,7,12,11,24,972,13,Z I LA JAMBETTE,,,Plein jour,Hors agglomération,Hors intersection,Normale,Deux véhicules - côté,,,,,,,,,,,1,1,1,1.0,3.0
201000068490,0010-07-20 16:00:00,10,7,20,16,0,972,13,ROUTE NATIONALE 1,,,Plein jour,Hors agglomération,Hors intersection,Normale,Deux véhicules - arrière,,,,,,,,,,,1,1,1,1.0,2.0
201000068491,0010-07-23 00:45:00,10,7,23,0,45,972,13,AUTOROUTE A1,,,Nuit avec éclairage allumé,Hors agglomération,Hors intersection,Normale,Trois véhicules et plus - collisions multiples,,,,,,,,,,,5,1,1,1.0,5.0
201000068492,0010-07-30 12:15:00,10,7,30,12,15,972,13,BASSE GONDEAU (CHEMIN RU,,,Plein jour,Hors agglomération,Hors intersection,Normale,Deux véhicules - côté,,,,,,,,,,,1,1,1,1.0,3.0
201000068493,0010-08-07 22:40:00,10,8,7,22,40,972,13,ACAJOU PROLONGEE,,,Nuit avec éclairage allumé,Hors agglomération,Hors intersection,Normale,Sans collision,,,,,,,,,,,5,1,1,1.0,7.0
201000068494,0010-08-08 19:50:00,10,8,8,19,50,972,13,ROUTE DEPARTEMENTALE 3,,,Nuit avec éclairage non allumé,Hors agglomération,Hors intersection,Normale,Deux véhicules - côté,,,,,,,,,,,4,1,1,1.0,3.0
201000068495,0010-08-13 23:40:00,10,8,13,23,40,972,13,BASSE GONDEAU (CHEMIN RU,,,Nuit avec éclairage allumé,Hors agglomération,Hors intersection,Normale,Deux véhicules - frontale,,,,,,,,,,,5,1,1,1.0,1.0