accident_id,datetime,annee,mois,jour,heure,minute,departement,commune_insee,adresse,latitude,longitude,luminosite,agglomeration,intersection,meteo,collision,nb_vehicules,nb_usagers,nb_indemnes,nb_tues,nb_blesses_hosp,nb_blesses_legers,age_cond_1,age_cond_2,veh_type_cond_1,veh_type_cond_2,lum_code,agg_code,int_code,atm_code,col_code
201000068621,0010-06-07 19:50:00,10,6,7,19,50,973,2,FELIX EBOUE(ROCADE),,,Nuit avec éclairage allumé,Hors agglomération,Hors intersection,Pluie légère,Deux véhicules - arrière,,,,,,,,,,,5,1,1,2.0,2.0
201000068622,0010-06-07 14:30:00,10,6,7,14,30,973,2,"17, LIBERTE (AVENUE DE L",,,Plein jour,En agglomération,Hors intersection,Normale,Deux véhicules - côté,,,,,,,,,,,1,2,1,1.0,3.0
201000068623,0010-06-09 07:20:00,10,6,9,7,20,973,2,"1171, FELIX EBOUE(ROCADE",,,Plein jour,Hors agglomération,Hors intersection,Normale,Deux véhicules - côté,,,,,,,,,,,1,1,1,1.0,3.0
201000068624,0010-06-09 19:57:00,10,6,9,19,57,973,2,TIGRE (ROUTE DU),,,Nuit avec éclairage allumé,Hors agglomération,Hors intersection,Normale,Autre collision,,,,,,,,,,,5,1,1,1.0,6.0
201000068625,0010-06-09 19:30:00,10,6,9,19,30,973,2,ROUTE NATIONALE III,,,Plein jour,En agglomération,Hors intersection,Normale,Deux véhicules - côté,,,,,,,,,,,1,2,1,1.0,3.0
201000068626,0010-06-11 09:07:00,10,6,11,9,7,973,2,MARINGOUINS (ROND-POINT),,,Plein jour,En agglomération,Hors intersection,Pluie légère,Deux véhicules - arrière,,,,,,,,,,,1,2,1,2.0,2.0
201000068627,0010-06-11 06:50:00,10,6,11,6,50,973,2,KET TAI (CARREFOUR),,,Plein jour,En agglomération,Hors intersection,Pluie légère,Deux véhicules - côté,,,,,,,,,,,1,2,1,2.0,3.0
201000068628,0010-06-11 14:30:00,10,6,11,14,30,973,2,"2063, RABAN (ROUTE DE)",,,Plein jour,En agglomération,Intersection en T,Normale,Deux véhicules - côté,,,,,,,,,,,1,2,3,1.0,3.0
201000068629,0010-06-11 17:04:00,10,6,11,17,4,973,2,"36, BADUEL (ROUTE DE)",,,Plein jour,En agglomération,Hors intersection,Normale,Deux véhicules - côté,,,,,,,,,,,1,2,1,1.0,3.0
201000068630,0010-06-12 11:15:00,10,6,12,11,15,973,2,ZONE COLLERY I OU II,,,Plein jour,Hors agglomération,Hors intersection,Normale,Deux véhicules - côté,,,,,,,,,,,1,1,1,1.0,3.0
201000068631,0010-06-14 19:42:00,10,6,14,19,42,973,2,"49, VOLTAIRE(AVENUE)",,,Nuit avec éclairage allumé,En agglomération,Intersection en T,Normale,Deux véhicules - côté,,,,,,,,,,,5,2,3,1.0,3.0
201000068632,0010-06-15 08:30:00,10,6,15,8,30,973,2,CRIQUE FOUILLEE (ROND PO,,,Plein jour,Hors agglomération,Giratoire,Pluie légère,Deux véhicules - côté,,,,,,,,,,,1,1,6,2.0,3.0
201000068633,0010-06-15 09:52:00,10,6,15,9,52,973,2,"20, REPUBLIQUE (BD DE LA",,,Plein jour,En agglomération,Hors intersection,Pluie forte,Deux véhicules - côté,,,,,,,,,,,1,2,1,3.0,3.0
201000068634,0010-06-16 14:50:00,10,6,16,14,50,973,2,EAU-LISETTE (CITE),,,Plein jour,En agglomération,Hors intersection,Normale,Autre collision,,,,,,,,,,,1,2,1,1.0,6.0
201000068635,0010-06-17 14:30:00,10,6,17,14,30,973,2,"338, ZEPHIR (ROCADE)",,,Plein jour,En agglomération,Hors intersection,Normale,Autre collision,,,,,,,,,,,1,2,1,1.0,6.0
201000068636,0010-06-15 18:48:00,10,6,15,18,48,973,2,BADUEL (ROND POINT DE),,,Nuit avec éclairage allumé,Hors agglomération,Giratoire,Normale,Deux véhicules - frontale,,,,,,,,,,,5,1,6,1.0,1.0
201000068637,0010-06-18 16:16:00,10,6,18,16,16,973,2,"26, GALMOT (ZONE ARTISAN",,,Plein jour,Hors agglomération,Hors intersection,Normale,Deux véhicules - côté,,,,,,,,,,,1,1,1,1.0,3.0
201000068638,0010-06-18 21:01:00,10,6,18,21,1,973,2,PREVOT (ERNEST),,,Nuit avec éclairage allumé,En agglomération,Intersection en X,Normale,Autre collision,,,,,,,,,,,5,2,2,1.0,6.0
201000068639,0010-06-14 13:30:00,10,6,14,13,30,973,2,"3191, MONTABO (ROUTE DE)",,,Plein jour,Hors agglomération,Hors intersection,Normale,Deux véhicules - côté,,,,,,,,,,,1,1,1,1.0,3.0
201000068640,0010-06-23 15:30:00,10,6,23,15,30,973,2,CRIQUE FOUILLEE (ROND PO,,,Plein jour,Hors agglomération,Hors intersection,Normale,Deux véhicules - côté,,,,,,,,,,,1,1,1,1.0,3.0
201000068641,0010-06-15 21:38:00,10,6,15,21,38,973,2,ROUTE NATIONALE I,,,Nuit avec éclairage allumé,En agglomération,Hors intersection,Normale,Deux véhicules - côté,,,,,,,,,,,5,2,1,1.0,3.0
201000068642,0010-06-23 09:00:00,10,6,23,9,0,973,2,"13, REPUBLIQUE (BD DE LA",,,Plein jour,En agglomération,Hors intersection,Normale,Deux véhicules - côté,,,,,,,,,,,1,2,1,1.0,3.0
201000068643,0010-06-27 00:01:00,10,6,27,0,1,973,2,"2925, ZEPHIR (CITE)",,,Nuit avec éclairage allumé,Hors agglomération,Hors intersection,Normale,Deux véhicules - côté,,,,,,,,,,,5,1,1,1.0,3.0
201000068644,0010-06-25 14:29:00,10,6,25,14,29,973,2,MADELEINE (ROUTE DE LA),,,Plein jour,En agglomération,Intersection en T,Normale,Deux véhicules - côté,,,,,,,,,,,1,2,3,1.0,3.0
201000068645,0010-06-27 20:35:00,10,6,27,20,35,973,2,"22, CALIMBE(LOTISSEMENT)",,,Nuit avec éclairage allumé,Hors agglomération,Hors intersection,Normale,Deux véhicules - côté,,,,,,,,,,,5,1,1,1.0,3.0
201000068646,0010-06-25 21:24:00,10,6,25,21,24,973,2,BADUEL (ROUTE DE),,,Nuit avec éclairage allumé,En agglomération,Hors intersection,Normale,Deux véhicules - frontale,,,,,,,,,,,5,2,1,1.0,1.0
201000068647,0010-07-04 20:27:00,10,7,4,20,27,973,2,EBOUE (ROCADE FELIX),,,Nuit avec éclairage allumé,Hors agglomération,Intersection en T,Normale,Deux véhicules - côté,,,,,,,,,,,5,1,3,1.0,3.0
201000068648,0010-07-04 14:25:00,10,7,4,14,25,973,2,"126, CABASSOU (ROUTE DE)",,,Plein jour,Hors agglomération,Hors intersection,Normale,Autre collision,,,,,,,,,,,1,1,1,1.0,6.0
201000068649,0010-06-28 21:40:00,10,6,28,21,40,973,2,MADELEINE (ROUTE DE LA),,,Nuit avec éclairage allumé,Hors agglomération,Hors intersection,Pluie forte,Deux véhicules - côté,,,,,,,,,,,5,1,1,3.0,3.0
201000068650,0010-07-06 18:25:00,10,7,6,18,25,973,2,"25, PASCALINE (CITE)",,,Plein jour,Hors agglomération,Hors intersection,Normale,Deux véhicules - arrière,,,,,,,,,,,1,1,1,1.0,2.0
201000068651,0010-07-09 06:10:00,10,7,9,6,10,973,2,"294, MADELEINE (ROUTE DE",,,Plein jour,Hors agglomération,Hors intersection,Normale,Deux véhicules - arrière,,,,,,,,,,,1,1,1,1.0,2.0
201000068652,0010-07-11 00:25:00,10,7,11,0,25,973,2,LIBERTE (AVENUE DE LA),,,Nuit avec éclairage allumé,Hors agglomération,Intersection en X,Normale,Deux véhicules - côté,,,,,,,,,,,5,1,2,1.0,3.0
201000068653,0010-07-10 09:16:00,10,7,10,9,16,973,2,"4, BONHOMME (CITE)",,,Plein jour,En agglomération,Hors intersection,Normale,Deux véhicules - arrière,,,,,,,,,,,1,2,1,1.0,2.0
201000068654,0010-07-10 14:05:00,10,7,10,14,5,973,2,"08, JUBELIN (BOULEVARD)",,,Plein jour,En agglomération,Hors intersection,Normale,Deux véhicules - côté,,,,,,,,,,,1,2,1,1.0,3.0
201000068655,0010-07-17 15:50:00,10,7,17,15,50,973,2,"3492, SUZINI (CARREFOUR)",,,Plein jour,Hors agglomération,Giratoire,Normale,Deux véhicules - côté,,,,,,,,,,,1,1,6,1.0,3.0
201000068656,0010-07-13 17:39:00,10,7,13,17,39,973,2,"767, MONTABO (ROUTE DE)",,,Plein jour,Hors agglomération,Hors intersection,Normale,Deux véhicules - arrière,,,,,,,,,,,1,1,1,1.0,2.0
201000068657,0010-07-21 10:33:00,10,7,21,10,33,973,2,"2, THIES(AVENUE)",,,Plein jour,En agglomération,Hors intersection,Normale,Autre collision,,,,,,,,,,,1,2,1,1.0,6.0
201000068658,0010-07-15 15:06:00,10,7,15,15,6,973,2,MONNERVILLE (AVENUE GAST,,,Plein jour,En agglomération,Intersection en X,Normale,Autre collision,,,,,,,,,,,1,2,2,1.0,6.0
201000068659,0010-07-15 20:31:00,10,7,15,20,31,973,2,MANGO (ROUTE),,,Plein jour,En agglomération,Intersection en T,Normale,Deux véhicules - côté,,,,,,,,,,,1,2,3,1.0,3.0
201000068660,0010-07-25 11:55:00,10,7,25,11,55,973,2,ROUTE NATIONALE I,,,Plein jour,Hors agglomération,Hors intersection,Normale,Deux véhicules - côté,,,,,,,,,,,1,1,1,1.0,3.0
201000068661,0010-07-28 20:36:00,10,7,28,20,36,973,2,ROUTE NATIONALE I,,,Nuit avec éclairage allumé,Hors agglomération,Hors intersection,Pluie légère,Deux véhicules - côté,,,,,,,,,,,5,1,1,2.0,3.0
201000068662,0010-07-28 13:00:00,10,7,28,13,0,973,2,"21, REPUBLIQUE (BD DE LA",,,Plein jour,En agglomération,Hors intersection,Normale,Autre collision,,,,,,,,,,,1,2,1,1.0,6.0
201000068663,0010-08-05 20:36:00,10,8,5,20,36,973,2,"32, FELIX EBOUE(ROCADE)",,,Nuit avec éclairage allumé,Hors agglomération,Hors intersection,Normale,Deux véhicules - côté,,,,,,,,,,,5,1,1,1.0,3.0
201000068664,0010-08-05 18:31:00,10,8,5,18,31,973,2,"25, BARTHELEMY (RENE)",,,Nuit avec éclairage allumé,En agglomération,Intersection en X,Normale,Deux véhicules - côté,,,,,,,,,,,5,2,2,1.0,3.0
201000068665,0010-08-07 21:50:00,10,8,7,21,50,973,2,"2, DE GAULLE (AVENUE)",,,Plein jour,En agglomération,Hors intersection,Normale,Deux véhicules - côté,,,,,,,,,,,1,2,1,1.0,3.0
201000068666,0010-08-15 07:29:00,10,8,15,7,29,973,2,ROUTE NATIONALE I,,,Plein jour,Hors agglomération,Hors intersection,Normale,Autre collision,,,,,,,,,,,1,1,1,1.0,6.0
201000068667,0010-06-23 13:40:00,10,6,23,13,40,973,2,"13, SAINT MARTIN (RESIDE",,,Plein jour,Hors agglomération,Hors intersection,Normale,Autre collision,,,,,,,,,,,1,1,1,1.0,6.0
201000068668,0010-08-22 19:04:00,10,8,22,19,4,973,2,BADUEL (ROUTE DE),,,Nuit avec éclairage allumé,Hors agglomération,Hors intersection,Normale,Deux véhicules - frontale,,,,,,,,,,,5,1,1,1.0,1.0
201000068669,0010-08-20 12:10:00,10,8,20,12,10,973,2,"25, SACCHARIN(RUE)",,,Plein jour,En agglomération,Hors intersection,Normale,Autre collision,,,,,,,,,,,1,2,1,1.0,6.0
201000068670,0010-08-14 20:24:00,10,8,14,20,24,973,2,"2, PASCALINE (CITE)",,,Nuit avec éclairage allumé,En agglomération,Intersection en T,Normale,Deux véhicules - côté,,,,,,,,,,,5,2,3,1.0,3.0
201000068671,0010-08-20 14:25:00,10,8,20,14,25,973,2,"35, MIRZA (CITE)",,,Plein jour,En agglomération,Hors intersection,Normale,Deux véhicules - frontale,,,,,,,,,,,1,2,1,1.0,1.0
201000068672,0010-08-31 22:45:00,10,8,31,22,45,973,2,MADELEINE (ROUTE DE LA),,,Nuit avec éclairage allumé,Hors agglomération,Hors intersection,Normale,Deux véhicules - côté,,,,,,,,,,,5,1,1,1.0,3.0
201000068673,0010-08-31 11:52:00,10,8,31,11,52,973,2,"face bt X, RENOVATION UR",,,Plein jour,En agglomération,Hors intersection,Normale,Deux véhicules - côté,,,,,,,,,,,1,2,1,1.0,3.0
201000068674,0010-08-29 22:55:00,10,8,29,22,55,973,2,"496-509, TROUBIRAN (CHEM",,,Nuit avec éclairage allumé,En agglomération,Hors intersection,Normale,Deux véhicules - côté,,,,,,,,,,,5,2,1,1.0,3.0
201000068675,0010-09-02 19:50:00,10,9,2,19,50,973,2,"39, DALHIAS (RUE DES) CI",,,Nuit sans éclairage public,En agglomération,Hors intersection,Normale,Autre collision,,,,,,,,,,,3,2,1,1.0,6.0
201000068676,0010-09-03 21:25:00,10,9,3,21,25,973,2,"2335, RABAN (ROUTE DE)",,,Nuit avec éclairage allumé,Hors agglomération,Intersection en X,Normale,Deux véhicules - côté,,,,,,,,,,,5,1,2,1.0,3.0
201000068677,0010-09-06 12:25:00,10,9,6,12,25,973,2,ROUGET DE L ' ISLE,,,Plein jour,En agglomération,Intersection en X,Normale,Deux véhicules - côté,,,,,,,,,,,1,2,2,1.0,3.0
201000068678,0010-09-06 07:45:00,10,9,6,7,45,973,2,ROUTE NATIONALE III,,,Plein jour,En agglomération,Hors intersection,Normale,Deux véhicules - arrière,,,,,,,,,,,1,2,1,1.0,2.0
201000068679,0010-09-05 10:30:00,10,9,5,10,30,973,2,"03, BOUDINOT (AUGUSTE) C",,,Plein jour,En agglomération,Hors intersection,Normale,Autre collision,,,,,,,,,,,1,2,1,1.0,6.0
201000068680,0010-09-06 08:45:00,10,9,6,8,45,973,2,KET TAI (CARREFOUR),,,Plein jour,En agglomération,Giratoire,Normale,Deux véhicules - côté,,,,,,,,,,,1,2,6,1.0,3.0
201000068681,0010-09-09 07:09:00,10,9,9,7,9,973,2,"28, HEDER (AVENUE LEOPOL",,,Plein jour,En agglomération,Hors intersection,Normale,Deux véhicules - côté,,,,,,,,,,,1,2,1,1.0,3.0
201000068682,0010-09-12 12:15:00,10,9,12,12,15,973,2,"1198, MONTABO (ROUTE DE)",,,Plein jour,En agglomération,Hors intersection,Normale,Deux véhicules - côté,,,,,,,,,,,1,2,1,1.0,3.0
201000068683,0010-09-12 19:47:00,10,9,12,19,47,973,2,"1765, MONTABO (ROUTE DE)",,,Nuit avec éclairage allumé,Hors agglomération,Hors intersection,Normale,Deux véhicules - arrière,,,,,,,,,,,5,1,1,1.0,2.0
201000068684,0010-09-06 21:40:00,10,9,6,21,40,973,2,"124, ABOLITION DE L'ESCL",,,Nuit avec éclairage allumé,En agglomération,Hors intersection,Normale,Autre collision,,,,,,,,,,,5,2,1,1.0,6.0
201000068685,0010-09-15 15:14:00,10,9,15,15,14,973,2,"110 bis, BRUTUS (CITE)",,,Plein jour,En agglomération,Hors intersection,Normale,Autre collision,,,,,,,,,,,1,2,1,1.0,6.0
201000068686,0010-09-15 13:20:00,10,9,15,13,20,973,2,TIGRE (ROUTE DU),,,Plein jour,Hors agglomération,Hors intersection,Normale,Deux véhicules - côté,,,,,,,,,,,1,1,1,1.0,3.0
201000068687,0010-07-29 10:43:00,10,7,29,10,43,973,2,ZONE COLLERY I OU II,,,Plein jour,Hors agglomération,Hors intersection,Normale,Autre collision,,,,,,,,,,,1,1,1,1.0,6.0
201000068688,0010-09-22 19:49:00,10,9,22,19,49,973,2,"19, GALMOT (AVENUE)",,,Nuit avec éclairage non allumé,En agglomération,Hors intersection,Normale,Autre collision,,,,,,,,,,,4,2,1,1.0,6.0
201000068689,0010-09-23 10:30:00,10,9,23,10,30,973,2,FIEDMOND (RUE),,,Plein jour,En agglomération,Hors intersection,Normale,Autre collision,,,,,,,,,,,1,2,1,1.0,6.0
201000068690,0010-09-24 06:50:00,10,9,24,6,50,973,2,"2, VOLTAIRE(AVENUE)",,,Plein jour,En agglomération,Intersection en X,Normale,Autre collision,,,,,,,,,,,1,2,2,1.0,6.0
201000068691,0010-09-20 19:43:00,10,9,20,19,43,973,2,MONT LUCAS  2 (CITE),,,Nuit avec éclairage non allumé,En agglomération,Hors intersection,Normale,Deux véhicules - frontale,,,,,,,,,,,4,2,1,1.0,1.0
201000068692,0010-09-26 09:55:00,10,9,26,9,55,973,2,ROUTE NATIONALE III,,,Plein jour,Hors agglomération,Hors intersection,Normale,Autre collision,,,,,,,,,,,1,1,1,1.0,6.0
201000068693,0010-10-04 08:05:00,10,10,4,8,5,973,2,ROUTE NATIONALE I,,,Plein jour,En agglomération,Hors intersection,Normale,Deux véhicules - côté,,,,,,,,,,,1,2,1,1.0,3.0
201000068694,0010-10-01 14:15:00,10,10,1,14,15,973,2,BADUEL (ROND POINT DE),,,Plein jour,Hors agglomération,Hors intersection,Normale,Deux véhicules - arrière,,,,,,,,,,,1,1,1,1.0,2.0
201000068695,0010-10-01 16:46:00,10,10,1,16,46,973,2,BADUEL (ROND POINT DE),,,Plein jour,Hors agglomération,Giratoire,Normale,Deux véhicules - côté,,,,,,,,,,,1,1,6,1.0,3.0
201000068696,0010-10-10 08:15:00,10,10,10,8,15,973,2,ARAGO (FRANCOIS),,,Plein jour,En agglomération,Intersection en X,Normale,Deux véhicules - côté,,,,,,,,,,,1,2,2,1.0,3.0
201000068697,0010-10-11 08:45:00,10,10,11,8,45,973,2,"22, RABAN (ROUTE DE)",,,Plein jour,En agglomération,Hors intersection,Normale,Autre collision,,,,,,,,,,,1,2,1,1.0,6.0
201000068698,0010-10-13 23:15:00,10,10,13,23,15,973,2,FELIX EBOUE (Rue),,,Nuit avec éclairage allumé,En agglomération,Intersection en X,Normale,Deux véhicules - côté,,,,,,,,,,,5,2,2,1.0,3.0
201000068699,0010-10-14 17:11:00,10,10,14,17,11,973,2,TROUBIRAN (CHEMIN DE),,,Plein jour,Hors agglomération,Hors intersection,Normale,Autre collision,,,,,,,,,,,1,1,1,1.0,6.0
201000068700,0010-10-16 14:07:00,10,10,16,14,7,973,2,CABASSOU (ROUTE DE),,,Plein jour,Hors agglomération,Intersection en X,Normale,Deux véhicules - côté,,,,,,,,,,,1,1,2,1.0,3.0
201000068701,0010-10-18 10:00:00,10,10,18,10,0,973,2,"6, MANGO (ROUTE)",,,Plein jour,Hors agglomération,Intersection en T,Normale,Deux véhicules - côté,,,,,,,,,,,1,1,3,1.0,3.0
201000068702,0010-10-22 10:48:00,10,10,22,10,48,973,2,"2373, MADELEINE (ROUTE D",,,Plein jour,Hors agglomération,Hors intersection,Normale,Deux véhicules - côté,,,,,,,,,,,1,1,1,1.0,3.0
201000068703,0010-10-21 09:00:00,10,10,21,9,0,973,2,BADUEL (ROUTE DE),,,Plein jour,En agglomération,Intersection en T,Normale,Deux véhicules - côté,,,,,,,,,,,1,2,3,1.0,3.0
201000068704,0010-10-22 18:51:00,10,10,22,18,51,973,2,"15, CALIMBE(LOTISSEMENT)",,,Nuit sans éclairage public,En agglomération,Intersection en T,Normale,Autre collision,,,,,,,,,,,3,2,3,1.0,6.0
201000068705,0010-10-25 01:20:00,10,10,25,1,20,973,2,"101, LIBERTE (AVENUE DE",,,Nuit avec éclairage allumé,En agglomération,Hors intersection,Normale,Sans collision,,,,,,,,,,,5,2,1,1.0,7.0
201000068706,0010-10-25 09:40:00,10,10,25,9,40,973,2,"1, DIGUE LEBLOND",,,Plein jour,En agglomération,Intersection en T,Normale,Deux véhicules - côté,,,,,,,,,,,1,2,3,1.0,3.0
201000068707,0010-10-25 07:55:00,10,10,25,7,55,973,2,"1318, BADUEL (ROUTE DE)",,,Plein jour,En agglomération,Hors intersection,Normale,Deux véhicules - côté,,,,,,,,,,,1,2,1,1.0,3.0
201000068708,0010-10-27 17:40:00,10,10,27,17,40,973,2,HENRI ( Docteur ),,,Plein jour,En agglomération,Intersection en X,Normale,Deux véhicules - arrière,,,,,,,,,,,1,2,2,1.0,2.0
201000068709,0010-10-16 13:10:00,10,10,16,13,10,973,2,"394, MANGO (ROUTE)",,,Plein jour,Hors agglomération,Hors intersection,Normale,Autre collision,,,,,,,,,,,1,1,1,1.0,6.0
201000068710,0010-11-06 23:15:00,10,11,6,23,15,973,2,"2682, MADELEINE (ROUTE D",,,Nuit avec éclairage non allumé,En agglomération,Hors intersection,Normale,Deux véhicules - arrière,,,,,,,,,,,4,2,1,1.0,2.0
201000068711,0010-10-20 17:42:00,10,10,20,17,42,973,2,PAYEE (MADAME),,,Crépuscule ou aube,En agglomération,Intersection en X,Normale,Deux véhicules - côté,,,,,,,,,,,2,2,2,1.0,3.0
201000068712,0010-10-24 22:39:00,10,10,24,22,39,973,2,DE GAULLE (AVENUE),,,Nuit avec éclairage allumé,En agglomération,Intersection en X,Normale,Deux véhicules - côté,,,,,,,,,,,5,2,2,1.0,3.0
201000068713,0010-10-29 19:01:00,10,10,29,19,1,973,2,CONSTANT CHLORE(RUE),,,Nuit avec éclairage allumé,En agglomération,Intersection en T,Normale,Deux véhicules - côté,,,,,,,,,,,5,2,3,1.0,3.0
201000068714,0010-11-02 19:15:00,10,11,2,19,15,973,2,BADUEL (ROUTE DE),,,Nuit avec éclairage allumé,Hors agglomération,Hors intersection,Normale,Deux véhicules - côté,,,,,,,,,,,5,1,1,1.0,3.0
201000068715,0010-10-29 17:54:00,10,10,29,17,54,973,2,"1357, MADELEINE (ROUTE D",,,Nuit avec éclairage allumé,Hors agglomération,Hors intersection,Normale,Deux véhicules - côté,,,,,,,,,,,5,1,1,1.0,3.0
201000068716,0010-10-28 10:47:00,10,10,28,10,47,973,2,MADELEINE (ROUTE DE LA),,,Plein jour,En agglomération,Intersection en T,Normale,Deux véhicules - côté,,,,,,,,,,,1,2,3,1.0,3.0
201000068717,0010-11-12 16:30:00,10,11,12,16,30,973,2,ARON (ANDRE),,,Plein jour,En agglomération,Hors intersection,Normale,Sans collision,,,,,,,,,,,1,2,1,1.0,7.0
201000068718,0010-11-11 14:08:00,10,11,11,14,8,973,2,"493, MADELEINE (ROUTE DE",,,Plein jour,En agglomération,Hors intersection,Normale,Autre collision,,,,,,,,,,,1,2,1,1.0,6.0
201000068719,0010-11-12 11:10:00,10,11,12,11,10,973,2,"635, ZEPHIR (ROCADE)",,,Plein jour,Hors agglomération,Hors intersection,Normale,Autre collision,,,,,,,,,,,1,1,1,1.0,6.0
201000068720,0010-11-13 22:00:00,10,11,13,22,0,973,2,LALLOUETTE,,,Nuit avec éclairage allumé,En agglomération,Hors intersection,Normale,Autre collision,,,,,,,,,,,5,2,1,1.0,6.0
201000068721,0010-11-02 07:00:00,10,11,2,7,0,973,2,MARINGOUINS (ROND-POINT),,,Plein jour,En agglomération,Intersection en X,Normale,Deux véhicules - côté,,,,,,,,,,,1,2,2,1.0,3.0
201000068722,0010-11-12 15:40:00,10,11,12,15,40,973,2,CABASSOU (CITE),,,Plein jour,Hors agglomération,Hors intersection,Normale,Deux véhicules - côté,,,,,,,,,,,1,1,1,1.0,3.0
201000068723,0010-11-18 20:15:00,10,11,18,20,15,973,2,"3297, BADUEL (ROUTE DE)",,,Nuit sans éclairage public,Hors agglomération,Hors intersection,Pluie légère,Autre collision,,,,,,,,,,,3,1,1,2.0,6.0
201000068724,0010-11-20 00:17:00,10,11,20,0,17,973,2,BADUEL (ROUTE DE),,,Nuit avec éclairage allumé,En agglomération,Intersection en T,Pluie légère,Trois véhicules et plus - collisions multiples,,,,,,,,,,,5,2,3,2.0,5.0
201000068725,0010-11-13 18:47:00,10,11,13,18,47,973,2,"740, RABAN (ROUTE DE)",,,Nuit avec éclairage allumé,En agglomération,Hors intersection,Normale,Deux véhicules - côté,,,,,,,,,,,5,2,1,1.0,3.0
201000068726,0010-11-23 17:15:00,10,11,23,17,15,973,2,"3204, MONTABO (ROUTE DE)",,,Plein jour,En agglomération,Hors intersection,Normale,Autre collision,,,,,,,,,,,1,2,1,1.0,6.0
201000068727,0010-11-25 17:30:00,10,11,25,17,30,973,2,"49, LIBERTE (AVENUE DE L",,,Plein jour,En agglomération,Hors intersection,Normale,Deux véhicules - côté,,,,,,,,,,,1,2,1,1.0,3.0
201000068728,0010-11-29 17:38:00,10,11,29,17,38,973,2,"176, MONTABO (ROUTE DE)",,,Plein jour,Hors agglomération,Hors intersection,Normale,Autre collision,,,,,,,,,,,1,1,1,1.0,6.0
201000068729,0010-11-27 16:25:00,10,11,27,16,25,973,2,"7, HAMEAU DES ENCENS (RU",,,Plein jour,Hors agglomération,Hors intersection,Normale,Autre collision,,,,,,,,,,,1,1,1,1.0,6.0
201000068730,0010-12-02 15:02:00,10,12,2,15,2,973,2,"1057, BADUEL (ROUTE DE)",,,Plein jour,En agglomération,Intersection en T,Normale,Deux véhicules - côté,,,,,,,,,,,1,2,3,1.0,3.0
201000068731,0010-12-02 14:18:00,10,12,2,14,18,973,2,KET TAI (CARREFOUR),,,Plein jour,En agglomération,Giratoire,Normale,Deux véhicules - côté,,,,,,,,,,,1,2,6,1.0,3.0
201000068732,0010-12-10 23:18:00,10,12,10,23,18,973,2,"913, SOURCE DE BADUEL (C",,,Nuit avec éclairage allumé,Hors agglomération,Hors intersection,Normale,Deux véhicules - frontale,,,,,,,,,,,5,1,1,1.0,1.0
201000068733,0010-12-03 12:14:00,10,12,3,12,14,973,2,MONTABO (ROUTE DE) 1,,,Plein jour,En agglomération,Intersection en T,Temps couvert,Deux véhicules - côté,,,,,,,,,,,1,2,3,8.0,3.0
201000068734,0010-12-09 14:35:00,10,12,9,14,35,973,2,BROWN Serge (RUE),,,Plein jour,En agglomération,Intersection en T,Normale,Deux véhicules - frontale,,,,,,,,,,,1,2,3,1.0,1.0
201000068735,0010-12-09 20:58:00,10,12,9,20,58,973,2,"54, SPATULES (RUE DES) C",,,Nuit avec éclairage allumé,En agglomération,Intersection en T,Normale,Deux véhicules - côté,,,,,,,,,,,5,2,3,1.0,3.0
201000068736,0010-12-03 22:50:00,10,12,3,22,50,973,2,MONT LUCAS 1 (CITE),,,Nuit sans éclairage public,En agglomération,Intersection en T,Pluie légère,Deux véhicules - côté,,,,,,,,,,,3,2,3,2.0,3.0
201000068737,0010-12-10 16:25:00,10,12,10,16,25,973,2,"70, JUBELIN (BOULEVARD)",,,Plein jour,En agglomération,Hors intersection,Normale,Autre collision,,,,,,,,,,,1,2,1,1.0,6.0
201000068738,0010-12-10 13:30:00,10,12,10,13,30,973,2,"4.5, BADUEL (ROUTE DE)",,,Plein jour,Hors agglomération,Hors intersection,Normale,Deux véhicules - côté,,,,,,,,,,,1,1,1,1.0,3.0
201000068739,0010-12-22 19:22:00,10,12,22,19,22,973,2,"01, ZEPHIR (CITE)",,,Crépuscule ou aube,En agglomération,Intersection en T,Normale,Deux véhicules - côté,,,,,,,,,,,2,2,3,1.0,3.0
201000068740,0010-12-17 21:20:00,10,12,17,21,20,973,2,"46 Bis, VOLTAIRE(AVENUE)",,,Nuit avec éclairage allumé,En agglomération,Hors intersection,Normale,Autre collision,,,,,,,,,,,5,2,1,1.0,6.0
201000068741,0010-12-17 22:10:00,10,12,17,22,10,973,2,LALLOUETTE,,,Nuit avec éclairage allumé,En agglomération,Hors intersection,Normale,Autre collision,,,,,,,,,,,5,2,1,1.0,6.0
201000068742,0010-12-21 12:25:00,10,12,21,12,25,973,2,"61, ROUGET DE L ' ISLE",,,Plein jour,En agglomération,Intersection en T,Pluie légère,Autre collision,,,,,,,,,,,1,2,3,2.0,6.0
201000068743,0010-12-20 14:00:00,10,12,20,14,0,973,2,"95, LIBERTE (AVENUE DE L",,,Plein jour,En agglomération,Intersection en T,Normale,Deux véhicules - côté,,,,,,,,,,,1,2,3,1.0,3.0
201000068744,0010-12-14 20:25:00,10,12,14,20,25,973,2,MADELEINE (ROUTE DE LA),,,Nuit avec éclairage allumé,Hors agglomération,Intersection en T,Normale,Deux véhicules - côté,,,,,,,,,,,5,1,3,1.0,3.0
201000068745,0010-12-24 01:37:00,10,12,24,1,37,973,2,TECLE (EUGENE) CITE THEM,,,Nuit avec éclairage allumé,En agglomération,Intersection en X,Normale,Sans collision,,,,,,,,,,,5,2,2,1.0,7.0
201000068746,0010-12-19 14:10:00,10,12,19,14,10,973,12,"12, BOUDINOT (AUGUSTE) C",,,Plein jour,En agglomération,Hors intersection,Normale,Autre collision,,,,,,,,,,,1,2,1,1.0,6.0
201000068747,0010-12-19 18:00:00,10,12,19,18,0,973,12,"2371, FELIX EBOUE(ROCADE",,,Nuit avec éclairage non allumé,Hors agglomération,Intersection en T,Normale,Deux véhicules - côté,,,,,,,,,,,4,1,3,1.0,3.0