accident_id,datetime,annee,mois,jour,heure,minute,departement,commune_insee,adresse,latitude,longitude,luminosite,agglomeration,intersection,meteo,collision,nb_vehicules,nb_usagers,nb_indemnes,nb_tues,nb_blesses_hosp,nb_blesses_legers,age_cond_1,age_cond_2,veh_type_cond_1,veh_type_cond_2,lum_code,agg_code,int_code,atm_code,col_code
201000069259,0010-06-05 09:15:00,10,6,5,9,15,974,16,"1, LEBLOND(RUE M. ET A.)",,,Plein jour,En agglomération,Hors intersection,Normale,Deux véhicules - côté,,,,,,,,,,,1,2,1,1.0,3.0
201000069260,0010-06-07 09:00:00,10,6,7,9,0,974,16,"47, HUBERT DE LISLE(BOUL",,,Plein jour,En agglomération,Hors intersection,Normale,Sans collision,,,,,,,,,,,1,2,1,1.0,7.0
201000069261,0010-06-08 15:35:00,10,6,8,15,35,974,16,AHON ANTONIN (CHEMIN),,,Plein jour,En agglomération,Hors intersection,Normale,Sans collision,,,,,,,,,,,1,2,1,1.0,7.0
201000069262,0010-06-11 16:05:00,10,6,11,16,5,974,16,"SANS, THEODORE THOMAS(RU",,,Plein jour,En agglomération,Hors intersection,Normale,Sans collision,,,,,,,,,,,1,2,1,1.0,7.0
201000069263,0010-06-12 17:30:00,10,6,12,17,30,974,16,"SANS, BANK(BOULEVARD)",,,Crépuscule ou aube,En agglomération,Hors intersection,Normale,Sans collision,,,,,,,,,,,2,2,1,1.0,7.0
201000069264,0010-06-14 00:30:00,10,6,14,0,30,974,16,"92, STEPHANE(CHEMIN)",,,Nuit sans éclairage public,Hors agglomération,Hors intersection,Normale,Sans collision,,,,,,,,,,,3,1,1,1.0,7.0
201000069265,0010-06-15 08:10:00,10,6,15,8,10,974,16,CONDE CONCESSION,,,Plein jour,Hors agglomération,Hors intersection,Normale,Deux véhicules - côté,,,,,,,,,,,1,1,1,1.0,3.0
201000069266,0010-06-17 07:45:00,10,6,17,7,45,974,16,"153, TOBY LES HAUTS(CHEM",,,Plein jour,En agglomération,Hors intersection,Normale,Sans collision,,,,,,,,,,,1,2,1,1.0,7.0
201000069267,0010-06-17 10:30:00,10,6,17,10,30,974,16,"8, LORION(RUE LUC)",,,Plein jour,En agglomération,Autre intersection,Normale,Deux véhicules - côté,,,,,,,,,,,1,2,9,1.0,3.0
201000069268,0010-06-20 04:10:00,10,6,20,4,10,974,16,"SANS, GENERAL DE GAULLE(",,,Nuit sans éclairage public,En agglomération,Hors intersection,Normale,Sans collision,,,,,,,,,,,3,2,1,1.0,7.0
201000069269,0010-06-22 14:30:00,10,6,22,14,30,974,16,RN 01,,,Plein jour,Hors agglomération,Hors intersection,Normale,Sans collision,,,,,,,,,,,1,1,1,1.0,7.0
201000069270,0010-06-24 07:45:00,10,6,24,7,45,974,16,"SANS, ISAUTIER (RUE FRAN",,,Plein jour,En agglomération,Hors intersection,Normale,Sans collision,,,,,,,,,,,1,2,1,1.0,7.0
201000069271,0010-06-27 03:10:00,10,6,27,3,10,974,16,"SANS, D28 LIGNE DES BAMB",,,Nuit avec éclairage allumé,En agglomération,Hors intersection,Normale,Deux véhicules - frontale,,,,,,,,,,,5,2,1,1.0,1.0
201000069272,0010-06-27 22:30:00,10,6,27,22,30,974,16,RN 01,,,Nuit sans éclairage public,Hors agglomération,Hors intersection,Normale,Deux véhicules - arrière,,,,,,,,,,,3,1,1,1.0,2.0
201000069273,0010-06-29 05:55:00,10,6,29,5,55,974,16,"SANS, BRETELLE SORTIE LI",,,Nuit sans éclairage public,Hors agglomération,Autre intersection,Normale,Sans collision,,,,,,,,,,,3,1,9,1.0,7.0
201000069274,0010-06-30 01:00:00,10,6,30,1,0,974,16,"SANS, BADAMIER(CHEMIN)",,,Nuit sans éclairage public,Hors agglomération,Hors intersection,Pluie forte,Sans collision,,,,,,,,,,,3,1,1,3.0,7.0
201000069275,0010-07-02 23:05:00,10,7,2,23,5,974,16,RN 01,,,Nuit sans éclairage public,Hors agglomération,Autre intersection,Normale,Sans collision,,,,,,,,,,,3,1,9,1.0,7.0
201000069276,0010-07-06 18:05:00,10,7,6,18,5,974,16,RN 01,,,Nuit sans éclairage public,Hors agglomération,Hors intersection,Normale,Deux véhicules - arrière,,,,,,,,,,,3,1,1,1.0,2.0
201000069277,0010-07-07 08:45:00,10,7,7,8,45,974,16,"SANS, LEBLOND(RUE M. ET",,,Plein jour,En agglomération,Intersection en X,Normale,Deux véhicules - côté,,,,,,,,,,,1,2,2,1.0,3.0
201000069278,0010-07-11 18:24:00,10,7,11,18,24,974,16,"352, STEPHANE(CHEMIN)",,,Nuit sans éclairage public,Hors agglomération,Hors intersection,Normale,Sans collision,,,,,,,,,,,3,1,1,1.0,7.0
201000069279,0010-07-12 19:20:00,10,7,12,19,20,974,16,"SANS, LEBLOND(RUE M. ET",,,Nuit avec éclairage allumé,En agglomération,Intersection en X,Normale,Deux véhicules - côté,,,,,,,,,,,5,2,2,1.0,3.0
201000069280,0010-07-13 01:35:00,10,7,13,1,35,974,16,"SANS, MAURICE THOREZ(CHE",,,Nuit sans éclairage public,En agglomération,Hors intersection,Normale,Sans collision,,,,,,,,,,,3,2,1,1.0,7.0
201000069281,0010-07-14 13:25:00,10,7,14,13,25,974,16,"1, LEBLOND(RUE M. ET A.)",,,Plein jour,En agglomération,Hors intersection,Normale,Deux véhicules - côté,,,,,,,,,,,1,2,1,1.0,3.0
201000069282,0010-07-15 19:10:00,10,7,15,19,10,974,16,"187, STEPHANE(CHEMIN)",,,Nuit avec éclairage allumé,Hors agglomération,Hors intersection,Normale,Sans collision,,,,,,,,,,,5,1,1,1.0,7.0
201000069283,0010-07-19 08:40:00,10,7,19,8,40,974,16,"SANS, ISAUTIER (RUE FRAN",,,Plein jour,En agglomération,Intersection en X,Normale,Sans collision,,,,,,,,,,,1,2,2,1.0,7.0
201000069284,0010-07-23 23:55:00,10,7,23,23,55,974,16,"SANS, PERE MAITRE(RUE DU",,,Nuit sans éclairage public,En agglomération,Intersection en X,Normale,Deux véhicules - côté,,,,,,,,,,,3,2,2,1.0,3.0
201000069285,0010-07-28 17:45:00,10,7,28,17,45,974,16,"SANS, BANK(BOULEVARD)",,,Crépuscule ou aube,En agglomération,Hors intersection,Normale,Autre collision,,,,,,,,,,,2,2,1,1.0,6.0
201000069286,0010-07-31 20:40:00,10,7,31,20,40,974,16,"61, LIGNE PARADIS(ROUTE",,,Nuit sans éclairage public,En agglomération,Hors intersection,Pluie légère,Sans collision,,,,,,,,,,,3,2,1,2.0,7.0
201000069287,0010-08-03 13:50:00,10,8,3,13,50,974,16,"sans, HIPPOLYTE  PIOT (R",,,Plein jour,En agglomération,Intersection en T,Normale,Autre collision,,,,,,,,,,,1,2,3,1.0,6.0
201000069288,0010-08-04 08:45:00,10,8,4,8,45,974,16,"SANS, D 400",,,Plein jour,En agglomération,Intersection en T,Normale,Deux véhicules - côté,,,,,,,,,,,1,2,3,1.0,3.0
201000069289,0010-08-09 16:05:00,10,8,9,16,5,974,16,RN 01,,,Plein jour,Hors agglomération,Hors intersection,Normale,Trois véhicules et plus - en chaîne,,,,,,,,,,,1,1,1,1.0,4.0
201000069290,0010-08-11 08:10:00,10,8,11,8,10,974,16,RN 01,,,Plein jour,En agglomération,Autre intersection,Normale,Deux véhicules - côté,,,,,,,,,,,1,2,9,1.0,3.0
201000069291,0010-08-14 14:15:00,10,8,14,14,15,974,16,BANK (BOULEVARD),,,Plein jour,En agglomération,Giratoire,Normale,Deux véhicules - côté,,,,,,,,,,,1,2,6,1.0,3.0
201000069292,0010-08-15 22:55:00,10,8,15,22,55,974,16,RN 01,,,Nuit sans éclairage public,Hors agglomération,Hors intersection,Normale,Trois véhicules et plus - collisions multiples,,,,,,,,,,,3,1,1,1.0,5.0
201000069293,0010-08-17 16:40:00,10,8,17,16,40,974,16,RN02,,,Plein jour,Hors agglomération,Hors intersection,Normale,Trois véhicules et plus - en chaîne,,,,,,,,,,,1,1,1,1.0,4.0
201000069294,0010-08-19 16:00:00,10,8,19,16,0,974,16,PRESIDENT MITTERAND,,,Plein jour,En agglomération,Hors intersection,Normale,Deux véhicules - côté,,,,,,,,,,,1,2,1,1.0,3.0
201000069295,0010-08-21 00:40:00,10,8,21,0,40,974,16,RN 01,,,Nuit sans éclairage public,Hors agglomération,Hors intersection,Normale,Autre collision,,,,,,,,,,,3,1,1,1.0,6.0
201000069296,0010-08-21 12:20:00,10,8,21,12,20,974,16,HUBERT DE LISLE (BD),,,Plein jour,En agglomération,Hors intersection,Normale,Autre collision,,,,,,,,,,,1,2,1,1.0,6.0
201000069297,0010-08-23 07:30:00,10,8,23,7,30,974,16,LORION (RUE LUC),,,Plein jour,En agglomération,Intersection en X,Normale,Sans collision,,,,,,,,,,,1,2,2,1.0,7.0
201000069298,0010-08-23 18:05:00,10,8,23,18,5,974,16,RN03,,,Crépuscule ou aube,Hors agglomération,Hors intersection,Normale,Trois véhicules et plus - en chaîne,,,,,,,,,,,2,1,1,1.0,4.0
201000069299,0010-08-25 14:06:00,10,8,25,14,6,974,16,LIGNE DES BAMBOUS,,,Plein jour,En agglomération,Hors intersection,Normale,Sans collision,,,,,,,,,,,1,2,1,1.0,7.0
201000069300,0010-08-27 21:30:00,10,8,27,21,30,974,16,"SANS, THEODORE THOMAS(RU",,,Nuit sans éclairage public,En agglomération,Hors intersection,Normale,Sans collision,,,,,,,,,,,3,2,1,1.0,7.0
201000069301,0010-08-31 08:00:00,10,8,31,8,0,974,16,RN03,,,Plein jour,Hors agglomération,Hors intersection,Normale,Trois véhicules et plus - collisions multiples,,,,,,,,,,,1,1,1,1.0,5.0
201000069302,0010-09-01 10:10:00,10,9,1,10,10,974,16,"sans, LIGNE PARADIS(ROUT",,,Plein jour,En agglomération,Hors intersection,Normale,Sans collision,,,,,,,,,,,1,2,1,1.0,7.0
201000069303,0010-09-02 08:05:00,10,9,2,8,5,974,16,RN03,,,Plein jour,Hors agglomération,Hors intersection,Normale,Deux véhicules - arrière,,,,,,,,,,,1,1,1,1.0,2.0
201000069304,0010-09-02 15:00:00,10,9,2,15,0,974,16,"109, BUREL(chemin)",,,Plein jour,En agglomération,Hors intersection,Normale,Sans collision,,,,,,,,,,,1,2,1,1.0,7.0
201000069305,0010-09-02 17:30:00,10,9,2,17,30,974,16,"53, PRESBYTERE(RUE)",,,Crépuscule ou aube,En agglomération,Hors intersection,Normale,Sans collision,,,,,,,,,,,2,2,1,1.0,7.0
201000069306,0010-09-03 13:30:00,10,9,3,13,30,974,16,"SANS, PASTEUR(RUE)",,,Plein jour,En agglomération,Hors intersection,Normale,Sans collision,,,,,,,,,,,1,2,1,1.0,7.0
201000069307,0010-09-03 23:30:00,10,9,3,23,30,974,16,RN 01,,,Nuit sans éclairage public,En agglomération,Hors intersection,Normale,Sans collision,,,,,,,,,,,3,2,1,1.0,7.0
201000069308,0010-09-05 14:00:00,10,9,5,14,0,974,16,"113, LIGNE PARADIS(ROUTE",,,Plein jour,En agglomération,Hors intersection,Normale,Deux véhicules - frontale,,,,,,,,,,,1,2,1,1.0,1.0
201000069309,0010-09-06 19:40:00,10,9,6,19,40,974,16,ISAUTIER (RUE FRANCOIS),,,Nuit avec éclairage allumé,En agglomération,Intersection en X,Normale,Deux véhicules - côté,,,,,,,,,,,5,2,2,1.0,3.0
201000069310,0010-09-09 19:25:00,10,9,9,19,25,974,16,"171, GENERAL DE GAULLE(A",,,Nuit avec éclairage allumé,En agglomération,Hors intersection,Normale,Deux véhicules - côté,,,,,,,,,,,5,2,1,1.0,3.0
201000069311,0010-09-10 07:30:00,10,9,10,7,30,974,16,RN03,,,Plein jour,Hors agglomération,Hors intersection,Normale,Deux véhicules - arrière,,,,,,,,,,,1,1,1,1.0,2.0
201000069312,0010-09-10 19:20:00,10,9,10,19,20,974,16,"SANS, MATHAMA GANDHI(RUE",,,Nuit avec éclairage allumé,En agglomération,Hors intersection,Normale,Deux véhicules - côté,,,,,,,,,,,5,2,1,1.0,3.0
201000069313,0010-09-11 09:00:00,10,9,11,9,0,974,16,"SANS, DE LA SALETTE(CHEM",,,Plein jour,Hors agglomération,Hors intersection,Normale,Sans collision,,,,,,,,,,,1,1,1,1.0,7.0
201000069314,0010-09-11 14:00:00,10,9,11,14,0,974,16,"SANS, LIGNE PARADIS(ROUT",,,Plein jour,En agglomération,Hors intersection,Normale,Deux véhicules - frontale,,,,,,,,,,,1,2,1,1.0,1.0
201000069315,0010-09-15 16:25:00,10,9,15,16,25,974,16,"SANS, BASSIN PLAT(CHEMIN",,,Plein jour,Hors agglomération,Hors intersection,Normale,Deux véhicules - arrière,,,,,,,,,,,1,1,1,1.0,2.0
201000069316,0010-09-17 18:05:00,10,9,17,18,5,974,16,"ANGLE, PRESBYTERE(RUE)",,,Crépuscule ou aube,En agglomération,Intersection en X,Normale,Deux véhicules - côté,,,,,,,,,,,2,2,2,1.0,3.0
201000069317,0010-09-19 19:30:00,10,9,19,19,30,974,16,"22, AHO-NIENNE(CHEMIN)",,,Nuit sans éclairage public,Hors agglomération,Hors intersection,Normale,Sans collision,,,,,,,,,,,3,1,1,1.0,7.0
201000069318,0010-09-21 04:20:00,10,9,21,4,20,974,16,RN 01,,,Nuit sans éclairage public,Hors agglomération,Hors intersection,Normale,Deux véhicules - arrière,,,,,,,,,,,3,1,1,1.0,2.0
201000069319,0010-09-21 17:00:00,10,9,21,17,0,974,16,RN 01,,,Plein jour,Hors agglomération,Hors intersection,Normale,Sans collision,,,,,,,,,,,1,1,1,1.0,7.0
201000069320,0010-09-21 17:10:00,10,9,21,17,10,974,16,RN 01,,,Crépuscule ou aube,Hors agglomération,Hors intersection,Normale,Autre collision,,,,,,,,,,,2,1,1,1.0,6.0
201000069321,0010-09-22 19:00:00,10,9,22,19,0,974,16,"38, BASSIN PLAT(CHEMIN)",,,Nuit sans éclairage public,Hors agglomération,Hors intersection,Normale,Deux véhicules - côté,,,,,,,,,,,3,1,1,1.0,3.0
201000069322,0010-09-26 16:20:00,10,9,26,16,20,974,16,"SANS, SAVANNE(CHEMIN DE",,,Plein jour,Hors agglomération,Autre intersection,Normale,Deux véhicules - côté,,,,,,,,,,,1,1,9,1.0,3.0
201000069323,0010-09-28 21:50:00,10,9,28,21,50,974,16,"SANS, PRESIDENT MITTERAN",,,Nuit avec éclairage allumé,Hors agglomération,Hors intersection,Normale,Sans collision,,,,,,,,,,,5,1,1,1.0,7.0
201000069324,0010-09-30 14:00:00,10,9,30,14,0,974,16,RN02,,,Plein jour,Hors agglomération,Hors intersection,Normale,Trois véhicules et plus - collisions multiples,,,,,,,,,,,1,1,1,1.0,5.0
201000069325,0010-10-01 14:25:00,10,10,1,14,25,974,16,"sans, PASTEUR(RUE)",,,Plein jour,Hors agglomération,Hors intersection,Normale,Deux véhicules - côté,,,,,,,,,,,1,1,1,1.0,3.0
201000069326,0010-10-01 23:30:00,10,10,1,23,30,974,16,"171, BOEUF(CHEMIN)",,,Nuit sans éclairage public,Hors agglomération,Hors intersection,Normale,Sans collision,,,,,,,,,,,3,1,1,1.0,7.0
201000069327,0010-10-03 00:10:00,10,10,3,0,10,974,16,"SANS, ROND POINT DE LA B",,,Nuit sans éclairage public,Hors agglomération,Autre intersection,Normale,Sans collision,,,,,,,,,,,3,1,9,1.0,7.0
201000069328,0010-10-03 07:20:00,10,10,3,7,20,974,16,"4 BIS, ENTRE DEUX(route",,,Plein jour,Hors agglomération,Hors intersection,Normale,Sans collision,,,,,,,,,,,1,1,1,1.0,7.0
201000069329,0010-10-03 10:10:00,10,10,3,10,10,974,16,RN02,,,Plein jour,Hors agglomération,Hors intersection,Normale,Deux véhicules - frontale,,,,,,,,,,,1,1,1,1.0,1.0
201000069330,0010-10-06 12:11:00,10,10,6,12,11,974,16,"ANGLE, ISAUTIER (RUE FRA",,,Plein jour,En agglomération,Intersection en T,Normale,Sans collision,,,,,,,,,,,1,2,3,1.0,7.0
201000069331,0010-10-07 17:10:00,10,10,7,17,10,974,16,RN02,,,Plein jour,En agglomération,Intersection en T,Normale,Deux véhicules - côté,,,,,,,,,,,1,2,3,1.0,3.0
201000069332,0010-10-09 04:10:00,10,10,9,4,10,974,16,RN 01,,,Nuit sans éclairage public,Hors agglomération,Hors intersection,Normale,Sans collision,,,,,,,,,,,3,1,1,1.0,7.0
201000069333,0010-10-09 06:05:00,10,10,9,6,5,974,16,"66, CD 26",,,Plein jour,Hors agglomération,Hors intersection,Normale,Sans collision,,,,,,,,,,,1,1,1,1.0,7.0
201000069334,0010-10-10 12:45:00,10,10,10,12,45,974,16,"39, RECHERCHANT(RUE ADRI",,,Plein jour,Hors agglomération,Hors intersection,Normale,Autre collision,,,,,,,,,,,1,1,1,1.0,6.0
201000069335,0010-10-11 10:05:00,10,10,11,10,5,974,16,"SANS, GRAND PERE (CHEMIN",,,Plein jour,Hors agglomération,Hors intersection,Normale,Sans collision,,,,,,,,,,,1,1,1,1.0,7.0
201000069336,0010-10-12 17:00:00,10,10,12,17,0,974,16,"25, YOURI GAGARINE(RUE)",,,Plein jour,En agglomération,Hors intersection,Normale,Deux véhicules - côté,,,,,,,,,,,1,2,1,1.0,3.0
201000069337,0010-10-13 07:45:00,10,10,13,7,45,974,16,"SANS, MAURICE THOREZ(CHE",,,Plein jour,Hors agglomération,Intersection en X,Normale,Deux véhicules - côté,,,,,,,,,,,1,1,2,1.0,3.0
201000069338,0010-10-13 19:45:00,10,10,13,19,45,974,16,"SANS, ANTOINE PICARD(CHE",,,Nuit sans éclairage public,Hors agglomération,Hors intersection,Normale,Sans collision,,,,,,,,,,,3,1,1,1.0,7.0
201000069339,0010-10-15 00:15:00,10,10,15,0,15,974,16,"147, CONCESSION CONDE(CH",,,Nuit sans éclairage public,En agglomération,Hors intersection,Normale,Sans collision,,,,,,,,,,,3,2,1,1.0,7.0
201000069340,0010-10-20 07:45:00,10,10,20,7,45,974,16,"SANS, LORION(RUE LUC)",,,Plein jour,En agglomération,Intersection en X,Normale,Deux véhicules - côté,,,,,,,,,,,1,2,2,1.0,3.0
201000069341,0010-10-21 19:05:00,10,10,21,19,5,974,16,"SANS, BASSIN PLAT(CHEMIN",,,Nuit sans éclairage public,Hors agglomération,Hors intersection,Normale,Sans collision,,,,,,,,,,,3,1,1,1.0,7.0
201000069342,0010-10-22 09:45:00,10,10,22,9,45,974,16,RN03,,,Plein jour,Hors agglomération,Hors intersection,Normale,Deux véhicules - côté,,,,,,,,,,,1,1,1,1.0,3.0
201000069343,0010-10-24 07:20:00,10,10,24,7,20,974,16,RN 01,,,Plein jour,Hors agglomération,Hors intersection,Normale,Sans collision,,,,,,,,,,,1,1,1,1.0,7.0
201000069344,0010-10-25 16:05:00,10,10,25,16,5,974,16,RN 01,,,Plein jour,Hors agglomération,Hors intersection,Normale,Deux véhicules - arrière,,,,,,,,,,,1,1,1,1.0,2.0
201000069345,0010-10-27 00:30:00,10,10,27,0,30,974,16,"30, LAURENT VERGES(AVENU",,,Nuit sans éclairage public,En agglomération,Hors intersection,Normale,Sans collision,,,,,,,,,,,3,2,1,1.0,7.0
201000069346,0010-10-30 21:00:00,10,10,30,21,0,974,16,RN03,,,Nuit sans éclairage public,Hors agglomération,Hors intersection,Normale,Trois véhicules et plus - en chaîne,,,,,,,,,,,3,1,1,1.0,4.0
201000069347,0010-11-01 18:35:00,10,11,1,18,35,974,16,HUBERT DE LISLE(BD),,,Nuit avec éclairage allumé,En agglomération,Hors intersection,Normale,Sans collision,,,,,,,,,,,5,2,1,1.0,7.0
201000069348,0010-11-03 16:35:00,10,11,3,16,35,974,16,RN02,,,Plein jour,Hors agglomération,Hors intersection,Normale,Trois véhicules et plus - en chaîne,,,,,,,,,,,1,1,1,1.0,4.0
201000069349,0010-11-04 17:25:00,10,11,4,17,25,974,16,RN03,,,Crépuscule ou aube,En agglomération,Hors intersection,Normale,Deux véhicules - arrière,,,,,,,,,,,2,2,1,1.0,2.0
201000069350,0010-11-04 21:35:00,10,11,4,21,35,974,16,"SANS, BADAMIER(CHEMIN)",,,Nuit sans éclairage public,Hors agglomération,Hors intersection,Normale,Sans collision,,,,,,,,,,,3,1,1,1.0,7.0
201000069351,0010-11-06 05:00:00,10,11,6,5,0,974,16,MAHATMA GANDHI (RDP),,,Nuit sans éclairage public,En agglomération,Giratoire,Normale,Sans collision,,,,,,,,,,,3,2,6,1.0,7.0
201000069352,0010-11-06 05:15:00,10,11,6,5,15,974,16,"SANS, ANCIENNE RN 1",,,Nuit sans éclairage public,Hors agglomération,Hors intersection,Normale,Sans collision,,,,,,,,,,,3,1,1,1.0,7.0
201000069353,0010-11-07 10:20:00,10,11,7,10,20,974,16,"SANS, BARQUISSEAU(RUE DE",,,Plein jour,En agglomération,Hors intersection,Normale,Sans collision,,,,,,,,,,,1,2,1,1.0,7.0
201000069354,0010-11-08 19:00:00,10,11,8,19,0,974,16,"SANS, HUBERT DE LISLE(BO",,,Nuit avec éclairage allumé,En agglomération,Hors intersection,Normale,Deux véhicules - arrière,,,,,,,,,,,5,2,1,1.0,2.0
201000069355,0010-11-10 05:45:00,10,11,10,5,45,974,16,"SANS, HUBERT DE LISLE(BO",,,Crépuscule ou aube,En agglomération,Hors intersection,Normale,Sans collision,,,,,,,,,,,2,2,1,1.0,7.0
201000069356,0010-11-10 17:00:00,10,11,10,17,0,974,16,"SANS, CHARLES ISAUTIER(R",,,Plein jour,Hors agglomération,Hors intersection,Normale,Deux véhicules - côté,,,,,,,,,,,1,1,1,1.0,3.0
201000069357,0010-11-10 20:10:00,10,11,10,20,10,974,16,"SANS, BENOITE BOULARD (R",,,Nuit sans éclairage public,Hors agglomération,Hors intersection,Normale,Deux véhicules - arrière,,,,,,,,,,,3,1,1,1.0,2.0
201000069358,0010-11-12 17:45:00,10,11,12,17,45,974,16,"SANS, MAHATMA GANDHI(RUE",,,Crépuscule ou aube,En agglomération,Intersection en X,Normale,Deux véhicules - côté,,,,,,,,,,,2,2,2,1.0,3.0
201000069359,0010-11-14 23:00:00,10,11,14,23,0,974,16,"SANS, BANK(BOULEVARD)",,,Nuit sans éclairage public,En agglomération,Hors intersection,Normale,Sans collision,,,,,,,,,,,3,2,1,1.0,7.0
201000069360,0010-11-15 08:45:00,10,11,15,8,45,974,16,"51, LIGNE DES BAMBOUS(RO",,,Plein jour,En agglomération,Hors intersection,Normale,Deux véhicules - côté,,,,,,,,,,,1,2,1,1.0,3.0
201000069361,0010-11-15 17:40:00,10,11,15,17,40,974,16,RN03,,,Crépuscule ou aube,Hors agglomération,Hors intersection,Normale,Trois véhicules et plus - en chaîne,,,,,,,,,,,2,1,1,1.0,4.0
201000069362,0010-11-18 16:50:00,10,11,18,16,50,974,16,"sans, GENERAL DE GAULLE(",,,Plein jour,En agglomération,Hors intersection,Normale,Sans collision,,,,,,,,,,,1,2,1,1.0,7.0
201000069363,0010-11-19 16:00:00,10,11,19,16,0,974,16,"SANS, RAYMOND VERGES(RUE",,,Plein jour,En agglomération,Hors intersection,Normale,Deux véhicules - arrière,,,,,,,,,,,1,2,1,1.0,2.0
201000069364,0010-11-22 18:20:00,10,11,22,18,20,974,16,"SANS, BONS ENFANTS(RUE)",,,Nuit sans éclairage public,En agglomération,Intersection en X,Normale,Deux véhicules - côté,,,,,,,,,,,3,2,2,1.0,3.0
201000069365,0010-12-01 06:45:00,10,12,1,6,45,974,16,"SANS, LIGNE PARADIS(ROUT",,,Plein jour,En agglomération,Intersection en X,Temps éblouissant,Trois véhicules et plus - en chaîne,,,,,,,,,,,1,2,2,7.0,4.0
201000069366,0010-12-01 07:10:00,10,12,1,7,10,974,16,"SANS, LEBLOND(RUE M. ET",,,Plein jour,En agglomération,Intersection en X,Normale,Deux véhicules - côté,,,,,,,,,,,1,2,2,1.0,3.0
201000069367,0010-12-03 09:35:00,10,12,3,9,35,974,16,RN03,,,Plein jour,En agglomération,Hors intersection,Normale,Sans collision,,,,,,,,,,,1,2,1,1.0,7.0
201000069368,0010-12-03 10:50:00,10,12,3,10,50,974,16,"SANS, CONCESSION CONDE(C",,,Plein jour,En agglomération,Intersection en T,Normale,Sans collision,,,,,,,,,,,1,2,3,1.0,7.0
201000069369,0010-12-03 15:00:00,10,12,3,15,0,974,16,"SANS, DES ASSISES(CHEMIN",,,Plein jour,Hors agglomération,Intersection en X,Normale,Sans collision,,,,,,,,,,,1,1,2,1.0,7.0
201000069370,0010-12-04 20:05:00,10,12,4,20,5,974,16,RN 01,,,Nuit sans éclairage public,En agglomération,Hors intersection,Normale,Deux véhicules - arrière,,,,,,,,,,,3,2,1,1.0,2.0
201000069371,0010-12-05 20:05:00,10,12,5,20,5,974,16,"sans, HUBERT DE LISLE(BO",,,Nuit avec éclairage allumé,En agglomération,Hors intersection,Normale,Deux véhicules - côté,,,,,,,,,,,5,2,1,1.0,3.0
201000069372,0010-12-05 23:15:00,10,12,5,23,15,974,16,"594, BOEUF(CHEMIN)",,,Nuit sans éclairage public,Hors agglomération,Hors intersection,Normale,Sans collision,,,,,,,,,,,3,1,1,1.0,7.0
201000069373,0010-12-08 18:00:00,10,12,8,18,0,974,16,"SANS, ENTRE DEUX(route d",,,Crépuscule ou aube,Hors agglomération,Hors intersection,Normale,Deux véhicules - côté,,,,,,,,,,,2,1,1,1.0,3.0
201000069374,0010-12-08 19:20:00,10,12,8,19,20,974,16,"SANS, CHARETTE(CHEMIN)",,,Nuit sans éclairage public,Hors agglomération,Hors intersection,Normale,Deux véhicules - côté,,,,,,,,,,,3,1,1,1.0,3.0
201000069375,0010-12-11 05:30:00,10,12,11,5,30,974,16,RN02,,,Plein jour,En agglomération,Giratoire,Normale,Deux véhicules - côté,,,,,,,,,,,1,2,6,1.0,3.0
201000069376,0010-12-11 13:30:00,10,12,11,13,30,974,16,"SANS, PRESIDENT MITTERAN",,,Plein jour,En agglomération,Hors intersection,Normale,Sans collision,,,,,,,,,,,1,2,1,1.0,7.0
201000069377,0010-12-15 18:00:00,10,12,15,18,0,974,16,RN03,,,Crépuscule ou aube,Hors agglomération,Hors intersection,Normale,Deux véhicules - arrière,,,,,,,,,,,2,1,1,1.0,2.0
201000069378,0010-12-24 13:40:00,10,12,24,13,40,974,16,"SANS, MAURICE THOREZ(CHE",,,Plein jour,Hors agglomération,Hors intersection,Normale,Sans collision,,,,,,,,,,,1,1,1,1.0,7.0
201000069379,0010-12-25 04:02:00,10,12,25,4,2,974,16,RN02,,,Nuit sans éclairage public,Hors agglomération,Hors intersection,Normale,Autre collision,,,,,,,,,,,3,1,1,1.0,6.0
201000069380,0010-12-25 02:25:00,10,12,25,2,25,974,16,"SANS, ENTRE DEUX(route d",,,Nuit sans éclairage public,Hors agglomération,Hors intersection,Normale,Deux véhicules - côté,,,,,,,,,,,3,1,1,1.0,3.0
201000069381,0010-12-26 08:55:00,10,12,26,8,55,974,16,"SANS, LORION(RUE LUC)",,,Plein jour,En agglomération,Hors intersection,Normale,Sans collision,,,,,,,,,,,1,2,1,1.0,7.0
201000069382,0010-12-26 16:25:00,10,12,26,16,25,974,16,"SANS, BELHOMME (CHEMIN)",,,Plein jour,En agglomération,Hors intersection,Normale,Sans collision,,,,,,,,,,,1,2,1,1.0,7.0
201000069383,0010-12-27 12:20:00,10,12,27,12,20,974,16,"21, BASSIN MARTIN (CHEMI",,,Plein jour,Hors agglomération,Hors intersection,Normale,Sans collision,,,,,,,,,,,1,1,1,1.0,7.0
201000069384,0010-12-29 05:00:00,10,12,29,5,0,974,16,RN03,,,Nuit sans éclairage public,Hors agglomération,Hors intersection,Normale,Sans collision,,,,,,,,,,,3,1,1,1.0,7.0
201000069385,0010-12-30 18:05:00,10,12,30,18,5,974,16,"450, BOEUF(CHEMIN)",,,Crépuscule ou aube,En agglomération,Hors intersection,Normale,Deux véhicules - côté,,,,,,,,,,,2,2,1,1.0,3.0
201000069386,0010-12-31 20:25:00,10,12,31,20,25,974,16,"120, HIPPOLYTE  PIOT (RU",,,Nuit sans éclairage public,En agglomération,Hors intersection,Normale,Deux véhicules - côté,,,,,,,,,,,3,2,1,1.0,3.0